glottal gap,time
0.06000000000000005,0.0
0.06000000000000005,0.0001
0.059537512733007336,0.0002
0.05841770972532667,0.00030000000000000003
0.057244500240853924,0.0004
0.05620517583152851,0.0005
0.055234893364745075,0.0006000000000000001
0.05433408165945797,0.0007
0.05339163588719131,0.0008
0.052348762273462635,0.0009000000000000001
0.05118783276626249,0.001
0.04992312545233646,0.0011
0.04858763053595916,0.0012000000000000001
0.047232688852153926,0.0013000000000000002
0.04590751981796326,0.0014
0.04465563748852586,0.0015
0.04350433744018378,0.0016
0.042467633322621046,0.0017000000000000001
0.04154410081764448,0.0018000000000000002
0.04072090459582878,0.0019
0.03997606065754766,0.002
0.03928851491337215,0.0021000000000000003
0.038650191836881564,0.0022
0.038080829908055724,0.0023
0.03763455543814476,0.0024000000000000002
0.03739457338051655,0.0025
0.03745178414221173,0.0026000000000000003
0.037876000536310794,0.0027
0.0386908545905722,0.0028
0.03986641290034254,0.0029000000000000002
0.04133269844851828,0.003
0.043008147171279765,0.0031000000000000003
0.04482812346914167,0.0032
0.04676178538604914,0.0033
0.04881225690815061,0.0034000000000000002
0.051004561298741535,0.0035
0.0533691630911135,0.0036000000000000003
0.05589967146267805,0.0037
0.05857992195524275,0.0038
0.061436375558239664,0.0039000000000000003
0.06447900087395309,0.004
0.06768895493323146,0.0041
0.0710474466736376,0.004200000000000001
0.07452994455092721,0.0043
0.07811060907561496,0.0044
0.08176365675008501,0.0045000000000000005
0.08546355287560858,0.0046
0.08918625353458198,0.0047
0.09290992976305046,0.0048000000000000004
0.09619992276315759,0.0049
0.09931924656464508,0.005
0.10245969952155065,0.0051
0.10519704069898572,0.005200000000000001
0.10775566823691363,0.0053
0.10972967536876344,0.0054
0.1113983420484217,0.0055000000000000005
0.11276824711231692,0.0056
0.113793356775991,0.0057
0.11444933361128107,0.0058000000000000005
0.11498616595136668,0.0059
0.11510697518152535,0.006
0.11521684788186592,0.0061
0.11501491837623246,0.006200000000000001
0.11471341085305242,0.0063
0.11442071784196217,0.0064
0.11415406063222022,0.006500000000000001
0.11392663736894026,0.0066
0.1135135223695184,0.0067
0.11316413821240534,0.0068000000000000005
0.11291024796818494,0.006900000000000001
0.11275074359580428,0.007
0.11267239609718183,0.0071
0.11265637299055586,0.007200000000000001
0.11268074979596843,0.0073
0.11272339789960728,0.0074
0.11276316323714608,0.007500000000000001
0.11278155418363811,0.0076
0.112765151661262,0.0077
0.11270688968624765,0.0078000000000000005
0.11260441203609639,0.0079
0.11245671734538054,0.008
0.11226161416716895,0.0081
0.11201499007423932,0.0082
0.11171086813880438,0.0083
0.1113414291911562,0.008400000000000001
0.11089703265580952,0.0085
0.1102067954191458,0.0086
0.10928450847063254,0.008700000000000001
0.10825714984864687,0.0088
0.10712695150945306,0.0089
0.10579236800686254,0.009000000000000001
0.10410686104140698,0.0091
0.1023284053559228,0.0092
0.1003334307940763,0.009300000000000001
0.09807759688926398,0.0094
0.09578601600885184,0.0095
0.09322078253408239,0.009600000000000001
0.0905667332936968,0.0097
0.08790576870363664,0.0098
0.08497173227091348,0.0099
0.08207080747422058,0.01
0.07922469409403077,0.010100000000000001
0.07617200747717523,0.0102
0.07319227378929438,0.0103
0.07031137082474459,0.010400000000000001
0.06751958597101437,0.0105
0.06461043182554949,0.0106
0.061823151526540276,0.010700000000000001
0.05918338337476037,0.0108
0.056702426817109464,0.0109
0.05428201637985075,0.011000000000000001
0.05183129701394251,0.0111
0.04954404434008364,0.0112
0.04744374632923587,0.011300000000000001
0.045538080132027314,0.0114
0.04382977019516465,0.0115
0.042322477579811,0.011600000000000001
0.04099849449704451,0.0117
0.0395684579048694,0.0118
0.03836053406850626,0.0119
0.03741621988374666,0.012
0.036748278869662476,0.012100000000000001
0.03635813440896607,0.0122
0.036246589414637764,0.0123
0.03640942971612038,0.012400000000000001
0.03683921028818293,0.0125
0.037523439564512984,0.0126
0.038444660300097855,0.012700000000000001
0.03958049345060077,0.0128
0.040905005041579345,0.0129
0.042389749002577526,0.013000000000000001
0.04400517774073487,0.0131
0.04572154851120058,0.0132
0.047509768274710096,0.013300000000000001
0.0493417860259171,0.0134
0.051190908399150414,0.0135
0.0530318693668661,0.013600000000000001
0.054840901529811026,0.0137
0.05656846759088374,0.013800000000000002
0.05817019771043075,0.013900000000000001
0.05965483053245868,0.014
0.061025928494495285,0.014100000000000001
0.06226768075382594,0.0142
0.06337007095814085,0.0143
0.06432263160440999,0.014400000000000001
0.0651179098211575,0.0145
0.06575144254210852,0.0146
0.06622033887762602,0.014700000000000001
0.06652284938517716,0.0148
0.06665804246684037,0.0149
0.06662598130936326,0.015000000000000001
0.06642803520572205,0.0151
0.0660670926749074,0.0152
0.06554777706290138,0.015300000000000001
0.06487647317550327,0.0154
0.06406145176098321,0.0155
0.06311292131919943,0.015600000000000001
0.06206726722425859,0.015700000000000002
0.0609571715020405,0.0158
0.05976920505105854,0.0159
0.05849984403633646,0.016
0.05716790151835305,0.0161
0.05579058838079076,0.0162
0.05438884090273688,0.016300000000000002
0.05298390850187351,0.0164
0.0515972742038604,0.0165
0.05025134177688928,0.0166
0.048969203458052224,0.0167
0.04777431859922454,0.016800000000000002
0.046689955508471215,0.016900000000000002
0.04573869261651531,0.017
0.04494209980086561,0.0171
0.0443203812845232,0.0172
0.043892081329369725,0.0173
0.04367362076255743,0.017400000000000002
0.04367887317375985,0.0175
0.04391873369522581,0.0176
0.04440088005266474,0.0177
0.04512967117391886,0.0178
0.04610624139931274,0.0179
0.047328656653321755,0.018000000000000002
0.04879209721472533,0.0181
0.0504889550666614,0.0182
0.052408882019072456,0.0183
0.05453883384338987,0.0184
0.056863240997273135,0.018500000000000003
0.05936434483769726,0.018600000000000002
0.06196951038648446,0.0187
0.06445355252096174,0.0188
0.0670615666663903,0.0189
0.06979468129751398,0.019
0.07263321806982259,0.019100000000000002
0.07555061376124728,0.019200000000000002
0.07852203534061108,0.0193
0.08146894440186159,0.0194
0.08406490289260704,0.0195
0.08668371775536066,0.0196
0.08932805637293384,0.019700000000000002
0.09158647577328705,0.0198
0.09381421032942716,0.0199
0.09591642096509112,0.02
0.09775221716169413,0.0201
0.09960062467148467,0.020200000000000003
0.10115749134052132,0.020300000000000002
0.10264663146956587,0.0204
0.104140100049258,0.0205
0.1053742239680715,0.0206
0.10653381215674318,0.0207
0.10767771785748115,0.020800000000000003
0.10879101640046585,0.020900000000000002
0.10964827781060893,0.021
0.11042524547952182,0.0211
0.1111494092179186,0.0212
0.11180739027574726,0.0213
0.11238251868663629,0.021400000000000002
0.1128613163853216,0.021500000000000002
0.11313786812903581,0.0216
0.11328206361962523,0.0217
0.11333375557795189,0.0218
0.11328812215357964,0.0219
0.11313611900621601,0.022000000000000002
0.11286879544748873,0.0221
0.1124793372884757,0.0222
0.1119643188388485,0.0223
0.11132355854872167,0.0224
0.11055942847471356,0.022500000000000003
0.10967593446332347,0.022600000000000002
0.10867807582166022,0.0227
0.10757140430185874,0.0228
0.10636180513218407,0.0229
0.10505532909383442,0.023
0.10365809968528217,0.023100000000000002
0.10217622436471563,0.023200000000000002
0.10047911802084653,0.0233
0.09869877767033242,0.0234
0.09685004450933543,0.0235
0.09494165861527015,0.0236
0.09297995504462087,0.023700000000000002
0.09097160234077162,0.0238
0.0888072428535237,0.0239
0.0865163026714677,0.024
0.08420246292703293,0.0241
0.08188209308156735,0.024200000000000003
0.07956557314118384,0.024300000000000002
0.07710407824095589,0.0244
0.07458051990804104,0.0245
0.07209468940448671,0.0246
0.06966489170559653,0.0247
0.06730138897125915,0.024800000000000003
0.0647673657178458,0.024900000000000002
0.06229285218924463,0.025
0.059921202741520796,0.0251
0.05766825897194883,0.0252
0.055527700631635035,0.0253
0.053241236184662144,0.025400000000000002
0.05108597472134657,0.025500000000000002
0.04909573448934479,0.0256
0.04728546349138618,0.0257
0.045660707410176915,0.0258
0.043945755836549694,0.025900000000000003
0.0423360793775156,0.026000000000000002
0.04094307622838311,0.0261
0.039789845090055787,0.0262
0.038881110445639466,0.0263
0.038217675572314924,0.0264
0.037409491164094755,0.026500000000000003
0.036635508934085736,0.026600000000000002
0.03608901091774852,0.0267
0.03584250948918721,0.0268
0.035891550347856294,0.0269
0.03573531437089539,0.027
0.03581331768017337,0.027100000000000003
0.03623409594068283,0.027200000000000002
0.03699461915159352,0.0273
0.03807109471306247,0.0274
0.03943531717275306,0.0275
0.04105625145465952,0.027600000000000003
0.042899589540350114,0.027700000000000002
0.044929877753139724,0.027800000000000002
0.047108647326707054,0.0279
0.04939668380326734,0.028
0.05175428645546698,0.0281
0.05411585193008417,0.028200000000000003
0.05641912360515189,0.028300000000000002
0.05865591191339159,0.0284
0.06081754155171293,0.0285
0.06287955889737262,0.0286
0.06482426026124144,0.0287
0.06663410724796437,0.028800000000000003
0.0682940425412405,0.028900000000000002
0.06979183890059304,0.029
0.07111726770291926,0.0291
0.07226268653039447,0.0292
0.07322303563490684,0.029300000000000003
0.0739958610095045,0.029400000000000003
0.07458082001484523,0.029500000000000002
0.07497923916470384,0.0296
0.0751938257885475,0.0297
0.07522853690929354,0.0298
0.07508843927746534,0.029900000000000003
0.07477944253340107,0.030000000000000002
0.07430802005475567,0.030100000000000002
0.07368109644258436,0.0302
0.07290618636724577,0.0303
0.07199169032292418,0.0304
0.07094717346170798,0.030500000000000003
0.0697835290852562,0.030600000000000002
0.06851303195466418,0.0307
0.06714934434689368,0.0308
0.06573127594706707,0.0309
0.06429215433262991,0.031
0.06281813821510795,0.031100000000000003
0.06130520870992184,0.031200000000000002
0.05974897829741721,0.0313
0.05801555468623176,0.031400000000000004
0.05631787603607341,0.0315
0.054685630327730994,0.0316
0.053134206944822404,0.0317
0.05167472585078725,0.0318
0.05032096895736182,0.031900000000000005
0.04908765597961051,0.032
0.04799138868578057,0.032100000000000004
0.04704930489205572,0.0322
0.046278378922277374,0.0323
0.045694530681894774,0.0324
0.04531217977613644,0.0325
0.045143681283267734,0.032600000000000004
0.04519899463172994,0.0327
0.045485391068704306,0.0328
0.04600737120609333,0.0329
0.04676667743901963,0.033
0.04776246073923529,0.033100000000000004
0.048991452240772615,0.0332
0.05044809208127843,0.0333
0.05212451197478951,0.0334
0.05401043919363069,0.0335
0.05609315294689243,0.033600000000000005
0.05835769017747605,0.0337
0.060787358370310796,0.033800000000000004
0.0633112071403793,0.0339
0.06589036776787482,0.034
0.06858742571184262,0.0341
0.07139131536535015,0.0342
0.07428353393425291,0.034300000000000004
0.07724278003300611,0.0344
0.08024721415226443,0.0345
0.08327475941037532,0.0346
0.08630388413469081,0.0347
0.08931368889481728,0.034800000000000005
0.09224887147322547,0.0349
0.09498696893537595,0.035
0.09766677379173472,0.0351
0.10027667776466576,0.0352
0.10279751120487068,0.035300000000000005
0.10520816787131815,0.0354
0.1074057874169726,0.035500000000000004
0.10937398313413627,0.0356
0.11119775631715012,0.0357
0.11286531714703907,0.0358
0.1143488278735122,0.0359
0.11548840501025459,0.036000000000000004
0.11644046536650332,0.0361
0.11719990662637991,0.0362
0.11775358092169896,0.0363
0.11794061001210532,0.0364
0.1179215326910803,0.036500000000000005
0.11769677609370399,0.0366
0.11726478938604012,0.0367
0.11655316598463406,0.0368
0.11559244123061996,0.0369
0.11444942767316124,0.037000000000000005
0.11313339811187328,0.0371
0.11165092359058104,0.037200000000000004
0.11000852057204524,0.0373
0.10821372928798856,0.0374
0.10627566852349213,0.0375
0.10420515148916798,0.0376
0.1020143906537675,0.037700000000000004
0.09971639525267062,0.0378
0.09732444703153653,0.0379
0.0948514502491501,0.038
0.0923093493053142,0.0381
0.08970933087495403,0.038200000000000005
0.08706350774830607,0.0383
0.08438632467460616,0.038400000000000004
0.08169365090437253,0.0385
0.07900077417733364,0.0386
0.07632150791574499,0.038700000000000005
0.07366467492038264,0.0388
0.0708450729251846,0.038900000000000004
0.06805591413256729,0.039
0.06532341449195078,0.0391
0.06266460007712105,0.0392
0.06009215357733444,0.0393
0.057481343140604935,0.039400000000000004
0.05480457824346385,0.0395
0.05224991287221803,0.0396
0.049851418759292,0.0397
0.047627635482748065,0.0398
0.045286018398214,0.039900000000000005
0.04304770986593942,0.04
0.04103102539194814,0.040100000000000004
0.039266730090145474,0.0402
0.0376405260045114,0.0403
0.035948005666845084,0.040400000000000005
0.0345240904900197,0.0405
0.03342512309990853,0.040600000000000004
0.03266923086904572,0.0407
0.031851288356939955,0.0408
0.031185989272201953,0.0409
0.030886132945929345,0.041
0.030989314558107495,0.041100000000000005
0.03144952101795373,0.0412
0.0316999506327591,0.0413
0.03231147363598774,0.0414
0.03335073811827027,0.0415
0.03474013646763252,0.041600000000000005
0.03634298375637113,0.0417
0.03741590579688259,0.041800000000000004
0.038882663216091906,0.0419
0.040758769888470825,0.042
0.043019953986797255,0.042100000000000005
0.045579530221900866,0.0422
0.04838157172428237,0.042300000000000004
0.05136107092813247,0.0424
0.054466060903231917,0.0425
0.05761122850541156,0.0426
0.060717081877024404,0.0427
0.06375932807479734,0.042800000000000005
0.06671747879288392,0.0429
0.06955373456869529,0.043000000000000003
0.07224076569157556,0.0431
0.07475255069293252,0.0432
0.0770689670579271,0.043300000000000005
0.07917432074158837,0.0434
0.08105703314223145,0.043500000000000004
0.08270830222214853,0.0436
0.08412222112931511,0.0437
0.0852947586105236,0.0438
0.08622385039804126,0.0439
0.08690863688723205,0.044000000000000004
0.08734976970476016,0.0441
0.08754922250855557,0.0442
0.0875108612592943,0.0443
0.08724044929767716,0.0444
0.0867458099549866,0.044500000000000005
0.08603624907040242,0.0446
0.0851219839720474,0.044700000000000004
0.08401331797739775,0.0448
0.0827203314138123,0.0449
0.08125283638315839,0.045000000000000005
0.0796208127669884,0.0451
0.07783480562770462,0.045200000000000004
0.07584909053463762,0.0453
0.07352481724417381,0.0454
0.07110014534226461,0.0455
0.06860954946212505,0.0456
0.06607745752516248,0.045700000000000005
0.06351748346545405,0.0458
0.06071826412427073,0.0459
0.057921312565698324,0.046
0.05518164869589204,0.0461
0.05252209939546493,0.046200000000000005
0.04995761903117657,0.0463
0.04750407160376491,0.046400000000000004
0.04515733263227362,0.0465
0.042892802579219236,0.0466
0.040822698711505456,0.046700000000000005
0.038988274115465904,0.0468
0.0374233975119469,0.046900000000000004
0.036153105592448886,0.047
0.0351948028802378,0.0471
0.03455981850387713,0.0472
0.034255586552793815,0.0473
0.03428612652102969,0.047400000000000005
0.03465289354748147,0.0475
0.03533391279504383,0.0476
0.03613265407810218,0.0477
0.03724810404552725,0.0478
0.038707175767144886,0.047900000000000005
0.040508402008534006,0.048
0.042636337576358097,0.048100000000000004
0.04507333375147593,0.0482
0.04779791257032251,0.0483
0.05078750590630432,0.048400000000000006
0.05401733194108527,0.0485
0.057451448258783344,0.048600000000000004
0.06104870176798416,0.0487
0.06478033782938897,0.0488
0.06850427301081985,0.0489
0.07224375890011214,0.049
0.0760947313853847,0.049100000000000005
0.08003148383264436,0.0492
0.08401894014983691,0.049300000000000004
0.08802085654064895,0.0494
0.09200283133902154,0.0495
0.09592739901187519,0.049600000000000005
0.09975559415361723,0.0497
0.10345527276977684,0.049800000000000004
0.10699785181093868,0.0499
0.11035620046644179,0.05
0.11350692077859936,0.050100000000000006
0.11642984019269553,0.0502
0.1191082811891423,0.050300000000000004
0.12152848411777428,0.0504
0.12367858197471093,0.0505
0.12554838424091574,0.0506
0.12712858075295885,0.0507
0.12840777563479178,0.050800000000000005
0.12923066732029653,0.0509
0.12967777510781586,0.051000000000000004
0.1296041086561801,0.0511
0.12896819441014318,0.0512
0.12781729084641935,0.051300000000000005
0.1262277534757893,0.0514
0.12422311035135136,0.051500000000000004
0.12194330363266304,0.0516
0.11943999107151515,0.0517
0.11664107496074538,0.051800000000000006
0.11365588001324312,0.0519
0.11052368203303164,0.052000000000000005
0.10726753264382682,0.0521
0.10390869155545068,0.0522
0.10046844543697053,0.0523
0.09696865666324461,0.0524
0.09343221221354248,0.052500000000000005
0.08988205765127877,0.0526
0.08633990694091931,0.052700000000000004
0.08282610666256152,0.0528
0.07936057562545717,0.0529
0.07596297905692317,0.053000000000000005
0.07265166187000671,0.0531
0.0693118939874825,0.053200000000000004
0.06601036865344911,0.0533
0.06281522682317697,0.0534
0.059743280489745976,0.053500000000000006
0.056804594423725874,0.0536
0.05400773542494286,0.053700000000000005
0.05128088788106333,0.0538
0.04838513020195245,0.0539
0.045641642349302236,0.054
0.04310428773070396,0.0541
0.04080328263087707,0.054200000000000005
0.038234707301595616,0.0543
0.03590213835623812,0.054400000000000004
0.033894331710782266,0.0545
0.03221734689825717,0.0546
0.030322006605769003,0.054700000000000006
0.028762127533390247,0.0548
0.027632281135970604,0.054900000000000004
0.02695371239112454,0.055
0.02603679647561319,0.0551
0.02552408821528207,0.055200000000000006
0.025529579897546784,0.0553
0.026068236770236508,0.055400000000000005
0.026358668779027372,0.0555
0.02698078676835758,0.055600000000000004
0.028142356416581915,0.0557
0.02975018487230119,0.0558
0.031165779961865203,0.055900000000000005
0.033060950671370604,0.056
0.035425205810164506,0.056100000000000004
0.03814885925998479,0.0562
0.04034401392285969,0.0563
0.04292711423020856,0.056400000000000006
0.04593984162756626,0.0565
0.04934141938873782,0.056600000000000004
0.05302624272440126,0.0567
0.056919258196321154,0.0568
0.060908216228954815,0.056900000000000006
0.0648945324709912,0.057
0.0688333142675871,0.057100000000000005
0.07268757700605333,0.0572
0.07640379318817381,0.057300000000000004
0.07994054423143604,0.0574
0.0832588310971556,0.0575
0.08632784546449945,0.057600000000000005
0.0891228001228146,0.0577
0.09162524482724743,0.057800000000000004
0.09382125803384311,0.0579
0.09570196207605319,0.058
0.09726228034330464,0.058100000000000006
0.09850116545943766,0.0582
0.09942029282552522,0.058300000000000005
0.10002380145370104,0.0584
0.10031707951942159,0.0585
0.10030660404613345,0.058600000000000006
0.09999945673741062,0.0587
0.09940371178512886,0.058800000000000005
0.0985284479402001,0.0589
0.09738396448344444,0.059000000000000004
0.0959813589520443,0.0591
0.09433215177078724,0.0592
0.09244772653034106,0.059300000000000005
0.09033925909772089,0.0594
0.08780677812469784,0.059500000000000004
0.08495717012720483,0.0596
0.08194689509114972,0.0597
0.07857494970870493,0.059800000000000006
0.07500597836188383,0.0599
0.07110936223352027,0.060000000000000005
0.06716044003634147,0.0601
0.06312964787973596,0.060200000000000004
0.05903496438480871,0.0603
0.055011813628462525,0.0604
0.0510944526914483,0.060500000000000005
0.04730638407921628,0.0606
0.043673776144998566,0.060700000000000004
0.04023315667185856,0.0608
0.03702530628082723,0.0609
0.034086641479174506,0.061000000000000006
0.03144979593509967,0.0611
0.02914545236634547,0.061200000000000004
0.02720568716524796,0.0613
0.02566017453616487,0.0614
0.024526078349137448,0.061500000000000006
0.02381456275368632,0.0616
0.023535516081929053,0.061700000000000005
0.023692749200010965,0.0618
0.024268063486195812,0.061900000000000004
0.02460630056229296,0.062
0.025324026680203504,0.0621
0.026552002336213132,0.062200000000000005
0.028299068351872902,0.0623
0.030521291950633467,0.062400000000000004
0.03277527083722376,0.0625
0.03512971661684028,0.0626
0.037941852803064835,0.0627
0.041230855620533635,0.06280000000000001
0.04494828914479965,0.0629
0.049030365163900136,0.063
0.05308445916198434,0.0631
0.057183364695744476,0.0632
0.06156721824716094,0.06330000000000001
0.0662068909965251,0.0634
0.07104758228350339,0.0635
0.07602721722465444,0.0636
0.08108879223191778,0.0637
0.08608353223018606,0.06380000000000001
0.09088022469105561,0.0639
0.09563600703118413,0.064
0.10033205117329513,0.0641
0.10491989111627209,0.06420000000000001
0.10935659258790442,0.06430000000000001
0.11360050959888379,0.0644
0.117616216025202,0.0645
0.12137411606713877,0.0646
0.12484998301728945,0.06470000000000001
0.1280233239111812,0.0648
0.13087690388878126,0.0649
0.13339568884368758,0.065
0.13556710744782896,0.0651
0.13738080636416805,0.06520000000000001
0.1388290147197233,0.0653
0.13990593922690564,0.0654
0.1405693355665627,0.0655
0.14064090372426252,0.0656
0.139944154840011,0.06570000000000001
0.1374153251770689,0.0658
0.13453811138726035,0.0659
0.1314007631031614,0.066
0.1279690088135379,0.0661
0.12433527399930044,0.06620000000000001
0.12051780616065111,0.0663
0.11653643954834725,0.0664
0.11241785472793753,0.0665
0.10819390397651796,0.0666
0.10389915216909673,0.06670000000000001
0.09956833808648413,0.0668
0.09523529310470824,0.0669
0.0909316462959796,0.067
0.08668662380509118,0.0671
0.08242691089339371,0.06720000000000001
0.07823424185978334,0.0673
0.0741575420960382,0.0674
0.07022173604422732,0.0675
0.06644725679798624,0.06760000000000001
0.06285106938119156,0.06770000000000001
0.05944464165308383,0.0678
0.05623369644027498,0.0679
0.05322018150930097,0.068
0.050083247035185074,0.06810000000000001
0.046992798251827006,0.0682
0.04409593994555561,0.0683
0.04142736018809079,0.0684
0.0386813308932874,0.0685
0.035865959590796415,0.06860000000000001
0.03335583899202699,0.0687
0.031074611069183744,0.0688
0.028636494632974907,0.0689
0.026597024235633926,0.069
0.025054543540606433,0.06910000000000001
0.02341409272195416,0.0692
0.022098210646064764,0.0693
0.0213472553149876,0.0694
0.021215344912578038,0.0695
0.020938383464208288,0.06960000000000001
0.020992769314729376,0.0697
0.02168052548810584,0.0698
0.02297272731030109,0.0699
0.02394615212014317,0.07
0.02544912683869427,0.07010000000000001
0.02763842600473221,0.0702
0.029881719281062313,0.0703
0.032394199403538604,0.0704
0.035446018376146915,0.07050000000000001
0.03895168140813743,0.07060000000000001
0.042082736850711955,0.0707
0.0455136258001505,0.0708
0.04939267972420125,0.0709
0.053675593701175695,0.07100000000000001
0.05824484716177358,0.0711
0.062980346702742,0.0712
0.06775574257361927,0.0713
0.07251077212335855,0.0714
0.07718935571222052,0.07150000000000001
0.08172804676332701,0.0716
0.08607079978790777,0.0717
0.0901681280473069,0.0718
0.09397683226953102,0.0719
0.09746295334004529,0.07200000000000001
0.10059875135714624,0.0721
0.10336401565662479,0.0722
0.10574437652315494,0.0723
0.10773199440039727,0.0724
0.10932419452102549,0.07250000000000001
0.11052328410090617,0.0726
0.11133502458410582,0.0727
0.11176790907851908,0.0728
0.11183174776549731,0.0729
0.11153706269402419,0.07300000000000001
0.110894350434952,0.0731
0.10991416557216194,0.0732
0.10860715203636206,0.0733
0.10698438891461837,0.0734
0.10505731753934766,0.07350000000000001
0.10283766047757836,0.0736
0.10026585941260069,0.0737
0.09711363092240066,0.0738
0.09357341888480408,0.07390000000000001
0.08933971049156275,0.07400000000000001
0.08459340837210894,0.0741
0.07960032265419259,0.0742
0.07458359485964638,0.0743
0.0695455984225476,0.07440000000000001
0.06449001075204552,0.0745
0.059499455455573225,0.0746
0.05460720253921281,0.0747
0.04985053459486344,0.0748
0.045269594317288275,0.07490000000000001
0.04090594333046904,0.075
0.03680371274355454,0.0751
0.03296598838478637,0.0752
0.029380293676326108,0.0753
0.02615765664922165,0.07540000000000001
0.023347289742375654,0.0755
0.020977239222090605,0.0756
0.019069482069780097,0.0757
0.017648417453750342,0.0758
0.01673383595655764,0.07590000000000001
0.01633402653197913,0.076
0.015686503936154672,0.0761
0.01531580639980401,0.0762
0.015528884543296817,0.0763
0.01639647981143133,0.07640000000000001
0.016906829562450598,0.0765
0.017800879209182607,0.0766
0.019418097867936357,0.0767
0.02161101555464895,0.07680000000000001
0.023723549762765694,0.07690000000000001
0.02640763314829564,0.077
0.029769486566570746,0.0771
0.033769366831756686,0.0772
0.037847917982612334,0.07730000000000001
0.04209555461034831,0.07740000000000001
0.046748702596673075,0.0775
0.05182101576052611,0.0776
0.057265699843887186,0.0777
0.0627270348534652,0.07780000000000001
0.06817565096174316,0.0779
0.07386819793020816,0.078
0.0797215095016891,0.0781
0.08562212879791387,0.0782
0.09151682820474194,0.07830000000000001
0.09735313807658597,0.0784
0.10306684876137828,0.0785
0.10860218278512301,0.0786
0.11390843192865907,0.0787
0.11894126213678846,0.07880000000000001
0.1236647776287002,0.0789
0.12804896351079276,0.079
0.13207017798179765,0.0791
0.13570882089701963,0.0792
0.13894436583239655,0.07930000000000001
0.14175667985153373,0.0794
0.14413395131088858,0.0795
0.14607199779800384,0.0796
0.14757317156265737,0.07970000000000001
0.14864099153506105,0.07980000000000001
0.14927865793939543,0.0799
0.14949061574895584,0.08
0.14816975710569324,0.0801
0.14495785314069587,0.08020000000000001
0.14140717467341968,0.08030000000000001
0.13759765892265408,0.0804
0.13355727395237182,0.0805
0.1292992988132725,0.0806
0.12484211961146041,0.08070000000000001
0.12021088922024736,0.08080000000000001
0.115440906057797,0.0809
0.11057379036783743,0.081
0.10565270003482907,0.0811
0.10071849255088905,0.08120000000000001
0.09580868429687073,0.0813
0.09095768485840405,0.0814
0.08619819927421046,0.0815
0.08156215577167569,0.0816
0.07708066891375531,0.08170000000000001
0.07278284615593511,0.0818
0.06869429087952639,0.0819
0.06483586516655371,0.082
0.06104626815356906,0.0821
0.05733890932368979,0.08220000000000001
0.053849081357758344,0.0823
0.05059012037204891,0.0824
0.04756319696752165,0.0825
0.04476856529753359,0.0826
0.04156001202022597,0.08270000000000001
0.0385454484533283,0.0828
0.03583745537217653,0.0829
0.032931930110771335,0.083
0.030149400895144618,0.08310000000000001
0.02780541502120837,0.08320000000000001
0.02531870496368649,0.0833
0.023139575312206118,0.0834
0.021518679391279827,0.0835
0.020029258723501586,0.08360000000000001
0.018725981972357753,0.08370000000000001
0.018032602458492697,0.0838
0.018052750334509815,0.0839
0.017939167546974222,0.084
0.01822591231424897,0.08410000000000001
0.019239591480107787,0.08420000000000001
0.02077663340253788,0.0843
0.022139608675454836,0.0844
0.02413627110469818,0.0845
0.0269054139273206,0.08460000000000001
0.029468861594107665,0.0847
0.032611135569669214,0.0848
0.03638628886392148,0.0849
0.04058689797832282,0.085
0.04429141573224693,0.08510000000000001
0.048492132984568004,0.0852
0.05316566204506268,0.0853
0.05823292506482969,0.0854
0.06355879454810898,0.0855
0.06900706694782233,0.08560000000000001
0.07443702872193547,0.0857
0.07979072039490709,0.0858
0.08501234345525743,0.0859
0.09003381085649587,0.08600000000000001
0.09479644843686219,0.08610000000000001
0.09924886013253709,0.0862
0.10334707177250557,0.0863
0.10705640987567733,0.0864
0.11034133118801648,0.08650000000000001
0.11317174865944934,0.08660000000000001
0.11553156875146453,0.0867
0.11741686801170581,0.0868
0.11883434995207809,0.0869
0.11979716811524843,0.08700000000000001
0.1203204155958133,0.08710000000000001
0.12042246607734919,0.0872
0.12012074910446557,0.0873
0.11943185308600357,0.0874
0.11837643498509254,0.08750000000000001
0.11697602719396727,0.0876
0.1152451913646878,0.0877
0.11319216269702492,0.0878
0.11082012107096595,0.0879
0.108086848953861,0.08800000000000001
0.10464361199446914,0.0881
0.09986537631328074,0.0882
0.09429039595917121,0.0883
0.08857597063864664,0.0884
0.08287057831845945,0.08850000000000001
0.07719601021664291,0.0886
0.07156148167000553,0.0887
0.0659814176602499,0.0888
0.06048225948298225,0.0889
0.05510224434881272,0.08900000000000001
0.04988622375298579,0.0891
0.04488137925257618,0.0892
0.04003954895575279,0.0893
0.03542929169575837,0.08940000000000001
0.031150762526586107,0.08950000000000001
0.027258378459897203,0.0896
0.023796660621076438,0.0897
0.02080286943025711,0.0898
0.018303743975309317,0.08990000000000001
0.016322401662143937,0.09000000000000001
0.01487731338777687,0.0901
0.013105194306811008,0.0902
0.01174066281819508,0.0903
0.011033681774976323,0.09040000000000001
0.01079737036009809,0.09050000000000001
0.01005015453063085,0.0906
0.009824447551933124,0.0907
0.00985697971288424,0.0908
0.010192969581003464,0.09090000000000001
0.011393012105612277,0.091
0.013569023358353416,0.0911
0.015491283359083452,0.0912
0.017879384353661543,0.0913
0.02111771062614687,0.09140000000000001
0.024910739105927338,0.0915
0.028685258858904605,0.0916
0.03314380103083736,0.0917
0.03832833020647364,0.0918
0.04404346018857086,0.09190000000000001
0.049835243207149826,0.092
0.055374004276860456,0.0921
0.06136177677194621,0.0922
0.06771188269725914,0.09230000000000001
0.0743049535768594,0.09240000000000001
0.08098040656774763,0.0925
0.08766636054479948,0.0926
0.09429143151037322,0.0927
0.10078386424296659,0.09280000000000001
0.10707866198201754,0.09290000000000001
0.11311902963497367,0.093
0.11885378786971312,0.0931
0.12424319657634053,0.0932
0.1292540986521623,0.09330000000000001
0.13385632775052003,0.09340000000000001
0.1380219954798818,0.0935
0.14173410986976043,0.0936
0.14498340327811032,0.0937
0.14776824140501643,0.09380000000000001
0.15008943535107566,0.09390000000000001
0.15194922281808487,0.094
0.15335241624353768,0.0941
0.15430393926318076,0.0942
0.15480779323725713,0.09430000000000001
0.15481748792026262,0.0944
0.15148944441102885,0.0945
0.14777128844742715,0.0946
0.14377776306410595,0.0947
0.1395476429057031,0.09480000000000001
0.13509194947353664,0.0949
0.13043391002153648,0.095
0.1256005332911081,0.0951
0.12062916764738119,0.0952
0.11556233289515794,0.09530000000000001
0.11043580623716609,0.0954
0.10518544807734631,0.0955
0.09994825417597175,0.0956
0.09476574400130366,0.09570000000000001
0.08967415563499614,0.09580000000000001
0.08470750841004082,0.0959
0.07990019184451047,0.096
0.075285448612329,0.0961
0.07089362130419585,0.09620000000000001
0.06674902289053708,0.09630000000000001
0.06286895118392655,0.0964
0.05926372987135897,0.0965
0.05593620308723546,0.0966
0.052442553089365074,0.09670000000000001
0.04910016310818466,0.09680000000000001
0.045996202457285085,0.0969
0.04315124634232115,0.097
0.04019586598774616,0.0971
0.03710145626611738,0.09720000000000001
0.03432376584877295,0.09730000000000001
0.03145248182382199,0.0974
0.028647995516263736,0.0975
0.026331040742991085,0.0976
0.023803524389787167,0.09770000000000001
0.02170338123569171,0.0978
0.020221800873933438,0.0979
0.018691845339568802,0.098
0.017546707599488176,0.0981
0.01708922504402821,0.09820000000000001
0.017242161165400338,0.0983
0.017220912742592853,0.0984
0.01779912444338505,0.0985
0.01918507248829182,0.09860000000000001
0.020733190478280372,0.09870000000000001
0.022455699961293707,0.0988
0.024919198017243627,0.0989
0.027888938764800697,0.099
0.030873229495787635,0.09910000000000001
0.03454352955179241,0.09920000000000001
0.038853683202276335,0.0993
0.04328031679275157,0.0994
0.0474663602204477,0.0995
0.05216980544708738,0.09960000000000001
0.05732436096772875,0.09970000000000001
0.06283555569780297,0.0998
0.06853244214185827,0.0999
0.07427552903747725,0.1
0.07998383812305976,0.10010000000000001
0.0855950527651328,0.10020000000000001
0.09102997514035627,0.1003
0.09622444408746411,0.1004
0.10111685339670895,0.1005
0.10565547345783277,0.10060000000000001
0.10978919909833229,0.10070000000000001
0.11347375099855794,0.1008
0.11667947577133442,0.1009
0.11939019184595268,0.101
0.1216017762868078,0.10110000000000001
0.12331909972361066,0.1012
0.12455145168800152,0.1013
0.12531404034373517,0.1014
0.12562326669739987,0.1015
0.12549573642063439,0.10160000000000001
0.12494705966089303,0.1017
0.12399215616565773,0.1018
0.1226504333989803,0.1019
0.12094268160792487,0.10200000000000001
0.11888277283506654,0.10210000000000001
0.11647821099014033,0.1022
0.1137314328470771,0.1023
0.1090465339624811,0.1024
0.10320707523946193,0.10250000000000001
0.09726891707049479,0.10260000000000001
0.09132273493739929,0.1027
0.08539443962267368,0.1028
0.07949419602910313,0.1029
0.07363538907665756,0.10300000000000001
0.06784256078906126,0.10310000000000001
0.062064430873425724,0.1032
0.0563631114142209,0.1033
0.050831331937447155,0.1034
0.04552130054906711,0.10350000000000001
0.040481535431027504,0.10360000000000001
0.03576099990122583,0.1037
0.031408920920971584,0.1038
0.0274726800850269,0.1039
0.023993857697347964,0.10400000000000001
0.02084028704763785,0.1041
0.017783618579338967,0.1042
0.015197627313675577,0.1043
0.013224985143909684,0.1044
0.011853242724783053,0.10450000000000001
0.010562088151970794,0.1046
0.00894711356746658,0.1047
0.00787944124983353,0.1048
0.006485699024924241,0.10490000000000001
0.005795398747990843,0.10500000000000001
0.005821586141692592,0.1051
0.005819030521735602,0.1052
0.006511698216713713,0.1053
0.008019138316115448,0.10540000000000001
0.009385474816589134,0.10550000000000001
0.01156727833272675,0.1056
0.014865042624331082,0.1057
0.01813421639896573,0.1058
0.02181037994698598,0.10590000000000001
0.026393461266814855,0.10600000000000001
0.031841531193631534,0.1061
0.03762009194280802,0.1062
0.04300549723013014,0.1063
0.04894003612270392,0.10640000000000001
0.055457434757336,0.10650000000000001
0.06237775940230916,0.1066
0.06955097600321636,0.1067
0.07681065310104951,0.1068
0.0840764858648575,0.10690000000000001
0.09127385857836379,0.10700000000000001
0.09832541612327073,0.1071
0.10515967414144256,0.1072
0.11171489588278283,0.1073
0.11793838496918929,0.10740000000000001
0.12379050204129716,0.1075
0.1292333351033641,0.1076
0.13423413028645437,0.1077
0.13877034026529467,0.1078
0.14282938974526582,0.10790000000000001
0.14640701881126372,0.108
0.1495038417850868,0.1081
0.15212186852338905,0.1082
0.1542660674729236,0.10830000000000001
0.15594069930449472,0.10840000000000001
0.15714932466229492,0.1085
0.1578948329676163,0.1086
0.15818009967304558,0.1087
0.15540283588139836,0.10880000000000001
0.15169194641726558,0.10890000000000001
0.1476699111790315,0.109
0.14339229207249493,0.1091
0.13887687507195212,0.1092
0.134146257611796,0.10930000000000001
0.12922722611975346,0.10940000000000001
0.12415543377464355,0.1095
0.1189729204087413,0.1096
0.11372548897110801,0.1097
0.10845855216138045,0.10980000000000001
0.10321547164002187,0.10990000000000001
0.09803641449797096,0.11
0.09280926863729666,0.1101
0.08767353824943269,0.1102
0.08269763549307396,0.11030000000000001
0.0779189561614656,0.11040000000000001
0.07336672605421468,0.1105
0.06906468982169989,0.1106
0.06503078036111598,0.1107
0.061275784359156926,0.11080000000000001
0.05780236800789873,0.1109
0.05460592936416475,0.111
0.05135397867042579,0.1111
0.048040926277411744,0.11120000000000001
0.04495509844212764,0.11130000000000001
0.042143972738148294,0.1114
0.039057426621992075,0.1115
0.036006512189788786,0.1116
0.03334039969063185,0.11170000000000001
0.03030177547795221,0.11180000000000001
0.027660064762996317,0.1119
0.025338164487950232,0.112
0.02298531176223073,0.1121
0.02117031103281719,0.11220000000000001
0.01987185917600609,0.11230000000000001
0.018438579549325596,0.1124
0.017569413799471523,0.1125
0.01744382151108903,0.1126
0.017481396360766066,0.11270000000000001
0.017710552959609993,0.11280000000000001
0.018666101223014264,0.1129
0.020366369956373864,0.113
0.02183354670097004,0.1131
0.02394792254376954,0.11320000000000001
0.026884552995493083,0.11330000000000001
0.029918459442401568,0.1134
0.03331283361524884,0.1135
0.03736500132089238,0.1136
0.04196360434653745,0.11370000000000001
0.04614650713012414,0.11380000000000001
0.05074565868771597,0.1139
0.055833851584968786,0.114
0.06133778078336827,0.11410000000000001
0.06708980626254468,0.11420000000000001
0.07295035926849702,0.1143
0.0788282117311424,0.1144
0.08465155148097625,0.1145
0.09033524302298646,0.11460000000000001
0.09580799920351724,0.11470000000000001
0.10100091268777556,0.1148
0.10585581950733758,0.1149
0.11032178898466694,0.115
0.11435035923706127,0.11510000000000001
0.11789857320883301,0.11520000000000001
0.120940895677912,0.1153
0.12346489337958677,0.1154
0.12547157937024045,0.1155
0.1269696970294062,0.11560000000000001
0.1279721702511003,0.11570000000000001
0.12849623634256901,0.1158
0.12855962111197894,0.1159
0.12817879099872065,0.116
0.1273688229726584,0.11610000000000001
0.12614342652899857,0.11620000000000001
0.12452094643355549,0.1163
0.1225212548164063,0.1164
0.12015796825407365,0.1165
0.11717179885933948,0.11660000000000001
0.11149157824180156,0.11670000000000001
0.10561416794345069,0.1168
0.09967887890444349,0.1169
0.09369749197045896,0.117
0.08763074107896618,0.11710000000000001
0.08156843060848284,0.11720000000000001
0.07553360514539942,0.1173
0.0695597573861646,0.1174
0.0636880836289776,0.11750000000000001
0.05796428778142193,0.11760000000000001
0.05243365236778974,0.1177
0.047077288114059535,0.1178
0.041836411372188964,0.1179
0.03690259233413973,0.11800000000000001
0.03233724938855165,0.11810000000000001
0.028184432730542275,0.1182
0.0244809697127093,0.1183
0.02126032141098322,0.1184
0.01854347942161838,0.11850000000000001
0.016063595196676328,0.11860000000000001
0.01353234061267572,0.1187
0.011494297841362133,0.1188
0.010087751976771475,0.1189
0.008523668647174576,0.11900000000000001
0.006828160167873243,0.11910000000000001
0.005673838030660017,0.1192
0.00562779454690987,0.1193
0.005704113865113047,0.1194
0.005680186968775702,0.11950000000000001
0.005759436150068353,0.11960000000000001
0.005816834310218066,0.1197
0.0061424109115761905,0.1198
0.007547258784436295,0.1199
0.00990785261381899,0.12000000000000001
0.012585335442278245,0.12010000000000001
0.01611547820664394,0.1202
0.020673584528468014,0.1203
0.026082024459353814,0.12040000000000001
0.03144239958010364,0.12050000000000001
0.03675129071204952,0.1206
0.04275522240561602,0.1207
0.04945410020330798,0.1208
0.05662923746988513,0.12090000000000001
0.06413780114336409,0.12100000000000001
0.07178855249758653,0.1211
0.07943090780411655,0.1212
0.08698997682915388,0.1213
0.09440978881790019,0.12140000000000001
0.1016164095307045,0.12150000000000001
0.10855400081694888,0.1216
0.11517014178513352,0.1217
0.12142067345425478,0.1218
0.127258929383543,0.12190000000000001
0.1326404380286874,0.12200000000000001
0.13753251526835708,0.1221
0.14191734151492807,0.1222
0.14579243165380795,0.1223
0.14916624838655068,0.12240000000000001
0.1520509877662518,0.12250000000000001
0.1544604461972453,0.1226
0.15640381298284234,0.1227
0.15788562819207563,0.1228
0.15890724276309587,0.12290000000000001
0.1594691268529025,0.12300000000000001
0.15815091410703652,0.1231
0.15458798703280618,0.1232
0.15064690028601813,0.1233
0.14641788603069272,0.12340000000000001
0.14193588273986746,0.12350000000000001
0.13722390077106716,0.1236
0.13231078096280524,0.1237
0.12722874398908945,0.12380000000000001
0.12201661686938037,0.12390000000000001
0.11671806156488795,0.124
0.11138011877256715,0.1241
0.10605081415638373,0.1242
0.10077703413906114,0.12430000000000001
0.09560234548584734,0.12440000000000001
0.09053998854001799,0.1245
0.08547408956513591,0.1246
0.08059198303249959,0.1247
0.07592993894248812,0.12480000000000001
0.07151169949703107,0.12490000000000001
0.06735324624614447,0.125
0.06346629152865602,0.12510000000000002
0.05985749962449782,0.1252
0.05652913003993021,0.1253
0.053478468373734156,0.1254
0.05029082826054765,0.1255
0.04707860468338687,0.12560000000000002
0.044115869940635655,0.1257
0.04145255702763251,0.1258
0.038258258677881685,0.1259
0.03536746405828195,0.126
0.03263345134651097,0.12610000000000002
0.029762784193458236,0.1262
0.027374883112051718,0.1263
0.024929105364694504,0.1264
0.022794446880805452,0.1265
0.021262915191399445,0.12660000000000002
0.019764301175912102,0.1267
0.018583250753018143,0.1268
0.018075531291887215,0.1269
0.018222307103589852,0.127
0.018175774105030795,0.12710000000000002
0.018728909591697596,0.1272
0.020093880667823694,0.1273
0.021708971148721945,0.1274
0.02345862600702464,0.1275
0.025953433703892914,0.12760000000000002
0.02908506119332621,0.1277
0.032149379916510235,0.1278
0.03590236524510115,0.1279
0.04030870522942287,0.128
0.04501087861746278,0.12810000000000002
0.04933343875828955,0.1282
0.0541691560504689,0.1283
0.059463131460799845,0.12840000000000001
0.06512488719584042,0.1285
0.07098081582829197,0.12860000000000002
0.07688992591843502,0.1287
0.08277015249575592,0.1288
0.08855729131360113,0.12890000000000001
0.09416870927832,0.129
0.0995368819705228,0.1291
0.10459650356346639,0.1292
0.10929240412558316,0.1293
0.11357015043917229,0.12940000000000002
0.11738258399836454,0.1295
0.12069788803272052,0.1296
0.1234984377080881,0.1297
0.12577923947319836,0.1298
0.1275446814767539,0.12990000000000002
0.12880373820704938,0.13
0.1295714399670973,0.1301
0.1298639584649527,0.1302
0.129697579770512,0.1303
0.12908747510370155,0.13040000000000002
0.12804733987094763,0.1305
0.12658993326683576,0.1306
0.12473237924157876,0.1307
0.12249363094540844,0.1308
0.11964754398316935,0.13090000000000002
0.11398265348582881,0.131
0.10809985545809075,0.1311
0.10214043251499327,0.1312
0.09615670166122559,0.1313
0.09016247107145903,0.13140000000000002
0.08411457641622866,0.1315
0.07798924412389441,0.1316
0.07190568594356983,0.1317
0.06591227946823075,0.1318
0.06005724613771257,0.13190000000000002
0.054386689844831304,0.132
0.048946869779238344,0.1321
0.04378430605631234,0.1322
0.03882323442094204,0.1323
0.03406596594904365,0.13240000000000002
0.029684486500579643,0.1325
0.02573150459412865,0.1326
0.0222424105921164,0.1327
0.019239430463060758,0.1328
0.016742443152543807,0.13290000000000002
0.014254285478545903,0.133
0.011823724272852942,0.1331
0.009926698408070367,0.1332
0.008454277977454572,0.1333
0.006443685732664406,0.13340000000000002
0.005652624919516125,0.1335
0.005606730036399332,0.1336
0.005638269599069323,0.1337
0.00565564177649458,0.1338
0.005792499948920504,0.13390000000000002
0.006303608250261661,0.134
0.006476581547447013,0.1341
0.00717863157494647,0.1342
0.008564833910510883,0.1343
0.010868868454932956,0.13440000000000002
0.014204253051315563,0.1345
0.01853723087242498,0.1346
0.02372414846678228,0.13470000000000001
0.028963318748442157,0.1348
0.03443647183555165,0.13490000000000002
0.040189795771850445,0.135
0.04661424287721605,0.1351
0.05363556174141526,0.13520000000000001
0.061020361095882825,0.1353
0.06860863388645821,0.13540000000000002
0.07621639184296014,0.1355
0.08377121783927088,0.1356
0.09120563868275333,0.13570000000000002
0.09845380345217203,0.1358
0.10545879527234603,0.1359
0.11217365611473473,0.136
0.11855211698124468,0.1361
0.12454634672650444,0.13620000000000002
0.13010500145825032,0.1363
0.13518885885145748,0.1364
0.13977127820768986,0.1365
0.1438432273295427,0.1366
0.1474075405356906,0.13670000000000002
0.150474499455317,0.1368
0.15305814148777497,0.1369
0.1551709085062981,0.137
0.15682123593834674,0.1371
0.15801442976631674,0.13720000000000002
0.15875327726138988,0.1373
0.15903985169115742,0.1374
0.15601795020603326,0.1375
0.15221872116261037,0.1376
0.14810270817841065,0.13770000000000002
0.14372332227838946,0.1378
0.13910031197781902,0.1379
0.13426005780322858,0.138
0.1292308362770307,0.1381
0.12404908211914245,0.13820000000000002
0.1187576549593301,0.1383
0.11340477253350334,0.1384
0.10804027433444463,0.1385
0.1027135426745922,0.1386
0.09747082223469927,0.13870000000000002
0.0923484957486238,0.1388
0.08720089007411669,0.1389
0.08223074109565887,0.139
0.07747746790557797,0.1391
0.07296642590497893,0.13920000000000002
0.06871323008174057,0.1393
0.06472996539952236,0.1394
0.06102536789729718,0.1395
0.05760503020812169,0.1396
0.05447025777667602,0.13970000000000002
0.051456586021651596,0.1398
0.04821042622343641,0.1399
0.04519699064484173,0.14
0.04247754910425572,0.1401
0.039606846359562686,0.14020000000000002
0.03666509069915613,0.1403
0.034107033113482066,0.1404
0.031243392202868314,0.1405
0.028711461103827052,0.1406
0.02651889410539865,0.14070000000000002
0.02425240811900342,0.1408
0.022515092546335325,0.1409
0.021250956616701178,0.14100000000000001
0.019899468484102067,0.1411
0.019120778604201583,0.14120000000000002
0.01907644265069086,0.1413
0.0192048963893392,0.1414
0.01952648919442246,0.14150000000000001
0.020557768008126365,0.1416
0.022370147608316016,0.14170000000000002
0.023870999632322754,0.1418
0.026018761620933528,0.1419
0.028983118533131513,0.14200000000000002
0.032106403828132235,0.1421
0.03555700812350393,0.1422
0.0396354099597942,0.1423
0.044240230938939806,0.1424
0.04856669822995552,0.14250000000000002
0.053169308482625244,0.1426
0.05823958191394141,0.1427
0.06371713839245596,0.1428
0.0694384102719755,0.1429
0.07526271734968404,0.14300000000000002
0.08110211772969489,0.1431
0.08688568667376129,0.1432
0.09252809450980826,0.1433
0.09795835412534215,0.1434
0.10310804934046502,0.14350000000000002
0.10791843355778308,0.1436
0.11233176066922257,0.1437
0.1162974871880671,0.1438
0.11978012176155772,0.1439
0.12275819277019362,0.14400000000000002
0.12522285289971025,0.1441
0.12717475008550594,0.1442
0.12861961018399248,0.1443
0.12956969917043448,0.1444
0.13003920429609273,0.14450000000000002
0.1300431426010491,0.1446
0.129596030179554,0.1447
0.12871131897537869,0.1448
0.12740118843084947,0.1449
0.1256772831975158,0.14500000000000002
0.12355575790158624,0.1451
0.12105505874332556,0.1452
0.1158924792979037,0.1453
0.11004488710375715,0.1454
0.10409043534310558,0.14550000000000002
0.09809955409381843,0.1456
0.0920909129777584,0.1457
0.08608207359463882,0.1458
0.07997697793866443,0.1459
0.07385010058916464,0.14600000000000002
0.06779571113582827,0.1461
0.06186584757527791,0.1462
0.05610858809143249,0.1463
0.05057016915432899,0.1464
0.04529593534833576,0.14650000000000002
0.040332098081605317,0.1466
0.035493245718102084,0.1467
0.03095802792791358,0.1468
0.02683349710717775,0.1469
0.023164942683912892,0.14700000000000002
0.019975598858265275,0.1471
0.01728583999925415,0.1472
0.014954281840243722,0.14730000000000001
0.012338983160493422,0.1474
0.010168198599667999,0.14750000000000002
0.008641099736364621,0.1476
0.006566640152366521,0.1477
0.00566146388465727,0.14780000000000001
0.005600824905560797,0.1479
0.005624010932217205,0.14800000000000002
0.005695684419035896,0.1481
0.005863983153408636,0.1482
0.006046524262580899,0.14830000000000002
0.006177730887030108,0.1484
0.006429551925961174,0.14850000000000002
0.007515461807693358,0.1486
0.00963131165352249,0.1487
0.012787154863385997,0.14880000000000002
0.01691838703302828,0.1489
0.02190905822504452,0.149
0.02684952230996296,0.1491
0.03216325678302101,0.1492
0.037797930638312716,0.14930000000000002
0.04413800693540404,0.1494
0.05110298172702543,0.1495
0.05845437024693645,0.1496
0.06603228351286039,0.1497
0.07365122046317896,0.14980000000000002
0.0812349232258266,0.1499
0.08871238277684679,0.15
0.09601778806924766,0.1501
0.10309400023613802,0.1502
0.10989498137689624,0.15030000000000002
0.11637527862635344,0.1504
0.12249258939528618,0.1505
0.12819502160064922,0.1506
0.13343249087808529,0.1507
0.1381688331305594,0.15080000000000002
0.14238733285432348,0.1509
0.146089081914211,0.151
0.14928667946331475,0.1511
0.1519950933922376,0.1512
0.15422988323411735,0.15130000000000002
0.15600157928126035,0.1514
0.1573165038838682,0.1515
0.15817805792684148,0.1516
0.15858869120245267,0.1517
0.1568802376904228,0.15180000000000002
0.1532195858326787,0.1519
0.14919806422584536,0.152
0.14489925374415147,0.1521
0.14035506972686185,0.1522
0.13558798471691302,0.15230000000000002
0.1306249783307355,0.1524
0.1254974449312951,0.1525
0.12024429596839514,0.1526
0.11491079782257241,0.1527
0.1095466253891485,0.15280000000000002
0.10420289097416913,0.1529
0.09892914672008424,0.153
0.09376118282555046,0.1531
0.08856838630311681,0.1532
0.08354536934149492,0.15330000000000002
0.07873087355290531,0.1534
0.07415046767740496,0.1535
0.06982177102269416,0.15360000000000001
0.06575996821911934,0.1537
0.06197713560431539,0.15380000000000002
0.058481908571343943,0.1539
0.05527831349189727,0.154
0.05234510969362649,0.15410000000000001
0.049070316375078304,0.1542
0.04601911108162571,0.15430000000000002
0.043256600420130464,0.1544
0.04059363621497725,0.1545
0.03761801236521323,0.15460000000000002
0.03498371255466348,0.1547
0.0323339027701266,0.15480000000000002
0.029714503879975762,0.1549
0.027600813350542097,0.155
0.025264142036916404,0.15510000000000002
0.02337560066677513,0.1552
0.02211145761994815,0.1553
0.020730959854455167,0.1554
0.019796194547175405,0.1555
0.019558418067296524,0.15560000000000002
0.019883997447881052,0.1557
0.020101599737592846,0.1558
0.020924789805170096,0.1559
0.022531578243012884,0.156
0.024354700028173415,0.15610000000000002
0.026317835443907756,0.1562
0.028998553826873774,0.1563
0.03229688623685756,0.1564
0.035513907943437006,0.1565
0.03932098666979411,0.15660000000000002
0.04367642232260316,0.1567
0.04816134219896151,0.1568
0.05258811031754451,0.1569
0.05746662244994449,0.157
0.06277186092279963,0.15710000000000002
0.06835608895661349,0.1572
0.074079205362368,0.1573
0.07985136338380672,0.1574
0.08559656116438186,0.1575
0.09122790843589601,0.15760000000000002
0.09667196534550393,0.1577
0.10185865314966813,0.1578
0.10672804929261459,0.1579
0.11122764316520051,0.158
0.11530695014259806,0.15810000000000002
0.11892059444028058,0.1582
0.12203945938570004,0.1583
0.12464711089695357,0.1584
0.12674019414640336,0.1585
0.12832327322021386,0.15860000000000002
0.12940553446065206,0.1587
0.13000112192887137,0.1588
0.13012536919077822,0.1589
0.12979314405936604,0.159
0.129018576827431,0.15910000000000002
0.1278143905883905,0.1592
0.1261930442413738,0.1593
0.12417145406150787,0.15940000000000001
0.12176875642472551,0.1595
0.1173593048360051,0.15960000000000002
0.11156610046038451,0.1597
0.10562905419356894,0.1598
0.09964164082621185,0.15990000000000001
0.09363284653074444,0.16
0.08761824043252764,0.16010000000000002
0.08155870800754783,0.1602
0.07541672923866072,0.1603
0.06933176539095542,0.16040000000000001
0.06335728397702545,0.1605
0.057543404121448205,0.16060000000000002
0.051937132871586966,0.1607
0.046584434493744276,0.1608
0.041531276489522595,0.16090000000000002
0.03669210111637655,0.161
0.03206244342033804,0.16110000000000002
0.027825569747390144,0.1612
0.024034340740952453,0.1613
0.02071473440508398,0.16140000000000002
0.017886122540481164,0.1615
0.015568926631236435,0.16160000000000002
0.01292461896767061,0.1617
0.01058283499107926,0.1618
0.00884368167692573,0.16190000000000002
0.006935407954253625,0.162
0.005687743637167841,0.1621
0.00559153225761122,0.1622
0.0055946995049152015,0.1623
0.005682196249879867,0.16240000000000002
0.00577309290291983,0.1625
0.005812728164899639,0.1626
0.006446226053190118,0.1627
0.0071215858540762955,0.1628
0.00791370612659037,0.16290000000000002
0.009443089969926488,0.163
0.012001177908952387,0.1631
0.015533217277959865,0.1632
0.020022521116291436,0.1633
0.025246126320072282,0.16340000000000002
0.03013576243730931,0.1635
0.03533644653023327,0.1636
0.04128991216099198,0.1637
0.04794898366330469,0.1638
0.05507378228514748,0.16390000000000002
0.06253060502228625,0.164
0.07012263937765717,0.1641
0.07770352174012196,0.1642
0.0851992581095149,0.1643
0.09256090673756656,0.16440000000000002
0.09972188956881212,0.1645
0.10663477006397859,0.1646
0.11324979885234077,0.1647
0.11952000647303229,0.1648
0.12538978881015383,0.16490000000000002
0.13080490367477382,0.165
0.13572502857516222,0.1651
0.1401293179468489,0.1652
0.14401528623628357,0.1653
0.14739285201480612,0.16540000000000002
0.15027545522798014,0.1655
0.15267866000868546,0.1656
0.15461470550822654,0.16570000000000001
0.15609288034261748,0.1658
0.15711968157881162,0.16590000000000002
0.15769966349465203,0.166
0.15780307419103667,0.1661
0.15429180207735005,0.16620000000000001
0.1503666249571194,0.1663
0.14615036879036825,0.16640000000000002
0.1416889912614382,0.1665
0.136998354859881,0.1666
0.13210395146333298,0.16670000000000001
0.12703165634907976,0.1668
0.12181702006360429,0.16690000000000002
0.11650295873883487,0.167
0.11113913105208617,0.1671
0.10577751511375255,0.16720000000000002
0.10046970760477092,0.1673
0.0952421563928697,0.16740000000000002
0.0899961553550499,0.1675
0.08491040914008463,0.1676
0.08002654990328684,0.16770000000000002
0.07537419545603774,0.1678
0.07097356710947145,0.16790000000000002
0.06683987162611982,0.168
0.0629853012372894,0.1681
0.05941977745580984,0.16820000000000002
0.05614938719844487,0.1683
0.05317479558254412,0.16840000000000002
0.050045024909824765,0.1685
0.04697004946578209,0.1686
0.04416334403942046,0.16870000000000002
0.04166441542419008,0.1688
0.03872400973869383,0.1689
0.036003703809972976,0.169
0.03355460899156748,0.1691
0.030831165846785913,0.16920000000000002
0.028565136239915523,0.1693
0.02639053875752606,0.1694
0.02437611081648927,0.1695
0.022929192171724067,0.1696
0.021689270732121457,0.16970000000000002
0.02060373051633979,0.1698
0.020139713721204267,0.1699
0.02040807379255649,0.17
0.020587257864134623,0.1701
0.021177164651050573,0.17020000000000002
0.022507331027254995,0.1703
0.024444358235463648,0.1704
0.02619336303537878,0.1705
0.02859693122778917,0.1706
0.03177993512048771,0.17070000000000002
0.034970367775989386,0.1708
0.03859542491607426,0.1709
0.042818951600485766,0.171
0.047517659235446486,0.1711
0.05184445857258746,0.17120000000000002
0.05648489949562174,0.1713
0.06155676592987558,0.1714
0.06699439947062935,0.1715
0.07263273644044588,0.1716
0.07833410666337026,0.17170000000000002
0.08401924476115452,0.1718
0.08962475692268113,0.1719
0.09506906810414917,0.17200000000000001
0.10028550423654448,0.1721
0.10520932510763659,0.17220000000000002
0.10978553960127746,0.1723
0.11395984823894845,0.1724
0.11768482415657178,0.17250000000000001
0.1209276373711985,0.1726
0.1236691425937827,0.17270000000000002
0.12590238115311492,0.1728
0.12762943206667654,0.1729
0.12885693185375535,0.17300000000000001
0.12959760831436173,0.1731
0.12986561989730894,0.17320000000000002
0.12967562069067085,0.1733
0.12904155003890783,0.1734
0.12797625017445913,0.17350000000000002
0.1264919250996389,0.1736
0.12460532941614677,0.17370000000000002
0.122335200072207,0.1738
0.11906329986138842,0.1739
0.11335884561312815,0.17400000000000002
0.10745470174160854,0.1741
0.10147979399658946,0.17420000000000002
0.0954804436899912,0.1743
0.0894710410585976,0.1744
0.08344011665964302,0.17450000000000002
0.07729834772634159,0.1746
0.07119907723713581,0.17470000000000002
0.06519341430975434,0.1748
0.059330814597794435,0.1749
0.05365779152698713,0.17500000000000002
0.04822081471576767,0.1751
0.04306641750603446,0.1752
0.0381595976358553,0.1753
0.03342076569410346,0.1754
0.029059349368370402,0.17550000000000002
0.02512904708254271,0.1756
0.02166409887711751,0.1757
0.018685374703319324,0.1758
0.01621280327625385,0.1759
0.013683160862954402,0.17600000000000002
0.01124661782935421,0.1761
0.009361573467376205,0.1762
0.007761502918860019,0.1763
0.005833134433116394,0.1764
0.005584079632847683,0.17650000000000002
0.005615336518148162,0.1766
0.005653847373356724,0.1767
0.005716201409002197,0.1768
0.005956888695044293,0.1769
0.006222828552460369,0.17700000000000002
0.0060837144442849045,0.1771
0.006671445218673133,0.1772
0.0081686536495571,0.1773
0.010717507669656401,0.1774
0.014272289813473726,0.17750000000000002
0.018761460033189126,0.1776
0.023653765396236315,0.1777
0.02850790879017384,0.1778
0.03371902781304814,0.1779
0.03970846263342276,0.17800000000000002
0.04640854508947978,0.1781
0.05357405177261332,0.1782
0.06106914286283127,0.17830000000000001
0.0686988244879766,0.1784
0.07631746356193969,0.17850000000000002
0.08385121421147479,0.1786
0.09124993329781905,0.1787
0.0984462778687637,0.17880000000000001
0.1053936025760891,0.1789
0.11204536250846098,0.17900000000000002
0.11835905610214503,0.1791
0.12428295670333722,0.1792
0.12976385416424274,0.17930000000000001
0.1347589553044497,0.1794
0.13924279645614523,0.17950000000000002
0.1432087150927439,0.1796
0.1466649570306635,0.1797
0.14962599188126346,0.17980000000000002
0.1521095410628246,0.1799
0.15412913015911633,0.18000000000000002
0.155693518885474,0.1801
0.15680741007604448,0.1802
0.15747371194625526,0.18030000000000002
0.15769483556251362,0.1804
0.15497361477954674,0.18050000000000002
0.15114596924324453,0.1806
0.14699823673401125,0.1807
0.1425956172007662,0.18080000000000002
0.1379622091622701,0.1809
0.13312158662660134,0.18100000000000002
0.12809850185198546,0.1811
0.12292499199572338,0.1812
0.11764146783494489,0.18130000000000002
0.11229594697146106,0.1814
0.10694010710780011,0.18150000000000002
0.1016258592260798,0.1816
0.09639774564149439,0.1817
0.09112999471959016,0.18180000000000002
0.08601263322571706,0.1819
0.08108744609254215,0.182
0.07638461125265672,0.1821
0.071925830777826,0.1822
0.06772837676023646,0.18230000000000002
0.06380629881355016,0.1824
0.06017118420351952,0.1825
0.056830681695452245,0.1826
0.05378724719326167,0.1827
0.050698380924876885,0.18280000000000002
0.04757558828681696,0.1829
0.044712030678513814,0.183
0.04215216020713064,0.1831
0.03931426040655195,0.1832
0.036535136027866955,0.18330000000000002
0.03415251287793164,0.1834
0.03137732688282768,0.1835
0.02901096232735889,0.1836
0.02694806053519927,0.1837
0.024847866009406694,0.18380000000000002
0.023278736504838138,0.1839
0.022171464053858836,0.184
0.02097927250719045,0.1841
0.020356578751995702,0.1842
0.020456442461755264,0.18430000000000002
0.02079098909864352,0.1844
0.0212621190221729,0.1845
0.022414913940806525,0.18460000000000001
0.02436198706933923,0.1847
0.026081724049566324,0.18480000000000002
0.028325448550547083,0.1849
0.03133392914106414,0.185
0.034662906315688025,0.18510000000000001
0.03814750606250561,0.1852
0.04220882786856284,0.18530000000000002
0.046763528397972376,0.1854
0.051201755344964406,0.1855
0.05574031094801768,0.18560000000000001
0.06070799635680191,0.1857
0.06605957677626528,0.18580000000000002
0.07163844833607069,0.1859
0.07730605316260042,0.186
0.08298061263450174,0.18610000000000002
0.08859467067784088,0.1862
0.09406511147186769,0.18630000000000002
0.09932313305241347,0.1864
0.10430233540271105,0.1865
0.10894571355058502,0.18660000000000002
0.11319727263247381,0.1867
0.11700787506535348,0.18680000000000002
0.12034302359967275,0.1869
0.12318183762388402,0.187
0.12551569247147887,0.18710000000000002
0.12734503343262793,0.1872
0.1286751164485137,0.18730000000000002
0.1295174843989616,0.1874
0.1298854777691254,0.1875
0.12979322136045945,0.18760000000000002
0.12925438591288385,0.1877
0.12828169644092302,0.18780000000000002
0.12688738128202892,0.1879
0.12508840366600193,0.188
0.12290376877182252,0.18810000000000002
0.12032788471536948,0.1882
0.11466445447809381,0.1883
0.10876953470334472,0.1884
0.10279307386536529,0.1885
0.09679102663392669,0.18860000000000002
0.0907763693660475,0.1887
0.08476824301680175,0.1888
0.07861884266060137,0.1889
0.07250060305836248,0.189
0.06646475794477025,0.18910000000000002
0.0605612633534085,0.1892
0.054837008378110896,0.1893
0.049339473263070976,0.1894
0.04411579212589012,0.1895
0.039194599793556106,0.18960000000000002
0.034379030085819995,0.1897
0.02992830835878979,0.1898
0.02590161603109009,0.1899
0.022335882933670836,0.19
0.01925128495767603,0.19010000000000002
0.016668252579137732,0.1902
0.014245631151083016,0.1903
0.011711266841026635,0.1904
0.009670837164833745,0.1905
0.00814427813692431,0.19060000000000002
0.006012430218882869,0.1907
0.005614208268402088,0.1908
0.005599410465640942,0.19090000000000001
0.005663961867060641,0.191
0.005688457703932004,0.19110000000000002
0.0059244678870455925,0.1912
0.006079405853920861,0.1913
0.005860022705918011,0.19140000000000001
0.006378143486183374,0.1915
0.007716048436891443,0.19160000000000002
0.01007293861419134,0.1917
0.01345526253231033,0.1918
0.017775191172611615,0.19190000000000002
0.022590096319452968,0.192
0.027642443676368922,0.19210000000000002
0.03312062152206696,0.1922
0.03889644346370402,0.1923
0.04533798010543011,0.19240000000000002
0.05236286519775768,0.1925
0.059737100084867434,0.19260000000000002
0.06730166135439819,0.1927
0.07487416411894965,0.1928
0.0823852596767155,0.19290000000000002
0.08977112638268792,0.193
0.0969701654918328,0.19310000000000002
0.1039306839728128,0.1932
0.11060982301386768,0.1933
0.11696281532473851,0.19340000000000002
0.12293986090709241,0.1935
0.12848515558293427,0.19360000000000002
0.13355454520945176,0.1937
0.13811821361639487,0.1938
0.14216691932873582,0.19390000000000002
0.1457059887140556,0.194
0.14874938736397936,0.19410000000000002
0.15131437501977862,0.1942
0.1534152070770335,0.1943
0.15506083518132296,0.19440000000000002
0.15625656230431417,0.1945
0.15700539380365564,0.19460000000000002
0.15731001042323045,0.1947
0.15549911297471275,0.1948
0.1517702555082443,0.19490000000000002
0.14768914500672736,0.195
0.1433401188599548,0.1951
0.1387552163998007,0.1952
0.13395649860944814,0.1953
0.12897025936159145,0.19540000000000002
0.12382753526190948,0.1955
0.1185673689685316,0.1956
0.113235530049967,0.1957
0.10788222928980762,0.1958
0.10255880287773023,0.19590000000000002
0.09730016977385625,0.196
0.09200413161880472,0.1961
0.0868507446927701,0.1962
0.08188222484231034,0.1963
0.07712928778664718,0.19640000000000002
0.07261446640326596,0.1965
0.06835684450010049,0.1966
0.06437301954561603,0.1967
0.06067693353608805,0.1968
0.05727815320725815,0.19690000000000002
0.05418072145718411,0.197
0.051113094713648444,0.1971
0.04796415891809125,0.19720000000000001
0.04507038841870492,0.1973
0.042476978171576585,0.19740000000000002
0.039756312175456276,0.1975
0.036951660072309656,0.1976
0.0345156361139094,0.19770000000000001
0.03187556889023746,0.1978
0.029444093480711198,0.19790000000000002
0.027449191636411685,0.198
0.025261271487057257,0.1981
0.023582271495522278,0.19820000000000002
0.022511918811915832,0.1983
0.021240809658228166,0.19840000000000002
0.020511362535400535,0.1985
0.020495582261299772,0.1986
0.02093650033729011,0.19870000000000002
0.02132139359895402,0.1988
0.02234332165889552,0.19890000000000002
0.02415254578222137,0.199
0.026063366222866202,0.1991
0.028222442906955525,0.19920000000000002
0.031083901896650223,0.1993
0.034530888922070124,0.19940000000000002
0.03787542836080937,0.1995
0.04178244160209199,0.1996
0.04619983852320142,0.19970000000000002
0.05070703808499011,0.1998
0.055156434445329694,0.19990000000000002
0.060031167288440046,0.2
0.06530217969874708,0.2001
0.07082029695683068,0.20020000000000002
0.07644724574961115,0.2003
0.08209977621778364,0.20040000000000002
0.08770756644475997,0.2005
0.09318659664384965,0.2006
0.09846670656730327,0.20070000000000002
0.10348059790051045,0.2008
0.10817114471173994,0.20090000000000002
0.11248846644314736,0.201
0.11638455201995856,0.2011
0.119816230898533,0.20120000000000002
0.12275636123146438,0.2013
0.12519020764910904,0.20140000000000002
0.12711577621628412,0.2015
0.12853845831995758,0.2016
0.12946777228190154,0.20170000000000002
0.12991772000609336,0.2018
0.1299031637100475,0.2019
0.12943831031753728,0.202
0.1285365981440132,0.2021
0.12721073941823613,0.20220000000000002
0.12547848087637625,0.2023
0.12335941869579303,0.2024
0.12086702975589514,0.2025
0.11568236071989679,0.2026
0.1098283985955334,0.20270000000000002
0.10386909550521672,0.2028
0.09787522213260968,0.2029
0.09186611194499339,0.203
0.08585939434566181,0.2031
0.07974180774508266,0.20320000000000002
0.07361854577107274,0.2033
0.06756774329769477,0.2034
0.06164103888057848,0.20350000000000001
0.05588684830333723,0.2036
0.05035199502672483,0.20370000000000002
0.045082152076747484,0.2038
0.04012372097618888,0.2039
0.03527136002267395,0.20400000000000001
0.0307402043491094,0.2041
0.026622468444987835,0.20420000000000002
0.02296170120611385,0.2043
0.019780231556812522,0.2044
0.017098372612936563,0.20450000000000002
0.01472436692665191,0.2046
0.012111421053713878,0.20470000000000002
0.009954526568178856,0.2048
0.008445435701105675,0.2049
0.006290088061232435,0.20500000000000002
0.0056306334522464585,0.2051
0.0055766053309604935,0.20520000000000002
0.005676546771853808,0.2053
0.0056820391875842535,0.2054
0.005915138439511525,0.20550000000000002
0.006115923819344671,0.2056
0.006193437343497532,0.20570000000000002
0.006456562931015153,0.2058
0.00749903338517055,0.2059
0.009601942086902904,0.20600000000000002
0.012738009364575253,0.2061
0.016860525770371115,0.20620000000000002
0.0217575318208012,0.2063
0.02663451200980882,0.2064
0.03193431539674019,0.20650000000000002
0.037552473028664046,0.2066
0.04387035419012886,0.20670000000000002
0.05080573735860594,0.2068
0.05812106653497362,0.2069
0.0656557308357606,0.20700000000000002
0.07322470592542207,0.2071
0.08075261991269878,0.20720000000000002
0.08817034874061258,0.2073
0.09541374995792429,0.2074
0.10242802354682623,0.20750000000000002
0.1091686719133953,0.2076
0.11559098983619476,0.20770000000000002
0.1216520823547036,0.2078
0.12729888720790672,0.2079
0.13248010457778825,0.20800000000000002
0.13715915569761772,0.2081
0.1413195957670852,0.2082
0.14496334616823126,0.2083
0.14810390294554154,0.2084
0.1507570975095689,0.20850000000000002
0.15293929220879088,0.2086
0.1546619616391065,0.2087
0.1559324734774571,0.2088
0.15675529739862337,0.2089
0.15713370761995826,0.20900000000000002
0.1560678216700625,0.2091
0.15241575465997903,0.2092
0.14838802717930122,0.2093
0.14408464914503893,0.2094
0.13954360525939558,0.20950000000000002
0.13478450992851632,0.2096
0.12983310312250618,0.2097
0.12471794345317055,0.20980000000000001
0.1194763078193708,0.2099
0.11415261849282865,0.21000000000000002
0.10879689330960363,0.2101
0.10346100987542817,0.2102
0.09819279060480002,0.21030000000000001
0.09287152209014304,0.2104
0.08768532407149432,0.21050000000000002
0.08267704747334181,0.2106
0.07787879908639073,0.2107
0.07331484127048338,0.21080000000000002
0.06900597243766171,0.2109
0.06496988946546833,0.21100000000000002
0.06122109783706953,0.2111
0.057769582897189586,0.2112
0.0546200805750745,0.21130000000000002
0.05160034694667859,0.2114
0.04841523065850395,0.21150000000000002
0.04547652391071155,0.2116
0.04283469324346667,0.2117
0.0402115082083534,0.21180000000000002
0.03736029295714105,0.2119
0.03485557378468229,0.21200000000000002
0.03229538715412561,0.2121
0.029794910688674348,0.2122
0.027800266294614406,0.21230000000000002
0.025586944884425478,0.2124
0.023821974007161684,0.21250000000000002
0.022677255012410136,0.2126
0.02149059885028093,0.2127
0.020670734119457634,0.21280000000000002
0.020525167858010285,0.2129
0.02101608736280869,0.21300000000000002
0.021291997977175514,0.2131
0.022171513905098195,0.2132
0.02383788364224415,0.21330000000000002
0.025817721588014653,0.2134
0.02787389935247453,0.21350000000000002
0.030606332678858372,0.2136
0.03408688788684189,0.2137
0.03734113210981849,0.21380000000000002
0.04113138111217585,0.2139
0.045445357517133855,0.21400000000000002
0.05002145421781434,0.2141
0.05439969899874719,0.2142
0.05920247255049893,0.21430000000000002
0.0644152589843544,0.2144
0.06989555188154095,0.21450000000000002
0.07550499417112766,0.2146
0.08115843343265383,0.2147
0.08678257698406411,0.21480000000000002
0.09229228269411216,0.2149
0.09761576075501088,0.215
0.10268437660714225,0.2151
0.10743933974683317,0.2152
0.11182910925034162,0.21530000000000002
0.11580397122931374,0.2154
0.11931915928614611,0.2155
0.12234590766905795,0.2156
0.12486810257416603,0.2157
0.12688261353638564,0.21580000000000002
0.12839402961628799,0.2159
0.1294112880923316,0.216
0.12994794299944457,0.21610000000000001
0.13001849002074528,0.2162
0.12963687576797245,0.21630000000000002
0.12881637444554572,0.2164
0.1275690281217554,0.2165
0.1259067960495701,0.21660000000000001
0.12384619198114144,0.2167
0.12140607177325424,0.21680000000000002
0.11682127798917386,0.2169
0.11100819904928594,0.217
0.10506174414672431,0.21710000000000002
0.09907031247072562,0.2172
0.09306035560442372,0.21730000000000002
0.08704748521088501,0.2174
0.0809525829623865,0.2175
0.07481592547031846,0.21760000000000002
0.06874182225420544,0.2177
0.06278206598973801,0.21780000000000002
0.05698573521138384,0.2179
0.051399841769522725,0.218
0.046070421220999025,0.21810000000000002
0.0410438809927558,0.2182
0.036170971239599226,0.21830000000000002
0.03157034987139595,0.2184
0.027373923984443493,0.2185
0.023629406552805765,0.21860000000000002
0.020360351705984936,0.2187
0.017586119051854032,0.21880000000000002
0.015298863560570641,0.2189
0.012604307948435478,0.219
0.01031923778650179,0.21910000000000002
0.0086669884451398,0.2192
0.006699979461491035,0.21930000000000002
0.005665659645178511,0.2194
0.005595200457340743,0.2195
0.005618490580102442,0.21960000000000002
0.005686523056303905,0.2197
0.005837841237969599,0.21980000000000002
0.005941188641793049,0.2199
0.005880985888866208,0.22
0.006013589535583952,0.22010000000000002
0.006912038386232222,0.2202
0.00881813303561052,0.22030000000000002
0.01176667209797766,0.2204
0.015704249654498792,0.2205
0.020521532222669725,0.22060000000000002
0.025340882772211915,0.2207
0.03048524399848107,0.22080000000000002
0.035977485683789334,0.2209
0.04220591890295422,0.221
0.04908724901916517,0.22110000000000002
0.056377654894923745,0.2212
0.06391441654273067,0.22130000000000002
0.07150934336228454,0.2214
0.0790812046731092,0.2215
0.08655610106658818,0.22160000000000002
0.09386760028615715,0.2217
0.10095818816249602,0.2218
0.10778182878078235,0.22190000000000001
0.11429282470976809,0.222
0.1204478284795919,0.22210000000000002
0.12619305711287865,0.2222
0.13147594180046251,0.2223
0.13625796515305255,0.22240000000000001
0.1405208085435926,0.2225
0.1442652285137198,0.22260000000000002
0.14750470940494387,0.2227
0.15025577391971534,0.2228
0.15253554436074612,0.22290000000000001
0.15435572047513402,0.223
0.1557233161237792,0.22310000000000002
0.15664212707383252,0.2232
0.15711486949099174,0.2233
0.1568019919894088,0.22340000000000002
0.15322359477173675,0.2235
0.14924300843693905,0.22360000000000002
0.14497753957376536,0.2237
0.14047244464610031,0.2238
0.13574573588036976,0.22390000000000002
0.13082291151372105,0.224
0.12573015820919242,0.22410000000000002
0.120503069892408,0.2242
0.11518480327079461,0.2243
0.10982509560922704,0.22440000000000002
0.10447593507349073,0.2245
0.09918855707424645,0.22460000000000002
0.09387652644041378,0.2247
0.08865837370466978,0.2248
0.08360977158514238,0.22490000000000002
0.07876581425980911,0.225
0.07415317870698956,0.22510000000000002
0.06979294852771478,0.2252
0.06570184757337139,0.2253
0.06189428919993112,0.22540000000000002
0.05838186696461922,0.2255
0.055171458768398685,0.22560000000000002
0.05221522287546754,0.2257
0.04898448233396291,0.2258
0.045989045803386475,0.22590000000000002
0.04328550276093446,0.226
0.04076036787539872,0.22610000000000002
0.037845586363349115,0.2262
0.03525220001364282,0.2263
0.03275801177837301,0.22640000000000002
0.030167689392032848,0.2265
0.028059997516840074,0.22660000000000002
0.025895980597264057,0.2267
0.024035371649904658,0.2268
0.02276921910848939,0.22690000000000002
0.021622645236279103,0.227
0.02070020170107223,0.22710000000000002
0.02041932849248207,0.2272
0.02087504970734,0.2273
0.02114498547126442,0.22740000000000002
0.021908793888415934,0.2275
0.023425680611516286,0.22760000000000002
0.02549126456939943,0.2277
0.027412731026886794,0.2278
0.029986904517938173,0.22790000000000002
0.0333210909688022,0.228
0.03662672108616549,0.2281
0.04031564914832253,0.22820000000000001
0.044527678458477826,0.2283
0.04915696252020907,0.22840000000000002
0.05346809599963431,0.2285
0.0582057171449506,0.2286
0.06336892467036992,0.22870000000000001
0.06882156049409971,0.2288
0.07442473308263764,0.22890000000000002
0.08009091189871465,0.229
0.08574381799169228,0.2291
0.0912973614809437,0.22920000000000001
0.09667823908781459,0.2293
0.10181647086604018,0.22940000000000002
0.10665147669888397,0.2295
0.11112988918199895,0.2296
0.11520016043812731,0.22970000000000002
0.11881579738106285,0.2298
0.12194617913135286,0.22990000000000002
0.1245733982611914,0.23
0.12669261384698371,0.2301
0.1283070372263614,0.23020000000000002
0.12942464238292006,0.2303
0.13005847618122757,0.23040000000000002
0.1302229188857703,0.2305
0.12993208971015213,0.2306
0.12919953923338545,0.23070000000000002
0.12803759045909435,0.2308
0.12645840844728973,0.23090000000000002
0.12447873209135474,0.231
0.12211755888399412,0.2311
0.11806541527942438,0.23120000000000002
0.11229124283464598,0.2313
0.10635616027861339,0.23140000000000002
0.10036503931363683,0.2315
0.0943521048944207,0.2316
0.0883321389832794,0.23170000000000002
0.0822751314874004,0.2318
0.07612688178417382,0.23190000000000002
0.07003005935600426,0.232
0.06403746417784006,0.2321
0.05819945951237537,0.23220000000000002
0.05256338328997123,0.2323
0.04717564255697626,0.23240000000000002
0.042082476748980246,0.2325
0.03723538672018423,0.2326
0.0325653999061184,0.23270000000000002
0.028282232570422394,0.2328
0.024441094291409282,0.23290000000000002
0.021068565182767784,0.233
0.018183258064225605,0.2331
0.015806139668389507,0.23320000000000002
0.013237986462985463,0.2333
0.010841131277489646,0.23340000000000002
0.009008112104375021,0.2335
0.007162565826098755,0.2336
0.005710311806053747,0.23370000000000002
0.00558254189387819,0.2338
0.00558499174609306,0.23390000000000002
0.005676194829439707,0.234
0.005746822134015561,0.2341
0.005814232071220449,0.23420000000000002
0.006404305427637924,0.2343
0.006981889798681307,0.23440000000000003
0.007653798971859693,0.23450000000000001
0.009040534527341215,0.2346
0.011435231460447559,0.23470000000000002
0.01480155345313694,0.2348
0.019136690263479972,0.2349
0.024304090561317215,0.23500000000000001
0.029087449024679968,0.2351
0.03415407688724237,0.23520000000000002
0.03998768126202412,0.2353
0.04655100529806955,0.2354
0.053604023505336995,0.23550000000000001
0.0610090270078425,0.2356
0.06856759347803887,0.23570000000000002
0.07613082342198974,0.2358
0.08362035913834409,0.2359
0.09098404837482799,0.23600000000000002
0.0981540155426679,0.2361
0.10508197861545987,0.23620000000000002
0.11171805255021827,0.2363
0.11801522333833159,0.2364
0.12391728412694614,0.23650000000000002
0.12936862966954488,0.2366
0.13432689266717224,0.23670000000000002
0.13876909988774844,0.2368
0.14269122864404138,0.2369
0.14610276435319047,0.23700000000000002
0.1490176964540747,0.2371
0.15145275962489113,0.23720000000000002
0.15342147857159316,0.2373
0.1549342297889431,0.2374
0.15599825349551932,0.23750000000000002
0.1566185556032078,0.2376
0.1567982811988734,0.23770000000000002
0.1543249746831895,0.2378
0.15044964743571942,0.2379
0.1462505444033434,0.23800000000000002
0.14180007283289875,0.2381
0.13712447780847759,0.23820000000000002
0.1322460286821946,0.2383
0.12718957079809146,0.2384
0.12198678711353073,0.23850000000000002
0.11667820750106972,0.2386
0.11131202290106312,0.23870000000000002
0.10594022528412095,0.2388
0.10061485664170677,0.2389
0.0952845109945285,0.23900000000000002
0.09001158056240965,0.2391
0.0848993592459345,0.23920000000000002
0.07998568093483593,0.2393
0.07529922947039369,0.2394
0.0708626286384354,0.23950000000000002
0.06669393266303936,0.2396
0.06280811809426046,0.23970000000000002
0.059217122919633436,0.2398
0.05592844045533307,0.2399
0.052943927653547274,0.24000000000000002
0.04980989831503657,0.2401
0.046759705446930644,0.24020000000000002
0.04398474409905084,0.2403
0.04151977622799108,0.2404
0.03868057617360754,0.24050000000000002
0.035993568405709775,0.2406
0.03366059536330401,0.24070000000000003
0.030958227842186492,0.24080000000000001
0.0286949678249937,0.2409
0.026661275794806594,0.24100000000000002
0.024659937844988766,0.2411
0.023203579937950636,0.2412
0.02212569000379694,0.24130000000000001
0.021038909846993192,0.2414
0.020539119380598825,0.24150000000000002
0.020764512502370325,0.2416
0.021118654834823003,0.2417
0.021699726174388756,0.24180000000000001
0.022977768609294236,0.2419
0.025044899470188398,0.24200000000000002
0.02678100221684998,0.2421
0.029122526900962065,0.2422
0.032232568007394935,0.24230000000000002
0.035590475113908004,0.2424
0.03916037176176035,0.24250000000000002
0.043300457286709504,0.2426
0.047916103388603304,0.2427
0.05236157673186903,0.24280000000000002
0.056938236831836964,0.2429
0.06193352371883387,0.24300000000000002
0.06729790157757387,0.2431
0.07287282046106114,0.2432
0.07852024836731153,0.24330000000000002
0.0841612311471156,0.2434
0.08973110632764936,0.24350000000000002
0.09514821398624307,0.2436
0.1003455186175074,0.2437
0.10525817197548892,0.24380000000000002
0.10983077023747734,0.2439
0.11400875721122472,0.24400000000000002
0.11774427348129268,0.2441
0.12100390178287568,0.2442
0.12376768217318745,0.24430000000000002
0.12602771324195294,0.2444
0.1277849734841764,0.24450000000000002
0.12904505985733972,0.2446
0.12981973586714024,0.2447
0.13012243995098194,0.24480000000000002
0.12996732813994116,0.2449
0.12936804769688148,0.24500000000000002
0.12833726841511106,0.2451
0.12688711192222013,0.2452
0.1250343307023729,0.24530000000000002
0.12279770339140839,0.2454
0.11971630427729396,0.24550000000000002
0.1140243677811208,0.2456
0.10812312953595249,0.2457
0.102147091369171,0.24580000000000002
0.09614512135570175,0.2459
0.0901312101315499,0.24600000000000002
0.08411423555072095,0.2461
0.07796697519556128,0.2462
0.07185727459283009,0.24630000000000002
0.06583644331516003,0.2464
0.05995433677048467,0.24650000000000002
0.05425767735034959,0.2466
0.04879333964110266,0.2467
0.043608176637206286,0.24680000000000002
0.0387296190747064,0.2469
0.033961217948963895,0.24700000000000003
0.02956096525185492,0.24710000000000001
0.02558671792701106,0.2472
0.022074351960688743,0.24730000000000002
0.01904390903294173,0.2474
0.016515747791539415,0.24750000000000003
0.01407713471162464,0.24760000000000001
0.011586848507457947,0.2477
0.009607386974459953,0.24780000000000002
0.008053033978191682,0.2479
0.0059717676466597425,0.248
0.005608194491704577,0.24810000000000001
0.0056067912982693535,0.2482
0.005670731933721251,0.24830000000000002
0.0056973076173609805,0.2484
0.0059652644498362495,0.2485
0.006155596831795229,0.24860000000000002
0.005954452472826999,0.2487
0.00648513179853305,0.24880000000000002
0.007928392330857736,0.2489
0.010413359980158576,0.249
0.013904985414707083,0.24910000000000002
0.01832280450506607,0.2492
0.023069470440207906,0.24930000000000002
0.027867113845570834,0.2494
0.03302942056344249,0.2495
0.03897749798467798,0.24960000000000002
0.0456410144868542,0.2497
0.05277562656209156,0.24980000000000002
0.06024518041792759,0.2499
0.06785547487502441,0.25
0.07546041983310003,0.2501
0.08298480668835473,0.25020000000000003
0.09037673499339582,0.2503
0.09756792878005283,0.2504
0.10451114664024586,0.2505
0.11116040986142772,0.2506
0.11747429083654004,0.25070000000000003
0.12340234223516466,0.2508
0.1288918920109542,0.2509
0.13389973290039492,0.251
0.13839904901715128,0.2511
0.14238163511973134,0.25120000000000003
0.14585458885219993,0.2513
0.1488319340731541,0.2514
0.1513314195337826,0.2515
0.15336673749609153,0.2516
0.15494669345854528,0.25170000000000003
0.15607597178066324,0.2518
0.15675758192007483,0.2519
0.1569943119341648,0.252
0.15498184475971222,0.2521
0.15117974671245327,0.25220000000000004
0.14703598658576122,0.2523
0.1426339898945863,0.2524
0.1380050574211532,0.2525
0.13317031973356297,0.2526
0.12815354877467278,0.25270000000000004
0.12298380805241615,0.2528
0.11769956659911573,0.2529
0.11234751754905214,0.253
0.10697902318245622,0.2531
0.10164595475802862,0.25320000000000004
0.09633799633107665,0.2533
0.09103989925229328,0.2534
0.0858915328903046,0.2535
0.08093365960730714,0.2536
0.07619629601306821,0.25370000000000004
0.07170197291930103,0.2538
0.06746944383746045,0.2539
0.0635149533161995,0.254
0.059851856201116105,0.2541
0.05648896713366236,0.25420000000000004
0.05342939881053943,0.2543
0.05030161876296435,0.2544
0.047186092022753146,0.2545
0.04433734826745939,0.2546
0.0417951337352056,0.25470000000000004
0.038993679395950887,0.2548
0.03623315509607394,0.2549
0.03386400077159579,0.255
0.031140047487071332,0.2551
0.028783763630277015,0.25520000000000004
0.02677521493167112,0.2553
0.024693204997193074,0.2554
0.023139406012961716,0.2555
0.02214946187095479,0.2556
0.020976206099090344,0.25570000000000004
0.020352637807248275,0.2558
0.020449533015254096,0.2559
0.02089622343996478,0.256
0.021379054920174223,0.2561
0.02252508559014821,0.25620000000000004
0.02446446753759557,0.25630000000000003
0.02630667123755903,0.2564
0.02856425989071676,0.2565
0.03156553889308977,0.2566
0.0349938985217253,0.25670000000000004
0.03847703701603189,0.25680000000000003
0.04252422676620182,0.2569
0.0470655087310885,0.257
0.051583530961546664,0.2571
0.05611752134801784,0.25720000000000004
0.06107271865103825,0.25730000000000003
0.06641112790159609,0.2574
0.07197915567437962,0.2575
0.07763831930682863,0.2576
0.08330754145802222,0.2577
0.08891916339013095,0.25780000000000003
0.09439006436857422,0.2579
0.09965123347880434,0.258
0.10463610505056209,0.2581
0.10928739872843185,0.2582
0.11354894833090812,0.25830000000000003
0.11737142235858355,0.2584
0.12072013966576445,0.2585
0.1235740083550495,0.2586
0.12592420244409774,0.2587
0.12777093345515766,0.25880000000000003
0.129119232120517,0.2589
0.12998038028631664,0.259
0.13036743999303524,0.2591
0.13029422666597634,0.2592
0.1297741021506924,0.25930000000000003
0.1288195078190979,0.2594
0.12744245431973444,0.2595
0.12565978476348427,0.2596
0.12349045858984264,0.2597
0.12084464580102683,0.25980000000000003
0.11517655886717337,0.2599
0.10927826933816542,0.26
0.10329728307669717,0.2601
0.09728842197126775,0.2602
0.09126489626156609,0.26030000000000003
0.0852459748291502,0.2604
0.07912562482830399,0.2605
0.07299737639474957,0.2606
0.06694786429943356,0.2607
0.0610288170737181,0.26080000000000003
0.05528800143599821,0.2609
0.04977279283935521,0.261
0.04453038848584945,0.2611
0.03960875454794621,0.2612
0.03485128713971397,0.26130000000000003
0.03037795536072796,0.2614
0.02631423430340174,0.2615
0.02270482646893468,0.2616
0.01957334036482905,0.2617
0.016940376606671803,0.26180000000000003
0.014603396112769174,0.2619
0.012018058781317897,0.262
0.009890961456488823,0.2621
0.008393222810824108,0.2622
0.006195212289787255,0.26230000000000003
0.005625147713792744,0.2624
0.00558085828725674,0.2625
0.005670011538090325,0.2626
0.005683154676049407,0.2627
0.005935636471613437,0.26280000000000003
0.005911663980131543,0.2629
0.005780948150150067,0.263
0.006388788948792579,0.2631
0.007587159895405593,0.2632
0.009716755594962434,0.26330000000000003
0.012909326051262715,0.2634
0.017054133521513526,0.2635
0.02199806162250506,0.2636
0.026905681729338937,0.2637
0.03223705768347451,0.26380000000000003
0.037885573749872004,0.2639
0.0442305673205301,0.264
0.05118870864800251,0.2641
0.05852246574610609,0.2642
0.06607036011692857,0.26430000000000003
0.07364679907775096,0.2644
0.08117676990533274,0.2645
0.08859175526170382,0.2646
0.09582758631219179,0.2647
0.10283001228487354,0.26480000000000004
0.1095546403527985,0.2649
0.11595577575166394,0.265
0.12198305008329446,0.2651
0.1275800229403634,0.2652
0.13270159801257475,0.26530000000000004
0.13731667981155105,0.2654
0.1414147762345923,0.2655
0.1450003880295473,0.2656
0.14808721680884107,0.2657
0.15069276032927204,0.26580000000000004
0.1528318149561264,0.2659
0.15451398923289195,0.266
0.1557452215281877,0.2661
0.15652905281884155,0.2662
0.15686855265461142,0.26630000000000004
0.1557569933552464,0.2664
0.1520476483261024,0.2665
0.14796333995831645,0.2666
0.14360608442862155,0.2667
0.1390150354238372,0.26680000000000004
0.1342103655577419,0.2669
0.1292180712655555,0.267
0.12406685540598728,0.2671
0.11879417115315005,0.2672
0.11344460608236684,0.26730000000000004
0.10806822187401188,0.2674
0.10271670015988621,0.2675
0.09740836322730917,0.2676
0.09207719704100181,0.2677
0.08688595556404388,0.26780000000000004
0.08187621194879446,0.2679
0.07707958259410574,0.268
0.07252059305224912,0.2681
0.0682202995117388,0.2682
0.06419674291592337,0.26830000000000004
0.06046468444326003,0.2684
0.05703425927450323,0.2685
0.053910129812503316,0.2686
0.05084388247609595,0.2687
0.04768638031918071,0.26880000000000004
0.044785948579608936,0.26890000000000003
0.042187683995472236,0.269
0.03951871403592855,0.2691
0.036708925096496925,0.2692
0.03425893279281533,0.26930000000000004
0.03166214988945604,0.26940000000000003
0.029214483567584937,0.2695
0.027249550295803227,0.2696
0.025051322863840486,0.2697
0.023358624913628168,0.26980000000000004
0.022302444929160004,0.26990000000000003
0.02109750140794242,0.27
0.020356057195060062,0.2701
0.020314832783057568,0.2702
0.02080910273446057,0.27030000000000004
0.021177417902829676,0.27040000000000003
0.022171879415848528,0.2705
0.023957401463905015,0.2706
0.02592220862778194,0.2707
0.028076472525875085,0.27080000000000004
0.030925793885524078,0.27090000000000003
0.03442952640447827,0.271
0.037770888221598575,0.2711
0.041670773878128786,0.2712
0.046086927535677225,0.2713
0.0506596714639147,0.27140000000000003
0.05511885383585935,0.2715
0.06000196310202466,0.2716
0.0652847969217385,0.2717
0.07081996808635938,0.2718
0.07646869922055588,0.27190000000000003
0.08214730444717533,0.272
0.08778460793287135,0.2721
0.09329623202345227,0.2722
0.09861154050324328,0.2723
0.10366286559532034,0.27240000000000003
0.10839261026583125,0.2725
0.11275042748693409,0.2726
0.11668776521018931,0.2727
0.12016091671834539,0.2728
0.12314221738453401,0.27290000000000003
0.12561653059007816,0.273
0.1275815859452346,0.2731
0.12904263330522403,0.2732
0.13000911775429524,0.2733
0.130494998982721,0.27340000000000003
0.1305150845577947,0.2735
0.13008352018158686,0.2736
0.1292136767236668,0.2737
0.12791758137117082,0.2738
0.12620709918539186,0.27390000000000003
0.12409856178537626,0.274
0.12161064873414562,0.2741
0.11640362289518691,0.2742
0.11055107843144307,0.2743
0.1045922513815779,0.27440000000000003
0.09859553201795268,0.2745
0.09257821701340929,0.2746
0.08655741459617694,0.2747
0.08047674007903871,0.2748
0.07433388138125452,0.27490000000000003
0.068257820404801,0.275
0.06230291371374985,0.2751
0.05651874220372677,0.2752
0.05095205691866056,0.2753
0.04564864439578975,0.27540000000000003
0.04065484728846336,0.2755
0.03587702124144121,0.2756
0.03131288490552819,0.2757
0.027145244061347107,0.2758
0.02342700024965705,0.27590000000000003
0.020184928870272012,0.276
0.01743897703842756,0.2761
0.015170226523945507,0.2762
0.01249255494094248,0.2763
0.01022754169236273,0.27640000000000003
0.008599174856910974,0.2765
0.006582254817158573,0.2766
0.005654392606060377,0.2767
0.005592206300693459,0.2768
0.005630474668264496,0.27690000000000003
0.005688551524522634,0.277
0.00585525724375624,0.2771
0.005996203272834011,0.2772
0.0060196209057630234,0.2773
0.006164692504133873,0.27740000000000004
0.007122627555356864,0.2775
0.009100139142531605,0.2776
0.012111245285958416,0.2777
0.016105008465560733,0.2778
0.020969159537803206,0.27790000000000004
0.025781883429503605,0.278
0.030975051813134646,0.2781
0.03650867824273951,0.2782
0.0427680022895518,0.2783
0.04966936897897689,0.27840000000000004
0.05697088068477041,0.2785
0.06451032818673008,0.2786
0.07210017684436187,0.2787
0.0796609324002241,0.2788
0.08711977392944636,0.27890000000000004
0.09441050564253795,0.279
0.10147597882202308,0.2791
0.10827029975182723,0.2792
0.1147478243348885,0.2793
0.12086527436808436,0.27940000000000004
0.12656910097130813,0.2795
0.13180733512958787,0.2796
0.1365424405011102,0.2797
0.14075711719693507,0.2798
0.14445284583706908,0.27990000000000004
0.14764335387688754,0.28
0.15034501452840532,0.2801
0.15257468923923379,0.2802
0.15434393262071155,0.2803
0.15565982244359056,0.28040000000000004
0.1565263842886635,0.2805
0.1569466132905435,0.2806
0.1564889526699197,0.2807
0.15285727856149456,0.2808
0.1488282005274656,0.28090000000000004
0.14451750694179133,0.281
0.13996986899551078,0.2811
0.13520364503162763,0.2812
0.13024439465780369,0.2813
0.12511864503350156,0.28140000000000004
0.11986227713408981,0.28150000000000003
0.11451869351645294,0.2816
0.10913770925934385,0.2817
0.10377126023274152,0.2818
0.09847037150914206,0.28190000000000004
0.09311683163211038,0.28200000000000003
0.0878878797767344,0.2821
0.08283325816453224,0.2822
0.07798643867231725,0.2823
0.07337306981231073,0.28240000000000004
0.06901523646580754,0.28250000000000003
0.06493173026897503,0.2826
0.06113791918233846,0.2827
0.057644519015150886,0.2828
0.054456978497391395,0.28290000000000004
0.051455287694372354,0.28300000000000003
0.048244946071343886,0.2831
0.04527867673943331,0.2832
0.042609403342888985,0.2833
0.04002996024009842,0.28340000000000004
0.0371492053650071,0.28350000000000003
0.03460464828483323,0.2836
0.032068640623612144,0.2837
0.029528379132571336,0.2838
0.027487967665894786,0.28390000000000004
0.02529205939198187,0.28400000000000003
0.02349377378043327,0.2841
0.022312034912803647,0.2842
0.021148603555084744,0.2843
0.020302796164300307,0.2844
0.02012439909282615,0.28450000000000003
0.020649549025380187,0.2846
0.020938784850181857,0.2847
0.021804702287725686,0.2848
0.023443779122763964,0.2849
0.025506220641004163,0.28500000000000003
0.027530599954748824,0.2851
0.030226963551752473,0.2852
0.03368170787018254,0.2853
0.036971326787053505,0.2854
0.04076354676033156,0.28550000000000003
0.04508438119155067,0.2856
0.04971891596443201,0.2857
0.05411691801616647,0.2858
0.058941163360844095,0.2859
0.06418121054650772,0.28600000000000003
0.06969590070053422,0.2861
0.07534600272926717,0.2862
0.08104521947152699,0.2863
0.08671903401285741,0.2864
0.09228181496312382,0.28650000000000003
0.09766118436644855,0.2866
0.10278803264273373,0.2867
0.10760297482265446,0.2868
0.11205388838408159,0.2869
0.11609042010026938,0.28700000000000003
0.11966716265519817,0.2871
0.12275465325183677,0.2872
0.1253360707124539,0.2873
0.12740759873275076,0.2874
0.128973296966175,0.28750000000000003
0.13004178841824765,0.2876
0.1306265783725612,0.2877
0.13074230837830791,0.2878
0.1304031851492009,0.2879
0.12962274878363278,0.28800000000000003
0.1284132577816055,0.2881
0.12678680290809485,0.2882
0.1247600057055418,0.2883
0.1223517548648635,0.2884
0.11766567078149437,0.28850000000000003
0.1118500206642088,0.2886
0.10590105938141658,0.2887
0.09990357120546889,0.2888
0.09388246627970731,0.2889
0.08785389616576678,0.28900000000000003
0.08181479136403569,0.2891
0.07566006084912191,0.2892
0.06956081739596465,0.2893
0.06357260566685419,0.2894
0.057746355062478605,0.28950000000000004
0.05212909159475232,0.2896
0.04676693109638963,0.2897
0.04170599974797562,0.2898
0.03696060509439181,0.2899
0.03232617041978436,0.29000000000000004
0.028069769601818173,0.2901
0.024252405585886816,0.2902
0.020904216042711088,0.2903
0.01804446661819359,0.2904
0.015694657895490627,0.29050000000000004
0.01313595929266298,0.2906
0.010754193103260645,0.2907
0.008940675042415025,0.2908
0.007056746276792092,0.2909
0.00569780526167829,0.29100000000000004
0.005590268601653348,0.2911
0.005588416352102277,0.2912
0.005679237397443027,0.2913
0.005761064833287088,0.2914
0.005809310523214206,0.29150000000000004
0.0064199946157104115,0.2916
0.007042471234024683,0.2917
0.007770530935594433,0.2918
0.009230906049280785,0.2919
0.011714122692087381,0.29200000000000004
0.015172682895025602,0.2921
0.0195940927933973,0.2922
0.024755457356761212,0.2923
0.029578705181319442,0.2924
0.0347192759479209,0.29250000000000004
0.04062145289077512,0.2926
0.047238432608667,0.2927
0.05432912267571477,0.2928
0.0617586096938606,0.2929
0.06932888945726279,0.29300000000000004
0.07689221793577516,0.2931
0.08437264216035945,0.2932
0.091719712388446,0.2933
0.09886598610673158,0.2934
0.10576373090808833,0.29350000000000004
0.11236342172766178,0.2936
0.11861850239821814,0.2937
0.12447346425831107,0.2938
0.1298737342069387,0.2939
0.13477833110352844,0.29400000000000004
0.13916564633505535,0.29410000000000003
0.143032680781352,0.2942
0.14638935791790497,0.2943
0.14924955762385816,0.2944
0.15162958571248208,0.29450000000000004
0.153542478722266,0.29460000000000003
0.15499826600789568,0.2947
0.15600409294483364,0.2948
0.15656509430256582,0.2949
0.15668470279842983,0.29500000000000004
0.15394873189629732,0.29510000000000003
0.15001667471633828,0.2952
0.14577015726485576,0.2953
0.1412767227502958,0.2954
0.13656060079481702,0.29550000000000004
0.13164466852226187,0.29560000000000003
0.1265538660548069,0.2957
0.12132060420077473,0.2958
0.11598588427472878,0.2959
0.1105981841042919,0.29600000000000004
0.10520942142999079,0.29610000000000003
0.09987138779837812,0.2962
0.09450692676965655,0.2963
0.08922365526785825,0.2964
0.084105438827905,0.29650000000000004
0.07918973221619563,0.29660000000000003
0.07450516777496152,0.2967
0.07007442773238981,0.2968
0.0659153120104401,0.2969
0.06204256798987462,0.29700000000000004
0.05846783519122134,0.29710000000000003
0.05519824906025428,0.2972
0.052235137333637605,0.2973
0.049028838005410025,0.2974
0.045996709528673296,0.2975
0.04325190941260293,0.29760000000000003
0.04082298973974652,0.2977
0.03790360035741425,0.2978
0.035252213411158584,0.2979
0.03287122599743619,0.298
0.030222618259342138,0.29810000000000003
0.028030404730954306,0.2982
0.025972415434931895,0.2983
0.024036426175323644,0.2984
0.02266624435947384,0.2985
0.021573963449041056,0.29860000000000003
0.0205654039647456,0.2987
0.020169666586164814,0.2988
0.020509955350552556,0.2989
0.02082611242188004,0.299
0.021503071204999946,0.29910000000000003
0.022910254360033244,0.2992
0.024986753600084954,0.2993
0.026822274506905774,0.2994
0.02929765627699865,0.2995
0.03254357247950068,0.29960000000000003
0.03588383399812867,0.2997
0.039508095675553134,0.2998
0.04365964155176938,0.2999
0.04833022403485132,0.3
0.05261100917708861,0.30010000000000003
0.057324655891853205,0.3002
0.06247911170202769,0.3003
0.06796796538364636,0.3004
0.07364609026240165,0.3005
0.0793727119707297,0.30060000000000003
0.08507706322766839,0.3007
0.09069352894909832,0.3008
0.0961439042577309,0.3009
0.10135993495712026,0.301
0.10627917138082277,0.30110000000000003
0.1108463473346285,0.3012
0.11500903048596312,0.3013
0.11871993606219611,0.3014
0.12194767987307265,0.3015
0.12467343096847816,0.30160000000000003
0.1268912647743663,0.3017
0.12860337642264486,0.3018
0.12981681331766481,0.3019
0.13054398829126534,0.302
0.1307988785479045,0.30210000000000004
0.13059548577505153,0.3022
0.12994735691608406,0.3023
0.1288669013136361,0.3024
0.12736636081789776,0.3025
0.1254626740221505,0.30260000000000004
0.12317505152178942,0.3027
0.11937338458991764,0.3028
0.11362955877629866,0.3029
0.10770949514217631,0.303
0.10172497944552705,0.30310000000000004
0.09571335801554748,0.3032
0.08968880001473556,0.3033
0.08367068584754467,0.3034
0.07753946875877649,0.3035
0.07142141288226755,0.30360000000000004
0.06539673143433633,0.3037
0.05951872540746428,0.3038
0.053835994915176766,0.3039
0.048395424862302416,0.304
0.04324328284461654,0.30410000000000004
0.03842663738764096,0.3042
0.03378027005255224,0.3043
0.029420526117027723,0.3044
0.025479205940421634,0.3045
0.021994043089046844,0.30460000000000004
0.018986887445223033,0.3047
0.01648011153337059,0.3048
0.014121531896836625,0.3049
0.011600915166960712,0.305
0.009551448371641902,0.30510000000000004
0.0078079880203303365,0.3052
0.005833612447412984,0.3053
0.005601340442362268,0.3054
0.005611871127374046,0.3055
0.005674096243488025,0.30560000000000004
0.00570371760822308,0.3057
0.005985912015675554,0.3058
0.006201519161552538,0.3059
0.006035934106835894,0.306
0.006599581100428242,0.30610000000000004
0.008081346634232878,0.3062
0.010606129355917204,0.3063
0.014134681345109978,0.3064
0.018589797310663014,0.3065
0.023368893372543775,0.30660000000000004
0.02820439401674868,0.30670000000000003
0.03340249014063956,0.3068
0.03938278516174698,0.3069
0.04607403736887328,0.307
0.05323173463659425,0.30710000000000004
0.06071922567071142,0.30720000000000003
0.06834150206885503,0.3073
0.07595184111526443,0.3074
0.08347574367513633,0.3075
0.09086216935949176,0.30760000000000004
0.0980436945527261,0.30770000000000003
0.10497407081376664,0.3078
0.1116079679307398,0.3079
0.11790401512024717,0.308
0.12381133482446627,0.30810000000000004
0.12927673758010383,0.30820000000000003
0.13425690389853762,0.3083
0.13872528909970328,0.3084
0.14267413697166587,0.3085
0.14611085645329647,0.30860000000000004
0.14904955939304576,0.30870000000000003
0.15150801598008068,0.3088
0.15350008368922596,0.3089
0.1550349742399959,0.309
0.15611796577555725,0.30910000000000004
0.15675266625523,0.30920000000000003
0.1569423256706436,0.3093
0.1547577861062993,0.3094
0.15090551949755027,0.3095
0.1467172418717464,0.30960000000000004
0.14227356655602708,0.30970000000000003
0.13760455528112148,0.3098
0.13273161607779904,0.3099
0.1276785032606811,0.31
0.12247470378266201,0.31010000000000004
0.1171590793631273,0.31020000000000003
0.11177875997644704,0.3103
0.10638547418314126,0.3104
0.10103144867780833,0.3105
0.09569510132852121,0.3106
0.09038022147440494,0.31070000000000003
0.08521926784260281,0.3108
0.08025237366184512,0.3109
0.07550983567807568,0.311
0.07101505197393754,0.3111
0.06678662841278493,0.31120000000000003
0.06283973866440651,0.3113
0.059186616717916474,0.3114
0.055835320933002475,0.3115
0.05278868256445901,0.3116
0.04961310383287931,0.31170000000000003
0.04650643329030024,0.3118
0.04367549563519546,0.3119
0.04115670561269669,0.312
0.038295848004166855,0.3121
0.035559359794677725,0.31220000000000003
0.03321009502902217,0.3123
0.030458889066137695,0.3124
0.028145505643986546,0.3125
0.026112375241919894,0.3126
0.024080732596263754,0.31270000000000003
0.0225936302372316,0.3128
0.02159277817546945,0.3129
0.02048012371120045,0.313
0.019937872038367388,0.3131
0.020127487369851815,0.31320000000000003
0.020538143239624773,0.3133
0.0210986290457158,0.3134
0.022352319164256507,0.3135
0.024407357218038328,0.3136
0.02619650466829726,0.31370000000000003
0.02854754937700532,0.3138
0.031669121803123534,0.3139
0.03508586511107192,0.314
0.03867609714215359,0.3141
0.04284098027255823,0.31420000000000003
0.04749215553754782,0.3143
0.051998237575749284,0.3144
0.05662106030413239,0.3145
0.06166733185964968,0.3146
0.06708857662116674,0.31470000000000004
0.07272605266209664,0.3148
0.07844066212017897,0.3149
0.08415220700671167,0.315
0.08979475298806805,0.3151
0.09528568209761912,0.31520000000000004
0.1005568806325704,0.3153
0.10554251476161258,0.3154
0.1101862543497707,0.3155
0.11443276507547395,0.3156
0.11823362420105232,0.31570000000000004
0.12155518373434138,0.3158
0.124377462125972,0.3159
0.1266927020525349,0.316
0.12850209773030508,0.3161
0.12981146291241208,0.31620000000000004
0.1306327442606906,0.3163
0.13097948540974436,0.3164
0.13086584017598202,0.3165
0.13030535919978248,0.3166
0.1293105383104578,0.31670000000000004
0.12789330555872425,0.3168
0.12607030502166672,0.3169
0.12386027088341489,0.317
0.12060095634805601,0.3171
0.11489187143113233,0.31720000000000004
0.10897744729713355,0.3173
0.10298664185735185,0.3174
0.09696581431328122,0.3175
0.09092962690683237,0.3176
0.08489809924524772,0.31770000000000004
0.07880558067014798,0.3178
0.07267196466051151,0.3179
0.0666211427842236,0.318
0.06070686838466377,0.3181
0.05497754320469972,0.31820000000000004
0.049479683821399334,0.3183
0.04426000617903347,0.3184
0.03936645026349295,0.3185
0.034730580379211506,0.3186
0.030291921359110185,0.31870000000000004
0.026255395029618933,0.31880000000000003
0.022666636661857753,0.3189
0.019551252683434495,0.319
0.01693211332650235,0.3191
0.01467483081092058,0.31920000000000004
0.012055697164804924,0.31930000000000003
0.00985548855282592,0.3194
0.008186282508710008,0.3195
0.00601485444363048,0.3196
0.005613667489222429,0.31970000000000004
0.005581214172731164,0.31980000000000003
0.005668526789631034,0.3199
0.005684224246847336,0.32
0.005956771461844701,0.3201
0.005912543672271342,0.32020000000000004
0.005788358553629358,0.32030000000000003
0.006421750554622019,0.3204
0.007708049710630549,0.3205
0.009952137598267408,0.3206
0.013259830280723417,0.32070000000000004
0.017507449109208872,0.32080000000000003
0.022361542554435676,0.3209
0.027366250764413014,0.321
0.03279655441288232,0.3211
0.038532606563545624,0.32120000000000004
0.044945481141076105,0.32130000000000003
0.05195275819586209,0.3214
0.05931823237426248,0.3215
0.06688147036742154,0.3216
0.07445781445441935,0.32170000000000004
0.08197564060496398,0.32180000000000003
0.08936910791655073,0.3219
0.09657589670060562,0.322
0.10354387155910849,0.3221
0.11023043899097829,0.32220000000000004
0.1165910011204101,0.32230000000000003
0.122575668760466,0.3224
0.12812800629542942,0.3225
0.1332030267896711,0.3226
0.1377698963457057,0.32270000000000004
0.1418185184328261,0.32280000000000003
0.14535363077109187,0.3229
0.14838894073934616,0.323
0.15094177369997064,0.3231
0.15302676490163514,0.32320000000000004
0.15465350995580185,0.32330000000000003
0.1558281615959064,0.3234
0.15655462428287292,0.3235
0.15683638206509354,0.3236
0.15546278573926997,0.32370000000000004
0.15170005745102566,0.32380000000000003
0.1475713133614076,0.3239
0.1431736370811154,0.324
0.13854399015905006,0.3241
0.1337028350100783,0.3242
0.12867594249353298,0.32430000000000003
0.12349254339403481,0.3244
0.11819059749410232,0.3245
0.11281523801183246,0.3246
0.10741679006142668,0.3247
0.10204695679663711,0.32480000000000003
0.096709257064859,0.3249
0.09136236916911722,0.325
0.08616083594158519,0.3251
0.0811465219747548,0.3252
0.07635043762302185,0.32530000000000003
0.0717959967031373,0.3254
0.06750298328005688,0.3255
0.06348859977806443,0.3256
0.05976722337303264,0.3257
0.05634883533843693,0.32580000000000003
0.05323798075386876,0.3259
0.050108125465622155,0.326
0.0469589530292287,0.3261
0.04407687793749315,0.3262
0.04150279091408393,0.32630000000000003
0.03875832880429364,0.3264
0.03597382452451647,0.3265
0.03356693867472016,0.3266
0.03091265623929562,0.3267
0.02850995548400781,0.32680000000000003
0.026519439354184993,0.3269
0.024379637405213428,0.327
0.022762549461523784,0.3271
0.021766461726288266,0.3272
0.02055452705267391,0.32730000000000004
0.019887758526946797,0.3274
0.01994662210515674,0.3275
0.020419861732963174,0.3276
0.02087695389166777,0.3277
0.02199036278040123,0.32780000000000004
0.02390326842239121,0.3279
0.025830770498430633,0.328
0.028089787580241055,0.3281
0.031069355535420895,0.3282
0.034568008172030096,0.32830000000000004
0.03802415385342872,0.3284
0.0420505174458814,0.3285
0.046584886628735056,0.3286
0.05114122938173549,0.3287
0.055695929336524674,0.32880000000000004
0.060677019104199426,0.3289
0.0660484906019384,0.329
0.07165716874993966,0.3291
0.07736371667839415,0.3292
0.0830855732088599,0.32930000000000004
0.0887535728852592,0.3294
0.09428387212182832,0.3295
0.09960673534210884,0.3296
0.1046551592750109,0.3297
0.10937142394152344,0.32980000000000004
0.11369897656277805,0.3299
0.11758800620351284,0.33
0.12100332868797825,0.3301
0.123923283458652,0.3302
0.12633849899307115,0.33030000000000004
0.12824864130198188,0.3304
0.12965822853941278,0.3305
0.13057803274791102,0.3306
0.13102067615679336,0.3307
0.13099964846273382,0.33080000000000004
0.13052819168201202,0.3309
0.1296188368032003,0.331
0.12828325043327027,0.3311
0.1265328592852596,0.3312
0.12438376310566646,0.33130000000000004
0.1217345707028078,0.33140000000000003
0.1160725473540638,0.3315
0.11017964378703193,0.3316
0.10420203577458431,0.3317
0.0981924986742726,0.33180000000000004
0.0921622227105039,0.33190000000000003
0.08612949352450516,0.332
0.08006347856839457,0.3321
0.0739138754905263,0.3322
0.0678345001807763,0.33230000000000004
0.061880764970195345,0.33240000000000003
0.056102291685898864,0.3325
0.050546646241360405,0.3326
0.045261440176477485,0.3327
0.040294720352289426,0.33280000000000004
0.035631935894701705,0.33290000000000003
0.031115568309285857,0.333
0.026987109019275923,0.3331
0.023303222693328962,0.3332
0.020093079571017913,0.33330000000000004
0.017376700458314964,0.33340000000000003
0.0151671337294208,0.3335
0.01247402827837818,0.3336
0.010163330514863844,0.3337
0.008514202323014697,0.33380000000000004
0.006339801174337412,0.33390000000000003
0.005628586294419202,0.334
0.005591718809262902,0.3341
0.0056303248730671385,0.3342
0.005689597273294877,0.33430000000000004
0.0058596504504193625,0.33440000000000003
0.006015848516528033,0.3345
0.0060711105390174325,0.3346
0.006263784137315875,0.3347
0.007289201059152983,0.33480000000000004
0.009353769532457923,0.33490000000000003
0.012461530989519742,0.335
0.01654907508125336,0.3351
0.021438283504233047,0.3352
0.02628312666816046,0.33530000000000004
0.03155956570097973,0.33540000000000003
0.037166209380540494,0.3355
0.04348275127692958,0.3356
0.05042545894894923,0.3357
0.05775428421743656,0.33580000000000004
0.0653074985517077,0.33590000000000003
0.07289795403830746,0.336
0.08044870718620578,0.3361
0.08788889196885863,0.3362
0.09515371009009854,0.33630000000000004
0.10218786150389891,0.33640000000000003
0.10894710038426625,0.3365
0.11538589925012044,0.3366
0.12145469973229206,0.3367
0.12709737742209637,0.33680000000000004
0.13226871230324577,0.33690000000000003
0.13693628748809916,0.337
0.14108765143979618,0.3371
0.1447249961775816,0.3372
0.14786034959302818,0.3373
0.1505103648365138,0.33740000000000003
0.15268997180447108,0.3375
0.15440926623607765,0.3376
0.155674702616868,0.3377
0.15649005445446418,0.3378
0.15685860202751212,0.33790000000000003
0.15621784188726584,0.338
0.1525294439686663,0.3381
0.14845006359922674,0.3382
0.14409280041410488,0.3383
0.1395011924739572,0.33840000000000003
0.13469396312561188,0.3385
0.12969669518155647,0.3386
0.12453635327275459,0.3387
0.11924918237910287,0.3388
0.11387889055466038,0.33890000000000003
0.10847537274516672,0.339
0.1030904838465504,0.3391
0.09776176619904775,0.3392
0.09238651024639133,0.3393
0.08714640460742251,0.33940000000000003
0.08208487479042259,0.3395
0.0772351024707626,0.3396
0.0726226668530966,0.3397
0.06826945192519418,0.3398
0.06419383702652437,0.33990000000000004
0.060410677025959036,0.34
0.05693018505676317,0.3401
0.05375738911767658,0.3402
0.05068573818302391,0.3403
0.04748708900238352,0.34040000000000004
0.04454338422816262,0.3405
0.04190267889319821,0.3406
0.03925016094566458,0.3407
0.03639941224220977,0.3408
0.03390222436397616,0.34090000000000004
0.031314477733129564,0.341
0.02882308295964431,0.3411
0.02685084673922833,0.3412
0.024615867683463577,0.3413
0.022879100611013392,0.34140000000000004
0.021783500121837385,0.3415
0.020596028596485016,0.3416
0.01982677717209813,0.3417
0.019753850948790452,0.3418
0.020276053387400017,0.34190000000000004
0.020659397776133792,0.342
0.02164507516968861,0.3421
0.02341114485415985,0.3422
0.025447094760587374,0.3423
0.027575113375207128,0.34240000000000004
0.030399921665947183,0.3425
0.033901500739844215,0.3426
0.037248785179594845,0.3427
0.04116189149652216,0.3428
0.045601346050539115,0.34290000000000004
0.05022566444922805,0.343
0.054718531625073785,0.3431
0.05963943536136407,0.3432
0.06496645213770003,0.3433
0.07055262104337845,0.34340000000000004
0.07625816805097974,0.3435
0.08199787484832832,0.3436
0.0876990944274667,0.3437
0.09327663898268723,0.3438
0.09865906008025505,0.34390000000000004
0.10377808827229473,0.34400000000000003
0.10857555601456914,0.3441
0.11300063628239232,0.3442
0.11700426929875196,0.3443
0.12054224655560919,0.34440000000000004
0.12358638807794775,0.34450000000000003
0.12612103670208896,0.3446
0.12814342900084508,0.3447
0.129658460218674,0.3448
0.1306753955310226,0.34490000000000004
0.13120823719918573,0.34500000000000003
0.13127198433068554,0.3451
0.13088105259037752,0.3452
0.13004907432662882,0.3453
0.12878828933836795,0.34540000000000004
0.12711070607961883,0.34550000000000003
0.12503279621040453,0.3456
0.1225733209867309,0.3457
0.11724015674241339,0.3458
0.11138187272514954,0.34590000000000004
0.10541853333626217,0.34600000000000003
0.09941429946848379,0.3461
0.09338462102619505,0.3462
0.08734715431147155,0.3463
0.08132326777095278,0.34640000000000004
0.07516253257420247,0.34650000000000003
0.06906059917441532,0.3466
0.06307656481266455,0.3467
0.05726174152749097,0.3468
0.051662585598008626,0.34690000000000004
0.04632491553836959,0.34700000000000003
0.04129539992199982,0.3471
0.03662091316910798,0.3472
0.03205067001030626,0.3473
0.02782774126208043,0.34740000000000004
0.024038171240362116,0.34750000000000003
0.020717089959143342,0.3476
0.017885960196539985,0.3477
0.015566543812124412,0.3478
0.01300783578115583,0.34790000000000004
0.01064403556173521,0.34800000000000003
0.008856379512211854,0.3481
0.006907623054458245,0.3482
0.00568012000373086,0.3483
0.0055895242276111645,0.34840000000000004
0.00559518778114132,0.34850000000000003
0.00568269670744459,0.3486
0.0058459854913042175,0.3487
0.005855006975551635,0.3488
0.005993150434395522,0.34890000000000004
0.006941858387342403,0.34900000000000003
0.007845100165357666,0.3491
0.009392038311536677,0.3492
0.012006014609795779,0.3493
0.01565364672770575,0.34940000000000004
0.020261570951781493,0.34950000000000003
0.025335290671229416,0.3496
0.03033081176035246,0.3497
0.03564683279875158,0.3498
0.04170458173542335,0.34990000000000004
0.04844439788314503,0.35000000000000003
0.05562629014582732,0.3501
0.06311805295798956,0.3502
0.0707233700414156,0.3503
0.07829636380979643,0.3504
0.08576629842588568,0.35050000000000003
0.09308664716901138,0.3506
0.10019156503121607,0.3507
0.1070354507137471,0.3508
0.11357064003797745,0.3509
0.11975273930192287,0.35100000000000003
0.1255284634971633,0.3511
0.13084555048785307,0.3512
0.13566514025593512,0.3513
0.1399673740693208,0.3514
0.14375032386284925,0.35150000000000003
0.1470243023916903,0.3516
0.1498028285072367,0.3517
0.15210132932117804,0.3518
0.1539316004031015,0.3519
0.15530257621938826,0.35200000000000004
0.15622085019956533,0.3521
0.15669181748211503,0.3522
0.15671977969707285,0.3523
0.15343957880532333,0.3524
0.1494339900601731,0.35250000000000004
0.14513378702928414,0.3526
0.14059429633648346,0.3527
0.13583443341885615,0.3528
0.13087798023501895,0.3529
0.12574978735606668,0.35300000000000004
0.12048374757827374,0.3531
0.11512183608500293,0.3532
0.10971315600762865,0.3533
0.10430953243591035,0.3534
0.0989624331712099,0.35350000000000004
0.09356786819516949,0.3536
0.08827852167779748,0.3537
0.08315926358498127,0.3538
0.07824728894771582,0.3539
0.07357135049753327,0.35400000000000004
0.06915408116981914,0.3541
0.06501261980584694,0.3542
0.06116098943345494,0.3543
0.05760999234418507,0.3544
0.0543659310018334,0.35450000000000004
0.05136711132632921,0.3546
0.048116093726496834,0.3547
0.045106636817620505,0.3548
0.042395161816041194,0.3549
0.039880613639200924,0.35500000000000004
0.03696286441082819,0.3551
0.03436827212475935,0.3552
0.03189287455521961,0.3553
0.029304017791084602,0.3554
0.027201399718203012,0.35550000000000004
0.025052674259407715,0.3556
0.023204638420639245,0.3557
0.02196033442035472,0.3558
0.020830340368083844,0.3559
0.019934791591513124,0.35600000000000004
0.019690954708576403,0.3561
0.020195556013870908,0.3562
0.02045346803306658,0.3563
0.02125983534640241,0.3564
0.022843437224316476,0.35650000000000004
0.024907803188240152,0.35660000000000003
0.026895975900917746,0.3567
0.029556337431590807,0.3568
0.03298570029108694,0.3569
0.03629278269389791,0.35700000000000004
0.04007125113094201,0.35710000000000003
0.04438764849169963,0.3572
0.049054902614712015,0.3573
0.05346649675446069,0.3574
0.058312077197183676,0.35750000000000004
0.06358391238329053,0.35760000000000003
0.06914149471452602,0.3577
0.07484438727929221,0.3578
0.08060425536980853,0.3579
0.08634476365909105,0.35800000000000004
0.09197942852201968,0.35810000000000003
0.09743488790598065,0.3582
0.10264113519530149,0.3583
0.10753774692092433,0.3584
0.11207153634247635,0.35850000000000004
0.11619108484945373,0.35860000000000003
0.11985004482928563,0.3587
0.1230181812953196,0.3588
0.12567809509852146,0.3589
0.12782556340566975,0.35900000000000004
0.12946441209333726,0.35910000000000003
0.13060314304250387,0.3592
0.1312552341616695,0.3593
0.1314353490937359,0.3594
0.13115774306944405,0.35950000000000004
0.13043599948739337,0.35960000000000003
0.1292823962475711,0.3597
0.12770901536439838,0.3598
0.12573252774785482,0.3599
0.12337187886835377,0.36000000000000004
0.11871843218569555,0.36010000000000003
0.11291109390368359,0.3602
0.10696433862051424,0.3603
0.10096361442734969,0.3604
0.0949342567805781,0.36050000000000004
0.0888926506892499,0.36060000000000003
0.0828596207295288,0.3607
0.07674470453938043,0.3608
0.07062437097440377,0.3609
0.06460680318210765,0.36100000000000004
0.05874624386194238,0.36110000000000003
0.05309108535656937,0.3612
0.047687294255801094,0.3613
0.042580830472639164,0.3614
0.03781788501320427,0.36150000000000004
0.03328196226290636,0.36160000000000003
0.028969128662439392,0.3617
0.025065737120533615,0.3618
0.021618244838250478,0.3619
0.018653407298116154,0.36200000000000004
0.01619375689757452,0.36210000000000003
0.013806222120730682,0.3622
0.011320089896598606,0.3623
0.009326410496661497,0.3624
0.0075145520755135475,0.36250000000000004
0.005757666607664191,0.36260000000000003
0.005580058511145181,0.3627
0.005614372386816946,0.3628
0.005648628092854713,0.3629
0.0057169193810335805,0.36300000000000004
0.005980612712013222,0.36310000000000003
0.006267199859190109,0.3632
0.006175549926649815,0.3633
0.006806325570158478,0.3634
0.00834418911347723,0.3635
0.01092925986459492,0.36360000000000003
0.01451441331213621,0.3637
0.019030935941196647,0.3638
0.023927140995021245,0.3639
0.028812010626075413,0.364
0.03405294251375457,0.36410000000000003
0.040069096798622805,0.3642
0.046791414740776416,0.3643
0.053974498105450186,0.3644
0.06148203809197683,0.3645
0.06911781873944467,0.36460000000000004
0.07673494317675689,0.3647
0.0842598023020793,0.3648
0.09164249055669937,0.3649
0.09881578206079067,0.365
0.10573344662158413,0.36510000000000004
0.11234925207596536,0.3652
0.11862062261325312,0.3653
0.12449545705769416,0.3654
0.1299202694797823,0.3655
0.13485265519464007,0.36560000000000004
0.13926791776575476,0.3657
0.14316026667217163,0.3658
0.14653855747216216,0.3659
0.14941753996644058,0.366
0.1518151413261728,0.36610000000000004
0.15374527303738006,0.3662
0.1552173808263616,0.3663
0.15623712008320756,0.3664
0.15680841176549687,0.3665
0.15693458679527295,0.36660000000000004
0.15438034724206307,0.3667
0.15045913156397273,0.3668
0.1462132648645521,0.3669
0.14171598981983358,0.367
0.1369945686097368,0.36710000000000004
0.1320717815395187,0.3672
0.12697212292072413,0.3673
0.12172671722232653,0.3674
0.11637558507601731,0.3675
0.11096665395176808,0.36760000000000004
0.1055518639541907,0.3677
0.10018336892963686,0.3678
0.09482215319098342,0.3679
0.08950089971720387,0.368
0.08433982150307529,0.36810000000000004
0.07937801176983394,0.3682
0.07464477493529587,0.3683
0.07016282028653897,0.3684
0.06595025868919968,0.3685
0.062022133340167485,0.36860000000000004
0.05839068806697156,0.3687
0.05506398706862048,0.3688
0.052044641111291146,0.3689
0.048805315170054264,0.369
0.04572133749671825,0.36910000000000004
0.04292567930853752,0.36920000000000003
0.040448836582072545,0.3693
0.03750726300971596,0.3694
0.03481169202261225,0.3695
0.03240922025172743,0.36960000000000004
0.02971718889822883,0.36970000000000003
0.027481869252676594,0.3698
0.025412116470034052,0.3699
0.0234499785113782,0.37
0.022056257535427726,0.37010000000000004
0.02102036093007653,0.37020000000000003
0.019990284068728048,0.3703
0.0195626943416205,0.3704
0.019879705517269475,0.3705
0.020221280551327103,0.37060000000000004
0.020884449912604852,0.37070000000000003
0.022282858377541848,0.3708
0.024367207005575597,0.3709
0.026213188964739675,0.371
0.02870572891003076,0.37110000000000004
0.03197957616254832,0.37120000000000003
0.03535576635532722,0.3713
0.03907585406127634,0.3714
0.04338386929455473,0.3715
0.04816651815730033,0.37160000000000004
0.052643376411984466,0.37170000000000003
0.05736970106981376,0.3718
0.06251954040541963,0.3719
0.06803122720361232,0.372
0.07374005101501635,0.37210000000000004
0.07950685446808314,0.37220000000000003
0.08525308692248468,0.3723
0.09091534703619997,0.3724
0.09641176874223845,0.3725
0.10167550414236792,0.37260000000000004
0.10664179676482755,0.37270000000000003
0.11125574942927707,0.3728
0.11546333612548465,0.3729
0.1192175144941886,0.373
0.12248608260861926,0.37310000000000004
0.12525055939307883,0.37320000000000003
0.127504612835448,0.3733
0.12925075439557498,0.3734
0.1304958366877289,0.3735
0.13125262477503985,0.37360000000000004
0.13153515553109274,0.37370000000000003
0.13135783118023048,0.3738
0.13073425878130052,0.3739
0.1296768923402356,0.374
0.12819754603945288,0.37410000000000004
0.12631267439232408,0.37420000000000003
0.12404082340368316,0.3743
0.12003287565433063,0.3744
0.11427372869144459,0.3745
0.10834097164090084,0.37460000000000004
0.10234078408672986,0.37470000000000003
0.09630907964800006,0.3748
0.0902621695603063,0.3749
0.08422078768858554,0.375
0.07814482075278983,0.37510000000000004
0.07200825843735514,0.37520000000000003
0.06596116969578891,0.3753
0.06005980439262559,0.3754
0.05435380176264504,0.3755
0.04888924382120874,0.37560000000000004
0.043712078806326105,0.37570000000000003
0.038868739206303404,0.3758
0.034346694834917146,0.3759
0.029953931791648847,0.376
0.025952770057759533,0.37610000000000005
0.022397232202845174,0.37620000000000003
0.01931759786169085,0.3763
0.016736879517498915,0.3764
0.014475683568095032,0.3765
0.011882551698029209,0.3766
0.009718813269933513,0.37670000000000003
0.007999370995346755,0.3768
0.005888369071647581,0.3769
0.005612418769458394,0.377
0.005593080523416782,0.3771
0.005667319128987991,0.37720000000000004
0.005688864876089994,0.3773
0.005976222704822787,0.3774
0.006065677665073377,0.3775
0.005875379244820733,0.3776
0.006433760653638654,0.37770000000000004
0.00785893581763486,0.3778
0.010302070889803172,0.3779
0.013764498182404328,0.378
0.018151624715654124,0.3781
0.022917218237890502,0.37820000000000004
0.028038397232812873,0.3783
0.033586769948581896,0.3784
0.039426744551965154,0.3785
0.0459204413621368,0.3786
0.05298602682306286,0.37870000000000004
0.06038955817282665,0.3788
0.0679720559878556,0.3789
0.07555045631443402,0.379
0.08305714199763392,0.3791
0.09042915038598476,0.37920000000000004
0.09760535863664388,0.3793
0.10453491143761351,0.3794
0.11117605444558532,0.3795
0.11748476144754105,0.3796
0.12341166457418129,0.37970000000000004
0.12890103149005339,0.3798
0.13390907892152049,0.3799
0.13840642147225157,0.38
0.142384356734375,0.3801
0.1458485653290046,0.38020000000000004
0.1488131723241417,0.3803
0.15129549994343017,0.3804
0.15330995760569766,0.3805
0.15486583822867928,0.3806
0.1559690597425023,0.38070000000000004
0.1566234004801459,0.3808
0.15683237607693945,0.3809
0.15501127831290018,0.381
0.1511791403673629,0.3811
0.14699531145008138,0.38120000000000004
0.1425479587498485,0.38130000000000003
0.13787059245714983,0.3814
0.1329849793788962,0.3815
0.12791716891143778,0.3816
0.12269776879503946,0.38170000000000004
0.11736570929777324,0.38180000000000003
0.1119668704368757,0.3819
0.10655174961896219,0.382
0.10117194639400262,0.3821
0.09581241026577181,0.38220000000000004
0.09046230951866585,0.38230000000000003
0.08526320406729582,0.3824
0.0802559761390601,0.3825
0.07547082322993914,0.3826
0.07093069063263047,0.38270000000000004
0.06665491479755115,0.38280000000000003
0.06266044745974264,0.3829
0.058961494394865754,0.383
0.05556787210178693,0.3831
0.052483792791109485,0.38320000000000004
0.0492739401000315,0.38330000000000003
0.0461453309124511,0.3834
0.04329737123270472,0.3835
0.04076434300349674,0.3836
0.037923480477707106,0.38370000000000004
0.035180685786627475,0.38380000000000003
0.032838926119662215,0.3839
0.030111832050587983,0.384
0.027773712092049818,0.3841
0.025749722421009258,0.38420000000000004
0.023689335195264283,0.38430000000000003
0.02217387020763617,0.3844
0.021164617691834753,0.3845
0.020041637122621303,0.3846
0.019492152214907854,0.38470000000000004
0.019681522168149,0.38480000000000003
0.020103019037799763,0.3849
0.020667585897159668,0.385
0.02192906334200395,0.3851
0.02399848536674054,0.38520000000000004
0.025794355968239868,0.38530000000000003
0.02815959563090309,0.3854
0.031302481568037166,0.3855
0.03472856092151777,0.3856
0.03834343354034053,0.38570000000000004
0.042541051193722756,0.38580000000000003
0.047231924352537424,0.3859
0.051761717647259786,0.386
0.05642967953843425,0.3861
0.06152682994396086,0.38620000000000004
0.06700211929317257,0.38630000000000003
0.072694884576467,0.3864
0.07846480000149658,0.3865
0.08423063163139599,0.3866
0.08992591478125322,0.38670000000000004
0.09546772808056381,0.38680000000000003
0.1007878648177628,0.3869
0.10582053434607352,0.387
0.11050953483678483,0.3871
0.11479960423964153,0.38720000000000004
0.11864232191080593,0.38730000000000003
0.12200399761415615,0.3874
0.12486453721921753,0.3875
0.12721602841113588,0.3876
0.12905950333453953,0.38770000000000004
0.130400626501046,0.38780000000000003
0.13125125915529146,0.3879
0.13162492135872106,0.388
0.1315358069376502,0.3881
0.13099756003577467,0.38820000000000005
0.13002280006127442,0.38830000000000003
0.12862358671117724,0.3884
0.1268167140458104,0.3885
0.12462104037211363,0.3886
0.12113913767282436,0.38870000000000005
0.11542029017071509,0.38880000000000003
0.10950327204476007,0.3889
0.10350963721155304,0.389
0.097482213155348,0.3891
0.0914360627590044,0.38920000000000005
0.08539137603184777,0.38930000000000003
0.07935054535542341,0.3894
0.07320420337342737,0.3895
0.06713611143028841,0.3896
0.061203344458165554,0.38970000000000005
0.05545602576794728,0.38980000000000004
0.04994063818899064,0.3899
0.044703965556502245,0.39
0.039793377047758094,0.3901
0.0352551814643256,0.3902
0.030825218248032416,0.39030000000000004
0.026747583553585308,0.3904
0.02310377773770722,0.3905
0.01992840858470113,0.3906
0.017245909474509213,0.3907
0.0150770777261926,0.39080000000000004
0.012398697455792584,0.3909
0.010095342304243138,0.391
0.0084501326388291,0.3911
0.006201001007813511,0.3912
0.005617406896387012,0.39130000000000004
0.0055844905971618175,0.3914
0.0056461262903506615,0.3915
0.005687240986623321,0.3916
0.005894250929443956,0.3917
0.006082946308211934,0.39180000000000004
0.006179968567134209,0.3919
0.006455529866860266,0.392
0.007564760314753061,0.3921
0.009734181486308557,0.3922
0.012943888229930423,0.39230000000000004
0.017129585101750777,0.3924
0.022002893572867777,0.3925
0.02694382581615762,0.3926
0.03231149177671666,0.3927
0.03799493775936669,0.39280000000000004
0.044369496901810024,0.3929
0.051352862509224995,0.393
0.058706988938599824,0.3931
0.06627105051728921,0.3932
0.0738589518105428,0.39330000000000004
0.08139663001690034,0.3934
0.08881529254041143,0.3935
0.09605095928566076,0.3936
0.10304943888710782,0.3937
0.10976741026269121,0.39380000000000004
0.11616017537278989,0.39390000000000003
0.12217881423785826,0.394
0.12776776811517598,0.3941
0.1328825125106089,0.3942
0.13749137538307699,0.39430000000000004
0.14158251192840965,0.39440000000000003
0.14515837486719585,0.3945
0.14823087852537797,0.3946
0.1508164207442796,0.3947
0.15292978650565214,0.39480000000000004
0.15458123666330115,0.39490000000000003
0.15577769964591037,0.395
0.15652357294299812,0.3951
0.15682271116467406,0.3952
0.15580398559059327,0.39530000000000004
0.15204911549889366,0.39540000000000003
0.14791614421111143,0.3955
0.14351047427865038,0.3956
0.13887237953309728,0.3957
0.13402136380859087,0.39580000000000004
0.12898317123545122,0.39590000000000003
0.12378595341206144,0.396
0.11846686829517139,0.3961
0.11307036774851487,0.3962
0.10764663365255522,0.39630000000000004
0.10224761030308671,0.39640000000000003
0.09689201149053739,0.3965
0.09150928900309863,0.3966
0.08626806088904604,0.3967
0.08121109076950828,0.39680000000000004
0.0763708406207263,0.39690000000000003
0.07177226150466909,0.397
0.06743643968599544,0.3971
0.06338106405759736,0.3972
0.05962041417653907,0.39730000000000004
0.05616427283534309,0.39740000000000003
0.05301728690224228,0.3975
0.04987446032759757,0.3976
0.046695569896669564,0.3977
0.0437839563238267,0.39780000000000004
0.041182215174830894,0.39790000000000003
0.03844631670478149,0.398
0.0356362389374858,0.3981
0.03320102008436909,0.3982
0.030552001143212326,0.39830000000000004
0.028122909940342833,0.39840000000000003
0.026128399519757206,0.3985
0.023962400400268535,0.3986
0.022319436541459847,0.3987
0.02131901349281362,0.39880000000000004
0.020090776057171134,0.39890000000000003
0.01940774963289349,0.399
0.019456723894117678,0.3991
0.019928176150420418,0.3992
0.02037919647534836,0.39930000000000004
0.021491343491683246,0.39940000000000003
0.023411695820287903,0.3995
0.025331392101071604,0.3996
0.02760080529111897,0.3997
0.030602039954048088,0.39980000000000004
0.03410758553480675,0.39990000000000003
0.03759094963732523,0.4
0.04165323213307426,0.4001
0.04623106645699293,0.4002
0.05081458261006855,0.40030000000000004
0.0554173447420474,0.40040000000000003
0.06045266329890564,0.4005
0.06588235679995624,0.4006
0.07155167542114171,0.4007
0.07732021062986283,0.40080000000000005
0.08310423784206378,0.40090000000000003
0.08883383418105839,0.401
0.09442461468728425,0.4011
0.09980641055541839,0.4012
0.1049118782758578,0.40130000000000005
0.10968302509671823,0.40140000000000003
0.114063014793087,0.4015
0.11800179116077458,0.4016
0.12146403063046385,0.4017
0.12442800276473187,0.40180000000000005
0.1268843309754908,0.40190000000000003
0.12883272871509277,0.402
0.13027778893292075,0.4021
0.13123040164859445,0.4022
0.13170332321535028,0.40230000000000005
0.13171017740252056,0.40240000000000004
0.1312643241770156,0.4025
0.13037837767236238,0.4026
0.12906404467861998,0.4027
0.12733275061966942,0.40280000000000005
0.12520060831250424,0.40290000000000004
0.12235481903684797,0.403
0.11668386492648675,0.4031
0.1107871881569863,0.4032
0.10480451610291952,0.4033
0.09878572983940792,0.40340000000000004
0.09274266399924924,0.4035
0.08669400714007758,0.4036
0.0806628536795474,0.4037
0.07451635282658986,0.4038
0.06841829350724826,0.40390000000000004
0.06244346859407357,0.404
0.0566434832533651,0.4041
0.0510657604345548,0.4042
0.04575752981511405,0.4043
0.040767121287911934,0.40440000000000004
0.03614248760732064,0.4045
0.031704942569045214,0.4046
0.027552810987917953,0.4047
0.02382131588076497,0.4048
0.020550198798325425,0.40490000000000004
0.017766669622302667,0.405
0.015492348934106337,0.4051
0.012980607093889818,0.4052
0.010633114797795384,0.4053
0.008856942503329579,0.40540000000000004
0.006831963105779604,0.4055
0.005673387269052865,0.4056
0.005590621994273182,0.4057
0.005601346897083248,0.4058
0.0056867504519046985,0.40590000000000004
0.0058461298764531655,0.406
0.005892667874204616,0.4061
0.005813275965089515,0.4062
0.0060362247244827305,0.4063
0.006960233130737237,0.40640000000000004
0.008876456679684841,0.40650000000000003
0.011837318967438781,0.4066
0.015788145951035393,0.4067
0.020625950564460815,0.4068
0.025490130467001215,0.40690000000000004
0.030658504743087178,0.40700000000000003
0.03617571529186914,0.4071
0.04243022366385274,0.4072
0.049338572204883135,0.4073
0.05665646375260747,0.40740000000000004
0.06422052144158885,0.40750000000000003
0.07184149665736661,0.4076
0.07943749678779055,0.4077
0.08693316880455504,0.4078
0.09426018040936801,0.40790000000000004
0.10135958279848711,0.40800000000000003
0.10818487892033957,0.4081
0.11469083184797357,0.4082
0.12083514153446473,0.4083
0.1265648376003381,0.40840000000000004
0.1318277221022217,0.40850000000000003
0.1365852669589952,0.4086
0.14081884335583772,0.4087
0.1445288350874453,0.4088
0.14772850987370323,0.40890000000000004
0.1504343137155546,0.40900000000000003
0.1526635308615797,0.4091
0.1544281847482346,0.4092
0.1557358019255196,0.4093
0.1565908453774445,0.40940000000000004
0.15699679212798157,0.40950000000000003
0.15670597894659588,0.4096
0.15303472431431142,0.4097
0.1489585345541422,0.4098
0.1445988635468609,0.40990000000000004
0.14000287275758927,0.41000000000000003
0.13518879783838644,0.4101
0.1301824595101223,0.4102
0.1250099733360729,0.4103
0.11970693427018719,0.41040000000000004
0.11431650167018914,0.41050000000000003
0.10888848614253188,0.4106
0.10347493729409896,0.4107
0.09812722231988469,0.4108
0.09275047659840396,0.41090000000000004
0.08747359107677066,0.41100000000000003
0.08237169596333493,0.4111
0.07748004940284348,0.4112
0.07282506463900507,0.4113
0.06842865043127755,0.41140000000000004
0.06430926443389173,0.41150000000000003
0.06048190267472264,0.4116
0.056957243573363625,0.4117
0.05374107235569303,0.4118
0.05070736173675039,0.41190000000000004
0.04746897558144525,0.41200000000000003
0.04447913203478371,0.4121
0.04179180632605428,0.4122
0.03917588388332516,0.4123
0.03627832856637614,0.41240000000000004
0.03372464944320397,0.41250000000000003
0.031147397153379996,0.4126
0.028601983608862014,0.4127
0.026569304029176122,0.4128
0.024331587452689263,0.41290000000000004
0.02254503056363033,0.41300000000000003
0.02139584389888216,0.4131
0.0202005214933616,0.4132
0.01938689820656414,0.4133
0.019266192571575136,0.41340000000000005
0.019764936207497863,0.41350000000000003
0.020105422448461585,0.4136
0.02105051050465101,0.4137
0.02278668236895487,0.4138
0.024797279042772624,0.41390000000000005
0.02690530219535825,0.41400000000000003
0.029719467070021155,0.4141
0.03321742868460742,0.4142
0.0365644937343379,0.4143
0.040487238644257184,0.41440000000000005
0.04494943346291014,0.41450000000000004
0.049603689123437045,0.4146
0.05413186174056017,0.4147
0.05909670047385274,0.4148
0.06447608038397279,0.41490000000000005
0.07012229777378665,0.41500000000000004
0.07589432496128579,0.4151
0.0817050409438318,0.4152
0.08748030209442637,0.4153
0.09313411237809754,0.41540000000000005
0.09859418509881035,0.41550000000000004
0.10379150324934927,0.4156
0.108667111644558,0.4157
0.11316939673610549,0.4158
0.11724851022847027,0.41590000000000005
0.12085955507536095,0.41600000000000004
0.12397384701686698,0.4161
0.1265753956722162,0.4162
0.12866126365485697,0.4163
0.13023631784663448,0.4164
0.13130988217906658,0.41650000000000004
0.13189609133637314,0.4166
0.13201010269810898,0.4167
0.1316664902481599,0.4168
0.13087902101537263,0.4169
0.12966002641238727,0.41700000000000004
0.12802155957100048,0.4171
0.12598015548793384,0.4172
0.1235546149247907,0.4173
0.11809426923315303,0.4174
0.112231772241146,0.41750000000000004
0.10626511901886238,0.4176
0.10025432199450757,0.4177
0.0942130105045329,0.4178
0.08815943052045638,0.4179
0.08211539429575376,0.41800000000000004
0.07602248175004456,0.4181
0.06990054730467943,0.4182
0.06388893531953554,0.4183
0.058043385750738086,0.4184
0.05241243774580684,0.41850000000000004
0.0470411960118573,0.4186
0.041975669925579995,0.4187
0.03726235317546145,0.4188
0.03285894935135758,0.4189
0.028610646030751585,0.41900000000000004
0.024758850949882616,0.41910000000000003
0.02135567077049383,0.4192
0.018434351814376804,0.4193
0.016017626936052576,0.4194
0.013657674546962983,0.41950000000000004
0.01118759511104006,0.41960000000000003
0.009212690528965117,0.4197
0.007320898088822192,0.4198
0.0057223549116312,0.4199
0.005575715019084937,0.42000000000000004
0.005599088554489651,0.42010000000000003
0.005636142617255535,0.4202
0.00571132928894702,0.4203
0.006009349078631487,0.4204
0.006135588865205932,0.42050000000000004
0.006127124616214896,0.42060000000000003
0.006988386700077509,0.4207
0.008456571505147892,0.4208
0.010847635973546765,0.4209
0.014274479430262943,0.42100000000000004
0.018710449056180023,0.42110000000000003
0.024000431694205293,0.4212
0.028855229167177976,0.4213
0.03401315808642913,0.4214
0.03995593790765861,0.42150000000000004
0.04663556777454181,0.42160000000000003
0.05380339075522689,0.4217
0.06131619941020783,0.4218
0.0689725141641917,0.4219
0.07662040799592851,0.42200000000000004
0.08418189119362318,0.42210000000000003
0.09160410359406823,0.4222
0.0988185362941939,0.4223
0.10577742328485473,0.4224
0.1124329517344016,0.42250000000000004
0.11874055564602126,0.42260000000000003
0.12464601156971034,0.4227
0.1300940910561692,0.4228
0.13504164716716138,0.4229
0.13946410505305895,0.42300000000000004
0.14335648160192782,0.42310000000000003
0.14672869078039874,0.4232
0.14959656025275714,0.4233
0.15197912545395198,0.4234
0.15389158000298242,0.42350000000000004
0.15534481405470668,0.42360000000000003
0.1563459361837216,0.4237
0.1568999181897891,0.4238
0.1570104648973698,0.4239
0.1543164234099711,0.42400000000000004
0.15034797485664575,0.42410000000000003
0.14605864315760098,0.4242
0.14151876337649294,0.4243
0.1367543695213711,0.4244
0.13178898613210843,0.42450000000000004
0.12664802400188468,0.42460000000000003
0.1213639388286869,0.4247
0.11597783779096438,0.4248
0.11053848200795013,0.4249
0.10509836370490522,0.42500000000000004
0.09971005338555206,0.42510000000000003
0.09435386233571796,0.4252
0.08902386038600396,0.4253
0.08385909950503811,0.4254
0.0788995684388033,0.42550000000000004
0.07417423498068865,0.42560000000000003
0.06970422881262328,0.4257
0.065505939522705,0.4258
0.06159297991738666,0.4259
0.057976876086800466,0.42600000000000005
0.05466567250847887,0.42610000000000003
0.05166235025187205,0.4262
0.048448246614226864,0.4263
0.04537368081045701,0.4264
0.042588864904830936,0.42650000000000005
0.04012631296879121,0.42660000000000003
0.03717767518727899,0.4267
0.03449525444820423,0.4268
0.03207217571985721,0.4269
0.0293970733161959,0.42700000000000005
0.027186456972853934,0.42710000000000004
0.025083540437836227,0.4272
0.023143350516227734,0.4273
0.02178424002885282,0.4274
0.020706190644272482,0.42750000000000005
0.019704814832611328,0.42760000000000004
0.019324938705997274,0.4277
0.019696673094648176,0.4278
0.0199685385251831,0.4279
0.020670573739090203,0.42800000000000005
0.022135381902703033,0.42810000000000004
0.024173582718497455,0.4282
0.026072499944374883,0.4283
0.028639471101714165,0.4284
0.03199035017775764,0.42850000000000005
0.03531391744172696,0.42860000000000004
0.039099320800697335,0.4287
0.043485580420675296,0.4288
0.04834367998554878,0.4289
0.05279768348784075,0.42900000000000005
0.05758768103042855,0.42910000000000004
0.06280449911864516,0.4292
0.06837822273420302,0.4293
0.07414043055316932,0.4294
0.0799517577952289,0.4295
0.08573403239386668,0.42960000000000004
0.09142493009194541,0.4297
0.09694281573639141,0.4298
0.1022213637926197,0.4299
0.10719622160544018,0.43
0.11181306623165899,0.43010000000000004
0.11601833448999277,0.4302
0.11976548870873882,0.4303
0.12302289435251923,0.4304
0.12577272168537545,0.4305
0.12800931059158227,0.43060000000000004
0.12973585364852103,0.4307
0.13095977875503406,0.4308
0.13169433508263872,0.4309
0.13195387465333985,0.431
0.13175298459347917,0.43110000000000004
0.13110535825998382,0.4312
0.1300234961442377,0.4313
0.12851923491463701,0.4314
0.1266090311079987,0.4315
0.12431142565615805,0.43160000000000004
0.11986314373559726,0.43170000000000003
0.11407741732859122,0.4318
0.10813583565057105,0.4319
0.10213088969777495,0.432
0.09609223355776242,0.43210000000000004
0.09003725239054661,0.43220000000000003
0.08398727452881283,0.4323
0.07793582057362292,0.4324
0.07179516856441315,0.4325
0.06574643287296011,0.43260000000000004
0.05984752144649108,0.43270000000000003
0.054148711119115234,0.4328
0.048695808889063,0.4329
0.04353472495645172,0.433
0.0387113427358754,0.43310000000000004
0.034269845997771275,0.43320000000000003
0.0299068493651784,0.4333
0.02591252404306199,0.4334
0.02235867518332113,0.4335
0.019280945161004315,0.43360000000000004
0.01670317955390699,0.43370000000000003
0.01447063059893261,0.4338
0.01187445447581248,0.4339
0.009701406666236645,0.434
0.00796873232288453,0.43410000000000004
0.005870358809198395,0.43420000000000003
0.0056128457466024795,0.4343
0.005594839656919426,0.4344
0.005667686090958801,0.4345
0.0056907060991209235,0.43460000000000004
0.005987998964717578,0.43470000000000003
0.006092246258563083,0.4348
0.005902989389452218,0.4349
0.006456199161439358,0.435
0.007905384943201366,0.43510000000000004
0.010378072269315197,0.43520000000000003
0.013863466596337748,0.4353
0.018272610932660527,0.4354
0.023038526092600042,0.4355
0.02817913819033402,0.43560000000000004
0.03374753775228756,0.43570000000000003
0.03960641861078029,0.4358
0.0461165982534848,0.4359
0.05319613830727121,0.436
0.06061114280774205,0.43610000000000004
0.06820253864748116,0.43620000000000003
0.07578711712021469,0.4363
0.08329772972765093,0.4364
0.09067162461548539,0.4365
0.09784761084018112,0.43660000000000004
0.1047748330210333,0.43670000000000003
0.11141156696117416,0.4368
0.11771382595086621,0.4369
0.1236323029997286,0.437
0.1291113729662723,0.43710000000000004
0.13410751057653347,0.43720000000000003
0.13859163076589853,0.4373
0.14255532206783472,0.4374
0.14600446047628268,0.4375
0.14895326306095336,0.43760000000000004
0.15141908763280942,0.43770000000000003
0.15341636749337983,0.4378
0.15495443110601392,0.4379
0.15603926111204203,0.438
0.15667471234965458,0.43810000000000004
0.15686438439473283,0.43820000000000003
0.1549647278175651,0.4383
0.15110277051422738,0.4384
0.14689127873113395,0.4385
0.14241748623777095,0.43860000000000005
0.13771453710090564,0.43870000000000003
0.1328044439212056,0.4388
0.1277133506691548,0.4389
0.12247212431167998,0.439
0.11711991483449347,0.43910000000000005
0.11170279963148855,0.43920000000000003
0.1062713903275101,0.4393
0.1008773526236817,0.4394
0.09551241487439888,0.4395
0.09015071312746348,0.43960000000000005
0.08494160496629444,0.43970000000000004
0.07992637585050932,0.4398
0.07513532143979562,0.4399
0.07059121357171982,0.44
0.06631316774984652,0.44010000000000005
0.0623178844859521,0.44020000000000004
0.058619415747924286,0.4403
0.05522753132899538,0.4404
0.052146452286117695,0.4405
0.0489245250857282,0.44060000000000005
0.0457967627502307,0.44070000000000004
0.042952972248450516,0.4408
0.040426946521233686,0.4409
0.037563831071294684,0.441
0.03482786784318814,0.44110000000000005
0.03249977003990212,0.44120000000000004
0.029749305674727555,0.4413
0.027425239462236295,0.4414
0.025384882898967787,0.4415
0.02334418582996456,0.44160000000000005
0.021857146851096854,0.44170000000000004
0.020835756228472002,0.4418
0.019738346500477455,0.4419
0.01922582750534718,0.442
0.01945869054820415,0.44210000000000005
0.01984872594485876,0.44220000000000004
0.020447506797742543,0.4423
0.0217617525008742,0.4424
0.023863885657532835,0.4425
0.02564490514040263,0.44260000000000005
0.028060971653692146,0.44270000000000004
0.03126805944792688,0.4428
0.03467406063113643,0.4429
0.038346175370636004,0.443
0.042610049607399336,0.4431
0.04736490635617119,0.44320000000000004
0.051882932022342176,0.4433
0.056604642283794915,0.4434
0.06175864347698601,0.4435
0.06728730910136504,0.4436
0.07302679761308073,0.44370000000000004
0.07883637017845802,0.44380000000000003
0.0846350442997329,0.4439
0.0903572021992034,0.444
0.09592012545414341,0.4441
0.10125603321169685,0.44420000000000004
0.10629945196147628,0.44430000000000003
0.1109946067167118,0.4444
0.11528657037597068,0.4445
0.11912730500136037,0.4446
0.1224835922807268,0.44470000000000004
0.1253358829787775,0.44480000000000003
0.12767681723154012,0.4449
0.1295079634365991,0.445
0.13083542585807928,0.4451
0.13167144529443076,0.44520000000000004
0.13202981145378567,0.44530000000000003
0.1319248980838824,0.4454
0.1313704393472921,0.4455
0.1303790706335689,0.4456
0.12896279664655963,0.44570000000000004
0.12713830315380126,0.44580000000000003
0.12492432592020886,0.4459
0.12106735316117134,0.446
0.11532426741266388,0.4461
0.10939793703659173,0.44620000000000004
0.10339844107377372,0.44630000000000003
0.09736332904339062,0.4464
0.0913085189943198,0.4465
0.08525455124876158,0.4466
0.07922821990491469,0.44670000000000004
0.07308596683629331,0.44680000000000003
0.06701269842700008,0.4469
0.061078204209999654,0.447
0.05533458193566121,0.4471
0.04982839558140095,0.44720000000000004
0.04460567486412814,0.44730000000000003
0.039712526096869594,0.4474
0.03519388692304348,0.4475
0.030863975964570134,0.4476
0.026797391641601553,0.44770000000000004
0.02314931840082224,0.44780000000000003
0.019965343947832226,0.4479
0.017274932605516602,0.448
0.015098810428154641,0.4481
0.012452107255751521,0.44820000000000004
0.01013774040521187,0.44830000000000003
0.008470471988168304,0.4484
0.0062057019728369855,0.4485
0.005616666211951449,0.4486
0.00558494105812235,0.44870000000000004
0.005645165345938619,0.44880000000000003
0.0056878585154493955,0.4489
0.005894004579893641,0.449
0.006086584858318922,0.4491
0.00619088027212511,0.44920000000000004
0.006471661278903085,0.44930000000000003
0.007586198053962656,0.4494
0.0097597605869022,0.4495
0.012973811081428144,0.4496
0.017164319443202958,0.44970000000000004
0.02204621790447958,0.44980000000000003
0.026994079165657547,0.4499
0.032369415238730825,0.45
0.03806121979348176,0.4501
0.04444455913181433,0.45020000000000004
0.05143684183209518,0.45030000000000003
0.05879976984563573,0.4504
0.06637225135080738,0.4505
0.07396794822603403,0.4506
0.08151279677057188,0.45070000000000005
0.08893787412842391,0.45080000000000003
0.09617895203104798,0.4509
0.1031816435134536,0.451
0.10990253486444934,0.4511
0.11629692326546692,0.45120000000000005
0.12231590839546846,0.45130000000000003
0.12790392931611416,0.4514
0.13301646574891224,0.4515
0.13762181706521037,0.4516
0.14170810476377804,0.45170000000000005
0.145277751885587,0.45180000000000003
0.14834265740474362,0.4519
0.15091924305119553,0.452
0.15302236200838326,0.4521
0.15466239049776176,0.45220000000000005
0.15584641751680728,0.45230000000000004
0.15657902271309365,0.4524
0.1568642409533223,0.4525
0.15579296211597748,0.4526
0.15201648263158818,0.45270000000000005
0.1478631784652048,0.45280000000000004
0.14343781784899856,0.4529
0.13878041187509504,0.453
0.13391061196948728,0.4531
0.1288542296068167,0.45320000000000005
0.1236395969382752,0.45330000000000004
0.11830403300585657,0.4534
0.11289214388108026,0.4535
0.1074542226930153,0.4536
0.10204230447141105,0.45370000000000005
0.09668281093828257,0.45380000000000004
0.09128849701719344,0.4539
0.08603672069070323,0.454
0.08097072626176738,0.4541
0.0761231011961675,0.45420000000000005
0.07151860574033952,0.45430000000000004
0.06717808162230232,0.4544
0.06311894210071145,0.4545
0.05935529627568181,0.4546
0.055896879870234395,0.45470000000000005
0.052748388195565044,0.45480000000000004
0.04959276163954529,0.4549
0.046410657809708766,0.455
0.043498367380667036,0.4551
0.040898297869362166,0.45520000000000005
0.03814292538075059,0.45530000000000004
0.035334994465684666,0.4554
0.03290719016010479,0.4555
0.030239050831454062,0.4556
0.02781834347724521,0.45570000000000005
0.025810218585184064,0.45580000000000004
0.023656997989577322,0.4559
0.022033347564337946,0.456
0.021022596801816285,0.4561
0.01981230217906149,0.4562
0.019155792635039193,0.45630000000000004
0.0192370738617873,0.45640000000000003
0.019683629821029003,0.4565
0.020160513662341062,0.4566
0.021313362588911033,0.4567
0.02327994858456295,0.45680000000000004
0.025165929089268957,0.45690000000000003
0.02747261263383538,0.457
0.03052586059710971,0.4571
0.034020428456226215,0.4572
0.03755065542826741,0.45730000000000004
0.04166758080477506,0.45740000000000003
0.04629889235643092,0.4575
0.050875820902602564,0.4576
0.05552454719508715,0.4577
0.060609028373959095,0.45780000000000004
0.06608566515651737,0.45790000000000003
0.07179700891814966,0.458
0.0776021948839899,0.4581
0.08341756433924763,0.4582
0.08917376259085752,0.45830000000000004
0.09478649287118723,0.45840000000000003
0.10018585300390959,0.4585
0.10530469722969538,0.4586
0.11008533052125857,0.4587
0.1144711549114128,0.45880000000000004
0.11841240174281853,0.45890000000000003
0.12187412164182831,0.459
0.12483502214703701,0.4591
0.12728617412969268,0.4592
0.1292277248627408,0.45930000000000004
0.1306646265493625,0.45940000000000003
0.13160808781016486,0.4595
0.13207110736345684,0.4596
0.13206748860837558,0.4597
0.13161070210506864,0.45980000000000004
0.13071340576363943,0.45990000000000003
0.12938728342372807,0.46
0.12764368670235882,0.4601
0.12549862628148611,0.4602
0.12234474243042204,0.46030000000000004
0.11666707754801708,0.46040000000000003
0.11076355155324857,0.4605
0.10477600877560644,0.4606
0.09875047654590663,0.4607
0.09269972673477112,0.46080000000000004
0.08664282122406353,0.46090000000000003
0.08060432364963277,0.461
0.07448461127314865,0.4611
0.0683842022625808,0.4612
0.0624076503408334,0.46130000000000004
0.05660819928443184,0.46140000000000003
0.05103391187235551,0.4615
0.04573182112231211,0.4616
0.04074984759471323,0.4617
0.0361350359280026,0.46180000000000004
0.031772305253883415,0.46190000000000003
0.027623057218700175,0.462
0.02388251553648746,0.4621
0.020599058450604835,0.4622
0.01780388286615664,0.46230000000000004
0.015518597543911161,0.46240000000000003
0.013033124839265442,0.4625
0.010672552073663688,0.4626
0.008873575155535995,0.4627
0.006842432105985674,0.46280000000000004
0.005672972813216104,0.46290000000000003
0.005590419784823775,0.463
0.005599967027470898,0.4631
0.0056867297676921336,0.4632
0.0058472738639732125,0.46330000000000005
0.00588772007142957,0.46340000000000003
0.005807585297689322,0.4635
0.006039324983069916,0.4636
0.006964571790772922,0.4637
0.008880142131203916,0.46380000000000005
0.01183998726768909,0.46390000000000003
0.015790361422005184,0.464
0.020629178760790845,0.4641
0.02550219039945878,0.4642
0.03067362334843149,0.46430000000000005
0.03619458783835294,0.46440000000000003
0.04245379242888969,0.4645
0.049367633462609195,0.4646
0.05669164347192335,0.4647
0.0642622000268962,0.46480000000000005
0.07188988318894218,0.46490000000000004
0.07949261883737635,0.465
0.08699486107760823,0.4651
0.09432798884874338,0.4652
0.10143282851024282,0.46530000000000005
0.10826272376925739,0.46540000000000004
0.1147714157599069,0.4655
0.12090972422503754,0.4656
0.12662205062295961,0.4657
0.13186293718423658,0.46580000000000005
0.1365987097725322,0.46590000000000004
0.1408152319822733,0.466
0.14451343622443225,0.4661
0.14770495226800084,0.4662
0.1504067676527563,0.46630000000000005
0.15263439937189083,0.46640000000000004
0.15439834713076073,0.4665
0.15570520984656988,0.4666
0.15655878841250903,0.4667
0.15696249125778816,0.46680000000000005
0.15677586130540722,0.46690000000000004
0.1530880454207344,0.467
0.14899136481471864,0.4671
0.14461067451223275,0.4672
0.13999460709517075,0.46730000000000005
0.13516130575360874,0.46740000000000004
0.13013673111453405,0.4675
0.12494679962640332,0.4676
0.11962702620127985,0.4677
0.11422048503661453,0.46780000000000005
0.10877692449643483,0.46790000000000004
0.10334822521877851,0.468
0.0979855723483184,0.4681
0.09259159502976344,0.4682
0.08729914061035149,0.46830000000000005
0.08218232875730147,0.46840000000000004
0.07727699668160293,0.4685
0.0726101480028224,0.4686
0.0682040870153463,0.4687
0.06407730958630153,0.46880000000000005
0.0602445925464109,0.46890000000000004
0.05671629209346518,0.46900000000000003
0.05349792275408638,0.4691
0.050455295316969906,0.4692
0.04721557889267447,0.4693
0.04422613414429932,0.46940000000000004
0.041540596220535964,0.46950000000000003
0.03891657775903212,0.4696
0.036019844781785215,0.4697
0.03346925446979521,0.4698
0.03088184593304022,0.46990000000000004
0.028339831978013263,0.47000000000000003
0.026314915946419326,0.4701
0.02406612794853613,0.4702
0.022288238615798095,0.4703
0.021154660187181706,0.47040000000000004
0.01995019496763506,0.47050000000000003
0.019151061495580324,0.4706
0.019053156356827472,0.4707
0.019543992243773234,0.4708
0.01990395008821011,0.47090000000000004
0.020877265994331706,0.47100000000000003
0.02264608165116555,0.4711
0.024638467899144034,0.4712
0.026773363405355077,0.4713
0.02962521911889615,0.47140000000000004
0.03311638150244822,0.47150000000000003
0.036499145728074556,0.4716
0.04046423848534886,0.4717
0.044969023938309816,0.4718
0.04962042327082128,0.47190000000000004
0.05418625101853092,0.47200000000000003
0.059191808936633006,0.4721
0.06461069773493133,0.4722
0.07029299330646199,0.4723
0.07609721233113476,0.47240000000000004
0.08193618131381264,0.47250000000000003
0.08773612594579894,0.4726
0.0934110848918085,0.4727
0.09888895501496842,0.4728
0.10410086456847834,0.47290000000000004
0.10898702444896669,0.47300000000000003
0.11348885216995341,0.4731
0.11755436773938388,0.4732
0.12114622138436426,0.4733
0.12424059210587723,0.47340000000000004
0.1268261903224156,0.47350000000000003
0.12890110864413296,0.4736
0.1304688003666764,0.4737
0.13153943396645496,0.4738
0.13212550120469668,0.47390000000000004
0.13224067678009577,0.47400000000000003
0.1318986010848494,0.4741
0.13111226808470278,0.4742
0.12989379386982924,0.4743
0.12825496692524618,0.47440000000000004
0.1262122867536588,0.47450000000000003
0.1237657271223408,0.4746
0.11819226462746757,0.4747
0.11231575905522062,0.4748
0.10633984238314853,0.47490000000000004
0.10032110058282973,0.47500000000000003
0.09427171001294832,0.4751
0.08821017740906967,0.4752
0.08215842128910966,0.4753
0.07607717741596731,0.47540000000000004
0.06994920440450647,0.47550000000000003
0.06392963983345268,0.4756
0.05807492949490811,0.4757
0.05243555849543391,0.4758
0.04705907598898196,0.47590000000000005
0.04199325077765481,0.47600000000000003
0.037284530384212644,0.4761
0.0329446995245144,0.4762
0.028704587402904602,0.4763
0.02485121877786267,0.47640000000000005
0.02144237207808053,0.47650000000000003
0.01851403407586094,0.4766
0.016088914706103408,0.4767
0.013770205915179856,0.4768
0.01128710427639179,0.47690000000000005
0.009284748594730274,0.47700000000000004
0.007394646626154522,0.4771
0.005732947366347663,0.4772
0.005575265935328755,0.4773
0.005607728850365312,0.47740000000000005
0.0056404241968726065,0.47750000000000004
0.005715357686429945,0.4776
0.006020273931148568,0.4777
0.006117311242679335,0.4778
0.006053260906174529,0.47790000000000005
0.006960673299677644,0.47800000000000004
0.008429715882986022,0.4781
0.010784398158209862,0.4782
0.01417403163269837,0.4783
0.018583494071758633,0.47840000000000005
0.023856382360839534,0.47850000000000004
0.029086210809455837,0.4786
0.03461632923411462,0.4787
0.04043885674657122,0.4788
0.04693384714649196,0.47890000000000005
0.05401622978638576,0.47900000000000004
0.06144699691659905,0.4791
0.06905966672897224,0.4792
0.07666610508309668,0.4793
0.08419587330438094,0.47940000000000005
0.0915853441865917,0.47950000000000004
0.09877275799546403,0.4796
0.1057062703241749,0.4797
0.11234180423769835,0.4798
0.11863234858734217,0.47990000000000005
0.12452552626409796,0.48000000000000004
0.12996427112259223,0.4801
0.1349059356652772,0.4802
0.13932412793816473,0.4803
0.14321368207557716,0.48040000000000005
0.14658314074368417,0.48050000000000004
0.14944834181312094,0.4806
0.15182771676417484,0.4807
0.15373686950329424,0.4808
0.1551867194917117,0.48090000000000005
0.15618501174584742,0.48100000000000004
0.15673686082978655,0.4811
0.15684614200749614,0.4812
0.1542336932566445,0.4813
0.15026984241485342,0.48140000000000005
0.1459807479470958,0.48150000000000004
0.14143722549192106,0.48160000000000003
0.1366656071886081,0.4817
0.1316899976387027,0.4818
0.1265376253743815,0.48190000000000005
0.12124280369751805,0.48200000000000004
0.11584803179683123,0.48210000000000003
0.11040247435380057,0.4822
0.10495813930890818,0.4823
0.09956657360371879,0.4824
0.09419972735827487,0.48250000000000004
0.08886419829467807,0.48260000000000003
0.08369321865506729,0.4827
0.07872657308233455,0.4828
0.07399337835700692,0.4829
0.06951514249102919,0.48300000000000004
0.06530860833090779,0.48310000000000003
0.06138772752645949,0.4832
0.057764359636915286,0.4833
0.05444693398637335,0.4834
0.051438882877499426,0.48350000000000004
0.048200389989729864,0.48360000000000003
0.045125261874508604,0.4837
0.04234458253458362,0.4838
0.039888828267127474,0.4839
0.036928473248674765,0.48400000000000004
0.0342529719592799,0.48410000000000003
0.03182533118549502,0.4842
0.029157218291105513,0.4843
0.02695498590246337,0.4844
0.02484816857669725,0.48450000000000004
0.022915233534621215,0.48460000000000003
0.021568194766476978,0.4847
0.02049180855249344,0.4848
0.019505206272020237,0.4849
0.019145902574334572,0.48500000000000004
0.01954240914833605,0.48510000000000003
0.019812170267145213,0.4852
0.020534906023359056,0.4853
0.02202771718110519,0.4854
0.024063500674447846,0.48550000000000004
0.02598629311925138,0.48560000000000003
0.028582849224633167,0.4857
0.031964177990382314,0.4858
0.03527836678153795,0.4859
0.03909011548672314,0.48600000000000004
0.043506850870582925,0.48610000000000003
0.048394775772553356,0.4862
0.05284475166472702,0.4863
0.05766098680240295,0.4864
0.06290544932094311,0.48650000000000004
0.06847791512693424,0.48660000000000003
0.07421366994032563,0.4867
0.08002605619800307,0.4868
0.0858282114096599,0.4869
0.09153550860411219,0.48700000000000004
0.09707016959676251,0.48710000000000003
0.10236319875507904,0.4872
0.107351022665783,0.4873
0.11198018309836444,0.4874
0.11619688690098184,0.48750000000000004
0.11995440484459341,0.48760000000000003
0.12322087499208834,0.4877
0.12597846174755434,0.4878
0.12822164247468282,0.4879
0.12995376375580792,0.48800000000000004
0.13118243123941387,0.48810000000000003
0.13192099165577975,0.4882
0.13218389913917716,0.4883
0.13198579080512274,0.4884
0.13134044246222654,0.48850000000000005
0.13026041946117173,0.48860000000000003
0.12875763820489916,0.4887
0.12684859065238108,0.4888
0.12455182037296442,0.4889
0.11997825936546958,0.48900000000000005
0.11418496572474002,0.48910000000000003
0.10824056521397762,0.4892
0.10223351334869679,0.4893
0.09619169418094653,0.4894
0.0901330172590965,0.48950000000000005
0.08407925027138208,0.48960000000000004
0.07804387162591608,0.4897
0.07190270289778578,0.4898
0.06585347461220459,0.4899
0.059954631830605454,0.49000000000000005
0.05425655421002262,0.49010000000000004
0.04880478242646702,0.4902
0.04364516876991131,0.4903
0.03882341889105856,0.4904
0.03438349164770682,0.49050000000000005
0.03007465153132327,0.49060000000000004
0.026078943737897875,0.4907
0.022513778233667958,0.4908
0.01942140437551343,0.4909
0.016828727008694422,0.49100000000000005
0.014629883609968974,0.49110000000000004
0.012019265176244076,0.4912
0.00981887020088501,0.4913
0.008097507125411463,0.4914
0.005945395752148697,0.49150000000000005
0.005611898386770564,0.49160000000000004
0.005585177846862299,0.4917
0.005670163311600529,0.4918
0.0056892250442472925,0.4919
0.006010848233840793,0.49200000000000005
0.005996140748170342,0.49210000000000004
0.005843616286789199,0.4922
0.006461751933259263,0.4923
0.007912375775415592,0.4924
0.010357558779741982,0.49250000000000005
0.013832184295409666,0.49260000000000004
0.01822513072823062,0.4927
0.022981463331738006,0.4928
0.02811730803616941,0.4929
0.03368104873123645,0.49300000000000005
0.03953603301924957,0.49310000000000004
0.046043187369468885,0.4932
0.05312122622188564,0.4933
0.060536233802530814,0.4934
0.06812939396654516,0.49350000000000005
0.0757172168955137,0.49360000000000004
0.08323216067753625,0.4937
0.09061076024168702,0.4938
0.09779128291424588,0.4939
0.10472237583220279,0.49400000000000005
0.11136227938460908,0.49410000000000004
0.1176672640839238,0.49420000000000003
0.12358853151666171,0.4943
0.12907084529728785,0.4944
0.13407083637772454,0.49450000000000005
0.1385592394084867,0.49460000000000004
0.14252729717753998,0.49470000000000003
0.1459805012422568,0.4948
0.14893275002237416,0.4949
0.15140113322316417,0.49500000000000005
0.15339985747082907,0.49510000000000004
0.15493807307490104,0.49520000000000003
0.15602168995949328,0.4953
0.15665462064339186,0.4954
0.15684064063103342,0.4955
0.1549936577969251,0.49560000000000004
0.1511244332938727,0.49570000000000003
0.14690396488472923,0.4958
0.14242119525134445,0.4959
0.13770989399174915,0.496
0.13279182962255898,0.49610000000000004
0.1276930188823946,0.49620000000000003
0.12244402818418243,0.4963
0.11708377868932807,0.4964
0.11165814810042474,0.4965
0.1062176224565845,0.49660000000000004
0.10081377918991141,0.49670000000000003
0.09544115734271363,0.4968
0.09006733183630489,0.4969
0.0848454846022133,0.497
0.07981739016248846,0.49710000000000004
0.07501376494642242,0.49720000000000003
0.07045767519470225,0.4973
0.06616843804749029,0.4974
0.06216280750018044,0.4975
0.05845479255647046,0.49760000000000004
0.05505407516510141,0.49770000000000003
0.05196481247593798,0.4978
0.0487278662122288,0.4979
0.0455923085479486,0.498
0.042742183551808255,0.49810000000000004
0.04021096835438276,0.49820000000000003
0.03733363230650211,0.4983
0.034592443425934594,0.4984
0.03226167264168733,0.4985
0.02949818532309556,0.49860000000000004
0.02717238758686369,0.49870000000000003
0.02512336918746727,0.4988
0.023084534891180564,0.4989
0.021603420823515185,0.499
0.020579025656904282,0.49910000000000004
0.019488740367835655,0.49920000000000003
0.018987587466704703,0.4993
0.019235991771970662,0.4994
0.01961634418744751,0.4995
0.02022772781846882,0.49960000000000004
0.02156308650157235,0.49970000000000003
0.023659585302926,0.4998
0.025461264355264746,0.4999
0.027905179852364403,0.5
0.03114339921445164,0.5001
0.03454449694898565,0.5002
0.03824533813134012,0.5003000000000001
0.04254345826572403,0.5004000000000001
0.04733348649389235,0.5005000000000001
0.0518548600495905,0.5006
0.056609015483336966,0.5007
0.061797577159711126,0.5008
0.06735996892159601,0.5009
0.07313088393185807,0.501
0.07896929932441643,0.5011
0.08479415703195137,0.5012
0.09054006557619776,0.5013000000000001
0.09612431631341245,0.5014000000000001
0.10147922470920845,0.5015000000000001
0.10653937016357296,0.5016
0.11124907172400933,0.5017
0.1155534534077064,0.5018
0.1194045601391508,0.5019
0.12276932471345758,0.502
0.12562840980004797,0.5021
0.1279747000438225,0.5022
0.12981002269538144,0.5023
0.13114070780869713,0.5024000000000001
0.13197919379909817,0.5025000000000001
0.13233940841121672,0.5026
0.13223580958930192,0.5027
0.13168216737936478,0.5028
0.13069111882484785,0.5029
0.12927404008616838,0.503
0.12744181226421603,0.5031
0.12520982715129536,0.5032
0.1212167790151687,0.5033
0.11546675707027065,0.5034000000000001
0.10953982219774161,0.5035000000000001
0.10354151921651844,0.5036
0.09750614027213167,0.5037
0.09144816312870119,0.5038
0.08538754802170212,0.5039
0.07935235121363737,0.504
0.07322567764527366,0.5041
0.06714315734279819,0.5042
0.06119849221734952,0.5043
0.055444963496169564,0.5044000000000001
0.049929684065432856,0.5045000000000001
0.044698643025267826,0.5046
0.03979797380995165,0.5047
0.03527250019700712,0.5048
0.030973387277157816,0.5049
0.026900075016308866,0.505
0.02323966757746465,0.5051
0.020042074938330767,0.5052
0.017338581481827653,0.5053
0.015149567143036391,0.5054000000000001
0.012534060915752931,0.5055000000000001
0.010207869456458907,0.5056
0.008522640453382246,0.5057
0.006263713264903048,0.5058
0.005620343600003075,0.5059
0.005589427910639877,0.506
0.005636211807922065,0.5061
0.00569084681255827,0.5062
0.005878188426181596,0.5063
0.0060672005466231305,0.5064000000000001
0.006175957092574569,0.5065000000000001
0.006440226716254882,0.5066
0.007539244773057119,0.5067
0.00968633947229125,0.5068
0.01287497518996683,0.5069
0.017040712840158623,0.507
0.021954293832256777,0.5071
0.026879341951800084,0.5072
0.032232877148616446,0.5073
0.037907725073083265,0.5074000000000001
0.044280604371756516,0.5075000000000001
0.05126824889806425,0.5076
0.058631418383401135,0.5077
0.06620842152744633,0.5078
0.07381223929556824,0.5079
0.08136778466899564,0.508
0.08880517357554374,0.5081
0.09605952240184878,0.5082
0.10307573990967245,0.5083
0.10980995432191798,0.5084000000000001
0.11621719860039592,0.5085000000000001
0.122248486351627,0.5086
0.1278482153993047,0.5087
0.13297180827114852,0.5088
0.1375874086251806,0.5089
0.14168296071133102,0.509
0.14526076429523227,0.5091
0.14833270492166462,0.5092
0.1509152790124676,0.5093
0.1530234463089596,0.5094000000000001
0.1546676536336863,0.5095000000000001
0.1558550160154285,0.5096
0.1565901084253798,0.5097
0.15687697414646362,0.5098
0.15589294486654426,0.5099
0.15211004474526557,0.51
0.14794652977705025,0.5101
0.1435098162590559,0.5102
0.1388411180508775,0.5103
0.1339600376674428,0.5104000000000001
0.12889247782461566,0.5105000000000001
0.1236665295204914,0.5106
0.11831932812892121,0.5107
0.1128953249355763,0.5108
0.10744477304652134,0.5109
0.10201971042045366,0.511
0.09665375064276316,0.5111
0.09124507761325773,0.5112
0.0859783548174301,0.5113
0.0808973281925196,0.5114000000000001
0.07603493069987233,0.5115000000000001
0.07141608738519878,0.5116
0.0670617916143934,0.5117
0.06298953397631224,0.5118
0.05921350930147984,0.5119
0.0557435654294669,0.512
0.052584551247185196,0.5121
0.04942485930439755,0.5122
0.04623346145326024,0.5123
0.04331237786285236,0.5124000000000001
0.04070456908833786,0.5125000000000001
0.037944972913064756,0.5126000000000001
0.03512893080500712,0.5127
0.03269361819591987,0.5128
0.030016529645953582,0.5129
0.027588966473968357,0.513
0.025570572044888218,0.5131
0.023413119971672502,0.5132
0.0217884996889246,0.5133
0.020770520158392314,0.5134000000000001
0.019561846063183896,0.5135000000000001
0.01891060749852591,0.5136000000000001
0.01900138575988941,0.5137
0.019435741513870397,0.5138
0.019920193738846237,0.5139
0.02108829198639328,0.514
0.02307493559513807,0.5141
0.024942482150105194,0.5142
0.02726596646918389,0.5143
0.030345785920972368,0.5144000000000001
0.03383664108945772,0.5145000000000001
0.037393098879339615,0.5146000000000001
0.041542286992457766,0.5147
0.046207804955804566,0.5148
0.05079003597558063,0.5149
0.05547131586397902,0.515
0.06059148905003964,0.5151
0.06610408004291413,0.5152
0.0718500786040761,0.5153
0.07768812844817496,0.5154
0.08353425996139774,0.5155000000000001
0.08931915220556452,0.5156000000000001
0.0949584301083729,0.5157
0.10038220772588902,0.5158
0.10552334154835541,0.5159
0.11032417996419608,0.516
0.11472812605286276,0.5161
0.11868543162622547,0.5162
0.12216122565275223,0.5163
0.1251343391025873,0.5164
0.12759599299636015,0.5165000000000001
0.12954650305815052,0.5166000000000001
0.13099097900589085,0.5167
0.13194079400793435,0.5168
0.13240909567562675,0.5169
0.13240981854623068,0.517
0.13195653532793505,0.5171
0.13106196839706774,0.5172
0.12973782243992038,0.5173
0.12799543108481848,0.5174
0.12585077272360368,0.5175000000000001
0.12251144477375187,0.5176000000000001
0.11684287597898657,0.5177
0.11093715659984538,0.5178
0.10494724712443326,0.5179
0.0989171385976837,0.518
0.09286037867604757,0.5181
0.08679627445459648,0.5182
0.08075034031698125,0.5183
0.0746576448565911,0.5184
0.06855234966494095,0.5185000000000001
0.06256960928497968,0.5186000000000001
0.05676435584761097,0.5187
0.051185379396235575,0.5188
0.045879543303171566,0.5189
0.040894478110261145,0.519
0.03627656455239614,0.5191
0.031978648932176945,0.5192
0.027821162638217878,0.5193
0.024059773856321076,0.5194
0.020751046292692754,0.5195000000000001
0.01793005300992978,0.5196000000000001
0.015618566350207308,0.5197
0.013174749724812473,0.5198
0.010788450676338934,0.5199
0.008945567800250798,0.52
0.00692509507724326,0.5201
0.005679260743588488,0.5202
0.005592225356539249,0.5203
0.005594706040493058,0.5204
0.0056346348287408254,0.5205000000000001
0.00572195611657178,0.5206000000000001
0.006107090375385926,0.5207
0.006429980330730167,0.5208
0.006538696489304385,0.5209
0.007352457826275582,0.521
0.009064361678402078,0.5211
0.01182495670253414,0.5212
0.015588683924346647,0.5213
0.020282756772148414,0.5214
0.02539524708679619,0.5215000000000001
0.03042642527311168,0.5216000000000001
0.03579709395384367,0.5217
0.04192123533223291,0.5218
0.04873104465500466,0.5219
0.055980259731601256,0.522
0.06350396318307061,0.5221
0.07110969460953709,0.5222
0.07870803157337469,0.5223
0.08621898349544865,0.5224
0.09357129724173796,0.5225000000000001
0.10070338622780495,0.5226000000000001
0.10756655565516093,0.5227
0.11411436855552781,0.5228
0.12030371453893174,0.5229
0.12608130171439247,0.523
0.13139417343171433,0.5231
0.13620246205600572,0.5232
0.14048520609464688,0.5233
0.1442401665188059,0.5234
0.1474783901518193,0.5235000000000001
0.15021546053427093,0.5236000000000001
0.15246933998908796,0.5237
0.15425402123969478,0.5238
0.1555793206905821,0.5239
0.15645159074306902,0.524
0.15687532081288946,0.5241
0.1568541234651869,0.5242
0.1533057863109364,0.5243
0.14922079828113832,0.5244
0.14484539866875745,0.5245000000000001
0.14023160321544426,0.5246000000000001
0.13539803952440965,0.5247
0.13037054563517636,0.5248
0.1251750495890961,0.5249
0.11984680176993101,0.525
0.11442874870632957,0.5251
0.10897075716333549,0.5252
0.10352500092004291,0.5253
0.09814299512344116,0.5254
0.09274082521463833,0.5255000000000001
0.08742598073270968,0.5256000000000001
0.08228601965175375,0.5257000000000001
0.07735823418163901,0.5258
0.07267017197367787,0.5259
0.06824373941640582,0.526
0.06409677766267607,0.5261
0.0602434595061383,0.5262
0.056693952313884965,0.5263
0.053454136986590406,0.5264
0.05043142751109775,0.5265000000000001
0.04717494561062385,0.5266000000000001
0.04416681587887927,0.5267000000000001
0.041464057905829854,0.5268
0.03888029053048103,0.5269
0.03597028136310221,0.527
0.03340012933626002,0.5271
0.030843952885817538,0.5272
0.028281955017440907,0.5273
0.02622951748408542,0.5274
0.023997063807392083,0.5275000000000001
0.022195405000171142,0.5276000000000001
0.021032215264998655,0.5277000000000001
0.0198305368477929,0.5278
0.0190070729187215,0.5279
0.018880071252924013,0.528
0.019359543186262762,0.5281
0.019694476442465136,0.5282
0.020641849716916516,0.5283
0.022388775321847465,0.5284
0.024368143021413546,0.5285000000000001
0.026485980423587074,0.5286000000000001
0.02932317574263532,0.5287000000000001
0.03280553611051351,0.5288
0.036177808909277465,0.5289
0.040136261037483356,0.529
0.04464054360210068,0.5291
0.04929997456877122,0.5292
0.053872609570359664,0.5293
0.058889375995999416,0.5294
0.064324350724007,0.5295
0.0700275368357951,0.5296000000000001
0.0758568636704503,0.5297000000000001
0.08172410057277268,0.5298
0.08755458836358476,0.5299
0.09326191011658613,0.53
0.0987735096388821,0.5301
0.10402014602653553,0.5302
0.10894165197921546,0.5303
0.11347907531762247,0.5304
0.11758008244124973,0.5305
0.12120701682511081,0.5306000000000001
0.12433579602565958,0.5307000000000001
0.12695492744418035,0.5308
0.12906235493938434,0.5309
0.13066143183557877,0.531
0.13176226245010725,0.5311
0.13237730771814515,0.5312
0.1325202364542103,0.5313
0.13220470788952876,0.5314
0.13144375291347055,0.5315
0.13024953732021305,0.5316000000000001
0.12863390558147625,0.5317000000000001
0.12661344359778792,0.5318
0.1241727952678866,0.5319
0.11862619788718343,0.532
0.11275509371120374,0.5321
0.10678158945949778,0.5322
0.10076282384529323,0.5323
0.09471137820252229,0.5324
0.08864578483972119,0.5325
0.08258806212118552,0.5326000000000001
0.07653539798879372,0.5327000000000001
0.07040070806222509,0.5328
0.06437037893765829,0.5329
0.058502546415430956,0.533
0.05284856631296431,0.5331
0.04745594433047606,0.5332
0.042372429160270286,0.5333
0.037644234090973505,0.5334
0.033313742438700666,0.5335
0.02910721444655029,0.5336000000000001
0.025225718295107002,0.5337000000000001
0.02177566174975154,0.5338
0.018801025909088498,0.5339
0.01632792717795506,0.534
0.014077267823739081,0.5341
0.011550541634825828,0.5342
0.009474221732118648,0.5343
0.0076208548928604625,0.5344
0.005774121370930807,0.5345
0.0055876243303978335,0.5346000000000001
0.005631181680421982,0.5347000000000001
0.005660756363578878,0.5348
0.00571792975710772,0.5349
0.006047033109443101,0.535
0.006322534189717732,0.5351
0.006230215652089033,0.5352
0.006859858853922152,0.5353
0.008394022221585695,0.5354
0.010969266928954058,0.5355
0.014549641473635022,0.5356000000000001
0.019065052740977473,0.5357000000000001
0.024019360956706537,0.5358
0.028906503214046086,0.5359
0.03414992058228439,0.536
0.04017271973197989,0.5361
0.04690593044522373,0.5362
0.054103791048773386,0.5363
0.06162850294153588,0.5364
0.0692831693443392,0.5365
0.0769193574248872,0.5366000000000001
0.08446265974371436,0.5367000000000001
0.09186177930918615,0.5368
0.0990485972237618,0.5369
0.10597626541064331,0.537
0.11259882211216266,0.5371
0.11887419996902215,0.5372
0.12475090687665769,0.5373
0.13017558077463698,0.5374
0.135105628775393,0.5375
0.13951565802944,0.5376000000000001
0.14339910821956492,0.5377000000000001
0.14676419542305275,0.5378000000000001
0.14962544683465995,0.5379
0.15200098313806631,0.538
0.1539052383529711,0.5381
0.15534827306581223,0.5382
0.15633635995483908,0.5383
0.15687394109183828,0.5384
0.15696480836310256,0.5385
0.15436276219185285,0.5386000000000001
0.15038384571960206,0.5387000000000001
0.14608070736220546,0.5388000000000001
0.14152729251544638,0.5389
0.13675120856839562,0.539
0.13177546358550885,0.5391
0.1266247243832226,0.5392
0.12133023308639845,0.5393
0.11593211941821435,0.5394
0.11047844394377448,0.5395
0.1050213299304249,0.5396000000000001
0.09961316268328124,0.5397000000000001
0.09423069333027312,0.5398000000000001
0.08887180809822692,0.5399
0.08367594034450532,0.54
0.07868401370899913,0.5401
0.07392609349726598,0.5402
0.06942438252777161,0.5403
0.06519605802048523,0.5404
0.06125512929423749,0.5405
0.057613173499053705,0.5406000000000001
0.054278076326808256,0.5407000000000001
0.05125263905918365,0.5408000000000001
0.04797557012186493,0.5409
0.04488174016477409,0.541
0.042083992051733965,0.5411
0.03961184656378802,0.5412
0.03661462725037001,0.5413
0.033923904894961776,0.5414
0.03147369544060097,0.5415
0.028798568544653902,0.5416000000000001
0.02659528153510249,0.5417000000000001
0.024482847828428023,0.5418000000000001
0.022552784594056074,0.5419
0.021213489394749985,0.542
0.020140311712143477,0.5421
0.019161434729461968,0.5422
0.018813604815460794,0.5423
0.019226655522434966,0.5424
0.01949128892538665,0.5425
0.020228600718246614,0.5426
0.021746816843831507,0.5427000000000001
0.023788142982494875,0.5428000000000001
0.02573965215344698,0.5429
0.028373172026204818,0.543
0.03179618592986433,0.5431
0.035121680084709395,0.5432
0.03897301873293557,0.5433
0.04343476849854766,0.5434
0.048368748743488066,0.5435
0.05283254182413888,0.5436
0.0576913823707208,0.5437000000000001
0.06298024430915661,0.5438000000000001
0.0685957670951034,0.5439
0.07437185351164444,0.544
0.08022201990472133,0.5441
0.08605932118901483,0.5442
0.0917991342379555,0.5443
0.0973635767189095,0.5444
0.10268353467985192,0.5445
0.10769529010515522,0.5446
0.11234531594038433,0.5447000000000001
0.11657974716907327,0.5448000000000001
0.12035188633855953,0.5449
0.123630063342274,0.545
0.12639676109652664,0.5451
0.12864685205425608,0.5452
0.13038410270597445,0.5453
0.13161648368928258,0.5454
0.13235763869471295,0.5455
0.1326222023235657,0.5456
0.13242487709026984,0.5457000000000001
0.13177940359895823,0.5458000000000001
0.13069823868178843,0.5459
0.129193147744471,0.546
0.12728047504514495,0.5461
0.1249786403783949,0.5462
0.12016845970716539,0.5463
0.11435719258077415,0.5464
0.10840333362968302,0.5465
0.10238813053548812,0.5466
0.09633622831086686,0.5467000000000001
0.09026624590620691,0.5468000000000001
0.0842003698111663,0.5469
0.07817013405230389,0.547
0.07204445650755065,0.5471
0.06598641619787726,0.5472
0.060078379744643695,0.5473
0.054372253274921345,0.5474
0.04891393637447328,0.5475
0.04374907144996487,0.5476
0.038922616490340234,0.5477000000000001
0.03447736215719832,0.5478000000000001
0.030260699503998234,0.5479
0.026263929407907005,0.548
0.02267825260089218,0.5481
0.019558629594032872,0.5482
0.016937461076391713,0.5483
0.014796551280874759,0.5484
0.012148686111712381,0.5485
0.009889724685726575,0.5486
0.00815484343787487,0.5487000000000001
0.00596277758546826,0.5488000000000001
0.005607898400040279,0.5489
0.005582483616242806,0.549
0.00566915171820126,0.5491
0.005688204439153521,0.5492
0.006005447385635021,0.5493
0.005953223160997334,0.5494
0.005818623080284802,0.5495
0.0064519937643432446,0.5496
0.007853394414179204,0.5497000000000001
0.010231067896901536,0.5498000000000001
0.013651558296128297,0.5499
0.01799813248352211,0.55
0.022819506111481314,0.5501
0.027918872252706395,0.5502
0.03344727557259808,0.5503
0.03927453254788049,0.5504
0.045764512068642293,0.5505
0.052834629018776225,0.5506
0.060249413277167374,0.5507000000000001
0.06784898859331334,0.5508000000000001
0.07544889174469971,0.5509000000000001
0.08297987530874784,0.551
0.0903771816422545,0.5511
0.09757846786261726,0.5512
0.10453186838555928,0.5513
0.11119532634266471,0.5514
0.1175248198601736,0.5515
0.12347105492426202,0.5516
0.12897807864923527,0.5517000000000001
0.13400166134266656,0.5518000000000001
0.13851170766064114,0.5519000000000001
0.14249883835561405,0.552
0.14596825964384352,0.5521
0.14893389922097477,0.5522
0.15141313449916927,0.5523
0.15342061092941872,0.5524
0.1549659830655178,0.5525
0.1560556439180092,0.5526
0.1566939052028704,0.5527000000000001
0.15688481037853297,0.5528000000000001
0.15515976608751636,0.5529000000000001
0.15128795748459045,0.553
0.14705980577587674,0.5531
0.1425673922623727,0.5532
0.13784578745068288,0.5533
0.13291649406335837,0.5534
0.127805585959611,0.5535
0.12254334827564062,0.5536
0.11716859476103758,0.5537000000000001
0.11172721890922666,0.5538000000000001
0.10626994482760332,0.5539000000000001
0.10084867853372304,0.554
0.09546850301493948,0.5541
0.09007663531154564,0.5542
0.08483668723667204,0.5543
0.07979103660821552,0.5544
0.07497061135753158,0.5545
0.07039833338314727,0.5546
0.06609335651260462,0.5547000000000001
0.06207225561325469,0.5548000000000001
0.05834901503335144,0.5549000000000001
0.054933484156926005,0.555
0.05183017863739536,0.5551
0.04859404405859458,0.5552
0.04544628500154935,0.5553
0.04258406129158576,0.5554
0.0400420749940924,0.5555
0.03716822481783599,0.5556
0.0344166515429587,0.5557
0.03207493756394797,0.5558000000000001
0.02930837405815301,0.5559000000000001
0.026972188519255536,0.556
0.02491497847528734,0.5561
0.022866935872816185,0.5562
0.021378675895812327,0.5563
0.020345800007693482,0.5564
0.019251338757880543,0.5565
0.018748842766639795,0.5566
0.018999961306851,0.5567
0.019367134703085043,0.5568000000000001
0.01998037645769246,0.5569000000000001
0.021324770228636325,0.557
0.023410196594494836,0.5571
0.025221741105802886,0.5572
0.027682152553409,0.5573
0.03094115436241185,0.5574
0.03433428466971833,0.5575
0.03805567312466174,0.5576
0.04238084492651706,0.5577
0.04720089810933481,0.5578000000000001
0.051729487856987166,0.5579000000000001
0.056514208452594694,0.558
0.06173669380357116,0.5581
0.06733397868457969,0.5582
0.07313946741431199,0.5583
0.07901167194356873,0.5584
0.08486909177548607,0.5585
0.09064619454357525,0.5586
0.09626009024820537,0.5587
0.10164299799547216,0.5588000000000001
0.1067294090598061,0.5589000000000001
0.11146359999256161,0.559
0.11579062553261543,0.5591
0.11966248640464439,0.5592
0.1230461287436071,0.5593
0.1259222773185913,0.5594
0.12828391203682976,0.5595
0.13013297898591747,0.5596
0.13147591899301725,0.5597
0.13232528045455538,0.5598000000000001
0.13269507906207578,0.5599000000000001
0.13259984193716456,0.56
0.1320533921626459,0.5601
0.1310684085790088,0.5602
0.12965629823024394,0.5603
0.12782796246058914,0.5604
0.1255988201603646,0.5605
0.12144493022777125,0.5606
0.11569955806455512,0.5607
0.10977022125264968,0.5608000000000001
0.10376907203864594,0.5609000000000001
0.09772851439690577,0.561
0.09166367107635653,0.5611
0.0855947400201309,0.5612
0.07955063692106568,0.5613
0.07345308467939604,0.5614
0.06736359584546014,0.5615
0.06140988656956936,0.5616
0.05564713257802634,0.5617
0.050123311414299154,0.5618000000000001
0.044884281988380126,0.5619000000000001
0.039975969205220396,0.562
0.03544261421447659,0.5621
0.031209875136540388,0.5622
0.02712387029403973,0.5623
0.023436978031668554,0.5624
0.02020810568481779,0.5625
0.017472855429106593,0.5626
0.015251905571827873,0.5627
0.012709347380716052,0.5628000000000001
0.010397408239578576,0.5629000000000001
0.008680043801980952,0.5630000000000001
0.006555637530796243,0.5631
0.005647660826369361,0.5632
0.005595911360418704,0.5633
0.0056264994636412435,0.5634
0.00569471056747628,0.5635
0.005864462116706326,0.5636
0.006039292887277448,0.5637
0.006140550524418975,0.5638000000000001
0.006360724949173946,0.5639000000000001
0.00739644114512461,0.5640000000000001
0.009448204419357564,0.5641
0.012532878896786448,0.5642
0.016598531935515304,0.5643
0.021535945593887718,0.5644
0.02643579964944287,0.5645
0.03170329685941198,0.5646
0.03730558327696598,0.5647
0.043626348931101955,0.5648000000000001
0.0505820955163796,0.5649000000000001
0.05793094311703584,0.5650000000000001
0.06550993812218686,0.5651
0.07313059234124297,0.5652
0.08071432913729182,0.5653
0.08818814240818351,0.5654
0.0954846401271836,0.5655
0.10254588192337288,0.5656
0.10932575426990021,0.5657
0.115777950756902,0.5658000000000001
0.12185299450448628,0.5659000000000001
0.1274953378862198,0.5660000000000001
0.13266051826763126,0.5661
0.13731658285521586,0.5662
0.14145124683615107,0.5663
0.14506670575323266,0.5664
0.14817498217967928,0.5665
0.15079287788390539,0.5666
0.15293561161614067,0.5667
0.15461366164046586,0.5668000000000001
0.1558339347656874,0.5669000000000001
0.1566006813542602,0.5670000000000001
0.15691767884668617,0.5671
0.15620828795626396,0.5672
0.15243380423078068,0.5673
0.14826783011577838,0.5674
0.14382491782287643,0.5675
0.139149474335452,0.5676
0.13426091957039266,0.5677
0.12918550227164594,0.5678000000000001
0.12395077116538944,0.5679000000000001
0.1185934525467075,0.5680000000000001
0.1131575828706568,0.5681
0.10769321812760402,0.5682
0.10225223182122523,0.5683
0.09688535445081015,0.5684
0.09146217949271529,0.5685
0.08617410971909534,0.5686
0.0810699041379731,0.5687
0.07618355609365512,0.5688
0.07154065025378875,0.5689000000000001
0.06716273088544666,0.5690000000000001
0.06306763046722241,0.5691
0.059269777356781406,0.5692
0.055779203006181666,0.5693
0.05260095278146282,0.5694
0.04947720032306857,0.5695
0.04627002296479965,0.5696
0.04332820992697162,0.5697
0.04069832617630276,0.5698
0.037973785182726205,0.5699000000000001
0.03513335774851689,0.5700000000000001
0.03266547993698343,0.5701
0.03000137833114236,0.5702
0.027541531272655684,0.5703
0.025516070366733423,0.5704
0.02332481075434556,0.5705
0.02166402019188096,0.5706
0.020633216909235808,0.5707
0.019395984393895782,0.5708
0.01871283977940985,0.5709000000000001
0.01877292085795701,0.5710000000000001
0.01919740237247236,0.5711
0.019654540746731453,0.5712
0.020793486088425128,0.5713
0.022754711519668014,0.5714
0.02460668843429281,0.5715
0.02690900940302643,0.5716
0.029972750557602623,0.5717
0.033454965618246124,0.5718
0.03700293727224535,0.5719000000000001
0.04114954940010129,0.5720000000000001
0.04582021658573243,0.5721
0.050416028095076504,0.5722
0.05511030468825462,0.5723
0.06024839797942583,0.5724
0.06578394075529126,0.5725
0.07155768176637456,0.5726
0.07742764827626347,0.5727
0.08330879899365595,0.5728
0.0891309604263123,0.5729000000000001
0.09480934941684716,0.5730000000000001
0.10027365178639092,0.5731
0.10545636097932265,0.5732
0.1102994260723894,0.5733
0.11474582174018544,0.5734
0.11874534593852082,0.5735
0.12226268708441002,0.5736
0.12527626182524787,0.5737
0.12777694253119687,0.5738
0.1297647848282284,0.5739000000000001
0.13124474212367754,0.5740000000000001
0.1322281308143568,0.5741
0.13272813157783936,0.5742
0.132758772284845,0.5743
0.13233375237482248,0.5744
0.1314659220091643,0.5745
0.1301670921999999,0.5746
0.1284486670467243,0.5747
0.12632668951658754,0.5748
0.12295275507964765,0.5749000000000001
0.11731559252636226,0.5750000000000001
0.11141404899078555,0.5751000000000001
0.10542482867662673,0.5752
0.09939214465643775,0.5753
0.09333017755198203,0.5754
0.0872583707898349,0.5755
0.08120263894027169,0.5756
0.07514513958236757,0.5757
0.0690296373886794,0.5758
0.06303224094773052,0.5759000000000001
0.05721020524678533,0.5760000000000001
0.051613463469547316,0.5761000000000001
0.0462887597645274,0.5762
0.0412835624658594,0.5763
0.036643754184127575,0.5764
0.032409979955171586,0.5765
0.02823561535903485,0.5766
0.024432629631411018,0.5767
0.02107389879250987,0.5768
0.01820006534398333,0.5769000000000001
0.01583388804260455,0.5770000000000001
0.013467208366595207,0.5771000000000001
0.011029977642244893,0.5772
0.00910128571528901,0.5773
0.007117903336117948,0.5774
0.005695992776474812,0.5775
0.005593578819260925,0.5776
0.0055930565835535795,0.5777
0.005634235079250871,0.5778
0.0057134389576156686,0.5779000000000001
0.006072406479016745,0.5780000000000001
0.0063177439107786615,0.5781000000000001
0.006446113896299233,0.5782
0.007201572746019735,0.5783
0.008798641182084399,0.5784
0.011441590979245131,0.5785
0.015111646202393691,0.5786
0.019734190980281063,0.5787
0.02491414498570821,0.5788
0.02987867123861565,0.5789000000000001
0.03518861041551813,0.5790000000000001
0.04126687133246598,0.5791000000000001
0.0480484260010241,0.5792
0.05528480750944764,0.5793
0.06283828369034627,0.5794
0.07050927416999053,0.5795
0.07814891234981503,0.5796
0.08568461256904447,0.5797
0.09306742569795612,0.5798
0.10023009430511476,0.5799000000000001
0.10712619569867388,0.5800000000000001
0.11370879248412857,0.5801000000000001
0.11993435060781676,0.5802
0.12575011654637702,0.5803
0.1311028808148873,0.5804
0.13595198089483784,0.5805
0.14027510687684963,0.5806
0.1440687845523263,0.5807
0.14734338635457012,0.5808
0.1501143950735908,0.5809000000000001
0.15240014682977587,0.5810000000000001
0.15421513434362177,0.5811000000000001
0.15556968167271523,0.5812
0.15647051497801645,0.5813
0.1569223995665744,0.5814
0.15692909114942866,0.5815
0.1536219109657594,0.5816
0.14955526655541296,0.5817
0.14518880482557894,0.5818
0.14058032294960898,0.5819
0.1357509357755392,0.5820000000000001
0.13072594793049985,0.5821000000000001
0.12553111353992352,0.5822
0.1202006310090572,0.5823
0.11477658907791011,0.5824
0.10930828353821853,0.5825
0.10384795895925591,0.5826
0.0984476984088195,0.5827
0.0930538845693889,0.5828
0.08771771518394123,0.5829
0.08255400363786525,0.5830000000000001
0.07760156927824013,0.5831000000000001
0.07288857384117375,0.5832
0.06843669993004109,0.5833
0.06426354700793258,0.5834
0.06038292191151373,0.5835
0.05680489497020158,0.5836
0.05353564772264763,0.5837
0.05053561133037632,0.5838
0.047251362916800765,0.5839
0.04421111339898798,0.5840000000000001
0.04147613140258111,0.5841000000000001
0.03892132435030504,0.5842
0.03598155318096308,0.5843
0.03337426406515176,0.5844
0.03084752522720846,0.5845
0.0282580080515642,0.5846
0.02616816606528105,0.5847
0.023988754311625504,0.5848
0.022157254114123504,0.5849
0.020949876891902308,0.5850000000000001
0.01981526881353357,0.5851000000000001
0.018946036060647042,0.5852
0.01875151158965127,0.5853
0.019231254483268012,0.5854
0.019512659856196102,0.5855
0.02039769651823997,0.5856
0.022088947039780926,0.5857
0.02407819361773078,0.5858
0.02616242177755468,0.5859
0.02896103888915058,0.5860000000000001
0.03246284768758789,0.5861000000000001
0.03580457778315127,0.5862
0.03973091320710087,0.5863
0.044211623312072845,0.5864
0.04889948201081262,0.5865
0.05346171301113767,0.5866
0.05847091607496191,0.5867
0.06390560291166103,0.5868
0.06961753540793358,0.5869
0.07546414656017741,0.5870000000000001
0.08135591221672156,0.5871000000000001
0.08721664947956376,0.5872
0.09295914427469254,0.5873
0.09850982095578042,0.5874
0.10379848863413332,0.5875
0.10876393708788434,0.5876
0.11334629804929619,0.5877
0.11749247556274511,0.5878
0.12116428015489111,0.5879
0.12433728090347285,0.5880000000000001
0.12699981251619286,0.5881000000000001
0.12914975126461348,0.5882000000000001
0.13079045201288808,0.5883
0.13193200881494982,0.5884
0.13258684434407075,0.5885
0.1327685330682431,0.5886
0.13249060656266498,0.5887
0.13176595583925277,0.5888
0.13060662975386128,0.5889
0.1290243975516302,0.5890000000000001
0.12703586372619324,0.5891000000000001
0.1246598709435337,0.5892000000000001
0.11917914385995643,0.5893
0.11331311759909923,0.5894
0.10733931971120936,0.5895
0.10131759813546592,0.5896
0.09526151716471631,0.5897
0.08918958878849426,0.5898
0.0831237076287974,0.5899
0.07709810273396633,0.5900000000000001
0.07095634258060945,0.5901000000000001
0.06491390703400213,0.5902000000000001
0.05903178950834942,0.5903
0.053360717639839184,0.5904
0.04794623101065443,0.5905
0.04283535653800041,0.5906
0.03807487456004943,0.5907
0.03370852358422294,0.5908
0.029549224789784834,0.5909
0.025631170021629623,0.5910000000000001
0.02212984389248751,0.5911000000000001
0.019098781975202872,0.5912000000000001
0.016568905935299805,0.5913
0.01438035922739811,0.5914
0.011805220490844981,0.5915
0.009651262487588852,0.5916
0.007840915115095326,0.5917
0.005826521151325537,0.5918
0.005603971689137399,0.5919
0.005605967546673307,0.5920000000000001
0.005673114325356554,0.5921000000000001
0.005702334845843149,0.5922000000000001
0.006040896811215113,0.5923
0.0062037496509663725,0.5924
0.006062298222355933,0.5925
0.006666193644287555,0.5926
0.008198372930066311,0.5927
0.010759470007318805,0.5928
0.014324593713870959,0.5929
0.01881326960312757,0.5930000000000001
0.023653158832286136,0.5931000000000001
0.028529112339782836,0.5932000000000001
0.033769240411975376,0.5933
0.0397929288102945,0.5934
0.0465274133735718,0.5935
0.0537275200380154,0.5936
0.06125564946450801,0.5937
0.06891597458835874,0.5938
0.07656043242638821,0.5939
0.08411434548530661,0.5940000000000001
0.09152576007014934,0.5941000000000001
0.09872617784734705,0.5942000000000001
0.10566861551148388,0.5943
0.11230760245402172,0.5944
0.11860181940802283,0.5945
0.12450045630615247,0.5946
0.12995020452196704,0.5947
0.13490779050720025,0.5948
0.13934665869624152,0.5949
0.1432591319294183,0.595
0.14665272944864916,0.5951000000000001
0.14954173509848423,0.5952000000000001
0.15194421043222361,0.5953
0.1538744354903463,0.5954
0.1553421538266173,0.5955
0.15635330084704635,0.5956
0.1569121867755694,0.5957
0.15702276243476687,0.5958
0.15463399056225335,0.5959
0.1506726125469543,0.596
0.14637902292341531,0.5961000000000001
0.14183248906752366,0.5962000000000001
0.13706275633182252,0.5963
0.13209209370914932,0.5964
0.12694475027012908,0.5965
0.12165098287976472,0.5966
0.11625029811200782,0.5967
0.11079040484782576,0.5968
0.1053234473613065,0.5969
0.09990198781289428,0.597
0.09452105856812298,0.5971000000000001
0.08914372418646455,0.5972000000000001
0.08392615541926729,0.5973
0.07890999322968772,0.5974
0.07412578580761697,0.5975
0.06959618715974691,0.5976
0.06533902863748209,0.5977
0.06136880552375912,0.5978
0.05769746589113245,0.5979
0.05433318466096204,0.598
0.05127913455614497,0.5981000000000001
0.048005053664264,0.5982000000000001
0.04488665094519595,0.5983
0.04206166873188932,0.5984
0.03956146132354821,0.5985
0.0365905321414679,0.5986
0.03388126442389794,0.5987
0.031479858597687205,0.5988
0.028771871615417055,0.5989
0.026525378092804974,0.599
0.02442286274686989,0.5991000000000001
0.02245393270352758,0.5992000000000001
0.021069435104061895,0.5993
0.019988817705642203,0.5994
0.01897883364971209,0.5995
0.018595539380076742,0.5996
0.01897551195907421,0.5997
0.01925538259064563,0.5998
0.019968400423031163,0.5999
0.021457178572147795,0.6
0.02350810995935726,0.6001000000000001
0.025438168545959483,0.6002000000000001
0.02804745826271038,0.6003000000000001
0.03145176177148801,0.6004
0.0347924186164994,0.6005
0.03863253224870333,0.6006
0.04308633634281045,0.6007
0.04801977003347613,0.6008
0.05250611486676604,0.6009
0.057373768937248215,0.601
0.06267571919714898,0.6011000000000001
0.06830984702229803,0.6012000000000001
0.0741098466551432,0.6013000000000001
0.07998762527220471,0.6014
0.08585521181597211,0.6015
0.09162735322954407,0.6016
0.09722573336446405,0.6017
0.10258091346162523,0.6018
0.10762892796986234,0.6019
0.1123159734642345,0.602
0.11658791414548508,0.6021000000000001
0.12039773684703736,0.6022000000000001
0.12371344192530731,0.6023000000000001
0.12651714285535198,0.6024
0.12880334448560682,0.6025
0.13057547552576876,0.6026
0.13184124363979188,0.6027
0.1326141269092549,0.6028
0.1329087065167981,0.6029
0.13273972076180174,0.603
0.1321210077302255,0.6031000000000001
0.1310651416043298,0.6032000000000001
0.129584004047667,0.6033000000000001
0.12769406851870357,0.6034
0.12541385944063732,0.6035
0.1206285195954313,0.6036
0.11482056351538916,0.6037
0.10886709709184239,0.6038
0.1028501449482101,0.6039
0.09679456667825459,0.604
0.09071889588517512,0.6041000000000001
0.08464527242226871,0.6042000000000001
0.07860518036640884,0.6043000000000001
0.07250967324329116,0.6044
0.06644055022694217,0.6045
0.060516859801927114,0.6046
0.05479275473716827,0.6047
0.04931529397134793,0.6048
0.04413005499722966,0.6049
0.03928193675909797,0.605
0.03481339819729623,0.6051000000000001
0.030656324231895793,0.6052000000000001
0.026633442110914896,0.6053000000000001
0.023005984809300495,0.6054
0.019838139442640124,0.6055
0.017166983450458195,0.6056
0.015012877595966811,0.6057
0.012396153655360953,0.6058
0.01008558376992763,0.6059
0.008363535711626291,0.606
0.006109538641065004,0.6061000000000001
0.005611970097258112,0.6062000000000001
0.0055807209850524675,0.6063000000000001
0.005656133920957096,0.6064
0.005688384740868191,0.6065
0.00593280050839029,0.6066
0.0061687238126129085,0.6067
0.0062827305820227775,0.6068
0.00664112933166261,0.6069
0.007750877975806425,0.607
0.009871077981126186,0.6071000000000001
0.013018279118383491,0.6072000000000001
0.017164297135633833,0.6073000000000001
0.02218075091532512,0.6074
0.027215397466738844,0.6075
0.03254349191327233,0.6076
0.03819241026199616,0.6077
0.04454820641924084,0.6078
0.05152919568121339,0.6079
0.05889351065892079,0.608
0.06647692209149991,0.6081
0.07408992559971028,0.6082000000000001
0.08165536527480277,0.6083000000000001
0.08910229517562818,0.6084
0.09636546783987043,0.6085
0.10338962386146877,0.6086
0.1101305985036356,0.6087
0.11654274290896005,0.6088
0.12257576349794685,0.6089
0.1281725446879295,0.609
0.13328728847950977,0.6091
0.1378875532446322,0.6092000000000001
0.14196142905748232,0.6093000000000001
0.14551198348537198,0.6094
0.148552200295632,0.6095
0.15109986456399205,0.6096
0.15317126813850712,0.6097
0.15477815980273002,0.6098
0.15592879265777648,0.6099
0.15662853035743896,0.61
0.15688169790336615,0.6101
0.1557018104099236,0.6102000000000001
0.15186853585115234,0.6103000000000001
0.14765995685938094,0.6104
0.14317971024737253,0.6105
0.1384676308741769,0.6106
0.13354421363679125,0.6107
0.128436055503924,0.6108
0.12317239279331504,0.6109
0.11779126878046242,0.611
0.1123378695376428,0.6111
0.1068628544977911,0.6112000000000001
0.10141843800940498,0.6113000000000001
0.09604050422371946,0.6114
0.09062082752361789,0.6115
0.08534984772663223,0.6116
0.08027199604580315,0.6117
0.07541937376289176,0.6118
0.07081499574042338,0.6119
0.06647777750389827,0.612
0.06242368204987525,0.6121
0.058666254177025534,0.6122000000000001
0.055215365758202184,0.6123000000000001
0.05207623948244655,0.6124
0.04891416886923072,0.6125
0.045737023025062884,0.6126
0.04283519372763123,0.6127
0.040251255843911427,0.6128
0.03746503548537916,0.6129
0.03467210303178936,0.613
0.03227045749560897,0.6131
0.029558245577282927,0.6132000000000001
0.027163233896763117,0.6133000000000001
0.025117074834441144,0.6134000000000001
0.023000343858669003,0.6135
0.021430616415081483,0.6136
0.020387522273159542,0.6137
0.019225285967885197,0.6138
0.01863997651858429,0.6139
0.018805416737204927,0.614
0.01917936327255476,0.6141
0.01972131995413484,0.6142000000000001
0.020978197511313468,0.6143000000000001
0.023051142444838524,0.6144000000000001
0.02478943952745527,0.6145
0.027167617881362904,0.6146
0.03035198357713531,0.6147
0.03375050659893186,0.6148
0.03741362942859383,0.6149
0.041683210492404976,0.615
0.046461100039687286,0.6151
0.05101569245140802,0.6152000000000001
0.05577842768877339,0.6153000000000001
0.060985751677548716,0.6154000000000001
0.06657958295332789,0.6155
0.0723951518077024,0.6156
0.0782901197483673,0.6157
0.08418084949721438,0.6158
0.08999956772517836,0.6159
0.09566234372817961,0.616
0.10110019510582013,0.6161
0.1062466708427745,0.6162000000000001
0.11104504324819542,0.6163000000000001
0.11543945574162084,0.6164000000000001
0.11938097290236604,0.6165
0.12283559402086996,0.6166
0.12578307587425797,0.6167
0.12821549991711256,0.6168
0.1301340236869487,0.6169
0.13154449874606322,0.617
0.13245906963053788,0.6171
0.13289157678705954,0.6172000000000001
0.132856549378351,0.6173000000000001
0.1323679472921231,0.6174000000000001
0.1314386459783794,0.6175
0.1300802631012773,0.6176
0.12830389100096373,0.6177
0.12612517172448934,0.6178
0.12222533268105362,0.6179
0.11653632520240742,0.618
0.1106190207244796,0.6181
0.10462210478233214,0.6182000000000001
0.09858243259190946,0.6183000000000001
0.09251527486574251,0.6184000000000001
0.0864407667820164,0.6185
0.08038716186183292,0.6186
0.07432478850798196,0.6187
0.06822171436367519,0.6188
0.062245195159856936,0.6189
0.056451925443443685,0.619
0.05089120813832437,0.6191
0.04560951787455925,0.6192000000000001
0.04065365726286596,0.6193000000000001
0.03606840386364074,0.6194000000000001
0.031874616436984304,0.6195
0.027738657452826,0.6196
0.023985424124335353,0.6197
0.020682042341779505,0.6198
0.01786843960562612,0.6199
0.0155662779883452,0.62
0.013135312944848598,0.6201
0.010752803621019158,0.6202000000000001
0.008913396611953894,0.6203000000000001
0.006868181381066041,0.6204000000000001
0.0056734314692066246,0.6205
0.005591204882445355,0.6206
0.005597547876844189,0.6207
0.005636185983894038,0.6208
0.005726959127058118,0.6209
0.0061311813039035545,0.621
0.006482394571383443,0.6211
0.006594084687905122,0.6212
0.007433767760097076,0.6213000000000001
0.00918833281364817,0.6214000000000001
0.01198921378628981,0.6215
0.01578783711316123,0.6216
0.020511891493371515,0.6217
0.02563295681986144,0.6218
0.03069302050011502,0.6219
0.036090764618241566,0.622
0.042238312363688024,0.6221
0.04906694645462539,0.6222
0.05633077460649294,0.6223000000000001
0.06386471266167026,0.6224000000000001
0.0714763843120032,0.6225
0.0790773046720491,0.6226
0.086588048488904,0.6227
0.09393738531052243,0.6228
0.10106379703127344,0.6229
0.10791853265349738,0.623
0.11445409875308821,0.6231
0.12062043563971481,0.6232
0.12636171283411224,0.6233000000000001
0.13163207599189342,0.6234000000000001
0.13639703149637494,0.6235
0.1406407136428779,0.6236
0.1443619404854879,0.6237
0.14757038030103242,0.6238
0.15028223381255068,0.6239
0.15251366869163774,0.624
0.15427710960620067,0.6241
0.1555814165859426,0.6242
0.1564322503810447,0.6243000000000001
0.1568339877347179,0.6244000000000001
0.15679010704864127,0.6245
0.1532025352650116,0.6246
0.14907869313874422,0.6247
0.14466563269530297,0.6248
0.14001594232149683,0.6249
0.13514855383459012,0.625
0.13008956557137885,0.6251
0.12486511862895655,0.6252
0.11951067760714407,0.6253000000000001
0.11406932924921498,0.6254000000000001
0.10859093865095215,0.6255000000000001
0.1031274888256829,0.6256
0.09773017681979368,0.6257
0.09230679304277156,0.6258
0.08697882829918913,0.6259
0.08182834487075075,0.626
0.07689279833072993,0.6261
0.07219998955309492,0.6262
0.06777202236662949,0.6263000000000001
0.06362663578717964,0.6264000000000001
0.05977773437373135,0.6265000000000001
0.0562351317478762,0.6266
0.05300435576025864,0.6267
0.04996029576466876,0.6268
0.04671173273840301,0.6269
0.043716272091427255,0.627
0.04102929362693564,0.6271
0.0384181647530204,0.6272
0.035522714365208374,0.6273000000000001
0.032974996092894227,0.6274000000000001
0.0303924276663885,0.6275000000000001
0.027852974299365174,0.6276
0.025833878397391263,0.6277
0.02357423895563504,0.6278
0.021803267193176934,0.6279
0.02068639070732914,0.628
0.01945979550002863,0.6281
0.018676745798116734,0.6282
0.01860989593299478,0.6283000000000001
0.01907285735571751,0.6284000000000001
0.01945920540556445,0.6285000000000001
0.02047657326880703,0.6286
0.02229879004516344,0.6287
0.02424034814489784,0.6288
0.02641650771740145,0.6289
0.02933242779729195,0.629
0.032795879276024786,0.6291
0.03623919994717295,0.6292
0.04027986529217076,0.6293000000000001
0.04486271952179255,0.6294000000000001
0.04950445779523771,0.6295000000000001
0.05414164545735756,0.6296
0.05922681113934547,0.6297
0.06472529013160888,0.6298
0.07048281211148888,0.6299
0.07635679135688411,0.63
0.08225942682389253,0.6301
0.08811723002092064,0.6302
0.09384406877397511,0.6303000000000001
0.09936798939207458,0.6304000000000001
0.10462026191175522,0.6305000000000001
0.10954143516300197,0.6306
0.11407319737759936,0.6307
0.11816390912628072,0.6308
0.12177666450522329,0.6309
0.12488813896660877,0.631
0.127487516746979,0.6311
0.12957332891200601,0.6312
0.13114937210560518,0.6313000000000001
0.1322261421620996,0.6314000000000001
0.1328164084354595,0.6315000000000001
0.1329340928846925,0.6316
0.13259303269458023,0.6317
0.1318063542727106,0.6318
0.13058622684807353,0.6319
0.12894442391108418,0.632
0.12689740070006816,0.6321
0.12401051592911683,0.6322
0.11844947195543643,0.6323000000000001
0.11256805218575217,0.6324000000000001
0.10658799378830175,0.6325000000000001
0.10056079422284747,0.6326
0.09450021364353922,0.6327
0.08842525408427104,0.6328
0.08235995859767142,0.6329
0.07633489442848584,0.633
0.07019970014173227,0.6331
0.06417114347841946,0.6332
0.058308904881397394,0.6333000000000001
0.05266453418808492,0.6334000000000001
0.0472850602220547,0.6335000000000001
0.042218498531973125,0.6336
0.037511323589653145,0.6337
0.03320511840991358,0.6338
0.029087472613958054,0.6339
0.025219603738926955,0.634
0.02177044176908116,0.6341
0.01879381199211383,0.6342
0.016320301099766343,0.6343
0.01407970847855311,0.6344000000000001
0.011549150117130758,0.6345000000000001
0.009466479151165608,0.6346
0.007592447199581187,0.6347
0.005767073712871884,0.6348
0.005586215971608022,0.6349
0.005633453655035092,0.635
0.005659149745405934,0.6351
0.005718866678207757,0.6352
0.006064408685970246,0.6353
0.006338604427005512,0.6354000000000001
0.006258156084511635,0.6355000000000001
0.006905203303889884,0.6356
0.008459675413779122,0.6357
0.01105437289665323,0.6358
0.014654493837802374,0.6359
0.019188930028869233,0.636
0.024165732815338403,0.6361
0.0290703311818441,0.6362
0.034330474488888596,0.6363
0.04036890301024876,0.6364000000000001
0.04711625256753127,0.6365000000000001
0.05432652684556594,0.6366
0.061861638133720476,0.6367
0.06952436951922591,0.6368
0.07716607481723226,0.6369
0.08471275765630171,0.637
0.09211335737811222,0.6371
0.09929975423694737,0.6372
0.10622504029752389,0.6373
0.11284316243150072,0.6374000000000001
0.11911194770761735,0.6375000000000001
0.12497985416219115,0.6376000000000001
0.13039355780048556,0.6377
0.13531067909096506,0.6378
0.13970608581047383,0.6379
0.14357346913408398,0.638
0.14692121167952288,0.6381
0.14976393575922464,0.6382
0.1521198411411211,0.6383
0.15400346952971378,0.6384000000000001
0.15542502061070218,0.6385000000000001
0.15639092712721703,0.6386000000000001
0.15690576953845758,0.6387
0.15697344378826616,0.6388
0.1542581924193961,0.6389
0.15024971272129695,0.639
0.14592044990438258,0.6391
0.1413423918818132,0.6392
0.136542382391581,0.6393
0.1315437983868012,0.6394000000000001
0.12637146404682598,0.6395000000000001
0.1210570272124899,0.6396000000000001
0.11564090324821097,0.6397
0.11017136393033788,0.6398
0.10470060951672122,0.6399
0.0992810557718159,0.64
0.09389008779014951,0.6401
0.0885222376442023,0.6402
0.08331942727754382,0.6403
0.0783226354953327,0.6404000000000001
0.0735617471176716,0.6405000000000001
0.06905866626080659,0.6406000000000001
0.06483031239888948,0.6407
0.0608905147306017,0.6408
0.05725075932610446,0.6409
0.053918914244750704,0.641
0.0508977798645629,0.6411
0.04759489597547284,0.6412
0.04450313237512438,0.6413
0.04171239268499183,0.6414000000000001
0.03921368442904449,0.6415000000000001
0.03622187833399115,0.6416000000000001
0.03354586194191511,0.6417
0.031069982358692405,0.6418
0.028411172644054794,0.6419
0.026233133364051087,0.642
0.024096347928421746,0.6421
0.022189515746029898,0.6422
0.020885815687750053,0.6423
0.01979018614316308,0.6424000000000001
0.018842841312503245,0.6425000000000001
0.018542750299381128,0.6426000000000001
0.01901043509138356,0.6427
0.019234149798922573,0.6428
0.020012994642144566,0.6429
0.021595730902467913,0.643
0.023616772374314143,0.6431
0.02562252643103191,0.6432
0.02832687758064445,0.6433
0.031822221447445065,0.6434000000000001
0.035121100588788146,0.6435000000000001
0.03897141482297761,0.6436000000000001
0.04338832146222438,0.6437
0.048115370070549224,0.6438
0.05264075737660767,0.6439
0.05761748193784433,0.644
0.06303287013415593,0.6441
0.06874234588202233,0.6442
0.07460258429078115,0.6443
0.08052181523991786,0.6444000000000001
0.08642131289970234,0.6445000000000001
0.09221289925501908,0.6446000000000001
0.09782169734439405,0.6447
0.1031763840577099,0.6448
0.10821540869096968,0.6449
0.11288465034681594,0.645
0.11713189820560499,0.6451
0.1209103082873384,0.6452
0.12418964031478408,0.6453
0.12695277319678633,0.6454000000000001
0.1291959556522425,0.6455000000000001
0.13092355942907674,0.6456000000000001
0.13214457621672682,0.6457
0.13287292941197715,0.6458
0.13312361467047995,0.6459
0.13291109939271317,0.646
0.13224908110240907,0.6461
0.1311498656699419,0.6462
0.12962551817139334,0.6463
0.1276927725525775,0.6464000000000001
0.12537066258182117,0.6465000000000001
0.1201393675370398,0.6466000000000001
0.11429969911608362,0.6467
0.10833739806790299,0.6468
0.10231957365781241,0.6469
0.0962632125679338,0.647
0.09018646850026324,0.6471
0.08411126078182063,0.6472
0.07807113416474976,0.6473
0.0719794198924173,0.6474000000000001
0.06591681436343677,0.6475000000000001
0.06000489302732881,0.6476000000000001
0.05429791129734052,0.6477
0.0488426066962977,0.6478
0.04368471011472419,0.6479
0.038870192241331036,0.648
0.03444254677359915,0.6481
0.030348327450395507,0.6482
0.026365363788919627,0.6483
0.02277408578921447,0.6484
0.019641955743695094,0.6485000000000001
0.017007460782372474,0.6486000000000001
0.014890422257346048,0.6487
0.012241552397828537,0.6488
0.009952844333498634,0.6489
0.008197854655079606,0.649
0.005982159427544209,0.6491
0.005607142104323559,0.6492
0.005581269412305856,0.6493
0.005669823709107957,0.6494
0.005688878400105235,0.6495000000000001
0.00600051924047218,0.6496000000000001
0.005937701390690053,0.6497
0.005815478816324493,0.6498
0.006455503789164263,0.6499
0.007855881460135938,0.65
0.010227041437320894,0.6501
0.013643009622449354,0.6502
0.0179859179667492,0.6503
0.02282720377090075,0.6504
0.02792683298198617,0.6505000000000001
0.03345641338719818,0.6506000000000001
0.03928698423239996,0.6507000000000001
0.04578271172702242,0.6508
0.05286056274398643,0.6509
0.060284434790919605,0.651
0.06789392792851512,0.6511
0.07550405706833418,0.6512
0.08304520777741942,0.6513
0.09045225054902206,0.6514
0.0976625571125449,0.6515000000000001
0.10462400678940731,0.6516000000000001
0.11129442558160052,0.6517000000000001
0.11762973623661799,0.6518
0.123580591921988,0.6519
0.12909092263981492,0.652
0.13411636459656417,0.6521
0.1386266488551986,0.6522
0.14261225347173456,0.6523
0.14607830473729277,0.6524
0.14903872607207302,0.6525000000000001
0.15151096670345132,0.6526000000000001
0.1535098014238021,0.6527000000000001
0.1550450554683862,0.6528
0.15612333037777393,0.6529
0.15674916458993882,0.653
0.15692682918029932,0.6531
0.1551892815562863,0.6532
0.1512968192597608,0.6533
0.14704753736225906,0.6534
0.14253395968537097,0.6535000000000001
0.13779140131377787,0.6536000000000001
0.13284148485534109,0.6537000000000001
0.12771038359642828,0.6538
0.12242845121094437,0.6539
0.11703458001461131,0.654
0.11157476079515793,0.6541
0.10609984162091224,0.6542
0.10066187014779182,0.6543
0.09527372265532252,0.6544
0.08986589787838639,0.6545000000000001
0.08461093319351232,0.6546000000000001
0.07955175084235844,0.6547000000000001
0.07471946587493761,0.6548
0.07013686340398606,0.6549
0.06582289832189503,0.655
0.061793897793656516,0.6551
0.0580636984236802,0.6552
0.054642134273656495,0.6553
0.05153382073062773,0.6554
0.04828246083283472,0.6555000000000001
0.04512875902783153,0.6556000000000001
0.04226340345290103,0.6557000000000001
0.039720853842788895,0.6558
0.03682679061859795,0.6559
0.03407478810430331,0.656
0.031724175274201016,0.6561
0.02895185660797872,0.6562
0.02662346808813254,0.6563
0.024550569285882062,0.6564
0.022512666035337192,0.6565000000000001
0.02104233049174531,0.6566000000000001
0.01999642985234673,0.6567000000000001
0.01891922714063954,0.6568
0.018444182922458863,0.6569
0.018729518259466227,0.657
0.019067379184089184,0.6571
0.019706989535068997,0.6572
0.02109529511090158,0.6573
0.02316111705873425,0.6574
0.02501138892703425,0.6575000000000001
0.02752489027492855,0.6576000000000001
0.03084085789229074,0.6577000000000001
0.034210456960950264,0.6578
0.03798197538719661,0.6579
0.042367096218791866,0.658
0.047246721658802615,0.6581
0.051768313970188995,0.6582
0.056605534870518115,0.6583
0.0618837666888441,0.6584
0.06753417472133649,0.6585000000000001
0.07338741857945963,0.6586000000000001
0.07930169574448975,0.6587000000000001
0.08519559237563268,0.6588
0.09100419773251622,0.6589
0.09664470820970317,0.659
0.10204962311301591,0.6591
0.10715363382363219,0.6592
0.11190132934301111,0.6593
0.11623800303735587,0.6594
0.12011594422785443,0.6595000000000001
0.1235024716583234,0.6596000000000001
0.12637876203063314,0.6597000000000001
0.12873827195948606,0.6598
0.13058342760081865,0.6599
0.13192106775824963,0.66
0.13276407124729395,0.6601
0.13312666279789842,0.6602
0.13302348077257675,0.6603
0.1324683809336914,0.6604
0.13147403315272221,0.6605000000000001
0.13005181092799722,0.6606000000000001
0.12821257036703415,0.6607000000000001
0.1259716785415218,0.6608
0.12148741836124544,0.6609
0.11574161679154915,0.661
0.10980558678011298,0.6611
0.10379943102166733,0.6612
0.09775152136465548,0.6613
0.09167807455032084,0.6614
0.08559967107812905,0.6615
0.07954683395155393,0.6616000000000001
0.07348153433232607,0.6617000000000001
0.067388479826339,0.6618
0.06143113204802886,0.6619
0.05566659120997497,0.662
0.05014363154607393,0.6621
0.044907937966465195,0.6622
0.040004710318470416,0.6623
0.035476774417641854,0.6624
0.03134504255152715,0.6625
0.027268357476280425,0.6626000000000001
0.02357208561325308,0.6627000000000001
0.02032723786480406,0.6628000000000001
0.017574480798646208,0.6629
0.015335052290562867,0.663
0.012857529725201156,0.6631
0.01051898783875349,0.6632
0.00875171674191666,0.6633
0.006619333261154825,0.6634
0.005651585875706244,0.6635
0.005600262881176654,0.6636000000000001
0.005618144362053545,0.6637000000000001
0.005693049910728165,0.6638000000000001
0.005855857818951149,0.6639
0.006009872386860682,0.664
0.006091039998775694,0.6641
0.006311239769281052,0.6642
0.007341562223907916,0.6643
0.009374648582053391,0.6644
0.012442747065293025,0.6645
0.01649561173376979,0.6646000000000001
0.021426419391251672,0.6647000000000001
0.026344503751676296,0.6648000000000001
0.03160791556553533,0.6649
0.03720973493060309,0.665
0.043533813780839425,0.6651
0.05049608868391786,0.6652
0.057853775420382725,0.6653
0.06544351262833192,0.6654
0.07307644495458654,0.6655
0.08067341821437835,0.6656000000000001
0.0881608045204878,0.6657000000000001
0.0954705778843179,0.6658000000000001
0.1025442800188503,0.6659
0.10933555653184113,0.666
0.11579813682311213,0.6661
0.12188266304912321,0.6662
0.12753364899194986,0.6663
0.13270654925346803,0.6664
0.13736918230283446,0.6665
0.14150900500995334,0.6666000000000001
0.14512806244807075,0.6667000000000001
0.14823836467306184,0.6668000000000001
0.15085681651352234,0.6669
0.15299876599657447,0.667
0.1546748025214545,0.6671
0.15589193197675721,0.6672
0.15665451976786304,0.6673
0.15696648662483292,0.6674
0.15628705672119714,0.6675
0.1524971861539346,0.6676000000000001
0.14831409863023537,0.6677000000000001
0.14385366785453568,0.6678000000000001
0.13916084267343498,0.6679
0.1342549972479501,0.668
0.12916242570489433,0.6681
0.12391062446568546,0.6682
0.11853634684782144,0.6683
0.11308370200150253,0.6684
0.10760287529555557,0.6685
0.10214587190194868,0.6686000000000001
0.09676356316653734,0.6687000000000001
0.09133667212799834,0.6688000000000001
0.08603385393256335,0.6689
0.08091525748040274,0.669
0.0760155090328507,0.6691
0.07136040380102371,0.6692
0.06697132284416862,0.6693
0.06286593110336369,0.6694
0.059058503323470735,0.6695
0.05555906024702639,0.6696000000000001
0.052372758998933344,0.6697000000000001
0.04924365273666864,0.6698000000000001
0.04602772720456039,0.6699
0.04307822455993704,0.67
0.040442423202817546,0.6701
0.03770685872587598,0.6702
0.03486053182994908,0.6703
0.032389466866255434,0.6704
0.02970977353547588,0.6705
0.027247720750398052,0.6706000000000001
0.025207250688469518,0.6707000000000001
0.023017437784516037,0.6708000000000001
0.02136335070042228,0.6709
0.020320572324226127,0.671
0.019091127947964415,0.6711
0.018422580537510225,0.6712
0.018503162576606336,0.6713
0.01890502741330158,0.6714
0.019378143388181224,0.6715
0.020546095223831884,0.6716000000000001
0.02254253875868306,0.6717000000000001
0.024362380994427113,0.6718000000000001
0.02669288429109562,0.6719
0.029799554558880503,0.672
0.03327174398000432,0.6721
0.03685981723668941,0.6722
0.04105494664752207,0.6723
0.045775047147603054,0.6724
0.05037017486603235,0.6725
0.05510918905626938,0.6726000000000001
0.06029604365889196,0.6727000000000001
0.06587963172841205,0.6728000000000001
0.0716982941765979,0.6729
0.07760951109773229,0.673
0.08352802391501801,0.6731
0.08938393671155886,0.6732
0.09509243719519822,0.6733
0.10058333120270857,0.6734
0.10578918941989357,0.6735
0.11065211753145276,0.6736000000000001
0.11511519054989394,0.6737000000000001
0.11912834718075094,0.6738000000000001
0.12265649923448052,0.6739
0.12567834997150307,0.674
0.12818508179304144,0.6741
0.13017706776518356,0.6742
0.13165953613751014,0.6743
0.1326440644731831,0.6744
0.13314404841287686,0.6745
0.13317368968860188,0.6746
0.13274680917899095,0.6747000000000001
0.13187632074236977,0.6748000000000001
0.13057403688792002,0.6749
0.12885131228950208,0.675
0.12672411849651755,0.6751
0.12307069257031267,0.6752
0.11743921899301546,0.6753
0.1115327940574149,0.6754
0.10553936134059416,0.6755
0.09949994009886343,0.6756
0.09342975667566389,0.6757000000000001
0.08734861055688203,0.6758000000000001
0.0812837956183674,0.6759000000000001
0.0752590889544904,0.676
0.06913866458184081,0.6761
0.06313562772206338,0.6762
0.05730924710523588,0.6763
0.051710288436976226,0.6764
0.04638526879412619,0.6765
0.04138124300492074,0.6766
0.036743177864760446,0.6767000000000001
0.032510841946546076,0.6768000000000001
0.02841900020759147,0.6769000000000001
0.024607862512207257,0.677
0.02122510966294211,0.6771
0.018322956378038935,0.6772
0.015929601403962046,0.6773
0.013596813070843039,0.6774
0.011133892796979072,0.6775
0.009163868165266154,0.6776
0.0071831629055088,0.6777000000000001
0.005701088858903081,0.6778000000000001
0.005587712662147526,0.6779000000000001
0.005598016805787864,0.678
0.005635246872312871,0.6781
0.005714961826060128,0.6782
0.006070694820256239,0.6783
0.006273364949237692,0.6784
0.006410510407120151,0.6785
0.007142925048451154,0.6786
0.008694225805475408,0.6787000000000001
0.011282536800160115,0.6788000000000001
0.014909297318173476,0.6789000000000001
0.01949917557152614,0.679
0.02474573994142859,0.6791
0.02967896043784335,0.6792
0.03496028244576821,0.6793
0.04101838838423921,0.6794
0.04779018883102526,0.6795
0.05502544940435694,0.6796
0.06258454220938314,0.6797000000000001
0.07026660652078032,0.6798000000000001
0.07792153329538798,0.6799000000000001
0.08547534508501164,0.68
0.092877968554688,0.6801
0.10006158126583886,0.6802
0.10697928201527318,0.6803
0.1135838997193035,0.6804
0.11983168574016201,0.6805
0.1256695282488498,0.6806
0.13104364351283415,0.6807000000000001
0.13591268473518592,0.6808000000000001
0.14025367484041584,0.6809000000000001
0.14406269220703538,0.681
0.14734999539056526,0.6811
0.15013125508178626,0.6812
0.15242521048206548,0.6813
0.15424683703661102,0.6814
0.1556069207851457,0.6815
0.15651256297097715,0.6816
0.15696878450864293,0.6817000000000001
0.15697946701024124,0.6818000000000001
0.1537551782055686,0.6819000000000001
0.14968110055741102,0.682
0.1453033768703943,0.6821
0.140682208638772,0.6822
0.1358397453176119,0.6823
0.13080117579739137,0.6824
0.12559235100451893,0.6825
0.12024729644197396,0.6826
0.11480804496980812,0.6827000000000001
0.1093239227780417,0.6828000000000001
0.10384735971880199,0.6829000000000001
0.098430684112361,0.683
0.09303639821599885,0.6831
0.08768406123696648,0.6832
0.0825040045325276,0.6833
0.07753586132653578,0.6834
0.07280802832426125,0.6835
0.06834189014412118,0.6836
0.0641547583807548,0.6837000000000001
0.06026019425081952,0.6838000000000001
0.05666828106223232,0.6839000000000001
0.053385461534814604,0.684
0.050389984616329375,0.6841
0.04709231215399945,0.6842
0.0440382551628109,0.6843
0.041290964440465094,0.6844
0.03873931419981491,0.6845
0.03578843917099617,0.6846
0.03316976964623519,0.6847000000000001
0.030639258166476946,0.6848000000000001
0.02803921151772837,0.6849000000000001
0.025939635030057806,0.685
0.02375041362297714,0.6851
0.021911302510375874,0.6852
0.02069971220877931,0.6853
0.019553296473255877,0.6854
0.018681651034910374,0.6855
0.018489988259692947,0.6856
0.018955875177877335,0.6857000000000001
0.019239632468227574,0.6858000000000001
0.020134143762857715,0.6859000000000001
0.02184080406393729,0.686
0.023807603868973404,0.6861
0.025904807430015664,0.6862
0.028726835150105767,0.6863
0.03221895092703253,0.6864
0.03558458783354457,0.6865
0.039542337516801807,0.6866
0.04405785999133505,0.6867000000000001
0.04874779817864816,0.6868000000000001
0.053344348869222014,0.6869000000000001
0.05839259823046761,0.687
0.06386778468975762,0.6871
0.06961981991239097,0.6872
0.0755054700090032,0.6873
0.08143461720329248,0.6874
0.08733090445238223,0.6875
0.09310687932610717,0.6876
0.09868884919965559,0.6877
0.10400652865278026,0.6878000000000001
0.10899869409826679,0.6879000000000001
0.11360544302307052,0.6880000000000001
0.11777368776736508,0.6881
0.12146532170522306,0.6882
0.12465604608026182,0.6883
0.12733435009434713,0.6884
0.1294982765228887,0.6885
0.13115132684176678,0.6886
0.1323037470505366,0.6887
0.13296809665105724,0.6888000000000001
0.1331580738589363,0.6889000000000001
0.13288731154276334,0.6890000000000001
0.13216877168820762,0.6891
0.13101453739337732,0.6892
0.12943637937588293,0.6893
0.12745089667469822,0.6894
0.12490651367304773,0.6895
0.11940539040852127,0.6896
0.11353564082229184,0.6897
0.10755883188951654,0.6898000000000001
0.10153206205714294,0.6899000000000001
0.09546916642286252,0.6900000000000001
0.08938894909652217,0.6901
0.0833141962797328,0.6902
0.07727976217086507,0.6903
0.07117366272880199,0.6904
0.06512371604798384,0.6905
0.05923060370695432,0.6906
0.053548432802881685,0.6907
0.048125480677645216,0.6908000000000001
0.04300990188495346,0.6909000000000001
0.038248680839702454,0.6910000000000001
0.033883933376427144,0.6911
0.029829595726347025,0.6912
0.025906840467346814,0.6913
0.022379879701789118,0.6914
0.019315092040494752,0.6915
0.016749970360531385,0.6916
0.014614908218133715,0.6917
0.01200331212261041,0.6918000000000001
0.009789688999590762,0.6919000000000001
0.007985591801632275,0.6920000000000001
0.005873728805797729,0.6921
0.005613984851162268,0.6922
0.005593331707895777,0.6923
0.005671263778126656,0.6924
0.005694439105659699,0.6925
0.006044609071353735,0.6926
0.006109056255834577,0.6927
0.005943732923800349,0.6928000000000001
0.006543277907364864,0.6929000000000001
0.008081073866428534,0.6930000000000001
0.010637486952214559,0.6931
0.01420034806841075,0.6932
0.018678364884087806,0.6933
0.023460547925051145,0.6934
0.028333610589703406,0.6935
0.03357646950164539,0.6936
0.03960627865728106,0.6937
0.046347855032330854,0.6938000000000001
0.053555863584699104,0.6939000000000001
0.061092452449628465,0.6940000000000001
0.06876204915741158,0.6941
0.07641651486553946,0.6942
0.0839810521950255,0.6943
0.09140329100466194,0.6944
0.09861444434154465,0.6945
0.10556738560884404,0.6946
0.1122169413980435,0.6947
0.1185222466512601,0.6948000000000001
0.12443293140539091,0.6949000000000001
0.12989573605797344,0.6950000000000001
0.1348670498589496,0.6951
0.13931968194248012,0.6952
0.14324535676307093,0.6953
0.14665121967290307,0.6954
0.1495514357270069,0.6955
0.1519640472177075,0.6956
0.15390327267653503,0.6957
0.1553787095196204,0.6958000000000001
0.15639615983293775,0.6959000000000001
0.15695992346460486,0.6960000000000001
0.1570741108741146,0.6961
0.15477336330075953,0.6962
0.15080751826665784,0.6963
0.14650598783290203,0.6964
0.14195075104081245,0.6965
0.13717262476503933,0.6966
0.13219353833853154,0.6967
0.12703750500298916,0.6968000000000001
0.12173428416236454,0.6969000000000001
0.11632307945785159,0.6970000000000001
0.11085145713746358,0.6971
0.1053716161993763,0.6972
0.09993624921429112,0.6973
0.0945560370765135,0.6974
0.08916284636489147,0.6975
0.08392818936531843,0.6976
0.07889466649859267,0.6977
0.07409333777612859,0.6978000000000001
0.06954691228458909,0.6979000000000001
0.06527324737555484,0.6980000000000001
0.061286765139024646,0.6981
0.05759941265921786,0.6982
0.05421946110662246,0.6983
0.05115029598472054,0.6984
0.04787424239002913,0.6985
0.04474110993453673,0.6986
0.04190110895178467,0.6987
0.03938688693562309,0.6988000000000001
0.03641259325177293,0.6989000000000001
0.03368966378443883,0.6990000000000001
0.03128050231185697,0.6991
0.028559088234287877,0.6992
0.026300194740455085,0.6993
0.024189354660980156,0.6994
0.022211465058485702,0.6995
0.02082048250352231,0.6996
0.019734938193110896,0.6997
0.018721210077044192,0.6998000000000001
0.018336780246837714,0.6999000000000001
0.01871988107940381,0.7000000000000001
0.018987559388924158,0.7001000000000001
0.019702059498501567,0.7002
0.02120020079700824,0.7003
0.023239630427778657,0.7004
0.025180089959021767,0.7005
0.027807230498769098,0.7006
0.0312340233325612,0.7007
0.034565957978645256,0.7008
0.03842805416285966,0.7009000000000001
0.042910858128726526,0.7010000000000001
0.04787626372389897,0.7011000000000001
0.05236729051507294,0.7012
0.05726689167083232,0.7013
0.06260445167232154,0.7014
0.06827507919423381,0.7015
0.07411109213301526,0.7016
0.08002407829250557,0.7017
0.0859256339789537,0.7018
0.09173038055836047,0.7019000000000001
0.09735984669603293,0.7020000000000001
0.10274449648230566,0.7021000000000001
0.10782025426798514,0.7022
0.11253324698514644,0.7023
0.11682923300898373,0.7024
0.12066113374017473,0.7025
0.12399696520950043,0.7026
0.12681892652149263,0.7027
0.12912165508163898,0.7028
0.13090874323378432,0.7029000000000001
0.13218805014670842,0.7030000000000001
0.13297319738675306,0.7031000000000001
0.1332788732105895,0.7032
0.1331198871282281,0.7033
0.13251011392057843,0.7034
0.13146213635236936,0.7035
0.12998722872638335,0.7036
0.12809611537021126,0.7037
0.1258039788265869,0.7038
0.1208599437133957,0.7039000000000001
0.11506715523787403,0.7040000000000001
0.10911335349374562,0.7041000000000001
0.10309654220431441,0.7042
0.0970387566077695,0.7043
0.09095752965660664,0.7044
0.08487441571626231,0.7045
0.07882227464682978,0.7046
0.07275258581504629,0.7047
0.06667088996794956,0.7048
0.06073241691181519,0.7049000000000001
0.05499315697524687,0.7050000000000001
0.04950066233358652,0.7051000000000001
0.04429997784246997,0.7052
0.03943686020786963,0.7053
0.034955534953586165,0.7054
0.030860861441485588,0.7055
0.026828739463465423,0.7056
0.0231796645713358,0.7057
0.019985375520185755,0.7058
0.01728676063159096,0.7059000000000001
0.015104521504942126,0.7060000000000001
0.012543639164334985,0.7061000000000001
0.010207588341212936,0.7062
0.008481417501800648,0.7063
0.006186694837707396,0.7064
0.005613568249168921,0.7065
0.005585764826910422,0.7066
0.00564345547607803,0.7067
0.005690305549955754,0.7068
0.005900143482658882,0.7069000000000001
0.0061207762699415635,0.7070000000000001
0.006198707568643158,0.7071000000000001
0.006569413191879869,0.7072
0.007657957177947372,0.7073
0.009714398872979091,0.7074
0.012790334833809203,0.7075
0.016871358997954777,0.7076
0.021835902869294932,0.7077
0.026926440711104727,0.7078
0.03220716111695077,0.7079000000000001
0.03781484176643546,0.7080000000000001
0.04414054147937496,0.7081000000000001
0.051104489429626865,0.7082
0.05846282171595285,0.7083
0.06605027020713095,0.7084
0.07367587177974633,0.7085
0.08126000034997449,0.7086
0.08872988588185138,0.7087
0.09601921562460625,0.7088
0.10307159358648244,0.7089000000000001
0.10984208724936828,0.7090000000000001
0.11628447626551808,0.7091000000000001
0.1223480348246061,0.7092
0.1279751686269729,0.7093
0.13311953565040668,0.7094
0.1377480936598503,0.7095
0.14184848990806354,0.7096
0.14542363246757128,0.7097
0.14848663589089373,0.7098
0.1510555641257425,0.7099000000000001
0.15314699493702988,0.7100000000000001
0.15477286805631862,0.7101000000000001
0.1559415500292095,0.7102
0.1566584710231601,0.7103
0.1569280102970021,0.7104
0.1559266295804207,0.7105
0.1520955505421524,0.7106
0.14788202355517555,0.7107
0.1433942994161681,0.7108
0.13867416942766309,0.7109000000000001
0.1337418497915943,0.7110000000000001
0.12862406789064995,0.7111000000000001
0.12334968364109045,0.7112
0.11795653714907595,0.7113
0.11248967814364175,0.7114
0.10699982438988442,0.7115
0.10153929520990923,0.7116
0.09615907712750127,0.7117
0.09072444774106914,0.7118
0.08543459794306829,0.7119000000000001
0.08033723637363788,0.7120000000000001
0.07546506940809927,0.7121000000000001
0.07084126537308255,0.7122
0.06648482048917681,0.7123
0.06241170076443214,0.7124
0.058635533321561795,0.7125
0.055166396529028106,0.7126
0.052009853990773625,0.7127
0.048864118740240325,0.7128
0.04567150129880426,0.7129000000000001
0.042751873491721826,0.7130000000000001
0.04015031111225831,0.7131000000000001
0.037379629584696206,0.7132000000000001
0.03456848814590807,0.7133
0.032144856702471136,0.7134
0.029434908728641185,0.7135
0.027018749630785877,0.7136
0.024963782257207745,0.7137
0.022826177339833054,0.7138
0.02123576431344576,0.7139
0.020182259183452844,0.7140000000000001
0.01900469867465282,0.7141000000000001
0.01840421130734793,0.7142000000000001
0.01855766128604408,0.7143
0.018920284698974665,0.7144
0.019451417563797646,0.7145
0.02070103289250813,0.7146
0.02278086418171532,0.7147
0.024553678440263127,0.7148
0.0269477635533526,0.7149
0.030133148998710668,0.7150000000000001
0.0335849572499336,0.7151000000000001
0.03723564334763263,0.7152000000000001
0.04149798577082686,0.7153
0.04627499100307664,0.7154
0.05083808281962443,0.7155
0.05561598797713674,0.7156
0.06084082412964831,0.7157
0.06645419470224778,0.7158
0.07229125604486941,0.7159
0.07820964907732508,0.7160000000000001
0.08412535563897572,0.7161000000000001
0.0899701836525032,0.7162000000000001
0.09565996166073909,0.7163
0.10112538871660148,0.7164
0.10629975019043447,0.7165
0.11112600463396871,0.7166
0.11554800548807331,0.7167
0.11951652868263907,0.7168
0.12299737719778592,0.7169
0.12597017985800107,0.7170000000000001
0.1284269773424187,0.7171000000000001
0.13036889576529875,0.7172000000000001
0.1318017271072105,0.7173
0.13273747397151614,0.7174
0.13318979115240037,0.7175
0.13317302595586977,0.7176
0.13270104815655293,0.7177
0.13178675444185461,0.7178
0.1304418863711687,0.7179
0.12867769996947032,0.7180000000000001
0.12651002533112976,0.7181000000000001
0.12252371775611193,0.7182000000000001
0.11685591596746325,0.7183
0.11093980744865017,0.7184
0.10494260550066581,0.7185
0.098900478911083,0.7186
0.0928291500934878,0.7187
0.08674872685185542,0.7188
0.08068786728316513,0.7189
0.07465480757673348,0.7190000000000001
0.06854444412343996,0.7191000000000001
0.06255737084830704,0.7192000000000001
0.056752170235279786,0.7193
0.051179085824579085,0.7194
0.04588456510357286,0.7195
0.04091536139679475,0.7196
0.03631591837361903,0.7197
0.03212522535174411,0.7198
0.028033078216301854,0.7199
0.024257931170733826,0.7200000000000001
0.020919801488094913,0.7201000000000001
0.018067256658898856,0.7202000000000001
0.015725831603996987,0.7203
0.01334603583084415,0.7204
0.010927659994018901,0.7205
0.009028099349846164,0.7206
0.0070062789683691395,0.7207
0.0056849406903871635,0.7208
0.0055995509622668305,0.7209
0.005593418472586986,0.7210000000000001
0.00563483741705717,0.7211000000000001
0.005717371417127692,0.7212000000000001
0.0061075780697466,0.7213
0.006412709789115567,0.7214
0.006541197883504379,0.7215
0.007350964654457615,0.7216
0.009040238313504867,0.7217
0.011779022170208764,0.7218
0.015529536243812592,0.7219
0.02021784446295194,0.7220000000000001
0.0253581145700148,0.7221000000000001
0.03038679863082061,0.7222000000000001
0.03575694981226096,0.7223
0.04188465106381112,0.7224
0.04870195572561986,0.7225
0.0559620716759377,0.7226
0.06349897182383446,0.7227
0.07111962993514798,0.7228
0.07873362921325067,0.7229
0.08626039866664603,0.7230000000000001
0.09362778036328323,0.7231000000000001
0.10077363110902993,0.7232000000000001
0.10764882455146962,0.7233
0.11420604114739397,0.7234
0.12039548092866381,0.7235
0.12616153937213448,0.7236
0.13145807351279304,0.7237
0.1362498675909608,0.7238
0.14052001646818624,0.7239
0.14426643446410503,0.7240000000000001
0.1474981997768785,0.7241000000000001
0.15023135118976316,0.7242000000000001
0.1524821621240584,0.7243
0.15426331434112062,0.7244
0.15558393776740487,0.7245
0.15644996969070468,0.7246
0.15686604245656088,0.7247
0.15683587896792295,0.7248
0.15341241337689415,0.7249
0.14929453654117986,0.7250000000000001
0.1448812933477157,0.7251000000000001
0.14022935053755137,0.7252000000000001
0.13535925371959845,0.7253000000000001
0.13029658147182965,0.7254
0.12506733609588605,0.7255
0.11970638313397408,0.7256
0.11425644609570729,0.7257
0.10876719160055826,0.7258
0.10329068740489145,0.7259
0.09787833947717273,0.7260000000000001
0.09245576172366399,0.7261000000000001
0.08711014034604736,0.7262000000000001
0.08194028537309206,0.7263000000000001
0.07698484161060126,0.7264
0.07227224938319332,0.7265
0.06782463157215401,0.7266
0.06365963666304597,0.7267
0.05979094943865082,0.7268
0.05622830978598614,0.7269
0.052977396396080234,0.727
0.049942136925519964,0.7271000000000001
0.04667472861391464,0.7272000000000001
0.04365836638537335,0.7273000000000001
0.04095092694920055,0.7274
0.03835274583230386,0.7275
0.03543823480732233,0.7276
0.0328675991798304,0.7277
0.030302924042656443,0.7278
0.02774980450851383,0.7279
0.02571133259395686,0.728
0.02349770131079354,0.7281000000000001
0.021713249625641584,0.7282000000000001
0.020573470375965908,0.7283000000000001
0.019412261003933118,0.7284
0.018602313193034625,0.7285
0.018491794940611817,0.7286
0.01895711980878323,0.7287
0.019310853244121295,0.7288
0.02029076606742275,0.7289
0.02208176768611425,0.729
0.02402925093844943,0.7291000000000001
0.02619053128272264,0.7292000000000001
0.02909008457205986,0.7293000000000001
0.032571617923456087,0.7294
0.03600308411510045,0.7295
0.04003136570443133,0.7296
0.04460729477182612,0.7297
0.04927156604327099,0.7298
0.05390941888599299,0.7299
0.05899727874435623,0.73
0.06450285276801171,0.7301000000000001
0.07027271166617244,0.7302000000000001
0.07616385569295236,0.7303000000000001
0.08208767333128097,0.7304
0.08796974018298265,0.7305
0.09372337870849856,0.7306
0.09927594146622931,0.7307
0.10455802482181298,0.7308
0.10950945417140279,0.7309
0.11407129655515413,0.731
0.11819144160969997,0.7311000000000001
0.12183272529101985,0.7312000000000001
0.12497172672160672,0.7313000000000001
0.1275976652599513,0.7314
0.1297091703462825,0.7315
0.1313101588157869,0.7316
0.13241121380360343,0.7317
0.13302514019282674,0.7318
0.13316582592395942,0.7319
0.13284702306963503,0.732
0.13208174278498253,0.7321000000000001
0.13088204214491794,0.7322000000000001
0.12925960871773468,0.7323000000000001
0.12723088270063077,0.7324
0.12436004552243396,0.7325
0.1188195606995327,0.7326
0.1129387728552399,0.7327
0.10695682608962576,0.7328
0.10092607299021605,0.7329
0.09486071583456546,0.733
0.08877985309971481,0.7331000000000001
0.08270759859207044,0.7332000000000001
0.07667973174792997,0.7333000000000001
0.07056316990500089,0.7334
0.06452621309106399,0.7335
0.058652352882855086,0.7336
0.05299458000177237,0.7337
0.04760055777163208,0.7338
0.042518180775487746,0.7339
0.0377938528973738,0.734
0.03346903104734422,0.7341000000000001
0.02940293658596449,0.7342000000000001
0.025514783746096725,0.7343000000000001
0.02203235131404302,0.7344
0.019017708063678862,0.7345
0.016505611780498475,0.7346
0.01431584805027386,0.7347
0.011751063201751899,0.7348
0.009611516758594618,0.7349
0.007765420718772287,0.735
0.005805833571207453,0.7351000000000001
0.005598591565812994,0.7352000000000001
0.005612878766553475,0.7353000000000001
0.0056775504302784,0.7354
0.0057096633744797565,0.7355
0.006065040835934621,0.7356
0.0062537911511277855,0.7357
0.006141438541733768,0.7358
0.006775338926754415,0.7359
0.008336064856941938,0.736
0.010926814745980895,0.7361000000000001
0.014522178902683702,0.7362000000000001
0.01904224510746788,0.7363000000000001
0.023932514942167638,0.7364
0.028834371409456105,0.7365
0.034097106697117185,0.7366
0.04014030546650238,0.7367
0.04689161818217458,0.7368
0.05410571808114906,0.7369
0.06164477456303519,0.737
0.06931241182605563,0.7371000000000001
0.07696022075726106,0.7372000000000001
0.08451410640217005,0.7373000000000001
0.09192253059569933,0.7374
0.0991170608642038,0.7375
0.10605069689775881,0.7376
0.1126778332717514,0.7377
0.11895698881172356,0.7378
0.12483730466295406,0.7379
0.13026564939547236,0.738
0.13519924628488145,0.7381000000000001
0.1396121300780926,0.7382000000000001
0.1434971327294623,0.7383000000000001
0.1468620502250194,0.7384000000000001
0.14972125094885624,0.7385
0.15209283409201668,0.7386
0.15399119577935905,0.7387
0.15542629165341404,0.7388
0.15640431620697415,0.7389
0.15692978020333015,0.739
0.15700673982072966,0.7391000000000001
0.15441871733631896,0.7392000000000001
0.15041786682367753,0.7393000000000001
0.14609151626405603,0.7394000000000001
0.14151497994805562,0.7395
0.13671642263760986,0.7396
0.13171873111413224,0.7397
0.12654640567698705,0.7398
0.1212304133313461,0.7399
0.11581071693627931,0.74
0.11033531651453587,0.7401
0.10485638410168185,0.7402000000000001
0.09942640705546146,0.7403000000000001
0.09403483521635436,0.7404000000000001
0.08865241748451214,0.7405
0.08343284362584069,0.7406
0.07841801102003032,0.7407
0.07363845633296717,0.7408
0.06911638819209676,0.7409
0.06486894516459041,0.741
0.0609100144300152,0.7411
0.057251131471482974,0.7412000000000001
0.05390025431067058,0.7413000000000001
0.050860375457328466,0.7414000000000001
0.047555025121295724,0.7415
0.04444623533472325,0.7416
0.04163712782553741,0.7417
0.039142266939789616,0.7418
0.03614031022082265,0.7419
0.03345184017042824,0.742
0.03101820920849785,0.7421
0.02833946005892818,0.7422000000000001
0.02613354753342012,0.7423000000000001
0.024006302344089736,0.7424000000000001
0.022073668594025042,0.7425
0.020740371168408656,0.7426
0.019636122343803075,0.7427
0.018670686658529112,0.7428
0.01835168584205471,0.7429
0.018803168076568566,0.743
0.019035237478625344,0.7431
0.019802846777902117,0.7432000000000001
0.021373285545467136,0.7433000000000001
0.023402177517637623,0.7434000000000001
0.025400144932316238,0.7435
0.028096377088506763,0.7436
0.03158765675214514,0.7437
0.034896321892828874,0.7438
0.038809251532464506,0.7439
0.043344619427476694,0.744
0.04835352301877949,0.7441
0.052820996338196924,0.7442000000000001
0.05774909241379955,0.7443000000000001
0.06311173621191335,0.7444000000000001
0.06879844276182256,0.7445
0.0746397930152145,0.7446
0.08054936479905372,0.7447
0.08643982699196318,0.7448
0.09222666679540348,0.7449
0.09783211656843771,0.745
0.10318736673859585,0.7451
0.10822904310203874,0.7452000000000001
0.11290412036043351,0.7453000000000001
0.1171591176184249,0.7454000000000001
0.12094772287024425,0.7455
0.12423868503401458,0.7456
0.12701493065031044,0.7457
0.12927176733843493,0.7458
0.13101339047696814,0.7459
0.13224812402712038,0.746
0.13298992163606482,0.7461
0.13325363046419858,0.7462000000000001
0.13305408908958727,0.7463000000000001
0.1324051144926237,0.7464000000000001
0.13131920714615997,0.7465
0.12980815012312252,0.7466
0.12788829536722468,0.7467
0.1255780573180808,0.7468
0.12036367284457006,0.7469
0.11453456769612758,0.747
0.10857186537636321,0.7471
0.1025503754282241,0.7472000000000001
0.0964890702165826,0.7473000000000001
0.09040757248923814,0.7474000000000001
0.0843285029447296,0.7475
0.0782853576131155,0.7476
0.0722104505493768,0.7477
0.0661457141176941,0.7478
0.060229440502107656,0.7479
0.05451644726669391,0.748
0.04905370416386301,0.7481
0.043886781827831234,0.7482000000000001
0.03906165711412246,0.7483000000000001
0.03462184097887655,0.7484000000000001
0.030550314129654588,0.7485
0.026553346052231808,0.7486
0.02294150916163984,0.7487
0.019786371691350002,0.7488
0.017128613048911,0.7489
0.014988543405951349,0.749
0.012376699886274212,0.7491
0.01007224081516167,0.7492000000000001
0.008326460261513624,0.7493000000000001
0.006083754246029693,0.7494000000000001
0.005612305652873406,0.7495
0.0055811429688965575,0.7496
0.00565770144932487,0.7497
0.005690053900446523,0.7498
0.005944588428142383,0.7499
0.005880769091358262,0.75
0.005805847418140608,0.7501
0.006419347382858875,0.7502000000000001
0.007751529118734224,0.7503000000000001
0.010037197777190032,0.7504000000000001
0.013377044885956924,0.7505000000000001
0.017653377522224067,0.7506
0.022571057872069478,0.7507
0.02760779846800876,0.7508
0.03307506174528019,0.7509
0.038853608347093394,0.751
0.04531231897044985,0.7511
0.05236698076024782,0.7512000000000001
0.059779595746663805,0.7513000000000001
0.06738856940966176,0.7514000000000001
0.07500759755727227,0.7515000000000001
0.08256478279116486,0.7516
0.08999297009512786,0.7517
0.09722828329372413,0.7518
0.10421720792006683,0.7519
0.1109166405826768,0.752
0.1172819232581177,0.7521
0.12326344558895952,0.7522000000000001
0.12880491745891476,0.7523000000000001
0.13386163126995276,0.7524000000000001
0.13840276576071453,0.7525000000000001
0.14241823296415035,0.7526
0.1459127918079005,0.7527
0.14890032681473508,0.7528
0.1513985181789601,0.7529
0.15342249324010704,0.753
0.15498236331182902,0.7531
0.1560848607844212,0.7532
0.1567344892352318,0.7533000000000001
0.15693539444385363,0.7534000000000001
0.15538342095512192,0.7535000000000001
0.1515012879786044,0.7536
0.14725544060933748,0.7537
0.1427428832236315,0.7538
0.13800087441016073,0.7539
0.13305079878584658,0.754
0.12791897911623795,0.7541
0.1226353232081917,0.7542
0.11723837179840113,0.7543000000000001
0.11177379402452892,0.7544000000000001
0.1062923247673837,0.7545000000000001
0.10084599135738304,0.7546
0.09546277499530009,0.7547
0.09004459617162575,0.7548
0.08477736827565774,0.7549
0.07970484580784443,0.755
0.07485866944134112,0.7551
0.07026177610865803,0.7552
0.06593324964305836,0.7553000000000001
0.06188943330163277,0.7554000000000001
0.05814422830991095,0.7555000000000001
0.05470761989324613,0.7556
0.05158450220278432,0.7557
0.048357323001033015,0.7558
0.04519082910364847,0.7559
0.04230899434175739,0.756
0.03974904760902498,0.7561
0.03687960536886736,0.7562
0.034109575970230344,0.7563000000000001
0.031748695531164994,0.7564000000000001
0.028972026315413846,0.7565000000000001
0.026617969397787045,0.7566
0.024542191414800518,0.7567
0.022479656292423433,0.7568
0.02098175025741922,0.7569
0.01993088590910408,0.757
0.018831299114768107,0.7571
0.018329822529630002,0.7572
0.01858906856685394,0.7573000000000001
0.01892561491374023,0.7574000000000001
0.019542859149694225,0.7575000000000001
0.020905780306932353,0.7576
0.022964027558215472,0.7577
0.02479385822280822,0.7578
0.027286311381629957,0.7579
0.03058520730007963,0.758
0.03395524444553266,0.7581
0.03771503715196922,0.7582
0.0420914664159453,0.7583000000000001
0.04696771411414158,0.7584000000000001
0.05150083363432434,0.7585000000000001
0.05634107586015302,0.7586
0.06162544220847821,0.7587
0.06728583920784237,0.7588
0.07315307212734912,0.7589
0.07908493314475373,0.759
0.08499924771339062,0.7591
0.09083043124099033,0.7592
0.09649537934302455,0.7593000000000001
0.10192624796598337,0.7594000000000001
0.10705743556710345,0.7595000000000001
0.11183319558598137,0.7596
0.11619848161550583,0.7597
0.12010523410304996,0.7598
0.123520442421167,0.7599
0.1264249746363525,0.76
0.12881202471088937,0.7601
0.13068381026962017,0.7602
0.13204703261515782,0.7603000000000001
0.13291449927869015,0.7604000000000001
0.1333004333294212,0.7605000000000001
0.13321952012014215,0.7606
0.1326856924435844,0.7607
0.13171170045896774,0.7608
0.13030898508537936,0.7609
0.12848844719701713,0.761
0.1262654998510062,0.7611
0.12180392621320624,0.7612
0.11608026928516013,0.7613000000000001
0.11014810448388734,0.7614000000000001
0.1041431784760426,0.7615000000000001
0.09809463795949269,0.7616
0.09201898084486171,0.7617
0.08593680882668975,0.7618
0.07987866112855391,0.7619
0.07383420069322744,0.762
0.06773485501174015,0.7621
0.06176797398716216,0.7622
0.05599201582309998,0.7623000000000001
0.05045642796436445,0.7624000000000001
0.04520680245645514,0.7625000000000001
0.04028826821919629,0.7626000000000001
0.03574344678537478,0.7627
0.031611499520081354,0.7628
0.027559261545045954,0.7629
0.023839834026025297,0.763
0.020561528252704964,0.7631
0.01777142499804052,0.7632
0.01549384280463606,0.7633000000000001
0.01306538084615605,0.7634000000000001
0.010693411427418198,0.7635000000000001
0.008869043372542462,0.7636000000000001
0.006765609131525574,0.7637
0.005663580740637553,0.7638
0.005592405218012075,0.7639
0.0056048336794845,0.764
0.005690539575118336,0.7641
0.005848900606199248,0.7642
0.005929892801774139,0.7643000000000001
0.005886447507365888,0.7644000000000001
0.006119145850143504,0.7645000000000001
0.007094649131859976,0.7646000000000001
0.009076188981045119,0.7647
0.012101955308376322,0.7648
0.016119556534139434,0.7649
0.021023746612387262,0.765
0.02594405535526012,0.7651
0.03117749366386957,0.7652
0.03675861822275772,0.7653000000000001
0.04307249588858442,0.7654000000000001
0.05003360415608493,0.7655000000000001
0.05739717121083743,0.7656000000000001
0.06499867983247076,0.7657
0.07264848680180858,0.7658
0.08026589247316207,0.7659
0.08777622985679445,0.766
0.09511066988549588,0.7661
0.10221014211595891,0.7662
0.10902796126501191,0.7663000000000001
0.11551798007635827,0.7664000000000001
0.12163101738801652,0.7665000000000001
0.12731164617531787,0.7666000000000001
0.13251490237669394,0.7667
0.1372078622900086,0.7668
0.14137715616961188,0.7669
0.14502435247126244,0.767
0.1481614159065312,0.7671
0.15080555313305033,0.7672
0.15297245113897961,0.7673
0.15467289286958408,0.7674000000000001
0.15591387066746776,0.7675000000000001
0.1566996510019858,0.7676000000000001
0.1570340719908836,0.7677
0.156522630508948,0.7678
0.15274696637790708,0.7679
0.14857155901676444,0.768
0.14411609477027676,0.7681
0.1394271977889423,0.7682
0.13452399355348865,0.7683
0.12943282308299509,0.7684000000000001
0.12418072302571836,0.7685000000000001
0.11880411125148782,0.7686000000000001
0.11334684676775275,0.7687
0.10785909999464771,0.7688
0.10239297743383158,0.7689
0.09699960594392798,0.769
0.09158204099146039,0.7691
0.0862661742348304,0.7692
0.08113210863529352,0.7693
0.07621561191729953,0.7694000000000001
0.07154304438094317,0.7695000000000001
0.0671357790267948,0.7696000000000001
0.06301149586754606,0.7697
0.05918445458911159,0.7698
0.05566484201047328,0.7699
0.052458165706986026,0.77
0.0493495579626122,0.7701
0.04611475737645687,0.7702
0.04314256999164212,0.7703
0.0404832665881969,0.7704000000000001
0.037768820696576944,0.7705000000000001
0.034899279553789464,0.7706000000000001
0.03239912765850894,0.7707
0.02972983759740533,0.7708
0.027240058733747352,0.7709
0.025198149634072742,0.771
0.022978592992128455,0.7711
0.021290949265119652,0.7712
0.020244396398715114,0.7713
0.018987793137594355,0.7714000000000001
0.01828683932036612,0.7715000000000001
0.018335499845407277,0.7716000000000001
0.018763908698183007,0.7717
0.019251951620661956,0.7718
0.020405389224754433,0.7719
0.022368310410541437,0.772
0.024260037605973173,0.7721
0.02654465707829079,0.7722
0.02959864983791527,0.7723
0.03304721645112396,0.7724000000000001
0.03661186321149601,0.7725000000000001
0.040786204960811645,0.7726000000000001
0.04549088847983196,0.7727
0.05010942135104446,0.7728
0.05484078194546038,0.7729
0.06002065662774503,0.773
0.06560166403929357,0.7731
0.07142368064538529,0.7732
0.077343975242822,0.7733
0.08327642434931681,0.7734000000000001
0.08915007073919823,0.7735000000000001
0.09487959620632691,0.7736000000000001
0.10039421396697767,0.7737
0.10562607132851698,0.7738
0.11051686508074487,0.7739
0.11500938222721657,0.774
0.11905328239720336,0.7741
0.12261316015090629,0.7742
0.1256672675748215,0.7743
0.1282062244462533,0.7744000000000001
0.13022977669221159,0.7745000000000001
0.1317426106950229,0.7746000000000001
0.13275593156315701,0.7747
0.13328300960255635,0.7748
0.1333381208966926,0.7749
0.1329352941912968,0.775
0.13208769223560912,0.7751
0.13080737343231275,0.7752
0.12910590215665052,0.7753
0.126999440717939,0.7754000000000001
0.12342231540250137,0.7755000000000001
0.11781610188243075,0.7756000000000001
0.1119140112785616,0.7757000000000001
0.10592166904289235,0.7758
0.09988150087981296,0.7759
0.09380887902898283,0.776
0.08772357871743297,0.7761
0.08165269207150927,0.7762
0.07563398624750528,0.7763
0.06951780301951704,0.7764000000000001
0.06350348582632637,0.7765000000000001
0.057662726814549314,0.7766000000000001
0.052047525629372204,0.7767000000000001
0.046704894519159934,0.7768
0.041681982948207574,0.7769
0.037023765222502725,0.777
0.03276995783631165,0.7771
0.02871584688915929,0.7772
0.024883064427315915,0.7773
0.021466994912004322,0.7774000000000001
0.018526593620654896,0.7775000000000001
0.016093771730011586,0.7776000000000001
0.013806363443327418,0.7777000000000001
0.011308408090499267,0.7778
0.009281555151471776,0.7779
0.007345887041710686,0.778
0.0057228716894335285,0.7781
0.005576010428795852,0.7782
0.005610147443483093,0.7783
0.005640043328775546,0.7784000000000001
0.005718537897601461,0.7785000000000001
0.006059332434136033,0.7786000000000001
0.006161358324230148,0.7787000000000001
0.006146477839368725,0.7788
0.007055081507624905,0.7789
0.008571735390884294,0.779
0.010995629871335622,0.7791
0.01445597462718573,0.7792
0.01892430813605883,0.7793
0.024249714377570397,0.7794000000000001
0.029152276140218536,0.7795000000000001
0.03434650056787025,0.7796000000000001
0.040324066976549666,0.7797000000000001
0.04703696683976544,0.7798
0.054236989620324305,0.7799
0.06177953100395617,0.78
0.06946240796820757,0.7801
0.07713239346850664,0.7802
0.08471176070003539,0.7803
0.09214727408800338,0.7804
0.09936988064526864,0.7805000000000001
0.10633136150830547,0.7806000000000001
0.11298390217367493,0.7807000000000001
0.11928307018357187,0.7808
0.1251749285916839,0.7809
0.13060441479721951,0.781
0.13552865971269878,0.7811
0.13992318790510017,0.7812
0.14378308665847372,0.7813
0.1471182964029869,0.7814
0.14994474529259594,0.7815000000000001
0.1522816955441284,0.7816000000000001
0.15414469661940444,0.7817000000000001
0.15554505050634004,0.7818
0.15649032919447503,0.7819
0.15698595500630974,0.782
0.15703606735912023,0.7821
0.1541105760641841,0.7822
0.15005962754894853,0.7823
0.14569432809906313,0.7824
0.14108183893494863,0.7825000000000001
0.13624697729400592,0.7826000000000001
0.13121401146404588,0.7827000000000001
0.1260086441429883,0.7828
0.12066404875550452,0.7829
0.11522183488788884,0.783
0.10973115143972889,0.7831
0.10424466363199314,0.7832
0.09881505986942363,0.7833
0.09343312120175229,0.7834
0.0880656740887924,0.7835000000000001
0.08286765751554959,0.7836000000000001
0.07788013658283777,0.7837000000000001
0.07313222389788065,0.7838
0.06864521068194784,0.7839
0.06443626531456026,0.784
0.06051868785413406,0.7841
0.05690255148203027,0.7842
0.053594614597772816,0.7843
0.05059708980249278,0.7844
0.04732464980238116,0.7845000000000001
0.044246125748994336,0.7846000000000001
0.04146889007061372,0.7847000000000001
0.038964253397299364,0.7848
0.03598361199467037,0.7849
0.03332465166522125,0.785
0.030822573186440883,0.7851
0.028182609377538137,0.7852
0.02603215862026853,0.7853
0.02385897049197694,0.7854
0.021975987194922775,0.7855000000000001
0.02070911513736573,0.7856000000000001
0.019571676039603858,0.7857000000000001
0.018653583381414762,0.7858
0.01840209172895224,0.7859
0.01886309083381832,0.786
0.01909398595692502,0.7861
0.019925842918507186,0.7862
0.02157222844624318,0.7863
0.02354127636119374,0.7864
0.025592296665036374,0.7865000000000001
0.028362024219559467,0.7866000000000001
0.03185373650802337,0.7867000000000001
0.03517662426610402,0.7868
0.0390914762229162,0.7869
0.04357348180470044,0.787
0.048280184456816366,0.7871
0.052857857243750805,0.7872
0.057890577529866816,0.7873
0.06335779736099756,0.7874
0.06911114134539287,0.7875000000000001
0.07500695695883375,0.7876000000000001
0.08095380261878271,0.7877000000000001
0.08687389537001289,0.7878000000000001
0.09267921868335394,0.7879
0.09829533750692243,0.788
0.10365131885378531,0.7881
0.10868515413537949,0.7882
0.11333616559247195,0.7883
0.11755046402243974,0.7884
0.12128916635377174,0.7885000000000001
0.12452725542879928,0.7886000000000001
0.12725262854362607,0.7887000000000001
0.1294628704066776,0.7888000000000001
0.1311611749088002,0.7889
0.13235757111958013,0.789
0.13306449253052788,0.7891
0.13329556995301417,0.7892
0.1330644267914346,0.7893
0.13238406154197402,0.7894
0.13126663258150328,0.7895000000000001
0.12972400636229287,0.7896000000000001
0.12777291898516085,0.7897000000000001
0.12540309158550444,0.7898000000000001
0.11993852060460353,0.7899
0.11407777622300597,0.79
0.10810510670137596,0.7901
0.10208035242282965,0.7902
0.09601737216854378,0.7903
0.08993485298376691,0.7904
0.08385500540702484,0.7905000000000001
0.07781234173634333,0.7906000000000001
0.07172852231477433,0.7907000000000001
0.06566860136429409,0.7908000000000001
0.05976139740258901,0.7909
0.0540616284220965,0.791
0.04861675352874584,0.7911
0.04347340495219276,0.7912
0.03867797618163871,0.7913
0.03427340133029544,0.7914
0.030229958631421416,0.7915000000000001
0.026266837810428045,0.7916000000000001
0.02269112386619221,0.7917000000000001
0.01957431857473213,0.7918000000000001
0.016956468164937233,0.7919
0.014856747786470725,0.792
0.012211072852985616,0.7921
0.009933533970217567,0.7922
0.00817053210132479,0.7923
0.005970142377271115,0.7924
0.005608519243296639,0.7925000000000001
0.005582344736353662,0.7926000000000001
0.00567129881698758,0.7927000000000001
0.005690765662666131,0.7928000000000001
0.006007171183141535,0.7929
0.005958958847434248,0.793
0.0058319745547184,0.7931
0.006473699693408275,0.7932
0.007927574269671167,0.7933
0.010361844602197356,0.7934
0.013831119490659516,0.7935
0.018219899488350455,0.7936000000000001
0.02302092006013523,0.7937000000000001
0.028161342926554367,0.7938000000000001
0.033732531183530146,0.7939
0.03959988508573464,0.794
0.046124233597925945,0.7941
0.05322294737955069,0.7942
0.060660666283218645,0.7943
0.06827745202115731,0.7944
0.07588869928768749,0.7945
0.08342620454264771,0.7946000000000001
0.09082573629059965,0.7947000000000001
0.0980249375391502,0.7948000000000001
0.10497201753362506,0.7949
0.11162512782910206,0.795
0.11794056221657112,0.7951
0.12386946637189389,0.7952
0.12935633829784077,0.7953
0.1343574950857922,0.7954
0.1388432828296824,0.7955
0.1428046426784102,0.7956000000000001
0.14624690995741252,0.7957000000000001
0.14918398779890263,0.7958000000000001
0.1516331420251359,0.7959
0.15360888705065878,0.796
0.15512077957761727,0.7961
0.1561752190368476,0.7962
0.15677663599554115,0.7963
0.15692930455424148,0.7964
0.15502638583936312,0.7965
0.1511041774625611,0.7966000000000001
0.14683090283684364,0.7967000000000001
0.1422959573640341,0.7968000000000001
0.13753334362954972,0.7969
0.132565046762824,0.797
0.1274172157568364,0.7971
0.12212058537507264,0.7972
0.11671429149314361,0.7973
0.11124449688408211,0.7974
0.10576202632980847,0.7975
0.10031883116695417,0.7976000000000001
0.09492762201355343,0.7977000000000001
0.08951681724206406,0.7978000000000001
0.08426007677276526,0.7979
0.07920021708735614,0.798
0.07436908878265236,0.7981
0.06979062992330698,0.7982
0.06548400217697359,0.7983
0.06146473214569825,0.7984
0.05774566385952529,0.7985
0.054335820819524594,0.7986000000000001
0.051239342873268034,0.7987000000000001
0.047971604050798256,0.7988000000000001
0.04482424501207549,0.7989
0.04196868837733514,0.799
0.039438180449156146,0.7991
0.03650897779587048,0.7992
0.03376842216413678,0.7993
0.031391348273151154,0.7994
0.028638949326252217,0.7995
0.026338887717584525,0.7996000000000001
0.02424783880355985,0.7997000000000001
0.022235505532335553,0.7998000000000001
0.02080110807267599,0.7999
0.019739753020874717,0.8
0.018694234980345836,0.8001
0.018264891420369134,0.8002
0.018601866333337824,0.8003
0.018908546329994946,0.8004
0.019588155669821417,0.8005
0.021035299795911788,0.8006000000000001
0.023085467575950203,0.8007000000000001
0.024984687863459865,0.8008000000000001
0.027561280473524796,0.8009000000000001
0.030941024767257463,0.801
0.034287055162619096,0.8011
0.03811234544013509,0.8012
0.0425580691370826,0.8013
0.047493918352831566,0.8014
0.05199957605379457,0.8015
0.05688154058257755,0.8016000000000001
0.062205057413355025,0.8017000000000001
0.06789542736795262,0.8018000000000001
0.07378076963929958,0.8019000000000001
0.07971935757655313,0.802
0.08563045764148114,0.8021
0.09145024332189744,0.8022
0.09709621942608337,0.8023
0.10250140368279825,0.8024
0.10760090890743357,0.8025
0.11233989140168354,0.8026000000000001
0.11666414839887207,0.8027000000000001
0.12052650852079838,0.8028000000000001
0.12389486442595987,0.8029000000000001
0.12675100353872737,0.803
0.12908897453079426,0.8031
0.1309117637587579,0.8032
0.13222665406789436,0.8033
0.1330468674993961,0.8034
0.13338681693220866,0.8035
0.13326120762542826,0.8036000000000001
0.13268386935207055,0.8037000000000001
0.13166740357701046,0.8038000000000001
0.13022309644950758,0.8039000000000001
0.12836171279345687,0.804
0.12609850742781015,0.8041
0.12127475276382826,0.8042
0.1155129936062047,0.8043
0.10956972567257883,0.8044
0.1035600797678553,0.8045
0.09750781045159018,0.8046000000000001
0.0914299735962878,0.8047000000000001
0.0853475078235888,0.8048000000000001
0.0792925046925238,0.8049000000000001
0.0732451361222648,0.805
0.06715578677849443,0.8051
0.06120456098284022,0.8052
0.05544938410223921,0.8053
0.0499392731246735,0.8054
0.0447197864333273,0.8055
0.03983581452553686,0.8056000000000001
0.035329440458196526,0.8057000000000001
0.03123889609598529,0.8058000000000001
0.027190417113262866,0.8059000000000001
0.023504562732487022,0.806
0.02026776620937043,0.8061
0.01752414666269364,0.8062
0.015295436591356237,0.8063
0.012811929309515246,0.8064
0.01048076157107758,0.8065
0.008725147379774478,0.8066
0.00657032515052669,0.8067000000000001
0.005647377813729593,0.8068000000000001
0.005599117645303853,0.8069000000000001
0.005622757400159717,0.807
0.005695066216666378,0.8071
0.005862594542088484,0.8072
0.006039260262452606,0.8073
0.006158797603441846,0.8074
0.006390636349448808,0.8075
0.007441951900605481,0.8076
0.009507526156855572,0.8077000000000001
0.012607495477739317,0.8078000000000001
0.016688753604146678,0.8079000000000001
0.021644113472833792,0.808
0.02656805953550978,0.8081
0.03185510123206292,0.8082
0.037477019177224236,0.8083
0.04381677766665737,0.8084
0.050790285780359046,0.8085
0.058155375406585774,0.8086
0.06574874526232366,0.8087000000000001
0.07338168213938512,0.8088000000000001
0.08097577476185391,0.8089000000000001
0.08845789879302524,0.809
0.09576019472671804,0.8091
0.10282441640576323,0.8092
0.10960433334524788,0.8093
0.11605375321901468,0.8094
0.12212337702131071,0.8095
0.1277578366725901,0.8096
0.13291284542129223,0.8097000000000001
0.1375565466352917,0.8098000000000001
0.1416766812696476,0.8099000000000001
0.14527543482283567,0.81
0.14836480272991748,0.8101
0.1509616180553397,0.8102
0.15308119857591806,0.8103
0.15473420691935857,0.8104
0.15592780884454815,0.8105
0.1566665520660223,0.8106
0.15695450584512605,0.8107000000000001
0.15614635140155708,0.8108000000000001
0.15233104848426493,0.8109000000000001
0.14812668903828818,0.811
0.14364669561558596,0.8111
0.13893503141149055,0.8112
0.13401141824675045,0.8113
0.12890225896420848,0.8114
0.1236354600632501,0.8115
0.11824806125314569,0.8116
0.11278438448721917,0.8117000000000001
0.10729467316169194,0.8118000000000001
0.10183093158777201,0.8119000000000001
0.09644394809909418,0.812
0.09100783547471458,0.8121
0.08570240067847446,0.8122
0.08058341518036871,0.8123
0.07568519096541138,0.8124
0.07103321070885937,0.8125
0.06664861620628826,0.8126
0.06254883501015496,0.8127000000000001
0.05874798441565443,0.8128000000000001
0.05525597394822124,0.8129000000000001
0.05207786088847399,0.8130000000000001
0.04892423879179586,0.8131
0.04571436053706912,0.8132
0.042775388031093486,0.8133
0.040152770015393635,0.8134
0.03738686514720446,0.8135
0.034553977521147194,0.8136
0.03210431204913489,0.8137000000000001
0.029400152251614076,0.8138000000000001
0.02695947165721546,0.8139000000000001
0.024906126905212433,0.8140000000000001
0.02274304919094794,0.8141
0.021124093646390785,0.8142
0.020073979379851226,0.8143
0.018875324838369956,0.8144
0.0182486442372245,0.8145
0.018376574584771488,0.8146
0.01875320292377891,0.8147000000000001
0.019263996192561583,0.8148000000000001
0.02048692879882963,0.8149000000000001
0.022542253427918935,0.8150000000000001
0.024328882290822307,0.8151
0.02670593605419591,0.8152
0.029873458905586903,0.8153
0.03333670176940995,0.8154
0.03697677672003574,0.8155
0.04122978497307028,0.8156
0.04600314351110457,0.8157000000000001
0.0505866261409309,0.8158000000000001
0.05536772368032716,0.8159000000000001
0.06059770138228382,0.8160000000000001
0.06621979529712607,0.8161
0.07206972171400894,0.8162
0.07800480107177576,0.8163
0.08394034700249098,0.8164
0.0898074788043306,0.8165
0.09552173499834526,0.8166
0.10101345426275632,0.8167000000000001
0.10621562223564429,0.8168000000000001
0.11107084729127603,0.8169000000000001
0.11552263331602619,0.8170000000000001
0.11952138363706111,0.8171
0.12303253476678566,0.8172
0.12603536008236926,0.8173
0.12852159498653049,0.8174
0.13049212339005523,0.8175
0.13195257968252339,0.8176
0.13291487831475735,0.8177000000000001
0.13339265084824103,0.8178000000000001
0.1334002566024901,0.8179000000000001
0.1329515950904625,0.8180000000000001
0.13205958965323517,0.8181
0.13073599702176097,0.8182
0.1289920698636916,0.8183
0.1268436415439187,0.8184
0.12288742459406699,0.8185
0.11724140952276163,0.8186
0.11132802730047597,0.8187000000000001
0.10533076691192655,0.8188000000000001
0.09928666674752806,0.8189000000000001
0.093211728174451,0.8190000000000001
0.08712609343384226,0.8191
0.08105843324843709,0.8192
0.07504755333801838,0.8193
0.06892960320906594,0.8194
0.06293117501687917,0.8195
0.05711246495929467,0.8196
0.0515244292215804,0.8197
0.04621340845464217,0.8198000000000001
0.04122607192071981,0.8199000000000001
0.03660664076628817,0.8200000000000001
0.03239405134701068,0.8201
0.028345058708503235,0.8202
0.02454571905057601,0.8203
0.021170329903007712,0.8204
0.01827552180486114,0.8205
0.01589114616772025,0.8206
0.013553198197375105,0.8207
0.011096793745355438,0.8208000000000001
0.009137046517203595,0.8209000000000001
0.007137681103759785,0.8210000000000001
0.005696189247697214,0.8211
0.005591982206244905,0.8212
0.005596440864127583,0.8213
0.005635331724480386,0.8214
0.005715669389528388,0.8215
0.006085891186077275,0.8216
0.006316839145207753,0.8217
0.0064514188072444245,0.8218000000000001
0.007210757684821267,0.8219000000000001
0.00881072234199598,0.8220000000000001
0.011452688568479141,0.8221
0.01512533394533988,0.8222
0.01975245805169168,0.8223
0.024964176316325304,0.8224
0.02993449259181924,0.8225
0.03525135452589656,0.8226
0.04133882514672815,0.8227
0.04813170107968667,0.8228000000000001
0.0553808050010669,0.8229000000000001
0.06294751723569858,0.8230000000000001
0.07063159473683756,0.8231
0.07828349812222535,0.8232
0.0858304585500228,0.8233
0.09322323329175686,0.8234
0.10039429013216938,0.8235
0.10729696791948418,0.8236
0.11388424335052993,0.8237
0.12011252916853365,0.8238000000000001
0.12592900830962583,0.8239000000000001
0.1312803296138284,0.8240000000000001
0.1361257203573768,0.8241
0.14044273429445864,0.8242
0.1442278192750417,0.8243
0.14749135100220445,0.8244
0.15024891796609496,0.8245
0.15251907033908718,0.8246
0.15431658756842115,0.8247
0.15565210392084872,0.8248000000000001
0.1565326498385491,0.8249000000000001
0.15696325156420654,0.8250000000000001
0.15694787215826767,0.8251000000000001
0.15358158627991747,0.8252
0.14948239024834253,0.8253
0.1450845632232589,0.8254
0.14044545134131237,0.8255
0.13558602190773916,0.8256
0.13053180143554,0.8257
0.12530867857668282,0.8258000000000001
0.1199510757455503,0.8259000000000001
0.11450127822046419,0.8260000000000001
0.10900877131397224,0.8261000000000001
0.10352595071919768,0.8262
0.09810501938112792,0.8263
0.09269939826710549,0.8264
0.08734398341023575,0.8265
0.08216287197833994,0.8266
0.07719560880588328,0.8267
0.07247047641932536,0.8268000000000001
0.06800872000526637,0.8269000000000001
0.06382740981520907,0.8270000000000001
0.059939952753653714,0.8271000000000001
0.056356318041824505,0.8272
0.0530828029693895,0.8273
0.050061495116447974,0.8274
0.04677100669902168,0.8275
0.043728307926362175,0.8276
0.04099450390987336,0.8277
0.038409530077533116,0.8278000000000001
0.03547144447255013,0.8279000000000001
0.03287335687967441,0.8280000000000001
0.030315697904075067,0.8281000000000001
0.02773716917954694,0.8282
0.02566871940780069,0.8283
0.02345737321289132,0.8284
0.021646336062889127,0.8285
0.020475114396666827,0.8286
0.01931204038405232,0.8287
0.018475133259839405,0.8288000000000001
0.01833309172565012,0.8289000000000001
0.018790614542012918,0.8290000000000001
0.019117236386346548,0.8291000000000001
0.020068338006083986,0.8292
0.021834747019469747,0.8293
0.023778858312910156,0.8294
0.02592257873170256,0.8295
0.028805057573493054,0.8296
0.03228783152048664,0.8297
0.035706996800505486,0.8298000000000001
0.03972504795909071,0.8299000000000001
0.04429663212873347,0.8300000000000001
0.04897484748786041,0.8301000000000001
0.05361575901588522,0.8302
0.05870980251084523,0.8303
0.0642260607853139,0.8304
0.07001152297842439,0.8305
0.07592275264179837,0.8306
0.08187020973265857,0.8307
0.0877785676258025,0.8308000000000001
0.09356067088306985,0.8309000000000001
0.09914333966375022,0.8310000000000001
0.10445672025097752,0.8311000000000001
0.10944017404573492,0.8312
0.11403434255997336,0.8313
0.1181867293399198,0.8314
0.12185985895579554,0.8315
0.12503006593512145,0.8316
0.1276864042235487,0.8317
0.1298274013824121,0.8318000000000001
0.13145692307617907,0.8319000000000001
0.13258552310586935,0.8320000000000001
0.133225991017496,0.8321000000000001
0.13339220006802688,0.8322
0.13309789210560408,0.8323
0.1323560721310677,0.8324
0.13117879868249716,0.8325
0.12957776744378535,0.8326
0.1275694584452477,0.8327
0.12471621240000186,0.8328
0.11919886934089263,0.8329000000000001
0.11332128536676322,0.8330000000000001
0.10733994742982567,0.8331000000000001
0.10130795827544015,0.8332
0.09523987946052825,0.8333
0.08915483438616034,0.8334
0.08307696195628589,0.8335
0.07704199144184654,0.8336
0.0709523852534989,0.8337
0.06490783970081959,0.8338
0.05902245787314486,0.8339000000000001
0.05335099878952887,0.8340000000000001
0.047941985744127,0.8341000000000001
0.04284314118488797,0.8342
0.03810074214640213,0.8343
0.033755973586570676,0.8344
0.029741781369845288,0.8345
0.02583091570583873,0.8346
0.022311975370211234,0.8347
0.019255332396802105,0.8348
0.016700009327092147,0.8349000000000001
0.014557394918291555,0.8350000000000001
0.011953339142140251,0.8351000000000001
0.00975177151716422,0.8352
0.00793000764247842,0.8353
0.005852234003634438,0.8354
0.00561091855407625,0.8355
0.005597411785214446,0.8356
0.0056725244320527946,0.8357
0.005697577293464429,0.8358
0.006056172127783421,0.8359000000000001
0.0061501821366469756,0.8360000000000001
0.005999643501415797,0.8361000000000001
0.006615343300613308,0.8362
0.008176612430724983,0.8363
0.010757749287993779,0.8364
0.014341675605144877,0.8365
0.018841532069530986,0.8366
0.023642058578591252,0.8367
0.028535319706404882,0.8368
0.033796439486789565,0.8369000000000001
0.03984160271125359,0.8370000000000001
0.04659537061220642,0.8371000000000001
0.05381265385141365,0.8372
0.06135573182240284,0.8373
0.06902893324076709,0.8374
0.07668409841826751,0.8375
0.08424693983909204,0.8376
0.09166547973256589,0.8377
0.0988710384069883,0.8378
0.105816559042754,0.8379000000000001
0.11245680851138451,0.8380000000000001
0.11875082969231299,0.8381000000000001
0.12464820120998066,0.8382000000000001
0.1300957673629327,0.8383
0.13505022880834383,0.8384
0.1394848011569717,0.8385
0.143391576524034,0.8386
0.14677792560702174,0.8387
0.149658089964668,0.8388
0.1520501240391645,0.8389000000000001
0.15396826979327516,0.8390000000000001
0.15542219808467994,0.8391000000000001
0.15641782368879764,0.8392000000000001
0.15695955526815542,0.8393
0.15705157954975935,0.8394
0.15462734693584057,0.8395
0.15063765542737562,0.8396
0.14631638588225426,0.8397
0.14174308458483753,0.8398
0.13694759181374838,0.8399000000000001
0.13195219850221185,0.8400000000000001
0.12678105188539546,0.8401000000000001
0.12146434344117685,0.8402000000000001
0.116041569155383,0.8403
0.11056049516583277,0.8404
0.1050733574395275,0.8405
0.09963282444075816,0.8406
0.09424375913945238,0.8407
0.08884762449439854,0.8408
0.08361206954260281,0.8409000000000001
0.0785794614730384,0.8410000000000001
0.07378060439949952,0.8411000000000001
0.06923799828306287,0.8412000000000001
0.0649693024950797,0.8413
0.060988821060179,0.8414
0.057308417382208265,0.8415
0.05393629610446893,0.8416
0.0508757410102787,0.8417
0.04757508030815649,0.8418
0.04444863717603953,0.8419000000000001
0.04161996460776729,0.8420000000000001
0.03911955452070215,0.8421000000000001
0.03611447381269217,0.8422000000000001
0.03340508504349016,0.8423
0.030976082885241674,0.8424
0.028275154948318892,0.8425
0.026043943591363528,0.8426
0.02391918086418454,0.8427
0.021965668421812357,0.8428
0.02060845247121046,0.8429000000000001
0.01950890170528008,0.8430000000000001
0.01852456206390718,0.8431000000000001
0.018182355766351854,0.8432000000000001
0.018612568255812922,0.8433
0.018851210023133946,0.8434
0.019602277793236755,0.8435
0.021154446776354918,0.8436
0.023181881847993857,0.8437
0.02516737525102508,0.8438
0.027851612228964706,0.8439000000000001
0.031335307249890976,0.8440000000000001
0.03464872727172619,0.8441000000000001
0.038558501128928224,0.8442000000000001
0.04309430079314369,0.8443
0.048108529716930803,0.8444
0.05258877719230348,0.8445
0.05752734045969787,0.8446
0.0629037142619584,0.8447
0.06860769782767451,0.8448
0.07446965819108375,0.8449000000000001
0.08040231144319976,0.8450000000000001
0.08631771382716225,0.8451000000000001
0.09213097669316483,0.8452000000000001
0.0977639914372811,0.8453
0.10314763196732679,0.8454
0.10821821463211567,0.8455
0.11292238648192376,0.8456
0.11720635474753505,0.8457
0.1210235200430001,0.8458
0.12434240240438299,0.8459
0.12714573818405472,0.8460000000000001
0.1294286861632472,0.8461000000000001
0.13119532752414365,0.8462000000000001
0.13245390680366653,0.8463
0.1332183353770311,0.8464
0.13350345452401569,0.8465
0.13332412075972777,0.8466
0.13269418054968685,0.8467
0.13162615859986615,0.8468
0.1301318536098941,0.8469
0.12822764697937117,0.8470000000000001
0.12593197851806215,0.8471000000000001
0.12067862646062744,0.8472000000000001
0.11486966231598372,0.8473
0.10890737738389866,0.8474
0.1028841863896357,0.8475
0.09681916066586516,0.8476
0.09073240073710453,0.8477
0.08464659269695696,0.8478
0.07859549818060207,0.8479
0.072547081706969,0.8480000000000001
0.06647436396166184,0.8481000000000001
0.06054678805229796,0.8482000000000001
0.05482095498106587,0.8483
0.04934468520123492,0.8484
0.0441633962092749,0.8485
0.03932288467197642,0.8486
0.034866265205069524,0.8487
0.030830881929109877,0.8488
0.02682804053244836,0.8489
0.02318529131779945,0.8490000000000001
0.019992417936146367,0.8491000000000001
0.017295114886567653,0.8492000000000001
0.015115139650513143,0.8493
0.012557388241387857,0.8494
0.010221346887837601,0.8495
0.008477606943269489,0.8496
0.0061862329574133845,0.8497
0.0056147392835970145,0.8498
0.005586503163395706,0.8499
0.005643101128718797,0.8500000000000001
0.005691431824174531,0.8501000000000001
0.0059019479455915125,0.8502000000000001
0.006130197871944354,0.8503000000000001
0.006231839725863386,0.8504
0.006605862829396569,0.8505
0.007710164324966184,0.8506
0.009791593334338877,0.8507
0.0128950791911846,0.8508
0.017000902724337408,0.8509
0.02198754721498264,0.8510000000000001
0.027070654707386455,0.8511000000000001
0.032372797468554815,0.8512000000000001
0.038000248526223857,0.8513000000000001
0.04434232945701533,0.8514
0.05131855689614584,0.8515
0.05868551639571762,0.8516
0.06627810746272644,0.8517
0.07390566029823964,0.8518
0.08148936725692202,0.8519
0.08895688785227751,0.8520000000000001
0.09624191689855022,0.8521000000000001
0.10328806936622614,0.8522000000000001
0.11005040868277605,0.8523000000000001
0.1164827965841626,0.8524
0.12253468414307445,0.8525
0.12814874679927168,0.8526
0.13327898913160086,0.8527
0.13789269221363576,0.8528
0.14197773247307977,0.8529
0.14553711841551842,0.8530000000000001
0.1485839526970716,0.8531000000000001
0.15113624374857926,0.8532000000000001
0.1532105146247461,0.8533000000000001
0.15481868376403352,0.8534
0.15596913545914137,0.8535
0.1566673480894908,0.8536
0.1569177724233024,0.8537
0.15581068922120545,0.8538
0.15195865551028376,0.8539
0.14772763649416343,0.8540000000000001
0.14322391411368274,0.8541000000000001
0.13848849718457357,0.8542000000000001
0.13354189441983055,0.8543000000000001
0.12841090442821124,0.8544
0.12312469633028289,0.8545
0.11772131577477318,0.8546
0.11224595887186972,0.8547
0.1067493621841401,0.8548
0.10128381384740182,0.8549
0.09590019729161592,0.8550000000000001
0.09045979380969338,0.8551000000000001
0.085167888280401,0.8552000000000001
0.08007003118875611,0.8553000000000001
0.07519877064270142,0.8554
0.07057710582828725,0.8555
0.06622388984690442,0.8556
0.06215493221824597,0.8557
0.05838373711143574,0.8558
0.054920279978629694,0.8559
0.05177001785754687,0.8560000000000001
0.04860397640454073,0.8561000000000001
0.045415727701746844,0.8562000000000001
0.04250406260292361,0.8563000000000001
0.03991255396738769,0.8564
0.03711620926218018,0.8565
0.0343152196410057,0.8566
0.03190831895610535,0.8567
0.029177654256613117,0.8568
0.026778243872616958,0.8569
0.02471257341969091,0.8570000000000001
0.022596294231794767,0.8571000000000001
0.021034165234724567,0.8572000000000001
0.019975040394928145,0.8573000000000001
0.018822192727258935,0.8574
0.018255424531992137,0.8575
0.0184470279440776,0.8576
0.018789138846045716,0.8577
0.019350389896710674,0.8578
0.020644191935083045,0.8579
0.022692223300932568,0.8580000000000001
0.024464011160114874,0.8581000000000001
0.026891270549020296,0.8582000000000001
0.0301309797373448,0.8583000000000001
0.033503764918294765,0.8584
0.037217214923362274,0.8585
0.04154959070376241,0.8586
0.04639238214942987,0.8587
0.050944862419646686,0.8588
0.05576751903704702,0.8589
0.06103981996982233,0.859
0.06669740207322383,0.8591000000000001
0.07257244241483707,0.8592000000000001
0.07852204867910206,0.8593000000000001
0.0844623574600839,0.8594
0.09032602625337383,0.8595
0.09602913267012936,0.8596
0.10150289700257831,0.8597
0.10668098918468427,0.8598
0.1115068902574834,0.8599
0.11592485324218593,0.86
0.11988609472339495,0.8601000000000001
0.12335686432008697,0.8602000000000001
0.12631726764886697,0.8603000000000001
0.12875978534182986,0.8604
0.1306860048752334,0.8605
0.13210215284212734,0.8606
0.133020708802578,0.8607
0.13345574989857334,0.8608
0.13342195874424267,0.8609
0.1329333755448343,0.861
0.13200290918445057,0.8611000000000001
0.1306421735906288,0.8612000000000001
0.12886222906944111,0.8613000000000001
0.12667867281035528,0.8614
0.12241236053905413,0.8615
0.11673309096582285,0.8616
0.11081055784697558,0.8617
0.10480916358046499,0.8618
0.09876149740725626,0.8619
0.09268415080761172,0.862
0.08659757912003274,0.8621000000000001
0.08053158880053968,0.8622000000000001
0.07451280066086985,0.8623000000000001
0.06840106672149604,0.8624
0.0624152872736099,0.8625
0.056615778174037956,0.8626
0.051053035063723495,0.8627
0.04577264852103058,0.8628
0.040819867804489984,0.8629
0.03623739660829828,0.863
0.03206474622859323,0.8631000000000001
0.028064316977217008,0.8632000000000001
0.024306088178652985,0.8633000000000001
0.02097049458857092,0.8634000000000001
0.018115208132001293,0.8635
0.015770623106074133,0.8636
0.01342402504088236,0.8637
0.010994286751406568,0.8638
0.00907275508171157,0.8639
0.007028121064441173,0.864
0.005686471738394205,0.8641000000000001
0.005601883652147643,0.8642000000000001
0.005595094972711712,0.8643000000000001
0.005635728342197943,0.8644000000000001
0.005717884434367715,0.8645
0.006119336506404061,0.8646
0.006413188006455295,0.8647
0.006549569473540018,0.8648
0.007363922578496274,0.8649
0.009055850651277009,0.865
0.011796218207489106,0.8651000000000001
0.015551806457855255,0.8652000000000001
0.02024694977224817,0.8653000000000001
0.02540551029554461,0.8654000000000001
0.03044182627186065,0.8655
0.03581994644943465,0.8656
0.04195599856628074,0.8657
0.04878148799953386,0.8658
0.056049285965675155,0.8659
0.06359287737718566,0.866
0.07121907906129865,0.8661000000000001
0.07883742874758282,0.8662000000000001
0.0863673929524521,0.8663000000000001
0.09373666368893818,0.8664000000000001
0.10088312162498114,0.8665
0.10775770673628127,0.8666
0.11431330519029104,0.8667
0.12050027507836669,0.8668
0.12626313170835823,0.8669
0.13155574207152232,0.867
0.1363428115242964,0.8671000000000001
0.14060727956427765,0.8672000000000001
0.14434692627613743,0.8673000000000001
0.1475707485857849,0.8674000000000001
0.1502948233067236,0.8675
0.1525355551911225,0.8676
0.15430583355357286,0.8677
0.15561502058750254,0.8678
0.15646927705393177,0.8679
0.15687341461872018,0.868
0.15683128061309692,0.8681000000000001
0.15336010221918517,0.8682000000000001
0.14922567766764694,0.8683000000000001
0.14479747454366754,0.8684000000000001
0.14013133744918593,0.8685
0.13524742677270418,0.8686
0.1301714047379331,0.8687
0.12492931981155775,0.8688
0.11955622384255227,0.8689
0.11409501888723916,0.869
0.10859554920261139,0.8691000000000001
0.1031100243539178,0.8692000000000001
0.09768998104672988,0.8693000000000001
0.09226235177793107,0.8694000000000001
0.0869110174792298,0.8695
0.08173694639522866,0.8696
0.07677883290351528,0.8697
0.07206496782947258,0.8698
0.06761719455779036,0.8699
0.06345286935560956,0.87
0.05958544413451339,0.8701000000000001
0.05602453402339558,0.8702000000000001
0.052775790266654576,0.8703000000000001
0.049731240933508225,0.8704000000000001
0.046464463861656036,0.8705
0.04345068361982274,0.8706
0.040747476063304866,0.8707
0.0381347529998981,0.8708
0.035224627868588376,0.8709
0.03266243655094936,0.871
0.030083588511517823,0.8711000000000001
0.02753952472662413,0.8712000000000001
0.025515303743063322,0.8713000000000001
0.02328689061891831,0.8714000000000001
0.021515109922851883,0.8715
0.020395412925788614,0.8716
0.019220236033830274,0.8717
0.01842741847592344,0.8718
0.01834381236066207,0.8719
0.018799271437061726,0.872
0.019176132583377248,0.8721
0.020188747756112013,0.8722000000000001
0.022015582129531808,0.8723000000000001
0.023943340918328282,0.8724000000000001
0.026132336487870944,0.8725
0.02906999221800688,0.8726
0.032542452932982524,0.8727
0.03600832992356651,0.8728
0.04007664471203931,0.8729
0.04469112192849578,0.873
0.04934881181548523,0.8731
0.05401888431065083,0.8732000000000001
0.05914100719845927,0.8733000000000001
0.0646787799452323,0.8734000000000001
0.07047677638390637,0.8735
0.07639173554279577,0.8736
0.08233518247200633,0.8737
0.08823317469137681,0.8738
0.09399911183662302,0.8739
0.09956056884687092,0.874
0.10484833050577691,0.8741
0.1098025176901738,0.8742000000000001
0.11436447165188823,0.8743000000000001
0.11848239709415531,0.8744000000000001
0.12211948715153753,0.8745
0.12525269174330445,0.8746
0.1278715681580087,0.8747
0.12997504172984153,0.8748
0.13156725376330003,0.8749
0.13265898188273972,0.875
0.13326318062815723,0.8751
0.13339385663736114,0.8752000000000001
0.13306484222350212,0.8753000000000001
0.13228918868801354,0.8754000000000001
0.13107895063104735,0.8755000000000001
0.12944578056427702,0.8756
0.1274060614112379,0.8757
0.12432029361443186,0.8758
0.11877474417494993,0.8759
0.11288910826468856,0.876
0.10690387271428892,0.8761
0.1008687495684486,0.8762000000000001
0.09479857147510673,0.8763000000000001
0.08871268117359754,0.8764000000000001
0.08263617720697536,0.8765000000000001
0.07660546238052668,0.8766
0.07050752675971106,0.8767
0.06447179664128178,0.8768
0.05859977757646373,0.8769
0.05294544354275699,0.877
0.04755689720185452,0.8771
0.04248169827887027,0.8772000000000001
0.03776572489895558,0.8773000000000001
0.03344969982046653,0.8774000000000001
0.029427044969617455,0.8775000000000001
0.02554136379285854,0.8776
0.02205482693982952,0.8777
0.01903471932559664,0.8778
0.016518097672572063,0.8779
0.014336749225705159,0.878
0.011766860792469025,0.8781
0.009619165133903484,0.8782000000000001
0.007767621305873718,0.8783000000000001
0.00580550113337952,0.8784000000000001
0.005599009130397015,0.8785000000000001
0.005612142907869044,0.8786
0.005677674056705495,0.8787
0.005709549375270795,0.8788
0.006071562413020315,0.8789
0.006253198192109899,0.879
0.006143467657027113,0.8791
0.006783450855978979,0.8792000000000001
0.008352780556508899,0.8793000000000001
0.01095084909374866,0.8794000000000001
0.014553625560880024,0.8795000000000001
0.019080227929533233,0.8796
0.023973047362398026,0.8797
0.028881905981164246,0.8798
0.034151915681845724,0.8799
0.04020223315888782,0.88
0.04696009551105873,0.8801
0.05418010817049357,0.8802000000000001
0.06172433022903678,0.8803000000000001
0.06939628034570633,0.8804000000000001
0.0770474361541974,0.8805000000000001
0.08460382916161302,0.8806
0.09201395617542729,0.8807
0.09920933707120538,0.8808
0.10614293390242435,0.8809
0.1127691380394722,0.881
0.11904648286551323,0.8811
0.12492413985269513,0.8812000000000001
0.13034900403779348,0.8813000000000001
0.13527835217475626,0.8814000000000001
0.13968625891549713,0.8815000000000001
0.1435655906334371,0.8816
0.14692416625689375,0.8817
0.1497763738635287,0.8818
0.1521403418182542,0.8819
0.15403050749920033,0.882
0.15545687851808865,0.8821
0.15642571443964615,0.8822000000000001
0.1569415969746668,0.8823000000000001
0.1570086548637739,0.8824000000000001
0.15438648986451942,0.8825000000000001
0.15037222043519782,0.8826
0.14603338209197092,0.8827
0.1414448762254803,0.8828
0.13663470508433517,0.8829
0.13162585539112126,0.883
0.12644286405721517,0.8831
0.12111680145455861,0.8832000000000001
0.11568771334739625,0.8833000000000001
0.11020367306774548,0.8834000000000001
0.10471689655580796,0.8835000000000001
0.09927990403075904,0.8836
0.0938836398065287,0.8837
0.08849494308767436,0.8838
0.08326985426950906,0.8839
0.0782503999014944,0.884
0.0734671076138822,0.8841
0.06894208521772704,0.8842000000000001
0.06469238041125958,0.8843000000000001
0.06073180860060057,0.8844000000000001
0.05707187537091629,0.8845000000000001
0.05372054888136324,0.8846
0.05068085061431482,0.8847
0.04736353855345787,0.8848
0.044254222316542524,0.8849
0.04144688337116742,0.885
0.0389392312559127,0.8851
0.03593949574475919,0.8852000000000001
0.03325641537272506,0.8853000000000001
0.030811011950295564,0.8854000000000001
0.028138346818911808,0.8855000000000001
0.025942609987557708,0.8856
0.02380384204066277,0.8857
0.021880835726622694,0.8858
0.020563108458311996,0.8859
0.019448321033516125,0.886
0.018496981139610957,0.8861
0.018199923984434818,0.8862
0.018677019058676025,0.8863000000000001
0.018889203272955513,0.8864000000000001
0.019676076528405195,0.8865000000000001
0.021277405497129198,0.8866
0.02329618066637229,0.8867
0.025320320213815695,0.8868
0.028051207978608383,0.8869
0.03157826893845472,0.887
0.03487425696702151,0.8871
0.038817993253914995,0.8872
0.043388926122500004,0.8873000000000001
0.04841918640042908,0.8874000000000001
0.052895992359997424,0.8875000000000001
0.05785435174703202,0.8876000000000001
0.06324725668678877,0.8877
0.06896144254753833,0.8878
0.07482650362841958,0.8879
0.08075631527284821,0.888
0.08666370386782807,0.8881
0.09246429024591885,0.8882
0.09808045512097752,0.8883000000000001
0.1034435776644852,0.8884000000000001
0.10849049856524096,0.8885000000000001
0.11316845683014354,0.8886000000000001
0.11742419082823441,0.8887
0.12121161226273458,0.8888
0.12449973038547302,0.8889
0.1272717585985902,0.889
0.12952329960856301,0.8891
0.13125883137797323,0.8892
0.1324869078720503,0.8893000000000001
0.13322166112314382,0.8894000000000001
0.13347804167396826,0.8895000000000001
0.1332709293698665,0.8896000000000001
0.1326141397781836,0.8897
0.1315201514485489,0.8898
0.13000071679205805,0.8899
0.12807215139288897,0.89
0.12575283603605214,0.8901
0.12033451768209535,0.8902
0.11450231267385402,0.8903000000000001
0.10853590393268397,0.8904000000000001
0.10251217151524128,0.8905000000000001
0.09644744483785472,0.8906000000000001
0.09036196913122396,0.8907
0.0842785992203604,0.8908
0.07823182357726899,0.8909
0.07217399102522915,0.891
0.06610879611520148,0.8911
0.060192329813586576,0.8912
0.05448029444978375,0.8913000000000001
0.04902021169816573,0.8914000000000001
0.043857959846391736,0.8915000000000001
0.03903954841609192,0.8916000000000001
0.034607847040722506,0.8917
0.030582628678968993,0.8918
0.026589133635245066,0.8919
0.02297364818578118,0.892
0.019812979868404135,0.8921
0.01715023438803298,0.8922
0.015005629863482417,0.8923000000000001
0.01240870042572495,0.8924000000000001
0.010098797337345422,0.8925000000000001
0.008344566485620541,0.8926000000000001
0.006093881215707642,0.8927
0.005612519994330434,0.8928
0.0055816350494406475,0.8929
0.0056556156068252594,0.893
0.005690603676418604,0.8931
0.0059398011270401785,0.8932
0.0058786375675583535,0.8933000000000001
0.005807815745687339,0.8934000000000001
0.00641866404566005,0.8935000000000001
0.0077546115547053596,0.8936000000000001
0.010043485816232822,0.8937
0.013385239220760514,0.8938
0.017663050287080484,0.8939
0.022585296394650456,0.894
0.027623990699921386,0.8941
0.03309383465895377,0.8942
0.038875652318935305,0.8943000000000001
0.04533816889352149,0.8944000000000001
0.05239696824472251,0.8945000000000001
0.05981389440577578,0.8946000000000001
0.06742722896931674,0.8947
0.0750505289470188,0.8948
0.08261184002252964,0.8949
0.0900438554816888,0.895
0.09728249137716327,0.8951
0.10427403960398018,0.8952
0.1109752861646035,0.8953000000000001
0.11734154239184158,0.8954000000000001
0.123323224615698,0.8955000000000001
0.1288640828328811,0.8956000000000001
0.13391946146386124,0.8957
0.13845856159572156,0.8958
0.14247130419227916,0.8959
0.14596245326636648,0.896
0.14894590509413141,0.8961
0.15143936380206002,0.8962
0.1534579863731561,0.8963000000000001
0.15501191434604755,0.8964000000000001
0.15610791827957726,0.8965000000000001
0.15675055046752606,0.8966000000000001
0.1569440207248265,0.8967
0.15537541558048273,0.8968
0.15148190970425957,0.8969
0.1472248968846115,0.897
0.1427014018082483,0.8971
0.13794872753454468,0.8972
0.132988351385403,0.8973000000000001
0.127846646196917,0.8974000000000001
0.12255357409314305,0.8975000000000001
0.11714771662854184,0.8976000000000001
0.11167477742252596,0.8977
0.10618551436069212,0.8978
0.10073197197398376,0.8979
0.09534480760381436,0.898
0.08991965342308006,0.8981
0.08464539936807414,0.8982
0.07956579400978336,0.8983000000000001
0.07471334848473665,0.8984000000000001
0.07011228751964815,0.8985000000000001
0.06578202591740012,0.8986000000000001
0.06173818877322157,0.8987
0.057993789080821534,0.8988
0.05455815716589374,0.8989
0.0514359558622457,0.899
0.048206703972377696,0.8991
0.04503869187159637,0.8992
0.04215608866093756,0.8993
0.03959638804316534,0.8994000000000001
0.03671541428130776,0.8995000000000001
0.033945292803465144,0.8996000000000001
0.031587256212656456,0.8997
0.02879706383026792,0.8998
0.026446358981615292,0.8999
0.024361097210603422,0.9
0.022305074461712593,0.9001
0.020817843347493925,0.9002
0.019762488989496507,0.9003
0.01867321170154468,0.9004000000000001
0.018187347423593625,0.9005000000000001
0.018465782912829187,0.9006000000000001
0.018790374285923228,0.9007000000000001
0.01942234865241388,0.9008
0.02080825132960773,0.9009
0.022857068118861346,0.901
0.02470665755274082,0.9011
0.027226049067120117,0.9012
0.030553670169281455,0.9013
0.033912628494453756,0.9014000000000001
0.037697705090319555,0.9015000000000001
0.042103981342738184,0.9016000000000001
0.04700950268302173,0.9017000000000001
0.051538978052594775,0.9018
0.056404590353617,0.9019
0.06171567148888224,0.902
0.06740122869448806,0.9021
0.07329071095818018,0.9022
0.07924177042818636,0.9023
0.08517233866728702,0.9024000000000001
0.09101721076237967,0.9025000000000001
0.09669339044827485,0.9026000000000001
0.10213323755494697,0.9027000000000001
0.10727129919772682,0.9028
0.11205201564895273,0.9029
0.11642047561804003,0.903
0.12032876780563173,0.9031
0.12374406242053759,0.9032
0.1266474421894893,0.9033
0.12903232443014523,0.9034000000000001
0.13090115135739344,0.9035000000000001
0.13226081207086782,0.9036000000000001
0.13312427518486292,0.9037000000000001
0.13350587202340014,0.9038
0.13342035262468577,0.9039
0.13288167600973,0.904
0.1319025943615384,0.9041
0.13049453209687023,0.9042
0.12866836029507112,0.9043
0.12643944997503898,0.9044000000000001
0.12180854290300247,0.9045000000000001
0.11608371689605479,0.9046000000000001
0.11014853637275346,0.9047000000000001
0.10414163806720844,0.9048
0.09809004149332301,0.9049
0.09201077137000702,0.905
0.08592462155499214,0.9051
0.07986295427068901,0.9052
0.07383481823283833,0.9053
0.06773472112702772,0.9054000000000001
0.061767229945019264,0.9055000000000001
0.05599171863873931,0.9056000000000001
0.05045799901326342,0.9057000000000001
0.045211557951973846,0.9058
0.04029733008603453,0.9059
0.03575747153359066,0.906
0.03163057881457876,0.9061
0.027618771876727344,0.9062
0.02389872636677426,0.9063
0.020612752670468026,0.9064000000000001
0.017813392755544166,0.9065000000000001
0.015527401137912955,0.9066000000000001
0.013111154595690122,0.9067000000000001
0.010731196022954359,0.9068
0.008893290509761842,0.9069
0.0067879142073472565,0.907
0.005665181692794619,0.9071
0.005591934629629813,0.9072
0.0056030988326993825,0.9073
0.005690422959747865,0.9074000000000001
0.005848973812315972,0.9075000000000001
0.005920765301916653,0.9076000000000001
0.005870361093408327,0.9077000000000001
0.006112259578817225,0.9078
0.007087235400058178,0.9079
0.009066929051311234,0.908
0.012091559427947152,0.9081
0.016108800484535557,0.9082
0.021013657403974983,0.9083
0.025936503102345076,0.9084000000000001
0.03117145973989821,0.9085000000000001
0.03675473230129134,0.9086000000000001
0.04307162551739152,0.9087000000000001
0.05003630941807469,0.9088
0.05740390753412594,0.9089
0.06500960028207203,0.909
0.07266362449634944,0.9091
0.0802851176638496,0.9092
0.0877993371933058,0.9093
0.09513727279630657,0.9094000000000001
0.10223975355712511,0.9095000000000001
0.1090600057106964,0.9096000000000001
0.11555191415505539,0.9097000000000001
0.121666338555528,0.9098
0.127347916329829,0.9099
0.13255168980820653,0.91
0.1372446938013393,0.9101
0.14141346289650847,0.9102
0.1450594856918238,0.9103
0.14819466855710373,0.9104000000000001
0.1508362145438451,0.9105000000000001
0.1529998339946581,0.9106000000000001
0.15469636087949057,0.9107000000000001
0.1559328506314558,0.9108
0.15671364898310747,0.9109
0.15704267760646773,0.911
0.15652913943960933,0.9111
0.15274469867613416,0.9112
0.14856030527596875,0.9113
0.14409590517630932,0.9114000000000001
0.13939824164867232,0.9115000000000001
0.13448646519847984,0.9116000000000001
0.12938694066040046,0.9117000000000001
0.1241267055355092,0.9118
0.11874218411246673,0.9119
0.11327724820049379,0.912
0.10778209354624746,0.9121
0.10230886039666953,0.9122
0.09690871999056871,0.9123
0.09148742704380941,0.9124
0.08616494234794114,0.9125000000000001
0.08102462296307278,0.9126000000000001
0.07610244055858739,0.9127000000000001
0.07142481158147695,0.9128000000000001
0.0670130446135796,0.9129
0.06288474761029939,0.913
0.05905411994096044,0.9131
0.055531342118699145,0.9132
0.052321961912978,0.9133
0.04920599056351849,0.9134
0.04596819308976774,0.9135000000000001
0.042994216453553724,0.9136000000000001
0.04033426199807266,0.9137000000000001
0.037610795181908685,0.9138000000000001
0.03474081576402943,0.9139
0.032242457882591724,0.914
0.029564151733643573,0.9141
0.027076683502090138,0.9142
0.025028104749328817,0.9143
0.022813086620472323,0.9144
0.021133143175791513,0.9145000000000001
0.020082230158528613,0.9146000000000001
0.018833369968670688,0.9147000000000001
0.018144192463474207,0.9148000000000001
0.018207798431464806,0.9149
0.018625597503095115,0.915
0.019126070269896767,0.9151
0.020299077266249244,0.9152
0.02228441104054646,0.9153
0.02416112090649114,0.9154
0.026463464827719774,0.9155000000000001
0.029542776146180394,0.9156000000000001
0.03298645213422002,0.9157000000000001
0.03657441127296979,0.9158000000000001
0.04077619820869738,0.9159
0.04550801958355355,0.916
0.05012522512058992,0.9161
0.05488025990821477,0.9162
0.06008549159260401,0.9163
0.06569090433458769,0.9164
0.07153506629742878,0.9165000000000001
0.07747500873687652,0.9166000000000001
0.08342460996723489,0.9167000000000001
0.08931316753220209,0.9168000000000001
0.09505540161254578,0.9169
0.10058064869346561,0.917
0.10582114730778258,0.9171
0.11071873060125303,0.9172
0.11521629137032752,0.9173
0.11926361690420151,0.9174
0.12282547062509674,0.9175000000000001
0.12588030284432894,0.9176000000000001
0.12841893558870876,0.9177000000000001
0.13044131082733923,0.9178000000000001
0.1319522773527625,0.9179
0.13296318670150753,0.918
0.1334874234176514,0.9181
0.13353935104347536,0.9182
0.13313305446437962,0.9183
0.13228172023910134,0.9184
0.13099739709229086,0.9185000000000001
0.12929161324343674,0.9186000000000001
0.1271804812684788,0.9187000000000001
0.1234507089993847,0.9188000000000001
0.11784479339046505,0.9189
0.11193983873863433,0.919
0.10594533365285153,0.9191
0.09990188689061141,0.9192
0.09382538512036165,0.9193
0.08773578634124102,0.9194
0.0816609128775434,0.9195000000000001
0.07563898809654157,0.9196000000000001
0.06954064816709304,0.9197000000000001
0.06352591878417657,0.9198000000000001
0.05768454502417475,0.9199
0.05206954002649544,0.92
0.04672836994550589,0.9201
0.04170789979725065,0.9202
0.037052697488119346,0.9203
0.03280190752935375,0.9204
0.028786947910451,0.9205000000000001
0.024952151485494012,0.9206000000000001
0.021527056822741697,0.9207000000000001
0.018575809969830992,0.9208000000000001
0.01613272306187441,0.9209
0.013858612080886568,0.921
0.011350764201895513,0.9211
0.00930806996268374,0.9212
0.007371751268379967,0.9213
0.005725846140129942,0.9214
0.00557596966927143,0.9215000000000001
0.005613280108357488,0.9216000000000001
0.005641616399499894,0.9217000000000001
0.005720141531226908,0.9218000000000001
0.006062894462953938,0.9219
0.006152987453875491,0.922
0.006116208691468561,0.9221
0.007039616191465425,0.9222
0.008555604221250901,0.9223
0.010965833700203431,0.9224
0.014412463097574157,0.9225000000000001
0.01887115838313136,0.9226000000000001
0.024190681641596212,0.9227000000000001
0.029112578202016293,0.9228000000000001
0.0343039516646908,0.9229
0.040277046704262576,0.923
0.046987258923329556,0.9231
0.0541876126754921,0.9232
0.061732274099314366,0.9233
0.0694189791811809,0.9234
0.0770938328866222,0.9235000000000001
0.08467872402494536,0.9236000000000001
0.09211998747877359,0.9237000000000001
0.0993484119125817,0.9238000000000001
0.10631558459130153,0.9239
0.11297366799241726,0.924
0.11927819012799568,0.9241
0.12517518075691103,0.9242
0.13060943386408952,0.9243
0.1355379037332739,0.9244
0.13993589255117922,0.9245000000000001
0.14379833148225618,0.9246000000000001
0.14713509550372805,0.9247000000000001
0.14996215784380007,0.9248000000000001
0.15229889011739728,0.9249
0.15416098202257755,0.925
0.15555986746549477,0.9251
0.15650324412009897,0.9252
0.15699664418629355,0.9253
0.1570442997007534,0.9254
0.15413525558493946,0.9255
0.1500778574632159,0.9256000000000001
0.14570524259620454,0.9257000000000001
0.1410851975632189,0.9258000000000001
0.13624278951106805,0.9259000000000001
0.13120225145720688,0.926
0.125989319760348,0.9261
0.12063715230532557,0.9262
0.11518737946282931,0.9263
0.1096891871487442,0.9264
0.10419530421173306,0.9265
0.0987584879240122,0.9266000000000001
0.09337394791423204,0.9267000000000001
0.08799943114285613,0.9268000000000001
0.08279453727630104,0.9269000000000001
0.07780059630521452,0.927
0.07304679569276562,0.9271
0.06855433118709553,0.9272
0.06434026980434726,0.9273
0.06041782458908318,0.9274
0.05679706453547517,0.9275
0.05348482299874169,0.9276000000000001
0.05048344942418059,0.9277000000000001
0.0472070626811274,0.9278000000000001
0.04412479794942059,0.9279000000000001
0.04134473204901212,0.928
0.03883584230813941,0.9281
0.03585281725338896,0.9282
0.03319256864463638,0.9283
0.030684962744420563,0.9284
0.02804421634743548,0.9285
0.025894726208115504,0.9286000000000001
0.0237146229395091,0.9287000000000001
0.0218330406394589,0.9288000000000001
0.02057074157812666,0.9289000000000001
0.01942669761097937,0.929
0.018513222670836882,0.9291
0.018270643456651525,0.9292
0.018725633426600163,0.9293
0.018964340181675032,0.9294
0.019808888371395605,0.9295
0.0214709383337246,0.9296000000000001
0.023428211257489062,0.9297000000000001
0.02549196182699398,0.9298000000000001
0.028280749517970438,0.9299000000000001
0.03176766904925321,0.93
0.03510870487327988,0.9301
0.03904577525586861,0.9302
0.0435507207465029,0.9303
0.04825670864486553,0.9304
0.05285527623564468,0.9305
0.05791102316595542,0.9306000000000001
0.0634011008103762,0.9307000000000001
0.06917591811224044,0.9308000000000001
0.07509152027627197,0.9309000000000001
0.08105632192959966,0.931
0.0869926373691774,0.9311
0.0928124045299974,0.9312
0.09844122602307137,0.9313
0.10380820268662905,0.9314
0.10885141677653976,0.9315
0.11351026623730498,0.9316000000000001
0.117730961506325,0.9317000000000001
0.121474754561263,0.9318000000000001
0.12471678283306786,0.9319000000000001
0.1274450957930352,0.932
0.1296574219735388,0.9321
0.1313570715620509,0.9322
0.13255418263457908,0.9323
0.1332612787913312,0.9324
0.1334920666000936,0.9325
0.1332602255769153,0.9326000000000001
0.132578787859278,0.9327000000000001
0.13145992037850396,0.9328000000000001
0.12991547739660247,0.9329000000000001
0.12796217334746873,0.933
0.12546380006565228,0.9331
0.11999751550662041,0.9332
0.11413908247847748,0.9333
0.10816481166000858,0.9334
0.10213717799394184,0.9335
0.09607058367820309,0.9336000000000001
0.0899839435686185,0.9337000000000001
0.08390006697476027,0.9338000000000001
0.07785380307435752,0.9339000000000001
0.07178661355578841,0.934
0.06572339268040017,0.9341
0.059811020134107995,0.9342
0.05410631536419408,0.9343
0.04865887046266826,0.9344
0.04351659968451349,0.9345
0.038726298880632504,0.9346000000000001
0.03432966743525068,0.9347000000000001
0.030349947529556998,0.9348000000000001
0.026391856361283716,0.9349000000000001
0.022809435483413854,0.935
0.019680894159168627,0.9351
0.017049824803040847,0.9352
0.014935762815160292,0.9353
0.012325444830474153,0.9354
0.01003375032944298,0.9355
0.008261373418921192,0.9356000000000001
0.006038009847385117,0.9357000000000001
0.005612184943367682,0.9358000000000001
0.005581441873691473,0.9359000000000001
0.0056640562033358766,0.936
0.005691696721573214,0.9361
0.005973090001032411,0.9362
0.005918753178627334,0.9363
0.005821683860800064,0.9364
0.006462586876213594,0.9365
0.007886558249599496,0.9366000000000001
0.010279211012750089,0.9367000000000001
0.013713190911310624,0.9368000000000001
0.01807039390062859,0.9369000000000001
0.022902939095999608,0.937
0.028015864842385607,0.9371
0.03356053849913376,0.9372
0.039406527923017576,0.9373
0.04591651407755082,0.9374
0.05300724917228239,0.9375
0.06044240473997842,0.9376000000000001
0.06806141818359035,0.9377000000000001
0.07567901804707433,0.9378000000000001
0.08322596924827952,0.9379000000000001
0.09063705773581154,0.9380000000000001
0.09784923793734213,0.9381
0.1048099941781262,0.9382
0.11147704680613091,0.9383
0.11780650162321338,0.9384
0.12374950242806548,0.9385
0.1292505454726247,0.9386
0.1342658417478514,0.9387000000000001
0.13876546833445746,0.9388000000000001
0.14274004784384764,0.9389000000000001
0.14619467282344156,0.9390000000000001
0.14914315435890835,0.9391
0.15160280363734857,0.9392
0.15358825368361795,0.9393
0.15510917885185238,0.9394
0.15617206442124376,0.9395
0.15678138994734936,0.9396
0.15694146263662412,0.9397000000000001
0.15511528712662237,0.9398000000000001
0.15119134936854994,0.9399000000000001
0.14691353852504674,0.9400000000000001
0.14237334704700144,0.9401
0.13760564774423167,0.9402
0.13263228865714094,0.9403
0.12747944303433834,0.9404
0.12217761396947235,0.9405
0.11676576425259677,0.9406
0.1112899134430978,0.9407000000000001
0.10580084847868942,0.9408000000000001
0.1003505342283717,0.9409000000000001
0.0949619447499227,0.9410000000000001
0.08954344803997316,0.9411
0.08427836349908002,0.9412
0.07921011252596999,0.9413
0.07437087130847397,0.9414
0.06978459638885082,0.9415
0.06547043066049174,0.9416
0.0614438008716387,0.9417000000000001
0.05771749083848454,0.9418000000000001
0.0543005330142079,0.9419000000000001
0.051197167081399764,0.9420000000000001
0.04793882616401213,0.9421
0.044784728624171155,0.9422
0.04192115143078112,0.9423
0.039382708955055135,0.9424
0.03646056613699522,0.9425
0.033711845393196604,0.9426
0.03133462715469504,0.9427000000000001
0.028572419298430685,0.9428000000000001
0.02626195818642052,0.9429000000000001
0.024166825771670064,0.9430000000000001
0.022146491427803783,0.9431
0.020704399014137786,0.9432
0.019639271020061244,0.9433
0.018587839780607185,0.9434
0.018152753624873785,0.9435
0.018485475275482388,0.9436
0.018784627798546616,0.9437000000000001
0.019459558792016773,0.9438000000000001
0.020904663230309595,0.9439000000000001
0.022945639666302364,0.9440000000000001
0.024843751663572666,0.9441
0.02742243339825068,0.9442
0.03080688139058263,0.9443
0.0341462091940683,0.9444
0.037976949335186916,0.9445
0.04243180233444943,0.9446
0.047379001023988954,0.9447000000000001
0.05188683759663326,0.9448000000000001
0.05678133374882477,0.9449000000000001
0.06211957732551909,0.9450000000000001
0.06782581844179247,0.9451
0.07372762094164065,0.9452
0.07968303457325088,0.9453
0.08561102074573157,0.9454
0.09144761397826673,0.9455
0.09711021727359181,0.9456
0.10253176274470432,0.9457000000000001
0.10764726802410474,0.9458000000000001
0.1124017910192131,0.9459000000000001
0.1167410069045185,0.9460000000000001
0.12061763313786522,0.9461
0.12399948618384671,0.9462
0.1268683135363845,0.9463
0.12921815698603045,0.9464
0.13105202604824673,0.9465
0.13237724215757785,0.9466
0.13320708091459754,0.9467000000000001
0.13355601123350114,0.9468000000000001
0.13343879140611636,0.9469000000000001
0.13286929581163487,0.9470000000000001
0.13186015819220653,0.9471
0.13042268180485128,0.9472
0.12856763347730316,0.9473
0.12631026815435764,0.9474
0.12142664768158118,0.9475
0.11567439800950885,0.9476
0.10973122436415916,0.9477000000000001
0.10372085248721985,0.9478000000000001
0.0976665334094784,0.9479000000000001
0.09158568275735135,0.9480000000000001
0.08549933594952341,0.9481
0.0794399393191586,0.9482
0.07340911744557799,0.9483
0.06731617265401701,0.9484
0.06135988691968608,0.9485
0.055599153381642896,0.9486
0.05008305588181594,0.9487000000000001
0.04485659394102015,0.9488000000000001
0.03996538337471223,0.9489000000000001
0.035453185568125045,0.9490000000000001
0.031358781444225325,0.9491
0.027367501768286173,0.9492
0.023676285084265114,0.9493
0.020421253822820562,0.9494
0.01765448341130682,0.9495
0.01540217050008863,0.9496
0.012954145387609195,0.9497000000000001
0.010601219853759059,0.9498000000000001
0.008807500854788541,0.9499000000000001
0.006663347825209165,0.9500000000000001
0.00565489274653852,0.9501000000000001
0.005597450989092589,0.9502
0.005613016116071234,0.9503
0.005692927402272119,0.9504
0.005852680544082167,0.9505
0.005989693099408777,0.9506
0.006052088701987923,0.9507000000000001
0.0062921187973998816,0.9508000000000001
0.0073334512898068915,0.9509000000000001
0.009366708379960453,0.9510000000000001
0.012436555825352968,0.9511000000000001
0.016495150174349105,0.9512
0.021434454244474876,0.9513
0.026359344879554936,0.9514
0.031631824127320796,0.9515
0.03724391569758856,0.9516
0.04357919035047808,0.9517
0.05055295095377588,0.9518000000000001
0.05792209731288511,0.9519000000000001
0.06552266901658066,0.9520000000000001
0.07316548270604395,0.9521000000000001
0.08077131229828582,0.9522
0.08826649699177413,0.9523
0.09558271826601683,0.9524
0.10266132201809242,0.9525
0.1094557877949357,0.9526
0.11591989122314628,0.9527
0.12200438597073737,0.9528000000000001
0.12765396790612693,0.9529000000000001
0.1328242321828046,0.9530000000000001
0.13748306632187968,0.9531000000000001
0.1416179103787356,0.9532
0.1452307947007424,0.9533
0.14833371271767204,0.9534
0.15094359307297467,0.9535
0.1530758018991939,0.9536
0.15474095649756459,0.9537
0.15594610766724315,0.9538000000000001
0.15669571093245016,0.9539000000000001
0.1569938131428945,0.9540000000000001
0.15627343686874873,0.9541000000000001
0.15246064949732574,0.9542
0.14825541435989542,0.9543
0.1437734186209667,0.9544
0.1390595655660215,0.9545
0.13413339460736906,0.9546
0.1290212859425811,0.9547
0.12375087557337416,0.9548000000000001
0.1183590332082809,0.9549000000000001
0.11288996940911733,0.9550000000000001
0.10739393288437427,0.9551000000000001
0.1019229715628045,0.9552
0.09652797995786822,0.9553
0.09109655665381933,0.9554
0.08578226735184769,0.9555
0.08065324375130822,0.9556
0.0757445362371666,0.9557
0.07108200976803347,0.9558000000000001
0.06668682654435432,0.9559000000000001
0.06257643075779629,0.9560000000000001
0.05876491188287569,0.9561000000000001
0.05526223026368959,0.9562
0.052073571540212304,0.9563
0.048930141216930956,0.9564
0.04571004499612674,0.9565
0.0427589876945651,0.9566
0.040124045686477317,0.9567
0.03736607518826984,0.9568000000000001
0.034520655014416146,0.9569000000000001
0.03205611353588411,0.9570000000000001
0.029353159420821395,0.9571000000000001
0.0268985296300861,0.9572
0.024840862159652977,0.9573
0.022663861839940846,0.9574
0.02103038829876125,0.9575
0.019975775519382344,0.9576
0.018765878647470702,0.9577
0.018126937841977275,0.9578000000000001
0.018244031211834155,0.9579000000000001
0.018617590203557688,0.9580000000000001
0.019119217740992456,0.9581000000000001
0.020333349703451464,0.9582
0.022382372585953103,0.9583
0.02416238602463827,0.9584
0.02653448816532311,0.9585
0.0297005194549238,0.9586
0.03316072390243585,0.9587
0.036801973898815676,0.9588000000000001
0.041059321190883624,0.9589000000000001
0.045840225022684145,0.9590000000000001
0.05042911270414829,0.9591000000000001
0.05522033377985647,0.9592
0.060462913973700516,0.9593
0.06609962516750423,0.9594
0.07196583810696322,0.9595
0.07791857449568063,0.9596
0.08387268026874639,0.9597
0.08975893547009317,0.9598000000000001
0.09549267199994083,0.9599000000000001
0.10100402856262714,0.9600000000000001
0.1062258188009515,0.9601000000000001
0.11110048651948423,0.9602
0.11557136725580275,0.9603
0.11958870639577268,0.9604
0.12311781182255954,0.9605
0.1261378521682761,0.9606
0.1286404868980815,0.9607
0.13062655498873044,0.9608000000000001
0.1321016733238911,0.9609000000000001
0.13307776766606982,0.9610000000000001
0.13356850199877757,0.9611000000000001
0.13358827949026164,0.9612
0.13315104578500447,0.9613
0.13226976265019863,0.9614
0.13095621192196905,0.9615
0.1292216564454829,0.9616
0.12708194177976329,0.9617
0.12308350702342874,0.9618000000000001
0.11745005660671848,0.9619000000000001
0.11153700956280843,0.9620000000000001
0.10553884746774045,0.9621000000000001
0.09949241121025176,0.9622
0.09341405944547776,0.9623
0.08732401228572573,0.9624
0.08125121596209195,0.9625
0.07523463350086734,0.9626
0.06913663282079507,0.9627
0.06313312835689922,0.9628000000000001
0.057307186802623145,0.9629000000000001
0.05171113481784628,0.9630000000000001
0.04639196142492996,0.9631000000000001
0.04139614180987117,0.9632000000000001
0.03676768461701485,0.9633
0.03254517755400732,0.9634
0.02853649135612768,0.9635
0.024724185918722608,0.9636
0.02132596829476885,0.9637
0.018404893138417977,0.9638000000000001
0.015994100692359403,0.9639000000000001
0.013686293848331532,0.9640000000000001
0.01120614500504491,0.9641000000000001
0.009208071315326194,0.9642000000000001
0.0072227378917162355,0.9643
0.00570420527867177,0.9644
0.005584613199423716,0.9645
0.005603174718161519,0.9646
0.005636386841666008,0.9647
0.005717048233262911,0.9648
0.006078097925725778,0.9649000000000001
0.006252706804940944,0.9650000000000001
0.006363734305060431,0.9651000000000001
0.007135030249416419,0.9652000000000001
0.008684709555809578,0.9653
0.011244272843874414,0.9654
0.014843681232324935,0.9655
0.019415245008546522,0.9656
0.024704024961902604,0.9657
0.029623798628394926,0.9658
0.03489278793962636,0.9659000000000001
0.040942695070346424,0.9660000000000001
0.04771158692927857,0.9661000000000001
0.05494849838949212,0.9662000000000001
0.06251272878237868,0.9663
0.07020269976803883,0.9664
0.07786747296080643,0.9665
0.08543231379276328,0.9666
0.0928464479639346,0.9667
0.10004165692661093,0.9668
0.10697068613233085,0.9669000000000001
0.11358619881399556,0.9670000000000001
0.11984430078390851,0.9671000000000001
0.12569168055735047,0.9672000000000001
0.13107423527196116,0.9673
0.13595027966446938,0.9674
0.14029651065141213,0.9675
0.14410881419057842,0.9676
0.14739742760511165,0.9677
0.15017814741155044,0.9678
0.1524699347685433,0.9679000000000001
0.15428802290356325,0.9680000000000001
0.15564345464225549,0.9681000000000001
0.15654357695910937,0.9682000000000001
0.15699362604497136,0.9683
0.15699764851687958,0.9684
0.1537883358759744,0.9685
0.14969817814168984,0.9686
0.14530326773339963,0.9687
0.14066477290768942,0.9688
0.13580523782411635,0.9689000000000001
0.13074983262033724,0.9690000000000001
0.12552445071179796,0.9691000000000001
0.12016308557101696,0.9692000000000001
0.11470779680844478,0.9693
0.10920798295210599,0.9694
0.1037161988690013,0.9695
0.09828489416619823,0.9696
0.09288541526211613,0.9697
0.087518820772028,0.9698
0.08232517752981583,0.9699000000000001
0.07734492320359398,0.9700000000000001
0.07260671095608373,0.9701000000000001
0.06813161067749862,0.9702000000000001
0.06393650565251285,0.9703
0.060034597485143615,0.9704
0.056435869273184336,0.9705
0.05314687265404783,0.9706
0.05014720151709806,0.9707
0.04684242517084547,0.9708
0.043782305385539955,0.9709000000000001
0.04103080164089712,0.9710000000000001
0.03846975192140878,0.9711000000000001
0.03551503341999096,0.9712000000000001
0.03289513444545977,0.9713
0.03035112363591197,0.9714
0.027750899082355396,0.9715
0.025655510861634534,0.9716
0.023449959732668058,0.9717
0.021615863944047797,0.9718
0.020416847224665302,0.9719000000000001
0.0192549568573106,0.9720000000000001
0.01839510092667207,0.9721000000000001
0.018225098145240093,0.9722000000000001
0.01867651510588897,0.9723
0.018978579308770893,0.9724
0.019902437491903235,0.9725
0.021644377066429854,0.9726
0.023583494016258033,0.9727
0.02570871783676898,0.9728
0.028572724446205955,0.9729000000000001
0.03205255832619236,0.9730000000000001
0.03545777073944789,0.9731000000000001
0.03946384229461475,0.9732000000000001
0.044028694001594815,0.9733
0.04871493442106911,0.9734
0.053355765411545075,0.9735
0.058452644940351295,0.9736
0.06397573769898279,0.9737
0.06977233408507377,0.9738
0.07569861505984332,0.9739000000000001
0.08166423654337063,0.9740000000000001
0.08759313317369843,0.9741000000000001
0.09339780130623498,0.9742000000000001
0.09900467299482396,0.9743
0.10434356476757245,0.9744
0.10935347193486833,0.9745
0.11397467171144482,0.9746
0.11815430448115016,0.9747
0.12185456341196854,0.9748
0.1250514904824257,0.9749000000000001
0.12773390904101056,0.9750000000000001
0.12990017839698575,0.9751000000000001
0.1315540577522285,0.9752000000000001
0.13270603618661103,0.9753000000000001
0.13336887591101676,0.9754
0.13355644656098553,0.9755
0.1332825076637184,0.9756
0.13256009589249984,0.9757
0.13140131072968197,0.9758
0.1298178911144473,0.9759000000000001
0.12782637965304267,0.9760000000000001
0.12500381794264204,0.9761000000000001
0.11950683141531593,0.9762000000000001
0.11363251713000622,0.9763000000000001
0.10765206197557664,0.9764
0.10161935661310961,0.9765
0.09554919492540348,0.9766
0.08946070162527309,0.9767
0.08337798608941738,0.9768
0.07733673232081395,0.9769000000000001
0.07126661402485313,0.9770000000000001
0.06521485758015066,0.9771000000000001
0.05931911511205401,0.9772000000000001
0.05363554280191374,0.9773000000000001
0.048213347758686353,0.9774
0.04310014627051828,0.9775
0.03834214546551329,0.9776
0.033980348411888794,0.9777
0.030003031579632022,0.9778
0.026073582178900212,0.9779
0.022525875897462466,0.9780000000000001
0.01943629779304179,0.9781000000000001
0.01684700284157703,0.9782000000000001
0.014740697507067857,0.9783000000000001
0.012105844005206201,0.9784
0.009856209067550914,0.9785
0.008055092669936093,0.9786
0.005901266136065342,0.9787
0.0056102737380574474,0.9788
0.0055881360427096904,0.9789
0.005671458022060927,0.9790000000000001
0.005693138919624641,0.9791000000000001
0.0060474743842138245,0.9792000000000001
0.006051578037807648,0.9793000000000001
0.00589166668195884,0.9794
0.006508657495470471,0.9795
0.008039286787780542,0.9796
0.010577071595894827,0.9797
0.014129679158494834,0.9798
0.01859572740679516,0.9799
0.023376699689683145,0.9800000000000001
0.028243802995343126,0.9801000000000001
0.033482905438859456,0.9802000000000001
0.03951185034438498,0.9803000000000001
0.04625529694455799,0.9804
0.05346748149440361,0.9805
0.061010065687097104,0.9806
0.06868721333510808,0.9807
0.07635041168549928,0.9808
0.08392445270804083,0.9809
0.09135649811849988,0.9810000000000001
0.09857742707125594,0.9811000000000001
0.10553984065163335,0.9812000000000001
0.11219851272616987,0.9813000000000001
0.11851262093843518,0.9814
0.12443184288865505,0.9815
0.12990282936260256,0.9816
0.13488176132593277,0.9817
0.13934113503693268,0.9818
0.1432723924315905,0.9819
0.1466825071146799,0.9820000000000001
0.14958559517609327,0.9821000000000001
0.1519997325943424,0.9822000000000001
0.15393920186380317,0.9823000000000001
0.15541367551414997,0.9824
0.15642905870236368,0.9825
0.15698979133162083,0.9826
0.1571001510935084,0.9827
0.15484337134365822,0.9828
0.15086618066806123,0.9829
0.14655127170543347,0.9830000000000001
0.14198222308138186,0.9831000000000001
0.13719048869688488,0.9832000000000001
0.13219785858905164,0.9833000000000001
0.12702830916157182,0.9834
0.1217114211236141,0.9835
0.11628632083606938,0.9836
0.1108005667203319,0.9837
0.10530644132790457,0.9838
0.09985674648999754,0.9839
0.09447171277853983,0.9840000000000001
0.08906360382596046,0.9841000000000001
0.08381391088083212,0.9842000000000001
0.07876586594593427,0.9843000000000001
0.07395082031362166,0.9844
0.06939145116763201,0.9845
0.06510556780603349,0.9846
0.0611075029375151,0.9847
0.05740919402437261,0.9848
0.05401900003417781,0.9849
0.05094048725969125,0.9850000000000001
0.047656478006060876,0.9851000000000001
0.044514207638044256,0.9852000000000001
0.04166643523270497,0.9853000000000001
0.03914623068224876,0.9854
0.03616185380860837,0.9855
0.0334330777783336,0.9856
0.031012485516840105,0.9857
0.02828710609673757,0.9858
0.026027239250301815,0.9859
0.023904433219867682,0.9860000000000001
0.02192720386969893,0.9861000000000001
0.02054216783466134,0.9862000000000001
0.01944635063441491,0.9863000000000001
0.018439443243263298,0.9864
0.018068737154650405,0.9865
0.018470907914767798,0.9866
0.01871666179879372,0.9867
0.01944495870323415,0.9868
0.020969982467301973,0.9869
0.022994127231224404,0.9870000000000001
0.024958815631434206,0.9871000000000001
0.0276209813261854,0.9872000000000001
0.031086626573036513,0.9873000000000001
0.03440318319478841,0.9874
0.03830034992081677,0.9875
0.04282624853725392,0.9876
0.047835820424754205,0.9877
0.05232673650545605,0.9878
0.0572670306614913,0.9879
0.06264837641951504,0.9880000000000001
0.06836161335079727,0.9881000000000001
0.07423718203931584,0.9882000000000001
0.08018678569291626,0.9883000000000001
0.08612180880288867,0.9884000000000001
0.09195694631174656,0.9885
0.0976137389087729,0.9886
0.10302273502380932,0.9887
0.1081199262774375,0.9888
0.11285158287644703,0.9889
0.11716354473459634,0.9890000000000001
0.1210088522179601,0.9891000000000001
0.12435570890253356,0.9892000000000001
0.12718656662987537,0.9893000000000001
0.12949634584710634,0.9894000000000001
0.13128893576721656,0.9895
0.13257244704866777,0.9896
0.13336071492179302,0.9897
0.13366856627733448,0.9898
0.13351088620960216,0.9899
0.13290157374349454,0.9900000000000001
0.13185320530019118,0.9901000000000001
0.13037702814558716,0.9902000000000001
0.12848372601775038,0.9903000000000001
0.12618843968464144,0.9904000000000001
0.12098805424308245,0.9905
0.11520198053975916,0.9906
0.10924411349421348,0.9907
0.1032238479255968,0.9908
0.0971602322680899,0.9909
0.09107176310503151,0.991
0.08498029620202541,0.9911000000000001
0.07891996705565518,0.9912000000000001
0.07288348130993605,0.9913000000000001
0.06679734156261263,0.9914000000000001
0.06085310721732595,0.9915
0.055108538765828996,0.9916
0.04961209151867951,0.9917
0.04440923751169912,0.9918
0.039546050242356356,0.9919
0.035065970856621886,0.992
0.03100679785027083,0.9921000000000001
0.02701968292311374,0.9922000000000001
0.02335715507304692,0.9923000000000001
0.020137773561224037,0.9924000000000001
0.017411458482812447,0.9925
0.01520227780964456,0.9926
0.012683631297758957,0.9927
0.010324488321093783,0.9928
0.00857258283095197,0.9929
0.006266753675738812,0.993
0.005617552618939481,0.9931000000000001
0.005591359547975738,0.9932000000000001
0.005633005741671804,0.9933000000000001
0.00569362628378256,0.9934000000000001
0.005877648283179049,0.9935
0.006079409999693031,0.9936
0.006217238014704751,0.9937
0.0065054477512291875,0.9938
0.007630817852852134,0.9939
0.0098012214166594,0.994
0.013013514569605533,0.9941000000000001
0.017203289337555994,0.9942000000000001
0.02215663256403433,0.9943000000000001
0.02711060165675927,0.9944000000000001
0.03249374762367241,0.9945
0.038198480082773045,0.9946
0.04460081977256558,0.9947
0.05161669994069085,0.9948
0.059006370231666994,0.9949
0.06660747720338889,0.995
0.07423246832963981,0.9951000000000001
0.08180647458354073,0.9952000000000001
0.08925938666963562,0.9953000000000001
0.09652560835797408,0.9954000000000001
0.10354947342261511,0.9955
0.11028677832296163,0.9956
0.11669249233877466,0.9957
0.12271765041290739,0.9958
0.12830668302295345,0.9959
0.13341514302529656,0.996
0.13801126632622374,0.9961000000000001
0.14208307760575956,0.9962000000000001
0.1456329454193146,0.9963000000000001
0.14867281628084672,0.9964000000000001
0.1512193304370022,0.9965
0.15328769235933115,0.9966
0.15488871585770936,0.9967
0.15602999501607606,0.9968
0.15671662757781846,0.9969
0.15695315640042873,0.997
0.15582644598587037,0.9971000000000001
0.1519716509214274,0.9972000000000001
0.1477390862028105,0.9973000000000001
0.1432349999307575,0.9974000000000001
0.13850022681532614,0.9975
0.13355491180900725,0.9976
0.1284252977444551,0.9977
0.12314006702504299,0.9978
0.11773688382481617,0.9979
0.11226065929247853,0.998
0.10676186813226152,0.9981000000000001
0.10129252962068247,0.9982000000000001
0.09589920234557547,0.9983000000000001
0.09044920294869285,0.9984000000000001
0.08514596807213648,0.9985
0.08003515329047928,0.9986
0.07514996396222184,0.9987
0.0705142850668029,0.9988
0.06614780025328093,0.9989
0.06206689107125962,0.999
0.058285206526331956,0.9991000000000001
0.05481245049433103,0.9992000000000001
0.05165355252018222,0.9993000000000001
0.04845148837409874,0.9994000000000001
0.045254837010928695,0.9995
0.04233726410616856,0.9996
0.039740453840525714,0.9997
0.03691364294304722,0.9998
0.03410789952331772,0.9999
0.03170083850266203,1.0
