glottal_gap,time
0.06000000000000005,0.0
0.06000000000000005,0.0001
0.0598915258932895,0.0002
0.05958921687386298,0.00030000000000000003
0.05917402474057187,0.0004
0.05872444548314926,0.0005
0.05826712974353576,0.0006000000000000001
0.05779755281437615,0.0007
0.05728774574568307,0.0008
0.05671668428483323,0.0009000000000000001
0.056076444147241,0.001
0.05535871986177354,0.0011
0.054580536140234726,0.0012000000000000001
0.05376271909755048,0.0013000000000000002
0.0529315995867341,0.0014
0.052111794893165087,0.0015
0.05132053821826199,0.0016
0.05056788245008481,0.0017000000000000001
0.04985462735513657,0.0018000000000000002
0.049176082203761906,0.0019
0.048519864775775856,0.002
0.04787814918413247,0.0021000000000000003
0.04724709033910712,0.0022
0.04664213660696559,0.0023
0.04609280672867766,0.0024000000000000002
0.04564515468102526,0.0025
0.04534359305736135,0.0026000000000000003
0.04522091457974442,0.0027
0.0452835535995626,0.0028
0.04551260563596338,0.0029000000000000002
0.045872016466731,0.003
0.04632319753528935,0.0031000000000000003
0.04684019144606788,0.0032
0.047413932740887565,0.0033
0.04805387730622379,0.0034000000000000002
0.04877724769147518,0.0035
0.04960435533688745,0.0036000000000000003
0.05054889334978929,0.0037
0.051618946431961854,0.0038
0.05281466167970694,0.0039000000000000003
0.054132179761033905,0.004
0.05556362110367341,0.0041
0.05709873819567757,0.004200000000000001
0.058725439792815415,0.0043
0.060429577340402774,0.0044
0.06219701276516598,0.0045000000000000005
0.06401260196737901,0.0046
0.0658633675801743,0.0047
0.06773662068234165,0.0048000000000000004
0.06962289611518246,0.0049
0.07151306525148593,0.005
0.0734000600478869,0.0051
0.07524217922869225,0.005200000000000001
0.07683798304050571,0.0053
0.07839292039584955,0.0054
0.07991726557379275,0.0055000000000000005
0.08117745723691294,0.0056
0.08241069927705802,0.0057
0.0835962125700741,0.0058000000000000005
0.08470673907944104,0.0059
0.08571735664958269,0.006
0.08648863466641865,0.0061
0.08708062708414,0.006200000000000001
0.08748880898644651,0.0063
0.08772712183897624,0.0064
0.08788984982602754,0.006500000000000001
0.08798679730025605,0.0066
0.0879905954011726,0.0067
0.0878921053914411,0.0068000000000000005
0.08775214642560547,0.006900000000000001
0.08756846206952096,0.007
0.08733478129964956,0.0071
0.08704393510095798,0.007200000000000001
0.08669060063327982,0.0073
0.08627287548440299,0.0074
0.08579251863657167,0.007500000000000001
0.08525321377998962,0.0076
0.08465939197882477,0.0077
0.08401624966526722,0.0078000000000000005
0.08332926219504788,0.0079
0.0825381846743789,0.008
0.0816695636736211,0.0081
0.08075989584590748,0.0082
0.07981394422931876,0.0083
0.07875799674674622,0.008400000000000001
0.07757501774266806,0.0085
0.07630633396183972,0.0086
0.07485180188901375,0.008700000000000001
0.07335965716477832,0.0088
0.07184555565357986,0.0089
0.07032378395094352,0.009000000000000001
0.06880848226698333,0.0091
0.06731523629432379,0.0092
0.0658592666800164,0.009300000000000001
0.06430044114879452,0.0094
0.06279721170021602,0.0095
0.06128664955498864,0.009600000000000001
0.059790393815250975,0.0097
0.05837895193136222,0.0098
0.05706241343909357,0.0099
0.055847856238128823,0.01
0.0547416037377193,0.010100000000000001
0.05374808085586058,0.0102
0.052871934815368116,0.0103
0.052116505167294935,0.010400000000000001
0.05148472360959455,0.0105
0.050977951327582316,0.0106
0.05059643784480561,0.010700000000000001
0.05033862783462806,0.0108
0.05020120130089367,0.0109
0.05017919891145928,0.011000000000000001
0.05026583921712313,0.0111
0.05045341523959568,0.0112
0.050733006141893355,0.011300000000000001
0.05109551880725549,0.0114
0.0515311040257318,0.0115
0.05202994578951281,0.011600000000000001
0.05258160505995568,0.0117
0.053175683142190344,0.0118
0.053801460847757276,0.0119
0.0544484177390816,0.012
0.055106125499127634,0.012100000000000001
0.05576441937196952,0.0122
0.05641342766716462,0.0123
0.057043441257743854,0.012400000000000001
0.057645154587504965,0.0125
0.058209452236234416,0.0126
0.05872787922253386,0.012700000000000001
0.05919242161424498,0.0128
0.05959602705668354,0.0129
0.0599323404473221,0.013000000000000001
0.06019610273880205,0.0131
0.06038287856588531,0.0132
0.06048930184285395,0.013300000000000001
0.060512893345360697,0.0134
0.06045217633074573,0.0135
0.06030663233065836,0.013600000000000001
0.06007669823016193,0.0137
0.059763846133675136,0.013800000000000002
0.05937047240982518,0.013900000000000001
0.05890005067474813,0.014
0.058356927421959304,0.014100000000000001
0.05774648271609095,0.0142
0.057074861870797244,0.0143
0.05634909805491173,0.014400000000000001
0.05557683203956043,0.0145
0.05476637892441549,0.0146
0.05392648690859114,0.014700000000000001
0.053066341045107324,0.0148
0.05219538933082446,0.0149
0.051323283904763484,0.015000000000000001
0.0504597834737488,0.0151
0.04961464477723565,0.0152
0.04879759360163405,0.015300000000000001
0.048018181158428375,0.0154
0.04728579392620169,0.0155
0.04660948198728776,0.015600000000000001
0.045997967734502154,0.015700000000000002
0.0454594577627796,0.0158
0.0450016277632308,0.0159
0.04463144809399067,0.016
0.04435515031864634,0.0161
0.04417810471502204,0.0162
0.044104785167425886,0.016300000000000002
0.044138719972913076,0.0164
0.04428246231996136,0.0165
0.044537607274658164,0.0166
0.044904763272295645,0.0167
0.04538361067687524,0.016800000000000002
0.04597287060536348,0.016900000000000002
0.04667038200405882,0.017
0.04747307512675447,0.0171
0.04837705524646885,0.0172
0.0493775963422618,0.0173
0.05046922748445737,0.017400000000000002
0.05164575994336884,0.0175
0.052900373031188774,0.0176
0.05422567774294973,0.0177
0.05561379638257269,0.0178
0.057056454915060284,0.0179
0.058545049392722204,0.018000000000000002
0.06007075223695857,0.0181
0.061624560266299255,0.0182
0.06319739931829871,0.0183
0.06478015385127012,0.0184
0.0663637593345161,0.018500000000000003
0.06793921992166052,0.018600000000000002
0.06949768527357691,0.0187
0.07103046651976319,0.0188
0.07252909881358915,0.0189
0.07398536385497656,0.019
0.07539133964880329,0.019100000000000002
0.07673943175377096,0.019200000000000002
0.07802240981671615,0.0193
0.07923344399163368,0.0194
0.0803279019066292,0.0195
0.08122976706774732,0.0196
0.08204783267551408,0.019700000000000002
0.08276368802378986,0.0198
0.08327506263472506,0.0199
0.08370352839868389,0.02
0.08404967586375522,0.0201
0.08431103201476087,0.020200000000000003
0.08448489033979578,0.020300000000000002
0.08456960734034391,0.0204
0.0845642516439723,0.0205
0.0844688863950317,0.0206
0.08428426931976796,0.0207
0.08401183089524555,0.020800000000000003
0.08360159412814638,0.020900000000000002
0.08310643526104589,0.021
0.08254417720902274,0.0211
0.0819189977237359,0.0212
0.08123450247080033,0.0213
0.08049478219314865,0.021400000000000002
0.07970440914283572,0.021500000000000002
0.07886851155628427,0.0216
0.0779925772570288,0.0217
0.07708227461486605,0.0218
0.07614335402653982,0.0219
0.07518166285426575,0.022000000000000002
0.07420319931941322,0.0221
0.07314945599026967,0.0222
0.07207154264233095,0.0223
0.07099029152137959,0.0224
0.06991439211016004,0.022500000000000003
0.06885137591490154,0.022600000000000002
0.06780842915817842,0.0227
0.06679218170880497,0.0228
0.06580879485925406,0.0229
0.06486383591074862,0.023
0.06396228851757668,0.023100000000000002
0.06310858610750869,0.023200000000000002
0.0622074551889481,0.0233
0.06130264174636035,0.0234
0.06045757688522824,0.0235
0.05961494758899777,0.0236
0.058757590078134525,0.023700000000000002
0.05797475945260877,0.0238
0.05727263057869525,0.0239
0.056655383107463875,0.024
0.05612524470086688,0.0241
0.055683163639575595,0.024200000000000003
0.05532944767704051,0.024300000000000002
0.055063719036143155,0.0244
0.05488475586449448,0.0245
0.05479047352633448,0.0246
0.05477792280255955,0.0247
0.054843266274569924,0.024800000000000003
0.054981892000891985,0.024900000000000002
0.055188434487097426,0.025
0.05545677334229704,0.0251
0.055780071760252126,0.0252
0.05615075495272204,0.0253
0.05656059807677116,0.025400000000000002
0.05700079586806206,0.025500000000000002
0.05746214923300341,0.0256
0.05793522877233781,0.0257
0.05841064090161163,0.0258
0.05887923794192318,0.025900000000000003
0.05933235827863892,0.026000000000000002
0.05976196498869801,0.0261
0.06016072945644324,0.0262
0.06052202463135736,0.0263
0.06083986264707264,0.0264
0.06110882813591689,0.026500000000000003
0.06132400430800555,0.026600000000000002
0.06148097187766366,0.0267
0.06157581761311903,0.0268
0.061605224448855855,0.0269
0.06156653867769191,0.027
0.06145787690529114,0.027100000000000003
0.061278178303968756,0.027200000000000002
0.06102726473127296,0.0273
0.06070584938217227,0.0274
0.060315536765325195,0.0275
0.05985878625252561,0.027600000000000003
0.05933885361443725,0.027700000000000002
0.058759720706805574,0.027800000000000002
0.05812600698838177,0.0279
0.05744290385331996,0.028
0.05671610217952683,0.0281
0.05595176293759385,0.028200000000000003
0.05515647939198276,0.028300000000000002
0.05433727573264857,0.0284
0.053501582788147095,0.0285
0.05265722705297393,0.0286
0.0518123834369022,0.0287
0.050975520007852326,0.028800000000000003
0.050155308049292247,0.028900000000000002
0.0493605180906076,0.029
0.04859990114643953,0.0291
0.047882064475831765,0.0292
0.04721535875306726,0.029300000000000003
0.04660776897816166,0.029400000000000003
0.04606683183883198,0.029500000000000002
0.04559955527506698,0.0296
0.04521236275309448,0.0297
0.044911030877232916,0.0298
0.0447006427550114,0.029900000000000003
0.044585530259353634,0.030000000000000002
0.04456922711475686,0.030100000000000002
0.044654416455473855,0.0302
0.04484289045495893,0.0303
0.04513551604552046,0.0304
0.04553221579971689,0.030500000000000003
0.04603196566817891,0.030600000000000002
0.046632808428469064,0.0307
0.047331889014070594,0.0308
0.0481255014844848,0.0309
0.04900915549766527,0.031
0.04997764652015069,0.031100000000000003
0.05102513782839613,0.031200000000000002
0.05214523811307825,0.0313
0.05333108253106511,0.031400000000000004
0.05457540521683124,0.0315
0.05587061034770824,0.0316
0.05720883610303962,0.0317
0.058582016344912446,0.0318
0.05998193987897671,0.031900000000000005
0.06140030800317986,0.032
0.06282879340803127,0.032100000000000004
0.06425909640456462,0.0322
0.06568300286426854,0.0323
0.06709243660679876,0.0324
0.06847951122445306,0.0325
0.06983657364574414,0.032600000000000004
0.07115624480722793,0.0327
0.07243145177670884,0.0328
0.07365545643464533,0.0329
0.07482187815398689,0.033
0.0759247141351107,0.033100000000000004
0.07695835761112535,0.0332
0.07791761500049776,0.0333
0.07879772401836527,0.0334
0.07959437086465937,0.0335
0.08030370938796205,0.033600000000000005
0.08081912530019708,0.0337
0.08120750078196404,0.033800000000000004
0.081507362697129,0.0339
0.08160277985529196,0.034
0.08161644237252508,0.0341
0.08155363995517084,0.0342
0.08141508620767501,0.034300000000000004
0.08120101530527046,0.0344
0.08091270678695162,0.0345
0.0805520091963996,0.0346
0.08012164253657017,0.0347
0.07962484528854719,0.034800000000000005
0.07906533074508826,0.0349
0.07844717823115954,0.035
0.07777480410044901,0.0351
0.07705295351170183,0.0352
0.07628669354601303,0.035300000000000005
0.07548137159632284,0.0354
0.07464259337527235,0.035500000000000004
0.07377616303055334,0.0356
0.07288802259077909,0.0357
0.07198418940220985,0.0358
0.07107069401346122,0.0359
0.07015354134785534,0.036000000000000004
0.06923871065448495,0.0361
0.06833219042975758,0.0362
0.06744004081380961,0.0363
0.06656843505583532,0.0364
0.06572363743357779,0.036500000000000005
0.0649118831029879,0.0366
0.06413916738217185,0.0367
0.06341098961072522,0.0368
0.06273212240119597,0.0369
0.06208745463012266,0.037000000000000005
0.06138146169059655,0.0371
0.06073131811335031,0.037200000000000004
0.060143907029981736,0.0373
0.05958829794958609,0.0374
0.05901755309958334,0.0375
0.058493005509351326,0.0376
0.05804093331750626,0.037700000000000004
0.05766448185105011,0.0378
0.05736493477364335,0.0379
0.05714222120545576,0.038
0.0569955888171203,0.0381
0.056923657388372906,0.038200000000000005
0.0569243798891772,0.0383
0.05699490689142794,0.038400000000000004
0.05713157631900856,0.0385
0.05732985515695055,0.0386
0.05758441884567023,0.038700000000000005
0.05788922695954457,0.0388
0.05823761200547195,0.038900000000000004
0.05862241122580558,0.039
0.05903603332933294,0.0391
0.059470589345692604,0.0392
0.05991794084222202,0.0393
0.06036985164364417,0.039400000000000004
0.060818064520230086,0.0395
0.061254488048418265,0.0396
0.06167129752785616,0.0397
0.06206109004818394,0.0398
0.062416949993185256,0.039900000000000005
0.06273252460325618,0.04
0.06300205300913031,0.040100000000000004
0.06322038555550569,0.0402
0.06338299573199524,0.0403
0.0634859578341126,0.040400000000000005
0.06352595257844795,0.0405
0.0635002472129258,0.040600000000000004
0.0634067408713429,0.0407
0.06324398765014949,0.0408
0.06301126442939653,0.0409
0.06270859140350993,0.041
0.06233676104662056,0.041100000000000005
0.06189732758716504,0.0412
0.06139259490545057,0.0413
0.06082559184496006,0.0414
0.060200033119823027,0.0415
0.05952028540638343,0.041600000000000005
0.05879130672692323,0.0417
0.05801860871586184,0.041800000000000004
0.05720819136345123,0.0419
0.056366513442795974,0.042
0.05550043666323545,0.042100000000000005
0.054617203101308576,0.0422
0.05372438481810682,0.042300000000000004
0.052829852243272635,0.0424
0.05194171533939862,0.0425
0.05106826706641998,0.0426
0.050217907573320675,0.0427
0.049399059703856496,0.042800000000000005
0.04862008019630881,0.0429
0.047889158003891374,0.043000000000000003
0.04721422512730422,0.0431
0.046602854331158516,0.0432
0.04606218158113906,0.043300000000000005
0.045598815204369814,0.0434
0.045218773302415194,0.043500000000000004
0.04492740678737639,0.0436
0.04472934753508695,0.0437
0.0446284437941189,0.0438
0.044627716874095835,0.0439
0.04472931241596423,0.044000000000000004
0.04493447102143344,0.0441
0.04524350385641762,0.0442
0.045655785656944836,0.0443
0.04616976135421447,0.0444
0.0467829663400301,0.044500000000000005
0.04749206467582434,0.0446
0.048292895550354986,0.044700000000000004
0.049180537310541395,0.0448
0.050149373671197095,0.0449
0.05119317335479856,0.045000000000000005
0.05230516650422978,0.0451
0.05347812863618295,0.045200000000000004
0.054704458127447175,0.0453
0.055976255877179915,0.0454
0.05728539814947675,0.0455
0.05862360801336086,0.0456
0.059982521771127506,0.045700000000000005
0.061353752011004126,0.0458
0.06272894787383676,0.0459
0.06409985066846635,0.046
0.06545834781608195,0.0461
0.06679652105492717,0.046200000000000005
0.06810669264820879,0.0463
0.06938146530716915,0.046400000000000004
0.07061375912272594,0.0465
0.07179684287293653,0.0466
0.07292436160012727,0.046700000000000005
0.07399036053070385,0.0468
0.07498930507942947,0.046900000000000004
0.0759160997639513,0.047
0.07676610326167077,0.0471
0.0775351445243333,0.0472
0.07821953493332134,0.0473
0.07881608254254824,0.047400000000000005
0.07932210202249623,0.0475
0.07973542652845111,0.0476
0.08000146121285645,0.0477
0.08008703639789327,0.0478
0.08008312520345273,0.047900000000000005
0.07989006442207913,0.048
0.07961233559799563,0.048100000000000004
0.07926417672890451,0.0482
0.07884842353443855,0.0483
0.0783671058251263,0.048400000000000006
0.07782326099757175,0.0485
0.07722047114858466,0.048600000000000004
0.076563134572457,0.0487
0.07585611633825173,0.0488
0.07510467261181164,0.0489
0.07431432920409464,0.049
0.07349084583920251,0.049100000000000005
0.07264018349950863,0.0492
0.0717684951915164,0.049300000000000004
0.07088207105355115,0.0494
0.06998730517961926,0.0495
0.06909063064186627,0.049600000000000005
0.06819845210170816,0.0497
0.06731707359734529,0.049800000000000004
0.06645262793902507,0.0499
0.06561102019609122,0.05
0.06479791249191258,0.050100000000000006
0.06401874677244046,0.0502
0.06327880773945094,0.050300000000000004
0.06258327843993239,0.0504
0.061937240736938515,0.0505
0.061345572837759765,0.0506
0.06078689256985015,0.0507
0.060189530740045516,0.050800000000000005
0.05965484071402627,0.0509
0.05918958911044081,0.051000000000000004
0.05879799911868022,0.0511
0.05841395025137053,0.0512
0.05803144579488406,0.051300000000000005
0.05772342936879338,0.0514
0.0574931809307726,0.051500000000000004
0.05734207565892202,0.0516
0.057269609575127944,0.0517
0.05727425169987055,0.051800000000000006
0.05735381625664093,0.0519
0.05750559614104711,0.052000000000000005
0.05772616260994212,0.0521
0.05801133828684257,0.0522
0.05835615624096491,0.0523
0.05875480224332841,0.0524
0.05920072367612139,0.052500000000000005
0.059686658884766874,0.0526
0.060204788902674555,0.052700000000000004
0.06074681500877088,0.0528
0.06130414743616419,0.0529
0.061867990091104,0.053000000000000005
0.06242954641721421,0.0531
0.06298012292521216,0.053200000000000004
0.06351130224119694,0.0533
0.06401502870632092,0.0534
0.06448369068309234,0.053500000000000006
0.06491015994313232,0.0536
0.06528781418259422,0.053700000000000005
0.06561059426989357,0.0538
0.0658730316552556,0.0539
0.06607032403668212,0.054
0.06619832600587017,0.0541
0.06625358015725202,0.054200000000000005
0.06623327666213585,0.0543
0.06613529102886473,0.054400000000000004
0.06595819305915496,0.0545
0.06570131372308863,0.0546
0.06536476887599862,0.054700000000000006
0.06494948177281856,0.0548
0.06445717070277424,0.054900000000000004
0.06389032103157055,0.055
0.06325216228802011,0.0551
0.06254662347153794,0.055200000000000006
0.06177831264983702,0.0553
0.06095246129668985,0.055400000000000005
0.060074900849131696,0.0555
0.059152003494728156,0.055600000000000004
0.05819065950187863,0.0557
0.0571982246015279,0.0558
0.05618249491526006,0.055900000000000005
0.05515165548920731,0.056
0.05411423817552663,0.056100000000000004
0.05307905970269977,0.0562
0.052055153938646015,0.0563
0.051051697455118505,0.056400000000000006
0.050077920895442496,0.0565
0.04914302753929101,0.056600000000000004
0.04825609290122235,0.0567
0.04742598073541293,0.0568
0.046661238666907856,0.056900000000000006
0.04597001486798313,0.057
0.04535995724143582,0.057100000000000005
0.04483813369248768,0.0572
0.044410939902602475,0.057300000000000004
0.04408402370410136,0.0574
0.043862203704261304,0.0575
0.04374939990286841,0.057600000000000005
0.04374856914451253,0.0577
0.0438616514598853,0.057800000000000004
0.044089533668596026,0.0579
0.044432024341200194,0.058
0.04488785488386293,0.058100000000000006
0.045454690862145375,0.0582
0.04612917166283248,0.058300000000000005
0.04690695709587733,0.0584
0.047782798359407685,0.0585
0.048750611692143675,0.058600000000000006
0.04980356863400792,0.0587
0.05093418550546858,0.058800000000000005
0.052134420915265434,0.0589
0.05339577093773351,0.059000000000000004
0.054709364949818484,0.0591
0.056066059249037625,0.0592
0.05745652580620453,0.059300000000000005
0.05887133948841239,0.0594
0.06030105673351449,0.059500000000000004
0.061736293104288076,0.0596
0.06316779040057019,0.0597
0.0645864824398954,0.059800000000000006
0.0659835501550794,0.0599
0.06735047457402876,0.060000000000000005
0.06867908029494496,0.0601
0.06996157584778095,0.060200000000000004
0.07119058686889135,0.0603
0.07235918540396391,0.0604
0.07346091499058227,0.060500000000000005
0.0744898115081648,0.0606
0.0754404226429698,0.060700000000000004
0.07630782298008465,0.0608
0.07708762964610538,0.0609
0.07777601345765495,0.061000000000000006
0.07836971130899117,0.0611
0.07886603400751546,0.061200000000000004
0.07926287499648921,0.0613
0.07955871478834142,0.0614
0.07975262542347183,0.061500000000000006
0.07984427141718342,0.0616
0.079714790527879,0.061700000000000005
0.07946292351771411,0.0618
0.079027506702541,0.061900000000000004
0.07849647261113035,0.062
0.07789577520927515,0.0621
0.07723016921779091,0.062200000000000005
0.07650329060336047,0.0623
0.07571969966278635,0.062400000000000004
0.07488460248098727,0.0625
0.07400403088934138,0.0626
0.07308451277311712,0.0627
0.07213293327580106,0.06280000000000001
0.07115639433920085,0.0629
0.07016216577673406,0.063
0.0691576335777997,0.0631
0.06815028483960472,0.0632
0.067147645364107,0.06330000000000001
0.0661572321550431,0.0634
0.06518648155446771,0.0635
0.0642422726459182,0.0636
0.0633305527166167,0.0637
0.062458972881189956,0.06380000000000001
0.061637511142454526,0.0639
0.060874006603156006,0.064
0.060175544133068914,0.0641
0.05954914157275404,0.06420000000000001
0.058998203521010595,0.06430000000000001
0.058525266691187516,0.0644
0.05813266818368534,0.0645
0.057714354340221874,0.0646
0.0573538601534902,0.06470000000000001
0.0570660163380694,0.0648
0.056855012779568836,0.0649
0.05663496859122108,0.065
0.05642318499569421,0.0651
0.056299294773186626,0.06520000000000001
0.056266252012745044,0.0653
0.05632516983205438,0.0654
0.056473004503616586,0.0655
0.05670747424643374,0.0656
0.05702348469755125,0.06570000000000001
0.057417115644097017,0.0658
0.05788218150744373,0.0659
0.05841333862534692,0.066
0.059003293637135856,0.0661
0.05964479493467434,0.06620000000000001
0.060329464756064044,0.0663
0.061048053872123975,0.0664
0.061791348914008504,0.0665
0.06254890216506315,0.0666
0.06331109981122929,0.06670000000000001
0.06406711923154873,0.0668
0.06480716646878193,0.0669
0.06552059209291672,0.067
0.06619789150002675,0.0671
0.0668295258725008,0.06720000000000001
0.06740722339167138,0.0673
0.06792341412780978,0.0674
0.06837149811866494,0.0675
0.06874582742780089,0.06760000000000001
0.06904122909235177,0.06770000000000001
0.06925358161169393,0.0678
0.06937897861651476,0.0679
0.06941464404729891,0.068
0.06935795094776587,0.06810000000000001
0.06920739391544362,0.0682
0.06896174271554167,0.0683
0.0686208992544941,0.0684
0.06818534137245824,0.0685
0.06765665058544212,0.06860000000000001
0.06703724586613313,0.0687
0.06633048242532358,0.0688
0.06554067096414973,0.0689
0.06467279940250115,0.069
0.06373280009644366,0.06910000000000001
0.0627270174022101,0.0692
0.06166265295185813,0.0693
0.06054714019158969,0.0694
0.05938867936933123,0.0695
0.05819565634401869,0.06960000000000001
0.056977148479215645,0.0697
0.05574245984942161,0.0698
0.05450147545556461,0.0699
0.05326433544602027,0.07
0.05204155984360437,0.07010000000000001
0.05084386593409307,0.0702
0.04968205785038515,0.0703
0.04856698748890542,0.0704
0.04750926567430991,0.07050000000000001
0.046519354482963404,0.07060000000000001
0.045607181768236416,0.0707
0.04478232551363881,0.0708
0.044070795859107115,0.0709
0.043499612903618035,0.07100000000000001
0.04305951845711009,0.0711
0.04273740776656876,0.0712
0.04253625011442552,0.0713
0.042458640477490706,0.0714
0.042509895051542346,0.07150000000000001
0.042692001654187406,0.0716
0.04300481295596259,0.0717
0.043448258488442804,0.0718
0.044001351452441995,0.0719
0.044641458756240704,0.07200000000000001
0.04538006705391884,0.0721
0.046232218563528216,0.0722
0.04719362597407595,0.0723
0.04825918595325396,0.0724
0.049418308635662545,0.07250000000000001
0.050662044795625416,0.0726
0.051981880017952786,0.0727
0.05336669875761424,0.0728
0.05480743714161029,0.0729
0.056292040820035805,0.07300000000000001
0.05781043637952821,0.0731
0.05935049892613509,0.0732
0.06090207901718403,0.0733
0.06245365335617348,0.0734
0.06399489807560499,0.07350000000000001
0.06551520960974766,0.0736
0.06700400410843432,0.0737
0.06845180923593452,0.0738
0.06984859459752524,0.07390000000000001
0.07118625542578505,0.07400000000000001
0.07245593256662941,0.0741
0.07365062579294523,0.0742
0.07476266058432668,0.0743
0.07578597019320821,0.07440000000000001
0.07671445767377738,0.0745
0.07754345812464192,0.0746
0.07826895920526789,0.0747
0.07888784442923402,0.0748
0.0793978620043364,0.07490000000000001
0.07979697294296495,0.075
0.0800841199615,0.0751
0.08025819264160405,0.0752
0.08031927850405196,0.0753
0.08026745083356579,0.07540000000000001
0.08010401682635904,0.0755
0.07973028773261015,0.0756
0.07917714604710913,0.0757
0.07843701109811274,0.0758
0.07761958491182552,0.07590000000000001
0.07673372458350536,0.076
0.07578540536173628,0.0761
0.07478022633930437,0.0762
0.0737248218060449,0.0763
0.07262647578667925,0.07640000000000001
0.07149322181986417,0.0765
0.07033342218310312,0.0766
0.06915565758291775,0.0767
0.06796859349082285,0.07680000000000001
0.06678098129157184,0.07690000000000001
0.06560163353563153,0.077
0.06443902694530612,0.0771
0.06330097845726956,0.0772
0.06219729330801438,0.07730000000000001
0.06114032554371096,0.07740000000000001
0.06014041814943416,0.0775
0.0592071784799022,0.0776
0.05834993979775116,0.0777
0.05757405122426351,0.07780000000000001
0.05688353737967122,0.0779
0.056281846636544675,0.078
0.055771427857783884,0.0781
0.05535521161957746,0.0782
0.0549208615015957,0.07830000000000001
0.05455929649060298,0.0784
0.054301357748090195,0.0785
0.05415299086977465,0.0786
0.05411657821329818,0.0787
0.05410112191519434,0.07880000000000001
0.05406571900427837,0.0789
0.0541346980739299,0.079
0.05431224266216361,0.0791
0.05459884607839083,0.0792
0.054989524161714876,0.07930000000000001
0.05547882530840442,0.0794
0.05606180702338692,0.0795
0.0567312643318052,0.0796
0.057480830364302626,0.07970000000000001
0.05830158856857759,0.07980000000000001
0.0591847183802372,0.0799
0.06011949689744511,0.08
0.061095247605642444,0.0801
0.062100112870427826,0.08020000000000001
0.06312206293841383,0.08030000000000001
0.06414890298610099,0.0804
0.06516781955514683,0.0805
0.06616694181554794,0.0806
0.06713380029756622,0.08070000000000001
0.06805755328448282,0.08080000000000001
0.0689270886293446,0.0809
0.06973290720339653,0.081
0.0704655358042432,0.0811
0.07111676516685583,0.08120000000000001
0.07167888382173027,0.0813
0.07214523548069185,0.0814
0.07251024418359475,0.0815
0.07276915219161428,0.0816
0.07291849899294489,0.08170000000000001
0.07295526304364475,0.0818
0.07287769925647336,0.0819
0.07268439523790338,0.082
0.07237528031796003,0.0821
0.07195078833313606,0.08220000000000001
0.07141264548949411,0.0823
0.07076321879996339,0.0824
0.07000593456945448,0.0825
0.06914499390413054,0.0826
0.06818544870581966,0.08270000000000001
0.06713331277881984,0.0828
0.0659952883659094,0.0829
0.06477914029704757,0.083
0.06349312642035865,0.08310000000000001
0.06214651365359014,0.08320000000000001
0.060748873881480314,0.0833
0.05931065257045054,0.0834
0.057842498204645265,0.0835
0.05635577606994202,0.08360000000000001
0.05486203198164441,0.08370000000000001
0.053373341163591714,0.0838
0.051901950125454954,0.0839
0.050460394622603655,0.084
0.049061328096843715,0.08410000000000001
0.04771739825593602,0.08420000000000001
0.04644123918058196,0.0843
0.045261697632858144,0.0844
0.04420880339190014,0.0845
0.0432775857533656,0.08460000000000001
0.04245965451438494,0.0847
0.04176247254955001,0.0848
0.041193321146653306,0.0849
0.040762095796929465,0.085
0.04047564555352334,0.08510000000000001
0.04033857371258276,0.0852
0.040355565422953266,0.0853
0.04052815481136962,0.0854
0.04085797313655726,0.0855
0.04134390457463155,0.08560000000000001
0.0419842841349094,0.0857
0.04277477171413824,0.0858
0.04369219009771186,0.0859
0.0447090834583832,0.08600000000000001
0.04583293353705775,0.08610000000000001
0.047073921654823714,0.0862
0.04842333763526785,0.0863
0.049871711430163446,0.0864
0.05140390594232391,0.08650000000000001
0.05300759954857792,0.08660000000000001
0.05467018865279338,0.0867
0.05637837122183953,0.0868
0.058119799785379955,0.0869
0.05988072096705843,0.08700000000000001
0.061648190164610095,0.08710000000000001
0.06340811896391307,0.0872
0.06514781157941496,0.0873
0.06685386976808483,0.0874
0.06851450770254153,0.08750000000000001
0.07011814018191198,0.0876
0.07165412648414005,0.0877
0.07311286749049495,0.0878
0.07448509149894378,0.0879
0.07576299373952744,0.08800000000000001
0.07693884837969178,0.0881
0.07800638009368177,0.0882
0.07895934856147346,0.0883
0.07979282403795906,0.0884
0.08050217802275428,0.08850000000000001
0.08108403150860233,0.0886
0.08153566844946347,0.0887
0.08185540590979434,0.0888
0.08204235017867623,0.0889
0.08209633143421113,0.08900000000000001
0.08201805173401466,0.0891
0.08180883312045961,0.0892
0.08147098127118169,0.0893
0.08097578379098991,0.08940000000000001
0.08017532985749554,0.08950000000000001
0.07919377077351719,0.0896
0.0781260662802491,0.0897
0.07698264856507975,0.0898
0.07577020587454508,0.08990000000000001
0.07449561897422385,0.09000000000000001
0.07316661680335335,0.0901
0.07179213324600908,0.0902
0.07038209708956933,0.0903
0.06894708991556997,0.09040000000000001
0.06749805425719735,0.09050000000000001
0.06604607679557428,0.0906
0.06460188689862967,0.0907
0.0631755254900156,0.0908
0.061778983597908566,0.09090000000000001
0.06042675973784595,0.091
0.05913133866826681,0.0911
0.05790455652238946,0.0912
0.05675814755677733,0.0913
0.05570007093121565,0.09140000000000001
0.05473716765485226,0.0915
0.053875749495115643,0.0916
0.05312096162648117,0.0917
0.05247806092132645,0.0918
0.0519515738694305,0.09190000000000001
0.0514615519865127,0.092
0.051018026186858245,0.0921
0.050701827348332174,0.0922
0.05052167664866536,0.09230000000000001
0.05048242860791996,0.09240000000000001
0.0505545217709471,0.0925
0.05068116074536788,0.0926
0.05089116130185145,0.0927
0.05122000121725301,0.09280000000000001
0.05164866249504452,0.09290000000000001
0.052188299890012946,0.093
0.05285189817417435,0.0931
0.05363436597563509,0.0932
0.05452931627820812,0.09330000000000001
0.05552542320212228,0.09340000000000001
0.0566122120390562,0.0935
0.05777908967019174,0.0936
0.05901299605920696,0.0937
0.060301803032775436,0.09380000000000001
0.06163074836261195,0.09390000000000001
0.06298582717218237,0.094
0.06435113011455995,0.0941
0.06571185528324186,0.0942
0.06705214749046595,0.09430000000000001
0.06835738981182926,0.0944
0.06961333665703218,0.0945
0.07080654660742625,0.0946
0.07192517379139085,0.0947
0.07295762497537361,0.09480000000000001
0.073894261352204,0.0949
0.07472532220974815,0.095
0.07544285688705632,0.0951
0.07603889698946942,0.0952
0.07650722464951065,0.09530000000000001
0.07684216896914475,0.0954
0.07703972039030638,0.0955
0.07709687754548333,0.0956
0.07701188276889748,0.09570000000000001
0.0767841340741896,0.09580000000000001
0.0764138406592163,0.0959
0.07590252242987638,0.096
0.07525237250556438,0.0961
0.0744670378110367,0.09620000000000001
0.07355078045171026,0.09630000000000001
0.07250922575467389,0.0964
0.07134854461088802,0.0965
0.07007608155737743,0.0966
0.06869979304191531,0.09670000000000001
0.06722867235195662,0.09680000000000001
0.06567248407272408,0.0969
0.06404188408979083,0.097
0.06234839483894361,0.0971
0.06060421533608673,0.09720000000000001
0.05882237690122283,0.09730000000000001
0.057016331681863264,0.0974
0.055200224993953384,0.0975
0.053388388552749966,0.0976
0.05159565584290848,0.09770000000000001
0.049836875603792574,0.0978
0.04812718702502394,0.0979
0.04649762648795286,0.098
0.04498053856270312,0.0981
0.04357456137518856,0.09820000000000001
0.04227525523102793,0.0983
0.041094312329587046,0.0984
0.04004330572792836,0.0985
0.03913684561401176,0.09860000000000001
0.03838657012145119,0.09870000000000001
0.03780226425047983,0.0988
0.03739361531457552,0.0989
0.037167354580123435,0.099
0.037129920779852554,0.09910000000000001
0.03728489647502875,0.09920000000000001
0.03763473359063929,0.0993
0.038178773191348325,0.0994
0.03891482293981752,0.0995
0.03983783093644799,0.09960000000000001
0.04094058346164542,0.09970000000000001
0.04221393838783993,0.0998
0.04362764284537346,0.0999
0.04514817103672586,0.1
0.046776736880069114,0.10010000000000001
0.048518313050648576,0.10020000000000001
0.05035913349813015,0.1003
0.05228490327157287,0.1004
0.05427640044122506,0.1005
0.056316857930765796,0.10060000000000001
0.05838997893659115,0.10070000000000001
0.06047813374086597,0.1008
0.06256568742735136,0.1009
0.06463551015070013,0.101
0.06667261980320915,0.10110000000000001
0.06866120229636818,0.1012
0.07058775037079446,0.1013
0.07243826808866372,0.1014
0.07420068900813992,0.1015
0.0758634524775903,0.10160000000000001
0.07741605168453636,0.1017
0.07884953666381567,0.1018
0.08015522450767054,0.1019
0.08132635855605586,0.10200000000000001
0.08235600714117686,0.10210000000000001
0.08323903726817716,0.1022
0.08397014477836962,0.1023
0.0845456970439622,0.1024
0.08496239073642609,0.10250000000000001
0.08521854664105022,0.10260000000000001
0.08531338161887336,0.1027
0.08524741680264336,0.1028
0.08502225557063281,0.1029
0.08464028352299668,0.10300000000000001
0.08410499641448632,0.10310000000000001
0.08334408481146038,0.1032
0.08219049765165554,0.1033
0.08092082702368464,0.1034
0.07955206396757786,0.10350000000000001
0.07809375677937092,0.10360000000000001
0.07655353572578805,0.1037
0.07494028843378175,0.1038
0.07326374618936438,0.1039
0.07153526448117964,0.10400000000000001
0.06976720690796112,0.1041
0.06797275203559727,0.1042
0.06616552862924263,0.1043
0.0643590473062412,0.1044
0.06256632769393133,0.10450000000000001
0.06080238213462186,0.1046
0.05908462784225654,0.1047
0.057428504900673305,0.1048
0.055848763508743904,0.10490000000000001
0.05435996719892833,0.10500000000000001
0.052972999461142756,0.1051
0.05169767584182483,0.1052
0.05054331078683849,0.1053
0.04951809501229332,0.10540000000000001
0.04863023271846667,0.10550000000000001
0.04788703317510179,0.1056
0.047295073746687066,0.1057
0.046696556237344033,0.1058
0.04622611440446023,0.10590000000000001
0.04592440124965491,0.10600000000000001
0.04580109855559589,0.1061
0.04586096497932246,0.1062
0.04601853558801405,0.1063
0.046249011333711065,0.10640000000000001
0.046646008461812105,0.10650000000000001
0.047218549316094816,0.1066
0.04796396777464507,0.1067
0.04887669004481876,0.1068
0.04993081597234772,0.10690000000000001
0.051096694130873255,0.10700000000000001
0.05237765203116651,0.1071
0.053779315234889546,0.1072
0.05528949112604731,0.1073
0.056894081415830744,0.10740000000000001
0.05857425368053715,0.1075
0.060312212421141154,0.1076
0.06209050448547593,0.1077
0.06388960751036821,0.1078
0.06569156394321685,0.10790000000000001
0.06747662225549889,0.108
0.06922669636439471,0.1081
0.07092312018848201,0.1082
0.07254935067091595,0.10830000000000001
0.07408912135220991,0.10840000000000001
0.07552809208620337,0.1085
0.07685315913881441,0.1086
0.07805218292033944,0.1087
0.07911504465814467,0.10880000000000001
0.08003189831793145,0.10890000000000001
0.0807952645491703,0.109
0.08139778969440647,0.1091
0.08183433306628973,0.1092
0.08209996916883222,0.10930000000000001
0.0821916261785256,0.10940000000000001
0.08210689013342654,0.1095
0.08184500948091988,0.1096
0.08140651267497212,0.1097
0.08079330553652131,0.10980000000000001
0.08000883111515666,0.10990000000000001
0.07905743356411632,0.11
0.07794500762426682,0.1101
0.07667808397890119,0.1102
0.07526476149393602,0.11030000000000001
0.07371371380653524,0.11040000000000001
0.0720350481297678,0.1105
0.0702394155379028,0.1106
0.06833866251089071,0.1107
0.06634527626756992,0.11080000000000001
0.0642582178269906,0.1109
0.06204033402839104,0.111
0.059787599418406834,0.1111
0.05751897883057344,0.11120000000000001
0.05525268032341257,0.11130000000000001
0.05300635531904785,0.1114
0.050797767993316034,0.1115
0.0486493725089685,0.1116
0.04658650126922703,0.11170000000000001
0.04462621298311453,0.11180000000000001
0.0427809092803757,0.1119
0.04106600546912387,0.112
0.039497040828474494,0.1121
0.03808868891519701,0.11220000000000001
0.036794018686209684,0.11230000000000001
0.03561654748404042,0.1124
0.034614522970930706,0.1125
0.03381488078611783,0.1126
0.033231478303975104,0.11270000000000001
0.032876042009277295,0.11280000000000001
0.03275670787602092,0.1129
0.032879799001416465,0.113
0.033248601157934266,0.1131
0.0338634237407065,0.11320000000000001
0.03472178350862043,0.11330000000000001
0.03581722913551655,0.1134
0.0371409932133846,0.1135
0.038680414245098715,0.1136
0.040421162958162116,0.11370000000000001
0.04232700523477906,0.11380000000000001
0.044358028267657,0.1139
0.0465095364227639,0.114
0.04878013446248741,0.11410000000000001
0.051150162200301885,0.11420000000000001
0.053598680900701634,0.1143
0.05610063788944064,0.1144
0.05863336787278639,0.1145
0.06117591125405464,0.11460000000000001
0.06370634369115391,0.11470000000000001
0.06620578666485755,0.1148
0.06865429926727307,0.1149
0.07103477519299783,0.115
0.07332982644149832,0.11510000000000001
0.07552477493612475,0.11520000000000001
0.07760500009781435,0.1153
0.07955780265786216,0.1154
0.0813713301330804,0.1155
0.08303448257528967,0.11560000000000001
0.08453799234517223,0.11570000000000001
0.08587262382334437,0.1158
0.08703145542225177,0.1159
0.08800741849187521,0.116
0.0887957258917288,0.11610000000000001
0.08939167388003566,0.11620000000000001
0.08979264905022555,0.1163
0.08999667697306024,0.1164
0.09000360111972627,0.1165
0.0898143995043329,0.11660000000000001
0.08943132027110545,0.11670000000000001
0.08885788111238346,0.1168
0.08809825359250834,0.1169
0.08678653309362061,0.117
0.08531054069596833,0.11710000000000001
0.08370217508086264,0.11720000000000001
0.08197336946812162,0.1173
0.08013284812961552,0.1174
0.07819095730363024,0.11750000000000001
0.07615878081398475,0.11760000000000001
0.07400377597395713,0.1177
0.07178910618877188,0.1178
0.06954520421637223,0.1179
0.06728927061298462,0.11800000000000001
0.06503709229186261,0.11810000000000001
0.06280409343251869,0.1182
0.060607171237402446,0.1183
0.05846528833718945,0.1184
0.056351566584455615,0.11850000000000001
0.05429620974496707,0.11860000000000001
0.05233566749957563,0.1187
0.05048586326334581,0.1188
0.048761084028419166,0.1189
0.04717443790251363,0.11900000000000001
0.04573920151295896,0.11910000000000001
0.04446789321952238,0.1192
0.043372340599604486,0.1193
0.04246352322844271,0.1194
0.04175120343849281,0.11950000000000001
0.041060976774500046,0.11960000000000001
0.040514586983282586,0.1197
0.040186992174316316,0.1198
0.04009159509202953,0.1199
0.04022082103442637,0.12000000000000001
0.04045895642152253,0.12010000000000001
0.04082770580444084,0.1202
0.04142363320201703,0.1203
0.04224841868593687,0.12040000000000001
0.04329824269484939,0.12050000000000001
0.04456491085642611,0.1206
0.04603632909945321,0.1207
0.04768028374477895,0.1208
0.04945980940098749,0.12090000000000001
0.051370723787076855,0.12100000000000001
0.05341153493124229,0.1211
0.05556268013162091,0.1212
0.057803184325225354,0.1213
0.06010704091226404,0.12140000000000001
0.062450277588134595,0.12150000000000001
0.06480918168346317,0.1216
0.06715921902940614,0.1217
0.06947764192041972,0.1218
0.0717410022705871,0.12190000000000001
0.07392795423194598,0.12200000000000001
0.07601737496902028,0.1221
0.0779908374856303,0.1222
0.07983065659995936,0.1223
0.0815216732115398,0.12240000000000001
0.0830501164610088,0.12250000000000001
0.0844038329325989,0.1226
0.08557272570801011,0.1227
0.08654766827054472,0.1228
0.08732183720795716,0.12290000000000001
0.08788904617285775,0.12300000000000001
0.0882451128594609,0.1231
0.08838636903662767,0.1232
0.08831086978736102,0.1233
0.08801758434683671,0.12340000000000001
0.0875072355265738,0.12350000000000001
0.08678202412747094,0.1236
0.08584576506032549,0.1237
0.08470389497991926,0.12380000000000001
0.0833630829655676,0.12390000000000001
0.08183154756967947,0.124
0.08011852397356645,0.1241
0.07817854965913906,0.1242
0.07586086100803724,0.12430000000000001
0.07343092018068087,0.12440000000000001
0.07091228566648289,0.1245
0.06832150736081744,0.1246
0.06567339630744085,0.1247
0.06298422941267057,0.12480000000000001
0.060271314601862636,0.12490000000000001
0.057553780878586425,0.125
0.05485148051947819,0.12510000000000002
0.05218447145390259,0.1252
0.04957537535665657,0.1253
0.047049721249089016,0.1254
0.04463101974550776,0.1255
0.04234207202963902,0.12560000000000002
0.040205353684191314,0.1257
0.038185606554716145,0.1258
0.03622171449152667,0.1259
0.0344392207845734,0.126
0.032862415956619984,0.12610000000000002
0.03151223421650817,0.1262
0.030384463932546124,0.1263
0.029406169268536564,0.1264
0.02860806928098114,0.1265
0.028080744628388388,0.12660000000000002
0.02784074564023231,0.1267
0.027900107081254566,0.1268
0.02826573144754385,0.1269
0.028939750594054958,0.127
0.029920853070678932,0.12710000000000002
0.03120266003435579,0.1272
0.032774637754600766,0.1273
0.03462107124129754,0.1274
0.03672259692377455,0.1275
0.03905583987505512,0.12760000000000002
0.041575252254744344,0.1277
0.04423025486538701,0.1278
0.04700771213597377,0.1279
0.04989838323255813,0.128
0.05287529419060766,0.12810000000000002
0.055911332926620316,0.1282
0.05897574413697293,0.1283
0.06204175481899776,0.12840000000000001
0.06508448716175008,0.1285
0.06807944809461552,0.12860000000000002
0.0710051026138615,0.1287
0.07383977662406205,0.1288
0.07656438004804722,0.12890000000000001
0.07916013583922499,0.129
0.08161096202457319,0.1291
0.08390130575705013,0.1292
0.08601784171546845,0.1293
0.08794833998613616,0.12940000000000002
0.0896817621639654,0.1295
0.09120892421778315,0.1296
0.09252124151194319,0.1297
0.09361236470436252,0.1298
0.0944763984723942,0.12990000000000002
0.09510951439626569,0.13
0.09550840889048884,0.1301
0.09567156105170593,0.1302
0.0955983889242914,0.1303
0.0952899470127645,0.13040000000000002
0.09474870568722749,0.1305
0.0939784863233537,0.1306
0.09266268876544026,0.1307
0.0910163693076208,0.1308
0.0891952762332282,0.13090000000000002
0.08721597588358598,0.131
0.08497121183401568,0.1311
0.08260400362891762,0.1312
0.08006637345543655,0.1313
0.0774542415294791,0.13140000000000002
0.07478904817824095,0.1315
0.07208964925554695,0.1316
0.06937448572483584,0.1317
0.06666275261691845,0.1318
0.06397367284655409,0.13190000000000002
0.061326979887326605,0.132
0.05872469373786693,0.1321
0.05612418278087028,0.1322
0.05361363962390775,0.1323
0.05121780588727298,0.13240000000000002
0.048955886115497504,0.1325
0.046823027757544544,0.1326
0.044690139952573205,0.1327
0.04271781195304203,0.1328
0.04093215824676655,0.13290000000000002
0.039351841147063915,0.133
0.037991750595894214,0.1331
0.03686600632717818,0.1332
0.03598734508542867,0.1333
0.0352311959498961,0.13340000000000002
0.034565159595024486,0.1335
0.03416799555063754,0.1336
0.03406109355949183,0.1337
0.03423032645623936,0.1338
0.03453775032766693,0.13390000000000002
0.03503120427780915,0.134
0.03581469604907861,0.1341
0.03689054906855538,0.1342
0.03825397963393118,0.1343
0.039892897954330486,0.13440000000000002
0.041790519226441836,0.1345
0.04392660481229815,0.1346
0.04625933033625551,0.13470000000000001
0.048741595601422105,0.1348
0.051360572903694335,0.13490000000000002
0.05410642173210589,0.135
0.05695109822211575,0.1351
0.059865676219284514,0.13520000000000001
0.06281701229637804,0.1353
0.0657750746400495,0.13540000000000002
0.06871125881313334,0.1355
0.07159681055815736,0.1356
0.07440565636549856,0.13570000000000002
0.07711144065887454,0.1358
0.07969070468443318,0.1359
0.08212072941705573,0.136
0.0843822641145131,0.1361
0.08645730737348634,0.13620000000000002
0.08833090133259347,0.1363
0.08998987836941297,0.1364
0.091422951256111,0.1365
0.0926212248485605,0.1366
0.09357681018935993,0.13670000000000002
0.09428429330193899,0.1368
0.09473872838165498,0.1369
0.09493725609310477,0.137
0.09487741353127266,0.1371
0.09455865318925127,0.13720000000000002
0.09398140580843384,0.1373
0.09314811250837018,0.1374
0.09206284210384263,0.1375
0.09073149912371703,0.1376
0.08916179611013297,0.13770000000000002
0.08711408670395426,0.1378
0.08471045088460749,0.1379
0.08214340605199877,0.138
0.07943482929164858,0.1381
0.07660057375294993,0.13820000000000002
0.07361784722241316,0.1383
0.07054813276265692,0.1384
0.06742375508797105,0.1385
0.06426563509471639,0.1386
0.06109482434882574,0.13870000000000002
0.05793268443276878,0.1388
0.054731486496246484,0.1389
0.051564314778924425,0.139
0.048463236712367186,0.1391
0.04545629754537983,0.13920000000000002
0.04257095355008311,0.1393
0.039831380272303374,0.1394
0.0372608644065735,0.1395
0.03488255957032704,0.1396
0.03271857703804848,0.13970000000000002
0.03079084295813117,0.1398
0.028918881792521223,0.1399
0.027208127736214394,0.14
0.025773053544453584,0.1401
0.024644400585024817,0.14020000000000002
0.023771976014897556,0.1403
0.023088734267963984,0.1404
0.02268899651768219,0.1405
0.02264441176027754,0.1406
0.022973437417360243,0.14070000000000002
0.023684569210217443,0.1408
0.024778275760233504,0.1409
0.026246798684021133,0.14100000000000001
0.028076403340530076,0.1411
0.030246479138561266,0.14120000000000002
0.032731041713614406,0.1413
0.035499190902155364,0.1414
0.038516575891689664,0.14150000000000001
0.041725371037915515,0.1416
0.04506377220723201,0.14170000000000002
0.04851189114464227,0.1418
0.05205489018122189,0.1419
0.05566038211240798,0.14200000000000002
0.05929580080430652,0.1421
0.0629256771932657,0.1422
0.06651877022902641,0.1423
0.07004692575521676,0.1424
0.0734825996837698,0.14250000000000002
0.07680246699783944,0.1426
0.07998335972731807,0.1427
0.08300552721137822,0.1428
0.0858497949747189,0.1429
0.08850004270572331,0.14300000000000002
0.09094101578011748,0.1431
0.09315976770164991,0.1432
0.09514490824793054,0.1433
0.09688600503125722,0.1434
0.09837487315707372,0.14350000000000002
0.09960345719855379,0.1436
0.10056628871724649,0.1437
0.10125799684656978,0.1438
0.10167570213639854,0.1439
0.10181697704795545,0.14400000000000002
0.10168159192054993,0.1441
0.10127040516133334,0.1442
0.1005861951326158,0.1443
0.09944657414006286,0.1444
0.09771340006465346,0.14450000000000002
0.09568922610773323,0.1446
0.09323933272630791,0.1447
0.09047256747678922,0.1448
0.0876075914269292,0.1449
0.08466667905011871,0.14500000000000002
0.08166618155046623,0.1451
0.07862327483770559,0.1452
0.07555783753683942,0.1453
0.07249203375339364,0.1454
0.06939710890588757,0.14550000000000002
0.06629217558392009,0.1456
0.0632348062691771,0.1457
0.0602509314990155,0.1458
0.05722494430176428,0.1459
0.0542957477248438,0.14600000000000002
0.051494027229747275,0.1461
0.048842392664151024,0.1462
0.04622391797849823,0.1463
0.04369322108300655,0.1464
0.04134849615910818,0.14650000000000002
0.03911457097099946,0.1466
0.0369290399615676,0.1467
0.03497264929088595,0.1468
0.03327669923244536,0.1469
0.03186164538061331,0.14700000000000002
0.030744114791476873,0.1471
0.029918893976608407,0.1472
0.02907067914098649,0.14730000000000001
0.028537159084538244,0.1474
0.02835245895999039,0.14750000000000002
0.028529340213905297,0.1476
0.02887852227451493,0.1477
0.0294437332952473,0.14780000000000001
0.03036287845355301,0.1479
0.03164093980287541,0.14800000000000002
0.033272429695677674,0.1481
0.035242000163010934,0.1482
0.037527950845887004,0.14830000000000002
0.04010424847444782,0.1484
0.04292238310562202,0.14850000000000002
0.04592760173500077,0.1486
0.04909849636987129,0.1487
0.0524167523339496,0.14880000000000002
0.05584660425967125,0.1489
0.05935165193321201,0.149
0.06289201161718572,0.1491
0.06643144534501766,0.1492
0.06993596026448656,0.14930000000000002
0.07337208671226714,0.1494
0.07670975383440937,0.1495
0.07991914330485095,0.1496
0.0829738456985768,0.1497
0.08584863255742681,0.14980000000000002
0.08852219456190202,0.1499
0.09097498963428019,0.15
0.09319091428795301,0.1501
0.095156050750416,0.1502
0.0968585141003595,0.15030000000000002
0.09828896184194735,0.1504
0.09943906611113384,0.1505
0.10030306940914013,0.1506
0.10087573920259307,0.1507
0.10115405555950252,0.15080000000000002
0.10113549837704106,0.1509
0.10081956696707395,0.151
0.10020684832655535,0.1511
0.09930000916105697,0.1512
0.09810346455710761,0.15130000000000002
0.09662352268817387,0.1514
0.09436343420866489,0.1515
0.09179981185580222,0.1516
0.08883114545436699,0.1517
0.08566235159278746,0.15180000000000002
0.08240543732679173,0.1519
0.07909311926426921,0.152
0.07570186429778225,0.1521
0.07226800186395832,0.1522
0.06881385681713792,0.15230000000000002
0.06536370798344826,0.1524
0.061849782981691415,0.1525
0.05835010362479465,0.1526
0.05490455521449156,0.1527
0.05154210261631631,0.15280000000000002
0.04813163043436819,0.1529
0.044829399452227525,0.153
0.041672393595321156,0.1531
0.03856551303380207,0.1532
0.03553560431496261,0.15330000000000002
0.0327060952735414,0.1534
0.030112039520201472,0.1535
0.02778134528733478,0.15360000000000001
0.025739089456538577,0.1537
0.02396740609720882,0.15380000000000002
0.02218643797986508,0.1539
0.020720237064150382,0.154
0.019615530283214166,0.15410000000000001
0.018851027168961698,0.1542
0.018313258822434397,0.15430000000000002
0.018087899134468843,0.1544
0.018288488471764675,0.1545
0.018938524094734177,0.15460000000000002
0.02004755944231662,0.1547
0.021609601610196538,0.15480000000000002
0.02360803790249033,0.1549
0.02601673895357326,0.155
0.028802473741562196,0.15510000000000002
0.03192609717854,0.1552
0.03534442533384752,0.1553
0.03899036434797165,0.1554
0.04279271659621564,0.1555
0.046723591441010015,0.15560000000000002
0.05076141950248503,0.1557
0.05486835102182508,0.1558
0.05900719588137804,0.1559
0.06313845926447847,0.156
0.0672270718512259,0.15610000000000002
0.07124095026049748,0.1562
0.0751484418860302,0.1563
0.07892218337440082,0.1564
0.08253532090261961,0.1565
0.08596509247848405,0.15660000000000002
0.08919003239763224,0.1567
0.09219239911888821,0.1568
0.09495582778921985,0.1569
0.09746662662993277,0.157
0.0997129687361179,0.15710000000000002
0.10168414246052382,0.1572
0.1033717742229524,0.1573
0.1047674964019838,0.1574
0.10586537638117188,0.1575
0.10665936165110546,0.15760000000000002
0.10714580310183752,0.1577
0.10732150318952771,0.1578
0.1071855929147838,0.1579
0.106738504239839,0.158
0.105982833713689,0.15810000000000002
0.1044787518157948,0.1582
0.1018708094236147,0.1583
0.09897893848741879,0.1584
0.0959838739498503,0.1585
0.09291168373328496,0.15860000000000002
0.08976418249818796,0.1587
0.08652326851396208,0.1588
0.08323107241882144,0.1589
0.07991108710214234,0.159
0.07657740012545267,0.15910000000000002
0.07316322372735617,0.1592
0.06977316532138356,0.1593
0.06643540182174068,0.15940000000000001
0.06317623084902768,0.1595
0.06002130090959468,0.15960000000000002
0.056849931038684076,0.1597
0.0537489528402888,0.1598
0.050782959130676986,0.15990000000000001
0.047760477560022885,0.16
0.04490730468570159,0.16010000000000002
0.04225548832927806,0.1602
0.039556708997330325,0.1603
0.03703543235203477,0.16040000000000001
0.0346664439477915,0.1605
0.03232024963373692,0.16060000000000002
0.030242250859128017,0.1607
0.02847417651050521,0.1608
0.027043553759382055,0.16090000000000002
0.025973177763412014,0.161
0.025033239761124593,0.16110000000000002
0.02429633367476436,0.1612
0.023947531545988276,0.1613
0.024018583474532784,0.16140000000000002
0.024360683018746387,0.1615
0.024882460643512516,0.16160000000000002
0.02580847369000283,0.1617
0.02714975829234767,0.1618
0.02890469565248832,0.16190000000000002
0.03105781175162492,0.162
0.03358383548711319,0.1621
0.03645174720138522,0.1622
0.03962550449790392,0.1623
0.043044977088840586,0.16240000000000002
0.046643766525179986,0.1625
0.05039333226678888,0.1626
0.05426908920545803,0.1627
0.05822919484469269,0.1628
0.062231848852735805,0.16290000000000002
0.06623255475070378,0.163
0.07019182560595993,0.1631
0.07407344800807603,0.1632
0.07784277099996728,0.1633
0.08146938223672484,0.16340000000000002
0.08492384870897574,0.1635
0.08818052940318677,0.1636
0.09121538414107144,0.1637
0.0940082606386351,0.1638
0.09654088051104115,0.16390000000000002
0.09879814064251458,0.164
0.10076718430064757,0.1641
0.10243697360440807,0.1642
0.10379920579477742,0.1643
0.10484650659309525,0.16440000000000002
0.10557427668449748,0.1645
0.10597845512746829,0.1646
0.10605734533588518,0.1647
0.10580987196054448,0.1648
0.10523703273541796,0.16490000000000002
0.1043410427212712,0.165
0.10312608958218028,0.1651
0.10096104215634538,0.1652
0.09788912136431505,0.1653
0.09468205287702292,0.16540000000000002
0.0913716898035537,0.1655
0.08798319266727606,0.1656
0.08453176460372602,0.16570000000000001
0.08103477047865182,0.1658
0.07747973715511036,0.16590000000000002
0.07384633154865283,0.166
0.07021431273491896,0.1661
0.06661299739363169,0.16620000000000001
0.06306853370333598,0.1663
0.05951744065766351,0.16640000000000002
0.05595793308992936,0.1665
0.0525044095496805,0.1666
0.0489728992972811,0.16670000000000001
0.045563299610396735,0.1668
0.04230758241089161,0.16690000000000002
0.0389773635947257,0.167
0.03582895587899171,0.1671
0.03273748992505188,0.16720000000000002
0.029738591436356376,0.1673
0.026997584015230336,0.16740000000000002
0.0245555166934448,0.1675
0.022441129776980873,0.1676
0.020659879248962953,0.16770000000000002
0.018852608908286106,0.1678
0.017398380982507122,0.16790000000000002
0.0163561065377682,0.168
0.015689049880694972,0.1681
0.015271995226868063,0.16820000000000002
0.01523159005696284,0.1683
0.01567397801596404,0.16840000000000002
0.016623603752486282,0.1685
0.018084979337133378,0.1686
0.020043696938217614,0.16870000000000002
0.02247298461425018,0.1688
0.025336081277534284,0.1689
0.02858951853870173,0.169
0.03218464366521556,0.1691
0.03604860529635401,0.16920000000000002
0.04010403317285882,0.1693
0.044316099516031215,0.1694
0.04865734987393333,0.1695
0.05308456156477104,0.1696
0.05755620657697991,0.16970000000000002
0.06202860407467292,0.1698
0.06646363579271908,0.1699
0.07082604260337211,0.17
0.07508171714763012,0.1701
0.07920035913837398,0.17020000000000002
0.08315254451240972,0.1703
0.08691279701641808,0.1704
0.09045743382135363,0.1705
0.09376682558371763,0.1706
0.0968230717491193,0.17070000000000002
0.09961126104736018,0.1708
0.10211830707287739,0.1709
0.10433254457905494,0.171
0.10624449787007983,0.1711
0.10784509248376328,0.17120000000000002
0.10912751900284379,0.1713
0.1100851565319515,0.1714
0.11071359223705746,0.1715
0.11100904365544695,0.1716
0.11096994767887225,0.17170000000000002
0.11059612558410536,0.1718
0.10988958714873254,0.1719
0.10725381438585369,0.17200000000000001
0.1043564895915452,0.1721
0.10132058281579837,0.17220000000000002
0.09817696359559225,0.1723
0.09493981900876525,0.1724
0.09162621334109677,0.17250000000000001
0.08825480688165699,0.1726
0.08484931481550406,0.17270000000000002
0.08143605158399825,0.1728
0.07802313206646372,0.1729
0.07451997016509149,0.17300000000000001
0.07106242934795581,0.1731
0.06766727773529324,0.17320000000000002
0.06419240806633975,0.1733
0.06081636372000865,0.1734
0.057569967098199726,0.17350000000000002
0.0544776155306097,0.1736
0.05135868312285141,0.17370000000000002
0.04833090478468072,0.1738
0.04533537854836789,0.1739
0.04238322572238795,0.17400000000000002
0.039645446461697764,0.1741
0.03687473729778534,0.17420000000000002
0.034260495079604825,0.1743
0.03173677978225631,0.1744
0.02930665974740254,0.17450000000000002
0.02718269446171573,0.1746
0.02541234752400734,0.17470000000000002
0.024028156621386243,0.1748
0.022988407146465883,0.1749
0.02198667214156602,0.17500000000000002
0.021383749438496524,0.1751
0.02122225220123619,0.1752
0.021420053276828943,0.1753
0.02181395575290246,0.1754
0.02259073918413934,0.17550000000000002
0.023817390768916535,0.1756
0.025499609388278444,0.1757
0.027626380645272564,0.1758
0.030173476241407204,0.1759
0.03310872173565338,0.17600000000000002
0.03639374584700383,0.1761
0.03996509028504058,0.1762
0.043752323882376265,0.1763
0.04772088947784314,0.1764
0.05184066232015283,0.17650000000000002
0.05606484725455241,0.1766
0.06034722205606946,0.1767
0.06463923845755748,0.1768
0.06889790465343826,0.1769
0.07308404475896135,0.17700000000000002
0.07716070945898934,0.1771
0.08109567928517392,0.1772
0.08485792400231906,0.1773
0.08842029114152472,0.1774
0.09175694009392377,0.17750000000000002
0.09484587197371075,0.1776
0.09766675832011451,0.1777
0.10019898998419852,0.1778
0.10241361762161738,0.1779
0.1042948065923488,0.17800000000000002
0.10585195032287054,0.1781
0.10708209556918658,0.1782
0.10797553514275715,0.17830000000000001
0.10853448875608718,0.1784
0.1087707328248122,0.17850000000000002
0.10868516777743276,0.1786
0.10826150038539506,0.1787
0.10749712297692271,0.17880000000000001
0.10639958406941563,0.1789
0.10351514045157084,0.17900000000000002
0.10034252845793001,0.1791
0.09704803889728164,0.1792
0.09366531004060563,0.17930000000000001
0.09021085572610688,0.1794
0.0867029902362968,0.17950000000000002
0.08316143281944521,0.1796
0.07952735335063887,0.1797
0.07585333271910921,0.17980000000000002
0.07220327106534297,0.1799
0.06852161575162286,0.18000000000000002
0.0648230483257708,0.1801
0.06120188227759904,0.1802
0.05768632208585056,0.18030000000000002
0.05422417435685278,0.1804
0.05073397294836379,0.18050000000000002
0.04737297082255032,0.1806
0.043910781720242875,0.1807
0.04061474672421639,0.18080000000000002
0.0373658465315958,0.1809
0.034161304208886856,0.18100000000000002
0.03107919642411283,0.1811
0.028019857566018658,0.1812
0.025233554092172206,0.18130000000000002
0.022768278676254416,0.1814
0.020657687140728243,0.18150000000000002
0.01885358797589909,0.1816
0.017084876609096744,0.1817
0.01570272374172399,0.18180000000000002
0.01476950546052258,0.1819
0.014190983323669526,0.182
0.013863485535327458,0.1821
0.013992531665627084,0.1822
0.014638802037700627,0.18230000000000002
0.015823641107422626,0.1824
0.01754477679312294,0.1825
0.019780798947262035,0.1826
0.0224981095892558,0.1827
0.02565363621437089,0.18280000000000002
0.029197848393079484,0.1829
0.03307685567207397,0.183
0.0372119842548877,0.1831
0.041520950516056976,0.1832
0.045967982011910546,0.18330000000000002
0.05052528158059011,0.1834
0.055148585809602135,0.1835
0.05979555416944171,0.1836
0.06442186465571043,0.1837
0.0689892180033368,0.18380000000000002
0.07346269192638488,0.1839
0.0778086051640311,0.184
0.08199752480444533,0.1841
0.0860007530243404,0.1842
0.08979366024409752,0.18430000000000002
0.0933531555926792,0.1844
0.09666014005252965,0.1845
0.09969702091379129,0.18460000000000001
0.10244541719318867,0.1847
0.10487810794155406,0.18480000000000002
0.10698013276166152,0.1849
0.10876121741635836,0.185
0.11021783188693057,0.18510000000000001
0.11133936238032882,0.1852
0.11212319273421512,0.18530000000000002
0.11256980601427247,0.1854
0.1126889944492756,0.1855
0.11248381341384339,0.18560000000000001
0.11193746529777937,0.1857
0.10958267042303527,0.18580000000000002
0.10668154912317518,0.1859
0.10361483189065712,0.186
0.10041944197004149,0.18610000000000002
0.0971134663035278,0.1862
0.0937160684013616,0.18630000000000002
0.09024844180231184,0.1864
0.08673608080121598,0.1865
0.08320722840097639,0.18660000000000002
0.07969097743316667,0.1867
0.07621521197427339,0.18680000000000002
0.07270728315766561,0.1869
0.06919363262802802,0.187
0.0657732303585511,0.18710000000000002
0.06234395784135227,0.1872
0.0589490535278121,0.18730000000000002
0.05569544926956205,0.1874
0.05260899317729484,0.1875
0.04952923893654848,0.18760000000000002
0.046499095707843274,0.1877
0.04349570698003857,0.18780000000000002
0.04053657511639752,0.1879
0.037809333371467524,0.188
0.03500372493712445,0.18810000000000002
0.03240790372175062,0.1882
0.0298306250570759,0.1883
0.027426817791992963,0.1884
0.025358377179822478,0.1885
0.023672940011617127,0.18860000000000002
0.022401737788334763,0.1887
0.021272008109819884,0.1888
0.020388146234697313,0.1889
0.019938656656939724,0.189
0.019934422028495602,0.18910000000000002
0.020154204261881414,0.1892
0.020687991599624533,0.1893
0.02168457947791813,0.1894
0.023158612871339912,0.1895
0.025106836705290236,0.18960000000000002
0.027509651629084475,0.1897
0.030336416495923002,0.1898
0.03354965426129053,0.1899
0.03710562562594788,0.19
0.04093479765823771,0.19010000000000002
0.044961088252174264,0.1902
0.04914796077435768,0.1903
0.05346405660233566,0.1904
0.05786136843039302,0.1905
0.06229297368244002,0.19060000000000002
0.06671028585750693,0.1907
0.07107091258328513,0.1908
0.07533671572431666,0.19090000000000001
0.07947186602008272,0.191
0.08344538752689368,0.19110000000000002
0.08722739137562108,0.1912
0.09079178415438838,0.1913
0.09411373509397325,0.19140000000000001
0.09717210125007825,0.1915
0.09994366728124815,0.19160000000000002
0.10239756338562012,0.1917
0.10451646462398734,0.1918
0.10630797383960189,0.19190000000000002
0.10776887806938051,0.192
0.10888718960118449,0.19210000000000002
0.10966185672471773,0.1922
0.1100932010044533,0.1923
0.11019296145563096,0.19240000000000002
0.10996422780994575,0.1925
0.10939030768575408,0.19260000000000002
0.10846844844942294,0.1927
0.10571106776363681,0.1928
0.1025651168635684,0.19290000000000002
0.09928005525620942,0.193
0.09589123007716349,0.19310000000000002
0.09241625761656691,0.1932
0.08887433697709668,0.1933
0.08528617478003409,0.19340000000000002
0.08167720610589058,0.1935
0.07807561182449296,0.19360000000000002
0.07436108237550387,0.1937
0.07068079520227466,0.1938
0.0670697381553238,0.19390000000000002
0.0633664440782703,0.194
0.05974537490278653,0.19410000000000002
0.05624400056578427,0.1942
0.052884634422055266,0.1943
0.049411157280427664,0.19440000000000002
0.04608747831207283,0.1945
0.04266426521955302,0.19460000000000002
0.0393849330836995,0.1947
0.036151957367784204,0.1948
0.0329611640029126,0.19490000000000002
0.029852606398011572,0.195
0.02681113089391718,0.1951
0.02406009670003595,0.1952
0.02164801370737579,0.1953
0.019610382025827988,0.19540000000000002
0.017779711177413615,0.1955
0.016103974056263404,0.1956
0.014844960951989616,0.1957
0.014052174655883265,0.1958
0.013534590240114497,0.19590000000000002
0.01333965779533397,0.196
0.013648570928020964,0.1961
0.014496482111358677,0.1962
0.01589752275763856,0.1963
0.017841207310213214,0.19640000000000002
0.020300120213490702,0.1965
0.023235330450204872,0.1966
0.026599908475550826,0.1967
0.030340698407415934,0.1968
0.03440165563999309,0.19690000000000002
0.038700985291793444,0.197
0.043154491746685286,0.1971
0.0477268308782508,0.19720000000000001
0.052391029288708424,0.1973
0.057102887271918146,0.19740000000000002
0.061820292224320283,0.1975
0.06649927719059956,0.1976
0.07110205917998658,0.19770000000000001
0.0755946905206708,0.1978
0.07994417984260571,0.19790000000000002
0.08412230910595919,0.198
0.08810112104938461,0.1981
0.0918570659596546,0.19820000000000002
0.09536759568526199,0.1983
0.09861431895536477,0.19840000000000002
0.10157621164038777,0.1985
0.10422445879770781,0.1986
0.10654291894953749,0.19870000000000002
0.10853944655392456,0.1988
0.11021063625641969,0.19890000000000002
0.11154364996402133,0.199
0.11253636614814522,0.1991
0.11318410622245778,0.19920000000000002
0.11348746851247882,0.1993
0.11345842338623324,0.19940000000000002
0.113100001518742,0.1995
0.11146351816963551,0.1996
0.1086403348596463,0.19970000000000002
0.10562306538686272,0.1998
0.10246000740841743,0.19990000000000002
0.09917349036608614,0.2
0.09578094173989671,0.2001
0.09230368316164406,0.20020000000000002
0.08876675118166888,0.2003
0.08519881250604333,0.20040000000000002
0.08162976969534663,0.2005
0.07808880704770405,0.2006
0.07460328552985518,0.20070000000000002
0.0711017318640369,0.2008
0.06759279118260975,0.20090000000000002
0.06419094528133396,0.201
0.060781326441481154,0.2011
0.05741155346729343,0.20120000000000002
0.05419300563822782,0.2013
0.051151755002468935,0.20140000000000002
0.04805903245768417,0.2015
0.04507288746446925,0.2016
0.04203030297618682,0.20170000000000002
0.03911385495399755,0.2018
0.03635264115709935,0.2019
0.03355267708116649,0.202
0.030970841417413908,0.2021
0.02833618615490252,0.20220000000000002
0.026007633929462592,0.2023
0.024045959893027602,0.2024
0.022491112776949818,0.2025
0.021298430241451616,0.2026
0.02014707076657185,0.20270000000000002
0.019410919195641085,0.2028
0.01913775410440377,0.2029
0.019214812514940283,0.203
0.019502389654875385,0.2031
0.020232487637904306,0.20320000000000002
0.021446281125214073,0.2033
0.023151075555163825,0.2034
0.02533445945145174,0.20350000000000001
0.027969857629294603,0.2036
0.031022156596112405,0.20370000000000002
0.03444944388079296,0.2038
0.03820435783057552,0.2039
0.04221312176657599,0.20400000000000001
0.046396351271012604,0.2041
0.05071708396963159,0.20420000000000002
0.05514448651629422,0.2043
0.05963061993347751,0.2044
0.06412920679305512,0.20450000000000002
0.06859268635647886,0.2046
0.07298004176006889,0.20470000000000002
0.07725481534151435,0.2048
0.08138250522836887,0.2049
0.08533358580368722,0.20500000000000002
0.08907910542008779,0.2051
0.09259409342186808,0.20520000000000002
0.09585452168093345,0.2053
0.09883654432321898,0.2054
0.10150684307772195,0.20550000000000002
0.103846602959896,0.2056
0.1058622660986448,0.20570000000000002
0.10754848949256035,0.2058
0.10889298455260499,0.2059
0.10989236567661387,0.20600000000000002
0.11054364598049926,0.2061
0.11084685077537315,0.20620000000000002
0.1108158394437726,0.2063
0.11045321600140734,0.2064
0.10974216806650172,0.20650000000000002
0.10774352830945144,0.2066
0.10468626451473484,0.20670000000000002
0.10145919031567086,0.2068
0.09811004062867534,0.2069
0.0946617075883599,0.20700000000000002
0.09113235042736356,0.2071
0.08754296324289068,0.20720000000000002
0.08391793259548874,0.2073
0.08028529831554798,0.2074
0.07667442873882824,0.20750000000000002
0.07297093973874469,0.2076
0.06929739897791554,0.20770000000000002
0.06570493785983267,0.2078
0.062031783990794676,0.2079
0.058441841719644616,0.20800000000000002
0.05498214716187366,0.2081
0.051663374802829454,0.2082
0.04823280926546358,0.2083
0.04495984854280821,0.2084
0.041545942926806356,0.20850000000000002
0.03831780443042687,0.2086
0.03507686392270548,0.2087
0.031940866968445336,0.2088
0.028809438758181205,0.2089
0.02583240077834259,0.20900000000000002
0.023164633868079543,0.2091
0.020852146506406433,0.2092
0.01892975417245979,0.2093
0.017089358993677806,0.2094
0.015536251242244337,0.20950000000000002
0.01442527969937335,0.2096
0.013736847603595947,0.2097
0.013315295768747903,0.20980000000000001
0.013288664467053124,0.2099
0.013782052599228711,0.21000000000000002
0.014825190717303371,0.2101
0.01642432262130633,0.2102
0.0185625068541988,0.21030000000000001
0.021207777420683582,0.2104
0.02431760010863293,0.21050000000000002
0.027842119415391275,0.2106
0.03172644161657012,0.2107
0.035890281068164276,0.21080000000000002
0.04024919082871192,0.2109
0.044763997529962296,0.21100000000000002
0.04940377979161337,0.2111
0.05412152348800059,0.2112
0.05887249630793123,0.21130000000000002
0.06361036950169485,0.2114
0.06829525040391093,0.21150000000000002
0.07289099794370935,0.2116
0.0773630157399201,0.2117
0.08168107422764626,0.21180000000000002
0.0858155513073835,0.2119
0.08974078501322824,0.21200000000000002
0.09343236116899678,0.2121
0.09686987042688777,0.2122
0.10003058047301872,0.21230000000000002
0.10288404594002787,0.2124
0.10541262324164513,0.21250000000000002
0.10762294686074403,0.2126
0.10951044408006994,0.2127
0.11106140227808603,0.21280000000000002
0.11227264231651723,0.2129
0.11313869354762152,0.21300000000000002
0.1136558224090195,0.2131
0.11382567068320648,0.2132
0.11366061600610822,0.21330000000000002
0.11316026606010166,0.2134
0.11043297288455955,0.21350000000000002
0.10749884830749346,0.2136
0.10442303682230991,0.2137
0.10119315693352304,0.21380000000000002
0.09784428238871323,0.2139
0.09439653307423934,0.21400000000000002
0.09087242819413366,0.2141
0.08729995380848787,0.2142
0.08370934904431326,0.21430000000000002
0.0801311564197511,0.2144
0.07659413800164527,0.21450000000000002
0.07312507119681622,0.2146
0.06960782143415767,0.2147
0.06612571241320597,0.21480000000000002
0.06276204398547491,0.2149
0.05933637123542845,0.215
0.056007767712523915,0.2151
0.05284208628012843,0.2152
0.04984150082298,0.21530000000000002
0.04672437233384863,0.2154
0.043759774441685995,0.2155
0.040689623598642255,0.2156
0.03783971989149615,0.2157
0.035000071307557334,0.21580000000000002
0.03227234483942287,0.2159
0.029616313124455118,0.216
0.027071999848939265,0.21610000000000001
0.024860428935580936,0.2162
0.023035734065776525,0.21630000000000002
0.02163306530163034,0.2164
0.020384141454267812,0.2165
0.01937820785347233,0.21660000000000001
0.01881361511973445,0.2167
0.018692238066291278,0.21680000000000002
0.018805366042800475,0.2169
0.01925680854424372,0.217
0.020187740300445345,0.21710000000000002
0.021614819482453917,0.2172
0.023536183293336288,0.21730000000000002
0.02593177201914565,0.2174
0.028770507598649075,0.2175
0.03201337457122744,0.21760000000000002
0.035615312095181206,0.2177
0.0395048375579754,0.21780000000000002
0.043604051778817654,0.2179
0.047874184646360174,0.218
0.05228203481195548,0.21810000000000002
0.05677793928398134,0.2182
0.06131363528897471,0.21830000000000002
0.0658395490438578,0.2184
0.07031244637114975,0.2185
0.07469366539032185,0.21860000000000002
0.0789467004974771,0.2187
0.08304017298667776,0.21880000000000002
0.08694348894097503,0.2189
0.09063013443626244,0.219
0.09407452514168335,0.21910000000000002
0.09725502217824511,0.2192
0.1001476181420794,0.21930000000000002
0.10272072795566711,0.2194
0.10495633624889655,0.2195
0.10686174502227164,0.21960000000000002
0.10843330868427048,0.2197
0.10965844031911354,0.21980000000000002
0.11053572982292281,0.2199
0.11106154723374906,0.22
0.1112375239434309,0.22010000000000002
0.11107675425892438,0.2202
0.11058305860412021,0.22030000000000002
0.10964548795636597,0.2204
0.10670809717757013,0.2205
0.10356530877538761,0.22060000000000002
0.10028249888277185,0.2207
0.09688962526543421,0.22080000000000002
0.09340213042143508,0.2209
0.0898401178444942,0.221
0.08622566327805326,0.22110000000000002
0.08258589349447587,0.2212
0.07895024209086177,0.22130000000000002
0.07534856455873806,0.2214
0.07163654804967257,0.2215
0.06798502247148319,0.22160000000000002
0.06441422920042905,0.2217
0.060754228117082865,0.2218
0.05720449828330176,0.22190000000000001
0.05379467466716514,0.222
0.05047336216340903,0.22210000000000002
0.047094224236191806,0.2222
0.04380485963483394,0.2223
0.04044852090799189,0.22240000000000001
0.03729150769881229,0.2225
0.03402475831198637,0.22260000000000002
0.030963033544338936,0.2227
0.027806677646251776,0.2228
0.024917366895085724,0.22290000000000001
0.022357842556431695,0.223
0.020169304264669785,0.22310000000000002
0.018351826876430666,0.2232
0.0165401737666111,0.2233
0.015128576108740077,0.22340000000000002
0.014181868308943635,0.2235
0.013607072743731852,0.22360000000000002
0.013288324576305577,0.2237
0.013437656753965133,0.2238
0.014119994951507175,0.22390000000000002
0.015358328700220802,0.224
0.017150240655895876,0.22410000000000002
0.019472601342261253,0.2242
0.022289584785435856,0.2243
0.025555855447135567,0.22440000000000002
0.029219588638089267,0.2245
0.03322473261601866,0.22460000000000002
0.037489639867697155,0.2247
0.04192904694927502,0.2248
0.046505152569152663,0.22490000000000002
0.051188393791490316,0.225
0.055932506689173156,0.22510000000000002
0.060693632554827626,0.2252
0.06542628543850315,0.2253
0.07009161399605668,0.22540000000000002
0.07465454349727407,0.2255
0.07908143147489188,0.22560000000000002
0.08334301284790135,0.2257
0.08741054640378432,0.2258
0.0912592623384253,0.22590000000000002
0.09486560578201297,0.226
0.09820997822911792,0.22610000000000002
0.1012703396763015,0.2262
0.10401677844683099,0.2263
0.10643224905146376,0.22640000000000002
0.10852409315161216,0.2265
0.11028831823943919,0.22660000000000002
0.11171171911048472,0.2267
0.11279174925661173,0.2268
0.11352356385819373,0.22690000000000002
0.1139040635160351,0.227
0.11393551422360093,0.22710000000000002
0.11363071539783931,0.2272
0.11213652454611112,0.2273
0.10931817251808618,0.22740000000000002
0.10632154948078587,0.2275
0.10319690604522724,0.22760000000000002
0.0999118861574575,0.2277
0.09651337515706504,0.2278
0.0930232293722626,0.22790000000000002
0.0894669617539744,0.228
0.08587405592108122,0.2281
0.08227526004108843,0.22820000000000001
0.07870046844634426,0.2283
0.07517766393550418,0.22840000000000002
0.07172754674542092,0.2285
0.06817881040595608,0.2286
0.0647309453272501,0.22870000000000001
0.0613746807225477,0.2288
0.05795550337126443,0.22890000000000002
0.05467967818165098,0.229
0.05157674318564465,0.2291
0.048527899206047165,0.22920000000000001
0.04547364172234225,0.2293
0.04244999778041203,0.22940000000000002
0.03944824122283164,0.2295
0.03666539659184487,0.2296
0.03376472737753744,0.22970000000000002
0.031118748396787188,0.2298
0.02837846621267559,0.22990000000000002
0.025934864622899623,0.23
0.02385532986633332,0.2301
0.02218235629744103,0.23020000000000002
0.020902379778668267,0.2303
0.01963835519570334,0.23040000000000002
0.018788609131316525,0.2305
0.018403838369928094,0.2306
0.018382398047528836,0.23070000000000002
0.01858043708390067,0.2308
0.019219200142163384,0.23090000000000002
0.020350610129550528,0.231
0.02198459530804664,0.2311
0.024110694229944496,0.23120000000000002
0.02670303560788545,0.2313
0.02972668902412945,0.23140000000000002
0.033139375911065416,0.2315
0.03689318967753952,0.2316
0.04091368064105816,0.23170000000000002
0.04512057539555925,0.2318
0.04947557347409437,0.23190000000000002
0.05394653740965927,0.232
0.058484574767507125,0.2321
0.06304251095431057,0.23220000000000002
0.06757214833115766,0.2323
0.07203185430224412,0.23240000000000002
0.07638471767945643,0.2325
0.08059573780975826,0.2326
0.08463492985886267,0.23270000000000002
0.08847277957265687,0.2328
0.09208375022513937,0.23290000000000002
0.0954431747520631,0.233
0.09852656918893243,0.2331
0.10129994314962476,0.23320000000000002
0.10374384159993533,0.2333
0.105864173592354,0.23340000000000002
0.10765506099816635,0.2335
0.10910371068455027,0.2336
0.11020624186997618,0.23370000000000002
0.110959238543623,0.2338
0.11135889843248736,0.23390000000000002
0.11140894613460517,0.234
0.11112194666538067,0.2341
0.1105012479269093,0.23420000000000002
0.10866520271838687,0.2343
0.10564452991269146,0.23440000000000003
0.1024456142808422,0.23450000000000001
0.0991179351439958,0.2346
0.09568435298036326,0.23470000000000002
0.09216223499653942,0.2348
0.08857278045773753,0.2349
0.0849408471792813,0.23500000000000001
0.08129504765143636,0.2351
0.07766530900016388,0.23520000000000002
0.0740425386248521,0.2353
0.07034654900315496,0.2354
0.06672359743582035,0.23550000000000001
0.06313906285004989,0.2356
0.05951781512554888,0.23570000000000002
0.05601769544617485,0.2358
0.05266613675863829,0.2359
0.04933185365777515,0.23600000000000002
0.04601217519243783,0.2361
0.042700083703939296,0.23620000000000002
0.03940969598411992,0.2363
0.03625322832625555,0.2364
0.033037944957193366,0.23650000000000002
0.029962099153618915,0.2366
0.026888054276738016,0.23670000000000002
0.02410478245629788,0.2368
0.021665785970662155,0.2369
0.01961035869331207,0.23700000000000002
0.017801579814591406,0.2371
0.016125876492522284,0.23720000000000002
0.014871372109410697,0.2373
0.014093602667581528,0.2374
0.013593307220398199,0.23750000000000002
0.013413132932511118,0.2376
0.01374013120713391,0.23770000000000002
0.014609981628534108,0.2378
0.016037142604668375,0.2379
0.01801127768151911,0.23800000000000002
0.020504346390082917,0.2381
0.023477383302039634,0.23820000000000002
0.026882777632311727,0.2383
0.030667290249059675,0.2384
0.03477404000411233,0.23850000000000002
0.03912054444351809,0.2386
0.043621197888459085,0.23870000000000002
0.048239863106585235,0.2388
0.05294848696973409,0.2389
0.05770191968805949,0.23900000000000002
0.062457313286933935,0.2391
0.06717014030292712,0.23920000000000002
0.07180252457643632,0.2393
0.07632036721928315,0.2394
0.08069089650583006,0.23950000000000002
0.08488577014812138,0.2396
0.08887713014815113,0.23970000000000002
0.09264107150621015,0.2398
0.09615487566450764,0.2399
0.09939593362984411,0.24000000000000002
0.1023320933081211,0.2401
0.10494507433626288,0.24020000000000002
0.10724112412327091,0.2403
0.10921428892833995,0.2404
0.11085138417694318,0.24050000000000002
0.11214761399045103,0.2406
0.11309836348006219,0.24070000000000003
0.11369857219540758,0.24080000000000001
0.11395062535157874,0.2409
0.11386607977719398,0.24100000000000002
0.11344726877418276,0.2411
0.11107743237258605,0.2412
0.10817531648324163,0.24130000000000001
0.1051209168291124,0.2414
0.10193406359685508,0.24150000000000002
0.09859696570936483,0.2416
0.09515474500295462,0.2417
0.09163044995595626,0.24180000000000001
0.08805183827540519,0.2419
0.08444911601206229,0.24200000000000002
0.08085307886036508,0.2421
0.07729292888588046,0.2422
0.07379584224175728,0.24230000000000002
0.07031204824757897,0.2424
0.06679766699976875,0.24250000000000002
0.06339461351217568,0.2426
0.06000086873260568,0.2427
0.05662793159878299,0.24280000000000002
0.05340948879895535,0.2429
0.05037254748902731,0.24300000000000002
0.0472569992654257,0.2431
0.04426796154556145,0.2432
0.04116765286318236,0.24330000000000002
0.03824100616411008,0.2434
0.035388224324278905,0.24350000000000002
0.03257642664776994,0.2436
0.02988346918079099,0.2437
0.02724529644571083,0.24380000000000002
0.024931125585719416,0.2439
0.022998004382265735,0.24400000000000002
0.021483595845873227,0.2441
0.02017377158885192,0.2442
0.019060234866088654,0.24430000000000002
0.01838364336017939,0.2444
0.018168024265519334,0.24450000000000002
0.01819531304496813,0.2446
0.018544412565834056,0.2447
0.019376067090262294,0.24480000000000002
0.020709948267179756,0.2449
0.02254728498913905,0.24500000000000002
0.024869822347142634,0.2451
0.027647360495342665,0.2452
0.030841356282311327,0.24530000000000002
0.03440688891434007,0.2454
0.03827273497118022,0.24550000000000002
0.04236093787018613,0.2456
0.046631857441714386,0.2457
0.051051248553650064,0.24580000000000002
0.05556888052952136,0.2459
0.0601357561330127,0.24600000000000002
0.06470173262522216,0.2461
0.06922286694861102,0.2462
0.07365987369968263,0.24630000000000002
0.0779756341998179,0.2464
0.08213818644520487,0.24650000000000002
0.08611640202150006,0.2466
0.08988319171401815,0.2467
0.09341243118685583,0.24680000000000002
0.09668185826057141,0.2469
0.09966690678015011,0.24700000000000003
0.10233538396078301,0.24710000000000001
0.10466871852416537,0.2472
0.1066736424377257,0.24730000000000002
0.10834601401891264,0.2474
0.10967276928374003,0.24750000000000003
0.1106519905851181,0.24760000000000001
0.11127959262566756,0.2477
0.11155674771307922,0.24780000000000002
0.11149628834125347,0.2479
0.11110160859446505,0.248
0.11035542967505874,0.24810000000000001
0.10761622506519486,0.2482
0.10451616059110702,0.24830000000000002
0.10126571655741834,0.2484
0.0978988082008797,0.2485
0.09443194992605108,0.24860000000000002
0.09088479369797686,0.2487
0.0872789727658334,0.24880000000000002
0.08364110623292498,0.2489
0.08000053089033177,0.249
0.07638733283217491,0.24910000000000002
0.07274709295815285,0.2492
0.069079323608496,0.24930000000000002
0.06549498305626167,0.2494
0.06189989549063313,0.2495
0.05832134858751892,0.24960000000000002
0.054873265353430734,0.2497
0.051581627026251686,0.24980000000000002
0.048219159773297715,0.2499
0.04495994642010892,0.25
0.04160947604647536,0.2501
0.03838880087295937,0.25020000000000003
0.03519990747417623,0.2503
0.03206635794793411,0.2504
0.028968920600717096,0.2505
0.025990667477925777,0.2506
0.02332150354821283,0.25070000000000003
0.021010343532390063,0.2508
0.019094215271112214,0.2509
0.017288654592855668,0.251
0.015752607794552898,0.2511
0.014659944843137485,0.25120000000000003
0.013998479520364926,0.2513
0.013604385890479076,0.2514
0.013597504457841803,0.2515
0.014109404112099933,0.2516
0.01516986149788413,0.25170000000000003
0.016785164583240864,0.2518
0.018938725591323147,0.2519
0.021598576496673516,0.252
0.02472261058018521,0.2521
0.028261142035198805,0.25220000000000004
0.03215959546322966,0.2523
0.03633764219471525,0.2524
0.040710731246835996,0.2525
0.045239348564646065,0.2526
0.04989210483869644,0.25270000000000004
0.054621396041445,0.2528
0.05938189788316661,0.2529
0.06412686411694057,0.253
0.06881603923698232,0.2531
0.07341318385083273,0.25320000000000004
0.07788359095548769,0.2533
0.08219711530772977,0.2534
0.08632408621632315,0.2535
0.09023886792116931,0.2536
0.09391689947321236,0.25370000000000004
0.09733766532496291,0.2538
0.100478213074362,0.2539
0.10330787246781947,0.254
0.10580888314152659,0.2541
0.1079880003686271,0.25420000000000004
0.10984073888566837,0.2543
0.111353457878687,0.2544
0.11252320356304191,0.2545
0.11334472786446637,0.2546
0.11381457494328318,0.25470000000000004
0.11393464582268265,0.2548
0.11371756128808808,0.2549
0.11277009523622838,0.255
0.10999621282324756,0.2551
0.10702746977183542,0.25520000000000004
0.1039238095853241,0.2553
0.10067782763269184,0.2554
0.0972979646028167,0.2555
0.09382108617851126,0.2556
0.09027148727147549,0.25570000000000004
0.08667813478668374,0.2558
0.08307169036771855,0.2559
0.07948267882062854,0.256
0.0759397305547237,0.2561
0.07246939658490226,0.25620000000000004
0.06894101842894851,0.25630000000000003
0.06546055617716595,0.2564
0.06210262939153799,0.2565
0.058659834008379264,0.2566
0.055335092809573494,0.25670000000000004
0.05217701968138733,0.25680000000000003
0.04913954406784704,0.2569
0.04602840451161749,0.257
0.04301494744114298,0.2571
0.039949705506726385,0.25720000000000004
0.037110801195510135,0.25730000000000003
0.034194454498935434,0.2574
0.031471466914263946,0.2575
0.028714595084509353,0.2576
0.026182194839830863,0.2577
0.024001161931635817,0.25780000000000003
0.022218790861278315,0.2579
0.020866302707923667,0.258
0.019519122797455157,0.2581
0.018557992954560287,0.2582
0.018057114805657193,0.25830000000000003
0.017948074217219112,0.2584
0.01806807858897508,0.2585
0.01860016982951862,0.2586
0.01962576395939175,0.2587
0.021158566949246227,0.25880000000000003
0.023191441904155896,0.2589
0.02570079334019093,0.259
0.02865260852342244,0.2591
0.03200543419699975,0.2592
0.035711607006327695,0.25930000000000003
0.039697335996929484,0.2594
0.04388247738915685,0.2595
0.04822808141665358,0.2596
0.05270110956609475,0.2597
0.057252158729280245,0.25980000000000003
0.06183343843314837,0.2599
0.06639607814163873,0.26
0.0708977543498589,0.2601
0.07530070035565195,0.2602
0.07956928595106116,0.26030000000000003
0.0836727398562016,0.2604
0.0875810690940162,0.2605
0.09126808900570793,0.2606
0.09470872012394149,0.2607
0.09787788856406077,0.26080000000000003
0.10074118872309623,0.2609
0.1032785609737602,0.261
0.10549531197257944,0.2611
0.1073850090446603,0.2612
0.10893431776675921,0.26130000000000003
0.11013884135639807,0.2614
0.11099458651838667,0.2615
0.11149730979392125,0.2616
0.11165022122073454,0.2617
0.11146567594111023,0.26180000000000003
0.11094657609245662,0.2619
0.10955396434348419,0.262
0.10658883209821735,0.2621
0.1034299391803778,0.2622
0.10013429931684548,0.26230000000000003
0.09672810935493636,0.2624
0.093227899065353,0.2625
0.08965445005025197,0.2626
0.08603147373873887,0.2627
0.08238708880442336,0.26280000000000003
0.07875124118977672,0.2629
0.07515369627284718,0.263
0.07148045113704982,0.2631
0.06783886438233855,0.2632
0.06429132821151406,0.26330000000000003
0.06066649789398204,0.2634
0.057129241243388806,0.2635
0.05373272295289122,0.2636
0.050463193727234845,0.2637
0.04709768610751586,0.26380000000000003
0.04385295213509188,0.2639
0.04050892375205195,0.264
0.037364768624508216,0.2641
0.03414079556972638,0.2642
0.031092769535721043,0.26430000000000003
0.027974964430101723,0.2644
0.025098484655222908,0.2645
0.022551514350600987,0.2646
0.02037743573801354,0.2647
0.018602310990859294,0.26480000000000004
0.016811934021532693,0.2649
0.015421311962805717,0.265
0.014494922869442428,0.2651
0.013951626334951728,0.2652
0.013664487447488494,0.26530000000000004
0.013831635004760034,0.2654
0.014527957178081863,0.2655
0.015776554174217194,0.2656
0.017575664278875358,0.2657
0.019902672432859925,0.26580000000000004
0.02272232166102528,0.2659
0.025989757300433514,0.266
0.029653689496734748,0.2661
0.033658435932342856,0.2662
0.03792262502416355,0.26630000000000004
0.04236110763012224,0.2664
0.046935935298403564,0.2665
0.05161728674789301,0.2666
0.056358569226448774,0.2667
0.06111562776726742,0.26680000000000004
0.06584266387482474,0.2669
0.07050061606474267,0.267
0.07505420275918351,0.2671
0.07946970074289594,0.2672
0.08371774878265281,0.26730000000000004
0.08776957511937067,0.2674
0.09160033025412617,0.2675
0.0951863991083165,0.2676
0.09850809790707382,0.2677
0.10154331320998267,0.26780000000000004
0.10426204741984768,0.2679
0.10664725868350622,0.268
0.10870644878548241,0.2681
0.11043574344635954,0.2682
0.11182207688839041,0.26830000000000004
0.11286307883101188,0.2684
0.11355410414221812,0.2685
0.11389222837899893,0.2686
0.113879902862562,0.2687
0.11353005410570371,0.26880000000000004
0.11175178417994058,0.26890000000000003
0.10889948963413143,0.269
0.10587737526525365,0.2691
0.10273084288897905,0.2692
0.09942603765299285,0.26930000000000004
0.09600618519588788,0.26940000000000003
0.09249703571137335,0.2695
0.0889250194472373,0.2696
0.08532009369595683,0.2697
0.08171319178271386,0.26980000000000004
0.07813410331596704,0.26990000000000003
0.07461064736584777,0.27
0.07113885032331302,0.2701
0.06759157674444516,0.2702
0.064148901877782,0.27030000000000004
0.06076661968696817,0.27040000000000003
0.05735211522163097,0.2705
0.054084610057651306,0.2706
0.050992590070081834,0.2707
0.04789555701761472,0.27080000000000004
0.04484924081747166,0.27090000000000003
0.04176674907953015,0.271
0.038774205797049044,0.2711
0.03592464897399994,0.2712
0.03303700936368403,0.2713
0.03032909900740166,0.27140000000000003
0.02760421972169813,0.2715
0.025191892312190767,0.2716
0.023152233588424442,0.2717
0.02152547239765923,0.2718
0.02017963566099268,0.27190000000000003
0.018957890303654024,0.272
0.018164473927533287,0.2721
0.017847135821077664,0.2722
0.017808544386180403,0.2723
0.018044837034227657,0.27240000000000003
0.018761547952761415,0.2725
0.019982039607439717,0.2726
0.02171180713413312,0.2727
0.023935775300090167,0.2728
0.026625324745978673,0.27290000000000003
0.029743165232053004,0.273
0.03324515611389023,0.2731
0.037081546720187264,0.2732
0.04117621408682659,0.2733
0.04544749906544099,0.27340000000000003
0.04985726300756288,0.2735
0.05437397856461823,0.2736
0.058949181999994105,0.2737
0.06353644431300798,0.2738
0.0680881759618065,0.27390000000000003
0.07256358713282518,0.274
0.07692636849308399,0.2741
0.08114218656547789,0.2742
0.08518149088939964,0.2743
0.08901530990551554,0.27440000000000003
0.0926185105687729,0.2745
0.09596694778288806,0.2746
0.09903655920401122,0.2747
0.10179377963973779,0.2748
0.1042195537137739,0.27490000000000003
0.10632019507342017,0.275
0.10809014885379653,0.2751
0.10951682992891221,0.2752
0.11059658498924274,0.2753
0.1113260820635199,0.27540000000000003
0.11170164500719659,0.2755
0.1117270061824922,0.2756
0.11141478626508539,0.2757
0.11076834783966094,0.2758
0.10854598907774682,0.27590000000000003
0.10550604312912748,0.276
0.10229818505031318,0.2761
0.09896450907613852,0.2762
0.09552454145325806,0.2763
0.09199652044142448,0.27640000000000003
0.08840214975214689,0.2765
0.0847675898117154,0.2766
0.0811221858156409,0.2767
0.0774962003624331,0.2768
0.0738997352848394,0.27690000000000003
0.07021212069437155,0.277
0.06659939511030033,0.2771
0.06304783831470251,0.2772
0.0594388320641317,0.2773
0.055951825461288074,0.27740000000000004
0.05261503923936672,0.2775
0.04931805388369881,0.2776
0.04601366993092415,0.2777
0.042734199981307563,0.2778
0.0394586459833397,0.27790000000000004
0.03633599226502793,0.278
0.033135741537855035,0.2781
0.030092665816860542,0.2782
0.027034085812412734,0.2783
0.02426646137546462,0.27840000000000004
0.02184454224224819,0.2785
0.01980844390630665,0.2786
0.01804288485960792,0.2787
0.016391990254698285,0.2788
0.015161481282911504,0.27890000000000004
0.014410477845624658,0.279
0.013949981966369762,0.2791
0.013791013645855443,0.2792
0.014135687475686609,0.2793
0.015019208715926657,0.27940000000000004
0.01645626587296589,0.2795
0.018436922083056917,0.2796
0.020933511611369138,0.2797
0.02390762647984679,0.2798
0.027312218602348004,0.27990000000000004
0.03109460319203916,0.28
0.03517620256363796,0.2801
0.039473567071019566,0.2802
0.0439454955437375,0.2803
0.04855878877157371,0.28040000000000004
0.053264514849931555,0.2805
0.058015976216223786,0.2806
0.06276526005181848,0.2807
0.06747086816822034,0.2808
0.0720955202274105,0.28090000000000004
0.07660356294539683,0.281
0.08096401267994935,0.2811
0.08514626690085214,0.2812
0.08912378838983337,0.2813
0.0928709576184189,0.28140000000000004
0.09636630561992399,0.28150000000000003
0.09958594467978932,0.2816
0.10249846768404636,0.2817
0.10508541189746445,0.2818
0.10735293238515675,0.28190000000000004
0.10929607084992266,0.28200000000000003
0.110900769271987,0.2821
0.11216368321193726,0.2822
0.11307914024275456,0.2823
0.11364333090736489,0.28240000000000004
0.11385773178994318,0.28250000000000003
0.11373476229412172,0.2826
0.11327634422722532,0.2827
0.11071997144669121,0.2828
0.10778881274478402,0.28290000000000004
0.1047118105295991,0.28300000000000003
0.10150177945594652,0.2831
0.09814565747281956,0.2832
0.09468731096214722,0.2833
0.09114964452006324,0.28340000000000004
0.08756055358416448,0.28350000000000003
0.08395026569647668,0.2836
0.08034957545741161,0.2837
0.0767876117416123,0.2838
0.07329149130999879,0.28390000000000004
0.06978180191673866,0.28400000000000003
0.06627010744754447,0.2841
0.0628732834352761,0.2842
0.059450861747778916,0.2843
0.056084266980965136,0.2844
0.05287584894373443,0.28450000000000003
0.04985134999674323,0.2846
0.04669016662231407,0.2847
0.043689369296261216,0.2848
0.040560369293036524,0.2849
0.03764866663802113,0.28500000000000003
0.034737556785897405,0.2851
0.031939607764739586,0.2852
0.029174415916691343,0.2853
0.026554359175503972,0.2854
0.024271408181443688,0.28550000000000003
0.022377545801691046,0.2856
0.020907717365576062,0.2857
0.019534071469639258,0.2858
0.01846218084361162,0.2859
0.017841142661730647,0.28600000000000003
0.017644165166799564,0.2861
0.017685340636976354,0.2862
0.01810090473355319,0.2863
0.019008435036941718,0.2864
0.020425677754103422,0.28650000000000003
0.02234965141267109,0.2866
0.024759640746961686,0.2867
0.02762306465049691,0.2868
0.03089963985298194,0.2869
0.034542423141663114,0.28700000000000003
0.03847845706157438,0.2871
0.04262817826874965,0.2872
0.04695188467355793,0.2873
0.05141572596753807,0.2874
0.05596976526824937,0.28750000000000003
0.06056563024334216,0.2876
0.06515369640111612,0.2877
0.06969083471787685,0.2878
0.07413834040175704,0.2879
0.0784598218905107,0.28800000000000003
0.08262375459300975,0.2881
0.0865995563497105,0.2882
0.09036046740475667,0.2883
0.0938808188735496,0.2884
0.09713872197115958,0.28850000000000003
0.1001100262988438,0.2886
0.10276291435833684,0.2887
0.10507912596759217,0.2888
0.10706575310327215,0.2889
0.10871881177502907,0.28900000000000003
0.11002549138910755,0.2891
0.11098393952961016,0.2892
0.11159028585294262,0.2893
0.11184568539843331,0.2894
0.11176309966404119,0.28950000000000004
0.11134588793108202,0.2896
0.11042052363791943,0.2897
0.10751888213995708,0.2898
0.10440771422680395,0.2899
0.10115153821688383,0.29000000000000004
0.09777980464239233,0.2901
0.09430802630716106,0.2902
0.09075643431226188,0.2903
0.08714744508552186,0.2904
0.08350854449267664,0.29050000000000004
0.07986952621715682,0.2906
0.0762605621401986,0.2907
0.07264186105956683,0.2908
0.06898173653325468,0.2909
0.06540647471486605,0.29100000000000004
0.06183726754500751,0.2911
0.0582693237488312,0.2912
0.05483268037963085,0.2913
0.05155394828761661,0.2914
0.04822166106924408,0.29150000000000004
0.04497610876086533,0.2916
0.041653045487147766,0.2917
0.03844606366792447,0.2918
0.035287461254634556,0.2919
0.03216806019003893,0.29200000000000004
0.029101839814391406,0.2921
0.02613842761451246,0.2922
0.023484142901876393,0.2923
0.021189111285831785,0.2924
0.019291017671301702,0.29250000000000004
0.01752832276568883,0.2926
0.01601493454117131,0.2927
0.014943197767887995,0.2928
0.01431180120663611,0.2929
0.013947375300218168,0.29300000000000004
0.013957196171777042,0.2931
0.014482048055316055,0.2932
0.015551533286850328,0.2933
0.017172281151480284,0.2934
0.01932816975567664,0.29350000000000004
0.021987669612152594,0.2936
0.025109277179900857,0.2937
0.028643868880863455,0.2938
0.032537354632279136,0.2939
0.03670980596790274,0.29400000000000004
0.04107693831182169,0.29410000000000003
0.04559919552344627,0.2942
0.05024502078392734,0.2943
0.054966587282526014,0.2944
0.05971834060940795,0.29450000000000004
0.06445333674714504,0.29460000000000003
0.06913116074986103,0.2947
0.07371547091848996,0.2948
0.07817151091131636,0.2949
0.08246911530222423,0.29500000000000004
0.08657859657762634,0.29510000000000003
0.0904742902569865,0.2952
0.09413158495844398,0.2953
0.09752991256441279,0.2954
0.10064626792857723,0.29550000000000004
0.10344993420593707,0.29560000000000003
0.10592318044351656,0.2957
0.10807290862048591,0.2958
0.10989476451957914,0.2959
0.11137524693478751,0.29600000000000004
0.11251158031470965,0.29610000000000003
0.1132987036826133,0.2962
0.11373333670512731,0.2963
0.11381755317307862,0.2964
0.11356409612711371,0.29650000000000004
0.11246738385236066,0.29660000000000003
0.10966869863184114,0.2967
0.10667994996040853,0.2968
0.10355877656537593,0.2969
0.10029032420658279,0.29700000000000004
0.09689371438820549,0.29710000000000003
0.09340224086190985,0.2972
0.08984052689814959,0.2973
0.08623770362116134,0.2974
0.08262452422735944,0.2975
0.07903145382269006,0.29760000000000003
0.07548704378248883,0.2977
0.07201771514036881,0.2978
0.06846039393539705,0.2979
0.06498219457340615,0.298
0.0616119581680985,0.29810000000000003
0.058154509867464954,0.2982
0.05483602761268891,0.2983
0.05168701092211325,0.2984
0.04860555630307206,0.2985
0.045502299970199944,0.29860000000000003
0.04244092300972602,0.2987
0.03938631014346705,0.2988
0.03655138206070374,0.2989
0.033593613002758316,0.299
0.030887013432399968,0.29910000000000003
0.028079776712626403,0.2992
0.025571277398083403,0.2993
0.02342499143628407,0.2994
0.021683880180645376,0.2995
0.020313360196804187,0.29960000000000003
0.018979973285662144,0.2997
0.018063995123817067,0.2998
0.01761742678090439,0.2999
0.017524496982988857,0.3
0.017656023744865523,0.30010000000000003
0.01824929248433671,0.3002
0.01934480687436202,0.3003
0.020953275821663064,0.3004
0.023063790638430115,0.3005
0.02565013810984218,0.30060000000000003
0.028676479627323337,0.3007
0.032099838290296834,0.3008
0.035871225598873346,0.3009
0.03991544077297049,0.301
0.044151380616481495,0.30110000000000003
0.048540115371411785,0.3012
0.05304908394715713,0.3013
0.05762912471872572,0.3014
0.06223295115486738,0.3015
0.0668121527545048,0.30160000000000003
0.07132507316589853,0.3017
0.07573455134731877,0.3018
0.08000555127338804,0.3019
0.08410780803605533,0.302
0.08801174556833369,0.30210000000000004
0.09169157349167167,0.3022
0.09512254277682874,0.3023
0.09827995340735851,0.3024
0.10112968324004667,0.3025
0.10365203173834525,0.30260000000000004
0.10585260303785071,0.3027
0.10772523546668611,0.3028
0.10925676037105003,0.3029
0.11044295875489407,0.303
0.11127994034083533,0.30310000000000004
0.11176355399518711,0.3032
0.11189706995054971,0.3033
0.11169286383468102,0.3034
0.11115389428069944,0.3035
0.10947587026899086,0.30360000000000004
0.10649660905089176,0.3037
0.10333120128247364,0.3038
0.10003126246305594,0.3039
0.09662053893461398,0.304
0.09311616736534867,0.30410000000000004
0.08953927102499071,0.3042
0.08591448900278276,0.3043
0.08227043229150621,0.3044
0.07863717919213775,0.3045
0.07504420256195077,0.30460000000000004
0.07138880025998473,0.3047
0.06775343223713504,0.3048
0.0642140918008699,0.3049
0.060615405118139565,0.305
0.05709220437175544,0.30510000000000004
0.05371090490055086,0.3052
0.05048013185895561,0.3053
0.047129929213105326,0.3054
0.043920254649652435,0.3055
0.04058895102695126,0.30560000000000004
0.03745716047698777,0.3057
0.034264777718657324,0.3058
0.031228943391227615,0.3059
0.028139525557072442,0.306
0.02527482794458602,0.30610000000000004
0.022739244000175463,0.3062
0.020577421622095082,0.3063
0.018823561965169322,0.3064
0.01706384237170666,0.3065
0.015690970930356096,0.30660000000000004
0.014780523844156734,0.30670000000000003
0.014263222209381476,0.3068
0.014001644398890623,0.3069
0.01418009696052791,0.307
0.014883457231862351,0.30710000000000004
0.01613492805436567,0.30720000000000003
0.017933624351389676,0.3073
0.02025747722286675,0.3074
0.023071994739289003,0.3075
0.026332720390289666,0.30760000000000004
0.029989068155528154,0.30770000000000003
0.033985604860630625,0.3078
0.038241440409806815,0.3079
0.04267153906830701,0.308
0.047237929804920364,0.30810000000000004
0.05191056667916816,0.30820000000000003
0.05664264498612859,0.3083
0.061389823205051486,0.3084
0.06610605295587502,0.3085
0.07075219254781573,0.30860000000000004
0.07529275603868901,0.30870000000000003
0.07969407451962263,0.3088
0.08392665955914258,0.3089
0.08796183252126333,0.309
0.09177462008474069,0.30910000000000004
0.09534143903399428,0.30920000000000003
0.09863873458631633,0.3093
0.10163356389852651,0.3094
0.104306920393896,0.3095
0.10666440298583413,0.30960000000000004
0.10869965620580724,0.30970000000000003
0.11039904225660846,0.3098
0.11175756731047759,0.3099
0.11277028251731103,0.31
0.11343199452817465,0.31010000000000004
0.11374146126959028,0.31020000000000003
0.11370050655316655,0.3103
0.11332129369792576,0.3104
0.1114838136270434,0.3105
0.10861038457788252,0.3106
0.10556967015837637,0.31070000000000003
0.10240075995144382,0.3108
0.0990742235154416,0.3109
0.09563884945962386,0.311
0.09211667981490412,0.3111
0.08853421144108131,0.31120000000000003
0.08492145896873171,0.3113
0.08130937978634323,0.3114
0.07772769168709392,0.3115
0.07420405594601631,0.3116
0.07070232961433842,0.31170000000000003
0.0671563879474304,0.3118
0.06371783148453125,0.3119
0.060303328274262435,0.312
0.05689290254131896,0.3121
0.053632722787771536,0.31220000000000003
0.050550248596175296,0.3123
0.04741054224403696,0.3124
0.04437381583459832,0.3125
0.04124794218374905,0.3126
0.038268839630349216,0.31270000000000003
0.03537657920344306,0.3128
0.03250681724598148,0.3129
0.02976095661059497,0.313
0.02705890443918868,0.3131
0.024676896310285024,0.31320000000000003
0.022672452201547344,0.3133
0.021084243498733057,0.3134
0.01969964724093498,0.3135
0.018512500991631375,0.3136
0.017763359080898766,0.31370000000000003
0.01747541481375192,0.3138
0.017435971662336458,0.3139
0.017724208581915812,0.314
0.018500394360477346,0.3141
0.019786077174287042,0.31420000000000003
0.021583665843629918,0.3143
0.023875530085313512,0.3144
0.026631470916735678,0.3145
0.029812624279898614,0.3146
0.03337357208281433,0.31470000000000004
0.037263450707488044,0.3148
0.04140515283895119,0.3149
0.045716254650055355,0.315
0.05015897187998508,0.3151
0.054702313835754524,0.31520000000000004
0.05929826748234457,0.3153
0.0639009672491816,0.3154
0.06846330466447359,0.3155
0.07294504799453794,0.3156
0.07731031771141583,0.31570000000000004
0.0815252066695682,0.3158
0.08556048259582938,0.3159
0.08938756468983133,0.316
0.0929816513424866,0.3161
0.09631902951612104,0.31620000000000004
0.0993759962315367,0.3163
0.10211936209593775,0.3164
0.10453036514408554,0.3165
0.10661559291953959,0.3166
0.10836965714054592,0.31670000000000004
0.10978008898987934,0.3168
0.11084332742587832,0.3169
0.11155607767316267,0.317
0.11191472014659176,0.3171
0.11192298915344323,0.31720000000000004
0.11159353519353421,0.3173
0.11092973879069745,0.3174
0.10847006430926753,0.3175
0.10541870863975045,0.3176
0.10220600756738774,0.31770000000000004
0.09886948091243064,0.3178
0.09542659133248355,0.3179
0.09189610248756086,0.318
0.0883000067003763,0.3181
0.08466523100501422,0.31820000000000004
0.081021525154515,0.3183
0.07739930801599493,0.3184
0.07381835900006084,0.3185
0.07013725030427886,0.3186
0.06653218200087052,0.31870000000000004
0.06299995294453753,0.31880000000000003
0.05939987231237298,0.3189
0.055922499125654834,0.319
0.052596504245367326,0.3191
0.0493226939192406,0.31920000000000004
0.046029960013446614,0.31930000000000003
0.042772279602967034,0.3194
0.039508861933112316,0.3195
0.03641102331678736,0.3196
0.03322366043839886,0.31970000000000004
0.030206893567162663,0.31980000000000003
0.027161807680191385,0.3199
0.02440753505322668,0.32
0.02199966589187574,0.3201
0.019978825917960963,0.32020000000000004
0.018248936624219336,0.32030000000000003
0.016616951132473856,0.3204
0.015404106643489124,0.3205
0.014669322738642965,0.3206
0.014244961931902722,0.32070000000000004
0.014100867945846751,0.32080000000000003
0.014456974682184542,0.3209
0.015348129275014832,0.321
0.016789395299492416,0.3211
0.018771329622713218,0.32120000000000004
0.021266641391461505,0.32130000000000003
0.02423741420664438,0.3214
0.027637099769318496,0.3215
0.03141352240768036,0.3216
0.03548848206055677,0.32170000000000004
0.039778875804594716,0.32180000000000003
0.04424353168535888,0.3219
0.048849160254506474,0.322
0.05354668234200588,0.3221
0.05828921327052883,0.32220000000000004
0.06302867856603467,0.32230000000000003
0.06772341874415078,0.3224
0.07233605830326795,0.3225
0.07683086211148515,0.3226
0.08117683384098517,0.32270000000000004
0.08534333301089592,0.32280000000000003
0.08930382536625703,0.3229
0.0930326466560567,0.323
0.09650831586517195,0.3231
0.09970689916907594,0.32320000000000004
0.10259696533907381,0.32330000000000003
0.1051600624602046,0.3234
0.10740245545233806,0.3235
0.10931928593624907,0.3236
0.11089660656256328,0.32370000000000004
0.11213123098994526,0.32380000000000003
0.11301764166867934,0.3239
0.11355219818583073,0.324
0.11373652167301895,0.3241
0.11358316206820007,0.3242
0.11309415376080767,0.32430000000000003
0.11044825574406547,0.3244
0.10749952354467418,0.3245
0.10440835755722089,0.3246
0.10117815513718875,0.3247
0.09780898244381298,0.32480000000000003
0.09433939845436601,0.3249
0.09079228855217869,0.325
0.08719570017547618,0.3251
0.08357996834007819,0.3252
0.07997590961678658,0.32530000000000003
0.07641260449881782,0.3254
0.07291709055049078,0.3255
0.0693792127272913,0.3256
0.06586909732295043,0.3257
0.06247670288657181,0.32580000000000003
0.05902276118899308,0.3259
0.055660717351410316,0.326
0.052459913866999885,0.3261
0.049401533430617706,0.3262
0.04624188956303432,0.32630000000000003
0.04319958362220877,0.3264
0.040080654585221254,0.3265
0.03718400777391384,0.3266
0.03422865747683268,0.3267
0.03144626181437982,0.32680000000000003
0.028640506173703395,0.3269
0.02604201404057105,0.327
0.023789180718644998,0.3271
0.021930690048622248,0.3272
0.020499556480069847,0.32730000000000004
0.01908621210377448,0.3274
0.018048645160006815,0.3275
0.017471766221320184,0.3276
0.017292195946336353,0.3277
0.017347610746239583,0.32780000000000004
0.017814992447320543,0.3279
0.01878097132077272,0.328
0.020261228656422103,0.3281
0.022249930117306027,0.3282
0.024724131515127423,0.32830000000000004
0.027649849531836468,0.3284
0.030985372646190612,0.3285
0.03468263646150427,0.3286
0.038667499487961665,0.3287
0.04285954235180878,0.32880000000000004
0.04721911421977465,0.3289
0.05171272862719434,0.329
0.05629067840770596,0.3291
0.060904963362780395,0.3292
0.06550640004486996,0.32930000000000004
0.07005236818516314,0.3294
0.07450472828094701,0.3295
0.07882752745598443,0.3296
0.08298968965446307,0.3297
0.08696092885953355,0.32980000000000004
0.0907148457550504,0.3299
0.09422606417828083,0.33
0.0974693157821982,0.3301
0.10040987416260738,0.3302
0.10302741227113577,0.33030000000000004
0.105326727861079,0.3304
0.1073010655502088,0.3305
0.10893664294715832,0.3306
0.11022868951428177,0.3307
0.11117274547162403,0.33080000000000004
0.1117641797224248,0.3309
0.11200580966079021,0.331
0.11190973616563837,0.3311
0.1114785544553929,0.3312
0.11038253247425778,0.33130000000000004
0.10746760118528642,0.33140000000000003
0.10434764871821078,0.3315
0.10108424829195273,0.3316
0.09770559711466409,0.3317
0.09422770283918247,0.33180000000000004
0.09067110654069344,0.33190000000000003
0.08705885310450712,0.332
0.08341878898959465,0.3321
0.07978086180881883,0.3322
0.0761751412197681,0.33230000000000004
0.07256776959559019,0.33240000000000003
0.06891389480627463,0.3325
0.06534582806612399,0.3326
0.061792344116509135,0.3327
0.05823236513738639,0.33280000000000004
0.054804261472722215,0.33290000000000003
0.051535223616946624,0.333
0.04822328296974665,0.3331
0.04498841299374812,0.3332
0.041686952379677455,0.33330000000000004
0.03849386805465915,0.33340000000000003
0.03537021247927896,0.3335
0.03226823000092005,0.3336
0.029241627334531506,0.3337
0.026293288321340702,0.33380000000000004
0.02365204878691296,0.33390000000000003
0.021370040888362807,0.334
0.019485675019190518,0.3341
0.017760770697242467,0.3342
0.016263714246734562,0.33430000000000004
0.015205930957310931,0.33440000000000003
0.014597229961826885,0.3345
0.014255650939745346,0.3346
0.014275653647422004,0.3347
0.014806793325313983,0.33480000000000004
0.01587881568974825,0.33490000000000003
0.01749855182615745,0.335
0.019650623771632292,0.3351
0.02230390119139236,0.3352
0.02541766095893938,0.33530000000000004
0.028943292770017504,0.33540000000000003
0.03282723382782793,0.3355
0.036989935024804854,0.3356
0.041347383757977196,0.3357
0.045860054441409615,0.33580000000000004
0.05049622279372423,0.33590000000000003
0.05520799006131316,0.336
0.05994949767660518,0.3361
0.06467368221346437,0.3362
0.06933981622910768,0.33630000000000004
0.07391151643214344,0.33640000000000003
0.07835388185386194,0.3365
0.08263682057366817,0.3366
0.08673061427330564,0.3367
0.09060963624174279,0.33680000000000004
0.09424924975796156,0.33690000000000003
0.0976288287030751,0.337
0.10072536887366845,0.3371
0.10350804856862561,0.3372
0.10595923527013151,0.3373
0.1080858284263081,0.33740000000000003
0.10988367107382502,0.3375
0.11133925718851512,0.3376
0.11245005086557525,0.3377
0.11321103336152871,0.3378
0.11361914891346236,0.33790000000000003
0.11367652892037605,0.338
0.11339606474708464,0.3381
0.11222396401461932,0.3382
0.10940833508969594,0.3383
0.10640558718244131,0.33840000000000003
0.10327231918545099,0.3385
0.09998403522977972,0.3386
0.09657644467565385,0.3387
0.0930759025955703,0.3388
0.08950702879645356,0.33890000000000003
0.08589892561584356,0.339
0.08228235166025477,0.3391
0.0786877045626222,0.3392
0.07514347771388008,0.3393
0.07166572181781528,0.33940000000000003
0.06809260848898191,0.3395
0.06461744005393477,0.3396
0.061219796449306196,0.3397
0.057766849259434094,0.3398
0.05445582406933047,0.33990000000000004
0.051315850202003244,0.34
0.04819560438281156,0.3401
0.04509797535660032,0.3402
0.0419898134594332,0.3403
0.03894310509540744,0.34040000000000004
0.03606221444125346,0.3405
0.03311826912535154,0.3406
0.030374247963346868,0.3407
0.027587061300548887,0.3408
0.025105442934876265,0.34090000000000004
0.022990533941257718,0.341
0.021283939273981867,0.3411
0.019881066269169523,0.3412
0.01857915569767976,0.3413
0.017703017615596117,0.34140000000000004
0.01730286891627708,0.3415
0.0172050330662048,0.3416
0.01736716482851164,0.3417
0.01801226424039548,0.3418
0.01916563318946629,0.34190000000000004
0.020835222916675056,0.342
0.023007229008016106,0.3421
0.025653823614831817,0.3422
0.028737773321662496,0.3423
0.03221497855125466,0.34240000000000004
0.03603540443068365,0.3425
0.040122823238105676,0.3426
0.04439545234593001,0.3427
0.04881451636133538,0.3428
0.05334806089462063,0.34290000000000004
0.05794723762928844,0.343
0.06256538446379245,0.3431
0.06715444861970332,0.3432
0.07167334213992149,0.3433
0.07608523806195056,0.34340000000000004
0.08035550605097885,0.3435
0.08445417037526659,0.3436
0.08835197978060072,0.3437
0.09202348827508211,0.3438
0.09544425085099073,0.34390000000000004
0.09858995735619391,0.34400000000000003
0.1014267093177903,0.3441
0.1039351690045821,0.3442
0.1061211027296618,0.3443
0.1079786316046556,0.34440000000000004
0.10949464655012076,0.34450000000000003
0.11066512773257986,0.3446
0.11148619275751237,0.3447
0.11195380369392138,0.3448
0.11207122747277931,0.34490000000000004
0.11185087814390426,0.34500000000000003
0.1112957499060574,0.3451
0.1094154481085039,0.3452
0.10642640357926902,0.3453
0.10325661517692863,0.34540000000000004
0.09995385444022453,0.34550000000000003
0.09654015380203551,0.3456
0.09303311767486278,0.3457
0.08945414629106141,0.3458
0.08582855874304973,0.34590000000000004
0.08218533724098187,0.34600000000000003
0.07855471212985343,0.3461
0.07496606066349432,0.3462
0.07132278015656213,0.3463
0.0676937595502386,0.34640000000000004
0.06416170761375128,0.34650000000000003
0.06057745842517137,0.3466
0.05706240053405032,0.3467
0.05368997145174159,0.3468
0.05047686798187301,0.34690000000000004
0.04713585094897854,0.34700000000000003
0.04394219555075862,0.3471
0.04062117359724482,0.3472
0.0375014916085612,0.3473
0.03433906794508812,0.34740000000000004
0.031319207882402944,0.34750000000000003
0.02826501623449662,0.3476
0.025414194827411363,0.3477
0.0228907538708345,0.3478
0.0207413717766034,0.34790000000000004
0.019000944102813833,0.34800000000000003
0.01727629669378783,0.3481
0.015919587686556325,0.3482
0.015023027758899188,0.3483
0.014526959179610444,0.34840000000000004
0.014286583028395583,0.34850000000000003
0.014475150927669711,0.3486
0.015184924610992523,0.3487
0.01643938373142917,0.3488
0.01823786021415752,0.34890000000000004
0.02055905777253897,0.34900000000000003
0.023368809120544842,0.3491
0.026623366492263267,0.3492
0.03027251500248318,0.3493
0.03426123617540844,0.34940000000000004
0.03850887922833257,0.34950000000000003
0.042930583864403626,0.3496
0.04748837335105849,0.3497
0.05215204160690856,0.3498
0.05687475444064827,0.34990000000000004
0.061611910215638055,0.35000000000000003
0.06631740546950149,0.3501
0.07095182622572938,0.3502
0.07547969794053211,0.3503
0.07986722957832715,0.3504
0.08408503882450513,0.35050000000000003
0.08810442560917697,0.3506
0.09190047003272661,0.3507
0.095449568235636,0.3508
0.0987281081902106,0.3509
0.10170313628802885,0.35100000000000003
0.10435557339499646,0.3511
0.10669117826427066,0.3512
0.1087035750603641,0.3513
0.1103793225083145,0.3514
0.11171344916956771,0.35150000000000003
0.11270125450232882,0.3516
0.11333759225727436,0.3517
0.11362478960538991,0.3518
0.11357440768152349,0.3519
0.11318865477107787,0.35200000000000004
0.11124682506452732,0.3521
0.10835636754604294,0.3522
0.10530167098983167,0.3523
0.10211061701752222,0.3524
0.09877026236158803,0.35250000000000004
0.09532368266497082,0.3526
0.09179339948991538,0.3527
0.08820584901248729,0.3528
0.08459060107294036,0.3529
0.08097826424979526,0.35300000000000004
0.07739833804709606,0.3531
0.0738783218169935,0.3532
0.0703613101361622,0.3533
0.06682018595109795,0.3534
0.0633882870108804,0.35350000000000004
0.05995563492664435,0.3536
0.0565504924588669,0.3537
0.05329736712279809,0.3538
0.05022290608122404,0.3539
0.047049669541156414,0.35400000000000004
0.04401918525297965,0.3541
0.04085599247522764,0.3542
0.03788650063995469,0.3543
0.03495476146410548,0.3544
0.032095735479815035,0.35450000000000004
0.02929955355330338,0.3546
0.026610755676371278,0.3547
0.0242508188030357,0.3548
0.02227337859160139,0.3549
0.020715175577890488,0.35500000000000004
0.019289711044417013,0.3551
0.018130902249045233,0.3552
0.017419177046383627,0.3553
0.017145776312881944,0.3554
0.017117532292445503,0.35550000000000004
0.017449727754806243,0.3556
0.018275973858230987,0.3557
0.019616585678720266,0.3558
0.021471174017736017,0.3559
0.023820459914969394,0.35600000000000004
0.026632521684080368,0.3561
0.029867354163463755,0.3562
0.03347808865833923,0.3563
0.037391994517390614,0.3564
0.04152957353541642,0.35650000000000004
0.04585050151481407,0.35660000000000003
0.05032024541797786,0.3567
0.05488860057763967,0.3568
0.0595067904439992,0.3569
0.06412488107356151,0.35700000000000004
0.06869927284424815,0.35710000000000003
0.073190826789443,0.3572
0.07756269370421331,0.3573
0.08178292248962693,0.3574
0.08582053798798495,0.35750000000000004
0.08964839383014178,0.35760000000000003
0.0932404613430059,0.3577
0.09657445584612478,0.3578
0.0996258648066155,0.3579
0.10236249159926969,0.35800000000000004
0.10476565984524167,0.35810000000000003
0.10684195895252258,0.3582
0.10858695703143617,0.3583
0.10998741711802063,0.3584
0.11104099450283755,0.35850000000000004
0.11174336469328228,0.35860000000000003
0.11209183616659069,0.3587
0.11208922778282249,0.3588
0.111748738437916,0.3589
0.11107334270387048,0.35900000000000004
0.10842314059241687,0.35910000000000003
0.10536236053295944,0.3592
0.10214562481634448,0.3593
0.09880714630558574,0.3594
0.09536288176099605,0.35950000000000004
0.09183191605767227,0.35960000000000003
0.08823619527600268,0.3597
0.08460295745173663,0.3598
0.08096205666155198,0.3599
0.07734393625263492,0.36000000000000004
0.07377740983762893,0.36010000000000003
0.07010354990589862,0.3602
0.06650490203474413,0.3603
0.06299188329990302,0.3604
0.05939897644573078,0.36050000000000004
0.05592907676890824,0.36060000000000003
0.05261136734911953,0.3607
0.04936032570508608,0.3608
0.04607557426932063,0.3609
0.042839138647560615,0.36100000000000004
0.03958594919406555,0.36110000000000003
0.036527489394329704,0.3612
0.03335613162976747,0.3613
0.0303875508136231,0.3614
0.02735297878539389,0.36150000000000004
0.024605305214429718,0.36160000000000003
0.022202518839375518,0.3617
0.02018697132203573,0.3618
0.018489818932158286,0.3619
0.016865744307104746,0.36200000000000004
0.015658584940546172,0.36210000000000003
0.014927425188497878,0.3622
0.014531230988131805,0.3623
0.014390821583963431,0.3624
0.014746556515991216,0.36250000000000004
0.015633200780576173,0.36260000000000003
0.017066435900159105,0.3627
0.019037837696396664,0.3628
0.021520738586563004,0.3629
0.02447809530695566,0.36300000000000004
0.027863991128096677,0.36310000000000003
0.03162686505033441,0.3632
0.035688876257676805,0.3633
0.039967202257690015,0.3634
0.044420600598265025,0.3635
0.049015568907023965,0.36360000000000003
0.053702910204596055,0.3637
0.05843543321047262,0.3638
0.06316485945930406,0.3639
0.06784918181228694,0.364
0.07245088561795698,0.36410000000000003
0.07693409059982403,0.3642
0.08126786533271746,0.3643
0.08542159256245396,0.3644
0.08936882210925678,0.3645
0.09308388112934396,0.36460000000000004
0.09654525844304374,0.3647
0.09972894859571346,0.3648
0.10260341777782866,0.3649
0.10515017140349969,0.365
0.1073754798947767,0.36510000000000004
0.1092745337032931,0.3652
0.11083343504294274,0.3653
0.11204912105507858,0.3654
0.11291620792937507,0.3655
0.11343119740913166,0.36560000000000004
0.11359585930337113,0.3657
0.11342283532695596,0.3658
0.11291427652468267,0.3659
0.11024794923350745,0.366
0.10728735368945097,0.36610000000000004
0.10418585182814144,0.3662
0.10093774341525774,0.3663
0.09755943480712526,0.3664
0.09408229546493674,0.3665
0.0905290474477235,0.36660000000000004
0.08692766036899469,0.3667
0.08330847722450796,0.3668
0.07970230919835708,0.3669
0.07613824366278898,0.367
0.07264330460553003,0.36710000000000004
0.06908328596917923,0.3672
0.06557477094349862,0.3673
0.06218614536743694,0.3674
0.058708919071378096,0.3675
0.055351062715079724,0.36760000000000004
0.05215663573712814,0.3677
0.04906998130815876,0.3678
0.04591644256316396,0.3679
0.04284499254289553,0.368
0.03973415066549668,0.36810000000000004
0.0368489635157101,0.3682
0.033861831123249475,0.3683
0.03109099281047767,0.3684
0.02825553030814465,0.3685
0.025672635140106204,0.36860000000000004
0.02344144394092229,0.3687
0.02160808845419271,0.3688
0.020185462700389234,0.3689
0.018760729027996303,0.369
0.017748388372811563,0.36910000000000004
0.01720304312628551,0.36920000000000003
0.01703369939155097,0.3693
0.017096808828149568,0.3694
0.01760037503752865,0.3695
0.018607541914269943,0.36960000000000004
0.020132318423277118,0.36970000000000003
0.022166668628946562,0.3698
0.02468604108029604,0.3699
0.02765540054404525,0.37
0.031032072703723435,0.37010000000000004
0.03476721629859303,0.37020000000000003
0.03878587140584422,0.3703
0.04300706304901847,0.3704
0.047391198202582974,0.3705
0.05190509969054857,0.37060000000000004
0.05649924250631155,0.37070000000000003
0.06112594032989893,0.3708
0.06573633317830252,0.3709
0.0702882093461088,0.371
0.0747438383789426,0.37110000000000004
0.07906761862957079,0.37120000000000003
0.08322880281486567,0.3713
0.08719734188541117,0.3714
0.09094709729074701,0.3715
0.09445290077507562,0.37160000000000004
0.09768974908192929,0.37170000000000003
0.10062311787743372,0.3718
0.10323291746634988,0.3719
0.10552411748183066,0.372
0.10749010466322706,0.37210000000000004
0.10911718143660099,0.37220000000000003
0.11040065025893786,0.3723
0.1113360988851596,0.3724
0.1119189230590748,0.3725
0.11215196528169591,0.37260000000000004
0.11204731323823702,0.37270000000000003
0.11160758708466323,0.3728
0.11036479801824672,0.3729
0.10744414663453272,0.373
0.10432232251508167,0.37310000000000004
0.10105810975885798,0.37320000000000003
0.09767843638385676,0.3733
0.09419961739760008,0.3734
0.09064236752250698,0.3735
0.08703021301144875,0.37360000000000004
0.08339127516994893,0.37370000000000003
0.07975563153515919,0.3738
0.0761533084627003,0.3739
0.07255916225349479,0.374
0.06891032387100315,0.37410000000000004
0.06534776331106329,0.37420000000000003
0.06181031531217651,0.3743
0.0582566758256029,0.3744
0.05483508285610261,0.3745
0.05157310311394392,0.37460000000000004
0.048281043090810494,0.37470000000000003
0.04505340201370611,0.3748
0.04177035741681889,0.3749
0.03858468980642127,0.375
0.03548922392216913,0.37510000000000004
0.032398122496401616,0.37520000000000003
0.02940766211407797,0.3753
0.026468107446704803,0.3754
0.023833352001828567,0.3755
0.021556806819216456,0.37560000000000004
0.01967814294316894,0.37570000000000003
0.017984997592184637,0.3758
0.016495685438321583,0.3759
0.0154428883992892,0.376
0.014847734649990674,0.37610000000000005
0.014520320355925431,0.37620000000000003
0.014541323498331149,0.3763
0.015070050120790546,0.3764
0.016135991298785735,0.3765
0.01774692061835781,0.3766
0.019887911604305364,0.37670000000000003
0.02252864590946091,0.3768
0.025628958024002335,0.3769
0.029140979671526512,0.377
0.03301153872625062,0.3771
0.03716152904287795,0.37720000000000004
0.041507138570862745,0.3773
0.046008720181269336,0.3774
0.05063440207793324,0.3775
0.05533606492251453,0.3776
0.06006774353969857,0.37770000000000004
0.06478210598241818,0.3778
0.06943832958265617,0.3779
0.07399978797759066,0.378
0.07843158723178556,0.3781
0.08270352957924831,0.37820000000000004
0.08678595583769377,0.3783
0.09065319091186608,0.3784
0.09428057761522923,0.3785
0.09764744187944308,0.3786
0.1007306812969112,0.37870000000000004
0.10349946902098572,0.3788
0.10593607878159417,0.3789
0.1080475487477065,0.379
0.109829674355725,0.3791
0.1112691293527791,0.37920000000000004
0.11236336847511508,0.3793
0.11310758594066128,0.3794
0.1134987391194392,0.3795
0.11353913813216776,0.3796
0.113241679917367,0.37970000000000004
0.11205463001370419,0.3798
0.10922848709022326,0.3799
0.10621636876952356,0.38
0.10307297351272149,0.3801
0.09977083518811614,0.38020000000000004
0.09635598411629664,0.3803
0.09284951663606378,0.3804
0.08927590804336594,0.3805
0.08566418587134106,0.3806
0.08204510002809051,0.38070000000000004
0.07844903439662776,0.3808
0.07490447417581392,0.3809
0.07140647020025281,0.381
0.06783370156750379,0.3811
0.06436067427782477,0.38120000000000004
0.060941391497014274,0.38130000000000003
0.05749086292982475,0.3814
0.05418411617735375,0.3815
0.05104942177673277,0.3816
0.04790061296600734,0.38170000000000004
0.0448077367525157,0.38180000000000003
0.04167042595053827,0.3819
0.038630659887475716,0.382
0.035720972358924685,0.3821
0.032786777500990016,0.38220000000000004
0.030017131185493096,0.38230000000000003
0.027242797992024892,0.3824
0.024778569866202638,0.3825
0.022683956005507877,0.3826
0.020999594541470934,0.38270000000000004
0.019570749521736985,0.38280000000000003
0.018288639994389788,0.3829
0.01743825835973878,0.383
0.01706813847164801,0.3831
0.016954517298862104,0.38320000000000004
0.017146488582064467,0.38330000000000003
0.017826550942281694,0.3834
0.01901905366461709,0.3835
0.02072988243949858,0.3836
0.022943394175137133,0.38370000000000004
0.025630749617387094,0.38380000000000003
0.028753715625029486,0.3839
0.032267401616439706,0.384
0.03612099146725045,0.3841
0.04023767412685908,0.38420000000000004
0.044535130730954275,0.38430000000000003
0.048974817199449516,0.3844
0.05352513202685372,0.3845
0.05813752083287427,0.3846
0.06276571148975296,0.38470000000000004
0.06736196346406509,0.38480000000000003
0.07188557030902465,0.3849
0.07629996819588925,0.385
0.08057082008649341,0.3851
0.08466832840849647,0.38520000000000004
0.0885635021211727,0.38530000000000003
0.09223107386896423,0.3854
0.09564687119468229,0.3855
0.09878678163536381,0.3856
0.1016171447781864,0.38570000000000004
0.10411879410383251,0.38580000000000003
0.10629766893671422,0.3859
0.10814799746793258,0.386
0.1096567493898668,0.3861
0.11081996249445503,0.38620000000000004
0.11163376630674093,0.38630000000000003
0.11209414810424922,0.3864
0.1122043556593657,0.3865
0.11197680881693695,0.3866
0.1114144910932614,0.38670000000000004
0.10940315659351296,0.38680000000000003
0.10640949760657392,0.3869
0.10323854716374892,0.387
0.09993554109124558,0.3871
0.09652137339411859,0.38720000000000004
0.0930139505519555,0.38730000000000003
0.08943484737209095,0.3874
0.08580982422001637,0.3875
0.08216810193523372,0.3876
0.07854000740049505,0.38770000000000004
0.07495485451460182,0.38780000000000003
0.07132404614549037,0.3879
0.06769988079141875,0.388
0.06417300595553899,0.3881
0.060603486492699865,0.38820000000000005
0.0570941913290961,0.38830000000000003
0.05372761056123032,0.3884
0.05052837771347596,0.3885
0.047196554337410435,0.3886
0.04401967168105769,0.38870000000000005
0.04070536001295588,0.38880000000000003
0.037593941212400894,0.3889
0.03446862467814138,0.389
0.031462114469662295,0.3891
0.028453074151426616,0.38920000000000005
0.025610270241587463,0.38930000000000003
0.02309119346694466,0.3894
0.020944577591873514,0.3895
0.01920692057418094,0.3896
0.017514459027309304,0.38970000000000005
0.01616270593131719,0.38980000000000004
0.015267839246803083,0.3899
0.014782546924314577,0.39
0.014554203653406761,0.3901
0.01474046458425926,0.3902
0.015444283870792441,0.39030000000000004
0.016688842776367396,0.3904
0.018474887848860755,0.3905
0.0207816233946001,0.3906
0.02357592821375909,0.3907
0.02681455168484681,0.39080000000000004
0.03044803689133535,0.3909
0.03442164246022483,0.391
0.03865508433307907,0.3911
0.04306370191691111,0.3912
0.047609327425873316,0.39130000000000004
0.05226169441661854,0.3914
0.05697365766044138,0.3915
0.06170057436973231,0.3916
0.06639592297650243,0.3917
0.07102024582525845,0.39180000000000004
0.07553772850164886,0.3919
0.07991467461914681,0.392
0.08412158774910883,0.3921
0.08812988904880992,0.3922
0.09191463502758435,0.39230000000000004
0.09545217945433215,0.3924
0.09871889677025125,0.3925
0.10168163636196015,0.3926
0.1043214010546698,0.3927
0.10664377456110263,0.39280000000000004
0.10864259846279534,0.3929
0.11030426005963934,0.393
0.11162407942148078,0.3931
0.11259724640809865,0.3932
0.11321890530587553,0.39330000000000004
0.11349132389094829,0.3934
0.11342627051946774,0.3935
0.1130259299011167,0.3936
0.11108972834406805,0.3937
0.10819051899769272,0.39380000000000004
0.10512772913178281,0.39390000000000003
0.10192104592921625,0.394
0.09857359961174117,0.3941
0.0951212872383641,0.3942
0.09158644437136076,0.39430000000000004
0.08799535162936767,0.39440000000000003
0.08437753485461286,0.3945
0.08076356420082742,0.3946
0.07718293849520919,0.3947
0.07366314390376871,0.39480000000000004
0.07012658565296992,0.39490000000000003
0.06658632367351092,0.395
0.0631569568194178,0.3951
0.05970370792854118,0.3952
0.05630138907515092,0.39530000000000004
0.05305279902039417,0.39540000000000003
0.04998371132622226,0.3955
0.04678355988613592,0.3956
0.043743642989152676,0.3957
0.040568240469124994,0.39580000000000004
0.037606711415531624,0.39590000000000003
0.03464841341183633,0.396
0.031798788017074475,0.3961
0.02897851363670889,0.3962
0.02630198341018586,0.39630000000000004
0.023958755112445607,0.39640000000000003
0.02200065110103777,0.3965
0.02046335442341629,0.3966
0.019012975389561593,0.3967
0.017872337429573726,0.39680000000000004
0.017184476605085708,0.39690000000000003
0.01691912271269902,0.397
0.016897234867444544,0.3971
0.01725799862466948,0.3972
0.018116877886326543,0.39730000000000004
0.01949304434311716,0.39740000000000003
0.021384451832137996,0.3975
0.023770491383432457,0.3976
0.026618393019758324,0.3977
0.029887244164954474,0.39780000000000004
0.03352947723770816,0.39790000000000003
0.037471585661620344,0.398
0.04163355833537885,0.3981
0.0459750772578984,0.3982
0.050461893045450124,0.39830000000000004
0.055043974372504856,0.39840000000000003
0.05967285510004183,0.3985
0.06429888903730507,0.3986
0.06887881690792608,0.3987
0.07337381777490459,0.39880000000000004
0.07774729694795857,0.39890000000000003
0.08196754833313136,0.399
0.08600376424407341,0.3991
0.08982901316291814,0.3992
0.0934174356887898,0.39930000000000004
0.09674699299776779,0.39940000000000003
0.0997933579256991,0.3995
0.10252455633076851,0.3996
0.1049220524698049,0.3997
0.10699257149496266,0.39980000000000004
0.10873174510684314,0.39990000000000003
0.11012639510460953,0.4
0.11117420319493432,0.4001
0.11187086212972641,0.4002
0.11221368747540106,0.40030000000000004
0.11220549505112387,0.40040000000000003
0.11185947281953679,0.4005
0.1111786005765012,0.4006
0.10841820522811452,0.4007
0.10535426977626694,0.40080000000000005
0.10213733230878219,0.40090000000000003
0.09879941909881507,0.401
0.09535550564641637,0.4011
0.09182493309829987,0.4012
0.0882297900555098,0.40130000000000005
0.08459768242148291,0.40140000000000003
0.08095865723005236,0.4015
0.07734323123385956,0.4016
0.0737801591070033,0.4017
0.07011761181125797,0.40180000000000005
0.06652352892473323,0.40190000000000003
0.06302353308261288,0.402
0.05943551922795054,0.4021
0.055970590347058646,0.4022
0.05265823480001042,0.40230000000000005
0.049424036900115764,0.40240000000000004
0.046145310216475055,0.4025
0.04292568540612418,0.4026
0.03967849301336446,0.4027
0.03663867290871381,0.40280000000000005
0.03347316212698681,0.40290000000000004
0.03052378773989184,0.403
0.02749485589007361,0.4031
0.024751840163276917,0.4032
0.022353399909190497,0.4033
0.020342255226737604,0.40340000000000004
0.018669441634082018,0.4035
0.017051862483498548,0.4036
0.0158492105491308,0.4037
0.015120673873526336,0.4038
0.014742770838619634,0.40390000000000004
0.014608528108997598,0.404
0.014963229377385812,0.4041
0.015845596775784676,0.4042
0.017271903095983365,0.4043
0.019234481363969325,0.40440000000000004
0.021707181813918286,0.4045
0.024653465139105046,0.4046
0.02802785732718016,0.4047
0.03177923875370503,0.4048
0.03583013785381062,0.40490000000000004
0.04009804198490685,0.405
0.04454170760903109,0.4051
0.0491275237883555,0.4052
0.05380617412361932,0.4053
0.05853030951632099,0.40540000000000004
0.06325151439867882,0.4055
0.06792763306478367,0.4056
0.07252104818025862,0.4057
0.07699578554496478,0.4058
0.08132086347466227,0.40590000000000004
0.08546560156603145,0.406
0.08940351042439176,0.4061
0.0931088544689056,0.4062
0.09656007935361055,0.4063
0.09973312658326605,0.40640000000000004
0.10259642333013952,0.40650000000000003
0.10513145948224023,0.4066
0.10734453814899236,0.4067
0.10923088944985171,0.4068
0.1107766625748633,0.40690000000000004
0.1119788730201916,0.40700000000000003
0.1128322131755577,0.4071
0.11333327181931208,0.4072
0.1134838894814818,0.4073
0.11329677412621264,0.40740000000000004
0.11277412928109887,0.40750000000000003
0.11010735924461723,0.4076
0.10713928305623455,0.4077
0.10403092440326078,0.4078
0.10077015558365388,0.40790000000000004
0.09738547346413451,0.40800000000000003
0.09390300940913443,0.4081
0.09034536516918312,0.4082
0.08674041349979877,0.4083
0.08311847522945659,0.40840000000000004
0.07951033676739361,0.40850000000000003
0.07594508178934811,0.4086
0.07244971620578766,0.4087
0.06887061141488071,0.4088
0.06536193086802922,0.40890000000000004
0.06196725074229259,0.40900000000000003
0.058476548916081894,0.4091
0.05512041211703034,0.4092
0.05192906044576984,0.4093
0.04881706861770252,0.40940000000000004
0.04566639382889681,0.40950000000000003
0.04256965003555013,0.4096
0.039463658223019005,0.4097
0.03658405446727642,0.4098
0.033572785387033344,0.40990000000000004
0.030810007201648837,0.41000000000000003
0.027950655593383944,0.4101
0.025378853616329522,0.4102
0.023163443010005835,0.4103
0.021348519247031517,0.41040000000000004
0.019906807863703024,0.41050000000000003
0.018498330440763322,0.4106
0.01750668795621979,0.4107
0.016985782454579157,0.4108
0.01682284783385768,0.41090000000000004
0.016890189492147822,0.41100000000000003
0.017420980082071047,0.4111
0.01845960593004481,0.4112
0.02001861833975971,0.4113
0.022088152913748216,0.41140000000000004
0.024642418841547498,0.41150000000000003
0.027645479266266815,0.4116
0.031053974664996264,0.4117
0.03481846205935235,0.4118
0.03886335684757891,0.41190000000000004
0.04310729236290034,0.41200000000000003
0.04751071691869546,0.4121
0.05204072011878402,0.4122
0.0566479117806693,0.4123
0.06128487198351784,0.41240000000000004
0.06590295770922705,0.41250000000000003
0.07046028968260598,0.4126
0.07491941610902442,0.4127
0.07924503156090879,0.4128
0.08340662619654204,0.41290000000000004
0.08737436218320149,0.41300000000000003
0.09112228721576998,0.4131
0.0946253917627734,0.4132
0.09785884312837057,0.4133
0.10078824416396848,0.41340000000000005
0.10339366296689256,0.41350000000000003
0.1056801789639733,0.4136
0.10764129417234913,0.4137
0.10926336857436725,0.4138
0.11054177406990362,0.41390000000000005
0.11147211960164893,0.41400000000000003
0.11204982907737382,0.4141
0.11227774918927258,0.4142
0.11216796703722476,0.4143
0.11172311240906174,0.41440000000000005
0.11036972232537234,0.41450000000000004
0.10744552002786789,0.4146
0.10432296757427562,0.4147
0.10105872339410693,0.4148
0.09767874857655989,0.41490000000000005
0.09419959220078022,0.41500000000000004
0.0906420996056635,0.4151
0.08703016179857237,0.4152
0.08339210860835244,0.4153
0.07975811842431668,0.41540000000000005
0.07615818991578005,0.41550000000000004
0.07257563454141802,0.4156
0.06893032230494778,0.4157
0.06537148853499375,0.4158
0.06184770218175317,0.41590000000000005
0.058298330926229935,0.41600000000000004
0.05488095977606755,0.4161
0.05162350528455839,0.4162
0.04834815911560719,0.4163
0.04512543391082047,0.4164
0.0418585448810036,0.41650000000000004
0.03867741767261723,0.4166
0.035599229267776034,0.4167
0.0325122718174955,0.4168
0.02953919461368848,0.4169
0.026603587635322112,0.41700000000000004
0.023971887762038513,0.4171
0.02169823894867373,0.4172
0.01982266878069594,0.4173
0.018151954063504006,0.4174
0.016667763467688834,0.41750000000000004
0.015617962179542255,0.4176
0.015033005902916008,0.4177
0.014715916243573046,0.4178
0.014736687696911277,0.4179
0.015262520160067794,0.41800000000000004
0.016323080879653284,0.4181
0.017926662783258607,0.4182
0.02005887102943671,0.4183
0.02268979250926595,0.4184
0.025779749701366983,0.41850000000000004
0.02928129260959267,0.4186
0.03314160514521958,0.4187
0.0372818972603981,0.4188
0.04161857122688728,0.4189
0.046111921500321174,0.41900000000000004
0.05072993173942275,0.41910000000000003
0.05542434718743894,0.4192
0.060149036025833325,0.4193
0.06485654131434448,0.4194
0.06950590190896899,0.41950000000000004
0.07406040558740001,0.41960000000000003
0.07848507789434134,0.4197
0.08274967476594508,0.4198
0.08682447384123826,0.4199
0.09068374667067469,0.42000000000000004
0.09430276096230505,0.42010000000000003
0.097660779543559,0.4202
0.10073464134338184,0.4203
0.10349347618603921,0.4204
0.10591955559039978,0.42050000000000004
0.10801996154839444,0.42060000000000003
0.10979054626401386,0.4207
0.11121803723262724,0.4208
0.11229997065765451,0.4209
0.11303161171072829,0.42100000000000004
0.11340999805432828,0.42110000000000003
0.11343750194285807,0.4212
0.11312707769786512,0.4213
0.11193045981050564,0.4214
0.10909671908758156,0.42150000000000004
0.10607772595399878,0.42160000000000003
0.10292352316090314,0.4217
0.09961490872503787,0.4218
0.09619447479542531,0.4219
0.09268325339238659,0.42200000000000004
0.08910567417968418,0.42210000000000003
0.08549075880020718,0.4222
0.08186924533190998,0.4223
0.07827151500247431,0.4224
0.07472603977073589,0.42250000000000004
0.07121153768041444,0.42260000000000003
0.06763813518459916,0.4227
0.06416578015486818,0.4228
0.060728235990035295,0.4229
0.05727842686785545,0.42300000000000004
0.053973813596193354,0.42310000000000003
0.05084199787276633,0.4232
0.04766913072666523,0.4233
0.044578735180686335,0.4234
0.041417340722703866,0.42350000000000004
0.03838264018647042,0.42360000000000003
0.03544767646487568,0.4237
0.03251785702061061,0.4238
0.029710821228441375,0.4239
0.026941586538496987,0.42400000000000004
0.024488689502701666,0.42410000000000003
0.022408754088686367,0.4242
0.020741039558216157,0.4243
0.019283831180886724,0.4244
0.01801790959312255,0.42450000000000004
0.017189564334501473,0.42460000000000003
0.016827205455307137,0.4247
0.016719180826758828,0.4248
0.01693744522812013,0.4249
0.017647771508314758,0.42500000000000004
0.018874059330965087,0.42510000000000003
0.0206203272258354,0.4252
0.022870069242325375,0.4253
0.02559319922226888,0.4254
0.028750810671472227,0.42550000000000004
0.03229695042340386,0.42560000000000003
0.03618028094938541,0.4257
0.040323180645811085,0.4258
0.0446430110774132,0.4259
0.04910137508730972,0.42600000000000005
0.053667077736144764,0.42610000000000003
0.05829190234441728,0.4262
0.06292989534584359,0.4263
0.06753367210431183,0.4264
0.0720627399712005,0.42650000000000005
0.07648089588656504,0.42660000000000003
0.08075391943564691,0.4267
0.08485231553311134,0.4268
0.0887471502736844,0.4269
0.0924133894662601,0.42700000000000005
0.09582693046673219,0.42710000000000004
0.0989638508388977,0.4272
0.10179060516684335,0.4273
0.10428815169011307,0.4274
0.10646258301538092,0.42750000000000005
0.10830815586008191,0.42760000000000004
0.10981200037741023,0.4277
0.11097010636587346,0.4278
0.1117787551870314,0.4279
0.11223382338797705,0.42800000000000005
0.11233867974120315,0.42810000000000004
0.11210560272624093,0.4282
0.11153767628316102,0.4283
0.10940497774909863,0.4284
0.10641105561623454,0.42850000000000005
0.10323952591083951,0.42860000000000004
0.09993645937870255,0.4287
0.09652175196484492,0.4288
0.09301363905830362,0.4289
0.08943387627739219,0.42900000000000005
0.08580865917652969,0.42910000000000004
0.08216744232967843,0.4292
0.0785406515668925,0.4293
0.07495754736081017,0.4294
0.07133839170533174,0.4295
0.06771715635035169,0.42960000000000004
0.06419331360656055,0.4297
0.060636537864512285,0.4298
0.057130520710767074,0.4299
0.05376718641698219,0.43
0.050571568430943126,0.43010000000000004
0.047254852407245584,0.4302
0.04409255520284261,0.4303
0.04078174084729569,0.4304
0.037673357156381204,0.4305
0.034563461948527774,0.43060000000000004
0.031560466902686324,0.4307
0.02856735208055783,0.4308
0.025727944720732143,0.4309
0.023211423659786456,0.431
0.021067333485805806,0.43110000000000004
0.01933256559218255,0.4312
0.017661458411349695,0.4313
0.016314687547490436,0.4314
0.015422775122363008,0.4315
0.014946816858611989,0.43160000000000004
0.014727858697846319,0.43170000000000003
0.014914204803933018,0.4318
0.015615778728162777,0.4319
0.016856000116772574,0.432
0.018636117222902593,0.43210000000000004
0.020935822248054903,0.43220000000000003
0.023722318933958375,0.4323
0.02695276375753619,0.4324
0.0305780274894627,0.4325
0.034543644919452055,0.43260000000000004
0.03876956559232192,0.43270000000000003
0.043171263760050094,0.4328
0.04771050313727909,0.4329
0.052356863321532776,0.433
0.05706308668486271,0.43310000000000004
0.06178436552684907,0.43320000000000003
0.06647408555745926,0.4333
0.07109264795422521,0.4334
0.07560417698865762,0.4335
0.07997488657530183,0.43360000000000004
0.08417525313295893,0.43370000000000003
0.08817663229776751,0.4338
0.09195404464491364,0.4339
0.09548377468046831,0.434
0.09874214122650449,0.43410000000000004
0.10169593304135138,0.43420000000000003
0.10432612552992959,0.4343
0.10663834052869081,0.4344
0.10862644388527287,0.4345
0.11027687966565536,0.43460000000000004
0.11158501633031415,0.43470000000000003
0.11254613178915762,0.4348
0.11315542301113435,0.4349
0.11341524699309635,0.435
0.11333741355092863,0.43510000000000004
0.11292417786425313,0.43520000000000003
0.11096888535763572,0.4353
0.1080617982275972,0.4354
0.10499208868059717,0.4355
0.10177548027275374,0.43560000000000004
0.09842154577119511,0.43570000000000003
0.0949635786663463,0.4358
0.0914238791794807,0.4359
0.08782872573313527,0.436
0.08420765760225224,0.43610000000000004
0.08059124255895167,0.43620000000000003
0.07700897161442233,0.4363
0.07348831174603221,0.4364
0.06993676445401675,0.4365
0.0663959441898746,0.43660000000000004
0.06296729387445676,0.43670000000000003
0.05949731717986806,0.4368
0.05609572449352496,0.4369
0.05284924159329263,0.437
0.04976919223314069,0.43710000000000004
0.04656072966586455,0.43720000000000003
0.04349877513614531,0.4373
0.04032656180211247,0.4374
0.03737071825825855,0.4375
0.03438930225449588,0.43760000000000004
0.03154555639560508,0.43770000000000003
0.02870362194299103,0.4378
0.02603564481293774,0.4379
0.02370501389108637,0.438
0.02176198024372078,0.43810000000000004
0.020241336570378632,0.43820000000000003
0.018768412002014845,0.4383
0.017642175243303804,0.4384
0.016973776553941056,0.4385
0.016714468255937476,0.43860000000000005
0.01669727013393585,0.43870000000000003
0.017081991659537943,0.4388
0.017968563313815133,0.4389
0.01937516652602489,0.439
0.021298313892847087,0.43910000000000005
0.023716236843122518,0.43920000000000003
0.02659541717631697,0.4393
0.029894169931920844,0.4394
0.03356431776597457,0.4395
0.03753171399825961,0.43960000000000005
0.041715888540945434,0.43970000000000004
0.0460765389010771,0.4398
0.050579604199664674,0.4399
0.05517517743404943,0.44
0.05981498395419749,0.44010000000000005
0.06444960015881429,0.44020000000000004
0.0690360129610994,0.4403
0.07353567673122485,0.4404
0.07791220172567459,0.4405
0.08213409845953057,0.44060000000000005
0.08617069507109443,0.44070000000000004
0.08999523505121154,0.4408
0.09358199554152102,0.4409
0.09690912774398719,0.441
0.09995245723680402,0.44110000000000005
0.10268016938753532,0.44120000000000004
0.10507384621864968,0.4413
0.10714030596093427,0.4414
0.10887523927438436,0.4415
0.11026549299594879,0.44160000000000005
0.11130878192078364,0.44170000000000004
0.11200079854116118,0.4418
0.11233887816208643,0.4419
0.11232582741731456,0.442
0.1119748413400844,0.44210000000000005
0.11126762204194074,0.44220000000000004
0.10841479882152982,0.4423
0.10535080087786663,0.4424
0.10213305018546592,0.4425
0.09879478850413814,0.44260000000000005
0.09535028702699866,0.44270000000000004
0.09181914861493123,0.4428
0.08822363826480717,0.4429
0.08459170307707453,0.443
0.08095356376276819,0.4431
0.07733979672358482,0.44320000000000004
0.0737791091721175,0.4433
0.07012802534390061,0.4434
0.06653731075450742,0.4435
0.06305024170127715,0.4436
0.05946570557807451,0.44370000000000004
0.05600426087655541,0.44380000000000003
0.052695734915300774,0.4439
0.04947692167810169,0.444
0.046202406264373996,0.4441
0.042997188113963025,0.44420000000000004
0.03975377980993078,0.44430000000000003
0.03672613661532087,0.4444
0.03356667976027139,0.4445
0.030631729647957018,0.4446
0.027605865268860885,0.44470000000000004
0.02486517338510663,0.44480000000000003
0.022468989526989835,0.4449
0.020460360643852038,0.445
0.0188054235035775,0.4451
0.01719226660285922,0.44520000000000004
0.015992677096732022,0.44530000000000003
0.015265899199863986,0.4454
0.014897005749814118,0.4455
0.014771991819494845,0.4456
0.0151263248376865,0.44570000000000004
0.016005931962598696,0.44580000000000003
0.017427483319506276,0.4459
0.019383948492482483,0.446
0.02184962439017224,0.4461
0.024788339133854143,0.44620000000000004
0.028154919780367882,0.44630000000000003
0.0318985466837447,0.4464
0.03594202034121419,0.4465
0.040203017321912116,0.4466
0.04464029487650989,0.44670000000000004
0.04922014147198572,0.44680000000000003
0.05389313075962532,0.4469
0.05861177971175935,0.447
0.06332755211076524,0.4471
0.06799817162647914,0.44720000000000004
0.07258593327195184,0.44730000000000003
0.0770547909853525,0.4474
0.08137371645839886,0.4475
0.0855119842801253,0.4476
0.08944306544828007,0.44770000000000004
0.09314117767606689,0.44780000000000003
0.09658472324956013,0.4479
0.09974960157597168,0.448
0.10260419775229157,0.4481
0.10512998716460853,0.44820000000000004
0.10733329597970176,0.44830000000000003
0.10920938341639141,0.4484
0.1107444329881565,0.4485
0.11193552291855091,0.4486
0.11277741231146365,0.44870000000000004
0.11326676276572512,0.44880000000000003
0.11340548138437567,0.4489
0.1132063331987212,0.449
0.11267157244940385,0.4491
0.10999024296906257,0.44920000000000004
0.10701530358641942,0.44930000000000003
0.1039009336212059,0.4494
0.10063064047239345,0.4495
0.09724031665755828,0.4496
0.09375300947976384,0.44970000000000004
0.09019126704614888,0.44980000000000003
0.08658294382947196,0.4499
0.08295836975305004,0.45
0.07934832688914384,0.4501
0.07578189345417541,0.45020000000000004
0.07228605768103535,0.45030000000000003
0.0686923021109408,0.4504
0.06518341249906423,0.4505
0.061773313382904926,0.4506
0.05828316739654116,0.45070000000000005
0.05492882036623814,0.45080000000000003
0.051739969676733555,0.4509
0.048607598313421096,0.451
0.045459001692441436,0.4511
0.042341354007133125,0.45120000000000005
0.03923894796840832,0.45130000000000003
0.036338641609421574,0.4514
0.033332907520274624,0.4515
0.030557450732439317,0.4516
0.02769942252519897,0.45170000000000005
0.02513790484017897,0.45180000000000003
0.022935378102661552,0.4519
0.021135054902021055,0.452
0.01967484906414807,0.4521
0.018279518284646024,0.45220000000000005
0.017305190661497383,0.45230000000000004
0.01680498444815548,0.4524
0.01664646407316983,0.4525
0.01671719872693811,0.4526
0.017271302877895023,0.45270000000000005
0.01833690415666256,0.45280000000000004
0.01992524680159269,0.4529
0.022024860387849676,0.453
0.024608923055208454,0.4531
0.027640726490492984,0.45320000000000005
0.031076350802689,0.45330000000000004
0.03486581385253151,0.4534
0.038933012511827014,0.4535
0.04319622051504046,0.4536
0.04761596301718107,0.45370000000000005
0.052159570874207306,0.45380000000000004
0.056777829127818036,0.4539
0.06142356403936111,0.454
0.06604833932339937,0.4541
0.07061053217985702,0.45420000000000005
0.07507288929440481,0.45430000000000004
0.07940030980357227,0.4544
0.08356244495580267,0.4545
0.08752962909838469,0.4546
0.09127606261029064,0.45470000000000005
0.09477689641721443,0.45480000000000004
0.09800744369239867,0.4549
0.10093343471114113,0.455
0.10353506335567586,0.4551
0.10581751516791593,0.45520000000000005
0.1077743833148278,0.45530000000000004
0.10939208213331464,0.4554
0.11066603575053435,0.4555
0.11159186498615647,0.4556
0.11216500877338054,0.45570000000000005
0.11238830423828372,0.45580000000000004
0.11227383579124917,0.4559
0.11182423159778698,0.456
0.11036869385801473,0.4561
0.10744266553909754,0.4562
0.10431907402872453,0.45630000000000004
0.10105438141610723,0.45640000000000003
0.09767370677675613,0.4565
0.09419384632420014,0.4566
0.09063577458074046,0.4567
0.08702372409065984,0.45680000000000004
0.08338621050218442,0.45690000000000003
0.0797534940632062,0.457
0.07615553405563558,0.4571
0.07258320072834934,0.4572
0.06894083902557258,0.45730000000000004
0.06538514074760393,0.45740000000000003
0.06187332213720165,0.4575
0.0583275274088173,0.4576
0.05491368742000158,0.4577
0.05165992354690929,0.45780000000000004
0.048397843211180236,0.45790000000000003
0.045178406694833084,0.458
0.04192685860812784,0.4581
0.03875162733641502,0.4582
0.03569729395879562,0.45830000000000004
0.03261642881036919,0.45840000000000003
0.029666142305794896,0.4585
0.026733582586810467,0.4586
0.024103381549631875,0.4587
0.02183085890465919,0.45880000000000004
0.019956567884239496,0.45890000000000003
0.0183047551428972,0.459
0.016823620414500695,0.4591
0.01577507733288841,0.4592
0.015197642505923259,0.45930000000000004
0.014888568813316905,0.45940000000000003
0.014907978869462601,0.4595
0.015430159554834955,0.4596
0.016484718344065286,0.4597
0.01808064343020277,0.45980000000000004
0.020203949721212533,0.45990000000000003
0.022825262856872808,0.46
0.02590528231463618,0.4601
0.029396955775835565,0.4602
0.03324771087390155,0.46030000000000004
0.037378983266021404,0.46040000000000003
0.04170739113816957,0.4605
0.04619313630144073,0.4606
0.05080417221720057,0.4607
0.05549202974949141,0.46080000000000004
0.06021048914883198,0.46090000000000003
0.06491184123123184,0.461
0.06955506348613316,0.4611
0.07410329341194477,0.4612
0.07852158145150412,0.46130000000000004
0.08277964660968484,0.46140000000000003
0.08684777154539436,0.4615
0.09070020740473872,0.4616
0.09431213207910649,0.4617
0.09766278949104756,0.46180000000000004
0.10072888029260285,0.46190000000000003
0.10347956008343362,0.462
0.10589699012841203,0.4621
0.10798838160530277,0.4622
0.10974953324977188,0.46230000000000004
0.11116731755197629,0.46240000000000003
0.11223925787222977,0.4625
0.11296076050291459,0.4626
0.1133288746294484,0.4627
0.11334606713879791,0.46280000000000004
0.11302531166987906,0.46290000000000003
0.1118229431918184,0.463
0.10898278786356375,0.4631
0.10595799939445949,0.4632
0.10279416446963563,0.46330000000000005
0.09948030322443158,0.46340000000000003
0.09605545699451501,0.4635
0.09254058022081213,0.4636
0.08896004545583547,0.4637
0.0853428624378828,0.46380000000000005
0.08171975438229084,0.46390000000000003
0.07812110068363698,0.464
0.07457536382531849,0.4641
0.07104785688187554,0.4642
0.06747457429676984,0.46430000000000005
0.06400345743780045,0.46440000000000003
0.06055183974606215,0.4645
0.05710337384540631,0.4646
0.05380125763246624,0.4647
0.050672530206316235,0.46480000000000005
0.04748075041123356,0.46490000000000004
0.04439300374511368,0.465
0.04121214016717567,0.4651
0.03818147714317055,0.4652
0.035227081512724245,0.46530000000000005
0.03230306353070156,0.46540000000000004
0.02947837209315285,0.4655
0.026716923049670882,0.4656
0.024274871824279343,0.4657
0.02220769109010523,0.46580000000000005
0.020553965908672867,0.46590000000000004
0.019078664357734976,0.466
0.01782498106243602,0.4661
0.017012919519002523,0.4662
0.016655463243243407,0.46630000000000005
0.016551209528542055,0.46640000000000004
0.016789429548022428,0.4665
0.01752285230975903,0.4666
0.018774607781549157,0.4667
0.02054754040351736,0.46680000000000005
0.02282415712626662,0.46690000000000004
0.025573724740487913,0.467
0.028756635777734907,0.4671
0.032326387866830286,0.4672
0.036231171840480636,0.46730000000000005
0.04039294845514685,0.46740000000000004
0.04472878150758386,0.4675
0.04920044253613587,0.4676
0.053776976064982884,0.4677
0.05841038837795853,0.46780000000000005
0.06305497789237802,0.46790000000000004
0.0676635815958837,0.468
0.07219594376530758,0.4681
0.07661604485844786,0.4682
0.08088983240730019,0.46830000000000005
0.08498793808303906,0.46840000000000004
0.0888815760695123,0.4685
0.092545840772985,0.4686
0.09595679721067674,0.4687
0.09909066239667697,0.46880000000000005
0.10191403979361713,0.46890000000000004
0.10440799311983429,0.46900000000000003
0.10657871092837845,0.4691
0.10842049720981739,0.4692
0.10992052338886693,0.4693
0.11107479687312793,0.46940000000000004
0.11187961097711352,0.46950000000000003
0.11233084576530994,0.4696
0.11243186701794816,0.4697
0.11219494566845079,0.4698
0.11162316630541325,0.46990000000000004
0.1094028686595665,0.47000000000000003
0.10640924142639852,0.4701
0.10323742436099059,0.4702
0.09993455099138426,0.4703
0.09651980389747261,0.47040000000000004
0.09301164806756446,0.47050000000000003
0.08943195049029107,0.4706
0.08580720199132241,0.4707
0.08216700956286649,0.4708
0.07854186032952737,0.47090000000000004
0.07496097180340366,0.47100000000000003
0.07135086862432172,0.4711
0.0677326786738307,0.4712
0.06421200324100407,0.4713
0.06066576850083194,0.47140000000000004
0.05716327857670911,0.47150000000000003
0.05380346639572453,0.4716
0.05061165375300214,0.4717
0.047308048473966746,0.4718
0.044151078928934995,0.47190000000000004
0.04085197377422589,0.47200000000000003
0.03774745558991732,0.4721
0.0346512366642826,0.4722
0.031651802978224675,0.4723
0.02867239347738537,0.47240000000000004
0.02583631202914094,0.47250000000000003
0.02332233399464645,0.4726
0.02118060268272237,0.4727
0.019448302652703253,0.4728
0.017794737956151607,0.47290000000000004
0.01645201643552552,0.47300000000000003
0.015562358641522334,0.4731
0.015093937273277902,0.4732
0.014882536730066454,0.4733
0.015068455105395673,0.47340000000000004
0.015767491634560926,0.47350000000000003
0.017003251514356554,0.4736
0.018777410875444156,0.4737
0.02107008969004953,0.4738
0.023848793978518357,0.47390000000000004
0.027071047671351378,0.47400000000000003
0.03068802605695886,0.4741
0.034645525542966515,0.4742
0.038863722958117464,0.4743
0.04325824051273264,0.47440000000000004
0.047790795893643656,0.47450000000000003
0.05243085444718254,0.4746
0.05713105978702426,0.4747
0.061846474727723755,0.4748
0.0665303985510931,0.47490000000000004
0.07114312744895612,0.47500000000000003
0.07564873133258132,0.4751
0.08001336590300723,0.4752
0.08420748347635676,0.4753
0.08820239719553413,0.47540000000000004
0.09197309636658668,0.47550000000000003
0.09549581518672823,0.4756
0.09874682778310817,0.4757
0.10169287758223,0.4758
0.10431491869737441,0.47590000000000005
0.10661859459733902,0.47600000000000003
0.1085977911780368,0.4761
0.11023899125998482,0.4762
0.11153760606153351,0.4763
0.112488976456668,0.47640000000000005
0.11308834928202027,0.47650000000000003
0.11333814589348656,0.4766
0.11325021625931453,0.4767
0.11282686610680526,0.4768
0.1108675196226322,0.47690000000000005
0.10795480989570938,0.47700000000000004
0.10488000611752424,0.4771
0.10165465629848036,0.4772
0.09829598576319021,0.4773
0.09483402091592386,0.47740000000000005
0.09129098936706259,0.47750000000000004
0.08769311371618094,0.4776
0.08406992094614141,0.4777
0.08045196446722092,0.4778
0.07686873370549518,0.47790000000000005
0.07334768619853238,0.47800000000000004
0.0697828826718424,0.4781
0.06624189262825719,0.4782
0.0628141365597421,0.4783
0.05932954429906889,0.47840000000000005
0.05592891419139456,0.47850000000000004
0.05268455717153886,0.4786
0.049586889777696985,0.4787
0.04638047119261479,0.4788
0.04330080736405373,0.47890000000000005
0.040131947981617566,0.47900000000000004
0.03718136306156805,0.4791
0.03418137124827525,0.4792
0.031343104197213645,0.4793
0.0284840419711625,0.47940000000000005
0.025823757549200854,0.47950000000000004
0.023504082296168072,0.4796
0.02157391180554291,0.4797
0.020067280673546906,0.4798
0.01857629322041099,0.47990000000000005
0.01746206294411934,0.48000000000000004
0.01680975415117425,0.4801
0.01655567955359416,0.4802
0.016542528587879968,0.4803
0.01694674061405199,0.48040000000000005
0.017855708903455225,0.48050000000000004
0.019286782393490354,0.4806
0.021235287143055892,0.4807
0.02367852131735848,0.4808
0.026582376607925395,0.48090000000000005
0.029904569499199507,0.48100000000000004
0.03359645902274644,0.4811
0.0375834151179657,0.4812
0.04178462680707162,0.4813
0.0461598230432676,0.48140000000000005
0.05067510652011653,0.48150000000000004
0.055280675954945346,0.48160000000000003
0.059928419117079024,0.4817
0.06456909898371899,0.4818
0.0691599135825689,0.48190000000000005
0.07366254796181793,0.48200000000000004
0.07804078794036406,0.48210000000000003
0.08226332268726799,0.4822
0.08629959558726463,0.4823
0.09012299413370961,0.4824
0.0937079111323037,0.48250000000000004
0.09703265499257263,0.48260000000000003
0.100073178847083,0.4827
0.10279780060032317,0.4828
0.10518819723128159,0.4829
0.10725125780337119,0.48300000000000004
0.10898271714770302,0.48310000000000003
0.11036944189938214,0.4832
0.11140917059771349,0.4833
0.11209759474271719,0.4834
0.11243206341513623,0.48350000000000004
0.11241537464420981,0.48360000000000003
0.11206072597892092,0.4837
0.11127081089356727,0.4838
0.10841240249707251,0.4839
0.1053508575816855,0.48400000000000004
0.10213316882440271,0.48410000000000003
0.09879471277158336,0.4842
0.09534996824644815,0.4843
0.09181867052231918,0.4844
0.08822335187936559,0.48450000000000004
0.0845921194673307,0.48460000000000003
0.08095526038184964,0.4847
0.07734332063968707,0.4848
0.0737849603063806,0.4849
0.07014317711491247,0.48500000000000004
0.0665554655021684,0.48510000000000003
0.06307524404490383,0.4852
0.059497290359655564,0.4853
0.05603899728459072,0.4854
0.052733719936548296,0.48550000000000004
0.04952715326038559,0.48560000000000003
0.046256028740436106,0.4857
0.04306169625334855,0.4858
0.039820743625147426,0.4859
0.03679588905118747,0.48600000000000004
0.033656234658953954,0.48610000000000003
0.030739871772680116,0.4862
0.02772958413629434,0.4863
0.024992304057403603,0.4864
0.022598045621429197,0.48650000000000004
0.020590469299676117,0.48660000000000003
0.018954601965420315,0.4867
0.017343204902961595,0.4868
0.016143659012928913,0.4869
0.015415439907781492,0.48700000000000004
0.015052428137447338,0.48710000000000003
0.014934354935106864,0.4872
0.015285585931835488,0.4873
0.016159705393911983,0.4874
0.0175734094620541,0.48750000000000004
0.019520704251277055,0.48760000000000003
0.021976163294813666,0.4877
0.024904317524637953,0.4878
0.028260233838681925,0.4879
0.031993595436505595,0.48800000000000004
0.03602742475703047,0.48810000000000003
0.040279626373987076,0.4882
0.044708887987970236,0.4883
0.04928133535132173,0.4884
0.053947493843137684,0.48850000000000005
0.05865969241782021,0.48860000000000003
0.06336939082600745,0.4887
0.06803405709743837,0.4888
0.07261596831918626,0.4889
0.07707884214304694,0.48900000000000005
0.08139169554949,0.48910000000000003
0.08552368791093778,0.4892
0.08944837254706361,0.4893
0.09313992567694607,0.4894
0.09657676471460508,0.48950000000000005
0.09973477491895255,0.48960000000000004
0.10258226490328326,0.4897
0.1051007440212639,0.4898
0.10729644530981242,0.4899
0.10916473131841242,0.49000000000000005
0.11069167869806107,0.49010000000000004
0.11187452702399492,0.4902
0.1127079635698175,0.4903
0.11318882938190977,0.4904
0.11331898508844862,0.49050000000000005
0.11311133619051517,0.49060000000000004
0.1125681077273627,0.4907
0.10989479984732575,0.4908
0.10691508867671384,0.4909
0.10379469080528803,0.49100000000000005
0.10051668978144335,0.49110000000000004
0.0971225081672612,0.4912
0.09363211818147943,0.4913
0.09006795673339374,0.4914
0.0864577838167232,0.49150000000000005
0.0828318931977613,0.49160000000000004
0.07922104407748354,0.4917
0.07565431306530024,0.4918
0.07215400782908177,0.4919
0.0685527478470701,0.49200000000000005
0.06504452912243486,0.49210000000000004
0.06162191729915556,0.4922
0.05813298754863405,0.4923
0.0547808438769557,0.4924
0.05159470642889796,0.49250000000000005
0.04844620889839191,0.49260000000000004
0.04530002525828536,0.4927
0.04216636669413987,0.4928
0.03906826503658101,0.4929
0.03615038054892228,0.49300000000000005
0.0331474756568666,0.49310000000000004
0.03034156688574874,0.4932
0.027486240730195455,0.4933
0.024932334515457955,0.4934
0.022739914339005463,0.49350000000000005
0.02095108949284019,0.49360000000000004
0.01946895166641971,0.4937
0.018085271646111956,0.4938
0.01712685002520198,0.4939
0.016645543455730216,0.49400000000000005
0.016477014646137933,0.49410000000000004
0.01656563132165023,0.49420000000000003
0.01714070969150905,0.4943
0.018230325144833914,0.4944
0.019844087456257764,0.49450000000000005
0.02196977965222824,0.49460000000000004
0.024579552709284025,0.49470000000000003
0.027636311214885634,0.4948
0.03109530846311559,0.4949
0.03490617585429279,0.49500000000000005
0.03899219142876231,0.49510000000000004
0.04327137584574725,0.49520000000000003
0.0477043412959397,0.4953
0.05225875807368108,0.4954
0.05688565118630229,0.4955
0.06153810472814858,0.49560000000000004
0.06616794637703327,0.49570000000000003
0.07073371697421504,0.4958
0.07519844487498828,0.4959
0.07952712496240677,0.496
0.08368964941487544,0.49610000000000004
0.0876563889514903,0.49620000000000003
0.09140171369291095,0.4963
0.09490080042464188,0.4964
0.09812908879651894,0.4965
0.1010523799019385,0.49660000000000004
0.10365095659047208,0.49670000000000003
0.10593012539891056,0.4968
0.10788350749413078,0.4969
0.10949766094076985,0.497
0.11076797241877656,0.49710000000000004
0.11169019204633734,0.49720000000000003
0.11225966084628247,0.4973
0.11247931529696864,0.4974
0.11236111444484942,0.4975
0.1119077678122401,0.49760000000000004
0.11036841327089464,0.49770000000000003
0.10744077537810726,0.4978
0.10432086636248694,0.4979
0.10105674110115792,0.498
0.09767617465478606,0.49810000000000004
0.09419624716774366,0.49820000000000003
0.0906381023822358,0.4983
0.08702626782497003,0.4984
0.0833893900207281,0.4985
0.07975767257052735,0.49860000000000004
0.07616082049118456,0.49870000000000003
0.07259411557034812,0.4988
0.06895208073544445,0.4989
0.06539748588162242,0.499
0.06189619123162993,0.49910000000000004
0.05835621230906529,0.49920000000000003
0.05494860302343585,0.4993
0.051701244963331394,0.4994
0.04846025808073895,0.4995
0.04524665732013333,0.49960000000000004
0.042013961017753454,0.49970000000000003
0.038841955592133326,0.4998
0.0358024768263574,0.4999
0.032722823331346795,0.5
0.029783529820123666,0.5001
0.026851545028679924,0.5002
0.02422120228450586,0.5003000000000001
0.02194829285675537,0.5004000000000001
0.020073637441694325,0.5005000000000001
0.0184361558301529,0.5006
0.016956663293769436,0.5007
0.01590827222774638,0.5008
0.015336878856847536,0.5009
0.015033608968148204,0.501
0.015050380330223545,0.5011
0.01556775600009308,0.5012
0.016615490621620266,0.5013000000000001
0.018203215146731733,0.5014000000000001
0.020317285701425325,0.5015000000000001
0.022928868824446225,0.5016
0.02599887240887222,0.5017
0.029480750858971616,0.5018
0.03332206166296592,0.5019
0.03744463109004603,0.502
0.0417651448857006,0.5021
0.04624381471305283,0.5022
0.05084842577851911,0.5023
0.05553037393214266,0.5024000000000001
0.06024331536838923,0.5025000000000001
0.06493937245997361,0.5026
0.06957748911563844,0.5027
0.07412065489923425,0.5028
0.07853397446647103,0.5029
0.08278705119869345,0.503
0.0868502382006151,0.5031
0.09069766688299918,0.5032
0.09430453889666746,0.5033
0.09764997022315924,0.5034000000000001
0.10071064162427279,0.5035000000000001
0.10345561217715515,0.5036
0.10586702147808646,0.5037
0.10795208114670973,0.5038
0.10970659149052508,0.5039
0.11111748578426595,0.504
0.11218230015981145,0.5041
0.1128965476902477,0.5042
0.11325728291508053,0.5043
0.11326708256529683,0.5044000000000001
0.11293890031975218,0.5045000000000001
0.11173612735443128,0.5046
0.10889152816843928,0.5047
0.10586275637122267,0.5048
0.10269231451091032,0.5049
0.09937499066230093,0.505
0.09594729477031194,0.5051
0.09243010344226166,0.5052
0.08884772780263162,0.5053
0.08522916279603898,0.5054000000000001
0.08160512450207558,0.5055000000000001
0.07800600022458226,0.5056
0.07446025285989899,0.5057
0.07092283693067147,0.5058
0.06734972504449332,0.5059
0.06387959669045495,0.506
0.060416918435056255,0.5061
0.056969424890633835,0.5062
0.053669131083213584,0.5063
0.050542632046890246,0.5064000000000001
0.04733574735331225,0.5065000000000001
0.04424983488175793,0.5066
0.041053492663767344,0.5067
0.03802574605639286,0.5068
0.03505598949083355,0.5069
0.032136261912945274,0.507
0.02929771586521346,0.5071
0.026542046348804638,0.5072
0.024108111165254575,0.5073
0.022050480205314527,0.5074000000000001
0.020407209245210334,0.5075000000000001
0.01891718944564258,0.5076
0.017672392642165358,0.5077
0.016872362381840755,0.5078
0.016517787214131996,0.5079
0.01641550064056685,0.508
0.016668596309855177,0.5081
0.017419396046209457,0.5082
0.01869042734642834,0.5083
0.02048359836994873,0.5084000000000001
0.022780658056104075,0.5085000000000001
0.02555036341939254,0.5086
0.02875257944761178,0.5087
0.032340366973521384,0.5088
0.03626156665023372,0.5089
0.04043780488687321,0.509
0.04478592891856814,0.5091
0.04926783541175506,0.5092
0.05385276808690276,0.5093
0.05849290304328303,0.5094000000000001
0.0631427417276883,0.5095000000000001
0.06775529092914223,0.5096
0.07229047895140805,0.5097
0.0767124280935263,0.5098
0.08098721034170209,0.5099
0.08508555746341984,0.51
0.0889787890125242,0.5101
0.09264210355285984,0.5102
0.09605168509438788,0.5103
0.09918386555340264,0.5104000000000001
0.10200535381586906,0.5105000000000001
0.10449730230892285,0.5106
0.10666596093111524,0.5107
0.10850567515483855,0.5108
0.1100036382017644,0.5109
0.11115587368969349,0.511
0.1119586745157154,0.5111
0.11240792393441856,0.5112
0.11250697728824799,0.5113
0.11226809831470763,0.5114000000000001
0.11169436608036143,0.5115000000000001
0.1094086492851386,0.5116
0.10641575355586563,0.5117
0.10324424886514882,0.5118
0.09994201448100648,0.5119
0.09652769093070002,0.512
0.09301991415712496,0.5121
0.08944063394212143,0.5122
0.08581656326622356,0.5123
0.08217742395079042,0.5124000000000001
0.07855374930361314,0.5125000000000001
0.07497472444990261,0.5126000000000001
0.07137275162594403,0.5127
0.06775705755518757,0.5128
0.06423887899669878,0.5129
0.06070208436011404,0.513
0.057202326003509274,0.5131
0.05384498260000359,0.5132
0.050655457195559084,0.5133
0.0473621999896181,0.5134000000000001
0.04420799009118781,0.5135000000000001
0.04092471045371626,0.5136000000000001
0.037825863896280065,0.5137
0.03475132855192964,0.5138
0.03175626936425191,0.5139
0.02879567504358027,0.514
0.025960977736985802,0.5141
0.023446749120355825,0.5142
0.02130413836677847,0.5143
0.01957091970662339,0.5144000000000001
0.01793269835447875,0.5145000000000001
0.016590637032992683,0.5146000000000001
0.015699638445280106,0.5147
0.015235551248251822,0.5148
0.015028789999343761,0.5149
0.015210877567265024,0.515
0.015903725765307852,0.5151
0.01713142815104618,0.5152
0.018896107296002995,0.5153
0.021178562960916247,0.5154
0.023946586497118227,0.5155000000000001
0.027158132072105046,0.5156000000000001
0.030764618695698243,0.5157
0.03471207062005033,0.5158
0.03892092847113848,0.5159
0.04330694817121228,0.516
0.04783189105049246,0.5161
0.052465023318174486,0.5162
0.05715894853340897,0.5163
0.06186846040439298,0.5164
0.06654681685963437,0.5165000000000001
0.07115411732323373,0.5166000000000001
0.07565444970785962,0.5167
0.08001389636208978,0.5168
0.08420293370073817,0.5169
0.08819284833226348,0.517
0.09195857306974298,0.5171
0.09547632041046206,0.5172
0.09872223332034546,0.5173
0.10166306645689349,0.5174
0.10427964131100242,0.5175000000000001
0.1065776968200316,0.5176000000000001
0.10855102792946114,0.5177
0.11018624064080895,0.5178
0.11147869112501907,0.5179
0.11242384519964321,0.518
0.11301692434462751,0.5181
0.11326043985758139,0.5182
0.11316623828718841,0.5183
0.11273666289506601,0.5184
0.11079081452954298,0.5185000000000001
0.10787447102217707,0.5186000000000001
0.10479607041239891,0.5187
0.10156318402636666,0.5188
0.09820135863912804,0.5189
0.09473689692039844,0.519
0.0911919174231205,0.5191
0.08759252673810358,0.5192
0.08396820732892707,0.5193
0.08034948256807983,0.5194
0.07676584579579937,0.5195000000000001
0.07324475615020731,0.5196000000000001
0.06966971104840569,0.5197
0.06612887876887241,0.5198
0.06270206112709609,0.5199
0.059206486977221306,0.52
0.05580686548015912,0.5201
0.05256432039662284,0.5202
0.049453333344299244,0.5203
0.04624857724028231,0.5204
0.04315551308224408,0.5205000000000001
0.03998919935327239,0.5206000000000001
0.0370425089656059,0.5207
0.034028183342448504,0.5208
0.03119386606699104,0.5209
0.028321337379514144,0.521
0.025666532878342974,0.5211
0.023354697968764437,0.5212
0.021433652735655784,0.5213
0.019936846657741203,0.5214
0.018431079005735373,0.5215000000000001
0.01732502110659273,0.5216000000000001
0.016683964589954137,0.5217
0.01643285114280002,0.5218
0.016421798919587616,0.5219
0.01683979214955378,0.522
0.017764724680403576,0.5221
0.019213317060807977,0.5222
0.021180003121912705,0.5223
0.023641389542164548,0.5224
0.02656293171221602,0.5225000000000001
0.029901909496392154,0.5226000000000001
0.03360933601080407,0.5227
0.03761023766782601,0.5228
0.041823552480563686,0.5229
0.04620904945993609,0.523
0.05073295474251771,0.5231
0.055345566743384644,0.5232
0.05999889840814332,0.5233
0.06464386897043306,0.5234
0.06923783543323592,0.5235000000000001
0.07374266356687809,0.5236000000000001
0.0781222692090171,0.5237
0.08234547590008168,0.5238
0.08638181273673251,0.5239
0.0902047721973891,0.524
0.09378883685122397,0.5241
0.09711242818959509,0.5242
0.10015160085200847,0.5243
0.10287476671140705,0.5244
0.10526367806870685,0.5245000000000001
0.1073252610343377,0.5246000000000001
0.10905528409284293,0.5247
0.11044061597844501,0.5248
0.11147901182032816,0.5249
0.11216614852377715,0.525
0.11249938325447117,0.5251
0.11248149519658412,0.5252
0.11212568085273122,0.5253
0.1112818067573722,0.5254
0.10842230116358065,0.5255000000000001
0.10536315563422938,0.5256000000000001
0.1021464667028037,0.5257000000000001
0.09880877232151364,0.5258
0.0953646959460066,0.5259
0.091834053925819,0.526
0.08823955548520568,0.5261
0.08460940954560625,0.5262
0.08097394532545465,0.5263
0.077363687298592,0.5264
0.0738072645122797,0.5265000000000001
0.0701732012350994,0.5266000000000001
0.066587875048022,0.5267000000000001
0.06310995946019193,0.5268
0.05954078019339115,0.5269
0.056084961173328285,0.527
0.05278184397749275,0.5271
0.0495848025270218,0.5272
0.04631534121748593,0.5273
0.043133189979243536,0.5274
0.03989660804166273,0.5275000000000001
0.03687634531224515,0.5276000000000001
0.033757918136466225,0.5277000000000001
0.03084565999619393,0.5278
0.027854271125976604,0.5279
0.025118032529665157,0.528
0.022722975768633136,0.5281
0.020713875791507297,0.5282
0.019091200717449297,0.5283
0.017479620582984357,0.5284
0.016278429840355324,0.5285000000000001
0.015547077788210517,0.5286000000000001
0.015188030983767309,0.5287000000000001
0.015074529846702767,0.5288
0.015420808418763476,0.5289
0.016287430400635516,0.529
0.01769177956543566,0.5291
0.019628484825896297,0.5292
0.022072823255441243,0.5293
0.024989665468586608,0.5294
0.02833443867856067,0.5295
0.03205703401876403,0.5296000000000001
0.036080718751198226,0.5297000000000001
0.040323607184244326,0.5298
0.044744378070820545,0.5299
0.0493091691485823,0.53
0.05396838107863955,0.5301
0.05867430890800551,0.5302
0.06337820047220855,0.5303
0.06803746188795412,0.5304
0.07261419394017199,0.5305
0.07707210261826891,0.5306000000000001
0.08138012502922376,0.5307000000000001
0.08550741767299308,0.5308
0.08942750475964167,0.5309
0.09311450422616196,0.531
0.09654682442803098,0.5311
0.09970024140838951,0.5312
0.10254308767918996,0.5313
0.10505675870971265,0.5314
0.10724757582624933,0.5315
0.10911081811602308,0.5316000000000001
0.11063267410178113,0.5317000000000001
0.11181033250860672,0.5318
0.11263859077572436,0.5319
0.11311426278697967,0.532
0.11323928071179368,0.5321
0.11302653972417243,0.5322
0.11247828898187162,0.5323
0.10982707257851232,0.5324
0.10684472524955135,0.5325
0.10371738991317003,0.5326000000000001
0.10043637794680271,0.5327000000000001
0.09703983336913413,0.5328
0.09354760372004711,0.5329
0.08998205717473418,0.533
0.08637086438424646,0.5331
0.08274425587393897,0.5332
0.07913295770105555,0.5333
0.07556603659895023,0.5334
0.07205630886352121,0.5335
0.0684549378523076,0.5336000000000001
0.064947232587371,0.5337000000000001
0.061514495460311513,0.5338
0.05802615068967909,0.5339
0.054675280962882766,0.534
0.05149071641837999,0.5341
0.048329305943830336,0.5342
0.04518447785178781,0.5343
0.04203802742555274,0.5344
0.0389422188965578,0.5345
0.03601172944998465,0.5346000000000001
0.03301221060785586,0.5347000000000001
0.03019483269746348,0.5348
0.027343987801869085,0.5349
0.02479628376978571,0.535
0.022611070244085596,0.5351
0.020830045978842415,0.5352
0.01933557425819088,0.5353
0.01795850454829173,0.5354
0.017009095149130626,0.5355
0.016538713394251614,0.5356000000000001
0.01636177098854108,0.5357000000000001
0.016461130066799612,0.5358
0.017049158316527313,0.5359
0.01815358351693286,0.536
0.019783167753833597,0.5361
0.021924930319283664,0.5362
0.024550595068986603,0.5363
0.027622642206588832,0.5364
0.031095987509900835,0.5365
0.03491992827985957,0.5366000000000001
0.03901750250911151,0.5367000000000001
0.04330650805375158,0.5368
0.04774766509940931,0.5369
0.05230879950483747,0.537
0.056941073769198214,0.5371
0.061597741204235446,0.5372
0.0662307682632044,0.5373
0.07079885552142495,0.5374
0.075265142716191,0.5375
0.07959474493983698,0.5376000000000001
0.08375762641406492,0.5377000000000001
0.08772426472595063,0.5378000000000001
0.09146910076634951,0.5379
0.09496742491447885,0.538
0.09819475511532627,0.5381
0.101116995536215,0.5382
0.10371449242157826,0.5383
0.10599261620686595,0.5384
0.10794501856388516,0.5385
0.10955828539457835,0.5386000000000001
0.11082781001899311,0.5387000000000001
0.11174933813791466,0.5388000000000001
0.11231820412585891,0.5389
0.11253732663608751,0.539
0.11241865330923106,0.5391
0.1119648810466577,0.5392
0.11038222341853943,0.5393
0.10745444940419879,0.5394
0.10433686037948198,0.5395
0.10107397422533637,0.5396000000000001
0.09769442299246,0.5397000000000001
0.09421541455068694,0.5398000000000001
0.09065816442749974,0.5399
0.08704734789971336,0.54
0.08341169165078799,0.5401
0.07978142735626614,0.5402
0.07618623518562884,0.5403
0.07262623551477665,0.5404
0.06898628335918455,0.5405
0.06543367852842463,0.5406000000000001
0.06194013584451474,0.5407000000000001
0.0584023350952092,0.5408000000000001
0.054996727955024305,0.5409
0.051751409957819794,0.541
0.048520433332528645,0.5411
0.04530906867108553,0.5412
0.04208572316913339,0.5413
0.03891502985464612,0.5414
0.03589076320620932,0.5415
0.0328155970471542,0.5416000000000001
0.029903374525008353,0.5417000000000001
0.026975028687335145,0.5418000000000001
0.02434567133300014,0.5419
0.0220725717991892,0.542
0.020196776996577626,0.5421
0.0185773572674115,0.5422
0.017096930737692473,0.5423
0.01604540513789643,0.5424
0.01547649382505556,0.5425
0.015176594990085945,0.5426
0.01518835114699435,0.5427000000000001
0.01569834610513654,0.5428000000000001
0.016736866478333834,0.5429
0.018313638347117855,0.543
0.020415883143316993,0.5431
0.023014900716433306,0.5432
0.026072332429338374,0.5433
0.029541892152615823,0.5434
0.033371651478253384,0.5435
0.037483636435813095,0.5436
0.04179476894895107,0.5437000000000001
0.046265117805108336,0.5438000000000001
0.05086228478072319,0.5439
0.055537582571584476,0.544
0.06024446342015655,0.5441
0.06493504224542235,0.5442
0.06956801433878435,0.5443
0.07410637477611048,0.5444
0.07851500849825332,0.5445
0.08276358886680413,0.5446
0.08682234714951953,0.5447000000000001
0.09066550030874065,0.5448000000000001
0.09426818072163723,0.5449
0.09760951158762565,0.545
0.10066613643788536,0.5451
0.10340703971850307,0.5452
0.10581438468349869,0.5453
0.10789528203790588,0.5454
0.10964562796524113,0.5455
0.11105223918760099,0.5456
0.11211280067375529,0.5457000000000001
0.11282272932703485,0.5458000000000001
0.11317924607616736,0.5459
0.11318485364039654,0.546
0.11285263747651753,0.5461
0.11167907314257353,0.5462
0.10883209114838266,0.5463
0.10580055369632846,0.5464
0.10262291796414635,0.5465
0.09930326169250314,0.5466
0.0958738407624834,0.5467000000000001
0.09235537687397899,0.5468000000000001
0.08877200276296693,0.5469
0.08515264182216109,0.547
0.08152797410601864,0.5471
0.07792840573091042,0.5472
0.07438241763621434,0.5473
0.07083556249199296,0.5474
0.06726236827651122,0.5475
0.06379276415597224,0.5476
0.060320346229848165,0.5477000000000001
0.05687351226429094,0.5478000000000001
0.053574505581658105,0.5479
0.05044952749255116,0.548
0.04723055121540898,0.5481
0.044145962607672784,0.5482
0.04093778376076518,0.5483
0.037912268793209414,0.5484
0.034930835031376395,0.5485
0.03201432387237291,0.5486
0.029165096934002266,0.5487000000000001
0.026413545521925208,0.5488000000000001
0.02398529346606315,0.5489
0.021934190977720425,0.549
0.02029789718966657,0.5491
0.01879597594427329,0.5492
0.017556937269784578,0.5493
0.01676498758883005,0.5494
0.016411972394663854,0.5495
0.01631066896600042,0.5496
0.016573953912398354,0.5497000000000001
0.017336730458694438,0.5498000000000001
0.01862108780444993,0.5499
0.020428278651144938,0.55
0.02273949820110821,0.5501
0.02552315213682088,0.5502
0.02873871519042459,0.5503
0.03233894446288921,0.5504
0.036271428066291245,0.5505
0.040457566234629594,0.5506
0.044814067792450896,0.5507000000000001
0.049302924368962664,0.5508000000000001
0.05389354117611389,0.5509000000000001
0.05853821962855221,0.551
0.06319163005079798,0.5511
0.06780689535719575,0.5512
0.07234409456797442,0.5513
0.07676743925429397,0.5514
0.08104310637346346,0.5515
0.08514188901268305,0.5516
0.08903519744372679,0.5517000000000001
0.09269830122773914,0.5518000000000001
0.09610748179022677,0.5519000000000001
0.09923915453516485,0.552
0.10206011000885984,0.5521
0.10455156444553815,0.5522
0.10671979901202322,0.5523
0.10855918741829507,0.5524
0.11005692441737991,0.5525
0.11120904510807295,0.5526
0.11201182351716188,0.5527000000000001
0.11246114702580456,0.5528000000000001
0.11256034520539271,0.5529000000000001
0.11232168050602997,0.553
0.11174821326582185,0.5531
0.1094275946466976,0.5532
0.10643618062764149,0.5533
0.10326601680795466,0.5534
0.09996521883693821,0.5535
0.09655212216312314,0.5536
0.093045456422852,0.5537000000000001
0.08946721876200048,0.5538000000000001
0.08584424565051052,0.5539000000000001
0.08220632197363298,0.554
0.07858400474577887,0.5541
0.07500645911073911,0.5542
0.07141070539648808,0.5543
0.06779680935684729,0.5544
0.06428028870724078,0.5545
0.060750668810803043,0.5546
0.05725274569789174,0.5547000000000001
0.05389703594902451,0.5548000000000001
0.05070915100246376,0.5549000000000001
0.04742546065073694,0.555
0.0442732217422348,0.5551
0.04099973421387482,0.5552
0.03790253751550954,0.5553
0.03483855632524935,0.5554
0.03184474293326178,0.5555
0.028894798567133506,0.5556
0.026060910486791933,0.5557
0.02354646416917361,0.5558000000000001
0.021403102168125576,0.5559000000000001
0.019668851097679907,0.556
0.018043556062416588,0.5561
0.016701545092906667,0.5562
0.015808801655058824,0.5563
0.015347939820549605,0.5564
0.015144619495448097,0.5565
0.015322686742330172,0.5566
0.016009693475658615,0.5567
0.017229980436351156,0.5568000000000001
0.01898613900714774,0.5569000000000001
0.02125939846302738,0.557
0.02401784818123609,0.5571
0.02721977999347236,0.5572
0.030816888431690836,0.5573
0.03475543269485648,0.5574
0.03895606371407756,0.5575
0.04333468324318557,0.5576
0.04785300056516495,0.5577
0.052480182447845136,0.5578000000000001
0.05716874557189966,0.5579000000000001
0.061873375873589986,0.558
0.06654724840479798,0.5581
0.07115036708896028,0.5582
0.07564675704196544,0.5583
0.08000244116203048,0.5584
0.08418785948880414,0.5585
0.08817425206418505,0.5586
0.09193651322472085,0.5587
0.09545080256962513,0.5588000000000001
0.09869321736579184,0.5589000000000001
0.10163046715174773,0.559
0.10424334577622407,0.5591
0.10653758628886045,0.5592
0.1085069861426311,0.5593
0.11013816547945299,0.5594
0.11142649884584088,0.5595
0.11236748195597157,0.5596
0.11295636006590826,0.5597
0.11319567673949782,0.5598000000000001
0.11309729826456161,0.5599000000000001
0.1126635926309999,0.56
0.1107406795165079,0.5601
0.10782243092184063,0.5602
0.10474177045788668,0.5603
0.10150333931002775,0.5604
0.09813936900306608,0.5605
0.09467318730422503,0.5606
0.09112681536315059,0.5607
0.08752623423115946,0.5608000000000001
0.0839008752927849,0.5609000000000001
0.08028123344979321,0.561
0.07669681244758453,0.5611
0.07317507998270911,0.5612
0.06959081576751558,0.5613
0.06604929384591551,0.5614
0.06262232518662636,0.5615
0.059116858985264864,0.5616
0.05571756718999854,0.5617
0.05247629384012331,0.5618000000000001
0.04935439217533655,0.5619000000000001
0.046149416140359056,0.562
0.04303924048106644,0.5621
0.03987212956452568,0.5622
0.0369264140842791,0.5623
0.033888963670180905,0.5624
0.031053572980533017,0.5625
0.02814977381036554,0.5626
0.02549706763097359,0.5627
0.023191369511163407,0.5628000000000001
0.021278258019839624,0.5629000000000001
0.01977539809820672,0.5630000000000001
0.018268317395920608,0.5631
0.017172032433595108,0.5632
0.016543223869989854,0.5633
0.016295377853052573,0.5634
0.016285902746286274,0.5635
0.0167172664709343,0.5636
0.017658325865586466,0.5637
0.01912461363888096,0.5638000000000001
0.021110093195370938,0.5639000000000001
0.023590266605857835,0.5640000000000001
0.026530425678001235,0.5641
0.029887169651758194,0.5642
0.033611255790992,0.5643
0.03762715589495169,0.5644
0.04185356128980011,0.5645
0.046250273520976215,0.5646
0.05078367714790066,0.5647
0.055404321164061576,0.5648000000000001
0.060064286829182634,0.5649000000000001
0.06471477112724022,0.5650000000000001
0.06931313944609274,0.5651
0.07382156047688904,0.5652
0.07820396141826724,0.5653
0.0824294171418587,0.5654
0.08646744322028377,0.5655
0.09029164979816517,0.5656
0.09387651903759187,0.5657
0.09720050069058817,0.5658000000000001
0.10023973796629171,0.5659000000000001
0.1029626175221291,0.5660000000000001
0.10535106372129932,0.5661
0.10741191412153017,0.5662
0.10914114325953894,0.5663
0.11052548642694049,0.5664
0.11156289797809427,0.5665
0.11224889740671229,0.5666
0.11258099660511112,0.5667
0.11256183120875651,0.5668000000000001
0.11220469183424664,0.5669000000000001
0.11130184112795294,0.5670000000000001
0.10844200028386941,0.5671
0.10538787195257626,0.5672
0.10217223838676714,0.5673
0.09883502166108282,0.5674
0.09539106792510166,0.5675
0.0918603280642113,0.5676
0.08826573167594676,0.5677
0.08463562561683668,0.5678000000000001
0.08100040215265514,0.5679000000000001
0.07739057564845553,0.5680000000000001
0.07383475049565136,0.5681
0.07020745672206274,0.5682
0.0666228292609532,0.5683
0.06314542852163696,0.5684
0.05958298016218788,0.5685
0.05612761681437539,0.5686
0.05282475423726174,0.5687
0.049635456426782465,0.5688
0.046366359495970455,0.5689000000000001
0.043191657865038424,0.5690000000000001
0.039955223440526266,0.5691
0.03693475030292426,0.5692
0.03382487550172941,0.5693
0.030912709259815818,0.5694
0.027930370390745196,0.5695
0.02519405832823396,0.5696
0.022798171901572184,0.5697
0.020788063000490187,0.5698
0.019175571354021814,0.5699000000000001
0.017564088865746008,0.5700000000000001
0.016361924699464625,0.5701
0.015628639382748943,0.5702
0.015272879239629056,0.5703
0.015163031917276637,0.5704
0.015506306374289958,0.5705
0.01636848465908436,0.5706
0.017767286455691034,0.5707
0.019697823083820065,0.5708
0.022135705977905262,0.5709000000000001
0.02504605494557377,0.5710000000000001
0.028384499882087022,0.5711
0.032101099195824156,0.5712
0.03611930366091731,0.5713
0.04035731716235147,0.5714
0.044773826837013475,0.5715
0.04933487275769499,0.5716
0.053990821587536875,0.5717
0.05869386214197991,0.5718
0.06339519001572924,0.5719000000000001
0.06805209726866512,0.5720000000000001
0.07262662328988412,0.5721
0.07708238204715256,0.5722
0.08138826047681258,0.5723
0.08551335431938667,0.5724
0.08943114419267384,0.5725
0.09311570786800882,0.5726
0.09654540866466077,0.5727
0.09969599925730133,0.5728
0.10253576565553535,0.5729000000000001
0.10504610380895318,0.5730000000000001
0.1072333243740009,0.5731
0.10909273521711627,0.5732
0.11061051841650904,0.5733
0.11178390560471374,0.5734
0.11260770279334387,0.5735
0.1130787654410732,0.5736
0.11319903597384773,0.5737
0.11298144202325888,0.5738
0.11242824095833848,0.5739000000000001
0.1097769569817666,0.5740000000000001
0.10679141069498976,0.5741
0.103660032789059,0.5742
0.10037586603758508,0.5743
0.09697649883933845,0.5744
0.09348176864549584,0.5745
0.08991403635324069,0.5746
0.08630096069440574,0.5747
0.08267276074407626,0.5748
0.07906015354395335,0.5749000000000001
0.07549219755154613,0.5750000000000001
0.07197570477311177,0.5751000000000001
0.06837331340311537,0.5752
0.06486506275941784,0.5753
0.06142462783050462,0.5754
0.05793566555056828,0.5755
0.05458471028473921,0.5756
0.05140034985977815,0.5757
0.048228274196880694,0.5758
0.04508338984675997,0.5759000000000001
0.04192579464040613,0.5760000000000001
0.03883054293319965,0.5761000000000001
0.035888475070153136,0.5762
0.03289032513042245,0.5763
0.030061867537755305,0.5764
0.027213339587038643,0.5765
0.024669553618366313,0.5766
0.022489303240194047,0.5767
0.02071398077858544,0.5768
0.019207664809944847,0.5769000000000001
0.017835475980784832,0.5770000000000001
0.016893227848371994,0.5771000000000001
0.016431874729033957,0.5772
0.01624684753135175,0.5773
0.016355362134722773,0.5774
0.01695474070879155,0.5775
0.01807242801415221,0.5776
0.019716436103132118,0.5777
0.021873091893777064,0.5778
0.024513714180222523,0.5779000000000001
0.027600385781005432,0.5780000000000001
0.031087692355095564,0.5781000000000001
0.034924616378898765,0.5782
0.03903394596951082,0.5783
0.04333325886718198,0.5784
0.04778333384313482,0.5785
0.052352117758364125,0.5786
0.056990858906613706,0.5787
0.061652946403692566,0.5788
0.06629044282770302,0.5789000000000001
0.07086218308707193,0.5790000000000001
0.07533138992104593,0.5791000000000001
0.07966328030381065,0.5792
0.0838278724321393,0.5793
0.08779573080157876,0.5794
0.09154135079059289,0.5795
0.09504011090179343,0.5796
0.09826759096527748,0.5797
0.10118976821677717,0.5798
0.10378704174684006,0.5799000000000001
0.10606483173846637,0.5800000000000001
0.10801682083336495,0.5801000000000001
0.10962960977068081,0.5802
0.11089860504080296,0.5803
0.11181954394545146,0.5804
0.11238776334680223,0.5805
0.11260616556437708,0.5806
0.112486699202752,0.5807
0.11203205025139273,0.5808
0.11039639640210452,0.5809000000000001
0.10746754815736048,0.5810000000000001
0.10435302065161489,0.5811000000000001
0.10109063007739783,0.5812
0.09771125736969855,0.5813
0.09423229040666214,0.5814
0.09067504305293073,0.5815
0.08706436843308929,0.5816
0.08342909452281044,0.5817
0.07979949202111258,0.5818
0.07620521994055818,0.5819
0.07265217006534053,0.5820000000000001
0.06901355159330891,0.5821000000000001
0.06546219513948948,0.5822
0.061976434433733574,0.5823
0.05843993895765931,0.5824
0.055035302773312145,0.5825
0.05179068625610861,0.5826
0.048567412372977126,0.5827
0.045357012413161035,0.5828
0.04214629408218795,0.5829
0.03897929018987778,0.5830000000000001
0.03597252410603535,0.5831000000000001
0.032899662382413375,0.5832
0.030001522047627294,0.5833
0.027072661428902967,0.5834
0.024441519086683572,0.5835
0.022166163132371963,0.5836
0.020288140322089143,0.5837
0.01867897407972996,0.5838
0.017197568126882556,0.5839
0.016143675927985823,0.5840000000000001
0.01557153864657379,0.5841000000000001
0.01528007409946519,0.5842
0.015288251806446773,0.5843
0.01579282183034092,0.5844
0.016824420845954258,0.5845
0.018393193870797964,0.5846
0.02048700343595744,0.5847
0.023077374880366097,0.5848
0.02612626488032821,0.5849
0.029587555792654152,0.5850000000000001
0.03340950062293779,0.5851000000000001
0.037514323428232466,0.5852
0.04181906510737177,0.5853
0.04628384567119781,0.5854
0.05087609012064198,0.5855
0.05554709381960987,0.5856
0.06025006554123824,0.5857
0.06493709443599738,0.5858
0.06956669783237224,0.5859
0.07410189531851952,0.5860000000000001
0.07850750023334996,0.5861000000000001
0.08275320918955276,0.5862
0.086809222355963,0.5863
0.09064970369213643,0.5864
0.09424976362304105,0.5865
0.09758840538155933,0.5866
0.10064228579368173,0.5867
0.10338025419967223,0.5868
0.10578454197956066,0.5869
0.10786216686803085,0.5870000000000001
0.10960913414847884,0.5871000000000001
0.11101219353926262,0.5872
0.1120691397310728,0.5873
0.11277535646829795,0.5874
0.11312814105726887,0.5875
0.1131299878005052,0.5876
0.11279400896696734,0.5877
0.1116314869588827,0.5878
0.10878198803478956,0.5879
0.10574787967386157,0.5880000000000001
0.10256537835686586,0.5881000000000001
0.09924341391451974,0.5882000000000001
0.0958120931958476,0.5883
0.09229207301067988,0.5884
0.08870740778423125,0.5885
0.0850869889905963,0.5886
0.0814614777562741,0.5887
0.07786128648464796,0.5888
0.0743149024984966,0.5889
0.0707612697892056,0.5890000000000001
0.06718779892439652,0.5891000000000001
0.06371840476232105,0.5892000000000001
0.06023867675604522,0.5893
0.05679206676758919,0.5894
0.05349377340872796,0.5895
0.05036971015842817,0.5896
0.04714086672265694,0.5897
0.04405689846925154,0.5898
0.04083853722017183,0.5899
0.037814255342123015,0.5900000000000001
0.03482240295350647,0.5901000000000001
0.03190791792642944,0.5902000000000001
0.029048949972730664,0.5903
0.026300287117219767,0.5904
0.02387637416732269,0.5905
0.02183045875711742,0.5906
0.02019986285729458,0.5907
0.018687319936919078,0.5908
0.017452972742228123,0.5909
0.01666779238224736,0.5910000000000001
0.016315804347762253,0.5911000000000001
0.016215034656239524,0.5912000000000001
0.01648708285022127,0.5913
0.01726029638478699,0.5914
0.01855638297377271,0.5915
0.02037600876949064,0.5916
0.022699878211262625,0.5917
0.025496072727004382,0.5918
0.028723722231675408,0.5919
0.03233530167582854,0.5920000000000001
0.03627817456461346,0.5921000000000001
0.04047352528747683,0.5922000000000001
0.04483793185168894,0.5923
0.04933345806582223,0.5924
0.053929643545202355,0.5925
0.0585788920178425,0.5926
0.06323601290226177,0.5927
0.06785422994685131,0.5928
0.07239374599423809,0.5929
0.0768188545534082,0.5930000000000001
0.0810958145382461,0.5931000000000001
0.08519547618429935,0.5932000000000001
0.08908931665262476,0.5933
0.09275266896997947,0.5934
0.0961618871737302,0.5935
0.09929345962063685,0.5936
0.10211423715507761,0.5937
0.10460549212853143,0.5938
0.10677353142682078,0.5939
0.10861275446725305,0.5940000000000001
0.11011035637749356,0.5941000000000001
0.11126238171708824,0.5942000000000001
0.11206509040779133,0.5943
0.1125143707821018,0.5944
0.11261353400935892,0.5945
0.11237483828692507,0.5946
0.11180133183879148,0.5947
0.10944297137222092,0.5948
0.10645146410204243,0.5949
0.10328359788565344,0.595
0.09998372040776182,0.5951000000000001
0.09657130181213702,0.5952000000000001
0.0930651946402764,0.5953
0.0894874640147445,0.5954
0.08586507749618555,0.5955
0.08222789257721319,0.5956
0.07860649331563008,0.5957
0.0750300269642672,0.5958
0.07144026791419578,0.5959
0.06782778457932992,0.596
0.06431256519647222,0.5961000000000001
0.0607898141316594,0.5962000000000001
0.05729333242500512,0.5963
0.05393887809939324,0.5964
0.05075227322245146,0.5965
0.04747725393772084,0.5966
0.044326517940829646,0.5967
0.041061542270639295,0.5968
0.037965439096280695,0.5969
0.03491019755761471,0.597
0.03191702976691402,0.5971000000000001
0.02897554348595932,0.5972000000000001
0.026141910663238566,0.5973
0.0236269224762351,0.5974
0.021482646657707827,0.5975
0.01974733227841563,0.5976
0.018132220042473612,0.5977
0.016790092319416194,0.5978
0.0158958380126224,0.5979
0.01543739411602596,0.598
0.01523666617636188,0.5981000000000001
0.015411483254598402,0.5982000000000001
0.0160938443131724,0.5983
0.017308286973043874,0.5984
0.019057767963241767,0.5985
0.02132385395174685,0.5986
0.024074865279622992,0.5987
0.02726936053838669,0.5988
0.03085924930024686,0.5989
0.03479097594726688,0.599
0.03898535170865114,0.5991000000000001
0.04335838723596375,0.5992000000000001
0.04787174403490524,0.5993
0.05249450338170969,0.5994
0.057179104915050294,0.5995
0.06188014236051931,0.5996
0.06655072054768707,0.5997
0.07115076449949442,0.5998
0.07564424891441401,0.5999
0.07999714787415468,0.6
0.08417987242933078,0.6001000000000001
0.08816362297936975,0.6002000000000001
0.0919232615012332,0.6003000000000001
0.09543490132572297,0.6004
0.09867459998167116,0.6005
0.10160902558311946,0.6006
0.10421894711235713,0.6007
0.10651009218488428,0.6008
0.10847625942601014,0.6009
0.11010407928729149,0.601
0.11138894146833478,0.6011000000000001
0.11232636684243313,0.6012000000000001
0.11291162088914175,0.6013000000000001
0.11314727527290236,0.6014
0.11304521371530041,0.6015
0.11260782586733342,0.6016
0.11069736999088464,0.6017
0.10777714847912978,0.6018
0.1046943837887252,0.6019
0.1014516693209907,0.602
0.0980856998812808,0.6021000000000001
0.0946178535755059,0.6022000000000001
0.0910700898216188,0.6023000000000001
0.08746831275088629,0.6024
0.08384192401457824,0.6025
0.0802214025604635,0.6026
0.07663626006794833,0.6027
0.07311397011069276,0.6028
0.06952255897407,0.6029
0.06598047868473589,0.603
0.06255340095719109,0.6031000000000001
0.05904006274088558,0.6032000000000001
0.05564065743759494,0.6033000000000001
0.05239977057884415,0.6034
0.049268435477757055,0.6035
0.04606375439210919,0.6036
0.04294415793454487,0.6037
0.039777948892864234,0.6038
0.036834019467000045,0.6039
0.03378659128511585,0.604
0.03095302223648666,0.6041000000000001
0.02803973061673881,0.6042000000000001
0.025389827808748766,0.6043000000000001
0.023088489636683418,0.6044
0.021180585062629653,0.6045
0.019669377835000112,0.6046
0.018166640939642376,0.6047
0.017076279834278063,0.6048
0.016454764734091132,0.6049
0.01620766980892352,0.605
0.016198233419389307,0.6051000000000001
0.016638109634754983,0.6052000000000001
0.017589380344485983,0.6053000000000001
0.019067069722547014,0.6054
0.021064481371260824,0.6055
0.0235566517848107,0.6056
0.026508535208538797,0.6057
0.029876464965378657,0.6058
0.033610970106470184,0.6059
0.03763628405973862,0.606
0.041870949522087475,0.6061000000000001
0.04627477806954672,0.6062000000000001
0.050814249594546945,0.6063000000000001
0.05543996204234736,0.6064
0.06010409174103537,0.6065
0.06475791548062149,0.6066
0.06935891707506103,0.6067
0.0738693669651238,0.6068
0.07825329618071786,0.6069
0.08247986462379164,0.607
0.08651865997381769,0.6071000000000001
0.09034335763075296,0.6072000000000001
0.09392849324356345,0.6073000000000001
0.09725257524867137,0.6074
0.10029179033370683,0.6075
0.10301457660873536,0.6076
0.10540289088553645,0.6077
0.10746360333018257,0.6078
0.10919270216650812,0.6079
0.11057693618644304,0.608
0.1116142596736781,0.6081
0.11230019041893557,0.6082000000000001
0.11263223573839298,0.6083000000000001
0.11261302548175789,0.6084
0.11225584495023189,0.6085
0.11131723124588588,0.6086
0.10845714305941145,0.6087
0.10540537569085928,0.6088
0.10219059381337414,0.6089
0.09885399627140257,0.609
0.09541053776105413,0.6091
0.09188022702018372,0.6092000000000001
0.08828611153382793,0.6093000000000001
0.08465660775334027,0.6094
0.08102213913377365,0.6095
0.0774132116456775,0.6096
0.07385841696290174,0.6097
0.07023706490857995,0.6098
0.06665374406983926,0.6099
0.06317752789812925,0.61
0.05962176729699942,0.6101
0.05616769901609886,0.6102000000000001
0.052865931378074826,0.6103000000000001
0.049684528366366054,0.6104
0.04641662338429087,0.6105
0.04324959925262539,0.6106
0.04001402322552572,0.6107
0.03699396120837117,0.6108
0.033892269022608,0.6109
0.03098058012113447,0.611
0.02800635147709518,0.6111
0.025270126454749908,0.6112000000000001
0.0228735030877687,0.6113000000000001
0.02086230925466892,0.6114
0.019258227243853288,0.6115
0.017646486104135217,0.6116
0.01644304418517395,0.6117
0.01570753603862496,0.6118
0.01535411386997021,0.6119
0.015246950147115301,0.612
0.015586839366721783,0.6121
0.016444231879588544,0.6122000000000001
0.01783714902144351,0.6123000000000001
0.01976114443193322,0.6124
0.022192154637989736,0.6125
0.025095546100972754,0.6126
0.028427150705834237,0.6127
0.032137201723852815,0.6128
0.03614932842329477,0.6129
0.040381845305066166,0.613
0.04479344434152521,0.6131
0.04935010092191061,0.6132000000000001
0.054002145797348966,0.6133000000000001
0.058701698071480735,0.6134000000000001
0.0633998981775229,0.6135
0.0680539572583545,0.6136
0.07262584932915328,0.6137
0.07707912131966699,0.6138
0.0813826073776811,0.6139
0.08550535850305041,0.614
0.08942081422500214,0.6141
0.09310301988791014,0.6142000000000001
0.09653030172503996,0.6143000000000001
0.099678388117455,0.6144000000000001
0.10251553296145188,0.6145
0.1050231213373416,0.6146
0.10720745813554844,0.6147
0.1090638594826604,0.6148
0.11057851298534183,0.6149
0.11174867034965541,0.615
0.11256915619494601,0.6151
0.11303684707591688,0.6152000000000001
0.11315370455435281,0.6153000000000001
0.11293267108906735,0.6154000000000001
0.11237601960068833,0.6155
0.10973620346707003,0.6156
0.10674892243792355,0.6157
0.10361381505102496,0.6158
0.10032759379375078,0.6159
0.09692649611851367,0.616
0.0934303043140099,0.6161
0.08986134952348757,0.6162000000000001
0.08624724552211704,0.6163000000000001
0.08261818139077903,0.6164000000000001
0.0790048590739677,0.6165
0.07543633361951319,0.6166
0.07191347100761336,0.6167
0.06831046273704733,0.6168
0.06480197096430085,0.6169
0.061354397563728846,0.617
0.057865161566161616,0.6171
0.05451437287100225,0.6172000000000001
0.05133037683867747,0.6173000000000001
0.048149089427552694,0.6174000000000001
0.04500441690979473,0.6175
0.041837638583497094,0.6176
0.03874323884238051,0.6177
0.03579208195951278,0.6178
0.0327955313809023,0.6179
0.0299587323522712,0.618
0.027112555640560032,0.6181
0.024572323482707104,0.6182000000000001
0.022396359046323422,0.6183000000000001
0.02062578798807735,0.6184000000000001
0.019110469195983137,0.6185
0.017742237705347774,0.6186
0.016805661403078265,0.6187
0.016351367421128638,0.6188
0.016160082749837823,0.6189
0.01627563636106255,0.619
0.0168836860796453,0.6191
0.018011444358353224,0.6192000000000001
0.019666334834212984,0.6193000000000001
0.02183414973094666,0.6194000000000001
0.024485902842211082,0.6195
0.02758337772632835,0.6196
0.031080915633192374,0.6197
0.03492726448358208,0.6198
0.039045033519466754,0.6199
0.043351643936681894,0.62
0.04780793461616328,0.6201
0.052381958944985874,0.6202000000000001
0.05702504625318383,0.6203000000000001
0.061690701644358636,0.6204000000000001
0.0663310719141097,0.6205
0.07090510154168628,0.6206
0.07537608241220417,0.6207
0.07970931305721551,0.6208
0.08387485688549923,0.6209
0.08784334842294916,0.621
0.09158932941143172,0.6211
0.09508825018280653,0.6212
0.09831574349846683,0.6213000000000001
0.1012378482451215,0.6214000000000001
0.10383500784075161,0.6215
0.10611267911153277,0.6216
0.10806456839089584,0.6217
0.109677286866674,0.6218
0.11094624853800827,0.6219
0.11186718027930898,0.622
0.11243541679616487,0.6221
0.11265384259391953,0.6222
0.11253440159645423,0.6223000000000001
0.11207976691795762,0.6224000000000001
0.11041081746036041,0.6225
0.10748172728560645,0.6226
0.10436942520138037,0.6227
0.10110781886028097,0.6228
0.0977290133576354,0.6229
0.09425050650939193,0.623
0.09069367306760712,0.6231
0.08708347976387143,0.6232
0.08344881825617145,0.6233000000000001
0.07981998271477342,0.6234000000000001
0.07622661647259843,0.6235
0.07267893951057025,0.6236
0.06904151227969157,0.6237
0.06549123912613375,0.6238
0.06201158187343392,0.6239
0.058476265541675954,0.624
0.05507263164979026,0.6241
0.05182902777420284,0.6242
0.04861330371979755,0.6243000000000001
0.045404086286559675,0.6244000000000001
0.04220071908677925,0.6245
0.039034543767811236,0.6246
0.036035227859997576,0.6247
0.03296278250386253,0.6248
0.030071740634429744,0.6249
0.027142982437501573,0.625
0.02451131593736222,0.6251
0.022235141631379296,0.6252
0.020356181327136902,0.6253000000000001
0.018755584146741278,0.6254000000000001
0.01727398234931754,0.6255000000000001
0.016218777794344774,0.6256
0.015644363981867082,0.6257
0.015359832390831274,0.6258
0.015365559684014096,0.6259
0.015866402581941275,0.626
0.016893088427284875,0.6261
0.018456129070015148,0.6262
0.02054374031210182,0.6263000000000001
0.023127661397489785,0.6264000000000001
0.02617006871903449,0.6265000000000001
0.029625033669045786,0.6266
0.03344099023974345,0.6267
0.037540300244151004,0.6268
0.041840123374571325,0.6269
0.046300546678438304,0.627
0.05088892307186077,0.6271
0.05555648915008815,0.6272
0.060256370892224465,0.6273000000000001
0.06494059826670373,0.6274000000000001
0.0695676140664313,0.6275000000000001
0.0741003932688471,0.6276
0.07850369678991675,0.6277
0.08274719510141437,0.6278
0.08680104432569336,0.6279
0.09063938133526617,0.628
0.09423727091564849,0.6281
0.09757368535081634,0.6282
0.1006252440635218,0.6283000000000001
0.10336077108172481,0.6284000000000001
0.10576248055764847,0.6285000000000001
0.10783739075136911,0.6286
0.10958151482874212,0.6287
0.11098161172083343,0.6288
0.11203549961498194,0.6289
0.11273858029287365,0.629
0.11308817796582471,0.6291
0.113086802521006,0.6292
0.11274758735645263,0.6293000000000001
0.11159454017107828,0.6294000000000001
0.10874327218697466,0.6295000000000001
0.10570730820681284,0.6296
0.10252125075321039,0.6297
0.09919750480622602,0.6298
0.09576467897096574,0.6299
0.09224338345959182,0.63
0.08865761253626248,0.6301
0.08503623358298373,0.6302
0.0814098945598345,0.6303000000000001
0.07780901374803151,0.6304000000000001
0.07426208308523052,0.6305000000000001
0.07070231494569246,0.6306
0.06712827986111103,0.6307
0.06365869646743172,0.6308
0.0601721334690728,0.6309
0.05672530847159263,0.631
0.05342722290890278,0.6311
0.05030354837650752,0.6312
0.047065853047076445,0.6313000000000001
0.04398210662910507,0.6314000000000001
0.040754893389808755,0.6315000000000001
0.03773146808607786,0.6316
0.0347308686921437,0.6317
0.03181797927146102,0.6318
0.028951045294716593,0.6319
0.026204710144125398,0.632
0.023784322800921354,0.6321
0.021742644823938617,0.6322
0.020116723167031614,0.6323000000000001
0.018595503431585003,0.6324000000000001
0.017364979865934993,0.6325000000000001
0.016585350875983895,0.6326
0.016234250214559376,0.6327
0.01613395364435899,0.6328
0.016413247173773682,0.6329
0.01719511119762185,0.633
0.018500939942827088,0.6331
0.020330913883910062,0.6332
0.022665327418010195,0.6333000000000001
0.025471994077365112,0.6334000000000001
0.028709752449329606,0.6335000000000001
0.0323308484545306,0.6336
0.03628245229554694,0.6337
0.040485576454647676,0.6338
0.04485668238998719,0.6339
0.04935790002511142,0.634
0.053958871144295095,0.6341
0.05861208872738488,0.6342
0.06327246854731461,0.6343
0.06789331962149658,0.6344000000000001
0.0724349407789695,0.6345000000000001
0.07686169333911508,0.6346
0.08113990171441321,0.6347
0.0852404621116849,0.6348
0.08913490861210738,0.6349
0.09279862358503699,0.635
0.09620802526348782,0.6351
0.09933965720396887,0.6352
0.10216042534354541,0.6353
0.10465164209613564,0.6354000000000001
0.10681964210719375,0.6355000000000001
0.10865883950495359,0.6356
0.11015643513584672,0.6357
0.11130847514764242,0.6358
0.1121112122665695,0.6359
0.11256053044099712,0.636
0.11265972895814769,0.6361
0.1124210594488233,0.6362
0.11184756208176871,0.6363
0.1094570636961898,0.6364000000000001
0.10646527799704086,0.6365000000000001
0.10329961168564639,0.6366
0.10000045199298546,0.6367
0.09658853523411981,0.6368
0.09308282310340965,0.6369
0.08950544083252199,0.637
0.0858834659154255,0.6371
0.08224681698343628,0.6372
0.07862609998521453,0.6373
0.07505044665402372,0.6374000000000001
0.07146581664541651,0.6375000000000001
0.06785440684969735,0.6376000000000001
0.06434015502931667,0.6377
0.06082322144221053,0.6378
0.057327803921287446,0.6379
0.05397424679225393,0.638
0.050788556529787865,0.6381
0.04752075334546668,0.6382
0.04437110112450182,0.6383
0.04111313993248222,0.6384000000000001
0.038017748903609316,0.6385000000000001
0.03496961472459814,0.6386000000000001
0.031976763716971224,0.6387
0.029042080536001436,0.6388
0.026208431459988635,0.6389
0.02369277495496558,0.639
0.021547534398712376,0.6391
0.01981114695490782,0.6392
0.018204215091049747,0.6393
0.016861813576315887,0.6394000000000001
0.01596616123388972,0.6395000000000001
0.015509596341656717,0.6396000000000001
0.015310922611659672,0.6397
0.015482982153837588,0.6398
0.016161465932699626,0.6399
0.017371076912100936,0.64
0.019115072412078105,0.6401
0.02137529444326569,0.6402
0.024120250461906245,0.6403
0.02730871519213296,0.6404000000000001
0.030892773060992695,0.6405000000000001
0.03481901811190413,0.6406000000000001
0.039008391935693165,0.6407
0.043376991835669454,0.6408
0.047886437719571795,0.6409
0.05250573677104442,0.641
0.057187262986180265,0.6411
0.061885530801817024,0.6412
0.06655358545400958,0.6413
0.07115128428184958,0.6414000000000001
0.07564255909956707,0.6415000000000001
0.07999334158760096,0.6416000000000001
0.08417401770735411,0.6417
0.08815575336527881,0.6418
0.09191338269764515,0.6419
0.09542297938172484,0.642
0.09866056697273562,0.6421
0.10159277801217537,0.6422
0.10420035993511789,0.6423
0.10648903559303102,0.6424000000000001
0.10845260422060476,0.6425000000000001
0.11007770486206436,0.6426000000000001
0.11135973987509207,0.6427
0.11229425164256712,0.6428
0.1128765227919154,0.6429
0.11310914931471472,0.643
0.11300403027677153,0.6431
0.11256357435162068,0.6432
0.11066236390188577,0.6433
0.10774049676659159,0.6434000000000001
0.10465599682281213,0.6435000000000001
0.10140987461338924,0.6436000000000001
0.09804223908025522,0.6437
0.09457299055771295,0.6438
0.09102404191209967,0.6439
0.08742123876958685,0.644
0.08379396011979112,0.6441
0.08017267279404183,0.6442
0.0765868946019006,0.6443
0.07306410357160187,0.6444000000000001
0.06946683705777046,0.6445000000000001
0.06592424415963793,0.6446000000000001
0.0624970187357774,0.6447
0.05897717825804194,0.6448
0.055577604979779816,0.6449
0.052336957609183,0.645
0.049197766674655474,0.6451
0.045993233111315535,0.6452
0.042865738093150973,0.6453
0.03970016570132251,0.6454000000000001
0.03675760557872465,0.6455000000000001
0.03370177589551826,0.6456000000000001
0.0308696020590995,0.6457
0.027948308569359703,0.6458
0.02530062738332206,0.6459
0.023002817271657205,0.646
0.02109915510174698,0.6461
0.019580933991648397,0.6462
0.018081728142530507,0.6463
0.01699622258763256,0.6464000000000001
0.01638071071625924,0.6465000000000001
0.016134192490546262,0.6466000000000001
0.016124746234043474,0.6467
0.016571658256451904,0.6468
0.017531391192409984,0.6469
0.01901854289207905,0.647
0.02102586515603555,0.6471
0.02352800564682278,0.6472
0.026489637180313164,0.6473
0.02986687203191707,0.6474000000000001
0.03361004981596882,0.6475000000000001
0.037643206135961504,0.6476000000000001
0.04188476058320445,0.6477
0.046294532919670894,0.6478
0.05083908207990917,0.6479
0.055469046558070945,0.648
0.060136681492879984,0.6481
0.06479332981302222,0.6482
0.06939657344139094,0.6483
0.07390876699820403,0.6484
0.078294027231955,0.6485000000000001
0.08252158404021215,0.6486000000000001
0.08656108415035002,0.6487
0.09038625628944696,0.6488
0.09397167952261687,0.6489
0.09729591011118022,0.649
0.10033516988288382,0.6491
0.10305793880951897,0.6492
0.10544619994359716,0.6493
0.1075068503014216,0.6494
0.10923588923926797,0.6495000000000001
0.11062007663001372,0.6496000000000001
0.11165736667208315,0.6497
0.1123432757750853,0.6498
0.11267530745385412,0.6499
0.11265608680249395,0.65
0.11229889487920519,0.6501
0.11133055979209738,0.6502
0.1084702534140054,0.6503
0.1054204872823522,0.6504
0.10220639109525753,0.6505000000000001
0.0988702796429426,0.6506000000000001
0.095427199605578,0.6507000000000001
0.0918972090048642,0.6508
0.08830345390269267,0.6509
0.08467440925920211,0.651
0.08104052496076641,0.6511
0.07743230052552885,0.6512
0.07387831754687257,0.6513
0.07026191468975695,0.6514
0.0666796335590576,0.6515000000000001
0.06320435337089592,0.6516000000000001
0.05965415574359523,0.6517000000000001
0.05620111329973221,0.6518
0.05290020276681462,0.6519
0.04972535158047431,0.652
0.046458381239423696,0.6521
0.043297714567054335,0.6522
0.0400627899759145,0.6523
0.037043006428738146,0.6524
0.033948064395127986,0.6525000000000001
0.031036706036494888,0.6526000000000001
0.02806914872930588,0.6527000000000001
0.025332928748250882,0.6528
0.02293563092145079,0.6529
0.020923477893486142,0.653
0.01932629575175082,0.6531
0.01771427902023648,0.6532
0.0165097247363184,0.6533
0.015772329291108722,0.6534
0.015420790018355834,0.6535000000000001
0.015315797939026377,0.6536000000000001
0.015652856027614792,0.6537000000000001
0.01650627378855174,0.6538
0.017894320103697847,0.6539
0.019812911461845717,0.654
0.022238251129624853,0.6541
0.025135908026256537,0.6542
0.028461880150255414,0.6543
0.03216654466391122,0.6544
0.03617367769972191,0.6545000000000001
0.04040168475016692,0.6546000000000001
0.04480926163646903,0.6547000000000001
0.04936233029135706,0.6548
0.05401119162747192,0.6549
0.05870790697769279,0.655
0.06340357095356053,0.6551
0.06805532759630961,0.6552
0.07262509658491811,0.6553
0.07707636908891113,0.6554
0.0813779352151821,0.6555000000000001
0.08549880852322367,0.6556000000000001
0.08941239409117263,0.6557000000000001
0.0930927099300588,0.6558
0.09651805109189526,0.6559
0.09966412532414548,0.656
0.10249915942450882,0.6561
0.10500452899876589,0.6562
0.10718653383917764,0.6563
0.10904049653786685,0.6564
0.11055260891092233,0.6565000000000001
0.11172013895356514,0.6566000000000001
0.112537926398114,0.6567000000000001
0.1130028649992112,0.6568
0.11311693197247152,0.6569
0.11289308198239345,0.657
0.11233360068153542,0.6571
0.10970288218377822,0.6572
0.10671415942512996,0.6573
0.10357602954528189,0.6574
0.10028810961846002,0.6575000000000001
0.09688557509400553,0.6576000000000001
0.0933881647982514,0.6577000000000001
0.08981818642963024,0.6578
0.08620321794443453,0.6579
0.0825734245417058,0.658
0.07895949612106212,0.6581
0.07539048499689349,0.6582
0.07186241879314537,0.6583
0.06825888482953735,0.6584
0.06475017486775558,0.6585000000000001
0.0612967592423479,0.6586000000000001
0.05780727419713849,0.6587000000000001
0.0544565964206678,0.6588
0.051272873353941595,0.6589
0.04808400977640237,0.659
0.04493947758677086,0.6591
0.041765118456293715,0.6592
0.03867137599736714,0.6593
0.035712683311682536,0.6594
0.032717398174187506,0.6595000000000001
0.029873656191121478,0.6596000000000001
0.027029362883803865,0.6597000000000001
0.02449201226096598,0.6598
0.022319537466917172,0.6599
0.020552843267532594,0.66
0.01903000542484512,0.6601
0.017664988337306786,0.6602
0.01673305455464158,0.6603
0.01627979083215103,0.6604
0.01608821749119138,0.6605000000000001
0.016209878871399575,0.6606000000000001
0.016825289477393257,0.6607000000000001
0.01796142781202348,0.6608
0.019625307701012673,0.6609
0.021802357700897,0.661
0.024463344831727074,0.6611
0.027569786430718723,0.6612
0.031075806153608942,0.6613
0.03492996781698077,0.6614
0.03905471344086764,0.6615
0.043367347996557726,0.6616000000000001
0.04782876126240154,0.6617000000000001
0.05240709518298958,0.6618
0.05705375273162416,0.6619
0.06172233220868584,0.662
0.06636505465199083,0.6621
0.07094095117331323,0.6622
0.07541337590520125,0.6623
0.07974768801963361,0.6624
0.08391399447099157,0.6625
0.08788298177982679,0.6626000000000001
0.09162923742881157,0.6627000000000001
0.09512826897757198,0.6628000000000001
0.09835575991394896,0.6629
0.10127779853016983,0.663
0.10387486612299757,0.6631
0.10615244522501255,0.6632
0.10810425712191563,0.6633
0.10971691852702203,0.6634
0.1109858456628251,0.6635
0.11190675909115,0.6636000000000001
0.11247499010277084,0.6637000000000001
0.11269341310461634,0.6638000000000001
0.11257396651429419,0.6639
0.11211931696573751,0.664
0.11042279346526163,0.6641
0.10749349408649744,0.6642
0.10438304086886063,0.6643
0.1011220765589459,0.6644
0.09774373202300102,0.6645
0.09426559580411009,0.6646000000000001
0.09070909297569285,0.6647000000000001
0.0870992841153142,0.6648000000000001
0.08346511334865225,0.6649
0.07983689399252802,0.665
0.07624425633619492,0.6651
0.07270099246967687,0.6652
0.06906452297573162,0.6653
0.06551511909816043,0.6654
0.06204046547574549,0.6655
0.05850610252050137,0.6656000000000001
0.05510328269780307,0.6657000000000001
0.05186050784080609,0.6658000000000001
0.048650996603862406,0.6659
0.045442755418599656,0.666
0.042245443968234486,0.6661
0.03907995465902259,0.6662
0.03608678014397859,0.6663
0.03301467906117295,0.6664
0.03012949344760041,0.6665
0.02720082223299225,0.6666000000000001
0.024568730658818927,0.6667000000000001
0.022291893549071684,0.6668000000000001
0.0204121768444252,0.6669
0.01881865541587513,0.667
0.017336905898278188,0.6671
0.01628063921647782,0.6672
0.015704372798336586,0.6673
0.015425563307276846,0.6674
0.015429291430748115,0.6675
0.015927089701785357,0.6676000000000001
0.016949758587507135,0.6677000000000001
0.018508108213072028,0.6678000000000001
0.020590643321192648,0.6679
0.02316927768569821,0.668
0.02620636869305426,0.6681
0.029656143128385715,0.6682
0.03346718457026032,0.6683
0.03756196821858504,0.6684
0.04185775190140251,0.6685
0.046314595840160955,0.6686000000000001
0.050899794053413494,0.6687000000000001
0.055564534724985126,0.6688000000000001
0.06026187569186103,0.6689
0.06494379826160879,0.669
0.06956868384969828,0.6691
0.07409947095752578,0.6692
0.07850087733447408,0.6693
0.08274255218854432,0.6694
0.08679461531217236,0.6695
0.09063118137840953,0.6696000000000001
0.09422727742508807,0.6697000000000001
0.09756185015235108,0.6698000000000001
0.10061148796367791,0.6699
0.10334499378013307,0.67
0.10574456744100436,0.6701
0.10781722747131262,0.6702
0.10955899359024934,0.6703
0.11095663215877039,0.6704
0.1120079809487513,0.6705
0.11270845655491668,0.6706000000000001
0.11305540566453276,0.6707000000000001
0.11305135100182351,0.6708000000000001
0.11270944365077462,0.6709
0.11156393082751226,0.671
0.10871118360824772,0.6711
0.10567367700989638,0.6712
0.10248469524141168,0.6713
0.09915946937044262,0.6714
0.09572539164593186,0.6715
0.09220303443951383,0.6716000000000001
0.08861634337025637,0.6717000000000001
0.08499416640126789,0.6718000000000001
0.08136714090818642,0.6719
0.0777656899819259,0.672
0.07421830931106088,0.6721
0.0706534844357376,0.6722
0.06707898564825454,0.6723
0.06360924988105254,0.6724
0.0601170477271219,0.6725
0.05667004806102649,0.6726000000000001
0.05337213866147805,0.6727000000000001
0.050248791079823496,0.6728000000000001
0.047003773977803975,0.6729
0.04391760139759682,0.673
0.04068577932945017,0.6731
0.03766323570892638,0.6732
0.03465540411791301,0.6733
0.031743805233076294,0.6734
0.02887021725800465,0.6735
0.026125794128684765,0.6736000000000001
0.023708335675108883,0.6737000000000001
0.02167018528660969,0.6738000000000001
0.020048156410743534,0.6739
0.01851965663323618,0.674
0.017292311267777638,0.6741
0.01651730656505146,0.6742
0.016166948605679465,0.6743
0.016067049603432526,0.6744
0.016352374490643973,0.6745
0.01714143725320283,0.6746
0.01845536808331083,0.6747000000000001
0.020293939426939023,0.6748000000000001
0.0226371039202109,0.6749
0.02545245142129615,0.675
0.028698580123216466,0.6751
0.03232754668870652,0.6752
0.0362863648037699,0.6753
0.04049590726544228,0.6754
0.044872543109007346,0.6755
0.0493784586231949,0.6756
0.05398338047799789,0.6757000000000001
0.058639873124447295,0.6758000000000001
0.06330293767934203,0.6759000000000001
0.06792595174221217,0.676
0.07246929308484129,0.6761
0.07689738054451856,0.6762
0.08117659407870526,0.6763
0.08527786976724583,0.6764
0.0891727892193237,0.6765
0.09283677646107868,0.6766
0.09624630276717783,0.6767000000000001
0.09937795793108628,0.6768000000000001
0.10219869334636045,0.6769000000000001
0.10468985453826529,0.677
0.10685779850235799,0.6771
0.10869695086852216,0.6772
0.11019451671908487,0.6773
0.11134654298853797,0.6774
0.1121492765858143,0.6775
0.11259859777681047,0.6776
0.11269779669108326,0.6777000000000001
0.11245911971442901,0.6778000000000001
0.11188560120917057,0.6779000000000001
0.10946839624299265,0.678
0.10647636761942347,0.6781
0.10331250734675812,0.6782
0.10001393700102668,0.6783
0.09660243426230386,0.6784
0.09309705051743089,0.6785
0.08951995977927263,0.6786
0.0858983298424496,0.6787000000000001
0.08226212941733269,0.6788000000000001
0.07864198246475396,0.6789000000000001
0.0750670081535586,0.679
0.07148660043750155,0.6791
0.0678760859075499,0.6792
0.06436264571003425,0.6793
0.06085050409180459,0.6794
0.05735598196078717,0.6795
0.05400318685038097,0.6796
0.05081827610449485,0.6797000000000001
0.047556420883005046,0.6798000000000001
0.04440768901576342,0.6799000000000001
0.04115550996283157,0.68
0.03806073542347188,0.6801
0.03501846251794549,0.6802
0.0320259036330548,0.6803
0.029096833001911016,0.6804
0.026263203476279973,0.6805
0.023747034798708766,0.6806
0.021601041316239744,0.6807000000000001
0.019863813713252076,0.6808000000000001
0.01826361913237684,0.6809000000000001
0.016921028164899043,0.681
0.016024268180297785,0.6811
0.015569278372647544,0.6812
0.015372317299030547,0.6813
0.015542147855121424,0.6814
0.016217484531689585,0.6815
0.017423162823169358,0.6816
0.01916268352429018,0.6817000000000001
0.021418112880687623,0.6818000000000001
0.024158111511399794,0.6819000000000001
0.027341631715688042,0.682
0.030920902049438315,0.6821
0.034842640153695204,0.6822
0.03902789525808781,0.6823
0.04339283640008551,0.6824
0.04789905027468633,0.6825
0.05251548397023442,0.6826
0.0571944580162953,0.6827000000000001
0.06189042212017615,0.6828000000000001
0.06655637284999771,0.6829000000000001
0.07115211224252604,0.683
0.0756415371317285,0.6831
0.07999054458221977,0.6832
0.08416950014748803,0.6833
0.08814954157773991,0.6834
0.09190548030370216,0.6835
0.0954133575609849,0.6836
0.09864916910604249,0.6837000000000001
0.10157951833356094,0.6838000000000001
0.10418513505374216,0.6839000000000001
0.10647173826515222,0.684
0.10843312778863357,0.6841
0.11005594985198519,0.6842
0.11133561737554265,0.6843
0.11226769060912545,0.6844
0.11284746647895316,0.6845
0.1130775611593875,0.6846
0.1129698864317753,0.6847000000000001
0.11252686676594925,0.6848000000000001
0.11063311325173641,0.6849000000000001
0.1077098752469966,0.685
0.10462393677219417,0.6851
0.10137498619384877,0.6852
0.09800597216175133,0.6853
0.09453556531660423,0.6854
0.09098563997990838,0.6855
0.08738199379267142,0.6856
0.08375398725076189,0.6857000000000001
0.08013207722003257,0.6858000000000001
0.07654578645623689,0.6859000000000001
0.07302259651330079,0.686
0.06942048474553608,0.6861
0.06587748533873072,0.6862
0.06245015811836041,0.6863
0.058924936428346175,0.6864
0.05552524566589634,0.6865
0.05228482115540123,0.6866
0.04913912780774754,0.6867000000000001
0.045934741377286814,0.6868000000000001
0.04280070689934412,0.6869000000000001
0.03963568910712878,0.687
0.036694294252169746,0.6871
0.0336315066275954,0.6872
0.030800517896013346,0.6873
0.027872600281958704,0.6874
0.02522679270874839,0.6875
0.022931946586796093,0.6876
0.02103184360955046,0.6877
0.0195078176590191,0.6878000000000001
0.018011571550239358,0.6879000000000001
0.01693013035632518,0.6880000000000001
0.016319637541215126,0.6881
0.016073621808912364,0.6882
0.01606418373075491,0.6883
0.01651696243669587,0.6884
0.01748374724461277,0.6885
0.01897877707347151,0.6886
0.020994341799238425,0.6887
0.023504765128511185,0.6888000000000001
0.026474486395987373,0.6889000000000001
0.02985943548438663,0.6890000000000001
0.033609796010709125,0.6891
0.03764944049787333,0.6892
0.041896687635675445,0.6893
0.04631136513261502,0.6894
0.0508600985693195,0.6895
0.05549356065976241,0.6896
0.060164072494920284,0.6897
0.06482303217494545,0.6898000000000001
0.069428103368804,0.6899000000000001
0.07394171067961153,0.6900000000000001
0.07832804212071542,0.6901
0.0825563856795104,0.6902
0.086596437079145,0.6903
0.09042196925911361,0.6904
0.09400759725983965,0.6905
0.09733191700884514,0.6906
0.10037117944730367,0.6907
0.10309389933676072,0.6908000000000001
0.1054820815078823,0.6909000000000001
0.10754264532936075,0.6910000000000001
0.10927159944357423,0.6911
0.11065571306946453,0.6912
0.11169294043548006,0.6913
0.11237879696121555,0.6914
0.1127107831323092,0.6915
0.1126915202123161,0.6916
0.11233428577773108,0.6917
0.11134119521403452,0.6918000000000001
0.10848069360847268,0.6919000000000001
0.1054325650380713,0.6920000000000001
0.10221902878626066,0.6921
0.09888331448916599,0.6922
0.09544054506048938,0.6923
0.09191081932245904,0.6924
0.08831736527266398,0.6925
0.08468870641504256,0.6926
0.08105531450985848,0.6927
0.0774476835646839,0.6928000000000001
0.07389438663142245,0.6929000000000001
0.0702820611411139,0.6930000000000001
0.06670065630566024,0.6931
0.06322617015804732,0.6932
0.05968055438543307,0.6933
0.05622838098940952,0.6934
0.05292820384751584,0.6935
0.04975874680762793,0.6936
0.04649257409398122,0.6937
0.04333713900822156,0.6938000000000001
0.04010278149656421,0.6939000000000001
0.03708326222347447,0.6940000000000001
0.033993874208266606,0.6941
0.031082822603840654,0.6942
0.02812075783721002,0.6943
0.025384581179666244,0.6944
0.022986774916406993,0.6945
0.020973883202085375,0.6946
0.019380423798523116,0.6947
0.017770308299765336,0.6948000000000001
0.01656508429215897,0.6949000000000001
0.015826282389434176,0.6950000000000001
0.0154762515534419,0.6951
0.015372973148308544,0.6952
0.01570775254382406,0.6953
0.01655797546538529,0.6954
0.01794209571644645,0.6955
0.01985631325129633,0.6956
0.02227704851387391,0.6957
0.025170029199587773,0.6958000000000001
0.028491394936243086,0.6959000000000001
0.03219164176655309,0.6960000000000001
0.03619466691830309,0.6961
0.0404189535270727,0.6962
0.04482320112411742,0.6963
0.04937329062575446,0.6964
0.054019497791217175,0.6965
0.05871383874181779,0.6966
0.06340736867699648,0.6967
0.06805717924691745,0.6968000000000001
0.07262514435156997,0.6969000000000001
0.07707471286633316,0.6970000000000001
0.0813746391019925,0.6971
0.08549390907829668,0.6972
0.08940589948750644,0.6973
0.09308460615256176,0.6974
0.09650829650613058,0.6975
0.09965265924063738,0.6976
0.1024858977194103,0.6977
0.10498937874958669,0.6978000000000001
0.1071693993800823,0.6979000000000001
0.10902128768415131,0.6980000000000001
0.1105312410619601,0.6981
0.111696540665985,0.6982
0.1125120402651314,0.6983
0.11297464759753784,0.6984
0.11308635416996704,0.6985
0.11286012472002083,0.6986
0.11229825598704712,0.6987
0.10967489410794284,0.6988000000000001
0.1066849636895092,0.6989000000000001
0.1035443075092447,0.6990000000000001
0.10025497384267912,0.6991
0.09685124432906544,0.6992
0.09335282170802306,0.6993
0.0897819941714808,0.6994
0.08616631056336976,0.6995
0.08253591684347128,0.6996
0.07892149359134704,0.6997
0.0753520914325827,0.6998000000000001
0.0718196917907703,0.6999000000000001
0.06821573953764914,0.7000000000000001
0.0647068722549109,0.7001000000000001
0.061248598569048074,0.7002
0.05775893492828277,0.7003
0.054408381443107556,0.7004
0.05122491928616979,0.7005
0.04802976125008662,0.7006
0.044885380157163146,0.7007
0.04170472827138738,0.7008
0.03861157244198754,0.7009000000000001
0.03564663874133278,0.7010000000000001
0.03265245256450422,0.7011000000000001
0.029802977516820706,0.7012
0.026960302605664177,0.7013
0.024425405815494905,0.7014
0.022255893553233985,0.7015
0.020492484840390457,0.7016
0.01896343279780588,0.7017
0.017601140334625676,0.7018
0.01667312405700394,0.7019000000000001
0.016220365311766516,0.7020000000000001
0.01602901641726273,0.7021000000000001
0.016155834011774006,0.7022
0.016777433452709545,0.7023
0.017920591452524226,0.7024
0.019591983869563512,0.7025
0.021776741777557396,0.7026
0.024445427022904864,0.7027
0.027559334334721575,0.7028
0.03107240592847993,0.7029000000000001
0.03493305440283612,0.7030000000000001
0.03906358215976535,0.7031000000000001
0.0433811996990463,0.7032
0.047846840576014404,0.7033
0.05242872139492083,0.7034
0.057078307749045765,0.7035
0.061749275738289144,0.7036
0.06639390897389252,0.7037
0.07097131050281835,0.7038
0.07544488682836925,0.7039000000000001
0.07978004703337738,0.7040000000000001
0.08394693485195326,0.7041000000000001
0.08791627961093129,0.7042
0.09166270749780392,0.7043
0.09516177362699618,0.7044
0.0983892043313287,0.7045
0.10131112907368145,0.7046
0.10390806088080251,0.7047
0.10618550356392009,0.7048
0.10813719062699667,0.7049000000000001
0.10974974345164368,0.7050000000000001
0.11101857999970821,0.7051000000000001
0.11193941610493074,0.7052
0.11250758029438457,0.7053
0.11272593920004415,0.7054
0.11260642660120246,0.7055
0.11215170426868681,0.7056
0.11043212937696945,0.7057
0.10750263176714614,0.7058
0.10439367449914372,0.7059000000000001
0.1011332263493131,0.7060000000000001
0.09775525175080968,0.7061000000000001
0.09427741448814153,0.7062
0.09072118134283835,0.7063
0.08711169111825756,0.7064
0.08347793151401961,0.7065
0.07985023161326232,0.7066
0.07625821055964777,0.7067
0.07271856076620375,0.7068
0.06908289977971604,0.7069000000000001
0.06553423677521775,0.7070000000000001
0.06206368096722614,0.7071000000000001
0.05853013047289424,0.7072
0.055128014571794504,0.7073
0.05188596057190531,0.7074
0.04868153871804615,0.7075
0.04547414181859577,0.7076
0.04228179257308895,0.7077
0.03911691588898436,0.7078
0.036128784985444806,0.7079000000000001
0.033057022548744985,0.7080000000000001
0.030176659273173145,0.7081000000000001
0.027248122508053196,0.7082
0.024615753769192894,0.7083
0.0223384505933637,0.7084
0.020458195394934986,0.7085
0.018870508222150528,0.7086
0.017388714963255003,0.7087
0.016331663182468592,0.7088
0.015753967920051792,0.7089000000000001
0.01547989391818061,0.7090000000000001
0.015482063467643581,0.7091000000000001
0.015977449762699658,0.7092
0.016996909492711376,0.7093
0.018551491912917495,0.7094
0.02062993489469478,0.7095
0.023204293671784226,0.7096
0.026237073261450528,0.7097
0.029682627878393708,0.7098
0.03348966387460561,0.7099000000000001
0.037580749822460735,0.7100000000000001
0.04187322432637619,0.7101000000000001
0.046327126941610564,0.7102
0.05090970455898214,0.7103
0.055572106366635454,0.7104
0.06026733503875226,0.7105
0.06494733245894835,0.7106
0.06957043027285548,0.7107
0.07409953744688502,0.7108
0.07849933677529208,0.7109000000000001
0.08273946031927337,0.7110000000000001
0.08678999851004143,0.7111000000000001
0.0906250481136247,0.7112
0.09421960565457121,0.7113
0.09755259716755849,0.7114
0.1006005860243544,0.7115
0.10333235815232578,0.7116
0.10573010206207578,0.7117
0.10780083687105424,0.7118
0.10954058805739575,0.7119000000000001
0.11093612844610723,0.7120000000000001
0.11198531224713193,0.7121000000000001
0.11268356859234596,0.7122
0.11302826295430468,0.7123
0.11302192893700647,0.7124
0.11267773231354128,0.7125
0.1115380916944233,0.7126
0.1086840923534883,0.7127
0.1056452927703816,0.7128
0.10245386361907527,0.7129000000000001
0.09912740076705717,0.7130000000000001
0.09569227851781559,0.7131000000000001
0.09216903805196486,0.7132000000000001
0.08858158556308104,0.7133
0.08495875339012882,0.7134
0.08133117019926395,0.7135
0.07772926274354375,0.7136
0.07418152942597445,0.7137
0.07061250013809062,0.7138
0.06703764072391105,0.7139
0.06356780741997503,0.7140000000000001
0.06007091650189689,0.7141000000000001
0.0566238028770818,0.7142000000000001
0.05332607601589734,0.7143
0.050203039883888856,0.7144
0.04695194685795756,0.7145
0.043860008956627006,0.7146
0.04062928777992991,0.7147
0.037608600733752384,0.7148
0.0345903841862778,0.7149
0.03167698685276821,0.7150000000000001
0.02878098917835903,0.7151000000000001
0.02603575315822071,0.7152000000000001
0.023620234338731727,0.7153
0.02158530085199062,0.7154
0.019967540553753826,0.7155
0.01842766029645837,0.7156
0.01720477287258615,0.7157
0.01643605417525351,0.7158
0.016088018236580792,0.7159
0.01598934187338319,0.7160000000000001
0.01628167542705783,0.7161000000000001
0.017079280105178674,0.7162000000000001
0.018402672535780873,0.7163
0.020251592281732123,0.7164
0.022605232068651393,0.7165
0.025431182242726447,0.7166
0.02868745910776327,0.7167
0.0323260166463617,0.7168
0.036293482589919046,0.7169
0.04051066184875385,0.7170000000000001
0.0448937797324751,0.7171000000000001
0.04940518083058287,0.7172000000000001
0.05401475009464751,0.7173
0.05867510904020379,0.7174
0.06334142247184082,0.7175
0.06796704409038268,0.7176
0.07251257004726663,0.7177
0.07694239486944177,0.7178
0.08122310780784925,0.7179
0.0853255664272079,0.7180000000000001
0.08922146697967381,0.7181000000000001
0.09288613628710163,0.7182000000000001
0.09629610372246677,0.7183
0.09942793998198751,0.7184
0.10224862706635252,0.7185
0.10473957960879177,0.7186
0.10690713511387218,0.7187
0.10874584045993752,0.7188
0.1102428261914582,0.7189
0.11139427973397653,0.7190000000000001
0.1121963251247996,0.7191000000000001
0.11264496806315061,0.7192000000000001
0.11274335617116982,0.7193
0.11250383361855376,0.7194
0.11192931960092123,0.7195
0.10947627121098369,0.7196
0.10648384297591484,0.7197
0.10332302322296372,0.7198
0.10002488358573303,0.7199
0.09661347003951104,0.7200000000000001
0.0931079939921855,0.7201000000000001
0.08953072399724837,0.7202000000000001
0.08590896169897944,0.7203
0.08227275014336033,0.7204
0.0786527370408594,0.7205
0.07507802220813287,0.7206
0.07150134161561494,0.7207
0.06789114012505126,0.7208
0.06437792482285998,0.7209
0.06086934037482372,0.7210000000000001
0.05737496636224271,0.7211000000000001
0.054022222266429276,0.7212000000000001
0.05083741121345242,0.7213
0.047579558827258506,0.7214
0.04443101962719198,0.7215
0.04118259133665503,0.7216
0.03808786218044835,0.7217
0.03504962548123958,0.7218
0.032057010887347914,0.7219
0.029132093394781178,0.7220000000000001
0.02629836130131813,0.7221000000000001
0.02378180347893233,0.7222000000000001
0.021635388288516744,0.7223
0.019897837498513704,0.7224
0.0183031516092218,0.7225
0.016960809492007956,0.7226
0.0160636885951575,0.7227
0.015610292167562267,0.7228
0.01541497642043188,0.7229
0.015583733936907818,0.7230000000000001
0.01625741854556062,0.7231000000000001
0.017460954582140698,0.7232000000000001
0.01919800625439838,0.7233
0.02145077770601156,0.7234
0.02418802561093414,0.7235
0.027368812946722,0.7236
0.030945461763020488,0.7237
0.03486476868931754,0.7238
0.03904784526419447,0.7239
0.04341090358741839,0.7240000000000001
0.047915495384649454,0.7241000000000001
0.052530528023507994,0.7242000000000001
0.05720826601184226,0.7243
0.06190311646049096,0.7244
0.06656802313107235,0.7245
0.07116275601082778,0.7246
0.07565117303723934,0.7247
0.0799991554835443,0.7248
0.08417704428028572,0.7249
0.08815596369520606,0.7250000000000001
0.09191070198192419,0.7251000000000001
0.09541727950689871,0.7252000000000001
0.0986516689094531,0.7253000000000001
0.10158044921620912,0.7254
0.10418434072297256,0.7255
0.10646906077678508,0.7256
0.108428419016381,0.7257
0.11004906100583012,0.7258
0.11132641928049092,0.7259
0.11225606063276661,0.7260000000000001
0.11283330482184584,0.7261000000000001
0.11306077602356246,0.7262000000000001
0.1129504076556258,0.7263000000000001
0.11250462908971037,0.7264
0.11060665481639331,0.7265
0.1076814325683062,0.7266
0.10459371844159937,0.7267
0.10134270366988085,0.7268
0.09797202428188423,0.7269
0.09450012488516968,0.727
0.09094887772796711,0.7271000000000001
0.08734408206681177,0.7272000000000001
0.08371510063775633,0.7273000000000001
0.08009239096154197,0.7274
0.07650547551091447,0.7275
0.0729818339235272,0.7276
0.0693764059035632,0.7277
0.06583300358840771,0.7278
0.06240554828450551,0.7279
0.05887654298133782,0.728
0.05547668647812598,0.7281000000000001
0.05223639279187764,0.7282000000000001
0.04908570676262314,0.7283000000000001
0.0458813345701965,0.7284
0.04274191624916157,0.7285
0.03957714579709859,0.7286
0.03663653205085504,0.7287
0.03356750001319564,0.7288
0.03073725733650101,0.7289
0.02780309790104285,0.729
0.025158665415704107,0.7291000000000001
0.02286625774315798,0.7292000000000001
0.02096922978039606,0.7293000000000001
0.01943968453524425,0.7294
0.01794607405159021,0.7295
0.016868348574206715,0.7296
0.01626250592715439,0.7297
0.016016924244542485,0.7298
0.016007487852735425,0.7299
0.016465828681399453,0.73
0.01743934581413864,0.7301000000000001
0.01894194081896261,0.7302000000000001
0.02096546554321921,0.7303000000000001
0.02348393538248761,0.7304
0.026461566025075323,0.7305
0.029854111928108384,0.7306
0.033611605061729444,0.7307
0.03765775709922248,0.7308
0.04191078266584536,0.7309
0.04633050881781142,0.731
0.050883615332837806,0.7311000000000001
0.05552079726670267,0.7312000000000001
0.06019442956768217,0.7313000000000001
0.06485595434234337,0.7314
0.06946310684241619,0.7315
0.07397837200678536,0.7316
0.07836600141066608,0.7317
0.08259533309245592,0.7318
0.08663610575660252,0.7319
0.09046212889732552,0.732
0.094048047666346,0.7321000000000001
0.09737248991342418,0.7322000000000001
0.1004117301716313,0.7323000000000001
0.10313431046263011,0.7324
0.10552225461762643,0.7325
0.10758250430515237,0.7326
0.10931107873902535,0.7327
0.110694756929136,0.7328
0.11173149645608638,0.7329
0.11241681502227907,0.733
0.11274821382367184,0.7331000000000001
0.11272831440652398,0.7332000000000001
0.11237039453014297,0.7333000000000001
0.11134667498447559,0.7334
0.10848540979783594,0.7335
0.10543725163867024,0.7336
0.10222553696605263,0.7337
0.09888983981656518,0.7338
0.09544697869874663,0.7339
0.09191712537999164,0.734
0.08832362785990899,0.7341000000000001
0.08469506693714901,0.7342000000000001
0.08106194458845939,0.7343000000000001
0.07745474557075449,0.7344
0.07390203068439438,0.7345
0.07029356569540524,0.7346
0.06671295135353694,0.7347
0.0632392210863294,0.7348
0.05969783763084413,0.7349
0.056246457858679655,0.735
0.05294698178925272,0.7351000000000001
0.04978217991292477,0.7352000000000001
0.04651669624508026,0.7353000000000001
0.04336545048735707,0.7354
0.040131513424966014,0.7355
0.037112202480926504,0.7356
0.03402688987410252,0.7357
0.031116042046839265,0.7358
0.028157848525512286,0.7359
0.025421747305324205,0.736
0.023023719684850397,0.7361000000000001
0.021010548531000817,0.7362000000000001
0.019416850520678874,0.7363000000000001
0.017811733428415133,0.7364
0.016606763796565005,0.7365
0.015867569332014497,0.7366
0.015518885483225997,0.7367
0.015417036704491904,0.7368
0.01575068171609484,0.7369
0.0165991789494897,0.737
0.017981074605466718,0.7371000000000001
0.01989273644398315,0.7372000000000001
0.0223107272316716,0.7373000000000001
0.025200869539377724,0.7374
0.028519407060670687,0.7375
0.03221691646568847,0.7376
0.036217375268941865,0.7377
0.04043931839085557,0.7378
0.04484144632850762,0.7379
0.04938961127211883,0.738
0.05403406594488591,0.7381000000000001
0.05872679378112311,0.7382000000000001
0.06341881786262937,0.7383000000000001
0.06806719630347025,0.7384000000000001
0.07263377020480255,0.7385
0.07708196486708485,0.7386
0.08138051119789491,0.7387
0.08549838094081941,0.7388
0.08940892995652427,0.7389
0.09308613754093287,0.739
0.09650824645600953,0.7391000000000001
0.09965092713432289,0.7392000000000001
0.10248236207782635,0.7393000000000001
0.10498391114126837,0.7394000000000001
0.10716187486509621,0.7395
0.10901158933649102,0.7396
0.11051926189524897,0.7397
0.11168218766302174,0.7398
0.11249523686901808,0.7399
0.11295533152282444,0.74
0.11306447919293916,0.7401
0.11283565503602688,0.7402000000000001
0.1122711672648038,0.7403000000000001
0.10964723637417795,0.7404000000000001
0.10665581378143796,0.7405
0.10351302782903837,0.7406
0.1002222280158761,0.7407
0.09681720597398624,0.7408
0.09331765634982381,0.7409
0.08974586292041531,0.741
0.08612937226489636,0.7411
0.08249832784455469,0.7412000000000001
0.078883409395345,0.7413000000000001
0.07531366610384305,0.7414000000000001
0.07177778367481258,0.7415
0.06817353632725487,0.7416
0.06466464373624314,0.7417
0.06120248230688208,0.7418
0.05771279445080668,0.7419
0.05436250866363945,0.742
0.051179469819498946,0.7421
0.04797907559498604,0.7422000000000001
0.044835002424138404,0.7423000000000001
0.04164894538621189,0.7424000000000001
0.03855644501058397,0.7425
0.03558602339286643,0.7426
0.03259293210146885,0.7427
0.029738320120145545,0.7428
0.02689723478544148,0.7429
0.024364739592597662,0.743
0.022198150001776273,0.7431
0.020438019308472333,0.7432000000000001
0.018903468172216442,0.7433000000000001
0.017543982965325444,0.7434000000000001
0.01661990456370832,0.7435
0.01616789807698127,0.7436
0.015977017226632473,0.7437
0.016108917757932995,0.7438
0.0167365646857236,0.7439
0.017886538133458307,0.744
0.019565189366067992,0.7441
0.021757367423027363,0.7442000000000001
0.024433440386001815,0.7443000000000001
0.027554496118413985,0.7444000000000001
0.031074308662165873,0.7445
0.03494115094106953,0.7446
0.03907719437254076,0.7447
0.043399559258263665,0.7448
0.04786921955926671,0.7449
0.05245445941253757,0.745
0.05710680009819891,0.7451
0.06177998742091362,0.7452000000000001
0.06642636205733199,0.7453000000000001
0.07100509322617732,0.7454000000000001
0.07547963680738679,0.7455
0.07981544856869027,0.7456
0.08398270720510859,0.7457
0.08795218184634501,0.7458
0.09169853442928477,0.7459
0.09519736366380815,0.746
0.09842443459378258,0.7461
0.10134591368716483,0.7462000000000001
0.10394234295096705,0.7463000000000001
0.10621924799652072,0.7464000000000001
0.1081703746448629,0.7465
0.10978235032194372,0.7466
0.11105059662045558,0.7467
0.11197082793406488,0.7468
0.11253837269747213,0.7469
0.11275609341372539,0.747
0.11263592165120972,0.7471
0.11218051711796984,0.7472000000000001
0.11043533648409964,0.7473000000000001
0.10750521809396285,0.7474000000000001
0.10439744411367502,0.7475
0.10113717127299937,0.7476
0.09775925071653346,0.7477
0.09428142779910831,0.7478
0.09072521393136845,0.7479
0.08711583278621704,0.748
0.08348231955655716,0.7481
0.07985502110512022,0.7482000000000001
0.07626354518759093,0.7483000000000001
0.07272701872336951,0.7484000000000001
0.0690921210019666,0.7485
0.06554421279447764,0.7486
0.062077202000105136,0.7487
0.05854447972973387,0.7488
0.055143142150434254,0.7489
0.05190192246431402,0.749
0.048701724866318186,0.7491
0.0454952497387644,0.7492000000000001
0.04230687267401545,0.7493000000000001
0.03914271978596173,0.7494000000000001
0.03615853004244407,0.7495
0.033087278437599066,0.7496
0.030210619639831737,0.7497
0.02728248304001646,0.7498
0.024650279554192744,0.7499
0.02237307458379112,0.75
0.020492937374601228,0.7501
0.018909873285502865,0.7502000000000001
0.01742861543769214,0.7503000000000001
0.016371606827292773,0.7504000000000001
0.01579351131586293,0.7505000000000001
0.015523303528297339,0.7506
0.015524938266038735,0.7507
0.016019179802752026,0.7508
0.017036908197432865,0.7509
0.018589323858634543,0.751
0.020665317983636022,0.7511
0.02323704066659671,0.7512000000000001
0.02626710064516402,0.7513000000000001
0.029709943747020073,0.7514000000000001
0.033514365164582394,0.7515000000000001
0.037602999640276025,0.7516
0.041893241703692574,0.7517
0.046345118417164155,0.7518
0.05092584345130646,0.7519
0.05558653662241553,0.752
0.06028016002254499,0.7521
0.0649586271913487,0.7522000000000001
0.06958023504951083,0.7523000000000001
0.07410787334496693,0.7524000000000001
0.07850620173347511,0.7525000000000001
0.08274484214095812,0.7526
0.08679386560959312,0.7527
0.09062735742059913,0.7528
0.09422029324981995,0.7529
0.09755158516169826,0.753
0.1005977794730224,0.7531
0.10332765050699588,0.7532
0.10572338088943112,0.7533000000000001
0.10779199409212936,0.7534000000000001
0.10952952355067513,0.7535000000000001
0.11092275017387088,0.7536
0.11196954463712472,0.7537
0.11266534944323137,0.7538
0.11300754815126302,0.7539
0.11299868623653875,0.754
0.11265194309921567,0.7541
0.11151174821116627,0.7542
0.10865627990448412,0.7543000000000001
0.10561612986831481,0.7544000000000001
0.1024225222109415,0.7545000000000001
0.09909478717172537,0.7546
0.09565857490660801,0.7547
0.09213440973290521,0.7548
0.08854618271402093,0.7549
0.08492272208773344,0.755
0.08129465313734041,0.7551
0.07769240328759208,0.7552
0.07414446996794088,0.7553000000000001
0.0705719106977497,0.7554000000000001
0.06699688926202008,0.7555000000000001
0.06352716355509891,0.7556
0.06002632717468148,0.7557
0.056579319668996764,0.7558
0.05328199521960486,0.7559
0.05015951034836674,0.756
0.04690315948419643,0.7561
0.043805944516774886,0.7562
0.0405758263242153,0.7563000000000001
0.03755635049660455,0.7564000000000001
0.03453281666391539,0.7565000000000001
0.03162063056529574,0.7566
0.028719563726742114,0.7567
0.02597608046956923,0.7568
0.023563193179026998,0.7569
0.02153141620220511,0.757
0.01991714236195996,0.7571
0.01837188086445951,0.7572
0.01715193558577588,0.7573000000000001
0.016387307784511362,0.7574000000000001
0.016040308103431933,0.7575000000000001
0.01594235649057585,0.7576
0.016239815708617655,0.7577
0.017043433762057303,0.7578
0.018373501585662533,0.7579
0.02022942796879712,0.758
0.022590130908878958,0.7581
0.02542302640164773,0.7582
0.02868594568243288,0.7583000000000001
0.032330700038660565,0.7584000000000001
0.03630380241251974,0.7585000000000001
0.04052595478376686,0.7586
0.04491331709513191,0.7587
0.04942828188796211,0.7588
0.05404080168816772,0.7589
0.05870354935718036,0.759
0.06337175284894336,0.7591
0.06799881599051916,0.7592
0.0725453975649547,0.7593000000000001
0.07697593943123415,0.7594000000000001
0.08125707809783678,0.7595000000000001
0.08535970498687806,0.7596
0.08925555496307191,0.7597
0.09291998805359702,0.7598
0.09632957504851447,0.7599
0.09946092344912172,0.76
0.10228105052431313,0.7601
0.1047713982880022,0.7602
0.10693832301361139,0.7603000000000001
0.10877638285863755,0.7604000000000001
0.11027271287322293,0.7605000000000001
0.11142350445174465,0.7606
0.11222487963274519,0.7607
0.1126728451680521,0.7608
0.11277054448363899,0.7609
0.11253032059406376,0.761
0.11195509097790246,0.7611
0.10947827105739583,0.7612
0.10648526775466338,0.7613000000000001
0.10332547641329537,0.7614000000000001
0.10002752173549756,0.7615000000000001
0.09661619220350803,0.7616
0.09311077324018213,0.7617
0.08953357239387971,0.7618
0.08591196839271464,0.7619
0.08227604633873775,0.762
0.07865646916358027,0.7621
0.07508232558400563,0.7622
0.07150846012739864,0.7623000000000001
0.0678990319374535,0.7624000000000001
0.06438659215767939,0.7625000000000001
0.06088122112867289,0.7626000000000001
0.05738770343450961,0.7627
0.05403578196684222,0.7628
0.050851853554956916,0.7629
0.047597894929831464,0.763
0.044450333256517593,0.7631
0.04120561136275569,0.7632
0.03811168783136054,0.7633000000000001
0.03507720788031876,0.7634000000000001
0.03208522503302924,0.7635000000000001
0.029163928061389344,0.7636000000000001
0.026330718334106384,0.7637
0.02381443882424583,0.7638
0.021668227833055997,0.7639
0.019930893227357416,0.764
0.01834069680652206,0.7641
0.01699898879373496,0.7642
0.016102004398805825,0.7643000000000001
0.015650245986670752,0.7644000000000001
0.015456593263581508,0.7645000000000001
0.015624777649499766,0.7646000000000001
0.016297335228989684,0.7647
0.017499244141662817,0.7648
0.01923428823778961,0.7649
0.021484789595319187,0.765
0.02421958939731428,0.7651
0.02739785374324133,0.7652
0.030971990897555646,0.7653000000000001
0.03488887258948292,0.7654000000000001
0.03906967437966169,0.7655000000000001
0.04343065087953324,0.7656000000000001
0.04793333890525342,0.7657
0.05254661343854394,0.7658
0.05722270848106459,0.7659
0.06191599414732263,0.766
0.06657938710075617,0.7661
0.07117262704849792,0.7662
0.07565955420669834,0.7663000000000001
0.08000603226443603,0.7664000000000001
0.08418239316578002,0.7665000000000001
0.08815974734115783,0.7666000000000001
0.09191287227321232,0.7667
0.09541777165722587,0.7668
0.0986504038245195,0.7669
0.1015773322989173,0.767
0.10417926956439949,0.7671
0.10646193510199198,0.7672
0.10841914248161044,0.7673
0.11003754528907339,0.7674000000000001
0.11131258677521694,0.7675000000000001
0.11223984910267049,0.7676000000000001
0.11281466518427496,0.7677
0.1130396757395925,0.7678
0.11292682504658769,0.7679
0.11247855569670961,0.768
0.11058064640297438,0.7681
0.10765406315289072,0.7682
0.10456433143625254,0.7683
0.10131189456767453,0.7684000000000001
0.09794006353450535,0.7685000000000001
0.09446718029872692,0.7686000000000001
0.09091510609665521,0.7687
0.08730963146422432,0.7688
0.08368011317901103,0.7689
0.08005700634037116,0.769
0.07646983278267716,0.7691
0.07294607013954224,0.7692
0.06933714864760832,0.7693
0.06579366428709288,0.7694000000000001
0.06236290212746021,0.7695000000000001
0.05883360876386834,0.7696000000000001
0.055434105518268106,0.7697
0.05219432866163265,0.7698
0.04903887540458762,0.7699
0.045834929017100956,0.77
0.04269066916393527,0.7701
0.03952667025481538,0.7702
0.03658708545430778,0.7703
0.03351314334241007,0.7704000000000001
0.030678848727829777,0.7705000000000001
0.02774549277596372,0.7706000000000001
0.025103436725506745,0.7707
0.022813885845816673,0.7708
0.020920057910214895,0.7709
0.019386218609266592,0.771
0.017895402508747216,0.7711
0.01682139964040963,0.7712
0.016220049706529016,0.7713
0.01597531498662108,0.7714000000000001
0.01596632580307067,0.7715000000000001
0.01642976250616557,0.7716000000000001
0.017409262630264655,0.7717
0.018918422331313467,0.7718
0.020948717096993752,0.7719
0.02347391141290034,0.772
0.02645804091355397,0.7721
0.029856724668007706,0.7722
0.03361987302484426,0.7723
0.037671072897149216,0.7724000000000001
0.041928457304289735,0.7725000000000001
0.046351867942142855,0.7726000000000001
0.0509080406436031,0.7727
0.05554770760696259,0.7728
0.06022330147376398,0.7729
0.06488631639939257,0.773
0.06949455392579151,0.7731
0.0740105540920698,0.7732
0.07839861959753969,0.7733
0.08262812852352475,0.7734000000000001
0.08666885487020604,0.7735000000000001
0.09049464136094842,0.7736000000000001
0.09408016517779416,0.7737
0.09740408761793506,0.7738
0.10044271123689696,0.7739
0.10316460657844517,0.774
0.1055518190911432,0.7741
0.10761131073178931,0.7742
0.10933911312015476,0.7743
0.11072201579173724,0.7744000000000001
0.11175798048413299,0.7745000000000001
0.11244252680622191,0.7746000000000001
0.1127731555054341,0.7747
0.1127524871204123,0.7748
0.1123937967478541,0.7749
0.11134801447131504,0.775
0.10848618854198966,0.7751
0.10543800873434117,0.7752
0.1022272726172726,0.7753
0.09889162919347039,0.7754000000000001
0.09544877815473207,0.7755000000000001
0.09191893798005002,0.7756000000000001
0.088325540136456,0.7757000000000001
0.08469720658025393,0.7758
0.08106445888399316,0.7759
0.07745777250805297,0.776
0.07390569560284344,0.7761
0.07029986811162614,0.7762
0.06672006714966927,0.7763
0.06324715170095141,0.7764000000000001
0.05970869556378222,0.7765000000000001
0.05625802058708396,0.7766000000000001
0.052958900569290535,0.7767000000000001
0.049796189039843286,0.7768
0.046531255741913746,0.7769
0.0433873961860729,0.777
0.04015705790219304,0.7771
0.0371411079694286,0.7772
0.03406782535670927,0.7773
0.03115904716167428,0.7774000000000001
0.028209494564239268,0.7775000000000001
0.025473270049163554,0.7776000000000001
0.02307425373567118,0.7777000000000001
0.021059884631948744,0.7778
0.019465010995417975,0.7779
0.01786486202805926,0.778
0.01665937696473896,0.7781
0.01591888391443308,0.7782
0.015571138283801744,0.7783
0.015470535850163225,0.7784000000000001
0.015801903067754974,0.7785000000000001
0.016647334770298006,0.7786000000000001
0.018025432093715432,0.7787000000000001
0.019932957275498264,0.7788
0.02234661783174463,0.7789
0.025232394496477406,0.779
0.028546599458251443,0.7791
0.03223986605893603,0.7792
0.036236310217940604,0.7793
0.040454512854815494,0.7794000000000001
0.04485329027405505,0.7795000000000001
0.049398395675444906,0.7796000000000001
0.054040135898326014,0.7797000000000001
0.05873033644906589,0.7798
0.06342004114370026,0.7799
0.06806618647519147,0.78
0.07263064678475506,0.7801
0.07707680683502116,0.7802
0.08137341772906725,0.7803
0.08548946115176981,0.7804
0.08939825463841522,0.7805000000000001
0.09307380596611758,0.7806000000000001
0.09649425889602226,0.7807000000000001
0.09963533370369648,0.7808
0.10246509524202152,0.7809
0.10496498753398642,0.781
0.10714121836808932,0.7811
0.10898922589527094,0.7812
0.11049514788993409,0.7813
0.1116563648723321,0.7814
0.1124677041693799,0.7815000000000001
0.11292613597451528,0.7816000000000001
0.11303365323438896,0.7817000000000001
0.11280323556812,0.7818
0.11223720688292294,0.7819
0.10962168781911585,0.782
0.10662932824287352,0.7821
0.1034838025314575,0.7822
0.10019202342647404,0.7823
0.09678630422341739,0.7824
0.09328628516279358,0.7825000000000001
0.08971421687052572,0.7826000000000001
0.08609760656273913,0.7827000000000001
0.08246656847443479,0.7828
0.07885176718329501,0.7829
0.07528224778886117,0.783
0.07174344176767056,0.7831
0.06813950885885622,0.7832
0.06463116319376272,0.7833
0.0611659877401135,0.7834
0.05767689603671666,0.7835000000000001
0.05432743422277175,0.7836000000000001
0.0511453055634119,0.7837000000000001
0.04794090621557756,0.7838
0.044797623035900624,0.7839
0.04160749841740907,0.784
0.03851605960252158,0.7841
0.03554154227380124,0.7842
0.03254986086565159,0.7843
0.02969150462198833,0.7844
0.026852196818021756,0.7845000000000001
0.02432206434492401,0.7846000000000001
0.02215815454416803,0.7847000000000001
0.020400866557358732,0.7848
0.01886221268467536,0.7849
0.017505103803119093,0.785
0.016584215695627735,0.7851
0.016132907140225416,0.7852
0.015942486285591695,0.7853
0.016078272883094158,0.7854
0.016710450313324188,0.7855000000000001
0.017865433568791556,0.7856000000000001
0.019549323213189584,0.7857000000000001
0.021746761069413978,0.7858
0.024427975755504372,0.7859
0.02755391444210864,0.786
0.031078229459313933,0.7861
0.03494910763453585,0.7862
0.03908862700668658,0.7863
0.04341386392000479,0.7864
0.04788582601073177,0.7865000000000001
0.052472869221793284,0.7866000000000001
0.05712656069404298,0.7867000000000001
0.06180071675619936,0.7868
0.0664477234848897,0.7869
0.07102681039543679,0.787
0.07550147114805905,0.7871
0.07983720023047036,0.7872
0.08400420471902592,0.7873
0.08797328367956903,0.7874
0.09171913216952465,0.7875000000000001
0.0952173801559566,0.7876000000000001
0.09844383193620554,0.7877000000000001
0.101364680365578,0.7878000000000001
0.10396050002315926,0.7879
0.1062368247332639,0.788
0.10818741823645961,0.7881
0.10979890650742141,0.7882
0.11106672081538771,0.7883
0.11198656767544446,0.7884
0.11255378043060515,0.7885000000000001
0.11277121227929998,0.7886000000000001
0.11265079474768847,0.7887000000000001
0.11219518212963375,0.7888000000000001
0.11043794545192254,0.7889
0.10750792271648824,0.789
0.10440062715220955,0.7891
0.10114084961166625,0.7892
0.09776337951243375,0.7893
0.09428599192376774,0.7894
0.09073021582028251,0.7895000000000001
0.0871213166988688,0.7896000000000001
0.08348835133031285,0.7897000000000001
0.0798616734388381,0.7898000000000001
0.07627088195246678,0.7899
0.07273623529992868,0.79
0.0691021613595787,0.7901
0.06555506375500042,0.7902
0.06209028230513314,0.7903
0.058558457217427584,0.7904
0.05515798686475604,0.7905000000000001
0.05191765761110978,0.7906000000000001
0.048720569931006485,0.7907000000000001
0.04551512349691489,0.7908000000000001
0.04233002422150589,0.7909
0.039166871053971875,0.791
0.03618635248036384,0.7911
0.0331160180238288,0.7912
0.03024316782607106,0.7913
0.027315852575201305,0.7914
0.024684184870154446,0.7915000000000001
0.022407360872948923,0.7916000000000001
0.020527511058731518,0.7917000000000001
0.01894905528312596,0.7918000000000001
0.017468344889910004,0.7919
0.01641133779366788,0.792
0.01583275149914809,0.7921
0.015566235495660496,0.7922
0.015567169140966675,0.7923
0.016060050777176205,0.7924
0.017075779644154965,0.7925000000000001
0.018625708099169858,0.7926000000000001
0.020698884822344388,0.7927000000000001
0.023267561917078572,0.7928000000000001
0.02629445779151296,0.7929
0.02973411541419413,0.793
0.03353542486983807,0.7931
0.03762109562006555,0.7932
0.04190858987289037,0.7933
0.04635793168853497,0.7934
0.05093631386173536,0.7935
0.05559483772499085,0.7936000000000001
0.06028643595615224,0.7937000000000001
0.06496299992477272,0.7938000000000001
0.06958279754619745,0.7939
0.07410870071726605,0.794
0.07850534872005899,0.7941
0.08274235385120288,0.7942
0.08678977077924965,0.7943
0.09062167547278555,0.7944
0.0942130268351411,0.7945
0.09754272626233329,0.7946000000000001
0.10058730689972784,0.7947000000000001
0.10331553546894623,0.7948000000000001
0.1057095897294077,0.7949
0.10777649469924044,0.795
0.10951228865854046,0.7951
0.11090375839667532,0.7952
0.11194878570774158,0.7953
0.11264282206700049,0.7954
0.11298326329684127,0.7955
0.11297266210421275,0.7956000000000001
0.11262420613718116,0.7957000000000001
0.11149084932806563,0.7958000000000001
0.10863457473758831,0.7959
0.10559354614392602,0.796
0.1023977952466737,0.7961
0.09906926042474284,0.7962
0.09563242578425335,0.7963
0.09210777983820939,0.7964
0.08851917066111337,0.7965
0.08489540906043613,0.7966000000000001
0.0812671094438403,0.7967000000000001
0.07766470121920821,0.7968000000000001
0.07411668308358643,0.7969
0.07054079912063294,0.797
0.06696569738968638,0.7971
0.0634961018945066,0.7972
0.05999164355995956,0.7973
0.05654478740784996,0.7974
0.05324785606267968,0.7975
0.0501258679612282,0.7976000000000001
0.046865050861243596,0.7977000000000001
0.04376353661459964,0.7978000000000001
0.040534097475326325,0.7979
0.03751579477236899,0.798
0.03448823543416579,0.7981
0.03157724693983188,0.7982
0.028672487326711682,0.7983
0.025930595134403545,0.7984
0.0235199301787814,0.7985
0.021490721508336197,0.7986000000000001
0.01987920780405461,0.7987000000000001
0.01832990998445383,0.7988000000000001
0.01711225264784111,0.7989
0.016350766558000718,0.799
0.01600458876652855,0.7991
0.01590720818636293,0.7992
0.016208533719973328,0.7993
0.017016658823576503,0.7994
0.018351701203545234,0.7995
0.020212819732982723,0.7996000000000001
0.02257872664313143,0.7997000000000001
0.025416709468151,0.7998000000000001
0.028684462376203257,0.7999
0.03233369283723664,0.8
0.03631083092109777,0.8001
0.04053650732010561,0.8002
0.04492683903354555,0.8003
0.049444260844983656,0.8004
0.054058780954896246,0.8005
0.05872311567934774,0.8006000000000001
0.0633925433284852,0.8007000000000001
0.06802050746666433,0.8008000000000001
0.07256771489187275,0.8009000000000001
0.07699864377745613,0.801
0.08127996712012664,0.8011
0.08538260298237865,0.8012
0.08927831727833324,0.8013
0.09294249719302095,0.8014
0.0963517474840615,0.8015
0.0994827059591783,0.8016000000000001
0.10230241957680786,0.8017000000000001
0.10479235238563933,0.8018000000000001
0.10695887416724659,0.8019000000000001
0.10879655102949082,0.802
0.11029252094299213,0.8021
0.11144297692453908,0.8022
0.11224403797230442,0.8023
0.11269171024401037,0.8024
0.11278913235670573,0.8025
0.11254864514038176,0.8026000000000001
0.11197316377125155,0.8027000000000001
0.10948171421196018,0.8028000000000001
0.1064885824230054,0.8029000000000001
0.10332953775262876,0.803
0.10003194210278843,0.8031
0.09662090680591184,0.8032
0.09311575957704787,0.8033
0.08953882990777151,0.8034
0.08591754344887237,0.8035
0.08228200969710209,0.8036000000000001
0.07866289928389392,0.8037000000000001
0.07508929214918236,0.8038000000000001
0.07151752325131966,0.8039000000000001
0.06790875739743885,0.804
0.06439695933449063,0.8041
0.060893993350509046,0.8042
0.057401181575597704,0.8043
0.0540499254147464,0.8044
0.05086668896363489,0.8045
0.04761582657218821,0.8046000000000001
0.044469059617233686,0.8047000000000001
0.041227442568289474,0.8048000000000001
0.038134213454302346,0.8049000000000001
0.035103041378877986,0.805
0.03211163170737197,0.8051
0.02919365425687137,0.8052
0.02636090459088325,0.8053
0.02384481455603571,0.8054
0.02169866811930632,0.8055
0.01996134609332345,0.8056000000000001
0.018375192225212222,0.8057000000000001
0.017033823695499217,0.8058000000000001
0.016136678505696223,0.8059000000000001
0.01568620155989975,0.806
0.015493867899934566,0.8061
0.015661203280337377,0.8062
0.016332375672380106,0.8063
0.017532420808386462,0.8064
0.01926524459726786,0.8065
0.021513286467037762,0.8066
0.02424547190995674,0.8067000000000001
0.027421066446341902,0.8068000000000001
0.03099256164706854,0.8069000000000001
0.034906901320685746,0.807
0.03908532503308981,0.8071
0.043444131711475986,0.8072
0.04794484616374417,0.8073
0.05255631563975349,0.8074
0.05723074895590474,0.8075
0.06192248427039404,0.8076
0.0665844141028955,0.8077000000000001
0.07117625012353634,0.8078000000000001
0.07566181492775492,0.8079000000000001
0.08000695505103228,0.808
0.08418199276997518,0.8081
0.08815802525931904,0.8082
0.09190981957733213,0.8083
0.09541336423402835,0.8084
0.09864460473827741,0.8085
0.10157009143098794,0.8086
0.10417052961526885,0.8087000000000001
0.106451638788288,0.8088000000000001
0.10840723499990457,0.8089000000000001
0.11002397787437967,0.809
0.11129731856237313,0.8091
0.11222285078709515,0.8092
0.11279591724808757,0.8093
0.11301917101025805,0.8094
0.11290456427305628,0.8095
0.11245454941334743,0.8096
0.11056108579489687,0.8097000000000001
0.10763366308663036,0.8098000000000001
0.10454212037286681,0.8099000000000001
0.10128874026542467,0.81
0.09791612681892348,0.8101
0.09444259471430783,0.8102
0.09088998923340708,0.8103
0.0872840807239863,0.8104
0.08365421260569783,0.8105
0.08003083436551506,0.8106
0.0764434678929693,0.8107000000000001
0.07291959039543516,0.8108000000000001
0.06930758543089621,0.8109000000000001
0.06576398957529728,0.811
0.06232997495154413,0.8111
0.05880072223522048,0.8112
0.05540147111935734,0.8113
0.05216204827343662,0.8114
0.04900254044007202,0.8115
0.045798884708017296,0.8116
0.04265063711322292,0.8117000000000001
0.039487245408168725,0.8118000000000001
0.03654383570899333,0.8119000000000001
0.033470874651108096,0.812
0.0306331800085895,0.8121
0.027701160704561856,0.8122
0.0250609655148899,0.8123
0.02277360137104134,0.8124
0.020882173910467206,0.8125
0.019344781314488024,0.8126
0.01785604694146703,0.8127000000000001
0.01678485642764027,0.8128000000000001
0.016186914252643403,0.8129000000000001
0.015942729529526467,0.8130000000000001
0.015933998253472526,0.8131
0.01640129977987792,0.8132
0.017385336378230365,0.8133
0.018899468324677926,0.8134
0.02093487927227411,0.8135
0.023465144353064904,0.8136
0.02645416037644388,0.8137000000000001
0.029857445437158514,0.8138000000000001
0.033624814194318065,0.8139000000000001
0.03767976210223556,0.8140000000000001
0.04194036098673415,0.8141
0.046366471661394515,0.8142
0.05092487880958374,0.8143
0.055566352812867814,0.8144
0.06024337470325425,0.8145
0.0649074800756142,0.8146
0.06951651733248554,0.8147000000000001
0.07403306285743494,0.8148000000000001
0.07842145429385605,0.8149000000000001
0.08265109777246704,0.8150000000000001
0.08669179700653373,0.8151
0.09051742238207694,0.8152
0.09410268072460004,0.8153
0.09742626057922599,0.8154
0.1004644893081561,0.8155
0.10318596003158709,0.8156
0.10557273638365561,0.8157000000000001
0.10763179457126293,0.8158000000000001
0.10935917499330894,0.8159000000000001
0.11074167358394005,0.8160000000000001
0.11177725240840519,0.8161
0.11246143020986354,0.8162
0.11279170429709895,0.8163
0.11277069334360879,0.8164
0.11241166853064821,0.8165
0.11135114129283119,0.8166
0.108489093768952,0.8167000000000001
0.10544104580539815,0.8168000000000001
0.10223109605610214,0.8169000000000001
0.09889563676314694,0.8170000000000001
0.09545293424928103,0.8171
0.09192323847744932,0.8172
0.08833003674766027,0.8173
0.08470197739830398,0.8174
0.08106959292688187,0.8175
0.07746335004056948,0.8176
0.07391178644235086,0.8177000000000001
0.07030804601619334,0.8178000000000001
0.06672887182369724,0.8179000000000001
0.06325656252540246,0.8180000000000001
0.05972046728491143,0.8181
0.05627045745878534,0.8182
0.0529719656402583,0.8183
0.04981211929072216,0.8184
0.04654788124416687,0.8185
0.04340684144197482,0.8186
0.04017711437453064,0.8187000000000001
0.03716164941875921,0.8188000000000001
0.03409145629901,0.8189000000000001
0.0311832135964194,0.8190000000000001
0.02823683081034356,0.8191
0.025501048403508975,0.8192
0.02310221209779595,0.8193
0.02108791841073887,0.8194
0.01949308210711198,0.8195
0.017896873694457804,0.8196
0.016691724738030933,0.8197
0.015951053628463274,0.8198000000000001
0.015604439930410052,0.8199000000000001
0.01550500707136293,0.8200000000000001
0.015835552092039684,0.8201
0.01667967125070713,0.8202
0.01805603173449799,0.8203
0.019961521175243746,0.8204
0.022372957536452187,0.8205
0.025256397377392714,0.8206
0.028568237181945788,0.8207
0.032259177850203935,0.8208000000000001
0.03625340337975658,0.8209000000000001
0.04046954264677627,0.8210000000000001
0.04486641876111741,0.8211
0.04940977020618975,0.8212
0.054049891357570434,0.8213
0.05873858837657964,0.8214
0.06342688309998878,0.8215
0.06807168915197903,0.8216
0.07263485634422095,0.8217
0.07707975275059142,0.8218000000000001
0.08137511228386707,0.8219000000000001
0.08548990745078178,0.8220000000000001
0.08939744231699243,0.8221
0.09307171490911015,0.8222
0.09649085400431612,0.8223
0.09963056897885991,0.8224
0.10245891305694532,0.8225
0.10495732611407971,0.8226
0.1071320185105813,0.8227
0.10897843312029842,0.8228000000000001
0.11048271536407395,0.8229000000000001
0.11164225420715146,0.8230000000000001
0.11245188849283116,0.8231
0.1129085974658024,0.8232
0.11301438520264029,0.8233
0.11278223787740094,0.8234
0.11221448762918973,0.8235
0.10960236425590986,0.8236
0.10660919707861072,0.8237
0.10346196709301758,0.8238000000000001
0.10016930383200207,0.8239000000000001
0.09676285052592526,0.8240000000000001
0.09326222456186162,0.8241
0.08968966383832189,0.8242
0.08607266041441408,0.8243
0.08244131786800357,0.8244
0.07882629571824762,0.8245
0.07525663757106227,0.8246
0.07171507385611209,0.8247
0.06811100656454161,0.8248000000000001
0.06460271204936918,0.8249000000000001
0.061134471050377615,0.8250000000000001
0.057645436465580735,0.8251000000000001
0.05429624389155974,0.8252
0.05111448559594711,0.8253
0.04790618205094699,0.8254
0.04476321978319797,0.8255
0.04156924694682518,0.8256
0.038478441550085396,0.8257
0.035500217360688646,0.8258000000000001
0.03250952717189981,0.8259000000000001
0.029647881157640388,0.8260000000000001
0.02680991812772171,0.8261000000000001
0.024281667589674205,0.8262
0.02211996810835748,0.8263
0.020365097061900705,0.8264
0.0188229554753494,0.8265
0.01746790290940381,0.8266
0.01654981316893589,0.8267
0.01609919675347915,0.8268000000000001
0.01590926434242701,0.8269000000000001
0.016048559659405326,0.8270000000000001
0.016684858871537367,0.8271000000000001
0.017844439539784984,0.8272
0.01953318299815643,0.8273
0.021735542560237686,0.8274
0.02442161984819813,0.8275
0.027552226735913177,0.8276
0.03108090740102387,0.8277
0.03495575941275941,0.8278000000000001
0.039098778975241055,0.8279000000000001
0.04342698811380963,0.8280000000000001
0.04790142627789051,0.8281000000000001
0.05249049893317537,0.8282
0.05714581458456092,0.8283
0.06182123947494256,0.8284
0.06646919990129163,0.8285
0.07104897089651696,0.8286
0.07552407944884587,0.8287
0.07986005175592792,0.8288000000000001
0.0840271185180208,0.8289000000000001
0.08799610637937338,0.8290000000000001
0.09174173537065211,0.8291000000000001
0.09523966625040559,0.8292
0.09846573097168265,0.8293
0.10138614936554158,0.8294
0.10398151704475644,0.8295
0.10625738293403286,0.8296
0.10820751993220312,0.8297
0.10981855882536151,0.8298000000000001
0.11108593374868914,0.8299000000000001
0.11200535023413116,0.8300000000000001
0.11257214163359996,0.8301000000000001
0.11278915791690036,0.8302
0.11266832871481769,0.8303
0.11221230662201964,0.8304
0.11044023516990742,0.8305
0.10750993624712124,0.8306
0.10440328260075116,0.8307
0.1011437014480322,0.8308000000000001
0.0977663639854226,0.8309000000000001
0.09428909017910303,0.8310000000000001
0.09073343372575737,0.8311000000000001
0.087124709284914,0.8312
0.08349200021742309,0.8313
0.07986566933195438,0.8314
0.07627530725656928,0.8315
0.07274254820290782,0.8316
0.06910903503566579,0.8317
0.06556249128594471,0.8318000000000001
0.062099867026179534,0.8319000000000001
0.05856864996281175,0.8320000000000001
0.05516876012275529,0.8321000000000001
0.051929045361642334,0.8322
0.04873465291772927,0.8323
0.04552990268448398,0.8324
0.04234744691811687,0.8325
0.03918490451098,0.8326
0.036207148764448416,0.8327
0.03313731879589299,0.8328
0.030267193110695922,0.8329000000000001
0.02734031524044611,0.8330000000000001
0.02470890522285263,0.8331000000000001
0.022432269879864908,0.8332
0.020552594880745234,0.8333
0.018977528516496367,0.8334
0.017497255421908386,0.8335
0.01644031880119745,0.8336
0.015861472166058377,0.8337
0.015597811098962078,0.8338
0.015598370584146481,0.8339000000000001
0.01609042172718156,0.8340000000000001
0.01710487863305854,0.8341000000000001
0.01865320258044778,0.8342
0.02072455340733681,0.8343
0.023291252991840095,0.8344
0.026316095692477504,0.8345
0.02975369245518622,0.8346
0.033552999316726284,0.8347
0.03763677666715548,0.8348
0.04192253075103447,0.8349000000000001
0.04637027969985463,0.8350000000000001
0.05094719545928861,0.8351000000000001
0.055604361287752146,0.8352
0.060294683102845914,0.8353
0.06497003333586371,0.8354
0.0695886557094928,0.8355
0.07411340829156077,0.8356
0.07850891383166203,0.8357
0.08274477723358353,0.8358
0.08679103970562652,0.8359000000000001
0.09062176951323386,0.8360000000000001
0.09421191163207232,0.8361000000000001
0.09754035842195996,0.8362
0.10058363197894171,0.8363
0.10331049193315012,0.8364
0.1057031124739255,0.8365
0.10776852151224325,0.8366
0.10950276287114169,0.8367
0.11089262912573117,0.8368
0.11193601327054614,0.8369000000000001
0.11262837587779728,0.8370000000000001
0.11296712501924544,0.8371000000000001
0.11295482134964552,0.8372
0.11260466163233918,0.8373
0.1114728761634659,0.8374
0.10861569528329296,0.8375
0.1055737964590997,0.8376
0.10237642493157495,0.8377
0.09904707372617194,0.8378
0.09560955712759334,0.8379000000000001
0.09208434593230175,0.8380000000000001
0.08849526931550744,0.8381000000000001
0.08487113126906298,0.8382000000000001
0.08124254133670017,0.8383
0.07763992943433684,0.8384
0.07409179379572295,0.8385
0.0705132943841873,0.8386
0.06693809013694407,0.8387
0.06346857737427747,0.8388
0.05996121088154782,0.8389000000000001
0.05651444117872084,0.8390000000000001
0.05321780481270455,0.8391000000000001
0.05009347137780762,0.8392000000000001
0.046831741901407486,0.8393
0.043726671490500024,0.8394
0.040497742188764896,0.8395
0.03748032217253128,0.8396
0.03444912668150946,0.8397
0.03153904999479917,0.8398
0.028630893975018834,0.8399000000000001
0.025890304022467614,0.8400000000000001
0.023481536864125463,0.8401000000000001
0.021454567893034238,0.8402000000000001
0.019845498743424894,0.8403
0.018292584457568095,0.8404
0.01707698543643943,0.8405
0.0163183343544806,0.8406
0.01597293451336812,0.8407
0.01587611573204506,0.8408
0.01618095223849969,0.8409000000000001
0.01699317242968701,0.8410000000000001
0.018332738393995518,0.8411000000000001
0.020198582359101547,0.8412000000000001
0.022569231465124018,0.8413
0.025411856454437443,0.8414
0.02868403041912493,0.8415
0.03233736859772662,0.8416
0.036318228904409056,0.8417
0.040547176546478214,0.8418
0.04494028705799091,0.8419000000000001
0.04946002726771348,0.8420000000000001
0.05407644961743574,0.8421000000000001
0.05874230466430186,0.8422000000000001
0.06341291370399427,0.8423
0.06804175629463804,0.8424
0.07258958320344466,0.8425
0.07702090660580307,0.8426
0.08130243204486909,0.8427
0.08540510142161462,0.8428
0.08930070710189142,0.8429000000000001
0.09296465974334134,0.8430000000000001
0.09637359279687696,0.8431000000000001
0.09950416968883558,0.8432000000000001
0.10232346170366535,0.8433
0.10481295121815837,0.8434
0.1069790201507711,0.8435
0.10881624163420656,0.8436
0.11031175681596417,0.8437
0.11146176107744166,0.8438
0.11226237245938242,0.8439000000000001
0.11270959781398471,0.8440000000000001
0.11280657342683498,0.8441000000000001
0.11256563935940023,0.8442000000000001
0.11198971012841963,0.8443
0.1094833088622773,0.8444
0.10648985970754155,0.8445
0.10333145373209973,0.8446
0.10003402626670976,0.8447
0.09662309783068745,0.8448
0.09311804068624474,0.8449000000000001
0.08954120764639628,0.8450000000000001
0.08592007261458956,0.8451000000000001
0.0822847714100049,0.8452000000000001
0.07866598438028405,0.8453
0.07509278460229696,0.8454
0.07152283055528075,0.8455
0.06791460312609565,0.8456
0.06440334468858466,0.8457
0.06090246302113311,0.8458
0.05741025060742477,0.8459
0.05405957334820832,0.8460000000000001
0.05087695447019813,0.8461000000000001
0.04762868456102498,0.8462000000000001
0.044482610995878025,0.8463
0.04124351611205879,0.8464
0.03815088406373479,0.8465
0.03512233268938414,0.8466
0.032131416457764184,0.8467
0.029216020342727855,0.8468
0.026383691093282424,0.8469
0.023867842635019176,0.8470000000000001
0.021721874537044883,0.8471000000000001
0.019984725313577423,0.8472000000000001
0.018401764858491765,0.8473
0.017060845632483668,0.8474
0.01616379084126751,0.8475
0.01571447399930692,0.8476
0.015523316587463754,0.8477
0.015690226752657965,0.8478
0.01636057532672308,0.8479
0.017559435858560457,0.8480000000000001
0.019290799442956752,0.8481000000000001
0.021537189416061864,0.8482000000000001
0.02426759185095384,0.8483
0.027441345785151006,0.8484
0.031011004622697236,0.8485
0.0349235660435252,0.8486
0.039100316307553395,0.8487
0.04345758599008054,0.8488
0.04795689066494413,0.8489
0.05256705601647682,0.8490000000000001
0.05724027067266535,0.8491000000000001
0.06193084773391666,0.8492000000000001
0.06659166122576798,0.8493
0.07118240177593071,0.8494
0.075666879453399,0.8495
0.08001092840922441,0.8496
0.08418486448134177,0.8497
0.08815977521849205,0.8498
0.09191042021954399,0.8499
0.09541277657599012,0.8500000000000001
0.09864278008198724,0.8501000000000001
0.10156697072320153,0.8502000000000001
0.10416604860663936,0.8503000000000001
0.10644573458775552,0.8504
0.10839984751295662,0.8505
0.11001505264345324,0.8506
0.11128680851200246,0.8507
0.1122107193405184,0.8508
0.1127821368139087,0.8509
0.11300372519010449,0.8510000000000001
0.1128874439781673,0.8511000000000001
0.1124357544878527,0.8512000000000001
0.11054338998732849,0.8513000000000001
0.10761509105033829,0.8514
0.1045220505849852,0.8515
0.10126778539246528,0.8516
0.0978944167507304,0.8517
0.09442024499272772,0.8518
0.09086710654909103,0.8519
0.08726076315014508,0.8520000000000001
0.08363055189970703,0.8521000000000001
0.08000691972108431,0.8522000000000001
0.07641938795951908,0.8523000000000001
0.07289543250197228,0.8524
0.06928093636298582,0.8525
0.06573728298169557,0.8526
0.0623006428559284,0.8527
0.05877146057288685,0.8528
0.055372468745899184,0.8529
0.052133405046598025,0.8530000000000001
0.048970545218882,0.8531000000000001
0.04576718875665353,0.8532000000000001
0.042615579084908095,0.8533000000000001
0.03945274220475059,0.8534
0.036506056358167616,0.8535
0.033433962249532545,0.8536
0.030593314931800952,0.8537
0.02766247923951548,0.8538
0.025023942963322998,0.8539
0.022738543227324604,0.8540000000000001
0.020849289792150172,0.8541000000000001
0.019308849919430715,0.8542000000000001
0.017822032020826217,0.8543000000000001
0.016753411152442776,0.8544
0.01615856844128638,0.8545
0.015914961930864946,0.8546
0.015906545401477734,0.8547
0.01637734829383941,0.8548
0.01736547959141488,0.8549
0.018884088163731105,0.8550000000000001
0.02092409780240878,0.8551000000000001
0.02345891514602849,0.8552000000000001
0.02645231418866434,0.8553000000000001
0.029859724048243663,0.8554
0.03363087528463082,0.8555
0.03768918232606544,0.8556
0.04195266230342298,0.8557
0.046381192587449105,0.8558
0.050941600090824934,0.8559
0.05558468763999236,0.8560000000000001
0.060262977802453155,0.8561000000000001
0.06492804209247216,0.8562000000000001
0.06953776990193306,0.8563000000000001
0.07405476980281878,0.8564
0.07844341030686697,0.8565
0.08267312249737324,0.8566
0.08671373620060618,0.8567
0.0905391460773366,0.8568
0.09412408473754363,0.8569
0.0974472644246076,0.8570000000000001
0.10048503400492148,0.8571000000000001
0.10320600610235386,0.8572000000000001
0.10559226052321391,0.8573000000000001
0.10765078683314067,0.8574
0.10937763396036537,0.8575
0.1107596041526071,0.8576
0.1117946608778162,0.8577
0.11247832311572592,0.8578
0.11280808626134264,0.8579
0.11278656828955225,0.8580000000000001
0.11242703774313123,0.8581000000000001
0.1113521194439987,0.8582000000000001
0.10848972295867498,0.8583000000000001
0.10544167776049218,0.8584
0.10223234968859729,0.8585
0.0988969464220929,0.8586
0.09545427623649982,0.8587
0.09192461942670782,0.8588
0.08833151705357212,0.8589
0.08470364303552536,0.859
0.08107154067689715,0.8591000000000001
0.07746566862398452,0.8592000000000001
0.07391455479306197,0.8593000000000001
0.07031256054571222,0.8594
0.06673394724846105,0.8595
0.06326219910651953,0.8596
0.05972807376988798,0.8597
0.056278677304308466,0.8598
0.05298078435981113,0.8599
0.04982328964146121,0.86
0.04655970179611879,0.8601000000000001
0.04342092898079586,0.8602000000000001
0.040191783138445736,0.8603000000000001
0.037176816688718306,0.8604
0.03410906202118369,0.8605
0.03120135843081462,0.8606
0.028257473559405444,0.8607
0.02552218471480905,0.8608
0.023123672805504203,0.8609
0.021109652480500563,0.861
0.01951508488726117,0.8611000000000001
0.017922036115593842,0.8612000000000001
0.01671738870668893,0.8613000000000001
0.01597684126257759,0.8614
0.015631314411748587,0.8615
0.015532978989773127,0.8616
0.01586314452875004,0.8617
0.016706509192639718,0.8618
0.018081782223381637,0.8619
0.019985939106818895,0.862
0.02239587725240111,0.8621000000000001
0.025277709051013897,0.8622000000000001
0.028587894332192443,0.8623000000000001
0.0322771851768604,0.8624
0.0362698165283335,0.8625
0.04048445290167013,0.8626
0.04487992400908647,0.8627
0.049421958086036666,0.8628
0.054060840032207125,0.8629
0.058748361344793,0.863
0.06343552754026971,0.8631000000000001
0.06807923553276551,0.8632000000000001
0.07264131756183267,0.8633000000000001
0.07708512991231775,0.8634000000000001
0.08137939446140086,0.8635
0.08549307743123646,0.8636
0.08939947332711717,0.8637
0.09307257325678375,0.8638
0.09649049515703101,0.8639
0.09962894064758654,0.864
0.10245595456435708,0.8641000000000001
0.10495297465004683,0.8642000000000001
0.10712621482817464,0.8643000000000001
0.10897112309821888,0.8644000000000001
0.11047385201493576,0.8645
0.11163179875086215,0.8646
0.11243981249845147,0.8647
0.11289488108076762,0.8648
0.11299901846898408,0.8649
0.11276521690710828,0.865
0.11219581595785111,0.8651000000000001
0.10958456756914392,0.8652000000000001
0.10659058803235699,0.8653000000000001
0.1034418924220929,0.8654000000000001
0.1001484176576245,0.8655
0.09674128102802426,0.8656
0.09324008614234391,0.8657
0.08966706296275861,0.8658
0.08604969685759134,0.8659
0.08241808574603571,0.866
0.07880288618627673,0.8661000000000001
0.07523313968787282,0.8662000000000001
0.07168928829801957,0.8663000000000001
0.068085155295049,0.8664000000000001
0.06457696719614836,0.8665
0.061106187359326714,0.8666
0.05761727013336193,0.8667
0.05426838764460329,0.8668
0.05108703835232409,0.8669
0.047875457329506155,0.867
0.04473285988147735,0.8671000000000001
0.04153561949897444,0.8672000000000001
0.03844544421886864,0.8673000000000001
0.0354640553370158,0.8674000000000001
0.032474304553004485,0.8675
0.02960984175303305,0.8676
0.02677313557455796,0.8677
0.024246626359858414,0.8678
0.022086970950087492,0.8679
0.02033434026925085,0.868
0.018789247593262504,0.8681000000000001
0.01743613067663774,0.8682000000000001
0.016520635335165457,0.8683000000000001
0.01607075751116116,0.8684000000000001
0.015881374647320312,0.8685
0.016023878063371466,0.8686
0.01666392049085763,0.8687
0.017827654369008794,0.8688
0.01952076436531902,0.8689
0.02172753603938693,0.869
0.024417958819384467,0.8691000000000001
0.027552726072655798,0.8692000000000001
0.031085287806887907,0.8693000000000001
0.03496366407275331,0.8694000000000001
0.03910977962110462,0.8695
0.04344060882197054,0.8696
0.04791721966747775,0.8697
0.05250806116810902,0.8698
0.0571647778792177,0.8699
0.06184127956442098,0.87
0.0664900277953352,0.8701000000000001
0.07107033767079851,0.8702000000000001
0.07554576580806505,0.8703000000000001
0.079881866582594,0.8704000000000001
0.08404889185913722,0.8705
0.08801769280941274,0.8706
0.09176301163277756,0.8707
0.0952605363101332,0.8708
0.0984861231298072,0.8709
0.10140601561499374,0.871
0.10400082806110278,0.8711000000000001
0.10627612345330006,0.8712000000000001
0.10822568331585303,0.8713000000000001
0.10983614339182424,0.8714000000000001
0.11110294121478914,0.8715
0.11202178250991546,0.8716
0.11258800163163651,0.8717
0.11280444676809609,0.8718
0.1126830466448655,0.8719
0.11222645322879798,0.872
0.1104403142842213,0.8721
0.1075096442621657,0.8722000000000001
0.10440344913630051,0.8723000000000001
0.10114394688388395,0.8724000000000001
0.09776664092963916,0.8725
0.09428939289531113,0.8726
0.09073377926404624,0.8727
0.08712516073135534,0.8728
0.08349264551716196,0.8729
0.0798666050205813,0.873
0.07627662213823216,0.8731
0.07274539624524301,0.8732000000000001
0.0691123894485044,0.8733000000000001
0.0655663653638261,0.8734000000000001
0.062105499796286434,0.8735
0.0585748541303206,0.8736
0.055175531052496396,0.8737
0.051936426763407484,0.8738
0.04874419889993198,0.8739
0.04554012630795068,0.874
0.042359766361073525,0.8741
0.03919784225382683,0.8742000000000001
0.036222278187702184,0.8743000000000001
0.03315299525246429,0.8744000000000001
0.030285040791930173,0.8745
0.027358680582626027,0.8746
0.02472767791763375,0.8747
0.0224514229997248,0.8748
0.02057214200919244,0.8749
0.01899983585935061,0.875
0.01752017007069262,0.8751
0.016463579662461703,0.8752000000000001
0.015884835981142764,0.8753000000000001
0.015623548075933469,0.8754000000000001
0.015624101031911808,0.8755000000000001
0.016115799125837382,0.8756
0.017129559431285468,0.8757
0.018676915821981943,0.8758
0.020747105439018698,0.8759
0.0233124999034926,0.876
0.026335949818806492,0.8761
0.029772117617511418,0.8762000000000001
0.03357000957876721,0.8763000000000001
0.03765242472338026,0.8764000000000001
0.04193690242134118,0.8765000000000001
0.04638345833141644,0.8766
0.05095925001249979,0.8767
0.05561534753371844,0.8768
0.060304637120867866,0.8769
0.06497897750551629,0.877
0.06959659504464155,0.8771
0.07412033841001664,0.8772000000000001
0.07851481894094248,0.8773000000000001
0.08274963701553883,0.8774000000000001
0.0867948247176108,0.8775000000000001
0.09062444538418613,0.8776
0.09421343440197039,0.8777
0.09754067810778999,0.8778
0.1005826911395935,0.8779
0.1033082285020327,0.878
0.1056994629438579,0.8781
0.10776342624688018,0.8782000000000001
0.10949616804457118,0.8783000000000001
0.11088448677402318,0.8784000000000001
0.11192628570299312,0.8785000000000001
0.11261703400454814,0.8786
0.11295415074329451,0.8787
0.11294020415438022,0.8788
0.11258839898225426,0.8789
0.11145619190572065,0.879
0.1085981184351521,0.8791
0.10555540698056964,0.8792000000000001
0.10235661666546425,0.8793000000000001
0.09902651005477192,0.8794000000000001
0.09558835958095202,0.8795000000000001
0.09206262366011375,0.8796
0.08847312098977189,0.8797
0.08484865257503582,0.8798
0.08121982491463164,0.8799
0.07761706741241314,0.88
0.07406887668601247,0.8801
0.07048817069919855,0.8802000000000001
0.06691293901585171,0.8803000000000001
0.06344357132798428,0.8804000000000001
0.05993375150871749,0.8805000000000001
0.05648713580775411,0.8806
0.05319084567296595,0.8807
0.05006355619885028,0.8808
0.04680215796253662,0.8809
0.0436941078006472,0.881
0.04046572691448236,0.8811
0.0374491704408173,0.8812000000000001
0.03441485305773906,0.8813000000000001
0.031505673079563534,0.8814000000000001
0.028594611072781495,0.8815000000000001
0.02585528161607975,0.8816
0.02344831556071858,0.8817
0.021423461826015844,0.8818
0.019816698429456547,0.8819
0.01826072455084571,0.882
0.017047093801211055,0.8821
0.016291097827455525,0.8822000000000001
0.01594653364065879,0.8823000000000001
0.015850348424203853,0.8824000000000001
0.0161584155012251,0.8825000000000001
0.016974370981737374,0.8826
0.01831803495460771,0.8827
0.020188135846699762,0.8828
0.022563036618128196,0.8829
0.025409805215401482,0.883
0.02868591003103771,0.8831
0.032342886991505004,0.8832000000000001
0.03632703293260242,0.8833000000000001
0.04055885641222168,0.8834000000000001
0.044954396942765706,0.8835000000000001
0.04947614923667443,0.8836
0.054094204028122705,0.8837
0.058761341284595536,0.8838
0.06343292014777269,0.8839
0.06806245264466015,0.884
0.07261072919777845,0.8841
0.07704229306493793,0.8842000000000001
0.08132387901150073,0.8843000000000001
0.08542645059983212,0.8844000000000001
0.08932182370410746,0.8845000000000001
0.09298543011514715,0.8846
0.09639392872447794,0.8847
0.09952400581167564,0.8848
0.1023427541399673,0.8849
0.10483167255883274,0.885
0.10699715437330526,0.8851
0.10883377954599827,0.8852000000000001
0.1103286929062498,0.8853000000000001
0.11147809290150401,0.8854000000000001
0.11227809799404198,0.8855000000000001
0.11272471672340378,0.8856
0.11282108454927975,0.8857
0.11257954155734895,0.8858
0.11200300268251595,0.8859
0.10948261876818766,0.886
0.10648877694744496,0.8861
0.10333080671085537,0.8862
0.1000334457543941,0.8863000000000001
0.09662254113969815,0.8864000000000001
0.09311750511640893,0.8865000000000001
0.0895407112811254,0.8866
0.08591967814109547,0.8867
0.0822845658061222,0.8868
0.07866606373436114,0.8869
0.07509323864517314,0.887
0.0715247277081118,0.8871
0.0679170017352253,0.8872
0.06440626678667094,0.8873000000000001
0.06090705324980339,0.8874000000000001
0.05741542200628014,0.8875000000000001
0.05406532950527376,0.8876000000000001
0.05088334336628497,0.8877
0.04763712629320538,0.8878
0.044491748801744,0.8879
0.04125463269966456,0.888
0.03816263406407727,0.8881
0.035136152484035676,0.8882
0.03214580467288353,0.8883000000000001
0.029232468209594575,0.8884000000000001
0.026400675719675082,0.8885000000000001
0.0238852571667989,0.8886000000000001
0.0217396968910486,0.8887
0.02000297404135276,0.8888
0.018422620614135354,0.8889
0.017082345744682703,0.889
0.0161856820706463,0.8891
0.015737526055064288,0.8892
0.0155475192917931,0.8893000000000001
0.015714412118112975,0.8894000000000001
0.0163844376574811,0.8895000000000001
0.01758268835521193,0.8896000000000001
0.019313210005491133,0.8897
0.021558583308699752,0.8898
0.02428783748548491,0.8899
0.02746036595586987,0.89
0.03102876889056705,0.8901
0.034940085143930544,0.8902
0.03911563630635406,0.8903000000000001
0.04347177693687221,0.8904000000000001
0.047970017791861386,0.8905000000000001
0.05257916986749822,0.8906000000000001
0.057251407436067714,0.8907
0.061941025555417806,0.8908
0.06660088527561225,0.8909
0.07119066250373696,0.891
0.07567415916912645,0.8911
0.08001720131102807,0.8912
0.08419010120351222,0.8913000000000001
0.08816394035167863,0.8914000000000001
0.09191347389961735,0.8915000000000001
0.09541467150059435,0.8916000000000001
0.09864346265154067,0.8917
0.10156638046142796,0.8918
0.10416412230940886,0.8919
0.10644241189346171,0.892
0.10839507163669715,0.8921
0.11000877259975894,0.8922
0.11127898061438068,0.8923000000000001
0.11220130966859287,0.8924000000000001
0.11277111999041245,0.8925000000000001
0.11299108599799479,0.8926000000000001
0.1128731739242742,0.8927
0.1124198532625007,0.8928
0.11052678585864184,0.8929
0.10759762594757571,0.893
0.10450324645066855,0.8931
0.10124816792406677,0.8932
0.09787410154565757,0.8933000000000001
0.09439933930761135,0.8934000000000001
0.09084571213419912,0.8935000000000001
0.0872389793550431,0.8936000000000001
0.08360847523720871,0.8937
0.07998464538435901,0.8938
0.07639700970377916,0.8939
0.07287304171945563,0.894
0.06925641761650192,0.8941
0.06571278329380414,0.8942
0.06227390791858567,0.8943000000000001
0.05874486402977719,0.8944000000000001
0.055346187012924375,0.8945000000000001
0.052107536932489484,0.8946000000000001
0.048941807687108874,0.8947
0.04573881679709557,0.8948
0.04258431653708716,0.8949
0.039422075685822566,0.895
0.03647258619140126,0.8951
0.03340136996894749,0.8952
0.03055821541578796,0.8953000000000001
0.02762854945296067,0.8954000000000001
0.024991615488399788,0.8955000000000001
0.02270810086724806,0.8956000000000001
0.020820929943885735,0.8957
0.01927795370495433,0.8958
0.017792998747672373,0.8959
0.016726823237331434,0.896
0.016134893707586917,0.8961
0.015891962838836315,0.8962
0.015883976113648446,0.8963000000000001
0.01635802251812013,0.8964000000000001
0.017349910064887286,0.8965000000000001
0.018872595693417926,0.8966000000000001
0.020916770386165462,0.8967
0.023455690900874737,0.8968
0.026453023064666015,0.8969
0.029864118576691245,0.897
0.03363863502786257,0.8971
0.03769991629735525,0.8972
0.04196593204115784,0.8973000000000001
0.046396575678386176,0.8974000000000001
0.050958712286206076,0.8975000000000001
0.05560317367165113,0.8976000000000001
0.060282519293081704,0.8977
0.06494835265260301,0.8978
0.06955859967960243,0.8979
0.07407589783889212,0.898
0.07846464335461523,0.8981
0.08269428986353577,0.8982
0.08673469072133266,0.8983000000000001
0.09055976247167774,0.8984000000000001
0.09414426091802952,0.8985000000000001
0.09746691963312981,0.8986000000000001
0.10050410691001765,0.8987
0.10322445300542171,0.8988
0.10561005272000423,0.8989
0.10766790840422313,0.899
0.1093940775054072,0.8991
0.11077536878413274,0.8992
0.11180974808231026,0.8993
0.11249273566450457,0.8994000000000001
0.11282182633232707,0.8995000000000001
0.11279963840724472,0.8996000000000001
0.11243943878134521,0.8997
0.11135097406725725,0.8998
0.10848814579087496,0.8999
0.10544000880296922,0.9
0.10223109571413391,0.9001
0.098895658285447,0.9002
0.09545294657611914,0.9003
0.09192326775079795,0.9004000000000001
0.08833021196720614,0.9005000000000001
0.08470247672895725,0.9006000000000001
0.08107061506185731,0.9007000000000001
0.07746507795020707,0.9008
0.07391438390634797,0.9009
0.0703137650144322,0.901
0.06673567875588171,0.9011
0.06326447870254515,0.9012
0.0597319080083486,0.9013
0.056283109438265866,0.9014000000000001
0.05298582410933528,0.9015000000000001
0.04983017970195891,0.9016000000000001
0.04656724526699163,0.9017000000000001
0.04343023877389052,0.9018
0.04020170725514194,0.9019
0.03718731570307687,0.902
0.03412146645316594,0.9021
0.031214377997175635,0.9022
0.028272477185712797,0.9023
0.02553780398303873,0.9024000000000001
0.023139815863942426,0.9025000000000001
0.02112630961078743,0.9026000000000001
0.01953227414950809,0.9027000000000001
0.017941799244233225,0.9028
0.01673785661506444,0.9029
0.015997746019723147,0.903
0.015653333696083793,0.9031
0.01555609658130419,0.9032
0.015886297519635884,0.9033
0.016729408998650053,0.9034000000000001
0.018104161206328184,0.9035000000000001
0.020007585986485887,0.9036000000000001
0.02241663467952648,0.9037000000000001
0.02529745946053663,0.9038
0.028606566907251496,0.9039
0.03229474766954055,0.904
0.036286274532140395,0.9041
0.040499838664429966,0.9042
0.04489427726307005,0.9043
0.04943531295849768,0.9044000000000001
0.05407322437011719,0.9045000000000001
0.058759792856132975,0.9046000000000001
0.06344601274010919,0.9047000000000001
0.06808876971533484,0.9048
0.07264988447795095,0.9049
0.07709270586424566,0.905
0.08138594823800072,0.9051
0.08549857424928753,0.9052
0.0894038724445061,0.9053
0.09307582979121165,0.9054000000000001
0.09649255730245543,0.9055000000000001
0.09962975194094337,0.9056000000000001
0.10245545338553852,0.9057000000000001
0.10495109931357682,0.9058
0.10712290826208959,0.9059
0.10896633391082322,0.906
0.11046753579042434,0.9061
0.11162391925200554,0.9062
0.11243034305458777,0.9063
0.11288380336834358,0.9064000000000001
0.1129863231715138,0.9065000000000001
0.11275090044195124,0.9066000000000001
0.11217988165637727,0.9067000000000001
0.10956776272657986,0.9068
0.10657297787979048,0.9069
0.1034229632974023,0.907
0.10012874041607278,0.9071
0.09672097099162147,0.9072
0.09321925046501356,0.9073
0.08964580377891229,0.9074000000000001
0.08602811535074284,0.9075000000000001
0.08239628066076177,0.9076000000000001
0.07878095454400047,0.9077000000000001
0.07521117574314684,0.9078
0.07166535847758926,0.9079
0.06806122955876248,0.908
0.0645532095752972,0.9081
0.06108025518235449,0.9082
0.05759152322389305,0.9083
0.05424300732810594,0.9084000000000001
0.0510621232461661,0.9085000000000001
0.047847721021462286,0.9086000000000001
0.04470555398725362,0.9087000000000001
0.04150548890206074,0.9088
0.03841598422135428,0.9089
0.03543187436257966,0.909
0.03244307541274494,0.9091
0.029576213531562257,0.9092
0.026740753451082178,0.9093
0.024215933342714102,0.9094000000000001
0.022058248463905583,0.9095000000000001
0.020307774153035973,0.9096000000000001
0.018760219531624545,0.9097000000000001
0.017408995744486733,0.9098
0.01649598301199373,0.9099
0.016046937476964063,0.91
0.01585820649475811,0.9101
0.0160037180169621,0.9102
0.01664723470645746,0.9103
0.01781479267188235,0.9104000000000001
0.019511897604321815,0.9105000000000001
0.02172268390360288,0.9106000000000001
0.024417040978423454,0.9107000000000001
0.027555557620695614,0.9108
0.031091601524912527,0.9109
0.03497312526295038,0.911
0.03912199124992388,0.9111
0.0434551323505743,0.9112
0.04793364317879911,0.9113
0.05252601209854424,0.9114000000000001
0.057183915988402445,0.9115000000000001
0.061861303425626235,0.9116000000000001
0.0665106675788597,0.9117000000000001
0.07109135943364131,0.9118
0.07556696237823901,0.9119
0.07990305626589111,0.912
0.08406991228096472,0.9121
0.08803840388596385,0.9122
0.09178329343166969,0.9123
0.0952802935577205,0.9124
0.09850528254001611,0.9125000000000001
0.10142452532425883,0.9126000000000001
0.104018653336032,0.9127000000000001
0.10629324304486387,0.9128000000000001
0.10824208445065753,0.9129
0.10985181862724769,0.913
0.11111788716924453,0.9131
0.11203599712257872,0.9132
0.11260148483006649,0.9133
0.11281719797648593,0.9134
0.112695065259244,0.9135000000000001
0.11223773898971179,0.9136000000000001
0.11043832889674154,0.9137000000000001
0.10750720953493453,0.9138000000000001
0.10440128286133832,0.9139
0.10114175931045588,0.914
0.09776440189072177,0.9141
0.09428711019172675,0.9142
0.09073148134459841,0.9143
0.08712291888659951,0.9144
0.08349055396609173,0.9145000000000001
0.07986476584559055,0.9146000000000001
0.07627512996627916,0.9147000000000001
0.07274509636553228,0.9148000000000001
0.06911256003786204,0.9149
0.06556703911955841,0.915
0.062107551648332815,0.9151
0.0585774603996958,0.9152
0.05517870985607587,0.9153
0.05194023156992,0.9154
0.048749683096674046,0.9155000000000001
0.04554629511161368,0.9156000000000001
0.042367547115096826,0.9157000000000001
0.03920627984260028,0.9158000000000001
0.03623242655073611,0.9159
0.03316376750588845,0.916
0.03029754050250477,0.9161
0.027371812072787938,0.9162
0.02474139129723052,0.9163
0.02246572740877073,0.9164
0.02058707359508949,0.9165000000000001
0.019017037223757915,0.9166000000000001
0.017538168381196373,0.9167000000000001
0.016482202798328904,0.9168000000000001
0.015903913548262594,0.9169
0.015644639047839304,0.917
0.015645535995197912,0.9171
0.01613732058602113,0.9172
0.017150901753842485,0.9173
0.018697854630649324,0.9174
0.020767464697392768,0.9175000000000001
0.02333213633948983,0.9176000000000001
0.026354759840845787,0.9177000000000001
0.029790035460260267,0.9178000000000001
0.03358700676906223,0.9179
0.03766850145400347,0.918
0.04195208328445621,0.9181
0.0463977689260513,0.9182
0.0509727074972508,0.9183
0.05562796043507201,0.9184
0.06031640058337573,0.9185000000000001
0.06498987765095043,0.9186000000000001
0.06960660657210815,0.9187000000000001
0.07412943048619125,0.9188000000000001
0.07852295377116059,0.9189
0.08275677482576504,0.919
0.08680092045671306,0.9191
0.0906294516214814,0.9192
0.09421729804894585,0.9193
0.09754334286201083,0.9194
0.1005840965678636,0.9195000000000001
0.10330831191243961,0.9196000000000001
0.10569816227638984,0.9197000000000001
0.10776068435710262,0.9198000000000001
0.10949193403990476,0.9199
0.11087871589553377,0.92
0.11191894285736692,0.9201
0.11260809244680314,0.9202
0.1129435938030584,0.9203
0.11292802256513457,0.9204
0.11257459057463637,0.9205000000000001
0.11144034927841717,0.9206000000000001
0.108581387769081,0.9207000000000001
0.10553790502921923,0.9208000000000001
0.10233783231803306,0.9209
0.09900701589211214,0.921
0.09556826921963735,0.9211
0.09204204221849288,0.9212
0.08845214959832814,0.9213
0.08482739235099634,0.9214
0.08119837520810769,0.9215000000000001
0.077595526089005,0.9216000000000001
0.07404733889288595,0.9217000000000001
0.07046472764829559,0.9218000000000001
0.06688953810211373,0.9219
0.06342037729578875,0.922
0.059908441534408774,0.9221
0.05646204751238448,0.9222
0.05316616139661412,0.9223
0.05003632117786316,0.9224
0.04677531911564081,0.9225000000000001
0.04366468706733739,0.9226000000000001
0.04043690241956721,0.9227000000000001
0.03742123376883466,0.9228000000000001
0.03438421871596131,0.9229
0.031475961813263176,0.923
0.028562415119898432,0.9231
0.025824350380731165,0.9232
0.023419146556622472,0.9233
0.02139634889693065,0.9234
0.019791822051737684,0.9235000000000001
0.018233284640418068,0.9236000000000001
0.017021590641962625,0.9237000000000001
0.016268145810323764,0.9238000000000001
0.015924505032313796,0.9239
0.015829049849402477,0.924
0.016140158551200212,0.9241
0.01695959495304744,0.9242
0.01830704723258636,0.9243
0.020181058247395356,0.9244
0.022559842916493933,0.9245000000000001
0.025410377491853486,0.9246000000000001
0.028690037944749447,0.9247000000000001
0.03235029071603357,0.9248000000000001
0.036337379581109275,0.9249
0.04057176348182745,0.925
0.04496945068644309,0.9251
0.04949296174632445,0.9252
0.05411242229060731,0.9253
0.058780638763610726,0.9254
0.06345300445002355,0.9255
0.06808306069320069,0.9256000000000001
0.07263163380396198,0.9257000000000001
0.07706329529875489,0.9258000000000001
0.081344806517063,0.9259000000000001
0.08544715084913568,0.926
0.08934216554797114,0.9261
0.09300530169533305,0.9262
0.09641324126766482,0.9263
0.09954269140368277,0.9264
0.10236076443834752,0.9265
0.1048489746563952,0.9266000000000001
0.10701372656314379,0.9267000000000001
0.10884960722048564,0.9268000000000001
0.11034376572904647,0.9269000000000001
0.11149240443246156,0.927
0.11229164331765185,0.9271
0.11273749355064522,0.9272
0.11283309088247151,0.9273
0.11259077612118751,0.9274
0.11201346543230317,0.9275
0.10947985559878193,0.9276000000000001
0.10648554827858292,0.9277000000000001
0.10332782385090933,0.9278000000000001
0.10003043597109329,0.9279000000000001
0.09661947900432555,0.928
0.09311440161216478,0.9281
0.08953759619605162,0.9282
0.08591662294885882,0.9283
0.08228166441772711,0.9284
0.07866341835636159,0.9285
0.07509094514305126,0.9286000000000001
0.07152354569429442,0.9287000000000001
0.06791629490213791,0.9288000000000001
0.06440607628625938,0.9289000000000001
0.060908158840802806,0.929
0.05741710019045154,0.9291
0.05406760650985998,0.9292
0.05088627661491474,0.9293
0.04764163616312578,0.9294
0.04449696949906312,0.9295
0.04126135811867049,0.9296000000000001
0.038170041268721144,0.9297000000000001
0.035145159801728276,0.9298000000000001
0.03215546663567692,0.9299000000000001
0.029243756479270022,0.93
0.02641262629537633,0.9301
0.02389782685512354,0.9302
0.021752900382218776,0.9303
0.02001685160366451,0.9304
0.01843863216631214,0.9305
0.01709920022209266,0.9306000000000001
0.01620321718897655,0.9307000000000001
0.015756257081175562,0.9308000000000001
0.015567412370421696,0.9309000000000001
0.015734666869842817,0.931
0.01640482609246674,0.9311
0.017602984595262106,0.9312
0.019333216350700733,0.9313
0.02157813635756911,0.9314
0.024306801912212128,0.9315
0.027478644386547568,0.9316000000000001
0.03104629791502056,0.9317000000000001
0.03495683176146258,0.9318000000000001
0.039131593285807176,0.9319000000000001
0.043486954636357655,0.932
0.04798442575710804,0.9321
0.052592809019328834,0.9322
0.05726426946179308,0.9323
0.06195309020876272,0.9324
0.06661212412399076,0.9325
0.07120103786945486,0.9326000000000001
0.07568362902720127,0.9327000000000001
0.08002571925315682,0.9328000000000001
0.08419761978026052,0.9329000000000001
0.08817040925068387,0.933
0.09191884103342718,0.9331
0.0954188809045935,0.9332
0.09864645512624504,0.9333
0.10156809305735859,0.9334
0.10416449162248631,0.9335
0.10644137883824989,0.9336000000000001
0.10839258154561171,0.9337000000000001
0.11000477689772936,0.9338000000000001
0.11127343812646917,0.9339000000000001
0.11219418850892593,0.934
0.11276239659700005,0.9341
0.11298074621667353,0.9342
0.1128612099495856,0.9343
0.11240626495299555,0.9344
0.1105108994095374,0.9345
0.10758087736792521,0.9346000000000001
0.10448527277800657,0.9347000000000001
0.10122942999573059,0.9348000000000001
0.09785470448816003,0.9349000000000001
0.09437938504361576,0.935
0.09082529993076982,0.9351
0.08721821150189213,0.9352
0.08358745416154201,0.9353
0.07996347321271058,0.9354
0.07637578625195374,0.9355
0.07285186342680117,0.9356000000000001
0.06923339228477743,0.9357000000000001
0.06568984498588337,0.9358000000000001
0.06224903726144204,0.9359000000000001
0.05872019460136113,0.936
0.055321887508876566,0.9361
0.052083707109748856,0.9362
0.04891548575576565,0.9363
0.0457129272577077,0.9364
0.04255590715563917,0.9365
0.03939431249295389,0.9366000000000001
0.03644239781501479,0.9367000000000001
0.03337208906302558,0.9368000000000001
0.03052679148322035,0.9369000000000001
0.027598308596767263,0.937
0.02496295907646795,0.9371
0.02268129602139024,0.9372
0.02079616632863024,0.9373
0.019251082542245168,0.9374
0.017767980416654394,0.9375
0.016704185541788208,0.9376000000000001
0.01611505601959662,0.9377000000000001
0.015872909445469263,0.9378000000000001
0.01586547317898135,0.9379000000000001
0.01634259013262307,0.9380000000000001
0.017337995630239078,0.9381
0.018864469305597042,0.9382
0.020912490120497562,0.9383
0.02345517935121877,0.9384
0.026456106094806753,0.9385
0.02987055376687975,0.9386
0.03364811582032612,0.9387000000000001
0.03771207390080811,0.9388000000000001
0.04198035594594596,0.9389000000000001
0.04641287124944404,0.9390000000000001
0.050976520026751126,0.9391
0.055622160445393254,0.9392
0.0603023852890765,0.9393
0.06496882703598805,0.9394
0.06957944473634103,0.9395
0.0740969022458714,0.9396
0.07848562111433222,0.9397000000000001
0.08271507574830594,0.9398000000000001
0.08675514111624272,0.9399000000000001
0.0905797538787918,0.9400000000000001
0.09416369112508438,0.9401
0.09748570601881024,0.9402
0.10052218478045316,0.9403
0.10324177394661604,0.9404
0.10562658254783719,0.9405
0.10768362546468835,0.9406
0.1094089688419273,0.9407000000000001
0.11078942828003213,0.9408000000000001
0.1118229729526985,0.9409000000000001
0.11250512541660318,0.9410000000000001
0.11283338109805086,0.9411
0.11281035965214159,0.9412
0.11244932721850698,0.9413
0.11134788267749707,0.9414
0.10848453923202095,0.9415
0.10543622146908282,0.9416
0.10222753717523092,0.9417000000000001
0.09889198131622057,0.9418000000000001
0.09544915880759608,0.9419000000000001
0.0919194009103167,0.9420000000000001
0.08832634334614453,0.9421
0.08469870573401905,0.9422
0.0810670499574404,0.9423
0.07746181956866571,0.9424
0.07391152386268918,0.9425
0.07031195839358428,0.9426
0.0667343759054736,0.9427000000000001
0.0632637202249231,0.9428000000000001
0.05973234448544773,0.9429000000000001
0.05628413908145102,0.9430000000000001
0.05298747930811465,0.9431
0.04983325360362589,0.9432
0.04657098703039053,0.9433
0.04343531705417569,0.9434
0.04020744232551898,0.9435
0.03719370750350581,0.9436
0.03412931124291041,0.9437000000000001
0.031222921197862297,0.9438000000000001
0.02828257438377957,0.9439000000000001
0.025548642984296155,0.9440000000000001
0.02315137368277065,0.9441
0.02113861404087558,0.9442
0.019545364302474333,0.9443
0.017956982405322286,0.9444
0.016753946947709375,0.9445
0.016014570599858224,0.9446
0.015671323768304157,0.9447000000000001
0.015575211368316744,0.9448000000000001
0.015905830192285197,0.9449000000000001
0.016749143971731106,0.9450000000000001
0.018123885116678506,0.9451
0.020027114300325444,0.9452
0.022435814584084834,0.9453
0.02531616401360437,0.9454
0.02862470162574149,0.9455
0.03231224582906189,0.9456
0.036303095997513024,0.9457000000000001
0.040515962261035154,0.9458000000000001
0.04490969022563207,0.9459000000000001
0.04945000103563291,0.9460000000000001
0.05408716982709749,0.9461
0.05877297176269991,0.9462
0.06345839443785561,0.9463
0.0681003171249942,0.9464
0.07266055425559659,0.9465
0.0771024510453191,0.9466
0.0813947183332484,0.9467000000000001
0.0855063176211397,0.9468000000000001
0.0894105346848959,0.9469000000000001
0.09308135483269431,0.9470000000000001
0.09649688562041325,0.9471
0.09963282211993363,0.9472
0.10245720172661166,0.9473
0.10495146395915533,0.9474
0.10712183303958522,0.9475
0.10896376895677928,0.9476
0.11046343821847349,0.9477000000000001
0.11161825449093221,0.9478000000000001
0.11242308557642922,0.9479000000000001
0.11287493594336728,0.9480000000000001
0.11297583694690394,0.9481
0.11273879211101279,0.9482
0.11216615450140055,0.9483
0.10955157165718687,0.9484
0.10655597269188999,0.9485
0.10340474673997535,0.9486
0.10010981872694791,0.9487000000000001
0.09670144993831886,0.9488000000000001
0.09319923257857743,0.9489000000000001
0.08962538912334495,0.9490000000000001
0.08600740821326447,0.9491
0.082375385753087,0.9492
0.07875997593772888,0.9493
0.07519021408244109,0.9494
0.07164268514114691,0.9495
0.06803862265881555,0.9496
0.06453082879938954,0.9497000000000001
0.06105598885690211,0.9498000000000001
0.05756750626819063,0.9499000000000001
0.054219414107264274,0.9500000000000001
0.05103905397405639,0.9501000000000001
0.04782219255358022,0.9502
0.044680522978638226,0.9503
0.04147798422768578,0.9504
0.03838919928726092,0.9505
0.03540272390626109,0.9506
0.03241490605834274,0.9507000000000001
0.029545984269381043,0.9508000000000001
0.02671178416220954,0.9509000000000001
0.024188637133159885,0.9510000000000001
0.02203289241671169,0.9511000000000001
0.020284538006917652,0.9512
0.018734927485225983,0.9513
0.01738559408470408,0.9514
0.016475008246698897,0.9515
0.016026898327867523,0.9516
0.015838927402360037,0.9517
0.015987320151776174,0.9518000000000001
0.016634129310977963,0.9519000000000001
0.017805280755307074,0.9520000000000001
0.019506114315355205,0.9521000000000001
0.021720625750728084,0.9522
0.024418613771225672,0.9523
0.027560573416036016,0.9524
0.03109979937230256,0.9525
0.03498418464099551,0.9526
0.03913553646574419,0.9527
0.043470751040233235,0.9528000000000001
0.0479509482799767,0.9529000000000001
0.052544652750238896,0.9530000000000001
0.057203570813133986,0.9531000000000001
0.06188168624346624,0.9532
0.06653152101012538,0.9533
0.0711124588059664,0.9534
0.0755881076618985,0.9535
0.07992407090289522,0.9536
0.08409063770416969,0.9537
0.08805870218568368,0.9538000000000001
0.09180304538343731,0.9539000000000001
0.09529940271126025,0.9540000000000001
0.09852367270027096,0.9541000000000001
0.10144214004446428,0.9542
0.10403545220963184,0.9543
0.10630919889377799,0.9544
0.10825717860986583,0.9545
0.10986603821635987,0.9546
0.11113122406404141,0.9547
0.1120484455878501,0.9548000000000001
0.11261304206692258,0.9549000000000001
0.1128278618539782,0.9550000000000001
0.11270483443176849,0.9551000000000001
0.1122466133607638,0.9552
0.11043442996251585,0.9553
0.1075027811233018,0.9554
0.1043969525785362,0.9555
0.10113731479652588,0.9556
0.09775982821371787,0.9557
0.09428242768535056,0.9558000000000001
0.09072672940350235,0.9559000000000001
0.08711817757682117,0.9560000000000001
0.08348592491638651,0.9561000000000001
0.07986035801842783,0.9562
0.07627104498852377,0.9563
0.07274191123014817,0.9564
0.06910982001449906,0.9565
0.06556479527469761,0.9566
0.06210636041372364,0.9567
0.05857681716779162,0.9568000000000001
0.055178653963886104,0.9569000000000001
0.05194082642993414,0.9570000000000001
0.04875154230459411,0.9571000000000001
0.04554885716271806,0.9572
0.04237130694570257,0.9573
0.03921074353515763,0.9574
0.03623819253772953,0.9575
0.03317023928761653,0.9576
0.03030536665710648,0.9577
0.027380386445147176,0.9578000000000001
0.024750718261473015,0.9579000000000001
0.022475849261897052,0.9580000000000001
0.020598047825343135,0.9581000000000001
0.01902987742957496,0.9582
0.017551994504418245,0.9583
0.016496920595675757,0.9584
0.015919415960902183,0.9585
0.015661866309954586,0.9586
0.015663434811557853,0.9587
0.016155709723382206,0.9588000000000001
0.017169581649480348,0.9589000000000001
0.018716639316679107,0.9590000000000001
0.020786191103568497,0.9591000000000001
0.02335065928259583,0.9592
0.026372959418672126,0.9593
0.02980781778907904,0.9594
0.03360430409518833,0.9595
0.03768526608403411,0.9596
0.04196828438783462,0.9597
0.04641337983234073,0.9598000000000001
0.05098769833575112,0.9599000000000001
0.055642296691203574,0.9600000000000001
0.060330039858331186,0.9601000000000001
0.065002772621781,0.9602
0.06961870369663892,0.9603
0.0741406741135352,0.9604
0.07853328521568792,0.9605
0.08276613571441094,0.9606
0.08680925055257216,0.9607
0.09063669059869783,0.9608000000000001
0.09422338341147651,0.9609000000000001
0.09754821141515957,0.9610000000000001
0.10058768395401452,0.9611000000000001
0.10331055364079333,0.9612
0.10569899639924607,0.9613
0.10776005489956386,0.9614
0.10948979180617946,0.9615
0.11087501818801415,0.9616
0.1119136562742673,0.9617
0.1126011918595119,0.9618000000000001
0.11293506350853799,0.9619000000000001
0.1129178542402518,0.9620000000000001
0.11256278232381889,0.9621000000000001
0.11142499788493898,0.9622
0.10856513574456295,0.9623
0.10552090477615261,0.9624
0.10231965044217228,0.9625
0.09898815213298207,0.9626
0.09554883199608033,0.9627
0.09202213485689059,0.9628000000000001
0.08843187729909252,0.9629000000000001
0.0848068630192681,0.9630000000000001
0.08117769611922043,0.9631000000000001
0.07757480212053514,0.9632000000000001
0.07402667115016148,0.9633
0.07044239440951161,0.9634
0.06686731040289806,0.9635
0.06339841577590821,0.9636
0.05988463300911362,0.9637
0.05643852563086904,0.9638000000000001
0.05314310278166179,0.9639000000000001
0.050011035088353584,0.9640000000000001
0.046750494924736374,0.9641000000000001
0.04363759715550297,0.9642000000000001
0.04041046255378933,0.9643
0.037395719310947984,0.9644
0.03435634522407094,0.9645
0.0314490517338748,0.9646
0.02853336054402833,0.9647
0.025796586928482634,0.9648
0.023393141253844396,0.9649000000000001
0.021372382389476474,0.9650000000000001
0.019770069018516745,0.9651000000000001
0.01820937668260214,0.9652000000000001
0.016999625970590904,0.9653
0.016248683406063336,0.9654
0.015906063462113984,0.9655
0.015811440418261213,0.9656
0.016125473132492463,0.9657
0.016948220834292815,0.9658
0.018299246791710688,0.9659000000000001
0.020176921763597422,0.9660000000000001
0.022559324779450884,0.9661000000000001
0.02541334888668656,0.9662000000000001
0.028696287167909507,0.9663
0.032359544261472584,0.9664
0.03634931720477241,0.9665
0.040586020808316636,0.9666
0.0449856358527676,0.9667
0.04951070727781981,0.9668
0.0541313930938212,0.9669000000000001
0.05880052399379854,0.9670000000000001
0.06347352461530742,0.9671000000000001
0.0681039632555378,0.9672000000000001
0.072652699308841,0.9673
0.07708433048008101,0.9674
0.08136564274264957,0.9675
0.0854676380033571,0.9676
0.0893621733367369,0.9677
0.09302471778599974,0.9678
0.0964319746792267,0.9679000000000001
0.09956067057303442,0.9680000000000001
0.10237793598642875,0.9681000000000001
0.10486529997650473,0.9682000000000001
0.10702917829425584,0.9683
0.10886416548368272,0.9684
0.11035741553870348,0.9685
0.11150513553415209,0.9686
0.11230344802384329,0.9687
0.1127483677101414,0.9688
0.11284303166871257,0.9689000000000001
0.11259978208782884,0.9690000000000001
0.11202153713348817,0.9691000000000001
0.10947515569890154,0.9692000000000001
0.1064803074785875,0.9693
0.10332265942906538,0.9694
0.1000251581650734,0.9695
0.09661407766173613,0.9696
0.09310890039173736,0.9697
0.08953203609972937,0.9698
0.08591108475061626,0.9699000000000001
0.08227625004284655,0.9700000000000001
0.07865823743373335,0.9701000000000001
0.07508610086595613,0.9702000000000001
0.07151952934603067,0.9703
0.0679127375769637,0.9704
0.06440303734674091,0.9705
0.0609060989105914,0.9706
0.05741561466801737,0.9707
0.05406674278481205,0.9708
0.050886101792805505,0.9709000000000001
0.04764261849749252,0.9710000000000001
0.044498564131476126,0.9711000000000001
0.041263220407997014,0.9712000000000001
0.03817184046120148,0.9713
0.03515249231512163,0.9714
0.032166363573347345,0.9715
0.029272340983877765,0.9716
0.02644436779076842,0.9717
0.023930928585608635,0.9718
0.021786661228272886,0.9719000000000001
0.020050594519782194,0.9720000000000001
0.018479158280967134,0.9721000000000001
0.017139051258008964,0.9722000000000001
0.01624172828133008,0.9723
0.01579442839986589,0.9724
0.01560596958974192,0.9725
0.01577206477652826,0.9726
0.016440339966597994,0.9727
0.017636252814749342,0.9728
0.019363574313574272,0.9729000000000001
0.021605401428975934,0.9730000000000001
0.024330626818067858,0.9731000000000001
0.02749908654785327,0.9732000000000001
0.031063389336902336,0.9733
0.03497088457051989,0.9734
0.03914289665248005,0.9735
0.043495882700798516,0.9736
0.04799124707503255,0.9737
0.052597701257949936,0.9738
0.05726740355511284,0.9739000000000001
0.06195453471284773,0.9740000000000001
0.06661201929463101,0.9741000000000001
0.07119936797541693,0.9742000000000001
0.07568044909190852,0.9743
0.08002092474873768,0.9744
0.0841912192594163,0.9745
0.0881623383980723,0.9746
0.0919091666187366,0.9747
0.09540765522298189,0.9748
0.09863378689935609,0.9749000000000001
0.10155409664882609,0.9750000000000001
0.10414924182046803,0.9751000000000001
0.10642499246078807,0.9752000000000001
0.10837507007980651,0.9753000000000001
0.1099862341145238,0.9754
0.1112538277275118,0.9755
0.11217359936461224,0.9756
0.1127408000813126,0.9757
0.11295825604465415,0.9758
0.11283784626429327,0.9759000000000001
0.11238216470325857,0.9760000000000001
0.11049614003422137,0.9761000000000001
0.10756540699832706,0.9762000000000001
0.10446712109356804,0.9763000000000001
0.10121059688321266,0.9764
0.09783548485468774,0.9765
0.09435999129450245,0.9766
0.09080589030041386,0.9767
0.08719889415162574,0.9768
0.08356830750508137,0.9769000000000001
0.07994456761189417,0.9770000000000001
0.07635719805070751,0.9771000000000001
0.07283367646284034,0.9772000000000001
0.06921347736490213,0.9773000000000001
0.06567053617162455,0.9774
0.062228436345352134,0.9775
0.05870048809408912,0.9776
0.055303233216072556,0.9777
0.05206617821062842,0.9778
0.04889665632467399,0.9779
0.04569521093009721,0.9780000000000001
0.04253695277667391,0.9781000000000001
0.03937657087897084,0.9782000000000001
0.03642329383059573,0.9783000000000001
0.033354281121604545,0.9784
0.030507573961404244,0.9785
0.027580483243900833,0.9786
0.024946774435713914,0.9787
0.022666858141712654,0.9788
0.020783500665626953,0.9789
0.01923666360992904,0.9790000000000001
0.017755114796090377,0.9791000000000001
0.016693239137385074,0.9792000000000001
0.016106287347424253,0.9793000000000001
0.015864776098438504,0.9794
0.015857812133372784,0.9795
0.01633712624699335,0.9796
0.017334949869457272,0.9797
0.018863922596871863,0.9798
0.020914379278679007,0.9799
0.02345935251835085,0.9800000000000001
0.026462358230497696,0.9801000000000001
0.0298786427447435,0.9802000000000001
0.0336577656552548,0.9803000000000001
0.037722979979686544,0.9804
0.041992192938858475,0.9805
0.046425340609891785,0.9806
0.05098934854460291,0.9807
0.055635112978720924,0.9808
0.06031524886663686,0.9809
0.0649814290927122,0.9810000000000001
0.0695916314431273,0.9811000000000001
0.07410855495164403,0.9812000000000001
0.07849663303798848,0.9813000000000001
0.08272536749267523,0.9814
0.08676464464434319,0.9815
0.09058842465607475,0.9816
0.09417149962842541,0.9817
0.0974926411396182,0.9818
0.10052825148741917,0.9819
0.10324698945828936,0.9820000000000001
0.10563097973639779,0.9821000000000001
0.1076872375444563,0.9822000000000001
0.10941184237947632,0.9823000000000001
0.11079160741152505,0.9824
0.11182451359473067,0.9825
0.11250607620848962,0.9826
0.11283380152752454,0.9827
0.11281030109817847,0.9828
0.11244884888948325,0.9829
0.11134462946321866,0.9830000000000001
0.1084815032012989,0.9831000000000001
0.10543349167512361,0.9832000000000001
0.10222458355738462,0.9833000000000001
0.09888934545164751,0.9834
0.09544687397623941,0.9835
0.09191749317291775,0.9836
0.08832484215390901,0.9837
0.0846976448832022,0.9838
0.08106646295416586,0.9839
0.07746173697024661,0.9840000000000001
0.07391197193357657,0.9841000000000001
0.07031249047244459,0.9842000000000001
0.06673549258482436,0.9843000000000001
0.06326546128086097,0.9844
0.059734288403316294,0.9845
0.05628677906902335,0.9846
0.0529908618682946,0.9847
0.04983727469906407,0.9848
0.04657584951893945,0.9849
0.043441097200324075,0.9850000000000001
0.04021419028077311,0.9851000000000001
0.037201439520098356,0.9852000000000001
0.034138571509519045,0.9853000000000001
0.031233258046746704,0.9854
0.028294837874939915,0.9855
0.025562016270053833,0.9856
0.023165754291871732,0.9857
0.02115393117198905,0.9858
0.01956155165923712,0.9859
0.017975668900195307,0.9860000000000001
0.016773568670015004,0.9861000000000001
0.016034858854634626,0.9862000000000001
0.01569284637193258,0.9863000000000001
0.015597903576344496,0.9864
0.015928686610259923,0.9865
0.016771837115287624,0.9866
0.01814609711572679,0.9867
0.02004857556541695,0.9868
0.022456305049469272,0.9869
0.02533550484889191,0.9870000000000001
0.028642761539594996,0.9871000000000001
0.03232893599991549,0.9872000000000001
0.036318371020920504,0.9873000000000001
0.040529811902215274,0.9874
0.04492212153105757,0.9875
0.049461026158112764,0.9876
0.054096805918093516,0.9877
0.05878123541692615,0.9878
0.06346530075657497,0.9879
0.0681058767051883,0.9880000000000001
0.07266477366353463,0.9881000000000001
0.07710533382686646,0.9882000000000001
0.081396266624709,0.9883000000000001
0.08550653360238869,0.9884000000000001
0.08940942087775416,0.9885
0.09307891409036706,0.9886
0.09649312070588012,0.9887
0.09962773599088826,0.9888
0.10245079887502939,0.9889
0.10494375116331967,0.9890000000000001
0.10711282089284013,0.9891000000000001
0.10895347242275277,0.9892000000000001
0.11045187843361848,0.9893000000000001
0.11160545801018562,0.9894000000000001
0.11240908541068917,0.9895
0.11285977047350626,0.9896
0.11295954969999322,0.9897
0.11272142919635353,0.9898
0.11214776575606711,0.9899
0.10953895558528781,0.9900000000000001
0.10654307368059823,0.9901000000000001
0.10339043436368067,0.9902000000000001
0.10009510543257427,0.9903000000000001
0.09668646915885593,0.9904000000000001
0.09318408419420843,0.9905
0.08961015486336821,0.9906
0.08599214795009824,0.9907
0.08236014442270256,0.9908
0.07874479142087298,0.9909
0.07517512290438899,0.991
0.07162563215354123,0.9911000000000001
0.06802166692464051,0.9912000000000001
0.06451409423654875,0.9913000000000001
0.06103715930996789,0.9914000000000001
0.057548941510020324,0.9915
0.05420126632064992,0.9916
0.05102139213732482,0.9917
0.04780220662997148,0.9918
0.04466106436014905,0.9919
0.041456506572884244,0.992
0.03836853677463181,0.9921000000000001
0.035380426112221475,0.9922000000000001
0.03239370116681717,0.9923000000000001
0.029523611455636756,0.9924000000000001
0.026690717630722727,0.9925
0.024169144377210516,0.9926
0.022015120127683696,0.9927
0.020268556988094488,0.9928
0.018717735318204864,0.9929
0.017369946354834243,0.993
0.016461253203481574,0.9931000000000001
0.016013981256448595,0.9932000000000001
0.015826704014087367,0.9933000000000001
0.015977232700856492,0.9934000000000001
0.01662642787636548,0.9935
0.017800132049555994,0.9936
0.019503567835044366,0.9937
0.02172063458580431,0.9938
0.024421071033087438,0.9939
0.027565309330566334,0.994
0.031106596988903723,0.9941000000000001
0.03499278894732516,0.9942000000000001
0.0391456595761539,0.9943000000000001
0.04348208611415849,0.9944000000000001
0.04796321247944757,0.9945
0.05255759504721591,0.9946
0.057216966577793515,0.9947
0.06189534045594913,0.9948
0.06654526162352703,0.9949
0.07112613871250839,0.995
0.07560159742834782,0.9951000000000001
0.07993725842268518,0.9952000000000001
0.08410342390114689,0.9953000000000001
0.08807100405017732,0.9954000000000001
0.0918147947704806,0.9955
0.09531055009372846,0.9956
0.09853418569864014,0.9957
0.10145200369660734,0.9958
0.10404466541539992,0.9959
0.10631777029733758,0.996
0.1082651237554565,0.9961000000000001
0.10987337712595835,0.9962000000000001
0.1111379798674943,0.9963000000000001
0.11205464205187521,0.9964000000000001
0.1126187041733625,0.9965
0.11283301345685859,0.9966
0.11270949853564427,0.9967
0.11225081276336912,0.9968
0.11043249097731267,0.9969
0.10750071447815401,0.997
0.10439484703814705,0.9971000000000001
0.10113530857883168,0.9972000000000001
0.09775792994007304,0.9973000000000001
0.09428065789597584,0.9974000000000001
0.09072511488592216,0.9975
0.08711676379101208,0.9976
0.08348476552142736,0.9977
0.0798595077947698,0.9978
0.07627055214966227,0.9979
0.0727419392329921,0.998
0.06911026868117853,0.9981000000000001
0.06556568835429366,0.9982000000000001
0.06210787500511361,0.9983000000000001
0.058578813443982636,0.9984000000000001
0.055181155051181596,0.9985
0.051943864634236725,0.9986
0.04875548067433999,0.9987
0.04555339692161975,0.9988
0.04237684314742607,0.9989
0.039216926105936745,0.999
0.03624561795835368,0.9991000000000001
0.033178341263439215,0.9992000000000001
0.030314885749636478,0.9993000000000001
0.027390603055176488,0.9994000000000001
0.02476158008878193,0.9995
0.022487336413017145,0.9996
0.020610151874340232,0.9997
0.019043840402968915,0.9998
0.01756666349900171,0.9999
0.016512143041595984,1.0
