glottal_gap,time
0.06000000000000005,0.0
0.06000000000000005,0.0001
0.05969126661931168,0.0002
0.05884035378536945,0.00030000000000000003
0.05781915573178731,0.0004
0.056903286145094656,0.0005
0.05608841930219266,0.0006000000000000001
0.05534902835318345,0.0007
0.05462293891486136,0.0008
0.05386749896550813,0.0009000000000000001
0.05305936278474466,0.001
0.05220277018277253,0.0011
0.051319454176173895,0.0012000000000000001
0.05047771578853566,0.0013000000000000002
0.04974396296435102,0.0014
0.04910361368674554,0.0015
0.048531037949378186,0.0016
0.04803034790876248,0.0017000000000000001
0.047599935244025726,0.0018000000000000002
0.04723194242992457,0.0019
0.04691075989970539,0.002
0.04661780895803935,0.0021000000000000003
0.04634018838641718,0.0022
0.04607990991905053,0.0023
0.04585931758205897,0.0024000000000000002
0.04571881894604579,0.0025
0.04570551142543322,0.0026000000000000003
0.045856250353920824,0.0027
0.046182608065145514,0.0028
0.04666552671569191,0.0029000000000000002
0.0472630328676118,0.003
0.04792723415345379,0.0031000000000000003
0.04862230275685797,0.0032
0.04933518696852279,0.0033
0.050075799323540116,0.0034000000000000002
0.050836845601321956,0.0035
0.05161403551049659,0.0036000000000000003
0.05246432105622478,0.0037
0.053437697820239105,0.0038
0.054540211995811605,0.0039000000000000003
0.055767295960362784,0.004
0.05710831012155948,0.0041
0.05855169250104164,0.004200000000000001
0.06008606984829801,0.0043
0.06169934962823165,0.0044
0.0633781389176834,0.0045000000000000005
0.06510794820379517,0.0046
0.06687399798989957,0.0047
0.06866225149469285,0.0048000000000000004
0.07046017552916284,0.0049
0.07225701071166957,0.005
0.0740434371584403,0.0051
0.0758106735544779,0.005200000000000001
0.07754931588172143,0.0053
0.07924817315200794,0.0054
0.0808935183803926,0.0055000000000000005
0.08243362030115697,0.0056
0.08374949981460289,0.0057
0.08497813853254665,0.0058000000000000005
0.08610319910584563,0.0059
0.08710512102263512,0.006
0.08796584499045546,0.0061
0.08867373726145267,0.006200000000000001
0.08903957756336534,0.0063
0.0889415240700252,0.0064
0.08876200458483152,0.006500000000000001
0.08852443798628895,0.0066
0.0882387688797942,0.0067
0.0879010129002159,0.0068000000000000005
0.08747985407652081,0.006900000000000001
0.08702409214248341,0.007
0.0865316732866861,0.0071
0.08599932193372206,0.007200000000000001
0.08542375397635782,0.0073
0.08480304874590294,0.0074
0.08413841876418926,0.007500000000000001
0.08343464002162504,0.0076
0.08264322826216741,0.0077
0.08181983258412473,0.0078000000000000005
0.08097360323736313,0.0079
0.08011019965650479,0.008
0.07923233245381722,0.0081
0.07834046400375594,0.0082
0.07728981122056666,0.0083
0.07605749774144366,0.008400000000000001
0.07456486795997774,0.0085
0.07294836282078376,0.0086
0.0713157172077229,0.008700000000000001
0.06968623119419715,0.0088
0.06807265962562137,0.0089
0.0664847167008995,0.009000000000000001
0.06492695239889557,0.0091
0.06341063167464323,0.0092
0.061955203612527154,0.009300000000000001
0.06057957963761895,0.0094
0.05929840170222289,0.0095
0.05812128564715602,0.009600000000000001
0.057053894220697954,0.0097
0.05609459929843652,0.0098
0.055079730407608274,0.0099
0.05417882452556699,0.01
0.0534041669970069,0.010100000000000001
0.05276128551628889,0.0102
0.05225036346207479,0.0103
0.0518703644724523,0.010400000000000001
0.0516191351867723,0.0105
0.05149376838537556,0.0106
0.05148999155127543,0.010700000000000001
0.05160178138861893,0.0108
0.05182118856882756,0.0109
0.05213866624290975,0.011000000000000001
0.05254364272367096,0.0111
0.05302509786546472,0.0112
0.05357186977943784,0.011300000000000001
0.054142627175792324,0.0114
0.05469479045607306,0.0115
0.05524761167120684,0.011600000000000001
0.05582307485349669,0.0117
0.05641161187203503,0.0118
0.05700085037703273,0.0119
0.057577380892693375,0.012
0.058129899256309514,0.012100000000000001
0.05864933293897279,0.0122
0.059127590707570565,0.0123
0.05955675652415526,0.012400000000000001
0.05992896133754522,0.0125
0.06023673944950114,0.0126
0.06047348779642936,0.012700000000000001
0.060633720704122096,0.0128
0.06071308598892444,0.0129
0.06070827009169055,0.013000000000000001
0.06061685726975152,0.0131
0.06043731131464214,0.0132
0.06016898527380288,0.013300000000000001
0.059812220877523026,0.0134
0.05936838966257185,0.0135
0.05883994936544612,0.013600000000000001
0.05823042308068738,0.0137
0.057544409478555325,0.013800000000000002
0.056787564810475866,0.013900000000000001
0.055966637363760174,0.014
0.055089461694385555,0.014100000000000001
0.054164927053448775,0.0142
0.05320282060913817,0.0143
0.05221359763175659,0.014400000000000001
0.051208088867772394,0.0145
0.050231905389612086,0.0146
0.04932930628620835,0.014700000000000001
0.04847014202557709,0.0148
0.047623516066714666,0.0149
0.0467983673114063,0.015000000000000001
0.04600758606916311,0.0151
0.04526521110482906,0.0152
0.044582559440335956,0.015300000000000001
0.04396811318386451,0.0154
0.04342910114065268,0.0155
0.04297263987640032,0.015600000000000001
0.042606115662877864,0.015700000000000002
0.0423369252319894,0.0158
0.04217193669999353,0.0159
0.0421170194202356,0.016
0.04217675452700731,0.0161
0.042354300249730636,0.0162
0.04265143033203067,0.016300000000000002
0.043068575863966396,0.0164
0.04360494835166073,0.0165
0.044258611251923874,0.0166
0.0450266269697126,0.0167
0.04590516506251907,0.016800000000000002
0.04688966363330627,0.016900000000000002
0.04797489513983533,0.017
0.049154989840960894,0.0171
0.0504233258622615,0.0172
0.05177243048128655,0.0173
0.05319392441929316,0.017400000000000002
0.05467865804473471,0.0175
0.05621697053491781,0.0176
0.05779902516751001,0.0177
0.05938556391978156,0.0178
0.06093705297979868,0.0179
0.06247544061082966,0.018000000000000002
0.06402501013675688,0.0181
0.06557883865210123,0.0182
0.06712717467001095,0.0183
0.06865899772552453,0.0184
0.07016524617354902,0.018500000000000003
0.07163893502099894,0.018600000000000002
0.07307390449833018,0.0187
0.07446381550456771,0.0188
0.07580174084012836,0.0189
0.07708029392673943,0.019
0.07829202452296513,0.019100000000000002
0.07942979541719208,0.019200000000000002
0.08048702936972285,0.0193
0.08145783961456021,0.0194
0.08233701713466446,0.0195
0.08312001920840517,0.0196
0.0838028955355058,0.019700000000000002
0.08438227220385586,0.0198
0.08485528867929004,0.0199
0.08514238547286113,0.02
0.08528696062629337,0.0201
0.08532958405434954,0.020200000000000003
0.08527203619313961,0.020300000000000002
0.08511374820860607,0.0204
0.08485403320084883,0.0205
0.08449326059399087,0.0206
0.08403326465022831,0.0207
0.08347725498300362,0.020800000000000003
0.08282948025873305,0.020900000000000002
0.08209483524968353,0.021
0.0812786219620254,0.0211
0.08038646312222852,0.0212
0.07942433745024757,0.0213
0.07839862668771724,0.021400000000000002
0.07731613432898765,0.021500000000000002
0.07618406067987726,0.0216
0.075009977489227,0.0217
0.07380181629198301,0.0218
0.07256963671177974,0.0219
0.07132878780120777,0.022000000000000002
0.07009142236483112,0.0221
0.06886020258846082,0.0222
0.06764034478766179,0.0223
0.06644289414293747,0.0224
0.06527844292556895,0.022500000000000003
0.06415552782832978,0.022600000000000002
0.06308077416599933,0.0227
0.06205999822460484,0.0228
0.06109908415844589,0.0229
0.06020423075685766,0.023
0.059381681274659925,0.023100000000000002
0.058637319311596325,0.023200000000000002
0.05797629439741914,0.0233
0.05740286493881386,0.0234
0.056920302232142506,0.0235
0.05653086775731375,0.0236
0.056119491499257546,0.023700000000000002
0.055757590328123996,0.0238
0.05549948310026376,0.0239
0.05534879819274052,0.024
0.05530301240463453,0.0241
0.055357108740692995,0.024200000000000003
0.05550514566109732,0.024300000000000002
0.05574090984302238,0.0244
0.05605785280227926,0.0245
0.05644878895613026,0.0246
0.05690555060496849,0.0247
0.057418901782539944,0.024800000000000003
0.05794952182998592,0.024900000000000002
0.058456564612888506,0.025
0.058959129571606095,0.0251
0.05947900171042475,0.0252
0.06000744927444346,0.0253
0.06053284694172001,0.025400000000000002
0.06104231416162065,0.025500000000000002
0.06152502096338475,0.0256
0.061972512232476795,0.0257
0.062377615748692716,0.0258
0.06273351505352998,0.025900000000000003
0.06303333874135053,0.026000000000000002
0.0632702551972606,0.0261
0.06343784980984724,0.0262
0.06353051259709186,0.0263
0.06354370627586337,0.0264
0.06347409342106058,0.026500000000000003
0.06331947786122172,0.026600000000000002
0.06307871384541375,0.0267
0.06275155908678232,0.0268
0.06233862463432582,0.0269
0.06184132816212229,0.027
0.06126191844968154,0.027100000000000003
0.06060344577524113,0.027200000000000002
0.059869761372056574,0.0273
0.05906549531966698,0.0274
0.05819611653264367,0.0275
0.057268000491862425,0.027600000000000003
0.05628850968429999,0.027700000000000002
0.05526596023551411,0.027800000000000002
0.054209492609671894,0.0279
0.053128837577976595,0.028
0.05203410020182808,0.0281
0.05096986379047297,0.028200000000000003
0.0499794070156081,0.028300000000000002
0.04903243167726701,0.0284
0.04809811585381274,0.0285
0.04718517484559759,0.0286
0.04630629536598052,0.0287
0.04547537975022786,0.028800000000000003
0.044703731090709464,0.028900000000000002
0.04399996410439577,0.029
0.043371563090152554,0.0291
0.04282597879175443,0.0292
0.042370974936031924,0.029300000000000003
0.042014332865798476,0.029400000000000003
0.041763298536549476,0.029500000000000002
0.04162410139394557,0.0296
0.04160166797740916,0.0297
0.04169948454155148,0.0298
0.04191963297150436,0.029900000000000003
0.042262816440092,0.030000000000000002
0.04272846192943258,0.030100000000000002
0.043314763033395653,0.0302
0.0440188034107023,0.0303
0.04483664694725742,0.0304
0.04576349606866281,0.030500000000000003
0.04679376581777683,0.030600000000000002
0.04792112908653978,0.0307
0.049138434793795316,0.0308
0.050437642351642165,0.0309
0.0518097971228646,0.031
0.053245194239226246,0.031100000000000003
0.05473365689292575,0.031200000000000002
0.0562648831788124,0.0313
0.057799024369612706,0.031400000000000004
0.059295865089768585,0.0315
0.06077702145284525,0.0316
0.06226671977557219,0.0317
0.0637579502696366,0.0318
0.06524090793230808,0.031900000000000005
0.0667045808115766,0.032
0.06813997727683763,0.032100000000000004
0.06954027683830266,0.0322
0.07089957346315479,0.0323
0.07221187068604817,0.0324
0.07347066789958467,0.0325
0.07466908162417252,0.032600000000000004
0.07580023428820437,0.0327
0.07685762325020884,0.0328
0.07783536117564993,0.0329
0.07872829962059069,0.033
0.07953201005303667,0.033100000000000004
0.08024276521755225,0.0332
0.0808574580570719,0.0333
0.08137357718474592,0.0334
0.08178913483180972,0.0335
0.08210264073822793,0.033600000000000005
0.08231303244253296,0.0337
0.08241967308813059,0.033800000000000004
0.08242236640479084,0.0339
0.0823098535983332,0.034
0.08200142946184286,0.0341
0.0815996129825659,0.0342
0.08111205928319287,0.034300000000000004
0.08054389922372929,0.0344
0.07989864061198926,0.0345
0.07918012179836476,0.0346
0.0783926728958032,0.0347
0.07754138804715072,0.034800000000000005
0.07663201310932555,0.0349
0.07567085808498508,0.035
0.07466462074732338,0.0351
0.07362029619213606,0.0352
0.07254510654929969,0.035300000000000005
0.07144832133146983,0.0354
0.07034453827706211,0.035500000000000004
0.0692450453034269,0.0356
0.06815146917508141,0.0357
0.06706823396536954,0.0358
0.06600587919781087,0.0359
0.0649744988617903,0.036000000000000004
0.06398200984635527,0.0361
0.06303424362115395,0.0362
0.06213608640073387,0.0363
0.06129247185219666,0.0364
0.06050879561931888,0.036500000000000005
0.059790813917825814,0.0366
0.059144350466651785,0.0367
0.058574925329513805,0.0368
0.05808749520738221,0.0369
0.05768618634029088,0.037000000000000005
0.05737410514633412,0.0371
0.05715316094058931,0.037200000000000004
0.057023977442503426,0.0373
0.05691505366019656,0.0374
0.05681742788141242,0.0375
0.05681415977503801,0.0376
0.05690799765719734,0.037700000000000004
0.05709579047532465,0.0378
0.057371281064364066,0.0379
0.05772733329804125,0.038
0.05815635165354904,0.0381
0.05865041622091294,0.038200000000000005
0.05920107132731811,0.0383
0.05977069078943875,0.038400000000000004
0.060320144831176536,0.0385
0.06086868735239259,0.0386
0.06143784796966367,0.038700000000000005
0.06201909368777336,0.0388
0.06260083504654679,0.038900000000000004
0.06317005346939664,0.039
0.06371563884831577,0.0391
0.06422874945439705,0.0392
0.06470180519874602,0.0393
0.06512759673922242,0.039400000000000004
0.06549885996576199,0.0395
0.06580830929999126,0.0396
0.0660489276734404,0.0397
0.0662142873916215,0.0398
0.0662988128397275,0.039900000000000005
0.06629798722611058,0.04
0.06620843581564884,0.040100000000000004
0.06602797790504578,0.0402
0.06575555333173799,0.0403
0.06539114191630346,0.040400000000000005
0.064935607748283,0.0405
0.06439060250733886,0.040600000000000004
0.0637584665812182,0.0407
0.06304223069074988,0.0408
0.06224564303280644,0.0409
0.06137328281790877,0.041
0.06043066183211565,0.041100000000000005
0.059424320595610425,0.0412
0.058361810201147835,0.0413
0.05725158778699457,0.0414
0.05610281456996136,0.0415
0.05492516730927122,0.041600000000000005
0.05372868831121935,0.0417
0.05255733637647042,0.041800000000000004
0.051453785879495006,0.0419
0.050388586416483916,0.042
0.04933195952111413,0.042100000000000005
0.04829294293561026,0.0422
0.04728448831321841,0.042300000000000004
0.04632085481318193,0.0424
0.04541384378860136,0.0425
0.04457273608307433,0.0426
0.04380577353093473,0.0427
0.04312120897098315,0.042800000000000005
0.04252761736626254,0.0429
0.04203359573187093,0.043000000000000003
0.04164721153606976,0.0431
0.04137552811536138,0.0432
0.04122431184382691,0.043300000000000005
0.04119788307410088,0.0434
0.041299128067001645,0.043500000000000004
0.04152950090378238,0.0436
0.04188909794366924,0.0437
0.04237667768887965,0.0438
0.042989760957680145,0.0439
0.043724705058582725,0.044000000000000004
0.04457684956950403,0.0441
0.045540588660685666,0.0442
0.04660942152489933,0.0443
0.04777588647399322,0.0444
0.04903151571852504,0.044500000000000005
0.0503668360651186,0.0446
0.0517715565069885,0.044700000000000004
0.053234869391700856,0.0448
0.05474581511813437,0.0449
0.05629353469222842,0.045000000000000005
0.057837005005074715,0.0451
0.05933472368800641,0.045200000000000004
0.0608084956845556,0.0453
0.06228297322320786,0.0454
0.06375095725598845,0.0455
0.06520246886561198,0.0456
0.06662636648209752,0.045700000000000005
0.0680135744664968,0.0458
0.06935725160725958,0.0459
0.07065151841664852,0.046
0.0718904835960833,0.0461
0.07306785653238801,0.046200000000000005
0.07417709713876808,0.0463
0.07521180346420842,0.046400000000000004
0.076166066607397,0.0465
0.07703467435652922,0.0466
0.07781320137885561,0.046700000000000005
0.07849795525174563,0.0468
0.07908594141479652,0.046900000000000004
0.07957477402279922,0.047
0.07996266139603536,0.0471
0.08024834712361162,0.0472
0.08043110415252075,0.0473
0.08051067831779368,0.047400000000000005
0.08048729609163452,0.0475
0.08036167682793549,0.0476
0.08013514607737415,0.0477
0.07980975398601309,0.0478
0.0793884053638626,0.047900000000000005
0.07881829133947671,0.048
0.07811895946075242,0.048100000000000004
0.07734753815246953,0.0482
0.07651297876203533,0.0483
0.07562149346906388,0.048400000000000006
0.0746782952404863,0.0485
0.07368889806496648,0.048600000000000004
0.07265948964024593,0.0487
0.07159700845366723,0.0488
0.07050897078185026,0.0489
0.0694050950441295,0.049
0.06830043896387139,0.049100000000000005
0.06720659119994998,0.0492
0.06612529039944948,0.049300000000000004
0.06506109674284277,0.0494
0.06402477324715605,0.0495
0.06302665568834664,0.049600000000000005
0.06207491776793306,0.0497
0.06117566899077009,0.049800000000000004
0.06033408507581539,0.0499
0.05955536420549956,0.05
0.058845069404452,0.050100000000000006
0.05820894368572893,0.0502
0.05765255804963876,0.050300000000000004
0.0571809526483944,0.0504
0.0567984827534056,0.0505
0.056508727530727,0.0506
0.056314472259958004,0.0507
0.05621761038179662,0.050800000000000005
0.056218991208099256,0.0509
0.056314610120744346,0.051000000000000004
0.05636393886034452,0.0511
0.056510055584686913,0.0512
0.05675771600386126,0.051300000000000005
0.05710491871625356,0.0514
0.057544724101099565,0.051500000000000004
0.058069112103787734,0.0516
0.058669293977364756,0.0517
0.05933626165038297,0.051800000000000006
0.060060559966993,0.0519
0.06080370995442175,0.052000000000000005
0.061525745619242955,0.0521
0.0622450798871117,0.0522
0.06298249427424929,0.0523
0.06372882001590674,0.0524
0.06447182857077216,0.052500000000000005
0.06519783290719505,0.0526
0.065895016687055,0.052700000000000004
0.06655379267105699,0.0528
0.06716581117557263,0.0529
0.06772309011363009,0.053000000000000005
0.06821761291612538,0.0531
0.06864138714266188,0.053200000000000004
0.06898675125501075,0.0533
0.06924670145605016,0.0534
0.06941514716863595,0.053500000000000006
0.06948710573758554,0.0536
0.06945877631686859,0.053700000000000005
0.0693275916049505,0.0538
0.0690921491067108,0.0539
0.06875213251417378,0.054
0.06830814800058205,0.0541
0.06776161263520164,0.054200000000000005
0.06711464361721231,0.0543
0.06637006136512325,0.054400000000000004
0.06553143286699425,0.0545
0.0646032088124674,0.0546
0.06359084601642973,0.054700000000000006
0.06250091649397638,0.0548
0.061341095272199,0.054900000000000004
0.06012005845686952,0.055
0.05884728244369941,0.0551
0.057532855081522616,0.055200000000000006
0.05618732406296334,0.0553
0.05482162752847586,0.055400000000000005
0.05347960273601271,0.0555
0.052203698566184675,0.055600000000000004
0.05096640054450874,0.0557
0.049740108503281144,0.0558
0.04853491672774579,0.055900000000000005
0.047364766438406924,0.056
0.04624498459839588,0.056100000000000004
0.04518858075512022,0.0562
0.044206163036960344,0.0563
0.043307305124183904,0.056400000000000006
0.0425015043049457,0.0565
0.04179844415838585,0.056600000000000004
0.041207673474863205,0.0567
0.04073806368292798,0.0568
0.040397342325106056,0.056900000000000006
0.04019181038907371,0.057
0.04012618910072763,0.057100000000000005
0.04020362124148846,0.0572
0.040425651167318666,0.057300000000000004
0.040792275927601596,0.0574
0.041301940534806514,0.0575
0.04195162091870985,0.057600000000000005
0.042736889290525326,0.0577
0.04365206456610249,0.057800000000000004
0.04469030173095123,0.0579
0.04584367210591811,0.058
0.047103136323849215,0.058100000000000006
0.04845854437012931,0.0582
0.04989868299395939,0.058300000000000005
0.05141150750211598,0.0584
0.05298448018995461,0.0585
0.054604963411734486,0.058600000000000006
0.056230258909540254,0.0587
0.05781708152828635,0.058800000000000005
0.059385086655926234,0.0589
0.060957110176564244,0.059000000000000004
0.06252450732697912,0.0591
0.06407589889142673,0.0592
0.06559882223471303,0.059300000000000005
0.06708298191114515,0.0594
0.06852045623005287,0.059500000000000004
0.06990442512684525,0.0596
0.07122815942677108,0.0597
0.07248459887162728,0.059800000000000006
0.07366646633154084,0.0599
0.0747666522389352,0.060000000000000005
0.07577857807884802,0.0601
0.07669643080364441,0.060200000000000004
0.07751527874404374,0.0603
0.07823104436333428,0.0604
0.07884047703253805,0.060500000000000005
0.07934106437136834,0.0606
0.079731001720172,0.060700000000000004
0.0800091159881724,0.0608
0.08017483714890505,0.0609
0.08022812631830967,0.061000000000000006
0.08016947015516718,0.0611
0.07999988880836084,0.061200000000000004
0.07972104738378882,0.0613
0.0793353789646396,0.0614
0.07884622031728306,0.061500000000000006
0.07825783243877538,0.0616
0.0775753247462242,0.061700000000000005
0.07680446845216748,0.0618
0.07586922902134408,0.061900000000000004
0.07484566620887867,0.062
0.07376628916535344,0.0621
0.07264090276459723,0.062200000000000005
0.07147681126092009,0.0623
0.07028102480142562,0.062400000000000004
0.06906095772385046,0.0625
0.0678266033178564,0.0626
0.06659377153113144,0.0627
0.06537504893193302,0.06280000000000001
0.06417317101391207,0.0629
0.06299384368694683,0.063
0.06184907357029923,0.0631
0.06075036936989142,0.0632
0.05970698853011669,0.06330000000000001
0.05872607789654638,0.0634
0.05781384996467431,0.0635
0.05697657183192528,0.0636
0.0562209069031856,0.0637
0.05555370584653829,0.06380000000000001
0.05498160483245118,0.0639
0.054510595625865355,0.064
0.054145790261428406,0.0641
0.05389126438240366,0.06420000000000001
0.05375002665414663,0.06430000000000001
0.053723983275800524,0.0644
0.05381390967924027,0.0645
0.05401937817953972,0.0646
0.05419175305770296,0.06470000000000001
0.05447278179768511,0.0648
0.05487332993542582,0.0649
0.05539177878164514,0.065
0.05602068825266482,0.0651
0.05675098547568558,0.06520000000000001
0.05757249622461691,0.0653
0.05847463824221477,0.0654
0.05944626747390225,0.0655
0.06047563337033035,0.0656
0.06152114723854829,0.06570000000000001
0.06253959139106902,0.0658
0.06354746133415512,0.0659
0.06456402593716459,0.066
0.06557823657650197,0.0661
0.06657615538365402,0.06620000000000001
0.06754261512145965,0.0663
0.06846456636255815,0.0664
0.06933139148791867,0.0665
0.0701338196402056,0.0666
0.07086300408659685,0.06670000000000001
0.07151010714898842,0.0668
0.072066396333754,0.0669
0.07252360601088614,0.067
0.07287432739389188,0.0671
0.07311229972525257,0.06720000000000001
0.07323260740318016,0.0673
0.0732317027634819,0.0674
0.07310737701374459,0.0675
0.0728586010601805,0.06760000000000001
0.07248539460245451,0.06770000000000001
0.07198866075465371,0.0678
0.07137012483767036,0.0679
0.0706322863568355,0.068
0.06977847052823882,0.06810000000000001
0.06881288404633756,0.0682
0.06774074355406512,0.0683
0.06656838274387167,0.0684
0.06530335769871587,0.0685
0.06395443701397474,0.06860000000000001
0.06253150199634727,0.0687
0.061045335960990044,0.0688
0.059507417263735096,0.0689
0.0579297468583857,0.069
0.056324767437241796,0.06910000000000001
0.05473717773273301,0.0692
0.05321014668662705,0.0693
0.05171827776979243,0.0694
0.05023643035430814,0.0695
0.048776553169735726,0.06960000000000001
0.04735443190156374,0.0697
0.04598733577444447,0.0698
0.04469033897182295,0.0699
0.04347624620407187,0.07
0.04235688786008507,0.07010000000000001
0.041344020455123864,0.0702
0.04044953997191847,0.0703
0.03968512015322978,0.0704
0.03906163596871215,0.07050000000000001
0.03858866113436332,0.07060000000000001
0.03827414656099637,0.0707
0.038124222415503395,0.0708
0.03814315131308632,0.0709
0.03833326001561477,0.07100000000000001
0.038694947738303176,0.0711
0.03922664963304867,0.0712
0.03992490301261786,0.0713
0.04078441319937598,0.0714
0.04179822021834334,0.07150000000000001
0.04295781835964041,0.0716
0.04425327723231165,0.0717
0.04567326567436347,0.0718
0.047205111992000504,0.0719
0.0488349206022991,0.07200000000000001
0.05054787703443875,0.0721
0.05232865655170693,0.0722
0.054161875666024484,0.0723
0.05600167362249975,0.0724
0.0578014912076541,0.07250000000000001
0.059578731108351546,0.0726
0.06135445377314008,0.0727
0.06311805789055536,0.0728
0.06485630817975907,0.0729
0.06655501997800595,0.07300000000000001
0.06820232887456779,0.0731
0.06978892114490776,0.0732
0.07130674345101196,0.0733
0.07274798159250229,0.0734
0.0741046315452597,0.07350000000000001
0.07536861125068262,0.0736
0.07653214646182493,0.0737
0.07758813524735286,0.0738
0.07853038236634413,0.07390000000000001
0.07935371311071537,0.07400000000000001
0.08005394235449292,0.0741
0.08062784303946657,0.0742
0.08107305327334746,0.0743
0.08138804285794032,0.07440000000000001
0.08157203530194335,0.0745
0.0816249789606649,0.0746
0.08154747457434297,0.0747
0.08134076827269499,0.0748
0.08100675541788693,0.07490000000000001
0.08054808603435604,0.075
0.07996828083477814,0.0751
0.0792718620884042,0.0752
0.07846437230780567,0.0753
0.07755229900047134,0.07540000000000001
0.0765428871324223,0.0755
0.07544395891276534,0.0756
0.0741724431314601,0.0757
0.07282116534704497,0.0758
0.07142017115231514,0.07590000000000001
0.06998145340523665,0.076
0.06851442966120158,0.0761
0.06703019870519811,0.0762
0.06554553512465577,0.0763
0.06407409111565643,0.07640000000000001
0.06261973470968196,0.0765
0.061189758395195915,0.0766
0.05979816895776979,0.0767
0.05845859462471914,0.07680000000000001
0.05718243064693174,0.07690000000000001
0.05597896734280461,0.077
0.05485657756667539,0.0771
0.05382371430791988,0.0772
0.052889233782446254,0.07730000000000001
0.05206215470443709,0.07740000000000001
0.05135122167536399,0.0775
0.050764440388313625,0.0776
0.050308806660698924,0.0777
0.04999010038995899,0.07780000000000001
0.04981279345936773,0.0779
0.04977994852047729,0.078
0.049893150028237354,0.0781
0.050152440119338726,0.0782
0.05039479008759251,0.07830000000000001
0.05077090665132378,0.0784
0.051298591792462434,0.0785
0.05197712887219197,0.0786
0.052798636897312345,0.0787
0.05375292985841984,0.07880000000000001
0.054828190423309886,0.0789
0.056011793733161674,0.079
0.057290204645648046,0.0791
0.05864899684428204,0.0792
0.06004437950934449,0.07930000000000001
0.061430453078104796,0.0794
0.0628191352737607,0.0795
0.06422535978467925,0.0796
0.06563484609752679,0.07970000000000001
0.06703058951324037,0.07980000000000001
0.06839451411690123,0.0799
0.06971074400849442,0.08
0.07096592922439104,0.0801
0.07214818591738303,0.08020000000000001
0.07324618594404542,0.08030000000000001
0.07424873909868457,0.0804
0.07514488026182942,0.0805
0.07592422769788254,0.0806
0.07657738164740335,0.08070000000000001
0.07709623538220689,0.08080000000000001
0.07747419486948237,0.0809
0.07770621979201231,0.081
0.07778879694695418,0.0811
0.07771976876708808,0.08120000000000001
0.0774981758798936,0.0813
0.0771240638959696,0.0814
0.07659839957971792,0.0815
0.0759230145005817,0.0816
0.07510065936547639,0.08170000000000001
0.07413507191564106,0.0818
0.07303111970765908,0.0819
0.07179492438982005,0.082
0.07043398659567157,0.0821
0.06895720096172708,0.08220000000000001
0.06737478206097303,0.0823
0.06569807471040523,0.0824
0.06393935514674698,0.0825
0.06211165382624195,0.0826
0.06022866190985443,0.08270000000000001
0.05830467014169094,0.0828
0.056386056964122355,0.0829
0.0545175453864184,0.083
0.052675936277186475,0.08310000000000001
0.05083871283525476,0.08320000000000001
0.04902037817375371,0.0833
0.04723940845093777,0.0834
0.04551599603553558,0.0835
0.043868328391223343,0.08360000000000001
0.04231249694287054,0.08370000000000001
0.04086370780931725,0.0838
0.03953713615760179,0.0839
0.038348105287443035,0.084
0.03731170953896479,0.08410000000000001
0.03644221471430642,0.08420000000000001
0.03575251897891962,0.0843
0.035253762737845085,0.0844
0.03495503576906844,0.0845
0.034863208343790975,0.08460000000000001
0.034982731936280986,0.0847
0.03531551888956064,0.0848
0.03586080147853621,0.0849
0.03661512842279491,0.085
0.03757240831084219,0.08510000000000001
0.03872409838730073,0.0852
0.04005938734307102,0.0853
0.04156540713446222,0.0854
0.04322736816680761,0.0855
0.045028742354740414,0.08560000000000001
0.04695151157066357,0.0857
0.0489766039073416,0.0858
0.051084423103962884,0.0859
0.053255396280506906,0.08600000000000001
0.05543907380481783,0.08610000000000001
0.057584186005189775,0.0862
0.05970456508315691,0.0863
0.0618183802831862,0.0864
0.06391206598591859,0.08650000000000001
0.06596958739744041,0.08660000000000001
0.06797416123856892,0.0867
0.06991153589181365,0.0868
0.07177025084693034,0.0869
0.07354032297047264,0.08700000000000001
0.07521221022663693,0.08710000000000001
0.07677637009194271,0.0872
0.0782233637466615,0.0873
0.0795442397868148,0.0874
0.08073089748634144,0.08750000000000001
0.0817763200472621,0.0876
0.0826746857370394,0.0877
0.08342133319925171,0.0878
0.08401272598389509,0.0879
0.08444635663607836,0.08800000000000001
0.08472071225480116,0.0881
0.08483519756446889,0.0882
0.08479010891515504,0.0883
0.08458656429386124,0.0884
0.08422649675704708,0.08850000000000001
0.08371265427650942,0.0886
0.08304869752374633,0.0887
0.08223930669870927,0.0888
0.08129030641839574,0.0889
0.08020868386296387,0.08900000000000001
0.07900251787516732,0.0891
0.07768079529192173,0.0892
0.07625322928737166,0.0893
0.07465140746660814,0.08940000000000001
0.07293198475598561,0.08950000000000001
0.07115256641229217,0.0896
0.06932870067400532,0.0897
0.06747299072477064,0.0898
0.06559915223371549,0.08990000000000001
0.06372645098022822,0.09000000000000001
0.06187105417785721,0.0901
0.06003967310406433,0.0902
0.0582425634692294,0.0903
0.05649667941098646,0.09040000000000001
0.05481861560735757,0.09050000000000001
0.053222778285561656,0.0906
0.05172149501380652,0.0907
0.05032617978671361,0.0908
0.049048289550537305,0.09090000000000001
0.04789961154147404,0.091
0.04689198249383075,0.0911
0.04603680991300174,0.0912
0.045344556502109556,0.0913
0.04482440870730864,0.09140000000000001
0.04448400010094611,0.0915
0.044329242227323595,0.0916
0.04436414647087883,0.0917
0.0445906884302103,0.0918
0.04486782876782636,0.09190000000000001
0.04526605990649024,0.092
0.0458626315213555,0.0921
0.046661468563792496,0.0922
0.04765596853441978,0.09230000000000001
0.04883455893673605,0.09240000000000001
0.050183304713740995,0.0925
0.051686827699168214,0.0926
0.05332842285421435,0.0927
0.05508995335037081,0.09280000000000001
0.056951829721685554,0.09290000000000001
0.05886443756738702,0.093
0.06077552691710142,0.0931
0.06269124433889162,0.0932
0.06462161322035198,0.09330000000000001
0.06654783649479834,0.09340000000000001
0.06844874626075925,0.0935
0.07030249403440625,0.0936
0.07208978917963049,0.0937
0.0737942420703307,0.09380000000000001
0.07540126285838722,0.09390000000000001
0.07689712151320371,0.094
0.07826850322806866,0.0941
0.07950258782464581,0.0942
0.08058741799762648,0.09430000000000001
0.0815123154390267,0.0944
0.08226819503128635,0.0945
0.08284775508427789,0.0946
0.08324545352428858,0.0947
0.08345740111689748,0.09480000000000001
0.08348112871294133,0.0949
0.08331541421137378,0.095
0.08296012186649915,0.0951
0.08241617496191933,0.0952
0.08168554730208344,0.09530000000000001
0.08077133647214818,0.0954
0.07967782377149102,0.0955
0.07841059909421688,0.0956
0.07697667424708465,0.09570000000000001
0.07538461055459822,0.09580000000000001
0.07364454600141745,0.0959
0.07176813353265166,0.096
0.06976835601044917,0.0961
0.06765932207551284,0.09620000000000001
0.06545607761898109,0.09630000000000001
0.06317450282387882,0.0964
0.060831250076423204,0.0965
0.05847529310638011,0.0966
0.056153835713983025,0.09670000000000001
0.05384600428434516,0.09680000000000001
0.05153210376437656,0.0969
0.04922985407753577,0.097
0.04696111628644739,0.0971
0.04474972419367007,0.09720000000000001
0.042617729720551445,0.09730000000000001
0.040585346203930506,0.0974
0.03867214729271051,0.0975
0.03689792413917403,0.0976
0.03528286814043646,0.09770000000000001
0.033847192470293,0.0978
0.03261051417834593,0.0979
0.03159125823662978,0.098
0.030806154565854227,0.0981
0.03026976295390149,0.09820000000000001
0.029994058455573347,0.0983
0.02998794106323066,0.0984
0.03025681872383923,0.0985
0.03080220563115854,0.09860000000000001
0.03162153623193298,0.09870000000000001
0.03270812642139331,0.0988
0.03405138574840749,0.0989
0.035637113017349176,0.099
0.03744788850513059,0.09910000000000001
0.03946343386936424,0.09920000000000001
0.041661048732633876,0.0993
0.044016125839476894,0.0994
0.04650284863254184,0.0995
0.04909495068987657,0.09960000000000001
0.051766439435245726,0.09970000000000001
0.054459921513118514,0.0998
0.05711718443581004,0.0999
0.059747138445887304,0.1
0.06236411322509272,0.10010000000000001
0.06495053749316682,0.10020000000000001
0.06748663991908743,0.1003
0.06995220663443513,0.1004
0.07232986309605194,0.1005
0.0746053568593108,0.10060000000000001
0.07676618615509467,0.10070000000000001
0.07880052475889954,0.1008
0.08069675301244572,0.1009
0.08244354904254902,0.101
0.08403027372872196,0.10110000000000001
0.08544733960662432,0.1012
0.08668645161339172,0.1013
0.0877407226283653,0.1014
0.0886046399069279,0.1015
0.08927402762950443,0.10160000000000001
0.08974594753837817,0.1017
0.09001866148720028,0.1018
0.09009155280205272,0.1019
0.08996510078824493,0.10200000000000001
0.0896408115928422,0.10210000000000001
0.08912121174593446,0.1022
0.08840984455520606,0.1023
0.0875113620056529,0.1024
0.08643162526449366,0.10250000000000001
0.08517782845856003,0.10260000000000001
0.08375852297487218,0.1027
0.08218355899151697,0.1028
0.08046391303431977,0.1029
0.07860101960576238,0.10300000000000001
0.07649266941041744,0.10310000000000001
0.0742874279277328,0.1032
0.07200630922111018,0.1033
0.06966661483359149,0.1034
0.06728314887822873,0.10350000000000001
0.06487291000934148,0.10360000000000001
0.06245858953891903,0.1037
0.06006011652952303,0.1038
0.05768832082099706,0.1039
0.05535768558163001,0.10400000000000001
0.053089281053154025,0.1041
0.050903862010386325,0.1042
0.04882009299133605,0.1043
0.046854693639033274,0.1044
0.045023585615780126,0.10450000000000001
0.04334282166080672,0.1046
0.04182882892471307,0.1047
0.0404980859105557,0.1048
0.03936658001585025,0.10490000000000001
0.03844920943945351,0.10500000000000001
0.037759333543482265,0.1051
0.037308352115895005,0.1052
0.03710537063282304,0.1053
0.03715685811650404,0.10540000000000001
0.037466364744368486,0.10550000000000001
0.03776850661674214,0.1056
0.038312297141777085,0.1057
0.03913275963738072,0.1058
0.04023319464953512,0.10590000000000001
0.041601367125763344,0.10600000000000001
0.04322019110225028,0.1061
0.04506918670314142,0.1062
0.04712633146545908,0.1063
0.04936769712163436,0.10640000000000001
0.05176743320860755,0.10650000000000001
0.0542977171617518,0.1066
0.056929326536485636,0.1067
0.05960051241117226,0.1068
0.06224721771776376,0.10690000000000001
0.0648706321518353,0.10700000000000001
0.06747777448351411,0.1071
0.07004503366819193,0.1072
0.07254703095295645,0.1073
0.07495837147746753,0.10740000000000001
0.07725694071529066,0.1075
0.0794241733045441,0.1076
0.08144374812268307,0.1077
0.0833005345192539,0.1078
0.08498014914217233,0.10790000000000001
0.08646909401817038,0.108
0.0877552142998651,0.1081
0.08882813749580898,0.1082
0.0896795252684327,0.10830000000000001
0.09030309897704758,0.10840000000000001
0.09069441671336975,0.1085
0.09085060755094398,0.1086
0.09077009260149471,0.1087
0.09045248298881003,0.10880000000000001
0.08989855853656237,0.10890000000000001
0.08911037173473879,0.109
0.08809131223278943,0.1091
0.08684619179630915,0.1092
0.08538128372659637,0.10930000000000001
0.08370442723479155,0.10940000000000001
0.0818251301666959,0.1095
0.07975468994981094,0.1096
0.07750620510289474,0.1097
0.07509448655358753,0.10980000000000001
0.07253583860322621,0.10990000000000001
0.06984782588454519,0.11
0.06704906975136649,0.1101
0.06415915021401164,0.1102
0.0611985651684569,0.11030000000000001
0.05821885403107396,0.11040000000000001
0.055269463272598074,0.1105
0.05230090788366093,0.1106
0.04926091844427716,0.1107
0.046272773096740716,0.11080000000000001
0.04337199744514608,0.1109
0.040588709868587536,0.111
0.03794754960368785,0.1111
0.03547086114938902,0.11120000000000001
0.033180297372119805,0.11130000000000001
0.03109823643092735,0.1114
0.029201271251096728,0.1115
0.027431213488679385,0.1116
0.02591331894827431,0.11170000000000001
0.024684518868294925,0.11180000000000001
0.023772897138316207,0.1119
0.023198705611660708,0.112
0.022978018106718734,0.1121
0.0231222539941196,0.11220000000000001
0.023637960363823263,0.11230000000000001
0.024525627581107656,0.1124
0.02577898896440267,0.1125
0.02738472069878095,0.1126
0.02932294074857089,0.11270000000000001
0.0315680917296608,0.11280000000000001
0.03409013073549372,0.1129
0.03685570089674983,0.113
0.03982933325323934,0.1131
0.04297457178728492,0.11320000000000001
0.04625506784083644,0.11330000000000001
0.049635464048686906,0.1134
0.05304810326469678,0.1135
0.056424795822026974,0.1136
0.05976852652243758,0.11370000000000001
0.06308911703310305,0.11380000000000001
0.06636349872498881,0.1139
0.06956666916541188,0.114
0.07267373625993656,0.11410000000000001
0.07566340590479381,0.11420000000000001
0.07851837422006713,0.1143
0.08122375076604427,0.1144
0.0837657250451378,0.1145
0.08613083157186019,0.11460000000000001
0.08830587871689466,0.11470000000000001
0.0902782855918649,0.1148
0.09203650436358535,0.1149
0.09357034868553726,0.115
0.09487119958159007,0.11510000000000001
0.09593203307980991,0.11520000000000001
0.0967474334095193,0.1153
0.09731353137097332,0.1154
0.09762800497816437,0.1155
0.09769001965549828,0.11560000000000001
0.09750020261924341,0.11570000000000001
0.09706054122876762,0.1158
0.0963743261429103,0.1159
0.09544608304294955,0.116
0.09428160788729034,0.11610000000000001
0.09288802577536848,0.11620000000000001
0.09127390494747822,0.1163
0.08944930091001324,0.1164
0.08742574691902394,0.1165
0.08521614094587338,0.11660000000000001
0.08270703415172886,0.11670000000000001
0.08001386599178673,0.1168
0.07719557444894276,0.1169
0.07413702389751087,0.117
0.07103234085760424,0.11710000000000001
0.06792939949025967,0.11720000000000001
0.06485035565384145,0.1173
0.06178059643521461,0.1174
0.058704141416944244,0.11750000000000001
0.05569423649474414,0.11760000000000001
0.052693849683676186,0.1177
0.04978494329890193,0.1178
0.04694073174968305,0.1179
0.04416238135033801,0.11800000000000001
0.041519592674455374,0.11810000000000001
0.03904045054006522,0.1182
0.03674930631697304,0.1183
0.034669063816996415,0.1184
0.03282235538032863,0.11850000000000001
0.03123150733882296,0.11860000000000001
0.029918379349211266,0.1187
0.028903798510256262,0.1188
0.028206766076450673,0.1189
0.027843469939420773,0.11900000000000001
0.0278262991377638,0.11910000000000001
0.0281629924347091,0.1192
0.028607278648652645,0.1193
0.02923523554047347,0.1194
0.03024121589175599,0.11950000000000001
0.031647722528362454,0.11960000000000001
0.03344437749838969,0.1197
0.03560397902514767,0.1198
0.03809280252560243,0.1199
0.040873951595000735,0.12000000000000001
0.04390876326085902,0.12010000000000001
0.047156802324198166,0.1202
0.05057605537722609,0.1203
0.0541235967264988,0.12040000000000001
0.0577228040145501,0.12050000000000001
0.06129524473209902,0.1206
0.06483319666089904,0.1207
0.06833757045807975,0.1208
0.07177846058644521,0.12090000000000001
0.07512502913270147,0.12100000000000001
0.07834714731438341,0.1211
0.08141853596074866,0.1212
0.08431699744905041,0.1213
0.0870229410929314,0.12140000000000001
0.08951826005065311,0.12150000000000001
0.09178585639404879,0.1216
0.0938098108652684,0.1217
0.09557590650818426,0.1218
0.09707215016331427,0.12190000000000001
0.09828907290763045,0.12200000000000001
0.0992197480366177,0.1221
0.0998594791656533,0.1222
0.10020539291909325,0.1223
0.10025599797497975,0.12240000000000001
0.1000109614110255,0.12250000000000001
0.09947103122674694,0.1226
0.09863816395398661,0.1227
0.09751566189915706,0.1228
0.09610835587803068,0.12290000000000001
0.09442273440960514,0.12300000000000001
0.09246712626992948,0.1231
0.09025186287398146,0.1232
0.08778944714658998,0.1233
0.08509459180088907,0.12340000000000001
0.08218413383917023,0.12350000000000001
0.07907678617190461,0.1236
0.07579285212043063,0.1237
0.07235395944681688,0.12380000000000001
0.0687194471525211,0.12390000000000001
0.06493537563308527,0.124
0.06108433518094736,0.1241
0.057204317731388565,0.1242
0.05332658406216817,0.12430000000000001
0.049470579598508424,0.12440000000000001
0.045660159979376,0.1245
0.041927803895348115,0.1246
0.03830700962074607,0.1247
0.03483033534669522,0.12480000000000001
0.03152944881322717,0.12490000000000001
0.02843624517259502,0.125
0.025583728052087196,0.12510000000000002
0.023006114939598366,0.1252
0.020738228856797658,0.1253
0.018863606394792454,0.1254
0.01746556305158964,0.1255
0.016523913424546732,0.12560000000000002
0.016003252411467495,0.1257
0.015914597546649478,0.1258
0.01592324829245695,0.1259
0.01593567086070502,0.126
0.016371075834203053,0.12610000000000002
0.017405601545414484,0.1262
0.01901135120995323,0.1263
0.021144142089634554,0.1264
0.023731967883941163,0.1265
0.026717827517300785,0.12660000000000002
0.030049267111831757,0.1267
0.03368096530406173,0.1268
0.03756493366080371,0.1269
0.041651780883790845,0.127
0.04588980440696444,0.12710000000000002
0.050193847242534506,0.1272
0.05447829914111946,0.1273
0.05873371083176293,0.1274
0.06296124737056741,0.1275
0.06713095329255714,0.12760000000000002
0.07121213886210864,0.1277
0.07517517155613596,0.1278
0.07899425921113823,0.1279
0.08264755767742293,0.128
0.08611507604214808,0.12810000000000002
0.08937733453398766,0.1282
0.09241490376190975,0.1283
0.09520909038369163,0.12840000000000001
0.0977430551477072,0.1285
0.10000281947285095,0.12860000000000002
0.10197759419790953,0.1287
0.10365947641616391,0.1288
0.1050426390057897,0.12890000000000001
0.10612260488105973,0.129
0.10689578327518456,0.1291
0.10735948766447834,0.1292
0.10751211982051223,0.1293
0.1073534037913485,0.12940000000000002
0.10688441050776476,0.1295
0.10610753304381004,0.1296
0.10502646518882275,0.1297
0.10364639642820572,0.1298
0.10197432435728648,0.12990000000000002
0.09985763908901246,0.13
0.09671842176464762,0.1301
0.09347354307269573,0.1302
0.09017060071461858,0.1303
0.08675967049229993,0.13040000000000002
0.08328440394438519,0.1305
0.07974594094130338,0.1306
0.0761237115918264,0.1307
0.07250586785452096,0.1308
0.06892148701935275,0.13090000000000002
0.065397864480226,0.131
0.06182223777538831,0.1311
0.05828362938671794,0.1312
0.05472964886748555,0.1313
0.05124759665284495,0.13140000000000002
0.04792754372309038,0.1315
0.04473880921835316,0.1316
0.041575225571437,0.1317
0.03855613665623925,0.1318
0.03558353017820881,0.13190000000000002
0.03281351717408976,0.132
0.030120125903793316,0.1321
0.027710696747755836,0.1322
0.025471529711303065,0.1323
0.0235511003652209,0.13240000000000002
0.02197266904613082,0.1325
0.02076376861023488,0.1326
0.019955289235036755,0.1327
0.019582046099546613,0.1328
0.019675210709889646,0.13290000000000002
0.02025758571323455,0.133
0.021339756952214906,0.1331
0.022876126426147225,0.1332
0.02461320850418791,0.1333
0.026187550535312853,0.13340000000000002
0.028246915964374786,0.1335
0.030824289666322002,0.1336
0.03389139055749801,0.1337
0.03736408203427111,0.1338
0.04116543356905189,0.13390000000000002
0.045223474159091115,0.134
0.04947848870892324,0.1341
0.05384127793571847,0.1342
0.05822173654122165,0.1343
0.06259777957748203,0.13440000000000002
0.06695705734545387,0.1345
0.07125769200897558,0.1346
0.07545843575225741,0.13470000000000001
0.07952033164554706,0.1348
0.08340994991491046,0.13490000000000002
0.0870991980303959,0.135
0.09056378441494106,0.1351
0.09378186737952121,0.13520000000000001
0.09673351459783841,0.1353
0.09940049682929042,0.13540000000000002
0.10176639404448418,0.1355
0.10381662540501979,0.1356
0.10553859951237532,0.13570000000000002
0.10692196321379621,0.1358
0.10795894148668705,0.1359
0.10864463290794324,0.136
0.10897701684993355,0.1361
0.10895663760308982,0.13620000000000002
0.10858597786657087,0.1363
0.10786883177471329,0.1364
0.10680984995877041,0.1365
0.10541446518663011,0.1366
0.10368908467798721,0.13670000000000002
0.10164146822673537,0.1368
0.09859032539681267,0.1369
0.09511710011282881,0.137
0.09155763019415586,0.1371
0.08794586404736415,0.13720000000000002
0.08430192608981979,0.1373
0.08050261833184402,0.1374
0.07667397337598292,0.1375
0.07271586417530507,0.1376
0.06873179416932884,0.13770000000000002
0.06478809222117443,0.1378
0.06080945535478022,0.1379
0.05679410222464076,0.138
0.052660993588264926,0.1381
0.048618355363634125,0.13820000000000002
0.044584991923666495,0.1383
0.04053927764955079,0.1384
0.03644160154673659,0.1385
0.032264882622409896,0.1386
0.02824347374766245,0.13870000000000002
0.02446519267629932,0.1388
0.021014094896350866,0.1389
0.017959572005873614,0.139
0.01528978902597089,0.1391
0.01299204451075786,0.13920000000000002
0.01110524942355906,0.1393
0.009688234758837178,0.1394
0.008804558822733677,0.1395
0.008506570273738134,0.1396
0.00882366879821217,0.13970000000000002
0.009335050523627375,0.1398
0.010279897276633587,0.1399
0.011890007393527524,0.14
0.014172185288563899,0.1401
0.01686764370197369,0.14020000000000002
0.01978446971371728,0.1403
0.023124531802046322,0.1404
0.026955152860173248,0.1405
0.031174866799275724,0.1406
0.03570468897913104,0.14070000000000002
0.04045309579982792,0.1408
0.04535183377051211,0.1409
0.05030212967706604,0.14100000000000001
0.05521507521008884,0.1411
0.0600873096664305,0.14120000000000002
0.06492702027416453,0.1413
0.06970304481851075,0.1414
0.07438170800511335,0.14150000000000001
0.07892791220985551,0.1416
0.08330969143791112,0.14170000000000002
0.08749860204604876,0.1418
0.09146893794230337,0.1419
0.09519669184763169,0.14200000000000002
0.09865953810959327,0.1421
0.10183691543546636,0.1422
0.10471065987792083,0.1423
0.10726535474558685,0.1424
0.10948861014772004,0.14250000000000002
0.11137089331345962,0.1426
0.1129051344773846,0.1427
0.11408621960753684,0.1428
0.11491060444920098,0.1429
0.115376143279312,0.14300000000000002
0.11548203893975861,0.1431
0.1152288439752831,0.1432
0.11461840224813069,0.1433
0.11365385647880577,0.1434
0.11196667357047119,0.14350000000000002
0.10889632616412503,0.1436
0.10565923027609436,0.1437
0.10230710398534637,0.1438
0.09884913582886157,0.1439
0.09520300554479189,0.14400000000000002
0.0914829015949169,0.1441
0.08771650764635208,0.1442
0.08393288850720126,0.1443
0.0801610852043948,0.1444
0.07642966868950718,0.14450000000000002
0.07256167676531278,0.1446
0.06873549495221065,0.1447
0.06482645820484434,0.1448
0.06096733288234013,0.1449
0.05724678819877216,0.14500000000000002
0.05366081465841788,0.1451
0.05000056431872868,0.1452
0.04646218756256437,0.1453
0.042893140550819275,0.1454
0.03954709166918713,0.14550000000000002
0.03626013833255204,0.1456
0.03309159169132503,0.1457
0.029899907148617677,0.1458
0.026974891140030488,0.1459
0.024252209313439188,0.14600000000000002
0.021738676852672834,0.1461
0.01960662403380531,0.1462
0.017905090635481624,0.1463
0.01632552809749388,0.1464
0.015071393559697999,0.14650000000000002
0.01432201804458999,0.1466
0.014150802674125051,0.1467
0.014590822199625375,0.1468
0.015649389346821918,0.1469
0.0173130580694576,0.14700000000000002
0.01929093299900475,0.1471
0.02103254302762858,0.1472
0.023255467131570118,0.14730000000000001
0.02611868415331431,0.1474
0.029575723960541644,0.14750000000000002
0.03353315949699698,0.1476
0.037881613178842644,0.1477
0.042528599978675974,0.14780000000000001
0.047395552694070586,0.1479
0.052380394316543066,0.14800000000000002
0.057380771033601174,0.1481
0.06236951264804935,0.1482
0.06732959579164899,0.14830000000000002
0.07221328222795564,0.1484
0.07697331430376231,0.14850000000000002
0.08156609672261017,0.1486
0.08595483008462723,0.1487
0.09010982149453184,0.14880000000000002
0.09400628879610984,0.1489
0.09762281475636814,0.149
0.10094023655896456,0.1491
0.10394122437995879,0.1492
0.10660998119769993,0.14930000000000002
0.1089320868951913,0.1494
0.11089443043127545,0.1495
0.11248552695936764,0.1496
0.11369604517911058,0.1497
0.11451950078661,0.14980000000000002
0.11495262827717911,0.1499
0.11499535940794359,0.15
0.11465026756084962,0.1501
0.11392185028673396,0.1502
0.11281584488849394,0.15030000000000002
0.1108258053595581,0.1504
0.10754311720745002,0.1505
0.10410994279184682,0.1506
0.1005755935077477,0.1507
0.09696294170759745,0.15080000000000002
0.09319594041544343,0.1509
0.08931327413132639,0.151
0.0853881820462895,0.1511
0.08145016123334692,0.1512
0.07752833952283611,0.15130000000000002
0.07363379168051443,0.1514
0.06958272720202108,0.1515
0.06559952667253455,0.1516
0.06145534153999488,0.1517
0.057415463016036394,0.15180000000000002
0.05351610000298024,0.1519
0.04947440535752534,0.152
0.04546029062579815,0.1521
0.041433752558558856,0.1522
0.03748503490585264,0.15230000000000002
0.033472530744594664,0.1524
0.029417297289860533,0.1525
0.02535665075699889,0.1526
0.021534037803511374,0.1527
0.017894802691096112,0.15280000000000002
0.014631113198717793,0.1529
0.011753525995412684,0.153
0.009306273674272614,0.1531
0.007351692827038958,0.1532
0.0059715291331727816,0.15330000000000002
0.005711560189150422,0.1534
0.00624971712068656,0.1535
0.006321539381345609,0.15360000000000001
0.006911745115398382,0.1537
0.00825934037299847,0.15380000000000002
0.010409380654727185,0.1539
0.013089116356936215,0.154
0.016080358549687812,0.15410000000000001
0.019558412105135092,0.1542
0.023576132207329348,0.15430000000000002
0.028025050589757905,0.1544
0.032821833610593876,0.1545
0.037870764299203774,0.15460000000000002
0.04309752735425754,0.1547
0.04839378288169849,0.15480000000000002
0.05366066540716563,0.1549
0.05889119985264224,0.155
0.06409101396807904,0.15510000000000002
0.06922466379752712,0.1552
0.07425562623992421,0.1553
0.07914769803035004,0.1554
0.08386936781444287,0.1555
0.08839359933911528,0.15560000000000002
0.09269603644029734,0.1557
0.09675307417144974,0.1558
0.10054124123498631,0.1559
0.10403708883213503,0.156
0.10721816570211229,0.15610000000000002
0.11006413948479132,0.1562
0.11255806125647294,0.1563
0.11468696936666456,0.1564
0.11644179180570124,0.1565
0.11781662468476484,0.15660000000000002
0.11880790606853864,0.1567
0.1194138778755951,0.1568
0.11963438927587977,0.1569
0.11947085715727113,0.157
0.11892609554370492,0.15710000000000002
0.11745860100052674,0.1572
0.11443349303763628,0.1573
0.11120639404255717,0.1574
0.10783109699894655,0.1575
0.10433243481036125,0.15760000000000002
0.10072793210880004,0.1577
0.09703980069895635,0.1578
0.09329345511224463,0.1579
0.08939805077021146,0.158
0.0854092813753804,0.15810000000000002
0.08143143128375419,0.1582
0.0774992121912289,0.1583
0.07364225258679469,0.1584
0.06985793386660122,0.1585
0.0659447503452385,0.15860000000000002
0.062158419847513025,0.1587
0.05824384879935618,0.1588
0.05447833550407499,0.1589
0.05090575610133552,0.159
0.04730954089365813,0.15910000000000002
0.04380474465593198,0.1592
0.04018590753615614,0.1593
0.03678693275127354,0.15940000000000001
0.033441398520910104,0.1595
0.03022118737192092,0.15960000000000002
0.02693733858234526,0.1597
0.02397362996738228,0.1598
0.021185504109584308,0.15990000000000001
0.01866168713797456,0.16
0.016569811568891257,0.16010000000000002
0.014966731047210802,0.1602
0.013362515201764236,0.1603
0.01221926851001065,0.16040000000000001
0.0116649554896886,0.1605
0.011771606369003873,0.16060000000000002
0.012556556316030587,0.1607
0.014011772496981711,0.1608
0.015945762461698987,0.16090000000000002
0.017780711303237773,0.161
0.019927324282090098,0.16110000000000002
0.02266614486230023,0.1612
0.026092992650069702,0.1613
0.030092649149473738,0.16140000000000002
0.034558770518566595,0.1615
0.03937340049365412,0.16160000000000002
0.044446346091773226,0.1617
0.04966267408846248,0.1618
0.05491462758192611,0.16190000000000002
0.06016915430372072,0.162
0.0654067035793936,0.1621
0.07057659782168957,0.1622
0.07562967654599928,0.1623
0.08052010920378316,0.16240000000000002
0.08520958698272174,0.1625
0.08966683414241317,0.1626
0.09386574309339002,0.1627
0.09778321694542469,0.1628
0.10139827023491932,0.16290000000000002
0.10469147899468945,0.163
0.10764506969299159,0.1631
0.11024282203398506,0.1632
0.11247016102491669,0.1633
0.1143143120141793,0.16340000000000002
0.11576476797554824,0.1635
0.11681387945858646,0.1636
0.11745732020748678,0.1637
0.11769414920392096,0.1638
0.1175263528610897,0.16390000000000002
0.11695807193250884,0.164
0.11599478844986355,0.1641
0.11303331178079523,0.1642
0.10968612132077649,0.1643
0.10619901058966574,0.16440000000000002
0.10260361940934726,0.1645
0.0989152718954811,0.1646
0.09515307107436877,0.1647
0.0913387756221693,0.1648
0.08735357150157874,0.16490000000000002
0.08330165945705481,0.165
0.07926061630722381,0.1651
0.07526317449523412,0.1652
0.07133772608968891,0.1653
0.06735598540580778,0.16540000000000002
0.06335574265905064,0.1655
0.059337899857039744,0.1656
0.05530246104330372,0.16570000000000001
0.051425902061190465,0.1658
0.04752713555186694,0.16590000000000002
0.04363596451989915,0.166
0.039602622942722654,0.1661
0.03570636222220536,0.16620000000000001
0.031711290998405195,0.1663
0.027623827091962205,0.16640000000000002
0.023576821853852792,0.1665
0.019765356232772646,0.1666
0.016236517309968335,0.16670000000000001
0.012958021236698203,0.1668
0.010079003080253113,0.16690000000000002
0.007668972160569831,0.167
0.005861780987058474,0.1671
0.005638491870441742,0.16720000000000002
0.006049552315746443,0.1673
0.005876442035105622,0.16740000000000002
0.006067271458708445,0.1675
0.006932140325869307,0.1676
0.008600147855388984,0.16770000000000002
0.011078318566281942,0.1678
0.014054773784135666,0.16790000000000002
0.017301277115246316,0.168
0.021001668735882495,0.1681
0.02522039751367844,0.16820000000000002
0.029854900598884848,0.1683
0.03482507771993881,0.16840000000000002
0.040033554714444586,0.1685
0.045362732157521624,0.1686
0.050699783522901276,0.16870000000000002
0.05603237014081852,0.1688
0.06136010173822015,0.1689
0.06664497623226584,0.169
0.07184660108826801,0.1691
0.07692648328099239,0.16920000000000002
0.08185079265658468,0.1693
0.08659165901482668,0.1694
0.09112411399948417,0.1695
0.09542423173607206,0.1696
0.09946726112810644,0.16970000000000002
0.10322739431017902,0.1698
0.1066784716519702,0.1699
0.10979590141580486,0.17
0.11255864426866546,0.1701
0.11495066787629526,0.17020000000000002
0.11696095395304118,0.1703
0.11858252312550266,0.1704
0.11981102961786183,0.1705
0.12064395388599525,0.1706
0.12108042530195351,0.17070000000000002
0.12112145344077485,0.1708
0.12076985905929283,0.1709
0.11941230056525709,0.171
0.11642145245579283,0.1711
0.11321516552573607,0.17120000000000002
0.10984871594028867,0.1713
0.10634682941026408,0.1714
0.10272637342475333,0.1715
0.09900892877323308,0.1716
0.09521971118642103,0.17170000000000002
0.09138891688597517,0.1718
0.08746009302936719,0.1719
0.08340981031718786,0.17200000000000001
0.07939091508476848,0.1721
0.075439434327505,0.17220000000000002
0.07158520714986938,0.1723
0.06784258415745692,0.1724
0.06395550255154248,0.17250000000000001
0.060212588102667386,0.1726
0.05635618022494526,0.17270000000000002
0.052638293401933156,0.1728
0.04912613649526976,0.1729
0.04555756257121324,0.17300000000000001
0.04207595945783238,0.1731
0.03847323163030536,0.17320000000000002
0.03512103390992416,0.1733
0.03169330406994142,0.1734
0.028357259841483407,0.17350000000000002
0.025104485638089757,0.1736
0.022153952858419146,0.17370000000000002
0.019317514793784518,0.1738
0.016892574598902144,0.1739
0.014946261306214126,0.17400000000000002
0.013261500707078877,0.1741
0.011795366595472645,0.17420000000000002
0.01086494964429563,0.1743
0.01057864457447022,0.1744
0.010988252503022045,0.17450000000000002
0.012098154698555241,0.1746
0.013868279521110694,0.17470000000000002
0.015596068270546937,0.1748
0.017771790934768994,0.1749
0.02029490717590776,0.17500000000000002
0.02341318400753667,0.1751
0.027188827468896726,0.1752
0.03149555161746975,0.1753
0.036226216590099725,0.1754
0.04126594606292722,0.17550000000000002
0.04652728717902699,0.1756
0.051893316513945464,0.1757
0.05725431660600755,0.1758
0.06258328518292477,0.1759
0.06786728138109421,0.17600000000000002
0.0730586827074764,0.1761
0.07811140454814025,0.1762
0.08298248771514682,0.1763
0.08763616759671156,0.1764
0.09204325767583255,0.17650000000000002
0.0961791307606803,0.1766
0.10002159127458221,0.1767
0.10355008373341379,0.1768
0.10674527835282166,0.1769
0.10958933653718195,0.17700000000000002
0.1120660310636582,0.1771
0.11416108517026691,0.1772
0.11586251277005422,0.1773
0.11716111134840379,0.1774
0.11805087943506587,0.17750000000000002
0.1185291745086039,0.1776
0.11859647864442735,0.1777
0.11825578313688478,0.1778
0.11751184762947575,0.1779
0.11497066495676722,0.17800000000000002
0.11169446066664801,0.1781
0.10825741953012036,0.1782
0.10469854433711012,0.17830000000000001
0.10103524193505875,0.1784
0.09728513908451786,0.17850000000000002
0.09346915549902235,0.1786
0.08961323536921573,0.1787
0.08560004490257767,0.17880000000000001
0.08152299236367444,0.1789
0.07747366058216776,0.17900000000000002
0.07348508082244432,0.1791
0.06958537966509049,0.1792
0.06562535403442704,0.17930000000000001
0.06166860650483341,0.1794
0.05768736822180176,0.17950000000000002
0.05370696202572378,0.1796
0.04989799469275091,0.1797
0.04602816866331594,0.17980000000000002
0.04215133151185557,0.1799
0.03817397432114289,0.18000000000000002
0.03427413066845153,0.1801
0.03027006507894625,0.1802
0.026243288549786525,0.18030000000000002
0.022215942176063264,0.1804
0.018496241854609297,0.18050000000000002
0.015172154669963911,0.1806
0.01198899308703072,0.1807
0.009206106166492312,0.18080000000000002
0.006918565959101786,0.1809
0.005708496911423611,0.18100000000000002
0.005738707236961238,0.1811
0.005841420036207801,0.1812
0.00584161782396575,0.18130000000000002
0.006363183644321424,0.1814
0.007450818718450547,0.18150000000000002
0.00928926652080575,0.1816
0.011937377643538971,0.1817
0.015078667626079456,0.18180000000000002
0.01848742877570242,0.1819
0.022343863449452606,0.182
0.026706668052881133,0.1821
0.0314707032324808,0.1822
0.03655359759922616,0.18230000000000002
0.04185808014819514,0.1824
0.047265714365088085,0.1825
0.052663441874894135,0.1826
0.05804058843957871,0.1827
0.06339844638764514,0.18280000000000002
0.06869938041324275,0.1829
0.07390337047593909,0.183
0.0789722703854484,0.1831
0.08387264898542568,0.1832
0.08857699225925697,0.18330000000000002
0.09306053413168192,0.1834
0.09729931462545949,0.1835
0.1012683909310812,0.1836
0.10494188772011637,0.1837
0.10829404640815776,0.18380000000000002
0.11130133488482852,0.1839
0.11394427670893548,0.184
0.11620851439473434,0.1841
0.11808443186727091,0.1842
0.11956607107369455,0.18430000000000002
0.12064986225670371,0.1844
0.1213340229808626,0.1845
0.12161842877765383,0.18460000000000001
0.12150474475935424,0.1847
0.12099622369250695,0.18480000000000002
0.11816288600255043,0.1849
0.11504482193115972,0.185
0.11175148586197658,0.18510000000000001
0.10831308204150558,0.1852
0.10474461188617656,0.18530000000000002
0.10106622638500862,0.1854
0.0973006545567312,0.1855
0.09347680382362333,0.18560000000000001
0.0896268542267673,0.1857
0.08565597981152973,0.18580000000000002
0.08160752611831668,0.1859
0.07760768097732029,0.186
0.07369093301463281,0.18610000000000002
0.06988611922389665,0.1862
0.06615028980593918,0.18630000000000002
0.062324800963660776,0.1864
0.05862749021522973,0.1865
0.05480513085993377,0.18660000000000002
0.0511647234730499,0.1867
0.04774261747148345,0.18680000000000002
0.044154688517055174,0.1869
0.04063434552042411,0.187
0.037103551280982305,0.18710000000000002
0.03372542110009813,0.1872
0.03032598920147156,0.18730000000000002
0.026895789583437413,0.1874
0.023729945060449564,0.1875
0.020719204306368866,0.18760000000000002
0.018003675350921178,0.1877
0.015737690282066952,0.18780000000000002
0.013967501799658999,0.1879
0.012192210945009663,0.188
0.010893833461365077,0.18810000000000002
0.010204221729607665,0.1882
0.010202931871770682,0.1883
0.010910419181440867,0.1884
0.012318104735844049,0.1885
0.013961841395944363,0.18860000000000002
0.015768568374581626,0.1887
0.017937870321262483,0.1888
0.020742493557039277,0.1889
0.02426187434835758,0.189
0.028370320883330358,0.18910000000000002
0.032955511056313114,0.1892
0.03789664090308298,0.1893
0.04310167333968673,0.1894
0.04845249446406541,0.1895
0.053837945360565964,0.18960000000000002
0.05922430736281936,0.1897
0.06459242493161077,0.1898
0.06989170387000498,0.1899
0.07507359038187511,0.19
0.080093108283808,0.19010000000000002
0.0849127387977382,0.1902
0.08950167935555575,0.1903
0.0938337829075242,0.1904
0.0978853764476797,0.1905
0.10163446058735626,0.19060000000000002
0.10506032221015926,0.1907
0.10814380876493357,0.1908
0.11086740029659836,0.19090000000000001
0.11321544738484368,0.191
0.11517442692073654,0.19110000000000002
0.11673344543463726,0.1912
0.11788477648146745,0.1913
0.11862419185279582,0.19140000000000001
0.11895084893380681,0.1915
0.1188666847134674,0.19160000000000002
0.11837557438079538,0.1917
0.11689357016193536,0.1918
0.1137396088175322,0.19190000000000002
0.11038971047037083,0.192
0.10690050981895849,0.19210000000000002
0.10329577775254584,0.1922
0.09959074585308025,0.1923
0.09580566227756537,0.19240000000000002
0.09196443938546128,0.1925
0.08809593900877244,0.19260000000000002
0.08403286717948977,0.1927
0.07996095269500003,0.1928
0.07593254619911594,0.19290000000000002
0.07197886662227715,0.193
0.0681265332479356,0.19310000000000002
0.06415719586203872,0.1932
0.06025768893676864,0.1933
0.05627021233868912,0.19340000000000002
0.05235445100967295,0.1935
0.04862163544552689,0.19360000000000002
0.0447323146250318,0.1937
0.04082517479185044,0.1938
0.03691958318556843,0.19390000000000002
0.03301359168859719,0.194
0.029039879045804184,0.19410000000000002
0.02511859051015697,0.1942
0.02119458719697409,0.1943
0.017606455075732663,0.19440000000000002
0.014427298596956684,0.1945
0.01145370920080313,0.19460000000000002
0.008791215638738414,0.1947
0.006630591110296624,0.1948
0.0056871277993069125,0.19490000000000002
0.0058230127732383785,0.195
0.005874307247414556,0.1951
0.005874578278880271,0.1952
0.006525427889109592,0.1953
0.007850589344502001,0.19540000000000002
0.00995160816580265,0.1955
0.012631785256282502,0.1956
0.015662288534220803,0.1957
0.01922029380193835,0.1958
0.023352998526877666,0.19590000000000002
0.02794534031941165,0.196
0.03290835903460576,0.1961
0.03814017265272551,0.1962
0.043520154164711,0.1963
0.04893228773953595,0.19640000000000002
0.05435693586750934,0.1965
0.0597879828178276,0.1966
0.06518422550643144,0.1967
0.07050278652813047,0.1968
0.07570297426056816,0.19690000000000002
0.08074919498296351,0.197
0.08561221910606309,0.1971
0.09026641447742234,0.19720000000000001
0.09468789944410827,0.1973
0.09885259953979175,0.19740000000000002
0.10273566254524402,0.1975
0.10631167492403071,0.1976
0.10955609549882961,0.19770000000000001
0.11244701305748694,0.1978
0.11496678873820754,0.19790000000000002
0.11710257831770621,0.198
0.11884591979487436,0.1981
0.12019160485040681,0.19820000000000002
0.12113676253050254,0.1983
0.12168032320364952,0.19840000000000002
0.1218229408330036,0.1985
0.12156684158319642,0.1986
0.11997189178858225,0.19870000000000002
0.11698592459393187,0.1988
0.11378725829918312,0.19890000000000002
0.110426293341085,0.199
0.10692549525365214,0.1991
0.10330226858026414,0.19920000000000002
0.09957845066779158,0.1993
0.09578012670637348,0.19940000000000002
0.09193804172053854,0.1995
0.08808493271866824,0.1996
0.08406339926110262,0.19970000000000002
0.08003024038602735,0.1998
0.076059742801307,0.19990000000000002
0.07218453641432221,0.2
0.06843232233886365,0.2001
0.06468083706905925,0.20020000000000002
0.060916321401403684,0.2003
0.05720650768458935,0.20040000000000002
0.05344965070092855,0.2005
0.049885121832412116,0.2006
0.04642520014494034,0.20070000000000002
0.04290725873316403,0.2008
0.03931893156189714,0.20090000000000002
0.035859251796929614,0.201
0.032396533608927136,0.2011
0.028969555508445044,0.20120000000000002
0.025569126641655338,0.2013
0.022459017017283367,0.20140000000000002
0.019468941402594142,0.2015
0.01689179078849601,0.2016
0.014793410619712288,0.20170000000000002
0.012975649339929562,0.2018
0.011361062192611238,0.2019
0.010278277122860446,0.202
0.009841577274582125,0.2021
0.01010965111011819,0.20220000000000002
0.01109114531325317,0.2023
0.012708832802512449,0.2024
0.014316738796845696,0.2025
0.01639254571655213,0.2026
0.018840108130374622,0.20270000000000002
0.021906871794485028,0.2028
0.02565197601515723,0.2029
0.02994566377803065,0.203
0.03467801548976168,0.2031
0.03973228730552414,0.20320000000000002
0.04501964013698467,0.2033
0.05042202634082171,0.2034
0.05582855005120724,0.20350000000000001
0.06121085855386399,0.2036
0.06655515699738335,0.20370000000000002
0.07181357275906342,0.2038
0.0769400028403655,0.2039
0.08189156278258591,0.20400000000000001
0.08663248810756885,0.2041
0.09113341208226522,0.20420000000000002
0.09536928619097507,0.2043
0.09931725969549288,0.2044
0.10295594234106398,0.20450000000000002
0.10626507224002046,0.2046
0.10922586088398156,0.20470000000000002
0.11182117768943323,0.2048
0.11403593261756562,0.2049
0.11585744510659357,0.20500000000000002
0.11727594867660307,0.2051
0.11828499787358515,0.20520000000000002
0.11888158795151493,0.2053
0.11906586250141493,0.2054
0.11884043877460782,0.20550000000000002
0.11820962769883758,0.2056
0.11581353708010089,0.20570000000000002
0.1125820610024052,0.2058
0.10918090516830303,0.2059
0.10565077109328402,0.20600000000000002
0.1020095296052016,0.2061
0.09827461142538696,0.20620000000000002
0.09446705127125632,0.2063
0.09061297260295564,0.2064
0.08669615339253989,0.20650000000000002
0.08261615846415693,0.2066
0.0785553960963381,0.20670000000000002
0.07454990960472918,0.2068
0.07062959090496246,0.2069
0.06678632003582097,0.20700000000000002
0.06280928084150061,0.2071
0.05895199914427862,0.20720000000000002
0.05494273879473188,0.2073
0.051092534456403715,0.2074
0.047353161283413714,0.20750000000000002
0.04351175576287969,0.2076
0.039573236782768806,0.20770000000000002
0.035751013279021304,0.2078
0.03182747618764914,0.2079
0.027846802408068028,0.20800000000000002
0.023957151492595585,0.2081
0.02013990050219161,0.2082
0.016681042444493643,0.2083
0.013646602693225596,0.2084
0.010710980058368458,0.20850000000000002
0.008193181950734152,0.2086
0.006218895762674315,0.2087
0.005660842978422398,0.2088
0.006168733723013631,0.2089
0.005993467315787981,0.20900000000000002
0.0060134563333207325,0.2091
0.006738256876554383,0.2092
0.008305757846682749,0.2093
0.010715102485963524,0.2094
0.013666000588854477,0.20950000000000002
0.016921498099155663,0.2096
0.020660133105224965,0.2097
0.02493965662831199,0.20980000000000001
0.029652902483659815,0.2099
0.034714218180992296,0.21000000000000002
0.04002168045454457,0.2101
0.04545302521396022,0.2102
0.050891496525864666,0.21030000000000001
0.056321214380676166,0.2104
0.06173985706211593,0.21050000000000002
0.06710834599332871,0.2106
0.07238554388489848,0.2107
0.0775322393598733,0.21080000000000002
0.08251405984847926,0.2109
0.08730285832002171,0.21100000000000002
0.09187388122487805,0.2111
0.09620387978788492,0.2112
0.10026911271675087,0.21130000000000002
0.10404480648109526,0.2114
0.10750559709533325,0.21150000000000002
0.11062728295461866,0.2116
0.11338884949751327,0.2117
0.11577409456106236,0.21180000000000002
0.11777184738912305,0.2119
0.11937510588690947,0.21200000000000002
0.1205796086484755,0.2121
0.12138291027613057,0.2122
0.1217840987028197,0.21230000000000002
0.12178400475375728,0.2124
0.12138519878408471,0.21250000000000002
0.11885110351090977,0.2126
0.11577319098673855,0.2127
0.11250962800610143,0.21280000000000002
0.10909561233081388,0.2129
0.10554789792434272,0.21300000000000002
0.10188597596520188,0.2131
0.09813225962119843,0.2132
0.09431486297580427,0.21330000000000002
0.09046546987532333,0.2134
0.08658479619269388,0.21350000000000002
0.08253269308678857,0.2136
0.07851918993914331,0.2137
0.07458124253679843,0.21380000000000002
0.0707492493480345,0.2139
0.06704928928628784,0.21400000000000002
0.06324739927177192,0.2141
0.05953805341421847,0.2142
0.055772109649775414,0.21430000000000002
0.052078141209273454,0.2144
0.04859022343691355,0.21450000000000002
0.045062237075089495,0.2146
0.04157699904895473,0.2147
0.03795718373427359,0.21480000000000002
0.034560873401380476,0.2149
0.031051002919499693,0.215
0.027565235763885143,0.2151
0.024273568237790588,0.2152
0.021163731106996098,0.21530000000000002
0.018312350786287457,0.2154
0.01590117763183141,0.2155
0.01398706760377566,0.2156
0.012130005750166983,0.2157
0.010684743177086675,0.21580000000000002
0.00983028302900335,0.2159
0.009658257464331355,0.216
0.01020099364915783,0.21610000000000001
0.011454830162171081,0.2162
0.01301728180975803,0.21630000000000002
0.014884193521847111,0.2164
0.017235202515095027,0.2165
0.01995060676653093,0.21660000000000001
0.023253791126647716,0.2167
0.027196443069081422,0.21680000000000002
0.031649180747459926,0.2169
0.03650575834197878,0.217
0.041652839235788885,0.21710000000000002
0.047003746158502,0.2172
0.05244031765481916,0.21730000000000002
0.05785222063405859,0.2174
0.06321639713506055,0.2175
0.06852430541903254,0.21760000000000002
0.07373081162581996,0.2177
0.07879210457891728,0.21780000000000002
0.08366710065363936,0.2179
0.08832143263136039,0.218
0.09272681783233072,0.21810000000000002
0.09685904447145288,0.2182
0.10069596607352127,0.21830000000000002
0.1042168480203085,0.2184
0.1074020656482838,0.2185
0.11023346048599525,0.21860000000000002
0.11269456355831642,0.2187
0.1147710545838897,0.21880000000000002
0.11645119381185942,0.2189
0.11772630145296803,0.219
0.11859103878865351,0.21910000000000002
0.11904335743954153,0.2192
0.11908409874977788,0.21930000000000002
0.1187163295429653,0.2194
0.1177796236567753,0.2195
0.11469141758054602,0.21960000000000002
0.11138959462725873,0.2197
0.10794074771865836,0.21980000000000002
0.10437251481862875,0.2199
0.1006988309497927,0.22
0.09693887727040129,0.22010000000000002
0.09311459853926063,0.2202
0.08925382386969583,0.22030000000000002
0.08526946196867391,0.2204
0.0811945618971871,0.2205
0.07715225268028725,0.22060000000000002
0.07317663093737481,0.2207
0.06929609634354095,0.22080000000000002
0.06540503664001007,0.2209
0.061474801770271426,0.221
0.05756973665038245,0.22110000000000002
0.053615956662085074,0.2212
0.049833483305609994,0.22130000000000002
0.046040569134098375,0.2214
0.04223764388168516,0.2215
0.038282454288804946,0.22160000000000002
0.034471480629445495,0.2217
0.030589769003433354,0.2218
0.02659714564982263,0.22190000000000001
0.022728802532706815,0.222
0.01903087998485642,0.22210000000000002
0.01571467392945447,0.2222
0.012734180967298059,0.2223
0.009938459458193272,0.22240000000000001
0.007599633063068989,0.2225
0.005875284759562893,0.22260000000000002
0.00565400664259208,0.2227
0.006300716226122605,0.2228
0.006202125930503177,0.22290000000000001
0.006484180325820654,0.223
0.007505485419836866,0.22310000000000002
0.00936510503399246,0.2232
0.012030720258877192,0.2233
0.015194627763689184,0.22340000000000002
0.018624042537969787,0.2235
0.02250277620447938,0.22360000000000002
0.02689150594934886,0.2237
0.03168491713650923,0.2238
0.03679938973394825,0.22390000000000002
0.042135474405222695,0.224
0.04757255899994539,0.22410000000000002
0.05299601085938832,0.2242
0.05839475277337969,0.2243
0.06377017264702356,0.22440000000000002
0.06908450098305441,0.2245
0.07429752744676121,0.22460000000000002
0.0793707781473908,0.2247
0.08427053781630911,0.2248
0.08896922001263874,0.22490000000000002
0.09344246082561825,0.225
0.09766723934962351,0.22510000000000002
0.10161996975579501,0.2252
0.10527610151111388,0.2253
0.10861069618005137,0.22540000000000002
0.11160023663531493,0.2255
0.11422460021363601,0.22560000000000002
0.11646854906540882,0.2257
0.11832180897459788,0.2258
0.11977813801464254,0.22590000000000002
0.12083392120231717,0.226
0.12148731975807492,0.22610000000000002
0.12173804734723959,0.2262
0.12158759167771682,0.2263
0.12059976382621462,0.22640000000000002
0.11767493026566622,0.2265
0.11452073638285498,0.22660000000000002
0.11119821667445517,0.2267
0.10773381503699431,0.2268
0.10414321248975356,0.22690000000000002
0.10044689125839956,0.227
0.09666855130356988,0.22710000000000002
0.09283754261431088,0.2272
0.08898608655170814,0.2273
0.08502622039380359,0.22740000000000002
0.08098413650344305,0.2275
0.07699455037079184,0.22760000000000002
0.07309185760249115,0.2277
0.06930470545632539,0.2278
0.06559106947974325,0.22790000000000002
0.06178395072397369,0.228
0.0581023072226412,0.2281
0.054294702287569496,0.22820000000000001
0.05067073611165851,0.2283
0.047231607367361095,0.22840000000000002
0.04365107555981518,0.2285
0.040079915545053746,0.2286
0.03654815067994588,0.22870000000000001
0.03308738782782905,0.2288
0.02964683125823142,0.22890000000000002
0.02615554314605517,0.229
0.022991416141303622,0.2291
0.019893334877289393,0.22920000000000001
0.017195989349780394,0.2293
0.014968621104213709,0.22940000000000002
0.013105369020048885,0.2295
0.011366839332814349,0.2296
0.010138157103408041,0.22970000000000002
0.009542963091960788,0.2298
0.009651329399802622,0.22990000000000002
0.010478154085289848,0.23
0.012007584318334708,0.2301
0.013511996427651773,0.23020000000000002
0.015441156499304443,0.2303
0.01775251643511422,0.23040000000000002
0.020702657706230365,0.2305
0.02435383232624222,0.2306
0.028575014213002348,0.23070000000000002
0.0332538102279063,0.2308
0.03827144002991112,0.23090000000000002
0.04353780189737444,0.231
0.04893476695776022,0.2311
0.05435113020345872,0.23120000000000002
0.05975619048648917,0.2313
0.06513395560376889,0.23140000000000002
0.07043552774916861,0.2315
0.07561395517722203,0.2316
0.08062568821003191,0.23170000000000002
0.08543442943973367,0.2318
0.0900103665217642,0.23190000000000002
0.09432805623560325,0.232
0.0983642483648367,0.2321
0.10209711133578137,0.23220000000000002
0.10550588613060374,0.2323
0.10857123012784442,0.23240000000000002
0.1112753935771591,0.2325
0.11360258823698499,0.2326
0.11553935310761632,0.23270000000000002
0.11707509275684991,0.2328
0.11820255006092883,0.23290000000000002
0.11891799971370842,0.233
0.11922099526950058,0.2331
0.11911368449602933,0.23320000000000002
0.1185999778902792,0.2333
0.11672751186115893,0.23340000000000002
0.11355876662946163,0.2335
0.11020352205390294,0.2336
0.1067110823373747,0.23370000000000002
0.10310245387854466,0.2338
0.09939387395079091,0.23390000000000002
0.09560601579564731,0.234
0.09176392217214879,0.2341
0.0878970967316719,0.23420000000000002
0.08384416698101516,0.2343
0.07977768317134015,0.23440000000000003
0.07575719900003142,0.23450000000000001
0.07181426175218475,0.2346
0.06797618194930233,0.23470000000000002
0.06403827095900783,0.2348
0.06016005694011428,0.2349
0.056214012303988925,0.23500000000000001
0.052321496284739366,0.2351
0.04861175306064491,0.23520000000000002
0.04477122383124521,0.2353
0.04092159294701614,0.2354
0.03704299706580305,0.23550000000000001
0.03319892452487516,0.2356
0.0292928136215429,0.23570000000000002
0.02539502914329006,0.2358
0.02155602619341712,0.2359
0.01799003702369628,0.23600000000000002
0.014826503165644489,0.2361
0.011967506817811335,0.23620000000000002
0.009316456410439766,0.2363
0.007145587024722344,0.2364
0.005782130107675254,0.23650000000000002
0.005705725556530039,0.2366
0.006251445594723348,0.23670000000000002
0.006236541713069199,0.2368
0.006716596154097365,0.2369
0.007969865935989251,0.23700000000000002
0.010068574498416805,0.2371
0.01295775094590046,0.23720000000000002
0.016319452130001633,0.2373
0.019922703218500537,0.2374
0.02395307337307262,0.23750000000000002
0.02847160721984432,0.2376
0.03337258254159159,0.23770000000000002
0.03857161767980122,0.2378
0.04392839236375279,0.2379
0.04932187075978178,0.23800000000000002
0.054725208321728,0.2381
0.06013372328518207,0.23820000000000002
0.06550613769807045,0.2383
0.07080178174387675,0.2384
0.07597997045360183,0.23850000000000002
0.08100531650600562,0.2386
0.08584752765447201,0.23870000000000002
0.09048032108565762,0.2388
0.09487911322144749,0.2389
0.09901993224782613,0.23900000000000002
0.10287831050094298,0.2391
0.10642952402708739,0.23920000000000002
0.10964938053493123,0.2393
0.1125159638468829,0.2394
0.1150112267887633,0.23950000000000002
0.11712192671523147,0.2396
0.11883935322969208,0.23970000000000002
0.12015823735104059,0.2398
0.12107555436140849,0.2399
0.12158985130131295,0.24000000000000002
0.12170121628139341,0.2401
0.1214114489454664,0.24020000000000002
0.1195621253515814,0.2403
0.11654438183593385,0.2404
0.11332135160264578,0.24050000000000002
0.10994048905240328,0.2406
0.1064234521342392,0.24070000000000003
0.10278839650455618,0.24080000000000001
0.09905703863673332,0.2409
0.09525544414597686,0.24100000000000002
0.09141397679274832,0.2411
0.08756491115967979,0.2412
0.08353440813058732,0.24130000000000001
0.07950817229306018,0.2414
0.07554725727154699,0.24150000000000002
0.07168371443431809,0.2416
0.06794489627533384,0.2417
0.0641782856568539,0.24180000000000001
0.060426116403511476,0.2419
0.05669458881719747,0.24200000000000002
0.052949602349903424,0.2421
0.04940033696822188,0.2422
0.045899746849399126,0.24230000000000002
0.04239394098013993,0.2424
0.03875145547458381,0.24250000000000002
0.03530350081845213,0.2426
0.03177531785268917,0.2427
0.0282807531355862,0.24280000000000002
0.024895853367334242,0.2429
0.021736322507402095,0.24300000000000002
0.0187733677922175,0.2431
0.016235921866113,0.2432
0.014185303196477594,0.24330000000000002
0.012291807041355796,0.2434
0.01071849172902084,0.24350000000000002
0.009709656615179973,0.2436
0.009369437151740323,0.2437
0.009744057569436526,0.24380000000000002
0.010835936531913282,0.2439
0.012363770439600685,0.24400000000000002
0.014074268460888106,0.2441
0.016270212850265642,0.2442
0.018843168730139803,0.24430000000000002
0.022025704519673894,0.2444
0.025871006714770273,0.24450000000000002
0.030248111031489833,0.2446
0.03504834645404653,0.2447
0.04015653930139518,0.24480000000000002
0.04548490903703151,0.2449
0.05091526905633725,0.24500000000000002
0.05633694751456653,0.2451
0.0617244001534637,0.2452
0.06706672931190982,0.24530000000000002
0.07231768062506871,0.2454
0.07743253562600083,0.24550000000000002
0.0823695039614829,0.2456
0.0870936498388778,0.2457
0.09157621536307914,0.24580000000000002
0.09579257338119307,0.2459
0.09972016536358619,0.24600000000000002
0.10333780086063948,0.2461
0.10662533396019602,0.2462
0.10956401595032861,0.24630000000000002
0.11213671817942084,0.2464
0.1143283876838217,0.24650000000000002
0.116126486083167,0.2466
0.11752150749612245,0.2467
0.11850732619284954,0.24680000000000002
0.1190812152268047,0.2469
0.11924347777183253,0.24700000000000003
0.11899676230529121,0.24710000000000001
0.1183453373010851,0.2472
0.11567994437808105,0.24730000000000002
0.11243881396053323,0.2474
0.10903484446701428,0.24750000000000003
0.10550368821062261,0.24760000000000001
0.10186134696479454,0.2477
0.09812595343992936,0.24780000000000002
0.09431878700927254,0.2479
0.09046668373854572,0.248
0.0865524268001292,0.24810000000000001
0.08247716582042064,0.2482
0.07842344889033992,0.24830000000000002
0.07442734424659192,0.2484
0.0705186430892697,0.2485
0.06669252342459608,0.24860000000000002
0.06272971987896081,0.2487
0.05889181355631523,0.24880000000000002
0.054898137593160756,0.2489
0.0510644862502494,0.249
0.047350007413344386,0.24910000000000002
0.04352777723632251,0.2492
0.03962222571552054,0.24930000000000002
0.03582315273709691,0.2494
0.031940636781350396,0.2495
0.028013008214040847,0.24960000000000002
0.02420863803859863,0.2497
0.020430914951344636,0.24980000000000002
0.01700362640184183,0.2499
0.013996372459564865,0.25
0.011246435565354762,0.2501
0.008744607364116419,0.25020000000000003
0.006748941392336727,0.2503
0.005738088548626674,0.2504
0.005788445591978331,0.2505
0.006170800572435908,0.2506
0.0063095536674002695,0.25070000000000003
0.007000316572951748,0.2508
0.008492331899443872,0.2509
0.010828939061219067,0.251
0.01372941255640292,0.2511
0.0169627649502615,0.25120000000000003
0.020699177832669502,0.2513
0.024987012406521236,0.2514
0.02971303638452949,0.2515
0.034788663013996635,0.2516
0.040111715761226074,0.25170000000000003
0.045560446394652176,0.2518
0.051018132338152666,0.2519
0.05646683185450074,0.252
0.061902392900915926,0.2521
0.06728495917205746,0.25220000000000004
0.07257286950263098,0.2523
0.07772653129319751,0.2524
0.08271119497592394,0.2525
0.08749830363502242,0.2526
0.09206276866875174,0.25270000000000004
0.09638131950103235,0.2528
0.100430711267121,0.2529
0.10418726481326757,0.253
0.10762704790509503,0.2531
0.1107271595777416,0.25320000000000004
0.11346726646869265,0.2533
0.11583108531290498,0.2534
0.11780685248266243,0.2535
0.11938695321847026,0.2536
0.12056684430075781,0.25370000000000004
0.12134416291550432,0.2538
0.12171820084073548,0.2539
0.12168987268215592,0.254
0.1212616526761301,0.2541
0.11851961312445025,0.25420000000000004
0.11541526157928828,0.2543
0.11213218837340044,0.2544
0.10870214738920803,0.2545
0.1051405937520189,0.2546
0.10146756246902722,0.25470000000000004
0.09770569830701359,0.2548
0.09388357675109049,0.2549
0.09003294970866182,0.255
0.08614068662349461,0.2551
0.08209217752325693,0.25520000000000004
0.07808500979772137,0.2553
0.0741553195618102,0.2554
0.07033296549703871,0.2555
0.06664381039899892,0.2556
0.0628288297959495,0.25570000000000004
0.05912947543744829,0.2558
0.055345047588545526,0.2559
0.05166036952244468,0.256
0.04818414520498093,0.2561
0.04461854345392857,0.25620000000000004
0.041085428514168854,0.25630000000000003
0.037470798126428395,0.2564
0.03401714982113391,0.2565
0.03051376393489158,0.2566
0.026964813667027743,0.25670000000000004
0.0236843080032485,0.25680000000000003
0.02052176752045498,0.2569
0.017691660184691926,0.257
0.015314928127169836,0.2571
0.013400710021755247,0.25720000000000004
0.011517398450868077,0.25730000000000003
0.010117644322007902,0.2574
0.009334674033536272,0.2575
0.009250730526063844,0.2576
0.009888661684566147,0.2577
0.011239200754515677,0.25780000000000003
0.012724108679357471,0.2579
0.01468367764120404,0.258
0.017140805496797196,0.2581
0.01996466720360468,0.2582
0.023366357794883497,0.25830000000000003
0.027393214934944288,0.2584
0.031915336342332346,0.2585
0.03682784362265701,0.2586
0.04201895584619053,0.2587
0.047365843841702615,0.25880000000000003
0.05275007335358328,0.2589
0.05814021079376519,0.259
0.06351832002308044,0.2591
0.0688368170407666,0.2592
0.0740477428905173,0.25930000000000003
0.07910685215381774,0.2594
0.08397600431942376,0.2595
0.08862402220215093,0.2596
0.09302389085300333,0.2597
0.09715129920974708,0.25980000000000003
0.10098334544042564,0.2599
0.10449851086033324,0.26
0.1076766879509079,0.2601
0.11049953564427928,0.2602
0.11295062926884647,0.26030000000000003
0.11501586833242539,0.2604
0.1166838193969818,0.2605
0.11794620635186237,0.2606
0.11879807480165627,0.2607
0.11923772560715118,0.26080000000000003
0.11926620051154235,0.2609
0.118886657706895,0.261
0.11777511091173876,0.2611
0.1146784168063707,0.2612
0.11137172981810872,0.26130000000000003
0.10791827267025922,0.2614
0.10434452677947248,0.2615
0.10066516215549615,0.2616
0.09690001402433579,0.2617
0.09307200392984605,0.26180000000000003
0.08920955517339135,0.2619
0.08522623807609508,0.262
0.0811533700965209,0.2621
0.07711485868216006,0.2622
0.07314449386940847,0.26230000000000003
0.06927048433920202,0.2624
0.06539502474071501,0.2625
0.06147319160240483,0.2626
0.057587546083162744,0.2627
0.05364371115612809,0.26280000000000003
0.049871963985082646,0.2629
0.04610833096940925,0.263
0.04233767894303053,0.2631
0.03839528230011857,0.2632
0.03461951007240649,0.26330000000000003
0.030754432257789288,0.2634
0.026804813067220934,0.2635
0.02301652072641658,0.2636
0.019350941777958486,0.2637
0.016057671574069454,0.26380000000000003
0.013199078004010323,0.2639
0.010469397823002602,0.264
0.008113280539933543,0.2641
0.0063083827513472635,0.2642
0.005700091351131142,0.26430000000000003
0.006064626554866059,0.2644
0.006308527515673346,0.2645
0.006536073871882486,0.2646
0.00746797779602959,0.2647
0.009229144498319242,0.26480000000000004
0.011821508766392208,0.2649
0.014942923443315381,0.265
0.01835786110496418,0.2651
0.02224191825639732,0.2652
0.026648640165663817,0.26530000000000004
0.031467999904461585,0.2654
0.03661330134152618,0.2655
0.04198328246108107,0.2656
0.04745645124048359,0.2657
0.05291707796140854,0.26580000000000004
0.058351370091451304,0.2659
0.06375880332214201,0.266
0.06910119974476359,0.2661
0.07433813523117794,0.2662
0.07943094900500658,0.26630000000000004
0.0843456475724732,0.2664
0.08905433216025682,0.2665
0.0935324595302367,0.2666
0.09775715720237732,0.2667
0.10170542608391997,0.26680000000000004
0.10535373245995983,0.2669
0.10867836831046174,0.267
0.1116569359961127,0.2671
0.11427001159385763,0.2672
0.11650254032765561,0.26730000000000004
0.11834405768272316,0.2674
0.11978803695374962,0.2675
0.12083068577224443,0.2676
0.1214701197474154,0.2677
0.12170601842012874,0.26780000000000004
0.12153973523904893,0.2679
0.12040376212782478,0.268
0.11745803588051473,0.2681
0.11428722232353217,0.2682
0.11095012140562643,0.26830000000000004
0.10747235675082023,0.2684
0.10387008788772012,0.2685
0.10016411756704524,0.2686
0.09637865362510034,0.2687
0.09254325702049382,0.26880000000000004
0.0886900535102243,0.26890000000000003
0.08472742327943783,0.269
0.08068671118902981,0.2691
0.07669958054013637,0.2692
0.07280057883555657,0.26930000000000004
0.06901873180022455,0.26940000000000003
0.06530552469896023,0.2695
0.061505546710561854,0.2696
0.057824725435546176,0.2697
0.05402192961492869,0.26980000000000004
0.05040269632683114,0.26990000000000003
0.04694728173879237,0.27
0.0433665666930918,0.2701
0.039762043413854364,0.2702
0.036225759070493746,0.27030000000000004
0.032714447603260366,0.27040000000000003
0.029216021817012328,0.2705
0.025720045491612886,0.2706
0.022505920533190116,0.2707
0.019411762997367576,0.27080000000000004
0.016726798590068093,0.27090000000000003
0.014517165635754559,0.271
0.012595298659953347,0.2711
0.010872773943964242,0.2712
0.009680307983743974,0.2713
0.009136572216991379,0.27140000000000003
0.009305071203277393,0.2715
0.010196970707063935,0.2716
0.011708128945445928,0.2717
0.013226915761504365,0.2718
0.015228097399619056,0.27190000000000003
0.017619272002894037,0.272
0.020647158519015996,0.2721
0.02436767729813094,0.2722
0.02864792896786561,0.2723
0.03337588189810581,0.27240000000000003
0.03843377285058458,0.2725
0.04373231112780518,0.2726
0.04915332498773517,0.2727
0.05458570710973043,0.2728
0.06000048448677675,0.27290000000000003
0.06538348593654686,0.273
0.07068687359006154,0.2731
0.07586464878497223,0.2732
0.0808740502729175,0.2733
0.08567939091521781,0.27340000000000003
0.09025130308770435,0.2735
0.09456463411394744,0.2736
0.0985963124042103,0.2737
0.10232460388017395,0.2738
0.10572878082640735,0.27390000000000003
0.1087894759152569,0.274
0.11148888896786102,0.2741
0.11381120812112944,0.2742
0.11574302906591405,0.2743
0.11727390843060137,0.27440000000000003
0.11839679981484363,0.2745
0.11910817394250117,0.2746
0.1194077016368138,0.2747
0.1192975461495186,0.2748
0.11878155742437224,0.27490000000000003
0.11679227980192664,0.275
0.1136213615980397,0.2751
0.11026606259304184,0.2752
0.10677346989027825,0.2753
0.10316381725783819,0.27540000000000003
0.0994537399861144,0.2755
0.09566412255481571,0.2756
0.09182043240461779,0.2757
0.08795244771212607,0.2758
0.08390663748377758,0.27590000000000003
0.07984033832054815,0.276
0.07582061054915834,0.2761
0.07187923117771688,0.2762
0.06804360526930531,0.2763
0.06412487607142614,0.27640000000000003
0.060250832953308575,0.2765
0.0563270880648854,0.2766
0.05243956816796125,0.2767
0.048734633407135464,0.2768
0.04492576108511659,0.27690000000000003
0.04111014106689259,0.277
0.037237417062184974,0.2771
0.033428408107230245,0.2772
0.02956299007131369,0.2773
0.02567239015524292,0.27740000000000004
0.02191740081907234,0.2775
0.018369643660322232,0.2776
0.015213023827285843,0.2777
0.012507758297948257,0.2778
0.009850808373087716,0.27790000000000004
0.007638684859200717,0.278
0.00601332253313247,0.2781
0.0056869679995270594,0.2782
0.006381701803722883,0.2783
0.006559201120676761,0.27840000000000004
0.006997857120119688,0.2785
0.008171690308987678,0.2786
0.010179709087197342,0.2787
0.012991908142081066,0.2788
0.016298798334717368,0.27890000000000004
0.019865779030822317,0.279
0.023872042520669767,0.2791
0.028373988389568394,0.2792
0.03326366726267871,0.2793
0.038456319471139144,0.27940000000000004
0.04381217584304786,0.2795
0.049210309258670426,0.2796
0.054621877762786486,0.2797
0.06004024012312126,0.2798
0.06542310962166753,0.27990000000000004
0.07072896902982173,0.28
0.07591640519618703,0.2801
0.08094935548344306,0.2802
0.08579691747557683,0.2803
0.09043238771498685,0.28040000000000004
0.0948311323689568,0.2805
0.09896961394489012,0.2806
0.10282425349435553,0.2807
0.1063713922245828,0.2808
0.10958768459183421,0.28090000000000004
0.11245150387212044,0.281
0.11494448935071122,0.2811
0.1170527315214166,0.2812
0.11876689238242044,0.2813
0.12008137569256927,0.28140000000000004
0.12099314292833674,0.28150000000000003
0.12150085951325584,0.2816
0.12160468791936829,0.2817
0.12130641281757226,0.2818
0.11943332563608233,0.28190000000000004
0.11640237523922425,0.28200000000000003
0.1131676580677361,0.2821
0.1097764129606138,0.2822
0.10625022781503923,0.2823
0.10260737466285363,0.28240000000000004
0.09886967547076986,0.28250000000000003
0.0950632460892864,0.2826
0.09121836139416961,0.2827
0.08736707617867123,0.2828
0.08333052319423706,0.28290000000000004
0.07930339701472378,0.28300000000000003
0.07534204722219195,0.2831
0.07147830129444266,0.2832
0.06773948926512785,0.2833
0.06396359694355347,0.28340000000000004
0.06021120242572142,0.28350000000000003
0.05646858045488545,0.2836
0.052723157465821346,0.2837
0.04917435726750474,0.2838
0.045652125751411976,0.28390000000000004
0.04214441685578896,0.28400000000000003
0.03847150476897543,0.2841
0.0350197216464867,0.2842
0.031451547970196225,0.2843
0.02791302616951774,0.2844
0.024524665285663216,0.28450000000000003
0.021327581837849774,0.2846
0.018366917202573108,0.2847
0.015838220214321463,0.2848
0.01380038574735365,0.2849
0.011856183950224475,0.28500000000000003
0.010292939086656183,0.2851
0.009312407956886481,0.2852
0.009013627187161255,0.2853
0.009436245829328671,0.2854
0.010579358127297267,0.28550000000000003
0.012051467716831743,0.2856
0.013809700797281499,0.2857
0.016064592077893236,0.2858
0.018701241628729326,0.2859
0.021944069275136036,0.28600000000000003
0.025842806452552214,0.2861
0.030265565025255237,0.2862
0.035104149714138,0.2863
0.04024413522946291,0.2864
0.04559827662816507,0.28650000000000003
0.05104836475345431,0.2866
0.05648387824337053,0.2867
0.06188064926694581,0.2868
0.06722921904355439,0.2869
0.07248418115785038,0.28700000000000003
0.07760155060124785,0.2871
0.08254011907296555,0.2872
0.0872653856911848,0.2873
0.09174890079368336,0.2874
0.09596623560347739,0.28750000000000003
0.09989495074510824,0.2876
0.1035139150772112,0.2877
0.10680298717593639,0.2878
0.10974337340656182,0.2879
0.11231787399657978,0.28800000000000003
0.11451138156634821,0.2881
0.11631136186441704,0.2882
0.11770838248115734,0.2883
0.1186964301975959,0.2884
0.11927287408599863,0.28850000000000003
0.1194380521265459,0.2886
0.11919457648855203,0.2887
0.11854663413303312,0.2888
0.1157865921674538,0.2889
0.11254644456567298,0.28900000000000003
0.10914495372569932,0.2891
0.1056159015376642,0.2892
0.10197461944233266,0.2893
0.09823955245518368,0.2894
0.09443213023639307,0.28950000000000004
0.09057952768397393,0.2896
0.08667636740516727,0.2897
0.08260096848282583,0.2898
0.07854696914592474,0.2899
0.07455081110653927,0.29000000000000004
0.07064246321638357,0.2901
0.06683638264217218,0.2902
0.06287510399068941,0.2903
0.05904803148434068,0.2904
0.055067636473172143,0.29050000000000004
0.05123536473079038,0.2906
0.04755005676773405,0.2907
0.04372959019498923,0.2908
0.039854992899557073,0.2909
0.036056634169541635,0.29100000000000004
0.0322056794525698,0.2911
0.02831499582251773,0.2912
0.024525294013333365,0.2913
0.020848480989467122,0.2914
0.017434465873485294,0.29150000000000004
0.014427814552944618,0.2916
0.011852044646141868,0.2917
0.009330998162360604,0.2918
0.007273158279425873,0.2919
0.005869999672156956,0.29200000000000004
0.005705235243712137,0.2921
0.0064637857384350905,0.2922
0.006748504102262798,0.2923
0.00739440312438866,0.2924
0.008796360989286045,0.29250000000000004
0.011028935139145046,0.2926
0.013837118222763012,0.2927
0.017000990569707275,0.2928
0.020686055455887864,0.2929
0.024933847080182536,0.29300000000000004
0.029626603649562933,0.2931
0.03467397499813796,0.2932
0.03997461440156491,0.2933
0.04540794747016119,0.2934
0.050857880206250705,0.29350000000000004
0.05630481651970487,0.2936
0.06174261252187685,0.2937
0.06712986639086271,0.2938
0.07242359274382859,0.2939
0.07758311164402909,0.29400000000000004
0.0825728096964139,0.29410000000000003
0.08736341075311116,0.2942
0.09192933002714587,0.2943
0.09624722450506351,0.2944
0.1002943747681968,0.29450000000000004
0.10404820249076219,0.29460000000000003
0.10748606214487844,0.2947
0.11058597522879987,0.2948
0.11332772304922356,0.2949
0.11569433347952718,0.29500000000000004
0.11767295226539631,0.29510000000000003
0.11925503041723273,0.2952
0.12043556782687193,0.2953
0.12121219639402137,0.2954
0.12158438469600497,0.29550000000000004
0.12155318477924482,0.29560000000000003
0.12112112941430864,0.2957
0.11843467074221392,0.2958
0.11532244638040767,0.2959
0.11203115704017474,0.29600000000000004
0.10859371573481225,0.29610000000000003
0.10502605526192099,0.2962
0.10134814342484377,0.2963
0.09758263239444176,0.2964
0.0937578699265591,0.29650000000000004
0.0899053094649851,0.29660000000000003
0.08600423763041842,0.2967
0.08195434114273015,0.2968
0.07794560773063752,0.2969
0.07401385728775756,0.29700000000000004
0.0701889331564799,0.29710000000000003
0.0664969711756701,0.2972
0.06266764193246621,0.2973
0.05896570870547113,0.2974
0.055166825365718264,0.2975
0.05148059845837105,0.29760000000000003
0.04800376445574939,0.2977
0.04441701327164305,0.2978
0.04085908975108099,0.2979
0.0372410146838178,0.298
0.03375658353388311,0.29810000000000003
0.030248819660623205,0.2982
0.02666365794391834,0.2983
0.023379302677044356,0.2984
0.02018179895517269,0.2985
0.01735108776893024,0.29860000000000003
0.014979489418017078,0.2987
0.013025082039823888,0.2988
0.011147173911714603,0.2989
0.009764160186108928,0.299
0.009007121550375308,0.29910000000000003
0.008955651135152287,0.2992
0.0096307269450433,0.2993
0.011020145123787017,0.2994
0.012450973217818628,0.2995
0.014449192462205884,0.29960000000000003
0.01695368278558096,0.2997
0.019827679483441107,0.2998
0.02327562667414984,0.2999
0.027342546306933446,0.3
0.03189824994727797,0.30010000000000003
0.03683858309725552,0.3002
0.042052585274729326,0.3003
0.04741761012366785,0.3004
0.052815345757156074,0.3005
0.05821540036189665,0.30060000000000003
0.0636009052149028,0.3007
0.06892487421802174,0.3008
0.07413991348134108,0.3009
0.07920229380902277,0.301
0.08407433812653131,0.30110000000000003
0.0887252710387112,0.3012
0.09312838993418238,0.3013
0.09725959328562062,0.3014
0.10109607988584668,0.3015
0.1046163257000613,0.30160000000000003
0.10780013016786039,0.3017
0.11062900761063987,0.3018
0.11308638902752965,0.3019
0.11515808013503515,0.302
0.11683263154471446,0.30210000000000004
0.11810181984050316,0.3022
0.11896077209296851,0.3023
0.11940785200791348,0.3024
0.1194441151308333,0.3025
0.11907268287261741,0.30260000000000004
0.11791308534349754,0.3027
0.11482183199902374,0.3028
0.11152089298454193,0.3029
0.1080723629364354,0.303
0.10450232405265325,0.30310000000000004
0.10082563268611255,0.3032
0.09706223097559297,0.3033
0.09323525217708883,0.3034
0.08937326444795957,0.3035
0.08540302699600011,0.30360000000000004
0.08133037974922053,0.3037
0.07729136531493785,0.3038
0.07332019075724494,0.3039
0.06944531815024158,0.304
0.06558981606256986,0.30410000000000004
0.061667848454210805,0.3042
0.05780358758794413,0.3043
0.05385856929131516,0.3044
0.05008419053869573,0.3045
0.046348236574047075,0.30460000000000004
0.04259221245817213,0.3047
0.03867230133698385,0.3048
0.03493622439309996,0.3049
0.031069705962696093,0.305
0.027157498046530337,0.30510000000000004
0.023425987400543358,0.3052
0.019758740070353387,0.3053
0.016455760314374457,0.3054
0.013584559913497163,0.3055
0.010953599838685157,0.30560000000000004
0.008581751308979868,0.3057
0.00673036336769961,0.3058
0.005769314270973158,0.3059
0.005800985058444841,0.306
0.006315589825195422,0.30610000000000004
0.006701213412076967,0.3062
0.007583221523378647,0.3063
0.009260629923154129,0.3064
0.011766401460950426,0.3065
0.014818113295564261,0.30660000000000004
0.018186262599953595,0.30670000000000003
0.022041527672028494,0.3068
0.02643095436862586,0.3069
0.03123993274154535,0.307
0.03637938198406898,0.30710000000000004
0.0417477255044143,0.30720000000000003
0.0472237924977037,0.3073
0.05269183335382022,0.3074
0.05813634067791407,0.3075
0.0635551504888272,0.30760000000000004
0.06890920535927403,0.30770000000000003
0.07415748173392023,0.3078
0.07926095347516171,0.3079
0.08418537098353651,0.308
0.0889025633236934,0.30810000000000004
0.0933876979365088,0.30820000000000003
0.09761774559077274,0.3083
0.1015698710978914,0.3084
0.10522113235637975,0.3085
0.10854867544194202,0.30860000000000004
0.11153087028794872,0.30870000000000003
0.11414859931176813,0.3088
0.11638653925570752,0.3089
0.11823357251417488,0.309
0.11968251593481272,0.30910000000000004
0.12072920146264565,0.30920000000000003
0.12137169768981437,0.3093
0.12160979409286177,0.3094
0.12144491853808503,0.3095
0.12035878275689826,0.30960000000000004
0.11740841943666924,0.30970000000000003
0.11423252101969839,0.3098
0.11089083117758436,0.3099
0.10740923409344194,0.31
0.10380371519314935,0.31010000000000004
0.10009505928215978,0.31020000000000003
0.09630736750718472,0.3103
0.09247010618168838,0.3104
0.08861525213966004,0.3105
0.08465053542108425,0.3106
0.08060847528297765,0.31070000000000003
0.07661950670932771,0.3108
0.07271799186593919,0.3109
0.06893289888169074,0.311
0.06521154130418971,0.3111
0.06140687839489867,0.31120000000000003
0.05771489733812585,0.3113
0.05390623344528089,0.3114
0.05028118444416485,0.3115
0.04680612378805771,0.3116
0.043218154889393956,0.31170000000000003
0.03958840135886854,0.3118
0.0360435963578698,0.3119
0.0325002075823686,0.312
0.028966490431356462,0.3121
0.025461653478148882,0.31220000000000003
0.02221527498628295,0.3123
0.01911529292023717,0.3124
0.016428140566146388,0.3125
0.014218581410519127,0.3126
0.012256216414728849,0.31270000000000003
0.010532974216275193,0.3128
0.009351054337744635,0.3129
0.00882691070037378,0.313
0.009020780662067018,0.3131
0.009941792411862105,0.31320000000000003
0.011408924248937025,0.3133
0.012954287340811055,0.3134
0.015197765836402866,0.3135
0.017946866370395442,0.3136
0.02104264019727964,0.31370000000000003
0.024677869271472863,0.3138
0.028896009445796178,0.3139
0.033569721851225864,0.314
0.03859861516276908,0.3141
0.04387451420365207,0.31420000000000003
0.049274972347620016,0.3143
0.054682173790771005,0.3144
0.06007058254581443,0.3145
0.065428022184012,0.3146
0.07070976043348864,0.31470000000000004
0.0758702978768716,0.3148
0.08086741554251653,0.3149
0.08566465127933143,0.315
0.09023222447613155,0.3151
0.09454423327273398,0.31520000000000004
0.09857724806655699,0.3153
0.10230905368503607,0.3154
0.10571864705386336,0.3155
0.10878631197501365,0.3156
0.11149407781072207,0.31570000000000004
0.11382601865884223,0.3158
0.11576878479121877,0.3159
0.11731195289242291,0.316
0.11844838636246957,0.3161
0.11917418835119942,0.31620000000000004
0.11948846540081992,0.3163
0.11939276508819907,0.3164
0.11889053779939174,0.3165
0.11694123641464693,0.3166
0.11377676766042477,0.31670000000000004
0.11042554548872319,0.3168
0.10693636226547376,0.3169
0.10333042456747155,0.317
0.09962447781749628,0.3171
0.09583911238810994,0.31720000000000004
0.09199926093997879,0.3173
0.08813426462778529,0.3174
0.08410029611352976,0.3175
0.08003525807102141,0.3176
0.07601535941190218,0.31770000000000004
0.07207276015459363,0.3178
0.06823515022055571,0.3179
0.06432998360831865,0.318
0.060453820344302245,0.3181
0.05654557116958303,0.31820000000000004
0.052656273971763534,0.3183
0.04894890226920068,0.3184
0.045166121600823894,0.3185
0.04138180406430547,0.3186
0.03751062652639292,0.31870000000000004
0.033737581282465845,0.31880000000000003
0.029910756715639586,0.3189
0.02602232607260202,0.319
0.022349107967404525,0.3191
0.018807103315364948,0.31920000000000004
0.015645421436427664,0.31930000000000003
0.01292883509528675,0.3194
0.010405447392297873,0.3195
0.008172668315833853,0.3196
0.006484293690823595,0.31970000000000004
0.005756038391925289,0.31980000000000003
0.00591524172990554,0.3199
0.006438197321001038,0.32
0.006958354146096246,0.3201
0.008047838927808693,0.32020000000000004
0.009946389771849029,0.32030000000000003
0.01266246281397665,0.3204
0.015900129508125804,0.3205
0.019426799098027026,0.3206
0.02341569273380162,0.32070000000000004
0.027915744207591464,0.32080000000000003
0.03281344961491417,0.3209
0.03802042342577083,0.321
0.04343577484124417,0.3211
0.04893873540246885,0.32120000000000004
0.05441455358555691,0.32130000000000003
0.059850919345104114,0.3214
0.065248397188293,0.3215
0.07056908695427078,0.3216
0.07577278112199781,0.32170000000000004
0.08082111413738702,0.32180000000000003
0.0856804835265097,0.3219
0.09032335592535301,0.322
0.09472547326187064,0.3221
0.0988642893885302,0.32220000000000004
0.10271743312816384,0.32230000000000003
0.10626252154939131,0.3224
0.10947749169641385,0.3225
0.11234177439443782,0.3226
0.11483750983122554,0.32270000000000004
0.11695063592956234,0.32280000000000003
0.11867109913211493,0.3229
0.11999246124247798,0.323
0.1209110062099823,0.3231
0.12142508817442277,0.32320000000000004
0.12153476403845165,0.32330000000000003
0.121241794421449,0.3234
0.11937675291649985,0.3235
0.1163454101971636,0.3236
0.1131111320411291,0.32370000000000004
0.10972133295079489,0.32380000000000003
0.10619736013051206,0.3239
0.10255702611620932,0.324
0.09882171046383847,0.3241
0.09501722332012652,0.3242
0.0911737711197147,0.32430000000000003
0.08732354007836618,0.3244
0.08329498836464977,0.3245
0.07926979851890337,0.3246
0.07530986941244489,0.3247
0.07144695271454626,0.32480000000000003
0.06770819252273064,0.3249
0.06393654750311784,0.325
0.060181958264638014,0.3251
0.0564375157125625,0.3252
0.052686405619899235,0.32530000000000003
0.04913074312428112,0.3254
0.04559300242161379,0.3255
0.04207538472924588,0.3256
0.03837686067101442,0.3257
0.03491242152788043,0.32580000000000003
0.03130885367734937,0.3259
0.02773065564014976,0.326
0.024329153290927774,0.3261
0.0210954755835282,0.3262
0.018125659496319724,0.32630000000000003
0.015591749474864303,0.3264
0.01355079331810538,0.3265
0.011565944709421405,0.3266
0.009998257416786727,0.3267
0.009024254500717532,0.32680000000000003
0.008740022097536881,0.3269
0.009181420979324173,0.327
0.010345725988174737,0.3271
0.011778305874579509,0.3272
0.013555528145434259,0.32730000000000004
0.01583713167188172,0.3274
0.018504644168751527,0.3275
0.021777620211785198,0.3276
0.02570352916136942,0.3277
0.030149714295142793,0.32780000000000004
0.035008127323332916,0.3279
0.040164756863398265,0.328
0.04553271363054412,0.3281
0.05099388981097741,0.3282
0.05643795162246179,0.32830000000000004
0.061841511086242695,0.3284
0.06719592776183847,0.3285
0.07245632625347165,0.3286
0.0775791775251986,0.3287
0.0825236263590412,0.32880000000000004
0.08725541920932023,0.3289
0.09174626194768865,0.329
0.09597180591254162,0.3291
0.0999096408695146,0.3292
0.10353862876974829,0.32930000000000004
0.10683858825902903,0.3294
0.10979065344700412,0.3295
0.11237753150355778,0.3296
0.11458402620489783,0.3297
0.11639754517854495,0.32980000000000004
0.11780863720758217,0.3299
0.1188112924322452,0.33
0.11940287115884107,0.3301
0.11958366115983843,0.3302
0.1193561747076245,0.33030000000000004
0.11872446413036697,0.3304
0.11597149083927383,0.3305
0.11273865399442995,0.3306
0.1093432100552979,0.3307
0.10581894309891715,0.33080000000000004
0.10218122238764793,0.3309
0.09844857645919514,0.331
0.09464252145424279,0.3311
0.09079033268461323,0.3312
0.08690057087179104,0.33130000000000004
0.08282530720653025,0.33140000000000003
0.07877030640475136,0.3315
0.07477239733705654,0.3316
0.07086177492769297,0.3317
0.06706485307840204,0.33180000000000004
0.06311426456444702,0.33190000000000003
0.05928443114792059,0.332
0.055329610209276625,0.3321
0.05149441157535106,0.3322
0.04783966778632909,0.33230000000000004
0.04401529797700965,0.33240000000000003
0.04017305879902344,0.3325
0.03636909481021289,0.3326
0.032551042473227376,0.3327
0.028691748751868085,0.33280000000000004
0.02489222453739015,0.33290000000000003
0.021236754396748214,0.333
0.01780795807111324,0.3331
0.014780662927657673,0.3332
0.012215227844020404,0.33330000000000004
0.009696282449596971,0.33340000000000003
0.007609845509559676,0.3335
0.006119662818399041,0.3336
0.005729279804723486,0.3337
0.006272212408676259,0.33380000000000004
0.006791198299110679,0.33390000000000003
0.007393745774326943,0.334
0.008730178119179977,0.3341
0.010888375182752652,0.3342
0.013840623619304937,0.33430000000000004
0.0172759291232103,0.33440000000000003
0.020961176219119082,0.3345
0.025073902856039165,0.3346
0.02966771840914073,0.3347
0.0346327424266657,0.33480000000000004
0.03988340112208055,0.33490000000000003
0.0452799159559123,0.335
0.05070198620028443,0.3351
0.05612287508339442,0.3352
0.061537707410769915,0.33530000000000004
0.06690495103789063,0.33540000000000003
0.07218359876459712,0.3355
0.07733270634227751,0.3356
0.08231672171286308,0.3357
0.08710525527126689,0.33580000000000004
0.09167202529215002,0.33590000000000003
0.09599271870145532,0.336
0.10004415746134554,0.3361
0.10380337403061646,0.3362
0.10724774035542639,0.33630000000000004
0.11035532287897032,0.33640000000000003
0.11310604715331118,0.3365
0.11548290375131665,0.3366
0.11747289973545316,0.3367
0.11906716358603586,0.33680000000000004
0.12026030452795933,0.33690000000000003
0.12104946178677545,0.337
0.12143358801333781,0.3371
0.12141323178495378,0.3372
0.12099058361721393,0.3373
0.11841717859832834,0.33740000000000003
0.11530624243269527,0.3375
0.11201311681501913,0.3376
0.10857379376554199,0.3377
0.10500564978647009,0.3378
0.10132855489566395,0.33790000000000003
0.09756484222898087,0.338
0.09374213249774455,0.3381
0.08989127947388953,0.3382
0.08599243317129401,0.3383
0.08194274462625117,0.33840000000000003
0.0779329630268053,0.3385
0.073998889266913,0.3386
0.07017040026000454,0.3387
0.0664737247498487,0.3388
0.06263511066361616,0.33890000000000003
0.058926513678988934,0.339
0.05511524604522222,0.3391
0.05142152721522231,0.3392
0.04793741861710621,0.3393
0.04433435297926347,0.33940000000000003
0.04075979094695925,0.3395
0.037135223209417756,0.3396
0.03363257044916046,0.3397
0.030118039759321924,0.3398
0.02651163505676246,0.33990000000000004
0.02321923229770806,0.34
0.019998279424560783,0.3401
0.017158877552013507,0.3402
0.014780517472251509,0.3403
0.012796265997592204,0.34040000000000004
0.010911495959607276,0.3405
0.00952752925610767,0.3406
0.008774778394166516,0.3407
0.008731810203052026,0.3408
0.009418708960504008,0.34090000000000004
0.010821585145923684,0.341
0.01221069167959521,0.3411
0.014221675550608825,0.3412
0.01674520598990137,0.3413
0.019641235659621836,0.34140000000000004
0.023110217483305773,0.3415
0.02719570213004663,0.3416
0.03176723091567446,0.3417
0.036721030998470905,0.3418
0.04194663442751856,0.34190000000000004
0.047321554782088215,0.342
0.052727584458978294,0.3421
0.058134894768671064,0.3422
0.06352718308257,0.3423
0.06885776616954231,0.34240000000000004
0.07407951717692274,0.3425
0.07914894046843501,0.3426
0.0840285675453627,0.3427
0.08868781175057139,0.3428
0.09310012745542517,0.34290000000000004
0.09724152802735953,0.343
0.10108927294019354,0.3431
0.104621834285473,0.3432
0.10781894156392091,0.3433
0.11066198498217084,0.34340000000000004
0.11313424372002212,0.3435
0.11522137562310586,0.3436
0.11691181112183213,0.3437
0.11819723978672236,0.3438
0.11907272274826464,0.34390000000000004
0.11953656000561508,0.34400000000000003
0.11958973317198796,0.3441
0.11923528009878093,0.3442
0.11807782484892437,0.3443
0.11499678203669095,0.34440000000000004
0.11170524421410577,0.34450000000000003
0.10826503991183278,0.3446
0.10470214210551776,0.3447
0.10103143539814108,0.3448
0.09727287664429884,0.34490000000000004
0.09344963731542733,0.34500000000000003
0.08959031414734064,0.3451
0.08563817052815526,0.3452
0.08156745908541851,0.3453
0.07752883738855887,0.34540000000000004
0.07355697402702432,0.34550000000000003
0.06968062284714904,0.3456
0.0658485325779622,0.3457
0.061925134482441635,0.3458
0.05808575326181442,0.34590000000000004
0.05413821807694008,0.34600000000000003
0.0503593448073103,0.3461
0.04665320751260649,0.3462
0.042892836896607056,0.3463
0.039003696355834894,0.34640000000000004
0.035276075501799786,0.34650000000000003
0.03142286647077763,0.3466
0.027541604731556646,0.3467
0.023836946638287948,0.3468
0.020207037721593935,0.34690000000000004
0.016896167584024013,0.34700000000000003
0.014008211726843411,0.3471
0.011497900696117336,0.3472
0.009097757409853857,0.3473
0.007182000181599202,0.34740000000000004
0.005910380598237008,0.34750000000000003
0.005735789557383075,0.3476
0.006465631461381349,0.3477
0.0069881160685891786,0.3478
0.007811818933112891,0.34790000000000004
0.009395403808908798,0.34800000000000003
0.011798065088081788,0.3481
0.014759656342871352,0.3482
0.018058697474363283,0.3483
0.021862183940692947,0.34840000000000004
0.026211534749867704,0.34850000000000003
0.03098824598360661,0.3486
0.03610148125028734,0.3487
0.04144992447754148,0.3488
0.04691310430833462,0.34890000000000004
0.05237556266604848,0.34900000000000003
0.057820174481318265,0.3491
0.06324301195453641,0.3492
0.06860380051357784,0.3493
0.0738605079361423,0.34940000000000004
0.07897329112102758,0.34950000000000003
0.08390725596769211,0.3496
0.08863369161546886,0.3497
0.09312738811662757,0.3498
0.09736523198741709,0.34990000000000004
0.10132471888203998,0.35000000000000003
0.10498363929156473,0.3501
0.10832000823693755,0.3502
0.11131280964730372,0.3503
0.1139429581022885,0.3504
0.11619456596967348,0.35050000000000003
0.11805563820637499,0.3506
0.11951821554085806,0.3507
0.12057771226101666,0.3508
0.1212321368955005,0.3509
0.12148138028927535,0.35100000000000003
0.1213269530656702,0.3511
0.12037488137884123,0.3512
0.1174271008588087,0.3513
0.11425124135227538,0.3514
0.11090936226659664,0.35150000000000003
0.10742813725689249,0.3516
0.10382320097836373,0.3517
0.10011526954891836,0.3518
0.0963281384421022,0.3519
0.09249106967909848,0.35200000000000004
0.08863587197799894,0.3521
0.08467013736385554,0.3522
0.08062796898380609,0.3523
0.076638076606802,0.3524
0.07273401947983849,0.35250000000000004
0.0689440501918176,0.3526
0.06521300349201975,0.3527
0.061399126919610136,0.3528
0.0576912063709798,0.3529
0.05387277116615152,0.35300000000000004
0.05023841162447207,0.3531
0.04674301718331053,0.3532
0.04314628576119861,0.3533
0.039496214516953954,0.3534
0.035942955369698604,0.35350000000000004
0.032377579866651685,0.3536
0.028820535398494274,0.3537
0.025306347206819346,0.3538
0.02203656377787011,0.3539
0.018927187012657276,0.35400000000000004
0.016231943569546825,0.3541
0.014014931600132785,0.3542
0.012019793207203033,0.3543
0.01028837371748037,0.3544
0.009105279561978596,0.35450000000000004
0.008585868535661456,0.3546
0.008788635444284987,0.3547
0.009721555040284047,0.3548
0.011155036778241145,0.3549
0.01271081602752222,0.35500000000000004
0.014971355473432535,0.3551
0.017741686454423977,0.3552
0.020859038270707675,0.3553
0.024514252037761475,0.3554
0.02875000813654882,0.35550000000000004
0.03343893268935516,0.3556
0.038480896181396274,0.3557
0.04376800370240308,0.3558
0.04917792268327292,0.3559
0.054593020072957854,0.35600000000000004
0.0599883590569803,0.3561
0.06535237207816103,0.3562
0.07064070290951108,0.3563
0.0758081576668268,0.3564
0.0808127439862446,0.35650000000000004
0.08561816305884395,0.35660000000000003
0.09019475261467058,0.3567
0.09451669762899473,0.3568
0.09856063069425713,0.3569
0.10230437205119092,0.35700000000000004
0.10572691421983249,0.35710000000000003
0.10880848883398231,0.3572
0.11153102948265947,0.3573
0.11387849274428441,0.3574
0.11583741547476167,0.35750000000000004
0.11739728172140007,0.35760000000000003
0.11855088002811398,0.3577
0.11929424066070216,0.3578
0.1196263834340423,0.3579
0.11954875251509334,0.35800000000000004
0.11906468811245374,0.35810000000000003
0.11714959535250968,0.3582
0.11399527738883197,0.3583
0.11065220012741861,0.3584
0.10716958974659396,0.35850000000000004
0.10356885734409826,0.35860000000000003
0.09986676038329412,0.3587
0.09608393440041452,0.3588
0.09224532050947543,0.3589
0.08838030241433958,0.35900000000000004
0.08436180611993827,0.35910000000000003
0.08029569862235031,0.3592
0.07627309741474642,0.3593
0.07232666992150938,0.3594
0.06848441658299309,0.35950000000000004
0.0645993624318617,0.35960000000000003
0.06071864825187334,0.3597
0.056832313887436925,0.3598
0.05293755693035007,0.3599
0.049222748965291885,0.36000000000000004
0.04546812148835233,0.36010000000000003
0.04171331584139781,0.3602
0.037834692221989874,0.3603
0.03408978070252111,0.3604
0.03029003996077706,0.36050000000000004
0.02638975378382069,0.36060000000000003
0.022734120481346487,0.3607
0.019175769615719096,0.3608
0.015992542149809053,0.3609
0.013250880020601485,0.36100000000000004
0.010762738184393328,0.36110000000000003
0.008507505198494636,0.3612
0.0067782282637693925,0.3613
0.005821946165400327,0.3614
0.005804628999921624,0.36150000000000004
0.006457789771722844,0.36160000000000003
0.007093596892080889,0.3617
0.008141435649421824,0.3618
0.009974301142420039,0.3619
0.012619149957078024,0.36200000000000004
0.015795279946165364,0.36210000000000003
0.019275293327952747,0.3622
0.02322992094332288,0.3623
0.027704335449458828,0.3624
0.032582288006146376,0.36250000000000004
0.03777399391543046,0.36260000000000003
0.043178456267705556,0.3627
0.04867511302591088,0.3628
0.05414920018766045,0.3629
0.05958727589335466,0.36300000000000004
0.06498881291851466,0.36310000000000003
0.07031529579224327,0.3632
0.07552608849453646,0.3633
0.08058251407977379,0.3634
0.08545070060622484,0.3635
0.0901028249579694,0.36360000000000003
0.0945143482736771,0.3637
0.09866255309925631,0.3638
0.10252510142056925,0.3639
0.10607987453975087,0.364
0.10930517079832591,0.36410000000000003
0.11218066487520573,0.3642
0.11468842652928801,0.3643
0.11681399386560454,0.3644
0.11854674742429239,0.3645
0.1198797719175867,0.36460000000000004
0.12080912448274372,0.3647
0.12133317992748538,0.3648
0.12145212273630701,0.3649
0.12116780827402185,0.365
0.11941175735843002,0.36510000000000004
0.11638389730923271,0.3652
0.11315080534065813,0.3653
0.10976171562009862,0.3654
0.10623854310765812,0.3655
0.10259872269362669,0.36560000000000004
0.09886349963805574,0.3657
0.09505840114635988,0.3658
0.09121348717535205,0.3659
0.08736084069674355,0.366
0.08333243585541605,0.36610000000000004
0.07930327776997137,0.3662
0.07533807871931397,0.3663
0.07146867871510498,0.3664
0.06772234677516975,0.3665
0.06394198975929355,0.36660000000000004
0.060178436042951367,0.3667
0.05642280256959076,0.3668
0.052661736993889985,0.3669
0.0490956552950188,0.367
0.04554182046178723,0.36710000000000004
0.042010263698999184,0.3672
0.03829648632076088,0.3673
0.03481435984372161,0.3674
0.031195088554086592,0.3675
0.027593009210706176,0.36760000000000004
0.02417883276837185,0.3677
0.020920420433907072,0.3678
0.01793841666488749,0.3679
0.015393876133901419,0.368
0.013343292183932265,0.36810000000000004
0.011327082416126233,0.3682
0.009749390989923112,0.3683
0.008772651357335404,0.3684
0.008491699234004502,0.3685
0.008940275024828859,0.36860000000000004
0.010114345024922144,0.3687
0.011511437087692089,0.3688
0.013296966105284636,0.3689
0.015593699655923166,0.369
0.018280685219587367,0.36910000000000004
0.021573771275056774,0.36920000000000003
0.025518615937679234,0.3693
0.029981874854188018,0.3694
0.034855537883653254,0.3695
0.04002586542490816,0.36960000000000004
0.0454062049091053,0.36970000000000003
0.050878502540206316,0.3698
0.05633252320139537,0.3699
0.0617453672229471,0.37
0.06710890191102292,0.37010000000000004
0.07237855842593532,0.37020000000000003
0.07751106303347322,0.3703
0.08246575747073903,0.3704
0.08720853323606748,0.3705
0.09171119887340873,0.37060000000000004
0.09594946758603684,0.37070000000000003
0.09990095298828727,0.3708
0.10354450115207936,0.3709
0.10685987137135233,0.371
0.10982809621784906,0.37110000000000004
0.11243175215445833,0.37120000000000003
0.1146555070051345,0.3713
0.11648665197839758,0.3714
0.1179156506299609,0.3715
0.11893643194282322,0.37160000000000004
0.11954629894507407,0.37170000000000003
0.11974546763874083,0.3718
0.1195363584317003,0.3719
0.1189229202880091,0.372
0.11618698746845824,0.37210000000000004
0.11296285174832887,0.37220000000000003
0.10957452809703505,0.3723
0.10605594291276577,0.3724
0.10242253560685699,0.3725
0.09869286197780192,0.37260000000000004
0.09488848224643787,0.37270000000000003
0.09103671579387085,0.3728
0.0871641467511548,0.3729
0.08308829139200868,0.373
0.07903101878175967,0.37310000000000004
0.07502965610675782,0.37320000000000003
0.07111470012507093,0.3733
0.06731262998924126,0.3734
0.06338460691139791,0.3735
0.05954937163489693,0.37360000000000004
0.055617466390500914,0.37370000000000003
0.05177457617684511,0.3738
0.04812316780246384,0.3739
0.044315961067042275,0.374
0.04050923164981879,0.37410000000000004
0.036698780045919754,0.37420000000000003
0.03291550047592939,0.3743
0.02908739152611539,0.3744
0.02527334763370792,0.3745
0.021635108719836982,0.37460000000000004
0.01818592743167291,0.37470000000000003
0.015132603136187583,0.3748
0.012537646101772548,0.3749
0.010057088236519185,0.375
0.007945372019655395,0.37510000000000004
0.006408150510866406,0.37520000000000003
0.005779007970736494,0.3753
0.005999524236217191,0.3754
0.006682021710918917,0.3755
0.007330163619215124,0.37560000000000004
0.008601150320971085,0.37570000000000003
0.01068044539339863,0.3758
0.013562706615443343,0.3759
0.016945190440621927,0.376
0.020596060478311307,0.37610000000000005
0.024689636833269413,0.37620000000000003
0.029275305657935125,0.3763
0.03423992490882655,0.3764
0.03949566407816629,0.3765
0.04490217516408124,0.3766
0.05033863102544256,0.37670000000000003
0.05577633575838803,0.3768
0.061208766828009575,0.3769
0.06659389592651466,0.377
0.07189041879617797,0.3771
0.0770572823674176,0.37720000000000004
0.08205889982931758,0.3773
0.08686482741819823,0.3774
0.09144865914262379,0.3775
0.09578588138958455,0.3776
0.09985312244245748,0.37770000000000004
0.10362735748038543,0.3778
0.10708614016858597,0.3779
0.1102079254386541,0.378
0.11297306751507086,0.3781
0.11536480238766811,0.37820000000000004
0.11737007754930795,0.3783
0.11897970699211469,0.3784
0.12018792075954321,0.3785
0.12099159420499739,0.3786
0.12138959243215319,0.37870000000000004
0.1213824725130428,0.3788
0.12097240636921269,0.3789
0.11847736161704991,0.379
0.11536963726414606,0.3791
0.11207771166828606,0.37920000000000004
0.10863893537595093,0.3793
0.10507111853603845,0.3794
0.10139390103644819,0.3795
0.09762956815819412,0.3796
0.0938055967867446,0.37970000000000004
0.08995279269645307,0.3798
0.08606068632063801,0.3799
0.08200875621593773,0.38
0.07799552834355639,0.3801
0.07405691422305882,0.38020000000000004
0.07022279741553894,0.3803
0.06651932700276975,0.3804
0.06268281863623171,0.3805
0.05896550362795416,0.3806
0.05515254278513071,0.38070000000000004
0.051447322699132325,0.3808
0.047950276134930414,0.3809
0.04433753808027574,0.381
0.040749079705886926,0.3811
0.03710885211691983,0.38120000000000004
0.033585362921321416,0.38130000000000003
0.030049544863408828,0.3814
0.026421603821092043,0.3815
0.02311140943967871,0.3816
0.01986183183712864,0.38170000000000004
0.01700466004767076,0.38180000000000003
0.014609995495306727,0.3819
0.012596417495640333,0.382
0.010696062338879875,0.3821
0.009299998472725335,0.38220000000000004
0.008538898024824881,0.38230000000000003
0.008491440237683445,0.3824
0.009177522622499268,0.3825
0.010582161284613756,0.3826
0.011935118624825325,0.38270000000000004
0.013948182156656497,0.38280000000000003
0.016480258031288608,0.3829
0.01938904176806089,0.383
0.02287182294685497,0.3831
0.026970721348538174,0.38320000000000004
0.03155474420499682,0.38330000000000003
0.036520157124888764,0.3834
0.04175671003548431,0.3835
0.04714200036766192,0.3836
0.05255788269867123,0.38370000000000004
0.05797483946818227,0.38380000000000003
0.06337692077994594,0.3839
0.06871768564294523,0.384
0.07395022687529285,0.3841
0.07903123307185766,0.38420000000000004
0.08392337786016957,0.38430000000000003
0.08859617606283399,0.3844
0.09302314027975978,0.3845
0.0971803006593891,0.3846
0.10104489238637526,0.38470000000000004
0.10459532149381678,0.38480000000000003
0.10781121250071568,0.3849
0.11067382195701925,0.385
0.11316628591341549,0.3851
0.11527413127329933,0.38520000000000004
0.1169856846136712,0.38530000000000003
0.11829255903262181,0.3854
0.11918975296298595,0.3855
0.1196754982045043,0.3856
0.11975068889662888,0.38570000000000004
0.11941825424222352,0.38580000000000003
0.11831004097292486,0.3859
0.1152399792316029,0.386
0.11195701070302189,0.3861
0.10852359155471825,0.38620000000000004
0.10496595579593071,0.38630000000000003
0.10129896727572296,0.3864
0.09754263417490883,0.3865
0.0937201318027282,0.3866
0.0898601101117481,0.38670000000000004
0.08592567385478567,0.38680000000000003
0.08185319149987991,0.3869
0.07781093022362928,0.387
0.07383412856414329,0.3871
0.06995188196956514,0.38720000000000004
0.06614258261540418,0.38730000000000003
0.06221333746367752,0.3874
0.05839868283100391,0.3875
0.05444406207655961,0.3876
0.05065575144741108,0.38770000000000004
0.04698002844637639,0.38780000000000003
0.043210430677096845,0.3879
0.039353162334411884,0.388
0.0356136936937248,0.3881
0.03179166762139429,0.38820000000000005
0.02793926958473314,0.38830000000000003
0.02421737959319814,0.3884
0.020603797307439997,0.3885
0.017269637958157613,0.3886
0.014351588643767732,0.38870000000000005
0.01186496973126494,0.38880000000000003
0.009436126373066234,0.3889
0.007476856179409408,0.389
0.006135141689612267,0.3891
0.005766745148761743,0.38920000000000005
0.006272270590200302,0.38930000000000003
0.006990079522213977,0.3894
0.007757548145350235,0.3895
0.00926625169801687,0.3896
0.011588394391828016,0.38970000000000005
0.014482711542238791,0.38980000000000004
0.017730707734759044,0.3899
0.021499128268172463,0.39
0.025826206653808637,0.3901
0.03059008876890279,0.3902
0.03569770249973936,0.39030000000000004
0.041046316167645536,0.3904
0.04651514123678191,0.3905
0.051988222368920534,0.3906
0.057446661155620804,0.3907
0.06288500571091427,0.39080000000000004
0.068262405196022,0.3909
0.07353642275984607,0.391
0.07866696178565746,0.3911
0.08361894705442408,0.3912
0.08836350947535676,0.39130000000000004
0.09287529639474101,0.3914
0.09713108077330335,0.3915
0.10110831897251382,0.3916
0.10478487868146147,0.3917
0.10813896738643569,0.39180000000000004
0.11114979873433617,0.3919
0.11379843227543218,0.392
0.11606893959352071,0.3921
0.11794909435974421,0.3922
0.11943060857250976,0.39230000000000004
0.12050860617780135,0.3924
0.1211809285895834,0.3925
0.1214474170813663,0.3926
0.12130957313162083,0.3927
0.12046196503013729,0.39280000000000004
0.1175198216376776,0.3929
0.11434689713280122,0.393
0.1110070117721903,0.3931
0.1075274231025416,0.3932
0.10392347881844766,0.39330000000000004
0.10021581703316795,0.3934
0.09642802553054042,0.3935
0.0925892859008709,0.3936
0.08873136636528878,0.3937
0.08477391885136787,0.39380000000000004
0.08072810847416745,0.39390000000000003
0.07673300377066616,0.394
0.07282241197643624,0.3941
0.0690247290149274,0.3942
0.06529737492466947,0.39430000000000004
0.061474307753451085,0.39440000000000003
0.057767750579992505,0.3945
0.053937684499670624,0.3946
0.050290005560785334,0.3947
0.04678959886683853,0.39480000000000004
0.0431779331437947,0.39490000000000003
0.03951837324397833,0.395
0.03594780928095531,0.3951
0.0323659865289494,0.3952
0.02878766003397737,0.39530000000000004
0.025253046134752655,0.39540000000000003
0.021956671325980226,0.3955
0.01882602523493393,0.3956
0.016109686732378226,0.3957
0.013871603685443157,0.39580000000000004
0.011848198308281654,0.39590000000000003
0.010096356175827603,0.396
0.008895451071496918,0.3961
0.008361512166378926,0.3962
0.008553319293064465,0.39630000000000004
0.009478662747736344,0.39640000000000003
0.010880517640091458,0.3965
0.012428384156698336,0.3966
0.014686986710124916,0.3967
0.017460627672592155,0.39680000000000004
0.020584334184874375,0.39690000000000003
0.024247420211379822,0.397
0.02849171148041152,0.3971
0.033189478141051776,0.3972
0.038240517389652284,0.39730000000000004
0.04353694930692842,0.39740000000000003
0.048956410861023425,0.3975
0.05438126786294606,0.3976
0.05978678048041297,0.3977
0.06516162310913864,0.39780000000000004
0.07046160750560193,0.39790000000000003
0.07564168718722775,0.398
0.08065998696163157,0.3981
0.08548029087754283,0.3982
0.09007298626706617,0.39830000000000004
0.0944122722881271,0.39840000000000003
0.09847476132888255,0.3985
0.10223821937514133,0.3986
0.10568155024627823,0.3987
0.10878486471333404,0.39880000000000004
0.11152995176524827,0.39890000000000003
0.11390061489008863,0.399
0.11588324625619006,0.3991
0.11746720431348545,0.3992
0.11864517062886637,0.39930000000000004
0.11941307720110583,0.39940000000000003
0.11976984246682876,0.3995
0.11971679975619065,0.3996
0.11925717069056763,0.3997
0.1173993763871155,0.39980000000000004
0.11425678316773391,0.39990000000000003
0.1109227196413175,0.4
0.10744722648110105,0.4001
0.10385203481694649,0.4002
0.10015384434194852,0.40030000000000004
0.09637331578947872,0.40040000000000003
0.09253535791782108,0.4005
0.0886693913684986,0.4006
0.0846706631110471,0.4007
0.0806023101472122,0.40080000000000005
0.07657532542938439,0.40090000000000003
0.07262303098913081,0.401
0.06877381580454622,0.4011
0.06491310439850573,0.4012
0.061025325640569505,0.40130000000000005
0.0571651086406173,0.40140000000000003
0.05326169422315963,0.4015
0.04953557046939161,0.4016
0.045812348476944376,0.4017
0.04208944264961345,0.40180000000000005
0.03819841962965809,0.40190000000000003
0.03448127977173643,0.402
0.030669790496887117,0.4021
0.026789648531986954,0.4022
0.023149636988571087,0.40230000000000005
0.019567793680982826,0.40240000000000004
0.016353952398694416,0.4025
0.013577925672179969,0.4026
0.01111672711086098,0.4027
0.008829936093372348,0.40280000000000005
0.007051085302632432,0.40290000000000004
0.005928504858122796,0.403
0.005774318699361736,0.4031
0.006475021891465982,0.4032
0.007186172633875332,0.4033
0.008177836431502605,0.40340000000000004
0.009935871888413272,0.4035
0.012502883910368245,0.4036
0.015611577667450138,0.4037
0.01903858213680798,0.4038
0.02295280752514084,0.40390000000000004
0.02739641763441658,0.404
0.032250873401026725,0.4041
0.037425164283210854,0.4042
0.042817973374869034,0.4043
0.04830877923493926,0.40440000000000004
0.053782618005143945,0.4045
0.05922475656727255,0.4046
0.06463346094435851,0.4047
0.06996956520568087,0.4048
0.07519194096355175,0.40490000000000004
0.08026152519145235,0.405
0.08514411516375398,0.4051
0.08981158216062823,0.4052
0.09423913591802369,0.4053
0.09840392009968835,0.40540000000000004
0.10228361256089824,0.4055
0.10585625611307337,0.4056
0.10910034493707388,0.4057
0.11199562870310531,0.4058
0.11452400444690969,0.40590000000000004
0.1166705985384574,0.406
0.11842427755691465,0.4061
0.11977770228278306,0.4062
0.12072671199002949,0.4063
0.12126965935261047,0.40640000000000004
0.12140679326973836,0.40650000000000003
0.12114001300469779,0.4066
0.11951842225858655,0.4067
0.11649814467092601,0.4068
0.1132692806162825,0.40690000000000004
0.1098832797889513,0.40700000000000003
0.10636279488812728,0.4071
0.1027248682437597,0.4072
0.09899062353214683,0.4073
0.09518528102550827,0.40740000000000004
0.09133875690259663,0.40750000000000003
0.08748305157333236,0.4076
0.08346136280797323,0.4077
0.07942728992986137,0.4078
0.07545526181757756,0.40790000000000004
0.07157745304453322,0.40800000000000003
0.06782139967306255,0.4081
0.0640411007879913,0.4082
0.06026662199460442,0.4083
0.05650953866521369,0.40840000000000004
0.052735965154663056,0.40850000000000003
0.04915591792219254,0.4086
0.04559674021132154,0.4087
0.042052964175236296,0.4088
0.038328431282924846,0.40890000000000004
0.03483357534271159,0.40900000000000003
0.031196126457321283,0.4091
0.027576075493846774,0.4092
0.024141511584484965,0.4093
0.020859671091292276,0.40940000000000004
0.017855899325134317,0.40950000000000003
0.015289186845095726,0.4096
0.01321610788833194,0.4097
0.011174048665370861,0.4098
0.009574510961713356,0.40990000000000004
0.008577954329848314,0.41000000000000003
0.008280048731363676,0.4101
0.008714836819774918,0.4102
0.0098780353618384,0.4103
0.011244463769098934,0.41040000000000004
0.013018946608236437,0.41050000000000003
0.015310184046891662,0.4106
0.017996575147501748,0.4107
0.02129210117860203,0.4108
0.02524116404605281,0.41090000000000004
0.02970969949580593,0.41100000000000003
0.03458944103420203,0.4111
0.03976662544480969,0.4112
0.04515461976215751,0.4113
0.050635350014845315,0.41140000000000004
0.05609856696657278,0.41150000000000003
0.06152146521955115,0.4116
0.06689604888169354,0.4117
0.07217785950561428,0.4118
0.0773237230884799,0.41190000000000004
0.08229305903892914,0.41200000000000003
0.08705180824829473,0.4121
0.09157180034139722,0.4122
0.09582873908080647,0.4123
0.0998001974331646,0.41240000000000004
0.1034649473974919,0.41250000000000003
0.106802638749255,0.4126
0.10979416102338202,0.4127
0.11242192356971004,0.4128
0.11467041934468392,0.41290000000000004
0.11652677468646344,0.41300000000000003
0.11798130963647924,0.4131
0.11902783163725972,0.4132
0.11966353560521803,0.4133
0.11988853198780602,0.41340000000000005
0.11970513153725137,0.41350000000000003
0.11911716944122697,0.4136
0.11644340153862587,0.4137
0.11323156682594926,0.4138
0.10985268845883545,0.41390000000000005
0.10634161969450284,0.41400000000000003
0.10271414843764082,0.4141
0.09898873790175455,0.4142
0.09518695275414124,0.4143
0.0913360534516825,0.41440000000000005
0.0874667409836064,0.41450000000000004
0.08340768876202165,0.4146
0.07934796628055951,0.4147
0.07534196186440456,0.4148
0.07142081293748892,0.41490000000000005
0.06761135207020286,0.41500000000000004
0.06370802852686663,0.4151
0.05986512066870364,0.4152
0.05595936262688017,0.4153
0.05210695470851601,0.41540000000000005
0.048443179522257074,0.41550000000000004
0.04466673087355999,0.4156
0.04089096887083388,0.4157
0.03706682093685698,0.4158
0.03330997786753165,0.41590000000000005
0.02950531962603331,0.41600000000000004
0.02567130876020518,0.4161
0.02204332605424697,0.4162
0.01856862695115047,0.4163
0.015483811929471125,0.4164
0.012853216715193572,0.41650000000000004
0.010401234549422878,0.4166
0.00825706549054317,0.4167
0.006666943039095763,0.4168
0.005839948892668367,0.4169
0.005857357795856277,0.41700000000000004
0.0065481655067543,0.4171
0.007342023443395629,0.4172
0.00855900341224114,0.4173
0.010564676535782302,0.4174
0.013370383005054887,0.41750000000000004
0.01668841735292914,0.4176
0.02029068079903129,0.4177
0.024349669120445006,0.4178
0.02891136038010056,0.4179
0.03385974587429974,0.41800000000000004
0.03910520325837408,0.4181
0.04450716780698816,0.4182
0.04994466499468819,0.4183
0.05538768075253819,0.4184
0.06082838393578016,0.41850000000000004
0.06622417983875473,0.4186
0.07153328241753742,0.4187
0.07671430224058395,0.4188
0.08173139592582757,0.4189
0.08655388741244285,0.41900000000000004
0.09115512572830553,0.41910000000000003
0.09551033902173578,0.4192
0.09959594926047788,0.4193
0.10338886046248441,0.4194
0.106866738859285,0.41950000000000004
0.11000826748159753,0.41960000000000003
0.1127939907697485,0.4197
0.11520712712072001,0.4198
0.11723434471125449,0.4199
0.11886600559386529,0.42000000000000004
0.12009590296053985,0.42010000000000003
0.12092063805600495,0.4202
0.12133899652364488,0.4203
0.12135156165944827,0.4204
0.12096052331416807,0.42050000000000004
0.11859774563735614,0.42060000000000003
0.11549847024954196,0.4207
0.11221153436818676,0.4208
0.10877651697776836,0.4209
0.10521196042554093,0.42100000000000004
0.10153710050682996,0.42110000000000003
0.09777408972002999,0.4212
0.09395010405503823,0.4213
0.09009582822925566,0.4214
0.08621225699242352,0.42150000000000004
0.08215723197273428,0.42160000000000003
0.07813894026540669,0.4217
0.07419355948475614,0.4218
0.07035114362649297,0.4219
0.06663795695627761,0.42200000000000004
0.06280443025212401,0.42210000000000003
0.05907655264187994,0.4222
0.055265079819201146,0.4223
0.05154598619226314,0.4224
0.048032323936781474,0.42250000000000004
0.04441075029499264,0.42260000000000003
0.04080897102924075,0.4227
0.03714979337992741,0.4228
0.03360910105172854,0.4229
0.030054055233659227,0.42300000000000004
0.026406335866696384,0.42310000000000003
0.023073463321628296,0.4232
0.01980217972331877,0.4233
0.016922883275927836,0.4234
0.014505271650814278,0.42350000000000004
0.012465406180238281,0.42360000000000003
0.010542433208712954,0.4237
0.009124484746580785,0.4238
0.008343210551885027,0.4239
0.008278268067109185,0.42400000000000004
0.008949923168706908,0.42410000000000003
0.010342710292750912,0.4242
0.011664395916644477,0.4243
0.013665779791092403,0.4244
0.016191762035455692,0.42450000000000004
0.01909920560299061,0.42460000000000003
0.02258351615086207,0.4247
0.026685689859276884,0.4248
0.031274085113546235,0.4249
0.036244743157125114,0.42500000000000004
0.04148741625006935,0.42510000000000003
0.046879761982566714,0.4252
0.05230368211059555,0.4253
0.05772969753943036,0.4254
0.06314192991271905,0.42550000000000004
0.068494028990854,0.42560000000000003
0.07373917277913056,0.4257
0.0788341244082359,0.4258
0.08374161153553861,0.4259
0.08843117889680163,0.42600000000000005
0.09287634012814983,0.42610000000000003
0.09705309536495066,0.4262
0.10093861629598977,0.4263
0.10451120965093452,0.4264
0.10775036556316764,0.42650000000000005
0.11063717789308991,0.42660000000000003
0.1131546061698726,0.4267
0.1152880050888695,0.4268
0.11702554877958615,0.4269
0.1183587232897757,0.42700000000000005
0.11928241999309253,0.42710000000000004
0.11979477093642732,0.4272
0.11989656581421926,0.4273
0.11959061888342659,0.4274
0.11856362768509199,0.42750000000000005
0.11550782765452783,0.42760000000000004
0.11223590791274096,0.4277
0.1088114490175951,0.4278
0.10526110750489015,0.4279
0.10159962153279334,0.42800000000000005
0.09784700338033947,0.42810000000000004
0.09402634721868286,0.4282
0.09016631737046021,0.4283
0.08625179041205,0.4284
0.08217757695034089,0.42850000000000005
0.07813122710071074,0.42860000000000004
0.07414860461945061,0.4287
0.070259182838731,0.4288
0.06647242568863676,0.4289
0.06253555792024368,0.42900000000000005
0.05873733942448123,0.42910000000000004
0.05478102252191297,0.4292
0.050981051480087025,0.4293
0.047333683110611924,0.4294
0.0435518923534135,0.4295
0.0397239607087001,0.42960000000000004
0.03596940858085951,0.4297
0.03217521072068852,0.4298
0.028347638468844805,0.4299
0.024604803856782986,0.43
0.021002347088537654,0.43010000000000004
0.017640775053477498,0.4302
0.014688512006959309,0.4303
0.012205581551138156,0.4304
0.009758542031477191,0.4305
0.007755181282027124,0.43060000000000004
0.006354877191114383,0.4307
0.005808225244727794,0.4308
0.006083475199879729,0.4309
0.006921649495510662,0.431
0.007679070506777075,0.43110000000000004
0.009111540696641107,0.4312
0.011349845329494457,0.4313
0.014171045833625273,0.4314
0.01736207491877595,0.4315
0.021090161238009886,0.43160000000000004
0.025390742457530147,0.43170000000000003
0.03013858373092293,0.4318
0.03523820127961974,0.4319
0.04058530076085254,0.432
0.046058719993240294,0.43210000000000004
0.05154200222782723,0.43220000000000003
0.05701441891708914,0.4323
0.062468940477325985,0.4324
0.06786411817536175,0.4325
0.07315708830185641,0.43260000000000004
0.07830748273582955,0.43270000000000003
0.08328003463867939,0.4328
0.08804570871278261,0.4329
0.09257899225942279,0.433
0.09685650187973616,0.43310000000000004
0.10085558101252934,0.43320000000000003
0.1045540819273928,0.4333
0.10793032211373665,0.4334
0.11096370156920665,0.4335
0.11363543160446377,0.43360000000000004
0.11592958268670517,0.43370000000000003
0.11783373573682887,0.4338
0.11933928205110711,0.4339
0.12044102697267245,0.434
0.12113659709113911,0.43410000000000004
0.12142574080937141,0.43420000000000003
0.12130992399107376,0.4343
0.12059234084086246,0.4344
0.11765990793609793,0.4345
0.11449319037732375,0.43460000000000004
0.11115815607232893,0.43470000000000003
0.10768278817002541,0.4348
0.10408208378881667,0.4349
0.10037656929998795,0.435
0.09658956276257424,0.43510000000000004
0.09275014323974229,0.43520000000000003
0.08889004368936748,0.4353
0.08494401312791744,0.4354
0.0808946525867047,0.4355
0.0768939771875703,0.43560000000000004
0.07297612878735349,0.43570000000000003
0.06916969482275004,0.4358
0.06544925211373165,0.4359
0.061615798011171896,0.436
0.057914026165983845,0.43610000000000004
0.05407080394479524,0.43620000000000003
0.05040774275501736,0.4363
0.04690665276905981,0.4364
0.0432780000148103,0.4365
0.039613828717923516,0.43660000000000004
0.036023542168243106,0.43670000000000003
0.03243021254818035,0.4368
0.02883508960224712,0.4369
0.025276616335896174,0.437
0.021955457475732132,0.43710000000000004
0.018798711588789763,0.43720000000000003
0.016055195119087706,0.4373
0.013789072511659617,0.4374
0.011741172184705162,0.4375
0.00996245853250155,0.43760000000000004
0.00873417707266766,0.43770000000000003
0.008173908689379727,0.4378
0.008341952917978235,0.4379
0.009246638731116308,0.438
0.010622473287335676,0.43810000000000004
0.012149959029426283,0.43820000000000003
0.014392638272280989,0.4383
0.01715544657711865,0.4384
0.020272661595418073,0.4385
0.023932561421367238,0.43860000000000005
0.028176193080703626,0.43870000000000003
0.03287532725608977,0.4388
0.03792951276930512,0.4389
0.043230763651254334,0.439
0.048656693062841594,0.43910000000000005
0.05408963931146249,0.43920000000000003
0.05950477312217162,0.4393
0.06489072484244385,0.4394
0.07020332524392148,0.4395
0.07539754938048804,0.43960000000000005
0.08043154013232567,0.43970000000000004
0.08526908809994804,0.4398
0.08988057206518674,0.4399
0.0942401624281376,0.44
0.09832441841146011,0.44010000000000005
0.10211102537645222,0.44020000000000004
0.10557877772670976,0.4403
0.1087076492701573,0.4404
0.11147926923487406,0.4405
0.11387726747921023,0.44060000000000005
0.11588786025905162,0.44070000000000004
0.11750023892560224,0.4408
0.11870693324773118,0.4409
0.11950373897848343,0.441
0.11988944901388943,0.44110000000000005
0.11986527573413996,0.44120000000000004
0.11943432006928867,0.4413
0.11767173582536983,0.4414
0.11454359892469279,0.4415
0.11122030481539125,0.44160000000000005
0.10775336202591612,0.44170000000000004
0.10416506212753163,0.4418
0.10047195162047784,0.4419
0.09669468211006393,0.442
0.0928580355235673,0.44210000000000005
0.08899142160875018,0.44220000000000004
0.08501344455788495,0.4423
0.08094267199521299,0.4424
0.0769107187796928,0.4425
0.07295159564467768,0.44260000000000005
0.06909411232277485,0.44270000000000004
0.06525718391221047,0.4428
0.06136074582041984,0.4429
0.057525887906355155,0.443
0.05361197791096983,0.4431
0.04987238692966378,0.44320000000000004
0.04617931080586635,0.4433
0.042460165689985896,0.4434
0.03858238844010109,0.4435
0.03489295320549668,0.4436
0.031062547326010215,0.44370000000000004
0.027204876746683038,0.44380000000000003
0.023553910558301583,0.4439
0.01997000204910404,0.444
0.01672485224643916,0.4441
0.013911055947477546,0.44420000000000004
0.01146886891682053,0.44430000000000003
0.009145716992265518,0.4444
0.007313789188469588,0.4445
0.006117708456417237,0.4446
0.005804166066384786,0.44470000000000004
0.006321887256494518,0.44480000000000003
0.007171146388833316,0.4449
0.008096224599895896,0.445
0.00977240658222378,0.4451
0.012254851235961484,0.44520000000000004
0.015292122772183614,0.44530000000000003
0.018663168676102293,0.4454
0.022536511028927952,0.4455
0.026951731837545623,0.4456
0.03178762070225427,0.44570000000000004
0.03695133684378016,0.44580000000000003
0.04234030725073734,0.4459
0.04783361139382003,0.446
0.0533156997414872,0.4461
0.05877010499320234,0.44620000000000004
0.06419362181634325,0.44630000000000003
0.06954650858317046,0.4464
0.07478724451754837,0.4465
0.07987650758892373,0.4466
0.08477988527541591,0.44670000000000004
0.08946904500437636,0.44680000000000003
0.09391900529762287,0.4469
0.09810675349287246,0.447
0.1020098818389571,0.4471
0.10560643943253889,0.44720000000000004
0.10887500126906313,0.44730000000000003
0.11179540367011165,0.4474
0.11434954781393403,0.4475
0.11652242180237982,0.4476
0.11830262669348668,0.44770000000000004
0.11968251116380746,0.44780000000000003
0.12065765545593954,0.4479
0.12122625841076906,0.448
0.12138850369323184,0.4481
0.12114624953805686,0.44820000000000004
0.11967383563539213,0.44830000000000003
0.116664766847284,0.4484
0.11344299592508322,0.4485
0.11006244715242053,0.4486
0.10654663115449503,0.44870000000000004
0.10291220453526762,0.44880000000000003
0.09918018173972942,0.4489
0.09537547807644542,0.449
0.09152789267895478,0.4491
0.08766938655089984,0.44920000000000004
0.08366005087123352,0.44930000000000003
0.07962149767092641,0.4494
0.07564270435517029,0.4495
0.07175628469650974,0.4496
0.06799005231292443,0.44970000000000004
0.0642177424970003,0.44980000000000003
0.06043165141659346,0.4499
0.05668099833355145,0.45
0.05289313055361933,0.4501
0.04929633750318119,0.45020000000000004
0.045739175415142386,0.45030000000000003
0.04217719593226277,0.4504
0.03845129297850658,0.4505
0.034936714626738086,0.4506
0.031289609109481864,0.45070000000000005
0.02765564260767106,0.45080000000000003
0.024195230406892643,0.4509
0.020889918904728022,0.451
0.017857341427748308,0.4511
0.015260043933725154,0.45120000000000005
0.013155114796006062,0.45130000000000003
0.011091146906784699,0.4514
0.009461407511620834,0.4515
0.008432663788090933,0.4516
0.008102856375704848,0.45170000000000005
0.00850814869680816,0.45180000000000003
0.009644893407254829,0.4519
0.010986752223816953,0.452
0.01273554744523464,0.4521
0.015005322955478517,0.45220000000000005
0.017675365141747168,0.45230000000000004
0.02095933738546152,0.4524
0.02490081855957027,0.4525
0.029364981122800726,0.4526
0.03424306117347564,0.45270000000000005
0.03942105322278344,0.45280000000000004
0.044812208408285814,0.4529
0.050298429452992455,0.453
0.05576941368721888,0.4531
0.061202148629740494,0.45320000000000005
0.06658847305321303,0.45330000000000004
0.07188387289279174,0.4534
0.07704513413118541,0.4535
0.08203164635548765,0.4536
0.08680932060556545,0.45370000000000005
0.09134994980236133,0.45380000000000004
0.09562918627369721,0.4539
0.09962452942622457,0.454
0.10331465051912048,0.4541
0.10667907007644395,0.45420000000000005
0.10969852199414665,0.45430000000000004
0.11235523891480559,0.4544
0.11463352409968275,0.4545
0.11652031134425589,0.4546
0.11800573575951745,0.45470000000000005
0.11908343515969377,0.45480000000000004
0.11975045281441987,0.4549
0.12000676264977794,0.455
0.11985454807807805,0.4551
0.11929752008593086,0.45520000000000005
0.11673252189089567,0.45530000000000004
0.1135359800472987,0.4554
0.1101682590517642,0.4555
0.10666597861985982,0.4556
0.10304559507765298,0.45570000000000005
0.0993253766516462,0.45580000000000004
0.09552686469722649,0.4559
0.09167715428361556,0.456
0.08780691974004096,0.4561
0.08376987466203123,0.4562
0.07970729004096055,0.45630000000000004
0.07569564268162488,0.45640000000000003
0.07176682365042064,0.4565
0.06794812376880521,0.4566
0.06406958357728654,0.4567
0.060216970003912795,0.45680000000000004
0.0563376198866814,0.45690000000000003
0.05247346418780463,0.457
0.048794679665419505,0.4571
0.04504939261063745,0.4572
0.04130509698556617,0.45730000000000004
0.03746449675236185,0.45740000000000003
0.03373392054717983,0.4575
0.02995177823631967,0.4576
0.02609415533357695,0.4577
0.0224735091397803,0.45780000000000004
0.018968772911477583,0.45790000000000003
0.01584749858237222,0.458
0.013175800795017345,0.4581
0.01074695109103585,0.4582
0.008564308252966724,0.45830000000000004
0.006915549656970388,0.45840000000000003
0.00593966124026446,0.4585
0.005823056703273766,0.4586
0.006513585031933555,0.4587
0.0073757550276309924,0.45880000000000004
0.008525978813725521,0.45890000000000003
0.010449337081986032,0.459
0.013171984447635232,0.4591
0.01641875153186101,0.4592
0.019964561789151958,0.45930000000000004
0.023980258465565063,0.45940000000000003
0.02850910290669817,0.4595
0.03343293929176672,0.4596
0.03866089597991751,0.4597
0.044052407598587306,0.45980000000000004
0.04948639270225619,0.45990000000000003
0.05493138897196381,0.46
0.06037810875566252,0.4601
0.06578327269581086,0.4602
0.07110452319596172,0.46030000000000004
0.07630005269295403,0.46040000000000003
0.08133368900689875,0.4605
0.08617446939105566,0.4606
0.09079547701260449,0.4607
0.09517169980372975,0.46080000000000004
0.0992793896321359,0.46090000000000003
0.1030953941179743,0.461
0.10659743967543289,0.4611
0.1097643032705371,0.4612
0.11257653007912416,0.46130000000000004
0.11501713967761673,0.46140000000000003
0.11707240629506876,0.4615
0.11873221441966675,0.4616
0.11998995602921703,0.4617
0.12084200575286264,0.46180000000000004
0.12128709121096404,0.46190000000000003
0.1213258148152202,0.462
0.12096036977906865,0.4621
0.11877092394749067,0.4622
0.11568443466866607,0.46230000000000004
0.11240560912391828,0.46240000000000003
0.10897690589669029,0.4625
0.10541785753292088,0.4626
0.10174721631911343,0.4627
0.09798697917626342,0.46280000000000004
0.09416392874156643,0.46290000000000003
0.09030858270351905,0.463
0.08643653998832346,0.4631
0.0823781120744691,0.4632
0.0783538476677591,0.46330000000000005
0.07440033326732631,0.46340000000000003
0.07054790086830609,0.4635
0.06682295431988283,0.4636
0.06299525414012752,0.4637
0.05925423597186574,0.46380000000000005
0.05544737713629666,0.46390000000000003
0.05171292418131612,0.464
0.04818155592577611,0.4641
0.04456197474536583,0.4642
0.04096044637534679,0.46430000000000005
0.03728162702864446,0.46440000000000003
0.03373464252600966,0.4645
0.030160140870511887,0.4646
0.026496871546214384,0.4647
0.023139045768795663,0.46480000000000005
0.01984574159626118,0.46490000000000004
0.016936929948190294,0.465
0.01448737378380116,0.4651
0.012425538024932958,0.4652
0.010471256668778572,0.46530000000000005
0.009018965720940963,0.46540000000000004
0.008202110410149066,0.4655
0.008102599308559277,0.4656
0.008742076419939737,0.4657
0.010105663257419017,0.46580000000000005
0.011404944707769982,0.46590000000000004
0.01337746064194012,0.466
0.01587879532119474,0.4661
0.018766814285867017,0.4662
0.02223677618751263,0.46630000000000005
0.026329000373660705,0.46640000000000004
0.0309111362283212,0.4665
0.03587871518065655,0.4666
0.04112120069022196,0.4667
0.046516207425459255,0.46680000000000005
0.051945583865514955,0.46690000000000004
0.0573795009607978,0.467
0.06280180284649328,0.4671
0.06816607374130856,0.4672
0.07342544592966604,0.46730000000000005
0.07853664363670176,0.46740000000000004
0.08346234455994395,0.4675
0.08817202787023981,0.4676
0.09263912873067404,0.4677
0.09683955792692645,0.46780000000000005
0.10075038666067748,0.46790000000000004
0.10434980649535042,0.468
0.10761717208021004,0.4681
0.11053341678697304,0.4682
0.11308131456192505,0.46830000000000005
0.11524601599343387,0.46840000000000004
0.1170154855462735,0.4685
0.118381008608476,0.4686
0.11933729591611075,0.4687
0.11988232179350444,0.46880000000000005
0.12001673668986479,0.46890000000000004
0.11974322556404282,0.46900000000000003
0.1188441743109917,0.4691
0.1158061770026394,0.4692
0.11254774125696909,0.4693
0.10913437692467753,0.46940000000000004
0.1055934488783673,0.46950000000000003
0.10193943644726,0.4696
0.0981922873113813,0.4697
0.09437487402562661,0.4698
0.09051579725732684,0.46990000000000004
0.08662325739710275,0.47000000000000003
0.08254775728019637,0.4701
0.07849723486881655,0.4702
0.0745082232009231,0.4703
0.07061060885830506,0.47040000000000004
0.06683056942308119,0.47050000000000003
0.06290163941459015,0.4706
0.05909220450032149,0.4707
0.05516230202248984,0.4708
0.05134973055267822,0.47090000000000004
0.04773081054436079,0.47100000000000003
0.0439340702348221,0.4711
0.0401351881295231,0.4712
0.03636264198272143,0.4713
0.03259525687619158,0.47140000000000004
0.028790524581649102,0.47150000000000003
0.025023144550600174,0.4716
0.02142792921240111,0.4717
0.018034543028057515,0.4718
0.015043245623384438,0.47190000000000004
0.01251634316481276,0.47200000000000003
0.010093932500843117,0.4721
0.008050645460742079,0.4722
0.006588068642854772,0.4723
0.005869836303375564,0.47240000000000004
0.005934473888378866,0.47250000000000003
0.00670197658873084,0.4726
0.00761309693554546,0.4727
0.008982511587925845,0.4728
0.011142120236962372,0.47290000000000004
0.014089800588257928,0.47300000000000003
0.017531485037383998,0.4731
0.021239139121201678,0.4732
0.025386829698343272,0.4733
0.03002141020632343,0.47340000000000004
0.03502733082427034,0.47350000000000003
0.04031533929645437,0.4736
0.045744648791409714,0.4737
0.05119459913224578,0.4738
0.056637547626870344,0.47390000000000004
0.06206786916392926,0.47400000000000003
0.06744395101539646,0.4741
0.07272478124512871,0.4742
0.07786957722589838,0.4743
0.08284301116827408,0.47440000000000004
0.08761485859766183,0.47450000000000003
0.09215884975780142,0.4746
0.09645053507115775,0.4747
0.10046663179432969,0.4748
0.10418436698968281,0.47490000000000004
0.10758182680019845,0.47500000000000003
0.11063826470419569,0.4751
0.11333494760266127,0.4752
0.1156559023937287,0.4753
0.11758857916981935,0.47540000000000004
0.11912399600342405,0.47550000000000003
0.12025643803728747,0.4756
0.12098287058740276,0.4757
0.12130238644932723,0.4758
0.121215878773003,0.47590000000000005
0.12072586976489208,0.47600000000000003
0.11781577984733493,0.4761
0.1146580444525257,0.4762
0.11132937114439612,0.4763
0.10786029286103405,0.47640000000000005
0.10426596642406027,0.47650000000000003
0.10056684781490832,0.4766
0.09678543380488869,0.4767
0.09295005582464755,0.4768
0.08909186530868252,0.47690000000000005
0.08515559976066933,0.47700000000000004
0.08110464452556077,0.4771
0.07709946709998994,0.4772
0.0731744994331679,0.4773
0.06935859777158138,0.47740000000000005
0.06563693885161181,0.47750000000000004
0.06179155465907504,0.4776
0.05808669832195723,0.4777
0.054229837382983925,0.4778
0.05055159399385367,0.47790000000000005
0.04704797660718718,0.47800000000000004
0.043405161593390584,0.4781
0.03974202120533943,0.4782
0.0361375739973302,0.4783
0.03254434166847919,0.47840000000000005
0.028946243857231657,0.47850000000000004
0.02536918125884613,0.4786
0.02203493548135138,0.4787
0.018853732831572767,0.4788
0.016082297652482813,0.47890000000000005
0.013785859278869772,0.47900000000000004
0.011720624686630154,0.4791
0.009912961026267597,0.4792
0.00865226841502964,0.4793
0.008058089633347532,0.47940000000000005
0.008193036699555956,0.47950000000000004
0.009066525658477875,0.4796
0.010424229374854432,0.4797
0.011920237940067357,0.4798
0.014133111684972999,0.47990000000000005
0.016869805309177366,0.48000000000000004
0.019965561620826966,0.4801
0.02360838973948165,0.4802
0.02783886858559348,0.4803
0.032528318776166465,0.48040000000000005
0.0375760148464801,0.48050000000000004
0.0428738562799047,0.4806
0.04829951111924036,0.4807
0.05373530723622766,0.4808
0.05915606742770185,0.48090000000000005
0.06455008539837892,0.48100000000000004
0.06987302348681124,0.4811
0.07507970833600675,0.4812
0.08012816971207082,0.4813
0.08498212298312613,0.48140000000000005
0.08961190744204495,0.48150000000000004
0.09399167770166317,0.48160000000000003
0.09809797936322417,0.4817
0.1019084638376353,0.4818
0.10540185384296341,0.48190000000000005
0.10855800335368182,0.48200000000000004
0.11135837016079664,0.48210000000000003
0.11378636498583261,0.4822
0.11582794949576602,0.4823
0.11747204577317338,0.4824
0.11871092427940244,0.48250000000000004
0.11954015320950584,0.48260000000000003
0.11995834124248295,0.4827
0.1199665594338527,0.4828
0.11956780009354828,0.4829
0.11793285989142577,0.48300000000000004
0.11482333207747786,0.48310000000000003
0.11151451189073269,0.4832
0.10805987280164397,0.4833
0.10448241391252067,0.4834
0.10079838498345117,0.48350000000000004
0.09702832265989225,0.48360000000000003
0.0931967201793299,0.4837
0.08933285391866652,0.4838
0.08537755272017944,0.4839
0.08130720793664459,0.48400000000000004
0.07727265269814432,0.48410000000000003
0.07330855286945659,0.4842
0.06944415696330608,0.4843
0.06563066420507013,0.4844
0.0617264539622584,0.48450000000000004
0.0579160941929695,0.48460000000000003
0.05399239381143328,0.4847
0.05023982616317757,0.4848
0.04657509117071146,0.4849
0.04284265956325983,0.48500000000000004
0.038994343451925984,0.48510000000000003
0.03529473421733598,0.4852
0.031485182104737275,0.4853
0.027651270155431895,0.4854
0.023977024322989537,0.48550000000000004
0.020402334670044597,0.48560000000000003
0.017126596087478685,0.4857
0.014274349067278536,0.4858
0.01184551358036523,0.4859
0.009484817871420637,0.48600000000000004
0.007600053649543748,0.48610000000000003
0.006337960640646401,0.4862
0.0058585639270885,0.4863
0.006167590128536293,0.4864
0.007152643161244532,0.48650000000000004
0.008021355977676503,0.48660000000000003
0.009609878112518677,0.4867
0.011999665985715113,0.4868
0.014957315060208254,0.4869
0.018265131817304603,0.48700000000000004
0.02209158790839405,0.48710000000000003
0.026473548719655682,0.4872
0.03128684553191152,0.4873
0.03643663951761833,0.4874
0.04181902708435148,0.48750000000000004
0.04731278176081877,0.48760000000000003
0.052801829171952086,0.4877
0.058267753788852295,0.4878
0.0637056582996518,0.4879
0.06907513180865266,0.48800000000000004
0.07433418001040093,0.48810000000000003
0.07944316903822879,0.4882
0.08436745831298909,0.4883
0.08907851999824734,0.4884
0.09355120387821136,0.48850000000000005
0.0977623588625598,0.48860000000000003
0.10168949855810028,0.4887
0.10531068199249882,0.4888
0.10860458164497411,0.4889
0.1115511593556211,0.48900000000000005
0.11413237474023641,0.48910000000000003
0.11633312569936438,0.4892
0.11814176819037636,0.4893
0.11955032436545521,0.4894
0.12055407839652732,0.48950000000000005
0.12115103658543891,0.48960000000000004
0.12134129231326818,0.4897
0.12112665211715368,0.4898
0.11983750870335319,0.4899
0.1168433738164546,0.49000000000000005
0.113631647319971,0.49010000000000004
0.11025928299310717,0.4902
0.1067508640931335,0.4903
0.10312258428163434,0.4904
0.0993953155712003,0.49050000000000005
0.09559357508304,0.49060000000000004
0.09174698472912979,0.4907
0.08788742153475293,0.4908
0.08389019819579224,0.4909
0.07984857387197664,0.49100000000000005
0.0758641463135934,0.49110000000000004
0.07196991073780334,0.4912
0.06819394403083812,0.4913
0.06442893560334861,0.4914
0.060631501950205946,0.49150000000000005
0.05688680890174158,0.49160000000000004
0.05308494050670198,0.4917
0.04947147270647112,0.4918
0.04591686100271142,0.4919
0.042336905761398924,0.49200000000000005
0.038611303756713955,0.49210000000000004
0.035075998902915684,0.4922
0.03142344650947759,0.4923
0.027778781626337734,0.4924
0.02429281808972439,0.49250000000000005
0.02096640041094555,0.49260000000000004
0.017904370496566235,0.4927
0.015274973856685081,0.4928
0.013135970373563177,0.4929
0.011052447451235903,0.49300000000000005
0.009390536251598025,0.49310000000000004
0.00832581254541287,0.4932
0.007958769049546621,0.4933
0.008328307390636613,0.4934
0.009431855870888128,0.49350000000000005
0.010754643712717282,0.49360000000000004
0.012470999972279406,0.4937
0.014917462649424396,0.4938
0.017879221631182052,0.4939
0.021171378718617184,0.49400000000000005
0.024977033162644657,0.49410000000000004
0.029337544662345172,0.49420000000000003
0.034127638822339046,0.4943
0.03924986390370133,0.4944
0.044598227442627314,0.49450000000000005
0.050050505861055195,0.49460000000000004
0.055489579327716365,0.49470000000000003
0.060894547207992034,0.4948
0.06625789027416673,0.4949
0.07153744653315464,0.49500000000000005
0.07668987941242555,0.49510000000000004
0.08167464842297567,0.49520000000000003
0.08645653917488128,0.4953
0.0910066716466863,0.4954
0.09529975791236334,0.4955
0.09931278792805043,0.49560000000000004
0.10302382448128733,0.49570000000000003
0.10641200663946704,0.4958
0.10945763392919838,0.4959
0.11214268964901641,0.496
0.11445126380170201,0.49610000000000004
0.11637020077375648,0.49620000000000003
0.11788946807774714,0.4963
0.11900241211657447,0.4964
0.11970553746483925,0.4965
0.11999814020369792,0.49660000000000004
0.11988172866692204,0.49670000000000003
0.11935957962744326,0.4968
0.11700293970076059,0.4969
0.11382479390187228,0.497
0.11046856420964091,0.49710000000000004
0.10697554757335004,0.49720000000000003
0.10336427532182946,0.4973
0.09965271885452387,0.4974
0.09586199947755702,0.4975
0.09201827289496378,0.49760000000000004
0.0881515727691845,0.49770000000000003
0.08413312007679286,0.4978
0.08007036978376192,0.4979
0.07605512151594973,0.498
0.07211989630345617,0.49810000000000004
0.06829246037399761,0.49820000000000003
0.06442866630888333,0.4983
0.06056597547961762,0.4984
0.056702824998399404,0.4985
0.05282751854512302,0.49860000000000004
0.04913513483481036,0.49870000000000003
0.04541481588143781,0.4988
0.0417001841466198,0.4989
0.03784889790973156,0.499
0.03414960263967837,0.49910000000000004
0.030382365000458877,0.49920000000000003
0.02652562600839703,0.4993
0.022923190313922426,0.4994
0.01939442315950113,0.4995
0.01624070367533692,0.49960000000000004
0.01353084302098484,0.49970000000000003
0.011124893837033634,0.4998
0.008905489444260395,0.4999
0.007200720659430004,0.5
0.006149487172266488,0.5001
0.005877642778995273,0.5002
0.006388373348854781,0.5003000000000001
0.00738030814602153,0.5004000000000001
0.008457904528560434,0.5005000000000001
0.010293365588976755,0.5006
0.012925543647695825,0.5007
0.016094838155686242,0.5008
0.019578407265067543,0.5009
0.023546801728049127,0.501
0.028040915134761146,0.5011
0.03294012286643988,0.5012
0.03815186680630411,0.5013000000000001
0.04357383349986588,0.5014000000000001
0.04908520443823838,0.5015000000000001
0.05457098320180043,0.5016
0.060016931381831395,0.5017
0.06542186625071766,0.5018
0.07074707176367823,0.5019
0.07595185132381765,0.502
0.08099758274094504,0.5021
0.08585046925664053,0.5022
0.0904827026666094,0.5023
0.0948696928653433,0.5024000000000001
0.09898868794620885,0.5025000000000001
0.10281748098901622,0.5026
0.10633438123566497,0.5027
0.1095184131373731,0.5028
0.11235010688050706,0.5029
0.11481224850329785,0.503
0.11689074683196454,0.5031
0.11857499322751552,0.5032
0.1198579040236818,0.5033
0.12073543046179491,0.5034000000000001
0.12120604445559657,0.5035000000000001
0.12127020077093575,0.5036
0.12093006187592925,0.5037
0.11890013216132012,0.5038
0.11583120489024967,0.5039
0.11256622045332032,0.504
0.10915019657661162,0.5041
0.10560331453392213,0.5042
0.10194345048079811,0.5043
0.09819195925591084,0.5044000000000001
0.09437491615667581,0.5045000000000001
0.09052261801955752,0.5046
0.08666516765705967,0.5047
0.0826065297520222,0.5048
0.07857947176823399,0.5049
0.07462116372930394,0.505
0.07076222870346494,0.5051
0.06702909617826214,0.5052
0.06320960530995201,0.5053
0.05945862345948627,0.5054000000000001
0.05565669182530719,0.5055000000000001
0.05190917818541618,0.5056
0.04836197243564011,0.5057
0.04474222760941804,0.5058
0.04113780004718448,0.5059
0.037440569142924485,0.506
0.03388488911447274,0.5061
0.030288975001692364,0.5062
0.026613203712404276,0.5063
0.0232314454308431,0.5064000000000001
0.019919471893699248,0.5065000000000001
0.01698434519055403,0.5066
0.014505901435647006,0.5067
0.012424512914624097,0.5068
0.010441724046203138,0.5069
0.008957554068338425,0.507
0.00810666544841454,0.5071
0.00797283871908916,0.5072
0.008579145923993448,0.5073
0.009911598061561389,0.5074000000000001
0.01119534912690301,0.5075000000000001
0.013136635721736178,0.5076
0.015609450584119555,0.5077
0.01847322950096686,0.5078
0.02192379390937904,0.5079
0.026001051161038014,0.508
0.03057201693428291,0.5081
0.035531691344681704,0.5082
0.04076922358121737,0.5083
0.04616223769219996,0.5084000000000001
0.051592599697695585,0.5085000000000001
0.05703010956500609,0.5086
0.0624583099100966,0.5087
0.06783073970047893,0.5088
0.07310049671510477,0.5089
0.07822426615982658,0.509
0.08316466565411018,0.5091
0.08789109304787135,0.5092
0.09237689118205439,0.5093
0.09659787413908305,0.5094000000000001
0.10053101409898224,0.5095000000000001
0.10415439787857617,0.5096
0.10744726279865013,0.5097
0.11039040538084266,0.5098
0.1129664399504634,0.5099
0.11516033748959131,0.51
0.11695987240527572,0.5101
0.11835614198381006,0.5102
0.11934368157342623,0.5103
0.1199203066729897,0.5104000000000001
0.12008652220712734,0.5105000000000001
0.11984487281847311,0.5106
0.11909423987080925,0.5107
0.11607475984142168,0.5108
0.11283028791235594,0.5109
0.10942862828269373,0.511
0.10589799017754065,0.5111
0.10225253783047983,0.5112
0.09851213131951231,0.5113
0.09469936064576434,0.5114000000000001
0.09084272300978513,0.5115000000000001
0.08696881616883256,0.5116
0.08289372979069454,0.5117
0.07884092226738915,0.5118
0.07484743364271373,0.5119
0.07094346932523199,0.512
0.06715531452992851,0.5121
0.06324805252606158,0.5122
0.05942982789810114,0.5123
0.05552325987744733,0.5124000000000001
0.05169992032883064,0.5125000000000001
0.04807038006553199,0.5126000000000001
0.044298090748866814,0.5127
0.04052763993252473,0.5128
0.036740106775865256,0.5129
0.03299680427266094,0.513
0.029212546908721437,0.5131
0.02542350888251299,0.5132
0.021833995006889095,0.5133
0.01841227524169331,0.5134000000000001
0.015386141838291012,0.5135000000000001
0.012819608615231903,0.5136000000000001
0.010416146410496596,0.5137
0.008336116244635372,0.5138
0.006817489748423888,0.5139
0.005986471263960125,0.514
0.0059214726431904285,0.5141
0.006626140064334596,0.5142
0.0076155275605742645,0.5143
0.008919891331687246,0.5144000000000001
0.011002056484446632,0.5145000000000001
0.013872285724388256,0.5146000000000001
0.017247905103137118,0.5147
0.020902922183023476,0.5148
0.025010279976882988,0.5149
0.029614544630439,0.515
0.034598194344834576,0.5151
0.03987073417243536,0.5152
0.04529120026240929,0.5153
0.050738755406533276,0.5154
0.05618431419067593,0.5155000000000001
0.06162088743057603,0.5156000000000001
0.06700625955245887,0.5157
0.07229893213761274,0.5158
0.0774577663867243,0.5159
0.0824471628387139,0.516
0.08723666953051235,0.5161
0.09179981626517053,0.5162
0.09611197301053997,0.5163
0.10014971838074405,0.5164
0.10389021211225069,0.5165000000000001
0.10731155047994234,0.5166000000000001
0.1103930248095194,0.5167
0.11311587902284426,0.5168
0.11546397568246591,0.5169
0.11742445075537633,0.517
0.11898793184442169,0.5171
0.12014835486671605,0.5172
0.12090246157723128,0.5173
0.1212492560575843,0.5174
0.12118961698334663,0.5175000000000001
0.12072605149073978,0.5176000000000001
0.1179936389388736,0.5177
0.11484985115925306,0.5178
0.11153022275951685,0.5179
0.10806829992859124,0.518
0.10448029992879482,0.5181
0.10078620090390977,0.5182
0.09700835027994237,0.5183
0.09317467722056738,0.5184
0.08931616289608246,0.5185000000000001
0.08539183362496505,0.5186000000000001
0.08133827992092613,0.5187
0.0773279294339172,0.5188
0.07339561957365692,0.5189
0.06957047776081882,0.519
0.06585521365336344,0.5191
0.061999019317509285,0.5192
0.058293202155702106,0.5193
0.054429686122577925,0.5194
0.050736345945257666,0.5195000000000001
0.04723578448335686,0.5196000000000001
0.043576467896210724,0.5197
0.039915198379061545,0.5198
0.03629175596012324,0.5199
0.03269583632037065,0.52
0.029090620923808208,0.5201
0.02549008719103818,0.5202
0.022138907442289746,0.5203
0.018930330285756414,0.5204
0.016128660262560768,0.5205000000000001
0.013799698134104643,0.5206000000000001
0.011717800224027464,0.5207
0.009878747182022973,0.5208
0.008581994279828642,0.5209
0.007949412619083107,0.521
0.008046508971789601,0.5211
0.008884243935483926,0.5212
0.010227446094669856,0.5213
0.011688499205987801,0.5214
0.013867792324876449,0.5215000000000001
0.016574877019505996,0.5216000000000001
0.019646519819894515,0.5217
0.02327053514111843,0.5218
0.027486918818870665,0.5219
0.0321663364839595,0.522
0.037207591847929544,0.5221
0.04250232646754837,0.5222
0.047928213869625313,0.5223
0.05336754706793667,0.5224
0.05879469779223001,0.5225000000000001
0.064197556502116,0.5226000000000001
0.0695316327657639,0.5227
0.07475162656635603,0.5228
0.07981546442711784,0.5229
0.08468677068020791,0.523
0.08933580054492729,0.5231
0.09373662770176805,0.5232
0.09786571208012296,0.5233
0.10170060812195059,0.5234
0.10521992655203294,0.5235000000000001
0.10840339156840872,0.5236000000000001
0.11123230992014133,0.5237
0.11368991735799105,0.5238
0.11576197883761674,0.5239
0.11743720876013042,0.524
0.11870767533015214,0.5241
0.11956876554594975,0.5242
0.12001893462577706,0.5243
0.12005912401629426,0.5244
0.11969220902898248,0.5245000000000001
0.1182021897839367,0.5246000000000001
0.11511059862806305,0.5247
0.11181501849492603,0.5248
0.10837121896897917,0.5249
0.10480305332521545,0.525
0.10112647011108222,0.5251
0.09736192917318665,0.5252
0.09353364958776045,0.5253
0.08967081028462487,0.5254
0.08573542859222016,0.5255000000000001
0.08166378547385555,0.5256000000000001
0.07762503808614829,0.5257000000000001
0.07365447481141896,0.5258
0.06978174561937645,0.5259
0.06598841916586318,0.526
0.06207502851800917,0.5261
0.05828591631313573,0.5262
0.05435110665507703,0.5263
0.05058434184612892,0.5264
0.04694471106318221,0.5265000000000001
0.043197794965850855,0.5266000000000001
0.03937601187381312,0.5267000000000001
0.03565890591405241,0.5268
0.03187417008970739,0.5269
0.028061663442807472,0.527
0.024363651872111314,0.5271
0.02079545823815976,0.5272
0.01748866283318784,0.5273
0.014598090489992721,0.5274
0.01217833521644085,0.5275000000000001
0.009779982415018429,0.5276000000000001
0.00784400357433257,0.5277000000000001
0.006519009320641311,0.5278
0.005922766233364074,0.5279
0.006092867247233569,0.528
0.007008743562846531,0.5281
0.007972099717220571,0.5282
0.009495075779812234,0.5283
0.011809050153153589,0.5284
0.014692469359242066,0.5285000000000001
0.017938442586254988,0.5286000000000001
0.0217171341848319,0.5287000000000001
0.026063975499866388,0.5288
0.0308521198225562,0.5289
0.03598449023327688,0.529
0.04135585729533031,0.5291
0.04684474158608709,0.5292
0.052334856574038024,0.5293
0.057806513232205425,0.5294
0.06325360692290749,0.5295
0.068635157180159,0.5296000000000001
0.07390867905953169,0.5297000000000001
0.07903415312878292,0.5298
0.08397663019035029,0.5299
0.08870732987767194,0.53
0.09320090044538742,0.5301
0.09743404127470923,0.5302
0.10138418668696425,0.5303
0.10502940067261268,0.5304
0.10834842973799441,0.5305
0.11132131287469149,0.5306000000000001
0.11392999880430932,0.5307000000000001
0.11615921444689892,0.5308
0.11799698657766822,0.5309
0.11943492711576709,0.531
0.12046794454903653,0.5311
0.12109378728793063,0.5312
0.12131242282667909,0.5313
0.12112561255563747,0.5314
0.12002227054267234,0.5315
0.11704301265918737,0.5316000000000001
0.11384119487258304,0.5317000000000001
0.11047688377091269,0.5318
0.1069757546432879,0.5319
0.10335350648671027,0.532
0.09963082567009862,0.5321
0.0958317890981607,0.5322
0.09198581477691559,0.5323
0.08812468451424638,0.5324
0.08413993772524642,0.5325
0.0800943351215796,0.5326000000000001
0.07610322533618985,0.5327000000000001
0.07220005755618886,0.5328
0.06841324118101533,0.5329
0.06465537242248387,0.533
0.06084563353926864,0.5331
0.05710724731354078,0.5332
0.05329089573618684,0.5333
0.04966047315549549,0.5334
0.0461106194429759,0.5335
0.042512945997268625,0.5336000000000001
0.03879107603760046,0.5337000000000001
0.035235484500214076,0.5338
0.03158179693784202,0.5339
0.027931088211247568,0.534
0.024419641084769905,0.5341
0.02107601636030676,0.5342
0.017983986075398528,0.5343
0.015321357041698125,0.5344
0.013146891898419222,0.5345
0.01104915847946275,0.5346000000000001
0.00935409012426014,0.5347000000000001
0.008250535107905188,0.5348
0.007842203346713816,0.5349
0.008171538799636835,0.535
0.00923740753211355,0.5351
0.010545901622925902,0.5352
0.012225683211560812,0.5353
0.014637527305379372,0.5354
0.017569012791917027,0.5355
0.02083655085570113,0.5356000000000001
0.024623051370180837,0.5357000000000001
0.028969342506758533,0.5358
0.03374954954684295,0.5359
0.03886577267697722,0.536
0.044211750843014874,0.5361
0.04966523122933442,0.5362
0.05510901732867812,0.5363
0.060521723537927286,0.5364
0.06589538027032082,0.5365
0.07118761428516618,0.5366000000000001
0.07635491566973396,0.5367000000000001
0.08135661215936718,0.5368
0.08615738946681106,0.5369
0.09072828893250606,0.537
0.09504395249094266,0.5371
0.09908129191875059,0.5372
0.10281827147452893,0.5373
0.10623390631620588,0.5374
0.10930834638277687,0.5375
0.1120234006830031,0.5376000000000001
0.11436296167901983,0.5377000000000001
0.11631365785932779,0.5378000000000001
0.11786523440406171,0.5379
0.11901082588971257,0.538
0.11974675154786407,0.5381
0.1200721554700156,0.5382
0.1199884227893715,0.5383
0.11949872278435159,0.5384
0.11728847677938625,0.5385
0.11412748538140349,0.5386000000000001
0.11078351773945583,0.5387000000000001
0.10730028542302661,0.5388000000000001
0.10369722220849298,0.5389
0.09999199440370954,0.539
0.0962056484232181,0.5391
0.09236405903686573,0.5392
0.08849716329774293,0.5393
0.08449913538434062,0.5394
0.08043383239697954,0.5395
0.07641303936098665,0.5396000000000001
0.0724699743823023,0.5397000000000001
0.06863284911552947,0.5398000000000001
0.06478993505566577,0.5399
0.06091678790537702,0.54
0.05707575003424159,0.5401
0.05318797248965201,0.5402
0.04947989311428391,0.5403
0.04578566461709421,0.5404
0.04209756384618624,0.5405
0.03822939994085761,0.5406000000000001
0.03455204427377745,0.5407000000000001
0.030763375508652713,0.5408000000000001
0.02692533824767196,0.5409
0.023322148603087012,0.541
0.019773847121913768,0.5411
0.01658450804148659,0.5412
0.013833662481312903,0.5413
0.011440653369005904,0.5414
0.009181944305743261,0.5415
0.007421707148425716,0.5416000000000001
0.006302374649895137,0.5417000000000001
0.0059275757376731075,0.5418000000000001
0.006322704998671824,0.5419
0.0073791638124247605,0.542
0.008385554458537614,0.5421
0.010137384123846571,0.5422
0.012685024080006047,0.5423
0.015781473201292195,0.5424
0.019205983352291067,0.5425
0.023128587734390305,0.5426
0.02758824581727981,0.5427000000000001
0.03246243121615744,0.5428000000000001
0.03765732129708588,0.5429
0.04306971001138704,0.543
0.04857847587425801,0.5431
0.054068104008132556,0.5432
0.05952272502113787,0.5433
0.06493974560251681,0.5434
0.07027983926326753,0.5435
0.07550186430379802,0.5436
0.08056686708388816,0.5437000000000001
0.08544077650642923,0.5438000000000001
0.09009554174014156,0.5439
0.09450637369048731,0.544
0.09865037273312227,0.5441
0.10250524195505395,0.5442
0.1060492520404066,0.5443
0.10926141089444175,0.5444
0.11212220302938247,0.5445
0.11461428915032545,0.5446
0.11672335544246426,0.5447000000000001
0.11843850713136728,0.5448000000000001
0.11975237897539959,0.5449
0.12066070814582586,0.545
0.12116183957023507,0.5451
0.12125616056984789,0.5452
0.12094577546043728,0.5453
0.11910550373315021,0.5454
0.11605236253903917,0.5455
0.11279783236975682,0.5456
0.10939007564630787,0.5457000000000001
0.10585040382483424,0.5458000000000001
0.1021962285661494,0.5459
0.09844877382759376,0.546
0.09463371528975284,0.5461
0.09078118502133514,0.5462
0.0869232367307381,0.5463
0.0828764490041024,0.5464
0.07884447060069899,0.5465
0.07487851314005278,0.5466
0.07100971419764535,0.5467000000000001
0.06726484431161761,0.5468000000000001
0.06345507437618236,0.5469
0.05969106904939192,0.547
0.05589830552497643,0.5471
0.05213528176375504,0.5472
0.048569685592704914,0.5473
0.04495745615618718,0.5474
0.04135902705343697,0.5475
0.03764138500034031,0.5476
0.034084984928961504,0.5477000000000001
0.030464817512640074,0.5478000000000001
0.026782784203624344,0.5479
0.02337287775807062,0.548
0.02004479198178233,0.5481
0.017077343122215316,0.5482
0.01456251652232976,0.5483
0.012463375558718015,0.5484
0.010444738606988802,0.5485
0.008919146459478,0.5486
0.008023396062040833,0.5487000000000001
0.007844165330617159,0.5488000000000001
0.008406588983940422,0.5489
0.009698086597562883,0.549
0.010969380779313198,0.5491
0.012870010075244576,0.5492
0.015304679937031773,0.5493
0.018135441834691735,0.5494
0.021559537748470525,0.5495
0.025616585617532106,0.5496
0.030172825343878884,0.5497000000000001
0.03512249682952917,0.5498000000000001
0.040354235382455306,0.5499
0.04574558954709551,0.55
0.051178353116838826,0.5501
0.05662170046444426,0.5502
0.062058634492657694,0.5503
0.06744251402113888,0.5504
0.07272628526566327,0.5505
0.07786649553741676,0.5506
0.08282561788218323,0.5507000000000001
0.08757289803388835,0.5508000000000001
0.09208153245321293,0.5509000000000001
0.09632720243474535,0.551
0.1002867621815079,0.5511
0.1039381886766263,0.5512
0.10726060436987828,0.5513
0.1102346705969528,0.5514
0.11284283402290951,0.5515
0.11506986242487771,0.5516
0.11690330117410475,0.5517000000000001
0.11833401219587747,0.5518000000000001
0.11935631110666212,0.5519000000000001
0.11996782347639712,0.552
0.12016889608595693,0.5521
0.11996193808038447,0.5522
0.11935074160694747,0.5523
0.11637758969351408,0.5524
0.11314830185097668,0.5525
0.10975872081441196,0.5526
0.10623833460146781,0.5527000000000001
0.10260121908034003,0.5528000000000001
0.0988670890904334,0.5529000000000001
0.09505826569025888,0.553
0.09120309665218473,0.5531
0.08733270599412557,0.5532
0.08327425836299684,0.5533
0.07921784868038284,0.5534
0.07521779394001804,0.5535
0.07130496787870289,0.5536
0.06750605533372778,0.5537000000000001
0.06362086949011259,0.5538000000000001
0.05979111625200595,0.5539000000000001
0.055908058664228655,0.554
0.05207100311189028,0.5541
0.04842430299088485,0.5542
0.04467983777797291,0.5543
0.04093766847897107,0.5544
0.03713177548191915,0.5545
0.03341145567663695,0.5546
0.029646071912754257,0.5547000000000001
0.02583130077295359,0.5548000000000001
0.022244684731492992,0.5549000000000001
0.01879023664595625,0.555
0.015724752478600168,0.5551
0.013113998146616401,0.5552
0.010726690069274625,0.5553
0.008605161725635746,0.5554
0.007025954560156755,0.5555
0.0061206360685917005,0.5556
0.005967647495178641,0.5557
0.006582398972810655,0.5558000000000001
0.007611325026732896,0.5559000000000001
0.008840952588260231,0.556
0.010838682214547646,0.5561
0.013625558823355366,0.5562
0.0169292943006647,0.5563
0.02052556120966087,0.5564
0.024586621853818436,0.5565
0.02915539495015662,0.5566
0.03411280154887897,0.5567
0.03936728379946186,0.5568000000000001
0.044777655721668363,0.5569000000000001
0.050222754012628545,0.557
0.05567173828960592,0.5571
0.06111600272988327,0.5572
0.0665126034001099,0.5573
0.0718194775497103,0.5574
0.07699507698014818,0.5575
0.082003492024596,0.5576
0.08681401897221941,0.5577
0.0913999785125531,0.5578000000000001
0.09573656055337132,0.5579000000000001
0.0998001935015308,0.558
0.10356792551726668,0.5581
0.10701777560894132,0.5582
0.11012896111806181,0.5583
0.11288260440770981,0.5584
0.11526235852591693,0.5585
0.11725506584898826,0.5586
0.11885102848459783,0.5587
0.12004389921990122,0.5588000000000001
0.12083022942778765,0.5589000000000001
0.12120892720325394,0.559
0.12118082754187631,0.5591
0.12074839452666986,0.5592
0.1182177744060422,0.5593
0.11509047452342291,0.5594
0.11178157180309067,0.5595
0.10832803039892724,0.5596
0.10474729517284564,0.5597
0.10105882865792493,0.5598000000000001
0.09728481811317768,0.5599000000000001
0.09345274305223406,0.56
0.08959340202925314,0.5601
0.08568325177330371,0.5602
0.08162619706443852,0.5603
0.07760937499073595,0.5604
0.07366815259671178,0.5605
0.0698320237712925,0.5606
0.06612612102468596,0.5607
0.0622579667591745,0.5608000000000001
0.058537855705312225,0.5609000000000001
0.05468549175033521,0.561
0.05097540851906057,0.5611
0.04747499683983203,0.5612
0.04379846744411453,0.5613
0.04013729844207892,0.5614
0.03649037550626333,0.5615
0.03289161631135196,0.5616
0.02928066128790152,0.5617
0.025653840250377646,0.5618000000000001
0.022286899715350028,0.5619000000000001
0.01904738548465046,0.562
0.016210864870054742,0.5621
0.013844009342443897,0.5622
0.011747318164823106,0.5623
0.009871642361758859,0.5624
0.008531532089555816,0.5625
0.007851873885512228,0.5626
0.007901951455727252,0.5627
0.008694761029290898,0.5628000000000001
0.01002580341224446,0.5629000000000001
0.011442979447752855,0.5630000000000001
0.013578869264091242,0.5631
0.016246762648694624,0.5632
0.019286045083191983,0.5633
0.02288461644969808,0.5634
0.027081822994636573,0.5635
0.03174743726647988,0.5636
0.03677956655759873,0.5637
0.042069458455257225,0.5638000000000001
0.04749478482044678,0.5639000000000001
0.05293779268235088,0.5640000000000001
0.05837221908134338,0.5641
0.06378536810811775,0.5642
0.06913250349363587,0.5643
0.07436811757974149,0.5644
0.07944997081250682,0.5645
0.08434154982569242,0.5646
0.08901299136308471,0.5647
0.0934382609956218,0.5648000000000001
0.09759370629559261,0.5649000000000001
0.10145675448266389,0.5650000000000001
0.10500587083076152,0.5651
0.10822061601346966,0.5652
0.11108211410857449,0.5653
0.11357339653571363,0.5654
0.11568000328674999,0.5655
0.1173904141553902,0.5656
0.11869647183134457,0.5657
0.11959336575495749,0.5658000000000001
0.12007938906160442,0.5659000000000001
0.12015534993804644,0.5660000000000001
0.119824002520179,0.5661
0.11850039767493681,0.5662
0.11542880486311047,0.5663
0.11214787570894169,0.5664
0.10871599374045582,0.5665
0.10515797372764768,0.5666
0.10148940829437125,0.5667
0.09773067057472107,0.5668000000000001
0.09390567499345948,0.5669000000000001
0.09004350215381007,0.5670000000000001
0.0861297448644065,0.5671
0.08205602832603631,0.5672
0.07801196249780651,0.5673
0.074033527912851,0.5674
0.07015081925456323,0.5675
0.06637843608478333,0.5676
0.062454017374077186,0.5677
0.05867080791420021,0.5678000000000001
0.05473929994216009,0.5679000000000001
0.050956678998543836,0.5680000000000001
0.047342637670350296,0.5681
0.04357845375616787,0.5682
0.03978320939445679,0.5683
0.03604550563414555,0.5684
0.03228476915786449,0.5685
0.028491997307435124,0.5686
0.02476645636568109,0.5687
0.021201491959989438,0.5688
0.017859402906420074,0.5689000000000001
0.014926107722506687,0.5690000000000001
0.01246276433112059,0.5691
0.010077802027801175,0.5692
0.008097181497499939,0.5693
0.0067068799001002155,0.5694
0.006022992760153167,0.5695
0.006100219008701613,0.5696
0.006940424840893078,0.5697
0.007939472316725649,0.5698
0.00938778803005147,0.5699000000000001
0.011619422560498194,0.5700000000000001
0.014423305865724378,0.5701
0.0176015195435113,0.5702
0.02132559829676617,0.5703
0.025629951554737573,0.5704
0.03038579272449704,0.5705
0.03549443350222581,0.5706
0.04084967235100079,0.5707
0.0463298628673241,0.5708
0.05181844899726107,0.5709000000000001
0.05729424736525335,0.5710000000000001
0.06274974451979831,0.5711
0.06814326742149046,0.5712
0.07343176087971492,0.5713
0.07857476832540966,0.5714
0.0835370080518979,0.5715
0.08828944334292055,0.5716
0.09280652545035284,0.5717
0.09706479526417933,0.5718
0.10104156165776379,0.5719000000000001
0.10471479918434456,0.5720000000000001
0.10806319150021071,0.5721
0.11106670344385616,0.5722
0.1137071434855701,0.5723
0.11596899425266893,0.5724
0.11783994840581613,0.5725
0.1193112587730234,0.5726
0.12037753180613464,0.5727
0.12103632005143405,0.5728
0.12128749561588803,0.5729000000000001
0.12113277614905693,0.5730000000000001
0.12024170473240758,0.5731
0.11728034724427416,0.5732
0.11409067512347149,0.5733
0.11073623577657987,0.5734
0.10724394647983071,0.5735
0.10362896735433014,0.5736
0.09991178983888627,0.5737
0.09611599853027197,0.5738
0.0922707978781504,0.5739000000000001
0.08840794769102511,0.5740000000000001
0.08443804057286552,0.5741
0.08038895943524671,0.5742
0.07639182888316198,0.5743
0.072479949275429,0.5744
0.0686813123119715,0.5745
0.06493057599726848,0.5746
0.061104306057165214,0.5747
0.05736695935466085,0.5748
0.05353144942913901,0.5749000000000001
0.0498797479582318,0.5750000000000001
0.04632945018947909,0.5751000000000001
0.042710957086501855,0.5752
0.038990820825125505,0.5753
0.0354134574229199,0.5754
0.0317608652516872,0.5755
0.028108586269352864,0.5756
0.024571054641979062,0.5757
0.02121462315893541,0.5758
0.018090770280170476,0.5759000000000001
0.015392008765833909,0.5760000000000001
0.013178522471044563,0.5761000000000001
0.01107088942219292,0.5762
0.009338967476534288,0.5763
0.008190622955269733,0.5764
0.00773388294700994,0.5765
0.008015930754699419,0.5766
0.009037563763403478,0.5767
0.01033567318461226,0.5768
0.011973081721275314,0.5769000000000001
0.014343838289762267,0.5770000000000001
0.01723869218115648,0.5771000000000001
0.020476127386069853,0.5772
0.02423903313482456,0.5773
0.02856764655169486,0.5774
0.033335330165095156,0.5775
0.03844359071733261,0.5776
0.04378583031497696,0.5777
0.04923979968260772,0.5778
0.054688263638045465,0.5779000000000001
0.060109255293676944,0.5780000000000001
0.06549424227366063,0.5781000000000001
0.07080056781966648,0.5782
0.07598446168845319,0.5783
0.08100502764856943,0.5784
0.08582676808050038,0.5785
0.09042058002887499,0.5786
0.09476099597009013,0.5787
0.09882483494651939,0.5788
0.10258996971987433,0.5789000000000001
0.10603531247015863,0.5790000000000001
0.10914089121074078,0.5791000000000001
0.1118883646047788,0.5792
0.11426143895932139,0.5793
0.11624651841885303,0.5794
0.11783309791228047,0.5795
0.11901405861029102,0.5796
0.11978548979798775,0.5797
0.12014634452680784,0.5798
0.12009785634196457,0.5799000000000001
0.11964306900827859,0.5800000000000001
0.11759748870328857,0.5801000000000001
0.11445493192248168,0.5802
0.11112390129513827,0.5803
0.10765085346225722,0.5804
0.10405626580773908,0.5805
0.10035748126841815,0.5806
0.09657547344661244,0.5807
0.09273580228097145,0.5808
0.08886828859584339,0.5809000000000001
0.08489124760620481,0.5810000000000001
0.08082268874590726,0.5811000000000001
0.07679538308804912,0.5812
0.07284327219657827,0.5813
0.06899503571856791,0.5814
0.06517272434329235,0.5815
0.061287486110379596,0.5816
0.057468142225141516,0.5817
0.05356605897243938,0.5818
0.0498402656152368,0.5819
0.046171368487270215,0.5820000000000001
0.04247044783098186,0.5821000000000001
0.03862341499512989,0.5822
0.03495997727849387,0.5823
0.031157553653015313,0.5824
0.027336322359762688,0.5825
0.023704105040529333,0.5826
0.0201595848365006,0.5827
0.016934659857608114,0.5828
0.014140304428207351,0.5829
0.011753825236881843,0.5830000000000001
0.009452252046751042,0.5831000000000001
0.007634210219718884,0.5832
0.006445177840904481,0.5833
0.005986625647135924,0.5834
0.006294559830673396,0.5835
0.007356960446592842,0.5836
0.00831925251660759,0.5837
0.009988391512693928,0.5838
0.012451377640843475,0.5839
0.015472488461525158,0.5840000000000001
0.01883480841893226,0.5841000000000001
0.02270815873293519,0.5842
0.02712984511732941,0.5843
0.03197559317146559,0.5844
0.03715040228424793,0.5845
0.04255030909420432,0.5846
0.04805399360580309,0.5847
0.05354551210627845,0.5848
0.05900739576037872,0.5849
0.06443561198601999,0.5850000000000001
0.06979015873591776,0.5851000000000001
0.0750293874967245,0.5852
0.08011396205404386,0.5853
0.0850094938359437,0.5854
0.08968765129240941,0.5855
0.09412341818308556,0.5856
0.09829373848988221,0.5857
0.1021762364886174,0.5858
0.10574916100263831,0.5859
0.10899150240413613,0.5860000000000001
0.11188366628670787,0.5861000000000001
0.11440812621820085,0.5862
0.11655027508000748,0.5863
0.11829887307040365,0.5864
0.11964623583759781,0.5865
0.12058786609220806,0.5866
0.12112196948216081,0.5867
0.12124885672665164,0.5868
0.12097057067906791,0.5869
0.11933401514502373,0.5870000000000001
0.11629836184594033,0.5871000000000001
0.11305558739013899,0.5872
0.10965721222178537,0.5873
0.10612575829768955,0.5874
0.10247813936641048,0.5875
0.09873542789458611,0.5876
0.09492285557285352,0.5877
0.09107035999359203,0.5878
0.08720991828243341,0.5879
0.0831781529300456,0.5880000000000001
0.07914090507564175,0.5881000000000001
0.075166621001583,0.5882000000000001
0.07128705024818527,0.5883
0.06752939305672578,0.5884
0.06372987428893329,0.5885
0.0599518040871424,0.5886
0.05616901871936997,0.5887
0.052389525660649916,0.5888
0.04880444948107554,0.5889
0.04520136399345209,0.5890000000000001
0.04161092527678312,0.5891000000000001
0.03787192838458586,0.5892000000000001
0.03431688372837782,0.5893
0.03067121577299381,0.5894
0.026984939359342874,0.5895
0.023545230071273515,0.5896
0.0202022684684513,0.5897
0.017200288389177754,0.5898
0.014646226496072945,0.5899
0.01253056389515872,0.5900000000000001
0.010473215388178803,0.5901000000000001
0.008902237941526892,0.5902000000000001
0.007956754689778522,0.5903
0.007726661329522377,0.5904
0.008239477368346737,0.5905
0.00948440495702818,0.5906
0.010746338297942026,0.5907
0.012600661670933988,0.5908
0.014990984672368812,0.5909
0.01778271652269159,0.5910000000000001
0.021175181984054214,0.5911000000000001
0.02520783160324136,0.5912000000000001
0.02974606028955451,0.5913
0.034683214042183774,0.5914
0.03990730382586816,0.5915
0.04533292420848234,0.5916
0.050842269877385604,0.5917
0.056325568011052596,0.5918
0.06176229555706092,0.5919
0.06714669059340128,0.5920000000000001
0.07243549560082452,0.5921000000000001
0.0775865218773425,0.5922000000000001
0.08255997001352688,0.5923
0.08732240896389443,0.5924
0.0918461680540239,0.5925
0.09610730092396969,0.5926
0.10008357128084999,0.5927
0.10375378277355984,0.5928
0.10709747902418387,0.5929
0.11009535926794756,0.5930000000000001
0.11272964140089214,0.5931000000000001
0.11498471195136284,0.5932000000000001
0.11684772544606259,0.5933
0.11830914557437844,0.5934
0.11936296111198808,0.5935
0.12000649051059797,0.5936
0.12023985251949953,0.5937
0.12006525473775942,0.5938
0.1194863705966892,0.5939
0.1166590589780313,0.5940000000000001
0.11344943548437736,0.5941000000000001
0.11007490644216977,0.5942000000000001
0.10656736115863918,0.5943
0.10294156553689748,0.5944
0.09921653949011922,0.5945
0.0954141102479481,0.5946
0.09156207838918884,0.5947
0.08769147894814222,0.5948
0.0836549708959099,0.5949
0.07959481852276218,0.595
0.07558790666040083,0.5951000000000001
0.07166607411180892,0.5952000000000001
0.06785651445838548,0.5953
0.06399179592165327,0.5954
0.060150558269678966,0.5955
0.0562875017078559,0.5956
0.05243642424275308,0.5957
0.048772217819113006,0.5958
0.0450497761154689,0.5959
0.04132928347868092,0.596
0.037504124227704105,0.5961000000000001
0.03380067929258379,0.5962000000000001
0.030048929116270218,0.5963
0.026208485148387695,0.5964
0.022622145479438416,0.5965
0.01913632221217787,0.5966
0.016033729041021294,0.5967
0.013381546970205216,0.5968
0.011006975792338336,0.5969
0.008846099659643336,0.597
0.00721061545567081,0.5971000000000001
0.006236531385175104,0.5972000000000001
0.006008718887871023,0.5973
0.006548952015689391,0.5974
0.007603789582223852,0.5975
0.008762141836639925,0.5976
0.010679392622406692,0.5977
0.013386746949470396,0.5978
0.01662150678277552,0.5979
0.02016103545256498,0.598
0.024176948568014334,0.5981000000000001
0.028710671225059325,0.5982000000000001
0.03364173528607539,0.5983
0.03887764984386721,0.5984
0.04427709099717725,0.5985
0.049718631391014956,0.5986
0.055169795734780536,0.5987
0.060620473779381956,0.5988
0.06602706983694873,0.5989
0.07134701843876756,0.599
0.07653840488089436,0.5991000000000001
0.08156503110541713,0.5992000000000001
0.08639594673282225,0.5993
0.09100425679741819,0.5994
0.09536495915976206,0.5995
0.0994543178045123,0.5996
0.1032492526932276,0.5997
0.10672768543533995,0.5998
0.10986873680157949,0.5999
0.11265338797973456,0.6
0.11506507300245017,0.6001000000000001
0.11709034560058418,0.6002000000000001
0.11871919891347504,0.6003000000000001
0.11994502127972906,0.6004
0.12076418319076021,0.6005
0.12117549022777152,0.6006
0.12117971169001873,0.6007
0.12077923752448194,0.6008
0.11844185462700518,0.6009
0.11533111448279887,0.601
0.11203325160516742,0.6011000000000001
0.10858846264536215,0.6012000000000001
0.10501534703540971,0.6013000000000001
0.1013328773545994,0.6014
0.09756309147795184,0.6015
0.09373304924037462,0.6016
0.08987338414758206,0.6017
0.08597850983694622,0.6018
0.08191869655389683,0.6019
0.07789620683246379,0.602
0.07394693063070135,0.6021000000000001
0.07010070118661249,0.6022000000000001
0.06638367771911213,0.6023000000000001
0.06252733465791893,0.6024
0.058793948080200664,0.6025
0.05495409277078722,0.6026
0.05122811974326669,0.6027
0.04770865549676784,0.6028
0.04404353348511081,0.6029
0.04039236420797199,0.603
0.036724216224669926,0.6031000000000001
0.033128008457929736,0.6032000000000001
0.029514108303829056,0.6033000000000001
0.02585987807812451,0.6034
0.022476747412349285,0.6035
0.019204929129452264,0.6036
0.01633229292812488,0.6037
0.013926217695263476,0.6038
0.011815911817444125,0.6039
0.009902316504859066,0.604
0.008516550676502366,0.6041000000000001
0.007786396554468666,0.6042000000000001
0.00778512531726494,0.6043000000000001
0.008528188960188698,0.6044
0.009850155561626606,0.6045
0.01121904569245924,0.6046
0.013306049857884306,0.6047
0.015928805631241216,0.6048
0.01893007234752897,0.6049
0.02249812584322175,0.605
0.026671766799940322,0.6051000000000001
0.03131988003385211,0.6052000000000001
0.036339848891756565,0.6053000000000001
0.041622491055756994,0.6054
0.04704546061179227,0.6055
0.05249090479490515,0.6056
0.0579317544576341,0.6057
0.06335457530618271,0.6058
0.0687143214065995,0.6059
0.07396524584063835,0.606
0.07906493121976343,0.6061000000000001
0.08397671657147587,0.6062000000000001
0.08867060079679234,0.6063000000000001
0.09312041338565769,0.6064
0.09730236059411446,0.6065
0.1011937213826204,0.6066
0.10477280693867275,0.6067
0.1080190160992629,0.6068
0.11091329550161277,0.6069
0.11343847341695201,0.607
0.11557985758931255,0.6071000000000001
0.11732567831660312,0.6072000000000001
0.11866753548053777,0.6073000000000001
0.11960040771692326,0.6074
0.12012242094141656,0.6075
0.12023425307179403,0.6076
0.11993854492626987,0.6077
0.11878100873531083,0.6078
0.11572947191089256,0.6079
0.11246342329602166,0.608
0.10904384723869864,0.6081
0.10549650246191011,0.6082000000000001
0.1018366083895782,0.6083000000000001
0.09808442683507679,0.6084
0.09426354504175205,0.6085
0.09040293807112565,0.6086
0.0865110744114761,0.6087
0.08243681622012755,0.6088
0.07838967537359842,0.6089
0.0744061419323544,0.609
0.07051602627298348,0.6091
0.06674537165360128,0.6092000000000001
0.06282929642114754,0.6093000000000001
0.05903092077049821,0.6094
0.05511541519912888,0.6095
0.05131528776662231,0.6096
0.04771367391714709,0.6097
0.043933496753649104,0.6098
0.040155549195932005,0.6099
0.036397876699432175,0.61
0.03265541893855217,0.6101
0.028879307068084836,0.6102000000000001
0.025129064476559604,0.6103000000000001
0.021567324452587133,0.6104
0.018193192250891776,0.6105
0.015220983865160687,0.6106
0.012713921372396353,0.6107
0.010343950075803354,0.6108
0.008322356033379164,0.6109
0.00687221540749583,0.611
0.006116070277762731,0.6111
0.006117612293291552,0.6112000000000001
0.006883979396777651,0.6113000000000001
0.007907767252292253,0.6114
0.009285909654693558,0.6115
0.011440408029149474,0.6116
0.014375509620215388,0.6117
0.017805978040723147,0.6118
0.02150657312347204,0.6119
0.02565118156224777,0.612
0.030285034128174848,0.6121
0.035291066853513575,0.6122000000000001
0.04057913116674605,0.6123000000000001
0.04600823395831766,0.6124
0.05145763701833639,0.6125
0.056899186855834394,0.6126
0.062326709353426546,0.6127
0.0676982746786805,0.6128
0.07297260583689746,0.6129
0.07810873903913962,0.613
0.08307123072206113,0.6131
0.0878297755839833,0.6132000000000001
0.09235804206488729,0.6133000000000001
0.09663154256132345,0.6134000000000001
0.10062701764790172,0.6135
0.10432182588390859,0.6136
0.10769431433683996,0.6137
0.1107240858050198,0.6138
0.11339275185072406,0.6139
0.11568457885342931,0.614
0.11758710956895113,0.6141
0.11909134871427463,0.6142000000000001
0.12019155914224489,0.6143000000000001
0.12088475917970665,0.6144000000000001
0.12117019322784572,0.6145
0.12104896352994243,0.6146
0.12042559650905105,0.6147
0.1174847203558872,0.6148
0.11430689861416632,0.6149
0.11096113309826616,0.615
0.10747709127713279,0.6151
0.1038700511151055,0.6152000000000001
0.10016049006549899,0.6153000000000001
0.0963711137437131,0.6154000000000001
0.09253034924176562,0.6155
0.08866935293511102,0.6156
0.084709427810428,0.6157
0.0806580852317621,0.6158
0.07665546415039248,0.6159
0.07273526315006462,0.616
0.0689258516081438,0.6161
0.06517521103787116,0.6162000000000001
0.061336246499292923,0.6163000000000001
0.05759890522736999,0.6164000000000001
0.053749598527950804,0.6165
0.05008229181127555,0.6166
0.04653590045663858,0.6167
0.042903245811535706,0.6168
0.039192636617544796,0.6169
0.0356010332101635,0.617
0.03195835950206627,0.6171
0.028312979838157837,0.6172000000000001
0.024755836768675987,0.6173000000000001
0.021393155063939906,0.6174000000000001
0.01824195950463947,0.6175
0.015510636901898023,0.6176
0.013261065279784212,0.6177
0.011144951131276004,0.6178
0.009379186320016553,0.6179
0.008189001715066535,0.618
0.007685769098401574,0.6181
0.007920817134914104,0.6182000000000001
0.008896948608126953,0.6183000000000001
0.010187547902869465,0.6184000000000001
0.01178012937667794,0.6185
0.014105521142857347,0.6186
0.016958127364342657,0.6187
0.02015924288961557,0.6188
0.023892170937253265,0.6189
0.028196835224945316,0.619
0.032946007999884896,0.6191
0.03804070908949897,0.6192000000000001
0.043374056482579526,0.6193000000000001
0.048823823215540685,0.6194000000000001
0.054272701281509406,0.6195
0.059698034992336835,0.6196
0.0650906122881274,0.6197
0.07040741420151575,0.6198
0.07560435921943898,0.6199
0.08064031248938164,0.62
0.0854796103782125,0.6201
0.09009304793212203,0.6202000000000001
0.09445510162061344,0.6203000000000001
0.09854254996204459,0.6204000000000001
0.10233321242518667,0.6205
0.10580591647421533,0.6206
0.10894056331024904,0.6207
0.11171863578414176,0.6208
0.11412361171468344,0.6209
0.11614161895672825,0.621
0.11776184836994019,0.6211
0.11897688181694022,0.6212
0.11978254868942961,0.6213000000000001
0.1201776028697581,0.6214000000000001
0.12016314031665365,0.6215
0.11974211142926272,0.6216
0.1178527155620317,0.6217
0.11473026198285308,0.6218
0.11141459354559569,0.6219
0.107954646968066,0.622
0.10437178503709144,0.6221
0.10068295771832436,0.6222
0.09690897840403889,0.6223000000000001
0.09307502629383213,0.6224000000000001
0.08921073627517728,0.6225
0.08525570562615137,0.6226
0.08118764845533466,0.6227
0.0771575945327414,0.6228
0.07320012142956789,0.6229
0.0693443462821628,0.623
0.06554237289149911,0.6231
0.06164838976661291,0.6232
0.05784985903149331,0.6233000000000001
0.0539368186572351,0.6234000000000001
0.05019681670553289,0.6235
0.04655113817230849,0.6236
0.042835437688888645,0.6237
0.03901236980934919,0.6238
0.035330861396123625,0.6239
0.03154996757927586,0.624
0.02774655956615457,0.6241
0.02408982150287864,0.6242
0.020548195774152234,0.6243000000000001
0.0172914410977687,0.6244000000000001
0.01445804980455967,0.6245
0.01207614733781237,0.6246
0.009736151276725113,0.6247
0.007866709273914863,0.6248
0.006614965788094063,0.6249
0.00608604849422445,0.625
0.0063206488026983365,0.6251
0.007311890998888959,0.6252
0.008306826998846661,0.6253000000000001
0.009903872635729671,0.6254000000000001
0.012288140670434489,0.6255000000000001
0.015233448014405848,0.6256
0.0185308820849992,0.6257
0.022351366582463505,0.6258
0.026731283522141824,0.6259
0.03154469692892703,0.626
0.0366952214802061,0.6261
0.04207805495558792,0.6262
0.047571741697473025,0.6263000000000001
0.053060085442089955,0.6264000000000001
0.05852420339646547,0.6265000000000001
0.063958717968157,0.6266
0.06932295500422347,0.6267
0.07457470942760369,0.6268
0.0796742068128149,0.6269
0.0845867101831006,0.627
0.08928361282583597,0.6271
0.09373969964433271,0.6272
0.0979317891752497,0.6273000000000001
0.1018374473855358,0.6274000000000001
0.10543491300139562,0.6275000000000001
0.10870317411364794,0.6276
0.1116225861743142,0.6277
0.11417547735764111,0.6278
0.11634698798724241,0.6279
0.11812555568759042,0.628
0.11950317130987631,0.6281
0.12047507588083661,0.6282
0.12103930582229905,0.6283000000000001
0.12119608269465143,0.6284000000000001
0.12094740121587622,0.6285000000000001
0.11952596293446094,0.6286
0.1165083878528137,0.6287
0.11327796278388191,0.6288
0.10988979125207521,0.6289
0.10636769369384558,0.629
0.10272804269820324,0.6291
0.09899171683827424,0.6292
0.09518343187677913,0.6293000000000001
0.09133287031027149,0.6294000000000001
0.0874718803764073,0.6295000000000001
0.08345120338105827,0.6296
0.07941057073910951,0.6297
0.07543003522948999,0.6298
0.07154178997568494,0.6299
0.06777339009827099,0.63
0.06397948726003244,0.6301
0.06018940193735989,0.6302
0.05641215043982184,0.6303000000000001
0.05261883435188297,0.6304000000000001
0.049017352939938474,0.6305000000000001
0.04542004650141762,0.6306
0.041835308033614016,0.6307
0.038079094780071765,0.6308
0.03452553756819832,0.6309
0.030859281776820957,0.631
0.027170350273301613,0.6311
0.023706117026425888,0.6312
0.020351225218292912,0.6313000000000001
0.017320021600845337,0.6314000000000001
0.014732272435686866,0.6315000000000001
0.012601302216321608,0.6316
0.010510415513351301,0.6317
0.00890009030822525,0.6318
0.007911106486781172,0.6319
0.007635909290321541,0.632
0.008104131003791482,0.6321
0.009306673116577846,0.6322
0.010561878463344554,0.6323000000000001
0.012373689754245465,0.6324000000000001
0.014928772688657777,0.6325000000000001
0.017999992139269727,0.6326
0.021389863319674074,0.6327
0.025277853637998282,0.6328
0.029705250826505658,0.6329
0.034548448748253024,0.633
0.039711806315034126,0.6331
0.04509061186909502,0.6332
0.05056293407884227,0.6333000000000001
0.056012129866848115,0.6334000000000001
0.0614195620839918,0.6335000000000001
0.06677990463234651,0.6336
0.07205215505314544,0.6337
0.07719392919417989,0.6338
0.08216543115820829,0.6339
0.08693203200652977,0.634
0.0914653140378503,0.6341
0.0957403323035152,0.6342
0.09973431235649832,0.6343
0.10342545375363166,0.6344000000000001
0.10679294591744204,0.6345000000000001
0.10981708558066794,0.6346
0.11247985939303407,0.6347
0.11476543522825355,0.6348
0.11666085134859216,0.6349
0.11815636747215807,0.635
0.11924564927071979,0.6351
0.1199254589092994,0.6352
0.12019523441707158,0.6353
0.12005651430847863,0.6354000000000001
0.11951254539356049,0.6355000000000001
0.11691496017114578,0.6356
0.11372453658418069,0.6357
0.11036191198530854,0.6358
0.10686403896622054,0.6359
0.10324789018549507,0.636
0.09953211369510861,0.6361
0.09573808908428316,0.6362
0.09189261365776658,0.6363
0.08802604500663547,0.6364000000000001
0.08400676030852128,0.6365000000000001
0.07994672069283737,0.6366
0.0759363982576825,0.6367
0.07200820040604594,0.6368
0.06818976292073664,0.6369
0.06433607387857343,0.637
0.06048424028915089,0.6371
0.056632866197637854,0.6372
0.05276995036936882,0.6373
0.049091519516679005,0.6374000000000001
0.045387956582360056,0.6375000000000001
0.04169079880764581,0.6376000000000001
0.037854374614156416,0.6377
0.034176104772764004,0.6378
0.0304254226496945,0.6379
0.026594284820134373,0.638
0.023022202625258004,0.6381
0.01951298906038934,0.6382
0.016378858283623732,0.6383
0.013689733820806627,0.6384000000000001
0.01132933582177631,0.6385000000000001
0.009132498369138764,0.6386000000000001
0.007444919837639619,0.6387
0.006405985995756813,0.6388
0.006106501637425765,0.6389
0.006573276565964292,0.639
0.007658357674328098,0.6391
0.008745609471269233,0.6392
0.010580022619756102,0.6393
0.013203266401808023,0.6394000000000001
0.016363214300750606,0.6395000000000001
0.019839681972384726,0.6396000000000001
0.023804027691352925,0.6397
0.02829639184317201,0.6398
0.03319506978620779,0.6399
0.038406763969462965,0.64
0.04382868310822308,0.6401
0.049339847646916235,0.6402
0.05482502168304748,0.6403
0.06026931384797751,0.6404000000000001
0.0656709442847444,0.6405000000000001
0.07099089466019726,0.6406000000000001
0.07618826464500128,0.6407
0.0812243166628267,0.6408
0.08606519609327823,0.6409
0.09068306365452772,0.641
0.09505332086240192,0.6411
0.09915323928932551,0.6412
0.10296069370626759,0.6413
0.10645415623306931,0.6414000000000001
0.10961289393723972,0.6415000000000001
0.11241771997210759,0.6416000000000001
0.11485168230090448,0.6417
0.11690088058597825,0.6418
0.11855481961382663,0.6419
0.11980649004670751,0.642
0.12065193341389246,0.6421
0.12108976007137973,0.6422
0.12112060399479674,0.6423
0.12074681297560086,0.6424000000000001
0.11859015960770147,0.6425000000000001
0.11549941850660028,0.6426000000000001
0.11221720114806466,0.6427
0.10878661993526795,0.6428
0.10522709515816409,0.6429
0.10155670576050257,0.643
0.097796845536406,0.6431
0.09397380923967136,0.6432
0.09011796687994222,0.6433
0.08623693229959184,0.6434000000000001
0.08217720033500253,0.6435000000000001
0.07815202651126396,0.6436000000000001
0.07419790060676623,0.6437
0.07034499285043405,0.6438
0.06661955592588131,0.6439
0.062770677860713,0.644
0.05902745925179609,0.6441
0.055192976026441576,0.6442
0.05145469280194925,0.6443
0.047920142019654444,0.6444000000000001
0.04425806994509829,0.6445000000000001
0.04060877066228841,0.6446000000000001
0.036923880823197086,0.6447
0.033325511413008435,0.6448
0.029706683047571847,0.6449
0.026031874924382636,0.645
0.02263581345963339,0.6451
0.019339928040397858,0.6452
0.016440126220016227,0.6453
0.01400416502537416,0.6454000000000001
0.01188226787700497,0.6455000000000001
0.009939490743091195,0.6456000000000001
0.008518423965402144,0.6457
0.007748606894400378,0.6458
0.007706101606280713,0.6459
0.008408339193067826,0.646
0.00972526513305838,0.6461
0.01105369466307815,0.6462
0.013098788685822926,0.6463
0.015681991070343626,0.6464000000000001
0.018649177006549555,0.6465000000000001
0.022189084685916738,0.6466000000000001
0.026340128566204157,0.6467
0.030970481611614753,0.6468
0.03597695183025951,0.6469
0.04125004595372461,0.647
0.04666749225385214,0.6471
0.05211144570582982,0.6472
0.05755419185941113,0.6473
0.06298170466146147,0.6474000000000001
0.06834873029512978,0.6475000000000001
0.07360936215373348,0.6476000000000001
0.07872106179288496,0.6477
0.08364706165558389,0.6478
0.08835725664051663,0.6479
0.0928253743459646,0.648
0.09702751791046071,0.6481
0.10094085981334877,0.6482
0.10454359944903724,0.6483
0.10781501417982498,0.6484
0.11073591155202356,0.6485000000000001
0.11328895520209492,0.6486000000000001
0.11545926117311511,0.6487
0.11723485203969752,0.6488
0.11860712386559247,0.6489
0.11957087552669832,0.649
0.1201240853581721,0.6491
0.1202673091771107,0.6492
0.12000307402364341,0.6493
0.11901302597314989,0.6494
0.11598052187730112,0.6495000000000001
0.11272864588914855,0.6496000000000001
0.10932102383945741,0.6497
0.10578437779548766,0.6498
0.1021335425367158,0.6499
0.09838865864445867,0.65
0.09457296238243207,0.6501
0.0907152822800229,0.6502
0.08684020857609365,0.6503
0.08276665241131798,0.6504
0.07871748695179859,0.6505000000000001
0.07472965635053286,0.6506000000000001
0.0708332671321873,0.6507000000000001
0.06705448154740212,0.6508
0.06315626686931575,0.6509
0.05934892596381558,0.651
0.055452543344382876,0.6511
0.051641505074684124,0.6512
0.04802588062919022,0.6513
0.04426835581772326,0.6514
0.04051365212263791,0.6515000000000001
0.036741094800836205,0.6516000000000001
0.0330176678406473,0.6517000000000001
0.029257160282019745,0.6518
0.025485899993427763,0.6519
0.02192609231094589,0.652
0.01852467964240434,0.6521
0.015519292537995444,0.6522
0.012974548506432315,0.6523
0.01061607241994933,0.6524
0.008559077811486349,0.6525000000000001
0.0070573326990661656,0.6526000000000001
0.0062377891950957665,0.6527000000000001
0.006171148485663025,0.6528
0.0068693721975494615,0.6529
0.007918872971620194,0.653
0.009231513268673996,0.6531
0.011312328302822694,0.6532
0.014174529044988171,0.6533
0.017541225810000283,0.6534
0.021188736729260027,0.6535000000000001
0.02529051617705469,0.6536000000000001
0.029890632156891916,0.6537000000000001
0.03487090451717778,0.6538
0.04014039772694655,0.6539
0.045558010178313735,0.654
0.051002767354975775,0.6541
0.05644501337923358,0.6542
0.06187717059741982,0.6543
0.06725667327004092,0.6544
0.07254174734814767,0.6545000000000001
0.0776910620679867,0.6546000000000001
0.08266889119329823,0.6547000000000001
0.08744469905300967,0.6548
0.0919919659851337,0.6549
0.09628604655042827,0.655
0.10030355060894425,0.6551
0.1040217343904295,0.6552
0.10741886327118921,0.6553
0.1104744533748413,0.6554
0.11316998816910662,0.6555000000000001
0.11548953892107339,0.6556000000000001
0.11742039520392145,0.6557000000000001
0.11895329316620529,0.6558
0.12008226723375204,0.6559
0.12080418145254679,0.656
0.12111819714482475,0.6561
0.12102537047256456,0.6562
0.12052838196299354,0.6563
0.11767797959042803,0.6564
0.1145137870860603,0.6565000000000001
0.11117824262264075,0.6566000000000001
0.10770305879640041,0.6567000000000001
0.10410372506808296,0.6568
0.10040040586732912,0.6569
0.09661547040044072,0.657
0.0927770324486541,0.6571
0.08891611527128529,0.6572
0.08496771328792618,0.6573
0.08091397059574779,0.6574
0.07690636932838546,0.6575000000000001
0.07297902500956244,0.6576000000000001
0.06916060415057468,0.6577000000000001
0.06541705097338746,0.6578
0.06156787931470031,0.6579
0.057837528746053746,0.658
0.05397619936645648,0.6581
0.050294387450715794,0.6582
0.0467548385453207,0.6583
0.04310694563448925,0.6584
0.03940336627182517,0.6585000000000001
0.03579413587453972,0.6586000000000001
0.032155020122726974,0.6587000000000001
0.028509044239097392,0.6588
0.024929333463170167,0.6589
0.02155483903605182,0.659
0.01837606670962777,0.6591
0.015613328092028311,0.6592
0.01332948225082542,0.6593
0.01120351812742193,0.6594
0.009405305188366686,0.6595000000000001
0.008175359455385944,0.6596000000000001
0.007628101509785212,0.6597000000000001
0.007818740987257877,0.6598
0.008752100165346999,0.6599
0.010036348191686972,0.66
0.01158739788441343,0.6601
0.013871081297250232,0.6602
0.01668528135691627,0.6603
0.019853894145159368,0.6604
0.023560476020053622,0.6605000000000001
0.027844513782786073,0.6606000000000001
0.03257809552575308,0.6607000000000001
0.037661686458382304,0.6608
0.042988075940724846,0.6609
0.0484350418842181,0.661
0.05388521688546111,0.6611
0.059315301538413356,0.6612
0.06471547669618116,0.6613
0.07004244897127931,0.6614
0.07525190963210371,0.6615
0.08030254701878003,0.6616000000000001
0.08515855866902067,0.6617000000000001
0.08979062832315832,0.6618
0.09417313969717689,0.6619
0.09828278240828181,0.662
0.10209727965528403,0.6621
0.10559534999981068,0.6622
0.10875676998605888,0.6623
0.1115628769477075,0.6624
0.11399697587488689,0.6625
0.11604499292487702,0.6626000000000001
0.11769589895971588,0.6627000000000001
0.1189420585763159,0.6628000000000001
0.1197791097316041,0.6629
0.12020565306722997,0.663
0.12022266633464396,0.6631
0.11983300112811146,0.6632
0.11810737048303932,0.6633
0.11500305332296801,0.6634
0.11170046409603063,0.6635
0.10825120838358226,0.6636000000000001
0.10467764155080761,0.6637000000000001
0.10099635484740488,0.6638000000000001
0.0972280594553554,0.6639
0.09339759755104271,0.664
0.08953446798941966,0.6641
0.0855972442303482,0.6642
0.08152787828374564,0.6643
0.07749361667088162,0.6644
0.07352960627434058,0.6645
0.06966534508830213,0.6646000000000001
0.06588003526744435,0.6647000000000001
0.06197660400818039,0.6648000000000001
0.05819560682447489,0.6649
0.05427129751461868,0.665
0.05051707604177502,0.6651
0.04689221544005262,0.6652
0.04316199752118011,0.6653
0.03936131446673419,0.6654
0.03566255800820861,0.6655
0.03190242693911394,0.6656000000000001
0.0281164590864198,0.6657000000000001
0.024436637905839387,0.6658000000000001
0.02089838949259204,0.6659
0.017611613989741093,0.666
0.014741514858195526,0.6661
0.012347570247382977,0.6662
0.009989729881718645,0.6663
0.008075912429596155,0.6664
0.006766599502193049,0.6665
0.006171441631958929,0.6666000000000001
0.006336811389428654,0.6667000000000001
0.007260533663866697,0.6668000000000001
0.008282888320416015,0.6669
0.009813350230636786,0.667
0.012124937598562369,0.6671
0.01500010497296822,0.6672
0.018237374130366524,0.6673
0.02200879611808082,0.6674
0.02634999203382704,0.6675
0.0311335439394671,0.6676000000000001
0.03626180284642677,0.6677000000000001
0.04162919168196355,0.6678000000000001
0.04711412936906578,0.6679
0.05260017884910151,0.668
0.05806712727232788,0.6681
0.06350833556532165,0.6682
0.06888250212445401,0.6683
0.07414690365585963,0.6684
0.07926136240904935,0.6685
0.08419082645686815,0.6686000000000001
0.08890644394024405,0.6687000000000001
0.09338281951702876,0.6688000000000001
0.09759664567120974,0.6689
0.10152540791597608,0.669
0.10514729854503702,0.6691
0.10844126824002531,0.6692
0.11138760433984429,0.6693
0.1139684964740939,0.6694
0.11616885945155764,0.6695
0.11797684213521187,0.6696000000000001
0.11938413740539833,0.6697000000000001
0.12038573735174896,0.6698000000000001
0.12097950903420629,0.6699
0.12116557754700386,0.67
0.12094588027460218,0.6701
0.1197231502695435,0.6702
0.1167222276888773,0.6703
0.11350305735070576,0.6704
0.11012404595608971,0.6705
0.1066102142169083,0.6706000000000001
0.1029774472616587,0.6707000000000001
0.099246452942234,0.6708000000000001
0.09544148248301587,0.6709
0.09159199606618162,0.671
0.08772973940521367,0.6711
0.08372114391323215,0.6712
0.07967663709266948,0.6713
0.0756894906875577,0.6714
0.07179238937923837,0.6715
0.0680132567216496,0.6716000000000001
0.06422706204474393,0.6717000000000001
0.060425161331500554,0.6718000000000001
0.05665578800097415,0.6719
0.05284884219929831,0.672
0.04923116239502723,0.6721
0.04564206608568755,0.6722
0.04205658962908676,0.6723
0.038292188164509744,0.6724
0.034742405151356515,0.6725
0.031055478529754987,0.6726000000000001
0.027365201218146895,0.6727000000000001
0.02387614906324953,0.6728000000000001
0.020510352284014877,0.6729
0.017449736957428685,0.673
0.014828145311024832,0.6731
0.012683979660517819,0.6732
0.010559517668456975,0.6733
0.008909428680572207,0.6734
0.007876252362737368,0.6735
0.007555092034133848,0.6736000000000001
0.007977787899163813,0.6737000000000001
0.009137101881754539,0.6738000000000001
0.010387684624784121,0.6739
0.012156262363941517,0.674
0.014668866879827824,0.6741
0.017701822283217705,0.6742
0.021059958830278225,0.6743
0.024922804581360758,0.6744
0.029331076452913996,0.6745
0.03416040295711853,0.6746
0.03931452579447714,0.6747000000000001
0.04468833781486503,0.6748000000000001
0.05015982273289077,0.6749
0.05561220899291719,0.675
0.06102623341764957,0.6751
0.06639600332465478,0.6752
0.07168026598844501,0.6753
0.0768364341931761,0.6754
0.08182454148388796,0.6755
0.08660980114817052,0.6756
0.09116364684643152,0.6757000000000001
0.09546100231099364,0.6758000000000001
0.09947898264083221,0.6759000000000001
0.10319569354990021,0.676
0.10659023388557876,0.6761
0.1096427929579924,0.6762
0.11233521379121003,0.6763
0.11465147500551898,0.6764
0.11657838687954591,0.6765
0.11810596531654804,0.6766
0.11922764513759443,0.6767000000000001
0.11993999323207383,0.6768000000000001
0.12024229459042701,0.6769000000000001
0.12013596839785712,0.677
0.11962415891061884,0.6771
0.11718716990073963,0.6772
0.11401419751572073,0.6773
0.11066389053378423,0.6774
0.10717588117213861,0.6775
0.10356813125334152,0.6776
0.09985892875271152,0.6777000000000001
0.09606955882385926,0.6778000000000001
0.092226498008527,0.6779000000000001
0.08835998900920916,0.678
0.08435970445125518,0.6781
0.080297296575365,0.6782
0.07628160949387153,0.6783
0.0723456889520332,0.6784
0.06851758078718972,0.6785
0.0646820660118671,0.6786
0.0608195830021776,0.6787000000000001
0.05698719801582852,0.6788000000000001
0.05311157007948197,0.6789000000000001
0.04941728358819186,0.679
0.04573586029885357,0.6791
0.042061207728300465,0.6792
0.03820785238382585,0.6793
0.03454772675578455,0.6794
0.030775823411524073,0.6795
0.026959585005285724,0.6796
0.02337558822660002,0.6797000000000001
0.019855876609421674,0.6798000000000001
0.016688294241801627,0.6799000000000001
0.013959662018681485,0.68
0.011606360287336637,0.6801
0.00937091649690358,0.6802
0.007630616183505579,0.6803
0.006527975793773955,0.6804
0.0061589943430868654,0.6805
0.006555058001536551,0.6806
0.007663609934553728,0.6807000000000001
0.008682959493274689,0.6808000000000001
0.010439386847916676,0.6809000000000001
0.01298444958095768,0.681
0.016075785365039952,0.6811
0.019495316963836107,0.6812
0.02341399275156708,0.6813
0.02787058936235698,0.6814
0.03274210608426853,0.6815
0.0379343830649288,0.6816
0.043344002697718986,0.6817000000000001
0.04884977352258524,0.6818000000000001
0.054336018826964594,0.6819000000000001
0.05978636301161333,0.682
0.06519772182303418,0.6821
0.0705304873910122,0.6822
0.07574331717442928,0.6823
0.08079712685398288,0.6824
0.08565776324776408,0.6825
0.09029712318864325,0.6826
0.09469039962426218,0.6827000000000001
0.09881472093293053,0.6828000000000001
0.10264787899772221,0.6829000000000001
0.1061682989103141,0.683
0.10935519346082223,0.6831
0.11218926907425997,0.6832
0.11465338763768829,0.6833
0.11673339431094554,0.6834
0.11841851696961703,0.6835
0.11970150358214038,0.6836
0.12057822273438035,0.6837000000000001
0.12104717878002402,0.6838000000000001
0.12110893485771979,0.6839000000000001
0.12076576655745874,0.684
0.11880739338916635,0.6841
0.11573368703135722,0.6842
0.11246288074645672,0.6843
0.10904138397418639,0.6844
0.10548982356383041,0.6845
0.10182581042858208,0.6846
0.09807060902239284,0.6847000000000001
0.09425009277006346,0.6848000000000001
0.09039445228475051,0.6849000000000001
0.08652711914468714,0.685
0.08246503205138722,0.6851
0.07843464565306946,0.6852
0.07447290419393038,0.6853
0.070610290993384,0.6854
0.06687321237358812,0.6855
0.06303461161543122,0.6856
0.059278585463136135,0.6857000000000001
0.05545440672483015,0.6858000000000001
0.051701076197200324,0.6859000000000001
0.04814857717033694,0.686
0.04449685201082754,0.6861
0.04085728649987419,0.6862
0.03715298940327516,0.6863
0.03355859068276268,0.6864
0.029939185403386803,0.6865
0.026239323066909348,0.6866
0.022830407854950163,0.6867000000000001
0.019504509004633297,0.6868000000000001
0.016570759639590982,0.6869000000000001
0.014097679965769494,0.687
0.011965220896254625,0.6871
0.009986493359951387,0.6872
0.008521529126728655,0.6873
0.007702596321877531,0.6874
0.0076096353247665505,0.6875
0.008262607105863573,0.6876
0.009574518584746006,0.6877
0.010855035345872732,0.6878000000000001
0.012850605238894142,0.6879000000000001
0.015387392081657625,0.6880000000000001
0.018315155139194017,0.6881
0.021823180897974526,0.6882
0.025949366727973766,0.6883
0.030560960351526445,0.6884
0.03555401482380338,0.6885
0.0408186048782635,0.6886
0.046232471841987755,0.6887
0.05167768753581092,0.6888000000000001
0.05712567909206401,0.6889000000000001
0.06256162873929882,0.6890000000000001
0.06793995285748111,0.6891
0.07321449004761682,0.6892
0.07834251490841704,0.6893
0.08328710929053529,0.6894
0.08801803387100948,0.6895
0.09250889108218696,0.6896
0.09673566016938406,0.6897
0.10067538781440277,0.6898000000000001
0.10430614506421854,0.6899000000000001
0.10760707423493876,0.6900000000000001
0.11055883047002879,0.6901
0.11314389459442964,0.6902
0.11534716407752155,0.6903
0.11715641922047015,0.6904
0.11856281640449051,0.6905
0.11956094611475943,0.6906
0.12014862372531443,0.6907
0.12032628165985304,0.6908000000000001
0.1200963422549749,0.6909000000000001
0.11928292264199736,0.6910000000000001
0.11627022516270158,0.6911
0.11303284643824218,0.6912
0.10963719129594762,0.6913
0.1061109979243654,0.6914
0.10246870481382764,0.6915
0.09873033062037084,0.6916
0.09491875087176416,0.6917
0.09106265089076648,0.6918000000000001
0.08719332419877823,0.6919000000000001
0.08313262820097944,0.6920000000000001
0.07907972349468306,0.6921
0.07508528300414385,0.6922
0.07118001433093024,0.6923
0.06739043682434398,0.6924
0.0635118386020862,0.6925
0.0596929030059532,0.6926
0.05581742021381797,0.6927
0.0519926418166381,0.6928000000000001
0.048359910619073965,0.6929000000000001
0.04462686193830767,0.6930000000000001
0.04089695485537881,0.6931
0.03710605936291822,0.6932
0.03340216631566362,0.6933
0.029657043764731883,0.6934
0.025860370357601026,0.6935
0.02230057178585021,0.6936
0.018866997727004176,0.6937
0.01582326156989744,0.6938000000000001
0.013235544926933462,0.6939000000000001
0.010887865862612145,0.6940000000000001
0.008790303779894204,0.6941
0.007231136243865066,0.6942
0.0063421126422684715,0.6943
0.006201300865450454,0.6944
0.006825733908064624,0.6945
0.00789883173141126,0.6946
0.009140641375250835,0.6947
0.011142465812032043,0.6948000000000001
0.013927081579515166,0.6949000000000001
0.017226397756615386,0.6950000000000001
0.020818290446947163,0.6951
0.024875672897341383,0.6952
0.02944131016828022,0.6953
0.03439578427703904,0.6954
0.03964728662420991,0.6955
0.04505456628700899,0.6956
0.050496359775388466,0.6957
0.05594138544867633,0.6958000000000001
0.06138055899654149,0.6959000000000001
0.06677063085619606,0.6960000000000001
0.07206929595551448,0.6961
0.07723483563125288,0.6962
0.08223122739908606,0.6963
0.08702769461969484,0.6964
0.09159751841155228,0.6965
0.09591588182198518,0.6966
0.09995924776884513,0.6967
0.10370475271791735,0.6968000000000001
0.10713056264469012,0.6969000000000001
0.11021608839681496,0.6970000000000001
0.11294266410407261,0.6971
0.1152941409210847,0.6972
0.11725752774972176,0.6973
0.11882326560038126,0.6974
0.1199851385498345,0.6975
0.12073984067536347,0.6976
0.12108643948303699,0.6977
0.12102593608814438,0.6978000000000001
0.12056095298806002,0.6979000000000001
0.11791434759656194,0.6980000000000001
0.11476752554813574,0.6981
0.11144343190462103,0.6982
0.10797724197137382,0.6983
0.10438570415444137,0.6984
0.10068847754679744,0.6985
0.09690777880654722,0.6986
0.09307127185846009,0.6987
0.08920979868733192,0.6988000000000001
0.08527618699814876,0.6989000000000001
0.08121916660037565,0.6990000000000001
0.07720526241234016,0.6991
0.07326914259602668,0.6992
0.06943985601012737,0.6993
0.06570695249133629,0.6994
0.06184605738270754,0.6995
0.05812756084188053,0.6996
0.054252455341686545,0.6997
0.05055293372461667,0.6998000000000001
0.04702024367562929,0.6999000000000001
0.043351415987145536,0.7000000000000001
0.03965117118806383,0.7001000000000001
0.03601895321632931,0.7002
0.03238119178471943,0.7003
0.028734039168347936,0.7004
0.025128372307054336,0.7005
0.021742064659606708,0.7006
0.01853204386780516,0.7007
0.015733407026817137,0.7008
0.013410195701305527,0.7009000000000001
0.011274869279847444,0.7010000000000001
0.009439060960382939,0.7011000000000001
0.00816264814250145,0.7012
0.007563839228517555,0.7013
0.007702542784174149,0.7014
0.008585971383247903,0.7015
0.009863900247496948,0.7016
0.011366497372477191,0.7017
0.013601316715001088,0.7018
0.016370553721742453,0.7019000000000001
0.019501382157030678,0.7020000000000001
0.023177688955883458,0.7021000000000001
0.027438374006773847,0.7022
0.032154599467788536,0.7023
0.03722608230975499,0.7024
0.04254518617644387,0.7025
0.04798969929764518,0.7026
0.053442199840537,0.7027
0.05887863670501026,0.7028
0.06428846833753965,0.7029000000000001
0.06962806072764294,0.7030000000000001
0.0748528170307734,0.7031000000000001
0.0799211997683642,0.7032
0.08479722895614572,0.7033
0.08945144543682237,0.7034
0.09385811203292083,0.7035
0.09799380114034206,0.7036
0.10183610969858292,0.7037
0.10536361687732465,0.7038
0.10855594588088202,0.7039000000000001
0.11139426299359256,0.7040000000000001
0.11386167745666609,0.7041000000000001
0.11594389179300935,0.7042
0.11762963521427627,0.7043
0.11891103443586659,0.7044
0.11978351791704878,0.7045
0.12024551776546732,0.7046
0.12029787937942138,0.7047
0.11994333976180893,0.7048
0.11839496012938522,0.7049000000000001
0.11531048305728919,0.7050000000000001
0.11202217650896318,0.7051000000000001
0.10858449621207833,0.7052
0.10502085080599777,0.7053
0.10134744620584901,0.7054
0.09758489398527237,0.7055
0.09375769270275935,0.7056
0.08989521552055879,0.7057
0.08597824722835601,0.7058
0.08190673305333895,0.7059000000000001
0.07786708195975711,0.7060000000000001
0.07389509552158702,0.7061000000000001
0.07002070009444972,0.7062
0.06625400365300249,0.7063
0.0623392823595601,0.7064
0.05856708212930628,0.7065
0.054640228876454255,0.7066
0.05086973994125654,0.7067
0.04726733353170087,0.7068
0.04351972185833919,0.7069000000000001
0.03974248575616701,0.7070000000000001
0.03602314574565835,0.7071000000000001
0.032283813736896594,0.7072
0.028514372018150214,0.7073
0.024807290112348834,0.7074
0.021269638743573793,0.7075
0.017948123619445866,0.7076
0.015036317877258343,0.7077
0.012595814867171429,0.7078
0.010251017391124773,0.7079000000000001
0.008294344761382577,0.7080000000000001
0.006923071537633163,0.7081000000000001
0.006253684698532158,0.7082
0.006341823139152103,0.7083
0.0071903632910708115,0.7084
0.008234778966989653,0.7085
0.009693381714754867,0.7086
0.011927005119426903,0.7087
0.01472697060013739,0.7088
0.0178995862117437,0.7089000000000001
0.02161821538937536,0.7090000000000001
0.025917803535364214,0.7091000000000001
0.03066944237891911,0.7092
0.0357741628703383,0.7093
0.04112554507763577,0.7094
0.04660184718717675,0.7095
0.05208634478123786,0.7096
0.05755736513383791,0.7097
0.06300689960984207,0.7098
0.06839297563802726,0.7099000000000001
0.07367232263389945,0.7100000000000001
0.07880434615408605,0.7101000000000001
0.0837536788159493,0.7102
0.0884912277888471,0.7103
0.0929914123871648,0.7104
0.09723077010350833,0.7105
0.10118664878441352,0.7106
0.10483711975599319,0.7107
0.10816102559830376,0.7108
0.11113853751393743,0.7109000000000001
0.11375168650514877,0.7110000000000001
0.11598516026014916,0.7111000000000001
0.11782682042734771,0.7112
0.11926805653422867,0.7113
0.12030359931927093,0.7114
0.12093113285687507,0.7115
0.12115067526128842,0.7116
0.12096409774603956,0.7117
0.11995411703465697,0.7118
0.116971974632055,0.7119000000000001
0.11376569788768753,0.7120000000000001
0.11039718606946569,0.7121000000000001
0.10689272558378105,0.7122
0.10326768290958599,0.7123
0.09954258285300788,0.7124
0.09574118862903025,0.7125
0.09189274919024515,0.7126
0.08802899291486932,0.7127
0.08403614734443432,0.7128
0.07998837446762186,0.7129000000000001
0.07599537612739471,0.7130000000000001
0.07208972876440378,0.7131000000000001
0.06829896220340781,0.7132000000000001
0.06452176990039515,0.7133
0.060703687993627464,0.7134
0.05693767295623653,0.7135
0.05311192252306829,0.7136
0.04947315736728597,0.7137
0.045886770829376866,0.7138
0.04228075527931918,0.7139
0.038521645405319216,0.7140000000000001
0.034959615099539265,0.7141000000000001
0.031267917308059,0.7142000000000001
0.027579356665361265,0.7143
0.024063998651980167,0.7144
0.020688671701342365,0.7145
0.017595759667845545,0.7146
0.014936816989202129,0.7147
0.012768859797448906,0.7148
0.010620478768641695,0.7149
0.00892851249390203,0.7150000000000001
0.007846211310292173,0.7151000000000001
0.007472724425216404,0.7152000000000001
0.007843814937575022,0.7153
0.008954488943518468,0.7154
0.010201469854973277,0.7155
0.011922549914125335,0.7156
0.014388172562538326,0.7157
0.017378579362753444,0.7158
0.02070135313422794,0.7159
0.024536162329793054,0.7160000000000001
0.0289231025201091,0.7161000000000001
0.033736930152265865,0.7162000000000001
0.038880686683253396,0.7163
0.044248852755839785,0.7164
0.04971938731424985,0.7165
0.05517544627407833,0.7166
0.06059707646118195,0.7167
0.06597771755676551,0.7168
0.07127577629774462,0.7169
0.07644835985668375,0.7170000000000001
0.08145523875172622,0.7171000000000001
0.08626140403779303,0.7172000000000001
0.09083810610362464,0.7173
0.09516012776845928,0.7174
0.09920447662323362,0.7175
0.10294917329942443,0.7176
0.10637323693497902,0.7177
0.10945676299874141,0.7178
0.1121814635934203,0.7179
0.11453113407243576,0.7180000000000001
0.1164923477812998,0.7181000000000001
0.1180548503031752,0.7182000000000001
0.1192118048213684,0.7183
0.11995953772455192,0.7184
0.12029714074892173,0.7185
0.12022588496487285,0.7186
0.11974879509034486,0.7187
0.11748679907115422,0.7188
0.11433227618482011,0.7189
0.11099472919732467,0.7190000000000001
0.10751674693480173,0.7191000000000001
0.10391740870318211,0.7192000000000001
0.10021464264193503,0.7193
0.09642964720586511,0.7194
0.09258855155717483,0.7195
0.08872146408223425,0.7196
0.08474107285046872,0.7197
0.0806754038954619,0.7198
0.07665319447496433,0.7199
0.072708178030089,0.7200000000000001
0.06886884972201002,0.7201000000000001
0.06505201851757836,0.7202000000000001
0.06117722104351642,0.7203
0.057364395381267475,0.7204
0.05347423623302272,0.7205
0.04976207520805476,0.7206
0.046103324317678274,0.7207
0.04241706542797563,0.7208
0.038580643596912934,0.7209
0.03493335821898125,0.7210000000000001
0.031145752131558124,0.7211000000000001
0.02734342295468939,0.7212000000000001
0.023730529241429377,0.7213
0.02021199727042866,0.7214
0.01700915025864047,0.7215
0.014237761077894318,0.7216
0.011887129876906988,0.7217
0.009609382751045059,0.7218
0.007813185796298416,0.7219
0.006643878524451363,0.7220000000000001
0.0062022280411917485,0.7221000000000001
0.006524154843274399,0.7222000000000001
0.007598679930129304,0.7223
0.008604274308772641,0.7224
0.010285260972106247,0.7225
0.012752362774739012,0.7226
0.015772371908030935,0.7227
0.0191321423756603,0.7228
0.02300289040904535,0.7229
0.027422230623615373,0.7230000000000001
0.03226566962485111,0.7231000000000001
0.03743789972435119,0.7232000000000001
0.042834748361614494,0.7233
0.04833481171069365,0.7234
0.053822036361333314,0.7235
0.059278623673400865,0.7236
0.06470019630309776,0.7237
0.07004652991675608,0.7238
0.07527580509943865,0.7239
0.0803485678049839,0.7240000000000001
0.08523035262482503,0.7241000000000001
0.08989278058467598,0.7242000000000001
0.09431081936917463,0.7243
0.09846143577480582,0.7244
0.10232232624766668,0.7245
0.10587186657949366,0.7246
0.10908922153356437,0.7247
0.11195499721748181,0.7248
0.11445186599816393,0.7249
0.11656539622572681,0.7250000000000001
0.11828449505193017,0.7251000000000001
0.11960160752658067,0.7252000000000001
0.12051236588369307,0.7253000000000001
0.12101511705384815,0.7254
0.12111032443147518,0.7255
0.12080018551259475,0.7256
0.11904706104312368,0.7257
0.11599159563498973,0.7258
0.11273317611729305,0.7259
0.1093216182895912,0.7260000000000001
0.10577878514571393,0.7261000000000001
0.10212179040416924,0.7262000000000001
0.09837174213272448,0.7263000000000001
0.09455406087130791,0.7264
0.09069873934868944,0.7265
0.08683773156534857,0.7266
0.08278271727385977,0.7267
0.07874696057863739,0.7268
0.07477697099624536,0.7269
0.07090373535417471,0.727
0.06715397436448356,0.7271000000000001
0.06332709780485646,0.7272000000000001
0.05955714024436776,0.7273000000000001
0.055744677100439066,0.7274
0.05197503025204009,0.7275
0.04840311582486878,0.7276
0.044763251953006344,0.7277
0.04113482294152049,0.7278
0.03740950514842667,0.7279
0.03381994348761408,0.728
0.03019254801289173,0.7281000000000001
0.026473830844681023,0.7282000000000001
0.0230522965405644,0.7283000000000001
0.01969387531871769,0.7284
0.016723001718763175,0.7285
0.014209418720538158,0.7286
0.012066227366630988,0.7287
0.010048373580249903,0.7288
0.008535567535280064,0.7289
0.007662933097428493,0.729
0.007514554334435708,0.7291000000000001
0.008113215477299374,0.7292000000000001
0.009421146764674537,0.7293000000000001
0.010648909758362635,0.7294
0.01258944837030862,0.7295
0.0150743394300763,0.7296
0.01795791897417498,0.7297
0.021430189020313906,0.7298
0.02552849865520268,0.7299
0.030119050766221678,0.73
0.0350970378153197,0.7301000000000001
0.04035204174505891,0.7302000000000001
0.04576181871049512,0.7303000000000001
0.05120834322961687,0.7304
0.05666205671986213,0.7305
0.06210723270243568,0.7306
0.06749790693130575,0.7307
0.07278761900262098,0.7308
0.07793341728030678,0.7309
0.08289819675993049,0.731
0.08765155318445583,0.7311000000000001
0.09216694268330317,0.7312000000000001
0.096420209478423,0.7313000000000001
0.10038827042904253,0.7314
0.10404906688846727,0.7315
0.10738160343617509,0.7316
0.1103663760787933,0.7317
0.11298567063696685,0.7318
0.1152241482139107,0.7319
0.11706932515615509,0.732
0.11851209592003575,0.7321000000000001
0.1195468237431403,0.7322000000000001
0.12017114804068663,0.7323000000000001
0.12038537073032407,0.7324
0.12019180603415414,0.7325
0.11956689080180516,0.7326
0.11657526163956877,0.7327
0.11335332569398104,0.7328
0.10997043592784295,0.7329
0.10645540505346496,0.733
0.10282224599226486,0.7331000000000001
0.09909084381941824,0.7332000000000001
0.09528368710477464,0.7333000000000001
0.09142930519992187,0.7334
0.08755895917985046,0.7335
0.08351907158357119,0.7336
0.07946239656405563,0.7337
0.07546092676325455,0.7338
0.07154611192321736,0.7339
0.06774495520562107,0.734
0.06388651850017546,0.7341000000000001
0.060055119433040316,0.7342000000000001
0.05620101849305015,0.7343000000000001
0.05236148815327901,0.7344
0.048710455041473866,0.7345
0.04500209813198741,0.7346
0.041297002815088746,0.7347
0.037486357995908826,0.7348
0.03380151760715577,0.7349
0.03007094623717088,0.735
0.026247070983345333,0.7351000000000001
0.02268578195118831,0.7352000000000001
0.019218012386054806,0.7353000000000001
0.016133808439497077,0.7354
0.013500873644269884,0.7355
0.011161870531295914,0.7356
0.009021224279112117,0.7357
0.007402388680429528,0.7358
0.006441588987831093,0.7359
0.006223947701727184,0.736
0.0067716436941942515,0.7361000000000001
0.007866857305762531,0.7362000000000001
0.009034880986352523,0.7363000000000001
0.010954337883124055,0.7364
0.013657992681735953,0.7365
0.016887004140273998,0.7366
0.020420907616032435,0.7367
0.02443204742485494,0.7368
0.028961814376499584,0.7369
0.033889496371287464,0.737
0.03912238728892681,0.7371000000000001
0.044519111580539894,0.7372000000000001
0.04995812420336443,0.7373000000000001
0.055406428464113366,0.7374
0.060853352984242326,0.7375
0.06625493988832987,0.7376
0.07156833525045514,0.7377
0.07675141966997112,0.7378
0.08176786215544496,0.7379
0.08658663221626595,0.738
0.09118079909331245,0.7381000000000001
0.09552536249667354,0.7382000000000001
0.09959662773704958,0.7383000000000001
0.10337160183691219,0.7384000000000001
0.10682834176918055,0.7385
0.10994614220268362,0.7386
0.112706174507482,0.7387
0.11509205354408414,0.7388
0.11709048985395865,0.7389
0.11869161223578972,0.739
0.11988893993953575,0.7391000000000001
0.12067898579637915,0.7392000000000001
0.12106071459285106,0.7393000000000001
0.12103506420470422,0.7394000000000001
0.12060459034167337,0.7395
0.1181711586612233,0.7396
0.11504311780218113,0.7397
0.11173158224348245,0.7398
0.10827531264421031,0.7399
0.1046923597606455,0.74
0.10100185884655244,0.7401
0.09722586934875088,0.7402000000000001
0.09339159103268202,0.7403000000000001
0.08952968122010396,0.7404000000000001
0.08561257245649512,0.7405
0.08155220871660673,0.7406
0.07753171835852812,0.7407
0.07358636936593677,0.7408
0.06974560905042426,0.7409
0.06602482928039544,0.741
0.062151050904483696,0.7411
0.058425264621581485,0.7412000000000001
0.05455477246475615,0.7413000000000001
0.050837681568099535,0.7414000000000001
0.04731692665793785,0.7415
0.04362833089265439,0.7416
0.03993952561996905,0.7417
0.036284439032939986,0.7418
0.03265380514783378,0.7419
0.029008647468412585,0.742
0.02537415374040397,0.7421
0.021975617037893747,0.7422000000000001
0.01873067887000479,0.7423000000000001
0.015892114893665044,0.7424000000000001
0.013525221033776846,0.7425
0.011382022566588157,0.7426
0.00950457877386901,0.7427
0.008175900258983848,0.7428
0.007518344179678893,0.7429
0.00759721922868084,0.743
0.008422734975707336,0.7431
0.009697414438706975,0.7432000000000001
0.011144098118789136,0.7433000000000001
0.01332157991837235,0.7434000000000001
0.016037319660080485,0.7435
0.01912274339088227,0.7436
0.02276233245347381,0.7437
0.02699442795895357,0.7438
0.03168917761549195,0.7439
0.03674543458828272,0.744
0.0420550273584801,0.7441
0.04749569573293355,0.7442000000000001
0.05294988939224177,0.7443000000000001
0.05839261175094346,0.7444000000000001
0.06381244546092402,0.7445
0.06916536315541832,0.7446
0.07440643980492201,0.7447
0.0794938763241656,0.7448
0.08439147961877058,0.7449
0.08906961330966923,0.745
0.0935023895361492,0.7451
0.09766623973770616,0.7452000000000001
0.10153861845779477,0.7453000000000001
0.10509795786215848,0.7454000000000001
0.10832372694301373,0.7455
0.11119692118556224,0.7456
0.11370044776005006,0.7457
0.11581976707698649,0.7458
0.11754333647251447,0.7459
0.1188630092724483,0.746
0.11977397267746026,0.7461
0.12027446860180246,0.7462000000000001
0.12036519942100721,0.7463000000000001
0.12004878388641727,0.7464000000000001
0.11869691058733611,0.7465
0.11563382902029051,0.7466
0.11236092333515046,0.7467
0.10893581408371422,0.7468
0.10538307135867886,0.7469
0.10171846036836607,0.747
0.09796246290421307,0.7471
0.09413917634024171,0.7472000000000001
0.09027781637900067,0.7473000000000001
0.08638247220099604,0.7474000000000001
0.08230910920688694,0.7475
0.07826413614706729,0.7476
0.07428403974246578,0.7477
0.07039919817980222,0.7478
0.06663634146853181,0.7479
0.06272636798415243,0.748
0.05893988202839373,0.7481
0.05503585162640201,0.7482000000000001
0.051249363031915074,0.7483000000000001
0.047663283174045556,0.7484000000000001
0.04390464189750687,0.7485
0.04015202183795985,0.7486
0.03641083292878711,0.7487
0.03269236556552868,0.7488
0.028938842540277454,0.7489
0.025202662406406562,0.749
0.02166383896180557,0.7491
0.018305448877206754,0.7492000000000001
0.015349653542504837,0.7493000000000001
0.01286003283937065,0.7494000000000001
0.010526130176917503,0.7495
0.00852365139432898,0.7496
0.00708747928861353,0.7497
0.006340446150830292,0.7498
0.00634716679392322,0.7499
0.007115849482212999,0.75
0.008182173224612566,0.7501
0.009564194288504746,0.7502000000000001
0.011714315762118677,0.7503000000000001
0.01463956066090244,0.7504000000000001
0.01805922913757252,0.7505000000000001
0.02175001580025171,0.7506
0.025886300312621735,0.7507
0.030513158377987404,0.7508
0.03551325176975517,0.7509
0.040796197296992576,0.751
0.0462208745975341,0.7511
0.05166630142893669,0.7512000000000001
0.057103675305238744,0.7513000000000001
0.06252619597514486,0.7514000000000001
0.06789157615291419,0.7515000000000001
0.07315830389486744,0.7516
0.07828528667833923,0.7517
0.08323702191489757,0.7518
0.08798317653159815,0.7519
0.0924974072014142,0.752
0.09675522460315866,0.7521
0.10073338937721876,0.7522000000000001
0.1044093174215438,0.7523000000000001
0.10776146133397058,0.7524000000000001
0.11076956934656235,0.7525000000000001
0.11341541589773985,0.7526
0.11568342005723664,0.7527
0.11756125419677821,0.7528
0.11904003503279648,0.7529
0.12011413964620421,0.753
0.12078071846325023,0.7531
0.12103916811845905,0.7532
0.12089074991221882,0.7533000000000001
0.12017000665150745,0.7534000000000001
0.11721109056294665,0.7535000000000001
0.11401888013681938,0.7536
0.11066105192278108,0.7537
0.10716673472198024,0.7538
0.10355132735348893,0.7539
0.09983529367054855,0.754
0.09604145025760602,0.7541
0.09219823912428349,0.7542
0.08833678027823466,0.7543000000000001
0.08435735434345559,0.7544000000000001
0.0803074382958533,0.7545000000000001
0.07630866252136315,0.7546
0.07239410825697401,0.7547
0.06859174824033143,0.7548
0.06481823655993835,0.7549
0.06098657791938089,0.755
0.057224318604826685,0.7551
0.05338359123719583,0.7552
0.04972754892751152,0.7553000000000001
0.046149400189754664,0.7554000000000001
0.04252750274207684,0.7555000000000001
0.03878249241403231,0.7556
0.03520404054242654,0.7557
0.03152680790263829,0.7558
0.02784935863257565,0.7559
0.02431130831432471,0.756
0.020931677062010268,0.7561
0.017807138994238914,0.7562
0.015110085529505213,0.7563000000000001
0.012899687523428183,0.7564000000000001
0.010747840663878128,0.7565000000000001
0.009016606185653808,0.7566
0.007883329075014212,0.7567
0.007452001684218779,0.7568
0.007764300364647481,0.7569
0.008817930781200412,0.757
0.01006290945998689,0.7571
0.011728190299339358,0.7572
0.01413646429348181,0.7573000000000001
0.01707281704962771,0.7574000000000001
0.020348773842306933,0.7575000000000001
0.024144714248038657,0.7576
0.02850041272243309,0.7577
0.033289876934488705,0.7578
0.038415490196621604,0.7579
0.04377132533138939,0.758
0.04923533366356003,0.7581
0.05469055467368644,0.7582
0.06011613658567272,0.7583000000000001
0.06550463321493072,0.7584000000000001
0.07081397601473716,0.7585000000000001
0.07600086636679082,0.7586
0.08102476350163057,0.7587
0.0858504394448576,0.7588
0.09044900475275364,0.7589
0.09479515933837968,0.759
0.09886584885838978,0.7591
0.10263902181845974,0.7592
0.10609359646040883,0.7593000000000001
0.10920952838305797,0.7594000000000001
0.11196834193366445,0.7595000000000001
0.11435358827216136,0.7596
0.11635154027932748,0.7597
0.11795160660242976,0.7598
0.11914661496781243,0.7599
0.1199326008426046,0.76
0.12030843686639181,0.7601
0.12027524798385414,0.7602
0.11983596324443635,0.7603000000000001
0.11776769099590578,0.7604000000000001
0.11463559302156545,0.7605000000000001
0.11131472431612921,0.7606
0.10785083531289308,0.7607
0.10426414552947194,0.7608
0.10057209818109014,0.7609
0.09679570218896816,0.761
0.09296061487855867,0.7611
0.08909671586649226,0.7612
0.0851390203001926,0.7613000000000001
0.08107347032098633,0.7614000000000001
0.07704775532311758,0.7615000000000001
0.07309628403547264,0.7616
0.06924802390214635,0.7617
0.06545156399829222,0.7618
0.061566486494042505,0.7619
0.057774657678196784,0.762
0.05387186839790448,0.7621
0.05014350204579565,0.7622
0.04650845433315842,0.7623000000000001
0.04280542365384288,0.7624000000000001
0.03899389219154892,0.7625000000000001
0.035326366619776506,0.7626000000000001
0.031561073230841785,0.7627
0.0277768810808241,0.7628
0.024136709315044413,0.7629
0.02061976547913824,0.763
0.01738150358868018,0.7631
0.014566882143691062,0.7632
0.012218233181170657,0.7633000000000001
0.009897750454967547,0.7634000000000001
0.008045297401265472,0.7635000000000001
0.006807990626014115,0.7636000000000001
0.006290506667396389,0.7637
0.006533235370693946,0.7638
0.007530407496514568,0.7639
0.008567324987721836,0.764
0.010170628868259035,0.7641
0.012553601500904676,0.7642
0.015492766907799327,0.7643000000000001
0.01878318226505682,0.7644000000000001
0.022597251921363082,0.7645000000000001
0.026971685729708428,0.7646000000000001
0.031780303504894025,0.7647
0.036926370669697395,0.7648
0.042304842085985506,0.7649
0.047794180030773514,0.765
0.05327807410332097,0.7651
0.058737242640304776,0.7652
0.06416589729965994,0.7653000000000001
0.06952311200334549,0.7654000000000001
0.07476648376737449,0.7655000000000001
0.07985609744194677,0.7656000000000001
0.08475712021122916,0.7657
0.08944088301117614,0.7658
0.09388214292139274,0.7659
0.09805773036563592,0.766
0.10194527078720872,0.7661
0.10552311382929858,0.7662
0.1087704023085927,0.7663000000000001
0.11166766960150365,0.7664000000000001
0.1141974180753842,0.7665000000000001
0.11634493736053853,0.7666000000000001
0.11809878450656075,0.7667
0.1194510511255088,0.7668
0.1203970789875215,0.7669
0.1209350182945007,0.767
0.12106521838051387,0.7671
0.12078980657063976,0.7672
0.11927853309803604,0.7673
0.11624408074381098,0.7674000000000001
0.11300013069733628,0.7675000000000001
0.10960052982973456,0.7676000000000001
0.10606860823941344,0.7677
0.10242088089935064,0.7678
0.09867824534716563,0.7679
0.09486554924890889,0.768
0.09101250611721778,0.7681
0.087150934342895,0.7682
0.08310996733293452,0.7683
0.07907048552910134,0.7684000000000001
0.0750934641699994,0.7685000000000001
0.07121043917682846,0.7686000000000001
0.06744855634842273,0.7687
0.06363059657554138,0.7688
0.059847195169427825,0.7689
0.056043932075598546,0.769
0.052258770277662236,0.7691
0.04866825499364924,0.7692
0.04503871147566185,0.7693
0.0414207077638189,0.7694000000000001
0.037675908243662404,0.7695000000000001
0.034091913824867204,0.7696000000000001
0.030440968578989036,0.7697
0.02672319324226935,0.7698
0.02327854561683229,0.7699
0.01990435760721776,0.77
0.016898729015252023,0.7701
0.014345076721353323,0.7702
0.012189100923805318,0.7703
0.010131792370399628,0.7704000000000001
0.008571108930592874,0.7705000000000001
0.007644532343272337,0.7706000000000001
0.007439741392081256,0.7707
0.007982333429854327,0.7708
0.009258343899102073,0.7709
0.010462368178242976,0.771
0.012347359180229889,0.7711
0.014984152167750064,0.7712
0.018136065897854436,0.7713
0.021596569401584498,0.7714000000000001
0.02554297863885613,0.7715000000000001
0.03001695818931882,0.7716000000000001
0.034896418591706224,0.7717
0.040087220422839964,0.7718
0.04544766407496259,0.7719
0.05085555780234907,0.772
0.056274714991165986,0.7721
0.061691174188838516,0.7722
0.06705904842876509,0.7723
0.07233394024552431,0.7724000000000001
0.07747258172103777,0.7725000000000001
0.08243780940764445,0.7726000000000001
0.08719799135520778,0.7727
0.09172581625126397,0.7728
0.09599611229672855,0.7729
0.09998524267352615,0.773
0.10367053157998429,0.7731
0.10703061752465204,0.7732
0.11004557940089976,0.7733
0.1126974496139086,0.7734000000000001
0.11497063857034096,0.7735000000000001
0.11685250732217312,0.7736000000000001
0.11833370842992808,0.7737
0.11940825362047769,0.7738
0.12007321095503232,0.7739
0.12032819613023438,0.774
0.12017485036271036,0.7741
0.11961641334131168,0.7742
0.11685923048283542,0.7743
0.11365829393918592,0.7744000000000001
0.11028872747943852,0.7745000000000001
0.10678464466619009,0.7746000000000001
0.10316221341913301,0.7747
0.09944092350057854,0.7748
0.09564275090583862,0.7749
0.09179518546727572,0.775
0.0879287914100485,0.7751
0.08390750006240999,0.7752
0.07985049547515455,0.7753
0.07584478323110111,0.7754000000000001
0.07192243591160652,0.7755000000000001
0.06811094263110029,0.7756000000000001
0.06426420826595258,0.7757000000000001
0.06042059077171258,0.7758
0.05657890043321934,0.7759
0.05272566173292237,0.776
0.04905815481862641,0.7761
0.04536936892894827,0.7762
0.0416882672673502,0.7763
0.03786395407183485,0.7764000000000001
0.03420429348138576,0.7765000000000001
0.030466879806638536,0.7766000000000001
0.026656968964523298,0.7767000000000001
0.023108501685283667,0.7768
0.019613648347060808,0.7769
0.01649343002890613,0.777
0.01381867269689363,0.7771
0.011490607569986544,0.7772
0.009309185889051053,0.7773
0.007633040588128859,0.7774000000000001
0.006601876768874249,0.7775000000000001
0.006306912331626835,0.7776000000000001
0.006775486669712727,0.7777000000000001
0.007898287680702332,0.7778
0.00898957513689358,0.7779
0.010820661376409024,0.778
0.013435039660826265,0.7781
0.016584635912332946,0.7782
0.020051511196264693,0.7783
0.02400776923196135,0.7784000000000001
0.028493493362632627,0.7785000000000001
0.03338669648987658,0.7786000000000001
0.038593834860581655,0.7787000000000001
0.044011906916165744,0.7788
0.04951981802979821,0.7789
0.055002103648186695,0.779
0.06044326712991299,0.7791
0.06584095581029004,0.7792
0.07115582534613218,0.7793
0.07634673946592485,0.7794000000000001
0.08137480571384714,0.7795000000000001
0.08620607476071762,0.7796000000000001
0.09081265456543075,0.7797000000000001
0.09516993369312532,0.7798
0.09925521171109342,0.7799
0.10304643604877017,0.78
0.106522196391718,0.7801
0.10966191103102951,0.7802
0.11244655637842615,0.7803
0.11485933137421223,0.7804
0.11688646131841718,0.7805000000000001
0.11851755593716673,0.7806000000000001
0.11974570795462824,0.7807000000000001
0.12056707546599466,0.7808
0.12098040541335087,0.7809
0.12098648043205917,0.781
0.12058779558074884,0.7811
0.11836146538102832,0.7812
0.11525635122191291,0.7813
0.1119625485646566,0.7814
0.10852217678836995,0.7815000000000001
0.10495427624701181,0.7816000000000001
0.10127703533757093,0.7817000000000001
0.09751185923810102,0.7818
0.09368513241036591,0.7819
0.08982722962199197,0.782
0.08592686927360937,0.7821
0.08186641335600309,0.7822
0.07784260659295716,0.7823
0.07389140877145617,0.7824
0.07004266595381703,0.7825000000000001
0.06632254683494154,0.7826000000000001
0.062448534088398455,0.7827000000000001
0.05871079349544028,0.7828
0.05484919247371045,0.7829
0.051117940155127384,0.783
0.04759312263179383,0.7831
0.043898121430796966,0.7832
0.0402150725511663,0.7833
0.036540556550644476,0.7834
0.032911984152929286,0.7835000000000001
0.029265572234717707,0.7836000000000001
0.025607022103425248,0.7837000000000001
0.02219683322885846,0.7838
0.01892310066911973,0.7839
0.016051470028813686,0.784
0.013647983172739409,0.7841
0.011496365301442824,0.7842
0.009583605244528615,0.7843
0.008210486413241957,0.7844
0.007502157716012148,0.7845000000000001
0.007528088897645002,0.7846000000000001
0.008301196909553443,0.7847000000000001
0.009575375560413768,0.7848
0.010970606847114261,0.7849
0.013094136448862592,0.785
0.015758473458841404,0.7851
0.018799351774268835,0.7852
0.02240202162248406,0.7853
0.02660442297747445,0.7854
0.03127582097988002,0.7855000000000001
0.03631431160427678,0.7856000000000001
0.04161128062625319,0.7857000000000001
0.047044512319627474,0.7858
0.052496420890780104,0.7859
0.05794114284030338,0.786
0.06336645762887039,0.7861
0.06872802068326056,0.7862
0.07398065077867877,0.7863
0.07908234758395694,0.7864
0.08399674836671678,0.7865000000000001
0.08869406632953325,0.7866000000000001
0.09314827975695694,0.7867000000000001
0.09733569363936279,0.7868
0.1012336369579232,0.7869
0.1048204139571699,0.787
0.10807535853901995,0.7871
0.11097931342014444,0.7872
0.11351500219304356,0.7873
0.1156676646123872,0.7874
0.11742551141339896,0.7875000000000001
0.11878014922090452,0.7876000000000001
0.11972654753206347,0.7877000000000001
0.1202627740751313,0.7878000000000001
0.12038939449954245,0.7879
0.12010890631407511,0.788
0.11895756591485152,0.7881
0.11591606088354012,0.7882
0.11265897813497205,0.7883
0.10924714941281055,0.7884
0.10570631595860613,0.7885000000000001
0.10205177510927854,0.7886000000000001
0.09830385845224043,0.7887000000000001
0.09448623388856825,0.7888000000000001
0.09062794667072005,0.7889
0.08675119314964563,0.789
0.08267882312782149,0.7891
0.07863232598530479,0.7892
0.07464854586284408,0.7893
0.07075750437594264,0.7894
0.06698528316139296,0.7895000000000001
0.06309245933954599,0.7896000000000001
0.059292761790883164,0.7897000000000001
0.05540276894310914,0.7898000000000001
0.05160058230403464,0.7899
0.04799504659124376,0.79
0.0442479027983369,0.7901
0.040504814845712556,0.7902
0.03674362607539283,0.7903
0.03303559983740478,0.7904
0.029293690857820742,0.7905000000000001
0.02553604508171592,0.7906000000000001
0.021999281941153193,0.7907000000000001
0.018613092461196912,0.7908000000000001
0.015623016710279991,0.7909
0.013094172812576188,0.791
0.010769491078729487,0.7911
0.008729293540454819,0.7912
0.007239611114314259,0.7913
0.006428022890194951,0.7914
0.006366199078479351,0.7915000000000001
0.007066958488275654,0.7916000000000001
0.008154593744571281,0.7917000000000001
0.009471472765275823,0.7918000000000001
0.01154932473233572,0.7919
0.014403601581032932,0.792
0.017761367137945072,0.7921
0.02140075250259188,0.7922
0.02549570780894439,0.7923
0.03009014151281586,0.7924
0.03506556865824151,0.7925000000000001
0.04033081010719508,0.7926000000000001
0.04574469572414097,0.7927000000000001
0.05118613058579591,0.7928000000000001
0.056624964468912076,0.7929
0.06205311186637541,0.793
0.06742770272682275,0.7931
0.07270672329449512,0.7932
0.0778486725303823,0.7933
0.08281770974534186,0.7934
0.08758322442179856,0.7935
0.09211865584325196,0.7936000000000001
0.09639934824476926,0.7937000000000001
0.10040193642837814,0.7938000000000001
0.10410374477875917,0.7939
0.10748315257057584,0.794
0.11051982482363565,0.7941
0.11319540560478691,0.7942
0.11549411298942924,0.7943
0.11740335630321364,0.7944
0.11891396920419306,0.7945
0.12002007892503375,0.7946000000000001
0.12071865355324174,0.7947000000000001
0.12100897384620823,0.7948000000000001
0.1208922222176444,0.7949
0.12037120009762436,0.795
0.11744706069387878,0.7951
0.11426857822420233,0.7952
0.11092174527570242,0.7953
0.10743716229043809,0.7954
0.10382988092973233,0.7955
0.10012017648265692,0.7956000000000001
0.09633042181059692,0.7957000000000001
0.09248882675846881,0.7958000000000001
0.0886264203491498,0.7959
0.08465958788573114,0.796
0.0806058698687151,0.7961
0.07660041153825947,0.7962
0.07267677931398675,0.7963
0.06886331096514042,0.7964
0.06509809415071266,0.7965
0.061254570667136354,0.7966000000000001
0.05750228316006045,0.7967000000000001
0.05364800858180363,0.7968000000000001
0.04997473909427175,0.7969
0.046402707034879365,0.797
0.042760798601250594,0.7971
0.03901918953215788,0.7972
0.035419034367712765,0.7973
0.03174362681217846,0.7974
0.028065462550537656,0.7975
0.024502487520420724,0.7976000000000001
0.021111290847063646,0.7977000000000001
0.017956229378816913,0.7978000000000001
0.015224003088081028,0.7979
0.012975167158981282,0.798
0.010814720449702442,0.7981
0.009047569526958732,0.7982
0.00786964225970066,0.7983
0.0073888849368526355,0.7984
0.007651711178112475,0.7985
0.008657977549694884,0.7986000000000001
0.009897098955002681,0.7987000000000001
0.01151646599324807,0.7988000000000001
0.013878846448905247,0.7989
0.016773202650418595,0.799
0.02001390731294861,0.7991
0.02378159548951686,0.7992
0.02811551117782063,0.7993
0.032888841311779826,0.7994
0.03800330014286013,0.7995
0.04335256669843446,0.7996000000000001
0.048814587331149184,0.7997000000000001
0.054272333471771184,0.7998000000000001
0.05970424032876154,0.7999
0.06510216686601022,0.8
0.07042369804543303,0.8001
0.07562524407143922,0.8002
0.08066604235319641,0.8003
0.085510702267796,0.8004
0.09013021578204439,0.8005
0.09449919056371403,0.8006000000000001
0.09859448190038722,0.8007000000000001
0.1023939317135476,0.8008000000000001
0.10587632854075335,0.8009000000000001
0.10902147497986658,0.801
0.11181071904193263,0.8011
0.11422741027494443,0.8012
0.11625759579105277,0.8013
0.11789044610282862,0.8014
0.11911855989252529,0.8015
0.11993777575261333,0.8016000000000001
0.12034681300228844,0.8017000000000001
0.12034668156295558,0.8018000000000001
0.11994021520282294,0.8019000000000001
0.11804196350728091,0.802
0.11492867650986871,0.8021
0.11162126083030988,0.8022
0.10816823429206923,0.8023
0.10459084181572054,0.8024
0.10090615116564428,0.8025
0.09713507064114002,0.8026000000000001
0.09330291739768781,0.8027000000000001
0.08943944183337404,0.8028000000000001
0.08550060760161038,0.8029000000000001
0.08143267615487892,0.803
0.07740145766113493,0.8031
0.07344199335987123,0.8032
0.06958366917208159,0.8033
0.06580371240323635,0.8034
0.061907414452826215,0.8035
0.05813260034175527,0.8036000000000001
0.054216519511234296,0.8037000000000001
0.05047175789146907,0.8038000000000001
0.04685638267700232,0.8039000000000001
0.043136528298345356,0.804
0.03934588846793052,0.8041
0.03565860289745704,0.8042
0.03191196217748016,0.8043
0.028142647719083813,0.8044
0.02447659100248578,0.8045
0.020959812354843788,0.8046000000000001
0.017688664939580878,0.8047000000000001
0.014834551934683748,0.8048000000000001
0.0124573500576044,0.8049000000000001
0.010131261441646444,0.805
0.00823499978395037,0.8051
0.006938773561930622,0.8052
0.006352878554261254,0.8053
0.006524810448053753,0.8054
0.007453291950754837,0.8055
0.008511263365900135,0.8056000000000001
0.01004792677870081,0.8057000000000001
0.012359237217864916,0.8058000000000001
0.015229747284661643,0.8059000000000001
0.018461385524217944,0.806
0.022227625307478016,0.8061
0.02656448088220298,0.8062
0.03134437868072415,0.8063
0.036469373839778996,0.8064
0.0418336590042967,0.8065
0.047315557037973965,0.8066
0.05279850602092928,0.8067000000000001
0.05826191568596495,0.8068000000000001
0.063698758975968,0.8069000000000001
0.06906748991584855,0.807
0.07432519458820064,0.8071
0.07943156282562058,0.8072
0.08435145722426118,0.8073
0.0890559730969891,0.8074
0.09351968920840037,0.8075
0.09771929754972741,0.8076
0.10163231410480189,0.8077000000000001
0.10523700131731517,0.8078000000000001
0.10851242278440842,0.8079000000000001
0.11143901223922115,0.808
0.1139991181804152,0.8081
0.11617780372511144,0.8082
0.11796334305808998,0.8083
0.11934753491772399,0.8084
0.12032547234954705,0.8085
0.12089513175612498,0.8086
0.12105675911482994,0.8087000000000001
0.12081241672479304,0.8088000000000001
0.11950156584123295,0.8089000000000001
0.11648483868280612,0.809
0.11325300217632484,0.8091
0.10986322097502732,0.8092
0.10634003404481163,0.8093
0.1026994719224038,0.8094
0.09896226567211175,0.8095
0.09515280307299445,0.8096
0.09130058401623542,0.8097000000000001
0.08743733761053196,0.8098000000000001
0.08341056361885324,0.8099000000000001
0.0793666291027636,0.81
0.07538220998779954,0.8101
0.07148941862725999,0.8102
0.06771581311395836,0.8103
0.0639078146558657,0.8104
0.06011155679278435,0.8105
0.056318403574593834,0.8106
0.05251831368447846,0.8107000000000001
0.04891001834933406,0.8108000000000001
0.04529106170884467,0.8109000000000001
0.04168328161589541,0.811
0.037919443251137164,0.8111
0.034340358618048406,0.8112
0.030666501093770115,0.8113
0.02694896015794712,0.8114
0.02347712986887185,0.8115
0.020092934110818916,0.8116
0.017055105832710415,0.8117000000000001
0.01446406832894187,0.8118000000000001
0.012296446062907807,0.8119000000000001
0.010202170020512824,0.812
0.008596867664062646,0.8121
0.0076203431497945395,0.8122
0.00736361466984059,0.8123
0.007854871206148584,0.8124
0.009082257285000006,0.8125
0.010284101728243122,0.8126
0.012120511373813647,0.8127000000000001
0.014709446552619854,0.8128000000000001
0.017818184202161413,0.8129000000000001
0.021242880574798173,0.8130000000000001
0.025160959220051904,0.8131
0.02961345142841032,0.8132
0.03447739059439825,0.8133
0.03965790854628182,0.8134
0.04505085673778986,0.8135
0.050534486858209826,0.8136
0.05599239498296149,0.8137000000000001
0.06140683285111259,0.8138000000000001
0.06677333588641776,0.8139000000000001
0.0720513743297917,0.8140000000000001
0.07719895236500851,0.8141
0.08217658515653992,0.8142
0.08694989869357073,0.8143
0.09149068185368436,0.8144
0.09577413291478165,0.8145
0.09977754356397972,0.8146
0.10347909416457624,0.8147000000000001
0.10685787576654515,0.8148000000000001
0.10989403439635004,0.8149000000000001
0.11256939708746894,0.8150000000000001
0.11486800776336414,0.8151
0.11677684207081518,0.8152
0.1182861517277689,0.8153
0.11938961614031096,0.8154
0.12008399298190098,0.8155
0.12036867392517325,0.8156
0.12024511058453657,0.8157000000000001
0.11971644256388658,0.8158000000000001
0.11710810773437452,0.8159000000000001
0.11392606989372445,0.8160000000000001
0.1105709587152991,0.8161
0.10707933761830568,0.8162
0.10346807270169223,0.8163
0.09975592971629632,0.8164
0.09596436570502831,0.8165
0.09212029313756143,0.8166
0.08825416385843377,0.8167000000000001
0.08425195842299671,0.8168000000000001
0.08019171699546546,0.8169000000000001
0.07617986686228495,0.8170000000000001
0.072249341763714,0.8171
0.0684280835463722,0.8172
0.06459779996628556,0.8173
0.06074350828021968,0.8174
0.05691747146441117,0.8175
0.053051246499119076,0.8176
0.04936763024201718,0.8177000000000001
0.045695687699401244,0.8178000000000001
0.04203104881700126,0.8179000000000001
0.038189067745043825,0.8180000000000001
0.03454178880329484,0.8181
0.030782729797928177,0.8182
0.026982717336683892,0.8183
0.023413387188870427,0.8184
0.0199149285581266,0.8185
0.01676392393852444,0.8186
0.014052291526367888,0.8187000000000001
0.011728189015021151,0.8188000000000001
0.00951045908969439,0.8189000000000001
0.007785660774334957,0.8190000000000001
0.006696301592665099,0.8191
0.006338093165861203,0.8192
0.0067423025002781856,0.8193
0.007882801335968859,0.8194
0.008911797683437195,0.8195
0.010672018192556143,0.8196
0.013215654984321645,0.8197
0.0163031494701662,0.8198000000000001
0.019718420867717246,0.8199000000000001
0.023633220453063375,0.8200000000000001
0.02808642262051464,0.8201
0.032954875923494775,0.8202
0.03814425470685556,0.8203
0.04355099747475055,0.8204
0.049053831012610516,0.8205
0.05453692468633986,0.8206
0.059983506902892225,0.8207
0.06539011423825936,0.8208000000000001
0.07071691883564246,0.8209000000000001
0.07592242087462608,0.8210000000000001
0.08096743361579528,0.8211
0.0858177398668335,0.8212
0.09044519756310487,0.8213
0.09482498709159803,0.8214
0.09893425594372873,0.8215
0.10275085367190528,0.8216
0.10625330395979304,0.8217
0.10942095144051545,0.8218000000000001
0.11223465127506604,0.8219000000000001
0.11467741207530224,0.8220000000000001
0.1167352119549081,0.8221
0.11839739809993322,0.8222
0.1196568334089374,0.8223
0.12050950672088512,0.8224
0.12095405044496466,0.8225
0.12099115770758917,0.8226
0.1206232270710772,0.8227
0.11857854988419958,0.8228000000000001
0.11548971639334848,0.8229000000000001
0.11220696063558566,0.8230000000000001
0.10877541182339623,0.8231
0.10521520309568722,0.8232
0.10154409432553602,0.8233
0.0977833779990086,0.8234
0.09395906690918043,0.8235
0.09010138878137419,0.8236
0.08621591488004021,0.8237
0.0821534700486205,0.8238000000000001
0.07812493221165262,0.8239000000000001
0.07416672997736384,0.8240000000000001
0.07030901623318209,0.8241
0.06657808580431468,0.8242
0.06271727330558208,0.8243
0.05896762167261427,0.8244
0.055119414212206674,0.8245
0.051373857028433,0.8246
0.04783172625327725,0.8247
0.044149988226614534,0.8248000000000001
0.0404792501695328,0.8249000000000001
0.03678558197591264,0.8250000000000001
0.033162659616417844,0.8251000000000001
0.029516897803683495,0.8252
0.025833182659495302,0.8253
0.022410679414150092,0.8254
0.0191067807078511,0.8255
0.01620095544899769,0.8256
0.01376003869602993,0.8257
0.011599522794982775,0.8258000000000001
0.009650685996593023,0.8259000000000001
0.008232760248548354,0.8260000000000001
0.007473867468959172,0.8261000000000001
0.0074477129502648065,0.8262
0.008169903583876037,0.8263
0.009440891521632633,0.8264
0.010786811240556027,0.8265
0.01285922840908249,0.8266
0.015475494262498835,0.8267
0.01847536533948113,0.8268000000000001
0.02204471438308775,0.8269000000000001
0.02622101168483848,0.8270000000000001
0.030872618113344963,0.8271000000000001
0.03589686688142013,0.8272
0.04118468593618552,0.8273
0.04661384313960748,0.8274
0.052066641383517576,0.8275
0.057516327312818305,0.8276
0.06294985662532371,0.8277
0.06832252751982204,0.8278000000000001
0.07358888121903717,0.8279000000000001
0.0787067119783974,0.8280000000000001
0.08363949134283788,0.8281000000000001
0.08835728444917135,0.8282
0.09283393063425716,0.8283
0.09704559708473104,0.8284
0.10096947392744837,0.8285
0.10458372646473546,0.8286
0.1078675467462028,0.8287
0.11080162239099345,0.8288000000000001
0.1133684947469229,0.8289000000000001
0.11555318737530818,0.8290000000000001
0.11734367178114369,0.8291000000000001
0.11873131837141615,0.8292
0.11971089268424073,0.8293
0.12028030553429947,0.8294
0.1204400068838336,0.8295
0.12019239816002525,0.8296
0.11920689264042261,0.8297
0.11618427725182734,0.8298000000000001
0.11294110823042591,0.8299000000000001
0.10954082815361066,0.8300000000000001
0.10601012424205158,0.8301000000000001
0.10236391159898106,0.8302
0.09862240016841117,0.8303
0.09480891510179623,0.8304
0.09095236627038183,0.8305
0.08708415802111735,0.8306
0.08302148263427045,0.8307
0.07897157194471094,0.8308000000000001
0.07498173149308107,0.8309000000000001
0.07108250829479335,0.8310000000000001
0.06730027406499384,0.8311000000000001
0.06342604274768227,0.8312
0.05961545514010669,0.8313
0.05574496365885029,0.8314
0.05192966890271111,0.8315
0.04830779080083247,0.8316
0.04458270374199835,0.8317
0.040861545832291846,0.8318000000000001
0.0370824872768023,0.8319000000000001
0.03339078587925859,0.8320000000000001
0.029660889723305273,0.8321000000000001
0.025878528357025754,0.8322
0.022339111552865498,0.8323
0.018921956102746718,0.8324
0.01589535414772736,0.8325
0.013325761739380715,0.8326
0.011007417112598894,0.8327
0.008928523395878463,0.8328
0.007385422007963882,0.8329000000000001
0.006509868141405084,0.8330000000000001
0.006379971674533413,0.8331000000000001
0.0070130075935921354,0.8332
0.008118260577145264,0.8333
0.009370050345734349,0.8334
0.011376003928343481,0.8335
0.014159944034348948,0.8336
0.01745659173612979,0.8337
0.021045453507261502,0.8338
0.02510001778857296,0.8339000000000001
0.029663054891552854,0.8340000000000001
0.03461498725672052,0.8341000000000001
0.03986385936684145,0.8342
0.04526837435642128,0.8343
0.05070718759681481,0.8344
0.056148698879052716,0.8345
0.06158347969290412,0.8346
0.06696805543638662,0.8347
0.07225994295955518,0.8348
0.07741729727557634,0.8349000000000001
0.0824040126177713,0.8350000000000001
0.08718925972811631,0.8351000000000001
0.09174629363268094,0.8352
0.09605029646997343,0.8353
0.10007776030375592,0.8354
0.10380588838981564,0.8355
0.10721295468485637,0.8356
0.11027851237633224,0.8357
0.11298405482860452,0.8358
0.115313588388259,0.8359000000000001
0.11725425949700763,0.8360000000000001
0.11879662843359828,0.8361000000000001
0.11993459013852925,0.8362
0.1206649520039238,0.8363
0.12098690131972822,0.8364
0.12090156098990157,0.8365
0.12041166995355779,0.8366
0.11767871621899051,0.8367
0.11451729973057856,0.8368
0.11118189409257484,0.8369000000000001
0.10770634185847272,0.8370000000000001
0.1041068758837359,0.8371000000000001
0.10040330246834495,0.8372
0.09661785683920776,0.8373
0.09277833398530577,0.8374
0.08891560060201553,0.8375
0.08496381368684958,0.8376
0.08090717517099022,0.8377
0.0768958731175412,0.8378
0.0729640231746197,0.8379000000000001
0.06914032597361996,0.8380000000000001
0.06538648770729716,0.8381000000000001
0.06153150456984979,0.8382000000000001
0.057790561285443465,0.8383
0.05392267178767374,0.8384
0.0502328490787165,0.8385
0.046672307999424234,0.8386
0.04301297013263894,0.8387
0.039282870853333485,0.8388
0.03566243371953548,0.8389000000000001
0.03199486098247206,0.8390000000000001
0.028320045461616594,0.8391000000000001
0.024731277737163992,0.8392000000000001
0.021330301013327002,0.8393
0.018143696923530017,0.8394
0.015375104836807818,0.8395
0.013086377530893367,0.8396
0.010920726088997856,0.8397
0.009115949006234247,0.8398
0.007889855899973597,0.8399000000000001
0.007354738079538459,0.8400000000000001
0.0075624528961584225,0.8401000000000001
0.008515588895004145,0.8402000000000001
0.009752918355881324,0.8403
0.011321133830217711,0.8404
0.013631296633122902,0.8405
0.016477012998354912,0.8406
0.0196763505743891,0.8407
0.023410450133047656,0.8408
0.02771806796164178,0.8409000000000001
0.032471512464960606,0.8410000000000001
0.037571747914964204,0.8411000000000001
0.0429119865094274,0.8412000000000001
0.04837012931008533,0.8413
0.05382902767611908,0.8414
0.05926627484542135,0.8415
0.06467293512697825,0.8416
0.07000621445452482,0.8417
0.07522220708601768,0.8418
0.0802799021559154,0.8419000000000001
0.08514371254428288,0.8420000000000001
0.08978447132496126,0.8421000000000001
0.09417665363088679,0.8422000000000001
0.09829699176990214,0.8423
0.10212320338625036,0.8424
0.10563394824151329,0.8425
0.10880889321464382,0.8426
0.11162923514489298,0.8427
0.11407814347722856,0.8428
0.11614144790433967,0.8429000000000001
0.11780807295959239,0.8430000000000001
0.11907036822651562,0.8431000000000001
0.11992395109517862,0.8432000000000001
0.1203673659532386,0.8433
0.12040149186363724,0.8434
0.12002905639453854,0.8435
0.11830914583746277,0.8436
0.11521489093039827,0.8437
0.1119210653822802,0.8438
0.10847910798347138,0.8439000000000001
0.10491134014166592,0.8440000000000001
0.10123442836217045,0.8441000000000001
0.09746916170281694,0.8442000000000001
0.09364048458289298,0.8443
0.0897779958612972,0.8444
0.08585827061979767,0.8445
0.08178867783776189,0.8446
0.07775268191171891,0.8447
0.07378593384578824,0.8448
0.06991822331675268,0.8449000000000001
0.06615561614787824,0.8450000000000001
0.06224879879137113,0.8451000000000001
0.05848580014792426,0.8452000000000001
0.054563522031594536,0.8453
0.05080324550925486,0.8454
0.04720843277400966,0.8455
0.0434721290468405,0.8456
0.039702891452218836,0.8457
0.035996057079784816,0.8458
0.0322680119090375,0.8459
0.028513047505277944,0.8460000000000001
0.02482101878390619,0.8461000000000001
0.02130338720095315,0.8462000000000001
0.01799914293193794,0.8463
0.015105431336523312,0.8464
0.01268403438910326,0.8465
0.010367603745857323,0.8466
0.008430446343194786,0.8467
0.007076108010702908,0.8468
0.006421001116364788,0.8469
0.00652092998763365,0.8470000000000001
0.007379179563847149,0.8471000000000001
0.008455302098212325,0.8472000000000001
0.009924715059878464,0.8473
0.01216340629407453,0.8474
0.014963931309573963,0.8475
0.018135252195369267,0.8476
0.021852067670141473,0.8477
0.02614980258131938,0.8478
0.03089954468759859,0.8479
0.03600216132005496,0.8480000000000001
0.04135109168678652,0.8481000000000001
0.04682453639343165,0.8482000000000001
0.05230569099197435,0.8483
0.057772627445351166,0.8484
0.06321705898761154,0.8485
0.06859682547153167,0.8486
0.07386851131866079,0.8487
0.07899142383719016,0.8488
0.08393013523473547,0.8489
0.08865551817353656,0.8490000000000001
0.0931419795649362,0.8491000000000001
0.0973660670570029,0.8492000000000001
0.10130516716093418,0.8493
0.10493742614027679,0.8494
0.10824180052007615,0.8495
0.1111986071374097,0.8496
0.11379003723693304,0.8497
0.11600093378195664,0.8498
0.11781929641039746,0.8499
0.11923663526849626,0.8500000000000001
0.12024779365070559,0.8501000000000001
0.12085057005513389,0.8502000000000001
0.12104510230166499,0.8503000000000001
0.12083338233844099,0.8504
0.11972992511810054,0.8505
0.11673198473053059,0.8506
0.11351316237223541,0.8507
0.11013402774917913,0.8508
0.10662035866768393,0.8509
0.10298768527062829,0.8510000000000001
0.0992565646895388,0.8511000000000001
0.09545091095836522,0.8512000000000001
0.09160000627286713,0.8513000000000001
0.08773549353399723,0.8514
0.08372374009116579,0.8515
0.079675749034259,0.8516
0.07568427260667054,0.8517
0.0717820147602738,0.8518
0.06799695397088135,0.8519
0.06420038764199987,0.8520000000000001
0.06039161472753973,0.8521000000000001
0.05661035635296452,0.8522000000000001
0.05279567347968883,0.8523000000000001
0.049169798992974245,0.8524
0.04556369357786694,0.8525
0.041968497693972706,0.8526
0.0381857516700117,0.8527
0.03461380644827927,0.8528
0.0309169171563759,0.8529
0.0272016459077713,0.8530000000000001
0.023702221979750915,0.8531000000000001
0.020309414408826054,0.8532000000000001
0.01723858349763696,0.8533000000000001
0.01460894170020488,0.8534
0.012430989868764675,0.8535
0.0102983810026549,0.8536
0.008646375000425088,0.8537
0.00761705602974283,0.8538
0.007304843706708919,0.8539
0.0077407358022558714,0.8540000000000001
0.008915351321565845,0.8541000000000001
0.010118185431245763,0.8542000000000001
0.011901822775873594,0.8543000000000001
0.014437932403272846,0.8544
0.017498423961167298,0.8545
0.02088279176778962,0.8546
0.02476871478291276,0.8547
0.029196568692791303,0.8548
0.03404241360920213,0.8549
0.039210562233810364,0.8550000000000001
0.04459632342197306,0.8551000000000001
0.05007780291479391,0.8552000000000001
0.05553840816650446,0.8553000000000001
0.060959590099220695,0.8554
0.06633616337874193,0.8555
0.07162727435104344,0.8556
0.07679065834443888,0.8557
0.0817865967925514,0.8558
0.08658049562280945,0.8559
0.09114393807599408,0.8560000000000001
0.09545194654812184,0.8561000000000001
0.09948167358217597,0.8562000000000001
0.10321119222143227,0.8563000000000001
0.1066195005712599,0.8564
0.10968663930706912,0.8565
0.11239429067680684,0.8566
0.11472629871571405,0.8567
0.11666938885062905,0.8568
0.11821353857818406,0.8569
0.11935216498685786,0.8570000000000001
0.12008180510997479,0.8571000000000001
0.12040168168242105,0.8572000000000001
0.12031311928594945,0.8573000000000001
0.11981915118051112,0.8574
0.11739221972243219,0.8575
0.11422898858104935,0.8576
0.11088701604325923,0.8577
0.10740590282247175,0.8578
0.10380362934571419,0.8579
0.1000985436640558,0.8580000000000001
0.09631199025447157,0.8581000000000001
0.09247051403760143,0.8582000000000001
0.08860443290954467,0.8583000000000001
0.08462195606856282,0.8584
0.08055910806506772,0.8585
0.0765414231383057,0.8586
0.07260249351660186,0.8587
0.06877068505500716,0.8588
0.06495841338341568,0.8589
0.06109239209661366,0.859
0.057284972221745,0.8591000000000001
0.05340473174468352,0.8592000000000001
0.04970375797808679,0.8593000000000001
0.04605300162505288,0.8594
0.04237857954977198,0.8595
0.03855043805592451,0.8596
0.034916052681399856,0.8597
0.03114000006730966,0.8598
0.0273524430375367,0.8599
0.023754888771785332,0.86
0.02025657817835258,0.8601000000000001
0.017071118248121797,0.8602000000000001
0.01431775884584674,0.8603000000000001
0.011994577842478593,0.8604
0.009735349224066603,0.8605
0.007956177134691433,0.8606
0.006802200391168078,0.8607
0.006373603316230048,0.8608
0.006705916244312826,0.8609
0.007788885367734588,0.861
0.008827825617185425,0.8611000000000001
0.01051742127101507,0.8612000000000001
0.012987146605245359,0.8613000000000001
0.016005620511984286,0.8614
0.01936257183904533,0.8615
0.023230348670934875,0.8616
0.027646874414949174,0.8617
0.03248754004161958,0.8618
0.037656821830507115,0.8619
0.043050387538148494,0.862
0.04854676574862693,0.8621000000000001
0.054029818368808824,0.8622000000000001
0.05948149835044392,0.8623000000000001
0.06489717085829594,0.8624
0.07023644882142566,0.8625
0.07545738788294243,0.8626
0.08052044772156464,0.8627
0.08539110615485379,0.8628
0.09004094863722933,0.8629
0.0944449299834379,0.863
0.09858003243677671,0.8631000000000001
0.1024240041798643,0.8632000000000001
0.10595531396324465,0.8633000000000001
0.10915325681216781,0.8634000000000001
0.11199859217631103,0.8635
0.11447414884041152,0.8636
0.11656563760290795,0.8637
0.11826208788363601,0.8638
0.11955605230369559,0.8639
0.12044326749044498,0.864
0.12092219016916372,0.8641000000000001
0.12099339970406942,0.8642000000000001
0.120659209825558,0.8643000000000001
0.1188244321200761,0.8644000000000001
0.11575442926928414,0.8645
0.11248451255712189,0.8646
0.10906331551166004,0.8647
0.10551224492140299,0.8648
0.10184855116007274,0.8649
0.09809336410617209,0.865
0.09427223067396417,0.8651000000000001
0.09041517597988324,0.8652000000000001
0.08654574035529417,0.8653000000000001
0.0824810676756611,0.8654000000000001
0.07844713074731058,0.8655
0.07448087517694701,0.8656
0.07061281016250498,0.8657
0.06686940518677498,0.8658
0.06302131935887667,0.8659
0.059257960873401405,0.866
0.05542273392441133,0.8661000000000001
0.05166114340421224,0.8662000000000001
0.048099829686715,0.8663000000000001
0.04443214591578171,0.8664000000000001
0.040775167524771394,0.8665
0.03706101749038582,0.8666
0.03344593568612875,0.8667
0.02980324632675435,0.8668
0.02609263985961041,0.8669
0.022659236518047132,0.867
0.019322626497031425,0.8671000000000001
0.016379342069684277,0.8672000000000001
0.013897234080998633,0.8673000000000001
0.011729884727434747,0.8674000000000001
0.009741390415675566,0.8675
0.008273514017207884,0.8676
0.0074577331711149775,0.8677
0.00737256861875224,0.8678
0.008036761585380914,0.8679
0.00930793136990049,0.868
0.010597629232290462,0.8681000000000001
0.01261086867960759,0.8682000000000001
0.015170869954713728,0.8683000000000001
0.018122467521643815,0.8684000000000001
0.021652425140283205,0.8685
0.025797712608419676,0.8686
0.03042562418734529,0.8687
0.03543258728510423,0.8688
0.04070899612230505,0.8689
0.04613261791911505,0.869
0.05158563357724821,0.8691000000000001
0.05704021712606577,0.8692000000000001
0.062482325298251595,0.8693000000000001
0.06786681971870978,0.8694000000000001
0.07314790208660438,0.8695
0.07828311807760713,0.8696
0.08323574451637494,0.8697
0.08797568022436764,0.8698
0.09247661626442472,0.8699
0.09671457855215104,0.87
0.10066661833171686,0.8701000000000001
0.10431076371946968,0.8702000000000001
0.10762606626404203,0.8703000000000001
0.1105930557625745,0.8704000000000001
0.11319408010702892,0.8705
0.11541392437641718,0.8706
0.11724028945591392,0.8707
0.11866427531064094,0.8708
0.11968041420760012,0.8709
0.12028644043377101,0.871
0.12048267821106695,0.8711000000000001
0.1202714281213686,0.8712000000000001
0.11948352219591662,0.8713000000000001
0.11648198139664967,0.8714000000000001
0.1132541030825801,0.8715
0.10986646380267995,0.8716
0.10634689079246895,0.8717
0.1027098413578501,0.8718
0.09897537527434086,0.8719
0.0951663970545612,0.872
0.09131164075016063,0.8721
0.08744246606257955,0.8722000000000001
0.08339971786319667,0.8723000000000001
0.07934605369818037,0.8724000000000001
0.0753492081313959,0.8725
0.07144044811124783,0.8726
0.06764661998191479,0.8727
0.06379122070488519,0.8728
0.05996812843390653,0.8729
0.05611763759531718,0.873
0.05228758438395564,0.8731
0.048647439462487174,0.8732000000000001
0.0449453839311722,0.8733000000000001
0.04124738479010093,0.8734000000000001
0.03744867065300217,0.8735
0.03377445860687911,0.8736
0.030057547076679958,0.8737
0.02624824218875088,0.8738
0.022706040676857775,0.8739
0.01925504152834745,0.874
0.016188506993851437,0.8741
0.013574324034749452,0.8742000000000001
0.011262013441090346,0.8743000000000001
0.009140498295629573,0.8744000000000001
0.0075392233722157975,0.8745
0.006594164921621681,0.8746
0.006390061539523595,0.8747
0.006948998703292464,0.8748
0.008072964107387559,0.8749
0.009253398257621503,0.875
0.011180214616661965,0.8751
0.013886556623357027,0.8752000000000001
0.017115754438328246,0.8753000000000001
0.02064888553671107,0.8754000000000001
0.024658925160248923,0.8755000000000001
0.02918736699756197,0.8756
0.03411342108037663,0.8757
0.039344288314443254,0.8758
0.04473856613358529,0.8759
0.05017465689797507,0.876
0.05561933893472526,0.8761
0.06106168169275539,0.8762000000000001
0.06645754357270695,0.8763000000000001
0.07176392295380785,0.8764000000000001
0.07693859453939766,0.8765000000000001
0.08194515836564509,0.8766
0.08675254242125219,0.8767
0.09133379884162063,0.8768
0.09566393361850667,0.8769
0.09971928575054312,0.877
0.10347692972642875,0.8771
0.1069150271514121,0.8772000000000001
0.11001300950353943,0.8773000000000001
0.11275220291430632,0.8774000000000001
0.11511637680519105,0.8775000000000001
0.11709238271832068,0.8776
0.11867047382860763,0.8777
0.11984428336411068,0.8778
0.1206104363109407,0.8779
0.1209680120660177,0.878
0.12091806344590583,0.8781
0.12046325654305001,0.8782000000000001
0.11794320634624533,0.8783000000000001
0.1148010150650648,0.8784000000000001
0.11147856342752427,0.8785000000000001
0.10801327957440299,0.8786
0.1044227022562838,0.8787
0.10072611846085244,0.8788
0.09694560948978104,0.8789
0.09310850903779899,0.879
0.08924550160836198,0.8791
0.08531085303305397,0.8792000000000001
0.08125102545315743,0.8793000000000001
0.07723324562858935,0.8794000000000001
0.07329224612303353,0.8795000000000001
0.069457136330214,0.8796
0.06571648905068939,0.8797
0.06184872365744776,0.8798
0.05812100326342162,0.8799
0.05423793198432647,0.88
0.05052962430208119,0.8801
0.04698265970050164,0.8802000000000001
0.04330386340221537,0.8803000000000001
0.03958740999581134,0.8804000000000001
0.03594429220380402,0.8805000000000001
0.03228633862881547,0.8806
0.0286161938284335,0.8807
0.024998535694259694,0.8808
0.021587521464133452,0.8809
0.018365536266149896,0.881
0.015556075089408816,0.8811
0.013222462385134248,0.8812000000000001
0.01105240130849472,0.8813000000000001
0.009205243188851187,0.8814000000000001
0.007924567388171821,0.8815000000000001
0.007327482106597172,0.8816
0.007472017306463075,0.8817
0.008364011598599674,0.8818
0.00960167375244958,0.8819
0.011111037323144224,0.882
0.013360507012264433,0.8821
0.01614931464065461,0.8822000000000001
0.01930013308151768,0.8823000000000001
0.02299479083545819,0.8824000000000001
0.02727149212955493,0.8825000000000001
0.032001499788723464,0.8826
0.03708488243251917,0.8827
0.042414299457669946,0.8828
0.047867604682765075,0.8829
0.053327507834872945,0.883
0.05877058836528981,0.8831
0.06418695431687027,0.8832000000000001
0.06953335820307449,0.8833000000000001
0.0747655185159215,0.8834000000000001
0.07984213105188476,0.8835000000000001
0.08472737743819647,0.8836
0.08939190430500321,0.8837
0.09381003247545372,0.8838
0.09795835317111357,0.8839
0.10181444426575548,0.884
0.10535682373935795,0.8841
0.10856501143804065,0.8842000000000001
0.11142004073278189,0.8843000000000001
0.11390488373552521,0.8844000000000001
0.11600512780137595,0.8845000000000001
0.1177094200359401,0.8846
0.1190098279164139,0.8847
0.1199017193881633,0.8848
0.1203834441596946,0.8849
0.12045573863604986,0.885
0.1201212163153419,0.8851
0.11860542672926366,0.8852000000000001
0.11553246668842343,0.8853000000000001
0.11225378277992404,0.8854000000000001
0.1088241480370239,0.8855000000000001
0.10526711206771577,0.8856
0.10159888092442948,0.8857
0.09784010486005512,0.8858
0.09401529918319351,0.8859
0.09015388561149162,0.886
0.08625492421180725,0.8861
0.08218339904042082,0.8862
0.07814199134437982,0.8863000000000001
0.07416701634086365,0.8864000000000001
0.07028870763916517,0.8865000000000001
0.06653368077088495,0.8866
0.06262609193213797,0.8867
0.058848410566543885,0.8868
0.05494734590863248,0.8869
0.0511709174231485,0.887
0.047596344836386306,0.8871
0.043843005788910094,0.8872
0.04009633905543564,0.8873000000000001
0.03636757944511193,0.8874000000000001
0.03265879778888214,0.8875000000000001
0.028918187565068365,0.8876000000000001
0.025197270043103348,0.8877
0.021677270394577564,0.8878
0.018336444185870215,0.8879
0.015399220890197185,0.888
0.012929301576088736,0.8881
0.010621172387386357,0.8882
0.008638626033653729,0.8883000000000001
0.007220959989126419,0.8884000000000001
0.006490642400000857,0.8885000000000001
0.006511947458376133,0.8886000000000001
0.007293134004703994,0.8887
0.008387632960917157,0.8888
0.009783070302185726,0.8889
0.011941652134020542,0.889
0.014664838447394413,0.8891
0.017769484925273193,0.8892
0.021431702042622236,0.8893000000000001
0.02568627087092934,0.8894000000000001
0.030402776879849158,0.8895000000000001
0.03548074630548359,0.8896000000000001
0.04081276465497696,0.8897
0.046276898659210586,0.8898
0.05175608849030855,0.8899
0.057226930181695224,0.89
0.06267976236587292,0.8901
0.06807177944832199,0.8902
0.07335903526114473,0.8903000000000001
0.07850042652713773,0.8904000000000001
0.08346020670944887,0.8905000000000001
0.08820899866988086,0.8906000000000001
0.09272101289278578,0.8907
0.09697262968401721,0.8908
0.10094108396011348,0.8909
0.10460438490794366,0.891
0.10794136246928221,0.8911
0.11093219720990977,0.8912
0.11355890150089532,0.8913000000000001
0.1158060726141148,0.8914000000000001
0.1176614072844,0.8915000000000001
0.11911609947886248,0.8916000000000001
0.12016472006491974,0.8917
0.12080487355779912,0.8918
0.12103657845382154,0.8919
0.1208617460026753,0.892
0.1199893434682302,0.8921
0.1170127610933902,0.8922
0.11380887221368197,0.8923000000000001
0.11044199562264556,0.8924000000000001
0.10693926719371993,0.8925000000000001
0.10331565870017134,0.8926000000000001
0.09959153548713029,0.8927
0.09579029461686095,0.8928
0.09194100119917303,0.8929
0.08807528749062887,0.893
0.08408145254430022,0.8931
0.08003030394380128,0.8932
0.07603280296703041,0.8933000000000001
0.0721215942158635,0.8934000000000001
0.06832428763702325,0.8935000000000001
0.06453939442000223,0.8936000000000001
0.06071376399046846,0.8937
0.056938797825826004,0.8938
0.05310449698968145,0.8939
0.049456378673028434,0.894
0.04585684616648589,0.8941
0.04224059994095031,0.8942
0.038466891445086304,0.8943000000000001
0.03489375492959157,0.8944000000000001
0.0311834506657811,0.8945000000000001
0.02747315027839936,0.8946000000000001
0.02394506994074841,0.8947
0.020545341554508267,0.8948
0.01743924543072839,0.8949
0.014768151520095918,0.895
0.012581113486239248,0.8951
0.010407119075518168,0.8952
0.008704325142638192,0.8953000000000001
0.007617346767388122,0.8954000000000001
0.007244409692324982,0.8955000000000001
0.007619716393961085,0.8956000000000001
0.00873677784988458,0.8957
0.0099435008833193,0.8958
0.011669855785666039,0.8959
0.014148126598714672,0.896
0.017155513156223545,0.8961
0.020495421804310965,0.8962
0.02434585022839597,0.8963000000000001
0.028746423202532956,0.8964000000000001
0.03357208948075008,0.8965000000000001
0.03872625906811966,0.8966000000000001
0.04410370241873651,0.8967
0.049582466735981434,0.8968
0.05504583844148381,0.8969
0.060474385287546784,0.897
0.06586207665658528,0.8971
0.0711676351578957,0.8972
0.07634842692455224,0.8973000000000001
0.08136441810493933,0.8974000000000001
0.08618074108808593,0.8975000000000001
0.09076874402850688,0.8976000000000001
0.09510326514195089,0.8977
0.09916132550855628,0.8978
0.10292091368503553,0.8979
0.10636096763786118,0.898
0.10946145761246506,0.8981
0.11220394490724339,0.8982
0.11457207648978118,0.8983000000000001
0.11655230459909705,0.8984000000000001
0.11813428898513278,0.8985000000000001
0.11931113035850682,0.8986000000000001
0.12007909277109241,0.8987
0.12043718725047325,0.8988
0.12038658186715623,0.8989
0.11993018627573471,0.899
0.11770545699342638,0.8991
0.11456237282698012,0.8992
0.1112341949460135,0.8993
0.10776395058463584,0.8994000000000001
0.10417090437855203,0.8995000000000001
0.10047296937821304,0.8996000000000001
0.0966913764339421,0.8997
0.09285225559101906,0.8998
0.08898575776573725,0.8999
0.0850236635505689,0.9
0.08095744309342101,0.9001
0.0769328542301071,0.9002
0.07298418772004689,0.9003
0.06914027274204815,0.9004000000000001
0.06534620833057125,0.9005000000000001
0.06146677970405545,0.9006000000000001
0.057678316196507984,0.9007000000000001
0.05378229686826308,0.9008
0.05006201049844372,0.9009
0.046433031349783827,0.901
0.0427388556617303,0.9011
0.03893366098465312,0.9012
0.035276115833009714,0.9013
0.031519793199177304,0.9014000000000001
0.027747092695525,0.9015000000000001
0.024119173412233907,0.9016000000000001
0.020618506879534593,0.9017000000000001
0.017394723564307046,0.9018
0.014595657271092133,0.9019
0.012270076862480161,0.902
0.009965902544732064,0.9021
0.008129186508144093,0.9022
0.0069072670635630384,0.9023
0.0064044925019055565,0.9024000000000001
0.006660674944169109,0.9025000000000001
0.007670163667661267,0.9026000000000001
0.00873029040063078,0.9027000000000001
0.010346358989926863,0.9028
0.012738476701705359,0.9029
0.015683758874439402,0.903
0.018978742658549264,0.9031
0.022796564008336073,0.9032
0.027174186645255283,0.9033
0.031985419267694715,0.9034000000000001
0.03713342419510379,0.9035000000000001
0.04251306066335547,0.9036000000000001
0.04800270147885288,0.9037000000000001
0.053485946575484666,0.9038
0.05894342536182262,0.9039
0.06436924799009336,0.904
0.06972238838134914,0.9041
0.07496036556429553,0.9042
0.08004321136097314,0.9043
0.08493606077495275,0.9044000000000001
0.0896102268757405,0.9045000000000001
0.0940404616261219,0.9046000000000001
0.09820360660473182,0.9047000000000001
0.10207732179071394,0.9048
0.10564002111683413,0.9049
0.10887094212780823,0.905
0.11175073618496978,0.9051
0.11426203400447421,0.9052
0.11639025095245148,0.9053
0.11812405968877593,0.9054000000000001
0.11945565714763351,0.9055000000000001
0.12038048471260887,0.9056000000000001
0.12089679103663764,0.9057000000000001
0.12100502396658541,0.9058
0.12070740753106246,0.9059
0.1190942157275463,0.906
0.11604461464977922,0.9061
0.11278874627278745,0.9062
0.109378921537579,0.9063
0.10583788668988048,0.9064000000000001
0.10218236108576562,0.9065000000000001
0.09843329953948166,0.9066000000000001
0.09461575063715244,0.9067000000000001
0.09075951268125493,0.9068
0.08689642424875144,0.9069
0.08284134687488232,0.907
0.07880195485130359,0.9071
0.07482701187491636,0.9072
0.07094761452018383,0.9073
0.06719061194959075,0.9074000000000001
0.0633566952772463,0.9075000000000001
0.05957846253550558,0.9076000000000001
0.05575772165298054,0.9077000000000001
0.05197878426390412,0.9078
0.048396718771479996,0.9079
0.04474464499993802,0.908
0.04110283326010267,0.9081
0.03736640208553377,0.9082
0.033759953760184924,0.9083
0.030120248111436876,0.9084000000000001
0.026380826471949392,0.9085000000000001
0.022935808304492822,0.9086000000000001
0.01956361022062314,0.9087000000000001
0.01657960890022836,0.9088
0.014052762802228003,0.9089
0.011878421874570444,0.909
0.009846765874002239,0.9091
0.008324564410675306,0.9092
0.00744678189715553,0.9093
0.007297052600439002,0.9094000000000001
0.00789759553164271,0.9095000000000001
0.009170057587245317,0.9096000000000001
0.010398090747946176,0.9097000000000001
0.012345942338724436,0.9098
0.014843495719075728,0.9099
0.017741460413463583,0.91
0.02122767507862333,0.9101
0.02533856547127611,0.9102
0.02994021766562116,0.9103
0.03492803311469439,0.9104000000000001
0.040191806739410474,0.9105000000000001
0.04560931150238323,0.9106000000000001
0.05106259053094542,0.9107000000000001
0.05652259354860423,0.9108
0.06197413851292988,0.9109
0.06737159177517149,0.911
0.07266877112025272,0.9111
0.07782294213197782,0.9112
0.08279716240149282,0.9113
0.08756114383906477,0.9114000000000001
0.09208841215500096,0.9115000000000001
0.09635483787010057,0.9116000000000001
0.10033732202187673,0.9117000000000001
0.10401374684434339,0.9118
0.1073630161185044,0.9119
0.11036549337168611,0.912
0.11300332023251403,0.9121
0.11526102432420371,0.9122
0.11712601220425833,0.9123
0.11858908918767963,0.9124
0.11964453453310075,0.9125000000000001
0.12028989337333595,0.9126000000000001
0.12052535790439556,0.9127000000000001
0.12035312453801261,0.9128000000000001
0.11977675540366983,0.9129
0.11680027953713246,0.913
0.1135889977698551,0.9131
0.11021506459842245,0.9132
0.1067075579599599,0.9133
0.10308046009787075,0.9134
0.0993536605292955,0.9135000000000001
0.0955496108769982,0.9136000000000001
0.09169684930838418,0.9137000000000001
0.08782668326590659,0.9138000000000001
0.08380513727478045,0.9139
0.07974743013162999,0.914
0.07574304007441024,0.9141
0.07182399773681836,0.9142
0.06801765510088675,0.9143
0.06418189390510554,0.9144
0.06034525715847294,0.9145000000000001
0.05651552508286306,0.9146000000000001
0.05266949472751614,0.9147000000000001
0.04900963198631758,0.9148000000000001
0.04533127120999492,0.9149
0.04165698316506883,0.915
0.03783698546992165,0.9151
0.034180363816646686,0.9152
0.030446918679299495,0.9153
0.026639649315940428,0.9154
0.023096531953312294,0.9155000000000001
0.01960970216272817,0.9156000000000001
0.0164997861142675,0.9157000000000001
0.013837466636997364,0.9158000000000001
0.011528396512871186,0.9159
0.009360947193926439,0.916
0.0076984083594411334,0.9161
0.006680564945703571,0.9162
0.006398397394852706,0.9163
0.006878911789729214,0.9164
0.008020901518076773,0.9165000000000001
0.009125639474564906,0.9166000000000001
0.010968130409002352,0.9167000000000001
0.01359153660527479,0.9168000000000001
0.01674855265442554,0.9169
0.020222026107408198,0.917
0.02418439236960901,0.9171
0.028675755421322613,0.9172
0.03357401465617471,0.9173
0.03878547905615526,0.9174
0.04420700218010065,0.9175000000000001
0.04971735329253235,0.9176000000000001
0.05520093450530794,0.9177000000000001
0.060642119027726316,0.9178000000000001
0.06603845644718964,0.9179
0.07135055306994809,0.918
0.07653725773542719,0.9181
0.0815596805367178,0.9182
0.0863838732404002,0.9183
0.0909819309101958,0.9184
0.09532921695163932,0.9185000000000001
0.09940300590703288,0.9186000000000001
0.10318123850117444,0.9187000000000001
0.10664253262800427,0.9188000000000001
0.10976637809184542,0.9189
0.11253386422125478,0.919
0.11492833418762449,0.9191
0.11693617589372396,0.9192
0.11854716843619029,0.9193
0.11975457189565508,0.9194
0.12055470231658905,0.9195000000000001
0.12094644785721353,0.9196000000000001
0.12093070893138624,0.9197000000000001
0.12051007160591698,0.9198000000000001
0.11819570963541093,0.9199
0.11507524466932384,0.92
0.11176881099674396,0.9201
0.10831722635129382,0.9202
0.10473906235762431,0.9203
0.10105272486902261,0.9204
0.09727971818743453,0.9205000000000001
0.09344665064558588,0.9206000000000001
0.08958401773809832,0.9207000000000001
0.08566767035617195,0.9208000000000001
0.08160413833570701,0.9209
0.07757934388354437,0.921
0.07362887891450909,0.9211
0.06978232424879027,0.9212
0.0660545969287083,0.9213
0.06217412069499739,0.9214
0.05844080696550802,0.9215000000000001
0.05456020835190678,0.9216000000000001
0.0508340452585585,0.9217000000000001
0.047297938928892114,0.9218000000000001
0.04359885056845836,0.9219
0.03989244197394304,0.922
0.03622574207286,0.9221
0.032574144703064745,0.9222
0.02890610206906774,0.9223
0.02525939199805438,0.9224
0.021837479181475494,0.9225000000000001
0.018580829365763663,0.9226000000000001
0.015731639382295715,0.9227000000000001
0.013354529776414159,0.9228000000000001
0.011179973503314233,0.9229
0.009291512916826727,0.923
0.007957718547757064,0.9231
0.0073001152746530185,0.9232
0.0073825517116838935,0.9233
0.008214101243070537,0.9234
0.009451547524942594,0.9235000000000001
0.010902295352710478,0.9236000000000001
0.013091076255729694,0.9237000000000001
0.01582286558244972,0.9238000000000001
0.018925049182940912,0.9239
0.022580154692960486,0.924
0.026825812461673593,0.9241
0.031532203312238716,0.9242
0.03659846671006739,0.9243
0.041916687545595854,0.9244
0.04736466295897013,0.9245000000000001
0.052824970451775366,0.9246000000000001
0.058273212337453195,0.9247000000000001
0.06369859717433357,0.9248000000000001
0.06905748261190559,0.9249
0.07430525964370605,0.925
0.07940036333004186,0.9251
0.08430676112290392,0.9252
0.08899491798088643,0.9253
0.09343899609721007,0.9254
0.09761543458291433,0.9255
0.10150165599425987,0.9256000000000001
0.1050760185582098,0.9257000000000001
0.10831787714565899,0.9258000000000001
0.11120808602898213,0.9259000000000001
0.11372940864764658,0.926
0.11586718389536965,0.9261
0.11760978018701018,0.9262
0.1189489845036682,0.9263
0.11987991673429044,0.9264
0.12040072954028158,0.9265
0.1205120077557923,0.9266000000000001
0.12021623404792459,0.9267000000000001
0.11889935720220757,0.9268000000000001
0.11584754306718426,0.9269000000000001
0.1125840525115176,0.927
0.10916686330353131,0.9271
0.10562068842253614,0.9272
0.10196127584354964,0.9273
0.09820913724001323,0.9274
0.09438837925669374,0.9275
0.09052826430075955,0.9276000000000001
0.08665087664959781,0.9277000000000001
0.08257788108328556,0.9278000000000001
0.07853158217786516,0.9279000000000001
0.07454895647801996,0.928
0.07066066933006931,0.9281
0.06689350293918916,0.9282
0.06300801282419932,0.9283
0.05921717017650563,0.9284
0.05533939716149994,0.9285
0.05154708457850843,0.9286000000000001
0.047952782656643045,0.9287000000000001
0.04422539942548398,0.9288000000000001
0.04050439851349319,0.9289000000000001
0.03675401659046784,0.929
0.03306356195674831,0.9291
0.029335736079034946,0.9292
0.025585060508138913,0.9293
0.02206028846870489,0.9294
0.018682449241096633,0.9295
0.015701751854988233,0.9296000000000001
0.013183463743475565,0.9297000000000001
0.010880947178964817,0.9298000000000001
0.008852670190842904,0.9299000000000001
0.00737222689543815,0.93
0.006567297252227933,0.9301
0.006509897132674247,0.9302
0.00721329487706468,0.9303
0.008324997704772352,0.9304
0.009645677499627414,0.9305
0.011722819475665558,0.9306000000000001
0.014573161483186103,0.9307000000000001
0.017926207492459545,0.9308000000000001
0.021561294487852933,0.9309000000000001
0.025652741626966513,0.931
0.030244430780917986,0.9311
0.035217746494457636,0.9312
0.040481359395529104,0.9313
0.04589394582546569,0.9314
0.05133417098514714,0.9315
0.05677147032933316,0.9316000000000001
0.06219737408287429,0.9317000000000001
0.06756877728188904,0.9318000000000001
0.07284352906462821,0.9319000000000001
0.0779800706553283,0.932
0.08294255113699034,0.9321
0.0877003624783903,0.9322
0.09222694286497746,0.9323
0.09649762649455107,0.9324
0.10048904078165566,0.9325
0.10417852089122792,0.9326000000000001
0.1075444888641286,0.9327000000000001
0.1105666842577071,0.9328000000000001
0.11322684695721363,0.9329000000000001
0.11550929544510014,0.933
0.11740153474251824,0.9331
0.11889448959672066,0.9332
0.11998238261081273,0.9333
0.12066228798763201,0.9334
0.12093360284793131,0.9335
0.12079762681825856,0.9336000000000001
0.12020595846600357,0.9337000000000001
0.11725308963523806,0.9338000000000001
0.1140639726116418,0.9339000000000001
0.11070852403634213,0.934
0.10721664551043353,0.9341
0.10360335090517592,0.9342
0.09988893634055729,0.9343
0.096095864270205,0.9344
0.09225240007166213,0.9345
0.08838957758473787,0.9346000000000001
0.0844105315160254,0.9347000000000001
0.08035785258593797,0.9348000000000001
0.07635518973032718,0.9349000000000001
0.0724357189788698,0.935
0.06862751385179988,0.9351
0.06484842336605479,0.9352
0.06101043257548633,0.9353
0.05724280568111939,0.9354
0.05339482700329423,0.9355
0.049729668765450485,0.9356000000000001
0.04613715913949812,0.9357000000000001
0.04250283107219022,0.9358000000000001
0.038738189861877936,0.9359000000000001
0.035147010727763606,0.936
0.03144780960320981,0.9361
0.02774720916638307,0.9362
0.024197098262982664,0.9363
0.020793613174066472,0.9364
0.017656781172925795,0.9365
0.014948263373672166,0.9366000000000001
0.01272667965419605,0.9367000000000001
0.010541040126713197,0.9368000000000001
0.008797699697986383,0.9369000000000001
0.007659613680699673,0.937
0.0072293376875587345,0.9371
0.0075462344133334636,0.9372
0.008606502751903111,0.9373
0.009812556479945611,0.9374
0.011482658151653835,0.9375
0.013902943229514353,0.9376000000000001
0.016855692871697858,0.9377000000000001
0.02014839964804427,0.9378000000000001
0.023959753149334073,0.9379000000000001
0.028328973980015215,0.9380000000000001
0.03313016197351781,0.9381
0.038266003089904244,0.9382
0.04363084516868443,0.9383
0.049102754869511545,0.9384
0.05456493917302896,0.9385
0.05999708501379175,0.9386
0.06539227519014457,0.9387000000000001
0.0707087487705289,0.9388000000000001
0.07590345467851689,0.9389000000000001
0.08093603843507835,0.9390000000000001
0.08577140706320319,0.9391
0.09038076521806115,0.9392
0.09473886712353674,0.9393
0.09882267349916585,0.9394
0.10261010413053062,0.9395
0.1060799991486957,0.9396
0.10921218934680854,0.9397000000000001
0.11198804524005679,0.9398000000000001
0.11439096505334445,0.9399000000000001
0.11640709832549612,0.9400000000000001
0.1180257714234979,0.9401
0.11923975963527611,0.9402
0.12004505010996225,0.9403
0.1204404485524675,0.9404
0.12042698699396803,0.9405
0.12000748461076371,0.9406
0.1179765513458757,0.9407000000000001
0.11485594329054427,0.9408000000000001
0.11154450401629246,0.9409000000000001
0.10808839480695165,0.9410000000000001
0.10450800856674314,0.9411
0.10082077335506345,0.9412
0.09704773982570647,0.9413
0.09321458021438045,0.9414
0.08935122987748767,0.9415
0.08541079109222127,0.9416
0.08134458144974244,0.9417000000000001
0.07731643776481678,0.9418000000000001
0.07336129292916183,0.9419000000000001
0.06950842879663577,0.9420000000000001
0.06573299056008808,0.9421
0.06184319474224931,0.9422
0.05807378220807258,0.9423
0.05416511339898755,0.9424
0.05042873970658146,0.9425
0.046821232137565616,0.9426
0.04311038898995756,0.9427000000000001
0.03932782456329709,0.9428000000000001
0.03565030682599746,0.9429000000000001
0.03191401610247069,0.9430000000000001
0.028157209794343885,0.9431
0.024502520167601016,0.9432
0.021001789574375263,0.9433
0.017743439115411208,0.9434
0.014902545948477286,0.9435
0.01253918878565674,0.9436
0.010235842095871472,0.9437000000000001
0.008353777924893224,0.9438000000000001
0.007069001722786794,0.9439000000000001
0.006491950815237901,0.9440000000000001
0.006670602324800656,0.9441
0.007604217186661266,0.9442
0.008687481481639336,0.9443
0.010230180969167169,0.9444
0.012542818802059097,0.9445
0.015411224503286913,0.9446
0.018639630362451864,0.9447000000000001
0.022402570049403936,0.9448000000000001
0.02673641063043619,0.9449000000000001
0.03151353627414544,0.9450000000000001
0.03663583686748595,0.9451
0.04199736556702027,0.9452
0.04747638056914516,0.9453
0.052956237349412794,0.9454
0.058416114184408174,0.9455
0.06384874267230323,0.9456
0.0692124196710755,0.9457000000000001
0.0744641099453528,0.9458000000000001
0.07956342087854851,0.9459000000000001
0.08447516401836763,0.9460000000000001
0.08917040514091168,0.9461
0.09362371101817346,0.9462
0.09781177857457235,0.9463
0.10171215004600787,0.9464
0.10530314196347279,0.9465
0.10856390244113212,0.9466
0.11147497420812336,0.9467000000000001
0.1140188250269305,0.9468000000000001
0.1161806314911712,0.9469000000000001
0.1179487660938594,0.9470000000000001
0.11931511197228284,0.9471
0.12027484165196722,0.9472
0.12082601485542788,0.9473
0.12096896716125316,0.9474
0.12070585223305419,0.9475
0.11932560032188311,0.9476
0.11629693454544232,0.9477000000000001
0.11305565106820814,0.9478000000000001
0.10965791975785033,0.9479000000000001
0.10612789213620755,0.9480000000000001
0.10248171305869513,0.9481
0.09874013092574985,0.9482
0.09492764207982485,0.9483
0.0910737787420961,0.9484
0.08721025873081611,0.9485
0.08316976700878798,0.9486
0.07912685378482487,0.9487000000000001
0.07514516114908276,0.9488000000000001
0.07125635107652462,0.9489000000000001
0.06748769426339396,0.9490000000000001
0.06366379967983593,0.9491
0.059872665957549476,0.9492
0.056062312060704,0.9493
0.052268353230944475,0.9494
0.048668141385066255,0.9495
0.045027617978348866,0.9496
0.04139743634000048,0.9497000000000001
0.03764185988297819,0.9498000000000001
0.0340421287915289,0.9499000000000001
0.03037918534764872,0.9500000000000001
0.026641926404000094,0.9501000000000001
0.023183961294234168,0.9502
0.019786497987949847,0.9503
0.01676671478104219,0.9504
0.014199745182739143,0.9505
0.012014842775314172,0.9506
0.009944163430100739,0.9507000000000001
0.008373901485405177,0.9508000000000001
0.007441428134868033,0.9509000000000001
0.007234230384567164,0.9510000000000001
0.007777531466425902,0.9511000000000001
0.009050077981800575,0.9512
0.01022220943462715,0.9513
0.012110263849077763,0.9514
0.014756432303309364,0.9515
0.017921145115227466,0.9516
0.02139453649270462,0.9517
0.02535270842610804,0.9518000000000001
0.029837058375230763,0.9519000000000001
0.03472570691443666,0.9520000000000001
0.03992482259968266,0.9521000000000001
0.04529280713404882,0.9522
0.050707549401911356,0.9523
0.056133264575982,0.9524
0.06155641621383123,0.9525
0.0669313768983234,0.9526
0.07221397644334204,0.9527
0.07736113583322812,0.9528000000000001
0.08233584355660772,0.9529000000000001
0.08710658722488285,0.9530000000000001
0.09164613729475624,0.9531000000000001
0.09592936282299747,0.9532
0.09993262170608919,0.9533
0.1036331823564266,0.9534
0.1070095789035872,0.9535
0.11004174969295544,0.9536
0.11271157360851003,0.9537
0.1150033203577121,0.9538000000000001
0.11690424032617541,0.9539000000000001
0.11840490601976572,0.9540000000000001
0.11949926535834854,0.9541000000000001
0.1201843195995449,0.9542
0.12045960217150431,0.9543
0.12032665639458928,0.9544
0.11978861710188804,0.9545
0.11707215102750179,0.9546
0.11388225159744536,0.9547
0.11052158206090801,0.9548000000000001
0.10702479598528891,0.9549000000000001
0.1034082824437238,0.9550000000000001
0.09969150041175157,0.9551000000000001
0.09589644970523892,0.9552
0.09205060405752508,0.9553
0.08818456031905475,0.9554
0.08418093067810795,0.9555
0.0801231114094142,0.9556
0.07611476577974818,0.9557
0.07218852234916695,0.9558000000000001
0.06837220282568679,0.9559000000000001
0.06454713622197417,0.9560000000000001
0.06069861593095249,0.9561000000000001
0.05688008955987245,0.9562
0.05302067939144184,0.9563
0.04934474418870827,0.9564
0.045684113384964364,0.9565
0.0420317354116182,0.9566
0.038198288650759915,0.9567
0.0345646913886517,0.9568000000000001
0.030814846887144975,0.9569000000000001
0.027029817520056953,0.9570000000000001
0.023470235306854548,0.9571000000000001
0.019988222505670672,0.9572
0.016847214646523723,0.9573
0.014145104079537285,0.9574
0.011841839733979675,0.9575
0.009633905643200436,0.9576
0.007916478924710812,0.9577
0.0068322383128194275,0.9578000000000001
0.006476999891688484,0.9579000000000001
0.006882264055222187,0.9580000000000001
0.00803449192463268,0.9581000000000001
0.009079722911238042,0.9582
0.010839247958218445,0.9583
0.013377795428122452,0.9584
0.016458160155226498,0.9585
0.01986647815208653,0.9586
0.0237752716031836,0.9587
0.0282235163128417,0.9588000000000001
0.03308787518047818,0.9589000000000001
0.038273803416836616,0.9590000000000001
0.043677564299827054,0.9591000000000001
0.04917779916218867,0.9592
0.054658538891041664,0.9593
0.06010263276840444,0.9594
0.06550624813440042,0.9595
0.07082933819953519,0.9596
0.07603023626441074,0.9597
0.08106963723893967,0.9598000000000001
0.08591324200806016,0.9599000000000001
0.09053285456277038,0.9600000000000001
0.09490363175655658,0.9601000000000001
0.09900273221379474,0.9602
0.10280805485599032,0.9603
0.10629820965709158,0.9604
0.10945265412179794,0.9605
0.11225236530865623,0.9606
0.11468046385948971,0.9607
0.11672301884626324,0.9608000000000001
0.11836944883621325,0.9609000000000001
0.11961268049365492,0.9610000000000001
0.1204487730341447,0.9611000000000001
0.12087644375553586,0.9612
0.12089648376524154,0.9613
0.12051139519927134,0.9614
0.11842115299483125,0.9615
0.11532271513841907,0.9616
0.11203220669804148,0.9617
0.10859412171602734,0.9618000000000001
0.10502835060780591,0.9619000000000001
0.10135272097231707,0.9620000000000001
0.09758852841696775,0.9621000000000001
0.0937618388098792,0.9622
0.08990287848691236,0.9623
0.08600400844606826,0.9624
0.0819411215365129,0.9625
0.07791355921455334,0.9626
0.07395738157216225,0.9627
0.07010251811042567,0.9628000000000001
0.06637521038486938,0.9629000000000001
0.06249666838726453,0.9630000000000001
0.05875073984610468,0.9631000000000001
0.05488343884498903,0.9632000000000001
0.051142744663394746,0.9633
0.04760737899132783,0.9634
0.04390283542277773,0.9635
0.04020890510876374,0.9636
0.03652262562748532,0.9637
0.03287928410567953,0.9638000000000001
0.029215050799608955,0.9639000000000001
0.025542825706673433,0.9640000000000001
0.022111127638981376,0.9641000000000001
0.018822697315772352,0.9642000000000001
0.015936452164006853,0.9643
0.013518054241713262,0.9644
0.011337314035304802,0.9645
0.009409215208183275,0.9646
0.008024561790702212,0.9647
0.0073083455935933905,0.9648
0.0073295534813071495,0.9649000000000001
0.008100568570849287,0.9650000000000001
0.009342064016768292,0.9651000000000001
0.010733983790740531,0.9652000000000001
0.012860355637626997,0.9653
0.015532229641905593,0.9654
0.018582344125314343,0.9655
0.022194271441107638,0.9656
0.026405243575952753,0.9657
0.031084430432584353,0.9658
0.03613007980343452,0.9659000000000001
0.0414337380073555,0.9660000000000001
0.046873226667332846,0.9661000000000001
0.052331038636995286,0.9662000000000001
0.0577816881987645,0.9663
0.06321336153919521,0.9664
0.06858197372383545,0.9665
0.0738425558277862,0.9666
0.07895326399706848,0.9667
0.08387784188647995,0.9668
0.08858656962344535,0.9669000000000001
0.09305345748716776,0.9670000000000001
0.09725481179794782,0.9671000000000001
0.10116793147072656,0.9672000000000001
0.10477105514539953,0.9673
0.10804341469592527,0.9674
0.11096572264118842,0.9675
0.11352056222887708,0.9676
0.1156930427918128,0.9677
0.1174712657971223,0.9678
0.1188467466757469,0.9679000000000001
0.11981436812258828,0.9680000000000001
0.12037210206043347,0.9681000000000001
0.12052040500724381,0.9682000000000001
0.12026165829069435,0.9683
0.11916842178043408,0.9684
0.11613970691349107,0.9685
0.11289297846165036,0.9686
0.1094898194201096,0.9687
0.10595626654065182,0.9688
0.10230754490780036,0.9689000000000001
0.09856399256893367,0.9690000000000001
0.09474922167656019,0.9691000000000001
0.09089228512578906,0.9692000000000001
0.0870246578062428,0.9693
0.08296080664406602,0.9694
0.07891267428460036,0.9695
0.07492560409550941,0.9696
0.07103005308543653,0.9697
0.06725231164152567,0.9698
0.06338152548727927,0.9699000000000001
0.0595761768898051,0.9700000000000001
0.055709863833435236,0.9701000000000001
0.05190067735533699,0.9702000000000001
0.04828577158211922,0.9703
0.04456771756651756,0.9704
0.04085453459109156,0.9705
0.037083418160373416,0.9706
0.03340240756724633,0.9707
0.02968542886931691,0.9708
0.025912582460614342,0.9709000000000001
0.022389106724335583,0.9710000000000001
0.018982527936166838,0.9711000000000001
0.015966559216663123,0.9712000000000001
0.013407990089500554,0.9713
0.011112567958525776,0.9714
0.009045235832753074,0.9715
0.007510704338635321,0.9716
0.006641054562567916,0.9717
0.006514881449360299,0.9718
0.0071499181012089075,0.9719000000000001
0.008280740393515451,0.9720000000000001
0.0095356819202288,0.9721000000000001
0.01153996932614576,0.9722000000000001
0.01431873806027295,0.9723
0.017609286640941413,0.9724
0.021192431899619724,0.9725
0.025242076194789798,0.9726
0.02980093396438277,0.9727
0.034749247287304996,0.9728
0.03999490685659923,0.9729000000000001
0.04539657719181078,0.9730000000000001
0.050832839071964564,0.9731000000000001
0.056271761989486135,0.9732000000000001
0.06170357325026943,0.9733
0.06708458846509668,0.9734
0.07237215723849011,0.9735
0.07752431413673366,0.9736
0.08250487161509268,0.9737
0.08728294680548432,0.9738
0.09183176538811044,0.9739000000000001
0.09612650188389993,0.9740000000000001
0.10014366491427429,0.9741000000000001
0.10386050339987518,0.9742000000000001
0.10725536778060663,0.9743
0.11030791173061893,0.9744
0.11299973788600903,0.9745
0.11531495363898447,0.9746
0.11724078894052448,0.9747
0.11876787261250499,0.9748
0.11989016440176925,0.9749000000000001
0.12060454336551185,0.9750000000000001
0.12091027838722457,0.9751000000000001
0.12080857852439553,0.9752000000000001
0.12030226544167877,0.9753000000000001
0.11751998593736168,0.9754
0.1143488623730895,0.9755
0.11100578124778526,0.9756
0.10752384853932906,0.9757
0.10391900688091327,0.9758
0.10021113487405287,0.9759000000000001
0.09642246862836334,0.9760000000000001
0.09258086466567639,0.9761000000000001
0.08871719100929687,0.9762000000000001
0.08475269603248392,0.9763000000000001
0.08069615142388864,0.9764
0.07668639581387049,0.9765
0.07275716361178952,0.9766
0.06893691884615849,0.9767
0.06516802259886822,0.9768
0.06131664872358367,0.9769000000000001
0.05755954745813896,0.9770000000000001
0.05369612908883381,0.9771000000000001
0.05001244879097566,0.9772000000000001
0.04643181319590628,0.9773000000000001
0.04277842588650582,0.9774
0.03902681919365181,0.9775
0.03541389557312047,0.9776
0.03172469402824474,0.9777
0.028029607308679427,0.9778
0.024451860634690625,0.9779
0.021039534055608877,0.9780000000000001
0.01786845715513996,0.9781000000000001
0.015120086378733966,0.9782000000000001
0.012854676819965771,0.9783000000000001
0.010665897207363217,0.9784
0.008881773547615213,0.9785
0.007690529177094563,0.9786
0.00719994928996015,0.9787
0.007455826024296952,0.9788
0.008457404818764003,0.9789
0.009664494955009983,0.9790000000000001
0.011278224360454114,0.9791000000000001
0.01364079775310012,0.9792000000000001
0.016539708526746466,0.9793000000000001
0.01978661358178635,0.9794
0.023560781557845356,0.9795
0.027900903677748445,0.9796
0.032680110613501734,0.9797
0.03780025357160377,0.9798
0.0431551531764327,0.9799
0.04862281441886962,0.9800000000000001
0.054086297891627666,0.9801000000000001
0.05952433601918816,0.9802000000000001
0.06492910394305018,0.9803000000000001
0.07025839456590965,0.9804
0.07546878432269111,0.9805
0.08051962852804129,0.9806
0.08537561114786973,0.9807
0.09000776489828477,0.9808
0.0943907085337169,0.9809
0.0985012816362707,0.9810000000000001
0.10231728182339062,0.9811000000000001
0.10581742031447239,0.9812000000000001
0.10898138863753914,0.9813000000000001
0.11179039811505809,0.9814
0.11422765297830906,0.9815
0.1162790649023322,0.9816
0.11793368894059597,0.9817
0.11918402527303595,0.9818
0.12002581844722215,0.9819
0.1204576861056631,0.9820000000000001
0.12048052499968076,0.9821000000000001
0.12009704974284385,0.9822000000000001
0.11826350289696552,0.9823000000000001
0.11516328517306884,0.9824
0.11186626199806737,0.9825
0.108421855030581,0.9826
0.10485166124462364,0.9827
0.10117265889522675,0.9828
0.09740575999598167,0.9829
0.0935762112727605,0.9830000000000001
0.0897137668782102,0.9831000000000001
0.08579306118856544,0.9832000000000001
0.08172475614101338,0.9833000000000001
0.07769112824903812,0.9834
0.07372775306249246,0.9835
0.06986434412796294,0.9836
0.0661056530939571,0.9837
0.062203969032888606,0.9838
0.05844688202705428,0.9839
0.0545290820078006,0.9840000000000001
0.05077542934605295,0.9841000000000001
0.04718743457761332,0.9842000000000001
0.04345843754142553,0.9843000000000001
0.039696427914555965,0.9844
0.03599761810783164,0.9845
0.03227912173853542,0.9846
0.028535817129656582,0.9847
0.024853304124461628,0.9848
0.02135046131813989,0.9849
0.018056901128091996,0.9850000000000001
0.015174058827253756,0.9851000000000001
0.01276397432259957,0.9852000000000001
0.010469055895117041,0.9853000000000001
0.0085436977768798,0.9854
0.00719821339351312,0.9855
0.006549328544791511,0.9856
0.00665346321028748,0.9857
0.007514463602253718,0.9858
0.008614965241616535,0.9859
0.010088107001567925,0.9860000000000001
0.012326011054216268,0.9861000000000001
0.015122591382096706,0.9862000000000001
0.018289153227133204,0.9863000000000001
0.022001457982655293,0.9864
0.026295264386204442,0.9865
0.03104159107178006,0.9866
0.036141120366561585,0.9867
0.041487143402781035,0.9868
0.046957809737243617,0.9869
0.0524362406609884,0.9870000000000001
0.05790024100337976,0.9871000000000001
0.06334124528161411,0.9872000000000001
0.06871691915505018,0.9873000000000001
0.07398370998162396,0.9874
0.0791008287820405,0.9875
0.084032784746912,0.9876
0.08875041105800552,0.9877
0.09322809496519557,0.9878
0.09744238296805652,0.9879
0.10137068223250223,0.9880000000000001
0.10499118689204068,0.9881000000000001
0.10828293031270964,0.9882000000000001
0.11122632876635974,0.9883000000000001
0.113803681297038,0.9884000000000001
0.11599993138883669,0.9885
0.11780316338079055,0.9886
0.11920495861363589,0.9887
0.12020022804039943,0.9888
0.12078684355994251,0.9889
0.12096502454020241,0.9890000000000001
0.12073684759083891,0.9891000000000001
0.11957910922161685,0.9892000000000001
0.11657078370830198,0.9893000000000001
0.11334358062823946,0.9894000000000001
0.10995732744353848,0.9895
0.10643751428490289,0.9896
0.10279975723070267,0.9897
0.09906462510015412,0.9898
0.09525611026721426,0.9899
0.0914035139767212,0.9900000000000001
0.08753846303060142,0.9901000000000001
0.08351408339784261,0.9902000000000001
0.07946658963019781,0.9903000000000001
0.07547705907944591,0.9904000000000001
0.07157779813561904,0.9905
0.06779653545382103,0.9906
0.06398488186220141,0.9907
0.06018000080142938,0.9908
0.05638240517638904,0.9909
0.05257249091519789,0.991
0.04895310143349341,0.9911000000000001
0.04532674515986446,0.9912000000000001
0.041710671158403434,0.9913000000000001
0.037934697555678465,0.9914000000000001
0.034343598442599266,0.9915
0.030655905791308724,0.9916
0.0269224447501355,0.9917
0.023434862953381597,0.9918
0.02002968539304595,0.9919
0.0169743831693121,0.992
0.014365543215735466,0.9921000000000001
0.012171533517200572,0.9922000000000001
0.010059445771389397,0.9923000000000001
0.008438021884207947,0.9924000000000001
0.007447384991718042,0.9925
0.007179044874294327,0.9926
0.007661414413495216,0.9927
0.008881938023344915,0.9928
0.010051538479187272,0.9929
0.01188096186104004,0.993
0.014468520963975218,0.9931000000000001
0.017579907094237512,0.9932000000000001
0.021008739639117424,0.9933000000000001
0.024931351989832873,0.9934000000000001
0.029388398785128445,0.9935
0.034256938660947256,0.9936
0.03944225568807225,0.9937
0.044840327827495585,0.9938
0.05032946140304029,0.9939
0.05579332314667251,0.994
0.061214378119713864,0.9941000000000001
0.06658838905471975,0.9942000000000001
0.07187497843204427,0.9943000000000001
0.07703227327580986,0.9944000000000001
0.08202087868378538,0.9945
0.08680648229800825,0.9946
0.09136091163869353,0.9947
0.09565937778849187,0.9948
0.0996791536891517,0.9949
0.1033983621690242,0.995
0.10679599451952138,0.9951000000000001
0.10985206035240191,0.9952000000000001
0.11254822929342267,0.9953000000000001
0.11486838771760888,0.9954000000000001
0.11679937099982673,0.9955
0.11833131413003672,0.9956
0.11945779759825803,0.9957
0.120175485648776,0.9958
0.12048367185354669,0.9959
0.1203837021345987,0.996
0.11987860667788974,0.9961000000000001
0.11733931435313238,0.9962000000000001
0.114170185791024,0.9963000000000001
0.11082511665513606,0.9964000000000001
0.10734170077616323,0.9965
0.10373720373740913,0.9966
0.1000302872044262,0.9967
0.09624240716712795,0.9968
0.09240039137337641,0.9969
0.0885346917188452,0.997
0.08455087448155352,0.9971000000000001
0.08048959359573393,0.9972000000000001
0.07647458591002432,0.9973000000000001
0.07253936740528022,0.9974000000000001
0.06871223601263998,0.9975
0.06490348292873838,0.9976
0.06104306066115883,0.9977
0.057239992269434214,0.9978
0.053366202880769986,0.9979
0.04967252776303388,0.998
0.04602839281967652,0.9981000000000001
0.04236181399951011,0.9982000000000001
0.03854070046204949,0.9983000000000001
0.03491486107839736,0.9984000000000001
0.031148122449896842,0.9985
0.02737199329936235,0.9986
0.023784463667470224,0.9987
0.020300821602306174,0.9988
0.017126565690502193,0.9989
0.014384623937389929,0.999
0.012081248075761719,0.9991000000000001
0.009833869377151583,0.9992000000000001
0.008065080497175359,0.9993000000000001
0.00691997860555138,0.9994000000000001
0.0064984890886528035,0.9995
0.006835989672722809,0.9996
0.007922861201786757,0.9997
0.00898652680701284,0.9998
0.010680207463957814,0.9999
0.013149675827840657,1.0
