glottal_gap,time
0.06000000000000005,0.0
0.06000000000000005,0.0001
0.05981211674663056,0.0002
0.05935385243953917,0.00030000000000000003
0.058823303430239005,0.0004
0.05828154616993819,0.0005
0.05775955547630596,0.0006000000000000001
0.05724830503914924,0.0007
0.056697658620474156,0.0008
0.0561073037542843,0.0009000000000000001
0.05545248569718075,0.001
0.054735709507942376,0.0011
0.05396879527473808,0.0012000000000000001
0.053169885913776804,0.0013000000000000002
0.05236490563788987,0.0014
0.05157649917780316,0.0015
0.05082086919073192,0.0016
0.05010866333994657,0.0017000000000000001
0.04944033858975816,0.0018000000000000002
0.048809765350216416,0.0019
0.04820582262530149,0.002
0.04761747848169251,0.0021000000000000003
0.047042433689021834,0.0022
0.046492795128598274,0.0023
0.045998682701548166,0.0024000000000000002
0.04560303517103148,0.0025
0.04534995718561663,0.0026000000000000003
0.04527004647316857,0.0027
0.04536964572598445,0.0028
0.04562967763674619,0.0029000000000000002
0.04601468741717918,0.003
0.046487482977384476,0.0031000000000000003
0.04702250227486471,0.0032
0.04761237574015853,0.0033
0.04826646744045471,0.0034000000000000002
0.049003771437239996,0.0035
0.04984447177170681,0.0036000000000000003
0.0508037374059096,0.0037
0.05188923779401189,0.0038
0.05310161619169684,0.0039000000000000003
0.054436268931444376,0.004
0.05588499332975472,0.0041
0.057437042625282375,0.004200000000000001
0.05907971850929372,0.0043
0.060798889492895136,0.0044
0.06257964054719067,0.0045000000000000005
0.06440708793068306,0.0046
0.06626721294730709,0.0047
0.06814752588695061,0.0048000000000000004
0.07003735780523657,0.0049
0.0719276651666314,0.005
0.07381033650336433,0.0051
0.07567714423341187,0.005200000000000001
0.07739619381691454,0.0053
0.07900197359919847,0.0054
0.08045860435375352,0.0055000000000000005
0.0818840162457719,0.0056
0.08304646428255835,0.0057
0.08414155370326015,0.0058000000000000005
0.08516296972957582,0.0059
0.08608808714106064,0.006
0.08680026389703033,0.0061
0.08731604642303203,0.006200000000000001
0.08763458482642128,0.0063
0.08780148793730447,0.0064
0.08789463104482598,0.006500000000000001
0.08792421749181278,0.0066
0.08786218967063197,0.0067
0.08770616972482115,0.0068000000000000005
0.08751298451906764,0.006900000000000001
0.08728083211580417,0.007
0.08700359655698275,0.0071
0.08667409263426529,0.007200000000000001
0.08628730862299627,0.0073
0.08584165589566117,0.0074
0.0853386275130038,0.007500000000000001
0.08478191976297611,0.0076
0.08417629828002815,0.0077
0.08352674143085548,0.0078000000000000005
0.0828303182779836,0.0079
0.08201022981625661,0.008
0.0811460676123823,0.0081
0.08024397187943089,0.0082
0.07930716254198233,0.0083
0.0782189039899791,0.008400000000000001
0.07705650686278409,0.0085
0.07576565260235724,0.0086
0.07434527866009044,0.008700000000000001
0.07288994666585324,0.0088
0.07141397450147158,0.0089
0.06993107297461165,0.009000000000000001
0.06845254640742637,0.0091
0.06684793633198549,0.0092
0.06523142190861886,0.009300000000000001
0.06363110508977998,0.0094
0.06208482287719774,0.0095
0.060539817810420615,0.009600000000000001
0.0590769187691802,0.0097
0.057706066607951856,0.0098
0.05643518581145002,0.0099
0.05527076014315235,0.01
0.05421858022190795,0.010100000000000001
0.05328362543770626,0.0102
0.052470411090042246,0.0103
0.05178235086423921,0.010400000000000001
0.051221740381582004,0.0105
0.050789387382448536,0.0106
0.05048447549722623,0.010700000000000001
0.05030444126841571,0.0108
0.0502449616476941,0.0109
0.050300006532223884,0.011000000000000001
0.05046204760387174,0.0111
0.05072230679904455,0.0112
0.05107109071839999,0.011300000000000001
0.05149807720988275,0.0114
0.05199255578420958,0.0115
0.05254361075059499,0.011600000000000001
0.05314027576633151,0.0117
0.05377167239212466,0.0118
0.05442711315956128,0.0119
0.05509613351677434,0.012
0.055768461099372724,0.012100000000000001
0.0564339544361403,0.0122
0.05708258199189431,0.0123
0.057704474908230496,0.012400000000000001
0.05829005984435276,0.0125
0.058830234543474136,0.0126
0.05931654968506406,0.012700000000000001
0.059741363529194125,0.0128
0.060097957477540764,0.0129
0.06038060607282303,0.013000000000000001
0.06058460743910521,0.0131
0.06070628114242893,0.0132
0.060742947897955424,0.013300000000000001
0.060692902853417996,0.0134
0.06055539457055914,0.0135
0.06033061506631643,0.013600000000000001
0.06001970341582086,0.0137
0.059624758740491446,0.013800000000000002
0.059148856220793355,0.013900000000000001
0.05859605637741283,0.014
0.057971399370727816,0.014100000000000001
0.057280877260946994,0.0142
0.0565313813205246,0.0143
0.05573062410294183,0.014400000000000001
0.05488703948395823,0.0145
0.05400966568637555,0.0146
0.053108018565558135,0.014700000000000001
0.0521919632075829,0.0148
0.0512715922310818,0.0149
0.05035711727335834,0.015000000000000001
0.049458777016186284,0.0151
0.04858676044810806,0.0152
0.04775113994359992,0.015300000000000001
0.04696180583092824,0.0154
0.04622839397268219,0.0155
0.04556020006866679,0.015600000000000001
0.04496607866073199,0.015700000000000002
0.04445432952119299,0.0158
0.044032578271772094,0.0159
0.043707660394394665,0.016
0.0434855180782554,0.0161
0.04337111752635869,0.0162
0.04336839125906633,0.016300000000000002
0.04348020631993843,0.0164
0.04370835612629986,0.0165
0.044053571514017564,0.0166
0.04451554567818494,0.0167
0.045092968029011304,0.016800000000000002
0.04578356320228427,0.016900000000000002
0.04658413306595044,0.017
0.047490601175986136,0.0171
0.04849806038452953,0.0172
0.049600825050279074,0.0173
0.0507924894511913,0.017400000000000002
0.05206599362165254,0.0175
0.0534136970122816,0.0176
0.05482745928958388,0.0177
0.05629872644764444,0.0178
0.0578186194488719,0.0179
0.05937802204890219,0.018000000000000002
0.06096766445086965,0.0181
0.06257819999245773,0.0182
0.06420027309679632,0.0183
0.06582457798654018,0.0184
0.06744190890141566,0.018500000000000003
0.06904320351062454,0.018600000000000002
0.07061958170518556,0.0187
0.07216238193457492,0.0188
0.0736631967905017,0.0189
0.07511390879628832,0.019
0.07650672653998924,0.019100000000000002
0.0778342205841922,0.019200000000000002
0.0790893581386205,0.0193
0.08026553535603143,0.0194
0.08135660629504016,0.0195
0.0822937609270673,0.0196
0.08308072092009589,0.019700000000000002
0.08371760332188483,0.0198
0.08426179727910488,0.0199
0.08466491460449943,0.02
0.08489735508622909,0.0201
0.08504041178236499,0.020200000000000003
0.0850952186751529,0.020300000000000002
0.08506094639666939,0.0204
0.08493697579677584,0.0205
0.08472367992852314,0.0206
0.08442214192846931,0.0207
0.08403431542392836,0.020800000000000003
0.08350581896620635,0.020900000000000002
0.08290364569951536,0.021
0.08223852418754218,0.0211
0.08151512667964944,0.0212
0.08073763683075719,0.0213
0.07991080306640674,0.021400000000000002
0.07903981350715883,0.021500000000000002
0.07813035711173133,0.0216
0.07718842337531517,0.0217
0.0762201364470565,0.0218
0.07523160904497028,0.0219
0.07422893417528365,0.022000000000000002
0.0731646794773062,0.0221
0.07206916668333974,0.0222
0.07097100616448704,0.0223
0.06987884406147371,0.0224
0.06880023250652467,0.022500000000000003
0.06774258028650271,0.022600000000000002
0.06671306360185847,0.0227
0.06571851995795508,0.0228
0.06476530160791327,0.0229
0.0638590682162048,0.023
0.06285999865574221,0.023100000000000002
0.06190768620891962,0.023200000000000002
0.060939995081519927,0.0233
0.060017850805361816,0.0234
0.059135808349481955,0.0235
0.05826977818816714,0.0236
0.0574855065537605,0.023700000000000002
0.05678891426805088,0.0238
0.056183440290653586,0.0239
0.05567165708113486,0.024
0.055254872511548925,0.0241
0.05493363275133056,0.024200000000000003
0.05470772932148149,0.024300000000000002
0.0545757920565797,0.0244
0.05453544658765819,0.0245
0.0545831935271206,0.0246
0.05471447414572195,0.0247
0.054923811041657444,0.024800000000000003
0.055204839095714275,0.024900000000000002
0.05555039199079803,0.025
0.055952543423296586,0.0251
0.05640263302495785,0.0252
0.05689137012259238,0.0253
0.0574089530115256,0.025400000000000002
0.057945271003548626,0.025500000000000002
0.05849013863946251,0.0256
0.05903353648626197,0.0257
0.059565828319622316,0.0258
0.06007791059428369,0.025900000000000003
0.06056129263955479,0.026000000000000002
0.06100811705491893,0.0261
0.061411147763806184,0.0262
0.061763753536701604,0.0263
0.0620598992326481,0.0264
0.06229415173735897,0.026500000000000003
0.06246170276052532,0.026600000000000002
0.0625584110945323,0.0267
0.06258086235422378,0.0268
0.06252643736092045,0.0269
0.06239337544189982,0.027
0.06218082136919967,0.027100000000000003
0.06188884970420905,0.027200000000000002
0.061518466067523314,0.0273
0.06107158681251046,0.0274
0.06055099968929567,0.0275
0.05996030931006935,0.027600000000000003
0.05930387348871213,0.027700000000000002
0.058586738249398085,0.027800000000000002
0.05781457927792211,0.0279
0.05699365510921095,0.028
0.05613077336521699,0.0281
0.055233266760484234,0.028200000000000003
0.054308972052729,0.028300000000000002
0.05336620326361308,0.0284
0.05241371107808246,0.0285
0.05146062285968389,0.0286
0.05051636164689821,0.0287
0.049590546494917565,0.028800000000000003
0.04869287968111102,0.028900000000000002
0.047833027741199796,0.029
0.04702050302374783,0.0291
0.04626455073836255,0.0292
0.04557404411511312,0.029300000000000003
0.044957387988402875,0.029400000000000003
0.04442242950329378,0.029500000000000002
0.04397637398609211,0.0296
0.04362570436067226,0.0297
0.043376103558158574,0.0298
0.043232380783867486,0.029900000000000003
0.04319840382888174,0.030000000000000002
0.043277040534701605,0.030100000000000002
0.04347011286512781,0.0302
0.04377836682836356,0.0303
0.0442014608127681,0.0304
0.044737973886964655,0.030500000000000003
0.04538543437242981,0.030600000000000002
0.04614036764803098,0.0307
0.04699836082892128,0.0308
0.04795414086527461,0.0309
0.04900166190975663,0.031
0.05013419764275939,0.031100000000000003
0.051344434641996006,0.031200000000000002
0.0526245637392726,0.0313
0.05396636741411154,0.031400000000000004
0.05536130238331238,0.0315
0.056800577430426546,0.0316
0.058275227038974586,0.0317
0.05977618151540942,0.0318
0.06129433408515195,0.031900000000000005
0.06282060505614429,0.032
0.06434600272936108,0.032100000000000004
0.06586168042907048,0.0322
0.06735898890990899,0.0323
0.06882952349225746,0.0324
0.07026516554769169,0.0325
0.07165811833165447,0.032600000000000004
0.07300093755728443,0.0327
0.07428655744429347,0.0328
0.07550831320188511,0.0329
0.07665996098306471,0.033
0.07773569627546972,0.033100000000000004
0.07873017149161576,0.0332
0.0796385132293066,0.0333
0.08045633934302454,0.0334
0.08117977565579138,0.0335
0.08180547189965104,0.033600000000000005
0.08228432359998494,0.0337
0.0825951255110825,0.033800000000000004
0.0827535570324639,0.0339
0.08281768788694654,0.034
0.08274120522030948,0.0341
0.08251460822319467,0.0342
0.0822068337719396,0.034300000000000004
0.0818219670965914,0.0344
0.08136242887136391,0.0345
0.08083089578376579,0.0346
0.08023084054927376,0.0347
0.07956628913306141,0.034800000000000005
0.07884191320749834,0.0349
0.07806287197574358,0.035
0.07723468460834193,0.0351
0.07636318156229027,0.0352
0.07545446280518842,0.035300000000000005
0.07451486183443223,0.0354
0.07355091269728886,0.035500000000000004
0.07256929925330291,0.0356
0.0715767946462228,0.0357
0.07058018929129628,0.0358
0.06958621748626137,0.0359
0.06860149782629865,0.036000000000000004
0.06763250265755272,0.0361
0.06668556486954935,0.0362
0.0657669151985284,0.0363
0.0648827199082771,0.0364
0.06403907933456598,0.036500000000000005
0.06324195336150151,0.0366
0.06249700753437126,0.0367
0.061691878920872356,0.0368
0.06092931012953462,0.0369
0.060226123665855225,0.037000000000000005
0.059509958778537486,0.0371
0.05886769052383456,0.037200000000000004
0.058276170819404616,0.0373
0.05770217696850444,0.0374
0.05721169240268709,0.0375
0.05680844097655502,0.0376
0.05649411377804636,0.037700000000000004
0.056269404078758134,0.0378
0.056133732429708205,0.0379
0.05608593287935881,0.038
0.05612412145257539,0.0381
0.05624538521827582,0.038200000000000005
0.05644593280674082,0.0383
0.056720880099655036,0.038400000000000004
0.05706433147019174,0.0385
0.0574694503410762,0.0386
0.05792850975664088,0.038700000000000005
0.05843305178541014,0.0388
0.058974005919994577,0.038900000000000004
0.05954183942004354,0.039
0.06012673674864444,0.0391
0.0607187706431922,0.0392
0.06130810115110219,0.0393
0.06188515208596723,0.039400000000000004
0.062440751996066246,0.0395
0.06296622885549974,0.0396
0.06345345193858631,0.0397
0.06389485194772448,0.0398
0.06428343640566381,0.039900000000000005
0.0646128147231011,0.04
0.06487723030269765,0.040100000000000004
0.06507159068397717,0.0402
0.06519149487825848,0.0403
0.06523326428405452,0.040400000000000005
0.06519398400185139,0.0405
0.06507155333999681,0.040600000000000004
0.06486473359810063,0.0407
0.06457317942489216,0.0408
0.06419744587500686,0.0409
0.06373897264065198,0.041
0.06320005274338092,0.041100000000000005
0.0625837932998009,0.0412
0.06189407317655404,0.0413
0.06113549999703827,0.0414
0.06031336802701215,0.0415
0.05943361868224373,0.041600000000000005
0.058502804895162575,0.0417
0.05752805920427795,0.041800000000000004
0.056517063268769485,0.0419
0.05547801471088887,0.042
0.05441958639749345,0.042100000000000005
0.053350873978270874,0.0422
0.052281329380126085,0.042300000000000004
0.05122068045140593,0.0424
0.05017883914596277,0.0425
0.049165801970657785,0.0426
0.0481915465959184,0.0427
0.047265927810970165,0.042800000000000005
0.046398574804852544,0.0429
0.04559879057180294,0.043000000000000003
0.044875453334521254,0.0431
0.044260049576637206,0.0432
0.04378202559002142,0.043300000000000005
0.04342953103045444,0.0434
0.04318405404543335,0.043500000000000004
0.04303726890626547,0.0436
0.04299536289721795,0.0437
0.043066429032906806,0.0438
0.04325084960085768,0.0439
0.043551981730011624,0.044000000000000004
0.043969285490986554,0.0441
0.04450125831103957,0.0442
0.04512290218393966,0.0443
0.04580809157006516,0.0444
0.0465703482680222,0.044500000000000005
0.04742871081585753,0.0446
0.04839086104695012,0.044700000000000004
0.049449022508020635,0.0448
0.05059126491995847,0.0449
0.05181135084239297,0.045000000000000005
0.05309852321559516,0.0451
0.05444417061197293,0.045200000000000004
0.05583934296240356,0.0453
0.057273994713870735,0.0454
0.05873891228077377,0.0455
0.060224439562832965,0.0456
0.06172096386316461,0.045700000000000005
0.06321913502716392,0.0458
0.06470931187622064,0.0459
0.06618204351594381,0.046
0.06762809124840297,0.0461
0.06903852215517825,0.046200000000000005
0.07040510037955583,0.0463
0.07172003576493946,0.046400000000000004
0.07297611843003704,0.0465
0.07416648387156344,0.0466
0.07528467442697218,0.046700000000000005
0.07632468616293209,0.0468
0.07728115618309062,0.046900000000000004
0.0781494643475279,0.047
0.07892579647513642,0.0471
0.07960701986232299,0.0472
0.08019055608181147,0.0473
0.08067422183898743,0.047400000000000005
0.08105620423504745,0.0475
0.08133509097616243,0.0476
0.08148309863061853,0.0477
0.08145048832485768,0.0478
0.08125501469358065,0.047900000000000005
0.08096768682770838,0.048
0.08054933077931503,0.048100000000000004
0.07998842934676209,0.0482
0.0793562046987889,0.0483
0.0786590688400961,0.048400000000000006
0.077901731343892,0.0485
0.07708909496071314,0.048600000000000004
0.07622676819557805,0.0487
0.07532073912232995,0.0488
0.0743774499855211,0.0489
0.07340362734085748,0.049
0.07240616391058508,0.049100000000000005
0.07139208225705862,0.0492
0.070368508332599,0.049300000000000004
0.06934264484777408,0.0494
0.06832174978995953,0.0495
0.06731288986158801,0.049600000000000005
0.0663219314606115,0.0497
0.06535412323157586,0.049800000000000004
0.0644187162241806,0.0499
0.06352889060018807,0.05
0.06269457450039051,0.050100000000000006
0.061921693778334674,0.0502
0.061214981912363076,0.050300000000000004
0.060577050373452734,0.0504
0.060009748371146254,0.0505
0.05941156430421124,0.0506
0.05886190397164115,0.0507
0.05838979066810368,0.050800000000000005
0.057990272149276434,0.0509
0.05758811660119045,0.051000000000000004
0.057250823243673254,0.0511
0.05687597728279492,0.0512
0.056578787112062434,0.051300000000000005
0.056381055460833496,0.0514
0.05628038857611917,0.051500000000000004
0.05627721358712834,0.0516
0.05636705954758425,0.0517
0.056546550713614696,0.051800000000000006
0.05681198533543563,0.0519
0.057158072863560117,0.052000000000000005
0.057579539599455165,0.0521
0.058069813235712475,0.0522
0.05862129273737504,0.0523
0.05922566925216022,0.0524
0.05987356761659601,0.052500000000000005
0.06055509293937866,0.0526
0.06125992866415697,0.052700000000000004
0.061977391315298336,0.0528
0.06269680488656448,0.0529
0.06340741737754374,0.053000000000000005
0.06409873725840365,0.0531
0.06476058643626859,0.053200000000000004
0.06538331047466817,0.0533
0.06595788399163693,0.0534
0.06647605713040017,0.053500000000000006
0.06693043079721428,0.0536
0.06731453525360243,0.053700000000000005
0.06762278420555756,0.0538
0.06785041923953727,0.0539
0.06799339126253034,0.054
0.06804830961674857,0.0541
0.06801242651625083,0.054200000000000005
0.06788369672431038,0.0543
0.06766084282172324,0.054400000000000004
0.06734342648295943,0.0545
0.06693188123980454,0.0546
0.06642753383331923,0.054700000000000006
0.06583260089312126,0.0548
0.06515018808148132,0.054900000000000004
0.06438427513882006,0.055
0.06353969478350396,0.0551
0.06262208790186641,0.055200000000000006
0.0616378443257386,0.0553
0.06059402779114653,0.055400000000000005
0.05949830353418761,0.0555
0.05835887282333019,0.055600000000000004
0.05718442534833801,0.0557
0.055984103699769694,0.0558
0.05476747759045786,0.055900000000000005
0.05354451522119286,0.056
0.052325545890200775,0.056100000000000004
0.05112120432229794,0.0562
0.049942355014100714,0.0563
0.048799993783225304,0.056400000000000006
0.0477051304479128,0.0565
0.0466686562883285,0.056600000000000004
0.04572376345660811,0.0567
0.04490176409777735,0.0568
0.04419377830457494,0.056900000000000006
0.04358450448234219,0.057
0.04306876447591956,0.057100000000000005
0.04265588081223837,0.0572
0.04235710146064142,0.057300000000000004
0.04217618222890973,0.0574
0.042119824444260656,0.0575
0.04219084867854961,0.057600000000000005
0.0423910239696077,0.0577
0.04272165136324135,0.057800000000000004
0.04318192760136341,0.0579
0.043770179811904786,0.058
0.044483450569490435,0.058100000000000006
0.045317234145093144,0.0582
0.04624254237333969,0.058300000000000005
0.047229682030403675,0.0584
0.04828847828349625,0.0585
0.04943453149409405,0.058600000000000006
0.05067234192613812,0.0587
0.05199092160578833,0.058800000000000005
0.053375525241553756,0.0589
0.054817666336678395,0.059000000000000004
0.056304659564708315,0.0591
0.057826498847562524,0.0592
0.05937287234606159,0.059300000000000005
0.060932420622471506,0.0594
0.06249443851209979,0.059500000000000004
0.06404778529923616,0.0596
0.06558154914646108,0.0597
0.06708556993995396,0.059800000000000006
0.06854998463503714,0.0599
0.06996572355624509,0.060000000000000005
0.07132433514638825,0.0601
0.07261792715187099,0.060200000000000004
0.07383940951287138,0.0603
0.07498223624051481,0.0604
0.07604054289786855,0.060500000000000005
0.07700893511886253,0.0606
0.07788249708415096,0.060700000000000004
0.0786567799257697,0.0608
0.07932792333478456,0.0609
0.07989276430013958,0.061000000000000006
0.080348949686316,0.0611
0.08069490845499283,0.061200000000000004
0.08092980363048197,0.0613
0.08105342465911158,0.0614
0.08106615539455075,0.061500000000000006
0.080967942268664,0.0616
0.08066695573724803,0.061700000000000005
0.08018946211990241,0.0618
0.07962053019792426,0.061900000000000004
0.07892570515725039,0.062
0.07809485981930342,0.0621
0.07719942183432071,0.062200000000000005
0.07624710990736483,0.0623
0.07524393207940283,0.062400000000000004
0.07419621454663405,0.0625
0.07311116769223969,0.0626
0.07199653954489782,0.0627
0.07086063976660884,0.06280000000000001
0.06971206877901293,0.0629
0.06855950285336376,0.063
0.06741157112282314,0.0631
0.06627657177869362,0.0632
0.06516146399999423,0.06330000000000001
0.06407253378077382,0.0634
0.06302012698096993,0.0635
0.06201859952111677,0.0636
0.06107905936568503,0.0637
0.06020860520118887,0.06380000000000001
0.05941308475638918,0.0639
0.05869603375942689,0.064
0.058059980446997894,0.0641
0.05750209700074316,0.06420000000000001
0.056906706494056936,0.06430000000000001
0.056394989503488535,0.0644
0.055976426971728666,0.0645
0.055644232714975095,0.0646
0.05533360728543735,0.06470000000000001
0.05512598362021026,0.0648
0.05502539633308423,0.0649
0.05497909186820604,0.065
0.054937468614390195,0.0651
0.05497591003210722,0.06520000000000001
0.055115198188162795,0.0653
0.055365346232181034,0.0654
0.05572113665198586,0.0655
0.056173333043679774,0.0656
0.056717419255105206,0.06570000000000001
0.05734447182795499,0.0658
0.05804693502985403,0.0659
0.05881613264462415,0.066
0.05964171884790059,0.0661
0.060513216140280934,0.06620000000000001
0.061419096180759025,0.0663
0.062347257944939005,0.0664
0.06328546808053137,0.0665
0.06422107332270488,0.0666
0.06514166476479322,0.06670000000000001
0.06603523283244961,0.0668
0.06689035041729585,0.0669
0.06769652811171101,0.067
0.0684440117772136,0.0671
0.0691238831997586,0.06720000000000001
0.06972784543394217,0.0673
0.07024824831651888,0.0674
0.07067812548711827,0.0675
0.07101137113667666,0.06760000000000001
0.07124288204959328,0.06770000000000001
0.07136867022626303,0.0678
0.07138581595699678,0.0679
0.07129239137440946,0.068
0.07108734389657934,0.06810000000000001
0.0707704725168653,0.0682
0.07034244356068331,0.0683
0.06980484495385098,0.0684
0.06916019443181165,0.0685
0.06841191542473957,0.06860000000000001
0.06756427563060874,0.0687
0.06662234536533196,0.0688
0.06559197341906864,0.0689
0.06447979441677665,0.069
0.06329323386987085,0.06910000000000001
0.06204050511704273,0.0692
0.06073057749486066,0.0693
0.05937312438716069,0.0694
0.05797844978471667,0.0695
0.056557407807812154,0.06960000000000001
0.05512131616966931,0.0697
0.05368187255458157,0.0698
0.0522510715082245,0.0699
0.05084112580604905,0.07
0.049464387861046566,0.07010000000000001
0.048133270912489756,0.0702
0.046882048397727916,0.0703
0.0457433211476026,0.0704
0.04471087364647941,0.07050000000000001
0.043772454642186265,0.07060000000000001
0.042925917310744355,0.0707
0.042183583332138674,0.0708
0.04155970802157816,0.0709
0.04106126864937876,0.07100000000000001
0.0406980995353714,0.0711
0.04047615279045891,0.0712
0.04040023343516874,0.0713
0.04047448629722239,0.0714
0.04070075963806996,0.07150000000000001
0.041079741497011435,0.0716
0.04161050465576421,0.0717
0.04229019782439791,0.0718
0.04311459386497907,0.0719
0.04407770528749655,0.07200000000000001
0.04517203718484031,0.0721
0.04636512313533947,0.0722
0.047623629761758046,0.0723
0.04895405169217382,0.0724
0.0503688341867361,0.07250000000000001
0.051869890286340814,0.0726
0.053443798464075876,0.0727
0.055073543976918105,0.0728
0.05674824309892612,0.0729
0.05845266887973288,0.07300000000000001
0.060174173867934,0.0731
0.061900031593667526,0.0732
0.06361692053683343,0.0733
0.06531282164516583,0.0734
0.06697580172437079,0.07350000000000001
0.06859450877742868,0.0736
0.07015847096328742,0.0737
0.07165759538900918,0.0738
0.07308267811169378,0.07390000000000001
0.0744253074709027,0.07400000000000001
0.07567780096854815,0.0741
0.07683341628583706,0.0742
0.07788601642508053,0.0743
0.07883017950861271,0.07440000000000001
0.07966098898014096,0.0745
0.08037409692293251,0.0746
0.08096576876360084,0.0747
0.08143306092826919,0.0748
0.08177395127087672,0.07490000000000001
0.08198745045765832,0.075
0.08207353941563256,0.0751
0.08203307338855947,0.0752
0.0818676142821021,0.0753
0.08157934895719599,0.07540000000000001
0.08113186425276431,0.0755
0.08044729895150393,0.0756
0.07964286033320533,0.0757
0.0787010463269493,0.0758
0.07761865888357022,0.07590000000000001
0.07646871590578708,0.076
0.07526055991927227,0.0761
0.0740017454198173,0.0762
0.07270025771850575,0.0763
0.07136512260430661,0.07640000000000001
0.07000601220437119,0.0765
0.06863319022250702,0.0766
0.06725721612651214,0.0767
0.06588847354479777,0.07680000000000001
0.06453608676860745,0.07690000000000001
0.06320853464400766,0.077
0.06191839054108683,0.0771
0.060682183947245893,0.0772
0.05951303444737266,0.07730000000000001
0.058419959603286165,0.07740000000000001
0.05741074489735065,0.0775
0.056490897034432,0.0776
0.05566494296544855,0.0777
0.054937556117491626,0.07780000000000001
0.05431294835889067,0.0779
0.053658170377065106,0.078
0.053101991404486126,0.0781
0.052661249579964986,0.0782
0.05232967592862958,0.07830000000000001
0.052036974811442205,0.0784
0.05187150269663299,0.0785
0.051838291906555645,0.0786
0.05189913724047135,0.0787
0.05202759617091157,0.07880000000000001
0.05228676733121573,0.0789
0.05267596804860131,0.079
0.05317096387891773,0.0791
0.053746012911461305,0.0792
0.05440976424106636,0.07930000000000001
0.05517589738362072,0.0794
0.05604822558644518,0.0795
0.057015348309156,0.0796
0.058061913178885094,0.07970000000000001
0.059177359053516954,0.07980000000000001
0.06034657297466128,0.0799
0.061556261493537434,0.08
0.06279237453455011,0.0801
0.06403969618843175,0.08020000000000001
0.06528355028944044,0.08030000000000001
0.06650895353778585,0.0804
0.0677013397295122,0.0805
0.06884708948313212,0.0806
0.06993322451498185,0.08070000000000001
0.07094789640618748,0.08080000000000001
0.0718802559111198,0.0809
0.07272035712437008,0.081
0.07345935028551798,0.0811
0.07408922734139078,0.08120000000000001
0.07460299335773701,0.0813
0.07499452750345392,0.0814
0.07525866127871572,0.0815
0.0753912003718753,0.0816
0.07538905203095947,0.08170000000000001
0.07525031233588697,0.0818
0.07497435392205554,0.0819
0.07456177825291155,0.082
0.07401434947556174,0.0821
0.0733348665959127,0.08220000000000001
0.07252710372885329,0.0823
0.07159576801503031,0.0824
0.07054650124501671,0.0825
0.06938585277824438,0.0826
0.06812124604716574,0.08270000000000001
0.06676092204604733,0.0828
0.06531390928184178,0.0829
0.06379000738798679,0.083
0.06219979821680843,0.08310000000000001
0.06055464750732997,0.08320000000000001
0.058866691305259344,0.0833
0.057148782256125186,0.0834
0.05541440426211697,0.0835
0.05367755512707939,0.08360000000000001
0.051952617986822824,0.08370000000000001
0.05025422861528539,0.0838
0.04861857784922963,0.0839
0.047080217289863446,0.084
0.04563571103704844,0.08410000000000001
0.044275822588011327,0.08420000000000001
0.04300152933439838,0.0843
0.04182851476225591,0.0844
0.04077462105928964,0.0845
0.039850825612598895,0.08460000000000001
0.03907119908321288,0.0847
0.038446169344685366,0.0848
0.03798514548067522,0.0849
0.03769684768143344,0.085
0.037587586628368364,0.08510000000000001
0.03766223871062313,0.0852
0.03792367759214055,0.0853
0.038372348237476706,0.0854
0.03900670962871766,0.0855
0.039822777239782114,0.08560000000000001
0.040814329510127534,0.0857
0.0419731041717466,0.0858
0.04328877957428423,0.0859
0.04474949728613242,0.08600000000000001
0.04631788040276641,0.08610000000000001
0.04795589027396363,0.0862
0.0496659875517822,0.0863
0.051456986333908716,0.0864
0.05332703176254561,0.08650000000000001
0.05525876511923156,0.08660000000000001
0.05723110367301487,0.0867
0.05922946853557609,0.0868
0.06123543759555583,0.0869
0.06323392503984215,0.08700000000000001
0.06521038389365552,0.08710000000000001
0.06715008459096339,0.0872
0.0690398210913169,0.0873
0.07086662777170571,0.0874
0.07261829894308225,0.08750000000000001
0.07428376167763429,0.0876
0.0758525566673155,0.0877
0.07731530572826639,0.0878
0.07866352705744939,0.0879
0.07988953366590346,0.08800000000000001
0.08098664534337374,0.0881
0.08194890886880224,0.0882
0.0827712721601791,0.0883
0.08344943785345416,0.0884
0.08397995066460318,0.08850000000000001
0.08436023677096771,0.0886
0.08458873747285522,0.0887
0.08466498595814709,0.0888
0.08458966144679214,0.0889
0.08436448737625157,0.08900000000000001
0.08399211137437401,0.0891
0.08347593462008207,0.0892
0.08275523243231997,0.0893
0.08177177425806326,0.08940000000000001
0.0806296225244505,0.08950000000000001
0.07931098073605414,0.0896
0.07790804780907412,0.0897
0.07643182530163328,0.0898
0.07489159594119965,0.08990000000000001
0.07329660526166837,0.09000000000000001
0.07165742330726221,0.0901
0.06998549626253159,0.0902
0.06829311763029977,0.0903
0.06659310609468094,0.09040000000000001
0.06489834097253122,0.09050000000000001
0.06322064897224122,0.0906
0.061571396491008845,0.0907
0.05996594107468278,0.0908
0.058423384060837025,0.09090000000000001
0.05695942640895724,0.091
0.05558573066879413,0.0911
0.05431267269288731,0.0912
0.05314834182399886,0.0913
0.052099778875466685,0.09140000000000001
0.051174028318049736,0.0915
0.05037749959906823,0.0916
0.049640430054370466,0.0917
0.048946590822892766,0.0918
0.04839496826139045,0.09190000000000001
0.04799708852425266,0.092
0.0476556084627997,0.0921
0.047465582559670816,0.0922
0.047444125328719666,0.09230000000000001
0.04755480919533128,0.09240000000000001
0.047754745455726555,0.0925
0.048122854320083785,0.0926
0.048659050051857555,0.0927
0.049359862501174856,0.09280000000000001
0.05021935834071578,0.09290000000000001
0.051229550548225866,0.093
0.05235839383558982,0.0931
0.05357232971948944,0.0932
0.054873641756912006,0.09330000000000001
0.05626993416100867,0.09340000000000001
0.05775853571493661,0.0935
0.05932157665989202,0.0936
0.06093727745292432,0.0937
0.06258928684991028,0.09380000000000001
0.0642569693741909,0.09390000000000001
0.06592217697416947,0.094
0.06756681317965951,0.0941
0.06917253843208604,0.0942
0.07072261212032205,0.09430000000000001
0.07220091467842527,0.0944
0.07359250065230438,0.0945
0.07488392155177848,0.0946
0.07606271237059548,0.0947
0.07711779249706696,0.09480000000000001
0.07803931213240511,0.0949
0.07881858340326431,0.095
0.07944830385822876,0.0951
0.07992228356869557,0.0952
0.08023557012848437,0.09530000000000001
0.08038425393811044,0.0954
0.08036551125572278,0.0955
0.08017762989825583,0.0956
0.0798201618760741,0.09570000000000001
0.07929404125001294,0.09580000000000001
0.07860168175838245,0.0959
0.07774691162324865,0.096
0.07673486861977419,0.0961
0.07557182777515858,0.09620000000000001
0.07426510619488991,0.09630000000000001
0.0728230006234094,0.0964
0.07125478239165406,0.0965
0.0695706714423634,0.0966
0.06778180757318142,0.09670000000000001
0.06590019919902323,0.09680000000000001
0.06393869794719431,0.0969
0.061910983012003595,0.097
0.05983156564519143,0.0971
0.05771577346658363,0.09720000000000001
0.05557970882519525,0.09730000000000001
0.05344015957033821,0.0974
0.051314476316758784,0.0975
0.0492409408724237,0.0976
0.047256298461495705,0.09770000000000001
0.04536088357463042,0.0978
0.04354955795785509,0.0979
0.04182721609892881,0.098
0.040213265710267176,0.0981
0.03872926769399698,0.09820000000000001
0.037390304070189506,0.0983
0.036214637173457964,0.0984
0.03521718921620853,0.0985
0.0344120875621623,0.09860000000000001
0.03381287515604381,0.09870000000000001
0.03343073212973158,0.0988
0.033275214484258075,0.0989
0.033353479828096555,0.099
0.03366962972789844,0.09910000000000001
0.034224915589348814,0.09920000000000001
0.03501711587797662,0.0993
0.03604063038660277,0.0994
0.03728664276438898,0.0995
0.038743157897880076,0.09960000000000001
0.040395633819516163,0.09970000000000001
0.04222727044734653,0.0998
0.04419565760196709,0.0999
0.04625710591565091,0.1
0.04840782175383418,0.10010000000000001
0.050650432990945404,0.10020000000000001
0.0529773977794894,0.1003
0.05536628402566124,0.1004
0.05779134258664409,0.1005
0.06023370783764159,0.10060000000000001
0.06267123310428613,0.10070000000000001
0.06508541790178801,0.1008
0.06745862678233439,0.1009
0.06977330483080013,0.101
0.07201371258861,0.10110000000000001
0.07416465460950916,0.1012
0.07621199929285272,0.1013
0.07814299174655337,0.1014
0.07994571194091793,0.1015
0.08160949451694977,0.10160000000000001
0.0831247504425282,0.1017
0.0844828699472645,0.1018
0.08567645654006528,0.1019
0.08669906560289897,0.10200000000000001
0.0875453887268024,0.10210000000000001
0.08821110552282774,0.1022
0.08869295627805396,0.1023
0.08898875513397542,0.1024
0.08909749624344498,0.10250000000000001
0.08901940757443316,0.10260000000000001
0.08875599741432816,0.1027
0.08830995866048219,0.1028
0.08768506574640189,0.1029
0.08686849329197188,0.10300000000000001
0.08567708850861444,0.10310000000000001
0.08420341424588518,0.1032
0.08259735819063374,0.1033
0.08088291509393519,0.1034
0.0790705650588942,0.10350000000000001
0.07717059920451408,0.10360000000000001
0.07519434367397371,0.1037
0.07315434543427146,0.1038
0.0710645572582369,0.1039
0.0689325366148229,0.10400000000000001
0.06678489559350786,0.1041
0.06464854176557622,0.1042
0.06251111694015976,0.1043
0.0604027251592566,0.1044
0.05834679713205304,0.10450000000000001
0.05636324947165461,0.1046
0.054467892631930415,0.1047
0.052675473879395085,0.1048
0.05099854322955455,0.10490000000000001
0.049448778785999625,0.10500000000000001
0.0480379921307621,0.1051
0.04677741115472789,0.1052
0.04567784479479231,0.1053
0.04474914359899662,0.10540000000000001
0.043908785245756476,0.10550000000000001
0.04312459215723341,0.1056
0.042530344054864555,0.1057
0.04209435530926142,0.1058
0.04178041695863022,0.10590000000000001
0.04168369776062608,0.10600000000000001
0.041806791534601206,0.1061
0.04201427221937415,0.1062
0.04244231520814612,0.1063
0.04309368402458724,0.10640000000000001
0.04396538060251953,0.10650000000000001
0.04505134519878129,0.1066
0.046341959802681076,0.1067
0.04782470161476038,0.1068
0.0494848335659106,0.10690000000000001
0.05128151994797414,0.10700000000000001
0.05317189807098921,0.1071
0.055150746125500305,0.1072
0.0572186150570535,0.1073
0.05936584604015116,0.10740000000000001
0.06156755153379445,0.1075
0.06379519893192054,0.1076
0.06602657941538326,0.1077
0.06823585554559664,0.1078
0.07040064312582828,0.10790000000000001
0.07249951821035427,0.108
0.07451159107545313,0.1081
0.07641836883320918,0.1082
0.07820258496203947,0.10830000000000001
0.07984866368380161,0.10840000000000001
0.08134293331272258,0.1085
0.08267302200918336,0.1086
0.08382822745095297,0.1087
0.08479933136122741,0.10880000000000001
0.08557848803706569,0.10890000000000001
0.08615941028936891,0.109
0.08653704616830038,0.1091
0.0867076982672792,0.1092
0.08666885015764514,0.10930000000000001
0.08641925608559187,0.10940000000000001
0.08595900426021508,0.1095
0.08528967919153307,0.1096
0.08441446005438813,0.1097
0.08333818884355015,0.10980000000000001
0.08206727868100017,0.10990000000000001
0.08060959503072529,0.11
0.07897427215633901,0.1101
0.07717160824148017,0.1102
0.07521299212534038,0.11030000000000001
0.07311089539298943,0.11040000000000001
0.0708788519943484,0.1105
0.06844993818701217,0.1106
0.06590327286246012,0.1107
0.06329484832163268,0.11080000000000001
0.0606441030324637,0.1109
0.05796984611394529,0.111
0.055291313678001774,0.1111
0.052627685099595256,0.11120000000000001
0.04999935900346908,0.11130000000000001
0.047432935761982487,0.1114
0.04495831324146149,0.1115
0.042598145249978625,0.1116
0.040370154358587707,0.11170000000000001
0.038292591101818374,0.11180000000000001
0.03631086896237479,0.1119
0.03448153363367745,0.112
0.032844566463577474,0.1121
0.03141082431415776,0.11220000000000001
0.030103942452622157,0.11230000000000001
0.029035940796132254,0.1124
0.02822866111223732,0.1125
0.02769955093560994,0.1126
0.02746285009593441,0.11270000000000001
0.027529440107306735,0.11280000000000001
0.027906041955662042,0.1129
0.028595427512026594,0.113
0.02959522657882241,0.1131
0.030897980547975656,0.11320000000000001
0.032491211675008014,0.11330000000000001
0.034357713761984154,0.1134
0.03647635888490974,0.1135
0.03882272779016538,0.1136
0.04136993753737794,0.11370000000000001
0.04406363856260653,0.11380000000000001
0.04684826374545059,0.1139
0.049711628831637045,0.114
0.05264945612796135,0.11410000000000001
0.05564779308102219,0.11420000000000001
0.058678286260854584,0.1143
0.06170993813412562,0.1144
0.06471986103958938,0.1145
0.06768233002389401,0.11460000000000001
0.07057608603857402,0.11470000000000001
0.07338143108562767,0.1148
0.07607932853920352,0.1149
0.07865313726428569,0.115
0.08108706659881493,0.11510000000000001
0.08336653576040187,0.11520000000000001
0.0854783923192981,0.1153
0.08741030482793566,0.1154
0.08915126904543569,0.1155
0.09069151482461713,0.11560000000000001
0.09202250507093879,0.11570000000000001
0.09313724715470884,0.1158
0.09403004613826094,0.1159
0.09469668175249613,0.116
0.0951342151562603,0.11610000000000001
0.09534100190809325,0.11620000000000001
0.09531664447094979,0.1163
0.0950620450118067,0.1164
0.09457943112726319,0.1165
0.09387240172846345,0.11660000000000001
0.09293022438699872,0.11670000000000001
0.09140985714826932,0.1168
0.08964919752784717,0.1169
0.08772866147378722,0.117
0.0856553834475644,0.11710000000000001
0.08335391384877211,0.11720000000000001
0.08093707805346306,0.1173
0.07838659885014376,0.1174
0.07577803513243397,0.11750000000000001
0.07313107474669911,0.11760000000000001
0.07046495907315176,0.1177
0.06779858992444654,0.1178
0.06515097285063798,0.1179
0.06254090886460595,0.11800000000000001
0.05991587765742479,0.11810000000000001
0.057348191275268245,0.1182
0.05486945097003404,0.1183
0.05250175813948177,0.1184
0.05026368489751598,0.11850000000000001
0.04809126249486795,0.11860000000000001
0.045988847014732936,0.1187
0.04404470561912355,0.1188
0.042280890037038166,0.1189
0.040714424690790674,0.11900000000000001
0.03935994398380349,0.11910000000000001
0.038230800458893155,0.1192
0.03730895204265794,0.1193
0.036378716967301994,0.1194
0.03569307164867741,0.11950000000000001
0.035201148493537504,0.11960000000000001
0.0348941152572515,0.1197
0.03487429840027745,0.1198
0.03507433582757269,0.1199
0.03546210609377498,0.12000000000000001
0.036143559798392344,0.12010000000000001
0.037121326344332184,0.1202
0.03839097169977945,0.1203
0.03994261547139266,0.12040000000000001
0.04176077262898392,0.12050000000000001
0.04382596807513073,0.1206
0.046115118819719525,0.1207
0.04857802618166174,0.1208
0.05116161495992433,0.12090000000000001
0.05385079610415944,0.12100000000000001
0.0566369010251373,0.1211
0.05950182766831946,0.1212
0.062413258942677685,0.1213
0.06533598776494443,0.12140000000000001
0.06824191836704618,0.12150000000000001
0.07109993568489736,0.1216
0.07388282269839475,0.1217
0.0765647790177647,0.1218
0.07912102563489776,0.12190000000000001
0.08152981235455237,0.12200000000000001
0.08377131277884287,0.1221
0.08582809208103614,0.1222
0.08768523815288132,0.1223
0.08932963062241495,0.12240000000000001
0.0907501765203168,0.12250000000000001
0.09193751586034682,0.1226
0.09288382102167891,0.1227
0.09358291977978717,0.1228
0.09402993054584186,0.12290000000000001
0.09422136407230075,0.12300000000000001
0.0941549641592403,0.1231
0.0938298282439608,0.1232
0.09324651510552406,0.1233
0.092407246602906,0.12340000000000001
0.09131604157157758,0.12350000000000001
0.08997881095800919,0.1236
0.0884032862177796,0.1237
0.0865989077588285,0.12380000000000001
0.08454483592815831,0.12390000000000001
0.08196829650904935,0.124
0.07923863609769077,0.1241
0.07638321183077579,0.1242
0.07342055197329411,0.12430000000000001
0.07036646992028717,0.12440000000000001
0.06723877383331622,0.1245
0.06405606161549005,0.1246
0.06083895242387216,0.1247
0.05760961909365481,0.12480000000000001
0.0543905125871873,0.12490000000000001
0.05120482550634775,0.125
0.04808091024504657,0.12510000000000002
0.0450515777255629,0.1252
0.0421465847936735,0.1253
0.03939180388734953,0.1254
0.03681193887953649,0.1255
0.03442931219110612,0.12560000000000002
0.03205529471755364,0.1257
0.029883909821354582,0.1258
0.027956569332912018,0.1259
0.02614131545209175,0.126
0.02460340370243541,0.12610000000000002
0.023374616597227726,0.1262
0.022307062990711835,0.1263
0.02156955809188088,0.1264
0.021193503518269985,0.1265
0.021199509732782618,0.12660000000000002
0.021603741908899243,0.1267
0.022414049890391974,0.1268
0.02362987924517368,0.1269
0.025242391174353562,0.127
0.027232971300899855,0.12710000000000002
0.029575549630377562,0.1272
0.032237636985761764,0.1273
0.035182342048247994,0.1274
0.038370266338418224,0.1275
0.04173388059780492,0.12760000000000002
0.045205182307606506,0.1277
0.04876259230404956,0.1278
0.05239417159045945,0.1279
0.05607921576173558,0.128
0.0597831835266075,0.12810000000000002
0.06346937864646685,0.1282
0.06711017942637565,0.1283
0.07067576022959876,0.12840000000000001
0.0741414787504665,0.1285
0.07748477007006238,0.12860000000000002
0.08068403105005117,0.1287
0.08372039015518828,0.1288
0.08657611493040152,0.12890000000000001
0.08923503842563929,0.129
0.09168278380660055,0.1291
0.0939060889552481,0.1292
0.09589323590186438,0.1293
0.09763387668556622,0.12940000000000002
0.09911898437879574,0.1295
0.10034116483514477,0.1296
0.10129441292273234,0.1297
0.10197430748271741,0.1298
0.10237783283750002,0.12990000000000002
0.10250341591460532,0.13
0.10235091401013996,0.1301
0.1019217036335085,0.1302
0.1012187344910801,0.1303
0.10023262770509067,0.13040000000000002
0.09847462359590142,0.1305
0.09643621518296686,0.1306
0.09387863834549792,0.1307
0.09110018579033707,0.1308
0.08822407246558184,0.13090000000000002
0.08527003090194674,0.131
0.08225291194005502,0.1311
0.0791901912241475,0.1312
0.07610230626679815,0.1313
0.07301257230272862,0.13140000000000002
0.0699093083018617,0.1315
0.06677702108313122,0.1316
0.06369220727345415,0.1317
0.06067236187721925,0.1318
0.05761839860908613,0.13190000000000002
0.054665982997780915,0.132
0.051843700690490824,0.1321
0.04917406324171503,0.1322
0.046521452902304805,0.1323
0.043979564988934516,0.13240000000000002
0.0416274360148301,0.1325
0.0393466506743978,0.1326
0.03716530621485403,0.1327
0.03521855786295647,0.1328
0.03353453217086977,0.13290000000000002
0.03213216910831407,0.133
0.031027807057212087,0.1331
0.029994089451575556,0.1332
0.029156958716689108,0.1333
0.02858440949473784,0.13340000000000002
0.02822587089852524,0.1335
0.028229509090629268,0.1336
0.028483931868006795,0.1337
0.02901023015876847,0.1338
0.029911617673330948,0.13390000000000002
0.03119172790435676,0.134
0.032843621525663336,0.1341
0.034852702791185575,0.1342
0.03719620813360636,0.1343
0.03984616824519893,0.13440000000000002
0.04276957521644298,0.1345
0.045904768460484746,0.1346
0.04918649944153897,0.13470000000000001
0.05258873575635614,0.1348
0.05609307835543409,0.13490000000000002
0.05967275474119327,0.135
0.0632877808820339,0.1351
0.06689606102310408,0.13520000000000001
0.07046363572027725,0.1353
0.07395436771589503,0.13540000000000002
0.077336830718016,0.1355
0.0805817252192722,0.1356
0.08366135676185649,0.13570000000000002
0.08655167733145996,0.1358
0.08923116374420015,0.1359
0.0916812900200894,0.136
0.09388657422390834,0.1361
0.09583368350549526,0.13620000000000002
0.09751148810733323,0.1363
0.0989106223542503,0.1364
0.10002321085233068,0.1365
0.10084299840519406,0.1366
0.10136503136066422,0.13670000000000002
0.101585819422924,0.1368
0.1015032275604516,0.1369
0.10111662536053212,0.137
0.10042700830852125,0.1371
0.09943719611230917,0.13720000000000002
0.09815195937254595,0.1373
0.09657810671869971,0.1374
0.09451299948275305,0.1375
0.09190794270044067,0.1376
0.08882163648659969,0.13770000000000002
0.08555943603312377,0.1378
0.08222496248294842,0.1379
0.07883084112379302,0.138
0.07535732998544276,0.1381
0.07184175697286765,0.13820000000000002
0.0683059680858008,0.1383
0.06471233173950142,0.1384
0.06109494822161199,0.1385
0.057506764197536864,0.1386
0.05397594316961518,0.13870000000000002
0.05039266533700526,0.1388
0.04689022004756116,0.1389
0.04351430872069506,0.139
0.040148077653797465,0.1391
0.03689461299174335,0.13920000000000002
0.03382826306036124,0.1393
0.03098185525961883,0.1394
0.02838406361894963,0.1395
0.026062596478173328,0.1396
0.02385480299978804,0.13970000000000002
0.021794697458075607,0.1398
0.01997835148893823,0.1399
0.01839175439745988,0.14
0.017183251263125365,0.1401
0.016246224939410414,0.14020000000000002
0.015647274224932506,0.1403
0.0154994347546753,0.1404
0.015838271951104987,0.1405
0.016685027418597675,0.1406
0.018045764000089948,0.14070000000000002
0.01990796657458782,0.1408
0.022244570333401104,0.1409
0.025015940321312824,0.14100000000000001
0.028174023234873724,0.1411
0.03166655765152071,0.14120000000000002
0.035439651582589216,0.1413
0.0394117897057793,0.1414
0.043502881580472996,0.14150000000000001
0.04768394445521418,0.1416
0.051938161204454714,0.14170000000000002
0.05624068623779932,0.1418
0.06055292957214464,0.1419
0.06483391105845038,0.14200000000000002
0.0690518177258207,0.1421
0.07317233011556667,0.1422
0.07716655270503614,0.1423
0.08100824832663289,0.1424
0.08467289041407589,0.14250000000000002
0.08813961654482627,0.1426
0.09138942274093631,0.1427
0.09440542355459614,0.1428
0.09717290900727715,0.1429
0.09967849917249783,0.14300000000000002
0.10191044390129822,0.1431
0.10385828354973947,0.1432
0.10551264947694328,0.1433
0.10686552252323711,0.1434
0.10791001984247184,0.14350000000000002
0.10864073328346924,0.1436
0.10905372405105174,0.1437
0.10914672669121694,0.1438
0.10891925696266036,0.1439
0.10837276366066917,0.14400000000000002
0.10751068930759111,0.1441
0.10528102078404422,0.1442
0.10244841456035458,0.1443
0.0994819485134949,0.1444
0.09641845232985524,0.14450000000000002
0.09327508312296118,0.1446
0.09006697073062542,0.1447
0.08681089256746044,0.1448
0.08346412548212645,0.1449
0.08005893748739645,0.14500000000000002
0.07665390150443807,0.1451
0.07322234072337475,0.1452
0.06974825613128277,0.1453
0.06632944807148222,0.1454
0.06299539651894637,0.14550000000000002
0.05977309066359726,0.1456
0.056579479051994896,0.1457
0.05341393581570553,0.1458
0.05039505770066599,0.1459
0.04731251114940527,0.14600000000000002
0.04440803535650972,0.1461
0.04171420778159707,0.1462
0.03895056303781619,0.1463
0.0363973496449812,0.1464
0.03395053146972393,0.14650000000000002
0.03159210388312461,0.1466
0.029517095738477384,0.1467
0.02776626948731642,0.1468
0.026367561171882326,0.1469
0.0252433257256639,0.14700000000000002
0.02419232559988549,0.1471
0.023501440521787043,0.1472
0.02301014051289929,0.14730000000000001
0.022937329420410713,0.1474
0.02317304245905971,0.14750000000000002
0.023715096283831505,0.1476
0.024699871364463943,0.1477
0.02613847572568395,0.14780000000000001
0.028024870969100002,0.1479
0.030342630555722394,0.14800000000000002
0.03306257194850204,0.1481
0.03614784100652413,0.1482
0.039555319599712924,0.14830000000000002
0.04323704765839187,0.1484
0.04711494655409343,0.14850000000000002
0.05110900251847217,0.1486
0.05518668248760039,0.1487
0.059325644362570484,0.14880000000000002
0.06349484880110567,0.1489
0.0676498888623952,0.149
0.07174501543689005,0.1491
0.07574471968502894,0.1492
0.07961197827221922,0.14930000000000002
0.08331571079143929,0.1494
0.08682775007057564,0.1495
0.09012188323613435,0.1496
0.0931759465965879,0.1497
0.09597029274435909,0.14980000000000002
0.0984881366159529,0.1499
0.10071554263866056,0.15
0.10264044258149863,0.1501
0.10425282404318204,0.1502
0.10554438977176539,0.15030000000000002
0.10650838557756259,0.1504
0.1071398430678252,0.1505
0.10743527453358581,0.1506
0.10739286116872038,0.1507
0.10701230333811751,0.15080000000000002
0.10629491802768931,0.1509
0.10524369272462553,0.151
0.10386343203511794,0.1511
0.10092086244304543,0.1512
0.0976995334074755,0.15130000000000002
0.09437653428799142,0.1514
0.09098319704841717,0.1515
0.08752624519552366,0.1516
0.08395243273449271,0.1517
0.08033447613378797,0.15180000000000002
0.0766978577905193,0.1519
0.07296295439482536,0.152
0.06921607303665678,0.1521
0.06550693365573979,0.1522
0.06186221048261065,0.15230000000000002
0.058195686644896494,0.1524
0.05453079014890361,0.1525
0.050912930105093235,0.1526
0.04726451934986997,0.1527
0.043759763119641804,0.15280000000000002
0.04027330453658884,0.1529
0.03685372423958122,0.153
0.03353686184786575,0.1531
0.030254147982907265,0.1532
0.02721658911382341,0.15330000000000002
0.02446928819163996,0.1534
0.02204492874643793,0.1535
0.01983239652797497,0.15360000000000001
0.017717012228238627,0.1537
0.015879641242478426,0.15380000000000002
0.014314754576021604,0.1539
0.013190790058485335,0.154
0.012357205450012954,0.15410000000000001
0.01206356445050849,0.1542
0.012312703428375205,0.15430000000000002
0.012964501520984273,0.1544
0.014201962938640955,0.1545
0.01603432806729921,0.15460000000000002
0.018424549408738944,0.1547
0.0213486072857465,0.15480000000000002
0.024714500915349547,0.1549
0.028474344038300625,0.155
0.03255229385303471,0.15510000000000002
0.036860095771697576,0.1552
0.04130912116410124,0.1553
0.04586331073108085,0.1554
0.05050102084210728,0.1555
0.0551944044244701,0.15560000000000002
0.05990032895597586,0.1557
0.064575765701255,0.1558
0.06918560704136723,0.1559
0.07369275805922693,0.156
0.0780656248764342,0.15610000000000002
0.08227463995410922,0.1562
0.08629290003181667,0.1563
0.09009728451870558,0.1564
0.09366752180700932,0.1565
0.09698582628127406,0.15660000000000002
0.100036703563252,0.1567
0.10280582691838669,0.1568
0.1052802301971909,0.1569
0.10744882560960622,0.157
0.10929574505889117,0.15710000000000002
0.11079856658680975,0.1572
0.11194923455710237,0.1573
0.11275499301257508,0.1574
0.11321641927474224,0.1575
0.1133370771729153,0.15760000000000002
0.11313110041285646,0.1577
0.11260003161448073,0.1578
0.11079440798288143,0.1579
0.1079527966383188,0.158
0.10492783102379699,0.15810000000000002
0.10176593233057463,0.1582
0.09848988173888207,0.1583
0.09511741655403061,0.1584
0.09166834717885275,0.1585
0.08816543706425861,0.15860000000000002
0.08463496962803241,0.1587
0.0811049332886411,0.1588
0.0776031824722817,0.1589
0.07405620116955292,0.159
0.07049427887647164,0.15910000000000002
0.06701648786840131,0.1592
0.06349141850548023,0.1593
0.06003011282643178,0.15940000000000001
0.05671019980457359,0.1595
0.05355779637467206,0.15960000000000002
0.05039645074845067,0.1597
0.04731141897300306,0.1598
0.04424122658591867,0.15990000000000001
0.0412398809955441,0.16
0.03847022881625861,0.16010000000000002
0.03564460240868628,0.1602
0.03302938435926861,0.1603
0.030514628100181573,0.16040000000000001
0.02811594302340814,0.1605
0.026039699977044695,0.16060000000000002
0.024336599478190335,0.1607
0.0230400144241385,0.1608
0.021822549604792796,0.16090000000000002
0.020907472126576288,0.161
0.020218677639337157,0.16110000000000002
0.019939870890749445,0.1612
0.020040178891693294,0.1613
0.020431978249558336,0.16140000000000002
0.021304457088588524,0.1615
0.02267909019867176,0.16160000000000002
0.02455500369857,0.1617
0.026917604612545,0.1618
0.02973657681906894,0.16190000000000002
0.03297077414650973,0.162
0.036572023742435844,0.1621
0.04048582541733814,0.1622
0.0446271723644629,0.1623
0.04890887582001069,0.16240000000000002
0.05329181482411327,0.1625
0.057748133215056674,0.1626
0.06224226649639264,0.1627
0.06672610089565145,0.1628
0.0711507461297074,0.16290000000000002
0.07547812461324044,0.163
0.0796692410946267,0.1631
0.08369145453141691,0.1632
0.08751526236121798,0.1633
0.09111312351967504,0.16340000000000002
0.0944614329803749,0.1635
0.09753900684044337,0.1636
0.1003281616678785,0.1637
0.10280788322133383,0.1638
0.10495065454073149,0.16390000000000002
0.1067446085790954,0.164
0.10819405255110282,0.1641
0.10929751888198846,0.1642
0.1100509735269457,0.1643
0.11045301388155004,0.16440000000000002
0.11050154612829022,0.1645
0.11020165783672298,0.1646
0.10956773007992604,0.1647
0.10860198282324085,0.1648
0.10641603474423067,0.16490000000000002
0.10323579569833141,0.165
0.09989870273412993,0.1651
0.09645192466425112,0.1652
0.09291868000940118,0.1653
0.08931735443728694,0.16540000000000002
0.08566876316097483,0.1655
0.08199673592795209,0.1656
0.07829970486091786,0.16570000000000001
0.07450299289875195,0.1658
0.07074163124003563,0.16590000000000002
0.06698033890749988,0.166
0.06317458810313081,0.1661
0.059456764787413574,0.16620000000000001
0.055856108229936474,0.1663
0.052260067663483456,0.16640000000000002
0.04868084127189509,0.1665
0.04512685178157194,0.1666
0.04157793987526537,0.16670000000000001
0.03818806559179455,0.1668
0.03470944257395736,0.16690000000000002
0.031400743949145715,0.167
0.028056427951898444,0.1671
0.02497798427816189,0.16720000000000002
0.022217249295281016,0.1673
0.01981198505954329,0.16740000000000002
0.01757132071150691,0.1675
0.015511810922083535,0.1676
0.013734147882823677,0.16770000000000002
0.012381486831676725,0.1678
0.011560483283916234,0.16790000000000002
0.011256820958779112,0.168
0.011224200247232918,0.1681
0.011606579311549847,0.16820000000000002
0.012447468633210113,0.1683
0.01393277935464754,0.16840000000000002
0.016065428757252587,0.1685
0.0187942305389166,0.1686
0.022057024100405442,0.16870000000000002
0.025760384393503033,0.1688
0.02984078992616057,0.1689
0.03422112025021096,0.169
0.03880901816116822,0.1691
0.043511655106782454,0.16920000000000002
0.048294964365042325,0.1693
0.053138978345022236,0.1694
0.05801530617803108,0.1695
0.0628806835797715,0.1696
0.0676906551197144,0.16970000000000002
0.07241056571340587,0.1698
0.07700374970431656,0.1699
0.08143964540402937,0.17
0.0856904590752462,0.1701
0.08973059660312632,0.17020000000000002
0.09353805006150395,0.1703
0.09709266211691625,0.1704
0.1003759741712077,0.1705
0.10337209513325862,0.1706
0.10606024225362787,0.17070000000000002
0.10841320698144163,0.1708
0.1104191011605824,0.1709
0.11208200954173031,0.171
0.1134004473322553,0.1711
0.11436977166146578,0.17120000000000002
0.1149878650180669,0.1713
0.11525221987577783,0.1714
0.11516129404288766,0.1715
0.11472104782193626,0.1716
0.11279811661589823,0.17170000000000002
0.10992119757209218,0.1718
0.10687361779658489,0.1719
0.10369867574993408,0.17200000000000001
0.1003862718827131,0.1721
0.09693036655548315,0.17220000000000002
0.0933827673971398,0.1723
0.08977074916232564,0.1724
0.08612447460401329,0.17250000000000001
0.08247455994847397,0.1726
0.07885035960190778,0.17270000000000002
0.07527965220997002,0.1728
0.07174836025966169,0.1729
0.06814694543765543,0.17300000000000001
0.06465223917013929,0.1731
0.06118674785342593,0.17320000000000002
0.057728548887455045,0.1733
0.054425690499445345,0.1734
0.05130585153275957,0.17350000000000002
0.048177480234812275,0.1736
0.04512196660436829,0.17370000000000002
0.04204045553466984,0.1738
0.03906099404179342,0.1739
0.03625805465123211,0.17400000000000002
0.03340474900963919,0.1741
0.030815024815102232,0.17420000000000002
0.02816884556854582,0.1743
0.025835488311519494,0.1744
0.023870278109535015,0.17450000000000002
0.022316662781402208,0.1746
0.021114132442029865,0.17470000000000002
0.02001168092510075,0.1748
0.019248757373934167,0.1749
0.018713975208212164,0.17500000000000002
0.018638522791416312,0.1751
0.018794348683933926,0.1752
0.019440788899791395,0.1753
0.020615159169154795,0.1754
0.02232090824976818,0.17550000000000002
0.024548283927851244,0.1756
0.027270119965166373,0.1757
0.030444625039429685,0.1758
0.034023044324226204,0.1759
0.03794902548058543,0.17600000000000002
0.04213546693014347,0.1761
0.04649281642351477,0.1762
0.05097732543075306,0.1763
0.055556708230438456,0.1764
0.06019214081814417,0.17650000000000002
0.06483288708372648,0.1766
0.06942818335399481,0.1767
0.07393807508859707,0.1768
0.07832225058985665,0.1769
0.08254667430497431,0.17700000000000002
0.08658017826000375,0.1771
0.09039322551715478,0.1772
0.09395985079660818,0.1773
0.0972565305348746,0.1774
0.1002635510939407,0.17750000000000002
0.10295822110766584,0.1776
0.10531166613008724,0.1777
0.10731127852128597,0.1778
0.10896110243112378,0.1779
0.11025935421968891,0.17800000000000002
0.11120157579496182,0.1781
0.11178590914128717,0.1782
0.11201031206686463,0.17830000000000001
0.11187343013126616,0.1784
0.11138118898514848,0.17850000000000002
0.11054794355932962,0.1786
0.10833949767491746,0.1787
0.10518614392043046,0.17880000000000001
0.10185221772291297,0.1789
0.09839607084208568,0.17900000000000002
0.09483997406973355,0.1791
0.09120267484243805,0.1792
0.08750600049018575,0.17930000000000001
0.08377566809823256,0.1794
0.08004063821395269,0.17950000000000002
0.07633065089270019,0.1796
0.07253246508866651,0.1797
0.06875337302807116,0.17980000000000002
0.06505163475705522,0.1799
0.06124827637451413,0.18000000000000002
0.05754984525085538,0.1801
0.053987071404313136,0.1802
0.05048400916115736,0.18030000000000002
0.046948702993010016,0.1804
0.04345833851770786,0.18050000000000002
0.03994584545820956,0.1806
0.03658002499023727,0.1807
0.033136175555750436,0.18080000000000002
0.0298106983067834,0.1809
0.026508806582077327,0.18100000000000002
0.023494432152332045,0.1811
0.020819056860013063,0.1812
0.018521735907674364,0.18130000000000002
0.01624684392758735,0.1814
0.014315071849834826,0.18150000000000002
0.012684034734411265,0.1816
0.011550001115937736,0.1817
0.010949809941778854,0.18180000000000002
0.010747004755943035,0.1819
0.010933121256566647,0.182
0.011580416507454006,0.1821
0.012705384008825371,0.1822
0.014494677128434885,0.18230000000000002
0.016927436651728467,0.1824
0.01994285506049609,0.1825
0.023471888210598424,0.1826
0.027416482153184818,0.1827
0.03171208006379911,0.18280000000000002
0.03625210975162707,0.1829
0.04094378261819287,0.183
0.04574726902393489,0.1831
0.05063678777520697,0.1832
0.05558049520173425,0.18330000000000002
0.06053375831442653,0.1834
0.06544906729147437,0.1835
0.07029077813748352,0.1836
0.075020110420281,0.1837
0.07960485429520325,0.18380000000000002
0.08401566430142515,0.1839
0.08822475806243424,0.184
0.09220861203111486,0.1841
0.09594528314342887,0.1842
0.09941510347943094,0.18430000000000002
0.10260099286663615,0.1844
0.10548090624093298,0.1845
0.10802615149137418,0.18460000000000001
0.11022334957517976,0.1847
0.11207538564131259,0.18480000000000002
0.11357982820873314,0.1849
0.11473140312206764,0.185
0.11552752799476862,0.18510000000000001
0.1159652235493166,0.1852
0.11604291808212253,0.18530000000000002
0.1157601846069718,0.1854
0.114322814306973,0.1855
0.11149720234688143,0.18560000000000001
0.1084807304853126,0.1857
0.10532483048922492,0.18580000000000002
0.10205253012210269,0.1859
0.09868059675342722,0.186
0.09513471331678014,0.18610000000000002
0.09150373994026728,0.1862
0.08782470184542779,0.18630000000000002
0.08413042984392216,0.1864
0.08045193822572294,0.1865
0.07681808713801763,0.18660000000000002
0.07325585987101524,0.1867
0.0697203410764714,0.18680000000000002
0.06614318217198378,0.1869
0.06268821062941776,0.187
0.0592188690750286,0.18710000000000002
0.05580392324415939,0.1872
0.0525600121469032,0.18730000000000002
0.04951413232361923,0.1874
0.04634319346587468,0.1875
0.043336160394927825,0.18760000000000002
0.04020389079958475,0.1877
0.03729748951588774,0.18780000000000002
0.03439357369516505,0.1879
0.031619640566782126,0.188
0.028927181737248953,0.18810000000000002
0.02638125183382134,0.1882
0.024182902190331257,0.1883
0.022383815342249314,0.1884
0.021021104834900273,0.1885
0.01970475686470463,0.18860000000000002
0.01879634458817292,0.1887
0.01808892777532156,0.1888
0.017786203321144445,0.1889
0.01777932812932126,0.189
0.018192923072095857,0.18910000000000002
0.019131061148650153,0.1892
0.020619210160217838,0.1893
0.02264885172762665,0.1894
0.025200460283714143,0.1895
0.028235164392015788,0.18960000000000002
0.03170484193123868,0.1897
0.035553369585609174,0.1898
0.03972053633464423,0.1899
0.04411402746370752,0.19
0.04864119015756052,0.19010000000000002
0.053260434708817694,0.1902
0.057942724120157996,0.1903
0.0626516424511705,0.1904
0.06733828954130594,0.1905
0.07195376594133807,0.19060000000000002
0.07646063769129563,0.1907
0.08082052193095823,0.1908
0.08500114071863651,0.19090000000000001
0.08897285961905066,0.191
0.0927074438754546,0.19110000000000002
0.0961804166645408,0.1912
0.09937042607960611,0.1913
0.10225285518998684,0.19140000000000001
0.1047976803677444,0.1915
0.10699081141073774,0.19160000000000002
0.1088351592249831,0.1917
0.11032803395567692,0.1918
0.11146386938514219,0.19190000000000002
0.11224003659706827,0.192
0.11265361195810819,0.19210000000000002
0.11270321886726065,0.1922
0.1123883945859947,0.1923
0.11171515757458261,0.19240000000000002
0.11002017093205618,0.1925
0.10694571185146307,0.19260000000000002
0.10370577349756849,0.1927
0.10031281254438773,0.1928
0.09678622940063797,0.19290000000000002
0.09316447344912948,0.193
0.08946963600057867,0.19310000000000002
0.08572714506855905,0.1932
0.08196669444694804,0.1933
0.0782191911950112,0.19340000000000002
0.07451446965452624,0.1935
0.07071433521291504,0.19360000000000002
0.06695849653534325,0.1937
0.06327085902616614,0.1938
0.05950210374407128,0.19390000000000002
0.055850991717572684,0.194
0.05234798822899567,0.19410000000000002
0.0488473053742835,0.1942
0.045373123641037294,0.1943
0.041861740469334,0.19440000000000002
0.038417593373544,0.1945
0.035024257088444255,0.19460000000000002
0.031660804638857565,0.1947
0.028307697974500057,0.1948
0.025102795857313565,0.19490000000000002
0.02221034958683199,0.195
0.01967824999501322,0.1951
0.017422996564609994,0.1952
0.015275932994920804,0.1953
0.013569533375631826,0.19540000000000002
0.012215267042728906,0.1955
0.01129398147479077,0.1956
0.010908823189048622,0.1957
0.010813880105957407,0.1958
0.011241585659582443,0.19590000000000002
0.012148645395122726,0.196
0.01354781267862104,0.1961
0.015606226041971816,0.1962
0.01829184848752874,0.1963
0.02153588513698712,0.19640000000000002
0.025266343709040573,0.1965
0.02938479728546972,0.1966
0.03382741782644594,0.1967
0.03848699357004981,0.1968
0.04327116423726696,0.19690000000000002
0.04814283260666463,0.197
0.05307902426621314,0.1971
0.05804931378223155,0.19720000000000001
0.0630096658443503,0.1973
0.0679134315684119,0.19740000000000002
0.0727263563353936,0.1975
0.07741099196291712,0.1976
0.08193646811402899,0.19770000000000001
0.08627452771206956,0.1978
0.09039805874336515,0.19790000000000002
0.09428401322659186,0.198
0.09791083728175476,0.1981
0.10126001505557636,0.19820000000000002
0.10430892602507569,0.1983
0.10702781960552055,0.19840000000000002
0.10940225715202367,0.1985
0.11143398543029348,0.1986
0.11311928748360067,0.19870000000000002
0.11445215007179088,0.1988
0.11542929889819997,0.19890000000000002
0.11604735313612247,0.199
0.1163042224377201,0.1991
0.11619934927444964,0.19920000000000002
0.11570044082418285,0.1993
0.11296417862565711,0.19940000000000002
0.11000791728519044,0.1995
0.10689842506527003,0.1996
0.10366427556868418,0.19970000000000002
0.10031995535901561,0.1998
0.09687028207893034,0.19990000000000002
0.09325321181191981,0.2
0.08957057610488994,0.2001
0.08585728304038343,0.20020000000000002
0.08214689062361913,0.2003
0.07846960429306082,0.20040000000000002
0.07485336291680156,0.2005
0.07132419206278329,0.2006
0.06774468954161605,0.20070000000000002
0.06421454014495176,0.2008
0.060814657920777115,0.20090000000000002
0.05731606699445546,0.201
0.05397189858503104,0.2011
0.050814305469854215,0.20120000000000002
0.04772288043138828,0.2013
0.04462376615888064,0.20140000000000002
0.04153472847032491,0.2015
0.0384924076200126,0.2016
0.03562106753734717,0.20170000000000002
0.03269056261461878,0.2018
0.029981010143000475,0.2019
0.027251753660657574,0.202
0.024846025968237484,0.2021
0.02282451077406611,0.20220000000000002
0.021228242671231357,0.2023
0.019808366469455052,0.2024
0.018667139744416472,0.2025
0.017804044214945414,0.2026
0.01727085192345279,0.20270000000000002
0.0171271846921488,0.2028
0.017308302709557966,0.2029
0.018007672502255545,0.203
0.0192606241848301,0.2031
0.021068052517474456,0.20320000000000002
0.023417336470018535,0.2033
0.02627525072769643,0.2034
0.029595070594892414,0.20350000000000001
0.033323098308657206,0.2036
0.037398759301896956,0.20370000000000002
0.04173092890584473,0.2038
0.046226861330054936,0.2039
0.05084195074969,0.20400000000000001
0.05554415840816196,0.2041
0.06029452440979144,0.20420000000000002
0.06504242572483288,0.2043
0.06973724894140776,0.2044
0.0743396765462283,0.20450000000000002
0.07880994218864013,0.2046
0.08311454750914093,0.20470000000000002
0.08722283262373653,0.2048
0.09110561079580726,0.2049
0.09473724695007779,0.20500000000000002
0.09809441987654843,0.2051
0.1011575140083597,0.20520000000000002
0.10390372945567938,0.2053
0.10630385619638982,0.2054
0.10834505656003324,0.20550000000000002
0.11003128376233551,0.2056
0.11136055324806604,0.20570000000000002
0.11232819595256838,0.2058
0.11293222542990733,0.2059
0.11317052305602193,0.20600000000000002
0.11304233550614395,0.2061
0.11254788704870944,0.20620000000000002
0.11158334100107448,0.2063
0.10859755600750498,0.2064
0.10542082981101097,0.20650000000000002
0.10211839556971225,0.2066
0.09867593942790198,0.20670000000000002
0.09509781775675163,0.2068
0.09143287435394909,0.2069
0.08770499510527696,0.20700000000000002
0.0839433822768304,0.2071
0.08017938253299839,0.20720000000000002
0.07644402102213932,0.2073
0.07274587148932721,0.2074
0.06894618054397095,0.20750000000000002
0.06522893382550288,0.2076
0.06152902611445721,0.20770000000000002
0.057810635764840246,0.2078
0.05422484286353568,0.2079
0.05079990810731849,0.20800000000000002
0.047278577909300123,0.2081
0.043883824177651354,0.2082
0.04033361546548231,0.2083
0.03697732049421831,0.2084
0.033542221647599346,0.20850000000000002
0.030254701362857572,0.2086
0.026891081914994786,0.2087
0.023806717384523557,0.2088
0.021060717944302088,0.2089
0.01869553311890626,0.20900000000000002
0.016456521990726003,0.2091
0.014510769225272169,0.2092
0.013032822461370941,0.2093
0.011839572915771646,0.2094
0.011146610985314442,0.20950000000000002
0.010925977043581891,0.2096
0.011040713523482681,0.2097
0.011611803079352612,0.20980000000000001
0.01266444125963706,0.2099
0.014383776016535066,0.21000000000000002
0.016757024803466525,0.2101
0.019725926001140204,0.2102
0.023221933006374096,0.21030000000000001
0.027147856238148638,0.2104
0.031437927189521764,0.21050000000000002
0.036013962589972914,0.2106
0.04078025795432705,0.2107
0.04564198572069467,0.21080000000000002
0.05056520380746532,0.2109
0.055530392882546575,0.21100000000000002
0.06050904782873945,0.2111
0.06545723501846334,0.2112
0.07033070290773002,0.21130000000000002
0.07509569951212058,0.2114
0.07971656544249717,0.21150000000000002
0.08416366022475819,0.2116
0.08840963338789842,0.2117
0.0924287643967282,0.21180000000000002
0.0961986703006521,0.2119
0.09969884761320391,0.21200000000000002
0.10291142552176813,0.2121
0.10581445850763915,0.2122
0.10837883840007279,0.21230000000000002
0.11059116512818845,0.2124
0.1124545920686858,0.21250000000000002
0.11396663796586326,0.2126
0.11512234293575951,0.2127
0.11591929429027115,0.21280000000000002
0.11635481249488833,0.2129
0.11642743929019717,0.21300000000000002
0.11613668531440124,0.2131
0.11434790479308576,0.2132
0.11148836926788286,0.21330000000000002
0.10844502779266219,0.2134
0.10526272610473164,0.21350000000000002
0.10196159134423455,0.2136
0.09855904406089522,0.2137
0.09502397559310938,0.21380000000000002
0.09136001112337788,0.2139
0.08764870156547921,0.21400000000000002
0.08392501557065857,0.2141
0.08022078087958617,0.2142
0.0765648314345474,0.21430000000000002
0.07298413330334685,0.2144
0.06947403289000864,0.21450000000000002
0.06588296510213476,0.2146
0.06241507111008715,0.2147
0.05897748883956355,0.21480000000000002
0.05554772006263531,0.2149
0.05228666198150278,0.215
0.04922293867655769,0.2151
0.04605495825892625,0.2152
0.04302799629869347,0.21530000000000002
0.039857591173331874,0.2154
0.0369124956911977,0.2155
0.033941200821501205,0.2156
0.03112407866924327,0.2157
0.028340479818206976,0.21580000000000002
0.025755199515462346,0.2159
0.02352715653859727,0.216
0.021705879339653844,0.21610000000000001
0.020261968921697404,0.2162
0.01889697468003604,0.21630000000000002
0.017891824585562155,0.2164
0.017116365364609365,0.2165
0.01682726741437457,0.21660000000000001
0.016766492949310097,0.2167
0.017203865244878935,0.21680000000000002
0.01819071805955441,0.2169
0.019738429657397694,0.217
0.02184266382294897,0.21710000000000002
0.02447833726552906,0.2172
0.027602345184335464,0.21730000000000002
0.031164402161721005,0.2174
0.03510479875480099,0.2175
0.0393610233016477,0.21760000000000002
0.04383918834289524,0.2177
0.04844457746830133,0.21780000000000002
0.05313623505999088,0.2179
0.057885745662864085,0.218
0.06265716155585643,0.21810000000000002
0.06740227273421262,0.2182
0.07207238099361235,0.21830000000000002
0.0766306847246706,0.2184
0.08103898306955637,0.2185
0.08526518567380803,0.21860000000000002
0.0892798284979982,0.2187
0.09305485305397343,0.21880000000000002
0.0965661203401108,0.2189
0.09979261759845648,0.219
0.10270996980655778,0.21910000000000002
0.10528819797163325,0.2192
0.107513155356319,0.21930000000000002
0.10938764660263722,0.2194
0.11090879852105218,0.2195
0.11207083054560107,0.21960000000000002
0.11287091788737136,0.2197
0.11330592365621783,0.21980000000000002
0.11337425801215728,0.2199
0.11307526123509815,0.22
0.11241482174753892,0.22010000000000002
0.11025039183060859,0.2202
0.10716405261600959,0.22030000000000002
0.10392222939545959,0.2204
0.10056823482233512,0.2205
0.0970521835721293,0.22060000000000002
0.0934244001732426,0.2207
0.08972095001727298,0.22080000000000002
0.08596968770938518,0.2209
0.08220142902269756,0.221
0.07844745380304385,0.22110000000000002
0.07473719151433478,0.2212
0.07101167316478563,0.22130000000000002
0.06725136605131421,0.2214
0.06358801932567404,0.2215
0.05987172719473799,0.22160000000000002
0.05621583229143501,0.2217
0.0527057660876038,0.2218
0.04929973795501197,0.22190000000000001
0.04581566188099062,0.222
0.04238202355271792,0.22210000000000002
0.03891600415903618,0.2222
0.03558839845207751,0.2223
0.03219722478831577,0.22240000000000001
0.02889615775297849,0.2225
0.025652377095307877,0.22260000000000002
0.02271183863473758,0.2227
0.02012791560008842,0.2228
0.017898716058801334,0.22290000000000001
0.01570747835633801,0.223
0.013937883172996601,0.22310000000000002
0.012472486075690847,0.2232
0.01149488359265849,0.2233
0.011070503272929022,0.22340000000000002
0.01097461308152492,0.2235
0.011347868760593238,0.22360000000000002
0.012200522668693203,0.2237
0.013536482176755849,0.2238
0.015534962515276751,0.22390000000000002
0.01816601616525748,0.224
0.021363475690139522,0.22410000000000002
0.025056764661276265,0.2242
0.029147704209343095,0.2243
0.03357145181473564,0.22440000000000002
0.03822114946300181,0.2245
0.04300300578597538,0.22460000000000002
0.04787883266788939,0.2247
0.05282425789629097,0.2248
0.05780764938969085,0.22490000000000002
0.06278444262324712,0.225
0.06770706962532691,0.22510000000000002
0.07254067362509675,0.2252
0.07724713282768847,0.2253
0.08179508347914433,0.22540000000000002
0.08615594294138229,0.2255
0.09030244595993153,0.22560000000000002
0.09421151164068697,0.2257
0.09786152630150502,0.2258
0.10123378997524313,0.22590000000000002
0.10430527005829338,0.226
0.10704565911421704,0.22610000000000002
0.10944001471397202,0.2262
0.11148976672095412,0.2263
0.11319098780529802,0.22640000000000002
0.11453754796428606,0.2265
0.11552610679598074,0.22660000000000002
0.11615321481333396,0.2267
0.11641671678330445,0.2268
0.11631600919633789,0.22690000000000002
0.11570377583174174,0.227
0.11295373802489506,0.22710000000000002
0.10998621480570125,0.2272
0.10686605180008979,0.2273
0.1036209327370059,0.22740000000000002
0.10026547754817405,0.2275
0.09681954013684935,0.22760000000000002
0.093200225668852,0.2277
0.08950611858496471,0.2278
0.08578131398637356,0.22790000000000002
0.0820597717156033,0.228
0.07837178496957597,0.2281
0.07474526870020926,0.22820000000000001
0.07120622653314213,0.2283
0.06763851739082882,0.22840000000000002
0.06409749869505721,0.2285
0.060694797476368634,0.2286
0.05719224194580508,0.22870000000000001
0.05383260137537338,0.2288
0.05065852697678319,0.22890000000000002
0.04755300015923036,0.229
0.04443209136078674,0.2291
0.04131093726136714,0.22920000000000001
0.03824073337963485,0.2293
0.03531720498219393,0.22940000000000002
0.03235571306753693,0.2295
0.029582063995848396,0.2296
0.026823424018441067,0.22970000000000002
0.024393248059383366,0.2298
0.022351047895578402,0.22990000000000002
0.020737324788066447,0.23
0.0192426203212821,0.2301
0.01808393372614847,0.23020000000000002
0.017174167514080407,0.2303
0.016633503024035212,0.23040000000000002
0.016450637153623493,0.2305
0.016634247026932503,0.2306
0.017347287221818997,0.23070000000000002
0.01862441792079661,0.2308
0.02046526998758913,0.23090000000000002
0.022855810954658162,0.231
0.025760154344654174,0.2311
0.029129715399747624,0.23120000000000002
0.032908573174689204,0.2313
0.03703467925430637,0.23140000000000002
0.041415435214877894,0.2315
0.045957092177448144,0.2316
0.05061506526767778,0.23170000000000002
0.055357679817987115,0.2318
0.06014631191902242,0.23190000000000002
0.06493065335253512,0.232
0.06966038412748699,0.2321
0.07429656402643559,0.23220000000000002
0.07879968886003785,0.2323
0.08313645244532863,0.23240000000000002
0.08727632365833027,0.2325
0.09119018027966619,0.2326
0.09485247035023359,0.23270000000000002
0.0982399608791088,0.2328
0.10133312441273368,0.23290000000000002
0.10410921487714253,0.233
0.10653900331820965,0.2331
0.10860959103493895,0.23320000000000002
0.1103248372930905,0.2333
0.11168262101856119,0.23340000000000002
0.1126781208887847,0.2335
0.11330919853868693,0.2336
0.11357358699399334,0.23370000000000002
0.11347039093757239,0.2338
0.11299969833179091,0.23390000000000002
0.11185653746412638,0.234
0.10887410870264447,0.2341
0.1057035372766768,0.23420000000000002
0.10240635389980235,0.2343
0.09899892010126321,0.23440000000000003
0.09542379764670805,0.23450000000000001
0.09175898480392586,0.2346
0.08802978095014435,0.23470000000000002
0.08426624828508478,0.2348
0.08050002199753103,0.2349
0.07676220772022557,0.23500000000000001
0.07308130764143983,0.2351
0.0693170401620451,0.23520000000000002
0.06559723047524313,0.2353
0.06195690106511165,0.2354
0.05823410404731777,0.23550000000000001
0.05464031035775796,0.2356
0.05120586595387033,0.23570000000000002
0.047751937604974204,0.2358
0.04434565175688254,0.2359
0.04085386231505961,0.23600000000000002
0.03748094048301631,0.2361
0.03411613010485204,0.23620000000000002
0.030837583344392794,0.2363
0.027522194287516788,0.2364
0.024408262411240722,0.23650000000000002
0.021622363684489,0.2366
0.019212095713315724,0.23670000000000002
0.017018068548563026,0.2368
0.015031722737930853,0.2369
0.013512331805867639,0.23700000000000002
0.012300417925485974,0.2371
0.011549305179493485,0.23720000000000002
0.011319415946466016,0.2373
0.011369779659907486,0.2374
0.011865075448537432,0.23750000000000002
0.012832627425100052,0.2376
0.014462114218966038,0.23770000000000002
0.01674684710186569,0.2378
0.019633619157388926,0.2379
0.023056801099681,0.23800000000000002
0.026920966980583882,0.2381
0.03116065440395177,0.23820000000000002
0.03569730479314437,0.2383
0.04043493772445794,0.2384
0.045277932798035714,0.23850000000000002
0.05019059676443116,0.2386
0.055151694407663765,0.23870000000000002
0.06013143915590391,0.2388
0.06508501934655331,0.2389
0.06996745516028768,0.23900000000000002
0.0747443173819855,0.2391
0.07937953115515717,0.23920000000000002
0.08384308855252687,0.2393
0.08810730441803472,0.2394
0.09214610207652696,0.23950000000000002
0.09593667503432601,0.2396
0.09945809259506477,0.23970000000000002
0.10269208144716124,0.2398
0.10561632888522932,0.2399
0.10820141603297462,0.24000000000000002
0.11043374109708703,0.2401
0.1123163688096428,0.24020000000000002
0.11384677776832619,0.2403
0.11501999056842294,0.2404
0.11583358548626044,0.24050000000000002
0.1162848528957322,0.2406
0.11637227631103231,0.24070000000000003
0.11609527628462324,0.24080000000000001
0.11438875256000458,0.2409
0.11152818250514518,0.24100000000000002
0.10848142310913178,0.2411
0.10529496948666561,0.2412
0.1019895165473661,0.24130000000000001
0.0985822462982835,0.2414
0.09505071347677452,0.24150000000000002
0.09138152031583557,0.2416
0.08766392383559751,0.2417
0.08393312302057387,0.24180000000000001
0.080221184640072,0.2419
0.07655706051009536,0.24200000000000002
0.07296780857640972,0.2421
0.06945725647905654,0.2422
0.06585706995047036,0.24230000000000002
0.06237901450058081,0.2424
0.05893923283893221,0.24250000000000002
0.055497015349089684,0.2426
0.052221852344870756,0.2427
0.049142704163606776,0.24280000000000002
0.04595875976211361,0.2429
0.042908951922404626,0.24300000000000002
0.03971707796426749,0.2431
0.03674991562781016,0.2432
0.03374016732001506,0.24330000000000002
0.03089994344711977,0.2434
0.028060399578841766,0.24350000000000002
0.0254412159543127,0.2436
0.023183090593309474,0.2437
0.021335130753419307,0.24380000000000002
0.019810166913679872,0.2439
0.018424724867687203,0.24400000000000002
0.017382826954250863,0.2441
0.01659510633511818,0.2442
0.016279101717313393,0.24430000000000002
0.016205021113265605,0.2444
0.01664187008521023,0.24450000000000002
0.017636207038418394,0.2446
0.019199154243608074,0.2447
0.02132556866220603,0.24480000000000002
0.023988715407021965,0.2449
0.027143850526773816,0.24500000000000002
0.030738989901001768,0.2451
0.03471317332078905,0.2452
0.03900287168201655,0.24530000000000002
0.04351339766568829,0.2454
0.048149436706558024,0.24550000000000002
0.05287014585034444,0.2456
0.05764741727871292,0.2457
0.06244565303343175,0.24580000000000002
0.06721698615015503,0.2459
0.07191302613600825,0.24600000000000002
0.07649729453682463,0.2461
0.08093178457453587,0.2462
0.08518456593536927,0.24630000000000002
0.08922629804553095,0.2464
0.0930290275209491,0.24650000000000002
0.09656870251653016,0.2466
0.09982434058309453,0.2467
0.1027715298330295,0.24680000000000002
0.1053801911473573,0.2469
0.10763601059210426,0.24700000000000003
0.10954159622706439,0.24710000000000001
0.11109389782652357,0.2472
0.11228698254621472,0.24730000000000002
0.11311789591577504,0.2474
0.11358338749388264,0.24750000000000003
0.1136817630944903,0.24760000000000001
0.11341225625190254,0.2477
0.11278066422297295,0.24780000000000002
0.11056093608293616,0.2479
0.10748646446759336,0.248
0.10425622320513916,0.24810000000000001
0.100912041181757,0.2482
0.09742890063094878,0.24830000000000002
0.09380860333777208,0.2484
0.09010957301958411,0.2485
0.0863604988644383,0.24860000000000002
0.08259272853467947,0.2487
0.07883772944199852,0.24880000000000002
0.07512506926983509,0.2489
0.07144209173653304,0.249
0.06767904541720426,0.24910000000000002
0.06400979587537825,0.2492
0.0603396553593758,0.24930000000000002
0.05667729362242646,0.2494
0.05315697946902587,0.2495
0.049802926025033,0.24960000000000002
0.046306803995474155,0.2497
0.042921374496327935,0.24980000000000002
0.03943939508560135,0.2499
0.03616873748858285,0.25
0.03276539207686158,0.2501
0.02953472044261951,0.25020000000000003
0.02626847140041888,0.2503
0.023293657437472026,0.2504
0.020668659110880894,0.2505
0.018437260082561524,0.2506
0.0162585091957983,0.25070000000000003
0.014442784357436178,0.2508
0.012975517288970506,0.2509
0.011941370156700826,0.251
0.011446637207858101,0.2511
0.011346071907159194,0.25120000000000003
0.011645470238645483,0.2513
0.012412660232147932,0.2514
0.013654870824786336,0.2515
0.015556336560009765,0.2516
0.018094080804055057,0.25170000000000003
0.021206404759370967,0.2518
0.024824975747240963,0.2519
0.028852916906288772,0.252
0.03322521185637206,0.2521
0.03783501416803947,0.25220000000000004
0.042588109395285345,0.2523
0.04744437059623818,0.2524
0.05237765339557199,0.2525
0.05735503821868493,0.2526
0.062331101870523375,0.25270000000000004
0.067257605948297,0.2528
0.0720989267452723,0.2529
0.07681646478802706,0.253
0.08137840935457397,0.2531
0.08575577302684101,0.25320000000000004
0.08992090574157241,0.2533
0.09385027368299015,0.2534
0.09752182483232241,0.2535
0.10091645753560985,0.2536
0.10401078554122345,0.25370000000000004
0.106774214629617,0.2538
0.10919158621545844,0.2539
0.11126419052397063,0.254
0.1129880170636488,0.2541
0.11435688885139028,0.25420000000000004
0.1153674430266397,0.2543
0.11601619803642682,0.2544
0.11630093714066148,0.2545
0.11622095419502476,0.2546
0.11577587229165398,0.25470000000000004
0.11305317747084442,0.2548
0.11008764785050684,0.2549
0.1069675434935009,0.255
0.10372208568199937,0.2551
0.10036565297081845,0.25520000000000004
0.0969179040901148,0.2553
0.09330079798878421,0.2554
0.089603367699581,0.2555
0.0858734617516076,0.2556
0.08214527437046959,0.25570000000000004
0.0784493184695576,0.2558
0.07481365467339296,0.2559
0.07126434868629794,0.256
0.06769159906770905,0.2561
0.06413918427591703,0.25620000000000004
0.060723525720768334,0.25630000000000003
0.05721457553264808,0.2564
0.05383985995090601,0.2565
0.050648762358968646,0.2566
0.04752836163348184,0.25670000000000004
0.04438807059280925,0.25680000000000003
0.04124698275982719,0.2569
0.03815477621750163,0.257
0.035201442257125404,0.2571
0.032215593484764105,0.25720000000000004
0.029404032534248614,0.25730000000000003
0.02661919118623257,0.2574
0.024162831904168014,0.2575
0.022094075515881162,0.2576
0.020453637068612363,0.2577
0.01890956517513298,0.25780000000000003
0.017724321618924677,0.2579
0.016778052205578042,0.258
0.01621580073148654,0.2581
0.016001342207262015,0.2582
0.016168423606456983,0.25830000000000003
0.01687028518283573,0.2584
0.018142113966482354,0.2585
0.019983537921608674,0.2586
0.022380193646361235,0.2587
0.025295085478656887,0.25880000000000003
0.02867867313695971,0.2589
0.03247393624693662,0.259
0.0366180435914627,0.2591
0.041017757528003296,0.2592
0.0455789085082563,0.25930000000000003
0.050256811595155604,0.2594
0.05501987046553025,0.2595
0.0598295855135641,0.2596
0.06463579259429642,0.2597
0.0693882846531978,0.25980000000000003
0.07404822505464137,0.2599
0.07857617370083159,0.26
0.082938851626289,0.2601
0.0871057368557191,0.2602
0.09104770128909745,0.26030000000000003
0.09473919580421086,0.2604
0.09815699242251952,0.2605
0.10128155843208642,0.2606
0.1040901235919468,0.2607
0.10655339898672789,0.26080000000000003
0.10865835974030447,0.2609
0.1104086863885212,0.261
0.11180207164973743,0.2611
0.11283350553367144,0.2612
0.11350065881181648,0.26130000000000003
0.11380108181751969,0.2614
0.11373370568670615,0.2615
0.1132984528715113,0.2616
0.11220452875913356,0.2617
0.10923945332101315,0.26180000000000003
0.10608330310829228,0.2619
0.10279811591543697,0.262
0.09941060162187709,0.2621
0.09585475821994605,0.2622
0.09219757401180217,0.26230000000000003
0.08847326302001945,0.2624
0.0847122350698648,0.2625
0.08094631002082886,0.2626
0.07720670127416618,0.2627
0.07352200955696542,0.26280000000000003
0.06979609092423533,0.2629
0.06607162756679985,0.263
0.06245461427271992,0.2631
0.05874173296250462,0.2632
0.055137650021047646,0.26330000000000003
0.05168987647687784,0.2634
0.04828525339413248,0.2635
0.044864693749063544,0.2636
0.041423770173796726,0.2637
0.03803421305082244,0.26380000000000003
0.034730005989030976,0.2639
0.03143527659097067,0.264
0.028190219713427167,0.2641
0.02505054747393398,0.2642
0.02222575150926831,0.26430000000000003
0.01976896889284574,0.2644
0.01762047330280736,0.2645
0.01558896300019974,0.2646
0.014009241081314627,0.2647
0.012790738422513659,0.26480000000000004
0.011975236064437622,0.2649
0.011698752743683816,0.265
0.011710572250340112,0.2651
0.01212148497598231,0.2652
0.012993699186944596,0.26530000000000004
0.014521109651998598,0.2654
0.016703119192899685,0.2655
0.019492811027729706,0.2656
0.02282819596797947,0.2657
0.026615792108519276,0.26580000000000004
0.03079092413144857,0.2659
0.03527479872799555,0.266
0.03997147234967047,0.2661
0.04478483110348308,0.2662
0.049677346069825656,0.26630000000000004
0.05462601948608925,0.2664
0.05959976896089114,0.2665
0.06455293670388684,0.2666
0.06943984405923409,0.2667
0.07422530050124854,0.26680000000000004
0.07887272060543404,0.2669
0.08335161181386153,0.267
0.08763386979169441,0.2671
0.09169304337728545,0.2672
0.09550592333926333,0.26730000000000004
0.09905120123274924,0.2674
0.10231025021869,0.2675
0.10526043403817997,0.2676
0.10787206115162173,0.2677
0.11013130973410101,0.26780000000000004
0.11204108913081556,0.2679
0.11359877689839215,0.268
0.11479931779398178,0.2681
0.1156402167432975,0.2682
0.11611867496378891,0.26830000000000004
0.11623306542377021,0.2684
0.11598267492577863,0.2685
0.11453143051050718,0.2686
0.111682724781894,0.2687
0.10864092999130259,0.26880000000000004
0.10545728402848531,0.26890000000000003
0.10215429035536094,0.269
0.09874854041283854,0.2691
0.0952199441030348,0.2692
0.09155112538811028,0.26930000000000004
0.08783166154617983,0.26940000000000003
0.08409675547965623,0.2695
0.08037888065525844,0.2696
0.07670728310270136,0.2697
0.07310897694948915,0.26980000000000004
0.06959367649667325,0.26990000000000003
0.06598118759045934,0.27
0.06248763733106766,0.2701
0.059034038346349904,0.2702
0.055572413026725664,0.27030000000000004
0.05227600242680386,0.27040000000000003
0.04917414430109179,0.2705
0.04596829684306636,0.2706
0.04289683792980803,0.2707
0.03968326614678408,0.27080000000000004
0.03669333837602662,0.27090000000000003
0.03365964420307299,0.271
0.030795458776608164,0.2711
0.027927160022360065,0.2712
0.02528119203628698,0.2713
0.02299488872883626,0.27140000000000003
0.021117441365447354,0.2715
0.019553008850304865,0.2716
0.018136947965957884,0.2717
0.017059514878277726,0.2718
0.016243661903844853,0.27190000000000003
0.01589637588841497,0.272
0.01579795610053525,0.2721
0.016213693583431832,0.2722
0.017191224615890954,0.2723
0.018742350008619013,0.27240000000000003
0.020862183167686732,0.2725
0.023523582611930438,0.2726
0.026681118986821684,0.2727
0.030281983658171585,0.2728
0.03426448295159301,0.27290000000000003
0.038564549627894795,0.273
0.04308714202549946,0.2731
0.047736747925538614,0.2732
0.052472472166905426,0.2733
0.05726625141667552,0.27340000000000003
0.06208257396658523,0.2735
0.06687365098334486,0.2736
0.07159112136552437,0.2737
0.07619849729009143,0.2738
0.0806577334016626,0.27390000000000003
0.08493684656209233,0.274
0.08900644523885681,0.2741
0.0928385372960292,0.2742
0.09640904574199283,0.2743
0.09969696605639311,0.27440000000000003
0.10267786425306569,0.2745
0.10532162269842471,0.2746
0.10761381454210706,0.2747
0.1095568671208833,0.2748
0.11114753753066353,0.27490000000000003
0.11237968738682858,0.275
0.11325014189721883,0.2751
0.11375543343635064,0.2752
0.11389365856063272,0.2753
0.113663852613333,0.27540000000000003
0.11307165851958267,0.2755
0.11095519772220819,0.2756
0.10790005907016442,0.2757
0.10468455640090313,0.2758
0.10135217534009788,0.27590000000000003
0.09789686240508233,0.276
0.09428667149535153,0.2761
0.0905947725549151,0.2762
0.08684997593921218,0.2763
0.08308373707502081,0.27640000000000003
0.07932753824161531,0.2765
0.07561108435108399,0.2766
0.07196172595933081,0.2767
0.06819341990266359,0.2768
0.06451500992836101,0.27690000000000003
0.060881847964832425,0.277
0.05720947940088883,0.2771
0.05367484354263374,0.2772
0.05030671355599403,0.2773
0.04685462112847394,0.27740000000000004
0.04351448607847597,0.2775
0.04002247339592113,0.2776
0.03672982718501294,0.2777
0.03338504561050826,0.2778
0.03019682995319406,0.27790000000000004
0.026912320451042415,0.278
0.02389784618497215,0.2781
0.021226570084465823,0.2782
0.018943907077161093,0.2783
0.016808274565739856,0.27840000000000004
0.014956150960100167,0.2785
0.013577328782517162,0.2786
0.012485061052935231,0.2787
0.011893992220229244,0.2788
0.011777178001866506,0.27890000000000004
0.011864606504124575,0.279
0.012391906796528573,0.2791
0.013563853788973068,0.2792
0.015397237202470215,0.2793
0.01786364508248206,0.27940000000000004
0.02091137368153073,0.2795
0.024450166622967284,0.2796
0.028417701918312055,0.2797
0.03273339157273658,0.2798
0.037301668062410975,0.27990000000000004
0.04202550105853797,0.28
0.04686216303305035,0.2801
0.05178427372432903,0.2802
0.056757408090939876,0.2803
0.061734028233769944,0.28040000000000004
0.06666665726720056,0.2805
0.0715179134888545,0.2806
0.07624966802689193,0.2807
0.08082987151284704,0.2808
0.08522899925336402,0.28090000000000004
0.0894192447758152,0.281
0.09337587193411234,0.2811
0.09707605759406557,0.2812
0.10049973731338435,0.2813
0.10362302557448588,0.28140000000000004
0.10641524758096332,0.28150000000000003
0.10886148753039926,0.2816
0.11096347309494625,0.2817
0.1127175693168444,0.2818
0.11411776594808631,0.28190000000000004
0.11516060501650383,0.28200000000000003
0.11584234208111943,0.2821
0.11616041583202807,0.2822
0.11611380259809378,0.2823
0.11570179970555783,0.28240000000000004
0.11325380075112057,0.28250000000000003
0.11030261273380859,0.2826
0.10718850843643657,0.2827
0.10394618524311161,0.2828
0.1005921712253145,0.28290000000000004
0.09714556322388945,0.28300000000000003
0.0935340027960665,0.2831
0.08983648787975063,0.2832
0.08610402147504348,0.2833
0.08237087421587708,0.28340000000000004
0.07866786922801594,0.28350000000000003
0.07502323191054727,0.2836
0.07146309012477248,0.2837
0.06788975603348535,0.2838
0.06432468271161429,0.28390000000000004
0.06089325625133235,0.28400000000000003
0.05738190527071674,0.2841
0.05398788301695401,0.2842
0.050773971333833545,0.2843
0.04764393635731179,0.2844
0.044478776600268555,0.28450000000000003
0.04132571027770382,0.2846
0.03820664779470273,0.2847
0.035233991213247995,0.2848
0.03221909907113396,0.2849
0.029380549261265765,0.28500000000000003
0.026563413765065214,0.2851
0.024072053120161252,0.2852
0.021965677923815985,0.2853
0.020285587565170404,0.2854
0.018702685134454278,0.28550000000000003
0.017478090352299303,0.2856
0.01649464463008221,0.2857
0.01589514856123686,0.2858
0.015647586525837642,0.2859
0.015780352264723074,0.28600000000000003
0.016450229074542744,0.2861
0.017693991247555996,0.2862
0.019512309067270195,0.2863
0.021891280237269495,0.2864
0.024793773623144055,0.28650000000000003
0.028169721713160234,0.2866
0.03196154303595633,0.2867
0.03610586877018873,0.2868
0.040509177531484086,0.2869
0.04507709392751491,0.28700000000000003
0.04976464189125829,0.2871
0.054540047613716114,0.2872
0.05936475762945759,0.2873
0.06418861744074189,0.2874
0.0689613964129534,0.28750000000000003
0.07364416297965481,0.2876
0.07819737956505435,0.2877
0.0825876391125383,0.2878
0.08678428982371733,0.2879
0.09075808457774381,0.28800000000000003
0.09448336203755647,0.2881
0.0979367953664575,0.2882
0.1010987548260659,0.2883
0.10394637630275594,0.2884
0.10645027139949415,0.28850000000000003
0.10859725395229047,0.2886
0.11039079010959629,0.2887
0.11182835925560053,0.2888
0.1129047297734429,0.2889
0.11361733693859066,0.28900000000000003
0.11396349604320966,0.2891
0.11394190800141557,0.2892
0.11355227217340214,0.2893
0.11262148228190927,0.2894
0.10968077777669427,0.28950000000000004
0.10654299199082296,0.2896
0.10327276910237171,0.2897
0.09989782609428122,0.2898
0.09637186576453816,0.2899
0.09272532994618765,0.29000000000000004
0.08900805010897528,0.2901
0.08525063058234195,0.2902
0.08148507737298238,0.2903
0.07774273309195001,0.2904
0.07405236610876109,0.29050000000000004
0.07036098159325666,0.2906
0.06662911234916868,0.2907
0.06300038543714537,0.2908
0.059325857122537906,0.2909
0.05570921373471194,0.29100000000000004
0.05224417851791441,0.2911
0.04888648249281946,0.2912
0.045448575114392264,0.2913
0.04205691148215074,0.2914
0.03864546869556085,0.29150000000000004
0.035388198738936394,0.2916
0.032065180918835035,0.2917
0.02885993537922138,0.2918
0.025684912868281673,0.2919
0.02281455294562451,0.29200000000000004
0.020305821317579298,0.2921
0.018177160698785055,0.2922
0.016070895465502222,0.2923
0.014390508803623803,0.2924
0.013023820462704894,0.29250000000000004
0.012141058058966259,0.2926
0.01180980866316772,0.2927
0.011813589861524365,0.2928
0.01214938136133914,0.2929
0.012945893776874495,0.29300000000000004
0.01438711236610657,0.2931
0.01648515793267369,0.2932
0.01919596682689817,0.2933
0.022460443070487335,0.2934
0.02618627763769865,0.29350000000000004
0.030309909428654302,0.2936
0.034751326605877875,0.2937
0.03941579130125028,0.2938
0.044206324199193237,0.2939
0.04908445467785927,0.29400000000000004
0.05402617890164696,0.29410000000000003
0.058999209057021273,0.2942
0.06395756554145937,0.2943
0.06885456679822077,0.2944
0.0736542804131961,0.29450000000000004
0.07831933797156299,0.29460000000000003
0.08281869360489835,0.2947
0.08712397487052403,0.2948
0.09120868966517925,0.2949
0.09504970582191408,0.29500000000000004
0.09862571888980787,0.29510000000000003
0.10191794154275136,0.2952
0.10490335404642148,0.2953
0.10755177591053733,0.2954
0.10984882260336193,0.29550000000000004
0.11179689560687822,0.29560000000000003
0.1133929600254795,0.2957
0.11463161688251233,0.2958
0.11551005482333543,0.2959
0.11602518695127784,0.29600000000000004
0.11617516061947353,0.29610000000000003
0.11595912189963764,0.2962
0.1147569879652266,0.2963
0.11192640624581929,0.2964
0.10889585874992391,0.29650000000000004
0.10572096534351871,0.29660000000000003
0.10242585441813623,0.2967
0.09902648573216721,0.2968
0.09551594199104518,0.2969
0.09185154700206843,0.29700000000000004
0.08813287541651427,0.29710000000000003
0.08439504136333786,0.2972
0.08067064028905191,0.2973
0.07698899421217564,0.2974
0.0733773399078177,0.2975
0.06986120945937213,0.29760000000000003
0.06623318381602794,0.2977
0.06271929359709116,0.2978
0.059261775558094865,0.2979
0.05577748185148046,0.298
0.05245558132192185,0.29810000000000003
0.049326033668664504,0.2982
0.04611169408381355,0.2983
0.04302926562108156,0.2984
0.03978582028133726,0.2985
0.036762622742106954,0.29860000000000003
0.03371063638805527,0.2987
0.030811305190853622,0.2988
0.027918155964009594,0.2989
0.025233294513002713,0.299
0.02290484895690037,0.29910000000000003
0.0209830954436816,0.2992
0.01938684043380201,0.2993
0.017936970006736663,0.2994
0.016910326894816974,0.2995
0.016059903456334235,0.29960000000000003
0.015682074834353132,0.2997
0.015523790520638014,0.2998
0.0158899284210543,0.2999
0.0168154157944278,0.3
0.018323885298547005,0.30010000000000003
0.020404655551400586,0.3002
0.02303368019052865,0.3003
0.026165137455518295,0.3004
0.02974602522017289,0.3005
0.033714418628450815,0.30060000000000003
0.03800639195592437,0.3007
0.04252611344017265,0.3008
0.04717836396129349,0.3009
0.05192129416830249,0.301
0.05672633809559424,0.30110000000000003
0.06155770311080111,0.3012
0.0663671834706,0.3013
0.07110645465047072,0.3014
0.07573879589361088,0.3015
0.08022623135138596,0.30160000000000003
0.0845367314419384,0.3017
0.08864078018667376,0.3018
0.09251011005082255,0.3019
0.09612018798941802,0.302
0.09944951540178126,0.30210000000000004
0.10247323465492142,0.3022
0.10516097278304815,0.3023
0.10749815488934966,0.3024
0.1094871236661028,0.3025
0.11112457063266512,0.30260000000000004
0.11240427042833367,0.3027
0.11332291621684776,0.3028
0.11387690255063765,0.3029
0.11406418700680332,0.303
0.11388364983912824,0.30310000000000004
0.11334077851577784,0.3032
0.11141419860699686,0.3033
0.10838257328722933,0.3034
0.10518353713578277,0.3035
0.10186384494209089,0.30360000000000004
0.09843673820732224,0.3037
0.09483738513802809,0.3038
0.09115288388692855,0.3039
0.08741192705848022,0.304
0.08364602498128859,0.30410000000000004
0.07988676342317236,0.3042
0.07616418043319217,0.3043
0.0725059150821078,0.3044
0.06877311287908883,0.3045
0.06508505880216553,0.30460000000000004
0.061490733837682665,0.3047
0.05780628826488354,0.3048
0.054254854249962126,0.3049
0.05086669444429415,0.305
0.04746676338963973,0.30510000000000004
0.04410672416412531,0.3052
0.04066752161222076,0.3053
0.03734741987630352,0.3054
0.0340540863680554,0.3055
0.03083683203555454,0.30560000000000004
0.02761128290581505,0.3057
0.024559831245503316,0.3058
0.021837521960810014,0.3059
0.01949489636920121,0.306
0.017394864552112033,0.30610000000000004
0.015483111821800843,0.3062
0.014039067434426844,0.3063
0.012913718085433734,0.3064
0.012239918623262236,0.3065
0.012095922034895512,0.30660000000000004
0.01209357348002249,0.30670000000000003
0.012518999476984094,0.3068
0.01358008901556218,0.3069
0.015299041222207599,0.307
0.017653870556212814,0.30710000000000004
0.02059819209305913,0.30720000000000003
0.024044516779873515,0.3073
0.027932273155373055,0.3074
0.032181286403410114,0.3075
0.03672560417761539,0.30760000000000004
0.04146638321643836,0.30770000000000003
0.04630767935942415,0.3078
0.05121423286765103,0.3079
0.05616429328555328,0.308
0.061126735663303844,0.30810000000000004
0.06605757494853459,0.30820000000000003
0.07091060055805065,0.3083
0.07565199027948999,0.3084
0.08024578463383114,0.3085
0.08466201351283353,0.30860000000000004
0.08887363999260345,0.30870000000000003
0.09285444702957402,0.3088
0.0965818794624782,0.3089
0.10003486860884814,0.309
0.10319518191772237,0.30910000000000004
0.10604069727940146,0.30920000000000003
0.10854237763338948,0.3093
0.11068738699713221,0.3094
0.11247968051472257,0.3095
0.11391740953759122,0.30960000000000004
0.11499599395927318,0.30970000000000003
0.11571327129580233,0.3098
0.11606672970698251,0.3099
0.11605513314254423,0.31
0.11567825263097553,0.31010000000000004
0.11349037348560753,0.31020000000000003
0.11056325231371944,0.3103
0.1074656350290607,0.3104
0.10423644260096154,0.3105
0.1008935094798461,0.3106
0.0974550382767726,0.31070000000000003
0.09386141592694253,0.3108
0.09016766264733822,0.3109
0.08643481411166143,0.311
0.08269754805320684,0.3111
0.07898716530943939,0.31120000000000003
0.07533215800581428,0.3113
0.0717589433625404,0.3114
0.06818655679304919,0.3115
0.0646059538074385,0.3116
0.061156054432567,0.31170000000000003
0.05764309611524876,0.3118
0.054228080000276124,0.3119
0.05098927156819877,0.312
0.047851424201624804,0.3121
0.044658328996329155,0.31220000000000003
0.041494724065124666,0.3123
0.03834419188298721,0.3124
0.03535496567477159,0.3125
0.03230719820632788,0.3126
0.02943818034031631,0.31270000000000003
0.026575179340743382,0.3128
0.024036122878118515,0.3129
0.021881251648085076,0.313
0.02015166105728694,0.3131
0.018517496237334674,0.31320000000000003
0.01724904226839774,0.3133
0.016229470058467532,0.3134
0.015587454559700342,0.3135
0.015304871739841186,0.3136
0.0153957279493655,0.31370000000000003
0.016024755744808106,0.3138
0.017231394373789843,0.3139
0.019017543866499897,0.314
0.021370313400852492,0.3141
0.024252747662885765,0.31420000000000003
0.02761429537683191,0.3143
0.03139703543540029,0.3144
0.03553693800752766,0.3145
0.03994020193948922,0.3146
0.04451209820245916,0.31470000000000004
0.049207147271467244,0.3148
0.05399325278555023,0.3149
0.05883177259603101,0.315
0.0636726296889043,0.3151
0.06846565739998223,0.31520000000000004
0.07317187953778026,0.3153
0.0777516811355129,0.3154
0.08217152290761565,0.3155
0.08640060685831152,0.3156
0.09040954734803452,0.31570000000000004
0.09417251377852198,0.3158
0.09766597888024031,0.3159
0.10087006871356696,0.316
0.1037616641566812,0.3161
0.10631113928456026,0.31620000000000004
0.10850503859673566,0.3163
0.1103465511520001,0.3164
0.1118329365044648,0.3165
0.11295877182968517,0.3166
0.11372129851600621,0.31670000000000004
0.11411763385416096,0.3168
0.11414626589406995,0.3169
0.11380666173152543,0.317
0.11306036834877098,0.3171
0.11014759290557619,0.31720000000000004
0.10703116303779059,0.3173
0.10377853343273002,0.3174
0.1004184486551779,0.3175
0.09692662344212022,0.3176
0.09329234580016532,0.31770000000000004
0.08958305205412731,0.3178
0.08582959695265702,0.3179
0.08206425071534329,0.318
0.07831856364067902,0.3181
0.07462154202415883,0.31820000000000004
0.07096583044425042,0.3183
0.06722507164137548,0.3184
0.06358274970442801,0.3185
0.05994640845138566,0.3186
0.056314579705307954,0.31870000000000004
0.052828833191297164,0.31880000000000003
0.04951409995325773,0.3189
0.04605473349820466,0.319
0.042712817586658236,0.3191
0.039278230304841566,0.31920000000000004
0.03606003449783679,0.31930000000000003
0.03271938373972705,0.3194
0.02955613711895566,0.3195
0.02634065710962097,0.3196
0.023418731168505236,0.31970000000000004
0.020851133891979012,0.31980000000000003
0.018682754473088314,0.3199
0.01658794473327041,0.32
0.014844185350997963,0.3201
0.013459121335518187,0.32020000000000004
0.012498517799578002,0.32030000000000003
0.012074932249376502,0.3204
0.012054816479386554,0.3205
0.012295639806089387,0.3206
0.012986920823478743,0.32070000000000004
0.01431682197015749,0.32080000000000003
0.016302796270526887,0.3209
0.0189074572649377,0.321
0.022075858595830056,0.3211
0.02571748967136056,0.32120000000000004
0.029769849843811258,0.32130000000000003
0.034152775179796535,0.3214
0.0387716733856176,0.3215
0.04352933364941469,0.3216
0.048385430527409845,0.32170000000000004
0.05331420806608156,0.32180000000000003
0.05828209689940511,0.3219
0.06324227933138915,0.322
0.06814744105372061,0.3221
0.07296091342614253,0.32220000000000004
0.07764484662597715,0.32230000000000003
0.08216768109433681,0.3224
0.086500514043516,0.3225
0.0906163119286395,0.3226
0.09449133359691353,0.32270000000000004
0.09810370784677291,0.32280000000000003
0.10143415774798092,0.3229
0.1044592734279749,0.323
0.10714859019340939,0.3231
0.10948747525982816,0.32320000000000004
0.11147811031504673,0.32330000000000003
0.11311729030593709,0.3234
0.11439946389449807,0.3235
0.11532166839045854,0.3236
0.11588065295102168,0.32370000000000004
0.11607437655346797,0.32380000000000003
0.1159023844257594,0.3239
0.1150338899087322,0.324
0.11222645490022565,0.3241
0.10920978839350404,0.3242
0.10604563215906138,0.32430000000000003
0.102760635484202,0.3244
0.09937005318608949,0.3245
0.09587703854528329,0.3246
0.09221844466512485,0.3247
0.08850032666429275,0.32480000000000003
0.084757996471577,0.3249
0.08102493202985173,0.325
0.07733113329147034,0.3251
0.07370420613335771,0.3252
0.07016978700305476,0.32530000000000003
0.06653613106379097,0.3254
0.06300144736201041,0.3255
0.059537609727980056,0.3256
0.05603175451265763,0.3257
0.05268494091902132,0.32580000000000003
0.04952740871116079,0.3259
0.04630697020051988,0.326
0.04319687635747238,0.3261
0.03994633969917616,0.3262
0.0368924915570088,0.32630000000000003
0.033830921957614724,0.3264
0.030897740714201483,0.3265
0.027987630343531134,0.3266
0.025263230410662807,0.3267
0.02289035993443389,0.32680000000000003
0.020920789353426006,0.3269
0.019294959981016158,0.327
0.017797786925617398,0.3271
0.016731202772533482,0.3272
0.015832778967279415,0.32730000000000004
0.015406141855060174,0.3274
0.015213785717965722,0.3275
0.015533109661536093,0.3276
0.016412347957169837,0.3277
0.01787770748494588,0.32780000000000004
0.01992008336206541,0.3279
0.022516608598257326,0.328
0.025621828788851664,0.3281
0.029182523645395975,0.3282
0.0331365690456904,0.32830000000000004
0.03741965647114376,0.3284
0.0419358684906026,0.3285
0.04658984235756525,0.3286
0.05133923611650437,0.3287
0.05615503984000303,0.32880000000000004
0.06100114947074464,0.3289
0.06582915619931173,0.329
0.07059054733666237,0.3291
0.07524836568549365,0.3292
0.07976446434856899,0.32930000000000004
0.08410663887123782,0.3294
0.08824520845692874,0.3295
0.09215174610929089,0.3296
0.09580153479464593,0.3297
0.09917287750710946,0.32980000000000004
0.10224071745609775,0.3299
0.10497448227730743,0.33
0.10735933557740762,0.3301
0.109397307625963,0.3302
0.11108480866430581,0.33030000000000004
0.1124153506647877,0.3304
0.113385366138826,0.3305
0.11399100670651863,0.3306
0.11422999730755412,0.3307
0.11410161254577311,0.33080000000000004
0.11360538626659622,0.3309
0.1118870078562395,0.331
0.1088817913883523,0.3311
0.10570203625261843,0.3312
0.10239826233971305,0.33130000000000004
0.09899283351518062,0.33140000000000003
0.09542116450104965,0.3315
0.09174746537115297,0.3316
0.0880117892928668,0.3317
0.08424599010717526,0.33180000000000004
0.08048247548841059,0.33190000000000003
0.07675214815565556,0.332
0.07308309037929372,0.3321
0.06937908409433802,0.3322
0.0656769327829112,0.33230000000000004
0.06208631785441476,0.33240000000000003
0.058401362659427525,0.3325
0.05482612104618312,0.3326
0.05141085472020612,0.3327
0.04804051468733639,0.33280000000000004
0.04465574402250638,0.33290000000000003
0.041253530423591256,0.333
0.0379070669053545,0.3331
0.03465446983245957,0.3332
0.03140584900051935,0.33330000000000004
0.028217653036555657,0.33340000000000003
0.02512734306246256,0.3335
0.022355513331946852,0.3336
0.01995645653831679,0.3337
0.0178843658114205,0.33380000000000004
0.015917947097686458,0.33390000000000003
0.014404553290682243,0.334
0.013261148909233356,0.3341
0.012512821970382504,0.3342
0.012300699754215882,0.33430000000000004
0.012263600265018493,0.33440000000000003
0.01260205584688645,0.3345
0.013564399957783468,0.3346
0.015180582379317187,0.3347
0.01743429731354218,0.33480000000000004
0.020284486556549686,0.33490000000000003
0.023647169608133733,0.335
0.027462373845392296,0.3351
0.03165094754469999,0.3352
0.036146386353696824,0.33530000000000004
0.04084997348435593,0.33540000000000003
0.04566538738005055,0.3355
0.050555712873020076,0.3356
0.05549765324673617,0.3357
0.060458968640146105,0.33580000000000004
0.06539491919718554,0.33590000000000003
0.07025871752344914,0.336
0.07501583973521475,0.3361
0.07962982383378758,0.3362
0.08407017339533085,0.33630000000000004
0.08830933244295991,0.33640000000000003
0.09232061711424788,0.3365
0.09608099180986818,0.3366
0.09956897458454728,0.3367
0.1027659727854443,0.33680000000000004
0.10564955083686012,0.33690000000000003
0.10819040584308548,0.337
0.11037544569506619,0.3371
0.11220839340001942,0.3372
0.11368721063793796,0.3373
0.11480714474973475,0.33740000000000003
0.11556586196685092,0.3375
0.11596067194742465,0.3376
0.11599014850092626,0.3377
0.1156538610707607,0.3378
0.11379290533583486,0.33790000000000003
0.1108872311931004,0.338
0.10780141113509267,0.3381
0.10458035264014698,0.3382
0.10124420132940837,0.3383
0.09781044453432108,0.33840000000000003
0.09422931175120464,0.3385
0.09053762670465249,0.3386
0.08680294898077578,0.3387
0.08305996067178956,0.3388
0.07934028039070307,0.33890000000000003
0.07567264536392082,0.339
0.0720837684898904,0.3391
0.06851080699200396,0.3392
0.06491200396102514,0.3393
0.06144061832700465,0.33940000000000003
0.05792699479024921,0.3395
0.05448870176971643,0.3396
0.051223080347709615,0.3397
0.04808278217078121,0.3398
0.044861737144308966,0.33990000000000004
0.04169606468396592,0.34
0.03851475689360018,0.3401
0.03551723107335847,0.3402
0.03243503398609793,0.3403
0.02954940685915952,0.34040000000000004
0.02664717398340488,0.3405
0.024064231320423124,0.3406
0.021861697616092357,0.3407
0.020081699598675673,0.3408
0.01842091338539853,0.34090000000000004
0.017103006743819593,0.341
0.016045833555569766,0.3411
0.01535340756139103,0.3412
0.015035250691130209,0.3413
0.015076459418280841,0.34140000000000004
0.015655511432333347,0.3415
0.016814377576487072,0.3416
0.0185570550320604,0.3417
0.020871933908637175,0.3418
0.02372289507877512,0.34190000000000004
0.02705930407931567,0.342
0.03082315128900248,0.3421
0.03495003727534174,0.3422
0.039346082809600835,0.3423
0.043916398941881374,0.34240000000000004
0.048614909733428524,0.3425
0.0534089906970292,0.3426
0.05825969004793974,0.3427
0.06311675955795537,0.3428
0.06792986589124672,0.34290000000000004
0.07265978053580135,0.343
0.07726669103139538,0.3431
0.08171684632378706,0.3432
0.0859792421190897,0.3433
0.09002429739431783,0.34340000000000004
0.09382596148584454,0.3435
0.09736048016112275,0.3436
0.10060774284687701,0.3437
0.1035444044611028,0.3438
0.10614063390479844,0.34390000000000004
0.10838272789584757,0.34400000000000003
0.11027359602235665,0.3441
0.11181024682720364,0.3442
0.11298701454425386,0.3443
0.11380089328402132,0.34440000000000004
0.11424875943715496,0.34450000000000003
0.11432886598126446,0.3446
0.11404044772486965,0.3447
0.11338929408576115,0.3448
0.1106254472024697,0.34490000000000004
0.1075328628914084,0.34500000000000003
0.10429771745376115,0.3451
0.10095158886770217,0.3452
0.09749203122003025,0.3453
0.09386965547629378,0.34540000000000004
0.09016844848431638,0.34550000000000003
0.08641920635394429,0.3456
0.0826542432009243,0.3457
0.07890514874738852,0.3458
0.07520115162519658,0.34590000000000004
0.07156918903591347,0.34600000000000003
0.06782812242057601,0.3461
0.06417185345178433,0.3462
0.060570504578671636,0.3463
0.05692273054787034,0.34640000000000004
0.053415983064101,0.34650000000000003
0.050079577474604786,0.3466
0.04666312012176266,0.3467
0.04335878093995782,0.3468
0.039904634553622254,0.34690000000000004
0.036650391004172,0.34700000000000003
0.03335332435545446,0.3471
0.030209720877487634,0.3472
0.026992254633750434,0.3473
0.024024865124282035,0.34740000000000004
0.02140141696651865,0.34750000000000003
0.019169867553018083,0.3476
0.017110915921010994,0.3477
0.015315892940084064,0.3478
0.014001973721774474,0.34790000000000004
0.012968067549853801,0.34800000000000003
0.012434178188047484,0.3481
0.01238381909974895,0.3482
0.012524443688898712,0.3483
0.013098706110826086,0.34840000000000004
0.014309025283856247,0.34850000000000003
0.016170970275323437,0.3486
0.01865658546873239,0.3487
0.021715963469839616,0.3488
0.025260732891077442,0.34890000000000004
0.029230190332504513,0.34900000000000003
0.03354480512935698,0.3491
0.038109614077820986,0.3492
0.04282780609632497,0.3493
0.04765645308923272,0.34940000000000004
0.05256771960672957,0.34950000000000003
0.05752666506960824,0.3496
0.062485312224522804,0.3497
0.06739589223510511,0.3498
0.07222084490459102,0.34990000000000004
0.07692195292215986,0.35000000000000003
0.08146716819168909,0.3501
0.08582703167867811,0.3502
0.08997385231430088,0.3503
0.09388302309151375,0.3504
0.0975318474060407,0.35050000000000003
0.100900387788735,0.3506
0.10396484347287549,0.3507
0.10669459717671925,0.3508
0.10907495585417692,0.3509
0.11110802925958974,0.35100000000000003
0.11279054234899133,0.3511
0.11411685526735416,0.3512
0.11508392560513048,0.3513
0.11568842706280857,0.3514
0.11592821198726544,0.35150000000000003
0.11580265193794537,0.3516
0.11531141416717483,0.3517
0.11255325013137163,0.3518
0.10955255562076693,0.3519
0.1063998823425486,0.35200000000000004
0.10312490108402161,0.3521
0.09974223931379278,0.3522
0.09625867682089728,0.3523
0.09260525456527835,0.3524
0.08888837544321948,0.35250000000000004
0.08514323893088915,0.3526
0.08140370011279208,0.3527
0.0777001544240834,0.3528
0.07406057317365444,0.3529
0.07051076013680158,0.35300000000000004
0.06687712861544004,0.3531
0.06332557385679671,0.3532
0.05986337130294839,0.3533
0.056338446997110436,0.3534
0.052968696149881644,0.35350000000000004
0.04978507980446545,0.3536
0.04656982200992643,0.3537
0.04343339209785668,0.3538
0.04019005490717653,0.3539
0.037107004871874016,0.35400000000000004
0.034046222238015345,0.3541
0.031079119863610005,0.3542
0.02815839061893266,0.3543
0.025392866017640126,0.3544
0.022973019202763068,0.35450000000000004
0.02095276702016924,0.3546
0.019264464202630283,0.3547
0.017682522557368463,0.3548
0.01645282696042827,0.3549
0.015497040126858375,0.35500000000000004
0.01503361636837397,0.3551
0.014805602759222936,0.3552
0.015082475030948839,0.3553
0.015927149316735,0.3554
0.017355644238105983,0.35550000000000004
0.019367675188995293,0.3556
0.02193913288935967,0.3557
0.025024834631389048,0.3558
0.02857124303065972,0.3559
0.032516149551789386,0.35600000000000004
0.03679405320669349,0.3561
0.04130984329637388,0.3562
0.04596752793888581,0.3563
0.050724858731360456,0.3564
0.055552804571521675,0.35650000000000004
0.060414899266105215,0.35660000000000003
0.0652628890607777,0.3567
0.07004770315920572,0.3568
0.07473207468748844,0.3569
0.07927738378754656,0.35700000000000004
0.0836511635242373,0.35710000000000003
0.08782371318243354,0.3572
0.09176677734833594,0.3573
0.09545593563801003,0.3574
0.09886969913366495,0.35750000000000004
0.1019830676033957,0.35760000000000003
0.10476529700165405,0.3577
0.10720112940730953,0.3578
0.10929199366851716,0.3579
0.11103373455025323,0.35800000000000004
0.1124193363104059,0.35810000000000003
0.11344473621540185,0.3582
0.11410563568111343,0.3583
0.11439936020462294,0.3584
0.11432487049817897,0.35850000000000004
0.11388148807435439,0.35860000000000003
0.11235510847380481,0.3587
0.10937854012436132,0.3588
0.10622072318789055,0.3589
0.10293527933663582,0.35900000000000004
0.09954570918721539,0.35910000000000003
0.09601382164236427,0.3592
0.09235412036691071,0.3593
0.08862790232008255,0.3594
0.08486710244000395,0.35950000000000004
0.08110416887077798,0.35960000000000003
0.07736998339378875,0.3597
0.07369274170713969,0.3598
0.07002613175566319,0.3599
0.06631156477903954,0.36000000000000004
0.0627029647578976,0.36010000000000003
0.059054315374206245,0.3602
0.05545910198715398,0.3603
0.05201864074369311,0.3604
0.04868941982815822,0.36050000000000004
0.045278992436067256,0.36060000000000003
0.04191804737136007,0.3607
0.0385405508409391,0.3608
0.03532489413932849,0.3609
0.03203822381020749,0.36100000000000004
0.02887939769041936,0.36110000000000003
0.02574359980310481,0.3612
0.022915731485661617,0.3613
0.02045335689559802,0.3614
0.01839920251007987,0.36150000000000004
0.016374513289531212,0.36160000000000003
0.014785772835650635,0.3617
0.013620452526219351,0.3618
0.012790912319617487,0.3619
0.012484639411271203,0.36200000000000004
0.012428032534089972,0.36210000000000003
0.012673683322636409,0.3622
0.01352906699811629,0.3623
0.015033388562587513,0.3624
0.017176374852267307,0.36250000000000004
0.019922973889295648,0.36260000000000003
0.023193484661147012,0.3627
0.026928312201687676,0.3628
0.03104969595946039,0.3629
0.03549045393002537,0.36300000000000004
0.04015204804195349,0.36310000000000003
0.044937814922719754,0.3632
0.04980905558795712,0.3633
0.05474085205304724,0.3634
0.05969980120076834,0.3635
0.0646403629592458,0.36360000000000003
0.0695151581657063,0.3637
0.07428890528600496,0.3638
0.0789246063947241,0.3639
0.08339120771501751,0.364
0.08766059887504574,0.36410000000000003
0.09170560892345736,0.3642
0.09550269209117301,0.3643
0.09902992547194989,0.3644
0.1022683221805748,0.3645
0.10519509356078105,0.36460000000000004
0.10778062967825242,0.3647
0.11001153152150334,0.3648
0.11189123814225355,0.3649
0.1134174856428658,0.365
0.11458532795248999,0.36510000000000004
0.1153922489153627,0.3652
0.11583537170146296,0.3653
0.11591306759260323,0.3654
0.11562468338956888,0.3655
0.11413088762933277,0.36560000000000004
0.11125061604238284,0.3657
0.10817966009163826,0.3658
0.10496952942685656,0.3659
0.10164288143539546,0.366
0.0982163682462811,0.36610000000000004
0.09465133865753639,0.3662
0.09096428201197881,0.3663
0.08722991020886217,0.3664
0.08348303591250616,0.3665
0.07975585938391494,0.36660000000000004
0.07607750357003962,0.3667
0.07247476336619574,0.3668
0.06890847721393545,0.3669
0.06529147735143204,0.367
0.06179673476539027,0.36710000000000004
0.058282094431717946,0.3672
0.054816448645754745,0.3673
0.0515196647447147,0.3674
0.04837437207598261,0.3675
0.04512224071836113,0.36760000000000004
0.04195551535740627,0.3677
0.038741974983659055,0.3678
0.03574172498815509,0.3679
0.03262411593771963,0.368
0.02972960734958585,0.36810000000000004
0.02678617283097373,0.3682
0.024155931490897897,0.3683
0.02190128273151659,0.3684
0.02006556619350719,0.3685
0.018383574785655776,0.36860000000000004
0.017009902904547847,0.3687
0.015911653179658813,0.3688
0.015160419220858756,0.3689
0.014802572808209957,0.369
0.014784994474879243,0.36910000000000004
0.015303710995677955,0.36920000000000003
0.016403536669442165,0.3693
0.018091034598756384,0.3694
0.020356302909370072,0.3695
0.023164579231566673,0.36960000000000004
0.026465420096968284,0.36970000000000003
0.030200971909239316,0.3698
0.034306559291124694,0.3699
0.038716332708796486,0.37
0.04333359730788788,0.37010000000000004
0.0480623093658501,0.37020000000000003
0.05286342418237777,0.3703
0.057711065755526425,0.3704
0.06257151934655303,0.3705
0.06739825233321162,0.37060000000000004
0.07214400085217987,0.37070000000000003
0.07677347235524057,0.3708
0.08124946740100569,0.3709
0.08554083569396054,0.371
0.08961893199956317,0.37110000000000004
0.09345646537688079,0.37120000000000003
0.09703008973524163,0.3713
0.10031946103731959,0.3714
0.10330068435218676,0.3715
0.10594401331089331,0.37160000000000004
0.10823523103734689,0.37170000000000003
0.11017686056336284,0.3718
0.11176564723867011,0.3719
0.11299540224091242,0.372
0.11386291450925068,0.37210000000000004
0.11436468996852567,0.37220000000000003
0.114498820785082,0.3723
0.1142643526838768,0.3724
0.11366694850796266,0.3725
0.11112499408141552,0.37260000000000004
0.10806161712553464,0.37270000000000003
0.10484764009777159,0.3728
0.1015180718720331,0.3729
0.09808933611229176,0.373
0.09448336767947141,0.37310000000000004
0.09079026925761147,0.37320000000000003
0.08704455250084375,0.3733
0.08327892245876645,0.3734
0.07952526804248705,0.3735
0.07581316372118785,0.37360000000000004
0.07216974125013209,0.37370000000000003
0.06846211512835221,0.3738
0.06479208885453314,0.3739
0.06122373539726822,0.374
0.057558307119209395,0.37410000000000004
0.05402872108611412,0.37420000000000003
0.050665830513191956,0.3743
0.04729175914593342,0.3744
0.04396063766589986,0.3745
0.04054944300050711,0.37460000000000004
0.037262315674014834,0.37470000000000003
0.03400353717039484,0.3748
0.030820135890678335,0.3749
0.02763271449844118,0.375
0.024618281407725817,0.37510000000000004
0.021936819851748668,0.37520000000000003
0.019639872678149928,0.3753
0.01759995178378082,0.3754
0.015741666091437123,0.3755
0.014352765056681038,0.37560000000000004
0.013289235541439792,0.37570000000000003
0.012671296300104107,0.3758
0.012587391131119174,0.3759
0.012637400745413307,0.376
0.01311104730670154,0.37610000000000005
0.014214112679792557,0.37620000000000003
0.015967219793505905,0.3763
0.018348068966832054,0.3764
0.02131120043664425,0.3765
0.02477046623462087,0.3766
0.02866651004267795,0.37670000000000003
0.03292007159624588,0.3768
0.03743662317839691,0.3769
0.042119355868117214,0.377
0.046923659959898556,0.3771
0.051820020858005744,0.37720000000000004
0.05677231149687878,0.3773
0.061731787098690094,0.3774
0.06665003989173401,0.3775
0.07148871772597154,0.3776
0.0762090267140253,0.37770000000000004
0.08077833209175678,0.3778
0.08516662473800851,0.3779
0.08934571346475317,0.378
0.09329046088854565,0.3781
0.09697766879042224,0.37820000000000004
0.10038693200602888,0.3783
0.10349403692692716,0.3784
0.10626803867176182,0.3785
0.10869393442662767,0.3786
0.1107735527849053,0.37870000000000004
0.11250341132001329,0.3788
0.11387768764129591,0.3789
0.11489315049973947,0.379
0.11554626867048234,0.3791
0.11583467015468385,0.37920000000000004
0.11575748764691485,0.3793
0.11531413995735551,0.3794
0.11290035237339169,0.3795
0.10992489119781113,0.3796
0.10678707537043697,0.37970000000000004
0.10352291994437046,0.3798
0.10014948296535864,0.3799
0.09668365532776868,0.38
0.09303778005286545,0.3801
0.08932466190045396,0.38020000000000004
0.0855791319346908,0.3803
0.08183500092800755,0.3804
0.07812290243131836,0.3805
0.07447106897050104,0.3806
0.07090557131445485,0.38070000000000004
0.06727896212766538,0.3808
0.06370885596210452,0.3809
0.060252162761355144,0.381
0.05670526461844494,0.3811
0.053309348745387064,0.38120000000000004
0.05009626456419736,0.38130000000000003
0.04688710140412722,0.3814
0.04372028666971506,0.3815
0.04048302436005291,0.3816
0.03736578299171445,0.38170000000000004
0.03430406798377894,0.38180000000000003
0.03129812616770744,0.3819
0.028366477812652002,0.382
0.02555597965226175,0.3821
0.023084799809725443,0.38220000000000004
0.02100833430455329,0.38230000000000003
0.019292729062315273,0.3824
0.017654240815248468,0.3825
0.016381682986117196,0.3826
0.015366179755893938,0.38270000000000004
0.014839752883172075,0.38280000000000003
0.014574244643745349,0.3829
0.014789744845939312,0.383
0.0155711607282627,0.3831
0.01693836340818078,0.38320000000000004
0.018893249103909104,0.38330000000000003
0.021413818684190122,0.3834
0.024455908313621766,0.3835
0.027966031078437537,0.3836
0.03188211710960842,0.38370000000000004
0.0361383507470312,0.38380000000000003
0.04063968586474753,0.3839
0.045290053833002775,0.384
0.050046502123821446,0.3841
0.05487936256587145,0.38420000000000004
0.0597517320334896,0.38430000000000003
0.06461507627539653,0.3844
0.06942006782983356,0.3845
0.0741290724721263,0.3846
0.07870318352507699,0.38470000000000004
0.08310962128839594,0.38480000000000003
0.08731838255646174,0.3849
0.0913009324439975,0.385
0.09503255830505764,0.3851
0.09849086470181345,0.38520000000000004
0.10165700516677101,0.38530000000000003
0.10450862066261768,0.3854
0.10701652581944376,0.3855
0.10916752274752983,0.3856
0.11096496227295438,0.38570000000000004
0.11240615369666651,0.38580000000000003
0.11348570018483062,0.3859
0.1142008678998635,0.386
0.11454881497246783,0.3861
0.11452812013956626,0.38620000000000004
0.1141384213089065,0.38630000000000003
0.11281323665666942,0.3864
0.10986849902871265,0.3865
0.10673543402883556,0.3866
0.10347089436057388,0.38670000000000004
0.1000995210246558,0.38680000000000003
0.09660840871549792,0.3869
0.09296434450303348,0.387
0.08924874668322313,0.3871
0.08549371120725824,0.38720000000000004
0.08173189169255313,0.38730000000000003
0.07799436479950062,0.3874
0.07430964277956698,0.3875
0.07067989480508596,0.3876
0.06695465760920638,0.38770000000000004
0.06333040200793982,0.38780000000000003
0.0597201500274569,0.3879
0.056107830481191945,0.388
0.052644582945414964,0.3881
0.04935808521028662,0.38820000000000005
0.04592283660207208,0.38830000000000003
0.04260318840992605,0.3884
0.0391930684313726,0.3885
0.03600158262002462,0.3886
0.032687006556126,0.38870000000000005
0.029571277769364412,0.38880000000000003
0.026392943379183853,0.3889
0.023510161165051224,0.389
0.02098402071519212,0.3891
0.018859816964868825,0.38920000000000005
0.016868653448515847,0.38930000000000003
0.015210121930476994,0.3894
0.014009220969429803,0.3895
0.013093529314363916,0.3896
0.012688949475613276,0.38970000000000005
0.012717092210878356,0.38980000000000004
0.012989440867657853,0.3899
0.013698006489065273,0.39
0.015041906966776875,0.3901
0.01703083502699232,0.3902
0.0196312402018477,0.39030000000000004
0.022790640400149886,0.3904
0.026420565859200495,0.3905
0.030459690669174755,0.3906
0.03482961221232905,0.3907
0.039435078981633565,0.39080000000000004
0.044179488780863085,0.3909
0.0490214855907547,0.391
0.05393432888275451,0.3911
0.058884091087899826,0.3912
0.06382325928574728,0.39130000000000004
0.0687047389091886,0.3914
0.07349179247382354,0.3915
0.07814678638920258,0.3916
0.08263817400047369,0.3917
0.08693683904381022,0.39180000000000004
0.0910153836965707,0.3919
0.09484959172928575,0.392
0.09841725940818213,0.3921
0.10169901612011145,0.3922
0.10467161230557742,0.39230000000000004
0.10730489646476382,0.3924
0.10958477655769017,0.3925
0.11151407839660876,0.3926
0.1130901766307808,0.3927
0.11430805742810501,0.39280000000000004
0.11516530090264498,0.3929
0.1156591526544648,0.393
0.1157879751655223,0.3931
0.11555097523210933,0.3932
0.11448314021339523,0.39330000000000004
0.11163361164527219,0.3934
0.10858163940197885,0.3935
0.1053860267750989,0.3936
0.10207218841339816,0.3937
0.09865579963522575,0.39380000000000004
0.09510515680889331,0.39390000000000003
0.09142465762801788,0.394
0.08769206172544952,0.3941
0.08394208984217988,0.3942
0.08020734943088381,0.39430000000000004
0.07651736959224276,0.39440000000000003
0.07289940528039307,0.3945
0.06933349785550358,0.3946
0.06569923704192882,0.3947
0.0621840097410834,0.39480000000000004
0.058674870435909465,0.39490000000000003
0.05518887210812329,0.395
0.05186714491058475,0.3951
0.048728027848965905,0.3952
0.04544783399226282,0.39530000000000004
0.04228625736988789,0.39540000000000003
0.03904128814187069,0.3955
0.03602477916566471,0.3956
0.032890625333714674,0.3957
0.02999206066824467,0.39580000000000004
0.027007737084720373,0.39590000000000003
0.024329179485980346,0.396
0.022020561470220024,0.3961
0.02012627939621492,0.3962
0.018424952688258944,0.39630000000000004
0.016992609221568644,0.39640000000000003
0.01585262636249829,0.3965
0.015038196278358562,0.3966
0.014638289466785581,0.3967
0.014555921375775105,0.39680000000000004
0.01500660841066681,0.39690000000000003
0.016038164616275496,0.397
0.017660096924766,0.3971
0.01986472336595435,0.3972
0.022619230036957205,0.39730000000000004
0.02587375750588028,0.39740000000000003
0.02957090224995018,0.3975
0.03364585000858922,0.3976
0.03803255755562063,0.3977
0.04263433455976018,0.39780000000000004
0.047355013364412724,0.39790000000000003
0.052154866956265256,0.398
0.05700736260959394,0.3981
0.06187831455410708,0.3982
0.06672088165227108,0.39830000000000004
0.07148748845088526,0.39840000000000003
0.07614246580166195,0.3985
0.08064833415828332,0.3986
0.08497365444982385,0.3987
0.08908950939006188,0.39880000000000004
0.0929683258202979,0.39890000000000003
0.09658643661898425,0.399
0.09992316209332086,0.3991
0.10295429665368183,0.3992
0.10564982322067584,0.39930000000000004
0.107995209605253,0.39940000000000003
0.10999262353019235,0.3995
0.11163851079255815,0.3996
0.11292640860902103,0.3997
0.11385282586149459,0.39980000000000004
0.1144140008494734,0.39990000000000003
0.1146077612455143,0.4
0.11443350729523272,0.4001
0.11389094985908399,0.4002
0.11163511785964708,0.40030000000000004
0.10860422998740715,0.40040000000000003
0.10541340530513044,0.4005
0.10210289464684497,0.4006
0.09869106908249792,0.4007
0.0951230960522832,0.40080000000000005
0.09144366217718902,0.40090000000000003
0.08770527825639929,0.401
0.08394092008475029,0.4011
0.08018321866089584,0.4012
0.07646241572945,0.40130000000000005
0.07280603217182746,0.40140000000000003
0.06912275240041477,0.4015
0.06543598167102982,0.4016
0.06186433674317093,0.4017
0.05820545193246618,0.40180000000000005
0.054653283311121736,0.40190000000000003
0.051263656561824744,0.402
0.04792708661412437,0.4021
0.044570553694402326,0.4022
0.04120303915318946,0.40230000000000005
0.03788513833563245,0.40240000000000004
0.034667225376575184,0.4025
0.03144846290115222,0.4026
0.02831283322838707,0.4027
0.025257203294132058,0.40280000000000005
0.022520777073937293,0.40290000000000004
0.020159153496275284,0.403
0.01814968408276929,0.4031
0.016224954707863226,0.4032
0.014752976398203499,0.4033
0.013661689816342637,0.40340000000000004
0.012955781690938917,0.4035
0.012782970852196929,0.4036
0.012797125748693183,0.4037
0.013170417516570332,0.4038
0.014159921236493789,0.40390000000000004
0.01579519892479264,0.404
0.018060168323211334,0.4041
0.02091513653509347,0.4042
0.024277995127319763,0.4043
0.02808993479029387,0.40440000000000004
0.03227303258088332,0.4045
0.03676134496633954,0.4046
0.04145649655274353,0.4047
0.04626218009621841,0.4048
0.05114106998299328,0.40490000000000004
0.056069371581969785,0.405
0.06101439926147634,0.4051
0.06593110916828993,0.4052
0.07077256781803865,0.4053
0.07550417637683804,0.40540000000000004
0.08008947150358403,0.4055
0.08449800189595802,0.4056
0.08870228662209334,0.4057
0.09267574946324852,0.4058
0.09639546311275093,0.40590000000000004
0.09984068593790218,0.406
0.1029865543529015,0.4061
0.10580212448182036,0.4062
0.1082717891251832,0.4063
0.11039691543674546,0.40640000000000004
0.11217372436142536,0.40650000000000003
0.11359587686544736,0.4066
0.11465998757559492,0.4067
0.1153622248401347,0.4068
0.11570012943782138,0.40690000000000004
0.11567270760945092,0.40700000000000003
0.11527925126458427,0.4071
0.11326297987689249,0.4072
0.11031840471398391,0.4073
0.10720007680470289,0.40740000000000004
0.10395075725417702,0.40750000000000003
0.10058984819009464,0.4076
0.09713522070455727,0.4077
0.09350316185726282,0.4078
0.08979480834939335,0.40790000000000004
0.08604933000642934,0.40800000000000003
0.08230073959760908,0.4081
0.07858011702713408,0.4082
0.0749159702135499,0.4083
0.07133462458252804,0.40840000000000004
0.06771006201381391,0.40850000000000003
0.06412125887628661,0.4086
0.060664898436395776,0.4087
0.05709634491630178,0.4088
0.05367458590085383,0.40890000000000004
0.05043211678360038,0.40900000000000003
0.04722557560938623,0.4091
0.04402863299985782,0.4092
0.040796149571525,0.4093
0.03764565951715726,0.40940000000000004
0.034584410187641135,0.40950000000000003
0.031541266456611705,0.4096
0.028602658415235238,0.4097
0.025749228658229706,0.4098
0.02322837071999606,0.40990000000000004
0.021096877903527655,0.41000000000000003
0.01936038294344633,0.4101
0.01767555817510691,0.4102
0.01643323860542978,0.4103
0.015386703443523109,0.41040000000000004
0.014784192295504761,0.41050000000000003
0.014484269594712051,0.4106
0.014628436435879522,0.4107
0.01532828321431734,0.4108
0.016619378602884538,0.41090000000000004
0.018499443804787852,0.41100000000000003
0.02095146156161909,0.4111
0.023932963855321843,0.4112
0.027390365548199513,0.4113
0.03126240931069546,0.41140000000000004
0.03548349094601133,0.41150000000000003
0.03995821039786507,0.4116
0.04459110391993559,0.4117
0.049337872185871046,0.4118
0.0541679610513679,0.41190000000000004
0.05904392987668805,0.41200000000000003
0.06391662302625767,0.4121
0.06873661901131434,0.4122
0.07346579741898884,0.4123
0.0780651439920308,0.41240000000000004
0.0825016462571947,0.41250000000000003
0.08674498407682629,0.4126
0.09076619541356079,0.4127
0.0945399532226242,0.4128
0.09804324751764526,0.41290000000000004
0.1012567016881698,0.41300000000000003
0.10415762048685584,0.4131
0.10671665721194079,0.4132
0.10892048534035603,0.4133
0.11077228327897315,0.41340000000000005
0.11226920226071635,0.41350000000000003
0.11340566796830798,0.4136
0.11417875759945562,0.4137
0.11458544048665509,0.4138
0.11462408616469666,0.41390000000000005
0.1142940794008872,0.41400000000000003
0.11329907417725216,0.4141
0.11038872812010714,0.4142
0.10727967115332682,0.4143
0.10403438156184885,0.41440000000000005
0.10067966180785892,0.41450000000000004
0.0972171836023139,0.4146
0.09358723985981177,0.4147
0.08988116185219097,0.4148
0.08613088000292635,0.41490000000000005
0.08236916802121885,0.41500000000000004
0.07862744710546044,0.4151
0.0749346011009615,0.4152
0.07131717651963054,0.4153
0.06759615689861764,0.41540000000000005
0.06395744132294001,0.41550000000000004
0.0603783559740636,0.4156
0.05674968899291244,0.4157
0.05326461799763149,0.4158
0.049952788047196384,0.41590000000000005
0.04656141398835212,0.41600000000000004
0.04328307973943013,0.4161
0.039850938975785954,0.4162
0.036623848397391745,0.4163
0.033352675349350935,0.4164
0.030238337885623245,0.41650000000000004
0.02705320778387721,0.4166
0.02411956890285416,0.4167
0.021533086168996407,0.4168
0.019342010273920573,0.4169
0.017335564818389937,0.41700000000000004
0.015585618424016623,0.4171
0.014320234806844967,0.4172
0.013333382582305209,0.4173
0.012843073302022834,0.4174
0.012841262316409807,0.41750000000000004
0.013021892265808965,0.4176
0.013631748360186657,0.4177
0.014871469525443048,0.4178
0.016755561946951714,0.4179
0.01925623284650113,0.41800000000000004
0.02232468425226375,0.4181
0.025873864432023108,0.4182
0.029844178424577095,0.4183
0.034156846604865176,0.4184
0.038717322774813434,0.41850000000000004
0.04342898442841636,0.4186
0.04824887962263502,0.4187
0.05314899128310624,0.4188
0.05809414187713413,0.4189
0.06303613751618642,0.41900000000000004
0.06792707672796505,0.41910000000000003
0.07272933515228741,0.4192
0.07740467684303642,0.4193
0.08192107151279304,0.4194
0.08624909168583395,0.41950000000000004
0.0903610855964464,0.41960000000000003
0.09423248962434827,0.4197
0.0978406612893461,0.4198
0.10116574168254333,0.4199
0.1041840103781353,0.42000000000000004
0.10686493808345143,0.42010000000000003
0.10919404254019383,0.4202
0.11117375361411452,0.4203
0.11280110404166,0.4204
0.11407076344457934,0.42050000000000004
0.11498001711715511,0.42060000000000003
0.11552585502500556,0.4207
0.11570643038630646,0.4208
0.11552077626641943,0.4209
0.11483103994697508,0.42100000000000004
0.11201340346022637,0.42110000000000003
0.10898269860483223,0.4212
0.10580424564542912,0.4213
0.10250593442829536,0.4214
0.09910256946660057,0.42150000000000004
0.09557465694310951,0.42160000000000003
0.0919038611593549,0.4217
0.08817599984855362,0.4218
0.08442569559477786,0.4219
0.08068585076540458,0.42200000000000004
0.07698625880296583,0.42210000000000003
0.07335454781693251,0.4222
0.06979382110925669,0.4223
0.06614208716505099,0.4224
0.06260523329316059,0.42250000000000004
0.059100109805479306,0.42260000000000003
0.05559049359661605,0.4227
0.05224083643595634,0.4228
0.04908013807234002,0.4229
0.04579710670205395,0.42300000000000004
0.042642438953122364,0.42310000000000003
0.03936533843542689,0.4232
0.036311097890319166,0.4233
0.03318044658074859,0.4234
0.030249108268080693,0.42350000000000004
0.02725255355427314,0.42360000000000003
0.024526194332437745,0.4237
0.022162242705066504,0.4238
0.02020733189598456,0.4239
0.018488343024611886,0.42400000000000004
0.017007503606287777,0.42410000000000003
0.01599890226142686,0.4242
0.015238464144136543,0.4243
0.014892778674412854,0.4244
0.014717393182199556,0.42450000000000004
0.015041656991670704,0.42460000000000003
0.015948145961903304,0.4247
0.017461117111123636,0.4248
0.019560360174661673,0.4249
0.022222627659752137,0.42500000000000004
0.025392465711036705,0.42510000000000003
0.02901590028448897,0.4252
0.033028066895369745,0.4253
0.03736329890339962,0.4254
0.04192537562733745,0.42550000000000004
0.04661844071983179,0.42560000000000003
0.051400875771673515,0.4257
0.05624502798186759,0.4258
0.061115309460859635,0.4259
0.06596410569754174,0.42600000000000005
0.07074331062783701,0.42610000000000003
0.0754165228043161,0.4262
0.07994626858509601,0.4263
0.08430099692250581,0.4264
0.08845182941460772,0.42650000000000005
0.09237087364924823,0.42660000000000003
0.09603365921235352,0.4267
0.09941833567735958,0.4268
0.10249944451981885,0.4269
0.10524603753482242,0.42700000000000005
0.10764310286639667,0.42710000000000004
0.10969278137125882,0.4272
0.11139180054520548,0.4273
0.1127340216172088,0.4274
0.11371612845846457,0.42750000000000005
0.11433441433282776,0.42760000000000004
0.11458668819487183,0.4277
0.11447230811503817,0.4278
0.11399088728470219,0.4279
0.11215066788869399,0.42800000000000005
0.1091555968073562,0.42810000000000004
0.10598742257989102,0.4282
0.10269387554658116,0.4283
0.09929627183291445,0.4284
0.0957488628021601,0.42850000000000005
0.09208037099978894,0.42860000000000004
0.08834801332018227,0.4287
0.0845845048159114,0.4288
0.08082281818569692,0.4289
0.07709407266056278,0.42900000000000005
0.07342659770471605,0.42910000000000004
0.06976303650977866,0.4292
0.06606482186883533,0.4293
0.062476876307791196,0.4294
0.058841902379344724,0.4295
0.05527107242181484,0.42960000000000004
0.05185734890610472,0.4297
0.04855160381967316,0.4298
0.04517116497937179,0.4299
0.04184350327385378,0.43
0.03849915247569147,0.43010000000000004
0.03532476514826133,0.4302
0.032074569839287026,0.4303
0.02897751958622896,0.4304
0.02588243727627826,0.4305
0.023094993831539012,0.43060000000000004
0.020673660472916966,0.4307
0.018661836994070535,0.4308
0.01669726848180919,0.4309
0.015149900907239777,0.431
0.014028069176981628,0.43110000000000004
0.013237162843541705,0.4312
0.012966722450026946,0.4313
0.012953252527142078,0.4314
0.013230304301127038,0.4315
0.014110407372921907,0.43160000000000004
0.01563165635441499,0.43170000000000003
0.017783655933184317,0.4318
0.020532444577346265,0.4319
0.023800097740059645,0.432
0.02752835099662332,0.43210000000000004
0.031640648677978556,0.43220000000000003
0.036070489137423944,0.4323
0.04071977571006036,0.4324
0.04549202094768878,0.4325
0.05034827287279531,0.43260000000000004
0.055263250676647724,0.43270000000000003
0.06020323095199376,0.4328
0.0651224631570716,0.4329
0.06997346586066977,0.433
0.07472088417855904,0.43310000000000004
0.07932768855574501,0.43320000000000003
0.08376281630390614,0.4333
0.08799816796389681,0.4334
0.09200661229858142,0.4335
0.09576465502976417,0.43360000000000004
0.09925044484496348,0.43370000000000003
0.10244509417439662,0.4338
0.1053259258710173,0.4339
0.10786346203390851,0.434
0.11004452002466525,0.43410000000000004
0.11187282834863443,0.43420000000000003
0.11334640869155477,0.4343
0.11446060536489722,0.4344
0.11521320470687357,0.4345
0.11560162111316885,0.43460000000000004
0.11562450108506495,0.43470000000000003
0.11528145055873817,0.4348
0.11362322654701607,0.4349
0.11071328368668498,0.435
0.10761894140225492,0.43510000000000004
0.10438922602285627,0.43520000000000003
0.10104589063595115,0.4353
0.09760591474765101,0.4354
0.09400055169726851,0.4355
0.09030271723228578,0.43560000000000004
0.08656231430474737,0.43570000000000003
0.08281356062016898,0.4358
0.07908816937464358,0.4359
0.07541509675919011,0.436
0.07182089937591662,0.43610000000000004
0.06820573899364168,0.43620000000000003
0.06459897472416731,0.4363
0.06111978381746486,0.4364
0.05755074084585998,0.4365
0.0541011787222192,0.43660000000000004
0.05082633242245449,0.43670000000000003
0.047615474784171496,0.4368
0.04438546151573575,0.4369
0.041152652467280504,0.437
0.037967480365434625,0.43710000000000004
0.034905793641497374,0.43720000000000003
0.031824686288919324,0.4373
0.02888099359180285,0.4374
0.025983606652893343,0.4375
0.02341163989529793,0.43760000000000004
0.021223495651521818,0.43770000000000003
0.019459762194618424,0.4378
0.017725292460367692,0.4379
0.01641985831629489,0.438
0.015413675292858198,0.43810000000000004
0.014783350738466705,0.43820000000000003
0.014480466471898268,0.4383
0.014537796698491201,0.4384
0.015140250865265381,0.4385
0.01634759781300832,0.43860000000000005
0.018141666482304863,0.43870000000000003
0.02051962159978915,0.4388
0.02343333264615577,0.4389
0.026831457069959486,0.439
0.030653518921368805,0.43910000000000005
0.03483328497743199,0.43920000000000003
0.039275873868316324,0.4393
0.043886503071736804,0.4394
0.04861904026901631,0.4395
0.053442613882527024,0.43960000000000005
0.05831872236900315,0.43970000000000004
0.06319780180735746,0.4398
0.06803018826714813,0.4399
0.07277694493572184,0.44
0.07739890747170197,0.44010000000000005
0.08186262454193227,0.44020000000000004
0.08613763888840675,0.4403
0.09019480348569708,0.4404
0.09400846751124803,0.4405
0.09755515393729197,0.44060000000000005
0.10081485121569334,0.44070000000000004
0.10376424994009159,0.4408
0.10637354686805556,0.4409
0.1086291189671531,0.441
0.11053398025243644,0.44110000000000005
0.11208525268810587,0.44120000000000004
0.11327731198288182,0.4413
0.11410711837883569,0.4414
0.11457146862671319,0.4415
0.11466854573164487,0.44160000000000005
0.1143975469224141,0.44170000000000004
0.11376425045361782,0.4418
0.11091125096044341,0.4419
0.10782822430867711,0.442
0.10460336008876647,0.44210000000000005
0.10126624977269427,0.44220000000000004
0.09782895060119412,0.4423
0.09421373924561793,0.4424
0.09051769318926273,0.4425
0.0867723188615589,0.44260000000000005
0.08301036411765561,0.44270000000000004
0.07926358579441217,0.4428
0.07556129682205115,0.4429
0.07193049944306518,0.443
0.06822976775512068,0.4431
0.06457594089502172,0.44320000000000004
0.061019861092431404,0.4433
0.057374204249363014,0.4434
0.053867276450436874,0.4435
0.05052979719799722,0.4436
0.04717685554661588,0.44370000000000004
0.04387347806313069,0.44380000000000003
0.040485162336320046,0.4439
0.03722726739838622,0.444
0.033996879990808804,0.4441
0.030847902563104324,0.44420000000000004
0.027715172114310294,0.44430000000000003
0.024741181211668906,0.4444
0.022099715778639784,0.4445
0.01984301209503414,0.4446
0.01786403825157379,0.44470000000000004
0.01604584185585156,0.44480000000000003
0.014695396286849904,0.4449
0.013678017347062754,0.445
0.013098259796784806,0.4451
0.013059550347217286,0.44520000000000004
0.013144040791961409,0.44530000000000003
0.013647138487943078,0.4454
0.014772786071088229,0.4455
0.016540647206846337,0.4456
0.018928760270399136,0.44570000000000004
0.021892937650405564,0.44580000000000003
0.025348672633801694,0.4459
0.029237929786212202,0.446
0.03348246164723889,0.4461
0.03798837968968716,0.44620000000000004
0.042659214876366036,0.44630000000000003
0.04745030968728492,0.4464
0.05233186818508506,0.4465
0.05726744483859769,0.4466
0.06220802082916621,0.44670000000000004
0.0671050144294234,0.44680000000000003
0.07191994308244054,0.4469
0.07661392807646594,0.447
0.0811542824117989,0.4471
0.08551099330384249,0.44720000000000004
0.08965592643645204,0.44730000000000003
0.0935640512355208,0.4474
0.09721230974931983,0.4475
0.10058045074792232,0.4476
0.10364439065080477,0.44770000000000004
0.10637328875190999,0.44780000000000003
0.10875231544069852,0.4479
0.11078354063797591,0.448
0.11246371080373296,0.4481
0.1137872414165988,0.44820000000000004
0.11475116930412543,0.44830000000000003
0.115352240167784,0.4484
0.11558836364863345,0.4485
0.11545894969000103,0.4486
0.11496368538734925,0.44870000000000004
0.11241999882055809,0.44880000000000003
0.10941699494559953,0.4489
0.10625718350445068,0.449
0.10297464158881942,0.4491
0.09958572603911853,0.44920000000000004
0.09607995996367635,0.44930000000000003
0.09242091426236232,0.4494
0.08869890616130693,0.4495
0.08494833359784748,0.4496
0.08120268684112097,0.44970000000000004
0.07749246403623433,0.44980000000000003
0.07384572030244085,0.4499
0.07028313770569705,0.45
0.06661215815119392,0.4501
0.06305220037572434,0.45020000000000004
0.05954454138159315,0.45030000000000003
0.05601147524723338,0.4504
0.05263471663435837,0.4505
0.04944397264691269,0.4506
0.04617024574038964,0.45070000000000005
0.04302528852517051,0.45080000000000003
0.039724353885504105,0.4509
0.036636105769962235,0.451
0.0335179974185007,0.4511
0.030549725395894622,0.45120000000000005
0.027556239264030724,0.45130000000000003
0.024784491573206724,0.4514
0.022366882667192334,0.4515
0.020353325021416735,0.4516
0.018586665402454683,0.45170000000000005
0.017011669946622288,0.45180000000000003
0.01575794697630628,0.4519
0.014820517248059994,0.452
0.014342865493297108,0.4521
0.01413741713064609,0.45220000000000005
0.0144523138646524,0.45230000000000004
0.015346797863490691,0.4524
0.01683455010184076,0.4525
0.018913109047814736,0.4526
0.021554287844539166,0.45270000000000005
0.02470977645247685,0.45280000000000004
0.02832313698429023,0.4529
0.032330148502471845,0.453
0.036664144711378244,0.4531
0.04122894655227727,0.45320000000000005
0.04592817326306098,0.45330000000000004
0.05072054917836355,0.4534
0.05557829823737981,0.4535
0.06046606155994272,0.4536
0.06533640880350233,0.45370000000000005
0.0701409368579019,0.45380000000000004
0.07484304070442838,0.4539
0.07940454681837439,0.454
0.08379341701146725,0.4541
0.08798034283429068,0.45420000000000005
0.09193742719560938,0.45430000000000004
0.09564060647508477,0.4544
0.09906868562860749,0.4545
0.10219689570275436,0.4546
0.10499465047014112,0.45470000000000005
0.1074467256874514,0.45480000000000004
0.10955449106154114,0.4549
0.11131370048563283,0.455
0.11271723630000852,0.4551
0.11376093166039603,0.45520000000000005
0.11444038736499729,0.45530000000000004
0.11475283464568853,0.4554
0.11469714417686472,0.4555
0.11427255356437038,0.4556
0.11263736452174766,0.45570000000000005
0.10967195755401682,0.45580000000000004
0.10652669083802091,0.4559
0.1032526447178479,0.456
0.09987229883544368,0.4561
0.0963692916508504,0.4562
0.09271706943367164,0.45630000000000004
0.08899628392596537,0.45640000000000003
0.08523962766742998,0.4565
0.0814799511914076,0.4566
0.07774812623817817,0.4567
0.07407235342686835,0.45680000000000004
0.07044876736791739,0.45690000000000003
0.0667356076382668,0.457
0.063125724281757,0.4571
0.05952363455254406,0.4572
0.05592723337378791,0.45730000000000004
0.052482667859825805,0.45740000000000003
0.04921028842931041,0.4575
0.045796606358270875,0.4576
0.04249311292917812,0.4577
0.03910827098783054,0.45780000000000004
0.035945025853811874,0.45790000000000003
0.03265488226616098,0.458
0.029570896323122042,0.4581
0.026425196622752445,0.4582
0.023577497504699396,0.45830000000000004
0.02108906542406408,0.45840000000000003
0.01900521778071429,0.4585
0.01706485114722467,0.4586
0.015448911308316715,0.4587
0.014295086192757323,0.45880000000000004
0.01342106218581196,0.45890000000000003
0.013056765328431252,0.459
0.013015710135779957,0.4591
0.013201908222948422,0.4592
0.013979689064905099,0.45930000000000004
0.015395056068993274,0.45940000000000003
0.01744271154402921,0.4595
0.020093931379504992,0.4596
0.02327476235242565,0.4597
0.026927486431280956,0.45980000000000004
0.03097690482115123,0.45990000000000003
0.035356022868471726,0.46
0.03996694895080921,0.4601
0.044712938367824195,0.4602
0.049553406242402565,0.46030000000000004
0.05446158154641889,0.46040000000000003
0.05940267652521114,0.4605
0.06433019612273105,0.4606
0.06919608693720247,0.4607
0.07396426844383164,0.46080000000000004
0.07859720941863846,0.46090000000000003
0.08306333637211882,0.461
0.08733402868571127,0.4611
0.09138165962802347,0.4612
0.09518217694207487,0.46130000000000004
0.0987132144276417,0.46140000000000003
0.10195542551291248,0.4615
0.10488574384128269,0.4616
0.10747437420264105,0.4617
0.10970782586485417,0.46180000000000004
0.11158953267519034,0.46190000000000003
0.11311726211308759,0.462
0.11428612687209516,0.4621
0.11509369551275617,0.4622
0.11553716894573918,0.46230000000000004
0.1156149689605267,0.46240000000000003
0.11532645298392885,0.4625
0.11404070215477946,0.4626
0.1111583305162146,0.4627
0.10808056872275229,0.46280000000000004
0.10486309763386792,0.46290000000000003
0.1015301906191528,0.463
0.09809798480197318,0.4631
0.0945142405475422,0.4632
0.0908212306432924,0.46330000000000005
0.08708072414461321,0.46340000000000003
0.08332708561799262,0.4635
0.07959248753787707,0.4636
0.07590619607761662,0.4637
0.07229511734097815,0.46380000000000005
0.06869264717618784,0.46390000000000003
0.06506638561339806,0.464
0.06156333619406762,0.4641
0.05801005277393623,0.4642
0.054535384603175086,0.46430000000000005
0.05122976490530151,0.46440000000000003
0.048032397119792236,0.4645
0.04476782028616988,0.4646
0.04154434720222344,0.4647
0.03832042620429443,0.46480000000000005
0.03526205129286475,0.46490000000000004
0.03213821086424207,0.465
0.029189787299913394,0.4651
0.026243309694294004,0.4652
0.02361447228239788,0.46530000000000005
0.02136350353396388,0.46540000000000004
0.01953268910443251,0.4655
0.017784445468363108,0.4656
0.01641341357058068,0.4657
0.01536365826601127,0.46580000000000005
0.014661888935361356,0.46590000000000004
0.01431508475542409,0.466
0.01429956236462071,0.4661
0.014825405921117474,0.4662
0.01595593228689629,0.46630000000000005
0.017676771567124883,0.46640000000000004
0.01998745426889359,0.4665
0.02284212808479502,0.4666
0.026189944065254656,0.4667
0.029970894038775064,0.46680000000000005
0.034118538175598845,0.46690000000000004
0.0385381458062366,0.467
0.04313484355194075,0.4671
0.047861564536943124,0.4672
0.05268650603070224,0.46730000000000005
0.057570571642506785,0.46740000000000004
0.062463803984132205,0.4675
0.06731616837581367,0.4676
0.07208823685166432,0.4677
0.07674046872721751,0.46780000000000005
0.08123904456852926,0.46790000000000004
0.08555315736155389,0.468
0.08965333091344108,0.4681
0.09351353190005518,0.4682
0.09710987933235671,0.46830000000000005
0.10042194469493948,0.46840000000000004
0.10342602861682804,0.4685
0.1060919953879168,0.4686
0.10840587359860188,0.4687
0.11037032264305113,0.46880000000000005
0.11198216487163837,0.46890000000000004
0.11323549638234154,0.46900000000000003
0.11412699801560111,0.4691
0.11465319501601434,0.4692
0.11481200240503531,0.4693
0.11460234578222994,0.46940000000000004
0.1140297780861711,0.46950000000000003
0.11144595040369054,0.4696
0.10839237798903423,0.4697
0.10518748163167524,0.4698
0.10186565020261062,0.46990000000000004
0.09844330898977216,0.47000000000000003
0.09486194424063576,0.4701
0.09117546992991232,0.4702
0.08743468976519242,0.4703
0.08367254363471299,0.47040000000000004
0.0799210347867002,0.47050000000000003
0.07620974058511798,0.4706
0.0725659655079548,0.4707
0.06890038088804251,0.4708
0.06523086013461366,0.47090000000000004
0.06167886266286482,0.47100000000000003
0.058045391140175484,0.4711
0.05451427748270876,0.4712
0.05114742606561462,0.4713
0.04783839311213467,0.47140000000000004
0.0445047052501486,0.47150000000000003
0.04116021803673875,0.4716
0.037865230152346774,0.4717
0.03467112416082441,0.4718
0.03147677960193862,0.47190000000000004
0.028367534178571185,0.47200000000000003
0.025339336030979487,0.4721
0.022632394085619678,0.4722
0.020302330009292824,0.4723
0.0183299158353305,0.47240000000000004
0.016439639196653477,0.47250000000000003
0.015002830618222163,0.4726
0.013950085507183463,0.4727
0.013279057152328022,0.4728
0.013139424517368159,0.47290000000000004
0.013189751627875612,0.47300000000000003
0.01359276359106465,0.4731
0.0146075154571359,0.4732
0.016262564094744025,0.4733
0.018541510970444763,0.47340000000000004
0.02140528286228327,0.47350000000000003
0.024772789372992543,0.4736
0.028586070556310572,0.4737
0.03276792089625613,0.4738
0.03725279366214562,0.47390000000000004
0.04194254782180007,0.47400000000000003
0.04674098294352258,0.4741
0.05161072093445829,0.4742
0.05652784242510989,0.4743
0.061459517389829466,0.47440000000000004
0.06636057347757263,0.47450000000000003
0.07118399906142148,0.4746
0.07589514461835345,0.4747
0.08045752742628598,0.4748
0.08484070156280854,0.47490000000000004
0.08901720802114188,0.47500000000000003
0.09296051126536797,0.4751
0.09664773758256806,0.4752
0.10005821871081588,0.4753
0.10316716125597103,0.47540000000000004
0.10594369019300875,0.47550000000000003
0.10837235706262294,0.4756
0.11045476943564791,0.4757
0.11218738008356666,0.4758
0.11356408731291068,0.47590000000000005
0.11458176439432732,0.47600000000000003
0.11523683817231645,0.4761
0.11552710453166681,0.4762
0.11545181545162342,0.4763
0.11501049806866137,0.47640000000000005
0.11283191219247879,0.47650000000000003
0.10986110928404569,0.4766
0.10672244616428439,0.4767
0.10345607814249891,0.4768
0.10008044373424185,0.47690000000000005
0.09659871635737882,0.47700000000000004
0.09294863333319792,0.4771
0.08923062766957479,0.4772
0.08547919219088818,0.4773
0.08172811146437664,0.47740000000000005
0.07800827224605833,0.47750000000000004
0.07434801467962693,0.4776
0.07077348798150918,0.4777
0.06710796354213944,0.4778
0.06352747968150807,0.47790000000000005
0.06002848951280115,0.47800000000000004
0.05647137976462435,0.4781
0.05306575516773315,0.4782
0.04984236880307402,0.4783
0.04658033767417713,0.47840000000000005
0.043401891065965925,0.47850000000000004
0.04011354257551347,0.4786
0.03698753129252963,0.4787
0.03387623631364667,0.4788
0.03086509600936238,0.47890000000000005
0.027869175336634022,0.47900000000000004
0.025048001549098142,0.4791
0.02257294333572135,0.4792
0.020496036075754454,0.4793
0.018710645757186173,0.47940000000000005
0.01707222390968477,0.47950000000000004
0.015774773494084293,0.4796
0.014768176941021283,0.4797
0.014246760530143288,0.4798
0.013969552426668086,0.47990000000000005
0.014207674338448273,0.48000000000000004
0.01502352558927078,0.4801
0.01643406300466821,0.4802
0.018439624516122244,0.4803
0.021014687405724652,0.48040000000000005
0.024111986670673824,0.48050000000000004
0.0276759516866123,0.4806
0.031642424202655395,0.4807
0.03594467015285563,0.4808
0.04048665236604232,0.48090000000000005
0.04517189254228726,0.48100000000000004
0.04995824720991848,0.4811
0.05481708147935627,0.4812
0.05971243266398818,0.4813
0.06459649805641654,0.48140000000000005
0.06942050601279115,0.48150000000000004
0.0741473851953166,0.48160000000000003
0.0787385983046559,0.4817
0.08316171336559097,0.4818
0.08738705096490429,0.48190000000000005
0.09138635222412295,0.48200000000000004
0.09513517312751563,0.48210000000000003
0.09861131973268689,0.4822
0.10179607918409106,0.4823
0.10466717525019442,0.4824
0.10719545465658831,0.48250000000000004
0.10936767824394178,0.48260000000000003
0.11118709399921856,0.4827
0.1126509026042275,0.4828
0.11375359230551152,0.4829
0.1144922977687608,0.48300000000000004
0.1148640418639264,0.48310000000000003
0.11486726691312033,0.4832
0.11450147622928364,0.4833
0.1131166928281242,0.4834
0.11018540324826998,0.48350000000000004
0.1070658626973997,0.48360000000000003
0.1038133225110136,0.4837
0.10045176757870034,0.4838
0.09698980970308024,0.4839
0.09335394591541846,0.48400000000000004
0.08964422656212301,0.48410000000000003
0.0858934010773531,0.4842
0.0821344894738858,0.4843
0.07839858715752446,0.4844
0.07471423828969581,0.48450000000000004
0.07110763709834589,0.48460000000000003
0.06740175847020269,0.4847
0.06377523588883338,0.4848
0.06021039874197365,0.4849
0.05659463026320033,0.48500000000000004
0.053124729836036,0.48510000000000003
0.04983059113854549,0.4852
0.046453565322357226,0.4853
0.04319238435478501,0.4854
0.03977350154813308,0.48550000000000004
0.03656654174717766,0.48560000000000003
0.03331086416139062,0.4857
0.030218794413050754,0.4858
0.02705623770135346,0.4859
0.024149388393166715,0.48600000000000004
0.021593010900022414,0.48610000000000003
0.01943548836123976,0.4862
0.01747059854104327,0.4863
0.01575776470334045,0.4864
0.014529806930932532,0.48650000000000004
0.013582659900717609,0.48660000000000003
0.013129077678047496,0.4867
0.013053430831399204,0.4868
0.01314813865763087,0.4869
0.013825356820384771,0.48700000000000004
0.015136436994451108,0.48710000000000003
0.01708107475411702,0.4872
0.019635748214920756,0.4873
0.02273023295801946,0.4874
0.026307146157299455,0.48750000000000004
0.030293092578133063,0.48760000000000003
0.034620282189649965,0.4877
0.039191425549518044,0.4878
0.04390964941227171,0.4879
0.04873279819611831,0.48800000000000004
0.05363290214952543,0.48810000000000003
0.05857401133274465,0.4882
0.06350897627310037,0.4883
0.06838900608547194,0.4884
0.07317717677243374,0.48850000000000005
0.07783538487355335,0.48860000000000003
0.08233159476720153,0.4887
0.08663686656997083,0.4888
0.09072331085167995,0.4889
0.09456650319054749,0.48900000000000005
0.09814361395681526,0.48910000000000003
0.10143477859736938,0.4892
0.10441642711752486,0.4893
0.10705835030613597,0.4894
0.10934663731797989,0.48950000000000005
0.11128430525797572,0.48960000000000004
0.11286876072532237,0.4897
0.11409478481396862,0.4898
0.11495963965146205,0.4899
0.11546025961580386,0.49000000000000005
0.11559484308598844,0.49010000000000004
0.11536255398080209,0.4902
0.1144385841997051,0.4903
0.11158878460750998,0.4904
0.1085330344271801,0.49050000000000005
0.10533322180127946,0.49060000000000004
0.10201595706728162,0.4907
0.09859654195375944,0.4908
0.09504073994663631,0.4909
0.09135702154823533,0.49100000000000005
0.08762048627739238,0.49110000000000004
0.08386559244093228,0.4912
0.08012491037607261,0.4913
0.0764279904003411,0.4914
0.07280212589343382,0.49150000000000005
0.0692139103663495,0.49160000000000004
0.06556937910675031,0.4917
0.062043365290161634,0.4918
0.058504318149194434,0.4919
0.055004638009802154,0.49200000000000005
0.051668950408076286,0.49210000000000004
0.04848632142718179,0.4922
0.04519009881877345,0.4923
0.041981522816765926,0.4924
0.03872126129575082,0.49250000000000005
0.03567091110561926,0.49260000000000004
0.03250473132982079,0.4927
0.029553541209298206,0.4928
0.02655717093421317,0.4929
0.023870406495541507,0.49300000000000005
0.021555324215491778,0.49310000000000004
0.019655856897720536,0.4932
0.017894853275905342,0.4933
0.01645673332904285,0.4934
0.015391687283112798,0.49350000000000005
0.014672378516780826,0.49360000000000004
0.014376157069110995,0.4937
0.014260646174576008,0.4938
0.014677248831805212,0.4939
0.015694586018950796,0.49400000000000005
0.017320910422210956,0.49410000000000004
0.01953744253151779,0.49420000000000003
0.02231385739547509,0.4943
0.025590417849959746,0.4944
0.029311172182329814,0.49450000000000005
0.03340922549357139,0.49460000000000004
0.03781783421369367,0.49470000000000003
0.04244067281435382,0.4948
0.04718120281454685,0.4949
0.05199980618925726,0.49500000000000005
0.056870583308533895,0.49510000000000004
0.0617591398371774,0.49520000000000003
0.06661900151686506,0.4953
0.07140257498875391,0.4954
0.07607433113359885,0.4955
0.08059716911627723,0.49560000000000004
0.0849399822628415,0.49570000000000003
0.08907440264005595,0.4958
0.09297316086076779,0.4959
0.09661262978570662,0.496
0.0999717952904906,0.49610000000000004
0.10302588637496946,0.49620000000000003
0.10574437490651822,0.4963
0.10811246742634306,0.4964
0.11013239803012165,0.4965
0.11180090267283482,0.49660000000000004
0.11311182941489129,0.49670000000000003
0.11406187474543139,0.4968
0.1146473378671331,0.4969
0.11486604539052392,0.497
0.114717407636453,0.49710000000000004
0.11420115433421951,0.49720000000000003
0.11195976943116293,0.4973
0.10894194863629558,0.4974
0.10576201154955944,0.4975
0.10246020401173195,0.49760000000000004
0.09905494147918303,0.49770000000000003
0.0955077000808302,0.4978
0.09183288277109158,0.4979
0.0880967817370426,0.498
0.08433288302592323,0.49810000000000004
0.0805742388580779,0.49820000000000003
0.07685137516014429,0.4983
0.07319214148560371,0.4984
0.06954351789950974,0.4985
0.06585580896674181,0.49860000000000004
0.062281402431349386,0.49870000000000003
0.05866779230660879,0.4988
0.05511485535688743,0.4989
0.05172131532672486,0.499
0.048444267018024956,0.49910000000000004
0.04508427114512026,0.49920000000000003
0.041778774843198585,0.4993
0.03845292882618745,0.4994
0.035295974508970485,0.4995
0.03206360282536713,0.49960000000000004
0.028982164519528952,0.49970000000000003
0.025907456171022192,0.4998
0.02314337242173048,0.4999
0.02074860689225866,0.5
0.01876663778854626,0.5001
0.01683373630638685,0.5002
0.015320384929462971,0.5003000000000001
0.01423429198359405,0.5004000000000001
0.013478334134743308,0.5005000000000001
0.013242383084379084,0.5006
0.013261872694523502,0.5007
0.013570344517815025,0.5008
0.014479282582612996,0.5009
0.01602540513668549,0.501
0.018197632483869297,0.5011
0.020962071984010455,0.5012
0.024241328801607676,0.5013000000000001
0.027977839003690885,0.5014000000000001
0.03209559161419118,0.5015000000000001
0.03652848698667843,0.5016
0.04117856426626987,0.5017
0.04594935268930844,0.5018
0.050801895515724116,0.5019
0.05571082943425343,0.502
0.06064230028744455,0.5021
0.06555044092340612,0.5022
0.07038772158043971,0.5023
0.07511882068427711,0.5024000000000001
0.07970677161613138,0.5025000000000001
0.08412060536060639,0.5026
0.08833231713504874,0.5027
0.09231485659493599,0.5028
0.09604479477419303,0.5029
0.09950096079557724,0.503
0.10265813081219455,0.5031
0.10548507165175569,0.5032
0.10796597061564939,0.5033
0.11010205287143904,0.5034000000000001
0.11188946738905425,0.5035000000000001
0.11332185767346903,0.5036
0.11439585234708383,0.5037
0.11510765079487106,0.5038
0.11545481128544854,0.5039
0.11543633143020193,0.504
0.1150514626184671,0.5041
0.11324635727307608,0.5042
0.11030695355289133,0.5043
0.10718848240246048,0.5044000000000001
0.10393773160504771,0.5045000000000001
0.10057565675453595,0.5046
0.0971178912136843,0.5047
0.0934792521258061,0.5048
0.08976822803182127,0.5049
0.08601895139495064,0.505
0.08226518504659974,0.5051
0.07853808357345504,0.5052
0.07486628900013426,0.5053
0.07127626200120152,0.5054000000000001
0.06762486734192352,0.5055000000000001
0.06402577275986143,0.5056
0.060539808250655414,0.5057
0.056960339306050045,0.5058
0.0535274640530099,0.5059
0.050273043112018634,0.506
0.0470274251772036,0.5061
0.043817157518471594,0.5062
0.040545684802297144,0.5063
0.03738306282627035,0.5064000000000001
0.034281428785934986,0.5065000000000001
0.03122773578957072,0.5066
0.028230596511266137,0.5067
0.02535943740205515,0.5068
0.02282587330832575,0.5069
0.020684080190727316,0.507
0.01888065558914076,0.5071
0.017187331971898256,0.5072
0.015945866091368055,0.5073
0.014950820944782839,0.5074000000000001
0.014388176154926047,0.5075000000000001
0.014096442914313112,0.5076
0.014228662906480949,0.5077
0.014920255012445427,0.5078
0.016225214833949453,0.5079
0.01812072558549871,0.508
0.020599658896313322,0.5081
0.023608925604048814,0.5082
0.02709534239348521,0.5083
0.030996017723788016,0.5084000000000001
0.03524402978486463,0.5085000000000001
0.039743398458095935,0.5086
0.044398884374657,0.5087
0.04916569405721005,0.5088
0.05401449687176885,0.5089
0.058907935650972965,0.509
0.06379728969664245,0.5091
0.06863357509823143,0.5092
0.07337869698494193,0.5093
0.07799412474256295,0.5094000000000001
0.08244703182002278,0.5095000000000001
0.08670756090232856,0.5096
0.09074706279821498,0.5097
0.09454037535881654,0.5098
0.09806442782512081,0.5099
0.10129955378649369,0.51
0.10422273775929769,0.5101
0.106804405240702,0.5102
0.10903115790523354,0.5103
0.11090621535591394,0.5104000000000001
0.11242685121713702,0.5105000000000001
0.1135875708899643,0.5106
0.11438546289335161,0.5107
0.11481745691370326,0.5108
0.11488187673102301,0.5109
0.11457806564547401,0.511
0.1136011717829769,0.5111
0.11070784720234905,0.5112
0.10761386093529102,0.5113
0.10438149469824898,0.5114000000000001
0.10103746623289422,0.5115000000000001
0.09759694815008113,0.5116
0.0939782767991042,0.5117
0.0902780963623605,0.5118
0.0865314768527139,0.5119
0.08277156249721407,0.512
0.07902998842327413,0.5121
0.07533584707219809,0.5122
0.071715867461007,0.5123
0.06802971035789562,0.5124000000000001
0.06438883939323692,0.5125000000000001
0.06084792278344264,0.5126000000000001
0.057216093570557014,0.5127
0.0537249674902045,0.5128
0.050405439056442125,0.5129
0.04706705183576232,0.513
0.04378216964325521,0.5131
0.040405076090367587,0.5132
0.03716647008802543,0.5133
0.03394973121047751,0.5134000000000001
0.030821928356630224,0.5135000000000001
0.027707791607582966,0.5136000000000001
0.02475894155854763,0.5137
0.022145934765134268,0.5138
0.019920963987669404,0.5139
0.01797574066976515,0.514
0.016192245326900556,0.5141
0.014877611687994063,0.5142
0.013894937513419192,0.5143
0.013350516631653875,0.5144000000000001
0.013345210660815399,0.5145000000000001
0.013463170099136557,0.5146000000000001
0.01399799751110642,0.5147
0.015152258442401756,0.5148
0.016944435434178784,0.5149
0.01935202767184019,0.515
0.022331062353458497,0.5151
0.0257976302555587,0.5152
0.02969427336881436,0.5153
0.03394321844204051,0.5154
0.03845079542578733,0.5155000000000001
0.04312064800192883,0.5156000000000001
0.047908284933709355,0.5157
0.05278396788663553,0.5158
0.057711214464164495,0.5159
0.06264093257055392,0.516
0.06752451049119734,0.5161
0.07232350151846256,0.5162
0.07699906466154538,0.5163
0.08151857150311681,0.5164
0.08585206539951062,0.5165000000000001
0.08997146102926457,0.5166000000000001
0.09385178005330064,0.5167
0.09747002134616911,0.5168
0.10080600811131868,0.5169
0.10383573336028284,0.517
0.1065284362002824,0.5171
0.10886945509376023,0.5172
0.1108611040092482,0.5173
0.1125003593972218,0.5174
0.11378186515662492,0.5175000000000001
0.1147028975842348,0.5176000000000001
0.11526043282897691,0.5177
0.11545259930694318,0.5178
0.1152790102035528,0.5179
0.11473954197894265,0.518
0.11201908485302003,0.5181
0.10899091570946384,0.5182
0.10581218298468831,0.5183
0.10251398135259737,0.5184
0.09911154285469315,0.5185000000000001
0.0955773534802139,0.5186000000000001
0.09190649782763138,0.5187
0.08817622633724853,0.5188
0.08442086239873103,0.5189
0.08067376523966907,0.519
0.07696529267288177,0.5191
0.07332331327767172,0.5192
0.06972940560762131,0.5193
0.06606503987771506,0.5194
0.06251575407425658,0.5195000000000001
0.05897346978382645,0.5196000000000001
0.05545173192881281,0.5197
0.052090635769197036,0.5198
0.048916560533348585,0.5199
0.04559664142563924,0.52
0.04240719807605342,0.5201
0.039121125771570675,0.5202
0.03605940378523442,0.5203
0.03289360824623189,0.5204
0.029953077866458733,0.5205000000000001
0.026918525509340263,0.5206000000000001
0.02418224920596934,0.5207
0.021810783495867625,0.5208
0.019849406951137016,0.5209
0.018085120950930733,0.521
0.016595615999635438,0.5211
0.01558376624169,0.5212
0.014798601577610482,0.5213
0.014453299587816382,0.5214
0.014256097785398714,0.5215000000000001
0.014586339981253804,0.5216000000000001
0.015507184042366173,0.5217
0.01704115770290393,0.5218
0.019166597610239533,0.5219
0.02185847493738602,0.522
0.025059057121055828,0.5221
0.028713283399907974,0.5222
0.03275495247623894,0.5223
0.037117869153234784,0.5224
0.0417053102566729,0.5225000000000001
0.046421208974541495,0.5226000000000001
0.0512243809597539,0.5227
0.056087705958070666,0.5228
0.06097602611897801,0.5229
0.0658420804335581,0.523
0.0706380393198276,0.5231
0.07532782600547305,0.5232
0.0798742196256279,0.5233
0.08424589616801148,0.5234
0.08841417885701852,0.5235000000000001
0.09235132880634711,0.5236000000000001
0.09603302295806604,0.5237
0.0994375288914735,0.5238
0.10253948989124673,0.5239
0.10530803578312775,0.524
0.10772814457859192,0.5241
0.10980186673589154,0.5242
0.11152580964173842,0.5243
0.11289368963699509,0.5244
0.11390202763332258,0.5245000000000001
0.11454695562348616,0.5246000000000001
0.11482613348088488,0.5247
0.11473878558399875,0.5248
0.11428440490061231,0.5249
0.11245697268505561,0.525
0.10947657627569995,0.5251
0.10632135873127979,0.5252
0.10303894370732825,0.5253
0.09965058779163005,0.5254
0.09612786485925073,0.5255000000000001
0.0924673248069331,0.5256000000000001
0.08874058732430712,0.5257000000000001
0.08498075902488567,0.5258
0.08122105846798278,0.5259
0.07749265909339087,0.526
0.07382397624006354,0.5261
0.07019540224418608,0.5262
0.06649550889061673,0.5263
0.06290296005663976,0.5264
0.05930693115895713,0.5265000000000001
0.05573144037683897,0.5266000000000001
0.05230983317142468,0.5267000000000001
0.049051880828394845,0.5268
0.04566394781446115,0.5269
0.0423850326151376,0.527
0.039029730734442936,0.5271
0.03589762587658529,0.5272
0.03263800840954767,0.5273
0.029585164991876356,0.5274
0.026469918233256173,0.5275000000000001
0.023654512363730174,0.5276000000000001
0.02120027990230766,0.5277000000000001
0.01915219621610187,0.5278
0.017242158563435694,0.5279
0.015661952427752812,0.528
0.014541709718830287,0.5281
0.013703463023790663,0.5282
0.013374181468723156,0.5283
0.013364284621101286,0.5284
0.013581701472611618,0.5285000000000001
0.014387981965167995,0.5286000000000001
0.015827282280244104,0.5287000000000001
0.017893453356075062,0.5288
0.020557750556090548,0.5289
0.023746746838928745,0.529
0.027403564155405347,0.5291
0.03145358962567113,0.5292
0.03583037258443844,0.5293
0.04043633151950443,0.5294
0.04517494021749413,0.5295
0.05000574758015497,0.5296000000000001
0.054902000495171466,0.5297000000000001
0.059828876314829804,0.5298
0.06473985143835703,0.5299
0.06958688833740723,0.53
0.07433396747230292,0.5301
0.07894362222959961,0.5302
0.08338434776071368,0.5303
0.08762758530697712,0.5304
0.09164576138255187,0.5305
0.09541488041325252,0.5306000000000001
0.09891264156938473,0.5307000000000001
0.10211978519077769,0.5308
0.1050133507702753,0.5309
0.10756367253290211,0.531
0.10975744888616246,0.5311
0.11159834946005232,0.5312
0.11308437635449142,0.5313
0.11421087568614563,0.5314
0.11497564828406692,0.5315
0.11537611312993068,0.5316000000000001
0.11541089597553889,0.5317000000000001
0.1150795486656142,0.5318
0.11364826607957634,0.5319
0.11074485106427234,0.532
0.10765126884736675,0.5321
0.10442085592943395,0.5322
0.10107702922147,0.5323
0.09763622874285216,0.5324
0.09402343680300562,0.5325
0.09032356851615009,0.5326000000000001
0.08657982990386237,0.5327000000000001
0.08282615280966699,0.5328
0.07909432340058153,0.5329
0.07541345987621295,0.533
0.0718102680769398,0.5331
0.068171475103463,0.5332
0.06455423382829317,0.5333
0.06106428806783282,0.5334
0.05746994818738038,0.5335
0.05400885530968935,0.5336000000000001
0.05072138296551154,0.5337000000000001
0.047475180780350845,0.5338
0.04422904610687728,0.5339
0.04095683141277218,0.534
0.03775653884839003,0.5341
0.034654626031245916,0.5342
0.03156104576744179,0.5343
0.02858003851923785,0.5344
0.025671362115403218,0.5345
0.023089590084154343,0.5346000000000001
0.020891913346278157,0.5347000000000001
0.019093904325138578,0.5348
0.01733855582280186,0.5349
0.01602394498013493,0.535
0.014989532450309984,0.5351
0.014353684272076173,0.5352
0.014026740897775003,0.5353
0.014084298386092486,0.5354
0.01469435743853853,0.5355
0.015916094922561852,0.5356000000000001
0.0177304694547622,0.5357000000000001
0.020133369625654485,0.5358
0.023074540814724376,0.5359
0.026501264823499016,0.536
0.030351529407342648,0.5361
0.03455825360031062,0.5362
0.039025855708043844,0.5363
0.043659228033995356,0.5364
0.04841259314744417,0.5365
0.053255617105289144,0.5366000000000001
0.05815025920970962,0.5367000000000001
0.06304732721538198,0.5368
0.06789742827187073,0.5369
0.07266189705548987,0.537
0.07730174870176265,0.5371
0.08178367624661653,0.5372
0.08607735308447995,0.5373
0.09015374326088388,0.5374
0.093987326734705,0.5375
0.09755475204194708,0.5376000000000001
0.10083611502823353,0.5377000000000001
0.10380819122224705,0.5378000000000001
0.10644121884862412,0.5379
0.10872153016714903,0.538
0.11065201561202909,0.5381
0.11222964965590576,0.5382
0.11344864669059473,0.5383
0.11430579554850173,0.5384
0.11479773042085806,0.5385
0.11492248426316398,0.5386000000000001
0.11467911702037192,0.5387000000000001
0.11407330144272798,0.5388000000000001
0.11122862084630492,0.5389
0.1081592530405957,0.539
0.10494627738914464,0.5391
0.10161915499060059,0.5392
0.09819244245021796,0.5393
0.09460071272180948,0.5394
0.0909111278898882,0.5395
0.0871698506556775,0.5396000000000001
0.08341007698398506,0.5397000000000001
0.07966381136634071,0.5398000000000001
0.07596040897339307,0.5399
0.07232693989652961,0.54
0.06866181045057873,0.5401
0.06500469594106739,0.5402
0.06146756837582379,0.5403
0.05783525162074454,0.5404
0.05432069694633479,0.5405
0.05097326074129227,0.5406000000000001
0.047668926641561526,0.5407000000000001
0.0443564528260425,0.5408000000000001
0.04101765368268584,0.5409
0.03774682368035287,0.541
0.03456482945921846,0.5411
0.03139787663253513,0.5412
0.02830815416619692,0.5413
0.025311000035980857,0.5414
0.02263811991913056,0.5415
0.020344865527479827,0.5416000000000001
0.01840607084763235,0.5417000000000001
0.016554784958688673,0.5418000000000001
0.015158907594649662,0.5419
0.014144320514001274,0.542
0.01351427225716395,0.5421
0.013415449521796408,0.5422
0.013501265976571641,0.5423
0.013941634154234217,0.5424
0.014991101536721452,0.5425
0.016676401924476947,0.5426
0.018980205151544416,0.5427000000000001
0.021863307375671992,0.5428000000000001
0.025245020612147284,0.5429
0.029068064830954254,0.543
0.03325574030996781,0.5431
0.037742953728915785,0.5432
0.042431797100525914,0.5433
0.04722624327894631,0.5434
0.052089101517757586,0.5435
0.056996557281628,0.5436
0.061915812660581104,0.5437000000000001
0.06680169984537021,0.5438000000000001
0.07160723509799716,0.5439
0.07629784248621774,0.544
0.08083712097983631,0.5441
0.08519473234170827,0.5442
0.08934333821247875,0.5443
0.09325652875757362,0.5444
0.09691156304913484,0.5445
0.10028790739652527,0.5446
0.10336088787636266,0.5447000000000001
0.10609973694757724,0.5448000000000001
0.10848917612548181,0.5449
0.11053104047936069,0.545
0.11222199290866153,0.5451
0.11355613940932263,0.5452
0.11453057476935169,0.5453
0.11514194458639271,0.5454
0.11538826088311616,0.5455
0.11526898484786574,0.5456
0.11478384607121284,0.5457000000000001
0.11244729285730792,0.5458000000000001
0.10945260806632373,0.5459
0.10629581848368175,0.546
0.10301449669962115,0.5461
0.09962611829977319,0.5462
0.09611498548712194,0.5463
0.0924539880203018,0.5464
0.08872859790209697,0.5465
0.08497313345885726,0.5466
0.08122119366170333,0.5467000000000001
0.07750352231874624,0.5468000000000001
0.07384828027499668,0.5469
0.07026295083234879,0.547
0.06658182781647559,0.5471
0.06301128842239445,0.5472
0.059476590619075065,0.5473
0.055931433005213194,0.5474
0.052542088337389936,0.5475
0.04933771575240331,0.5476
0.046028920265104745,0.5477000000000001
0.04285333619734,0.5478000000000001
0.03953451552023912,0.5479
0.03643349635335702,0.548
0.03327948100549061,0.5481
0.030298543634751818,0.5482
0.027268887229956684,0.5483
0.02448529604905625,0.5484
0.02205737208868741,0.5485
0.020033019773086025,0.5486
0.018259240792259046,0.5487000000000001
0.0167067130706664,0.5488000000000001
0.015623010733453402,0.5489
0.014827741993158394,0.549
0.014467274308135769,0.5491
0.014332705822275305,0.5492
0.014563984783247275,0.5493
0.01537517871045746,0.5494
0.01679664229844202,0.5495
0.018829828620435363,0.5496
0.021430827536439878,0.5497000000000001
0.02455727350543424,0.5498000000000001
0.028144183334242845,0.5499
0.03212930062992059,0.55
0.0364457019823643,0.5501
0.04099678929219963,0.5502
0.04568672992471812,0.5503
0.05047378024169835,0.5504
0.05532888182355089,0.5505
0.0602169029814269,0.5506
0.06508957797853887,0.5507000000000001
0.0698986735187469,0.5508000000000001
0.07460755709067302,0.5509000000000001
0.07917819775856472,0.551
0.0835790397589562,0.5511
0.08778089227920172,0.5512
0.09175591021560825,0.5513
0.09547951248542064,0.5514
0.09892898838722286,0.5515
0.10208488536188898,0.5516
0.10492429292048422,0.5517000000000001
0.10741784576894264,0.5518000000000001
0.10955269341864682,0.5519000000000001
0.11133295496998319,0.552
0.11275686813956665,0.5521
0.11381989166834028,0.5522
0.11451994026266965,0.5523
0.11485463643742,0.5524
0.11482288130136298,0.5525
0.11442452906367717,0.5526
0.1129181301913531,0.5527000000000001
0.10997352886697875,0.5528000000000001
0.1068440275096475,0.5529000000000001
0.10358269142537668,0.553
0.10021281587070952,0.5531
0.09672301628195867,0.5532
0.0930781239072268,0.5533
0.08936175641297395,0.5534
0.08560679699988105,0.5535
0.08184653359365524,0.5536
0.07811246918311199,0.5537000000000001
0.07443349284271228,0.5538000000000001
0.07082724442571264,0.5539000000000001
0.06711386542734898,0.554
0.06350343760441057,0.5541
0.05993269301874604,0.5542
0.056338946975216686,0.5543
0.052893933136532345,0.5544
0.04962657112671254,0.5545
0.046255939583185635,0.5546
0.04301276026275502,0.5547000000000001
0.039626583616666045,0.5548000000000001
0.03645416681086022,0.5549000000000001
0.033225584634970495,0.555
0.03017148230194122,0.5551
0.027058633077121197,0.5552
0.024194785118881068,0.5553
0.021681609968722704,0.5554
0.019567217100897594,0.5555
0.017644652030663677,0.5556
0.01597038407902751,0.5557
0.014780283109249392,0.5558000000000001
0.013866237196032527,0.5559000000000001
0.013450285736694045,0.556
0.013407606786907555,0.5561
0.013536828023607672,0.5562
0.014246231225981232,0.5563
0.015584746743177336,0.5564
0.0175509264017617,0.5565
0.020121091479505138,0.5566
0.02322535420565064,0.5567
0.02680732780638917,0.5568000000000001
0.03079422251396169,0.5569000000000001
0.03511894199161514,0.557
0.039684602791114854,0.5571
0.04439462718992293,0.5572
0.04920706482511261,0.5573
0.05409398775224128,0.5574
0.059019425469043485,0.5575
0.06393621893232293,0.5576
0.06879562325408417,0.5577
0.07356079851553299,0.5578000000000001
0.07819370672887127,0.5579000000000001
0.0826623643354063,0.558
0.08693789060260393,0.5581
0.09099247792250054,0.5582
0.09480182872270404,0.5583
0.09834327421156075,0.5584
0.10159713377391033,0.5585
0.10454002610703317,0.5586
0.10714192744821893,0.5587
0.10938913550173535,0.5588000000000001
0.11128489010110298,0.5589000000000001
0.11282680750719609,0.559
0.1140098751560239,0.5591
0.11483156560250474,0.5592
0.11528902053312928,0.5593
0.11538064283444283,0.5594
0.11510580024822437,0.5595
0.11405365047320593,0.5596
0.11118398346199787,0.5597
0.10811319465811364,0.5598000000000001
0.10490119958626254,0.5599000000000001
0.10157390781350195,0.56
0.09814688857045561,0.5601
0.09456061192448806,0.5602
0.09087127171347831,0.5603
0.08713279141991803,0.5604
0.08337909827361589,0.5605
0.07964233337703475,0.5606
0.0759518932457448,0.5607
0.07233487072075262,0.5608000000000001
0.06870973302035699,0.5609000000000001
0.0650752630899466,0.561
0.06156340224356127,0.5611
0.057983526380715356,0.5612
0.054498794063572165,0.5613
0.05118266532658744,0.5614
0.04795322016415238,0.5615
0.0446773756201404,0.5616
0.041423614404119125,0.5617
0.03818934197265711,0.5618000000000001
0.035100654559974354,0.5619000000000001
0.031967248382565705,0.562
0.028989510952752928,0.5621
0.026033193949695166,0.5622
0.023395018679830404,0.5623
0.021134232158785293,0.5624
0.01929276532869495,0.5625
0.017506041482907797,0.5626
0.016122513562150553,0.5627
0.015078525232925077,0.5628000000000001
0.014456590727807583,0.5629000000000001
0.01434253337291369,0.5630000000000001
0.014302023569320754,0.5631
0.014764665918084674,0.5632
0.01583578047758083,0.5633
0.017516814369640032,0.5634
0.01980554343320251,0.5635
0.022644097569190613,0.5636
0.025982764284792292,0.5637
0.029755005887731834,0.5638000000000001
0.033895728829683724,0.5639000000000001
0.03833810076423916,0.5640000000000001
0.04298544609714283,0.5641
0.047741602911110625,0.5642
0.05256876430306012,0.5643
0.05744119121641078,0.5644
0.06232607852583827,0.5645
0.0671770423347654,0.5646
0.07194693014043252,0.5647
0.07660081505117766,0.5648000000000001
0.08110162952039424,0.5649000000000001
0.08541893641281006,0.5650000000000001
0.08952475919549319,0.5651
0.09339257049926764,0.5652
0.09699940687239073,0.5653
0.10032475909895822,0.5654
0.10334410841673647,0.5655
0.10602691418387578,0.5656
0.10835832259233236,0.5657
0.1103406155508927,0.5658000000000001
0.11197077333526961,0.5659000000000001
0.11324302896526461,0.5660000000000001
0.11415451039409974,0.5661
0.11470185320830772,0.5662
0.11488313289591912,0.5663
0.11469733873229115,0.5664
0.11415013407401953,0.5665
0.11171822723327884,0.5666
0.1086866823499496,0.5667
0.105498597036213,0.5668000000000001
0.102190403806531,0.5669000000000001
0.09877918821736986,0.5670000000000001
0.09520983703988883,0.5671
0.09153064259875576,0.5672
0.08779429594180321,0.5673
0.0840340147045574,0.5674
0.08028217694423256,0.5675
0.07656877076109736,0.5676
0.07292144983749571,0.5677
0.06926809876802043,0.5678000000000001
0.06559578351867923,0.5679000000000001
0.062039720317321634,0.5680000000000001
0.05842587016484524,0.5681
0.05489288382473023,0.5682
0.051521937800029116,0.5683
0.048246082203430296,0.5684
0.044909245740080816,0.5685
0.04160491452442594,0.5686
0.03830487230782165,0.5687
0.035155883998630566,0.5688
0.031953640359843716,0.5689000000000001
0.02888972752707586,0.5690000000000001
0.02585012144792498,0.5691
0.023124630491605958,0.5692
0.020771031207230672,0.5693
0.018831956397413974,0.5694
0.016926459336744415,0.5695
0.01544463064230217,0.5696
0.014298886334887184,0.5697
0.013582096480942552,0.5698
0.013409822673402072,0.5699000000000001
0.013467112814766313,0.5700000000000001
0.013822067320934606,0.5701
0.014783258650397535,0.5702
0.016373022929994097,0.5703
0.01858597996859257,0.5704
0.02138481840030626,0.5705
0.0246916675380513,0.5706
0.02844998451958647,0.5707
0.03258369720738119,0.5708
0.03702677691846468,0.5709000000000001
0.04168219107133875,0.5710000000000001
0.046453127318846876,0.5711
0.05130163674366073,0.5712
0.05620285111162393,0.5713
0.06112314953984577,0.5714
0.06601713293664135,0.5715
0.07083715833153881,0.5716
0.07554808919941547,0.5717
0.0801128151666598,0.5718
0.08450035231786268,0.5719000000000001
0.08868282203916533,0.5720000000000001
0.09263347248485809,0.5721
0.0963293787909345,0.5722
0.09974988461000123,0.5723
0.10287017020637113,0.5724
0.10565920446204957,0.5725
0.10810126263475461,0.5726
0.11019761414364793,0.5727
0.11194445911346051,0.5728
0.11333552556628301,0.5729000000000001
0.11436756592630193,0.5730000000000001
0.11503689400583039,0.5731
0.11534117214224415,0.5732
0.11527951576966577,0.5733
0.11485134107222472,0.5734
0.1128653331877697,0.5735
0.1099040622368791,0.5736
0.10677014460308543,0.5737
0.10350730012158349,0.5738
0.10013532567945405,0.5739000000000001
0.09665341526357751,0.5740000000000001
0.09300692609046901,0.5741
0.08929149955762972,0.5742
0.08554108635515201,0.5743
0.08178917255580354,0.5744
0.07806661022756256,0.5745
0.07440172741848972,0.5746
0.07082074097212443,0.5747
0.06713853326725971,0.5748
0.06354890735019803,0.5749000000000001
0.06002955257898912,0.5750000000000001
0.056462645178287696,0.5751000000000001
0.05304653740831666,0.5752
0.04981107702081866,0.5753
0.04651846903171797,0.5754
0.04332460682728456,0.5755
0.040001308470424046,0.5756
0.036860739637146755,0.5757
0.03371444556284331,0.5758
0.0306911793152842,0.5759000000000001
0.02766398058937969,0.5760000000000001
0.02483156571548628,0.5761000000000001
0.02234618642729158,0.5762
0.020258871115902632,0.5763
0.018441699546881685,0.5764
0.016800675494638373,0.5765
0.015602470504432198,0.5766
0.014648618089244225,0.5767
0.014154200120270133,0.5768
0.013881532875921199,0.5769000000000001
0.014085809238994607,0.5770000000000001
0.014860133953993993,0.5771000000000001
0.01625303292776481,0.5772
0.01823753462007316,0.5773
0.020802521540484342,0.5774
0.02389130487301183,0.5775
0.02744943464215166,0.5776
0.03141240656686639,0.5777
0.0357129952636166,0.5778
0.04025454563646025,0.5779000000000001
0.04494167367888324,0.5780000000000001
0.04973083196406969,0.5781000000000001
0.05459402034784633,0.5782
0.059494868165124615,0.5783
0.06438535789986233,0.5784
0.0692170697558484,0.5785
0.07395259691781708,0.5786
0.07855391272515566,0.5787
0.0829886891750291,0.5788
0.08722754810976685,0.5789000000000001
0.09124226872752617,0.5790000000000001
0.09500814786212464,0.5791000000000001
0.09850254043328344,0.5792
0.10170617338929566,0.5793
0.10459637682747336,0.5794
0.10714385637928836,0.5795
0.10933548280503225,0.5796
0.111174724476505,0.5797
0.11265904876039301,0.5798
0.11378312835924798,0.5799000000000001
0.11454421060829889,0.5800000000000001
0.11493938163979556,0.5801000000000001
0.11496712559826383,0.5802
0.11462695226853425,0.5803
0.11337585496823577,0.5804
0.11046264958582352,0.5805
0.10735652184028477,0.5806
0.10411486137579862,0.5807
0.10076251910577738,0.5808
0.09731202362649216,0.5809000000000001
0.09368338795291564,0.5810000000000001
0.08997870555257614,0.5811000000000001
0.0862307320352994,0.5812
0.08247267021081373,0.5813
0.078735939469886,0.5814
0.07504941837174328,0.5815
0.07143959261619781,0.5816
0.06775107702571115,0.5817
0.06412246031766411,0.5818
0.06057987369893025,0.5819
0.05696190358173592,0.5820000000000001
0.05348701634231334,0.5821000000000001
0.05018609867426105,0.5822
0.0468463800390897,0.5823
0.043583698311313146,0.5824
0.04021197539152688,0.5825
0.03699931841123427,0.5826
0.03379348327017584,0.5827
0.030693277723247814,0.5828
0.027593814317168786,0.5829
0.02467574451318577,0.5830000000000001
0.02209767197206136,0.5831000000000001
0.019911211201372403,0.5832
0.017991802273161106,0.5833
0.016248406872810817,0.5834
0.014976963078998429,0.5835
0.01402861759488383,0.5836
0.013527662147823305,0.5837
0.013447303973334712,0.5838
0.013489645115998705,0.5839
0.014101934521284942,0.5840000000000001
0.015339643569482364,0.5841000000000001
0.01720601126835164,0.5842
0.019681813742662424,0.5843
0.022700970635776363,0.5844
0.026208022739008463,0.5845
0.03013148536584298,0.5846
0.034404225097592445,0.5847
0.038929790843134526,0.5848
0.04361162412256103,0.5849
0.048406360807536686,0.5850000000000001
0.05328467148876892,0.5851000000000001
0.05820959325300512,0.5852
0.06313326694985677,0.5853
0.06800637750136462,0.5854
0.07279134964970102,0.5855
0.07744960627069664,0.5856
0.08194863394622443,0.5857
0.08625905934108336,0.5858
0.09035265057096853,0.5859
0.09420465531892419,0.5860000000000001
0.09779197188186906,0.5861000000000001
0.1010944959698048,0.5862
0.10408844716463417,0.5863
0.10674345117016715,0.5864
0.10904544253649784,0.5865
0.11099730521191697,0.5866
0.1125963613577663,0.5867
0.1138373312069636,0.5868
0.11471742502231419,0.5869
0.11523352455605718,0.5870000000000001
0.11538377080847106,0.5871000000000001
0.11516726549200884,0.5872
0.11448445360098602,0.5873
0.11164547400670466,0.5874
0.10859454851852468,0.5875
0.10539803526011737,0.5876
0.10208429948779962,0.5877
0.0986681147472177,0.5878
0.0951076771885736,0.5879
0.09142636668472992,0.5880000000000001
0.08769087045896073,0.5881000000000001
0.08393523374673972,0.5882000000000001
0.08019201993972169,0.5883
0.0764909131953877,0.5884
0.07285936535325621,0.5885
0.06925304625637285,0.5886
0.0656013909413884,0.5887
0.06206759343005408,0.5888
0.05850950251800269,0.5889
0.05500128839202145,0.5890000000000001
0.05165639037567904,0.5891000000000001
0.0484518423503153,0.5892000000000001
0.04514600017088988,0.5893
0.041917865198956905,0.5894
0.03864841493246818,0.5895
0.03557761987084018,0.5896
0.03240218694616881,0.5897
0.02942938636243908,0.5898
0.026422513051272523,0.5899
0.023724768902040783,0.5900000000000001
0.021397581029861446,0.5901000000000001
0.019484738434174753,0.5902000000000001
0.01769192033843714,0.5903
0.01623896668908742,0.5904
0.015152544324124495,0.5905
0.01445155454979341,0.5906
0.014251321549501927,0.5907
0.01417179096201604,0.5908
0.014551531849106958,0.5909
0.015534147467584747,0.5910000000000001
0.01712754444310849,0.5911000000000001
0.019332838735428348,0.5912000000000001
0.022095776010457868,0.5913
0.025368510206594808,0.5914
0.029084744225869485,0.5915
0.03317990831164197,0.5916
0.03758678313600261,0.5917
0.04220875966948556,0.5918
0.04694948445781533,0.5919
0.051770007513766814,0.5920000000000001
0.05664355317809422,0.5921000000000001
0.061536550735937334,0.5922000000000001
0.0664020863316338,0.5923
0.07119258678098261,0.5924
0.07587260088517633,0.5925
0.08040469390228955,0.5926
0.08475803382365199,0.5927
0.08890423378966905,0.5928
0.09281634692302232,0.5929
0.09647093357765035,0.5930000000000001
0.09984702205487739,0.5931000000000001
0.10291968277197028,0.5932000000000001
0.10565802792003487,0.5933
0.10804684464637004,0.5934
0.110088031790752,0.5935
0.11177824351442733,0.5936
0.11311141819054671,0.5937
0.11408439622959343,0.5938
0.11469355167059381,0.5939
0.1149367071313151,0.5940000000000001
0.11481321764319274,0.5941000000000001
0.11432276932888896,0.5942000000000001
0.11221681202898082,0.5943
0.10921724530985866,0.5944
0.10605095557469513,0.5945
0.1027604004295446,0.5946
0.09936489514457736,0.5947
0.0958313631964115,0.5948
0.0921648215330565,0.5949
0.08843475910748722,0.595
0.08467455942320434,0.5951000000000001
0.08091731195220664,0.5952000000000001
0.07719371094973404,0.5953
0.07353183485113812,0.5954
0.06989827517136338,0.5955
0.06620750635192485,0.5956
0.06262818571061546,0.5957
0.05903480013900175,0.5958
0.05547820297365891,0.5959
0.052078802441816396,0.596
0.048832796385155364,0.5961000000000001
0.045467961663728795,0.5962000000000001
0.042198703606148635,0.5963
0.03886583278141753,0.5964
0.03574617014734183,0.5965
0.03250301693354607,0.5966
0.029473430555646107,0.5967
0.02639131592332844,0.5968
0.02361083789737206,0.5969
0.0211936259590233,0.597
0.019184162579601205,0.5971000000000001
0.01730674181665859,0.5972000000000001
0.015763227806623314,0.5973
0.014672734149662858,0.5974
0.013873256515559262,0.5975
0.01358420999314558,0.5976
0.013602712313210974,0.5977
0.013857508692405762,0.5978
0.014700821176273582,0.5979
0.016174292410142233,0.598
0.018270445073457653,0.5981000000000001
0.020959828356204024,0.5982000000000001
0.024168763079674527,0.5983
0.027840988052744153,0.5984
0.031902153844057146,0.5985
0.03628635332022556,0.5986
0.04089618577860499,0.5987
0.04563524730506474,0.5988
0.05046334595647539,0.5989
0.05535385403695603,0.599
0.06027197353727509,0.5991000000000001
0.06517119111503233,0.5992000000000001
0.07000353653184321,0.5993
0.07473314910878703,0.5994
0.07932270001672914,0.5995
0.08374083206629201,0.5996
0.08795914694202911,0.5997
0.09195024228628734,0.5998
0.095690322845008,0.5999
0.09915728553326286,0.6
0.10233205163443582,0.6001000000000001
0.10519180294164254,0.6002000000000001
0.10770697681716368,0.6003000000000001
0.10986440847236068,0.6004
0.11166794008593017,0.6005
0.11311573597900282,0.6006
0.11420331359415903,0.6007
0.1149286680658077,0.6008
0.11528942203655435,0.6009
0.11528441065760131,0.601
0.11491339519877675,0.6011000000000001
0.11329864834994141,0.6012000000000001
0.11037133162969592,0.6013000000000001
0.10726011091338261,0.6014
0.10401531297356692,0.6015
0.10065918896711834,0.6016
0.09720392678832956,0.6017
0.09357086328911646,0.6018
0.08986381954247269,0.6019
0.0861164446341508,0.602
0.08236244426341699,0.6021000000000001
0.07863334501993502,0.6022000000000001
0.07495812311342065,0.6023000000000001
0.07136331151803244,0.6024
0.06770123349674517,0.6025
0.06409437530509843,0.6026
0.060590169915437864,0.6027
0.056999939536415134,0.6028
0.05355526333988703,0.6029
0.050287072181615544,0.603
0.047009384327850734,0.6031000000000001
0.04378219947328588,0.6032000000000001
0.040476806947430166,0.6033000000000001
0.037299373163109495,0.6034
0.03416821197089215,0.6035
0.031102901760939217,0.6036
0.028082249014515392,0.6037
0.025200106635070885,0.6038
0.022655584669911022,0.6039
0.020502219159219903,0.604
0.01867239717342506,0.6041000000000001
0.016964692213270238,0.6042000000000001
0.015710268608823963,0.6043000000000001
0.014692994915149082,0.6044
0.014118542858613026,0.6045
0.013807860862968813,0.6046
0.013931804915396251,0.6047
0.014619163846550709,0.6048
0.015923838738320928,0.6049
0.017822801196725857,0.605
0.020308366368473996,0.6051000000000001
0.02332641182095907,0.6052000000000001
0.026823014116604815,0.6053000000000001
0.030734414990638337,0.6054
0.034993156810163795,0.6055
0.039502879914404154,0.6056
0.04416819311517539,0.6057
0.0489444662718006,0.6058
0.053802661001369545,0.6059
0.058705718313698974,0.606
0.06360517619804285,0.6061000000000001
0.06845222540205109,0.6062000000000001
0.07320889413435305,0.6063000000000001
0.07783671114569646,0.6064
0.08230287146622528,0.6065
0.08657753085077846,0.6066
0.09063204995459428,0.6067
0.09444129438530557,0.6068
0.09798223038755327,0.6069
0.10123523020397096,0.607
0.10417731968206101,0.6071000000000001
0.1067789553995514,0.6072000000000001
0.10902670856838181,0.6073000000000001
0.11092370933850837,0.6074
0.11246713141231268,0.6075
0.11365136792299624,0.6076
0.11447337918976719,0.6077
0.11492996528598032,0.6078
0.11501932140805493,0.6079
0.11474066527391169,0.608
0.11385639223695865,0.6081
0.11097966879452648,0.6082000000000001
0.10789874655531961,0.6083000000000001
0.10467728248543451,0.6084
0.10134254622401184,0.6085
0.09790958169313124,0.6086
0.09430802139074124,0.6087
0.09061378363061667,0.6088
0.08687084113619903,0.6089
0.08311255038712329,0.609
0.07937074181606951,0.6091
0.07567457896132124,0.6092000000000001
0.0720508891928815,0.6093000000000001
0.06838536519092586,0.6094
0.06473993397803846,0.6095
0.06121697764792278,0.6096
0.057582334560770665,0.6097
0.054082057305452125,0.6098
0.050751716440951666,0.6099
0.047445603976114414,0.61
0.04415360611144381,0.6101
0.04081834862508682,0.6102000000000001
0.037571197840034376,0.6103000000000001
0.03439712992408217,0.6104
0.03125525633456494,0.6105
0.028176492603112058,0.6106
0.02520756949010572,0.6107
0.022567244519013707,0.6108
0.020310315395064338,0.6109
0.018393136166045876,0.611
0.01657993207997266,0.6111
0.015225652661690958,0.6112000000000001
0.014241957538866368,0.6113000000000001
0.013654110974117506,0.6114
0.01353431188874099,0.6115
0.013486911716950933,0.6116
0.013998331477141468,0.6117
0.015130245453210511,0.6118
0.01689063851206285,0.6119
0.019265091546884605,0.612
0.02219177217682433,0.6121
0.025616557226657566,0.6122000000000001
0.029469495109390786,0.6123000000000001
0.03368355023681513,0.6124
0.03816283791186059,0.6125
0.042810907899676565,0.6126
0.04758291385086455,0.6127
0.05244804096102329,0.6128
0.05736828782302528,0.6129
0.06229508657839411,0.613
0.067178543006574,0.6131
0.07198031584973041,0.6132000000000001
0.07666127490646812,0.6133000000000001
0.08118835734698893,0.6134000000000001
0.0855316800468966,0.6135
0.08966257287133239,0.6136
0.09355581297271642,0.6137
0.09718785386686024,0.6138
0.10053815814596467,0.6139
0.10358254779039022,0.614
0.1062903138221547,0.6141
0.10864702687357308,0.6142000000000001
0.11065519946611313,0.6143000000000001
0.11231185804329846,0.6144000000000001
0.11361145943300377,0.6145
0.11455095160886486,0.6146
0.11512695454259703,0.6147
0.11533734255453754,0.6148
0.11518156509953337,0.6149
0.11465938690844624,0.615
0.11210993775039979,0.6151
0.1090891046775736,0.6152000000000001
0.10591303711212174,0.6153000000000001
0.10261626696047355,0.6154000000000001
0.09921530626890274,0.6155
0.09568371150739863,0.6156
0.09201455778349932,0.6157
0.08828485633960492,0.6158
0.08452860652651284,0.6159
0.08077903657274788,0.616
0.07706654491954945,0.6161
0.07341902413333978,0.6162000000000001
0.0698199080524674,0.6163000000000001
0.06614797480436962,0.6164000000000001
0.06258942111974386,0.6165
0.05903818972549724,0.6166
0.05550479810748965,0.6167
0.052130386721249256,0.6168
0.048940779524605516,0.6169
0.045606198911302576,0.617
0.042400067797293106,0.6171
0.039098775554554877,0.6172000000000001
0.03602125588617544,0.6173000000000001
0.03283544397503624,0.6174000000000001
0.029874266628443502,0.6175
0.026821086337564637,0.6176
0.024067357093415787,0.6177
0.02167754993604598,0.6178
0.019696872199913784,0.6179
0.01790378999857678,0.618
0.016394169480461684,0.6181
0.015359296257484445,0.6182000000000001
0.014585345654291704,0.6183000000000001
0.014282574857113817,0.6184000000000001
0.014165628221635362,0.6185
0.014457522172104165,0.6186
0.015338366915658597,0.6187
0.01683370521232841,0.6188
0.018941654950399123,0.6189
0.021614671732854474,0.619
0.02480756199306633,0.6191
0.028454227231811124,0.6192000000000001
0.03249122537176308,0.6193000000000001
0.036851470919595286,0.6194000000000001
0.041437934667020615,0.6195
0.04615471691998119,0.6196
0.050961094068428414,0.6197
0.05582901228891335,0.6198
0.060724053061412375,0.6199
0.06559843256011078,0.62
0.0704043272844721,0.6201
0.07510566034949417,0.6202000000000001
0.07966483286728498,0.6203000000000001
0.08405072818954584,0.6204000000000001
0.08823456291312815,0.6205
0.09218884651488302,0.6206
0.09588936798375391,0.6207
0.09931439427372601,0.6208
0.10243838429174923,0.6209
0.10523008694479874,0.621
0.10767405050450773,0.6211
0.10977197596494848,0.6212
0.11152035547588912,0.6213000000000001
0.11291295819100733,0.6214000000000001
0.1139464234526476,0.6215
0.11461694682852519,0.6216
0.11492218034890067,0.6217
0.11486128763207215,0.6218
0.11443370529203889,0.6219
0.11272281318982924,0.622
0.10975827732606669,0.6221
0.10661478096244892,0.6222
0.10334180755148725,0.6223000000000001
0.09996136010847478,0.6224000000000001
0.09645407136128292,0.6225
0.09279998803758027,0.6226
0.08907744124836947,0.6227
0.08531956628357185,0.6228
0.08155968652056278,0.6229
0.07782914025130172,0.623
0.07415656360925948,0.6231
0.07054612134012572,0.6232
0.06684201834286052,0.6233000000000001
0.06324327496926363,0.6234000000000001
0.05967055002670807,0.6235
0.05608983050790761,0.6236
0.05266059787941901,0.6237
0.049411576109732236,0.6238
0.04604100485701568,0.6239
0.04279908476635419,0.624
0.03943377784798696,0.6241
0.0362858321286772,0.6242
0.03306309842019184,0.6243000000000001
0.0300349056714333,0.6244000000000001
0.0269330995088799,0.6245
0.024098767185201098,0.6246
0.021618417921263955,0.6247
0.019538636307096402,0.6248
0.01767060159947298,0.6249
0.016056708469574854,0.625
0.01491631203302024,0.6251
0.014043353949692028,0.6252
0.013662128415663943,0.6253000000000001
0.0136446346749457,0.6254000000000001
0.013808841740232003,0.6255000000000001
0.014551526053771413,0.6256
0.015921129012893998,0.6257
0.017914816769992514,0.6258
0.020507854779639123,0.6259
0.02363025895172277,0.626
0.027226498597147764,0.6261
0.031223483205326863,0.6262
0.0355550144741732,0.6263000000000001
0.040124040061899624,0.6264000000000001
0.044834102252590435,0.6265000000000001
0.04964360001692825,0.6266
0.054524590399864126,0.6267
0.059441368939623374,0.6268
0.06434679527383436,0.6269
0.06919236887499447,0.627
0.07394149167575759,0.6271
0.07855627839559953,0.6272
0.08300480340549365,0.6273000000000001
0.08725811963076668,0.6274000000000001
0.09128833092261512,0.6275000000000001
0.09507111534616564,0.6276
0.09858389325833494,0.6277
0.1018071642302546,0.6278
0.10471776668013921,0.6279
0.10728587772049547,0.628
0.10949804474005487,0.6281
0.1113577955650974,0.6282
0.11286302060453657,0.6283000000000001
0.11400897349619332,0.6284000000000001
0.11479337831729874,0.6285000000000001
0.1152135858115434,0.6286
0.11526815315233496,0.6287
0.11495655572444075,0.6288
0.11374691302631956,0.6289
0.11085480073443377,0.629
0.10776668616030805,0.6291
0.10454001020491155,0.6292
0.10119977314921946,0.6293000000000001
0.09776190827630926,0.6294000000000001
0.09414970237041709,0.6295000000000001
0.09045169501589545,0.6296
0.08670806539938403,0.6297
0.08295252837588718,0.6298
0.07921696749681018,0.6299
0.07553065355108801,0.63
0.07192046068614433,0.6301
0.06827196341922537,0.6302
0.06464638821202295,0.6303000000000001
0.06114690656863675,0.6304000000000001
0.0575426098797196,0.6305000000000001
0.05407112898443733,0.6306
0.05077195339081397,0.6307
0.047513709087334544,0.6308
0.04425529820195018,0.6309
0.04097233119169519,0.631
0.03775947588900186,0.6311
0.034646177799921185,0.6312
0.03153946450323275,0.6313000000000001
0.028526874361153753,0.6314000000000001
0.025595180431410736,0.6315000000000001
0.02299133520264185,0.6316
0.020771330757025863,0.6317
0.01893135071476948,0.6318
0.0171566805664618,0.6319
0.015825141632771045,0.632
0.01479912994935817,0.6321
0.014235672284430567,0.6322
0.01416980229162057,0.6323000000000001
0.014162394049866078,0.6324000000000001
0.014692690798561614,0.6325000000000001
0.015839006935189692,0.6326
0.017597956242267454,0.6327
0.019963888454107348,0.6328
0.022875031039646387,0.6329
0.026279640358083833,0.633
0.030110031926109615,0.6331
0.03430032378954073,0.6332
0.038754977306534544,0.6333000000000001
0.04337875098124577,0.6334000000000001
0.048126042442388606,0.6335000000000001
0.05296607151874677,0.6336
0.05786044998894546,0.6337
0.06276018120148541,0.6338
0.0676153739474663,0.6339
0.07238719401797133,0.634
0.07703634551043737,0.6341
0.08152936106720954,0.6342
0.08583608209792493,0.6343
0.08992769791154642,0.6344000000000001
0.09377901109234432,0.6345000000000001
0.09736669527418051,0.6346
0.10067048365705722,0.6347
0.10366640605050648,0.6348
0.10632382295586551,0.6349
0.10862835181695019,0.635
0.1105825866288942,0.6351
0.11218368882364416,0.6352
0.1134263159079063,0.6353
0.11430767540581854,0.6354000000000001
0.11482463627018247,0.6355000000000001
0.11497529452106492,0.6356
0.11475869461055554,0.6357
0.11418052326147721,0.6358
0.11149815855475242,0.6359
0.10844808445660203,0.636
0.10524866801225807,0.6361
0.10193212429159793,0.6362
0.09851415238997796,0.6363
0.09493563332839039,0.6364000000000001
0.09125233822991585,0.6365000000000001
0.08751469935922929,0.6366
0.08375590022477908,0.6367
0.08000811816860709,0.6368
0.0763010510711517,0.6369
0.07266217579908596,0.637
0.06900871434486056,0.6371
0.0653465511121144,0.6372
0.061802958742749436,0.6373
0.058189443500049176,0.6374000000000001
0.05467022166208779,0.6375000000000001
0.05131573184022775,0.6376000000000001
0.048041179946504364,0.6377
0.04472203057247248,0.6378
0.04141813701997976,0.6379
0.038137957663353594,0.638
0.03499245412735208,0.6381
0.031812529089625396,0.6382
0.028756251357072937,0.6383
0.025741936749576144,0.6384000000000001
0.023045212358172362,0.6385000000000001
0.020723379964979305,0.6386000000000001
0.018810240694682845,0.6387
0.01692918600497073,0.6388
0.01548378302041531,0.6389
0.014366000791599332,0.639
0.013688169038293285,0.6391
0.013556970963627402,0.6392
0.013640867916634436,0.6393
0.014034574546763157,0.6394000000000001
0.01503509299177086,0.6395000000000001
0.01666220247250272,0.6396000000000001
0.018909086867852753,0.6397
0.021737421844313598,0.6398
0.02506890341273782,0.6399
0.028847314614924624,0.64
0.03299665781817174,0.6401
0.03745124768852981,0.6402
0.04211412374211787,0.6403
0.04688857124883383,0.6404000000000001
0.051736993581344315,0.6405000000000001
0.056634800740542834,0.6406000000000001
0.06154853536047422,0.6407
0.06643289783819306,0.6408
0.07124033719567113,0.6409
0.07593587823051695,0.641
0.0804825482158239,0.6411
0.0848495274238219,0.6412
0.08900911369952802,0.6413
0.09293472778432976,0.6414000000000001
0.09660362768461495,0.6415000000000001
0.09999532929886112,0.6416000000000001
0.1030851580973231,0.6417
0.10584220258644517,0.6418
0.10825089910488195,0.6419
0.1103127211989019,0.642
0.11202404967190027,0.6421
0.1133787866698791,0.6422
0.11437387105373575,0.6423
0.11500580251803061,0.6424000000000001
0.11527243289219724,0.6425000000000001
0.115173067863507,0.6426000000000001
0.11470731365466502,0.6427
0.11255461098163433,0.6428
0.10957247616428101,0.6429
0.10642326355647258,0.643
0.10314787705587092,0.6431
0.09976505287747162,0.6432
0.09626078259604776,0.6433
0.09260481507287699,0.6434000000000001
0.08888284083140208,0.6435000000000001
0.08512879708979304,0.6436000000000001
0.08137608160973009,0.6437
0.07765542447879237,0.6438
0.07399500543331405,0.6439
0.07040428798135367,0.644
0.06671501500268828,0.6441
0.06313452698523048,0.6442
0.059590703985839655,0.6443
0.0560347014887983,0.6444000000000001
0.052633118216737884,0.6445000000000001
0.04941461054108531,0.6446000000000001
0.0460902746128411,0.6447
0.0428944571451535,0.6448
0.03955871054283033,0.6449
0.036440351669137616,0.645
0.0332656618912055,0.6451
0.030268113251768813,0.6452
0.02721958676927083,0.6453
0.024418832173540128,0.6454000000000001
0.021972504943545745,0.6455000000000001
0.01992841147691915,0.6456000000000001
0.018132941278649728,0.6457
0.016559369054414796,0.6458
0.01545458502839514,0.6459
0.014637820359924447,0.646
0.014257315229191603,0.6461
0.014103397354428893,0.6462
0.014316823250717814,0.6463
0.015112045327303703,0.6464000000000001
0.016520288380723613,0.6465000000000001
0.018543435143951292,0.6466000000000001
0.021137625406318472,0.6467
0.024260111328746836,0.6468
0.02784545907423097,0.6469
0.03183094952038479,0.647
0.036149307075310944,0.6471
0.04070373771322622,0.6472
0.04539831128302496,0.6473
0.050191237383576226,0.6474000000000001
0.05505347827869511,0.6475000000000001
0.05994995140734283,0.6476000000000001
0.06483244091261742,0.6477
0.06965272727846428,0.6478
0.07437415865477148,0.6479
0.0789586794328564,0.648
0.08337469946406872,0.6481
0.08759299898419737,0.6482
0.09158570911178487,0.6483
0.09532822752498904,0.6484
0.09879781967371992,0.6485000000000001
0.10197499747987526,0.6486000000000001
0.10483680819208274,0.6487
0.10735383455828229,0.6488
0.10951312486434484,0.6489
0.11131865665175666,0.649
0.11276853225627603,0.6491
0.11385807715810425,0.6492
0.11458506964083903,0.6493
0.11494700176121142,0.6494
0.11494264926094788,0.6495000000000001
0.11457174424676053,0.6496000000000001
0.11317322875168268,0.6497
0.11024478696377649,0.6498
0.1071276594729571,0.6499
0.10387662847497314,0.65
0.10051563622608917,0.6501
0.09704354974910523,0.6502
0.09340638469155316,0.6503
0.08969550525362568,0.6504
0.08594383735576694,0.6505000000000001
0.08218474622760796,0.6506000000000001
0.07844981627230918,0.6507000000000001
0.07476804069938903,0.6508
0.07116597221573628,0.6509
0.06746453455376022,0.651
0.06384805710212804,0.6511
0.06029896554101366,0.6512
0.05669785905761526,0.6513
0.053242782571593095,0.6514
0.049963636104411346,0.6515000000000001
0.04662309810816545,0.6516000000000001
0.04338296206828973,0.6517000000000001
0.04001369772813934,0.6518
0.03682631725151153,0.6519
0.03362850130702255,0.652
0.03055673885463439,0.6521
0.027470468886190647,0.6522
0.02458431932742222,0.6523
0.022041846242701224,0.6524
0.01989359044732275,0.6525000000000001
0.017992520147856572,0.6526000000000001
0.016286357010566244,0.6527000000000001
0.015055367233713701,0.6528
0.014134235136487927,0.6529
0.013673674624987475,0.653
0.013620375410237529,0.6531
0.013701803206688457,0.6532
0.014354470415740339,0.6533
0.015631172334989563,0.6534
0.017533411172308444,0.6535000000000001
0.02004073862564759,0.6536000000000001
0.023086351809139094,0.6537000000000001
0.02661501862012905,0.6538
0.030555259521203082,0.6539
0.03484024386761542,0.654
0.039373561221210274,0.6541
0.04405875671826753,0.6542
0.0488529252410268,0.6543
0.053727143948835376,0.6544
0.05864471929227322,0.6545000000000001
0.06355797267766827,0.6546000000000001
0.06841774221668451,0.6547000000000001
0.0731866604508079,0.6548
0.07782630231524346,0.6549
0.08230430986903747,0.655
0.08659145848083039,0.6551
0.09065964980515107,0.6552
0.09448427912588742,0.6553
0.09804239249168023,0.6554
0.10131404125496513,0.6555000000000001
0.10427560201092734,0.6556000000000001
0.10689685465800103,0.6557000000000001
0.1091639220203513,0.6558
0.11107989969945475,0.6559
0.11264230585776214,0.656
0.1138460514300993,0.6561
0.11468853834593784,0.6562
0.11516683403638928,0.6563
0.11527925886155399,0.6564
0.11502508900573383,0.6565000000000001
0.11417330069250686,0.6566000000000001
0.1113152857435622,0.6567000000000001
0.10825073948081831,0.6568
0.10504320333718353,0.6569
0.10171998384231995,0.657
0.09829620297700459,0.6571
0.09471377271530446,0.6572
0.09102638584719525,0.6573
0.08728796295161823,0.6574
0.08353230686815538,0.6575000000000001
0.07979168072797604,0.6576000000000001
0.07609561884037153,0.6577000000000001
0.0724713750515742,0.6578
0.0688403840895756,0.6579
0.0651972315506445,0.658
0.061675272951460025,0.6581
0.058089081044698565,0.6582
0.0545933300274537,0.6583
0.05126465591086138,0.6584
0.04802712775042539,0.6585000000000001
0.04473807680104214,0.6586000000000001
0.041477083124202174,0.6587000000000001
0.03822860864351707,0.6588
0.035129949489498324,0.6589
0.03198085021954111,0.659
0.028989448742480883,0.6591
0.026015095389669396,0.6592
0.023356997066782625,0.6593
0.021074490637631893,0.6594
0.019209819733624345,0.6595000000000001
0.017400987639047072,0.6596000000000001
0.015993826713200265,0.6597000000000001
0.014926916493888998,0.6598
0.014281690840060257,0.6599
0.014144913272864379,0.66
0.014083846190211302,0.6601
0.014525840556806946,0.6602
0.015578247344882001,0.6603
0.01724343349854629,0.6604
0.019519584698921344,0.6605000000000001
0.022348846675245504,0.6606000000000001
0.025681141630138127,0.6607000000000001
0.02944956280075539,0.6608
0.03358866107168357,0.6609
0.038031358320752995,0.661
0.042680848660944015,0.6611
0.04744088444510042,0.6612
0.05227357118545495,0.6613
0.057153124134387,0.6614
0.06204672613123963,0.6615
0.0669079963561594,0.6616000000000001
0.07168976438166408,0.6617000000000001
0.07635706321720503,0.6618
0.08087278612939275,0.6619
0.08520644870859218,0.662
0.08933002862194583,0.6621
0.09321695156120802,0.6622
0.096844202290857,0.6623
0.10019121172246481,0.6624
0.10323340178547191,0.6625
0.1059401708022738,0.6626000000000001
0.10829655677971028,0.6627000000000001
0.11030469230358919,0.6628000000000001
0.11196141657663039,0.6629
0.11326082329892018,0.663
0.11419989507735362,0.6631
0.11477512796316447,0.6632
0.11498446386508965,0.6633
0.11482738439210693,0.6634
0.11430372096405861,0.6635
0.1119789103390263,0.6636000000000001
0.10896282873165752,0.6637000000000001
0.10578664412714944,0.6638000000000001
0.1024888283612152,0.6639
0.0990871963453539,0.664
0.09553972938495303,0.6641
0.09186836645903695,0.6642
0.08813611982260472,0.6643
0.08437652199782986,0.6644
0.08062262448024693,0.6645
0.07690493070408266,0.6646000000000001
0.07325130787884393,0.6647000000000001
0.06961078052413072,0.6648000000000001
0.06593013583175444,0.6649
0.06236354758694129,0.665
0.0587628923288428,0.6651
0.055220347388558855,0.6652
0.05183794913882922,0.6653
0.04858540049491977,0.6654
0.04523888321197034,0.6655
0.04196347898803543,0.6656000000000001
0.038652033001583375,0.6657000000000001
0.035531482550630544,0.6658000000000001
0.032313453831789074,0.6659
0.029290130736759012,0.666
0.026237322272219643,0.6661
0.023490238798060226,0.6662
0.021109764087018146,0.6663
0.01913975594904982,0.6664
0.017277711947893515,0.6665
0.01577398656373541,0.6666000000000001
0.01471454158853791,0.6667000000000001
0.01395869066268074,0.6668000000000001
0.013715775486503823,0.6669
0.013762918687638015,0.667
0.014061374527512216,0.6671
0.01494959090585013,0.6672
0.016466347771386447,0.6673
0.018602383869782413,0.6674
0.021326876050736798,0.6675
0.024565390666815734,0.6676000000000001
0.028261894735567505,0.6677000000000001
0.03234201815961879,0.6678000000000001
0.03674023075132138,0.6679
0.04135922049742424,0.668
0.04610274588531338,0.6681
0.050931125606796135,0.6682
0.055818160359368596,0.6683
0.060729326819243146,0.6684
0.06561828275913684,0.6685
0.07043719595052711,0.6686000000000001
0.07515040610088786,0.6687000000000001
0.07972073804277846,0.6688000000000001
0.08411701228533186,0.6689
0.08831102515103206,0.669
0.09227557210131221,0.6691
0.0959870781933182,0.6692
0.09942428216540322,0.6693
0.10256190985769587,0.6694
0.10536871193268482,0.6695
0.10782892010518408,0.6696000000000001
0.1099438407266019,0.6697000000000001
0.11170970840507821,0.6698000000000001
0.11312026402380715,0.6699
0.11417225225240768,0.67
0.11486200400307145,0.6701
0.11518721217018191,0.6702
0.11514700145528445,0.6703
0.11474073499420323,0.6704
0.11300278383863582,0.6705
0.11005334248946763,0.6706000000000001
0.10692442332330476,0.6707000000000001
0.10366443162833117,0.6708000000000001
0.10029498130985892,0.6709
0.0968103760282154,0.671
0.09316583592795236,0.6711
0.08945087856156808,0.6712
0.08569901378572531,0.6713
0.08194378043702444,0.6714
0.07821655222021162,0.6715
0.07454605575943063,0.6716000000000001
0.07095853525830842,0.6717000000000001
0.06726977905749076,0.6718000000000001
0.06367178805189344,0.6719
0.060141334468609364,0.672
0.05656247304086626,0.6721
0.05313286212624502,0.6722
0.04988250917386794,0.6723
0.046573929473403775,0.6724
0.043365838335876594,0.6725
0.040031666149055845,0.6726000000000001
0.036878522955359205,0.6727000000000001
0.033724009194856075,0.6728000000000001
0.030688380016850925,0.6729
0.027652431121381937,0.673
0.02480538564916035,0.6731
0.022303120183715608,0.6732
0.020196797778219144,0.6733
0.018360640847612908,0.6734
0.0166990829394853,0.6735
0.015509865731648587,0.6736000000000001
0.014642516900930325,0.6737000000000001
0.014220684757501267,0.6738000000000001
0.014215702875206793,0.6739
0.01432968810040025,0.674
0.015008072918434312,0.6741
0.016302217189098078,0.6742
0.018213043334249113,0.6743
0.020720864044893927,0.6744
0.02376059502067518,0.6745
0.02727869266182381,0.6746
0.031205178735134398,0.6747000000000001
0.03547425866381171,0.6748000000000001
0.039990191018894894,0.6749
0.0446568972500585,0.675
0.0494314267791327,0.6751
0.05428460087028153,0.6752
0.059179420557566864,0.6753
0.06406791913431165,0.6754
0.06890072892448862,0.6755
0.07364032576549628,0.6756
0.07824819742547906,0.6757000000000001
0.08269194912309275,0.6758000000000001
0.0869423479128284,0.6759000000000001
0.09097130965539812,0.676
0.0947542485635231,0.6761
0.09826824057686379,0.6762
0.10149338772479521,0.6763
0.10440612336452271,0.6764
0.10697630227477506,0.6765
0.10919022729025729,0.6766
0.11105126954654065,0.6767000000000001
0.11255722776590704,0.6768000000000001
0.11370330572398857,0.6769000000000001
0.11448721803273665,0.677
0.11490633739611567,0.6771
0.11495927723286381,0.6772
0.11464559408688457,0.6773
0.11362086508652014,0.6774
0.11072906168206365,0.6775
0.1076374339372298,0.6776
0.10440703211993319,0.6777000000000001
0.10106423256765784,0.6778000000000001
0.09761985768642167,0.6779000000000001
0.09399802054560702,0.678
0.09029765013600388,0.6781
0.08655118528255501,0.6782
0.08279185613980866,0.6783
0.07905147403160317,0.6784
0.07535939564121374,0.6785
0.0717426458289585,0.6786
0.0680562666924438,0.6787000000000001
0.06442220393798304,0.6788000000000001
0.06088837564073579,0.6789000000000001
0.05726754677751056,0.679
0.05378841549738134,0.6791
0.05048176123104886,0.6792
0.04716771061628533,0.6793
0.043900209563781045,0.6794
0.04056137906573376,0.6795
0.03734184996312129,0.6796
0.034171324678726966,0.6797000000000001
0.03106097537875674,0.6798000000000001
0.02799314531108843,0.6799000000000001
0.025060204621523807,0.68
0.022460432168680322,0.6801
0.020247278017764048,0.6802
0.018348204374758925,0.6803
0.01657745908720054,0.6804
0.015269735266053575,0.6805
0.014315205639005013,0.6806
0.013774093636546247,0.6807000000000001
0.013683583314688885,0.6808000000000001
0.013681931809839787,0.6809000000000001
0.014241485182237446,0.681
0.015420806903221784,0.6811
0.017225749717079353,0.6812
0.019640198456555957,0.6813
0.022601156651401277,0.6814
0.026054555977505167,0.6815
0.029930289394197063,0.6816
0.03416160232832133,0.6817000000000001
0.0386525929988486,0.6818000000000001
0.04330690472027232,0.6819000000000001
0.04808029282642945,0.682
0.052942496782190096,0.6821
0.05785589503817956,0.6822
0.06277218078189517,0.6823
0.06764168274531213,0.6824
0.07242635326522529,0.6825
0.07708727714571462,0.6826
0.08159160625359052,0.6827000000000001
0.08590965731459366,0.6828000000000001
0.09001293414749856,0.6829000000000001
0.0938764007044296,0.683
0.09747669131893988,0.6831
0.1007934529080673,0.6832
0.10380269128605146,0.6833
0.1064738755896274,0.6834
0.10879278334377362,0.6835
0.11076215228913144,0.6836
0.11237921909571602,0.6837000000000001
0.11363864836955673,0.6838000000000001
0.11453759899359428,0.6839000000000001
0.11507289837098034,0.684
0.11524262229183846,0.6841
0.11504579534988268,0.6842
0.11448806029744696,0.6843
0.11176578774348622,0.6844
0.10872743785454309,0.6845
0.10553943388181264,0.6846
0.10223291948977387,0.6847000000000001
0.09882318201988127,0.6848000000000001
0.0952658390758584,0.6849000000000001
0.09158948551555934,0.685
0.0878570607773268,0.6851
0.08410227081660915,0.6852
0.08035764497530495,0.6853
0.07665300959122479,0.6854
0.07301597323708875,0.6855
0.06939920471422623,0.6856
0.06574005389505089,0.6857000000000001
0.06219738662120089,0.6858000000000001
0.05862708797280569,0.6859000000000001
0.055109024948886365,0.686
0.05175298531361139,0.6861
0.04853527690322501,0.6862
0.045218143924180554,0.6863
0.041980187734518726,0.6864
0.038699680128696956,0.6865
0.03562013272775477,0.6866
0.03243326959009463,0.6867000000000001
0.029451685498814495,0.6868000000000001
0.026431689498369826,0.6869000000000001
0.023718821674682422,0.687
0.021374477522785984,0.6871
0.019442568662990434,0.6872
0.01763599684654915,0.6873
0.016173292556554975,0.6874
0.015162940880079967,0.6875
0.014445187521396674,0.6876
0.014205135416075265,0.6877
0.01410811139190149,0.6878000000000001
0.014461999809262771,0.6879000000000001
0.015411905164996798,0.6880000000000001
0.01697845630361461,0.6881
0.019156650882425685,0.6882
0.0218954275599359,0.6883
0.025147312056479354,0.6884
0.028845489232958155,0.6885
0.03292563696811435,0.6886
0.037320801793083946,0.6887
0.04193374061944555,0.6888000000000001
0.046668688609866615,0.6889000000000001
0.05148597562673274,0.6890000000000001
0.056358547151768024,0.6891
0.06125274056858432,0.6892
0.06612129423146063,0.6893
0.07091679950249241,0.6894
0.07560366578528177,0.6895
0.08014462166467595,0.6896
0.08450888340246054,0.6897
0.08866800819391407,0.6898000000000001
0.09259485586665084,0.6899000000000001
0.09626562536164329,0.6900000000000001
0.09965898516229832,0.6901
0.1027497549669717,0.6902
0.10550698684044757,0.6903
0.10791550330185895,0.6904
0.1099772665790758,0.6905
0.1116889811396855,0.6906
0.11304459899006425,0.6907
0.114040929510008,0.6908000000000001
0.11467431754678614,0.6909000000000001
0.1149425602276698,0.6910000000000001
0.11484497076388678,0.6911
0.11438115097073698,0.6912
0.11245380216262724,0.6913
0.1094720131003255,0.6914
0.10631791095202847,0.6915
0.10303709977537079,0.6916
0.09965012933226447,0.6917
0.09612625856743351,0.6918000000000001
0.09246702029159282,0.6919000000000001
0.088742179657477,0.6920000000000001
0.08498492700939586,0.6921
0.0812283784480693,0.6922
0.07750344432995548,0.6923
0.07383841941178837,0.6924
0.07021416482042941,0.6925
0.06651971319070749,0.6926
0.06293473702899455,0.6927
0.059354308352375096,0.6928000000000001
0.05579212620801566,0.6929000000000001
0.0523846722397443,0.6930000000000001
0.04915849725563626,0.6931
0.04578593084620031,0.6932
0.04254109763707081,0.6933
0.03919924105026662,0.6934
0.03607843150139556,0.6935
0.03285323934226847,0.6936
0.029850444944688137,0.6937
0.026753673665976363,0.6938000000000001
0.023952211709683757,0.6939000000000001
0.021509888701932045,0.6940000000000001
0.019471747872490175,0.6941
0.017618036364691392,0.6942
0.016046160290001277,0.6943
0.01494791995302669,0.6944
0.014111116328965112,0.6945
0.01377772584782977,0.6946
0.01378992807070989,0.6947
0.013999930572475172,0.6948000000000001
0.014790199084942612,0.6949000000000001
0.016206174916548743,0.6950000000000001
0.018243059094146696,0.6951
0.02087457422610073,0.6952
0.024029732662288694,0.6953
0.027653114731647,0.6954
0.03167153034549486,0.6955
0.03601913086732034,0.6956
0.040598921364043195,0.6957
0.04531458778838182,0.6958000000000001
0.05012509688202793,0.6959000000000001
0.055002990691444875,0.6960000000000001
0.059912863959090346,0.6961
0.06480776944632671,0.6962
0.06963938630615796,0.6963
0.07437139765719392,0.6964
0.07896615824981001,0.6965
0.08339200120767387,0.6966
0.0876202288026997,0.6967
0.09162316505268853,0.6968000000000001
0.0953767090121811,0.6969000000000001
0.09885848180370382,0.6970000000000001
0.10204916971904177,0.6971
0.10492577662155189,0.6972
0.10745862302189846,0.6973
0.1096344319330459,0.6974
0.1114569342110504,0.6975
0.11292420943746051,0.6976
0.11403170105883376,0.6977
0.11477733131957957,0.6978000000000001
0.11515864765524753,0.6979000000000001
0.115174400499096,0.6980000000000001
0.1148242537366817,0.6981
0.1134271935729082,0.6982
0.11051377981973665,0.6983
0.10741054245787862,0.6984
0.10417176773574177,0.6985
0.1008212460235185,0.6986
0.09736884008509372,0.6987
0.09374071233175796,0.6988000000000001
0.09003705768677905,0.6989000000000001
0.0862910675685501,0.6990000000000001
0.08253627636455929,0.6991
0.07880432778123247,0.6992
0.0751243270407389,0.6993
0.07152296224874233,0.6994
0.0678536025054991,0.6995
0.06423856103411996,0.6996
0.06072589000070561,0.6997
0.05712649438890982,0.6998000000000001
0.053671206320026865,0.6999000000000001
0.050390937968428196,0.7000000000000001
0.047104986472030985,0.7001000000000001
0.043865573031334204,0.7002
0.040554549732404466,0.7003
0.03736464893918057,0.7004
0.034227623927031825,0.7005
0.03114892246418388,0.7006
0.028120676109657516,0.7007
0.02522284690762766,0.7008
0.0226601542501923,0.7009000000000001
0.020486375055210893,0.7010000000000001
0.01864188241747966,0.7011000000000001
0.016912411274078387,0.7012
0.0156345656059258,0.7013
0.014629193816980468,0.7014
0.01412212347827868,0.7015
0.014080273724544234,0.7016
0.014131382165132989,0.7017
0.014727515267353164,0.7018
0.01594315399402091,0.7019000000000001
0.017771853651653347,0.7020000000000001
0.020204892344196423,0.7021000000000001
0.023177610843990726,0.7022
0.026637230580979887,0.7023
0.030514915447135804,0.7024
0.034744599223129446,0.7025
0.039230297797147484,0.7026
0.0438766729586364,0.7027
0.04863911388195441,0.7028
0.05348786884750156,0.7029000000000001
0.058385287918151896,0.7030000000000001
0.06328289013027011,0.7031000000000001
0.0681312080021379,0.7032
0.07289194578455704,0.7033
0.0775262018595031,0.7034
0.08200089773429808,0.7035
0.08628623822793802,0.7036
0.09035373041051298,0.7037
0.09417851739730909,0.7038
0.09773759653760683,0.7039000000000001
0.10101101422527514,0.7040000000000001
0.10397508925854448,0.7041000000000001
0.10659942725679705,0.7042
0.10886989248012968,0.7043
0.1107893132721206,0.7044
0.1123550329364783,0.7045
0.11356186645485966,0.7046
0.11440717379847898,0.7047
0.11488797597150002,0.7048
0.11500252532309807,0.7049000000000001
0.11475002846188398,0.7050000000000001
0.11408272326051905,0.7051000000000001
0.11122631886130407,0.7052
0.10815944741987116,0.7053
0.10494922880672952,0.7054
0.10162434119257702,0.7055
0.09819943372990414,0.7056
0.09460527849925593,0.7057
0.09091660138365609,0.7058
0.08717653768425038,0.7059000000000001
0.08341837129951957,0.7060000000000001
0.07967419198207282,0.7061000000000001
0.07597351934446506,0.7062
0.07234362026868169,0.7063
0.06868139913941818,0.7064
0.065030289433325,0.7065
0.061500710133885916,0.7066
0.05787799919232728,0.7067
0.05437412844520706,0.7068
0.05103823623640058,0.7069000000000001
0.04775422998180434,0.7070000000000001
0.04445474621065104,0.7071000000000001
0.04114118540310696,0.7072
0.03788377897258455,0.7073
0.03473332769245663,0.7074
0.03158006599120555,0.7075
0.028525835164083357,0.7076
0.025542757898715074,0.7077
0.022882305971130057,0.7078
0.020600676270353002,0.7079000000000001
0.018701746143257703,0.7080000000000001
0.016861814860000823,0.7081000000000001
0.015462775128221695,0.7082
0.014373800760205002,0.7083
0.013743932963743655,0.7084
0.013664299651499068,0.7085
0.013775031903415558,0.7086
0.014217892301461532,0.7087
0.01526986732955704,0.7088
0.016947154232380912,0.7089000000000001
0.019240802616093955,0.7090000000000001
0.02211076343614682,0.7091000000000001
0.025477753737402686,0.7092
0.029285765842422817,0.7093
0.03345864801967524,0.7094
0.037931104202873156,0.7095
0.04260621245074003,0.7096
0.047387418099092304,0.7097
0.05223772603488497,0.7098
0.057133071332562624,0.7099000000000001
0.06204035741838598,0.7100000000000001
0.06691453135695202,0.7101000000000001
0.07170824635233952,0.7102
0.07638680626718952,0.7103
0.08091345677909378,0.7104
0.08525761479486482,0.7105
0.0893918173740853,0.7106
0.09328970547061011,0.7107
0.0969287664001266,0.7108
0.10028872758998175,0.7109000000000001
0.10334510114766315,0.7110000000000001
0.10606714199430467,0.7111000000000001
0.10843948992914632,0.7112
0.11046385736197373,0.7113
0.11213683195611612,0.7114
0.11345250507869709,0.7115
0.11440800608607726,0.7116
0.11500001615243449,0.7117
0.11522656791330477,0.7118
0.1150871468252378,0.7119000000000001
0.11458153986802333,0.7120000000000001
0.11222700700059429,0.7121000000000001
0.10922320862263146,0.7122
0.10605890902164494,0.7123
0.10277149137059638,0.7124
0.09937836075065043,0.7125
0.0958521122244329,0.7126
0.09218738965760687,0.7127
0.08845984421397657,0.7128
0.08470345235712895,0.7129000000000001
0.08095153388747056,0.7130000000000001
0.07723466442037585,0.7131000000000001
0.07358083682663141,0.7132000000000001
0.06997013926495599,0.7133
0.06628948211702312,0.7134
0.06272112121097506,0.7135
0.05915573019664322,0.7136
0.055612997850832624,0.7137
0.05222847902964545,0.7138
0.04902383951988987,0.7139
0.045676648842774004,0.7140000000000001
0.04245244910822521,0.7141000000000001
0.0391377296787776,0.7142000000000001
0.03604639783563801,0.7143
0.03284645298519262,0.7144
0.029874974870715665,0.7145
0.026810828168030598,0.7146
0.02404508706567432,0.7147
0.021641963602912373,0.7148
0.019646565159370466,0.7149
0.01784384247366133,0.7150000000000001
0.016317566065648492,0.7151000000000001
0.015267232967795863,0.7152000000000001
0.014475086966736939,0.7153
0.014153832598202243,0.7154
0.014022748026842224,0.7155
0.014297382365448419,0.7156
0.015161376266582316,0.7157
0.01664126216381856,0.7158
0.018735722036993252,0.7159
0.021397580930251126,0.7160000000000001
0.024581631667720094,0.7161000000000001
0.02822157039058193,0.7162000000000001
0.032253739990715236,0.7163
0.036610819634789626,0.7164
0.04119569643400478,0.7165
0.045912438673823,0.7166
0.05072023746950349,0.7167
0.055591006617598415,0.7168
0.06049033610968235,0.7169
0.06537046565532356,0.7170000000000001
0.07018356916990964,0.7171000000000001
0.07489352378766245,0.7172000000000001
0.07946268707278403,0.7173
0.08385988524300514,0.7174
0.08805627904899938,0.7175
0.09202432632970092,0.7176
0.09573976293780495,0.7177
0.09918080311364286,0.7178
0.1023218646875973,0.7179
0.10513166520450601,0.7180000000000001
0.10759467848157978,0.7181000000000001
0.10971249053157306,0.7182000000000001
0.11148149249467876,0.7183
0.11289535698402486,0.7184
0.11395061803922868,0.7185
0.11464336587995083,0.7186
0.11497114329323743,0.7187
0.11493300150500319,0.7188
0.11452826239787972,0.7189
0.11292806298994662,0.7190000000000001
0.10997797567737133,0.7191000000000001
0.10684529647211483,0.7192000000000001
0.10358131905032641,0.7193
0.10020873053163004,0.7194
0.09671511541375699,0.7195
0.09306791586332286,0.7196
0.08935033847866625,0.7197
0.08559548224570379,0.7198
0.08183670233537177,0.7199
0.07810541190950016,0.7200000000000001
0.07443033478298033,0.7201000000000001
0.07083310634320428,0.7202000000000001
0.06712511484272021,0.7203
0.06352026501857366,0.7204
0.059961273101606594,0.7205
0.05637370028966626,0.7206
0.052935352491417786,0.7207
0.04967568648346021,0.7208
0.04632446943924062,0.7209
0.043102693551695825,0.7210000000000001
0.03972690772008902,0.7211000000000001
0.03656484692467399,0.7212000000000001
0.033363028524830085,0.7213
0.03032053041804983,0.7214
0.027237500399494685,0.7215
0.02438524777892037,0.7216
0.02188197903187694,0.7217
0.019776792488129136,0.7218
0.017889850475236058,0.7219
0.0162264939788741,0.7220000000000001
0.015043776669521947,0.7221000000000001
0.01415220066718037,0.7222000000000001
0.01374123831556795,0.7223
0.01371829074461628,0.7224
0.013849223469362792,0.7225
0.01455470052283303,0.7226
0.015884223106752637,0.7227
0.017836957838492262,0.7228
0.020390498952782776,0.7229
0.023476599569345336,0.7230000000000001
0.027039893156483696,0.7231000000000001
0.031008611959023158,0.7232000000000001
0.03531616787136316,0.7233
0.039866105764539084,0.7234
0.044562054154408504,0.7235
0.04936177095681549,0.7236
0.05423693617593561,0.7237
0.059151241621325124,0.7238
0.06405724822607017,0.7239
0.06890598896950806,0.7240000000000001
0.0736603821823083,0.7241000000000001
0.07828221838628224,0.7242000000000001
0.08273937304514178,0.7243
0.08700285500281724,0.7244
0.09104478285710016,0.7245
0.09484079083270436,0.7246
0.0983681581366499,0.7247
0.10160716703207806,0.7248
0.10453440531237446,0.7249
0.10711983309606232,0.7250000000000001
0.1093497812831622,0.7251000000000001
0.11122757028475805,0.7252000000000001
0.11275090494568474,0.7253000000000001
0.11391486774696125,0.7254
0.1147170350145339,0.7255
0.11515464812314458,0.7256
0.11522620478251566,0.7257
0.11493116378016932,0.7258
0.11385552562326084,0.7259
0.11097372147102069,0.7260000000000001
0.10789228573535281,0.7261000000000001
0.10467101230926934,0.7262000000000001
0.10133578373388241,0.7263000000000001
0.09790219262686972,0.7264
0.09429804893821025,0.7265
0.0906031388189068,0.7266
0.08686077713020524,0.7267
0.08310458497854256,0.7268
0.0793665050919089,0.7269
0.07567588119457114,0.727
0.07205973511970887,0.7271000000000001
0.06840930440147142,0.7272000000000001
0.064775910058261,0.7273000000000001
0.06126720609595393,0.7274
0.0576587471109109,0.7275
0.05417703112989036,0.7276
0.0508662618132707,0.7277
0.04760135143000643,0.7278
0.04433059291905983,0.7279
0.04104077722668764,0.728
0.037814557206364396,0.7281000000000001
0.03469249872505942,0.7282000000000001
0.031571277570253686,0.7283000000000001
0.028548058345024607,0.7284
0.025600279693871908,0.7285
0.022978741278692816,0.7286
0.020739667517756022,0.7287
0.018885017506694135,0.7288
0.017090820097904746,0.7289
0.01573873607338583,0.729
0.014695862849579244,0.7291000000000001
0.014112094643437878,0.7292000000000001
0.014029965906158681,0.7293000000000001
0.014003354897903941,0.7294
0.0145145599526868,0.7295
0.015643059926552905,0.7296
0.01738627667889614,0.7297
0.01973903489608242,0.7298
0.022639744943820705,0.7299
0.02603643295374858,0.73
0.029861257005064035,0.7301000000000001
0.034048084432208414,0.7302000000000001
0.03850128092162741,0.7303000000000001
0.04312551651505325,0.7304
0.04787498807903945,0.7305
0.0527187715243429,0.7306
0.057618414494910786,0.7307
0.0625249002489604,0.7308
0.06738831577924365,0.7309
0.07216976726643565,0.731
0.0768299120717626,0.7311000000000001
0.08133522484694411,0.7312000000000001
0.08565548748306917,0.7313000000000001
0.08976183364659274,0.7314
0.09362900287458764,0.7315
0.0972336040520484,0.7316
0.10055529895340076,0.7317
0.10357004623473576,0.7318
0.10624713747092163,0.7319
0.10857209146913827,0.732
0.11054738077127435,0.7321000000000001
0.1121700565105157,0.7322000000000001
0.1134346696390498,0.7323000000000001
0.1143383184751714,0.7324
0.11487776584896925,0.7325
0.11505100439544547,0.7326
0.1148569771379172,0.7327
0.11430128822839358,0.7328
0.1117091865333143,0.7329
0.10867073075029021,0.733
0.10547966370988604,0.7331000000000001
0.10216976311919745,0.7332000000000001
0.09875731852670766,0.7333000000000001
0.09519297235990909,0.7334
0.09151432874463383,0.7335
0.0877794909294225,0.7336
0.08402171994144225,0.7337
0.08027328571625658,0.7338
0.07656396675674748,0.7339
0.07292134114987281,0.734
0.06928362553662981,0.7341000000000001
0.06561679229183415,0.7342000000000001
0.062066395970500565,0.7343000000000001
0.05847022092785292,0.7344
0.05494373327441893,0.7345
0.05157964572523088,0.7346
0.04832596534531142,0.7347
0.044997069914110455,0.7348
0.04171479636770847,0.7349
0.03842259007338855,0.735
0.03529708989627944,0.7351000000000001
0.032102121484939294,0.7352000000000001
0.029061987504618525,0.7353000000000001
0.026029307752647224,0.7354
0.023309526635900468,0.7355
0.020961361503724962,0.7356
0.019027994014395144,0.7357
0.017155195281328917,0.7358
0.01568152995276817,0.7359
0.014555502841547163,0.736
0.013842946291011016,0.7361000000000001
0.013671004673680764,0.7362000000000001
0.013746103326530701,0.7363000000000001
0.014099979691101439,0.7364
0.015054645124272792,0.7365
0.016633665945771314,0.7366
0.01883238863936887,0.7367
0.02161499434367431,0.7368
0.024905103536275064,0.7369
0.028646866119769188,0.737
0.03276503814922971,0.7371000000000001
0.037193818347619256,0.7372000000000001
0.041836407379071794,0.7373000000000001
0.04659603528716838,0.7374
0.0514343572275362,0.7375
0.056326077507252936,0.7376
0.06123721999240095,0.7377
0.06612211188363681,0.7378
0.07093293226943531,0.7379
0.07563436733251228,0.738
0.08018921211138785,0.7381000000000001
0.08456640315018671,0.7382000000000001
0.08873798230311736,0.7383000000000001
0.09267712235661119,0.7384000000000001
0.09636080526232249,0.7385
0.09976829637126394,0.7386
0.102874709974907,0.7387
0.10564896880381447,0.7388
0.1080753702268209,0.7389
0.11015526135262521,0.739
0.11188492799335659,0.7391000000000001
0.11325819575686835,0.7392000000000001
0.11427193336806984,0.7393000000000001
0.11492257985712984,0.7394000000000001
0.11520792418456072,0.7395
0.11512720137556942,0.7396
0.11467993381572972,0.7397
0.11267986600063484,0.7398
0.10970772632196846,0.7399
0.10656410808352534,0.74
0.10329271713638799,0.7401
0.09991335932038703,0.7402000000000001
0.09641443412873096,0.7403000000000001
0.09276123514204349,0.7404000000000001
0.08904057388689601,0.7405
0.08528618157269552,0.7406
0.08153141514433415,0.7407
0.07780711595008083,0.7408
0.07414158452295305,0.7409
0.0705499294287133,0.741
0.06685423566946203,0.7411
0.06326593316649998,0.7412000000000001
0.059720703883084925,0.7413000000000001
0.05615601871007958,0.7414000000000001
0.05274422577874649,0.7415
0.04951419954997838,0.7416
0.04618816484478039,0.7417
0.042990592018997686,0.7418
0.03964268179828312,0.7419
0.03651035281060522,0.742
0.033331550159598544,0.7421
0.030319248020674427,0.7422000000000001
0.02726318249333337,0.7423000000000001
0.024445382561893325,0.7424000000000001
0.021979762547658765,0.7425
0.019914575013372904,0.7426
0.018104782383446594,0.7427
0.01650957470276504,0.7428
0.015381682319264733,0.7429
0.014546659498671177,0.743
0.014174219641672092,0.7431
0.014187836325664227,0.7432000000000001
0.014354182438357066,0.7433000000000001
0.015089613482622388,0.7434000000000001
0.016443482619082683,0.7435
0.018414048005914285,0.7436
0.020978722003965,0.7437
0.024070236239021936,0.7438
0.027634803720066436,0.7439
0.0316010181171309,0.744
0.03590350664093167,0.7441
0.040445837164402754,0.7442000000000001
0.04513177886794506,0.7443000000000001
0.04991917819660774,0.7444000000000001
0.05477939936279608,0.7445
0.05967615620316158,0.7446
0.06456186180813583,0.7447
0.0693876955567907,0.7448
0.07411674037595772,0.7449
0.07871090659495927,0.745
0.08313810603724503,0.7451
0.0873692554891653,0.7452000000000001
0.09137634975700293,0.7453000000000001
0.09513493537490092,0.7454000000000001
0.09862230073454359,0.7455
0.1018188237527703,0.7456
0.10470123297654377,0.7457
0.10723963502132328,0.7458
0.10942061478481258,0.7459
0.11124784483754335,0.746
0.11271939932338604,0.7461
0.11383074574854579,0.7462000000000001
0.11457984637461527,0.7463000000000001
0.11496428215560239,0.7464000000000001
0.11498282149390604,0.7465
0.11463512689686006,0.7466
0.1133736062833609,0.7467
0.11046015076529847,0.7468
0.1073537588424629,0.7469
0.10411137249332214,0.747
0.10075778906618593,0.7471
0.09729704103705172,0.7472000000000001
0.09366584294661484,0.7473000000000001
0.08995894527299686,0.7474000000000001
0.08620917098908254,0.7475
0.08244991184966854,0.7476
0.07871290612617343,0.7477
0.07502735177122077,0.7478
0.07142004041268746,0.7479
0.06772882572535677,0.748
0.06410690429046817,0.7481
0.06057041736127111,0.7482000000000001
0.05696394201123578,0.7483000000000001
0.05350183956875054,0.7484000000000001
0.05021441204608501,0.7485
0.046895635123619606,0.7486
0.04364767782025791,0.7487
0.04030275752824464,0.7488
0.03710506418327908,0.7489
0.03393076239147641,0.749
0.030845374196243558,0.7491
0.027778312032364028,0.7492000000000001
0.024874625341933854,0.7493000000000001
0.02230929127495318,0.7494000000000001
0.0201344897889546,0.7495
0.018245056553909178,0.7496
0.016512798649095606,0.7497
0.01524886757868038,0.7498
0.014318610333755588,0.7499
0.013822485871018975,0.75
0.013757114963337091,0.7501
0.01380055432465288,0.7502000000000001
0.0144089729844592,0.7503000000000001
0.015637882840925155,0.7504000000000001
0.01749094236157389,0.7505000000000001
0.01995007406373306,0.7506
0.022950726594856086,0.7507
0.02643856352669638,0.7508
0.030343055842706024,0.7509
0.03459757991043788,0.751
0.039106085502046195,0.7511
0.043772219078125785,0.7512000000000001
0.048552373576053354,0.7513000000000001
0.05341689090021773,0.7514000000000001
0.05832854597170534,0.7515000000000001
0.06323928716715743,0.7516
0.06809965514629723,0.7517
0.07287190650069453,0.7518
0.0775173469773045,0.7519
0.0820033550690612,0.752
0.08630046015254522,0.7521
0.09038034960936192,0.7522000000000001
0.09421818645592439,0.7523000000000001
0.09779079622553899,0.7524000000000001
0.10107801871016986,0.7525000000000001
0.10405604072716867,0.7526
0.10669449025924627,0.7527
0.10897934060951231,0.7528
0.11091354950366561,0.7529
0.11249454009566873,0.753
0.11371715020244089,0.7531
0.11457871423761057,0.7532
0.11507623241986886,0.7533000000000001
0.1152079527204739,0.7534000000000001
0.11497307201550266,0.7535000000000001
0.11428893286589203,0.7536
0.11144336659093212,0.7537
0.1083866983813111,0.7538
0.10518539905344115,0.7539
0.10186789293726739,0.754
0.098448917095872,0.7541
0.09487240450963907,0.7542
0.09118847751126269,0.7543000000000001
0.0874516921573768,0.7544000000000001
0.08369576984430949,0.7545000000000001
0.07995309250579674,0.7546
0.07625332003462681,0.7547
0.07262385340916488,0.7548
0.0689908315947172,0.7549
0.06534113281412945,0.755
0.061811225063150066,0.7551
0.05822278792697255,0.7552
0.05471836400811725,0.7553000000000001
0.05137952737753837,0.7554000000000001
0.04813946830445626,0.7555000000000001
0.044839874595459905,0.7556
0.041577667720567923,0.7557
0.03831776669535336,0.7558
0.03521648265715416,0.7559
0.032054506094087776,0.756
0.0290576941799916,0.7561
0.026068097626395392,0.7562
0.023392396608428845,0.7563000000000001
0.02109024480584165,0.7564000000000001
0.019204278419785892,0.7565000000000001
0.017384417693686816,0.7566
0.01595585740443206,0.7567
0.014872179657346551,0.7568
0.01420410692111762,0.7569
0.014043529073983319,0.757
0.013967310515369036,0.7571
0.01438684439256499,0.7572
0.015416627761073443,0.7573000000000001
0.017060487671932467,0.7574000000000001
0.019317334206968795,0.7575000000000001
0.022129905347116674,0.7576
0.025448259028186593,0.7577
0.02920535959250614,0.7578
0.03333568963350397,0.7579
0.037772007843427824,0.758
0.04241748175127946,0.7581
0.04717581795165238,0.7582
0.05200891572043265,0.7583000000000001
0.056890818942054944,0.7584000000000001
0.06178859700410866,0.7585000000000001
0.06665579829852963,0.7586
0.07144518677717959,0.7587
0.07612169975075067,0.7588
0.0806481610068559,0.7589
0.08499400977741411,0.759
0.08913114826386581,0.7591
0.0930329277777936,0.7592
0.09667624903234917,0.7593000000000001
0.1000404576971633,0.7594000000000001
0.10310090004299133,0.7595000000000001
0.10582690863385369,0.7596
0.10820342475806022,0.7597
0.11023245414001814,0.7598
0.1119107223190805,0.7599
0.11323221461301292,0.76
0.11419380141758095,0.7601
0.11479187255161527,0.7602
0.11502426696941914,0.7603000000000001
0.11489036663362784,0.7604000000000001
0.11438990437060548,0.7605000000000001
0.11218097683805084,0.7606
0.10917834798036108,0.7607
0.10601180114693909,0.7608
0.10272181237672073,0.7609
0.09932695887552345,0.761
0.09579251950901813,0.7611
0.09212704660013415,0.7612
0.08839881488258028,0.7613000000000001
0.08464131697397537,0.7614000000000001
0.08088763888232564,0.7615000000000001
0.07716837046250835,0.7616
0.07351148795616547,0.7617
0.06988371583566233,0.7618
0.06619867913054833,0.7619
0.06262560615498047,0.762
0.05903901756921437,0.7621
0.05548952652016048,0.7622
0.05209794884011498,0.7623000000000001
0.048863104373522814,0.7624000000000001
0.04550734538675871,0.7625000000000001
0.04225117454447691,0.7626000000000001
0.0389286120243979,0.7627
0.03582664036049921,0.7628
0.032594826739670735,0.7629
0.029586719886107504,0.763
0.026516726478619246,0.7631
0.023747942450290438,0.7632
0.02134245293325243,0.7633000000000001
0.019344908613201817,0.7634000000000001
0.017498294233267764,0.7635000000000001
0.0159677635924802,0.7636000000000001
0.01489799073586151,0.7637
0.014108291836068876,0.7638
0.013826210344217493,0.7639
0.013864247327551205,0.764
0.014123887595823836,0.7641
0.014967463720260366,0.7642
0.016436982343889017,0.7643000000000001
0.018525363700769182,0.7644000000000001
0.021204200158589037,0.7645000000000001
0.024401028354179344,0.7646000000000001
0.02806031711233614,0.7647
0.03210849224918566,0.7648
0.036479976596990316,0.7649
0.04107768221356323,0.765
0.045805348177809124,0.7651
0.0506225795988009,0.7652
0.05550248925263479,0.7653000000000001
0.060410054220246256,0.7654000000000001
0.06529858766438068,0.7655000000000001
0.0701200000642771,0.7656000000000001
0.07483830616589804,0.7657
0.07941610701512347,0.7658
0.08382198840930422,0.7659
0.08802750083853705,0.766
0.09200520112294719,0.7661
0.09573124718180992,0.7662
0.09918350320589686,0.7663000000000001
0.10234287823412924,0.7664000000000001
0.10518655870667959,0.7665000000000001
0.10768500653950275,0.7666000000000001
0.10982512115550647,0.7667
0.11161084275559219,0.7668
0.1130404368694844,0.7669
0.11410952585464562,0.767
0.11481621523126673,0.7671
0.11515823243347523,0.7672
0.11513450854329821,0.7673
0.11474489125538445,0.7674000000000001
0.113116933849571,0.7675000000000001
0.11017981082513395,0.7676000000000001
0.10705997594120165,0.7677
0.10380775112709084,0.7678
0.10044540643043509,0.7679
0.09697320229103201,0.768
0.09333483801587827,0.7681
0.08962404005088953,0.7682
0.08587419026459453,0.7683
0.08211882673082527,0.7684000000000001
0.07838943833463285,0.7685000000000001
0.07471494583266647,0.7686000000000001
0.07112184776633113,0.7687
0.06743621787469878,0.7688
0.06383141627828637,0.7689
0.06030259545645811,0.769
0.05671580852493596,0.7691
0.05327655805965881,0.7692
0.05001484733568562,0.7693
0.046705803084079234,0.7694000000000001
0.04348471409087207,0.7695000000000001
0.040148521235876755,0.7696000000000001
0.03698015523721798,0.7697
0.033820269664783575,0.7698
0.030767548240071996,0.7699
0.027722786006204148,0.77
0.02485674246561187,0.7701
0.02233342039092112,0.7702
0.020204430338147672,0.7703
0.018354250993669163,0.7704000000000001
0.016669906360178732,0.7705000000000001
0.015456081152611434,0.7706000000000001
0.014570078072961401,0.7707
0.014123373799322492,0.7708
0.014100202170081122,0.7709
0.014190094320767566,0.771
0.014843884960220821,0.7711
0.016114426060478637,0.7712
0.018003655439704058,0.7713
0.020492599603643358,0.7714000000000001
0.02351656805901081,0.7715000000000001
0.02702188153810625,0.7716000000000001
0.030938493920037446,0.7717
0.03520037485832761,0.7718
0.03971171055314504,0.7719
0.04437633563123433,0.772
0.049151023762924906,0.7721
0.05400637842478395,0.7722
0.05890528880380752,0.7723
0.06379974211506378,0.7724000000000001
0.06864033416267734,0.7725000000000001
0.07338945680910314,0.7726000000000001
0.07800852970363525,0.7727
0.08246506934081599,0.7728
0.08672974445904424,0.7729
0.09077437222043216,0.773
0.09457425606885772,0.7731
0.09810636238359927,0.7732
0.10135068408017456,0.7733
0.10428355604612283,0.7734000000000001
0.1068747491697446,0.7735000000000001
0.10911046257433643,0.7736000000000001
0.1109939492637998,0.7737
0.11252290746879912,0.7738
0.11369244579889326,0.7739
0.11450017890658992,0.774
0.11494337779599317,0.7741
0.11502055054430393,0.7742
0.11473114383202632,0.7743
0.11382357457047543,0.7744000000000001
0.11094593967227473,0.7745000000000001
0.10786467089347795,0.7746000000000001
0.10464273350745823,0.7747
0.10130723397425012,0.7748
0.09787335897667793,0.7749
0.09426091073312981,0.775
0.09056493518226605,0.7751
0.08682085791760619,0.7752
0.0830620070639203,0.7753
0.07932033753875112,0.7754000000000001
0.07562531854958654,0.7755000000000001
0.07200409123973939,0.7756000000000001
0.06833225792259501,0.7757000000000001
0.06469287255799627,0.7758
0.061174265560463015,0.7759
0.05754675684519328,0.776
0.054058741575777836,0.7761
0.050741683506108526,0.7762
0.04744879636910504,0.7763
0.04417110816872105,0.7764000000000001
0.04085439713263739,0.7765000000000001
0.03762221027502455,0.7766000000000001
0.034472009578864427,0.7767000000000001
0.0313457253526237,0.7768
0.028293575670876203,0.7769
0.025340792022020775,0.777
0.022716022767490296,0.7771
0.020474296556477034,0.7772
0.01858409610404843,0.7773
0.016784530124170915,0.7774000000000001
0.015431553298147715,0.7775000000000001
0.014367655244817756,0.7776000000000001
0.013785419996385162,0.7777000000000001
0.013686121516160554,0.7778
0.013664908917120577,0.7779
0.014187790701535752,0.778
0.01533354346187732,0.7781
0.017098765881112143,0.7782
0.01947676501657325,0.7783
0.02240393453948686,0.7784000000000001
0.025826988153620167,0.7785000000000001
0.029676814871477664,0.7786000000000001
0.03388664530524976,0.7787000000000001
0.03836030973782978,0.7788
0.043002243591936606,0.7789
0.04776706910935169,0.779
0.05262441589440359,0.7791
0.05753629202935007,0.7792
0.062454039532856886,0.7793
0.06732802351194633,0.7794000000000001
0.07211965035577128,0.7795000000000001
0.07678978863710983,0.7796000000000001
0.08130510130821578,0.7797000000000001
0.08563553934087187,0.7798
0.0897523797390184,0.7799
0.0936305134383002,0.78
0.09724668623328447,0.7801
0.10058067581497088,0.7802
0.10360853986692198,0.7803
0.10629963775912854,0.7804
0.10863948439843407,0.7805000000000001
0.11063047792401881,0.7806000000000001
0.1122695716910811,0.7807000000000001
0.11355120365630722,0.7808
0.11447234693476349,0.7809
0.11502964682318273,0.781
0.11522099105306727,0.7811
0.1150458504773294,0.7812
0.11450404940962233,0.7813
0.11191134763572763,0.7814
0.10888332584553873,0.7815000000000001
0.10570216689093737,0.7816000000000001
0.10240163671421287,0.7817000000000001
0.09899795961195013,0.7818
0.09545494173782643,0.7819
0.0917837196496668,0.782
0.08805335935884928,0.7821
0.08429761980157413,0.7822
0.08054949622641061,0.7823
0.0768392077661455,0.7824
0.07319446944627905,0.7825000000000001
0.06957498366734727,0.7826000000000001
0.06590490137600569,0.7827000000000001
0.06234966683892085,0.7828
0.058772398133575265,0.7829
0.0552418520868343,0.783
0.05187254866777424,0.7831
0.04865083111007307,0.7832
0.04532166978502228,0.7833
0.042083428599353656,0.7834
0.038790532971836544,0.7835000000000001
0.03571010402420649,0.7836000000000001
0.03250858484006591,0.7837000000000001
0.02952264279229233,0.7838
0.026484905688381355,0.7839
0.023751916374815885,0.784
0.021385831411863343,0.7841
0.01943114432799331,0.7842
0.017617147742949202,0.7843
0.01613213402899749,0.7844
0.015104727836453558,0.7845000000000001
0.014362832999554653,0.7846000000000001
0.014097654292904105,0.7847000000000001
0.013986223198274805,0.7848
0.014316419438587413,0.7849
0.015242153859089003,0.785
0.016785687372466107,0.7851
0.018942930042681327,0.7852
0.021663595264227897,0.7853
0.024900479858828595,0.7854
0.028586695974909926,0.7855000000000001
0.03265790953033654,0.7856000000000001
0.03704698571182696,0.7857000000000001
0.04165662708736173,0.7858
0.04639094976038316,0.7859
0.05120997230529434,0.786
0.05608637202256106,0.7861
0.06098629884069884,0.7862
0.06586238139120637,0.7863
0.07066713420189052,0.7864
0.0753648794770373,0.7865000000000001
0.07991829799494166,0.7866000000000001
0.0842965480649458,0.7867000000000001
0.08847111736476776,0.7868
0.09241478147508153,0.7869
0.09610363043459458,0.787
0.09951621494178231,0.7871
0.10262724051805705,0.7872
0.10540565195114726,0.7873
0.1078361451994162,0.7874
0.10992053746062158,0.7875000000000001
0.11165540187279077,0.7876000000000001
0.11303456755094066,0.7877000000000001
0.11405472365064873,0.7878000000000001
0.1147121047065085,0.7879
0.1150044029027456,0.788
0.1149308291282396,0.7881
0.11449088023585063,0.7882
0.11266693392996496,0.7883
0.10969679418900635,0.7884
0.1065508378649157,0.7885000000000001
0.10327644488087973,0.7886000000000001
0.09989482060343369,0.7887000000000001
0.09638467490507474,0.7888000000000001
0.0927299822660772,0.7889
0.08900776695016543,0.789
0.08525129497810424,0.7891
0.08149390499487741,0.7892
0.07776684207561313,0.7893
0.0740986463872837,0.7894
0.07049219328039957,0.7895000000000001
0.06679344969505718,0.7896000000000001
0.06320084365516754,0.7897000000000001
0.05963317225273368,0.7898000000000001
0.056059483817180844,0.7899
0.052638174677120286,0.79
0.049397942103628134,0.7901
0.04603588090118049,0.7902
0.042803401827790744,0.7903
0.03944818071611644,0.7904
0.03631102561184307,0.7905000000000001
0.03310192673487711,0.7906000000000001
0.03008558758507318,0.7907000000000001
0.027001283217211958,0.7908000000000001
0.024180114323142377,0.7909
0.02171313600460434,0.791
0.01964719465623288,0.7911
0.017803556463258374,0.7912
0.01620448785243611,0.7913
0.015077471594099334,0.7914
0.014224020172777907,0.7915000000000001
0.013855028300326921,0.7916000000000001
0.013855181862103327,0.7917000000000001
0.014029327489913479,0.7918000000000001
0.014778973692498143,0.7919
0.01615234837046775,0.792
0.018146612881069668,0.7921
0.020737488745332655,0.7922
0.02385574726467876,0.7923
0.027446448089267994,0.7924
0.03143706089580123,0.7925000000000001
0.03576171951108731,0.7926000000000001
0.04032361546875851,0.7927000000000001
0.04502642916082844,0.7928000000000001
0.04982850082332435,0.7929
0.05470176758668899,0.793
0.05961040606348034,0.7931
0.064507172792861,0.7932
0.06934349283864483,0.7933
0.07408269673255907,0.7934
0.07868685511425166,0.7935
0.08312401279189607,0.7936000000000001
0.08736520315046203,0.7937000000000001
0.09138252183001316,0.7938000000000001
0.09515164037789514,0.7939
0.09864997957470867,0.794
0.10185804927106368,0.7941
0.10475270214935917,0.7942
0.10730413806332406,0.7943
0.10949896556117267,0.7944
0.11134080864466034,0.7945
0.11282765572727116,0.7946000000000001
0.1139548612780732,0.7947000000000001
0.11472025516483386,0.7948000000000001
0.11512128879146621,0.7949
0.11515661363111585,0.795
0.11482579345989974,0.7951
0.1135709198124325,0.7952
0.11066782417604715,0.7953
0.10757064046612586,0.7954
0.10433621314308472,0.7955
0.10098933116301723,0.7956000000000001
0.09754374143822697,0.7957000000000001
0.09391836719656399,0.7958000000000001
0.09021594236935349,0.7959
0.0864695014487854,0.796
0.08271254947942808,0.7961
0.07897682142913764,0.7962
0.07529152883041235,0.7963
0.07168347158562505,0.7964
0.06801551916934356,0.7965
0.0643925830462444,0.7966000000000001
0.060880782808651834,0.7967000000000001
0.05727224656211338,0.7968000000000001
0.05380625452210852,0.7969
0.050514021947483556,0.797
0.0472293983493981,0.7971
0.04397766927785485,0.7972
0.040668136652477704,0.7973
0.03746441850481408,0.7974
0.03432603353803665,0.7975
0.03123157094622675,0.7976000000000001
0.028197844744672684,0.7977000000000001
0.025281758871559035,0.7978000000000001
0.022698336733674385,0.7979
0.02050190677476582,0.798
0.018644911069437775,0.7981
0.016892484041183486,0.7982
0.015589739219796117,0.7983
0.014566807963418027,0.7984
0.014034826270347356,0.7985
0.013975714148711793,0.7986000000000001
0.01400275220931757,0.7987000000000001
0.014574110139593088,0.7988000000000001
0.015765760018392916,0.7989
0.01757231937849668,0.799
0.01998583450724012,0.7991
0.02294213164275649,0.7992
0.02638834509795851,0.7993
0.03025563619039162,0.7994
0.034477746093001915,0.7995
0.038958663108225045,0.7996000000000001
0.04360298389722783,0.7997000000000001
0.04836580200703455,0.7998000000000001
0.05321710613062436,0.7999
0.058119083353991075,0.8
0.06302315199571329,0.8001
0.0678797558376335,0.8002
0.07265046844713186,0.8003
0.07729628867921357,0.8004
0.08178403236785314,0.8005
0.0860838023972823,0.8006000000000001
0.09016701439246577,0.8007000000000001
0.09400871271903188,0.8008000000000001
0.09758579810531665,0.8009000000000001
0.10087821737847924,0.801
0.1038621931960404,0.8011
0.10650724155762503,0.8012
0.10879911250885488,0.8013
0.110740502620712,0.8014
0.11232863726064612,0.8015
0.11355821835060786,0.8016000000000001
0.11442649118105941,0.8017000000000001
0.11493036532820344,0.8018000000000001
0.11506798494388204,0.8019000000000001
0.11483845128934111,0.802
0.11424750161721053,0.8021
0.11143218812118516,0.8022
0.10837557934979825,0.8023
0.10517332441542226,0.8024
0.101855090978615,0.8025
0.09843560419910125,0.8026000000000001
0.09485587081386071,0.8027000000000001
0.09117139367590898,0.8028000000000001
0.08743352599557852,0.8029000000000001
0.08367568977436401,0.803
0.07993013435922891,0.8031
0.07622646924051024,0.8032
0.07259207833742576,0.8033
0.0689439562604699,0.8034
0.06528734203608555,0.8035
0.061750098561399236,0.8036000000000001
0.058142223633943946,0.8037000000000001
0.054629311863649166,0.8038000000000001
0.05128209873781464,0.8039000000000001
0.04801667509954832,0.804
0.0447082231776359,0.8041
0.041420256343947415,0.8042
0.03815237764024415,0.8043
0.035025200055912364,0.8044
0.03185638292306914,0.8045
0.028816883923767245,0.8046000000000001
0.025813218376788072,0.8047000000000001
0.023127422970163458,0.8048000000000001
0.020817261184758795,0.8049000000000001
0.01892382519164104,0.805
0.017056315835655367,0.8051
0.015624020301626906,0.8052
0.014524389699863027,0.8053
0.013859168242998043,0.8054
0.013738873008139807,0.8055
0.013839742411610123,0.8056000000000001
0.014242596194974366,0.8057000000000001
0.01524936420578249,0.8058000000000001
0.01687987212419073,0.8059000000000001
0.01912741039342669,0.806
0.02195416483637591,0.8061
0.02528247072695078,0.8062
0.029056534847479387,0.8063
0.033200839573470864,0.8064
0.03764993749873402,0.8065
0.04230705066103013,0.8066
0.04707551729161774,0.8067000000000001
0.051917619901096,0.8068000000000001
0.05680860962000445,0.8069000000000001
0.06171489082053516,0.807
0.06659106827559091,0.8071
0.07138954769762262,0.8072
0.07607532702566977,0.8073
0.08061143258179537,0.8074
0.08496704758018703,0.8075
0.08911446872032769,0.8076
0.09302711704396993,0.8077000000000001
0.09668224896228739,0.8078000000000001
0.10005938981958029,0.8079000000000001
0.10313387845462496,0.808
0.10587482205234455,0.8081
0.10826671636066487,0.8082
0.11031112826060507,0.8083
0.1120045286113166,0.8084
0.11334091153771375,0.8085
0.11431731583787064,0.8086
0.11493034066266439,0.8087000000000001
0.11517793488529315,0.8088000000000001
0.11505949636071844,0.8089000000000001
0.11457471849852308,0.809
0.11237401130460667,0.8091
0.10938120480564928,0.8092
0.10622339129234537,0.8093
0.10294078111476335,0.8094
0.09955185679371703,0.8095
0.09603287760278989,0.8096
0.09237178976933513,0.8097000000000001
0.0886462897000646,0.8098000000000001
0.08489015491020935,0.8099000000000001
0.08113666484132354,0.81
0.07741649872592637,0.8101
0.0737577711616133,0.8102
0.0701496644120746,0.8103
0.06646279426672153,0.8104
0.0628865768905752,0.8105
0.05932377525352117,0.8106
0.05577236879397929,0.8107000000000001
0.052377383662874255,0.8108000000000001
0.049166635310727846,0.8109000000000001
0.04581698174691495,0.811
0.04259587028458722,0.8111
0.03926846693151442,0.8112
0.03616215395158773,0.8113
0.03296317286925743,0.8114
0.029978131868092506,0.8115
0.026908686188183983,0.8116
0.024124023554094265,0.8117000000000001
0.021699024664331157,0.8118000000000001
0.019679507242196248,0.8119000000000001
0.01786696468715898,0.812
0.01631636936315517,0.8121
0.015241434043818503,0.8122
0.014428949710562966,0.8123
0.014080288314501255,0.8124
0.013932391660651078,0.8125
0.014180239243015702,0.8126
0.015016359184721217,0.8127000000000001
0.01646904219158607,0.8128000000000001
0.018538076920094237,0.8129000000000001
0.021177225271207467,0.8130000000000001
0.024341739766951198,0.8131
0.02796531974150218,0.8132
0.031984340128283106,0.8133
0.036331323980341335,0.8134
0.040909154994214214,0.8135
0.04562184735628816,0.8136
0.05042829468315713,0.8137000000000001
0.055300155951980345,0.8138000000000001
0.06020286041878198,0.8139000000000001
0.06508855078406461,0.8140000000000001
0.06990930420564123,0.8141
0.07462884759096933,0.8142
0.0792094144732487,0.8143
0.08361969770408906,0.8144
0.087830732245062,0.8145
0.09181486297299901,0.8146
0.09554770830317649,0.8147000000000001
0.09900673899852352,0.8148000000000001
0.10217266016187099,0.8149000000000001
0.10502269328949232,0.8150000000000001
0.10752756120875351,0.8151
0.10967443063727411,0.8152
0.11146737055286438,0.8153
0.11290454159419361,0.8154
0.11398131187946126,0.8155
0.11469549756868302,0.8156
0.11504463166171486,0.8157000000000001
0.11502753739771521,0.8158000000000001
0.11464400171123768,0.8159000000000001
0.11310966780030773,0.8160000000000001
0.11017417756469217,0.8161
0.10705363707336568,0.8162
0.10380032293067232,0.8163
0.10043721686733442,0.8164
0.09696389502692893,0.8165
0.09332499731339183,0.8166
0.0896133210128176,0.8167000000000001
0.08586205554410276,0.8168000000000001
0.0821046565881387,0.8169000000000001
0.07837262586844262,0.8170000000000001
0.07469486471084752,0.8171
0.07109782101713291,0.8172
0.06740244378107552,0.8173
0.06379199567049798,0.8174
0.06024981995345369,0.8175
0.05665542021207637,0.8176
0.05320787917380154,0.8177000000000001
0.04993714296965002,0.8178000000000001
0.04660531834907666,0.8179000000000001
0.043374087766695046,0.8180000000000001
0.04001311403766583,0.8181
0.03683511755390301,0.8182
0.03364758838485593,0.8183
0.03058595620398008,0.8184
0.027512429559435114,0.8185
0.024637761813161463,0.8186
0.022107521997258406,0.8187000000000001
0.019972378773735144,0.8188000000000001
0.018090280237054168,0.8189000000000001
0.016398437702098256,0.8190000000000001
0.01518124012141664,0.8191
0.014276965739946856,0.8192
0.013829451187173047,0.8193
0.013791670493644714,0.8194
0.013884487811856916,0.8195
0.014546713061147853,0.8196
0.015830653744714818,0.8197
0.017737573262798234,0.8198000000000001
0.020247175716922028,0.8199000000000001
0.023293099591098487,0.8200000000000001
0.02682056970251856,0.8201
0.030758511013461387,0.8202
0.03504037395470894,0.8203
0.03956991898526829,0.8204
0.04425078574727492,0.8205
0.049040064117052085,0.8206
0.0539087705230179,0.8207
0.058820135695579534,0.8208000000000001
0.06372640990506873,0.8209000000000001
0.0685783850203513,0.8210000000000001
0.07333866334221972,0.8211
0.07796880506132375,0.8212
0.08243644911406534,0.8213
0.08671237268612086,0.8214
0.09076848334171284,0.8215
0.09458018373635724,0.8216
0.09812453138512778,0.8217
0.10138159744004194,0.8218000000000001
0.10432778084663008,0.8219000000000001
0.10693288949513946,0.8220000000000001
0.10918311210651344,0.8221
0.11108164403605081,0.8222
0.11262610247131777,0.8223
0.11381149891964404,0.8224
0.11463534033486644,0.8225
0.11509479415652035,0.8226
0.11518827453621594,0.8227
0.11491514537764391,0.8228000000000001
0.11400415350612059,0.8229000000000001
0.11113500139744137,0.8230000000000001
0.10806148787213188,0.8231
0.10484629539987556,0.8232
0.1015164143174283,0.8233
0.09808708064914695,0.8234
0.09449061382442592,0.8235
0.09079859867272522,0.8236
0.08705716814091091,0.8237
0.08329994577783095,0.8238000000000001
0.0795590406391018,0.8239000000000001
0.07586393184585116,0.8240000000000001
0.07224179388080032,0.8241
0.06859396615530156,0.8242
0.06495351800205962,0.8243
0.06143608976576542,0.8244
0.05783114843383719,0.8245
0.054340120802427005,0.8246
0.05101816919336599,0.8247
0.047757779828365265,0.8248000000000001
0.044475431767283524,0.8249000000000001
0.04119109076998573,0.8250000000000001
0.037951708898061876,0.8251000000000001
0.034832670704130875,0.8252
0.03169600277458495,0.8253
0.02867136201815912,0.8254
0.025705061952457697,0.8255
0.023061812489166167,0.8256
0.02079850972500008,0.8257
0.018933927572875486,0.8258000000000001
0.017114813204085255,0.8259000000000001
0.015734929891485283,0.8260000000000001
0.014673944613548207,0.8261000000000001
0.014061626553603102,0.8262
0.013960740573060848,0.8263
0.013905574284668543,0.8264
0.014386466096278028,0.8265
0.015484573815019331,0.8266
0.01719862372506409,0.8267
0.019524568717461444,0.8268000000000001
0.022401688145409437,0.8269000000000001
0.02577815696903607,0.8270000000000001
0.029586316062286677,0.8271000000000001
0.033759914448976414,0.8272
0.038203361212678644,0.8273
0.042821292441940884,0.8274
0.04756753205662534,0.8275
0.052410817866182846,0.8276
0.05731248629014174,0.8277
0.06222339323983572,0.8278000000000001
0.06709351356181459,0.8279000000000001
0.07188378325138889,0.8280000000000001
0.07655473217930486,0.8281000000000001
0.08107270023560975,0.8282
0.08540734067369127,0.8283
0.08952967251938337,0.8284
0.09341431051176075,0.8285
0.09703774168922719,0.8286
0.10037950353337222,0.8287
0.10341543752779503,0.8288000000000001
0.10611473102271485,0.8289000000000001
0.10846277149494465,0.8290000000000001
0.11046188083330888,0.8291000000000001
0.11210897951824983,0.8292
0.11339849535246449,0.8293
0.11432740116763918,0.8294
0.11489233653719833,0.8295
0.11509117225222654,0.8296
0.11492334996636111,0.8297
0.11438865359341732,0.8298000000000001
0.1119209487620344,0.8299000000000001
0.108895968776891,0.8300000000000001
0.10571460376173347,0.8301000000000001
0.10241307492925367,0.8302
0.09900855251817142,0.8303
0.0954618787150957,0.8304
0.09178967055361587,0.8305
0.08805783113564258,0.8306
0.08429983874034919,0.8307
0.08054858916829444,0.8308000000000001
0.07683438392175923,0.8309000000000001
0.07318501565939373,0.8310000000000001
0.06955352352789357,0.8311000000000001
0.0658779161046128,0.8312
0.06231695528151693,0.8313
0.058726679472303145,0.8314
0.055190449935087704,0.8315
0.051815130669262466,0.8316
0.0485750990378111,0.8317
0.045236413349279525,0.8318000000000001
0.04197276307696507,0.8319000000000001
0.03866934709671632,0.8320000000000001
0.03556102018762508,0.8321000000000001
0.03235100721683759,0.8322
0.029339831719336962,0.8323
0.026295213818616325,0.8324
0.023556546817499635,0.8325
0.021185065446527096,0.8326
0.01922484247836098,0.8327
0.017379757078378688,0.8328
0.015887309733553456,0.8329000000000001
0.014842151633624567,0.8330000000000001
0.014096923176204479,0.8331000000000001
0.013863690739755352,0.8332
0.013924367245312874,0.8333
0.014231275377432517,0.8334
0.015125942019728056,0.8335
0.016646951352077943,0.8336
0.018785011974548294,0.8337
0.02150964741051431,0.8338
0.024746936671633524,0.8339000000000001
0.028441241953683027,0.8340000000000001
0.03251856758210514,0.8341000000000001
0.03691357480924906,0.8342
0.041529068332018415,0.8343
0.04626883541867044,0.8344
0.051093107031680685,0.8345
0.055975557822460775,0.8346
0.06088153807179142,0.8347
0.06576460012784668,0.8348
0.07057684436524048,0.8349000000000001
0.0752825662075548,0.8350000000000001
0.07984457589142357,0.8351000000000001
0.08423169508151129,0.8352
0.08841572636436512,0.8353
0.09236947321149191,0.8354
0.09606936454855308,0.8355
0.09949414552814428,0.8356
0.10261854432301498,0.8357
0.10541131318324393,0.8358
0.10785672538545077,0.8359000000000001
0.10995616554716903,0.8360000000000001
0.11170594562394287,0.8361000000000001
0.11309988956264139,0.8362
0.1141348388782043,0.8363
0.1148072269933903,0.8364
0.11511485257229326,0.8365
0.11505694468633298,0.8366
0.11463296586444982,0.8367
0.11284344437044425,0.8368
0.1098839170125342,0.8369000000000001
0.10674689410594529,0.8370000000000001
0.10348000611029917,0.8371000000000001
0.10010457683498908,0.8372
0.09660738780378686,0.8373
0.09295745651438758,0.8374
0.0892384672178117,0.8375
0.08548384987852187,0.8376
0.08172707496226073,0.8377
0.07799948126789147,0.8378
0.07432974842129836,0.8379000000000001
0.07073925325167219,0.8380000000000001
0.06703896097920115,0.8381000000000001
0.0634436373165912,0.8382000000000001
0.05989617961051186,0.8383
0.05632102199924516,0.8384
0.052896908919716656,0.8385
0.049653144347451494,0.8386
0.046322454446108496,0.8387
0.04312064479607858,0.8388
0.03976398071601284,0.8389000000000001
0.036619221755853415,0.8390000000000001
0.03344335201345916,0.8391000000000001
0.030418746831407217,0.8392000000000001
0.02736472578089688,0.8393
0.024531693126281784,0.8394
0.022047895311823718,0.8395
0.019962955510995917,0.8396
0.018112126947558593,0.8397
0.01647056435852834,0.8398
0.015307394234438165,0.8399000000000001
0.01444321501283996,0.8400000000000001
0.014049670303874384,0.8401000000000001
0.01405055587946391,0.8402000000000001
0.01419516735008397,0.8403
0.014910078925327586,0.8404
0.016244297164673016,0.8405
0.01819693289567348,0.8406
0.020746250410353273,0.8407
0.023825140364204023,0.8408
0.027379212232715666,0.8409000000000001
0.03133754603841887,0.8410000000000001
0.035634078479972464,0.8411000000000001
0.04017268650701622,0.8412000000000001
0.044857159277564174,0.8413
0.049645144101640115,0.8414
0.05450811511429143,0.8415
0.05940956563916777,0.8416
0.06430189215786075,0.8417
0.06913601894524857,0.8418
0.07387477652580277,0.8419000000000001
0.07847990872347199,0.8420000000000001
0.08291926488572543,0.8421000000000001
0.08716383627501834,0.8422000000000001
0.09118573018950682,0.8423
0.09496056395794783,0.8424
0.09846560240909574,0.8425
0.10168112435278631,0.8426
0.10458372143565386,0.8427
0.10714337478708036,0.8428
0.10934649779749506,0.8429000000000001
0.11119655017426011,0.8430000000000001
0.11269138607592144,0.8431000000000001
0.11382624768830585,0.8432000000000001
0.11459888204556845,0.8433
0.11500669528637297,0.8434
0.11504833922552027,0.8435
0.1147234147108237,0.8436
0.1135696949590207,0.8437
0.11067087755072458,0.8438
0.10757561304353502,0.8439000000000001
0.10434259036206994,0.8440000000000001
0.10099727468571151,0.8441000000000001
0.09755237835644648,0.8442000000000001
0.09392834523905325,0.8443
0.09022658170870934,0.8444
0.08647981925515769,0.8445
0.08272140316521392,0.8446
0.07898307662124793,0.8447
0.0752941146513284,0.8448
0.07168144032559831,0.8449000000000001
0.06800189024990066,0.8450000000000001
0.0643728671252981,0.8451000000000001
0.06084673791874229,0.8452000000000001
0.05723147015518437,0.8453
0.053758582689367174,0.8454
0.05045897119956311,0.8455
0.047154229700618,0.8456
0.043894204870912334,0.8457
0.04056392639111572,0.8458
0.03735208662355105,0.8459
0.034191364518868284,0.8460000000000001
0.031089186708501027,0.8461000000000001
0.028032818670552073,0.8462000000000001
0.025109179950900007,0.8463
0.022519359708881526,0.8464
0.020316988657359092,0.8465
0.01843461189097062,0.8466
0.016675856725548055,0.8467
0.015379665498606698,0.8468
0.014439551773486548,0.8469
0.01390938734924907,0.8470000000000001
0.013832165061337776,0.8471000000000001
0.013840108119158812,0.8472000000000001
0.014407780866027897,0.8473
0.015593311367801066,0.8474
0.017402321074767135,0.8475
0.019818799374073715,0.8476
0.02278011714445083,0.8477
0.026232609866513323,0.8478
0.030106530216382543,0.8479
0.034335378907855096,0.8480000000000001
0.03882340337819734,0.8481000000000001
0.043474323536967674,0.8482000000000001
0.04824388578273653,0.8483
0.05310176616501305,0.8484
0.05801026225675354,0.8485
0.06292098961734582,0.8486
0.06778422318654231,0.8487
0.0725618797216625,0.8488
0.07721502313485018,0.8489
0.08171079583915142,0.8490000000000001
0.08601950936440173,0.8491000000000001
0.09011266511533655,0.8492000000000001
0.09396522572927002,0.8493
0.09755382780678823,0.8494
0.10085812874961542,0.8495
0.1038541472095218,0.8496
0.1065113700950121,0.8497
0.10881563025470642,0.8498
0.11076975441583592,0.8499
0.11237106713018674,0.8500000000000001
0.11361432229372359,0.8501000000000001
0.11449677281877713,0.8502000000000001
0.1150153358036673,0.8503000000000001
0.11516817129259016,0.8504
0.11495438259733648,0.8505
0.1143796752672277,0.8506
0.11160446630266696,0.8507
0.1085567164819129,0.8508
0.10536139057897531,0.8509
0.10204877424980519,0.8510000000000001
0.09863383381981716,0.8511000000000001
0.09506440985463838,0.8512000000000001
0.09138352472832822,0.8513000000000001
0.08764794737896597,0.8514
0.08389129511949944,0.8515
0.08014601923817721,0.8516
0.07644189859066153,0.8517
0.07280647562664355,0.8518
0.06917511830010037,0.8519
0.06551818193029457,0.8520000000000001
0.061979365904535566,0.8521000000000001
0.05839289745992615,0.8522000000000001
0.05487887677807879,0.8523000000000001
0.05152864975521321,0.8524
0.04829103010331992,0.8525
0.0449796705480614,0.8526
0.041721069743450245,0.8527
0.03844807716502996,0.8528
0.03534852160734192,0.8529
0.032171537591726196,0.8530000000000001
0.029172950224571892,0.8531000000000001
0.02616566768071027,0.8532000000000001
0.023469364506423673,0.8533000000000001
0.02114426096492772,0.8534
0.019233507474360367,0.8535
0.017407128969622265,0.8536
0.015953905117172207,0.8537
0.014853251703635495,0.8538
0.014157795366138037,0.8539
0.013967960095326193,0.8540000000000001
0.013876436112578716,0.8541000000000001
0.014268170785507905,0.8542000000000001
0.015268989884132056,0.8543000000000001
0.0168847971612458,0.8544
0.019115549104051555,0.8545
0.02190500647249105,0.8546
0.025203645909436023,0.8547
0.028944383462333745,0.8548
0.033061748412437364,0.8549
0.03748832003054847,0.8550000000000001
0.04212725574750631,0.8551000000000001
0.0468821972536122,0.8552000000000001
0.051714713184021655,0.8553000000000001
0.05659856057097534,0.8554
0.0615006060734381,0.8555
0.06637426277410063,0.8556
0.07117218097755218,0.8557
0.07585914456718879,0.8558
0.08039786528305237,0.8559
0.08475765848927819,0.8560000000000001
0.08891029871929201,0.8561000000000001
0.09282900886904333,0.8562000000000001
0.09649054690858438,0.8563000000000001
0.09987412063913825,0.8564
0.10295495576206304,0.8565
0.10570228312830687,0.8566
0.10810092536863591,0.8567
0.1101527495859389,0.8568
0.11185435897884688,0.8569
0.11319962359737157,0.8570000000000001
0.11418529656841381,0.8571000000000001
0.11480765737715193,0.8572000000000001
0.1150644373334413,0.8573000000000001
0.1149549124318393,0.8574
0.11447870790867487,0.8575
0.11238866881816378,0.8576
0.10939912085000214,0.8577
0.10624173022752392,0.8578
0.1029590387022915,0.8579
0.09957040438227949,0.8580000000000001
0.09604968165429095,0.8581000000000001
0.09238945349662597,0.8582000000000001
0.08866450938875126,0.8583000000000001
0.08490833696175759,0.8584
0.08115408066164276,0.8585
0.07743242641115677,0.8586
0.07377146715133875,0.8587
0.07015654006035066,0.8588
0.06646623871559476,0.8589
0.06288574495541066,0.859
0.05931312358105023,0.8591000000000001
0.05575555471193261,0.8592000000000001
0.052353552575279405,0.8593000000000001
0.04913493367073363,0.8594
0.045768682008194395,0.8595
0.042529725045600264,0.8596
0.03919410242879384,0.8597
0.03608012345432532,0.8598
0.03286099572704382,0.8599
0.029865847965739212,0.86
0.026776737811436524,0.8601000000000001
0.023983845017822025,0.8602000000000001
0.02155123511335466,0.8603000000000001
0.019524079396509242,0.8604
0.017686117885793218,0.8605
0.0161268380277082,0.8606
0.015043064188296595,0.8607
0.014218628445642478,0.8608
0.013897161126733781,0.8609
0.013922911783526226,0.861
0.014143759190716088,0.8611000000000001
0.014943599153555809,0.8612000000000001
0.016367451083268314,0.8613000000000001
0.01841028121264099,0.8614
0.02104589442220628,0.8615
0.024203586100382424,0.8616
0.027828246065843443,0.8617
0.03184697069091258,0.8618
0.03619409964289422,0.8619
0.04077273090373623,0.862
0.04548657883353746,0.8621000000000001
0.050294595185778945,0.8622000000000001
0.05516926897932639,0.8623000000000001
0.06007512270293269,0.8624
0.06496514200859638,0.8625
0.06979096742360602,0.8626
0.07451627189071464,0.8627
0.07910341686293154,0.8628
0.08352075554692484,0.8629
0.08773961259086838,0.863
0.091732332012323,0.8631000000000001
0.09547482919092021,0.8632000000000001
0.09894473999496822,0.8633000000000001
0.10212276950827637,0.8634000000000001
0.10498593846468074,0.8635
0.10750458497080317,0.8636
0.10966548732605996,0.8637
0.11147246575147429,0.8638
0.11292368579618262,0.8639
0.11401467858929448,0.864
0.11474346104534627,0.8641000000000001
0.11510767301967739,0.8642000000000001
0.11510615352982745,0.8643000000000001
0.11473864989375038,0.8644000000000001
0.11327450790746174,0.8645
0.1103499438781328,0.8646
0.10723789437220199,0.8647
0.10399161003729995,0.8648
0.10063448431751765,0.8649
0.09717029644962494,0.865
0.09353634729727034,0.8651000000000001
0.08982825148565299,0.8652000000000001
0.08607917949926258,0.8653000000000001
0.08232262582749472,0.8654000000000001
0.07859019122917921,0.8655
0.07491092427455825,0.8656
0.07131145709127684,0.8657
0.06762872428613831,0.8658
0.06401628360174205,0.8659
0.0604898704934731,0.866
0.05689412915215297,0.8661000000000001
0.05344411542247607,0.8662000000000001
0.050170173285316144,0.8663000000000001
0.046865070565993205,0.8664000000000001
0.04363153261453667,0.8665
0.04030016629107758,0.8666
0.0371178110843029,0.8667
0.03396058155362014,0.8668
0.030891749546444247,0.8669
0.027845736594169557,0.867
0.02496064602467407,0.8671000000000001
0.022414975769299073,0.8672000000000001
0.020261115089594828,0.8673000000000001
0.018402198863199715,0.8674000000000001
0.016692639959560385,0.8675
0.015450508878695812,0.8676
0.014547007813713098,0.8677
0.014071421273998741,0.8678
0.014030506093885675,0.8679
0.014091755319186605,0.868
0.014715088065125004,0.8681000000000001
0.015955210653419316,0.8682000000000001
0.017815372310591826,0.8683000000000001
0.020277705817589586,0.8684000000000001
0.02327834405433804,0.8685
0.026763694106340052,0.8686
0.030663891254132825,0.8687
0.03491279015492199,0.8688
0.039414638108417055,0.8689
0.044073254799137596,0.869
0.04884504917571664,0.8691000000000001
0.05370028396952731,0.8692000000000001
0.058601624108681305,0.8693000000000001
0.06350090989635815,0.8694000000000001
0.068348609655284,0.8695
0.07310693222919551,0.8696
0.07773715890390598,0.8697
0.0822066626528174,0.8698
0.08648597581569872,0.8699
0.09054679542788835,0.87
0.09436429667487656,0.8701000000000001
0.09791532305388295,0.8702000000000001
0.10117974441136135,0.8703000000000001
0.10413378049000999,0.8704000000000001
0.10674709968858731,0.8705
0.10900577332985562,0.8706
0.11091290874745319,0.8707
0.11246607723725921,0.8708
0.1136602674035192,0.8709
0.11449297200922293,0.871
0.11496134275785097,0.8711000000000001
0.11506377033952286,0.8712000000000001
0.11479958567722326,0.8713000000000001
0.11402500537912474,0.8714000000000001
0.11116190020454408,0.8715
0.10809104255032909,0.8716
0.10487761751395508,0.8717
0.10154957579270885,0.8718
0.09812182661785995,0.8719
0.09452341082216931,0.872
0.09083222338084318,0.8721
0.0870907199019747,0.8722000000000001
0.08333234216387608,0.8723000000000001
0.07958923399637119,0.8724000000000001
0.07589097075916929,0.8725
0.07226483172081888,0.8726
0.06860584052423213,0.8727
0.06496045493153002,0.8728
0.06143772010591664,0.8729
0.057820515696785035,0.873
0.05432361155452514,0.8731
0.05099541270074637,0.8732000000000001
0.04772027514129151,0.8733000000000001
0.04443130527298589,0.8734000000000001
0.041133237074271856,0.8735
0.03788746598763537,0.8736
0.03475380368100689,0.8737
0.03161078286954422,0.8738
0.028570486666466888,0.8739
0.025597150185988182,0.874
0.022946956257870355,0.8741
0.0206763281771718,0.8742000000000001
0.018790979235955296,0.8743000000000001
0.016962954466451574,0.8744000000000001
0.015575708840587676,0.8745
0.014499763848689673,0.8746
0.013881148538896104,0.8747
0.013767207093383638,0.8748
0.013707733004616696,0.8749
0.014186990390369525,0.875
0.015286246361612355,0.8751
0.017004161782782745,0.8752000000000001
0.01933621117754991,0.8753000000000001
0.022220867492028784,0.8754000000000001
0.025605650508814026,0.8755000000000001
0.02942229152545872,0.8756
0.033604173841444984,0.8757
0.03805544663244187,0.8758
0.04268062289035668,0.8759
0.04743364746620693,0.876
0.052283454751991476,0.8761
0.05719156486140542,0.8762000000000001
0.06210898759698569,0.8763000000000001
0.0669858147785305,0.8764000000000001
0.07178309386946347,0.8765000000000001
0.0764614324215378,0.8766
0.08098723489077231,0.8767
0.08533021216171899,0.8768
0.08946143360791137,0.8769
0.0933555672783749,0.877
0.09698914812460435,0.8771
0.10034175037753634,0.8772000000000001
0.10338924599948274,0.8773000000000001
0.10610084073823522,0.8774000000000001
0.10846189405838191,0.8775000000000001
0.11047465627021502,0.8776
0.11213597026543531,0.8777
0.11344018070646666,0.8778
0.1143841699774083,0.8779
0.1149644916885526,0.878
0.11517893739056961,0.8781
0.11502687777504195,0.8782000000000001
0.11450803313876923,0.8783000000000001
0.11208055750091817,0.8784000000000001
0.10906509614431092,0.8785000000000001
0.1058915351914953,0.8786
0.1025966791505547,0.8787
0.09919791483475937,0.8788
0.09566343241702424,0.8789
0.0919963263729694,0.879
0.08826827712853924,0.8791
0.0845128555082526,0.8792000000000001
0.0807630303156921,0.8793000000000001
0.07704913757308518,0.8794000000000001
0.07339902436081647,0.8795000000000001
0.06978309549082506,0.8796
0.06610621358436519,0.8797
0.06254238522754585,0.8798
0.05896941776130227,0.8799
0.05543026702580578,0.88
0.05205034192512237,0.8801
0.04883235129491936,0.8802000000000001
0.04548938488828358,0.8803000000000001
0.042249162448230404,0.8804000000000001
0.038939992296076475,0.8805000000000001
0.03585553234806005,0.8806
0.03263755980416816,0.8807
0.029648035751020263,0.8808
0.026592694815563478,0.8809
0.023839264174879693,0.881
0.021450250540001603,0.8811
0.019470517772776308,0.8812000000000001
0.017650742453623636,0.8813000000000001
0.016140017711078425,0.8814000000000001
0.015093860517376712,0.8815000000000001
0.014323066777732985,0.8816
0.01402719394505958,0.8817
0.01389945969548978,0.8818
0.014200243665327461,0.8819
0.015095143999156235,0.882
0.01660842855073774,0.8821
0.01873723911150571,0.8822000000000001
0.021432472702533678,0.8823000000000001
0.024647500281899548,0.8824000000000001
0.028315452171534305,0.8825000000000001
0.03237204061940835,0.8826
0.03674990297257108,0.8827
0.041351720053687924,0.8828
0.046081544502657446,0.8829
0.05089906167372238,0.883
0.055776667166616,0.8831
0.06068031649571115,0.8832000000000001
0.06556250842599431,0.8833000000000001
0.07037563153808846,0.8834000000000001
0.07508382868453678,0.8835000000000001
0.07964964240697492,0.8836
0.08404208240334843,0.8837
0.08823249076189854,0.8838
0.0921935043200639,0.8839
0.09590106476350602,0.884
0.09933358204093123,0.8841
0.10246564042448747,0.8842000000000001
0.10526608313506625,0.8843000000000001
0.10771948338211335,0.8844000000000001
0.10982751222492948,0.8845000000000001
0.1115866168934595,0.8846
0.11299051019852313,0.8847
0.11403576272896976,0.8848
0.11471849661072864,0.8849
0.11503629172807794,0.885
0.11498824557014653,0.8851
0.11457373786715075,0.8852000000000001
0.11288016382745181,0.8853000000000001
0.10992440125143255,0.8854000000000001
0.10678858173025918,0.8855000000000001
0.10352230744858126,0.8856
0.10014762560954438,0.8857
0.09665161860511651,0.8858
0.09300269618261592,0.8859
0.08928417196455807,0.886
0.08552929311980839,0.8861
0.08177145475241598,0.8862
0.07804200753323653,0.8863000000000001
0.0743696122827261,0.8864000000000001
0.07077551768477597,0.8865000000000001
0.0670712126380334,0.8866
0.0634707762959944,0.8867
0.059916299801118345,0.8868
0.05633400068227479,0.8869
0.052901680565881515,0.887
0.04964879023538926,0.8871
0.046304840123622126,0.8872
0.04309068191859189,0.8873000000000001
0.039722206298437035,0.8874000000000001
0.036567931725542735,0.8875000000000001
0.03337552943026356,0.8876000000000001
0.030341292697959377,0.8877
0.02726936708699168,0.8878
0.02442620033759857,0.8879
0.021932432193562557,0.888
0.0198373143977435,0.8881
0.01796554410172657,0.8882
0.016313050375700522,0.8883000000000001
0.01514063135384136,0.8884000000000001
0.014261680016385503,0.8885000000000001
0.013860322856155127,0.8886000000000001
0.013848599948693474,0.8887
0.013987699866248038,0.8888
0.014699865527022515,0.8889
0.016034257021438902,0.889
0.01798989729206424,0.8891
0.020544529810993417,0.8892
0.02363026370535981,0.8893000000000001
0.027192086747879207,0.8894000000000001
0.031158538634236344,0.8895000000000001
0.03546324291558012,0.8896000000000001
0.040009868076039456,0.8897
0.044702109222928055,0.8898
0.049497723282939665,0.8899
0.05436834949200109,0.89
0.05927762707801709,0.8901
0.06417806695405603,0.8902
0.06902067100309306,0.8903000000000001
0.07376834066644722,0.8904000000000001
0.07838286225896107,0.8905000000000001
0.08283211723431616,0.8906000000000001
0.08708712437468635,0.8907
0.09112001424466976,0.8908
0.09490643255294251,0.8909
0.09842367080296643,0.891
0.10165202756070335,0.8911
0.10456810641303349,0.8912
0.10714188505867983,0.8913000000000001
0.10935973876096572,0.8914000000000001
0.111225056232368,0.8915000000000001
0.11273560855352305,0.8916000000000001
0.1138865449551113,0.8917
0.11467551199439152,0.8918
0.11509981804348846,0.8919
0.11515802380779716,0.892
0.11484964701221712,0.8921
0.11373339806590954,0.8922
0.11084307044964026,0.8923000000000001
0.10775465665986672,0.8924000000000001
0.10452738203104639,0.8925000000000001
0.1011869170236781,0.8926000000000001
0.09774893013218389,0.8927
0.09413454583999481,0.8928
0.09043602270536366,0.8929
0.08669123800712741,0.893
0.0829336901408092,0.8931
0.07919521977103328,0.8932
0.07550513877647402,0.8933000000000001
0.07189042006634794,0.8934000000000001
0.0682285153205876,0.8935000000000001
0.06459713011419133,0.8936000000000001
0.061089706593717485,0.8937
0.057471027439265354,0.8938
0.05399304655809445,0.8939
0.05068738675749995,0.894
0.047407465031468865,0.8941
0.044141822941072384,0.8942
0.04083661411117778,0.8943000000000001
0.037616920071118276,0.8944000000000001
0.03448001850609561,0.8945000000000001
0.03136718191149401,0.8946000000000001
0.02833116248886114,0.8947
0.025393893643336884,0.8948
0.022786053054417943,0.8949
0.020562839041321723,0.895
0.018697631316949126,0.8951
0.016918514732474854,0.8952
0.015585841421007496,0.8953000000000001
0.014545143276440076,0.8954000000000001
0.01398257378806389,0.8955000000000001
0.013904913209992653,0.8956000000000001
0.013901457537029094,0.8957
0.01444030251454187,0.8958
0.015599363912040198,0.8959
0.017374721364552093,0.896
0.019759640782174293,0.8961
0.022690902139349323,0.8962
0.026115769739125216,0.8963000000000001
0.02996562238152034,0.8964000000000001
0.03417407929038685,0.8965000000000001
0.03864518301902797,0.8966000000000001
0.043283486207545296,0.8967
0.04804365381504616,0.8968
0.052895271762642304,0.8969
0.05780025972986569,0.897
0.06270986310120974,0.8971
0.06757438207749378,0.8972
0.07235519351904085,0.8973000000000001
0.07701315147581456,0.8974000000000001
0.08151492213647382,0.8975000000000001
0.08583046439008446,0.8976000000000001
0.0899310641396911,0.8977
0.09379162320266643,0.8978
0.0973889021012192,0.8979
0.10070270517117819,0.898
0.1037091188089374,0.8981
0.10637753607099332,0.8982
0.10869356469519165,0.8983000000000001
0.11065974827451841,0.8984000000000001
0.11227318139234088,0.8985000000000001
0.11352844491009173,0.8986000000000001
0.11442266338587637,0.8987
0.11495262827126262,0.8988
0.11511636647994039,0.8989
0.11491286163022141,0.899
0.11434775387886809,0.8991
0.11165465916402295,0.8992
0.10861089878165475,0.8993
0.10541735391502927,0.8994000000000001
0.10210587954516481,0.8995000000000001
0.09869202215929573,0.8996000000000001
0.09512688190640162,0.8997
0.09144710352088203,0.8998
0.08771184646892527,0.8999
0.08395456071598772,0.9
0.08020757752037466,0.9001
0.0765006120010393,0.9002
0.07286117574267681,0.9003
0.06922753649984281,0.9004000000000001
0.06556470258101599,0.9005000000000001
0.062018894099149624,0.9006000000000001
0.05842683971500562,0.9007000000000001
0.05490463861798367,0.9008
0.05154554131795286,0.9009
0.04829828682609949,0.901
0.04497742886952083,0.9011
0.041707758660268324,0.9012
0.038424500569365305,0.9013
0.03531088539348115,0.9014000000000001
0.032122813563603136,0.9015000000000001
0.02910816935020022,0.9016000000000001
0.02608911490808352,0.9017000000000001
0.023380937283477676,0.9018
0.021043694519554457,0.9019
0.01912055225325693,0.902
0.01727407213570098,0.9021
0.015808104450460547,0.9022
0.014691373757369508,0.9023
0.013984897486859937,0.9024000000000001
0.013817796615352762,0.9025000000000001
0.01390346050234692,0.9026000000000001
0.014261552703735747,0.9027000000000001
0.01521817939691461,0.9028
0.016796922550353033,0.9029
0.018993220644571984,0.903
0.02177177397757335,0.9031
0.025056688156113838,0.9032
0.02879256278281006,0.9033
0.03290456536359443,0.9034000000000001
0.037327195531804636,0.9035000000000001
0.041963863904590504,0.9036000000000001
0.04671786655026122,0.9037000000000001
0.05155069657986844,0.9038
0.05643682140709627,0.9039
0.06134206133236564,0.904
0.06622060926193218,0.9041
0.07102459688013396,0.9042
0.07571868256781544,0.9043
0.08026565318051693,0.9044000000000001
0.08463442317967784,0.9045000000000001
0.08879701460625655,0.9046000000000001
0.09272660107991915,0.9047000000000001
0.09640019099813968,0.9048
0.09979710485286075,0.9049
0.10289251962083179,0.905
0.1056554157907188,0.9051
0.10807015901317296,0.9052
0.11013816656946607,0.9053
0.11185576942981235,0.9054000000000001
0.11321682730138938,0.9055000000000001
0.11421824681901216,0.9056000000000001
0.11485651224001925,0.9057000000000001
0.1151294675276141,0.9058
0.11503641059475589,0.9059
0.11457693081618592,0.906
0.11255466567367944,0.9061
0.10957492471319219,0.9062
0.10642494490321408,0.9063
0.10314822759717923,0.9064000000000001
0.09976451308998635,0.9065000000000001
0.09625396069847347,0.9066000000000001
0.09259756330497892,0.9067000000000001
0.08887495593125572,0.9068
0.08511967230376793,0.9069
0.08136494189889887,0.907
0.07764156910175402,0.9071
0.07397781487122113,0.9072
0.07037475311935881,0.9073
0.06668160945510526,0.9074000000000001
0.0630971984505675,0.9075000000000001
0.05954058659611894,0.9076000000000001
0.05598026129963163,0.9077000000000001
0.052574190133759746,0.9078
0.04935067632023671,0.9079
0.04600984489067961,0.908
0.04279758274386669,0.9081
0.03945656255829433,0.9082
0.036333461111164755,0.9083
0.03314020943639351,0.9084000000000001
0.03013726012583806,0.9085000000000001
0.027068341486885084,0.9086000000000001
0.02426199754556202,0.9087000000000001
0.021811138334191682,0.9088
0.019762692685044048,0.9089
0.017941827084110296,0.909
0.01636228206603274,0.9091
0.015254517748061636,0.9092
0.014422889782759407,0.9093
0.014071883598189672,0.9094000000000001
0.014090696841338124,0.9095000000000001
0.014279768164708662,0.9096000000000001
0.01504187203252938,0.9097000000000001
0.016424531304232826,0.9098
0.018424647950837647,0.9099
0.021018186335918676,0.91
0.02413649400531903,0.9101
0.027725275461922605,0.9102
0.031712527057751405,0.9103
0.03603276848360948,0.9104000000000001
0.04058938013139146,0.9105000000000001
0.045286111233924675,0.9106000000000001
0.050081266034910366,0.9107000000000001
0.05494667446653323,0.9108
0.05984638685688792,0.9109
0.06473305790896278,0.911
0.06955806466501102,0.9111
0.07428474226046788,0.9112
0.07887519603079496,0.9113
0.0832975274799016,0.9114000000000001
0.08752282689679436,0.9115000000000001
0.09152323532647921,0.9116000000000001
0.0952744507509583,0.9117000000000001
0.09875390224724001,0.9118
0.10194209910434138,0.9119
0.10481588822095722,0.912
0.10734547172426534,0.9121
0.10951751269211618,0.9122
0.11133574172202154,0.9123
0.11279827085103356,0.9124
0.11390059678334508,0.9125000000000001
0.11464070889585942,0.9126000000000001
0.11501621846979715,0.9127000000000001
0.11502592929674116,0.9128000000000001
0.11466954450521905,0.9129
0.11332380661119434,0.913
0.11040604522845643,0.9131
0.10729765212734321,0.9132
0.10405401916922608,0.9133
0.1006993502358331,0.9134
0.09723693963196478,0.9135000000000001
0.09360492957142497,0.9136000000000001
0.08989788668339516,0.9137000000000001
0.08614876764435919,0.9138000000000001
0.08239100370921948,0.9139
0.0786562805218336,0.914
0.07497373698927445,0.9141
0.07137010126795007,0.9142
0.06768165932359571,0.9143
0.06406409829118265,0.9144
0.06053098984295302,0.9145000000000001
0.05692946227714901,0.9146000000000001
0.05347293967587441,0.9147000000000001
0.05019169377621213,0.9148000000000001
0.04687770911343736,0.9149
0.043636321497370956,0.915
0.04029629156586112,0.9151
0.03710569099740191,0.9152
0.033938069493733014,0.9153
0.030860424885916116,0.9154
0.027802043433876378,0.9155000000000001
0.024907053297853254,0.9156000000000001
0.022350962874960523,0.9157000000000001
0.020185978806360527,0.9158000000000001
0.01830943143227981,0.9159
0.016587637299911417,0.916
0.015333901396075378,0.9161
0.014415470448340573,0.9162
0.013928985469260358,0.9163
0.013874457891803305,0.9164
0.01392633649465691,0.9165000000000001
0.014542007755439457,0.9166000000000001
0.015776566155636385,0.9167000000000001
0.017633447104898448,0.9168000000000001
0.020094624068166977,0.9169
0.023095809385022426,0.917
0.026582982817854983,0.9171
0.030485892185727836,0.9172
0.03473812240619423,0.9173
0.03924375113679157,0.9174
0.043906504275975644,0.9175000000000001
0.048682798980266284,0.9176000000000001
0.05354296164632988,0.9177000000000001
0.05844973606625237,0.9178000000000001
0.06335503803746267,0.9179
0.06820938899795648,0.918
0.07297503696579355,0.9181
0.07761328683001234,0.9182
0.0820915239664125,0.9183
0.08638028822918653,0.9184
0.09045128026267135,0.9185000000000001
0.0942796780525208,0.9186000000000001
0.09784232450818053,0.9187000000000001
0.1011190815680022,0.9188000000000001
0.10408615949821731,0.9189
0.10671321286630275,0.919
0.10898626372108144,0.9191
0.11090833793945909,0.9192
0.11247692588637304,0.9193
0.1136869332523891,0.9194
0.11453576459573755,0.9195000000000001
0.11502048684573418,0.9196000000000001
0.11513941043846454,0.9197000000000001
0.11489179070146593,0.9198000000000001
0.11417318510397345,0.9199
0.11132040835008117,0.92
0.1082578820782426,0.9201
0.1050516027052002,0.9202
0.10172982276921105,0.9203
0.09830734297577093,0.9204
0.09472094029778111,0.9205000000000001
0.09103418005536046,0.9206000000000001
0.08729566304482217,0.9207000000000001
0.0835389652873213,0.9208000000000001
0.07979635605471191,0.9209
0.07609745921443378,0.921
0.0724696241417151,0.9211
0.06882486972932544,0.9212
0.065177220799158,0.9213
0.06165061224741941,0.9214
0.05804929773799006,0.9215000000000001
0.054548382098885906,0.9216000000000001
0.05121443103604717,0.9217000000000001
0.047959125751515064,0.9218000000000001
0.044664527614886707,0.9219
0.041387172590140464,0.922
0.038134115358840814,0.9221
0.035020684899300436,0.9222
0.03186804688427358,0.9223
0.028845378710763647,0.9224
0.0258597050116407,0.9225000000000001
0.023193143805341432,0.9226000000000001
0.020903404094656963,0.9227000000000001
0.019032557829684604,0.9228000000000001
0.017186257460713783,0.9229
0.015775246769470952,0.923
0.014697319585427637,0.9231
0.0140525673199976,0.9232
0.013919340119385115,0.9233
0.013846400101424239,0.9234
0.014292568102461045,0.9235000000000001
0.015353699550239686,0.9236000000000001
0.017031035929375493,0.9237000000000001
0.019322064053620025,0.9238000000000001
0.022167537351494238,0.9239
0.025516272138298435,0.924
0.029300728231209217,0.9241
0.0334548022228629,0.9242
0.03791116226134794,0.9243
0.04257276140276023,0.9244
0.04734329492734446,0.9245000000000001
0.05218522670747383,0.9246000000000001
0.05707318756558255,0.9247000000000001
0.06197470909641045,0.9248000000000001
0.06684366337203829,0.9249
0.07163302394071003,0.925
0.0763079717410432,0.9251
0.08083149474005924,0.9252
0.08517321735664618,0.9253
0.08930522312613365,0.9254
0.09320101900754707,0.9255
0.09683765220869822,0.9256000000000001
0.1001945779516068,0.9257000000000001
0.10324722324075675,0.9258000000000001
0.10596498121732745,0.9259000000000001
0.10833284986412717,0.926
0.11035290052157198,0.9261
0.11202192553518553,0.9262
0.11333397498542008,0.9263
0.11428597837877563,0.9264
0.11487436896998926,0.9265
0.11509701862421151,0.9266000000000001
0.11495333676163189,0.9267000000000001
0.11444308624377031,0.9268000000000001
0.11212698512701902,0.9269000000000001
0.10911951738714065,0.927
0.10595100882392283,0.9271
0.10265986135380978,0.9272
0.09926385152314321,0.9273
0.09572999150101136,0.9274
0.09206328544040687,0.9275
0.08833440402973414,0.9276000000000001
0.0845770946038501,0.9277000000000001
0.0808245362454989,0.9278000000000001
0.07710725160807075,0.9279000000000001
0.07345313960260691,0.928
0.06982911326188823,0.9281
0.06614737710395469,0.9282
0.06257815893354413,0.9283
0.058994908312661964,0.9284
0.05544952957702143,0.9285
0.05206272174049942,0.9286000000000001
0.04883173092116255,0.9287000000000001
0.045481067188526625,0.9288000000000001
0.04222817260750955,0.9289000000000001
0.038911205513530334,0.929
0.035813878541336885,0.9291
0.032588390551915536,0.9292
0.029586735980653645,0.9293
0.026524102938659144,0.9294
0.023763460032678596,0.9295
0.021366985225502733,0.9296000000000001
0.019379330690235896,0.9297000000000001
0.017544148650698643,0.9298000000000001
0.016024207367129728,0.9299000000000001
0.014965440988732093,0.93
0.01418622978761186,0.9301
0.01391442987649838,0.9302
0.013962623492755455,0.9303
0.014231646770611173,0.9304
0.015083814193394662,0.9305
0.016560704127609904,0.9306000000000001
0.018655001611961763,0.9307000000000001
0.021338289998405813,0.9308000000000001
0.024538251652959753,0.9309000000000001
0.02819956450393568,0.931
0.03224882770754589,0.9311
0.036620598499523815,0.9312
0.0412178519209867,0.9313
0.04594435924343854,0.9314
0.05075975090687912,0.9315
0.05563713802548609,0.9316000000000001
0.060541475149079704,0.9317000000000001
0.0654260479555927,0.9318000000000001
0.07024275186172468,0.9319000000000001
0.07495560406854718,0.932
0.07952721389522699,0.9321
0.0839261837791152,0.9322
0.08812408306943575,0.9323
0.09209348703442288,0.9324
0.09581057271897542,0.9325
0.09925385555343658,0.9326000000000001
0.10239787552060631,0.9327000000000001
0.1052112431878075,0.9328000000000001
0.10767809830591935,0.9329000000000001
0.10979968647870142,0.933
0.11157221066476897,0.9331
0.11298939810432895,0.9332
0.11404798879570188,0.9333
0.11474431572463584,0.9334
0.11507606853801944,0.9335
0.11504235690311893,0.9336000000000001
0.11464251241031254,0.9337000000000001
0.11301848426534822,0.9338000000000001
0.11007244443705066,0.9339000000000001
0.10694403879381886,0.934
0.10368384837920075,0.9341
0.10031432356474546,0.9342
0.09682657107809367,0.9343
0.09318184731845391,0.9344
0.08946624343876242,0.9345
0.08571299404769106,0.9346000000000001
0.08195553717924386,0.9347000000000001
0.07822532239912638,0.9348000000000001
0.07455115006912882,0.9349000000000001
0.07095934437931761,0.935
0.06725986470712375,0.9351
0.06365682153976193,0.9352
0.060114567649401485,0.9353
0.05653028907800994,0.9354
0.05309494595633768,0.9355
0.049838306655483944,0.9356000000000001
0.04651438193959789,0.9357000000000001
0.043299421976780605,0.9358000000000001
0.03995022569786122,0.9359000000000001
0.03679051314228432,0.936
0.03361964013437091,0.9361
0.030577708508487067,0.9362
0.02752443618332512,0.9363
0.024670855999606944,0.9364
0.022162683458741173,0.9365
0.020050504075195485,0.9366000000000001
0.01819279237448379,0.9367000000000001
0.01652390889388844,0.9368000000000001
0.015329600191935633,0.9369000000000001
0.014447946766447561,0.937
0.01402245250317824,0.9371
0.01400537690006498,0.9372
0.014118019585583452,0.9373
0.014798438374503231,0.9374
0.0160977833122109,0.9375
0.018016678054311397,0.9376000000000001
0.020534713460085507,0.9377000000000001
0.023585827846438034,0.9378000000000001
0.02711580870742658,0.9379000000000001
0.031054034060286062,0.9380000000000001
0.035334364778862426,0.9381
0.03986079001474918,0.9382
0.04453710585786563,0.9383
0.049320532525548355,0.9384
0.054182131081653484,0.9385
0.0590851125695504,0.9386
0.0639816792941994,0.9387000000000001
0.06882258810772557,0.9388000000000001
0.07357043915356987,0.9389000000000001
0.07818680103167663,0.9390000000000001
0.08263934463654632,0.9391
0.08689889260243755,0.9392
0.09093740461586086,0.9393
0.09473034209840425,0.9394
0.09825482217564485,0.9395
0.10149097841575738,0.9396
0.10441526844832494,0.9397000000000001
0.10699755684456747,0.9398000000000001
0.10922411831280687,0.9399000000000001
0.11109825977765397,0.9400000000000001
0.11261770609709254,0.9401
0.11377758006510741,0.9402
0.11457550912326775,0.9403
0.11500878311336482,0.9404
0.11507593950296369,0.9405
0.11477646619835447,0.9406
0.11376679914829546,0.9407000000000001
0.11088308345491726,0.9408000000000001
0.10779852838810744,0.9409000000000001
0.10457426285299798,0.9410000000000001
0.10123668314885348,0.9411
0.09780119871358717,0.9412
0.09418761753770644,0.9413
0.09049074856698469,0.9414
0.0867466999739932,0.9415
0.08298885806343259,0.9416
0.07924910532275786,0.9417000000000001
0.07555682755325122,0.9418000000000001
0.07193907920188514,0.9419000000000001
0.06827035165369844,0.9420000000000001
0.0646349818025298,0.9421
0.06111958458823441,0.9422
0.05749641234607061,0.9423
0.05401341438728813,0.9424
0.05070205495163749,0.9425
0.04741203911656866,0.9426
0.04414023874345219,0.9427000000000001
0.04082557117092578,0.9428000000000001
0.03759971271442386,0.9429000000000001
0.03445263743174887,0.9430000000000001
0.031333475163283,0.9431
0.02828645424088072,0.9432
0.025342127112109702,0.9433
0.022726902943856597,0.9434
0.0204957222497133,0.9435
0.018615678891445997,0.9436
0.01682749720481791,0.9437000000000001
0.015486386615622072,0.9438000000000001
0.014433874584299122,0.9439000000000001
0.013863426455407613,0.9440000000000001
0.01377519207248068,0.9441
0.013765121559927262,0.9442
0.01429877247337541,0.9443
0.015454330438734676,0.9444
0.01722798917435653,0.9445
0.019612855466297097,0.9446
0.022545325818362993,0.9447000000000001
0.02597229034692239,0.9448000000000001
0.029824788794915902,0.9449000000000001
0.03403621074612828,0.9450000000000001
0.03851046018781079,0.9451
0.04315202410823504,0.9452
0.0479155971348495,0.9453
0.05277084577993074,0.9454
0.057679781917186146,0.9455
0.06259373696371784,0.9456
0.06746307410757402,0.9457000000000001
0.07224921744519242,0.9458000000000001
0.07691305171174256,0.9459000000000001
0.08142126281070372,0.9460000000000001
0.08574382546855708,0.9461
0.08985203923558427,0.9462
0.09372082026241402,0.9463
0.09732694104802286,0.9464
0.10065021096523297,0.9465
0.10366671984548459,0.9466
0.10634586010111946,0.9467000000000001
0.10867320457342278,0.9468000000000001
0.11065123083684436,0.9469000000000001
0.11227696829017753,0.9470000000000001
0.11354493093962803,0.9471
0.11445217115538808,0.9472
0.11499541091856946,0.9473
0.11517261133274304,0.9474
0.11498269430798946,0.9475
0.11443125043667379,0.9476
0.11178659619046061,0.9477000000000001
0.10875114529627616,0.9478000000000001
0.10556408557966068,0.9479000000000001
0.10225805796411813,0.9480000000000001
0.09884890881627983,0.9481
0.09529319110748125,0.9482
0.0916175580831532,0.9483
0.08788531935122301,0.9484
0.0841299620797692,0.9485
0.08038386126838815,0.9486
0.07667676813647162,0.9487000000000001
0.07303624576113443,0.9488000000000001
0.0694137200425129,0.9489000000000001
0.0657492368337439,0.9490000000000001
0.0622004413638545,0.9491
0.05862066478990546,0.9492
0.05509534352925627,0.9493
0.051731715492445485,0.9494
0.04850012955372551,0.9495
0.04517490403939961,0.9496
0.04192203814091333,0.9497000000000001
0.03863324223480791,0.9498000000000001
0.03553667895497514,0.9499000000000001
0.032341349212752224,0.9500000000000001
0.029341990464232248,0.9501000000000001
0.02631345104624261,0.9502
0.023592545669509857,0.9503
0.021240305510100255,0.9504
0.019300515916220062,0.9505
0.017472519830094457,0.9506
0.016001392639676926,0.9507000000000001
0.01497740936921299,0.9508000000000001
0.014253802018934447,0.9509000000000001
0.014010085818807916,0.9510000000000001
0.013900372901074487,0.9511000000000001
0.014252284176538232,0.9512
0.015203698876819383,0.9513
0.016774847896416034,0.9514
0.018960336001573763,0.9515
0.02170826110665014,0.9516
0.024970262914361774,0.9517
0.028679011155408496,0.9518000000000001
0.032769638831791514,0.9519000000000001
0.037174984027934954,0.9520000000000001
0.041797598005838044,0.9521000000000001
0.04654163155693136,0.9522
0.05136758066297298,0.9523
0.0562485903831913,0.9524
0.06115116908914087,0.9525
0.06602818493215046,0.9526
0.07083231799007861,0.9527
0.07552807135109307,0.9528000000000001
0.08007822879337956,0.9529000000000001
0.08445205577769666,0.9530000000000001
0.08862115794309022,0.9531000000000001
0.09255843868202374,0.9532
0.09624014620654542,0.9533
0.09964498643026076,0.9534
0.1027478039699753,0.9535
0.10551765844018945,0.9536
0.10793934080711887,0.9537
0.11001475023343521,0.9538000000000001
0.1117405187377597,0.9539000000000001
0.11311051746688094,0.9540000000000001
0.11412146716078131,0.9541000000000001
0.11476962343268682,0.9542
0.11505269860468537,0.9543
0.1149699289223558,0.9544
0.11452084752380365,0.9545
0.11260595515367167,0.9546
0.10963103238175498,0.9547
0.10648281692132822,0.9548000000000001
0.10320700118681048,0.9549000000000001
0.09982415210025775,0.9550000000000001
0.09631289528985998,0.9551000000000001
0.09265728005111173,0.9552
0.08893488632915525,0.9553
0.08517910008488261,0.9554
0.08142316114307546,0.9555
0.07769800716145459,0.9556
0.07403197682030482,0.9557
0.0704256913219341,0.9558000000000001
0.06672999313931538,0.9559000000000001
0.06314225518274519,0.9560000000000001
0.05958184860893234,0.9561000000000001
0.05601678919413122,0.9562
0.05260476284631377,0.9563
0.049374204224706286,0.9564
0.04602632269795448,0.9565
0.04280675162965708,0.9566
0.03945854470079979,0.9567
0.036328061646280885,0.9568000000000001
0.0331265360905737,0.9569000000000001
0.03011613198538643,0.9570000000000001
0.027037145708557864,0.9571000000000001
0.024222305274260725,0.9572
0.021762252503174873,0.9573
0.019703764703188353,0.9574
0.01786815734825331,0.9575
0.01627775053804381,0.9576
0.015159564752448285,0.9577
0.014316001439740988,0.9578000000000001
0.013955265898506264,0.9579000000000001
0.013963513136437955,0.9580000000000001
0.014144261046950435,0.9581000000000001
0.014899339292244962,0.9582
0.016276651389842245,0.9583
0.01827325514896927,0.9584
0.020864986847698663,0.9585
0.02398287024393797,0.9586
0.027572264662774737,0.9587
0.03156088030461146,0.9588000000000001
0.03588304314279478,0.9589000000000001
0.04044204054662148,0.9590000000000001
0.045141590788891905,0.9591000000000001
0.04994002223960092,0.9592
0.05480922361776264,0.9593
0.05971331192983875,0.9594
0.06460499744979487,0.9595
0.06943568597885508,0.9596
0.07416871798748759,0.9597
0.07876618986790485,0.9598000000000001
0.08319618485339497,0.9599000000000001
0.08742977531397056,0.9600000000000001
0.0914390893617264,0.9601000000000001
0.09519981894925134,0.9602
0.09868939219133754,0.9603
0.10188831694699596,0.9604
0.10477343884198587,0.9605
0.1073149538594601,0.9606
0.10949949006335502,0.9607
0.11133071544628559,0.9608000000000001
0.11280667403313605,0.9609000000000001
0.11392278716534199,0.9610000000000001
0.11467696069813882,0.9611000000000001
0.11506672267340368,0.9612
0.11509079730939553,0.9613
0.11474881403594794,0.9614
0.11345640148354819,0.9615
0.11054701151906288,0.9616
0.10744506919729457,0.9617
0.10420682129718617,0.9618000000000001
0.10085680962309684,0.9619000000000001
0.09740367449434606,0.9620000000000001
0.0937758037532418,0.9621000000000001
0.09007181676202647,0.9622
0.08632469348314975,0.9623
0.0825678959591496,0.9624
0.078833136414724,0.9625
0.07514959294494061,0.9626
0.07154403399508691,0.9627
0.06786732388881045,0.9628000000000001
0.06424735971997708,0.9629000000000001
0.06072655579744657,0.9630000000000001
0.05712178835327819,0.9631000000000001
0.05366066600804875,0.9632000000000001
0.05037397415189626,0.9633
0.047077163447927006,0.9634
0.043830740340423,0.9635
0.04050874395339532,0.9636
0.03731159138429807,0.9637
0.03416156767884648,0.9638000000000001
0.03107529474217796,0.9639000000000001
0.02803208951859748,0.9640000000000001
0.025126011616313004,0.9641000000000001
0.022555211043600476,0.9642000000000001
0.020373108300215437,0.9643
0.018508817355746388,0.9644
0.016769881654920216,0.9645
0.015484071476843164,0.9646
0.0144638900341445,0.9647
0.013949961765338914,0.9648
0.013895145728236802,0.9649000000000001
0.013941393011889014,0.9650000000000001
0.014535323896581742,0.9651000000000001
0.01575150284099336,0.9652000000000001
0.01758340981726758,0.9653
0.020021870298639444,0.9654
0.023001482881043422,0.9655
0.026468889179037003,0.9656
0.030354703131905136,0.9657
0.034592528397358935,0.9658
0.039086134627854596,0.9659000000000001
0.043740054218810664,0.9660000000000001
0.04850976898299564,0.9661000000000001
0.05336568673938924,0.9662000000000001
0.05827030590793014,0.9663
0.06317526974255805,0.9664
0.06803120333160284,0.9665
0.07279990147552784,0.9666
0.07744252293556719,0.9667
0.08192603677037569,0.9668
0.0862206867083194,0.9669000000000001
0.09029800861022919,0.9670000000000001
0.09413317437502056,0.9671000000000001
0.09770320352235118,0.9672000000000001
0.10098815464451083,0.9673
0.10396435249389502,0.9674
0.10660139744717467,0.9675
0.10888511334699502,0.9676
0.11081825565323056,0.9677
0.1123980895684844,0.9678
0.11361934762240655,0.9679000000000001
0.11447930246274673,0.9680000000000001
0.1149748921524184,0.9681000000000001
0.1151042922762493,0.9682000000000001
0.11486663891512272,0.9683
0.11422503461794886,0.9684
0.11137708767008547,0.9685
0.10831742499690944,0.9686
0.10511343246009819,0.9687
0.1017938763149705,0.9688
0.09837336658913076,0.9689000000000001
0.09479188209760048,0.9690000000000001
0.09110689316530407,0.9691000000000001
0.08736925787909655,0.9692000000000001
0.08361246216140505,0.9693
0.07986873190145638,0.9694
0.07616762155079237,0.9695
0.07253645123500385,0.9696
0.06889088145499733,0.9697
0.06523815221000562,0.9698
0.0617053768706507,0.9699000000000001
0.05810053411316085,0.9700000000000001
0.05459253203125192,0.9701000000000001
0.05125084427889659,0.9702000000000001
0.047989497102596035,0.9703
0.04468689536543691,0.9704
0.04140282325370692,0.9705
0.038141221491914123,0.9706
0.03501914164427333,0.9707
0.031857165279591815,0.9708
0.028824217880571767,0.9709000000000001
0.02582821784728484,0.9710000000000001
0.023150704969793212,0.9711000000000001
0.02084943662420935,0.9712000000000001
0.018965837179646616,0.9713
0.017107783769812812,0.9714
0.015685089621782833,0.9715
0.014595208109326574,0.9716
0.013939308170156872,0.9717
0.0137956292311332,0.9718
0.013711808516394974,0.9719000000000001
0.014148763556094845,0.9720000000000001
0.015202219986955479,0.9721000000000001
0.01687375220315812,0.9722000000000001
0.01916092627348731,0.9723
0.0220043254170732,0.9724
0.02535242715696051,0.9725
0.029137438545813854,0.9726
0.03329301117140404,0.9727
0.03775167881684749,0.9728
0.042416297682148496,0.9729000000000001
0.04719050051565721,0.9730000000000001
0.05203673885843485,0.9731000000000001
0.056929653362064014,0.9732000000000001
0.061836790981310785,0.9733
0.06671203869509257,0.9734
0.07150837256154474,0.9735
0.07619097452613899,0.9736
0.08072283044657824,0.9737
0.08507356094278751,0.9738
0.08921524620794075,0.9739000000000001
0.09312138588747398,0.9740000000000001
0.09676901583062725,0.9741000000000001
0.10013757099307097,0.9742000000000001
0.1032024520577981,0.9743
0.10593301874012617,0.9744
0.10831421139892017,0.9745
0.1103480238057708,0.9746
0.11203117080329905,0.9747
0.1133576239840488,0.9748
0.114324232227217,0.9749000000000001
0.11492735189803516,0.9750000000000001
0.11516478278129494,0.9751000000000001
0.11503586763290086,0.9752000000000001
0.11454030616537136,0.9753000000000001
0.11226669646709708,0.9754
0.10926621136893588,0.9755
0.10610300895483482,0.9756
0.10281618606456888,0.9757
0.099423769820559,0.9758
0.0959000821466921,0.9759000000000001
0.09223650446807785,0.9760000000000001
0.08850958012635379,0.9761000000000001
0.0847531492236886,0.9762000000000001
0.08100047115451603,0.9763000000000001
0.07728211545637098,0.9764
0.07362604441374931,0.9765
0.070015016270351,0.9766
0.06633090855702894,0.9767
0.0627579211927376,0.9768
0.0591892354308452,0.9769000000000001
0.055639900085016514,0.9770000000000001
0.05224757632108745,0.9771000000000001
0.04903397742681781,0.9772000000000001
0.0456777056376656,0.9773000000000001
0.042442347791704416,0.9774
0.03911802484304494,0.9775
0.03601690661953616,0.9776
0.03280272986528421,0.9777
0.029815293934101206,0.9778
0.02674083243480463,0.9779
0.023964707205129443,0.9780000000000001
0.02155070633609224,0.9781000000000001
0.01954394673851456,0.9782000000000001
0.017721580912671397,0.9783000000000001
0.016183599564788098,0.9784
0.015118841277250272,0.9785
0.014316645482154389,0.9786
0.014017993113841554,0.9787
0.014060976813815351,0.9788
0.014303130461202684,0.9789
0.015124090317718775,0.9790000000000001
0.016567640699672204,0.9791000000000001
0.018627996871264596,0.9792000000000001
0.021278515530015696,0.9793000000000001
0.02444836854701915,0.9794
0.028082688220764318,0.9795
0.03210870495749174,0.9796
0.036460983263766344,0.9797
0.04104267658513128,0.9798
0.04575754705873192,0.9799
0.050564710197344764,0.9800000000000001
0.055436770865382456,0.9801000000000001
0.06033830231647708,0.9802000000000001
0.06522230975889443,0.9803000000000001
0.07004046293696342,0.9804
0.07475650699440184,0.9805
0.07933286302984366,0.9806
0.08373795320117206,0.9807
0.08794317029834287,0.9808
0.09192092066652824,0.9809
0.09564718754656798,0.9810000000000001
0.09909967271371733,0.9811000000000001
0.10225914941953418,0.9812000000000001
0.10510269987007836,0.9813000000000001
0.10760071798784743,0.9814
0.10974007654896312,0.9815
0.1115247240397157,0.9816
0.11295294556091073,0.9817
0.11402039013543752,0.9818
0.11472519708726459,0.9819
0.11506512446707262,0.9820000000000001
0.1150391255612887,0.9821000000000001
0.11464705871229819,0.9822000000000001
0.11306396064862778,0.9823000000000001
0.11012433229179841,0.9824
0.10700109093704036,0.9825
0.10374551474399185,0.9826
0.10038024281461033,0.9827
0.09690187148595175,0.9828
0.09326076692794627,0.9829
0.08954746084558052,0.9830000000000001
0.08579517513671597,0.9831000000000001
0.08203737811156342,0.9832000000000001
0.07830558777848373,0.9833000000000001
0.07462874864862878,0.9834
0.07103338608349075,0.9835
0.06733564428249095,0.9836
0.06372832444412435,0.9837
0.06018646267016914,0.9838
0.05659724215581119,0.9839
0.05315598202253424,0.9840000000000001
0.049892313837861746,0.9841000000000001
0.04656506709680852,0.9842000000000001
0.04334129411197396,0.9843000000000001
0.03998605877224892,0.9844
0.03681566319683349,0.9845
0.03363516556196822,0.9846
0.030581370555183618,0.9847
0.027515745321526675,0.9848
0.024649593552627413,0.9849
0.022128507094496763,0.9850000000000001
0.02000308306201104,0.9851000000000001
0.01812997216970036,0.9852000000000001
0.016447768101471194,0.9853000000000001
0.01524031026728978,0.9854
0.01434424956182312,0.9855
0.013905963377396802,0.9856
0.013875516402385824,0.9857
0.013976590691529678,0.9858
0.01464664088872425,0.9859
0.015937408506745188,0.9860000000000001
0.01784986587677473,0.9861000000000001
0.020363638784613558,0.9862000000000001
0.02341244329524539,0.9863000000000001
0.026941731477925668,0.9864
0.030880570960283737,0.9865
0.03516255328744422,0.9866
0.039691490261303475,0.9867
0.044371051136005146,0.9868
0.04915837599848771,0.9869
0.054024507928616794,0.9870000000000001
0.05893268475542701,0.9871000000000001
0.06383515868103529,0.9872000000000001
0.06868273116989632,0.9873000000000001
0.07343803108681313,0.9874
0.07806264271982954,0.9875
0.08252423165807898,0.9876
0.08679359864051328,0.9877
0.09084266814494313,0.9878
0.0946468566271581,0.9879
0.09818323169237286,0.9880000000000001
0.10143187507778795,0.9881000000000001
0.10436919756120833,0.9882000000000001
0.10696502249189654,0.9883000000000001
0.10920556991184727,0.9884000000000001
0.11109408091453121,0.9885
0.11262822176436471,0.9886
0.1138030579386139,0.9887
0.11461615534198799,0.9888
0.11506474074388329,0.9889
0.11514728570578081,0.9890000000000001
0.11486320832648667,0.9891000000000001
0.11390386329257263,0.9892000000000001
0.11102879467313642,0.9893000000000001
0.10795097996703473,0.9894000000000001
0.10473229107194681,0.9895
0.101399400674418,0.9896
0.09796762835301787,0.9897
0.09436480704538419,0.9898
0.09067075372312716,0.9899
0.08692819243349548,0.9900000000000001
0.08317069323446791,0.9901000000000001
0.07943029519086542,0.9902000000000001
0.07573644741371188,0.9903000000000001
0.07211627682459099,0.9904000000000001
0.06846069425069878,0.9905
0.06482257086905507,0.9906
0.06130849705588559,0.9907
0.05769459642352048,0.9908
0.054206994147517396,0.9909
0.0508895874095594,0.991
0.04761786792929823,0.9911000000000001
0.04434000091311141,0.9912000000000001
0.04104375862551324,0.9913000000000001
0.03780992822395368,0.9914000000000001
0.034679667740803666,0.9915
0.03155007211646743,0.9916
0.02851624816118048,0.9917
0.02555880648644604,0.9918
0.022926914658433883,0.9919
0.02067668262265543,0.992
0.018805522974387978,0.9921000000000001
0.016999030513590307,0.9922000000000001
0.015634997356013036,0.9923000000000001
0.014577234045918042,0.9924000000000001
0.013982036377889306,0.9925
0.013886076691194571,0.9926
0.013849356954826364,0.9927
0.014351876444567147,0.9928
0.015473574410157953,0.9929
0.017212137712502518,0.993
0.019562347877207786,0.9931000000000001
0.022462288847192147,0.9932000000000001
0.025859598091829916,0.9933000000000001
0.02968606980652222,0.9934000000000001
0.03387529743507156,0.9935
0.03833147185736241,0.9936
0.04295915889392954,0.9937
0.04771253837102174,0.9938
0.052560728367786025,0.9939
0.05746534039591311,0.994
0.06237742340720709,0.9941000000000001
0.06724711140591122,0.9942000000000001
0.07203554361869191,0.9943000000000001
0.0767033986364104,0.9944000000000001
0.0812171618337455,0.9945
0.08554662137579161,0.9946
0.08966291346720268,0.9947
0.09354077824178486,0.9948
0.09715682121523761,0.9949
0.10049069285169254,0.995
0.10351833836029434,0.9951000000000001
0.10620903151626537,0.9952000000000001
0.10854823855794071,0.9953000000000001
0.11053834800246232,0.9954000000000001
0.1121763275967198,0.9955
0.11345664289375357,0.9956
0.11437630142119581,0.9957
0.11493197827666968,0.9958
0.11512158263501193,0.9959
0.1149439787129779,0.996
0.11440470658742441,0.9961000000000001
0.11186034448927884,0.9962000000000001
0.10883081487191149,0.9963000000000001
0.10564678058805665,0.9964000000000001
0.1023427716981945,0.9965
0.09893535312179924,0.9966
0.09538292508313873,0.9967
0.09170867074138533,0.9968
0.08797689477234649,0.9969
0.0842209560967977,0.997
0.08047320686561565,0.9971000000000001
0.07676347170117792,0.9972000000000001
0.07311939281912838,0.9973000000000001
0.06949622587265747,0.9974000000000001
0.06582739037877738,0.9975
0.0622734139917015,0.9976
0.058693355321561835,0.9977
0.05516308499945688,0.9978
0.051793498185349396,0.9979
0.048559474519667134,0.998
0.04522512263091971,0.9981000000000001
0.041963118016338896,0.9982000000000001
0.038663406191267846,0.9983000000000001
0.03555554418943441,0.9984000000000001
0.032350145041009304,0.9985
0.029340985452097845,0.9986
0.026302660992640448,0.9987
0.02357115541985455,0.9988
0.021207349902782724,0.9989
0.019255069278622416,0.999
0.0174149379442734,0.9991000000000001
0.01593045263725279,0.9992000000000001
0.014892692637961114,0.9993000000000001
0.014155627527655756,0.9994000000000001
0.013898866132217691,0.9995
0.013776489045133067,0.9996
0.014116602221358576,0.9997
0.015057402254751384,0.9998
0.016619599915508765,0.9999
0.018798061598808147,1.0
