glottal_gap,time
0.06000000000000005,0.0
0.06000000000000005,0.0001
0.059733604980623634,0.0002
0.059049781044187455,0.00030000000000000003
0.058296189642979446,0.0004
0.05762391310041637,0.0005
0.05697761457118067,0.0006000000000000001
0.05635222754400848,0.0007
0.05570829670407251,0.0008
0.05502377922649182,0.0009000000000000001
0.05428692100550925,0.001
0.05350263221120222,0.0011
0.05268677848025671,0.0012000000000000001
0.051865253459057126,0.0013000000000000002
0.05106506271113376,0.0014
0.050308978429806306,0.0015
0.049610988094322295,0.0016
0.048976536175337815,0.0017000000000000001
0.04843289347433655,0.0018000000000000002
0.0479952408279507,0.0019
0.0476134396844361,0.002
0.04724784658432246,0.0021000000000000003
0.046893434733244144,0.0022
0.04655518160841288,0.0023
0.04626086213317904,0.0024000000000000002
0.04605268700760723,0.0025
0.04597504473700065,0.0026000000000000003
0.0460594934177736,0.0027
0.046312189809941895,0.0028
0.046711743533270234,0.0029000000000000002
0.04718849788677315,0.003
0.04767436323794416,0.0031000000000000003
0.04817480378993877,0.0032
0.04870961513402894,0.0033
0.049292263309651974,0.0034000000000000002
0.049951521121239795,0.0035
0.05071263247813418,0.0036000000000000003
0.05159451177223007,0.0037
0.05260750767815914,0.0038
0.05375335842776363,0.0039000000000000003
0.05502773837793784,0.004
0.056422433732888244,0.0041
0.05792660678698458,0.004200000000000001
0.05952732751915768,0.0043
0.06120987335249162,0.0044
0.06295825903796837,0.0045000000000000005
0.06475606665832467,0.0046
0.06658744919427706,0.0047
0.06843810194495858,0.0048000000000000004
0.07029580965251792,0.0049
0.07215043638698948,0.005
0.07399321823299221,0.0051
0.07581563926584212,0.005200000000000001
0.07760812796611394,0.0053
0.079252587185495,0.0054
0.08078118248318344,0.0055000000000000005
0.08226218097653659,0.0056
0.08365072904479753,0.0057
0.08481047651300244,0.0058000000000000005
0.0858735963022722,0.0059
0.08666278162286445,0.006
0.08731916290385744,0.0061
0.0877050793717925,0.006200000000000001
0.08791744795778844,0.0063
0.08795682240855895,0.0064
0.08792401496244551,0.006500000000000001
0.08782953392219117,0.0066
0.08768071097349539,0.0067
0.08744595794349563,0.0068000000000000005
0.08714482935300827,0.006900000000000001
0.08680961696095524,0.007
0.0864371697218771,0.0071
0.08602182564257221,0.007200000000000001
0.08555924776087342,0.0073
0.08504866634667307,0.0074
0.08449262050037432,0.007500000000000001
0.08389551087544178,0.0076
0.08326251417727903,0.0077
0.08257172332354434,0.0078000000000000005
0.08180017757140146,0.0079
0.08099364628360362,0.008
0.08015690026001088,0.0081
0.07929162845959226,0.0082
0.07834256674097217,0.0083
0.07726501660615026,0.008400000000000001
0.07607451902186702,0.0085
0.07476699668818654,0.0086
0.0734295540215455,0.008700000000000001
0.07194821032126253,0.0088
0.07040255603313583,0.0089
0.06878106383459814,0.009000000000000001
0.06710705730150512,0.0091
0.06546930789906702,0.0092
0.06388531244680995,0.009300000000000001
0.06236782038621591,0.0094
0.06086819705536506,0.0095
0.05938891000517743,0.009600000000000001
0.058001856917445416,0.0097
0.0567178759330067,0.0098
0.0555708936027004,0.0099
0.05458874291941296,0.01
0.05374472090883087,0.010100000000000001
0.05302023099084696,0.0102
0.05241967765822664,0.0103
0.051941955847984556,0.010400000000000001
0.05158834803738199,0.0105
0.0513580271389491,0.0106
0.05124787829984423,0.010700000000000001
0.05125328862624401,0.0108
0.051339713271202125,0.0109
0.05147434501260073,0.011000000000000001
0.051678940135982954,0.0111
0.05196702843130341,0.0112
0.05232779220431549,0.011300000000000001
0.05275488139197293,0.0114
0.05323819126629492,0.0115
0.05376810356360284,0.011600000000000001
0.05433554776757932,0.0117
0.0549308728634883,0.0118
0.055543783446366346,0.0119
0.05616342537265551,0.012
0.05677867838759543,0.012100000000000001
0.057378534271743664,0.0122
0.05795238637980615,0.0123
0.05849022611620125,0.012400000000000001
0.05898269295899605,0.0125
0.05942106509166445,0.0126
0.05979734761318012,0.012700000000000001
0.06010443282072475,0.0128
0.060336350512022574,0.0129
0.06048838776931531,0.013000000000000001
0.060557077402738746,0.0131
0.0605400018946759,0.0132
0.06043562902206279,0.013300000000000001
0.06024323944274157,0.0134
0.05996304994005819,0.0135
0.05959638546537116,0.013600000000000001
0.05914582087924858,0.0137
0.05861515405997153,0.013800000000000002
0.0580092720008909,0.013900000000000001
0.05733396112938527,0.014
0.056595790595865836,0.014100000000000001
0.05580205909725122,0.0142
0.05496078709575869,0.0143
0.05408066144349721,0.014400000000000001
0.053170928667229056,0.0145
0.05224124187878587,0.0146
0.05130152803076915,0.014700000000000001
0.05036188838215927,0.0148
0.04943254282903853,0.0149
0.04852377959310106,0.015000000000000001
0.04764589712621525,0.0151
0.04680911588467174,0.0152
0.04602347101723514,0.015300000000000001
0.04532969973448919,0.0154
0.04476306531886154,0.0155
0.04429583477407051,0.015600000000000001
0.043909509330709584,0.015700000000000002
0.04361269857200267,0.0158
0.043407836529284705,0.0159
0.043300304453065985,0.016
0.04329407826282483,0.0161
0.043391644966392695,0.0162
0.0435952429374209,0.016300000000000002
0.04390670375852368,0.0164
0.04432725773221491,0.0165
0.044857242129519026,0.0166
0.04549595304715459,0.0167
0.04624160872661598,0.016800000000000002
0.04709138918020206,0.016900000000000002
0.048041479843982327,0.017
0.04908716672212465,0.0171
0.050193889619555954,0.0172
0.051329892108414876,0.0173
0.05251988010533304,0.017400000000000002
0.05378019366211517,0.0175
0.055102304624085274,0.0176
0.05648240919286818,0.0177
0.05791277055392219,0.0178
0.0593858630188111,0.0179
0.06089430712316524,0.018000000000000002
0.06242968018609196,0.0181
0.06398260823324187,0.0182
0.06554308365054196,0.0183
0.06710096537529553,0.0184
0.06864638372164067,0.018500000000000003
0.07016991711249065,0.018600000000000002
0.07166260916733735,0.0187
0.07311592216029439,0.0188
0.07452170006622516,0.0189
0.07587224604005938,0.019
0.07716036733760279,0.019100000000000002
0.07837943394759372,0.019200000000000002
0.07952330250734774,0.0193
0.08058623527243824,0.0194
0.08156276362459369,0.0195
0.0824476647693837,0.0196
0.0832265183198374,0.019700000000000002
0.08381320685797433,0.0198
0.08430003932560315,0.0199
0.08468751631216254,0.02
0.08497431680821932,0.0201
0.08510974078052436,0.020200000000000003
0.08509707337476724,0.020300000000000002
0.0849899963197388,0.0204
0.08478779723570828,0.0205
0.08441504245711551,0.0206
0.08396213191253776,0.0207
0.08343418194073093,0.020800000000000003
0.08283446097989022,0.020900000000000002
0.082165793298833,0.021
0.08143177760378839,0.0211
0.08061405678417377,0.0212
0.07975092559614239,0.0213
0.07884982836107968,0.021400000000000002
0.07791701038434029,0.021500000000000002
0.07695854584305706,0.0216
0.0759496610990179,0.0217
0.07491291357140606,0.0218
0.07385948047850155,0.0219
0.07279667447485083,0.022000000000000002
0.07173120251150922,0.0221
0.0706695248471092,0.0222
0.06961793198220867,0.0223
0.0685731086804966,0.0224
0.06745209951793285,0.022500000000000003
0.0663530258274877,0.022600000000000002
0.06528697175354903,0.0227
0.0642244734076759,0.0228
0.0631237528050046,0.0229
0.062074711866122345,0.023
0.06109323842606107,0.023100000000000002
0.06019112770132995,0.023200000000000002
0.05937310025165732,0.0233
0.05864340148250369,0.0234
0.05800498233868567,0.0235
0.05745862651345468,0.0236
0.056932362698237204,0.023700000000000002
0.05645113711335026,0.0238
0.056060045774273704,0.0239
0.055762878421807605,0.024
0.055560221172118895,0.0241
0.055451216558803695,0.024200000000000003
0.05540700927736952,0.024300000000000002
0.05540086421350798,0.0244
0.05545780591952676,0.0245
0.055594593654592295,0.0246
0.05580455301909093,0.0247
0.05608438019045425,0.024800000000000003
0.0564261820951204,0.024900000000000002
0.05682162932885504,0.025
0.05726221954412747,0.0251
0.05773856124229004,0.0252
0.05824073470344793,0.0253
0.05875858522309563,0.025400000000000002
0.05928206644091638,0.025500000000000002
0.0598013344719277,0.0256
0.06030675684549791,0.0257
0.06078885439070536,0.0258
0.06123838170658957,0.025900000000000003
0.061646443619744806,0.026000000000000002
0.0620047711087941,0.0261
0.06230589871213155,0.0262
0.06254336124167448,0.0263
0.06271171583330915,0.0264
0.06280656562624731,0.026500000000000003
0.0628244646016407,0.026600000000000002
0.06276288386816342,0.0267
0.06262015514477426,0.0268
0.062395524255441814,0.0269
0.0620891857575413,0.027
0.06170232684998711,0.027100000000000003
0.06123704762238402,0.027200000000000002
0.060696243588076015,0.0273
0.060083458669881185,0.0274
0.05940284434469745,0.0275
0.058659188345275615,0.027600000000000003
0.05785800381914896,0.027700000000000002
0.05700556043970173,0.027800000000000002
0.056108856210781655,0.0279
0.055175516266159796,0.028
0.05421369427091349,0.0281
0.053231983142763895,0.028200000000000003
0.05223935969961557,0.028300000000000002
0.051245124786138296,0.0284
0.05025883973657286,0.0285
0.049290237624670885,0.0286
0.04834912861483387,0.0287
0.0474452951333415,0.028800000000000003
0.04661894026445612,0.028900000000000002
0.045904917269455,0.029
0.04527619656236448,0.0291
0.04471526024865069,0.0292
0.04423152158916688,0.029300000000000003
0.043828545583141754,0.029400000000000003
0.0435130895832192,0.029500000000000002
0.04329070814383962,0.0296
0.04316564674008072,0.0297
0.043141984880828765,0.0298
0.04322342466829143,0.029900000000000003
0.04341303462619672,0.030000000000000002
0.04371290920472637,0.030100000000000002
0.04412398160855502,0.0302
0.04464596196489068,0.0303
0.0452773636967283,0.0304
0.04601554426415033,0.030500000000000003
0.04685680403511183,0.030600000000000002
0.04779641849706495,0.0307
0.04882875124406372,0.0308
0.04994731706069344,0.0309
0.05111589762161084,0.031
0.05230119004481937,0.031100000000000003
0.05352679059300791,0.031200000000000002
0.054808369271826196,0.0313
0.056136996686179996,0.031400000000000004
0.057508396033476794,0.0315
0.05891414944176887,0.0316
0.060345816837408695,0.0317
0.061795155546290226,0.0318
0.06325324365524398,0.031900000000000005
0.06471083431401625,0.032
0.06615861575313065,0.032100000000000004
0.06758749734944314,0.0322
0.06898872452451021,0.0323
0.0703539572332823,0.0324
0.07167531944520156,0.0325
0.07294548068695861,0.032600000000000004
0.07415764575480022,0.0327
0.07530557998743992,0.0328
0.07638352823998396,0.0329
0.07738620829916298,0.033
0.07830873156292117,0.033100000000000004
0.07914660434273402,0.0332
0.0798956796735758,0.0333
0.08055221457060135,0.0334
0.08111293563423205,0.0335
0.08157521344636287,0.033600000000000005
0.08193719586671255,0.0337
0.08217061694067684,0.033800000000000004
0.08223650289947837,0.0339
0.0822070715001949,0.034
0.08208628734464407,0.0341
0.08187610237275522,0.0342
0.0815530809311732,0.034300000000000004
0.08109015187765412,0.0344
0.08055190826064662,0.0345
0.07994379213455205,0.0346
0.07926973280828009,0.0347
0.07849959778859372,0.034800000000000005
0.07766152714638719,0.0349
0.0767817067446207,0.035
0.0758668518327218,0.0351
0.07492311067120372,0.0352
0.07395683738286385,0.035300000000000005
0.07297465546094206,0.0354
0.07198339363420159,0.035500000000000004
0.07098994303341344,0.0356
0.0700010932018108,0.0357
0.06902340400065321,0.0358
0.06804175639673093,0.0359
0.06703387029473906,0.036000000000000004
0.06604708643586898,0.0361
0.06509323038272752,0.0362
0.06418340059971439,0.0363
0.0633262395126365,0.0364
0.06252763351142065,0.036500000000000005
0.06174124351404031,0.0366
0.06097171151267389,0.0367
0.060263636941738974,0.0368
0.059623829266092665,0.0369
0.059056928242313234,0.037000000000000005
0.05856661927836293,0.0371
0.05815594314367867,0.037200000000000004
0.05782719527452751,0.0373
0.05758197516525976,0.0374
0.05735936371966388,0.0375
0.05716101182316358,0.0376
0.05705151938048458,0.037700000000000004
0.057006422891820785,0.0378
0.05700028043150396,0.0379
0.05705728488038497,0.038
0.05719368195372443,0.0381
0.05740330850188524,0.038200000000000005
0.0576838442008345,0.0383
0.05802881668970272,0.038400000000000004
0.058431483245680926,0.0385
0.0588847388567606,0.0386
0.059380209895151914,0.038700000000000005
0.059908438111283324,0.0388
0.060459186632071726,0.038900000000000004
0.06102189997733354,0.039
0.06158602593849183,0.0391
0.062141252034047745,0.0392
0.06267764153190403,0.0393
0.06318577909102074,0.039400000000000004
0.0636568293338956,0.0395
0.06408263528854274,0.0396
0.06445570231427689,0.0397
0.06476924247932347,0.0398
0.0650171480670293,0.039900000000000005
0.06519404639956516,0.04
0.06529530017122942,0.040100000000000004
0.06531707946947196,0.0402
0.06525640113181963,0.0403
0.06511123406748232,0.040400000000000005
0.06488055290428352,0.0405
0.06456437840409823,0.040600000000000004
0.0641637040249946,0.0407
0.06368039102431855,0.0408
0.06311703071476538,0.0409
0.06247688338339341,0.041
0.0617638621119061,0.041100000000000005
0.06098256821805226,0.0412
0.060138291955603496,0.0413
0.05923698869591698,0.0414
0.05828521798046604,0.0415
0.057290103699894734,0.041600000000000005
0.05625930962715131,0.0417
0.05520104121128866,0.041800000000000004
0.05412403045450076,0.0419
0.05303749795416479,0.042
0.05195106961716878,0.042100000000000005
0.05087466673903496,0.0422
0.04981837279414858,0.042300000000000004
0.048792303697423156,0.0424
0.047836353243847274,0.0425
0.04698512003733035,0.0426
0.04621272645748986,0.0427
0.04550276247435603,0.042800000000000005
0.04486518028474373,0.0429
0.04430434585985199,0.043000000000000003
0.04382793586523359,0.0431
0.043442558110798,0.0432
0.04315363685447271,0.043300000000000005
0.04296646913505997,0.0434
0.04288598171094149,0.043500000000000004
0.04291644283967422,0.0436
0.04306109754694809,0.0437
0.043321962650355594,0.0438
0.043699746004399964,0.0439
0.0441938567566913,0.044000000000000004
0.04480242811089585,0.0441
0.045522402159939634,0.0442
0.04634955210320024,0.0443
0.04727859268050172,0.0444
0.04830324675114683,0.044500000000000005
0.04941642725060147,0.0446
0.05058146354284543,0.044700000000000004
0.0517645606562962,0.0448
0.05298845678981623,0.0449
0.05426807788940402,0.045000000000000005
0.055593763959595366,0.0451
0.05696036522470482,0.045200000000000004
0.05835858713891873,0.0453
0.0597792646797507,0.0454
0.06121366085398383,0.0455
0.06265261219197416,0.0456
0.06408675281254372,0.045700000000000005
0.06550668627868728,0.0458
0.06690321323598458,0.0459
0.06826750441885443,0.046
0.06959122070510093,0.0461
0.07086659395063744,0.046200000000000005
0.0720864609696642,0.0463
0.07324421327194308,0.046400000000000004
0.07433378205193653,0.0465
0.07534957335092962,0.0466
0.07628648554517292,0.046700000000000005
0.07713987556982838,0.0468
0.07790558152729721,0.046900000000000004
0.07857989077355287,0.047
0.07915958380416188,0.0471
0.07964198137282519,0.0472
0.08002508301915978,0.0473
0.08030767173957942,0.047400000000000005
0.08048938732184985,0.0475
0.08057065250609874,0.0476
0.08055252610469787,0.0477
0.08039046565888375,0.0478
0.08008759670720222,0.047900000000000005
0.07969789127589644,0.048
0.07922624765570385,0.048100000000000004
0.07867594595049554,0.0482
0.07803689668552527,0.0483
0.07727156277844882,0.048400000000000006
0.07644759721532568,0.0485
0.07557255280719166,0.048600000000000004
0.07465252190814298,0.0487
0.07369341556774112,0.0488
0.07270174239744664,0.0489
0.07168442581427958,0.049
0.07064885571701118,0.049100000000000005
0.06960267225425709,0.0492
0.06855362041426882,0.049300000000000004
0.06750941592642978,0.0494
0.06647749477893594,0.0495
0.06546488559658181,0.049600000000000005
0.06447974483381747,0.0497
0.0635326702488247,0.049800000000000004
0.06263494380881995,0.0499
0.06179576371617801,0.05
0.06102132848105879,0.050100000000000006
0.06030452657554508,0.0502
0.059582038220489686,0.050300000000000004
0.05892434841902827,0.0504
0.05833961591853609,0.0505
0.057833543075355376,0.0506
0.05741030227497568,0.0507
0.057073464005796826,0.050800000000000005
0.05682556608331546,0.0509
0.05666837362924593,0.051000000000000004
0.05660272616605222,0.0511
0.05655771807919696,0.0512
0.05655440727070382,0.051300000000000005
0.05664569143895082,0.0514
0.05683164819168662,0.051500000000000004
0.05708189724748536,0.0516
0.0573676535654164,0.0517
0.05771114561549373,0.051800000000000006
0.058126968746802676,0.0519
0.0586074522165041,0.052000000000000005
0.05914866912028027,0.0521
0.05974234314233673,0.0522
0.060379772327870174,0.0523
0.061051911524759084,0.0524
0.061748637873228374,0.052500000000000005
0.062459066517288164,0.0526
0.06317189117576283,0.052700000000000004
0.06387581382801755,0.0528
0.06455983527242348,0.0529
0.06521348054029963,0.053000000000000005
0.0658269216412658,0.0531
0.06639106632351854,0.053200000000000004
0.06689752656159242,0.0533
0.0673386371712944,0.0534
0.06770741708642569,0.053500000000000006
0.067997645399972,0.0536
0.06820388707157043,0.053700000000000005
0.06832157742574374,0.0538
0.068347014588505,0.0539
0.0682773925993817,0.054
0.06811079551517396,0.0541
0.06784627275515664,0.054200000000000005
0.06748389160878465,0.0543
0.06702479879752965,0.054400000000000004
0.0664711716070796,0.0545
0.06582611919765091,0.0546
0.06509352681314728,0.054700000000000006
0.0642779632193915,0.0548
0.06338463937317884,0.054900000000000004
0.06241943621912782,0.055
0.0613889134491199,0.0551
0.06030029824737371,0.055200000000000006
0.05916143241547034,0.0553
0.05798073307079554,0.055400000000000005
0.05676716351715405,0.0555
0.055530227449119396,0.055600000000000004
0.054279944269153724,0.0557
0.05302679928936871,0.0558
0.051781647325339186,0.055900000000000005
0.05055559045110258,0.056
0.0493891566943121,0.056100000000000004
0.048317680012339714,0.0562
0.04731717885485209,0.0563
0.046373186714893544,0.056400000000000006
0.04549713672365541,0.0565
0.04469505093604198,0.056600000000000004
0.0439763446884307,0.0567
0.043349449323098366,0.0568
0.04282172100180581,0.056900000000000006
0.042400443887871564,0.057
0.04209257849380599,0.057100000000000005
0.04190444362094792,0.0572
0.041841310331466985,0.057300000000000004
0.041907143602063046,0.0574
0.04210446044495364,0.0575
0.04243428212490752,0.057600000000000005
0.042896106919441346,0.0577
0.04348795957877427,0.057800000000000004
0.04420639309319507,0.0579
0.045046593578717875,0.058
0.04600245360567978,0.058100000000000006
0.04706677085826194,0.0582
0.04823141953656829,0.058300000000000005
0.04948758697701017,0.0584
0.05079673421105402,0.0585
0.05212302782483347,0.058600000000000006
0.0534873380903198,0.0587
0.05490259949797949,0.058800000000000005
0.05635693983329193,0.0589
0.05784318364171659,0.059000000000000004
0.05935043044485111,0.0591
0.06086841368578555,0.0592
0.06238768445662379,0.059300000000000005
0.0638985169722378,0.0594
0.06539098114587016,0.059500000000000004
0.06685510863534361,0.0596
0.06828121843847834,0.0597
0.06966016404282671,0.059800000000000006
0.0709834424711917,0.0599
0.07224319570640192,0.060000000000000005
0.07343217337734831,0.0601
0.07454366468749862,0.060200000000000004
0.07557152639533704,0.0603
0.07651018719781844,0.0604
0.07735473109133206,0.060500000000000005
0.07810090149945559,0.0606
0.07874513020279583,0.060700000000000004
0.07928448006389732,0.0608
0.07971664363379594,0.0609
0.08003993534598419,0.061000000000000006
0.08025338129600723,0.0611
0.0803567906854773,0.061200000000000004
0.08035081910783415,0.0613
0.08023690521164006,0.0614
0.08001714925860481,0.061500000000000006
0.07969414715767786,0.0616
0.07922004289420814,0.061700000000000005
0.07860824159579705,0.0618
0.07791134998540594,0.061900000000000004
0.0771361416811922,0.062
0.07628789222972387,0.0621
0.07535515424664352,0.062200000000000005
0.07431596402584106,0.0623
0.07323084726685536,0.062400000000000004
0.07210913576245659,0.0625
0.07095881799385806,0.0626
0.06978771657684746,0.0627
0.06860411921684406,0.06280000000000001
0.06741660453638232,0.0629
0.06623385322257402,0.063
0.06506437692007161,0.0631
0.06391798640705948,0.0632
0.06280704259338299,0.06330000000000001
0.061744583080946325,0.0634
0.06074143019178291,0.0635
0.059805267079882096,0.0636
0.05894134919428429,0.0637
0.05815341229584603,0.06380000000000001
0.05741633818230385,0.0639
0.05669451591735175,0.064
0.056053872332270105,0.0641
0.05550412413772343,0.06420000000000001
0.055051692311699485,0.06430000000000001
0.05470108450934341,0.0644
0.054455930866389,0.0645
0.05431874994963315,0.0646
0.05429112544510506,0.06470000000000001
0.05437348880212545,0.0648
0.054442964106417024,0.0649
0.05461664477181749,0.065
0.05490340845231567,0.0651
0.05530081432412359,0.06520000000000001
0.05580305940043906,0.0653
0.05637717943791354,0.0654
0.056991978192112436,0.0655
0.057667216088741036,0.0656
0.0584149252250028,0.06570000000000001
0.05922446896362521,0.0658
0.06008872145314603,0.0659
0.06099631080144785,0.066
0.06193574726772311,0.0661
0.06289557473557605,0.06620000000000001
0.06386358610389209,0.0663
0.06482706147889672,0.0664
0.06577312891792486,0.0665
0.06668924934575993,0.0666
0.06756355515102452,0.06670000000000001
0.06838499987320934,0.0668
0.06914334441418757,0.0669
0.06982909995884712,0.067
0.0704334586671499,0.0671
0.07094836519636494,0.06720000000000001
0.07136660172635423,0.0673
0.07168196398501459,0.0674
0.07188933889935023,0.0675
0.07198475977524676,0.06760000000000001
0.07196532443545811,0.06770000000000001
0.0718291285345578,0.0678
0.07157518773890792,0.0679
0.07120348056954418,0.068
0.07071501760428522,0.06810000000000001
0.07011193517407821,0.0682
0.06939747588279166,0.0683
0.06857589671031927,0.0684
0.06765231142158945,0.0685
0.06663259574080016,0.06860000000000001
0.065523355940867,0.0687
0.06433196903923755,0.0688
0.06306659988636654,0.0689
0.06173618283506943,0.069
0.0603503501846786,0.06910000000000001
0.05891936621560556,0.0692
0.05745407375026779,0.0693
0.05596586890598121,0.0694
0.05446666503325859,0.0695
0.05296883685302056,0.06960000000000001
0.05148512367065816,0.0697
0.050056783219795786,0.0698
0.04871997319581922,0.0699
0.04745365689303904,0.07
0.04624629214728326,0.07010000000000001
0.04511139612310422,0.0702
0.04405732548844332,0.0703
0.043095814033389024,0.0704
0.04223761559752015,0.07050000000000001
0.04149240947712873,0.07060000000000001
0.04086970970652004,0.0707
0.040378600284542765,0.0708
0.04002739164973601,0.0709
0.03982318984505007,0.07100000000000001
0.03977159914661188,0.0711
0.039876530104309804,0.0712
0.04014009492365478,0.0713
0.040562526726666714,0.0714
0.04114218524149682,0.07150000000000001
0.04187553405953093,0.0716
0.04275723927349118,0.0717
0.0437802578692692,0.0718
0.04493606589384447,0.0719
0.046214873312294236,0.07200000000000001
0.04760590979591739,0.0721
0.04909759801517022,0.0722
0.05064825925676164,0.0723
0.05221855249612517,0.0724
0.053826141733666066,0.07250000000000001
0.055480990718801415,0.0726
0.05716843108532754,0.0727
0.058878900821548896,0.0728
0.06059951421647514,0.0729
0.06231826450566591,0.07300000000000001
0.06402412231609944,0.0731
0.06570586027953174,0.0732
0.0673521793480526,0.0733
0.06895191020415181,0.0734
0.07049436687023458,0.07350000000000001
0.07196954871274075,0.0736
0.07336821462396026,0.0737
0.07468185253940185,0.0738
0.07590266301859283,0.07390000000000001
0.07702351730982426,0.07400000000000001
0.07803802799818638,0.0741
0.07894057137845989,0.0742
0.07972638331613424,0.0743
0.08039154941529492,0.07440000000000001
0.08093301675639786,0.0745
0.08134850434055729,0.0746
0.08163647534476792,0.0747
0.08179610066606435,0.0748
0.0818273346510251,0.07490000000000001
0.08173097984474431,0.075
0.08150876140836893,0.0751
0.0811632809593924,0.0752
0.08069791853603747,0.0753
0.08011668082316559,0.07540000000000001
0.07939248165647228,0.0755
0.07849482526955676,0.0756
0.07750415831977364,0.0757
0.07642999140799456,0.0758
0.07527991844555826,0.07590000000000001
0.07401295964020083,0.076
0.0726723681575071,0.0761
0.07129096926171596,0.0762
0.06987927673221228,0.0763
0.06844699814790522,0.07640000000000001
0.06700415736338605,0.0765
0.06556095983500576,0.0766
0.06412774150056544,0.0767
0.06271642379917419,0.07680000000000001
0.06134169347324725,0.07690000000000001
0.06001894939909169,0.077
0.058761335356944056,0.0771
0.05757878076344891,0.0772
0.05647874972680378,0.07730000000000001
0.05546716621379488,0.07740000000000001
0.054549678927095835,0.0775
0.053724564062789915,0.0776
0.05290442105311799,0.0777
0.05218885397806616,0.07780000000000001
0.05159084220158339,0.0779
0.05111853558744106,0.078
0.050777146486995495,0.0781
0.05057090332947656,0.0782
0.05050265871498105,0.07830000000000001
0.05057422098607067,0.0784
0.0507306816125106,0.0785
0.050937217163844695,0.0786
0.051285761957512443,0.0787
0.05177812233615264,0.07880000000000001
0.05240993212437761,0.0789
0.05317397788287481,0.079
0.05406191189141518,0.0791
0.05506393890725714,0.0792
0.056141444445434896,0.07930000000000001
0.05725716169535455,0.0794
0.05842635179136657,0.0795
0.05965656409551645,0.0796
0.06093210393481474,0.07970000000000001
0.06224142444038272,0.07980000000000001
0.06356913013761512,0.0799
0.0649001298695846,0.08
0.06621990056678373,0.0801
0.06751376853266411,0.08020000000000001
0.06876725446276233,0.08030000000000001
0.0699663599823932,0.0804
0.07109785457260787,0.0805
0.07214936108680825,0.0806
0.07310935868214852,0.08070000000000001
0.07396717035134892,0.08080000000000001
0.07471305458520383,0.0809
0.07533831806554303,0.081
0.07583552513459546,0.0811
0.07619859355782554,0.08120000000000001
0.07642286961120004,0.0813
0.07650502355332112,0.0814
0.07644293254392764,0.0815
0.07623548810614211,0.0816
0.07588252116155736,0.08170000000000001
0.07538478344391497,0.0818
0.0747440748123146,0.0819
0.07396336514619395,0.082
0.07304690493268728,0.0821
0.07200019718748407,0.08220000000000001
0.07082990274196388,0.0823
0.0695436859171763,0.0824
0.0681501236678611,0.0825
0.06665866028790124,0.0826
0.0650796184108221,0.08270000000000001
0.06342417647946508,0.0828
0.06170431507366647,0.0829
0.05993271700642522,0.083
0.05812268340040405,0.08310000000000001
0.05628806851090262,0.08320000000000001
0.054443250087027995,0.0833
0.05260309371177829,0.0834
0.05081017784745412,0.0835
0.04910209491393869,0.08360000000000001
0.04746131427764522,0.08370000000000001
0.04587997535504029,0.0838
0.04437463234725936,0.0839
0.04295701804779806,0.084
0.041642326584621525,0.08410000000000001
0.040444846187151384,0.08420000000000001
0.03937784889704177,0.0843
0.03845439973543452,0.0844
0.03768706933332355,0.0845
0.03708755702743849,0.08460000000000001
0.03666622228780869,0.0847
0.03643172873458789,0.0848
0.036390766823242826,0.0849
0.03654784028345048,0.085
0.03690506254642467,0.08510000000000001
0.0374620433167383,0.0852
0.03821577125309705,0.0853
0.03916065722608297,0.0854
0.04028861634670333,0.0855
0.04158933556267019,0.08560000000000001
0.04305056691524922,0.0857
0.04465851565882417,0.0858
0.046398129244597186,0.0859
0.04825334209937848,0.08600000000000001
0.05017728005343036,0.08610000000000001
0.05212510238448087,0.0862
0.05410987391756361,0.0863
0.05613758880508968,0.0864
0.05818984211663536,0.08650000000000001
0.06025391755197507,0.08660000000000001
0.06231413716509093,0.0867
0.06435593595901234,0.0868
0.06636591054372754,0.0869
0.06833065759050583,0.08700000000000001
0.0702369346229188,0.08710000000000001
0.07207187913348656,0.0872
0.07382331277075349,0.0873
0.07547990812864225,0.0874
0.07703123234238807,0.08750000000000001
0.07846773909635973,0.0876
0.0797807777346009,0.0877
0.08096259117141213,0.0878
0.08200640039025309,0.0879
0.08290643475241244,0.08800000000000001
0.08365801042726884,0.0881
0.08425750147409072,0.0882
0.08470232044704396,0.0883
0.08499080573007878,0.0884
0.08512217001339939,0.08850000000000001
0.08509645289183321,0.0886
0.0849145903626286,0.0887
0.08457848798884693,0.0888
0.08409111059342089,0.0889
0.08345646085192138,0.08900000000000001
0.08267950140996128,0.0891
0.081766014508037,0.0892
0.0806310965216589,0.0893
0.07935758586356612,0.08940000000000001
0.07797961214775251,0.08950000000000001
0.07646758131603026,0.0896
0.07483173426285328,0.0897
0.0731328057830668,0.0898
0.07138372841238971,0.08990000000000001
0.06958077076606883,0.09000000000000001
0.06773504698983901,0.0901
0.0658886053662997,0.0902
0.06405535425835718,0.0903
0.062247374933279476,0.09040000000000001
0.06047793312757688,0.09050000000000001
0.0587649102648502,0.0906
0.05712819839140648,0.0907
0.0555516861633778,0.0908
0.054050144776323084,0.09090000000000001
0.05264745394235737,0.091
0.05135390723408384,0.0911
0.05017940379029984,0.0912
0.049133796390340434,0.0913
0.048201562580893365,0.09140000000000001
0.04730019304563626,0.0915
0.04654666434787913,0.0916
0.045956887938081836,0.0917
0.04554012180575717,0.0918
0.045301864596675845,0.09190000000000001
0.045246295032303596,0.092
0.04537577603010012,0.0921
0.04558246191074122,0.0922
0.045906279990280296,0.09230000000000001
0.04642055164958081,0.09240000000000001
0.047126836169082864,0.0925
0.04801924262030188,0.0926
0.049088795444745426,0.0927
0.05032440481827982,0.09280000000000001
0.051712911708394094,0.09290000000000001
0.05323921557532452,0.093
0.054858077582620624,0.0931
0.05652495701639837,0.0932
0.058248831207385,0.09330000000000001
0.06003155204202326,0.09340000000000001
0.06185171862327332,0.0935
0.06369257844245968,0.0936
0.06553404122176365,0.0937
0.0673568937597222,0.09380000000000001
0.06914311868088774,0.09390000000000001
0.07087506942235,0.094
0.07253570295184708,0.0941
0.07410875547566975,0.0942
0.0755789673134909,0.09430000000000001
0.07693216691533278,0.0944
0.07815531625398087,0.0945
0.07923657192686351,0.0946
0.08016544416683524,0.0947
0.08093293653306322,0.09480000000000001
0.08153170938523036,0.0949
0.08195606392669474,0.095
0.08220187858544548,0.0951
0.08226639974936079,0.0952
0.08214809225266695,0.09530000000000001
0.0818464852599412,0.0954
0.08136216532614404,0.0955
0.08069681004141294,0.0956
0.07985333135025452,0.09570000000000001
0.07883599105668893,0.09580000000000001
0.0776505094223695,0.0959
0.07630405306892596,0.096
0.07480516423489114,0.0961
0.07316361701664864,0.09620000000000001
0.07139031123471706,0.09630000000000001
0.06949719168003954,0.0964
0.06749722104837053,0.0965
0.06540433169088034,0.0966
0.0632333628661712,0.09670000000000001
0.060999963287504344,0.09680000000000001
0.05872051438132342,0.0969
0.05641207316353514,0.097
0.05409235090580711,0.0971
0.051806083691487315,0.09720000000000001
0.04959303403502813,0.09730000000000001
0.047439592324102,0.0974
0.04534211321747761,0.0975
0.04332092719050262,0.0976
0.04139197776086001,0.09770000000000001
0.039574941663592655,0.0978
0.037888860448863415,0.0979
0.03635204039390105,0.098
0.034982788477320836,0.0981
0.03379911109661449,0.09820000000000001
0.032818302337336513,0.0983
0.03205641055084252,0.0984
0.031527771326317344,0.0985
0.031244553936591313,0.09860000000000001
0.031216313838666965,0.09870000000000001
0.03144950738795482,0.0988
0.03194708691351922,0.0989
0.032708121322371664,0.099
0.03372765311668946,0.09910000000000001
0.034996698809036,0.09920000000000001
0.03650255278997072,0.0993
0.03822922199287504,0.0994
0.040158033190314635,0.0995
0.042268182519858755,0.09960000000000001
0.044537250920461346,0.09970000000000001
0.04694157883057937,0.0998
0.049425671334126786,0.0999
0.05193609693341217,0.1
0.05447989896290184,0.10010000000000001
0.05705810601969308,0.10020000000000001
0.059647407066620195,0.1003
0.062230959502751926,0.1004
0.06478938639960607,0.1005
0.06730476032960142,0.10060000000000001
0.06976071170436016,0.10070000000000001
0.0721412065098812,0.1008
0.07443070899300397,0.1009
0.07661432479151131,0.101
0.07867805479736523,0.10110000000000001
0.080608925274267,0.1012
0.08239504864314329,0.1013
0.08402564029844917,0.1014
0.08549106607753343,0.1015
0.08678285446971634,0.10160000000000001
0.08789379020860533,0.1017
0.0888179289416835,0.1018
0.08955065881121194,0.1019
0.09008864203639144,0.10200000000000001
0.09042977500845828,0.10210000000000001
0.09057305381032188,0.1022
0.09051851409235245,0.1023
0.09026717626233738,0.1024
0.08982111942019011,0.10250000000000001
0.08918356233343916,0.10260000000000001
0.08835897339685506,0.1027
0.08735307084775823,0.1028
0.08617276657436734,0.1029
0.08471943998526066,0.10300000000000001
0.08309000774803765,0.10310000000000001
0.08122458633725871,0.1032
0.0792200850426632,0.1033
0.07704504757490382,0.1034
0.07479836933652773,0.10350000000000001
0.07249674050819743,0.10360000000000001
0.07015539617166033,0.1037
0.06778946137565578,0.1038
0.06541524001234433,0.1039
0.06304930728428226,0.10400000000000001
0.06070812665514025,0.1041
0.0584098124214536,0.1042
0.056176680433835724,0.1043
0.05403267124932265,0.1044
0.051998710258820635,0.10450000000000001
0.05009190965496102,0.1046
0.04832671762131069,0.1047
0.046708437854591,0.1048
0.04511365707328574,0.10490000000000001
0.0436772906861429,0.10500000000000001
0.04242095102746046,0.1051
0.04135982224142354,0.1052
0.040341420643180914,0.1053
0.03950376116246046,0.10540000000000001
0.03889081620373647,0.10550000000000001
0.03851622313190961,0.1056
0.03838686353215093,0.1057
0.038507651939624576,0.1058
0.03876576763888151,0.10590000000000001
0.039160145056058804,0.10600000000000001
0.03981250417367055,0.1061
0.04072925036889763,0.1062
0.04190444430240525,0.1063
0.0433263019949881,0.10640000000000001
0.044979679004815365,0.10650000000000001
0.04684604221304789,0.1066
0.04890406595697905,0.1067
0.051129783475563295,0.1068
0.05346750287785129,0.10690000000000001
0.055861806905064926,0.10700000000000001
0.058313169254958996,0.1071
0.06081574784890942,0.1072
0.06334024957558704,0.1073
0.0658630650910299,0.10740000000000001
0.06835822050006413,0.1075
0.07080163408350926,0.1076
0.07317136729925566,0.1077
0.07544653532884782,0.1078
0.07760735530293417,0.10790000000000001
0.0796352117859741,0.108
0.08151285463153712,0.1081
0.08322452547122539,0.1082
0.08475603916251284,0.10830000000000001
0.08609486187345927,0.10840000000000001
0.08723023188422485,0.1085
0.08815322651299007,0.1086
0.08885681742024332,0.1087
0.08933574980567527,0.10880000000000001
0.08958640081034575,0.10890000000000001
0.08960655505386739,0.109
0.08939529521290845,0.1091
0.08895291950218043,0.1092
0.08828099215030549,0.10930000000000001
0.08738240078837833,0.10940000000000001
0.08626149148497142,0.1095
0.08492416972712724,0.1096
0.08337800472037071,0.1097
0.08163222676231274,0.10980000000000001
0.07969766576888071,0.10990000000000001
0.07758660537436657,0.11
0.0753126603672194,0.1101
0.07289067577938524,0.1102
0.07033668735893106,0.11030000000000001
0.06766787447372258,0.11040000000000001
0.06490250693580002,0.1105
0.06200008871678331,0.1106
0.05904991885085886,0.1107
0.05607679190465498,0.11080000000000001
0.05310439757114538,0.1109
0.050160413247059665,0.111
0.047272599888282585,0.1111
0.04446361272540078,0.11120000000000001
0.041756661431802566,0.11130000000000001
0.03917473895833212,0.1114
0.036739444096895335,0.1115
0.03447246548836014,0.1116
0.0323951646066134,0.11170000000000001
0.030529425267210808,0.11180000000000001
0.028897495479302426,0.1119
0.027404796822911415,0.112
0.02611803715635297,0.1121
0.025117853956451386,0.11220000000000001
0.024431362407112855,0.11230000000000001
0.02407696747039334,0.1124
0.024068943370420426,0.1125
0.02441736246798376,0.1126
0.02512706463917791,0.11270000000000001
0.026196737326350528,0.11280000000000001
0.02761809757228373,0.1129
0.029375830012888793,0.113
0.03144823263808827,0.1131
0.03380841105604948,0.11320000000000001
0.03642560356125912,0.11330000000000001
0.039266467594698096,0.1134
0.0422961309886527,0.1135
0.04547910002591826,0.1136
0.0487466843874802,0.11370000000000001
0.05203340467765605,0.11380000000000001
0.055340171128248405,0.1139
0.058663132554417796,0.114
0.06197303930491349,0.11410000000000001
0.06524811823555732,0.11420000000000001
0.06846442638041528,0.1143
0.07160004134491982,0.1144
0.07463534663227711,0.1145
0.07755173207128296,0.11460000000000001
0.08033170074557883,0.11470000000000001
0.08295886384714657,0.1148
0.08541800040915859,0.1149
0.08769503553965907,0.115
0.08977700111644904,0.11510000000000001
0.09165205605844529,0.11520000000000001
0.09330958652115318,0.1153
0.09474029871805556,0.1154
0.09593636478555567,0.1155
0.09689146728341103,0.11560000000000001
0.09760087158831732,0.11570000000000001
0.09806138629728522,0.1158
0.09827134645462887,0.1159
0.09823050033175684,0.116
0.09793994907411085,0.11610000000000001
0.09740206668700391,0.11620000000000001
0.09662052834182089,0.1163
0.09560034382196425,0.1164
0.09434793376286732,0.1165
0.09286313166994398,0.11660000000000001
0.09096183370557986,0.11670000000000001
0.0885779249558234,0.1168
0.08593181829021457,0.1169
0.08318448522076738,0.117
0.0803572691293708,0.11710000000000001
0.07746563380097127,0.11720000000000001
0.07452524853766229,0.1173
0.07155432040912557,0.1174
0.06857386740067273,0.11750000000000001
0.06560651715494692,0.11760000000000001
0.06267497121912269,0.1177
0.059802330545652316,0.1178
0.0569639757416498,0.1179
0.05415903559396562,0.11800000000000001
0.051471057154963695,0.11810000000000001
0.04892503331647147,0.1182
0.04642068562153501,0.1183
0.04403380409828084,0.1184
0.041826475080364967,0.11850000000000001
0.03982189717646123,0.11860000000000001
0.03803898215571033,0.1187
0.03636927471516094,0.1188
0.034818462827914676,0.1189
0.033521189932865125,0.11900000000000001
0.03244186615110545,0.11910000000000001
0.03145613094636168,0.1192
0.030763046921434167,0.1193
0.030392812999030072,0.1194
0.030360396839588466,0.11950000000000001
0.030672789624193175,0.11960000000000001
0.031035151811347417,0.1197
0.03172265773463545,0.1198
0.03277376847406743,0.1199
0.03418918880878197,0.12000000000000001
0.03595360137687109,0.12010000000000001
0.038046668058313804,0.1202
0.040441502502174265,0.1203
0.0431071500997704,0.12040000000000001
0.04600879579122563,0.12050000000000001
0.049108653015602854,0.1206
0.05233503756813662,0.1207
0.055617011308107145,0.1208
0.05894510826523036,0.12090000000000001
0.0623054356123679,0.12100000000000001
0.06566043728382076,0.1211
0.06897986135211043,0.1212
0.0722319170086757,0.1213
0.07538742114709307,0.12140000000000001
0.078420113687244,0.12150000000000001
0.08130552603423447,0.1216
0.0840211349211838,0.1217
0.08654641529023777,0.1218
0.08886295465787963,0.12190000000000001
0.09095445773448674,0.12200000000000001
0.09280671132388019,0.1221
0.09440754747682067,0.1222
0.09574683238042714,0.1223
0.09681637323130676,0.12240000000000001
0.09760982298037613,0.12250000000000001
0.09812245768880778,0.1226
0.09835102863764966,0.1227
0.0982936202964515,0.1228
0.09794968664875503,0.12290000000000001
0.09732011303708421,0.12300000000000001
0.09640737042437952,0.1231
0.09521560807187468,0.1232
0.09375077560714395,0.1233
0.09202068343906478,0.12340000000000001
0.09003506910261116,0.12350000000000001
0.08780556043147192,0.1236
0.08534558478421927,0.1237
0.08267018838756357,0.12380000000000001
0.07959614198141118,0.12390000000000001
0.07625173638090799,0.124
0.07280248062475325,0.1241
0.06928800566338122,0.1242
0.06572880870967357,0.12430000000000001
0.06209941468480207,0.12440000000000001
0.05844844653933201,0.1245
0.05480137009284869,0.1246
0.05118413092780294,0.1247
0.04762503615119429,0.12480000000000001
0.04415765712151787,0.12490000000000001
0.040756923295703684,0.125
0.037454839732523615,0.12510000000000002
0.03431903504418443,0.1252
0.03137998903466843,0.1253
0.028603044024201774,0.1254
0.025957472568801876,0.1255
0.0235690990615407,0.12560000000000002
0.021479104109377367,0.1257
0.019721183815579746,0.1258
0.01832513492441956,0.1259
0.017233477079151793,0.126
0.01629651129172771,0.12610000000000002
0.015769910518111052,0.1262
0.015713443316228926,0.1263
0.0161555389280712,0.1264
0.017104200984262352,0.1265
0.018556953831694756,0.12660000000000002
0.020496918353630766,0.1267
0.02289566851700564,0.1268
0.025713918288553517,0.1269
0.028903980075372315,0.127
0.03241259154782905,0.12710000000000002
0.036184327452510434,0.1272
0.040164296663123045,0.1273
0.044265142791538814,0.1274
0.048404909582182354,0.1275
0.052573785970251086,0.12760000000000002
0.056760182169451445,0.1277
0.06092779822632455,0.1278
0.0650494299501242,0.1279
0.06909676994775049,0.128
0.07304419549188634,0.12810000000000002
0.07686875897398682,0.1282
0.08054837201316711,0.1283
0.08406174449764048,0.12840000000000001
0.08738845010290153,0.1285
0.09050932720329397,0.12860000000000002
0.09340684088934115,0.1287
0.09606527475076554,0.1288
0.09847070463176655,0.12890000000000001
0.10061085677969028,0.129
0.10247492684632953,0.1291
0.10405358607351312,0.1292
0.10533903316197457,0.1293
0.1063251474028365,0.12940000000000002
0.10700748931601245,0.1295
0.1073832619258056,0.1296
0.10745114965200486,0.1297
0.10721126210445842,0.1298
0.10666512965635844,0.12990000000000002
0.10581585780186087,0.13
0.10466827143923563,0.1301
0.10290351421107158,0.1302
0.10005207423020857,0.1303
0.09706894967829982,0.13040000000000002
0.09400043144571368,0.1305
0.0908486157787316,0.1306
0.08759375152806659,0.1307
0.08428450963896472,0.1308
0.08091984655174034,0.13090000000000002
0.07745762904676667,0.131
0.07398771283157879,0.1311
0.07054001017957645,0.1312
0.06714158214675525,0.1313
0.06381809123702065,0.13140000000000002
0.060420446373336656,0.1315
0.057115398683701635,0.1316
0.053842623033948156,0.1317
0.050620721076097386,0.1318
0.047562640817472523,0.13190000000000002
0.044683953494758066,0.132
0.04176818780446245,0.1321
0.039057284652562974,0.1322
0.03640846059705538,0.1323
0.03390304870633676,0.13240000000000002
0.031666235740634985,0.1325
0.02972938507356515,0.1326
0.027941708489454875,0.1327
0.0263183933450597,0.1328
0.025035637585181014,0.13290000000000002
0.023961619555155078,0.133
0.02311340286749597,0.1331
0.02267270795134224,0.1332
0.022678146260461496,0.1333
0.023137418230295692,0.13340000000000002
0.023635823027737812,0.1335
0.024569183126850414,0.1336
0.025980003534067153,0.1337
0.027868767042035225,0.1338
0.030210385476932222,0.13390000000000002
0.03297330839641788,0.134
0.036115673869190346,0.1341
0.039590488759390974,0.1342
0.043346112015417715,0.1343
0.0473281287868057,0.13440000000000002
0.05144601203100052,0.1345
0.05561128575400254,0.1346
0.05980458469293248,0.13470000000000001
0.06400431829113373,0.1348
0.06816477531711718,0.13490000000000002
0.07224977849704028,0.135
0.0762228281077284,0.1351
0.08005111153633848,0.13520000000000001
0.08370571531997972,0.1353
0.08716026838073643,0.13540000000000002
0.09039111546945944,0.1355
0.09337732457291092,0.1356
0.09610063335798436,0.13570000000000002
0.09854519582237165,0.1358
0.10069726849687577,0.1359
0.10254500112601439,0.136
0.10407838034876182,0.1361
0.10528920423777588,0.13620000000000002
0.10617109643082445,0.1363
0.10671938726445185,0.1364
0.1069310408222981,0.1365
0.10680456152463857,0.1366
0.10634005973910976,0.13670000000000002
0.10553931950510742,0.1368
0.10440593125346642,0.1369
0.10294533201230582,0.137
0.10116486223797372,0.1371
0.09825426724989095,0.13720000000000002
0.09492435242098007,0.1373
0.0915082838896929,0.1374
0.0879924645036847,0.1375
0.08439145133017112,0.1376
0.08074940494826355,0.13770000000000002
0.07700700756627432,0.1378
0.07320271814419499,0.1379
0.06939931647598163,0.138
0.06562617233760693,0.1381
0.06178679062378123,0.13820000000000002
0.05794586731072515,0.1383
0.05403571193474077,0.1384
0.050169406134086936,0.1385
0.04640162975755291,0.1386
0.04258357019611525,0.13870000000000002
0.03886777065400038,0.1388
0.03515148106251731,0.1389
0.03163248253347062,0.139
0.028354327228668597,0.1391
0.025214540122682205,0.13920000000000002
0.02222026286640988,0.1393
0.019535577192979048,0.1394
0.0171355669959965,0.1395
0.015009111752550819,0.1396
0.013274727019505494,0.13970000000000002
0.01198849137896052,0.1398
0.011198167958977212,0.1399
0.010950133474846524,0.14
0.011234942311632912,0.1401
0.011662182276658717,0.14020000000000002
0.01267084205457003,0.1403
0.01411610094323379,0.1404
0.01593141178267299,0.1405
0.018346096895796027,0.1406
0.021376178194590922,0.14070000000000002
0.024899398451911692,0.1408
0.02884396495699426,0.1409
0.03311959288835142,0.14100000000000001
0.037654735296361874,0.1411
0.04234476270260701,0.14120000000000002
0.04709549475435959,0.1413
0.05188666042433243,0.1414
0.05669926138712755,0.14150000000000001
0.06148927493427858,0.1416
0.06622362409391991,0.14170000000000002
0.07086858915708594,0.1418
0.07539402322358146,0.1419
0.07977279904701773,0.14200000000000002
0.08397922815791004,0.1421
0.0879888062648837,0.1422
0.0917784520124667,0.1423
0.09532668825439705,0.1424
0.09861397231621827,0.14250000000000002
0.10162271946466772,0.1426
0.10433738673250648,0.1427
0.10674446672508986,0.1428
0.10883255211926657,0.1429
0.11059239514728825,0.14300000000000002
0.11201685645833959,0.1431
0.11310075082570725,0.1432
0.11384053741755373,0.1433
0.11423404423136152,0.1434
0.11428024904203404,0.14350000000000002
0.1139792912597104,0.1436
0.1133326132457162,0.1437
0.11185737207969249,0.1438
0.10897293206798508,0.1439
0.10588446312443622,0.14400000000000002
0.10265450721742142,0.1441
0.09930901802168712,0.1442
0.09586493872001556,0.1443
0.09234226776809573,0.1444
0.08876349439492792,0.14450000000000002
0.08515520269913557,0.1446
0.0815459658683747,0.1447
0.07796456232581672,0.1448
0.07430828285636282,0.1449
0.07064884133828486,0.14500000000000002
0.06703874957891331,0.1451
0.0633558461963526,0.1452
0.05978908714568387,0.1453
0.056370620989300235,0.1454
0.053070205523021,0.14550000000000002
0.04971707597403885,0.1456
0.04649598158846846,0.1457
0.043220898459989554,0.1458
0.040161116358651494,0.1459
0.03718956839571086,0.14600000000000002
0.034298338352835245,0.1461
0.03155273494997313,0.1462
0.02889393913729843,0.1463
0.026550766599398257,0.1464
0.024569800454714352,0.14650000000000002
0.02286343887435449,0.1466
0.021296444699864026,0.1467
0.0201425587804811,0.1468
0.019459789774699088,0.1469
0.01890834183568546,0.14700000000000002
0.018784631973913335,0.1471
0.01918552960525899,0.1472
0.020095467173118386,0.14730000000000001
0.02118994889237813,0.1474
0.022391277116613928,0.14750000000000002
0.024154080509154463,0.1476
0.026479876769201605,0.1477
0.029343497962537102,0.14780000000000001
0.03267979670211951,0.1479
0.036428563080414644,0.14800000000000002
0.040522299120206995,0.1481
0.04489502276017654,0.1482
0.049443807593927414,0.14830000000000002
0.05406832720302135,0.1484
0.05873744996734365,0.14850000000000002
0.06342014657968842,0.1486
0.06806271998370783,0.1487
0.07262279820728779,0.14880000000000002
0.0770591920868231,0.1489
0.08133584061225207,0.149
0.08542150022192807,0.1491
0.08928802606277719,0.1492
0.09291006580942585,0.14930000000000002
0.09626494169530264,0.1494
0.0993325302734337,0.1495
0.10209512741410887,0.1496
0.1045371831123143,0.1497
0.10664521051526876,0.14980000000000002
0.10840786252099754,0.1499
0.10981614528570194,0.15
0.11086362820907936,0.1501
0.11154638792182814,0.1502
0.11186273383274636,0.15030000000000002
0.1118127199098653,0.1504
0.1113977614661178,0.1505
0.11062040258686301,0.1506
0.10948437191961691,0.1507
0.10723360803505022,0.15080000000000002
0.10395700922096585,0.1509
0.10051411935846255,0.151
0.09696351846502915,0.1511
0.09332815061409905,0.1512
0.08962550796732016,0.15130000000000002
0.08587595425754091,0.1514
0.08210312806062725,0.1515
0.07833412950927021,0.1516
0.07444162385551123,0.1517
0.07055736492033637,0.15180000000000002
0.06665732047371331,0.1519
0.06270386836069941,0.152
0.05884204482586064,0.1521
0.05510353142178226,0.1522
0.0512490050025185,0.15230000000000002
0.047493420736502756,0.1524
0.043642320924529354,0.1525
0.03996040372799614,0.1526
0.03620923659538877,0.1527
0.032528980994965595,0.15280000000000002
0.028851384204730213,0.1529
0.025431273819713995,0.153
0.02227732875381916,0.1531
0.019177286342607847,0.1532
0.01641746596825966,0.15330000000000002
0.014071878943862304,0.1534
0.011954202386550872,0.1535
0.010220934184820063,0.15360000000000001
0.008993362815817862,0.1537
0.008347381709688184,0.15380000000000002
0.008338098566041063,0.1539
0.00864533941276413,0.154
0.009363076605781284,0.15410000000000001
0.010759566790426334,0.1542
0.012674882473500348,0.15430000000000002
0.015014236269069725,0.1544
0.01798071640827481,0.1545
0.02156726540438747,0.15460000000000002
0.02563462344709988,0.1547
0.030099686896556843,0.15480000000000002
0.03486388049746325,0.1549
0.03981335714522194,0.155
0.04484114500131908,0.15510000000000002
0.04992378529010266,0.1552
0.05503785624253088,0.1553
0.06013698791259636,0.1554
0.06518494035234434,0.1555
0.07014611726149844,0.15560000000000002
0.07498800193023503,0.1557
0.07968173899902109,0.1558
0.08419966351298958,0.1559
0.08851572636239624,0.156
0.09260537067949848,0.15610000000000002
0.09644601417696641,0.1562
0.10001699978599332,0.1563
0.1032996164821145,0.1564
0.10627690105286758,0.1565
0.10893370505951994,0.15660000000000002
0.11125674642667926,0.1567
0.11323487649946373,0.1568
0.11485661121129043,0.1569
0.1161098301106066,0.157
0.11698749812009535,0.15710000000000002
0.11748771168953287,0.1572
0.11761402453656145,0.1573
0.1173756404698808,0.1574
0.11677952863830099,0.1575
0.11415130942801477,0.15760000000000002
0.11115528409941744,0.1577
0.10799819969628666,0.1578
0.10471071017935496,0.1579
0.10131010119896888,0.158
0.09781850989583696,0.15810000000000002
0.09418539055793029,0.1582
0.09043523737129278,0.1583
0.08664993991741654,0.1584
0.08286291060356132,0.1585
0.0791046314824817,0.15860000000000002
0.07540355219242556,0.1587
0.0717866381402894,0.1588
0.06805821793352229,0.1589
0.06441995095274122,0.159
0.060800937365627306,0.15910000000000002
0.05719023559379566,0.1592
0.05374566896867239,0.1593
0.050495972420927515,0.15940000000000001
0.04715112836783697,0.1595
0.04395567406660228,0.15960000000000002
0.04064087906649072,0.1597
0.03755709869186208,0.1598
0.03450921733205603,0.15990000000000001
0.031581357355377815,0.16
0.02867884136520349,0.16010000000000002
0.025994710915522523,0.1602
0.023675341214330015,0.1603
0.021769309422979832,0.16040000000000001
0.01992042840472119,0.1605
0.018473634652174553,0.16060000000000002
0.017511409728218963,0.1607
0.0167971110393883,0.1608
0.016420904290617155,0.16090000000000002
0.016581665079406616,0.161
0.017324222350374896,0.16110000000000002
0.01853773373252654,0.1612
0.0195866063191783,0.1613
0.0211694463421519,0.16140000000000002
0.023401294438270437,0.1615
0.02622907909520089,0.16160000000000002
0.029596016039753037,0.1617
0.03342632689189906,0.1618
0.03764649881630211,0.16190000000000002
0.042181437619684514,0.162
0.04692362912903136,0.1621
0.05176587442503,0.1622
0.05667095355159191,0.1623
0.06160223225373895,0.16240000000000002
0.06650262171173016,0.1625
0.071326847488826,0.1626
0.07603200722463799,0.1627
0.08058052625929524,0.1628
0.08493994887639733,0.16290000000000002
0.08908071615281032,0.163
0.09297597213531317,0.1631
0.09660129920786142,0.1632
0.09993483839598505,0.1633
0.10295719401855286,0.16340000000000002
0.10565129031693687,0.1635
0.10799944131617256,0.1636
0.10998313216233091,0.1637
0.11158952426490676,0.1638
0.1128117540833814,0.16390000000000002
0.11364713763755785,0.164
0.11409722685406354,0.1641
0.11416501538276558,0.1642
0.11385737703800758,0.1643
0.11318420391821049,0.16440000000000002
0.11215214598360146,0.1645
0.10930538499574638,0.1646
0.10601300506736067,0.1647
0.10258794687062955,0.1648
0.099063907955947,0.16490000000000002
0.0953846355049266,0.165
0.09158547170286024,0.1651
0.08772653758369808,0.1652
0.08383692614899085,0.1653
0.0799467538821046,0.16540000000000002
0.07608638361923736,0.1655
0.07221942851652152,0.1656
0.06827559394606497,0.16570000000000001
0.0644182295449568,0.1658
0.06045672460320939,0.16590000000000002
0.05658579632846239,0.166
0.05286105873829028,0.1661
0.049129094375343074,0.16620000000000001
0.04542801327329693,0.1663
0.04163582605977201,0.16640000000000002
0.03796156742938783,0.1665
0.03425115489255148,0.1666
0.030576214156432302,0.16670000000000001
0.02688956063006831,0.1668
0.023481132009714356,0.16690000000000002
0.020315585211446496,0.167
0.017263496818175295,0.1671
0.014590468976258819,0.16720000000000002
0.012368704338524772,0.1673
0.010347732370679541,0.16740000000000002
0.008753395245711504,0.1675
0.007713672346577827,0.1676
0.007309858956857873,0.16770000000000002
0.007548908742878391,0.1678
0.007897338172795365,0.16790000000000002
0.008920724122526424,0.168
0.010676198896623745,0.1681
0.012977066354689759,0.16820000000000002
0.015701159941343912,0.1683
0.01903698162781664,0.16840000000000002
0.02296655335862896,0.1685
0.027345657199258078,0.1686
0.0320891690520424,0.16870000000000002
0.03709791576014254,0.1688
0.042255622874435295,0.1689
0.04745481713778288,0.169
0.05267860448397421,0.1691
0.05790860256817254,0.16920000000000002
0.0630999350385445,0.1693
0.06821838802711366,0.1694
0.07322977935619501,0.1695
0.0781027465646742,0.1696
0.0828093781561865,0.16970000000000002
0.08732267202045485,0.1698
0.091617083383559,0.1699
0.09566847090410935,0.17
0.09945457288843795,0.1701
0.10295495185232739,0.17020000000000002
0.10615104663951602,0.1703
0.10902608718194617,0.1704
0.1115652670774876,0.1705
0.11375320653696885,0.1706
0.11557382933398341,0.17070000000000002
0.11701644264410271,0.1708
0.11807591435490994,0.1709
0.11875065687562292,0.171
0.11904252006751226,0.1711
0.11895434265862748,0.17120000000000002
0.11849265982788992,0.1713
0.11590449206780362,0.1714
0.1129203543730517,0.1715
0.10976498496037468,0.1716
0.10646919106199215,0.17170000000000002
0.10304839395705967,0.1718
0.09952276842026075,0.1719
0.095915747916263,0.17200000000000001
0.09223338666785785,0.1721
0.08838276755082641,0.17220000000000002
0.08451784830931797,0.1723
0.08067428287365275,0.1724
0.07688275000069,0.17250000000000001
0.07317073132080876,0.1726
0.0695648906802192,0.17270000000000002
0.06585641112696294,0.1728
0.06224855230566806,0.1729
0.05866101492071696,0.17300000000000001
0.05508657516892468,0.1731
0.05169358341029873,0.17320000000000002
0.048484262090235486,0.1733
0.04515169565705701,0.1734
0.041912460316004596,0.17350000000000002
0.038638990332964696,0.1736
0.035599985305128534,0.17370000000000002
0.03244772958924269,0.1738
0.029472952664216123,0.1739
0.026539053983511307,0.17400000000000002
0.023953238059960302,0.1741
0.021774625654309432,0.17420000000000002
0.01979957755169237,0.1743
0.018099983806567854,0.1744
0.016868143411872927,0.17450000000000002
0.01600828993347614,0.1746
0.015372579609778336,0.17470000000000002
0.015261039807647148,0.1748
0.015739875318834917,0.1749
0.016830548969732906,0.17500000000000002
0.017982344538007844,0.1751
0.019346240343166787,0.1752
0.021310092989082374,0.1753
0.023944565536795137,0.1754
0.027160040096404714,0.17550000000000002
0.0308944385492409,0.1756
0.03506028640320524,0.1757
0.0395801969568661,0.1758
0.04437519774480947,0.1759
0.049332925642777026,0.17600000000000002
0.054343259238807784,0.1761
0.05937490947256374,0.1762
0.0643968458304488,0.1763
0.0693551233201648,0.1764
0.07420830541411583,0.17650000000000002
0.07891688733794122,0.1766
0.08344620134580327,0.1767
0.08776625833910878,0.1768
0.09184930303882088,0.1769
0.09566983462509038,0.17700000000000002
0.09920446951239392,0.1771
0.10243223558250725,0.1772
0.10533452258341569,0.1773
0.10789225364977928,0.1774
0.1100855034087157,0.17750000000000002
0.1119000463336619,0.1776
0.11332749130866482,0.1777
0.11436369064622354,0.1778
0.11500893528954581,0.1779
0.11526536879377214,0.17800000000000002
0.11513687144507789,0.1781
0.1146302311648082,0.1782
0.11375475809192603,0.17830000000000001
0.11103473691873245,0.1784
0.10778111837332571,0.17850000000000002
0.10438321598707179,0.1786
0.10087538849635325,0.1787
0.09727446650214056,0.17880000000000001
0.09355380154194348,0.1789
0.08967954802893163,0.17900000000000002
0.08575852880592227,0.1791
0.08182506729747296,0.1792
0.07791185963868852,0.17930000000000001
0.0740489799349705,0.1794
0.07019390184169216,0.17950000000000002
0.06626839522913974,0.1796
0.06244734874704383,0.1797
0.05851701275536669,0.17980000000000002
0.054695956546426006,0.1799
0.051035586531329,0.18000000000000002
0.04733064398607745,0.1801
0.04369326508633242,0.1802
0.03989563067623125,0.18030000000000002
0.036286202572853865,0.1804
0.0325471662539063,0.18050000000000002
0.02883563899968311,0.1806
0.02522127532217211,0.1807
0.021912511574590843,0.18080000000000002
0.01874724109826431,0.1809
0.0158275111916244,0.18100000000000002
0.013325218174635722,0.1811
0.01124477860457418,0.1812
0.009370970417209135,0.18130000000000002
0.007989336543566372,0.1814
0.007208203496772203,0.18150000000000002
0.007100351989102416,0.1816
0.007367352203179411,0.1817
0.008015043269392397,0.18180000000000002
0.009381082334964708,0.1819
0.011494347343586453,0.182
0.014139122543319393,0.1821
0.017180831958186094,0.1822
0.02079938762635436,0.18230000000000002
0.024973554758442873,0.1824
0.02955907260464552,0.1825
0.03447223252470066,0.1826
0.03957725738834106,0.1827
0.0447637260641216,0.18280000000000002
0.05000388175797399,0.1829
0.05527614539371628,0.183
0.06053181453772394,0.1831
0.06573490222447054,0.1832
0.07084857512288023,0.18330000000000002
0.07584008411277643,0.1834
0.0806795931798423,0.1835
0.08533876005584784,0.1836
0.08979036277387942,0.1837
0.09400882641423336,0.18380000000000002
0.0979703061761763,0.1839
0.10165301134132454,0.184
0.10503703825467692,0.1841
0.10810445166699323,0.1842
0.11083925965842978,0.18430000000000002
0.11322491006989788,0.1844
0.11524405192908338,0.1845
0.11688473226684604,0.18460000000000001
0.11814052596261504,0.1847
0.1190086296658317,0.18480000000000002
0.11948984305801924,0.1849
0.11958618032732604,0.185
0.11930115839179622,0.18510000000000001
0.11737769474742976,0.1852
0.1144661965218885,0.18530000000000002
0.1113603954317387,0.1854
0.10810271467586885,0.1855
0.1047124734729925,0.18560000000000001
0.10120752797153021,0.1857
0.09760972215581709,0.18580000000000002
0.0939461565539147,0.1859
0.09019484227087915,0.186
0.0863089376597933,0.18610000000000002
0.0824282585517988,0.1862
0.07858734044974325,0.18630000000000002
0.07481579662482907,0.1864
0.0711408368373283,0.1865
0.06754295118385789,0.18660000000000002
0.0638584104432216,0.1867
0.06031804961614917,0.18680000000000002
0.05671071435214414,0.1869
0.053209321695127265,0.187
0.049905830018873276,0.18710000000000002
0.046652029098890546,0.1872
0.04340506628727847,0.18730000000000002
0.0400878084766072,0.1874
0.0369011583173422,0.1875
0.03376380422243597,0.18760000000000002
0.03070988555621401,0.1877
0.027639706932341745,0.18780000000000002
0.024832837302145583,0.1879
0.022413950320941733,0.188
0.02033580004729063,0.18810000000000002
0.018401295071267088,0.1882
0.01691039633362612,0.1883
0.015927590411138892,0.1884
0.015040923856579402,0.1885
0.014650643158387266,0.18860000000000002
0.014843098496514884,0.1887
0.015653012244973397,0.1888
0.01671292371426758,0.1889
0.017833755084674552,0.189
0.019547309825725723,0.18910000000000002
0.02195038227866064,0.1892
0.02497107959690581,0.1893
0.02854663750475961,0.1894
0.03259193874461497,0.1895
0.03702782597486576,0.18960000000000002
0.04177383143586022,0.1897
0.04671656846956895,0.1898
0.05174415128277987,0.1899
0.05681990989671748,0.19
0.06190845939027545,0.19010000000000002
0.06695329168757791,0.1902
0.07191058476195622,0.1903
0.07673897345635972,0.1904
0.08140225971248316,0.1905
0.08586906599141675,0.19060000000000002
0.09011038163291896,0.1907
0.09409943886550243,0.1908
0.09781154559052585,0.19090000000000001
0.10122437379509197,0.191
0.10431800684820469,0.19110000000000002
0.10707491933774693,0.1912
0.10947706336320884,0.1913
0.11150568632235558,0.19140000000000001
0.11314796171734509,0.1915
0.1143972381734033,0.19160000000000002
0.11525111320290926,0.1917
0.11571140560573556,0.1918
0.11578123709351917,0.19190000000000002
0.1154649966421093,0.192
0.11476956884886991,0.19210000000000002
0.11266735046587739,0.1922
0.1094950891052251,0.1923
0.10615502392023146,0.19240000000000002
0.10269203999956344,0.1925
0.09912640293909691,0.19260000000000002
0.09547592039929542,0.1927
0.09169153885759995,0.1928
0.08777880672090543,0.19290000000000002
0.0838367435216324,0.193
0.07990067019608815,0.19310000000000002
0.07600231107437683,0.1932
0.07217035229808066,0.1933
0.06829990896579041,0.19340000000000002
0.06441984103729959,0.1935
0.0606155480208036,0.19360000000000002
0.056724518051723516,0.1937
0.0529759424485976,0.1938
0.04940053651299392,0.19390000000000002
0.04567445402863313,0.194
0.04200560111219853,0.19410000000000002
0.03827745245068348,0.1942
0.03465531688747969,0.1943
0.031005035858769237,0.19440000000000002
0.027299412048158223,0.1945
0.023805963239801775,0.19460000000000002
0.020639956758017552,0.1947
0.017533189979744845,0.1948
0.01477896378410537,0.19490000000000002
0.012474620278721371,0.195
0.010512300182492496,0.1951
0.00883662739498181,0.1952
0.007692469262406076,0.1953
0.007181550600034781,0.19540000000000002
0.0073651507146010875,0.1955
0.007674328676532616,0.1956
0.008611796532201899,0.1957
0.010289606733266066,0.1958
0.01253023153889088,0.19590000000000002
0.015215893417016124,0.196
0.018535224899597358,0.1961
0.022468924276964453,0.1962
0.02687016647162177,0.1963
0.0316510085228241,0.19640000000000002
0.03670925329163777,0.1965
0.041925423082155744,0.1966
0.04718892068740077,0.1967
0.05248054208969499,0.1968
0.05778022321789478,0.19690000000000002
0.06304179038142277,0.197
0.06823008988983548,0.1971
0.07331025533105628,0.19720000000000001
0.0782504302720276,0.1973
0.08302239916737109,0.19740000000000002
0.08759896273666035,0.1975
0.0919543886161791,0.1976
0.09606423362553274,0.19770000000000001
0.09990576508574467,0.1978
0.10345793526074099,0.19790000000000002
0.10670153850026876,0.198
0.10961921669394936,0.1981
0.11219303859033358,0.19820000000000002
0.11440427636188777,0.1983
0.11623976531534608,0.19840000000000002
0.11769199197140179,0.1985
0.11875727514325929,0.1986
0.11943563965250303,0.19870000000000002
0.11972840591769196,0.1988
0.11963833128005852,0.19890000000000002
0.11875771869021634,0.199
0.11595318084830553,0.1991
0.11292379930224083,0.19920000000000002
0.1097289249683403,0.1993
0.10639394431092974,0.19940000000000002
0.10293394966622149,0.1995
0.0993693282266157,0.1996
0.095724106648992,0.19970000000000002
0.0920283955222303,0.1998
0.08819183114944296,0.19990000000000002
0.08429482761700802,0.2
0.08042264487782169,0.2001
0.07660765822735083,0.20020000000000002
0.07287761227285516,0.2003
0.06925858158146148,0.20040000000000002
0.06561599660855655,0.2005
0.0619966596787066,0.2006
0.058470838515082946,0.20070000000000002
0.05487688769377064,0.2008
0.05146265767872871,0.20090000000000002
0.04826039278973515,0.201
0.044927032157889846,0.2011
0.041684409783042886,0.20120000000000002
0.03836413949813888,0.2013
0.03526714290032018,0.20140000000000002
0.032054714533756856,0.2015
0.028980446946990313,0.2016
0.025985493691620842,0.20170000000000002
0.023348799317356006,0.2018
0.021128717731217384,0.2019
0.019034254961850072,0.202
0.01729951518276507,0.2021
0.01605050053472956,0.20220000000000002
0.01508863757542267,0.2023
0.01443968287772801,0.2024
0.01433779970414073,0.2025
0.014843639583604906,0.2026
0.015967182849670136,0.20270000000000002
0.01701970590186974,0.2028
0.018423788414752895,0.2029
0.020462438350910883,0.203
0.02319089677569619,0.2031
0.02650618970960883,0.20320000000000002
0.030344112677777257,0.2033
0.034612379586852704,0.2034
0.039231644327288206,0.20350000000000001
0.04408675058818301,0.2036
0.04906774790198587,0.20370000000000002
0.05413136549477726,0.2038
0.05923773038563551,0.2039
0.06432673582070925,0.20400000000000001
0.06935151778020254,0.2041
0.07426774394085611,0.20420000000000002
0.07903711298148208,0.2043
0.08362616569538517,0.2044
0.08800434112107003,0.20450000000000002
0.0921433285120592,0.2046
0.09601711191538598,0.20470000000000002
0.09960201804312896,0.2048
0.10287693362903405,0.2049
0.10582314733474962,0.20500000000000002
0.10842146927439633,0.2051
0.11065186971622143,0.20520000000000002
0.11250007472091494,0.2053
0.11395779537826878,0.2054
0.11502104122296575,0.20550000000000002
0.11569031988587519,0.2056
0.11596787929759411,0.20570000000000002
0.11585759622869773,0.2058
0.11536608324856701,0.2059
0.11430713937854065,0.20600000000000002
0.11123728371461183,0.2061
0.10796735934984492,0.20620000000000002
0.10455998904899799,0.2063
0.10104170457749151,0.2064
0.0974276465508388,0.20650000000000002
0.09373932765832504,0.2066
0.08986903052955575,0.20670000000000002
0.08593422835074116,0.2068
0.08198829687880838,0.2069
0.07806518747317204,0.20700000000000002
0.07419500541317114,0.2071
0.0704055499862295,0.20720000000000002
0.06649570949336847,0.2073
0.06267052932922212,0.2074
0.05883491358455584,0.20750000000000002
0.05500884870602607,0.2076
0.05133915652137233,0.20770000000000002
0.047728989932861676,0.2078
0.04407672450500555,0.2079
0.04035494295154196,0.20800000000000002
0.03672195960836322,0.2081
0.033063358898827166,0.2082
0.02944734022361639,0.2083
0.02580796646306216,0.2084
0.022457974605681663,0.20850000000000002
0.019350140371778846,0.2086
0.016380604605685356,0.2087
0.013813951277704684,0.2088
0.011724756687213622,0.2089
0.00981097483270954,0.20900000000000002
0.008356963991738908,0.2091
0.007490045542414059,0.2092
0.007288289058117625,0.2093
0.007579337602232172,0.2094
0.008138640051762902,0.20950000000000002
0.009402657714501883,0.2096
0.011411963456289254,0.2097
0.01396232660548491,0.20980000000000001
0.016923780602944083,0.2099
0.02047893650597854,0.21000000000000002
0.02460704164290739,0.2101
0.029162948626877627,0.2102
0.03406140243278122,0.21030000000000001
0.03916514978241303,0.2104
0.044361745396654495,0.21050000000000002
0.04962011258268051,0.2106
0.05491605887418971,0.2107
0.060199295675205544,0.21080000000000002
0.06543238417469588,0.2109
0.07057741807680173,0.21100000000000002
0.07560089573083528,0.2111
0.08047254230644318,0.2112
0.08516384692191259,0.21130000000000002
0.08964754924551366,0.2114
0.0938980332015048,0.21150000000000002
0.09789133034733377,0.2116
0.1016054271726421,0.2117
0.10502011708787196,0.21180000000000002
0.10811710915471873,0.2119
0.11088003114799372,0.21200000000000002
0.11329194704437273,0.2121
0.11533517210173094,0.2122
0.11699756048451915,0.21230000000000002
0.11827263297462276,0.2124
0.11915762323088841,0.21250000000000002
0.11965340698014537,0.2126
0.11976204229197807,0.2127
0.11948703210694422,0.21280000000000002
0.11739663334188832,0.2129
0.11446951849177012,0.21300000000000002
0.1113517761350703,0.2131
0.10808293328716989,0.2132
0.10468101387168394,0.21330000000000002
0.10116414234293736,0.2134
0.09755423184707246,0.21350000000000002
0.0938788599973659,0.2136
0.09014693007037466,0.2137
0.08625131844413814,0.21380000000000002
0.08236105349375111,0.2139
0.07851152272247552,0.21400000000000002
0.07473269269721183,0.2141
0.07105163723222174,0.2142
0.06748417386157535,0.21430000000000002
0.06379361113866422,0.2144
0.060245450478676354,0.21450000000000002
0.05666422174876917,0.2146
0.05315238597445138,0.2147
0.04983651983370052,0.21480000000000002
0.04659239132376025,0.2149
0.04332639421827089,0.215
0.03999550754319858,0.2151
0.03677915386594077,0.2152
0.033598005131553865,0.21530000000000002
0.030506967078685276,0.2154
0.027369904485224028,0.2155
0.02452488403825992,0.2156
0.02207291373582998,0.2157
0.01991874291760687,0.21580000000000002
0.017954410938874288,0.2159
0.016442052832383425,0.216
0.01539696851588368,0.21610000000000001
0.014488118693315455,0.2162
0.014088012359877444,0.21630000000000002
0.014279557740635607,0.2164
0.015096765337242246,0.2165
0.016088872915695607,0.21660000000000001
0.0172167853629952,0.2167
0.018956415062095555,0.21680000000000002
0.021397401792835335,0.2169
0.024461018482056618,0.217
0.02808306733672583,0.21710000000000002
0.0321757030199854,0.2172
0.036658461003590936,0.21730000000000002
0.04144960284624899,0.2174
0.04643452539801096,0.2175
0.05150050115974647,0.21760000000000002
0.05661139697052264,0.2177
0.061732543027011255,0.21780000000000002
0.06680795779905568,0.2179
0.07179446463229566,0.218
0.07665129014062233,0.21810000000000002
0.08134271992996411,0.2182
0.08583775257818094,0.21830000000000002
0.09010760263250217,0.2184
0.09412560717739438,0.2185
0.09786707479867907,0.21860000000000002
0.10130960320577675,0.2187
0.10443314361484479,0.21880000000000002
0.10722000675802024,0.2189
0.10965197683892236,0.219
0.11171015882961655,0.21910000000000002
0.1133816242281922,0.2192
0.11465966229155355,0.21930000000000002
0.11554182860231133,0.2194
0.11602988237759104,0.2195
0.11612684475881352,0.21960000000000002
0.11583696233472196,0.2197
0.11516695976828006,0.21980000000000002
0.11291934870238696,0.2199
0.1097526669584249,0.22
0.10641994703902646,0.22010000000000002
0.1029630196773259,0.2202
0.0994009361272642,0.22030000000000002
0.09575193067033172,0.2204
0.09200242953305737,0.2205
0.0880897600797691,0.22060000000000002
0.08414573098555256,0.2207
0.08020685353858803,0.22080000000000002
0.07630545691786494,0.2209
0.07247033895939303,0.221
0.06865143599910173,0.22110000000000002
0.06476965363507559,0.2212
0.06100625881525734,0.22130000000000002
0.05712604777311925,0.2214
0.05337055782326039,0.2215
0.0497858497343826,0.22160000000000002
0.04612210516048343,0.2217
0.04251421995969262,0.2218
0.038774222564424754,0.22190000000000001
0.03520838224192424,0.222
0.03154017639812179,0.22210000000000002
0.02789633619092413,0.2222
0.024382171838582378,0.2223
0.02118541855000733,0.22240000000000001
0.018131063924757607,0.2225
0.01534235108092985,0.22260000000000002
0.012987528317701003,0.2227
0.011047040977516964,0.2228
0.0093206231827907,0.22290000000000001
0.008105651816380677,0.223
0.007510033814915884,0.22310000000000002
0.007599933746037957,0.2232
0.007947681678728946,0.2233
0.008794592030627157,0.22340000000000002
0.010366245134689756,0.2235
0.012676405211968556,0.22360000000000002
0.015500036969968711,0.2237
0.01870060243063465,0.2238
0.02245701480357787,0.22390000000000002
0.026748459889194942,0.224
0.03143190654783945,0.22410000000000002
0.03642462473110619,0.2242
0.041590832773753306,0.2243
0.04682037489710411,0.22440000000000002
0.05208783895546176,0.2245
0.05737318478296771,0.22460000000000002
0.06262801870897872,0.2247
0.06781674643042102,0.2248
0.07290272171309775,0.22490000000000002
0.07785338904490802,0.225
0.08263926953348966,0.22510000000000002
0.08723255692861598,0.2252
0.09160672510771195,0.2253
0.09573691611874979,0.22540000000000002
0.09959990040266986,0.2255
0.10317436266663838,0.22560000000000002
0.10644081816039286,0.2257
0.10938180355354554,0.2258
0.11197927717527867,0.22590000000000002
0.11421444292807437,0.226
0.1160739491675481,0.22610000000000002
0.11754996728354683,0.2262
0.11863832445956568,0.2263
0.11933853309421893,0.22640000000000002
0.11965150369085897,0.2265
0.11957983844719411,0.22660000000000002
0.11881197658919185,0.2267
0.11600771783462704,0.2268
0.11297557241783096,0.22690000000000002
0.10977780322571573,0.227
0.10644091690279978,0.22710000000000002
0.10297963305835145,0.2272
0.09941386552926346,0.2273
0.09576693840883388,0.22740000000000002
0.09206852405107535,0.2275
0.08823910370399624,0.22760000000000002
0.0843379411352625,0.2277
0.08046013214803838,0.2278
0.07663841797323745,0.22790000000000002
0.07290075117005512,0.228
0.0692732531484459,0.2281
0.0656326200589964,0.22820000000000001
0.0620035839486337,0.2283
0.05847833057280161,0.22840000000000002
0.054872389226900076,0.2285
0.05144483146131251,0.2286
0.04822838511211769,0.22870000000000001
0.0448862913040764,0.2288
0.041629491781812966,0.22890000000000002
0.038290354878018684,0.229
0.03516593947821667,0.2291
0.031930370978730194,0.22920000000000001
0.028816703781257225,0.2293
0.02579542225429443,0.22940000000000002
0.02313297704387307,0.2295
0.02088744628117234,0.2296
0.018741204520192456,0.22970000000000002
0.01698052720402332,0.2298
0.015710703510511514,0.22990000000000002
0.01470263302167596,0.23
0.014034253677566388,0.2301
0.013919996406833057,0.23020000000000002
0.014419004931194301,0.2303
0.015500142437842479,0.23040000000000002
0.016547681512025347,0.2305
0.01795463295075006,0.2306
0.02000358357802301,0.23070000000000002
0.022748056483077095,0.2308
0.026083399641291694,0.23090000000000002
0.029943829038656444,0.231
0.03423582867668751,0.2311
0.038879145438874385,0.23120000000000002
0.04375779807477764,0.2313
0.048761301423302816,0.23140000000000002
0.053846494791848665,0.2315
0.05897380856938672,0.2316
0.06408339515597616,0.23170000000000002
0.06912872961193384,0.2318
0.07406580011272235,0.23190000000000002
0.07885658337852541,0.232
0.08346784663619256,0.2321
0.08786919157311701,0.23220000000000002
0.09203241676513518,0.2323
0.09593156959320359,0.23240000000000002
0.0995429944679409,0.2325
0.10284554532435608,0.2326
0.10582042509793566,0.23270000000000002
0.10844831945124034,0.2328
0.1107090503655559,0.23290000000000002
0.11258817523908848,0.233
0.11407723388179081,0.2331
0.1151720712813028,0.23320000000000002
0.11587303165222229,0.2333
0.11618220228390075,0.23340000000000002
0.11610330160871962,0.2335
0.11564279944321854,0.2336
0.11458875453117168,0.23370000000000002
0.11153453049889128,0.2338
0.10827863555784434,0.23390000000000002
0.10488333875256095,0.234
0.1013749927653077,0.2341
0.09776876550894342,0.23420000000000002
0.09408619607266167,0.2343
0.0902468608583884,0.23440000000000003
0.08631630312771688,0.23450000000000001
0.08237193079274763,0.2346
0.07844841840900973,0.23470000000000002
0.07457631125231412,0.2348
0.0707835097220949,0.2349
0.06691385014767093,0.23500000000000001
0.06308510101143894,0.2351
0.059291487700016354,0.23520000000000002
0.05545916556383723,0.2353
0.051779322901814195,0.2354
0.048215175158879964,0.23550000000000001
0.04455213100347777,0.2356
0.04088095238660494,0.23570000000000002
0.03723625317056922,0.2358
0.033630206711891875,0.2359
0.03007012375722895,0.23600000000000002
0.02641448492711196,0.2361
0.023038427962732477,0.23620000000000002
0.019982478119047187,0.2363
0.016982527227228594,0.2364
0.014370966401636931,0.23650000000000002
0.012228223171122377,0.2366
0.010352762883624411,0.23670000000000002
0.00884615036076486,0.2368
0.007899870731109537,0.2369
0.007602568524320619,0.23700000000000002
0.007922325115018447,0.2371
0.008391508972904527,0.23720000000000002
0.009545575916954041,0.2373
0.011435722263123393,0.2374
0.0138702379475657,0.23750000000000002
0.016725563175423508,0.2376
0.020188538104608522,0.23770000000000002
0.02424019360766927,0.2378
0.028735512658156104,0.2379
0.03358860216740722,0.23800000000000002
0.03869929498592972,0.2381
0.043949354930630236,0.23820000000000002
0.049229415832441115,0.2383
0.05452261150657112,0.2384
0.05981031003901227,0.23850000000000002
0.06504673665960714,0.2386
0.07019724144985251,0.23870000000000002
0.07522739866550276,0.2388
0.08010583895965884,0.2389
0.08480488891630422,0.23900000000000002
0.08929791249280172,0.2391
0.09355976542982336,0.23920000000000002
0.09756660094468972,0.2393
0.10129627396248131,0.2394
0.10472831473128497,0.23950000000000002
0.10784410858663429,0.2396
0.11062693455146055,0.23970000000000002
0.11305954315376843,0.2398
0.11512392123328574,0.2399
0.11680767759960886,0.24000000000000002
0.1181041017063067,0.2401
0.11901029827242193,0.24020000000000002
0.11952705088401228,0.2403
0.11965641411455896,0.2404
0.11940187523008361,0.24050000000000002
0.11747706892443799,0.2406
0.11456050479951019,0.24070000000000003
0.11144941062355185,0.24080000000000001
0.10818597133614061,0.2409
0.10478883346829815,0.24100000000000002
0.101275249193993,0.2411
0.0976667233839843,0.2412
0.09399046348922624,0.24130000000000001
0.09026290052863462,0.2414
0.08636391834678481,0.24150000000000002
0.08246863001615601,0.2416
0.07861284268924751,0.2417
0.07482674522384603,0.24180000000000001
0.07113739104687922,0.2419
0.0675680875032415,0.24200000000000002
0.06386799727006709,0.2421
0.06030842912831513,0.2422
0.05672218060173173,0.24230000000000002
0.05319606793107967,0.2424
0.04986354273253424,0.24250000000000002
0.04660458475850149,0.2426
0.04331888239380377,0.2427
0.03996708936781301,0.24280000000000002
0.03672811516713481,0.2429
0.033517049636763385,0.24300000000000002
0.030401364667594022,0.2431
0.027227616453780357,0.2432
0.024356833060947825,0.24330000000000002
0.02187949286693458,0.2434
0.019684278139377342,0.24350000000000002
0.01769385425226422,0.2436
0.016157467852934593,0.2437
0.015075359930313281,0.24380000000000002
0.014143099942328874,0.2439
0.013723010452153517,0.24400000000000002
0.013898385424170545,0.2441
0.014703711769188388,0.2442
0.01565901412826598,0.24430000000000002
0.0167767437029962,0.2444
0.01851479969500258,0.24450000000000002
0.020960880846656815,0.2446
0.024033830838164683,0.2447
0.027668522335373202,0.24480000000000002
0.03177582646318022,0.2449
0.036274531511471864,0.24500000000000002
0.041082286508654864,0.2451
0.04608403916156312,0.2452
0.05116678966080812,0.24530000000000002
0.05629452654370004,0.2454
0.06143284499095447,0.24550000000000002
0.06652603520412603,0.2456
0.07153120050856021,0.2457
0.07640780894970511,0.24580000000000002
0.08112032316042472,0.2459
0.0856378618522915,0.24600000000000002
0.08993169893621134,0.2461
0.093975184650405,0.2462
0.09774360106716573,0.24630000000000002
0.10121448676173683,0.2464
0.10436770313856525,0.24650000000000002
0.10718544604534075,0.2466
0.10964937247745843,0.2467
0.11174045730299365,0.24680000000000002
0.11344563344446024,0.2469
0.11475804673518342,0.24700000000000003
0.11567510281698157,0.24710000000000001
0.11619839455138492,0.2472
0.11633075917389168,0.24730000000000002
0.11607624436766428,0.2474
0.11544138156974892,0.24750000000000003
0.1132585180382466,0.24760000000000001
0.11010868375302363,0.2477
0.10678939649812103,0.24780000000000002
0.10334337447581576,0.2479
0.09979000878743483,0.248
0.09614748179625032,0.24810000000000001
0.09242573437654533,0.2482
0.08851794959354309,0.24830000000000002
0.08457586361852654,0.2484
0.0806365411030644,0.2485
0.07673269061749766,0.24860000000000002
0.07289321832205464,0.2487
0.06910968228256897,0.24880000000000002
0.06522291297511962,0.2489
0.06145108580559122,0.249
0.057610309320810904,0.24910000000000002
0.05384577836829707,0.2492
0.05024796463436898,0.24930000000000002
0.04663109191698411,0.2494
0.043051372402496124,0.2495
0.0393162915250973,0.24960000000000002
0.03576584931089544,0.2497
0.03210279140255645,0.24980000000000002
0.028504758062030344,0.2499
0.024970414828790588,0.25
0.02174477426813959,0.2501
0.018742366445166914,0.25020000000000003
0.015920416678273375,0.2503
0.013515428127736984,0.2504
0.011596877483335266,0.2505
0.009816640185499992,0.2506
0.008527602130316891,0.25070000000000003
0.00784336785736861,0.2508
0.007834432929556323,0.2509
0.008220969823942825,0.251
0.008971475997516798,0.2511
0.01042912590329248,0.25120000000000003
0.012619961697798221,0.2513
0.015330944945052716,0.2514
0.018430426622631835,0.2515
0.022100524799770094,0.2516
0.02632147778930216,0.25170000000000003
0.03094992205273095,0.2518
0.035902207698599975,0.2519
0.04104191748258823,0.252
0.046257565057626016,0.2521
0.05152044065318884,0.25220000000000004
0.05680790884110021,0.2523
0.06207026975747332,0.2524
0.067270768501002,0.2525
0.07237196256296641,0.2526
0.07734065299057269,0.25270000000000004
0.08214677959357464,0.2528
0.08676204969253942,0.2529
0.09115955692234368,0.253
0.09531419348785053,0.2531
0.09920260096941336,0.25320000000000004
0.10280341353001465,0.2533
0.10609710729716382,0.2534
0.10906612778875002,0.2535
0.11169224924171384,0.2536
0.11395641834377279,0.25370000000000004
0.1158450199470531,0.2538
0.1173500048436078,0.2539
0.1184670483620398,0.254
0.11919557821830773,0.2541
0.11953644015295362,0.25420000000000004
0.11949215639299049,0.2543
0.11895119880138905,0.2544
0.11615950087968707,0.2545
0.11313410226578913,0.2546
0.10994119200401398,0.25470000000000004
0.10660872209074668,0.2548
0.10315087072511653,0.2549
0.09958736697525417,0.255
0.09594097321302353,0.2551
0.0922410742119606,0.25520000000000004
0.08841742881361647,0.2553
0.0845124500069131,0.2554
0.08062849931210703,0.2555
0.07679862494911616,0.2556
0.07305095924804117,0.25570000000000004
0.06941168983016432,0.2558
0.06576998404333467,0.2559
0.062127645293291955,0.256
0.0586002262009806,0.2561
0.05497844677686081,0.25620000000000004
0.051532620238487814,0.25630000000000003
0.04829597304061939,0.2564
0.04494578095414958,0.2565
0.04167736196051153,0.2566
0.03831495532214024,0.25670000000000004
0.03516908929555074,0.25680000000000003
0.031906613906255155,0.2569
0.02876277134919958,0.257
0.025711255163175517,0.2571
0.023016972905123945,0.25720000000000004
0.02073811763791711,0.25730000000000003
0.018552288482144963,0.2574
0.01675800580340625,0.2575
0.015455749628437765,0.2576
0.01441245975729899,0.2577
0.013713266167037164,0.25780000000000003
0.013570509952581133,0.2579
0.014044353948218458,0.258
0.015093661645226186,0.2581
0.01611924652763319,0.2582
0.017509435635986392,0.25830000000000003
0.01954767659069323,0.2584
0.022287253815331365,0.2585
0.025622671136939612,0.2586
0.02948721021352907,0.2587
0.03378653632717854,0.25880000000000003
0.03843974723456012,0.2589
0.04336473081703951,0.259
0.04844619883421286,0.2591
0.05357209164082488,0.2592
0.058712494355282585,0.25930000000000003
0.06383813535190042,0.2594
0.06889628494373623,0.2595
0.07384697528556994,0.2596
0.07865196826447995,0.2597
0.08327753924209436,0.25980000000000003
0.08769435921708546,0.2599
0.09187500286602945,0.26
0.09579407453704936,0.2601
0.09942810429573512,0.2602
0.10275587370055839,0.26030000000000003
0.10575837289384038,0.2604
0.10841601721761596,0.2605
0.11070833223841292,0.2606
0.11262059370227606,0.2607
0.11414401748465508,0.26080000000000003
0.1152741602855687,0.2609
0.11601104593676292,0.261
0.11635650579270074,0.2611
0.11631401101412586,0.2612
0.11588741543370218,0.26130000000000003
0.11493833965070566,0.2614
0.11190635174796737,0.2615
0.1086690505955007,0.2616
0.10529043100742941,0.2617
0.1017972578653128,0.26180000000000003
0.09820367477837355,0.2619
0.09452994103064816,0.262
0.09072068333727124,0.2621
0.0867913843649245,0.2622
0.08284365030139096,0.26230000000000003
0.07891378663597604,0.2624
0.07503323781983762,0.2625
0.07123011309862437,0.2626
0.06738470003968922,0.2627
0.0635445628279373,0.26280000000000003
0.05977430298432418,0.2629
0.05592941879244062,0.263
0.05223409814925839,0.2631
0.0487032893271635,0.2632
0.045026252939277756,0.26330000000000003
0.04139417612284202,0.2634
0.0377329602887142,0.2635
0.034167884240467794,0.2636
0.030594192598565995,0.2637
0.026968285599104025,0.26380000000000003
0.023563707006919676,0.2639
0.020494998180286217,0.264
0.017501208224948828,0.2641
0.014851003091532089,0.2642
0.012658141501290299,0.26430000000000003
0.010806604302119327,0.2644
0.009249748263632451,0.2645
0.008231249830777276,0.2646
0.007847648431986931,0.2647
0.008153730614179677,0.26480000000000004
0.008575259122990841,0.2649
0.009631314299918481,0.265
0.011413378668705398,0.2651
0.013740772637229615,0.2652
0.01649710744153654,0.26530000000000004
0.019873185926325698,0.2654
0.02385201662458991,0.2655
0.028288861850908287,0.2656
0.033097275037509366,0.2657
0.03817602964019451,0.26580000000000004
0.04340604576822771,0.2659
0.04867665480987782,0.266
0.053968293095016495,0.2661
0.059260247757083606,0.2662
0.06450568043959781,0.26630000000000004
0.06966899096211909,0.2664
0.07471509828870282,0.2665
0.07961213760982533,0.2666
0.08433203024469493,0.2667
0.08884781610314973,0.26680000000000004
0.09313406963064375,0.2669
0.0971666916862497,0.267
0.10092331063692705,0.2671
0.10438325324120412,0.2672
0.1075277161278172,0.26730000000000004
0.11033978969706215,0.2674
0.1128020218523319,0.2675
0.11489619582245647,0.2676
0.11660975140886976,0.2677
0.1179358503898057,0.26780000000000004
0.11887150404701252,0.2679
0.11941742220757978,0.268
0.11957556763355204,0.2681
0.1193493011711173,0.2682
0.11765411658474734,0.26830000000000004
0.11475034117053584,0.2684
0.11164569706323524,0.2685
0.1083864241692215,0.2686
0.10499269240288545,0.2687
0.10148123338835469,0.26880000000000004
0.09787340672687328,0.26890000000000003
0.09419588652867683,0.269
0.09047539182707376,0.2691
0.08657268590316225,0.2692
0.08267105046082945,0.26930000000000004
0.07880660619877533,0.26940000000000003
0.07500982176856785,0.2695
0.07130788396286258,0.2696
0.06772687137404476,0.2697
0.06402481082594391,0.26980000000000004
0.06044994014608096,0.26990000000000003
0.056863401909653444,0.27
0.053317910771842225,0.2701
0.04996245287090639,0.2702
0.046691396406422836,0.27030000000000004
0.04338019594845566,0.27040000000000003
0.040011990613952,0.2705
0.036746033317560656,0.2706
0.03351259860729083,0.2707
0.030368279613079974,0.27080000000000004
0.02716672995620839,0.27090000000000003
0.024264748040729645,0.271
0.02175430635902953,0.2711
0.019523989494125926,0.2712
0.017499300763686776,0.2713
0.015928453266857323,0.27140000000000003
0.014812821602635973,0.2715
0.013847597634346176,0.2716
0.013395464513172861,0.2717
0.013541330516415817,0.2718
0.01432089806828274,0.27190000000000003
0.015245721818110791,0.272
0.01634166372597612,0.2721
0.018063738970288012,0.2722
0.020500222051335948,0.2723
0.023569393730028976,0.27240000000000003
0.027205194820309808,0.2725
0.0313175792151934,0.2726
0.035824561243516184,0.2727
0.04064321394057835,0.2728
0.04565810878996546,0.27290000000000003
0.05075596521557313,0.273
0.055900515439394116,0.2731
0.061057266693924084,0.2732
0.0661705412624245,0.2733
0.07119748436839912,0.27340000000000003
0.07609761156433203,0.2735
0.08083541083084245,0.2736
0.08537999936777518,0.2737
0.08970262206685142,0.2738
0.09377657293498998,0.27390000000000003
0.09757705143964335,0.274
0.1010814876136994,0.2741
0.10426961007581348,0.2742
0.10712346119322258,0.2743
0.1096245324674262,0.27440000000000003
0.11175362674219813,0.2745
0.11349749585944069,0.2746
0.11484909886082184,0.2747
0.11580565334307491,0.2748
0.11636856250276839,0.27490000000000003
0.11654047386964339,0.275
0.11632524589585203,0.2751
0.11572923875002661,0.2752
0.11364699330909067,0.2753
0.11051635351344558,0.27540000000000003
0.10721172080797992,0.2755
0.10377733170944736,0.2756
0.1002331557016809,0.2757
0.09659723581433921,0.2758
0.09289220707022439,0.27590000000000003
0.0890017475506778,0.276
0.08506081875511651,0.2761
0.08111938513287675,0.2762
0.07721075391930132,0.2763
0.07336414195224727,0.27640000000000003
0.06960665590585857,0.2765
0.06571862470500056,0.2766
0.06193492571349324,0.2767
0.05813037324186987,0.2768
0.05435266208578793,0.27690000000000003
0.05073733218905607,0.277
0.04716309648426131,0.2771
0.04356556351735863,0.2772
0.039874398165156144,0.2773
0.03630162268641124,0.27740000000000004
0.032679866085147724,0.2775
0.02911643795941532,0.2776
0.025550981899418845,0.2777
0.02228514317432162,0.2778
0.019277835960783696,0.27790000000000004
0.016401790723135745,0.278
0.013934819831694867,0.2781
0.011953226807521533,0.2782
0.01014543757438835,0.2783
0.00880325102877566,0.27840000000000004
0.00805155403260227,0.2785
0.00796326095009614,0.2786
0.008359730396996667,0.2787
0.009030105516477649,0.2788
0.010394975785743332,0.27890000000000004
0.012489298532402993,0.279
0.015108459821067788,0.2791
0.018124786075431,0.2792
0.021722946054916203,0.2793
0.025884320266831073,0.27940000000000004
0.03046555371175641,0.2795
0.03538259699420521,0.2796
0.040498819000063024,0.2797
0.04570193481838536,0.2798
0.050960673666962775,0.27990000000000004
0.05625025981738996,0.28
0.06151974599200627,0.2801
0.06673124990729795,0.2802
0.07184662470130587,0.2803
0.07683230458736345,0.28040000000000004
0.08165804980515823,0.2805
0.08629546072019745,0.2806
0.09071745930718789,0.2807
0.09489868385896516,0.2808
0.0988154748392146,0.28090000000000004
0.10244616619275115,0.281
0.10577093274134708,0.2811
0.10877189134359144,0.2812
0.11143043893837679,0.2813
0.113727129773873,0.28140000000000004
0.11564800715580337,0.28150000000000003
0.11718477852081532,0.2816
0.11833299158792221,0.2817
0.11909205037044379,0.2818
0.119462827887857,0.28190000000000004
0.1194478742606595,0.28200000000000003
0.11905042867744942,0.2821
0.11636347880437947,0.2822
0.11335038196646363,0.2823
0.11016576063475003,0.28240000000000004
0.10684002228687106,0.28250000000000003
0.10338760177963024,0.2826
0.09982780661316892,0.2827
0.09618291708406812,0.2828
0.09248185049118096,0.28290000000000004
0.08866924969444356,0.28300000000000003
0.08475910344129645,0.2831
0.08086673976832703,0.2832
0.07702580917095303,0.2833
0.07326489146610926,0.28340000000000004
0.06961038560123534,0.28350000000000003
0.06596822778633671,0.2836
0.06230886321269502,0.2837
0.05877863771013292,0.2838
0.055137055343584374,0.28390000000000004
0.0516687109466214,0.28400000000000003
0.04840742507433626,0.2841
0.04505011373001255,0.2842
0.041772408131273586,0.2843
0.03838323735058791,0.2844
0.03522056936707085,0.28450000000000003
0.03192814620612405,0.2846
0.028761125794177334,0.2847
0.025676529424511152,0.2848
0.02294666011226032,0.2849
0.020630257739681745,0.28500000000000003
0.018413492905906548,0.2851
0.016581585979044577,0.2852
0.015240633657232827,0.2853
0.014166471868781061,0.2854
0.01342997705693838,0.28550000000000003
0.013250012463881244,0.2856
0.01368913286006257,0.2857
0.014708097787174745,0.2858
0.015702861550083602,0.2859
0.017066604744452984,0.28600000000000003
0.019084329529271526,0.2861
0.021809791390227984,0.2862
0.025137023286591065,0.2863
0.02899861213562338,0.2864
0.03329951144191501,0.28650000000000003
0.03795819481591911,0.2866
0.04289203318983015,0.2867
0.04798536411228693,0.2868
0.05312580430723557,0.2869
0.0582830921359383,0.28700000000000003
0.06342777147677237,0.2871
0.06850707056003769,0.2872
0.07348100355281406,0.2873
0.07831133211601449,0.2874
0.08296431418228911,0.28750000000000003
0.0874105763201618,0.2876
0.09162262044180702,0.2877
0.09557495149251549,0.2878
0.09924397577827915,0.2879
0.10260832816167298,0.28800000000000003
0.10564883109713974,0.2881
0.10834571785533753,0.2882
0.11067832203500094,0.2883
0.1126317138521713,0.2884
0.11419689663675248,0.28850000000000003
0.1153692165891782,0.2886
0.11614849218936396,0.2887
0.11653635589216538,0.2888
0.11653608328781795,0.2889
0.11615133631563712,0.28900000000000003
0.11533181435116824,0.2891
0.1123208197649177,0.2892
0.1090995102252088,0.2893
0.10573380347726935,0.2894
0.1022511755405644,0.28950000000000004
0.09866554176360076,0.2896
0.09499712495339974,0.2897
0.09121870228240647,0.2898
0.0872921464463674,0.2899
0.08334335003618298,0.29000000000000004
0.07940936712843816,0.2901
0.07552213452977308,0.2902
0.07170993628046773,0.2903
0.06789968615207265,0.2904
0.06404936517103821,0.29050000000000004
0.06031568650672825,0.2906
0.05645756523860368,0.2907
0.052744708222275616,0.2908
0.049209163612518925,0.2909
0.04556287834214379,0.29100000000000004
0.0419766851396981,0.2911
0.038293224742687704,0.2912
0.03476566182390872,0.2913
0.03116133705817048,0.2914
0.027575500122617447,0.29150000000000004
0.02414131431933031,0.2916
0.021033785388271387,0.2917
0.018086734730513365,0.2918
0.015392988455345202,0.2919
0.013137715887584722,0.29200000000000004
0.011300900501562072,0.2921
0.009678377883873601,0.2922
0.008572414805588568,0.2923
0.008087605951889287,0.2924
0.008284892164969415,0.29250000000000004
0.008735760855209884,0.2926
0.009687145201769276,0.2927
0.011351032677918482,0.2928
0.013558710011610353,0.2929
0.0162044718846015,0.29300000000000004
0.01948319062185533,0.2931
0.023380300841980617,0.2932
0.027751329748192166,0.2933
0.03250912649717841,0.2934
0.03755150425583387,0.29350000000000004
0.04275866281842666,0.2936
0.048018606427312704,0.2937
0.05330877265974987,0.2938
0.058606081078348415,0.2939
0.0638624789791421,0.29400000000000004
0.06904132533005092,0.29410000000000003
0.07410682333353746,0.2942
0.07902650712871917,0.2943
0.08377172151518475,0.2944
0.08831499594502634,0.29450000000000004
0.09263049378658517,0.29460000000000003
0.09669384169402573,0.2947
0.10048252222605414,0.2948
0.10397579463197826,0.2949
0.10715479221750124,0.29500000000000004
0.11000248085441144,0.29510000000000003
0.11250118509253981,0.2952
0.11463238986867597,0.2953
0.11638323028552378,0.2954
0.11774660595105502,0.29550000000000004
0.11871933498803544,0.29560000000000003
0.11930200229086141,0.2957
0.11949646759723309,0.2958
0.1193059770627779,0.2959
0.11788624837029882,0.29600000000000004
0.11500003625217359,0.29610000000000003
0.11190540613125377,0.2962
0.10865341582447563,0.2963
0.10526603484415309,0.2964
0.1017593614249157,0.29650000000000004
0.09815455971310749,0.29660000000000003
0.09447764978881501,0.2967
0.09075992498377838,0.2968
0.08686310371846351,0.2969
0.08295661960165968,0.29700000000000004
0.07908481053113936,0.29710000000000003
0.07527836778877339,0.2972
0.07156405758710371,0.2973
0.06796744162887769,0.2974
0.0642677470959857,0.2975
0.06067278921339292,0.29760000000000003
0.05708263456876006,0.2977
0.053513567374344095,0.2978
0.050131881470091955,0.2979
0.04685187873475538,0.298
0.043514195515251375,0.29810000000000003
0.040137535893485454,0.2982
0.036843693753548123,0.2983
0.033597620310535925,0.2984
0.030422448559980886,0.2985
0.027201717830677152,0.29860000000000003
0.024264319611293272,0.2987
0.021714601665359545,0.2988
0.01945277012347324,0.2989
0.017386854289672016,0.299
0.015772323055002424,0.29910000000000003
0.014623732651677823,0.2992
0.013616222119862798,0.2993
0.01312035548067536,0.2994
0.013223638510559299,0.2995
0.013963679940598883,0.29960000000000003
0.015025260409938568,0.2997
0.016305658964328895,0.2998
0.017967848110093554,0.2999
0.020279056165050546,0.3
0.02327627375180219,0.30010000000000003
0.026845528770759852,0.3002
0.030914446343638824,0.3003
0.035385882399137536,0.3004
0.04017791521777969,0.3005
0.045172193553040474,0.30060000000000003
0.05025798634109635,0.3007
0.05539759436962499,0.3008
0.0605565599101352,0.3009
0.06567804960875956,0.301
0.07071875539693773,0.30110000000000003
0.07563722010341434,0.3012
0.08039750670791257,0.3013
0.08496808437485726,0.3014
0.08931985899961359,0.3015
0.09342567820506609,0.30160000000000003
0.09726049395057557,0.3017
0.10080149101467661,0.3018
0.10402834093691005,0.3019
0.10692305179903328,0.302
0.10946710523296388,0.30210000000000004
0.11164109953019641,0.3022
0.11343134267499044,0.3023
0.11483009372976904,0.3024
0.11583383107689194,0.3025
0.11644338718234237,0.30260000000000004
0.11666118657384994,0.3027
0.1164911750571056,0.3028
0.11593997125182232,0.3029
0.11406895866525502,0.303
0.110961376674372,0.30310000000000004
0.10767362617797904,0.3032
0.10425339936148559,0.3033
0.10072161788158596,0.3034
0.09709548078274377,0.3035
0.0933972610344288,0.30360000000000004
0.08953514204983293,0.3037
0.08559695391967581,0.3038
0.08165368279692575,0.3039
0.07773936506140255,0.304
0.07388376074743053,0.30410000000000004
0.07011429135795288,0.3042
0.06625344777214559,0.3043
0.06245628904376577,0.3044
0.05868110946530658,0.3045
0.05488767752885715,0.30460000000000004
0.05125242433703692,0.3047
0.04771643126092773,0.3048
0.04410182694675435,0.3049
0.04046216320234586,0.305
0.03687172857207899,0.30510000000000004
0.033302776168592896,0.3052
0.029788124523629333,0.3053
0.0261955234890221,0.3054
0.022892533816552207,0.3055
0.01993460985981854,0.30560000000000004
0.01701682061946408,0.3057
0.01449064411511003,0.3058
0.012438777876999874,0.3059
0.010660058205043343,0.306
0.00924685570956063,0.30610000000000004
0.008395860634375918,0.3062
0.008192401032919516,0.3063
0.008602979320523563,0.3064
0.009164686348861473,0.3065
0.010403009572591548,0.30660000000000004
0.012363870031499413,0.30670000000000003
0.014854808634783945,0.3068
0.017754190045490725,0.3069
0.021250749292519577,0.307
0.0253274852835228,0.30710000000000004
0.029841098393341037,0.30720000000000003
0.0347068951667906,0.3073
0.039788045777584324,0.3074
0.04497119475129918,0.3075
0.05022152282648884,0.30760000000000004
0.05551129499603302,0.30770000000000003
0.06078793765599133,0.3078
0.06601203629729524,0.3079
0.0711444161562571,0.308
0.07615080079387992,0.30810000000000004
0.08100043643423871,0.30820000000000003
0.08566455548062091,0.3083
0.09011578646764395,0.3084
0.09432852527408198,0.3085
0.09827891100686026,0.30860000000000004
0.10194510009625368,0.30870000000000003
0.10530708789464738,0.3088
0.10834678304197054,0.3089
0.11104532854475124,0.309
0.11338299053729961,0.30910000000000004
0.11534551995298581,0.30920000000000003
0.11692435187269345,0.3093
0.1181148075990075,0.3094
0.11891612696807652,0.3095
0.1193290584369292,0.30960000000000004
0.11935603913392145,0.30970000000000003
0.11900018344801144,0.3098
0.11662493818320596,0.3099
0.1136341796447361,0.31
0.11046324678180963,0.31010000000000004
0.10714807945085059,0.31020000000000003
0.10370518966492392,0.3103
0.10015314086334204,0.3104
0.09651394790753898,0.3105
0.09281572119478032,0.3106
0.08901756512029824,0.31070000000000003
0.08510669986372121,0.3108
0.08120970126894977,0.3109
0.07736067962727822,0.311
0.07358865156257988,0.3111
0.06992023693854976,0.31120000000000003
0.06628477270326805,0.3113
0.0626096323008889,0.3114
0.059084363925925976,0.3115
0.0554250175418618,0.3116
0.05193400856611219,0.31170000000000003
0.0486470103049903,0.3118
0.04529419990592087,0.3119
0.04201870473705349,0.312
0.0386011748260513,0.3121
0.03541801289810498,0.31220000000000003
0.032105701738354364,0.3123
0.02892306057680205,0.3124
0.025800137825479963,0.3125
0.02302674667265392,0.3126
0.020662835271968216,0.31270000000000003
0.018416780480555728,0.3128
0.01653661931482886,0.3129
0.01514303177079701,0.313
0.014038381018738333,0.3131
0.013250526533451046,0.31320000000000003
0.013015237265366908,0.3133
0.013398959263077659,0.3134
0.01438898420439183,0.3135
0.015332604842311692,0.3136
0.016646903231104737,0.31370000000000003
0.01861970053971551,0.3138
0.02130672578374715,0.3139
0.024602448755143502,0.314
0.02843944293098155,0.3141
0.032722379827483605,0.31420000000000003
0.037369368015223836,0.3143
0.0422973981346908,0.3144
0.04739060893645508,0.3145
0.05253629759837142,0.3146
0.05770340122212869,0.31470000000000004
0.06286188188773278,0.3148
0.06795872631390998,0.3149
0.07295371515812343,0.315
0.07780844069962978,0.3151
0.08248900345650301,0.31520000000000004
0.0869658697733312,0.3153
0.091211382268224,0.3154
0.09519987917230377,0.3155
0.09890758751426565,0.3156
0.10231294707203453,0.31570000000000004
0.10539656966631539,0.3158
0.10813847043467006,0.3159
0.11051775857130508,0.316
0.11251925809951813,0.3161
0.11413370983657534,0.31620000000000004
0.11535619723307311,0.3163
0.1161862857173308,0.3164
0.11662537106047144,0.3165
0.11667650327818446,0.3166
0.11634312630512011,0.31670000000000004
0.11563078581718544,0.3168
0.1127855441028629,0.3169
0.1095896297862099,0.317
0.10624258270283915,0.3171
0.10277503291840262,0.31720000000000004
0.09920178999044682,0.3173
0.09554272616706128,0.3174
0.09179531250924156,0.3175
0.08787514906746685,0.3176
0.08392814963071626,0.31770000000000004
0.07999185599073522,0.3178
0.07609866258345188,0.3179
0.07227707350006762,0.318
0.06849822409398643,0.3181
0.06463651105465018,0.31820000000000004
0.060895741873760234,0.3183
0.057063542847409776,0.3184
0.0533331217325288,0.3185
0.04977508830578947,0.3186
0.04617206345505287,0.31870000000000004
0.04263041624139774,0.31880000000000003
0.0389231232915106,0.3189
0.03542705092851017,0.319
0.03179924650758359,0.3191
0.028246266501826378,0.31920000000000004
0.02477352039968239,0.31930000000000003
0.021617038008081124,0.3194
0.01868637072162538,0.3195
0.015942225059596637,0.3196
0.01362160698107795,0.31970000000000004
0.011788585863065748,0.31980000000000003
0.01009797042141436,0.3199
0.008903063001993061,0.32
0.008314475802409182,0.3201
0.008398461670045432,0.32020000000000004
0.008870041369191117,0.32030000000000003
0.009710343608273497,0.3204
0.011248903660289411,0.3205
0.013328757226212185,0.3206
0.01585522590665911,0.32070000000000004
0.019027783134954346,0.32080000000000003
0.02283468097366881,0.3209
0.027131934795065593,0.321
0.03183179813411652,0.3211
0.03683113993639209,0.32120000000000004
0.04200953458429435,0.32130000000000003
0.04725375961610534,0.3214
0.05253823912232236,0.3215
0.05783756872331547,0.3216
0.06310257500264427,0.32170000000000004
0.06829558438233163,0.32180000000000003
0.07338007106976252,0.3219
0.07832296530600713,0.322
0.08309506171981129,0.3221
0.08766840907661022,0.32220000000000004
0.0920167471276867,0.32230000000000003
0.0961153476657115,0.3224
0.09994141446419369,0.3225
0.10347399432318283,0.3226
0.10669403986068249,0.32270000000000004
0.10958432057486156,0.32280000000000003
0.11212691150552367,0.3229
0.1143030030851715,0.323
0.11609943369928855,0.3231
0.11750884038603315,0.32320000000000004
0.11852783415815171,0.32330000000000003
0.119156843052304,0.3234
0.11939757559596631,0.3235
0.119253100570609,0.3236
0.11818277117248543,0.32370000000000004
0.1153229394313594,0.32380000000000003
0.11224518054368571,0.3239
0.10900646056204966,0.324
0.10563094593309064,0.3241
0.10213392229168339,0.3242
0.09853630496495613,0.32430000000000003
0.0948633018964461,0.3244
0.0911458179587381,0.3245
0.08726431622360131,0.3246
0.08335369683569305,0.3247
0.07947355028345482,0.32480000000000003
0.07565520195003306,0.3249
0.07192580851517094,0.325
0.06831109242311317,0.3251
0.06461813922218584,0.3252
0.0610029579365472,0.32530000000000003
0.05741905193245622,0.3254
0.05382651957974649,0.3255
0.05041735168980832,0.3256
0.04714209369132538,0.3257
0.04377588614916905,0.32580000000000003
0.040403879072187454,0.3259
0.03707797059873985,0.326
0.03382937031539801,0.3261
0.030617095492822877,0.3262
0.027384047962795588,0.32630000000000003
0.024402848194239102,0.3264
0.02180291727669581,0.3265
0.01951146696404149,0.3266
0.017393164322712762,0.3267
0.015721036256428622,0.32680000000000003
0.014540105359754696,0.3269
0.013476312005230362,0.327
0.012918837457651655,0.3271
0.012958898307868782,0.3272
0.013636987775992315,0.32730000000000004
0.014672089291944301,0.3274
0.015894488983448918,0.3275
0.017501116829764074,0.3276
0.01976238845745182,0.3277
0.022717397950934304,0.32780000000000004
0.026252555237205266,0.3279
0.030295380871872446,0.328
0.03474834269138105,0.3281
0.03952905872759849,0.3282
0.04451905525088162,0.32830000000000004
0.049607305459370865,0.3284
0.05475505656165658,0.3285
0.05992704994627096,0.3286
0.06506608595456109,0.3287
0.07012846628158365,0.32880000000000004
0.07507243805822472,0.3289
0.0798618082770568,0.329
0.08446481624758029,0.3291
0.08885216786278316,0.3292
0.09299652270699788,0.32930000000000004
0.0968726439878923,0.3294
0.10045751808494807,0.3295
0.10373060378912813,0.3296
0.10667367950153928,0.3297
0.10926798096004109,0.32980000000000004
0.11149384194277068,0.3299
0.11333727729448695,0.33
0.11479023203600791,0.3301
0.11584887244842901,0.3302
0.1165137388954165,0.33030000000000004
0.11678699274373083,0.3304
0.11667233943721811,0.3305
0.11617618960640497,0.3306
0.11455199272846761,0.3307
0.11147359896150177,0.33080000000000004
0.10820672444422796,0.3309
0.1048031678986997,0.331
0.10128539711063467,0.3311
0.0976701127936469,0.3312
0.0939794757604353,0.33130000000000004
0.09015148373267512,0.33140000000000003
0.08621725304333938,0.3315
0.0822730041108124,0.3316
0.0783538309229116,0.3317
0.0744902623711704,0.33180000000000004
0.07070976929468697,0.33190000000000003
0.0668860007810097,0.332
0.06307387111436913,0.3321
0.05933048682404474,0.3322
0.055515312171065645,0.33230000000000004
0.0518532225657784,0.33240000000000003
0.048349967034340136,0.3325
0.04470868749976509,0.3326
0.04110489804259432,0.3327
0.03748486178455668,0.33280000000000004
0.03395307539987513,0.33290000000000003
0.030422784504628764,0.333
0.0268439605106352,0.3331
0.023496627708193607,0.3332
0.020491836518390816,0.33330000000000004
0.01758588635040015,0.33340000000000003
0.015003276531811993,0.3335
0.012878542671106441,0.3336
0.011104700755524943,0.3337
0.009616851696107931,0.33380000000000004
0.008667670675553074,0.33390000000000003
0.008351909818128611,0.334
0.008721473115619549,0.3341
0.00922183471014315,0.3342
0.010340016490836934,0.33430000000000004
0.012172833468786726,0.33440000000000003
0.014539132141062172,0.3345
0.017324564205346116,0.3346
0.02072170947419072,0.3347
0.024715383424048776,0.33480000000000004
0.029162336088344176,0.33490000000000003
0.033977126006671465,0.335
0.03905917089412303,0.3351
0.044289653696482745,0.3352
0.049557751107612624,0.33530000000000004
0.05484329521946907,0.33540000000000003
0.06012488381914893,0.3355
0.06535515598931652,0.3356
0.07049815534527715,0.3357
0.07551860325795623,0.33580000000000004
0.08038452869997414,0.33590000000000003
0.08506778262389281,0.336
0.08954138364725717,0.3361
0.09377996497175434,0.3362
0.09775959579264981,0.33630000000000004
0.10145818065972245,0.33640000000000003
0.10485540457483511,0.3365
0.10793284728991448,0.3366
0.11067129821118615,0.3367
0.11305067820039871,0.33680000000000004
0.11505633441811924,0.33690000000000003
0.11667932590674412,0.337
0.11791458955374878,0.3371
0.11876108341648739,0.3372
0.11921931278696463,0.3373
0.1192915672734246,0.33740000000000003
0.11898081558505125,0.3375
0.11694358889697765,0.3376
0.11398096551947368,0.3377
0.11082877163154237,0.3378
0.1075285329461908,0.33790000000000003
0.10409854759840254,0.338
0.10055619392633319,0.3381
0.09692304576550859,0.3382
0.09322651803656923,0.3383
0.08944423616961594,0.33840000000000003
0.08552965421472603,0.3385
0.08162465207391667,0.3386
0.07776407206243585,0.3387
0.07397741600647745,0.3388
0.07029141922318549,0.33890000000000003
0.06666068779554246,0.339
0.06296553892257806,0.3391
0.059416273333680936,0.3392
0.05576085767065053,0.3393
0.05224347834041687,0.33940000000000003
0.04892580926048207,0.3395
0.045575504328528194,0.3396
0.04230170600693017,0.3397
0.038851606759015,0.3398
0.035630958561940984,0.33990000000000004
0.03231476346426332,0.34
0.029121274068937497,0.3401
0.02595684259219988,0.3402
0.023135585163896355,0.3403
0.020719551565258953,0.34040000000000004
0.0184478942423163,0.3405
0.01651502512527414,0.3406
0.015062851273541789,0.3407
0.01392837061592811,0.3408
0.01308291133151851,0.34090000000000004
0.012784410416902814,0.341
0.013104155212537494,0.3411
0.014064170900099704,0.3412
0.014948598683511394,0.3413
0.016204892384616754,0.34140000000000004
0.018124337150347225,0.3415
0.02076525177029387,0.3416
0.02402282196613381,0.3417
0.027829757292844093,0.3418
0.03209047925728026,0.34190000000000004
0.03672269540485118,0.342
0.04164294907935351,0.3421
0.046735136251550236,0.3422
0.05188617013833974,0.3423
0.05706403767318591,0.34240000000000004
0.06223800539290536,0.3425
0.06735474661293628,0.3426
0.07237371423509087,0.3427
0.07725623926591185,0.3428
0.08196818322624133,0.34290000000000004
0.08647978860095229,0.343
0.09076319171259262,0.3431
0.09479252294083607,0.3432
0.09854378634153282,0.3433
0.10199517941792113,0.34340000000000004
0.1051270573502705,0.3435
0.10791917629748982,0.3436
0.11035038568696565,0.3437
0.11240523108811218,0.3438
0.11407415713173541,0.34390000000000004
0.11535194761732304,0.34400000000000003
0.11623787626849347,0.3441
0.11673306259137672,0.3442
0.1168402911686044,0.3443
0.11656274765623953,0.34440000000000004
0.11590574097566475,0.34450000000000003
0.11328330269626752,0.3446
0.11011451582323084,0.3447
0.106786590456038,0.3448
0.10333398396775428,0.34490000000000004
0.09977294503314083,0.34500000000000003
0.09612290065818396,0.3451
0.09240705038644381,0.3452
0.0884968019456549,0.3453
0.0845513332227934,0.34540000000000004
0.08061214620600243,0.34550000000000003
0.07671218234151878,0.3456
0.07288019508154553,0.3457
0.06913740832735205,0.3458
0.06526301970395909,0.34590000000000004
0.061504445846985,0.34600000000000003
0.05771167735543403,0.3461
0.05396181233840602,0.3462
0.05037851652610281,0.3463
0.0468208618038759,0.34640000000000004
0.04325959815321023,0.34650000000000003
0.03959202155145225,0.3466
0.03606332276159341,0.3467
0.03247713193667345,0.3468
0.028956518716863,0.34690000000000004
0.025440035693679253,0.34700000000000003
0.022227608258230003,0.3471
0.019303646476229508,0.3472
0.016502475947149486,0.3473
0.014111287397423622,0.34740000000000004
0.012206716420313679,0.34750000000000003
0.010517650465209805,0.3476
0.00924216171749248,0.3477
0.008547355606048246,0.3478
0.008511302499211393,0.34790000000000004
0.008986890007595782,0.34800000000000003
0.009713049324877154,0.3481
0.011123665479645828,0.3482
0.013072512532976033,0.3483
0.01547561789894436,0.34840000000000004
0.018537503211878192,0.34850000000000003
0.022249634926438278,0.3486
0.02646886870434617,0.3487
0.031107128588058197,0.3488
0.036060525901864926,0.34890000000000004
0.041208217139938386,0.34900000000000003
0.0464358750770717,0.3491
0.051714801392967136,0.3492
0.057017099914726366,0.3493
0.06229229835360184,0.34940000000000004
0.06750146544679891,0.34950000000000003
0.07260717209362921,0.3496
0.07757566727284582,0.3497
0.082377222835474,0.3498
0.08698350204419769,0.34990000000000004
0.09136791662447152,0.35000000000000003
0.09550542125351413,0.3501
0.09937289564350982,0.3502
0.10294906100958712,0.3503
0.10621455151068737,0.3504
0.1091518248240555,0.35050000000000003
0.1117426408135529,0.3506
0.11396787630992,0.3507
0.11581407551791922,0.3508
0.1172736127445747,0.3509
0.11834288183024022,0.35100000000000003
0.11902214362864749,0.3511
0.11931295819291554,0.3512
0.11921823192269188,0.3513
0.11850573102564077,0.3514
0.11567490343982023,0.35150000000000003
0.11261641117142163,0.3516
0.10939340370171291,0.3517
0.10603258826361894,0.3518
0.10254853906704409,0.3519
0.09896146227704006,0.35200000000000004
0.09529486215162175,0.3521
0.09157857463649866,0.3522
0.08771364425984662,0.3523
0.08379681501972402,0.3524
0.07990582425626891,0.35250000000000004
0.07607286456638107,0.3526
0.07232546705507281,0.3527
0.06868951231071818,0.3528
0.06499780070545169,0.3529
0.06135916619225468,0.35300000000000004
0.05777598681058782,0.3531
0.05415815384525202,0.3532
0.050720164646214316,0.3533
0.047448898350357815,0.3534
0.04405416299027176,0.35350000000000004
0.040689668268482304,0.3536
0.03733209972913176,0.3537
0.03408529195278187,0.3538
0.030835425357870427,0.3539
0.027593760775153076,0.35400000000000004
0.024567150541295657,0.3541
0.021914849445596296,0.3542
0.019596073856276375,0.3543
0.01742349900025353,0.3544
0.01569133085982699,0.35450000000000004
0.014468370510662298,0.3546
0.013358205063133566,0.3547
0.012737528686863842,0.3548
0.012710524568102954,0.3549
0.013321804574120133,0.35500000000000004
0.014330737153410045,0.3551
0.015490575861887734,0.3552
0.01703641393719768,0.3553
0.019242289476375518,0.3554
0.022149847597461747,0.35550000000000004
0.025646129480704216,0.3556
0.029658728491781083,0.3557
0.034089807108417025,0.3558
0.03885653211229512,0.3559
0.04384031218549578,0.35600000000000004
0.048929768684486286,0.3561
0.05408491303618823,0.3562
0.05926953971723359,0.3563
0.06442601258849012,0.3564
0.06951018827597644,0.35650000000000004
0.07447999471154354,0.35660000000000003
0.07929897861943758,0.3567
0.08393515547919994,0.3568
0.0883590413985057,0.3569
0.09254311351547972,0.35700000000000004
0.09646194110932182,0.35710000000000003
0.10009229275774378,0.3572
0.10341338095475672,0.3573
0.10640671037460814,0.3574
0.10905322281775076,0.35750000000000004
0.1113329431995922,0.35760000000000003
0.11323155875502666,0.3577
0.1147406781771253,0.3578
0.11585614485466844,0.3579
0.11657820485128878,0.35800000000000004
0.11690875894207875,0.35810000000000003
0.1168512677995932,0.3582
0.11640945552868298,0.3583
0.11505005673462732,0.3584
0.11200180482975075,0.35850000000000004
0.10875661905754153,0.35860000000000003
0.10537097016956487,0.3587
0.10186908148629481,0.3588
0.09826667138461798,0.3589
0.0945849236469013,0.35900000000000004
0.0907915229864742,0.35910000000000003
0.08685916994633802,0.3592
0.08291093135648131,0.3593
0.07898325933138839,0.3594
0.07510740180848152,0.35950000000000004
0.07131101059120992,0.35960000000000003
0.06751383589554516,0.3597
0.06368327164474852,0.3598
0.05996613553178165,0.3599
0.056130134062008175,0.36000000000000004
0.052442733974410904,0.36010000000000003
0.04893647666035861,0.3602
0.04531150834744846,0.3603
0.041752266046303,0.3604
0.03810447744905199,0.36050000000000004
0.03461324885580375,0.36060000000000003
0.031047317149946796,0.3607
0.027501221648760454,0.3608
0.024108915372174744,0.3609
0.021047694780274906,0.36100000000000004
0.018156391501593205,0.36110000000000003
0.015516239775577478,0.3612
0.013317926365683297,0.3613
0.011545251850450189,0.3614
0.009982462933220138,0.36150000000000004
0.008936465678172745,0.36160000000000003
0.008509934768938576,0.3617
0.008761363579263604,0.3618
0.009278941318665579,0.3619
0.01028241584007783,0.36200000000000004
0.011989094852761228,0.36210000000000003
0.014229326541784326,0.3622
0.016898854100746652,0.3623
0.020194160502328362,0.3624
0.024102363001888394,0.36250000000000004
0.02848038646434614,0.36260000000000003
0.0332420279768435,0.3627
0.038285681577420405,0.3628
0.04349181460711482,0.3629
0.04874835791083121,0.36300000000000004
0.05403229849954205,0.36310000000000003
0.059320008288508363,0.3632
0.0645629963174984,0.3633
0.06972428995488977,0.3634
0.074767898895163,0.3635
0.07966127716563987,0.36360000000000003
0.08437575965688116,0.3637
0.0888839103690956,0.3638
0.09315995289022849,0.3639
0.09717960172456641,0.364
0.10092046900707008,0.36410000000000003
0.10436200045551158,0.3642
0.107485578289372,0.3643
0.1102744713516095,0.3644
0.11271132899109726,0.3645
0.11477796783307737,0.36460000000000004
0.1164618889223975,0.3647
0.11775638045442338,0.3648
0.11865864977538054,0.3649
0.11916966562028752,0.365
0.11929164832657657,0.36510000000000004
0.11902818286694938,0.3652
0.11728573905261008,0.3653
0.11435112458140739,0.3654
0.11121840121898408,0.3655
0.107933704596757,0.36560000000000004
0.10451717555915285,0.3657
0.10098560857778449,0.3658
0.09736037910967632,0.3659
0.09366816916205922,0.366
0.08991078490102644,0.36610000000000004
0.08599587938475028,0.3662
0.0820854139099535,0.3663
0.07821486943629163,0.3664
0.07441428289931251,0.3665
0.07071067692458977,0.36660000000000004
0.06709315848148611,0.3667
0.06337796358990411,0.3668
0.05980476867521145,0.3669
0.056162987552804244,0.367
0.05261830309374793,0.36710000000000004
0.049267635876189875,0.3672
0.045922260600655296,0.3673
0.04261343971171194,0.3674
0.03916304505821677,0.3675
0.035902209218707126,0.36760000000000004
0.0325797132776795,0.3677
0.02937200101366244,0.3678
0.026160466959474604,0.3679
0.023285127984057796,0.368
0.020810627703618634,0.36810000000000004
0.01851015148650248,0.3682
0.016519169097657382,0.3683
0.015002716533725868,0.3684
0.013836735859135807,0.3685
0.012928384913533542,0.36860000000000004
0.012560379080090556,0.3687
0.012809169029251999,0.3688
0.01370446202178166,0.3689
0.014560043700865277,0.369
0.01575634001395887,0.36910000000000004
0.017615435889716924,0.36920000000000003
0.02020202872524579,0.3693
0.023415027377771347,0.3694
0.027186455574919055,0.3695
0.031420830433451785,0.36960000000000004
0.03603510838520996,0.36970000000000003
0.04094529670858682,0.3698
0.04603498692975694,0.3699
0.05119070928126801,0.37
0.05637929163511557,0.37010000000000004
0.061569130881473755,0.37020000000000003
0.06670645937489128,0.3703
0.07175031841906354,0.3704
0.07666174206869603,0.3705
0.08140636572750526,0.37060000000000004
0.08595422735546954,0.37070000000000003
0.09027726792939461,0.3708
0.09434939034623357,0.3709
0.09814633368694803,0.371
0.10164599915082562,0.37110000000000004
0.1048284674036647,0.37120000000000003
0.10767601124192294,0.3713
0.11017026917534445,0.3714
0.11229217508279621,0.3715
0.11402862997385577,0.37160000000000004
0.11537278045448063,0.37170000000000003
0.11632201973551037,0.3718
0.11687784321527239,0.3719
0.11704288302674748,0.372
0.1168209012601773,0.37210000000000004
0.11621813472602083,0.37220000000000003
0.11379051147309704,0.3723
0.11065231235133022,0.3724
0.10734735416702046,0.3725
0.10391323991796508,0.37260000000000004
0.1003674922352561,0.37270000000000003
0.09672916076672788,0.3728
0.09302130970694655,0.3729
0.08915288530476106,0.373
0.08521110101076002,0.37310000000000004
0.08126976610878656,0.37320000000000003
0.07736281922432264,0.3733
0.07351970650785222,0.3734
0.06976732879693082,0.3735
0.06592740611324432,0.37360000000000004
0.06215131328871559,0.37370000000000003
0.05839850614012598,0.3738
0.05462739635589031,0.3739
0.05101721792500835,0.374
0.047504427633483504,0.37410000000000004
0.04391516523671468,0.37420000000000003
0.040292217514613426,0.3743
0.036728198595300965,0.3744
0.03317835861502627,0.3745
0.029687658725776833,0.37460000000000004
0.026127371711762715,0.37470000000000003
0.02286097571218737,0.3748
0.0199529652623629,0.3749
0.017109257979559755,0.375
0.014644214929492971,0.37510000000000004
0.012652512814827599,0.37520000000000003
0.010975045711636211,0.3753
0.009611706758292149,0.3754
0.008801707352599664,0.3755
0.008635721391896611,0.37560000000000004
0.009111526184411023,0.37570000000000003
0.00971497235725427,0.3758
0.010987317150207065,0.3759
0.012972509188188486,0.376
0.015479593916296608,0.37610000000000005
0.018388943024624016,0.37620000000000003
0.021891316137310657,0.3763
0.02597122243304706,0.3764
0.030486393978489623,0.3765
0.035352535189385303,0.3766
0.0404330006361171,0.37670000000000003
0.04561427381807803,0.3768
0.05086096043854882,0.3769
0.05614473183568025,0.377
0.061412641209911634,0.3771
0.06662490685684552,0.37720000000000004
0.07174200702827471,0.3773
0.07672929951150342,0.3774
0.08155569995036493,0.3775
0.08619221179426728,0.3776
0.09061137743939252,0.37770000000000004
0.0947876220168915,0.3778
0.0986971902448831,0.3779
0.10231839543521526,0.378
0.10563146368965537,0.3781
0.10861863532654736,0.37820000000000004
0.1112614683063835,0.3783
0.11354068790887994,0.3784
0.11544253961011153,0.3785
0.1169589299918482,0.3786
0.11808558586558271,0.37870000000000004
0.11882208732495592,0.3788
0.11916945186198846,0.3789
0.11913033669376916,0.379
0.11870804556296632,0.3791
0.11606042603036082,0.37920000000000004
0.11302465145230922,0.3793
0.10981765978245461,0.3794
0.10647125753370756,0.3795
0.1030004849040167,0.3796
0.09942461130578151,0.37970000000000004
0.09576594731730115,0.3798
0.09205326533666336,0.3799
0.08820636168753948,0.38
0.08428700194612682,0.3801
0.08038813127902267,0.38020000000000004
0.07654268372228057,0.3803
0.07277878810514937,0.3804
0.06912267948542705,0.3805
0.06543773960428745,0.3806
0.061776846465862345,0.38070000000000004
0.05820180081333626,0.3808
0.054559359438811184,0.3809
0.05109269492282276,0.381
0.04783342960075743,0.3811
0.04441039538382907,0.38120000000000004
0.04106187161026531,0.38130000000000003
0.037672562654677666,0.3814
0.0344355356279884,0.3815
0.031147251841677326,0.3816
0.027903461866921386,0.38170000000000004
0.02482885310337357,0.38180000000000003
0.02211966182219327,0.3819
0.019774173352671065,0.382
0.01754081665027485,0.3821
0.015740224545296666,0.38220000000000004
0.01444469297255968,0.38230000000000003
0.013308995984679939,0.3824
0.01261842108464939,0.3825
0.012512198332268909,0.3826
0.01304190223248125,0.38270000000000004
0.014018302611973121,0.38280000000000003
0.015101925402726701,0.3829
0.016572203967386567,0.383
0.018707500536505828,0.3831
0.02155278560187468,0.38320000000000004
0.024996222111981048,0.38330000000000003
0.02896584769943744,0.3834
0.03336375267928782,0.3835
0.0381067834163924,0.3836
0.04307639772602978,0.38370000000000004
0.04816091916412901,0.38380000000000003
0.05331887759354026,0.3839
0.05851289261913872,0.384
0.06368475968980913,0.3841
0.06878972555884255,0.38420000000000004
0.07378525207778097,0.38430000000000003
0.07863449533972144,0.3844
0.08330514284998825,0.3845
0.08776745458528501,0.3846
0.0919936932497688,0.38470000000000004
0.0959582244249867,0.38480000000000003
0.09963759330722355,0.3849
0.10301074707985391,0.385
0.1060588752353121,0.3851
0.1087625672079312,0.38520000000000004
0.11110147423573791,0.38530000000000003
0.11306088820697635,0.3854
0.11463201859699224,0.3855
0.11581033189262979,0.3856
0.11659573281842539,0.38570000000000004
0.11698982422383963,0.38580000000000003
0.1169958031029662,0.3859
0.11661715620476498,0.386
0.11555938324000037,0.3861
0.11254705967658496,0.38620000000000004
0.10932827833034409,0.38630000000000003
0.10596438716822665,0.3864
0.10248141437381475,0.3865
0.09889441097306051,0.3866
0.09522434874759178,0.38670000000000004
0.0914695046072076,0.38680000000000003
0.08754433248688209,0.3869
0.08359736638949655,0.387
0.07966586491378447,0.3871
0.0757816876698626,0.38720000000000004
0.0719728211195132,0.38730000000000003
0.06821154905452886,0.3874
0.06436594495285697,0.3875
0.060644057106658766,0.3876
0.056831713075080836,0.38770000000000004
0.05312152444039819,0.38780000000000003
0.04958680311557595,0.3879
0.046009503181527966,0.388
0.04249839215392792,0.3881
0.03881977463709041,0.38820000000000005
0.035354603199825974,0.38830000000000003
0.031759964549863406,0.3884
0.028245708695318283,0.3885
0.02480986049802092,0.3886
0.02169880704085947,0.38870000000000005
0.018912276373313386,0.38880000000000003
0.016227532050559823,0.3889
0.013952533740198447,0.389
0.012167657037503998,0.3891
0.010574130741069387,0.38920000000000005
0.009406430383170683,0.38930000000000003
0.008831018438686167,0.3894
0.00892231290893064,0.3895
0.009462461277874867,0.3896
0.010318150841653217,0.38970000000000005
0.011859227209249479,0.38980000000000004
0.013930736515043396,0.3899
0.01644248890389388,0.39
0.019597354517029375,0.3901
0.023386231306044447,0.3902
0.027666744739260674,0.39030000000000004
0.0323518251595567,0.3904
0.037338645800018666,0.3905
0.042506952461821346,0.3906
0.04774325454172823,0.3907
0.05302067008715605,0.39080000000000004
0.05831248760218388,0.3909
0.06356854871399109,0.391
0.06875023183497875,0.3911
0.07382026767141947,0.3912
0.07874506080130905,0.39130000000000004
0.08349505602697771,0.3914
0.08804212131806566,0.3915
0.09235994564302019,0.3916
0.09642388581954453,0.3917
0.10021137296942739,0.39180000000000004
0.10370182502536163,0.3919
0.10687667336973672,0.392
0.10971921169711696,0.3921
0.11221199310674923,0.3922
0.11433658906592459,0.39230000000000004
0.11608014249263987,0.3924
0.1174355252781476,0.3925
0.11839953262049574,0.3926
0.11897276983528404,0.3927
0.11915713135818484,0.39280000000000004
0.11895590134834677,0.3929
0.11768703368895805,0.393
0.1147867683548639,0.3931
0.11167533512089789,0.3932
0.10840715123388178,0.39330000000000004
0.10500555592587368,0.3934
0.10148640150337429,0.3935
0.09787084907391419,0.3936
0.09418453192068399,0.3937
0.0904445948922753,0.39380000000000004
0.08653162779839885,0.39390000000000003
0.08261838098133745,0.394
0.07874086933309832,0.3941
0.07492930055558855,0.3942
0.07121022424498524,0.39430000000000004
0.0676048078625896,0.39440000000000003
0.06386880128111172,0.3945
0.0602691672513348,0.3946
0.05663702505694235,0.3947
0.05306367151630842,0.39480000000000004
0.04967945110804117,0.39490000000000003
0.04634468224402677,0.395
0.043002560824276115,0.3951
0.03956637275120922,0.3952
0.036269139710715326,0.39530000000000004
0.032955755461840264,0.39540000000000003
0.02974720217841309,0.3955
0.02648877024288887,0.3956
0.0235566091469952,0.3957
0.02101853972326695,0.39580000000000004
0.01869177155815449,0.39590000000000003
0.016635164094593424,0.396
0.015043948797087925,0.3961
0.013845466428350939,0.3962
0.012863384418726254,0.39630000000000004
0.012412029943585257,0.39640000000000003
0.012573862238495881,0.3965
0.013382919495898316,0.3966
0.014391675332102727,0.3967
0.015742965283322086,0.39680000000000004
0.01749085439454534,0.39690000000000003
0.01989592593403655,0.397
0.02298741816426353,0.3971
0.026646896848381507,0.3972
0.03079877226084493,0.39730000000000004
0.03534414647300155,0.39740000000000003
0.04020027931422554,0.3975
0.045247894603307914,0.3976
0.050376199195791616,0.3977
0.0555495375260302,0.39780000000000004
0.06073548606567747,0.39790000000000003
0.06587853707379865,0.398
0.07093674455042676,0.3981
0.07586973247156192,0.3982
0.08064242236797958,0.39830000000000004
0.08522397362530487,0.39840000000000003
0.08958583186717217,0.3985
0.09370129550940087,0.3986
0.09754570084235159,0.3987
0.10109654185312056,0.39880000000000004
0.10433370347029647,0.39890000000000003
0.1072393053994809,0.399
0.10979487294556967,0.3991
0.11198101751572598,0.3992
0.11378404430204492,0.39930000000000004
0.11519621316606643,0.39940000000000003
0.11621399122889764,0.3995
0.11683815009176113,0.3996
0.11707100078855959,0.3997
0.11691633997837259,0.39980000000000004
0.11638063856684644,0.39990000000000003
0.11435870023255978,0.4
0.111258302654617,0.4001
0.10797969596474644,0.4002
0.10456744410319985,0.40030000000000004
0.10104132467525584,0.40040000000000003
0.09741904166706983,0.4005
0.09372310738141565,0.4006
0.08988901531318672,0.4007
0.08595302294065643,0.40080000000000005
0.08201068424796032,0.40090000000000003
0.0780967405638382,0.401
0.07424132054184351,0.4011
0.0704718285106547,0.4012
0.06665848269690222,0.40130000000000005
0.06286253849710954,0.40140000000000003
0.059138515578766926,0.4015
0.05534503247205236,0.4016
0.05170720704756526,0.4017
0.04823524150671643,0.40180000000000005
0.04461975175194799,0.40190000000000003
0.04104617338917582,0.402
0.0374517237410017,0.4021
0.03395035705431293,0.4022
0.030444386784240995,0.40230000000000005
0.02689876822017423,0.40240000000000004
0.02358635758780725,0.4025
0.0206279347695415,0.4026
0.017908273652015083,0.4027
0.015392696336582912,0.40280000000000005
0.013312453476451713,0.40290000000000004
0.011675983850308658,0.403
0.010203752817400602,0.4031
0.009249843216950548,0.4032
0.00892294688997275,0.4033
0.00927900890144051,0.40340000000000004
0.009864343514621732,0.4035
0.010975386337608972,0.4036
0.012784596259893588,0.4037
0.015116570221477943,0.4038
0.01786434685986449,0.40390000000000004
0.02122433525075751,0.404
0.0251840902487821,0.4041
0.029601471828937687,0.4042
0.03439113046802822,0.4043
0.03945227095470605,0.40440000000000004
0.044665953065085695,0.4045
0.04992088653542259,0.4046
0.05519535718972479,0.4047
0.06046653159423743,0.4048
0.06568602503714549,0.40490000000000004
0.07081679214502934,0.405
0.07582264913490855,0.4051
0.08067094573963662,0.4052
0.08533307153541958,0.4053
0.08978178023061067,0.40540000000000004
0.09399158747258651,0.4055
0.09793860793742892,0.4056
0.10160100579581366,0.4057
0.10495896312844044,0.4058
0.10799473196520715,0.40590000000000004
0.11068979392261491,0.406
0.11302464115477429,0.4061
0.11498503329676735,0.4062
0.116562273695338,0.4063
0.11775141855910753,0.40640000000000004
0.11855149597932912,0.40650000000000003
0.11896306616578711,0.4066
0.11898848853480026,0.4067
0.11863082952501403,0.4068
0.11648163610979079,0.40690000000000004
0.11348555424184348,0.40700000000000003
0.11030474729358275,0.4071
0.10697958912624439,0.4072
0.10352807711006007,0.4073
0.09996798684255115,0.40740000000000004
0.09632111111721631,0.40750000000000003
0.09261512121426718,0.4076
0.08878812621946874,0.4077
0.08486974234185851,0.4078
0.08096622907780204,0.40790000000000004
0.07711113329917285,0.40800000000000003
0.07333308104366865,0.4081
0.06965850538674068,0.4082
0.06598489447653744,0.4083
0.06230339890471437,0.40840000000000004
0.05874150196384087,0.40850000000000003
0.055074713475970594,0.4086
0.05157716472697027,0.4087
0.04828260711909005,0.4088
0.04487204023981506,0.40890000000000004
0.04153517630290526,0.40900000000000003
0.03810866823051651,0.4091
0.034875574979372104,0.4092
0.03154444174576332,0.4093
0.02829700962201631,0.40940000000000004
0.025171852537230865,0.40950000000000003
0.022402762539423193,0.4096
0.02003174389163509,0.4097
0.017733472943636475,0.4098
0.015858227760321197,0.40990000000000004
0.014481914016774011,0.41000000000000003
0.013322725855565043,0.4101
0.012553571092913884,0.4102
0.012356449958888405,0.4103
0.012791036678266643,0.41040000000000004
0.01373905962310018,0.41050000000000003
0.01473341601451783,0.4106
0.01611300934551818,0.4107
0.018161617867859636,0.4108
0.020928718998783902,0.41090000000000004
0.02430413784553731,0.41100000000000003
0.02821670261614151,0.4111
0.03256862236236291,0.4112
0.03727656436806126,0.4113
0.042256872132880874,0.41140000000000004
0.04739326561181101,0.41150000000000003
0.05257343579549101,0.4116
0.05776834463473346,0.4117
0.06294984240034696,0.4118
0.06806609608509351,0.41190000000000004
0.07307798610540761,0.41200000000000003
0.07794792472920398,0.4121
0.08264264319132719,0.4122
0.08713311875752716,0.4123
0.0913921030375261,0.41240000000000004
0.09539428263703698,0.41250000000000003
0.09911618216776441,0.4126
0.10253648050223108,0.4127
0.1056359580430567,0.4128
0.10839473645354258,0.41290000000000004
0.11079197637273552,0.41300000000000003
0.11281248915927367,0.4131
0.11444695939473282,0.4132
0.11569037609094257,0.4133
0.1165421557206835,0.41340000000000005
0.11700350325250441,0.41350000000000003
0.11707725281644843,0.4136
0.1167666392249217,0.4137
0.11607703815151882,0.4138
0.11312310434610251,0.41390000000000005
0.1099378984929219,0.41400000000000003
0.1066023277121555,0.4141
0.10314466983225856,0.4142
0.09957887019167277,0.4143
0.09592520277480199,0.41440000000000005
0.09220714879978553,0.41450000000000004
0.08829218444871134,0.4146
0.08434742548863772,0.4147
0.08041216076371005,0.4148
0.07651915361225636,0.41490000000000005
0.07269693087697082,0.41500000000000004
0.06896494762788763,0.4151
0.06510316390301318,0.4152
0.0613593771436578,0.4153
0.057579376846932595,0.41540000000000005
0.053845643963914336,0.41550000000000004
0.05028081075149049,0.4156
0.04674354929100244,0.4157
0.0432057291346144,0.4158
0.03956679122082951,0.41590000000000005
0.03606477675099273,0.41600000000000004
0.03251222940878029,0.4161
0.02903177854144756,0.4162
0.025547385544191226,0.4163
0.022373484099890817,0.4164
0.019571766294258497,0.41650000000000004
0.016839932299377747,0.4166
0.014486649986459321,0.4167
0.01261045075402567,0.4168
0.01102160822144449,0.4169
0.009763398055642858,0.41700000000000004
0.009069292747627689,0.4171
0.009026265057055394,0.4172
0.00956462402621705,0.4173
0.010291516698927916,0.4174
0.011688734479262664,0.41750000000000004
0.01361247093846707,0.4176
0.01598396280479153,0.4177
0.019011840952698478,0.4178
0.022690764605074243,0.4179
0.026879531249362598,0.41800000000000004
0.03149093320259788,0.4181
0.03642149968727826,0.4182
0.04155072685922301,0.4183
0.04676407972666574,0.4184
0.052031292788149885,0.41850000000000004
0.057322941936913674,0.4186
0.06258747916294272,0.4187
0.06778491232116979,0.4188
0.07287698658386121,0.4189
0.07782936440871868,0.41900000000000004
0.08261192555712471,0.41910000000000003
0.08719612675718003,0.4192
0.09155530651960675,0.4193
0.09566447557224111,0.4194
0.09950070118942345,0.41950000000000004
0.10304302521220199,0.41960000000000003
0.10627250116033471,0.4197
0.10917204385922541,0.4198
0.11172382129658998,0.4199
0.1139090224402195,0.42000000000000004
0.11571442577962776,0.42010000000000003
0.11713257238302255,0.4202
0.11815997837057857,0.4203
0.11879702429499106,0.4204
0.11904539935298608,0.42050000000000004
0.11890816738515786,0.42060000000000003
0.11810876631257439,0.4207
0.115247155048808,0.4208
0.11216155810155126,0.4209
0.10891426880650323,0.42100000000000004
0.10553158196767987,0.42110000000000003
0.1020282814845197,0.4212
0.09842517710869103,0.4213
0.09474677371298479,0.4214
0.09102352501420752,0.42150000000000004
0.08711956321984327,0.42160000000000003
0.08320251955373115,0.4217
0.0793157087935128,0.4218
0.07549005398016961,0.4219
0.07175251699335627,0.42200000000000004
0.06812887735826567,0.42210000000000003
0.06440250279338766,0.4222
0.060777753909723065,0.4223
0.05716034260204128,0.4224
0.053558241203704116,0.42250000000000004
0.05013968101445321,0.42260000000000003
0.046821248936774085,0.4227
0.04344395921332045,0.4228
0.04002608814051034,0.4229
0.03668902820711528,0.42300000000000004
0.03338657707937531,0.42310000000000003
0.03016305615994841,0.4232
0.026869605465527968,0.4233
0.02387762907867841,0.4234
0.021271682019333493,0.42350000000000004
0.018919952787314065,0.42360000000000003
0.01679359813698378,0.4237
0.015122626411654183,0.4238
0.013892521960743753,0.4239
0.012831581190852592,0.42400000000000004
0.012290072360289672,0.42410000000000003
0.012356764238541817,0.4242
0.0130704312630876,0.4243
0.014055075557009022,0.4244
0.015315816354004586,0.42450000000000004
0.01697366076023865,0.42460000000000003
0.019294703760859067,0.4247
0.02231235489533767,0.4248
0.025909429502487535,0.4249
0.03001074673104087,0.42500000000000004
0.03451719319419766,0.42510000000000003
0.03934556036692438,0.4252
0.04437657272689166,0.4253
0.04949906069089938,0.4254
0.05467562263012593,0.42550000000000004
0.05987241568442647,0.42560000000000003
0.06503320825269421,0.4257
0.07011530117351428,0.4258
0.07507775714589682,0.4259
0.07988504876610292,0.42600000000000005
0.0845059605797236,0.42610000000000003
0.0889116219171352,0.4262
0.09307502522880495,0.4263
0.09697118889371481,0.4264
0.10057727640623804,0.42650000000000005
0.10387283950573145,0.42660000000000003
0.10683966650556109,0.4267
0.10945894852298688,0.4268
0.1117109454602726,0.4269
0.11358157185314777,0.42700000000000005
0.11506266630325346,0.42710000000000004
0.11615028148558193,0.4272
0.11684481396793123,0.4273
0.11714825250902783,0.4274
0.11706410291925773,0.42750000000000005
0.11659612582453727,0.42760000000000004
0.11494170571911955,0.4277
0.11188035670587049,0.4278
0.1086294763034582,0.4279
0.10524013423819067,0.42800000000000005
0.10173455206547255,0.42810000000000004
0.09812920124166857,0.4282
0.0944455340038658,0.4283
0.09065107051812504,0.4284
0.08671924971524092,0.42850000000000005
0.08277409968649241,0.42860000000000004
0.07885202231570054,0.4287
0.07498412660588216,0.4288
0.07119785801231027,0.4289
0.06741472240649304,0.42900000000000005
0.06359658249039957,0.42910000000000004
0.05989560894203194,0.4292
0.056073670110505125,0.4293
0.05240198749539671,0.4294
0.04891327510864829,0.4295
0.04531144610098692,0.42960000000000004
0.041776120527493354,0.4297
0.03814727002606477,0.4298
0.03468438044815514,0.4299
0.031137195755133185,0.43
0.027626824378581993,0.43010000000000004
0.02426307487795154,0.4302
0.02123707854635426,0.4303
0.01849015186536085,0.4304
0.015897513615032333,0.4305
0.013728753199963029,0.43060000000000004
0.012060044227220956,0.4307
0.010507701429394611,0.4308
0.009454376463612357,0.4309
0.009013414864538882,0.431
0.009246351152224719,0.43110000000000004
0.00983553646464208,0.4312
0.010824858961413053,0.4313
0.012502122852605657,0.4314
0.014702876299097944,0.4315
0.01732964437415485,0.43160000000000004
0.020582803748935286,0.43170000000000003
0.024452244646279375,0.4318
0.02879620449545195,0.4319
0.03352875295770641,0.432
0.03854824120067568,0.43210000000000004
0.04373512846931593,0.43220000000000003
0.04897693225534194,0.4323
0.05424901318730302,0.4324
0.05952627266260757,0.4325
0.0647592404778341,0.43260000000000004
0.069909962347943,0.43270000000000003
0.07494165990827761,0.4328
0.07982118390599258,0.4329
0.08451940975511785,0.433
0.0890085971527762,0.43310000000000004
0.09326280462916214,0.43320000000000003
0.09725775549290938,0.4333
0.10097126904023801,0.4334
0.10438318959559989,0.4335
0.10747539378941295,0.43360000000000004
0.11022893589896887,0.43370000000000003
0.1126238445809411,0.4338
0.11464541673041717,0.4339
0.11628453246976467,0.434
0.11753591038485489,0.43410000000000004
0.11839834095097135,0.43420000000000003
0.11887221524952185,0.4343
0.11895973498639811,0.4344
0.11866377814224749,0.4345
0.11694625012807602,0.43460000000000004
0.11398619053891768,0.43470000000000003
0.11082892253835053,0.4348
0.10752217693682398,0.4349
0.10408668336781757,0.435
0.10053918208179413,0.43510000000000004
0.09690112897383696,0.43520000000000003
0.09319917159207158,0.4353
0.08939811505103301,0.4354
0.08547732628089322,0.4355
0.08156519687487795,0.43560000000000004
0.07769614589241591,0.43570000000000003
0.07389953406976357,0.4358
0.0702021396782806,0.4359
0.06654152273519365,0.436
0.06283425389293762,0.43610000000000004
0.05927270214388547,0.43620000000000003
0.05558791724661871,0.4363
0.05205548010033634,0.4364
0.04872148879360538,0.4365
0.045327138593119765,0.43660000000000004
0.042006216047407285,0.43670000000000003
0.03853881808948301,0.4368
0.0353027508426107,0.4369
0.03193323230768952,0.437
0.02868264834839329,0.43710000000000004
0.025501812110184874,0.43720000000000003
0.022667716158697893,0.4373
0.020239444931222206,0.4374
0.01790594852502503,0.4375
0.015956799376837916,0.43760000000000004
0.01449721222004241,0.43770000000000003
0.013311249941027059,0.4378
0.012460686852601155,0.4379
0.012170303029713114,0.438
0.012508217400630128,0.43810000000000004
0.01342543158020204,0.43820000000000003
0.01432989927427819,0.4383
0.015618608487445673,0.4384
0.017580978739448083,0.4385
0.02027118195784472,0.43860000000000005
0.02358076043452595,0.43870000000000003
0.027439325518633373,0.4388
0.03174913485381925,0.4389
0.03642654273337942,0.439
0.04138738564290878,0.43910000000000005
0.04651508899575352,0.43920000000000003
0.05169668486164314,0.4393
0.056901410349501136,0.4394
0.062099768880098494,0.4395
0.06723925949805798,0.43960000000000005
0.07228013741290917,0.43970000000000004
0.07718435804946489,0.4398
0.0819182613365107,0.4399
0.08645245771712173,0.44
0.09075935681076996,0.44010000000000005
0.09481330743053473,0.44020000000000004
0.09859049137537601,0.4403
0.10206923479113827,0.4404
0.10522998431567832,0.4405
0.10805529962888671,0.44060000000000005
0.11052704185222584,0.44070000000000004
0.11262632882277746,0.4408
0.11434021283542894,0.4409
0.11566197175513815,0.441
0.11658909495093772,0.44110000000000005
0.11712311880960846,0.44120000000000004
0.11726667753246545,0.4413
0.11702352690086215,0.4414
0.11639991130467353,0.4415
0.11371643480012128,0.44160000000000005
0.11056747208192663,0.44170000000000004
0.1072582954006146,0.4418
0.10382173761236291,0.4419
0.10027354863962978,0.442
0.09663344375182537,0.44210000000000005
0.09292470991905832,0.44220000000000004
0.08905730482276453,0.4423
0.08511688685414698,0.4424
0.08117903049879949,0.4425
0.07727762087012757,0.44260000000000005
0.07344197163975008,0.44270000000000004
0.06969878239579863,0.4428
0.06587358124900689,0.4429
0.06210836122622132,0.443
0.058371474165627824,0.4431
0.054611622341112165,0.44320000000000004
0.05101389790064448,0.4433
0.047523391942144055,0.4434
0.04395093738003153,0.4435
0.04035793274219501,0.4436
0.03681309839018643,0.44370000000000004
0.0332979873805308,0.44380000000000003
0.02984190778724405,0.4439
0.026299697421191537,0.444
0.023056597702392434,0.4441
0.020181128298786044,0.44420000000000004
0.017489464172094404,0.44430000000000003
0.015064502508295385,0.4444
0.013091494841479978,0.4445
0.011505546428125069,0.4446
0.010143319182879695,0.44470000000000004
0.009317122221143448,0.44480000000000003
0.00912762168023673,0.4449
0.00962354911139407,0.445
0.010248207744984805,0.4451
0.011494297013898924,0.44520000000000004
0.013261031927512379,0.44530000000000003
0.015482296651378347,0.4454
0.01837443508413039,0.4455
0.02193632797311995,0.4456
0.0260281262505615,0.44570000000000004
0.030562369170699766,0.44580000000000003
0.03543471151726996,0.4459
0.040524407394213036,0.446
0.04571583586245409,0.4461
0.050975038470932654,0.44620000000000004
0.05626960836437478,0.44630000000000003
0.0615464516494344,0.4464
0.06676401044219349,0.4465
0.07188290936288533,0.4466
0.07686798389597405,0.44670000000000004
0.08168848829573216,0.44680000000000003
0.08631537362678499,0.4469
0.09072146664405811,0.447
0.09488123061591947,0.4471
0.0987712121661164,0.44720000000000004
0.10237003769297515,0.44730000000000003
0.10565847435705156,0.4474
0.10861922236294352,0.4475
0.11123421810520884,0.4476
0.11348435506600052,0.44770000000000004
0.11535606519063346,0.44780000000000003
0.1168415293093027,0.4479
0.11793693464239119,0.448
0.11864238467852783,0.4481
0.11895931144371108,0.44820000000000004
0.11889050455370587,0.44830000000000003
0.11843912957838743,0.4484
0.11574944332257309,0.4485
0.11269402121404637,0.4486
0.10946922396898706,0.44870000000000004
0.10610625981527755,0.44880000000000003
0.1026202883277898,0.4489
0.09903116409507118,0.449
0.09536173704752993,0.4491
0.09164115406209472,0.44920000000000004
0.08776160646571673,0.44930000000000003
0.08383884519581386,0.4494
0.07994020980353567,0.4495
0.07609768286930163,0.4496
0.07233875904433273,0.44970000000000004
0.06868942373597808,0.44980000000000003
0.0649739851006913,0.4499
0.06132103784636178,0.45
0.05771558734842053,0.4501
0.05408263804575886,0.45020000000000004
0.05062801100281433,0.45030000000000003
0.04732821000467191,0.4504
0.04391532465874426,0.4505
0.040521103394968616,0.4506
0.03714375233130829,0.45070000000000005
0.03385785170184907,0.45080000000000003
0.03058564993163304,0.4509
0.027294671130345893,0.451
0.024242728691158177,0.4511
0.02156562593932332,0.45120000000000005
0.019187961173248613,0.45130000000000003
0.016987321504738695,0.4514
0.015231433359522928,0.4515
0.013966902147600102,0.4516
0.012822390581024745,0.45170000000000005
0.012185390431741938,0.45180000000000003
0.012150805413465138,0.4519
0.012762235117336429,0.452
0.013722347402951085,0.4521
0.014885412826772804,0.45220000000000005
0.016445160131351777,0.45230000000000004
0.018673925053269702,0.4524
0.0216100063000102,0.4525
0.02513779649544201,0.4526
0.029182705028775624,0.45270000000000005
0.033645452719241575,0.45280000000000004
0.03844233450192869,0.4529
0.04345407427174108,0.453
0.04856905845794102,0.4531
0.05374790590443568,0.45320000000000005
0.05895518995961213,0.45330000000000004
0.06413389925435864,0.4534
0.06924052620985721,0.4535
0.07423352830753627,0.4536
0.07907687680403108,0.45370000000000005
0.08373892346018263,0.45380000000000004
0.08819043417668648,0.4539
0.09240406811383939,0.454
0.0963545172058341,0.4541
0.10001861341128404,0.45420000000000005
0.1033755690392365,0.45430000000000004
0.10640682335741536,0.4544
0.10909320572879389,0.4545
0.11141459245516616,0.4546
0.11335647482232625,0.45470000000000005
0.11491023754087037,0.45480000000000004
0.11607148664785627,0.4549
0.11684021325119898,0.455
0.11721805611595748,0.4551
0.11720821234113665,0.45520000000000005
0.1168141556430542,0.45530000000000004
0.11554805086537145,0.4554
0.11252688038507985,0.4555
0.10930402530951344,0.4556
0.10593706834531702,0.45570000000000005
0.10245067081520198,0.45580000000000004
0.09886046705589024,0.4559
0.09518767453745758,0.456
0.09143392547827,0.4561
0.08750775311852765,0.4562
0.0835614076601604,0.45630000000000004
0.07963221943600096,0.45640000000000003
0.07575200525872483,0.4565
0.07194860593750385,0.4566
0.06820234364914923,0.4567
0.06436413580285805,0.45680000000000004
0.0606504540573215,0.45690000000000003
0.05685609142921644,0.457
0.05315562015111985,0.4571
0.04963143569590933,0.4572
0.046079710307768806,0.45730000000000004
0.04258493192180102,0.45740000000000003
0.03892885278094882,0.4575
0.035476032684639724,0.4576
0.03191323506593191,0.4577
0.028433656774801586,0.45780000000000004
0.025011276060297183,0.45790000000000003
0.02191230908464825,0.458
0.019163628563545254,0.4581
0.016494344614739864,0.4582
0.014232266959465445,0.45830000000000004
0.012458826399871503,0.45840000000000003
0.01090983207332874,0.4585
0.009754516306456296,0.4586
0.009181556514484601,0.4587
0.009267955615713142,0.45880000000000004
0.009849428242513891,0.45890000000000003
0.010700338215663185,0.459
0.012226819616244278,0.4591
0.01427600511508631,0.4592
0.01676144568045923,0.45930000000000004
0.019888685333692813,0.45940000000000003
0.02365088360331713,0.4595
0.027907047879885294,0.4596
0.03257077987516399,0.4597
0.0375394938844793,0.45980000000000004
0.042693075270206604,0.45990000000000003
0.04791775671540144,0.46
0.05318551212481237,0.4601
0.05846858680402711,0.4602
0.06371618002097124,0.46030000000000004
0.06888907237430864,0.46040000000000003
0.07394956486421789,0.4605
0.07886376328391576,0.4606
0.08360191513829174,0.4607
0.08813578033453673,0.46080000000000004
0.09243899183386994,0.46090000000000003
0.09648687860767591,0.461
0.10025686202329764,0.4611
0.10372837093715337,0.4612
0.10688287520866568,0.46130000000000004
0.10970373663292954,0.46140000000000003
0.11217359292579132,0.4615
0.11427411397222698,0.4616
0.11599257448262534,0.4617
0.11732200440140772,0.46180000000000004
0.11825937244659745,0.46190000000000003
0.11880546955596905,0.462
0.11896236699382301,0.4621
0.11873350691644924,0.4622
0.11742523877907274,0.46230000000000004
0.1145064700247942,0.46240000000000003
0.11137866302416632,0.4625
0.1080959570059199,0.4626
0.10468160213633093,0.4627
0.10115150364044145,0.46280000000000004
0.09752683147668273,0.46290000000000003
0.09383323347163475,0.463
0.09006764449027604,0.4631
0.08614891678846048,0.4632
0.08223229412574173,0.46330000000000005
0.07835329224161625,0.46340000000000003
0.07454181141027694,0.4635
0.07082432926697368,0.4636
0.06718637598736421,0.4637
0.06345245793748966,0.46380000000000005
0.059857677052993497,0.46390000000000003
0.056189317004677886,0.464
0.05262074529126615,0.4641
0.04924447222500272,0.4642
0.045865075678519496,0.46430000000000005
0.04253056044037562,0.46440000000000003
0.03904827341124273,0.4645
0.03576186478425214,0.4646
0.03240240204641642,0.4647
0.029152247717182833,0.46480000000000005
0.02591189464985799,0.46490000000000004
0.023006673250355547,0.465
0.02050009923928986,0.4651
0.01814307916233049,0.4652
0.016115582737688428,0.46530000000000005
0.014565705137717488,0.46540000000000004
0.013346843219813387,0.4655
0.012407088148404632,0.4656
0.012014439177979286,0.4657
0.012245510358718903,0.46580000000000005
0.013129197498568335,0.46590000000000004
0.01393357683234453,0.466
0.01511970545080743,0.4661
0.016983373457281292,0.4662
0.019584395378712482,0.46630000000000005
0.022816594663551903,0.46640000000000004
0.02661071368746426,0.4665
0.030869197025947592,0.4666
0.0355081100020922,0.4667
0.04044276390373769,0.46680000000000005
0.04555636197498991,0.46690000000000004
0.050735309421857666,0.467
0.055946920889536234,0.4671
0.06116018703585058,0.4672
0.06632184954708031,0.46730000000000005
0.07139139601706512,0.46740000000000004
0.07633020046278749,0.4675
0.08110412207090933,0.4676
0.0856833594218126,0.4677
0.09003996556875105,0.46780000000000005
0.0941479402400418,0.46790000000000004
0.0979830975926298,0.468
0.10152337783622956,0.4681
0.10474883632175025,0.4682
0.1076416462063402,0.46830000000000005
0.11018328542026057,0.46840000000000004
0.1123544855936589,0.4685
0.1141418999478162,0.4686
0.11553840172403018,0.4687
0.11654109620608022,0.46880000000000005
0.11715117319222645,0.46890000000000004
0.11737095209334603,0.46900000000000003
0.1172038865000471,0.4691
0.11665594276847713,0.4692
0.11436324248369556,0.4693
0.11125428505447288,0.46940000000000004
0.10797226398522264,0.46950000000000003
0.10455679896230607,0.4696
0.1010262174428781,0.4697
0.0973994211464898,0.4698
0.09369951477129357,0.46990000000000004
0.08987404451312975,0.47000000000000003
0.08593702211179832,0.4701
0.08199544946450965,0.4702
0.07808427196725554,0.4703
0.0742335844606884,0.47040000000000004
0.0704705048505857,0.47050000000000003
0.06668418188460234,0.4706
0.06289634133543542,0.4707
0.059199770194058976,0.4708
0.05541252680748343,0.47090000000000004
0.05178028107691346,0.47100000000000003
0.04833537599321014,0.4711
0.04472876352790078,0.4712
0.04118559819077117,0.4713
0.0375981646149941,0.47140000000000004
0.034126694260069756,0.47150000000000003
0.0306258109681099,0.4716
0.02710784397519972,0.4717
0.02380018931248795,0.4718
0.020845506138146508,0.47190000000000004
0.018154727179348074,0.47200000000000003
0.015647221674586875,0.4721
0.013572392802848832,0.4722
0.01196912836887809,0.4723
0.01050391022866215,0.47240000000000004
0.00955021040373838,0.47250000000000003
0.009217747147607591,0.4726
0.009563276202572801,0.4727
0.010190808458895306,0.4728
0.0112912852822189,0.47290000000000004
0.013081527654011715,0.47300000000000003
0.0153892426840192,0.4731
0.018111297749377142,0.4732
0.02144611653827644,0.4733
0.025382873835227082,0.47340000000000004
0.029780271361546262,0.47350000000000003
0.03455326696055261,0.4736
0.03960107061479312,0.4737
0.044804651988262334,0.4738
0.05005227695898551,0.47390000000000004
0.05532109954634645,0.47400000000000003
0.060587320360540264,0.4741
0.06580199697990907,0.4742
0.07092760307846557,0.4743
0.07592761726664843,0.47440000000000004
0.0807691317580671,0.47450000000000003
0.08542332078073034,0.4746
0.08986276264587656,0.4747
0.09406183076811303,0.4748
0.09799654049938822,0.47490000000000004
0.10164501306092133,0.47500000000000003
0.10498745116184283,0.4751
0.10800618306826693,0.4752
0.11068278894843298,0.4753
0.11299786253167587,0.47540000000000004
0.11493728677942938,0.47550000000000003
0.11649250199569683,0.4756
0.1176587106922925,0.4757
0.11843510256757217,0.4758
0.1188223953253782,0.47590000000000005
0.11882308996025825,0.47600000000000003
0.1184403669059032,0.4761
0.1162493775406398,0.4762
0.1132349311938815,0.4763
0.11003777020426386,0.47640000000000005
0.10669793440696751,0.47650000000000003
0.10323332536528873,0.4766
0.09966181651061634,0.4767
0.096005246518999,0.4768
0.09229134750240309,0.47690000000000005
0.08844062795485785,0.47700000000000004
0.08451600681493543,0.4771
0.08060857911895913,0.4772
0.0767514184028798,0.4773
0.07297283258610832,0.47740000000000005
0.06929914183406305,0.47750000000000004
0.0655959381119019,0.4776
0.06191564207817091,0.4777
0.05832245054490026,0.4778
0.05465814130732527,0.47790000000000005
0.05116563292661258,0.47800000000000004
0.047876645154380615,0.4781
0.04442397632519324,0.4782
0.041042942347655265,0.4783
0.03762271550582419,0.47840000000000005
0.03434738024172268,0.47850000000000004
0.031026831809225053,0.4786
0.02773919899293431,0.4787
0.024629591628387404,0.4788
0.021883592236909388,0.47890000000000005
0.01948460366591953,0.47900000000000004
0.017210065613897152,0.4791
0.015368507130740783,0.4792
0.014032552763199702,0.4793
0.012842342852707578,0.47940000000000005
0.012112614366037722,0.47950000000000004
0.011973491955512339,0.4796
0.012476794762783294,0.4797
0.013405000585978044,0.4798
0.014465865747911977,0.47990000000000005
0.015922418988889353,0.48000000000000004
0.018053429241232433,0.4801
0.02090235248632344,0.4802
0.024355360747902788,0.4803
0.028338586833563495,0.48040000000000005
0.03275267496220069,0.48050000000000004
0.03751350512587104,0.4806
0.04250194036603849,0.4807
0.0476060324610319,0.4808
0.05278439144647118,0.48090000000000005
0.05799997929165923,0.48100000000000004
0.06319500219765362,0.4811
0.06832510111724655,0.4812
0.0733480707195231,0.4813
0.07822731084055656,0.48140000000000005
0.08293067209529548,0.48150000000000004
0.08742850698565752,0.48160000000000003
0.09169311676322012,0.4817
0.09569886292748864,0.4818
0.09942224786418585,0.48190000000000005
0.10284213539260445,0.48200000000000004
0.10593958756344957,0.48210000000000003
0.10869503375198242,0.4822
0.11108793256245597,0.4823
0.11310332617058472,0.4824
0.11473213193950982,0.48250000000000004
0.11596950194403433,0.48260000000000003
0.11681500710546744,0.4827
0.11726991161777556,0.4828
0.1173370722250513,0.4829
0.11701964634601636,0.48300000000000004
0.11614419746939242,0.48310000000000003
0.11316715859453941,0.4832
0.10997646760214286,0.4833
0.10663603453554094,0.4834
0.10317286431220607,0.48350000000000004
0.09960172542912094,0.48360000000000003
0.09594356748660737,0.4837
0.09222268054715299,0.4838
0.08831735223353143,0.4839
0.08437347615041213,0.48400000000000004
0.08044024279951478,0.48410000000000003
0.0765503020916053,0.4842
0.0727320266699587,0.4843
0.06901161785010868,0.4844
0.065168322970372,0.48450000000000004
0.06143007158739777,0.48460000000000003
0.05767830435817256,0.4847
0.05395036903572192,0.4848
0.05039125377330622,0.4849
0.04688831784837011,0.48500000000000004
0.04335733406902431,0.48510000000000003
0.03975188557124665,0.4852
0.036255582948578446,0.4853
0.03273655000769882,0.4854
0.02928713758122914,0.48550000000000004
0.02580572157972938,0.48560000000000003
0.02263452148509182,0.4857
0.01983848196244442,0.4858
0.01717778600152342,0.4859
0.014834567053628067,0.48600000000000004
0.0129566013090332,0.48610000000000003
0.01141365934381211,0.4862
0.010148192934368083,0.4863
0.00943435286024319,0.4864
0.009364657139772081,0.48650000000000004
0.009937609159917704,0.48660000000000003
0.010642255617673735,0.4867
0.012006587435609672,0.4868
0.013889582584239557,0.4869
0.016217459830891734,0.48700000000000004
0.01920235287020189,0.48710000000000003
0.022841744020338783,0.4872
0.026995937454658225,0.4873
0.031578363116771424,0.4874
0.036485669350749594,0.48750000000000004
0.041597503271034064,0.48760000000000003
0.04679897512895659,0.4877
0.0520582827509557,0.4878
0.05734458690475375,0.4879
0.06260543326540946,0.48800000000000004
0.06779990714029305,0.48810000000000003
0.07288905330918671,0.4882
0.07783803554744351,0.4883
0.08261640791824343,0.4884
0.08719541673115627,0.48850000000000005
0.09154822560971487,0.48860000000000003
0.09564967966167504,0.4887
0.09947672896089543,0.4888
0.10300839730926248,0.4889
0.10622583474803715,0.48900000000000005
0.10911212524953029,0.48910000000000003
0.11164960382644773,0.4892
0.11381958290379912,0.4893
0.11560894177171821,0.4894
0.11701031207358781,0.48950000000000005
0.1180203026877531,0.48960000000000004
0.11863940208239321,0.4897
0.11886940611279262,0.4898
0.11871347831160473,0.4899
0.11791432479363351,0.49000000000000005
0.11503880034128267,0.49010000000000004
0.11194002824055871,0.4902
0.1086807156034072,0.4903
0.10528735970736502,0.4904
0.10177476731128154,0.49050000000000005
0.09816378293500827,0.49060000000000004
0.0944788804589316,0.4907
0.09074120873308933,0.4908
0.08682483938840169,0.4909
0.08290401616389076,0.49100000000000005
0.07901497636221222,0.49110000000000004
0.07518828064919869,0.4912
0.07145071959867977,0.4913
0.06782798484812835,0.4914
0.06407305746999947,0.49150000000000005
0.06044939130705329,0.49160000000000004
0.056802188568116696,0.4917
0.0532023935345427,0.4918
0.04978831300623221,0.4919
0.0464331561072262,0.49200000000000005
0.043059667270372026,0.49210000000000004
0.03960319809855051,0.4922
0.036271972013076414,0.4923
0.03292941671408167,0.4924
0.029682766039103914,0.49250000000000005
0.026383944865133735,0.49260000000000004
0.023407856362141155,0.4927
0.020822395799147575,0.4928
0.018439505913725007,0.4929
0.01633215080515482,0.49300000000000005
0.01469018059057392,0.49310000000000004
0.01343755614529707,0.4932
0.012406626265296428,0.4933
0.011908701036813962,0.4934
0.012028325844385623,0.49350000000000005
0.012801172725489085,0.49360000000000004
0.013758569565616163,0.4937
0.015078420145216764,0.4938
0.016804206049675363,0.4939
0.019196799659493946,0.49400000000000005
0.022284039354622864,0.49410000000000004
0.025945857150382112,0.49420000000000003
0.030105121313567462,0.4943
0.03466178478253479,0.4944
0.03953231117542,0.49450000000000005
0.04459692486490163,0.49460000000000004
0.049744542787462986,0.49470000000000003
0.054939377244543675,0.4948
0.06014910580728361,0.4949
0.06531843378197999,0.49500000000000005
0.07040561335530604,0.49510000000000004
0.07537043933247067,0.49520000000000003
0.08017795390645532,0.4953
0.0847973956260083,0.4954
0.08920025210143967,0.4955
0.09335982816879673,0.49560000000000004
0.09725142560074562,0.49570000000000003
0.10085245340553661,0.4958
0.10414265261580447,0.4959
0.10710393818446162,0.496
0.10971758673042709,0.49610000000000004
0.1119639288873745,0.49620000000000003
0.11382894848435587,0.4963
0.11530456154967672,0.4964
0.11638688902142302,0.4965
0.11707635762757285,0.49660000000000004
0.11737494460369158,0.49670000000000003
0.11728611694144453,0.4968
0.11681359502474331,0.4969
0.11499736341953204,0.497
0.11193248901797126,0.49710000000000004
0.10868156010762842,0.49720000000000003
0.10529258174528122,0.4973
0.10178663789245179,0.4974
0.09818064778367264,0.4975
0.09449624327112383,0.49760000000000004
0.09071094768570043,0.49770000000000003
0.08677933718601727,0.4978
0.08283478864198246,0.4979
0.07891368581120106,0.498
0.07504701657636936,0.49810000000000004
0.07126235550601467,0.49820000000000003
0.06749815589500585,0.4983
0.06368491385580766,0.4984
0.06000382230669432,0.4985
0.05619778434659306,0.49860000000000004
0.05253419295872419,0.49870000000000003
0.049053390319381274,0.4988
0.04549175726668886,0.4989
0.04199630433411827,0.499
0.03837293716243617,0.49910000000000004
0.03494451112170904,0.49920000000000003
0.03139925937023946,0.4993
0.02791812334048127,0.4994
0.024554383481253605,0.4995
0.021528487252751694,0.49960000000000004
0.018844991584757054,0.49970000000000003
0.01626104798180794,0.4998
0.014091077462666357,0.4999
0.01241522854610766,0.5
0.01091893212875994,0.5001
0.009854675172107363,0.5002
0.009385720850979773,0.5003000000000001
0.00958181461908536,0.5004000000000001
0.010206281044333965,0.5005000000000001
0.011163329350995177,0.5006
0.012797371033372196,0.5007
0.014948171123742693,0.5008
0.017523896345540413,0.5009
0.020728230935732617,0.501
0.02455368137438141,0.5011
0.028859725176406892,0.5012
0.03356082914261638,0.5013000000000001
0.03855524458080306,0.5014000000000001
0.04372334467040706,0.5015000000000001
0.048952086499288505,0.5016
0.054215205635932184,0.5017
0.059486183832670125,0.5018
0.0647146911412575,0.5019
0.06986192244589517,0.502
0.0748904546056538,0.5021
0.07976666505855767,0.5022
0.08446111794737887,0.5023
0.08894589090456873,0.5024000000000001
0.09319492382981898,0.5025000000000001
0.09718383838945976,0.5026
0.10089037304122428,0.5027
0.10429433525963772,0.5028
0.10737762911888593,0.5029
0.11012137913311959,0.503
0.11250570239221824,0.5031
0.11451599723903505,0.5032
0.11614323689709327,0.5033
0.11738221981922414,0.5034000000000001
0.11823182004155008,0.5035000000000001
0.11869251357756949,0.5036
0.11876658860068645,0.5037
0.11845700284437777,0.5038
0.11677137454116215,0.5039
0.11380091455414698,0.504
0.11063335406848362,0.5041
0.10731730333412437,0.5042
0.10387383571403164,0.5043
0.10031960222539837,0.5044000000000001
0.0966760401429142,0.5045000000000001
0.0929696742351993,0.5046
0.08914993168595242,0.5047
0.08522570225145232,0.5048
0.08131153305733785,0.5049
0.07744142479048632,0.505
0.07364449685538399,0.5051
0.06994747230850262,0.5052
0.06626244363907963,0.5053
0.06255566904550136,0.5054000000000001
0.058980537408481526,0.5055000000000001
0.055285205935630355,0.5056
0.05175518835483661,0.5057
0.04842479126488608,0.5058
0.04499613565964733,0.5059
0.04164003677133543,0.506
0.03817593923942386,0.5061
0.0349141378497595,0.5062
0.03154111997691045,0.5063
0.028255456119728795,0.5064000000000001
0.025083406799883967,0.5065000000000001
0.022263540892607958,0.5066
0.019838870020516763,0.5067
0.01748582080587835,0.5068
0.015553606626959038,0.5069
0.014119534340039541,0.507
0.012907233929354334,0.5071
0.012082484362895496,0.5072
0.011831692394997928,0.5073
0.01221746776382271,0.5074000000000001
0.013115058053059458,0.5075000000000001
0.014065869418698806,0.5076
0.015409912494248168,0.5077
0.017432985389221,0.5078
0.020184497825362246,0.5079
0.02355289311731723,0.508
0.027465456862758364,0.5081
0.031823052510313365,0.5082
0.036541302444611734,0.5083
0.04153579349939296,0.5084000000000001
0.046689766491478935,0.5085000000000001
0.05189061459382449,0.5086
0.05710912408377555,0.5087
0.06231717819718641,0.5088
0.06746308900341746,0.5089
0.07250787255840063,0.509
0.077414046937899,0.5091
0.08214839074311908,0.5092
0.08668187624401769,0.5093
0.09098720697981522,0.5094000000000001
0.09503898712086445,0.5095000000000001
0.09881362494102686,0.5096
0.10228964273014252,0.5097
0.10544761781714085,0.5098
0.10826743177172116,0.5099
0.11072797211145402,0.51
0.11281372661170652,0.5101
0.11451502254710233,0.5102
0.11582648031971299,0.5103
0.11674714362701089,0.5104000000000001
0.1172778533311073,0.5105000000000001
0.11742108909016769,0.5106
0.11717974873886816,0.5107
0.11655891533050955,0.5108
0.11380730814100182,0.5109
0.11065650030102692,0.511
0.10734685532869981,0.5111
0.10390992435914448,0.5112
0.10036088342353566,0.5113
0.09671965198325971,0.5114000000000001
0.09300968160632372,0.5115000000000001
0.0891466801627745,0.5116
0.08520583223194211,0.5117
0.08126810160374698,0.5118
0.07736755495623382,0.5119
0.07353355674789741,0.512
0.06979270699632623,0.5121
0.06598454950208354,0.5122
0.06222303089489445,0.5123
0.058506316607976006,0.5124000000000001
0.05475017281318828,0.5125000000000001
0.05115561634620014,0.5126000000000001
0.047692997868247655,0.5127
0.044125226063675305,0.5128
0.04056297180257551,0.5129
0.037023235488651496,0.513
0.03354279480328026,0.5131
0.03009885438702753,0.5132
0.026585340891950082,0.5133
0.02334515398065684,0.5134000000000001
0.020469455987015328,0.5135000000000001
0.01781219078992735,0.5136000000000001
0.015388380231128318,0.5137
0.013410241474313356,0.5138
0.011854396444536786,0.5139
0.010487178277437836,0.514
0.009646185830596066,0.5141
0.009434320981783761,0.5142
0.009902095852222237,0.5143
0.010565152955841484,0.5144000000000001
0.0117828957208439,0.5145000000000001
0.013511780236227011,0.5146000000000001
0.015690118614573256,0.5147
0.018539218183282857,0.5148
0.0220604986982591,0.5149
0.026115898693299,0.515
0.030618710903872026,0.5151
0.03546480625274051,0.5152
0.040570068812912474,0.5153
0.045814168338345285,0.5154
0.05108931546555562,0.5155000000000001
0.05637200714897972,0.5156000000000001
0.061640683988527845,0.5157
0.06684635156517005,0.5158
0.07195317275135582,0.5159
0.07692526700351665,0.516
0.08173095894290472,0.5161
0.08634207552172635,0.5162
0.09073209050602316,0.5163
0.09487596005428289,0.5164
0.0987504095859727,0.5165000000000001
0.10233405188599609,0.5166000000000001
0.10560757400842702,0.5167
0.10855358323944153,0.5168
0.11115391048825796,0.5169
0.11338936654753407,0.517
0.11524626246447067,0.5171
0.11671669626121728,0.5172
0.11779675855828065,0.5173
0.11848655040157219,0.5174
0.11878753805897557,0.5175000000000001
0.11870264862015312,0.5176000000000001
0.11823519215987532,0.5177
0.11556449075366315,0.5178
0.1125020622512205,0.5179
0.10927111239241727,0.518
0.1059031099801706,0.5181
0.10241296897224716,0.5182
0.09882000434204019,0.5183
0.09514676883580975,0.5184
0.0914223512486233,0.5185000000000001
0.08752476463019465,0.5186000000000001
0.08359757064340201,0.5187
0.0796958307543123,0.5188
0.07585132481757917,0.5189
0.07209134462471223,0.519
0.06844174624469979,0.5191
0.06469807547242812,0.5192
0.061044415358180504,0.5193
0.057407274184408275,0.5194
0.05377411951664768,0.5195000000000001
0.05032103747828498,0.5196000000000001
0.04698150218040875,0.5197
0.04356925808122414,0.5198
0.04013400318424476,0.5199
0.03675949642639731,0.52
0.033432864811070884,0.5201
0.030166958780664332,0.5202
0.02683883239328244,0.5203
0.02379796476045648,0.5204
0.021138535199464403,0.5205000000000001
0.018735494130633468,0.5206000000000001
0.016552562373805646,0.5207
0.014822800822375637,0.5208
0.013540067044555348,0.5209
0.012421731960779114,0.521
0.011822283162281177,0.5211
0.011833711217335896,0.5212
0.012497284409850762,0.5213
0.01343227318421425,0.5214
0.01464775136973162,0.5215000000000001
0.016268535030709463,0.5216000000000001
0.0185622955399527,0.5217
0.021562138009633136,0.5218
0.025149638944296004,0.5219
0.029248267488483082,0.522
0.03375776613864723,0.5221
0.038594045872675675,0.5222
0.04363730385449438,0.5223
0.04877597286647117,0.5224
0.053972185006218476,0.5225000000000001
0.0591919409977375,0.5226000000000001
0.06437910364150246,0.5227
0.06949106382197656,0.5228
0.07448698579014135,0.5229
0.07933140919861359,0.523
0.08399314617643405,0.5231
0.08844331457472565,0.5232
0.09265485225845449,0.5233
0.09660267627530617,0.5234
0.10026379796306151,0.5235000000000001
0.1036175638793414,0.5236000000000001
0.10664550529765848,0.5237
0.10932852023375106,0.5238
0.11164654726561196,0.5239
0.1135851382331281,0.524
0.11513574400107918,0.5241
0.11629402738933359,0.5242
0.11705999975503023,0.5243
0.11743527904640916,0.5244
0.11742301105909247,0.5245000000000001
0.11702661037866269,0.5246000000000001
0.11561201564231649,0.5247
0.11258857764157915,0.5248
0.10936661427487204,0.5249
0.10600088563566445,0.525
0.10251499532679176,0.5251
0.09892497726433147,0.5252
0.0952522043278673,0.5253
0.09150846843054605,0.5254
0.08758326646774439,0.5255000000000001
0.0836382719242389,0.5256000000000001
0.07971103923186762,0.5257000000000001
0.07583345525143248,0.5258
0.07203326923564668,0.5259
0.06830847762804104,0.526
0.06447444623414555,0.5261
0.06076453284591188,0.5262
0.05699376889475305,0.5263
0.053297546290405506,0.5264
0.049777036022854215,0.5265000000000001
0.046253631931671535,0.5266000000000001
0.04276296321256012,0.5267000000000001
0.039134608013936534,0.5268
0.03568467279427989,0.5269
0.03215049423060745,0.527
0.028698118832112263,0.5271
0.025276558863116305,0.5272
0.022178034911916722,0.5273
0.019463304292574035,0.5274
0.016830206492388422,0.5275000000000001
0.014571187889888426,0.5276000000000001
0.012792075507505718,0.5277000000000001
0.011289931984517887,0.5278
0.010123855458437747,0.5279
0.00952614016688913,0.528
0.009580211714238729,0.5281
0.01019328943878084,0.5282
0.01101616298281094,0.5283
0.012504358873235866,0.5284
0.014508335655579963,0.5285000000000001
0.01694670919451524,0.5286000000000001
0.0200282934195406,0.5287000000000001
0.023748859933941713,0.5288
0.027968733975486382,0.5289
0.03260201823907094,0.529
0.03754615808159656,0.5291
0.0426811369937008,0.5292
0.04789283399065969,0.5293
0.05315175619648005,0.5294
0.05842882504005664,0.5295
0.06367241024277237,0.5296000000000001
0.06884242198655444,0.5297000000000001
0.07390047917069809,0.5298
0.07881218473433294,0.5299
0.08354745425725596,0.53
0.08807784519727113,0.5301
0.0923768415695072,0.5302
0.09641963794378128,0.5303
0.10018355524115552,0.5304
0.10364799319398998,0.5305
0.10679448120601087,0.5306000000000001
0.10960650143825457,0.5307000000000001
0.11206681546581876,0.5308
0.11415718465584546,0.5309
0.11586495378020456,0.531
0.11718320758124179,0.5311
0.11810896586038733,0.5312
0.11864308194161866,0.5313
0.11878769099154007,0.5314
0.11854629683782869,0.5315
0.11726883593384585,0.5316000000000001
0.11434056665990444,0.5317000000000001
0.1112031757822749,0.5318
0.10791167659736445,0.5319
0.10448969279246301,0.532
0.10095308618852761,0.5321
0.09732303857227087,0.5322
0.09362509550087084,0.5323
0.0898416889020407,0.5324
0.08591946189743771,0.5325
0.08200063852855544,0.5326000000000001
0.0781203342420197,0.5327000000000001
0.07430821446061997,0.5328
0.07059069661353767,0.5329
0.06692920584631601,0.533
0.0631952707271185,0.5331
0.05960195752271291,0.5332
0.055907793292852004,0.5333
0.05234024426344153,0.5334
0.04896669082597249,0.5335
0.04555453917079233,0.5336000000000001
0.042214238500855705,0.5337000000000001
0.03870557281616316,0.5338
0.03542332439618079,0.5339
0.03202716471202849,0.534
0.028741361848409808,0.5341
0.02550837172725018,0.5342
0.022616442655030822,0.5343
0.020125903037844006,0.5344
0.017737625204629515,0.5345
0.015723749528683273,0.5346000000000001
0.014196656476856973,0.5347000000000001
0.012954622319124365,0.5348
0.012038386796317413,0.5349
0.01168179501597022,0.535
0.011956935655151213,0.5351
0.012822001256370452,0.5352
0.01366958057343326,0.5353
0.014907957235587244,0.5354
0.016829623225306234,0.5355
0.01948979240484472,0.5356000000000001
0.022779161632932032,0.5357000000000001
0.02662611091469924,0.5358
0.030931634882829462,0.5359
0.03561100159350561,0.536
0.0405791976989025,0.5361
0.0457191514839117,0.5362
0.05091753699505741,0.5363
0.056143146310398295,0.5364
0.06136631834962414,0.5365
0.0665346205687406,0.5366000000000001
0.07160833878348183,0.5367000000000001
0.07654944093105709,0.5368
0.08132422818550167,0.5369
0.08590323472158146,0.537
0.09025876889646267,0.5371
0.09436505505801185,0.5372
0.09819812013009332,0.5373
0.10173609863927346,0.5374
0.10495920417768956,0.5375
0.10784972377622659,0.5376000000000001
0.11038921799423351,0.5377000000000001
0.11255848182527639,0.5378000000000001
0.11434420838832471,0.5379
0.11573929072722133,0.538
0.11674082672371866,0.5381
0.11734996395847841,0.5382
0.11756896127263305,0.5383
0.11740121389866598,0.5384
0.11685264793147687,0.5385
0.11443601425197225,0.5386000000000001
0.11132641905282714,0.5387000000000001
0.10804632977529438,0.5388000000000001
0.10463296019215507,0.5389
0.10110373203386724,0.539
0.0974778854385776,0.5391
0.09377865665038543,0.5392
0.08996336399962923,0.5393
0.0860275799546052,0.5394
0.0820874132049948,0.5395
0.07817803555155245,0.5396000000000001
0.07432962191826009,0.5397000000000001
0.07056921311699693,0.5398000000000001
0.06680276252212058,0.5399
0.06301833547874158,0.54
0.059342979788636674,0.5401
0.05555894671596895,0.5402
0.051929461800666044,0.5403
0.048487503608368954,0.5404
0.04490891283118259,0.5405
0.04139373374654065,0.5406000000000001
0.03780928240404924,0.5407000000000001
0.03436561670090166,0.5408000000000001
0.030866330171079426,0.5409
0.02737672601018515,0.541
0.02406952976273269,0.5411
0.021112477845623312,0.5412
0.01844881453021907,0.5413
0.015940850969647036,0.5414
0.013860898119792742,0.5415
0.01228336224835802,0.5416000000000001
0.010813439696462535,0.5417000000000001
0.00984696942405594,0.5418000000000001
0.009495062247382613,0.5419
0.009815611187852458,0.542
0.01047616995392997,0.5421
0.011551229222920956,0.5422
0.01330736011579381,0.5423
0.015576029740804742,0.5424
0.018258523458513976,0.5425
0.02155567838473882,0.5426
0.025458522827978447,0.5427000000000001
0.02982665436419163,0.5428000000000001
0.03457530209895454,0.5429
0.039603622200749644,0.543
0.044792498832030514,0.5431
0.05002973910890973,0.5432
0.055291207883995996,0.5433
0.06055200265217131,0.5434
0.06576254855339247,0.5435
0.07088475759454804,0.5436
0.07588171316466075,0.5437000000000001
0.08072020928516055,0.5438000000000001
0.08537117832948893,0.5439
0.08980701044020811,0.544
0.09400193154511716,0.5441
0.0979318505614265,0.5442
0.10157482530001394,0.5443
0.10491103578295347,0.5444
0.10792281687801797,0.5445
0.11059176001330284,0.5446
0.11289846418821503,0.5447000000000001
0.11482882949803852,0.5448000000000001
0.11637432965814443,0.5449
0.11753022536479985,0.545
0.11829579779940491,0.5451
0.11867187219438091,0.5452
0.11866105410646921,0.5453
0.11826660809764067,0.5454
0.11610709917887785,0.5455
0.11308488251487159,0.5456
0.10987988449545782,0.5457000000000001
0.10653292054220964,0.5458000000000001
0.10306217782119953,0.5459
0.09948541037412195,0.546
0.0958244068016163,0.5461
0.09210676451806743,0.5462
0.08824066859591917,0.5463
0.08431251316333066,0.5464
0.08040249008637357,0.5465
0.07654336777437987,0.5466
0.07276328666346188,0.5467000000000001
0.06908854041520451,0.5468000000000001
0.06536221175162027,0.5469
0.06168059291935213,0.547
0.05806258595982605,0.5471
0.054397533843872914,0.5472
0.05090566802135932,0.5473
0.04758557082549042,0.5474
0.044132899885331645,0.5475
0.04071952434927262,0.5476
0.03730082889221542,0.5477000000000001
0.03399202348837127,0.5478000000000001
0.03067519647088557,0.5479
0.027354979195511664,0.548
0.02425211387418358,0.5481
0.02151786170545078,0.5482
0.01909318294088269,0.5483
0.016830112543957387,0.5484
0.015006985897466851,0.5485
0.013687716271342243,0.5486
0.012476254568402512,0.5487000000000001
0.011769560336369445,0.5488000000000001
0.01166627633823758,0.5489
0.01221297836611046,0.549
0.01312092851880342,0.5491
0.014223919415923492,0.5492
0.015730525063973655,0.5493
0.01791592244947915,0.5494
0.020819221282669442,0.5495
0.024323989892676146,0.5496
0.02835445837173678,0.5497000000000001
0.03281020989028338,0.5498000000000001
0.037606627637991163,0.5499
0.04262399105442927,0.55
0.047750302838555525,0.5501
0.052945452190143794,0.5502
0.05817362480541166,0.5503
0.06337777387165533,0.5504
0.06851432210770192,0.5505
0.07354168646276793,0.5506
0.07842377227558883,0.5507000000000001
0.08312883841289087,0.5508000000000001
0.0876275415538379,0.5509000000000001
0.09189241254197722,0.551
0.09589799147130618,0.5511
0.09962092704584757,0.5512
0.10304020821025484,0.5513
0.10613700433980533,0.5514
0.10889183910878208,0.5515
0.11128424871228526,0.5516
0.11329932618991201,0.5517000000000001
0.11492801932252261,0.5518000000000001
0.11616549024259726,0.5519000000000001
0.1170112925276936,0.552
0.11746665097647901,0.5521
0.11753436911673054,0.5522
0.11721755053191896,0.5523
0.11622491031934068,0.5524
0.1132475360568378,0.5525
0.11005881933651263,0.5526
0.1067204263143623,0.5527000000000001
0.1032585188105779,0.5528000000000001
0.09968818269625113,0.5529000000000001
0.09603049280494602,0.553
0.0923101028958534,0.5531
0.08841612399285415,0.5532
0.08447363777585426,0.5533
0.08054183898172507,0.5534
0.07665362068586912,0.5535
0.07283743443364943,0.5536
0.06911944123543268,0.5537000000000001
0.06529744554096639,0.5538000000000001
0.06156228107522577,0.5539000000000001
0.05783311085633969,0.554
0.05410780726083009,0.5541
0.050550661872841296,0.5542
0.047075084489235586,0.5543
0.043546669741922006,0.5544
0.03996841282076824,0.5545
0.03647345908499622,0.5546
0.03298245708150427,0.5547000000000001
0.02956035080100783,0.5548000000000001
0.02607814832806188,0.5549000000000001
0.022903003305652314,0.555
0.020102003233362753,0.5551
0.01746912477486573,0.5552
0.015124001214881888,0.5553
0.013238456084165628,0.5554
0.011720819444656305,0.5555
0.010447665406831064,0.5556
0.009716682534907095,0.5557
0.009623053765701384,0.5558000000000001
0.010210793482414049,0.5559000000000001
0.010902221802971734,0.556
0.012235210092457871,0.5561
0.014080382692596372,0.5562
0.01636796485552483,0.5563
0.019313244603935242,0.5564
0.022915984686111335,0.5565
0.027037842777222654,0.5566
0.03159284615596869,0.5567
0.0364778170386546,0.5568000000000001
0.04157258163468236,0.5569000000000001
0.04676197824212425,0.557
0.05201288552603778,0.5571
0.05729327890388625,0.5572
0.06254999769009684,0.5573
0.06774146014957005,0.5574
0.07282823715240838,0.5575
0.07777515495682275,0.5576
0.08255151877486,0.5577
0.08712839026757346,0.5578000000000001
0.09147877179317065,0.5579000000000001
0.09557735891516139,0.558
0.09940097305904216,0.5581
0.10292854670181961,0.5582
0.10614118320694699,0.5583
0.10902195585118479,0.5584
0.11155320231211896,0.5585
0.11371624423298521,0.5586
0.11549799540096461,0.5587
0.116891149239296,0.5588000000000001
0.11789240107299404,0.5589000000000001
0.11850234669898996,0.559
0.11872288535672249,0.5591
0.11855726407096634,0.5592
0.11779033959556551,0.5593
0.11490770830793007,0.5594
0.1118016257344,0.5595
0.10853558585445022,0.5596
0.1051363793271396,0.5597
0.10161870149555607,0.5598000000000001
0.09800335147864336,0.5599000000000001
0.09431467268119254,0.56
0.09056342150098284,0.5601
0.08664337785924725,0.5602
0.08271967498450039,0.5603
0.0788283235080266,0.5604
0.07499976424043531,0.5605
0.07126076957408223,0.5606
0.0676195957536806,0.5607
0.0638609373774991,0.5608000000000001
0.060236691915265816,0.5609000000000001
0.056566277329893166,0.561
0.05296542376773017,0.5611
0.04955157400852994,0.5612
0.04616680276253882,0.5613
0.04279290410394654,0.5614
0.039305406625064876,0.5615
0.03597512539958769,0.5616
0.03259986159618733,0.5617
0.02932166728347685,0.5618000000000001
0.026027089679980797,0.5619000000000001
0.023060079112009912,0.562
0.020485966580706894,0.5621
0.018075438481779837,0.5622
0.01597754880949731,0.5623
0.014352516323295816,0.5624
0.013078409652442557,0.5625
0.012065207187235139,0.5626
0.01159547945774797,0.5627
0.011750506812038264,0.5628000000000001
0.01256360579722493,0.5629000000000001
0.01349578472632329,0.5630000000000001
0.014855969580592765,0.5631
0.016629243754877843,0.5632
0.019072557613158514,0.5633
0.022209526114092437,0.5634
0.025917899760939944,0.5635
0.030119044865272393,0.5636
0.034712196125556316,0.5637
0.0396135729227185,0.5638000000000001
0.04470306066031804,0.5639000000000001
0.04986967815069221,0.5640000000000001
0.055078839752183306,0.5641
0.06029936109613587,0.5642
0.06547665959506688,0.5643
0.07056969292258641,0.5644
0.07553878501732614,0.5645
0.08034937135298448,0.5646
0.08497098906602063,0.5647
0.08937535375042915,0.5648000000000001
0.09353597138766745,0.5649000000000001
0.09742833168370535,0.5650000000000001
0.1010300075317414,0.5651
0.10432086058346146,0.5652
0.10728287544083925,0.5653
0.1098973651156453,0.5654
0.11214468538480604,0.5655
0.11401084335717904,0.5656
0.11548778389570058,0.5657
0.11657164931827935,0.5658000000000001
0.11726285765223254,0.5659000000000001
0.11756334537539748,0.5660000000000001
0.11747651807309822,0.5661
0.11700603518311614,0.5662
0.11508394200362526,0.5663
0.11201938485687069,0.5664
0.10877079677033696,0.5665
0.10538410910866403,0.5666
0.10187963613053164,0.5667
0.09827460801194876,0.5668000000000001
0.09459079101650325,0.5669000000000001
0.09081654779602388,0.5670000000000001
0.08688599044028367,0.5671
0.08294246240578507,0.5672
0.07902260292746377,0.5673
0.07515750376909547,0.5674
0.07137467763003025,0.5675
0.06763092517702629,0.5676
0.06382014169171424,0.5677
0.060140666727134695,0.5678000000000001
0.05635611728073542,0.5679000000000001
0.05269379344792746,0.5680000000000001
0.04921397720567011,0.5681
0.045681780747852674,0.5682
0.042220233421383035,0.5683
0.03860056049009186,0.5684
0.035199495911251155,0.5685
0.03166028522033559,0.5686
0.028208550057984727,0.5687
0.024841751243424692,0.5688
0.021809457240853147,0.5689000000000001
0.019148376603300488,0.5690000000000001
0.016559815779945142,0.5691
0.014380893006465278,0.5692
0.012693202636133716,0.5693
0.011225336539774977,0.5694
0.010150407650493909,0.5695
0.00965907622319473,0.5696
0.00982534913765476,0.5697
0.010474361392097453,0.5698
0.011402953218662581,0.5699000000000001
0.013000300454946156,0.5700000000000001
0.015109445998634952,0.5701
0.017642722382431142,0.5702
0.020806363118458293,0.5703
0.024594902810530783,0.5704
0.028868922578062506,0.5705
0.03354333326494685,0.5706
0.038516433496226465,0.5707
0.043668568595574,0.5708
0.04888623190889607,0.5709000000000001
0.054141782232907776,0.5710000000000001
0.05940753519701425,0.5711
0.06463251011411075,0.5712
0.06977732192996955,0.5713
0.07480413815233089,0.5714
0.079679026224998,0.5715
0.08437230243382454,0.5716
0.08885585678788999,0.5717
0.09310347946736264,0.5718
0.09709066835600533,0.5719000000000001
0.10079505774423558,0.5720000000000001
0.10419637130336401,0.5721
0.10727645283016818,0.5722
0.11001638459266294,0.5723
0.1123962604976737,0.5724
0.11440148925555438,0.5725
0.11602307966601955,0.5726
0.11725588631056283,0.5727
0.11809886278992521,0.5728
0.11855257462791924,0.5729000000000001
0.11861939712587588,0.5730000000000001
0.11830235870240535,0.5731
0.11666070761511027,0.5732
0.11368459120693186,0.5733
0.11051087491314182,0.5734
0.10718914360053111,0.5735
0.10374083222633534,0.5736
0.10018244952169264,0.5737
0.0965353715066497,0.5738
0.09282595708209462,0.5739000000000001
0.08899400698702353,0.5740000000000001
0.08506676885656972,0.5741
0.08115020291288555,0.5742
0.07727809176256561,0.5743
0.07347945080996421,0.5744
0.06978099991673437,0.5745
0.06607709490400793,0.5746
0.062368675836069976,0.5747
0.058773342847755705,0.5748
0.05507667382840187,0.5749000000000001
0.05154623391593138,0.5750000000000001
0.04821570544659326,0.5751000000000001
0.04475896291570636,0.5752
0.04137395965686119,0.5753
0.03790926626592617,0.5754
0.034618610729186594,0.5755
0.031246917106189098,0.5756
0.027932430089594895,0.5757
0.02476385101433287,0.5758
0.021951256195828828,0.5759000000000001
0.019502676170820576,0.5760000000000001
0.017156479392706148,0.5761000000000001
0.015236609168163051,0.5762
0.01381856544705884,0.5763
0.01258030240946817,0.5764
0.011771112229471692,0.5765
0.011547131364189278,0.5766
0.011966643234410546,0.5767
0.012844946864726925,0.5768
0.01382861917187772,0.5769000000000001
0.015212818891820135,0.5770000000000001
0.017280537516793038,0.5771000000000001
0.020077483520175132,0.5772
0.023489718926926084,0.5773
0.02744273070797365,0.5774
0.031836306286173066,0.5775
0.036585501812662624,0.5776
0.04160570844182754,0.5777
0.046780036097962,0.5778
0.051996167973382024,0.5779000000000001
0.05722607642041,0.5780000000000001
0.06244270508619576,0.5781000000000001
0.06759499649254996,0.5782
0.07264455182228835,0.5783
0.07755432233082327,0.5784
0.08229142294158964,0.5785
0.08682709616092665,0.5786
0.0911342490899667,0.5787
0.09518764250914313,0.5788
0.09896380841445762,0.5789000000000001
0.1024413721923616,0.5790000000000001
0.10560100049222898,0.5791000000000001
0.10842265527312234,0.5792
0.11088528993578572,0.5793
0.11297342988412451,0.5794
0.1146774151554184,0.5795
0.11599185622084285,0.5796
0.11691575986334546,0.5797
0.11744991121271708,0.5798
0.11759672300376223,0.5799000000000001
0.11735902762435202,0.5800000000000001
0.11674185562068307,0.5801000000000001
0.11390179522279831,0.5802
0.11075209886495274,0.5803
0.10744520404748914,0.5804
0.10401090826279402,0.5805
0.10046372568071105,0.5806
0.09682383047762366,0.5807
0.09311477793858502,0.5808
0.08926293739601365,0.5809000000000001
0.08532331894540635,0.5810000000000001
0.08138663126028778,0.5811000000000001
0.07748719875062027,0.5812
0.07365449864375817,0.5813
0.06991508365199461,0.5814
0.0661268415294991,0.5815
0.06236733386058513,0.5816
0.05867199080742003,0.5817
0.05491743942846661,0.5818
0.05132369162683115,0.5819
0.047887425032604014,0.5820000000000001
0.04432108809442559,0.5821000000000001
0.04078539849179319,0.5822
0.03724591903703023,0.5823
0.033792747697069414,0.5824
0.030347595521693638,0.5825
0.026860967799587465,0.5826
0.023617784052250457,0.5827
0.02073562808751106,0.5828
0.018102190090509174,0.5829
0.015673353554712444,0.5830000000000001
0.01368489546715046,0.5831000000000001
0.012150192640221658,0.5832
0.01077303927003248,0.5833
0.009913608811032981,0.5834
0.009676740240063486,0.5835
0.010114572125114352,0.5836
0.010805771240448125,0.5837
0.011993556832989638,0.5838
0.013684833878358837,0.5839
0.015821823464168716,0.5840000000000001
0.018630152059970095,0.5841000000000001
0.022113465140614075,0.5842
0.026135219869787285,0.5843
0.030609319777073374,0.5844
0.035431771678354984,0.5845
0.04051833068858057,0.5846
0.04574853637044152,0.5847
0.05101415323031988,0.5848
0.056290483408653724,0.5849
0.061554951454636075,0.5850000000000001
0.06675797141108075,0.5851000000000001
0.07186316638634815,0.5852
0.07683426284736516,0.5853
0.08163928364372508,0.5854
0.08624981248778085,0.5855
0.09063913435868387,0.5856
0.09478205565085773,0.5857
0.09865518945602758,0.5858
0.1022370758458433,0.5859
0.1055083676289037,0.5860000000000001
0.10845166527264505,0.5861000000000001
0.11104879643898391,0.5862
0.11328056047285029,0.5863
0.11513326297627713,0.5864
0.11659900751554675,0.5865
0.11767391164350882,0.5866
0.11835813410469642,0.5867
0.11865321447575439,0.5868
0.1185621507457727,0.5869
0.11808830572152484,0.5870000000000001
0.11546739892675795,0.5871000000000001
0.11240042800223227,0.5872
0.1091641884302057,0.5873
0.10579120888670246,0.5874
0.10229680240194439,0.5875
0.09870013812191503,0.5876
0.0950237180867407,0.5877
0.09129646736046193,0.5878
0.0873874097126307,0.5879
0.08345727671453806,0.5880000000000001
0.0795530728963113,0.5881000000000001
0.07570635188497166,0.5882000000000001
0.07194429135988811,0.5883
0.06829273608637398,0.5884
0.06453039348946688,0.5885
0.060874336880387014,0.5886
0.05721693513067483,0.5887
0.053581615562047435,0.5888
0.050127278076433246,0.5889
0.04676214982159954,0.5890000000000001
0.043348037743776935,0.5891000000000001
0.03988613260524798,0.5892000000000001
0.036510755793890404,0.5893
0.03315589494442639,0.5894
0.029887157546886867,0.5895
0.026534355272717747,0.5896
0.023496491062297675,0.5897
0.020843743639935353,0.5898
0.018416665426382206,0.5899
0.016239662738652738,0.5900000000000001
0.014521641851716671,0.5901000000000001
0.013219595346410262,0.5902000000000001
0.01211332260398712,0.5903
0.011534256912932639,0.5904
0.01157235475309859,0.5905
0.01226729134668525,0.5906
0.013178817385318675,0.5907
0.014426186290017906,0.5908
0.016085623649559233,0.5909
0.01842156023548336,0.5910000000000001
0.021463407647398958,0.5911000000000001
0.025090727124763568,0.5912000000000001
0.029225575850642782,0.5913
0.03376697738337153,0.5914
0.038630549305800566,0.5915
0.04369611599995804,0.5916
0.04885213061506,0.5917
0.05406173063670727,0.5918
0.05929187808712677,0.5919
0.06448703235085873,0.5920000000000001
0.0696051930653232,0.5921000000000001
0.07460600120272332,0.5922000000000001
0.07945437523301802,0.5923
0.08411943149302126,0.5924
0.08857251970078228,0.5925
0.09278676245046813,0.5926
0.09673722632580828,0.5927
0.10040103898141584,0.5928
0.10375762675643829,0.5929
0.10678856408651183,0.5930000000000001
0.1094747694562519,0.5931000000000001
0.11179619268873309,0.5932000000000001
0.11373839125089213,0.5933
0.11529282356763693,0.5934
0.1164551546629411,0.5935
0.11722537584569548,0.5936
0.11760506144570093,0.5937
0.11759729778899786,0.5938
0.11720544001892041,0.5939
0.1157117664150592,0.5940000000000001
0.1126903026691799,0.5941000000000001
0.10947165552217764,0.5942000000000001
0.10610900089160324,0.5943
0.10262534986874183,0.5944
0.09903696728483657,0.5945
0.09536532188466151,0.5946
0.09163299380620404,0.5947
0.08770908357415275,0.5948
0.08376506008824036,0.5949
0.0798387357020447,0.595
0.07596211969142608,0.5951000000000001
0.07216293509258176,0.5952000000000001
0.06845754045281971,0.5953
0.06462502544079696,0.5954
0.06091582082112634,0.5955
0.05716662452966381,0.5956
0.05347146614550313,0.5957
0.04995103403124901,0.5958
0.04645402375342278,0.5959
0.04296381932209248,0.596
0.0393619163426997,0.5961000000000001
0.03591097620473205,0.5962000000000001
0.03240378108962161,0.5963
0.028977083366150014,0.5964
0.025551783306230202,0.5965
0.02244583863860372,0.5966
0.01972229945771642,0.5967
0.017113589549182295,0.5968
0.014848546269822904,0.5969
0.013057236629257174,0.597
0.01157627807353867,0.5971000000000001
0.010398020370577798,0.5972000000000001
0.009778308224333232,0.5973
0.009803824478600287,0.5974
0.010437226766888186,0.5975
0.01123259990683878,0.5976
0.012685313388640207,0.5977
0.014648656694415063,0.5978
0.01704520769929463,0.5979
0.02008643162194268,0.598
0.023770189351062232,0.5981000000000001
0.027957953952292725,0.5982000000000001
0.03256430977622138,0.5983
0.03748680735102328,0.5984
0.04260552354527869,0.5985
0.04780601089468606,0.5986
0.05305747791206272,0.5987
0.05832970259710746,0.5988
0.06357038305892526,0.5989
0.06873879986057208,0.599
0.07379612659534318,0.5991000000000001
0.07870764992907797,0.5992000000000001
0.08344305319520362,0.5993
0.08797372134321835,0.5994
0.0922729853175831,0.5995
0.09631589352971515,0.5996
0.10007963553314092,0.5997
0.10354350993101724,0.5998
0.1066889571314763,0.5999
0.10949666497249266,0.6
0.11194632338137722,0.6001000000000001
0.11402291719207391,0.6002000000000001
0.1157170232901571,0.6003000000000001
0.11702310032480157,0.6004
0.11793977170117909,0.6005
0.1184673308017512,0.6006
0.11860790164407231,0.6007
0.11836425195595779,0.6008
0.11720328505713806,0.6009
0.1142705312385609,0.601
0.11112613830861984,0.6011000000000001
0.10782776386640214,0.6012000000000001
0.10439989092214585,0.6013000000000001
0.10085797396857943,0.6014
0.0972230821720198,0.6015
0.09352049046767696,0.6016
0.0897206954325418,0.6017
0.0857934723563828,0.6018
0.08187035892881955,0.6019
0.07798628246792771,0.602
0.07417082790869911,0.6021000000000001
0.0704503810085455,0.6022000000000001
0.0667677045612981,0.6023000000000001
0.06303105929869035,0.6024
0.05943572385415008,0.6025
0.055719727474015324,0.6026
0.05214949044676098,0.6027
0.048774238693754635,0.6028
0.04533704436672781,0.6029
0.04197299609007521,0.603
0.0384643552637296,0.6031000000000001
0.035184689018793014,0.6032000000000001
0.03176517189344241,0.6033000000000001
0.028456345984144926,0.6034
0.02522680496937979,0.6035
0.02234166317336972,0.6036
0.019859220483001705,0.6037
0.0174478446444728,0.6038
0.015439413064433971,0.6039
0.013923649328791088,0.604
0.012662498898597052,0.6041000000000001
0.01175814234973882,0.6042000000000001
0.011422219822308621,0.6043000000000001
0.011723861916797196,0.6044
0.012572641614577718,0.6045
0.01362568666247821,0.6046
0.015136451452221644,0.6047
0.017062974479166826,0.6048
0.01965210866434486,0.6049
0.0229213943657689,0.605
0.02674505357036394,0.6051000000000001
0.03104294623066317,0.6052000000000001
0.03571393815392199,0.6053000000000001
0.04067454595159026,0.6054
0.04580462383911099,0.6055
0.05099404765758764,0.6056
0.05621156027178853,0.6057
0.06142876194441449,0.6058
0.06659258106458465,0.6059
0.0716634544685597,0.606
0.07660278547541222,0.6061000000000001
0.08137683395540352,0.6062000000000001
0.08595579492470029,0.6063000000000001
0.09031192174474456,0.6064
0.0944192396320872,0.6065
0.0982537817437108,0.6066
0.10179368013233292,0.6067
0.10501933645660166,0.6068
0.10791323519264784,0.6069
0.11045715722245597,0.607
0.11263191190667188,0.6071000000000001
0.11442395584366039,0.6072000000000001
0.11582567060269244,0.6073000000000001
0.11683358120562048,0.6074
0.11744840630489128,0.6075
0.11767231912016662,0.6076
0.1175089506748006,0.6077
0.11696463779716848,0.6078
0.11452574750601574,0.6079
0.11141816009532579,0.608
0.10814141263341659,0.6081
0.10473211132238291,0.6082000000000001
0.10120706420160597,0.6083000000000001
0.097585123896749,0.6084
0.09388924129390241,0.6085
0.09008259538529573,0.6086
0.08614918790589332,0.6087
0.0822106283228431,0.6088
0.07830225976407879,0.6089
0.07445438358443168,0.609
0.07069412013416998,0.6091
0.06693866144800309,0.6092000000000001
0.06315441435549396,0.6093000000000001
0.0594917203952241,0.6094
0.0557086269359468,0.6095
0.05208016876804433,0.6096
0.04863979061150481,0.6097
0.045084644502613624,0.6098
0.04159603458132133,0.6099
0.038015583703011835,0.61
0.03460057092961066,0.6101
0.031103532812037926,0.6102000000000001
0.027642902449030116,0.6103000000000001
0.024335257743063554,0.6104
0.021374072511929132,0.6105
0.018734843104609933,0.6106
0.016223070845875487,0.6107
0.014134317490173132,0.6108
0.012545864243212579,0.6109
0.011101452665682965,0.611
0.01012389099655775,0.6111
0.009749525209194365,0.6112000000000001
0.010040581496635781,0.6113000000000001
0.010721828436117242,0.6114
0.01176837742358483,0.6115
0.013488271788857142,0.6116
0.01571618923850515,0.6117
0.01835733179869936,0.6118
0.021614917117304122,0.6119
0.025481862282596968,0.612
0.029818759179331522,0.6121
0.03454120564829033,0.6122000000000001
0.039548374330754976,0.6123000000000001
0.04472112852348675,0.6124
0.049946883248506824,0.6125
0.05520027692552887,0.6126
0.060455343972202646,0.6127
0.0656618927256647,0.6128
0.07078127741026685,0.6129
0.07577618845715206,0.613
0.08061313510065804,0.6131
0.08526283895264142,0.6132000000000001
0.08969754729118928,0.6133000000000001
0.09389138424129606,0.6134000000000001
0.09782017871577287,0.6135
0.10146191547589467,0.6136
0.10479670182863621,0.6137
0.10780680064565717,0.6138
0.11047373340267275,0.6139
0.11277803933529518,0.614
0.11470558410542009,0.6141
0.11624783400017369,0.6142000000000001
0.11740007261925756,0.6143000000000001
0.11816163823516124,0.6144000000000001
0.1185334370273573,0.6145
0.11851816441515739,0.6146
0.1181191668349455,0.6147
0.11601790279093938,0.6148
0.11299447972143839,0.6149
0.10978739495234213,0.615
0.10643857090769604,0.6151
0.10296658407252512,0.6152000000000001
0.0993889753910876,0.6153000000000001
0.09572742464827788,0.6154000000000001
0.09200930364385451,0.6155
0.08813381295243583,0.6156
0.08420456158600542,0.6157
0.08029358151704757,0.6158
0.07643344580553058,0.6159
0.07265222623455436,0.616
0.06897625089208903,0.6161
0.06523237776129975,0.6162000000000001
0.06154900470943958,0.6163000000000001
0.05791180080506586,0.6164000000000001
0.05424517113042637,0.6165
0.0507523887982162,0.6166
0.047408091200414004,0.6167
0.04395383762959759,0.6168
0.04051570705721175,0.6169
0.037096421700945736,0.617
0.03376229771935768,0.6171
0.030446300081667932,0.6172000000000001
0.027101636421052122,0.6173000000000001
0.024001458001907672,0.6174000000000001
0.021273033048857748,0.6175
0.01882830554986037,0.6176
0.016570340182482823,0.6177
0.014756876607447733,0.6178
0.013421553933046892,0.6179
0.012219910684100777,0.618
0.01152960641340095,0.6181
0.01144780745385221,0.6182000000000001
0.012019924573702268,0.6183000000000001
0.012908454499718447,0.6184000000000001
0.014037274943314637,0.6185
0.015575390616262563,0.6186
0.017795356464217038,0.6187
0.020733179135295154,0.6188
0.02427067356081891,0.6189
0.028330836006842608,0.619
0.03281260517366902,0.6191
0.0376310898853609,0.6192000000000001
0.042666241111287695,0.6193000000000001
0.04780607933160841,0.6194000000000001
0.05301135718437955,0.6195
0.058247091200205325,0.6196
0.06345675862753652,0.6197
0.06859731631309174,0.6198
0.07362760217390352,0.6199
0.07851185915260805,0.62
0.08321861953782428,0.6201
0.08771875050080202,0.6202000000000001
0.0919849511201486,0.6203000000000001
0.09599189782857942,0.6204000000000001
0.09971634644446592,0.6205
0.1031373619706335,0.6206
0.10623615904388473,0.6207
0.10899328835796773,0.6208
0.11138830547772705,0.6209
0.11340631472942098,0.621
0.11503827383074128,0.6211
0.11627934870829282,0.6212
0.11712907650545112,0.6213000000000001
0.11758864546825709,0.6214000000000001
0.11766080870392492,0.6215
0.11734861902776006,0.6216
0.11631137917519752,0.6217
0.11333757767187336,0.6218
0.11015305415762955,0.6219
0.10681852026809269,0.622
0.1033597888762684,0.6221
0.09979208835577247,0.6222
0.09613655518704056,0.6223000000000001
0.09241800307639492,0.6224000000000001
0.08853315858973443,0.6225
0.0845926600179222,0.6226
0.08066244603591621,0.6227
0.07677558643711224,0.6228
0.07296061685029087,0.6229
0.06924370070459529,0.623
0.06543700727628643,0.6231
0.06170320926521,0.6232
0.05799037968465792,0.6233000000000001
0.05426609789621706,0.6234000000000001
0.050709189883190176,0.6235
0.047254405000416666,0.6236
0.0437268052579467,0.6237
0.04017036703997423,0.6238
0.03667543228066661,0.6239
0.033207826449672906,0.624
0.0298088637672691,0.6241
0.026324909097618532,0.6242
0.023144861789680116,0.6243000000000001
0.020337570709803687,0.6244000000000001
0.017727355741300688,0.6245
0.015377787719610625,0.6246
0.013482417218554588,0.6247
0.011984298299269724,0.6248
0.010700960734616682,0.6249
0.009951435645342288,0.625
0.009833270333604593,0.6251
0.010392305571289118,0.6252
0.011108786493376321,0.6253000000000001
0.01241326979159818,0.6254000000000001
0.014223336066701231,0.6255000000000001
0.01647281133602707,0.6256
0.019380798332885307,0.6257
0.022948943774732333,0.6258
0.027040181859400603,0.6259
0.031569024328541584,0.626
0.03643237709130642,0.6261
0.04151028083605657,0.6262
0.0466874279808962,0.6263000000000001
0.05192961410789687,0.6264000000000001
0.05720382988603556,0.6265000000000001
0.06245633152744556,0.6266
0.06764496630309369,0.6267
0.07272988903230104,0.6268
0.07767562095114755,0.6269
0.08245123540868093,0.627
0.08702761759106259,0.6271
0.09137761470595862,0.6272
0.09547577993373224,0.6273000000000001
0.09929881531795814,0.6274000000000001
0.10282557249042645,0.6275000000000001
0.10603711816643036,0.6276
0.10891652013373132,0.6277
0.1114461150395768,0.6278
0.11360721298259291,0.6279
0.11538671526480437,0.628
0.11677730977193823,0.6281
0.11777570534814241,0.6282
0.11838253973591939,0.6283000000000001
0.11859976844010223,0.6284000000000001
0.11843069223102842,0.6285000000000001
0.11772272371627135,0.6286
0.11483750457282538,0.6287
0.1117278119832581,0.6288
0.10845833092505153,0.6289
0.10505629160444674,0.629
0.10153621404052282,0.6291
0.09791882305991151,0.6292
0.09422826714066956,0.6293000000000001
0.09046781535835835,0.6294000000000001
0.08654555444252265,0.6295000000000001
0.08261985348050394,0.6296
0.0787265612357878,0.6297
0.07489604932136129,0.6298
0.07115509335337078,0.6299
0.0674983331700919,0.63
0.06373731819300399,0.6301
0.06011126935754363,0.6302
0.056423363603799626,0.6303000000000001
0.05282021160370065,0.6304000000000001
0.04940477621358341,0.6305000000000001
0.04599820019027878,0.6306
0.04262235360252897,0.6307
0.039112612311892336,0.6308
0.035781312067873605,0.6309
0.03238258916021364,0.631
0.02908147952640605,0.6311
0.0257877877082755,0.6312
0.022824631091528325,0.6313000000000001
0.020255576098073602,0.6314000000000001
0.017823702038388234,0.6315000000000001
0.01572920701338054,0.6316
0.014112553852965615,0.6317
0.012821200173658953,0.6318
0.01181689954766707,0.6319
0.011363270620336596,0.632
0.011539412458322351,0.6321
0.01235596069277034,0.6322
0.013289957709224476,0.6323000000000001
0.014676005360775957,0.6324000000000001
0.016479832785609272,0.6325000000000001
0.018955759126245697,0.6326
0.022124977606480467,0.6327
0.0258636799544123,0.6328
0.030092217648715502,0.6329
0.03470929527544375,0.633
0.03963091891416015,0.6331
0.04473676158691364,0.6332
0.04991594812891309,0.6333000000000001
0.05513473236016542,0.6334000000000001
0.06036272066617787,0.6335000000000001
0.0655458273611893,0.6336
0.07064349220408239,0.6337
0.07561639685342614,0.6338
0.08043023970206775,0.6339
0.0850547556022232,0.634
0.08946180984924523,0.6341
0.09362503959001167,0.6342
0.09752005621376358,0.6343
0.10112453793370146,0.6344000000000001
0.10441842285219827,0.6345000000000001
0.10738373809120139,0.6346
0.11000181646354523,0.6347
0.11225302234219725,0.6348
0.11412336040112159,0.6349
0.1156047661827776,0.635
0.11669336082729442,0.6351
0.11738952020395643,0.6352
0.11769512336720256,0.6353
0.11761351382570484,0.6354000000000001
0.11714829761266277,0.6355000000000001
0.1151780239259903,0.6356
0.11211628921921413,0.6357
0.10887118398821927,0.6358
0.10548763800992933,0.6359
0.10198559557230136,0.636
0.09838244238445581,0.6361
0.09470001552978613,0.6362
0.0909353564112394,0.6363
0.0870062029710108,0.6364000000000001
0.08306367099542955,0.6365000000000001
0.07914460356574138,0.6366
0.07528019041114231,0.6367
0.07149792392450782,0.6368
0.06776978777794307,0.6369
0.06395982127104427,0.637
0.06028036612040333,0.6371
0.05651322337504028,0.6372
0.052851253525934894,0.6373
0.04937088037408466,0.6374000000000001
0.04586046387592524,0.6375000000000001
0.04241400108112403,0.6376000000000001
0.0388006801229015,0.6377
0.03539732115721894,0.6378
0.03188125723296098,0.6379
0.028452236543443643,0.638
0.025082094260364673,0.6381
0.02204299302616297,0.6382
0.01939411897113108,0.6383
0.016804835953466712,0.6384000000000001
0.014616872928548075,0.6385000000000001
0.01291694514894104,0.6386000000000001
0.011469607295101047,0.6387
0.01038314445577937,0.6388
0.009870953086896339,0.6389
0.010010424736862644,0.639
0.010677304325432457,0.6391
0.011580133626032163,0.6392
0.013145019411261227,0.6393
0.015217691800449407,0.6394000000000001
0.01771393775862351,0.6395000000000001
0.020842166853030086,0.6396000000000001
0.024598621546521482,0.6397
0.02884478341724228,0.6398
0.03349590443345174,0.6399
0.038450318003749206,0.64
0.043588406454073914,0.6401
0.048796367482745184,0.6402
0.05404546808412536,0.6403
0.05930707723619344,0.6404000000000001
0.06452966460979359,0.6405000000000001
0.06967331564330792,0.6406000000000001
0.07469980283255895,0.6407
0.07957489536058149,0.6408
0.0842686873287729,0.6409
0.08875291745944991,0.641
0.09300126436713096,0.6411
0.09698913240279139,0.6412
0.10069406986542695,0.6413
0.10409572333495998,0.6414000000000001
0.1071758737713826,0.6415000000000001
0.10991555261366581,0.6416000000000001
0.1122948156790039,0.6417
0.11429905644686145,0.6418
0.11591928674632201,0.6419
0.11715038246712095,0.642
0.11799134121987465,0.6421
0.11844278520128715,0.6422
0.11850714753824354,0.6423
0.11818750286989144,0.6424000000000001
0.11660300601321416,0.6425000000000001
0.11362480100085648,0.6426000000000001
0.11044791076464178,0.6427
0.10712305848761905,0.6428
0.10367210840402363,0.6429
0.1001114128125501,0.643
0.09646229076426505,0.6431
0.09275092366372795,0.6432
0.08891078605521263,0.6433
0.08498121465603681,0.6434000000000001
0.08106244442456667,0.6435000000000001
0.07718812141555831,0.6436000000000001
0.07338721309244645,0.6437
0.06968645912500415,0.6438
0.06596833374517097,0.6439
0.06225727975201589,0.644
0.05864675759422666,0.6441
0.05494758409332823,0.6442
0.05141510719124942,0.6443
0.048082589931437436,0.6444000000000001
0.044605411456766664,0.6445000000000001
0.04119962305313818,0.6446000000000001
0.03773273935134114,0.6447
0.03442121137800869,0.6448
0.031048479142880225,0.6449
0.027712820493776436,0.645
0.0245443739714144,0.6451
0.021734275432881534,0.6452
0.019266959651795146,0.6453
0.016922641893125867,0.6454000000000001
0.015008288934307501,0.6455000000000001
0.013598224005590298,0.6456000000000001
0.0123393906791327,0.6457
0.011537860485165918,0.6458
0.011329502802199354,0.6459
0.01176963204296011,0.646
0.01263195450109622,0.6461
0.013635763823454106,0.6462
0.015045493318878167,0.6463
0.01714223550093208,0.6464000000000001
0.019969116321484792,0.6465000000000001
0.023410513850204318,0.6466000000000001
0.027390632661091763,0.6467
0.031808491018480156,0.6468
0.036578738673015865,0.6469
0.04161662278795619,0.647
0.04680516479526964,0.6471
0.0520322485449527,0.6472
0.057270652115130494,0.6473
0.062494043288476187,0.6474000000000001
0.06765179853855996,0.6475000000000001
0.07270591903117751,0.6476000000000001
0.07761965071071886,0.6477
0.0823603351452239,0.6478
0.08689939529494106,0.6479
0.09120987269795855,0.648
0.09526663007992886,0.6481
0.09904627804215482,0.6482
0.10252750483112782,0.6483
0.10569105598539696,0.6484
0.10851972587033065,0.6485000000000001
0.11099556042623171,0.6486000000000001
0.11309980852293255,0.6487
0.1148195692444629,0.6488
0.11614809759373901,0.6489
0.11708279383525588,0.649
0.11762503421345583,0.6491
0.1177772608386457,0.6492
0.11754304490070089,0.6493
0.1169054440161299,0.6494
0.11398228521916065,0.6495000000000001
0.11083672484436469,0.6496000000000001
0.10753543577659341,0.6497
0.10410633994891172,0.6498
0.10056346434426122,0.6499
0.09692724249740903,0.65
0.09322131242355736,0.6501
0.0893855013859729,0.6502
0.08544894944894543,0.6503
0.08151451909756025,0.6504
0.07761680136596372,0.6505000000000001
0.07378541099246316,0.6506000000000001
0.07004691463521162,0.6507000000000001
0.06627894862331685,0.6508
0.06252014610867318,0.6509
0.05884475683978474,0.651
0.055090306407027834,0.6511
0.05149587057180227,0.6512
0.048081894325754604,0.6513
0.04451473907634851,0.6514
0.04099931410246738,0.6515000000000001
0.03745663027561208,0.6516000000000001
0.03402198863073269,0.6517000000000001
0.03057129400330383,0.6518
0.027101577913230646,0.6519
0.023851004070770232,0.652
0.020958630679619006,0.6521
0.01833953178297021,0.6522
0.01590222901730498,0.6523
0.013901294781858642,0.6524
0.012380093863277208,0.6525000000000001
0.010990910851446989,0.6526000000000001
0.010112572037852097,0.6527000000000001
0.009851501978869859,0.6528
0.010261217104075238,0.6529
0.010971252219454497,0.653
0.01213102512346187,0.6531
0.01378855574525173,0.6532
0.01588929279197271,0.6533
0.018662372904745483,0.6534
0.022113250082187008,0.6535000000000001
0.026106573766062402,0.6536000000000001
0.030556693879499885,0.6537000000000001
0.03535967145235097,0.6538
0.04043109634376463,0.6539
0.04565035618996971,0.654
0.05090881420794213,0.6541
0.0561807595782593,0.6542
0.061442777185116926,0.6543
0.06664481591368343,0.6544
0.07175008486220424,0.6545000000000001
0.0767220188248221,0.6546000000000001
0.08152841638349939,0.6547000000000001
0.08614067214042553,0.6548
0.09053191184711529,0.6549
0.09467680052076888,0.655
0.09855182945162222,0.6551
0.10213544278926501,0.6552
0.10540822759520185,0.6553
0.10835274462459976,0.6554
0.11095079236748939,0.6555000000000001
0.11318314369975924,0.6556000000000001
0.11503609094489264,0.6557000000000001
0.11650173976393752,0.6558
0.11757623129176842,0.6559
0.11825977374858598,0.656
0.11855396653679007,0.6561
0.11846186025594974,0.6562
0.11798684886879729,0.6563
0.11542346717914975,0.6564
0.11235531155227496,0.6565000000000001
0.10911666071568893,0.6566000000000001
0.10574116407622625,0.6567000000000001
0.10224455236634189,0.6568
0.09864583787119907,0.6569
0.09496747824671181,0.657
0.0912382458201001,0.6571
0.0873222025490139,0.6572
0.08338965592604153,0.6573
0.07948308355098932,0.6574
0.0756339391040397,0.6575000000000001
0.07186936562213608,0.6576000000000001
0.0682152327049379,0.6577000000000001
0.06444088699198247,0.6578
0.06078244025852131,0.6579
0.05711346023018571,0.658
0.05347567519752361,0.6581
0.050018154246147084,0.6582
0.04663270699553568,0.6583
0.043212838309066415,0.6584
0.03972685485560623,0.6585000000000001
0.03634707131049186,0.6586000000000001
0.03296845995423192,0.6587000000000001
0.029678016298488208,0.6588
0.02632434051645216,0.6589
0.023288044138639163,0.659
0.020637750482361383,0.6591
0.018191612115060263,0.6592
0.016015262959395926,0.6593
0.01430168890417427,0.6594
0.012982277998948133,0.6595000000000001
0.011880821384069984,0.6596000000000001
0.011312642741802437,0.6597000000000001
0.011366209050748255,0.6598
0.01208004542664276,0.6599
0.012971144394593015,0.66
0.014237816390357372,0.6601
0.015921751238924253,0.6602
0.018285190757798997,0.6603
0.021354944644950802,0.6604
0.025009101681146007,0.6605000000000001
0.029168621517949633,0.6606000000000001
0.033731932985180846,0.6607000000000001
0.038614404692867366,0.6608
0.04369561042007364,0.6609
0.04886405106110758,0.661
0.05408358618602316,0.6611
0.05932186738368639,0.6612
0.06452378605789266,0.6613
0.0696477676598437,0.6614
0.07465377264684192,0.6615
0.07950695602339564,0.6616000000000001
0.08417661176485491,0.6617000000000001
0.0886342214320176,0.6618
0.09285301875209984,0.6619
0.09680816779158463,0.662
0.10047687322063747,0.6621
0.1038386072487989,0.6622
0.10687495636056832,0.6623
0.10956683103947662,0.6624
0.11189416818867759,0.6625
0.11384251197464557,0.6626000000000001
0.11540331159939332,0.6627000000000001
0.11657221901556958,0.6628000000000001
0.1173491937762936,0.6629
0.11773575800554648,0.663
0.11773493160145387,0.6631
0.11735000243933946,0.6632
0.11581377287812566,0.6633
0.11279561140835925,0.6634
0.10958069731698761,0.6635
0.10622128424846167,0.6636000000000001
0.10274004030839623,0.6637000000000001
0.09915337700858173,0.6638000000000001
0.095482843101521,0.6639
0.09175447889263333,0.664
0.08783829837319257,0.6641
0.08389488816362378,0.6642
0.07996870951869017,0.6643
0.07609199304422054,0.6644
0.07229254474278068,0.6645
0.06859619268178718,0.6646000000000001
0.06477100350054543,0.6647000000000001
0.06106099533139231,0.6648000000000001
0.05732877241494272,0.6649
0.05363182076921391,0.665
0.05010909910068473,0.6651
0.04663572156127205,0.6652
0.04314632977459465,0.6653
0.039573298473720264,0.6654
0.03612155949500817,0.6655
0.03264189043479471,0.6656000000000001
0.029238513615601258,0.6657000000000001
0.02580645586963426,0.6658000000000001
0.022689906892126244,0.6659
0.019954318445522423,0.666
0.01736212827505068,0.6661
0.015087430523951229,0.6662
0.013281140318894602,0.6663
0.011813962084785246,0.6664
0.01062083373788636,0.6665
0.00997785878587476,0.6666000000000001
0.00997450687463508,0.6667000000000001
0.010621436798015749,0.6668000000000001
0.011388931853755224,0.6669
0.012807315832800148,0.667
0.014732409356346565,0.6671
0.017090182113074226,0.6672
0.02009432509659681,0.6673
0.023744440788302068,0.6674
0.027902976281859004,0.6675
0.03248495783207317,0.6676000000000001
0.03738805928224531,0.6677000000000001
0.042492449530910914,0.6678000000000001
0.04768337227258934,0.6679
0.052928856107902655,0.668
0.05819765043017133,0.6681
0.06343685938600796,0.6682
0.06860521852254864,0.6683
0.07366352326775871,0.6684
0.07857679286636232,0.6685
0.08331451102613607,0.6686000000000001
0.08784790806466958,0.6687000000000001
0.09215017045371776,0.6688000000000001
0.09619620380272864,0.6689
0.09996306679592637,0.669
0.10342995496142582,0.6691
0.10657823909393427,0.6692
0.1093885579192575,0.6693
0.11184056099774309,0.6694
0.11391920527198585,0.6695
0.11561505074163192,0.6696000000000001
0.11692255669289808,0.6697000000000001
0.11784037261023839,0.6698000000000001
0.11836883293284428,0.6699
0.11851010341323798,0.67
0.11826698009616543,0.6701
0.11716492297045022,0.6702
0.1142313336611872,0.6703
0.11108493362482219,0.6704
0.10778452415901274,0.6705
0.10435501083605436,0.6706000000000001
0.10081168294509768,0.6707000000000001
0.09717553851556215,0.6708000000000001
0.09347166286165909,0.6709
0.08966673720300655,0.671
0.08573781619769627,0.6711
0.08181292732886758,0.6712
0.07792693564456477,0.6713
0.0741094210822093,0.6714
0.07038679032924522,0.6715
0.06669406655788002,0.6716000000000001
0.06295489134019427,0.6717000000000001
0.059357197484908975,0.6718000000000001
0.055629688330769866,0.6719
0.05205643932962434,0.672
0.04867835532430731,0.6721
0.045225430867600336,0.6722
0.04184486243583696,0.6723
0.03833282736366095,0.6724
0.0350385552041903,0.6725
0.03161270390173354,0.6726000000000001
0.028284673189925336,0.6727000000000001
0.025052662607030207,0.6728000000000001
0.022166789608194515,0.6729
0.01967774063457317,0.673
0.017252459714678814,0.6731
0.015243802041165155,0.6732
0.013731122798384954,0.6733
0.012451717846204025,0.6734
0.011550646995329261,0.6735
0.01122409257254997,0.6736000000000001
0.011539195745840614,0.6737000000000001
0.012372307359564738,0.6738000000000001
0.013438646527026643,0.6739
0.014967558158578198,0.674
0.01691576817681062,0.6741
0.01952810353142187,0.6742
0.022820590172191846,0.6743
0.026666218971225675,0.6744
0.030984099472562976,0.6745
0.03567268608835006,0.6746
0.040648323695158695,0.6747000000000001
0.04579074524008875,0.6748000000000001
0.050989950868108425,0.6749
0.056215332896043746,0.675
0.06143908654266983,0.6751
0.06660850066822432,0.6752
0.0716843516218072,0.6753
0.07662829424669138,0.6754
0.08140677993047685,0.6755
0.08599015495919349,0.6756
0.09035078773196581,0.6757000000000001
0.09446279599267393,0.6758000000000001
0.09830228769386573,0.6759000000000001
0.1018474516788912,0.676
0.10507872581130773,0.6761
0.10797861006438347,0.6762
0.11052888713220643,0.6763
0.112710357994528,0.6764
0.1145094550464526,0.6765
0.11591852292778115,0.6766
0.11693403739025665,0.6767000000000001
0.11755665360787093,0.6768000000000001
0.11778847548064253,0.6769000000000001
0.11763306739404511,0.677
0.11709671183263193,0.6771
0.11463103107707151,0.6772
0.1115274478316437,0.6773
0.1082547958313832,0.6774
0.10484907729207793,0.6775
0.10132687490695458,0.6776
0.09770714046184237,0.6777000000000001
0.09401287277317905,0.6778000000000001
0.09021651294154764,0.6779000000000001
0.0862845288889399,0.678
0.08234674430753464,0.6781
0.07843872857847534,0.6782
0.07459090536605262,0.6783
0.07083039773139377,0.6784
0.06709050240439862,0.6785
0.06330615130239936,0.6786
0.05965779113142977,0.6787000000000001
0.055876258081264174,0.6788000000000001
0.052246216863075956,0.6789000000000001
0.04880374730261905,0.679
0.045270370817426686,0.6791
0.04180354497271899,0.6792
0.038220753002047525,0.6793
0.03482609132067527,0.6794
0.03132478884996126,0.6795
0.027883450055051995,0.6796
0.02456965476920403,0.6797000000000001
0.021599256912111953,0.6798000000000001
0.01897501813725433,0.6799000000000001
0.01645455314234323,0.68
0.01435273167765172,0.6801
0.01274836106130306,0.6802
0.011322176616767488,0.6803
0.010329569202008004,0.6804
0.009930528892603485,0.6805
0.010191356947601315,0.6806
0.010886534958483907,0.6807000000000001
0.01190439932746945,0.6808000000000001
0.013410662796220052,0.6809000000000001
0.015361725442957885,0.681
0.017996873606528352,0.6811
0.02132601566314829,0.6812
0.025216171764321116,0.6813
0.029582113097812446,0.6814
0.034319497178232794,0.6815
0.03934309239796008,0.6816
0.04453175680574328,0.6817000000000001
0.04977564069930773,0.6818000000000001
0.05504589510462754,0.6819000000000001
0.060316614339610886,0.682
0.0655364733269238,0.6821
0.07066750751536655,0.6822
0.07567230489821941,0.6823
0.08051796488819474,0.6824
0.08517526113954588,0.6825
0.089616788981702,0.6826
0.0938167444399749,0.6827000000000001
0.09775119150465783,0.6828000000000001
0.10139816369295696,0.6829000000000001
0.10473783147728633,0.683
0.10775231631727111,0.6831
0.11042295219238885,0.6832
0.11273003128550407,0.6833
0.11465935743349309,0.6834
0.11620256043406885,0.6835
0.11735535682871512,0.6836
0.11811760241749025,0.6837000000000001
0.11849060445108128,0.6838000000000001
0.11847714550924038,0.6839000000000001
0.11808034828016067,0.684
0.11600342559578225,0.6841
0.11298090806188776,0.6842
0.10977347894831901,0.6843
0.10642309443100428,0.6844
0.10294857390881007,0.6845
0.09936777890189807,0.6846
0.09570280257577335,0.6847000000000001
0.09198127488534058,0.6848000000000001
0.08810357911054634,0.6849000000000001
0.08417157027186783,0.685
0.08025798848894261,0.6851
0.0763954093209872,0.6852
0.07261187594280283,0.6853
0.06893364241053757,0.6854
0.06518717770776572,0.6855
0.06150138727294541,0.6856
0.05786019344884452,0.6857000000000001
0.05418970717748306,0.6858000000000001
0.05069219948846393,0.6859000000000001
0.047336437038904444,0.686
0.04387499807919926,0.6861
0.040420181635757224,0.6862
0.036992231387145136,0.6863
0.033636622464967125,0.6864
0.030312202192106064,0.6865
0.026944179527378376,0.6866
0.02383719723817279,0.6867000000000001
0.02110414398582683,0.6868000000000001
0.018638129855785834,0.6869000000000001
0.016375708454493765,0.687
0.014560706006088164,0.6871
0.01320860277776359,0.6872
0.01200571280189,0.6873
0.011318384058962794,0.6874
0.011243390612324822,0.6875
0.011825834920869527,0.6876
0.012697156538699295,0.6877
0.013837787421952186,0.6878000000000001
0.015392746894114406,0.6879000000000001
0.01763305745143584,0.6880000000000001
0.020592608677830304,0.6881
0.02415183099396856,0.6882
0.02823266357114429,0.6883
0.03273340677318082,0.6884
0.03756882275681561,0.6885
0.04261853814409,0.6886
0.047770506869240226,0.6887
0.05298598287845668,0.6888000000000001
0.058230511500907634,0.6889000000000001
0.06344793156193895,0.6890000000000001
0.06859557016135198,0.6891
0.07363255751360787,0.6892
0.07852335835798252,0.6893
0.08323666499068483,0.6894
0.08774344489746877,0.6895
0.0920164568656413,0.6896
0.0960304112014495,0.6897
0.0997620815549769,0.6898000000000001
0.10319053987278537,0.6899000000000001
0.10629700040406065,0.6900000000000001
0.10906201257213355,0.6901
0.1114651341373637,0.6902
0.11349147416681327,0.6903
0.11513199515665806,0.6904
0.11638185858740946,0.6905
0.11724057600803317,0.6906
0.11770928523265578,0.6907
0.11779066865777665,0.6908000000000001
0.117487699257802,0.6909000000000001
0.11643673418283118,0.6910000000000001
0.11346662198000346,0.6911
0.11028537707598007,0.6912
0.10695335829463237,0.6913
0.10349627017282936,0.6914
0.09992944759481326,0.6915
0.09627411030904942,0.6916
0.09255520477231771,0.6917
0.08868036296334691,0.6918000000000001
0.08473942479096652,0.6919000000000001
0.08080810026201501,0.6920000000000001
0.07691974272131574,0.6921
0.07310303159245835,0.6922
0.06938413183258518,0.6923
0.06559349050329166,0.6924
0.061857967720800766,0.6925
0.05816249513275151,0.6926
0.054435798431275995,0.6927
0.05087531464709261,0.6928000000000001
0.04744181540561443,0.6929000000000001
0.043910949707432145,0.6930000000000001
0.040376086442487136,0.6931
0.03687638855702091,0.6932
0.03342979418722902,0.6933
0.03003031495645825,0.6934
0.02655893846737012,0.6935
0.023369394408023103,0.6936
0.02054955422048499,0.6937
0.01795321305059283,0.6938000000000001
0.015591993343544663,0.6939000000000001
0.01367993603494111,0.6940000000000001
0.012191960367616606,0.6941
0.010892086831174153,0.6942
0.010118737149592327,0.6943
0.009971755648388925,0.6944
0.010498852572579986,0.6945
0.011230561421123886,0.6946
0.012503787345153228,0.6947
0.01427786203483894,0.6948000000000001
0.01648991282161094,0.6949000000000001
0.019362350786641613,0.6950000000000001
0.0228983713295019,0.6951
0.026961875969101046,0.6952
0.03146766855524619,0.6953
0.03631262475866026,0.6954
0.04137689774675968,0.6955
0.04654499207549567,0.6956
0.0517817048826581,0.6957
0.057053147043641506,0.6958000000000001
0.06230506396487423,0.6959000000000001
0.06749479734476183,0.6960000000000001
0.0725821219826559,0.6961
0.07753126197258475,0.6962
0.08231104981146353,0.6963
0.08689218008484878,0.6964
0.09124733668472751,0.6965
0.09535092879068363,0.6966
0.09917953621082398,0.6967
0.10271191650569556,0.6968000000000001
0.10592907231880444,0.6969000000000001
0.1088140277568369,0.6970000000000001
0.11134907640330849,0.6971
0.11351547568473197,0.6972
0.1153000740362986,0.6973
0.11669551234209719,0.6974
0.11769846888663527,0.6975
0.11830957685629506,0.6976
0.1185308018946245,0.6977
0.11836545609648819,0.6978000000000001
0.11772324304154125,0.6979000000000001
0.11483838953305181,0.6980000000000001
0.11172751970698236,0.6981
0.10845655326570369,0.6982
0.10505317179903606,0.6983
0.10153172235419372,0.6984
0.09791286871530902,0.6985
0.09422058358404883,0.6986
0.0904577281025617,0.6987
0.08653309093275174,0.6988000000000001
0.08260464527405353,0.6989000000000001
0.07870826562028932,0.6990000000000001
0.07487436453192431,0.6991
0.07112974312968079,0.6992
0.06746611785527912,0.6993
0.06370102336833294,0.6994
0.06007076504888431,0.6995
0.05637507417551335,0.6996
0.05276717714707768,0.6997
0.049346878848674613,0.6998000000000001
0.045929395326521405,0.6999000000000001
0.04254816529161931,0.7000000000000001
0.03902641519167971,0.7001000000000001
0.035689457700077254,0.7002
0.032276012396427634,0.7003
0.028958588687123532,0.7004
0.025658877219853382,0.7005
0.02269074968124052,0.7006
0.020117064084837377,0.7007
0.017666605255812984,0.7008
0.015566524285818284,0.7009000000000001
0.013946935536206961,0.7010000000000001
0.01263908555574389,0.7011000000000001
0.01163236090202635,0.7012
0.011180459429054102,0.7013
0.011361630218798657,0.7014
0.012162811230634896,0.7015
0.013102341330241796,0.7016
0.01449818891757837,0.7017
0.01631544952523578,0.7018
0.018807045056419502,0.7019000000000001
0.021992929671176054,0.7020000000000001
0.0257482143247052,0.7021000000000001
0.029992520705167003,0.7022
0.03462409716794279,0.7023
0.03955869456714045,0.7024
0.04467577870416073,0.7025
0.049864474749974796,0.7026
0.05509147938913195,0.7027
0.060326835098929776,0.7028
0.06551673216943055,0.7029000000000001
0.07062088192660143,0.7030000000000001
0.07560017005553155,0.7031000000000001
0.08042044543535587,0.7032
0.08505155444201185,0.7033
0.089465440914126,0.7034
0.09363580206789335,0.7035
0.09753829569532646,0.7036
0.10115063070801655,0.7037
0.10445275581700753,0.7038
0.10742668803861832,0.7039000000000001
0.11005373675303298,0.7040000000000001
0.11231423519398298,0.7041000000000001
0.11419414676509465,0.7042
0.11568535806816882,0.7043
0.1167839332834768,0.7044
0.11749018130992805,0.7045
0.11780591036440824,0.7046
0.11773439595563195,0.7047
0.1172791855754719,0.7048
0.11529683467914609,0.7049000000000001
0.11223995952737864,0.7050000000000001
0.10899938952996324,0.7051000000000001
0.10561970307069601,0.7052
0.10212070584206989,0.7053
0.09851983824606991,0.7054
0.09483896834428895,0.7055
0.0910855042719525,0.7056
0.08715747027945764,0.7057
0.08321518350739399,0.7058
0.07929574924975935,0.7059000000000001
0.07543050663004625,0.7060000000000001
0.07164696649404612,0.7061000000000001
0.06793429076053603,0.7062
0.064123031587487,0.7063
0.060441147936354245,0.7064
0.056691111110881875,0.7065
0.05302675493743125,0.7066
0.04954268385721061,0.7067
0.04605280594130545,0.7068
0.042602718159485686,0.7069000000000001
0.03900990552329486,0.7070000000000001
0.03560131411694645,0.7071000000000001
0.032105267244177726,0.7072
0.02869410710379916,0.7073
0.0253155816970545,0.7074
0.022264362683453776,0.7075
0.019601683272649995,0.7076
0.01702652605003041,0.7077
0.014826591954974155,0.7078
0.013109122934322759,0.7079000000000001
0.011672444696480655,0.7080000000000001
0.010568519627587536,0.7081000000000001
0.010030721289192135,0.7082
0.010139656015542675,0.7083
0.010816233130875208,0.7084
0.011689880575773026,0.7085
0.013220055556394383,0.7086
0.015255095779789674,0.7087
0.017713981786374733,0.7088
0.020807099588405764,0.7089000000000001
0.02453218656359768,0.7090000000000001
0.028751468866424323,0.7091000000000001
0.03338045319381777,0.7092
0.0383174692663224,0.7093
0.04344292070011124,0.7094
0.0486427191970944,0.7095
0.05388709343576514,0.7096
0.05914651226471834,0.7097
0.06436892207723877,0.7098
0.06951391458318801,0.7099000000000001
0.07454291147806058,0.7100000000000001
0.0794214303523667,0.7101000000000001
0.08411937785802304,0.7102
0.08860834908380033,0.7103
0.09286188991548239,0.7104
0.09685527236183322,0.7105
0.10056591904167711,0.7106
0.1039733700375729,0.7107
0.107059324240809,0.7108
0.1098047462453049,0.7109000000000001
0.11218963222962097,0.7110000000000001
0.1141993275484039,0.7111000000000001
0.11582480748389701,0.7112
0.11706092994939576,0.7113
0.11790669997547054,0.7114
0.11836276251470301,0.7115
0.11843157438710206,0.7116
0.11811622121255383,0.7117
0.11660558105637964,0.7118
0.11362900644385265,0.7119000000000001
0.11045197871532675,0.7120000000000001
0.10712658734090619,0.7121000000000001
0.10367520363222105,0.7122
0.10011398791137216,0.7123
0.09646419079023816,0.7124
0.0927517923057527,0.7125
0.08890910645037897,0.7126
0.08497790997219057,0.7127
0.0810574643718952,0.7128
0.07718162011166463,0.7129000000000001
0.07337917061806976,0.7130000000000001
0.06967621529054957,0.7131000000000001
0.06595132840100582,0.7132000000000001
0.06223458544518312,0.7133
0.05861011483395062,0.7134
0.05490318849613196,0.7135
0.051363190179591234,0.7136
0.04802321582306934,0.7137
0.04452591743871115,0.7138
0.041100920588603485,0.7139
0.03762875130783527,0.7140000000000001
0.034301589231095164,0.7141000000000001
0.030925225042915283,0.7142000000000001
0.027576014084108813,0.7143
0.024404372314882794,0.7144
0.0215919133135285,0.7145
0.01911142778416597,0.7146
0.01676342237506412,0.7147
0.014846922778482208,0.7148
0.01343588365591919,0.7149
0.012160014295387711,0.7150000000000001
0.01135733823064733,0.7151000000000001
0.011152902347086213,0.7152000000000001
0.011600644896946122,0.7153
0.012449256016520804,0.7154
0.013640587004903004,0.7155
0.01530212553357635,0.7156
0.017382028537571204,0.7157
0.02011677723378713,0.7158
0.023518287385322578,0.7159
0.027457131973018578,0.7160000000000001
0.03185165734648043,0.7161000000000001
0.036600337905055014,0.7162000000000001
0.0416199962878121,0.7163
0.0467906233513391,0.7164
0.052003180490514334,0.7165
0.057229906425096067,0.7166
0.06244532050522378,0.7167
0.0675979378050584,0.7168
0.0726496760656219,0.7169
0.0775630248470156,0.7170000000000001
0.08230512091092468,0.7171000000000001
0.08684690835159248,0.7172000000000001
0.0911612544591186,0.7173
0.09522271177500807,0.7174
0.09900778973016511,0.7175
0.10249507919264655,0.7176
0.10566544200376482,0.7177
0.10850182741846259,0.7178
0.11098648022492041,0.7179
0.11310065365911481,0.7180000000000001
0.11483120553405235,0.7181000000000001
0.11617087372183044,0.7182000000000001
0.11711647752983256,0.7183
0.11766895537360245,0.7184
0.11783064979953961,0.7185
0.11760534758198471,0.7186
0.11699953706631627,0.7187
0.11409220237526985,0.7188
0.11095059757797565,0.7189
0.10765333491689,0.7190000000000001
0.10422862397944588,0.7191000000000001
0.10069011670821215,0.7192000000000001
0.09705777557861905,0.7193
0.09335487990595248,0.7194
0.08952617448134648,0.7195
0.08559104125007844,0.7196
0.08165682220760906,0.7197
0.0777582873176107,0.7198
0.07392520950061665,0.7199
0.07018427759810997,0.7200000000000001
0.06642274794555347,0.7201000000000001
0.0626612436274333,0.7202000000000001
0.05899382281293408,0.7203
0.055237289258778466,0.7204
0.05164059266224341,0.7205
0.048236260198902814,0.7206
0.04467489109966194,0.7207
0.041179991349810985,0.7208
0.037637486839680045,0.7209
0.034225505798009204,0.7210000000000001
0.030773161386055348,0.7211000000000001
0.027325169550598494,0.7212000000000001
0.02406972022779641,0.7213
0.021168697022349914,0.7214
0.018564626000294293,0.7215
0.01611812590277739,0.7216
0.014103384783376693,0.7217
0.012591517910841343,0.7218
0.011188456912732958,0.7219
0.01028994013940876,0.7220000000000001
0.010003759662934542,0.7221000000000001
0.010384622976576052,0.7222000000000001
0.011107719109544778,0.7223
0.012238364237750599,0.7224
0.013861465043963017,0.7225
0.015925451565654836,0.7226
0.018662722507833518,0.7227
0.02208048142820318,0.7228
0.026044547862614342,0.7229
0.030469764190786064,0.7230000000000001
0.035252324052164274,0.7231000000000001
0.04030773643240293,0.7232000000000001
0.045515312165779864,0.7233
0.05076607884342921,0.7234
0.05603337698106792,0.7235
0.06129298167267683,0.7236
0.06649437152393167,0.7237
0.07160032748107181,0.7238
0.07657397817100242,0.7239
0.08138289377174368,0.7240000000000001
0.08599829178137919,0.7241000000000001
0.09039316620619642,0.7242000000000001
0.09454207875406273,0.7243
0.09842143819541416,0.7244
0.10200962213761289,0.7245
0.10528716158875162,0.7246
0.10823656255235459,0.7247
0.11083955890222841,0.7248
0.11307684607456092,0.7249
0.11493463585829478,0.7250000000000001
0.1164049629924766,0.7251000000000001
0.11748392375900996,0.7252000000000001
0.11817171673354054,0.7253000000000001
0.11846995868827093,0.7254
0.11838172798770619,0.7255
0.11791044175673382,0.7256
0.11541296811309376,0.7257
0.11234793501262119,0.7258
0.10911095155987771,0.7259
0.1057368316244569,0.7260000000000001
0.10224171249633407,0.7261000000000001
0.09864439148854565,0.7262000000000001
0.09496722638877353,0.7263000000000001
0.09123877566405214,0.7264
0.08732143665999303,0.7265
0.08338872819986487,0.7266
0.07948144370764554,0.7267
0.0756310216888566,0.7268
0.07186463707655733,0.7269
0.06820820486118628,0.727
0.06442660874400641,0.7271000000000001
0.06076518138313425,0.7272000000000001
0.05708766881807881,0.7273000000000001
0.05344641767335667,0.7274
0.04998521266739808,0.7275
0.04658780502821891,0.7276
0.04316359661771085,0.7277
0.039664911591359875,0.7278
0.036280702543608045,0.7279
0.03288791309709982,0.728
0.029582882785604614,0.7281000000000001
0.026225100239197552,0.7282000000000001
0.023185634532008725,0.7283000000000001
0.02053230810096851,0.7284
0.018070944249963805,0.7285
0.015890411925388204,0.7286
0.014174548201477233,0.7287
0.012841660081817086,0.7288
0.011738127120308084,0.7289
0.011170962132029727,0.729
0.011227999787816412,0.7291000000000001
0.011947332265813682,0.7292000000000001
0.012824255574260368,0.7293000000000001
0.014096954247071247,0.7294
0.015790071074854195,0.7295
0.018164785061940636,0.7296
0.02124653254260367,0.7297
0.024912589414127995,0.7298
0.029083309473381114,0.7299
0.03365678866398181,0.73
0.03854823864435519,0.7301000000000001
0.043637089857208045,0.7302000000000001
0.04881185029652357,0.7303000000000001
0.05403670720679843,0.7304
0.059279652941719885,0.7305
0.06448581802149711,0.7306
0.06961385951424981,0.7307
0.07462391234364962,0.7308
0.0794812568762755,0.7309
0.08415527712172288,0.731
0.08861751897438996,0.7311000000000001
0.09284126930514958,0.7312000000000001
0.09680173864215036,0.7313000000000001
0.1004761676674808,0.7314
0.10384404744653375,0.7315
0.10688696323726066,0.7316
0.10958581185951477,0.7317
0.11192051114577428,0.7318
0.11387657902452553,0.7319
0.11544543539504182,0.732
0.11662269917323698,0.7321000000000001
0.11740828680360504,0.7322000000000001
0.11780366887279026,0.7323000000000001
0.11781180848416917,0.7324
0.11743593881816516,0.7325
0.11591098726877802,0.7326
0.1128989550913585,0.7327
0.10968942237489487,0.7328
0.10633470067839923,0.7329
0.10285748603982403,0.733
0.09927419193769593,0.7331000000000001
0.09560638018959644,0.7332000000000001
0.09188010204332187,0.7333000000000001
0.08797250206705476,0.7334
0.08403070751713004,0.7335
0.08010531377141616,0.7336
0.07622873087630233,0.7337
0.07242887366909889,0.7338
0.06873159406335116,0.7339
0.0649179156555808,0.734
0.0612068616704361,0.7341000000000001
0.057486786539010515,0.7342000000000001
0.05378820035634013,0.7343000000000001
0.050262794148913104,0.7344
0.04680462492265525,0.7345
0.04331279233562113,0.7346
0.039755842688819376,0.7347
0.036300716923968857,0.7348
0.03283771106208033,0.7349
0.02945000132469766,0.735
0.026012437648279096,0.7351000000000001
0.022887288900302005,0.7352000000000001
0.02014148825927098,0.7353000000000001
0.01756242428350485,0.7354
0.015278498849314426,0.7355
0.013458219955222006,0.7356
0.0120009843574711,0.7357
0.01079356866088843,0.7358
0.010129432311972275,0.7359
0.010100360881121428,0.736
0.010747600850531835,0.7361000000000001
0.011499465798031627,0.7362000000000001
0.012888033743189586,0.7363000000000001
0.01477981044936727,0.7364
0.017103641099532663,0.7365
0.020075363155123593,0.7366
0.023696022970495667,0.7367
0.02782887021861602,0.7368
0.03238924462215054,0.7369
0.03727488248228461,0.737
0.04236607818591209,0.7371000000000001
0.04754790970163936,0.7372000000000001
0.05278749109486092,0.7373000000000001
0.05805276969591944,0.7374
0.06329039428099537,0.7375
0.0684586550104962,0.7376
0.07351802555670395,0.7377
0.07843328800641158,0.7378
0.08317374459643812,0.7379
0.08771048645203228,0.738
0.09201657589583045,0.7381000000000001
0.09606680094554121,0.7382000000000001
0.09983811408425747,0.7383000000000001
0.10330962531082732,0.7384000000000001
0.10646264325358967,0.7385
0.10927775826738417,0.7386
0.11173457594696024,0.7387
0.11381801340148756,0.7388
0.1155185945703685,0.7389
0.11683075433582057,0.739
0.11775313773892959,0.7391000000000001
0.11828608923602846,0.7392000000000001
0.11843178776412933,0.7393000000000001
0.11819303398486003,0.7394000000000001
0.1171679048596711,0.7395
0.11423673611046559,0.7396
0.11109095546370717,0.7397
0.10779076476794491,0.7398
0.10436159503956821,0.7399
0.10081854330966378,0.74
0.09718253978361857,0.7401
0.0934784604663157,0.7402000000000001
0.08967087335633461,0.7403000000000001
0.08574099755340003,0.7404000000000001
0.08181471240526839,0.7405
0.0779268594506356,0.7406
0.07410704140718016,0.7407
0.07038169682515472,0.7408
0.06668181911112725,0.7409
0.06293946653312865,0.741
0.05933841337204249,0.7411
0.055603016292863794,0.7412000000000001
0.052025933793005574,0.7413000000000001
0.04864384634995522,0.7414000000000001
0.04518086000100974,0.7415
0.04179017260881346,0.7416
0.03827402955464709,0.7417
0.03496884774097353,0.7418
0.031538867518523084,0.7419
0.02819888191530273,0.742
0.024962563195330523,0.7421
0.022072808095970453,0.7422000000000001
0.019570845470983533,0.7423000000000001
0.01714081598813899,0.7424000000000001
0.015128528674106967,0.7425
0.01361301203557752,0.7426
0.012319701762971036,0.7427
0.01141583556002912,0.7428
0.01108973482254516,0.7429
0.01140771086921677,0.743
0.012228845222586715,0.7431
0.01329829375782099,0.7432000000000001
0.014833248471556981,0.7433000000000001
0.016789906271652333,0.7434000000000001
0.01941208403140471,0.7435
0.022714974467729965,0.7436
0.0265708509801863,0.7437
0.03089836100308463,0.7438
0.0355956932689907,0.7439
0.04057906943581102,0.744
0.045728149743941016,0.7441
0.050932995700610384,0.7442000000000001
0.05616332004369928,0.7443000000000001
0.06139162263235798,0.7444000000000001
0.06656538744842,0.7445
0.0716455713324704,0.7446
0.07659396362505722,0.7447
0.0813771170384141,0.7448
0.0859654556591345,0.7449
0.09033140322859323,0.745
0.09444911673340817,0.7451
0.0982947306087727,0.7452000000000001
0.10184644927308317,0.7453000000000001
0.10508471538135256,0.7454000000000001
0.10799202247599404,0.7455
0.11055013827408655,0.7456
0.11273984005649174,0.7457
0.11454752219985687,0.7458
0.11596548061011036,0.7459
0.11699013530171609,0.746
0.11762207938015101,0.7461
0.11786335379560775,0.7462000000000001
0.11771746282356044,0.7463000000000001
0.11719063798354157,0.7464000000000001
0.1147354630446038,0.7465
0.11163722053746672,0.7466
0.10836912728686576,0.7467
0.10496727581067256,0.7468
0.1014482857644633,0.7469
0.09783111094513597,0.747
0.0941387634194839,0.7471
0.09035121394057355,0.7472000000000001
0.08642067635654294,0.7473000000000001
0.08248349277898681,0.7474000000000001
0.07857542007296558,0.7475
0.07472699637825175,0.7476
0.07096537227438304,0.7477
0.06723710975758523,0.7478
0.06345151623825285,0.7479
0.0598009077559023,0.748
0.05603245448358263,0.7481
0.05240022343354389,0.7482000000000001
0.048954421389098446,0.7483000000000001
0.04543740486828218,0.7484000000000001
0.04198720750182927,0.7485
0.03840084426982093,0.7486
0.03502169290605783,0.7487
0.03151518279454968,0.7488
0.028088304879901216,0.7489
0.024767513746210446,0.749
0.02178734818831196,0.7491
0.0191732805464071,0.7492000000000001
0.01664307743045823,0.7493000000000001
0.014527677110700354,0.7494000000000001
0.012907168759177967,0.7495
0.011493439838759612,0.7496
0.010485321838650474,0.7497
0.010062878155854715,0.7498
0.010295808685696128,0.7499
0.011000081984458676,0.75
0.011991391063540968,0.7501
0.013466498164881324,0.7502000000000001
0.015384227002690931,0.7503000000000001
0.017986694583329577,0.7504000000000001
0.02128544695179979,0.7505000000000001
0.02514863715848814,0.7506
0.029491554409434073,0.7507
0.034210026239943625,0.7508
0.03921877354619219,0.7509
0.04439661882063972,0.751
0.04963342887889066,0.7511
0.05489946914961097,0.7512000000000001
0.06016809496549125,0.7513000000000001
0.0653875784928194,0.7514000000000001
0.07051958089170418,0.7515000000000001
0.07552641796932158,0.7516
0.08037497483665235,0.7517
0.08503584853415269,0.7518
0.08948149717867082,0.7519
0.09368600573686792,0.752
0.0976253441574676,0.7521
0.10127746109558522,0.7522000000000001
0.10462244776148533,0.7523000000000001
0.10764235198660699,0.7524000000000001
0.11031843951943399,0.7525000000000001
0.11263094347123048,0.7526
0.1145656254179338,0.7527
0.11611408729895378,0.7528
0.11727203231610672,0.7529
0.11803931893579112,0.753
0.11841726528945595,0.7531
0.11840866405684802,0.7532
0.11801663904946691,0.7533000000000001
0.11601495664818007,0.7534000000000001
0.11299502903976688,0.7535000000000001
0.10978834045923835,0.7536
0.10643822606457665,0.7537
0.10296402274840366,0.7538
0.0993834025247049,0.7539
0.09571839595236553,0.754
0.09199643334624608,0.7541
0.08811671670328025,0.7542
0.08418348513636853,0.7543000000000001
0.08026816925116342,0.7544000000000001
0.07640334378075153,0.7545000000000001
0.0726170895392989,0.7546
0.06893570041370956,0.7547
0.06518287866260397,0.7548
0.061493483721602904,0.7549
0.05784537421748914,0.755
0.05417096172713309,0.7551
0.05066923428119652,0.7552
0.0473044361611068,0.7553000000000001
0.043838336636171205,0.7554000000000001
0.040374320195014635,0.7555000000000001
0.03694158204139031,0.7556
0.03357544967154835,0.7557
0.030246094312292415,0.7558
0.02686636406759213,0.7559
0.023754264495512878,0.756
0.021016500050104137,0.7561
0.018537668983911182,0.7562
0.01626973626227657,0.7563000000000001
0.014450340154691155,0.7564000000000001
0.013086120580984906,0.7565000000000001
0.01187894315005944,0.7566
0.011189416766797855,0.7567
0.011114194815033507,0.7568
0.01169829615550455,0.7569
0.012556593983220177,0.757
0.013699558633582853,0.7571
0.015259740030241664,0.7572
0.017507482579736777,0.7573000000000001
0.02047560390159897,0.7574000000000001
0.024043805952438824,0.7575000000000001
0.02813345895832442,0.7576
0.032642518818253086,0.7577
0.037485559453535044,0.7578
0.04254204456447641,0.7579
0.04769989461976287,0.758
0.05292059962224305,0.7581
0.0581699648518319,0.7582
0.06339201403168504,0.7583000000000001
0.06854425812638953,0.7584000000000001
0.07358597214207097,0.7585000000000001
0.07848173158203031,0.7586
0.08320031257632154,0.7587
0.0877127413157629,0.7588
0.09199181784401156,0.7589
0.0960122800606602,0.759
0.09975091615789822,0.7591
0.1031867982788055,0.7592
0.10630112595499053,0.7593000000000001
0.10907442417933788,0.7594000000000001
0.11148622023233434,0.7595000000000001
0.11352158413165558,0.7596
0.11517143472769897,0.7597
0.11643088667368084,0.7598
0.11729939812270551,0.7599
0.11777804874410014,0.76
0.11786946017964783,0.7601
0.1175765473286049,0.7602
0.11654087003496583,0.7603000000000001
0.1135766289272443,0.7604000000000001
0.11040038852050038,0.7605000000000001
0.1070726445841168,0.7606
0.10361915519874054,0.7607
0.10005524644487773,0.7608
0.09640214652031276,0.7609
0.09268480427884607,0.761
0.08881915143900787,0.7611
0.08487926278311109,0.7612
0.08094809414129744,0.7613000000000001
0.07705921745941491,0.7614000000000001
0.07324144651201714,0.7615000000000001
0.06952097781578503,0.7616
0.06574246111801507,0.7617
0.06200527767694897,0.7618
0.058322632790854145,0.7619
0.05459359499074434,0.762
0.05102966421128974,0.7621
0.04761177055715726,0.7622
0.04407762732202891,0.7623000000000001
0.04055890717778521,0.7624000000000001
0.03705474688209476,0.7625000000000001
0.03362410160020546,0.7626000000000001
0.03021858637717645,0.7627
0.026761888234769327,0.7628
0.023564286051222627,0.7629
0.020733247308952096,0.763
0.01814690760490878,0.7631
0.015774619567240356,0.7632
0.013847186247721632,0.7633000000000001
0.012366052788815418,0.7634000000000001
0.011050833024770723,0.7635000000000001
0.010256067128143975,0.7636000000000001
0.010083392360084709,0.7637
0.010582023379462013,0.7638
0.011325293801004666,0.7639
0.012570511775173099,0.764
0.014312504408227733,0.7641
0.016491202010456396,0.7642
0.019331850481869806,0.7643000000000001
0.02283900052165655,0.7644000000000001
0.026877403122886,0.7645000000000001
0.031362136445430844,0.7646000000000001
0.03619007511823513,0.7647
0.04127755986593051,0.7648
0.04650440679496959,0.7649
0.05176251136312504,0.765
0.05702732561160517,0.7651
0.062276262737299914,0.7652
0.06745961786630361,0.7653000000000001
0.07254094139377809,0.7654000000000001
0.0774839233980863,0.7655000000000001
0.08225660204587992,0.7656000000000001
0.08683061625174193,0.7657
0.09117933528328948,0.7658
0.09527767396668729,0.7659
0.09910237983974945,0.766
0.10263216030017519,0.7661
0.10584787659160155,0.7662
0.10873238366364157,0.7663000000000001
0.11126779582308532,0.7664000000000001
0.11343522522640959,0.7665000000000001
0.11522133671814272,0.7666000000000001
0.11661862240128107,0.7667
0.11762359110552267,0.7668
0.11823678731769871,0.7669
0.1184601182506606,0.767
0.11829693989324652,0.7671
0.11771144927284971,0.7672
0.11483048759150571,0.7673
0.11172262524573096,0.7674000000000001
0.10845475236099245,0.7675000000000001
0.10505465397389446,0.7676000000000001
0.1015360791573483,0.7677
0.097919183095029,0.7678
0.09422753245415261,0.7679
0.09046287810603415,0.768
0.08653640702819332,0.7681
0.08260552119690634,0.7682
0.07870643584655124,0.7683
0.07486976362814945,0.7684000000000001
0.07112234596893863,0.7685000000000001
0.06745056836422947,0.7686000000000001
0.06368237017511436,0.7687
0.06004895135806909,0.7688
0.05634287768889723,0.7689
0.0527310878475038,0.769
0.049306750771941577,0.7691
0.0458758305595206,0.7692
0.04248994741972267,0.7693
0.038954463979499865,0.7694000000000001
0.03561307370363975,0.7695000000000001
0.032185573612093066,0.7696000000000001
0.0288547176495475,0.7697
0.02555175910608165,0.7698
0.02258162400415209,0.7699
0.02000639901861323,0.77
0.017544034333351943,0.7701
0.015441655609323757,0.7702
0.013821682321765838,0.7703
0.012502986216379242,0.7704000000000001
0.011495731606145032,0.7705000000000001
0.011046269180452706,0.7706000000000001
0.011232182268181568,0.7707
0.012022310993771823,0.7708
0.012966677972800378,0.7709
0.014370451133743245,0.771
0.01619819960275337,0.7711
0.018701748655193695,0.7712
0.021900106671332242,0.7713
0.02566756812068305,0.7714000000000001
0.029923212845761604,0.7715000000000001
0.034564961372144154,0.7716000000000001
0.039508398258220945,0.7717
0.04463287000018812,0.7718
0.04982755111193127,0.7719
0.05505953082375781,0.772
0.060299236856737215,0.7721
0.06549311530469726,0.7722
0.07060111912022815,0.7723
0.07558431051636927,0.7724000000000001
0.08040866149340775,0.7725000000000001
0.08504410196784362,0.7726000000000001
0.08946262834759611,0.7727
0.09363797414095909,0.7728
0.09754582350161256,0.7729
0.10116390149087262,0.773
0.10447216000201831,0.7731
0.10745260600705864,0.7732
0.1100865322182687,0.7733
0.11235425227279094,0.7734000000000001
0.11424170201269412,0.7735000000000001
0.11574073276287944,0.7736000000000001
0.11684736371512772,0.7737
0.11756184513363133,0.7738
0.1178859173178397,0.7739
0.11782278381917688,0.774
0.11737592296230004,0.7741
0.11538671485979024,0.7742
0.11233375839264625,0.7743
0.10909684063526959,0.7744000000000001
0.10572031202136367,0.7745000000000001
0.10222388616545652,0.7746000000000001
0.09862504199132616,0.7747
0.0949456739877429,0.7748
0.09120083848596272,0.7749
0.08727416713471337,0.775
0.08333260781710683,0.7751
0.07941344617506396,0.7752
0.07554811730670985,0.7753
0.0717641302177695,0.7754000000000001
0.06806405792281323,0.7755000000000001
0.06425228684532114,0.7756000000000001
0.060568941717000446,0.7757000000000001
0.056832692816556785,0.7758
0.053166760056705176,0.7759
0.04968001419968893,0.776
0.046206012641885286,0.7761
0.042753166712955704,0.7762
0.039175915813226325,0.7763
0.0357632421445484,0.7764000000000001
0.03228194206881985,0.7765000000000001
0.028883696929646208,0.7766000000000001
0.025498687224886574,0.7767000000000001
0.02243818476216175,0.7768
0.019764893574711895,0.7769
0.017199687545364384,0.777
0.014990407201830758,0.7771
0.013259429079422125,0.7772
0.011830241423909982,0.7773
0.010712768907825243,0.7774000000000001
0.010155346955616151,0.7775000000000001
0.010240864964068619,0.7776000000000001
0.010924445030422447,0.7777000000000001
0.011775597132865245,0.7778
0.013279024155641306,0.7779
0.015284992080570214,0.778
0.017714900658245547,0.7781
0.020780673944764905,0.7782
0.02448122434926603,0.7783
0.028679382100519124,0.7784000000000001
0.033290879871942014,0.7785000000000001
0.038214070319971594,0.7786000000000001
0.04332940156996501,0.7787000000000001
0.04852258651624308,0.7788
0.05376305658903058,0.7789
0.059020586518217844,0.779
0.06424272063577163,0.7791
0.06938866644977715,0.7792
0.07441956885181933,0.7793
0.0793007423579064,0.7794000000000001
0.08400193835393965,0.7795000000000001
0.08849463061830443,0.7796000000000001
0.09275225341776538,0.7797000000000001
0.09674996918166034,0.7798
0.1004650975899104,0.7799
0.10387709157481784,0.78
0.10696758242456794,0.7801
0.1097174799278735,0.7802
0.11210673218892186,0.7803
0.11412064582099268,0.7804
0.11575016677454586,0.7805000000000001
0.11699013837837657,0.7806000000000001
0.1178395707068971,0.7807000000000001
0.11829912585501312,0.7808
0.11837127885984111,0.7809
0.1180591244257525,0.781
0.1166021696372157,0.7811
0.11362718478704437,0.7812
0.11045048756579212,0.7813
0.10712514782277294,0.7814
0.10367389914735226,0.7815000000000001
0.10011276005047598,0.7816000000000001
0.09646292888025465,0.7817000000000001
0.09275023603412114,0.7818
0.08890574519712291,0.7819
0.0849736335447715,0.782
0.08105194665005566,0.7821
0.07717452997741514,0.7822
0.0733701976198129,0.7823
0.06966506844651077,0.7824
0.06593439862146999,0.7825000000000001
0.06221505286433526,0.7826000000000001
0.05858407683312494,0.7827000000000001
0.054874202008430295,0.7828
0.05133108104920625,0.7829
0.047987173037308484,0.783
0.044480893943940725,0.7831
0.041045897664041986,0.7832
0.03756982626155003,0.7833
0.03423148858426095,0.7834
0.030851211875791762,0.7835000000000001
0.02748968518867745,0.7836000000000001
0.024314148803909363,0.7837000000000001
0.02149848877921423,0.7838
0.019005213289696066,0.7839
0.01665339853552017,0.784
0.014734514765514017,0.7841
0.013322039169255895,0.7842
0.012032495342780392,0.7843
0.011228284028026891,0.7844
0.011025969519841805,0.7845000000000001
0.011478311705580335,0.7846000000000001
0.01231543706591709,0.7847000000000001
0.013511421237101695,0.7848
0.015180519059438513,0.7849
0.017270181777362836,0.785
0.02001579155417832,0.7851
0.02342845382796166,0.7852
0.027378065768804527,0.7853
0.031782560671827165,0.7854
0.036540186736354396,0.7855000000000001
0.04156767123719485,0.7856000000000001
0.046744952552000285,0.7857000000000001
0.051963068789244726,0.7858
0.05719459048366682,0.7859
0.06241434616005215,0.786
0.06757104639689104,0.7861
0.07262678876859352,0.7862
0.07754419551455038,0.7863
0.08229050203528354,0.7864
0.08683672634099016,0.7865000000000001
0.09115578585927975,0.7866000000000001
0.09522226619657459,0.7867000000000001
0.09901269703698956,0.7868
0.10250567979693836,0.7869
0.10568207840902688,0.787
0.10852483598816276,0.7871
0.11101618532776547,0.7872
0.11313736131882024,0.7873
0.11487519182184946,0.7874
0.11622237595928986,0.7875000000000001
0.11717568791961674,0.7876000000000001
0.11773601436739822,0.7877000000000001
0.11790564387506897,0.7878000000000001
0.11768831043043038,0.7879
0.11709045667125784,0.788
0.11418248567105604,0.7881
0.11104508366654675,0.7882
0.10775155770811906,0.7883
0.10433001889247007,0.7884
0.10079408311759086,0.7885000000000001
0.09716373932602229,0.7886000000000001
0.0934622892119602,0.7887000000000001
0.08964172825875305,0.7888000000000001
0.08570768013718644,0.7889
0.08177385481012767,0.789
0.07787520801195769,0.7891
0.07404162067656017,0.7892
0.070299798982709,0.7893
0.06654938308785519,0.7894
0.0627869424247508,0.7895000000000001
0.05913121492146933,0.7896000000000001
0.05537316480970911,0.7897000000000001
0.05177404541424813,0.7898000000000001
0.0483668265257271,0.7899
0.044820858941665875,0.79
0.04134139116418378,0.7901
0.037795776752006294,0.7902
0.03439784638751764,0.7903
0.030940771676825074,0.7904
0.027505707934629697,0.7905000000000001
0.02424389299861085,0.7906000000000001
0.021334009218801242,0.7907000000000001
0.018738885297474805,0.7908000000000001
0.01628369023841847,0.7909
0.014256805920460858,0.791
0.012733852992848238,0.7911
0.011338257739937907,0.7912
0.010425533087211392,0.7913
0.010118543326276042,0.7914
0.010474922391232377,0.7915000000000001
0.011206216086745657,0.7916000000000001
0.012313562364744346,0.7917000000000001
0.013909553854954515,0.7918000000000001
0.015944788520181996,0.7919
0.01865407643679884,0.792
0.02204595147640398,0.7921
0.02598714557854498,0.7922
0.030392902258806753,0.7923
0.03515953592545906,0.7924
0.040202503243192744,0.7925000000000001
0.04540106569279523,0.7926000000000001
0.05064599138992376,0.7927000000000001
0.05590986722515079,0.7928000000000001
0.0611678332776292,0.7929
0.06636901313519938,0.793
0.07147586626631897,0.7931
0.07645129028499076,0.7932
0.08126267482304494,0.7933
0.08588108757779511,0.7934
0.0902794041087398,0.7935
0.09443208932529934,0.7936000000000001
0.09831547079755287,0.7937000000000001
0.10190785485627862,0.7938000000000001
0.10518970787073034,0.7939
0.10814347658062928,0.794
0.11075083898745164,0.7941
0.1129924402549769,0.7942
0.11485445455467036,0.7943
0.11632889060434337,0.7944
0.11741183155283219,0.7945
0.11810347792188614,0.7946000000000001
0.11840545681116876,0.7947000000000001
0.11832085730530384,0.7948000000000001
0.1178531002658394,0.7949
0.11541665578751292,0.795
0.11235340056169063,0.7951
0.10911670790315187,0.7952
0.10574252968739561,0.7953
0.10224742901740369,0.7954
0.09865004523211596,0.7955
0.09497268172927287,0.7956000000000001
0.09124372975163919,0.7957000000000001
0.08732442330578716,0.7958000000000001
0.08339058146924438,0.7959
0.07948177303671555,0.796
0.07562943085208962,0.7961
0.07186075735907493,0.7962
0.06820169882518612,0.7963
0.06441429365490714,0.7964
0.060749848940087725,0.7965
0.05706594434401868,0.7966000000000001
0.053421397663217185,0.7967000000000001
0.04995670169709565,0.7968000000000001
0.046550802697849836,0.7969
0.0431226910225011,0.797
0.03961519667857516,0.7971
0.036227007860926363,0.7972
0.032824136045514596,0.7973
0.029508338489633745,0.7974
0.02614658781609358,0.7975
0.023103726384706702,0.7976000000000001
0.020447058025443443,0.7977000000000001
0.01797355808775225,0.7978000000000001
0.015788748071681402,0.7979
0.014069969034404828,0.798
0.012725784856035816,0.7981
0.011619527617042769,0.7982
0.011052039937565539,0.7983
0.011110763882164587,0.7984
0.011833514057548955,0.7985
0.012698253022764838,0.7986000000000001
0.01397487234638195,0.7987000000000001
0.015674604483453036,0.7988000000000001
0.01805780407893587,0.7989
0.02114880230920657,0.799
0.024824208057361297,0.7991
0.029003870233659468,0.7992
0.0335856018716123,0.7993
0.038484476545217916,0.7994
0.04357979821651625,0.7995
0.04876007030824647,0.7996000000000001
0.05398973757192027,0.7997000000000001
0.05923706138823981,0.7998000000000001
0.06444735796052714,0.7999
0.06957946447339947,0.8
0.07459365094839443,0.8001
0.07945529438361565,0.8002
0.08413384754524422,0.8003
0.08860090366739837,0.8004
0.09282978638727313,0.8005
0.09679573592944146,0.8006000000000001
0.10047601315206867,0.8007000000000001
0.10385011509884223,0.8008000000000001
0.1068996167462598,0.8009000000000001
0.1096053939601398,0.801
0.11194733824662706,0.8011
0.11391093509753814,0.8012
0.1154875693042301,0.8013
0.11667282184534511,0.8014
0.11746656403825062,0.8015
0.11787021551543386,0.8016000000000001
0.1178866853044297,0.8017000000000001
0.11751915518180367,0.8018000000000001
0.11599982349485205,0.8019000000000001
0.11299251535933308,0.802
0.10978712920280476,0.8021
0.10643596324109694,0.8022
0.10296170988814224,0.8023
0.09938079411609868,0.8024
0.09571479343465983,0.8025
0.09198978320790141,0.8026000000000001
0.08809042805252387,0.8027000000000001
0.08414953681616077,0.8028000000000001
0.08022431692313503,0.8029000000000001
0.07634737435490102,0.803
0.0725467389191281,0.8031
0.06884828450127922,0.8032
0.06504577068712325,0.8033
0.061333498943934917,0.8034
0.05762524604656538,0.8035
0.05392484574617229,0.8036000000000001
0.050396660668333704,0.8037000000000001
0.04695270996679546,0.8038000000000001
0.04345820713805626,0.8039000000000001
0.03991574031856304,0.804
0.03645685220726946,0.8041
0.033008070060210226,0.8042
0.029633139274900966,0.8043
0.02618958148335082,0.8044
0.0230557533823752,0.8045
0.020299922642367463,0.8046000000000001
0.017730689904755126,0.8047000000000001
0.015437653627602188,0.8048000000000001
0.013604316399328464,0.8049000000000001
0.012154222671935111,0.805
0.010933528267899506,0.8051
0.010250445311316358,0.8052
0.010198703119887798,0.8053
0.010821055530994217,0.8054
0.011583372734402797,0.8055
0.012947600831107353,0.8056000000000001
0.014811686271427593,0.8057000000000001
0.017106909572228712,0.8058000000000001
0.02005150281070711,0.8059000000000001
0.023647620554369864,0.806
0.027759203475730354,0.8061
0.032301796163184404,0.8062
0.03717311043764027,0.8063
0.042253527654662726,0.8064
0.047427995328072736,0.8065
0.052662896927998526,0.8066
0.05792553111981835,0.8067000000000001
0.06316216815416065,0.8068000000000001
0.06833072687170483,0.8069000000000001
0.07339141099226953,0.807
0.07830880366432602,0.8071
0.08305205392856319,0.8072
0.08759213221630835,0.8073
0.09190198937824001,0.8074
0.09595630530931687,0.8075
0.09973193488348076,0.8076
0.10320791189328449,0.8077000000000001
0.10636549413143803,0.8078000000000001
0.10918523649474554,0.8079000000000001
0.11164671192175779,0.808
0.11373480183481566,0.8081
0.11543998855238657,0.8082
0.11675666819386044,0.8083
0.11768346335455848,0.8084
0.11822071427261316,0.8085
0.11837060744553007,0.8086
0.11813595107147856,0.8087000000000001
0.11717499423480393,0.8088000000000001
0.11424596129115194,0.8089000000000001
0.11110080116856125,0.809
0.10780088355325013,0.8091
0.10437206948413558,0.8092
0.10082928604199315,0.8093
0.09719339799357174,0.8094
0.09348910284267875,0.8095
0.08967982835447419,0.8096
0.08574904807313344,0.8097000000000001
0.08182143067682845,0.8098000000000001
0.07793181611671907,0.8099000000000001
0.07410983626636747,0.81
0.07038195825852056,0.8101
0.06667657003365624,0.8102
0.06293126422515627,0.8103
0.0593260644966096,0.8104
0.05558553704167868,0.8105
0.05200494575146175,0.8106
0.04861912699101012,0.8107000000000001
0.04514822555144837,0.8108000000000001
0.04174952730911485,0.8109000000000001
0.03822952275144642,0.811
0.03491550187206216,0.8111
0.03148154635000311,0.8112
0.028131666040464465,0.8113
0.024891122221478934,0.8114
0.021997415138768295,0.8115
0.01948448208113085,0.8116
0.017049795055851247,0.8117000000000001
0.015033708873277929,0.8118000000000001
0.013515019346750812,0.8119000000000001
0.01220991950315553,0.812
0.01130293714560282,0.8121
0.010976334607955662,0.8122
0.011295812403893324,0.8123
0.012106571998902194,0.8124
0.01317777672973941,0.8125
0.014716966643141705,0.8126
0.016679939852152215,0.8127000000000001
0.019309701459966577,0.8128000000000001
0.022620761445335535,0.8129000000000001
0.026484798904556683,0.8130000000000001
0.030820073827625638,0.8131
0.03552454799914795,0.8132
0.040514332685848364,0.8133
0.04566901984492899,0.8134
0.05087871245910813,0.8135
0.056113376629302936,0.8136
0.061345755395136425,0.8137000000000001
0.06652348861350632,0.8138000000000001
0.07160767779050092,0.8139000000000001
0.07656021996556284,0.8140000000000001
0.0813477485275298,0.8141
0.08594074884209968,0.8142
0.09031168713063353,0.8143
0.09443474905590754,0.8144
0.09828608652507498,0.8145
0.10184391171901819,0.8146
0.10508866556061314,0.8147000000000001
0.10800283024183976,0.8148000000000001
0.1105681549542833,0.8149000000000001
0.11276539144013487,0.8150000000000001
0.11458089729654508,0.8151
0.11600692345618524,0.8152
0.1170398398140875,0.8153
0.11768018473196995,0.8154
0.11792994404472912,0.8155
0.11779256939982063,0.8156
0.11727424743374137,0.8157000000000001
0.11482741961541909,0.8158000000000001
0.11173369897432239,0.8159000000000001
0.10846946283458381,0.8160000000000001
0.10507086830710821,0.8161
0.10155455907322508,0.8162
0.09793949037390837,0.8163
0.0942486851468245,0.8164
0.09046904390161903,0.8165
0.08653963455985958,0.8166
0.0826028312399435,0.8167000000000001
0.07869456531341346,0.8168000000000001
0.07484548101076438,0.8169000000000001
0.07108275360367078,0.8170000000000001
0.06736489815867563,0.8171
0.0635780959622606,0.8172
0.059925387101049776,0.8173
0.056168591248463295,0.8174
0.05253427767982344,0.8175
0.04908537039693095,0.8176
0.045582658946836,0.8177000000000001
0.04214684586344841,0.8178000000000001
0.03855701675166334,0.8179000000000001
0.03518914511433868,0.8180000000000001
0.03167954202218626,0.8181
0.028264680367845907,0.8182
0.02493732723525488,0.8183
0.021948178526198348,0.8184
0.019341944971165148,0.8185
0.01680276790705948,0.8186
0.014675192024227401,0.8187000000000001
0.013040358031187527,0.8188000000000001
0.011636285066100038,0.8189000000000001
0.01061433517608723,0.8190000000000001
0.01017152328679205,0.8191
0.010380333730118041,0.8192
0.011091462378202577,0.8193
0.012059753865571121,0.8194
0.013508035221706072,0.8195
0.015397159613055988,0.8196
0.017971626694469833,0.8197
0.021244374321018,0.8198000000000001
0.02508451512047838,0.8199000000000001
0.029407779001905165,0.8200000000000001
0.034110139552427254,0.8201
0.039106278216044066,0.8202
0.044274988346712396,0.8203
0.04950589550814888,0.8204
0.054768510553876215,0.8205
0.06003555913820546,0.8206
0.06525496908669126,0.8207
0.07038808028814136,0.8208000000000001
0.0753969736498129,0.8209000000000001
0.08024834872548148,0.8210000000000001
0.0849126498120849,0.8211
0.08936221641118336,0.8212
0.093571037081846,0.8213
0.09751499910551786,0.8214
0.10117197533547517,0.8215
0.10452198532607604,0.8216
0.10754700997372257,0.8217
0.11022825302771,0.8218000000000001
0.11254589389360548,0.8219000000000001
0.11448565518403042,0.8220000000000001
0.11603911251442678,0.8221
0.11720195548735135,0.8222
0.11797404289575875,0.8223
0.11835670035990065,0.8224
0.11835272742242986,0.8225
0.11796524711097722,0.8226
0.11602817871746018,0.8227
0.11301067458439162,0.8228000000000001
0.10980480318667263,0.8229000000000001
0.106455077575771,0.8230000000000001
0.10298127578891914,0.8231
0.09940090762943976,0.8232
0.09573595038513949,0.8233
0.0920136647241423,0.8234
0.08813266858974333,0.8235
0.08419841669747874,0.8236
0.08028160725642763,0.8237
0.07641482647675468,0.8238000000000001
0.07262619450500607,0.8239000000000001
0.0689420406795137,0.8240000000000001
0.0651843226357186,0.8241
0.06149177635571257,0.8242
0.05783831042603782,0.8243
0.05416043413437177,0.8244
0.05065494510027735,0.8245
0.047283018461108606,0.8246
0.043812765364172446,0.8247
0.04034142631850979,0.8248000000000001
0.036904350717836376,0.8249000000000001
0.0335296557067013,0.8250000000000001
0.030195751917970526,0.8251000000000001
0.026806305134137398,0.8252
0.02368941269724667,0.8253
0.02094710665798516,0.8254
0.018457351783268017,0.8255
0.016184190983640212,0.8256
0.014360415622547418,0.8257
0.012985758584058926,0.8258000000000001
0.011774288309132297,0.8259000000000001
0.011082124907152435,0.8260000000000001
0.011005863226765111,0.8261000000000001
0.01159048859697176,0.8262
0.01243761246603925,0.8263
0.013581696676340238,0.8264
0.015145421037625395,0.8265
0.017398604540228124,0.8266
0.02037319985732111,0.8267
0.023948312056249588,0.8268000000000001
0.028044841124190478,0.8269000000000001
0.032560455635070484,0.8270000000000001
0.03740957025646874,0.8271000000000001
0.042471513581490594,0.8272
0.04763417580362628,0.8273
0.0528592308500202,0.8274
0.0581126900378619,0.8275
0.06333872550270603,0.8276
0.06849499532802072,0.8277
0.07354089024641441,0.8278000000000001
0.07844107364995967,0.8279000000000001
0.08316438739744869,0.8280000000000001
0.08768190273763043,0.8281000000000001
0.09196645027252592,0.8282
0.09599278701383196,0.8283
0.09973770932451265,0.8284
0.10318028555822556,0.8285
0.10630169908315701,0.8286
0.10908245074322076,0.8287
0.1115020386878075,0.8288000000000001
0.11354549653729551,0.8289000000000001
0.11520370284631043,0.8290000000000001
0.11647172948946205,0.8291000000000001
0.11734898671059357,0.8292
0.11783650273736279,0.8293
0.11793684589092435,0.8294
0.11765288013775688,0.8295
0.11663168336435381,0.8296
0.1136726156670479,0.8297
0.11050076654265784,0.8298000000000001
0.10717677096590328,0.8299000000000001
0.10372643990266128,0.8300000000000001
0.10016508777652,0.8301000000000001
0.09651394832558013,0.8302
0.0927979691753047,0.8303
0.08894038871212151,0.8304
0.08500139880870161,0.8305
0.08107033725008317,0.8306
0.0771809688280406,0.8307
0.07336222608390552,0.8308000000000001
0.06964033127575042,0.8309000000000001
0.0658723079413236,0.8310000000000001
0.062133390928297394,0.8311000000000001
0.0584607112311335,0.8312
0.05472849918579037,0.8313
0.051160952776487134,0.8314
0.04775818403713328,0.8315
0.04422336486682066,0.8316
0.0407253031317758,0.8317
0.03721920766955389,0.8318000000000001
0.03380766581689576,0.8319000000000001
0.03039687469801744,0.8320000000000001
0.026954576061031688,0.8321000000000001
0.02374858729275875,0.8322
0.020906216086922225,0.8323
0.018327036188257262,0.8324
0.015943755998642173,0.8325
0.01400165039376633,0.8326
0.012525477369746518,0.8327
0.011195766179562971,0.8328
0.010381059813164395,0.8329000000000001
0.010184475073793609,0.8330000000000001
0.010656583181867463,0.8331000000000001
0.011409558682734078,0.8332
0.01262872014247196,0.8333
0.014341023650124018,0.8334
0.01648887182532799,0.8335
0.019300023489506657,0.8336
0.022780249376655348,0.8337
0.02679511412688207,0.8338
0.0312600202974993,0.8339000000000001
0.03607190624769241,0.8340000000000001
0.041147003708609686,0.8341000000000001
0.046365013880407924,0.8342
0.051617525152337196,0.8343
0.05687923502364023,0.8344
0.06212694287772669,0.8345
0.06731060914260834,0.8346
0.07239347717050715,0.8347
0.07733900926314685,0.8348
0.08211505770230565,0.8349000000000001
0.08669310017482501,0.8350000000000001
0.09104637073464161,0.8351000000000001
0.0951496698301928,0.8352
0.09897965349737825,0.8353
0.1025149627510209,0.8354
0.10573641532494915,0.8355
0.10862683573613496,0.8356
0.11116830529011723,0.8357
0.11334189157019192,0.8358
0.11513420749788017,0.8359000000000001
0.11653769174980377,0.8360000000000001
0.1175488100600598,0.8361000000000001
0.11816808322728067,0.8362
0.11839740890746386,0.8363
0.1182401375326334,0.8364
0.11770238297000313,0.8365
0.11485020302979565,0.8366
0.11174419262663349,0.8367
0.10847724680690163,0.8368
0.10507796193310681,0.8369000000000001
0.10156016341310559,0.8370000000000001
0.09794389403275738,0.8371000000000001
0.0942525694138241,0.8372
0.09048736688074033,0.8373
0.08656064508429784,0.8374
0.0826289624144545,0.8375
0.07872853068862584,0.8376
0.07488999231324955,0.8377
0.07114022715534052,0.8378
0.06746457420030016,0.8379000000000001
0.06369357196700287,0.8380000000000001
0.060056990732078375,0.8381000000000001
0.05634662253756373,0.8382000000000001
0.052731241639376814,0.8383
0.04930293834932642,0.8384
0.04586619175844242,0.8385
0.042476036809995454,0.8386
0.0389345809914996,0.8387
0.03558864223620617,0.8388
0.032153710586287465,0.8389000000000001
0.028814287807161776,0.8390000000000001
0.025506177265717467,0.8391000000000001
0.02253086640825308,0.8392000000000001
0.01995015526446542,0.8393
0.0174768850415572,0.8394
0.015368181625123212,0.8395
0.013742624816931448,0.8396
0.012413671347447863,0.8397
0.011401009008083385,0.8398
0.010947640274413306,0.8399000000000001
0.01113102988545922,0.8400000000000001
0.01191151773939736,0.8401000000000001
0.01285372665697282,0.8402000000000001
0.014257288483039199,0.8403
0.016086726288314868,0.8404
0.018593412003487853,0.8405
0.021795845941453118,0.8406
0.025567839186038332,0.8407
0.029828123859302558,0.8408
0.03447439792396145,0.8409000000000001
0.03942211954671637,0.8410000000000001
0.04455055539920316,0.8411000000000001
0.04974888555275636,0.8412000000000001
0.05498435368475407,0.8413
0.060227554620641444,0.8414
0.06542505571981483,0.8415
0.07053692259315258,0.8416
0.07552430126354026,0.8417
0.08035322254732791,0.8418
0.08499365720057483,0.8419000000000001
0.08941762841255052,0.8420000000000001
0.09359888824103646,0.8421000000000001
0.09751313255216965,0.8422000000000001
0.10113808951120296,0.8423
0.10445370271462684,0.8424
0.10744195844345761,0.8425
0.11008412034441362,0.8426
0.11236046705760938,0.8427
0.1142568901024047,0.8428
0.11576518977723527,0.8429000000000001
0.11688133017476887,0.8430000000000001
0.11760550262266756,0.8431000000000001
0.11793938871997767,0.8432000000000001
0.11788613604515963,0.8433
0.11744917269375466,0.8434
0.11548445938154739,0.8435
0.11243713406695455,0.8436
0.10920478155224644,0.8437
0.10583209549886774,0.8438
0.1023389198471597,0.8439000000000001
0.09874269701708605,0.8440000000000001
0.0950653193709704,0.8441000000000001
0.09132830957801097,0.8442000000000001
0.08740309299552396,0.8443
0.0834621152552254,0.8444
0.07954282340886731,0.8445
0.07567675815797104,0.8446
0.07189146537229751,0.8447
0.06820120296369825,0.8448
0.06438793805100052,0.8449000000000001
0.0607021358333818,0.8450000000000001
0.05697699679259083,0.8451000000000001
0.05330859432245161,0.8452000000000001
0.04981828081175155,0.8453
0.046358102185285244,0.8454
0.042901782303555125,0.8455
0.03933894697229312,0.8456
0.03592170063589917,0.8457
0.032454708252716014,0.8458
0.02906920320830353,0.8459
0.025677206588071044,0.8460000000000001
0.022606734729423206,0.8461000000000001
0.019921933835229888,0.8462000000000001
0.017365892642074998,0.8463
0.015145948412948806,0.8464
0.013400008669051333,0.8465
0.011976901665905926,0.8466
0.010844341895204002,0.8467
0.010265840357662759,0.8468
0.010326592793235667,0.8469
0.011015570766603533,0.8470000000000001
0.011842848389298721,0.8471000000000001
0.013318285251811002,0.8472000000000001
0.015294101147641292,0.8473
0.017694105095099832,0.8474
0.02073174100562536,0.8475
0.02440706834112838,0.8476
0.02858349463084786,0.8477
0.033176963197543374,0.8478
0.03808584572016316,0.8479
0.04319064290775687,0.8480000000000001
0.04837688133479068,0.8481000000000001
0.053613205332470715,0.8482000000000001
0.058868710460675766,0.8483
0.0640905560467051,0.8484
0.06923757884629111,0.8485
0.07427065822539125,0.8486
0.07915491503645466,0.8487
0.08385995432047999,0.8488
0.08835713775989473,0.8489
0.09261979756610383,0.8490000000000001
0.09662299586371792,0.8491000000000001
0.10034395729484158,0.8492000000000001
0.10376205292604024,0.8493
0.10685884806795853,0.8494
0.10961519586410262,0.8495
0.11201099098453016,0.8496
0.11403149098740761,0.8497
0.11566759827046036,0.8498
0.11691412528019929,0.8499
0.11777006970402837,0.8500000000000001
0.11823609355652809,0.8501000000000001
0.11831467336534107,0.8502000000000001
0.11800889716134122,0.8503000000000001
0.11662772103269325,0.8504
0.11365628383047843,0.8505
0.11048123728538373,0.8506
0.10715700846505782,0.8507
0.10370683902693822,0.8508
0.10014656058356863,0.8509
0.0964973068192555,0.8510000000000001
0.0927847086779039,0.8511000000000001
0.0889397875159672,0.8512000000000001
0.08500693732898523,0.8513000000000001
0.08108388920516885,0.8514
0.07720452121271548,0.8515
0.07339770464342088,0.8516
0.06968959998509461,0.8517
0.06595499549811257,0.8518
0.06223225225076767,0.8519
0.05859704148900624,0.8520000000000001
0.05488342535528057,0.8521000000000001
0.051336132401021084,0.8522000000000001
0.047986695198300344,0.8523000000000001
0.044475920491242604,0.8524
0.041035523959422004,0.8525
0.03755467892763642,0.8526
0.03420979680471925,0.8527
0.030824321139921063,0.8528
0.02745491182157589,0.8529
0.02427357575685818,0.8530000000000001
0.02145189367741751,0.8531000000000001
0.018948641352070528,0.8532000000000001
0.016589981941952825,0.8533000000000001
0.01466449962328853,0.8534
0.013245642449616124,0.8535
0.011945398102159333,0.8536
0.011134907715607323,0.8537
0.010927928887742855,0.8538
0.011377033945393578,0.8539
0.01220431536179345,0.8540000000000001
0.013397483371411667,0.8541000000000001
0.015065694017158293,0.8542000000000001
0.017156284430762003,0.8543000000000001
0.01990418340060507,0.8544
0.023320053201878466,0.8545
0.02727337137646968,0.8546
0.031681779130810606,0.8547
0.03644334365077584,0.8548
0.04147469369111145,0.8549
0.04665571323715234,0.8550000000000001
0.05187745413677791,0.8551000000000001
0.05711261257976963,0.8552000000000001
0.06233614944591137,0.8553000000000001
0.06749686951144074,0.8554
0.07255695617542757,0.8555
0.07747909526480612,0.8556
0.08223056687482677,0.8557
0.08678241956869304,0.8558
0.09110758846334155,0.8559
0.0951806673382597,0.8560000000000001
0.0989781858225054,0.8561000000000001
0.10247873712805744,0.8562000000000001
0.1056631681227268,0.8563000000000001
0.10851439561935117,0.8564
0.11101461939155466,0.8565
0.11314503550705035,0.8566
0.1148924239795166,0.8567
0.11624942993244491,0.8568
0.11721277070341074,0.8569
0.11778327399016497,0.8570000000000001
0.11796317037471271,0.8571000000000001
0.11775613826994269,0.8572000000000001
0.11716857186220553,0.8573000000000001
0.11428545659889144,0.8574
0.11115356288047795,0.8575
0.10786442067045088,0.8576
0.10444651381780179,0.8577
0.10091359829025182,0.8578
0.09728562392403972,0.8579
0.09358589146478702,0.8580000000000001
0.08977357909433237,0.8581000000000001
0.08584068250846177,0.8582000000000001
0.08190708561448479,0.8583000000000001
0.07800793038635156,0.8584
0.07417321713788871,0.8585
0.07042969050739534,0.8586
0.06668947659062285,0.8587
0.06292512930283511,0.8588
0.059280122085135556,0.8589
0.05551948994867817,0.859
0.051916722428787976,0.8591000000000001
0.04850522663897472,0.8592000000000001
0.04497356329697255,0.8593000000000001
0.041508514634917004,0.8594
0.03795840492438596,0.8595
0.03457334039410975,0.8596
0.031110008688474577,0.8597
0.02768643253389591,0.8598
0.024416522245359618,0.8599
0.021495880743015894,0.86
0.018907587206128396,0.8601000000000001
0.01644149638405934,0.8602000000000001
0.014400144141506255,0.8603000000000001
0.012860391123274306,0.8604
0.011473410879912382,0.8605
0.01054456768264278,0.8606
0.010214523194499892,0.8607
0.010544197755934404,0.8608
0.011280826574813885,0.8609
0.01236293227056473,0.861
0.013930214266154373,0.8611000000000001
0.01593544007935921,0.8612000000000001
0.0186157837853822,0.8613000000000001
0.021981067128494125,0.8614
0.02589888627510817,0.8615
0.030284851921027478,0.8616
0.03503537860303996,0.8617
0.040065859315786545,0.8618
0.04525550702038794,0.8619
0.05049483621158091,0.862
0.055755683691457,0.8621000000000001
0.06101256336334693,0.8622000000000001
0.06621425535262404,0.8623000000000001
0.07132290543345221,0.8624
0.0763011850665225,0.8625
0.08111630528191816,0.8626
0.08573918439299422,0.8627
0.09014257938703008,0.8628
0.09430085765211627,0.8629
0.09819026315911805,0.863
0.10178902547408886,0.8631000000000001
0.1050775370544269,0.8632000000000001
0.10803817298837726,0.8633000000000001
0.110652542184426,0.8634000000000001
0.11290122697903193,0.8635
0.11477035098152588,0.8636
0.11625188315527846,0.8637
0.1173418787912649,0.8638
0.11804052435235812,0.8639
0.11834944099428435,0.864
0.1182717127259959,0.8641000000000001
0.11781074958797699,0.8642000000000001
0.11545009996535749,0.8643000000000001
0.11239058803554414,0.8644000000000001
0.1091556564691738,0.8645
0.10578263741560312,0.8646
0.10228861282204205,0.8647
0.09869203514132285,0.8648
0.09501514654408771,0.8649
0.09128614152715353,0.865
0.0873669528533525,0.8651000000000001
0.08343219450818806,0.8652000000000001
0.07952177894071011,0.8653000000000001
0.07566718707552655,0.8654000000000001
0.07189568855492101,0.8655
0.06823327638067345,0.8656
0.06444249373151478,0.8657
0.06077425146806137,0.8658
0.05708660045888769,0.8659
0.05343781861930519,0.866
0.049968371889083096,0.8661000000000001
0.046557386520138966,0.8662000000000001
0.04312417264201507,0.8663000000000001
0.039611603471143564,0.8664000000000001
0.036217967009376295,0.8665
0.032808767247408666,0.8666
0.029485526839523768,0.8667
0.026117665000527257,0.8668
0.023068407347008657,0.8669
0.020404913607256603,0.867
0.017921402408324072,0.8671000000000001
0.01572893185030444,0.8672000000000001
0.0140026783185494,0.8673000000000001
0.01264834772037049,0.8674000000000001
0.011534721293981587,0.8675
0.01096073257817154,0.8676
0.011014017774443996,0.8677
0.011732547134196025,0.8678
0.012586940382635081,0.8679
0.013860005003705878,0.868
0.015558135215282487,0.8681000000000001
0.017941499668590932,0.8682000000000001
0.021033929826171027,0.8683000000000001
0.02471163193396997,0.8684000000000001
0.028894110619201552,0.8685
0.03347895157094549,0.8686
0.0383810901135031,0.8687
0.043479734182413354,0.8688
0.0486633557780376,0.8689
0.05389646850315333,0.869
0.05914743504139652,0.8691000000000001
0.06436166000869559,0.8692000000000001
0.06949806316489504,0.8693000000000001
0.07451697743889285,0.8694000000000001
0.07938382214575845,0.8695
0.084068076432536,0.8696
0.08854134723266249,0.8697
0.09277696390530121,0.8698
0.09675016614008491,0.8699
0.10043820713751328,0.87
0.10382056707239828,0.8701000000000001
0.10687879359413544,0.8702000000000001
0.1095937279661876,0.8703000000000001
0.11194522183357836,0.8704000000000001
0.11391871268944831,0.8705
0.11550553216122839,0.8706
0.11670120562121977,0.8707
0.1175055456803088,0.8708
0.11791991239352972,0.8709
0.11794715543501155,0.871
0.11759040047594482,0.8711000000000001
0.11610171826037807,0.8712000000000001
0.11310057695943088,0.8713000000000001
0.10990013696191547,0.8714000000000001
0.10655313063182992,0.8715
0.1030824141715182,0.8716
0.09950436233524396,0.8717
0.09584054611138049,0.8718
0.09211699887407598,0.8719
0.08822614440430088,0.872
0.0842860687479502,0.8721
0.08036069909595644,0.8722000000000001
0.0764828517455921,0.8723000000000001
0.07268069216291673,0.8724000000000001
0.06898013004131709,0.8725
0.06518804781096599,0.8726
0.06147347856699226,0.8727
0.05777624820311722,0.8728
0.05407283760883019,0.8729
0.05054050778627017,0.873
0.04710980235734841,0.8731
0.04361121015453473,0.8732000000000001
0.040082420495527904,0.8733000000000001
0.03661826193358264,0.8734000000000001
0.03318265627689354,0.8735
0.029819147410960367,0.8736
0.026367812429552773,0.8737
0.023223317793888976,0.8738
0.020455258616726146,0.8739
0.017893531739617607,0.874
0.01558888488540311,0.8741
0.013739889326598753,0.8742000000000001
0.012294332526058271,0.8743000000000001
0.011057716147975238,0.8744000000000001
0.010353115168686644,0.8745
0.010276264337219398,0.8746
0.010871478907809928,0.8747
0.011641605646077968,0.8748
0.012979371830603048,0.8749
0.014814000240746417,0.875
0.017079225859518266,0.8751
0.019995642446366757,0.8752000000000001
0.023566472586259435,0.8753000000000001
0.027656295860110758,0.8754000000000001
0.03218082374851172,0.8755000000000001
0.03703772018894402,0.8756
0.04210744628962204,0.8757
0.04727481664947142,0.8758
0.05250547419670726,0.8759
0.05776606944567053,0.876
0.06300250287812548,0.8761
0.06817232741875068,0.8762000000000001
0.07323548078073872,0.8763000000000001
0.07815634838727348,0.8764000000000001
0.08290392529930657,0.8765000000000001
0.087449059206259,0.8766
0.09176458645127605,0.8767
0.09582507477239832,0.8768
0.09960727609340592,0.8769
0.10309014089452784,0.877
0.10625489299439894,0.8771
0.10908481285205374,0.8772000000000001
0.11156248154269155,0.8773000000000001
0.11366947103623481,0.8774000000000001
0.11539297888752598,0.8775000000000001
0.11672601104667835,0.8776
0.11766559991084813,0.8777
0.11821270908128156,0.8778
0.11836960729471524,0.8779
0.11813989197789332,0.878
0.11719363910488423,0.8781
0.11426945687857482,0.8782000000000001
0.11112881578016232,0.8783000000000001
0.10783291964086938,0.8784000000000001
0.10440768987158,0.8785000000000001
0.10086810704249627,0.8786
0.0972350147402481,0.8787
0.09353299990441022,0.8788
0.08973042073104831,0.8789
0.085801074405914,0.879
0.08187380042096126,0.8791
0.07798351997747255,0.8792000000000001
0.07415994546500915,0.8793000000000001
0.07042962209625159,0.8794000000000001
0.06672556770340166,0.8795000000000001
0.06297679146811586,0.8796
0.05936860167642033,0.8797
0.055626592535444,0.8798
0.05204160220448628,0.8799
0.0486507146338242,0.88
0.0451761228174592,0.8801
0.041771832655771446,0.8802000000000001
0.03824470382174083,0.8803000000000001
0.03492166163748878,0.8804000000000001
0.031479079530640774,0.8805000000000001
0.028117797404783484,0.8806
0.02486783498421552,0.8807
0.02196459085413105,0.8808
0.019438783272439863,0.8809
0.01699465078491258,0.881
0.014969572543952037,0.8811
0.013442172902691452,0.8812000000000001
0.012125238720363862,0.8813000000000001
0.011209631578314783,0.8814000000000001
0.010875517721991912,0.8815000000000001
0.011188684131998361,0.8816
0.011988096116216651,0.8817
0.013053560532171105,0.8818
0.014588946818249404,0.8819
0.01655018648970441,0.882
0.019180021188766938,0.8821
0.022492577348523612,0.8822000000000001
0.026359116449088837,0.8823000000000001
0.030697559115178574,0.8824000000000001
0.035405612686516985,0.8825000000000001
0.04039920407213793,0.8826
0.045557792385805485,0.8827
0.050771422165073465,0.8828
0.0560101128007402,0.8829
0.06124670536736532,0.883
0.06642893935001404,0.8831
0.07151802268781127,0.8832000000000001
0.07647594413758552,0.8833000000000001
0.08126940526063686,0.8834000000000001
0.08586893339113844,0.8835000000000001
0.09024700927849183,0.8836
0.09437780954422115,0.8837
0.09823745837406417,0.8838
0.10180412691404839,0.8839
0.10505820696642598,0.884
0.10798212833290632,0.8841
0.11055759041263125,0.8842000000000001
0.11276530006062335,0.8843000000000001
0.11459157131750863,0.8844000000000001
0.11602861303483225,0.8845000000000001
0.11707275446901333,0.8846
0.1177244920561834,0.8847
0.11798576763884583,0.8848
0.11785998520666818,0.8849
0.11735328347534735,0.885
0.114938860785055,0.8851
0.1118515703331131,0.8852000000000001
0.10859238870760002,0.8853000000000001
0.10519794364403157,0.8854000000000001
0.10168505024554331,0.8855000000000001
0.0980726047240873,0.8856
0.09438362928751187,0.8857
0.0906126647284744,0.8858
0.08668431324741832,0.8859
0.08274753177829786,0.886
0.07883847235488362,0.8861
0.07498792554519218,0.8862
0.07122312064614911,0.8863000000000001
0.06751591795425038,0.8864000000000001
0.06372689228359896,0.8865000000000001
0.06007085559335423,0.8866
0.056326264252217983,0.8867
0.05268855592350463,0.8868
0.04923493094424569,0.8869
0.04574724851270995,0.887
0.04232656176748906,0.8871
0.03873142450964395,0.8872
0.03535601505437369,0.8873000000000001
0.03186098048286867,0.8874000000000001
0.02845889751730346,0.8875000000000001
0.02512248318174226,0.8876000000000001
0.02212088678023605,0.8877
0.019512920710754056,0.8878
0.01696792318497753,0.8879
0.014825078700193783,0.888
0.01317181827419489,0.8881
0.011772923862659601,0.8882
0.010732876364025534,0.8883000000000001
0.01026541961296834,0.8884000000000001
0.010445862228023683,0.8885000000000001
0.01116005837925349,0.8886000000000001
0.01210118223267087,0.8887
0.013518647831899377,0.8888
0.015375511434831068,0.8889
0.017918777255654605,0.889
0.02116281605702408,0.8891
0.024977689939013947,0.8892
0.029279539040129254,0.8893000000000001
0.03396445247614088,0.8894000000000001
0.038947048074602586,0.8895000000000001
0.044106086492900154,0.8896000000000001
0.04933095164963475,0.8897
0.054590379015667656,0.8898
0.05985645153511787,0.8899
0.06507674361867188,0.89
0.07021225029506328,0.8901
0.07522479057178733,0.8902
0.08008085598304937,0.8903000000000001
0.08475072601719558,0.8904000000000001
0.08920661781898431,0.8905000000000001
0.09342242017849345,0.8906000000000001
0.0973739282882683,0.8907
0.10103892322759034,0.8908
0.10439733435335996,0.8909
0.10743105807986464,0.891
0.11012122012868863,0.8911
0.1124479287864153,0.8912
0.1143968448839866,0.8913000000000001
0.11595948993936844,0.8914000000000001
0.11713151045445924,0.8915000000000001
0.11791273684263748,0.8916000000000001
0.11830447581879644,0.8917
0.11830950922264849,0.8918
0.11793093621138073,0.8919
0.11607383813245764,0.892
0.11306085393514942,0.8921
0.10985737905830106,0.8922
0.10650935217929569,0.8923000000000001
0.10303708395128819,0.8924000000000001
0.0994578923973286,0.8925000000000001
0.09579369464624743,0.8926000000000001
0.09207155307431614,0.8927
0.08819240578085685,0.8928
0.08425738655174286,0.8929
0.0803389845494239,0.893
0.07646987716008169,0.8931
0.07267827785812897,0.8932
0.06899056818268512,0.8933000000000001
0.06523169814557706,0.8934000000000001
0.06153516247571311,0.8935000000000001
0.057880375485436675,0.8936000000000001
0.05419793905567083,0.8937
0.0506871817747947,0.8938
0.047312722488038084,0.8939
0.04383677026789323,0.894
0.04036266180940529,0.8941
0.036919176216924976,0.8942
0.03353982129064126,0.8943000000000001
0.030198614591210093,0.8944000000000001
0.026802314512212044,0.8945000000000001
0.023677047239436755,0.8946000000000001
0.02092564598726665,0.8947
0.018425557072296872,0.8948
0.016142466123235444,0.8949
0.014308471122739252,0.895
0.012922886639402886,0.8951
0.011701269040824247,0.8952
0.010999176659242993,0.8953000000000001
0.010913629607584019,0.8954000000000001
0.011489996543488479,0.8955000000000001
0.01232642777715287,0.8956000000000001
0.013642322989191547,0.8957
0.015439863339901772,0.8958
0.01765741456175185,0.8959
0.020521731925445375,0.896
0.02403994396957221,0.8961
0.028079726600243715,0.8962
0.03255849706713376,0.8963000000000001
0.03737472268924025,0.8964000000000001
0.04240957579128635,0.8965000000000001
0.04754784968550552,0.8966000000000001
0.05275364164337071,0.8967
0.05799201768714757,0.8968
0.06320780857852493,0.8969
0.06835753285680524,0.897
0.07340034659127914,0.8971
0.0783000559951702,0.8972
0.08302522799822354,0.8973000000000001
0.08754641002513164,0.8974000000000001
0.09183621568435552,0.8975000000000001
0.09586904174063982,0.8976000000000001
0.0996215213051862,0.8977
0.10307255007328264,0.8978
0.10620334618949501,0.8979
0.10899449044430531,0.898
0.11142561922344396,0.8981
0.11348172176245253,0.8982
0.11515341073326546,0.8983000000000001
0.11643523871365447,0.8984000000000001
0.11732604411251246,0.8985000000000001
0.11782643320314135,0.8986000000000001
0.11793888750445913,0.8987
0.11766649490380032,0.8988
0.11672960886715722,0.8989
0.11377692819912377,0.899
0.1106098480477673,0.8991
0.1072908119544913,0.8992
0.10384603649276303,0.8993
0.10029021670741911,0.8994000000000001
0.0966440696144405,0.8995000000000001
0.09293202284875346,0.8996000000000001
0.0890808732078664,0.8997
0.08514372697266548,0.8998
0.08121304237311833,0.8999
0.07732275532922095,0.9
0.07350197903714151,0.9001
0.0697770831120954,0.9002
0.06601231828323639,0.9003
0.062270124900046464,0.9004000000000001
0.05860305087598805,0.9005000000000001
0.05486891749851952,0.9006000000000001
0.05129860817606113,0.9007000000000001
0.047904861127811005,0.9008
0.04436629217957244,0.9009
0.0408769528668127,0.901
0.03736753320013242,0.9011
0.03396812219944456,0.9012
0.03055416323642368,0.9013
0.02712619745409084,0.9014000000000001
0.023914967859649305,0.9015000000000001
0.021063920696761773,0.9016000000000001
0.01849476644217196,0.9017000000000001
0.016101334896678754,0.9018
0.014144970053536099,0.9019
0.0126725035254458,0.902
0.01132813046611214,0.9021
0.010493840174922386,0.9022
0.010274027860506907,0.9023
0.010720290838331037,0.9024000000000001
0.011478463206400669,0.9025000000000001
0.012671453876098582,0.9026000000000001
0.014354002430509993,0.9027000000000001
0.016470901796515225,0.9028
0.019252396481740153,0.9029
0.022705550396892038,0.903
0.026696712880939,0.9031
0.03114154371427369,0.9032
0.035936993379702464,0.9033
0.04099920055316009,0.9034000000000001
0.04620783469768752,0.9035000000000001
0.051454283820880464,0.9036000000000001
0.05671257064497737,0.9037000000000001
0.061958902514339886,0.9038
0.06714288420747072,0.9039
0.07222742352528222,0.904
0.0771757389220451,0.9041
0.08195550375154748,0.9042
0.08653806340910886,0.9043
0.0908965591220029,0.9044000000000001
0.09500571984782658,0.9045000000000001
0.098842139901268,0.9046000000000001
0.10238440073869859,0.9047000000000001
0.10561325761582407,0.9048
0.10851146492084629,0.9049
0.11106102343466684,0.905
0.11324291161047584,0.9051
0.11504365077295953,0.9052
0.11645559708012965,0.9053
0.11747515683796728,0.9054000000000001
0.11810282044764842,0.9055000000000001
0.1183404782118016,0.9056000000000001
0.11819148228693543,0.9057000000000001
0.11766194778793893,0.9058
0.1148877758016853,0.9059
0.11178801861651011,0.906
0.10852529163547309,0.9061
0.10512952611829618,0.9062
0.10161502680526513,0.9063
0.09800161335337076,0.9064000000000001
0.09431261601618712,0.9065000000000001
0.09054994131728089,0.9066000000000001
0.08662451325422615,0.9067000000000001
0.08269316560323703,0.9068
0.0787921396517034,0.9069
0.07495213146138358,0.907
0.07120009660964854,0.9071
0.06752224265458495,0.9072
0.06374837893698915,0.9073
0.06010864317901854,0.9074000000000001
0.05639686040290948,0.9075000000000001
0.05277772092613464,0.9076000000000001
0.04934398286939534,0.9077000000000001
0.04589935328289996,0.9078
0.042501425211354915,0.9079
0.03894925848883779,0.908
0.035596130589828245,0.9081
0.03215156214419723,0.9082
0.028804013047476706,0.9083
0.025490517338898178,0.9084000000000001
0.022509500019611606,0.9085000000000001
0.019922396700109646,0.9086000000000001
0.017441551783280662,0.9087000000000001
0.015325218980530408,0.9088
0.013691721350888697,0.9089
0.012354071698558622,0.909
0.011333373141878988,0.9091
0.010872421121122189,0.9092
0.011048974428286673,0.9093
0.01182096032663904,0.9094000000000001
0.012756836983995878,0.9095000000000001
0.014155180869403816,0.9096000000000001
0.015980839754099918,0.9097000000000001
0.01848522239976802,0.9098
0.021686641806189177,0.9099
0.025458609105791563,0.91
0.029719557461631352,0.9101
0.03436695581201432,0.9102
0.03931612905622117,0.9103
0.04444630538521044,0.9104000000000001
0.049646682883316196,0.9105000000000001
0.05488454026933831,0.9106000000000001
0.0601305226783343,0.9107000000000001
0.06533124816477742,0.9108
0.07044682060535623,0.9109
0.07543841339269708,0.911
0.08027207222027555,0.9111
0.08491777305754356,0.9112
0.08934753792160666,0.9113
0.09353511368185607,0.9114000000000001
0.09745618681903945,0.9115000000000001
0.10108846993872878,0.9116000000000001
0.10441188307380078,0.9117000000000001
0.10740838117936957,0.9118
0.11005919365018602,0.9119
0.11234456449566299,0.912
0.1142503457868097,0.9121
0.1157682949707376,0.9122
0.11689433140012961,0.9123
0.11762859817281257,0.9124
0.11797272673147607,0.9125000000000001
0.1179298125946634,0.9126000000000001
0.11750323206665636,0.9127000000000001
0.11558016514734892,0.9128000000000001
0.11253983609371121,0.9129
0.10931299427046082,0.913
0.1059449548221546,0.9131
0.10245579839754826,0.9132
0.09886288903012475,0.9133
0.09518810865326921,0.9134
0.09145817605209872,0.9135000000000001
0.08753474129420413,0.9136000000000001
0.08359455753859979,0.9137000000000001
0.07967519844858362,0.9138000000000001
0.07580829020612878,0.9139
0.07202141537527651,0.914
0.06833826991632674,0.9141
0.06452294008331294,0.9142
0.06083406244882805,0.9143
0.057116722108643936,0.9144
0.05344504068118083,0.9145000000000001
0.04995035621863675,0.9146000000000001
0.04650008014545781,0.9147000000000001
0.04303943575137703,0.9148000000000001
0.03948736710777023,0.9149
0.03606492993337951,0.915
0.03260882598477832,0.9151
0.02923298251526818,0.9152
0.025833763914149932,0.9153
0.02275337062232552,0.9154
0.020057128197683793,0.9155000000000001
0.017507347350280034,0.9156000000000001
0.015276384976613544,0.9157000000000001
0.013515603846310453,0.9158000000000001
0.012095888341092209,0.9159
0.010948318896153442,0.916
0.010349656399341933,0.9161
0.010387112680807498,0.9162
0.011079181663588678,0.9163
0.011884025385979546,0.9164
0.013333575985357893,0.9165000000000001
0.01528180715495453,0.9166000000000001
0.01765464809884021,0.9167000000000001
0.020666864222059544,0.9168000000000001
0.024319497985654026,0.9169
0.028476438721101838,0.917
0.03305379988009505,0.9171
0.03794996527443528,0.9172
0.04304549498523369,0.9173
0.04822576591277272,0.9174
0.053458724310215366,0.9175000000000001
0.05871286844662382,0.9176000000000001
0.06393502778182136,0.9177000000000001
0.0690837153263606,0.9178000000000001
0.07411957601831864,0.9179
0.07900755567499851,0.918
0.08371712372760531,0.9181
0.08821953642527425,0.9182
0.09248803047602705,0.9183
0.09649757534138337,0.9184
0.10022530828022835,0.9185000000000001
0.10365052416539233,0.9186000000000001
0.10675472479956405,0.9187000000000001
0.1095187069321859,0.9188000000000001
0.11192231039377132,0.9189
0.11395073900949282,0.919
0.11559484419480781,0.9191
0.11684939754159163,0.9192
0.11771337143197991,0.9193
0.11818741368472263,0.9194
0.11827398855509008,0.9195000000000001
0.11797616576813807,0.9196000000000001
0.1166711895898287,0.9197000000000001
0.11370445631770976,0.9198000000000001
0.1105321259519374,0.9199
0.1072099617766974,0.92
0.1037617075636712,0.9201
0.10020301354618288,0.9202
0.09655495235971057,0.9203
0.09284296094482192,0.9204
0.0889993983927464,0.9205000000000001
0.08506623224091292,0.9206000000000001
0.08114209691805718,0.9207000000000001
0.07726093285444835,0.9208000000000001
0.0734516841042322,0.9209
0.06974055318590044,0.921
0.06600409900891302,0.9211
0.06227782908109136,0.9212
0.058640457521755396,0.9213
0.05492281937549959,0.9214
0.05137089140027973,0.9215000000000001
0.048017689484455284,0.9216000000000001
0.04450264534331638,0.9217000000000001
0.04105936913792707,0.9218000000000001
0.03757312778863531,0.9219
0.0342242074227066,0.922
0.03083267134655321,0.9221
0.027457802488295657,0.9222
0.02426950664203731,0.9223
0.021440146545640193,0.9224
0.018928703909907307,0.9225000000000001
0.01656154502090601,0.9226000000000001
0.014627130677340672,0.9227000000000001
0.013199109448176483,0.9228000000000001
0.011890392036457476,0.9229
0.011070967446654922,0.923
0.010855306571929901,0.9231
0.011296402835219599,0.9232
0.012115465249697088,0.9233
0.013301287213975499,0.9234
0.014963338755916489,0.9235000000000001
0.017049223910679645,0.9236000000000001
0.019793856946618504,0.9237000000000001
0.02320771676145017,0.9238000000000001
0.027160048840689566,0.9239
0.03156829499015523,0.924
0.036330378796516793,0.9241
0.04136283302147037,0.9242
0.046545492887228423,0.9243
0.05176938813479448,0.9244
0.05700720085346789,0.9245000000000001
0.0622339025817914,0.9246000000000001
0.06739832213335406,0.9247000000000001
0.07246266097202592,0.9248000000000001
0.07738961683408652,0.9249
0.08214647326067426,0.925
0.0867042758135419,0.9251
0.09103595182279278,0.9252
0.09511608333426314,0.9253
0.09892118373785563,0.9254
0.10242982407210999,0.9255
0.1056228216702263,0.9256000000000001
0.10848305597232699,0.9257000000000001
0.1109926839677462,0.9258000000000001
0.11313285495101466,0.9259000000000001
0.11489029592938238,0.926
0.11625759522496493,0.9261
0.11723141302151985,0.9262
0.11781252063849745,0.9263
0.11800309506216389,0.9264
0.1178067639201209,0.9265
0.11722987710037824,0.9266000000000001
0.11438637089786075,0.9267000000000001
0.11126049599177545,0.9268000000000001
0.10797589583516776,0.9269000000000001
0.10456170296288447,0.927
0.10103192018974472,0.9271
0.09740642217323658,0.9272
0.0937084970667652,0.9273
0.08990365554742086,0.9274
0.08597187485638647,0.9275
0.08203840050156497,0.9276000000000001
0.07813853990269082,0.9277000000000001
0.07430240601376004,0.9278000000000001
0.07055679071460241,0.9279000000000001
0.06682480288671289,0.928
0.06305803314315417,0.9281
0.059421534934243514,0.9282
0.05565778673961752,0.9283
0.05205084541442728,0.9284
0.04863449528306596,0.9285
0.045114324044398524,0.9286000000000001
0.04166093520730696,0.9287000000000001
0.03810581095635279,0.9288000000000001
0.034731023994692745,0.9289000000000001
0.03126107195682737,0.929
0.02784650309759451,0.9291
0.02456824634089827,0.9292
0.02163680277199931,0.9293
0.019053079135545214,0.9294
0.01657584827818459,0.9295
0.014520115962868285,0.9296000000000001
0.012963846124659062,0.9297000000000001
0.011582742065236351,0.9298000000000001
0.010637942001716638,0.9299000000000001
0.010285941751660088,0.93
0.010590560346299016,0.9301
0.01133032157057734,0.9302
0.01238872782058098,0.9303
0.01392943311569006,0.9304
0.01590715473460791,0.9305
0.018561154330942742,0.9306000000000001
0.0219023701637584,0.9307000000000001
0.025799129335936977,0.9308000000000001
0.03016734050636516,0.9309000000000001
0.034903490437257156,0.931
0.03992290785725139,0.9311
0.04510476642334371,0.9312
0.050339362469529636,0.9313
0.05559786790967314,0.9314
0.06085424595306299,0.9315
0.06605698047241804,0.9316000000000001
0.07116794368948232,0.9317000000000001
0.07614960864041354,0.9318000000000001
0.08096902722404842,0.9319000000000001
0.08559698254494308,0.932
0.0900061227416934,0.9321
0.09417072465971221,0.9322
0.09806695392190723,0.9323
0.1016729674664325,0.9324
0.10496908685755202,0.9325
0.10793761705719063,0.9326000000000001
0.11056009809385614,0.9327000000000001
0.11281704790778557,0.9328000000000001
0.11469453458460077,0.9329000000000001
0.11618447972548562,0.933
0.11728290127614249,0.9331
0.11798996033117204,0.9332
0.11830726024719107,0.9333
0.11823786849274243,0.9334
0.11778517434853553,0.9335
0.11550060950495766,0.9336000000000001
0.11244578422970286,0.9337000000000001
0.10921346796576525,0.9338000000000001
0.10584235618784699,0.9339000000000001
0.10235004440665596,0.934
0.09875480296370298,0.9341
0.09507881651398364,0.9342
0.0913500890138188,0.9343
0.08743257176071184,0.9344
0.08349716179788036,0.9345
0.07958527242742464,0.9346000000000001
0.07572846555915214,0.9347000000000001
0.07195409686014798,0.9348000000000001
0.06828820923624135,0.9349000000000001
0.06449615445934287,0.935
0.06082397909588333,0.9351
0.05713480684841099,0.9352
0.05348155703820989,0.9353
0.050006956968337235,0.9354
0.04659364516706965,0.9355
0.04315497736307061,0.9356000000000001
0.039640223671232544,0.9357000000000001
0.03624061776331078,0.9358000000000001
0.03282804901838343,0.9359000000000001
0.029500129468404523,0.936
0.026125242998947584,0.9361
0.023068145952915398,0.9362
0.02039611277040221,0.9363
0.017904857132295282,0.9364
0.015703184426329786,0.9365
0.013967125999536867,0.9366000000000001
0.012604360051595487,0.9367000000000001
0.01148097580122398,0.9368000000000001
0.01089698373011072,0.9369000000000001
0.010940585411085335,0.937
0.011650184975302125,0.9371
0.012496496124169143,0.9372
0.013761353067820892,0.9373
0.015452538070138022,0.9374
0.017830486803132706,0.9375
0.02091898923029567,0.9376000000000001
0.024594063645871023,0.9377000000000001
0.028775009709872013,0.9378000000000001
0.0333592427063627,0.9379000000000001
0.03826157063897817,0.9380000000000001
0.04336113337450853,0.9381
0.04854635479018765,0.9382
0.05378168203240685,0.9383
0.05903545542166322,0.9384
0.06425309369606513,0.9385
0.06939352551397648,0.9386
0.07441709212361391,0.9387000000000001
0.07928921453607585,0.9388000000000001
0.0839793670920349,0.9389000000000001
0.08845914623767326,0.9390000000000001
0.09270186534024905,0.9391
0.09668274301363977,0.9392
0.1003790066238538,0.9393
0.10377010563983813,0.9394
0.10683755159834318,0.9395
0.10956214555139776,0.9396
0.11192369448933381,0.9397000000000001
0.11390758278093893,0.9398000000000001
0.11550508279561,0.9399000000000001
0.1167116588397612,0.9400000000000001
0.11752706247772715,0.9401
0.11795259528072877,0.9402
0.11799105087455974,0.9403
0.11764550217412462,0.9404
0.11620103595115427,0.9405
0.11320640794749659,0.9406
0.11001095796001936,0.9407000000000001
0.10666810496351176,0.9408000000000001
0.10320096368129583,0.9409000000000001
0.09962582289320221,0.9410000000000001
0.0959642330798186,0.9411
0.09224214585029633,0.9412
0.08835901414166025,0.9413
0.08441961816719612,0.9414
0.08049390736339712,0.9415
0.0766148937967408,0.9416
0.07281087694973132,0.9417000000000001
0.06910780761848778,0.9418000000000001
0.06532440783161864,0.9419000000000001
0.061607050630318794,0.9420000000000001
0.05791894766240002,0.9421
0.05421203240089989,0.9422
0.05067507782533376,0.9423
0.047255330571340126,0.9424
0.04375212418225716,0.9425
0.040234795464231476,0.9426
0.03676492744670523,0.9427000000000001
0.03334020430911511,0.9428000000000001
0.0299723372068168,0.9429000000000001
0.026527270381807577,0.9430000000000001
0.023373309770555073,0.9431
0.020593203065645937,0.9432
0.018035988611347475,0.9433
0.01571915055179396,0.9434
0.013854367952348845,0.9435
0.012410515796732025,0.9436
0.011158112016978583,0.9437000000000001
0.010432941987206013,0.9438000000000001
0.010332410568056893,0.9439000000000001
0.010902203330365623,0.9440000000000001
0.011677494360500473,0.9441
0.012990466596912942,0.9442
0.014797830894875519,0.9443
0.0170355143644092,0.9444
0.019926192303715506,0.9445
0.023474017191020824,0.9446
0.027544108114723853,0.9447000000000001
0.03205230463696185,0.9448000000000001
0.036896216395991166,0.9449000000000001
0.04195637665563279,0.9450000000000001
0.04711748889466416,0.9451
0.052344540499373204,0.9452
0.05760361997237684,0.9453
0.06284032009911455,0.9454
0.06801187969628886,0.9455
0.07307799780781343,0.9456
0.07800286788814303,0.9457000000000001
0.08275532546226971,0.9458000000000001
0.0873060906832408,0.9459000000000001
0.09162789101316937,0.9460000000000001
0.09569519850997166,0.9461
0.09948468230070173,0.9462
0.10297522471542109,0.9463
0.10614799549773246,0.9464
0.10898622848664796,0.9465
0.11147245520563553,0.9466
0.11358818968472428,0.9467000000000001
0.11532056630937793,0.9468000000000001
0.11666252828980594,0.9469000000000001
0.11761105533123473,0.9470000000000001
0.11816707547208738,0.9471
0.1183328336988605,0.9472
0.11811190668623728,0.9473
0.11724426385772335,0.9474
0.1143251646933513,0.9475
0.11118754990417778,0.9476
0.10789398688243934,0.9477000000000001
0.1044709040513343,0.9478000000000001
0.10093309263784034,0.9479000000000001
0.0973013311730846,0.9480000000000001
0.09360000988099837,0.9481
0.08979936023041857,0.9482
0.0858697489253536,0.9483
0.08194137228794995,0.9484
0.07804922266598657,0.9485
0.07422308958302493,0.9486
0.07048956075378221,0.9487000000000001
0.06678442687151642,0.9488000000000001
0.06303192789451872,0.9489000000000001
0.059419364517662165,0.9490000000000001
0.055676304580343006,0.9491
0.052086572486909954,0.9492
0.04869025231093871,0.9493
0.04521421540571602,0.9494
0.041808544685639326,0.9495
0.0382757917627321,0.9496
0.034950007519673365,0.9497000000000001
0.03150094914784396,0.9498000000000001
0.02813528714137825,0.9499000000000001
0.024877743560288712,0.9500000000000001
0.021965978304602007,0.9501000000000001
0.019432543848816985,0.9502
0.016979043826731655,0.9503
0.014943880975915924,0.9504
0.013405970798524569,0.9505
0.012081206622597263,0.9506
0.011155351585752316,0.9507000000000001
0.010810640435870544,0.9508000000000001
0.01111355331666486,0.9509000000000001
0.011905014611163223,0.9510000000000001
0.012960961124097725,0.9511000000000001
0.014487704841072535,0.9512
0.016441662709320015,0.9513
0.019065784525888363,0.9514
0.02237412148110396,0.9515
0.026237768875726708,0.9516
0.030574468491537443,0.9517
0.03528178139817406,0.9518000000000001
0.04027552173947768,0.9519000000000001
0.04543508230120241,0.9520000000000001
0.05065045328616602,0.9521000000000001
0.05589157597383587,0.9522
0.061131253419043685,0.9523
0.06631722479146174,0.9524
0.07141069585392568,0.9525
0.07637365459213064,0.9526
0.08117279699327506,0.9527
0.08577864028042381,0.9528000000000001
0.09016365190448183,0.9529000000000001
0.09430199184198973,0.9530000000000001
0.09816976300887292,0.9531000000000001
0.10174510863674913,0.9532
0.10500838435010695,0.9533
0.10794197522559934,0.9534
0.11052753018283357,0.9535
0.11274570187290589,0.9536
0.11458274486921716,0.9537
0.11603080582903125,0.9538000000000001
0.11708615274938061,0.9539000000000001
0.11774922302119062,0.9540000000000001
0.11802190314266858,0.9541000000000001
0.11790754477513754,0.9542
0.11741224053891108,0.9543
0.11504270518093629,0.9544
0.11196170699776464,0.9545
0.10870722322553361,0.9546
0.10531661192909225,0.9547
0.10180696252481214,0.9548000000000001
0.0981970813193952,0.9549000000000001
0.09450997131069472,0.9550000000000001
0.09074668148424636,0.9551000000000001
0.08681946111575178,0.9552
0.08288276174774933,0.9553
0.07897290594725637,0.9554
0.07512080359381246,0.9555
0.07135373821441471,0.9556
0.06765485711952435,0.9557
0.06386322456094817,0.9558000000000001
0.060203522908106155,0.9559000000000001
0.05646830684710569,0.9560000000000001
0.05282676792012242,0.9561000000000001
0.04936810516602774,0.9562
0.04589182657463131,0.9563
0.042466966664326256,0.9564
0.038882794062224724,0.9565
0.035501085958509204,0.9566
0.03201736256416576,0.9567
0.028624711209624065,0.9568000000000001
0.02527954378114039,0.9569000000000001
0.022266259603540783,0.9570000000000001
0.01964502873897711,0.9571000000000001
0.017105250686279883,0.9572
0.014949772865579636,0.9573
0.013279862557132205,0.9574
0.011883278731253055,0.9575
0.010826597387708414,0.9576
0.010337161342932388,0.9577
0.010492649334442827,0.9578000000000001
0.011208582875852802,0.9579000000000001
0.012125891550816226,0.9580000000000001
0.013516458874589743,0.9581000000000001
0.015345222394701485,0.9582
0.017861330894972438,0.9583
0.02108038235307963,0.9584
0.024873245450608206,0.9585
0.02915641294160798,0.9586
0.03382608698150302,0.9587
0.03879685441438885,0.9588000000000001
0.043947482563246654,0.9589000000000001
0.049167171877797955,0.9590000000000001
0.054423981775261865,0.9591000000000001
0.05968942264197219,0.9592
0.06491074875528502,0.9593
0.0700486478638116,0.9594
0.07506471876548082,0.9595
0.07992529076132049,0.9596
0.08460051871579943,0.9597
0.0890625214848143,0.9598000000000001
0.09328509550254782,0.9599000000000001
0.0972439425363616,0.9600000000000001
0.10091675234026132,0.9601000000000001
0.10428337207589711,0.9602
0.10732562767318143,0.9603
0.11002458141908922,0.9604
0.11236028023838485,0.9605
0.11431832552120413,0.9606
0.1158901827687997,0.9607
0.11707145288158827,0.9608000000000001
0.11786193603901773,0.9609000000000001
0.11826291922266097,0.9610000000000001
0.11827716595913007,0.9611000000000001
0.11790775104138362,0.9612
0.11612984862026521,0.9613
0.11312205613224113,0.9614
0.10992162124584903,0.9615
0.10657587992163964,0.9616
0.10310566886424999,0.9617
0.09952811947609452,0.9618000000000001
0.09586508826920026,0.9619000000000001
0.09214344001855368,0.9620000000000001
0.08826652310347327,0.9621000000000001
0.08433101061345671,0.9622
0.0804112296795011,0.9623
0.07653995149907111,0.9624
0.07274548682678705,0.9625
0.0690542737296238,0.9626
0.0652948679668881,0.9627
0.06159439169257752,0.9628000000000001
0.05793897270185733,0.9629000000000001
0.05425205843384595,0.9630000000000001
0.050736071581842124,0.9631000000000001
0.04736044506778314,0.9632000000000001
0.043878972914029424,0.9633
0.040403919342650196,0.9634
0.036954301602165174,0.9635
0.033572766545463484,0.9636
0.030224572662362448,0.9637
0.02682437773637547,0.9638000000000001
0.023690964312089946,0.9639000000000001
0.02093033472599526,0.9640000000000001
0.01842290975060945,0.9641000000000001
0.016129790768282914,0.9642000000000001
0.014284884511197138,0.9643
0.01289093304161093,0.9644
0.011658446207670314,0.9645
0.010944842688058065,0.9646
0.0108477759445198,0.9647
0.011413147500853649,0.9648
0.012241935036878981,0.9649000000000001
0.013547539552388077,0.9650000000000001
0.015335737428333829,0.9651000000000001
0.017545369870888727,0.9652000000000001
0.020403391015693106,0.9653
0.0239168610754239,0.9654
0.027953296460910382,0.9655
0.0324299421801546,0.9656
0.03724512535030766,0.9657
0.04227995344469515,0.9658
0.04741915919878714,0.9659000000000001
0.05262671080027603,0.9660000000000001
0.05786760118059231,0.9661000000000001
0.06308665036101668,0.9662000000000001
0.06824036012792012,0.9663
0.07328787549712734,0.9664
0.07819298805624142,0.9665
0.08292424604775217,0.9666
0.08745217625409385,0.9667
0.09174936946940415,0.9668
0.09579019727849736,0.9669000000000001
0.09955126454782526,0.9670000000000001
0.10301143459650286,0.9671000000000001
0.10615188786323548,0.9672000000000001
0.10895316292399337,0.9673
0.11139484869126948,0.9674
0.11346187721663725,0.9675
0.11514479672839772,0.9676
0.11643809345500489,0.9677
0.11734054060779431,0.9678
0.11785268352198741,0.9679000000000001
0.11797694642483969,0.9680000000000001
0.11771636342363345,0.9681000000000001
0.11683003202995113,0.9682000000000001
0.1138843157376993,0.9683
0.11072254541021342,0.9684
0.10740794438890733,0.9685
0.10396702106239963,0.9686
0.10041436897196532,0.9687
0.09677067820049112,0.9688
0.09306027865120614,0.9689000000000001
0.0892168733649612,0.9690000000000001
0.08528052652158491,0.9691000000000001
0.08134957102520202,0.9692000000000001
0.07745813399648072,0.9693
0.0736354636539307,0.9694
0.06990797457837794,0.9695
0.06615165748821372,0.9696
0.06240655375408344,0.9697
0.05874836824763263,0.9698
0.05501060194373575,0.9699000000000001
0.05143552101520488,0.9700000000000001
0.04805245199141783,0.9701000000000001
0.044509099114085515,0.9702000000000001
0.041030968052426564,0.9703
0.037515650373373566,0.9704
0.0341267743448761,0.9705
0.030705372228832184,0.9706
0.02728621771835882,0.9707
0.02406550271993768,0.9708
0.021202224449805573,0.9709000000000001
0.018636766741517707,0.9710000000000001
0.016230684178196286,0.9711000000000001
0.014258240084858986,0.9712000000000001
0.012786594237362836,0.9713
0.01142604770287381,0.9714
0.010571075828516463,0.9715
0.010327490408330364,0.9716
0.010748093096388578,0.9717
0.011510615022762849,0.9718
0.012678460988882811,0.9719000000000001
0.014333245674831963,0.9720000000000001
0.016421954120639404,0.9721000000000001
0.019176985906953492,0.9722000000000001
0.02260640995317642,0.9723
0.026577163009672056,0.9724
0.03100506580055029,0.9725
0.03578703716193288,0.9726
0.040839087967281085,0.9727
0.04604080830375912,0.9728
0.051283360675140166,0.9729000000000001
0.05654014092160531,0.9730000000000001
0.06178683968113763,0.9731000000000001
0.06697277678811098,0.9732000000000001
0.07206059009406507,0.9733
0.07701329545407365,0.9734
0.0817984008822269,0.9735
0.0863871098553689,0.9736
0.0907524456756722,0.9737
0.09486903671948632,0.9738
0.09871339291199022,0.9739000000000001
0.1022640271075077,0.9740000000000001
0.10550163920145039,0.9741000000000001
0.10840893453951683,0.9742000000000001
0.11096786116938773,0.9743
0.11315933600739236,0.9744
0.11496981342731705,0.9745
0.11639158270854932,0.9746
0.1174209934239081,0.9747
0.11805849593383733,0.9748
0.11830595216679773,0.9749000000000001
0.11816668831141952,0.9750000000000001
0.1176467923413429,0.9751000000000001
0.11495167091581082,0.9752000000000001
0.11185714575694594,0.9753000000000001
0.10859741993898864,0.9754
0.10520384862735233,0.9755
0.10169127304148862,0.9756
0.09807932797150198,0.9757
0.09439129228304421,0.9758
0.09063148957887912,0.9759000000000001
0.08670622878470358,0.9760000000000001
0.08277411295975545,0.9761000000000001
0.0788714521715248,0.9762000000000001
0.07502900927648914,0.9763000000000001
0.0712737995589674,0.9764
0.06759596274095658,0.9765
0.06381831364564872,0.9766
0.060174019771442766,0.9767
0.056462183408403366,0.9768
0.05283801701574853,0.9769000000000001
0.049398404472356994,0.9770000000000001
0.04595317129006782,0.9771000000000001
0.042549070826499724,0.9772000000000001
0.0389964137792429,0.9773000000000001
0.03563643339841982,0.9774
0.032190038048903524,0.9775
0.028839024858854145,0.9776
0.025517262139171937,0.9777
0.022526781504287552,0.9778
0.019929334212786864,0.9779
0.0174413400230935,0.9780000000000001
0.015314135602678025,0.9781000000000001
0.013668696514213874,0.9782000000000001
0.0123228711493093,0.9783000000000001
0.011290308348169686,0.9784
0.010816669323242767,0.9785
0.010980568515364553,0.9786
0.011744640643060134,0.9787
0.012668680519579256,0.9788
0.014055677701653169,0.9789
0.01587117753866396,0.9790000000000001
0.01836704532704303,0.9791000000000001
0.021561653227606392,0.9792000000000001
0.025328424872527178,0.9793000000000001
0.029585641471182367,0.9794
0.03423063087989231,0.9795
0.03917860138504525,0.9796
0.04430872122729701,0.9797
0.04951012354978479,0.9798
0.05474994626916474,0.9799
0.05999874435849051,0.9800000000000001
0.0652031076399261,0.9801000000000001
0.0703231082275233,0.9802000000000001
0.07531989742343237,0.9803000000000001
0.08015949996602634,0.9804
0.08481186985623435,0.9805
0.08924900528441448,0.9806
0.09344462484120397,0.9807
0.09737438147177535,0.9808
0.10101594945383008,0.9809
0.10434920638961853,0.9810000000000001
0.10735606059972125,0.9811000000000001
0.11001769148332363,0.9812000000000001
0.11231428903317897,0.9813000000000001
0.11423164378934192,0.9814
0.11576144666169053,0.9815
0.11689955041883915,0.9816
0.11764603380652339,0.9817
0.11800246778729506,0.9818
0.11797188998174724,0.9819
0.11755762127586677,0.9820000000000001
0.11568697933731331,0.9821000000000001
0.1126536055145565,0.9822000000000001
0.10943194824976943,0.9823000000000001
0.10606816976476352,0.9824
0.10258266943415362,0.9825
0.09899270498230128,0.9826
0.09532013172907094,0.9827
0.0915918899973831,0.9828
0.08767621706463025,0.9829
0.08373650836718194,0.9830000000000001
0.07981650397248241,0.9831000000000001
0.07594804123020427,0.9832000000000001
0.07215884969504216,0.9833000000000001
0.06847522860360788,0.9834
0.06466614079438926,0.9835
0.06097382648511318,0.9836
0.05726582994842877,0.9837
0.05359004690378,0.9838
0.050090019553179266,0.9839
0.04665089113405552,0.9840000000000001
0.04318486206551908,0.9841000000000001
0.03964440309079387,0.9842000000000001
0.03621535531300224,0.9843000000000001
0.032770037293792464,0.9844
0.029402943506379176,0.9845
0.02599448606814314,0.9846
0.022901952427640593,0.9847
0.020191931426009058,0.9848
0.01764629232975312,0.9849
0.01540193042522664,0.9850000000000001
0.013623871122315112,0.9851000000000001
0.012205356791379351,0.9852000000000001
0.011040350897900009,0.9853000000000001
0.010419125369164117,0.9854
0.010430989849298022,0.9855
0.01111528073519752,0.9856
0.011904313795537913,0.9857
0.013326530705246142,0.9858
0.015245844303169331,0.9859
0.017590362908387336,0.9860000000000001
0.020576380544279127,0.9861000000000001
0.02420585308711387,0.9862000000000001
0.0283431076903371,0.9863000000000001
0.03290436351948567,0.9864
0.03778795930866696,0.9865
0.04287449126601084,0.9866
0.048049179373057305,0.9867
0.05327927664110521,0.9868
0.05853269066140365,0.9869
0.06375592358217985,0.9870000000000001
0.06890716733652957,0.9871000000000001
0.07394683577959538,0.9872000000000001
0.07883970306713273,0.9873000000000001
0.08355510498355989,0.9874
0.08806419110336294,0.9875
0.09234009769839557,0.9876
0.0963576936373034,0.9877
0.10009401948269347,0.9878
0.10352828476236553,0.9879
0.10664191961991698,0.9880000000000001
0.10941565698286793,0.9881000000000001
0.11182927361127715,0.9882000000000001
0.11386790814442871,0.9883000000000001
0.11552234588809096,0.9884000000000001
0.11678730026326067,0.9885
0.11766170128955344,0.9886
0.11814616815184553,0.9887
0.11824314170805905,0.9888
0.11795566476882191,0.9889
0.11673489116856728,0.9890000000000001
0.11377411411598182,0.9891000000000001
0.11060546820241712,0.9892000000000001
0.1072861718032374,0.9893000000000001
0.10384051178034415,0.9894000000000001
0.10028393849874573,0.9895
0.09663745779768185,0.9896
0.0929262989442452,0.9897
0.08908575174895261,0.9898
0.08515235239537788,0.9899
0.08122700679832162,0.9900000000000001
0.07734376382526142,0.9901000000000001
0.07353167171577357,0.9902000000000001
0.06981698550804538,0.9903000000000001
0.06608081629712803,0.9904000000000001
0.06235048210660288,0.9905
0.05871327516139524,0.9906
0.05499096073958376,0.9907
0.05143351319524836,0.9908
0.048074108239832825,0.9909
0.044559447770178506,0.991
0.04111655392806357,0.9911000000000001
0.037623852439597094,0.9912000000000001
0.03427359541793651,0.9913000000000001
0.03087448056958264,0.9914000000000001
0.027496370214344257,0.9915
0.024299141133989455,0.9916
0.0214595528791095,0.9917
0.018940887298747544,0.9918
0.01656263002656244,0.9919
0.014615962374810776,0.992
0.013174998339288368,0.9921000000000001
0.011859021129692948,0.9922000000000001
0.011027020443348912,0.9923000000000001
0.010797725715573803,0.9924000000000001
0.011225217174384516,0.9925
0.012036409160784745,0.9926
0.013209578496978125,0.9927
0.014859620258123263,0.9928
0.016934814199358605,0.9929
0.01967048324626064,0.993
0.023077148940053638,0.9931000000000001
0.02702397337296203,0.9932000000000001
0.03142826019311751,0.9933000000000001
0.03618780388714393,0.9934000000000001
0.04121902617746187,0.9935
0.04640169874303357,0.9936
0.05162677649007574,0.9937
0.05686678838248471,0.9938
0.06209660074389656,0.9939
0.06726500208417141,0.994
0.07233415556810974,0.9941000000000001
0.07726673141762008,0.9942000000000001
0.08202998583293986,0.9943000000000001
0.08659493519421035,0.9944000000000001
0.09093447740972316,0.9945
0.0950231640488598,0.9946
0.09883747513055119,0.9947
0.10235594259657388,0.9948
0.10555933672396489,0.9949
0.10843048148664503,0.995
0.11095147286603912,0.9951000000000001
0.11310339617331722,0.9952000000000001
0.11487291062369909,0.9953000000000001
0.1162525352844761,0.9954000000000001
0.11723886335316636,0.9955
0.11783260289564468,0.9956
0.1180358722435374,0.9957
0.1178522435726862,0.9958
0.1172880175731551,0.9959
0.11449896891642686,0.996
0.11137997847986325,0.9961000000000001
0.10810037559644003,0.9962000000000001
0.10469021112360444,0.9963000000000001
0.10116383321735378,0.9964000000000001
0.0975410031953885,0.9965
0.09384498382397755,0.9966
0.09004825008406714,0.9967
0.08611754428766127,0.9968
0.08218397174057746,0.9969
0.07828302636995965,0.997
0.07444495315152833,0.9971000000000001
0.0706966065792719,0.9972000000000001
0.06697309936913232,0.9973000000000001
0.06320318972338179,0.9974000000000001
0.05957106628387643,0.9975
0.05580792907725729,0.9976
0.05219603972508846,0.9977
0.048773752918897406,0.9978
0.0452652482095659,0.9979
0.04182362494959402,0.998
0.03826220071987496,0.9981000000000001
0.0348972931875835,0.9982000000000001
0.03141918811452982,0.9983000000000001
0.02801267823649023,0.9984000000000001
0.02472428038035268,0.9985
0.021780059057477263,0.9986
0.019199072826705743,0.9987
0.016708539896956198,0.9988
0.014636126739195898,0.9989
0.013060925160695458,0.999
0.011683602090660772,0.9991000000000001
0.010720397380129532,0.9992000000000001
0.010343997491012669,0.9993000000000001
0.010621188126317849,0.9994000000000001
0.011361968558309066,0.9995
0.012394402643209235,0.9996
0.013906447431782043,0.9997
0.015854862807204384,0.9998
0.018481047858943445,0.9999
0.021797058046502782,1.0
