glottal_gap,time
0.06000000000000005,0.0
0.06000000000000005,0.0001
0.05985324040174522,0.0002
0.05948101157775998,0.00030000000000000003
0.05901660457623681,0.0004
0.05853887288681281,0.0005
0.05807044714435339,0.0006000000000000001
0.05758198857614927,0.0007
0.05706271565853971,0.0008
0.05649378476820255,0.0009000000000000001
0.05585331802956728,0.001
0.055146221996642764,0.0011
0.054373202584797165,0.0012000000000000001
0.05356399152244129,0.0013000000000000002
0.0527395457434483,0.0014
0.05192768314163754,0.0015
0.05114653531823743,0.0016
0.050404886030703144,0.0017000000000000001
0.049706169246150234,0.0018000000000000002
0.04904201503808858,0.0019
0.04840314864024098,0.002
0.047778623426111055,0.0021000000000000003
0.0471663067560395,0.0022
0.046579787230776715,0.0023
0.04604858392749378,0.0024000000000000002
0.04561765297836562,0.0025
0.04533121943939444,0.0026000000000000003
0.04522178902963292,0.0027
0.04529643547928974,0.0028
0.04553638290579043,0.0029000000000000002
0.045906063990486246,0.003
0.046366714875679005,0.0031000000000000003
0.04689208946416956,0.0032
0.04747331669795818,0.0033
0.04811956018368879,0.0034000000000000002
0.04884920111300817,0.0035
0.04968230313590705,0.0036000000000000003
0.05063374403428744,0.0037
0.05171092262716259,0.0038
0.05291446907632369,0.0039000000000000003
0.054239786891909114,0.004
0.055679023867480026,0.0041
0.05722175576841204,0.004200000000000001
0.05885568502615146,0.0043
0.06056699995768711,0.0044
0.06234104855306977,0.0045000000000000005
0.0641632068669824,0.0046
0.06601970715223959,0.0047
0.06789833566421666,0.0048000000000000004
0.06978871995790237,0.0049
0.0716820674501023,0.005
0.07357051210882071,0.0051
0.07544594849677966,0.005200000000000001
0.07714610478257677,0.0053
0.07866631746365704,0.0054
0.08017009613594928,0.0055000000000000005
0.08147469534403717,0.0056
0.08267242045105427,0.0057
0.0838212001130586,0.0058000000000000005
0.08489611129575059,0.0059
0.08587242687348384,0.006
0.08661777785231406,0.0061
0.08717934702253982,0.006200000000000001
0.08755132886214945,0.0063
0.08776115659736716,0.0064
0.08789639449191589,0.006500000000000001
0.08796703089140667,0.0066
0.08794311127524379,0.0067
0.08782251737148028,0.0068000000000000005
0.08766249888639899,0.006900000000000001
0.08746081292764962,0.007
0.08721105784957683,0.0071
0.0869060235618635,0.007200000000000001
0.08654063162680048,0.0073
0.08611297325663414,0.0074
0.08562442504926426,0.007500000000000001
0.08507875862691738,0.0076
0.0844806384995348,0.0077
0.08383499706025899,0.0078000000000000005
0.08314702514759242,0.0079
0.08234248692437807,0.008
0.08147415843987038,0.0081
0.08056613156797754,0.0082
0.07962305583681784,0.0083
0.07855483964325083,0.008400000000000001
0.07737735197343443,0.0085
0.07609567466008738,0.0086
0.07464999747908796,0.008700000000000001
0.07316848957805722,0.0088
0.07166658855409713,0.0089
0.07015797184708417,0.009000000000000001
0.06865694014590851,0.0091
0.06717891220419558,0.0092
0.06563424282381947,0.009300000000000001
0.06405818596923019,0.0094
0.062499405545556885,0.0095
0.06095754912573281,0.009600000000000001
0.05947255895724446,0.0097
0.05807654714706589,0.0098
0.056777990269568424,0.0099
0.055583664221545925,0.01
0.05449927846062219,0.010100000000000001
0.05352975632492907,0.0102
0.052679556851613185,0.0103
0.05195212865552645,0.010400000000000001
0.05135006955923038,0.0105
0.05087459849001896,0.0106
0.05052549876626555,0.010700000000000001
0.0503009033373254,0.0108
0.050197094278251475,0.0109
0.05020869496810465,0.011000000000000001
0.05032864055628927,0.0111
0.0505487228299506,0.0112
0.05085975916253105,0.011300000000000001
0.05125204387855753,0.0114
0.0517154252730645,0.0115
0.0522394572471474,0.011600000000000001
0.05281345816217975,0.0117
0.053426629297544936,0.0118
0.0540682252474749,0.0119
0.054727675830789746,0.012
0.05539467023760136,0.012100000000000001
0.05605914110344057,0.0122
0.056711218641144256,0.0123
0.05734120904921447,0.012400000000000001
0.05793963847117767,0.0125
0.05849738151521944,0.0126
0.059005836857012994,0.012700000000000001
0.059457100119320705,0.0128
0.059844114840894025,0.0129
0.06016075501492946,0.013000000000000001
0.060401884424787444,0.0131
0.06056336100906301,0.0132
0.06064204541956597,0.013300000000000001
0.060635783718835046,0.0134
0.06054340243504497,0.0135
0.060364697855947,0.013600000000000001
0.06010043534604759,0.0137
0.05975235366285192,0.013800000000000002
0.05932316959160988,0.013900000000000001
0.05881658078064356,0.014
0.05823725213236952,0.014100000000000001
0.05759078650337224,0.0142
0.056883670708085976,0.0143
0.056123202865566046,0.014400000000000001
0.05531740063832502,0.0145
0.054474897504533715,0.0146
0.05360482965882718,0.014700000000000001
0.05271671976257686,0.0148
0.0518203613971151,0.0149
0.05092571059020745,0.015000000000000001
0.050042787656945587,0.0151
0.049181592115924655,0.0152
0.048352028314006645,0.015300000000000001
0.047563837040589974,0.0154
0.04682652600657122,0.0155
0.046149292196012714,0.015600000000000001
0.04554093274404725,0.015700000000000002
0.0450097436812531,0.0158
0.04456341190571944,0.0159
0.04420890676510125,0.016
0.0439523806113542,0.0161
0.0437990850195189,0.0162
0.04375330828256985,0.016300000000000002
0.04381833563202453,0.0164
0.04399643117829144,0.0165
0.04428883811628892,0.0166
0.04469579253080602,0.0167
0.04521654659312424,0.016800000000000002
0.04584939739599614,0.016900000000000002
0.046591719815611166,0.017
0.047440002594755226,0.0171
0.04838988871534444,0.0172
0.04943622108594936,0.0173
0.05057309526107212,0.017400000000000002
0.0517939199547679,0.0175
0.053091485853621556,0.0176
0.05445804193039794,0.0177
0.05588537782690017,0.0178
0.05736490982577158,0.0179
0.05888776752576619,0.018000000000000002
0.06044487810580235,0.0181
0.0620270453770807,0.0182
0.06362502160917072,0.0183
0.06522957105500915,0.0184
0.06683152534570436,0.018500000000000003
0.06842183174614358,0.018600000000000002
0.06999159605400163,0.0187
0.07153212196004144,0.0188
0.0730349486085824,0.0189
0.07449188741305446,0.019
0.07589505860278623,0.019100000000000002
0.07723692721707442,0.019200000000000002
0.07851033785471206,0.0193
0.07970854722261134,0.0194
0.0808143962221004,0.0195
0.08173843558617089,0.0196
0.08252016806071105,0.019700000000000002
0.08321371080205564,0.0198
0.0837438666354261,0.0199
0.08412750397835145,0.02
0.08442574293960825,0.0201
0.08463812635998524,0.020200000000000003
0.0847625532517381,0.020300000000000002
0.08479747123603143,0.0204
0.08474217722561583,0.0205
0.08459678219523614,0.0206
0.08436228544663715,0.0207
0.08404039121447704,0.020800000000000003
0.08357211110087037,0.020900000000000002
0.0830305894199056,0.021
0.08242380542559502,0.0211
0.08175593155891092,0.0212
0.08103074399865329,0.0213
0.08025266187357816,0.021400000000000002
0.07942654295915597,0.021500000000000002
0.07855778653389456,0.0216
0.07765212944444388,0.0217
0.07671546331776902,0.0218
0.07575370499818679,0.0219
0.07477280562482536,0.022000000000000002
0.07377127701873842,0.0221
0.07269138972798672,0.0222
0.07160219361774844,0.0223
0.07051374164150581,0.0224
0.06943431347864404,0.022500000000000003
0.06837136150451728,0.022600000000000002
0.06733219423656778,0.0227
0.06632351058047747,0.0228
0.06535155266954884,0.0229
0.06442191760624483,0.023
0.06353950238476458,0.023100000000000002
0.0626425205135902,0.023200000000000002
0.06170952577586275,0.0233
0.06080021160481852,0.0234
0.0599083743145129,0.0235
0.05902697308249305,0.0236
0.058199112711655676,0.023700000000000002
0.05745254419704238,0.0238
0.05679183940302823,0.0239
0.056219785920557985,0.024
0.055738064094762896,0.0241
0.05534759332824768,0.024200000000000003
0.05504852120684922,0.024300000000000002
0.054840158133331096,0.0244
0.054720862896034506,0.0245
0.054687994956578834,0.0246
0.05473792938788624,0.0247
0.054866127302782175,0.024800000000000003
0.055067226111437106,0.024900000000000002
0.0553350927744225,0.025
0.05566285825140782,0.0251
0.056042928395395375,0.0252
0.05646701250598696,0.0253
0.056926195274535685,0.025400000000000002
0.057411057455859504,0.025500000000000002
0.057911864378792366,0.0256
0.058418792343171155,0.0257
0.058922189574589945,0.0258
0.05941281717196345,0.025900000000000003
0.05988203929306912,0.026000000000000002
0.060321924187053844,0.0261
0.06072525458022893,0.0262
0.06108547505386153,0.0263
0.06139661580240041,0.0264
0.061653237645906134,0.026500000000000003
0.06185041665992752,0.026600000000000002
0.061983774943427994,0.0267
0.062049543139107044,0.0268
0.06204463914003211,0.0269
0.061966746656699656,0.027
0.06181438308373999,0.027100000000000003
0.06158695042792872,0.027200000000000002
0.061284765156440435,0.0273
0.06090906333570778,0.0274
0.06046197911501128,0.0275
0.05994649694653953,0.027600000000000003
0.05936638390612803,0.027700000000000002
0.05872611138014072,0.027800000000000002
0.058030778232113,0.0279
0.05728604505051815,0.028
0.05649808551422009,0.0281
0.055673555439932354,0.028200000000000003
0.054819574857979836,0.028300000000000002
0.05394371510478879,0.0284
0.0530539805060708,0.0285
0.05215877526615986,0.0286
0.05126684820260219,0.0287
0.05038721278447689,0.028800000000000003
0.0495290445465284,0.028900000000000002
0.04870156262584624,0.029
0.047913904608611,0.0291
0.04717500411053277,0.0292
0.04649347833844408,0.029300000000000003
0.04587752930940758,0.029400000000000003
0.04533485870153853,0.029500000000000002
0.04487259353775763,0.0296
0.04449721878986379,0.0297
0.04421451342550142,0.0298
0.04402948802504625,0.029900000000000003
0.043946324050279095,0.030000000000000002
0.04396831668660961,0.030100000000000002
0.04409782436083898,0.0302
0.044336228634111574,0.0303
0.0446839080147976,0.0304
0.04514022865828804,0.030500000000000003
0.04570355382648983,0.030600000000000002
0.04637127267348373,0.0307
0.04713984740121524,0.0308
0.04800487638759998,0.0309
0.04896116968638209,0.031
0.050002832561481414,0.031100000000000003
0.051123352601854855,0.031200000000000002
0.052315686444389664,0.0313
0.05357234316305948,0.031400000000000004
0.05488546266171479,0.0315
0.05624688872516259,0.0316
0.05764823738937053,0.0317
0.05908096186649758,0.0318
0.06053641528649112,0.031900000000000005
0.062005912124039164,0.032
0.06348078851056504,0.032100000000000004
0.06495246094056906,0.0322
0.06641248234991193,0.0323
0.06785259431206381,0.0324
0.06926477419537913,0.0325
0.07064127649861307,0.032600000000000004
0.07197466812926556,0.0327
0.07325785796941275,0.0328
0.07448412157827122,0.0329
0.07564712220705616,0.033
0.07674092942054322,0.033100000000000004
0.07776003651405694,0.0332
0.07869937763587453,0.0333
0.07955434512254411,0.0334
0.08032080711776712,0.0335
0.0809951251429013,0.033600000000000005
0.08151038070595995,0.0337
0.08184249196464144,0.033800000000000004
0.08208225798412994,0.0339
0.08217025387334898,0.034
0.08211678598042194,0.0341
0.08198317104093567,0.0342
0.08177216003460042,0.034300000000000004
0.0814848101630351,0.0344
0.08112267280232688,0.0345
0.08068806930539807,0.0346
0.08018397581964554,0.0347
0.07961406609884092,0.034800000000000005
0.07898251332257722,0.0349
0.07829387902341411,0.035
0.07755306027908548,0.0351
0.07676526912020798,0.0352
0.07593601882925283,0.035300000000000005
0.07507109514683641,0.0354
0.07417652165861444,0.035500000000000004
0.07325850440464698,0.0356
0.07232336868283729,0.0357
0.0713774865620016,0.0358
0.07042720938891478,0.0359
0.06947881896661534,0.036000000000000004
0.06853851402109168,0.0361
0.06761243923065263,0.0362
0.06670674341277849,0.0363
0.06582762916593499,0.0364
0.06498134567298364,0.036500000000000005
0.06417408589662632,0.0366
0.06341178854864693,0.0367
0.06269988359751066,0.0368
0.0620301487463264,0.0369
0.0612947911470576,0.037000000000000005
0.06061791728983812,0.0371
0.05997534014210304,0.037200000000000004
0.0593573151947242,0.0373
0.05877043070948251,0.0374
0.058219834711745966,0.0375
0.0577467424320357,0.0376
0.057354071484568614,0.037700000000000004
0.05704316114514252,0.0378
0.056814322203806,0.0379
0.05666697751984495,0.038
0.05660005485892383,0.0381
0.05661161030239792,0.038200000000000005
0.05669895675706327,0.0383
0.056858455679029696,0.038400000000000004
0.05708550525224476,0.0385
0.05737462202660537,0.0386
0.05771942705850841,0.038700000000000005
0.05811285389534815,0.0388
0.05854718828579153,0.038900000000000004
0.05901424059994942,0.039
0.059505447304175396,0.0391
0.06001197227069144,0.0392
0.060524864516910415,0.0393
0.06103515865321407,0.039400000000000004
0.061534068841338274,0.0395
0.06201311548484856,0.0396
0.06246426979756947,0.0397
0.06288004183240614,0.0398
0.06325351665726608,0.039900000000000005
0.06357838655517789,0.04
0.06384893475474374,0.040100000000000004
0.06406005468472009,0.0402
0.06420724270669798,0.0403
0.0642866214736042,0.040400000000000005
0.06429496224920106,0.0405
0.06422972410332484,0.040600000000000004
0.06408910452909533,0.0407
0.063872080915655,0.0408
0.06357844713465055,0.0409
0.06320882336290856,0.041
0.06276465291487243,0.041100000000000005
0.062248181106228206,0.0412
0.06166242440049652,0.0413
0.06101113209130671,0.0414
0.06029874067993324,0.0415
0.05953032679484482,0.041600000000000005
0.05871155921430238,0.0417
0.057848654744324435,0.041800000000000004
0.056948339129090364,0.0419
0.05601781121223226,0.042
0.05506470958609544,0.042100000000000005
0.05409707493099569,0.0422
0.05312330607286597,0.042300000000000004
0.05215210388245928,0.0424
0.051192402560463535,0.0425
0.050253287768096344,0.0426
0.049343904033099406,0.0427
0.0484733556005168,0.042800000000000005
0.047650604261636254,0.0429
0.0468843688063556,0.043000000000000003
0.04618302795267426,0.0431
0.045554528644430325,0.0432
0.045006299202608124,0.043300000000000005
0.04454516680006515,0.0434
0.04417727826010309,0.043500000000000004
0.04390802394748694,0.0436
0.04374196560956567,0.0437
0.0436827701064606,0.0438
0.04373315190885485,0.0439
0.0438948275321871,0.044000000000000004
0.04416848478615232,0.0441
0.0445537690347908,0.0442
0.04504928757986626,0.0443
0.045652632264785,0.0444
0.04636041934978108,0.044500000000000005
0.04716834482698884,0.0446
0.048071252720999436,0.044700000000000004
0.0490632133781137,0.0448
0.050137608683632706,0.0449
0.05128722111354844,0.045000000000000005
0.05250432399782734,0.0451
0.05378077080301469,0.045200000000000004
0.05510808194058647,0.0453
0.05647752814921514,0.0454
0.057880209993324216,0.0455
0.0593071333108397,0.0456
0.06074928053480311,0.045700000000000005
0.06219767780491958,0.0458
0.06364345764383639,0.0459
0.06507791690402986,0.046
0.06649256962281902,0.0461
0.06787919451831637,0.046200000000000005
0.06922987699708005,0.0463
0.07053704579737219,0.046400000000000004
0.07179350462133605,0.0465
0.07299245933866205,0.0466
0.07412754146971301,0.046700000000000005
0.07519282870679989,0.0468
0.07618286316818068,0.046900000000000004
0.07709266794776548,0.047
0.07791776233655157,0.0471
0.07865417589256152,0.0472
0.07929846135963392,0.0473
0.07984770629655968,0.047400000000000005
0.08029954321003463,0.0475
0.08065215796687797,0.0476
0.0808546749548219,0.0477
0.0808556818266758,0.0478
0.0807632472434947,0.047900000000000005
0.08050540612686019,0.048
0.0801313701601275,0.048100000000000004
0.07968381949949566,0.0482
0.07916703055554708,0.0483
0.07858387988062088,0.048400000000000006
0.07793798406927632,0.0485
0.07723361295048448,0.048600000000000004
0.0764757180736727,0.0487
0.07566983767086022,0.0488
0.07482190271972256,0.0489
0.07393811600192368,0.049
0.07302489805979473,0.049100000000000005
0.07208885249299757,0.0492
0.07113674435754835,0.049300000000000004
0.0701754542565739,0.0494
0.06921193607569076,0.0495
0.06825314629711499,0.049600000000000005
0.06730597484919099,0.0497
0.06637715973181069,0.049800000000000004
0.06547321120759253,0.0499
0.06460002831481715,0.05
0.06376195389401218,0.050100000000000006
0.06296385201588917,0.0502
0.06221551774416434,0.050300000000000004
0.061527537071414895,0.0504
0.060905911824442716,0.0505
0.06035641867186392,0.0506
0.05987427140542323,0.0507
0.05935124079956933,0.050800000000000005
0.05888618361490927,0.0509
0.05844888132649184,0.051000000000000004
0.05803411816689241,0.0511
0.05763427538234178,0.0512
0.057294025011894956,0.051300000000000005
0.057039721607492266,0.0514
0.056873847510447106,0.051500000000000004
0.056794737699038755,0.0516
0.05680224365279796,0.0517
0.05689278616149296,0.051800000000000006
0.05706388179015276,0.0519
0.05731145914005098,0.052000000000000005
0.05763071548561638,0.0521
0.05801661952600434,0.0522
0.05846254330471923,0.0523
0.05896199777598876,0.0524
0.059507208859360894,0.052500000000000005
0.060090113513345145,0.0526
0.06070202705670702,0.052700000000000004
0.061333488477925524,0.0528
0.061974988517082163,0.0529
0.0626163331666919,0.053000000000000005
0.06324768597899388,0.0531
0.06385913213255001,0.053200000000000004
0.06444134189414497,0.0533
0.06498556764633434,0.0534
0.06548372329512797,0.053500000000000006
0.06592865314463936,0.0536
0.0663138469721769,0.053700000000000005
0.06663373684947127,0.0538
0.0668833691080335,0.0539
0.06705855158741181,0.054
0.06715564101817917,0.0541
0.0671715516971727,0.054200000000000005
0.06710373988307106,0.0543
0.06695023783670895,0.054400000000000004
0.06670979224859575,0.0545
0.06638195011544445,0.0546
0.06596717338411973,0.054700000000000006
0.06546689119889815,0.0548
0.06488349418060113,0.054900000000000004
0.0642203155144917,0.055
0.06348153536542267,0.0551
0.06267210652876543,0.055200000000000006
0.061797644130773266,0.0553
0.06086434137410124,0.055400000000000005
0.05987890785749561,0.0555
0.05884851749621234,0.055600000000000004
0.057780806145020014,0.0557
0.05668385189672942,0.0558
0.055566189718113224,0.055900000000000005
0.054436788483613885,0.056
0.05330503001914022,0.056100000000000004
0.05218064830733682,0.0562
0.05107364990429786,0.0563
0.04999420899739482,0.056400000000000006
0.04895254494830592,0.0565
0.04795879557644134,0.056600000000000004
0.047022887655301826,0.0567
0.04615441852918889,0.0568
0.04536254687641872,0.056900000000000006
0.044655896933402994,0.057
0.04406250190418004,0.057100000000000005
0.043611312349854714,0.0572
0.043290844841896936,0.057300000000000004
0.043078525812191515,0.0574
0.04297496504450771,0.0575
0.04298893555251748,0.057600000000000005
0.04312110825611404,0.0577
0.04337463647652173,0.057800000000000004
0.043749549640008434,0.0579
0.044223290889141786,0.058
0.04477228184492055,0.058100000000000006
0.04540899704227375,0.0582
0.04615823176005285,0.058300000000000005
0.04701850586552769,0.0584
0.04797891578088542,0.0585
0.04903453786188172,0.058600000000000006
0.05017552957915483,0.0587
0.05139413897936551,0.058800000000000005
0.052682229424910965,0.0589
0.05402939783107619,0.059000000000000004
0.05542735747338501,0.0591
0.056864825687222176,0.0592
0.05833230312349302,0.059300000000000005
0.05981922362046799,0.0594
0.06131549754924648,0.059500000000000004
0.0628115136699422,0.0596
0.06429719820395785,0.0597
0.06576330831615951,0.059800000000000006
0.0672001922835389,0.0599
0.06859888026972794,0.060000000000000005
0.0699506990244727,0.0601
0.07124741995220396,0.060200000000000004
0.07248150628165939,0.0603
0.07364566267014483,0.0604
0.0747333229526056,0.060500000000000005
0.07573842134926767,0.0606
0.07665571521731607,0.060700000000000004
0.07748087063334275,0.0608
0.07821023474317457,0.0609
0.07884099014192958,0.061000000000000006
0.07937065840691893,0.0611
0.07979736383770242,0.061200000000000004
0.08011953567652275,0.0613
0.08033617510561486,0.0614
0.08044675714361094,0.061500000000000006
0.08045132099352736,0.0616
0.08022778120259355,0.061700000000000005
0.07987151605458687,0.0618
0.07937232389424409,0.061900000000000004
0.07873142001153954,0.062
0.07801915346296973,0.0621
0.07724253191342478,0.062200000000000005
0.07640663501373779,0.0623
0.07551684785716406,0.062400000000000004
0.07457933173162024,0.0625
0.07360072032838161,0.0626
0.07258812041600438,0.0627
0.07154887330341031,0.06280000000000001
0.07049044719992059,0.0629
0.06942041238272756,0.063
0.06834644797724987,0.0631
0.0672763560988413,0.0632
0.0662180367498929,0.06330000000000001
0.06517912880766896,0.0634
0.064166032141031,0.0635
0.06318583047193582,0.0636
0.06225036199540945,0.0637
0.06137185124700861,0.06380000000000001
0.060557531204668225,0.0639
0.05981370665801378,0.064
0.05914573648246302,0.0641
0.05855596459711121,0.06420000000000001
0.05804640839290398,0.06430000000000001
0.057617238275405436,0.0644
0.057143340310009894,0.0645
0.05675248519091691,0.0646
0.05645347604037565,0.06470000000000001
0.056221361077406495,0.0648
0.05599461548929474,0.0649
0.05576627243971721,0.065
0.05562380338874706,0.0651
0.05558062230190175,0.06520000000000001
0.05563905564013849,0.0653
0.05579566156316895,0.0654
0.056046920115530474,0.0655
0.05638957133354228,0.0656
0.05681739799906893,0.06570000000000001
0.05732622409668009,0.0658
0.05790868323810949,0.0659
0.05855803068898946,0.066
0.059265938270960605,0.0661
0.06002303117156227,0.06620000000000001
0.06081978340078975,0.0663
0.06164525294883083,0.0664
0.06248887226596933,0.0665
0.0633392770293808,0.0666
0.06418527157665654,0.06670000000000001
0.06501569081618597,0.0668
0.06581936024493362,0.0669
0.06658578828443862,0.067
0.0673047220759957,0.0671
0.06796690898098912,0.06720000000000001
0.06856381449287097,0.0673
0.06908791448900564,0.0674
0.06953272468182359,0.0675
0.06989255142076733,0.06760000000000001
0.07016269259973917,0.06770000000000001
0.07033899242428499,0.0678
0.070418112883184,0.0679
0.07039727396042528,0.068
0.07027449287117615,0.06810000000000001
0.07004855302436142,0.0682
0.06971909854142244,0.0683
0.06928668834487539,0.0684
0.06875277084342912,0.0685
0.0681197373405904,0.06860000000000001
0.06739087785650244,0.0687
0.0665703995374557,0.0688
0.06566339122655696,0.0689
0.06467577923473056,0.069
0.06361427150446008,0.06910000000000001
0.062486270325877835,0.0692
0.06129980186668127,0.0693
0.060063447911122614,0.0694
0.05878629235591082,0.0695
0.057477901367140705,0.06960000000000001
0.05614828853204368,0.0697
0.05480791197165402,0.0698
0.05346762796172433,0.0699
0.052138654622616576,0.07
0.050832487159566675,0.07010000000000001
0.04956080466994184,0.0702
0.04833534607960943,0.0703
0.04716777469944544,0.0704
0.04606953777845524,0.07050000000000001
0.045070991924603065,0.07060000000000001
0.04420349614714758,0.0707
0.043459451975808694,0.0708
0.04282059279931483,0.0709
0.042291344149672616,0.07100000000000001
0.04188420537088011,0.0711
0.04160379365663669,0.0712
0.04145715899868452,0.0713
0.04144825632499094,0.0714
0.04157883546627983,0.07150000000000001
0.04185141480869903,0.0716
0.042264441599101144,0.0717
0.04281745924417568,0.0718
0.043506986766945976,0.0719
0.0443084175465549,0.07200000000000001
0.045193585284572846,0.0721
0.04617216470341523,0.0722
0.047264252599247936,0.0723
0.04846477789557979,0.0724
0.04975902740825222,0.07250000000000001
0.05113804462166249,0.0726
0.05258874319445073,0.0727
0.05409995108432519,0.0728
0.055660967031049724,0.0729
0.05725914297128076,0.07300000000000001
0.05888423561728562,0.0731
0.06052341488170965,0.0732
0.06216530244395968,0.0733
0.06379767918118073,0.0734
0.06540859803239041,0.07350000000000001
0.06698695384465991,0.0736
0.0685216780498159,0.0737
0.07000302120855073,0.0738
0.07142158953837885,0.07390000000000001
0.07276885567123337,0.07400000000000001
0.0740370671700421,0.0741
0.07521885643666315,0.0742
0.07630783433576294,0.0743
0.07729788821315775,0.07440000000000001
0.07818384368177711,0.0745
0.07896109262024387,0.0746
0.07962587389560327,0.0747
0.08017531366707642,0.0748
0.0806071773622441,0.07490000000000001
0.08092010840243336,0.075
0.08111319616034207,0.0751
0.08118632773684453,0.0752
0.0811399307160372,0.0753
0.08097524088789154,0.07540000000000001
0.08068208426062651,0.0755
0.08013065187386248,0.0756
0.07945111052412712,0.0757
0.07858309537632624,0.0758
0.07763894641175717,0.07590000000000001
0.07662768554162447,0.076
0.07555597630064126,0.0761
0.07442984852604329,0.0762
0.0732566366211379,0.0763
0.07204435575189694,0.07640000000000001
0.07080189399963799,0.0765
0.0695386055107039,0.0766
0.06826407769742748,0.0767
0.06698795728263818,0.07680000000000001
0.06571987731386852,0.07690000000000001
0.06446908276503516,0.077
0.06324354020783673,0.0771
0.062051915999470686,0.0772
0.060907687272328315,0.07730000000000001
0.05982481086543212,0.07740000000000001
0.0588124505602976,0.0775
0.05787899794060536,0.0776
0.057031923307247157,0.0777
0.05627553023633469,0.07780000000000001
0.05561346104364939,0.0779
0.05504905335358834,0.078
0.05458307388419725,0.0781
0.05407891181746827,0.0782
0.05367725845831006,0.07830000000000001
0.05338776041543025,0.0784
0.05321242795396519,0.0785
0.05307816233221763,0.0786
0.053063747609177314,0.0787
0.053100764800419586,0.07880000000000001
0.053183806729901084,0.0789
0.05336200509739064,0.079
0.053658959555004104,0.0791
0.054075406944375404,0.0792
0.054601640444084776,0.07930000000000001
0.05523327213208007,0.0794
0.05596163784834429,0.0795
0.05677880690955628,0.0796
0.05767674224048136,0.07970000000000001
0.05864422390945201,0.07980000000000001
0.059671641904931905,0.0799
0.06074602944491181,0.08
0.061855306104073415,0.0801
0.0629860626293246,0.08020000000000001
0.0641245456724796,0.08030000000000001
0.06525728835116484,0.0804
0.06637025565884147,0.0805
0.06745045726059895,0.0806
0.06848513957889035,0.08070000000000001
0.06946263537910924,0.08080000000000001
0.07037228073667057,0.0809
0.07120409304810194,0.081
0.07194922598247144,0.0811
0.07259926511170856,0.08120000000000001
0.0731468571452798,0.0813
0.07358541911556227,0.0814
0.07390947056231523,0.0815
0.07411472392841345,0.0816
0.0741978403144764,0.08170000000000001
0.07415664908855135,0.0818
0.0739897063189856,0.0819
0.07369663497985601,0.082
0.07327788926627532,0.0821
0.07273502224722073,0.08220000000000001
0.07207057142564843,0.0823
0.07128807425687622,0.0824
0.07039199576954147,0.0825
0.06938764905733374,0.0826
0.06828120496962886,0.08270000000000001
0.0670796600434097,0.0828
0.0657908625762752,0.0829
0.0644234962385688,0.083
0.0629870483467756,0.08310000000000001
0.061491766528131375,0.08320000000000001
0.05994858476587861,0.0833
0.05836905575372109,0.0834
0.056765276797284825,0.0835
0.055149807268813245,0.08360000000000001
0.05353560628048615,0.08370000000000001
0.05193593890651349,0.0838
0.050364314790356746,0.0839
0.04883438590128719,0.084
0.04737881213916917,0.08410000000000001
0.04603158340735125,0.08420000000000001
0.04478857978193207,0.0843
0.043635468338697025,0.0844
0.04258092321213969,0.0845
0.041642025106514824,0.08460000000000001
0.04082823385510981,0.0847
0.04015168768899935,0.0848
0.03962163285201692,0.0849
0.03924524757454728,0.085
0.039030473250730946,0.08510000000000001
0.03898113158601735,0.0852
0.03910191527814577,0.0853
0.03939417917198229,0.0854
0.03985813606153643,0.0855
0.040492083854505534,0.08560000000000001
0.04129180743152405,0.0857
0.042251879239500356,0.0858
0.04336430410490344,0.0859
0.044598989343618944,0.08600000000000001
0.04592171261188205,0.08610000000000001
0.04733728404761339,0.0862
0.04886099005078637,0.0863
0.050483537112784305,0.0864
0.05218620011127628,0.08650000000000001
0.05395637114453922,0.08660000000000001
0.055777691085841186,0.0867
0.05763546324770363,0.0868
0.059515755342187227,0.0869
0.06140254720184457,0.08700000000000001
0.06328274150611113,0.08710000000000001
0.06514124358504625,0.0872
0.06696504572013906,0.0873
0.06874116139777608,0.0874
0.0704571517881244,0.08750000000000001
0.07210198255589173,0.0876
0.07366465094020491,0.0877
0.07513583069402807,0.0878
0.07650663546495184,0.0879
0.0777693167070842,0.08800000000000001
0.07891702795814959,0.0881
0.07994339174597231,0.0882
0.08084305193158836,0.0883
0.08161093172384504,0.0884
0.08224297784134427,0.08850000000000001
0.08273583838065623,0.0886
0.08308723930138817,0.0887
0.0832960733999254,0.0888
0.08336216442127886,0.0889
0.0832864742838283,0.08900000000000001
0.08307060387326204,0.0891
0.08271705218709358,0.0892
0.08222889783005449,0.0893
0.08144897054230449,0.08940000000000001
0.08045034141164786,0.08950000000000001
0.07930890562190696,0.0896
0.07808329585362184,0.0897
0.07678249300655482,0.0898
0.07541410965767237,0.08990000000000001
0.07398602768476359,0.09000000000000001
0.0725073423801712,0.0901
0.07098833534809501,0.0902
0.06944025700223966,0.0903
0.0678749011908395,0.09040000000000001
0.06630431735415387,0.09050000000000001
0.06474030976073519,0.0906
0.0631934783978314,0.0907
0.061675180130269736,0.0908
0.060201559458637255,0.09090000000000001
0.058789144604573185,0.091
0.05744961730578724,0.0911
0.056193941614240295,0.0912
0.05503227820952317,0.0913
0.05397178950869552,0.09140000000000001
0.05301911933511105,0.0915
0.052180605525438795,0.0916
0.0514621262140289,0.0917
0.050869103388890835,0.0918
0.05029915616837766,0.09190000000000001
0.0497990340606298,0.092
0.04943768129446324,0.0921
0.04922396101256599,0.0922
0.04908769935187518,0.09230000000000001
0.049085759667208295,0.09240000000000001
0.04919864640112559,0.0925
0.04940545464324142,0.0926
0.04976359321805868,0.0927
0.05027196957086688,0.09280000000000001
0.05092671183454067,0.09290000000000001
0.051703032822065564,0.093
0.05257170116922927,0.0931
0.05353934528784832,0.0932
0.05462184653662194,0.09330000000000001
0.05581178141438792,0.09340000000000001
0.05709162573374238,0.0935
0.058449123829244165,0.0936
0.05986786769296071,0.0937
0.06133236097256023,0.09380000000000001
0.06282752865019092,0.09390000000000001
0.06433561044884617,0.094
0.06584128547509249,0.0941
0.0673267769707312,0.0942
0.06877622545247575,0.09430000000000001
0.07017376694418431,0.0944
0.0715044145249748,0.0945
0.07275486806350895,0.0946
0.07391227218415497,0.0947
0.07496568325900188,0.09480000000000001
0.0759048458573236,0.0949
0.07672085400106465,0.095
0.07740595384426341,0.0951
0.07795320035761166,0.0952
0.0783569954480825,0.09530000000000001
0.07861238566754081,0.0954
0.07871571730586946,0.0955
0.07866431024235143,0.0956
0.07845678704367953,0.09570000000000001
0.07809319006665516,0.09580000000000001
0.07757476312472245,0.0959
0.07690419219643785,0.096
0.07608512227977127,0.0961
0.07512242257343849,0.09620000000000001
0.07402186098988217,0.09630000000000001
0.07279029120341962,0.0964
0.07143550266551402,0.0965
0.06996621409906256,0.0966
0.06839201160312991,0.09670000000000001
0.06672327403129341,0.09680000000000001
0.06497119819394648,0.0969
0.06314777896243529,0.097
0.06126584443997041,0.0971
0.059339043039287276,0.09720000000000001
0.057381793581226415,0.09730000000000001
0.05540920911739344,0.0974
0.05343696513910823,0.0975
0.05148116640422207,0.0976
0.049558201711825234,0.09770000000000001
0.04770264710760541,0.0978
0.045950313287423716,0.0979
0.04430049790511226,0.098
0.04274276997142623,0.0981
0.041289093000993704,0.09820000000000001
0.03995979260452698,0.0983
0.0387680106516497,0.0984
0.037729710408048955,0.0985
0.03685824764478007,0.09860000000000001
0.03616509014768288,0.09870000000000001
0.03566240671886822,0.0988
0.03535824894333062,0.0989
0.0352611897092856,0.099
0.03537611518092554,0.09910000000000001
0.035706194883033504,0.09920000000000001
0.03625199086903952,0.0993
0.03701079160635601,0.0994
0.03797778713293298,0.0995
0.03914475719442767,0.09960000000000001
0.04050137592643965,0.09970000000000001
0.04203481126681119,0.0998
0.04370909133315992,0.0999
0.045484358879689823,0.1
0.04735994416966216,0.10010000000000001
0.04934611796016286,0.10020000000000001
0.05142877957826064,0.1003
0.0535841922878888,0.1004
0.05579499085337325,0.1005
0.05804007040543069,0.10060000000000001
0.06030067578033771,0.10070000000000001
0.0625593893198727,0.1008
0.06479739251437089,0.1009
0.06699935252537481,0.101
0.06914820515496445,0.10110000000000001
0.07122931941962918,0.1012
0.07322826236846658,0.1013
0.07513152383413069,0.1014
0.07692727146470668,0.1015
0.07860399367279913,0.10160000000000001
0.08015204149776356,0.1017
0.08156232229869986,0.1018
0.08282699885139866,0.1019
0.08393924943902709,0.10200000000000001
0.08489290503367597,0.10210000000000001
0.08568303753203843,0.1022
0.08630525253127785,0.1023
0.08675644391807158,0.1024
0.08703444048265563,0.10250000000000001
0.08713835970592798,0.10260000000000001
0.08706864668458036,0.1027
0.08682681316712615,0.1028
0.08641561852441926,0.1029
0.08583855648996308,0.10300000000000001
0.08503621961070384,0.10310000000000001
0.0838286278930912,0.1032
0.08246058444626181,0.1033
0.08098275795288223,0.1034
0.0794064027126069,0.10350000000000001
0.07774012705073019,0.10360000000000001
0.07599357174004995,0.1037
0.07417709519667048,0.1038
0.07230266973726152,0.1039
0.07038352816294713,0.10400000000000001
0.06843377120266214,0.1041
0.06646773256538063,0.1042
0.06449893192398537,0.1043
0.06254200335461668,0.1044
0.06061664530088706,0.10450000000000001
0.058743027116570534,0.1046
0.056936486119601115,0.1047
0.05521172749717973,0.1048
0.05358273329334318,0.10490000000000001
0.05206056402027537,0.10500000000000001
0.05065590059308733,0.1051
0.049379246206217475,0.1052
0.04824071272047914,0.1053
0.047249906901816185,0.10540000000000001
0.04641557342696534,0.10550000000000001
0.04574559748159235,0.1056
0.04506859846982536,0.1057
0.04453257290586299,0.1058
0.04418170910751673,0.10590000000000001
0.043991273753305915,0.10600000000000001
0.04392449028743117,0.1061
0.044054448286055425,0.1062
0.04426993331081652,0.1063
0.044682154373004046,0.10640000000000001
0.04529167003237888,0.10650000000000001
0.04609558116614676,0.1066
0.047087739978664,0.1067
0.04825941465016981,0.1068
0.04958012619686225,0.10690000000000001
0.05101462059696482,0.10700000000000001
0.052563102531036465,0.1071
0.05423513220373044,0.1072
0.056016968981226656,0.1073
0.0578847280118826,0.10740000000000001
0.05981996018331781,0.1075
0.06180008567916673,0.1076
0.06380394852493787,0.1077
0.06581119825588289,0.1078
0.06779954017356049,0.10790000000000001
0.06974981117434509,0.108
0.07164113632803548,0.1081
0.07345527665281582,0.1082
0.07517459848302221,0.10830000000000001
0.07678291509318969,0.10840000000000001
0.07826614029279799,0.1085
0.07961098680875855,0.1086
0.0808063609585109,0.1087
0.08184212310199779,0.10880000000000001
0.08270975439668726,0.10890000000000001
0.08340212237465972,0.109
0.08391310669481233,0.1091
0.08423807801637917,0.1092
0.08437317560654745,0.10930000000000001
0.08431597727387641,0.10940000000000001
0.08406519686689429,0.1095
0.08362105622575444,0.1096
0.08298539721206855,0.1097
0.08216146781457434,0.10980000000000001
0.081154128853972,0.10990000000000001
0.079969357908528,0.11
0.07861448769054236,0.1101
0.07709786844509192,0.1102
0.07542904216974233,0.11030000000000001
0.07361858660842535,0.11040000000000001
0.07167811009296565,0.1105
0.06962019369843508,0.1106
0.06742097920634382,0.1107
0.0650753335132288,0.11080000000000001
0.06265011008532861,0.1109
0.060203815442049446,0.111
0.05775519160086051,0.1111
0.05531905602840892,0.11120000000000001
0.052876750241034554,0.11130000000000001
0.05046892366919553,0.1114
0.04811727985258041,0.1115
0.04585012018773438,0.1116
0.04369268279343719,0.11170000000000001
0.041659808665377884,0.11180000000000001
0.03976633526186979,0.1119
0.03802922751642002,0.112
0.03639086532142688,0.1121
0.0349263620951048,0.11220000000000001
0.03361473541975668,0.11230000000000001
0.03246642144664014,0.1124
0.031537752632134985,0.1125
0.030846491371223417,0.1126
0.030406176565052734,0.11270000000000001
0.030228028869842216,0.11280000000000001
0.03032023504565795,0.1129
0.030687428674553763,0.113
0.03133121377137682,0.1131
0.032248851817084256,0.11320000000000001
0.03343399067659347,0.11330000000000001
0.034876200462997886,0.1134
0.036561313889283076,0.1135
0.0384720856082843,0.1136
0.04058819996799512,0.11370000000000001
0.04286537755946096,0.11380000000000001
0.045254567219012776,0.1139
0.04774773000524957,0.114
0.050347977089273854,0.11410000000000001
0.053034129389984086,0.11420000000000001
0.05577570023962286,0.1143
0.05854936993412374,0.1144
0.06132911330032942,0.1145
0.06409186841645298,0.11460000000000001
0.06681697403864717,0.11470000000000001
0.06948266344273824,0.1148
0.07207155943387,0.1149
0.07456490687980466,0.115
0.07694701514613789,0.11510000000000001
0.07920270465354062,0.11520000000000001
0.08131790361135915,0.1153
0.08328032987959222,0.1154
0.08507798522910637,0.1155
0.08670082460997519,0.11560000000000001
0.08813944843793675,0.11570000000000001
0.0893859351441515,0.1158
0.09043367011861947,0.1159
0.09127701885373973,0.116
0.09191195110954364,0.11610000000000001
0.0923352838709589,0.11620000000000001
0.09254538783788235,0.1163
0.09254176327165387,0.1164
0.09232530602198297,0.1165
0.09189833345631471,0.11660000000000001
0.09126427295144135,0.11670000000000001
0.09039782411411101,0.1168
0.08895745016054735,0.1169
0.08735095143450589,0.117
0.08559992995550048,0.11710000000000001
0.08371665815497853,0.11720000000000001
0.08171066187037013,0.1173
0.07953472015616259,0.1174
0.07724370196453878,0.11750000000000001
0.0748844412031836,0.11760000000000001
0.07247479075448693,0.1177
0.07003192368915845,0.1178
0.06757321903392277,0.1179
0.06511600034499321,0.11800000000000001
0.06267721627190148,0.11810000000000001
0.06027528260910309,0.1182
0.05793157967256968,0.1183
0.055668098678693045,0.1184
0.05350526628630514,0.11850000000000001
0.051381905333545363,0.11860000000000001
0.04934100403590125,0.1187
0.04743278240445936,0.1188
0.04567516830430862,0.1189
0.044083185196405195,0.11900000000000001
0.04267079449933031,0.11910000000000001
0.04145086499356099,0.1192
0.040435449653471345,0.1193
0.0396355808756903,0.1194
0.03887243600714552,0.11950000000000001
0.03825632306567606,0.11960000000000001
0.03788094961636612,0.1197
0.037688607583886924,0.1198
0.03769261478770303,0.1199
0.03790341114114937,0.12000000000000001
0.038284275783730726,0.12010000000000001
0.03892371206969569,0.1202
0.03982231855446239,0.1203
0.04097551012305911,0.12040000000000001
0.042374224851423614,0.12050000000000001
0.04400541581319395,0.1206
0.04585270992077839,0.1207
0.04787633929811874,0.1208
0.050030862940811494,0.12090000000000001
0.05230763558040463,0.12100000000000001
0.05470772012040248,0.1211
0.05720891976506559,0.1212
0.059779156195215344,0.1213
0.062392710711967614,0.12140000000000001
0.06502047821565238,0.12150000000000001
0.06763568150922239,0.1216
0.07021318605999771,0.1217
0.0727265352412132,0.1218
0.07515325959917851,0.12190000000000001
0.07746983622032366,0.12200000000000001
0.0796561905912645,0.1221
0.08169353858308048,0.1222
0.08356511522104437,0.1223
0.08525677475948379,0.12240000000000001
0.08675551045244423,0.12250000000000001
0.08805086617862212,0.1226
0.08913357311877357,0.1227
0.08999618080472316,0.1228
0.09063274730603876,0.12290000000000001
0.09103839597676922,0.12300000000000001
0.09120982217073603,0.1231
0.09114456321080588,0.1232
0.09084174753921126,0.1233
0.09030180042458469,0.12340000000000001
0.08952684465785077,0.12350000000000001
0.08852081464334716,0.1236
0.08728924038412922,0.1237
0.08583946985902557,0.12380000000000001
0.0841801574862101,0.12390000000000001
0.0823215007647049,0.124
0.07998389803622741,0.1241
0.07747225351620024,0.1242
0.07484491685188233,0.12430000000000001
0.07212045291451086,0.12440000000000001
0.06931404132908925,0.1245
0.06644217661371499,0.1246
0.06352196358583473,0.1247
0.06057246669130856,0.12480000000000001
0.057614081900094316,0.12490000000000001
0.054667273499571456,0.125
0.05175438925908171,0.12510000000000002
0.04890367046519595,0.1252
0.046144239389473096,0.1253
0.0435003400076206,0.1254
0.04099561625314996,0.1255
0.03865284261611879,0.12560000000000002
0.036491420028613275,0.1257
0.03436943985794394,0.1258
0.03239698690497361,0.1259
0.030644053629200085,0.126
0.029094649650760696,0.12610000000000002
0.027725999617543406,0.1262
0.02660913512820673,0.1263
0.025679051732201197,0.1264
0.025049592610435267,0.1265
0.024741128625048292,0.12660000000000002
0.024768515423493342,0.1267
0.025142151336833063,0.1268
0.02586675823687079,0.1269
0.02694142742523442,0.127
0.028359245274055978,0.12710000000000002
0.030106555209479025,0.1272
0.032164292387246496,0.1273
0.03450783599857932,0.1274
0.03710883162580836,0.1275
0.03993573577129794,0.12760000000000002
0.0429313256834607,0.1277
0.04603441084633553,0.1278
0.04922877438257611,0.1279
0.05251147106494791,0.128
0.05585469918894459,0.12810000000000002
0.05922191692845269,0.1282
0.0625851742641802,0.1283
0.0659144306914774,0.12840000000000001
0.06918376504244994,0.1285
0.07237033664097159,0.12860000000000002
0.075450679737599,0.1287
0.07840620859104253,0.1288
0.08121705294937731,0.12890000000000001
0.08386672379402615,0.129
0.08633942022260366,0.1291
0.08862070449700377,0.1292
0.09069820169104925,0.1293
0.09256000390890984,0.12940000000000002
0.09419642594755273,0.1295
0.09559861915415735,0.1296
0.09675945717660628,0.1297
0.09767332318727029,0.1298
0.09833572932375212,0.12990000000000002
0.09874392764681184,0.13
0.0988960772492844,0.1301
0.09879199058285737,0.1302
0.0984326963906359,0.1303
0.0978207666618246,0.13040000000000002
0.09696037516842959,0.1305
0.09537163341336219,0.1306
0.09357065002190557,0.1307
0.09155825907946735,0.1308
0.08922915045814128,0.13090000000000002
0.08668524109755782,0.131
0.08402833997385262,0.1311
0.08124212796695951,0.1312
0.07839302249649227,0.1313
0.0755042061500718,0.13140000000000002
0.07259624436509382,0.1315
0.06968631334168307,0.1316
0.06673995548224965,0.1317
0.06381516279933552,0.1318
0.060936392196037414,0.13190000000000002
0.05812877299640129,0.132
0.055416971187744135,0.1321
0.05281480151457019,0.1322
0.050203738780869145,0.1323
0.047727669006283335,0.13240000000000002
0.045412179057714,0.1325
0.04324499512944535,0.1326
0.041075527409675905,0.1327
0.03909808326038067,0.1328
0.03734221080149247,0.13290000000000002
0.035827931264835966,0.133
0.03457062743467598,0.1331
0.03358501818581061,0.1332
0.03275599672023621,0.1333
0.03200677547608599,0.13340000000000002
0.03155270686567202,0.1335
0.03133116730757579,0.1336
0.031360457028422495,0.1337
0.03163065634923368,0.1338
0.032143667351599126,0.13390000000000002
0.03298711399308307,0.134
0.03416213616082553,0.1341
0.03566204198741785,0.1342
0.037473558584702804,0.1343
0.03957773891554539,0.13440000000000002
0.04195143635148724,0.1345
0.044567426091192575,0.1346
0.047373009488888895,0.13470000000000001
0.050309596948751034,0.1348
0.05335890323579373,0.13490000000000002
0.05651419323863727,0.135
0.05974470289235678,0.1351
0.06301069009063964,0.13520000000000001
0.066280171888777,0.1353
0.06951878818194701,0.13540000000000002
0.07269562184874157,0.1355
0.07578234216282631,0.1356
0.07874994906617849,0.13570000000000002
0.08157433048344764,0.1358
0.08423091375135905,0.1359
0.08669936453259519,0.136
0.08896125782470732,0.1361
0.09100067410405277,0.13620000000000002
0.0928047078549733,0.1363
0.09436172625478245,0.1364
0.09566276276520325,0.1365
0.09669998916770817,0.1366
0.09746735037359344,0.13670000000000002
0.0979602445527974,0.1368
0.09817510993936174,0.1369
0.0981100335588303,0.137
0.0977640619531206,0.1371
0.09713802757969836,0.13720000000000002
0.0962342610714284,0.1373
0.0950569924519501,0.1374
0.0936124661908806,0.1375
0.0918143344825284,0.1376
0.08941557639309383,0.13770000000000002
0.08681868599142117,0.1378
0.0840121721680176,0.1379
0.08100079561445661,0.138
0.07783707861487554,0.1381
0.07458544773777065,0.13820000000000002
0.07127573747094829,0.1383
0.06792838229349651,0.1384
0.06456471806207997,0.1385
0.06115409433902441,0.1386
0.057736437795495865,0.13870000000000002
0.0543484029428658,0.1388
0.05101957159466064,0.1389
0.04775339615875196,0.139
0.044492119990948265,0.1391
0.04135267075576765,0.13920000000000002
0.03836591033422265,0.1393
0.035558838997197695,0.1394
0.03295687349095355,0.1395
0.030585327294038178,0.1396
0.028468602425905987,0.13970000000000002
0.02650312126099008,0.1398
0.024622497051838055,0.1399
0.023035967421889847,0.14
0.02166013461205263,0.1401
0.020592447901424782,0.14020000000000002
0.019775241934626875,0.1403
0.019286675123874275,0.1404
0.019199629523894535,0.1405
0.019536017289726537,0.1406
0.0203086982788363,0.14070000000000002
0.021519536162007302,0.1408
0.023160084689383575,0.1409
0.02521218046631679,0.14100000000000001
0.027648506430310915,0.1411
0.030435107609981582,0.14120000000000002
0.033532407379166074,0.1413
0.036897996013201206,0.1414
0.04046311840569072,0.14150000000000001
0.04415590804559866,0.1416
0.04795231164589686,0.14170000000000002
0.05184304152391439,0.1418
0.055794625007917986,0.1419
0.05976495242622171,0.14200000000000002
0.06372090614552073,0.1421
0.0676272913138607,0.1422
0.07145325306979955,0.1423
0.07517153553862044,0.1424
0.07875474775357261,0.14250000000000002
0.08218134535671662,0.1426
0.08542915246364269,0.1427
0.08848011621936891,0.1428
0.0913173764078653,0.1429
0.09392578753802494,0.14300000000000002
0.09629260423653763,0.1431
0.09840561810317583,0.1432
0.1002549138484311,0.1433
0.10183124010395428,0.1434
0.10312691411614783,0.14350000000000002
0.1041355998610245,0.1436
0.10485202491930334,0.1437
0.10527274732651515,0.1438
0.10539540705575268,0.1439
0.10521960231421346,0.14400000000000002
0.10474647184489982,0.1441
0.10397905261737783,0.1442
0.1025152437390977,0.1443
0.10045947452321946,0.1444
0.09776404926426685,0.14450000000000002
0.09492183534593168,0.1446
0.09195335250159609,0.1447
0.0888974089573139,0.1448
0.08576376388267515,0.1449
0.08255307982361104,0.14500000000000002
0.07929421289314476,0.1451
0.07601139898129927,0.1452
0.07273021010302072,0.1453
0.06947619405397243,0.1454
0.0662742557030368,0.14550000000000002
0.06313656991813665,0.1456
0.05994235592953567,0.1457
0.05685002175377396,0.1458
0.05384994684052935,0.1459
0.0508368395394041,0.14600000000000002
0.04797447660733578,0.1461
0.04529115331366662,0.1462
0.042636885872972874,0.1463
0.04008322698988187,0.1464
0.03774707239955388,0.14650000000000002
0.03541118706046498,0.1466
0.03325701071086096,0.1467
0.03137625684212475,0.1468
0.029797956887700483,0.1469
0.02854283970974003,0.14700000000000002
0.027630227553089526,0.1471
0.02667938725637864,0.1472
0.026071425266399162,0.14730000000000001
0.025782408332002404,0.1474
0.025762589242357192,0.14750000000000002
0.0260489118806988,0.1476
0.026614464485074762,0.1477
0.027578731092532838,0.14780000000000001
0.028946002871175214,0.1479
0.030708784965873814,0.14800000000000002
0.03285062333989619,0.1481
0.03534652579772368,0.1482
0.038166349522012144,0.14830000000000002
0.04127469744055312,0.1484
0.04460989615952338,0.14850000000000002
0.048104013730616124,0.1486
0.05173001097964858,0.1487
0.05547319899277725,0.14880000000000002
0.059295147651681424,0.1489
0.06314904390711729,0.149
0.06699645085094452,0.1491
0.07079747226201938,0.1492
0.07451666624428965,0.14930000000000002
0.07812202629262799,0.1494
0.08158163050006106,0.1495
0.08486899309123774,0.1496
0.08795761623207354,0.1497
0.09082564091147349,0.14980000000000002
0.09345346580295866,0.1499
0.09582433252934841,0.15
0.0979247014841822,0.1501
0.09974244594855441,0.1502
0.10126812906197935,0.15030000000000002
0.1024934832827552,0.1504
0.1034120582426381,0.1505
0.1040189594954547,0.1506
0.10431047268659199,0.1507
0.10428467280681208,0.15080000000000002
0.10394072887138794,0.1509
0.10327968975259827,0.151
0.102304181091469,0.1511
0.10101877868443598,0.1512
0.09916236444502013,0.15130000000000002
0.09639684015284478,0.1514
0.09325180791926235,0.1515
0.08998460841306466,0.1516
0.08662368779421181,0.1517
0.08318569976264045,0.15180000000000002
0.07968670308693981,0.1519
0.07614547615435485,0.152
0.07258473510092212,0.1521
0.06902990673055176,0.1522
0.06546728362123422,0.15230000000000002
0.06185071653452556,0.1524
0.058288811593655954,0.1525
0.0546981584039119,0.1526
0.051135042326445834,0.1527
0.04768775537321268,0.15280000000000002
0.04428139845873558,0.1529
0.04091179164005143,0.153
0.037713115196502,0.1531
0.03451888745634779,0.1532
0.031464916344518645,0.15330000000000002
0.028652426748862814,0.1534
0.02611777054268849,0.1535
0.023888494879933164,0.15360000000000001
0.021976023656739674,0.1537
0.020029477321924727,0.15380000000000002
0.018415233761295724,0.1539
0.017069944692578165,0.154
0.01607179694139238,0.15410000000000001
0.015376323082157084,0.1542
0.01506246941014422,0.15430000000000002
0.01522781323983069,0.1544
0.01590040130798176,0.1545
0.01709108243713464,0.15460000000000002
0.018793482075610823,0.1547
0.02098481758947668,0.15480000000000002
0.02363115044552866,0.1549
0.02668894668913646,0.155
0.030109846286210384,0.15510000000000002
0.033842030481228136,0.1552
0.037807375036297275,0.1553
0.041924808877570774,0.1554
0.04616263351354921,0.1555
0.05050573198197128,0.15560000000000002
0.05491551532762373,0.1557
0.05934579175535393,0.1558
0.06375994990080591,0.1559
0.06811954464831849,0.156
0.07239050227379762,0.15610000000000002
0.07654196693598259,0.1562
0.0805429437356846,0.1563
0.08436846221886485,0.1564
0.08799358981634231,0.1565
0.09139832750797039,0.15660000000000002
0.09456460141954248,0.1567
0.09747661681492936,0.1568
0.10012117833187184,0.1569
0.10248573763346414,0.157
0.10455993152952603,0.15710000000000002
0.10633399189700021,0.1572
0.10779956202458674,0.1573
0.10894952399806523,0.1574
0.10977773429292148,0.1575
0.11027986492990505,0.15760000000000002
0.11045275139556698,0.1577
0.11029533680378478,0.1578
0.10980833197330253,0.1579
0.10889318562714012,0.158
0.1061839252549659,0.15810000000000002
0.10328506153438843,0.1582
0.10025775197207532,0.1583
0.09713010813919398,0.1584
0.09391581813190808,0.1585
0.09063170076130977,0.15860000000000002
0.08729616908705928,0.1587
0.08393251044345407,0.1588
0.08055026235104212,0.1589
0.07707030871595044,0.159
0.07361500266798704,0.15910000000000002
0.07020975832471354,0.1592
0.06671446960620908,0.1593
0.06329802936723317,0.15940000000000001
0.059992516738378354,0.1595
0.05682453823734357,0.15960000000000002
0.05369859058660409,0.1597
0.05059626828523989,0.1598
0.04762185922886597,0.15990000000000001
0.04459554201314342,0.16
0.041764731909658126,0.16010000000000002
0.039057032389562485,0.1602
0.03635304892845448,0.1603
0.03389004809956497,0.16040000000000001
0.031379155271263226,0.1605
0.02911605209285728,0.16060000000000002
0.02717543522656496,0.1607
0.025594534855690965,0.1608
0.024400129320103492,0.16090000000000002
0.023364582921037824,0.161
0.022536487748697542,0.16110000000000002
0.02209919793307047,0.1612
0.021914849924905333,0.1613
0.022103606074529436,0.16140000000000002
0.022571278643737758,0.1615
0.02348466994964471,0.16160000000000002
0.024855586880505598,0.1617
0.02668017722109739,0.1618
0.028942298680833645,0.16190000000000002
0.031614647994057554,0.162
0.03466249353654982,0.1621
0.038044942272447146,0.1622
0.0416933292174857,0.1623
0.045532575325146984,0.16240000000000002
0.04952781859842381,0.1625
0.05365746096348656,0.1626
0.05787707474464132,0.1627
0.06213447928779625,0.1628
0.06638631890227509,0.16290000000000002
0.0705885632877733,0.163
0.07470257522169732,0.1631
0.07869400877161203,0.1632
0.08252930701995631,0.1633
0.08618066445574146,0.16340000000000002
0.08962024717294859,0.1635
0.09282467911963921,0.1636
0.09577262266980657,0.1637
0.09844555662759835,0.1638
0.10082829144181527,0.16390000000000002
0.1029068666723707,0.164
0.10466055900567861,0.1641
0.10606673142947498,0.1642
0.1071286296183448,0.1643
0.10785726989025068,0.16440000000000002
0.10825890515347669,0.1645
0.10834417796685669,0.1646
0.10810170215203019,0.1647
0.10751776153427162,0.1648
0.10659598628249634,0.16490000000000002
0.10516628645114612,0.165
0.10211482765437241,0.1651
0.09889559841047435,0.1652
0.09556954652263272,0.1653
0.09216554621302864,0.16540000000000002
0.08869874881314255,0.1655
0.0851871227250457,0.1656
0.08157483925125864,0.16570000000000001
0.07790908440039623,0.1658
0.07424751645549399,0.16590000000000002
0.0705421954767419,0.166
0.06680738110459516,0.1661
0.06313215225517976,0.16620000000000001
0.05954453407974336,0.1663
0.056004270146835955,0.16640000000000002
0.05242778380974622,0.1665
0.04898203747029384,0.1666
0.04543017839895924,0.16670000000000001
0.04203093932082025,0.1668
0.0387034958726431,0.16690000000000002
0.03538904013605704,0.167
0.032229802321545264,0.1671
0.029053065788141597,0.16720000000000002
0.02613352438043992,0.1673
0.023520064636167293,0.16740000000000002
0.02124679941594776,0.1675
0.019308293198925686,0.1676
0.017360661030578983,0.16770000000000002
0.015784521614184532,0.1678
0.014483268934079474,0.16790000000000002
0.01360140034049917,0.168
0.01300409373428768,0.1681
0.012874896803059643,0.16820000000000002
0.013279058165109658,0.1683
0.01424291716358761,0.16840000000000002
0.01577159906010639,0.1685
0.017848110427262753,0.1686
0.020437980514661946,0.16870000000000002
0.023496234909864633,0.1688
0.026969021802319082,0.1689
0.03080017665065915,0.169
0.034930586147915,0.1691
0.03927481700933422,0.16920000000000002
0.04374556147729547,0.1693
0.04831096611023078,0.1694
0.052956963677723845,0.1695
0.05764368315818369,0.1696
0.06232353917379507,0.16970000000000002
0.066959392427282,0.1698
0.0715124535307553,0.1699
0.07594881690667366,0.17
0.08023818709248542,0.1701
0.08435015504443888,0.17020000000000002
0.08826067329040954,0.1703
0.09194559131074764,0.1704
0.09538574087447227,0.1705
0.09856373366051607,0.1706
0.10146421932732652,0.17070000000000002
0.1040738700870193,0.1708
0.10636999517039136,0.1709
0.10832867106962762,0.171
0.10995041708608944,0.1711
0.11124304746419467,0.17120000000000002
0.11220049099539176,0.1713
0.11281742240187342,0.1714
0.11309091503677005,0.1715
0.11302903633321548,0.1716
0.11264526868465008,0.17170000000000002
0.11142511927228227,0.1718
0.10864870352749612,0.1719
0.10567026288665005,0.17200000000000001
0.1025452233079035,0.1721
0.0992994845570716,0.17220000000000002
0.09594943253354415,0.1723
0.09251535416385204,0.1724
0.08902021216253941,0.17250000000000001
0.0854910785682581,0.1726
0.08195658250566873,0.17270000000000002
0.07844517806132367,0.1728
0.07497637076369534,0.1729
0.07140727335003727,0.17300000000000001
0.06791282478624883,0.1731
0.06449415769176747,0.17320000000000002
0.061011849170882426,0.1733
0.05765614940318242,0.1734
0.05445697658771276,0.17350000000000002
0.05140839212048043,0.1736
0.04826817160327512,0.17370000000000002
0.045302478583239436,0.1738
0.042223656970992396,0.1739
0.03935771181688508,0.17400000000000002
0.03660478863472938,0.1741
0.03387915432511335,0.17420000000000002
0.031380380881131265,0.1743
0.028831814795780675,0.1744
0.026585312582493748,0.17450000000000002
0.024699094852892012,0.1746
0.023212495693089252,0.17470000000000002
0.022094533455531584,0.1748
0.02100116056558754,0.1749
0.020320405457793456,0.17500000000000002
0.019922968887601922,0.1751
0.01994315657775081,0.1752
0.02019857933273639,0.1753
0.020919748102018687,0.1754
0.022128907275046572,0.17550000000000002
0.023828517920321923,0.1756
0.0260064904102546,0.1757
0.02863697641582519,0.1758
0.03168432670052801,0.1759
0.03510661084699063,0.17600000000000002
0.03885464354600887,0.1761
0.04285223831343821,0.1762
0.04701568947823209,0.1763
0.051308502567931624,0.1764
0.055708088960254365,0.17650000000000002
0.06016847920029733,0.1766
0.06463629838903229,0.1767
0.06906818000704418,0.1768
0.07342084678879257,0.1769
0.07765649886285952,0.17700000000000002
0.08174228780648707,0.1771
0.08564576319844142,0.1772
0.08934055805484575,0.1773
0.09280006099955873,0.1774
0.0960020714862011,0.17750000000000002
0.09892603776359654,0.1776
0.10154390821361459,0.1777
0.10382745620231781,0.1778
0.1057741260880889,0.1779
0.10739038205785545,0.17800000000000002
0.10866851492506158,0.1781
0.10960237441591425,0.1782
0.11018763341165128,0.17830000000000001
0.11042222350901765,0.1784
0.11030699618545337,0.17850000000000002
0.10985093766793863,0.1786
0.10906839064079765,0.1787
0.10744473702990653,0.17880000000000001
0.10437209995438856,0.1789
0.10112287510835438,0.17900000000000002
0.09775247449351332,0.1791
0.09428698995678109,0.1792
0.09074323125988837,0.17930000000000001
0.08714176291987652,0.1794
0.08350587204763182,0.17950000000000002
0.07986288053356261,0.1796
0.076152997070849,0.1797
0.07241181046076073,0.17980000000000002
0.06872497466612137,0.1799
0.06499776817714098,0.18000000000000002
0.06128747309945426,0.1801
0.0576821900095672,0.1802
0.05420914794028486,0.18030000000000002
0.05069295199157109,0.1804
0.04725127606316715,0.18050000000000002
0.04378907957366884,0.1806
0.04038501830701047,0.1807
0.03709943527220738,0.18080000000000002
0.03377340691536146,0.1809
0.03059859972159873,0.18100000000000002
0.027413257753629905,0.1811
0.024504177370601843,0.1812
0.021923143098755205,0.18130000000000002
0.019707652160169342,0.1814
0.017741116978045035,0.18150000000000002
0.015879542879386754,0.1816
0.014392309011470816,0.1817
0.013201317328170203,0.18180000000000002
0.012428899626330647,0.1819
0.011989738219487123,0.182
0.012072788405493418,0.1821
0.012722530751878347,0.1822
0.01395891448834563,0.18230000000000002
0.01577768252402567,0.1824
0.018151157667292583,0.1825
0.021036238654467798,0.1826
0.02438076139434253,0.1827
0.028126239662351393,0.18280000000000002
0.03221282537441894,0.1829
0.03655214847057531,0.183
0.041054208263962444,0.1831
0.045681757252233,0.1832
0.05041554315965113,0.18330000000000002
0.05521260333499178,0.1834
0.06002236083010071,0.1835
0.06480531502063247,0.1836
0.06952064782878375,0.1837
0.07413282652551345,0.18380000000000002
0.0786100965489337,0.1839
0.08292031317168524,0.184
0.08703758160504893,0.1841
0.09093547978096406,0.1842
0.09459270020177235,0.18430000000000002
0.0979897704205035,0.1844
0.10110918171413152,0.1845
0.10392623378749355,0.18460000000000001
0.10641325759140563,0.1847
0.10856901576264777,0.18480000000000002
0.11039884653162768,0.1849
0.1118944048772057,0.185
0.11304839720472704,0.18510000000000001
0.11385477420596013,0.1852
0.1143104158668855,0.18530000000000002
0.1144142986912533,0.1854
0.1141746849697085,0.1855
0.11330909365633257,0.18560000000000001
0.11054872885466271,0.1857
0.10759011340774449,0.18580000000000002
0.1044945532458329,0.1859
0.10124520421213024,0.186
0.09787281520445534,0.18610000000000002
0.0944028623151072,0.1862
0.09085886469020332,0.18630000000000002
0.08726919451578341,0.1864
0.08366398014566623,0.1865
0.08007306228484501,0.18660000000000002
0.07652451996991672,0.1867
0.07304479798488561,0.18680000000000002
0.06949436966543687,0.1869
0.06599918626964507,0.187
0.06262537136947277,0.18710000000000002
0.059152750910655305,0.1872
0.05581762958595582,0.18730000000000002
0.05265205645700566,0.1874
0.0496158413413863,0.1875
0.04650687040861046,0.18760000000000002
0.043514570879914505,0.1877
0.04046391611132205,0.18780000000000002
0.037640371341913115,0.1879
0.03479523910034277,0.188
0.03210481951853472,0.18810000000000002
0.02948332325345282,0.1882
0.02699049822324895,0.1883
0.024837325247785147,0.1884
0.023076039270836457,0.1885
0.02174108025164534,0.18860000000000002
0.02051371715191208,0.1887
0.01957370633382083,0.1888
0.018983127901345043,0.1889
0.01874901528277295,0.189
0.018833054644472602,0.18910000000000002
0.01931677436660495,0.1892
0.020297872835774777,0.1893
0.021789210686829152,0.1894
0.023784461881797503,0.1895
0.026262541234668202,0.18960000000000002
0.029189716934699073,0.1897
0.03252433762280904,0.1898
0.03621804591714817,0.1899
0.04019400072591228,0.19
0.04436872914742729,0.19010000000000002
0.04870184843046044,0.1902
0.053167400237025486,0.1903
0.05771679651080608,0.1904
0.06229440282739451,0.1905
0.0668546994553243,0.19060000000000002
0.07135215052623956,0.1907
0.0757473269231258,0.1908
0.08000539139298024,0.19090000000000001
0.08409244886632783,0.191
0.08798042723982802,0.19110000000000002
0.09164117942497985,0.1912
0.09505092173353502,0.1913
0.09818741239193074,0.19140000000000001
0.10102098626365374,0.1915
0.10352170807163663,0.19160000000000002
0.10568574683510068,0.1917
0.1075184683478756,0.1918
0.1090110990105454,0.19190000000000002
0.11015650468298632,0.192
0.11094936574081382,0.19210000000000002
0.1113867435488487,0.1922
0.11146864216727315,0.1923
0.11120359129421409,0.19240000000000002
0.11060560811156739,0.1925
0.10937340351949487,0.19260000000000002
0.10635895577793208,0.1927
0.10314758597258422,0.1928
0.09980105656573846,0.19290000000000002
0.09634804697031307,0.193
0.09280477629872319,0.19310000000000002
0.08919164608573771,0.1932
0.0855314421266552,0.1933
0.08185169836119743,0.19340000000000002
0.07818189018347943,0.1935
0.07450122761567368,0.19360000000000002
0.07075494598639864,0.1937
0.06707668352194607,0.1938
0.06340726970522348,0.19390000000000002
0.059718600604715455,0.194
0.05614693590501285,0.19410000000000002
0.05272056859649199,0.1942
0.049264966210139205,0.1943
0.04586993839269837,0.19440000000000002
0.04243483127746206,0.1945
0.0390741287628924,0.19460000000000002
0.03578814752605819,0.1947
0.03250788296070617,0.1948
0.02930758616850304,0.19490000000000002
0.02617710431187037,0.195
0.023342847200314765,0.1951
0.020854968693192033,0.1952
0.01875138799933418,0.1953
0.016760769003892895,0.19540000000000002
0.015025274201008632,0.1955
0.013622779737284318,0.1956
0.012601162181755443,0.1957
0.011927700850322687,0.1958
0.011682644724638758,0.19590000000000002
0.011985997588641606,0.196
0.012874849230181118,0.1961
0.014360559646895865,0.1962
0.016428535901979124,0.1963
0.019042985973510174,0.19640000000000002
0.02215538969701636,0.1965
0.025709278388549972,0.1966
0.02964458662568159,0.1967
0.03389946043590797,0.1968
0.03838403882414232,0.19690000000000002
0.04300692576549303,0.197
0.047732955935498644,0.1971
0.052545194523022865,0.19720000000000001
0.05740118385436399,0.1973
0.0622508483623867,0.19740000000000002
0.06705547315976956,0.1975
0.07177503108778116,0.1976
0.07637489917617124,0.19770000000000001
0.08082432837325537,0.1978
0.08509225305037293,0.19790000000000002
0.08915395565432116,0.198
0.09298416937114662,0.1981
0.09656258144335539,0.19820000000000002
0.09987009236604072,0.1983
0.1028797347040814,0.19840000000000002
0.10556354438612625,0.1985
0.1079180997599154,0.1986
0.10994839507335075,0.19870000000000002
0.11164475907995897,0.1988
0.11299891376779014,0.19890000000000002
0.11400423190405673,0.199
0.11465635127138363,0.1991
0.11495358599138861,0.19920000000000002
0.11489410267415756,0.1993
0.11448789903849743,0.19940000000000002
0.11219194034938706,0.1995
0.10930027760610195,0.1996
0.10624974215524707,0.19970000000000002
0.10307637307386952,0.1998
0.09977941070409702,0.19990000000000002
0.09632918269983648,0.2
0.09278887888704912,0.2001
0.08918740857719709,0.20020000000000002
0.08555594032753566,0.2003
0.08192541037628609,0.20040000000000002
0.0783249375231696,0.2005
0.07478176853511997,0.2006
0.0713215401903019,0.20070000000000002
0.06775845435667449,0.2008
0.06429522098943885,0.20090000000000002
0.06091947242114237,0.201
0.057486293251435505,0.2011
0.054203934785974406,0.20120000000000002
0.05110317595968761,0.2013
0.048037441663668634,0.20140000000000002
0.04499338177743728,0.2015
0.041948848392262095,0.2016
0.03896323448125427,0.20170000000000002
0.03615877758642427,0.2018
0.03328366087465673,0.2019
0.030660434532914005,0.202
0.027959627964867506,0.2021
0.025570908576769025,0.20220000000000002
0.023557340590427467,0.2023
0.02196053298648426,0.2024
0.02068461786345166,0.2025
0.01949459354453631,0.2026
0.01871885754799263,0.20270000000000002
0.018217403721469072,0.2028
0.0181295612974699,0.2029
0.01834851692214845,0.203
0.019061054453476833,0.2031
0.020290544359168106,0.20320000000000002
0.022039330123037715,0.2033
0.02429286375117612,0.2034
0.02702216886491504,0.20350000000000001
0.0301878542856322,0.2036
0.03374391568852331,0.20370000000000002
0.0376379523426047,0.2038
0.04178932759886256,0.2039
0.046110868119392245,0.20400000000000001
0.05056337141012812,0.2041
0.055122611901401,0.20420000000000002
0.059740705306286945,0.2043
0.06436282895774359,0.2044
0.06894509892537859,0.20450000000000002
0.07344384324413278,0.2046
0.07782147643092285,0.20470000000000002
0.08204507110714987,0.2048
0.08608215605803904,0.2049
0.08990605379031447,0.20500000000000002
0.09348977392942126,0.2051
0.09681067370290186,0.20520000000000002
0.09984775134933899,0.2053
0.10257231636057262,0.2054
0.10495546196202088,0.20550000000000002
0.10699453492738698,0.2056
0.10869603282637774,0.20570000000000002
0.11005191948197945,0.2058
0.11105574029946053,0.2059
0.11170290789387027,0.20600000000000002
0.1119911528622558,0.2061
0.1119211921083646,0.20620000000000002
0.11150201241055724,0.2063
0.11074805392591291,0.2064
0.1082061253419625,0.20650000000000002
0.10509052498065607,0.2066
0.10180884300136073,0.20670000000000002
0.09840642176188019,0.2068
0.0949011815670664,0.2069
0.09131200918008642,0.20700000000000002
0.08766075791228434,0.2071
0.08397432294640894,0.20720000000000002
0.08028241556910853,0.2073
0.07661523014121463,0.2074
0.07293259707775968,0.20750000000000002
0.069203535685741,0.2076
0.06555556366291382,0.20770000000000002
0.06189673913524829,0.2078
0.05825018722089581,0.2079
0.05473349422447282,0.20800000000000002
0.05137317423020926,0.2081
0.04792511157343249,0.2082
0.04459591589758083,0.2083
0.041146896889376894,0.2084
0.03785517856918008,0.20850000000000002
0.03454487462131284,0.2086
0.0313408006909357,0.2087
0.028111498121714096,0.2088
0.025070604500134763,0.2089
0.022348489616932365,0.20900000000000002
0.01999144070723924,0.2091
0.018015160264708285,0.2092
0.016033747289717848,0.2093
0.014453290667738372,0.2094
0.013154435424375999,0.20950000000000002
0.01231362787869994,0.2096
0.011756793977474533,0.2097
0.011717781084343626,0.20980000000000001
0.012247529295362991,0.2099
0.013372879064329712,0.21000000000000002
0.015095188313847263,0.2101
0.017390451586310585,0.2102
0.020216623514158316,0.21030000000000001
0.023522129144680104,0.2104
0.027247646485768495,0.21050000000000002
0.031332786124892875,0.2106
0.03568787145190133,0.2107
0.04022128153355986,0.21080000000000002
0.04489316659710951,0.2109
0.0496816758857086,0.21100000000000002
0.05454190765012967,0.2111
0.05942154013518142,0.2112
0.06427957440722731,0.21130000000000002
0.06907405080177509,0.2114
0.07376854020601609,0.21150000000000002
0.07833064343652951,0.2116
0.08272758869985153,0.2117
0.08693282781625333,0.21180000000000002
0.09091912742647423,0.2119
0.09466426838790598,0.21200000000000002
0.09814782787211984,0.2121
0.10135136788011767,0.2122
0.10424923045413925,0.21230000000000002
0.10681281961549582,0.2124
0.10904047856104027,0.21250000000000002
0.11093729246106754,0.2126
0.1124945798269621,0.2127
0.11370477530861245,0.21280000000000002
0.11456165134889074,0.2129
0.11506195926899387,0.21300000000000002
0.11520421113086432,0.2131
0.11498759390861935,0.2132
0.11373485077718781,0.21330000000000002
0.11094656455470875,0.2134
0.10796635614899985,0.21350000000000002
0.10484857290802163,0.2136
0.10161678587219136,0.2137
0.09826361611063061,0.21380000000000002
0.09476084568209431,0.2139
0.09117903283023421,0.21400000000000002
0.08754944625176742,0.2141
0.08390412294534388,0.2142
0.08027371323716825,0.21430000000000002
0.07668668793244415,0.2144
0.07316957799092705,0.21450000000000002
0.06968982177374594,0.2146
0.06615782581186769,0.2147
0.06274327331561524,0.21480000000000002
0.05933960096869506,0.2149
0.05595897683841344,0.215
0.05274222347309898,0.2151
0.04971717289923938,0.2152
0.046587364351772464,0.21530000000000002
0.0436116355885694,0.2154
0.04048478170235881,0.2155
0.03757703070656304,0.2156
0.0346851218859805,0.2157
0.03190023337220205,0.21580000000000002
0.029187377267515968,0.2159
0.02659565562901256,0.216
0.02434740991664741,0.21610000000000001
0.02249657487390677,0.2162
0.021078664871921893,0.21630000000000002
0.0197349916694729,0.2164
0.018715914158130786,0.2165
0.01802693593015836,0.21660000000000001
0.017728811944186962,0.2167
0.017727934754791175,0.21680000000000002
0.018166025361602944,0.2169
0.01911732469101346,0.217
0.020595329870263912,0.21710000000000002
0.022593752143032608,0.2172
0.025090315931750817,0.21730000000000002
0.028049632387361356,0.2174
0.031428331218574135,0.2175
0.0351758418422794,0.21760000000000002
0.03921350136633528,0.2177
0.043455547032059005,0.21780000000000002
0.04786024006668721,0.2179
0.05240038339269093,0.218
0.05702656912827475,0.21810000000000002
0.06168257070763472,0.2182
0.06632251643925569,0.21830000000000002
0.07090077102430936,0.2184
0.07537779359732877,0.2185
0.07971869137525733,0.21860000000000002
0.0838893721486551,0.2187
0.08786150451242625,0.21880000000000002
0.09160660635600604,0.2189
0.09510050154654759,0.219
0.09832057465504251,0.21910000000000002
0.10123670230176351,0.2192
0.1038185081228592,0.21930000000000002
0.1060619018219986,0.2194
0.10797204010263362,0.2195
0.10953986006699956,0.21960000000000002
0.11075791729698026,0.2197
0.11162060900292814,0.21980000000000002
0.1121246999893778,0.2199
0.11226954556095303,0.22
0.11205424364921579,0.22010000000000002
0.11148946431268059,0.2202
0.11000118133223447,0.22030000000000002
0.10700019005973105,0.2204
0.10381884478923809,0.2205
0.1004788011352663,0.22060000000000002
0.09702607858068268,0.2207
0.09347721499762185,0.22080000000000002
0.08985284819220873,0.2209
0.08617716810148901,0.221
0.08247917530136217,0.22110000000000002
0.07878937155360999,0.2212
0.07513763159526343,0.22130000000000002
0.07143468138875253,0.2214
0.06773423016602242,0.2215
0.0641270820061125,0.22160000000000002
0.060454794757355046,0.2217
0.056854737990690074,0.2218
0.05339597788875006,0.22190000000000001
0.050057718271726115,0.222
0.0466282838552079,0.22210000000000002
0.04329646794342046,0.2222
0.0398864020653622,0.2223
0.036679495730308265,0.22240000000000001
0.03333419128307802,0.2225
0.03018032495069023,0.22260000000000002
0.02696842114619935,0.2227
0.024039454137116056,0.2228
0.021450263269334524,0.22290000000000001
0.019243175029351134,0.223
0.01727959865691786,0.22310000000000002
0.015452041174016662,0.2232
0.013994749226799552,0.2233
0.012866366881794766,0.22340000000000002
0.012138975783524186,0.2235
0.011780485809198327,0.22360000000000002
0.011959733546519802,0.2237
0.012720106169895384,0.2238
0.014079104242936458,0.22390000000000002
0.016028247902052595,0.224
0.018536006663036453,0.22410000000000002
0.021555907742232705,0.2242
0.02503334407182156,0.2243
0.028908238805312347,0.22440000000000002
0.03311919440110889,0.2245
0.03757588836630177,0.22460000000000002
0.042186242523071904,0.2247
0.046912871979024384,0.2248
0.05173646024958334,0.22490000000000002
0.056613123585177894,0.225
0.061491462874803116,0.22510000000000002
0.06633170551472645,0.2252
0.07109301787441935,0.2253
0.0757401126418813,0.22540000000000002
0.08024169903866163,0.2255
0.08456602638809596,0.22560000000000002
0.08868763814749347,0.2257
0.09258033089228335,0.2258
0.09622288528400813,0.22590000000000002
0.09959531560072021,0.226
0.1026698721112721,0.22610000000000002
0.10541793827325074,0.2262
0.10783564102087262,0.2263
0.10992769438868166,0.22640000000000002
0.11168410537368656,0.2265
0.11309636165099868,0.22660000000000002
0.11415759271149883,0.2267
0.11486324709133289,0.2268
0.11521142678867768,0.22690000000000002
0.11520006599100552,0.227
0.11483898416739513,0.22710000000000002
0.11256327491529683,0.2272
0.10967505566358648,0.2273
0.1066248511003941,0.22740000000000002
0.10344895615602356,0.2275
0.10016411412629123,0.22760000000000002
0.09673539039239598,0.2277
0.09318554977456006,0.2278
0.08957055282810589,0.22790000000000002
0.08592271566509957,0.228
0.08227367455935031,0.2281
0.07865290318777407,0.22820000000000001
0.0750879119259843,0.2283
0.07160442601928241,0.22840000000000002
0.06808310093421654,0.2285
0.06459483716525749,0.2286
0.061237736026700906,0.22870000000000001
0.057793650437630184,0.2288
0.05447411373534905,0.22890000000000002
0.05133197981856008,0.229
0.04828762368413986,0.2291
0.04519568764215576,0.22920000000000001
0.042149647457015105,0.2293
0.03910398184892894,0.22940000000000002
0.03626633761021325,0.2295
0.03332123166037637,0.2296
0.030637120309122245,0.22970000000000002
0.027860533554926015,0.2298
0.02539438284761264,0.22990000000000002
0.023302757641046057,0.23
0.02162852053449371,0.2301
0.020270790100407998,0.23020000000000002
0.019006009912681643,0.2303
0.018149397090645447,0.23040000000000002
0.01757881379051729,0.2305
0.017418133126046786,0.2306
0.01757700524716621,0.23070000000000002
0.018236789178979862,0.2308
0.019422759964305314,0.23090000000000002
0.021138595348904277,0.231
0.023370143330440518,0.2311
0.026088135701093362,0.23120000000000002
0.02925241253848765,0.2313
0.03281599776445154,0.23140000000000002
0.03672555448864623,0.2315
0.04089951245714296,0.2316
0.045249844632633485,0.23170000000000002
0.04973646412381583,0.2318
0.05433445299708972,0.23190000000000002
0.058995445960689175,0.232
0.06366426559732308,0.2321
0.06829673756327181,0.23220000000000002
0.07284897088304398,0.2323
0.07728319091553648,0.23240000000000002
0.08156625593900646,0.2325
0.08566545613809362,0.2326
0.08955382694742364,0.23270000000000002
0.09320406830269978,0.2328
0.09659321007497035,0.23290000000000002
0.09969991592986616,0.233
0.10249515053696501,0.2331
0.10494964707624854,0.23320000000000002
0.10706041100683261,0.2333
0.10883361398827474,0.23340000000000002
0.11026089159632235,0.2335
0.11133546544433004,0.2336
0.11205242725155973,0.23370000000000002
0.11240919897144319,0.2338
0.1124061977134051,0.23390000000000002
0.1120521999422418,0.234
0.11136147263128493,0.2341
0.10880857058131033,0.23420000000000002
0.10572616199256113,0.2343
0.10248729890038955,0.23440000000000003
0.09910115253187779,0.23450000000000001
0.09560700590385107,0.2346
0.09202440585340366,0.23470000000000002
0.08837552478398414,0.2348
0.08468752783999123,0.2349
0.08099041583425315,0.23500000000000001
0.07731463901919244,0.2351
0.07368907923058421,0.23520000000000002
0.06996317148110631,0.2353
0.06629958340617215,0.2354
0.06271764948072989,0.23550000000000001
0.059053289306472134,0.2356
0.05551164813215714,0.23570000000000002
0.05212229331227958,0.2358
0.048762878906302376,0.2359
0.04540281662068035,0.23600000000000002
0.04203497423691105,0.2361
0.038700967735564085,0.23620000000000002
0.035458699768931456,0.2363
0.032200426384849434,0.2364
0.029019437171913687,0.23650000000000002
0.025911559527273642,0.2366
0.023108082095350646,0.23670000000000002
0.020660980464792367,0.2368
0.018610071085615854,0.2369
0.01664462922207921,0.23700000000000002
0.014975594526902336,0.2371
0.013629951708155064,0.23720000000000002
0.012691162999529437,0.2373
0.012078865064524047,0.2374
0.011923536376247101,0.23750000000000002
0.012323568745111757,0.2376
0.013312696380871625,0.23770000000000002
0.014898795394184594,0.2378
0.017064180887850222,0.2379
0.01977104302172461,0.23800000000000002
0.022969978605579255,0.2381
0.02660371169331044,0.23820000000000002
0.030612083059813555,0.2383
0.03493271498428485,0.2384
0.039475168692937324,0.23850000000000002
0.04414727379216421,0.2386
0.048914076020466934,0.23870000000000002
0.05375886138876207,0.2388
0.05863885360187693,0.2389
0.06350379340113244,0.23900000000000002
0.06831503915933412,0.2391
0.07303277292221222,0.23920000000000002
0.07762270232713986,0.2393
0.0820544758353754,0.2394
0.0862974007851468,0.23950000000000002
0.09032710587009696,0.2396
0.09411856362587268,0.23970000000000002
0.09765160657168859,0.2398
0.10090718981021662,0.2399
0.10385822811962242,0.24000000000000002
0.10647663290187603,0.2401
0.10875925308745471,0.24020000000000002
0.11071148793652918,0.2403
0.11232396295683622,0.2404
0.11358878425872454,0.24050000000000002
0.114499806895625,0.2406
0.11505318836180034,0.24070000000000003
0.11524778477957764,0.24080000000000001
0.11508224791257371,0.2409
0.11409492735833893,0.24100000000000002
0.11132996764777814,0.2411
0.10836472457917234,0.2412
0.10525766717928398,0.24130000000000001
0.10203361151445023,0.2414
0.0987075267812153,0.24150000000000002
0.09520894673195701,0.2416
0.09162517603609588,0.2417
0.087989218271734,0.24180000000000001
0.0843337028856398,0.2419
0.0806897393444157,0.24200000000000002
0.07708613988358759,0.2421
0.07354963466365794,0.2422
0.07008589033017132,0.24230000000000002
0.06653177064644744,0.2424
0.06309065033106298,0.24250000000000002
0.05970094843209828,0.2426
0.05629000879026025,0.2427
0.05303759494850868,0.24280000000000002
0.049973129821043294,0.2429
0.046848694575444494,0.24300000000000002
0.04383324130775401,0.2431
0.04069893252712298,0.2432
0.037741131259398264,0.24330000000000002
0.034827602952853365,0.2434
0.031986368010320065,0.24350000000000002
0.029234404480784404,0.2436
0.026580196368663156,0.2437
0.024265201982275775,0.24380000000000002
0.02234470266656663,0.2439
0.02085574344440988,0.24400000000000002
0.01945545268608595,0.2441
0.01836744764722109,0.2442
0.017612001827323587,0.24430000000000002
0.017246917379739823,0.2444
0.017185725365210347,0.24450000000000002
0.017562627008708143,0.2446
0.01845711294875474,0.2447
0.019884711922612874,0.24480000000000002
0.021840507301467582,0.2449
0.0243028548430686,0.24500000000000002
0.02723645111800721,0.2451
0.03059761303793862,0.2452
0.03433541349515967,0.24530000000000002
0.03839483609042649,0.2454
0.042691108722117566,0.24550000000000002
0.04713481703028699,0.2456
0.051687710326872915,0.2457
0.056327579661882066,0.24580000000000002
0.061007887431698715,0.2459
0.06567495880893237,0.24600000000000002
0.07028677269866901,0.2461
0.07480117425796995,0.2462
0.0791818993582345,0.24630000000000002
0.08339736374631801,0.2464
0.08741582093880651,0.24650000000000002
0.09121176699223743,0.2466
0.09475894260212225,0.2467
0.09803536900413057,0.24680000000000002
0.10101075033016638,0.2469
0.1036536585616078,0.24700000000000003
0.10596053709842757,0.24710000000000001
0.10793517769383465,0.2472
0.10956873064963513,0.24730000000000002
0.11085304496827975,0.2474
0.1117820856471804,0.24750000000000003
0.11235258606270071,0.24760000000000001
0.11256323043052463,0.2477
0.11241333621893423,0.24780000000000002
0.11191308443281578,0.2479
0.11058119494970664,0.248
0.10761136128538129,0.24810000000000001
0.10446481917855133,0.2482
0.10116368434245016,0.24830000000000002
0.09773045928608659,0.2484
0.0941957332050748,0.2485
0.09058054769528856,0.24860000000000002
0.08690926972751234,0.2487
0.0832111664017563,0.24880000000000002
0.07951706586162355,0.2489
0.07585714674430766,0.249
0.07220752306969935,0.24910000000000002
0.06849641324196354,0.2492
0.06487263971603963,0.24930000000000002
0.06125710460467759,0.2494
0.057638494473489565,0.2495
0.05415439315851467,0.24960000000000002
0.05083233109380392,0.2497
0.04742357841338474,0.24980000000000002
0.04413253531009298,0.2499
0.04070950152588226,0.25
0.03745980676065597,0.2501
0.034183623393029716,0.25020000000000003
0.03102711299567318,0.2503
0.02783374081032397,0.2504
0.024843097976427142,0.2505
0.02217865143562814,0.2506
0.01988779780404548,0.25070000000000003
0.01795671717418612,0.2508
0.016050216369978054,0.2509
0.014549878401017624,0.251
0.01332555997494933,0.2511
0.012555902778246253,0.25120000000000003
0.012090649443876167,0.2513
0.012147949196634755,0.2514
0.012775685217915278,0.2515
0.013996986151775026,0.2516
0.015809874380275923,0.25170000000000003
0.01818847065334883,0.2518
0.021089643168674455,0.2519
0.024461762141724686,0.252
0.028245465814334958,0.2521
0.032380445996960994,0.25220000000000004
0.03677676514153827,0.2523
0.04134252311239717,0.2524
0.04603854708866528,0.2525
0.050843400791715565,0.2526
0.05571225790901391,0.25270000000000004
0.06059260005730582,0.2528
0.06544359226339269,0.2529
0.07022334200624392,0.253
0.0748956871912615,0.2531
0.07942856823366284,0.25320000000000004
0.08378956241312896,0.2533
0.08795254165298838,0.2534
0.09189057870818218,0.2535
0.09558175199025742,0.2536
0.09900539056306301,0.25370000000000004
0.10213320490309041,0.2538
0.1049361357379649,0.2539
0.10740993329730497,0.254
0.1095590182798386,0.2541
0.11137314016304578,0.25420000000000004
0.1128435461584395,0.2543
0.11396308532247335,0.2544
0.11472693666456812,0.2545
0.11513291104639745,0.2546
0.11517829848316508,0.25470000000000004
0.11486370979508942,0.2548
0.11295092419968278,0.2549
0.11008910231832503,0.255
0.1070546404530125,0.2551
0.1038906634264779,0.25520000000000004
0.10061646390825163,0.2553
0.09721463792792406,0.2554
0.09367305576541785,0.2555
0.09006053214760479,0.2556
0.08640935571435826,0.25570000000000004
0.08275176204901247,0.2558
0.07911786157072287,0.2559
0.07553554154596864,0.256
0.07203082454716347,0.2561
0.06851349447363342,0.25620000000000004
0.06500042924378757,0.25630000000000003
0.06161431844168008,0.2564
0.058174020293045636,0.2565
0.05482379344406518,0.2566
0.05164638928400933,0.25670000000000004
0.048604618790746734,0.25680000000000003
0.045475836536109426,0.2569
0.042430830874955916,0.257
0.03934308610069692,0.2571
0.03648629258566394,0.25720000000000004
0.03350014774932464,0.25730000000000003
0.030764637668570405,0.2574
0.027958494072329865,0.2575
0.0254327445679996,0.2576
0.02327524720733476,0.2577
0.021531306860295585,0.25780000000000003
0.02012898923833073,0.2579
0.018796268701038565,0.258
0.01787880124322805,0.2581
0.01723944275396261,0.2582
0.017023279369142053,0.25830000000000003
0.017115984029834053,0.2584
0.01771052213403057,0.2585
0.018834507678553436,0.2586
0.02049369117586508,0.2587
0.022675405279001026,0.25880000000000003
0.02535123799700445,0.2589
0.0284812799166283,0.259
0.032018676366905696,0.2591
0.03590987465141682,0.2592
0.040073379960781974,0.25930000000000003
0.044420982707370715,0.2594
0.048911926307364295,0.2595
0.0535205771188878,0.2596
0.05819822248261275,0.2597
0.06288943394088986,0.25980000000000003
0.06754966510410898,0.2599
0.07213473366957501,0.26
0.07660654027129443,0.2601
0.08093161828863704,0.2602
0.08507696824274324,0.26030000000000003
0.08901528456133667,0.2604
0.09271896947580482,0.2605
0.09616471248895564,0.2606
0.09933085165336408,0.2607
0.10218804175774598,0.26080000000000003
0.10470669347425265,0.2609
0.10688343914154463,0.261
0.10872406313449257,0.2611
0.11021988461606103,0.2612
0.11136379372372951,0.26130000000000003
0.11215055525968587,0.2614
0.112577265245138,0.2615
0.11264365417787703,0.2616
0.11234913330966534,0.2617
0.11170461189173586,0.26180000000000003
0.10942945671251092,0.2619
0.10638048323314153,0.262
0.10318391639016633,0.2621
0.09982408616440686,0.2622
0.0963505179099271,0.26230000000000003
0.09278355370469082,0.2624
0.08914487995983833,0.2625
0.08546114262227877,0.2626
0.08176259900641447,0.2627
0.07808005689396935,0.26280000000000003
0.07444277772679053,0.2629
0.07075593041112027,0.263
0.0670766043336416,0.2631
0.06349724236205023,0.2632
0.05984953804811388,0.26330000000000003
0.05628483202593593,0.2634
0.05286727675320635,0.2635
0.04956203310447749,0.2636
0.046173053766886296,0.2637
0.04286244885527335,0.26380000000000003
0.03949565738029426,0.2639
0.036325998213385446,0.264
0.03303227790150842,0.2641
0.02992417776428602,0.2642
0.026765557890454872,0.26430000000000003
0.023894745939849305,0.2644
0.021369853268213612,0.2645
0.019234308556196344,0.2646
0.017317027462491197,0.2647
0.015567753954409902,0.26480000000000004
0.014182387840544708,0.2649
0.013142527997074493,0.265
0.01248943398403446,0.2651
0.012221405127442297,0.2652
0.012492537261338699,0.26530000000000004
0.01334272358715305,0.2654
0.01478597876486587,0.2655
0.016811540478952836,0.2656
0.01938677314998416,0.2657
0.022465269948355848,0.26580000000000004
0.025992574345322206,0.2659
0.029908994175021464,0.266
0.034153244395408455,0.2661
0.03863498572199853,0.2662
0.043262154201944014,0.26630000000000004
0.04799787202785932,0.2664
0.05282328593127161,0.2665
0.05769455934219647,0.2666
0.0625602766913178,0.2667
0.067380780769977,0.26680000000000004
0.07211536681884845,0.2669
0.07672905318867362,0.267
0.08119093166415825,0.2671
0.08546971135159165,0.2672
0.0895403915524352,0.26730000000000004
0.09337715585385875,0.2674
0.09695909217098087,0.2675
0.1002664262248325,0.2676
0.10327151350594321,0.2677
0.10594582745323522,0.26780000000000004
0.10828582323225189,0.2679
0.11029662201820534,0.268
0.1119685927281363,0.2681
0.11329364417158339,0.2682
0.11426538524398155,0.26830000000000004
0.1148797570963479,0.2684
0.11513535547564335,0.2685
0.11503055899039072,0.2686
0.11449678236306204,0.2687
0.11176442312987067,0.26880000000000004
0.10881901865861832,0.26890000000000003
0.10572705166140228,0.269
0.10251636047260149,0.2691
0.09920085519444555,0.2692
0.09572285729784813,0.26930000000000004
0.09214625841436241,0.26940000000000003
0.08851210882736893,0.2695
0.08485307762737138,0.2696
0.08120074279698963,0.2697
0.07758428184330801,0.26980000000000004
0.07403082478263412,0.26990000000000003
0.07056568055191192,0.27
0.0669994847743931,0.2701
0.06353392534364177,0.2702
0.06015167539491184,0.27030000000000004
0.056713244025318854,0.27040000000000003
0.05342799577796553,0.2705
0.05032655393756724,0.2706
0.04720969998808355,0.2707
0.04415581303445082,0.27080000000000004
0.04102739661140653,0.27090000000000003
0.038026068584133155,0.271
0.035106990499307544,0.2711
0.03221564800372434,0.2712
0.029443464668650998,0.2713
0.026730794370290578,0.27140000000000003
0.02434975983381693,0.2715
0.022357622035352076,0.2716
0.020793538277320556,0.2717
0.01935887615866161,0.2718
0.01819938168466484,0.27190000000000003
0.017386039438086476,0.272
0.016946751690485762,0.2721
0.016832094464080072,0.2722
0.017136334213711413,0.2723
0.01795830073093807,0.27240000000000003
0.019316504235341148,0.2725
0.021208252024259355,0.2726
0.023613491346338833,0.2727
0.026497777495173125,0.2728
0.029817684560299318,0.27290000000000003
0.03352260705589738,0.273
0.037557418732736325,0.2731
0.041837682936181064,0.2732
0.04627393704739524,0.2733
0.050827322690405685,0.27340000000000003
0.055474886495589404,0.2735
0.06016964373237199,0.2736
0.06485756571646217,0.2737
0.06949610534933914,0.2738
0.07404271765803194,0.27390000000000003
0.07846074325093699,0.274
0.08271824469404698,0.2741
0.08678320541133933,0.2742
0.09062977824497676,0.2743
0.09423141993136452,0.27440000000000003
0.09756577852658821,0.2745
0.1006022394653534,0.2746
0.1033090314837748,0.2747
0.10568215085544919,0.2748
0.10772496546297705,0.27490000000000003
0.10942826250838733,0.275
0.1107835518338266,0.2751
0.11178444027620515,0.2752
0.11242732369498376,0.2753
0.11271055709908695,0.27540000000000003
0.11263315796592532,0.2755
0.11220509998676653,0.2756
0.11120278713309295,0.2757
0.10827132149879792,0.2758
0.10515209235185274,0.27590000000000003
0.10189049499422487,0.276
0.09848064692199565,0.2761
0.09496503218712304,0.2762
0.091364590860322,0.2763
0.08770293969875775,0.27640000000000003
0.08400891409032307,0.2765
0.08031328246647285,0.2766
0.07664647798398405,0.2767
0.07303684960641055,0.2768
0.06931480275053592,0.27690000000000003
0.06567370642010106,0.277
0.0621008273896706,0.2771
0.058462896511632945,0.2772
0.05495285561268326,0.2773
0.05160021809816362,0.27740000000000004
0.04824924427836175,0.2775
0.04492711908709923,0.2776
0.04156336180957276,0.2777
0.03827566561314999,0.2778
0.035064273408812685,0.27790000000000004
0.03186524951963898,0.278
0.02873497714209927,0.2781
0.025689213521410847,0.2782
0.02295278125966904,0.2783
0.020578619157285427,0.27840000000000004
0.01860706682829072,0.2785
0.016694268612061025,0.2786
0.015107725300077313,0.2787
0.013836535967172603,0.2788
0.012988062984589765,0.27890000000000004
0.012450830210043229,0.279
0.012386718327876967,0.2791
0.01287844391877635,0.2792
0.01395597095245904,0.2793
0.015623860185011829,0.27940000000000004
0.01786237480297248,0.2795
0.020632987520190937,0.2796
0.023886452884834375,0.2797
0.027565755861050922,0.2798
0.031611110404943465,0.27990000000000004
0.035934184902938204,0.28
0.04044331244330279,0.2801
0.04509761909907373,0.2802
0.04987365146126965,0.2803
0.054725301311696395,0.28040000000000004
0.059599303273198734,0.2805
0.06445342522385333,0.2806
0.06924492458432308,0.2807
0.07393664337831807,0.2808
0.07849575004598242,0.28090000000000004
0.08288926100592697,0.281
0.0870903180882514,0.2811
0.0910714623957074,0.2812
0.09481000511294768,0.2813
0.09828509976586508,0.28140000000000004
0.10147785335797588,0.28150000000000003
0.10436218865727764,0.2816
0.10690922851109508,0.2817
0.10911728089903039,0.2818
0.11099158964254907,0.28190000000000004
0.11252354895950656,0.28200000000000003
0.11370576066325144,0.2821
0.11453217589149123,0.2822
0.11499975278110597,0.2823
0.11510720309809042,0.28240000000000004
0.1148538579284415,0.28250000000000003
0.11338165664416366,0.2826
0.11055617293180842,0.2827
0.1075453246585234,0.2828
0.10440005753273585,0.28290000000000004
0.10114254061463257,0.28300000000000003
0.09776834651806332,0.2831
0.09424094568382402,0.2832
0.09063709364978811,0.2833
0.08698861266020719,0.28340000000000004
0.08332782989992904,0.28350000000000003
0.07968541849384725,0.2836
0.07608983632884736,0.2837
0.07256749136551155,0.2838
0.06906169670495177,0.28390000000000004
0.06552606448427456,0.28400000000000003
0.06211117210981032,0.2841
0.05867506754813934,0.2842
0.05529180173170878,0.2843
0.052075170053195396,0.2844
0.04902841694113258,0.28450000000000003
0.04585641816834185,0.2846
0.04280408728917129,0.2847
0.039670280122659385,0.2848
0.036762500433579204,0.2849
0.03376995427387519,0.28500000000000003
0.030982801420459394,0.2851
0.028163260511053778,0.2852
0.025577883196600704,0.2853
0.02335186764827646,0.2854
0.021533442380831103,0.28550000000000003
0.020098680221918075,0.2856
0.01869254412090271,0.2857
0.017710685958451933,0.2858
0.016997809446365864,0.2859
0.016726305859797064,0.28600000000000003
0.016742580478012137,0.2861
0.01725930355191707,0.2862
0.0183068753309934,0.2863
0.019893781562020374,0.2864
0.02200945418087663,0.28650000000000003
0.024626980609830262,0.2866
0.027707026109021315,0.2867
0.031203219403986404,0.2868
0.0350618573907262,0.2869
0.039201868673617524,0.28700000000000003
0.04353504795781893,0.2871
0.04802003005477706,0.2872
0.052630413768472994,0.2873
0.057317237353161854,0.2874
0.062024856920351645,0.28750000000000003
0.06670825459784713,0.2876
0.07132281401620844,0.2877
0.07582990149216173,0.2878
0.08019553837171978,0.2879
0.0843862845167841,0.28800000000000003
0.0883743904393145,0.2881
0.09213190042073882,0.2882
0.09563513173729743,0.2883
0.09886207229913846,0.2884
0.10178307550262822,0.28850000000000003
0.10436823288872499,0.2886
0.10661381379049661,0.2887
0.10852520857678716,0.2888
0.11009343415329975,0.2889
0.11131103738645887,0.28900000000000003
0.11217243277643074,0.2891
0.11267435123158553,0.2892
0.11281615417207547,0.2893
0.11259690884456863,0.2894
0.11202726821497333,0.28950000000000004
0.11010014040237215,0.2896
0.10708918247291677,0.2897
0.10391845411984824,0.2898
0.10059818520911434,0.2899
0.09714593280234574,0.29000000000000004
0.09359574604926346,0.2901
0.08996930897484512,0.2902
0.08629253711175444,0.2903
0.08259527172778292,0.2904
0.07890827158166136,0.29050000000000004
0.07526104757894259,0.2906
0.07161479518998093,0.2907
0.06792142655932165,0.2908
0.06432122294695919,0.2909
0.06071738409212035,0.29100000000000004
0.057129841852096463,0.2911
0.053682311198930854,0.2912
0.05040123311001765,0.2913
0.0470114011282079,0.2914
0.0437581164573988,0.29150000000000004
0.04035285271486355,0.2916
0.037149266788431445,0.2917
0.0339065858206713,0.2918
0.03080391697046636,0.2919
0.02765482353504911,0.29200000000000004
0.024718972120567617,0.2921
0.022114096227433988,0.2922
0.019888129068944993,0.2923
0.01800479651063358,0.2924
0.01616785713926938,0.29250000000000004
0.014733811515592166,0.2926
0.01358674335661103,0.2927
0.012885081243416474,0.2928
0.01249833769226183,0.2929
0.012635119826687413,0.29300000000000004
0.01334012268625151,0.2931
0.014633525847051576,0.2932
0.016511368381787905,0.2933
0.018946401296958015,0.2934
0.02189589198330366,0.29350000000000004
0.02530806115796258,0.2936
0.02912431686379402,0.2937
0.03328437728964939,0.2938
0.037698460833438974,0.2939
0.042274785247893965,0.29400000000000004
0.04697452099563537,0.29410000000000003
0.05177684655430226,0.2942
0.05663681190411385,0.2943
0.06150212472423977,0.2944
0.0663319242486462,0.29450000000000004
0.0710845558599178,0.29460000000000003
0.07572403316768461,0.2947
0.08021864489448549,0.2948
0.08453635732564801,0.2949
0.08865144540710368,0.29500000000000004
0.09253738095264086,0.29510000000000003
0.09617253926276204,0.2952
0.09953651105128081,0.2953
0.10260113562202078,0.2954
0.10533748934963794,0.29550000000000004
0.10774162524390718,0.29560000000000003
0.10981834127050094,0.2957
0.11155770431921619,0.2958
0.11295134361546744,0.2959
0.1139925214229861,0.29600000000000004
0.11467686452382331,0.29610000000000003
0.11500261476389417,0.2962
0.1149678277181645,0.2963
0.11458239143872506,0.2964
0.1122691481807142,0.29650000000000004
0.1093581228610111,0.29660000000000003
0.10628724008712853,0.2967
0.10309259792055603,0.2968
0.09979081887984553,0.2969
0.0963377249128834,0.29700000000000004
0.09277243263971569,0.29710000000000003
0.08914412572592112,0.2972
0.08548503524297779,0.2973
0.08182676439055758,0.2974
0.07819881024005504,0.2975
0.07462864727469276,0.29760000000000003
0.07114191186617103,0.2977
0.06758731051358513,0.2978
0.06409636326579327,0.2979
0.06072471307922478,0.298
0.05725637140534645,0.29810000000000003
0.05393521573435689,0.2982
0.05079318513612141,0.2983
0.04768993380494613,0.2984
0.04459443150764497,0.2985
0.04147985128021259,0.29860000000000003
0.03843138206571828,0.2987
0.03551597766721115,0.2988
0.03257041978736486,0.2989
0.029787745918144592,0.299
0.02701180012266957,0.29910000000000003
0.024557961651205495,0.2992
0.0224857222987076,0.2993
0.020836384659102647,0.2994
0.019374829174697794,0.2995
0.018133033235763873,0.29960000000000003
0.017257024142041555,0.2997
0.016729515922312643,0.2998
0.01655596933728498,0.2999
0.016771753347712304,0.3
0.017503283778734113,0.30010000000000003
0.0187728266112559,0.3002
0.020580661320781735,0.3003
0.02290910032835569,0.3004
0.025725148914614637,0.3005
0.028985995101278306,0.30060000000000003
0.032641731136088925,0.3007
0.036637258702644226,0.3008
0.04088880510799808,0.3009
0.04530699037711794,0.301
0.04985224239922914,0.30110000000000003
0.05450066113735219,0.3012
0.0592047168328933,0.3013
0.06390995981166359,0.3014
0.06857316836206917,0.3015
0.07315129887135607,0.30160000000000003
0.07760716488070984,0.3017
0.08190834763772814,0.3018
0.08602245858349145,0.3019
0.08992317568344044,0.302
0.09358357711481369,0.30210000000000004
0.09698128171472431,0.3022
0.10009540070636758,0.3023
0.10289727510034752,0.3024
0.10535793901231127,0.3025
0.10747451907551198,0.30260000000000004
0.10925330989486359,0.3027
0.1106859152985511,0.3028
0.11176557807228027,0.3029
0.1124873449987287,0.303
0.11284861025322557,0.30310000000000004
0.11284973500391993,0.3032
0.11249943730860701,0.3033
0.11181193970755632,0.3034
0.10896221406101225,0.3035
0.10587782633443843,0.30360000000000004
0.1026619822595205,0.3037
0.0992845741270888,0.3038
0.09579435986681384,0.3039
0.09221408699602562,0.304
0.08856659775314679,0.30410000000000004
0.08488017454227792,0.3042
0.08118544894144686,0.3043
0.07751310486844087,0.3044
0.07389191522698602,0.3045
0.07021556244398142,0.30460000000000004
0.0665584917479135,0.3047
0.06300591450675419,0.3048
0.059372394274820106,0.3049
0.05583575493777815,0.305
0.052450329356644065,0.30510000000000004
0.049156739786469617,0.3052
0.04580031758430758,0.3053
0.04249481997046045,0.3054
0.03916405346915597,0.3055
0.036004323181825226,0.30560000000000004
0.03275231432026682,0.3057
0.02966217564985807,0.3058
0.02655223671711604,0.3059
0.023736759982697864,0.306
0.021272955527444903,0.30610000000000004
0.019203828843202375,0.3062
0.01732435896460327,0.3063
0.015645170011014287,0.3064
0.014323482047032376,0.3065
0.013360762689729189,0.30660000000000004
0.012770303137818129,0.30670000000000003
0.012580126190054886,0.3068
0.012930639527301224,0.3069
0.013858591612578186,0.307
0.015375131498799322,0.30710000000000004
0.017467217324451223,0.30720000000000003
0.020101062442460016,0.3073
0.023229991657014892,0.3074
0.026799451924612416,0.3075
0.030750070073170432,0.30760000000000004
0.03502067990373492,0.30770000000000003
0.03952112102107974,0.3078
0.044159470378359655,0.3079
0.04889944431493398,0.308
0.05372273061398647,0.30810000000000004
0.058585661532583044,0.30820000000000003
0.06343698215477356,0.3083
0.06823723720003161,0.3084
0.07294591002549411,0.3085
0.07752824146873372,0.30860000000000004
0.08195356068041693,0.30870000000000003
0.0861908608142481,0.3088
0.09021544657413283,0.3089
0.09400182979176042,0.309
0.0975294069080731,0.30910000000000004
0.1007786984370942,0.30920000000000003
0.10372228127699457,0.3093
0.10633184646798166,0.3094
0.10860421525792974,0.3095
0.11054490256829619,0.30960000000000004
0.11214460913752777,0.30970000000000003
0.11339558571482267,0.3098
0.11429180777353876,0.3099
0.11482957946941796,0.31
0.11500786575288735,0.31010000000000004
0.11482539150638105,0.31020000000000003
0.11388673339814226,0.3103
0.11110520848846706,0.3104
0.10812296534061183,0.3105
0.10499989335192517,0.3106
0.10176134816719762,0.31070000000000003
0.098413187637024,0.3108
0.09489989868209259,0.3109
0.09130400310723752,0.311
0.08765706508060167,0.3111
0.0839916000570694,0.31120000000000003
0.08033879274695799,0.3113
0.07672751929934274,0.3114
0.07318455028145465,0.3115
0.06968546418521915,0.3116
0.0661252328512173,0.31170000000000003
0.06268004276487393,0.3118
0.0592511086269667,0.3119
0.055834795595689046,0.312
0.05257881690172095,0.3121
0.04951139252765269,0.31220000000000003
0.046328125842108214,0.3123
0.043288132893720244,0.3124
0.040109084080994784,0.3125
0.03714867319011428,0.3126
0.0341639563790237,0.31270000000000003
0.03132198327177593,0.3128
0.02849802116812472,0.3129
0.02584753017735708,0.313
0.023545250064492818,0.3131
0.02164291349789038,0.31320000000000003
0.02017563927847288,0.3133
0.01869189517116543,0.3134
0.01762054782012723,0.3135
0.016846507542842115,0.3136
0.016515753492770457,0.31370000000000003
0.016443190682572606,0.3138
0.016866736517683778,0.3139
0.017820566329053822,0.314
0.019316904544769642,0.3141
0.02134794259472339,0.31420000000000003
0.02388876194601841,0.3143
0.02690121379936672,0.3144
0.030339637461118896,0.3145
0.03415073051266537,0.3146
0.03825408666616026,0.31470000000000004
0.042561865966292745,0.3148
0.04703191056871425,0.3149
0.05163684123610701,0.315
0.056327312998996515,0.3151
0.061047321053695924,0.31520000000000004
0.06575125881394617,0.3153
0.07039393087109524,0.3154
0.07493608216157766,0.3155
0.07934311535499672,0.3156
0.08358108603560888,0.31570000000000004
0.08762173457176381,0.3158
0.09143668864001953,0.3159
0.09500182732881624,0.316
0.09829470224378278,0.3161
0.10128527407404242,0.31620000000000004
0.10394322002419665,0.3163
0.1062643236062597,0.3164
0.10825348117726852,0.3165
0.1099013286610313,0.3166
0.11120001813527891,0.31670000000000004
0.11214355668492948,0.3168
0.11272826361796162,0.3169
0.11295308118942327,0.317
0.1128166899345091,0.3171
0.1123294542773825,0.31720000000000004
0.11079830447157568,0.3173
0.1078293560843171,0.3174
0.10468746005102347,0.3175
0.10140964555719556,0.3176
0.09798204950266276,0.31770000000000004
0.09445184912660542,0.3178
0.09084059721468485,0.3179
0.08717329273000518,0.318
0.08347929485776084,0.3181
0.07978940333671802,0.31820000000000004
0.07613360993457907,0.3183
0.07253243393687714,0.3184
0.06882677297796014,0.3185
0.06520637166815524,0.3186
0.061646357440937716,0.31870000000000004
0.05803168137114234,0.31880000000000003
0.05454883803182953,0.3189
0.05122714564325448,0.319
0.047886352812337885,0.3191
0.04459564589740639,0.31920000000000004
0.04124082204510682,0.31930000000000003
0.03799105580126794,0.3194
0.034800218181850084,0.3195
0.03164363725551822,0.3196
0.028538382206010127,0.31970000000000004
0.025537448030628296,0.31980000000000003
0.022851456780097257,0.3199
0.02053329570091278,0.32
0.018623008128353158,0.3201
0.016744468417084768,0.32020000000000004
0.015221879781999403,0.32030000000000003
0.014007689128720857,0.3204
0.013229078764213087,0.3205
0.012748508676081682,0.3206
0.012754309617165616,0.32070000000000004
0.013316306933074173,0.32080000000000003
0.014461369087345188,0.3209
0.016191827763511135,0.321
0.018486196422893952,0.3211
0.021305539582312294,0.32120000000000004
0.024600550491490347,0.32130000000000003
0.028314292060126478,0.3214
0.03238725012720001,0.3215
0.03673088838168259,0.3216
0.04125374095546985,0.32170000000000004
0.04591534513163453,0.32180000000000003
0.05069284920585737,0.3219
0.05554019350627315,0.322
0.060404197643949,0.3221
0.06524277792625821,0.32220000000000004
0.07001335193461566,0.32230000000000003
0.07467899517366339,0.3224
0.07920714617463942,0.3225
0.083565089932503,0.3226
0.08772627397911836,0.32270000000000004
0.09166349576282506,0.32280000000000003
0.09535433501826618,0.3229
0.098777725490658,0.323
0.10190494046730758,0.3231
0.10470659585084341,0.32320000000000004
0.10717831202525596,0.32330000000000003
0.10932447987752103,0.3234
0.11113488422262785,0.3235
0.1126008269138884,0.3236
0.11371523302777997,0.32370000000000004
0.11447337762125098,0.32380000000000003
0.11487314732026765,0.3239
0.11491191381759902,0.324
0.11459032400263303,0.3241
0.11281474304821981,0.3242
0.1099450412526819,0.32430000000000003
0.10689980544922673,0.3244
0.10372512967410374,0.3245
0.10044144502035723,0.3246
0.0970193815991115,0.3247
0.09346892064201695,0.32480000000000003
0.08984816059602052,0.3249
0.08618890142000712,0.325
0.08252318995480112,0.3251
0.0788812551413497,0.3252
0.07529107961986226,0.32530000000000003
0.07177879018072819,0.3254
0.06822630609652414,0.3255
0.06470539271050568,0.3256
0.06131273256795211,0.3257
0.05783396657529716,0.32580000000000003
0.05447593315278931,0.3259
0.051291901301278475,0.326
0.04820017362134177,0.3261
0.04506308449185559,0.3262
0.04196572639930163,0.32630000000000003
0.03887117421200892,0.3264
0.03596587323852063,0.3265
0.03296664865068033,0.3266
0.030180562416955548,0.3267
0.027341204220490356,0.32680000000000003
0.024813793869328693,0.3269
0.02266033587119587,0.327
0.020924287403673913,0.3271
0.019443661949726243,0.3272
0.018117948811049667,0.32730000000000004
0.01718069009047074,0.3274
0.016561642932376275,0.3275
0.01632992132426514,0.3276
0.016452622386785132,0.3277
0.017087616159309427,0.32780000000000004
0.018261193280240784,0.3279
0.019976974995856933,0.328
0.02222011558570358,0.3281
0.024959513172741588,0.3282
0.028153270562972788,0.32830000000000004
0.0317524512083327,0.3284
0.03570206912163121,0.3285
0.03991916998887968,0.3286
0.04431447921757692,0.3287
0.048847598422481875,0.32880000000000004
0.05349353026822401,0.3289
0.05820413445186334,0.329
0.06292451253361353,0.3291
0.06761070569398042,0.3292
0.07221915066380635,0.32930000000000004
0.07671210760644975,0.3294
0.0810566626153365,0.3295
0.08522004621777268,0.3296
0.08917542596831896,0.3297
0.0928954637420456,0.32980000000000004
0.09635722476894804,0.3299
0.09953932393746923,0.33
0.10241262978160226,0.3301
0.10494772740911396,0.3302
0.10714126331629747,0.33030000000000004
0.10899903603224448,0.3304
0.1105122808200244,0.3305
0.11167383602771053,0.3306
0.11247836846973569,0.3307
0.11292288814094809,0.33080000000000004
0.11300702144323804,0.3309
0.11273008476589563,0.331
0.11210290865828132,0.3311
0.10969121828618844,0.3312
0.106649125781059,0.33130000000000004
0.10346157064660966,0.33140000000000003
0.10012905117614335,0.3315
0.09666358320782176,0.3316
0.09310235376974707,0.3317
0.08946764271024266,0.33180000000000004
0.08578686278490932,0.33190000000000003
0.08209060208539398,0.332
0.07840985125552558,0.3321
0.07477383430356943,0.3322
0.07113068816288814,0.33230000000000004
0.06745327233371745,0.33240000000000003
0.06387343906891096,0.3325
0.060274478754892336,0.3326
0.05670959656324959,0.3327
0.05328886321911264,0.33280000000000004
0.05003807026366336,0.33290000000000003
0.046648888090007334,0.333
0.04339813972179729,0.3331
0.040027183934566724,0.3332
0.036864334479368877,0.33330000000000004
0.03363744825754522,0.33340000000000003
0.03057729517520502,0.3335
0.02744943169216163,0.3336
0.024560049376004534,0.3337
0.022008204103252105,0.33380000000000004
0.019841156985841213,0.33390000000000003
0.017995496165949865,0.334
0.016221236853557697,0.3341
0.014844968698825234,0.3342
0.013766646104597324,0.33430000000000004
0.013122154007324083,0.33440000000000003
0.012804883296697156,0.3345
0.013012644197025525,0.3346
0.013787557267691541,0.3347
0.015147407277104286,0.33480000000000004
0.017085935623957438,0.33490000000000003
0.019574881278369594,0.335
0.022571002199638812,0.3351
0.02602245954379101,0.3352
0.029870841019804528,0.33530000000000004
0.034055888894873654,0.33540000000000003
0.038487994402603976,0.3355
0.043075381065461604,0.3356
0.04777988955862411,0.3357
0.05258109280355838,0.33580000000000004
0.05743421459864595,0.33590000000000003
0.06228699796751669,0.336
0.06709878663177649,0.3361
0.0718281460385437,0.3362
0.07643937994327965,0.33630000000000004
0.08090111674001799,0.33640000000000003
0.08518162458513479,0.3365
0.08925549675321054,0.3366
0.09309646035912256,0.3367
0.09668313774446735,0.33680000000000004
0.09999533298630825,0.33690000000000003
0.10300505214524491,0.337
0.10568354227778287,0.3371
0.10802717906737414,0.3372
0.11004111852974674,0.3373
0.11171574238951865,0.33740000000000003
0.11304300878513163,0.3375
0.1140165428121912,0.3376
0.1146323234793254,0.3377
0.1148889484763469,0.3378
0.11478479199436431,0.33790000000000003
0.11432998562928909,0.338
0.11168731529190912,0.3381
0.10873612453840709,0.3382
0.10563599564598425,0.3383
0.10241733169293543,0.33840000000000003
0.09909460707311468,0.3385
0.09560049033074414,0.3386
0.09201700067118757,0.3387
0.08837602166210723,0.3388
0.08470980373850268,0.33890000000000003
0.0810498111607525,0.339
0.0774253233905684,0.3391
0.07386354642224047,0.3392
0.07037682120839728,0.3393
0.06679354676038995,0.33940000000000003
0.06331913703918723,0.3395
0.0599046053720953,0.3396
0.05645637972400985,0.3397
0.05316170552990784,0.3398
0.05005043784568297,0.33990000000000004
0.04688838943033424,0.34
0.043822860671138164,0.3401
0.04064698942924383,0.3402
0.03763507547820444,0.3403
0.03466311885326534,0.34040000000000004
0.031762835289710134,0.3405
0.02893582049218435,0.3406
0.02621574191978704,0.3407
0.023831895641605483,0.3408
0.02183941897269137,0.34090000000000004
0.020276535570940446,0.341
0.01877571377518228,0.3411
0.0176143359894938,0.3412
0.016776371307018145,0.3413
0.016347211289210906,0.34140000000000004
0.01621397644725109,0.3415
0.01653761907818252,0.3416
0.017388279134159745,0.3417
0.018782796281045178,0.3418
0.020716851987518936,0.34190000000000004
0.02316829759642114,0.342
0.026100713284509247,0.3421
0.029469199548811442,0.3422
0.03322143779151587,0.3423
0.03730150111509989,0.34240000000000004
0.04162369450757786,0.3425
0.04609807241909425,0.3426
0.050685953603693434,0.3427
0.05536495927371421,0.3428
0.06008854876577119,0.34290000000000004
0.0648030345312286,0.343
0.06946639224449935,0.3431
0.07403640823459368,0.3432
0.07847675219215144,0.3433
0.08275574525393892,0.34340000000000004
0.08684152975419646,0.3435
0.0907085195544679,0.3436
0.0943303600976958,0.3437
0.09768500026385474,0.3438
0.10074206148042264,0.34390000000000004
0.10346997969464633,0.34400000000000003
0.10586485886381847,0.3441
0.10793005416436696,0.3442
0.10965631068825576,0.3443
0.11103501422415185,0.34440000000000004
0.11205965672305596,0.34450000000000003
0.11272648106934757,0.3446
0.1130337005748211,0.3447
0.11298019075620669,0.3448
0.11257581238121495,0.34490000000000004
0.11149825899942134,0.34500000000000003
0.10857780201701128,0.3451
0.1054700341363275,0.3452
0.10223519223200228,0.3453
0.0988356793475278,0.34540000000000004
0.0953280216293213,0.34550000000000003
0.09173360233174344,0.3456
0.0880765760353196,0.3457
0.08438601161476567,0.3458
0.08069282005134804,0.34590000000000004
0.07702741863147555,0.34600000000000003
0.0734181511800911,0.3461
0.06974057264063871,0.3462
0.06610000526857596,0.3463
0.06256794960836343,0.34640000000000004
0.05893511095479065,0.34650000000000003
0.055420696713569084,0.3466
0.05206178135392103,0.3467
0.04876947147923705,0.3468
0.04544111598026568,0.34690000000000004
0.04213788665941687,0.34700000000000003
0.03884212994642122,0.3471
0.03570381277394952,0.3472
0.03249731648483434,0.3473
0.029448185632927393,0.34740000000000004
0.02638605379486325,0.34750000000000003
0.0236216891382377,0.3476
0.021213127138725252,0.3477
0.019203439143784307,0.3478
0.017363639794936825,0.34790000000000004
0.015745076756040532,0.34800000000000003
0.014477161565324748,0.3481
0.013580282203659477,0.3482
0.013044213989568565,0.3483
0.012920531304391192,0.34840000000000004
0.013338287796241355,0.34850000000000003
0.01433109709403002,0.3486
0.015907989239447362,0.3487
0.018054009417878047,0.3488
0.020734716074987336,0.34890000000000004
0.023903488415834007,0.34900000000000003
0.027505708480410895,0.3491
0.03148254411344542,0.3492
0.03577276876558777,0.3493
0.040286532044859324,0.34940000000000004
0.044931899957909804,0.34950000000000003
0.049673063757962765,0.3496
0.05449210542545502,0.3497
0.059345406401702716,0.3498
0.06418188472341979,0.34990000000000004
0.06896214318857818,0.35000000000000003
0.07364589774282349,0.3501
0.07819855078242333,0.3502
0.08258974195630009,0.3503
0.08678876673991642,0.3504
0.09077127157006937,0.35050000000000003
0.09451210147806499,0.3506
0.09799093125919489,0.3507
0.10118854698535396,0.3508
0.10407770462490629,0.3509
0.10663028279936548,0.35100000000000003
0.10884340043817797,0.3511
0.11072289678280245,0.3512
0.11225975211633377,0.3513
0.11344651150903773,0.3514
0.11427746954044538,0.35150000000000003
0.11474925219043808,0.3516
0.11486114456029728,0.3517
0.1146121761057568,0.3518
0.11334656810136812,0.3519
0.11052382185691267,0.35200000000000004
0.10751081079657199,0.3521
0.1043620906644972,0.3522
0.10110099850729348,0.3523
0.0977135591854793,0.3524
0.09418078952191056,0.35250000000000004
0.09057076434404276,0.3526
0.08691513015253749,0.3527
0.08324629000196748,0.3528
0.07959519486852706,0.3529
0.07599044494869267,0.35300000000000004
0.07245853566086458,0.3531
0.06892173703995708,0.3532
0.06537562018684229,0.3533
0.061950487221714146,0.3534
0.0584796974315871,0.35350000000000004
0.05508459421204259,0.3536
0.05185614323297827,0.3537
0.04876503945036492,0.3538
0.04557952777341567,0.3539
0.04248213320477712,0.35400000000000004
0.03933583475128244,0.3541
0.03641772709096114,0.3542
0.03337506021495762,0.3543
0.030577340156270783,0.3544
0.027706767050699632,0.35450000000000004
0.025112724001053577,0.3546
0.022882427046715392,0.3547
0.021061783427288594,0.3548
0.01957312540377698,0.3549
0.018161396759665882,0.35500000000000004
0.017158796694617617,0.3551
0.01644443993719702,0.3552
0.01615208361097875,0.3553
0.016178219202197086,0.3554
0.01671260952503628,0.35550000000000004
0.017785169600027073,0.3556
0.01940337902748479,0.3557
0.02155515673094821,0.3558
0.02421184979686397,0.3559
0.027332559199627626,0.35600000000000004
0.030869340096655096,0.3561
0.03476748632395399,0.3562
0.03894477287095799,0.3563
0.043312381522239374,0.3564
0.04782898528929325,0.35650000000000004
0.05246858653328479,0.35660000000000003
0.05718249226203098,0.3567
0.061915323411001144,0.3568
0.06662246045819309,0.3569
0.07125962411193965,0.35700000000000004
0.07578853441767519,0.35710000000000003
0.08017551667911227,0.3572
0.08438735181959034,0.3573
0.0883965209184735,0.3574
0.09217523774286762,0.35750000000000004
0.09570002578207559,0.35760000000000003
0.09894904861389686,0.3577
0.10189281677899453,0.3578
0.10450152805837365,0.3579
0.10677143933739819,0.35800000000000004
0.10870787403361892,0.35810000000000003
0.11030173019218137,0.3582
0.11154542516321442,0.3583
0.1124332223676574,0.3584
0.11296170357784918,0.35850000000000004
0.11313008337445118,0.35860000000000003
0.1129372895559062,0.3587
0.11239387024856617,0.3588
0.11041630039398898,0.3589
0.10741703943437442,0.35900000000000004
0.10425780072783386,0.35910000000000003
0.10096466917520153,0.3592
0.0975228417637598,0.3593
0.09398062719478906,0.3594
0.0903601093020312,0.35950000000000004
0.08668763900776388,0.35960000000000003
0.08299322667778586,0.3597
0.0793077533266282,0.3598
0.07566073994582456,0.3599
0.07205610643658789,0.36000000000000004
0.06836283098615237,0.36010000000000003
0.06475974865201051,0.3602
0.061202101393994957,0.3603
0.05761143224717924,0.3604
0.054157173739893594,0.36050000000000004
0.050867312141846144,0.36060000000000003
0.047534610267972344,0.3607
0.04427632785950175,0.3608
0.040931232354739944,0.3609
0.037718448172756824,0.36100000000000004
0.03454341697963481,0.36110000000000003
0.03142599066474849,0.3612
0.028337633805117557,0.3613
0.02537895130678458,0.3614
0.022741261760474307,0.36150000000000004
0.020476837376877777,0.36160000000000003
0.01862508159989118,0.3617
0.016774933805759895,0.3618
0.015313030041136377,0.3619
0.01415264234264102,0.36200000000000004
0.013440280742751831,0.36210000000000003
0.013011980574199278,0.3622
0.01308340166974431,0.3623
0.013711139881894319,0.3624
0.014919373298977634,0.36250000000000004
0.0167082154484548,0.36260000000000003
0.01905485785032357,0.3627
0.0219196995414932,0.3628
0.025253426139993262,0.3629
0.02899900294317259,0.36300000000000004
0.03309710149285894,0.36310000000000003
0.03745910337128033,0.3632
0.041993603393131185,0.3633
0.04666073870816101,0.3634
0.05143808679854622,0.3635
0.05627980484218531,0.36360000000000003
0.06113273280056597,0.3637
0.06595505778313637,0.3638
0.07070439475028534,0.3639
0.0753441075194895,0.364
0.0798419587009791,0.36410000000000003
0.08416549310502763,0.3642
0.08828849901583102,0.3643
0.09218400656542602,0.3644
0.09582988293446748,0.3645
0.09920527035655691,0.36460000000000004
0.1022816192938848,0.3647
0.105029705127901,0.3648
0.10744543323533762,0.3649
0.10953352755719548,0.365
0.11128404584572493,0.36510000000000004
0.11268860241531797,0.3652
0.11374045065267469,0.3653
0.11443519738123198,0.3654
0.11477105546579958,0.3655
0.11474604610102412,0.36560000000000004
0.11437003450586936,0.3657
0.11227335680135309,0.3658
0.10936572334123851,0.3659
0.10629266229744672,0.366
0.1030945814566464,0.36610000000000004
0.0997897694943708,0.3662
0.09632715216622001,0.3663
0.09275868520961372,0.3664
0.08912650292550972,0.3665
0.0854623132462482,0.36660000000000004
0.08179752808746177,0.3667
0.07816178059115131,0.3668
0.07458266993020701,0.3669
0.07108597682586926,0.367
0.06750565017168919,0.36710000000000004
0.06400334072885361,0.3672
0.06060378207552619,0.3673
0.05712337651664279,0.3674
0.053789718128918196,0.3675
0.050634202500827064,0.36760000000000004
0.047493555194815906,0.3677
0.04438304981532637,0.3678
0.041230534567257004,0.3679
0.03816762168755017,0.368
0.03521007203789961,0.36810000000000004
0.032250896385377814,0.3682
0.029423881678731334,0.3683
0.026634594720688298,0.3684
0.024169720027747532,0.3685
0.022087329816220302,0.36860000000000004
0.020428218599690906,0.3687
0.018911303752250364,0.3688
0.017657445613831202,0.3689
0.01675369656933845,0.369
0.0162225785369865,0.36910000000000004
0.01602639500813363,0.36920000000000003
0.0162458528680558,0.3693
0.016988144243325953,0.3694
0.01827482172398276,0.3695
0.02010533251380009,0.36960000000000004
0.02246064040983131,0.36970000000000003
0.025306331685839734,0.3698
0.028598436881390743,0.3699
0.03228573066763141,0.37
0.036312422718932424,0.37010000000000004
0.040593787515391666,0.37020000000000003
0.045040036016649854,0.3703
0.049611645579856756,0.3704
0.0542850703209965,0.3705
0.05901308482186374,0.37060000000000004
0.0637414803312536,0.37070000000000003
0.06842738389810321,0.3708
0.07302796878893802,0.3709
0.07750625585634863,0.371
0.08182998101926331,0.37110000000000004
0.08596684488786199,0.37120000000000003
0.08989068075790385,0.3713
0.09357467889628457,0.3714
0.09699664337727887,0.3715
0.10013582291653333,0.37160000000000004
0.10296368079003326,0.37170000000000003
0.10545130835942795,0.3718
0.10759577013326538,0.3719
0.10940325604342338,0.372
0.11086522105519114,0.37210000000000004
0.11197475829486492,0.37220000000000003
0.1127267377992196,0.3723
0.11311838365789617,0.3724
0.11314952454096217,0.3725
0.11281967057506403,0.37260000000000004
0.11213980414169156,0.37270000000000003
0.10930727751018576,0.3728
0.10623751986817231,0.3729
0.10303484572647192,0.373
0.09968823615884592,0.37310000000000004
0.09621066256316124,0.37320000000000003
0.0926395840866503,0.3733
0.08899779967129628,0.3734
0.08531401438994712,0.3735
0.08161944343291894,0.37360000000000004
0.07794521873352889,0.37370000000000003
0.07432024309179686,0.3738
0.07067643107595123,0.3739
0.06701430035548994,0.374
0.06345386742594383,0.37410000000000004
0.059856081425310625,0.37420000000000003
0.056312786750138955,0.3743
0.05291777413740273,0.3744
0.04967281073389951,0.3745
0.04630782125118382,0.37460000000000004
0.04305761249640061,0.37470000000000003
0.03971781500751259,0.3748
0.03659126186307371,0.3749
0.03336814924281151,0.375
0.030346277927656873,0.37510000000000004
0.027229072306130364,0.37520000000000003
0.02438399084971543,0.3753
0.02188344220739369,0.3754
0.01977322854028407,0.3755
0.017957095825217095,0.37560000000000004
0.016241951433686008,0.37570000000000003
0.014917829643469771,0.3758
0.01390432692252852,0.3759
0.013310404215822302,0.376
0.013058972903843724,0.37610000000000005
0.013334669340762995,0.37620000000000003
0.014177164269769227,0.3763
0.015601663165416557,0.3764
0.017599723161853875,0.3765
0.02014175325158174,0.3766
0.02318399741925714,0.37670000000000003
0.02667438306848191,0.3768
0.030554675024131672,0.3769
0.03476467661076499,0.377
0.03921485764469024,0.3771
0.043813489254348026,0.37720000000000004
0.04852295859367661,0.3773
0.053323328079699195,0.3774
0.05816998479870672,0.3775
0.06301083166637556,0.3776
0.0678054767688061,0.37770000000000004
0.07251276057240597,0.3778
0.07709729672161081,0.3779
0.08152802663633796,0.378
0.0857735143604138,0.3781
0.08980865191520992,0.37820000000000004
0.09360744273206845,0.3783
0.09714877541835065,0.3784
0.10041269871132963,0.3785
0.10337140834006386,0.3786
0.10599633339492742,0.37870000000000004
0.10828413869193454,0.3788
0.1102402919589206,0.3789
0.11185544289352412,0.379
0.11312183736346293,0.3791
0.11403341635929432,0.37920000000000004
0.11458647675763967,0.3793
0.11477993846350376,0.3794
0.11461247363458926,0.3795
0.11392974251911725,0.3796
0.11115421116129465,0.37970000000000004
0.10817150868125092,0.3798
0.10504643593500651,0.3799
0.10180624301020347,0.38
0.09844940822143722,0.3801
0.09493451429745303,0.38020000000000004
0.0913360554314091,0.3803
0.08768498685015602,0.3804
0.08401361402080498,0.3805
0.08035330326804058,0.3806
0.07673311393973514,0.38070000000000004
0.07318002395099654,0.3808
0.06965817100192162,0.3809
0.06608664254832497,0.381
0.06262958827972143,0.3811
0.05917649369933575,0.38120000000000004
0.055747038257291104,0.38130000000000003
0.05247711251513887,0.3814
0.04939455331237741,0.3815
0.046179318037306016,0.3816
0.04310698340491537,0.38170000000000004
0.03991226719503094,0.38180000000000003
0.036936904818376526,0.3819
0.03391482229595,0.382
0.031056622176330873,0.3821
0.028191137503528196,0.38220000000000004
0.02552353880039493,0.38230000000000003
0.02320565535280017,0.3824
0.02128810169073292,0.3825
0.019777280993752644,0.3826
0.018271756577418863,0.38270000000000004
0.017187043594602436,0.38280000000000003
0.01638465233219688,0.3829
0.016028640173551878,0.383
0.015949564386227078,0.3831
0.016372749979674417,0.38320000000000004
0.017332155035474583,0.38330000000000003
0.01883957956836757,0.3834
0.020886556928169098,0.3835
0.023447118249924737,0.3836
0.026481971455493136,0.38370000000000004
0.029944407509952642,0.38380000000000003
0.03378020866404885,0.3839
0.03790820590600985,0.384
0.04223998895881609,0.3841
0.04673331723333929,0.38420000000000004
0.05136095234219318,0.38430000000000003
0.05607369635253967,0.3844
0.06081572613316555,0.3845
0.0655416328595072,0.3846
0.07020641872910705,0.38470000000000004
0.07477099885527627,0.38480000000000003
0.07920092990214922,0.3849
0.08346238188112809,0.385
0.08752720007479364,0.3851
0.09136710797200343,0.38520000000000004
0.0949580783123759,0.38530000000000003
0.09827775816058593,0.3854
0.10129618646225924,0.3855
0.10398308525900468,0.3856
0.10633417902970776,0.38570000000000004
0.1083542458685669,0.38580000000000003
0.11003378361270388,0.3859
0.11136477691386104,0.386
0.1123410569004405,0.3861
0.11295876330108579,0.38620000000000004
0.113216670547856,0.38630000000000003
0.11311330418791998,0.3864
0.11265891697234143,0.3865
0.1111543431691101,0.3866
0.1082020760699649,0.38670000000000004
0.10507454077400968,0.38680000000000003
0.10182423865473711,0.3869
0.09840928562696338,0.387
0.09488909465551876,0.3871
0.09128548505365996,0.38720000000000004
0.0876236300579718,0.38730000000000003
0.08393293384852407,0.3874
0.08024427196822737,0.3875
0.07658768681389694,0.3876
0.07299121448513946,0.38770000000000004
0.06931776864474659,0.38780000000000003
0.06569362485908747,0.3879
0.06217537280833252,0.388
0.05855486984576319,0.3881
0.05506241783330035,0.38820000000000005
0.05172868820956844,0.38830000000000003
0.04844056481794268,0.3884
0.04513880232964307,0.3885
0.041842150035778625,0.3886
0.03857885484282941,0.38870000000000005
0.035454958846175444,0.38880000000000003
0.032283451029212484,0.3889
0.02925011810816147,0.389
0.026225131275331437,0.3891
0.023503029193721714,0.38920000000000005
0.021141589065010846,0.38930000000000003
0.019183576879936437,0.3894
0.017367403650747182,0.3895
0.015802586425921916,0.3896
0.014580963822909299,0.38970000000000005
0.013743547488182628,0.38980000000000004
0.013253547497733997,0.3899
0.01319008473744887,0.39
0.013669245643984862,0.3901
0.014722242794911855,0.3902
0.016355744301492114,0.39030000000000004
0.01855328251651933,0.3904
0.02127943786302211,0.3905
0.024487432216304228,0.3906
0.02812244531942998,0.3907
0.03212578137715849,0.39080000000000004
0.03641057472940035,0.3909
0.04088570340150244,0.391
0.045509798846706584,0.3911
0.05025826476312445,0.3912
0.05508418886894395,0.39130000000000004
0.05993351778762901,0.3914
0.0647632156527046,0.3915
0.06952991060273372,0.3916
0.07419604244678579,0.3917
0.07872845307134713,0.39180000000000004
0.0830940957407813,0.3919
0.0872659003150309,0.392
0.09121629207022297,0.3921
0.09492228578968331,0.3922
0.09836277701285456,0.39230000000000004
0.101518645048438,0.3924
0.10436361861823762,0.3925
0.1068687956179647,0.3926
0.10903264672739943,0.3927
0.11086075381672567,0.39280000000000004
0.1123447661240351,0.3929
0.11347761338970419,0.393
0.11425355580894725,0.3931
0.11466987691235753,0.3932
0.11472558273417865,0.39330000000000004
0.11442025329535854,0.3934
0.11287563621409169,0.3935
0.11001627512199885,0.3936
0.10697547799285034,0.3937
0.10380367108624577,0.39380000000000004
0.10052286374690256,0.39390000000000003
0.09710156429022243,0.394
0.09355336398148073,0.3941
0.08993296978183807,0.3942
0.08627172289841034,0.39430000000000004
0.08260166703174021,0.39440000000000003
0.07895345257313047,0.3945
0.07535546210852262,0.3946
0.07183403702553237,0.3947
0.06826635991388852,0.39480000000000004
0.06473346842677385,0.39490000000000003
0.06132674100007107,0.395
0.057822816688107626,0.3951
0.05444752574662903,0.3952
0.051244471588719254,0.39530000000000004
0.04811278876726188,0.39540000000000003
0.04495306971761126,0.3955
0.04181262873775027,0.3956
0.038696969725263264,0.3957
0.035750016073089474,0.39580000000000004
0.03273259315684918,0.39590000000000003
0.0299086094176908,0.396
0.027051647108631505,0.3961
0.024507382449441728,0.3962
0.022336924357575283,0.39630000000000004
0.020583479746278943,0.39640000000000003
0.01905631701452748,0.3965
0.017710774005703422,0.3966
0.016742052224158366,0.3967
0.016108720633580598,0.39680000000000004
0.015850610971988477,0.39690000000000003
0.01596535741054539,0.397
0.016598060393572034,0.3971
0.017774971945639262,0.3972
0.019499484209382967,0.39730000000000004
0.021755936151084843,0.39740000000000003
0.024512320755299077,0.3975
0.02772569189710694,0.3976
0.03134608305018394,0.3977
0.03531769647534966,0.39780000000000004
0.03955684283549532,0.39790000000000003
0.04397381911484022,0.398
0.04852822581907712,0.3981
0.05319527400326307,0.3982
0.057927081408793546,0.39830000000000004
0.06266895692063768,0.39840000000000003
0.06737716790759563,0.3985
0.07200828882499088,0.3986
0.07652466475904496,0.3987
0.08089344043140478,0.39880000000000004
0.08508184321590051,0.39890000000000003
0.08906309993076578,0.399
0.09280990139157141,0.3991
0.09629941331471026,0.3992
0.09951031496477047,0.39930000000000004
0.10241355244718897,0.39940000000000003
0.104979727934429,0.3995
0.1072054155246891,0.3996
0.10909629035588342,0.3997
0.11064344565219553,0.39980000000000004
0.11183955940676282,0.39990000000000003
0.11267911451063983,0.4
0.11315893423842338,0.4001
0.11327845367845257,0.4002
0.11303681226918194,0.40030000000000004
0.11244471014265656,0.40040000000000003
0.11007944456709351,0.4005
0.10705426202093316,0.4006
0.10388042014013077,0.4007
0.10057554698944571,0.40080000000000005
0.09712154068917478,0.40090000000000003
0.09356893899219842,0.401
0.08994034518735539,0.4011
0.08626333260335328,0.4012
0.08256852348706667,0.40130000000000005
0.078886983359861,0.40140000000000003
0.07524799458891429,0.4015
0.07164213238500317,0.4016
0.06796075157896464,0.4017
0.06437332032832077,0.40180000000000005
0.06081586765746971,0.40190000000000003
0.05724293917561596,0.402
0.0538101725662401,0.4021
0.05054512860289595,0.4022
0.047211486430569716,0.40230000000000005
0.04397931375962605,0.40240000000000004
0.04063178675897183,0.4025
0.037448540544358755,0.4026
0.03427642255397201,0.4027
0.0311926384428991,0.40280000000000005
0.028114487401029953,0.40290000000000004
0.025194891839191547,0.403
0.022602349351847684,0.4031
0.02038820918516926,0.4032
0.018583060746440117,0.4033
0.016766482322137177,0.40340000000000004
0.015360720780156267,0.4035
0.014246953658405115,0.4036
0.013591570151736843,0.4037
0.01321083383459598,0.4038
0.013342700897135629,0.40390000000000004
0.014031884898354274,0.404
0.015299923532346105,0.4041
0.0171447899782462,0.4042
0.019542129936655606,0.4043
0.022451613049399022,0.40440000000000004
0.025823746833060213,0.4045
0.029601357319690935,0.4046
0.03372526846649504,0.4047
0.03810665087674647,0.4048
0.04265414857446692,0.40490000000000004
0.047328359173054,0.405
0.052107375080987506,0.4051
0.056945565371776086,0.4052
0.06178991368723441,0.4053
0.06659890416413883,0.40540000000000004
0.07133037298932121,0.4055
0.07594794988889086,0.4056
0.080419656309624,0.4057
0.08471325541133812,0.4058
0.0888028084439787,0.40590000000000004
0.09266156341432907,0.406
0.0962676526844668,0.4061
0.09960044701556525,0.4062
0.10263159322799853,0.4063
0.10533205819537494,0.40640000000000004
0.10769803294941271,0.40650000000000003
0.10973456234507073,0.4066
0.11143194594786898,0.4067
0.11278206906743427,0.4068
0.11377845620166382,0.40690000000000004
0.1144169923845395,0.40700000000000003
0.11469616191303478,0.4071
0.11461423508299229,0.4072
0.11418126946317275,0.4073
0.11180317189752176,0.40740000000000004
0.10886216976613916,0.40750000000000003
0.1057648856119403,0.4076
0.10254687156326159,0.4077
0.09922432768601175,0.4078
0.09572952237988841,0.40790000000000004
0.09214577192756146,0.40800000000000003
0.0885028025897735,0.4081
0.0848324081976396,0.4082
0.08116591960415065,0.4083
0.07753278115149864,0.40840000000000004
0.07396035813187185,0.40850000000000003
0.07045775176986191,0.4086
0.06686165994570192,0.4087
0.06337297563780064,0.4088
0.05994015844596301,0.40890000000000004
0.05647599566010908,0.40900000000000003
0.053163832219575324,0.4091
0.05003344492435735,0.4092
0.04684723369517085,0.4093
0.043761491909991346,0.40940000000000004
0.040561466816727565,0.40950000000000003
0.0375287084739071,0.4096
0.034527613153651604,0.4097
0.03160564159118917,0.4098
0.028744934106122333,0.40990000000000004
0.026001449166484836,0.41000000000000003
0.02359386591167234,0.4101
0.021576784776089042,0.4102
0.019988519989801556,0.4103
0.018441851814218868,0.41040000000000004
0.01725386456217759,0.41050000000000003
0.016382391630577642,0.4106
0.015931763770819396,0.4107
0.01576968189386152,0.4108
0.016077335001116744,0.41090000000000004
0.016917006365980924,0.41100000000000003
0.018305721704549693,0.4111
0.020239087726874105,0.4112
0.02269438446196914,0.4113
0.025634424798427924,0.41140000000000004
0.029013593168466745,0.41150000000000003
0.03277876208193509,0.4116
0.03687353929892345,0.4117
0.041211688481273656,0.4118
0.04570301163444701,0.41190000000000004
0.05030873381654888,0.41200000000000003
0.05500655153257061,0.4121
0.059750032045067014,0.4122
0.06448556759152668,0.4123
0.06917124056196222,0.41240000000000004
0.07376487870044957,0.41250000000000003
0.07823018227119505,0.4126
0.08253547272481154,0.4127
0.08664886800300209,0.4128
0.09054478676022992,0.41290000000000004
0.09419686681467343,0.41300000000000003
0.09758308360088874,0.4131
0.10067307875987985,0.4132
0.10343528935881052,0.4133
0.10586572324153054,0.41340000000000005
0.10796758027620201,0.41350000000000003
0.10973145665288064,0.4136
0.11114854899845628,0.4137
0.11221215270681328,0.4138
0.11291829632755912,0.41390000000000005
0.11326498471791635,0.41400000000000003
0.11325089453223347,0.4141
0.11288573529072965,0.4142
0.1118826143807311,0.4143
0.10898243037823241,0.41440000000000005
0.10589135242891534,0.41450000000000004
0.10267126773546398,0.4146
0.099301514007761,0.4147
0.09580622708192077,0.4148
0.09222120602029238,0.41490000000000005
0.08857082045363907,0.41500000000000004
0.0848842949343892,0.4151
0.08119257005126379,0.4152
0.07752616662693279,0.4153
0.07391350080107528,0.41540000000000005
0.07027623060625876,0.41550000000000004
0.06663102845548685,0.4156
0.06309034940999791,0.4157
0.05950184373322931,0.4158
0.05597791833094812,0.41590000000000005
0.05260470645471993,0.41600000000000004
0.04936342917663583,0.4161
0.04602082981618438,0.4162
0.04277484589861125,0.4163
0.03946319146571242,0.4164
0.03636936172095684,0.41650000000000004
0.03315566897023947,0.4166
0.03015694598756191,0.4167
0.0270630662581286,0.4168
0.024256659443759876,0.4169
0.02179970240938589,0.41700000000000004
0.01973724654901976,0.4171
0.01794337819587688,0.4172
0.01627708499148972,0.4173
0.01499529560547308,0.4174
0.014035533114732601,0.41750000000000004
0.013483057075132088,0.4176
0.01328639214061722,0.4177
0.013618524901793272,0.4178
0.014517170321294959,0.4179
0.015995280618343655,0.41800000000000004
0.018042798700812934,0.4181
0.020628948881913578,0.4182
0.023709558372003503,0.4183
0.02723225450663147,0.4184
0.031138829612443297,0.41850000000000004
0.03536918219997709,0.4186
0.03983379132259124,0.4187
0.04444111766403003,0.4188
0.049153973498913484,0.4189
0.05395291990157314,0.41900000000000004
0.058793440259348184,0.41910000000000003
0.06362358950451219,0.4192
0.06840318218973662,0.4193
0.07309127236437574,0.4194
0.07765272647065036,0.41950000000000004
0.08205670526428399,0.41960000000000003
0.08627200631436538,0.4197
0.09027373481724321,0.4198
0.09403612316412913,0.4199
0.0975382760468585,0.42000000000000004
0.10076046625914403,0.42010000000000003
0.1036750705932673,0.4202
0.10625371000409656,0.4203
0.10849332274684476,0.4204
0.11039967071201473,0.42050000000000004
0.11196364477479992,0.42060000000000003
0.11317774112325574,0.4207
0.11403615404417577,0.4208
0.11453542984836607,0.4209
0.11467473563799668,0.42100000000000004
0.11445297565082779,0.42110000000000003
0.11348726463470327,0.4212
0.11067887332908144,0.4213
0.10767213410135323,0.4214
0.10452718310135256,0.42150000000000004
0.1012695090762531,0.42160000000000003
0.09788310417734647,0.4217
0.09435298260936609,0.4218
0.09074358878297839,0.4219
0.08708601802591487,0.42200000000000004
0.08341251203549627,0.42210000000000003
0.07975423002387172,0.4222
0.0761399878185326,0.4223
0.07259651372926001,0.4224
0.06904575308387206,0.42250000000000004
0.06548613885753318,0.42260000000000003
0.062045733074525544,0.4227
0.05855974566941913,0.4228
0.05514776294253676,0.4229
0.05190042805953832,0.42300000000000004
0.04878940528053577,0.42310000000000003
0.045583708430757985,0.4232
0.04246696101951564,0.4233
0.03929974589009255,0.4234
0.03636012697929303,0.42350000000000004
0.03329339587514135,0.42360000000000003
0.03046885385673548,0.4237
0.02754858204605326,0.4238
0.024923431695877296,0.4239
0.022662215846417144,0.42400000000000004
0.020810578263863455,0.42410000000000003
0.01927067955239803,0.4242
0.017829375690449956,0.4243
0.01679358058478919,0.4244
0.01605315785988437,0.42450000000000004
0.015729976246399824,0.42460000000000003
0.015733655805249658,0.4247
0.016249199608669773,0.4248
0.017307678866399723,0.4249
0.018916732927615643,0.42500000000000004
0.02106453564575217,0.42510000000000003
0.023721745319712273,0.4252
0.02684682454445242,0.4253
0.030391198362131222,0.4254
0.034299333859732606,0.42550000000000004
0.03848871679522259,0.42560000000000003
0.04286990505761068,0.4257
0.047401542110779404,0.4258
0.0520575104378318,0.4259
0.05678924985072409,0.42600000000000005
0.06154156266190747,0.42610000000000003
0.06626980310063979,0.4262
0.07092986672759982,0.4263
0.07548334904975706,0.4264
0.07989671117182373,0.42650000000000005
0.08413665199480491,0.42660000000000003
0.08817572172225441,0.4267
0.09198607713286511,0.4268
0.09554419332174824,0.4269
0.09882815099413977,0.42700000000000005
0.1018083467931935,0.42710000000000004
0.10445488230304478,0.4272
0.10676380442797262,0.4273
0.10874024443567909,0.4274
0.11037491472665228,0.42750000000000005
0.11166005904543286,0.42760000000000004
0.11258974691660661,0.4277
0.11316036878899727,0.4278
0.11337093444836499,0.4279
0.11322018236002618,0.42800000000000005
0.11271850493889157,0.42810000000000004
0.11083086250580443,0.4282
0.10785293932319984,0.4283
0.10471077750136348,0.4284
0.10144956035345298,0.42850000000000005
0.0980224319115186,0.42860000000000004
0.09449172042717191,0.4287
0.09087975423548045,0.4288
0.08721290661001868,0.4289
0.08352115654674797,0.42900000000000005
0.07983545469478981,0.42910000000000004
0.07618542506821757,0.4292
0.07259875082889189,0.4293
0.06892164611190565,0.4294
0.06531042520248775,0.4295
0.06179405807040195,0.42960000000000004
0.058193212392613214,0.4297
0.054724383006889754,0.4298
0.05141725859117985,0.4299
0.04813763826272499,0.43
0.04486238458190095,0.43010000000000004
0.04156971995462744,0.4302
0.038333443664642086,0.4303
0.03521251127460623,0.4304
0.032070124542340483,0.4305
0.029041984067320614,0.43060000000000004
0.02605094419562537,0.4307
0.02336864409834538,0.4308
0.021051945030784225,0.4309
0.019142890249328914,0.431
0.01734585118979859,0.43110000000000004
0.015831656491536616,0.4312
0.014652758125620835,0.4313
0.013871254437291869,0.4314
0.013422375091636907,0.4315
0.013415154267154783,0.43160000000000004
0.013952032423654392,0.43170000000000003
0.015061706759170512,0.4318
0.016748893986898272,0.4319
0.018995436307201574,0.432
0.021765119850425396,0.43210000000000004
0.025010871276884394,0.43220000000000003
0.02867765238263087,0.4323
0.03270691000995862,0.4324
0.03701148973559665,0.4325
0.041500301577628074,0.43260000000000004
0.04613241826545633,0.43270000000000003
0.05088376585602483,0.4328
0.05570761643552413,0.4329
0.0605500243806395,0.433
0.06536824494964244,0.43310000000000004
0.07011911332244425,0.43320000000000003
0.07476533974319333,0.4333
0.07927403065427385,0.4334
0.08361235878754048,0.4335
0.08775354154519588,0.43360000000000004
0.09167021637359074,0.43370000000000003
0.09533966645886305,0.4338
0.09874053853532316,0.4339
0.10184382454465613,0.434
0.1046199019838342,0.43410000000000004
0.10706442090545498,0.43420000000000003
0.10918185575959671,0.4343
0.11096216138043757,0.4344
0.1123967978729351,0.4345
0.11347893039417478,0.43460000000000004
0.11420405618254081,0.43470000000000003
0.11457030658588885,0.4348
0.11457525581752215,0.4349
0.11421972663900437,0.435
0.11245144698354836,0.43510000000000004
0.10955955751510593,0.43520000000000003
0.10649360984248812,0.4353
0.10330041944589374,0.4354
0.10000070098062608,0.4355
0.09654357100193411,0.43560000000000004
0.09297896051294041,0.43570000000000003
0.08934688474771635,0.4358
0.08567864438918726,0.4359
0.08200603127526807,0.436
0.07835930109622302,0.43610000000000004
0.07476641871263934,0.43620000000000003
0.07125350189948043,0.4363
0.06765166210155504,0.4364
0.06413110649213039,0.4365
0.060709317130607565,0.43660000000000004
0.05721182307914874,0.43670000000000003
0.053859769101998856,0.4368
0.05068380850412613,0.4369
0.04752126640239629,0.437
0.044388279596563995,0.43710000000000004
0.041213869181561336,0.43720000000000003
0.03812828673720059,0.4373
0.03514727266025197,0.4374
0.03216503819158856,0.4375
0.029312546217476587,0.43760000000000004
0.02649782630762476,0.43770000000000003
0.02400566455905273,0.4378
0.02189412649018818,0.4379
0.02020443696242724,0.438
0.018652125884585757,0.43810000000000004
0.017366912255085465,0.43820000000000003
0.01642903269112428,0.4383
0.015868972722066665,0.4384
0.015642406972768974,0.4385
0.015836790395062694,0.43860000000000005
0.016557121052998003,0.43870000000000003
0.0178258308895749,0.4388
0.019642820080302936,0.4389
0.021989113596939003,0.439
0.0248300877464136,0.43910000000000005
0.02812128258645674,0.43920000000000003
0.03181104920905997,0.4393
0.03584309339045055,0.4394
0.04013240837106302,0.4395
0.04458892297966499,0.43960000000000005
0.04917294863407862,0.43970000000000004
0.053860827184139426,0.4398
0.05860533931844669,0.4399
0.06335228842223439,0.44
0.06805877326301113,0.44010000000000005
0.07268195526421928,0.44020000000000004
0.0771848135069404,0.4403
0.08153505705137676,0.4404
0.08570034270388838,0.4405
0.08965446957251433,0.44060000000000005
0.09337057974693863,0.44070000000000004
0.09682642788745588,0.4408
0.10000118493750398,0.4409
0.10286623489118951,0.441
0.10539254644510943,0.44110000000000005
0.1075769881530646,0.44120000000000004
0.10942551931869537,0.4413
0.11092939031908522,0.4414
0.11208147972945037,0.4415
0.11287644325549595,0.44160000000000005
0.11331129542293827,0.44170000000000004
0.11338565911784138,0.4418
0.11309885499464467,0.4419
0.11246172455117154,0.442
0.10974080247585283,0.44210000000000005
0.10669150577744813,0.44220000000000004
0.10350433382050728,0.4423
0.10018732273155917,0.4424
0.09672293165510648,0.4425
0.09316194042331694,0.44260000000000005
0.08952735006172274,0.44270000000000004
0.08584779368074225,0.4428
0.08215440864062629,0.4429
0.07847838142437424,0.443
0.07484873586674556,0.4431
0.07124162064332862,0.44320000000000004
0.06757307079083119,0.4433
0.06400201519106341,0.4434
0.06044434036574642,0.4435
0.05688950799955084,0.4436
0.05347839027114021,0.44370000000000004
0.05023806283879706,0.44380000000000003
0.0469012962887938,0.4439
0.043694711434278055,0.444
0.0403419587002487,0.4441
0.037187421689304445,0.44420000000000004
0.03401422874931548,0.44430000000000003
0.030962972949887924,0.4444
0.02789026401629635,0.4445
0.025008394703957215,0.4446
0.022459696662535666,0.44470000000000004
0.020294320464098847,0.44480000000000003
0.018511773349683125,0.4449
0.016745919831878453,0.445
0.015396321613968533,0.4451
0.014325168132427457,0.44520000000000004
0.01371137431064029,0.44530000000000003
0.013387704336385475,0.4454
0.013579467443148863,0.4455
0.014329299262434647,0.4456
0.01565625641261037,0.44570000000000004
0.01755627114163172,0.44580000000000003
0.020003573800336794,0.4459
0.022957094929432875,0.446
0.02636702548749459,0.4461
0.03017611714147983,0.44620000000000004
0.03432518514267757,0.44630000000000003
0.03872528944517728,0.4464
0.04328506672068633,0.4465
0.04796564529029079,0.4466
0.05274565185088487,0.44670000000000004
0.057579703164245766,0.44680000000000003
0.06241498100137888,0.4469
0.06721027621741416,0.447
0.07192368772881119,0.4471
0.07651912518995063,0.44720000000000004
0.08096488964594883,0.44730000000000003
0.08522898717476912,0.4474
0.0892857518961443,0.4475
0.09310866497701276,0.4476
0.09667610811600347,0.44770000000000004
0.09996767888469171,0.44780000000000003
0.10295521527779483,0.4479
0.10560987520187703,0.448
0.10792811941707225,0.4481
0.10991528264593653,0.44820000000000004
0.1115619002049425,0.44830000000000003
0.1128601116489013,0.4484
0.11380371103789222,0.4485
0.11438885570731372,0.4486
0.11461430308717391,0.44870000000000004
0.11447857333016975,0.44880000000000003
0.1139919143904412,0.4489
0.11135599119491113,0.449
0.10838549021899557,0.4491
0.10526722127646837,0.44920000000000004
0.10203220500486387,0.44930000000000003
0.0986800346775758,0.4494
0.09516951143689012,0.4495
0.09157341781172834,0.4496
0.08792198522418693,0.44970000000000004
0.08424721922484557,0.44980000000000003
0.08058053234856899,0.4499
0.07695117141253682,0.45
0.0733863166692138,0.4501
0.0698538855535148,0.45020000000000004
0.06626806470917046,0.45030000000000003
0.06279442243587585,0.4504
0.05932925754845053,0.4505
0.0558814998345698,0.4506
0.052590862093872426,0.45070000000000005
0.04948543211554357,0.45080000000000003
0.046255760390480294,0.4509
0.04316928661608621,0.451
0.039951314975299024,0.4511
0.036950502585019196,0.45120000000000005
0.033909873168765925,0.45130000000000003
0.031024768427872162,0.4514
0.02813460228969178,0.4515
0.025436367616441302,0.4516
0.023085091316701778,0.45170000000000005
0.02113179026201939,0.45180000000000003
0.01958420171041686,0.4519
0.0180419568189758,0.452
0.016920278621946006,0.4521
0.016081280031378098,0.45220000000000005
0.01569081300477948,0.45230000000000004
0.015578770199430103,0.4524
0.015970946832118527,0.4525
0.01690249285081724,0.4526
0.018386196485630002,0.45270000000000005
0.020414140462562402,0.45280000000000004
0.022960410703333878,0.4529
0.02598545579802547,0.453
0.029442192305455528,0.4531
0.03327601457966822,0.45320000000000005
0.03742997673953563,0.45330000000000004
0.0418167382756105,0.4534
0.046345813263234614,0.4535
0.050979240569458906,0.4536
0.05569587145664601,0.45370000000000005
0.06045000496549913,0.45380000000000004
0.06518860270995819,0.4539
0.06987059486116753,0.454
0.07445443252988637,0.4541
0.078904454918716,0.45420000000000005
0.08318954736929696,0.45430000000000004
0.08727824823668362,0.4544
0.09114551041810359,0.4545
0.09476539333744094,0.4546
0.09811642069704474,0.45470000000000005
0.10116867861164813,0.45480000000000004
0.10389103173544312,0.4549
0.1062799323591056,0.455
0.10833891879688462,0.4551
0.11005884299868263,0.45520000000000005
0.1114310916626482,0.45530000000000004
0.11244917584050562,0.4554
0.11310931433734439,0.4555
0.11340970790975924,0.4556
0.11334921266223685,0.45570000000000005
0.11293765801752775,0.45580000000000004
0.11156785487453103,0.4559
0.10864087184387272,0.456
0.10553345980459505,0.4561
0.10230086229594404,0.4562
0.09891647476031074,0.45630000000000004
0.09540925641998599,0.45640000000000003
0.09181465998276794,0.4565
0.0881581924946715,0.4566
0.08446965502959991,0.4567
0.08078017011631022,0.45680000000000004
0.07712002468725287,0.45690000000000003
0.0735173653502138,0.457
0.0698783346082974,0.4571
0.06624637108105014,0.4572
0.06272243549474477,0.45730000000000004
0.05913243819390912,0.45740000000000003
0.055626746066490096,0.4575
0.05227537392885151,0.4576
0.04903166962351557,0.4577
0.04571189062352876,0.45780000000000004
0.042460658877783386,0.45790000000000003
0.03917462010512218,0.458
0.03609382045142007,0.4581
0.03289388195865994,0.4582
0.0298979727531945,0.45830000000000004
0.02683865471053415,0.45840000000000003
0.02407311197764539,0.4585
0.021662008034982527,0.4586
0.01964983429061773,0.4587
0.01787393444230223,0.45880000000000004
0.01625899302424938,0.45890000000000003
0.015018913461084749,0.459
0.014116200445790428,0.4591
0.013604724798048862,0.4592
0.013466786383472762,0.45930000000000004
0.01386031404415533,0.45940000000000003
0.014820583547724864,0.4595
0.0163582368036308,0.4596
0.018461147971845504,0.4597
0.021097263744096262,0.45980000000000004
0.0242218498601392,0.45990000000000003
0.027782111089175388,0.46
0.03171990087825116,0.4601
0.03597499937911186,0.4602
0.04045788437528364,0.46030000000000004
0.04507699722467762,0.46040000000000003
0.049795673377598826,0.4605
0.054595018699876485,0.4606
0.05943075565449618,0.4607
0.06425120454742406,0.46080000000000004
0.06901648440797303,0.46090000000000003
0.07368593785537048,0.461
0.07822470732155795,0.4611
0.08260220734973411,0.4612
0.08678748630655853,0.46130000000000004
0.0907559033266565,0.46140000000000003
0.09448195727547126,0.4615
0.09794500808100048,0.4616
0.10112557609583717,0.4617
0.1039962355649624,0.46180000000000004
0.10652879745772892,0.46190000000000003
0.1087204717855006,0.462
0.11057730044571912,0.4621
0.1120904209380843,0.4622
0.11325257786302578,0.46230000000000004
0.11405823054124953,0.46240000000000003
0.11450418013323171,0.4625
0.11458984940863659,0.4626
0.11431437945112488,0.4627
0.11306446055873576,0.46280000000000004
0.11022426862693502,0.46290000000000003
0.10719448905507256,0.463
0.1040304739521315,0.4631
0.10075590440808191,0.4632
0.09734065457927632,0.46330000000000005
0.09379552647217582,0.46340000000000003
0.09017525553187489,0.4635
0.08651111593153571,0.4636
0.08283531798963206,0.4637
0.07917883539993598,0.46380000000000005
0.07557025605177059,0.46390000000000003
0.07203606746438407,0.464
0.06845739697780395,0.4641
0.0649094203884375,0.4642
0.061485334254501645,0.46430000000000005
0.057967839223560746,0.46440000000000003
0.054573149256064823,0.4645
0.05134819115513545,0.4646
0.04819836363369423,0.4647
0.045015341915281004,0.46480000000000005
0.041857622701541475,0.46490000000000004
0.03871764969479896,0.465
0.03575014838943025,0.4651
0.032707346152757166,0.4652
0.029859496299284416,0.46530000000000005
0.026974904853363624,0.46540000000000004
0.02440083858933595,0.4655
0.022198386742953158,0.4656
0.02041108588692353,0.4657
0.018849857082229526,0.46580000000000005
0.017469571096707437,0.46590000000000004
0.01646532990751748,0.466
0.01579840654359277,0.4661
0.015508043424082185,0.4662
0.015592287078601386,0.46630000000000005
0.016196954365742977,0.46640000000000004
0.017349434688110454,0.4665
0.019053916167966367,0.4666
0.021295029018496114,0.4667
0.024040629557706028,0.46680000000000005
0.02724739686151456,0.46690000000000004
0.030864943523826627,0.467
0.034837088333457666,0.4671
0.03907990483083057,0.4672
0.04350350331042496,0.46730000000000005
0.048067250991688404,0.46740000000000004
0.05274620160171084,0.4675
0.05749245634660727,0.4676
0.06225132112013565,0.4677
0.0669790039099768,0.46780000000000005
0.07163201384796081,0.46790000000000004
0.07617260210058485,0.468
0.08056780557369303,0.4681
0.08478474683227422,0.4682
0.08879653907381246,0.46830000000000005
0.09257577508677473,0.46840000000000004
0.09609951918233872,0.4685
0.09934635211149878,0.4686
0.10228713063831041,0.4687
0.10489234732966501,0.46880000000000005
0.10715839009289296,0.46890000000000004
0.10909071613114696,0.46900000000000003
0.11068022194856098,0.4691
0.11191936923072043,0.4692
0.11280241329913632,0.4693
0.11332594493838177,0.46940000000000004
0.11348916819431898,0.46950000000000003
0.11329100644569601,0.4696
0.11274199784322936,0.4697
0.11049250572377733,0.4698
0.10748835120298394,0.46990000000000004
0.1043306447690463,0.47000000000000003
0.10105543910470993,0.4701
0.09761546825830747,0.4702
0.09407393881751569,0.4703
0.09045362504338328,0.47040000000000004
0.08678199432900768,0.47050000000000003
0.08308956274672463,0.4706
0.07940741862227074,0.4707
0.07576493593004807,0.4708
0.07218952795587164,0.47090000000000004
0.06850851833930971,0.47100000000000003
0.0649116259327136,0.4711
0.06139286204341632,0.4712
0.05780887462198514,0.4713
0.05436052407554781,0.47140000000000004
0.05107705073878255,0.47150000000000003
0.047792082255901924,0.4716
0.04454136471464443,0.4717
0.04124125585131577,0.4718
0.03803283080209763,0.47190000000000004
0.03490854164073487,0.47200000000000003
0.0317981202294384,0.4721
0.028773034472162173,0.4722
0.025819355807540134,0.4723
0.023180796838735862,0.47240000000000004
0.020913088420853487,0.47250000000000003
0.01905738536842616,0.4726
0.017275777181404495,0.4727
0.015815246858811305,0.4728
0.014678637897675317,0.47290000000000004
0.013957008612612842,0.47300000000000003
0.013549567146041275,0.4731
0.013603755219091962,0.4732
0.014204573745351556,0.4733
0.015377910908924042,0.47340000000000004
0.017126078463477912,0.47350000000000003
0.019428945649054175,0.4736
0.02224915829509211,0.4737
0.02553922976746459,0.4738
0.029243696523893137,0.47390000000000004
0.033304097219582385,0.47400000000000003
0.03763286087172513,0.4741
0.0421389007296773,0.4742
0.04678179960821427,0.4743
0.051538116654339605,0.47440000000000004
0.05636141279914164,0.47450000000000003
0.06119792734966989,0.4746
0.06600529445265191,0.4747
0.07074060660478065,0.4748
0.07536688087992649,0.47490000000000004
0.07985151013079606,0.47500000000000003
0.08416189575479038,0.4751
0.08827156443573914,0.4752
0.09215339384344012,0.4753
0.09578498179170003,0.47540000000000004
0.09914523843316947,0.47550000000000003
0.10220538589695904,0.4756
0.10493601257882446,0.4757
0.10733304247502962,0.4758
0.10940125542885637,0.47590000000000005
0.11113082466514512,0.47600000000000003
0.11251346606799983,0.4761
0.11354259596294014,0.4762
0.11421397577884695,0.4763
0.11452599585860013,0.47640000000000005
0.11447682816559301,0.47650000000000003
0.11407646599174148,0.4766
0.11201043750923834,0.4767
0.10908693485126408,0.4768
0.10599836317410549,0.47690000000000005
0.10278616187060508,0.47700000000000004
0.09946853108317555,0.4771
0.09597936675183782,0.4772
0.09239973028705506,0.4773
0.08875830348262792,0.47740000000000005
0.08508637709289002,0.47750000000000004
0.08141516461236842,0.4776
0.07777433993766814,0.4777
0.07419151178235572,0.4778
0.0706807066769406,0.47790000000000005
0.0670718428260817,0.47800000000000004
0.06356818367103878,0.4781
0.06012690341215399,0.4782
0.05664703538944482,0.4783
0.05331660733641197,0.47840000000000005
0.050165088615150344,0.47850000000000004
0.04696583036923219,0.4786
0.043855524378876964,0.4787
0.040638649597910304,0.4788
0.0375799225074267,0.47890000000000005
0.0345588748567931,0.47900000000000004
0.03161053473754638,0.4791
0.028727679447512644,0.4792
0.025955372364552254,0.4793
0.023516048537634893,0.47940000000000005
0.02146445969124322,0.47950000000000004
0.019839537360608395,0.4796
0.018261151057936242,0.4797
0.01703618150292785,0.4798
0.0161288147193539,0.47990000000000005
0.015642076389161597,0.48000000000000004
0.015447386831063836,0.4801
0.01572185685684424,0.4802
0.0165304935623376,0.4803
0.01789157414925291,0.48040000000000005
0.019801444970052096,0.48050000000000004
0.0222377409830139,0.4806
0.025163287855319627,0.4807
0.028532145487219607,0.4808
0.032290957433880996,0.48090000000000005
0.03638293627818001,0.48100000000000004
0.040721756370344586,0.4811
0.04521704507570923,0.4812
0.0498298556100818,0.4813
0.054537707048414985,0.48140000000000005
0.05929412876670104,0.48150000000000004
0.06404547700057894,0.48160000000000003
0.06874971263519702,0.4817
0.07336456466705155,0.4818
0.07785359657788748,0.48190000000000005
0.08218500975957943,0.48200000000000004
0.08632680926218794,0.48210000000000003
0.09025330237844731,0.4822
0.0939380287368825,0.4823
0.09735931478061355,0.4824
0.10049682080856015,0.48250000000000004
0.10332239365667117,0.48260000000000003
0.10580740081366347,0.4827
0.10794905313902392,0.4828
0.1097536414041278,0.4829
0.11121260932678867,0.48300000000000004
0.1123190614751548,0.48310000000000003
0.11306783615299176,0.4832
0.11345613820653444,0.4833
0.11348376754598766,0.4834
0.11315021232365785,0.48350000000000004
0.11226393579367999,0.48360000000000003
0.10938996099905851,0.4837
0.10632095260374597,0.4838
0.1031205450639433,0.4839
0.0997897682479979,0.48400000000000004
0.09631342209703408,0.48410000000000003
0.09274271823609681,0.4842
0.0891015646073352,0.4843
0.085419385227966,0.4844
0.08172763087380952,0.48450000000000004
0.0780573778531728,0.48460000000000003
0.07443736108603827,0.4847
0.07082787984579575,0.4848
0.06717226214292893,0.4849
0.06361767903794713,0.48500000000000004
0.060057858561135435,0.48510000000000003
0.056520780633694256,0.4852
0.05313069104860846,0.4853
0.04991409343268516,0.4854
0.04657010243296211,0.48550000000000004
0.04336743114112829,0.48560000000000003
0.040034874462612,0.4857
0.03691299369244816,0.4858
0.03374351765290262,0.4859
0.030725569562442434,0.48600000000000004
0.027659143942706077,0.48610000000000003
0.024814299139387597,0.4862
0.022309103112662543,0.4863
0.020192490534751473,0.4864
0.01842800635706565,0.48650000000000004
0.01671222489711366,0.48660000000000003
0.015408754006506209,0.4867
0.014387530452596442,0.4868
0.013813219565046886,0.4869
0.01354699486766342,0.48700000000000004
0.013799160011425782,0.48710000000000003
0.014610365755618249,0.4872
0.01599715021534376,0.4873
0.0179535216531721,0.4874
0.020452146029273477,0.48750000000000004
0.023451218668197882,0.48760000000000003
0.026900400352436016,0.4877
0.03074228134938406,0.4878
0.03491762347457383,0.4879
0.03933733059583,0.48800000000000004
0.043910123160298076,0.48810000000000003
0.048597642707578936,0.4882
0.05337913720218257,0.4883
0.05820940648034245,0.4884
0.06303584894376979,0.48850000000000005
0.0678175602032497,0.48860000000000003
0.07251294659052032,0.4887
0.07708627068402718,0.4888
0.08150615858576327,0.4889
0.08574092015813661,0.48900000000000005
0.08976516915221577,0.48910000000000003
0.09355263889546928,0.4892
0.0970819494359928,0.4893
0.10033292640732183,0.4894
0.10327759469196651,0.48950000000000005
0.10588730556445525,0.48960000000000004
0.10815878657225397,0.4897
0.1100976596510026,0.4898
0.11169469419571842,0.4899
0.1129422804842175,0.49000000000000005
0.11383447049008111,0.49010000000000004
0.114367678915554,0.4902
0.11454091556885881,0.4903
0.11435293109940758,0.4904
0.11370187771673479,0.49050000000000005
0.11091214483042122,0.49060000000000004
0.10791528418444885,0.4907
0.1047771462362942,0.4908
0.10152543095388433,0.4909
0.09814526439762061,0.49100000000000005
0.09461985456782762,0.49110000000000004
0.09101259430566577,0.4912
0.08735409095875968,0.4913
0.08367645933075119,0.4914
0.08001106769760935,0.49150000000000005
0.07638695251780869,0.49160000000000004
0.07283108507829161,0.4917
0.06927333929259305,0.4918
0.0656992153140058,0.4919
0.06224188876567227,0.49200000000000005
0.05874894408952902,0.49210000000000004
0.05531871567371871,0.4922
0.05205051128119109,0.4923
0.0489308369547663,0.4924
0.04570333763726753,0.49250000000000005
0.04257932282890042,0.49260000000000004
0.03938857756989922,0.4927
0.03642285103442733,0.4928
0.03334507769635908,0.4929
0.030492789510220275,0.49300000000000005
0.027554262151982423,0.49310000000000004
0.02489657870511608,0.4932
0.02259898175757802,0.4933
0.020708136940254418,0.4934
0.01913712982731708,0.49350000000000005
0.017656596859767948,0.49360000000000004
0.016583704451925252,0.4937
0.015804126871291846,0.4938
0.015447031194834038,0.4939
0.015413517001188648,0.49400000000000005
0.015892961023281416,0.49410000000000004
0.016917831645848258,0.49420000000000003
0.01849698041175407,0.4943
0.020619336852127024,0.4944
0.023255824511410728,0.49450000000000005
0.02636481960695214,0.49460000000000004
0.029897562939285027,0.49470000000000003
0.03379825223906918,0.4948
0.037984299890835516,0.4949
0.04236613282669599,0.49500000000000005
0.04690207199230212,0.49510000000000004
0.051565696329600286,0.49520000000000003
0.05630836186919885,0.4953
0.06107480825476508,0.4954
0.06582024158974309,0.4955
0.07050041839736965,0.49560000000000004
0.07507676530677254,0.49570000000000003
0.07951557613291238,0.4958
0.08378341196393713,0.4959
0.08785268008371083,0.496
0.0916954275765125,0.49610000000000004
0.0952880055872356,0.49620000000000003
0.09860837263600564,0.4963
0.10162680847647798,0.4964
0.10431327511092792,0.4965
0.10666360646108919,0.49660000000000004
0.10868268971476647,0.49670000000000003
0.11036102757974608,0.4968
0.11169063438354343,0.4969
0.11266534503783499,0.497
0.11328131422792598,0.49710000000000004
0.11353732296271957,0.49720000000000003
0.11343190149581672,0.4973
0.11297529152445984,0.4974
0.11124509354502421,0.4975
0.1082902627677389,0.49760000000000004
0.10516533220605906,0.49770000000000003
0.1019193885757923,0.4978
0.0985204082559148,0.4979
0.09500207098475055,0.498
0.09139933715801174,0.49810000000000004
0.08773848306791932,0.49820000000000003
0.08404947764765536,0.4983
0.08036325304560843,0.4984
0.07670958560758356,0.4985
0.07311629576694212,0.49860000000000004
0.0694734149861489,0.49870000000000003
0.06585373261384142,0.4988
0.062346812685449726,0.4989
0.05876087252533413,0.499
0.055277418791152444,0.49910000000000004
0.05195184095655159,0.49920000000000003
0.0487174461747768,0.4993
0.04542367478305853,0.4994
0.04217695565752555,0.4995
0.038917054829940234,0.49960000000000004
0.035838019525315845,0.49970000000000003
0.032665648799623526,0.4998
0.029671540773277716,0.4999
0.026643742669617776,0.5
0.02391527829506801,0.5001
0.021545911120161687,0.5002
0.019579527524151485,0.5003000000000001
0.01781585142758324,0.5004000000000001
0.01624847005776986,0.5005000000000001
0.015046763715776068,0.5006
0.014197880522447193,0.5007
0.013723917132770547,0.5008
0.013641057459047756,0.5009
0.01409203464909603,0.501
0.015109658582953989,0.5011
0.016702553548100907,0.5012
0.018856672705064526,0.5013000000000001
0.0215389064208642,0.5014000000000001
0.024704012155040145,0.5015000000000001
0.02829882069420786,0.5016
0.03226526128694318,0.5017
0.03651759541679667,0.5018
0.040965018984659984,0.5019
0.04556571702956336,0.502
0.05029424936744409,0.5021
0.055103091655676284,0.5022
0.059937739866344764,0.5023
0.06475453592659697,0.5024000000000001
0.06950972841050773,0.5025000000000001
0.07416538924495686,0.5026
0.07868808653772685,0.5027
0.08304459842424383,0.5028
0.08720757746845376,0.5029
0.09114923113823348,0.503
0.0948462357843256,0.5031
0.09827674730655023,0.5032
0.101411303230165,0.5033
0.10421991873648062,0.5034000000000001
0.10669797537073333,0.5035000000000001
0.10884970193252341,0.5036
0.1106649423109487,0.5037
0.11213500408215049,0.5038
0.1132529361656941,0.5039
0.11401409739214663,0.504
0.11441648413920169,0.5041
0.11445753336525832,0.5042
0.11413790683976666,0.5043
0.11268748883418722,0.5044000000000001
0.10981556025946748,0.5045000000000001
0.10676054040614336,0.5046
0.10357509031717094,0.5047
0.10028215979445432,0.5048
0.09683381952895342,0.5049
0.09327459490583934,0.505
0.08964503637594823,0.5051
0.08597603330499826,0.5052
0.08229941943565244,0.5053
0.07864589101316743,0.5054000000000001
0.07504377186864919,0.5055000000000001
0.07151928816202069,0.5056
0.0679151604968189,0.5057
0.06437922624612147,0.5058
0.0609469636609562,0.5059
0.05742842303485585,0.506
0.054052630488663045,0.5061
0.050850755312999985,0.5062
0.04767174203143476,0.5063
0.04451328423907319,0.5064000000000001
0.041326760018808306,0.5065000000000001
0.03821610129372943,0.5066
0.03522345602028509,0.5067
0.0322149765006452,0.5068
0.029348389120151586,0.5069
0.026503691339986313,0.507
0.02397765609614444,0.5071
0.021829008798757377,0.5072
0.02009968179078281,0.5073
0.018521086731162928,0.5074000000000001
0.01719561160209837,0.5075000000000001
0.01622069579759189,0.5076
0.015619692611453795,0.5077
0.015359559081603358,0.5078
0.015515345533084979,0.5079
0.016198442265183965,0.508
0.0174326745230573,0.5081
0.019219102856107062,0.5082
0.021539333728004095,0.5083
0.02435898474545617,0.5084000000000001
0.027633443709897287,0.5085000000000001
0.03131093828060627,0.5086
0.0353349167554744,0.5087
0.039620354287578374,0.5088
0.04407709500300938,0.5089
0.048665169832473376,0.509
0.053360654034037225,0.5091
0.058116232127816136,0.5092
0.06287763379356992,0.5093
0.06760178138426709,0.5094000000000001
0.07224567756491374,0.5095000000000001
0.07677211158595387,0.5096
0.081148603181187,0.5097
0.08534264566475303,0.5098
0.08932786326015207,0.5099
0.09307725698794678,0.51
0.09656843575260787,0.5101
0.09978043781092283,0.5102
0.10268453589064008,0.5103
0.10525156787165646,0.5104000000000001
0.10747820827663068,0.5105000000000001
0.10937018301138113,0.5106
0.11091853514235384,0.5107
0.11211590669504212,0.5108
0.11295670851032158,0.5109
0.11343770806415177,0.511
0.11355828830247472,0.5111
0.1133175523894534,0.5112
0.11272618646721766,0.5113
0.11017488003188092,0.5114000000000001
0.10714816418077366,0.5115000000000001
0.10397713384281804,0.5116
0.10068760876861349,0.5117
0.09723690526968154,0.5118
0.0936866626661641,0.5119
0.09005995177473336,0.512
0.0863850977258096,0.5121
0.08269303740787437,0.5122
0.07901494943332765,0.5123
0.07537999070998413,0.5124000000000001
0.0718044827318659,0.5125000000000001
0.06812833992172584,0.5126000000000001
0.06454537554001771,0.5127
0.0610218476428912,0.5128
0.057453741289895444,0.5129
0.054024436759707584,0.513
0.050762601028570664,0.5131
0.0474700962444734,0.5132
0.044243677144205185,0.5133
0.04094220477905619,0.5134000000000001
0.03776367009849446,0.5135000000000001
0.034645114682279265,0.5136000000000001
0.03156686731271763,0.5137
0.02855043856931938,0.5138
0.025631734343877444,0.5139
0.023033372324889,0.514
0.02081033756293804,0.5141
0.019003008782223052,0.5142
0.017236647277290906,0.5143
0.015824621436098862,0.5144000000000001
0.014726661252628448,0.5145000000000001
0.014058698156771188,0.5146000000000001
0.013688953185750474,0.5147
0.01379739745060693,0.5148
0.014454123363565774,0.5149
0.01568242363595851,0.515
0.01748276747176325,0.5151
0.019833336351116282,0.5152
0.02269593594158792,0.5153
0.026022745946076453,0.5154
0.02975791177457232,0.5155000000000001
0.03384315207120858,0.5156000000000001
0.03819052936956302,0.5157
0.04270912155317452,0.5158
0.04735891451498686,0.5159
0.052117065846807975,0.516
0.05693733078588714,0.5161
0.06176611252432218,0.5162
0.06656136561309622,0.5163
0.07128042434085446,0.5164
0.07588661945349529,0.5165000000000001
0.08034762416067132,0.5166000000000001
0.08463108713182232,0.5167
0.08871082110450057,0.5168
0.09255993471076929,0.5169
0.09615630291959298,0.517
0.09947907483619056,0.5171
0.1024996813692205,0.5172
0.10518891379812778,0.5173
0.10754294651178864,0.5174
0.10956684334571487,0.5175000000000001
0.11125097947605922,0.5176000000000001
0.11258730872763567,0.5177
0.11356946895678688,0.5178
0.11419345481795795,0.5179
0.11445787756125636,0.518
0.11436111502773638,0.5181
0.11391331777308067,0.5182
0.11161400785044329,0.5183
0.10866387813711209,0.5184
0.10555637877355772,0.5185000000000001
0.1023289041273,0.5186000000000001
0.09898463790027401,0.5187
0.09548170372771181,0.5188
0.09189141720519811,0.5189
0.08824289514228956,0.519
0.08456760138334507,0.5191
0.08089680698202517,0.5192
0.07725999348023871,0.5193
0.07368459326415155,0.5194
0.07014932504559213,0.5195000000000001
0.06655046858626112,0.5196000000000001
0.0630610331424597,0.5197
0.059593652968693345,0.5198
0.056129369268484997,0.5199
0.05281903209645589,0.52
0.04969067495735291,0.5201
0.04645633528990767,0.5202
0.04336106933634998,0.5203
0.04011656511625472,0.5204
0.0370862242247354,0.5205000000000001
0.03403351079445116,0.5206000000000001
0.031118909483827117,0.5207
0.02821349283113772,0.5208
0.025482144374881166,0.5209
0.023093148883021497,0.521
0.021098286444666714,0.5211
0.01952342818522812,0.5212
0.01793832632523884,0.5213
0.016771020368681944,0.5214
0.015894266603163842,0.5215000000000001
0.015467807877445283,0.5216000000000001
0.015311855650268269,0.5217
0.01565982261074672,0.5218
0.01654825376663216,0.5219
0.017991657442672615,0.522
0.019983252910011684,0.5221
0.022497866187037197,0.5222
0.025496276238246685,0.5223
0.02893137383323352,0.5224
0.032748514454298494,0.5225000000000001
0.03689053366692474,0.5226000000000001
0.04127012655929141,0.5227
0.04579671190638934,0.5228
0.05043204215993358,0.5229
0.05515464910262824,0.523
0.05991871236099644,0.5231
0.06467108375593777,0.5232
0.06937047387953432,0.5233
0.07397514201867117,0.5234
0.07844919178351173,0.5235000000000001
0.08276129697272971,0.5236000000000001
0.08687980512149984,0.5237
0.09077948544989722,0.5238
0.09443423784470617,0.5239
0.09782242006324704,0.524
0.10091397666497082,0.5241
0.10367762497294375,0.5242
0.1061095663528363,0.5243
0.10821308290476672,0.5244
0.10997881026419987,0.5245000000000001
0.11139791774421914,0.5246000000000001
0.1124636841482578,0.5247
0.11317209202325462,0.5248
0.11352110682093985,0.5249
0.11350935953159069,0.525
0.11314651245411422,0.5251
0.11198977086676709,0.5252
0.10909024209200902,0.5253
0.10600309003688524,0.5254
0.10278708502416056,0.5255000000000001
0.09943144129288672,0.5256000000000001
0.09593919663332329,0.5257000000000001
0.0923563355180892,0.5258
0.08870803761005219,0.5259
0.08502398136249634,0.526
0.08133523938429588,0.5261
0.0776722739471778,0.5262
0.07406339169946785,0.5263
0.07045475657837741,0.5264
0.0668142491582272,0.5265000000000001
0.06327731649918245,0.5266000000000001
0.05972060380963784,0.5267000000000001
0.05620082903680146,0.5268
0.05283062029660157,0.5269
0.04962758217457397,0.527
0.04628863634274194,0.5271
0.04308018306874861,0.5272
0.03977046646542459,0.5273
0.036676103743009,0.5274
0.03350278106658844,0.5275000000000001
0.030514560211702957,0.5276000000000001
0.027450463216980303,0.5277000000000001
0.024640957745180048,0.5278
0.022177004403752587,0.5279
0.020105710473772298,0.528
0.01835664137332116,0.5281
0.01668590067180742,0.5282
0.015419073595666077,0.5283
0.014447402300266754,0.5284
0.013908084726995451,0.5285000000000001
0.013692973560062827,0.5286000000000001
0.013998924642298904,0.5287000000000001
0.014864665440831759,0.5288
0.016304638205188127,0.5289
0.018310911182385814,0.529
0.02085481996478933,0.5291
0.023893839094270675,0.5292
0.02737715756327641,0.5293
0.031247315782870544,0.5294
0.035444989090886114,0.5295
0.03988107846796374,0.5296000000000001
0.04446433717698417,0.5297000000000001
0.04915697380560902,0.5298
0.053938789904873996,0.5299
0.058764830982645844,0.53
0.06358270873937832,0.5301
0.06835178599688585,0.5302
0.07303071155093865,0.5303
0.07758399657484849,0.5304
0.08198050417549152,0.5305
0.08618876854163438,0.5306000000000001
0.09018363926203377,0.5307000000000001
0.09393908821085362,0.5308
0.09743398024676264,0.5309
0.10064838435334145,0.531
0.10355453174583396,0.5311
0.10612397086086467,0.5312
0.10835367342512914,0.5313
0.11024950021053048,0.5314
0.11180242096017756,0.5315
0.11300502531433032,0.5316000000000001
0.11385157864254614,0.5317000000000001
0.11433870271268975,0.5318
0.11446562125760285,0.5319
0.11423128653825909,0.532
0.11333021490947581,0.5321
0.11051356874175933,0.5322
0.10749753313988641,0.5323
0.10434377436916076,0.5324
0.10107840778657107,0.5325
0.09767428906964803,0.5326000000000001
0.09413704487987307,0.5327000000000001
0.09052156994191474,0.5328
0.0868586017642139,0.5329
0.08318020125716674,0.533
0.07951755002710581,0.5331
0.07589946688142457,0.5332
0.07235270145065398,0.5333
0.0687718641550158,0.5334
0.06520873733551713,0.5335
0.06176639405014961,0.5336000000000001
0.05824698125461669,0.5337000000000001
0.05483253695623036,0.5338
0.051584502721936154,0.5339
0.04843234435625887,0.534
0.04522540739751402,0.5341
0.042067406589641365,0.5342
0.03890132883992958,0.5343
0.03592919316694432,0.5344
0.03285696468711774,0.5345
0.029997636507720138,0.5346000000000001
0.027078605877044915,0.5347000000000001
0.024465083146614663,0.5348
0.022218945240202626,0.5349
0.020384641309631357,0.535
0.018799355795611428,0.5351
0.017372353807184826,0.5352
0.01632878552264594,0.5353
0.015612699720442436,0.5354
0.01528528321799194,0.5355
0.015320839118793117,0.5356000000000001
0.01587636981999463,0.5357000000000001
0.01698127038699182,0.5358
0.018641393698834996,0.5359
0.020842637724431068,0.536
0.023553543967301138,0.5361
0.02673098214362324,0.5362
0.030324726757968046,0.5363
0.0342784611154312,0.5364
0.038508460380384024,0.5365
0.04292480216050998,0.5366000000000001
0.04748644842846872,0.5367000000000001
0.052167985024636376,0.5368
0.0569213047159407,0.5369
0.06169156454378666,0.537
0.06643468265526231,0.5371
0.07110695046966553,0.5372
0.07567037439701685,0.5373
0.08009176440399168,0.5374
0.0843380664860347,0.5375
0.08838217123813508,0.5376000000000001
0.09219649716846046,0.5377000000000001
0.09575788363846138,0.5378000000000001
0.09904470861830716,0.5379
0.10202763925900338,0.538
0.10467697375654117,0.5381
0.10698884199517067,0.5382
0.10896841519751876,0.5383
0.11060636480500319,0.5384
0.11189490377294387,0.5385
0.1128280429712567,0.5386000000000001
0.11340212607677802,0.5387000000000001
0.1136161182434664,0.5388000000000001
0.11346872320738122,0.5389
0.1129703157928732,0.539
0.11094014128924246,0.5391
0.1079626399140795,0.5392
0.10482399988154356,0.5393
0.10156780442780622,0.5394
0.09815367514978135,0.5395
0.09462586738004797,0.5396000000000001
0.09101598124986177,0.5397000000000001
0.0873511170956367,0.5398000000000001
0.08366163309309782,0.5399
0.07997857556441956,0.54
0.07633150826809154,0.5401
0.07274803429583598,0.5402
0.06909918563113149,0.5403
0.06549197423664088,0.5404
0.06200082751153635,0.5405
0.0584085649801509,0.5406000000000001
0.054942247354188734,0.5407000000000001
0.051637368797810224,0.5408000000000001
0.04839579900553659,0.5409
0.045123813491368736,0.541
0.04186857659666887,0.5411
0.0386335769606021,0.5412
0.03555024645436178,0.5413
0.032406672751677856,0.5414
0.029414546847734035,0.5415
0.02642039427316356,0.5416000000000001
0.023731187504039353,0.5417000000000001
0.021405666846337157,0.5418000000000001
0.019486933485729052,0.5419
0.01773574887372331,0.542
0.016216127318270823,0.5421
0.015051170365141697,0.5422
0.014255665327100875,0.5423
0.01381771638069873,0.5424
0.013789881324137943,0.5425
0.014298529207720456,0.5426
0.015374007925330835,0.5427000000000001
0.017022741412837883,0.5428000000000001
0.019228763313921426,0.5429
0.021957773210276033,0.543
0.025164023906356636,0.5431
0.028793886692715986,0.5432
0.03278934420627033,0.5433
0.03706425381770839,0.5434
0.04152780917704235,0.5435
0.04613870149449739,0.5436
0.050872116189380145,0.5437000000000001
0.0556808106565958,0.5438000000000001
0.0605104611080407,0.5439
0.06531777424757723,0.544
0.07005924716234035,0.5441
0.07469724555107471,0.5442
0.07919860941295054,0.5443
0.083530333726057,0.5444
0.08766536538051117,0.5445
0.09157614324825292,0.5446
0.09523964675512331,0.5447000000000001
0.09863428662393903,0.5448000000000001
0.10173082456049831,0.5449
0.10449947737950471,0.545
0.10693587135155203,0.5451
0.10904450121136156,0.5452
0.1108153962394639,0.5453
0.11224008088182091,0.5454
0.11331181594335826,0.5455
0.11402618468380399,0.5456
0.11438140553877585,0.5457000000000001
0.11437548366769601,0.5458000000000001
0.11401827761170524,0.5459
0.11230688088371865,0.546
0.10940761363388196,0.5461
0.10633304202775451,0.5462
0.10313113021281928,0.5463
0.09982306711928768,0.5464
0.09634607203868661,0.5465
0.0927739420028173,0.5466
0.08913662652153043,0.5467000000000001
0.0854649266811871,0.5468000000000001
0.08178995346241158,0.5469
0.0781416295626507,0.547
0.074547833660913,0.5471
0.0710346613446049,0.5472
0.06741346282312521,0.5473
0.06389271159997112,0.5474
0.06045026744083093,0.5475
0.05695160085683337,0.5476
0.05359886943610914,0.5477000000000001
0.05042207027573431,0.5478000000000001
0.04722348742833038,0.5479
0.044087176177632914,0.548
0.04087278779479098,0.5481
0.03778545279918588,0.5482
0.03476226790489867,0.5483
0.031781715910613295,0.5484
0.028889396745547247,0.5485
0.02607956924784549,0.5486
0.0235970593237651,0.5487000000000001
0.021497759107569347,0.5488000000000001
0.019821781912501724,0.5489
0.018222105924878607,0.549
0.016947105185780353,0.5491
0.01599916118933975,0.5492
0.015459324759553583,0.5493
0.015226383430922308,0.5494
0.015448204758373052,0.5495
0.01620372761950639,0.5496
0.01751351123140199,0.5497000000000001
0.019375653077841948,0.5498000000000001
0.021769050823077674,0.5499
0.02465719397216093,0.55
0.027994305463680202,0.5501
0.031727247998229124,0.5502
0.03579911476318176,0.5503
0.04012383118721963,0.5504
0.0446109972135762,0.5505
0.04922126336052535,0.5506
0.053931662590799956,0.5507000000000001
0.058695469166471836,0.5508000000000001
0.06345884856222439,0.5509000000000001
0.06817942632608809,0.551
0.07281468145937764,0.5511
0.07732790580321702,0.5512
0.08168704982608144,0.5513
0.08585992540209508,0.5514
0.08982059313160795,0.5515
0.093542398405696,0.5516
0.0970034141339915,0.5517000000000001
0.10018307236811574,0.5518000000000001
0.10305300243610382,0.5519000000000001
0.10558435196405713,0.552
0.10777405753984559,0.5521
0.10962810972565662,0.5522
0.11113771498972869,0.5523
0.11229571579389075,0.5524
0.11309669663894972,0.5525
0.11353760693798398,0.5526
0.1136180019528027,0.5527000000000001
0.11333714437845765,0.5528000000000001
0.11270093665971737,0.5529000000000001
0.10985668678591165,0.553
0.10680939853506255,0.5531
0.10362685380961634,0.5532
0.10032553315114245,0.5533
0.09686568347554159,0.5534
0.09330815871213638,0.5535
0.08967637272562601,0.5536
0.08599953122342163,0.5537000000000001
0.08230900206149305,0.5538000000000001
0.0786360536910442,0.5539000000000001
0.07500961427587194,0.554
0.07143004865112357,0.5541
0.06776541924872748,0.5542
0.06419720177513222,0.5543
0.060670176500934314,0.5544
0.05711828183217871,0.5545
0.05370844631198568,0.5546
0.05046878118128384,0.5547000000000001
0.047169729423383266,0.5548000000000001
0.04396610332669959,0.5549000000000001
0.040656284308464796,0.555
0.03750343119116728,0.5551
0.03438025957666668,0.5552
0.03133130038196552,0.5553
0.028316162672654688,0.5554
0.025431342278064983,0.5555
0.02287251974324822,0.5556
0.020693443319757865,0.5557
0.018933532988854695,0.5558000000000001
0.017177272900115392,0.5559000000000001
0.015811966351912066,0.556
0.01474895121288844,0.5561
0.014133078925017584,0.5562
0.013797173250084338,0.5563
0.013958830297175817,0.5564
0.014670904630340598,0.5565
0.01595409540574555,0.5566
0.017806767300651005,0.5567
0.02020543482964343,0.5568000000000001
0.023110951918589695,0.5569000000000001
0.026475172804062197,0.557
0.030241848374297442,0.5571
0.03435279423524129,0.5572
0.038719711555314174,0.5573
0.043251711898987244,0.5574
0.0479092459511945,0.5575
0.052670050541840485,0.5576
0.05748818049059401,0.5577
0.06231023887207099,0.5578000000000001
0.06709454881022603,0.5579000000000001
0.07179869391803206,0.558
0.07638629148236653,0.5581
0.08082527798873007,0.5582
0.08508350972843848,0.5583
0.08913508244745161,0.5584
0.0929533260597345,0.5585
0.09651640874796408,0.5586
0.09980372596116327,0.5587
0.10278693200901312,0.5588000000000001
0.10543702152463208,0.5589000000000001
0.10775040566092564,0.559
0.10973240524424255,0.5591
0.11137358082977977,0.5592
0.11266610237198882,0.5593
0.11360381498538108,0.5594
0.11418292961159004,0.5595
0.11440226673876175,0.5596
0.11426039927413145,0.5597
0.11376762660301032,0.5598000000000001
0.1112360978174296,0.5599000000000001
0.10826105862438762,0.56
0.1051362330165373,0.5601
0.10189490815445035,0.5602
0.09852673565000258,0.5603
0.09501118907313788,0.5604
0.09141116821594764,0.5605
0.0877562710175478,0.5606
0.08407816438507221,0.5607
0.08040818687035811,0.5608000000000001
0.07677563331922832,0.5609000000000001
0.07320775929754786,0.561
0.06965072014058615,0.5611
0.06606181285777646,0.5612
0.06258630769199425,0.5613
0.05909550728702628,0.5614
0.05564641861518482,0.5615
0.05235556434372546,0.5616
0.04923739573311314,0.5617
0.045983838073090366,0.5618000000000001
0.04285734254426843,0.5619000000000001
0.03963687221800649,0.562
0.03663779447129989,0.5621
0.0335563190627195,0.5622
0.03067044055972934,0.5623
0.02772397963700457,0.5624
0.02502729199004361,0.5625
0.02268401220802696,0.5626
0.020742495050622534,0.5627
0.019149404101854284,0.5628000000000001
0.01761787524236791,0.5629000000000001
0.01650267422293039,0.5630000000000001
0.015668282601018158,0.5631
0.015271310826411977,0.5632
0.015182618615099175,0.5633
0.015605351880101148,0.5634
0.016573827216071813,0.5635
0.018099007758390906,0.5636
0.020171476134397404,0.5637
0.022763309027199696,0.5638000000000001
0.025833479740939413,0.5639000000000001
0.02933353277741957,0.5640000000000001
0.03320770856579092,0.5641
0.03737364050792036,0.5642
0.04174185412149134,0.5643
0.04627015460150008,0.5644
0.050931616417473125,0.5645
0.05567742681894061,0.5646
0.06045221456446581,0.5647
0.06521087979107931,0.5648000000000001
0.06990888323860778,0.5649000000000001
0.07450730832556107,0.5650000000000001
0.07897209380691839,0.5651
0.08326953013485716,0.5652
0.08737172333429233,0.5653
0.09125050575517812,0.5654
0.09488197695166534,0.5655
0.09824387482178776,0.5656
0.10130627866404807,0.5657
0.10403894921982382,0.5658000000000001
0.10643744063844907,0.5659000000000001
0.10850633951300848,0.5660000000000001
0.1102359159664601,0.5661
0.11161793048815638,0.5662
0.11264595530956367,0.5663
0.11331587622547279,0.5664
0.1136262053025342,0.5665
0.113575223651743,0.5666
0.11317298400159048,0.5667
0.11170634491476839,0.5668000000000001
0.10878177782489484,0.5669000000000001
0.10567842439160169,0.5670000000000001
0.10244989020601791,0.5671
0.09908076156234358,0.5672
0.09557821838384917,0.5673
0.09198778540085828,0.5674
0.08833526218381627,0.5675
0.08465045893914336,0.5676
0.08096436331092194,0.5677
0.07730716116091729,0.5678000000000001
0.07370697435639739,0.5679000000000001
0.07009670821752567,0.5680000000000001
0.0664674077085976,0.5681
0.06294469392777602,0.5682
0.05938689633307126,0.5683
0.05588272053974608,0.5684
0.05253131981352355,0.5685
0.04932624929046181,0.5686
0.04600709787735635,0.5687
0.042794184728510265,0.5688
0.03950658461554024,0.5689000000000001
0.036438132542136126,0.5690000000000001
0.03325993902925117,0.5691
0.03029848202894314,0.5692
0.027233509314557258,0.5693
0.024455705583571685,0.5694
0.022029735676344586,0.5695
0.020001093419725224,0.5696
0.01826422487774737,0.5697
0.016636747261143725,0.5698
0.015404049784424556,0.5699000000000001
0.014480749870598997,0.5700000000000001
0.013974420895155104,0.5701
0.013809532894400123,0.5702
0.014168600941072196,0.5703
0.015088420034076178,0.5704
0.016581364903445417,0.5705
0.018637614555163884,0.5706
0.021227208819107002,0.5707
0.0243069436405825,0.5708
0.02782552399697691,0.5709000000000001
0.03172543363714242,0.5710000000000001
0.035947194851180475,0.5711
0.0404016285953257,0.5712
0.04499740370037353,0.5713
0.049697188945146964,0.5714
0.05448125060253095,0.5715
0.0593048320345162,0.5716
0.06411575563348948,0.5717
0.06887368388142368,0.5718
0.07353756727027605,0.5719000000000001
0.0780722277588517,0.5720000000000001
0.08244682184132979,0.5721
0.08663014375015465,0.5722
0.09059729632713143,0.5723
0.09432248420775213,0.5724
0.09778479779581262,0.5725
0.10096451606852641,0.5726
0.10383403950271108,0.5727
0.10636507489048819,0.5728
0.10855481368415454,0.5729000000000001
0.11040934276519931,0.5730000000000001
0.1119198312779377,0.5731
0.11307907916293347,0.5732
0.11388158506240831,0.5733
0.11432420287600209,0.5734
0.11440639322104207,0.5735
0.1141273275662803,0.5736
0.11298118398751777,0.5737
0.11013837506593471,0.5738
0.1071037025429239,0.5739000000000001
0.10393466784230065,0.5740000000000001
0.10065579639248146,0.5741
0.09722863541645133,0.5742
0.0936793724162378,0.5743
0.09005526957316456,0.5744
0.0863872366910513,0.5745
0.08270732948450377,0.5746
0.07904659090700283,0.5747
0.07543367069744689,0.5748
0.07189513572599104,0.5749000000000001
0.06829279381327868,0.5750000000000001
0.06474005578788333,0.5751000000000001
0.061306677847371316,0.5752
0.05776876352859395,0.5753
0.05436987330840859,0.5754
0.05114139659352945,0.5755
0.047960020336843545,0.5756
0.044772893081680865,0.5757
0.041584014965202476,0.5758
0.038441483012587874,0.5759000000000001
0.035442022577512056,0.5760000000000001
0.03239849764938163,0.5761000000000001
0.02951948379329372,0.5762
0.02663556711630477,0.5763
0.02406528698889132,0.5764
0.021868348236570023,0.5765
0.020087612649140718,0.5766
0.01848780400174399,0.5767
0.017111578891018997,0.5768
0.01609545462015438,0.5769000000000001
0.015440105702160478,0.5770000000000001
0.015141014922397833,0.5771000000000001
0.015242664160574515,0.5772
0.015870908474400203,0.5773
0.017051974106834233,0.5774
0.018788841808260237,0.5775
0.021064548615613132,0.5776
0.02384546644742569,0.5777
0.0270871596414477,0.5778
0.03073804265180846,0.5779000000000001
0.03474138007745875,0.5780000000000001
0.03901237645275657,0.5781000000000001
0.04346081618847575,0.5782
0.04804627392847016,0.5783
0.05274429265975811,0.5784
0.057507316994843904,0.5785
0.06228091581459383,0.5786
0.06702169654030354,0.5787
0.07168643141043707,0.5788
0.076237638394835,0.5789000000000001
0.08064257371543637,0.5790000000000001
0.08486851003994822,0.5791000000000001
0.08888878492485075,0.5792
0.092676162078009,0.5793
0.09620795441164365,0.5794
0.09946293861838484,0.5795
0.10241215023452177,0.5796
0.10502620115398664,0.5797
0.10730150109723946,0.5798
0.10924349352804819,0.5799000000000001
0.11084300750538256,0.5800000000000001
0.11209244250983263,0.5801000000000001
0.11298596793409954,0.5802
0.11352009685798736,0.5803
0.11369395660192416,0.5804
0.11350640430666203,0.5805
0.11296793397172966,0.5806
0.11064494397618707,0.5807
0.1076450376344652,0.5808
0.10449275341548969,0.5809000000000001
0.10122626974561777,0.5810000000000001
0.09779785416953823,0.5811000000000001
0.09426047298316231,0.5812
0.0906432453114473,0.5813
0.0869741066099351,0.5814
0.0832838088373139,0.5815
0.07960350772076352,0.5816
0.07596255417797482,0.5817
0.07238833245415077,0.5818
0.06873417927288994,0.5819
0.06513880004129435,0.5820000000000001
0.06164873388970871,0.5821000000000001
0.058065109004628024,0.5822
0.05461527731129223,0.5823
0.051329445814762176,0.5824
0.048080172459444404,0.5825
0.044829587825192974,0.5826
0.041571884175391816,0.5827
0.03836333019850846,0.5828
0.035283126255950314,0.5829
0.032167925658795005,0.5830000000000001
0.029180553746354088,0.5831000000000001
0.02621731337583144,0.5832
0.02356410312501045,0.5833
0.021278980644841683,0.5834
0.019404364718671907,0.5835
0.017663028625954258,0.5836
0.016187786237714885,0.5837
0.015056551162322629,0.5838
0.014311085333094553,0.5839
0.013906522045520564,0.5840000000000001
0.013930159675345832,0.5841000000000001
0.014492755450219885,0.5842
0.01562221479709014,0.5843
0.01732312510374201,0.5844
0.019577682080360814,0.5845
0.02235055166032085,0.5846
0.025595476337457956,0.5847
0.02925830348028846,0.5848
0.033281105915743625,0.5849
0.037577274895346235,0.5850000000000001
0.04205610013046579,0.5851000000000001
0.04667666998580389,0.5852
0.051414789485535684,0.5853
0.05622340872123188,0.5854
0.061048361994399114,0.5855
0.06584668249343384,0.5856
0.07057510849576032,0.5857
0.07519632152847577,0.5858
0.0796774396956057,0.5859
0.08398569888079421,0.5860000000000001
0.08809432786623361,0.5861000000000001
0.09197598860015976,0.5862
0.09560793298465387,0.5863
0.09896880278399023,0.5864
0.10202955912184464,0.5865
0.10476060785720442,0.5866
0.10715780548989029,0.5867
0.10922590798550058,0.5868
0.11095512193133128,0.5869
0.11233718570523188,0.5870000000000001
0.11336555900085132,0.5871000000000001
0.11403603859762212,0.5872
0.11434704741552304,0.5873
0.1142967828881194,0.5874
0.11389525408109058,0.5875
0.11194389411308514,0.5876
0.10901913218160064,0.5877
0.10592670142114491,0.5878
0.10271040006271437,0.5879
0.0993819275051604,0.5880000000000001
0.09588930648813954,0.5881000000000001
0.09230676210163213,0.5882000000000001
0.08866241588965473,0.5883
0.08498726569331361,0.5884
0.08131246169144302,0.5885
0.07766774657505948,0.5886
0.07408081720025694,0.5887
0.07054920888064176,0.5888
0.06693573642695161,0.5889
0.06342807294027508,0.5890000000000001
0.059964032187627025,0.5891000000000001
0.05647970504518551,0.5892000000000001
0.05314539341776592,0.5893
0.04998988036116292,0.5894
0.04676104828339733,0.5895
0.04364591828699571,0.5896
0.04039954844546734,0.5897
0.03733738936827913,0.5898
0.034285637197784435,0.5899
0.031335577700417394,0.5900000000000001
0.02842273097236614,0.5901000000000001
0.025650031059431644,0.5902000000000001
0.023213233207751482,0.5903
0.02116564290775469,0.5904
0.01954547825318298,0.5905
0.01792978736025508,0.5906
0.01670685271500072,0.5907
0.01578749266762758,0.5908
0.015309998847372164,0.5909
0.015106442730745906,0.5910000000000001
0.015395512097661213,0.5911000000000001
0.01622443659307926,0.5912000000000001
0.017610237907736748,0.5913
0.019548061177830478,0.5914
0.022014093302236803,0.5915
0.02496988473360595,0.5916
0.028368598008962298,0.5917
0.03215584921731551,0.5918
0.036274436644534,0.5919
0.04063730932301968,0.5920000000000001
0.04515388184902358,0.5921000000000001
0.04978541710017903,0.5922000000000001
0.05450988659385558,0.5923
0.059281157688748864,0.5924
0.06404583980106149,0.5925
0.06876225801067581,0.5926
0.07338836725473452,0.5927
0.07788795180054009,0.5928
0.082229384660364,0.5929
0.08638077638267827,0.5930000000000001
0.09031660917235595,0.5931000000000001
0.09401054859160907,0.5932000000000001
0.09744112268291172,0.5933
0.10058814575625907,0.5934
0.1034236088202698,0.5935
0.10591897162516739,0.5936
0.10807144613652686,0.5937
0.1098872961173819,0.5938
0.11135789411516084,0.5939
0.11247628053290437,0.5940000000000001
0.11323720463888598,0.5941000000000001
0.11363778827516946,0.5942000000000001
0.11367774545315623,0.5943
0.11335648734601655,0.5944
0.11241881827353695,0.5945
0.10955110104939281,0.5946
0.10648893416241467,0.5947
0.10329474728972021,0.5948
0.09997906418285696,0.5949
0.09650814456395351,0.595
0.09294167578502688,0.5951000000000001
0.08930398768756109,0.5952000000000001
0.08562474987491031,0.5953
0.08193547704199355,0.5954
0.07826723997819518,0.5955
0.07464873625448032,0.5956
0.07106465109388327,0.5957
0.06741066564285125,0.5958
0.0638561621792455,0.5959
0.06032445144904297,0.596
0.056787458242563815,0.5961000000000001
0.05339569126562882,0.5962000000000001
0.05017668646382645,0.5963
0.04686858495007251,0.5964
0.04368596457694762,0.5965
0.04036487804638811,0.5966
0.03723577588156535,0.5967
0.034104716969372895,0.5968
0.031083335413546243,0.5969
0.028066809608557675,0.597
0.025215013754051663,0.5971000000000001
0.02269547475770084,0.5972000000000001
0.020560461360239923,0.5973
0.018833491592828322,0.5974
0.017100969857853476,0.5975
0.015783270760605816,0.5976
0.014753943506155442,0.5977
0.014181502834670567,0.5978
0.013886367985318504,0.5979
0.014101810590419595,0.598
0.014869834201373555,0.5981000000000001
0.016208636747758742,0.5982000000000001
0.01811451750604065,0.5983
0.020562383218529323,0.5984
0.023512116076505718,0.5985
0.02691512749455538,0.5986
0.0307147739164102,0.5987
0.034852817338705044,0.5988
0.039240609148840644,0.5989
0.04378721787542017,0.599
0.04845357762546754,0.5991000000000001
0.05321801049163244,0.5992000000000001
0.058034897069717095,0.5993
0.06285109076982287,0.5994
0.06762530923024723,0.5995
0.07231542858976514,0.5996
0.07688536944545843,0.5997
0.08130333920235233,0.5998
0.08553739921386161,0.5999
0.08956190118412466,0.6
0.09335037686074621,0.6001000000000001
0.0968812537112822,0.6002000000000001
0.10013415862923414,0.6003000000000001
0.10308096064595185,0.6004
0.10569286196352357,0.6005
0.10796652322699662,0.6006
0.10990752931012548,0.6007
0.11150663868285315,0.6008
0.11275623710400384,0.6009
0.11365037869999128,0.601
0.11418548292122876,0.6011000000000001
0.11436057068832373,0.6012000000000001
0.11417439637660498,0.6013000000000001
0.11363739352942603,0.6014
0.11086610383554196,0.6015
0.10786684667007784,0.6016
0.10472556828638668,0.6017
0.10147123481232267,0.6018
0.09808083712183202,0.6019
0.09455329522139555,0.602
0.09094404442875781,0.6021000000000001
0.0872832210230563,0.6022000000000001
0.08360272513920075,0.6023000000000001
0.07993396919364149,0.6024
0.07630605460872586,0.6025
0.0727460470146788,0.6026
0.06916856658142789,0.6027
0.06558981520173046,0.6028
0.06212833406730056,0.6029
0.05861507548608924,0.603
0.055181051612193555,0.6031000000000001
0.051909433319940135,0.6032000000000001
0.04876395416995205,0.6033000000000001
0.045530151965310406,0.6034
0.042374541679752964,0.6035
0.03917756025378316,0.6036
0.03620256712485581,0.6037
0.03309683526991947,0.6038
0.030229763532128695,0.6039
0.02727247153835477,0.604
0.02461443743485825,0.6041000000000001
0.022318560903985984,0.6042000000000001
0.020430330222399817,0.6043000000000001
0.018826817732711554,0.6044
0.01734640236914964,0.6045
0.016260958916949564,0.6046
0.01548677137494514,0.6047
0.01511909990803284,0.6048
0.015095728283607723,0.6049
0.015590460854177923,0.605
0.01663499009652103,0.6051000000000001
0.018237421831280853,0.6052000000000001
0.02038544718119306,0.6053000000000001
0.02304880995484937,0.6054
0.026184953862609772,0.6055
0.029744050851254533,0.6056
0.03366980853488477,0.6057
0.03787879901406743,0.6058
0.042281178474214975,0.6059
0.046835336714457165,0.606
0.051515268154252336,0.6061000000000001
0.056272569100262126,0.6062000000000001
0.06105219869800094,0.6063000000000001
0.06580966894436324,0.6064
0.07050094908315652,0.6065
0.07508770562211975,0.6066
0.07953642082091628,0.6067
0.08381380851363585,0.6068
0.0878924522994875,0.6069
0.09174454261602083,0.607
0.09534661038659309,0.6071000000000001
0.09867676303232686,0.6072000000000001
0.101705407190824,0.6073000000000001
0.10440259012215258,0.6074
0.1067641300258233,0.6075
0.1087948714450161,0.6076
0.11048523677602351,0.6077
0.11182717334111014,0.6078
0.11281443399293145,0.6079
0.11344310540092928,0.608
0.11371190283601551,0.6081
0.11361929855831399,0.6082000000000001
0.11317549434699625,0.6083000000000001
0.1114081903128612,0.6084
0.1084602539315569,0.6085
0.10534240235472958,0.6086
0.10210277583317962,0.6087
0.09871901627597224,0.6088
0.09520601313632893,0.6089
0.09160730373312842,0.609
0.08794953711538156,0.6091
0.08426290121413138,0.6092000000000001
0.08057838789724148,0.6093000000000001
0.07692579359994223,0.6094
0.07333293834718013,0.6095
0.06971351395506009,0.6096
0.06609424145955212,0.6097
0.06258617346962514,0.6098
0.059026287756682505,0.6099
0.055541809291677735,0.61
0.05221348093969547,0.6101
0.049010960107151114,0.6102000000000001
0.045714868829447974,0.6103000000000001
0.04250039212619927,0.6104
0.03923613197199671,0.6105
0.0361891469789144,0.6106
0.03300968701588958,0.6107
0.030045357138003492,0.6108
0.027007811160529416,0.6109
0.02426520379287167,0.611
0.021878988510539488,0.6111
0.019894025051595987,0.6112000000000001
0.018165359960561567,0.6113000000000001
0.016582430279573845,0.6114
0.015383998129811394,0.6115
0.014511230794884034,0.6116
0.014038102812578668,0.6117
0.013925389295602164,0.6118
0.014339560674059948,0.6119
0.015315167682541597,0.612
0.016862638136795338,0.6121
0.018970162395532064,0.6122000000000001
0.021606568554549233,0.6123000000000001
0.02472794736287076,0.6124
0.028282478457015925,0.6125
0.03221259831837919,0.6126
0.036458633402603136,0.6127
0.040931345805805375,0.6128
0.04553931174429482,0.6129
0.05024569589531325,0.613
0.05503128898148013,0.6131
0.05985157221091908,0.6132000000000001
0.06465464840585511,0.6133000000000001
0.06940051272114645,0.6134000000000001
0.0740484466582143,0.6135
0.07856358851549683,0.6136
0.08291538364598372,0.6137
0.08707290407383583,0.6138
0.09101151756944081,0.6139
0.09470570099792885,0.614
0.09813432875057992,0.6141
0.1012678184657374,0.6142000000000001
0.10407522496229715,0.6143000000000001
0.10655278831504633,0.6144000000000001
0.10870365122805381,0.6145
0.11051824402730337,0.6146
0.11198749436288702,0.6147
0.1131043894100563,0.6148
0.11386462895005633,0.6149
0.11426587286437173,0.615
0.11430612141812146,0.6151
0.11398575306026382,0.6152000000000001
0.11264333200836896,0.6153000000000001
0.10977384884372099,0.6154000000000001
0.10671880900162378,0.6155
0.10353252401035662,0.6156
0.1002383715293651,0.6157
0.09678199759116413,0.6158
0.09321951315216126,0.6159
0.08958615848561635,0.616
0.08591288000465236,0.6161
0.08223165260561915,0.6162000000000001
0.0785733585256645,0.6163000000000001
0.07496637747363621,0.6164000000000001
0.07143693810446805,0.6165
0.06781121798587997,0.6166
0.06426961094882333,0.6167
0.060813274876003076,0.6168
0.057289064703474946,0.6169
0.0539079330972807,0.617
0.05070038808840427,0.6171
0.047490451186005034,0.6172000000000001
0.044325337261233555,0.6173000000000001
0.041108578171425325,0.6174000000000001
0.03799293036876317,0.6175
0.03497054445939973,0.6176
0.031959335462079075,0.6177
0.029065457116958626,0.6178
0.02621984431410085,0.6179
0.02369555384325661,0.618
0.021550042682255244,0.6181
0.01982456011463274,0.6182000000000001
0.018213525443769196,0.6183000000000001
0.016889272496754204,0.6184000000000001
0.015902888117263814,0.6185
0.015309078392879538,0.6186
0.015040176418921414,0.6187
0.015208055541336307,0.6188
0.015908437600804737,0.6189
0.0171642200217057,0.619
0.018975487858930995,0.6191
0.0213225560132122,0.6192000000000001
0.024169843202334285,0.6193000000000001
0.02747183725335134,0.6194000000000001
0.03117578149021938,0.6195
0.03522466701072413,0.6196
0.039532764078134,0.6197
0.04400966907814996,0.6198
0.04861558866920501,0.6199
0.053327012125429674,0.62
0.058096936158219314,0.6201
0.06287133025285718,0.6202000000000001
0.06760744929780549,0.6203000000000001
0.07226250378861843,0.6204000000000001
0.0767994806659974,0.6205
0.08118605058037742,0.6206
0.08538979698168636,0.6207
0.0893844925008741,0.6208
0.09314324435444243,0.6209
0.0966438345109768,0.621
0.0998654365524968,0.6211
0.10277945347030326,0.6212
0.10535681027344113,0.6213000000000001
0.10759418747539795,0.6214000000000001
0.10949728853241036,0.6215
0.11105709310921763,0.6216
0.11226618009083789,0.6217
0.11311887153526434,0.6218
0.11361184640217803,0.6219
0.11374439389988322,0.622
0.11351552938888931,0.6221
0.11293587152073004,0.6222
0.11032800975335066,0.6223000000000001
0.10730602704033498,0.6224000000000001
0.1041404528702331,0.6225
0.10086416915243213,0.6226
0.09742012573918968,0.6227
0.09387387254289159,0.6228
0.09025017858330175,0.6229
0.08657772141003406,0.623
0.08288758331849866,0.6231
0.0792109999363575,0.6232
0.07557709047249361,0.6233000000000001
0.07201301405896043,0.6234000000000001
0.06835071788018066,0.6235
0.06476787040653176,0.6236
0.06127050895631092,0.6237
0.05770174482214929,0.6238
0.05427013646686629,0.6239
0.051005309468380444,0.624
0.047745011896251244,0.6241
0.04451606379921791,0.6242
0.04124584062253711,0.6243000000000001
0.0380622404655091,0.6244000000000001
0.03497351552121031,0.6245
0.03188738346800868,0.6246
0.0288978950245522,0.6247
0.025968762155849756,0.6248
0.02335571846680229,0.6249
0.021115509067642035,0.625
0.019289582060473043,0.6251
0.017555818734808604,0.6252
0.016128800956975997,0.6253000000000001
0.015033125368505429,0.6254000000000001
0.01434225037323622,0.6255000000000001
0.013972711443251962,0.6256
0.014052924553600743,0.6257
0.014675112665289314,0.6258
0.01586453016229683,0.6259
0.017623475205148287,0.626
0.01993217549601245,0.6261
0.02275406248938472,0.6262
0.026042346919084913,0.6263000000000001
0.029742318663476652,0.6264000000000001
0.03379605605718061,0.6265000000000001
0.03811646275875402,0.6266
0.042612797501556665,0.6267
0.047244651750593114,0.6268
0.0519884870816798,0.6269
0.056797591283685334,0.627
0.06161802488046508,0.6271
0.06640723484909561,0.6272
0.07112223743363089,0.6273000000000001
0.07572603271827749,0.6274000000000001
0.0801860301460191,0.6275000000000001
0.08446969531031778,0.6276
0.08855057122426868,0.6277
0.09240156633024355,0.6278
0.09600025863911432,0.6279
0.09932556299365203,0.628
0.10234868542878561,0.6281
0.10504024992535754,0.6282
0.10739635987890694,0.6283000000000001
0.10942203624101343,0.6284000000000001
0.11110767077325456,0.6285000000000001
0.11244521975529154,0.6286
0.11342835245947291,0.6287
0.11405308717108009,0.6288
0.11431806387543197,0.6289
0.1142216840982263,0.629
0.11377411761575396,0.6291
0.1115746370887899,0.6292
0.10862461502769816,0.6293000000000001
0.10551480639184707,0.6294000000000001
0.10228462668428062,0.6295000000000001
0.09893302107607715,0.6296
0.09542755375292256,0.6297
0.09183497374326866,0.6298
0.08818395496516584,0.6299
0.08450573477347045,0.63
0.08083153766417739,0.6301
0.07719091082537122,0.6302
0.07361136229957799,0.6303000000000001
0.0700586775290104,0.6304000000000001
0.06645496540728901,0.6305000000000001
0.06296100346378597,0.6306
0.05947396543343597,0.6307
0.056004560566551786,0.6308
0.05268944716833124,0.6309
0.04955611288639705,0.631
0.04629597015622333,0.6311
0.04317498638485584,0.6312
0.03992580820884184,0.6313000000000001
0.03689316638369999,0.6314000000000001
0.03381375101216033,0.6315000000000001
0.03089290459019578,0.6316
0.027941655631044338,0.6317
0.0252041433900152,0.6318
0.022813206313333056,0.6319
0.02081905744982926,0.632
0.019205946737615998,0.6321
0.017621868285219167,0.6322
0.016460502141078637,0.6323000000000001
0.015573839289880764,0.6324000000000001
0.015137834211853107,0.6325000000000001
0.01499152570008433,0.6326
0.015354202588201415,0.6327
0.0162623453449664,0.6328
0.01772920542855716,0.6329
0.01974728594653752,0.633
0.022289982583849843,0.6331
0.025316965713693795,0.6332
0.02878024398951351,0.6333000000000001
0.032624144238068364,0.6334000000000001
0.03679115538705746,0.6335000000000001
0.04119317978210968,0.6336
0.04573956026866055,0.6337
0.050392255299166244,0.6338
0.05513029396259683,0.6339
0.059908255238205865,0.634
0.06467314708145455,0.6341
0.06938411188085292,0.6342
0.07399949701532571,0.6343
0.07848376116296574,0.6344000000000001
0.08280569612169819,0.6345000000000001
0.086933869266692,0.6346
0.09084315940779863,0.6347
0.09450754965279318,0.6348
0.09790547771050329,0.6349
0.10100692159634472,0.635
0.10378066323242963,0.6351
0.10622289682222052,0.6352
0.10833690169726562,0.6353
0.11011328706816237,0.6354000000000001
0.11154319614258956,0.6355000000000001
0.11261986434874527,0.6356
0.11333923041933791,0.6357
0.11369919860453448,0.6358
0.11369798561078581,0.6359
0.1133361662304686,0.636
0.11213463044110328,0.6361
0.10924128695823687,0.6362
0.10616108636623312,0.6363
0.10295187715745246,0.6364000000000001
0.09961499073816715,0.6365000000000001
0.09612940281942184,0.6366
0.09255096531799123,0.6367
0.0889048308771564,0.6368
0.08522109519311727,0.6369
0.0815314244120533,0.637
0.07786668693399157,0.6371
0.07425528673157955,0.6372
0.07066058555478882,0.6373
0.06701665918067046,0.6374000000000001
0.0634753873806232,0.6375000000000001
0.0599328608736408,0.6376000000000001
0.05641008712884421,0.6377
0.0530362254121024,0.6378
0.04983830527174349,0.6379
0.04651643589349841,0.638
0.04333573617380826,0.6381
0.040022802522177825,0.6382
0.03692198250946821,0.6383
0.03378305728380071,0.6384000000000001
0.030793012068363712,0.6385000000000001
0.027776153828354966,0.6386000000000001
0.02496140372975808,0.6387
0.022485592895981066,0.6388
0.020399236724472525,0.6389
0.018686493225977596,0.639
0.01700242267955754,0.6391
0.01573717354168691,0.6392
0.014745802971936062,0.6393
0.014208588435123959,0.6394000000000001
0.013969497216225868,0.6395000000000001
0.014245116879485709,0.6396000000000001
0.015075354752630998,0.6397
0.01647581481996352,0.6398
0.018440585135149012,0.6399
0.020942892421466963,0.64
0.023941580220736114,0.6401
0.02738745212796201,0.6402
0.031223568551125513,0.6403
0.03539153218344904,0.6404000000000001
0.03980247093174705,0.6405000000000001
0.04436539888245261,0.6406000000000001
0.049041857767693875,0.6407
0.05381081581023328,0.6408
0.05862697503606373,0.6409
0.0634374429138278,0.641
0.06820130628618437,0.6411
0.07287675267723481,0.6412
0.0774280313880874,0.6413
0.08182366408333464,0.6414000000000001
0.086031979541631,0.6415000000000001
0.0900276245436491,0.6416000000000001
0.09378438795521538,0.6417
0.0972809796900801,0.6418
0.10049729047448619,0.6419
0.10340542054474733,0.642
0.10597679146250227,0.6421
0.10820832243383527,0.6422
0.11010585182241983,0.6423
0.1116603314163579,0.6424000000000001
0.11286434657828903,0.6425000000000001
0.11371216138090023,0.6426000000000001
0.11420040567928513,0.6427
0.11432831660404263,0.6428
0.11409484950162851,0.6429
0.11329776621155174,0.643
0.11047976676147442,0.6431
0.10745998065577433,0.6432
0.1043022054923678,0.6433
0.10103338714271992,0.6434000000000001
0.09762018803658667,0.6435000000000001
0.09407992789087238,0.6436000000000001
0.09046152728544432,0.6437
0.08679538912945695,0.6438
0.08311343558657192,0.6439
0.07944691091711409,0.644
0.07582469486816945,0.6441
0.07227361724782977,0.6442
0.06867639664050129,0.6443
0.0651086518149635,0.6444000000000001
0.06166212875000232,0.6445000000000001
0.0581259245443595,0.6446000000000001
0.05470767032679502,0.6447
0.05145615339628651,0.6448
0.048281644224003495,0.6449
0.045068279806210754,0.645
0.04188134895080253,0.6451
0.038708640660035654,0.6452
0.03570586487387728,0.6453
0.03262988081679641,0.6454000000000001
0.029743248077747753,0.6455000000000001
0.02682258177003649,0.6456000000000001
0.02420960489733548,0.6457
0.021965070588600977,0.6458
0.020132905332228557,0.6459
0.01851723303237418,0.646
0.01709060609897084,0.6461
0.01603593448311491,0.6462
0.015325766918183659,0.6463
0.01498991755680601,0.6464000000000001
0.015036045141199494,0.6465000000000001
0.015607019829122715,0.6466000000000001
0.01673132871518468,0.6467
0.01841410120513398,0.6468
0.02064003038082385,0.6469
0.023376570896024296,0.647
0.026579786060102917,0.6471
0.030198459905593555,0.6472
0.03417587551523438,0.6473
0.03842752448895581,0.6474000000000001
0.042863265611136736,0.6475000000000001
0.04744213780936546,0.6476000000000001
0.052139124513677304,0.6477
0.05690637119298825,0.6478
0.061689239548967434,0.6479
0.06644393189194675,0.648
0.07112689756390189,0.6481
0.07570031703771463,0.6482
0.08013112262868594,0.6483
0.0843863577079137,0.6484
0.08843906034031557,0.6485000000000001
0.09226177329858676,0.6486000000000001
0.09583151177363469,0.6487
0.09912679328510376,0.6488
0.10211840225534474,0.6489
0.10477671076510309,0.649
0.10709783775732085,0.6491
0.10908692517966945,0.6492
0.11073457446176738,0.6493
0.1120329437111297,0.6494
0.11297597120857616,0.6495000000000001
0.1135599416531432,0.6496000000000001
0.11378376275688162,0.6497
0.11364608973465051,0.6498
0.11315727039516177,0.6499
0.11107810975991639,0.65
0.1081055219269933,0.6501
0.10497233834240305,0.6502
0.10172101027853564,0.6503
0.09832033546655827,0.6504
0.09479634432965223,0.6505000000000001
0.09118914147861634,0.6506000000000001
0.08752623719497876,0.6507000000000001
0.0838382195266576,0.6508
0.0801561886629577,0.6509
0.07650970753749564,0.651
0.07292635743469733,0.6511
0.06929767452453961,0.6512
0.06569053053809648,0.6513
0.0621981405314167,0.6514
0.05862774109457636,0.6515000000000001
0.05515971779008244,0.6516000000000001
0.05185137528996653,0.6517000000000001
0.048635443605781425,0.6518
0.04536186546908416,0.6519
0.042138981921789,0.652
0.038902751137576574,0.6521
0.03585356265941542,0.6522
0.0327048256964424,0.6523
0.029741160982771797,0.6524
0.026737714935235468,0.6525000000000001
0.024035197685916776,0.6526000000000001
0.021694156391254715,0.6527000000000001
0.019758647024255005,0.6528
0.01803702459488221,0.6529
0.0165037758429174,0.653
0.015341575092076454,0.6531
0.014525551293282035,0.6532
0.014088689795813014,0.6533
0.014035141947994711,0.6534
0.014512127665244234,0.6535000000000001
0.015551480866476952,0.6536000000000001
0.017161423238333695,0.6537000000000001
0.019327820464987155,0.6538
0.022018034490207228,0.6539
0.025187350784001472,0.654
0.028783188189938302,0.6541
0.03274798982443583,0.6542
0.036996368894181675,0.6543
0.04143786148087236,0.6544
0.046030743708149524,0.6545000000000001
0.05074960745537238,0.6546000000000001
0.055546730805662525,0.6547000000000001
0.060367481106773924,0.6548
0.06516808922615724,0.6549
0.06990476725568107,0.655
0.0745396126778225,0.6551
0.07903923870228124,0.6552
0.08337050235126642,0.6553
0.0875061005083062,0.6554
0.09141828598082447,0.6555000000000001
0.09508374620956406,0.6556000000000001
0.09848066132706323,0.6557000000000001
0.1015795712268227,0.6558
0.104350536265572,0.6559
0.10678911598174012,0.656
0.10889977781628046,0.6561
0.11067257156656984,0.6562
0.11209903615737404,0.6563
0.11317245936764653,0.6564
0.11388844444626722,0.6565000000000001
0.11424522336652243,0.6566000000000001
0.11424045055644472,0.6567000000000001
0.11387499300159099,0.6568
0.11227630259485544,0.6569
0.10937761480289787,0.657
0.10630129104931985,0.6571
0.1030977415074954,0.6572
0.09978781181492624,0.6573
0.09630816697201383,0.6574
0.09273519213365278,0.6575000000000001
0.08909552608966642,0.6576000000000001
0.08541987694877351,0.6577000000000001
0.08173991164879846,0.6578
0.07808621475818611,0.6579
0.07448696477759464,0.658
0.07095423779070564,0.6581
0.06732473585181453,0.6582
0.06379673477068526,0.6583
0.06032333404024992,0.6584
0.05681501290313573,0.6585000000000001
0.05345392186127329,0.6586000000000001
0.05026952547482377,0.6587000000000001
0.04703557990676033,0.6588
0.04389381329960407,0.6589
0.04065115478409265,0.659
0.037562496164862846,0.6591
0.03451663468483157,0.6592
0.031536980922034274,0.6593
0.028625903341791936,0.6594
0.0258177050400219,0.6595000000000001
0.02333895782408879,0.6596000000000001
0.02124480065942036,0.6597000000000001
0.01957481402806871,0.6598
0.01795070850601599,0.6599
0.016679034896668554,0.66
0.015723002704653988,0.6601
0.015191853725923687,0.6602
0.014954052789546202,0.6603
0.015189204977720694,0.6604
0.015962648766931098,0.6605000000000001
0.017293809475851907,0.6606000000000001
0.019179846801112177,0.6607000000000001
0.021598407071581116,0.6608
0.024512030089608228,0.6609
0.027874204149889836,0.661
0.03163101872343699,0.6611
0.035725212819920804,0.6612
0.04007012596187809,0.6613
0.04457517061589167,0.6614
0.04920115123661195,0.6615
0.05392546186085112,0.6616000000000001
0.058701645890605114,0.6617000000000001
0.06347607719583859,0.6618
0.06820667339423858,0.6619
0.07285109996960082,0.662
0.07737282698031223,0.6621
0.08173994845058152,0.6622
0.08592035815256216,0.6623
0.08988825963144076,0.6624
0.09361709230534965,0.6625
0.09708509656280939,0.6626000000000001
0.10027182967512693,0.6627000000000001
0.1031490505252377,0.6628000000000001
0.1056879890548702,0.6629
0.10788560162678806,0.663
0.10974786809804815,0.6631
0.11126594000342516,0.6632
0.1124326047105958,0.6633
0.11324236860452985,0.6634
0.11369210972282018,0.6635
0.1137813094413006,0.6636000000000001
0.11350916754450047,0.6637000000000001
0.11283442318033099,0.6638000000000001
0.10999409988907549,0.6639
0.10695100947976055,0.664
0.10377206898802771,0.6641
0.1004811258855759,0.6642
0.09702413935242415,0.6643
0.09346854002001415,0.6644
0.08983807157337753,0.6645
0.08616213161606967,0.6646000000000001
0.08247214047326623,0.6647000000000001
0.07879936827566969,0.6648000000000001
0.07517272264910191,0.6649
0.07161129886239248,0.665
0.06794656777814134,0.6651
0.06437709198071917,0.6652
0.06087029590295079,0.6653
0.05731718099827332,0.6654
0.053904836293469316,0.6655
0.05066216424741432,0.6656000000000001
0.04738899484245551,0.6657000000000001
0.04418284642382497,0.6658000000000001
0.04089848995483347,0.6659
0.03774117854859149,0.666
0.03464270808648928,0.6661
0.031587141491232984,0.6662
0.028594667614317837,0.6663
0.025701407128776887,0.6664
0.023130726281710867,0.6665
0.020937868650696467,0.6666000000000001
0.01916313422344129,0.6667000000000001
0.017435425868239873,0.6668000000000001
0.01605850345244897,0.6669
0.01499878260816434,0.667
0.014364711759504045,0.6671
0.01403044950157839,0.6672
0.01416959686784991,0.6673
0.01485397143553624,0.6674
0.01610597802020397,0.6675
0.017925508897987052,0.6676000000000001
0.020290746067161747,0.6677000000000001
0.02316383843900116,0.6678000000000001
0.026497441243923614,0.6679
0.030236224807170364,0.668
0.03432226038369768,0.6681
0.03866791662942237,0.6682
0.043182418708062054,0.6683
0.047825883940070035,0.6684
0.05257547365582482,0.6685
0.05738485488496026,0.6686000000000001
0.06220035138819291,0.6687000000000001
0.06697987197346988,0.6688000000000001
0.07168074665982849,0.6689
0.07626632772258846,0.669
0.08070434266044191,0.6691
0.08496250424221374,0.6692
0.08901469074146251,0.6693
0.09283407203660066,0.6694
0.09639857420691789,0.6695
0.09968740416068789,0.6696000000000001
0.10267203311824047,0.6697000000000001
0.10532332118208754,0.6698000000000001
0.10763763069378296,0.6699
0.10962025727662861,0.67
0.11126178164209266,0.6701
0.11255438048184885,0.6702
0.11349192980658884,0.6703
0.11407066415786116,0.6704
0.114289432093727,0.6705
0.11414682941927934,0.6706000000000001
0.11365317528499641,0.6707000000000001
0.11120141204120393,0.6708000000000001
0.10822577663783317,0.6709
0.10509842067757091,0.671
0.10185426662821839,0.6711
0.0984794263815687,0.6712
0.09496112793819333,0.6713
0.09135857827051663,0.6714
0.08770102036607619,0.6715
0.08401994064069318,0.6716000000000001
0.08034664279020398,0.6717000000000001
0.07671047670492503,0.6718000000000001
0.07313876000408648,0.6719
0.06956610298732469,0.672
0.06597276790963735,0.6721
0.06249318911919155,0.6722
0.058984739300931066,0.6723
0.05553108882919111,0.6724
0.05223606747244958,0.6725
0.04909602177784311,0.6726000000000001
0.04583773263704605,0.6727000000000001
0.04268929829875523,0.6728000000000001
0.03946486706011121,0.6729
0.03646310795184626,0.673
0.033357851656878656,0.6731
0.030469222237632376,0.6732
0.02749886727147932,0.6733
0.024800733557715615,0.6734
0.02245857980328303,0.6735
0.020519491553370406,0.6736000000000001
0.018901827111655,0.6737000000000001
0.017370920168724657,0.6738000000000001
0.01624695529652631,0.6739
0.015417316896507272,0.674
0.015013142285830394,0.6741
0.014932985192209314,0.6742
0.015368276210690146,0.6743
0.016352975793726188,0.6744
0.017897412987872174,0.6745
0.019991233744757197,0.6746
0.022605501123154292,0.6747000000000001
0.02569833516985187,0.6748000000000001
0.029220442613447917,0.6749
0.03311558155978589,0.675
0.03730078400923231,0.6751
0.04168628459215573,0.6752
0.04622996559177972,0.6753
0.05090517326933508,0.6754
0.055663258908271285,0.6755
0.06044900256707897,0.6756
0.0652175372402104,0.6757000000000001
0.06992451838029545,0.6758000000000001
0.07453123496430569,0.6759000000000001
0.0790038074490228,0.676
0.08330865697443335,0.6761
0.08741803199210807,0.6762
0.09130386597152018,0.6763
0.09494238385592957,0.6764
0.09831142804607707,0.6765
0.10138117252790757,0.6766
0.1041214471155324,0.6767000000000001
0.10652781458304228,0.6768000000000001
0.10860484685625227,0.6769000000000001
0.11034277047724372,0.677
0.11173330336367548,0.6771
0.11276996531175187,0.6772
0.11344859430801435,0.6773
0.11376765624040874,0.6774
0.11372538974035895,0.6775
0.11333181701462225,0.6776
0.11182625812387315,0.6777000000000001
0.10890588402784718,0.6778000000000001
0.10580715870829971,0.6779000000000001
0.10258278499967899,0.678
0.09922507352081744,0.6781
0.09572601501941325,0.6782
0.09213812161792378,0.6783
0.08848751486288209,0.6784
0.08480419034444542,0.6785
0.08111918521568107,0.6786
0.07746269514649051,0.6787000000000001
0.07386283550482575,0.6788000000000001
0.0702707039721755,0.6789000000000001
0.06664179101588086,0.679
0.06311835642716634,0.6791
0.05958060415965827,0.6792
0.05607578020333448,0.6793
0.05272246619942611,0.6794
0.049541422858500495,0.6795
0.04622056368720773,0.6796
0.04303121004906685,0.6797000000000001
0.03973939816703309,0.6798000000000001
0.036664131663538324,0.6799000000000001
0.0335148297972947,0.68
0.0305516139895452,0.6801
0.027528440314865232,0.6802
0.024745944587944102,0.6803
0.022308991584818028,0.6804
0.02026609225175413,0.6805
0.018559173298503984,0.6806
0.016918424553600042,0.6807000000000001
0.01568518035936517,0.6808000000000001
0.014742998626960269,0.6809000000000001
0.014236709552833737,0.681
0.014049359623226065,0.6811
0.014380472659953902,0.6812
0.015268000192387943,0.6813
0.016725380803096712,0.6814
0.01874459023806363,0.6815
0.02129728744109527,0.6816
0.024341362568794933,0.6817000000000001
0.027826886261428374,0.6818000000000001
0.031696691922945996,0.6819000000000001
0.03589210539263221,0.682
0.04032410408717091,0.6821
0.04490161109541968,0.6822
0.049586754033186464,0.6823
0.05435911762043344,0.6824
0.059173700254601114,0.6825
0.06397788477266897,0.6826
0.06873110416701822,0.6827000000000001
0.07339186200978909,0.6828000000000001
0.07792472720158838,0.6829000000000001
0.08229851622305107,0.683
0.0864818289009256,0.6831
0.09044958467294295,0.6832
0.09417583816665409,0.6833
0.0976395636827424,0.6834
0.10082090559151169,0.6835
0.10369217475889847,0.6836
0.10622498698489125,0.6837000000000001
0.10841649946934884,0.6838000000000001
0.11027278255714479,0.6839000000000001
0.11178499080702242,0.684
0.1129459151833766,0.6841
0.11375004676063472,0.6842
0.11419423707422593,0.6843
0.11427795281698638,0.6844
0.1140003630901143,0.6845
0.11295180366111757,0.6846
0.11010898578015538,0.6847000000000001
0.10707203764655426,0.6848000000000001
0.10390044001750032,0.6849000000000001
0.10061949668226744,0.685
0.09718470297723625,0.6851
0.09363373735187686,0.6852
0.09000801413253512,0.6853
0.08633811834000327,0.6854
0.08265595982247687,0.6855
0.07899262248717598,0.6856
0.07537679403597908,0.6857000000000001
0.07183510145674932,0.6858000000000001
0.06821843713803288,0.6859000000000001
0.06466218414812341,0.686
0.06121419273694029,0.6861
0.05767350568025176,0.6862
0.05427242972048707,0.6863
0.05104158660250002,0.6864
0.047841170215320084,0.6865
0.04464877161879621,0.6866
0.04143481423219808,0.6867000000000001
0.03828690778195454,0.6868000000000001
0.035261451982668834,0.6869000000000001
0.03221533135970134,0.687
0.029313946852254746,0.6871
0.026429304875781545,0.6872
0.023860018219855172,0.6873
0.021664788723441797,0.6874
0.019885998880417644,0.6875
0.018261030099210762,0.6876
0.016884950014610434,0.6877
0.015859397967251887,0.6878000000000001
0.015208670145514747,0.6879000000000001
0.014902203393290847,0.6880000000000001
0.015012196058664884,0.6881
0.015652752071110276,0.6882
0.016849223936015623,0.6883
0.018603964538069784,0.6884
0.020899007516391066,0.6885
0.023699880614638014,0.6886
0.02696155669280187,0.6887
0.030631665691171373,0.6888000000000001
0.034653194770458695,0.6889000000000001
0.03894070870209987,0.6890000000000001
0.04340385505235167,0.6891
0.048002281397438784,0.6892
0.05271188743790378,0.6893
0.057485348879727116,0.6894
0.062268421258199536,0.6895
0.06701795366150975,0.6896
0.07169084365366163,0.6897
0.0762497486786925,0.6898000000000001
0.08066201797590822,0.6899000000000001
0.08489500236169845,0.6900000000000001
0.08892215988521945,0.6901
0.09271635820451496,0.6902
0.09625505727955408,0.6903
0.09951715013444173,0.6904
0.10247377081764475,0.6905
0.10509559337024388,0.6906
0.10737901205336176,0.6907
0.10932943981961962,0.6908000000000001
0.11093764307216214,0.6909000000000001
0.11219597292905537,0.6910000000000001
0.11309853396834968,0.6911
0.11364178634398225,0.6912
0.11382480438423315,0.6913
0.11364639956226863,0.6914
0.11311703733620437,0.6915
0.1107653608262884,0.6916
0.10777028302715974,0.6917
0.1046229627287687,0.6918000000000001
0.10136086559395352,0.6919000000000001
0.09794357250510521,0.6920000000000001
0.09440977911386472,0.6921
0.09079518110698725,0.6922
0.08712800751136707,0.6923
0.08343917782104304,0.6924
0.07975988618610086,0.6925
0.0761194878409358,0.6926
0.07254535535661011,0.6927
0.06890805661676336,0.6928000000000001
0.06531269930768302,0.6929000000000001
0.061835448558899,0.6930000000000001
0.058256145940278614,0.6931
0.05480465897916731,0.6932
0.05151648769264683,0.6933
0.04829040105723226,0.6934
0.04503800289123405,0.6935
0.04180362414226124,0.6936
0.03859166085297283,0.6937
0.035534620737241784,0.6938000000000001
0.03241403283508326,0.6939000000000001
0.029448242478544717,0.6940000000000001
0.026477689366292134,0.6941
0.02381390246254389,0.6942
0.0215162332372123,0.6943
0.01962786354539081,0.6944
0.01791215698199844,0.6945
0.016425561020894097,0.6946
0.015296522333462459,0.6947
0.014533565255074432,0.6948000000000001
0.014129381684276465,0.6949000000000001
0.014131282138971413,0.6950000000000001
0.014667210527539387,0.6951
0.015766460496303925,0.6952
0.01743496441486614,0.6953
0.019656497738897993,0.6954
0.022397034730428755,0.6955
0.025611185058891595,0.6956
0.02924572210200882,0.6957
0.033243045640938496,0.6958000000000001
0.037517229581799816,0.6959000000000001
0.04197774533121068,0.6960000000000001
0.04658339102850251,0.6961
0.05130944419093697,0.6962
0.05610851091553459,0.6963
0.06092617373273734,0.6964
0.06571908206612842,0.6965
0.07044373161929907,0.6966
0.07506255015955521,0.6967
0.07954245252545522,0.6968000000000001
0.08385053341941051,0.6969000000000001
0.08795981448590995,0.6970000000000001
0.0918428032366565,0.6971
0.09547652379769478,0.6972
0.0988394373341599,0.6973
0.10190233345610955,0.6974
0.10463549065382749,0.6975
0.10703470953811811,0.6976
0.10910471161875657,0.6977
0.1108357152510776,0.6978000000000001
0.11221945900197805,0.6979000000000001
0.11324942215595812,0.6980000000000001
0.11392141336788109,0.6981
0.11423386875829689,0.6982
0.11418499412482175,0.6983
0.11378480298754456,0.6984
0.11192120858864951,0.6985
0.10899702799368716,0.6986
0.10590304517912619,0.6987
0.10268481551020059,0.6988000000000001
0.09935068959401594,0.6989000000000001
0.09585636913088791,0.6990000000000001
0.09227229202970355,0.6991
0.08862619941740602,0.6992
0.08494889481120671,0.6993
0.08127148672578433,0.6994
0.07762377388584751,0.6995
0.07403351872527009,0.6996
0.07048882338668527,0.6997
0.06687148339086113,0.6998000000000001
0.06336014335735884,0.6999000000000001
0.05988161543077686,0.7000000000000001
0.05639323886141767,0.7001000000000001
0.05305507667377385,0.7002
0.04989552237911643,0.7003
0.046648201559073676,0.7004
0.04352856411313,0.7005
0.04026435967816089,0.7006
0.03719947660186129,0.7007
0.034128858048271704,0.7008
0.031173271172243222,0.7009000000000001
0.028222823066024638,0.7010000000000001
0.025444124416729386,0.7011000000000001
0.02300446175425197,0.7012
0.0209560764608554,0.7013
0.019326637289177384,0.7014
0.017688375773803777,0.7015
0.016466871278981277,0.7016
0.01554003653454683,0.7017
0.015065238402108383,0.7018
0.014858037014884529,0.7019000000000001
0.015156063037012002,0.7020000000000001
0.01599808689869553,0.7021000000000001
0.017400091518984917,0.7022
0.01935674626217243,0.7023
0.02184307899998461,0.7024
0.02481975009870241,0.7025
0.02823935894999252,0.7026
0.0320465540926993,0.7027
0.036184001999405524,0.7028
0.040563869698240884,0.7029000000000001
0.045095568094249305,0.7030000000000001
0.04974044490725382,0.7031000000000001
0.054476856943555196,0.7032
0.059259017533868086,0.7033
0.06403363056286882,0.7034
0.06875939944105103,0.7035
0.07339429581867007,0.7036
0.07790238268503402,0.7037
0.0822520818342869,0.7038
0.0864116509360855,0.7039000000000001
0.09035564075549996,0.7040000000000001
0.09405775793592275,0.7041000000000001
0.09749659545496081,0.7042
0.10065197682488058,0.7043
0.10349594641965032,0.7044
0.1059999730354706,0.7045
0.10816127088400995,0.7046
0.10998608369973306,0.7047
0.11146576573894407,0.7048
0.11259333271766714,0.7049000000000001
0.11336349682473768,0.7050000000000001
0.11377332634804771,0.7051000000000001
0.11382247902769382,0.7052
0.11351029481340436,0.7053
0.11253415094404007,0.7054
0.10967155035409537,0.7055
0.10661487499376476,0.7056
0.10342560250188637,0.7057
0.10012271076851509,0.7058
0.09665570992341532,0.7059000000000001
0.09309206438705009,0.7060000000000001
0.08945647326321815,0.7061000000000001
0.08577882803114034,0.7062
0.08209070926063555,0.7063
0.07842319814121623,0.7064
0.07480496940679904,0.7065
0.07123850168141321,0.7066
0.06758455742725056,0.7067
0.06402888055109102,0.7068
0.06051564037030055,0.7069000000000001
0.05697718754302339,0.7070000000000001
0.05358263662576879,0.7071000000000001
0.05036025504733366,0.7072
0.04707497054234877,0.7073
0.043889221693556024,0.7074
0.040590427028843745,0.7075
0.03745634685995847,0.7076
0.03434705751264544,0.7077
0.031318706991456,0.7078
0.028322258400186096,0.7079000000000001
0.0254617040656111,0.7080000000000001
0.02293013852986392,0.7081000000000001
0.02078125092645089,0.7082
0.019054013900700495,0.7083
0.017330474919090566,0.7084
0.015998985623847828,0.7085
0.014970378255063865,0.7086
0.014387576190619367,0.7087
0.014083595490746559,0.7088
0.014276030370797388,0.7089000000000001
0.01501677679589819,0.7090000000000001
0.016325525130296947,0.7091000000000001
0.018199943659507056,0.7092
0.02061636604341821,0.7093
0.023535798837029942,0.7094
0.026910412410051654,0.7095
0.030684289133755982,0.7096
0.03479949133228799,0.7097
0.039167875710170996,0.7098
0.04369863654757444,0.7099000000000001
0.04835237054400432,0.7100000000000001
0.05310689042046923,0.7101000000000001
0.057916232792554645,0.7102
0.06272698700423196,0.7103
0.06749751153887329,0.7104
0.0721854401513149,0.7105
0.07675445214234244,0.7106
0.08117255584565097,0.7107
0.08540766522527243,0.7108
0.08943393616023165,0.7109000000000001
0.0932247462187995,0.7110000000000001
0.09675831817001834,0.7111000000000001
0.10001411325936771,0.7112
0.10296384644681933,0.7113
0.10557860431403931,0.7114
0.1078549963993044,0.7115
0.10979858092297101,0.7116
0.11140012197671723,0.7117
0.11265200496318428,0.7118
0.113548294535329,0.7119000000000001
0.11408541645427017,0.7120000000000001
0.11426239723782294,0.7121000000000001
0.11407799464533841,0.7122
0.11354264545443415,0.7123
0.11085023034890962,0.7124
0.10785132422557253,0.7125
0.10470841500310857,0.7126
0.10145207957024949,0.7127
0.09805696055940993,0.7128
0.09452762661660641,0.7129000000000001
0.09091668954464172,0.7130000000000001
0.08725395563338223,0.7131000000000001
0.08357115874637777,0.7132000000000001
0.07989967531759612,0.7133
0.07626865805625416,0.7134
0.07270522854873429,0.7135
0.06911641702796179,0.7136
0.06553370820964532,0.7137
0.06206836787514769,0.7138
0.05854236254080036,0.7139
0.055104030022416595,0.7140000000000001
0.05182820878522976,0.7141000000000001
0.04866661364755287,0.7142000000000001
0.04542808304789814,0.7143
0.04225622452204103,0.7144
0.039054874605806145,0.7145
0.03606245796520291,0.7146
0.03295297943483666,0.7147
0.0300683022964936,0.7148
0.027107738165610185,0.7149
0.024447681196718474,0.7150000000000001
0.022150385340999446,0.7151000000000001
0.020261021275405966,0.7152000000000001
0.01863510770352783,0.7153
0.017152133461603825,0.7154
0.01605623745185869,0.7155
0.01528298384784943,0.7156
0.014906644931592217,0.7157
0.014887353547337945,0.7158
0.01538942749959804,0.7159
0.016444203624768283,0.7160000000000001
0.01805935418737703,0.7161000000000001
0.02022185323588177,0.7162000000000001
0.022900699545621794,0.7163
0.026052723971345282,0.7164
0.029627445843277922,0.7165
0.03356823351566729,0.7166
0.03779118676903681,0.7167
0.042206258992242285,0.7168
0.04677190252133623,0.7169
0.05146232891396818,0.7170000000000001
0.05622929415625366,0.7171000000000001
0.06101788469671365,0.7172000000000001
0.06578380185556187,0.7173
0.07048313959081853,0.7174
0.0750776867377807,0.7175
0.07953402021482259,0.7176
0.08381891253297935,0.7177
0.0879050371349166,0.7178
0.09176464968444431,0.7179
0.09537438290632061,0.7180000000000001
0.09871242346361697,0.7181000000000001
0.10174925228386933,0.7182000000000001
0.1044549626844854,0.7183
0.10682536320238678,0.7184
0.10886526819831688,0.7185
0.11056504726790772,0.7186
0.1119165950141473,0.7187
0.11291359905775544,0.7188
0.1135520841014166,0.7189
0.11383070427429509,0.7190000000000001
0.11374787734405611,0.7191000000000001
0.11331376634817325,0.7192000000000001
0.1115219157357139,0.7193
0.10857862137864127,0.7194
0.10546551502778712,0.7195
0.1022301192762628,0.7196
0.098857365897973,0.7197
0.09534802489083771,0.7198
0.09175208008415559,0.7199
0.08809644220292934,0.7200000000000001
0.08441144766066222,0.7201000000000001
0.08072811935823287,0.7202000000000001
0.07707625847767585,0.7203
0.07348367501247433,0.7204
0.0698812057118472,0.7205
0.06626212805378329,0.7206
0.06275309447414246,0.7207
0.05921162081147191,0.7208
0.05572562159378314,0.7209
0.05239414204609827,0.7210000000000001
0.04921260326376653,0.7211000000000001
0.04591499849616709,0.7212000000000001
0.042727687392163594,0.7213
0.039461495636568866,0.7214
0.036414769043397355,0.7215
0.03326294817471598,0.7216
0.030326664739808606,0.7217
0.02729895718204345,0.7218
0.02454718048543314,0.7219
0.022147647159863837,0.7220000000000001
0.02014695767844965,0.7221000000000001
0.018445462251040823,0.7222000000000001
0.01684760985917344,0.7223
0.01564655809060822,0.7224
0.014753172461402508,0.7225
0.014277828847064411,0.7226
0.014140850182990716,0.7227
0.014525477487408622,0.7228
0.015467521815518248,0.7229
0.01697868107477918,0.7230000000000001
0.019048872456786325,0.7231000000000001
0.02164849068764907,0.7232000000000001
0.02473455922482848,0.7233
0.028256477699598603,0.7234
0.03215701258247505,0.7235
0.03637721886791234,0.7236
0.04082809301643664,0.7237
0.045418390614409,0.7238
0.05011078923700896,0.7239
0.054885326005550406,0.7240000000000001
0.059697222130893346,0.7241000000000001
0.06449410222835661,0.7242000000000001
0.06923575242835756,0.7243
0.0738810683331439,0.7244
0.07839500114303266,0.7245
0.08274674237106949,0.7246
0.0869052042783306,0.7247
0.09084559713842355,0.7248
0.09454222735846851,0.7249
0.09797429250907896,0.7250000000000001
0.10112213713589435,0.7251000000000001
0.10395822833844992,0.7252000000000001
0.10645432729191795,0.7253000000000001
0.10860778900459678,0.7254
0.11042488177019494,0.7255
0.11189695448205184,0.7256
0.11301699663672926,0.7257
0.11377972783640788,0.7258
0.11418221701629971,0.7259
0.11422415200540725,0.7260000000000001
0.11390490089743632,0.7261000000000001
0.11261135482902807,0.7262000000000001
0.10974445070237593,0.7263000000000001
0.10669108221307122,0.7264
0.10350647045856498,0.7265
0.10021426880403617,0.7266
0.09675908611388095,0.7267
0.09319862656366806,0.7268
0.08956671306020847,0.7269
0.085894092358347,0.727
0.08221266451229159,0.7271000000000001
0.07855336985373529,0.7272000000000001
0.07494472389241802,0.7273000000000001
0.07141316703090628,0.7274
0.06778011324717426,0.7275
0.06423613765816027,0.7276
0.06077152178707945,0.7277
0.057245096578678156,0.7278
0.05386153482120126,0.7279
0.0506508208219012,0.728
0.04742710433126307,0.7281000000000001
0.04425697884121038,0.7282000000000001
0.04102426968027695,0.7283000000000001
0.03790295552153822,0.7284
0.03486188292721892,0.7285
0.031845118445303244,0.7286
0.0289314953752442,0.7287
0.026080753117814215,0.7288
0.023552659652497532,0.7289
0.021403965384666046,0.729
0.01967557709643808,0.7291000000000001
0.01804089405416942,0.7292000000000001
0.016712546380898585,0.7293000000000001
0.015714829132563057,0.7294
0.015120334874356933,0.7295
0.014842080970559612,0.7296
0.015012076983428768,0.7297
0.015717555185679633,0.7298
0.016981020975400662,0.7299
0.018802141482934465,0.73
0.02116059532178327,0.7301000000000001
0.024020173210858697,0.7302000000000001
0.027334865804645503,0.7303000000000001
0.03105134357602557,0.7304
0.03511230993788561,0.7305
0.039431616741185005,0.7306
0.04391869792333969,0.7307
0.04853381459211992,0.7308
0.053253653994606465,0.7309
0.058031393019942756,0.731
0.06281315192694314,0.7311000000000001
0.06755639056102625,0.7312000000000001
0.07221845454209685,0.7313000000000001
0.07676245370159451,0.7314
0.08115614622126599,0.7315
0.08536716026788571,0.7316
0.08936933715136608,0.7317
0.09313582315400315,0.7318
0.09664447336748194,0.7319
0.09987451055466945,0.732
0.10279738866509014,0.7321000000000001
0.10538406041363724,0.7322000000000001
0.10763118473824007,0.7323000000000001
0.10954443177693263,0.7324
0.11111473770199654,0.7325
0.11233464214659872,0.7326
0.11319841543985243,0.7327
0.11370268510756132,0.7328
0.11384668321012226,0.7329
0.11362936852440386,0.733
0.11306131256076102,0.7331000000000001
0.11045356697556785,0.7332000000000001
0.10743773027002068,0.7333000000000001
0.10427765353657681,0.7334
0.10100607323803723,0.7335
0.09757221784646952,0.7336
0.0940299933489469,0.7337
0.09040937759751255,0.7338
0.08673923050142418,0.7339
0.08305075279683827,0.734
0.07937521649723689,0.7341000000000001
0.07574176903812846,0.7342000000000001
0.07217757942651748,0.7343000000000001
0.06853136359540757,0.7344
0.06494839811277908,0.7345
0.061468301457853536,0.7346
0.05789871444047434,0.7347
0.054464999692491745,0.7348
0.05119738163601273,0.7349
0.04796015545138688,0.735
0.044728876648833404,0.7351000000000001
0.041482001691444115,0.7352000000000001
0.03829425914164086,0.7353000000000001
0.03522830896101525,0.7354
0.032135791448197226,0.7355
0.02916680942914951,0.7356
0.026228990940472707,0.7357
0.02360371017840701,0.7358
0.02134899187731998,0.7359
0.019507055749927504,0.736
0.017795904505947036,0.7361000000000001
0.016354956948981814,0.7362000000000001
0.015258072536055378,0.7363000000000001
0.014546998312176651,0.7364
0.014174414718785222,0.7365
0.014230305151090583,0.7366
0.014823433427450627,0.7367
0.0159805328246434,0.7368
0.01770530755133848,0.7369
0.019979558102163786,0.737
0.022767981744554966,0.7371000000000001
0.026024597840293984,0.7372000000000001
0.029695572482894006,0.7373000000000001
0.033723279570070375,0.7374
0.0380212758144034,0.7375
0.042498989102628615,0.7376
0.04711572807669895,0.7377
0.05184744896127369,0.7378
0.056647112537211664,0.7379
0.06146054315763516,0.738
0.06624482047484648,0.7381000000000001
0.07095673005150116,0.7382000000000001
0.07555902843722895,0.7383000000000001
0.08001892760848228,0.7384000000000001
0.0843037553278152,0.7385
0.08838685041739491,0.7386
0.09224096889524802,0.7387
0.09584346388998621,0.7388
0.09917307090721161,0.7389
0.10220082693123544,0.739
0.10489722726157547,0.7391000000000001
0.10725830358483479,0.7392000000000001
0.10928901992541895,0.7393000000000001
0.11097975875774402,0.7394000000000001
0.11232245296220855,0.7395
0.11331076619217284,0.7396
0.1139407032822024,0.7397
0.11421089294179088,0.7398
0.11411972287911809,0.7399
0.11367734823606401,0.74
0.11157847226854711,0.7401
0.1086310647999249,0.7402000000000001
0.1055213115080752,0.7403000000000001
0.10229060425141001,0.7404000000000001
0.09893555687024513,0.7405
0.09542981299483078,0.7406
0.09183692945324795,0.7407
0.08818517537407422,0.7408
0.08450558523461482,0.7409
0.08082933906588308,0.741
0.07718605108702159,0.7411
0.07360330541542304,0.7412000000000001
0.07004093611785889,0.7413000000000001
0.06643342838215982,0.7414000000000001
0.06293555361274206,0.7415
0.05943797892390057,0.7416
0.055964294986977414,0.7417
0.052644753088311624,0.7418
0.04950659270667401,0.7419
0.04623320815434351,0.742
0.04309928497407678,0.7421
0.0398452918228942,0.7422000000000001
0.03680827067877668,0.7423000000000001
0.033714859057193625,0.7424000000000001
0.03078926819309169,0.7425
0.027822813176461736,0.7426
0.02508040402631151,0.7427
0.022685296232259233,0.7428
0.02068711200898221,0.7429
0.019055447798154823,0.743
0.017465891751925033,0.7431
0.016297763509712127,0.7432000000000001
0.015403098515934577,0.7433000000000001
0.014956864893686195,0.7434000000000001
0.014809232950900197,0.7435
0.015173016171900366,0.7436
0.01608467071139552,0.7437
0.01755721564415702,0.7438
0.01958278432052718,0.7439
0.022134264990323338,0.744
0.025170834905283268,0.7441
0.028644028430604207,0.7442000000000001
0.032497826173075506,0.7443000000000001
0.03667444250027607,0.7444000000000001
0.04108556963515042,0.7445
0.04564043450407218,0.7446
0.050301101016076766,0.7447
0.05504676747538051,0.7448
0.059832131420610835,0.7449
0.06460430309550946,0.745
0.06932253594197968,0.7451
0.07394526203872442,0.7452000000000001
0.07843701792415214,0.7453000000000001
0.0827666568543809,0.7454000000000001
0.08690279592350092,0.7455
0.0908203658672988,0.7456
0.09449339623604636,0.7457
0.09790037378561844,0.7458
0.10101132172529392,0.7459
0.10379505202125694,0.746
0.10624774223761624,0.7461
0.10837262661393599,0.7462000000000001
0.1101602638121868,0.7463000000000001
0.1116017349509889,0.7464000000000001
0.11269020665089169,0.7465
0.11342154886265177,0.7466
0.11379359784010867,0.7467
0.11380450952478494,0.7468
0.1134548009473556,0.7469
0.11225770180144634,0.747
0.10937100514995923,0.7471
0.1062968263309767,0.7472000000000001
0.10309291628585959,0.7473000000000001
0.09976695194594243,0.7474000000000001
0.09628614614086861,0.7475
0.09271152658141679,0.7476
0.08906838098266312,0.7477
0.08538689019599754,0.7478
0.08169873802969785,0.7479
0.07803481409549973,0.748
0.07442353256249079,0.7481
0.07084451277981785,0.7482000000000001
0.06720043228229755,0.7483000000000001
0.06365772991794283,0.7484000000000001
0.06013246444711562,0.7485
0.05660812875159915,0.7486
0.053231288958038414,0.7487
0.05002964569314372,0.7488
0.04673010901492036,0.7489
0.04356674505984115,0.749
0.04025448222352068,0.7491
0.03714691015980742,0.7492000000000001
0.034029294928922704,0.7493000000000001
0.03103183599030146,0.7494000000000001
0.028034282393649468,0.7495
0.025209718103609058,0.7496
0.022720269662863668,0.7497
0.020617957141706666,0.7498
0.018921786708136823,0.7499
0.017223580477941258,0.75
0.015941561540725013,0.7501
0.01494656883544132,0.7502000000000001
0.014407101551388468,0.7503000000000001
0.014146041374681229,0.7504000000000001
0.014395001636921423,0.7505000000000001
0.015194794187386451,0.7506
0.016562446194308134,0.7507
0.018493416883107905,0.7508
0.020962288213094205,0.7509
0.023928971522363396,0.751
0.027345105143994575,0.7511
0.03115432583097344,0.7512000000000001
0.0352986297536837,0.7513000000000001
0.03968951853091207,0.7514000000000001
0.04423616344513692,0.7515000000000001
0.04889971233224122,0.7516
0.05365863439277763,0.7517
0.0584673279687109,0.7518
0.06327265232484436,0.7519
0.06803337640975149,0.752
0.07270743525682011,0.7521
0.07725882440774634,0.7522000000000001
0.08165584320559838,0.7523000000000001
0.08586663920286564,0.7524000000000001
0.08986566455928424,0.7525000000000001
0.09362654404043247,0.7526
0.09712780708799729,0.7527
0.10034918876036891,0.7528
0.10326265346225394,0.7529
0.1058395180417403,0.753
0.10807663756136865,0.7531
0.1099798153986471,0.7532
0.11153999089091604,0.7533000000000001
0.11274973938378319,0.7534000000000001
0.1136033097996928,0.7535000000000001
0.11409731560905301,0.7536
0.11423097032819785,0.7537
0.11400320774425365,0.7538
0.11330740956223162,0.7539
0.11049273992828745,0.754
0.10747373740618493,0.7541
0.1043161202611057,0.7542
0.10104758128663394,0.7543000000000001
0.09763160631757928,0.7544000000000001
0.09409151360255175,0.7545000000000001
0.09047289406599801,0.7546
0.08680589819085449,0.7547
0.08312234804892193,0.7548
0.07945354254180437,0.7549
0.07582841900079362,0.755
0.07227388243351851,0.7551
0.06866699849716151,0.7552
0.0650951613911166,0.7553000000000001
0.061644356543856915,0.7554000000000001
0.05809768075113109,0.7555000000000001
0.05467476257623538,0.7556
0.05141839752821564,0.7557
0.04823131155743621,0.7558
0.045012745201770565,0.7559
0.04181375017870881,0.756
0.038636088725745754,0.7561
0.03562037723868294,0.7562
0.03253965892916999,0.7563000000000001
0.02963946954534058,0.7564000000000001
0.026713774086420505,0.7565000000000001
0.024096088375509694,0.7566
0.021846751025180966,0.7567
0.02000957157143657,0.7568
0.018375284606082287,0.7569
0.016942637136515337,0.757
0.015876971249368044,0.7571
0.01516316889021918,0.7572
0.014817780773531908,0.7573000000000001
0.014862507479320941,0.7574000000000001
0.01543435849914876,0.7575000000000001
0.016561698360824773,0.7576
0.018249462467455846,0.7577
0.020481923205294406,0.7578
0.023226065024680276,0.7579
0.026437549200035715,0.758
0.030064726028335542,0.7581
0.03405065453962153,0.7582
0.038310530863711945,0.7583000000000001
0.04275409540666053,0.7584000000000001
0.047340412451894576,0.7585000000000001
0.05204459097871994,0.7586
0.05681888140423452,0.7587
0.061608727046277734,0.7588
0.06637044091344402,0.7589
0.0710605401984774,0.759
0.07564127068300486,0.7591
0.08007961385125006,0.7592
0.08434264443999351,0.7593000000000001
0.08840345341430622,0.7594000000000001
0.09223462378535008,0.7595000000000001
0.09581323255873664,0.7596
0.09911784156154724,0.7597
0.10211927538514898,0.7598
0.10478792200210862,0.7599
0.10711986370081183,0.76
0.10912018646465427,0.7601
0.11077942676320818,0.7602
0.1120896765073236,0.7603000000000001
0.1130447996809959,0.7604000000000001
0.11364101013566719,0.7605000000000001
0.11387714705675289,0.7606
0.11375180511954242,0.7607
0.11327528862994429,0.7608
0.1112062104015491,0.7609
0.10823998607670482,0.761
0.10511234651846413,0.7611
0.10186578877518226,0.7612
0.0984757150188007,0.7613000000000001
0.09495599514955622,0.7614000000000001
0.09135209419527379,0.7615000000000001
0.08769164467099,0.7616
0.08400531114648269,0.7617
0.0803242054859652,0.7618
0.07667791512636746,0.7619
0.07309403731990716,0.762
0.06948050669362904,0.7621
0.06587255046521046,0.7622
0.06237805562109522,0.7623000000000001
0.058824472350530455,0.7624000000000001
0.05535428326043346,0.7625000000000001
0.052042357426990815,0.7626000000000001
0.04884676492474482,0.7627
0.04556969341698358,0.7628
0.04236697018058044,0.7629
0.03912467957322363,0.763
0.036095056070025056,0.7631
0.03294164974634506,0.7632
0.030012775555698923,0.7633000000000001
0.027003353934831997,0.7634000000000001
0.02429021951065158,0.7635000000000001
0.021935168811547445,0.7636000000000001
0.01998345833765547,0.7637
0.01828854202947716,0.7638
0.01673910929967959,0.7639
0.015572877080237246,0.764
0.01473437595089755,0.7641
0.014293043201015099,0.7642
0.014213689655280914,0.7643000000000001
0.014659910977200097,0.7644000000000001
0.015665130226732105,0.7645000000000001
0.017238643282297517,0.7646000000000001
0.019368093547629694,0.7647
0.022022260928310722,0.7648
0.02515727559825809,0.7649
0.028721788246024227,0.765
0.032658418749910156,0.7651
0.03688276672228663,0.7652
0.04130443262192096,0.7653000000000001
0.04588143491643093,0.7654000000000001
0.0505877494476048,0.7655000000000001
0.055375204764955166,0.7656000000000001
0.060189000081348976,0.7657
0.0649848473079101,0.7658
0.06971882931137163,0.7659
0.07435265213323838,0.766
0.07885276477762848,0.7661
0.0831857974152097,0.7662
0.08732425917396391,0.7663000000000001
0.09124026690416753,0.7664000000000001
0.09491031453118115,0.7665000000000001
0.09831245801933786,0.7666000000000001
0.1014170807810415,0.7667
0.10419413917978315,0.7668
0.10663910109816277,0.7669
0.10875636186650894,0.767
0.11053592856467909,0.7671
0.11196929292174529,0.7672
0.11304971234787109,0.7673
0.11377277088809135,0.7674000000000001
0.11413668389221465,0.7675000000000001
0.11413910493573798,0.7676000000000001
0.11378087928375469,0.7677
0.11229711708210977,0.7678
0.10940216519146662,0.7679
0.10632669240045134,0.768
0.10312333936562368,0.7681
0.09980982452187681,0.7682
0.09633083028930145,0.7683
0.09275848779793583,0.7684000000000001
0.08911894436443957,0.7685000000000001
0.08544265617650892,0.7686000000000001
0.08176123155203818,0.7687
0.07810532855478103,0.7688
0.07450321473174282,0.7689
0.07096187779915297,0.769
0.06732896324973969,0.7691
0.06379728641191174,0.7692
0.06031497063894309,0.7693
0.056802637809520995,0.7694000000000001
0.05343721371233734,0.7695000000000001
0.050247952033555476,0.7696000000000001
0.04700324806804934,0.7697
0.04385625059993736,0.7698
0.04060341681312929,0.7699
0.03750962992041429,0.77
0.034452320385108814,0.7701
0.03146748059228588,0.7702
0.02854375314739932,0.7703
0.02572980067880959,0.7704000000000001
0.023245362105891454,0.7705000000000001
0.021145179413549764,0.7706000000000001
0.019468744664648874,0.7707
0.01782660086890231,0.7708
0.016547527854701816,0.7709
0.015580231622125185,0.771
0.015043861508735379,0.7711
0.014796381108032275,0.7712
0.015028300776242842,0.7713
0.015800499667103285,0.7714000000000001
0.017132295805383446,0.7715000000000001
0.01902068369192267,0.7716000000000001
0.021442967772925536,0.7717
0.024361315336031142,0.7718
0.027728907685995674,0.7719
0.031491489369915415,0.772
0.03559163603871407,0.7721
0.039942467996301856,0.7722
0.044453329367553085,0.7723
0.049085051337488306,0.7724000000000001
0.05381513172872676,0.7725000000000001
0.05859721221547032,0.7726000000000001
0.0633777409946713,0.7727
0.06811472684661879,0.7728
0.07276588607694667,0.7729
0.07729473308171442,0.773
0.08166939070373269,0.7731
0.08585776612527551,0.7732
0.08983409476626902,0.7733
0.09357183807542435,0.7734000000000001
0.09704927753186321,0.7735000000000001
0.10024599628906072,0.7736000000000001
0.1031337778090019,0.7737
0.10568385508425049,0.7738
0.10789313715985305,0.7739
0.10976753973200881,0.774
0.11129814704869112,0.7741
0.11247767819213716,0.7742
0.11330056358488116,0.7743
0.1137636077849844,0.7744000000000001
0.11386621978358369,0.7745000000000001
0.11360753435105031,0.7746000000000001
0.11296200486297048,0.7747
0.11012969245684723,0.7748
0.10709336190253416,0.7749
0.10392028281886523,0.775
0.10063879384401397,0.7751
0.0971878507117383,0.7752
0.09363665982505942,0.7753
0.09000964908830922,0.7754000000000001
0.08633625366667286,0.7755000000000001
0.08264790526558896,0.7756000000000001
0.07897590202380489,0.7757000000000001
0.07534917413608644,0.7758
0.0717946838579614,0.7759
0.06813631150126231,0.776
0.06456527532606293,0.7761
0.06107356329510949,0.7762
0.057518394241837134,0.7763
0.05410259938855155,0.7764000000000001
0.05085566217010995,0.7765000000000001
0.04760265487091142,0.7766000000000001
0.044392592101953676,0.7767000000000001
0.041128876321176566,0.7768
0.03796593365620726,0.7769
0.03488757643904816,0.777
0.03182423478985741,0.7771
0.028849736427570827,0.7772
0.025946355614043126,0.7773
0.023361935935422906,0.7774000000000001
0.02115297509183356,0.7775000000000001
0.01936056174440104,0.7776000000000001
0.01765272875278079,0.7777000000000001
0.01626024810823523,0.7778
0.015197450763259512,0.7779
0.014541834450145563,0.778
0.014203036346583486,0.7781
0.014316874879027885,0.7782
0.014971521581304659,0.7783
0.016190942009580933,0.7784000000000001
0.0179764541519023,0.7785000000000001
0.020307757387118208,0.7786000000000001
0.023148176681655253,0.7787000000000001
0.026451090841356217,0.7788
0.030161975790645057,0.7789
0.03422314709598617,0.779
0.0385475798128474,0.7791
0.04304463824425575,0.7792
0.04767415304832512,0.7793
0.05241279200978499,0.7794000000000001
0.05721390675158289,0.7795000000000001
0.062023593908357766,0.7796000000000001
0.06679940445764554,0.7797000000000001
0.07149844293881236,0.7798
0.07608382265654323,0.7799
0.0805230774547816,0.78
0.08478378637826633,0.7801
0.08883963016997865,0.7802
0.09266363372510988,0.7803
0.09623350714957313,0.7804
0.09952828570661643,0.7805000000000001
0.10251927878129441,0.7806000000000001
0.10517722169824151,0.7807000000000001
0.10749839942580053,0.7808
0.10948804143839697,0.7809
0.11113671148081727,0.781
0.11243655471688652,0.7811
0.11338143371801146,0.7812
0.11396756262529795,0.7813
0.11419377314730905,0.7814
0.11405864323002146,0.7815000000000001
0.11357247632878498,0.7816000000000001
0.11123326170075376,0.7817000000000001
0.10826207974431123,0.7818
0.1051361773512729,0.7819
0.10189265956340565,0.782
0.09851580324492648,0.7821
0.09499825646651727,0.7822
0.09139624389210765,0.7823
0.08773857279239239,0.7824
0.08405651158373773,0.7825000000000001
0.08038131308900365,0.7826000000000001
0.07674240047569858,0.7827000000000001
0.07316717479377999,0.7828
0.06958614451298395,0.7829
0.06598852449575299,0.783
0.06250428678323627,0.7831
0.05898665044335738,0.7832
0.05552793705831549,0.7833
0.05222746002336898,0.7834
0.0490765850133128,0.7835000000000001
0.04581248417338757,0.7836000000000001
0.04265409352332661,0.7837000000000001
0.03942393231984087,0.7838
0.03641636393785963,0.7839
0.033300482105264706,0.784
0.030405803974837164,0.7841
0.027423830595860288,0.7842
0.024719179144354397,0.7843
0.02237050919392103,0.7844
0.020424564644551335,0.7845000000000001
0.01879174775528436,0.7846000000000001
0.0172527891685208,0.7847000000000001
0.01611756662282393,0.7848
0.015281033814053657,0.7849
0.014866562712414488,0.785
0.014781103919067728,0.7851
0.015212658209628804,0.7852
0.016195334802710182,0.7853
0.01773949589453716,0.7854
0.019834628532967136,0.7855000000000001
0.022451510148247422,0.7856000000000001
0.025547956657153703,0.7857000000000001
0.02907434762961225,0.7858
0.032974225138201696,0.7859
0.03716440260875942,0.786
0.04155500095797904,0.7861
0.04610387623589163,0.7862
0.050784426384839376,0.7863
0.05554806503641241,0.7864
0.06033963414595611,0.7865000000000001
0.06511433534961453,0.7866000000000001
0.06982787691479231,0.7867000000000001
0.07444159303779452,0.7868
0.07892163677430464,0.7869
0.08323444676686642,0.787
0.08735229081200935,0.7871
0.09124711474673786,0.7872
0.09489516359413663,0.7873
0.09827429520478792,0.7874
0.10135470137616787,0.7875000000000001
0.10410621701826239,0.7876000000000001
0.1065243638813076,0.7877000000000001
0.10861365446913018,0.7878000000000001
0.11036425522768378,0.7879
0.11176781801385793,0.788
0.11281778942862852,0.7881
0.11350993377551166,0.7882
0.11384264388346399,0.7883
0.11381409113221241,0.7884
0.11343424537248836,0.7885000000000001
0.11195857237033124,0.7886000000000001
0.10904580136986508,0.7887000000000001
0.10595337763584523,0.7888000000000001
0.10273440090246833,0.7889
0.09938706822331789,0.789
0.09589293463248538,0.7891
0.09230897069083122,0.7892
0.08866133481283622,0.7893
0.08498005549717791,0.7894
0.0812961714947239,0.7895000000000001
0.07763991203363407,0.7896000000000001
0.07403941869739794,0.7897000000000001
0.07046114757058497,0.7898000000000001
0.06683115400143114,0.7899
0.06330527454097201,0.79
0.059782804498846875,0.7901
0.056275347330790204,0.7902
0.0529179137058744,0.7903
0.04973779752849983,0.7904
0.046431090783312756,0.7905000000000001
0.0432616816459237,0.7906000000000001
0.039964442412412815,0.7907000000000001
0.03688105384804374,0.7908000000000001
0.033751486097520544,0.7909
0.03077985518980242,0.791
0.0277745249510295,0.7911
0.02498101472119907,0.7912
0.022529032223428835,0.7913
0.02046863438424973,0.7914
0.01877622416491076,0.7915000000000001
0.017119654197034206,0.7916000000000001
0.015881831770270027,0.7917000000000001
0.014919213851555702,0.7918000000000001
0.014407978652510423,0.7919
0.014196762710412036,0.792
0.014499815054592968,0.7921
0.01535602401995284,0.7922
0.01678004618136253,0.7923
0.0187652966931402,0.7924
0.021284742021248304,0.7925000000000001
0.024297235951943774,0.7926000000000001
0.02775371791451886,0.7927000000000001
0.03159743905194912,0.7928000000000001
0.0357701496607119,0.7929
0.0401830816148987,0.793
0.04474532405774756,0.7931
0.049418598458952134,0.7932
0.054182005263666566,0.7933
0.05899027678341118,0.7934
0.06379054115086269,0.7935
0.06854194351139398,0.7936000000000001
0.07320272675152362,0.7937000000000001
0.07773720961281161,0.7938000000000001
0.08211398621451838,0.7939
0.08630145936294775,0.794
0.09027435720753385,0.7941
0.09400655265873992,0.7942
0.09747684657326117,0.7943
0.1006652293979553,0.7944
0.10354389171323397,0.7945
0.1060843623617711,0.7946000000000001
0.10828373672972058,0.7947000000000001
0.11014805104808467,0.7948000000000001
0.11166843101868373,0.7949
0.112837644078991,0.795
0.1136501440194283,0.7951
0.11410274905287243,0.7952
0.11419488436279734,0.7953
0.11392568052258212,0.7954
0.11298717555581128,0.7955
0.11014930431997194,0.7956000000000001
0.10711441632791319,0.7957000000000001
0.10394405576219978,0.7958000000000001
0.10066432839706974,0.7959
0.09722859790192473,0.796
0.09367863795454268,0.7961
0.09005333107115798,0.7962
0.08638302042649437,0.7963
0.08269952460374985,0.7964
0.0790339852292713,0.7965
0.07541514978582353,0.7966000000000001
0.07186972054899354,0.7967000000000001
0.06824578612969134,0.7968000000000001
0.06468504499704097,0.7969
0.06122911552901378,0.797
0.05768362417166495,0.7971
0.05427728691502942,0.7972
0.05104059133736283,0.7973
0.04783078725560741,0.7974
0.044632188501467995,0.7975
0.04140952717016866,0.7976000000000001
0.038255453508060144,0.7977000000000001
0.03522038553181961,0.7978000000000001
0.03216797205428357,0.7979
0.02925596082607207,0.798
0.02636430688285074,0.7981
0.023787694031489615,0.7982
0.02158460710253829,0.7983
0.019797438918175425,0.7984
0.018156992193859134,0.7985
0.01677182421918144,0.7986000000000001
0.01573455917328026,0.7987000000000001
0.015076173187030362,0.7988000000000001
0.01475925663430866,0.7989
0.01486320245176409,0.799
0.01549927209040658,0.7991
0.01669292169678327,0.7992
0.018446522835564805,0.7993
0.02074193139528524,0.7994
0.023544414591537555,0.7995
0.02680868961603422,0.7996000000000001
0.03048210567984455,0.7997000000000001
0.03450748833435924,0.7998000000000001
0.038799221647533244,0.7999
0.04326687596004852,0.8
0.04787008230233969,0.8001
0.05258478801195787,0.8002
0.057363726672845505,0.8003
0.062152699086177154,0.8004
0.06690860348796213,0.8005
0.0715883616113222,0.8006000000000001
0.0761546500577468,0.8007000000000001
0.08057482745429678,0.8008000000000001
0.08481624715160985,0.8009000000000001
0.08885238073264345,0.801
0.09265610564747329,0.8011
0.0962049020491722,0.8012
0.0994776729842658,0.8013
0.10244556130722193,0.8014
0.1050792322177645,0.8015
0.10737502691729683,0.8016000000000001
0.1093382888464195,0.8017000000000001
0.1109597151078262,0.8018000000000001
0.11223158430295199,0.8019000000000001
0.11314792301432486,0.802
0.11370511556851759,0.8021
0.11390216279953991,0.8022
0.11373781032527641,0.8023
0.11322247560865684,0.8024
0.11090316550900614,0.8025
0.10791543646001311,0.8026000000000001
0.10477402758947196,0.8027000000000001
0.10151688691464122,0.8028000000000001
0.09811001576017819,0.8029000000000001
0.09458069052174312,0.803
0.09096953023493415,0.8031
0.08730480543634767,0.8032
0.08361747190642621,0.8033
0.07993872505839028,0.8034
0.07629795842684006,0.8035
0.072722575711065,0.8036000000000001
0.06909912447454514,0.8037000000000001
0.06550207290735366,0.8038000000000001
0.06202172752805024,0.8039000000000001
0.05845781622184254,0.804
0.055003100054009435,0.8041
0.05171016802275874,0.8042
0.048502800565761506,0.8043
0.04524568696261255,0.8044
0.04203006796639941,0.8045
0.03881080015111671,0.8046000000000001
0.035771833038211076,0.8047000000000001
0.03264532547880927,0.8048000000000001
0.029712896877175377,0.8049000000000001
0.026735007108814823,0.805
0.024059074672502234,0.8051
0.021745705532047577,0.8052
0.019839306662569056,0.8053
0.018148074740427456,0.8054
0.016643354857949433,0.8055
0.015507946434841546,0.8056000000000001
0.014720605702737366,0.8057000000000001
0.01430979654532627,0.8058000000000001
0.014284231000812886,0.8059000000000001
0.014787961532281235,0.806
0.015851983220303012,0.8061
0.017483359386983643,0.8062
0.01966762988545434,0.8063
0.022372123555362,0.8064
0.025552213722033423,0.8065
0.029155842025968992,0.8066
0.03312553049572764,0.8067000000000001
0.03737630049916163,0.8068000000000001
0.04181765748148414,0.8069000000000001
0.046408140141415144,0.807
0.051122421394986794,0.8071
0.05591266657815219,0.8072
0.06072430016688235,0.8073
0.06551346064918828,0.8074
0.07023652299003191,0.8075
0.07485552787895666,0.8076
0.07933723040549523,0.8077000000000001
0.0836485000392253,0.8078000000000001
0.08776217359702065,0.8079000000000001
0.09165062543679581,0.808
0.09529068974435517,0.8081
0.09866070695856666,0.8082
0.10173131347705189,0.8083
0.10447268483294603,0.8084
0.10688052183735597,0.8085
0.10895946160260195,0.8086
0.11069966774214346,0.8087000000000001
0.11209281775060442,0.8088000000000001
0.11313234584189202,0.8089000000000001
0.11381402675827801,0.809
0.11413626603675897,0.8091
0.11409725699290385,0.8092
0.11370699362108905,0.8093
0.11196740462569954,0.8094
0.10904849547736772,0.8095
0.1059565521394984,0.8096
0.10273951614290677,0.8097000000000001
0.09940355029492565,0.8098000000000001
0.09591081198391083,0.8099000000000001
0.0923281202204751,0.81
0.08868271398745453,0.8101
0.08500514091465705,0.8102
0.08132644584491544,0.8103
0.07767650453246511,0.8104
0.07408317302682743,0.8105
0.07053209669016425,0.8106
0.06691103147245903,0.8107000000000001
0.06339546742779534,0.8108000000000001
0.05991063059583368,0.8109000000000001
0.05641772520509836,0.811
0.05307443789809918,0.8111
0.049909056566668886,0.8112
0.046654626753070305,0.8113
0.04352884315369687,0.8114
0.040258205180654594,0.8115
0.0371869513050791,0.8116
0.034108451996501365,0.8117000000000001
0.03114599676648311,0.8118000000000001
0.028185804586059016,0.8119000000000001
0.025399193302794387,0.812
0.022951012764079293,0.8121
0.020893336529631545,0.8122
0.01924960875304982,0.8123
0.01760101970608985,0.8124
0.01636941517194468,0.8125
0.015430404722136748,0.8126
0.01494410537978208,0.8127000000000001
0.014728119698161901,0.8128000000000001
0.015018330785557366,0.8129000000000001
0.015853778457449508,0.8130000000000001
0.017250630382458,0.8131
0.019203631126240683,0.8132
0.021687714085792953,0.8133
0.024663363055213106,0.8134
0.02808297223677214,0.8135
0.031891005273237294,0.8136
0.036029993267912896,0.8137000000000001
0.040412006161650416,0.8138000000000001
0.04494640773289471,0.8139000000000001
0.04959453757337995,0.8140000000000001
0.054334779952366796,0.8141
0.05912139266903638,0.8142
0.06390111673826748,0.8143
0.06863268252512478,0.8144
0.07327407373019568,0.8145
0.07778935805271525,0.8146
0.08214695318543974,0.8147000000000001
0.08631511169461803,0.8148000000000001
0.09026838028175044,0.8149000000000001
0.09398046271382743,0.8150000000000001
0.0974299494041665,0.8151
0.10059665487668501,0.8152
0.10345261434593922,0.8153
0.10596927308851667,0.8154
0.10814378157020366,0.8155
0.10998230344052295,0.8156
0.11147612148367281,0.8157000000000001
0.11261817478951197,0.8158000000000001
0.11340309712628538,0.8159000000000001
0.113827879253657,0.8160000000000001
0.1138921044404726,0.8161
0.11359504483051341,0.8162
0.11266983226454041,0.8163
0.10981627125990334,0.8164
0.1067668131655799,0.8165
0.10358369951735336,0.8166
0.10029084325879545,0.8167000000000001
0.09682951107214188,0.8168000000000001
0.0932705150813663,0.8169000000000001
0.08963849923763345,0.8170000000000001
0.08596333984524807,0.8171
0.08227660770777856,0.8172
0.07860942659284442,0.8173
0.0749905099524023,0.8174
0.07143636305599099,0.8175
0.06778113661244722,0.8176
0.06422276727414467,0.8177000000000001
0.06072313977209043,0.8178000000000001
0.05718177059597673,0.8179000000000001
0.0537827977181351,0.8180000000000001
0.050555055463051835,0.8181
0.04728841518840854,0.8182
0.044097589345795773,0.8183
0.04081818567277273,0.8184
0.037677335818043334,0.8185
0.034586896954168944,0.8186
0.031549606543220365,0.8187000000000001
0.028569692051123363,0.8188000000000001
0.025697667920278056,0.8189000000000001
0.02315084753105201,0.8190000000000001
0.02098419165249954,0.8191
0.019237503970065628,0.8192
0.01753163402861957,0.8193
0.01618280265099692,0.8194
0.015149017547826382,0.8195
0.014542993108760394,0.8196
0.014232538591082644,0.8197
0.014398233295760177,0.8198000000000001
0.015108075299436585,0.8199000000000001
0.01638339581212045,0.8200000000000001
0.018223317187187504,0.8201
0.020605653673390956,0.8202
0.023492527119177264,0.8203
0.02683676760936815,0.8204
0.0305832122238745,0.8205
0.03467412832911787,0.8206
0.039021940950844325,0.8207
0.04353595873514382,0.8208000000000001
0.04817648910513661,0.8209000000000001
0.05292086300136356,0.8210000000000001
0.05772280970808841,0.8211
0.06252869813182993,0.8212
0.06729653606674457,0.8213
0.0719837359374681,0.8214
0.07655374273693905,0.8215
0.08097437486938586,0.8216
0.08521341661849335,0.8217
0.08924483119248494,0.8218000000000001
0.09304185563746414,0.8219000000000001
0.09658250116354039,0.8220000000000001
0.0998460598425377,0.8221
0.10280408636284322,0.8222
0.10542754075106853,0.8223
0.10771294527059783,0.8224
0.10966577846505754,0.8225
0.1112767746431117,0.8226
0.11253827407358474,0.8227
0.11344431448995351,0.8228000000000001
0.1139912886178831,0.8229000000000001
0.11417819476912183,0.8230000000000001
0.11400376297995762,0.8231
0.11347840736248649,0.8232
0.11090675725070365,0.8233
0.10791369541150986,0.8234
0.10477330346792946,0.8235
0.10151848658406848,0.8236
0.09812303540918821,0.8237
0.09459526764585158,0.8238000000000001
0.09098550427765828,0.8239000000000001
0.08732310855849978,0.8240000000000001
0.08363959581218339,0.8241
0.07996629071553563,0.8242
0.07633242787509165,0.8243
0.07276521994568097,0.8244
0.06917020147473507,0.8245
0.06558284725394459,0.8246
0.06211224172988361,0.8247
0.0585794619354667,0.8248000000000001
0.05513544049421748,0.8249000000000001
0.051853275164481794,0.8250000000000001
0.04868386783347978,0.8251000000000001
0.04543866593417345,0.8252
0.042260025712688165,0.8253
0.039051850399455246,0.8254
0.036052050424262294,0.8255
0.03293547314834755,0.8256
0.03004267686738804,0.8257
0.02707428553995883,0.8258000000000001
0.024405757276121376,0.8259000000000001
0.022099209901934147,0.8260000000000001
0.02019979153954954,0.8261000000000001
0.018561247873969178,0.8262
0.017067303747645646,0.8263
0.015959207268504416,0.8264
0.015175359502873853,0.8265
0.014787745095280691,0.8266
0.01475891080384617,0.8267
0.015252355632197956,0.8268000000000001
0.016299727294696975,0.8269000000000001
0.017908928340807595,0.8270000000000001
0.02006699024766956,0.8271000000000001
0.02274282594530508,0.8272
0.025893111608355612,0.8273
0.029467180944079185,0.8274
0.03340825808030368,0.8275
0.0376323307426103,0.8276
0.042049285510922685,0.8277
0.04661751477035714,0.8278000000000001
0.05131121413409745,0.8279000000000001
0.05608216940791566,0.8280000000000001
0.06087549984753671,0.8281000000000001
0.06564692509623293,0.8282
0.07035254762450704,0.8283
0.07495415160117425,0.8284
0.07941829949363244,0.8285
0.08371174463992948,0.8286
0.08780714061529293,0.8287
0.09167672654585879,0.8288000000000001
0.09529712206920937,0.8289000000000001
0.09864650102993044,0.8290000000000001
0.10169533717753476,0.8291000000000001
0.10441370770877434,0.8292
0.10679736518276306,0.8293
0.10885105193707334,0.8294
0.11056507257104187,0.8295
0.11193124879520244,0.8296
0.11294318897808231,0.8297
0.11359683648895047,0.8298000000000001
0.11389076428948142,0.8299000000000001
0.11382331512630195,0.8300000000000001
0.113404593722772,0.8301000000000001
0.11166285765724071,0.8302
0.10872810995203064,0.8303
0.10562169265866006,0.8304
0.10239191862600616,0.8305
0.09902945822968123,0.8306
0.09552528376838709,0.8307
0.0919334583427508,0.8308000000000001
0.08828085698498578,0.8309000000000001
0.08459781127168964,0.8310000000000001
0.08091533319496669,0.8311000000000001
0.07726326600589972,0.8312
0.07366945604756814,0.8313
0.07007976766201574,0.8314
0.06645885696466713,0.8315
0.0629465202952878,0.8316
0.059419151056052444,0.8317
0.05592959784663232,0.8318000000000001
0.05259297360452497,0.8319000000000001
0.049428587191221895,0.8320000000000001
0.04612580094924068,0.8321000000000001
0.042956174118813584,0.8322
0.039683215544763506,0.8323
0.03662730116722157,0.8324
0.03349401321609058,0.8325
0.03054818072185972,0.8326
0.02753710699487799,0.8327
0.02477291012498206,0.8328
0.022356731919804362,0.8329000000000001
0.02033678806232242,0.8330000000000001
0.018647982172526723,0.8331000000000001
0.017032444992797213,0.8332
0.01582468121679459,0.8333
0.014908991485213852,0.8334
0.014426693562288984,0.8335
0.01426419782397259,0.8336
0.014619311082104014,0.8337
0.015528885929003478,0.8338
0.01700591217258718,0.8339000000000001
0.01904175178423273,0.8340000000000001
0.021608061230368403,0.8341000000000001
0.02466275427969067,0.8342
0.028156026726180894,0.8343
0.032030996169630566,0.8344
0.036229091713844586,0.8345
0.040661526566373896,0.8346
0.04523721067375086,0.8347
0.049918437638234,0.8348
0.054684795677494735,0.8349000000000001
0.05949126324622345,0.8350000000000001
0.06428521955742184,0.8351000000000001
0.0690261607664251,0.8352
0.07367271322256386,0.8353
0.07818957004135263,0.8354
0.0825456966352417,0.8355
0.08670980744099488,0.8356
0.09065692316337826,0.8357
0.0943611703988152,0.8358
0.09780157556261826,0.8359000000000001
0.10095833189089753,0.8360000000000001
0.10380378904292664,0.8361000000000001
0.10630962268936361,0.8362
0.1084731199472374,0.8363
0.1103005049881518,0.8364
0.11178308660049607,0.8365
0.11291381707371773,0.8366
0.11368736375517885,0.8367
0.11410074687914606,0.8368
0.114153598097679,0.8369000000000001
0.11384523356776355,0.8370000000000001
0.11267032662945764,0.8371000000000001
0.10980982873721068,0.8372
0.10675964546808347,0.8373
0.10357720625380007,0.8374
0.10028702473157913,0.8375
0.09683260005493866,0.8376
0.09327386887075428,0.8377
0.08964290523858387,0.8378
0.08597022240897723,0.8379000000000001
0.08228763514629467,0.8380000000000001
0.0786261428657189,0.8381000000000001
0.07501432370074157,0.8382000000000001
0.07147869693002395,0.8383
0.06784056769419955,0.8384
0.06429168092955828,0.8385
0.06082158243481539,0.8386
0.05729025152171929,0.8387
0.05390141993146069,0.8388
0.05068466742233779,0.8389000000000001
0.04745409167389392,0.8390000000000001
0.04427522566816622,0.8391000000000001
0.04103029768988797,0.8392000000000001
0.037900089787862745,0.8393
0.03484574131994567,0.8394
0.031818000192876505,0.8395
0.02887538333212669,0.8396
0.02601312175217263,0.8397
0.023474390581620375,0.8398
0.021315539965604646,0.8399000000000001
0.019576906342730904,0.8400000000000001
0.01792146006618145,0.8401000000000001
0.01658395473013674,0.8402000000000001
0.01557601070172887,0.8403
0.014973847976377685,0.8404
0.014685344797873201,0.8405
0.014848589882375585,0.8406
0.0155492448190937,0.8407
0.016809512420535633,0.8408
0.01862948012064236,0.8409000000000001
0.020988449428808398,0.8410000000000001
0.02384996117797855,0.8411000000000001
0.027167921918689553,0.8412000000000001
0.030888367961464436,0.8413
0.03495407907765591,0.8414
0.03927830345461536,0.8415
0.0437705946572029,0.8416
0.048391085967940395,0.8417
0.053116643327693724,0.8418
0.05790063299149373,0.8419000000000001
0.06268915943586495,0.8420000000000001
0.06743986520114298,0.8421000000000001
0.07210995550168686,0.8422000000000001
0.07666266635090768,0.8423
0.08106566572779306,0.8424
0.08528664248650242,0.8425
0.08929939562448963,0.8426
0.09307704325745048,0.8427
0.0965974035671523,0.8428
0.09983963140890284,0.8429000000000001
0.10277515160763251,0.8430000000000001
0.1053748619925331,0.8431000000000001
0.10763536229383064,0.8432000000000001
0.1095622553371488,0.8433
0.1111464307023956,0.8434
0.11238038122121119,0.8435
0.11325832317141005,0.8436
0.1137768182174489,0.8437
0.11393503099303226,0.8438
0.11373183909503637,0.8439000000000001
0.11317776318829531,0.8440000000000001
0.1105997678366949,0.8441000000000001
0.10759181147049368,0.8442000000000001
0.10443805116644411,0.8443
0.10117161286518384,0.8444
0.09775004362525286,0.8445
0.0942118556538204,0.8446
0.09059397450512907,0.8447
0.08692539814568567,0.8448
0.08323742371423559,0.8449000000000001
0.07956134395500436,0.8450000000000001
0.07592635150241567,0.8451000000000001
0.07235963940203094,0.8452000000000001
0.06872622696216757,0.8453
0.06513994068104934,0.8454
0.06167232777035914,0.8455
0.05809816159028225,0.8456
0.054658400857484635,0.8457
0.05138383661181645,0.8458
0.04816270055372551,0.8459
0.04492468842513331,0.8460000000000001
0.04169418643717515,0.8461000000000001
0.038498064777351626,0.8462000000000001
0.035447785138150056,0.8463
0.03234492135294498,0.8464
0.029389688443871353,0.8465
0.02643939931173156,0.8466
0.023798379524543778,0.8467
0.021525800103596948,0.8468
0.01966459765907924,0.8469
0.017968201710542697,0.8470000000000001
0.016509663939137997,0.8471000000000001
0.015406447160620562,0.8472000000000001
0.01467264549698788,0.8473
0.01429268086691926,0.8474
0.014322909474083545,0.8475
0.014886822631065888,0.8476
0.016012599262175575,0.8477
0.017705254132077908,0.8478
0.01994795457205578,0.8479
0.022706441765151242,0.8480000000000001
0.02593536004386543,0.8481000000000001
0.029581555317666153,0.8482000000000001
0.03358759508876785,0.8483
0.03786755335984093,0.8484
0.04233096722751806,0.8485
0.04693685414103288,0.8486
0.05166069912961424,0.8487
0.0564551653887122,0.8488
0.0612658603726115,0.8489
0.066049527547697,0.8490000000000001
0.07076273400151334,0.8491000000000001
0.07536800453830617,0.8492000000000001
0.07983235723935311,0.8493
0.08412297803691016,0.8494
0.08821300521175435,0.8495
0.09207504092804009,0.8496
0.09568622236187763,0.8497
0.09902511002810088,0.8498
0.10206257708972166,0.8499
0.10476898898310016,0.8500000000000001
0.10714029101710454,0.8501000000000001
0.10918137181606902,0.8502000000000001
0.11088258161694498,0.8503000000000001
0.11223580699101088,0.8504
0.11323467924243591,0.8505
0.11387516382128582,0.8506
0.11415585208428125,0.8507
0.11407509397881599,0.8508
0.11364301478040184,0.8509
0.11164327304108601,0.8510000000000001
0.10870092509605456,0.8511000000000001
0.10559342264509719,0.8512000000000001
0.10236403916990655,0.8513000000000001
0.09901083869894067,0.8514
0.09550633388524599,0.8515
0.09191417725222584,0.8516
0.08826232886863628,0.8517
0.08458167489172042,0.8518
0.08090335811365656,0.8519
0.07725706624849904,0.8520000000000001
0.07367045868519262,0.8521000000000001
0.0701050945387317,0.8522000000000001
0.06649288775236883,0.8523000000000001
0.06298958215958028,0.8524
0.05948843016496408,0.8525
0.056008753997874416,0.8526
0.05268241350624514,0.8527
0.04953671513106084,0.8528
0.04625851176910456,0.8529
0.043119660768552004,0.8530000000000001
0.0398576985034218,0.8531000000000001
0.03681196492416583,0.8532000000000001
0.033711776521178294,0.8533000000000001
0.030776996822438507,0.8534
0.02780163215318221,0.8535
0.02504893222480753,0.8536
0.022642745591776592,0.8537
0.02063274917856095,0.8538
0.01898772342981858,0.8539
0.017385749580185683,0.8540000000000001
0.01620419112307614,0.8541000000000001
0.015297481182326766,0.8542000000000001
0.0148389202331638,0.8543000000000001
0.014680322819281777,0.8544
0.01503399522068416,0.8545
0.015936786854851448,0.8546
0.017402041146428404,0.8547
0.01942203530894182,0.8548
0.02196962207954134,0.8549
0.025003839207304646,0.8550000000000001
0.028476037268717613,0.8551000000000001
0.03233003470876539,0.8552000000000001
0.0365079093472489,0.8553000000000001
0.040921257853276494,0.8554
0.04547923624044814,0.8555
0.05014385470811655,0.8556
0.05489428716918576,0.8557
0.05968523039638307,0.8558
0.0644637952655418,0.8559
0.06918922203187994,0.8560000000000001
0.0738199238962548,0.8561000000000001
0.07832041090880026,0.8562000000000001
0.08265950457162718,0.8563000000000001
0.08680579182424364,0.8564
0.09073417261644412,0.8565
0.09441864972540082,0.8566
0.09783768178900931,0.8567
0.10096126900375846,0.8568
0.10375819354654803,0.8569
0.10622456993533858,0.8570000000000001
0.10836355820975674,0.8571000000000001
0.11016565029954273,0.8572000000000001
0.11162185490930754,0.8573000000000001
0.11272526196155641,0.8574
0.11347166344872872,0.8575
0.11385881908203244,0.8576
0.11388481306528586,0.8577
0.11355009457288512,0.8578
0.11239525264003236,0.8579
0.10951662559758646,0.8580000000000001
0.10644885875049748,0.8581000000000001
0.10325032560040948,0.8582000000000001
0.09993512938447413,0.8583000000000001
0.09645912769661091,0.8584
0.0928882280630311,0.8585
0.089247729149316,0.8586
0.08556783408695412,0.8587
0.0818802270770731,0.8588
0.07821584327985232,0.8589
0.07460313313769296,0.859
0.071036998661543,0.8591000000000001
0.06739088254268277,0.8592000000000001
0.0638447042882827,0.8593000000000001
0.06033340851795521,0.8594
0.05680524411836485,0.8595
0.05342300709795422,0.8596
0.050215017509539495,0.8597
0.04693346877648885,0.8598
0.04376383835464703,0.8599
0.04046951067019022,0.86
0.03735370507952429,0.8601000000000001
0.03425249912890571,0.8602000000000001
0.03124448079000164,0.8603000000000001
0.02826028275069814,0.8604
0.02542265643988273,0.8605
0.022916592548400283,0.8606
0.020795365211467187,0.8607
0.0190974573548659,0.8608
0.01739313540009091,0.8609
0.01609085783871067,0.861
0.015088784494910135,0.8611000000000001
0.014536187711725601,0.8612000000000001
0.01425712363129139,0.8613000000000001
0.014478865936109475,0.8614
0.015248308702337843,0.8615
0.016583940447890022,0.8616
0.018482527938002313,0.8617
0.020919890853846157,0.8618
0.02385687016612481,0.8619
0.02724572766885447,0.862
0.031030634396693735,0.8621000000000001
0.03515383999314148,0.8622000000000001
0.03952722873047976,0.8623000000000001
0.04406008580759235,0.8624
0.04871322501539699,0.8625
0.05346465943552592,0.8626
0.05826849424407454,0.8627
0.06307135626963123,0.8628
0.06783170036177932,0.8629
0.07250723505698287,0.863
0.0770617324063394,0.8631000000000001
0.08146330017573944,0.8632000000000001
0.08567993923820971,0.8633000000000001
0.08968592027227673,0.8634000000000001
0.09345472109654596,0.8635
0.09696468785670331,0.8636
0.1001953991833543,0.8637
0.103118675724714,0.8638
0.10570571458781419,0.8639
0.10795327949838274,0.864
0.10986709785315663,0.8641000000000001
0.11143806601320749,0.8642000000000001
0.11265871266697625,0.8643000000000001
0.11352324552882331,0.8644000000000001
0.11402823616462354,0.8645
0.11417285615078077,0.8646
0.11395600121815386,0.8647
0.11336900037017006,0.8648
0.11056054388214287,0.8649
0.10754481326291088,0.865
0.10438951090161708,0.8651000000000001
0.10112309337469394,0.8652000000000001
0.09770890889461947,0.8653000000000001
0.0941705719239444,0.8654000000000001
0.0905528742725511,0.8655
0.08688576717661545,0.8656
0.08320100887264537,0.8657
0.0795299658069728,0.8658
0.07590165608690802,0.8659
0.07234308168120174,0.866
0.06873252811278208,0.8661000000000001
0.06515591080220517,0.8662000000000001
0.06169962013132235,0.8663000000000001
0.05814915497415907,0.8664000000000001
0.05472036679331804,0.8665
0.05145736130763834,0.8666
0.0482657466103551,0.8667
0.04504020734658365,0.8668
0.041837203631704956,0.8669
0.03865210085139692,0.867
0.03563101758921161,0.8671000000000001
0.03254215116499992,0.8672000000000001
0.029634765436858723,0.8673000000000001
0.026699703523923368,0.8674000000000001
0.02407167288741352,0.8675
0.021811052303102985,0.8676
0.019961813436695897,0.8677
0.0183157079218621,0.8678
0.01687070153438608,0.8679
0.015792424550337802,0.868
0.015066530301268699,0.8681000000000001
0.014709456973600155,0.8682000000000001
0.01474296628878724,0.8683000000000001
0.015304324695853744,0.8684000000000001
0.016422300444878468,0.8685
0.018102132548813765,0.8686
0.020328218924219543,0.8687
0.023067520730910784,0.8688
0.026275588755695134,0.8689
0.029900645503165624,0.869
0.03388563425968871,0.8691000000000001
0.03814567933887281,0.8692000000000001
0.04259046409958067,0.8693000000000001
0.04717897027220652,0.8694000000000001
0.05188625049230344,0.8695
0.05666454570557744,0.8696
0.06145929552662932,0.8697
0.0662267909854738,0.8698
0.07092352823097403,0.8699
0.07551172660621353,0.87
0.0799583390144516,0.8701000000000001
0.08423041591616443,0.8702000000000001
0.08830102074677215,0.8703000000000001
0.09214271376189542,0.8704000000000001
0.09573254496552452,0.8705
0.09904904697119776,0.8706
0.10206301625375713,0.8707
0.10474480306167122,0.8708
0.10709041947055353,0.8709
0.1091048686617434,0.871
0.11077861470636707,0.8711000000000001
0.11210367217390238,0.8712000000000001
0.11307382621994144,0.8713000000000001
0.11368521292957234,0.8714000000000001
0.11393659649203869,0.8715
0.11382650349554346,0.8716
0.11336518782057858,0.8717
0.11134600499773317,0.8718
0.10838778800272719,0.8719
0.10526627106499198,0.872
0.10202475992858773,0.8721
0.09864488473469923,0.8722000000000001
0.0951297119123592,0.8723000000000001
0.09152928646345593,0.8724000000000001
0.08787121824067134,0.8725
0.08418617720780697,0.8726
0.08050527120525275,0.8727
0.07685813991196111,0.8728
0.07327242645766041,0.8729
0.06967117826069869,0.873
0.06606080247868618,0.8731
0.06256244948885048,0.8732000000000001
0.0590224330771536,0.8733000000000001
0.055548136645673374,0.8734000000000001
0.052230528749921845,0.8735
0.04905121318679151,0.8736
0.04576836528842376,0.8737
0.042582189171606055,0.8738
0.03933245099685845,0.8739
0.036304578206006966,0.874
0.03315582351192625,0.8741
0.03023945697214825,0.8742000000000001
0.027219369167237772,0.8743000000000001
0.02449107776713899,0.8744000000000001
0.022118648385277107,0.8745
0.020147874122742104,0.8746
0.0184647551163708,0.8747
0.01689759758918563,0.8748
0.01572423741635509,0.8749
0.014863284424797563,0.875
0.014414081338836482,0.8751
0.014309295507186848,0.8752000000000001
0.014726491037995837,0.8753000000000001
0.01570030366555475,0.8754000000000001
0.017241265128897565,0.8755000000000001
0.019338397914064442,0.8756
0.021961600255199,0.8757
0.02506774327720307,0.8758
0.028606185182674437,0.8759
0.0325197994311226,0.876
0.036749692296272674,0.8761
0.04120690017450146,0.8762000000000001
0.04580020134861962,0.8763000000000001
0.05049250111079817,0.8764000000000001
0.05526404507006033,0.8765000000000001
0.060070136583734945,0.8766
0.06485848934160154,0.8767
0.0695890313283718,0.8768
0.07422080484901639,0.8769
0.07871891842890577,0.877
0.08305271523355617,0.8771
0.08719124214414042,0.8772000000000001
0.09110984062772787,0.8773000000000001
0.0947829359002943,0.8774000000000001
0.09818938898845508,0.8775000000000001
0.10129955103029087,0.8776
0.10408247736483656,0.8777
0.10653447890995893,0.8778
0.1086588353874165,0.8779
0.11044608351963836,0.878
0.11188728327535025,0.8781
0.11297556299323419,0.8782000000000001
0.11370678248379895,0.8783000000000001
0.11407876091096081,0.8784000000000001
0.1140896604976126,0.8785000000000001
0.11374000441470278,0.8786
0.11235290720901903,0.8787
0.1094659077982566,0.8788
0.10639579167623703,0.8789
0.1031964858084542,0.879
0.09988594313158972,0.8791
0.09640887844305202,0.8792000000000001
0.09283718185150613,0.8793000000000001
0.08919703213495944,0.8794000000000001
0.08551909650616041,0.8795000000000001
0.08183519963591834,0.8796
0.07817617057786419,0.8797
0.07457033351575526,0.8798
0.07102314724169845,0.8799
0.06738573905809897,0.88
0.06384901092752049,0.8801
0.06035920878571077,0.8802000000000001
0.056841624363711984,0.8803000000000001
0.05347060581169938,0.8804000000000001
0.05027491618821611,0.8805000000000001
0.04702021207162965,0.8806
0.043863807620222905,0.8807
0.040595434346819115,0.8808
0.03749241420061389,0.8809
0.034419669180975276,0.881
0.031424255725065686,0.8811
0.02847089855306595,0.8812000000000001
0.02564683484591601,0.8813000000000001
0.023153772375587245,0.8814000000000001
0.021045908729019347,0.8815000000000001
0.019361976900083233,0.8816
0.017700754262385487,0.8817
0.016414908390121496,0.8818
0.0154393301888891,0.8819
0.014897618787191425,0.882
0.014641588015401608,0.8821
0.014869124060951977,0.8822000000000001
0.01563905039289515,0.8823000000000001
0.016970279114938647,0.8824000000000001
0.018860127898212786,0.8825000000000001
0.021285425435644045,0.8826
0.024208024225491398,0.8827
0.027580985538424807,0.8828
0.0313493762478092,0.8829
0.03545583937462893,0.883
0.03981285826886394,0.8831
0.04432989861860981,0.8832000000000001
0.04896769382765043,0.8833000000000001
0.05370396483293827,0.8834000000000001
0.05849257560314958,0.8835000000000001
0.06327998151586778,0.8836
0.06802440508473984,0.8837
0.07268343557580459,0.8838
0.07722072634752275,0.8839
0.08160431043597371,0.884
0.08580215003290692,0.8841
0.08978843012237403,0.8842000000000001
0.09353657215702327,0.8843000000000001
0.09702481446294797,0.8844000000000001
0.10023266840421707,0.8845000000000001
0.10313189069811901,0.8846
0.10569366704186633,0.8847
0.10791486385755589,0.8848
0.10980134912414874,0.8849
0.11134417555628684,0.885
0.11253602793593831,0.8851
0.11337128932737883,0.8852000000000001
0.11384669863305541,0.8853000000000001
0.11396159149683538,0.8854000000000001
0.11371501029772735,0.8855000000000001
0.1130836402603782,0.8856
0.11025824591268285,0.8857
0.10722785494929787,0.8858
0.10405977337922134,0.8859
0.10078233489085675,0.886
0.09734319683657244,0.8861
0.0937950367596293,0.8862
0.09016985688392964,0.8863000000000001
0.08649731845973052,0.8864000000000001
0.0828089937584009,0.8865000000000001
0.07913621054491526,0.8866
0.075507924109248,0.8867
0.07195109379860931,0.8868
0.06830561641081911,0.8869
0.0647314768870727,0.887
0.061252130015893025,0.8871
0.05769245352112895,0.8872
0.05427077322725471,0.8873000000000001
0.05101715570738641,0.8874000000000001
0.04777858099728749,0.8875000000000001
0.04456186814055374,0.8876000000000001
0.04131204313495895,0.8877
0.0381407930280504,0.8878
0.03507489459085544,0.8879
0.0320014411116174,0.888
0.029037234668579215,0.8881
0.02612194400462653,0.8882
0.02352289165596444,0.8883000000000001
0.021297597074546593,0.8884000000000001
0.0194878094900639,0.8885000000000001
0.017791282659826546,0.8886000000000001
0.016383119530564594,0.8887
0.015314054088914064,0.8888
0.014638616296209328,0.8889
0.014292895684940188,0.889
0.014384695171290707,0.8891
0.015014528686227324,0.8892
0.016207646142484933,0.8893000000000001
0.017966486215187816,0.8894000000000001
0.020271865568363356,0.8895000000000001
0.02308793190219438,0.8896000000000001
0.02636853156441732,0.8897
0.030059672197535692,0.8898
0.034103799101907306,0.8899
0.038414292726146826,0.89
0.04290058154320886,0.8901
0.0475222402243225,0.8902
0.05225553297535135,0.8903000000000001
0.05705354572255006,0.8904000000000001
0.061862177975419486,0.8905000000000001
0.06663868751688928,0.8906000000000001
0.0713399861451589,0.8907
0.07592898509578383,0.8908
0.08037304785853705,0.8909
0.08463962632244848,0.891
0.08870222439982711,0.8911
0.09253372883251143,0.8912
0.09611165946764544,0.8913000000000001
0.09941489609901033,0.8914000000000001
0.10241460140318048,0.8915000000000001
0.10508139333668065,0.8916000000000001
0.10741148048302107,0.8917
0.10941002728384652,0.8918
0.11106756827597852,0.8919
0.1123762090710132,0.892
0.1133297862781325,0.8921
0.11392448357499008,0.8922
0.11415910531222828,0.8923000000000001
0.11403220222257493,0.8924000000000001
0.11355405850878852,0.8925000000000001
0.1112848666724503,0.8926000000000001
0.10831741715340626,0.8927
0.10519319381313863,0.8928
0.1019506344213349,0.8929
0.09857614330589826,0.893
0.09505935300962487,0.8931
0.0914576281453241,0.8932
0.08779958426468981,0.8933000000000001
0.08411640044298885,0.8934000000000001
0.08043930605592065,0.8935000000000001
0.07679778058998343,0.8936000000000001
0.07321927881220269,0.8937
0.06963629171923336,0.8938
0.06603465625512361,0.8939
0.06254578421158097,0.894
0.059025330543226895,0.8941
0.055561363937094654,0.8942
0.052254943752325644,0.8943000000000001
0.04909923002528305,0.8944000000000001
0.04582854155278815,0.8945000000000001
0.04266468398594325,0.8946000000000001
0.03942723893987021,0.8947
0.036411869268935915,0.8948
0.03328840561759727,0.8949
0.03038545453728103,0.895
0.027393933469919363,0.8951
0.024680237454891785,0.8952
0.022322147862765318,0.8953000000000001
0.020366384948266925,0.8954000000000001
0.018720634225841692,0.8955000000000001
0.017171401976628475,0.8956000000000001
0.016024469213499204,0.8957
0.015178380243072054,0.8958
0.01475332583981448,0.8959
0.014659545439298816,0.896
0.015083835778729071,0.8961
0.016060592541329965,0.8962
0.01760037869667075,0.8963000000000001
0.019692706842150853,0.8964000000000001
0.022308236654294378,0.8965000000000001
0.02540460301547709,0.8966000000000001
0.028931974413200834,0.8967
0.03283372901080406,0.8968
0.03702653671416667,0.8969
0.0414204209638791,0.897
0.04597315900322707,0.8971
0.050658116145613,0.8972
0.05542671235436969,0.8973000000000001
0.06022380186543397,0.8974000000000001
0.06500459457132068,0.8975000000000001
0.0697248014716575,0.8976000000000001
0.07434575212448524,0.8977
0.07883358718158695,0.8978
0.08315472693080184,0.8979
0.0872814190363419,0.898
0.09118558818066247,0.8981
0.09484345992161247,0.8982
0.09823287098074429,0.8983000000000001
0.10132399495826183,0.8984000000000001
0.10408664165907522,0.8985000000000001
0.10651628055034301,0.8986000000000001
0.10861736245074871,0.8987
0.11037999735697313,0.8988
0.11179577710771016,0.8989
0.11285808501998928,0.899
0.11356262225231906,0.8991
0.11390771948843414,0.8992
0.11389149087807127,0.8993
0.11352386392839664,0.8994000000000001
0.11207465280962903,0.8995000000000001
0.10916826017522863,0.8996000000000001
0.10608100970786205,0.8997
0.10286635933790444,0.8998
0.09952855798604099,0.8999
0.09603818696782374,0.9
0.0924570422595119,0.9001
0.08881134265475998,0.9002
0.08513116371104446,0.9003
0.0814475529925246,0.9004000000000001
0.07779077718114091,0.9005000000000001
0.07418900475246015,0.9006000000000001
0.0706223053728472,0.9007000000000001
0.06699056060646424,0.9008
0.06346171826925051,0.9009
0.05995170139750983,0.901
0.05644096876089577,0.9011
0.0530789281749926,0.9012
0.049893428537365114,0.9013
0.04660240765888779,0.9014000000000001
0.043448240265939964,0.9015000000000001
0.04014489163578361,0.9016000000000001
0.03705301978747899,0.9017000000000001
0.03393714212558452,0.9018
0.030956620360782727,0.9019
0.02796270621176311,0.902
0.025158143469732996,0.9021
0.02269198943091255,0.9022
0.020615491384283313,0.9023
0.01893108268265009,0.9024000000000001
0.017259671362185536,0.9025000000000001
0.016007151739424463,0.9026000000000001
0.015035061551079698,0.9027000000000001
0.014517741952191576,0.9028
0.014286268808201497,0.9029
0.01456594503747688,0.903
0.015396472392809502,0.9031
0.016793639120695314,0.9032
0.018751931589371162,0.9033
0.021245299225155945,0.9034000000000001
0.024233321686643716,0.9035000000000001
0.027667507019562443,0.9036000000000001
0.03149145771597173,0.9037000000000001
0.03564717796081318,0.9038
0.04004612125177753,0.9039
0.04459746305815804,0.904
0.0492626073868454,0.9041
0.05402027433083689,0.9042
0.05882497336666681,0.9043
0.06362364646031982,0.9044000000000001
0.06837520396584296,0.9045000000000001
0.07303769408624738,0.9046000000000001
0.07757523740862748,0.9047000000000001
0.08195625049119337,0.9048
0.086148985470335,0.9049
0.09012801312792529,0.905
0.09386706858726424,0.9051
0.09734480607267704,0.9052
0.10054108605209289,0.9053
0.1034279855499266,0.9054000000000001
0.10597694143659475,0.9055000000000001
0.10818497888013623,0.9056000000000001
0.1100580840097728,0.9057000000000001
0.11158734856787678,0.9058
0.11276550793085027,0.9059
0.11358697881354385,0.906
0.1140485428940291,0.9061
0.11414958428118605,0.9062
0.11388919573741207,0.9063
0.11303627023049989,0.9064000000000001
0.11020321553055701,0.9065000000000001
0.10717079260478113,0.9066000000000001
0.1040021152158006,0.9067000000000001
0.10072389343154464,0.9068
0.09728976047422488,0.9069
0.09374097811280802,0.907
0.09011617396297744,0.9071
0.08644555273265042,0.9072
0.08276089338268977,0.9073
0.07909339129753934,0.9074000000000001
0.07547185291302816,0.9075000000000001
0.07192304720140175,0.9076000000000001
0.06829627602728316,0.9077000000000001
0.06473152075835209,0.9078
0.0612722913405388,0.9079
0.05772232015250345,0.908
0.05431090059094945,0.9081
0.051068529892183134,0.9082
0.04785462453860512,0.9083
0.044650020600235596,0.9084000000000001
0.04142338894796005,0.9085000000000001
0.03826286528542244,0.9086000000000001
0.035222417400572636,0.9087000000000001
0.03216296445878597,0.9088
0.029243918648731437,0.9089
0.02634426987228866,0.909
0.023758974883794304,0.9091
0.021546522890505848,0.9092
0.019749428273944325,0.9093
0.01809797192683038,0.9094000000000001
0.01670260598729989,0.9095000000000001
0.015654490425095036,0.9096000000000001
0.014986406185537149,0.9097000000000001
0.014659559612354212,0.9098
0.014754762877194239,0.9099
0.015382932073566558,0.91
0.016569810665941542,0.9101
0.018317965593062757,0.9102
0.020609286882038225,0.9103
0.02340896555825256,0.9104000000000001
0.026671590406492696,0.9105000000000001
0.030344369978258845,0.9106000000000001
0.034370023128678984,0.9107000000000001
0.038662849648018804,0.9108
0.043132365534967576,0.9109
0.047738142614379475,0.911
0.05245609791170991,0.9111
0.05723896443918042,0.9112
0.06203254408726733,0.9113
0.06679372694143781,0.9114000000000001
0.07147942281207542,0.9115000000000001
0.07605229271427905,0.9116000000000001
0.08047967592932403,0.9117000000000001
0.08472890742785744,0.9118
0.0887734400178869,0.9119
0.09258613419342343,0.912
0.09614445251785375,0.9121
0.09942727702472998,0.9122
0.10240573010328335,0.9123
0.10505044718864398,0.9124
0.10735771165232022,0.9125000000000001
0.10933279863656031,0.9126000000000001
0.11096634354493828,0.9127000000000001
0.11225055991510524,0.9128000000000001
0.11317940750869004,0.9129
0.11374920523526644,0.913
0.11395889088400402,0.9131
0.11380715298202138,0.9132
0.11330436724053805,0.9133
0.11102059730565572,0.9134
0.10803931046497128,0.9135000000000001
0.10490290346713649,0.9136000000000001
0.10164988984928847,0.9137000000000001
0.09825191074723705,0.9138000000000001
0.09472626590208832,0.9139
0.09111787325165133,0.914
0.08745501622397889,0.9141
0.08376867222477913,0.9142
0.08009003760506184,0.9143
0.07644854779084731,0.9144
0.07287164134038193,0.9145000000000001
0.06925913424802044,0.9146000000000001
0.0656600981266392,0.9147000000000001
0.062176553007444624,0.9148000000000001
0.05862468170911117,0.9149
0.05516655104449164,0.915
0.051868866888238774,0.9151
0.04867578953898133,0.9152
0.045413830353180584,0.9153
0.04221256276706775,0.9154
0.0389869704048047,0.9155000000000001
0.03596114595583222,0.9156000000000001
0.03282642212728226,0.9157000000000001
0.02990460276761464,0.9158000000000001
0.02691653505804692,0.9159
0.024227746881352985,0.916
0.021899676490207076,0.9161
0.019977248870559183,0.9162
0.018296592021263214,0.9163
0.016777010386013647,0.9164
0.015635826845254774,0.9165000000000001
0.01482949741150752,0.9166000000000001
0.014412115113510815,0.9167000000000001
0.014365037294615357,0.9168000000000001
0.014844243102366317,0.9169
0.01588181936595645,0.917
0.01748588584519517,0.9171
0.019643135454306515,0.9172
0.02232181961085211,0.9173
0.02547789905317277,0.9174
0.029059904952318583,0.9175000000000001
0.033010552516841374,0.9176000000000001
0.03724529916590602,0.9177000000000001
0.04167376528794864,0.9178000000000001
0.046254249535108816,0.9179
0.05096104167626159,0.918
0.05574608282113225,0.9181
0.06055463440383102,0.9182
0.0653425705656171,0.9183
0.07006608867654363,0.9184
0.07468704082642375,0.9185000000000001
0.07917201951890507,0.9186000000000001
0.08348777504228533,0.9187000000000001
0.0876069750744829,0.9188000000000001
0.09150186226922818,0.9189
0.09514908855445126,0.919
0.09852684431552028,0.9191
0.10160562831873332,0.9192
0.10435550635044843,0.9193
0.10677210078023103,0.9194
0.10885997990900353,0.9195000000000001
0.1106092790011296,0.9196000000000001
0.11201163725188745,0.9197000000000001
0.11306046155714111,0.9198000000000001
0.11375149325389056,0.9199
0.11408310475822059,0.92
0.11405345544343337,0.9201
0.11367251043636728,0.9202
0.11202251192402779,0.9203
0.10910877897026938,0.9204
0.10601950634625323,0.9205000000000001
0.10280430190657563,0.9206000000000001
0.09946992716644021,0.9207000000000001
0.09597891255165714,0.9208000000000001
0.09239750250092771,0.9209
0.08875264654542347,0.921
0.08507475269838838,0.9211
0.08139483226156596,0.9212
0.07774282433533908,0.9213
0.07414665121515807,0.9214
0.07059299024128352,0.9215000000000001
0.06696836286208796,0.9216000000000001
0.06344860168035871,0.9217000000000001
0.05996079661450493,0.9218000000000001
0.056463259871752935,0.9219
0.05311464286386247,0.922
0.0499432684647203,0.9221
0.046685297141003224,0.9222
0.043553225713189425,0.9223
0.040279342067792046,0.9224
0.037201360388602556,0.9225000000000001
0.0341183065041577,0.9226000000000001
0.03114849726784663,0.9227000000000001
0.02818204418431658,0.9228000000000001
0.025387051909717462,0.9229
0.022929646891810318,0.923
0.02086196387491812,0.9231
0.019208087847038202,0.9232
0.01754892453702106,0.9233
0.016306480825915237,0.9234
0.015356704649438502,0.9235000000000001
0.014860129451442106,0.9236000000000001
0.014634134776792873,0.9237000000000001
0.014914742069503717,0.9238000000000001
0.015741337785488696,0.9239
0.01713040755173245,0.924
0.01907689738315299,0.9241
0.021555789923469737,0.9242
0.02452751676562559,0.9243
0.02794437367086977,0.9244
0.03175072020688385,0.9245000000000001
0.03588900672239226,0.9246000000000001
0.0402712496540647,0.9247000000000001
0.044806777507422124,0.9248000000000001
0.049456875357088315,0.9249
0.054199891552526136,0.925
0.05899007725811245,0.9251
0.06377416686085535,0.9252
0.06851087110547038,0.9253
0.0731581511806414,0.9254
0.07768004852433175,0.9255
0.08204495128714873,0.9256000000000001
0.08622108538278928,0.9257000000000001
0.09018296936692594,0.9258000000000001
0.09390428226542191,0.9259000000000001
0.09736358816067392,0.926
0.10054067315252802,0.9261
0.1034075453043728,0.9262
0.10593561466205959,0.9263
0.10812197071971197,0.9264
0.10997270671963799,0.9265
0.11147904281387921,0.9266000000000001
0.1126338517546065,0.9267000000000001
0.11343169938785824,0.9268000000000001
0.11386950950115649,0.9269000000000001
0.11394680051469841,0.927
0.11366278534453,0.9271
0.1127836141496088,0.9272
0.10993735903407564,0.9273
0.10689358845147745,0.9274
0.10371525739597942,0.9275
0.10042902091315709,0.9276000000000001
0.09697400528824907,0.9277000000000001
0.09341857381104857,0.9278000000000001
0.08978915391026532,0.9279000000000001
0.08611563411608625,0.928
0.08242960083532769,0.9281
0.07876221541461759,0.9282
0.07514223172875267,0.9283
0.07159638864878826,0.9284
0.06794129991682807,0.9285
0.06438018633464648,0.9286000000000001
0.06089150973382429,0.9287000000000001
0.05734703868326951,0.9288000000000001
0.053943676595404444,0.9289000000000001
0.05071073268755266,0.929
0.04745853459623506,0.9291
0.0442626121115246,0.9292
0.04099787519729259,0.9293
0.037850388539810265,0.9294
0.03477352344191775,0.9295
0.03172770063329078,0.9296000000000001
0.028758955305679956,0.9297000000000001
0.025876270359596276,0.9298000000000001
0.023315824005031294,0.9299000000000001
0.021133557516485713,0.93
0.019369932792008715,0.9301
0.017675181251889605,0.9302
0.01631096497724771,0.9303
0.015270925440827199,0.9304
0.014645214681520802,0.9305
0.014327744954652166,0.9306000000000001
0.01447131519183631,0.9307000000000001
0.015156086475936803,0.9308000000000001
0.016404663273222875,0.9309000000000001
0.018217291855084028,0.931
0.02057291041589604,0.9311
0.023434479460572755,0.9312
0.02675531734355574,0.9313
0.03048081371126643,0.9314
0.03455338157604615,0.9315
0.0388858629015183,0.9316000000000001
0.0433876451342079,0.9317000000000001
0.048018799350622476,0.9318000000000001
0.0527562777283872,0.9319000000000001
0.05755356816219992,0.932
0.06235686469741519,0.9321
0.06712390177577232,0.9322
0.07181191612613713,0.9323
0.0763841677568391,0.9324
0.08080832256632742,0.9325
0.08505205764722412,0.9326000000000001
0.08908918074917249,0.9327000000000001
0.09289281232714952,0.9328000000000001
0.09644079333063094,0.9329000000000001
0.09971227688902795,0.933
0.1026786859886849,0.9331
0.10531087367101821,0.9332
0.10760528295208904,0.9333
0.10956731898754501,0.9334
0.1111876816835442,0.9335
0.11245866588172138,0.9336000000000001
0.11337427773927666,0.9337000000000001
0.1139308745733798,0.9338000000000001
0.11412742328466263,0.9339000000000001
0.11396262378640587,0.934
0.11344686677113858,0.9341
0.1109681677579416,0.9342
0.10798040146808885,0.9343
0.10484265519094504,0.9344
0.1015896028505795,0.9345
0.09819573877825372,0.9346000000000001
0.09466965597887456,0.9347000000000001
0.09106110942953705,0.9348000000000001
0.08739915507333451,0.9349000000000001
0.08371516058570139,0.935
0.08004041571645293,0.9351
0.07640422388123069,0.9352
0.07283387062971391,0.9353
0.06923632852382,0.9354
0.06564509861678802,0.9355
0.06216994201299253,0.9356000000000001
0.05863431989249124,0.9357000000000001
0.055185346599414764,0.9358000000000001
0.051897496278563215,0.9359000000000001
0.04872458122504142,0.936
0.045473353521166215,0.9361
0.04229171306393531,0.9362
0.0390770502701967,0.9363
0.03607328099893481,0.9364
0.0329496273899923,0.9365
0.030051652590767475,0.9366000000000001
0.02707529947316889,0.9367000000000001
0.024397946223343014,0.9368000000000001
0.022081731937680038,0.9369000000000001
0.020171869841451695,0.937
0.01852452917659564,0.9371
0.017019634831408448,0.9372
0.015900836890776038,0.9373
0.015105803243848248,0.9374
0.01470812892666662,0.9375
0.014668619305155062,0.9376000000000001
0.01515172973963197,0.9377000000000001
0.016189504458538728,0.9378000000000001
0.01779017285182971,0.9379000000000001
0.019940966616320832,0.9380000000000001
0.02261085503507476,0.9381
0.025756470673328646,0.9382
0.029327079470284012,0.9383
0.033265817537422304,0.9384
0.03748864010602282,0.9385
0.041905393269854097,0.9386
0.04647438536962878,0.9387000000000001
0.05116974369944827,0.9388000000000001
0.05594324285393548,0.9389000000000001
0.06074000216299458,0.9390000000000001
0.06551571760933317,0.9391
0.07022647266468873,0.9392
0.07483402160874342,0.9393
0.07930489275881936,0.9394
0.08360580723241762,0.9395
0.08770937845553883,0.9396
0.09158781226076784,0.9397000000000001
0.09521769036202521,0.9398000000000001
0.09857715277271828,0.9399000000000001
0.10163664536956607,0.9400000000000001
0.10436621443690952,0.9401
0.10676155578124702,0.9402
0.10882734458693422,0.9403
0.11055382960663762,0.9404
0.1119327698523166,0.9405
0.11295770794416682,0.9406
0.11362451942906271,0.9407000000000001
0.11393170971291045,0.9408000000000001
0.1138775586095776,0.9409000000000001
0.11347212165427512,0.9410000000000001
0.11177987855065818,0.9411
0.10885241706360538,0.9412
0.1057515358447606,0.9413
0.10252635517318587,0.9414
0.09917231577366437,0.9415
0.09567234281762449,0.9416
0.09208382899602718,0.9417000000000001
0.08843359434836617,0.9418000000000001
0.08475195510359168,0.9419000000000001
0.08106991325071444,0.9420000000000001
0.07741735482594247,0.9421
0.07382216397839692,0.9422
0.0702422829472894,0.9423
0.06661942864867176,0.9424
0.06310391628647416,0.9425
0.059587319280898,0.9426
0.05609432211004384,0.9427000000000001
0.05275291412127592,0.9428000000000001
0.04959023961377018,0.9429000000000001
0.046294183404676614,0.9430000000000001
0.04313842670164747,0.9431
0.03985932525875446,0.9432
0.03679506657651466,0.9433
0.03367519274528474,0.9434
0.03072066456300271,0.9435
0.02772104943278464,0.9436
0.024945850317303675,0.9437000000000001
0.022515361365630815,0.9438000000000001
0.020479003973036924,0.9439000000000001
0.018797879409958584,0.9440000000000001
0.01716701427606493,0.9441
0.015952191224898327,0.9442
0.015017698364296006,0.9443
0.014528279587619597,0.9444
0.014344625901629104,0.9445
0.014675617971142252,0.9446
0.015558930349120814,0.9447000000000001
0.01700856252835581,0.9448000000000001
0.019016998295091847,0.9449000000000001
0.021556867328718754,0.9450000000000001
0.02458677081728866,0.9451
0.02805751430540293,0.9452
0.031912490314361275,0.9453
0.036093416740752726,0.9454
0.04051167617044782,0.9455
0.0450762906886899,0.9456
0.04974924142741455,0.9457000000000001
0.054509753377159686,0.9458000000000001
0.05931260841289876,0.9459000000000001
0.06410499521960356,0.9460000000000001
0.06884618866552261,0.9461
0.07349461171989247,0.9462
0.07801476033720955,0.9463
0.08237542328844305,0.9464
0.08654515857431178,0.9465
0.09049883502355383,0.9466
0.0942104355850889,0.9467000000000001
0.09765884860014085,0.9468000000000001
0.10082414331079281,0.9469000000000001
0.10367857062981922,0.9470000000000001
0.1061937301461422,0.9471
0.10836684311205824,0.9472
0.11020408559080508,0.9473
0.11169672443290701,0.9474
0.1128376728211069,0.9475
0.11362154832154847,0.9476
0.11404532468672268,0.9477000000000001
0.11410858183064843,0.9478000000000001
0.11381058816826128,0.9479000000000001
0.11273213122667769,0.9480000000000001
0.10987761607514501,0.9481
0.10683074829515837,0.9482
0.10365072560314503,0.9483
0.10036274476392115,0.9484
0.09691042845228692,0.9485
0.09335358487844425,0.9486
0.08972374666519811,0.9487000000000001
0.08605126194295731,0.9488000000000001
0.08236789279285339,0.9489000000000001
0.07870469205218877,0.9490000000000001
0.0750902961979607,0.9491
0.07155129341367361,0.9492
0.06791109553194252,0.9493
0.06435812526361973,0.9494
0.060885568190124695,0.9495
0.05734963999196352,0.9496
0.05395547528742739,0.9497000000000001
0.05073269973373207,0.9498000000000001
0.047499612863182605,0.9499000000000001
0.04431451275628473,0.9500000000000001
0.041067619779938225,0.9501000000000001
0.03793071761607525,0.9502
0.03487332439075885,0.9503
0.031838173786245205,0.9504
0.028890863029984448,0.9505
0.02601997880852913,0.9506
0.023471496213621545,0.9507000000000001
0.02130189419066819,0.9508000000000001
0.01955171189447258,0.9509000000000001
0.017887800244545504,0.9510000000000001
0.016538647881184865,0.9511000000000001
0.015519887791804132,0.9512
0.014905893850990282,0.9513
0.014607292658583848,0.9514
0.014759193373054647,0.9515
0.015448834726983218,0.9516
0.01669885566162277,0.9517
0.018509673447858033,0.9518000000000001
0.02086077314877044,0.9519000000000001
0.02371574565388035,0.9520000000000001
0.0270284568310748,0.9521000000000001
0.03074490160937815,0.9522
0.03480779588930272,0.9523
0.03913038334757224,0.9524
0.04362219534935563,0.9525
0.04824328910815967,0.9526
0.05297045860420213,0.9527
0.0577570435185748,0.9528000000000001
0.06254912903304677,0.9529000000000001
0.06730431333578923,0.9530000000000001
0.07197976473012446,0.9531000000000001
0.07653867737962816,0.9532
0.08094867804994177,0.9533
0.08517742312175336,0.9534
0.08919867277060345,0.9535
0.09298551467338967,0.9536
0.0965157290313694,0.9537
0.09976843399542878,0.9538000000000001
0.10271501978139275,0.9539000000000001
0.10532634377099592,0.9540000000000001
0.10759894036049389,0.9541000000000001
0.10953833688157422,0.9542
0.11113535967581256,0.9543
0.11238243298571504,0.9544
0.11327370430994887,0.9545
0.11380566699308281,0.9546
0.11397742007923917,0.9547
0.1137877816246401,0.9548000000000001
0.11324722833471668,0.9549000000000001
0.11072185519094302,0.9550000000000001
0.10772105239211027,0.9551000000000001
0.10457255315524572,0.9552
0.10131039041775824,0.9553
0.09789719458273483,0.9554
0.09436289731216896,0.9555
0.09074798980840648,0.9556
0.08708140795228947,0.9557
0.08339443119954826,0.9558000000000001
0.07971834205969519,0.9559000000000001
0.07608238256003164,0.9560000000000001
0.07251379085994003,0.9561000000000001
0.06889008232663418,0.9562
0.0653013561068343,0.9563
0.061831210941765025,0.9564
0.0582665929282693,0.9565
0.054822845283282184,0.9566
0.051542957930866384,0.9567
0.04833487177272344,0.9568000000000001
0.045091477672204006,0.9569000000000001
0.0418741149546642,0.9570000000000001
0.03867027822676361,0.9571000000000001
0.03563234847764685,0.9572
0.03252348974227548,0.9573
0.029596083728379297,0.9574
0.026638663172944277,0.9575
0.023986253813361946,0.9576
0.021699029162541628,0.9577
0.019821014883018462,0.9578000000000001
0.01814212875637833,0.9579000000000001
0.01666612766937514,0.9580000000000001
0.01555424888556689,0.9581000000000001
0.014798023427631923,0.9582
0.014409646239022411,0.9583
0.014415425209248767,0.9584
0.014951345369926816,0.9585
0.016047073974986725,0.9586
0.017708516766193227,0.9587
0.019920270602720613,0.9588000000000001
0.02264912395830465,0.9589000000000001
0.02585026010988467,0.9590000000000001
0.029471465883974535,0.9591000000000001
0.033455336850018114,0.9592
0.0377167342933975,0.9593
0.04216517792975827,0.9594
0.04675948068079272,0.9595
0.05147463257568807,0.9596
0.05626292747329398,0.9597
0.061069867788788756,0.9598000000000001
0.06585176660455982,0.9599000000000001
0.07056512179375896,0.9600000000000001
0.07517212418744412,0.9601000000000001
0.07963967384268766,0.9602
0.08393475951539753,0.9603
0.0880303762128658,0.9604
0.09189902375412573,0.9605
0.09551769553168254,0.9606
0.09886486756122692,0.9607
0.10191129429519474,0.9608000000000001
0.10462726203782402,0.9609000000000001
0.10700861985014509,0.9610000000000001
0.10906016854970924,0.9611000000000001
0.11077219115288395,0.9612
0.11213650185942492,0.9613
0.11314667107987919,0.9614
0.11379861613205233,0.9615
0.11409088385211152,0.9616
0.11402179985511873,0.9617
0.11360146149030981,0.9618000000000001
0.11171373642411286,0.9619000000000001
0.10877762198017749,0.9620000000000001
0.10567331356018228,0.9621000000000001
0.10244621308783097,0.9622
0.09909381144798068,0.9623
0.09559187298868954,0.9624
0.09200190340478831,0.9625
0.08835143789518218,0.9626
0.08467114848978863,0.9627
0.08099212220667318,0.9628000000000001
0.07734411883014891,0.9629000000000001
0.07375488338139113,0.9630000000000001
0.07018767161671646,0.9631000000000001
0.06657221801083313,0.9632000000000001
0.0630649232016065,0.9633
0.05956245398234605,0.9634
0.056078521863871966,0.9635
0.05274706708345245,0.9636
0.049595463565556885,0.9637
0.046316589161681465,0.9638000000000001
0.04317739718581781,0.9639000000000001
0.03990938477147088,0.9640000000000001
0.03685650544923669,0.9641000000000001
0.033754755072592735,0.9642000000000001
0.03081228883636311,0.9643
0.027833233897289977,0.9644
0.025071312444120197,0.9645
0.022654409788424923,0.9646
0.02063242797582343,0.9647
0.018978921403306037,0.9648
0.017364461868936365,0.9649000000000001
0.016171454166067356,0.9650000000000001
0.015251599160431173,0.9651000000000001
0.01478229989642088,0.9652000000000001
0.014610622147969599,0.9653
0.014951001415962839,0.9654
0.015840730238295908,0.9655
0.017293608955865736,0.9656
0.01930228987128335,0.9657
0.021839845552371617,0.9658
0.024865400730723186,0.9659000000000001
0.02833033829295517,0.9660000000000001
0.03217844996029662,0.9661000000000001
0.036351805959697225,0.9662000000000001
0.04076200548689757,0.9663
0.045318210716091656,0.9664
0.04998233908687788,0.9665
0.054733477696744304,0.9666
0.05952629565888867,0.9667
0.06430787714963682,0.9668
0.06903741408467368,0.9669000000000001
0.07367326924863926,0.9670000000000001
0.07817989651432822,0.9671000000000001
0.082526060509726,0.9672000000000001
0.08668029847793068,0.9673
0.09061746070373311,0.9674
0.0943115063995279,0.9675
0.09774130595231645,0.9676
0.10088692281439582,0.9677
0.10372061276651923,0.9678
0.1062140114769563,0.9679000000000001
0.1083644452899829,0.9680000000000001
0.1101782284553634,0.9681000000000001
0.11164675115090561,0.9682000000000001
0.11276306160062255,0.9683
0.11352191139491508,0.9684
0.11392040900290312,0.9685
0.11395826152821942,0.9686
0.11363485352522695,0.9687
0.11249426269314877,0.9688
0.1096253750789501,0.9689000000000001
0.10656666882867172,0.9690000000000001
0.10337649801145321,0.9691000000000001
0.10007614899960449,0.9692000000000001
0.09660803502376636,0.9693
0.09304353445881441,0.9694
0.08940797095935626,0.9695
0.08573156559836204,0.9696
0.08204599713016336,0.9697
0.07838226237237,0.9698
0.07476893100438076,0.9699000000000001
0.07121474735407773,0.9700000000000001
0.06756696949261964,0.9701000000000001
0.06401801775558746,0.9702000000000001
0.060518552999466846,0.9703
0.05698748675232701,0.9704
0.05360081307456044,0.9705
0.050387075503782075,0.9706
0.04711852610228617,0.9707
0.04394197274240841,0.9708
0.04065906228042282,0.9709000000000001
0.037533989693306236,0.9710000000000001
0.034442243117830174,0.9711000000000001
0.031422952148129735,0.9712000000000001
0.028445825777437816,0.9713
0.025595197670811753,0.9714
0.02307348560291289,0.9715
0.020934896364632083,0.9716
0.019218503707232548,0.9717
0.01752268693430903,0.9718
0.01620358424672763,0.9719000000000001
0.015193304351622805,0.9720000000000001
0.014619599057667854,0.9721000000000001
0.01433174355437905,0.9722000000000001
0.014530093738456484,0.9723
0.015273433999528185,0.9724
0.016581610566925642,0.9725
0.018452559567763593,0.9726
0.02086320505697903,0.9727
0.023775173052452248,0.9728
0.027141140998298896,0.9729000000000001
0.030905750788172703,0.9730000000000001
0.03501131996965223,0.9731000000000001
0.039370075443174724,0.9732000000000001
0.043891328607453595,0.9733
0.048535640721128814,0.9734
0.05328065716880004,0.9735
0.05808027293668583,0.9736
0.06288097714294594,0.9737
0.06764099522610223,0.9738
0.07231789539305344,0.9739000000000001
0.07687529181930053,0.9740000000000001
0.08128115425269389,0.9741000000000001
0.08550337813791153,0.9742000000000001
0.08951607358039859,0.9743
0.0932925892031724,0.9744
0.09681108939175243,0.9745
0.10005100205741857,0.9746
0.10298401042010619,0.9747
0.10558120252648961,0.9748
0.10783926435696578,0.9749000000000001
0.10976385559427715,0.9750000000000001
0.11134584827321559,0.9751000000000001
0.1125777361053959,0.9752000000000001
0.11345370327328697,0.9753000000000001
0.11397028959623046,0.9754
0.11412663277256818,0.9755
0.11392158976773437,0.9756
0.11336566896841638,0.9757
0.11064344256013892,0.9758
0.10763385746298448,0.9759000000000001
0.10448196191196779,0.9760000000000001
0.10121797162339397,0.9761000000000001
0.09780604168730034,0.9762000000000001
0.09426984520618742,0.9763000000000001
0.09065361681267337,0.9764
0.08698701757481908,0.9765
0.08330168458071152,0.9766
0.07962898360138682,0.9767
0.07599802089177732,0.9768
0.07243588524578659,0.9769000000000001
0.06882412810635086,0.9770000000000001
0.06524330650478649,0.9771000000000001
0.06178196711058204,0.9772000000000001
0.05823065994688581,0.9773000000000001
0.05479652811121016,0.9774
0.051527220272634455,0.9775
0.048335203727581266,0.9776
0.045103112906059506,0.9777
0.04190062456945953,0.9778
0.03870832038512573,0.9779
0.03568677743291482,0.9780000000000001
0.03258975221069127,0.9781000000000001
0.029680083180298134,0.9782000000000001
0.026735466507577854,0.9783000000000001
0.02409640005434066,0.9784
0.021823466043422002,0.9785
0.01996082322697812,0.9786
0.018308082934449743,0.9787
0.016849295206834425,0.9788
0.015759014042011188,0.9789
0.015018266965771021,0.9790000000000001
0.014649558618961,0.9791000000000001
0.014668230911588198,0.9792000000000001
0.015214559804304972,0.9793000000000001
0.016317906620417766,0.9794
0.017984021816121576,0.9795
0.020197697973326045,0.9796
0.02292611566292524,0.9797
0.026124886896027766,0.9798
0.029742278342348438,0.9799
0.03372118802214952,0.9800000000000001
0.037976788770674785,0.9801000000000001
0.04241875024452013,0.9802000000000001
0.04700593848501522,0.9803000000000001
0.05171328165378819,0.9804
0.05649297229183503,0.9805
0.06129042123483397,0.9806
0.06606184892486588,0.9807
0.07076369941733696,0.9808
0.07535812876601966,0.9809
0.07981202693558354,0.9810000000000001
0.08409239219658171,0.9811000000000001
0.08817221926180974,0.9812000000000001
0.09202401272142735,0.9813000000000001
0.09562475295974837,0.9814
0.09895291160564257,0.9815
0.10197923151104182,0.9816
0.10467400993586717,0.9817
0.10703318460574685,0.9818
0.10906167437174408,0.9819
0.11074987630467481,0.9820000000000001
0.11208972881393886,0.9821000000000001
0.11307493967314053,0.9822000000000001
0.1137015648284041,0.9823000000000001
0.11396828922696722,0.9824
0.11387356532912296,0.9825
0.11342758827376764,0.9826
0.11147314696609523,0.9827
0.10852296244530457,0.9828
0.10540729960732409,0.9829
0.10217057154216469,0.9830000000000001
0.09879965054667361,0.9831000000000001
0.09528891783011639,0.9832000000000001
0.09169196403133051,0.9833000000000001
0.08803630074602287,0.9834
0.0843525632753852,0.9835
0.08067184495579216,0.9836
0.0770238413383818,0.9837
0.07343624602057919,0.9838
0.0698450673235167,0.9839
0.06623216849434987,0.9840000000000001
0.06272993131820426,0.9841000000000001
0.059201066080678544,0.9842000000000001
0.055722567608393225,0.9843000000000001
0.052399259375081275,0.9844
0.049233144717720334,0.9845
0.0459444034027614,0.9846
0.04277170151455034,0.9847
0.03951451157892594,0.9848
0.036477011646199875,0.9849
0.03334157338490629,0.9850000000000001
0.03041507403847077,0.9851000000000001
0.027405830261622022,0.9852000000000001
0.024664699342279217,0.9853000000000001
0.022275812346746138,0.9854
0.020286290655288974,0.9855
0.018609231457408226,0.9856
0.017024417186211505,0.9857
0.015841663870210576,0.9858
0.014959495050298699,0.9859
0.014500996662404342,0.9860000000000001
0.014372758008681652,0.9861000000000001
0.014763615761828275,0.9862000000000001
0.01570914639013954,0.9863000000000001
0.017220995715906184,0.9864
0.019289353028273615,0.9865
0.02188508782060583,0.9866
0.024965722357880304,0.9867
0.02848118485595319,0.9868
0.032374579375949564,0.9869
0.03658726675078805,0.9870000000000001
0.04103042452845074,0.9871000000000001
0.045612929329054586,0.9872000000000001
0.05029737473171747,0.9873000000000001
0.05506365189963236,0.9874
0.05986687333567964,0.9875
0.0646545594015433,0.9876
0.06938640609309354,0.9877
0.0740212387300001,0.9878
0.07852395567015125,0.9879
0.08286371448934349,0.9880000000000001
0.08700939899920634,0.9881000000000001
0.09093619415151322,0.9882000000000001
0.09461837686196795,0.9883000000000001
0.09803466564241303,0.9884000000000001
0.10115528974156074,0.9885
0.10394920484608017,0.9886
0.10641262682166974,0.9887
0.10854875827083654,0.9888
0.1103480885224295,0.9889
0.11180162406245875,0.9890000000000001
0.11290244110607228,0.9891000000000001
0.11364633632459098,0.9892000000000001
0.11403106903096738,0.9893000000000001
0.11405473813455669,0.9894000000000001
0.11371780673774012,0.9895
0.11243482820991224,0.9896
0.10955516726803438,0.9897
0.10648942674025841,0.9898
0.10329342786418227,0.9899
0.09998643431343512,0.9900000000000001
0.0965125261939882,0.9901000000000001
0.09294337737804326,0.9902000000000001
0.08930484384223292,0.9903000000000001
0.08562742952104829,0.9904000000000001
0.08194290622604583,0.9905
0.07828215996909427,0.9906
0.07467357635394334,0.9907
0.07112617726214909,0.9908
0.06748508746992943,0.9909
0.06394370700103846,0.991
0.06045342752625926,0.9911000000000001
0.05693066743833275,0.9912000000000001
0.05355348599097698,0.9913000000000001
0.05035078519338265,0.9914000000000001
0.04709613959625436,0.9915
0.04393251594377978,0.9916
0.04066476185152279,0.9917
0.03755378515458285,0.9918
0.03448038244401719,0.9919
0.031475960752037624,0.992
0.028519847312101998,0.9921000000000001
0.02568517032456885,0.9922000000000001
0.023179819146085023,0.9923000000000001
0.021058305897394325,0.9924000000000001
0.01935969471528254,0.9925
0.01769188588975701,0.9926
0.016391549799603222,0.9927
0.015403907657624893,0.9928
0.01484677281116098,0.9929
0.014579263565569045,0.993
0.014791464294062306,0.9931000000000001
0.01554591708493791,0.9932000000000001
0.0168621887405358,0.9933000000000001
0.018738108062263503,0.9934000000000001
0.021150862828295702,0.9935
0.02406249083074319,0.9936
0.02742609346200453,0.9937
0.03118679364612431,0.9938
0.03528719899660704,0.9939
0.039639859937362854,0.994
0.04415423483087211,0.9941000000000001
0.048790945006179864,0.9942000000000001
0.053527579823112514,0.9943000000000001
0.05831793591481649,0.9944000000000001
0.06310841912838716,0.9945
0.06785716096421857,0.9946
0.07252168310949281,0.9947
0.07706556543989007,0.9948
0.08145677352724956,0.9949
0.08566321880651384,0.995
0.08965902104016443,0.9951000000000001
0.09341755122049278,0.9952000000000001
0.09691698051737574,0.9953000000000001
0.10013675936648891,0.9954000000000001
0.10304858679181272,0.9955
0.10562358889780776,0.9956
0.10785855207176454,0.9957
0.10975925497956807,0.9958
0.11131667992757277,0.9959
0.11252343416146704,0.996
0.11337382553534614,0.9961000000000001
0.11386451780024198,0.9962000000000001
0.11399477503676803,0.9963000000000001
0.11376357439476537,0.9964000000000001
0.11318151794815745,0.9965
0.11039149018174499,0.9966
0.10736835021279789,0.9967
0.10420584942557398,0.9968
0.10093312784558928,0.9969
0.09750269509386467,0.997
0.09395877942707609,0.9971000000000001
0.09033673687912469,0.9972000000000001
0.08666615965165225,0.9973000000000001
0.08297861048178468,0.9974000000000001
0.07930543814122926,0.9975
0.0756756620873783,0.9976
0.07211630663810975,0.9977
0.06848003167681704,0.9978
0.06490272362702743,0.9979
0.06143284275970773,0.998
0.05786909622711822,0.9981000000000001
0.05444196987254668,0.9982000000000001
0.05118194977470347,0.9983000000000001
0.04795624225420614,0.9984000000000001
0.04473324035599946,0.9985
0.04149683347136257,0.9986
0.038317752923502146,0.9987
0.03526413241188364,0.9988
0.03218089396827639,0.9989
0.02922650502884494,0.999
0.026299145298737114,0.9991000000000001
0.023684927339074013,0.9992000000000001
0.021442280205971054,0.9993000000000001
0.019613571467373525,0.9994000000000001
0.017925725380788737,0.9995
0.01649983841347713,0.9996
0.015422129125461703,0.9997
0.014724704110999687,0.9998
0.014369713908436,0.9999
0.014437188521236655,1.0
