glottal_gap,time
0.06000000000000005,0.0
0.06000000000000005,0.0001
0.05967074072785916,0.0002
0.058725769091171776,0.00030000000000000003
0.0575143802246012,0.0004
0.0563576726445254,0.0005
0.05530776220330447,0.0006000000000000001
0.05436990569805156,0.0007
0.05349192495158017,0.0008
0.05262477507523977,0.0009000000000000001
0.0517691859060494,0.001
0.05095590076524048,0.0011
0.05015668808406826,0.0012000000000000001
0.049353069900947455,0.0013000000000000002
0.04857401517376747,0.0014
0.04785401972039849,0.0015
0.04722017871259254,0.0016
0.046685713107141424,0.0017000000000000001
0.04624921862124087,0.0018000000000000002
0.04589805497085564,0.0019
0.045612465316164474,0.002
0.04537148600057317,0.0021000000000000003
0.04516015788724981,0.0022
0.04497742291781304,0.0023
0.04484130889331861,0.0024000000000000002
0.044787789747118056,0.0025
0.0448611668644463,0.0026000000000000003
0.04509845724562056,0.0027
0.04551413646186653,0.0028
0.04609301461751891,0.0029000000000000002
0.046795254475626935,0.003
0.04757148062214589,0.0031000000000000003
0.04838057156193187,0.0032
0.04920216815870293,0.0033
0.05003938621338544,0.0034000000000000002
0.050912611535530505,0.0035
0.05184886298089375,0.0036000000000000003
0.052872023886892494,0.0037
0.0539972324233291,0.0038
0.05522992995670872,0.0039000000000000003
0.05656786978772632,0.004
0.05800392588731107,0.0041
0.05952822498072652,0.004200000000000001
0.06112926855839018,0.0043
0.0627943822477508,0.0044
0.06451002587002497,0.0045000000000000005
0.06626226435123406,0.0046
0.0680374452792114,0.0047
0.06982290032684357,0.0048000000000000004
0.0716074428501633,0.0049
0.07338146021154224,0.005
0.07513653300189282,0.0051
0.07683866601804723,0.005200000000000001
0.07845063102397609,0.0053
0.07998698577983354,0.0054
0.08146690146433244,0.0055000000000000005
0.08287023903941182,0.0056
0.08405794590690563,0.0057
0.0851610822986627,0.0058000000000000005
0.08616216214777261,0.0059
0.08704251419034104,0.006
0.08778533987002468,0.0061
0.08837982293115576,0.006200000000000001
0.08882167048971468,0.0063
0.08911292653218739,0.0064
0.08926037399429398,0.006500000000000001
0.08927351273433182,0.0066
0.08916220946770803,0.0067
0.08893481882473797,0.0068000000000000005
0.08841098878722475,0.006900000000000001
0.08783227378283642,0.007
0.08721976704612322,0.0071
0.0865706775620505,0.007200000000000001
0.08587992946039302,0.0073
0.08514477140985466,0.0074
0.08436127235142565,0.007500000000000001
0.08347437941674207,0.0076
0.0823503052322353,0.0077
0.08112310325825933,0.0078000000000000005
0.07982894251114248,0.0079
0.07848403987880703,0.008
0.07709861463733525,0.0081
0.0756798504006525,0.0082
0.0742332535011343,0.0083
0.07276396249042139,0.008400000000000001
0.07127749323383148,0.0085
0.06978030968159843,0.0086
0.06828018898719435,0.008700000000000001
0.06678646801152954,0.0088
0.06531009433732371,0.0089
0.06386347350697263,0.009000000000000001
0.062460095718433806,0.0091
0.061113994340032285,0.0092
0.059839108730910806,0.009300000000000001
0.05864865511106787,0.0094
0.05755456537415671,0.0095
0.05656701627700178,0.009600000000000001
0.05569401854573175,0.0097
0.054743835333871615,0.0098
0.05390408191889007,0.0099
0.053198753432879275,0.01
0.052634007506898506,0.010100000000000001
0.05220803716804179,0.0102
0.05191645597471517,0.0103
0.05175374417939782,0.010400000000000001
0.05171462553674466,0.0105
0.05179387745312147,0.0106
0.05198583139805146,0.010700000000000001
0.052283583873564465,0.0108
0.052678543119552224,0.0109
0.05316027710650073,0.011000000000000001
0.05371674017093597,0.0111
0.054334667497896394,0.0112
0.05500007676378904,0.011300000000000001
0.05569874501288963,0.0114
0.05641664806889701,0.0115
0.05714030464750963,0.011600000000000001
0.057857021936778885,0.0117
0.058555009551963355,0.0118
0.059223379257812736,0.0119
0.05985205051633935,0.012
0.060403334676210174,0.012100000000000001
0.06083673902780429,0.0122
0.06117058461030567,0.0123
0.061432525009709305,0.012400000000000001
0.06162295242718929,0.0125
0.06173697259610722,0.0126
0.061767290809845,0.012700000000000001
0.06170787460760585,0.0128
0.06155507747350342,0.0129
0.06130741179266175,0.013000000000000001
0.06096495072745678,0.0131
0.06052885153247056,0.0132
0.06000113206125557,0.013300000000000001
0.059384650489651136,0.0134
0.058683153969688595,0.0135
0.057935000833550854,0.013600000000000001
0.057181983541361614,0.0137
0.05639561566404083,0.013800000000000002
0.05553940066493723,0.013900000000000001
0.05461337131675914,0.014
0.053626455711498267,0.014100000000000001
0.05259228088650736,0.0142
0.05152449924285274,0.0143
0.0504354422922908,0.014400000000000001
0.049336460812279714,0.0145
0.048238678582965155,0.0146
0.047153608362209054,0.014700000000000001
0.04609337649976464,0.0148
0.045070645036724866,0.0149
0.04409832467314567,0.015000000000000001
0.04318922837300154,0.0151
0.042355663256347764,0.0152
0.04160915068173776,0.015300000000000001
0.040960177970046585,0.0154
0.04041812106627907,0.0155
0.0399911613356112,0.015600000000000001
0.039686293732711375,0.015700000000000002
0.0395092781694637,0.0158
0.039464655862012865,0.0159
0.039555711333545185,0.016
0.039784462002601995,0.0161
0.04015156021746269,0.0162
0.04065620996603214,0.016300000000000002
0.04129607985907757,0.0164
0.04206735632243497,0.0165
0.0429649000222343,0.0166
0.0439825169609922,0.0167
0.04511319805356817,0.016800000000000002
0.04634929966201007,0.016900000000000002
0.04768261502957971,0.017
0.04910442535412951,0.0171
0.05060555416501744,0.0172
0.052176474814429774,0.0173
0.05380741969821434,0.017400000000000002
0.05548847790557776,0.0175
0.05720963980384042,0.0176
0.05896081720712232,0.0177
0.06073184835393164,0.0178
0.06251252954780939,0.0179
0.06429267281792861,0.018000000000000002
0.06606219940890934,0.0181
0.06781124345165979,0.0182
0.06950281207632625,0.0183
0.07109716383566689,0.0184
0.07261135661384366,0.018500000000000003
0.07407098417434177,0.018600000000000002
0.07547513723277366,0.0187
0.07681759822420675,0.0188
0.07808938732344106,0.0189
0.07928233263162254,0.019
0.08038999108237244,0.019100000000000002
0.08140738078321064,0.019200000000000002
0.08233032609685975,0.0193
0.0831549518603999,0.0194
0.0838774884232314,0.0195
0.084494331815132,0.0196
0.08500221375231753,0.019700000000000002
0.08539836067202444,0.0198
0.08568063295508876,0.0199
0.08584756108032732,0.02
0.08589838748450507,0.0201
0.0858330404222939,0.020200000000000003
0.08561470120049963,0.020300000000000002
0.08520650820343478,0.0204
0.08469664272859656,0.0205
0.08409262186214461,0.0206
0.08339907722669893,0.0207
0.08261886145405006,0.020800000000000003
0.08175499591105784,0.020900000000000002
0.08081134201540008,0.021
0.07979309933025536,0.0211
0.0787090350868227,0.0212
0.07757496334341918,0.0213
0.0764034945632972,0.021400000000000002
0.07519550200515357,0.021500000000000002
0.07395323913388441,0.0216
0.07268635218084885,0.0217
0.07140620005542442,0.0218
0.07012329961372543,0.0219
0.0688466358300811,0.022000000000000002
0.06758421839652806,0.0221
0.06634382482381551,0.0222
0.06513356406539106,0.0223
0.063962007499473,0.0224
0.06283805275596166,0.022500000000000003
0.06177059712394428,0.022600000000000002
0.06076826114795586,0.0227
0.059839132097959324,0.0228
0.05899061705265085,0.0229
0.058229317398424296,0.023
0.05756092238968269,0.023100000000000002
0.05699006912663096,0.023200000000000002
0.056520198344164996,0.0233
0.056153441057126274,0.0234
0.05577794807192582,0.0235
0.055428831385846866,0.0236
0.0551910258139543,0.023700000000000002
0.05507132877599363,0.0238
0.05506908748348516,0.0239
0.05517920930410791,0.024
0.05539455251265624,0.0241
0.055706955338433506,0.024200000000000003
0.05610780300614038,0.024300000000000002
0.05658807463906679,0.0244
0.057138214380622276,0.0245
0.05774795047785797,0.0246
0.058406233743865776,0.0247
0.05910131408489194,0.024800000000000003
0.05982095324527892,0.024900000000000002
0.06055268457617857,0.025
0.061284066747514854,0.0251
0.062002873068373154,0.0252
0.06269722650695564,0.0253
0.06332802769766177,0.025400000000000002
0.0638531291923371,0.025500000000000002
0.06428763546330574,0.0256
0.06465616129855445,0.0257
0.06495721589878378,0.0258
0.06518437261680399,0.025900000000000003
0.06532905712233439,0.026000000000000002
0.06538418203970775,0.0261
0.06534523334972187,0.0262
0.0652099907482303,0.0263
0.0649777764127707,0.0264
0.06464877970222938,0.026500000000000003
0.06422366854056605,0.026600000000000002
0.06370351075650971,0.0267
0.06308988737016896,0.0268
0.062385080120653025,0.0269
0.06159227750670426,0.027
0.06071567912065334,0.027100000000000003
0.05976056938344265,0.027200000000000002
0.058767389830179706,0.0273
0.05777984868397956,0.0274
0.0567702343672174,0.0275
0.055702865982856675,0.027600000000000003
0.05457903821112153,0.027700000000000002
0.053408715872383716,0.027800000000000002
0.052206242590561835,0.0279
0.05098561465009799,0.028
0.04975928833393639,0.0281
0.048538705872402055,0.028200000000000003
0.04733519642517314,0.028300000000000002
0.04616059438429532,0.0284
0.04502734378211293,0.0285
0.04394824703846978,0.0286
0.04293608108142033,0.0287
0.042003272362161725,0.028800000000000003
0.04116160831415838,0.028900000000000002
0.04042207021859223,0.029
0.039794622365226795,0.0291
0.03928807878669072,0.0292
0.03890993304515411,0.029300000000000003
0.03866630904333901,0.029400000000000003
0.038561920749385914,0.029500000000000002
0.038600137592329054,0.0296
0.03878299675861552,0.0297
0.03911120612972607,0.0298
0.03958402227394209,0.029900000000000003
0.04019912359264377,0.030000000000000002
0.04095249325036443,0.030100000000000002
0.0418384743106488,0.0302
0.04284996681988029,0.0303
0.04397876495850439,0.0304
0.04521587213603073,0.030500000000000003
0.04655174876442136,0.030600000000000002
0.04797643499847015,0.0307
0.04947963291958524,0.0308
0.05105077425593341,0.0309
0.052679125668049886,0.031
0.05435388642341832,0.031100000000000003
0.05606427091876198,0.031200000000000002
0.05779954206248816,0.0313
0.05954902791216088,0.031400000000000004
0.061302131982134966,0.0315
0.06304837509075878,0.0316
0.06477746295079412,0.0317
0.06645155017270765,0.0318
0.0680298467226208,0.031900000000000005
0.06952913485169121,0.032
0.07097512706710674,0.032100000000000004
0.07236682771966363,0.0322
0.07369797802386024,0.0323
0.0749596645927113,0.0324
0.07614387333808192,0.0325
0.07724442527512854,0.032600000000000004
0.07825666024919553,0.0327
0.07917674334957325,0.0328
0.08000112998896636,0.0329
0.08072635700309982,0.033
0.08134910723948474,0.033100000000000004
0.0818663952513976,0.0332
0.08227574789348435,0.0333
0.08257536181084546,0.0334
0.08276415035794427,0.0335
0.082841784676145,0.033600000000000005
0.08280865664713899,0.0337
0.08266587708821038,0.033800000000000004
0.0824152191503783,0.0339
0.08205909580684612,0.034
0.08160048641025397,0.0341
0.08104290679634596,0.0342
0.08039037478158184,0.034300000000000004
0.07959232823441431,0.0344
0.07866344891922439,0.0345
0.07766766569605588,0.0346
0.0766158832118432,0.0347
0.0755187253707642,0.034800000000000005
0.07439162195531168,0.0349
0.07324581161254928,0.035
0.07208028925948673,0.0351
0.07089593131332783,0.0352
0.06970177667781352,0.035300000000000005
0.06850894685951425,0.0354
0.06732777557204273,0.035500000000000004
0.06616693427310805,0.0356
0.06503393198987084,0.0357
0.0639358982113829,0.0358
0.06288022308151164,0.0359
0.061874750816475976,0.036000000000000004
0.06092767262587817,0.0361
0.06004718448100821,0.0362
0.05924116485707409,0.0363
0.05851684374449606,0.0364
0.05788057993147211,0.036500000000000005
0.05733768238050496,0.0366
0.056892317685345084,0.0367
0.056547471313739495,0.0368
0.056304985941559194,0.0369
0.05616565088500436,0.037000000000000005
0.0561033701147029,0.0371
0.05599563205869851,0.037200000000000004
0.05599132794684425,0.0373
0.05609875486039817,0.0374
0.0563188535876451,0.0375
0.05664626355876434,0.0376
0.057073121756514356,0.037700000000000004
0.057589936102175665,0.0378
0.058186719870062964,0.0379
0.058853165070440694,0.038
0.059578705489462314,0.0381
0.06035232003247959,0.038200000000000005
0.061162468010112825,0.0383
0.06199710313739182,0.038400000000000004
0.06284385548945293,0.0385
0.06369024298403425,0.0386
0.06452389408503756,0.038700000000000005
0.0653055038137016,0.0388
0.06599249723975364,0.038900000000000004
0.06659823395723741,0.039
0.0671453340210193,0.0391
0.06763075785696915,0.0392
0.0680464269801343,0.0393
0.0683819115825659,0.039400000000000004
0.06862803486595226,0.0395
0.06877798622082276,0.0396
0.06882717553603002,0.0397
0.06877265434075897,0.0398
0.0686126028772317,0.039900000000000005
0.06834602551175462,0.04
0.06797263498818851,0.040100000000000004
0.06749282189120098,0.0402
0.06690765840217416,0.0403
0.06621896394215143,0.040400000000000005
0.0654293650674409,0.0405
0.06454241804698024,0.040600000000000004
0.0635626797079547,0.0407
0.062495789654054335,0.0408
0.061348458322790456,0.0409
0.06012844269044615,0.041
0.05887763261956214,0.041100000000000005
0.05764059965835222,0.0412
0.056391910748445184,0.0413
0.055098571839150345,0.0414
0.05376382330013363,0.0415
0.052399450621815724,0.041600000000000005
0.05102166711421585,0.0417
0.04964637207045097,0.041800000000000004
0.04828783396198344,0.0419
0.04695898830767575,0.042
0.04567219912701437,0.042100000000000005
0.04443987444266728,0.0422
0.04327469004774476,0.042300000000000004
0.042189474899913426,0.0424
0.041196900746256926,0.0425
0.04030913392931734,0.0426
0.039537478240707635,0.0427
0.03889214864189516,0.042800000000000005
0.03838205360716507,0.0429
0.038014689538106605,0.043000000000000003
0.03779600478041867,0.0431
0.03773035622917775,0.0432
0.03782044927314643,0.043300000000000005
0.03806737051789755,0.0434
0.03847058567292394,0.043500000000000004
0.039027960338698264,0.0436
0.03973569853686043,0.0437
0.04058830809216962,0.0438
0.0415785956145478,0.0439
0.04269783010867312,0.044000000000000004
0.04393602891298065,0.0441
0.045282348121223226,0.0442
0.046725414737160964,0.0443
0.048253560189360334,0.0444
0.049854913409933754,0.044500000000000005
0.051517450935986586,0.0446
0.05322904296792319,0.044700000000000004
0.05497755142758676,0.0448
0.05675093608929771,0.0449
0.05853735551501238,0.045000000000000005
0.0603252226186336,0.0451
0.062103238644641845,0.045200000000000004
0.06386041121107888,0.0453
0.06555744738081726,0.0454
0.06715192620824217,0.0455
0.0686606215923442,0.0456
0.07010965207736264,0.045700000000000005
0.07149774166917389,0.0458
0.0728182806026414,0.0459
0.07406206839529006,0.046
0.07522095646398153,0.0461
0.07628883430028455,0.046200000000000005
0.07726128051964587,0.0463
0.07813482025490048,0.046400000000000004
0.07890633860839869,0.0465
0.07957283041460939,0.0466
0.08013144172870668,0.046700000000000005
0.08057964885347513,0.0468
0.08091544628799041,0.046900000000000004
0.08113751992560181,0.047
0.08124531123151901,0.0471
0.08123907241208894,0.0472
0.08111983552035862,0.0473
0.08088940911320519,0.047400000000000005
0.0805503122784752,0.0475
0.08010573917634678,0.0476
0.07955947045777734,0.0477
0.07891583000361135,0.0478
0.0781796386800141,0.047900000000000005
0.07735625683188174,0.048
0.07645164944232008,0.048100000000000004
0.07547249314220617,0.0482
0.07442621308589947,0.0483
0.07323192546522161,0.048400000000000006
0.07200186762986749,0.0485
0.07076208284438301,0.048600000000000004
0.06951561128282469,0.0487
0.06826377988315457,0.0488
0.06701524490774657,0.0489
0.06578040353371073,0.049
0.06456910257518678,0.049100000000000005
0.06338987120672868,0.0492
0.06225045137411833,0.049300000000000004
0.061158426306575864,0.0494
0.060121741014198316,0.0495
0.05914875362501015,0.049600000000000005
0.05824806701973628,0.0497
0.05742815231015741,0.049800000000000004
0.05669704749302373,0.0499
0.05606205044581691,0.05
0.0555295288941946,0.050100000000000006
0.055104750665491586,0.0502
0.05479177711755523,0.050300000000000004
0.05459337279649201,0.0504
0.054510969628817074,0.0505
0.05454468133342627,0.0506
0.054618775015402576,0.0507
0.05471117338095399,0.050800000000000005
0.054919605509033076,0.0509
0.05524946487194282,0.051000000000000004
0.055699080321800265,0.0511
0.056261886273412554,0.0512
0.05692910263685702,0.051300000000000005
0.05769057882351447,0.0514
0.058535474444061375,0.051500000000000004
0.05945235583983033,0.0516
0.060429211708301844,0.0517
0.061453383850890275,0.051800000000000006
0.06251161587412501,0.0519
0.06359018489314028,0.052000000000000005
0.06467513975029526,0.0521
0.06575254920720663,0.0522
0.0667814289165839,0.0523
0.06771741248618302,0.0524
0.06857221064289731,0.052500000000000005
0.06936702306800469,0.0526
0.07009750858765074,0.052700000000000004
0.07075428202204881,0.0528
0.07132553939942132,0.0529
0.07180063199114395,0.053000000000000005
0.07217116844488447,0.0531
0.07243088309782564,0.053200000000000004
0.07257510010074597,0.0533
0.0726002843124346,0.0534
0.07250382204191741,0.053500000000000006
0.07228398012381154,0.0536
0.07193992059787169,0.053700000000000005
0.07147169528149833,0.0538
0.07088025910279971,0.0539
0.07016745336729868,0.054
0.06933606403817638,0.0541
0.06838985703694145,0.054200000000000005
0.0673336621201659,0.0543
0.06617338743692769,0.054400000000000004
0.06491603811925828,0.0545
0.0635696553042896,0.0546
0.06214327022125765,0.054700000000000006
0.06067997487779231,0.0548
0.059225365028958254,0.054900000000000004
0.057755104327829265,0.055
0.05623774819162741,0.0551
0.054678337367662255,0.055200000000000006
0.053090481591641536,0.0553
0.051492149008700805,0.055400000000000005
0.049900808771542016,0.0555
0.04833216127297835,0.055600000000000004
0.046800523054844057,0.0557
0.04531969066177188,0.0558
0.04390359758543272,0.055900000000000005
0.042566510277905145,0.056
0.04132285218584553,0.056100000000000004
0.04018684531872463,0.0562
0.03917214310819572,0.0563
0.03829146911801251,0.056400000000000006
0.03755637312540183,0.0565
0.03697696616240842,0.056600000000000004
0.03656174175249216,0.0567
0.03631735919917456,0.0568
0.03624853263546601,0.056900000000000006
0.03635793078529237,0.057
0.03664620042862965,0.057100000000000005
0.03711198128922155,0.0572
0.03775196048704421,0.057300000000000004
0.03856085302719614,0.0574
0.039531412027414614,0.0575
0.040654470369556606,0.057600000000000005
0.04191915210005548,0.0577
0.043313205657450116,0.057800000000000004
0.044823437189832394,0.0579
0.04643607901880076,0.058
0.04813705387754674,0.058100000000000006
0.049912097979700976,0.0582
0.051746844477225995,0.058300000000000005
0.053626906821155895,0.0584
0.05553801364439104,0.0585
0.05746614526710614,0.058600000000000006
0.05939765394718677,0.0587
0.06131932704611098,0.058800000000000005
0.0631897872989492,0.0589
0.0649643527410978,0.059000000000000004
0.06665734090716724,0.0591
0.06829273645084699,0.0592
0.06986739076875292,0.059300000000000005
0.07137287410263671,0.0594
0.07279825428448217,0.059500000000000004
0.07413374087388158,0.0596
0.07537174204083275,0.0597
0.07650653997040835,0.059800000000000006
0.0775335555079838,0.0599
0.0784487423902519,0.060000000000000005
0.07924830051993104,0.0601
0.07992867776838686,0.060200000000000004
0.08048671565080323,0.0603
0.0809198179501357,0.0604
0.08122611943343405,0.060500000000000005
0.08140456039095167,0.0606
0.08145496058062807,0.060700000000000004
0.08137801130333011,0.0608
0.08117529153128533,0.0609
0.08084921518568933,0.061000000000000006
0.0804029996139507,0.0611
0.07984057334578543,0.061200000000000004
0.07916652249032063,0.0613
0.07838603042220293,0.0614
0.0775049039869733,0.061500000000000006
0.07652962340441838,0.0616
0.07546743803784461,0.061700000000000005
0.07432639970772614,0.0618
0.07311533567479045,0.061900000000000004
0.07187401889264977,0.062
0.07062546447253326,0.0621
0.06918849896401269,0.062200000000000005
0.06773549415663382,0.0623
0.06627873967096676,0.062400000000000004
0.06483388459295425,0.0625
0.06341368355889698,0.0626
0.06202895999246061,0.0627
0.060688314613788874,0.06280000000000001
0.059399626727652866,0.0629
0.05817097189260534,0.063
0.05701130988270142,0.0631
0.055930368973876154,0.0632
0.05493831743427324,0.06330000000000001
0.054045159674655174,0.0634
0.05326031259826758,0.0635
0.05259222442043621,0.0636
0.05204819627158397,0.0637
0.051634241736621345,0.06380000000000001
0.05135502551509519,0.0639
0.051213797545104134,0.064
0.05121236192699996,0.0641
0.051351060521848346,0.06420000000000001
0.05145516595890687,0.06430000000000001
0.05169272055150076,0.0644
0.05207616592254749,0.0645
0.05260735982196363,0.0646
0.053280515148798946,0.06470000000000001
0.054086882098390854,0.0648
0.055015655490918025,0.0649
0.05605525225229191,0.065
0.057193428904790844,0.0651
0.058417288838357395,0.06520000000000001
0.05971302391816091,0.0653
0.06106582727475385,0.0654
0.06245995820626504,0.0655
0.06387902913856913,0.0656
0.06530637586854537,0.06570000000000001
0.06669849458631805,0.0658
0.06800824788126936,0.0659
0.06924358574060974,0.066
0.07042221121662162,0.0661
0.07153709385956541,0.06620000000000001
0.07257640032129276,0.0663
0.07352600682088228,0.0664
0.07437297201512061,0.0665
0.07510659937569075,0.0666
0.07571830747700359,0.06670000000000001
0.0762011119847954,0.0668
0.07654921212093102,0.0669
0.07675780892049033,0.067
0.07682310284771199,0.0671
0.07674233026228827,0.06720000000000001
0.07651376371929552,0.0673
0.0761367113624637,0.0674
0.0756114843402399,0.0675
0.07493944212364612,0.06760000000000001
0.07412302807373461,0.06770000000000001
0.07316585728440028,0.0678
0.07207273767221267,0.0679
0.07084969041563993,0.068
0.06950389373334132,0.06810000000000001
0.06804364585318867,0.0682
0.06647830710044678,0.0683
0.0648183036584884,0.0684
0.06307513267125864,0.0685
0.061293929955664184,0.06860000000000001
0.05952210799340474,0.0687
0.057738205327666714,0.0688
0.055914058617475115,0.0689
0.054057402794052356,0.069
0.05218414676588612,0.06910000000000001
0.05031435032479914,0.0692
0.04846752211683114,0.0693
0.046661521498210234,0.0694
0.0449129464143907,0.0695
0.04323794348885279,0.06960000000000001
0.04165276748151037,0.0697
0.04017391956629068,0.0698
0.03881793186351867,0.0699
0.03760098750906571,0.07
0.03653849591045821,0.07010000000000001
0.03564464972976089,0.0702
0.03493206927920012,0.0703
0.03441143872594221,0.0704
0.03409124749522263,0.07050000000000001
0.033977537871786145,0.07060000000000001
0.034073789222106576,0.0707
0.03438084830054966,0.0708
0.03489699847443761,0.0709
0.035618036584984525,0.07100000000000001
0.03653739099190312,0.0711
0.037646172965021485,0.0712
0.0389332592241729,0.0713
0.04038541573868404,0.0714
0.04198759514190176,0.07150000000000001
0.043723360741125816,0.0716
0.04557540438943808,0.0717
0.047525992253143245,0.0718
0.04955729345920723,0.0719
0.05165155763149465,0.07200000000000001
0.05379123848746281,0.0721
0.055959102315396025,0.0722
0.05813836782472115,0.0723
0.06031283030861434,0.0724
0.062437819899586744,0.07250000000000001
0.06446528047429856,0.0726
0.06640719042556564,0.0727
0.06828579755810549,0.0728
0.07009605528990726,0.0729
0.07182760617828621,0.07300000000000001
0.07346759215664167,0.0731
0.07500434555412316,0.0732
0.0764285356841713,0.0733
0.07773289631419844,0.0734
0.07891152884266428,0.07350000000000001
0.07995931015191027,0.0736
0.08087159525769505,0.0737
0.08164419127155231,0.0738
0.0822734647790655,0.07390000000000001
0.08275647152131116,0.07400000000000001
0.08309109338682996,0.0741
0.0832760943929759,0.0742
0.0833111918577718,0.0743
0.083197060307175,0.07440000000000001
0.08293537008937657,0.0745
0.08252876099361661,0.0746
0.08198083449637872,0.0747
0.08129607631885638,0.0748
0.08047980592157788,0.07490000000000001
0.07953810664793104,0.075
0.0784778332430267,0.0751
0.07730663866339937,0.0752
0.07603304935748845,0.0753
0.07466648527946229,0.07540000000000001
0.07321722898073446,0.0755
0.07169629636993358,0.0756
0.07014547562352003,0.0757
0.06860779010290785,0.0758
0.06693444365606782,0.07590000000000001
0.06517312848646128,0.076
0.06341282828333628,0.0761
0.06167522263997571,0.0762
0.05997788116443714,0.0763
0.05833431353085805,0.07640000000000001
0.05675531820736013,0.0765
0.055250554466468316,0.0766
0.053829895573548114,0.0767
0.0525041432494775,0.07680000000000001
0.05128495165616642,0.07690000000000001
0.05018436203065102,0.077
0.04921411714164381,0.0771
0.04838512352557278,0.0772
0.04770702269499094,0.07730000000000001
0.047187973965529206,0.07740000000000001
0.046834511168494464,0.0775
0.046651473110777,0.0776
0.04664193485759083,0.0777
0.046714873906870125,0.07780000000000001
0.04685908709781539,0.0779
0.04718025075066423,0.078
0.047687403885438906,0.0781
0.04838006100486014,0.0782
0.049251137058230254,0.07830000000000001
0.050290311216635075,0.0784
0.05148518773049249,0.0785
0.052822165380099984,0.0786
0.05428658525277652,0.0787
0.05586274488310816,0.07880000000000001
0.05753377850859098,0.0789
0.059281638472330256,0.079
0.06108718285735293,0.0791
0.06293045900311467,0.0792
0.06479110663334853,0.07930000000000001
0.06662146737938901,0.0794
0.06836999211324579,0.0795
0.07004101385360284,0.0796
0.07164932262477708,0.07970000000000001
0.07318513629260948,0.07980000000000001
0.07463405369289322,0.0799
0.0759795507665958,0.08
0.07720644086280848,0.0801
0.07830196668726652,0.08020000000000001
0.07925567736339045,0.08030000000000001
0.0800589176186316,0.0804
0.08070439700289556,0.0805
0.08118597419420237,0.0806
0.08149860518074492,0.08070000000000001
0.08163834069038756,0.08080000000000001
0.08160230835835369,0.0809
0.08138872705061995,0.081
0.08099690662365289,0.0811
0.08042733095567267,0.08120000000000001
0.07968171780204003,0.0813
0.07876311893705679,0.0814
0.07767594254419286,0.0815
0.07642597409837593,0.0816
0.0750203182544188,0.08170000000000001
0.07346735906863577,0.0818
0.07177669399161879,0.0819
0.06995912901244106,0.082
0.06802667819198482,0.0821
0.06599259813766589,0.08220000000000001
0.06387136631212453,0.0823
0.06171045545299958,0.0824
0.05955911426213567,0.0825
0.057398686942416344,0.0826
0.055204251791586056,0.08270000000000001
0.05298635108724281,0.0828
0.050763668591891964,0.0829
0.04855915535918642,0.083
0.04639534630228059,0.08310000000000001
0.0442932504967295,0.08320000000000001
0.04227266957771869,0.0833
0.040352961852044844,0.0834
0.038553576700039116,0.0835
0.036894164710855826,0.08360000000000001
0.0353943164122279,0.08370000000000001
0.03407310708728528,0.0838
0.03294857507169646,0.0839
0.03203716541630053,0.084
0.031353252986301205,0.08410000000000001
0.030908652676354453,0.08420000000000001
0.030712239663202245,0.0843
0.03076959352098174,0.0844
0.031082815021275856,0.0845
0.03165043957397873,0.08460000000000001
0.03246754600271595,0.0847
0.033525923430304694,0.0848
0.03481431635427956,0.0849
0.03631862663332042,0.085
0.03802216101410605,0.08510000000000001
0.03990592906824242,0.0852
0.04194911618561381,0.0853
0.04412967194370809,0.0854
0.04642496489534187,0.0855
0.04881232608351138,0.08560000000000001
0.05126943314969035,0.0857
0.05377450701537745,0.0858
0.05630642747052139,0.0859
0.05884481546374465,0.08600000000000001
0.06134059692940552,0.08610000000000001
0.06374116354616355,0.0862
0.0660547771602592,0.0863
0.06830078388632377,0.0864
0.07047143462990457,0.08650000000000001
0.07255380462925809,0.08660000000000001
0.07453255034935624,0.0867
0.07639355585048946,0.0868
0.07812511631538399,0.0869
0.07971769677712015,0.08700000000000001
0.081163286201697,0.08710000000000001
0.0824548544706808,0.0872
0.08358609151212637,0.0873
0.08455139890429897,0.0874
0.08534599251108732,0.08750000000000001
0.08596600849580838,0.0876
0.08640860472723744,0.0877
0.08667197904417956,0.0878
0.08675540933977488,0.0879
0.0866592398016961,0.08800000000000001
0.08638491818226468,0.0881
0.08593498349225959,0.0882
0.08531308338232291,0.0883
0.08452392553875376,0.0884
0.08357325194950238,0.08850000000000001
0.08246778272045208,0.0886
0.08121522363405065,0.0887
0.07982428121214469,0.0888
0.07830472132873756,0.0889
0.07666737479944852,0.08900000000000001
0.074924099189137,0.0891
0.07308764846949423,0.0892
0.07117152436764507,0.0893
0.06922024613974342,0.08940000000000001
0.06727934622903231,0.08950000000000001
0.06519205117431914,0.0896
0.0630183314108127,0.0897
0.060851858527299796,0.0898
0.05871797468510653,0.08990000000000001
0.056637548519897996,0.09000000000000001
0.05462724546409525,0.0901
0.052700976316375714,0.0902
0.05087155559427137,0.0903
0.04915206899337354,0.09040000000000001
0.04755655063377873,0.09050000000000001
0.04609982874901708,0.0906
0.04479697453184128,0.0907
0.04366253736839565,0.0908
0.042709943611033196,0.09090000000000001
0.04195101580195493,0.091
0.041395707455487374,0.0911
0.04105190985028018,0.0912
0.040925327723904115,0.0913
0.040892631080588826,0.09140000000000001
0.04097580053232952,0.0915
0.04128548390610143,0.0916
0.04183509623009418,0.0917
0.04262551155382188,0.0918
0.04364934468953474,0.09190000000000001
0.0448948519900334,0.092
0.04634751167362583,0.0921
0.0479909366440856,0.0922
0.04980706188724837,0.09230000000000001
0.05177616250121364,0.09240000000000001
0.05387689063728085,0.0925
0.05608640988605851,0.0926
0.058380646906698086,0.0927
0.06073463504610377,0.09280000000000001
0.06312297234244502,0.09290000000000001
0.0654927205466651,0.093
0.06778673559208326,0.0931
0.07000413823081308,0.0932
0.07215539314920294,0.09330000000000001
0.07422694717866563,0.09340000000000001
0.0762009658106505,0.0935
0.0780577596162807,0.0936
0.07977918045345933,0.0937
0.08134971682720282,0.09380000000000001
0.08275637629282606,0.09390000000000001
0.08398818247625872,0.094
0.08503575209655401,0.0941
0.08589106505676047,0.0942
0.08654738983361465,0.09430000000000001
0.08699924319867158,0.0944
0.0872423414729463,0.0945
0.08727359052245598,0.0946
0.08709108076146344,0.0947
0.08669417427510584,0.09480000000000001
0.08608357936806355,0.0949
0.0852614649869412,0.095
0.08423150110940736,0.0951
0.08299889595481924,0.0952
0.08157035554423586,0.09530000000000001
0.07995405569345004,0.0954
0.07815958168677384,0.0955
0.07619791925375385,0.0956
0.07408144667034233,0.09570000000000001
0.07182396399479929,0.09580000000000001
0.06944067785399188,0.0959
0.06694815306773116,0.096
0.06439701672540643,0.0961
0.06183957510822058,0.09620000000000001
0.05925804884489705,0.09630000000000001
0.05662858011434113,0.0964
0.0539641578989658,0.0965
0.05128633034620189,0.0966
0.04862125720612687,0.09670000000000001
0.045994864415070724,0.09680000000000001
0.04343172121698613,0.0969
0.04095538352819483,0.097
0.038589198640664346,0.0971
0.03635689134538844,0.09720000000000001
0.03428270435960723,0.09730000000000001
0.03239116725835478,0.0974
0.030706646596125653,0.0975
0.02925280512797812,0.0976
0.02805195702140062,0.09770000000000001
0.027124421874264337,0.0978
0.026487753364942357,0.0979
0.026155995271403887,0.098
0.026138914059377072,0.0981
0.026441446352656994,0.09820000000000001
0.027063349497792766,0.0983
0.02799921079041412,0.0984
0.029238668314948812,0.0985
0.03076683476237929,0.09860000000000001
0.032564746500783004,0.09870000000000001
0.03460989658466507,0.0988
0.03687683073434611,0.0989
0.03933792313895057,0.099
0.04196424802556953,0.09910000000000001
0.044726475789180764,0.09920000000000001
0.04759558935625052,0.0993
0.05054336921200431,0.0994
0.053542627011333055,0.0995
0.05656731722794195,0.09960000000000001
0.05956266568607904,0.09970000000000001
0.06247023458346401,0.0998
0.06529323608075155,0.0999
0.06804696520727527,0.1
0.07072000597094807,0.10010000000000001
0.07329599516849772,0.10020000000000001
0.07575631835175589,0.1003
0.07808369504525647,0.1004
0.0802633777706836,0.1005
0.08228291576145119,0.10060000000000001
0.08413152586121952,0.10070000000000001
0.08579958115283304,0.1008
0.08727837647453096,0.1009
0.08856015106574411,0.101
0.08963820661516586,0.10110000000000001
0.09050702082310069,0.1012
0.0911623372430832,0.1013
0.09160116619903036,0.1014
0.09182179908492372,0.1015
0.09182377482882165,0.10160000000000001
0.09160790176188616,0.1017
0.09117624333970853,0.1018
0.09053214187135639,0.1019
0.08968018654163223,0.10200000000000001
0.08862620569094581,0.10210000000000001
0.08737722769154344,0.1022
0.0859414972506013,0.1023
0.08432849280705601,0.1024
0.08254898226609209,0.10250000000000001
0.08061502794476239,0.10260000000000001
0.07853995178773587,0.1027
0.07633821292396725,0.1028
0.07402526520623653,0.1029
0.07161740825518392,0.10300000000000001
0.06916275788105242,0.10310000000000001
0.06670226477639851,0.1032
0.06400460327223956,0.1033
0.061297400869189334,0.1034
0.05860476855977037,0.10350000000000001
0.05595356456964917,0.10360000000000001
0.053366381108401306,0.1037
0.05086360062481554,0.1038
0.04846322591660912,0.1039
0.04618273873601875,0.10400000000000001
0.04404002678302188,0.1041
0.042054001453585066,0.1042
0.040244228253699665,0.1043
0.038630359222908695,0.1044
0.0372312673770836,0.10450000000000001
0.03606442303255242,0.1046
0.03514531372482388,0.1047
0.03448708358008035,0.1048
0.03410018434775308,0.10490000000000001
0.03397497177193842,0.10500000000000001
0.03385644347383954,0.1051
0.03401306691120687,0.1052
0.03447645314415326,0.1053
0.03525947249352601,0.10540000000000001
0.03635701837411065,0.10550000000000001
0.037756539237634223,0.1056
0.039439885224229476,0.1057
0.04138620856130326,0.1058
0.04357224380328484,0.10590000000000001
0.04597263418180697,0.10600000000000001
0.04855977428635949,0.1061
0.051304092345809904,0.1062
0.05417439415766734,0.1063
0.057138477226178486,0.10640000000000001
0.06016373664820407,0.10650000000000001
0.06321785574338945,0.1066
0.06623932517779152,0.1067
0.06916266780388336,0.1068
0.07198431222103696,0.10690000000000001
0.07471383546414578,0.10700000000000001
0.07733511729882436,0.1071
0.07982766467233782,0.1072
0.0821692341099236,0.1073
0.08433943467363336,0.10740000000000001
0.08632094619035324,0.1075
0.08809938762102465,0.1076
0.0896627679073354,0.1077
0.09100099347780743,0.1078
0.09210554733934173,0.10790000000000001
0.09296932464982643,0.108
0.09358652177177651,0.1081
0.09395256240378413,0.1082
0.0940641105632265,0.10830000000000001
0.09391911541485198,0.10840000000000001
0.0935169489860257,0.1085
0.09285850803283358,0.1086
0.09194633609330549,0.1087
0.09078465910652556,0.10880000000000001
0.08937942293130563,0.10890000000000001
0.08773825623506049,0.109
0.08587044859912607,0.1091
0.0837868875066492,0.1092
0.08150004102945663,0.10930000000000001
0.07902393705759025,0.10940000000000001
0.07637418763421278,0.1095
0.07356797912977564,0.1096
0.0706240427057443,0.1097
0.06756255189236215,0.10980000000000001
0.06443713247118399,0.10990000000000001
0.061302622187513034,0.11
0.05814487490181697,0.1101
0.05494443669228244,0.1102
0.05171854813113996,0.11030000000000001
0.04849303657588511,0.11040000000000001
0.045298434947866895,0.1105
0.04216512664443517,0.1106
0.0391222760992771,0.1107
0.036198178716661644,0.11080000000000001
0.03342111860417862,0.1109
0.03082003508910014,0.111
0.02842479000409015,0.1111
0.026266073077284124,0.11120000000000001
0.02437505941257112,0.11130000000000001
0.022782847053650412,0.1114
0.02151956305112135,0.1115
0.020613133636045555,0.1116
0.02030387838275316,0.11170000000000001
0.02074787072201212,0.11180000000000001
0.021462866776754685,0.1119
0.022138854289573517,0.112
0.023042682268677783,0.1121
0.024330295532325907,0.11220000000000001
0.026008295662785175,0.11230000000000001
0.0280667402346102,0.1124
0.03046002716320828,0.1125
0.03314177568706489,0.1126
0.03606488849446299,0.11270000000000001
0.03918888916645025,0.11280000000000001
0.042476626869115686,0.1129
0.04589401177352315,0.113
0.04940762182752101,0.1131
0.052984965973602804,0.11320000000000001
0.056594046930219744,0.11330000000000001
0.060172058827424824,0.1134
0.06365215973070726,0.1135
0.06703392040741984,0.1136
0.07033049134099367,0.11370000000000001
0.07352703694191154,0.11380000000000001
0.07660389992912453,0.1139
0.07953953869426578,0.114
0.08231410703492603,0.11410000000000001
0.0849105024124055,0.11420000000000001
0.08731372537170756,0.1143
0.08951000426501043,0.1144
0.09148631763363357,0.1145
0.09323060047341891,0.11460000000000001
0.09473238552254593,0.11470000000000001
0.09598342787920977,0.1148
0.09697790516452975,0.1149
0.09771217589024506,0.115
0.09818422898042334,0.11510000000000001
0.09839325903426666,0.11520000000000001
0.09833946339050847,0.1153
0.09802414595400133,0.1154
0.09744985144066765,0.1155
0.09662047432867538,0.11560000000000001
0.09554120934974009,0.11570000000000001
0.09421850704138879,0.1158
0.09266005441338565,0.1159
0.09087490701744683,0.116
0.0888736730643479,0.11610000000000001
0.08666872343175425,0.11620000000000001
0.08427427166078372,0.1163
0.08170631665748573,0.1164
0.07898241055601762,0.1165
0.07612136505348677,0.11660000000000001
0.07314295390874836,0.11670000000000001
0.07006771687034474,0.1168
0.06685391062469515,0.1169
0.06350875963583325,0.117
0.06016365280818814,0.11710000000000001
0.056840655999963685,0.11720000000000001
0.053558726380783295,0.1173
0.050342296228354844,0.1174
0.04721745405734601,0.11750000000000001
0.04420985961828938,0.11760000000000001
0.04134451683514295,0.1177
0.038646283261497105,0.1178
0.036140353547853055,0.1179
0.03385231655728571,0.11800000000000001
0.03180776702533694,0.11810000000000001
0.03003165156960863,0.1182
0.02854748968442289,0.1183
0.027376639361117228,0.1184
0.02653752575802648,0.11850000000000001
0.026044902975628004,0.11860000000000001
0.02586894073384971,0.1187
0.0256929176631826,0.1188
0.025867736667834595,0.1189
0.026447828167808884,0.11900000000000001
0.02745587118510051,0.11910000000000001
0.02888397202999604,0.1192
0.030711599275651258,0.1193
0.03290948789628256,0.1194
0.03544508732447582,0.11950000000000001
0.03828343277313406,0.11960000000000001
0.04138763318688188,0.1197
0.04471848796823985,0.1198
0.04823482835721893,0.1199
0.05189417444457445,0.12000000000000001
0.055653844078803694,0.12010000000000001
0.05947196953838629,0.1202
0.06327765097964366,0.1203
0.06699620215000635,0.12040000000000001
0.07061658433170548,0.12050000000000001
0.07414270609817986,0.1206
0.07755349045381033,0.1207
0.08082394769950574,0.1208
0.08392767259274081,0.12090000000000001
0.08684027850369525,0.12100000000000001
0.0895405725195434,0.1211
0.0920103663331916,0.1212
0.09423396319970267,0.1213
0.09619777532692453,0.12140000000000001
0.09789015391701206,0.12150000000000001
0.09930134700510218,0.1216
0.10042341762124973,0.1217
0.10125008557594128,0.1218
0.10177657982888011,0.12190000000000001
0.10199951847879551,0.12200000000000001
0.10191693679639602,0.1221
0.10152835436114316,0.1222
0.10083491569318714,0.1223
0.09983946668299226,0.12240000000000001
0.0985466363910964,0.12250000000000001
0.09696284888655271,0.1226
0.09509635997562371,0.1227
0.09295725855463965,0.1228
0.09055750362848003,0.12290000000000001
0.0879109316813046,0.12300000000000001
0.08503327783918524,0.1231
0.081942141184971,0.1232
0.07865692614729203,0.1233
0.07519872164485109,0.12340000000000001
0.07159018221415869,0.12350000000000001
0.06785541430555853,0.1236
0.06405121698864868,0.1237
0.06023508911863462,0.12380000000000001
0.05639685587094179,0.12390000000000001
0.05242494555720545,0.124
0.04838877300471078,0.1241
0.04440827904975153,0.1242
0.04052981978604908,0.12430000000000001
0.03679227229333715,0.12440000000000001
0.033229325173226965,0.1245
0.029872750243312485,0.1246
0.026754393340638005,0.1247
0.02390730407113506,0.12480000000000001
0.021365490939230236,0.12490000000000001
0.019226592194304892,0.125
0.017596744723227697,0.12510000000000002
0.0164521773829569,0.1252
0.01570601779717551,0.1253
0.015252785975977678,0.1254
0.015185975053477296,0.1255
0.015553621840883602,0.12560000000000002
0.016385760474659117,0.1257
0.017477728745273424,0.1258
0.018679066383212373,0.1259
0.020245262533718167,0.126
0.022319385071814857,0.12610000000000002
0.024862683228452642,0.1262
0.02783011780526201,0.1263
0.031147268258696625,0.1264
0.03475183567355011,0.1265
0.03858580765480757,0.12660000000000002
0.04260173251105015,0.1267
0.04675533254518616,0.1268
0.05100580122743992,0.1269
0.055312554460758445,0.127
0.05960324904527514,0.12710000000000002
0.06380048251939507,0.1272
0.06789596642062856,0.1273
0.07189673802071628,0.1274
0.07578206897068318,0.1275
0.07952652581020425,0.12760000000000002
0.08310281754836213,0.1277
0.08648522177796603,0.1278
0.08965106279358781,0.1279
0.09258059565318544,0.128
0.09525671166790084,0.12810000000000002
0.09766456094399345,0.1282
0.09979139543055393,0.1283
0.10162652414178208,0.12840000000000001
0.1031614169132824,0.1285
0.1043897699941887,0.12860000000000002
0.10530750431022595,0.1287
0.10591248803991904,0.1288
0.10620415948960071,0.12890000000000001
0.10618308635341855,0.129
0.10585075983253422,0.1291
0.10520957873191406,0.1292
0.10426307387497424,0.1293
0.10301614340483944,0.12940000000000002
0.10147529436641645,0.1295
0.09964877899494695,0.1296
0.09754673053990892,0.1297
0.09518125028970148,0.1298
0.09256649374109338,0.12990000000000002
0.08971864897273729,0.13
0.08665581816189472,0.1301
0.0830652368236171,0.1302
0.0793558411640034,0.1303
0.07560844382204301,0.13040000000000002
0.07188306393299493,0.1305
0.06820261607633082,0.1306
0.0644900738838089,0.1307
0.060760416199941214,0.1308
0.056760451610926355,0.13090000000000002
0.05271260612788442,0.131
0.04871307370136391,0.1311
0.04480840500836125,0.1312
0.04103422832578851,0.1313
0.03742129170826902,0.13140000000000002
0.0339983339981389,0.1315
0.03079473328074256,0.1316
0.027883248247299486,0.1317
0.025340412558626735,0.1318
0.02315544710975992,0.13190000000000002
0.02130209189593435,0.132
0.01979744803253025,0.1321
0.01867494275822601,0.1322
0.017972795579535905,0.1323
0.01772460463255654,0.13240000000000002
0.01795312486425571,0.1325
0.01866865095533199,0.1326
0.01986985754698778,0.1327
0.021545266001007368,0.1328
0.02351562465181467,0.13290000000000002
0.02519899334037179,0.133
0.02720764109653806,0.1331
0.02971135534978231,0.1332
0.032696140963998754,0.1333
0.03610777655497266,0.13340000000000002
0.03986096444117848,0.1335
0.043878937009916186,0.1336
0.048093895550479715,0.1337
0.052451709223909626,0.1338
0.056904462126663224,0.13390000000000002
0.06137694209254485,0.134
0.0657878175703519,0.1341
0.07011931877649469,0.1342
0.07436795252040695,0.1343
0.07850455524676203,0.13440000000000002
0.08249563537427473,0.1345
0.08630669960070869,0.1346
0.08990590610546001,0.13470000000000001
0.09326573570761632,0.1348
0.09636275562118024,0.13490000000000002
0.0991770043928264,0.135
0.10169117402451444,0.1351
0.10389016041549815,0.13520000000000001
0.10576088259034666,0.1353
0.1072924548744193,0.13540000000000002
0.10847643948439278,0.1355
0.10930714359690707,0.1356
0.10978164402303414,0.13570000000000002
0.10989959321320253,0.1358
0.1096626932436211,0.1359
0.10907413387096687,0.136
0.10813809398144825,0.1361
0.1068595938971375,0.13620000000000002
0.10524461819850339,0.1363
0.10330048951120407,0.1364
0.10103623268821493,0.1365
0.0984628864362922,0.1366
0.09542379825367608,0.13670000000000002
0.09177940967361109,0.1368
0.08806856387181083,0.1369
0.0843305816410187,0.137
0.08054454012628098,0.1371
0.076614692146171,0.13720000000000002
0.07259855008530602,0.1373
0.06849701244101658,0.1374
0.0644388529067248,0.1375
0.06022948236868908,0.1376
0.0555100414869687,0.13770000000000002
0.05075768707856132,0.1378
0.046042359312111536,0.1379
0.041420035450114634,0.138
0.03693121801328769,0.1381
0.03261117292379012,0.13820000000000002
0.02849326063959956,0.1383
0.024613410439058958,0.1384
0.021057689113308298,0.1385
0.017919054002329293,0.1386
0.015196705171169889,0.13870000000000002
0.012873965011222843,0.1388
0.010982386390182342,0.1389
0.009570286515151682,0.139
0.0086866037326232,0.1391
0.008367741525262318,0.13920000000000002
0.00851993756132896,0.1393
0.008841049593673711,0.1394
0.009773286242640511,0.1395
0.011363645909024722,0.1396
0.013608135207334948,0.13970000000000002
0.01623099377905679,0.1398
0.019012266660811905,0.1399
0.022147934777200673,0.14
0.02573866451450013,0.1401
0.029717520096463668,0.14020000000000002
0.03402433744886224,0.1403
0.038577036460678116,0.1404
0.04331042800152529,0.1405
0.04816585144629992,0.1406
0.053063437114232226,0.14070000000000002
0.05792050642638591,0.1408
0.06272514609670687,0.1409
0.06747976638054276,0.14100000000000001
0.07215816586340451,0.1411
0.07672747499475296,0.14120000000000002
0.08115226523551566,0.1413
0.08539815078738489,0.1414
0.08943409171146299,0.14150000000000001
0.09323230138706318,0.1416
0.09676823843017668,0.14170000000000002
0.10002021709569564,0.1418
0.10296946823770148,0.1419
0.1056000912907753,0.14200000000000002
0.10789910460446228,0.1421
0.1098561815067084,0.1422
0.11146336657069167,0.1423
0.11271464214983329,0.1424
0.1136057156507908,0.14250000000000002
0.11413387031130318,0.1426
0.11429800798070755,0.1427
0.11409861949403843,0.1428
0.11353778847918072,0.1429
0.11261913614320895,0.14300000000000002
0.11134790071887435,0.1431
0.10973107138455052,0.1432
0.1077776120768188,0.1433
0.10459508212497581,0.1434
0.10111605985254202,0.14350000000000002
0.0975476639530124,0.1436
0.09376543565273054,0.1437
0.0899266492466021,0.1438
0.08605784309677111,0.1439
0.0821835284046073,0.14400000000000002
0.07832904764111648,0.1441
0.07435841932810916,0.1442
0.07036072885527833,0.1443
0.06623314646664258,0.1444
0.062154580118884195,0.14450000000000002
0.058198333584224216,0.1446
0.05425444981856864,0.1447
0.0503385033440813,0.1448
0.046394824701578186,0.1449
0.04258822963939468,0.14500000000000002
0.03898041054851942,0.1451
0.03510048353866835,0.1452
0.03096682610045942,0.1453
0.027084817403181027,0.1454
0.02359181287365475,0.14550000000000002
0.02049989447553191,0.1456
0.017780986695673073,0.1457
0.015444666402107066,0.1458
0.013521535084906278,0.1459
0.012059014538356339,0.14600000000000002
0.011111939838780671,0.1461
0.010730771728311161,0.1462
0.010951270521461609,0.1463
0.011789048697869342,0.1464
0.01323933700584301,0.14650000000000002
0.015040874051544861,0.1466
0.01708734281844615,0.1467
0.019527175570352107,0.1468
0.022198315735732832,0.1469
0.02532122473312004,0.14700000000000002
0.02899030487497556,0.1471
0.03311936965530515,0.1472
0.03762617210822361,0.14730000000000001
0.0424093884411163,0.1474
0.04738807929388167,0.14750000000000002
0.05249048186239835,0.1476
0.05762551138673788,0.1477
0.06270072929461423,0.14780000000000001
0.0676962413924711,0.1479
0.07260963211371374,0.14800000000000002
0.07741247301834275,0.1481
0.08207074979142903,0.1482
0.0865482082308403,0.14830000000000002
0.09080968471442974,0.1484
0.09482343071080568,0.14850000000000002
0.09856117498560357,0.1486
0.10199808651936015,0.1487
0.1051121935699676,0.14880000000000002
0.10788421015429317,0.1489
0.11029743154142002,0.149
0.11233799669178113,0.1491
0.11399506394809467,0.1492
0.11526100183345489,0.14930000000000002
0.11613125558418769,0.1494
0.11660411613953647,0.1495
0.1166802482594772,0.1496
0.11636224407162599,0.1497
0.1156541264998936,0.14980000000000002
0.11456103715342114,0.1499
0.11308904754473426,0.15
0.11062451358936676,0.1501
0.10720337372542965,0.1502
0.10364371653859328,0.15030000000000002
0.09998833673980856,0.1504
0.09625967045471906,0.1505
0.09247708860782833,0.1506
0.08849668985069314,0.1507
0.08444170380840854,0.15080000000000002
0.08038507567436426,0.1509
0.07635929063346636,0.151
0.0723577901224407,0.1511
0.0681881214827712,0.1512
0.06399750057574283,0.15130000000000002
0.05972000604646044,0.1514
0.05556531538823517,0.1515
0.05136773030001329,0.1516
0.04714278095853852,0.1517
0.04283671083091112,0.15180000000000002
0.03845831344069328,0.1519
0.033483944342091565,0.152
0.028654291959092415,0.1521
0.02408611923538384,0.1522
0.019898431539718597,0.15230000000000002
0.016173839650607702,0.1524
0.012901678770096403,0.1525
0.01005919372827857,0.1526
0.007680148197502179,0.1527
0.0058722534617270394,0.15280000000000002
0.005642199927422764,0.1529
0.005843717407329141,0.153
0.005846326198867269,0.1531
0.006137254566894734,0.1532
0.006954030742474027,0.15330000000000002
0.00849375518899742,0.1534
0.010798983087790592,0.1535
0.013571049041771532,0.15360000000000001
0.01655906872768398,0.1537
0.01993511159658068,0.15380000000000002
0.023790114751420788,0.1539
0.028053839150002036,0.154
0.03266645724774331,0.15410000000000001
0.037543120502949945,0.1542
0.04261350331686331,0.15430000000000002
0.04781198863998681,0.1544
0.053047440504596644,0.1545
0.05822855741834432,0.15460000000000002
0.06335040234190514,0.1547
0.0684250538207396,0.15480000000000002
0.07342945822801727,0.1549
0.07833144051742302,0.155
0.08309410984863552,0.15510000000000002
0.08768024510181172,0.1552
0.09205521794083227,0.1553
0.0961869141685383,0.1554
0.10004551456260613,0.1555
0.10360315725045055,0.15560000000000002
0.10683461047692022,0.1557
0.10971836113082645,0.1558
0.11223770609512163,0.1559
0.11438091461257982,0.156
0.11614051861043206,0.15610000000000002
0.11751197389131163,0.1562
0.11849258112880168,0.1563
0.11908090742169453,0.1564
0.11927679733769458,0.1565
0.11908146138797016,0.15660000000000002
0.11849748509902913,0.1567
0.11752863645319467,0.1568
0.11617978731971845,0.1569
0.11325136648064293,0.157
0.10980703819721704,0.15710000000000002
0.10621578173660073,0.1572
0.10251488558389998,0.1573
0.09872691030686709,0.1574
0.09487629129844799,0.1575
0.09098948774461624,0.15760000000000002
0.08686817173515027,0.1577
0.08273429616786654,0.1578
0.0786333487902714,0.1579
0.07459673847306014,0.158
0.07059969382909159,0.15810000000000002
0.066463625798168,0.1582
0.06235804535081846,0.1583
0.058178310595885296,0.1584
0.05415825669765284,0.1585
0.05028266427508643,0.15860000000000002
0.04632527493189009,0.1587
0.04241782355820467,0.1588
0.038559394126971736,0.1589
0.03490027261132922,0.159
0.031213757658688612,0.15910000000000002
0.027408328713677266,0.1592
0.02345890702270048,0.1593
0.019736989120985093,0.15940000000000001
0.016424163495111443,0.1595
0.013546187232691187,0.15960000000000002
0.011137728566519511,0.1597
0.009245965646210275,0.1598
0.007930322012061009,0.15990000000000001
0.007250064807149181,0.16
0.007245859325938797,0.16010000000000002
0.007929835390195317,0.1602
0.009289903860690396,0.1603
0.010765559075847086,0.16040000000000001
0.012716177837093223,0.1605
0.015393174783914665,0.16060000000000002
0.0185545991765812,0.1607
0.021972506281291215,0.1608
0.025815616769299776,0.16090000000000002
0.03015357919025985,0.161
0.03489329289579546,0.16110000000000002
0.039955169069386454,0.1612
0.04524237828254418,0.1613
0.05067665666686638,0.16140000000000002
0.05615037822537672,0.1615
0.06156097108725156,0.16160000000000002
0.06688358805184291,0.1617
0.07211597199781739,0.1618
0.07722748285463266,0.16190000000000002
0.08218460152261331,0.162
0.08695254268564012,0.1621
0.0914991887833776,0.1622
0.09579531116494222,0.1623
0.09981411114916405,0.16240000000000002
0.10353011141154722,0.1625
0.10691907643298915,0.1626
0.1099581477418845,0.1627
0.11262668647426555,0.1628
0.11490699559084261,0.16290000000000002
0.11678506049409076,0.163
0.11825086312847599,0.1631
0.11929836496099877,0.1632
0.11992511804657247,0.1633
0.12013168855660294,0.16340000000000002
0.11992103124731202,0.1635
0.11929790259891071,0.1636
0.11826838592443611,0.1637
0.11592414302720566,0.1638
0.11256239089270637,0.16390000000000002
0.10903224762447428,0.164
0.10537836778256437,0.1641
0.10162210515757708,0.1642
0.09778145671476535,0.1643
0.09387773372333841,0.16440000000000002
0.08993606323755976,0.1645
0.0859165498216985,0.1646
0.0817204982002746,0.1647
0.07754932090705235,0.1648
0.0734401176892222,0.16490000000000002
0.06942322210672802,0.165
0.06525419019181256,0.1651
0.06113967887041172,0.1652
0.056849951000072396,0.1653
0.052711525332165055,0.16540000000000002
0.048629916709501675,0.1655
0.04450118997760799,0.1656
0.0402080151114379,0.16570000000000001
0.03607426391247781,0.1658
0.03173115893301692,0.16590000000000002
0.02678394192202771,0.166
0.02208099867118629,0.1661
0.017806137622609297,0.16620000000000001
0.013997574306793936,0.1663
0.010637115962450316,0.16640000000000002
0.00775219691079343,0.1665
0.005745457929074771,0.1666
0.005627056679927023,0.16670000000000001
0.005808942440508114,0.1668
0.005750126913806275,0.16690000000000002
0.005930255740539847,0.167
0.0062028924283150655,0.1671
0.006987072209573952,0.16720000000000002
0.008611842740913866,0.1673
0.011056045925061486,0.16740000000000002
0.014014177914953185,0.1675
0.017202155046455836,0.1676
0.020786991280480782,0.16770000000000002
0.024854582000804815,0.1678
0.029340078774211742,0.16790000000000002
0.03418239904116338,0.168
0.039296177396450416,0.1681
0.044605331858126984,0.16820000000000002
0.050000019492723924,0.1683
0.05537496195027658,0.16840000000000002
0.06071013408465209,0.1685
0.06600900552065003,0.1686
0.07124428672080485,0.16870000000000002
0.07638450820105769,0.1688
0.08139540708113147,0.1689
0.08624331033685162,0.169
0.09089544849067677,0.1691
0.09531920417881212,0.16920000000000002
0.09948126961441384,0.1693
0.10334822391655196,0.1694
0.10688818340787332,0.1695
0.1100733654056334,0.1696
0.11288209883466382,0.16970000000000002
0.1152995849495505,0.1698
0.11731704068107107,0.1699
0.11892994609256746,0.17
0.12013633909456622,0.1701
0.12093581450444613,0.17020000000000002
0.12132924727264605,0.1703
0.12131875759809829,0.1704
0.12090754057795394,0.1705
0.1200994471314989,0.1706
0.11843893139652395,0.17070000000000002
0.11518126875343293,0.1708
0.11171809887286477,0.1709
0.10810526882711236,0.171
0.1043698980642298,0.1711
0.10053180737634859,0.17120000000000002
0.09661609119132797,0.1713
0.09265131314915942,0.1714
0.08867029722816389,0.1715
0.08450260407128751,0.1716
0.08030581540353376,0.17170000000000002
0.07616920198213162,0.1718
0.07212501828863083,0.1719
0.06817788936240332,0.17200000000000001
0.0640686290256618,0.1721
0.06006204436338958,0.17220000000000002
0.05592848275003748,0.1723
0.05196794329336085,0.1724
0.048176259303430724,0.17250000000000001
0.04426816310073112,0.1726
0.0403829755375682,0.17270000000000002
0.03655437186637478,0.1728
0.03284481351883328,0.1729
0.029149676735479746,0.17300000000000001
0.025420562345221276,0.1731
0.02171165110921458,0.17320000000000002
0.01835942302232918,0.1733
0.01535503612290956,0.1734
0.012391758114106421,0.17350000000000002
0.009857856095901063,0.1736
0.007877888593564863,0.17370000000000002
0.006778675076451579,0.1738
0.006751274443886013,0.1739
0.007309121336779301,0.17400000000000002
0.008146374333904749,0.1741
0.009350989143570798,0.17420000000000002
0.010700576826463859,0.1743
0.012800577544655578,0.1744
0.015684427633667397,0.17450000000000002
0.019076673091386276,0.1746
0.02271965728638148,0.17470000000000002
0.026768588920419223,0.1748
0.03129017130846212,0.1749
0.03619413292646523,0.17500000000000002
0.04140459436200694,0.1751
0.0468267866125065,0.1752
0.05234718955722606,0.1753
0.05785029725072466,0.1754
0.06330352369878356,0.17550000000000002
0.06869570135057157,0.1756
0.07399118285450634,0.1757
0.07915041355128483,0.1758
0.08413443368439422,0.1759
0.08890769366194129,0.17600000000000002
0.09344010557209126,0.1761
0.09770548900885523,0.1762
0.1016801916397354,0.1763
0.10534116869019206,0.1764
0.1086653686671607,0.17650000000000002
0.1116298926219319,0.1766
0.11421337545063392,0.1767
0.11639752385199587,0.1768
0.11816849927967299,0.1769
0.11951728232814651,0.17700000000000002
0.12043931418494525,0.1771
0.12093354251362587,0.1772
0.12100160822538908,0.1773
0.12064723649447306,0.1774
0.11987595870312551,0.17750000000000002
0.11806418912201144,0.1776
0.1147782290159649,0.1777
0.1112984305730832,0.1778
0.10767924146691066,0.1779
0.10394619975141228,0.17800000000000002
0.1001172525587607,0.1781
0.09621381188534295,0.1782
0.09226002024287272,0.17830000000000001
0.08828405976010756,0.1784
0.0842255639767544,0.17850000000000002
0.08001668888568814,0.1786
0.07584989779169837,0.1787
0.07176195097799798,0.17880000000000001
0.06778344086160437,0.1789
0.06364878345515379,0.17900000000000002
0.0595995338941635,0.1791
0.05537334028677998,0.1792
0.051311937595818646,0.17930000000000001
0.04731391070475688,0.1794
0.043265765978714565,0.17950000000000002
0.03903818083196198,0.1796
0.03495838896793635,0.1797
0.030715826163685067,0.17980000000000002
0.02606010927965441,0.1799
0.021381933837703704,0.18000000000000002
0.017106551924534807,0.1801
0.013297315029424439,0.1802
0.009957689139973969,0.18030000000000002
0.007123341993976906,0.1804
0.0056623788168777,0.18050000000000002
0.005726660381637716,0.1806
0.005737728887717841,0.1807
0.005812794180575009,0.18080000000000002
0.006010535956593843,0.1809
0.006421845930080883,0.18100000000000002
0.007441050442068331,0.1811
0.009242286174727665,0.1812
0.011856915233558807,0.18130000000000002
0.014959395122207342,0.1814
0.018284110379841678,0.18150000000000002
0.02199460330612868,0.1816
0.026181639881531327,0.1817
0.03077570102447713,0.18180000000000002
0.035716187457416115,0.1819
0.04091496409412665,0.182
0.04629654028724128,0.1821
0.05174850184365787,0.1822
0.057164484970918306,0.18230000000000002
0.06252580068928681,0.1824
0.06783804660458104,0.1825
0.07307380663313534,0.1826
0.07820202989021174,0.1827
0.08318899420089965,0.18280000000000002
0.08800205296091435,0.1829
0.09260920863265154,0.183
0.09697834436239872,0.1831
0.10107624209618327,0.1832
0.1048696610583566,0.18330000000000002
0.10832718840256539,0.1834
0.11142191145032687,0.1835
0.11413307486113311,0.1836
0.11644655401243875,0.1837
0.11835385554828826,0.18380000000000002
0.11985058227772172,0.1839
0.12093501950847496,0.184
0.1216073314009457,0.1841
0.12186922530884248,0.1842
0.12172371953065941,0.18430000000000002
0.12117478279273541,0.1844
0.12022685498481811,0.1845
0.11722328231209989,0.18460000000000001
0.11386400618998949,0.1847
0.11033699604837743,0.18480000000000002
0.1066744841162951,0.1849
0.10289419877507322,0.185
0.09901859786530154,0.18510000000000001
0.09507344034670662,0.1852
0.09109030482305247,0.18530000000000002
0.08710352780930408,0.1854
0.0829034410471362,0.1855
0.07871674261361761,0.18560000000000001
0.07460545903807081,0.1857
0.07060060930494716,0.18580000000000002
0.06665877652639296,0.1859
0.0625999672518176,0.186
0.05860416750854869,0.18610000000000002
0.05452645002634782,0.1862
0.05063277130177224,0.18630000000000002
0.04682816448077598,0.1864
0.042981961189360485,0.1865
0.03905284704678702,0.18660000000000002
0.0352883623402791,0.1867
0.031523796588925235,0.18680000000000002
0.027771358738763574,0.1869
0.024009824432843274,0.187
0.020372550604444317,0.18710000000000002
0.017116352106639532,0.1872
0.014146836288187359,0.18730000000000002
0.011270760740822672,0.1874
0.00885365890778389,0.1875
0.007029653847251627,0.18760000000000002
0.006127529907189677,0.1877
0.006329821104824829,0.18780000000000002
0.00713245139994334,0.1879
0.008214310415697312,0.188
0.009237347564851728,0.18810000000000002
0.010838550887833476,0.1882
0.013229672136487958,0.1883
0.01619111437757037,0.1884
0.019487213882641408,0.1885
0.023269868042013364,0.18860000000000002
0.02759369292949465,0.1887
0.032355139817212386,0.1888
0.03746893873847568,0.1889
0.04283525369590957,0.189
0.04837358342793063,0.18910000000000002
0.053972644939882075,0.1892
0.0595254248523065,0.1893
0.06500443786321386,0.1894
0.07040477308768833,0.1895
0.07569167010506339,0.18960000000000002
0.08082736494895593,0.1897
0.08577359313129351,0.1898
0.09049640923088298,0.1899
0.09496682120586641,0.19
0.0991599536940998,0.19010000000000002
0.10305288317518024,0.1902
0.10662326125672728,0.1903
0.10984847269708997,0.1904
0.11270627171975467,0.1905
0.11517607929440743,0.19060000000000002
0.11724072185502565,0.1907
0.11888760881403404,0.1908
0.12010908023595102,0.19090000000000001
0.12090186661617064,0.191
0.12126613919150109,0.19110000000000002
0.1212046096430619,0.1912
0.12072190205203226,0.1913
0.11982416469083956,0.19140000000000001
0.11701201491759539,0.1915
0.11365085562109423,0.19160000000000002
0.11012463683252804,0.1917
0.10646944014570503,0.1918
0.10270346227558036,0.19190000000000002
0.09884665934286685,0.192
0.09492136393111217,0.19210000000000002
0.09095455298355137,0.1922
0.0869760998533956,0.1923
0.08287009453926675,0.19240000000000002
0.07867322873458293,0.1925
0.07453259458254613,0.19260000000000002
0.07048328820092731,0.1927
0.06653404976813049,0.1928
0.062409293927992104,0.19290000000000002
0.05835618205010573,0.193
0.0541882300981551,0.19310000000000002
0.050196351419364627,0.1932
0.046194728942681174,0.1933
0.04214771490930902,0.19340000000000002
0.03798004357317497,0.1935
0.033895834224225485,0.19360000000000002
0.02961857355493236,0.1937
0.025062001747737206,0.1938
0.02045929151048198,0.19390000000000002
0.01626717199936123,0.194
0.012551148741045015,0.19410000000000002
0.009321234980664839,0.1942
0.006617967425593063,0.1943
0.005647413050907213,0.19440000000000002
0.005988449229013204,0.1945
0.005724362528414684,0.19460000000000002
0.005857944869533505,0.1947
0.00612016423912487,0.1948
0.006681103139950073,0.19490000000000002
0.007930826479980446,0.195
0.009957327747756706,0.1951
0.012558868553674385,0.1952
0.015471219528492508,0.1953
0.018858744001557737,0.19540000000000002
0.02278934924302045,0.1955
0.027183961263066214,0.1956
0.031971557666277794,0.1957
0.03706353442430976,0.1958
0.042382080823314405,0.19590000000000002
0.04785442197456535,0.196
0.05337654889573451,0.1961
0.05884368825426467,0.1962
0.06424006749061917,0.1963
0.06957120904655778,0.19640000000000002
0.07481031508610325,0.1965
0.07992624467720322,0.1966
0.08488619349420523,0.1967
0.08965813496331032,0.1968
0.09421098225910307,0.19690000000000002
0.09851313992399247,0.197
0.10253209779367223,0.1971
0.10623541953903926,0.19720000000000001
0.1095930032801935,0.1973
0.11257946906204741,0.19740000000000002
0.11517567496012526,0.1975
0.1173687678315064,0.1976
0.11915118848013984,0.19770000000000001
0.12051922292430284,0.1978
0.12147191541331215,0.19790000000000002
0.12201035761609014,0.198
0.12213729882912205,0.1981
0.1218566277667783,0.19820000000000002
0.12117281759422682,0.1983
0.11929843249265559,0.19840000000000002
0.11608029615995408,0.1985
0.11265798429631779,0.1986
0.10908154326206165,0.19870000000000002
0.1053746553576066,0.1988
0.10155619154500772,0.19890000000000002
0.09764991446279947,0.199
0.09368413509441853,0.1991
0.08969198792603106,0.19920000000000002
0.08567572741000595,0.1993
0.08145804227324238,0.19940000000000002
0.0772891073351003,0.1995
0.07320757815160484,0.1996
0.069243304191409,0.19970000000000002
0.06527474458133209,0.1998
0.06126621347402994,0.19990000000000002
0.05724985858917475,0.2
0.053228364530521155,0.2001
0.04940018061340479,0.20020000000000002
0.045551406867028854,0.2003
0.04173156578433712,0.20040000000000002
0.03778227205949358,0.2005
0.034074368631023644,0.2006
0.030264561570808146,0.20070000000000002
0.0264459386733773,0.2008
0.02264251938673345,0.20090000000000002
0.019092493732468796,0.201
0.015952857367890205,0.2011
0.012966772410099692,0.20120000000000002
0.01020190931890852,0.2013
0.007939445486858654,0.20140000000000002
0.006534252006431984,0.2015
0.006206377542135932,0.2016
0.006484466821437662,0.20170000000000002
0.0070691131397073725,0.2018
0.00816983681169936,0.2019
0.009269096552071199,0.202
0.011122747921139542,0.2021
0.013788020487738084,0.20220000000000002
0.017005675120523867,0.2023
0.02051784337138951,0.2024
0.024474896850453565,0.2025
0.028937345739493026,0.2026
0.033809184120678015,0.20270000000000002
0.039010167032522025,0.2028
0.04444250702307473,0.2029
0.050026178003065525,0.203
0.0556486355641872,0.2031
0.06120232586019492,0.20320000000000002
0.06666324868089901,0.2033
0.07203061558492085,0.2034
0.07727214593092768,0.20350000000000001
0.08235221079437871,0.2036
0.08723431548413807,0.20370000000000002
0.09188587598076192,0.2038
0.09627872338253629,0.2039
0.10038813548157621,0.20400000000000001
0.10419071504489408,0.2041
0.10766332019070857,0.20420000000000002
0.11078275895409795,0.2043
0.1135269697092618,0.2044
0.1158765839994137,0.20450000000000002
0.11781647369616155,0.2046
0.11933638105755284,0.20470000000000002
0.12043066142040637,0.2048
0.12109739826917676,0.2049
0.1213374640503112,0.20500000000000002
0.12115386272646311,0.2051
0.12055134449242166,0.20520000000000002
0.11920238817557183,0.2053
0.11599524513658266,0.2054
0.11257709993698162,0.20550000000000002
0.10900906270753674,0.2056
0.10531890240356767,0.20570000000000002
0.10152355495636067,0.2058
0.0976441769242089,0.2059
0.09370428140899667,0.20600000000000002
0.08973214880547853,0.2061
0.08575828603890912,0.20620000000000002
0.0815906759459254,0.2063
0.07740961010177039,0.2064
0.07329743959970825,0.20650000000000002
0.06928768785735762,0.2066
0.06530408755013828,0.20670000000000002
0.06123089479756916,0.2068
0.05715568485165878,0.2069
0.053049381084466773,0.20700000000000002
0.049128937591656374,0.2071
0.04510669453251159,0.20720000000000002
0.04103953213901579,0.2073
0.03694492882704492,0.2074
0.032851733144311446,0.20750000000000002
0.028514688110287345,0.2076
0.024007916016189013,0.20770000000000002
0.019496187535591014,0.2078
0.015411433249370221,0.2079
0.011815214993094125,0.20800000000000002
0.008720103816475033,0.2081
0.006170330204853913,0.2082
0.005618571174642817,0.2083
0.006167131548786564,0.2084
0.005772495964067703,0.20850000000000002
0.005798574208902618,0.2086
0.00618087609943796,0.2087
0.00690982777395277,0.2088
0.008358188892161778,0.2089
0.010644747737959648,0.20900000000000002
0.01347060613293416,0.2091
0.016575661834753674,0.2092
0.020116930977038372,0.2093
0.02417442518073787,0.2094
0.028673032031796275,0.20950000000000002
0.03354713267749987,0.2096
0.03870747114728301,0.2097
0.0440767221884264,0.20980000000000001
0.049542499432666975,0.2099
0.054996503607564584,0.21000000000000002
0.060414298624960505,0.2101
0.0657951478694685,0.2102
0.07110793292657247,0.21030000000000001
0.07631916471380285,0.2104
0.08139457091601887,0.21050000000000002
0.0863025596235314,0.2106
0.09101345621032131,0.2107
0.09549775981993747,0.21080000000000002
0.09972416997472755,0.2109
0.103659750021585,0.21100000000000002
0.10727149578085704,0.2111
0.1105293717672402,0.2112
0.11340885969556702,0.21130000000000002
0.11589235792871333,0.2114
0.11796874538525981,0.21150000000000002
0.11963192037869785,0.2116
0.12087914310146142,0.2117
0.12170998444795877,0.21180000000000002
0.12212586952753257,0.2119
0.12212983677563449,0.21200000000000002
0.12172610905181036,0.2121
0.12091944090119422,0.2122
0.11826969223049577,0.21230000000000002
0.1149750088840571,0.2124
0.11149923781091653,0.21250000000000002
0.10787963060843864,0.2126
0.1041351790205094,0.2127
0.10028678824496007,0.21280000000000002
0.0963591197046646,0.2129
0.09238243764746934,0.21300000000000002
0.08839061469605214,0.2131
0.08431241940966316,0.2132
0.08010807866769831,0.21330000000000002
0.07596493368542268,0.2134
0.07191897512787215,0.21350000000000002
0.0679982142101555,0.2136
0.06398235082980386,0.2137
0.06002091910923513,0.21380000000000002
0.055955933456893536,0.2139
0.05198805897927539,0.21400000000000002
0.048225439118181335,0.2141
0.044316506587702253,0.2142
0.04043324199065146,0.21430000000000002
0.036552184535987076,0.2144
0.032790314869833415,0.21450000000000002
0.029009006138098092,0.2146
0.025174761583374394,0.2147
0.02136884690771157,0.21480000000000002
0.017925703864773324,0.2149
0.014918357216982203,0.215
0.011875007365620638,0.2151
0.009234873633771734,0.2152
0.0071543924010202264,0.21530000000000002
0.005978176542577707,0.2154
0.005916082929291688,0.2155
0.006470767726001192,0.2156
0.007304301328349361,0.2157
0.00826902190929113,0.21580000000000002
0.00961487647095094,0.2159
0.011752740544678897,0.216
0.01470475979340402,0.21610000000000001
0.018173850928135282,0.2162
0.021891353237349698,0.21630000000000002
0.02600815428625536,0.2164
0.03059087899301227,0.2165
0.03555040724096248,0.21660000000000001
0.04081164234885182,0.2167
0.046280024352793436,0.21680000000000002
0.05184052892304991,0.2169
0.05737642502813345,0.217
0.06285773498298652,0.21710000000000002
0.06827653569749281,0.2172
0.07359877450600727,0.21730000000000002
0.07878610978713818,0.2174
0.08380045903084299,0.2175
0.08860684556972331,0.21760000000000002
0.09317546585549563,0.2177
0.09748011355020181,0.21780000000000002
0.10149682781895453,0.2179
0.10520203592530675,0.218
0.1085720295003596,0.21810000000000002
0.1115832466329909,0.2182
0.11421378597240317,0.21830000000000002
0.11644505118191617,0.2184
0.1182631596919218,0.2185
0.1196592315617736,0.21860000000000002
0.12062888527463955,0.2187
0.12117113687327774,0.21880000000000002
0.12128750462658344,0.2189
0.1209814014937538,0.219
0.12025791826830157,0.21910000000000002
0.11826220182375002,0.2192
0.11498955841964753,0.21930000000000002
0.11152497295354091,0.2194
0.10791907366373987,0.2195
0.1041958991047699,0.21960000000000002
0.10037407018636368,0.2197
0.09647547894180442,0.21980000000000002
0.09252528257991666,0.2199
0.08855250594543163,0.22
0.08455287216443519,0.22010000000000002
0.08035077789906309,0.2202
0.07619001846710327,0.22030000000000002
0.07210886852625153,0.2204
0.06813856664283546,0.2205
0.06409855786996299,0.22060000000000002
0.06006974312597135,0.2207
0.05593886303219864,0.22080000000000002
0.0518862629759238,0.2209
0.04800096664978559,0.221
0.04395674817982975,0.22110000000000002
0.03984138121664427,0.2212
0.035822497503460005,0.22130000000000002
0.03170217427800104,0.2214
0.027270979331949663,0.2215
0.02276277435284002,0.22160000000000002
0.018355170797543563,0.2217
0.014401838552829505,0.2218
0.01095425727870647,0.22190000000000001
0.008023819672040355,0.222
0.005807108835016894,0.22210000000000002
0.0056039476234459595,0.2222
0.005985457824085438,0.2223
0.005766408899279041,0.22240000000000001
0.005899540180865914,0.2225
0.006322966545691422,0.22260000000000002
0.007297326610485655,0.2227
0.009106038996955945,0.2228
0.011713306219397257,0.22290000000000001
0.014811156689900962,0.223
0.018125033152582626,0.22310000000000002
0.02182912088785427,0.2232
0.026011041392892453,0.2233
0.03060510026816954,0.22340000000000002
0.03554806033359803,0.2235
0.040752992744263805,0.22360000000000002
0.04614284453171602,0.2237
0.05160524801899147,0.2238
0.057032270659042705,0.22390000000000002
0.06240559584208416,0.224
0.06773015938928117,0.22410000000000002
0.07297768469700072,0.2242
0.0781162138631174,0.2243
0.08311224578685217,0.22440000000000002
0.08793414954658418,0.2245
0.09255188838331885,0.22460000000000002
0.09693539437691878,0.2247
0.1010530955144685,0.2248
0.10487228009420213,0.22490000000000002
0.10836086851813798,0.225
0.11149024970055943,0.22510000000000002
0.11423754888946169,0.2252
0.11658661163943829,0.2253
0.11852735328068165,0.22540000000000002
0.12005422817576084,0.2255
0.12116472216628882,0.22560000000000002
0.12185847272631412,0.2257
0.12213697858884975,0.2258
0.12200342170950074,0.22590000000000002
0.12146226891859269,0.226
0.12030943942439931,0.22610000000000002
0.11717276938668009,0.2262
0.11381124853496438,0.2263
0.1102871493535954,0.22640000000000002
0.10662846041108898,0.2265
0.10285178203048773,0.22660000000000002
0.09897917655892163,0.2267
0.09503611601172257,0.2268
0.09105399825396576,0.22690000000000002
0.08706694082352084,0.227
0.08291168524400339,0.22710000000000002
0.07872033540627765,0.2272
0.07460170045432246,0.2273
0.07058959785205177,0.22740000000000002
0.06668313188036856,0.2275
0.0626199865439575,0.22760000000000002
0.05865784928518991,0.2277
0.054570830521283975,0.2278
0.05066337818158839,0.22790000000000002
0.04685835347948997,0.228
0.04298659372988589,0.2281
0.03903434080216717,0.22820000000000001
0.03523651490475532,0.2283
0.03142061601648205,0.22840000000000002
0.027595199544352855,0.2285
0.02374894340915401,0.2286
0.02005681628148137,0.22870000000000001
0.01675204214025472,0.2288
0.013730527052074226,0.22890000000000002
0.010802258008687726,0.229
0.008338631572077704,0.2291
0.0067008658672533805,0.22920000000000001
0.006123067539731686,0.2293
0.0061472380729215015,0.22940000000000002
0.006486998739492433,0.2295
0.007403717699256962,0.2296
0.00844433696548097,0.22970000000000002
0.010052104343539314,0.2298
0.012472805119946084,0.22990000000000002
0.015689199557886946,0.23
0.019380123166737873,0.2301
0.02327575039493457,0.23020000000000002
0.027532998946570464,0.2303
0.032225848948035596,0.23040000000000002
0.03727039651222097,0.2305
0.04259408879761062,0.2306
0.04810338502476941,0.23070000000000002
0.0536824230319064,0.2308
0.05921418017521818,0.23090000000000002
0.06467210611176633,0.231
0.07005218707866656,0.2311
0.0753226365735713,0.23120000000000002
0.08044705246635608,0.2313
0.08538900652992742,0.23140000000000002
0.09011489172584808,0.2315
0.09459585801784787,0.2316
0.09880606232912958,0.23170000000000002
0.10272129293558252,0.2318
0.10631736495374666,0.23190000000000002
0.10957010914475185,0.232
0.11245620058040917,0.2321
0.11495494786581484,0.23220000000000002
0.11704975324588329,0.2323
0.11872898288326383,0.23240000000000002
0.11998567333650711,0.2325
0.12081671895523083,0.2326
0.12122181800808496,0.23270000000000002
0.12120283839369861,0.2328
0.12076344553250584,0.23290000000000002
0.11990897326331251,0.233
0.11720042842424072,0.2331
0.11385940210967294,0.23320000000000002
0.11034825236127399,0.2333
0.10670589114363871,0.23340000000000002
0.10295202143963855,0.2335
0.09910684076549803,0.2336
0.09519263037183112,0.23370000000000002
0.09123600700902446,0.2338
0.0872666341445586,0.23390000000000002
0.08319325452627935,0.234
0.0790056731453368,0.2341
0.0748726571629017,0.23420000000000002
0.07082994367872975,0.2343
0.06690693871968512,0.23440000000000003
0.06280793095010417,0.23450000000000001
0.05880379251671308,0.2346
0.054641775635627665,0.23470000000000002
0.05065175592676874,0.2348
0.046709878501911106,0.2349
0.042728109939523806,0.23500000000000001
0.03856405440480559,0.2351
0.03455009378000495,0.23520000000000002
0.030385612643392568,0.2353
0.02591208592102534,0.2354
0.021416804108168153,0.23550000000000001
0.017207883997296447,0.2356
0.013448553564908705,0.23570000000000002
0.010159020056446755,0.2358
0.00738334465692958,0.2359
0.005707871036766399,0.23600000000000002
0.005677820216027696,0.2361
0.005857802227449582,0.23620000000000002
0.005738690329777807,0.2363
0.006085501549953909,0.2364
0.006559339474986103,0.23650000000000002
0.007547134607186257,0.2366
0.009400642642129364,0.23670000000000002
0.012075034416926922,0.2368
0.015273921168647675,0.2369
0.018705583644752055,0.23700000000000002
0.0225338987301702,0.2371
0.0268369515532092,0.23720000000000002
0.03154441836503019,0.2373
0.03658999888743275,0.2374
0.04188571451683765,0.23750000000000002
0.047353447068652965,0.2376
0.05288157166880181,0.23770000000000002
0.058362733519062404,0.2378
0.06377675685585305,0.2379
0.06912713370241108,0.23800000000000002
0.07438631492489145,0.2381
0.07952304782630037,0.23820000000000002
0.08450423213847869,0.2383
0.0892980066031347,0.2384
0.09387374797601677,0.23850000000000002
0.09820077294476892,0.2386
0.10224740573273727,0.23870000000000002
0.10598159799082896,0.2388
0.10937282941322501,0.2389
0.11239468188129909,0.23900000000000002
0.11502676087154617,0.2391
0.11725527153854631,0.23920000000000002
0.11907218486384064,0.2393
0.12047364494571178,0.2394
0.12145850801071656,0.23950000000000002
0.12202743073907762,0.2396
0.12218252677941,0.23970000000000002
0.12192714135939242,0.2398
0.1212655399129069,0.2399
0.1192933072905843,0.24000000000000002
0.11607955541426118,0.2401
0.11266418590696692,0.24020000000000002
0.10909608947070248,0.2403
0.10539843362867896,0.2404
0.10159004136444938,0.24050000000000002
0.09769402014253703,0.2406
0.09373805174954586,0.24070000000000003
0.08975458140069259,0.24080000000000001
0.08577628367200574,0.2409
0.08156537715334389,0.24100000000000002
0.0774001164597623,0.2411
0.07332014358459815,0.2412
0.06935602206815905,0.24130000000000001
0.06541927105958156,0.2414
0.0614084033266058,0.24150000000000002
0.05741651436965256,0.2416
0.05338593963915117,0.2417
0.0495448420102913,0.24180000000000001
0.04569665461277128,0.2419
0.04186185850662327,0.24200000000000002
0.037885661013498995,0.2421
0.03413651891206948,0.2422
0.030291380514362753,0.24230000000000002
0.026412964992320598,0.2424
0.02253826358517408,0.24250000000000002
0.018948482900569052,0.2426
0.015773042632353906,0.2427
0.01270117709955465,0.24280000000000002
0.009898633420938108,0.2429
0.007610277222930506,0.24300000000000002
0.006188772274806853,0.2431
0.005884008432648802,0.2432
0.006205514232965781,0.24330000000000002
0.006788870884740561,0.2434
0.007743056322129682,0.24350000000000002
0.008830218140271517,0.2436
0.010691776354634586,0.2437
0.013378354044499385,0.24380000000000002
0.016618244087336143,0.2439
0.020147534246157006,0.24400000000000002
0.02411489696830027,0.2441
0.028582075768063486,0.2442
0.03345510934068274,0.24430000000000002
0.03865541102933978,0.2444
0.04408613352695934,0.24450000000000002
0.04966768950780809,0.2446
0.05528742383137497,0.2447
0.06083778943243445,0.24480000000000002
0.06629582611694007,0.2449
0.07166191836298585,0.24500000000000002
0.07690446394826034,0.2451
0.0819883595976807,0.2452
0.0868774835785715,0.24530000000000002
0.09153947795426609,0.2454
0.0959462473551681,0.24550000000000002
0.10007296356856754,0.2456
0.10389594056305174,0.2457
0.10739160316353935,0.24580000000000002
0.11053627218518625,0.2459
0.11330746079526322,0.24600000000000002
0.11568553163590445,0.2461
0.11765526807072724,0.2462
0.11920645077448255,0.24630000000000002
0.12033350091448158,0.2464
0.12103450883745936,0.24650000000000002
0.12131025898622727,0.2466
0.12116359071422411,0.2467
0.12059905255852965,0.24680000000000002
0.11944674962543356,0.2469
0.11626558146272037,0.24700000000000003
0.11286728525993173,0.24710000000000001
0.10931607242797681,0.2472
0.10564094366269139,0.24730000000000002
0.10185850354957127,0.2474
0.09798985874948729,0.24750000000000003
0.09405821047188323,0.24760000000000001
0.0900917855218436,0.2477
0.08612118211832431,0.24780000000000002
0.08197415383642936,0.2479
0.07779476685593356,0.248
0.07368179719777823,0.24810000000000001
0.06966939698427188,0.2482
0.06571256707423001,0.24830000000000002
0.06163735737842169,0.2484
0.05759352089738745,0.2485
0.05348511382476251,0.24860000000000002
0.0495593787994566,0.2487
0.045582874794112715,0.24880000000000002
0.04156759630420681,0.2489
0.037470316936621284,0.249
0.03343449249952912,0.24910000000000002
0.02922509622127234,0.2492
0.024786141761525604,0.24930000000000002
0.02030953647564271,0.2494
0.016197131711813917,0.2495
0.012555913204042257,0.24960000000000002
0.009403914840256933,0.2497
0.00678560425188568,0.24980000000000002
0.0056793848067637764,0.2499
0.005841801250664025,0.25
0.005780818050778347,0.2501
0.005803801447646473,0.25020000000000003
0.006210988349858004,0.2503
0.0068797808944844885,0.2504
0.00819889500084292,0.2505
0.01035783140042179,0.2506
0.013081841501050073,0.25070000000000003
0.016119454005478984,0.2508
0.019622088149300554,0.2509
0.02365996410000215,0.251
0.028149730798875616,0.2511
0.03302138439395286,0.25120000000000003
0.03818416028078375,0.2513
0.04356099167052885,0.2514
0.049040591221173546,0.2515
0.054515235857731215,0.2516
0.059958185881588855,0.25170000000000003
0.06536618405113082,0.2518
0.07070675959460038,0.2519
0.07594542304327456,0.252
0.08104721044654117,0.2521
0.08598017961881188,0.25220000000000004
0.0907147208428365,0.2523
0.0952219257639958,0.2524
0.09947159893805346,0.2525
0.1034321553841262,0.2526
0.10707172368820783,0.25270000000000004
0.11036067750450573,0.2528
0.11327396837692327,0.2529
0.11579271633925914,0.253
0.11790430519956663,0.2531
0.11960144385918692,0.25320000000000004
0.12088076363037592,0.2533
0.12174166043124124,0.2534
0.1221855688467457,0.2535
0.1222155058489498,0.2536
0.12183562136913895,0.25370000000000004
0.12105064700515156,0.2538
0.11839336623766783,0.2539
0.11510550553588517,0.254
0.11163671664143704,0.2541
0.10802382037097469,0.25420000000000004
0.1042855101343505,0.2543
0.10044251756263067,0.2544
0.09651920788286938,0.2545
0.09254551086203389,0.2546
0.08855492890213634,0.25470000000000004
0.08450677907918769,0.2548
0.08030101107092724,0.2549
0.07615289065023534,0.255
0.07209940921709945,0.2551
0.06816936107882177,0.25520000000000004
0.06417445185040638,0.2553
0.06020162959727626,0.2554
0.05615155117562143,0.2555
0.05216740378767648,0.2556
0.04838513117671894,0.25570000000000004
0.044473490801481885,0.2558
0.04057538107594283,0.2559
0.03666367036524232,0.256
0.032866100997955616,0.2561
0.029038211752709264,0.25620000000000004
0.025148414443247447,0.25630000000000003
0.021302950394128883,0.2564
0.01782181317371223,0.2565
0.014774223871318659,0.2566
0.011672522422653264,0.25670000000000004
0.008994061482633153,0.25680000000000003
0.006881510468027319,0.2569
0.0058137272389964245,0.257
0.0059304164734335085,0.2571
0.006481962132522057,0.25720000000000004
0.007223822928975165,0.25730000000000003
0.007982994033095547,0.2574
0.00929142640170344,0.2575
0.01141323233670355,0.2576
0.014361220643722694,0.2577
0.017825284949565035,0.25780000000000003
0.021532926612866987,0.2579
0.025635625718031685,0.258
0.0302028115435391,0.2581
0.03514827988454039,0.2582
0.04039857416395498,0.25830000000000003
0.04585965316018292,0.2584
0.05141606606638183,0.2585
0.05695050009802283,0.2586
0.06243294303273861,0.2587
0.0678556675901617,0.25880000000000003
0.07318472854505698,0.2589
0.0783819362058995,0.259
0.08340936360611695,0.2591
0.08823217242500792,0.2592
0.09282065240791604,0.25930000000000003
0.09714857266358712,0.2594
0.10119174422616839,0.2595
0.1049261064909951,0.2596
0.1083272518908901,0.2597
0.11137087068817852,0.25980000000000003
0.11403448730871324,0.2599
0.11629926175898364,0.26
0.11815140425713655,0.2601
0.119582314397231,0.2602
0.120587873750993,0.26030000000000003
0.12116720138818515,0.2604
0.12132173782795852,0.2605
0.12105470487482406,0.2606
0.12037097074611247,0.2607
0.11858422090183429,0.26080000000000003
0.11533481670796342,0.2609
0.11188638580553678,0.261
0.10829309385213026,0.2611
0.10458042898887454,0.2612
0.10076671470891507,0.26130000000000003
0.09687383704591679,0.2614
0.09292665392792465,0.2615
0.08895417641230596,0.2616
0.0849734626151627,0.2617
0.08076940929398979,0.26180000000000003
0.07660396483006915,0.2619
0.0725161340331727,0.262
0.06853759364526368,0.2621
0.06452274107068401,0.2622
0.06048627628788883,0.26230000000000003
0.05638535128192901,0.2624
0.0523241737075435,0.2625
0.048457424537310834,0.2626
0.04442307680593127,0.2627
0.040353406929316105,0.26280000000000003
0.036323200886928975,0.2629
0.03225350097368396,0.263
0.02794174071698108,0.2631
0.02353277465985415,0.2632
0.019106412906901404,0.26330000000000003
0.015109097808953864,0.2634
0.011603475503452643,0.2635
0.008605819431574124,0.2636
0.006161958807622492,0.2637
0.005629250703589106,0.26380000000000003
0.0062744287146752065,0.2639
0.005820036236299897,0.264
0.005781986677280804,0.2641
0.006304797210676227,0.2642
0.0072353428236473505,0.26430000000000003
0.00885359725072643,0.2644
0.011300503233192982,0.2645
0.014257087690590087,0.2646
0.01747630872845729,0.2647
0.021115789724826195,0.26480000000000004
0.025260362880222376,0.2649
0.02983313923022446,0.265
0.03476861959641697,0.2651
0.03997594052376097,0.2652
0.04537827534754668,0.26530000000000004
0.05086304096217731,0.2654
0.05632294449154629,0.2655
0.061735338457107436,0.2656
0.06710145961320191,0.2657
0.07239095481422331,0.26580000000000004
0.07757087607014679,0.2659
0.0826070768605951,0.266
0.08746807417351321,0.2661
0.09212422413373256,0.2662
0.0965462439600202,0.26630000000000004
0.10070324012527965,0.2664
0.10456302259687988,0.2665
0.10809357070390746,0.2666
0.11126597285422235,0.2667
0.11405672197034777,0.26680000000000004
0.11644896768176927,0.2669
0.11843199418218786,0.267
0.11999985075938813,0.2671
0.12114982813325548,0.2672
0.12188155417227542,0.26730000000000004
0.12219659295184693,0.2674
0.12209820584984121,0.2675
0.12159089049646055,0.2676
0.120510558808118,0.2677
0.11738697716408164,0.26780000000000004
0.1140362837392892,0.2679
0.1105216148593412,0.268
0.10687117487462494,0.2681
0.10310131095268182,0.2682
0.09923388977115699,0.26830000000000004
0.09529406325504919,0.2684
0.0913129712644003,0.2685
0.0873245571593605,0.2686
0.08320093326205014,0.2687
0.07900606773239516,0.26880000000000004
0.07488038873133218,0.26890000000000003
0.07085885083983245,0.269
0.06696923411453504,0.2691
0.06290657626021978,0.2692
0.0589702988142069,0.26930000000000004
0.05486757978368284,0.26940000000000003
0.05093979507261848,0.2695
0.047146848086097704,0.2696
0.04324922831184841,0.2697
0.03929536989931681,0.26980000000000004
0.03546301593170331,0.26990000000000003
0.0316270915772614,0.27
0.027770413039467146,0.2701
0.023881117218965686,0.2702
0.02014308444539692,0.27030000000000004
0.01679080272319,0.27040000000000003
0.013724572312985073,0.2705
0.010749417409205542,0.2706
0.008237274501921243,0.2707
0.006549764609858677,0.27080000000000004
0.00592995293873444,0.27090000000000003
0.005925306702712296,0.271
0.0062310531585481055,0.2711
0.007100233539350187,0.2712
0.008077450327603986,0.2713
0.009641650114261102,0.27140000000000003
0.01202770979234824,0.2715
0.01521825164502233,0.2716
0.018889329254581977,0.2717
0.02276910272450694,0.2718
0.027013667651683004,0.27190000000000003
0.03169697423121809,0.272
0.03673528527184233,0.2721
0.04205613075808068,0.2722
0.047565914451277225,0.2723
0.053148661405231,0.27240000000000003
0.05868720799821592,0.2725
0.064154843753645,0.2726
0.06954748338113836,0.2727
0.0748333702478372,0.2728
0.0799761598265013,0.27290000000000003
0.08493947524592393,0.273
0.0896897236563915,0.2731
0.09419801328198552,0.2732
0.09843838513309211,0.2733
0.10238642795423192,0.27340000000000003
0.10601767977763676,0.2735
0.10930764357755818,0.2736
0.112232660552954,0.2737
0.11477174561703551,0.2738
0.11690807635181233,0.27390000000000003
0.1186298616871102,0.274
0.11993002127797137,0.2741
0.12080533695094109,0.2742
0.12125537335586312,0.2743
0.12128183602450127,0.27440000000000003
0.1208882050336717,0.2745
0.12007961377799581,0.2746
0.11759423623038079,0.2747
0.11427763826899384,0.2748
0.11078326390265414,0.27490000000000003
0.10715380305218525,0.275
0.10341043872115474,0.2751
0.09957299432374112,0.2752
0.09566374064146332,0.2753
0.09170897801426958,0.27540000000000003
0.08773834207759978,0.2755
0.08369047058039325,0.2756
0.07949899674655747,0.2757
0.07535835269942337,0.2758
0.07130516122578534,0.27590000000000003
0.0673693677817837,0.276
0.06330037236794539,0.2761
0.05931095500646455,0.2762
0.055153610787549656,0.2763
0.05114687008508656,0.27640000000000003
0.04724402017499707,0.2765
0.043252762862986405,0.2766
0.039125386517387506,0.2767
0.03515697966128495,0.2768
0.031037633896540573,0.27690000000000003
0.026607852346718364,0.277
0.02219617591202372,0.2771
0.01795422484341236,0.2772
0.014139177826018479,0.2773
0.010780013128430355,0.27740000000000004
0.007924434334048769,0.2775
0.005801157546328595,0.2776
0.005636803177279992,0.2777
0.0062363889751531065,0.2778
0.005859201562894878,0.27790000000000004
0.0058174577233409686,0.278
0.006406622779633109,0.2781
0.007596473876558596,0.2782
0.009545168748178456,0.2783
0.0122907209992138,0.27840000000000004
0.015495172723680506,0.2785
0.018907655893529052,0.2786
0.022699021588535873,0.2787
0.02696298935327457,0.2788
0.0316293689086562,0.27890000000000004
0.036634785940047765,0.279
0.04188919770381294,0.2791
0.04731593997235395,0.2792
0.05280201621178193,0.2793
0.05824073055995571,0.27940000000000004
0.06361493825627929,0.2795
0.0689312736923926,0.2796
0.07416199985320748,0.2797
0.07927548462983369,0.2798
0.08423790570077683,0.27990000000000004
0.08901739995096702,0.28
0.09358374174054152,0.2801
0.09790716749687156,0.2802
0.1019567446206745,0.2803
0.10570082374318845,0.28040000000000004
0.10910856646424716,0.2805
0.11215273121931879,0.2806
0.11481170411783204,0.2807
0.1170703800648395,0.2808
0.1189193595481467,0.28090000000000004
0.12035344933974879,0.281
0.1213702257635706,0.2811
0.12196931786121223,0.2812
0.12215221128300013,0.2813
0.12192213303174171,0.28140000000000004
0.12128365534424257,0.28150000000000003
0.11952306230501342,0.2816
0.11632357379787384,0.2817
0.11291745296532119,0.2818
0.10935735334451391,0.28190000000000004
0.10566765982508886,0.28200000000000003
0.1018663352480017,0.2821
0.09797583606856308,0.2822
0.09402282323476474,0.2823
0.09003903533812974,0.28240000000000004
0.08605844905750704,0.28250000000000003
0.08185774025687431,0.2826
0.07768113545140665,0.2827
0.0735855378737017,0.2828
0.06960266085583156,0.28290000000000004
0.06565641560917634,0.28300000000000003
0.06162373195657567,0.2831
0.0576163649308159,0.2832
0.053562944131407386,0.2833
0.04969790419324038,0.28340000000000004
0.04583059983026283,0.28350000000000003
0.04197562051465886,0.2836
0.03797533516980445,0.2837
0.03420446517367837,0.2838
0.030333438489732023,0.28390000000000004
0.0264322269729389,0.28400000000000003
0.02253073840221065,0.2841
0.018912123875687747,0.2842
0.015705874013426824,0.2843
0.012599774117270979,0.2844
0.00976574622260551,0.28450000000000003
0.007446027985237302,0.2846
0.005994411476436978,0.2847
0.00579901264560867,0.2848
0.00630812556689464,0.2849
0.00689883342270492,0.28500000000000003
0.0076078337995773015,0.2851
0.008653425799063141,0.2852
0.010490019648958793,0.2853
0.013163731437785042,0.2854
0.016391018463241425,0.28550000000000003
0.019903818323306455,0.2856
0.023850379920230758,0.2857
0.028294753659577898,0.2858
0.03314581630574498,0.2859
0.0383272037436897,0.28600000000000003
0.043743130003444985,0.2861
0.04931427412138367,0.2862
0.05492763169168158,0.2863
0.06047526022331251,0.2864
0.06593417920659095,0.28650000000000003
0.07130481404931721,0.2866
0.07655542035516794,0.2867
0.08165075819306311,0.2868
0.08655459414209588,0.2869
0.09123451373172031,0.28700000000000003
0.0956624053366284,0.2871
0.0998133882069745,0.2872
0.10366358523662567,0.2873
0.10718901043551488,0.2874
0.11036536878364667,0.28750000000000003
0.11316947007846256,0.2876
0.11558106725545447,0.2877
0.11758456252708649,0.2878
0.11916960558359124,0.2879
0.1203306341277538,0.28800000000000003
0.12106576227851873,0.2881
0.12137571267201064,0.2882
0.12126318136001679,0.2883
0.12073255385050796,0.2884
0.1197407467417756,0.28850000000000003
0.11658011183078076,0.2886
0.11319707591579642,0.2887
0.10965836204634194,0.2888
0.10599397596790527,0.2889
0.10222024224645121,0.28900000000000003
0.09835816916855311,0.2891
0.09443061556264587,0.2892
0.09046567679547535,0.2893
0.0864940170084948,0.2894
0.08236898643601032,0.28950000000000004
0.07818675406163456,0.2896
0.07406851313602614,0.2897
0.07004851668046796,0.2898
0.06611118772625457,0.2899
0.062023868229819756,0.29000000000000004
0.057992368545345396,0.2901
0.05386808438164836,0.2902
0.0499240847015745,0.2903
0.04596169111912585,0.2904
0.041962908632640294,0.29050000000000004
0.03784979115048803,0.2906
0.03383403221311432,0.2907
0.029677472950040862,0.2908
0.025232823935681825,0.2909
0.02079785833578951,0.29100000000000004
0.016662498478382304,0.2911
0.012985736643447598,0.2912
0.009788893507722385,0.2913
0.00711818392311292,0.2914
0.00568616355655438,0.29150000000000004
0.005723592915908515,0.2916
0.005838182396119329,0.2917
0.0057614650354083086,0.2918
0.006225060017776007,0.2919
0.006905714030538634,0.29200000000000004
0.008132848819221605,0.2921
0.010204512012205402,0.2922
0.013062001236840981,0.2923
0.016400518163715017,0.2924
0.019941595808278034,0.29250000000000004
0.023854447625226483,0.2926
0.028223380256225283,0.2927
0.03297881678560066,0.2928
0.03805590266755554,0.2929
0.04336693282328352,0.29300000000000004
0.04879751740703675,0.2931
0.054231734587750324,0.2932
0.059641541335656134,0.2933
0.06502203986398125,0.2934
0.07034158903362375,0.29350000000000004
0.07556534829439454,0.2936
0.08065849824477,0.2937
0.08558834684146721,0.2938
0.09032487449986515,0.2939
0.09483861179600384,0.29400000000000004
0.09909922219122713,0.29410000000000003
0.10307490566691757,0.2942
0.10673358484520978,0.2943
0.11004507937197494,0.2944
0.11298362274529461,0.29450000000000004
0.11552948461604529,0.29460000000000003
0.11766935402924361,0.2947
0.11939539556526235,0.2948
0.12070383834464937,0.2949
0.12159362537437413,0.29500000000000004
0.12206565656740265,0.29510000000000003
0.12212237296318895,0.2952
0.12176751808116326,0.2953
0.12100573060401765,0.2954
0.11852710754170581,0.29550000000000004
0.11525313002967363,0.29560000000000003
0.11179346883853214,0.2957
0.10818879443301965,0.2958
0.10445927726518622,0.2959
0.10062505097515473,0.29600000000000004
0.09670982865348732,0.29610000000000003
0.09274250303060938,0.2962
0.08875584893801314,0.2963
0.08471976199773468,0.2964
0.08051306378267997,0.29650000000000004
0.07636062252077469,0.29660000000000003
0.0722999709496236,0.2967
0.0683604184703277,0.2968
0.06436219407139543,0.2969
0.060377438179123,0.29700000000000004
0.056320764394065304,0.29710000000000003
0.05232309503652499,0.2972
0.04852574782284158,0.2973
0.044604148405306576,0.2974
0.04069527126437311,0.2975
0.03676774309228148,0.29760000000000003
0.032956988919282226,0.2977
0.029113801221664737,0.2978
0.025202740766689047,0.2979
0.02133734902668727,0.298
0.01783439957952182,0.29810000000000003
0.014738963309127051,0.2982
0.01161422881351637,0.2983
0.008915850836963335,0.2984
0.006784393280344858,0.2985
0.005781109772167614,0.29860000000000003
0.006001346135061203,0.2987
0.0065421814681276835,0.2988
0.007221065196837184,0.2989
0.007857164489527335,0.299
0.009132287021902386,0.29910000000000003
0.011231480175805775,0.2992
0.014163268976038257,0.2993
0.01761097673685108,0.2994
0.021300282618269994,0.2995
0.02538311103871216,0.29960000000000003
0.029930527208194224,0.2997
0.03485808167419635,0.2998
0.04009337807655888,0.2999
0.045542810743681494,0.3
0.0510909007671414,0.30010000000000003
0.05662015249161012,0.3002
0.06210034526469266,0.3003
0.06752358948697224,0.3004
0.07285583343034774,0.3005
0.07805884184114731,0.30060000000000003
0.08309469599253927,0.3007
0.08792861085925707,0.3008
0.09253094653090854,0.3009
0.0968754962363626,0.301
0.10093797360656853,0.30110000000000003
0.1046940445836464,0.3012
0.10811886687506844,0.3013
0.11118762351958578,0.3014
0.1138773912560449,0.3015
0.1161690439776768,0.30160000000000003
0.11804868928777323,0.3017
0.11950774184853163,0.3018
0.12054211588319275,0.3019
0.12115090696360309,0.302
0.12133546512101623,0.30210000000000004
0.12109888886573494,0.3022
0.12044592978306679,0.3023
0.11882045944735775,0.3024
0.11559229345323263,0.3025
0.11216003034010102,0.30260000000000004
0.1085803851541135,0.3027
0.1048798324573833,0.3028
0.10107636443356993,0.3029
0.0971917542054681,0.303
0.093250520502009,0.30310000000000004
0.0892815512277847,0.3032
0.08531568425165403,0.3033
0.08111520910174552,0.3034
0.07694801811470464,0.3035
0.07285622376193301,0.30360000000000004
0.06887192465027625,0.3037
0.06487449555038105,0.3038
0.060831780878650155,0.3039
0.056749960931466115,0.304
0.05268120681768096,0.30410000000000004
0.04880386201295517,0.3042
0.04479445121555137,0.3043
0.04075230985029887,0.3044
0.03671170233971166,0.3045
0.032670230401578904,0.30460000000000004
0.028426748735057128,0.3047
0.02405790438872213,0.3048
0.01962504951448585,0.3049
0.015599794473381001,0.305
0.012057178565259674,0.30510000000000004
0.009015567602656205,0.3052
0.006519799742787047,0.3053
0.00566266319870623,0.3054
0.006066096058413795,0.3055
0.005798577786838344,0.30560000000000004
0.005785771624154723,0.3057
0.006309257095703957,0.3058
0.0071434725364245555,0.3059
0.008612432765722655,0.306
0.01092117187012498,0.30610000000000004
0.013775295808053034,0.3062
0.016928070257180572,0.3063
0.02053047838178723,0.3064
0.024656010513681048,0.3065
0.029220889298103847,0.30660000000000004
0.034155467909928294,0.30670000000000003
0.03936795328183407,0.3068
0.04478140308415268,0.3069
0.05028430346465984,0.307
0.05576961210776421,0.30710000000000004
0.06121181301599066,0.30720000000000003
0.06660913238286492,0.3073
0.07192998866364197,0.3074
0.07714066870060832,0.3075
0.08220666771260632,0.30760000000000004
0.08709635271769178,0.30770000000000003
0.09178016378730691,0.3078
0.09622913048150683,0.3079
0.10041294409925772,0.308
0.10430010810388779,0.30810000000000004
0.10785918969482222,0.30820000000000003
0.11106146077241885,0.3083
0.11388309966772803,0.3084
0.1163065505264611,0.3085
0.11832033600368996,0.30860000000000004
0.11991798640930629,0.30870000000000003
0.12109665446936757,0.3088
0.1218560976582217,0.3089
0.12219806924925414,0.309
0.12212590734761586,0.30910000000000004
0.12164405483557683,0.30920000000000003
0.12066156983685716,0.3093
0.11755143053243067,0.3094
0.11421151251716011,0.3095
0.11070619621761424,0.30960000000000004
0.10706411588494102,0.30970000000000003
0.10330139007797035,0.3098
0.09943979759875976,0.3099
0.09550422283768623,0.31
0.0915256034294325,0.31010000000000004
0.08753776940199909,0.31020000000000003
0.0834350819633789,0.3103
0.07923988310741259,0.3104
0.07511145414505527,0.3105
0.07108465133470898,0.3106
0.06718682133628295,0.31070000000000003
0.06313772749837865,0.3108
0.059198627545588245,0.3109
0.05508920490295188,0.311
0.05114396536862409,0.3111
0.047346839376177785,0.31120000000000003
0.04342847704099917,0.3113
0.03945741435700656,0.3114
0.03559783483162082,0.3115
0.03173436572551003,0.3116
0.027847822474812656,0.31170000000000003
0.02392436607095738,0.3118
0.02016028455473995,0.3119
0.0167815723854714,0.312
0.013668727720951734,0.3121
0.010667657646661555,0.31220000000000003
0.00813203926106576,0.3123
0.006421772766377121,0.3124
0.005846886317955713,0.3125
0.0059238561962455805,0.3126
0.006219647302161402,0.31270000000000003
0.007029581132999452,0.3128
0.007896389554586491,0.3129
0.009429469777896049,0.313
0.011795131354724209,0.3131
0.014971841550868614,0.31320000000000003
0.018629621036156507,0.3133
0.022494907995441515,0.3134
0.026724224255355367,0.3135
0.0313929626368501,0.3136
0.03641880715840595,0.31370000000000003
0.04173004861664675,0.3138
0.047233313229925855,0.3139
0.052812567339951766,0.314
0.05835054554450503,0.3141
0.06382038843810767,0.31420000000000003
0.06921791661640464,0.3143
0.0745113490503484,0.3144
0.07966431865129009,0.3145
0.08464041068172257,0.3146
0.08940598478469997,0.31470000000000004
0.09393209029679472,0.3148
0.09819267115124208,0.3149
0.1021631355759175,0.315
0.10581872628579281,0.3151
0.10913455407649153,0.31520000000000004
0.11208654729477141,0.3153
0.11465338998894181,0.3154
0.11681808340475852,0.3155
0.11856881430178379,0.3156
0.11989856399299137,0.31570000000000004
0.12080416527830029,0.3158
0.12128515931553319,0.3159
0.12134314604378749,0.316
0.12098145095776502,0.3161
0.1202050408470624,0.31620000000000004
0.11789626831829136,0.3163
0.11459729553248099,0.3164
0.11111435476692655,0.3165
0.10749321346396856,0.3166
0.10375631604686963,0.31670000000000004
0.09992323782457857,0.3168
0.09601625934581148,0.3169
0.09206142797090788,0.317
0.0880883554862919,0.3171
0.0840553065381725,0.31720000000000004
0.0798591354812399,0.3173
0.07571119951135652,0.3174
0.07164875863427167,0.3175
0.0677021487600804,0.3176
0.06365050816075257,0.31770000000000004
0.05965015806471419,0.3178
0.055513168603898544,0.3179
0.05149424482123055,0.318
0.04761641767816793,0.3181
0.043611547607079304,0.31820000000000004
0.03951383172964329,0.3183
0.035542443998495044,0.3184
0.03145928112467655,0.3185
0.027093878279449424,0.3186
0.02274323929683164,0.31870000000000004
0.01847817159691556,0.31880000000000003
0.014622610158649074,0.3189
0.011213203378713121,0.319
0.008300676421995723,0.3191
0.005951415286848283,0.31920000000000004
0.005619203746349166,0.31930000000000003
0.006452138102622351,0.3194
0.006019074299140392,0.3195
0.00582069401841534,0.3196
0.006301476251627802,0.31970000000000004
0.007429642508448131,0.31980000000000003
0.009323120363656345,0.3199
0.01202485561481903,0.32
0.01519033265504599,0.3201
0.018569761177492428,0.32020000000000004
0.022333449085047308,0.32030000000000003
0.026575999521570415,0.3204
0.031227030645166964,0.3205
0.03622306359619665,0.3206
0.04147329387632004,0.32070000000000004
0.046900522385436405,0.32080000000000003
0.05239118891226835,0.3209
0.05783815631206979,0.321
0.06322339600531524,0.3211
0.0685527107148477,0.32120000000000004
0.07379765476952249,0.32130000000000003
0.0789260852860455,0.3214
0.08390392257668422,0.3215
0.08869945631560971,0.3216
0.09328293749479977,0.32170000000000004
0.09762526557645845,0.32180000000000003
0.10169605001270576,0.3219
0.10546385457209029,0.322
0.10889761590898372,0.3221
0.11196955066412984,0.32220000000000004
0.11465738516515667,0.32230000000000003
0.11694544282090846,0.3224
0.11882390343457716,0.3225
0.12028726916052357,0.3226
0.12133284266966027,0.32270000000000004
0.12195998889925486,0.32280000000000003
0.12216997296987964,0.3229
0.1219659073769791,0.323
0.12135236972003205,0.3231
0.11971640252589655,0.32320000000000004
0.11652882286124289,0.32330000000000003
0.1131309223854633,0.3234
0.10957749164529418,0.3235
0.10589369515963976,0.3236
0.10209715446560874,0.32370000000000004
0.09821008505098172,0.32380000000000003
0.0942586744606807,0.3239
0.09027433701403642,0.324
0.08629085474709253,0.3241
0.08210816714295643,0.3242
0.07792554996490042,0.32430000000000003
0.07382092149441277,0.3244
0.06982688446385266,0.3245
0.06589098987095643,0.3246
0.061845628193928914,0.3247
0.05784600729195577,0.32480000000000003
0.053777557721678804,0.3249
0.049895260723375356,0.325
0.046031500549043924,0.3251
0.04217200804306542,0.3252
0.038146719656751094,0.32530000000000003
0.034355387688898675,0.3254
0.030454871736504296,0.3255
0.026528762021146735,0.3256
0.022596946262518625,0.3257
0.018949900832691435,0.32580000000000003
0.01571386766493732,0.3259
0.012570087599380164,0.326
0.00970683142497153,0.3261
0.007358008474110278,0.3262
0.005898596008913515,0.32630000000000003
0.005774470656468411,0.3264
0.006362689922266851,0.3265
0.006927158047551174,0.3266
0.007484010433191246,0.3267
0.008489235340695345,0.32680000000000003
0.010295406434042587,0.3269
0.012946650803808746,0.327
0.016153216731392916,0.3271
0.019644819204657438,0.3272
0.02356969600860026,0.32730000000000004
0.02799336730427182,0.3274
0.03282639067824311,0.3275
0.037993560485383826,0.3276
0.04339947488171991,0.3277
0.04896469566064021,0.32780000000000004
0.05457587766354721,0.3279
0.060124771516349984,0.328
0.06558815647953509,0.3281
0.07096629806264687,0.3282
0.07622732961411993,0.32830000000000004
0.08133590009574432,0.3284
0.08625566500733439,0.3285
0.09095410826350703,0.3286
0.09540301729328304,0.3287
0.09957737006320588,0.32880000000000004
0.10345305532460314,0.3289
0.10700573074986852,0.329
0.11021065566536492,0.3291
0.11304419260367105,0.3292
0.11548575033853092,0.32930000000000004
0.11751954691284516,0.3294
0.11913518902587206,0.3295
0.1203271311341223,0.3296
0.12109347847714558,0.3297
0.1214348760394166,0.32980000000000004
0.12135388736135677,0.3299
0.12085475049594685,0.33
0.11994322072242025,0.3301
0.1168771091628732,0.3302
0.11350904209069224,0.33030000000000004
0.10998099552211449,0.3304
0.10632488798668105,0.3305
0.10255754053628785,0.3306
0.09869978659597967,0.3307
0.09477436142818618,0.33080000000000004
0.09080920062313236,0.3309
0.08683498368788833,0.331
0.08272780986250439,0.3311
0.07854066444262331,0.3312
0.07441484913941576,0.33130000000000004
0.07038534007562358,0.33140000000000003
0.06646523991694597,0.3315
0.062367844230302505,0.3316
0.05835506226552356,0.3317
0.05421919273207676,0.33180000000000004
0.05026058382122178,0.33190000000000003
0.04632183203518414,0.332
0.042348652959069755,0.3321
0.03822037220752872,0.3322
0.034228981597883124,0.33230000000000004
0.030097916306443873,0.33240000000000003
0.025677742518089408,0.3325
0.02129279309832466,0.3326
0.017131548306007716,0.3327
0.013413456279696367,0.33280000000000004
0.010165704850893409,0.33290000000000003
0.0074370867721735845,0.333
0.005725596959607504,0.3331
0.005669551739455159,0.3332
0.005979753939085564,0.33330000000000004
0.005762164034655681,0.33340000000000003
0.006028919179454473,0.3335
0.0065986135520959,0.3336
0.007769911161354726,0.3337
0.00980757902685836,0.33380000000000004
0.012642172228217508,0.33390000000000003
0.015964169010798335,0.334
0.019491052129380293,0.3341
0.02339469069132094,0.3342
0.027759469302325757,0.33430000000000004
0.032516902266569225,0.33440000000000003
0.03760111378254849,0.3345
0.04292353419538775,0.3346
0.04840621482127694,0.3347
0.05393715787360187,0.33480000000000004
0.05940938872771717,0.33490000000000003
0.0648055135355724,0.335
0.0701316358830214,0.3351
0.07536097122278629,0.3352
0.08046254357249483,0.33530000000000004
0.08540327956209792,0.33540000000000003
0.0901514318840575,0.3355
0.09467666876602165,0.3356
0.09894881667522948,0.3357
0.10293684334308739,0.33580000000000004
0.106609421718039,0.33590000000000003
0.10993672147801037,0.336
0.11289291049221983,0.3361
0.1154579842502148,0.3362
0.11761830402695128,0.33630000000000004
0.11936576111596464,0.33640000000000003
0.12069626084983642,0.3365
0.12160837474378317,0.3366
0.12210255713482465,0.3367
0.122180885000847,0.33680000000000004
0.12184686130326339,0.33690000000000003
0.12110507920527125,0.337
0.11869601797707963,0.3371
0.11543367292856765,0.3372
0.1119833907961626,0.3373
0.10838707340188292,0.33740000000000003
0.10466518204029185,0.3375
0.10083733111847137,0.3376
0.09692666619836332,0.3377
0.09296147856522619,0.3378
0.08897425862754949,0.33790000000000003
0.08495863464006603,0.338
0.08074789574243157,0.3381
0.07658853660881149,0.3382
0.07251905629192501,0.3383
0.06856932924113979,0.33840000000000003
0.06458385785172438,0.3385
0.060587216549491396,0.3386
0.05653786153090601,0.3387
0.05252442096624588,0.3388
0.04870836336154638,0.33890000000000003
0.044784963591163685,0.339
0.040868655607619875,0.3391
0.036917717661826055,0.3392
0.03309111482942728,0.3393
0.029228147050397668,0.33940000000000003
0.025291958984316798,0.3395
0.02139920984851096,0.3396
0.01786777830018682,0.3397
0.014747036623819598,0.3398
0.011594648050053058,0.33990000000000004
0.00886719228803523,0.34
0.006705247557579952,0.3401
0.005755817508671601,0.3402
0.006077850078370917,0.3403
0.006609042844182955,0.34040000000000004
0.007210612246487669,0.3405
0.007736117119438557,0.3406
0.00896991761495225,0.3407
0.011037326843617246,0.3408
0.01394404891648926,0.34090000000000004
0.017368648884725557,0.341
0.021035368945070188,0.3411
0.025096478836478253,0.3412
0.02962435198678759,0.3413
0.03453587382246792,0.34140000000000004
0.0397593294198888,0.3415
0.04520123192011116,0.3416
0.05074587603833147,0.3417
0.056275418379588604,0.3418
0.061759167104283086,0.34190000000000004
0.06718885989473333,0.342
0.07253024125083807,0.3421
0.0777449556472829,0.3422
0.08279501349804252,0.3423
0.08764559094724977,0.34240000000000004
0.0922670217020014,0.3425
0.09663304188529764,0.3426
0.10071921625086744,0.3427
0.10450091689655261,0.3428
0.10795286703167872,0.34290000000000004
0.1110497510909233,0.343
0.11376821018928585,0.3431
0.11608885073349173,0.3432
0.11799770720541336,0.3433
0.11948624737371571,0.34340000000000004
0.1205504543643996,0.3435
0.12118942177913306,0.3436
0.1214044074889905,0.3437
0.12119836109846349,0.3438
0.1205758734560517,0.34390000000000004
0.11908345934026876,0.34400000000000003
0.11587007213486289,0.3441
0.11244791303819679,0.3442
0.10887590806067504,0.3443
0.10518141589718122,0.34440000000000004
0.10138223222965814,0.34450000000000003
0.09750011495946587,0.3446
0.093559385393445,0.3447
0.0895889086095234,0.3448
0.08561959914177597,0.34490000000000004
0.081436721694773,0.34500000000000003
0.0772646469439564,0.3451
0.07316570999660199,0.3452
0.0691727161759691,0.3453
0.06519518921354006,0.34540000000000004
0.06114377393269688,0.34550000000000003
0.05708435090856212,0.3456
0.053005322588810966,0.3457
0.049114586338520505,0.3458
0.0451317764844128,0.34590000000000004
0.041117531404904595,0.34600000000000003
0.03706214757282433,0.3461
0.03304528533764417,0.3462
0.02886451385149269,0.3463
0.024479074777808307,0.34640000000000004
0.020093994688126893,0.34650000000000003
0.016039820930350945,0.3466
0.012454516173764363,0.3467
0.009360736366358813,0.3468
0.006806157948252567,0.34690000000000004
0.005691905497979377,0.34700000000000003
0.00582875311272435,0.3471
0.005814933237741071,0.3472
0.00578617677426152,0.3473
0.006298909689439913,0.34740000000000004
0.007110666376892727,0.34750000000000003
0.008540859222244901,0.3476
0.010806195271784835,0.3477
0.01361647361126428,0.3478
0.01673111918273862,0.34790000000000004
0.020300971340770912,0.34800000000000003
0.02439971005387931,0.3481
0.028942050864527502,0.3482
0.03385800198090716,0.3483
0.039055347906045146,0.34840000000000004
0.04445737705327768,0.34850000000000003
0.04995250610956736,0.3486
0.05543368006019711,0.3487
0.060875294568117355,0.3488
0.066275384387248,0.34890000000000004
0.07160183045107649,0.34900000000000003
0.07682036258620273,0.3491
0.08189594325170235,0.3492
0.08679661755565882,0.3493
0.09149276609610635,0.34940000000000004
0.09595567974325248,0.34950000000000003
0.10015552794876847,0.3496
0.10406133831703057,0.3497
0.1076419838072673,0.3498
0.1108686386959189,0.34990000000000004
0.11371693341819,0.35000000000000003
0.11616846775428635,0.3501
0.11821086789727242,0.3502
0.11983693428576125,0.3503
0.12104333882881246,0.3504
0.12182956870276529,0.35050000000000003
0.12219722944407907,0.3506
0.12214958157609435,0.3507
0.12169106151763454,0.3508
0.12082672563046248,0.3509
0.11773526203845919,0.35100000000000003
0.11440484908413351,0.3511
0.11090750689380457,0.3512
0.10727262871689669,0.3513
0.10351605637083383,0.3514
0.09965936366100248,0.35150000000000003
0.09572702783302245,0.3516
0.09174967576107995,0.3517
0.0877609067902122,0.3518
0.08367421200843439,0.3519
0.07947465675693599,0.35200000000000004
0.0753388714451575,0.3521
0.07130244539635722,0.3522
0.06739332796739816,0.3523
0.06335166610759835,0.3524
0.05940009185404849,0.35250000000000004
0.05529610473712476,0.3526
0.05133657204295483,0.3527
0.04754098087840397,0.3528
0.04360597143698208,0.3529
0.03963321650605134,0.35300000000000004
0.03575398026326737,0.3531
0.031883496833924996,0.3532
0.027986264214286294,0.3533
0.024046227712577695,0.3534
0.020256639819096645,0.35350000000000004
0.016849950137490577,0.3536
0.013720059182147581,0.3537
0.01069111744040896,0.3538
0.008124147689971606,0.3539
0.0063797140265087204,0.35400000000000004
0.005818786445032531,0.3541
0.005933893070988905,0.3542
0.00620173438756999,0.3543
0.0069533471761193955,0.3544
0.007754368964407066,0.35450000000000004
0.00924798861776499,0.3546
0.011580126082237019,0.3547
0.014728952405836937,0.3548
0.018362523150255994,0.3549
0.02220639260391244,0.35500000000000004
0.026417020556841475,0.3551
0.031070226472685425,0.3552
0.03608417411799669,0.3553
0.04138733645215731,0.3554
0.04688628014108964,0.35550000000000004
0.05246482478099579,0.3556
0.05800549542827094,0.3557
0.06348100533279033,0.3558
0.06888679081044058,0.3559
0.07419085698132022,0.35600000000000004
0.0793566892637445,0.3561
0.08434777531437632,0.3562
0.08913041528503185,0.3563
0.09367562106460103,0.3564
0.09795728877054632,0.35650000000000004
0.1019507256118184,0.35660000000000003
0.10563098271155602,0.3567
0.1089728853913623,0.3568
0.11195202048868835,0.3569
0.11454674301664403,0.35700000000000004
0.11673979833913928,0.35710000000000003
0.11851921368528351,0.3572
0.11987788286447065,0.3573
0.12081257604398621,0.3574
0.12132275785098812,0.35750000000000004
0.12140992849040244,0.35760000000000003
0.12107730327066557,0.3577
0.12032974391664808,0.3578
0.11814747711438778,0.3579
0.11486384444116615,0.35800000000000004
0.11139184297527605,0.35810000000000003
0.10777930260757485,0.3582
0.10404945749248795,0.3583
0.10022164544052525,0.3584
0.09631810367592719,0.35850000000000004
0.09236467079645105,0.35860000000000003
0.0883909199383518,0.3587
0.08437582319950376,0.3588
0.08017693211091648,0.3589
0.07602376015853463,0.35900000000000004
0.07195420240783856,0.35910000000000003
0.06799898706806606,0.3592
0.06396592742506779,0.3593
0.05995645027803409,0.3594
0.05583928640227742,0.35950000000000004
0.05180934649247493,0.35960000000000003
0.04795237673166519,0.3597
0.04393435109443167,0.3598
0.03985872104591803,0.3599
0.03587181788879401,0.36000000000000004
0.03181041060226186,0.36010000000000003
0.02750175179106784,0.3602
0.02315498827474105,0.3603
0.01878753767692176,0.3604
0.014852187307808018,0.36050000000000004
0.011411733381444522,0.36060000000000003
0.008485098982709216,0.3607
0.006119479710019027,0.3608
0.005633746156818775,0.3609
0.0063429919889472774,0.36100000000000004
0.005873461739102304,0.36110000000000003
0.00578363961566053,0.3612
0.006369023992059075,0.3613
0.007446484314054258,0.3614
0.00921745800420637,0.36150000000000004
0.011806423270404043,0.36160000000000003
0.014879634446595125,0.3617
0.018194913697073378,0.3618
0.021913502805003704,0.3619
0.02612476345318515,0.36200000000000004
0.030752732496097446,0.36210000000000003
0.035732514524142944,0.3622
0.04097264296417391,0.3623
0.0463964638781722,0.3624
0.051891060152333246,0.36250000000000004
0.05734956290269699,0.36260000000000003
0.06275125557627981,0.3627
0.06809938851166186,0.3628
0.07336444617692173,0.3629
0.07851399741523857,0.36300000000000004
0.08351408485082124,0.36310000000000003
0.08833332537278127,0.3632
0.09294212531837442,0.3633
0.09731134831448573,0.3634
0.10141037977657497,0.3635
0.10520752663379973,0.36360000000000003
0.10867144960644104,0.3637
0.11177404509249111,0.3638
0.11449259179701476,0.3639
0.11681088103906323,0.364
0.11871860731470363,0.36410000000000003
0.12021001552947763,0.3642
0.12128245299989082,0.3643
0.12193557303843527,0.3644
0.12217100786982016,0.3645
0.12199216195295381,0.36460000000000004
0.12140374622570671,0.3647
0.11988338982000157,0.3648
0.11671051402873389,0.3649
0.11332397140494865,0.365
0.10978005225608722,0.36510000000000004
0.1061043699717873,0.3652
0.10231415986969816,0.3653
0.09843147879610603,0.3654
0.09448224761341983,0.3655
0.09049781114785671,0.36560000000000004
0.08651202019437276,0.3657
0.0823458292548942,0.3658
0.07815871570123722,0.3659
0.07404731467669756,0.366
0.07004496269107063,0.36610000000000004
0.06612238121940517,0.3662
0.062068163827019074,0.3663
0.058081495263828664,0.3664
0.05400192418881655,0.3665
0.050105556406127016,0.36660000000000004
0.046251359196623154,0.3667
0.042384977128535395,0.3668
0.03835585596482005,0.3669
0.03455770213917031,0.367
0.03064244943817518,0.36710000000000004
0.026711730102913167,0.3672
0.022768974803501374,0.3673
0.019094969440279774,0.3674
0.015828251863593046,0.3675
0.01267191037687887,0.36760000000000004
0.009778956047575393,0.3677
0.007394591469916945,0.3678
0.005896244788772487,0.3679
0.005764543447501325,0.368
0.006361303362597104,0.36810000000000004
0.006890923549201622,0.3682
0.007390979119053176,0.3683
0.008349888013744033,0.3684
0.010110693226446754,0.3685
0.012720776523307942,0.36860000000000004
0.015891516879141143,0.3687
0.019352427669499406,0.3688
0.02325131736886399,0.3689
0.027653486500320623,0.369
0.0324694006240589,0.36910000000000004
0.03762381564042738,0.36920000000000003
0.04302120485870553,0.3693
0.04858192607242717,0.3694
0.05419247149772355,0.3695
0.059744384295492,0.36960000000000004
0.06521394679526127,0.36970000000000003
0.0706009708422638,0.3698
0.07587335072671131,0.3699
0.08099556699304589,0.37
0.08593115330466072,0.37010000000000004
0.09064750261266741,0.37020000000000003
0.0951163304542828,0.3703
0.09931254170576509,0.3704
0.10321192081237351,0.3705
0.10678996079774761,0.37060000000000004
0.11002168891965325,0.37070000000000003
0.11288319082636789,0.3708
0.1153536004928184,0.3709
0.11741690807852989,0.371
0.11906255994739445,0.37110000000000004
0.12028490503632228,0.37120000000000003
0.12108196674719629,0.3713
0.12145430360440646,0.3714
0.12140437790467296,0.3715
0.12093631655417514,0.37160000000000004
0.1200557619019813,0.37170000000000003
0.11714002756716368,0.3718
0.11378798856950512,0.3719
0.1102708899659467,0.372
0.10662321266921304,0.37210000000000004
0.1028627619824588,0.37220000000000003
0.09901008522009347,0.3723
0.09508787709092092,0.3724
0.09112381981921736,0.3725
0.08714853533800027,0.37260000000000004
0.08305909961237579,0.37270000000000003
0.0788689250319774,0.3728
0.07473738214559777,0.3729
0.07070007658047095,0.373
0.06678611799333134,0.37310000000000004
0.06269196199943616,0.37320000000000003
0.05869857902525699,0.3733
0.05455263832445789,0.3734
0.05058077776352654,0.3735
0.04666490456998118,0.37360000000000004
0.04271156408164423,0.37370000000000003
0.03857359299587415,0.3738
0.034604313430980804,0.3739
0.030495122467635305,0.374
0.02609432452250582,0.37410000000000004
0.021747845551257194,0.37420000000000003
0.017561822430611773,0.3743
0.013806110532479599,0.3744
0.010512479037034117,0.3745
0.007731518165962736,0.37460000000000004
0.005773103977099847,0.37470000000000003
0.005633491578437955,0.3748
0.006190197823770616,0.3749
0.005841104074574277,0.375
0.005847138719895284,0.37510000000000004
0.006434192783897341,0.37520000000000003
0.007680196196010014,0.3753
0.009734203082646165,0.3754
0.012585408657683095,0.3755
0.015895142465073286,0.37560000000000004
0.01940287454346934,0.37570000000000003
0.02328119044627286,0.3758
0.027622773713026794,0.3759
0.03235837218024096,0.376
0.037423810558425474,0.37610000000000005
0.04272888222650151,0.37620000000000003
0.04819620393230584,0.3763
0.053712722091306064,0.3764
0.05917169480552609,0.3765
0.06455654366418151,0.3766
0.0698745050856725,0.37670000000000003
0.0750985380548933,0.3768
0.08019749825945344,0.3769
0.08513796642261728,0.377
0.08988826985350029,0.3771
0.09441830361690817,0.37720000000000004
0.09869837422016925,0.3773
0.10269776509529638,0.3774
0.10638525607264182,0.3775
0.1097307317755486,0.3776
0.11270786462298954,0.37770000000000004
0.1152960252849683,0.3778
0.11748099572703019,0.3779
0.11925410362010458,0.378
0.12061070676162533,0.3781
0.12154880583265304,0.37820000000000004
0.122068350738336,0.3783
0.12217106448215898,0.3784
0.12186032841858452,0.3785
0.12114081534870302,0.3786
0.11889187814930091,0.37870000000000004
0.11564234434715726,0.3788
0.11220051491956984,0.3789
0.10861112780578719,0.379
0.10489563974806448,0.3791
0.10107315477940859,0.37920000000000004
0.0971664932918207,0.3793
0.09320335389148793,0.3794
0.08921585984151303,0.3795
0.08521338421547686,0.3796
0.08099853563444748,0.37970000000000004
0.0768318981913445,0.3798
0.0727525918433578,0.3799
0.06879101536185661,0.38
0.06480768880152155,0.3801
0.0607973967462857,0.38020000000000004
0.056747552591376094,0.3803
0.052719321660905205,0.3804
0.04888717291686229,0.3805
0.044963887788995294,0.3806
0.04104306322708684,0.38070000000000004
0.03707176476788887,0.3808
0.03323067906232202,0.3809
0.029350974541220598,0.381
0.02539394363374492,0.3811
0.021480335796325134,0.38120000000000004
0.017926703429565816,0.38130000000000003
0.014777576249869862,0.3814
0.011603439039176155,0.3815
0.008853316521526988,0.3816
0.006666595833966671,0.38170000000000004
0.005742515270262816,0.38180000000000003
0.005910874825734158,0.3819
0.006098932531535706,0.382
0.006593128421858996,0.3821
0.007353035789070317,0.38220000000000004
0.008576357831770354,0.38230000000000003
0.010627265906353767,0.3824
0.01351475160437432,0.3825
0.016927084924316604,0.3826
0.02059063111508519,0.38270000000000004
0.024657340716886855,0.38280000000000003
0.029197549528259703,0.3829
0.034125614062555876,0.383
0.03936753748623878,0.3831
0.04482854041324136,0.38320000000000004
0.05039260931161493,0.38330000000000003
0.055942089413352436,0.3834
0.061445886404730254,0.3835
0.0668955239691017,0.3836
0.07225697497383898,0.38370000000000004
0.07749215295550482,0.38380000000000003
0.08256328904968835,0.3839
0.08743569831772191,0.384
0.09207973228684618,0.3841
0.09646901845486988,0.38420000000000004
0.10057892149343439,0.38430000000000003
0.1043846079411408,0.3844
0.10786071471920922,0.3845
0.11098202810785918,0.3846
0.11372544894804582,0.38470000000000004
0.116071847281351,0.38480000000000003
0.11800735336062629,0.3849
0.11952326793372614,0.385
0.12061520265855652,0.3851
0.12128182584473146,0.38520000000000004
0.121524063617656,0.38530000000000003
0.12134467122959347,0.3854
0.12074813167884613,0.3855
0.11932284442809082,0.3856
0.11612131284718341,0.38570000000000004
0.11270838243345582,0.38580000000000003
0.10914393103047781,0.3859
0.1054555700812786,0.386
0.1016608841706067,0.3861
0.09778156409182925,0.38620000000000004
0.0938418547420461,0.38630000000000003
0.08987066405707644,0.3864
0.08589899916658428,0.3865
0.08173886008902886,0.3866
0.07756312371155694,0.38670000000000004
0.07345800550603998,0.38680000000000003
0.06945696675521107,0.3869
0.06550127088568092,0.387
0.06144032912350339,0.3871
0.05740132098925055,0.38720000000000004
0.05330958554715726,0.38730000000000003
0.049403072098962,0.3874
0.04543966372665764,0.3875
0.04144340732400775,0.3876
0.03737031366149535,0.38770000000000004
0.03336645980463193,0.38780000000000003
0.02922573439352827,0.3879
0.02482101797116143,0.388
0.02046664566341705,0.3881
0.01638435119841719,0.38820000000000005
0.012760521908010913,0.38830000000000003
0.009620997718572166,0.3884
0.007015605638827305,0.3885
0.0057154592719868,0.3886
0.00576291752817526,0.38870000000000005
0.005848761179659823,0.38880000000000003
0.005766449165693466,0.3889
0.006289021226726144,0.389
0.007076171176831014,0.3891
0.008427976978433005,0.38920000000000005
0.010619812124198047,0.38930000000000003
0.013361949799998163,0.3894
0.016425097922785348,0.3895
0.01995559392724866,0.3896
0.02402645782276225,0.38970000000000005
0.02854822586094219,0.38980000000000004
0.03345025434633797,0.3899
0.0386389145741548,0.39
0.04403774944447458,0.3901
0.04953501722146436,0.3902
0.055023825647752655,0.39030000000000004
0.06047712188335275,0.3904
0.06589168958150649,0.3905
0.07123451982589557,0.3906
0.07647079187513395,0.3907
0.08156500404223355,0.39080000000000004
0.08648503197891078,0.3909
0.09120124158944087,0.391
0.09568514828324926,0.3911
0.09990721045439177,0.3912
0.10383672581732506,0.39130000000000004
0.10744262831438889,0.3914
0.1106959025153269,0.3915
0.11357174460702402,0.3916
0.11605122008329993,0.3917
0.11812145615070457,0.39180000000000004
0.11977490309652183,0.3919
0.12100804279714072,0.392
0.12182029409248774,0.3921
0.12221325055198062,0.3922
0.12219018098659207,0.39230000000000004
0.12175553804749562,0.3924
0.12091440486501293,0.3925
0.11793518883998122,0.3926
0.11461535202203821,0.3927
0.11112492072991653,0.39280000000000004
0.10749520179021843,0.3929
0.10374274505100378,0.393
0.0998888477603187,0.3931
0.09595785821041891,0.3932
0.09198008968785498,0.39330000000000004
0.08798897768607361,0.3934
0.08391695496721718,0.3935
0.0797127729276047,0.3936
0.07556981390440898,0.3937
0.07152432404665932,0.39380000000000004
0.06760471208669461,0.39390000000000003
0.06357439004995113,0.394
0.05961151436391554,0.3941
0.05551809133334884,0.3942
0.05154498930328999,0.39430000000000004
0.04775647649389314,0.39440000000000003
0.04380495165755427,0.3945
0.03983603965312943,0.3946
0.035936903673091436,0.3947
0.0320645023983559,0.39480000000000004
0.02816111494279916,0.39490000000000003
0.024208269777188374,0.395
0.020392223734069015,0.3951
0.016956118018422783,0.3952
0.013814478901615024,0.39530000000000004
0.010756596787262929,0.39540000000000003
0.008155618419416477,0.3955
0.006372823726050969,0.3956
0.005804018857988202,0.3957
0.005930025290227681,0.39580000000000004
0.006166660583697192,0.39590000000000003
0.006863104789139651,0.396
0.007618351066043916,0.3961
0.009068457690994514,0.3962
0.01136079759557962,0.39630000000000004
0.014475078732828273,0.39640000000000003
0.01807927934776221,0.3965
0.02189839469398458,0.3966
0.026088569626378177,0.3967
0.030725568683989346,0.39680000000000004
0.03572756847267988,0.39690000000000003
0.04102293900938969,0.397
0.04651805092081496,0.3971
0.05209659373180053,0.3972
0.057640921138496504,0.39730000000000004
0.06312324309080031,0.39740000000000003
0.06853852365978053,0.3975
0.07385452128221626,0.3976
0.07903454225434636,0.3977
0.08404194249642305,0.39780000000000004
0.0888429235792213,0.39790000000000003
0.09340841973998415,0.398
0.09771224985496363,0.3981
0.1017296146738198,0.3982
0.1054354007241225,0.39830000000000004
0.10880420209875519,0.39840000000000003
0.11181132728819376,0.3985
0.11443484976102491,0.3986
0.11665727413618165,0.3987
0.11846645004335643,0.39880000000000004
0.11985514726222801,0.39890000000000003
0.12082003724638024,0.399
0.12136048484083928,0.3991
0.12147788025619777,0.3992
0.12117532409866005,0.39930000000000004
0.12045756693891851,0.39940000000000003
0.11840621859633982,0.3995
0.11513750936323319,0.3996
0.11167588645247073,0.3997
0.10807132551647003,0.39980000000000004
0.1043478841510398,0.39990000000000003
0.10052466705250485,0.4
0.0966238847691886,0.4001
0.09267117655780077,0.4002
0.08869608481228419,0.40030000000000004
0.0846993146925662,0.40040000000000003
0.08049711801615278,0.4005
0.0763380785773271,0.4006
0.07226073534052602,0.4007
0.06829621300719557,0.40080000000000005
0.06428235699752005,0.40090000000000003
0.060263027582881934,0.401
0.05616642828797325,0.4011
0.052124668411430486,0.4012
0.04827990298011264,0.40130000000000005
0.04425750558593111,0.40140000000000003
0.04020490347576566,0.4015
0.036201462938065365,0.4016
0.032161399683583225,0.4017
0.027908975977379624,0.40180000000000005
0.02358562218892124,0.40190000000000003
0.019213232039156702,0.402
0.015242330988489705,0.4021
0.011756999716599603,0.4022
0.008779132153290847,0.40230000000000005
0.0063562814863278305,0.40240000000000004
0.005653028393305393,0.4025
0.0062595003915209,0.4026
0.005842123438537294,0.4027
0.005765399651664227,0.40280000000000005
0.0063159091108462295,0.40290000000000004
0.007225740671410907,0.403
0.008785876761389089,0.4031
0.011196556527170554,0.4032
0.014141091780758508,0.4033
0.017376961987393136,0.40340000000000004
0.02105094719710876,0.4035
0.02524132900970888,0.4036
0.029863774576950775,0.4037
0.03484974749903391,0.4038
0.04010611255672547,0.40390000000000004
0.04555556760326107,0.404
0.05108566456402097,0.4041
0.056589367940241386,0.4042
0.062041403176085974,0.4043
0.06744074962609803,0.40440000000000004
0.07275630061987326,0.4045
0.0779548936397727,0.4046
0.08300236548081352,0.4047
0.08786744297690474,0.4048
0.09252076904563589,0.40490000000000004
0.09693354243471686,0.405
0.10107549410258243,0.4051
0.10491520802924559,0.4052
0.10842144622562433,0.4053
0.1115659865349139,0.40540000000000004
0.11432581230185701,0.4055
0.11668439277728482,0.4056
0.11863124536603475,0.4057
0.12016068741196562,0.4058
0.12127035169958722,0.40590000000000004
0.12196024583339715,0.406
0.12223225758770873,0.4061
0.12208985392521277,0.4062
0.12153761740913127,0.4063
0.12011703591495382,0.40640000000000004
0.11695994021282219,0.40650000000000003
0.11358552076086725,0.4066
0.1100513603982709,0.4067
0.10638357894253736,0.4068
0.10259930463002653,0.40690000000000004
0.09872064260746327,0.40700000000000003
0.09477341427622277,0.4071
0.0907889410561642,0.4072
0.08680109267489078,0.4073
0.08266357588767914,0.40740000000000004
0.07847378900700142,0.40750000000000003
0.07435681913875358,0.4076
0.07034690218559292,0.4077
0.06645643045701188,0.4078
0.06239432094722963,0.40790000000000004
0.058440589546725485,0.40800000000000003
0.054348700025102614,0.4081
0.05043478562202086,0.4082
0.04660563989996169,0.4083
0.042718375689676735,0.40840000000000004
0.038712759202332636,0.40850000000000003
0.03488997800406568,0.4086
0.030990196136544412,0.4087
0.02706567492245915,0.4088
0.023116931356954362,0.40890000000000004
0.01940118903071264,0.40900000000000003
0.016086325435090476,0.4091
0.012939988926255586,0.4092
0.010000806801120143,0.4093
0.0075556361312345555,0.40940000000000004
0.005963322888981271,0.40950000000000003
0.005755463298723118,0.4096
0.006326150458451085,0.4097
0.006804966615509889,0.4098
0.007291439832055602,0.40990000000000004
0.00817908007595003,0.41000000000000003
0.009862461688822544,0.4101
0.012398179747293403,0.4102
0.015505278930935118,0.4103
0.01891468327112955,0.41040000000000004
0.022773206460425133,0.41050000000000003
0.02714442120771232,0.4106
0.03193719562435304,0.4107
0.03707529104045415,0.4108
0.0424626230705083,0.41090000000000004
0.04801921979933521,0.41100000000000003
0.053631505430895565,0.4111
0.059190792162705064,0.4112
0.06467233535259842,0.4113
0.07007493200836457,0.41140000000000004
0.07536594128572272,0.41150000000000003
0.08050947613476866,0.4116
0.08546882787273458,0.4117
0.09021123193549119,0.4118
0.09470831366236943,0.41190000000000004
0.09893494484779297,0.41200000000000003
0.10286690680949606,0.4121
0.10647966639365258,0.4122
0.10974814234982233,0.4123
0.11264819302245965,0.41240000000000004
0.11515862164824409,0.41250000000000003
0.11726304503175666,0.4126
0.11895056803519921,0.4127
0.12021527615242922,0.4128
0.12105500825151327,0.41290000000000004
0.12147018475819193,0.41300000000000003
0.1214631402322841,0.4131
0.12103786513536807,0.4132
0.12019985641109332,0.4133
0.11749063554669303,0.41340000000000005
0.11415871935477373,0.41350000000000003
0.11065486572893524,0.4136
0.10701710639904505,0.4137
0.10326462658604008,0.4138
0.09941761659577009,0.41390000000000005
0.09549874414885606,0.41400000000000003
0.09153534873675162,0.4141
0.08755795022645418,0.4142
0.0834919975717352,0.4143
0.0792974243907274,0.41440000000000005
0.07515786098182287,0.41450000000000004
0.07110974265006642,0.4146
0.06718272360380184,0.4147
0.06311533112214818,0.4148
0.05913958338321379,0.41490000000000005
0.05499104060747162,0.41500000000000004
0.05100161806253145,0.4151
0.04711737326480403,0.4152
0.04314525741197639,0.4153
0.0390409176359412,0.41540000000000005
0.03510248318717046,0.41550000000000004
0.031019761536758228,0.4156
0.02663997748578617,0.4157
0.02233916339680686,0.4158
0.018116315736198985,0.41590000000000005
0.014307973699924093,0.41600000000000004
0.01095169371618998,0.4161
0.008100325726406732,0.4162
0.005867516781397075,0.4163
0.005625744818008371,0.4164
0.006437260089821706,0.41650000000000004
0.006054394021773213,0.4166
0.005864488065617346,0.4167
0.006325475881700182,0.4168
0.00752998844374142,0.4169
0.009554594740593059,0.41700000000000004
0.012378011782782083,0.4171
0.015652842666177502,0.4172
0.019122036798947972,0.4173
0.02296137831880185,0.4174
0.027267125521401425,0.41750000000000004
0.03197164445458078,0.4176
0.03701157173586478,0.4177
0.04229639570777999,0.4178
0.04774843712039489,0.4179
0.053253851908663385,0.41800000000000004
0.058705311176624475,0.4181
0.06408635018536835,0.4182
0.06940431370453848,0.4183
0.07463168987630686,0.4184
0.07973692915716857,0.41850000000000004
0.08468638614488821,0.4186
0.08944855153905806,0.4187
0.09399379702359323,0.4188
0.0982930636719479,0.4189
0.10231608166974993,0.41900000000000004
0.10603166662471453,0.41910000000000003
0.10940922365167804,0.4192
0.11242160304862081,0.4193
0.11504726004949739,0.4194
0.11727120646670897,0.41950000000000004
0.11908419119485514,0.41960000000000003
0.1204811187384448,0.4197
0.12145955608877623,0.4198
0.12201903640337752,0.4199
0.12216095318484133,0.42000000000000004
0.1218885370724826,0.42010000000000003
0.12120649651212279,0.4202
0.11919363795814741,0.4203
0.1159643446624139,0.4204
0.11253594909429998,0.42050000000000004
0.10895728316603137,0.42060000000000003
0.10525129868025696,0.4207
0.10143646280732865,0.4208
0.0975352486968808,0.4209
0.09357462786296189,0.42100000000000004
0.08958632160094437,0.42110000000000003
0.08560416030990636,0.4212
0.08138462807625446,0.4213
0.07720842700326247,0.4214
0.07311624835754105,0.42150000000000004
0.06913925322363268,0.42160000000000003
0.06516851423365322,0.4217
0.061141406487233985,0.4218
0.05710315593505788,0.4219
0.05305585640263133,0.42200000000000004
0.04920120135044237,0.42210000000000003
0.0452895632599859,0.4222
0.04137956371872398,0.4223
0.037383644681165284,0.4224
0.033547770175351044,0.42250000000000004
0.029669985725133685,0.42260000000000003
0.025706043651370747,0.4227
0.0217585076050113,0.4228
0.0181654240948268,0.4229
0.014999593773555198,0.42300000000000004
0.011800735882888214,0.42310000000000003
0.009004180606655865,0.4232
0.006760167167835673,0.4233
0.005748106341999737,0.4234
0.006019248715375625,0.42350000000000004
0.006460667902311146,0.42360000000000003
0.006958630236339358,0.4237
0.007433729875495176,0.4238
0.008569475430955098,0.4239
0.010540385490579451,0.42400000000000004
0.013359302377032423,0.42410000000000003
0.016708961213491413,0.4242
0.020313544018262242,0.4243
0.02432443381464422,0.4244
0.028813152349813853,0.42450000000000004
0.03369590123699684,0.42460000000000003
0.03890035068765241,0.4247
0.04433242303218088,0.4248
0.04987623552901921,0.4249
0.0554136591890837,0.42500000000000004
0.060912646472501386,0.42510000000000003
0.06636366605693711,0.4252
0.0717319032745607,0.4253
0.07697861896800073,0.4254
0.0820655353161287,0.42550000000000004
0.0869575856723741,0.42560000000000003
0.09162489070351809,0.4257
0.09604099266682053,0.4258
0.10018124930418082,0.4259
0.10402076471911725,0.42600000000000005
0.10753389440086603,0.42610000000000003
0.11069484565418342,0.4262
0.11347970286179299,0.4263
0.11586848890199164,0.4264
0.11784668004884835,0.42650000000000005
0.11940524215764958,0.42660000000000003
0.1205397210265502,0.4267
0.12124883358974348,0.4268
0.12153351637988685,0.4269
0.12139644792012805,0.42700000000000005
0.12084198787796285,0.42710000000000004
0.11965168380491831,0.4272
0.1164745849862141,0.4273
0.11307895134200197,0.4274
0.10952840982090595,0.42750000000000005
0.10585202978864694,0.42760000000000004
0.10206694107443925,0.4277
0.09819470215958193,0.4278
0.09425905993131811,0.4279
0.09028870015084034,0.42800000000000005
0.08631456868602427,0.42810000000000004
0.0821760467673156,0.4282
0.0779941733359939,0.4283
0.07387921225845229,0.4284
0.0698656125173206,0.42850000000000005
0.06592800965030454,0.42860000000000004
0.061853819053846903,0.4287
0.05783511547979936,0.4288
0.05372855882576344,0.4289
0.04980346577152073,0.42900000000000005
0.04586463375742045,0.42910000000000004
0.04189421786877534,0.4292
0.03780066042706287,0.4293
0.03381820470038499,0.4294
0.0297005572437945,0.4295
0.025307838983157138,0.42960000000000004
0.020983079421421857,0.4297
0.016866220177276015,0.4298
0.013193832745167056,0.4299
0.009996093049003063,0.43
0.007324468920696381,0.43010000000000004
0.00571746280938501,0.4302
0.00568627023659074,0.4303
0.005992020189653502,0.4304
0.005769286829887088,0.4305
0.006048988780976483,0.43060000000000004
0.006674737591769064,0.4307
0.007930816744589952,0.4308
0.01005606926749647,0.4309
0.012974550981162736,0.431
0.01637158058884869,0.43110000000000004
0.019965647197518033,0.4312
0.023928916029932523,0.4313
0.028346502787149674,0.4314
0.03314946766303084,0.4315
0.03827171188690004,0.43160000000000004
0.043624222857526096,0.43170000000000003
0.04909129993571204,0.4318
0.054556281995844946,0.4319
0.05999067796743229,0.432
0.06538959908834252,0.43210000000000004
0.0707215181308476,0.43220000000000003
0.07595173180789849,0.4323
0.08104553617572408,0.4324
0.08597050214959379,0.4325
0.09069706192964444,0.43260000000000004
0.09519641993504502,0.43270000000000003
0.09943898996637324,0.4328
0.10339366164858699,0.4329
0.10702885369127224,0.433
0.11031470454610837,0.43310000000000004
0.11322566994802696,0.43320000000000003
0.1157422574256165,0.4333
0.11785142462434228,0.4334
0.11954557338819538,0.4335
0.12082104101728153,0.43360000000000004
0.12167672547912645,0.43370000000000003
0.12211339299626933,0.4338
0.1221333808003624,0.4339
0.12174044118760552,0.434
0.12093934500150993,0.43410000000000004
0.1181966518995432,0.43420000000000003
0.11489781967554202,0.4343
0.1114213657426163,0.4344
0.10780364858765568,0.4345
0.10406318164499151,0.43460000000000004
0.10022059853214627,0.43470000000000003
0.09629958957984286,0.4348
0.09232935039718726,0.4349
0.08834259917878351,0.435
0.08429535140022337,0.43510000000000004
0.08009092637048199,0.43520000000000003
0.07594328261214589,0.4353
0.07188947867087991,0.4354
0.06795851696180799,0.4355
0.06394255853924147,0.43560000000000004
0.05996549286587949,0.43570000000000003
0.05588339565817013,0.4358
0.05189262491635627,0.4359
0.048105207582210374,0.436
0.04414104431350374,0.43610000000000004
0.0401813333673926,0.43620000000000003
0.036260383861736356,0.4363
0.03239546533005089,0.4364
0.028497140284551303,0.4365
0.024540226789592223,0.43660000000000004
0.02069426760851245,0.43670000000000003
0.017221736962139023,0.4368
0.014065372491707473,0.4369
0.010970461858153646,0.437
0.008324308761195942,0.43710000000000004
0.006487674469328519,0.43720000000000003
0.005820769831837991,0.4373
0.0058665034026261775,0.4374
0.006094474857360588,0.4375
0.006755104850147298,0.43760000000000004
0.007504939599967786,0.43770000000000003
0.008889299772658399,0.4378
0.011111424695685157,0.4379
0.014159192379759267,0.438
0.01770661710828647,0.43810000000000004
0.021479165537426237,0.43820000000000003
0.025631908578455764,0.4383
0.030239242382432474,0.4384
0.03521818239326446,0.4385
0.04049646861603651,0.43860000000000005
0.045980129253239355,0.43870000000000003
0.05155300670575991,0.4388
0.057097504692378065,0.4389
0.06258501056549282,0.439
0.06800958296448956,0.43910000000000005
0.0733385093765826,0.43920000000000003
0.07853472445535792,0.4393
0.08356130069272005,0.4394
0.08838422575116534,0.4395
0.09297428387558171,0.43960000000000005
0.09730520828006373,0.43970000000000004
0.10135216395530033,0.4398
0.10509001922777383,0.4399
0.10849331234539772,0.44
0.11153720178820059,0.44010000000000005
0.11419948165459481,0.44020000000000004
0.11646226111729141,0.4403
0.11831293378971697,0.4404
0.11974382919876325,0.4405
0.12075125154238042,0.44060000000000005
0.12133429318310185,0.44070000000000004
0.12149415192340929,0.4408
0.12123378866744772,0.4409
0.12055784206102083,0.441
0.11871741968793437,0.44110000000000005
0.11547278981791864,0.44120000000000004
0.1120289775682104,0.4413
0.10843930977985217,0.4414
0.1047290520303491,0.4415
0.10091680231884359,0.44160000000000005
0.09702459983730605,0.44170000000000004
0.09307762101608685,0.4418
0.08910520538376021,0.4419
0.08513332663901085,0.442
0.08093066732194276,0.44210000000000005
0.07676721132281161,0.44220000000000004
0.07268220458853047,0.4423
0.06870726797719462,0.4424
0.06471611084026074,0.4425
0.060684813579937824,0.44260000000000005
0.05661149579353819,0.44270000000000004
0.05255503527613725,0.4428
0.04869145350714721,0.4429
0.04469514592411672,0.443
0.04066885552209576,0.4431
0.03664476888125234,0.44320000000000004
0.032625899431571126,0.4433
0.028429037887615527,0.4434
0.024082081994456273,0.4435
0.01973370706648314,0.4436
0.015726855332893974,0.44370000000000004
0.01219325800358928,0.44380000000000003
0.009157139045375073,0.4439
0.0066674419352861225,0.444
0.005682665631288053,0.4441
0.00590196015139921,0.44420000000000004
0.005825467568541631,0.44430000000000003
0.005787501960171859,0.4444
0.00634810206843639,0.4445
0.007248047501634991,0.4446
0.008777510428244373,0.44470000000000004
0.01113944695638347,0.44480000000000003
0.014034598992544556,0.4449
0.01722172709268377,0.445
0.02085313177919601,0.4451
0.025004280624207675,0.44520000000000004
0.029590806293414706,0.44530000000000003
0.0345429286039316,0.4454
0.03976826293515945,0.4455
0.045190038197252314,0.4456
0.05069651116024465,0.44570000000000004
0.05618080909862844,0.44580000000000003
0.06161847541286114,0.4459
0.06700874101639431,0.446
0.07232012493319417,0.4461
0.07751879402809891,0.44620000000000004
0.08256997216050377,0.44630000000000003
0.08744185592767861,0.4464
0.09210489191297988,0.4465
0.09653040308677563,0.4466
0.10068861530172923,0.44670000000000004
0.10454873297117762,0.44680000000000003
0.10807999301367277,0.4469
0.11125413867324707,0.447
0.11404749705268558,0.4471
0.1164423647786561,0.44720000000000004
0.11842693729115139,0.44730000000000003
0.11999440267737327,0.4474
0.12114166375861901,0.4475
0.12186835760255932,0.4476
0.12217622312570309,0.44770000000000004
0.12206866511589487,0.44780000000000003
0.12155026822170723,0.4479
0.1203712246696047,0.448
0.11723608894827509,0.4481
0.11387742103958276,0.44820000000000004
0.11035664978335336,0.44830000000000003
0.10670127994072964,0.4484
0.10292779685673314,0.4485
0.09905800096025674,0.4486
0.0951170028107654,0.44870000000000004
0.091135666029037,0.44880000000000003
0.08714753749224524,0.4489
0.08302668283089132,0.449
0.07883136266102142,0.4491
0.07470458290982018,0.44920000000000004
0.07068145317739083,0.44930000000000003
0.0667900137911458,0.4494
0.06271757243640996,0.4495
0.058766483123906754,0.4496
0.054658459072710386,0.44970000000000004
0.05072657436728245,0.44980000000000003
0.046903287009239625,0.4499
0.04299699095867293,0.45
0.0389916574238065,0.4501
0.035143678561161185,0.45020000000000004
0.031237915885166112,0.45030000000000003
0.027306004257019678,0.4504
0.02334303595585996,0.4505
0.01959890852577373,0.4506
0.016251071238375436,0.45070000000000005
0.01307903187781867,0.45080000000000003
0.010107611259355886,0.4509
0.007625320267446334,0.451
0.005989148429732971,0.4511
0.005750824430859058,0.45120000000000005
0.006301058559042616,0.45130000000000003
0.006736059920301241,0.4514
0.007188419451187533,0.4515
0.008024323362684438,0.4516
0.00965410828518154,0.45170000000000005
0.012138919353016808,0.45180000000000003
0.015200994044694882,0.4519
0.01857172685718056,0.452
0.022397600981639565,0.4521
0.026741792569077605,0.45220000000000005
0.031512892517602475,0.45230000000000004
0.0366345170493918,0.4524
0.04201044455317349,0.4525
0.04756051308594089,0.4526
0.05317112627518683,0.45270000000000005
0.058733495010530046,0.45280000000000004
0.06422217490636706,0.4529
0.0696352595503067,0.453
0.07493975444737389,0.4531
0.0800995137120617,0.45320000000000005
0.0850776509116985,0.45330000000000004
0.08984129157965115,0.4534
0.09436200406142992,0.4535
0.09861462522363262,0.4536
0.10257487611398719,0.45370000000000005
0.10621808985670889,0.45380000000000004
0.10951895266532208,0.4539
0.11245299983759804,0.454
0.11499866117919844,0.4541
0.11713918154401615,0.45420000000000005
0.11886333711372488,0.45430000000000004
0.12016494631291086,0.4544
0.12104163967441461,0.4545
0.12149367564534641,0.4546
0.12152326131802516,0.45470000000000005
0.12113428544686355,0.45480000000000004
0.1203321591347647,0.4549
0.11780208791823898,0.455
0.11448993823185616,0.4551
0.11100001933001424,0.45520000000000005
0.10737331416106699,0.45530000000000004
0.10363009859685268,0.4554
0.09979015352694243,0.4555
0.09587602632417347,0.4556
0.09191469395158036,0.45570000000000005
0.08793655854616489,0.45580000000000004
0.08389251894123095,0.4559
0.0796940961319259,0.456
0.07554719394186193,0.4561
0.07148903426753916,0.4562
0.06754977667234086,0.45630000000000004
0.06350139517261144,0.45640000000000003
0.05951213524768706,0.4565
0.0553828384649897,0.4566
0.05137726844358892,0.4567
0.047511906653598945,0.45680000000000004
0.04352096178620113,0.45690000000000003
0.03943638413400952,0.457
0.035479408595006534,0.4571
0.03141304638013209,0.4572
0.02708467620726962,0.45730000000000004
0.02281266799739945,0.45740000000000003
0.0185613921664618,0.4575
0.014711394754578722,0.4576
0.011305607679692464,0.4577
0.00839858885527578,0.45780000000000004
0.0060546260371938665,0.45790000000000003
0.005630443231352311,0.458
0.006524928430833521,0.4581
0.006056594567005691,0.4582
0.005825711954164925,0.45830000000000004
0.006262128202609185,0.45840000000000003
0.007361443927405453,0.4585
0.009244406384954162,0.4586
0.011949654269404864,0.4587
0.015130897125996468,0.45880000000000004
0.018533527714937437,0.45890000000000003
0.02232522899722511,0.459
0.02659861470887903,0.4591
0.031282075512923946,0.4592
0.036310951497710464,0.45930000000000004
0.04159345039908957,0.45940000000000003
0.047051417362904635,0.4595
0.052570874502118725,0.4596
0.058044280632125966,0.4597
0.06345244287975405,0.45980000000000004
0.06880020221865446,0.45990000000000003
0.07405888075577116,0.46
0.0791963020262404,0.4601
0.08417852057473252,0.4602
0.08897406140034336,0.46030000000000004
0.09355348271877473,0.46040000000000003
0.09788801813156955,0.4605
0.10194761520938123,0.4606
0.1057011528265972,0.4607
0.1091178658591847,0.46080000000000004
0.11217025451738327,0.46090000000000003
0.11483632949116362,0.461
0.11710070073164669,0.4611
0.11895383827025585,0.4612
0.12039052360101477,0.46130000000000004
0.12140831095616045,0.46140000000000003
0.1220067674649189,0.4615
0.12218730197868721,0.4616
0.12195311391759023,0.4617
0.12130882685902022,0.46180000000000004
0.11946648804603355,0.46190000000000003
0.1162567879623232,0.462
0.11284259889876902,0.4621
0.10927545150539564,0.4622
0.10557932018022209,0.46230000000000004
0.10177232640128786,0.46240000000000003
0.09787682827456257,0.4625
0.09391941426254125,0.4626
0.08993161560061058,0.4627
0.08594719166497877,0.46280000000000004
0.08175225248789708,0.46290000000000003
0.07757135362638201,0.463
0.07347094885034156,0.4631
0.0694831229021392,0.4632
0.06553452953143168,0.46330000000000005
0.061495417747636894,0.46340000000000003
0.057479079676799216,0.4635
0.05341632403327634,0.4636
0.049541890599629435,0.4637
0.04564888844937798,0.46380000000000005
0.04175399329676899,0.46390000000000003
0.03773334448862431,0.464
0.033902197537088785,0.4641
0.030008931556405605,0.4642
0.026039361721112764,0.46430000000000005
0.022067288540850605,0.46440000000000003
0.01843498141705302,0.4645
0.015225061189569455,0.4646
0.012021932967222648,0.4647
0.009183387295395695,0.46480000000000005
0.00688446681659749,0.46490000000000004
0.005760451384963616,0.465
0.005906055274714106,0.4651
0.006290687004529394,0.4652
0.006745280428824163,0.46530000000000005
0.0072618866692428785,0.46540000000000004
0.008335677019407184,0.4655
0.010237511007469946,0.4656
0.012989574084459221,0.4657
0.016283343106881176,0.46580000000000005
0.01984426994549704,0.46590000000000004
0.02382259443568069,0.466
0.028287873757782078,0.4661
0.03315440937576053,0.4662
0.0383486301042546,0.46630000000000005
0.04377573900078069,0.46640000000000004
0.04935620798043061,0.4665
0.05497633728290996,0.4666
0.060527826274375696,0.4667
0.06598883011582668,0.46680000000000005
0.07136111698138303,0.46690000000000004
0.07661374759097295,0.467
0.0817121599486127,0.4671
0.08662068733018935,0.4672
0.09130733144515979,0.46730000000000005
0.09574411683105954,0.46740000000000004
0.0999058687895098,0.4675
0.1037679433159322,0.4676
0.10730530741057753,0.4677
0.11049270741184392,0.46780000000000005
0.11330648091916029,0.46790000000000004
0.11572656716954777,0.468
0.11773807588843721,0.4681
0.11933150813446214,0.4682
0.12050193276715537,0.46830000000000005
0.12124770322612399,0.46840000000000004
0.12156946193425966,0.4685
0.12146968393447588,0.4686
0.12095253500240999,0.4687
0.11994722100292943,0.46880000000000005
0.11679336155715836,0.46890000000000004
0.1134153323958692,0.46900000000000003
0.10987972518149858,0.4691
0.10621667933575862,0.4692
0.10244279032438086,0.4693
0.09857922008684539,0.46940000000000004
0.09464903200078179,0.46950000000000003
0.09068056514252376,0.4696
0.08670480474531339,0.4697
0.08259107956275125,0.4698
0.0784052267248968,0.46990000000000004
0.07428328688936614,0.47000000000000003
0.07026000448240266,0.4701
0.06634463479439445,0.4702
0.06225601858992125,0.4703
0.05825110811132306,0.47040000000000004
0.05412541642453661,0.47050000000000003
0.0501781166575308,0.4706
0.046252217883589575,0.4707
0.042294441164229424,0.4708
0.03817923016475833,0.47090000000000004
0.03420861082371118,0.47100000000000003
0.030103411381472434,0.4711
0.02571859510635921,0.4712
0.021408759651853293,0.4713
0.017261633188437653,0.47140000000000004
0.01354852767600434,0.47150000000000003
0.010302455950263356,0.4716
0.007575729665398434,0.4717
0.005752373898661789,0.4718
0.005651479979215779,0.47190000000000004
0.0061491379016820336,0.47200000000000003
0.00582609495563946,0.4721
0.005879751832371216,0.4722
0.006471073833598906,0.4723
0.007758527925838088,0.47240000000000004
0.009888472781486524,0.47250000000000003
0.012813479494347968,0.4726
0.01619587549764634,0.4727
0.019768157178070345,0.4728
0.023704464864832575,0.47290000000000004
0.028096750913694457,0.47300000000000003
0.032876624097115226,0.4731
0.037979465608945606,0.4732
0.04331518262092149,0.4733
0.04876767437698026,0.47340000000000004
0.054219309771540214,0.47350000000000003
0.059642873229597715,0.4736
0.06503433374713852,0.4737
0.07036245650630124,0.4738
0.07559228742906765,0.47390000000000004
0.08068893958870749,0.47400000000000003
0.08561972085219094,0.4741
0.09035512225769138,0.4742
0.09486651753868558,0.4743
0.09912464579033997,0.47440000000000004
0.10309856470977408,0.47450000000000003
0.1067566551400182,0.4746
0.11006869623203674,0.4747
0.11300862109359622,0.4748
0.11555634583832042,0.47490000000000004
0.1176983067033377,0.47500000000000003
0.11942641891286054,0.4751
0.12073653769670123,0.4752
0.12162703261849239,0.4753
0.12209816283673558,0.47540000000000004
0.12215186348583185,0.47550000000000003
0.1217916757169043,0.4756
0.12102233779840266,0.4757
0.11848051182516273,0.4758
0.11519776593213471,0.47590000000000005
0.11173134301626741,0.47600000000000003
0.10812122538183044,0.4761
0.10438726886326533,0.4762
0.10054959051569279,0.4763
0.09663161633066264,0.47640000000000005
0.09266194744681922,0.47650000000000003
0.08867297929425066,0.4766
0.08464306640346908,0.4767
0.08043251496077619,0.4768
0.07627502512562623,0.47690000000000005
0.07220844231936574,0.47700000000000004
0.06826236588200585,0.4771
0.06425529648585626,0.4772
0.06026136724708053,0.4773
0.05618666095487246,0.47740000000000005
0.052177278426232654,0.47750000000000004
0.048368952425114964,0.4776
0.04441444218573398,0.4777
0.04046025446346224,0.4778
0.03651386009775481,0.47790000000000005
0.032642546551154616,0.47800000000000004
0.02873427917697957,0.4781
0.024760477593371855,0.4782
0.020885196227970138,0.4783
0.0173800234622703,0.47840000000000005
0.01420464418182421,0.47850000000000004
0.011077882542175344,0.4786
0.008394300385064835,0.4787
0.006514220947389404,0.4788
0.0058137582876991445,0.47890000000000005
0.005850985331747438,0.47900000000000004
0.0060617230721273785,0.4791
0.006670389973748803,0.4792
0.007367554325556469,0.4793
0.008698991351238083,0.47940000000000005
0.010870565067520044,0.47950000000000004
0.013873219433265582,0.4796
0.017381905460999603,0.4797
0.02112167100753881,0.4798
0.02524718457268893,0.47990000000000005
0.029832713492657703,0.48000000000000004
0.03479525695655017,0.4801
0.04006248672328394,0.4802
0.04554021896906635,0.4803
0.05111217506992771,0.48040000000000005
0.056660540073770305,0.48050000000000004
0.062155987268419755,0.4806
0.0675919044457024,0.4807
0.07293524336026413,0.4808
0.07814868349920057,0.48090000000000005
0.08319508417758281,0.48100000000000004
0.08804024610129135,0.4811
0.09265479673897559,0.4812
0.09701234297625028,0.4813
0.10108793201098043,0.48140000000000005
0.1048562849468836,0.48150000000000004
0.10829172822492694,0.48160000000000003
0.11136913347397681,0.4817
0.1140659550632166,0.4818
0.11636395372126063,0.48190000000000005
0.11825020782036233,0.48200000000000004
0.11971678610449199,0.48210000000000003
0.12075978308919322,0.4822
0.12137811773875551,0.4823
0.12157283841388611,0.4824
0.12134677741162458,0.48250000000000004
0.1207044656227001,0.48260000000000003
0.11900288607465004,0.4827
0.11577579942649252,0.4828
0.11234482807634028,0.4829
0.10876547124081726,0.48300000000000004
0.10506378521459292,0.48310000000000003
0.10125806002629523,0.4832
0.09737023699488001,0.4833
0.0934252223834533,0.4834
0.08945227236823039,0.48350000000000004
0.08548259799197133,0.48360000000000003
0.08129755402443417,0.4837
0.07712821079796828,0.4838
0.07303431089944623,0.4839
0.06904827996756602,0.48400000000000004
0.06507687471161727,0.48410000000000003
0.061033271429640656,0.4842
0.056979642603072866,0.4843
0.05290823379380161,0.4844
0.04902624893735541,0.48450000000000004
0.04505016490178981,0.48460000000000003
0.041043560598959195,0.4847
0.036998705507882645,0.4848
0.03299389550424814,0.4849
0.0288400883788289,0.48500000000000004
0.024469431751440673,0.48510000000000003
0.02014528484079725,0.4852
0.016104278053326704,0.4853
0.012525727542612275,0.4854
0.009436696451956328,0.48550000000000004
0.006888032448614467,0.48560000000000003
0.00570524337114553,0.4857
0.0057984134419082345,0.4858
0.0058305420332405156,0.4859
0.005775470098207336,0.48600000000000004
0.006323787171844675,0.48610000000000003
0.007183020619998093,0.4862
0.008635792515973018,0.4863
0.010924161513271358,0.4864
0.013751570585719852,0.48650000000000004
0.016884588684635604,0.48660000000000003
0.020472549072697577,0.4867
0.024590301698304007,0.4868
0.029150586754212338,0.4869
0.03408315273060869,0.48700000000000004
0.03929469131607455,0.48710000000000003
0.044708588384667625,0.4872
0.05021295617796673,0.4873
0.05570092314697894,0.4874
0.06114690682141399,0.48750000000000004
0.06654910279421689,0.48760000000000003
0.07187523403277607,0.4877
0.0770909094174339,0.4878
0.08216089353321421,0.4879
0.08705317648359845,0.48800000000000004
0.09173817513370863,0.48810000000000003
0.09618740558434324,0.4882
0.10037136502141997,0.4883
0.1042594953822078,0.4884
0.10782105376410045,0.48850000000000005
0.111027521729688,0.48860000000000003
0.11385469827265482,0.4887
0.11628423327579995,0.4888
0.11830371527339778,0.4889
0.11990588707368777,0.48900000000000005
0.12108738487615278,0.48910000000000003
0.12184771149861007,0.4892
0.12218853636095439,0.4893
0.12211322414432701,0.4894
0.12162634408731421,0.48950000000000005
0.12061291033010924,0.48960000000000004
0.11749593696821059,0.4897
0.11415056582566285,0.4898
0.11064077887477708,0.4899
0.10699501819390456,0.49000000000000005
0.10322938436246065,0.49010000000000004
0.099365518989737,0.4902
0.09542811725044087,0.4903
0.09144782251312777,0.4904
0.08745813271321912,0.49050000000000005
0.08335701052616584,0.49060000000000004
0.07915807663632224,0.4907
0.07502492519696058,0.4908
0.07099271796424345,0.4909
0.06708916248373653,0.49100000000000005
0.0630290749299609,0.49110000000000004
0.0590831055539085,0.4912
0.05495755501652777,0.4913
0.05100498826211508,0.4914
0.047184284320245906,0.49150000000000005
0.0432578572664275,0.49160000000000004
0.039251217615684286,0.4917
0.035377630421171036,0.4918
0.031462313395167696,0.4919
0.02751889274426489,0.49200000000000005
0.023538939365048472,0.49210000000000004
0.019766998574961114,0.4922
0.016387992087629755,0.4923
0.013195717850087885,0.4924
0.010194186802431782,0.49250000000000005
0.007676622496257002,0.49260000000000004
0.00599966089429782,0.4927
0.005744039861597328,0.4928
0.006291015692783342,0.4929
0.006687093655737941,0.49300000000000005
0.007087484739187522,0.49310000000000004
0.007875700566223776,0.4932
0.009458009167326864,0.4933
0.011899051791123716,0.4934
0.015142230745738727,0.49350000000000005
0.0188424027759313,0.49360000000000004
0.02272506236489913,0.4937
0.02695305692119976,0.4938
0.03160958415083526,0.4939
0.03661864833006123,0.49400000000000005
0.041911978912295034,0.49410000000000004
0.047397542482412014,0.49420000000000003
0.05295867578653213,0.4943
0.05847749435703564,0.4944
0.06392847611927177,0.49450000000000005
0.06930897268064862,0.49460000000000004
0.0745877294018864,0.49470000000000003
0.07972872171088619,0.4948
0.08469574190522744,0.4949
0.08945531605830426,0.49500000000000005
0.09397862433019111,0.49510000000000004
0.09823959000578797,0.49520000000000003
0.10221329454860406,0.4953
0.1058742471763291,0.4954
0.10919651207216008,0.4955
0.11215494326480768,0.49560000000000004
0.11472749762570622,0.49570000000000003
0.11689702864430074,0.4958
0.11865211995618741,0.4959
0.11998639974453063,0.496
0.12089725144144636,0.49610000000000004
0.12138446087673938,0.49620000000000003
0.1214495908824541,0.4963
0.12109580751920224,0.4964
0.12032794991142903,0.4965
0.11803237721518589,0.49660000000000004
0.11473940360717805,0.49670000000000003
0.1112607112504076,0.4968
0.10764245397561845,0.4969
0.10390735941052842,0.497
0.10007510938621167,0.49710000000000004
0.09616801884465431,0.49720000000000003
0.0922121672244578,0.4973
0.08823728541140963,0.4974
0.08420872229729703,0.4975
0.08000968660154828,0.49760000000000004
0.07585881212051704,0.49770000000000003
0.07179382466003514,0.4978
0.06784529612039081,0.4979
0.06380416099632191,0.498
0.05980368496084487,0.49810000000000004
0.05568160843904124,0.49820000000000003
0.051663519051883044,0.4983
0.04780829208479598,0.4984
0.043804736026354485,0.4985
0.039736263876483324,0.49860000000000004
0.035766965401714534,0.49870000000000003
0.031720911993615486,0.4988
0.027442249266984353,0.4989
0.02316097529570693,0.499
0.01892026796162871,0.49910000000000004
0.01504826844106999,0.49920000000000003
0.011611688729190162,0.4993
0.008666143180017016,0.4994
0.006276360055736285,0.4995
0.005648808456766963,0.49960000000000004
0.006361635844038149,0.49970000000000003
0.005985333385429836,0.4998
0.005780497406202123,0.4999
0.006288682803479606,0.5
0.007296181466385887,0.5001
0.008999452138794162,0.5002
0.011548251355188999,0.5003000000000001
0.014606422563243626,0.5004000000000001
0.01792901917000478,0.5005000000000001
0.021669363342452508,0.5006
0.025912087546148266,0.5007
0.03057688153288396,0.5008
0.03559653100483362,0.5009
0.04087761786147559,0.501
0.04634234726874786,0.5011
0.05187738796192609,0.5012
0.057375658569189136,0.5013000000000001
0.06281450135464828,0.5014000000000001
0.06819554703229369,0.5015000000000001
0.07348870648402583,0.5016
0.07866110924594338,0.5017
0.08367839454537451,0.5018
0.08850897591004803,0.5019
0.0931233762867949,0.502
0.09749299198427142,0.5021
0.10158802600059258,0.5022
0.10537768645438994,0.5023
0.10883141224724968,0.5024000000000001
0.11192167905763872,0.5025000000000001
0.11462617368281347,0.5026
0.11692901497892338,0.5027
0.11882020371354163,0.5028
0.1202942741125741,0.5029
0.1213487967688529,0.503
0.12198353209534574,0.5031
0.1222000864500492,0.5032
0.12200174152633014,0.5033
0.12139305652886823,0.5034000000000001
0.1196680299634546,0.5035000000000001
0.11647785777088526,0.5036
0.11307969169173937,0.5037
0.10952652078818992,0.5038
0.1058428089553739,0.5039
0.10204640725171998,0.504
0.09815960532037149,0.5041
0.09420876042251403,0.5042
0.09022527775893474,0.5043
0.08624284706540009,0.5044000000000001
0.08207589077508337,0.5045000000000001
0.07789535925305979,0.5046
0.07379212487525832,0.5047
0.06979911066211819,0.5048
0.06587888965228306,0.5049
0.061833784465048836,0.505
0.05784634122136212,0.5051
0.05377395882646674,0.5052
0.049885212640781385,0.5053
0.04601556466844903,0.5054000000000001
0.04214352159816426,0.5055000000000001
0.03810621190716623,0.5056
0.03429331202354202,0.5057
0.030377270981670312,0.5058
0.026418025283299285,0.5059
0.02244750968681264,0.506
0.018781053768541556,0.5061
0.015529291145479407,0.5062
0.012341922302747,0.5063
0.009462826581559725,0.5064000000000001
0.007106825955444318,0.5065000000000001
0.005798036785170657,0.5066
0.0058116044848486315,0.5067
0.006283352069680559,0.5068
0.006752253807184916,0.5069
0.0072484704940054545,0.507
0.008252085802510356,0.5071
0.01007289874502093,0.5072
0.012745724336049369,0.5073
0.015971563184153714,0.5074000000000001
0.019477386275970066,0.5075000000000001
0.023411977919395754,0.5076
0.027842715948646735,0.5077
0.03268196373944643,0.5078
0.03785524660457673,0.5079
0.04326732310880921,0.508
0.048838520172999056,0.5081
0.05445516853387122,0.5082
0.06000883084855535,0.5083
0.06547666770429916,0.5084000000000001
0.07085945691636031,0.5085000000000001
0.07612572654718763,0.5086
0.08124051311939484,0.5087
0.08616782296954262,0.5088
0.09087539303501546,0.5089
0.09533508171983496,0.509
0.09952168796396732,0.5091
0.10341067303503448,0.5092
0.10697714299779038,0.5093
0.11019588049300122,0.5094000000000001
0.11304304304653234,0.5095000000000001
0.1154981727153922,0.5096
0.11754586942635914,0.5097
0.11917616870303605,0.5098
0.1203838213914743,0.5099
0.12116702049795158,0.51
0.12152633441087524,0.5101
0.1214641730783026,0.5102
0.12098460753014773,0.5103
0.12009321672739737,0.5104000000000001
0.11707788985424716,0.5105000000000001
0.11371861647601844,0.5106
0.11019668258943405,0.5107
0.10654495722265556,0.5108
0.10278068337099222,0.5109
0.09892472075746972,0.511
0.09499991506244743,0.5111
0.09103428162898197,0.5112
0.0870586687349365,0.5113
0.0829631260504653,0.5114000000000001
0.07877487830467589,0.5115000000000001
0.07464713204525608,0.5116
0.0706152282025505,0.5117
0.06670800909273811,0.5118
0.06261742433883954,0.5119
0.05862983994363491,0.512
0.054492441358896526,0.5121
0.050529980862586754,0.5122
0.04662477919618513,0.5123
0.042681788770566165,0.5124000000000001
0.03855697227322574,0.5125000000000001
0.034604365094144995,0.5126000000000001
0.030514957625797923,0.5127
0.026139813929140443,0.5128
0.021844171762294806,0.5129
0.017668747209383495,0.513
0.01391759545410265,0.5131
0.010626209259783304,0.5132
0.007847344059521921,0.5133
0.005804114470622235,0.5134000000000001
0.0056465699446397455,0.5135000000000001
0.006340736709355532,0.5136000000000001
0.0059645405053265765,0.5137
0.005853734040022651,0.5138
0.006424149313709826,0.5139
0.007731077501188288,0.514
0.009846907055250709,0.5141
0.012752561921135719,0.5142
0.016099478806133494,0.5143
0.01963303029533714,0.5144000000000001
0.023529050807193697,0.5145000000000001
0.027883977084441236,0.5146000000000001
0.032629334507386254,0.5147
0.037701523224857425,0.5148
0.04300988096597491,0.5149
0.048438252763725265,0.515
0.0538684811378054,0.5151
0.059274474579215974,0.5152
0.06465283485635587,0.5153
0.06997233104555156,0.5154
0.07519757498048396,0.5155000000000001
0.08029332905247899,0.5156000000000001
0.0852265777191048,0.5157
0.08996784157241045,0.5158
0.0944887076937665,0.5159
0.09876030174085804,0.516
0.1027519277770107,0.5161
0.10643195934853134,0.5162
0.10976978125308257,0.5163
0.112738679328518,0.5164
0.11531780290971239,0.5165000000000001
0.11749288784955181,0.5166000000000001
0.11925524564842627,0.5167
0.12060022298303819,0.5168
0.12152572705581233,0.5169
0.12203163351592639,0.517
0.12211961866498566,0.5171
0.12179314273504749,0.5172
0.12105701657016199,0.5173
0.11875426215692642,0.5174
0.11549145424964469,0.5175000000000001
0.11203828716994135,0.5176000000000001
0.10843884573235163,0.5177
0.10471447471789863,0.5178
0.10088463987244445,0.5179
0.09697246104150536,0.518
0.093005861838799,0.5181
0.08901688672420638,0.5182
0.0850028893291207,0.5183
0.0807879970976011,0.5184
0.0766223782112202,0.5185000000000001
0.07254464090433921,0.5186000000000001
0.06858501016089813,0.5187
0.06458549949309955,0.5188
0.06057675705963772,0.5189
0.0565093903369529,0.519
0.05248396113488796,0.5191
0.048656868930560204,0.5192
0.04471278834263259,0.5193
0.04077032260612046,0.5194
0.036804972130729974,0.5195000000000001
0.03294351847445287,0.5196000000000001
0.02904391675011997,0.5197
0.025071589558165686,0.5198
0.02116974417049433,0.5199
0.017632225501146737,0.52
0.014459369718599735,0.5201
0.011300186774642507,0.5202
0.008574361468128622,0.5203
0.006642747353243328,0.5204
0.005837787399900707,0.5205000000000001
0.005811633220136336,0.5206000000000001
0.0060590880298840855,0.5207
0.006647862151363704,0.5208
0.007312572383396443,0.5209
0.008579895119631198,0.521
0.010682737936457576,0.5211
0.01362055775514337,0.5212
0.01707388061973636,0.5213
0.02076817551204524,0.5214
0.024856993468661326,0.5215000000000001
0.02941330333728609,0.5216000000000001
0.03435307008171895,0.5217
0.03960347994118174,0.5218
0.04507004813053617,0.5219
0.05063659151807309,0.522
0.056185220865882624,0.5221
0.061685712155612915,0.5222
0.06713048780719233,0.5223
0.07248597374322463,0.5224
0.07771443957202673,0.5225000000000001
0.08277843068029034,0.5226000000000001
0.08764350429361556,0.5227
0.09228011709500306,0.5228
0.09666179117937668,0.5229
0.10076356626946448,0.523
0.10456019076646039,0.5231
0.10802597224449162,0.5232
0.11113563834245077,0.5233
0.11386633438695037,0.5234
0.11619938203738556,0.5235000000000001
0.11812137874253104,0.5236000000000001
0.11962397124836799,0.5237
0.1207029470083173,0.5238
0.12135703310706059,0.5239
0.12158715966114098,0.524
0.12139607351115944,0.5241
0.12078823068033429,0.5242
0.11926967044735359,0.5243
0.11606206193409441,0.5244
0.11264521525548765,0.5245000000000001
0.10907750958759721,0.5246000000000001
0.10538603626980014,0.5247
0.10158864130917089,0.5248
0.0977071148158466,0.5249
0.09376595812026878,0.525
0.08979424652913182,0.5251
0.08582312290782801,0.5252
0.08165848147648991,0.5253
0.0774847220564947,0.5254
0.07338302491893545,0.5255000000000001
0.06938660023705523,0.5256000000000001
0.06543102011094082,0.5257000000000001
0.0613756027507244,0.5258
0.057337729591894204,0.5259
0.053252287294182965,0.526
0.04935298771356322,0.5261
0.04539346886928364,0.5262
0.04140299933487701,0.5263
0.03733888858012935,0.5264
0.03334520453809087,0.5265000000000001
0.029220994959561875,0.5266000000000001
0.024832300037546995,0.5267000000000001
0.020515088481360078,0.5268
0.016443672797123332,0.5269
0.01282684338009421,0.527
0.009692924826334437,0.5271
0.007093299530218866,0.5272
0.00569406766365721,0.5273
0.005727356968992847,0.5274
0.005909738392829267,0.5275000000000001
0.005767122595119023,0.5276000000000001
0.006262516292034004,0.5277000000000001
0.007075090552552732,0.5278
0.008460074379996296,0.5279
0.010686688712512105,0.528
0.013458103138014765,0.5281
0.016545248581340433,0.5282
0.02009510308020812,0.5283
0.024182669056641792,0.5284
0.0287187583693731,0.5285000000000001
0.03363322437761718,0.5286000000000001
0.03883194762625797,0.5287000000000001
0.044238406156942744,0.5288
0.04974046535057153,0.5289
0.05523124541066693,0.529
0.06068411141346952,0.5291
0.06609637744534791,0.5292
0.07143516395151406,0.5293
0.07666570059993982,0.5294
0.08175243507388419,0.5295
0.08666323735709613,0.5296000000000001
0.09136853565361525,0.5297000000000001
0.09584003146971187,0.5298
0.10004845395524586,0.5299
0.10396341548445898,0.53
0.10755413201996833,0.5301
0.11079179509734638,0.5302
0.11365171479148262,0.5303
0.11611499587063756,0.5304
0.1181687545611656,0.5305
0.11980539871782325,0.5306000000000001
0.12102134752253568,0.5307000000000001
0.12181594978205046,0.5308
0.12219074563455778,0.5309
0.12214899197572548,0.531
0.12169518896451326,0.5311
0.12083452497356939,0.5312
0.11777250632990754,0.5313
0.11444244216177002,0.5314
0.11094473628127388,0.5315
0.107309360983461,0.5316000000000001
0.10355234946694203,0.5317000000000001
0.09969512518390655,0.5318
0.09576199532569352,0.5319
0.09178331602442424,0.532
0.08779244523010621,0.5321
0.08370999845084437,0.5322
0.07950662270604147,0.5323
0.0753656375786661,0.5324
0.07132295937624344,0.5325
0.06740683860230234,0.5326000000000001
0.06336111167725955,0.5327000000000001
0.0594014220347483,0.5328
0.05528986176827866,0.5329
0.05132111858378208,0.533
0.04751278320428631,0.5331
0.04356740301417994,0.5332
0.039572352315599746,0.5333
0.03567676768997785,0.5334
0.031769965471936557,0.5335
0.027831981583467114,0.5336000000000001
0.023849539256638908,0.5337000000000001
0.02004743263148545,0.5338
0.01663237143242191,0.5339
0.013441324043955705,0.534
0.010404523699814705,0.5341
0.007840936293181278,0.5342
0.00610843617946677,0.5343
0.005753527397857949,0.5344
0.00617728513771687,0.5345
0.00650104363983095,0.5346000000000001
0.006975936320039233,0.5347000000000001
0.007706678319535865,0.5348
0.009219751235047813,0.5349
0.011589766464183526,0.535
0.014772090180166453,0.5351
0.018424505596863705,0.5352
0.022271785822379098,0.5353
0.02647456341968435,0.5354
0.031113898066221557,0.5355
0.03611221029276934,0.5356000000000001
0.0414002564728877,0.5357000000000001
0.046885442930098,0.5358
0.05245115266167355,0.5359
0.05797947308827589,0.536
0.06344384822972904,0.5361
0.06884058099247192,0.5362
0.07413795935165379,0.5363
0.07929964239741782,0.5364
0.08428920646543969,0.5365
0.08907301757187713,0.5366000000000001
0.09362213586708579,0.5367000000000001
0.09791041019413504,0.5368
0.1019128958514639,0.5369
0.10560411248717094,0.537
0.1089581321728832,0.5371
0.11194975833051457,0.5372
0.11455678906957689,0.5373
0.11676180238147749,0.5374
0.1185530298343217,0.5375
0.1199237455900628,0.5376000000000001
0.12087104280702254,0.5377000000000001
0.12139450907152127,0.5378000000000001
0.12149558238261116,0.5379
0.1211773371429109,0.538
0.12044451803990541,0.5381
0.11832294258940623,0.5382
0.11504784642525556,0.5383
0.11158150804222211,0.5384
0.10797290532058146,0.5385
0.10424581147112266,0.5386000000000001
0.10041954492596306,0.5387000000000001
0.09651635466206399,0.5388000000000001
0.09256201112491413,0.5389
0.08858614073415783,0.539
0.08457854157773159,0.5391
0.08037607936241586,0.5392
0.07621844789770005,0.5393
0.0721440371633919,0.5394
0.06818385241545744,0.5395
0.06416179124941679,0.5396000000000001
0.060148283150006976,0.5397000000000001
0.0560453800881322,0.5398000000000001
0.05201152046877566,0.5399
0.048174308090151774,0.54
0.04415214515398391,0.5401
0.04010126571027017,0.5402
0.036110119074372005,0.5403
0.03207858972627786,0.5404
0.027842117632485452,0.5405
0.023534884436097858,0.5406000000000001
0.01919345814503126,0.5407000000000001
0.015238915931774955,0.5408000000000001
0.011768053774451781,0.5409
0.008804421361877202,0.541
0.0063966604076237665,0.5411
0.005659716374529999,0.5412
0.006204326962314877,0.5413
0.005854747557019202,0.5414
0.005764645962420545,0.5415
0.006324457648922088,0.5416000000000001
0.007252120594339662,0.5417000000000001
0.008829238229643543,0.5418000000000001
0.011259031440250755,0.5419
0.014222881003188581,0.542
0.01747888520238683,0.5421
0.021172690383699733,0.5422
0.025382133102544335,0.5423
0.03002198572906134,0.5424
0.035023371696086825,0.5425
0.040292803625990414,0.5426
0.045752961580224794,0.5427000000000001
0.051291378237249496,0.5428000000000001
0.05680111700914359,0.5429
0.06225691404872924,0.543
0.0676578079031378,0.5431
0.07297273073290367,0.5432
0.07816855611215545,0.5433
0.08321112474898174,0.5434
0.08806918563990007,0.5435
0.09271342978990971,0.5436
0.09711517657154622,0.5437000000000001
0.10124435112334262,0.5438000000000001
0.1050698004108731,0.5439
0.10856056772123013,0.544
0.11168868082054462,0.5441
0.11443129675448072,0.5442
0.11677197961656516,0.5443
0.11870028768248198,0.5444
0.12021056644971861,0.5445
0.12130048941317462,0.5446
0.12197012224112735,0.5447000000000001
0.12222141643076245,0.5448000000000001
0.12205789959596869,0.5449
0.12148421386955821,0.545
0.11993608541234158,0.5451
0.11676642950325122,0.5452
0.1133833797365209,0.5453
0.10984243177384356,0.5454
0.10616890905437959,0.5455
0.10238019276353061,0.5456
0.09849843508992762,0.5457000000000001
0.0945496661805858,0.5458000000000001
0.09056523862265708,0.5459
0.08657896131400866,0.546
0.08243241412508173,0.5461
0.07824538529834157,0.5462
0.07413269623436569,0.5463
0.07012819417637706,0.5464
0.0662267222598607,0.5465
0.062169823736695995,0.5466
0.05820235858662581,0.5467000000000001
0.05411590535884492,0.5468000000000001
0.05020925013872102,0.5469
0.04636000796710538,0.547
0.042479444547779854,0.5471
0.03844981574948658,0.5472
0.034634983667377606,0.5473
0.030709773521450545,0.5474
0.026760402045286957,0.5475
0.02279194754597147,0.5476
0.019091624691419007,0.5477000000000001
0.015798642784425,0.5478000000000001
0.012621239704822651,0.5479
0.009702785968373151,0.548
0.007292634926539643,0.5481
0.0058367527069744796,0.5482
0.00576935289145486,0.5483
0.006332463791441256,0.5484
0.006802073365159256,0.5485
0.007233074605907275,0.5486
0.008165107534099159,0.5487000000000001
0.009907628629084009,0.5488000000000001
0.012505571528709458,0.5489
0.015666300690548196,0.549
0.019117739070141804,0.5491
0.023007602693450036,0.5492
0.02740192208496306,0.5493
0.03221196824149741,0.5494
0.03736285440109777,0.5495
0.042759079280643375,0.5496
0.04832079091560826,0.5497000000000001
0.053934211061376525,0.5498000000000001
0.05949063601042548,0.5499
0.06496623090597797,0.55
0.0703607860661355,0.5501
0.07564223523995017,0.5502
0.0807751487894316,0.5503
0.08572316527626411,0.5504
0.09045375277427725,0.5505
0.09493862187973556,0.5506
0.09915255083892993,0.5507000000000001
0.10307106443921699,0.5508000000000001
0.10666930824309084,0.5509000000000001
0.10992196504229568,0.551
0.11280488395952915,0.5511
0.11529712930055713,0.5512
0.11738277225219218,0.5513
0.11905140644579215,0.5514
0.12029749672887902,0.5515
0.12111908965711016,0.5516
0.12151667248464726,0.5517000000000001
0.12149257661297674,0.5518000000000001
0.1210507756411433,0.5519000000000001
0.12019674988788631,0.552
0.11738466295399186,0.5521
0.11404456447374745,0.5522
0.11053533691737416,0.5523
0.106893311189731,0.5524
0.10313705310203936,0.5525
0.09928700885449449,0.5526
0.09536593499505874,0.5527000000000001
0.09140144174778142,0.5528000000000001
0.08742421754074226,0.5529000000000001
0.08334913700137991,0.553
0.0791564008614547,0.5531
0.07502059029866859,0.5532
0.0709778128041525,0.5533
0.0670574410329926,0.5534
0.06298563487909281,0.5535
0.05901702303819212,0.5536
0.05486547785728457,0.5537000000000001
0.05088495143156413,0.5538000000000001
0.04699992100459638,0.5539000000000001
0.043038147755954714,0.554
0.03893493600905584,0.5541
0.03500112557440915,0.5542
0.030926552835628618,0.5543
0.026560252619409752,0.5544
0.02228382644117133,0.5545
0.018076235135031204,0.5546
0.014282418785025675,0.5547000000000001
0.010941139107715658,0.5548000000000001
0.00810614082927441,0.5549000000000001
0.005879409136402058,0.555
0.005627069188822498,0.5551
0.006473534413185433,0.5552
0.006103738989080565,0.5553
0.0058989887795173335,0.5554
0.006326511879299446,0.5555
0.0075393501169527255,0.5556
0.009598098615153372,0.5557
0.012454885407335858,0.5558000000000001
0.015761617094085523,0.5559000000000001
0.019257292848021246,0.556
0.023119402285075807,0.5561
0.02744447126745242,0.5562
0.03216588140036003,0.5563
0.03722021175291634,0.5564
0.04251702298161142,0.5565
0.047939570070643756,0.5566
0.0533692586860921,0.5567
0.058779033981448015,0.5568000000000001
0.06416477224192729,0.5569000000000001
0.06949462072032986,0.557
0.07473276876685686,0.5571
0.07984364043368564,0.5572
0.08479412535780118,0.5573
0.08955485178188194,0.5574
0.09409773160151913,0.5575
0.09839425451236095,0.5576
0.10241395823014532,0.5577
0.10612513006431001,0.5578000000000001
0.10949672536259958,0.5579000000000001
0.1125013668511261,0.558
0.11511752820812926,0.5581
0.11733042735114407,0.5582
0.11913106556692821,0.5583
0.12051460530473868,0.5584
0.12147878460430772,0.5585
0.12202327042508543,0.5586
0.12214952202674789,0.5587
0.12186083930454628,0.5588000000000001
0.12116196170746552,0.5589000000000001
0.11905935606383322,0.559
0.115816463797066,0.5591
0.11237697244899003,0.5592
0.10878837462563973,0.5593
0.10507329816838817,0.5594
0.10125074471234718,0.5595
0.09734362160242616,0.5596
0.09337932831788853,0.5597
0.08938965269135124,0.5598000000000001
0.08539764458800025,0.5599000000000001
0.08117856199057527,0.56
0.0770049679847874,0.5601
0.07291634155532134,0.5602
0.06894352315114083,0.5603
0.06496203141277546,0.5604
0.06093891000558749,0.5605
0.05688932442493866,0.5606
0.05284673721061384,0.5607
0.04899862070964933,0.5608000000000001
0.04507253885492912,0.5609000000000001
0.04114710951161915,0.561
0.037158147302175815,0.5611
0.033307382783529293,0.5612
0.029414866035036846,0.5613
0.025440340421317487,0.5614
0.021504774895766854,0.5615
0.017927505458021242,0.5616
0.014759885006829787,0.5617
0.011561146607593553,0.5618000000000001
0.008784191432215538,0.5619000000000001
0.006569204159409425,0.562
0.005719808510854518,0.5621
0.0060072270327138355,0.5622
0.00617380282431923,0.5623
0.006591670462819499,0.5624
0.007226871771697674,0.5625
0.008414822999918803,0.5626
0.01044246053395037,0.5627
0.013314299428183629,0.5628000000000001
0.01671179357070751,0.5629000000000001
0.020359463135002143,0.5630000000000001
0.024409681342369982,0.5631
0.02893438154861072,0.5632
0.03384959828881051,0.5633
0.039082222014179546,0.5634
0.04453770996720019,0.5635
0.050099793051136876,0.5636
0.05565042843640078,0.5637
0.061158172089329055,0.5638000000000001
0.0666142921849302,0.5639000000000001
0.07198457032832051,0.5640000000000001
0.07723079178596803,0.5641
0.08231510797349706,0.5642
0.08720280076659137,0.5643
0.09186422269950634,0.5644
0.09627298780252347,0.5645
0.10040436294987176,0.5646
0.10423326853230208,0.5647
0.10773394607991349,0.5648000000000001
0.11088071259260623,0.5649000000000001
0.11365005557438768,0.5650000000000001
0.11602259353525957,0.5651
0.11798439207581335,0.5652
0.11952680319404552,0.5653
0.12064549639941047,0.5654
0.12133912378635814,0.5655
0.12160851275967566,0.5656
0.12145628081167748,0.5657
0.12088678473988923,0.5658000000000001
0.11957437709738006,0.5659000000000001
0.11638802644856028,0.5660000000000001
0.11298614709434507,0.5661
0.10943041738167325,0.5662
0.10574918124187893,0.5663
0.10195986016347003,0.5664
0.09808411655010696,0.5665
0.09414601050191351,0.5666
0.09017441163448492,0.5667
0.08620038362480753,0.5668000000000001
0.08205753151041806,0.5669000000000001
0.07787755922274331,0.5670000000000001
0.0737659808165555,0.5671
0.06975695655521186,0.5672
0.06581910230995258,0.5673
0.061750019959755376,0.5674
0.05773061558248549,0.5675
0.053629383183390944,0.5676
0.04971062408296789,0.5677
0.04577116924016322,0.5678000000000001
0.041800371155090055,0.5679000000000001
0.0377142823866099,0.5680000000000001
0.03373442733693399,0.5681
0.02962181205983594,0.5682
0.02523904340269545,0.5683
0.020937574257891445,0.5684
0.01683203749667328,0.5685
0.013169880967097924,0.5686
0.009982751605337237,0.5687
0.007323217237124702,0.5688
0.005719572184256894,0.5689000000000001
0.005686421756924798,0.5690000000000001
0.006024388901715527,0.5691
0.005780659228623586,0.5692
0.006017419224495946,0.5693
0.0066487664321022155,0.5694
0.00794405650728458,0.5695
0.01011021625508346,0.5696
0.013067308522346055,0.5697
0.016494792447515172,0.5698
0.020113528682381476,0.5699000000000001
0.024096834882403995,0.5700000000000001
0.028531615117719067,0.5701
0.03334915207869593,0.5702
0.03848352994691351,0.5703
0.04384537117630716,0.5704
0.04931871151318168,0.5705
0.05478664989558735,0.5706
0.06022126430847741,0.5707
0.06561822209470736,0.5708
0.07094629497004523,0.5709000000000001
0.07617092126973535,0.5710000000000001
0.08125750245662577,0.5711
0.08617366320444597,0.5712
0.09088991964432469,0.5713
0.09537756275703757,0.5714
0.09960712531752702,0.5715
0.10354762550244123,0.5716
0.10716764090989905,0.5717
0.11043748847236767,0.5718
0.11333182609355763,0.5719000000000001
0.11583135624765972,0.5720000000000001
0.11792319796072304,0.5721
0.11959984677129576,0.5722
0.12085766274159815,0.5723
0.12169551147527324,0.5724
0.12211411091490543,0.5725
0.12211576680202318,0.5726
0.12170423735642166,0.5727
0.12088433623800665,0.5728
0.11805286490765687,0.5729000000000001
0.11474230838115007,0.5730000000000001
0.11125702584764807,0.5731
0.10763201771374853,0.5732
0.1038852924422975,0.5733
0.10003766891586974,0.5734
0.09611285700933381,0.5735
0.09214017450991019,0.5736
0.08815233776281695,0.5737
0.08409437502635053,0.5738
0.07989008223806737,0.5739000000000001
0.07574403751818903,0.5740000000000001
0.07169295319878,0.5741
0.06776562124827701,0.5742
0.06373744966998507,0.5743
0.05976410900915263,0.5744
0.05566834973667145,0.5745
0.051682605187485686,0.5746
0.04788867894705939,0.5747
0.04392403475310824,0.5748
0.03994501122196348,0.5749000000000001
0.036028523038345694,0.5750000000000001
0.03213708377641189,0.5751000000000001
0.028212044614692733,0.5752
0.024233228949807506,0.5753
0.020401034627330672,0.5754
0.016948253360569154,0.5755
0.013756303964781447,0.5756
0.010681479566782448,0.5757
0.008068148068963277,0.5758
0.006274649446279534,0.5759000000000001
0.005775084024042698,0.5760000000000001
0.006007346134097036,0.5761000000000001
0.006239826419535799,0.5762
0.006851695617765552,0.5763
0.007518174375955811,0.5764
0.008948000747380114,0.5765
0.011229752656760184,0.5766
0.014336779237980268,0.5767
0.01793130971344592,0.5768
0.021737135623103532,0.5769000000000001
0.025911441414820935,0.5770000000000001
0.030531930797183415,0.5771000000000001
0.03551862156044705,0.5772
0.04080094992580219,0.5773
0.04628571196397435,0.5774
0.0518565494912806,0.5775
0.05739568063667311,0.5776
0.06287530297105892,0.5777
0.06829041567977256,0.5778
0.07360876593518839,0.5779000000000001
0.07879364139532119,0.5780000000000001
0.08380837125879581,0.5781000000000001
0.0886191405329273,0.5782
0.09319687797019993,0.5783
0.09751536924894533,0.5784
0.10154969409027759,0.5785
0.10527448155310792,0.5786
0.10866394221214604,0.5787
0.11169294930101559,0.5788
0.11433919936142234,0.5789000000000001
0.11658495782004674,0.5790000000000001
0.11841798125475556,0.5791000000000001
0.1198310280085938,0.5792
0.12082075479351906,0.5793
0.12138645481135268,0.5794
0.1215293946300201,0.5795
0.12125253895678023,0.5796
0.1205605268653307,0.5797
0.1186223018432121,0.5798
0.11536903333828197,0.5799000000000001
0.11191897722295341,0.5800000000000001
0.10832394186348804,0.5801000000000001
0.10460869670912998,0.5802
0.10079212349252753,0.5803
0.09689634938358815,0.5804
0.09294677589228029,0.5805
0.0889728687399759,0.5806
0.08499200956006159,0.5807
0.08078890747093925,0.5808
0.07662673965038758,0.5809000000000001
0.07254460315654887,0.5810000000000001
0.06857398156139549,0.5811000000000001
0.0645770911255168,0.5812
0.06055139706383594,0.5813
0.05647350268819595,0.5814
0.052424112819320134,0.5815
0.04856911323103397,0.5816
0.04457028190902479,0.5817
0.040543274850792566,0.5818
0.0365293984684385,0.5819
0.032514322561407294,0.5820000000000001
0.028323610022631618,0.5821000000000001
0.023989682798730705,0.5822
0.019665099776456696,0.5823
0.015672466039013955,0.5824
0.012152378288055043,0.5825
0.009130508298614615,0.5826
0.006656851653948914,0.5827
0.005683686804342392,0.5828
0.005908733152874435,0.5829
0.005830596134633659,0.5830000000000001
0.005785604551891144,0.5831000000000001
0.0063643340580361585,0.5832
0.007294658045122082,0.5833
0.008852017152268354,0.5834
0.011241194996801873,0.5835
0.014159554352646486,0.5836
0.017367244472593635,0.5837
0.021016635042570453,0.5838
0.025183883254337847,0.5839
0.02978443252211882,0.5840000000000001
0.03474850129690332,0.5841000000000001
0.03998343070843946,0.5842
0.04541244622566665,0.5843
0.05092367727988445,0.5844
0.05641030890731358,0.5845
0.061848170982557016,0.5846
0.06723682246986518,0.5847
0.07254489223591842,0.5848
0.07773861436175844,0.5849
0.08278322368358126,0.5850000000000001
0.08764693608653407,0.5851000000000001
0.09230022138909799,0.5852
0.09671446026002539,0.5853
0.10085996331237201,0.5854
0.10470606271255845,0.5855
0.10822215482669484,0.5856
0.1113801675607271,0.5857
0.1141566083079113,0.5858
0.11653392739767798,0.5859
0.11850042788451165,0.5860000000000001
0.1200493635830443,0.5861000000000001
0.12117767633514764,0.5862
0.12188503837688003,0.5863
0.12217323322623974,0.5864
0.12204572396464708,0.5865
0.12150716340453005,0.5866
0.12021078242333383,0.5867
0.11706333530895485,0.5868
0.11369590005495112,0.5869
0.11016803904227923,0.5870000000000001
0.10650654402624637,0.5871000000000001
0.10272813286089222,0.5872
0.09885465592390197,0.5873
0.09491143201884,0.5874
0.09092938303019082,0.5875
0.08694203654775023,0.5876
0.08281161398464487,0.5877
0.07861838347771999,0.5878
0.07449529953809142,0.5879
0.07047709627247689,0.5880000000000001
0.06658076812166092,0.5881000000000001
0.06250818045882267,0.5882000000000001
0.05854525962286328,0.5883
0.054442863988626744,0.5884
0.050518489079057094,0.5885
0.04667959538707156,0.5886
0.04278071652958948,0.5887
0.038757308460382944,0.5888
0.03491811567461656,0.5889
0.0309938123145983,0.5890000000000001
0.027044196000046483,0.5891000000000001
0.023068257567705697,0.5892000000000001
0.019339189788191824,0.5893
0.016011733516590354,0.5894
0.01281912196383761,0.5895
0.009867179919889724,0.5896
0.00741558269827336,0.5897
0.0058677759480556535,0.5898
0.0057499928993614,0.5899
0.006357013110181331,0.5900000000000001
0.00681016062112505,0.5901000000000001
0.007184067964354224,0.5902000000000001
0.008057494313224556,0.5903
0.009737582815075863,0.5904
0.012275847405687879,0.5905
0.01538358913352944,0.5906
0.018789331493438866,0.5907
0.022640272143726436,0.5908
0.027001890316384447,0.5909
0.031785097208266055,0.5910000000000001
0.036914969580263746,0.5911000000000001
0.04229594558048588,0.5912000000000001
0.04784805389394453,0.5913
0.05345748556373664,0.5914
0.05901538517662952,0.5915
0.0644970926157622,0.5916
0.06990155524050667,0.5917
0.07519621917875496,0.5918
0.08034527374270195,0.5919
0.08531207382525241,0.5920000000000001
0.09006390358713712,0.5921000000000001
0.09457239169648268,0.5922000000000001
0.09881231396519208,0.5923
0.10275921429073098,0.5924
0.10638819093800866,0.5925
0.10967374019112608,0.5926
0.11259135875124793,0.5927
0.11511963978532957,0.5928
0.11724215684196093,0.5929
0.11894807442300703,0.5930000000000001
0.12023154334166275,0.5931000000000001
0.12109040396610649,0.5932000000000001
0.12152500432541691,0.5933
0.12153756859210896,0.5934
0.12113198037801065,0.5935
0.12031364848075377,0.5936
0.117684966653959,0.5937
0.11436436656651627,0.5938
0.1108687794021066,0.5939
0.10723757502262732,0.5940000000000001
0.10349044136331809,0.5941000000000001
0.0996473953640451,0.5942000000000001
0.09573105496892298,0.5943
0.09176863244352074,0.5944
0.08779066485317022,0.5945
0.08373734189882698,0.5946
0.07954058775783812,0.5947
0.07539719738850403,0.5948
0.07134408579324791,0.5949
0.06741116498555588,0.595
0.06335716625066867,0.5951000000000001
0.05937520360165638,0.5952000000000001
0.055241076337704476,0.5953
0.05124412852109694,0.5954
0.04737606045706766,0.5955
0.04339516906862606,0.5956
0.03930929566834007,0.5957
0.03536422413546658,0.5958
0.031299721522041635,0.5959
0.02697087651491281,0.596
0.022713554636431654,0.5961000000000001
0.018476781677914333,0.5962000000000001
0.014642526108567866,0.5963
0.01125380821738009,0.5964
0.008365594685725952,0.5965
0.006042433230203814,0.5966
0.005631540272099667,0.5967
0.006538256065925285,0.5968
0.006087202209404063,0.5969
0.00584532275498062,0.597
0.006252811020365456,0.5971000000000001
0.007369070418967727,0.5972000000000001
0.009297026128379349,0.5973
0.012045014649623376,0.5974
0.015264943082055726,0.5975
0.018698149034220846,0.5976
0.02251475547223336,0.5977
0.026808202987707697,0.5978
0.03150838704339898,0.5979
0.03655083317979546,0.598
0.04184396820491987,0.5981000000000001
0.04730940528153149,0.5982000000000001
0.05283305714937736,0.5983
0.058307274510642104,0.5984
0.06371343039216515,0.5985
0.06905690482537208,0.5986
0.0743093533354543,0.5987
0.07943879318828861,0.5988
0.08441142715440342,0.5989
0.08919585230002325,0.599
0.09376269579810592,0.5991000000000001
0.09808324335973495,0.5992000000000001
0.1021275240588202,0.5993
0.10586452126995305,0.5994
0.10926362142218926,0.5995
0.11229750825336882,0.5996
0.1149444032843393,0.5997
0.11718912051647157,0.5998
0.11902230306862582,0.5999
0.12043884611905609,0.6
0.12143635686000787,0.6001000000000001
0.12201440696702104,0.6002000000000001
0.12217439257691665,0.6003000000000001
0.12191950883471492,0.6004
0.12125440136843335,0.6005
0.11929851299855965,0.6006
0.11607683729550888,0.6007
0.11265413504887334,0.6008
0.10908015101321167,0.6009
0.10537819659481817,0.601
0.1015666371417221,0.6011000000000001
0.09766787990504922,0.6012000000000001
0.09370871108723078,0.6013000000000001
0.08972071175172946,0.6014
0.08573761631221699,0.6015
0.08153198836303177,0.6016
0.0773537427376576,0.6017
0.0732576901384745,0.6018
0.06927547134238521,0.6019
0.06531562676101799,0.602
0.061282199741980126,0.6021000000000001
0.05725276410357982,0.6022000000000001
0.05319637970255231,0.6023000000000001
0.04933028244707183,0.6024
0.045420434649377395,0.6025
0.04150749468816861,0.6026
0.037495619889446496,0.6027
0.03364830039921651,0.6028
0.029754435796232936,0.6029
0.025769077513702277,0.603
0.02180112883242402,0.6031000000000001
0.01818704937358273,0.6032000000000001
0.014999374277357092,0.6033000000000001
0.011774003390238041,0.6034
0.008955875504359945,0.6035
0.006690738910017258,0.6036
0.005730899643377807,0.6037
0.005896619417131488,0.6038
0.006020263672460668,0.6039
0.006404311370613147,0.604
0.00708467345883701,0.6041000000000001
0.008213857963183635,0.6042000000000001
0.010174646145306943,0.6043000000000001
0.012981494234804769,0.6044
0.016324943299124373,0.6045
0.019930632056107456,0.6046
0.02394962044460147,0.6047
0.028451740564479078,0.6048
0.03335106643265884,0.6049
0.038573275221112535,0.605
0.04402316381651006,0.6051000000000001
0.049621033745854026,0.6052000000000001
0.0552533388300418,0.6053000000000001
0.060812106504451124,0.6054
0.06627627229846855,0.6055
0.07164838218373693,0.6056
0.07689808196014991,0.6057
0.08199128776530451,0.6058
0.0868927243005353,0.6059
0.09157066505065625,0.606
0.09599724513752939,0.6061000000000001
0.10014723119565272,0.6062000000000001
0.10399581563192994,0.6063000000000001
0.10751785507869038,0.6064
0.11068819275212627,0.6065
0.11348354563435503,0.6066
0.11588442416395328,0.6067
0.11787651204276606,0.6068
0.11945069644651174,0.6069
0.12060218454198379,0.607
0.12132928901306728,0.6071000000000001
0.12163256883720708,0.6072000000000001
0.12151445917885917,0.6073000000000001
0.12097913568728202,0.6074
0.11983035567757183,0.6075
0.1166647971119601,0.6076
0.11327883889846613,0.6077
0.10973678168857326,0.6078
0.10606789134405359,0.6079
0.10228907554871391,0.608
0.09842159280573426,0.6081
0.09448884402911795,0.6082000000000001
0.09051934138537787,0.6083000000000001
0.08654410525475009,0.6084
0.08242380372840097,0.6085
0.0782394592354071,0.6086
0.07412029708838375,0.6087
0.07010146574237808,0.6088
0.06618416453130782,0.6089
0.06210452851677306,0.609
0.05810546199996858,0.6091
0.05399130209603564,0.6092000000000001
0.05005606608439406,0.6093000000000001
0.046137555166692934,0.6094
0.042186442594721374,0.6095
0.038081139423598254,0.6096
0.034114954468261516,0.6097
0.030013584425481854,0.6098
0.025636432609648097,0.6099
0.021349439554236183,0.61
0.017213198691419018,0.6101
0.013510328876318978,0.6102000000000001
0.01027541089726558,0.6103000000000001
0.007561933339621962,0.6104
0.005752762168417247,0.6105
0.005653338041111233,0.6106
0.00617391810891621,0.6107
0.0058388788120868895,0.6108
0.005874899146118828,0.6109
0.006482769077208683,0.611
0.007801819220352613,0.6111
0.00996033642711569,0.6112000000000001
0.012912672380857693,0.6113000000000001
0.01631771706488916,0.6114
0.019909904017101354,0.6115
0.023863554829257616,0.6116
0.028271401381564587,0.6117
0.03306479853627775,0.6118
0.038179113148743005,0.6119
0.04352394154441552,0.612
0.04898305375767542,0.6121
0.05443865505059886,0.6122000000000001
0.05986380555786641,0.6123000000000001
0.0652547254946827,0.6124
0.07058033892241489,0.6125
0.07580577567777969,0.6126
0.0808962442150798,0.6127
0.08581913143635544,0.6128
0.09054503635866595,0.6129
0.09504543964153278,0.613
0.09929120257016688,0.6131
0.10325150465695376,0.6132000000000001
0.10689486556044414,0.6133000000000001
0.11019121567219226,0.6134000000000001
0.11311465439178203,0.6135
0.11564525839270268,0.6136
0.11776960305058726,0.6137
0.11947970535153707,0.6138
0.12077148892528278,0.6139
0.1216433708132485,0.614
0.12209565551548052,0.6141
0.1221303313674228,0.6142000000000001
0.12175100255319715,0.6143000000000001
0.12096247529420501,0.6144000000000001
0.11831242585147927,0.6145
0.11501802276443351,0.6146
0.11154351217005842,0.6147
0.10792708652181915,0.6148
0.10418790256547905,0.6149
0.10034627841970278,0.615
0.09642566604266123,0.6151
0.09245484533552029,0.6152000000000001
0.08846625043479839,0.6153000000000001
0.08442678095887712,0.6154000000000001
0.08021822828847947,0.6155
0.07606446064316252,0.6156
0.07200295692287939,0.6157
0.06806307554670121,0.6158
0.06404685311642011,0.6159
0.060059503194969666,0.616
0.05597455301370191,0.6161
0.051972652921484785,0.6162000000000001
0.04817365791598616,0.6163000000000001
0.04420564095757995,0.6164000000000001
0.04023658910002159,0.6165
0.036299517533765924,0.6166
0.03241442812463302,0.6167
0.02849309513745646,0.6168
0.024510816415816095,0.6169
0.020650317638286175,0.617
0.017164102559193983,0.6171
0.013974430118463443,0.6172000000000001
0.010866205742811719,0.6173000000000001
0.00820967256592331,0.6174000000000001
0.006364447543746543,0.6175
0.0057830826640716815,0.6176
0.0059258311834056165,0.6177
0.006105398524235195,0.6178
0.00670312818472385,0.6179
0.007369797428893543,0.618
0.008740823570316136,0.6181
0.010960588434701268,0.6182000000000001
0.014010940501412161,0.6183000000000001
0.017559189077590354,0.6184000000000001
0.021329318639083716,0.6185
0.025477190470059696,0.6186
0.030078912275369074,0.6187
0.0350531377780936,0.6188
0.040328409668903165,0.6189
0.04581097568150061,0.619
0.051384443260744206,0.6191
0.056930958204137516,0.6192000000000001
0.06242184752390245,0.6193000000000001
0.06785123504925561,0.6194000000000001
0.07318645983906613,0.6195
0.07839051269568587,0.6196
0.08342650159994458,0.6197
0.08826043405532491,0.6198
0.0928630944050951,0.6199
0.097208162910565,0.62
0.10127065259728618,0.6201
0.10502515082735653,0.6202000000000001
0.10844581775377304,0.6203000000000001
0.11150742456013496,0.6204000000000001
0.11418748021062808,0.6205
0.11646797362272898,0.6206
0.11833632642081704,0.6207
0.1197849565620347,0.6208
0.12081022329998525,0.6209
0.12141119078229312,0.621
0.12158896042036627,0.6211
0.12134637409458693,0.6212
0.12068796630131429,0.6213000000000001
0.11888845210767485,0.6214000000000001
0.11565221860013686,0.6215
0.11221473001541149,0.6216
0.10862994983743945,0.6217
0.10492340790353227,0.6218
0.10111366384760956,0.6219
0.09722275432570471,0.622
0.09327581941043361,0.6221
0.08930223656494973,0.6222
0.08533329189952532,0.6223000000000001
0.08113932286807557,0.6224000000000001
0.07697240346775902,0.6225
0.07288274815273577,0.6226
0.06890243433595777,0.6227
0.06492641872073202,0.6228
0.060889669657651746,0.6229
0.05683239681635577,0.623
0.05276910740156304,0.6231
0.048896719636182695,0.6232
0.04491829770603406,0.6233000000000001
0.04091046466841308,0.6234000000000001
0.03687651158222027,0.6235
0.03287402562708763,0.6236
0.02872095956056797,0.6237
0.024363421662695117,0.6238
0.02005606937834359,0.6239
0.01603014914849399,0.624
0.012467212213191026,0.6241
0.009395137454533131,0.6242
0.006865365876180363,0.6243000000000001
0.005704983639524874,0.6244000000000001
0.0058055015658615705,0.6245
0.005830813251509914,0.6246
0.005777012407920834,0.6247
0.006335773792206734,0.6248
0.007223161613770346,0.6249
0.0087097979945574,0.625
0.011030847617867323,0.6251
0.013886709266584862,0.6252
0.017043630890927863,0.6253000000000001
0.020651653584003338,0.6254000000000001
0.024786352709592174,0.6255000000000001
0.029360852438580443,0.6256
0.03430498680409677,0.6257
0.03952537942304568,0.6258
0.04494537901873863,0.6259
0.05045301021559667,0.626
0.055941441107579815,0.6261
0.06138553804674807,0.6262
0.06678395736679332,0.6263000000000001
0.0721046427609231,0.6264000000000001
0.07731333934489948,0.6265000000000001
0.08237488424651285,0.6266
0.08725730839224377,0.6267
0.09193105666528711,0.6268
0.0963676796867372,0.6269
0.10053773262637855,0.627
0.10441075851105108,0.6271
0.10795616543830733,0.6272
0.1111456276542846,0.6273000000000001
0.11395514966384168,0.6274000000000001
0.11636656507852794,0.6275000000000001
0.11836759733484048,0.6276
0.11995107020450135,0.6277
0.12111366116981515,0.6278
0.12185489833543439,0.6279
0.1221764789173011,0.628
0.12208180581161032,0.6281
0.12157549636756049,0.6282
0.12045551091328466,0.6283000000000001
0.11732673578032926,0.6284000000000001
0.11397281556677918,0.6285000000000001
0.1104560798222215,0.6286
0.10680434598372612,0.6287
0.10303393172229125,0.6288
0.09916653167533052,0.6289
0.0952270353313921,0.629
0.09124613190808484,0.6291
0.08725722932664326,0.6292
0.08314525415910257,0.6293000000000001
0.07894728285617114,0.6294000000000001
0.07481617112477512,0.6295000000000001
0.07078744822813199,0.6296
0.06688949283647705,0.6297
0.0628204770038342,0.6298
0.05887124302609892,0.6299
0.054755311772308524,0.63
0.05081419513326346,0.6301
0.04698842063684938,0.6302
0.04307154077557529,0.6303000000000001
0.03906036278805414,0.6304000000000001
0.03519964032445433,0.6305000000000001
0.03128348106465384,0.6306
0.02733836526641653,0.6307
0.023358728403751083,0.6308
0.01959907033131114,0.6309
0.01623526632506045,0.631
0.013042508325536328,0.6311
0.01005514135113783,0.6312
0.007557587323708148,0.6313000000000001
0.005918169797970219,0.6314000000000001
0.005737239567161767,0.6315000000000001
0.006359624831139499,0.6316
0.006787092967618813,0.6317
0.007130138608502312,0.6318
0.00794432868903372,0.6319
0.009559718601429568,0.632
0.012035488692964558,0.6321
0.015088706424328135,0.6322
0.018449003291714394,0.6323000000000001
0.022262882890145885,0.6324000000000001
0.02659470607947334,0.6325000000000001
0.031354411642865676,0.6326
0.03646657859427371,0.6327
0.04183536698580714,0.6328
0.04738062812089194,0.6329
0.052988546636368206,0.633
0.058550119375241794,0.6331
0.06403981692868055,0.6332
0.06945569963178078,0.6333000000000001
0.0747647156394341,0.6334000000000001
0.07993068102921752,0.6335000000000001
0.08491668226121907,0.6336
0.08968982650160895,0.6337
0.09422165400129023,0.6338
0.09848692836968864,0.6339
0.10246121701437982,0.634
0.10611960528815634,0.6341
0.10943646931821127,0.6342
0.11238704068901606,0.6343
0.114949529827448,0.6344000000000001
0.11710708612181964,0.6345000000000001
0.11884849632562544,0.6346
0.1201676299592851,0.6347
0.12106214162722384,0.6348
0.1215322524802458,0.6349
0.12158008247018814,0.635
0.12120941653323769,0.6351
0.12042557192667502,0.6352
0.11796980062223383,0.6353
0.11466716421212553,0.6354000000000001
0.11118395250209134,0.6355000000000001
0.10756241198371597,0.6356
0.10382332048348075,0.6357
0.09998634223314196,0.6358
0.09607401311968478,0.6359
0.09211320683402224,0.636
0.08813433287455297,0.6361
0.0841013815411471,0.6362
0.07990105795838454,0.6363
0.07575083286783946,0.6364000000000001
0.07168834307888927,0.6365000000000001
0.06774398621761679,0.6366
0.06370858354707176,0.6367
0.05971416972651511,0.6368
0.055599337270336724,0.6369
0.05158758309325928,0.637
0.04773847748861071,0.6371
0.04374012785159498,0.6372
0.03967344583970611,0.6373
0.035707769068549444,0.6374000000000001
0.03166008486093164,0.6375000000000001
0.02737821533711915,0.6376000000000001
0.02309987562787663,0.6377
0.018883850347749753,0.6378
0.015015867362164093,0.6379
0.011582092158205937,0.638
0.008640184666532713,0.6381
0.006256494354925701,0.6382
0.0056475506103301765,0.6383
0.006387062737062799,0.6384000000000001
0.006009345418244161,0.6385000000000001
0.005790312047356361,0.6386000000000001
0.006269405565040742,0.6387
0.007287276267448517,0.6388
0.009025371646929958,0.6389
0.011607888405042122,0.639
0.014696270634796837,0.6391
0.01804204858981362,0.6392
0.021800961461454715,0.6393
0.02605872865637071,0.6394000000000001
0.030736574065720168,0.6395000000000001
0.03576746239473394,0.6396000000000001
0.04105803279011466,0.6397
0.046530110221373544,0.6398
0.052070061318788774,0.6399
0.05757055554107926,0.64
0.06300941804312188,0.6401
0.06838876111601166,0.6402
0.07367874156139531,0.6403
0.07884661018836547,0.6404000000000001
0.08385809881492934,0.6405000000000001
0.08868167277719174,0.6406000000000001
0.09328792562814237,0.6407
0.09764831095127857,0.6408
0.1017330894163343,0.6409
0.10551150855669345,0.641
0.10895305774341923,0.6411
0.1120302887988025,0.6412
0.11472101466757212,0.6413
0.11700951475828114,0.6414000000000001
0.11888595744845332,0.6415000000000001
0.12034501004213005,0.6416000000000001
0.12138432521671316,0.6417
0.1220036990143033,0.6418
0.12220475394231434,0.6419
0.1219907906004305,0.642
0.12136640108439178,0.6421
0.11957687105467463,0.6422
0.1163757045503937,0.6423
0.11296826922746328,0.6424000000000001
0.10940670826988785,0.6425000000000001
0.10571522327028893,0.6426000000000001
0.10191186943415265,0.6427
0.09801903116212018,0.6428
0.09406323184831722,0.6429
0.09007595635736632,0.643
0.08609092229415516,0.6431
0.0819126470201218,0.6432
0.07773062661118291,0.6433
0.07362731890413954,0.6434000000000001
0.06963533568604541,0.6435000000000001
0.06570396470113316,0.6436000000000001
0.061660287494146426,0.6437
0.05766114102200848,0.6438
0.05359141082550556,0.6439
0.04970737634674749,0.644
0.045826405809408444,0.6441
0.04193898770157878,0.6442
0.03790357657936849,0.6443
0.03406955431597791,0.6444000000000001
0.030156914707205384,0.6445000000000001
0.026177646653454234,0.6446000000000001
0.022189957688333317,0.6447
0.018534598061378915,0.6448
0.015299453907123173,0.6449
0.012081060921381725,0.645
0.009218112043870352,0.6451
0.006891238326407478,0.6452
0.0057552821118802555,0.6453
0.0059011354826215,0.6454000000000001
0.006262439101649919,0.6455000000000001
0.006676594401757718,0.6456000000000001
0.007159040220664714,0.6457
0.008199317751113933,0.6458
0.010069738732722433,0.6459
0.0127940002430742,0.646
0.016063896810275313,0.6461
0.01960452359625897,0.6462
0.023565844154868065,0.6463
0.02801734329278327,0.6464000000000001
0.032873310810403344,0.6465000000000001
0.038060094282373,0.6466000000000001
0.043482737583122155,0.6467
0.04906148747115702,0.6468
0.05468249541506065,0.6469
0.060237317705926,0.647
0.06570379975380491,0.6471
0.07108345415603734,0.6472
0.07634525200352638,0.6473
0.08145458269174355,0.6474000000000001
0.08637574382987379,0.6475000000000001
0.09107669553045739,0.6476000000000001
0.09552940348817851,0.6477
0.09970860501938272,0.6478
0.10358952696835877,0.6479
0.10714696523390022,0.648
0.1103554699828897,0.6481
0.1131911892445161,0.6482
0.11563390912677618,0.6483
0.11766863529882565,0.6484
0.11928580270106082,0.6485000000000001
0.1204804277142697,0.6486000000000001
0.12125080250776021,0.6487
0.12159749072329151,0.6488
0.12152287408810869,0.6489
0.12103101726321785,0.649
0.12012750331680921,0.6491
0.11701184006119802,0.6492
0.11364452291464744,0.6493
0.11011706861420989,0.6494
0.10646067126717951,0.6495000000000001
0.10269194378249458,0.6496000000000001
0.0988319851431807,0.6497
0.09490371926492369,0.6498
0.09093542851830216,0.6499
0.08695813666196484,0.65
0.0828581342192185,0.6501
0.07866944292093925,0.6502
0.07454268875585657,0.6503
0.07051310789758147,0.6504
0.06660939414451006,0.6505000000000001
0.06251807056860548,0.6506000000000001
0.05853057980134224,0.6507000000000001
0.05439732387688756,0.6508
0.05043998408575323,0.6509
0.04653592049843658,0.651
0.042598592207071295,0.6511
0.038475594944227254,0.6512
0.034526651632971195,0.6513
0.03044309569922099,0.6514
0.0260782083302864,0.6515000000000001
0.021808238967145455,0.6516000000000001
0.017640421021217545,0.6517000000000001
0.013894764891495992,0.6518
0.010608760318732369,0.6519
0.007836623653947106,0.652
0.005803474358031302,0.6521
0.005647955255866366,0.6522
0.006356767159642063,0.6523
0.005985579431116994,0.6524
0.005866717517264863,0.6525000000000001
0.006422387386445738,0.6526000000000001
0.007736993673841841,0.6527000000000001
0.00987350558840805,0.6528
0.01279963399311046,0.6529
0.01616635299445468,0.653
0.019717108190497656,0.6531
0.023628609564211978,0.6532
0.02799736947356335,0.6533
0.03275531776047713,0.6534
0.03783871853178278,0.6535000000000001
0.043156849649173656,0.6536000000000001
0.04859323970751617,0.6537000000000001
0.054029578272523526,0.6538
0.05943983975485345,0.6539
0.06482080839521254,0.654
0.07014129227378696,0.6541
0.07536594230706783,0.6542
0.08045953006904738,0.6543
0.08538908048862193,0.6544
0.09012517426931566,0.6545000000000001
0.09463949683983175,0.6546000000000001
0.09890328115441771,0.6547000000000001
0.1028859463900843,0.6548
0.1065559732590331,0.6549
0.10988285667097986,0.655
0.1128399943615459,0.6551
0.11540665354067958,0.6552
0.11756868127203846,0.6553
0.11931748413296428,0.6554
0.12064847680056967,0.6555000000000001
0.1215596100160734,0.6556000000000001
0.12205078675905423,0.6557000000000001
0.12212370916618032,0.6558
0.12178187178257216,0.6559
0.12103013361306092,0.656
0.11862994792084858,0.6561
0.11535723884092097,0.6562
0.11189709041687168,0.6563
0.10829200050684706,0.6564
0.10456271359351221,0.6565000000000001
0.10072890016133207,0.6566000000000001
0.09681371498081848,0.6567000000000001
0.09284524703806096,0.6568
0.08885557734307103,0.6569
0.0848347019524206,0.657
0.0806202531352247,0.6571
0.07645635172738463,0.6572
0.07238137469034689,0.6573
0.06842539124057379,0.6574
0.06441851981999835,0.6575000000000001
0.060413602504191255,0.6576000000000001
0.05633750121766634,0.6577000000000001
0.05231631529535119,0.6578
0.048494861315693916,0.6579
0.044538243330582095,0.658
0.04058152544294824,0.6581
0.036621367527391424,0.6582
0.03274554520244255,0.6583
0.028831647650650494,0.6584
0.024848547698858026,0.6585000000000001
0.02095625470384932,0.6586000000000001
0.017431938206389663,0.6587000000000001
0.014244461321593738,0.6588
0.01109827281933673,0.6589
0.008392577735057527,0.659
0.0064879476322576846,0.6591
0.00579820459106295,0.6592
0.005857480804617676,0.6593
0.006037184209309432,0.6594
0.006599962620327249,0.6595000000000001
0.00725930354578419,0.6596000000000001
0.008561399639892553,0.6597000000000001
0.010707320144700772,0.6598
0.013688133169882377,0.6599
0.01717788652854524,0.66
0.020901086207776753,0.6601
0.025012344673790432,0.6602
0.029586179359503362,0.6603
0.03453987537594938,0.6604
0.03980118663835097,0.6605000000000001
0.04527586244805093,0.6606000000000001
0.050847521350086966,0.6607000000000001
0.05639820140866636,0.6608
0.06189822755370966,0.6609
0.067340678585177,0.661
0.07269234975605876,0.6611
0.07791581836269901,0.6612
0.08297387885364094,0.6613
0.08783229325999586,0.6614
0.09246166377332377,0.6615
0.09683556248902836,0.6616000000000001
0.10092896214646285,0.6617000000000001
0.10471644399260904,0.6618
0.10817212863700776,0.6619
0.11127064351952332,0.662
0.11398920762656406,0.6621
0.11630939332075607,0.6622
0.11821814876182712,0.6623
0.11970745079854184,0.6624
0.12077331005519587,0.6625
0.12141454940720342,0.6626000000000001
0.12163211027386045,0.6627000000000001
0.12142872058957555,0.6628000000000001
0.120808820536633,0.6629
0.11919659256500381,0.663
0.11598148455058044,0.6631
0.11255943238243993,0.6632
0.10898732597811489,0.6633
0.1052917364799335,0.6634
0.10149076807449597,0.6635
0.09760630605921916,0.6636000000000001
0.09366309139258122,0.6637000000000001
0.08969033564517359,0.6638000000000001
0.08571927505690058,0.6639
0.08154965155158489,0.664
0.0773774082740939,0.6641
0.0732786302531998,0.6642
0.06928630552744364,0.6643
0.06532976778481403,0.6644
0.06127932783449852,0.6645
0.05724112373917123,0.6646000000000001
0.05316131115946843,0.6647000000000001
0.04926858763379638,0.6648000000000001
0.04530945371758821,0.6649
0.041319967815985015,0.665
0.03726314978374101,0.6651
0.03327266892353831,0.6652
0.02915345975087824,0.6653
0.024773694646850863,0.6654
0.02047678029749722,0.6655
0.016414885909279198,0.6656000000000001
0.012806600751948505,0.6657000000000001
0.009681572049382137,0.6658000000000001
0.007092151004665981,0.6659
0.005695614201922883,0.666
0.005727434610151905,0.6661
0.0059265578083347314,0.6662
0.0057711147328474155,0.6663
0.006256226654373753,0.6664
0.007083527414487145,0.6665
0.008495910210981839,0.6666000000000001
0.010749906634686335,0.6667000000000001
0.013546050146749256,0.6668000000000001
0.016653552198269583,0.6669
0.02022036303286967,0.667
0.02432215841850449,0.6671
0.028870435013439444,0.6672
0.033795163262843486,0.6673
0.039002200676761856,0.6674
0.044414878651621637,0.6675
0.04992089976586844,0.6676000000000001
0.05541330674824563,0.6677000000000001
0.06086585205964812,0.6678000000000001
0.06627624218746797,0.6679
0.07161177107644967,0.668
0.07683775152418804,0.6681
0.08191867382577378,0.6682
0.08682243234446008,0.6683
0.09151949752965516,0.6684
0.09598163221939726,0.6685
0.10017965519306704,0.6686000000000001
0.10408329011443584,0.6687000000000001
0.10766188573191093,0.6688000000000001
0.11088677649838252,0.6689
0.11373341437458151,0.669
0.11618302570424055,0.6691
0.11822281469208396,0.6692
0.11984523631503374,0.6693
0.12104672371147074,0.6694
0.12182662183056225,0.6695
0.12218646859494098,0.6696000000000001
0.12212953337207222,0.6697000000000001
0.12166034948742199,0.6698000000000001
0.12074705511209893,0.6699
0.11764023068475127,0.67
0.11430211689441705,0.6701
0.11079832156490266,0.6702
0.10715790397108804,0.6703
0.10339674123408671,0.6704
0.09953635679251072,0.6705
0.09560114428274213,0.6706000000000001
0.09162153974154919,0.6707000000000001
0.08763089551680048,0.6708000000000001
0.08354070087561649,0.6709
0.07933856276140472,0.671
0.07520005652859485,0.6711
0.07116081780873884,0.6712
0.06724892092176615,0.6713
0.06319425743023044,0.6714
0.05923887780058901,0.6715
0.05511699524584723,0.6716000000000001
0.05115325250794367,0.6717000000000001
0.047332956943432425,0.6718000000000001
0.04339338492700073,0.6719
0.03938472846821606,0.672
0.03549593323947686,0.6721
0.03157511888361486,0.6722
0.027623739304192263,0.6723
0.023631498110095794,0.6724
0.019840741339363976,0.6725
0.01644095896558162,0.6726000000000001
0.013234163402492616,0.6727000000000001
0.010212090948103603,0.6728000000000001
0.0076715572393086795,0.6729
0.005970047982125415,0.673
0.00573345223499544,0.6731
0.006323223983730086,0.6732
0.006703448491685915,0.6733
0.00702950121920165,0.6734
0.007786457196013341,0.6735
0.009340429835960062,0.6736000000000001
0.011757042993374656,0.6737000000000001
0.01497828948958535,0.6738000000000001
0.018658298282505426,0.6739
0.022522330438994542,0.674
0.026733608870153747,0.6741
0.03137591154231756,0.6742
0.03637371276402712,0.6743
0.04165889713672133,0.6744
0.047139371349751436,0.6745
0.05269833447664363,0.6746
0.0582177375563,0.6747000000000001
0.06367175527290991,0.6748000000000001
0.06905746181608496,0.6749
0.07434342907881308,0.675
0.07949350218612816,0.6751
0.08447137681955719,0.6752
0.0892435126202743,0.6753
0.09378104165549384,0.6754
0.09805783099689391,0.6755
0.10204886336706875,0.6756
0.10572847912164118,0.6757000000000001
0.10907050624901848,0.6758000000000001
0.1120495306131204,0.6759000000000001
0.1146432655203945,0.676
0.11683438890625852,0.6761
0.11861138584597186,0.6762
0.11996783322852533,0.6763
0.12090106803753142,0.6764
0.1214108056102331,0.6765
0.12149851430505965,0.6766
0.12116725928909977,0.6767000000000001
0.12042178890359012,0.6768000000000001
0.11823253518795096,0.6769000000000001
0.11495112351112868,0.677
0.11148034809331331,0.6771
0.10786815234635638,0.6772
0.10413795948625348,0.6773
0.10030926016440023,0.6774
0.09640433695481165,0.6775
0.09244909031036685,0.6776
0.08847321313561984,0.6777000000000001
0.08445752151535435,0.6778000000000001
0.08025591169575552,0.6779000000000001
0.0761005390456323,0.678
0.07202960493386668,0.6781
0.06807397676304949,0.6782
0.06404625518289453,0.6783
0.060038313769221086,0.6784
0.05593084943225213,0.6785
0.05190395874631637,0.6786
0.04806451078346674,0.6787000000000001
0.044050640860928025,0.6788000000000001
0.03999927045956242,0.6789000000000001
0.03601795634375926,0.679
0.031988959710213205,0.6791
0.027754439196332026,0.6792
0.023458755577776547,0.6793
0.019131689088470072,0.6794
0.015190194726302675,0.6795
0.011732786130176587,0.6796
0.008783614819471097,0.6797000000000001
0.006391707056245366,0.6798000000000001
0.005661205963252369,0.6799000000000001
0.00620697186770669,0.68
0.00586593843515848,0.6801
0.005766169335385429,0.6802
0.006334412983619586,0.6803
0.00729175843940455,0.6804
0.00890406400101007,0.6805
0.011366884594095295,0.6806
0.014357931222505727,0.6807000000000001
0.01763535993317933,0.6808000000000001
0.021345974559779046,0.6809000000000001
0.025568846263913203,0.681
0.03021939240194249,0.6811
0.035229023466478715,0.6812
0.040504232689921205,0.6813
0.04596771103748831,0.6814
0.051506872358273226,0.6815
0.057014814646058065,0.6816
0.06246680046206676,0.6817000000000001
0.067862406454538,0.6818000000000001
0.07317078936227639,0.6819000000000001
0.07835895028876916,0.682
0.08339278007920514,0.6821
0.08824104677129496,0.6822
0.09287445227782087,0.6823
0.09726434506052595,0.6824
0.10138071131508142,0.6825
0.1051925035155522,0.6826
0.1086689082536556,0.6827000000000001
0.11178211724262244,0.6828000000000001
0.11450944202770652,0.6829000000000001
0.11683456571887851,0.683
0.11874711504234037,0.6831
0.12024145754100257,0.6832
0.12131526010235616,0.6833
0.12196857634380687,0.6834
0.12220335830559481,0.6835
0.12202315554838372,0.6836
0.121432654543979,0.6837000000000001
0.11979622048650973,0.6838000000000001
0.11661734366992571,0.6839000000000001
0.11322787121538747,0.684
0.10968189568357567,0.6841
0.10600420227894924,0.6842
0.10221233609214775,0.6843
0.0983284698248168,0.6844
0.0943787718438297,0.6845
0.09039462063127479,0.6846
0.08640979367172985,0.6847000000000001
0.0822545795193731,0.6848000000000001
0.07806989358969663,0.6849000000000001
0.0739608494526579,0.685
0.0699609439978377,0.6851
0.06604974362442917,0.6852
0.06199743562274895,0.6853
0.058018675972740574,0.6854
0.05393745271673178,0.6855
0.05003766456713543,0.6856
0.046174249967773306,0.6857000000000001
0.04230070996831148,0.6858000000000001
0.03825558191607681,0.6859000000000001
0.034442480590597846,0.686
0.030509624655316925,0.6861
0.02654715104996863,0.6862
0.02256948297461725,0.6863
0.018883301079922532,0.6864
0.015608914557127207,0.6865
0.012414163879837181,0.6866
0.009513266313523783,0.6867000000000001
0.007130647950857494,0.6868000000000001
0.005796168878982932,0.6869000000000001
0.005803571565315968,0.687
0.006272994307494617,0.6871
0.006712378179932754,0.6872
0.007172439317553403,0.6873
0.008141755356444236,0.6874
0.009928973907713301,0.6875
0.012571378670164002,0.6876
0.015770994562307905,0.6877
0.01925464827141865,0.6878000000000001
0.023170780035601135,0.6879000000000001
0.02758655169945845,0.6880000000000001
0.03241419538199719,0.6881
0.037579137094403414,0.6882
0.042985989040300154,0.6883
0.04855488645271633,0.6884
0.054172014594568996,0.6885
0.0597287690703695,0.6886
0.06520195109889548,0.6887
0.07059202090121819,0.6888000000000001
0.07586734643168636,0.6889000000000001
0.0809928511498893,0.6890000000000001
0.08593245561291973,0.6891
0.09065382627302343,0.6892
0.09512875925838227,0.6893
0.09933198717002323,0.6894
0.10323888219212174,0.6895
0.10682442159834948,0.6896
0.11006321771906802,0.6897
0.11293123393828641,0.6898000000000001
0.11540782553747542,0.6899000000000001
0.11747744031095375,0.6900000000000001
0.11913000591863376,0.6901
0.12036019846195856,0.6902
0.12116614821080962,0.6903
0.12154835562012112,0.6904
0.12150915217389235,0.6905
0.12105252351856288,0.6906
0.12018396094887263,0.6907
0.11727680893330295,0.6908000000000001
0.1139290357779017,0.6909000000000001
0.11041490530099751,0.6910000000000001
0.10676912442999409,0.6911
0.10300964092882459,0.6912
0.09915711100927371,0.6913
0.09523435588154561,0.6914
0.09126921572907909,0.6915
0.08729250404193378,0.6916
0.08321025479418642,0.6917
0.0790194975825187,0.6918000000000001
0.07488724202262098,0.6919000000000001
0.07084929693718844,0.6920000000000001
0.06693479158501392,0.6921
0.0628587067350247,0.6922
0.0588861423332514,0.6923
0.05474099785149522,0.6924
0.05076821520788388,0.6925
0.046879824907523515,0.6926
0.042926247563616515,0.6927
0.03881991716625777,0.6928000000000001
0.03488493628903688,0.6929000000000001
0.03081149318363252,0.6930000000000001
0.02645003102625898,0.6931
0.02218304774055646,0.6932
0.017988353572706783,0.6933
0.01420876569368179,0.6934
0.010883144850647453,0.6935
0.008065569146483487,0.6936
0.005868833575737087,0.6937
0.005629859722458663,0.6938000000000001
0.006473012388223953,0.6939000000000001
0.006112594559338991,0.6940000000000001
0.005916643944925637,0.6941
0.0063513300885251756,0.6942
0.0075859855264801546,0.6943
0.009673447145388536,0.6944
0.012556175688403393,0.6945
0.01588610307633087,0.6946
0.019401425349139245,0.6947
0.023280438961393868,0.6948000000000001
0.027619832351230222,0.6949000000000001
0.032353243003155674,0.6950000000000001
0.03741719759855333,0.6951
0.04272128373423145,0.6952
0.048148645410839075,0.6953
0.053580720200466114,0.6954
0.05899071996860639,0.6955
0.06437485421907296,0.6956
0.06970145710797293,0.6957
0.07493487189198245,0.6958000000000001
0.08003961349275357,0.6959000000000001
0.0849826287686718,0.6960000000000001
0.08973456374439093,0.6961
0.09426733851837077,0.6962
0.0985524550996516,0.6963
0.10255950251775547,0.6964
0.10625687082873592,0.6965
0.10961367578155279,0.6966
0.11260273363994744,0.6967
0.11520271496129308,0.6968000000000001
0.11739900504949285,0.6969000000000001
0.11918273069091889,0.6970000000000001
0.12054913942690493,0.6971
0.12149602843194751,0.6972
0.12202310961780327,0.6973
0.12213188137563824,0.6974
0.12182567950929779,0.6975
0.12110928000745624,0.6976
0.11891593266302036,0.6977
0.11566298978875889,0.6978000000000001
0.11221629979159309,0.6979000000000001
0.10862189680981138,0.6980000000000001
0.10490186714295735,0.6981
0.10107541421188826,0.6982
0.09716550238673138,0.6983
0.09319970788543452,0.6984
0.08920987115189871,0.6985
0.08520808321481765,0.6986
0.08099020339238383,0.6987
0.07681936782279797,0.6988000000000001
0.07273470459134457,0.6989000000000001
0.06876682090196773,0.6990000000000001
0.0647754861864599,0.6991
0.06075758498717232,0.6992
0.056697232683965204,0.6993
0.052660778041450085,0.6994
0.0488205254300309,0.6995
0.044881301024255915,0.6996
0.04094201536038877,0.6997
0.036961383155678984,0.6998000000000001
0.03309851289138277,0.6999000000000001
0.02919496937523025,0.7000000000000001
0.025213760534372298,0.7001000000000001
0.021291827255901508,0.7002
0.017731763377975884,0.7003
0.014551568829795913,0.7004
0.01136985114454614,0.7005
0.008617175938764099,0.7006
0.006654820593635868,0.7007
0.005829991275945856,0.7008
0.0058051518455537465,0.7009000000000001
0.006044731384095892,0.7010000000000001
0.006597477329872703,0.7011000000000001
0.007223684450243351,0.7012
0.008454514868565743,0.7013
0.01052254645428552,0.7014
0.013429424727677608,0.7015
0.016856286486235605,0.7016
0.020528251792510277,0.7017
0.024598509275322478,0.7018
0.029139865543538868,0.7019000000000001
0.034068222222092936,0.7020000000000001
0.039310697426414354,0.7021000000000001
0.044772670762790234,0.7022
0.05033788883039669,0.7023
0.05588832021747536,0.7024
0.061393277660080514,0.7025
0.06684474283504482,0.7026
0.07220891675626273,0.7027
0.07744790909323018,0.7028
0.08252414804793395,0.7029000000000001
0.08740309956656556,0.7030000000000001
0.09205514888681221,0.7031000000000001
0.09645375906719145,0.7032
0.10057390574170544,0.7033
0.10439024330214153,0.7034
0.10787693557717637,0.7035
0.11100851571620407,0.7036
0.11376190610477532,0.7037
0.11611821241848808,0.7038
0.11806385207366854,0.7039000000000001
0.11959033634946603,0.7040000000000001
0.12069334964958,0.7041000000000001
0.12137152905212689,0.7042
0.12162571473461736,0.7043
0.12145856267522115,0.7044
0.12087444192866936,0.7045
0.11946862631235666,0.7046
0.11627354034225823,0.7047
0.11286556331660658,0.7048
0.10930487675050693,0.7049000000000001
0.10561925454978582,0.7050000000000001
0.10182632446321449,0.7051000000000001
0.0979478294456897,0.7052
0.09400807196445327,0.7053
0.09003606888902738,0.7054
0.08606297687741837,0.7055
0.08191258949692615,0.7056
0.07773527461921426,0.7057
0.07362795502210617,0.7058
0.06962439110202612,0.7059000000000001
0.06568240759255117,0.7060000000000001
0.06161933500724048,0.7061000000000001
0.05759595140401652,0.7062
0.05350147733816679,0.7063
0.04959082137547277,0.7064
0.04564796879267008,0.7065
0.04167456643520406,0.7066
0.03759800888535114,0.7067
0.03361857308379701,0.7068
0.02950810174719587,0.7069000000000001
0.02513104304776137,0.7070000000000001
0.02084008201648091,0.7071000000000001
0.016747841200381863,0.7072
0.013100395852083446,0.7073
0.009929569196529098,0.7074
0.007288268223759831,0.7075
0.005717122303224409,0.7076
0.005691882857862707,0.7077
0.006023602262361205,0.7078
0.005781849755487345,0.7079000000000001
0.00602872345247607,0.7080000000000001
0.006678492178130213,0.7081000000000001
0.00799741284310218,0.7082
0.010187460383166203,0.7083
0.013166991556306629,0.7084
0.01661454634596171,0.7085
0.020251139381775918,0.7086
0.024250150942449533,0.7087
0.02869858495799904,0.7088
0.03352761055539144,0.7089000000000001
0.038671264823964435,0.7090000000000001
0.0440401132870607,0.7091000000000001
0.04951819294230053,0.7092
0.054988642676889965,0.7093
0.06042375011409051,0.7094
0.06581939881700671,0.7095
0.07114451745222139,0.7096
0.07636466453991897,0.7097
0.08144533414444499,0.7098
0.08635420905705549,0.7099000000000001
0.09106183609388185,0.7100000000000001
0.09553951841229236,0.7101000000000001
0.09975780860423633,0.7102
0.10368578091819436,0.7103
0.10729212773877428,0.7104
0.11054733913617754,0.7105
0.1134262802505811,0.7106
0.11590985727870928,0.7107
0.11798535795863407,0.7108
0.11964540004954605,0.7109000000000001
0.12088642746147416,0.7110000000000001
0.12170736793259529,0.7111000000000001
0.12210899174962553,0.7112
0.12209365058042831,0.7113
0.12166514071186219,0.7114
0.12082830776202114,0.7115
0.11790518679453266,0.7116
0.11458521440984637,0.7117
0.11109346457115765,0.7118
0.10746340226164863,0.7119000000000001
0.10371245976063093,0.7120000000000001
0.09986165748853248,0.7121000000000001
0.09593475583129185,0.7122
0.09196124873818468,0.7123
0.08797390193247767,0.7124
0.08390678640626548,0.7125
0.07970436414892546,0.7126
0.07556173662183929,0.7127
0.07151525950474458,0.7128
0.06759349078223631,0.7129000000000001
0.06355647086706517,0.7130000000000001
0.059589012803766606,0.7131000000000001
0.05548361526110934,0.7132000000000001
0.051504667698131223,0.7133
0.0477001700842421,0.7134
0.043743328027608275,0.7135
0.03975256001610106,0.7136
0.03584506678712773,0.7137
0.031942025300539134,0.7138
0.028006280035301145,0.7139
0.02402063568213797,0.7140000000000001
0.020202086620128457,0.7141000000000001
0.016766749838909467,0.7142000000000001
0.013562158755926701,0.7143
0.010504349036702054,0.7144
0.007915957495735038,0.7145
0.006154389870919985,0.7146
0.0057563126217077265,0.7147
0.006128998018824161,0.7148
0.0064156163701918345,0.7149
0.00690875811268854,0.7150000000000001
0.00760554639266986,0.7151000000000001
0.009079724262395672,0.7152000000000001
0.011410657968879523,0.7153
0.014558904265112194,0.7154
0.018183347182969767,0.7155
0.022008318494137313,0.7156
0.02619349665250903,0.7157
0.030819128514925742,0.7158
0.03580710161802392,0.7159
0.0410878840277733,0.7160000000000001
0.04656874215760287,0.7161000000000001
0.0521331603855022,0.7162000000000001
0.05766326232875563,0.7163
0.0631320267470501,0.7164
0.06853526316472613,0.7165
0.07384102871215537,0.7166
0.0790128138268722,0.7167
0.08401407999670207,0.7168
0.08881111770624284,0.7169
0.09337494184779715,0.7170000000000001
0.09767937847560026,0.7171000000000001
0.10169947054382822,0.7172000000000001
0.10540972049671382,0.7173
0.10878415895020466,0.7174
0.11179750425081136,0.7175
0.11442741265572809,0.7176
0.11665626604991586,0.7177
0.11847206493786189,0.7178
0.1198678487032303,0.7179
0.1208405006556933,0.7180000000000001
0.12138943981490025,0.7181000000000001
0.12151597629778266,0.7182000000000001
0.12122308678404958,0.7183
0.12051543526048825,0.7184
0.11850412563973867,0.7185
0.11524316723846761,0.7186
0.11178759666783,0.7187
0.10818811651514171,0.7188
0.10446911696118699,0.7189
0.10064965435615725,0.7190000000000001
0.09675188653938094,0.7191000000000001
0.09280134342917046,0.7192000000000001
0.08882754558725803,0.7193
0.08483627701472629,0.7194
0.08063429697323132,0.7195
0.07647486109200008,0.7196
0.07239680014877259,0.7197
0.06843141985458612,0.7198
0.06442606791531713,0.7199
0.060406618686963065,0.7200000000000001
0.05632112012042545,0.7201000000000001
0.052279616626279335,0.7202000000000001
0.04843418037622893,0.7203
0.04442936171643863,0.7204
0.040397866698320684,0.7205
0.03639523624573204,0.7206
0.03237993984503862,0.7207
0.02818378017390888,0.7208
0.023863326957450637,0.7209
0.01954574359408867,0.7210000000000001
0.015569512294902665,0.7211000000000001
0.012068002219623564,0.7212000000000001
0.009066839865394583,0.7213
0.006615969530230359,0.7214
0.005681504624905465,0.7215
0.005942623441647976,0.7216
0.0058440071410528205,0.7217
0.005783890842264716,0.7218
0.006379234855457883,0.7219
0.007338115528842559,0.7220000000000001
0.008923820155754214,0.7221000000000001
0.011341252029415827,0.7222000000000001
0.01428436093131591,0.7223
0.017513601157908232,0.7224
0.021181405657171304,0.7225
0.025364497974469158,0.7226
0.02997838852763368,0.7227
0.03495339770723138,0.7228
0.04019674339110746,0.7229
0.0456316729660553,0.7230000000000001
0.0511462778537175,0.7231000000000001
0.056633853546961266,0.7232000000000001
0.0620705029180999,0.7233
0.06745610527339752,0.7234
0.07275948957887557,0.7235
0.07794705550625336,0.7236
0.08298414211162075,0.7237
0.08783903249977087,0.7238
0.09248221714555849,0.7239
0.09688507629368326,0.7240000000000001
0.10101791592041576,0.7241000000000001
0.10485010041147813,0.7242000000000001
0.10835111979307677,0.7243
0.11149307008743159,0.7244
0.11425267758292013,0.7245
0.11661262194402766,0.7246
0.11856140059612064,0.7247
0.1200924051131077,0.7248
0.12120266219026732,0.7249
0.1218918989062664,0.7250000000000001
0.12216194427958982,0.7251000000000001
0.12201630679554476,0.7252000000000001
0.12145968214538905,0.7253000000000001
0.12006176721237827,0.7254
0.11690407973954942,0.7255
0.11352949186587447,0.7256
0.10999593488068371,0.7257
0.1063295816397668,0.7258
0.10254735844530005,0.7259
0.09867117378654977,0.7260000000000001
0.09472655034901001,0.7261000000000001
0.09074448924022727,0.7262000000000001
0.086758530028472,0.7263000000000001
0.08261884025754429,0.7264
0.07842841095843811,0.7265
0.07430973014302888,0.7266
0.07029712808753963,0.7267
0.06639231392150424,0.7268
0.062325631224332656,0.7269
0.058353249449868416,0.727
0.05425745085642286,0.7271000000000001
0.05034130418784355,0.7272000000000001
0.04649047314820853,0.7273000000000001
0.042599993990169116,0.7274
0.03856338086443212,0.7275
0.0347341514418964,0.7276
0.030797283267895326,0.7277
0.02683637760047919,0.7278
0.022853548179036176,0.7279
0.01914011640174551,0.728
0.015832635577841092,0.7281000000000001
0.0126267090778307,0.7282000000000001
0.009693855912521698,0.7283000000000001
0.007270526872680261,0.7284
0.0058239560213260155,0.7285
0.005771096838119938,0.7286
0.006313432701009258,0.7287
0.006751797641783908,0.7288
0.007149707339528133,0.7289
0.008060841177876421,0.729
0.009785138878419586,0.7291000000000001
0.012367204209748683,0.7292000000000001
0.015513304536728167,0.7293000000000001
0.01895088182105531,0.7294
0.022827745505044295,0.7295
0.027210398999759855,0.7296
0.032010637270633246,0.7297
0.03715387215059329,0.7298
0.042544680570656634,0.7299
0.0481031172150399,0.73
0.05371534097762343,0.7301000000000001
0.059272593336797685,0.7302000000000001
0.06475084894527117,0.7303000000000001
0.0701497234759676,0.7304
0.07543708430812557,0.7305
0.0805774578434908,0.7306
0.08553445899879886,0.7307
0.09027554728241849,0.7308
0.09477242328731439,0.7309
0.09899982389140038,0.731
0.10293317176140171,0.7311000000000001
0.1065474423016689,0.7312000000000001
0.10981710224493879,0.7313000000000001
0.11271778064064741,0.7314
0.11522835378148344,0.7315
0.11733274945788918,0.7316
0.11902044921469235,0.7317
0.12028581592474519,0.7318
0.1211267922948599,0.7319
0.12154376489238705,0.732
0.1215389796254599,0.7321000000000001
0.12111634628652934,0.7322000000000001
0.12028129575617763,0.7323000000000001
0.11755538961804435,0.7324
0.11422610303512071,0.7325
0.11072476159796374,0.7326
0.10708909612389506,0.7327
0.1033381744618106,0.7328
0.09949222616001985,0.7329
0.09557393407526771,0.733
0.09161073678971854,0.7331000000000001
0.08763328728992248,0.7332000000000001
0.08357076233113947,0.7333000000000001
0.07937608584345968,0.7334
0.07523651915211282,0.7335
0.07118862106271573,0.7336
0.06726203331122294,0.7337
0.06320139043925022,0.7338
0.05922636761298339,0.7339
0.05508555056644582,0.734
0.051096617780432174,0.7341000000000001
0.04722278093541421,0.7342000000000001
0.04325121021111933,0.7343000000000001
0.03916000804744324,0.7344
0.03522598063308369,0.7345
0.03115826952441858,0.7346
0.02681756928536183,0.7347
0.022561900442411353,0.7348
0.018339551759175343,0.7349
0.014523296804849206,0.735
0.011154961119158369,0.7351000000000001
0.00828931276435374,0.7352000000000001
0.0059912368118775206,0.7353000000000001
0.005629043202391992,0.7354
0.006537544016213426,0.7355
0.006123065909562575,0.7356
0.0058791041884760364,0.7357
0.006264686223286464,0.7358
0.007413960230135741,0.7359
0.009404929031462839,0.736
0.012207948254056022,0.7361000000000001
0.015473960127645903,0.7362000000000001
0.018940784884264872,0.7363000000000001
0.022782535482537947,0.7364
0.027094202223390873,0.7365
0.031807863324173846,0.7366
0.036859536635986734,0.7367
0.04215817491400142,0.7368
0.047625347790124284,0.7369
0.05314693680591209,0.737
0.058615252885665825,0.7371000000000001
0.06401271710017542,0.7372000000000001
0.0693456585093577,0.7373000000000001
0.07458620538424232,0.7374
0.07970261711439364,0.7375
0.08466124458011393,0.7376
0.08943071975557204,0.7377
0.09398169048525629,0.7378
0.09828543544555768,0.7379
0.10231200593546808,0.738
0.10603043098476495,0.7381000000000001
0.10941019691638953,0.7382000000000001
0.11242412896470566,0.7383000000000001
0.11505063026428575,0.7384000000000001
0.11727469845348237,0.7385
0.11908713195051723,0.7386
0.12048291788122245,0.7387
0.12145969106079513,0.7388
0.12201700487874745,0.7389
0.12215623106232398,0.739
0.12188056435836903,0.7391000000000001
0.12119469010839334,0.7392000000000001
0.1191431843991847,0.7393000000000001
0.11591025314199555,0.7394000000000001
0.11247930998210731,0.7395
0.1088986260460123,0.7396
0.10519096716512899,0.7397
0.10137489737210781,0.7398
0.09747286414685685,0.7399
0.09351182117790824,0.74
0.08952339794254371,0.7401
0.08554131479091398,0.7402000000000001
0.08132295934885259,0.7403000000000001
0.07714684879291889,0.7404000000000001
0.07305466854374454,0.7405
0.06907759133954439,0.7406
0.06510451672178341,0.7407
0.06107647258502513,0.7408
0.05703263291437244,0.7409
0.052982887039660254,0.741
0.04912560897990148,0.7411
0.04519992151341734,0.7412000000000001
0.041271361675538465,0.7413000000000001
0.03726984485316298,0.7414000000000001
0.0334107702487878,0.7415
0.029507489263483455,0.7416
0.02551841302308433,0.7417
0.02156762018272307,0.7418
0.017974410605816393,0.7419
0.014786375128478912,0.742
0.011572398957657715,0.7421
0.008780368726977406,0.7422000000000001
0.006549513655565109,0.7423000000000001
0.005713701139098859,0.7424000000000001
0.00603108948266029,0.7425
0.00618645218554148,0.7426
0.006569500625881908,0.7427
0.0071611688878661095,0.7428
0.008325211545809896,0.7429
0.010332278119302485,0.743
0.013186567298524077,0.7431
0.016568225646699464,0.7432000000000001
0.02020125717516974,0.7433000000000001
0.024238063945856814,0.7434000000000001
0.028750959265565257,0.7435
0.03365638596527054,0.7436
0.03888142917083126,0.7437
0.044331558437987084,0.7438
0.04989046480350612,0.7439
0.05544002292692185,0.744
0.06094853118696186,0.7441
0.06640704279212228,0.7442000000000001
0.07178127172661264,0.7443000000000001
0.07703298338789533,0.7444000000000001
0.08212433103105887,0.7445
0.08702060182030014,0.7446
0.09169214260959024,0.7447
0.09611253191753666,0.7448
0.10025694846072142,0.7449
0.10410015564708985,0.745
0.10761617747270635,0.7451
0.11077908902570954,0.7452000000000001
0.11356516464012367,0.7453000000000001
0.11595487997035214,0.7454000000000001
0.11793423714553763,0.7455
0.11949457691306642,0.7456
0.12063156688801158,0.7457
0.12134383297017737,0.7458
0.12163214273464074,0.7459
0.12149902958908099,0.746
0.1209487551979701,0.7461
0.11972859767364796,0.7462000000000001
0.11655232368106405,0.7463000000000001
0.11315751446234479,0.7464000000000001
0.10960733817137425,0.7465
0.10593071724400549,0.7466
0.10214491507503953,0.7467
0.09827157482085769,0.7468
0.0943346166335095,0.7469
0.0903628893817906,0.747
0.0863874977803808,0.7471
0.0822550556732079,0.7472000000000001
0.07807284610842558,0.7473000000000001
0.07395761082838903,0.7474000000000001
0.06994389232870013,0.7475
0.06601790557636278,0.7476
0.061944036137526415,0.7477
0.0579380230376183,0.7478
0.05383108772596801,0.7479
0.04990473385372063,0.748
0.04598139982592042,0.7481
0.042027505996473424,0.7482000000000001
0.03793304054748203,0.7483000000000001
0.033968157090571216,0.7484000000000001
0.029870321087190677,0.7485
0.025500977297790772,0.7486
0.02122720280928858,0.7487
0.017105949909796747,0.7488
0.013419387253098769,0.7489
0.01020237903439547,0.749
0.00750887315084503,0.7491
0.0057465205088254034,0.7492000000000001
0.005660054390599578,0.7493000000000001
0.006157757612214709,0.7494000000000001
0.0058331193282030736,0.7495
0.005888834033904944,0.7496
0.006501586615199617,0.7497
0.007836724522530147,0.7498
0.010022115793436148,0.7499
0.013000111336266551,0.75
0.016430215540407467,0.7501
0.020044610392965234,0.7502000000000001
0.024018127558482316,0.7503000000000001
0.028443223019018138,0.7504000000000001
0.033251526826201694,0.7505000000000001
0.03837827935496785,0.7506
0.04373315998061722,0.7507
0.04919983857411925,0.7508
0.054660585649302984,0.7509
0.06008855730847362,0.751
0.06548016881425989,0.7511
0.07080446922912342,0.7512000000000001
0.07602673262462345,0.7513000000000001
0.08111226100664282,0.7514000000000001
0.08602852046866738,0.7515000000000001
0.09074613520509234,0.7516
0.09523659474617219,0.7517
0.09947075894262025,0.7518
0.10341785256832625,0.7519
0.10704650680296579,0.752
0.11032684902531531,0.7521
0.11323322755799037,0.7522000000000001
0.11574598176348261,0.7523000000000001
0.1178519153473866,0.7524000000000001
0.11954322342951429,0.7525000000000001
0.12081595711861204,0.7526
0.12166862835984071,0.7527
0.12210161417551202,0.7528
0.12211696064159216,0.7529
0.1217183159611459,0.753
0.12091052442356554,0.7531
0.1181599115264903,0.7532
0.1148560589735712,0.7533000000000001
0.1113752012529774,0.7534000000000001
0.10775383845138531,0.7535000000000001
0.10401051008515438,0.7536
0.10016577096179868,0.7537
0.0962431410490181,0.7538
0.09227160167297499,0.7539
0.08828364559055646,0.754
0.08423404332947837,0.7541
0.08002739981640006,0.7542
0.07587715891361979,0.7543000000000001
0.07182040403966161,0.7544000000000001
0.06788623240091196,0.7545000000000001
0.06385909684796465,0.7546
0.05987763661793721,0.7547
0.05578048893639842,0.7548
0.0517854340752375,0.7549
0.0479877121920953,0.755
0.044012858085117346,0.7551
0.04002898542014477,0.7552
0.036101430923295874,0.7553000000000001
0.03220380040303894,0.7554000000000001
0.0282716877038236,0.7555000000000001
0.024283542712696393,0.7556
0.020438675193070965,0.7557
0.016971975050021904,0.7558
0.013769908298443267,0.7559
0.010680909120690973,0.756
0.008051829127748267,0.7561
0.006241329947675567,0.7562
0.005763389977963218,0.7563000000000001
0.006039438541039388,0.7564000000000001
0.006264531780181937,0.7565000000000001
0.006809413032537126,0.7566
0.007454807933723995,0.7567
0.00886726317288744,0.7568
0.011135135273674823,0.7569
0.014229460927500215,0.757
0.017811610186809324,0.7571
0.021605194837195363,0.7572
0.02576789616881703,0.7573000000000001
0.03037809802161595,0.7574000000000001
0.03535636155193811,0.7575000000000001
0.04063235992507175,0.7576
0.04611290876155394,0.7577
0.0516815461032738,0.7578
0.05722036532673824,0.7579
0.06270142120124267,0.758
0.06811958693836262,0.7581
0.07344250301887267,0.7582
0.07863336534680843,0.7583000000000001
0.08365542718142704,0.7584000000000001
0.08847482029860332,0.7585000000000001
0.09306243964965233,0.7586
0.0973920359615783,0.7587
0.10143862155384731,0.7588
0.10517669767199633,0.7589
0.10858028506520245,0.759
0.11162403454744374,0.7591
0.11428543835206917,0.7592
0.1165466160021098,0.7593000000000001
0.11839524536717361,0.7594000000000001
0.11982404612488162,0.7595000000000001
0.12082963755250764,0.7596
0.12141125142613951,0.7597
0.12157007169979328,0.7598
0.12130897878778546,0.7599
0.12063254348581809,0.76
0.11876128444718981,0.7601
0.11551632855667693,0.7602
0.11207225706806823,0.7603000000000001
0.10848197417345262,0.7604000000000001
0.10477067142881602,0.7605000000000001
0.10095710414836767,0.7606
0.09706336350249145,0.7607
0.09311472494621253,0.7608
0.08914061831843345,0.7609
0.08516968734361041,0.761
0.08096516740518744,0.7611
0.07680019491880496,0.7612
0.07271421242007226,0.7613000000000001
0.06873891921284081,0.7614000000000001
0.06475167189869224,0.7615000000000001
0.06072093165666903,0.7616
0.05665315289609474,0.7617
0.05259766165919788,0.7618
0.0487349635057408,0.7619
0.04474765508788181,0.762
0.040732618658695596,0.7621
0.03671041984203094,0.7622
0.03270570415172802,0.7623000000000001
0.02854284738168289,0.7624000000000001
0.024199865694387368,0.7625000000000001
0.01989443117698797,0.7626000000000001
0.01588708514555881,0.7627
0.012346063354953696,0.7628
0.009298760129548889,0.7629
0.006796290902308044,0.763
0.005699026527501205,0.7631
0.005830758346407006,0.7632
0.005825748508893502,0.7633000000000001
0.00578120123111403,0.7634000000000001
0.006351618425337158,0.7635000000000001
0.00726807484714076,0.7636000000000001
0.008796311156732628,0.7637
0.011156761496720957,0.7638
0.014047446852137435,0.7639
0.01723260390847825,0.764
0.020863608964006186,0.7641
0.025016712969329058,0.7642
0.02960606359948259,0.7643000000000001
0.03456168976104368,0.7644000000000001
0.03979044392220721,0.7645000000000001
0.0452156375696815,0.7646000000000001
0.05072530603753456,0.7647
0.056212661595931745,0.7648
0.061653159820693415,0.7649
0.06704601535665045,0.765
0.07235950750667919,0.7651
0.07755959729979678,0.7652
0.08261127005992064,0.7653000000000001
0.08748261766164733,0.7654000000000001
0.09214409175037774,0.7655000000000001
0.09656719772723643,0.7656000000000001
0.10072244423346977,0.7657
0.10457936863911999,0.7658
0.10810746352302347,0.7659
0.11127858473212893,0.766
0.11406898927987363,0.7661
0.1164607739794351,0.7662
0.11844188158972968,0.7663000000000001
0.1200052817924313,0.7664000000000001
0.12114773246059674,0.7665000000000001
0.12186880394964617,0.7666000000000001
0.1221702249589457,0.7667
0.12205543164161048,0.7668
0.12152907679058789,0.7669
0.12030180159053794,0.767
0.1171615571528507,0.7671
0.11379939549224005,0.7672
0.11027596384066218,0.7673
0.1066184476564358,0.7674000000000001
0.10284338899071555,0.7675000000000001
0.0989725480958501,0.7676000000000001
0.09503103334370167,0.7677
0.09104962402246786,0.7678
0.08706174682411238,0.7679
0.08293888840843022,0.768
0.07874342639542242,0.7681
0.07461658579865393,0.7682
0.07059344909485032,0.7683
0.06670024750544934,0.7684000000000001
0.06262179970119175,0.7685000000000001
0.05866078903133132,0.7686000000000001
0.054551548844222086,0.7687
0.05061922754455561,0.7688
0.04678043745361671,0.7689
0.0428727568540066,0.769
0.03884790184216724,0.7691
0.03499833288171672,0.7692
0.031070123319651977,0.7693
0.027114905900756936,0.7694000000000001
0.023130301812215315,0.7695000000000001
0.019388131208082582,0.7696000000000001
0.016046215185093082,0.7697
0.012842654877259774,0.7698
0.009876453893764792,0.7699
0.0074091109933158705,0.77
0.005856991955182966,0.7701
0.005748194529099582,0.7702
0.006350981612675666,0.7703
0.006781514641564179,0.7704000000000001
0.007124521351638657,0.7705000000000001
0.007977804463504157,0.7706000000000001
0.009639474558036598,0.7707
0.01216162915597363,0.7708
0.015255198605613307,0.7709
0.01864836647552348,0.771
0.022488221593617075,0.7711
0.02684038071932182,0.7712
0.03161595550221197,0.7713
0.036740143039996065,0.7714000000000001
0.04211739034514306,0.7715000000000001
0.0476676446202664,0.7716000000000001
0.05327702224334829,0.7717
0.058836573759543986,0.7718
0.0643214262791203,0.7719
0.06973033275200657,0.772
0.07503064052799058,0.7721
0.08018647609499918,0.7722
0.0851611582355909,0.7723
0.08992195069513154,0.7724000000000001
0.09444046251140681,0.7725000000000001
0.09869143116271917,0.7726000000000001
0.10265032514477734,0.7727
0.10629212403699184,0.7728
0.10959117443547661,0.7729
0.1125228193735831,0.773
0.11506552222234712,0.7731
0.11720276446408884,0.7732
0.11892365012462092,0.7733
0.12022228249276323,0.7734000000000001
0.1210964499929077,0.7735000000000001
0.12154643855550651,0.7736000000000001
0.12157440536140895,0.7737
0.12118417037751461,0.7738
0.12038108480660392,0.7739
0.11782210620319522,0.774
0.11450954507242916,0.7741
0.11101956963717063,0.7742
0.1073927187978152,0.7743
0.1036491293331322,0.7744000000000001
0.09980868659630893,0.7745000000000001
0.09589398528794746,0.7746000000000001
0.09193212122037098,0.7747
0.08795360949031805,0.7748
0.0839095066420904,0.7749
0.07971113044608891,0.775
0.07556477467044387,0.7751
0.07150768188974721,0.7752
0.0675699628763341,0.7753
0.06352544461969079,0.7754000000000001
0.059538347586225226,0.7755000000000001
0.055414297132868606,0.7756000000000001
0.051411182382712806,0.7757000000000001
0.04755377988113829,0.7758
0.04356562856513024,0.7759
0.039491196088975444,0.776
0.035537703632674056,0.7761
0.0314846269753688,0.7762
0.027185735478686857,0.7763
0.022921281026752283,0.7764000000000001
0.018703600683989574,0.7765000000000001
0.014854448493262451,0.7766000000000001
0.01144410996843348,0.7767000000000001
0.00852941717905309,0.7768
0.006176161908536093,0.7769
0.005642312345570444,0.777
0.006483119281790017,0.7771
0.006048272628002005,0.7772
0.005812012173216141,0.7773
0.006250864192850258,0.7774000000000001
0.007309717956881068,0.7775000000000001
0.009134421841542784,0.7776000000000001
0.011795230095970277,0.7777000000000001
0.014947945516879502,0.7778
0.018338374611437613,0.7779
0.022128488159653514,0.778
0.026407469487034874,0.7781
0.031100513325328594,0.7782
0.036141674613299646,0.7783
0.04143826817924645,0.7784000000000001
0.04691185632939465,0.7785000000000001
0.05244851429884112,0.7786000000000001
0.05794070847319377,0.7787000000000001
0.06336773151222541,0.7788
0.0687330808673795,0.7789
0.0740076011194426,0.779
0.07915891475534675,0.7791
0.08415299530360765,0.7792
0.08895838939937684,0.7793
0.09354572323612631,0.7794000000000001
0.09788639264259369,0.7795000000000001
0.10195058250298472,0.7796000000000001
0.10570746581921642,0.7797000000000001
0.10912655011704209,0.7798
0.11218052655168076,0.7799
0.11484747954999452,0.78
0.11711201189835518,0.7801
0.11896457394657989,0.7802
0.12039998267166352,0.7803
0.12141589587860868,0.7804
0.12201201587427646,0.7805000000000001
0.12218985840916552,0.7806000000000001
0.12195266548634609,0.7807000000000001
0.1213050414258634,0.7808
0.11940836765906282,0.7809
0.11619463305602762,0.781
0.11277792914796714,0.7811
0.10920882068861293,0.7812
0.10551092827718023,0.7813
0.10170252577605621,0.7814
0.09780602790573167,0.7815000000000001
0.0938481349766499,0.7816000000000001
0.08986038745367053,0.7817000000000001
0.08587649826395138,0.7818
0.08168396854130389,0.7819
0.07750435907281295,0.782
0.0734054155995566,0.7821
0.06941920354684183,0.7822
0.06547291000506272,0.7823
0.0614351344185855,0.7824
0.057419509949623526,0.7825000000000001
0.053356958741897165,0.7826000000000001
0.04948253232016264,0.7827000000000001
0.0455837857783612,0.7828
0.0416792077668271,0.7829
0.03765557616334414,0.783
0.033809465755155976,0.7831
0.02991247183034873,0.7832
0.025918676408827945,0.7833
0.021932689499796876,0.7834
0.018298654440393136,0.7835000000000001
0.015089741077709329,0.7836000000000001
0.01185874392909847,0.7837000000000001
0.009020549196442795,0.7838
0.0067301929365604085,0.7839
0.005732725373771119,0.784
0.005873510965571427,0.7841
0.005993250208924161,0.7842
0.0063550056805481425,0.7843
0.007017122940275788,0.7844
0.008115366549907632,0.7845000000000001
0.010044514900682255,0.7846000000000001
0.012822158227441038,0.7847000000000001
0.01614080129427453,0.7848
0.01972608300878398,0.7849
0.023728607027184045,0.785
0.028217743015374053,0.7851
0.03310719269807061,0.7852
0.03832240518711161,0.7853
0.043767992375106424,0.7854
0.0493640842834282,0.7855000000000001
0.05499703864749317,0.7856000000000001
0.060558760433441106,0.7857000000000001
0.06602782382891093,0.7858
0.07140645533893486,0.7859
0.07666416969894585,0.786
0.08176680917468315,0.7861
0.08667904835150442,0.7862
0.09136911004896986,0.7863
0.09580907033726371,0.7864
0.0999736290317984,0.7865000000000001
0.10383790370243329,0.7866000000000001
0.10737666120523581,0.7867000000000001
0.11056463239197811,0.7868
0.11337839716640263,0.7869
0.11579831522162187,0.787
0.1178099250554121,0.7871
0.11940399253954326,0.7872
0.12057563381622327,0.7873
0.12132309423722432,0.7874
0.12164687507690575,0.7875000000000001
0.1215493514573246,0.7876000000000001
0.12103463095188727,0.7877000000000001
0.11999325630404034,0.7878000000000001
0.11683923035655519,0.7879
0.11346146144278635,0.788
0.10992594415715862,0.7881
0.1062625828418251,0.7882
0.10248807532890136,0.7883
0.09862364314947003,0.7884
0.09469251092246522,0.7885000000000001
0.09072314845660556,0.7886000000000001
0.08674659788649297,0.7887000000000001
0.08263728686077954,0.7888000000000001
0.07845038756329148,0.7889
0.07432696638978098,0.789
0.07030258236754594,0.7891
0.0663965716481697,0.7892
0.06231107198982244,0.7893
0.05832455261774827,0.7894
0.05420360165629412,0.7895000000000001
0.05025963335659389,0.7896000000000001
0.046356674568652334,0.7897000000000001
0.04242184613828037,0.7898000000000001
0.0383071369853496,0.7899
0.034355365344544087,0.79
0.030268022473975087,0.7901
0.025902842677211435,0.7902
0.021639814794057743,0.7903
0.017486443869781043,0.7904
0.01375813090976008,0.7905000000000001
0.010492407887073396,0.7906000000000001
0.007743962816531669,0.7907000000000001
0.005785610548601605,0.7908000000000001
0.0056331279647443555,0.7909
0.006298039813181999,0.791
0.0059199787115700175,0.7911
0.005848854884004773,0.7912
0.006456448044988461,0.7913
0.007791068006467006,0.7914
0.009935106808359073,0.7915000000000001
0.012871724154165154,0.7916000000000001
0.016251819445204374,0.7917000000000001
0.019819480749686536,0.7918000000000001
0.02374903681330931,0.7919
0.0281358628045274,0.792
0.03291056886462629,0.7921
0.03800900480244973,0.7922
0.04334013257650793,0.7923
0.048787737510114226,0.7924
0.05423361294598217,0.7925000000000001
0.05965137501971429,0.7926000000000001
0.06503741903382165,0.7927000000000001
0.07036058227794573,0.7928000000000001
0.07558561361285321,0.7929
0.08067744338107052,0.793
0.08560321029412588,0.7931
0.09033353980477765,0.7932
0.09484007929566896,0.7933
0.09909399855113765,0.7934
0.10306469768411963,0.7935
0.10672075420611937,0.7936000000000001
0.11003189036208993,0.7937000000000001
0.1129718203908765,0.7938000000000001
0.11552014053920912,0.7939
0.11766298017031629,0.794
0.1193919702183599,0.7941
0.12070271853061776,0.7942
0.12159336758206529,0.7943
0.12206400924436933,0.7944
0.1221165034154662,0.7945
0.1217544387843219,0.7946000000000001
0.12098269928877026,0.7947000000000001
0.11845046797051484,0.7948000000000001
0.1151653351000248,0.7949
0.11169684702157578,0.795
0.10808523773038903,0.7951
0.10435038716938572,0.7952
0.10051226210101205,0.7953
0.0965941255208338,0.7954
0.0926243794994619,0.7955
0.08863524505226861,0.7956000000000001
0.08460469718234598,0.7957000000000001
0.08039321316443582,0.7958000000000001
0.07623443658050078,0.7959
0.07216630334074858,0.796
0.06821854919204762,0.7961
0.06420595223118142,0.7962
0.06021001890644162,0.7963
0.05612811469147916,0.7964
0.05211682111075744,0.7965
0.048307010277753415,0.7966000000000001
0.044342213702533106,0.7967000000000001
0.04037620808673781,0.7968000000000001
0.03642758600037865,0.7969
0.03254331066114191,0.797
0.028621491169853464,0.7971
0.024634820927436074,0.7972
0.02075875733353061,0.7973
0.017254496744504078,0.7974
0.01406001671744228,0.7975
0.010933761372863726,0.7976000000000001
0.008255219469690767,0.7977000000000001
0.0063843557751595,0.7978000000000001
0.0057810230756798475,0.7979
0.005910542936889529,0.798
0.006072409831950454,0.7981
0.0066403902499119205,0.7982
0.007291929724484669,0.7983
0.008633154732371917,0.7984
0.010823469697736066,0.7985
0.01384706113491907,0.7986000000000001
0.01737259521480783,0.7987000000000001
0.021123972827421067,0.7988000000000001
0.025256723455829855,0.7989
0.029846648665676767,0.799
0.03481215760601297,0.7991
0.04008160310242581,0.7992
0.04556106200971066,0.7993
0.05113409004165703,0.7994
0.05668274141665308,0.7995
0.06217794850426539,0.7996000000000001
0.06761345152401277,0.7997000000000001
0.07295639751175798,0.7998000000000001
0.07816964184656072,0.7999
0.08321619714542072,0.8
0.0880620014866541,0.8001
0.09267778765602108,0.8002
0.09703719448522807,0.8003
0.10111518998587621,0.8004
0.10488629544399097,0.8005
0.10832456950729508,0.8006000000000001
0.11140464257446592,0.8007000000000001
0.11410385365733533,0.8008000000000001
0.11640401215709106,0.8009000000000001
0.11829237039167806,0.801
0.1197611992050025,0.8011
0.12080673493399108,0.8012
0.12142793922050255,0.8013
0.12162582672256117,0.8014
0.12140316542846086,0.8015
0.12076442612382687,0.8016000000000001
0.11905094546820849,0.8017000000000001
0.11582522184862432,0.8018000000000001
0.11239546477668416,0.8019000000000001
0.10881698458809752,0.802
0.10511579857041953,0.8021
0.10131027183456687,0.8022
0.09742238173614115,0.8023
0.09347710096151707,0.8024
0.08950375229898166,0.8025
0.08553362705820078,0.8026000000000001
0.08135263586302321,0.8027000000000001
0.07718314917336588,0.8028000000000001
0.0730891276259159,0.8029000000000001
0.0691031262677243,0.803
0.06513908894264087,0.8031
0.06109607118417559,0.8032
0.057051111057217385,0.8033
0.052980188569532016,0.8034
0.0490981635685086,0.8035
0.045133090818657795,0.8036000000000001
0.04113853977706006,0.8037000000000001
0.037093804520956786,0.8038000000000001
0.03310180931540918,0.8039000000000001
0.02897752425944966,0.804
0.02460770864354478,0.8041
0.020317133188491043,0.8042
0.01627264865910405,0.8043
0.0126846415382742,0.8044
0.009582608993956132,0.8045
0.007018991086085835,0.8046000000000001
0.005723879733649628,0.8047000000000001
0.0057615474725023486,0.8048000000000001
0.005864382998595374,0.8049000000000001
0.005770296933689689,0.805
0.006302795140064932,0.8051
0.007161077897611445,0.8052
0.008600054168592441,0.8053
0.01087806008680925,0.8054
0.013695540572012943,0.8055
0.01682265328804111,0.8056000000000001
0.020407344316422993,0.8057000000000001
0.024524857356794882,0.8058000000000001
0.029086497479427598,0.8059000000000001
0.03402184742699266,0.806
0.03923681575844307,0.8061
0.04465476105257582,0.8062
0.05016354727319983,0.8063
0.0556563376402055,0.8064
0.061107178844118426,0.8065
0.06651402586040833,0.8066
0.07184436088775603,0.8067000000000001
0.0770636420460824,0.8068000000000001
0.08213647922507139,0.8069000000000001
0.08703083137883572,0.807
0.09171717287951942,0.8071
0.09616721722418176,0.8072
0.10035172348957677,0.8073
0.10424040981370464,0.8074
0.10780272132932445,0.8075
0.11101019927315037,0.8076
0.11383856393025937,0.8077000000000001
0.11626930461559282,0.8078000000000001
0.11828982940236488,0.8079000000000001
0.11989273442519399,0.808
0.12107455736740191,0.8081
0.12183474457805621,0.8082
0.12217493779203081,0.8083
0.1220984991310261,0.8084
0.12161002342888083,0.8085
0.12058731247441923,0.8086
0.11746864505869836,0.8087000000000001
0.1141220149049661,0.8088000000000001
0.11061128370238227,0.8089000000000001
0.10696484099865577,0.809
0.10319878717947328,0.8091
0.09933472520889819,0.8092
0.09539729375566275,0.8093
0.09141704673088613,0.8094
0.0874273812009021,0.8095
0.08332672844023159,0.8096
0.07912743226284291,0.8097000000000001
0.07499366377212702,0.8098000000000001
0.07096063337672365,0.8099000000000001
0.06705611617400498,0.81
0.06299292173216697,0.8101
0.05904326153817663,0.8102
0.054914952635463976,0.8103
0.05096052288231312,0.8104
0.04713139256522325,0.8105
0.043202300897313695,0.8106
0.039184186253867104,0.8107000000000001
0.035307288383269464,0.8108000000000001
0.03137775322230718,0.8109000000000001
0.027418925607957778,0.811
0.02342366881272384,0.8111
0.019649788054301398,0.8112
0.01627090327852998,0.8113
0.01305636854933967,0.8114
0.01005463057467515,0.8115
0.0075423985960481055,0.8116
0.005897716010594634,0.8117000000000001
0.005733161301101575,0.8118000000000001
0.006365921990776124,0.8119000000000001
0.006772029066804297,0.812
0.007062388501057448,0.8121
0.007854290931037289,0.8122
0.00945064901774706,0.8123
0.011910551159610039,0.8124
0.014949390727907241,0.8125
0.018296038812019466,0.8126
0.022096921609949582,0.8127000000000001
0.026416874677039015,0.8128000000000001
0.031166417847657835,0.8129000000000001
0.036270545038612045,0.8130000000000001
0.04163355757883669,0.8131
0.04717525965894276,0.8132
0.05278176713758276,0.8133
0.05834402027613694,0.8134
0.06383631416019409,0.8135
0.06925656209891928,0.8136
0.07457164823232754,0.8137000000000001
0.07974531547350916,0.8138000000000001
0.08474055131528857,0.8139000000000001
0.08952435052290109,0.8140000000000001
0.09406813837379024,0.8141
0.0983465645577124,0.8142
0.10233507057120939,0.8143
0.10600859480837443,0.8144
0.1093413493227573,0.8145
0.11230840763096661,0.8146
0.11488785318935402,0.8147000000000001
0.11706275108876218,0.8148000000000001
0.11882183324124995,0.8149000000000001
0.12015891699290027,0.8150000000000001
0.12107158393245121,0.8151
0.12155995732206337,0.8152
0.1216260474884806,0.8153
0.12127353687946962,0.8154
0.12050765686763254,0.8155
0.11814301922322445,0.8156
0.11484978298159887,0.8157000000000001
0.11137267637232795,0.8158000000000001
0.1077555325580869,0.8159000000000001
0.104019768630357,0.8160000000000001
0.10018490790379198,0.8161
0.09627347377494233,0.8162
0.09231219378571154,0.8163
0.0883314509525317,0.8164
0.08430805098004612,0.8165
0.08010430177756145,0.8166
0.07594900807213434,0.8167000000000001
0.07188020591327993,0.8168000000000001
0.06792853646815344,0.8169000000000001
0.06390197125080921,0.8170000000000001
0.05989975401598535,0.8171
0.055794404665315156,0.8172
0.05177369443430058,0.8173
0.04793490124132549,0.8174
0.043926454121596015,0.8175
0.03987131943952105,0.8176
0.03589435577943201,0.8177000000000001
0.03185822838725061,0.8178000000000001
0.027608657743163567,0.8179000000000001
0.02331670134581887,0.8180000000000001
0.019005441750145957,0.8181
0.015071016875297882,0.8182
0.011621466825770144,0.8183
0.00868262420487742,0.8184
0.006304874651023917,0.8185
0.005653050294543549,0.8186
0.006315991916331587,0.8187000000000001
0.005883036767625249,0.8188000000000001
0.005770180217410825,0.8189000000000001
0.006351302735947639,0.8190000000000001
0.007365672866207484,0.8191
0.009046730802266367,0.8192
0.011569374978558589,0.8193
0.014604408618177134,0.8194
0.017910683063092403,0.8195
0.021639648519749866,0.8196
0.02587429631608007,0.8197
0.030532604464138524,0.8198000000000001
0.035546962192170684,0.8199000000000001
0.040823989741957556,0.8200000000000001
0.046286266473114734,0.8201
0.05182074482341448,0.8202
0.057320368407574485,0.8203
0.06276166929320015,0.8204
0.06814547386784653,0.8205
0.07344135597388624,0.8206
0.07861649916290525,0.8207
0.08363684056665421,0.8208000000000001
0.08847114364849362,0.8209000000000001
0.09309008905622373,0.8210000000000001
0.09746497439103863,0.8211
0.10156569896573664,0.8212
0.1053611173911384,0.8213
0.10882036191724054,0.8214
0.11191566838704503,0.8215
0.11462450054514883,0.8216
0.11693075211541126,0.8217
0.11882423480779469,0.8218000000000001
0.1202994120296067,0.8219000000000001
0.12135395250065883,0.8220000000000001
0.12198786740920498,0.8221
0.12220308564418547,0.8222
0.12200318847297664,0.8223
0.12139294371242826,0.8224
0.11968385473427934,0.8225
0.11649224998886676,0.8226
0.1130921612469653,0.8227
0.10953674072505615,0.8228000000000001
0.10585044920005293,0.8229000000000001
0.10205100858396465,0.8230000000000001
0.09816065572555888,0.8231
0.09420572155537132,0.8232
0.09021767220038857,0.8233
0.08623032936901864,0.8234
0.08206007426333461,0.8235
0.07787393024560618,0.8236
0.07376522364945493,0.8237
0.0697670485029277,0.8238000000000001
0.06584063957636688,0.8239000000000001
0.0617906262375536,0.8240000000000001
0.057796464855937035,0.8241
0.053719519448853115,0.8242
0.04982673727719078,0.8243
0.045950201707003924,0.8244
0.04206692046520066,0.8245
0.03802118977412827,0.8246
0.0341887907663152,0.8247
0.03026387379892781,0.8248000000000001
0.02628517808879205,0.8249000000000001
0.022295363248009847,0.8250000000000001
0.01862538797674329,0.8251000000000001
0.01537286654691239,0.8252
0.01215255408923488,0.8253
0.009272854418407528,0.8254
0.006924448857338117,0.8255
0.005756971384542009,0.8256
0.005881106986725948,0.8257
0.006236853555419808,0.8258000000000001
0.006631158222598632,0.8259000000000001
0.0070995158708775374,0.8260000000000001
0.008112937734498837,0.8261000000000001
0.009955731772328669,0.8262
0.012654374724233364,0.8263
0.015902523337828267,0.8264
0.019425390346496485,0.8265
0.02337258040859136,0.8266
0.027813163593013,0.8267
0.032661066810187434,0.8268000000000001
0.03784239313693605,0.8269000000000001
0.043261990951518836,0.8270000000000001
0.048839938952145,0.8271000000000001
0.05446228947841436,0.8272
0.06002048274234617,0.8273
0.06549206623906345,0.8274
0.07087827961527848,0.8275
0.07614795055608914,0.8276
0.08126635838098184,0.8277
0.08619771065610193,0.8278000000000001
0.09090989118839432,0.8279000000000001
0.09537480316348879,0.8280000000000001
0.09956713183211541,0.8281000000000001
0.103462051931971,0.8282
0.10703429136037168,0.8283
0.11025830485874999,0.8284
0.11311011652290703,0.8285
0.1155693727969791,0.8286
0.11762094340439744,0.8287
0.11925514803035231,0.8288000000000001
0.12046691437147594,0.8289000000000001
0.12125446746527946,0.8290000000000001
0.12161831471988982,0.8291000000000001
0.12156078380789948,0.8292
0.12108588365800443,0.8293
0.12019913997046605,0.8294
0.11715758662738485,0.8295
0.11379902394204433,0.8296
0.11027776254315669,0.8297
0.10662621621052848,0.8298000000000001
0.10286145543233027,0.8299000000000001
0.0990044289209876,0.8300000000000001
0.09507803708987927,0.8301000000000001
0.09111043876212721,0.8302
0.08713262872593319,0.8303
0.0830434184025145,0.8304
0.07885305503059004,0.8305
0.0747230487767051,0.8306
0.07068899250167837,0.8307
0.06677979977322135,0.8308000000000001
0.06269926583350838,0.8309000000000001
0.058722571783752064,0.8310000000000001
0.05458312304256041,0.8311000000000001
0.050617622607632695,0.8312
0.04672474548278127,0.8313
0.04277889270570112,0.8314
0.03866772967544296,0.8315
0.03472955447274284,0.8316
0.03065527678547797,0.8317
0.0262976207012815,0.8318000000000001
0.022044323626227547,0.8319000000000001
0.017861771956794614,0.8320000000000001
0.014095288644477622,0.8321000000000001
0.010784486051274467,0.8322
0.007984376084255285,0.8323
0.005842625885930319,0.8324
0.005635220322359746,0.8325
0.006446207312787999,0.8326
0.006088860308046895,0.8327
0.005913278624843699,0.8328
0.0063763543965449365,0.8329000000000001
0.007640453101137368,0.8330000000000001
0.009755912137801914,0.8331000000000001
0.012664313770572422,0.8332
0.01601723371540653,0.8333
0.01955335163537608,0.8334
0.023451115115648014,0.8335
0.02780725477918522,0.8336
0.03255519023867115,0.8337
0.03763131274270659,0.8338
0.04294510506721072,0.8339000000000001
0.0483796281851121,0.8340000000000001
0.053816299584201976,0.8341000000000001
0.05922862877655177,0.8342
0.06461313240565958,0.8343
0.06993830476028084,0.8344
0.07516859468145531,0.8345
0.08026858617821098,0.8346
0.08520526176322873,0.8347
0.08994927355908977,0.8348
0.09447252173001752,0.8349000000000001
0.09874648357330329,0.8350000000000001
0.10274075692908358,0.8351000000000001
0.10642381259561084,0.8352
0.1097649352267781,0.8353
0.11273717402359129,0.8354
0.11531944514806636,0.8355
0.11749734033220094,0.8356
0.11926213250853612,0.8357
0.12060916708513403,0.8358
0.1215363201659867,0.8359000000000001
0.12204338343240617,0.8360000000000001
0.12213193774473452,0.8361000000000001
0.12180539353800446,0.8362
0.12106858759152572,0.8363
0.11875465110653516,0.8364
0.1154897320511531,0.8365
0.11203469963739776,0.8366
0.10843358035496153,0.8367
0.10470770221672665,0.8368
0.10087653314719158,0.8369000000000001
0.09696311806310132,0.8370000000000001
0.0929952880508016,0.8371000000000001
0.08900497948442809,0.8372
0.08499279494358958,0.8373
0.08077608298177485,0.8374
0.07660825806985871,0.8375
0.07252807439959108,0.8376
0.06856587852334772,0.8377
0.06456476564221103,0.8378
0.06055298631259365,0.8379000000000001
0.05648195659130972,0.8380000000000001
0.05245261104516219,0.8381000000000001
0.04862140866524434,0.8382000000000001
0.04466878490821724,0.8383
0.04071513304084662,0.8384
0.03674386573073529,0.8385
0.032868099246996074,0.8386
0.02895258998024186,0.8387
0.0249641919454342,0.8388
0.021057192488415755,0.8389000000000001
0.01751614613411423,0.8390000000000001
0.014324427120439909,0.8391000000000001
0.01116154862046459,0.8392000000000001
0.008435593355963666,0.8393
0.006507445506943155,0.8394
0.005796451276268932,0.8395
0.00584833703176324,0.8396
0.0060217843385854675,0.8397
0.006559661973483344,0.8398
0.007196861338362837,0.8399000000000001
0.008471163308695129,0.8400000000000001
0.010589794219742599,0.8401000000000001
0.013545965193681786,0.8402000000000001
0.017014738193248835,0.8403
0.02072046806794381,0.8404
0.02481743789688373,0.8405
0.029379914514542804,0.8406
0.034325010132101985,0.8407
0.03958035784642422,0.8408
0.045051579037314715,0.8409000000000001
0.050622255668112404,0.8410000000000001
0.05617433924288684,0.8411000000000001
0.06167779271721474,0.8412000000000001
0.06712534132715675,0.8413
0.07248360103051199,0.8414
0.07771501939279413,0.8415
0.08278229448730845,0.8416
0.08765111241571255,0.8417
0.09229201576691948,0.8418
0.09667853012578032,0.8419000000000001
0.10078558442124719,0.8420000000000001
0.10458770179059262,0.8421000000000001
0.10805891347378227,0.8422000000000001
0.11117371968823941,0.8423
0.11390918345430623,0.8424
0.11624671414986842,0.8425
0.1181731123347769,0.8426
0.11968023524309812,0.8427
0.1207640003852627,0.8428
0.12142315460283548,0.8429000000000001
0.121658570941659,0.8430000000000001
0.1214729129290667,0.8431000000000001
0.1208705604535294,0.8432000000000001
0.11934267530153175,0.8433
0.11613684469512675,0.8434
0.11272136462008775,0.8435
0.10915447407379752,0.8436
0.10546325071692964,0.8437
0.10166562938307022,0.8438
0.09778345649882403,0.8439000000000001
0.09384132052631633,0.8440000000000001
0.08986838535370034,0.8441000000000001
0.08589589248425855,0.8442000000000001
0.08173687044718381,0.8443
0.07756197862126457,0.8444
0.0734589896856298,0.8445
0.0694613004749618,0.8446
0.06551456999901528,0.8447
0.06145831751830377,0.8448
0.057430434147937026,0.8449000000000001
0.05334374337744707,0.8450000000000001
0.04944242223175954,0.8451000000000001
0.04549494774854934,0.8452000000000001
0.041517289504451105,0.8453
0.03745100660339151,0.8454
0.033470100339805686,0.8455
0.029359935240740542,0.8456
0.02498743646636492,0.8457
0.020707375707024633,0.8458
0.016629941850699437,0.8459
0.012999294272465045,0.8460000000000001
0.009847451514005456,0.8461000000000001
0.007227779322047878,0.8462000000000001
0.005711247146745091,0.8463
0.0057019504141067046,0.8464
0.006005350822613886,0.8465
0.005777045112427048,0.8466
0.006063678855337207,0.8467
0.006738769778580123,0.8468
0.008072514975632439,0.8469
0.010277564546834483,0.8470000000000001
0.013271868129462794,0.8471000000000001
0.0167356908935139,0.8472000000000001
0.020388741181505354,0.8473
0.02440367640222907,0.8474
0.028866544227412083,0.8475
0.03370811797575146,0.8476
0.03886218183769019,0.8477
0.04423934184915379,0.8478
0.04972372171465822,0.8479
0.05519859627641677,0.8480000000000001
0.06063620546330639,0.8481000000000001
0.0660324200810033,0.8482000000000001
0.07135622512991213,0.8483
0.0765732735079222,0.8484
0.08164913985839806,0.8485
0.0865515735577741,0.8486
0.09125113857469425,0.8487
0.09571913076587524,0.8488
0.09992608840011352,0.8489
0.10384111806012164,0.8490000000000001
0.1074330155317188,0.8491000000000001
0.11067245612719057,0.8492000000000001
0.11353453650355294,0.8493
0.11600040034418213,0.8494
0.1180575411121888,0.8495
0.1196987473639245,0.8496
0.12092061017625899,0.8497
0.12172219734387102,0.8498
0.1221044090527158,0.8499
0.1220697039889933,0.8500000000000001
0.12162194833616702,0.8501000000000001
0.12076602332836583,0.8502000000000001
0.11773459390901775,0.8503000000000001
0.11440372837396773,0.8504
0.11090451494752651,0.8505
0.10726856702842236,0.8506
0.10351262589533772,0.8507
0.09965796544241257,0.8508
0.09572843104004569,0.8509
0.09175375729401802,0.8510000000000001
0.08776680084147903,0.8511000000000001
0.08368919426206456,0.8512000000000001
0.07948896644535064,0.8513000000000001
0.0753504312998492,0.8514
0.07130953447752764,0.8515
0.06739455327917854,0.8516
0.06334868611203026,0.8517
0.05938860943174262,0.8518
0.05527399726490234,0.8519
0.05130351763132612,0.8520000000000001
0.0474890100665728,0.8521000000000001
0.043541677140859214,0.8522000000000001
0.03953954639228918,0.8523000000000001
0.03564275162963315,0.8524
0.031728232585552796,0.8525
0.027781764559601685,0.8526
0.023789551824669353,0.8527
0.019986535304921782,0.8528
0.016570980590528528,0.8529
0.013353889612433001,0.8530000000000001
0.01031538460476189,0.8531000000000001
0.0077550575463127824,0.8532000000000001
0.0060292524405307635,0.8533000000000001
0.005739452936109002,0.8534
0.006261083591954986,0.8535
0.006607019863452246,0.8536
0.0069755679173544305,0.8537
0.007706115951890746,0.8538
0.009228043193632463,0.8539
0.011611460830061482,0.8540000000000001
0.014803954469177594,0.8541000000000001
0.018460959548380007,0.8542000000000001
0.022307333292961085,0.8543000000000001
0.02650522878303696,0.8544
0.03113743770239208,0.8545
0.03612775207355101,0.8546
0.04140771470796878,0.8547
0.04688510170507887,0.8548
0.052443256574324915,0.8549
0.0579642185825755,0.8550000000000001
0.06342177825961337,0.8551000000000001
0.06881258617066122,0.8552000000000001
0.07410502798321228,0.8553000000000001
0.07926281419447945,0.8554
0.08424955368139764,0.8555
0.08903165433205762,0.8556
0.09358022547309763,0.8557
0.09786913820868848,0.8558
0.10187340047696047,0.8559
0.10556738796255105,0.8560000000000001
0.10892495124824031,0.8561000000000001
0.11192065653534156,0.8562000000000001
0.1145321284546642,0.8563000000000001
0.11674188177132161,0.8564
0.1185381846310829,0.8565
0.11991438527811427,0.8566
0.12086762105155013,0.8567
0.12139745983303829,0.8568
0.12150527212023055,0.8569
0.12119405758461721,0.8570000000000001
0.12046851209716136,0.8571000000000001
0.11836769968195004,0.8572000000000001
0.11509775366753461,0.8573000000000001
0.1116358320544607,0.8574
0.10803124573103295,0.8575
0.10430789839476462,0.8576
0.1004850595971658,0.8577
0.09658493124147194,0.8578
0.09263321156522275,0.8579
0.08865949615188251,0.8580000000000001
0.08465677404559269,0.8581000000000001
0.0804561086206883,0.8582000000000001
0.07629984155011438,0.8583000000000001
0.0722265039964135,0.8584
0.06826719834287565,0.8585
0.0642528981909154,0.8586
0.06024067745388717,0.8587
0.05614719614218888,0.8588
0.05211471297162751,0.8589
0.04828017356727954,0.859
0.044268918505867116,0.8591000000000001
0.04023243167905877,0.8592000000000001
0.036242352752787754,0.8593000000000001
0.03222644734338154,0.8594
0.028023336205280636,0.8595
0.02371764364917972,0.8596
0.019408043206212477,0.8597
0.015449847834024588,0.8598
0.011968817813794663,0.8599
0.008990610687313216,0.86
0.006565178458092902,0.8601000000000001
0.005678434586737113,0.8602000000000001
0.005996435067992412,0.8603000000000001
0.005851862912629846,0.8604
0.0057803922992063494,0.8605
0.0063958032932696085,0.8606
0.007388303239259653,0.8607
0.009004862436024164,0.8608
0.011453409732812059,0.8609
0.014423424704989918,0.861
0.017676195293430563,0.8611000000000001
0.02136403511647833,0.8612000000000001
0.02556444827100579,0.8613000000000001
0.030192919973217158,0.8614
0.03517993652081319,0.8615
0.04043251286058025,0.8616
0.045873935421132606,0.8617
0.05139221478858924,0.8618
0.05688077162715088,0.8619
0.06231598768692703,0.862
0.06769809854344577,0.8621000000000001
0.07299614782084407,0.8622000000000001
0.07817672607950188,0.8623000000000001
0.08320529206715865,0.8624
0.08805021667012025,0.8625
0.09268202249864366,0.8626
0.09707209666629868,0.8627
0.10119073526860078,0.8628
0.10500732540329027,0.8629
0.10849144226597329,0.863
0.11161535571591974,0.8631000000000001
0.11435603399775884,0.8632000000000001
0.11669642427545346,0.8633000000000001
0.11862525958637116,0.8634000000000001
0.12013610369004524,0.8635
0.12122609056529532,0.8636
0.12189501584981777,0.8637
0.12214476442254285,0.8638
0.12197890080381968,0.8639
0.12140217334972214,0.864
0.11989323198788504,0.8641000000000001
0.11672413170343021,0.8642000000000001
0.11334153424476545,0.8643000000000001
0.10980158738062529,0.8644000000000001
0.10612978743432677,0.8645
0.10234328954508276,0.8646
0.09846406769701133,0.8647
0.09451787087609631,0.8648
0.09053579158448544,0.8649
0.08655138833475862,0.865
0.0824010864214858,0.8651000000000001
0.07821385885488719,0.8652000000000001
0.0741002178947967,0.8653000000000001
0.07009403523744961,0.8654000000000001
0.066179845537094,0.8655
0.06212002143694839,0.8656
0.05813740037337167,0.8657
0.05404932323416811,0.8658
0.050142735270898076,0.8659
0.04627921601064422,0.866
0.042398536982474866,0.8661000000000001
0.03834800121197923,0.8662000000000001
0.03452497036351487,0.8663000000000001
0.030580694993324498,0.8664000000000001
0.0266085712551003,0.8665
0.022619107664441307,0.8666
0.018923399993609813,0.8667
0.01563845453765933,0.8668
0.012418473997048318,0.8669
0.009507123123082994,0.867
0.007115601716681574,0.8671000000000001
0.00578957659508017,0.8672000000000001
0.005806552004722132,0.8673000000000001
0.006256687722865806,0.8674000000000001
0.006671835256150116,0.8675
0.007108954267741163,0.8676
0.008062723296990093,0.8677
0.00983633656739924,0.8678
0.01246675801028041,0.8679
0.015655204973615833,0.868
0.01912816979359855,0.8681000000000001
0.023034201668094,0.8682000000000001
0.02744085089023507,0.8683000000000001
0.032260769944590706,0.8684000000000001
0.03741962028016843,0.8685
0.04282207511185865,0.8686
0.04838819450035858,0.8687
0.054004124620833815,0.8688
0.05956123537185598,0.8689
0.06503618828541613,0.869
0.07042931517319817,0.8691000000000001
0.07570894419708007,0.8692000000000001
0.08083997224864303,0.8693000000000001
0.08578630527437581,0.8694000000000001
0.09051560436568151,0.8695
0.09499965839578706,0.8696
0.09921316855129392,0.8697
0.10313142880299553,0.8698
0.1067292855314419,0.8699
0.10998118407285062,0.87
0.1128629162716297,0.8701000000000001
0.1153536881095949,0.8702000000000001
0.11743782957622129,0.8703000000000001
0.11910517262086884,0.8704000000000001
0.12035030581025696,0.8705
0.12117127354521529,0.8706
0.12156849760190969,0.8707
0.1215442467390514,0.8708
0.12110246274341263,0.8709
0.12024860374584045,0.871
0.11740875853573085,0.8711000000000001
0.11406951608895144,0.8712000000000001
0.1105616470048647,0.8713000000000001
0.10692094479068848,0.8714000000000001
0.103165740684935,0.8715
0.09931651250597484,0.8716
0.0953960177647023,0.8717
0.09143195939597071,0.8718
0.08745512330620886,0.8719
0.08338266600650657,0.872
0.07919039825060115,0.8721
0.07505520485213257,0.8722000000000001
0.07101324945497156,0.8723000000000001
0.06709387222621133,0.8724000000000001
0.06302630510433227,0.8725
0.05905916568917324,0.8726
0.05491132885159855,0.8727
0.050931419383366094,0.8728
0.047051397655298643,0.8729
0.04309022556338804,0.873
0.03899306029808791,0.8731
0.0350666607158463,0.8732000000000001
0.030999887122307834,0.8733000000000001
0.026645665476127345,0.8734000000000001
0.022392131143211147,0.8735
0.018185498739960115,0.8736
0.01438891974270029,0.8737
0.011042940706999183,0.8738
0.008202200010700045,0.8739
0.0059371166576149825,0.874
0.005627272573168751,0.8741
0.00653250741534106,0.8742000000000001
0.006153931916121902,0.8743000000000001
0.005922104865658584,0.8744000000000001
0.006309263953934829,0.8745
0.007497559015672284,0.8746
0.009544933014603352,0.8747
0.012395401079183577,0.8748
0.015700564434892206,0.8749
0.019196722419857704,0.875
0.023061035170308664,0.8751
0.02738955094396167,0.8752000000000001
0.03211571682258807,0.8753000000000001
0.03717583509609601,0.8754000000000001
0.04247924882899312,0.8755000000000001
0.04794759541284166,0.8756
0.053466800746821086,0.8757
0.05892922164104597,0.8758
0.06431818137761902,0.8759
0.06964082309994857,0.876
0.07486966847031151,0.8761
0.07997317918201285,0.8762000000000001
0.08491781273898424,0.8763000000000001
0.08967220489233196,0.8764000000000001
0.09420698255014814,0.8765000000000001
0.09849338908943661,0.8766
0.10250148696360839,0.8767
0.1062003738694064,0.8768
0.10955968058128929,0.8769
0.11255242512517583,0.877
0.11515722462544975,0.8771
0.11735926793653018,0.8772000000000001
0.11914949881012293,0.8773000000000001
0.12052299137956335,0.8774000000000001
0.12147742272625184,0.8775000000000001
0.12201236410083649,0.8776
0.12212920633183133,0.8777
0.12183117947377708,0.8778
0.12112302808920339,0.8779
0.11896965513516733,0.878
0.11572462019202401,0.8781
0.11228486393207371,0.8782000000000001
0.10869704903435917,0.8783000000000001
0.1049833377441427,0.8784000000000001
0.10116250287041118,0.8785000000000001
0.09725704419154191,0.8786
0.09329410802893212,0.8787
0.08930538772628294,0.8788
0.08531143043059952,0.8789
0.08109252627145447,0.879
0.07691949152029076,0.8791
0.07283195410293308,0.8792000000000001
0.06886077383599831,0.8793000000000001
0.06487369185101988,0.8794000000000001
0.060852004335118726,0.8795000000000001
0.05679336810896962,0.8796
0.05275155510274132,0.8797
0.04890458694922217,0.8798
0.04496287107393182,0.8799
0.04101853252440346,0.88
0.03702886503873892,0.8801
0.03315793932026945,0.8802000000000001
0.029245112337262125,0.8803000000000001
0.025252413655035166,0.8804000000000001
0.021320455159351992,0.8805000000000001
0.01775011117323788,0.8806
0.014552484438788094,0.8807
0.01136107897381522,0.8808
0.008599662153609522,0.8809
0.006628601555976887,0.881
0.005817935225693294,0.8811
0.0058095002072477975,0.8812000000000001
0.006028041200785372,0.8813000000000001
0.006555312087950238,0.8814000000000001
0.007162283924894375,0.8815000000000001
0.00837965731583612,0.8816
0.010436521014297373,0.8817
0.013334046651322762,0.8818
0.016752521743293114,0.8819
0.020416722754770023,0.882
0.024479880302314294,0.8821
0.029015033623010833,0.8822000000000001
0.033938318586891336,0.8823000000000001
0.03917693787355292,0.8824000000000001
0.04463626758125905,0.8825000000000001
0.050200038346929654,0.8826
0.0557502019867151,0.8827
0.061255958068070715,0.8828
0.06670920844140737,0.8829
0.07207616108089576,0.883
0.0773189559786388,0.8831
0.08240005659041583,0.8832000000000001
0.0872849564289675,0.8833000000000001
0.09194404833585335,0.8834000000000001
0.0963507683116065,0.8835000000000001
0.10048001677002583,0.8836
0.10430632092487424,0.8837
0.10780368198170653,0.8838
0.11094646759148741,0.8839
0.11371146850369807,0.884
0.11607971258569383,0.8841
0.11803758827252842,0.8842000000000001
0.11957660071808418,0.8843000000000001
0.12069242279379,0.8844000000000001
0.12138365821967145,0.8845000000000001
0.12165109244844485,0.8846
0.12149731376123296,0.8847
0.12092661719367082,0.8848
0.1195778710151777,0.8849
0.11638945348740692,0.885
0.11298622548984016,0.8851
0.10942928219732917,0.8852000000000001
0.10574674650541005,0.8853000000000001
0.10195614728659019,0.8854000000000001
0.09807921751902993,0.8855000000000001
0.09414018158268112,0.8856
0.09016805479533774,0.8857
0.08619403106037582,0.8858
0.08205161822562057,0.8859
0.0778728714643151,0.886
0.0737631451927454,0.8861
0.06975647168578691,0.8862
0.06582377943889384,0.8863000000000001
0.06175750788628598,0.8864000000000001
0.05774439424331401,0.8865000000000001
0.0536459487320573,0.8866
0.04972994737128844,0.8867
0.04579896965141339,0.8868
0.041837828525791654,0.8869
0.03775524208355763,0.887
0.033786416908109684,0.8871
0.029686371355355012,0.8872
0.025318932180496745,0.8873000000000001
0.021048983206851002,0.8874000000000001
0.016945457036636746,0.8875000000000001
0.01328033494840386,0.8876000000000001
0.010087861487555472,0.8877
0.007422020724144884,0.8878
0.0057357845185188605,0.8879
0.005671735481205031,0.888
0.006120277420942788,0.8881
0.005818243100238041,0.8882
0.005920797758497631,0.8883000000000001
0.006540428765935857,0.8884000000000001
0.007887600552367813,0.8885000000000001
0.010100524001604327,0.8886000000000001
0.013104248781168115,0.8887
0.01656173119768356,0.8888
0.020200996647845804,0.8889
0.024197347048539486,0.889
0.028642222997373068,0.8891
0.033467577446529395,0.8892
0.03860836203562168,0.8893000000000001
0.043974485741353764,0.8894000000000001
0.04944954697357118,0.8895000000000001
0.05491600709757716,0.8896000000000001
0.06034700211292088,0.8897
0.06573910642431202,0.8898
0.0710615213336162,0.8899
0.07627975938423293,0.89
0.08135928601011966,0.8901
0.08626770735824318,0.8902
0.09097567000045492,0.8903000000000001
0.09545463841505064,0.8904000000000001
0.09967540712842082,0.8905000000000001
0.10360720194329776,0.8906000000000001
0.10721875274542825,0.8907
0.11048041994880131,0.8908
0.11336686391109596,0.8909
0.11585876185234156,0.891
0.11794321160772303,0.8911
0.11961264466980104,0.8912
0.12086329246235894,0.8913000000000001
0.12169381528454759,0.8914000000000001
0.12210470819131358,0.8915000000000001
0.12209810212557548,0.8916000000000001
0.12167768723269168,0.8917
0.120848316557986,0.8918
0.11797433869519902,0.8919
0.1146584406822001,0.892
0.11116935304914355,0.8921
0.10754149566423121,0.8922
0.10379264230675811,0.8923000000000001
0.09994364849811233,0.8924000000000001
0.09601814026331157,0.8925000000000001
0.09204538064714607,0.8926000000000001
0.08805797207645549,0.8927
0.08399657913953318,0.8928
0.079792553809649,0.8929
0.07564706519825892,0.893
0.07159671076491247,0.8931
0.06767024728462745,0.8932
0.06363321837266478,0.8933000000000001
0.059660006850284386,0.8934000000000001
0.05555238541774132,0.8935000000000001
0.051566729340940975,0.8936000000000001
0.047757855437031704,0.8937
0.04379366648864513,0.8938
0.0397974634734628,0.8939
0.0358821395431661,0.894
0.031972687860885474,0.8941
0.028030008047643884,0.8942
0.02403620986420174,0.8943000000000001
0.020209286432731677,0.8944000000000001
0.016765047336238403,0.8945000000000001
0.013551635677606644,0.8946000000000001
0.010484691789399925,0.8947
0.007886738376454261,0.8948
0.0061153911391109705,0.8949
0.0057463674341193816,0.895
0.0061704124416632755,0.8951
0.006457809630457945,0.8952
0.0068842021113537655,0.8953000000000001
0.007567854407799723,0.8954000000000001
0.009033262570716127,0.8955000000000001
0.011358696704548255,0.8956000000000001
0.014501511955221646,0.8957
0.0181195318119014,0.8958
0.021937007067345693,0.8959
0.026114276312061868,0.896
0.030732399324970405,0.8961
0.0357139023078179,0.8962
0.040989559551211974,0.8963000000000001
0.04646671016753601,0.8964000000000001
0.052028744673974,0.8965000000000001
0.05755768055066168,0.8966000000000001
0.06302646336817919,0.8967
0.06843088308861134,0.8968
0.07373893984361535,0.8969
0.07891406754562158,0.897
0.08391967641594511,0.8971
0.08872202147673702,0.8972
0.09329209665712157,0.8973000000000001
0.09760370278754371,0.8974000000000001
0.10163182509256075,0.8975000000000001
0.10535085169376857,0.8976000000000001
0.10873464435571645,0.8977
0.11175772954683816,0.8978
0.11439759874340805,0.8979
0.11663653309767952,0.898
0.11846250042517759,0.8981
0.11986854375941736,0.8982
0.12085154491482808,0.8983000000000001
0.12141089052007725,0.8984000000000001
0.12154783142519865,0.8985000000000001
0.12126527949025134,0.8986000000000001
0.12056784782382501,0.8987
0.11859945529838578,0.8988
0.11534386646451567,0.8989
0.11189210520649939,0.899
0.10829559584038928,0.8991
0.1045790147070943,0.8992
0.10076134529876501,0.8993
0.09686472465618923,0.8994000000000001
0.09291460279412189,0.8995000000000001
0.08894048035279567,0.8996000000000001
0.08495568188691371,0.8997
0.08075255779226798,0.8998
0.07659109064015346,0.8999
0.07251035321822996,0.9
0.06854180024663759,0.9001
0.06454289872492958,0.9002
0.06052010285686815,0.9003
0.056441509486268915,0.9004000000000001
0.05239601257172666,0.9005000000000001
0.04854553452275412,0.9006000000000001
0.04454879730149308,0.9007000000000001
0.04052585867681513,0.9008
0.036517850267470786,0.9009
0.032510218384176115,0.901
0.028334435636375055,0.9011
0.024008233666976908,0.9012
0.01970580669297628,0.9013
0.015719787455943157,0.9014000000000001
0.012203941676373509,0.9015000000000001
0.00918523309943442,0.9016000000000001
0.006714495135448084,0.9017000000000001
0.005692159041864153,0.9018
0.0058691835066684295,0.9019
0.005826931590772855,0.902
0.0057847753375765976,0.9021
0.006370112676284068,0.9022
0.0073199905922336495,0.9023
0.008893578175973582,0.9024000000000001
0.01129754448343423,0.9025000000000001
0.014226963298403339,0.9026000000000001
0.017444040993105592,0.9027000000000001
0.0211013523162058,0.9028
0.025275820406817084,0.9029
0.02988257116686377,0.903
0.03485183226982169,0.9031
0.0400906566106396,0.9032
0.04552231852698396,0.9033
0.05103485478127312,0.9034000000000001
0.056521535828561786,0.9035000000000001
0.06195842015698649,0.9036000000000001
0.06734531289969037,0.9037000000000001
0.0726508649688572,0.9038
0.0778412916182325,0.9039
0.0828817567037381,0.904
0.08774043610406201,0.9041
0.0923877991281481,0.9042
0.09679530772004441,0.9043
0.10093341899696928,0.9044000000000001
0.10477166200359267,0.9045000000000001
0.10827962236552313,0.9046000000000001
0.11142936515503132,0.9047000000000001
0.11419744617004213,0.9048
0.1165662826829692,0.9049
0.11852409269643516,0.905
0.12006403693044121,0.9051
0.12118298486903567,0.9052
0.12188056951436077,0.9053
0.12215856529292535,0.9054000000000001
0.12202045237498393,0.9055000000000001
0.12147092606809495,0.9056000000000001
0.1201155580464045,0.9057000000000001
0.11696223277007911,0.9058
0.11359085002095737,0.9059
0.11006002075425225,0.906
0.10639616295406862,0.9061
0.10261608730206706,0.9062
0.09874163416787451,0.9063
0.09479817893855891,0.9064000000000001
0.09081661468967495,0.9065000000000001
0.08683039793718605,0.9066000000000001
0.08269524775199999,0.9067000000000001
0.07850330981703268,0.9068
0.07438210375207266,0.9069
0.07036618236114989,0.907
0.06646216733708588,0.9071
0.06239142215716087,0.9072
0.05841866481457547,0.9073
0.05431818582097758,0.9074000000000001
0.05039677401047071,0.9075000000000001
0.046544081769058776,0.9076000000000001
0.042647819734443315,0.9077000000000001
0.03860825213191732,0.9078
0.034772356748074884,0.9079
0.030831037811745565,0.908
0.026864728598986032,0.9081
0.022874808836290006,0.9082
0.019153423174979256,0.9083
0.01583742904156904,0.9084000000000001
0.012622074514253123,0.9085000000000001
0.009680745851334382,0.9086000000000001
0.007248814112100099,0.9087000000000001
0.005813961718653005,0.9088
0.005774154336121162,0.9089
0.006296741367646019,0.909
0.006713235253539729,0.9091
0.00709642073726835,0.9092
0.007997109855555351,0.9093
0.009712896759458856,0.9094000000000001
0.012288010251265025,0.9095000000000001
0.015428044294608867,0.9096000000000001
0.018860122428945525,0.9097000000000001
0.022732054415852687,0.9098
0.027110528611480555,0.9099
0.03190754337162449,0.91
0.03704858872796657,0.9101
0.04243823829797866,0.9102
0.047996476533483934,0.9103
0.05360940819175952,0.9104000000000001
0.05916822220196294,0.9105000000000001
0.0646488061005952,0.9106000000000001
0.07005070397788926,0.9107000000000001
0.0753417595044048,0.9108
0.08048649284199738,0.9109
0.0854485244759402,0.911
0.09019532103561978,0.9111
0.09469857730517983,0.9112
0.09893299570483882,0.9113
0.10287392629476022,0.9114000000000001
0.10649624101653843,0.9115000000000001
0.10977429435253361,0.9116000000000001
0.11268362255221542,0.9117000000000001
0.11520304495919553,0.9118
0.11731646542519347,0.9119
0.11901335471688124,0.912
0.12028805737757753,0.9121
0.12113848026719087,0.9122
0.1215649616274761,0.9123
0.12156969744906143,0.9124
0.12115655366255174,0.9125000000000001
0.12033092201000273,0.9126000000000001
0.11764356645413077,0.9127000000000001
0.11431919614432084,0.9128000000000001
0.11082135080868238,0.9129
0.10718840401436613,0.913
0.10343966879834332,0.9131
0.09959530309409304,0.9132
0.0956779795392827,0.9133
0.09171508003562123,0.9134
0.08773725637778529,0.9135000000000001
0.08368082129802235,0.9136000000000001
0.07948514375917126,0.9137000000000001
0.07534376102288765,0.9138000000000001
0.07129344195273557,0.9139
0.06736394769902787,0.914
0.06330977838720964,0.9141
0.0593316305267908,0.9142
0.05519761624845998,0.9143
0.05120484618034893,0.9144
0.04733816792853873,0.9145000000000001
0.04336204373420016,0.9146000000000001
0.03927848657259014,0.9147000000000001
0.035339205462322054,0.9148000000000001
0.03127923654643405,0.9149
0.026958819339170992,0.915
0.022710261596455616,0.9151
0.018489817814012266,0.9152
0.014662508920362471,0.9153
0.01127960442506959,0.9154
0.008396928625287847,0.9155000000000001
0.006079574415920552,0.9156000000000001
0.005636113352104344,0.9157000000000001
0.006559757604435612,0.9158000000000001
0.006096137777806376,0.9159
0.005846234635299208,0.916
0.0062434553598944564,0.9161
0.0073522036602828855,0.9162
0.009276997446808988,0.9163
0.012026310633685755,0.9164
0.015251494943129718,0.9165000000000001
0.018692463766364575,0.9166000000000001
0.022518285015988848,0.9167000000000001
0.02682167096822985,0.9168000000000001
0.03153202989074888,0.9169
0.03658452405131141,0.917
0.04188729636483579,0.9171
0.04736171947132917,0.9172
0.052893648048497166,0.9173
0.05837538064731396,0.9174
0.0637879231818742,0.9175000000000001
0.0691363574240691,0.9176000000000001
0.07439230106679662,0.9177000000000001
0.07952378605602572,0.9178000000000001
0.08449705236379412,0.9179
0.08928073550886251,0.918
0.09384550546780279,0.9181
0.09816270918336845,0.9182
0.10220247032717733,0.9183
0.10593390066866737,0.9184
0.10932653921254865,0.9185000000000001
0.11235322527223979,0.9186000000000001
0.11499232225293099,0.9187000000000001
0.11722876287241779,0.9188000000000001
0.11905328821405337,0.9189
0.12046087488996216,0.919
0.12144919706879276,0.9191
0.1220178749664671,0.9192
0.12216833138042771,0.9193
0.12190376711516226,0.9194
0.12122882093748077,0.9195000000000001
0.11920917618779969,0.9196000000000001
0.11598084811145137,0.9197000000000001
0.11255339535308329,0.9198000000000001
0.10897554483965388,0.9199
0.10527023748755171,0.92
0.10145599508841618,0.9201
0.09755526911052326,0.9202
0.09359496578858562,0.9203
0.08960669119909803,0.9204
0.08562415393097211,0.9205000000000001
0.08141444964855926,0.9206000000000001
0.07723765192434084,0.9207000000000001
0.07314384489049475,0.9208000000000001
0.06916445530903748,0.9209
0.06520038767458924,0.921
0.06116971605067034,0.9211
0.05713476897804126,0.9212
0.053081010907198856,0.9213
0.04921828517507776,0.9214
0.04529908233578195,0.9215000000000001
0.04137491753868616,0.9216000000000001
0.03736556820594017,0.9217000000000001
0.03350595298484005,0.9218000000000001
0.029599292547335176,0.9219
0.025603159453657875,0.922
0.021640655230604544,0.9221
0.01803471063197426,0.9222
0.014839201119222434,0.9223
0.011612693578217259,0.9224
0.00880652934217574,0.9225000000000001
0.006559786909448473,0.9226000000000001
0.005712552135800575,0.9227000000000001
0.006021037731404055,0.9228000000000001
0.006159705623737244,0.9229
0.006522269482208243,0.923
0.007105180997446281,0.9231
0.008250971269680107,0.9232
0.010240168447246178,0.9233
0.013078339356453306,0.9234
0.0164464307096992,0.9235000000000001
0.020068342068139344,0.9236000000000001
0.02409622894221508,0.9237000000000001
0.028602182931817932,0.9238000000000001
0.033502475029222545,0.9239
0.038724052475934245,0.924
0.044172268435649586,0.9241
0.04973078252249796,0.9242
0.05528142292105165,0.9243
0.060792251852114676,0.9244
0.06625410778382945,0.9245000000000001
0.07163262518962987,0.9246000000000001
0.07688952737334975,0.9247000000000001
0.08198694366582715,0.9248000000000001
0.08689014041959775,0.9249
0.09156944006850631,0.925
0.09599839070758676,0.9251
0.10015213146587376,0.9252
0.10400537264925758,0.9253
0.10753206942295168,0.9254
0.11070621469380326,0.9255
0.1135039952591459,0.9256000000000001
0.11590580352293323,0.9257000000000001
0.11789756951815955,0.9258000000000001
0.11947057414115547,0.9259000000000001
0.12062043401053846,0.926
0.12134572828060519,0.9261
0.12164717893760812,0.9262
0.12152727359198989,0.9263
0.12099022687093552,0.9264
0.11983588869608708,0.9265
0.11666690218006948,0.9266000000000001
0.11327726251213777,0.9267000000000001
0.10973118223093237,0.9268000000000001
0.10605798259411547,0.9269000000000001
0.1022748068047219,0.927
0.09840328197221537,0.9271
0.09446722682519915,0.9272
0.09049547064199437,0.9273
0.08651913813419476,0.9274
0.08239397930834158,0.9275
0.07821009092059694,0.9276000000000001
0.07409210255115006,0.9277000000000001
0.0700748288319224,0.9278000000000001
0.0661566774989436,0.9279000000000001
0.06207910882491352,0.928
0.05808183690315061,0.9281
0.053970606129200016,0.9282
0.05003868734234884,0.9283
0.04612621754804569,0.9284
0.04218371816265054,0.9285
0.0380832736916652,0.9286000000000001
0.03412861948169721,0.9287000000000001
0.03004087839317693,0.9288000000000001
0.02568053846349949,0.9289000000000001
0.021425133366653304,0.929
0.01729271098742391,0.9291
0.013589082791818141,0.9292
0.010351287966120726,0.9293
0.007634200769322863,0.9294
0.0057675422713954205,0.9295
0.0056449659673543096,0.9296000000000001
0.006246005679255484,0.9297000000000001
0.005883115016221296,0.9298000000000001
0.005858090212740974,0.9299000000000001
0.006483422202619771,0.93
0.007838970374562493,0.9301
0.010016779417616917,0.9302
0.012986180758452814,0.9303
0.016399549818112646,0.9304
0.019997567541391703,0.9305
0.023954770023883132,0.9306000000000001
0.028365809756768945,0.9307000000000001
0.033161513325512315,0.9308000000000001
0.03827750850588796,0.9309000000000001
0.043622899417972816,0.931
0.049081423123725765,0.9311
0.05453503374813118,0.9312
0.059957377677301804,0.9313
0.06534502744162862,0.9314
0.07066700828951233,0.9315
0.07588831897520687,0.9316000000000001
0.08097407296613324,0.9317000000000001
0.08589154982355052,0.9318000000000001
0.09061139306830468,0.9319000000000001
0.09510520096641106,0.932
0.09934405098854637,0.9321
0.10329732191850005,0.9322
0.10693369587432766,0.9323
0.11022316792405884,0.9324
0.11313983655370752,0.9325
0.11566371993239843,0.9326000000000001
0.11778131830730454,0.9327000000000001
0.11948455386214085,0.9328000000000001
0.12076924826130708,0.9329000000000001
0.12163371158198233,0.933
0.12207816821615425,0.9331
0.12210457702695854,0.9332
0.12171658357239123,0.9333
0.1209190962378095,0.9334
0.11824391602702178,0.9335
0.11494571839642875,0.9336000000000001
0.11146848711084256,0.9337000000000001
0.10785003892697564,0.9338000000000001
0.10410937307308787,0.9339000000000001
0.10026680728824433,0.934
0.09634572830482957,0.9341
0.09237486204806655,0.9342
0.08838655297297426,0.9343
0.08434240042158703,0.9344
0.08013381477796144,0.9345
0.07598029517219107,0.9346000000000001
0.07191921827185188,0.9347000000000001
0.06797992921223395,0.9348000000000001
0.06395441380828004,0.9349000000000001
0.05996735514520546,0.935
0.05587133324536242,0.9351
0.05187020890222027,0.9352
0.04807298228864809,0.9353
0.044091507404634855,0.9354
0.040108104543893575,0.9355
0.03617310747585156,0.9356000000000001
0.032275057348784886,0.9357000000000001
0.02834167830540313,0.9358000000000001
0.02434995272924212,0.9359000000000001
0.020495387417492683,0.936
0.017017511612582803,0.9361
0.013810764369358797,0.9362
0.01071053118301557,0.9363
0.008068087205037822,0.9364
0.006242308537319552,0.9365
0.005759991091779604,0.9366000000000001
0.006038019354493329,0.9367000000000001
0.006249374770796123,0.9368000000000001
0.0067740163000467035,0.9369000000000001
0.007401474722934287,0.937
0.00879578817985549,0.9371
0.011046783911062397,0.9372
0.014126318298082863,0.9373
0.01769581858371505,0.9374
0.02147869235008626,0.9375
0.025632486927417375,0.9376000000000001
0.030235556368417127,0.9377000000000001
0.03520846635391606,0.9378000000000001
0.04048085384513822,0.9379000000000001
0.04595946272319318,0.9380000000000001
0.05152778915949452,0.9381
0.057067861803135056,0.9382
0.06255151884282695,0.9383
0.06797342640634241,0.9384
0.07330111552638452,0.9385
0.07849770255778954,0.9386
0.08352638468121054,0.9387000000000001
0.08835325601413035,0.9388000000000001
0.09294918683677411,0.9389000000000001
0.0972879062792179,0.9390000000000001
0.1013443937807792,0.9391
0.10509309239628328,0.9392
0.10850793390097557,0.9393
0.1115634556647861,0.9394
0.11423702867945196,0.9395
0.11651066112651742,0.9396
0.11837193975318494,0.9397000000000001
0.11981351224403403,0.9398000000000001
0.1208319370734473,0.9399000000000001
0.1214263888390128,0.9400000000000001
0.12159799592996678,0.9401
0.12134958714157473,0.9402
0.12068568786178968,0.9403
0.11886651730839115,0.9404
0.11562825832647972,0.9405
0.11218914192460316,0.9406
0.1086028878905766,0.9407000000000001
0.10489498750957815,0.9408000000000001
0.10108408473246122,0.9409000000000001
0.09719223890867512,0.9410000000000001
0.09324462825955093,0.9411
0.08927065387030986,0.9412
0.0853016344671973,0.9413
0.08110286696899582,0.9414
0.07693619913810668,0.9415
0.07284747125017921,0.9416
0.06886865097647521,0.9417000000000001
0.06488949339848926,0.9418000000000001
0.06085488988007348,0.9419000000000001
0.056795481054392694,0.9420000000000001
0.05273523619597764,0.9421
0.04886648167378271,0.9422
0.044888334176427236,0.9423
0.04088249489812523,0.9424
0.03685352893151994,0.9425
0.03285631876822892,0.9426
0.028713716515391452,0.9427000000000001
0.024363119872655936,0.9428000000000001
0.02007083734295856,0.9429000000000001
0.016051595686725317,0.9430000000000001
0.012494089415326037,0.9431
0.00942693009916784,0.9432
0.006902006019519957,0.9433
0.005711504582414539,0.9434
0.0057931580949364125,0.9435
0.00584062339168967,0.9436
0.005775941736029022,0.9437000000000001
0.0063344232072530815,0.9438000000000001
0.0072347282986315875,0.9439000000000001
0.008732374279614818,0.9440000000000001
0.011064847356194285,0.9441
0.013930147529997328,0.9442
0.017095651627713204,0.9443
0.02071129663670379,0.9444
0.024853160359253446,0.9445
0.02943407690083011,0.9446
0.0343838876640612,0.9447000000000001
0.039608940396952175,0.9448000000000001
0.0450325801233018,0.9449000000000001
0.05054274063758091,0.9450000000000001
0.05603265185864048,0.9451
0.06147725408083471,0.9452
0.06687532121640583,0.9453
0.07219481946381501,0.9454
0.07740150940478652,0.9455
0.0824602097143653,0.9456
0.0873389535703416,0.9457000000000001
0.09200820482607475,0.9458000000000001
0.0964395795869446,0.9459000000000001
0.1006037325421415,0.9460000000000001
0.10447033659130911,0.9461
0.10800892912354343,0.9462
0.11119129270007377,0.9463
0.11399349833244599,0.9464
0.1163974050754294,0.9465
0.11839072974478004,0.9466
0.11996627546731842,0.9467000000000001
0.12112069846489815,0.9468000000000001
0.12185351426997182,0.9469000000000001
0.12216641957534435,0.9470000000000001
0.12206283047978106,0.9471
0.12154739212896648,0.9472
0.12038120487892534,0.9473
0.11724716394297696,0.9474
0.11388946781921361,0.9475
0.11036972875704543,0.9476
0.10671548997257019,0.9477000000000001
0.1029431519715458,0.9478000000000001
0.09907441258667227,0.9479000000000001
0.09513421482709317,0.9480000000000001
0.09115323499992178,0.9481
0.08716483408396991,0.9482
0.08304843971611542,0.9483
0.07885127077462362,0.9484
0.07472151453457332,0.9485
0.07069453497300215,0.9486
0.06679861665534514,0.9487000000000001
0.06272258101209172,0.9488000000000001
0.05876525345044992,0.9489000000000001
0.05465081707419839,0.9490000000000001
0.050712147250151496,0.9491
0.04687570948832098,0.9492
0.04296101280284548,0.9493
0.038937466334104665,0.9494
0.03507953227754279,0.9495
0.031150612300080205,0.9496
0.027193164479509813,0.9497000000000001
0.023203508779888082,0.9498000000000001
0.019450251535576113,0.9499000000000001
0.01609574091968713,0.9500000000000001
0.012886300082832314,0.9501000000000001
0.009907762823931243,0.9502
0.007425848887743447,0.9503
0.005857084226915221,0.9504
0.005744677195240522,0.9505
0.006351786689201555,0.9506
0.00676846350091731,0.9507000000000001
0.007088552738491627,0.9508000000000001
0.007922869121256504,0.9509000000000001
0.009565740921333,0.9510000000000001
0.012070667164099325,0.9511000000000001
0.015149117112102761,0.9512
0.018529223954832252,0.9513
0.022357915001741446,0.9514
0.026700734619182764,0.9515
0.031468779554338466,0.9516
0.03658725848165956,0.9517
0.04196059404875907,0.9518000000000001
0.04750867373429424,0.9519000000000001
0.05311757657169247,0.9520000000000001
0.05867828599686331,0.9521000000000001
0.06416570076568107,0.9522
0.06957835183332006,0.9523
0.07488346568128534,0.9524
0.08004508327773585,0.9525
0.08502646581186823,0.9526
0.0897948403812534,0.9527
0.09432179268418772,0.9528000000000001
0.0985820384872147,0.9529000000000001
0.10255101072721429,0.9530000000000001
0.10620362526352312,0.9531000000000001
0.10951413258101395,0.9532
0.11245775596674401,0.9533
0.1150128350468449,0.9534
0.11716274302543705,0.9535
0.11889650120160322,0.9536
0.120208152267688,0.9537
0.12109543522321842,0.9538000000000001
0.12155858772359018,0.9539000000000001
0.12159971681975279,0.9540000000000001
0.12122259291987503,0.9541000000000001
0.12043252110074709,0.9542
0.11793550203213443,0.9543
0.11462965198988173,0.9544
0.11114429493806877,0.9545
0.10752101032680494,0.9546
0.10378033457565483,0.9547
0.09994203581003491,0.9548000000000001
0.09602868749333082,0.9549000000000001
0.09206727688632566,0.9550000000000001
0.08808829038569022,0.9551000000000001
0.08405183609088196,0.9552
0.07985207584336451,0.9553
0.07570318143476584,0.9554
0.07164266856323998,0.9555
0.06770082087734353,0.9556
0.06366410457738392,0.9557
0.05967260632832394,0.9558000000000001
0.05555691237637017,0.9559000000000001
0.051548561314164854,0.9560000000000001
0.04769995490833123,0.9561000000000001
0.043705637822340826,0.9562
0.039640538386021884,0.9563
0.03567982274948012,0.9564
0.03163579510707648,0.9565
0.02736061592560679,0.9566
0.02308863583676679,0.9567
0.01888617654867608,0.9568000000000001
0.015024414746241943,0.9569000000000001
0.011596074074244012,0.9570000000000001
0.008659448921964463,0.9571000000000001
0.006281333869957217,0.9572
0.0056510619979939225,0.9573
0.006353644647376422,0.9574
0.006021346043509013,0.9575
0.005794777533981055,0.9576
0.006256462986967248,0.9577
0.007270410248668258,0.9578000000000001
0.009015958247316602,0.9579000000000001
0.011608259242603447,0.9580000000000001
0.014708324118162475,0.9581000000000001
0.018065438853084093,0.9582
0.021835236534578195,0.9583
0.026103027974764714,0.9584
0.030790142500626283,0.9585
0.035829400310586346,0.9586
0.04112741691981503,0.9587
0.046605867659235356,0.9588000000000001
0.0521510915317811,0.9589000000000001
0.057655703422367255,0.9590000000000001
0.06309749749885218,0.9591000000000001
0.06847856811145392,0.9592
0.0737691269784736,0.9593
0.07893646477266769,0.9594
0.08394635846723619,0.9595
0.08876730601143945,0.9596
0.09336995015184801,0.9597
0.09772581215917742,0.9598000000000001
0.10180525532146889,0.9599000000000001
0.10557764974941186,0.9600000000000001
0.1090126152562263,0.9601000000000001
0.1120828165114659,0.9602
0.11476615404503065,0.9603
0.11704696807473391,0.9604
0.11891547355136867,0.9605
0.12036637653603532,0.9606
0.12139736317343197,0.9607
0.122008251968445,0.9608000000000001
0.12220067548714098,0.9609000000000001
0.1219779354522863,0.9610000000000001
0.12134462645565236,0.9611000000000001
0.11950345621142022,0.9612
0.11629664914566351,0.9613
0.11288512216490476,0.9614
0.10932020949399945,0.9615
0.10562582109191132,0.9616
0.10182013589713923,0.9617
0.09792556830985233,0.9618000000000001
0.09396872891753238,0.9619000000000001
0.08998111243131035,0.9620000000000001
0.08599640628322558,0.9621000000000001
0.08181410353106955,0.9622
0.07763299516291078,0.9623
0.07353125282406381,0.9624
0.06954131790402263,0.9625
0.06560529166276419,0.9626
0.06156358265948236,0.9627
0.0575586177823435,0.9628000000000001
0.0534909050664365,0.9629000000000001
0.04960963778348759,0.9630000000000001
0.045720047855525525,0.9631000000000001
0.0418227792507897,0.9632000000000001
0.037789793251465253,0.9633
0.03394573793118694,0.9634
0.030036564027034363,0.9635
0.02604701297450207,0.9636
0.022050261883094446,0.9637
0.018400587727649853,0.9638000000000001
0.015174162151791348,0.9639000000000001
0.011940915290930887,0.9640000000000001
0.009086208078722402,0.9641000000000001
0.0067745696377601305,0.9642000000000001
0.005736284303818673,0.9643
0.0060054844790664585,0.9644
0.006380064046747069,0.9645
0.0067767836722110175,0.9646
0.007178190726561784,0.9647
0.00823226207040606,0.9648
0.010126349220569208,0.9649000000000001
0.012877049257800532,0.9650000000000001
0.01616813742035017,0.9651000000000001
0.01972303462086966,0.9652000000000001
0.023692484727730667,0.9653
0.02814779682580526,0.9654
0.03300510192747175,0.9655
0.03819183909947221,0.9656
0.04361354215547575,0.9657
0.049190532763759176,0.9658
0.05480879117619786,0.9659000000000001
0.0603597531201886,0.9660000000000001
0.0658215641060651,0.9661000000000001
0.07119607086437818,0.9662000000000001
0.0764523963820336,0.9663
0.0815560616644403,0.9664
0.0864714908904829,0.9665
0.09116676650789735,0.9666
0.095613938756962,0.9667
0.09978774276754043,0.9668
0.10366328384069623,0.9669000000000001
0.10721514024229495,0.9670000000000001
0.11041762718061066,0.9671000000000001
0.11324674769052556,0.9672000000000001
0.11568230446167638,0.9673
0.11770947893267991,0.9674
0.11931896350532278,0.9675
0.12050601374855763,0.9676
0.12126907487476846,0.9677
0.12160877184358043,0.9678
0.12152749344977454,0.9679000000000001
0.12102930045119098,0.9680000000000001
0.12011533776691519,0.9681000000000001
0.11697256769085096,0.9682000000000001
0.11360230816331973,0.9683
0.11007264580795284,0.9684
0.10641436155496486,0.9685
0.10264396215455773,0.9686
0.09878263145143629,0.9687
0.0948533268024293,0.9688
0.09088440206380344,0.9689000000000001
0.08690693400163274,0.9690000000000001
0.08280225320406798,0.9691000000000001
0.07861397093670053,0.9692000000000001
0.07448846271414111,0.9693
0.07046085752497466,0.9694
0.06655858483672505,0.9695
0.06246626819899892,0.9696
0.05847749917053924,0.9697
0.054347866082095964,0.9698
0.050394785439665135,0.9699000000000001
0.04649136534986109,0.9700000000000001
0.042558516676070246,0.9701000000000001
0.0384376843591101,0.9702000000000001
0.03449255794426298,0.9703
0.030414508198300494,0.9704
0.026057529300593574,0.9705
0.021801018562056074,0.9706
0.017639642166762615,0.9707
0.013899541076443755,0.9708
0.010618975875439807,0.9709000000000001
0.007852645079624132,0.9710000000000001
0.005810147846879721,0.9711000000000001
0.005646702431012951,0.9712000000000001
0.0063840528647960415,0.9713
0.00602339634286686,0.9714
0.005890504038065458,0.9715
0.006418221068000385,0.9716
0.007733704263274133,0.9717
0.009888396056470183,0.9718
0.012831782057567409,0.9719000000000001
0.01621476640253028,0.9720000000000001
0.019778225400119753,0.9721000000000001
0.023700230644764675,0.9722000000000001
0.02807752506753669,0.9723
0.03284282734210886,0.9724
0.0379324026591239,0.9725
0.04325562629403801,0.9726
0.04869574937926702,0.9727
0.05413438895544331,0.9728
0.059545604703908905,0.9729000000000001
0.06492640809982975,0.9730000000000001
0.07024568657962438,0.9731000000000001
0.075468182936134,0.9732000000000001
0.08055870660200548,0.9733
0.08548433709473746,0.9734
0.09021570587970673,0.9735
0.09472458262829353,0.9736
0.09898229087467136,0.9737
0.10295834958790884,0.9738
0.10662132011102221,0.9739000000000001
0.10994076348944093,0.9740000000000001
0.11289012771927942,0.9741000000000001
0.11544873302747594,0.9742000000000001
0.11760248402741835,0.9743
0.11934284664328276,0.9744
0.12066527851084086,0.9745
0.12156774731634234,0.9746
0.12205014739232267,0.9747
0.12211416368983286,0.9748
0.12176328336013309,0.9749000000000001
0.12100238005613617,0.9750000000000001
0.11855342135397828,0.9751000000000001
0.11527555119370925,0.9752000000000001
0.11181177570729162,0.9753000000000001
0.10820381871954732,0.9754
0.10447213783664644,0.9755
0.10063650514414679,0.9756
0.09672008397394793,0.9757
0.09275102952507597,0.9758
0.08876142112022911,0.9759000000000001
0.08473622681950788,0.9760000000000001
0.08052237535602813,0.9761000000000001
0.07635975467351863,0.9762000000000001
0.07228658607291849,0.9763000000000001
0.06833284241283255,0.9764
0.06432046289371218,0.9765
0.060317733235746296,0.9766
0.056234970919535554,0.9767
0.05221620504432267,0.9768
0.04839803308585444,0.9769000000000001
0.04443230040149815,0.9770000000000001
0.04046547957065627,0.9771000000000001
0.03650850116772575,0.9772000000000001
0.0326230193759629,0.9773000000000001
0.028699833308181155,0.9774
0.024709791713669604,0.9775
0.020823857705130067,0.9776
0.01730816001230817,0.9777
0.01410974470965276,0.9778
0.010971936794407666,0.9779
0.008279446228841358,0.9780000000000001
0.006392439186821752,0.9781000000000001
0.0057786616928481305,0.9782000000000001
0.005904403593086416,0.9783000000000001
0.006054957033943653,0.9784
0.006602632226078375,0.9785
0.007242192386846424,0.9786
0.008564612992618459,0.9787
0.010736648182525288,0.9788
0.013743790414997514,0.9789
0.01725536994437582,0.9790000000000001
0.020995187570200358,0.9791000000000001
0.025118579541186126,0.9792000000000001
0.02970119929363091,0.9793000000000001
0.03466134972456958,0.9794
0.03992729092961289,0.9795
0.04540500246492574,0.9796
0.05097800950161635,0.9797
0.05652830508214923,0.9798
0.0620265536290443,0.9799
0.0674662302815171,0.9800000000000001
0.07281434118506813,0.9801000000000001
0.0780336368551704,0.9802000000000001
0.0830870525227656,0.9803000000000001
0.0879404699359928,0.9804
0.09256458279659008,0.9805
0.09693300248511538,0.9806
0.10102067002619464,0.9807
0.10480206620840071,0.9808
0.1082511853964262,0.9809
0.11134256846777935,0.9810000000000001
0.1140534485497735,0.9811000000000001
0.11636552681917778,0.9812000000000001
0.11826595697295894,0.9813000000000001
0.11974692562830702,0.9814
0.12080459755884387,0.9815
0.12143787176444043,0.9816
0.12164770743555531,0.9817
0.12143682510017406,0.9818
0.12080965690094925,0.9819
0.11915149246330525,0.9820000000000001
0.11593247226596948,0.9821000000000001
0.11250765548665775,0.9822000000000001
0.10893321865382222,0.9823000000000001
0.10523549773468288,0.9824
0.10143273276985587,0.9825
0.09754685847309386,0.9826
0.0936027295558225,0.9827
0.08962961971070493,0.9828
0.08565880805852377,0.9829
0.08148517886064488,0.9830000000000001
0.07731394182595186,0.9831000000000001
0.07321700284285848,0.9832000000000001
0.06922719394702814,0.9833000000000001
0.06526873796647703,0.9834
0.06122133912633654,0.9835
0.05718166361018939,0.9836
0.05310543539658408,0.9837
0.0492169212093343,0.9838
0.04525712821746963,0.9839
0.04126765784811437,0.9840000000000001
0.03721576545000205,0.9841000000000001
0.03322727425218441,0.9842000000000001
0.02911140271359347,0.9843000000000001
0.024737325400272958,0.9844
0.020450777620931948,0.9845
0.016395776119043193,0.9846
0.012794199273707951,0.9847
0.00967619705831435,0.9848
0.007094486763483898,0.9849
0.005697204335469941,0.9850000000000001
0.0057267636182480874,0.9851000000000001
0.005940748433422627,0.9852000000000001
0.005775178631723721,0.9853000000000001
0.006247436664317929,0.9854
0.0070833899448177196,0.9855
0.00851640789826491,0.9856
0.010790915461062145,0.9857
0.013605570571463055,0.9858
0.01672782417301444,0.9859
0.020306566746925325,0.9860000000000001
0.0244180338168436,0.9861000000000001
0.02897441294681702,0.9862000000000001
0.033905815498275205,0.9863000000000001
0.03911814380062162,0.9864
0.04453461722933749,0.9865
0.05004283916456975,0.9866
0.05553580156183968,0.9867
0.06098756303637365,0.9868
0.06639613174837977,0.9869
0.07172895313456984,0.9870000000000001
0.07695141761009361,0.9871000000000001
0.08202806154067965,0.9872000000000001
0.08692679984952112,0.9873000000000001
0.09161813032693633,0.9874
0.0960738488356967,0.9875
0.10026482712373974,0.9876
0.10416085733957758,0.9877
0.10773137579493208,0.9878
0.1109478133452737,0.9879
0.11378571973264462,0.9880000000000001
0.11622640463215383,0.9881000000000001
0.11825713155792517,0.9882000000000001
0.11987038350823909,0.9883000000000001
0.12106259516672901,0.9884000000000001
0.12183309681622845,0.9885
0.12218341110452502,0.9886
0.1221168028342261,0.9887
0.12163781799295348,0.9888
0.12067179432224606,0.9889
0.11755896797351262,0.9890000000000001
0.11421642805036103,0.9891000000000001
0.11070899385619448,0.9892000000000001
0.10706543402754432,0.9893000000000001
0.10330173820064814,0.9894000000000001
0.09943945240301655,0.9895
0.09550305618248212,0.9896
0.09152300150919523,0.9897
0.08753261971040338,0.9898
0.08343747701569282,0.9899
0.07923616814292378,0.9900000000000001
0.07509922577992012,0.9901000000000001
0.07106210154657688,0.9902000000000001
0.06715275325800352,0.9903000000000001
0.06309189439647545,0.9904000000000001
0.059138998920005514,0.9905
0.05500980912488029,0.9906
0.05104894368819046,0.9907
0.04722019947316247,0.9908
0.04328404468642466,0.9909
0.03926595883881223,0.991
0.03538128070615887,0.9911000000000001
0.03145101231850189,0.9912000000000001
0.027490773458992868,0.9913000000000001
0.023492096287818676,0.9914000000000001
0.019708672942228667,0.9915
0.016318768606474743,0.9916
0.01310125150365593,0.9917
0.010088674797480657,0.9918
0.0075631578135568756,0.9919
0.00590104907254374,0.992
0.005730216372207053,0.9921000000000001
0.006366913082944681,0.9922000000000001
0.006761407710012213,0.9923000000000001
0.0070343972465241045,0.9924000000000001
0.007809081532379025,0.9925
0.009387847770031321,0.9926
0.011831333061125271,0.9927
0.015075356025453734,0.9928
0.018772413648425967,0.9929
0.02264818084397291,0.993
0.026867144144893995,0.9931000000000001
0.031514320509261395,0.9932000000000001
0.036515023414975145,0.9933000000000001
0.04180156899078691,0.9934000000000001
0.04728203279117427,0.9935
0.052839511169610276,0.9936
0.058355902931336745,0.9937
0.06380577957898304,0.9938
0.06918664570050437,0.9939
0.07446727574988832,0.994
0.07961166756829696,0.9941000000000001
0.08458362726413349,0.9942000000000001
0.089349690161587,0.9943000000000001
0.09388102109410723,0.9944000000000001
0.09815146206516578,0.9945
0.10213591027806657,0.9946
0.10580858317671049,0.9947
0.10914319756254731,0.9948
0.11211429596346234,0.9949
0.11469964998036863,0.995
0.11688208712759396,0.9951000000000001
0.11865028401096467,0.9952000000000001
0.1199979891937708,0.9953000000000001
0.12092265085169496,0.9954000000000001
0.12142403003294855,0.9955
0.12150359883752693,0.9956
0.12116441311759574,0.9957
0.12041121624157769,0.9958
0.11817765008637282,0.9959
0.11489219243314541,0.996
0.11141861398157227,0.9961000000000001
0.10780416261859804,0.9962000000000001
0.1040720142616941,0.9963000000000001
0.10024176762379622,0.9964000000000001
0.09633573413640739,0.9965
0.09237991355874775,0.9966
0.08840405508636884,0.9967
0.08438370093433567,0.9968
0.08018278706033621,0.9969
0.07602898986520767,0.997
0.0719603695782608,0.9971000000000001
0.06800768056132878,0.9972000000000001
0.06397697918902168,0.9973000000000001
0.05997246817456836,0.9974000000000001
0.05586248152121076,0.9975
0.051839712407744765,0.9976
0.04799890301698051,0.9977
0.04398990056094876,0.9978
0.039938049094744965,0.9979
0.03596255954895078,0.998
0.031934811168962574,0.9981000000000001
0.027700853619039068,0.9982000000000001
0.023412084171307912,0.9983000000000001
0.019093317976290658,0.9984000000000001
0.015159772030885144,0.9985
0.011710628491827135,0.9986
0.008770371738627603,0.9987
0.006388238925229883,0.9988
0.005662079658684371,0.9989
0.0062091380910609395,0.999
0.005873502208586734,0.9991000000000001
0.005767436499454659,0.9992000000000001
0.006339399619564645,0.9993000000000001
0.007314595693713288,0.9994000000000001
0.008948974494089379,0.9995
0.01143252014914653,0.9996
0.014440719235174315,0.9997
0.01773162526450922,0.9998
0.021452820741969303,0.9999
0.025684137246779537,1.0
