glottal_gap,time
0.06000000000000005,0.0
0.06000000000000005,0.0001
0.05977332984334105,0.0002
0.059216050784100194,0.00030000000000000003
0.05860471714990778,0.0004
0.05801284141262708,0.0005
0.057424813315551715,0.0006000000000000001
0.0568613493734651,0.0007
0.05627194334172381,0.0008
0.05563980642580035,0.0009000000000000001
0.054953450781505486,0.001
0.05421282951200457,0.0011
0.053430586636759925,0.0012000000000000001
0.05262999769057197,0.0013000000000000002
0.05183539307329488,0.0014
0.05106861909008065,0.0015
0.050344496313307285,0.0016
0.04967020673789202,0.0017000000000000001
0.049045137052715626,0.0018000000000000002
0.048461526947715106,0.0019
0.04790693731194051,0.002
0.04736954221581802,0.0021000000000000003
0.04684556932134942,0.0022
0.04634650245348082,0.0023
0.04590194663656577,0.0024000000000000002
0.04555488061956292,0.0025
0.045349408850910766,0.0026000000000000003
0.045315484232693715,0.0027
0.045457942077437474,0.0028
0.045755590610897956,0.0029000000000000002
0.04617109259121799,0.003
0.04666647624237519,0.0031000000000000003
0.04721683411537847,0.0032
0.047816574223611186,0.0033
0.048477222708129375,0.0034000000000000002
0.049219621572609284,0.0035
0.05006513154582137,0.0036000000000000003
0.05102944024477396,0.0037
0.05212032579003867,0.0038
0.053338406321362886,0.0039000000000000003
0.054679060469650986,0.004
0.05613407145123617,0.0041
0.05769260120120023,0.004200000000000001
0.05934173016138189,0.0043
0.06106698299174418,0.0044
0.0628530215857277,0.0045000000000000005
0.0646845052853473,0.0046
0.06654695195184812,0.0047
0.06842742214377728,0.0048000000000000004
0.07031483188592358,0.0049
0.07219978658922521,0.005
0.0740739158346212,0.0051
0.07592884537668887,0.005200000000000001
0.07768159966059351,0.0053
0.07930294522598069,0.0054
0.08082987808703024,0.0055000000000000005
0.08219798278176504,0.0056
0.08351537252294494,0.0057
0.08458304073300404,0.0058000000000000005
0.08554033034798048,0.0059
0.08640058712424092,0.006
0.08707249987608712,0.0061
0.08753023282276118,0.006200000000000001
0.08778117903814975,0.0063
0.08789414150624553,0.0064
0.08793407625192406,0.006500000000000001
0.08791111049610434,0.0066
0.08780096220586131,0.0067
0.0875982058162148,0.0068000000000000005
0.08736041050720478,0.006900000000000001
0.08708638092921184,0.007
0.08677059083596861,0.0071
0.08640613434559774,0.007200000000000001
0.08598813203827493,0.0073
0.08551530626580828,0.0074
0.08498954434599582,0.007500000000000001
0.08441470577375199,0.0076
0.08379567002175381,0.0077
0.08313749896133793,0.0078000000000000005
0.08240430214686156,0.0079
0.08158357476715272,0.008
0.0807239698340323,0.0081
0.07982991698555808,0.0082
0.07890011435926747,0.0083
0.07778801176472672,0.008400000000000001
0.07663756744299488,0.0085
0.07531206071925678,0.0086
0.07392279738046637,0.008700000000000001
0.07250272503476729,0.0088
0.0710627994142734,0.0089
0.06951274720663236,0.009000000000000001
0.06791368665425834,0.0091
0.06626557645563624,0.0092
0.06463506890730497,0.009300000000000001
0.06306434025106067,0.0094
0.06153140649701516,0.0095
0.06001286661953531,0.009600000000000001
0.05858067456528837,0.0097
0.05724484763048321,0.0098
0.05601277658357362,0.0099
0.05489077705919576,0.01
0.053884388822662554,0.010100000000000001
0.05299831463594451,0.0102
0.05223666509937819,0.0103
0.051602546913123826,0.010400000000000001
0.05109778196527048,0.0105
0.05072264607369714,0.0106
0.05047562368184333,0.010700000000000001
0.05035331884096017,0.0108
0.050350491021821986,0.0109
0.050460231172771985,0.011000000000000001
0.05067420139680845,0.0111
0.05098292678681471,0.0112
0.051376077865727066,0.011300000000000001
0.051842771285304234,0.0114
0.05237184836044162,0.0115
0.05295213125648113,0.011600000000000001
0.05357259423706462,0.0117
0.05422243985366659,0.0118
0.05489106518266329,0.0119
0.05556797885882303,0.012
0.05624272456359636,0.012100000000000001
0.056904882699487125,0.0122
0.05754415805879276,0.0123
0.05815053883601329,0.012400000000000001
0.05871447566636445,0.0125
0.05922705571669007,0.0126
0.05968015227197743,0.012700000000000001
0.06006655182379106,0.0128
0.060380046151822686,0.0129
0.06061548338278133,0.013000000000000001
0.06076877034464201,0.0131
0.06083684003839973,0.0132
0.06081760207268405,0.013300000000000001
0.06070990052067482,0.0134
0.060513490982598284,0.0135
0.06022904293869069,0.013600000000000001
0.05985816102306496,0.0137
0.05940341705853025,0.013800000000000002
0.0588683793690965,0.013900000000000001
0.05825762885193253,0.014
0.057576751169968965,0.014100000000000001
0.05683230005010098,0.0142
0.05603172895638342,0.0143
0.05518329416329437,0.014400000000000001
0.05429593465782734,0.0145
0.05337913860056198,0.0146
0.05244280667163026,0.014700000000000001
0.05149712324058875,0.0148
0.05055244282141458,0.0149
0.049619195541426464,0.015000000000000001
0.048707809557383186,0.0151
0.04782864451624547,0.0152
0.046991927130805244,0.015300000000000001
0.046207680217660085,0.0154
0.04548563819358287,0.0155
0.044835145972311974,0.015600000000000001
0.04426504226368633,0.015700000000000002
0.0437835327583449,0.0158
0.04339806168452576,0.0159
0.043142837893030084,0.016
0.04304656380807259,0.0161
0.04308674853293515,0.0162
0.043245978960231524,0.016300000000000002
0.04351806017763726,0.0164
0.04389692844334525,0.0165
0.044386569218988425,0.0166
0.044986202912597806,0.0167
0.04566712198346923,0.016800000000000002
0.04640419392830486,0.016900000000000002
0.04721884425259537,0.017
0.04812665116519299,0.0171
0.0491313756374574,0.0172
0.05023486323066373,0.0173
0.051427447004851246,0.017400000000000002
0.052702194444179895,0.0175
0.05405161005637793,0.0176
0.055466886575008534,0.0177
0.05693913192125444,0.0178
0.058458998253064554,0.0179
0.06001671966369293,0.018000000000000002
0.0616024993174733,0.0181
0.06320659248540761,0.0182
0.0648194368058509,0.0183
0.06643176875673651,0.0184
0.06803455542211168,0.018500000000000003
0.06961892830662075,0.018600000000000002
0.07117607064013864,0.0187
0.07269721761657755,0.0188
0.07417370980280225,0.0189
0.07559713808465796,0.019
0.07695942493981112,0.019100000000000002
0.07825290952811825,0.019200000000000002
0.0794703869210025,0.0193
0.08060522689200433,0.0194
0.08165149129236493,0.0195
0.08260331817586541,0.0196
0.0833647076814844,0.019700000000000002
0.08402806045082178,0.0198
0.08452635246974005,0.0199
0.08489760997371476,0.02
0.08517376947347377,0.0201
0.08531625916382735,0.020200000000000003
0.0852912131014747,0.020300000000000002
0.08517659291066115,0.0204
0.08497477773397288,0.0205
0.08468646135304347,0.0206
0.08431247198476677,0.0207
0.08385476694781435,0.020800000000000003
0.08330774938882868,0.020900000000000002
0.08264185739943497,0.021
0.08191524014269314,0.0211
0.08113496342653126,0.0212
0.08030668131194418,0.0213
0.07943560976382857,0.021400000000000002
0.07852719458733992,0.021500000000000002
0.0775870154611803,0.0216
0.07662084439132821,0.0217
0.0756345162470562,0.0218
0.07463386721107312,0.0219
0.073570619328165,0.022000000000000002
0.07248307104208018,0.0221
0.07139107768099373,0.0222
0.07030266326809254,0.0223
0.06922502891711857,0.0224
0.06816541937731946,0.022500000000000003
0.0671309997453593,0.022600000000000002
0.0661287684983003,0.0227
0.06514055272329389,0.0228
0.06408342466709638,0.0229
0.06307227103467172,0.023
0.0620844726195835,0.023100000000000002
0.061077138435596146,0.023200000000000002
0.0601359190981573,0.0233
0.05926890563825826,0.0234
0.05838548652636577,0.0235
0.05756760610863654,0.0236
0.05683813261822146,0.023700000000000002
0.05620181442774652,0.0238
0.05566176727680161,0.0239
0.05522016591182033,0.024
0.05487780011738841,0.0241
0.05463467782963627,0.024200000000000003
0.054489729436435486,0.024300000000000002
0.0544407205143167,0.0244
0.05448426609525847,0.0245
0.05461586399571927,0.0246
0.05482995065083207,0.0247
0.0551199877404247,0.024800000000000003
0.0554785194040166,0.024900000000000002
0.05589723895931731,0.025
0.05636707794753648,0.0251
0.056878340645601044,0.0252
0.05742089176705267,0.0253
0.0579843774776827,0.025400000000000002
0.05855844410347033,0.025500000000000002
0.059132919928536865,0.0256
0.05969794299784348,0.0257
0.06024404278954909,0.0258
0.060762201323890874,0.025900000000000003
0.06124391680464292,0.026000000000000002
0.061681276124753714,0.0261
0.062067022114036474,0.0262
0.06239459750522203,0.0263
0.06265815998071489,0.0264
0.06285258325647725,0.026500000000000003
0.06297346730519504,0.026600000000000002
0.06301717262726692,0.0267
0.06298087399733066,0.0268
0.06286261609901811,0.0269
0.0626613532228365,0.027
0.06237696608708665,0.027100000000000003
0.06201025864286813,0.027200000000000002
0.06156294124828221,0.0273
0.06103760364044397,0.0274
0.06043767850151893,0.0275
0.059767396445578935,0.027600000000000003
0.059031736098877685,0.027700000000000002
0.05823637467179266,0.027800000000000002
0.05738764384626016,0.0279
0.05649249242510801,0.028
0.05555845335227039,0.0281
0.05459360968299376,0.028200000000000003
0.05360655343119203,0.028300000000000002
0.052606332472499684,0.0284
0.0516023833593533,0.0285
0.05060445047119666,0.0286
0.0496224937783829,0.0287
0.04866658807533075,0.028800000000000003
0.047746816382971735,0.028900000000000002
0.04687315969052719,0.029
0.04605538492505734,0.0291
0.04530293291882814,0.0292
0.04465169248386491,0.029300000000000003
0.04413243064853822,0.029400000000000003
0.04372644149960103,0.029500000000000002
0.043420383227161574,0.0296
0.04321206241812936,0.0297
0.04309977957865363,0.0298
0.04309179644632999,0.029900000000000003
0.04319167684010927,0.030000000000000002
0.04340170885730443,0.030100000000000002
0.043723859973792356,0.0302
0.04415854393118268,0.0303
0.04470512390152259,0.0304
0.04536197537419362,0.030500000000000003
0.04612631950151003,0.030600000000000002
0.046968116253814696,0.0307
0.04785985821830363,0.0308
0.04881990782597456,0.0309
0.04986100841284502,0.031
0.05098441620171501,0.031100000000000003
0.05218972078440065,0.031200000000000002
0.053465417589461106,0.0313
0.05480294591693302,0.031400000000000004
0.05619357988348095,0.0315
0.05762775251913177,0.0316
0.05909627459364786,0.0317
0.06058986787974352,0.0318
0.06209902528467759,0.031900000000000005
0.06361416907914952,0.032
0.0651256256519861,0.032100000000000004
0.06662375250482111,0.0322
0.06809922474603292,0.0323
0.06954316694933915,0.0324
0.07094729110040787,0.0325
0.07230386328109373,0.032600000000000004
0.07360569069868472,0.0327
0.0748460429911012,0.0328
0.07601864654649437,0.0329
0.07711762109921116,0.033
0.07813749436719031,0.033100000000000004
0.07907320466289924,0.0332
0.07992020445806625,0.0333
0.0806745372613269,0.0334
0.08133291230191297,0.0335
0.08189266531748796,0.033600000000000005
0.08235169103450235,0.0337
0.08263327907201135,0.033800000000000004
0.08280026320118428,0.0339
0.08281710046348256,0.034
0.0827022009248517,0.0341
0.0824980639810603,0.0342
0.08220343518360673,0.034300000000000004
0.08173462230629525,0.0344
0.08119197802691391,0.0345
0.08058202461749775,0.0346
0.07990912491324698,0.0347
0.07917711533042371,0.034800000000000005
0.07839068850555209,0.0349
0.07755497680735213,0.035
0.07667573325353816,0.0351
0.07575915881260353,0.0352
0.07481175457306422,0.035300000000000005
0.07384017069145465,0.0354
0.0728511563809554,0.035500000000000004
0.07185146797755593,0.0356
0.07084782907564513,0.0357
0.06984687532585232,0.0358
0.06885500443975823,0.0359
0.06787756168111381,0.036000000000000004
0.06691869854836263,0.0361
0.06598499663265622,0.0362
0.06508797531043031,0.0363
0.06423912384569963,0.0364
0.0634458955811329,0.036500000000000005
0.0626331422070674,0.0366
0.06185553426822432,0.0367
0.061138702275284174,0.0368
0.060487799866329794,0.0369
0.05988508749172761,0.037000000000000005
0.05927036394622087,0.0371
0.058730358965277896,0.037200000000000004
0.05827111479367275,0.0373
0.0578902108611965,0.0374
0.05743083142119243,0.0375
0.057026926563371605,0.0376
0.056713832913078965,0.037700000000000004
0.05649954463424578,0.0378
0.05638018149021695,0.0379
0.056353801098714795,0.038
0.056416791771884744,0.0381
0.056564607990489124,0.038200000000000005
0.05679231114456207,0.0383
0.05709412118925172,0.038400000000000004
0.057463259253174526,0.0385
0.0578920728271497,0.0386
0.05837199072763277,0.038700000000000005
0.05889366053263201,0.0388
0.05944722807647995,0.038900000000000004
0.060022534450320464,0.039
0.06060938454347764,0.0391
0.06119768370697809,0.0392
0.06177760107189323,0.0393
0.062339628846090345,0.039400000000000004
0.06287466756040583,0.0395
0.06337402312459695,0.0396
0.06382947004864059,0.0397
0.06423330984611242,0.0398
0.06457853227519172,0.039900000000000005
0.06485895157031485,0.04
0.0650693293642115,0.040100000000000004
0.06520537021638084,0.0402
0.06526365895282227,0.0403
0.06524154411032479,0.040400000000000005
0.06513707835932037,0.0405
0.06494900434904027,0.040600000000000004
0.0646768036113976,0.0407
0.06432073579819908,0.0408
0.0638818645729522,0.0409
0.06336204351999486,0.041
0.06276390106115459,0.041100000000000005
0.062090824793833765,0.0412
0.06134696682301888,0.0413
0.060537246308192905,0.0414
0.059667346220579676,0.0415
0.05874368149095277,0.041600000000000005
0.05777334608351525,0.0417
0.05676403686731257,0.041800000000000004
0.05572397268055784,0.0419
0.05466181187873875,0.042
0.05358658035753461,0.042100000000000005
0.052507606342000246,0.0422
0.05143446442567856,0.042300000000000004
0.050376920633302236,0.0424
0.04934487685726374,0.0425
0.048348306023143106,0.0426
0.04739717543229549,0.0427
0.04650135187115856,0.042800000000000005
0.04569670765118605,0.0429
0.04501423987514941,0.043000000000000003
0.04443685616699433,0.0431
0.043952825818965424,0.0432
0.04356129145131371,0.043300000000000005
0.04326202278343905,0.0434
0.043064588778837676,0.043500000000000004
0.04297396431304579,0.0436
0.04299390275097292,0.0437
0.04312782084929534,0.0438
0.04337758916301393,0.0439
0.04374398815729874,0.044000000000000004
0.044226741676742565,0.0441
0.044824321404735246,0.0442
0.04553401254623779,0.0443
0.04635200872886491,0.0444
0.04724728925726862,0.044500000000000005
0.048191221443536714,0.0446
0.049200758797492083,0.044700000000000004
0.050287325443532316,0.0448
0.05145102928124401,0.0449
0.05269046503607133,0.045000000000000005
0.0539933982586871,0.0451
0.055350735040160526,0.045200000000000004
0.0567533692682487,0.0453
0.058191355851636484,0.0454
0.05965497889023519,0.0455
0.061134238935136254,0.0456
0.06261884383080607,0.045700000000000005
0.06409859122106265,0.0458
0.06556354562510791,0.0459
0.06700419637387134,0.046
0.06841161883199198,0.0461
0.0697774206608629,0.046200000000000005
0.0710937774864926,0.0463
0.07235340907970211,0.046400000000000004
0.07354964036929079,0.0465
0.07467636505421105,0.0466
0.07572802118946775,0.046700000000000005
0.07669946551176943,0.0468
0.07758593685912674,0.046900000000000004
0.0783830436235673,0.047
0.07908689334746821,0.0471
0.07969421498419793,0.0472
0.08020248079617631,0.0473
0.08060989672007846,0.047400000000000005
0.08091534055362026,0.0475
0.0811182500590869,0.0476
0.08121857626922724,0.0477
0.08113516421471534,0.0478
0.08094771097166542,0.047900000000000005
0.08060658849876856,0.048
0.0801557068871297,0.048100000000000004
0.07962573904296888,0.0482
0.07902113974671687,0.0483
0.07826959276458223,0.048400000000000006
0.07745378673855119,0.0485
0.07658770277087756,0.048600000000000004
0.07567775876766003,0.0487
0.07472980492023573,0.0488
0.07375040022807045,0.0489
0.07274643022735272,0.049
0.07172517972250003,0.049100000000000005
0.07069412293112731,0.0492
0.06966075732610699,0.049300000000000004
0.06863245328666923,0.0494
0.06761630384711848,0.0495
0.06661828294032857,0.049600000000000005
0.06564312026332608,0.0497
0.06469798526418591,0.049800000000000004
0.06379498727049282,0.0499
0.06294600709074971,0.05
0.06215858110292849,0.050100000000000006
0.06140881022618283,0.0502
0.060661303304162195,0.050300000000000004
0.059976170332191825,0.0504
0.05935988130608516,0.0505
0.0588170019217964,0.0506
0.05832543364405263,0.0507
0.05783713313898886,0.050800000000000005
0.057431785832058546,0.0509
0.05711564669217184,0.051000000000000004
0.056891438683536855,0.0511
0.05676007408595862,0.0512
0.05661525926395661,0.051300000000000005
0.056496921560456936,0.0514
0.056449770233344854,0.051500000000000004
0.05648967293379248,0.0516
0.05662128686268364,0.0517
0.056847006660252,0.051800000000000006
0.05715860990138011,0.0519
0.05755036685453763,0.052000000000000005
0.05801578562548859,0.0521
0.058546852630447566,0.0522
0.05913495216900233,0.0523
0.05977058600922913,0.0524
0.06044347866623112,0.052500000000000005
0.06114297377607647,0.0526
0.061858170383295,0.052700000000000004
0.06257804675024403,0.0528
0.0632917020438859,0.0529
0.06398847738507552,0.053000000000000005
0.06465819058176725,0.0531
0.0652912389205701,0.053200000000000004
0.06587871323975081,0.0533
0.06641236593774569,0.0534
0.06688459809631542,0.053500000000000006
0.06728836713929454,0.0536
0.06761720687611328,0.053700000000000005
0.0678652853542393,0.0538
0.06802760555774268,0.0539
0.06810018044322264,0.054
0.06808016487515522,0.0541
0.06796580902193283,0.054200000000000005
0.06775633002372983,0.0543
0.06745174252536723,0.054400000000000004
0.06705278780568003,0.0545
0.06656093256079643,0.0546
0.06597842337046322,0.054700000000000006
0.06530829927257598,0.0548
0.06455437154895582,0.054900000000000004
0.06372117019731782,0.055
0.06281391807872017,0.0551
0.06183852847852167,0.055200000000000006
0.06080163124491422,0.0553
0.05971058530581819,0.055400000000000005
0.0585734695522131,0.0555
0.05739903146795089,0.055600000000000004
0.05619660874526211,0.0557
0.054976026336051254,0.0558
0.05374749089067077,0.055900000000000005
0.05252148615343155,0.056
0.05130868202476968,0.056100000000000004
0.05011985300177768,0.0562
0.048965808621143525,0.0563
0.047857326448912385,0.056400000000000006
0.04683062241285918,0.0565
0.045917198655545555,0.056600000000000004
0.04510187355005679,0.0567
0.04437495489689258,0.0568
0.04373749657079107,0.056900000000000006
0.04319145298967686,0.057
0.04274850456546475,0.057100000000000005
0.04241586102128703,0.0572
0.04219953523288478,0.057300000000000004
0.04210511501262415,0.0574
0.042136555513718976,0.0575
0.042296580764263014,0.057600000000000005
0.04258669106842938,0.0577
0.04300694582432052,0.057800000000000004
0.04355600575452079,0.0579
0.044231206166810866,0.058
0.04502851493215321,0.058100000000000006
0.0459426638689191,0.0582
0.04696716292890857,0.058300000000000005
0.0480680626106893,0.0584
0.049213693429453365,0.0585
0.05041857929954752,0.058600000000000006
0.05169201793512346,0.0587
0.0530323336939762,0.058800000000000005
0.05443664189796915,0.0589
0.05589132963772725,0.059000000000000004
0.0573858333364039,0.0591
0.05890940503633946,0.0592
0.060450286351814375,0.059300000000000005
0.06199709573532042,0.0594
0.06353857370168492,0.059500000000000004
0.0650637753894453,0.0596
0.06656235499094199,0.0597
0.06802455279150676,0.059800000000000006
0.06944111812921594,0.0599
0.07080341446184812,0.060000000000000005
0.072103386932726,0.0601
0.0733336839679164,0.060200000000000004
0.07448762950298582,0.0603
0.07555924298053196,0.0604
0.07654311870570008,0.060500000000000005
0.0774343755599628,0.0606
0.07822854101141918,0.060700000000000004
0.07892158262746163,0.0608
0.0795099590411763,0.0609
0.07999081120933238,0.061000000000000006
0.0803621036112192,0.0611
0.08062274158103733,0.061200000000000004
0.08077251878296254,0.0613
0.08081200252134968,0.0614
0.08074235709133115,0.061500000000000006
0.08056524801979348,0.0616
0.08021168440132453,0.061700000000000005
0.07974028861454918,0.0618
0.07911305749379527,0.061900000000000004
0.07838253061255274,0.062
0.07757743229303904,0.0621
0.07670376346400232,0.062200000000000005
0.07569864577773955,0.0623
0.07463911293705205,0.062400000000000004
0.07354127715454495,0.0625
0.07241347456464498,0.0626
0.07126348005432137,0.0627
0.07009963266397334,0.06280000000000001
0.06893043997183934,0.0629
0.06776461327099648,0.063
0.06661073969641806,0.0631
0.06547632836176875,0.0632
0.06436756184000725,0.06330000000000001
0.06329306535793677,0.0634
0.06226639329143768,0.0635
0.06130075672000268,0.0636
0.06040484503414856,0.0637
0.05958460943519306,0.06380000000000001
0.058790751033434896,0.0639
0.05803138388982232,0.064
0.057348432657897686,0.0641
0.056748886800220166,0.06420000000000001
0.05623799710435029,0.06430000000000001
0.055776083635729945,0.0644
0.05534804425546791,0.0645
0.055019906331176704,0.0646
0.05479775585026214,0.06470000000000001
0.05468420870573176,0.0648
0.05467995069303977,0.0649
0.054685224976610325,0.065
0.05478786547043302,0.0651
0.05499968374921793,0.06520000000000001
0.05529501372720569,0.0653
0.05564912724000726,0.0654
0.05607809973519928,0.0655
0.056592326732663345,0.0656
0.0571922866768213,0.06570000000000001
0.05787629515121551,0.0658
0.058632037835583795,0.0659
0.05944939736072863,0.066
0.060317490741992996,0.0661
0.06122417295204263,0.06620000000000001
0.06215719252776575,0.0663
0.06310394686648713,0.0664
0.06405162803414566,0.0665
0.06498762391824053,0.0666
0.06589969767727344,0.06670000000000001
0.06677611607706069,0.0668
0.067605841366976,0.0669
0.06837853632059065,0.067
0.06908467046320421,0.0671
0.0697155112265827,0.06720000000000001
0.07026317415319405,0.0673
0.07072057302976387,0.0674
0.07108144226204405,0.0675
0.07134031197990875,0.06760000000000001
0.07149259371199301,0.06770000000000001
0.07153464633860596,0.0678
0.07146390903318112,0.0679
0.07127895851723087,0.068
0.07097954185375122,0.06810000000000001
0.07056649460061037,0.0682
0.07004164065304086,0.0683
0.06940766585433378,0.0684
0.06866806356585486,0.0685
0.06782711209225611,0.06860000000000001
0.06688989560703829,0.0687
0.06586229653423892,0.0688
0.06475097789288453,0.0689
0.06356334128112462,0.069
0.062307505543123254,0.06910000000000001
0.06099229232537451,0.0692
0.059627227396347404,0.0693
0.05822252268376271,0.0694
0.05678903850156769,0.0695
0.055338207490679414,0.06960000000000001
0.05388193583957124,0.0697
0.05243248250040633,0.0698
0.05100233789756148,0.0699
0.04960410478233879,0.07
0.048275351640513,0.07010000000000001
0.04704895459173586,0.0702
0.04591216958474886,0.0703
0.044857801774634165,0.0704
0.043889269758676575,0.07050000000000001
0.04301119887980964,0.07060000000000001
0.04223800539106359,0.0707
0.04157988202464846,0.0708
0.04104602060287488,0.0709
0.040645258223208636,0.07100000000000001
0.04038482308256919,0.0711
0.04027062050544439,0.0712
0.0403071502230643,0.0713
0.04049720773617693,0.0714
0.04084185589055345,0.07150000000000001
0.04134044040612728,0.0716
0.04199050661403203,0.0717
0.04278790371060781,0.0718
0.04372678866424584,0.0719
0.0447997771406472,0.07200000000000001
0.04599805717575767,0.0721
0.04728551879029763,0.0722
0.04862813358721585,0.0723
0.05003753985707693,0.0724
0.05152040951754566,0.07250000000000001
0.053072595007012335,0.0726
0.05468864363143422,0.0727
0.05635231448903388,0.0728
0.05805030155606006,0.0729
0.05976931923735751,0.07300000000000001
0.061495500412960924,0.0731
0.06321581235601625,0.0732
0.06491768230861783,0.0733
0.06658900904961118,0.0734
0.06821834623530854,0.07350000000000001
0.06979490428543922,0.0736
0.07130854662868347,0.0737
0.07274993045705647,0.0738
0.074110451139756,0.07390000000000001
0.07538229911453642,0.07400000000000001
0.07655838599217613,0.0741
0.07763235673238733,0.0742
0.07859850600125318,0.0743
0.07945178179477541,0.07440000000000001
0.08018772374987804,0.0745
0.08080252521102882,0.0746
0.08129308795587953,0.0747
0.0816571873650207,0.0748
0.08189357265591413,0.07490000000000001
0.08200203892608027,0.075
0.08198334014343978,0.0751
0.08183905316341245,0.0752
0.08157139497883037,0.0753
0.08118313089652607,0.07540000000000001
0.08064113978418863,0.0755
0.07992899794543518,0.0756
0.07905003714833825,0.0757
0.07805720046434139,0.0758
0.07698466044975005,0.07590000000000001
0.07581516487527795,0.076
0.07453191570808804,0.0761
0.07320295484883221,0.0762
0.07183943256661007,0.0763
0.07045117858025296,0.07640000000000001
0.06904797958914399,0.0765
0.06764016040455112,0.0766
0.06623822389190281,0.0767
0.06485269415737815,0.07680000000000001
0.0634931286781053,0.07690000000000001
0.06216785781930878,0.077
0.06088756210040047,0.0771
0.059667649564305814,0.0772
0.05852303754589827,0.07730000000000001
0.05746410751630493,0.07740000000000001
0.05649845826094668,0.0775
0.05559472948504629,0.0776
0.05472044408698351,0.0777
0.053942366809354825,0.07780000000000001
0.05326993486587095,0.0779
0.05270987840437735,0.078
0.05221924844579373,0.0781
0.05178157308726283,0.0782
0.051469129928525925,0.07830000000000001
0.05128916006646134,0.0784
0.051244940477106704,0.0785
0.051324812042039536,0.0786
0.05143235674646074,0.0787
0.05167483974000442,0.07880000000000001
0.052054310500575074,0.0789
0.05256789779640747,0.079
0.05321050825130125,0.0791
0.053951635497843986,0.0792
0.05476171826414711,0.07930000000000001
0.05565239764813268,0.0794
0.056629865955363456,0.0795
0.057689887227886594,0.0796
0.05882614112033879,0.07970000000000001
0.06002180292860182,0.07980000000000001
0.061262493944973406,0.0799
0.06253342190388333,0.08
0.06381887192920699,0.0801
0.06510343830502718,0.08020000000000001
0.06637186284995211,0.08030000000000001
0.06760923915494099,0.0804
0.06880138471228459,0.0805
0.069934931832356,0.0806
0.07099735341491509,0.08070000000000001
0.07197708840165784,0.08080000000000001
0.07286351509777733,0.0809
0.07364704735310512,0.081
0.07431913222715136,0.0811
0.07487232689944578,0.08120000000000001
0.07530028493553131,0.0813
0.07559778994092237,0.0814
0.07576068508592426,0.0815
0.07578586225487705,0.0816
0.07567122728366249,0.08170000000000001
0.07541578294184281,0.0818
0.0750197041764522,0.0819
0.0744844289817228,0.082
0.07381262618064766,0.0821
0.07300810877089248,0.08220000000000001
0.07207568898392158,0.0823
0.07102109797268885,0.0824
0.06985094793180846,0.0825
0.06857275059054624,0.0826
0.06719490913305837,0.08270000000000001
0.06572669287187227,0.0828
0.06417817809135062,0.0829
0.06256020577532395,0.083
0.06088434850134694,0.08310000000000001
0.05916289892587856,0.08320000000000001
0.05740884369763566,0.0833
0.05563581982673593,0.0834
0.05385803246987164,0.0835
0.052090148874386344,0.08360000000000001
0.050347168692505884,0.08370000000000001
0.04866815543410996,0.0838
0.04708759216598524,0.0839
0.045596309236797694,0.084
0.04419065622468099,0.08410000000000001
0.04287719237358023,0.08420000000000001
0.041663854047926385,0.0843
0.04056809170751574,0.0844
0.03960329145121122,0.0845
0.03878191919327967,0.08460000000000001
0.03811607152290852,0.0847
0.037616240954579494,0.0848
0.037291503529737424,0.0849
0.03714933936605136,0.085
0.03719522163034883,0.08510000000000001
0.03743246417346158,0.0852
0.03786212138121936,0.0853
0.03848281640820539,0.0854
0.03929078490933069,0.0855
0.0402798584094306,0.08560000000000001
0.04144163108625509,0.0857
0.04276562454435551,0.0858
0.04423961973726365,0.0859
0.04584996035177369,0.08600000000000001
0.04755506780498364,0.08610000000000001
0.049315438935441325,0.0862
0.05113849661062564,0.0863
0.05302680009512106,0.0864
0.05497188564166944,0.08650000000000001
0.05696428211302518,0.08660000000000001
0.05898397560852642,0.0867
0.061014581920900146,0.0868
0.06304041969895902,0.0869
0.06504570602016024,0.08700000000000001
0.06701580269770957,0.08710000000000001
0.06893671056381467,0.0872
0.07079508359223308,0.0873
0.0725784766438411,0.0874
0.07427537342441781,0.08750000000000001
0.07587514937335293,0.0876
0.07736814524351066,0.0877
0.07874556098018459,0.0878
0.07999950259469701,0.0879
0.08112293857456054,0.08800000000000001
0.08210975933528608,0.0881
0.08295473955535992,0.0882
0.08365356824909564,0.0883
0.08420278721198382,0.0884
0.08459982572547475,0.08850000000000001
0.08484300907968156,0.0886
0.08493167231195276,0.0887
0.08486621910643533,0.0888
0.08464817276306369,0.0889
0.08428008969358947,0.08900000000000001
0.08376543899704825,0.0891
0.0831084407475925,0.0892
0.08225095837960805,0.0893
0.08117119975219744,0.08940000000000001
0.07993042254436145,0.08950000000000001
0.07859024369449275,0.0896
0.07707300399389871,0.0897
0.0754801566272939,0.0898
0.07383119910227842,0.08990000000000001
0.07213751499298482,0.09000000000000001
0.07041004112977,0.0901
0.06866081763280785,0.0902
0.06690248576235747,0.0903
0.06514815342640379,0.09040000000000001
0.0634103543105905,0.09050000000000001
0.06170072582944286,0.0906
0.06003342335020523,0.0907
0.05842732000869555,0.0908
0.05690068562275341,0.09090000000000001
0.05546717994232342,0.091
0.05413763040121711,0.0911
0.052920717595337896,0.0912
0.05182349036960754,0.0913
0.05081833890869336,0.09140000000000001
0.049833635978999036,0.0915
0.048978252255831745,0.0916
0.04826611534063541,0.0917
0.04769578650433659,0.0918
0.04715806313434845,0.09190000000000001
0.04678005568164534,0.092
0.04657256856843728,0.0921
0.04654083589616653,0.0922
0.046664425714994406,0.09230000000000001
0.04684494519392435,0.09240000000000001
0.04720126673808345,0.0925
0.047736550892520935,0.0926
0.048447716387115536,0.0927
0.049328684228860276,0.09280000000000001
0.05037133073010702,0.09290000000000001
0.05156497368430024,0.093
0.052872452899355826,0.0931
0.05425722728533633,0.0932
0.055724717007348934,0.09330000000000001
0.057275045429345584,0.09340000000000001
0.05889789249827726,0.0935
0.060581328651324706,0.0936
0.06230305346851128,0.0937
0.06404361741840814,0.09380000000000001
0.06578369513993676,0.09390000000000001
0.06750367028131554,0.094
0.06918502934073012,0.0941
0.07081014134878927,0.0942
0.07236235507183264,0.09430000000000001
0.07382621978440118,0.0944
0.07518747706721374,0.0945
0.0764330242177148,0.0946
0.0775510300961817,0.0947
0.0785309075241416,0.09480000000000001
0.07936342876720115,0.0949
0.08004072894885961,0.095
0.08055636624642915,0.0951
0.0809052407352574,0.0952
0.08108353757764974,0.09530000000000001
0.08108857581271378,0.0954
0.08091877730371855,0.0955
0.08057366599068994,0.0956
0.08005401295865577,0.09570000000000001
0.0793619515248879,0.09580000000000001
0.07850107563957953,0.0959
0.07747638833979265,0.096
0.07629419587859076,0.0961
0.07496194826546798,0.09620000000000001
0.07348815028993083,0.09630000000000001
0.0718823102100028,0.0964
0.07015494318964899,0.0965
0.06831754764719111,0.0966
0.06638257081042076,0.09670000000000001
0.06436334471942506,0.09680000000000001
0.06227404317248908,0.0969
0.06012964665004039,0.097
0.0579459269066096,0.0971
0.05573941234333746,0.09720000000000001
0.0535273327086534,0.09730000000000001
0.051351360209427765,0.0974
0.04924878070156491,0.0975
0.047213505360280905,0.0976
0.0452453598227045,0.09770000000000001
0.043354652218090095,0.0978
0.04155356213919936,0.0979
0.03986419079985182,0.098
0.03830486843091463,0.0981
0.03689339439893624,0.09820000000000001
0.03564757754245651,0.0983
0.034584047146603014,0.0984
0.0337184310322971,0.0985
0.03306513235613995,0.09860000000000001
0.03263679284964116,0.09870000000000001
0.032443931402798665,0.0988
0.03249455664300793,0.0989
0.03279365757566888,0.099
0.033342907859394755,0.09910000000000001
0.03414034952238709,0.09920000000000001
0.03518034767723033,0.0993
0.036453648372752,0.0994
0.037947721543144075,0.0995
0.039647172777088846,0.09960000000000001
0.04153430323213225,0.09970000000000001
0.043589562935292925,0.0998
0.04576492985873859,0.0999
0.04801378012731061,0.1
0.05033636380666251,0.10010000000000001
0.05272857415809873,0.10020000000000001
0.05517589861449812,0.1003
0.05766376238856252,0.1004
0.0601678596233276,0.1005
0.06266805044655355,0.10060000000000001
0.06514529697857885,0.10070000000000001
0.06758070351496037,0.1008
0.0699567773839983,0.1009
0.0722569690684578,0.101
0.07446570706321898,0.10110000000000001
0.07656860192796,0.1012
0.07855240262692187,0.1013
0.08040490724446148,0.1014
0.0821150236818381,0.1015
0.08367269177803671,0.10160000000000001
0.08506897235277544,0.1017
0.08629604789923495,0.1018
0.08734730707867966,0.1019
0.08821731312395509,0.10200000000000001
0.0889018149724301,0.10210000000000001
0.08939765190759763,0.1022
0.08970274340403406,0.1023
0.08981605524602754,0.1024
0.08973768040409735,0.10250000000000001
0.08946888580571555,0.10260000000000001
0.08901217363066938,0.1027
0.08837122568079991,0.1028
0.08755082179671458,0.1029
0.08651667940209551,0.10300000000000001
0.08512795008284668,0.10310000000000001
0.08355316167214832,0.1032
0.08176355836181903,0.1033
0.07986973210533976,0.1034
0.07788576556810856,0.10350000000000001
0.0758240582897215,0.10360000000000001
0.07369689124000622,0.1037
0.07151809362288031,0.1038
0.06930257784055605,0.1039
0.06706617021405148,0.10400000000000001
0.06482450344520507,0.1041
0.06259277401983976,0.1042
0.0603890981595826,0.1043
0.05823655466041022,0.1044
0.05615774922933414,0.10450000000000001
0.054170841349455934,0.1046
0.05229134069809027,0.1047
0.05053279860737292,0.1048
0.048907304733307067,0.10490000000000001
0.04742692400496251,0.10500000000000001
0.04610344014228129,0.1051
0.04494797582975729,0.1052
0.043824159709524135,0.1053
0.04282248025145807,0.10540000000000001
0.042012439629114384,0.10550000000000001
0.04135692797118673,0.1056
0.04079803732479914,0.1057
0.040457596009700225,0.1058
0.040348411754004276,0.10590000000000001
0.0404761982184243,0.10600000000000001
0.04067830758870428,0.1061
0.041099937522986796,0.1062
0.04176135937135328,0.1063
0.042660943016828545,0.10640000000000001
0.0437919820215098,0.10650000000000001
0.04514467871486527,0.1066
0.04670518089362963,0.1067
0.04845715121562999,0.1068
0.05038150735759239,0.10690000000000001
0.052430116722590014,0.10700000000000001
0.05455529132934411,0.1071
0.05675463352159671,0.1072
0.059020889106581986,0.1073
0.06133617062426133,0.10740000000000001
0.06368185206299182,0.1075
0.06602920428504855,0.1076
0.06835344232063989,0.1077
0.07063094722100349,0.1078
0.07283868596054266,0.10790000000000001
0.07495560166843351,0.108
0.07696224153973552,0.1081
0.0788407474052647,0.1082
0.080574999253467,0.10830000000000001
0.08215052734762385,0.10840000000000001
0.08355442277446379,0.1085
0.08477541117758225,0.1086
0.08580378298582347,0.1087
0.08663144335266626,0.10880000000000001
0.08725183021958349,0.10890000000000001
0.087659883714305,0.109
0.08785191710594265,0.1091
0.0878255792937992,0.1092
0.08757978329648264,0.10930000000000001
0.08711476607423907,0.10940000000000001
0.08643213974813102,0.1095
0.0855350315292287,0.1096
0.08442815752747401,0.1097
0.08311787972258033,0.10980000000000001
0.08161213164562997,0.10990000000000001
0.07992030444215958,0.11
0.07805307834830844,0.1101
0.07602231811946991,0.1102
0.07384100542503891,0.11030000000000001
0.07152323695561846,0.11040000000000001
0.06908420942070792,0.1105
0.06650184272345827,0.1106
0.06381466491682786,0.1107
0.061045634748916555,0.11080000000000001
0.05824991486887332,0.1109
0.055449088770605615,0.111
0.05266363487052805,0.1111
0.04991406434804291,0.11120000000000001
0.047222742599616785,0.11130000000000001
0.04460623262931818,0.1114
0.04209236118209847,0.1115
0.03969639652826573,0.1116
0.03743870876662725,0.11170000000000001
0.03534038295118025,0.11180000000000001
0.0334216360875772,0.1119
0.031703972364119704,0.112
0.030208428906418394,0.1121
0.02881648441271545,0.11220000000000001
0.02767051821795108,0.11230000000000001
0.02679925358393187,0.1124
0.0262223914888704,0.1125
0.025955806602061537,0.1126
0.026012451653891322,0.11270000000000001
0.02640026820271757,0.11280000000000001
0.02712281368892344,0.1129
0.028177886325867707,0.113
0.029557157424620062,0.1131
0.031246350359043662,0.11320000000000001
0.03322583324556461,0.11330000000000001
0.03547153187619756,0.1134
0.037955945524347,0.1135
0.0406491119481196,0.1136
0.04351944691506593,0.11370000000000001
0.046504752521439485,0.11380000000000001
0.04954535340481159,0.1139
0.05263485454634664,0.114
0.055763908935712925,0.11410000000000001
0.0589128598896691,0.11420000000000001
0.06206310103182633,0.1143
0.06518600582988077,0.1144
0.0682578702039035,0.1145
0.07125673094623042,0.11460000000000001
0.07416135357844977,0.11470000000000001
0.07695267941192163,0.1148
0.07961319852881588,0.1149
0.08212678830587783,0.115
0.0844787276809531,0.11510000000000001
0.08665550751417517,0.11520000000000001
0.08864469626902971,0.1153
0.09043504782744971,0.1154
0.09201650339524636,0.1155
0.09338035864393857,0.11560000000000001
0.09451930611277093,0.11570000000000001
0.09542753037096141,0.1158
0.09610066617842206,0.1159
0.0965357974236768,0.116
0.09673134372477121,0.11610000000000001
0.09668703185826066,0.11620000000000001
0.09640383438981659,0.1163
0.09588402735898305,0.1164
0.09513121967970206,0.1165
0.09415041574483818,0.11660000000000001
0.09282905285159415,0.11670000000000001
0.09104018382527546,0.1168
0.08900927949661064,0.1169
0.08677904022394789,0.117
0.08433086608112761,0.11710000000000001
0.08173617012001033,0.11720000000000001
0.07906366183125801,0.1173
0.07633116344810098,0.1174
0.07355643487363528,0.11750000000000001
0.0707586603767616,0.11760000000000001
0.06795827672978683,0.1177
0.06517600108189092,0.1178
0.06243234187053226,0.1179
0.05973494992635742,0.11800000000000001
0.05703210115191859,0.11810000000000001
0.054419221888706515,0.1182
0.051922202766425896,0.1183
0.04956184335510372,0.1184
0.04725764981367164,0.11850000000000001
0.045044557771585,0.11860000000000001
0.043000090679933045,0.1187
0.041146649472401764,0.1188
0.039501917738649084,0.1189
0.038081322444056376,0.11900000000000001
0.03687624623275765,0.11910000000000001
0.03566610115755009,0.1192
0.034699903520579056,0.1193
0.033962300278492785,0.1194
0.03334189612513794,0.11950000000000001
0.03301231005744443,0.11960000000000001
0.03299432674624958,0.1197
0.033214581667690535,0.1198
0.03360148345968805,0.1199
0.03430502531315649,0.12000000000000001
0.035332667183628486,0.12010000000000001
0.03668012408302701,0.1202
0.03833628185118387,0.1203
0.040284235675535296,0.12040000000000001
0.042501359587864274,0.12050000000000001
0.04496125389186201,0.1206
0.04763382063460586,0.1207
0.050458294462337516,0.1208
0.05337404947100444,0.12090000000000001
0.05636825321137917,0.12100000000000001
0.05942450255007792,0.1211
0.06251659029332046,0.1212
0.06561898080041229,0.1213
0.06869667078571506,0.12140000000000001
0.07171929791078202,0.12150000000000001
0.07465823048935072,0.1216
0.07748588787416588,0.1217
0.08017733520850334,0.1218
0.08271001869496153,0.12190000000000001
0.08506382451050842,0.12200000000000001
0.08722116713828643,0.1221
0.08916675507055127,0.1222
0.09088732447769698,0.1223
0.09237156080365083,0.12240000000000001
0.09360990891950549,0.12250000000000001
0.09459452889106545,0.1226
0.09531913986543239,0.1227
0.09577894455318225,0.1228
0.09597050163267729,0.12290000000000001
0.09589173764923131,0.12300000000000001
0.09554195275674393,0.1231
0.09492195722025953,0.1232
0.09403417452928042,0.1233
0.0928828054894637,0.12340000000000001
0.09147390489108287,0.12350000000000001
0.08981543373459655,0.1236
0.08791717546375277,0.1237
0.08579060781065206,0.12380000000000001
0.08333100390697434,0.12390000000000001
0.08046099752758584,0.124
0.0774500727645171,0.1241
0.07432455503745139,0.1242
0.07110362810361726,0.12430000000000001
0.0678050225621688,0.12440000000000001
0.06444832934247424,0.1245
0.06105464468937094,0.1246
0.05764698422816461,0.1247
0.0542491872073112,0.12480000000000001
0.05088549935180664,0.12490000000000001
0.047583824533609986,0.125
0.04437761987385991,0.12510000000000002
0.04130025327345921,0.1252
0.038380826568795046,0.1253
0.03560679883352602,0.1254
0.03289429471378713,0.1255
0.030384102885433917,0.12560000000000002
0.028110293962652966,0.1257
0.025954965171247846,0.1258
0.024031096558667198,0.1259
0.022410245917474647,0.126
0.021123073557195227,0.12610000000000002
0.020012798379937413,0.1262
0.01921210267166118,0.1263
0.018801467805691585,0.1264
0.018809843123852588,0.1265
0.01925608007059587,0.12660000000000002
0.020151198273923088,0.1267
0.02149441778961214,0.1268
0.023274045777102348,0.1269
0.025467269138370163,0.127
0.028041454811589928,0.12710000000000002
0.03095666041461098,0.1272
0.03416835304128263,0.1273
0.03762980826391171,0.1274
0.04129407299940646,0.1275
0.04508307130283762,0.12760000000000002
0.048923325884784985,0.1277
0.052801052627479805,0.1278
0.05670112416708939,0.1279
0.0605982525754265,0.128
0.06446947893644672,0.12810000000000002
0.0682819899245658,0.1282
0.0720088870494584,0.1283
0.07562565463676196,0.12840000000000001
0.07910869141467158,0.1285
0.08243671083351667,0.12860000000000002
0.0855900116606485,0.1287
0.08855042278787317,0.1288
0.09130148079818401,0.12890000000000001
0.09382832711151079,0.129
0.09611755639428676,0.1291
0.09815723300944823,0.1292
0.09993678822923902,0.1293
0.1014471327849279,0.12940000000000002
0.10268069581044426,0.1295
0.10363153408780212,0.1296
0.1042952898394397,0.1297
0.10466917641622653,0.1298
0.10475185789054364,0.12990000000000002
0.10454344420999007,0.13
0.10404547649491858,0.1301
0.10326103946553833,0.1302
0.10219482610965935,0.1303
0.10055318030633764,0.13040000000000002
0.09792037042042567,0.1305
0.09511478696773379,0.1306
0.09219083984104592,0.1307
0.08916969021922139,0.1308
0.08606471072431732,0.13090000000000002
0.08289128221808906,0.131
0.07966770237369558,0.1311
0.07641696677176701,0.1312
0.07316466695407076,0.1313
0.06993684268501965,0.13140000000000002
0.06674501502777463,0.1315
0.06349233850658609,0.1316
0.06031585904146697,0.1317
0.057199271901593685,0.1318
0.05408674933992197,0.13190000000000002
0.05110720316201989,0.132
0.048287621752178156,0.1321
0.04555693007533024,0.1322
0.04286997956109606,0.1323
0.0403802405106497,0.13240000000000002
0.037956216082308813,0.1325
0.03565256253272797,0.1326
0.03359956534728337,0.1327
0.031826602548332694,0.1328
0.030353099393263916,0.13290000000000002
0.029034334211854418,0.133
0.027846370389551067,0.1331
0.026992845569746793,0.1332
0.026265343359376914,0.1333
0.025885053064985675,0.13340000000000002
0.025905071456571838,0.1335
0.026196701966373803,0.1336
0.026738222472142636,0.1337
0.027688145595959668,0.1338
0.029056558412076106,0.13390000000000002
0.030836754251526433,0.134
0.03301210031629087,0.1341
0.035556816695749394,0.1342
0.038437139978992896,0.1343
0.04161410421627498,0.13440000000000002
0.045044099928712944,0.1345
0.04865099776934545,0.1346
0.05235908054739391,0.13470000000000001
0.05614452778459311,0.1348
0.05998167295854362,0.13490000000000002
0.06383595079997229,0.135
0.06767514111748474,0.1351
0.07145832353301174,0.13520000000000001
0.07515034805268916,0.1353
0.07871872585550233,0.13540000000000002
0.08213266925116613,0.1355
0.08536474226940616,0.1356
0.08839055459915102,0.13570000000000002
0.09118884191404408,0.1358
0.09374149555118838,0.1359
0.0960331636192121,0.136
0.0980507507883982,0.1361
0.09978313610260825,0.13620000000000002
0.10122086205141412,0.1363
0.10235607878174025,0.1364
0.10318244453548442,0.1365
0.10369513232540828,0.1366
0.10389077418854398,0.13670000000000002
0.10376752867784234,0.1368
0.10332511924277854,0.1369
0.10256498539072179,0.137
0.1014903753361146,0.1371
0.10010648465027427,0.13720000000000002
0.09842049818261744,0.1373
0.09622904193331006,0.1374
0.09304885975285127,0.1375
0.08972969217914961,0.1376
0.08631650774604704,0.13770000000000002
0.08283279661473042,0.1378
0.07929354474024353,0.1379
0.07571549138471967,0.138
0.07211766112899554,0.1381
0.06845888532237066,0.13820000000000002
0.06475585199885225,0.1383
0.06106116195790634,0.1384
0.05729395701721196,0.1385
0.053584218595651434,0.1386
0.04994743861011974,0.13870000000000002
0.046260685416531055,0.1388
0.042699334709003445,0.1389
0.0391737265780856,0.139
0.035736831586541395,0.1391
0.03249632387788215,0.13920000000000002
0.029489199340088534,0.1393
0.026746177360248202,0.1394
0.024180776102797008,0.1395
0.021713675630220086,0.1396
0.019560607815581443,0.13970000000000002
0.017530451455489926,0.1398
0.015850639731682215,0.1399
0.014588327320787853,0.14
0.01364077982564349,0.1401
0.01297920028348365,0.14020000000000002
0.012957088002201855,0.1403
0.013508027203081863,0.1404
0.0144067832935304,0.1405
0.01585728531770969,0.1406
0.017900270976462407,0.14070000000000002
0.02045350580416394,0.1408
0.023503561943425177,0.1409
0.026964753881325576,0.14100000000000001
0.030776151057307244,0.1411
0.03487038438984347,0.14120000000000002
0.03915531496220348,0.1413
0.04354230590485897,0.1414
0.04800690311536315,0.14150000000000001
0.05252453037132909,0.1416
0.05706358814143875,0.14170000000000002
0.061595113029763504,0.1418
0.06608057074704399,0.1419
0.0704866631606006,0.14200000000000002
0.0747825418749124,0.1421
0.07893857641009938,0.1422
0.08292835824832512,0.1423
0.08672800646242196,0.1424
0.09031618188793844,0.14250000000000002
0.09367393651745803,0.1426
0.0967844304667057,0.1427
0.09963247923508589,0.1428
0.10220443607012619,0.1429
0.10448792963118958,0.14300000000000002
0.10647194537304583,0.1431
0.1081468400570682,0.1432
0.10950448533877877,0.1433
0.11053824222525221,0.1434
0.1112429978112619,0.14350000000000002
0.11161513688860714,0.1436
0.11165269559562274,0.1437
0.11135551637994667,0.1438
0.11072547013723544,0.1439
0.10940013652081704,0.14400000000000002
0.10661524561083968,0.1441
0.10364908916146343,0.1442
0.10055585225749752,0.1443
0.09736108480979977,0.1444
0.09407957553829072,0.14450000000000002
0.09072870182337278,0.1446
0.08732782790047144,0.1447
0.08390064767334104,0.1448
0.08046912085624525,0.1449
0.07691391446290619,0.14500000000000002
0.07338614441003777,0.1451
0.06986986313692578,0.1452
0.06629683815831211,0.1453
0.06281172190906026,0.1454
0.059446540116559365,0.14550000000000002
0.05622761972450285,0.1456
0.05294622555783346,0.1457
0.0497985766386726,0.1458
0.046650796133095085,0.1459
0.043599992528383646,0.14600000000000002
0.040764771976040226,0.1461
0.037903915755310935,0.1462
0.035215345321162994,0.1463
0.03260911505704289,0.1464
0.030127150151071147,0.14650000000000002
0.027947513170100136,0.1466
0.026112557431691386,0.1467
0.024652607065718035,0.1468
0.023203027811012467,0.1469
0.022118165321115102,0.14700000000000002
0.021293704698243765,0.1471
0.020772206913270974,0.1472
0.02070616036002937,0.14730000000000001
0.020968678473624935,0.1474
0.02150380199591262,0.14750000000000002
0.02251671339903427,0.1476
0.024029791518591415,0.1477
0.026038629695322557,0.14780000000000001
0.028524264657142417,0.1479
0.031454122572007304,0.14800000000000002
0.03478365860642385,0.1481
0.03846159878352595,0.1482
0.04243131118633259,0.14830000000000002
0.046602709448363644,0.1484
0.05088706441986224,0.14850000000000002
0.05525135988959762,0.1486
0.059662546295949026,0.1487
0.0640796258167795,0.14880000000000002
0.06846543308628306,0.1489
0.07277498132668458,0.149
0.07697029254389776,0.1491
0.08101709224047449,0.1492
0.0848833958815639,0.14930000000000002
0.0885408680633396,0.1494
0.09196420492158208,0.1495
0.09513111005785835,0.1496
0.09802235565277995,0.1497
0.10062146613382705,0.14980000000000002
0.102914297175555,0.1499
0.10488881834143582,0.15
0.10653485826438858,0.1501
0.10784410085019214,0.1502
0.10881001606611063,0.15030000000000002
0.10942785191405013,0.1504
0.10969451506383121,0.1505
0.10960854136021458,0.1506
0.10917003075389753,0.1507
0.1083807162329753,0.15080000000000002
0.10724401162760033,0.1509
0.10503955131571241,0.151
0.10184056225432181,0.1511
0.09849788027676387,0.1512
0.09505812288224236,0.15130000000000002
0.09154369090314318,0.1514
0.08797111932921464,0.1515
0.08435935349620882,0.1516
0.08069723828366004,0.1517
0.07692717138487604,0.15180000000000002
0.07316636424027312,0.1519
0.06935629297352763,0.152
0.06550950843119951,0.1521
0.06172834824883322,0.1522
0.05804207659166383,0.15230000000000002
0.05428912269574204,0.1524
0.05060323455974092,0.1525
0.046866412748497455,0.1526
0.04321213045914196,0.1527
0.03964819892945082,0.15280000000000002
0.03606897655399921,0.1529
0.032575351379326545,0.153
0.029129599813160656,0.1531
0.025941179358917488,0.1532
0.023056161746704662,0.15330000000000002
0.020454629568516625,0.1534
0.017894021603368948,0.1535
0.015684890519291894,0.15360000000000001
0.013758027486311386,0.1537
0.01222990622340836,0.15380000000000002
0.011192016947576988,0.1539
0.010690446245046559,0.154
0.010654050485161548,0.15410000000000001
0.010900117645287422,0.1542
0.011728337701893299,0.15430000000000002
0.013023151362343777,0.1544
0.014760498741877237,0.1545
0.01713943072256008,0.15460000000000002
0.020131379762585055,0.1547
0.023633963182233098,0.15480000000000002
0.02758410916924281,0.1549
0.031880803010097214,0.155
0.036451525746574065,0.15510000000000002
0.04119070805347924,0.1552
0.046004415633837725,0.1553
0.05086621614442777,0.1554
0.05575305096401828,0.1555
0.06063112836542495,0.15560000000000002
0.06547097695975568,0.1557
0.07023240553527221,0.1558
0.0748816617049719,0.1559
0.0793879073803152,0.156
0.08372193718703869,0.15610000000000002
0.08785786452664868,0.1562
0.09177232820220405,0.1563
0.09544408501914392,0.1564
0.0988539612519217,0.1565
0.10198452288561466,0.15660000000000002
0.10481996988311071,0.1567
0.10734623761625761,0.1568
0.10955157223257772,0.1569
0.11142249771937274,0.157
0.1129407664348947,0.15710000000000002
0.11409532820322965,0.1572
0.11488738515176855,0.1573
0.11532036637244769,0.1574
0.11539549471247101,0.1575
0.11511799385201027,0.15760000000000002
0.11450077063299924,0.1577
0.11206595942628395,0.1578
0.10912431005344991,0.1579
0.10602897121325106,0.158
0.10281401776016563,0.15810000000000002
0.09942759080956065,0.1582
0.09593233293792469,0.1583
0.09235444757232325,0.1584
0.08872131940571504,0.1585
0.08506230779729629,0.15860000000000002
0.08140741810933405,0.1587
0.07778545652641355,0.1588
0.07422406935178527,0.1589
0.07057079507348374,0.159
0.06697740848869937,0.15910000000000002
0.06345681919988555,0.1592
0.05988550681314797,0.1593
0.056456943262420234,0.15940000000000001
0.053200323213001166,0.1595
0.050032311189209366,0.15960000000000002
0.04684293215934465,0.1597
0.043740113763949484,0.1598
0.0406291488559376,0.15990000000000001
0.03775190917639826,0.16
0.03484454592510433,0.16010000000000002
0.032118231886753,0.1602
0.02944453448421913,0.1603
0.02695834985846579,0.16040000000000001
0.024824121066969074,0.1605
0.023089768081294926,0.16060000000000002
0.021763704686874163,0.1607
0.020469159797423364,0.1608
0.019598650349770486,0.16090000000000002
0.019096639306464658,0.161
0.018793089714671307,0.16110000000000002
0.01894642601112273,0.1612
0.01927514722060053,0.1613
0.02003095203497418,0.16140000000000002
0.021340541613824815,0.1615
0.023203212642913584,0.16160000000000002
0.02560306513705579,0.1617
0.028507567256027322,0.1618
0.03186918593879029,0.16190000000000002
0.0356314460526439,0.162
0.03973246647636497,0.1621
0.044075783219378994,0.1622
0.04856573052320656,0.1623
0.05316103220202972,0.16240000000000002
0.05782185810006912,0.1625
0.06250210963669312,0.1626
0.06716069630047539,0.1627
0.0717498309959419,0.1628
0.07622925288993498,0.16290000000000002
0.08056284844468975,0.163
0.08471700929781778,0.1631
0.08866157574275269,0.1632
0.09236898537190141,0.1633
0.09581420987030109,0.16340000000000002
0.09897511438598894,0.1635
0.10183314065233973,0.1636
0.10436896446032662,0.1637
0.10655934855329696,0.1638
0.10838912711258086,0.16390000000000002
0.10985614445228475,0.164
0.11096090532240888,0.1641
0.11170251373952589,0.1642
0.11208061365683197,0.1643
0.1120956375213471,0.16440000000000002
0.11175149783049976,0.1645
0.11105916815530037,0.1646
0.11002526172378135,0.1647
0.10735696633334957,0.1648
0.10409851228014244,0.16490000000000002
0.10066592086992243,0.165
0.09712123501006387,0.1651
0.09348549215063628,0.1652
0.08977933206773558,0.1653
0.08602509601684072,0.16540000000000002
0.08224897314384627,0.1655
0.07847971888133443,0.1656
0.07467162907169378,0.16570000000000001
0.07080824593576629,0.1658
0.06701161487097695,0.16590000000000002
0.06314459171419451,0.166
0.05932561233920208,0.1661
0.05562800865864803,0.16620000000000001
0.052030866558141264,0.1663
0.04835413086470819,0.16640000000000002
0.044763195708508396,0.1665
0.041103626503375956,0.1666
0.03763083521615407,0.16670000000000001
0.03403304468619428,0.1668
0.030560821885620593,0.16690000000000002
0.02709824794115656,0.167
0.023915008171065733,0.1671
0.02106148400280028,0.16720000000000002
0.01845615772087017,0.1673
0.015982604073361273,0.16740000000000002
0.013919502985761723,0.1675
0.01227205730289338,0.1676
0.01088525264416984,0.16770000000000002
0.009998358741360125,0.1678
0.009689154688004686,0.16790000000000002
0.009736123147591869,0.168
0.01021768469144857,0.1681
0.011331861277209532,0.16820000000000002
0.012952575553296874,0.1683
0.015041542124166751,0.16840000000000002
0.017780401903068732,0.1685
0.021125454299893764,0.1686
0.024964309745887148,0.16870000000000002
0.029227871061267896,0.1688
0.033811154769926466,0.1689
0.038605634332259164,0.169
0.04350758183384418,0.1691
0.04848394339910289,0.16920000000000002
0.053504592272635154,0.1693
0.05853361474862839,0.1694
0.06353859182068755,0.1695
0.06847852271069732,0.1696
0.0733182694645278,0.16970000000000002
0.07802542300183168,0.1698
0.08256853027110012,0.1699
0.08691906245864711,0.17
0.09105086961112552,0.1701
0.09494041786269203,0.17020000000000002
0.09856681539840007,0.1703
0.10191154081158815,0.1704
0.10495797401388296,0.1705
0.10769184239201224,0.1706
0.1100967613448629,0.17070000000000002
0.11215129732372042,0.1708
0.11384129651440367,0.1709
0.1151653192893245,0.171
0.11612449052429874,0.1711
0.11671852422993423,0.17120000000000002
0.11694772574228363,0.1713
0.1168131843891348,0.1714
0.11631944661370108,0.1715
0.11380536592181467,0.1716
0.11085339381357517,0.17170000000000002
0.107738713221736,0.1718
0.10449407287470858,0.1719
0.10113595691457822,0.17200000000000001
0.09768450183875188,0.1721
0.09406204945376806,0.17220000000000002
0.09035563501452015,0.1723
0.08661457457721067,0.1724
0.08287218303526467,0.17250000000000001
0.07915848716767404,0.1726
0.0755015005364551,0.17270000000000002
0.07192771003863896,0.1728
0.068297355998852,0.1729
0.0647134614445476,0.17300000000000001
0.061236790919963924,0.1731
0.05768245055038368,0.17320000000000002
0.054284631357753854,0.1733
0.05107505259686107,0.1734
0.0479102763282393,0.17350000000000002
0.044766586610692105,0.1736
0.04161750243673068,0.17370000000000002
0.038544275879282885,0.1738
0.03563937095656189,0.1739
0.03269165899896498,0.17400000000000002
0.029936289673735628,0.1741
0.027205071836292394,0.17420000000000002
0.024812384468553494,0.1743
0.022816629085353535,0.1744
0.021257466352061938,0.17450000000000002
0.019827772078929273,0.1746
0.018718785099620217,0.17470000000000002
0.018073256861593112,0.1748
0.017585727941596963,0.1749
0.017533882362656295,0.17500000000000002
0.01779417796275462,0.1751
0.018330358856826212,0.1752
0.019413352764469094,0.1753
0.021089469618236434,0.1754
0.023336070205941306,0.17550000000000002
0.02612619584362852,0.1756
0.029412770011977285,0.1757
0.03313744513375694,0.1758
0.03723550836918754,0.1759
0.04163882602124769,0.17600000000000002
0.046244081343084,0.1761
0.05095179025459373,0.1762
0.05572408895378378,0.1763
0.06052493519886859,0.1764
0.0653109821427671,0.17650000000000002
0.07004425510903378,0.1766
0.07467913642784196,0.1767
0.07917784439690312,0.1768
0.08350653804802988,0.1769
0.08763343898459763,0.17700000000000002
0.09152998209696583,0.1771
0.0951700126619599,0.1772
0.09852983381933444,0.1773
0.10158918783366222,0.1774
0.10432698358069858,0.17750000000000002
0.10671816039699977,0.1776
0.10874610815456243,0.1777
0.11040758488126201,0.1778
0.11170234267708912,0.1779
0.11262885375817056,0.17800000000000002
0.11318623763096403,0.1781
0.11337492864376952,0.1782
0.11319487137117978,0.17830000000000001
0.11265010131958764,0.1784
0.11175210115426037,0.17850000000000002
0.10909937512321333,0.1786
0.10588489014720337,0.1787
0.10253220720718192,0.17880000000000001
0.09905007801025656,0.1789
0.09541179862806148,0.17900000000000002
0.09168689392274731,0.1791
0.08790019070145982,0.1792
0.08408008976616499,0.17930000000000001
0.08025708833396494,0.1794
0.07646196321504506,0.17950000000000002
0.07266739308807457,0.1796
0.06880096723595097,0.1797
0.06501842584577378,0.17980000000000002
0.06118925791713248,0.1799
0.057400678505883374,0.18000000000000002
0.053748574841393726,0.1801
0.05019941186856447,0.1802
0.04657078093319855,0.18030000000000002
0.04299775737606448,0.1804
0.039386047301447125,0.18050000000000002
0.03590644201489557,0.1806
0.032363163289945485,0.1807
0.028864681863113084,0.18080000000000002
0.025470685634821244,0.1809
0.022380772426641604,0.18100000000000002
0.019643356435842918,0.1811
0.017023573329155717,0.1812
0.01468440413621086,0.18130000000000002
0.012799376012303965,0.1814
0.011214160443057342,0.18150000000000002
0.010036674000120538,0.1816
0.009406662622270412,0.1817
0.0093376627233972,0.18180000000000002
0.009503241700261178,0.1819
0.010284727825232487,0.182
0.011729337088185243,0.1821
0.013694327301186693,0.1822
0.016122478741120494,0.18230000000000002
0.01917903532908971,0.1824
0.022809607132246335,0.1825
0.026898680330816438,0.1826
0.03137671839091927,0.1827
0.036139915121187416,0.18280000000000002
0.041080028962262816,0.1829
0.04609447547748258,0.183
0.051155444157315655,0.1831
0.05623669346487725,0.1832
0.06130427136026273,0.18330000000000002
0.06632735557969183,0.1834
0.07126560695547701,0.1835
0.07608489617026959,0.1836
0.0807539592766473,0.1837
0.08524250435940406,0.18380000000000002
0.0895232474552331,0.1839
0.09357119201226627,0.184
0.09736376387539014,0.1841
0.10088081043023134,0.1842
0.10410436757945085,0.18430000000000002
0.10701882526302653,0.1844
0.10960660292676372,0.1845
0.11184488616344901,0.18460000000000001
0.11371815989077305,0.1847
0.11522360531551334,0.18480000000000002
0.11636118655421057,0.1849
0.11712968967827586,0.185
0.11752886003284202,0.18510000000000001
0.11755993312248036,0.1852
0.1172237514712674,0.18530000000000002
0.11524835600226824,0.1854
0.11235555424945753,0.1855
0.10927999335921057,0.18560000000000001
0.10606317150685962,0.1857
0.10272405218159053,0.18580000000000002
0.09928053670983106,0.1859
0.09575431694244607,0.186
0.09206256700611903,0.18610000000000002
0.08829718198538072,0.1862
0.08451650692806723,0.18630000000000002
0.08075380928978138,0.1864
0.07703837073174191,0.1865
0.07339746073039921,0.18660000000000002
0.06985730400270052,0.1867
0.0662053743015718,0.18680000000000002
0.06266980872358019,0.1869
0.05917858868012593,0.187
0.05568129570648295,0.18710000000000002
0.05235658229157991,0.1872
0.049234005735852904,0.18730000000000002
0.04601368127397931,0.1874
0.04293069339421174,0.1875
0.039711005824686785,0.18760000000000002
0.036721695160330414,0.1877
0.03370544961204458,0.18780000000000002
0.030852954664154053,0.1879
0.027994816110580745,0.188
0.025391251559698347,0.18810000000000002
0.023167969184852977,0.1882
0.021372737099586425,0.1883
0.019864648098933513,0.1884
0.018531529645206435,0.1885
0.017656311913062384,0.18860000000000002
0.017048470262257975,0.1887
0.01681448214317305,0.1888
0.017054683830521666,0.1889
0.01734684444242407,0.189
0.018168343262861875,0.18910000000000002
0.01958018837315123,0.1892
0.02159984541556703,0.1893
0.024188868568412847,0.1894
0.027310283192970353,0.1895
0.030903552004894586,0.18960000000000002
0.03490514727307992,0.1897
0.039245137466582314,0.1898
0.04382063773042977,0.1899
0.04852995524164272,0.19
0.05333098200149622,0.19010000000000002
0.05818363633264512,0.1902
0.06304189782611724,0.1903
0.06786539773246791,0.1904
0.07260694649897226,0.1905
0.07722709471257361,0.19060000000000002
0.08169054540040444,0.1907
0.08596421192244419,0.1908
0.09001834301358402,0.19090000000000001
0.09382558428977794,0.191
0.09736098104800017,0.19110000000000002
0.10060281662483272,0.1912
0.10352838705931577,0.1913
0.10611093196207444,0.19140000000000001
0.10833219464901767,0.1915
0.11018749320281662,0.19160000000000002
0.11167552910791378,0.1917
0.1127940839917202,0.1918
0.11354177347993888,0.19190000000000002
0.11391855034060616,0.192
0.11392432472393432,0.19210000000000002
0.11355902233712356,0.1922
0.11282700465366435,0.1923
0.110724875217877,0.19240000000000002
0.10757820906518167,0.1925
0.10427123043367048,0.19260000000000002
0.10084987366410181,0.1927
0.09730926729418199,0.1928
0.09360718138880864,0.19290000000000002
0.0898284114663429,0.193
0.08600215971623071,0.19310000000000002
0.08215996076883403,0.1932
0.07833335286952758,0.1933
0.07455226174129015,0.19340000000000002
0.07074600642878082,0.1935
0.06691014273209772,0.19360000000000002
0.0631745047594846,0.1937
0.059347828132126246,0.1938
0.05561772913484209,0.19390000000000002
0.05203879503321618,0.194
0.048492517435525295,0.19410000000000002
0.04493900485915825,0.1942
0.041347711312275104,0.1943
0.03781738803085566,0.19440000000000002
0.034310220685167536,0.1945
0.03085998452112615,0.19460000000000002
0.027331711154457317,0.1947
0.024048119949793723,0.1948
0.02109542357627947,0.19490000000000002
0.018473620083427678,0.195
0.015920302771167405,0.1951
0.013778017698058642,0.1952
0.01209948195344257,0.1953
0.010652181203026245,0.19540000000000002
0.009705262784305724,0.1955
0.009342028310825423,0.1956
0.009370599519075151,0.1957
0.009809675211434055,0.1958
0.010891896500607512,0.19590000000000002
0.012495968008100489,0.196
0.014586146775233066,0.1961
0.017344014300672894,0.1962
0.02072410491246912,0.1963
0.02461142054513199,0.19640000000000002
0.02893450602515868,0.1965
0.033586188902521075,0.1966
0.038455383229470064,0.1967
0.04343585656716953,0.1968
0.04849289149161806,0.19690000000000002
0.05359485314715218,0.197
0.05870442336067083,0.1971
0.06378817932601188,0.19720000000000001
0.06880436435658688,0.1973
0.07371746345913965,0.19740000000000002
0.07849493124699358,0.1975
0.08310522893937289,0.1976
0.08751967759002677,0.19770000000000001
0.09171181444690002,0.1978
0.0956576259540427,0.19790000000000002
0.09933562156602105,0.198
0.10272662714363257,0.1981
0.105813913621438,0.19820000000000002
0.10857882096925797,0.1983
0.11099749909330237,0.19840000000000002
0.11305344501801884,0.1985
0.11474292526060514,0.1986
0.11606511313172019,0.19870000000000002
0.11701808799615776,0.1988
0.1176008640192584,0.19890000000000002
0.11781388256837888,0.199
0.1176576413888738,0.1991
0.11659581795783625,0.19920000000000002
0.11379464991544108,0.1993
0.11078205355874171,0.19940000000000002
0.10761498210672871,0.1995
0.10431830883344462,0.1996
0.10090794159355143,0.19970000000000002
0.09740451382545912,0.1998
0.09381630751864045,0.19990000000000002
0.09005782537364981,0.2
0.08626631966100518,0.2001
0.0824786019983843,0.20020000000000002
0.07872644684542418,0.2003
0.07503780233125068,0.20040000000000002
0.07143886591140514,0.2005
0.0678659060011021,0.2006
0.06425992338184383,0.20070000000000002
0.06079240316825629,0.2008
0.05725380890379883,0.20090000000000002
0.05382845140443804,0.201
0.05059275435119859,0.2011
0.047445965781870214,0.20120000000000002
0.04426793776017646,0.2013
0.04109318302492948,0.20140000000000002
0.0379692975862691,0.2015
0.03498625100880459,0.2016
0.031977785191082075,0.20170000000000002
0.02910621885463316,0.2018
0.026318705882523608,0.2019
0.023884950453781695,0.202
0.02186203943048093,0.2021
0.020281806600648045,0.20220000000000002
0.018728920147845107,0.2023
0.017609769389224317,0.2024
0.016882809418255817,0.2025
0.016438734529444776,0.2026
0.016479673011667195,0.20270000000000002
0.016811263561914425,0.2028
0.01735553250476607,0.2029
0.018483269104347055,0.203
0.020215940506917107,0.2031
0.022555335072729,0.20320000000000002
0.02545212868170843,0.2033
0.02885728336754867,0.2034
0.032704089553554194,0.20350000000000001
0.0369243488023987,0.2036
0.041445591978411134,0.20370000000000002
0.04616228268179556,0.2038
0.05097234311716026,0.2039
0.055838576973093135,0.20400000000000001
0.06072560792939985,0.2041
0.06559079072378726,0.20420000000000002
0.07039697951736501,0.2043
0.0750991461512398,0.2044
0.07966001040331783,0.20450000000000002
0.08404615148283667,0.2046
0.08822600746636522,0.20470000000000002
0.09217126766947559,0.2048
0.09585602851232289,0.2049
0.09925686144922219,0.20500000000000002
0.10235363904230277,0.2051
0.10512514905650261,0.20520000000000002
0.10754590940659903,0.2053
0.1095988893936628,0.2054
0.11128064927948833,0.20550000000000002
0.11259098270502421,0.2056
0.11352857263760574,0.20570000000000002
0.11409282137992383,0.2058
0.11428438645954109,0.2059
0.11410331066961299,0.20600000000000002
0.11355366459979077,0.2061
0.11228381218468586,0.20620000000000002
0.10923102932183681,0.2063
0.10599004507481014,0.2064
0.10262061541304446,0.20650000000000002
0.09914888091395213,0.2066
0.09553532259147124,0.20670000000000002
0.09178742322502009,0.2068
0.08797583364938066,0.2069
0.08413262730830906,0.20700000000000002
0.08029024767580484,0.2071
0.07648004116231255,0.20720000000000002
0.07273090351479206,0.2073
0.06889648337489063,0.2074
0.06510698419802141,0.20750000000000002
0.06137757088753182,0.2076
0.05758284342943809,0.20770000000000002
0.053922144152239726,0.2078
0.05042526907945888,0.2079
0.04683909884873061,0.20800000000000002
0.0433511946922025,0.2081
0.0397149634243974,0.2082
0.03627952206517815,0.2083
0.03273335288200019,0.2084
0.029303316593872752,0.20850000000000002
0.0258744160994262,0.2086
0.022739394213209918,0.2087
0.019953989851340337,0.2088
0.01736638262875756,0.2089
0.014986467455528008,0.20900000000000002
0.01305348181185595,0.2091
0.011465267304592963,0.2092
0.01024636638533094,0.2093
0.009567115167884888,0.2094
0.009493953190158111,0.20950000000000002
0.009613008777024756,0.2096
0.01034268185187992,0.2097
0.011733716249582304,0.20980000000000001
0.01364770878299626,0.2099
0.016031538107780685,0.21000000000000002
0.019053665986006108,0.2101
0.02266089182904296,0.2102
0.02673783029783805,0.21030000000000001
0.031214308429660997,0.2104
0.035985219590562334,0.21050000000000002
0.04094083290530515,0.2106
0.04597686857648342,0.2107
0.051063608338012934,0.21080000000000002
0.05617327971842223,0.2109
0.06127080701897958,0.21100000000000002
0.06632451039456311,0.2111
0.07129347625648297,0.2112
0.07614316695009105,0.21130000000000002
0.08084206016514106,0.2114
0.08535968124563476,0.21150000000000002
0.08966853658405838,0.2116
0.09374333921591538,0.2117
0.09756113727717253,0.21180000000000002
0.10110134555339867,0.2119
0.10434609757742364,0.21200000000000002
0.10727560730259134,0.2121
0.10986509040231651,0.2122
0.11209687306441074,0.21230000000000002
0.1139659002136868,0.2124
0.11546993332158273,0.21250000000000002
0.11660584590066925,0.2126
0.11737164386512089,0.2127
0.11776712118655963,0.21280000000000002
0.11779230972393773,0.2129
0.11744745423874414,0.21300000000000002
0.11517410146987372,0.2131
0.11224876674258155,0.2132
0.10914767284289861,0.21330000000000002
0.10590713881145153,0.2134
0.10254388838181183,0.21350000000000002
0.09907642181227794,0.2136
0.09552674351512003,0.2137
0.0918416634599738,0.21380000000000002
0.08805496885740738,0.2139
0.0842551100381248,0.21400000000000002
0.08047634636924028,0.2141
0.07674836392197848,0.2142
0.07309819008207474,0.21430000000000002
0.06955170216111661,0.2144
0.0659205141595558,0.21450000000000002
0.06237927480404337,0.2146
0.05890590083736891,0.2147
0.055397988969440926,0.21480000000000002
0.05206195541809233,0.2149
0.04892848550510043,0.215
0.04569684542046537,0.2151
0.04258487441600223,0.2152
0.039340369477284254,0.21530000000000002
0.03632747701994421,0.2154
0.03324702012174363,0.2155
0.030366942355462445,0.2156
0.027427372448761034,0.2157
0.02480023861249747,0.21580000000000002
0.02256354562538343,0.2159
0.020762374686179585,0.216
0.019170751116217577,0.21610000000000001
0.017832228445924914,0.2162
0.016966117330538655,0.21630000000000002
0.016301224406005677,0.2164
0.016113706028717534,0.2165
0.016444631458216508,0.21660000000000001
0.016833875748309968,0.2167
0.01765316790086202,0.21680000000000002
0.019089246335613597,0.2169
0.021134084777831186,0.217
0.023775430141180998,0.21710000000000002
0.026954521237568585,0.2172
0.03061149714203948,0.21730000000000002
0.03467654300587042,0.2174
0.0390784808599447,0.2175
0.043711479456761904,0.21760000000000002
0.0484736689498424,0.2177
0.05332263957510475,0.21780000000000002
0.05821908212829263,0.2179
0.06311727389393962,0.218
0.06797743485793806,0.21810000000000002
0.07275273335718713,0.2182
0.07740415769367803,0.21830000000000002
0.08189669819157719,0.2184
0.08619751534105402,0.2185
0.09027703265390441,0.21860000000000002
0.09410814590510774,0.2187
0.09766616176153053,0.21880000000000002
0.10092963650789188,0.2189
0.10387596921954678,0.219
0.10647827832815904,0.21910000000000002
0.1087179896910817,0.2192
0.11059007892476147,0.21930000000000002
0.11209300185005922,0.2194
0.11322449881419194,0.2195
0.11398332890860352,0.21960000000000002
0.11436966572769147,0.2197
0.1143835904065158,0.21980000000000002
0.11402510398553245,0.2199
0.11329858484050626,0.22
0.11086584920777509,0.22010000000000002
0.10771125414110028,0.2202
0.10440348683902956,0.22030000000000002
0.10098173662787535,0.2204
0.09746468209463832,0.2205
0.09376756221028526,0.22060000000000002
0.08998292513209016,0.2207
0.08615016839879652,0.22080000000000002
0.08230217114463423,0.2209
0.07847106160978756,0.221
0.07468687406643926,0.22110000000000002
0.0709305566182431,0.2212
0.06709441923622395,0.22130000000000002
0.06335756159326777,0.2214
0.0595887445855372,0.2215
0.05585892257360214,0.22160000000000002
0.05227837246100275,0.2217
0.04879661233434196,0.2218
0.04523964261239777,0.22190000000000001
0.04170241449235412,0.222
0.03816250539559163,0.22210000000000002
0.03472003983883942,0.2222
0.03126800657283768,0.2223
0.02782634261918604,0.22240000000000001
0.024532334534032918,0.2225
0.02155718756638425,0.22260000000000002
0.018950113056617424,0.2227
0.016408126084423325,0.2228
0.014233791949129548,0.22290000000000001
0.012538794386055763,0.223
0.011081125230896216,0.22310000000000002
0.010094362255456124,0.2232
0.009680421975039266,0.2233
0.009721966210009647,0.22340000000000002
0.010109180574351173,0.2235
0.011128276355692357,0.22360000000000002
0.012661834888855195,0.2237
0.01467962280857682,0.2238
0.01736881306000737,0.22390000000000002
0.020688595904928775,0.224
0.024525937323737868,0.22410000000000002
0.028810041586532886,0.2242
0.03343345393339159,0.2243
0.03828448910951132,0.22440000000000002
0.04325580487065683,0.2245
0.048310456804531166,0.22460000000000002
0.053414956815858394,0.2247
0.05853070356493473,0.2248
0.0636231692768755,0.22490000000000002
0.0686498425074673,0.225
0.07357454028439248,0.22510000000000002
0.07836424133400977,0.2252
0.08298714083872039,0.2253
0.08741439957021657,0.22540000000000002
0.09161942441191095,0.2255
0.09557803615212823,0.22560000000000002
0.09926851885264876,0.2257
0.10267142933076312,0.2258
0.10576975763347529,0.22590000000000002
0.10854456245278166,0.226
0.11097173805843952,0.22610000000000002
0.11303463008847658,0.2262
0.11472948264195071,0.2263
0.11605552272122399,0.22640000000000002
0.11701091638497607,0.2265
0.11759476373586153,0.22660000000000002
0.11780756752810395,0.2267
0.11764984153257174,0.2268
0.11652302552113147,0.22690000000000002
0.11370927657506913,0.227
0.11068585202931491,0.22710000000000002
0.10750871297299058,0.2272
0.10420224963264457,0.2273
0.10078243049863056,0.22740000000000002
0.09726989803409902,0.2275
0.09368169020939932,0.22760000000000002
0.08991499271885661,0.2277
0.08611582640674575,0.2278
0.08232130329601506,0.22790000000000002
0.07856334611570404,0.228
0.07486988031803687,0.2281
0.07126704947409146,0.22820000000000001
0.06769588648212688,0.2283
0.06408618297641988,0.22840000000000002
0.06061494115323873,0.2285
0.05707458004780164,0.2286
0.053642919475015205,0.22870000000000001
0.05040028884074843,0.2288
0.047235377464038386,0.22890000000000002
0.0440459240822928,0.229
0.04083922775843196,0.2291
0.03769989327087364,0.22920000000000001
0.03466932982890136,0.2293
0.0316436991598652,0.22940000000000002
0.028715375653034503,0.2295
0.025912755172617485,0.2296
0.02346944909726245,0.22970000000000002
0.021440737309968094,0.2298
0.019802695785020807,0.22990000000000002
0.018243681021012703,0.23
0.017126990000195352,0.2301
0.016360489872729866,0.23020000000000002
0.015922107055731827,0.2303
0.01601252937265807,0.23040000000000002
0.016540459899595072,0.2305
0.017077837740050894,0.2306
0.01818066982795563,0.23070000000000002
0.01991909922765478,0.2308
0.02226125578278837,0.23090000000000002
0.02518361726014451,0.231
0.028617312267030126,0.2311
0.0324958593861735,0.23120000000000002
0.036747143387009684,0.2313
0.04129858513104878,0.23140000000000002
0.04604277394468026,0.2315
0.05087824076109504,0.2316
0.05576749844253359,0.23170000000000002
0.060675791861356965,0.2318
0.06556073328214329,0.23190000000000002
0.07038559127870814,0.232
0.07510555982133471,0.2321
0.07968359216470489,0.23220000000000002
0.08408635728749658,0.2323
0.08828241030484685,0.23240000000000002
0.09224355112554417,0.2325
0.09594410942811116,0.2326
0.09936091032947092,0.23270000000000002
0.10247406045437346,0.2328
0.10526238651568987,0.23290000000000002
0.1077002224035557,0.233
0.10977015187989903,0.2331
0.11146833744476148,0.23320000000000002
0.11279432837824177,0.2333
0.11374681735895431,0.23340000000000002
0.1143254073798029,0.2335
0.1145310066427776,0.2336
0.11436435173616488,0.23370000000000002
0.11382610123913317,0.2338
0.11245817962467308,0.23390000000000002
0.10941117662855282,0.234
0.10617795010356101,0.2341
0.10281607653262881,0.23420000000000002
0.09935072763301767,0.2343
0.09576148510478699,0.23440000000000003
0.0920172643036834,0.23450000000000001
0.08820626581820346,0.2346
0.08436159122122944,0.23470000000000002
0.080516744328053,0.2348
0.07670362344299164,0.2349
0.07295133543230126,0.23500000000000001
0.06914163672097828,0.2351
0.0653491000087334,0.23520000000000002
0.061645244485081685,0.2353
0.0578482831159326,0.2354
0.054184757837760555,0.23550000000000001
0.05068524758841897,0.2356
0.04714057637743485,0.23570000000000002
0.04366729194469943,0.2358
0.040062985638230186,0.2359
0.03662731086329152,0.23600000000000002
0.03314056265897736,0.2361
0.029769767562620286,0.23620000000000002
0.026333093623443382,0.2363
0.023181615247250154,0.2364
0.02037654071937567,0.23650000000000002
0.017832426518262112,0.2366
0.01543615101403506,0.23670000000000002
0.013476988653354116,0.2368
0.011908254288493625,0.2369
0.010661765573664272,0.23700000000000002
0.009942148738132817,0.2371
0.009821053525572276,0.23720000000000002
0.009960307118578982,0.2373
0.010637971221072906,0.2374
0.011965771724427032,0.23750000000000002
0.01380960485984395,0.2376
0.01612191545086228,0.23770000000000002
0.01907634573649375,0.2378
0.02262366122063142,0.2379
0.0266498281314842,0.23800000000000002
0.03108506918235321,0.2381
0.035824044230631014,0.23820000000000002
0.0407566484066062,0.2383
0.04577782510599859,0.2384
0.0508559466076961,0.23850000000000002
0.05596155523265489,0.2386
0.06105837806350323,0.23870000000000002
0.06611376465537944,0.2388
0.07108626710328048,0.2389
0.07594096044618603,0.23900000000000002
0.08064607166313642,0.2391
0.08517094879697873,0.23920000000000002
0.08948789212805897,0.2393
0.09357137129310067,0.2394
0.09739817362703496,0.23950000000000002
0.10094746436525404,0.2396
0.10420115896512272,0.23970000000000002
0.10713927495533948,0.2398
0.10973684334838718,0.2399
0.11197604933806327,0.24000000000000002
0.11385175828830774,0.2401
0.11536170902057774,0.24020000000000002
0.11650279835179878,0.2403
0.1172730792435015,0.2404
0.11767238882192022,0.24050000000000002
0.11770077290827807,0.2406
0.11735845217619234,0.24070000000000003
0.11513787589481705,0.24080000000000001
0.11220913876135707,0.2409
0.10910346047141317,0.24100000000000002
0.10585822513281973,0.2411
0.10249050891359235,0.2412
0.09901862480134627,0.24130000000000001
0.0954645001998412,0.2414
0.09177583877532614,0.24150000000000002
0.08798435056265941,0.2416
0.08417941467350842,0.2417
0.08039539239725879,0.24180000000000001
0.07666205356094102,0.2419
0.07300647397260962,0.24200000000000002
0.06945452370225103,0.2421
0.06581372479186276,0.2422
0.062266327310082636,0.24230000000000002
0.058781158760115915,0.2424
0.05526549526166202,0.24250000000000002
0.05192123701969309,0.2426
0.04877891505465315,0.2427
0.04552245219079154,0.24280000000000002
0.04238103318618114,0.2429
0.039123833535059216,0.24300000000000002
0.03609935883523119,0.2431
0.03297906825093477,0.2432
0.030068244741688455,0.24330000000000002
0.027102545095966768,0.2434
0.024465489407611063,0.24350000000000002
0.022221660373790586,0.2436
0.020415198035652393,0.2437
0.018777444477513505,0.24380000000000002
0.017432471589881038,0.2439
0.016559004035199942,0.24400000000000002
0.015872592863006796,0.2441
0.015689515613696248,0.2442
0.016032272910898815,0.24430000000000002
0.016395972860782093,0.2444
0.01722899014065371,0.24450000000000002
0.0186887745419424,0.2446
0.020763624053713903,0.2447
0.023439140373569423,0.24480000000000002
0.026654930337124627,0.2449
0.030348714413886535,0.24500000000000002
0.034449565690517936,0.2451
0.03888524278637795,0.2452
0.04354904190851072,0.24530000000000002
0.04833866668291331,0.2454
0.053212101104274545,0.24550000000000002
0.05813055423875668,0.2456
0.06304879337835867,0.2457
0.06792753354844328,0.24580000000000002
0.07272031063514794,0.2459
0.07738844190839511,0.24600000000000002
0.08189717660471363,0.2461
0.0862138536322481,0.2462
0.09030903630595177,0.24630000000000002
0.09415573935755872,0.2464
0.0977293836095845,0.24650000000000002
0.10100863156149298,0.2466
0.103970970352942,0.2467
0.1065895769717673,0.24680000000000002
0.10884589737072636,0.2469
0.11073489456925856,0.24700000000000003
0.1122549918826028,0.24710000000000001
0.11340387792004147,0.2472
0.1141802370715449,0.24730000000000002
0.11458414417722085,0.2474
0.11461556804767858,0.24750000000000003
0.11427439610025736,0.24760000000000001
0.11356491015982062,0.2477
0.111074737729425,0.24780000000000002
0.1079273210026459,0.2479
0.10462695366547814,0.248
0.10121150909548926,0.24810000000000001
0.09769916330255068,0.2482
0.09402252738123573,0.24830000000000002
0.09024142265229429,0.2484
0.08641062897725371,0.2485
0.08256359874462549,0.24860000000000002
0.07873278297489483,0.2487
0.07494824037803538,0.24880000000000002
0.07122140015375966,0.2489
0.06738520649659296,0.249
0.0636463233911988,0.24910000000000002
0.0599103444374991,0.2492
0.05617834573853586,0.24930000000000002
0.052593056454596665,0.2494
0.04914901299568686,0.2495
0.045586093225273405,0.24960000000000002
0.042088102524428184,0.2497
0.03854336839340711,0.24980000000000002
0.03514888571863084,0.2499
0.031689524989328755,0.25
0.028293123341903925,0.2501
0.024985268386003456,0.25020000000000003
0.021989212428281668,0.2503
0.01935727360016881,0.2504
0.016856113368016068,0.2505
0.01466013595913207,0.2506
0.012931774270868113,0.25070000000000003
0.011491278652594472,0.2508
0.010469688323396564,0.2509
0.010006827209240843,0.251
0.010059339044712567,0.2511
0.010396140339647086,0.25120000000000003
0.011353068547756084,0.2513
0.012816032806647115,0.2514
0.014759645407765865,0.2515
0.017376382376308452,0.2516
0.02063008705296454,0.25170000000000003
0.024409873601375365,0.2518
0.028645871211349316,0.2519
0.033230748004769994,0.252
0.03805282158870482,0.2521
0.04300422821052874,0.25220000000000004
0.04804609448626085,0.2523
0.05314323671298582,0.2524
0.058255872354686655,0.2525
0.06334846561919194,0.2526
0.06837792467399917,0.25270000000000004
0.07330757221917938,0.2528
0.07810401432524272,0.2529
0.08273516869063147,0.253
0.08717191685859427,0.2531
0.09138737377732875,0.25320000000000004
0.09535706057633031,0.2533
0.0990589736046803,0.2534
0.10247341976269642,0.2535
0.10558318970945357,0.2536
0.10836918283925745,0.25370000000000004
0.11080717193564205,0.2538
0.11288044177904943,0.2539
0.11458523651473507,0.254
0.11592081503699647,0.2541
0.11688537993096848,0.25420000000000004
0.11747804661561456,0.2543
0.11769930175195698,0.2544
0.11754960658298497,0.2545
0.11653849961545193,0.2546
0.11372580495695539,0.25470000000000004
0.11070049009672556,0.2548
0.10752069492677696,0.2549
0.10421163900017583,0.255
0.10078902859375127,0.2551
0.0972734335173181,0.25520000000000004
0.09368165290905328,0.2553
0.08991105774730035,0.2554
0.08610723808718634,0.2555
0.08230737609970473,0.2556
0.07854347482815982,0.25570000000000004
0.07484353417616096,0.2558
0.07123370831862685,0.2559
0.06765176541498263,0.256
0.06403422283077331,0.2561
0.06055456872625953,0.25620000000000004
0.057001133154839234,0.25630000000000003
0.053559391907538556,0.2564
0.050305968830165915,0.2565
0.047120171180518255,0.2566
0.04391822430794745,0.25670000000000004
0.04068705683505058,0.25680000000000003
0.03753419924057022,0.2569
0.03447290418505422,0.257
0.031433155968739745,0.2571
0.028469915909442145,0.25720000000000004
0.025653312956608776,0.25730000000000003
0.023197903478999526,0.2574
0.021158088163163224,0.2575
0.019482477895777395,0.2576
0.01791149788693147,0.2577
0.01678718731263218,0.25780000000000003
0.015992987033117245,0.2579
0.015549212933142487,0.258
0.015639950643248746,0.2581
0.016145200074266564,0.2582
0.01668550740204311,0.25830000000000003
0.017798289219569385,0.2584
0.019552440030608187,0.2585
0.0219149355747017,0.2586
0.024861125888160585,0.2587
0.028320327152278058,0.25880000000000003
0.0322248940080323,0.2589
0.03650168787269248,0.259
0.04107745693215681,0.2591
0.04584428170371391,0.2592
0.050700503107330874,0.25930000000000003
0.05560895947516098,0.2594
0.06053531865216444,0.2595
0.06543754906651189,0.2596
0.07027926463959944,0.2597
0.07501589649600504,0.25980000000000003
0.07961059600756581,0.2599
0.08403018325580014,0.26
0.08824332052402795,0.2601
0.09222189686907456,0.2602
0.09594031889857257,0.26030000000000003
0.09937547581462469,0.2604
0.10250752069217284,0.2605
0.10531530611873785,0.2606
0.10777316979144569,0.2607
0.10986366538837122,0.26080000000000003
0.1115828916035948,0.2609
0.11293031141097676,0.261
0.11390451243753341,0.2611
0.11450497694331285,0.2612
0.11473248449459961,0.26130000000000003
0.11458764723102355,0.2614
0.11407100913606971,0.2615
0.11270112308553548,0.2616
0.10966429357106833,0.2617
0.106440004563772,0.26180000000000003
0.10308553731611059,0.2619
0.09962595111986605,0.262
0.0960571059022145,0.2621
0.09231741344464572,0.2622
0.08850904044081687,0.26230000000000003
0.08466551769560837,0.2624
0.0808206144527307,0.2625
0.07700628578893842,0.2626
0.07325170950647786,0.2627
0.06947093438645979,0.26280000000000003
0.06567591765926395,0.2629
0.06199289117566731,0.263
0.05820177995154219,0.2631
0.054531927031131966,0.2632
0.05102396152477717,0.26330000000000003
0.04751666639865837,0.2634
0.04403520822059992,0.2635
0.04047362220142614,0.2636
0.03702917543823925,0.2637
0.033592530204748616,0.26380000000000003
0.03025204193652442,0.2639
0.026836441262097166,0.264
0.02366740909721088,0.2641
0.020837390418028345,0.2642
0.0183370669983709,0.26430000000000003
0.015913931457159247,0.2644
0.013915913831709092,0.2645
0.01235767411567723,0.2646
0.011070950028951199,0.2647
0.010297965281626631,0.26480000000000004
0.010113978267709989,0.2649
0.010269805334420345,0.265
0.010882767032761365,0.2651
0.012134331632129847,0.2652
0.013895060042724783,0.26530000000000004
0.016123396943155344,0.2654
0.018998500433602628,0.2655
0.022475374110837665,0.2656
0.026441426133917867,0.2657
0.030827354586641542,0.26580000000000004
0.03552764262449415,0.2659
0.04043190091758819,0.266
0.045434299804135936,0.2661
0.05050112239089599,0.2662
0.055601108935322996,0.26630000000000004
0.060696765199859226,0.2664
0.06575443888551424,0.2665
0.07073208986160495,0.2666
0.07559426106138378,0.2667
0.0803087515037465,0.26680000000000004
0.08484458974641129,0.2669
0.0891738010812505,0.267
0.0932706202943856,0.2671
0.09711163061407191,0.2672
0.10067581577609352,0.26730000000000004
0.1039449266949648,0.2674
0.1068988154490067,0.2675
0.10951233728246257,0.2676
0.11176751859419609,0.2677
0.11365910091157228,0.26780000000000004
0.11518474342945306,0.2679
0.11634130400747011,0.268
0.11712681776764133,0.2681
0.11754110264041862,0.2682
0.11758416443789355,0.26830000000000004
0.11725615630562336,0.2684
0.11519986754136169,0.2685
0.11227572844959288,0.2686
0.10917040370931608,0.2687
0.10592439576346546,0.26880000000000004
0.10255596025519109,0.26890000000000003
0.09908301697921174,0.269
0.09552735972113457,0.2691
0.09183706427901572,0.2692
0.08804306742985024,0.26930000000000004
0.08423431741197285,0.26940000000000003
0.08044523142760807,0.2695
0.076705669256528,0.2696
0.07304281658291678,0.2697
0.06948260040287135,0.26980000000000004
0.06583356039270372,0.26990000000000003
0.0622769587018005,0.27
0.058782620717036105,0.2701
0.05525633676025232,0.2702
0.05190020247603244,0.27030000000000004
0.04874480266606174,0.27040000000000003
0.045472520690893914,0.2705
0.04231297449973703,0.2706
0.03904060419294719,0.2707
0.03600039515271969,0.27080000000000004
0.03285469065288238,0.27090000000000003
0.029914108596146294,0.271
0.026930825935698177,0.2711
0.024276715253815917,0.2712
0.02201554351725643,0.2713
0.02019143392732259,0.27140000000000003
0.018517893335449287,0.2715
0.017154657092561365,0.2716
0.016254343999486887,0.2717
0.015553280125815805,0.2718
0.015358719330873738,0.27190000000000003
0.015693367264404623,0.272
0.01603274687705092,0.2721
0.016860097400376972,0.2722
0.018320405988037303,0.2723
0.020400808116652902,0.27240000000000003
0.023085935950744263,0.2725
0.026314570934199866,0.2726
0.030023056917599655,0.2727
0.034139720858733735,0.2728
0.03859162945982009,0.27290000000000003
0.043271569933490905,0.273
0.04807696876190071,0.2731
0.05296587751249482,0.2732
0.05789969536577266,0.2733
0.06283341959874644,0.27340000000000003
0.06772800217881314,0.2735
0.07253716231990037,0.2736
0.07722235597816163,0.2737
0.08174892507046905,0.2738
0.0860842592270793,0.27390000000000003
0.0901989556645042,0.274
0.0940660580373135,0.2741
0.09766101508716551,0.2742
0.10096250619493652,0.2743
0.10394801805001097,0.27440000000000003
0.10659070404030346,0.2745
0.10887194408634515,0.2746
0.11078659656620682,0.2747
0.11233296848204566,0.2748
0.11350862763972203,0.27490000000000003
0.11431212756537623,0.275
0.11474340120531712,0.2751
0.1148022724533505,0.2752
0.11448848678224721,0.2753
0.11380620537554609,0.27540000000000003
0.11136149211524249,0.2755
0.10822705891642259,0.2756
0.10493702774393232,0.2757
0.1015299069118788,0.2758
0.09802412008903294,0.27590000000000003
0.09436919023546309,0.276
0.09059330795325948,0.2761
0.08676542910808649,0.2762
0.08291936386196974,0.2763
0.07908780122070647,0.27640000000000003
0.07530087894352777,0.2765
0.07158623083248883,0.2766
0.06776259436624144,0.2767
0.06401862068161945,0.2768
0.0603131973231793,0.27690000000000003
0.05657497982315185,0.277
0.05298047012403062,0.2771
0.049558298840228554,0.2772
0.0460020599988713,0.2773
0.042543287077370984,0.27740000000000004
0.0389857999001999,0.2775
0.03562704318602994,0.2776
0.03215211974560339,0.2777
0.02880554533720603,0.2778
0.02548283227428305,0.27790000000000004
0.022463102458466055,0.278
0.01980136089722362,0.2781
0.017348092466176412,0.2782
0.015120399611744384,0.2783
0.013345669868797705,0.27840000000000004
0.011913712703369495,0.2785
0.01084361684028412,0.2786
0.010317516781741753,0.2787
0.01037285196491955,0.2788
0.01064538696571704,0.27890000000000004
0.01152565915390924,0.279
0.012903214739346414,0.2791
0.014757941507045125,0.2792
0.01728812816384684,0.2793
0.020462736778728896,0.27940000000000004
0.0241733698405866,0.2795
0.028351332912819993,0.2796
0.032889568651450984,0.2797
0.03770936376411127,0.2798
0.04269751289271295,0.27990000000000004
0.047753039127277574,0.28
0.05284591485046586,0.2801
0.057950286792669115,0.2802
0.06302990498013816,0.2803
0.06805403037976565,0.28040000000000004
0.07298149378330843,0.2805
0.07777813628488062,0.2806
0.08241267667653307,0.2807
0.08685509236702771,0.2808
0.09107837872289548,0.28090000000000004
0.09505795176914167,0.281
0.09877148527492763,0.2811
0.10219901180152025,0.2812
0.10532311075335987,0.2813
0.10812437808317088,0.28140000000000004
0.11057837726552033,0.28150000000000003
0.11266814653945467,0.2816
0.11438976080043584,0.2817
0.11574231206433616,0.2818
0.11672393031047279,0.28190000000000004
0.11733366305816195,0.28200000000000003
0.11757201403819939,0.2821
0.11743943447187277,0.2822
0.11662022601543465,0.2823
0.1138183755806561,0.28240000000000004
0.11079929766099039,0.28250000000000003
0.10762425734592307,0.2826
0.10431932132356114,0.2827
0.1008993265111221,0.2828
0.09738449060687426,0.28290000000000004
0.09379243191716558,0.28300000000000003
0.09001924836304065,0.2831
0.08621098928270887,0.2832
0.08240527677364817,0.2833
0.07863441176793584,0.28340000000000004
0.07492653467637367,0.28350000000000003
0.07130776501997826,0.2836
0.06771568483841461,0.2837
0.06408800288534289,0.2838
0.06059687112618917,0.28390000000000004
0.057031109723204576,0.28400000000000003
0.053576047332972276,0.2841
0.05030777625990801,0.2842
0.04710418632404645,0.2843
0.04388600705561929,0.2844
0.04063579301299747,0.28450000000000003
0.03746577507507154,0.2846
0.03438126886877568,0.2847
0.031323583421155154,0.2848
0.028333762553848008,0.2849
0.025498342383250217,0.28500000000000003
0.023024010870373868,0.2851
0.020964832095925923,0.2852
0.01925851338680573,0.2853
0.017667216625486093,0.2854
0.01652417849990573,0.28550000000000003
0.015703320210981975,0.2856
0.015242177880223862,0.2857
0.015318597913673626,0.2858
0.015800820381245417,0.2859
0.016329890051112628,0.28600000000000003
0.017435846772221764,0.2861
0.019187859274821806,0.2862
0.021552709451547525,0.2863
0.024505135988454496,0.2864
0.02797346322998351,0.28650000000000003
0.03188917132783731,0.2866
0.03617839237185749,0.2867
0.04076735535172604,0.2868
0.045547792452510505,0.2869
0.0504178866369398,0.28700000000000003
0.05534055573313612,0.2871
0.0602816420355744,0.2872
0.06519929177398676,0.2873
0.07005728851343584,0.2874
0.07481117956764971,0.28750000000000003
0.07942419237799803,0.2876
0.08386318959393324,0.2877
0.08809684793358363,0.2878
0.09209705690120729,0.2879
0.0958382140108206,0.28800000000000003
0.09929718995967862,0.2881
0.10245410612478933,0.2882
0.1052877729412608,0.2883
0.10777247558557057,0.2884
0.10989068272256042,0.28850000000000003
0.11163837154787726,0.2886
0.11301486680049133,0.2887
0.11401860681636455,0.2888
0.11464891188955173,0.2889
0.11490639154451654,0.28900000000000003
0.11479148961208463,0.2891
0.11430458713251235,0.2892
0.11299705012465078,0.2893
0.1099749676191667,0.2894
0.10676243191852275,0.28950000000000004
0.10341758026448522,0.2896
0.09996579723730525,0.2897
0.09641951781058755,0.2898
0.09268632553437162,0.2899
0.08888201337003687,0.29000000000000004
0.08504041446311306,0.2901
0.08119551045380236,0.2902
0.07737933727013635,0.2903
0.07362117645047939,0.2904
0.06986976557974633,0.29050000000000004
0.0660703403465136,0.2906
0.06237989718714698,0.2907
0.058621299166384366,0.2908
0.05494347786879494,0.2909
0.05142415805316891,0.29100000000000004
0.04795561657690395,0.2911
0.044462756357050104,0.2912
0.040940569978419106,0.2913
0.03748018421121824,0.2914
0.034079038185401034,0.29150000000000004
0.03071963082764473,0.2916
0.027353182662384512,0.2917
0.024165769089593336,0.2918
0.021307622307549456,0.2919
0.018828017476865133,0.29200000000000004
0.016392203697760177,0.2921
0.014350889807899447,0.2922
0.012794093047691302,0.2923
0.011459020395582664,0.2924
0.01062529884257657,0.29250000000000004
0.010371335983228036,0.2926
0.010534912584102551,0.2927
0.011076714476928151,0.2928
0.012245981218738766,0.2929
0.013917780580614325,0.29300000000000004
0.01605645235126074,0.2931
0.018846735584203467,0.2932
0.022247969017222147,0.2933
0.02614919379330871,0.2934
0.030481698433615367,0.29350000000000004
0.035139864015707456,0.2936
0.04001308596423092,0.2937
0.04499479969658937,0.2938
0.05004915498887752,0.2939
0.0551430906283219,0.29400000000000004
0.06023793170033376,0.29410000000000003
0.06529906437681776,0.2942
0.07028387168300365,0.2943
0.07515631036553638,0.2944
0.07988363734421733,0.29450000000000004
0.08443442630001696,0.29460000000000003
0.08878031172628054,0.2947
0.09289522562883668,0.2948
0.09675552561608391,0.2949
0.10034001966177608,0.29500000000000004
0.10363030661427808,0.29510000000000003
0.10660608248229464,0.2952
0.10924202841120012,0.2953
0.11151999252836586,0.2954
0.11343454965740996,0.29550000000000004
0.11498322677757533,0.29560000000000003
0.1161627893388959,0.2957
0.11697120296524821,0.2958
0.11740821989467953,0.2959
0.11747376728185943,0.29600000000000004
0.11716789951348217,0.29610000000000003
0.11532437142040142,0.2962
0.11241069807482484,0.2963
0.10931007521530778,0.2964
0.10606692176808818,0.29650000000000004
0.10270099073916983,0.29660000000000003
0.09922972225810234,0.2967
0.09567476116883722,0.2968
0.09198695742994212,0.2969
0.08819188657363819,0.29700000000000004
0.08437999440421284,0.29710000000000003
0.08058581791219033,0.2972
0.07683935418813559,0.2973
0.07316792891397739,0.2974
0.06959755818809088,0.2975
0.06594289635431427,0.29760000000000003
0.06237479895776521,0.2977
0.05887404028868648,0.2978
0.05533455146545463,0.2979
0.05196335508505534,0.298
0.04879129083678313,0.29810000000000003
0.04550871229106135,0.2982
0.04233738108183238,0.2983
0.03904681131497023,0.2984
0.03598671843691292,0.2985
0.032822811713640654,0.29860000000000003
0.02985893347264157,0.2987
0.02685314293111918,0.2988
0.024175168082869458,0.2989
0.021888709305955878,0.299
0.020038103718754918,0.29910000000000003
0.018333202412426308,0.2992
0.016943246502069575,0.2993
0.016014642415316693,0.2994
0.01528856620141883,0.2995
0.01507033808010938,0.29960000000000003
0.015383634341670893,0.2997
0.01569908343300197,0.2998
0.016508187796977714,0.2999
0.017954360937750602,0.3
0.020025222206042415,0.30010000000000003
0.022705202439331496,0.3002
0.02593275123640648,0.3003
0.029643405783757126,0.3004
0.033764882463113155,0.3005
0.03822370740166958,0.30060000000000003
0.04291230881321839,0.3007
0.047727867960048354,0.3008
0.05262826671526177,0.3009
0.057574867584530676,0.301
0.06252272065110842,0.30110000000000003
0.06743284835589203,0.3012
0.07225903937027256,0.3013
0.07696277893823888,0.3014
0.08150941116695276,0.3015
0.08586630700136111,0.30160000000000003
0.09000403307188654,0.3017
0.09389559650226054,0.3018
0.09751640373217951,0.3019
0.10084507928576902,0.302
0.10385904577374894,0.30210000000000004
0.10653138312205401,0.3022
0.1088433592104755,0.3023
0.11078967834031439,0.3024
0.1123684826845518,0.3025
0.1135771749792096,0.30260000000000004
0.11441413919014687,0.3027
0.11487913601374733,0.3028
0.11497182193632738,0.3029
0.11469178098720456,0.303
0.11404303574925012,0.30310000000000004
0.11169335667702984,0.3032
0.10857556303433014,0.3033
0.10529811006123646,0.3034
0.10190104257955379,0.3035
0.09840336911022185,0.30360000000000004
0.09477244985063427,0.3037
0.09100312193111115,0.3038
0.08717898652009504,0.3039
0.08333413367187781,0.304
0.07950146558262683,0.30410000000000004
0.07571122837552446,0.3042
0.07199120107212076,0.3043
0.0681968513610618,0.3044
0.06444646387183273,0.3045
0.060771515354757,0.30460000000000004
0.05702456695652214,0.3047
0.053417903964039004,0.3048
0.04998144210101718,0.3049
0.04646559153134744,0.305
0.04304772100175813,0.30510000000000004
0.03947526548794156,0.3052
0.036111308589694024,0.3053
0.032658930282795096,0.3054
0.02934596407574852,0.3055
0.02599787146768895,0.30560000000000004
0.02294442908211236,0.3057
0.020244243423956476,0.3058
0.017816447794214207,0.3059
0.015552007652649191,0.306
0.0137282488137902,0.30610000000000004
0.01229901129932398,0.3062
0.011176623637856098,0.3063
0.010584078261872687,0.3064
0.010590857902450956,0.3065
0.010840598964882764,0.30660000000000004
0.01164357387919912,0.30670000000000003
0.012935213384882127,0.3068
0.014700447553988027,0.3069
0.017143269745584222,0.307
0.020237521469045117,0.30710000000000004
0.02387778902682358,0.30720000000000003
0.027996378240765063,0.3073
0.03248645089475577,0.3074
0.037268863226960436,0.3075
0.04223000182604664,0.30760000000000004
0.04726808369612567,0.30770000000000003
0.052351163542452506,0.3078
0.05745180505000391,0.3079
0.06253272153178191,0.308
0.06756233514525833,0.30810000000000004
0.07249898320597048,0.30820000000000003
0.07730803666230279,0.3083
0.08195779709167228,0.3084
0.086417873893327,0.3085
0.09066089209410588,0.30860000000000004
0.09466191104107302,0.30870000000000003
0.09839827920460242,0.3088
0.10184974818874992,0.3089
0.10499866445604844,0.309
0.10782542527704808,0.30910000000000004
0.11030541629709967,0.30920000000000003
0.11242151955067625,0.3093
0.11416967646591303,0.3094
0.11554887841626738,0.3095
0.1165571801719486,0.30960000000000004
0.11719355565353129,0.30970000000000003
0.11745842043584487,0.3098
0.1173521140610837,0.3099
0.11677188260517268,0.31
0.1139843435116693,0.31010000000000004
0.11097319054933208,0.31020000000000003
0.10780386761636507,0.3103
0.10450402907568446,0.3104
0.10108797509245027,0.3105
0.09757574765720345,0.3106
0.09398908272416517,0.31070000000000003
0.09021600358106185,0.3108
0.08640528145351645,0.3109
0.08259472588573402,0.311
0.07881684297798486,0.3111
0.07509996077149361,0.31120000000000003
0.0714703162107464,0.3113
0.0678734499185979,0.3114
0.06423327432896586,0.3115
0.060727638435931985,0.3116
0.05715661039535247,0.31170000000000003
0.05368557619265535,0.3118
0.05039918218727579,0.3119
0.047187434253302296,0.312
0.04395021415398026,0.3121
0.04069145757700898,0.31220000000000003
0.03750065149615245,0.3123
0.03440232392393794,0.3124
0.031321361843352546,0.3125
0.02831128121857507,0.3126
0.025449262461350042,0.31270000000000003
0.022946005455464435,0.3128
0.02085601517524527,0.3129
0.019120790188921655,0.313
0.017498432146256127,0.3131
0.016323875112101316,0.31320000000000003
0.015474625424910293,0.3133
0.014983223175410343,0.3134
0.01503020628184415,0.3135
0.015486725194447715,0.3136
0.015990090487632225,0.31370000000000003
0.017072548849232927,0.3138
0.01880504338026956,0.3139
0.02115513149478021,0.314
0.024097467871484257,0.3141
0.027560159396722295,0.31420000000000003
0.031474056038198084,0.3143
0.03576478390772131,0.3144
0.04035812462214339,0.3145
0.04514552311206099,0.3146
0.050024938540579544,0.31470000000000004
0.05495905117818656,0.3148
0.05991357188625024,0.3149
0.06484660071734649,0.315
0.0697218905009096,0.3151
0.0744949747096284,0.31520000000000004
0.07912904300713919,0.3153
0.08359091229845528,0.3154
0.08784920738336055,0.3155
0.09187575725639852,0.3156
0.09564488847707364,0.31570000000000004
0.0991333873472986,0.3158
0.10232127291295856,0.3159
0.10518724217173958,0.316
0.10770545906170736,0.3161
0.10985823899131741,0.31620000000000004
0.11164137156888754,0.3163
0.11305398914926879,0.3164
0.11409434323663048,0.3165
0.11476156926896275,0.3166
0.11505609608184864,0.31670000000000004
0.11497819597035652,0.3168
0.11452808490519928,0.3169
0.1133431655694942,0.317
0.11034017215689595,0.3171
0.10714207339252546,0.31720000000000004
0.10380892459887381,0.3173
0.10036683394184465,0.3174
0.0968315879499273,0.3175
0.09312072090632517,0.3176
0.08932183431133589,0.31770000000000004
0.08548248718892149,0.3178
0.08163703456976956,0.3179
0.07781782356979372,0.318
0.07405427921301211,0.3181
0.07033175129556446,0.31820000000000004
0.06652568225374733,0.3183
0.06282511910075161,0.3184
0.05909856532652347,0.3185
0.05540991057203093,0.3186
0.05187588990201264,0.31870000000000004
0.048445940575444935,0.31880000000000003
0.04493821448549706,0.3189
0.041456075261992575,0.319
0.03797685668854878,0.3191
0.03461335933034215,0.31920000000000004
0.031229669239871916,0.31930000000000003
0.02789448180932297,0.3194
0.024676842929822085,0.3195
0.021780024129088416,0.3196
0.019256105704055004,0.31970000000000004
0.016847836866725086,0.31980000000000003
0.014764577470014695,0.3199
0.013158771423335436,0.32
0.011816957700289343,0.3201
0.010923362362933231,0.32020000000000004
0.010595004086107362,0.32030000000000003
0.010751904813264046,0.3204
0.011218958956737524,0.3205
0.012302972415153768,0.3206
0.013883473446952399,0.32070000000000004
0.015930222419955564,0.32080000000000003
0.018633280315406786,0.3209
0.021956346514610203,0.321
0.025790230381535606,0.3211
0.030066900881525527,0.32120000000000004
0.034680690807561865,0.32130000000000003
0.03952088074003979,0.3214
0.04448027914703756,0.3215
0.049520995960898206,0.3216
0.054608240709273614,0.32170000000000004
0.05970219252350062,0.32180000000000003
0.06476727668038174,0.3219
0.0697603183509834,0.322
0.07464474487038064,0.3221
0.079387359527331,0.32220000000000004
0.08395635230190868,0.32230000000000003
0.08832296891924063,0.3224
0.09246075318382097,0.3225
0.09634568735508708,0.3226
0.09995623495550776,0.32270000000000004
0.10327369783108054,0.32280000000000003
0.10627752177199312,0.3229
0.10894217493962499,0.323
0.11124932119954012,0.3231
0.11319337582280065,0.32320000000000004
0.11477174700972248,0.32330000000000003
0.1159811176989779,0.3234
0.11681938177602125,0.3235
0.11728620986356753,0.3236
0.11738142345638192,0.32370000000000004
0.11710494060149257,0.32380000000000003
0.11551403048503994,0.3239
0.11261613097119794,0.324
0.10952419366403487,0.3241
0.1062871436199273,0.3242
0.10292645204089279,0.32430000000000003
0.09945899255268864,0.3244
0.09590624323090136,0.3245
0.09222581979673106,0.3246
0.08843023365320934,0.3247
0.08461509250484833,0.32480000000000003
0.0808154486284125,0.3249
0.07706169949291897,0.325
0.07338112237947936,0.3251
0.06979926240820877,0.3252
0.06614281355713936,0.32530000000000003
0.06255879364576333,0.3254
0.059048758926324885,0.3255
0.055489267986972735,0.3256
0.052095936526866504,0.3257
0.048900118738746556,0.32580000000000003
0.04560353001929318,0.3259
0.04241931944504107,0.326
0.039106858834330405,0.3261
0.03602300126823921,0.3262
0.032846877292629584,0.32630000000000003
0.029867960152369033,0.3264
0.02683638350237172,0.3265
0.02412952031248694,0.3266
0.02181179621334861,0.3267
0.019927992837796005,0.32680000000000003
0.0181979428366843,0.3269
0.01677410675634272,0.327
0.01581548651172593,0.3271
0.015055276241633386,0.3272
0.014802938302757696,0.32730000000000004
0.01511935023187827,0.3274
0.015653387392439155,0.3275
0.016407768787445987,0.3276
0.01776894633225412,0.3277
0.01978237848953235,0.32780000000000004
0.022400326493248635,0.3279
0.02559058842578832,0.328
0.0292709289141595,0.3281
0.033370444732173654,0.3282
0.037812814742403056,0.32830000000000004
0.04249137682285298,0.3284
0.04730199820417735,0.3285
0.05220279979144338,0.3286
0.0571539586428611,0.3287
0.062110361586759866,0.32880000000000004
0.06703255526554563,0.3289
0.071874114608247,0.329
0.07659617513666839,0.3291
0.08116379761901071,0.3292
0.08554402514426529,0.32930000000000004
0.08970721154675754,0.3294
0.09362620108141229,0.3295
0.09727640074206634,0.3296
0.10063594770340623,0.3297
0.10368619379753463,0.32980000000000004
0.10640703432167031,0.3299
0.10877381069180114,0.33
0.11076994422372799,0.3301
0.11239244104090951,0.3302
0.11364150118337324,0.33030000000000004
0.11451631906420645,0.3304
0.11501679272434595,0.3305
0.11514403022093112,0.3306
0.11489832300469272,0.3307
0.11428388032465975,0.33080000000000004
0.11204654139964754,0.3309
0.10895004888280102,0.331
0.10568962954611139,0.3311
0.10230682721081685,0.3312
0.09882110001533251,0.33130000000000004
0.09521967819456789,0.33140000000000003
0.09145971836360911,0.3315
0.08764110214152598,0.3316
0.08379815758045739,0.3317
0.07996399990352365,0.33180000000000004
0.07616905065232804,0.33190000000000003
0.07244140156147905,0.332
0.06867422219822028,0.3321
0.06491439587849313,0.3322
0.06126730582987472,0.33230000000000004
0.05750947392338235,0.33240000000000003
0.05388865812515209,0.3325
0.05043562903198473,0.3326
0.04695796410406894,0.3327
0.04353393200434663,0.33280000000000004
0.03999943211584278,0.33290000000000003
0.03661640213513695,0.333
0.03320835227365704,0.3331
0.029934976546787118,0.3332
0.026570924276506647,0.33330000000000004
0.023483159771136464,0.33340000000000003
0.02074322759506675,0.3335
0.018326355336305555,0.3336
0.015998487512465465,0.3337
0.014103733573331612,0.33380000000000004
0.012634031932905687,0.33390000000000003
0.011456741881055166,0.334
0.010799542217392988,0.3341
0.010732581075556302,0.3342
0.010977774857489964,0.33430000000000004
0.011702656283198776,0.33440000000000003
0.012907807563398377,0.3345
0.01458271383102061,0.3346
0.01693732093127598,0.3347
0.01994993820839608,0.33480000000000004
0.023518401425373092,0.33490000000000003
0.02757599707904168,0.335
0.032016280618907045,0.3351
0.03675998610658948,0.3352
0.04169336737678142,0.33530000000000004
0.04671395118007826,0.33540000000000003
0.051787831539496176,0.3355
0.05688575985083921,0.3356
0.061969146318124224,0.3357
0.06700536384296285,0.33580000000000004
0.0719522105035616,0.33590000000000003
0.0767747001574286,0.336
0.08144095524046813,0.3361
0.08592047610569498,0.3362
0.09018572551814452,0.33630000000000004
0.09421151718304077,0.33640000000000003
0.09797490326062941,0.3365
0.10145532489470066,0.3366
0.10463482334891061,0.3367
0.10749347831453449,0.33680000000000004
0.11000632901763618,0.33690000000000003
0.11215588357972572,0.337
0.11393772090652932,0.3371
0.1153505517084813,0.3372
0.11639225965867317,0.3373
0.11706173671736042,0.33740000000000003
0.11735937265618357,0.3375
0.11728550127014814,0.3376
0.11684050766802279,0.3377
0.11419733536575849,0.3378
0.11120155956367783,0.33790000000000003
0.10804274461127494,0.338
0.10475171394630611,0.3381
0.10134335360557423,0.3382
0.09783718806199004,0.3383
0.09425558708685211,0.33840000000000003
0.0904936602492854,0.3385
0.08668315172678398,0.3386
0.08286928571828789,0.3387
0.07908497968933048,0.3388
0.075358968309721,0.33890000000000003
0.07171779623441832,0.339
0.0681219408260193,0.3391
0.06446865245801148,0.3392
0.06094771903428742,0.3393
0.05737853891064271,0.33940000000000003
0.053890311441301186,0.3395
0.0505828119499141,0.3396
0.047364694303714705,0.3397
0.04410312460049659,0.3398
0.04083422155851735,0.33990000000000004
0.03761731368245558,0.34
0.034505340268841556,0.3401
0.03139669757438601,0.3402
0.028369540372721325,0.3403
0.02547674812550893,0.34040000000000004
0.02293920071666289,0.3405
0.020812098733029583,0.3406
0.0190520269975174,0.3407
0.017391976643088336,0.3408
0.016177295028083405,0.34090000000000004
0.015298839021450572,0.341
0.014768011956288962,0.3411
0.014774584630115717,0.3412
0.01520359021945561,0.3413
0.015670521957272587,0.34140000000000004
0.016716858258429612,0.3415
0.018416516240348235,0.3416
0.02073864544278825,0.3417
0.023658260471028925,0.3418
0.02710382169202097,0.34190000000000004
0.031005672946322393,0.342
0.03528904481630857,0.3421
0.03987930157007069,0.3422
0.04466766053541682,0.3423
0.04955184385102562,0.34240000000000004
0.05449409865713917,0.3425
0.059459819743307385,0.3426
0.06440693735110858,0.3427
0.06929906188857815,0.3428
0.07409164421852377,0.34290000000000004
0.07874776492733726,0.343
0.0832341281987633,0.3431
0.08751924423317936,0.3432
0.09157481551471636,0.3433
0.09537502903196593,0.34340000000000004
0.09889651834022184,0.3435
0.10211913535513883,0.3436
0.10502140887269806,0.3437
0.10757734029074417,0.3438
0.10976905861064057,0.34390000000000004
0.11159213806912005,0.34400000000000003
0.11304550089730725,0.3441
0.11412720301487955,0.3442
0.11483618880719859,0.3443
0.11517269766409899,0.34440000000000004
0.1151368152447606,0.34450000000000003
0.11472856862067304,0.3446
0.11371551396587265,0.3447
0.11073523065132884,0.3448
0.10755389002729532,0.34490000000000004
0.10423430030068703,0.34500000000000003
0.10080360766040486,0.3451
0.09727726790552138,0.3452
0.09359315481747432,0.3453
0.08980086309554525,0.34540000000000004
0.08596440123144067,0.34550000000000003
0.08211850110488506,0.3456
0.07829588903450713,0.3457
0.07452615972418308,0.3458
0.07083112754593346,0.34590000000000004
0.06701720896637597,0.34600000000000003
0.06330499119043242,0.3461
0.05960881214277691,0.3462
0.055907540181976634,0.3463
0.05235670863215125,0.34640000000000004
0.048963361040685216,0.34650000000000003
0.04543843994555896,0.3466
0.04199466303732846,0.3467
0.038494121948041915,0.3468
0.035166312989565185,0.34690000000000004
0.03175561091757095,0.34700000000000003
0.028449325108911516,0.3471
0.025198279927740597,0.3472
0.022259326818952818,0.3473
0.019687200121101256,0.34740000000000004
0.017301466809056087,0.34750000000000003
0.015171344089046634,0.3476
0.01350455900038261,0.3477
0.012158370103074523,0.3478
0.011200722836026689,0.34790000000000004
0.010793336799500564,0.34800000000000003
0.010937415362789471,0.3481
0.011324983004326938,0.3482
0.012319149924322259,0.3483
0.013803840882544938,0.34840000000000004
0.015754227700175205,0.34850000000000003
0.018365789660548915,0.3486
0.0216067247066849,0.3487
0.025369753177169718,0.3488
0.029587609122303293,0.34890000000000004
0.03415462005015635,0.34900000000000003
0.038960013572260976,0.3491
0.043895997334537196,0.3492
0.04892258040985653,0.3493
0.05400320171898243,0.34940000000000004
0.059096877233869805,0.34950000000000003
0.06416705334924677,0.3496
0.06916999116010336,0.3497
0.07406856968459741,0.3498
0.07882911651022828,0.34990000000000004
0.08341941735440017,0.35000000000000003
0.08781030924930477,0.3501
0.09197492874556401,0.3502
0.09588886166449662,0.3503
0.09953020059174023,0.3504
0.10287991743214053,0.35050000000000003
0.10591717316049087,0.3506
0.10861619163305991,0.3507
0.11095841926719341,0.3508
0.1129380751356377,0.3509
0.11455241449481768,0.35100000000000003
0.1157980058251975,0.3511
0.11667263849141085,0.3512
0.11717586772699073,0.3513
0.11730737679132242,0.3514
0.11706691627289645,0.35150000000000003
0.11575329287902036,0.3516
0.11287518890652037,0.3517
0.10979519165504248,0.3518
0.10656707978628366,0.3519
0.1032141685821567,0.35200000000000004
0.099752714117333,0.3521
0.09620400922041594,0.3522
0.09253566268975932,0.3523
0.08874094353764761,0.3524
0.08492321346865617,0.35250000000000004
0.0811178879750385,0.3526
0.07735568114989955,0.3527
0.07366409304767196,0.3528
0.07006881429140044,0.3529
0.06641514351713784,0.35300000000000004
0.06281575918739835,0.3531
0.05930759698884103,0.3532
0.05573013199272636,0.3533
0.052315704241788774,0.3534
0.04909636513231708,0.35350000000000004
0.04580138289778257,0.3536
0.042617950659755266,0.3537
0.03928063567418083,0.3538
0.036168070638095795,0.3539
0.032986740751458354,0.35400000000000004
0.029995810362545727,0.3541
0.02693148015548652,0.3542
0.02418715834413443,0.3543
0.021828649140762213,0.3544
0.019901365366528978,0.35450000000000004
0.01814762176451623,0.3546
0.01668086886384601,0.3547
0.015690100618189096,0.3548
0.014884956221735912,0.3549
0.014585598830593849,0.35500000000000004
0.014854986385919533,0.3551
0.015362116031132356,0.3552
0.016074586923060963,0.3553
0.017394175695165215,0.3554
0.01936970798487847,0.35550000000000004
0.02195517910085676,0.3556
0.025118699219160545,0.3557
0.028778499516632028,0.3558
0.03286319918963443,0.3559
0.037296169878730856,0.35600000000000004
0.041970583223360114,0.3561
0.046782052882877734,0.3562
0.051688017886418525,0.3563
0.05664816685120977,0.3564
0.061617085926510495,0.35650000000000004
0.06655507845744513,0.35660000000000003
0.07141557873956672,0.3567
0.07615955252097562,0.3568
0.08075189716897657,0.3569
0.08515950829124241,0.35700000000000004
0.08935258508568356,0.35710000000000003
0.09330380738812882,0.3572
0.09698840163398326,0.3573
0.10038431200653375,0.3574
0.10347269305885087,0.35750000000000004
0.10623325303015707,0.35760000000000003
0.10864115626210147,0.3577
0.11067962283722599,0.3578
0.11234542205826115,0.3579
0.11363851472390485,0.35800000000000004
0.11455786806311019,0.35810000000000003
0.11510316305893997,0.3582
0.11527530178121259,0.3583
0.11507437862919745,0.3584
0.11450443011108724,0.35850000000000004
0.11244944159386594,0.35860000000000003
0.10937572013282237,0.3587
0.1061315797664436,0.3588
0.1027616643977971,0.3589
0.09928660189988803,0.35900000000000004
0.09571280685870132,0.35910000000000003
0.09196160185550062,0.3592
0.08814810035541076,0.3593
0.08430676913029655,0.3594
0.08047089089851989,0.35950000000000004
0.07667104733594243,0.35960000000000003
0.07293554195712915,0.3597
0.06919762766930382,0.3598
0.06542808088535856,0.3599
0.06177455257630604,0.36000000000000004
0.058041402997858205,0.36010000000000003
0.0544053933020876,0.3602
0.050932884923332145,0.3603
0.04749395990388838,0.3604
0.04405012863985647,0.36050000000000004
0.040555810439088624,0.36060000000000003
0.03714827272952337,0.3607
0.03377689975749032,0.3608
0.03047282674447027,0.3609
0.02713762402501141,0.36100000000000004
0.02401224396760404,0.36110000000000003
0.021224967110615278,0.3612
0.018818893982423868,0.3613
0.016442876346343338,0.3614
0.014488000167770299,0.36150000000000004
0.013008180280495996,0.36160000000000003
0.011767425305774237,0.3617
0.011033160866620761,0.3618
0.010879914991522632,0.3619
0.01111822032025489,0.36200000000000004
0.011755967853150695,0.36210000000000003
0.012864849510863419,0.3622
0.014439436652905036,0.3623
0.016695764981200956,0.3624
0.01961738910764077,0.36250000000000004
0.023105816042855443,0.36260000000000003
0.02709549275261902,0.3627
0.031480277509046584,0.3628
0.036180589524672735,0.3629
0.04108239425732618,0.36300000000000004
0.0460825039308852,0.36310000000000003
0.05114501251895609,0.3632
0.05623900787434222,0.3633
0.06132480025653897,0.3634
0.06636883010020311,0.3635
0.0713283148848709,0.36360000000000003
0.07616768807636887,0.3637
0.08085455188749557,0.3638
0.08535796203311363,0.3639
0.0896499649756155,0.364
0.09370499901010632,0.36410000000000003
0.09749978385702429,0.3642
0.10101346596997707,0.3643
0.10422782220550242,0.3644
0.10712268719762197,0.3645
0.10967286521630093,0.36460000000000004
0.11186062948933995,0.3647
0.11368132576936518,0.3648
0.11513346469978047,0.3649
0.11621476615634907,0.365
0.11692397134358723,0.36510000000000004
0.11726131553643793,0.3652
0.1172269651953658,0.3653
0.11682112121562926,0.3654
0.11447179370297889,0.3655
0.11149707254148244,0.36560000000000004
0.10835071177520605,0.3657
0.10506884313277076,0.3658
0.10166838171679105,0.3659
0.09816819876188398,0.366
0.09459047654273411,0.36610000000000004
0.09084254015123061,0.3662
0.08703266047981795,0.3663
0.0832156141936734,0.3664
0.07942471201030576,0.3665
0.07568901655943716,0.36660000000000004
0.07203530390779245,0.3667
0.06844356269519569,0.3668
0.06477546052277006,0.3669
0.061236467811787265,0.367
0.05767153188011842,0.36710000000000004
0.0541634392003123,0.3672
0.050832522362325605,0.3673
0.04761733941306323,0.3674
0.044331169817209526,0.3675
0.0410652806369447,0.36760000000000004
0.03782076328073103,0.3677
0.03470608756732041,0.3678
0.03156608317262566,0.3679
0.02852968657622368,0.368
0.025600741401746063,0.36810000000000004
0.023017750434076945,0.3682
0.02083657050671639,0.3683
0.019012148337824497,0.3684
0.017302243769461212,0.3685
0.016039528739688835,0.36860000000000004
0.015128279039838377,0.3687
0.01455265719491683,0.3688
0.014511848597759336,0.3689
0.014911259109926744,0.369
0.015333417371609759,0.36910000000000004
0.016334331885362596,0.36920000000000003
0.017991698052928662,0.3693
0.0202768094429282,0.3694
0.02316518941616974,0.3695
0.026586035200377056,0.36960000000000004
0.03046928456298037,0.36970000000000003
0.03473994563341809,0.3698
0.03932301841947328,0.3699
0.0441095181820883,0.37
0.048996820161564036,0.37010000000000004
0.053946497000552096,0.37020000000000003
0.058923389280025384,0.3703
0.06388512134390456,0.3704
0.06879510671781874,0.3705
0.07360875654876153,0.37060000000000004
0.07828909578318899,0.37070000000000003
0.08280274743844607,0.3708
0.08711809945116633,0.3709
0.09120670137273357,0.371
0.09504257463385946,0.37110000000000004
0.09860217371901259,0.37120000000000003
0.1018651292439241,0.3713
0.10480970332342843,0.3714
0.10740959829422636,0.3715
0.10964660249000924,0.37160000000000004
0.11151593374870494,0.37170000000000003
0.11301620577474014,0.3718
0.11414522940056249,0.3719
0.11490174758894378,0.372
0.11528582738478776,0.37210000000000004
0.11529740033801883,0.37220000000000003
0.11493633844750373,0.3723
0.11411925121998812,0.3724
0.1111652654716917,0.3725
0.10800369689948541,0.37260000000000004
0.10470043146153474,0.37270000000000003
0.1012837344319637,0.3728
0.09776861152052219,0.3729
0.09411666788422335,0.373
0.09033269226609397,0.37310000000000004
0.08650010161897004,0.37320000000000003
0.08265404856270309,0.3733
0.07882771317643489,0.3734
0.07505092764679855,0.3735
0.07135096382633455,0.37360000000000004
0.06756318553484064,0.37370000000000003
0.06383871146935927,0.3738
0.0601741120447723,0.3739
0.056457495284159664,0.374
0.05288676710249618,0.37410000000000004
0.049491415976949504,0.37420000000000003
0.04598561705780235,0.3743
0.04258127840067649,0.3744
0.039055652762325144,0.3745
0.035745467743123926,0.37460000000000004
0.03231602801214817,0.37470000000000003
0.029046503077339025,0.3748
0.02576393549355349,0.3749
0.022782767934430348,0.375
0.02016080179088031,0.37510000000000004
0.017811079021782028,0.37520000000000003
0.015626775017052452,0.3753
0.013888863848781074,0.3754
0.012531592096604927,0.3755
0.011499858565858112,0.37560000000000004
0.011003010149195802,0.37570000000000003
0.011106015705156569,0.3758
0.011428004804379777,0.3759
0.012322274916834353,0.376
0.013699867768932839,0.37610000000000005
0.01554188938428469,0.37620000000000003
0.01804995070137605,0.3763
0.021197334791380307,0.3764
0.024879335233110034,0.3765
0.029029624391726294,0.3766
0.03354264829119802,0.37670000000000003
0.038340283862974944,0.3768
0.04330943690674216,0.3769
0.04834860659638274,0.377
0.053426213841345715,0.3771
0.058514902503793875,0.37720000000000004
0.0635773095887302,0.3773
0.06858185321338717,0.3774
0.07348690365519339,0.3775
0.0782579783307148,0.3776
0.08286356667538253,0.37770000000000004
0.08727349790024386,0.3778
0.09146066686287713,0.3779
0.09540044837760076,0.378
0.09907053471435234,0.3781
0.10245102843288345,0.37820000000000004
0.10552462506284144,0.3783
0.10827203988882395,0.3784
0.11066894510878622,0.3785
0.11269859181112118,0.3786
0.11435740415196194,0.37870000000000004
0.11564486766426785,0.3788
0.11655950919470104,0.3789
0.11710077154329157,0.379
0.11726953724140443,0.3791
0.11706659623497762,0.37920000000000004
0.11600417374841232,0.3793
0.11315198612400212,0.3794
0.11009104121916213,0.3795
0.10687928995381091,0.3796
0.10354156796619585,0.37970000000000004
0.10009319881418766,0.3798
0.09655454834275601,0.3799
0.09290849176822336,0.38
0.08911644343647929,0.3801
0.08529577353449291,0.38020000000000004
0.08148325726148142,0.3803
0.07771060754873271,0.3804
0.07400571482264762,0.3805
0.07039440751878734,0.3806
0.06674021313556155,0.38070000000000004
0.06312220084879039,0.3808
0.05960998737239409,0.3809
0.05601249518818596,0.381
0.052575226717216594,0.3811
0.049330506409491326,0.38120000000000004
0.04603481384383756,0.38130000000000003
0.04283780533331938,0.3814
0.03948842236630479,0.3815
0.036345838220135374,0.3816
0.033160135876072694,0.38170000000000004
0.030139480257818985,0.38180000000000003
0.027058897681006,0.3819
0.024275441309367096,0.382
0.021873323769270314,0.3821
0.019899489927720948,0.38220000000000004
0.018124116896610865,0.38230000000000003
0.01661208050927865,0.3824
0.015575272785574246,0.3825
0.01473641840650397,0.3826
0.0143874037878291,0.38270000000000004
0.01460493429493459,0.38280000000000003
0.015083494638573613,0.3829
0.015749160677386298,0.383
0.017021313904621138,0.3831
0.018952808563908574,0.38320000000000004
0.021499745248098945,0.38330000000000003
0.024630755427316853,0.3834
0.028264821082066183,0.3835
0.03233015086678814,0.3836
0.03674984876565324,0.38370000000000004
0.0414169494352985,0.38380000000000003
0.04622678964742177,0.3839
0.05113599536683755,0.384
0.05610366990184312,0.3841
0.061084050182781624,0.38420000000000004
0.06603717358617311,0.38430000000000003
0.0709163469664228,0.3844
0.07568237979472003,0.3845
0.08030001610323634,0.3846
0.0847360055152554,0.38470000000000004
0.08896037891683439,0.38480000000000003
0.09294562465549949,0.3849
0.09666674925685992,0.385
0.10010145375046142,0.3851
0.10323063715308423,0.38520000000000004
0.10603376123571451,0.38530000000000003
0.10848576123230336,0.3854
0.11056961657104036,0.3855
0.11228183561408567,0.3856
0.11362213180346392,0.38570000000000004
0.11458924645285529,0.38580000000000003
0.11518264461353467,0.3859
0.1154030164515224,0.386
0.11525077459023059,0.3861
0.11472629967695502,0.38620000000000004
0.11287563031197279,0.38630000000000003
0.10982625160545512,0.3864
0.10659963651125193,0.3865
0.10324416388566893,0.3866
0.0997818391787354,0.38670000000000004
0.09623042743534138,0.38680000000000003
0.09249829312886026,0.3869
0.08868976595996625,0.387
0.08484827623608282,0.3871
0.08100815137385808,0.38720000000000004
0.07720099005614978,0.38730000000000003
0.07345558088389914,0.3874
0.06974302612352612,0.3875
0.06596058973675523,0.3876
0.062288904856950045,0.38770000000000004
0.05857536505119243,0.38780000000000003
0.054918135632541665,0.3879
0.0514205610385885,0.388
0.04800526917833281,0.3881
0.04453795644370406,0.38820000000000005
0.04107375678704561,0.38830000000000003
0.03764153121292879,0.3884
0.034303570028179964,0.3885
0.030970296154492427,0.3886
0.0276648362025107,0.38870000000000005
0.024503122287373724,0.38880000000000003
0.021669922201711378,0.3889
0.019216896520106053,0.389
0.016858888127519345,0.3891
0.014852796008757219,0.38920000000000005
0.01333227641647472,0.38930000000000003
0.012056642297810338,0.3894
0.011250696674231397,0.3895
0.01101407765426643,0.3896
0.01123974815566875,0.38970000000000005
0.011794983972791773,0.38980000000000004
0.012812524913099033,0.3899
0.014291595728702422,0.39
0.0164537621328964,0.3901
0.019287586706920212,0.3902
0.022698319495453534,0.39030000000000004
0.02662178991608033,0.3904
0.03095232647425261,0.3905
0.035610150067587165,0.3906
0.04048104282139042,0.3907
0.045461173397482346,0.39080000000000004
0.05051267721063457,0.3909
0.05560300610509694,0.391
0.06069139527605372,0.3911
0.06574337995300306,0.3912
0.07071564511445882,0.39130000000000004
0.07557210420697125,0.3914
0.08027990131025609,0.3915
0.08480768686015483,0.3916
0.08912708950199755,0.3917
0.09321212716239102,0.39180000000000004
0.09703911854863245,0.3919
0.10058684994962874,0.392
0.1038367939132876,0.3921
0.10676852891322774,0.3922
0.10935663264239914,0.39230000000000004
0.11158315710869515,0.3924
0.11344322654818195,0.3925
0.11493515778760321,0.3926
0.11605650890567842,0.3927
0.11680586858420794,0.39280000000000004
0.11718331217001277,0.3929
0.11718882850671675,0.393
0.11682241930923232,0.3931
0.11476383357330633,0.3932
0.11181004291495988,0.39330000000000004
0.10867594646152301,0.3934
0.10540290263570162,0.3935
0.10200983561569765,0.3936
0.09851499095948102,0.3937
0.09494038004489469,0.39380000000000004
0.09120637038668622,0.39390000000000003
0.0873961439703348,0.394
0.08357488488872789,0.3941
0.07977634565881508,0.3942
0.07602995344006258,0.39430000000000004
0.07236273418861727,0.39440000000000003
0.06877504841079263,0.3945
0.065091238850151,0.3946
0.06153329841457145,0.3947
0.05797264648031342,0.39480000000000004
0.05444378536096228,0.39490000000000003
0.051088515967104176,0.395
0.04787613611381203,0.3951
0.04456436540185771,0.3952
0.041301150415809174,0.39530000000000004
0.038027950270383526,0.39540000000000003
0.034909911538175464,0.3955
0.03173735980764136,0.3956
0.028689431560715795,0.3957
0.025722955388115976,0.39580000000000004
0.023097428634317074,0.39590000000000003
0.020869812544247468,0.396
0.01902121074172558,0.3961
0.01726455796063031,0.3962
0.015950717356358002,0.39630000000000004
0.01500869433355656,0.39640000000000003
0.014382478697358314,0.3965
0.014288069782744106,0.3966
0.01477679182329128,0.3967
0.015315752433359808,0.39680000000000004
0.016228845876226305,0.39690000000000003
0.01777532878567345,0.397
0.019980610710417235,0.3971
0.022784614660409597,0.3972
0.026150001628056474,0.39730000000000004
0.029986140739885148,0.39740000000000003
0.03422099193716832,0.3975
0.038776665705490876,0.3976
0.04354517959624071,0.3977
0.04842236976687886,0.39780000000000004
0.05336966442171942,0.39790000000000003
0.058350187118609176,0.398
0.06332114358485608,0.3981
0.06824520551243651,0.3982
0.07307742995106148,0.39830000000000004
0.07778036411135059,0.39840000000000003
0.08232025161642709,0.3985
0.08666506348831537,0.3986
0.09078605176629073,0.3987
0.09465697228238534,0.39880000000000004
0.0982541675716494,0.39890000000000003
0.10155717675766984,0.399
0.10454416961755997,0.3991
0.10718858480413251,0.3992
0.10947172610990585,0.39930000000000004
0.11138813019624527,0.39940000000000003
0.1129357745975248,0.3995
0.11411205403629554,0.3996
0.11491559258500417,0.3997
0.1153465472060935,0.39980000000000004
0.11540499108996871,0.39990000000000003
0.11509083850368995,0.4
0.11440832953198443,0.4001
0.11159283962830846,0.4002
0.10845438708209387,0.40030000000000004
0.10516856557306586,0.40040000000000003
0.10176620968069472,0.4005
0.09826275054352374,0.4006
0.09463813612378325,0.4007
0.09086266195093029,0.40080000000000005
0.08703428196574603,0.40090000000000003
0.08318832651618657,0.401
0.07935825935849738,0.4011
0.07557416748630053,0.4012
0.07186365541011375,0.40130000000000005
0.0680998657897196,0.40140000000000003
0.06436294887215033,0.4015
0.06072379864274824,0.4016
0.05699277160515459,0.4017
0.05340385976985185,0.40180000000000005
0.049987745272328965,0.40190000000000003
0.046520347269005224,0.402
0.04313608314328987,0.4021
0.039610474639803384,0.4022
0.03627252510482459,0.40230000000000005
0.03288126361615995,0.40240000000000004
0.02964206450749396,0.4025
0.026323872527143743,0.4026
0.02329677364157723,0.4027
0.020623139110578892,0.40280000000000005
0.018285424341636825,0.40290000000000004
0.016049908516473366,0.403
0.014247958858869092,0.4031
0.01287823992569681,0.4032
0.011778530622627237,0.4033
0.011199601647634339,0.40340000000000004
0.01121179297899011,0.4035
0.011522862424169666,0.4036
0.01232629568385235,0.4037
0.013605356437919047,0.4038
0.01534643088145815,0.40390000000000004
0.01775696228138912,0.404
0.020815013263520976,0.4041
0.024419083382556606,0.4042
0.02850371273065133,0.4043
0.03296349434918522,0.40440000000000004
0.037719920311163335,0.4045
0.04265953099263364,0.4046
0.04768007017482567,0.4047
0.052748024948416905,0.4048
0.05783441496223496,0.40490000000000004
0.06290079061029996,0.405
0.06791467101764725,0.4051
0.0728338860611153,0.4052
0.07762344831870638,0.4053
0.08225141082767795,0.40540000000000004
0.08668721995507855,0.4055
0.09090337709606355,0.4056
0.09487486347155527,0.4057
0.09857899746082743,0.4058
0.10199554427359747,0.40590000000000004
0.10510690184741456,0.406
0.10789351703907868,0.4061
0.11033080778343352,0.4062
0.11240176528905266,0.4063
0.11410255218345422,0.40640000000000004
0.11543243458846475,0.40650000000000003
0.11638977072545975,0.4066
0.11697385956555695,0.4067
0.1171854417983621,0.4068
0.11702515204266284,0.40690000000000004
0.11628299075236315,0.40700000000000003
0.11345679935842723,0.4071
0.11041299304688823,0.4072
0.10721496422277932,0.4073
0.10388959241763951,0.40740000000000004
0.10045145836577607,0.40750000000000003
0.09692066720991499,0.4076
0.0932908993513678,0.4077
0.08950276397783874,0.4078
0.08568179345851312,0.40790000000000004
0.0818651347427537,0.40800000000000003
0.07808485806793997,0.4081
0.07436913931820488,0.4082
0.07074402257375267,0.4083
0.0670947298028427,0.40840000000000004
0.06346063444970862,0.40850000000000003
0.05995254493546576,0.4086
0.05633633055412046,0.4087
0.052876808524445096,0.4088
0.04960706090435707,0.40890000000000004
0.04631777850748109,0.40900000000000003
0.043095405773216466,0.4091
0.0397533782933015,0.4092
0.03658226000093889,0.4093
0.03339846357412446,0.40940000000000004
0.030344731120793833,0.40950000000000003
0.027257056271573044,0.4096
0.024434011051092996,0.4097
0.021985952941544262,0.4098
0.01996167001813487,0.40990000000000004
0.018165374787264543,0.41000000000000003
0.016603771142517765,0.4101
0.015512100584929689,0.4102
0.014643780390812156,0.4103
0.01424038239169545,0.41040000000000004
0.014399560566236813,0.41050000000000003
0.014849092780516271,0.4106
0.015461570586298157,0.4107
0.016678317030876633,0.4108
0.018556988236198224,0.41090000000000004
0.021056281287631817,0.41100000000000003
0.024145632816844342,0.4111
0.027745232205497183,0.4112
0.03178305738405518,0.4113
0.03618213537655368,0.41140000000000004
0.04083556297527258,0.41150000000000003
0.045638513274042225,0.4116
0.05054669801029865,0.4117
0.055518508171105596,0.4118
0.060507699475451315,0.41190000000000004
0.06547389004299331,0.41200000000000003
0.07037012951118271,0.4121
0.07515694465327283,0.4122
0.07979882499617452,0.4123
0.08426230921908506,0.41240000000000004
0.0885172263739572,0.41250000000000003
0.09253586885027487,0.4126
0.09629303838907843,0.4127
0.09976621606176361,0.4128
0.10293606535814392,0.41290000000000004
0.10578181308221568,0.41300000000000003
0.1082781664328788,0.4131
0.1104078500001302,0.4132
0.11216708335896675,0.4133
0.11355530286952875,0.41340000000000005
0.11457099959632966,0.41350000000000003
0.11521340654947076,0.4136
0.115482996832458,0.4137
0.11537998052701837,0.4138
0.11490453926113031,0.41390000000000005
0.11329587098857197,0.41400000000000003
0.11027341352761966,0.4141
0.1070658161226341,0.4142
0.10372557463543763,0.4143
0.10027625329255385,0.41440000000000005
0.09673510752651904,0.41450000000000004
0.09303151895770123,0.4146
0.08923058884772295,0.4147
0.08539227208400735,0.4148
0.08155120956250139,0.41490000000000005
0.07773941578736498,0.41500000000000004
0.07398590150380702,0.4151
0.07029935690657518,0.4152
0.06650649193809455,0.4153
0.06282002450837976,0.41540000000000005
0.059134941078547776,0.41550000000000004
0.0554616803420076,0.4156
0.05194336094947305,0.4157
0.0485624397049107,0.4158
0.045073865230402355,0.41590000000000005
0.04164630040895512,0.41600000000000004
0.03818814795793912,0.4161
0.03488214094909581,0.4162
0.031515757211031836,0.4163
0.028247396203888497,0.4164
0.025053919914445943,0.41650000000000004
0.022177898488433767,0.4166
0.019673830567460415,0.4167
0.017353903793022152,0.4168
0.015292072669658374,0.4169
0.013697680158901937,0.41700000000000004
0.012410001849402885,0.4171
0.01152755829911234,0.4172
0.011198829666156485,0.4173
0.011405583432858801,0.4174
0.011869525595350039,0.41750000000000004
0.012785136639552608,0.4176
0.014156621987522211,0.4177
0.016211545152422513,0.4178
0.018944147297307534,0.4179
0.02226414285189393,0.41800000000000004
0.02610923757374306,0.4181
0.030374572546877365,0.4182
0.034980388600465595,0.4183
0.03981249364969397,0.4184
0.0447664553858782,0.41850000000000004
0.0498021724140294,0.4186
0.05488517142921556,0.4187
0.05997340347283131,0.4188
0.06503134070564265,0.4189
0.07001506924971501,0.41900000000000004
0.07488791758914959,0.41910000000000003
0.07961649672084126,0.4192
0.08416897608066098,0.4193
0.08851650788707943,0.4194
0.09263267529691765,0.41950000000000004
0.09649342378718073,0.41960000000000003
0.10007722506159478,0.4197
0.10336528050116833,0.4198
0.10633692109836645,0.4199
0.10896648527670161,0.42000000000000004
0.11123577384594863,0.42010000000000003
0.11313964962136802,0.4202
0.11467620063555761,0.4203
0.11584279575507839,0.4204
0.11663784896449747,0.42050000000000004
0.11706125825246838,0.42060000000000003
0.11711282447740212,0.4207
0.11679234463607191,0.4208
0.11508110944100103,0.4209
0.1121528715536807,0.42100000000000004
0.10903441278073733,0.42110000000000003
0.10577329018153148,0.4212
0.10239080349680174,0.4213
0.09890443696395779,0.4214
0.09533596654234167,0.42150000000000004
0.09161726805376702,0.42160000000000003
0.08780969979272757,0.4217
0.08398699156993683,0.4218
0.0801835233960847,0.4219
0.07642922943158781,0.42200000000000004
0.07275117437194034,0.42210000000000003
0.06917174817720217,0.4222
0.06547303243162605,0.4223
0.06189535041436711,0.4224
0.05833661310356386,0.42250000000000004
0.054784475136638866,0.42260000000000003
0.05140225250110353,0.4227
0.048188766201667566,0.4228
0.0448500316842122,0.4229
0.04158950714237464,0.42300000000000004
0.03828826861651424,0.42310000000000003
0.03517228898827751,0.4232
0.03196864908564989,0.4233
0.028917617960121378,0.4234
0.025914152499872944,0.42350000000000004
0.023245161469025666,0.42360000000000003
0.020969008714254223,0.4237
0.019102049708673574,0.4238
0.017295286512708508,0.4239
0.015924989688319124,0.42400000000000004
0.014952576095049075,0.42410000000000003
0.014269590403609866,0.4242
0.014113715094308699,0.4243
0.014539984381532589,0.4244
0.015054843355561065,0.42450000000000004
0.015911903779650904,0.42460000000000003
0.01740031974192946,0.4247
0.019550867118273807,0.4248
0.022306284860415193,0.4249
0.02562984782892941,0.42500000000000004
0.02943206418848887,0.42510000000000003
0.03364039623731285,0.4252
0.03817674221072753,0.4253
0.04293304130483677,0.4254
0.0478048995024678,0.42550000000000004
0.05275284053436913,0.42560000000000003
0.05773930833215268,0.4257
0.06272105381764281,0.4258
0.06766035246273772,0.4259
0.07251199722648793,0.42600000000000005
0.07723823193299184,0.42610000000000003
0.08180500378561972,0.4262
0.0861800161756966,0.4263
0.09033425626886948,0.4264
0.09424123044285126,0.42650000000000005
0.09787704564058941,0.42660000000000003
0.10122102017657297,0.4267
0.1042511261882807,0.4268
0.10694062566258333,0.4269
0.10927060541280853,0.42700000000000005
0.11123532553724913,0.42710000000000004
0.11283247247581496,0.4272
0.1140591584162235,0.4273
0.11491373142297756,0.4274
0.11539608698717307,0.42750000000000005
0.11550605684904414,0.42760000000000004
0.11524332616997512,0.4277
0.11461193733200659,0.4278
0.1120494496530342,0.4279
0.10893772294749293,0.42800000000000005
0.10567002003884518,0.42810000000000004
0.10228168609045662,0.4282
0.09878987656795468,0.4283
0.09519319989774155,0.4284
0.09142728537904299,0.42850000000000005
0.0876043209712577,0.42860000000000004
0.08375962602778686,0.4287
0.079926766676931,0.4288
0.07613601631295419,0.4289
0.07241522562185176,0.42900000000000005
0.06867829166813466,0.42910000000000004
0.06492861406096273,0.4292
0.06129964924229825,0.4293
0.05756977314215095,0.4294
0.05396085803766537,0.4295
0.05052073973297744,0.42960000000000004
0.04708961329546435,0.4297
0.043681282843442526,0.4298
0.04019418705299027,0.4299
0.03682725652893204,0.43
0.033471032671778644,0.43010000000000004
0.030213550147781598,0.4302
0.026903906942300937,0.4303
0.02383255114349825,0.4304
0.021106528381023892,0.4305
0.01875097444067042,0.43060000000000004
0.016442130176496317,0.4307
0.014560833535945727,0.4308
0.013142045726957097,0.4309
0.011977861458809747,0.431
0.011324869928770243,0.43110000000000004
0.011254514536462423,0.4312
0.011550389138626604,0.4313
0.012267764483321564,0.4314
0.013453912673768498,0.4315
0.015099651683860404,0.43160000000000004
0.01741812609591653,0.43170000000000003
0.020391581007514814,0.4318
0.023921528651755564,0.4319
0.027943364026886464,0.432
0.03235196181888589,0.43210000000000004
0.03706860636732534,0.43220000000000003
0.04197973721347137,0.4323
0.04698254869735874,0.4324
0.052041794690212084,0.4325
0.05712692508921724,0.43260000000000004
0.06219835488866032,0.43270000000000003
0.06722259844767631,0.4328
0.07215689318356999,0.4329
0.07696579166724393,0.433
0.08161706676565184,0.43310000000000004
0.08607997531167522,0.43320000000000003
0.09032679305245317,0.4333
0.09433219762571277,0.4334
0.09807315146929907,0.4335
0.10152904933614759,0.43360000000000004
0.10468193031292838,0.43370000000000003
0.10751188679404011,0.4338
0.10999397063024308,0.4339
0.11211077419462079,0.434
0.11385805119320547,0.43410000000000004
0.11523472233423326,0.43420000000000003
0.11623889291011125,0.4343
0.11686968325537639,0.4344
0.11712770536809347,0.4345
0.11701348996724714,0.43460000000000004
0.11652759560969705,0.43470000000000003
0.11379850741699893,0.4348
0.11077523484563911,0.4349
0.10759284747240572,0.435
0.10428111440661947,0.43510000000000004
0.10085453728659355,0.43520000000000003
0.09733278751059538,0.4353
0.09372457087714814,0.4354
0.0899414518176429,0.4355
0.08612072372095148,0.43560000000000004
0.08229987169520869,0.43570000000000003
0.07851137361731597,0.4358
0.074783741421794,0.4359
0.07114335925285975,0.436
0.06750244138023698,0.43610000000000004
0.0638506898473914,0.43620000000000003
0.06033529853206854,0.4363
0.056714935013081336,0.4364
0.053231722893789746,0.4365
0.049933681189101575,0.43660000000000004
0.0466494043021779,0.43670000000000003
0.043396120997056364,0.4368
0.04005678315004557,0.4369
0.03685214477009868,0.437
0.03366766568095003,0.43710000000000004
0.030577284340350452,0.43720000000000003
0.027483426864965965,0.4373
0.02461793723638306,0.4374
0.022120541902688418,0.4375
0.02004202544374012,0.43760000000000004
0.018227618331605022,0.43770000000000003
0.01661244049590005,0.4378
0.01546079889935803,0.4379
0.01456208243283963,0.438
0.014098981139199829,0.43810000000000004
0.014193615196849363,0.43820000000000003
0.014612422282025417,0.4383
0.015165838324493475,0.4384
0.01632040026725945,0.4385
0.018139370281124112,0.43860000000000005
0.020584577499570766,0.43870000000000003
0.02362651418735795,0.4388
0.02718685048024505,0.4389
0.031193306573384483,0.439
0.035568800848615245,0.43910000000000005
0.04023767974552506,0.43920000000000003
0.04509033693137621,0.4393
0.05002470630906641,0.4394
0.0550052269064667,0.4395
0.05999946304337744,0.43960000000000005
0.06496692207882182,0.43970000000000004
0.06987265105187879,0.4398
0.07467304058811086,0.4399
0.07933203210262862,0.44
0.08381704463687856,0.44010000000000005
0.08809716785633082,0.44020000000000004
0.0921446499338926,0.4403
0.09593420736365343,0.4404
0.09944298249278716,0.4405
0.10265130261126354,0.44060000000000005
0.10553810887140924,0.44070000000000004
0.10807773885570471,0.4408
0.11025259572634949,0.4409
0.11205847649440359,0.441
0.11349445043500317,0.44110000000000005
0.11455863927858323,0.44120000000000004
0.11524999841909689,0.4413
0.11556874906890913,0.4414
0.11551496302038877,0.4415
0.11508868356109425,0.44160000000000005
0.11372113057367861,0.44170000000000004
0.1107280878341611,0.4418
0.10754234966766651,0.4419
0.10422011691682476,0.442
0.10078601902698114,0.44210000000000005
0.09725639515450746,0.44220000000000004
0.09358325793455247,0.4423
0.08978884985232183,0.4424
0.08595195248755805,0.4425
0.08210798807893205,0.44260000000000005
0.07828972771670895,0.44270000000000004
0.07452655291387955,0.4428
0.07084518086312186,0.4429
0.06706054403372685,0.443
0.06335886892044229,0.4431
0.05969974819359991,0.44320000000000004
0.0560087919622676,0.4433
0.052468023824576715,0.4434
0.04910687389545054,0.4435
0.045605693338956144,0.4436
0.04221042516597562,0.44370000000000004
0.03872437785617455,0.44380000000000003
0.03544677547642627,0.4439
0.032046473154421884,0.444
0.028799337777871692,0.4441
0.025565120429106525,0.44420000000000004
0.02263956529703437,0.44430000000000003
0.020079684320118307,0.4444
0.01777254318945376,0.4445
0.015655719187936734,0.4446
0.013992577824899266,0.44470000000000004
0.01269119272192154,0.44480000000000003
0.01173643413165082,0.4449
0.011321244969628719,0.445
0.011505717121954362,0.4451
0.011882979508177627,0.44520000000000004
0.012702791209394215,0.44530000000000003
0.013973859972072455,0.4454
0.01592921206082898,0.4455
0.018568284830418058,0.4456
0.021804837270918087,0.44570000000000004
0.025578274821252966,0.44580000000000003
0.029784407465102802,0.4459
0.034343409237271416,0.446
0.039141052455730074,0.4461
0.04407232788336746,0.44620000000000004
0.04909508326422651,0.44630000000000003
0.054173144302113396,0.4464
0.05926336155774714,0.4465
0.06432928696144569,0.4466
0.06932648477754089,0.44670000000000004
0.07421775698503308,0.44680000000000003
0.07896924194663535,0.4469
0.08354868946700511,0.447
0.08792681569710936,0.4471
0.09207676063996362,0.44720000000000004
0.09597403191967357,0.44730000000000003
0.09959668469678762,0.4474
0.10292554200507475,0.4475
0.10593960530025182,0.4476
0.10861293210868295,0.44770000000000004
0.11092706670251096,0.44780000000000003
0.11287662958972733,0.4479
0.11445950914450476,0.448
0.11567291036958838,0.4481
0.11651508497921192,0.44820000000000004
0.11698574941550344,0.44830000000000003
0.1170844967725253,0.4484
0.1168108875016296,0.4485
0.1154123709790651,0.4486
0.11250989191730276,0.44870000000000004
0.10940802858128962,0.44880000000000003
0.10615975552978918,0.4489
0.10278842816849953,0.449
0.09931084598083628,0.4491
0.09574858542929399,0.44920000000000004
0.09204987041036239,0.44930000000000003
0.0882447939737202,0.4494
0.08442018886385905,0.4495
0.08061096273651203,0.4496
0.07684747063954522,0.44970000000000004
0.07315702993556361,0.44980000000000003
0.06956507644427212,0.4499
0.06587574998944656,0.45
0.06228023736473953,0.4501
0.058733109097459435,0.45020000000000004
0.05515979202990717,0.45030000000000003
0.05175213260788469,0.4504
0.048540780224112456,0.4505
0.0451838887962277,0.4506
0.041934160046807056,0.45070000000000005
0.038602316619571475,0.45080000000000003
0.03548982634154041,0.4509
0.03225052388701233,0.451
0.029193566599081455,0.4511
0.02614819199964269,0.45120000000000005
0.02343081491828025,0.45130000000000003
0.02110121444787394,0.4514
0.01920664839384778,0.4515
0.017352769132913837,0.4516
0.01592280767298737,0.45170000000000005
0.01491791151262678,0.45180000000000003
0.014173832880465032,0.4519
0.013951487424128883,0.452
0.014309711677585657,0.4521
0.014797606805551755,0.45220000000000005
0.015593286549926422,0.45230000000000004
0.01701782790013784,0.4524
0.0191079684157629,0.4525
0.02180962666330566,0.4526
0.025086840273784494,0.45270000000000005
0.02885144407627349,0.45280000000000004
0.03303040823597225,0.4529
0.03754541613198814,0.453
0.04228830465433275,0.4531
0.04715436801198081,0.45320000000000005
0.05210305952622152,0.45330000000000004
0.057095997119513076,0.4534
0.06208937239398693,0.4535
0.06704499781954876,0.4536
0.07191738203751152,0.45370000000000005
0.0766684605417749,0.45380000000000004
0.08126388532232165,0.4539
0.08567108528103562,0.454
0.08986075804421723,0.4541
0.09380611515356285,0.45420000000000005
0.09748296615623642,0.45430000000000004
0.10086980485297725,0.4544
0.10394820020455176,0.4545
0.10669809665017749,0.4546
0.10909476511868643,0.45470000000000005
0.11112149226239554,0.45480000000000004
0.11277514359384089,0.4549
0.11405579095014007,0.455
0.11496248897751227,0.4551
0.11549496293146744,0.45520000000000005
0.11565412002760478,0.45530000000000004
0.11544005107953781,0.4554
0.11485680431447709,0.4555
0.11248016718753728,0.4556
0.10939621513622255,0.45570000000000005
0.10614943656189824,0.45580000000000004
0.10277831082551314,0.4559
0.09930112265978586,0.456
0.0957373257635803,0.4561
0.09198729223522262,0.4562
0.08817198515072089,0.45630000000000004
0.08433036403548033,0.45640000000000003
0.08049624250132326,0.4565
0.07670012691484829,0.4566
0.07297016952387603,0.4567
0.06926578185359633,0.45680000000000004
0.06550401516675552,0.45690000000000003
0.06185835096601622,0.457
0.05816220031198882,0.4571
0.05453521648911064,0.4572
0.051071697901879265,0.45730000000000004
0.04767732505055955,0.45740000000000003
0.04424360582330489,0.4575
0.04079167374316062,0.4576
0.0373927708790458,0.4577
0.03406476534442815,0.45780000000000004
0.03076782208962192,0.45790000000000003
0.027476236232983453,0.458
0.024357898239365294,0.4581
0.02157520018282799,0.4582
0.019178640969210736,0.45830000000000004
0.016854958112769935,0.45840000000000003
0.014909903480448072,0.4585
0.013457445066155982,0.4586
0.012231602872841307,0.4587
0.01149493862508022,0.45880000000000004
0.011331137894916354,0.45890000000000003
0.01160660253058965,0.459
0.012231051569632223,0.4591
0.013316511103307116,0.4592
0.014858823167864132,0.45930000000000004
0.017076905557849464,0.45940000000000003
0.019957945764474738,0.4595
0.023406911320597024,0.4596
0.027360299616752126,0.4597
0.03171323041763041,0.45980000000000004
0.03638663416249854,0.45990000000000003
0.04126665633655846,0.46
0.04624978337007968,0.4601
0.05129880000763265,0.4602
0.056381542408464824,0.46030000000000004
0.06145738562786285,0.46040000000000003
0.06649198100759057,0.4605
0.07144205884309462,0.4606
0.07627166003559882,0.4607
0.08094808852600988,0.46080000000000004
0.08544017334159959,0.46090000000000003
0.08971974532391636,0.461
0.0937610354297671,0.4611
0.09754057717624276,0.4612
0.10103737356018105,0.46130000000000004
0.10423312071713553,0.46140000000000003
0.10710761545588643,0.4615
0.10963564816357096,0.4616
0.11179955464053937,0.4617
0.11359483006921234,0.46180000000000004
0.1150201729421696,0.46190000000000003
0.11607350697300944,0.462
0.11675378299886185,0.4621
0.11706143376566203,0.4622
0.11699678846278494,0.46230000000000004
0.11656017482740022,0.46240000000000003
0.11416327525597647,0.4625
0.11116700952777281,0.4626
0.10800155931435784,0.4627
0.10470262519097429,0.46280000000000004
0.10128697042910573,0.46290000000000003
0.09777353695096469,0.463
0.09418452714941428,0.4631
0.09040811540099691,0.4632
0.08658847822225457,0.46330000000000005
0.08276437376609103,0.46340000000000003
0.07896867551509557,0.4635
0.07523016513015324,0.4636
0.07157552953294177,0.4637
0.06794661873942553,0.46380000000000005
0.06427816089198812,0.46390000000000003
0.060741897397389666,0.464
0.05713497399750178,0.4641
0.053629063372983454,0.4642
0.050303684008169425,0.46430000000000005
0.04703405791821136,0.46440000000000003
0.043752311472204264,0.4645
0.04042833837115167,0.4646
0.03719117461135557,0.4647
0.03401575682400981,0.46480000000000005
0.030887615393824452,0.46490000000000004
0.027793888199478367,0.465
0.02488372132229455,0.4651
0.02232963115524722,0.4652
0.020183960627918163,0.46530000000000005
0.018309073692829747,0.46540000000000004
0.01663160436463218,0.4655
0.015416469944389943,0.4656
0.014483429985744145,0.4657
0.01395954655666709,0.46580000000000005
0.013987603984128238,0.46590000000000004
0.014373776168921326,0.466
0.01486405695745674,0.4661
0.015951935219717717,0.4662
0.017706509609412224,0.46630000000000005
0.020093006343378406,0.46640000000000004
0.02308302998221623,0.4665
0.026599921254030434,0.4666
0.030571220875917682,0.4667
0.03491985973747891,0.46680000000000005
0.039569884218219276,0.46690000000000004
0.04441154269122949,0.467
0.04934234655303271,0.4671
0.05432572288209481,0.4672
0.05932835400440162,0.46730000000000005
0.06430920414507457,0.46740000000000004
0.06923290732165965,0.4675
0.07405566746234882,0.4676
0.0787412335309492,0.4677
0.08325682632865339,0.46780000000000005
0.08757131318640188,0.46790000000000004
0.09165669191761905,0.468
0.09548741553846551,0.4681
0.09904034994752231,0.4682
0.10229550641061602,0.46830000000000005
0.10523147354958395,0.46840000000000004
0.10782221574248474,0.4685
0.11004972733084806,0.4686
0.11190938399223016,0.4687
0.11339989212895085,0.46880000000000005
0.11451908688718926,0.46890000000000004
0.11526568957802386,0.46900000000000003
0.1156397222860035,0.4691
0.11564107775680532,0.4692
0.11526961669248892,0.4693
0.1141637344575549,0.46940000000000004
0.11120114716505514,0.46950000000000003
0.1080375621503844,0.4696
0.10473346080093271,0.4697
0.10131504224970911,0.4698
0.09779803264984133,0.46990000000000004
0.09415924196840564,0.47000000000000003
0.09037414819900202,0.4701
0.0865414554854731,0.4702
0.08269697233945206,0.4703
0.07887396953160908,0.47040000000000004
0.07510211546223766,0.47050000000000003
0.0714084931480099,0.4706
0.06765452608716149,0.4707
0.06393815670026626,0.4708
0.060309578868230296,0.47090000000000004
0.056600195438332834,0.47100000000000003
0.05303596021459378,0.4711
0.04964783618724389,0.4712
0.04618588862893769,0.4713
0.04282940430716442,0.47140000000000004
0.0393143295629943,0.47150000000000003
0.036011918778904084,0.4716
0.03263189812286371,0.4717
0.02940868740125313,0.4718
0.026130391388745844,0.47190000000000004
0.023149961316776047,0.47200000000000003
0.020528615426932184,0.4721
0.018226666438692973,0.4722
0.016048833643443006,0.4723
0.014311243673078122,0.47240000000000004
0.012990508154537395,0.47250000000000003
0.011957817679011606,0.4726
0.011450440025171593,0.4727
0.011535454982699811,0.4728
0.011894157596964439,0.47290000000000004
0.012614835109970635,0.47300000000000003
0.013780597863315647,0.4731
0.01563018434696528,0.4732
0.018168812180798577,0.4733
0.0213145911467012,0.47340000000000004
0.02500974173016668,0.47350000000000003
0.029150688374311562,0.4736
0.033657561247316226,0.4737
0.038448687436275275,0.4738
0.043413827445689446,0.47390000000000004
0.04844987001325873,0.47400000000000003
0.05352589543895614,0.4741
0.05861251001222878,0.4742
0.06367258268668463,0.4743
0.06867379964100151,0.47440000000000004
0.07357445924795158,0.47450000000000003
0.07833990061887075,0.4746
0.08293861145786996,0.4747
0.08734035133355567,0.4748
0.0915180338352597,0.47490000000000004
0.09544691653806403,0.47500000000000003
0.09910457596612876,0.4751
0.10247141058989906,0.4752
0.10552608907555439,0.4753
0.10824227404105946,0.47540000000000004
0.11060117222956234,0.47550000000000003
0.11259696281103238,0.4756
0.11422715199653788,0.4757
0.11548857209378749,0.4758
0.11637920677762592,0.47590000000000005
0.11689853630574143,0.47600000000000003
0.11704602917111395,0.4761
0.11682111017077745,0.4762
0.11575459267357913,0.4763
0.11288283551062717,0.47640000000000005
0.10980252818069691,0.47650000000000003
0.10657198391690192,0.4766
0.10321622080312587,0.4767
0.09975085416719898,0.4768
0.09619700793664832,0.47690000000000005
0.09251966453376359,0.47700000000000004
0.08871719678294732,0.4771
0.08489030550785626,0.4772
0.08107475295751099,0.4773
0.07730149048126334,0.47740000000000005
0.07359812434436186,0.47750000000000004
0.06999021815732731,0.4776
0.06631178029448748,0.4777
0.06269788362034823,0.4778
0.05916012736689047,0.47790000000000005
0.05556493975750976,0.47800000000000004
0.05213101770514195,0.4781
0.04889007308225812,0.4782
0.0455454951529477,0.4783
0.04230766464354008,0.47840000000000005
0.03894485457414132,0.47850000000000004
0.035808670958235256,0.4786
0.03256235480274916,0.4787
0.02950362467588774,0.4788
0.02641636136048464,0.47890000000000005
0.023649727083297822,0.47900000000000004
0.02126584426628142,0.4791
0.01931298506845014,0.4792
0.01744671754602778,0.4793
0.015959563662147014,0.47940000000000005
0.014920198849854627,0.47950000000000004
0.014112163230170616,0.4796
0.013819943391146783,0.4797
0.014105846203451566,0.4798
0.014565304347277763,0.47990000000000005
0.015295552984138316,0.48000000000000004
0.016651061886902463,0.4801
0.01867498525857947,0.4802
0.02131678826133654,0.4803
0.024541522815916483,0.48040000000000005
0.028262664061518006,0.48050000000000004
0.03240682196190092,0.4806
0.03689557618671557,0.4807
0.041620763696689655,0.4808
0.046477408313163826,0.48090000000000005
0.05142381306277577,0.48100000000000004
0.05642069452559095,0.4811
0.06142362915737287,0.4812
0.0663939168523785,0.4813
0.07128575717263352,0.48140000000000005
0.07606075890787523,0.48150000000000004
0.08068427556813362,0.48160000000000003
0.08512347148431754,0.4817
0.08934876068202335,0.4818
0.09333304663725073,0.48190000000000005
0.09705180226282106,0.48200000000000004
0.1004831756404716,0.48210000000000003
0.10360840625564216,0.4822
0.10640715136537837,0.4823
0.10885443283798524,0.4824
0.11093327289678578,0.48250000000000004
0.11264023258247968,0.48260000000000003
0.11397508047118732,0.4827
0.1149365893518225,0.4828
0.11552422076944058,0.4829
0.11573863347421998,0.48300000000000004
0.11558020760318499,0.48310000000000003
0.11504931658121453,0.4832
0.1129375098905403,0.4833
0.10988195575955895,0.4834
0.10665516605091985,0.48350000000000004
0.10330049577833844,0.48360000000000003
0.0998380281435921,0.4837
0.0962861919238438,0.4838
0.09257022644479784,0.4839
0.08876174975425788,0.48400000000000004
0.08492087316649066,0.48410000000000003
0.08108244247549956,0.4842
0.07727791978429877,0.4843
0.07353579255832354,0.4844
0.06985318525153861,0.48450000000000004
0.06607589568979222,0.48460000000000003
0.0624102485918443,0.4847
0.05873619748937209,0.4848
0.05508877498618214,0.4849
0.0516003611892224,0.48500000000000004
0.048236982781237225,0.48510000000000003
0.04477901485862157,0.4852
0.0413633216181617,0.4853
0.03793589587360602,0.4854
0.03463967099764842,0.48550000000000004
0.03130611958082974,0.48560000000000003
0.02804953999346993,0.4857
0.024894528898894208,0.4858
0.02206355122210102,0.4859
0.01961035678738532,0.48600000000000004
0.017320223307331295,0.48610000000000003
0.01531426176305306,0.4862
0.013782769599204547,0.4863
0.012539542266118753,0.4864
0.011721672515728754,0.48650000000000004
0.011461639649679833,0.48660000000000003
0.011713200299327431,0.4867
0.012242921879682234,0.4868
0.01322415099723906,0.4869
0.014657871278144219,0.48700000000000004
0.016768871459094115,0.48710000000000003
0.019549717457344684,0.4872
0.022909518576981203,0.4873
0.026786432325953236,0.4874
0.03107626322201984,0.48750000000000004
0.03569989821084851,0.48760000000000003
0.0405434518281913,0.4877
0.04550278086178228,0.4878
0.050538481068268526,0.4879
0.05561649808764302,0.48800000000000004
0.06069493685340044,0.48810000000000003
0.06573840467081693,0.4882
0.07070304604454014,0.4883
0.07555234308885539,0.4884
0.08025309675778025,0.48850000000000005
0.08477367933554558,0.48860000000000003
0.08908545937901946,0.4887
0.09316223222918596,0.4888
0.096980142281054,0.4889
0.10051784981064171,0.48900000000000005
0.10375674293245785,0.48910000000000003
0.106676329552847,0.4892
0.10925111777297858,0.4893
0.11146314703080662,0.4894
0.11330760594492773,0.48950000000000005
0.11478292415597158,0.48960000000000004
0.11588680354545111,0.4897
0.11661799477401713,0.4898
0.11697673370855599,0.4899
0.11696314572782807,0.49000000000000005
0.11657733831855599,0.49010000000000004
0.11453282226522354,0.4902
0.111564063746597,0.4903
0.10841575122403624,0.4904
0.10512989487790325,0.49050000000000005
0.10172566476892109,0.49060000000000004
0.09822122131827304,0.4907
0.09463852757808267,0.4908
0.09088181793408834,0.4909
0.08706467401276785,0.49100000000000005
0.0832383158389105,0.49110000000000004
0.07943614064420834,0.4912
0.07568737609724308,0.4913
0.07201902292444584,0.4914
0.06840160010759233,0.49150000000000005
0.06471712592582057,0.49160000000000004
0.061160726150184086,0.4917
0.057567372231829284,0.4918
0.05403954216141016,0.4919
0.05068755612714515,0.49200000000000005
0.047432423013578084,0.49210000000000004
0.04412281108887739,0.4922
0.04081391309276139,0.4923
0.03754467919071369,0.4924
0.03437767775260481,0.49250000000000005
0.03121201684953201,0.49260000000000004
0.02811630918864938,0.4927
0.02516141926240123,0.4928
0.02255486478227242,0.4929
0.020350868053671034,0.49300000000000005
0.0184574264568218,0.49310000000000004
0.016721663512826668,0.4932
0.015440344633723013,0.4933
0.014476158324441046,0.4934
0.013885724702310087,0.49350000000000005
0.013840530325398781,0.49360000000000004
0.014327685954352187,0.4937
0.014907223303657124,0.4938
0.015882094305661454,0.4939
0.01749980617742697,0.49400000000000005
0.019781275845819568,0.49410000000000004
0.02266212789799016,0.49420000000000003
0.026101314408159437,0.4943
0.030005355388643906,0.4944
0.034300665876748404,0.49450000000000005
0.03890844854010811,0.49460000000000004
0.04372007362670338,0.49470000000000003
0.04863141882100419,0.4948
0.053605402154298654,0.4949
0.05860659264534718,0.49500000000000005
0.06359329200624386,0.49510000000000004
0.06852915859130959,0.49520000000000003
0.07336989825333484,0.4953
0.07807864314700863,0.4954
0.08262211918834339,0.4955
0.08696867956799348,0.49560000000000004
0.09108993417630884,0.49570000000000003
0.09495997983678695,0.4958
0.09855548306755657,0.4959
0.1018562765184925,0.496
0.10484077787981738,0.49610000000000004
0.10748261928625691,0.49620000000000003
0.10976324349755584,0.4963
0.11167727742197409,0.4964
0.11322273931056492,0.4965
0.11439701592096274,0.49660000000000004
0.1151986896328493,0.49670000000000003
0.11562785653451035,0.4968
0.11568453259747746,0.4969
0.11536859498166874,0.497
0.11460183193051743,0.49710000000000004
0.11167289438661354,0.49720000000000003
0.10853353959431089,0.4973
0.10524956026561649,0.4974
0.10184896916275143,0.4975
0.09834656191216129,0.49760000000000004
0.0947356366085439,0.49770000000000003
0.09096116159661682,0.4978
0.08713387989650045,0.4979
0.0832897440298116,0.498
0.0794624547045314,0.49810000000000004
0.0756820144682182,0.49820000000000003
0.07197593645437783,0.4983
0.06824217489169959,0.4984
0.06451106006062479,0.4985
0.06090433159412778,0.49860000000000004
0.05717830827512471,0.49870000000000003
0.053593267570726244,0.4988
0.050181274132956366,0.4989
0.04675542382060738,0.499
0.04337938191312518,0.49910000000000004
0.03990168433246244,0.49920000000000003
0.03657102136398094,0.4993
0.033228806455207094,0.4994
0.030009752666603662,0.4995
0.026717670142539784,0.49960000000000004
0.02368868336097041,0.49970000000000003
0.02101024963279441,0.4998
0.01871323230463129,0.4999
0.016476856937296835,0.5
0.014667587154842066,0.5001
0.013327004832859757,0.5002
0.012218840313631185,0.5003000000000001
0.011621985508997845,0.5004000000000001
0.011608589599313435,0.5005000000000001
0.011949564907119736,0.5006
0.012571518944896498,0.5007
0.013630883988173581,0.5008
0.015371938453895506,0.5009
0.017805884639840563,0.501
0.020855578852454038,0.5011
0.024466517808499066,0.5012
0.028536123626535792,0.5013000000000001
0.03298476067880429,0.5014000000000001
0.037730475861778245,0.5015000000000001
0.04266277075891245,0.5016
0.047677833932503466,0.5017
0.05274277563967722,0.5018
0.05782652397181942,0.5019
0.06289081233982174,0.502
0.0679023744786601,0.5021
0.07281893026955732,0.5022
0.07760527823207752,0.5023
0.08222944216737094,0.5024000000000001
0.08666078445586778,0.5025000000000001
0.090871823025513,0.5026
0.09483742914651383,0.5027
0.09853481205616876,0.5028
0.10194349319322371,0.5029
0.10504564081895307,0.503
0.10782149325405488,0.5031
0.11024646423733109,0.5032
0.11230379807650626,0.5033
0.11399015900257303,0.5034000000000001
0.1153053270916995,0.5035000000000001
0.11624800016539949,0.5036
0.11681752460404371,0.5037
0.11701446169168961,0.5038
0.11683918229852785,0.5039
0.11609218683233768,0.504
0.11325393302931297,0.5041
0.11019799159439314,0.5042
0.10698819115241809,0.5043
0.10365190750776998,0.5044000000000001
0.10020407948057819,0.5045000000000001
0.0966650269743401,0.5046
0.0930179136264051,0.5047
0.0892232124431237,0.5048
0.08539734396351295,0.5049
0.08157717050656832,0.505
0.07779456990058031,0.5051
0.07407762770200776,0.5052
0.07045224601465327,0.5053
0.066779740272507,0.5054000000000001
0.06314545137424854,0.5055000000000001
0.05961231198136785,0.5056
0.055995970815347684,0.5057
0.052536712941777086,0.5058
0.04926649227916635,0.5059
0.0459304418459221,0.506
0.04270023569768333,0.5061
0.03930677764547985,0.5062
0.036134155513150024,0.5063
0.03289434562732141,0.5064000000000001
0.029836952720356358,0.5065000000000001
0.02671021975389931,0.5066
0.023896043102262787,0.5067
0.02145404452178523,0.5068
0.019429077924037585,0.5069
0.017458941227239455,0.507
0.015902507205288074,0.5071
0.014810740494019425,0.5072
0.01395264355313608,0.5073
0.013606133245900764,0.5074000000000001
0.013833842561854492,0.5075000000000001
0.014266067162969076,0.5076
0.014939178110084272,0.5077
0.016234883825353652,0.5078
0.01820234172834434,0.5079
0.020793986904642736,0.508
0.023975569270586305,0.5081
0.02766170587097161,0.5082
0.031778549673991296,0.5083
0.036247542483127004,0.5084000000000001
0.04096054604748067,0.5085000000000001
0.045812359629064714,0.5086
0.050760238985242845,0.5087
0.05576396711879372,0.5088
0.06077837994863011,0.5089
0.06576417073585572,0.509
0.0706752666366004,0.5091
0.07547317183323399,0.5092
0.08012329166903587,0.5093
0.08459288602005166,0.5094000000000001
0.08885237474171992,0.5095000000000001
0.09287454346093738,0.5096
0.09663464026073232,0.5097
0.10011051178368136,0.5098
0.10328302764674935,0.5099
0.1061314132517075,0.51
0.10863020769594822,0.5101
0.11076189464304798,0.5102
0.11252249052005114,0.5103
0.11391131724771575,0.5104000000000001
0.11492683765059875,0.5105000000000001
0.11556832092451841,0.5106
0.11583631915566028,0.5107
0.1157311532143318,0.5108
0.11525313150839855,0.5109
0.11340013294741591,0.511
0.11037480528000332,0.5111
0.10716984545373986,0.5112
0.10383288401730129,0.5113
0.1003855356957587,0.5114000000000001
0.09684554022642089,0.5115000000000001
0.09316450393936215,0.5116
0.0893639124037724,0.5117
0.08552537649865288,0.5118
0.08168431840142443,0.5119
0.07787302238179583,0.512
0.0741205021407021,0.5121
0.0704532169398191,0.5122
0.06667613470273692,0.5123
0.06299109682230797,0.5124000000000001
0.059339712358251084,0.5125000000000001
0.055667459415837284,0.5126000000000001
0.05214915267173903,0.5127
0.048805874185154696,0.5128
0.0453174301258783,0.5129
0.041923923537260155,0.513
0.03846337844263914,0.5131
0.03519037669397029,0.5132
0.03181934292627808,0.5133
0.02858268381855167,0.5134000000000001
0.025383441302403886,0.5135000000000001
0.0224987967862893,0.5136000000000001
0.019985332701680125,0.5137
0.017707832865182516,0.5138
0.015642074782884485,0.5139
0.014036355716123605,0.514
0.01277563650637914,0.5141
0.011880313721911229,0.5142
0.0115290566700752,0.5143
0.011755154352976138,0.5144000000000001
0.01219477904824151,0.5145000000000001
0.013077816728791714,0.5146000000000001
0.014409954200291564,0.5147
0.01642137650715636,0.5148
0.019109609803859673,0.5149
0.022387541992377802,0.515
0.02619479322649898,0.5151
0.030427664870398274,0.5152
0.03500685970515116,0.5153
0.039818376875041084,0.5154
0.04475747507189154,0.5155000000000001
0.049782761607926496,0.5156000000000001
0.05485854934229373,0.5157
0.05994189176245657,0.5158
0.06499650065520235,0.5159
0.0699779912330164,0.516
0.07484929643288862,0.5161
0.07957671580087022,0.5162
0.08412817140271489,0.5163
0.08847457113579937,0.5164
0.09258924949976799,0.5165000000000001
0.09644790555498217,0.5166000000000001
0.10002878509060675,0.5167
0.1033129077008057,0.5168
0.10627946171962621,0.5169
0.10890267756031047,0.517
0.11116433040736462,0.5171
0.11305934732122058,0.5172
0.11458592764020314,0.5173
0.11574157139559937,0.5174
0.11652482631215066,0.5175000000000001
0.11693570892122407,0.5176000000000001
0.11697410473215542,0.5177
0.11663985974138391,0.5178
0.11492656425555148,0.5179
0.11198510215263102,0.518
0.10885404533120013,0.5181
0.10558122715106788,0.5182
0.10218804644388413,0.5183
0.09869196340880082,0.5184
0.09511475284309867,0.5185000000000001
0.09138097395795464,0.5186000000000001
0.08756530921473216,0.5187
0.08373571810713198,0.5188
0.07992646792356206,0.5189
0.07616741827620788,0.519
0.07248560744368537,0.5191
0.06888482286798725,0.5192
0.06518252757728837,0.5193
0.061602704183806645,0.5194
0.05801934627478866,0.5195000000000001
0.0544641533862158,0.5196000000000001
0.05108029554304916,0.5197
0.04783200410597965,0.5198
0.044490163089961676,0.5199
0.041190620472465245,0.52
0.037886961589071566,0.5201
0.03472695329744102,0.5202
0.031522761481340034,0.5203
0.02842686478100931,0.5204
0.025426501743845753,0.5205000000000001
0.022766702173833142,0.5206000000000001
0.020503752177154944,0.5207
0.018593383146327636,0.5208
0.016798125925591822,0.5209
0.015449138364495907,0.521
0.014451983103394461,0.5211
0.013793576120646023,0.5212
0.013674053818957033,0.5213
0.014126932853198326,0.5214
0.014635443001614457,0.5215000000000001
0.015537642757746717,0.5216000000000001
0.01708441071317246,0.5217
0.019299786830885957,0.5218
0.022121788441163304,0.5219
0.025510986599314833,0.522
0.029374304479642843,0.5221
0.03363812090431817,0.5222
0.03822335745341787,0.5223
0.04302123454503781,0.5224
0.047927253450193774,0.5225000000000001
0.052903165214456926,0.5226000000000001
0.05791259019969397,0.5227
0.06291320854182203,0.5228
0.06786812555676425,0.5229
0.07273267820371732,0.523
0.07746959959017241,0.5231
0.0820452380785962,0.5232
0.08642760663864668,0.5233
0.09058797881658143,0.5234
0.0945001249237899,0.5235000000000001
0.09814039447580114,0.5236000000000001
0.10148831306917805,0.5237
0.10452201400628602,0.5238
0.1072148712139962,0.5239
0.10954804865854806,0.524
0.11151586249882883,0.5241
0.11311603168602336,0.5242
0.11434566914334132,0.5243
0.11520309289191166,0.5244
0.11568814038593389,0.5245000000000001
0.11580057425291457,0.5246000000000001
0.1155400184216685,0.5247
0.11491047524888143,0.5248
0.11215735333643939,0.5249
0.10904328398226659,0.525
0.10577729310831707,0.5251
0.10239098297816884,0.5252
0.09890007387666477,0.5253
0.09532040117853269,0.5254
0.09155470824453371,0.5255000000000001
0.08773156176825381,0.5256000000000001
0.08388707658672945,0.5257000000000001
0.08005521379992264,0.5258
0.07626619227608022,0.5259
0.07254780685406059,0.526
0.06884247707160918,0.5261
0.06509639315379823,0.5262
0.061470080498407964,0.5263
0.05777458654552059,0.5264
0.05416793212671012,0.5265000000000001
0.050728842947183495,0.5266000000000001
0.0473384697566841,0.5267000000000001
0.0439342629864381,0.5268
0.04049255377648353,0.5269
0.03712783832064126,0.527
0.033813624050481605,0.5271
0.030552183052037885,0.5272
0.02729035260067114,0.5273
0.02421967132211611,0.5274
0.021487599904809418,0.5275000000000001
0.019146211234716715,0.5276000000000001
0.016918599901432962,0.5277000000000001
0.015040371959712528,0.5278
0.01364745516857413,0.5279
0.012482260883378782,0.528
0.01179516827523952,0.5281
0.011680742324351678,0.5282
0.011998030268302928,0.5283
0.012521098978109269,0.5284
0.013473760733670348,0.5285000000000001
0.01510577860497575,0.5286000000000001
0.017434283012024432,0.5287000000000001
0.02038696006051266,0.5288
0.023912799923935246,0.5289
0.027910377205168313,0.529
0.03230037942347308,0.5291
0.0370006212951115,0.5292
0.04190041698866498,0.5293
0.0468952724391527,0.5294
0.05195025268871123,0.5295
0.05703252511430135,0.5296000000000001
0.062102634885763286,0.5297000000000001
0.0671263279899087,0.5298
0.07206073649435107,0.5299
0.0768700833592284,0.53
0.08152185612324925,0.5301
0.08598491923292384,0.5302
0.09023129642278638,0.5303
0.09423540933414332,0.5304
0.09797408663815999,0.5305
0.10142653698421256,0.5306000000000001
0.10457466360405276,0.5307000000000001
0.10739845914874213,0.5308
0.10987308580962174,0.5309
0.11198150328352674,0.531
0.1137200605606945,0.5311
0.11508824249601246,0.5312
0.11608448838866336,0.5313
0.11670790575498391,0.5314
0.11695882489347798,0.5315
0.11683738661111298,0.5316000000000001
0.11634382684370359,0.5317000000000001
0.11365766946953848,0.5318
0.11062498541917476,0.5319
0.10743180023344956,0.532
0.10410943434393916,0.5321
0.10067326136487942,0.5322
0.0971431522229862,0.5323
0.09351766392567873,0.5324
0.08972833369063893,0.5325
0.0859029987137816,0.5326000000000001
0.08207883706700014,0.5327000000000001
0.07828813093339326,0.5328
0.07455925914757666,0.5329
0.07091840244408742,0.533
0.06725976550521129,0.5331
0.0636076694593587,0.5332
0.06008888660134748,0.5333
0.05645165570508137,0.5334
0.05296693951671361,0.5335
0.04966782665475744,0.5336000000000001
0.04635166338789176,0.5337000000000001
0.04309539570509524,0.5338
0.03971948492858757,0.5339
0.03651283586380494,0.534
0.03328686606078146,0.5341
0.030197469974525992,0.5342
0.027064018138932777,0.5343
0.024200333435881127,0.5344
0.021700479688880447,0.5345
0.019611660059463576,0.5346000000000001
0.017626926024697065,0.5347000000000001
0.016008120629439793,0.5348
0.014879639695595248,0.5349
0.013952453929114927,0.535
0.013529855338598296,0.5351
0.013677702101626776,0.5352
0.014081773710859391,0.5353
0.014681778821871383,0.5354
0.015898332129063553,0.5355
0.017788191094138206,0.5356000000000001
0.020308214397288804,0.5357000000000001
0.02342565304655908,0.5358
0.02705743612545919,0.5359
0.031129546211323023,0.536
0.0355635034478301,0.5361
0.04025136128722129,0.5362
0.04508772705767061,0.5363
0.05002849070057347,0.5364
0.0550323328753517,0.5365
0.06005331076247855,0.5366000000000001
0.0650514406465168,0.5367000000000001
0.06998022973358031,0.5368
0.07480074805584014,0.5369
0.07947801972998558,0.537
0.083978989600903,0.5371
0.08827376535393228,0.5372
0.09233481727469828,0.5373
0.09613706259726706,0.5374
0.09965801098574356,0.5375
0.10287820500750666,0.5376000000000001
0.1057765767558807,0.5377000000000001
0.10832740244141215,0.5378000000000001
0.11051287613785044,0.5379
0.11232867481277053,0.538
0.11377378435687813,0.5381
0.11484636146831961,0.5382
0.115545396951245,0.5383
0.11587119001978363,0.5384
0.11582382796724178,0.5385
0.11540338523898719,0.5386000000000001
0.1138657985789886,0.5387000000000001
0.11087253540827091,0.5388000000000001
0.10768976474067204,0.5389
0.10437053216819658,0.539
0.10093849694994128,0.5391
0.09741071080830233,0.5392
0.09376049861669,0.5393
0.08996890350236064,0.5394
0.08613420570715213,0.5395
0.08229209310239649,0.5396000000000001
0.07847531205374547,0.5397000000000001
0.07471315350470009,0.5398000000000001
0.07103242825568512,0.5399
0.06728219514195899,0.54
0.06358122125904375,0.5401
0.05995713920460255,0.5402
0.05626541989788891,0.5403
0.052722503225602235,0.5404
0.04935906833022807,0.5405
0.04589975613039776,0.5406000000000001
0.0425439847291349,0.5407000000000001
0.03905393934032175,0.5408000000000001
0.03578120835771337,0.5409
0.032404421835012576,0.541
0.029190547342526685,0.5411
0.0259463676608076,0.5412
0.023006142632614246,0.5413
0.020429868985465838,0.5414
0.018157609690589327,0.5415
0.0160288719809496,0.5416000000000001
0.014346099995703243,0.5417000000000001
0.01306497373715132,0.5418000000000001
0.01208902785668342,0.5419
0.011642693705701035,0.542
0.011790150176129055,0.5421
0.012186133214722839,0.5422
0.0129665864849271,0.5423
0.0141906048436089,0.5424
0.016094097746322866,0.5425
0.018680233641926502,0.5426
0.021866182145578117,0.5427000000000001
0.025594040597216816,0.5428000000000001
0.029760768479424105,0.5429
0.034287047742025845,0.543
0.0390590632335841,0.5431
0.043971548596733356,0.5432
0.048980974079545936,0.5433
0.05404985656824568,0.5434
0.05913406220158235,0.5435
0.06419630120042497,0.5436
0.06919161647076066,0.5437000000000001
0.07408235829017706,0.5438000000000001
0.07883430748573028,0.5439
0.08341493806606726,0.544
0.08779470773840925,0.5441
0.09194650660520354,0.5442
0.09584559990326913,0.5443
0.09946982179058905,0.5444
0.1027998166219114,0.5445
0.10581444366158055,0.5446
0.10848764331457461,0.5447000000000001
0.11080089276548688,0.5448000000000001
0.11274879785542857,0.5449
0.11432926430963364,0.545
0.11553954179366466,0.5451
0.11637795028735975,0.5452
0.11684428651066103,0.5453
0.11693821376141211,0.5454
0.11665933953974905,0.5455
0.11532365152645085,0.5456
0.11241423979656895,0.5457000000000001
0.10930429283014553,0.5458000000000001
0.10604817046187809,0.5459
0.10266973922183542,0.546
0.09918560996900638,0.5461
0.0956172881863524,0.5462
0.09190703877455975,0.5463
0.08809572178850511,0.5464
0.08426520186172692,0.5465
0.08045032083596826,0.5466
0.07668142492102215,0.5467000000000001
0.07298588004889084,0.5468000000000001
0.06938911435683859,0.5469
0.06567965386374297,0.547
0.06207907529621337,0.5471
0.05851039140341574,0.5472
0.054932060257782744,0.5473
0.05152014660936888,0.5474
0.04828853509643638,0.5475
0.04491767482574649,0.5476
0.041636721364330276,0.5477000000000001
0.03829992029074725,0.5478000000000001
0.035153016850522745,0.5479
0.03190990819151995,0.548
0.028817059797999534,0.5481
0.025769787231319397,0.5482
0.023054375696186957,0.5483
0.020729186027345747,0.5484
0.018803638083878083,0.5485
0.016945631973533937,0.5486
0.015524580602629845,0.5487000000000001
0.01449587147200404,0.5488000000000001
0.013764236303026811,0.5489
0.013563085451879564,0.549
0.013949059279146692,0.5491
0.014412205471712847,0.5492
0.015235074733991993,0.5493
0.016699096574748884,0.5494
0.018835012495951764,0.5495
0.021584835278990244,0.5496
0.024910703647419652,0.5497000000000001
0.028721211558299764,0.5498000000000001
0.032942503163089,0.5499
0.0374953715372357,0.55
0.042270992710198074,0.5501
0.047164500623542605,0.5502
0.052136252456061793,0.5503
0.057148754247875466,0.5504
0.062158929472971414,0.5505
0.06712923945512872,0.5506
0.07201461726999947,0.5507000000000001
0.07677737229789383,0.5508000000000001
0.08138346232869997,0.5509000000000001
0.085800554053588,0.551
0.08999956950452748,0.5511
0.09395392871370722,0.5512
0.09763963165440692,0.5513
0.1010353276683591,0.5514
0.10412269404136643,0.5515
0.10688173867688733,0.5516
0.10928776512304239,0.5517000000000001
0.11132406607126,0.5518000000000001
0.11298749416911247,0.5519000000000001
0.11427808751218782,0.552
0.1151948404756058,0.5521
0.11573739416122708,0.5522
0.11590655926127513,0.5523
0.11570286509487715,0.5524
0.11512686137933559,0.5525
0.11263849105213686,0.5526
0.10955705426038143,0.5527000000000001
0.10631500014575623,0.5528000000000001
0.10294882223089541,0.5529000000000001
0.09947601223991775,0.553
0.09591590049200449,0.5531
0.09218652943772276,0.5532
0.08837230764810222,0.5533
0.08452981923504721,0.5534
0.08069405093034243,0.5535
0.07689618095850581,0.5536
0.0731644292361675,0.5537000000000001
0.06948284830137286,0.5538000000000001
0.06571919069992227,0.5539000000000001
0.06207060454327229,0.554
0.058398539314718834,0.5541
0.054770139228321524,0.5542
0.05130443185732214,0.5543
0.04794470271872053,0.5544
0.04451090826664794,0.5545
0.0410968369387581,0.5546
0.03769625543953081,0.5547000000000001
0.03440552856225887,0.5548000000000001
0.031102460411687183,0.5549000000000001
0.02785749894225309,0.555
0.024738076093534067,0.5551
0.021948140415409823,0.5552
0.01954075470913952,0.5553
0.017277408680638873,0.5554
0.015320176165515509,0.5555
0.013843169991023974,0.5556
0.012636782701730631,0.5557
0.0118744607529635,0.5558000000000001
0.011673791759325702,0.5559000000000001
0.011963338897407638,0.556
0.012550246955051136,0.5561
0.01358870116911226,0.5562
0.015076876015718499,0.5563
0.0172371320179312,0.5564
0.02006051696637412,0.5565
0.023455524404615957,0.5566
0.027360600562519766,0.5567
0.031672037377325823,0.5568000000000001
0.03631122220499594,0.5569000000000001
0.041164526023875325,0.557
0.04612808558090076,0.5571
0.051163158371721584,0.5572
0.05623612754342422,0.5573
0.06130530388980815,0.5574
0.066335464638134,0.5575
0.07128283870631547,0.5576
0.07611105398826101,0.5577
0.08078707806513308,0.5578000000000001
0.08527945719713625,0.5579000000000001
0.08955975097700619,0.558
0.09360195206642752,0.5581
0.09738240395286502,0.5582
0.1008799675553601,0.5583
0.10407623619546091,0.5584
0.10695091524341593,0.5585
0.10947869974663405,0.5586
0.11164185927026327,0.5587
0.11343586782581916,0.5588000000000001
0.11485943958906175,0.5589000000000001
0.11591054408128976,0.559
0.11658819624941064,0.5591
0.1168928955826567,0.5592
0.11682502284024043,0.5593
0.11638493541508954,0.5594
0.11408210142631481,0.5595
0.1110811052203069,0.5596
0.10790896293508401,0.5597
0.10460337610591719,0.5598000000000001
0.10118188338395562,0.5599000000000001
0.09766318943307972,0.56
0.09406206339299694,0.5601
0.0902795064653793,0.5602
0.08645523195827254,0.5603
0.08262655855319645,0.5604
0.07882629121229545,0.5605
0.07508325916336145,0.5606
0.07142420584608067,0.5607
0.0677743388871519,0.5608000000000001
0.06410134638191767,0.5609000000000001
0.06056134136574898,0.561
0.05693188664856952,0.5611
0.05342160139756946,0.5612
0.05009259497562901,0.5613
0.04679365079807618,0.5614
0.04350735888008406,0.5615
0.040152491152780634,0.5616
0.036911481969408744,0.5617
0.03370188403255958,0.5618000000000001
0.030571812392186093,0.5619000000000001
0.02744442858045759,0.562
0.024531688378266248,0.5621
0.02197364124844925,0.5622
0.019820233646934637,0.5623
0.017825279021191243,0.5624
0.01614245457865393,0.5625
0.014942693859778977,0.5626
0.013980045834247834,0.5627
0.013481476817463811,0.5628000000000001
0.013545166740881909,0.5629000000000001
0.014051898192019463,0.5630000000000001
0.014736517717380604,0.5631
0.015827255456312805,0.5632
0.017566868640638278,0.5633
0.019970332361619603,0.5634
0.022967785210131098,0.5635
0.026513355368117608,0.5636
0.030511159271854993,0.5637
0.03488631012814003,0.5638000000000001
0.03955964368503451,0.5639000000000001
0.04442216899426721,0.5640000000000001
0.04937010803391151,0.5641
0.05436846073855661,0.5642
0.0593836710036757,0.5643
0.06437535865359278,0.5644
0.06930847280095176,0.5645
0.07413965565926406,0.5646
0.07883300213391542,0.5647
0.08335607944606327,0.5648000000000001
0.08767793412639868,0.5649000000000001
0.09177080278093108,0.5650000000000001
0.09560935953725092,0.5651
0.09917078294013248,0.5652
0.10243532180407156,0.5653
0.10538167474512616,0.5654
0.1079836288108077,0.5655
0.1102227364599867,0.5656
0.11209375507530694,0.5657
0.11359485175274087,0.5658000000000001
0.11472357977535197,0.5659000000000001
0.11547872317005436,0.5660000000000001
0.11586061291178074,0.5661
0.11586952992211497,0.5662
0.1155056374379253,0.5663
0.11430972447293974,0.5664
0.11135289996472197,0.5665
0.1081974231483106,0.5666
0.10490138605893695,0.5667
0.10148978965058841,0.5668000000000001
0.09797827837708417,0.5669000000000001
0.0943593603693118,0.5670000000000001
0.09057774819839048,0.5671
0.08674697008473786,0.5672
0.0829033500084464,0.5673
0.07908043640938545,0.5674
0.07530802339795772,0.5675
0.07161337192527684,0.5676
0.06788293160307268,0.5677
0.06416565368454641,0.5678000000000001
0.06056152878101362,0.5679000000000001
0.05685110152532569,0.5680000000000001
0.053285035269258874,0.5681
0.0498950665594724,0.5682
0.046467366508111674,0.5683
0.04311353235154436,0.5684
0.03962971510362867,0.5685
0.036323628476039094,0.5686
0.032979033817686965,0.5687
0.02978886081216947,0.5688
0.02650296921469586,0.5689000000000001
0.023509774492553426,0.5690000000000001
0.02087408469280394,0.5691
0.018605118214944927,0.5692
0.01641631212954442,0.5693
0.01466042866641426,0.5694
0.013357076890798458,0.5695
0.012303801691719407,0.5696
0.011766446837449207,0.5697
0.011814683012413507,0.5698
0.01218935853236447,0.5699000000000001
0.012871029198536998,0.5700000000000001
0.013989963091848301,0.5701
0.01578753493929752,0.5702
0.018272562773844925,0.5703
0.02136655350838823,0.5704
0.025014488897343368,0.5705
0.029114080558347855,0.5706
0.033586085911083696,0.5707
0.038348932905296174,0.5708
0.04329230970125253,0.5709000000000001
0.04831264020945958,0.5710000000000001
0.053377679583537896,0.5711
0.058456834607625074,0.5712
0.06351211487667385,0.5713
0.06851050411293869,0.5714
0.0734098871477592,0.5715
0.0781752681288086,0.5716
0.0827748727204155,0.5717
0.08717824239891803,0.5718
0.09135806197619067,0.5719000000000001
0.09528935562412755,0.5720000000000001
0.09894948070763543,0.5721
0.10231864953606484,0.5722
0.10537537934815577,0.5723
0.10809320955427915,0.5724
0.11045326073950612,0.5725
0.11244966523978961,0.5726
0.11407991655250338,0.5727
0.11534087037660556,0.5728
0.11623056293132239,0.5729000000000001
0.11674854257879219,0.5730000000000001
0.1168943382180001,0.5731
0.11666741317448792,0.5732
0.1156821022057366,0.5733
0.11280769929978474,0.5734
0.10972314793468951,0.5735
0.1064883718145272,0.5736
0.10312898020410588,0.5737
0.09966034523584777,0.5738
0.09610348553354264,0.5739000000000001
0.09241712857915207,0.5740000000000001
0.08861109912594178,0.5741
0.08478058279345135,0.5742
0.08096125150693301,0.5743
0.07718404851405403,0.5744
0.07347664934952636,0.5745
0.06986463439667534,0.5746
0.06616738489663554,0.5747
0.06254879865482332,0.5748
0.058990498189241514,0.5749000000000001
0.055390462016031705,0.5750000000000001
0.05195215077833559,0.5751000000000001
0.048706760593236975,0.5752
0.04533319500269206,0.5753
0.04206553506318289,0.5754
0.03869759258363015,0.5755
0.0355581728288481,0.5756
0.03227875562488847,0.5757
0.029186618510435247,0.5758
0.026097951781826945,0.5759000000000001
0.023332746111528913,0.5760000000000001
0.0209473352912648,0.5761000000000001
0.01896317375612666,0.5762
0.017041444945751882,0.5763
0.015554825404055395,0.5764
0.014489317737123475,0.5765
0.0136966128339433,0.5766
0.013427205636421968,0.5767
0.013741183411006608,0.5768
0.014178389255607549,0.5769000000000001
0.014934055671199209,0.5770000000000001
0.016326707224617376,0.5771000000000001
0.01839401576177435,0.5772
0.021081808267827018,0.5773
0.02435313303565234,0.5774
0.028118323653972155,0.5775
0.032303099707892136,0.5776
0.03682821853053908,0.5777
0.0415848845724609,0.5778
0.04646797386064083,0.5779000000000001
0.05143660115239257,0.5780000000000001
0.05645225414035382,0.5781000000000001
0.0614711135987247,0.5782
0.06645507690921748,0.5783
0.07135880879048706,0.5784
0.07614441336494249,0.5785
0.08077767879355235,0.5786
0.08522609502541145,0.5787
0.08946032859999797,0.5788
0.09345349523226132,0.5789000000000001
0.0971812652592462,0.5790000000000001
0.10062195232604032,0.5791000000000001
0.10375688287234242,0.5792
0.10656570217609851,0.5793
0.10902334338910846,0.5794
0.1111126979642173,0.5795
0.11283020172717328,0.5796
0.11417553225822863,0.5797
0.11514740187097017,0.5798
0.11574522885057337,0.5799000000000001
0.11596963969295493,0.5800000000000001
0.11582099679011992,0.5801000000000001
0.11529966889505161,0.5802
0.11308950990465327,0.5803
0.11003856743233709,0.5804
0.10681808512202451,0.5805
0.10346931575121765,0.5806
0.10001149714050761,0.5807
0.0964632751338238,0.5808
0.09276691665959036,0.5809000000000001
0.08896122057015754,0.5810000000000001
0.08512200822997718,0.5811000000000001
0.08128464509409905,0.5812
0.07748082271100709,0.5813
0.07373905424751659,0.5814
0.07008359447798362,0.5815
0.06630679522445915,0.5816
0.0626401679092905,0.5817
0.05899477930638963,0.5818
0.05534626971384915,0.5819
0.05185507664655509,0.5820000000000001
0.04852465491140889,0.5821000000000001
0.04506390084736589,0.5822
0.04167974802378005,0.5823
0.03824708259311871,0.5824
0.03498146650541445,0.5825
0.03163994896182909,0.5826
0.028411454274415604,0.5827
0.025245945415039772,0.5828
0.02240036340919005,0.5829
0.019930357502940588,0.5830000000000001
0.01767232289932541,0.5831000000000001
0.015653022724170906,0.5832
0.014100032496209947,0.5833
0.012873122509856838,0.5834
0.012031877088591214,0.5835
0.011738670879311908,0.5836
0.011999846340798648,0.5837
0.012494960040042136,0.5838
0.013433751137511551,0.5839
0.014819105986856096,0.5840000000000001
0.01687869645132256,0.5841000000000001
0.01960840122174634,0.5842
0.02292037450418305,0.5843
0.026754505018262265,0.5844
0.031007610759131055,0.5845
0.035600952241564565,0.5846
0.04042083140745878,0.5847
0.045362827259271876,0.5848
0.050386252819583754,0.5849
0.05545588100672427,0.5850000000000001
0.06052897751465558,0.5851000000000001
0.06556943126625525,0.5852
0.07053294592668502,0.5853
0.0753826133472516,0.5854
0.08008491670582985,0.5855
0.08460797249487184,0.5856
0.08892289908301687,0.5857
0.09300324300443286,0.5858
0.0968249062722415,0.5859
0.10036632683447455,0.5860000000000001
0.10360870813774836,0.5861000000000001
0.1065314102649717,0.5862
0.10910882733249061,0.5863
0.11132294028239742,0.5864
0.11316893631841374,0.5865
0.11464528327782775,0.5866
0.11574974422401518,0.5867
0.11648113571143204,0.5868
0.11683974816522402,0.5869
0.11682573641708838,0.5870000000000001
0.11643920965051746,0.5871000000000001
0.11447933345543815,0.5872
0.11150836158917199,0.5873
0.10835592353965451,0.5874
0.10506573285906051,0.5875
0.10165761300568799,0.5876
0.09814951312124787,0.5877
0.09456333173494824,0.5878
0.09079789489447843,0.5879
0.08697674428641722,0.5880000000000001
0.08314630580926397,0.5881000000000001
0.0793399063807051,0.5882000000000001
0.07558676232119499,0.5883
0.07191392482374415,0.5884
0.06827976621614462,0.5885
0.06459028536426825,0.5886
0.061029239314506545,0.5887
0.057416853741558915,0.5888
0.05388347149188033,0.5889
0.05052627749356686,0.5890000000000001
0.047245711538274726,0.5891000000000001
0.04392991968105364,0.5892000000000001
0.040594105219836196,0.5893
0.037319100922902804,0.5894
0.03412223148961524,0.5895
0.03095235968571841,0.5896
0.027827191030179277,0.5897
0.02486691504314109,0.5898
0.02225272116374133,0.5899
0.020036823234315992,0.5900000000000001
0.018028344965709042,0.5901000000000001
0.01628340737928413,0.5902000000000001
0.015011794067603779,0.5903
0.014018250879561434,0.5904
0.013447001497597144,0.5905
0.013429745536555293,0.5906
0.013901529442954974,0.5907
0.014507767301854768,0.5908
0.015517390669177011,0.5909
0.01717697329926149,0.5910000000000001
0.019505012295092827,0.5911000000000001
0.022434371681404386,0.5912000000000001
0.02592109762782213,0.5913
0.029869888473473605,0.5914
0.034205960227484455,0.5915
0.03884994602521785,0.5916
0.04369274747001106,0.5917
0.048630194769261115,0.5918
0.053626011325955014,0.5919
0.05864557749644961,0.5920000000000001
0.06364781008783738,0.5921000000000001
0.06859704179525417,0.5922000000000001
0.07344951794711707,0.5923
0.07816892244032259,0.5924
0.08272244555158981,0.5925
0.08707879709839161,0.5926
0.09120987371208078,0.5927
0.09509000570223891,0.5928
0.09869602419271961,0.5929
0.10200782983362044,0.5930000000000001
0.10500379522582759,0.5931000000000001
0.10765741465646905,0.5932000000000001
0.10994993228816163,0.5933
0.11187576963976231,0.5934
0.11343278201125251,0.5935
0.11461824954677102,0.5936
0.11543070122702848,0.5937
0.11587022219868537,0.5938
0.11593685249048624,0.5939
0.11563050951419873,0.5940000000000001
0.11475592075611618,0.5941000000000001
0.11183207455482913,0.5942000000000001
0.10869977886907423,0.5943
0.10542250564184796,0.5944
0.10202729449609038,0.5945
0.098529110473081,0.5946
0.09494050150353261,0.5947
0.09116904888286936,0.5948
0.08734337924953028,0.5949
0.08350001591290102,0.595
0.07967292669982529,0.5951000000000001
0.07589216913979357,0.5952000000000001
0.07218534103333518,0.5953
0.06848028252908067,0.5954
0.06474820939856263,0.5955
0.06113926664838043,0.5956
0.05744194480563736,0.5957
0.05385403219064955,0.5958
0.0504373365130133,0.5959
0.04704386273137984,0.596
0.043662759571137855,0.5961000000000001
0.040215047024819706,0.5962000000000001
0.03687618334456433,0.5963
0.03356077248407985,0.5964
0.030329586069747005,0.5965
0.02707560784006602,0.5966
0.02404156952017167,0.5967
0.02135240606798927,0.5968
0.019059108763191945,0.5969
0.01685711545182178,0.597
0.015028890217677393,0.5971000000000001
0.013691955943655465,0.5972000000000001
0.01256161515016574,0.5973
0.011930832250323098,0.5974
0.011876917838299583,0.5975
0.012229842776096955,0.5976
0.012810798151720704,0.5977
0.013821354731716085,0.5978
0.01550833175264743,0.5979
0.017886530424047642,0.598
0.020882259605961906,0.5981000000000001
0.024443898332333847,0.5982000000000001
0.028470259824768362,0.5983
0.03288242580143441,0.5984
0.03759862120604729,0.5985
0.042508381393462136,0.5986
0.047507485321596876,0.5987
0.05256168413926687,0.5988
0.05763864486710801,0.5989
0.0626991916647045,0.599
0.06770931340166608,0.5991000000000001
0.07262628903965707,0.5992000000000001
0.07741452811750626,0.5993
0.08204170529421428,0.5994
0.08647686109518449,0.5995
0.09069220099892206,0.5996
0.09466233104855482,0.5997
0.0983642687197217,0.5998
0.10177741834071563,0.5999
0.10488388778234847,0.6
0.10766387120384313,0.6001000000000001
0.11009272531190728,0.6002000000000001
0.11215364284869522,0.6003000000000001
0.11384325434652309,0.6004
0.11516132381572708,0.6005
0.11610655167867545,0.6006
0.11667829897934534,0.6007
0.11687714220049117,0.6008
0.11670345471946708,0.6009
0.11605242505817615,0.601
0.11321165624022611,0.6011000000000001
0.11015107103759136,0.6012000000000001
0.10693644877728903,0.6013000000000001
0.10359592371330817,0.6014
0.10014422272007739,0.6015
0.09660159777437882,0.6016
0.092945886716437,0.6017
0.08914747688250524,0.6018
0.08531783606150833,0.6019
0.08149373209707056,0.602
0.07770702218943515,0.6021000000000001
0.07398584266988972,0.6022000000000001
0.07035609832025391,0.6023000000000001
0.06666880414160636,0.6024
0.06302984716084847,0.6025
0.059481469729490755,0.6026
0.05586036717025,0.6027
0.05239649482263564,0.6028
0.04912146044009602,0.6029
0.04576355995675341,0.603
0.04251044620387212,0.6031000000000001
0.039111169364289156,0.6032000000000001
0.03593404347243401,0.6033000000000001
0.03266654772284583,0.6034
0.029579469585427454,0.6035
0.026447149803568326,0.6036
0.023628985776149358,0.6037
0.021184871838415775,0.6038
0.019163448495315594,0.6039
0.01720750949033989,0.604
0.0156565616171791,0.6041000000000001
0.014559906179068216,0.6042000000000001
0.013698221496973195,0.6043000000000001
0.013351798982372376,0.6044
0.013584826881637868,0.6045
0.013997391252933866,0.6046
0.014678817842370462,0.6047
0.01599062409389962,0.6048
0.017978785002860986,0.6049
0.02059386399171248,0.605
0.023800405514808,0.6051000000000001
0.027511120855891358,0.6052000000000001
0.031651394790402465,0.6053000000000001
0.036141947612697845,0.6054
0.0408740418614999,0.6055
0.04574225046357072,0.6056
0.050704240212660734,0.6057
0.05572034722547481,0.6058
0.06074595411953543,0.6059
0.06574229314972968,0.606
0.07066363670535047,0.6061000000000001
0.07547169467627879,0.6062000000000001
0.08013191836044897,0.6063000000000001
0.08461152651471093,0.6064
0.08888090793467007,0.6065
0.09291287942993587,0.6066
0.0966827746003952,0.6067
0.10016854595706892,0.6068
0.10335115886375179,0.6069
0.10620992878235946,0.607
0.10871949328887398,0.6071000000000001
0.11086243508995575,0.6072000000000001
0.11263485037564269,0.6073000000000001
0.11403609811914706,0.6074
0.11506461541390456,0.6075
0.11571957978554326,0.6076
0.1160014011281073,0.6077
0.11591023511802923,0.6078
0.11544622911435176,0.6079
0.11356539273091382,0.608
0.11054628418551982,0.6081
0.10734724700443832,0.6082000000000001
0.10401525336673789,0.6083000000000001
0.1005717000840255,0.6084
0.09703450679747794,0.6085
0.09336695312157972,0.6086
0.08956884908930773,0.6087
0.08573198136454419,0.6088
0.08189199252339652,0.6089
0.07808106446147234,0.609
0.0743280182610051,0.6091
0.07065951113816638,0.6092000000000001
0.06690509669717626,0.6093000000000001
0.06322105851652915,0.6094
0.05960101074122548,0.6095
0.055931942029498805,0.6096
0.05241504646832129,0.6097
0.049080304358175786,0.6098
0.0456295148151904,0.6099
0.042280677855298876,0.61
0.038817196423601485,0.6101
0.03557470738468749,0.6102000000000001
0.03220082651237566,0.6103000000000001
0.028991688629210977,0.6104
0.025779950012054798,0.6105
0.022878186426242397,0.6106
0.02034468847849169,0.6107
0.018091234190826366,0.6108
0.016008227165674294,0.6109
0.014377456206514871,0.611
0.013129073241635147,0.6111
0.012206693150821346,0.6112000000000001
0.01181839562288478,0.6113000000000001
0.012025000661055607,0.6114
0.012451309025369506,0.6115
0.013287791967502072,0.6116
0.014566548049341321,0.6117
0.016520789937105596,0.6118
0.019151659832360446,0.6119
0.022375302632866356,0.612
0.026133576024506056,0.6121
0.03032389926152379,0.6122000000000001
0.03486746802988239,0.6123000000000001
0.03965065870350504,0.6124
0.04456850940855417,0.6125
0.049578258981662904,0.6126
0.054642944943058325,0.6127
0.059718698236929324,0.6128
0.06476846085713073,0.6129
0.06974740504719079,0.613
0.07461808381928214,0.6131
0.07934649344481848,0.6132000000000001
0.08390031505925122,0.6133000000000001
0.08825021496830932,0.6134000000000001
0.09236928456329019,0.6135
0.09623297998531488,0.6136
0.09981931665580235,0.6137
0.10310911151154112,0.6138
0.10608138290303726,0.6139
0.10871022360318194,0.614
0.11097731376559505,0.6141
0.11287752818728258,0.6142000000000001
0.11440905677832414,0.6143000000000001
0.11556942615784227,0.6144000000000001
0.11635723029119016,0.6145
0.1167725335180223,0.6146
0.11681525319469599,0.6147
0.1164852406985496,0.6148
0.11489469508453565,0.6149
0.11195577529109146,0.615
0.10882447367312942,0.6151
0.10555091513443016,0.6152000000000001
0.10215734855734004,0.6153000000000001
0.09866089702760861,0.6154000000000001
0.09508320767609102,0.6155
0.09134316444020518,0.6156
0.08752597636084813,0.6157
0.08369429907941517,0.6158
0.07988234174243614,0.6159
0.07611998566240419,0.616
0.07243436088019428,0.6161
0.06881811229553825,0.6162000000000001
0.06511122241347478,0.6163000000000001
0.06152682496104722,0.6164000000000001
0.05792599315517277,0.6165
0.0543653743675907,0.6166
0.050976107552679784,0.6167
0.04770556845574525,0.6168
0.04435762077273919,0.6169
0.04103577653663404,0.617
0.037726428957131075,0.6171
0.034542372831496415,0.6172000000000001
0.031332995500604754,0.6173000000000001
0.028212341289282072,0.6174000000000001
0.02520739138628425,0.6175
0.02254469087848765,0.6176
0.020279524682663252,0.6177
0.018341557413392273,0.6178
0.01654210871062678,0.6179
0.015192794354632833,0.618
0.014175790476439465,0.6181
0.013518397549534766,0.6182000000000001
0.013405118926832271,0.6183000000000001
0.01384221043158762,0.6184000000000001
0.014359022206796412,0.6185
0.01527451453348716,0.6186
0.016839163967059978,0.6187
0.019075945541264128,0.6188
0.021921373041191128,0.6189
0.025334366015080212,0.619
0.02922063323344859,0.6191
0.03350570539313846,0.6192000000000001
0.03811001702287209,0.6193000000000001
0.042924473507965244,0.6194000000000001
0.047844561376753525,0.6195
0.05283255768909867,0.6196
0.057852637353980496,0.6197
0.06286292124441728,0.6198
0.06782691118928497,0.6199
0.07270020627024176,0.62
0.0774457586622499,0.6201
0.08203008705032344,0.6202000000000001
0.0864213321677072,0.6203000000000001
0.09059088326516196,0.6204000000000001
0.0945126192033503,0.6205
0.0981629895951528,0.6206
0.10152160388997367,0.6207
0.10456666074179288,0.6208
0.10727157821830013,0.6209
0.10961752213812037,0.621
0.11159876533241908,0.6211
0.11321295651120145,0.6212
0.11445711936079705,0.6213000000000001
0.11532946838455982,0.6214000000000001
0.11582973090644422,0.6215
0.11595756587125994,0.6216
0.11571250587358517,0.6217
0.11509848046890236,0.6218
0.11233653987986003,0.6219
0.10923022252195214,0.622
0.10597133806790648,0.6221
0.10259115338865132,0.6222
0.09910525510997648,0.6223000000000001
0.09553414079070544,0.6224000000000001
0.09177955704028662,0.6225
0.08795967562022333,0.6226
0.0841172820500844,0.6227
0.08028659897625912,0.6228
0.07649795763133393,0.6229
0.07277918244227743,0.623
0.0690967974765514,0.6231
0.06535029018464988,0.6232
0.061721843589619074,0.6233000000000001
0.05805221391775861,0.6234000000000001
0.054443592301510746,0.6235
0.05100062482988221,0.6236
0.04764227259934595,0.6237
0.04423454892413603,0.6238
0.040825533184420726,0.6239
0.037455135750243285,0.624
0.03417345912037972,0.6241
0.03090345902814473,0.6242
0.02767113944229882,0.6243000000000001
0.0245889517916853,0.6244000000000001
0.021841320790608743,0.6245
0.01948015408604009,0.6246
0.017238394804256263,0.6247
0.01532829992268625,0.6248
0.01390412823925069,0.6249
0.0127304576474363,0.625
0.012021747878445233,0.6251
0.011878612218541251,0.6252
0.012202541981373827,0.6253000000000001
0.012691883742004029,0.6254000000000001
0.013604382543616733,0.6255000000000001
0.015191379146484163,0.6256
0.017473107965452428,0.6257
0.02037982372093161,0.6258
0.0238629629130922,0.6259
0.02782238940815973,0.626
0.03217958597805559,0.6261
0.03685268314997847,0.6262
0.041731237127661025,0.6263000000000001
0.04671056913386917,0.6264000000000001
0.051754724672404606,0.6265000000000001
0.05682983484089199,0.6266
0.06189562640525759,0.6267
0.06691709664466261,0.6268
0.0718509352655331,0.6269
0.07666107817561707,0.627
0.08131490523751672,0.6271
0.08578125920216373,0.6272
0.0900321084058201,0.6273000000000001
0.09404173130483284,0.6274000000000001
0.09778674558751677,0.6275000000000001
0.10124612435581992,0.6276
0.10440155006063956,0.6277
0.10723280767205223,0.6278
0.109714853734592,0.6279
0.11183045117429524,0.628
0.11357578237315236,0.6281
0.11495022434040658,0.6282
0.11595218050684852,0.6283000000000001
0.11658078487992463,0.6284000000000001
0.11683643637530539,0.6285000000000001
0.11671936058217536,0.6286
0.11622986896404075,0.6287
0.11364683421857869,0.6288
0.1106166698470008,0.6289
0.10742358892252368,0.629
0.10410085118834589,0.6291
0.10066453206014281,0.6292
0.09713417033520866,0.6293000000000001
0.09350656226845522,0.6294000000000001
0.08971615368004127,0.6295000000000001
0.0858888571159242,0.6296
0.08206170863885653,0.6297
0.07826704739554691,0.6298
0.07453338316636626,0.6299
0.07088705660956729,0.63
0.06721475496856177,0.6301
0.0635561718813955,0.6302
0.060021404641654286,0.6303000000000001
0.05637716879109367,0.6304000000000001
0.05288529248552165,0.6305000000000001
0.04957850802288721,0.6306
0.04623987407315555,0.6307
0.042974872108603845,0.6308
0.039575671809543245,0.6309
0.03636058673697007,0.631
0.033109414767596324,0.6311
0.03001221881187055,0.6312
0.02685339783821039,0.6313000000000001
0.023982856435484923,0.6314000000000001
0.021477967706038825,0.6315000000000001
0.019384975425346118,0.6316
0.017372386949674468,0.6317
0.015747692157942694,0.6318
0.014601369215716975,0.6319
0.013672096862153094,0.632
0.013251361529894146,0.6321
0.013404874469787886,0.6322
0.013790276646559407,0.6323000000000001
0.014396682525515958,0.6324000000000001
0.015626621922318673,0.6325000000000001
0.01753467147997667,0.6326
0.020075946429748415,0.6327
0.02321649218748134,0.6328
0.026871357123776862,0.6329
0.030965702106170667,0.633
0.03542032594846001,0.6331
0.04012673152589019,0.6332
0.04497930254179283,0.6333000000000001
0.04993431892351996,0.6334000000000001
0.054950921905668304,0.6335000000000001
0.059983589224007705,0.6336
0.06499273639760128,0.6337
0.06993215307866307,0.6338
0.07476315060421812,0.6339
0.07945093941215065,0.634
0.08396259376727833,0.6341
0.08826832645864668,0.6342
0.09234069749508278,0.6343
0.09615470555519312,0.6344000000000001
0.09968792761258372,0.6345000000000001
0.10292094821905107,0.6346
0.10583271453050003,0.6347
0.10839749610536609,0.6348
0.11059745144772704,0.6349
0.11242819824020134,0.635
0.11388865159791972,0.6351
0.11497688622480962,0.6352
0.11569179757206915,0.6353
0.1160335809049512,0.6354000000000001
0.11600222253942638,0.6355000000000001
0.11559770601033315,0.6356
0.11404681619762069,0.6357
0.1110612610743813,0.6358
0.1078856626739102,0.6359
0.10457260796965406,0.636
0.10114557071717822,0.6361
0.09762167400471267,0.6362
0.09398803553379365,0.6363
0.09019969970630004,0.6364000000000001
0.08636693843415,0.6365000000000001
0.08252579246157998,0.6366
0.07870919261578724,0.6367
0.07494644855214772,0.6368
0.07126440785701493,0.6369
0.06753887505941591,0.637
0.06383649003110015,0.6371
0.06023839524499308,0.6372
0.056543920377101875,0.6373
0.05299633675870519,0.6374000000000001
0.04962729426090062,0.6375000000000001
0.04620101474778138,0.6376000000000001
0.042868269740153675,0.6377
0.03938151286409419,0.6378
0.03609887419952207,0.6379
0.032753113631322606,0.638
0.029566770569951384,0.6381
0.026309786166964333,0.6382
0.023351389007633117,0.6383
0.020754443981919835,0.6384000000000001
0.01850467017231283,0.6385000000000001
0.016357385737661323,0.6386000000000001
0.014648651721099748,0.6387
0.013376113671981216,0.6388
0.01237215999447594,0.6389
0.011888874236904101,0.639
0.011993355996666288,0.6391
0.012398218074337608,0.6392
0.013134580772382387,0.6393
0.014308082579792991,0.6394000000000001
0.016157409221858376,0.6395000000000001
0.01868916321940639,0.6396000000000001
0.021823566340227973,0.6397
0.02550508687305464,0.6398
0.029631675125015855,0.6399
0.0341244513033383,0.64
0.03890222058367354,0.6401
0.04385489511794538,0.6402
0.04887917251931606,0.6403
0.053943443122804524,0.6404000000000001
0.05901759800102768,0.6405000000000001
0.06406393734744464,0.6406000000000001
0.06904968660402677,0.6407
0.073932869425676,0.6408
0.07867864354707921,0.6409
0.08325538301595048,0.641
0.08763277639600953,0.6411
0.09178367509889962,0.6412
0.09568328471092924,0.6413
0.09930915310692312,0.6414000000000001
0.10264169063952988,0.6415000000000001
0.10565960197922208,0.6416000000000001
0.1083365985607565,0.6417
0.11065401954213006,0.6418
0.11260627495413456,0.6419
0.1141911331036527,0.642
0.11540569779360588,0.6421
0.11624823842402665,0.6422
0.11671852688251427,0.6423
0.11681630526938602,0.6424000000000001
0.11654124814521838,0.6425000000000001
0.11530960360401066,0.6426000000000001
0.1124045565441828,0.6427
0.10929686046013076,0.6428
0.10604249950927369,0.6429
0.10266561529823837,0.643
0.0991821316338316,0.6431
0.09561325674784926,0.6432
0.09189828904303898,0.6433
0.08808376583247535,0.6434000000000001
0.08424927284030237,0.6435000000000001
0.08042995564423105,0.6436000000000001
0.07665634475963368,0.6437
0.07295588008238474,0.6438
0.06935365908476154,0.6439
0.06562918237738646,0.644
0.0620225808767535,0.6441
0.058436120854532536,0.6442
0.05485110333243104,0.6443
0.05143230836868806,0.6444000000000001
0.04817761018457922,0.6445000000000001
0.04479879759673766,0.6446000000000001
0.041494211107907075,0.6447
0.03814973404559452,0.6448
0.03497789778967619,0.6449
0.031727903413513836,0.645
0.02861046458508265,0.6451
0.025557509137541512,0.6452
0.022838260849494585,0.6453
0.02051017782321707,0.6454000000000001
0.01855936211911069,0.6455000000000001
0.016696900542880533,0.6456000000000001
0.015274763118609647,0.6457
0.014226983627096956,0.6458
0.01349536193033618,0.6459
0.013298996479278902,0.646
0.013693549856635734,0.6461
0.01413734033911318,0.6462
0.014969046310256306,0.6463
0.016449356166085893,0.6464000000000001
0.01860582738977823,0.6465000000000001
0.021378332004836853,0.6466000000000001
0.024727903393569672,0.6467
0.028561241900548096,0.6468
0.03280395929331004,0.6469
0.03737630937195924,0.647
0.04216910743052438,0.6471
0.04707741742339122,0.6472
0.05206208614431573,0.6473
0.05708612349405073,0.6474000000000001
0.06210688782604401,0.6475000000000001
0.06708722409627899,0.6476000000000001
0.07198232237585245,0.6477
0.07675470342824031,0.6478
0.08137048653416779,0.6479
0.08579745347176637,0.648
0.09000662670536319,0.6481
0.09397151372682011,0.6482
0.09766818964628043,0.6483
0.10107535870003748,0.6484
0.1041747268184331,0.6485000000000001
0.10694630987932607,0.6486000000000001
0.10936540719912902,0.6487
0.11141528401446776,0.6488
0.11309274142720649,0.6489
0.11439774969559136,0.649
0.1153292182418576,0.6491
0.11588668565979443,0.6492
0.11607084932270328,0.6493
0.11588212759413885,0.6494
0.11532096977162587,0.6495000000000001
0.11280876932227746,0.6496000000000001
0.10973394864907848,0.6497
0.10649823121714508,0.6498
0.10313750087016171,0.6499
0.09966901444861775,0.65
0.09611220902841877,0.6501
0.09239905137637272,0.6502
0.08858765062897833,0.6503
0.08474678516212286,0.6504
0.0809118087271129,0.6505000000000001
0.07711407967384609,0.6506000000000001
0.0733818246892648,0.6507000000000001
0.0697237018594391,0.6508
0.06595950533975281,0.6509
0.06230863232456374,0.651
0.05866179435471208,0.6511
0.05503006794012122,0.6512
0.051559019795824224,0.6513
0.048229325695756,0.6514
0.044792810482247036,0.6515000000000001
0.041414894145367365,0.6516000000000001
0.03801010468538113,0.6517000000000001
0.03475412647334197,0.6518
0.03144190873026753,0.6519
0.028224057972541683,0.652
0.025090626773471847,0.6521
0.022281923126931114,0.6522
0.019852969572650148,0.6523
0.01761329170954329,0.6524
0.01563728507474904,0.6525000000000001
0.014133427425691902,0.6526000000000001
0.012936226277752816,0.6527000000000001
0.012145302461545437,0.6528
0.011906537438475251,0.6529
0.012199469415217878,0.653
0.012594447415042564,0.6531
0.013405426047319757,0.6532
0.014888823408976126,0.6533
0.017070200170431926,0.6534
0.019884335927127683,0.6535000000000001
0.023286092411622272,0.6536000000000001
0.027176615784335167,0.6537000000000001
0.03147777590385936,0.6538
0.036107490371819706,0.6539
0.04095512718330463,0.654
0.045915345016519504,0.6541
0.05095022296278673,0.6542
0.05602427242969088,0.6543
0.061096179882501156,0.6544
0.06613008446582769,0.6545000000000001
0.07108218908894504,0.6546000000000001
0.07591594855999428,0.6547000000000001
0.0805983137351991,0.6548
0.08509774084990429,0.6549
0.08938578041411982,0.655
0.09343626432145613,0.6551
0.09722534696011409,0.6552
0.10073154283298713,0.6553
0.10393610467769132,0.6554
0.10681843575598193,0.6555000000000001
0.1093531635845083,0.6556000000000001
0.11152274578679156,0.6557000000000001
0.11332307134824604,0.6558
0.11475326933265839,0.6559
0.11581153635292041,0.656
0.1164968076659536,0.6561
0.11680927313900291,0.6562
0.11674893170797074,0.6563
0.11631584231831782,0.6564
0.11408572965193997,0.6565000000000001
0.1110864854745166,0.6566000000000001
0.10791341521914288,0.6567000000000001
0.10460601641198553,0.6568
0.10118273452932436,0.6569
0.09766233047768513,0.657
0.09406051843865781,0.6571
0.09027671752387856,0.6572
0.08645090841873415,0.6573
0.08262033473924157,0.6574
0.07881780398011606,0.6575000000000001
0.07507212851010603,0.6576000000000001
0.07141001165693717,0.6577000000000001
0.06775567130311644,0.6578
0.06407865276281188,0.6579
0.06053372973051152,0.658
0.05689596444169709,0.6581
0.05337823129877339,0.6582
0.05004064913278494,0.6583
0.046724416043802064,0.6584
0.04342752900625113,0.6585000000000001
0.04005138244688822,0.6586000000000001
0.03679938585462028,0.6587000000000001
0.03356442422011141,0.6588
0.03042395918000551,0.6589
0.027269662309826304,0.659
0.02434742513971755,0.6591
0.021781338290550956,0.6592
0.019620389800250715,0.6593
0.017595888635888457,0.6594
0.01590437762087138,0.6595000000000001
0.014699864857954825,0.6596000000000001
0.013717459003063759,0.6597000000000001
0.01321589787466726,0.6598
0.01328158078322339,0.6599
0.013773474945873332,0.66
0.014462526955261179,0.6601
0.01556252787626744,0.6602
0.01731586231979998,0.6603
0.01973652625940714,0.6604
0.02275330617629101,0.6605000000000001
0.02631887358406826,0.6606000000000001
0.030336295664239676,0.6607000000000001
0.034729967767825665,0.6608
0.03942032383720817,0.6609
0.04429813158735474,0.661
0.04925961255300404,0.6611
0.05427018480260859,0.6612
0.059296735666181544,0.6613
0.0642992355498595,0.6614
0.06924294150250843,0.6615
0.07408468845227112,0.6616000000000001
0.07878871719151126,0.6617000000000001
0.08332269402536141,0.6618
0.08765572801994059,0.6619
0.09176011128910433,0.662
0.0956105741219283,0.6621
0.09918435172044593,0.6622
0.10246174287346843,0.6623
0.10542148360942916,0.6624
0.10803738086875281,0.6625
0.11029097713946256,0.6626000000000001
0.1121769879940906,0.6627000000000001
0.1136935152636559,0.6628000000000001
0.11483802618325833,0.6629
0.11560920115744788,0.663
0.11600725753518337,0.6631
0.11603236450682974,0.6632
0.1156845826547046,0.6633
0.11449088958474862,0.6634
0.11154151391118272,0.6635
0.108392500540342,0.6636000000000001
0.1051018184448449,0.6637000000000001
0.10169443536776956,0.6638000000000001
0.09818606311854827,0.6639
0.09458180602487376,0.664
0.09080274764193064,0.6641
0.08697326564550412,0.6642
0.08312999274286581,0.6643
0.07930664442212865,0.6644
0.07553302968614573,0.6645
0.07183644064206962,0.6646000000000001
0.06812842473863512,0.6647000000000001
0.06440913653456026,0.6648000000000001
0.06081614332615315,0.6649
0.05711562343206711,0.665
0.053545139285614995,0.6651
0.05014934243001168,0.6652
0.04675254944765883,0.6653
0.043393260508056475,0.6654
0.039940257539326396,0.6655
0.03662582048568974,0.6656000000000001
0.03330868542723486,0.6657000000000001
0.030105753193892637,0.6658000000000001
0.0268568284255708,0.6659
0.023856681226287035,0.666
0.021207419347240908,0.6661
0.018958771903726968,0.6662
0.016775035470724342,0.6663
0.014992388407802482,0.6664
0.01369165725126198,0.6665
0.012606848114138147,0.6666000000000001
0.012030227409808525,0.6667000000000001
0.01203340652627749,0.6668000000000001
0.012415224823912663,0.6669
0.013051287112616272,0.667
0.014117580244623396,0.6671
0.01585817371790066,0.6672
0.018285459501667045,0.6673
0.021324198118682025,0.6674
0.024921984729652458,0.6675
0.02897771652732417,0.6676000000000001
0.03341275833037338,0.6677000000000001
0.03814568576279065,0.6678000000000001
0.04306623882633942,0.6679
0.048070481457897385,0.668
0.05312488598178389,0.6681
0.0581976676229381,0.6682
0.0632499767751955,0.6683
0.06824808347570321,0.6684
0.07314943886282654,0.6685
0.07791865139179188,0.6686000000000001
0.08252358822500272,0.6687000000000001
0.08693347007126939,0.6688000000000001
0.09112069109190613,0.6689
0.09506005111431626,0.669
0.09872876347534998,0.6691
0.10210696077475123,0.6692
0.10517310922389134,0.6693
0.10790069200086672,0.6694
0.11027075568294986,0.6695
0.11227734135529166,0.6696000000000001
0.11391784621240719,0.6697000000000001
0.11518904242319372,0.6698000000000001
0.11608890130903493,0.6699
0.11661692567558835,0.67
0.1167726075450739,0.6701
0.11655590355240475,0.6702
0.11570658707465531,0.6703
0.11283556799492933,0.6704
0.10975113253683888,0.6705
0.10651601349123996,0.6706000000000001
0.10315712130116961,0.6707000000000001
0.09968960754709999,0.6708000000000001
0.0961339474790125,0.6709
0.09244619539422794,0.671
0.08863835775214202,0.6711
0.08480402041136115,0.6712
0.08097943018049947,0.6713
0.07719601993447722,0.6714
0.07348164967440951,0.6715
0.06986187784726938,0.6716000000000001
0.06614682662916627,0.6717000000000001
0.06251967283155746,0.6718000000000001
0.058943515855103046,0.6719
0.05533683041897941,0.672
0.051891707136548115,0.6721
0.048638629821404766,0.6722
0.04524481933339808,0.6723
0.04195668046558798,0.6724
0.03858160141702238,0.6725
0.03542354644031254,0.6726000000000001
0.03213829030696935,0.6727000000000001
0.029028325718991166,0.6728000000000001
0.025933360897032687,0.6729
0.023162147995224647,0.673
0.020770698657726516,0.6731
0.018765043057844988,0.6732
0.01683585195844639,0.6733
0.015344199908452927,0.6734
0.014261316175466332,0.6735
0.013465044235060342,0.6736000000000001
0.01319572617769138,0.6737000000000001
0.01351286844105215,0.6738000000000001
0.013933249647603896,0.6739
0.014692512211399,0.674
0.01609444868467258,0.6741
0.018174714180457352,0.6742
0.020877714752683074,0.6743
0.02416567776744416,0.6744
0.027947483860683908,0.6745
0.03214832660034972,0.6746
0.036688463472216215,0.6747000000000001
0.041458766651018886,0.6748000000000001
0.04635401844399989,0.6749
0.0513336460504068,0.675
0.056359469752023106,0.6751
0.06138795512816575,0.6752
0.06638125005208717,0.6753
0.07129419268973958,0.6754
0.07608904596240618,0.6755
0.08073174282234918,0.6756
0.08518990020313022,0.6757000000000001
0.08943430440176858,0.6758000000000001
0.0934381726877509,0.6759000000000001
0.09717725044862535,0.676
0.10062989086964702,0.6761
0.1037774215946875,0.6762
0.10659946069102832,0.6763
0.10907089827412297,0.6764
0.11117456145060423,0.6765
0.11290680474968051,0.6766
0.11426722160908864,0.6767000000000001
0.11525444005815888,0.6768000000000001
0.11586779252503243,0.6769000000000001
0.11610782058092062,0.677
0.11597480858095577,0.6771
0.11546905467970847,0.6772
0.113270102551148,0.6773
0.11022723840265547,0.6774
0.10701362090772004,0.6775
0.10367053144716198,0.6776
0.10021721746877033,0.6777000000000001
0.0966723400435856,0.6778000000000001
0.09299019683123011,0.6779000000000001
0.08918690517366268,0.678
0.08534865761115928,0.6781
0.0815111238555285,0.6782
0.07770618686199204,0.6783
0.07396241519799784,0.6784
0.07030615766455028,0.6785
0.06654704665440747,0.6786
0.06287731578330136,0.6787000000000001
0.05925229741004934,0.6788000000000001
0.05559886345065945,0.6789000000000001
0.052100950712500094,0.679
0.0487886037866323,0.6791
0.045331851264612144,0.6792
0.041980893226557514,0.6793
0.03854353977428082,0.6794
0.03530997934800095,0.6795
0.03195895604044008,0.6796
0.028755527015174698,0.6797000000000001
0.025575851849312103,0.6798000000000001
0.022711596259657574,0.6799000000000001
0.020220184367923943,0.68
0.017983682979378246,0.6801
0.015945278789181838,0.6802
0.014365616784820734,0.6803
0.013146607400704058,0.6804
0.012276952483400327,0.6805
0.011946495815112312,0.6806
0.012210385693976367,0.6807000000000001
0.012667163934564574,0.6808000000000001
0.013560901280748272,0.6809000000000001
0.014896432087216915,0.681
0.016904176042805474,0.6811
0.019583010142182333,0.6812
0.02284776502705954,0.6813
0.02663981677530569,0.6814
0.030856874193794903,0.6815
0.0354205563488752,0.6816
0.040217393466339235,0.6817000000000001
0.04514273505424926,0.6818000000000001
0.05015467459610767,0.6819000000000001
0.0552168767996577,0.682
0.06028583270500465,0.6821
0.06532478559115562,0.6822
0.07028906681094627,0.6823
0.07514143465721523,0.6824
0.07984809408654214,0.6825
0.08437692758305837,0.6826
0.08869881391139989,0.6827000000000001
0.09278705695591005,0.6828000000000001
0.09661732240220633,0.6829000000000001
0.10016783238512206,0.683
0.10341960949954843,0.6831
0.10635186836158428,0.6832
0.10893888868968593,0.6833
0.1111625729651402,0.6834
0.11301806287286587,0.6835
0.114503809762741,0.6836
0.11561757912094328,0.6837000000000001
0.11635819222177035,0.6838000000000001
0.11672593403985354,0.6839000000000001
0.11672093545570261,0.684
0.11634326183517896,0.6841
0.11450789508104386,0.6842
0.11154123730043786,0.6843
0.10838992669183944,0.6844
0.10510001150076476,0.6845
0.10169220973234183,0.6846
0.09818417548597702,0.6847000000000001
0.09459770781967158,0.6848000000000001
0.09083008824403949,0.6849000000000001
0.08700758866210834,0.685
0.08317487453816064,0.6851
0.07936529127971226,0.6852
0.07560811661442379,0.6853
0.07193049722611666,0.6854
0.06828699003675198,0.6855
0.06459192097131694,0.6856
0.06102479623758317,0.6857000000000001
0.05740188262832713,0.6858000000000001
0.05386153524668602,0.6859000000000001
0.050496784053879695,0.686
0.04720201833074911,0.6861
0.043877908232208496,0.6862
0.040527515568391514,0.6863
0.03724389794772387,0.6864
0.03402999991734057,0.6865
0.03085124419190799,0.6866
0.027707152009796898,0.6867000000000001
0.024737653541676785,0.6868000000000001
0.02211462198703562,0.6869000000000001
0.019889739414728602,0.687
0.017857656538029953,0.6871
0.016102396294624288,0.6872
0.014822754770704272,0.6873
0.0138109053409603,0.6874
0.013232734586025696,0.6875
0.013211878726931303,0.6876
0.013668487931006501,0.6877
0.01427298043517844,0.6878000000000001
0.015284463878745935,0.6879000000000001
0.01694952410918038,0.6880000000000001
0.019286150813838665,0.6881
0.022226320132068045,0.6882
0.02572502809113497,0.6883
0.0296861512166664,0.6884
0.03403431496347453,0.6885
0.03868979749390555,0.6886
0.04354328157426801,0.6887
0.04849056082324599,0.6888000000000001
0.05349561424931504,0.6889000000000001
0.05852411575121752,0.6890000000000001
0.06353522673620482,0.6891
0.06849349996562437,0.6892
0.07335532549631729,0.6893
0.07808449797255279,0.6894
0.08264828564828686,0.6895
0.08701544937902983,0.6896
0.09115792810119028,0.6897
0.09505008939035764,0.6898000000000001
0.09866879515273408,0.6899000000000001
0.10199396442699771,0.6900000000000001
0.1050039758211142,0.6901
0.107672316670957,0.6902
0.1099801934769189,0.6903
0.11192195745795397,0.6904
0.11349537863043835,0.6905
0.11469764338361066,0.6906
0.11552717952065006,0.6907
0.11598396799920685,0.6908000000000001
0.11606795022992689,0.6909000000000001
0.11577895354166912,0.6910000000000001
0.11493299696206893,0.6911
0.11201895276217155,0.6912
0.10889493360730518,0.6913
0.10562470673449953,0.6914
0.10223542173913525,0.6915
0.09874201851897868,0.6916
0.09516531947704387,0.6917
0.09140061225400342,0.6918000000000001
0.08757746535729027,0.6919000000000001
0.0837353122741572,0.6920000000000001
0.07990832183775931,0.6921
0.07612663134276743,0.6922
0.07241789629748263,0.6923
0.06873246285414325,0.6924
0.06499812302462804,0.6925
0.061385110761017825,0.6926
0.0577096778439814,0.6927
0.05411761442778085,0.6928000000000001
0.05069476628797531,0.6929000000000001
0.047328075617985244,0.6930000000000001
0.043940957518861845,0.6931
0.040520552605611604,0.6932
0.03717348248568619,0.6933
0.03388460876368482,0.6934
0.030642354135221872,0.6935
0.02741148114251324,0.6936
0.024362944638034012,0.6937
0.021654356879419634,0.6938000000000001
0.019338541783483265,0.6939000000000001
0.017158664031008408,0.6940000000000001
0.015310027052807262,0.6941
0.013944281630183575,0.6942
0.012820247424578657,0.6943
0.012159107428624694,0.6944
0.012065762853709971,0.6945
0.012419253862566926,0.6946
0.012960198735117334,0.6947
0.013924503833737,0.6948000000000001
0.015561360268500968,0.6949000000000001
0.017888427645963878,0.6950000000000001
0.020834796443354175,0.6951
0.0243512477452954,0.6952
0.028337799728350266,0.6953
0.03271615277188311,0.6954
0.03740469812425373,0.6955
0.04229303915918847,0.6956
0.047276675102837507,0.6957
0.052320265614519634,0.6958000000000001
0.05739050228523079,0.6959000000000001
0.06244752411094967,0.6960000000000001
0.06745672918052148,0.6961
0.07237502774109794,0.6962
0.07716649395050801,0.6963
0.08179852354133499,0.6964
0.08623992905627464,0.6965
0.0904626927588823,0.6966
0.09444119939104145,0.6967
0.09815225097589109,0.6968000000000001
0.10157505269083034,0.6969000000000001
0.10469154219755772,0.6970000000000001
0.10748177370998535,0.6971
0.10992099152586354,0.6972
0.11199230641349789,0.6973
0.11369229441350348,0.6974
0.11502069151501437,0.6975
0.11597618885749028,0.6976
0.1165581420513524,0.6977
0.11676711548838181,0.6978000000000001
0.11660345628458613,0.6979000000000001
0.11606758203272216,0.6980000000000001
0.11325319453755966,0.6981
0.11019520219075207,0.6982
0.10698180093070031,0.6983
0.10364232468972667,0.6984
0.10019139748272732,0.6985
0.09664913004291908,0.6986
0.0929916660988458,0.6987
0.08919243310858493,0.6988000000000001
0.08536092272481677,0.6989000000000001
0.08153389450569493,0.6990000000000001
0.07774327427623595,0.6991
0.07401730773776627,0.6992
0.07038197267263313,0.6993
0.06668509263607991,0.6994
0.06303978314405889,0.6995
0.05948117309995116,0.6996
0.05585327326969103,0.6997
0.05238200914562441,0.6998000000000001
0.0490988632970184,0.6999000000000001
0.04572805698149973,0.7000000000000001
0.04246219431692899,0.7001000000000001
0.03905463334226078,0.7002
0.035869092514256185,0.7003
0.03258685943319839,0.7004
0.029483315322809123,0.7005
0.026342053317657932,0.7006
0.023516048833537306,0.7007
0.02106263599026481,0.7008
0.019002876238350952,0.7009000000000001
0.016998714643258195,0.7010000000000001
0.01543125690310565,0.7011000000000001
0.01430059751882573,0.7012
0.013436896870817838,0.7013
0.013092952394476942,0.7014
0.01333031304328891,0.7015
0.013724197628267598,0.7016
0.014408237746077912,0.7017
0.01572842940194219,0.7018
0.017729200161006542,0.7019000000000001
0.0203594718714053,0.7020000000000001
0.023582825943410768,0.7021000000000001
0.02731036294931255,0.7022
0.031466918103834285,0.7023
0.03597272864663026,0.7024
0.040718787870216655,0.7025
0.04559959780597289,0.7026
0.05057317975207276,0.7027
0.05560016334075346,0.7028
0.06063613512752386,0.7029000000000001
0.06564247792687516,0.7030000000000001
0.07057359615824421,0.7031000000000001
0.07539139824507668,0.7032
0.08006160168444876,0.7033
0.08455168572975968,0.7034
0.0888322571909842,0.7035
0.09287626933021353,0.7036
0.09665912490440187,0.7037
0.10015879320349697,0.7038
0.10335621046547672,0.7039000000000001
0.10623061284853486,0.7040000000000001
0.10875650900564471,0.7041000000000001
0.11091629711938966,0.7042
0.11270586232796076,0.7043
0.11412437480336246,0.7044
0.11517012760596856,0.7045
0.11584220021360003,0.7046
0.11614094619344972,0.7047
0.11606650162615917,0.7048
0.11561901535062147,0.7049000000000001
0.11374424591147281,0.7050000000000001
0.11073437487995241,0.7051000000000001
0.10754367338602966,0.7052
0.10421897201764241,0.7053
0.10078157051141368,0.7054
0.0972493444889625,0.7055
0.09360011779648292,0.7056
0.08980579474973471,0.7057
0.08597088826868438,0.7058
0.0821313662894333,0.7059000000000001
0.07831963061847735,0.7060000000000001
0.07456459372581548,0.7061000000000001
0.07089305453348493,0.7062
0.06715963328688357,0.7063
0.06347198389402475,0.7064
0.0598728662560053,0.7065
0.056198706693648015,0.7066
0.05267485806083205,0.7067
0.04933213786949975,0.7068
0.04590750097054497,0.7069000000000001
0.04258406424577332,0.7070000000000001
0.03911167494084733,0.7071000000000001
0.03585651221898445,0.7072
0.03250701008581269,0.7073
0.02931972323330001,0.7074
0.026093491118965417,0.7075
0.023172259657956218,0.7076
0.020616924094897238,0.7077
0.01838150309185016,0.7078
0.016278600814370714,0.7079000000000001
0.014621060022570687,0.7080000000000001
0.013377577749180025,0.7081000000000001
0.012426666130357145,0.7082
0.012001855699069752,0.7083
0.012166925184246002,0.7084
0.012598004125707885,0.7085
0.013392370778293916,0.7086
0.01462397165826701,0.7087
0.016528619334452266,0.7088
0.01911047651616493,0.7089000000000001
0.022288265975494603,0.7090000000000001
0.026005775219020366,0.7091000000000001
0.030161153701624643,0.7092
0.03467587737027067,0.7093
0.039436626892553894,0.7094
0.044338256059650805,0.7095
0.049336910751504925,0.7096
0.05439463469827355,0.7097
0.0594668406386758,0.7098
0.06451584186064907,0.7099000000000001
0.06949641593346734,0.7100000000000001
0.07437074295401103,0.7101000000000001
0.07910450816002257,0.7102
0.08366514652090606,0.7103
0.08802309582249535,0.7104
0.0921512296052488,0.7105
0.09602479234910888,0.7106
0.09962160142124166,0.7107
0.10292230353701592,0.7108
0.10590577645061416,0.7109000000000001
0.10854599506038876,0.7110000000000001
0.11082454065789993,0.7111000000000001
0.11273620331778544,0.7112
0.11427910657644735,0.7113
0.11545073287967433,0.7114
0.11624964932790549,0.7115
0.11667590274968187,0.7116
0.11672938953358203,0.7117
0.11640992635747416,0.7118
0.11494341422732246,0.7119000000000001
0.11200930000970577,0.7120000000000001
0.10887958670323539,0.7121000000000001
0.10560668795077799,0.7122
0.10221371469174956,0.7123
0.09871748830868876,0.7124
0.09513955376359884,0.7125
0.0913991318414289,0.7126
0.08758055516781171,0.7127
0.08374640069590689,0.7128
0.07993094268467504,0.7129000000000001
0.0761641489085565,0.7130000000000001
0.0724732433366232,0.7131000000000001
0.06885009730235814,0.7132000000000001
0.06513704832180067,0.7133
0.06154580252103192,0.7134
0.057937130651380064,0.7135
0.054368849465908475,0.7136
0.050971174576180056,0.7137
0.04768979907086135,0.7138
0.04433279068852247,0.7139
0.04099981553471266,0.7140000000000001
0.03768084267831617,0.7141000000000001
0.03448301332473003,0.7142000000000001
0.031263998049467334,0.7143
0.028128339263997493,0.7144
0.025110288954772075,0.7145
0.022429175049487604,0.7146
0.020139303264327557,0.7147
0.0180989458922598,0.7148
0.016278287820451265,0.7149
0.014921964821862144,0.7150000000000001
0.01387894369210918,0.7151000000000001
0.01322287517623666,0.7152000000000001
0.01311476310758164,0.7153
0.013536178065241211,0.7154
0.014056227958453071,0.7155
0.014979600918931801,0.7156
0.016557037745720038,0.7157
0.018810531382799534,0.7158
0.021675266230757995,0.7159
0.025108548724830815,0.7160000000000001
0.029015002610715435,0.7161000000000001
0.033319407573855875,0.7162000000000001
0.03794183278453689,0.7163
0.04277286048664153,0.7164
0.04770786236129476,0.7165
0.05270937533651998,0.7166
0.05774187554394827,0.7167
0.06276372898284599,0.7168
0.06773878078051287,0.7169
0.07262295517727146,0.7170000000000001
0.07737955945140973,0.7171000000000001
0.08197541338252812,0.7172000000000001
0.0863788832760376,0.7173
0.09056152020962283,0.7174
0.09449731411735984,0.7175
0.0981627589670665,0.7176
0.10153741785605452,0.7177
0.10459934368076762,0.7178
0.10732173443862703,0.7179
0.10968548804625255,0.7180000000000001
0.11168461267806029,0.7181000000000001
0.11331655179064126,0.7182000000000001
0.11457819841175265,0.7183
0.1154677006431245,0.7184
0.11598476736600294,0.7185
0.1161290729749328,0.7186
0.11590017542080622,0.7187
0.11530202339316209,0.7188
0.11251985863206493,0.7189
0.10942211603237118,0.7190000000000001
0.10617147767884982,0.7191000000000001
0.1027985098589661,0.7192000000000001
0.09931843787210937,0.7193
0.09575171752248068,0.7194
0.09201828614321805,0.7195
0.08820096534925703,0.7196
0.08435909653541052,0.7197
0.08052744092392783,0.7198
0.07673667625465752,0.7199
0.07301476385399963,0.7200000000000001
0.06935429844889418,0.7201000000000001
0.06560396555025783,0.7202000000000001
0.06196982731364731,0.7203
0.058322104897465143,0.7204
0.054707202088843276,0.7205
0.05125584085291157,0.7206
0.04792151909275977,0.7207
0.04450483411037487,0.7208
0.041118315115484805,0.7209
0.037736295823477484,0.7210000000000001
0.03447544558524873,0.7211000000000001
0.03119104710370668,0.7212000000000001
0.027976694893933285,0.7213
0.024877347109934833,0.7214
0.022108353743598652,0.7215
0.019723384185630133,0.7216
0.017500885041750402,0.7217
0.015569556868559653,0.7218
0.014116645996854027,0.7219
0.012947055611030711,0.7220000000000001
0.012208107629218867,0.7221000000000001
0.012026654674322623,0.7222000000000001
0.012348664454887137,0.7223
0.012799368559342827,0.7224
0.01366784464965054,0.7225
0.01520765864065532,0.7226
0.017441713525252256,0.7227
0.02030285042557267,0.7228
0.023744713349782343,0.7229
0.027668256120957135,0.7230000000000001
0.03199549118295497,0.7231000000000001
0.036644650570973436,0.7232000000000001
0.04150529521943569,0.7233
0.04647242612356517,0.7234
0.05150902994500539,0.7235
0.056580304580046814,0.7236
0.061645324756021025,0.7237
0.06666853432342545,0.7238
0.0716062799647551,0.7239
0.07642218461639472,0.7240000000000001
0.081083364100215,0.7241000000000001
0.08555843784178607,0.7242000000000001
0.08981914800857915,0.7243
0.09383954187428267,0.7244
0.09759600654349276,0.7245
0.10106729778337975,0.7246
0.10423490904661792,0.7247
0.1070784670579894,0.7248
0.10957279933580044,0.7249
0.11170057704058245,0.7250000000000001
0.11345792621184336,0.7251000000000001
0.11484419649685673,0.7252000000000001
0.11585778184626627,0.7253000000000001
0.11649780889467931,0.7254
0.1167646600473059,0.7255
0.11665852698073131,0.7256
0.11617966768633026,0.7257
0.11370478816638818,0.7258
0.11067857375457757,0.7259
0.10748643184235573,0.7260000000000001
0.10416366909229424,0.7261000000000001
0.10072713632177832,0.7262000000000001
0.09719611642901838,0.7263000000000001
0.0935696288315978,0.7264
0.08977792912601579,0.7265
0.08594833341287078,0.7266
0.08211786706867141,0.7267
0.0783189708882609,0.7268
0.0745802370308607,0.7269
0.07092809257423194,0.727
0.06725135889800027,0.7271000000000001
0.06358617543236189,0.7272000000000001
0.06004611357281242,0.7273000000000001
0.056394323099451915,0.7274
0.052893991406437024,0.7275
0.0495779088227537,0.7276
0.04623038433228377,0.7277
0.04295523602070572,0.7278
0.03954594733163219,0.7279
0.03631980639277921,0.728
0.03305490360565155,0.7281000000000001
0.029945789381711663,0.7282000000000001
0.0267699485484012,0.7283000000000001
0.023886645633533377,0.7284
0.02136892451719108,0.7285
0.019262787233101486,0.7286
0.017227469522924643,0.7287
0.015588683079712728,0.7288
0.01442330149136617,0.7289
0.013481688194162622,0.729
0.013050415746420185,0.7291000000000001
0.013195540881123069,0.7292000000000001
0.013562723132342969,0.7293000000000001
0.014162329414593167,0.7294
0.015389700981270016,0.7295
0.01729894602778459,0.7296
0.019844573218581463,0.7297
0.022991989457139095,0.7298
0.026655228412488574,0.7299
0.030758845824030434,0.73
0.035223139522191804,0.7301000000000001
0.03993924819217698,0.7302000000000001
0.044801363828417484,0.7303000000000001
0.049765836560097254,0.7304
0.05479195949880844,0.7305
0.05983437716795503,0.7306
0.06485367092163807,0.7307
0.069803751148933,0.7308
0.07464601958303041,0.7309
0.07934574572004205,0.731
0.0838700315776919,0.7311000000000001
0.08818910087772192,0.7312000000000001
0.09227551403176426,0.7313000000000001
0.0961042637103916,0.7314
0.09965291220874362,0.7315
0.10290201551792266,0.7316
0.10583048002490025,0.7317
0.10841252509682198,0.7318
0.11063023826815188,0.7319
0.11247914602657283,0.732
0.113958065939616,0.7321000000000001
0.115064971756063,0.7322000000000001
0.11579865296025116,0.7323000000000001
0.11615919722620216,0.7324
0.11614648905280123,0.7325
0.11576041849571006,0.7326
0.11422920526287716,0.7327
0.11125280148600158,0.7328
0.1080849749833368,0.7329
0.10477846529666668,0.733
0.10135679110660334,0.7331000000000001
0.09783706378561485,0.7332000000000001
0.09421992418738268,0.7333000000000001
0.09043481080443139,0.7334
0.08660369821507108,0.7335
0.08276294878535895,0.7336
0.0789456928225708,0.7337
0.07518128341988417,0.7338
0.07149663253976013,0.7339
0.06779250208592869,0.734
0.06408708774581795,0.7341000000000001
0.06051040376294814,0.7342000000000001
0.056812151272315425,0.7343000000000001
0.0532580369559883,0.7344
0.04988131058298051,0.7345
0.04648246972617742,0.7346
0.04314216139500404,0.7347
0.039681983104760565,0.7348
0.03638852814954596,0.7349
0.03306501128578487,0.735
0.029886665503529253,0.7351000000000001
0.02663624121082475,0.7352000000000001
0.02366601117656031,0.7353000000000001
0.021052616646970224,0.7354
0.01884037516698789,0.7355
0.016671239383625247,0.7356
0.014930671114313121,0.7357
0.013657724583688635,0.7358
0.012620285602960246,0.7359
0.012096060148360177,0.736
0.012154587166434805,0.7361000000000001
0.012562618912289159,0.7362000000000001
0.013252752017382186,0.7363000000000001
0.014374300175756582,0.7364
0.01616864242980065,0.7365
0.01864568937697708,0.7366
0.021728520592775746,0.7367
0.025363806972106273,0.7368
0.02945040323531023,0.7369
0.03390986878653668,0.737
0.03866107635987892,0.7371000000000001
0.0435939400517007,0.7372000000000001
0.04860479269756546,0.7373000000000001
0.05366082652217252,0.7374
0.058730815388309265,0.7375
0.06377624888211286,0.7376
0.06876368949286493,0.7377
0.07365076762961331,0.7378
0.07840229318321601,0.7379
0.08298632744274015,0.738
0.08737227478631904,0.7381000000000001
0.09153272578778349,0.7382000000000001
0.09544268607739892,0.7383000000000001
0.09907957944090984,0.7384000000000001
0.102423749193847,0.7385
0.1054538523178492,0.7386
0.10814353796676957,0.7387
0.11047405371379504,0.7388
0.11243969388185593,0.7389
0.11403810855623586,0.739
0.11526630066211974,0.7391000000000001
0.11612245958385092,0.7392000000000001
0.11660629754633045,0.7393000000000001
0.11671750815044812,0.7394000000000001
0.11645572132635729,0.7395
0.1153693054073055,0.7396
0.11247050614120913,0.7397
0.10936530770516051,0.7398
0.10611240101641839,0.7399
0.1027369789414363,0.74
0.09925465457471472,0.7401
0.09568652986377124,0.7402000000000001
0.09197116198708233,0.7403000000000001
0.08815642841404192,0.7404000000000001
0.08432055717334508,0.7405
0.08049869391810094,0.7406
0.07672142850679953,0.7407
0.07301630593979858,0.7408
0.06940827909355107,0.7409
0.06567835962293722,0.741
0.062065538743104054,0.7411
0.05847352108348347,0.7412000000000001
0.054881729913831334,0.7413000000000001
0.05145529806207372,0.7414000000000001
0.04819330774472985,0.7415
0.04480635638388186,0.7416
0.041494568358931394,0.7417
0.03814112186564289,0.7418
0.03495900624415871,0.7419
0.031698771794911984,0.742
0.028567795885644287,0.7421
0.025504362965126814,0.7422000000000001
0.022772978789232567,0.7423000000000001
0.020427224477614025,0.7424000000000001
0.01841022916761137,0.7425
0.01652610933983456,0.7426
0.015090031648703928,0.7427
0.014016031360330361,0.7428
0.013277616448474694,0.7429
0.013076946138633527,0.743
0.013463137273987291,0.7431
0.013893781498981683,0.7432000000000001
0.014722485530546559,0.7433000000000001
0.016204267050145882,0.7434000000000001
0.018365628054676897,0.7435
0.021145527397723463,0.7436
0.02450414882053309,0.7437
0.028347197617718534,0.7438
0.032599822765724706,0.7439
0.03718198184000343,0.744
0.041984289211596026,0.7441
0.046901754191569056,0.7442000000000001
0.051895355811042876,0.7443000000000001
0.0569282354315821,0.7444000000000001
0.06195783700816859,0.7445
0.06694713805950236,0.7446
0.07185148920275197,0.7447
0.07663363587932415,0.7448
0.08125992267527149,0.7449
0.08569830688219504,0.745
0.08991991675924405,0.7451
0.09389830987363657,0.7452000000000001
0.09760957229461953,0.7453000000000001
0.10103238345302579,0.7454000000000001
0.10414837161394552,0.7455
0.10693742147419472,0.7456
0.10937466358739478,0.7457
0.11144316613162153,0.7458
0.11313953274449806,0.7459
0.11446357468385893,0.746
0.11541409088005261,0.7461
0.11599054961073907,0.7462000000000001
0.11619360816176505,0.7463000000000001
0.11602366457604785,0.7464000000000001
0.11548114930475684,0.7465
0.11299701650195237,0.7466
0.1099327270484044,0.7467
0.10670599599586639,0.7468
0.10335297848496672,0.7469
0.09989098291001586,0.747
0.09633933986496324,0.7471
0.09264439269792502,0.7472000000000001
0.088836683131442,0.7473000000000001
0.08499750224954461,0.7474000000000001
0.08116255692744556,0.7475
0.07736347428516466,0.7476
0.07362860669240934,0.7477
0.06998403100383532,0.7478
0.06622224732331816,0.7479
0.06256636777951885,0.748
0.05893964323147327,0.7481
0.05530223628548381,0.7482000000000001
0.051823411526773944,0.7483000000000001
0.04851700414959548,0.7484000000000001
0.04507242977181969,0.7485
0.041717514051544446,0.7486
0.038302266577016075,0.7487
0.035068065353160094,0.7488
0.031742543133383316,0.7489
0.028543442095411375,0.749
0.02539356550963978,0.7491
0.022563954350402593,0.7492000000000001
0.020111218360961747,0.7493000000000001
0.017889508328313264,0.7494000000000001
0.015891393712106794,0.7495
0.014357870549279506,0.7496
0.013163681954233564,0.7497
0.012341276247908262,0.7498
0.012062853954899921,0.7499
0.012353160271226793,0.75
0.01270778235645098,0.7501
0.013472558804388024,0.7502000000000001
0.014906038236453867,0.7503000000000001
0.017036516388765133,0.7504000000000001
0.019801520296292452,0.7505000000000001
0.023158311179278135,0.7506
0.027009295805060285,0.7507
0.03127699535923778,0.7508
0.03587951288894908,0.7509
0.0407063137233874,0.751
0.045651790716575213,0.7511
0.05067692383665312,0.7512000000000001
0.05574525579798806,0.7513000000000001
0.060814804062647165,0.7514000000000001
0.06584913586288332,0.7515000000000001
0.07080410688024608,0.7516
0.07564284808838273,0.7517
0.08033203537859746,0.7518
0.08483989451396268,0.7519
0.0891377453023916,0.752
0.09319918793818682,0.7521
0.09700014868879114,0.7522000000000001
0.10051892797646134,0.7523000000000001
0.10373659136168267,0.7524000000000001
0.10663238531353358,0.7525000000000001
0.10918081003900004,0.7526
0.11136422646539768,0.7527
0.11317845387936631,0.7528
0.1146225789496157,0.7529
0.11569477426192032,0.753
0.11639395256080076,0.7531
0.11672027151920705,0.7532
0.11667368158325675,0.7533000000000001
0.11625417519870496,0.7534000000000001
0.114159987887689,0.7535000000000001
0.11116749654464275,0.7536
0.10799746227346241,0.7537
0.10469189305515614,0.7538
0.10127019101785717,0.7539
0.09775080117866397,0.754
0.0941507353222496,0.7541
0.09036717847426057,0.7542
0.08654037350775945,0.7543000000000001
0.08270749463029481,0.7544000000000001
0.07890144240159314,0.7545000000000001
0.07515112558252601,0.7546
0.07148335559638586,0.7547
0.06782457757946592,0.7548
0.06414098729196327,0.7549
0.060588515673538956,0.755
0.05694573083179977,0.7551
0.05341955980697666,0.7552
0.05007242717640015,0.7553000000000001
0.046748732338306676,0.7554000000000001
0.043441601660100915,0.7555000000000001
0.04005779351074379,0.7556
0.03679471552482916,0.7557
0.03354924217827482,0.7558
0.030396672006644865,0.7559
0.02722876466129276,0.756
0.02429307629387223,0.7561
0.021712689449469913,0.7562
0.019536525480506217,0.7563000000000001
0.017492337247280165,0.7564000000000001
0.015784627478628188,0.7565000000000001
0.0145644300562493,0.7566
0.013563613348756665,0.7567
0.013047080457479154,0.7568
0.013099395001123115,0.7569
0.01357462079359606,0.757
0.014252077476097025,0.7571
0.015343028519524626,0.7572
0.017090324645463895,0.7573000000000001
0.01950798419610389,0.7574000000000001
0.022524431311628845,0.7575000000000001
0.026091760290754218,0.7576
0.030112489605676807,0.7577
0.034510586113563724,0.7578
0.03920619602375175,0.7579
0.044089910025584045,0.758
0.04905787286926433,0.7581
0.05407554122867242,0.7582
0.059109891097606004,0.7583000000000001
0.06412098423669377,0.7584000000000001
0.06907416039966374,0.7585000000000001
0.07392630589153282,0.7586
0.07864168628085022,0.7587
0.08318797240605424,0.7588
0.08753426216249349,0.7589
0.09165282911371087,0.759
0.09551838010421099,0.7591
0.09910812114322143,0.7592
0.10240231241849806,0.7593000000000001
0.10537964487140106,0.7594000000000001
0.10801387479272084,0.7595000000000001
0.11028646980902779,0.7596
0.11219204373655678,0.7597
0.11372858885181425,0.7598
0.11489346159883829,0.7599
0.11568522885622134,0.76
0.1161039940647075,0.7601
0.11614981796428181,0.7602
0.11582265901839794,0.7603000000000001
0.11468167573301524,0.7604000000000001
0.11174348627598063,0.7605000000000001
0.10860349217883025,0.7606
0.10532039633217982,0.7607
0.10191943577995133,0.7608
0.09841623385108877,0.7609
0.09482787917864322,0.761
0.09105296046478917,0.7611
0.08722586317590908,0.7612
0.08338346495692861,0.7613000000000001
0.07955966819848925,0.7614000000000001
0.07578434175235349,0.7615000000000001
0.0720848615217895,0.7616
0.0683963429708363,0.7617
0.06467356563434734,0.7618
0.06107504941161268,0.7619
0.05739609145601321,0.762
0.0538197668984457,0.7621
0.05041585040676155,0.7622
0.04704464633869265,0.7623000000000001
0.04367709671620612,0.7624000000000001
0.04024973728313763,0.7625000000000001
0.03692445087571916,0.7626000000000001
0.033631038347334385,0.7627
0.030413985042023306,0.7628
0.027184180350567466,0.7629
0.024166056661638846,0.763
0.021493700812628136,0.7631
0.019218678964133762,0.7632
0.017051218152116743,0.7633000000000001
0.015244187989515767,0.7634000000000001
0.0139264209959864,0.7635000000000001
0.012825782460053059,0.7636000000000001
0.012213255501286158,0.7637
0.01217381882235502,0.7638
0.0125532636488217,0.7639
0.013146489477205536,0.764
0.014164616528464569,0.7641
0.015854109871673128,0.7642
0.018230234378038945,0.7643000000000001
0.021220387086133163,0.7644000000000001
0.024774299766209484,0.7645000000000001
0.02879184936591006,0.7646000000000001
0.03319485639655473,0.7647
0.03790195979089517,0.7648
0.04280289737285248,0.7649
0.047793428840269714,0.765
0.05283898029026668,0.7651
0.0579068459480232,0.7652
0.06295753569276419,0.7653000000000001
0.06795677053664106,0.7654000000000001
0.07286165903407182,0.7655000000000001
0.077636493813657,0.7656000000000001
0.08224887337091868,0.7657
0.08666778991241031,0.7658
0.09086540698828582,0.7659
0.094816292757393,0.766
0.09849743703432823,0.7661
0.1018882374834843,0.7662
0.10497082725155327,0.7663000000000001
0.1077254481802582,0.7664000000000001
0.11012752028698469,0.7665000000000001
0.11216035070006203,0.7666000000000001
0.11382074000945941,0.7667
0.11510863869461929,0.7668
0.11602293304729994,0.7669
0.11656316704078162,0.767
0.11673009054110706,0.7671
0.11652423116220834,0.7672
0.11576272952762834,0.7673
0.11290079836557032,0.7674000000000001
0.10982291919445542,0.7675000000000001
0.10659331009715833,0.7676000000000001
0.10323951786398022,0.7677
0.0997764773238532,0.7678
0.0962245035493039,0.7679
0.09254500903451246,0.768
0.0887392014699635,0.7681
0.08490505524650105,0.7682
0.08107894369165947,0.7683
0.07729245037798038,0.7684000000000001
0.07357359837936395,0.7685000000000001
0.06994815959736123,0.7686000000000001
0.06623177140598502,0.7687
0.0625979768875854,0.7688
0.05901895866315798,0.7689
0.055404843498535916,0.769
0.05195111558514487,0.7691
0.04868813048464693,0.7692
0.04528754705143512,0.7693
0.04199087979133442,0.7694000000000001
0.03860355877307553,0.7695000000000001
0.0354327409235391,0.7696000000000001
0.03213348192272236,0.7697
0.02900748538040232,0.7698
0.025897311855422434,0.7699
0.02311027530963261,0.77
0.020702346065920807,0.7701
0.018676469019948794,0.7702
0.01673038007560046,0.7703
0.015222051620630728,0.7704000000000001
0.014120252900264196,0.7705000000000001
0.013307639595006915,0.7706000000000001
0.013022854623263358,0.7707
0.01332590497263575,0.7708
0.013728342560827667,0.7709
0.014475264813797795,0.771
0.015868013413061544,0.7711
0.01794231263562107,0.7712
0.02064236599785474,0.7713
0.023930023447626514,0.7714000000000001
0.02771350979875331,0.7715000000000001
0.031917547337009244,0.7716000000000001
0.03646199337039002,0.7717
0.04123744060484036,0.7718
0.04613849871564413,0.7719
0.05112453396005767,0.772
0.05615740300294636,0.7721
0.06119366416534189,0.7722
0.06619557446154423,0.7723
0.0711180709627528,0.7724000000000001
0.07592348550721906,0.7725000000000001
0.08057779043698077,0.7726000000000001
0.08504861239256911,0.7727
0.08930672422991526,0.7728
0.09332531218402529,0.7729
0.09708007710239763,0.773
0.10054931584785531,0.7731
0.10371428925730664,0.7732
0.10655454633951766,0.7733
0.10904491126859917,0.7734000000000001
0.11116813348604104,0.7735000000000001
0.11292047485072598,0.7736000000000001
0.11430143591385089,0.7737
0.11530955356293704,0.7738
0.11594406579662553,0.7739
0.1162054162242323,0.774
0.1160937910946398,0.7741
0.11560938934847875,0.7742
0.11347191045243399,0.7743
0.1104404148846283,0.7744000000000001
0.10723562393441122,0.7745000000000001
0.10389975508161209,0.7746000000000001
0.10045240510555142,0.7747
0.0969121296570471,0.7748
0.09324557376017184,0.7749
0.08944570517641015,0.775
0.08560902100891765,0.7751
0.08177147177170285,0.7752
0.0779651647758286,0.7753
0.07421875245572918,0.7754000000000001
0.0705586868601944,0.7755000000000001
0.06681913345222179,0.7756000000000001
0.06314515844738566,0.7757000000000001
0.05954080171308962,0.7758
0.05588173515577122,0.7759
0.0523760002695961,0.776
0.049054501806278905,0.7761
0.04562505173324927,0.7762
0.04230116799702821,0.7763
0.0388537950028498,0.7764000000000001
0.03562732344340658,0.7765000000000001
0.032279157231270394,0.7766000000000001
0.029095391287477623,0.7767000000000001
0.02589845844832772,0.7768
0.02301188576408575,0.7769
0.020495049383365105,0.777
0.018272295718891884,0.7771
0.01620952424592237,0.7772
0.014598135001582024,0.7773
0.013378859570194912,0.7774000000000001
0.012475493199023635,0.7775000000000001
0.012103252315275537,0.7776000000000001
0.012322809115586919,0.7777000000000001
0.012776903511509952,0.7778
0.013623763253021837,0.7779
0.014907989034278923,0.778
0.016862737250803894,0.7781
0.019489899338644978,0.7782
0.022706795265623914,0.7783
0.026456577384282864,0.7784000000000001
0.030637587553093093,0.7785000000000001
0.035171656335410306,0.7786000000000001
0.039945570015355036,0.7787000000000001
0.04485446768520118,0.7788
0.04985533454032165,0.7789
0.054910840664814,0.779
0.059976773214989176,0.7791
0.0650157746112715,0.7792
0.06998281763062564,0.7793
0.07484032095378723,0.7794000000000001
0.07955419825299614,0.7795000000000001
0.08409208637036292,0.7796000000000001
0.08842462092857317,0.7797000000000001
0.09252486774874902,0.7798
0.09636826336131965,0.7799
0.09993281919782915,0.78
0.10319937647186506,0.7801
0.10614699822744589,0.7802
0.10874983495327595,0.7803
0.1109896706698068,0.7804
0.11286153370415386,0.7805000000000001
0.11436377978354928,0.7806000000000001
0.11549410219729539,0.7807000000000001
0.11625126618841641,0.7808
0.11663550846169246,0.7809
0.11664690850404769,0.781
0.11628546763964498,0.7811
0.11459824172664412,0.7812
0.1116401149249916,0.7813
0.1084933255470305,0.7814
0.10520659948594857,0.7815000000000001
0.10180165995246593,0.7816000000000001
0.0982958033638186,0.7817000000000001
0.09471070917219204,0.7818
0.09094654009467107,0.7819
0.08712390915928248,0.782
0.0832896422515017,0.7821
0.07947746584276105,0.7822
0.07571694636830717,0.7823
0.07203510379891565,0.7824
0.06839077377377967,0.7825000000000001
0.06468859964513007,0.7826000000000001
0.06111196561942378,0.7827000000000001
0.057479751143649116,0.7828
0.05392712107945408,0.7829
0.05054918015864329,0.783
0.047239560527350344,0.7831
0.04390268528475927,0.7832
0.04053999745764014,0.7833
0.03724487969017343,0.7834
0.03402069035256594,0.7835000000000001
0.03083061000755727,0.7836000000000001
0.027676458349543687,0.7837000000000001
0.024694211656451248,0.7838
0.022057120310102096,0.7839
0.019817000515317762,0.784
0.017768764824986683,0.7841
0.01599658685678862,0.7842
0.014699665301534992,0.7843
0.01366938802042017,0.7844
0.013074498027519033,0.7845000000000001
0.013038164544580289,0.7846000000000001
0.01347870844456689,0.7847000000000001
0.014069894407225059,0.7848
0.015070296566890073,0.7849
0.016727065222886583,0.785
0.019058352935567013,0.7851
0.021995921866248214,0.7852
0.025494306746739026,0.7853
0.029456866103524604,0.7854
0.0338077929753966,0.7855000000000001
0.03846707078128264,0.7856000000000001
0.04332522074276257,0.7857000000000001
0.04827798081930834,0.7858
0.05328934547960573,0.7859
0.05832506122297354,0.786
0.06334436863286586,0.7861
0.06831187848129117,0.7862
0.07318400246758561,0.7863
0.0779245207214403,0.7864
0.08250066516019139,0.7865000000000001
0.08688115269810104,0.7866000000000001
0.09103788073439723,0.7867000000000001
0.09494518480638137,0.7868
0.09857990268786032,0.7869
0.10192193217444301,0.787
0.10494963101874633,0.7871
0.10763646150614614,0.7872
0.10996357437402138,0.7873
0.11192522794521187,0.7874
0.11351908074872807,0.7875000000000001
0.11474219803683505,0.7876000000000001
0.11559287754475567,0.7877000000000001
0.11607096741695955,0.7878000000000001
0.1161762823438992,0.7879
0.11590853290483005,0.788
0.11513140338525707,0.7881
0.11222928009889677,0.7882
0.1091145272883921,0.7883
0.10585194699515221,0.7884
0.10246909648354163,0.7885000000000001
0.09898081865637476,0.7886000000000001
0.0954079269164344,0.7887000000000001
0.09165855312985915,0.7888000000000001
0.08783791789207007,0.7889
0.08399636706402691,0.789
0.0801683967859631,0.7891
0.07638435754523232,0.7892
0.07267197862291219,0.7893
0.06900413254588578,0.7894
0.06526548563720014,0.7895000000000001
0.061646115465371465,0.7896000000000001
0.05799031006977318,0.7897000000000001
0.05439155677378382,0.7898000000000001
0.05095976269725755,0.7899
0.0476167417029123,0.79
0.044220605811194025,0.7901
0.040824269019068105,0.7902
0.03746578733047157,0.7903
0.034199196678062815,0.7904
0.030942364759847463,0.7905000000000001
0.027729261656544768,0.7906000000000001
0.02466229440924672,0.7907000000000001
0.021930289713907314,0.7908000000000001
0.019587775822185627,0.7909
0.01742217324791251,0.791
0.015548435734568988,0.7911
0.014149885851812538,0.7912
0.013025689906018822,0.7913
0.012330457633048075,0.7914
0.012194971187783565,0.7915000000000001
0.012543487975214207,0.7916000000000001
0.013042173981466787,0.7917000000000001
0.013959011681266453,0.7918000000000001
0.015545542467833462,0.7919
0.017822146908264447,0.792
0.02072047540210975,0.7921
0.024193458915030552,0.7922
0.02814214818714622,0.7923
0.032488744361280686,0.7924
0.037151739447554455,0.7925000000000001
0.0420207745547847,0.7926000000000001
0.04699106934496888,0.7927000000000001
0.05202623859029831,0.7928000000000001
0.05709205322428357,0.7929
0.06214801202262199,0.793
0.06715896079659445,0.7931
0.07208146497053114,0.7932
0.07687927835086206,0.7933
0.08151952631688819,0.7934
0.08597079734655688,0.7935
0.09020485313976434,0.7936000000000001
0.09419585867761626,0.7937000000000001
0.09792039954521248,0.7938000000000001
0.10135747615824875,0.7939
0.10448884395459068,0.794
0.10729440053538974,0.7941
0.10974925806740554,0.7942
0.11183641805019362,0.7943
0.11355236715182737,0.7944
0.11489677702264056,0.7945
0.11586829429294343,0.7946000000000001
0.11646623533955314,0.7947000000000001
0.11669112111182856,0.7948000000000001
0.11654324495520485,0.7949
0.11602295716714439,0.795
0.11335135291254539,0.7951
0.11030163032442164,0.7952
0.10709243703255433,0.7953
0.10375575786793312,0.7954
0.10030722927938296,0.7955
0.09676662906641642,0.7956000000000001
0.0931127329369631,0.7957000000000001
0.08931414381543723,0.7958000000000001
0.0854817935614045,0.7959
0.08165239853797945,0.796
0.0778579995262233,0.7961
0.07412694728512736,0.7962
0.0704853432854261,0.7963
0.06678530617286549,0.7964
0.06313266201293455,0.7965
0.05957003599735966,0.7966000000000001
0.055933737138569084,0.7967000000000001
0.05245281673846547,0.7968000000000001
0.04915888354015796,0.7969
0.04578249530606526,0.797
0.042510892535466915,0.7971
0.03909193991494453,0.7972
0.035893707245265194,0.7973
0.03260326291086346,0.7974
0.029488935366027258,0.7975
0.02633357505439049,0.7976000000000001
0.023492147934119467,0.7977000000000001
0.021022102674016496,0.7978000000000001
0.01894526025735832,0.7979
0.016923191988114983,0.798
0.015337104928964562,0.7981
0.014188484557623893,0.7982
0.013306333113981994,0.7983
0.012944126722425509,0.7984
0.0131641606460986,0.7985
0.013541926488506162,0.7986000000000001
0.014210680818319554,0.7987000000000001
0.01551756783400382,0.7988000000000001
0.017507768190187845,0.7989
0.0201304055156577,0.799
0.023348830249773966,0.7991
0.02707378101362279,0.7992
0.031229662917303447,0.7993
0.03573639344567536,0.7994
0.040484761532481484,0.7995
0.045369130903049504,0.7996000000000001
0.050347391571470945,0.7997000000000001
0.05538013874861347,0.7998000000000001
0.06042298405450197,0.7999
0.0654373459600236,0.8
0.07037766531179557,0.8001
0.07520585640370447,0.8002
0.07988762294437113,0.8003
0.08439041641087308,0.8004
0.08868480559589986,0.8005
0.0927437007786519,0.8006000000000001
0.09654245804037798,0.8007000000000001
0.1000589954364266,0.8008000000000001
0.103274191068224,0.8009000000000001
0.10616722064604622,0.801
0.10871253097506572,0.8011
0.11089243695172091,0.8012
0.11270271443315061,0.8013
0.11414241781852563,0.8014
0.11520972466388546,0.8015
0.11590359768267422,0.8016000000000001
0.11622427479083663,0.8017000000000001
0.11617178267684825,0.8018000000000001
0.11574616645065472,0.8019000000000001
0.11394480413265107,0.802
0.11094693293695146,0.8021
0.10776547986614549,0.8022
0.10444842544176547,0.8023
0.1010175006284546,0.8024
0.09749044292530928,0.8025
0.09385679353825238,0.8026000000000001
0.09006650388082404,0.8027000000000001
0.08623375257826782,0.8028000000000001
0.08239486110889405,0.8029000000000001
0.07858266911456746,0.803
0.0748263124588725,0.8031
0.07115244186991942,0.8032
0.06743920448403895,0.8033
0.06374663516806489,0.8034
0.06016210679163181,0.8035
0.05647835218760111,0.8036000000000001
0.05294281095528186,0.8037000000000001
0.0495873009874741,0.8038000000000001
0.04617704284591828,0.8039000000000001
0.042858466377422744,0.804
0.039386037971034016,0.8041
0.03611790233426193,0.8042
0.032788629586806506,0.8043
0.029621191143664793,0.8044
0.026380331332458207,0.8045
0.02343930488485313,0.8046000000000001
0.020861409014084176,0.8047000000000001
0.01864002838265666,0.8048000000000001
0.016514779138207647,0.8049000000000001
0.014828052127559221,0.805
0.013583436269056337,0.8051
0.012601320543495165,0.8052
0.012138223595429931,0.8053
0.012260705857107146,0.8054
0.012692069260427985,0.8055
0.013444039436717459,0.8056000000000001
0.014629057757457486,0.8057000000000001
0.01648533887924164,0.8058000000000001
0.0190198001394406,0.8059000000000001
0.02215349461713445,0.806
0.025831926021659513,0.8061
0.029953864485225523,0.8062
0.03444100704220299,0.8063
0.03921248828077695,0.8064
0.04415837535941436,0.8065
0.04917535965292186,0.8066
0.05423162120844238,0.8067000000000001
0.05929679976483948,0.8068000000000001
0.06433298218760197,0.8069000000000001
0.06930721884623436,0.807
0.07417743070334226,0.8071
0.07890871720870463,0.8072
0.08346942473570673,0.8073
0.08782923474448256,0.8074
0.09196099881873365,0.8075
0.09583993035478167,0.8076
0.09944359803249392,0.8077000000000001
0.10275245373929776,0.8078000000000001
0.1057452566274113,0.8079000000000001
0.10839578111886583,0.808
0.11068547367164239,0.8081
0.11260890229004428,0.8082
0.1141640076705478,0.8083
0.11534806759540805,0.8084
0.1161595292057338,0.8085
0.1165983414284475,0.8086
0.11666441167783193,0.8087000000000001
0.11635756677222853,0.8088000000000001
0.11502284499959181,0.8089000000000001
0.11209877575292637,0.809
0.10897581250779032,0.8091
0.10570842470654895,0.8092
0.10232018822421562,0.8093
0.09882722052597037,0.8094
0.09525078067752468,0.8095
0.09151210798182452,0.8096
0.08769187415404711,0.8097000000000001
0.08385449126052646,0.8098000000000001
0.08003464740067245,0.8099000000000001
0.0762625671007795,0.81
0.07256557587537915,0.8101
0.06893586575865984,0.8102
0.06521579663349386,0.8103
0.0616166070719415,0.8104
0.05799947169963504,0.8105
0.054422211602952686,0.8106
0.05101449969250238,0.8107000000000001
0.047722263257369724,0.8108000000000001
0.044354522663267115,0.8109000000000001
0.0410111729145437,0.811
0.03768104553675422,0.8111
0.034471801029577254,0.8112
0.031241241922185248,0.8113
0.028093243272437007,0.8114
0.025063043317219424,0.8115
0.02236914415345015,0.8116
0.020065770511917824,0.8117000000000001
0.01800979330851371,0.8118000000000001
0.016174692281691883,0.8119000000000001
0.014803882884347752,0.812
0.013745015891325485,0.8121
0.013074746878265264,0.8122
0.012953368930991083,0.8123
0.013360019529827571,0.8124
0.013868350510634508,0.8125
0.01478202082362623,0.8126
0.016352371651529474,0.8127000000000001
0.018601581500621744,0.8128000000000001
0.021464616584116802,0.8129000000000001
0.0248983146624282,0.8130000000000001
0.02880677961816014,0.8131
0.033114365759111974,0.8132
0.03774084714319237,0.8133
0.04257662455514444,0.8134
0.047516986965220775,0.8135
0.052524484951414596,0.8136
0.057563670398491196,0.8137000000000001
0.0625930003591626,0.8138000000000001
0.06757640351184391,0.8139000000000001
0.07246986002748823,0.8140000000000001
0.07723670284402218,0.8141
0.0818437546852947,0.8142
0.08625936731331141,0.8143
0.09045506731388409,0.8144
0.09440481409843127,0.8145
0.09808506591558286,0.8146
0.10147480963389077,0.8147000000000001
0.10455590450500907,0.8148000000000001
0.1073084115434142,0.8149000000000001
0.10970761980272126,0.8150000000000001
0.11173678112045782,0.8151
0.11339271849861887,0.8152
0.11467546040540066,0.8153
0.11558400816447578,0.8154
0.11611802994039655,0.8155
0.1162783843647226,0.8156
0.11606566979093003,0.8157000000000001
0.11548051611383603,0.8158000000000001
0.11268695810625762,0.8159000000000001
0.10959945096651447,0.8160000000000001
0.10635871959738585,0.8161
0.10299522017128715,0.8162
0.09952405115526974,0.8163
0.0959651941565901,0.8164
0.09225556725198958,0.8165
0.08844254112535277,0.8166
0.08460165232961914,0.8167000000000001
0.08076866603090826,0.8168000000000001
0.07697496083500566,0.8169000000000001
0.0732486897560487,0.8170000000000001
0.0696024105284957,0.8171
0.06584579040984384,0.8172
0.062203927436232265,0.8173
0.05856839054308938,0.8174
0.05494660529209372,0.8175
0.05148704235699575,0.8176
0.04817001805694021,0.8177000000000001
0.04474551726958431,0.8178000000000001
0.041377735330189624,0.8179000000000001
0.03798560592227096,0.8180000000000001
0.03474217217972009,0.8181
0.031444109027015,0.8182
0.028242854792120298,0.8183
0.025126103737202143,0.8184
0.022335901042499717,0.8185
0.019927641870737922,0.8186
0.01771717160538344,0.8187000000000001
0.015765174228181245,0.8188000000000001
0.01428560666103551,0.8189000000000001
0.013116673364584663,0.8190000000000001
0.01234986953865902,0.8191
0.01213383552505598,0.8192
0.012452388780022083,0.8193
0.012868217439526708,0.8194
0.013697284028048262,0.8195
0.015195072565971302,0.8196
0.017386806577787572,0.8197
0.02020757867624834,0.8198000000000001
0.023612958401778128,0.8199000000000001
0.027504865317584226,0.8200000000000001
0.03180578057705996,0.8201
0.036434016953634574,0.8202
0.04127913689077989,0.8203
0.04623584412388326,0.8204
0.051266149469409106,0.8205
0.05633440390686206,0.8206
0.061399110296235015,0.8207
0.066424246641126,0.8208000000000001
0.0713659006727646,0.8209000000000001
0.07618746830766587,0.8210000000000001
0.08085588055119286,0.8211
0.08533959957583004,0.8212
0.08961019286889282,0.8213
0.09364151174882629,0.8214
0.09740973193140756,0.8215
0.10089339678923481,0.8216
0.10407380453998039,0.8217
0.10693041314184704,0.8218000000000001
0.1094379119114266,0.8219000000000001
0.11157886950185192,0.8220000000000001
0.11334934421545018,0.8221
0.11474865222490427,0.8222
0.11577517844997376,0.8223
0.11642804736781998,0.8224
0.11670763259696704,0.8225
0.11661410023402763,0.8226
0.11614766059496928,0.8227
0.11378814237664792,0.8228000000000001
0.11076827986200877,0.8229000000000001
0.10757914446249839,0.8230000000000001
0.10425815848690434,0.8231
0.10082297775592364,0.8232
0.09729261808823708,0.8233
0.09366825500916265,0.8234
0.08987620942798435,0.8235
0.08604503944862141,0.8236
0.08221177003297386,0.8237
0.07840896721849289,0.8238000000000001
0.07466533347086901,0.8239000000000001
0.07100740960182728,0.8240000000000001
0.0673274065982753,0.8241
0.06365570941527021,0.8242
0.06011176790734141,0.8243
0.05645261142729763,0.8244
0.05294387129186817,0.8245
0.04961841620220464,0.8246
0.04626512054898391,0.8247
0.042979914483382675,0.8248000000000001
0.039564325385866406,0.8249000000000001
0.03632714791301672,0.8250000000000001
0.03305309631329112,0.8251000000000001
0.029931895360084892,0.8252
0.026743881135910863,0.8253
0.023847269547766503,0.8254
0.02131541213433441,0.8255
0.019194328404947836,0.8256
0.01714175148862962,0.8257
0.015487425128215326,0.8258000000000001
0.01430557059289228,0.8259000000000001
0.013349035195533876,0.8260000000000001
0.012903422732191583,0.8261000000000001
0.01303534662928274,0.8262
0.013529024440116943,0.8263
0.01428510962325813,0.8264
0.015460563952121475,0.8265
0.01729427219351054,0.8266
0.01979599544530819,0.8267
0.02289055931251216,0.8268000000000001
0.026527326552106656,0.8269000000000001
0.030607703824108157,0.8270000000000001
0.035055193555539876,0.8271000000000001
0.03978994469720476,0.8272
0.04470255353150576,0.8273
0.04968957141031072,0.8274
0.05471794794974705,0.8275
0.05975595865700967,0.8276
0.06476455860677377,0.8277
0.0697098681603967,0.8278000000000001
0.07454927368629871,0.8279000000000001
0.07924752442215022,0.8280000000000001
0.08377271621003135,0.8281000000000001
0.08809431548055269,0.8282
0.09218496536121945,0.8283
0.09601974203284791,0.8284
0.0995762109192474,0.8285
0.10283496726595298,0.8286
0.10577499035390903,0.8287
0.10837027553890577,0.8288000000000001
0.11060252966834994,0.8289000000000001
0.11246662670725494,0.8290000000000001
0.11396080182991986,0.8291000000000001
0.11508261948935627,0.8292
0.11583083216996304,0.8293
0.11620571416901437,0.8294
0.11620749393582996,0.8295
0.11583630929909672,0.8296
0.11437574941278494,0.8297
0.11141166680316472,0.8298000000000001
0.10825486380478966,0.8299000000000001
0.10495847226467014,0.8300000000000001
0.101545608808848,0.8301000000000001
0.09803260587966478,0.8302
0.09442731179434816,0.8303
0.09064496886996665,0.8304
0.08681432190241867,0.8305
0.08297232030315616,0.8306
0.079152601676437,0.8307
0.07538480116052482,0.8308000000000001
0.07169600414154464,0.8309000000000001
0.06799964267503045,0.8310000000000001
0.0642898976327072,0.8311000000000001
0.06070789903660556,0.8312
0.05701959564552439,0.8313
0.053461023700342114,0.8314
0.05007866604935196,0.8315
0.046695689281994746,0.8316
0.043350258620013404,0.8317
0.03990853297533903,0.8318000000000001
0.03660827503950714,0.8319000000000001
0.033303806618506515,0.8320000000000001
0.03011618716113662,0.8321000000000001
0.0268828753612127,0.8322
0.023900631567132624,0.8323
0.021271410941950508,0.8324
0.019044985633184464,0.8325
0.016887181475677915,0.8326
0.015129043880174997,0.8327
0.013854349809897748,0.8328
0.01279393382887295,0.8329000000000001
0.0122413193540849,0.8330000000000001
0.012267275732271044,0.8331000000000001
0.012673725230704092,0.8332
0.013330618652610315,0.8333
0.014414805684532572,0.8334
0.016169487598634458,0.8335
0.018606853389539157,0.8336
0.021652038526412287,0.8337
0.025253325475049326,0.8338
0.029310295374955553,0.8339000000000001
0.033744831194125524,0.8340000000000001
0.03847583326815829,0.8341000000000001
0.0433931984917284,0.8342
0.04839302697496595,0.8343
0.053441733358209564,0.8344
0.0585074119582647,0.8345
0.063551085693892,0.8346
0.06853892089096592,0.8347
0.07342830537773859,0.8348
0.07818382454415052,0.8349000000000001
0.0827733450709337,0.8350000000000001
0.08716609906530104,0.8351000000000001
0.0913344951440811,0.8352
0.0952533502010876,0.8353
0.09889990307959584,0.8354
0.10225432994340222,0.8355
0.10529515208249718,0.8356
0.10799591609081216,0.8357
0.11033777994208682,0.8358
0.11231495089636412,0.8359000000000001
0.11392500648424453,0.8360000000000001
0.11516489820171638,0.8361000000000001
0.11603277872844875,0.8362
0.11652833060333967,0.8363
0.11665121377590526,0.8364
0.11640101095433719,0.8365
0.11542074523396872,0.8366
0.11252925456799667,0.8367
0.10942861566687201,0.8368
0.10617935065247974,0.8369000000000001
0.10280732695022354,0.8370000000000001
0.09932788613122245,0.8371000000000001
0.09576202986469273,0.8372
0.09204958202887636,0.8373
0.08823589945533283,0.8374
0.08439989853012075,0.8375
0.08057680074756313,0.8376
0.07679728524318086,0.8377
0.07308898270201825,0.8378
0.06947738179241325,0.8379000000000001
0.06574420122092095,0.8380000000000001
0.06212664555002634,0.8381000000000001
0.05853211184244178,0.8382000000000001
0.05493540568204991,0.8383
0.051502510325315054,0.8384
0.048232291916964876,0.8385
0.044835559403827,0.8386
0.04151045561305988,0.8387
0.03814687658874405,0.8388
0.03495095616601507,0.8389000000000001
0.03168242090061879,0.8390000000000001
0.028540419703605657,0.8391000000000001
0.025464949590338293,0.8392000000000001
0.022716696484880172,0.8393
0.0203520000421753,0.8394
0.018287231167542384,0.8395
0.016390267023056238,0.8396
0.01494692047465973,0.8397
0.013859838151230486,0.8398
0.013115368840842523,0.8399000000000001
0.01290997540353489,0.8400000000000001
0.013283488475309024,0.8401000000000001
0.013709176858949235,0.8402000000000001
0.014535357800248505,0.8403
0.016017399888389905,0.8404
0.018181648458953426,0.8405
0.02096657180213346,0.8406
0.02433163190787946,0.8407
0.02818191909529366,0.8408
0.03244208845105345,0.8409000000000001
0.037031784553555935,0.8410000000000001
0.0418413857595481,0.8411000000000001
0.04676579333404085,0.8412000000000001
0.051766058432549,0.8413
0.05680547652588852,0.8414
0.06184167348394776,0.8415
0.06683784619120059,0.8416
0.0717495189313776,0.8417
0.0765395572872597,0.8418
0.08117436645445697,0.8419000000000001
0.08562193905535209,0.8420000000000001
0.08985344547618668,0.8421000000000001
0.09384248867807687,0.8422000000000001
0.09756516618451727,0.8423
0.10100010243315749,0.8424
0.10412880170998051,0.8425
0.1069309948113466,0.8426
0.10938167333474202,0.8427
0.11146379145068952,0.8428
0.11317386549138853,0.8429000000000001
0.11451165189338375,0.8430000000000001
0.11547591784614264,0.8431000000000001
0.11606610872409173,0.8432000000000001
0.11628285868074184,0.8433
0.11612653719119082,0.8434
0.11559753301773912,0.8435
0.11313603080525847,0.8436
0.11008054228619868,0.8437
0.10686133347286197,0.8438
0.10351473315482285,0.8439000000000001
0.10005807910717657,0.8440000000000001
0.09651062846937153,0.8441000000000001
0.09282908981641291,0.8442000000000001
0.08902412449598618,0.8443
0.08518616959045688,0.8444
0.08135121397535783,0.8445
0.0775510806916705,0.8446
0.07381419073036599,0.8447
0.07016669889752847,0.8448
0.06641798091214446,0.8449000000000001
0.06275843681566107,0.8450000000000001
0.05914412054347218,0.8451000000000001
0.055501697277650974,0.8452000000000001
0.052016339395859035,0.8453
0.04871810570517465,0.8454
0.04527278661004286,0.8455
0.04193210166587802,0.8456
0.038508652057655635,0.8457
0.03528773306604993,0.8458
0.031952118472417856,0.8459
0.02876471465556074,0.8460000000000001
0.025602728430857313,0.8461000000000001
0.022757978000015777,0.8462000000000001
0.020288107552226098,0.8463
0.01807772735196589,0.8464
0.016063493436348164,0.8465
0.014508702821924624,0.8466
0.013315638771989935,0.8467
0.012470675067758563,0.8468
0.01216415960459738,0.8469
0.012451946970231553,0.8470000000000001
0.01277805852574887,0.8471000000000001
0.013510373046037527,0.8472000000000001
0.014908895214827744,0.8473
0.017003801548984843,0.8474
0.019734511414157385,0.8475
0.023059939410371433,0.8476
0.026883368109205996,0.8477
0.03112777843900938,0.8478
0.03571141774886377,0.8479
0.040523848414532715,0.8480000000000001
0.0454593012265605,0.8481000000000001
0.050477988791075123,0.8482000000000001
0.0555427733232996,0.8483
0.06061120201171044,0.8484
0.06564643926167935,0.8485
0.07060409787354749,0.8486
0.07544707889377111,0.8487
0.08014185857843859,0.8488
0.08465649108825257,0.8489
0.08896212296260875,0.8490000000000001
0.093032181352251,0.8491000000000001
0.09684242396808673,0.8492000000000001
0.1003709943183484,0.8493
0.10359882103854035,0.8494
0.10650503602478933,0.8495
0.10906404651322543,0.8496
0.11125814161329617,0.8497
0.11308308700560799,0.8498
0.11453793470788809,0.8499
0.11562083502194864,0.8500000000000001
0.11633067851086898,0.8501000000000001
0.11666759301564555,0.8502000000000001
0.11663148761264308,0.8503000000000001
0.11622230128991595,0.8504
0.11422165072955326,0.8505
0.11123425890367566,0.8506
0.10806670744971181,0.8507
0.10476271979325813,0.8508
0.10134235356809118,0.8509
0.0978238420503541,0.8510000000000001
0.09422614531980589,0.8511000000000001
0.09044285814400266,0.8512000000000001
0.08661537618023041,0.8513000000000001
0.08278085078617936,0.8514
0.07897225808283614,0.8515
0.0752185712148481,0.8516
0.07154667524655212,0.8517
0.06788584324452707,0.8518
0.06419739168985594,0.8519
0.0606392633372449,0.8520000000000001
0.05699385200221774,0.8521000000000001
0.0534612913703445,0.8522000000000001
0.050106871724238555,0.8523000000000001
0.046778563738287815,0.8524
0.04346355102437749,0.8525
0.040074687728447245,0.8526
0.03680294837015019,0.8527
0.03355003052160588,0.8528
0.030387907827451377,0.8529
0.027210049716068108,0.8530000000000001
0.02426372909708352,0.8531000000000001
0.02167199551805199,0.8532000000000001
0.01948376589531975,0.8533000000000001
0.017425105563880106,0.8534
0.015704720997314237,0.8535
0.014472078729314664,0.8536
0.01345753598038213,0.8537
0.012929064746439067,0.8538
0.012970446304555905,0.8539
0.013433197059334878,0.8540000000000001
0.01410104958226377,0.8541000000000001
0.015184178378457203,0.8542000000000001
0.016925830546888898,0.8543000000000001
0.01934009657377911,0.8544
0.02235518371973888,0.8545
0.025922803394151872,0.8546
0.029945090959535348,0.8547
0.03434570877649956,0.8548
0.03904459344520861,0.8549
0.04393220563950462,0.8550000000000001
0.04890462566284581,0.8551000000000001
0.05392731186082478,0.8552000000000001
0.05896728057682443,0.8553000000000001
0.0639846421333109,0.8554
0.06894478059837139,0.8555
0.07380460858729099,0.8556
0.07852839929290778,0.8557
0.08308381750732274,0.8558
0.08743994456882764,0.8559
0.09156903207492795,0.8560000000000001
0.09544576135595928,0.8561000000000001
0.0990473089690932,0.8562000000000001
0.10235389946330076,0.8563000000000001
0.10534418462511985,0.8564
0.10799187914756236,0.8565
0.11027839299321451,0.8566
0.11219826420545653,0.8567
0.11374940524665589,0.8568
0.11492909334235835,0.8569
0.11573581514019027,0.8570000000000001
0.11616959414247297,0.8571000000000001
0.11623041528106992,0.8572000000000001
0.1159181656602205,0.8573000000000001
0.11481820540249099,0.8574
0.11188832653524394,0.8575
0.10875500196709409,0.8576
0.10547751327960753,0.8577
0.10208131162827105,0.8578
0.09858194983474522,0.8579
0.0950004728989684,0.8580000000000001
0.09123320141672331,0.8581000000000001
0.08740798457607724,0.8582000000000001
0.08356623193591628,0.8583000000000001
0.07974204390573003,0.8584
0.0759653964528818,0.8585
0.07226372086377097,0.8586
0.06858857857829781,0.8587
0.0648631330605286,0.8588
0.06126048708637066,0.8589
0.05759616727413985,0.859
0.054015417264244414,0.8591000000000001
0.050605443963259944,0.8592000000000001
0.04725147508877647,0.8593000000000001
0.043877720438861845,0.8594
0.040467593677003144,0.8595
0.03713429914128663,0.8596
0.03385675739501104,0.8597
0.03062942696287263,0.8598
0.027412340247940703,0.8599
0.02438125680431069,0.86
0.021692394613593846,0.8601000000000001
0.01939856061486034,0.8602000000000001
0.017241701152057143,0.8603000000000001
0.015417129522466766,0.8604
0.014076238578175637,0.8605
0.012975803343593162,0.8606
0.012339202267209748,0.8607
0.012269870561846252,0.8608
0.01264593011185422,0.8609
0.013209180092046635,0.861
0.014193644217662227,0.8611000000000001
0.015847478726768616,0.8612000000000001
0.018187868436922328,0.8613000000000001
0.021144002759236002,0.8614
0.024667115846441545,0.8615
0.028657800440557768,0.8616
0.03303822542024193,0.8617
0.03772710010238445,0.8618
0.042614186886027694,0.8619
0.047595050699897,0.862
0.05263439103919865,0.8621000000000001
0.057698859846099015,0.8622000000000001
0.06274851964101102,0.8623000000000001
0.06774870519782739,0.8624
0.07265628282010761,0.8625
0.07743532043682566,0.8626
0.08205322619983646,0.8627
0.08647883339655604,0.8628
0.0906841481580708,0.8629
0.0946435810325037,0.863
0.0983339664156947,0.8631000000000001
0.10173455535725795,0.8632000000000001
0.10482735138270671,0.8633000000000001
0.10759248613190153,0.8634000000000001
0.11000528797905051,0.8635
0.11204898933258978,0.8636
0.1137203304795058,0.8637
0.1150192194499211,0.8638
0.11594451412414963,0.8639
0.11649573363060928,0.864
0.11667359965641089,0.8641000000000001
0.11647860379733432,0.8642000000000001
0.11582168473386878,0.8643000000000001
0.11296596457721286,0.8644000000000001
0.10989152394161439,0.8645
0.10666442319215297,0.8646
0.1033129103634669,0.8647
0.09985168246735687,0.8648
0.09630097476142818,0.8649
0.09262337877503302,0.865
0.0888176962171906,0.8651000000000001
0.08498258753042742,0.8652000000000001
0.08115449899673777,0.8653000000000001
0.07736510386009521,0.8654000000000001
0.07364251729761906,0.8655
0.07001257403708483,0.8656
0.0662931954568271,0.8657
0.06265426937043594,0.8658
0.05907196269128301,0.8659
0.05545214612946503,0.866
0.051991917889999684,0.8661000000000001
0.04872170618382787,0.8662000000000001
0.0453171226633442,0.8663000000000001
0.04201647551927512,0.8664000000000001
0.038621661080739944,0.8665
0.03544504874539389,0.8666
0.032137380498773904,0.8667
0.029003477926435206,0.8668
0.025883675869597278,0.8669
0.023086091188083246,0.867
0.02066670345276367,0.8671000000000001
0.01862843809011938,0.8672000000000001
0.016670113802592645,0.8673000000000001
0.015149283390278878,0.8674000000000001
0.014034998091596806,0.8675
0.013210139664056708,0.8676
0.012913415624163926,0.8677
0.013205300611667914,0.8678
0.013596071185475456,0.8679
0.01433309808525185,0.868
0.01571765386425361,0.8681000000000001
0.017785764096352574,0.8682000000000001
0.02048164217634474,0.8683000000000001
0.02376693855861589,0.8684000000000001
0.02754955232785994,0.8685
0.031753919575234546,0.8686
0.03629967746924212,0.8687
0.04107727631423441,0.8688
0.04598123443107793,0.8689
0.050970854385569364,0.869
0.05600798563602316,0.8691000000000001
0.061049211615483046,0.8692000000000001
0.06605682000342594,0.8693000000000001
0.07098577626996272,0.8694000000000001
0.07579842389851177,0.8695
0.08046073604387116,0.8696
0.08494033159021619,0.8697
0.08920796949378218,0.8698
0.09323681774413983,0.8699
0.09700255401847024,0.87
0.10048344497601747,0.8701000000000001
0.10366071196835813,0.8702000000000001
0.10651385886311338,0.8703000000000001
0.1090176613455619,0.8704000000000001
0.11115480530307276,0.8705
0.11292147246740658,0.8706
0.11431708062944834,0.8707
0.11534008601250134,0.8708
0.11598964685673108,0.8709
0.11626612928204272,0.871
0.11616964737766511,0.8711000000000001
0.1157003322189476,0.8712000000000001
0.11361200900170254,0.8713000000000001
0.11058865531598516,0.8714000000000001
0.10739012862794561,0.8715
0.10405942365356535,0.8716
0.10061642724513375,0.8717
0.09707960089669943,0.8718
0.09342390058557593,0.8719
0.0896267031703103,0.872
0.08579136206305293,0.8721
0.08195399160619055,0.8722000000000001
0.07814683991901528,0.8723000000000001
0.07439861386191893,0.8724000000000001
0.07073584105371322,0.8725
0.06700909887638462,0.8726
0.06333197299320403,0.8727
0.05974095256705614,0.8728
0.05607773004099914,0.8729
0.05256634012389627,0.873
0.049238258666825185,0.8731
0.04582637102233278,0.8732000000000001
0.042519941375688486,0.8733000000000001
0.03906551083044718,0.8734000000000001
0.035829178521670224,0.8735
0.03249750815814534,0.8736
0.029327747527799763,0.8737
0.026119228809327266,0.8738
0.023217271101999337,0.8739
0.020683001396961664,0.874
0.0184690225464208,0.8741
0.016389503230190394,0.8742000000000001
0.014756502526332316,0.8743000000000001
0.013536922643821114,0.8744000000000001
0.012610663553875634,0.8745
0.012210132734423507,0.8746
0.012398069281982282,0.8747
0.01285217978957709,0.8748
0.013667246209018158,0.8749
0.014916547220561682,0.875
0.016835073896118935,0.8751
0.019426777948151175,0.8752000000000001
0.022610698208864743,0.8753000000000001
0.026331249894211428,0.8754000000000001
0.030487236491430147,0.8755000000000001
0.03500065902760041,0.8756
0.039758516948216416,0.8757
0.044655838433527384,0.8758
0.04964886476788655,0.8759
0.054699597565527114,0.876
0.05976334754943713,0.8761
0.06480233585444328,0.8762000000000001
0.06977127022226348,0.8763000000000001
0.0746323111122128,0.8764000000000001
0.07935115264712933,0.8765000000000001
0.08389525600844305,0.8766
0.08823509426142584,0.8767
0.09234357995533282,0.8768
0.09619600199040079,0.8769
0.09977023344598457,0.877
0.10304699445507404,0.8771
0.1060052465959389,0.8772000000000001
0.10861905403535355,0.8773000000000001
0.11087011985268214,0.8774000000000001
0.1127533918124155,0.8775000000000001
0.11426715520181008,0.8776
0.11540904843773625,0.8777
0.11617779397299188,0.8778
0.116573593131861,0.8779
0.1165964904013772,0.878
0.1162464454752693,0.8781
0.1146651063128108,0.8782000000000001
0.11171333100825909,0.8783000000000001
0.10857001975480329,0.8784000000000001
0.10528580516865527,0.8785000000000001
0.10188313227299006,0.8786
0.0983790482211615,0.8787
0.09479514957696289,0.8788
0.09103330869539605,0.8789
0.08721075453104965,0.879
0.08337542475605775,0.8791
0.07956112896804157,0.8792000000000001
0.07579752404323015,0.8793000000000001
0.0721117141906702,0.8794000000000001
0.06846502525366505,0.8795000000000001
0.06475809188607307,0.8796
0.06117586134939035,0.8797
0.0575409509725211,0.8798
0.053982138279645486,0.8799
0.05059712405918959,0.88
0.04728376087709085,0.8801
0.043939450307092454,0.8802000000000001
0.040573332330393175,0.8803000000000001
0.03727013540018875,0.8804000000000001
0.034040849754368496,0.8805000000000001
0.03084174665552797,0.8806
0.027680260262245904,0.8807
0.024687655421574473,0.8808
0.02203910750976723,0.8809
0.01978653056940405,0.881
0.01772642635863031,0.8811
0.015941161160398565,0.8812000000000001
0.014630731823922494,0.8813000000000001
0.013588163182026713,0.8814000000000001
0.012980059667054844,0.8815000000000001
0.012930747338060877,0.8816
0.013359604052848306,0.8817
0.013938876048076088,0.8818
0.01492849171236621,0.8819
0.016576155353289046,0.882
0.018900307751666512,0.8821
0.02183271673150511,0.8822000000000001
0.025327734192124973,0.8823000000000001
0.029288445379664685,0.8824000000000001
0.033638802995815675,0.8825000000000001
0.0382986101288465,0.8826
0.04315827891255686,0.8827
0.04811347728339954,0.8828
0.05312813457928667,0.8829
0.05816797845413357,0.883
0.0631922590122257,0.8831
0.06816559806281419,0.8832000000000001
0.07304441638261039,0.8833000000000001
0.07779248723509868,0.8834000000000001
0.08237702712590533,0.8835000000000001
0.08676673211665231,0.8836
0.09093347471465041,0.8837
0.09485156252832838,0.8838
0.09849780132983521,0.8839
0.10185205038169975,0.884
0.10489262582625258,0.8841
0.10759294679837017,0.8842000000000001
0.10993410382664004,0.8843000000000001
0.11191027531894593,0.8844000000000001
0.11351903628477955,0.8845000000000001
0.11475737045271428,0.8846
0.11562349380320658,0.8847
0.11611717330880222,0.8848
0.11623814637096375,0.8849
0.1159860499760017,0.885
0.11526803449336853,0.8851
0.11237496677656345,0.8852000000000001
0.10926723607573863,0.8853000000000001
0.10601054401562005,0.8854000000000001
0.10263278560219447,0.8855000000000001
0.09914869053322128,0.8856
0.09557904186478505,0.8857
0.09184053184531316,0.8858
0.08802215559400328,0.8859
0.08418145284243805,0.886
0.08035314587660358,0.8861
0.07656774088290463,0.8862
0.07285303188091785,0.8863000000000001
0.0691971284630809,0.8864000000000001
0.06545565500575756,0.8865000000000001
0.06183200981302117,0.8866
0.05818955437387485,0.8867
0.05458628295086476,0.8868
0.051148361361595285,0.8869
0.047821517140914205,0.887
0.0444191865657364,0.8871
0.04103951023101926,0.8872
0.03767320026632359,0.8873000000000001
0.03442224462325827,0.8874000000000001
0.031155396210485797,0.8875000000000001
0.027954986608270227,0.8876000000000001
0.024875753005468848,0.8877
0.02212904390039694,0.8878
0.01976840552846837,0.8879
0.01756928495088239,0.888
0.015663983895544797,0.8881
0.01423820965685052,0.8882
0.013093518596881903,0.8883000000000001
0.012381443387422753,0.8884000000000001
0.012226627596445994,0.8885000000000001
0.012572511491591776,0.8886000000000001
0.013047977914936393,0.8887
0.013939153119350012,0.8888
0.015498392039783093,0.8889
0.017747929063364642,0.889
0.020620560454732262,0.8891
0.02407030235570562,0.8892
0.027998690948463967,0.8893000000000001
0.03232824936612633,0.8894000000000001
0.03697758788832539,0.8895000000000001
0.0418364933865234,0.8896000000000001
0.046800104892976035,0.8897
0.051831527484519135,0.8898
0.0568959766443351,0.8899
0.06195248523904817,0.89
0.06696545398302733,0.8901
0.07189119430658242,0.8902
0.07669333134541345,0.8903000000000001
0.08133900538479555,0.8904000000000001
0.08579687599806063,0.8905000000000001
0.09003873711236576,0.8906000000000001
0.09403869537559018,0.8907
0.09777320470433737,0.8908
0.10122109731545981,0.8909
0.10436395594909698,0.891
0.1071815018611294,0.8911
0.10964865910087229,0.8912
0.11174822512243188,0.8913000000000001
0.11347648747007999,0.8914000000000001
0.11483296309298519,0.8915000000000001
0.11581620892415789,0.8916000000000001
0.11642551318555872,0.8917
0.11666141587511503,0.8918
0.116524256106181,0.8919
0.1160144313397673,0.892
0.11342350381554756,0.8921
0.11038001119327456,0.8922
0.10717480231446164,0.8923000000000001
0.10384127681497413,0.8924000000000001
0.10039556710055764,0.8925000000000001
0.09685718787737829,0.8926000000000001
0.09320957454589307,0.8927
0.08941210910360564,0.8928
0.08557947226067575,0.8929
0.08174840998287192,0.893
0.07795109461354843,0.8931
0.0742160066078773,0.8932
0.07056941732192068,0.8933000000000001
0.06686873053503739,0.8934000000000001
0.06321013443979673,0.8935000000000001
0.059645282269431554,0.8936000000000001
0.05600208349791469,0.8937
0.052513348651321845,0.8938
0.04921078359384712,0.8939
0.045830167864694626,0.894
0.042553710662398325,0.8941
0.03912538109082253,0.8942
0.03591674836349523,0.8943000000000001
0.032619800241450836,0.8944000000000001
0.029497683221789917,0.8945000000000001
0.026331215731822066,0.8946000000000001
0.02347774118755419,0.8947
0.020994922711797148,0.8948
0.018907504232809735,0.8949
0.016872207349183377,0.895
0.01527218162825017,0.8951
0.014111546151104104,0.8952
0.0132155223476218,0.8953000000000001
0.012839321648598911,0.8954000000000001
0.013045926372754257,0.8955000000000001
0.013412407604922683,0.8956000000000001
0.014069224260247593,0.8957
0.015365392817009216,0.8958
0.01734683882655985,0.8959
0.019962948566669247,0.896
0.023176944133095123,0.8961
0.02689936417954719,0.8962
0.031054294550898698,0.8963000000000001
0.0355614161358897,0.8964000000000001
0.040311350381774025,0.8965000000000001
0.04519833178128252,0.8966000000000001
0.05018011957889046,0.8967
0.055217254597164755,0.8968
0.06026534319647525,0.8969
0.06528581432419989,0.897
0.07023312649106517,0.8971
0.07506919360821307,0.8972
0.07975970688871259,0.8973000000000001
0.0842720949780763,0.8974000000000001
0.08857689402494928,0.8975000000000001
0.09264697484900075,0.8976000000000001
0.09645764844610005,0.8977
0.09998678301718089,0.8978
0.10321520217319646,0.8979
0.10612202619036692,0.898
0.10868164650512768,0.8981
0.11087631173123247,0.8982
0.11270171804026896,0.8983000000000001
0.11415683818191957,0.8984000000000001
0.11523976962310112,0.8985000000000001
0.11594939480432276,0.8986000000000001
0.11628587182666805,0.8987
0.11624915014083836,0.8988
0.115839199086752,0.8989
0.11408774845292113,0.899
0.11109770223914628,0.8991
0.1079221957954759,0.8992
0.10460999455021003,0.8993
0.10118311657387602,0.8994000000000001
0.09765920107026693,0.8995000000000001
0.09403667371523294,0.8996000000000001
0.09024880999579266,0.8997
0.08641714120288146,0.8998
0.08257816704151744,0.8999
0.07876487638884178,0.9
0.07500645860986632,0.9001
0.07132963441078832,0.9002
0.06762980372643235,0.9003
0.06393380856884412,0.9004000000000001
0.06036315767031408,0.9005000000000001
0.05667481939912444,0.9006000000000001
0.05313311149048405,0.9007000000000001
0.049770453847699514,0.9008
0.046377700164307756,0.9009
0.043052061238127326,0.901
0.03959697026809095,0.9011
0.036319431898401255,0.9012
0.03300379225622829,0.9013
0.02984324787280057,0.9014000000000001
0.02660497164335851,0.9015000000000001
0.02365549739384054,0.9016000000000001
0.021065481299068045,0.9017000000000001
0.018875248483125606,0.9018
0.016731788357566613,0.9019
0.01501860064352356,0.902
0.01377018699501642,0.9021
0.012760358222458912,0.9022
0.012264390873035325,0.9023
0.012350707910708136,0.9024000000000001
0.012781557241829944,0.9025000000000001
0.01349757710098265,0.9026000000000001
0.014642903200942303,0.9027000000000001
0.0164577744547707,0.9028
0.018951498826492497,0.9029
0.022047124081653102,0.903
0.02569165507591964,0.9031
0.029784441347109558,0.9032
0.03424746041667581,0.9033
0.03899988772538987,0.9034000000000001
0.04393180563182897,0.9035000000000001
0.048939654407833766,0.9036000000000001
0.05399075368995976,0.9037000000000001
0.059053929008081374,0.9038
0.06409067124016099,0.9039
0.0690675455898403,0.904
0.07394218808145081,0.9041
0.07867944412321781,0.9042
0.08324742409990593,0.9043
0.08761558747631448,0.9044000000000001
0.09175658357291583,0.9045000000000001
0.09564547939891332,0.9046000000000001
0.09925976618340793,0.9047000000000001
0.10257986695369814,0.9048
0.10558452398424534,0.9049
0.10824747436770288,0.905
0.11055008957140389,0.9051
0.11248682977003921,0.9052
0.11405551825395921,0.9053
0.11525332570326974,0.9054000000000001
0.11607860787656665,0.9055000000000001
0.11653124015281324,0.9056000000000001
0.11661106968393276,0.9057000000000001
0.11631787147581085,0.9058
0.11510152988281974,0.9059
0.11218410492529851,0.906
0.10906460563226728,0.9061
0.10579968585753974,0.9062
0.1024137718097261,0.9063
0.0989227367568607,0.9064000000000001
0.09534775755441671,0.9065000000000001
0.09161145626496914,0.9066000000000001
0.08779189110680397,0.9067000000000001
0.08395403361590059,0.9068
0.08013261044554232,0.9069
0.07635791496154398,0.907
0.07265735791062622,0.9071
0.06902710038731275,0.9072
0.06530289588054683,0.9073
0.061698839504644165,0.9074000000000001
0.05808319634227077,0.9075000000000001
0.054501386922616746,0.9076000000000001
0.05108746444520973,0.9077000000000001
0.04779311678713927,0.9078
0.0444161339671616,0.9079
0.041065866054625255,0.908
0.03772571543318648,0.9081
0.03450836289711168,0.9082
0.03126817404392046,0.9083
0.028112313294424096,0.9084000000000001
0.02507179601316567,0.9085000000000001
0.02236620676836587,0.9086000000000001
0.02004979931095363,0.9087000000000001
0.017982479810926266,0.9088
0.016133313144814476,0.9089
0.014747672387182664,0.909
0.013676160903164147,0.9091
0.012991278008983365,0.9092
0.01285523026959634,0.9093
0.013249759067875955,0.9094000000000001
0.013744383111730096,0.9095000000000001
0.014645106056004886,0.9096000000000001
0.016203931092449775,0.9097000000000001
0.018443507381897817,0.9098
0.0212989862408699,0.9099
0.02472714962087097,0.91
0.02863185717514849,0.9101
0.03293720352376628,0.9102
0.0375627564702703,0.9103
0.04239881788177646,0.9104000000000001
0.0473406254960409,0.9105000000000001
0.05235064032319792,0.9106000000000001
0.05739336791346994,0.9107000000000001
0.06242724952636969,0.9108
0.06741619330208715,0.9109
0.07231616558735598,0.911
0.07709047140005787,0.9111
0.08170590362995556,0.9112
0.08613078661848272,0.9113
0.09033661962508133,0.9114000000000001
0.09429733297332032,0.9115000000000001
0.09798934955875405,0.9116000000000001
0.10139161070165648,0.9117000000000001
0.10448591829834242,0.9118
0.1072522702391322,0.9119
0.10966589153882456,0.912
0.11170995863190969,0.9121
0.1133812070078597,0.9122
0.11467958073650975,0.9123
0.11560400350685474,0.9124
0.11615406876113343,0.9125000000000001
0.11633056234420625,0.9126000000000001
0.11613401301442838,0.9127000000000001
0.11556498195383635,0.9128000000000001
0.11283677484337762,0.9129
0.10975845881456825,0.913
0.10652450156762949,0.9131
0.1031664505502109,0.9132
0.09969982182668691,0.9133
0.0961444723875361,0.9134
0.09244543653057957,0.9135000000000001
0.08863487291470296,0.9136000000000001
0.08479496047755775,0.9137000000000001
0.08096162358360204,0.9138000000000001
0.07716639385061008,0.9139
0.07343749095380969,0.914
0.06980081378339331,0.9141
0.06604182536478709,0.9142
0.062395205340158966,0.9143
0.05877127143261007,0.9144
0.05514438213842765,0.9145000000000001
0.0516781120996157,0.9146000000000001
0.04837549700022481,0.9147000000000001
0.04494423576263529,0.9148000000000001
0.04159168088142251,0.9149
0.03819125048944061,0.915
0.03496168661987609,0.9151
0.03165167673841318,0.9152
0.028465999271483966,0.9153
0.02534298077183683,0.9154
0.022544041028708106,0.9155000000000001
0.020123560959226516,0.9156000000000001
0.017950131838777583,0.9157000000000001
0.015979736278410206,0.9158000000000001
0.014472130512149128,0.9159
0.013300885258772377,0.916
0.012504660389507594,0.9161
0.012253405879842916,0.9162
0.012567557178323474,0.9163
0.012949029911841992,0.9164
0.013739070965010036,0.9165000000000001
0.01519494343690364,0.9166000000000001
0.017344093994088317,0.9167000000000001
0.02012385271401751,0.9168000000000001
0.02349167818232356,0.9169
0.02735047289713277,0.917
0.03162321289309089,0.9171
0.036228396816426534,0.9172
0.04105574759067854,0.9173
0.04599985629404402,0.9174
0.051021884830862785,0.9175000000000001
0.05608538744207059,0.9176000000000001
0.06114826216130842,0.9177000000000001
0.0661739533114597,0.9178000000000001
0.07111822385204358,0.9179
0.075944195051589,0.918
0.08061856608044093,0.9181
0.08510958585212791,0.9182
0.0893885943500754,0.9183
0.09342923541846415,0.9184
0.09720753249465286,0.9185000000000001
0.1007019452146426,0.9186000000000001
0.10389373955995551,0.9187000000000001
0.10676235731451267,0.9188000000000001
0.10928245742942666,0.9189
0.11143655102572503,0.919
0.11322061477107703,0.9191
0.11463387777321943,0.9192
0.1156746419054977,0.9193
0.11634195057130148,0.9194
0.11663609807414066,0.9195000000000001
0.11655717399669563,0.9196000000000001
0.11610531620574949,0.9197000000000001
0.11387768051931957,0.9198000000000001
0.11086523723117958,0.9199
0.10767987357934805,0.92
0.10436149665803618,0.9201
0.1009287356720403,0.9202
0.09740033413059623,0.9203
0.09377794625436131,0.9204
0.08998753485711364,0.9205000000000001
0.08615690189827674,0.9206000000000001
0.08232293695106108,0.9207000000000001
0.07851824479173097,0.9208000000000001
0.07477159388028853,0.9209
0.07110961750722611,0.921
0.06742880192541545,0.9211
0.06375240520842407,0.9212
0.06020802692175731,0.9213
0.05654356062567567,0.9214
0.05302840529985131,0.9215000000000001
0.04969557191686613,0.9216000000000001
0.04634248169667354,0.9217000000000001
0.043049694852240306,0.9218000000000001
0.03963488060717868,0.9219
0.03638913035818203,0.922
0.03311369002391307,0.9221
0.02998245261541177,0.9222
0.026789716554892262,0.9223
0.023880997874738075,0.9224
0.021335151241094863,0.9225000000000001
0.019198492642392262,0.9226000000000001
0.017135177059664164,0.9227000000000001
0.015464773693939948,0.9228000000000001
0.014269818229420528,0.9229
0.0132964592576994,0.923
0.01283316698950232,0.9231
0.01294721023982448,0.9232
0.013429515285291016,0.9233
0.014168748145775067,0.9234
0.015327901588254589,0.9235000000000001
0.017146603011185757,0.9236000000000001
0.019635163979423442,0.9237000000000001
0.02271867494859081,0.9238000000000001
0.026346546768173384,0.9239
0.03042005455735608,0.924
0.03486255827143392,0.9241
0.039594082218381565,0.9242
0.04450516150551964,0.9243
0.04949228061772648,0.9244
0.054522222334488335,0.9245000000000001
0.05956314210830671,0.9246000000000001
0.06457592948980351,0.9247000000000001
0.06952664777389117,0.9248000000000001
0.0743726481684488,0.9249
0.07907863261687442,0.925
0.08361264763298826,0.9251
0.0879441116165085,0.9252
0.09204561773132947,0.9253
0.09589219129759641,0.9254
0.09946134534747797,0.9255
0.10273361928973002,0.9256000000000001
0.10568793757818118,0.9257000000000001
0.10829824261958532,0.9258000000000001
0.11054617006710499,0.9259000000000001
0.11242649989597986,0.926
0.11393737000111148,0.9261
0.11507625227056739,0.9262
0.1158418092388287,0.9263
0.11623422850612042,0.9264
0.11625365725169046,0.9265
0.11590015559925182,0.9266000000000001
0.11452356009234299,0.9267000000000001
0.11157022930658489,0.9268000000000001
0.10842146584981505,0.9269000000000001
0.10513177049778089,0.927
0.10172478038157173,0.9271
0.09821665633456378,0.9272
0.09462192140682502,0.9273
0.09084349932070634,0.9274
0.08701523124650723,0.9275
0.0831741469712548,0.9276000000000001
0.07935400896116018,0.9277000000000001
0.07558452255940518,0.9278000000000001
0.07189286708735432,0.9279000000000001
0.06820716042296815,0.928
0.06449384950592252,0.9281
0.060906695772122155,0.9282
0.05723043735553479,0.9283
0.05366644960330014,0.9284
0.05027693476388295,0.9285
0.046909133665858915,0.9286000000000001
0.0435565659061099,0.9287000000000001
0.04013110659802677,0.9288000000000001
0.03682215310523662,0.9289000000000001
0.03353329852782139,0.929
0.03033474572531314,0.9291
0.02711410275615478,0.9292
0.024117898094692336,0.9293
0.021470707607092576,0.9294
0.01922358777648192,0.9295
0.017075404218974466,0.9296000000000001
0.01529753719883531,0.9297000000000001
0.014011320637177915,0.9298000000000001
0.012934029199394237,0.9299000000000001
0.012352914858188457,0.93
0.012345968699753351,0.9301
0.012748935441788456,0.9302
0.013372844035200115,0.9303
0.014420421962087593,0.9304
0.01613664672832038,0.9305
0.01853579575915787,0.9306000000000001
0.021544869760367735,0.9307000000000001
0.025113625177103138,0.9308000000000001
0.02914229475779595,0.9309000000000001
0.03355305767720984,0.931
0.03826485003820235,0.9311
0.043167578992030275,0.9312
0.04815714876494126,0.9313
0.053199243778615735,0.9314
0.05826132041022736,0.9315
0.06330396330060983,0.9316000000000001
0.06829295969369187,0.9317000000000001
0.07318546120177039,0.9318000000000001
0.0779458305952867,0.9319000000000001
0.08254174338993436,0.932
0.08694226914461356,0.9321
0.09111965330913707,0.9322
0.09504855020422187,0.9323
0.09870604280762818,0.9324
0.10207216669392716,0.9325
0.10512532725011203,0.9326000000000001
0.10783897986587065,0.9327000000000001
0.1101941971866488,0.9328000000000001
0.11218509759413742,0.9329000000000001
0.11380917847540162,0.933
0.11506332666075225,0.9331
0.1159456405864393,0.9332
0.11645575478190617,0.9333
0.1165932803469627,0.9334
0.11635774332761173,0.9335
0.11550963429766192,0.9336000000000001
0.11262705052142585,0.9337000000000001
0.10953177098471778,0.9338000000000001
0.10628663832602836,0.9339000000000001
0.10291840569127242,0.934
0.09944211764919397,0.9341
0.09587867791873261,0.9342
0.09216963496629205,0.9343
0.08835701050768674,0.9344
0.08452064211143151,0.9345
0.08069583578764472,0.9346000000000001
0.07691337639970697,0.9347000000000001
0.0732010040882084,0.9348000000000001
0.06958428518571047,0.9349000000000001
0.06584976977346735,0.935
0.06222635722655778,0.9351
0.058630455578435825,0.9352
0.05502723852999303,0.9353
0.05158672047864732,0.9354
0.04831514166006068,0.9355
0.04491056184142539,0.9356000000000001
0.04158522024478817,0.9357000000000001
0.03821312556011436,0.9358000000000001
0.03501587052138744,0.9359000000000001
0.03173764781299293,0.936
0.028592069317424862,0.9361
0.025505022781785458,0.9362
0.022743312821337902,0.9363
0.020363558017788108,0.9364
0.018289965444955314,0.9365
0.01637718926098919,0.9366000000000001
0.014916425646269715,0.9367000000000001
0.01381784389032692,0.9368000000000001
0.013055869728005431,0.9369000000000001
0.01283187082632442,0.937
0.013193599525361588,0.9371
0.013601427786537723,0.9372
0.014409797177082018,0.9373
0.01587496025589452,0.9374
0.01802399911187913,0.9375
0.020795837931046668,0.9376000000000001
0.024150146718679766,0.9377000000000001
0.027991947989959742,0.9378000000000001
0.03224576585388683,0.9379000000000001
0.036831104942265824,0.9380000000000001
0.041638268869176764,0.9381
0.046562067419845476,0.9382
0.05156332755781001,0.9383
0.056605187176963945,0.9384
0.06164518847762501,0.9385
0.06664645745299091,0.9386
0.07156447932527366,0.9387000000000001
0.07636206619539465,0.9388000000000001
0.08100556917995216,0.9389000000000001
0.08546293020763407,0.9390000000000001
0.08970526706265125,0.9391
0.09370612883956209,0.9392
0.09744155650286446,0.9393
0.10089011349773269,0.9394
0.10403323755881688,0.9395
0.1068505915721829,0.9396
0.1093170998641616,0.9397000000000001
0.11141563628556372,0.9398000000000001
0.11314262128427055,0.9399000000000001
0.11449771617482796,0.9400000000000001
0.1154795984288477,0.9401
0.11608762553642493,0.9402
0.11632234545223752,0.9403
0.116184045378813,0.9404
0.11567303413147001,0.9405
0.11329374953710591,0.9406
0.11024825338931876,0.9407000000000001
0.10703626217601836,0.9408000000000001
0.10369550809079764,0.9409000000000001
0.1002438612779828,0.9410000000000001
0.09670040795116364,0.9411
0.09302980856629428,0.9412
0.08922792873015517,0.9413
0.08539146830558131,0.9414
0.08155653868533164,0.9415
0.0777551108244181,0.9416
0.07401567835465805,0.9417000000000001
0.07036449580762072,0.9418000000000001
0.06662736949858716,0.9419000000000001
0.06296349057108552,0.9420000000000001
0.05936120456187233,0.9421
0.05571333231417852,0.9422
0.05222081663995426,0.9423
0.04891429038815387,0.9424
0.04548539035763066,0.9425
0.04216131849750604,0.9426
0.03872922989156935,0.9427000000000001
0.03552052827096164,0.9428000000000001
0.032173328543165125,0.9429000000000001
0.02900073354340016,0.9430000000000001
0.02583143448144809,0.9431
0.022976792578528915,0.9432
0.020493393455762066,0.9433
0.018317623928399307,0.9434
0.016283523502508945,0.9435
0.014699397739790232,0.9436
0.013502863626590589,0.9437000000000001
0.012626994758037746,0.9438000000000001
0.012283680857068546,0.9439000000000001
0.01253211620943584,0.9440000000000001
0.012859434163538852,0.9441
0.013555417228609867,0.9442
0.01491008334487165,0.9443
0.016959446849900583,0.9444
0.01964639975759308,0.9445
0.02293106011853241,0.9446
0.02671882668149772,0.9447000000000001
0.03093269683822264,0.9448000000000001
0.03549117983135708,0.9449000000000001
0.04028405874379959,0.9450000000000001
0.04520549001239771,0.9451
0.05021477364525806,0.9452
0.05527395467316998,0.9453
0.060339924179890425,0.9454
0.06537529668903974,0.9455
0.07033535910366451,0.9456
0.07518273832542688,0.9457000000000001
0.07988367224486015,0.9458000000000001
0.0844059895050232,0.9459000000000001
0.08872058888769718,0.9460000000000001
0.09280067279251325,0.9461
0.09662183433472071,0.9462
0.10016213060332901,0.9463
0.10340246154783983,0.9464
0.10632194900132075,0.9465
0.10889496943903398,0.9466
0.11110373820196173,0.9467000000000001
0.11294390566762513,0.9468000000000001
0.1144143969048077,0.9469000000000001
0.11551324602366797,0.9470000000000001
0.116239244820876,0.9471
0.11659244021010262,0.9472
0.11657267294398999,0.9473
0.11617981872885774,0.9474
0.11432504317951764,0.9475
0.11134643928009025,0.9476
0.1081837070932109,0.9477000000000001
0.104883263025082,0.9478000000000001
0.1014662028009925,0.9479000000000001
0.09795043967777872,0.9480000000000001
0.09435536221946994,0.9481
0.09057435359930166,0.9482
0.08674787634621872,0.9483
0.08291293171667746,0.9484
0.07910254117809767,0.9485
0.07534575652574793,0.9486
0.07166957148453779,0.9487000000000001
0.06800811809606644,0.9488000000000001
0.0643146361047433,0.9489000000000001
0.06075032849011208,0.9490000000000001
0.05710543627806097,0.9491
0.05356631507414611,0.9492
0.05020405263548189,0.9493
0.04687686557999515,0.9494
0.043553833787743024,0.9495
0.040167117427161614,0.9496
0.03688635268016127,0.9497000000000001
0.03363364841053884,0.9498000000000001
0.03046085213342531,0.9499000000000001
0.027279775515018034,0.9500000000000001
0.02432039782683959,0.9501000000000001
0.021713321650319806,0.9502
0.01950785939153099,0.9503
0.017439717391778187,0.9504
0.01570158874912031,0.9505
0.014449278585426661,0.9506
0.013422740696503066,0.9507000000000001
0.012874631373696044,0.9508000000000001
0.012894992116597281,0.9509000000000001
0.013345545244559442,0.9510000000000001
0.013993288651171554,0.9511000000000001
0.015056332645781989,0.9512
0.016778886833238138,0.9513
0.019175806884742963,0.9514
0.022175773437783652,0.9515
0.025730734896114882,0.9516
0.029742788105687534,0.9517
0.03413549884255018,0.9518000000000001
0.038828691398846926,0.9519000000000001
0.043712775324328046,0.9520000000000001
0.04868375125518254,0.9521000000000001
0.05370683654056152,0.9522
0.05874886516568978,0.9523
0.06376984166671862,0.9524
0.06873505693970006,0.9525
0.07360136727167343,0.9526
0.07833297801871553,0.9527
0.08289748847811906,0.9528000000000001
0.08726392068555089,0.9529000000000001
0.0914044660651745,0.9530000000000001
0.09529374454963024,0.9531000000000001
0.09890886796205645,0.9532
0.10222999005855748,0.9533
0.10523569170671421,0.9534
0.10789961953286265,0.9535
0.11020309790061589,0.9536
0.1121405579332122,0.9537
0.1137098058757634,0.9538000000000001
0.11490802114754861,0.9539000000000001
0.11573359654313942,0.9540000000000001
0.116186464927438,0.9541000000000001
0.11626652550602057,0.9542
0.11597358244906542,0.9543
0.11497482775010459,0.9544
0.11205686118338365,0.9545
0.1089323140831433,0.9546
0.1056621224229034,0.9547
0.10227236683990659,0.9548000000000001
0.09877839035923874,0.9549000000000001
0.0952011746123319,0.9550000000000001
0.0914448627032799,0.9551000000000001
0.08762249512186726,0.9552
0.08378180007807745,0.9553
0.07995709861629308,0.9554
0.07617853924667939,0.9555
0.07247365368480962,0.9556
0.0688087143958358,0.9557
0.06507930130321626,0.9558000000000001
0.0614710183008087,0.9559000000000001
0.05781837946259194,0.9560000000000001
0.05423170396569987,0.9561000000000001
0.05081396945419847,0.9562
0.04747488818601009,0.9563
0.044093376866924716,0.9564
0.04069945059787883,0.9565
0.03735679196788766,0.9566
0.03409412278577406,0.9567
0.030853500282819635,0.9568000000000001
0.027652673101219438,0.9569000000000001
0.024613640114127477,0.9570000000000001
0.021913722544001146,0.9571000000000001
0.019604794133631476,0.9572
0.017484743081823906,0.9573
0.015638433678563546,0.9574
0.014265475071483014,0.9575
0.013161019547583752,0.9576
0.012491474415125658,0.9577
0.012382842559119478,0.9578000000000001
0.012753125125009923,0.9579000000000001
0.013278051494544751,0.9580000000000001
0.014219461300492231,0.9581000000000001
0.015827606029418684,0.9582
0.01812208745008337,0.9583
0.02103437906465655,0.9584
0.02451758608999377,0.9585
0.02847320404188891,0.9586
0.03282383969817437,0.9587
0.03748835305833542,0.9588000000000001
0.042356645391854686,0.9589000000000001
0.04732415900729281,0.9590000000000001
0.05235473327858853,0.9591000000000001
0.057414208581859416,0.9592
0.06246202715938698,0.9593
0.0674629716475943,0.9594
0.07237356767609204,0.9595
0.07715759918951681,0.9596
0.08178224069959072,0.9597
0.08621611516297323,0.9598000000000001
0.09043100499072099,0.9599000000000001
0.09440111492383463,0.9600000000000001
0.09810312614294636,0.9601000000000001
0.10151620269086559,0.9602
0.10462231015499612,0.9603
0.10740155580094846,0.9604
0.10982922655576433,0.9605
0.1118884802564778,0.9606
0.11357595333579684,0.9607
0.11489144526478445,0.9608000000000001
0.1158337134030516,0.9609000000000001
0.11640218265734492,0.9610000000000001
0.11659748640874801,0.9611000000000001
0.11642003407492074,0.9612
0.11587030102805274,0.9613
0.11308160578627802,0.9614
0.11001442023315755,0.9615
0.10679199112099447,0.9616
0.1034444247455909,0.9617
0.09998667240980885,0.9618000000000001
0.09643878399451566,0.9619000000000001
0.09276374111969843,0.9620000000000001
0.08895998623626711,0.9621000000000001
0.08512535094845675,0.9622
0.08129623059199675,0.9623
0.0775043635147149,0.9624
0.07377796838795025,0.9625
0.07014297841598027,0.9626
0.06642280502259279,0.9627
0.06277816935863789,0.9628000000000001
0.05919581501203841,0.9629000000000001
0.05556976730106311,0.9630000000000001
0.05210202251963758,0.9631000000000001
0.04882320696918674,0.9632000000000001
0.045420857289132366,0.9633
0.042123308286068806,0.9634
0.038720104137307976,0.9635
0.03554258726882131,0.9636
0.03222696612124243,0.9637
0.029091389587973193,0.9638000000000001
0.025959120526309665,0.9639000000000001
0.0231466532973561,0.9640000000000001
0.020710330036653346,0.9641000000000001
0.01866334449759921,0.9642000000000001
0.01668705582919716,0.9643
0.015146011073491339,0.9644
0.014019835102385247,0.9645
0.013174377669226578,0.9646
0.012855176738994611,0.9647
0.013123918377222488,0.9648
0.013504714013315766,0.9649000000000001
0.014220571180478148,0.9650000000000001
0.01558292306735165,0.9651000000000001
0.01762990732598113,0.9652000000000001
0.02030684740565425,0.9653
0.02357563252256667,0.9654
0.02734459427821445,0.9655
0.031537973552068665,0.9656
0.03607533021135456,0.9657
0.04084709429340139,0.9658
0.045747702225620746,0.9659000000000001
0.05073611654375143,0.9660000000000001
0.05577394034801153,0.9661000000000001
0.06081760595648389,0.9662000000000001
0.06582928115409514,0.9663
0.07076386977025872,0.9664
0.0755836388318718,0.9665
0.08025448536635216,0.9666
0.08474395835248871,0.9667
0.08902274363276208,0.9668
0.0930639375431156,0.9669000000000001
0.09684314655165838,0.9670000000000001
0.10033856599934388,0.9671000000000001
0.1035313434486268,0.9672000000000001
0.10640091025561915,0.9673
0.10892197006567839,0.9674
0.11107711700314504,0.9675
0.11286241714503498,0.9676
0.11427717222234823,0.9677
0.11531973174333865,0.9678
0.11598915459381132,0.9679000000000001
0.11628571438576263,0.9680000000000001
0.11620943996467803,0.9681000000000001
0.11576037973765108,0.9682000000000001
0.11378114565865882,0.9683
0.11076993251793354,0.9684
0.10758010923972472,0.9685
0.10425652774449745,0.9686
0.1008197779856218,0.9687
0.09728808336433026,0.9688
0.09364339252576526,0.9689000000000001
0.0898502263353318,0.9690000000000001
0.0860171138701874,0.9691000000000001
0.08218024040551386,0.9692000000000001
0.07837199904376557,0.9693
0.07462118709051224,0.9694
0.070954454308087,0.9695
0.06723809748459153,0.9696
0.06355620717793975,0.9697
0.059975972291429924,0.9698
0.056306900810949356,0.9699000000000001
0.05278785514932238,0.9700000000000001
0.04945084115604659,0.9701000000000001
0.046054664410251744,0.9702000000000001
0.04275705259107432,0.9703
0.03930149988377929,0.9704
0.03605329203116514,0.9705
0.032735995547674035,0.9706
0.029583270283632945,0.9707
0.026367077483964163,0.9708
0.02345391921770945,0.9709000000000001
0.02090471929976756,0.9710000000000001
0.01872348253162115,0.9711000000000001
0.01662249869572774,0.9712000000000001
0.014958650254948358,0.9713
0.013734535507933465,0.9714
0.012775747784557145,0.9715
0.012336594751562346,0.9716
0.012482203986811324,0.9717
0.012934942413176831,0.9718
0.01370796431557264,0.9719000000000001
0.014911141009344986,0.9720000000000001
0.016781816943642447,0.9721000000000001
0.019326630374338682,0.9722000000000001
0.022466817124141558,0.9723
0.026148412494391815,0.9724
0.030270808337869548,0.9725
0.03475627391294278,0.9726
0.039524364531920764,0.9727
0.04446540041022318,0.9728
0.049476155477200745,0.9729000000000001
0.054524785992466684,0.9730000000000001
0.0595808109531728,0.9731000000000001
0.06460619980277182,0.9732000000000001
0.06956794594988913,0.9733
0.07442398541645678,0.9734
0.07913947226401563,0.9735
0.0836828050683539,0.9736
0.08802370402480408,0.9737
0.09213507310166869,0.9738
0.09599221954246373,0.9739000000000001
0.099572857449717,0.9740000000000001
0.1028576163100422,0.9741000000000001
0.10582542802470585,0.9742000000000001
0.10845020854374199,0.9743
0.11071353426229091,0.9744
0.11261010319455256,0.9745
0.11413797449148078,0.9746
0.11529453654404676,0.9747
0.11607835227117702,0.9748
0.11648949506245732,0.9749000000000001
0.11652800316802225,0.9750000000000001
0.11619384134617938,0.9751000000000001
0.11476460746833728,0.9752000000000001
0.11182493083046363,0.9753000000000001
0.10868999794528045,0.9754
0.10541287908273433,0.9755
0.10201663158069618,0.9756
0.09851755440817211,0.9757
0.09493693483732468,0.9758
0.0911777577887668,0.9759000000000001
0.08735565943671342,0.9760000000000001
0.08351912049231958,0.9761000000000001
0.07970231169782638,0.9762000000000001
0.07593512523074364,0.9763000000000001
0.07224477379633587,0.9764
0.06859512608976048,0.9765
0.06488293543577484,0.9766
0.06129433243644122,0.9767
0.05765620040250519,0.9768
0.054090350193332304,0.9769000000000001
0.050696983264036266,0.9770000000000001
0.04738041566767537,0.9771000000000001
0.044027407761472626,0.9772000000000001
0.04065964058801752,0.9773000000000001
0.03734714018409058,0.9774
0.03411591185533713,0.9775
0.030906587662162144,0.9776
0.027741949891723294,0.9777
0.024737586154207625,0.9778
0.022075324808155106,0.9779
0.019807360352088077,0.9780000000000001
0.017740197883912456,0.9781000000000001
0.015938755049801134,0.9782000000000001
0.014609979626821756,0.9783000000000001
0.013556524696488603,0.9784
0.012929614110792853,0.9785
0.012859909629399757,0.9786
0.013277198589644712,0.9787
0.013836766306352777,0.9788
0.014806509293509906,0.9789
0.016435104215063,0.9790000000000001
0.01874178992685427,0.9791000000000001
0.021658842668659917,0.9792000000000001
0.025140877677999107,0.9793000000000001
0.02909095095176273,0.9794
0.03343292069303283,0.9795
0.038086481900305946,0.9796
0.0429420083249501,0.9797
0.0478951073322591,0.9798
0.05290948691175745,0.9799
0.05795071809264485,0.9800000000000001
0.06297797190321397,0.9801000000000001
0.0679557986636169,0.9802000000000001
0.07284057817610656,0.9803000000000001
0.07759602243170927,0.9804
0.08218928178608598,0.9805
0.08658898724675823,0.9806
0.09076694228600646,0.9807
0.09469738373994996,0.9808
0.09835704486048424,0.9809
0.10172570950335835,0.9810000000000001
0.10478162277964342,0.9811000000000001
0.10749814029773452,0.9812000000000001
0.10985627330307168,0.9813000000000001
0.11185009921723299,0.9814
0.11347709141542417,0.9815
0.11473413734911198,0.9816
0.11561935561690506,0.9817
0.1161324127464497,0.9818
0.1162729446625751,0.9819
0.11604048529617039,0.9820000000000001
0.11542243028160082,0.9821000000000001
0.11254123216486622,0.9822000000000001
0.10944232079099814,0.9823000000000001
0.10619300755477123,0.9824
0.10282179800739355,0.9825
0.09934321847762384,0.9826
0.09577799323842673,0.9827
0.09205057244846993,0.9828
0.08823538337522385,0.9829
0.08439612040342626,0.9830000000000001
0.08056771144654873,0.9831000000000001
0.07678081970441308,0.9832000000000001
0.0730633236991971,0.9833000000000001
0.06941832275567972,0.9834
0.06567324852368872,0.9835
0.062044276444316426,0.9836
0.05841401954471559,0.9837
0.05480496528376699,0.9838
0.05135936359415583,0.9839
0.04804721273323431,0.9840000000000001
0.04463702722368135,0.9841000000000001
0.04127291127204158,0.9842000000000001
0.03789703950068746,0.9843000000000001
0.03465980994631179,0.9844
0.03137950097414888,0.9845
0.028194000186267276,0.9846
0.025106114498559817,0.9847
0.02234668936024997,0.9848
0.01997038281323782,0.9849
0.017849200276817134,0.9850000000000001
0.01593583470005666,0.9851000000000001
0.014482465273922607,0.9852000000000001
0.013353212798666192,0.9853000000000001
0.012601156155860549,0.9854
0.012397133991353781,0.9855
0.012735740218963398,0.9856
0.01316646715625347,0.9857
0.014006872528686154,0.9858
0.015512070877575557,0.9859
0.017706726091993863,0.9860000000000001
0.020526616147706678,0.9861000000000001
0.02392814203168747,0.9862000000000001
0.027814097281646744,0.9863000000000001
0.032107558641811806,0.9864
0.036727298352655424,0.9865
0.0415631821777207,0.9866
0.046510142968589685,0.9867
0.05153018280035959,0.9868
0.056587599283538514,0.9869
0.061640815150941,0.9870000000000001
0.06665372842022899,0.9871000000000001
0.07158231909793922,0.9872000000000001
0.07638982212163137,0.9873000000000001
0.08104292656698664,0.9874
0.08550984051324628,0.9875
0.08976193483962014,0.9876
0.09377300370364483,0.9877
0.09751931761360377,0.9878
0.10097963609078886,0.9879
0.10413553809104836,0.9880000000000001
0.10696677744431282,0.9881000000000001
0.10944832530264514,0.9882000000000001
0.11156302610705182,0.9883000000000001
0.11330719452284876,0.9884000000000001
0.11468034475037503,0.9885
0.11568098904521695,0.9886
0.1163083192212806,0.9887
0.1165627338740427,0.9888
0.11644440267222544,0.9889
0.11595354825346027,0.9890000000000001
0.11354107298007998,0.9891000000000001
0.11050754111748973,0.9892000000000001
0.10730723096962547,0.9893000000000001
0.10397695016434416,0.9894000000000001
0.10053420469612917,0.9895
0.0969982066470726,0.9896
0.09335041523160204,0.9897
0.08955518023088027,0.9898
0.08572369729257723,0.9899
0.08189249381550179,0.9900000000000001
0.07809374223138377,0.9901000000000001
0.07435595038704512,0.9902000000000001
0.07070542458253037,0.9903000000000001
0.06700356120055917,0.9904000000000001
0.06334040958994769,0.9905
0.059775743648065593,0.9906
0.056127432111006126,0.9907
0.05263217973304579,0.9908
0.04932188731372733,0.9909
0.04594419562057772,0.991
0.04267184486497633,0.9911000000000001
0.03923607623970393,0.9912000000000001
0.03601809226096364,0.9913000000000001
0.0327239282941898,0.9914000000000001
0.029601346258617323,0.9915
0.02642334147939107,0.9916
0.023555641803604477,0.9917
0.021056412743287956,0.9918
0.018958929568954286,0.9919
0.016905543119365207,0.992
0.015285080156083763,0.9921000000000001
0.014111536333626162,0.9922000000000001
0.013194487255571152,0.9923000000000001
0.01279529408132185,0.9924000000000001
0.012977993581272385,0.9925
0.013334435354152241,0.9926
0.013969262541183358,0.9927
0.015241975159921095,0.9928
0.01720071156240044,0.9929
0.019796069717450182,0.993
0.022991586357800076,0.9931000000000001
0.026698331788464147,0.9932000000000001
0.030840239341217712,0.9933000000000001
0.03533695190194508,0.9934000000000001
0.04007912752001985,0.9935
0.044960965976610145,0.9936
0.04993988337811728,0.9937
0.05497617685278344,0.9938
0.06002530990592114,0.9939
0.06504858813282133,0.994
0.07000040191699652,0.9941000000000001
0.0748425706631809,0.9942000000000001
0.07954068986868046,0.9943000000000001
0.08406210447712026,0.9944000000000001
0.08837727003681284,0.9945
0.09245898443525169,0.9946
0.09628249049261339,0.9947
0.09982559125636858,0.9948
0.10306904521351812,0.9949
0.10599191232770666,0.995
0.10856852661172067,0.9951000000000001
0.11078105410987771,0.9952000000000001
0.11262507562090285,0.9953000000000001
0.11409944335971378,0.9954000000000001
0.1152021411606805,0.9955
0.11593194351839564,0.9956
0.11628890713742657,0.9957
0.1162728892608047,0.9958
0.11588377251032844,0.9959
0.11425464657558326,0.996
0.11127828311045462,0.9961000000000001
0.1081127148432437,0.9962000000000001
0.10480876972664066,0.9963000000000001
0.10138925792736042,0.9964000000000001
0.09787156110341999,0.9965
0.09425977949326325,0.9966
0.09047692688627262,0.9967
0.08664841788218924,0.9968
0.08281076905190632,0.9969
0.07899709306661229,0.997
0.07523666963715414,0.9971000000000001
0.07155633983475118,0.9972000000000001
0.06786550215410225,0.9973000000000001
0.06416501942251374,0.9974000000000001
0.06059318328508545,0.9975
0.05690996238794721,0.9976
0.05336144103775675,0.9977
0.04999024832940702,0.9978
0.04661165644751941,0.9979
0.04327773135854951,0.998
0.0398388888444301,0.9981000000000001
0.03655164886146389,0.9982000000000001
0.033252376122102856,0.9983000000000001
0.030079848994173375,0.9984000000000001
0.026855280217367605,0.9985
0.02389037305400432,0.9986
0.021280269457232714,0.9987
0.01907432360409711,0.9988
0.01693259379491341,0.9989
0.015195903243478748,0.999
0.013942303364631092,0.9991000000000001
0.01290462327944053,0.9992000000000001
0.012375327482172294,0.9993000000000001
0.012424396736675725,0.9994000000000001
0.012851981529122147,0.9995
0.01353054780420515,0.9996
0.014634553846992082,0.9997
0.01640622148200066,0.9998
0.01885720848072392,0.9999
0.021912600628013257,1.0
