glottal_gap,time
0.06,0
0.06,0.0001
0.059537513,0.0002
0.05841771,0.0003
0.0572445,0.0004
0.056205176,0.0005
0.055234893,0.0006
0.054334082,0.0007
0.053391636,0.0008
0.052348762,0.0009
0.051187833,0.001
0.049923125,0.0011
0.048587631,0.0012
0.047232689,0.0013
0.04590752,0.0014
0.044655637,0.0015
0.043504337,0.0016
0.042467633,0.0017
0.041544101,0.0018
0.040720905,0.0019
0.039976061,0.002
0.039288515,0.0021
0.038650192,0.0022
0.03808083,0.0023
0.037634555,0.0024
0.037394573,0.0025
0.037451784,0.0026
0.037876001,0.0027
0.038690855,0.0028
0.039866413,0.0029
0.041332698,0.003
0.043008147,0.0031
0.044828123,0.0032
0.046761785,0.0033
0.048812257,0.0034
0.051004561,0.0035
0.053369163,0.0036
0.055899671,0.0037
0.058579922,0.0038
0.061436376,0.0039
0.064479001,0.004
0.067688955,0.0041
0.071047447,0.0042
0.074529945,0.0043
0.078110609,0.0044
0.081763657,0.0045
0.085463553,0.0046
0.089186254,0.0047
0.09290993,0.0048
0.096199923,0.0049
0.099319247,0.005
0.1024597,0.0051
0.105197041,0.0052
0.107755668,0.0053
0.109729675,0.0054
0.111398342,0.0055
0.112768247,0.0056
0.113793357,0.0057
0.114449334,0.0058
0.114986166,0.0059
0.115106975,0.006
0.115216848,0.0061
0.115014918,0.0062
0.114713411,0.0063
0.114420718,0.0064
0.114154061,0.0065
0.113926637,0.0066
0.113513522,0.0067
0.113164138,0.0068
0.112910248,0.0069
0.112750744,0.007
0.112672396,0.0071
0.112656373,0.0072
0.11268075,0.0073
0.112723398,0.0074
0.112763163,0.0075
0.112781554,0.0076
0.112765152,0.0077
0.11270689,0.0078
0.112604412,0.0079
0.112456717,0.008
0.112261614,0.0081
0.11201499,0.0082
0.111710868,0.0083
0.111341429,0.0084
0.110897033,0.0085
0.110206795,0.0086
0.109284508,0.0087
0.10825715,0.0088
0.107126952,0.0089
0.105792368,0.009
0.104106861,0.0091
0.102328405,0.0092
0.100333431,0.0093
0.098077597,0.0094
0.095786016,0.0095
0.093220783,0.0096
0.090566733,0.0097
0.087905769,0.0098
0.084971732,0.0099
0.082070807,0.01
0.079224694,0.0101
0.076172007,0.0102
0.073192274,0.0103
0.070311371,0.0104
0.067519586,0.0105
0.064610432,0.0106
0.061823152,0.0107
0.059183383,0.0108
0.056702427,0.0109
0.054282016,0.011
0.051831297,0.0111
0.049544044,0.0112
0.047443746,0.0113
0.04553808,0.0114
0.04382977,0.0115
0.042322478,0.0116
0.040998494,0.0117
0.039568458,0.0118
0.038360534,0.0119
0.03741622,0.012
0.036748279,0.0121
0.036358134,0.0122
0.036246589,0.0123
0.03640943,0.0124
0.03683921,0.0125
0.03752344,0.0126
0.03844466,0.0127
0.039580493,0.0128
0.040905005,0.0129
0.042389749,0.013
0.044005178,0.0131
0.045721549,0.0132
0.047509768,0.0133
0.049341786,0.0134
0.051190908,0.0135
0.053031869,0.0136
0.054840902,0.0137
0.056568468,0.0138
0.058170198,0.0139
0.059654831,0.014
0.061025928,0.0141
0.062267681,0.0142
0.063370071,0.0143
0.064322632,0.0144
0.06511791,0.0145
0.065751443,0.0146
0.066220339,0.0147
0.066522849,0.0148
0.066658042,0.0149
0.066625981,0.015
0.066428035,0.0151
0.066067093,0.0152
0.065547777,0.0153
0.064876473,0.0154
0.064061452,0.0155
0.063112921,0.0156
0.062067267,0.0157
0.060957172,0.0158
0.059769205,0.0159
0.058499844,0.016
0.057167902,0.0161
0.055790588,0.0162
0.054388841,0.0163
0.052983909,0.0164
0.051597274,0.0165
0.050251342,0.0166
0.048969203,0.0167
0.047774319,0.0168
0.046689956,0.0169
0.045738693,0.017
0.0449421,0.0171
0.044320381,0.0172
0.043892081,0.0173
0.043673621,0.0174
0.043678873,0.0175
0.043918734,0.0176
0.04440088,0.0177
0.045129671,0.0178
0.046106241,0.0179
0.047328657,0.018
0.048792097,0.0181
0.050488955,0.0182
0.052408882,0.0183
0.054538834,0.0184
0.056863241,0.0185
0.059364345,0.0186
0.06196951,0.0187
0.064453553,0.0188
0.067061567,0.0189
0.069794681,0.019
0.072633218,0.0191
0.075550614,0.0192
0.078522035,0.0193
0.081468944,0.0194
0.084064903,0.0195
0.086683718,0.0196
0.089328056,0.0197
0.091586476,0.0198
0.09381421,0.0199
0.095916421,0.02
0.097752217,0.0201
0.099600625,0.0202
0.101157491,0.0203
0.102646631,0.0204
0.1041401,0.0205
0.105374224,0.0206
0.106533812,0.0207
0.107677718,0.0208
0.108791016,0.0209
0.109648278,0.021
0.110425245,0.0211
0.111149409,0.0212
0.11180739,0.0213
0.112382519,0.0214
0.112861316,0.0215
0.113137868,0.0216
0.113282064,0.0217
0.113333756,0.0218
0.113288122,0.0219
0.113136119,0.022
0.112868795,0.0221
0.112479337,0.0222
0.111964319,0.0223
0.111323559,0.0224
0.110559428,0.0225
0.109675934,0.0226
0.108678076,0.0227
0.107571404,0.0228
0.106361805,0.0229
0.105055329,0.023
0.1036581,0.0231
0.102176224,0.0232
0.100479118,0.0233
0.098698778,0.0234
0.096850045,0.0235
0.094941659,0.0236
0.092979955,0.0237
0.090971602,0.0238
0.088807243,0.0239
0.086516303,0.024
0.084202463,0.0241
0.081882093,0.0242
0.079565573,0.0243
0.077104078,0.0244
0.07458052,0.0245
0.072094689,0.0246
0.069664892,0.0247
0.067301389,0.0248
0.064767366,0.0249
0.062292852,0.025
0.059921203,0.0251
0.057668259,0.0252
0.055527701,0.0253
0.053241236,0.0254
0.051085975,0.0255
0.049095734,0.0256
0.047285463,0.0257
0.045660707,0.0258
0.043945756,0.0259
0.042336079,0.026
0.040943076,0.0261
0.039789845,0.0262
0.03888111,0.0263
0.038217676,0.0264
0.037409491,0.0265
0.036635509,0.0266
0.036089011,0.0267
0.035842509,0.0268
0.03589155,0.0269
0.035735314,0.027
0.035813318,0.0271
0.036234096,0.0272
0.036994619,0.0273
0.038071095,0.0274
0.039435317,0.0275
0.041056251,0.0276
0.04289959,0.0277
0.044929878,0.0278
0.047108647,0.0279
0.049396684,0.028
0.051754286,0.0281
0.054115852,0.0282
0.056419124,0.0283
0.058655912,0.0284
0.060817542,0.0285
0.062879559,0.0286
0.06482426,0.0287
0.066634107,0.0288
0.068294043,0.0289
0.069791839,0.029
0.071117268,0.0291
0.072262687,0.0292
0.073223036,0.0293
0.073995861,0.0294
0.07458082,0.0295
0.074979239,0.0296
0.075193826,0.0297
0.075228537,0.0298
0.075088439,0.0299
0.074779443,0.03
0.07430802,0.0301
0.073681096,0.0302
0.072906186,0.0303
0.07199169,0.0304
0.070947173,0.0305
0.069783529,0.0306
0.068513032,0.0307
0.067149344,0.0308
0.065731276,0.0309
0.064292154,0.031
0.062818138,0.0311
0.061305209,0.0312
0.059748978,0.0313
0.058015555,0.0314
0.056317876,0.0315
0.05468563,0.0316
0.053134207,0.0317
0.051674726,0.0318
0.050320969,0.0319
0.049087656,0.032
0.047991389,0.0321
0.047049305,0.0322
0.046278379,0.0323
0.045694531,0.0324
0.04531218,0.0325
0.045143681,0.0326
0.045198995,0.0327
0.045485391,0.0328
0.046007371,0.0329
0.046766677,0.033
0.047762461,0.0331
0.048991452,0.0332
0.050448092,0.0333
0.052124512,0.0334
0.054010439,0.0335
0.056093153,0.0336
0.05835769,0.0337
0.060787358,0.0338
0.063311207,0.0339
0.065890368,0.034
0.068587426,0.0341
0.071391315,0.0342
0.074283534,0.0343
0.07724278,0.0344
0.080247214,0.0345
0.083274759,0.0346
0.086303884,0.0347
0.089313689,0.0348
0.092248871,0.0349
0.094986969,0.035
0.097666774,0.0351
0.100276678,0.0352
0.102797511,0.0353
0.105208168,0.0354
0.107405787,0.0355
0.109373983,0.0356
0.111197756,0.0357
0.112865317,0.0358
0.114348828,0.0359
0.115488405,0.036
0.116440465,0.0361
0.117199907,0.0362
0.117753581,0.0363
0.11794061,0.0364
0.117921533,0.0365
0.117696776,0.0366
0.117264789,0.0367
0.116553166,0.0368
0.115592441,0.0369
0.114449428,0.037
0.113133398,0.0371
0.111650924,0.0372
0.110008521,0.0373
0.108213729,0.0374
0.106275669,0.0375
0.104205151,0.0376
0.102014391,0.0377
0.099716395,0.0378
0.097324447,0.0379
0.09485145,0.038
0.092309349,0.0381
0.089709331,0.0382
0.087063508,0.0383
0.084386325,0.0384
0.081693651,0.0385
0.079000774,0.0386
0.076321508,0.0387
0.073664675,0.0388
0.070845073,0.0389
0.068055914,0.039
0.065323414,0.0391
0.0626646,0.0392
0.060092154,0.0393
0.057481343,0.0394
0.054804578,0.0395
0.052249913,0.0396
0.049851419,0.0397
0.047627635,0.0398
0.045286018,0.0399
0.04304771,0.04
0.041031025,0.0401
0.03926673,0.0402
0.037640526,0.0403
0.035948006,0.0404
0.03452409,0.0405
0.033425123,0.0406
0.032669231,0.0407
0.031851288,0.0408
0.031185989,0.0409
0.030886133,0.041
0.030989315,0.0411
0.031449521,0.0412
0.031699951,0.0413
0.032311474,0.0414
0.033350738,0.0415
0.034740136,0.0416
0.036342984,0.0417
0.037415906,0.0418
0.038882663,0.0419
0.04075877,0.042
0.043019954,0.0421
0.04557953,0.0422
0.048381572,0.0423
0.051361071,0.0424
0.054466061,0.0425
0.057611229,0.0426
0.060717082,0.0427
0.063759328,0.0428
0.066717479,0.0429
0.069553735,0.043
0.072240766,0.0431
0.074752551,0.0432
0.077068967,0.0433
0.079174321,0.0434
0.081057033,0.0435
0.082708302,0.0436
0.084122221,0.0437
0.085294759,0.0438
0.08622385,0.0439
0.086908637,0.044
0.08734977,0.0441
0.087549223,0.0442
0.087510861,0.0443
0.087240449,0.0444
0.08674581,0.0445
0.086036249,0.0446
0.085121984,0.0447
0.084013318,0.0448
0.082720331,0.0449
0.081252836,0.045
0.079620813,0.0451
0.077834806,0.0452
0.075849091,0.0453
0.073524817,0.0454
0.071100145,0.0455
0.068609549,0.0456
0.066077458,0.0457
0.063517483,0.0458
0.060718264,0.0459
0.057921313,0.046
0.055181649,0.0461
0.052522099,0.0462
0.049957619,0.0463
0.047504072,0.0464
0.045157333,0.0465
0.042892803,0.0466
0.040822699,0.0467
0.038988274,0.0468
0.037423398,0.0469
0.036153106,0.047
0.035194803,0.0471
0.034559819,0.0472
0.034255587,0.0473
0.034286127,0.0474
0.034652894,0.0475
0.035333913,0.0476
0.036132654,0.0477
0.037248104,0.0478
0.038707176,0.0479
0.040508402,0.048
0.042636338,0.0481
0.045073334,0.0482
0.047797913,0.0483
0.050787506,0.0484
0.054017332,0.0485
0.057451448,0.0486
0.061048702,0.0487
0.064780338,0.0488
0.068504273,0.0489
0.072243759,0.049
0.076094731,0.0491
0.080031484,0.0492
0.08401894,0.0493
0.088020857,0.0494
0.092002831,0.0495
0.095927399,0.0496
0.099755594,0.0497
0.103455273,0.0498
0.106997852,0.0499
0.1103562,0.05
0.113506921,0.0501
0.11642984,0.0502
0.119108281,0.0503
0.121528484,0.0504
0.123678582,0.0505
0.125548384,0.0506
0.127128581,0.0507
0.128407776,0.0508
0.129230667,0.0509
0.129677775,0.051
0.129604109,0.0511
0.128968194,0.0512
0.127817291,0.0513
0.126227753,0.0514
0.12422311,0.0515
0.121943304,0.0516
0.119439991,0.0517
0.116641075,0.0518
0.11365588,0.0519
0.110523682,0.052
0.107267533,0.0521
0.103908692,0.0522
0.100468445,0.0523
0.096968657,0.0524
0.093432212,0.0525
0.089882058,0.0526
0.086339907,0.0527
0.082826107,0.0528
0.079360576,0.0529
0.075962979,0.053
0.072651662,0.0531
0.069311894,0.0532
0.066010369,0.0533
0.062815227,0.0534
0.05974328,0.0535
0.056804594,0.0536
0.054007735,0.0537
0.051280888,0.0538
0.04838513,0.0539
0.045641642,0.054
0.043104288,0.0541
0.040803283,0.0542
0.038234707,0.0543
0.035902138,0.0544
0.033894332,0.0545
0.032217347,0.0546
0.030322007,0.0547
0.028762128,0.0548
0.027632281,0.0549
0.026953712,0.055
0.026036796,0.0551
0.025524088,0.0552
0.02552958,0.0553
0.026068237,0.0554
0.026358669,0.0555
0.026980787,0.0556
0.028142356,0.0557
0.029750185,0.0558
0.03116578,0.0559
0.033060951,0.056
0.035425206,0.0561
0.038148859,0.0562
0.040344014,0.0563
0.042927114,0.0564
0.045939842,0.0565
0.049341419,0.0566
0.053026243,0.0567
0.056919258,0.0568
0.060908216,0.0569
0.064894532,0.057
0.068833314,0.0571
0.072687577,0.0572
0.076403793,0.0573
0.079940544,0.0574
0.083258831,0.0575
0.086327845,0.0576
0.0891228,0.0577
0.091625245,0.0578
0.093821258,0.0579
0.095701962,0.058
0.09726228,0.0581
0.098501165,0.0582
0.099420293,0.0583
0.100023801,0.0584
0.10031708,0.0585
0.100306604,0.0586
0.099999457,0.0587
0.099403712,0.0588
0.098528448,0.0589
0.097383964,0.059
0.095981359,0.0591
0.094332152,0.0592
0.092447727,0.0593
0.090339259,0.0594
0.087806778,0.0595
0.08495717,0.0596
0.081946895,0.0597
0.07857495,0.0598
0.075005978,0.0599
0.071109362,0.06
0.06716044,0.0601
0.063129648,0.0602
0.059034964,0.0603
0.055011814,0.0604
0.051094453,0.0605
0.047306384,0.0606
0.043673776,0.0607
0.040233157,0.0608
0.037025306,0.0609
0.034086641,0.061
0.031449796,0.0611
0.029145452,0.0612
0.027205687,0.0613
0.025660175,0.0614
0.024526078,0.0615
0.023814563,0.0616
0.023535516,0.0617
0.023692749,0.0618
0.024268063,0.0619
0.024606301,0.062
0.025324027,0.0621
0.026552002,0.0622
0.028299068,0.0623
0.030521292,0.0624
0.032775271,0.0625
0.035129717,0.0626
0.037941853,0.0627
0.041230856,0.0628
0.044948289,0.0629
0.049030365,0.063
0.053084459,0.0631
0.057183365,0.0632
0.061567218,0.0633
0.066206891,0.0634
0.071047582,0.0635
0.076027217,0.0636
0.081088792,0.0637
0.086083532,0.0638
0.090880225,0.0639
0.095636007,0.064
0.100332051,0.0641
0.104919891,0.0642
0.109356593,0.0643
0.11360051,0.0644
0.117616216,0.0645
0.121374116,0.0646
0.124849983,0.0647
0.128023324,0.0648
0.130876904,0.0649
0.133395689,0.065
0.135567107,0.0651
0.137380806,0.0652
0.138829015,0.0653
0.139905939,0.0654
0.140569336,0.0655
0.140640904,0.0656
0.139944155,0.0657
0.137415325,0.0658
0.134538111,0.0659
0.131400763,0.066
0.127969009,0.0661
0.124335274,0.0662
0.120517806,0.0663
0.11653644,0.0664
0.112417855,0.0665
0.108193904,0.0666
0.103899152,0.0667
0.099568338,0.0668
0.095235293,0.0669
0.090931646,0.067
0.086686624,0.0671
0.082426911,0.0672
0.078234242,0.0673
0.074157542,0.0674
0.070221736,0.0675
0.066447257,0.0676
0.062851069,0.0677
0.059444642,0.0678
0.056233696,0.0679
0.053220182,0.068
0.050083247,0.0681
0.046992798,0.0682
0.04409594,0.0683
0.04142736,0.0684
0.038681331,0.0685
0.03586596,0.0686
0.033355839,0.0687
0.031074611,0.0688
0.028636495,0.0689
0.026597024,0.069
0.025054544,0.0691
0.023414093,0.0692
0.022098211,0.0693
0.021347255,0.0694
0.021215345,0.0695
0.020938383,0.0696
0.020992769,0.0697
0.021680525,0.0698
0.022972727,0.0699
0.023946152,0.07
0.025449127,0.0701
0.027638426,0.0702
0.029881719,0.0703
0.032394199,0.0704
0.035446018,0.0705
0.038951681,0.0706
0.042082737,0.0707
0.045513626,0.0708
0.04939268,0.0709
0.053675594,0.071
0.058244847,0.0711
0.062980347,0.0712
0.067755743,0.0713
0.072510772,0.0714
0.077189356,0.0715
0.081728047,0.0716
0.0860708,0.0717
0.090168128,0.0718
0.093976832,0.0719
0.097462953,0.072
0.100598751,0.0721
0.103364016,0.0722
0.105744377,0.0723
0.107731994,0.0724
0.109324195,0.0725
0.110523284,0.0726
0.111335025,0.0727
0.111767909,0.0728
0.111831748,0.0729
0.111537063,0.073
0.11089435,0.0731
0.109914166,0.0732
0.108607152,0.0733
0.106984389,0.0734
0.105057318,0.0735
0.10283766,0.0736
0.100265859,0.0737
0.097113631,0.0738
0.093573419,0.0739
0.08933971,0.074
0.084593408,0.0741
0.079600323,0.0742
0.074583595,0.0743
0.069545598,0.0744
0.064490011,0.0745
0.059499455,0.0746
0.054607203,0.0747
0.049850535,0.0748
0.045269594,0.0749
0.040905943,0.075
0.036803713,0.0751
0.032965988,0.0752
0.029380294,0.0753
0.026157657,0.0754
0.02334729,0.0755
0.020977239,0.0756
0.019069482,0.0757
0.017648417,0.0758
0.016733836,0.0759
0.016334027,0.076
0.015686504,0.0761
0.015315806,0.0762
0.015528885,0.0763
0.01639648,0.0764
0.01690683,0.0765
0.017800879,0.0766
0.019418098,0.0767
0.021611016,0.0768
0.02372355,0.0769
0.026407633,0.077
0.029769487,0.0771
0.033769367,0.0772
0.037847918,0.0773
0.042095555,0.0774
0.046748703,0.0775
0.051821016,0.0776
0.0572657,0.0777
0.062727035,0.0778
0.068175651,0.0779
0.073868198,0.078
0.07972151,0.0781
0.085622129,0.0782
0.091516828,0.0783
0.097353138,0.0784
0.103066849,0.0785
0.108602183,0.0786
0.113908432,0.0787
0.118941262,0.0788
0.123664778,0.0789
0.128048964,0.079
0.132070178,0.0791
0.135708821,0.0792
0.138944366,0.0793
0.14175668,0.0794
0.144133951,0.0795
0.146071998,0.0796
0.147573172,0.0797
0.148640992,0.0798
0.149278658,0.0799
0.149490616,0.08
0.148169757,0.0801
0.144957853,0.0802
0.141407175,0.0803
0.137597659,0.0804
0.133557274,0.0805
0.129299299,0.0806
0.12484212,0.0807
0.120210889,0.0808
0.115440906,0.0809
0.11057379,0.081
0.1056527,0.0811
0.100718493,0.0812
0.095808684,0.0813
0.090957685,0.0814
0.086198199,0.0815
0.081562156,0.0816
0.077080669,0.0817
0.072782846,0.0818
0.068694291,0.0819
0.064835865,0.082
0.061046268,0.0821
0.057338909,0.0822
0.053849081,0.0823
0.05059012,0.0824
0.047563197,0.0825
0.044768565,0.0826
0.041560012,0.0827
0.038545448,0.0828
0.035837455,0.0829
0.03293193,0.083
0.030149401,0.0831
0.027805415,0.0832
0.025318705,0.0833
0.023139575,0.0834
0.021518679,0.0835
0.020029259,0.0836
0.018725982,0.0837
0.018032602,0.0838
0.01805275,0.0839
0.017939168,0.084
0.018225912,0.0841
0.019239591,0.0842
0.020776633,0.0843
0.022139609,0.0844
0.024136271,0.0845
0.026905414,0.0846
0.029468862,0.0847
0.032611136,0.0848
0.036386289,0.0849
0.040586898,0.085
0.044291416,0.0851
0.048492133,0.0852
0.053165662,0.0853
0.058232925,0.0854
0.063558795,0.0855
0.069007067,0.0856
0.074437029,0.0857
0.07979072,0.0858
0.085012343,0.0859
0.090033811,0.086
0.094796448,0.0861
0.09924886,0.0862
0.103347072,0.0863
0.10705641,0.0864
0.110341331,0.0865
0.113171749,0.0866
0.115531569,0.0867
0.117416868,0.0868
0.11883435,0.0869
0.119797168,0.087
0.120320416,0.0871
0.120422466,0.0872
0.120120749,0.0873
0.119431853,0.0874
0.118376435,0.0875
0.116976027,0.0876
0.115245191,0.0877
0.113192163,0.0878
0.110820121,0.0879
0.108086849,0.088
0.104643612,0.0881
0.099865376,0.0882
0.094290396,0.0883
0.088575971,0.0884
0.082870578,0.0885
0.07719601,0.0886
0.071561482,0.0887
0.065981418,0.0888
0.060482259,0.0889
0.055102244,0.089
0.049886224,0.0891
0.044881379,0.0892
0.040039549,0.0893
0.035429292,0.0894
0.031150763,0.0895
0.027258378,0.0896
0.023796661,0.0897
0.020802869,0.0898
0.018303744,0.0899
0.016322402,0.09
0.014877313,0.0901
0.013105194,0.0902
0.011740663,0.0903
0.011033682,0.0904
0.01079737,0.0905
0.010050155,0.0906
0.009824448,0.0907
0.00985698,0.0908
0.01019297,0.0909
0.011393012,0.091
0.013569023,0.0911
0.015491283,0.0912
0.017879384,0.0913
0.021117711,0.0914
0.024910739,0.0915
0.028685259,0.0916
0.033143801,0.0917
0.03832833,0.0918
0.04404346,0.0919
0.049835243,0.092
0.055374004,0.0921
0.061361777,0.0922
0.067711883,0.0923
0.074304954,0.0924
0.080980407,0.0925
0.087666361,0.0926
0.094291432,0.0927
0.100783864,0.0928
0.107078662,0.0929
0.11311903,0.093
0.118853788,0.0931
0.124243197,0.0932
0.129254099,0.0933
0.133856328,0.0934
0.138021995,0.0935
0.14173411,0.0936
0.144983403,0.0937
0.147768241,0.0938
0.150089435,0.0939
0.151949223,0.094
0.153352416,0.0941
0.154303939,0.0942
0.154807793,0.0943
0.154817488,0.0944
0.151489444,0.0945
0.147771288,0.0946
0.143777763,0.0947
0.139547643,0.0948
0.135091949,0.0949
0.13043391,0.095
0.125600533,0.0951
0.120629168,0.0952
0.115562333,0.0953
0.110435806,0.0954
0.105185448,0.0955
0.099948254,0.0956
0.094765744,0.0957
0.089674156,0.0958
0.084707508,0.0959
0.079900192,0.096
0.075285449,0.0961
0.070893621,0.0962
0.066749023,0.0963
0.062868951,0.0964
0.05926373,0.0965
0.055936203,0.0966
0.052442553,0.0967
0.049100163,0.0968
0.045996202,0.0969
0.043151246,0.097
0.040195866,0.0971
0.037101456,0.0972
0.034323766,0.0973
0.031452482,0.0974
0.028647996,0.0975
0.026331041,0.0976
0.023803524,0.0977
0.021703381,0.0978
0.020221801,0.0979
0.018691845,0.098
0.017546708,0.0981
0.017089225,0.0982
0.017242161,0.0983
0.017220913,0.0984
0.017799124,0.0985
0.019185072,0.0986
0.02073319,0.0987
0.0224557,0.0988
0.024919198,0.0989
0.027888939,0.099
0.030873229,0.0991
0.03454353,0.0992
0.038853683,0.0993
0.043280317,0.0994
0.04746636,0.0995
0.052169805,0.0996
0.057324361,0.0997
0.062835556,0.0998
0.068532442,0.0999
0.074275529,0.1
0.079983838,0.1001
0.085595053,0.1002
0.091029975,0.1003
0.096224444,0.1004
0.101116853,0.1005
0.105655473,0.1006
0.109789199,0.1007
0.113473751,0.1008
0.116679476,0.1009
0.119390192,0.101
0.121601776,0.1011
0.1233191,0.1012
0.124551452,0.1013
0.12531404,0.1014
0.125623267,0.1015
0.125495736,0.1016
0.12494706,0.1017
0.123992156,0.1018
0.122650433,0.1019
0.120942682,0.102
0.118882773,0.1021
0.116478211,0.1022
0.113731433,0.1023
0.109046534,0.1024
0.103207075,0.1025
0.097268917,0.1026
0.091322735,0.1027
0.08539444,0.1028
0.079494196,0.1029
0.073635389,0.103
0.067842561,0.1031
0.062064431,0.1032
0.056363111,0.1033
0.050831332,0.1034
0.045521301,0.1035
0.040481535,0.1036
0.035761,0.1037
0.031408921,0.1038
0.02747268,0.1039
0.023993858,0.104
0.020840287,0.1041
0.017783619,0.1042
0.015197627,0.1043
0.013224985,0.1044
0.011853243,0.1045
0.010562088,0.1046
0.008947114,0.1047
0.007879441,0.1048
0.006485699,0.1049
0.005795399,0.105
0.005821586,0.1051
0.005819031,0.1052
0.006511698,0.1053
0.008019138,0.1054
0.009385475,0.1055
0.011567278,0.1056
0.014865043,0.1057
0.018134216,0.1058
0.02181038,0.1059
0.026393461,0.106
0.031841531,0.1061
0.037620092,0.1062
0.043005497,0.1063
0.048940036,0.1064
0.055457435,0.1065
0.062377759,0.1066
0.069550976,0.1067
0.076810653,0.1068
0.084076486,0.1069
0.091273859,0.107
0.098325416,0.1071
0.105159674,0.1072
0.111714896,0.1073
0.117938385,0.1074
0.123790502,0.1075
0.129233335,0.1076
0.13423413,0.1077
0.13877034,0.1078
0.14282939,0.1079
0.146407019,0.108
0.149503842,0.1081
0.152121869,0.1082
0.154266067,0.1083
0.155940699,0.1084
0.157149325,0.1085
0.157894833,0.1086
0.1581801,0.1087
0.155402836,0.1088
0.151691946,0.1089
0.147669911,0.109
0.143392292,0.1091
0.138876875,0.1092
0.134146258,0.1093
0.129227226,0.1094
0.124155434,0.1095
0.11897292,0.1096
0.113725489,0.1097
0.108458552,0.1098
0.103215472,0.1099
0.098036414,0.11
0.092809269,0.1101
0.087673538,0.1102
0.082697635,0.1103
0.077918956,0.1104
0.073366726,0.1105
0.06906469,0.1106
0.06503078,0.1107
0.061275784,0.1108
0.057802368,0.1109
0.054605929,0.111
0.051353979,0.1111
0.048040926,0.1112
0.044955098,0.1113
0.042143973,0.1114
0.039057427,0.1115
0.036006512,0.1116
0.0333404,0.1117
0.030301775,0.1118
0.027660065,0.1119
0.025338164,0.112
0.022985312,0.1121
0.021170311,0.1122
0.019871859,0.1123
0.01843858,0.1124
0.017569414,0.1125
0.017443822,0.1126
0.017481396,0.1127
0.017710553,0.1128
0.018666101,0.1129
0.02036637,0.113
0.021833547,0.1131
0.023947923,0.1132
0.026884553,0.1133
0.029918459,0.1134
0.033312834,0.1135
0.037365001,0.1136
0.041963604,0.1137
0.046146507,0.1138
0.050745659,0.1139
0.055833852,0.114
0.061337781,0.1141
0.067089806,0.1142
0.072950359,0.1143
0.078828212,0.1144
0.084651551,0.1145
0.090335243,0.1146
0.095807999,0.1147
0.101000913,0.1148
0.10585582,0.1149
0.110321789,0.115
0.114350359,0.1151
0.117898573,0.1152
0.120940896,0.1153
0.123464893,0.1154
0.125471579,0.1155
0.126969697,0.1156
0.12797217,0.1157
0.128496236,0.1158
0.128559621,0.1159
0.128178791,0.116
0.127368823,0.1161
0.126143427,0.1162
0.124520946,0.1163
0.122521255,0.1164
0.120157968,0.1165
0.117171799,0.1166
0.111491578,0.1167
0.105614168,0.1168
0.099678879,0.1169
0.093697492,0.117
0.087630741,0.1171
0.081568431,0.1172
0.075533605,0.1173
0.069559757,0.1174
0.063688084,0.1175
0.057964288,0.1176
0.052433652,0.1177
0.047077288,0.1178
0.041836411,0.1179
0.036902592,0.118
0.032337249,0.1181
0.028184433,0.1182
0.02448097,0.1183
0.021260321,0.1184
0.018543479,0.1185
0.016063595,0.1186
0.013532341,0.1187
0.011494298,0.1188
0.010087752,0.1189
0.008523669,0.119
0.00682816,0.1191
0.005673838,0.1192
0.005627795,0.1193
0.005704114,0.1194
0.005680187,0.1195
0.005759436,0.1196
0.005816834,0.1197
0.006142411,0.1198
0.007547259,0.1199
0.009907853,0.12
0.012585335,0.1201
0.016115478,0.1202
0.020673585,0.1203
0.026082024,0.1204
0.0314424,0.1205
0.036751291,0.1206
0.042755222,0.1207
0.0494541,0.1208
0.056629237,0.1209
0.064137801,0.121
0.071788552,0.1211
0.079430908,0.1212
0.086989977,0.1213
0.094409789,0.1214
0.10161641,0.1215
0.108554001,0.1216
0.115170142,0.1217
0.121420673,0.1218
0.127258929,0.1219
0.132640438,0.122
0.137532515,0.1221
0.141917342,0.1222
0.145792432,0.1223
0.149166248,0.1224
0.152050988,0.1225
0.154460446,0.1226
0.156403813,0.1227
0.157885628,0.1228
0.158907243,0.1229
0.159469127,0.123
0.158150914,0.1231
0.154587987,0.1232
0.1506469,0.1233
0.146417886,0.1234
0.141935883,0.1235
0.137223901,0.1236
0.132310781,0.1237
0.127228744,0.1238
0.122016617,0.1239
0.116718062,0.124
0.111380119,0.1241
0.106050814,0.1242
0.100777034,0.1243
0.095602345,0.1244
0.090539989,0.1245
0.08547409,0.1246
0.080591983,0.1247
0.075929939,0.1248
0.071511699,0.1249
0.067353246,0.125
0.063466292,0.1251
0.0598575,0.1252
0.05652913,0.1253
0.053478468,0.1254
0.050290828,0.1255
0.047078605,0.1256
0.04411587,0.1257
0.041452557,0.1258
0.038258259,0.1259
0.035367464,0.126
0.032633451,0.1261
0.029762784,0.1262
0.027374883,0.1263
0.024929105,0.1264
0.022794447,0.1265
0.021262915,0.1266
0.019764301,0.1267
0.018583251,0.1268
0.018075531,0.1269
0.018222307,0.127
0.018175774,0.1271
0.01872891,0.1272
0.020093881,0.1273
0.021708971,0.1274
0.023458626,0.1275
0.025953434,0.1276
0.029085061,0.1277
0.03214938,0.1278
0.035902365,0.1279
0.040308705,0.128
0.045010879,0.1281
0.049333439,0.1282
0.054169156,0.1283
0.059463131,0.1284
0.065124887,0.1285
0.070980816,0.1286
0.076889926,0.1287
0.082770152,0.1288
0.088557291,0.1289
0.094168709,0.129
0.099536882,0.1291
0.104596504,0.1292
0.109292404,0.1293
0.11357015,0.1294
0.117382584,0.1295
0.120697888,0.1296
0.123498438,0.1297
0.125779239,0.1298
0.127544681,0.1299
0.128803738,0.13
0.12957144,0.1301
0.129863958,0.1302
0.12969758,0.1303
0.129087475,0.1304
0.12804734,0.1305
0.126589933,0.1306
0.124732379,0.1307
0.122493631,0.1308
0.119647544,0.1309
0.113982653,0.131
0.108099855,0.1311
0.102140433,0.1312
0.096156702,0.1313
0.090162471,0.1314
0.084114576,0.1315
0.077989244,0.1316
0.071905686,0.1317
0.065912279,0.1318
0.060057246,0.1319
0.05438669,0.132
0.04894687,0.1321
0.043784306,0.1322
0.038823234,0.1323
0.034065966,0.1324
0.029684487,0.1325
0.025731505,0.1326
0.022242411,0.1327
0.01923943,0.1328
0.016742443,0.1329
0.014254285,0.133
0.011823724,0.1331
0.009926698,0.1332
0.008454278,0.1333
0.006443686,0.1334
0.005652625,0.1335
0.00560673,0.1336
0.00563827,0.1337
0.005655642,0.1338
0.0057925,0.1339
0.006303608,0.134
0.006476582,0.1341
0.007178632,0.1342
0.008564834,0.1343
0.010868868,0.1344
0.014204253,0.1345
0.018537231,0.1346
0.023724148,0.1347
0.028963319,0.1348
0.034436472,0.1349
0.040189796,0.135
0.046614243,0.1351
0.053635562,0.1352
0.061020361,0.1353
0.068608634,0.1354
0.076216392,0.1355
0.083771218,0.1356
0.091205639,0.1357
0.098453803,0.1358
0.105458795,0.1359
0.112173656,0.136
0.118552117,0.1361
0.124546347,0.1362
0.130105001,0.1363
0.135188859,0.1364
0.139771278,0.1365
0.143843227,0.1366
0.147407541,0.1367
0.150474499,0.1368
0.153058141,0.1369
0.155170909,0.137
0.156821236,0.1371
0.15801443,0.1372
0.158753277,0.1373
0.159039852,0.1374
0.15601795,0.1375
0.152218721,0.1376
0.148102708,0.1377
0.143723322,0.1378
0.139100312,0.1379
0.134260058,0.138
0.129230836,0.1381
0.124049082,0.1382
0.118757655,0.1383
0.113404773,0.1384
0.108040274,0.1385
0.102713543,0.1386
0.097470822,0.1387
0.092348496,0.1388
0.08720089,0.1389
0.082230741,0.139
0.077477468,0.1391
0.072966426,0.1392
0.06871323,0.1393
0.064729965,0.1394
0.061025368,0.1395
0.05760503,0.1396
0.054470258,0.1397
0.051456586,0.1398
0.048210426,0.1399
0.045196991,0.14
0.042477549,0.1401
0.039606846,0.1402
0.036665091,0.1403
0.034107033,0.1404
0.031243392,0.1405
0.028711461,0.1406
0.026518894,0.1407
0.024252408,0.1408
0.022515093,0.1409
0.021250957,0.141
0.019899468,0.1411
0.019120779,0.1412
0.019076443,0.1413
0.019204896,0.1414
0.019526489,0.1415
0.020557768,0.1416
0.022370148,0.1417
0.023871,0.1418
0.026018762,0.1419
0.028983119,0.142
0.032106404,0.1421
0.035557008,0.1422
0.03963541,0.1423
0.044240231,0.1424
0.048566698,0.1425
0.053169308,0.1426
0.058239582,0.1427
0.063717138,0.1428
0.06943841,0.1429
0.075262717,0.143
0.081102118,0.1431
0.086885687,0.1432
0.092528095,0.1433
0.097958354,0.1434
0.103108049,0.1435
0.107918434,0.1436
0.112331761,0.1437
0.116297487,0.1438
0.119780122,0.1439
0.122758193,0.144
0.125222853,0.1441
0.12717475,0.1442
0.12861961,0.1443
0.129569699,0.1444
0.130039204,0.1445
0.130043143,0.1446
0.12959603,0.1447
0.128711319,0.1448
0.127401188,0.1449
0.125677283,0.145
0.123555758,0.1451
0.121055059,0.1452
0.115892479,0.1453
0.110044887,0.1454
0.104090435,0.1455
0.098099554,0.1456
0.092090913,0.1457
0.086082074,0.1458
0.079976978,0.1459
0.073850101,0.146
0.067795711,0.1461
0.061865848,0.1462
0.056108588,0.1463
0.050570169,0.1464
0.045295935,0.1465
0.040332098,0.1466
0.035493246,0.1467
0.030958028,0.1468
0.026833497,0.1469
0.023164943,0.147
0.019975599,0.1471
0.01728584,0.1472
0.014954282,0.1473
0.012338983,0.1474
0.010168199,0.1475
0.0086411,0.1476
0.00656664,0.1477
0.005661464,0.1478
0.005600825,0.1479
0.005624011,0.148
0.005695684,0.1481
0.005863983,0.1482
0.006046524,0.1483
0.006177731,0.1484
0.006429552,0.1485
0.007515462,0.1486
0.009631312,0.1487
0.012787155,0.1488
0.016918387,0.1489
0.021909058,0.149
0.026849522,0.1491
0.032163257,0.1492
0.037797931,0.1493
0.044138007,0.1494
0.051102982,0.1495
0.05845437,0.1496
0.066032284,0.1497
0.07365122,0.1498
0.081234923,0.1499
0.088712383,0.15
0.096017788,0.1501
0.103094,0.1502
0.109894981,0.1503
0.116375279,0.1504
0.122492589,0.1505
0.128195022,0.1506
0.133432491,0.1507
0.138168833,0.1508
0.142387333,0.1509
0.146089082,0.151
0.149286679,0.1511
0.151995093,0.1512
0.154229883,0.1513
0.156001579,0.1514
0.157316504,0.1515
0.158178058,0.1516
0.158588691,0.1517
0.156880238,0.1518
0.153219586,0.1519
0.149198064,0.152
0.144899254,0.1521
0.14035507,0.1522
0.135587985,0.1523
0.130624978,0.1524
0.125497445,0.1525
0.120244296,0.1526
0.114910798,0.1527
0.109546625,0.1528
0.104202891,0.1529
0.098929147,0.153
0.093761183,0.1531
0.088568386,0.1532
0.083545369,0.1533
0.078730874,0.1534
0.074150468,0.1535
0.069821771,0.1536
0.065759968,0.1537
0.061977136,0.1538
0.058481909,0.1539
0.055278313,0.154
0.05234511,0.1541
0.049070316,0.1542
0.046019111,0.1543
0.0432566,0.1544
0.040593636,0.1545
0.037618012,0.1546
0.034983713,0.1547
0.032333903,0.1548
0.029714504,0.1549
0.027600813,0.155
0.025264142,0.1551
0.023375601,0.1552
0.022111458,0.1553
0.02073096,0.1554
0.019796195,0.1555
0.019558418,0.1556
0.019883997,0.1557
0.0201016,0.1558
0.02092479,0.1559
0.022531578,0.156
0.0243547,0.1561
0.026317835,0.1562
0.028998554,0.1563
0.032296886,0.1564
0.035513908,0.1565
0.039320987,0.1566
0.043676422,0.1567
0.048161342,0.1568
0.05258811,0.1569
0.057466622,0.157
0.062771861,0.1571
0.068356089,0.1572
0.074079205,0.1573
0.079851363,0.1574
0.085596561,0.1575
0.091227908,0.1576
0.096671965,0.1577
0.101858653,0.1578
0.106728049,0.1579
0.111227643,0.158
0.11530695,0.1581
0.118920594,0.1582
0.122039459,0.1583
0.124647111,0.1584
0.126740194,0.1585
0.128323273,0.1586
0.129405534,0.1587
0.130001122,0.1588
0.130125369,0.1589
0.129793144,0.159
0.129018577,0.1591
0.127814391,0.1592
0.126193044,0.1593
0.124171454,0.1594
0.121768756,0.1595
0.117359305,0.1596
0.1115661,0.1597
0.105629054,0.1598
0.099641641,0.1599
0.093632847,0.16
0.08761824,0.1601
0.081558708,0.1602
0.075416729,0.1603
0.069331765,0.1604
0.063357284,0.1605
0.057543404,0.1606
0.051937133,0.1607
0.046584434,0.1608
0.041531276,0.1609
0.036692101,0.161
0.032062443,0.1611
0.02782557,0.1612
0.024034341,0.1613
0.020714734,0.1614
0.017886123,0.1615
0.015568927,0.1616
0.012924619,0.1617
0.010582835,0.1618
0.008843682,0.1619
0.006935408,0.162
0.005687744,0.1621
0.005591532,0.1622
0.0055947,0.1623
0.005682196,0.1624
0.005773093,0.1625
0.005812728,0.1626
0.006446226,0.1627
0.007121586,0.1628
0.007913706,0.1629
0.00944309,0.163
0.012001178,0.1631
0.015533217,0.1632
0.020022521,0.1633
0.025246126,0.1634
0.030135762,0.1635
0.035336447,0.1636
0.041289912,0.1637
0.047948984,0.1638
0.055073782,0.1639
0.062530605,0.164
0.070122639,0.1641
0.077703522,0.1642
0.085199258,0.1643
0.092560907,0.1644
0.09972189,0.1645
0.10663477,0.1646
0.113249799,0.1647
0.119520006,0.1648
0.125389789,0.1649
0.130804904,0.165
0.135725029,0.1651
0.140129318,0.1652
0.144015286,0.1653
0.147392852,0.1654
0.150275455,0.1655
0.15267866,0.1656
0.154614706,0.1657
0.15609288,0.1658
0.157119682,0.1659
0.157699663,0.166
0.157803074,0.1661
0.154291802,0.1662
0.150366625,0.1663
0.146150369,0.1664
0.141688991,0.1665
0.136998355,0.1666
0.132103951,0.1667
0.127031656,0.1668
0.12181702,0.1669
0.116502959,0.167
0.111139131,0.1671
0.105777515,0.1672
0.100469708,0.1673
0.095242156,0.1674
0.089996155,0.1675
0.084910409,0.1676
0.08002655,0.1677
0.075374195,0.1678
0.070973567,0.1679
0.066839872,0.168
0.062985301,0.1681
0.059419777,0.1682
0.056149387,0.1683
0.053174796,0.1684
0.050045025,0.1685
0.046970049,0.1686
0.044163344,0.1687
0.041664415,0.1688
0.03872401,0.1689
0.036003704,0.169
0.033554609,0.1691
0.030831166,0.1692
0.028565136,0.1693
0.026390539,0.1694
0.024376111,0.1695
0.022929192,0.1696
0.021689271,0.1697
0.020603731,0.1698
0.020139714,0.1699
0.020408074,0.17
0.020587258,0.1701
0.021177165,0.1702
0.022507331,0.1703
0.024444358,0.1704
0.026193363,0.1705
0.028596931,0.1706
0.031779935,0.1707
0.034970368,0.1708
0.038595425,0.1709
0.042818952,0.171
0.047517659,0.1711
0.051844459,0.1712
0.056484899,0.1713
0.061556766,0.1714
0.066994399,0.1715
0.072632736,0.1716
0.078334107,0.1717
0.084019245,0.1718
0.089624757,0.1719
0.095069068,0.172
0.100285504,0.1721
0.105209325,0.1722
0.10978554,0.1723
0.113959848,0.1724
0.117684824,0.1725
0.120927637,0.1726
0.123669143,0.1727
0.125902381,0.1728
0.127629432,0.1729
0.128856932,0.173
0.129597608,0.1731
0.12986562,0.1732
0.129675621,0.1733
0.12904155,0.1734
0.12797625,0.1735
0.126491925,0.1736
0.124605329,0.1737
0.1223352,0.1738
0.1190633,0.1739
0.113358846,0.174
0.107454702,0.1741
0.101479794,0.1742
0.095480444,0.1743
0.089471041,0.1744
0.083440117,0.1745
0.077298348,0.1746
0.071199077,0.1747
0.065193414,0.1748
0.059330815,0.1749
0.053657792,0.175
0.048220815,0.1751
0.043066418,0.1752
0.038159598,0.1753
0.033420766,0.1754
0.029059349,0.1755
0.025129047,0.1756
0.021664099,0.1757
0.018685375,0.1758
0.016212803,0.1759
0.013683161,0.176
0.011246618,0.1761
0.009361573,0.1762
0.007761503,0.1763
0.005833134,0.1764
0.00558408,0.1765
0.005615337,0.1766
0.005653847,0.1767
0.005716201,0.1768
0.005956889,0.1769
0.006222829,0.177
0.006083714,0.1771
0.006671445,0.1772
0.008168654,0.1773
0.010717508,0.1774
0.01427229,0.1775
0.01876146,0.1776
0.023653765,0.1777
0.028507909,0.1778
0.033719028,0.1779
0.039708463,0.178
0.046408545,0.1781
0.053574052,0.1782
0.061069143,0.1783
0.068698824,0.1784
0.076317464,0.1785
0.083851214,0.1786
0.091249933,0.1787
0.098446278,0.1788
0.105393603,0.1789
0.112045363,0.179
0.118359056,0.1791
0.124282957,0.1792
0.129763854,0.1793
0.134758955,0.1794
0.139242796,0.1795
0.143208715,0.1796
0.146664957,0.1797
0.149625992,0.1798
0.152109541,0.1799
0.15412913,0.18
0.155693519,0.1801
0.15680741,0.1802
0.157473712,0.1803
0.157694836,0.1804
0.154973615,0.1805
0.151145969,0.1806
0.146998237,0.1807
0.142595617,0.1808
0.137962209,0.1809
0.133121587,0.181
0.128098502,0.1811
0.122924992,0.1812
0.117641468,0.1813
0.112295947,0.1814
0.106940107,0.1815
0.101625859,0.1816
0.096397746,0.1817
0.091129995,0.1818
0.086012633,0.1819
0.081087446,0.182
0.076384611,0.1821
0.071925831,0.1822
0.067728377,0.1823
0.063806299,0.1824
0.060171184,0.1825
0.056830682,0.1826
0.053787247,0.1827
0.050698381,0.1828
0.047575588,0.1829
0.044712031,0.183
0.04215216,0.1831
0.03931426,0.1832
0.036535136,0.1833
0.034152513,0.1834
0.031377327,0.1835
0.029010962,0.1836
0.026948061,0.1837
0.024847866,0.1838
0.023278737,0.1839
0.022171464,0.184
0.020979273,0.1841
0.020356579,0.1842
0.020456442,0.1843
0.020790989,0.1844
0.021262119,0.1845
0.022414914,0.1846
0.024361987,0.1847
0.026081724,0.1848
0.028325449,0.1849
0.031333929,0.185
0.034662906,0.1851
0.038147506,0.1852
0.042208828,0.1853
0.046763528,0.1854
0.051201755,0.1855
0.055740311,0.1856
0.060707996,0.1857
0.066059577,0.1858
0.071638448,0.1859
0.077306053,0.186
0.082980613,0.1861
0.088594671,0.1862
0.094065111,0.1863
0.099323133,0.1864
0.104302335,0.1865
0.108945714,0.1866
0.113197273,0.1867
0.117007875,0.1868
0.120343024,0.1869
0.123181838,0.187
0.125515692,0.1871
0.127345033,0.1872
0.128675116,0.1873
0.129517484,0.1874
0.129885478,0.1875
0.129793221,0.1876
0.129254386,0.1877
0.128281696,0.1878
0.126887381,0.1879
0.125088404,0.188
0.122903769,0.1881
0.120327885,0.1882
0.114664454,0.1883
0.108769535,0.1884
0.102793074,0.1885
0.096791027,0.1886
0.090776369,0.1887
0.084768243,0.1888
0.078618843,0.1889
0.072500603,0.189
0.066464758,0.1891
0.060561263,0.1892
0.054837008,0.1893
0.049339473,0.1894
0.044115792,0.1895
0.0391946,0.1896
0.03437903,0.1897
0.029928308,0.1898
0.025901616,0.1899
0.022335883,0.19
0.019251285,0.1901
0.016668253,0.1902
0.014245631,0.1903
0.011711267,0.1904
0.009670837,0.1905
0.008144278,0.1906
0.00601243,0.1907
0.005614208,0.1908
0.00559941,0.1909
0.005663962,0.191
0.005688458,0.1911
0.005924468,0.1912
0.006079406,0.1913
0.005860023,0.1914
0.006378143,0.1915
0.007716048,0.1916
0.010072939,0.1917
0.013455263,0.1918
0.017775191,0.1919
0.022590096,0.192
0.027642444,0.1921
0.033120622,0.1922
0.038896443,0.1923
0.04533798,0.1924
0.052362865,0.1925
0.0597371,0.1926
0.067301661,0.1927
0.074874164,0.1928
0.08238526,0.1929
0.089771126,0.193
0.096970165,0.1931
0.103930684,0.1932
0.110609823,0.1933
0.116962815,0.1934
0.122939861,0.1935
0.128485156,0.1936
0.133554545,0.1937
0.138118214,0.1938
0.142166919,0.1939
0.145705989,0.194
0.148749387,0.1941
0.151314375,0.1942
0.153415207,0.1943
0.155060835,0.1944
0.156256562,0.1945
0.157005394,0.1946
0.15731001,0.1947
0.155499113,0.1948
0.151770256,0.1949
0.147689145,0.195
0.143340119,0.1951
0.138755216,0.1952
0.133956499,0.1953
0.128970259,0.1954
0.123827535,0.1955
0.118567369,0.1956
0.11323553,0.1957
0.107882229,0.1958
0.102558803,0.1959
0.09730017,0.196
0.092004132,0.1961
0.086850745,0.1962
0.081882225,0.1963
0.077129288,0.1964
0.072614466,0.1965
0.068356845,0.1966
0.06437302,0.1967
0.060676934,0.1968
0.057278153,0.1969
0.054180721,0.197
0.051113095,0.1971
0.047964159,0.1972
0.045070388,0.1973
0.042476978,0.1974
0.039756312,0.1975
0.03695166,0.1976
0.034515636,0.1977
0.031875569,0.1978
0.029444093,0.1979
0.027449192,0.198
0.025261271,0.1981
0.023582271,0.1982
0.022511919,0.1983
0.02124081,0.1984
0.020511363,0.1985
0.020495582,0.1986
0.0209365,0.1987
0.021321394,0.1988
0.022343322,0.1989
0.024152546,0.199
0.026063366,0.1991
0.028222443,0.1992
0.031083902,0.1993
0.034530889,0.1994
0.037875428,0.1995
0.041782442,0.1996
0.046199839,0.1997
0.050707038,0.1998
0.055156434,0.1999
0.060031167,0.2
0.06530218,0.2001
0.070820297,0.2002
0.076447246,0.2003
0.082099776,0.2004
0.087707566,0.2005
0.093186597,0.2006
0.098466707,0.2007
0.103480598,0.2008
0.108171145,0.2009
0.112488466,0.201
0.116384552,0.2011
0.119816231,0.2012
0.122756361,0.2013
0.125190208,0.2014
0.127115776,0.2015
0.128538458,0.2016
0.129467772,0.2017
0.12991772,0.2018
0.129903164,0.2019
0.12943831,0.202
0.128536598,0.2021
0.127210739,0.2022
0.125478481,0.2023
0.123359419,0.2024
0.12086703,0.2025
0.115682361,0.2026
0.109828399,0.2027
0.103869096,0.2028
0.097875222,0.2029
0.091866112,0.203
0.085859394,0.2031
0.079741808,0.2032
0.073618546,0.2033
0.067567743,0.2034
0.061641039,0.2035
0.055886848,0.2036
0.050351995,0.2037
0.045082152,0.2038
0.040123721,0.2039
0.03527136,0.204
0.030740204,0.2041
0.026622468,0.2042
0.022961701,0.2043
0.019780232,0.2044
0.017098373,0.2045
0.014724367,0.2046
0.012111421,0.2047
0.009954527,0.2048
0.008445436,0.2049
0.006290088,0.205
0.005630633,0.2051
0.005576605,0.2052
0.005676547,0.2053
0.005682039,0.2054
0.005915138,0.2055
0.006115924,0.2056
0.006193437,0.2057
0.006456563,0.2058
0.007499033,0.2059
0.009601942,0.206
0.012738009,0.2061
0.016860526,0.2062
0.021757532,0.2063
0.026634512,0.2064
0.031934315,0.2065
0.037552473,0.2066
0.043870354,0.2067
0.050805737,0.2068
0.058121067,0.2069
0.065655731,0.207
0.073224706,0.2071
0.08075262,0.2072
0.088170349,0.2073
0.09541375,0.2074
0.102428024,0.2075
0.109168672,0.2076
0.11559099,0.2077
0.121652082,0.2078
0.127298887,0.2079
0.132480105,0.208
0.137159156,0.2081
0.141319596,0.2082
0.144963346,0.2083
0.148103903,0.2084
0.150757098,0.2085
0.152939292,0.2086
0.154661962,0.2087
0.155932473,0.2088
0.156755297,0.2089
0.157133708,0.209
0.156067822,0.2091
0.152415755,0.2092
0.148388027,0.2093
0.144084649,0.2094
0.139543605,0.2095
0.13478451,0.2096
0.129833103,0.2097
0.124717943,0.2098
0.119476308,0.2099
0.114152618,0.21
0.108796893,0.2101
0.10346101,0.2102
0.098192791,0.2103
0.092871522,0.2104
0.087685324,0.2105
0.082677047,0.2106
0.077878799,0.2107
0.073314841,0.2108
0.069005972,0.2109
0.064969889,0.211
0.061221098,0.2111
0.057769583,0.2112
0.054620081,0.2113
0.051600347,0.2114
0.048415231,0.2115
0.045476524,0.2116
0.042834693,0.2117
0.040211508,0.2118
0.037360293,0.2119
0.034855574,0.212
0.032295387,0.2121
0.029794911,0.2122
0.027800266,0.2123
0.025586945,0.2124
0.023821974,0.2125
0.022677255,0.2126
0.021490599,0.2127
0.020670734,0.2128
0.020525168,0.2129
0.021016087,0.213
0.021291998,0.2131
0.022171514,0.2132
0.023837884,0.2133
0.025817722,0.2134
0.027873899,0.2135
0.030606333,0.2136
0.034086888,0.2137
0.037341132,0.2138
0.041131381,0.2139
0.045445358,0.214
0.050021454,0.2141
0.054399699,0.2142
0.059202473,0.2143
0.064415259,0.2144
0.069895552,0.2145
0.075504994,0.2146
0.081158433,0.2147
0.086782577,0.2148
0.092292283,0.2149
0.097615761,0.215
0.102684377,0.2151
0.10743934,0.2152
0.111829109,0.2153
0.115803971,0.2154
0.119319159,0.2155
0.122345908,0.2156
0.124868103,0.2157
0.126882614,0.2158
0.12839403,0.2159
0.129411288,0.216
0.129947943,0.2161
0.13001849,0.2162
0.129636876,0.2163
0.128816374,0.2164
0.127569028,0.2165
0.125906796,0.2166
0.123846192,0.2167
0.121406072,0.2168
0.116821278,0.2169
0.111008199,0.217
0.105061744,0.2171
0.099070312,0.2172
0.093060356,0.2173
0.087047485,0.2174
0.080952583,0.2175
0.074815925,0.2176
0.068741822,0.2177
0.062782066,0.2178
0.056985735,0.2179
0.051399842,0.218
0.046070421,0.2181
0.041043881,0.2182
0.036170971,0.2183
0.03157035,0.2184
0.027373924,0.2185
0.023629407,0.2186
0.020360352,0.2187
0.017586119,0.2188
0.015298864,0.2189
0.012604308,0.219
0.010319238,0.2191
0.008666988,0.2192
0.006699979,0.2193
0.00566566,0.2194
0.0055952,0.2195
0.005618491,0.2196
0.005686523,0.2197
0.005837841,0.2198
0.005941189,0.2199
0.005880986,0.22
0.00601359,0.2201
0.006912038,0.2202
0.008818133,0.2203
0.011766672,0.2204
0.01570425,0.2205
0.020521532,0.2206
0.025340883,0.2207
0.030485244,0.2208
0.035977486,0.2209
0.042205919,0.221
0.049087249,0.2211
0.056377655,0.2212
0.063914417,0.2213
0.071509343,0.2214
0.079081205,0.2215
0.086556101,0.2216
0.0938676,0.2217
0.100958188,0.2218
0.107781829,0.2219
0.114292825,0.222
0.120447828,0.2221
0.126193057,0.2222
0.131475942,0.2223
0.136257965,0.2224
0.140520809,0.2225
0.144265229,0.2226
0.147504709,0.2227
0.150255774,0.2228
0.152535544,0.2229
0.15435572,0.223
0.155723316,0.2231
0.156642127,0.2232
0.157114869,0.2233
0.156801992,0.2234
0.153223595,0.2235
0.149243008,0.2236
0.14497754,0.2237
0.140472445,0.2238
0.135745736,0.2239
0.130822912,0.224
0.125730158,0.2241
0.12050307,0.2242
0.115184803,0.2243
0.109825096,0.2244
0.104475935,0.2245
0.099188557,0.2246
0.093876526,0.2247
0.088658374,0.2248
0.083609772,0.2249
0.078765814,0.225
0.074153179,0.2251
0.069792949,0.2252
0.065701848,0.2253
0.061894289,0.2254
0.058381867,0.2255
0.055171459,0.2256
0.052215223,0.2257
0.048984482,0.2258
0.045989046,0.2259
0.043285503,0.226
0.040760368,0.2261
0.037845586,0.2262
0.0352522,0.2263
0.032758012,0.2264
0.030167689,0.2265
0.028059998,0.2266
0.025895981,0.2267
0.024035372,0.2268
0.022769219,0.2269
0.021622645,0.227
0.020700202,0.2271
0.020419328,0.2272
0.02087505,0.2273
0.021144985,0.2274
0.021908794,0.2275
0.023425681,0.2276
0.025491265,0.2277
0.027412731,0.2278
0.029986905,0.2279
0.033321091,0.228
0.036626721,0.2281
0.040315649,0.2282
0.044527678,0.2283
0.049156963,0.2284
0.053468096,0.2285
0.058205717,0.2286
0.063368925,0.2287
0.06882156,0.2288
0.074424733,0.2289
0.080090912,0.229
0.085743818,0.2291
0.091297361,0.2292
0.096678239,0.2293
0.101816471,0.2294
0.106651477,0.2295
0.111129889,0.2296
0.11520016,0.2297
0.118815797,0.2298
0.121946179,0.2299
0.124573398,0.23
0.126692614,0.2301
0.128307037,0.2302
0.129424642,0.2303
0.130058476,0.2304
0.130222919,0.2305
0.12993209,0.2306
0.129199539,0.2307
0.12803759,0.2308
0.126458408,0.2309
0.124478732,0.231
0.122117559,0.2311
0.118065415,0.2312
0.112291243,0.2313
0.10635616,0.2314
0.100365039,0.2315
0.094352105,0.2316
0.088332139,0.2317
0.082275131,0.2318
0.076126882,0.2319
0.070030059,0.232
0.064037464,0.2321
0.05819946,0.2322
0.052563383,0.2323
0.047175643,0.2324
0.042082477,0.2325
0.037235387,0.2326
0.0325654,0.2327
0.028282233,0.2328
0.024441094,0.2329
0.021068565,0.233
0.018183258,0.2331
0.01580614,0.2332
0.013237986,0.2333
0.010841131,0.2334
0.009008112,0.2335
0.007162566,0.2336
0.005710312,0.2337
0.005582542,0.2338
0.005584992,0.2339
0.005676195,0.234
0.005746822,0.2341
0.005814232,0.2342
0.006404305,0.2343
0.00698189,0.2344
0.007653799,0.2345
0.009040535,0.2346
0.011435231,0.2347
0.014801553,0.2348
0.01913669,0.2349
0.024304091,0.235
0.029087449,0.2351
0.034154077,0.2352
0.039987681,0.2353
0.046551005,0.2354
0.053604024,0.2355
0.061009027,0.2356
0.068567593,0.2357
0.076130823,0.2358
0.083620359,0.2359
0.090984048,0.236
0.098154016,0.2361
0.105081979,0.2362
0.111718053,0.2363
0.118015223,0.2364
0.123917284,0.2365
0.12936863,0.2366
0.134326893,0.2367
0.1387691,0.2368
0.142691229,0.2369
0.146102764,0.237
0.149017696,0.2371
0.15145276,0.2372
0.153421479,0.2373
0.15493423,0.2374
0.155998253,0.2375
0.156618556,0.2376
0.156798281,0.2377
0.154324975,0.2378
0.150449647,0.2379
0.146250544,0.238
0.141800073,0.2381
0.137124478,0.2382
0.132246029,0.2383
0.127189571,0.2384
0.121986787,0.2385
0.116678208,0.2386
0.111312023,0.2387
0.105940225,0.2388
0.100614857,0.2389
0.095284511,0.239
0.090011581,0.2391
0.084899359,0.2392
0.079985681,0.2393
0.075299229,0.2394
0.070862629,0.2395
0.066693933,0.2396
0.062808118,0.2397
0.059217123,0.2398
0.05592844,0.2399
0.052943928,0.24
0.049809898,0.2401
0.046759705,0.2402
0.043984744,0.2403
0.041519776,0.2404
0.038680576,0.2405
0.035993568,0.2406
0.033660595,0.2407
0.030958228,0.2408
0.028694968,0.2409
0.026661276,0.241
0.024659938,0.2411
0.02320358,0.2412
0.02212569,0.2413
0.02103891,0.2414
0.020539119,0.2415
0.020764513,0.2416
0.021118655,0.2417
0.021699726,0.2418
0.022977769,0.2419
0.025044899,0.242
0.026781002,0.2421
0.029122527,0.2422
0.032232568,0.2423
0.035590475,0.2424
0.039160372,0.2425
0.043300457,0.2426
0.047916103,0.2427
0.052361577,0.2428
0.056938237,0.2429
0.061933524,0.243
0.067297902,0.2431
0.07287282,0.2432
0.078520248,0.2433
0.084161231,0.2434
0.089731106,0.2435
0.095148214,0.2436
0.100345519,0.2437
0.105258172,0.2438
0.10983077,0.2439
0.114008757,0.244
0.117744273,0.2441
0.121003902,0.2442
0.123767682,0.2443
0.126027713,0.2444
0.127784973,0.2445
0.12904506,0.2446
0.129819736,0.2447
0.13012244,0.2448
0.129967328,0.2449
0.129368048,0.245
0.128337268,0.2451
0.126887112,0.2452
0.125034331,0.2453
0.122797703,0.2454
0.119716304,0.2455
0.114024368,0.2456
0.10812313,0.2457
0.102147091,0.2458
0.096145121,0.2459
0.09013121,0.246
0.084114236,0.2461
0.077966975,0.2462
0.071857275,0.2463
0.065836443,0.2464
0.059954337,0.2465
0.054257677,0.2466
0.04879334,0.2467
0.043608177,0.2468
0.038729619,0.2469
0.033961218,0.247
0.029560965,0.2471
0.025586718,0.2472
0.022074352,0.2473
0.019043909,0.2474
0.016515748,0.2475
0.014077135,0.2476
0.011586849,0.2477
0.009607387,0.2478
0.008053034,0.2479
0.005971768,0.248
0.005608194,0.2481
0.005606791,0.2482
0.005670732,0.2483
0.005697308,0.2484
0.005965264,0.2485
0.006155597,0.2486
0.005954452,0.2487
0.006485132,0.2488
0.007928392,0.2489
0.01041336,0.249
0.013904985,0.2491
0.018322805,0.2492
0.02306947,0.2493
0.027867114,0.2494
0.033029421,0.2495
0.038977498,0.2496
0.045641014,0.2497
0.052775627,0.2498
0.06024518,0.2499
0.067855475,0.25
0.07546042,0.2501
0.082984807,0.2502
0.090376735,0.2503
0.097567929,0.2504
0.104511147,0.2505
0.11116041,0.2506
0.117474291,0.2507
0.123402342,0.2508
0.128891892,0.2509
0.133899733,0.251
0.138399049,0.2511
0.142381635,0.2512
0.145854589,0.2513
0.148831934,0.2514
0.15133142,0.2515
0.153366737,0.2516
0.154946693,0.2517
0.156075972,0.2518
0.156757582,0.2519
0.156994312,0.252
0.154981845,0.2521
0.151179747,0.2522
0.147035987,0.2523
0.14263399,0.2524
0.138005057,0.2525
0.13317032,0.2526
0.128153549,0.2527
0.122983808,0.2528
0.117699567,0.2529
0.112347518,0.253
0.106979023,0.2531
0.101645955,0.2532
0.096337996,0.2533
0.091039899,0.2534
0.085891533,0.2535
0.08093366,0.2536
0.076196296,0.2537
0.071701973,0.2538
0.067469444,0.2539
0.063514953,0.254
0.059851856,0.2541
0.056488967,0.2542
0.053429399,0.2543
0.050301619,0.2544
0.047186092,0.2545
0.044337348,0.2546
0.041795134,0.2547
0.038993679,0.2548
0.036233155,0.2549
0.033864001,0.255
0.031140047,0.2551
0.028783764,0.2552
0.026775215,0.2553
0.024693205,0.2554
0.023139406,0.2555
0.022149462,0.2556
0.020976206,0.2557
0.020352638,0.2558
0.020449533,0.2559
0.020896223,0.256
0.021379055,0.2561
0.022525086,0.2562
0.024464468,0.2563
0.026306671,0.2564
0.02856426,0.2565
0.031565539,0.2566
0.034993899,0.2567
0.038477037,0.2568
0.042524227,0.2569
0.047065509,0.257
0.051583531,0.2571
0.056117521,0.2572
0.061072719,0.2573
0.066411128,0.2574
0.071979156,0.2575
0.077638319,0.2576
0.083307541,0.2577
0.088919163,0.2578
0.094390064,0.2579
0.099651233,0.258
0.104636105,0.2581
0.109287399,0.2582
0.113548948,0.2583
0.117371422,0.2584
0.12072014,0.2585
0.123574008,0.2586
0.125924202,0.2587
0.127770933,0.2588
0.129119232,0.2589
0.12998038,0.259
0.13036744,0.2591
0.130294227,0.2592
0.129774102,0.2593
0.128819508,0.2594
0.127442454,0.2595
0.125659785,0.2596
0.123490459,0.2597
0.120844646,0.2598
0.115176559,0.2599
0.109278269,0.26
0.103297283,0.2601
0.097288422,0.2602
0.091264896,0.2603
0.085245975,0.2604
0.079125625,0.2605
0.072997376,0.2606
0.066947864,0.2607
0.061028817,0.2608
0.055288001,0.2609
0.049772793,0.261
0.044530388,0.2611
0.039608755,0.2612
0.034851287,0.2613
0.030377955,0.2614
0.026314234,0.2615
0.022704826,0.2616
0.01957334,0.2617
0.016940377,0.2618
0.014603396,0.2619
0.012018059,0.262
0.009890961,0.2621
0.008393223,0.2622
0.006195212,0.2623
0.005625148,0.2624
0.005580858,0.2625
0.005670012,0.2626
0.005683155,0.2627
0.005935636,0.2628
0.005911664,0.2629
0.005780948,0.263
0.006388789,0.2631
0.00758716,0.2632
0.009716756,0.2633
0.012909326,0.2634
0.017054134,0.2635
0.021998062,0.2636
0.026905682,0.2637
0.032237058,0.2638
0.037885574,0.2639
0.044230567,0.264
0.051188709,0.2641
0.058522466,0.2642
0.06607036,0.2643
0.073646799,0.2644
0.08117677,0.2645
0.088591755,0.2646
0.095827586,0.2647
0.102830012,0.2648
0.10955464,0.2649
0.115955776,0.265
0.12198305,0.2651
0.127580023,0.2652
0.132701598,0.2653
0.13731668,0.2654
0.141414776,0.2655
0.145000388,0.2656
0.148087217,0.2657
0.15069276,0.2658
0.152831815,0.2659
0.154513989,0.266
0.155745222,0.2661
0.156529053,0.2662
0.156868553,0.2663
0.155756993,0.2664
0.152047648,0.2665
0.14796334,0.2666
0.143606084,0.2667
0.139015035,0.2668
0.134210366,0.2669
0.129218071,0.267
0.124066855,0.2671
0.118794171,0.2672
0.113444606,0.2673
0.108068222,0.2674
0.1027167,0.2675
0.097408363,0.2676
0.092077197,0.2677
0.086885956,0.2678
0.081876212,0.2679
0.077079583,0.268
0.072520593,0.2681
0.0682203,0.2682
0.064196743,0.2683
0.060464684,0.2684
0.057034259,0.2685
0.05391013,0.2686
0.050843882,0.2687
0.04768638,0.2688
0.044785949,0.2689
0.042187684,0.269
0.039518714,0.2691
0.036708925,0.2692
0.034258933,0.2693
0.03166215,0.2694
0.029214484,0.2695
0.02724955,0.2696
0.025051323,0.2697
0.023358625,0.2698
0.022302445,0.2699
0.021097501,0.27
0.020356057,0.2701
0.020314833,0.2702
0.020809103,0.2703
0.021177418,0.2704
0.022171879,0.2705
0.023957401,0.2706
0.025922209,0.2707
0.028076473,0.2708
0.030925794,0.2709
0.034429526,0.271
0.037770888,0.2711
0.041670774,0.2712
0.046086928,0.2713
0.050659671,0.2714
0.055118854,0.2715
0.060001963,0.2716
0.065284797,0.2717
0.070819968,0.2718
0.076468699,0.2719
0.082147304,0.272
0.087784608,0.2721
0.093296232,0.2722
0.098611541,0.2723
0.103662866,0.2724
0.10839261,0.2725
0.112750427,0.2726
0.116687765,0.2727
0.120160917,0.2728
0.123142217,0.2729
0.125616531,0.273
0.127581586,0.2731
0.129042633,0.2732
0.130009118,0.2733
0.130494999,0.2734
0.130515085,0.2735
0.13008352,0.2736
0.129213677,0.2737
0.127917581,0.2738
0.126207099,0.2739
0.124098562,0.274
0.121610649,0.2741
0.116403623,0.2742
0.110551078,0.2743
0.104592251,0.2744
0.098595532,0.2745
0.092578217,0.2746
0.086557415,0.2747
0.08047674,0.2748
0.074333881,0.2749
0.06825782,0.275
0.062302914,0.2751
0.056518742,0.2752
0.050952057,0.2753
0.045648644,0.2754
0.040654847,0.2755
0.035877021,0.2756
0.031312885,0.2757
0.027145244,0.2758
0.023427,0.2759
0.020184929,0.276
0.017438977,0.2761
0.015170227,0.2762
0.012492555,0.2763
0.010227542,0.2764
0.008599175,0.2765
0.006582255,0.2766
0.005654393,0.2767
0.005592206,0.2768
0.005630475,0.2769
0.005688552,0.277
0.005855257,0.2771
0.005996203,0.2772
0.006019621,0.2773
0.006164693,0.2774
0.007122628,0.2775
0.009100139,0.2776
0.012111245,0.2777
0.016105008,0.2778
0.02096916,0.2779
0.025781883,0.278
0.030975052,0.2781
0.036508678,0.2782
0.042768002,0.2783
0.049669369,0.2784
0.056970881,0.2785
0.064510328,0.2786
0.072100177,0.2787
0.079660932,0.2788
0.087119774,0.2789
0.094410506,0.279
0.101475979,0.2791
0.1082703,0.2792
0.114747824,0.2793
0.120865274,0.2794
0.126569101,0.2795
0.131807335,0.2796
0.136542441,0.2797
0.140757117,0.2798
0.144452846,0.2799
0.147643354,0.28
0.150345015,0.2801
0.152574689,0.2802
0.154343933,0.2803
0.155659822,0.2804
0.156526384,0.2805
0.156946613,0.2806
0.156488953,0.2807
0.152857279,0.2808
0.148828201,0.2809
0.144517507,0.281
0.139969869,0.2811
0.135203645,0.2812
0.130244395,0.2813
0.125118645,0.2814
0.119862277,0.2815
0.114518694,0.2816
0.109137709,0.2817
0.10377126,0.2818
0.098470372,0.2819
0.093116832,0.282
0.08788788,0.2821
0.082833258,0.2822
0.077986439,0.2823
0.07337307,0.2824
0.069015236,0.2825
0.06493173,0.2826
0.061137919,0.2827
0.057644519,0.2828
0.054456978,0.2829
0.051455288,0.283
0.048244946,0.2831
0.045278677,0.2832
0.042609403,0.2833
0.04002996,0.2834
0.037149205,0.2835
0.034604648,0.2836
0.032068641,0.2837
0.029528379,0.2838
0.027487968,0.2839
0.025292059,0.284
0.023493774,0.2841
0.022312035,0.2842
0.021148604,0.2843
0.020302796,0.2844
0.020124399,0.2845
0.020649549,0.2846
0.020938785,0.2847
0.021804702,0.2848
0.023443779,0.2849
0.025506221,0.285
0.0275306,0.2851
0.030226964,0.2852
0.033681708,0.2853
0.036971327,0.2854
0.040763547,0.2855
0.045084381,0.2856
0.049718916,0.2857
0.054116918,0.2858
0.058941163,0.2859
0.064181211,0.286
0.069695901,0.2861
0.075346003,0.2862
0.081045219,0.2863
0.086719034,0.2864
0.092281815,0.2865
0.097661184,0.2866
0.102788033,0.2867
0.107602975,0.2868
0.112053888,0.2869
0.11609042,0.287
0.119667163,0.2871
0.122754653,0.2872
0.125336071,0.2873
0.127407599,0.2874
0.128973297,0.2875
0.130041788,0.2876
0.130626578,0.2877
0.130742308,0.2878
0.130403185,0.2879
0.129622749,0.288
0.128413258,0.2881
0.126786803,0.2882
0.124760006,0.2883
0.122351755,0.2884
0.117665671,0.2885
0.111850021,0.2886
0.105901059,0.2887
0.099903571,0.2888
0.093882466,0.2889
0.087853896,0.289
0.081814791,0.2891
0.075660061,0.2892
0.069560817,0.2893
0.063572606,0.2894
0.057746355,0.2895
0.052129092,0.2896
0.046766931,0.2897
0.041706,0.2898
0.036960605,0.2899
0.03232617,0.29
0.02806977,0.2901
0.024252406,0.2902
0.020904216,0.2903
0.018044467,0.2904
0.015694658,0.2905
0.013135959,0.2906
0.010754193,0.2907
0.008940675,0.2908
0.007056746,0.2909
0.005697805,0.291
0.005590269,0.2911
0.005588416,0.2912
0.005679237,0.2913
0.005761065,0.2914
0.005809311,0.2915
0.006419995,0.2916
0.007042471,0.2917
0.007770531,0.2918
0.009230906,0.2919
0.011714123,0.292
0.015172683,0.2921
0.019594093,0.2922
0.024755457,0.2923
0.029578705,0.2924
0.034719276,0.2925
0.040621453,0.2926
0.047238433,0.2927
0.054329123,0.2928
0.06175861,0.2929
0.069328889,0.293
0.076892218,0.2931
0.084372642,0.2932
0.091719712,0.2933
0.098865986,0.2934
0.105763731,0.2935
0.112363422,0.2936
0.118618502,0.2937
0.124473464,0.2938
0.129873734,0.2939
0.134778331,0.294
0.139165646,0.2941
0.143032681,0.2942
0.146389358,0.2943
0.149249558,0.2944
0.151629586,0.2945
0.153542479,0.2946
0.154998266,0.2947
0.156004093,0.2948
0.156565094,0.2949
0.156684703,0.295
0.153948732,0.2951
0.150016675,0.2952
0.145770157,0.2953
0.141276723,0.2954
0.136560601,0.2955
0.131644669,0.2956
0.126553866,0.2957
0.121320604,0.2958
0.115985884,0.2959
0.110598184,0.296
0.105209421,0.2961
0.099871388,0.2962
0.094506927,0.2963
0.089223655,0.2964
0.084105439,0.2965
0.079189732,0.2966
0.074505168,0.2967
0.070074428,0.2968
0.065915312,0.2969
0.062042568,0.297
0.058467835,0.2971
0.055198249,0.2972
0.052235137,0.2973
0.049028838,0.2974
0.04599671,0.2975
0.043251909,0.2976
0.04082299,0.2977
0.0379036,0.2978
0.035252213,0.2979
0.032871226,0.298
0.030222618,0.2981
0.028030405,0.2982
0.025972415,0.2983
0.024036426,0.2984
0.022666244,0.2985
0.021573963,0.2986
0.020565404,0.2987
0.020169667,0.2988
0.020509955,0.2989
0.020826112,0.299
0.021503071,0.2991
0.022910254,0.2992
0.024986754,0.2993
0.026822275,0.2994
0.029297656,0.2995
0.032543572,0.2996
0.035883834,0.2997
0.039508096,0.2998
0.043659642,0.2999
0.048330224,0.3
0.052611009,0.3001
0.057324656,0.3002
0.062479112,0.3003
0.067967965,0.3004
0.07364609,0.3005
0.079372712,0.3006
0.085077063,0.3007
0.090693529,0.3008
0.096143904,0.3009
0.101359935,0.301
0.106279171,0.3011
0.110846347,0.3012
0.11500903,0.3013
0.118719936,0.3014
0.12194768,0.3015
0.124673431,0.3016
0.126891265,0.3017
0.128603376,0.3018
0.129816813,0.3019
0.130543988,0.302
0.130798879,0.3021
0.130595486,0.3022
0.129947357,0.3023
0.128866901,0.3024
0.127366361,0.3025
0.125462674,0.3026
0.123175052,0.3027
0.119373385,0.3028
0.113629559,0.3029
0.107709495,0.303
0.101724979,0.3031
0.095713358,0.3032
0.0896888,0.3033
0.083670686,0.3034
0.077539469,0.3035
0.071421413,0.3036
0.065396731,0.3037
0.059518725,0.3038
0.053835995,0.3039
0.048395425,0.304
0.043243283,0.3041
0.038426637,0.3042
0.03378027,0.3043
0.029420526,0.3044
0.025479206,0.3045
0.021994043,0.3046
0.018986887,0.3047
0.016480112,0.3048
0.014121532,0.3049
0.011600915,0.305
0.009551448,0.3051
0.007807988,0.3052
0.005833612,0.3053
0.00560134,0.3054
0.005611871,0.3055
0.005674096,0.3056
0.005703718,0.3057
0.005985912,0.3058
0.006201519,0.3059
0.006035934,0.306
0.006599581,0.3061
0.008081347,0.3062
0.010606129,0.3063
0.014134681,0.3064
0.018589797,0.3065
0.023368893,0.3066
0.028204394,0.3067
0.03340249,0.3068
0.039382785,0.3069
0.046074037,0.307
0.053231735,0.3071
0.060719226,0.3072
0.068341502,0.3073
0.075951841,0.3074
0.083475744,0.3075
0.090862169,0.3076
0.098043695,0.3077
0.104974071,0.3078
0.111607968,0.3079
0.117904015,0.308
0.123811335,0.3081
0.129276738,0.3082
0.134256904,0.3083
0.138725289,0.3084
0.142674137,0.3085
0.146110856,0.3086
0.149049559,0.3087
0.151508016,0.3088
0.153500084,0.3089
0.155034974,0.309
0.156117966,0.3091
0.156752666,0.3092
0.156942326,0.3093
0.154757786,0.3094
0.150905519,0.3095
0.146717242,0.3096
0.142273567,0.3097
0.137604555,0.3098
0.132731616,0.3099
0.127678503,0.31
0.122474704,0.3101
0.117159079,0.3102
0.11177876,0.3103
0.106385474,0.3104
0.101031449,0.3105
0.095695101,0.3106
0.090380221,0.3107
0.085219268,0.3108
0.080252374,0.3109
0.075509836,0.311
0.071015052,0.3111
0.066786628,0.3112
0.062839739,0.3113
0.059186617,0.3114
0.055835321,0.3115
0.052788683,0.3116
0.049613104,0.3117
0.046506433,0.3118
0.043675496,0.3119
0.041156706,0.312
0.038295848,0.3121
0.03555936,0.3122
0.033210095,0.3123
0.030458889,0.3124
0.028145506,0.3125
0.026112375,0.3126
0.024080733,0.3127
0.02259363,0.3128
0.021592778,0.3129
0.020480124,0.313
0.019937872,0.3131
0.020127487,0.3132
0.020538143,0.3133
0.021098629,0.3134
0.022352319,0.3135
0.024407357,0.3136
0.026196505,0.3137
0.028547549,0.3138
0.031669122,0.3139
0.035085865,0.314
0.038676097,0.3141
0.04284098,0.3142
0.047492156,0.3143
0.051998238,0.3144
0.05662106,0.3145
0.061667332,0.3146
0.067088577,0.3147
0.072726053,0.3148
0.078440662,0.3149
0.084152207,0.315
0.089794753,0.3151
0.095285682,0.3152
0.100556881,0.3153
0.105542515,0.3154
0.110186254,0.3155
0.114432765,0.3156
0.118233624,0.3157
0.121555184,0.3158
0.124377462,0.3159
0.126692702,0.316
0.128502098,0.3161
0.129811463,0.3162
0.130632744,0.3163
0.130979485,0.3164
0.13086584,0.3165
0.130305359,0.3166
0.129310538,0.3167
0.127893306,0.3168
0.126070305,0.3169
0.123860271,0.317
0.120600956,0.3171
0.114891871,0.3172
0.108977447,0.3173
0.102986642,0.3174
0.096965814,0.3175
0.090929627,0.3176
0.084898099,0.3177
0.078805581,0.3178
0.072671965,0.3179
0.066621143,0.318
0.060706868,0.3181
0.054977543,0.3182
0.049479684,0.3183
0.044260006,0.3184
0.03936645,0.3185
0.03473058,0.3186
0.030291921,0.3187
0.026255395,0.3188
0.022666637,0.3189
0.019551253,0.319
0.016932113,0.3191
0.014674831,0.3192
0.012055697,0.3193
0.009855489,0.3194
0.008186283,0.3195
0.006014854,0.3196
0.005613667,0.3197
0.005581214,0.3198
0.005668527,0.3199
0.005684224,0.32
0.005956771,0.3201
0.005912544,0.3202
0.005788359,0.3203
0.006421751,0.3204
0.00770805,0.3205
0.009952138,0.3206
0.01325983,0.3207
0.017507449,0.3208
0.022361543,0.3209
0.027366251,0.321
0.032796554,0.3211
0.038532607,0.3212
0.044945481,0.3213
0.051952758,0.3214
0.059318232,0.3215
0.06688147,0.3216
0.074457814,0.3217
0.081975641,0.3218
0.089369108,0.3219
0.096575897,0.322
0.103543872,0.3221
0.110230439,0.3222
0.116591001,0.3223
0.122575669,0.3224
0.128128006,0.3225
0.133203027,0.3226
0.137769896,0.3227
0.141818518,0.3228
0.145353631,0.3229
0.148388941,0.323
0.150941774,0.3231
0.153026765,0.3232
0.15465351,0.3233
0.155828162,0.3234
0.156554624,0.3235
0.156836382,0.3236
0.155462786,0.3237
0.151700057,0.3238
0.147571313,0.3239
0.143173637,0.324
0.13854399,0.3241
0.133702835,0.3242
0.128675942,0.3243
0.123492543,0.3244
0.118190597,0.3245
0.112815238,0.3246
0.10741679,0.3247
0.102046957,0.3248
0.096709257,0.3249
0.091362369,0.325
0.086160836,0.3251
0.081146522,0.3252
0.076350438,0.3253
0.071795997,0.3254
0.067502983,0.3255
0.0634886,0.3256
0.059767223,0.3257
0.056348835,0.3258
0.053237981,0.3259
0.050108125,0.326
0.046958953,0.3261
0.044076878,0.3262
0.041502791,0.3263
0.038758329,0.3264
0.035973825,0.3265
0.033566939,0.3266
0.030912656,0.3267
0.028509955,0.3268
0.026519439,0.3269
0.024379637,0.327
0.022762549,0.3271
0.021766462,0.3272
0.020554527,0.3273
0.019887759,0.3274
0.019946622,0.3275
0.020419862,0.3276
0.020876954,0.3277
0.021990363,0.3278
0.023903268,0.3279
0.02583077,0.328
0.028089788,0.3281
0.031069356,0.3282
0.034568008,0.3283
0.038024154,0.3284
0.042050517,0.3285
0.046584887,0.3286
0.051141229,0.3287
0.055695929,0.3288
0.060677019,0.3289
0.066048491,0.329
0.071657169,0.3291
0.077363717,0.3292
0.083085573,0.3293
0.088753573,0.3294
0.094283872,0.3295
0.099606735,0.3296
0.104655159,0.3297
0.109371424,0.3298
0.113698977,0.3299
0.117588006,0.33
0.121003329,0.3301
0.123923283,0.3302
0.126338499,0.3303
0.128248641,0.3304
0.129658229,0.3305
0.130578033,0.3306
0.131020676,0.3307
0.130999648,0.3308
0.130528192,0.3309
0.129618837,0.331
0.12828325,0.3311
0.126532859,0.3312
0.124383763,0.3313
0.121734571,0.3314
0.116072547,0.3315
0.110179644,0.3316
0.104202036,0.3317
0.098192499,0.3318
0.092162223,0.3319
0.086129494,0.332
0.080063479,0.3321
0.073913875,0.3322
0.0678345,0.3323
0.061880765,0.3324
0.056102292,0.3325
0.050546646,0.3326
0.04526144,0.3327
0.04029472,0.3328
0.035631936,0.3329
0.031115568,0.333
0.026987109,0.3331
0.023303223,0.3332
0.02009308,0.3333
0.0173767,0.3334
0.015167134,0.3335
0.012474028,0.3336
0.010163331,0.3337
0.008514202,0.3338
0.006339801,0.3339
0.005628586,0.334
0.005591719,0.3341
0.005630325,0.3342
0.005689597,0.3343
0.00585965,0.3344
0.006015849,0.3345
0.006071111,0.3346
0.006263784,0.3347
0.007289201,0.3348
0.00935377,0.3349
0.012461531,0.335
0.016549075,0.3351
0.021438284,0.3352
0.026283127,0.3353
0.031559566,0.3354
0.037166209,0.3355
0.043482751,0.3356
0.050425459,0.3357
0.057754284,0.3358
0.065307499,0.3359
0.072897954,0.336
0.080448707,0.3361
0.087888892,0.3362
0.09515371,0.3363
0.102187862,0.3364
0.1089471,0.3365
0.115385899,0.3366
0.1214547,0.3367
0.127097377,0.3368
0.132268712,0.3369
0.136936287,0.337
0.141087651,0.3371
0.144724996,0.3372
0.14786035,0.3373
0.150510365,0.3374
0.152689972,0.3375
0.154409266,0.3376
0.155674703,0.3377
0.156490054,0.3378
0.156858602,0.3379
0.156217842,0.338
0.152529444,0.3381
0.148450064,0.3382
0.1440928,0.3383
0.139501192,0.3384
0.134693963,0.3385
0.129696695,0.3386
0.124536353,0.3387
0.119249182,0.3388
0.113878891,0.3389
0.108475373,0.339
0.103090484,0.3391
0.097761766,0.3392
0.09238651,0.3393
0.087146405,0.3394
0.082084875,0.3395
0.077235102,0.3396
0.072622667,0.3397
0.068269452,0.3398
0.064193837,0.3399
0.060410677,0.34
0.056930185,0.3401
0.053757389,0.3402
0.050685738,0.3403
0.047487089,0.3404
0.044543384,0.3405
0.041902679,0.3406
0.039250161,0.3407
0.036399412,0.3408
0.033902224,0.3409
0.031314478,0.341
0.028823083,0.3411
0.026850847,0.3412
0.024615868,0.3413
0.022879101,0.3414
0.0217835,0.3415
0.020596029,0.3416
0.019826777,0.3417
0.019753851,0.3418
0.020276053,0.3419
0.020659398,0.342
0.021645075,0.3421
0.023411145,0.3422
0.025447095,0.3423
0.027575113,0.3424
0.030399922,0.3425
0.033901501,0.3426
0.037248785,0.3427
0.041161891,0.3428
0.045601346,0.3429
0.050225664,0.343
0.054718532,0.3431
0.059639435,0.3432
0.064966452,0.3433
0.070552621,0.3434
0.076258168,0.3435
0.081997875,0.3436
0.087699094,0.3437
0.093276639,0.3438
0.09865906,0.3439
0.103778088,0.344
0.108575556,0.3441
0.113000636,0.3442
0.117004269,0.3443
0.120542247,0.3444
0.123586388,0.3445
0.126121037,0.3446
0.128143429,0.3447
0.12965846,0.3448
0.130675396,0.3449
0.131208237,0.345
0.131271984,0.3451
0.130881053,0.3452
0.130049074,0.3453
0.128788289,0.3454
0.127110706,0.3455
0.125032796,0.3456
0.122573321,0.3457
0.117240157,0.3458
0.111381873,0.3459
0.105418533,0.346
0.099414299,0.3461
0.093384621,0.3462
0.087347154,0.3463
0.081323268,0.3464
0.075162533,0.3465
0.069060599,0.3466
0.063076565,0.3467
0.057261742,0.3468
0.051662586,0.3469
0.046324916,0.347
0.0412954,0.3471
0.036620913,0.3472
0.03205067,0.3473
0.027827741,0.3474
0.024038171,0.3475
0.02071709,0.3476
0.01788596,0.3477
0.015566544,0.3478
0.013007836,0.3479
0.010644036,0.348
0.00885638,0.3481
0.006907623,0.3482
0.00568012,0.3483
0.005589524,0.3484
0.005595188,0.3485
0.005682697,0.3486
0.005845985,0.3487
0.005855007,0.3488
0.00599315,0.3489
0.006941858,0.349
0.0078451,0.3491
0.009392038,0.3492
0.012006015,0.3493
0.015653647,0.3494
0.020261571,0.3495
0.025335291,0.3496
0.030330812,0.3497
0.035646833,0.3498
0.041704582,0.3499
0.048444398,0.35
0.05562629,0.3501
0.063118053,0.3502
0.07072337,0.3503
0.078296364,0.3504
0.085766298,0.3505
0.093086647,0.3506
0.100191565,0.3507
0.107035451,0.3508
0.11357064,0.3509
0.119752739,0.351
0.125528463,0.3511
0.13084555,0.3512
0.13566514,0.3513
0.139967374,0.3514
0.143750324,0.3515
0.147024302,0.3516
0.149802829,0.3517
0.152101329,0.3518
0.1539316,0.3519
0.155302576,0.352
0.15622085,0.3521
0.156691817,0.3522
0.15671978,0.3523
0.153439579,0.3524
0.14943399,0.3525
0.145133787,0.3526
0.140594296,0.3527
0.135834433,0.3528
0.13087798,0.3529
0.125749787,0.353
0.120483748,0.3531
0.115121836,0.3532
0.109713156,0.3533
0.104309532,0.3534
0.098962433,0.3535
0.093567868,0.3536
0.088278522,0.3537
0.083159264,0.3538
0.078247289,0.3539
0.07357135,0.354
0.069154081,0.3541
0.06501262,0.3542
0.061160989,0.3543
0.057609992,0.3544
0.054365931,0.3545
0.051367111,0.3546
0.048116094,0.3547
0.045106637,0.3548
0.042395162,0.3549
0.039880614,0.355
0.036962864,0.3551
0.034368272,0.3552
0.031892875,0.3553
0.029304018,0.3554
0.0272014,0.3555
0.025052674,0.3556
0.023204638,0.3557
0.021960334,0.3558
0.02083034,0.3559
0.019934792,0.356
0.019690955,0.3561
0.020195556,0.3562
0.020453468,0.3563
0.021259835,0.3564
0.022843437,0.3565
0.024907803,0.3566
0.026895976,0.3567
0.029556337,0.3568
0.0329857,0.3569
0.036292783,0.357
0.040071251,0.3571
0.044387648,0.3572
0.049054903,0.3573
0.053466497,0.3574
0.058312077,0.3575
0.063583912,0.3576
0.069141495,0.3577
0.074844387,0.3578
0.080604255,0.3579
0.086344764,0.358
0.091979429,0.3581
0.097434888,0.3582
0.102641135,0.3583
0.107537747,0.3584
0.112071536,0.3585
0.116191085,0.3586
0.119850045,0.3587
0.123018181,0.3588
0.125678095,0.3589
0.127825563,0.359
0.129464412,0.3591
0.130603143,0.3592
0.131255234,0.3593
0.131435349,0.3594
0.131157743,0.3595
0.130435999,0.3596
0.129282396,0.3597
0.127709015,0.3598
0.125732528,0.3599
0.123371879,0.36
0.118718432,0.3601
0.112911094,0.3602
0.106964339,0.3603
0.100963614,0.3604
0.094934257,0.3605
0.088892651,0.3606
0.082859621,0.3607
0.076744705,0.3608
0.070624371,0.3609
0.064606803,0.361
0.058746244,0.3611
0.053091085,0.3612
0.047687294,0.3613
0.04258083,0.3614
0.037817885,0.3615
0.033281962,0.3616
0.028969129,0.3617
0.025065737,0.3618
0.021618245,0.3619
0.018653407,0.362
0.016193757,0.3621
0.013806222,0.3622
0.01132009,0.3623
0.00932641,0.3624
0.007514552,0.3625
0.005757667,0.3626
0.005580059,0.3627
0.005614372,0.3628
0.005648628,0.3629
0.005716919,0.363
0.005980613,0.3631
0.0062672,0.3632
0.00617555,0.3633
0.006806326,0.3634
0.008344189,0.3635
0.01092926,0.3636
0.014514413,0.3637
0.019030936,0.3638
0.023927141,0.3639
0.028812011,0.364
0.034052943,0.3641
0.040069097,0.3642
0.046791415,0.3643
0.053974498,0.3644
0.061482038,0.3645
0.069117819,0.3646
0.076734943,0.3647
0.084259802,0.3648
0.091642491,0.3649
0.098815782,0.365
0.105733447,0.3651
0.112349252,0.3652
0.118620623,0.3653
0.124495457,0.3654
0.129920269,0.3655
0.134852655,0.3656
0.139267918,0.3657
0.143160267,0.3658
0.146538557,0.3659
0.14941754,0.366
0.151815141,0.3661
0.153745273,0.3662
0.155217381,0.3663
0.15623712,0.3664
0.156808412,0.3665
0.156934587,0.3666
0.154380347,0.3667
0.150459132,0.3668
0.146213265,0.3669
0.14171599,0.367
0.136994569,0.3671
0.132071782,0.3672
0.126972123,0.3673
0.121726717,0.3674
0.116375585,0.3675
0.110966654,0.3676
0.105551864,0.3677
0.100183369,0.3678
0.094822153,0.3679
0.0895009,0.368
0.084339822,0.3681
0.079378012,0.3682
0.074644775,0.3683
0.07016282,0.3684
0.065950259,0.3685
0.062022133,0.3686
0.058390688,0.3687
0.055063987,0.3688
0.052044641,0.3689
0.048805315,0.369
0.045721337,0.3691
0.042925679,0.3692
0.040448837,0.3693
0.037507263,0.3694
0.034811692,0.3695
0.03240922,0.3696
0.029717189,0.3697
0.027481869,0.3698
0.025412116,0.3699
0.023449979,0.37
0.022056258,0.3701
0.021020361,0.3702
0.019990284,0.3703
0.019562694,0.3704
0.019879706,0.3705
0.020221281,0.3706
0.02088445,0.3707
0.022282858,0.3708
0.024367207,0.3709
0.026213189,0.371
0.028705729,0.3711
0.031979576,0.3712
0.035355766,0.3713
0.039075854,0.3714
0.043383869,0.3715
0.048166518,0.3716
0.052643376,0.3717
0.057369701,0.3718
0.06251954,0.3719
0.068031227,0.372
0.073740051,0.3721
0.079506854,0.3722
0.085253087,0.3723
0.090915347,0.3724
0.096411769,0.3725
0.101675504,0.3726
0.106641797,0.3727
0.111255749,0.3728
0.115463336,0.3729
0.119217514,0.373
0.122486083,0.3731
0.125250559,0.3732
0.127504613,0.3733
0.129250754,0.3734
0.130495837,0.3735
0.131252625,0.3736
0.131535156,0.3737
0.131357831,0.3738
0.130734259,0.3739
0.129676892,0.374
0.128197546,0.3741
0.126312674,0.3742
0.124040823,0.3743
0.120032876,0.3744
0.114273729,0.3745
0.108340972,0.3746
0.102340784,0.3747
0.09630908,0.3748
0.09026217,0.3749
0.084220788,0.375
0.078144821,0.3751
0.072008258,0.3752
0.06596117,0.3753
0.060059804,0.3754
0.054353802,0.3755
0.048889244,0.3756
0.043712079,0.3757
0.038868739,0.3758
0.034346695,0.3759
0.029953932,0.376
0.02595277,0.3761
0.022397232,0.3762
0.019317598,0.3763
0.01673688,0.3764
0.014475684,0.3765
0.011882552,0.3766
0.009718813,0.3767
0.007999371,0.3768
0.005888369,0.3769
0.005612419,0.377
0.005593081,0.3771
0.005667319,0.3772
0.005688865,0.3773
0.005976223,0.3774
0.006065678,0.3775
0.005875379,0.3776
0.006433761,0.3777
0.007858936,0.3778
0.010302071,0.3779
0.013764498,0.378
0.018151625,0.3781
0.022917218,0.3782
0.028038397,0.3783
0.03358677,0.3784
0.039426745,0.3785
0.045920441,0.3786
0.052986027,0.3787
0.060389558,0.3788
0.067972056,0.3789
0.075550456,0.379
0.083057142,0.3791
0.09042915,0.3792
0.097605359,0.3793
0.104534911,0.3794
0.111176054,0.3795
0.117484761,0.3796
0.123411665,0.3797
0.128901031,0.3798
0.133909079,0.3799
0.138406421,0.38
0.142384357,0.3801
0.145848565,0.3802
0.148813172,0.3803
0.1512955,0.3804
0.153309958,0.3805
0.154865838,0.3806
0.15596906,0.3807
0.1566234,0.3808
0.156832376,0.3809
0.155011278,0.381
0.15117914,0.3811
0.146995311,0.3812
0.142547959,0.3813
0.137870592,0.3814
0.132984979,0.3815
0.127917169,0.3816
0.122697769,0.3817
0.117365709,0.3818
0.11196687,0.3819
0.10655175,0.382
0.101171946,0.3821
0.09581241,0.3822
0.09046231,0.3823
0.085263204,0.3824
0.080255976,0.3825
0.075470823,0.3826
0.070930691,0.3827
0.066654915,0.3828
0.062660447,0.3829
0.058961494,0.383
0.055567872,0.3831
0.052483793,0.3832
0.04927394,0.3833
0.046145331,0.3834
0.043297371,0.3835
0.040764343,0.3836
0.03792348,0.3837
0.035180686,0.3838
0.032838926,0.3839
0.030111832,0.384
0.027773712,0.3841
0.025749722,0.3842
0.023689335,0.3843
0.02217387,0.3844
0.021164618,0.3845
0.020041637,0.3846
0.019492152,0.3847
0.019681522,0.3848
0.020103019,0.3849
0.020667586,0.385
0.021929063,0.3851
0.023998485,0.3852
0.025794356,0.3853
0.028159596,0.3854
0.031302482,0.3855
0.034728561,0.3856
0.038343434,0.3857
0.042541051,0.3858
0.047231924,0.3859
0.051761718,0.386
0.05642968,0.3861
0.06152683,0.3862
0.067002119,0.3863
0.072694885,0.3864
0.0784648,0.3865
0.084230632,0.3866
0.089925915,0.3867
0.095467728,0.3868
0.100787865,0.3869
0.105820534,0.387
0.110509535,0.3871
0.114799604,0.3872
0.118642322,0.3873
0.122003998,0.3874
0.124864537,0.3875
0.127216028,0.3876
0.129059503,0.3877
0.130400627,0.3878
0.131251259,0.3879
0.131624921,0.388
0.131535807,0.3881
0.13099756,0.3882
0.1300228,0.3883
0.128623587,0.3884
0.126816714,0.3885
0.12462104,0.3886
0.121139138,0.3887
0.11542029,0.3888
0.109503272,0.3889
0.103509637,0.389
0.097482213,0.3891
0.091436063,0.3892
0.085391376,0.3893
0.079350545,0.3894
0.073204203,0.3895
0.067136111,0.3896
0.061203344,0.3897
0.055456026,0.3898
0.049940638,0.3899
0.044703966,0.39
0.039793377,0.3901
0.035255181,0.3902
0.030825218,0.3903
0.026747584,0.3904
0.023103778,0.3905
0.019928409,0.3906
0.017245909,0.3907
0.015077078,0.3908
0.012398697,0.3909
0.010095342,0.391
0.008450133,0.3911
0.006201001,0.3912
0.005617407,0.3913
0.005584491,0.3914
0.005646126,0.3915
0.005687241,0.3916
0.005894251,0.3917
0.006082946,0.3918
0.006179969,0.3919
0.00645553,0.392
0.00756476,0.3921
0.009734181,0.3922
0.012943888,0.3923
0.017129585,0.3924
0.022002894,0.3925
0.026943826,0.3926
0.032311492,0.3927
0.037994938,0.3928
0.044369497,0.3929
0.051352863,0.393
0.058706989,0.3931
0.066271051,0.3932
0.073858952,0.3933
0.08139663,0.3934
0.088815293,0.3935
0.096050959,0.3936
0.103049439,0.3937
0.10976741,0.3938
0.116160175,0.3939
0.122178814,0.394
0.127767768,0.3941
0.132882513,0.3942
0.137491375,0.3943
0.141582512,0.3944
0.145158375,0.3945
0.148230879,0.3946
0.150816421,0.3947
0.152929787,0.3948
0.154581237,0.3949
0.1557777,0.395
0.156523573,0.3951
0.156822711,0.3952
0.155803986,0.3953
0.152049115,0.3954
0.147916144,0.3955
0.143510474,0.3956
0.13887238,0.3957
0.134021364,0.3958
0.128983171,0.3959
0.123785953,0.396
0.118466868,0.3961
0.113070368,0.3962
0.107646634,0.3963
0.10224761,0.3964
0.096892011,0.3965
0.091509289,0.3966
0.086268061,0.3967
0.081211091,0.3968
0.076370841,0.3969
0.071772262,0.397
0.06743644,0.3971
0.063381064,0.3972
0.059620414,0.3973
0.056164273,0.3974
0.053017287,0.3975
0.04987446,0.3976
0.04669557,0.3977
0.043783956,0.3978
0.041182215,0.3979
0.038446317,0.398
0.035636239,0.3981
0.03320102,0.3982
0.030552001,0.3983
0.02812291,0.3984
0.0261284,0.3985
0.0239624,0.3986
0.022319437,0.3987
0.021319013,0.3988
0.020090776,0.3989
0.01940775,0.399
0.019456724,0.3991
0.019928176,0.3992
0.020379196,0.3993
0.021491343,0.3994
0.023411696,0.3995
0.025331392,0.3996
0.027600805,0.3997
0.03060204,0.3998
0.034107586,0.3999
0.03759095,0.4
0.041653232,0.4001
0.046231066,0.4002
0.050814583,0.4003
0.055417345,0.4004
0.060452663,0.4005
0.065882357,0.4006
0.071551675,0.4007
0.077320211,0.4008
0.083104238,0.4009
0.088833834,0.401
0.094424615,0.4011
0.099806411,0.4012
0.104911878,0.4013
0.109683025,0.4014
0.114063015,0.4015
0.118001791,0.4016
0.121464031,0.4017
0.124428003,0.4018
0.126884331,0.4019
0.128832729,0.402
0.130277789,0.4021
0.131230402,0.4022
0.131703323,0.4023
0.131710177,0.4024
0.131264324,0.4025
0.130378378,0.4026
0.129064045,0.4027
0.127332751,0.4028
0.125200608,0.4029
0.122354819,0.403
0.116683865,0.4031
0.110787188,0.4032
0.104804516,0.4033
0.09878573,0.4034
0.092742664,0.4035
0.086694007,0.4036
0.080662854,0.4037
0.074516353,0.4038
0.068418294,0.4039
0.062443469,0.404
0.056643483,0.4041
0.05106576,0.4042
0.04575753,0.4043
0.040767121,0.4044
0.036142488,0.4045
0.031704943,0.4046
0.027552811,0.4047
0.023821316,0.4048
0.020550199,0.4049
0.01776667,0.405
0.015492349,0.4051
0.012980607,0.4052
0.010633115,0.4053
0.008856943,0.4054
0.006831963,0.4055
0.005673387,0.4056
0.005590622,0.4057
0.005601347,0.4058
0.00568675,0.4059
0.00584613,0.406
0.005892668,0.4061
0.005813276,0.4062
0.006036225,0.4063
0.006960233,0.4064
0.008876457,0.4065
0.011837319,0.4066
0.015788146,0.4067
0.020625951,0.4068
0.02549013,0.4069
0.030658505,0.407
0.036175715,0.4071
0.042430224,0.4072
0.049338572,0.4073
0.056656464,0.4074
0.064220521,0.4075
0.071841497,0.4076
0.079437497,0.4077
0.086933169,0.4078
0.09426018,0.4079
0.101359583,0.408
0.108184879,0.4081
0.114690832,0.4082
0.120835142,0.4083
0.126564838,0.4084
0.131827722,0.4085
0.136585267,0.4086
0.140818843,0.4087
0.144528835,0.4088
0.14772851,0.4089
0.150434314,0.409
0.152663531,0.4091
0.154428185,0.4092
0.155735802,0.4093
0.156590845,0.4094
0.156996792,0.4095
0.156705979,0.4096
0.153034724,0.4097
0.148958535,0.4098
0.144598864,0.4099
0.140002873,0.41
0.135188798,0.4101
0.13018246,0.4102
0.125009973,0.4103
0.119706934,0.4104
0.114316502,0.4105
0.108888486,0.4106
0.103474937,0.4107
0.098127222,0.4108
0.092750477,0.4109
0.087473591,0.411
0.082371696,0.4111
0.077480049,0.4112
0.072825065,0.4113
0.06842865,0.4114
0.064309264,0.4115
0.060481903,0.4116
0.056957244,0.4117
0.053741072,0.4118
0.050707362,0.4119
0.047468976,0.412
0.044479132,0.4121
0.041791806,0.4122
0.039175884,0.4123
0.036278329,0.4124
0.033724649,0.4125
0.031147397,0.4126
0.028601984,0.4127
0.026569304,0.4128
0.024331587,0.4129
0.022545031,0.413
0.021395844,0.4131
0.020200521,0.4132
0.019386898,0.4133
0.019266193,0.4134
0.019764936,0.4135
0.020105422,0.4136
0.021050511,0.4137
0.022786682,0.4138
0.024797279,0.4139
0.026905302,0.414
0.029719467,0.4141
0.033217429,0.4142
0.036564494,0.4143
0.040487239,0.4144
0.044949433,0.4145
0.049603689,0.4146
0.054131862,0.4147
0.0590967,0.4148
0.06447608,0.4149
0.070122298,0.415
0.075894325,0.4151
0.081705041,0.4152
0.087480302,0.4153
0.093134112,0.4154
0.098594185,0.4155
0.103791503,0.4156
0.108667112,0.4157
0.113169397,0.4158
0.11724851,0.4159
0.120859555,0.416
0.123973847,0.4161
0.126575396,0.4162
0.128661264,0.4163
0.130236318,0.4164
0.131309882,0.4165
0.131896091,0.4166
0.132010103,0.4167
0.13166649,0.4168
0.130879021,0.4169
0.129660026,0.417
0.12802156,0.4171
0.125980155,0.4172
0.123554615,0.4173
0.118094269,0.4174
0.112231772,0.4175
0.106265119,0.4176
0.100254322,0.4177
0.094213011,0.4178
0.088159431,0.4179
0.082115394,0.418
0.076022482,0.4181
0.069900547,0.4182
0.063888935,0.4183
0.058043386,0.4184
0.052412438,0.4185
0.047041196,0.4186
0.04197567,0.4187
0.037262353,0.4188
0.032858949,0.4189
0.028610646,0.419
0.024758851,0.4191
0.021355671,0.4192
0.018434352,0.4193
0.016017627,0.4194
0.013657675,0.4195
0.011187595,0.4196
0.009212691,0.4197
0.007320898,0.4198
0.005722355,0.4199
0.005575715,0.42
0.005599089,0.4201
0.005636143,0.4202
0.005711329,0.4203
0.006009349,0.4204
0.006135589,0.4205
0.006127125,0.4206
0.006988387,0.4207
0.008456572,0.4208
0.010847636,0.4209
0.014274479,0.421
0.018710449,0.4211
0.024000432,0.4212
0.028855229,0.4213
0.034013158,0.4214
0.039955938,0.4215
0.046635568,0.4216
0.053803391,0.4217
0.061316199,0.4218
0.068972514,0.4219
0.076620408,0.422
0.084181891,0.4221
0.091604104,0.4222
0.098818536,0.4223
0.105777423,0.4224
0.112432952,0.4225
0.118740556,0.4226
0.124646012,0.4227
0.130094091,0.4228
0.135041647,0.4229
0.139464105,0.423
0.143356482,0.4231
0.146728691,0.4232
0.14959656,0.4233
0.151979125,0.4234
0.15389158,0.4235
0.155344814,0.4236
0.156345936,0.4237
0.156899918,0.4238
0.157010465,0.4239
0.154316423,0.424
0.150347975,0.4241
0.146058643,0.4242
0.141518763,0.4243
0.13675437,0.4244
0.131788986,0.4245
0.126648024,0.4246
0.121363939,0.4247
0.115977838,0.4248
0.110538482,0.4249
0.105098364,0.425
0.099710053,0.4251
0.094353862,0.4252
0.08902386,0.4253
0.0838591,0.4254
0.078899568,0.4255
0.074174235,0.4256
0.069704229,0.4257
0.06550594,0.4258
0.06159298,0.4259
0.057976876,0.426
0.054665673,0.4261
0.05166235,0.4262
0.048448247,0.4263
0.045373681,0.4264
0.042588865,0.4265
0.040126313,0.4266
0.037177675,0.4267
0.034495254,0.4268
0.032072176,0.4269
0.029397073,0.427
0.027186457,0.4271
0.02508354,0.4272
0.023143351,0.4273
0.02178424,0.4274
0.020706191,0.4275
0.019704815,0.4276
0.019324939,0.4277
0.019696673,0.4278
0.019968539,0.4279
0.020670574,0.428
0.022135382,0.4281
0.024173583,0.4282
0.0260725,0.4283
0.028639471,0.4284
0.03199035,0.4285
0.035313917,0.4286
0.039099321,0.4287
0.04348558,0.4288
0.04834368,0.4289
0.052797683,0.429
0.057587681,0.4291
0.062804499,0.4292
0.068378223,0.4293
0.074140431,0.4294
0.079951758,0.4295
0.085734032,0.4296
0.09142493,0.4297
0.096942816,0.4298
0.102221364,0.4299
0.107196222,0.43
0.111813066,0.4301
0.116018334,0.4302
0.119765489,0.4303
0.123022894,0.4304
0.125772722,0.4305
0.128009311,0.4306
0.129735854,0.4307
0.130959779,0.4308
0.131694335,0.4309
0.131953875,0.431
0.131752985,0.4311
0.131105358,0.4312
0.130023496,0.4313
0.128519235,0.4314
0.126609031,0.4315
0.124311426,0.4316
0.119863144,0.4317
0.114077417,0.4318
0.108135836,0.4319
0.10213089,0.432
0.096092234,0.4321
0.090037252,0.4322
0.083987275,0.4323
0.077935821,0.4324
0.071795169,0.4325
0.065746433,0.4326
0.059847521,0.4327
0.054148711,0.4328
0.048695809,0.4329
0.043534725,0.433
0.038711343,0.4331
0.034269846,0.4332
0.029906849,0.4333
0.025912524,0.4334
0.022358675,0.4335
0.019280945,0.4336
0.01670318,0.4337
0.014470631,0.4338
0.011874454,0.4339
0.009701407,0.434
0.007968732,0.4341
0.005870359,0.4342
0.005612846,0.4343
0.00559484,0.4344
0.005667686,0.4345
0.005690706,0.4346
0.005987999,0.4347
0.006092246,0.4348
0.005902989,0.4349
0.006456199,0.435
0.007905385,0.4351
0.010378072,0.4352
0.013863467,0.4353
0.018272611,0.4354
0.023038526,0.4355
0.028179138,0.4356
0.033747538,0.4357
0.039606419,0.4358
0.046116598,0.4359
0.053196138,0.436
0.060611143,0.4361
0.068202539,0.4362
0.075787117,0.4363
0.08329773,0.4364
0.090671625,0.4365
0.097847611,0.4366
0.104774833,0.4367
0.111411567,0.4368
0.117713826,0.4369
0.123632303,0.437
0.129111373,0.4371
0.134107511,0.4372
0.138591631,0.4373
0.142555322,0.4374
0.14600446,0.4375
0.148953263,0.4376
0.151419088,0.4377
0.153416367,0.4378
0.154954431,0.4379
0.156039261,0.438
0.156674712,0.4381
0.156864384,0.4382
0.154964728,0.4383
0.151102771,0.4384
0.146891279,0.4385
0.142417486,0.4386
0.137714537,0.4387
0.132804444,0.4388
0.127713351,0.4389
0.122472124,0.439
0.117119915,0.4391
0.1117028,0.4392
0.10627139,0.4393
0.100877353,0.4394
0.095512415,0.4395
0.090150713,0.4396
0.084941605,0.4397
0.079926376,0.4398
0.075135321,0.4399
0.070591214,0.44
0.066313168,0.4401
0.062317884,0.4402
0.058619416,0.4403
0.055227531,0.4404
0.052146452,0.4405
0.048924525,0.4406
0.045796763,0.4407
0.042952972,0.4408
0.040426947,0.4409
0.037563831,0.441
0.034827868,0.4411
0.03249977,0.4412
0.029749306,0.4413
0.027425239,0.4414
0.025384883,0.4415
0.023344186,0.4416
0.021857147,0.4417
0.020835756,0.4418
0.019738347,0.4419
0.019225828,0.442
0.019458691,0.4421
0.019848726,0.4422
0.020447507,0.4423
0.021761753,0.4424
0.023863886,0.4425
0.025644905,0.4426
0.028060972,0.4427
0.031268059,0.4428
0.034674061,0.4429
0.038346175,0.443
0.04261005,0.4431
0.047364906,0.4432
0.051882932,0.4433
0.056604642,0.4434
0.061758643,0.4435
0.067287309,0.4436
0.073026798,0.4437
0.07883637,0.4438
0.084635044,0.4439
0.090357202,0.444
0.095920125,0.4441
0.101256033,0.4442
0.106299452,0.4443
0.110994607,0.4444
0.11528657,0.4445
0.119127305,0.4446
0.122483592,0.4447
0.125335883,0.4448
0.127676817,0.4449
0.129507963,0.445
0.130835426,0.4451
0.131671445,0.4452
0.132029811,0.4453
0.131924898,0.4454
0.131370439,0.4455
0.130379071,0.4456
0.128962797,0.4457
0.127138303,0.4458
0.124924326,0.4459
0.121067353,0.446
0.115324267,0.4461
0.109397937,0.4462
0.103398441,0.4463
0.097363329,0.4464
0.091308519,0.4465
0.085254551,0.4466
0.07922822,0.4467
0.073085967,0.4468
0.067012698,0.4469
0.061078204,0.447
0.055334582,0.4471
0.049828396,0.4472
0.044605675,0.4473
0.039712526,0.4474
0.035193887,0.4475
0.030863976,0.4476
0.026797392,0.4477
0.023149318,0.4478
0.019965344,0.4479
0.017274933,0.448
0.01509881,0.4481
0.012452107,0.4482
0.01013774,0.4483
0.008470472,0.4484
0.006205702,0.4485
0.005616666,0.4486
0.005584941,0.4487
0.005645165,0.4488
0.005687859,0.4489
0.005894005,0.449
0.006086585,0.4491
0.00619088,0.4492
0.006471661,0.4493
0.007586198,0.4494
0.009759761,0.4495
0.012973811,0.4496
0.017164319,0.4497
0.022046218,0.4498
0.026994079,0.4499
0.032369415,0.45
0.03806122,0.4501
0.044444559,0.4502
0.051436842,0.4503
0.05879977,0.4504
0.066372251,0.4505
0.073967948,0.4506
0.081512797,0.4507
0.088937874,0.4508
0.096178952,0.4509
0.103181644,0.451
0.109902535,0.4511
0.116296923,0.4512
0.122315908,0.4513
0.127903929,0.4514
0.133016466,0.4515
0.137621817,0.4516
0.141708105,0.4517
0.145277752,0.4518
0.148342657,0.4519
0.150919243,0.452
0.153022362,0.4521
0.15466239,0.4522
0.155846418,0.4523
0.156579023,0.4524
0.156864241,0.4525
0.155792962,0.4526
0.152016483,0.4527
0.147863178,0.4528
0.143437818,0.4529
0.138780412,0.453
0.133910612,0.4531
0.12885423,0.4532
0.123639597,0.4533
0.118304033,0.4534
0.112892144,0.4535
0.107454223,0.4536
0.102042304,0.4537
0.096682811,0.4538
0.091288497,0.4539
0.086036721,0.454
0.080970726,0.4541
0.076123101,0.4542
0.071518606,0.4543
0.067178082,0.4544
0.063118942,0.4545
0.059355296,0.4546
0.05589688,0.4547
0.052748388,0.4548
0.049592762,0.4549
0.046410658,0.455
0.043498367,0.4551
0.040898298,0.4552
0.038142925,0.4553
0.035334994,0.4554
0.03290719,0.4555
0.030239051,0.4556
0.027818343,0.4557
0.025810219,0.4558
0.023656998,0.4559
0.022033348,0.456
0.021022597,0.4561
0.019812302,0.4562
0.019155793,0.4563
0.019237074,0.4564
0.01968363,0.4565
0.020160514,0.4566
0.021313363,0.4567
0.023279949,0.4568
0.025165929,0.4569
0.027472613,0.457
0.030525861,0.4571
0.034020428,0.4572
0.037550655,0.4573
0.041667581,0.4574
0.046298892,0.4575
0.050875821,0.4576
0.055524547,0.4577
0.060609028,0.4578
0.066085665,0.4579
0.071797009,0.458
0.077602195,0.4581
0.083417564,0.4582
0.089173763,0.4583
0.094786493,0.4584
0.100185853,0.4585
0.105304697,0.4586
0.110085331,0.4587
0.114471155,0.4588
0.118412402,0.4589
0.121874122,0.459
0.124835022,0.4591
0.127286174,0.4592
0.129227725,0.4593
0.130664627,0.4594
0.131608088,0.4595
0.132071107,0.4596
0.132067489,0.4597
0.131610702,0.4598
0.130713406,0.4599
0.129387283,0.46
0.127643687,0.4601
0.125498626,0.4602
0.122344742,0.4603
0.116667078,0.4604
0.110763552,0.4605
0.104776009,0.4606
0.098750477,0.4607
0.092699727,0.4608
0.086642821,0.4609
0.080604324,0.461
0.074484611,0.4611
0.068384202,0.4612
0.06240765,0.4613
0.056608199,0.4614
0.051033912,0.4615
0.045731821,0.4616
0.040749848,0.4617
0.036135036,0.4618
0.031772305,0.4619
0.027623057,0.462
0.023882516,0.4621
0.020599058,0.4622
0.017803883,0.4623
0.015518598,0.4624
0.013033125,0.4625
0.010672552,0.4626
0.008873575,0.4627
0.006842432,0.4628
0.005672973,0.4629
0.00559042,0.463
0.005599967,0.4631
0.00568673,0.4632
0.005847274,0.4633
0.00588772,0.4634
0.005807585,0.4635
0.006039325,0.4636
0.006964572,0.4637
0.008880142,0.4638
0.011839987,0.4639
0.015790361,0.464
0.020629179,0.4641
0.02550219,0.4642
0.030673623,0.4643
0.036194588,0.4644
0.042453792,0.4645
0.049367633,0.4646
0.056691643,0.4647
0.0642622,0.4648
0.071889883,0.4649
0.079492619,0.465
0.086994861,0.4651
0.094327989,0.4652
0.101432829,0.4653
0.108262724,0.4654
0.114771416,0.4655
0.120909724,0.4656
0.126622051,0.4657
0.131862937,0.4658
0.13659871,0.4659
0.140815232,0.466
0.144513436,0.4661
0.147704952,0.4662
0.150406768,0.4663
0.152634399,0.4664
0.154398347,0.4665
0.15570521,0.4666
0.156558788,0.4667
0.156962491,0.4668
0.156775861,0.4669
0.153088045,0.467
0.148991365,0.4671
0.144610675,0.4672
0.139994607,0.4673
0.135161306,0.4674
0.130136731,0.4675
0.1249468,0.4676
0.119627026,0.4677
0.114220485,0.4678
0.108776924,0.4679
0.103348225,0.468
0.097985572,0.4681
0.092591595,0.4682
0.087299141,0.4683
0.082182329,0.4684
0.077276997,0.4685
0.072610148,0.4686
0.068204087,0.4687
0.06407731,0.4688
0.060244593,0.4689
0.056716292,0.469
0.053497923,0.4691
0.050455295,0.4692
0.047215579,0.4693
0.044226134,0.4694
0.041540596,0.4695
0.038916578,0.4696
0.036019845,0.4697
0.033469254,0.4698
0.030881846,0.4699
0.028339832,0.47
0.026314916,0.4701
0.024066128,0.4702
0.022288239,0.4703
0.02115466,0.4704
0.019950195,0.4705
0.019151061,0.4706
0.019053156,0.4707
0.019543992,0.4708
0.01990395,0.4709
0.020877266,0.471
0.022646082,0.4711
0.024638468,0.4712
0.026773363,0.4713
0.029625219,0.4714
0.033116382,0.4715
0.036499146,0.4716
0.040464238,0.4717
0.044969024,0.4718
0.049620423,0.4719
0.054186251,0.472
0.059191809,0.4721
0.064610698,0.4722
0.070292993,0.4723
0.076097212,0.4724
0.081936181,0.4725
0.087736126,0.4726
0.093411085,0.4727
0.098888955,0.4728
0.104100865,0.4729
0.108987024,0.473
0.113488852,0.4731
0.117554368,0.4732
0.121146221,0.4733
0.124240592,0.4734
0.12682619,0.4735
0.128901109,0.4736
0.1304688,0.4737
0.131539434,0.4738
0.132125501,0.4739
0.132240677,0.474
0.131898601,0.4741
0.131112268,0.4742
0.129893794,0.4743
0.128254967,0.4744
0.126212287,0.4745
0.123765727,0.4746
0.118192265,0.4747
0.112315759,0.4748
0.106339842,0.4749
0.100321101,0.475
0.09427171,0.4751
0.088210177,0.4752
0.082158421,0.4753
0.076077177,0.4754
0.069949204,0.4755
0.06392964,0.4756
0.058074929,0.4757
0.052435558,0.4758
0.047059076,0.4759
0.041993251,0.476
0.03728453,0.4761
0.0329447,0.4762
0.028704587,0.4763
0.024851219,0.4764
0.021442372,0.4765
0.018514034,0.4766
0.016088915,0.4767
0.013770206,0.4768
0.011287104,0.4769
0.009284749,0.477
0.007394647,0.4771
0.005732947,0.4772
0.005575266,0.4773
0.005607729,0.4774
0.005640424,0.4775
0.005715358,0.4776
0.006020274,0.4777
0.006117311,0.4778
0.006053261,0.4779
0.006960673,0.478
0.008429716,0.4781
0.010784398,0.4782
0.014174032,0.4783
0.018583494,0.4784
0.023856382,0.4785
0.029086211,0.4786
0.034616329,0.4787
0.040438857,0.4788
0.046933847,0.4789
0.05401623,0.479
0.061446997,0.4791
0.069059667,0.4792
0.076666105,0.4793
0.084195873,0.4794
0.091585344,0.4795
0.098772758,0.4796
0.10570627,0.4797
0.112341804,0.4798
0.118632349,0.4799
0.124525526,0.48
0.129964271,0.4801
0.134905936,0.4802
0.139324128,0.4803
0.143213682,0.4804
0.146583141,0.4805
0.149448342,0.4806
0.151827717,0.4807
0.15373687,0.4808
0.155186719,0.4809
0.156185012,0.481
0.156736861,0.4811
0.156846142,0.4812
0.154233693,0.4813
0.150269842,0.4814
0.145980748,0.4815
0.141437225,0.4816
0.136665607,0.4817
0.131689998,0.4818
0.126537625,0.4819
0.121242804,0.482
0.115848032,0.4821
0.110402474,0.4822
0.104958139,0.4823
0.099566574,0.4824
0.094199727,0.4825
0.088864198,0.4826
0.083693219,0.4827
0.078726573,0.4828
0.073993378,0.4829
0.069515142,0.483
0.065308608,0.4831
0.061387728,0.4832
0.05776436,0.4833
0.054446934,0.4834
0.051438883,0.4835
0.04820039,0.4836
0.045125262,0.4837
0.042344583,0.4838
0.039888828,0.4839
0.036928473,0.484
0.034252972,0.4841
0.031825331,0.4842
0.029157218,0.4843
0.026954986,0.4844
0.024848169,0.4845
0.022915234,0.4846
0.021568195,0.4847
0.020491809,0.4848
0.019505206,0.4849
0.019145903,0.485
0.019542409,0.4851
0.01981217,0.4852
0.020534906,0.4853
0.022027717,0.4854
0.024063501,0.4855
0.025986293,0.4856
0.028582849,0.4857
0.031964178,0.4858
0.035278367,0.4859
0.039090115,0.486
0.043506851,0.4861
0.048394776,0.4862
0.052844752,0.4863
0.057660987,0.4864
0.062905449,0.4865
0.068477915,0.4866
0.07421367,0.4867
0.080026056,0.4868
0.085828211,0.4869
0.091535509,0.487
0.09707017,0.4871
0.102363199,0.4872
0.107351023,0.4873
0.111980183,0.4874
0.116196887,0.4875
0.119954405,0.4876
0.123220875,0.4877
0.125978462,0.4878
0.128221642,0.4879
0.129953764,0.488
0.131182431,0.4881
0.131920992,0.4882
0.132183899,0.4883
0.131985791,0.4884
0.131340442,0.4885
0.130260419,0.4886
0.128757638,0.4887
0.126848591,0.4888
0.12455182,0.4889
0.119978259,0.489
0.114184966,0.4891
0.108240565,0.4892
0.102233513,0.4893
0.096191694,0.4894
0.090133017,0.4895
0.08407925,0.4896
0.078043872,0.4897
0.071902703,0.4898
0.065853475,0.4899
0.059954632,0.49
0.054256554,0.4901
0.048804782,0.4902
0.043645169,0.4903
0.038823419,0.4904
0.034383492,0.4905
0.030074652,0.4906
0.026078944,0.4907
0.022513778,0.4908
0.019421404,0.4909
0.016828727,0.491
0.014629884,0.4911
0.012019265,0.4912
0.00981887,0.4913
0.008097507,0.4914
0.005945396,0.4915
0.005611898,0.4916
0.005585178,0.4917
0.005670163,0.4918
0.005689225,0.4919
0.006010848,0.492
0.005996141,0.4921
0.005843616,0.4922
0.006461752,0.4923
0.007912376,0.4924
0.010357559,0.4925
0.013832184,0.4926
0.018225131,0.4927
0.022981463,0.4928
0.028117308,0.4929
0.033681049,0.493
0.039536033,0.4931
0.046043187,0.4932
0.053121226,0.4933
0.060536234,0.4934
0.068129394,0.4935
0.075717217,0.4936
0.083232161,0.4937
0.09061076,0.4938
0.097791283,0.4939
0.104722376,0.494
0.111362279,0.4941
0.117667264,0.4942
0.123588532,0.4943
0.129070845,0.4944
0.134070836,0.4945
0.138559239,0.4946
0.142527297,0.4947
0.145980501,0.4948
0.14893275,0.4949
0.151401133,0.495
0.153399857,0.4951
0.154938073,0.4952
0.15602169,0.4953
0.156654621,0.4954
0.156840641,0.4955
0.154993658,0.4956
0.151124433,0.4957
0.146903965,0.4958
0.142421195,0.4959
0.137709894,0.496
0.13279183,0.4961
0.127693019,0.4962
0.122444028,0.4963
0.117083779,0.4964
0.111658148,0.4965
0.106217622,0.4966
0.100813779,0.4967
0.095441157,0.4968
0.090067332,0.4969
0.084845485,0.497
0.07981739,0.4971
0.075013765,0.4972
0.070457675,0.4973
0.066168438,0.4974
0.062162808,0.4975
0.058454793,0.4976
0.055054075,0.4977
0.051964812,0.4978
0.048727866,0.4979
0.045592309,0.498
0.042742184,0.4981
0.040210968,0.4982
0.037333632,0.4983
0.034592443,0.4984
0.032261673,0.4985
0.029498185,0.4986
0.027172388,0.4987
0.025123369,0.4988
0.023084535,0.4989
0.021603421,0.499
0.020579026,0.4991
0.01948874,0.4992
0.018987587,0.4993
0.019235992,0.4994
0.019616344,0.4995
0.020227728,0.4996
0.021563087,0.4997
0.023659585,0.4998
0.025461264,0.4999
0.02790518,0.5
0.031143399,0.5001
0.034544497,0.5002
0.038245338,0.5003
0.042543458,0.5004
0.047333486,0.5005
0.05185486,0.5006
0.056609015,0.5007
0.061797577,0.5008
0.067359969,0.5009
0.073130884,0.501
0.078969299,0.5011
0.084794157,0.5012
0.090540066,0.5013
0.096124316,0.5014
0.101479225,0.5015
0.10653937,0.5016
0.111249072,0.5017
0.115553453,0.5018
0.11940456,0.5019
0.122769325,0.502
0.12562841,0.5021
0.1279747,0.5022
0.129810023,0.5023
0.131140708,0.5024
0.131979194,0.5025
0.132339408,0.5026
0.13223581,0.5027
0.131682167,0.5028
0.130691119,0.5029
0.12927404,0.503
0.127441812,0.5031
0.125209827,0.5032
0.121216779,0.5033
0.115466757,0.5034
0.109539822,0.5035
0.103541519,0.5036
0.09750614,0.5037
0.091448163,0.5038
0.085387548,0.5039
0.079352351,0.504
0.073225678,0.5041
0.067143157,0.5042
0.061198492,0.5043
0.055444963,0.5044
0.049929684,0.5045
0.044698643,0.5046
0.039797974,0.5047
0.0352725,0.5048
0.030973387,0.5049
0.026900075,0.505
0.023239668,0.5051
0.020042075,0.5052
0.017338581,0.5053
0.015149567,0.5054
0.012534061,0.5055
0.010207869,0.5056
0.00852264,0.5057
0.006263713,0.5058
0.005620344,0.5059
0.005589428,0.506
0.005636212,0.5061
0.005690847,0.5062
0.005878188,0.5063
0.006067201,0.5064
0.006175957,0.5065
0.006440227,0.5066
0.007539245,0.5067
0.009686339,0.5068
0.012874975,0.5069
0.017040713,0.507
0.021954294,0.5071
0.026879342,0.5072
0.032232877,0.5073
0.037907725,0.5074
0.044280604,0.5075
0.051268249,0.5076
0.058631418,0.5077
0.066208422,0.5078
0.073812239,0.5079
0.081367785,0.508
0.088805174,0.5081
0.096059522,0.5082
0.10307574,0.5083
0.109809954,0.5084
0.116217199,0.5085
0.122248486,0.5086
0.127848215,0.5087
0.132971808,0.5088
0.137587409,0.5089
0.141682961,0.509
0.145260764,0.5091
0.148332705,0.5092
0.150915279,0.5093
0.153023446,0.5094
0.154667654,0.5095
0.155855016,0.5096
0.156590108,0.5097
0.156876974,0.5098
0.155892945,0.5099
0.152110045,0.51
0.14794653,0.5101
0.143509816,0.5102
0.138841118,0.5103
0.133960038,0.5104
0.128892478,0.5105
0.12366653,0.5106
0.118319328,0.5107
0.112895325,0.5108
0.107444773,0.5109
0.10201971,0.511
0.096653751,0.5111
0.091245078,0.5112
0.085978355,0.5113
0.080897328,0.5114
0.076034931,0.5115
0.071416087,0.5116
0.067061792,0.5117
0.062989534,0.5118
0.059213509,0.5119
0.055743565,0.512
0.052584551,0.5121
0.049424859,0.5122
0.046233461,0.5123
0.043312378,0.5124
0.040704569,0.5125
0.037944973,0.5126
0.035128931,0.5127
0.032693618,0.5128
0.03001653,0.5129
0.027588966,0.513
0.025570572,0.5131
0.02341312,0.5132
0.0217885,0.5133
0.02077052,0.5134
0.019561846,0.5135
0.018910607,0.5136
0.019001386,0.5137
0.019435742,0.5138
0.019920194,0.5139
0.021088292,0.514
0.023074936,0.5141
0.024942482,0.5142
0.027265966,0.5143
0.030345786,0.5144
0.033836641,0.5145
0.037393099,0.5146
0.041542287,0.5147
0.046207805,0.5148
0.050790036,0.5149
0.055471316,0.515
0.060591489,0.5151
0.06610408,0.5152
0.071850079,0.5153
0.077688128,0.5154
0.08353426,0.5155
0.089319152,0.5156
0.09495843,0.5157
0.100382208,0.5158
0.105523342,0.5159
0.11032418,0.516
0.114728126,0.5161
0.118685432,0.5162
0.122161226,0.5163
0.125134339,0.5164
0.127595993,0.5165
0.129546503,0.5166
0.130990979,0.5167
0.131940794,0.5168
0.132409096,0.5169
0.132409819,0.517
0.131956535,0.5171
0.131061968,0.5172
0.129737822,0.5173
0.127995431,0.5174
0.125850773,0.5175
0.122511445,0.5176
0.116842876,0.5177
0.110937157,0.5178
0.104947247,0.5179
0.098917139,0.518
0.092860379,0.5181
0.086796274,0.5182
0.08075034,0.5183
0.074657645,0.5184
0.06855235,0.5185
0.062569609,0.5186
0.056764356,0.5187
0.051185379,0.5188
0.045879543,0.5189
0.040894478,0.519
0.036276565,0.5191
0.031978649,0.5192
0.027821163,0.5193
0.024059774,0.5194
0.020751046,0.5195
0.017930053,0.5196
0.015618566,0.5197
0.01317475,0.5198
0.010788451,0.5199
0.008945568,0.52
0.006925095,0.5201
0.005679261,0.5202
0.005592225,0.5203
0.005594706,0.5204
0.005634635,0.5205
0.005721956,0.5206
0.00610709,0.5207
0.00642998,0.5208
0.006538696,0.5209
0.007352458,0.521
0.009064362,0.5211
0.011824957,0.5212
0.015588684,0.5213
0.020282757,0.5214
0.025395247,0.5215
0.030426425,0.5216
0.035797094,0.5217
0.041921235,0.5218
0.048731045,0.5219
0.05598026,0.522
0.063503963,0.5221
0.071109695,0.5222
0.078708032,0.5223
0.086218983,0.5224
0.093571297,0.5225
0.100703386,0.5226
0.107566556,0.5227
0.114114369,0.5228
0.120303715,0.5229
0.126081302,0.523
0.131394173,0.5231
0.136202462,0.5232
0.140485206,0.5233
0.144240167,0.5234
0.14747839,0.5235
0.150215461,0.5236
0.15246934,0.5237
0.154254021,0.5238
0.155579321,0.5239
0.156451591,0.524
0.156875321,0.5241
0.156854123,0.5242
0.153305786,0.5243
0.149220798,0.5244
0.144845399,0.5245
0.140231603,0.5246
0.13539804,0.5247
0.130370546,0.5248
0.12517505,0.5249
0.119846802,0.525
0.114428749,0.5251
0.108970757,0.5252
0.103525001,0.5253
0.098142995,0.5254
0.092740825,0.5255
0.087425981,0.5256
0.08228602,0.5257
0.077358234,0.5258
0.072670172,0.5259
0.068243739,0.526
0.064096778,0.5261
0.06024346,0.5262
0.056693952,0.5263
0.053454137,0.5264
0.050431428,0.5265
0.047174946,0.5266
0.044166816,0.5267
0.041464058,0.5268
0.038880291,0.5269
0.035970281,0.527
0.033400129,0.5271
0.030843953,0.5272
0.028281955,0.5273
0.026229517,0.5274
0.023997064,0.5275
0.022195405,0.5276
0.021032215,0.5277
0.019830537,0.5278
0.019007073,0.5279
0.018880071,0.528
0.019359543,0.5281
0.019694476,0.5282
0.02064185,0.5283
0.022388775,0.5284
0.024368143,0.5285
0.02648598,0.5286
0.029323176,0.5287
0.032805536,0.5288
0.036177809,0.5289
0.040136261,0.529
0.044640544,0.5291
0.049299975,0.5292
0.05387261,0.5293
0.058889376,0.5294
0.064324351,0.5295
0.070027537,0.5296
0.075856864,0.5297
0.081724101,0.5298
0.087554588,0.5299
0.09326191,0.53
0.09877351,0.5301
0.104020146,0.5302
0.108941652,0.5303
0.113479075,0.5304
0.117580082,0.5305
0.121207017,0.5306
0.124335796,0.5307
0.126954927,0.5308
0.129062355,0.5309
0.130661432,0.531
0.131762262,0.5311
0.132377308,0.5312
0.132520236,0.5313
0.132204708,0.5314
0.131443753,0.5315
0.130249537,0.5316
0.128633906,0.5317
0.126613444,0.5318
0.124172795,0.5319
0.118626198,0.532
0.112755094,0.5321
0.106781589,0.5322
0.100762824,0.5323
0.094711378,0.5324
0.088645785,0.5325
0.082588062,0.5326
0.076535398,0.5327
0.070400708,0.5328
0.064370379,0.5329
0.058502546,0.533
0.052848566,0.5331
0.047455944,0.5332
0.042372429,0.5333
0.037644234,0.5334
0.033313742,0.5335
0.029107214,0.5336
0.025225718,0.5337
0.021775662,0.5338
0.018801026,0.5339
0.016327927,0.534
0.014077268,0.5341
0.011550542,0.5342
0.009474222,0.5343
0.007620855,0.5344
0.005774121,0.5345
0.005587624,0.5346
0.005631182,0.5347
0.005660756,0.5348
0.00571793,0.5349
0.006047033,0.535
0.006322534,0.5351
0.006230216,0.5352
0.006859859,0.5353
0.008394022,0.5354
0.010969267,0.5355
0.014549641,0.5356
0.019065053,0.5357
0.024019361,0.5358
0.028906503,0.5359
0.034149921,0.536
0.04017272,0.5361
0.04690593,0.5362
0.054103791,0.5363
0.061628503,0.5364
0.069283169,0.5365
0.076919357,0.5366
0.08446266,0.5367
0.091861779,0.5368
0.099048597,0.5369
0.105976265,0.537
0.112598822,0.5371
0.1188742,0.5372
0.124750907,0.5373
0.130175581,0.5374
0.135105629,0.5375
0.139515658,0.5376
0.143399108,0.5377
0.146764195,0.5378
0.149625447,0.5379
0.152000983,0.538
0.153905238,0.5381
0.155348273,0.5382
0.15633636,0.5383
0.156873941,0.5384
0.156964808,0.5385
0.154362762,0.5386
0.150383846,0.5387
0.146080707,0.5388
0.141527293,0.5389
0.136751209,0.539
0.131775464,0.5391
0.126624724,0.5392
0.121330233,0.5393
0.115932119,0.5394
0.110478444,0.5395
0.10502133,0.5396
0.099613163,0.5397
0.094230693,0.5398
0.088871808,0.5399
0.08367594,0.54
0.078684014,0.5401
0.073926093,0.5402
0.069424383,0.5403
0.065196058,0.5404
0.061255129,0.5405
0.057613173,0.5406
0.054278076,0.5407
0.051252639,0.5408
0.04797557,0.5409
0.04488174,0.541
0.042083992,0.5411
0.039611847,0.5412
0.036614627,0.5413
0.033923905,0.5414
0.031473695,0.5415
0.028798569,0.5416
0.026595282,0.5417
0.024482848,0.5418
0.022552785,0.5419
0.021213489,0.542
0.020140312,0.5421
0.019161435,0.5422
0.018813605,0.5423
0.019226656,0.5424
0.019491289,0.5425
0.020228601,0.5426
0.021746817,0.5427
0.023788143,0.5428
0.025739652,0.5429
0.028373172,0.543
0.031796186,0.5431
0.03512168,0.5432
0.038973019,0.5433
0.043434768,0.5434
0.048368749,0.5435
0.052832542,0.5436
0.057691382,0.5437
0.062980244,0.5438
0.068595767,0.5439
0.074371854,0.544
0.08022202,0.5441
0.086059321,0.5442
0.091799134,0.5443
0.097363577,0.5444
0.102683535,0.5445
0.10769529,0.5446
0.112345316,0.5447
0.116579747,0.5448
0.120351886,0.5449
0.123630063,0.545
0.126396761,0.5451
0.128646852,0.5452
0.130384103,0.5453
0.131616484,0.5454
0.132357639,0.5455
0.132622202,0.5456
0.132424877,0.5457
0.131779404,0.5458
0.130698239,0.5459
0.129193148,0.546
0.127280475,0.5461
0.12497864,0.5462
0.12016846,0.5463
0.114357193,0.5464
0.108403334,0.5465
0.102388131,0.5466
0.096336228,0.5467
0.090266246,0.5468
0.08420037,0.5469
0.078170134,0.547
0.072044457,0.5471
0.065986416,0.5472
0.06007838,0.5473
0.054372253,0.5474
0.048913936,0.5475
0.043749071,0.5476
0.038922616,0.5477
0.034477362,0.5478
0.0302607,0.5479
0.026263929,0.548
0.022678253,0.5481
0.01955863,0.5482
0.016937461,0.5483
0.014796551,0.5484
0.012148686,0.5485
0.009889725,0.5486
0.008154843,0.5487
0.005962778,0.5488
0.005607898,0.5489
0.005582484,0.549
0.005669152,0.5491
0.005688204,0.5492
0.006005447,0.5493
0.005953223,0.5494
0.005818623,0.5495
0.006451994,0.5496
0.007853394,0.5497
0.010231068,0.5498
0.013651558,0.5499
0.017998132,0.55
0.022819506,0.5501
0.027918872,0.5502
0.033447276,0.5503
0.039274533,0.5504
0.045764512,0.5505
0.052834629,0.5506
0.060249413,0.5507
0.067848989,0.5508
0.075448892,0.5509
0.082979875,0.551
0.090377182,0.5511
0.097578468,0.5512
0.104531868,0.5513
0.111195326,0.5514
0.11752482,0.5515
0.123471055,0.5516
0.128978079,0.5517
0.134001661,0.5518
0.138511708,0.5519
0.142498838,0.552
0.14596826,0.5521
0.148933899,0.5522
0.151413134,0.5523
0.153420611,0.5524
0.154965983,0.5525
0.156055644,0.5526
0.156693905,0.5527
0.15688481,0.5528
0.155159766,0.5529
0.151287957,0.553
0.147059806,0.5531
0.142567392,0.5532
0.137845787,0.5533
0.132916494,0.5534
0.127805586,0.5535
0.122543348,0.5536
0.117168595,0.5537
0.111727219,0.5538
0.106269945,0.5539
0.100848679,0.554
0.095468503,0.5541
0.090076635,0.5542
0.084836687,0.5543
0.079791037,0.5544
0.074970611,0.5545
0.070398333,0.5546
0.066093357,0.5547
0.062072256,0.5548
0.058349015,0.5549
0.054933484,0.555
0.051830179,0.5551
0.048594044,0.5552
0.045446285,0.5553
0.042584061,0.5554
0.040042075,0.5555
0.037168225,0.5556
0.034416652,0.5557
0.032074938,0.5558
0.029308374,0.5559
0.026972189,0.556
0.024914978,0.5561
0.022866936,0.5562
0.021378676,0.5563
0.0203458,0.5564
0.019251339,0.5565
0.018748843,0.5566
0.018999961,0.5567
0.019367135,0.5568
0.019980376,0.5569
0.02132477,0.557
0.023410197,0.5571
0.025221741,0.5572
0.027682153,0.5573
0.030941154,0.5574
0.034334285,0.5575
0.038055673,0.5576
0.042380845,0.5577
0.047200898,0.5578
0.051729488,0.5579
0.056514208,0.558
0.061736694,0.5581
0.067333979,0.5582
0.073139467,0.5583
0.079011672,0.5584
0.084869092,0.5585
0.090646195,0.5586
0.09626009,0.5587
0.101642998,0.5588
0.106729409,0.5589
0.1114636,0.559
0.115790626,0.5591
0.119662486,0.5592
0.123046129,0.5593
0.125922277,0.5594
0.128283912,0.5595
0.130132979,0.5596
0.131475919,0.5597
0.13232528,0.5598
0.132695079,0.5599
0.132599842,0.56
0.132053392,0.5601
0.131068409,0.5602
0.129656298,0.5603
0.127827962,0.5604
0.12559882,0.5605
0.12144493,0.5606
0.115699558,0.5607
0.109770221,0.5608
0.103769072,0.5609
0.097728514,0.561
0.091663671,0.5611
0.08559474,0.5612
0.079550637,0.5613
0.073453085,0.5614
0.067363596,0.5615
0.061409887,0.5616
0.055647133,0.5617
0.050123311,0.5618
0.044884282,0.5619
0.039975969,0.562
0.035442614,0.5621
0.031209875,0.5622
0.02712387,0.5623
0.023436978,0.5624
0.020208106,0.5625
0.017472855,0.5626
0.015251906,0.5627
0.012709347,0.5628
0.010397408,0.5629
0.008680044,0.563
0.006555638,0.5631
0.005647661,0.5632
0.005595911,0.5633
0.005626499,0.5634
0.005694711,0.5635
0.005864462,0.5636
0.006039293,0.5637
0.006140551,0.5638
0.006360725,0.5639
0.007396441,0.564
0.009448204,0.5641
0.012532879,0.5642
0.016598532,0.5643
0.021535946,0.5644
0.0264358,0.5645
0.031703297,0.5646
0.037305583,0.5647
0.043626349,0.5648
0.050582096,0.5649
0.057930943,0.565
0.065509938,0.5651
0.073130592,0.5652
0.080714329,0.5653
0.088188142,0.5654
0.09548464,0.5655
0.102545882,0.5656
0.109325754,0.5657
0.115777951,0.5658
0.121852995,0.5659
0.127495338,0.566
0.132660518,0.5661
0.137316583,0.5662
0.141451247,0.5663
0.145066706,0.5664
0.148174982,0.5665
0.150792878,0.5666
0.152935612,0.5667
0.154613662,0.5668
0.155833935,0.5669
0.156600681,0.567
0.156917679,0.5671
0.156208288,0.5672
0.152433804,0.5673
0.14826783,0.5674
0.143824918,0.5675
0.139149474,0.5676
0.13426092,0.5677
0.129185502,0.5678
0.123950771,0.5679
0.118593453,0.568
0.113157583,0.5681
0.107693218,0.5682
0.102252232,0.5683
0.096885354,0.5684
0.091462179,0.5685
0.08617411,0.5686
0.081069904,0.5687
0.076183556,0.5688
0.07154065,0.5689
0.067162731,0.569
0.06306763,0.5691
0.059269777,0.5692
0.055779203,0.5693
0.052600953,0.5694
0.0494772,0.5695
0.046270023,0.5696
0.04332821,0.5697
0.040698326,0.5698
0.037973785,0.5699
0.035133358,0.57
0.03266548,0.5701
0.030001378,0.5702
0.027541531,0.5703
0.02551607,0.5704
0.023324811,0.5705
0.02166402,0.5706
0.020633217,0.5707
0.019395984,0.5708
0.01871284,0.5709
0.018772921,0.571
0.019197402,0.5711
0.019654541,0.5712
0.020793486,0.5713
0.022754712,0.5714
0.024606688,0.5715
0.026909009,0.5716
0.029972751,0.5717
0.033454966,0.5718
0.037002937,0.5719
0.041149549,0.572
0.045820217,0.5721
0.050416028,0.5722
0.055110305,0.5723
0.060248398,0.5724
0.065783941,0.5725
0.071557682,0.5726
0.077427648,0.5727
0.083308799,0.5728
0.08913096,0.5729
0.094809349,0.573
0.100273652,0.5731
0.105456361,0.5732
0.110299426,0.5733
0.114745822,0.5734
0.118745346,0.5735
0.122262687,0.5736
0.125276262,0.5737
0.127776943,0.5738
0.129764785,0.5739
0.131244742,0.574
0.132228131,0.5741
0.132728132,0.5742
0.132758772,0.5743
0.132333752,0.5744
0.131465922,0.5745
0.130167092,0.5746
0.128448667,0.5747
0.12632669,0.5748
0.122952755,0.5749
0.117315593,0.575
0.111414049,0.5751
0.105424829,0.5752
0.099392145,0.5753
0.093330178,0.5754
0.087258371,0.5755
0.081202639,0.5756
0.07514514,0.5757
0.069029637,0.5758
0.063032241,0.5759
0.057210205,0.576
0.051613463,0.5761
0.04628876,0.5762
0.041283562,0.5763
0.036643754,0.5764
0.03240998,0.5765
0.028235615,0.5766
0.02443263,0.5767
0.021073899,0.5768
0.018200065,0.5769
0.015833888,0.577
0.013467208,0.5771
0.011029978,0.5772
0.009101286,0.5773
0.007117903,0.5774
0.005695993,0.5775
0.005593579,0.5776
0.005593057,0.5777
0.005634235,0.5778
0.005713439,0.5779
0.006072406,0.578
0.006317744,0.5781
0.006446114,0.5782
0.007201573,0.5783
0.008798641,0.5784
0.011441591,0.5785
0.015111646,0.5786
0.019734191,0.5787
0.024914145,0.5788
0.029878671,0.5789
0.03518861,0.579
0.041266871,0.5791
0.048048426,0.5792
0.055284808,0.5793
0.062838284,0.5794
0.070509274,0.5795
0.078148912,0.5796
0.085684613,0.5797
0.093067426,0.5798
0.100230094,0.5799
0.107126196,0.58
0.113708792,0.5801
0.119934351,0.5802
0.125750117,0.5803
0.131102881,0.5804
0.135951981,0.5805
0.140275107,0.5806
0.144068785,0.5807
0.147343386,0.5808
0.150114395,0.5809
0.152400147,0.581
0.154215134,0.5811
0.155569682,0.5812
0.156470515,0.5813
0.1569224,0.5814
0.156929091,0.5815
0.153621911,0.5816
0.149555267,0.5817
0.145188805,0.5818
0.140580323,0.5819
0.135750936,0.582
0.130725948,0.5821
0.125531114,0.5822
0.120200631,0.5823
0.114776589,0.5824
0.109308284,0.5825
0.103847959,0.5826
0.098447698,0.5827
0.093053885,0.5828
0.087717715,0.5829
0.082554004,0.583
0.077601569,0.5831
0.072888574,0.5832
0.0684367,0.5833
0.064263547,0.5834
0.060382922,0.5835
0.056804895,0.5836
0.053535648,0.5837
0.050535611,0.5838
0.047251363,0.5839
0.044211113,0.584
0.041476131,0.5841
0.038921324,0.5842
0.035981553,0.5843
0.033374264,0.5844
0.030847525,0.5845
0.028258008,0.5846
0.026168166,0.5847
0.023988754,0.5848
0.022157254,0.5849
0.020949877,0.585
0.019815269,0.5851
0.018946036,0.5852
0.018751512,0.5853
0.019231254,0.5854
0.01951266,0.5855
0.020397697,0.5856
0.022088947,0.5857
0.024078194,0.5858
0.026162422,0.5859
0.028961039,0.586
0.032462848,0.5861
0.035804578,0.5862
0.039730913,0.5863
0.044211623,0.5864
0.048899482,0.5865
0.053461713,0.5866
0.058470916,0.5867
0.063905603,0.5868
0.069617535,0.5869
0.075464147,0.587
0.081355912,0.5871
0.087216649,0.5872
0.092959144,0.5873
0.098509821,0.5874
0.103798489,0.5875
0.108763937,0.5876
0.113346298,0.5877
0.117492476,0.5878
0.12116428,0.5879
0.124337281,0.588
0.126999813,0.5881
0.129149751,0.5882
0.130790452,0.5883
0.131932009,0.5884
0.132586844,0.5885
0.132768533,0.5886
0.132490607,0.5887
0.131765956,0.5888
0.13060663,0.5889
0.129024398,0.589
0.127035864,0.5891
0.124659871,0.5892
0.119179144,0.5893
0.113313118,0.5894
0.10733932,0.5895
0.101317598,0.5896
0.095261517,0.5897
0.089189589,0.5898
0.083123708,0.5899
0.077098103,0.59
0.070956343,0.5901
0.064913907,0.5902
0.05903179,0.5903
0.053360718,0.5904
0.047946231,0.5905
0.042835357,0.5906
0.038074875,0.5907
0.033708524,0.5908
0.029549225,0.5909
0.02563117,0.591
0.022129844,0.5911
0.019098782,0.5912
0.016568906,0.5913
0.014380359,0.5914
0.01180522,0.5915
0.009651262,0.5916
0.007840915,0.5917
0.005826521,0.5918
0.005603972,0.5919
0.005605968,0.592
0.005673114,0.5921
0.005702335,0.5922
0.006040897,0.5923
0.00620375,0.5924
0.006062298,0.5925
0.006666194,0.5926
0.008198373,0.5927
0.01075947,0.5928
0.014324594,0.5929
0.01881327,0.593
0.023653159,0.5931
0.028529112,0.5932
0.03376924,0.5933
0.039792929,0.5934
0.046527413,0.5935
0.05372752,0.5936
0.061255649,0.5937
0.068915975,0.5938
0.076560432,0.5939
0.084114345,0.594
0.09152576,0.5941
0.098726178,0.5942
0.105668616,0.5943
0.112307602,0.5944
0.118601819,0.5945
0.124500456,0.5946
0.129950205,0.5947
0.134907791,0.5948
0.139346659,0.5949
0.143259132,0.595
0.146652729,0.5951
0.149541735,0.5952
0.15194421,0.5953
0.153874435,0.5954
0.155342154,0.5955
0.156353301,0.5956
0.156912187,0.5957
0.157022762,0.5958
0.154633991,0.5959
0.150672613,0.596
0.146379023,0.5961
0.141832489,0.5962
0.137062756,0.5963
0.132092094,0.5964
0.12694475,0.5965
0.121650983,0.5966
0.116250298,0.5967
0.110790405,0.5968
0.105323447,0.5969
0.099901988,0.597
0.094521059,0.5971
0.089143724,0.5972
0.083926155,0.5973
0.078909993,0.5974
0.074125786,0.5975
0.069596187,0.5976
0.065339029,0.5977
0.061368806,0.5978
0.057697466,0.5979
0.054333185,0.598
0.051279135,0.5981
0.048005054,0.5982
0.044886651,0.5983
0.042061669,0.5984
0.039561461,0.5985
0.036590532,0.5986
0.033881264,0.5987
0.031479859,0.5988
0.028771872,0.5989
0.026525378,0.599
0.024422863,0.5991
0.022453933,0.5992
0.021069435,0.5993
0.019988818,0.5994
0.018978834,0.5995
0.018595539,0.5996
0.018975512,0.5997
0.019255383,0.5998
0.0199684,0.5999
0.021457179,0.6
0.02350811,0.6001
0.025438169,0.6002
0.028047458,0.6003
0.031451762,0.6004
0.034792419,0.6005
0.038632532,0.6006
0.043086336,0.6007
0.04801977,0.6008
0.052506115,0.6009
0.057373769,0.601
0.062675719,0.6011
0.068309847,0.6012
0.074109847,0.6013
0.079987625,0.6014
0.085855212,0.6015
0.091627353,0.6016
0.097225733,0.6017
0.102580913,0.6018
0.107628928,0.6019
0.112315973,0.602
0.116587914,0.6021
0.120397737,0.6022
0.123713442,0.6023
0.126517143,0.6024
0.128803344,0.6025
0.130575476,0.6026
0.131841244,0.6027
0.132614127,0.6028
0.132908707,0.6029
0.132739721,0.603
0.132121008,0.6031
0.131065142,0.6032
0.129584004,0.6033
0.127694069,0.6034
0.125413859,0.6035
0.12062852,0.6036
0.114820564,0.6037
0.108867097,0.6038
0.102850145,0.6039
0.096794567,0.604
0.090718896,0.6041
0.084645272,0.6042
0.07860518,0.6043
0.072509673,0.6044
0.06644055,0.6045
0.06051686,0.6046
0.054792755,0.6047
0.049315294,0.6048
0.044130055,0.6049
0.039281937,0.605
0.034813398,0.6051
0.030656324,0.6052
0.026633442,0.6053
0.023005985,0.6054
0.019838139,0.6055
0.017166983,0.6056
0.015012878,0.6057
0.012396154,0.6058
0.010085584,0.6059
0.008363536,0.606
0.006109539,0.6061
0.00561197,0.6062
0.005580721,0.6063
0.005656134,0.6064
0.005688385,0.6065
0.005932801,0.6066
0.006168724,0.6067
0.006282731,0.6068
0.006641129,0.6069
0.007750878,0.607
0.009871078,0.6071
0.013018279,0.6072
0.017164297,0.6073
0.022180751,0.6074
0.027215397,0.6075
0.032543492,0.6076
0.03819241,0.6077
0.044548206,0.6078
0.051529196,0.6079
0.058893511,0.608
0.066476922,0.6081
0.074089926,0.6082
0.081655365,0.6083
0.089102295,0.6084
0.096365468,0.6085
0.103389624,0.6086
0.110130599,0.6087
0.116542743,0.6088
0.122575763,0.6089
0.128172545,0.609
0.133287288,0.6091
0.137887553,0.6092
0.141961429,0.6093
0.145511983,0.6094
0.1485522,0.6095
0.151099865,0.6096
0.153171268,0.6097
0.15477816,0.6098
0.155928793,0.6099
0.15662853,0.61
0.156881698,0.6101
0.15570181,0.6102
0.151868536,0.6103
0.147659957,0.6104
0.14317971,0.6105
0.138467631,0.6106
0.133544214,0.6107
0.128436056,0.6108
0.123172393,0.6109
0.117791269,0.611
0.11233787,0.6111
0.106862854,0.6112
0.101418438,0.6113
0.096040504,0.6114
0.090620828,0.6115
0.085349848,0.6116
0.080271996,0.6117
0.075419374,0.6118
0.070814996,0.6119
0.066477778,0.612
0.062423682,0.6121
0.058666254,0.6122
0.055215366,0.6123
0.052076239,0.6124
0.048914169,0.6125
0.045737023,0.6126
0.042835194,0.6127
0.040251256,0.6128
0.037465035,0.6129
0.034672103,0.613
0.032270457,0.6131
0.029558246,0.6132
0.027163234,0.6133
0.025117075,0.6134
0.023000344,0.6135
0.021430616,0.6136
0.020387522,0.6137
0.019225286,0.6138
0.018639977,0.6139
0.018805417,0.614
0.019179363,0.6141
0.01972132,0.6142
0.020978198,0.6143
0.023051142,0.6144
0.02478944,0.6145
0.027167618,0.6146
0.030351984,0.6147
0.033750507,0.6148
0.037413629,0.6149
0.04168321,0.615
0.0464611,0.6151
0.051015692,0.6152
0.055778428,0.6153
0.060985752,0.6154
0.066579583,0.6155
0.072395152,0.6156
0.07829012,0.6157
0.084180849,0.6158
0.089999568,0.6159
0.095662344,0.616
0.101100195,0.6161
0.106246671,0.6162
0.111045043,0.6163
0.115439456,0.6164
0.119380973,0.6165
0.122835594,0.6166
0.125783076,0.6167
0.1282155,0.6168
0.130134024,0.6169
0.131544499,0.617
0.13245907,0.6171
0.132891577,0.6172
0.132856549,0.6173
0.132367947,0.6174
0.131438646,0.6175
0.130080263,0.6176
0.128303891,0.6177
0.126125172,0.6178
0.122225333,0.6179
0.116536325,0.618
0.110619021,0.6181
0.104622105,0.6182
0.098582433,0.6183
0.092515275,0.6184
0.086440767,0.6185
0.080387162,0.6186
0.074324789,0.6187
0.068221714,0.6188
0.062245195,0.6189
0.056451925,0.619
0.050891208,0.6191
0.045609518,0.6192
0.040653657,0.6193
0.036068404,0.6194
0.031874616,0.6195
0.027738657,0.6196
0.023985424,0.6197
0.020682042,0.6198
0.01786844,0.6199
0.015566278,0.62
0.013135313,0.6201
0.010752804,0.6202
0.008913397,0.6203
0.006868181,0.6204
0.005673431,0.6205
0.005591205,0.6206
0.005597548,0.6207
0.005636186,0.6208
0.005726959,0.6209
0.006131181,0.621
0.006482395,0.6211
0.006594085,0.6212
0.007433768,0.6213
0.009188333,0.6214
0.011989214,0.6215
0.015787837,0.6216
0.020511891,0.6217
0.025632957,0.6218
0.030693021,0.6219
0.036090765,0.622
0.042238312,0.6221
0.049066946,0.6222
0.056330775,0.6223
0.063864713,0.6224
0.071476384,0.6225
0.079077305,0.6226
0.086588048,0.6227
0.093937385,0.6228
0.101063797,0.6229
0.107918533,0.623
0.114454099,0.6231
0.120620436,0.6232
0.126361713,0.6233
0.131632076,0.6234
0.136397031,0.6235
0.140640714,0.6236
0.14436194,0.6237
0.14757038,0.6238
0.150282234,0.6239
0.152513669,0.624
0.15427711,0.6241
0.155581417,0.6242
0.15643225,0.6243
0.156833988,0.6244
0.156790107,0.6245
0.153202535,0.6246
0.149078693,0.6247
0.144665633,0.6248
0.140015942,0.6249
0.135148554,0.625
0.130089566,0.6251
0.124865119,0.6252
0.119510678,0.6253
0.114069329,0.6254
0.108590939,0.6255
0.103127489,0.6256
0.097730177,0.6257
0.092306793,0.6258
0.086978828,0.6259
0.081828345,0.626
0.076892798,0.6261
0.07219999,0.6262
0.067772022,0.6263
0.063626636,0.6264
0.059777734,0.6265
0.056235132,0.6266
0.053004356,0.6267
0.049960296,0.6268
0.046711733,0.6269
0.043716272,0.627
0.041029294,0.6271
0.038418165,0.6272
0.035522714,0.6273
0.032974996,0.6274
0.030392428,0.6275
0.027852974,0.6276
0.025833878,0.6277
0.023574239,0.6278
0.021803267,0.6279
0.020686391,0.628
0.019459796,0.6281
0.018676746,0.6282
0.018609896,0.6283
0.019072857,0.6284
0.019459205,0.6285
0.020476573,0.6286
0.02229879,0.6287
0.024240348,0.6288
0.026416508,0.6289
0.029332428,0.629
0.032795879,0.6291
0.0362392,0.6292
0.040279865,0.6293
0.04486272,0.6294
0.049504458,0.6295
0.054141645,0.6296
0.059226811,0.6297
0.06472529,0.6298
0.070482812,0.6299
0.076356791,0.63
0.082259427,0.6301
0.08811723,0.6302
0.093844069,0.6303
0.099367989,0.6304
0.104620262,0.6305
0.109541435,0.6306
0.114073197,0.6307
0.118163909,0.6308
0.121776665,0.6309
0.124888139,0.631
0.127487517,0.6311
0.129573329,0.6312
0.131149372,0.6313
0.132226142,0.6314
0.132816408,0.6315
0.132934093,0.6316
0.132593033,0.6317
0.131806354,0.6318
0.130586227,0.6319
0.128944424,0.632
0.126897401,0.6321
0.124010516,0.6322
0.118449472,0.6323
0.112568052,0.6324
0.106587994,0.6325
0.100560794,0.6326
0.094500214,0.6327
0.088425254,0.6328
0.082359959,0.6329
0.076334894,0.633
0.0701997,0.6331
0.064171143,0.6332
0.058308905,0.6333
0.052664534,0.6334
0.04728506,0.6335
0.042218499,0.6336
0.037511324,0.6337
0.033205118,0.6338
0.029087473,0.6339
0.025219604,0.634
0.021770442,0.6341
0.018793812,0.6342
0.016320301,0.6343
0.014079708,0.6344
0.01154915,0.6345
0.009466479,0.6346
0.007592447,0.6347
0.005767074,0.6348
0.005586216,0.6349
0.005633454,0.635
0.00565915,0.6351
0.005718867,0.6352
0.006064409,0.6353
0.006338604,0.6354
0.006258156,0.6355
0.006905203,0.6356
0.008459675,0.6357
0.011054373,0.6358
0.014654494,0.6359
0.01918893,0.636
0.024165733,0.6361
0.029070331,0.6362
0.034330474,0.6363
0.040368903,0.6364
0.047116253,0.6365
0.054326527,0.6366
0.061861638,0.6367
0.06952437,0.6368
0.077166075,0.6369
0.084712758,0.637
0.092113357,0.6371
0.099299754,0.6372
0.10622504,0.6373
0.112843162,0.6374
0.119111948,0.6375
0.124979854,0.6376
0.130393558,0.6377
0.135310679,0.6378
0.139706086,0.6379
0.143573469,0.638
0.146921212,0.6381
0.149763936,0.6382
0.152119841,0.6383
0.15400347,0.6384
0.155425021,0.6385
0.156390927,0.6386
0.15690577,0.6387
0.156973444,0.6388
0.154258192,0.6389
0.150249713,0.639
0.14592045,0.6391
0.141342392,0.6392
0.136542382,0.6393
0.131543798,0.6394
0.126371464,0.6395
0.121057027,0.6396
0.115640903,0.6397
0.110171364,0.6398
0.10470061,0.6399
0.099281056,0.64
0.093890088,0.6401
0.088522238,0.6402
0.083319427,0.6403
0.078322635,0.6404
0.073561747,0.6405
0.069058666,0.6406
0.064830312,0.6407
0.060890515,0.6408
0.057250759,0.6409
0.053918914,0.641
0.05089778,0.6411
0.047594896,0.6412
0.044503132,0.6413
0.041712393,0.6414
0.039213684,0.6415
0.036221878,0.6416
0.033545862,0.6417
0.031069982,0.6418
0.028411173,0.6419
0.026233133,0.642
0.024096348,0.6421
0.022189516,0.6422
0.020885816,0.6423
0.019790186,0.6424
0.018842841,0.6425
0.01854275,0.6426
0.019010435,0.6427
0.01923415,0.6428
0.020012995,0.6429
0.021595731,0.643
0.023616772,0.6431
0.025622526,0.6432
0.028326878,0.6433
0.031822221,0.6434
0.035121101,0.6435
0.038971415,0.6436
0.043388321,0.6437
0.04811537,0.6438
0.052640757,0.6439
0.057617482,0.644
0.06303287,0.6441
0.068742346,0.6442
0.074602584,0.6443
0.080521815,0.6444
0.086421313,0.6445
0.092212899,0.6446
0.097821697,0.6447
0.103176384,0.6448
0.108215409,0.6449
0.11288465,0.645
0.117131898,0.6451
0.120910308,0.6452
0.12418964,0.6453
0.126952773,0.6454
0.129195956,0.6455
0.130923559,0.6456
0.132144576,0.6457
0.132872929,0.6458
0.133123615,0.6459
0.132911099,0.646
0.132249081,0.6461
0.131149866,0.6462
0.129625518,0.6463
0.127692773,0.6464
0.125370663,0.6465
0.120139368,0.6466
0.114299699,0.6467
0.108337398,0.6468
0.102319574,0.6469
0.096263213,0.647
0.090186469,0.6471
0.084111261,0.6472
0.078071134,0.6473
0.07197942,0.6474
0.065916814,0.6475
0.060004893,0.6476
0.054297911,0.6477
0.048842607,0.6478
0.04368471,0.6479
0.038870192,0.648
0.034442547,0.6481
0.030348327,0.6482
0.026365364,0.6483
0.022774086,0.6484
0.019641956,0.6485
0.017007461,0.6486
0.014890422,0.6487
0.012241552,0.6488
0.009952844,0.6489
0.008197855,0.649
0.005982159,0.6491
0.005607142,0.6492
0.005581269,0.6493
0.005669824,0.6494
0.005688878,0.6495
0.006000519,0.6496
0.005937701,0.6497
0.005815479,0.6498
0.006455504,0.6499
0.007855881,0.65
0.010227041,0.6501
0.01364301,0.6502
0.017985918,0.6503
0.022827204,0.6504
0.027926833,0.6505
0.033456413,0.6506
0.039286984,0.6507
0.045782712,0.6508
0.052860563,0.6509
0.060284435,0.651
0.067893928,0.6511
0.075504057,0.6512
0.083045208,0.6513
0.090452251,0.6514
0.097662557,0.6515
0.104624007,0.6516
0.111294426,0.6517
0.117629736,0.6518
0.123580592,0.6519
0.129090923,0.652
0.134116365,0.6521
0.138626649,0.6522
0.142612253,0.6523
0.146078305,0.6524
0.149038726,0.6525
0.151510967,0.6526
0.153509801,0.6527
0.155045055,0.6528
0.15612333,0.6529
0.156749165,0.653
0.156926829,0.6531
0.155189282,0.6532
0.151296819,0.6533
0.147047537,0.6534
0.14253396,0.6535
0.137791401,0.6536
0.132841485,0.6537
0.127710384,0.6538
0.122428451,0.6539
0.11703458,0.654
0.111574761,0.6541
0.106099842,0.6542
0.10066187,0.6543
0.095273723,0.6544
0.089865898,0.6545
0.084610933,0.6546
0.079551751,0.6547
0.074719466,0.6548
0.070136863,0.6549
0.065822898,0.655
0.061793898,0.6551
0.058063698,0.6552
0.054642134,0.6553
0.051533821,0.6554
0.048282461,0.6555
0.045128759,0.6556
0.042263403,0.6557
0.039720854,0.6558
0.036826791,0.6559
0.034074788,0.656
0.031724175,0.6561
0.028951857,0.6562
0.026623468,0.6563
0.024550569,0.6564
0.022512666,0.6565
0.02104233,0.6566
0.01999643,0.6567
0.018919227,0.6568
0.018444183,0.6569
0.018729518,0.657
0.019067379,0.6571
0.01970699,0.6572
0.021095295,0.6573
0.023161117,0.6574
0.025011389,0.6575
0.02752489,0.6576
0.030840858,0.6577
0.034210457,0.6578
0.037981975,0.6579
0.042367096,0.658
0.047246722,0.6581
0.051768314,0.6582
0.056605535,0.6583
0.061883767,0.6584
0.067534175,0.6585
0.073387419,0.6586
0.079301696,0.6587
0.085195592,0.6588
0.091004198,0.6589
0.096644708,0.659
0.102049623,0.6591
0.107153634,0.6592
0.111901329,0.6593
0.116238003,0.6594
0.120115944,0.6595
0.123502472,0.6596
0.126378762,0.6597
0.128738272,0.6598
0.130583428,0.6599
0.131921068,0.66
0.132764071,0.6601
0.133126663,0.6602
0.133023481,0.6603
0.132468381,0.6604
0.131474033,0.6605
0.130051811,0.6606
0.12821257,0.6607
0.125971679,0.6608
0.121487418,0.6609
0.115741617,0.661
0.109805587,0.6611
0.103799431,0.6612
0.097751521,0.6613
0.091678075,0.6614
0.085599671,0.6615
0.079546834,0.6616
0.073481534,0.6617
0.06738848,0.6618
0.061431132,0.6619
0.055666591,0.662
0.050143632,0.6621
0.044907938,0.6622
0.04000471,0.6623
0.035476774,0.6624
0.031345043,0.6625
0.027268357,0.6626
0.023572086,0.6627
0.020327238,0.6628
0.017574481,0.6629
0.015335052,0.663
0.01285753,0.6631
0.010518988,0.6632
0.008751717,0.6633
0.006619333,0.6634
0.005651586,0.6635
0.005600263,0.6636
0.005618144,0.6637
0.00569305,0.6638
0.005855858,0.6639
0.006009872,0.664
0.00609104,0.6641
0.00631124,0.6642
0.007341562,0.6643
0.009374649,0.6644
0.012442747,0.6645
0.016495612,0.6646
0.021426419,0.6647
0.026344504,0.6648
0.031607916,0.6649
0.037209735,0.665
0.043533814,0.6651
0.050496089,0.6652
0.057853775,0.6653
0.065443513,0.6654
0.073076445,0.6655
0.080673418,0.6656
0.088160805,0.6657
0.095470578,0.6658
0.10254428,0.6659
0.109335557,0.666
0.115798137,0.6661
0.121882663,0.6662
0.127533649,0.6663
0.132706549,0.6664
0.137369182,0.6665
0.141509005,0.6666
0.145128062,0.6667
0.148238365,0.6668
0.150856817,0.6669
0.152998766,0.667
0.154674803,0.6671
0.155891932,0.6672
0.15665452,0.6673
0.156966487,0.6674
0.156287057,0.6675
0.152497186,0.6676
0.148314099,0.6677
0.143853668,0.6678
0.139160843,0.6679
0.134254997,0.668
0.129162426,0.6681
0.123910624,0.6682
0.118536347,0.6683
0.113083702,0.6684
0.107602875,0.6685
0.102145872,0.6686
0.096763563,0.6687
0.091336672,0.6688
0.086033854,0.6689
0.080915257,0.669
0.076015509,0.6691
0.071360404,0.6692
0.066971323,0.6693
0.062865931,0.6694
0.059058503,0.6695
0.05555906,0.6696
0.052372759,0.6697
0.049243653,0.6698
0.046027727,0.6699
0.043078225,0.67
0.040442423,0.6701
0.037706859,0.6702
0.034860532,0.6703
0.032389467,0.6704
0.029709774,0.6705
0.027247721,0.6706
0.025207251,0.6707
0.023017438,0.6708
0.021363351,0.6709
0.020320572,0.671
0.019091128,0.6711
0.018422581,0.6712
0.018503163,0.6713
0.018905027,0.6714
0.019378143,0.6715
0.020546095,0.6716
0.022542539,0.6717
0.024362381,0.6718
0.026692884,0.6719
0.029799555,0.672
0.033271744,0.6721
0.036859817,0.6722
0.041054947,0.6723
0.045775047,0.6724
0.050370175,0.6725
0.055109189,0.6726
0.060296044,0.6727
0.065879632,0.6728
0.071698294,0.6729
0.077609511,0.673
0.083528024,0.6731
0.089383937,0.6732
0.095092437,0.6733
0.100583331,0.6734
0.105789189,0.6735
0.110652118,0.6736
0.115115191,0.6737
0.119128347,0.6738
0.122656499,0.6739
0.12567835,0.674
0.128185082,0.6741
0.130177068,0.6742
0.131659536,0.6743
0.132644064,0.6744
0.133144048,0.6745
0.13317369,0.6746
0.132746809,0.6747
0.131876321,0.6748
0.130574037,0.6749
0.128851312,0.675
0.126724118,0.6751
0.123070693,0.6752
0.117439219,0.6753
0.111532794,0.6754
0.105539361,0.6755
0.09949994,0.6756
0.093429757,0.6757
0.087348611,0.6758
0.081283796,0.6759
0.075259089,0.676
0.069138665,0.6761
0.063135628,0.6762
0.057309247,0.6763
0.051710288,0.6764
0.046385269,0.6765
0.041381243,0.6766
0.036743178,0.6767
0.032510842,0.6768
0.028419,0.6769
0.024607863,0.677
0.02122511,0.6771
0.018322956,0.6772
0.015929601,0.6773
0.013596813,0.6774
0.011133893,0.6775
0.009163868,0.6776
0.007183163,0.6777
0.005701089,0.6778
0.005587713,0.6779
0.005598017,0.678
0.005635247,0.6781
0.005714962,0.6782
0.006070695,0.6783
0.006273365,0.6784
0.00641051,0.6785
0.007142925,0.6786
0.008694226,0.6787
0.011282537,0.6788
0.014909297,0.6789
0.019499176,0.679
0.02474574,0.6791
0.02967896,0.6792
0.034960282,0.6793
0.041018388,0.6794
0.047790189,0.6795
0.055025449,0.6796
0.062584542,0.6797
0.070266607,0.6798
0.077921533,0.6799
0.085475345,0.68
0.092877969,0.6801
0.100061581,0.6802
0.106979282,0.6803
0.1135839,0.6804
0.119831686,0.6805
0.125669528,0.6806
0.131043644,0.6807
0.135912685,0.6808
0.140253675,0.6809
0.144062692,0.681
0.147349995,0.6811
0.150131255,0.6812
0.15242521,0.6813
0.154246837,0.6814
0.155606921,0.6815
0.156512563,0.6816
0.156968785,0.6817
0.156979467,0.6818
0.153755178,0.6819
0.149681101,0.682
0.145303377,0.6821
0.140682209,0.6822
0.135839745,0.6823
0.130801176,0.6824
0.125592351,0.6825
0.120247296,0.6826
0.114808045,0.6827
0.109323923,0.6828
0.10384736,0.6829
0.098430684,0.683
0.093036398,0.6831
0.087684061,0.6832
0.082504005,0.6833
0.077535861,0.6834
0.072808028,0.6835
0.06834189,0.6836
0.064154758,0.6837
0.060260194,0.6838
0.056668281,0.6839
0.053385462,0.684
0.050389985,0.6841
0.047092312,0.6842
0.044038255,0.6843
0.041290964,0.6844
0.038739314,0.6845
0.035788439,0.6846
0.03316977,0.6847
0.030639258,0.6848
0.028039212,0.6849
0.025939635,0.685
0.023750414,0.6851
0.021911303,0.6852
0.020699712,0.6853
0.019553296,0.6854
0.018681651,0.6855
0.018489988,0.6856
0.018955875,0.6857
0.019239632,0.6858
0.020134144,0.6859
0.021840804,0.686
0.023807604,0.6861
0.025904807,0.6862
0.028726835,0.6863
0.032218951,0.6864
0.035584588,0.6865
0.039542338,0.6866
0.04405786,0.6867
0.048747798,0.6868
0.053344349,0.6869
0.058392598,0.687
0.063867785,0.6871
0.06961982,0.6872
0.07550547,0.6873
0.081434617,0.6874
0.087330904,0.6875
0.093106879,0.6876
0.098688849,0.6877
0.104006529,0.6878
0.108998694,0.6879
0.113605443,0.688
0.117773688,0.6881
0.121465322,0.6882
0.124656046,0.6883
0.12733435,0.6884
0.129498277,0.6885
0.131151327,0.6886
0.132303747,0.6887
0.132968097,0.6888
0.133158074,0.6889
0.132887312,0.689
0.132168772,0.6891
0.131014537,0.6892
0.129436379,0.6893
0.127450897,0.6894
0.124906514,0.6895
0.11940539,0.6896
0.113535641,0.6897
0.107558832,0.6898
0.101532062,0.6899
0.095469166,0.69
0.089388949,0.6901
0.083314196,0.6902
0.077279762,0.6903
0.071173663,0.6904
0.065123716,0.6905
0.059230604,0.6906
0.053548433,0.6907
0.048125481,0.6908
0.043009902,0.6909
0.038248681,0.691
0.033883933,0.6911
0.029829596,0.6912
0.02590684,0.6913
0.02237988,0.6914
0.019315092,0.6915
0.01674997,0.6916
0.014614908,0.6917
0.012003312,0.6918
0.009789689,0.6919
0.007985592,0.692
0.005873729,0.6921
0.005613985,0.6922
0.005593332,0.6923
0.005671264,0.6924
0.005694439,0.6925
0.006044609,0.6926
0.006109056,0.6927
0.005943733,0.6928
0.006543278,0.6929
0.008081074,0.693
0.010637487,0.6931
0.014200348,0.6932
0.018678365,0.6933
0.023460548,0.6934
0.028333611,0.6935
0.03357647,0.6936
0.039606279,0.6937
0.046347855,0.6938
0.053555864,0.6939
0.061092452,0.694
0.068762049,0.6941
0.076416515,0.6942
0.083981052,0.6943
0.091403291,0.6944
0.098614444,0.6945
0.105567386,0.6946
0.112216941,0.6947
0.118522247,0.6948
0.124432931,0.6949
0.129895736,0.695
0.13486705,0.6951
0.139319682,0.6952
0.143245357,0.6953
0.14665122,0.6954
0.149551436,0.6955
0.151964047,0.6956
0.153903273,0.6957
0.15537871,0.6958
0.15639616,0.6959
0.156959923,0.696
0.157074111,0.6961
0.154773363,0.6962
0.150807518,0.6963
0.146505988,0.6964
0.141950751,0.6965
0.137172625,0.6966
0.132193538,0.6967
0.127037505,0.6968
0.121734284,0.6969
0.116323079,0.697
0.110851457,0.6971
0.105371616,0.6972
0.099936249,0.6973
0.094556037,0.6974
0.089162846,0.6975
0.083928189,0.6976
0.078894666,0.6977
0.074093338,0.6978
0.069546912,0.6979
0.065273247,0.698
0.061286765,0.6981
0.057599413,0.6982
0.054219461,0.6983
0.051150296,0.6984
0.047874242,0.6985
0.04474111,0.6986
0.041901109,0.6987
0.039386887,0.6988
0.036412593,0.6989
0.033689664,0.699
0.031280502,0.6991
0.028559088,0.6992
0.026300195,0.6993
0.024189355,0.6994
0.022211465,0.6995
0.020820483,0.6996
0.019734938,0.6997
0.01872121,0.6998
0.01833678,0.6999
0.018719881,0.7
0.018987559,0.7001
0.019702059,0.7002
0.021200201,0.7003
0.02323963,0.7004
0.02518009,0.7005
0.02780723,0.7006
0.031234023,0.7007
0.034565958,0.7008
0.038428054,0.7009
0.042910858,0.701
0.047876264,0.7011
0.052367291,0.7012
0.057266892,0.7013
0.062604452,0.7014
0.068275079,0.7015
0.074111092,0.7016
0.080024078,0.7017
0.085925634,0.7018
0.091730381,0.7019
0.097359847,0.702
0.102744496,0.7021
0.107820254,0.7022
0.112533247,0.7023
0.116829233,0.7024
0.120661134,0.7025
0.123996965,0.7026
0.126818927,0.7027
0.129121655,0.7028
0.130908743,0.7029
0.13218805,0.703
0.132973197,0.7031
0.133278873,0.7032
0.133119887,0.7033
0.132510114,0.7034
0.131462136,0.7035
0.129987229,0.7036
0.128096115,0.7037
0.125803979,0.7038
0.120859944,0.7039
0.115067155,0.704
0.109113353,0.7041
0.103096542,0.7042
0.097038757,0.7043
0.09095753,0.7044
0.084874416,0.7045
0.078822275,0.7046
0.072752586,0.7047
0.06667089,0.7048
0.060732417,0.7049
0.054993157,0.705
0.049500662,0.7051
0.044299978,0.7052
0.03943686,0.7053
0.034955535,0.7054
0.030860861,0.7055
0.026828739,0.7056
0.023179665,0.7057
0.019985376,0.7058
0.017286761,0.7059
0.015104522,0.706
0.012543639,0.7061
0.010207588,0.7062
0.008481418,0.7063
0.006186695,0.7064
0.005613568,0.7065
0.005585765,0.7066
0.005643455,0.7067
0.005690306,0.7068
0.005900143,0.7069
0.006120776,0.707
0.006198708,0.7071
0.006569413,0.7072
0.007657957,0.7073
0.009714399,0.7074
0.012790335,0.7075
0.016871359,0.7076
0.021835903,0.7077
0.026926441,0.7078
0.032207161,0.7079
0.037814842,0.708
0.044140541,0.7081
0.051104489,0.7082
0.058462822,0.7083
0.06605027,0.7084
0.073675872,0.7085
0.08126,0.7086
0.088729886,0.7087
0.096019216,0.7088
0.103071594,0.7089
0.109842087,0.709
0.116284476,0.7091
0.122348035,0.7092
0.127975169,0.7093
0.133119536,0.7094
0.137748094,0.7095
0.14184849,0.7096
0.145423632,0.7097
0.148486636,0.7098
0.151055564,0.7099
0.153146995,0.71
0.154772868,0.7101
0.15594155,0.7102
0.156658471,0.7103
0.15692801,0.7104
0.15592663,0.7105
0.152095551,0.7106
0.147882024,0.7107
0.143394299,0.7108
0.138674169,0.7109
0.13374185,0.711
0.128624068,0.7111
0.123349684,0.7112
0.117956537,0.7113
0.112489678,0.7114
0.106999824,0.7115
0.101539295,0.7116
0.096159077,0.7117
0.090724448,0.7118
0.085434598,0.7119
0.080337236,0.712
0.075465069,0.7121
0.070841265,0.7122
0.06648482,0.7123
0.062411701,0.7124
0.058635533,0.7125
0.055166397,0.7126
0.052009854,0.7127
0.048864119,0.7128
0.045671501,0.7129
0.042751873,0.713
0.040150311,0.7131
0.03737963,0.7132
0.034568488,0.7133
0.032144857,0.7134
0.029434909,0.7135
0.02701875,0.7136
0.024963782,0.7137
0.022826177,0.7138
0.021235764,0.7139
0.020182259,0.714
0.019004699,0.7141
0.018404211,0.7142
0.018557661,0.7143
0.018920285,0.7144
0.019451418,0.7145
0.020701033,0.7146
0.022780864,0.7147
0.024553678,0.7148
0.026947764,0.7149
0.030133149,0.715
0.033584957,0.7151
0.037235643,0.7152
0.041497986,0.7153
0.046274991,0.7154
0.050838083,0.7155
0.055615988,0.7156
0.060840824,0.7157
0.066454195,0.7158
0.072291256,0.7159
0.078209649,0.716
0.084125356,0.7161
0.089970184,0.7162
0.095659962,0.7163
0.101125389,0.7164
0.10629975,0.7165
0.111126005,0.7166
0.115548005,0.7167
0.119516529,0.7168
0.122997377,0.7169
0.12597018,0.717
0.128426977,0.7171
0.130368896,0.7172
0.131801727,0.7173
0.132737474,0.7174
0.133189791,0.7175
0.133173026,0.7176
0.132701048,0.7177
0.131786754,0.7178
0.130441886,0.7179
0.1286777,0.718
0.126510025,0.7181
0.122523718,0.7182
0.116855916,0.7183
0.110939807,0.7184
0.104942606,0.7185
0.098900479,0.7186
0.09282915,0.7187
0.086748727,0.7188
0.080687867,0.7189
0.074654808,0.719
0.068544444,0.7191
0.062557371,0.7192
0.05675217,0.7193
0.051179086,0.7194
0.045884565,0.7195
0.040915361,0.7196
0.036315918,0.7197
0.032125225,0.7198
0.028033078,0.7199
0.024257931,0.72
0.020919801,0.7201
0.018067257,0.7202
0.015725832,0.7203
0.013346036,0.7204
0.01092766,0.7205
0.009028099,0.7206
0.007006279,0.7207
0.005684941,0.7208
0.005599551,0.7209
0.005593418,0.721
0.005634837,0.7211
0.005717371,0.7212
0.006107578,0.7213
0.00641271,0.7214
0.006541198,0.7215
0.007350965,0.7216
0.009040238,0.7217
0.011779022,0.7218
0.015529536,0.7219
0.020217844,0.722
0.025358115,0.7221
0.030386799,0.7222
0.03575695,0.7223
0.041884651,0.7224
0.048701956,0.7225
0.055962072,0.7226
0.063498972,0.7227
0.07111963,0.7228
0.078733629,0.7229
0.086260399,0.723
0.09362778,0.7231
0.100773631,0.7232
0.107648825,0.7233
0.114206041,0.7234
0.120395481,0.7235
0.126161539,0.7236
0.131458074,0.7237
0.136249868,0.7238
0.140520016,0.7239
0.144266434,0.724
0.1474982,0.7241
0.150231351,0.7242
0.152482162,0.7243
0.154263314,0.7244
0.155583938,0.7245
0.15644997,0.7246
0.156866042,0.7247
0.156835879,0.7248
0.153412413,0.7249
0.149294537,0.725
0.144881293,0.7251
0.140229351,0.7252
0.135359254,0.7253
0.130296581,0.7254
0.125067336,0.7255
0.119706383,0.7256
0.114256446,0.7257
0.108767192,0.7258
0.103290687,0.7259
0.097878339,0.726
0.092455762,0.7261
0.08711014,0.7262
0.081940285,0.7263
0.076984842,0.7264
0.072272249,0.7265
0.067824632,0.7266
0.063659637,0.7267
0.059790949,0.7268
0.05622831,0.7269
0.052977396,0.727
0.049942137,0.7271
0.046674729,0.7272
0.043658366,0.7273
0.040950927,0.7274
0.038352746,0.7275
0.035438235,0.7276
0.032867599,0.7277
0.030302924,0.7278
0.027749805,0.7279
0.025711333,0.728
0.023497701,0.7281
0.02171325,0.7282
0.02057347,0.7283
0.019412261,0.7284
0.018602313,0.7285
0.018491795,0.7286
0.01895712,0.7287
0.019310853,0.7288
0.020290766,0.7289
0.022081768,0.729
0.024029251,0.7291
0.026190531,0.7292
0.029090085,0.7293
0.032571618,0.7294
0.036003084,0.7295
0.040031366,0.7296
0.044607295,0.7297
0.049271566,0.7298
0.053909419,0.7299
0.058997279,0.73
0.064502853,0.7301
0.070272712,0.7302
0.076163856,0.7303
0.082087673,0.7304
0.08796974,0.7305
0.093723379,0.7306
0.099275941,0.7307
0.104558025,0.7308
0.109509454,0.7309
0.114071297,0.731
0.118191442,0.7311
0.121832725,0.7312
0.124971727,0.7313
0.127597665,0.7314
0.12970917,0.7315
0.131310159,0.7316
0.132411214,0.7317
0.13302514,0.7318
0.133165826,0.7319
0.132847023,0.732
0.132081743,0.7321
0.130882042,0.7322
0.129259609,0.7323
0.127230883,0.7324
0.124360046,0.7325
0.118819561,0.7326
0.112938773,0.7327
0.106956826,0.7328
0.100926073,0.7329
0.094860716,0.733
0.088779853,0.7331
0.082707599,0.7332
0.076679732,0.7333
0.07056317,0.7334
0.064526213,0.7335
0.058652353,0.7336
0.05299458,0.7337
0.047600558,0.7338
0.042518181,0.7339
0.037793853,0.734
0.033469031,0.7341
0.029402937,0.7342
0.025514784,0.7343
0.022032351,0.7344
0.019017708,0.7345
0.016505612,0.7346
0.014315848,0.7347
0.011751063,0.7348
0.009611517,0.7349
0.007765421,0.735
0.005805834,0.7351
0.005598592,0.7352
0.005612879,0.7353
0.00567755,0.7354
0.005709663,0.7355
0.006065041,0.7356
0.006253791,0.7357
0.006141439,0.7358
0.006775339,0.7359
0.008336065,0.736
0.010926815,0.7361
0.014522179,0.7362
0.019042245,0.7363
0.023932515,0.7364
0.028834371,0.7365
0.034097107,0.7366
0.040140305,0.7367
0.046891618,0.7368
0.054105718,0.7369
0.061644775,0.737
0.069312412,0.7371
0.076960221,0.7372
0.084514106,0.7373
0.091922531,0.7374
0.099117061,0.7375
0.106050697,0.7376
0.112677833,0.7377
0.118956989,0.7378
0.124837305,0.7379
0.130265649,0.738
0.135199246,0.7381
0.13961213,0.7382
0.143497133,0.7383
0.14686205,0.7384
0.149721251,0.7385
0.152092834,0.7386
0.153991196,0.7387
0.155426292,0.7388
0.156404316,0.7389
0.15692978,0.739
0.15700674,0.7391
0.154418717,0.7392
0.150417867,0.7393
0.146091516,0.7394
0.14151498,0.7395
0.136716423,0.7396
0.131718731,0.7397
0.126546406,0.7398
0.121230413,0.7399
0.115810717,0.74
0.110335317,0.7401
0.104856384,0.7402
0.099426407,0.7403
0.094034835,0.7404
0.088652417,0.7405
0.083432844,0.7406
0.078418011,0.7407
0.073638456,0.7408
0.069116388,0.7409
0.064868945,0.741
0.060910014,0.7411
0.057251131,0.7412
0.053900254,0.7413
0.050860375,0.7414
0.047555025,0.7415
0.044446235,0.7416
0.041637128,0.7417
0.039142267,0.7418
0.03614031,0.7419
0.03345184,0.742
0.031018209,0.7421
0.02833946,0.7422
0.026133548,0.7423
0.024006302,0.7424
0.022073669,0.7425
0.020740371,0.7426
0.019636122,0.7427
0.018670687,0.7428
0.018351686,0.7429
0.018803168,0.743
0.019035237,0.7431
0.019802847,0.7432
0.021373286,0.7433
0.023402178,0.7434
0.025400145,0.7435
0.028096377,0.7436
0.031587657,0.7437
0.034896322,0.7438
0.038809252,0.7439
0.043344619,0.744
0.048353523,0.7441
0.052820996,0.7442
0.057749092,0.7443
0.063111736,0.7444
0.068798443,0.7445
0.074639793,0.7446
0.080549365,0.7447
0.086439827,0.7448
0.092226667,0.7449
0.097832117,0.745
0.103187367,0.7451
0.108229043,0.7452
0.11290412,0.7453
0.117159118,0.7454
0.120947723,0.7455
0.124238685,0.7456
0.127014931,0.7457
0.129271767,0.7458
0.13101339,0.7459
0.132248124,0.746
0.132989922,0.7461
0.13325363,0.7462
0.133054089,0.7463
0.132405114,0.7464
0.131319207,0.7465
0.12980815,0.7466
0.127888295,0.7467
0.125578057,0.7468
0.120363673,0.7469
0.114534568,0.747
0.108571865,0.7471
0.102550375,0.7472
0.09648907,0.7473
0.090407572,0.7474
0.084328503,0.7475
0.078285358,0.7476
0.072210451,0.7477
0.066145714,0.7478
0.060229441,0.7479
0.054516447,0.748
0.049053704,0.7481
0.043886782,0.7482
0.039061657,0.7483
0.034621841,0.7484
0.030550314,0.7485
0.026553346,0.7486
0.022941509,0.7487
0.019786372,0.7488
0.017128613,0.7489
0.014988543,0.749
0.0123767,0.7491
0.010072241,0.7492
0.00832646,0.7493
0.006083754,0.7494
0.005612306,0.7495
0.005581143,0.7496
0.005657701,0.7497
0.005690054,0.7498
0.005944588,0.7499
0.005880769,0.75
0.005805847,0.7501
0.006419347,0.7502
0.007751529,0.7503
0.010037198,0.7504
0.013377045,0.7505
0.017653378,0.7506
0.022571058,0.7507
0.027607798,0.7508
0.033075062,0.7509
0.038853608,0.751
0.045312319,0.7511
0.052366981,0.7512
0.059779596,0.7513
0.067388569,0.7514
0.075007598,0.7515
0.082564783,0.7516
0.08999297,0.7517
0.097228283,0.7518
0.104217208,0.7519
0.110916641,0.752
0.117281923,0.7521
0.123263446,0.7522
0.128804917,0.7523
0.133861631,0.7524
0.138402766,0.7525
0.142418233,0.7526
0.145912792,0.7527
0.148900327,0.7528
0.151398518,0.7529
0.153422493,0.753
0.154982363,0.7531
0.156084861,0.7532
0.156734489,0.7533
0.156935394,0.7534
0.155383421,0.7535
0.151501288,0.7536
0.147255441,0.7537
0.142742883,0.7538
0.138000874,0.7539
0.133050799,0.754
0.127918979,0.7541
0.122635323,0.7542
0.117238372,0.7543
0.111773794,0.7544
0.106292325,0.7545
0.100845991,0.7546
0.095462775,0.7547
0.090044596,0.7548
0.084777368,0.7549
0.079704846,0.755
0.074858669,0.7551
0.070261776,0.7552
0.06593325,0.7553
0.061889433,0.7554
0.058144228,0.7555
0.05470762,0.7556
0.051584502,0.7557
0.048357323,0.7558
0.045190829,0.7559
0.042308994,0.756
0.039749048,0.7561
0.036879605,0.7562
0.034109576,0.7563
0.031748696,0.7564
0.028972026,0.7565
0.026617969,0.7566
0.024542191,0.7567
0.022479656,0.7568
0.02098175,0.7569
0.019930886,0.757
0.018831299,0.7571
0.018329823,0.7572
0.018589069,0.7573
0.018925615,0.7574
0.019542859,0.7575
0.02090578,0.7576
0.022964028,0.7577
0.024793858,0.7578
0.027286311,0.7579
0.030585207,0.758
0.033955244,0.7581
0.037715037,0.7582
0.042091466,0.7583
0.046967714,0.7584
0.051500834,0.7585
0.056341076,0.7586
0.061625442,0.7587
0.067285839,0.7588
0.073153072,0.7589
0.079084933,0.759
0.084999248,0.7591
0.090830431,0.7592
0.096495379,0.7593
0.101926248,0.7594
0.107057436,0.7595
0.111833196,0.7596
0.116198482,0.7597
0.120105234,0.7598
0.123520442,0.7599
0.126424975,0.76
0.128812025,0.7601
0.13068381,0.7602
0.132047033,0.7603
0.132914499,0.7604
0.133300433,0.7605
0.13321952,0.7606
0.132685692,0.7607
0.1317117,0.7608
0.130308985,0.7609
0.128488447,0.761
0.1262655,0.7611
0.121803926,0.7612
0.116080269,0.7613
0.110148104,0.7614
0.104143178,0.7615
0.098094638,0.7616
0.092018981,0.7617
0.085936809,0.7618
0.079878661,0.7619
0.073834201,0.762
0.067734855,0.7621
0.061767974,0.7622
0.055992016,0.7623
0.050456428,0.7624
0.045206802,0.7625
0.040288268,0.7626
0.035743447,0.7627
0.0316115,0.7628
0.027559262,0.7629
0.023839834,0.763
0.020561528,0.7631
0.017771425,0.7632
0.015493843,0.7633
0.013065381,0.7634
0.010693411,0.7635
0.008869043,0.7636
0.006765609,0.7637
0.005663581,0.7638
0.005592405,0.7639
0.005604834,0.764
0.00569054,0.7641
0.005848901,0.7642
0.005929893,0.7643
0.005886448,0.7644
0.006119146,0.7645
0.007094649,0.7646
0.009076189,0.7647
0.012101955,0.7648
0.016119557,0.7649
0.021023747,0.765
0.025944055,0.7651
0.031177494,0.7652
0.036758618,0.7653
0.043072496,0.7654
0.050033604,0.7655
0.057397171,0.7656
0.06499868,0.7657
0.072648487,0.7658
0.080265892,0.7659
0.08777623,0.766
0.09511067,0.7661
0.102210142,0.7662
0.109027961,0.7663
0.11551798,0.7664
0.121631017,0.7665
0.127311646,0.7666
0.132514902,0.7667
0.137207862,0.7668
0.141377156,0.7669
0.145024352,0.767
0.148161416,0.7671
0.150805553,0.7672
0.152972451,0.7673
0.154672893,0.7674
0.155913871,0.7675
0.156699651,0.7676
0.157034072,0.7677
0.156522631,0.7678
0.152746966,0.7679
0.148571559,0.768
0.144116095,0.7681
0.139427198,0.7682
0.134523994,0.7683
0.129432823,0.7684
0.124180723,0.7685
0.118804111,0.7686
0.113346847,0.7687
0.1078591,0.7688
0.102392977,0.7689
0.096999606,0.769
0.091582041,0.7691
0.086266174,0.7692
0.081132109,0.7693
0.076215612,0.7694
0.071543044,0.7695
0.067135779,0.7696
0.063011496,0.7697
0.059184455,0.7698
0.055664842,0.7699
0.052458166,0.77
0.049349558,0.7701
0.046114757,0.7702
0.04314257,0.7703
0.040483267,0.7704
0.037768821,0.7705
0.03489928,0.7706
0.032399128,0.7707
0.029729838,0.7708
0.027240059,0.7709
0.02519815,0.771
0.022978593,0.7711
0.021290949,0.7712
0.020244396,0.7713
0.018987793,0.7714
0.018286839,0.7715
0.0183355,0.7716
0.018763909,0.7717
0.019251952,0.7718
0.020405389,0.7719
0.02236831,0.772
0.024260038,0.7721
0.026544657,0.7722
0.02959865,0.7723
0.033047216,0.7724
0.036611863,0.7725
0.040786205,0.7726
0.045490888,0.7727
0.050109421,0.7728
0.054840782,0.7729
0.060020657,0.773
0.065601664,0.7731
0.071423681,0.7732
0.077343975,0.7733
0.083276424,0.7734
0.089150071,0.7735
0.094879596,0.7736
0.100394214,0.7737
0.105626071,0.7738
0.110516865,0.7739
0.115009382,0.774
0.119053282,0.7741
0.12261316,0.7742
0.125667268,0.7743
0.128206224,0.7744
0.130229777,0.7745
0.131742611,0.7746
0.132755932,0.7747
0.13328301,0.7748
0.133338121,0.7749
0.132935294,0.775
0.132087692,0.7751
0.130807373,0.7752
0.129105902,0.7753
0.126999441,0.7754
0.123422315,0.7755
0.117816102,0.7756
0.111914011,0.7757
0.105921669,0.7758
0.099881501,0.7759
0.093808879,0.776
0.087723579,0.7761
0.081652692,0.7762
0.075633986,0.7763
0.069517803,0.7764
0.063503486,0.7765
0.057662727,0.7766
0.052047526,0.7767
0.046704895,0.7768
0.041681983,0.7769
0.037023765,0.777
0.032769958,0.7771
0.028715847,0.7772
0.024883064,0.7773
0.021466995,0.7774
0.018526594,0.7775
0.016093772,0.7776
0.013806363,0.7777
0.011308408,0.7778
0.009281555,0.7779
0.007345887,0.778
0.005722872,0.7781
0.00557601,0.7782
0.005610147,0.7783
0.005640043,0.7784
0.005718538,0.7785
0.006059332,0.7786
0.006161358,0.7787
0.006146478,0.7788
0.007055082,0.7789
0.008571735,0.779
0.01099563,0.7791
0.014455975,0.7792
0.018924308,0.7793
0.024249714,0.7794
0.029152276,0.7795
0.034346501,0.7796
0.040324067,0.7797
0.047036967,0.7798
0.05423699,0.7799
0.061779531,0.78
0.069462408,0.7801
0.077132393,0.7802
0.084711761,0.7803
0.092147274,0.7804
0.099369881,0.7805
0.106331362,0.7806
0.112983902,0.7807
0.11928307,0.7808
0.125174929,0.7809
0.130604415,0.781
0.13552866,0.7811
0.139923188,0.7812
0.143783087,0.7813
0.147118296,0.7814
0.149944745,0.7815
0.152281696,0.7816
0.154144697,0.7817
0.155545051,0.7818
0.156490329,0.7819
0.156985955,0.782
0.157036067,0.7821
0.154110576,0.7822
0.150059628,0.7823
0.145694328,0.7824
0.141081839,0.7825
0.136246977,0.7826
0.131214011,0.7827
0.126008644,0.7828
0.120664049,0.7829
0.115221835,0.783
0.109731151,0.7831
0.104244664,0.7832
0.09881506,0.7833
0.093433121,0.7834
0.088065674,0.7835
0.082867658,0.7836
0.077880137,0.7837
0.073132224,0.7838
0.068645211,0.7839
0.064436265,0.784
0.060518688,0.7841
0.056902551,0.7842
0.053594615,0.7843
0.05059709,0.7844
0.04732465,0.7845
0.044246126,0.7846
0.04146889,0.7847
0.038964253,0.7848
0.035983612,0.7849
0.033324652,0.785
0.030822573,0.7851
0.028182609,0.7852
0.026032159,0.7853
0.02385897,0.7854
0.021975987,0.7855
0.020709115,0.7856
0.019571676,0.7857
0.018653583,0.7858
0.018402092,0.7859
0.018863091,0.786
0.019093986,0.7861
0.019925843,0.7862
0.021572228,0.7863
0.023541276,0.7864
0.025592297,0.7865
0.028362024,0.7866
0.031853737,0.7867
0.035176624,0.7868
0.039091476,0.7869
0.043573482,0.787
0.048280184,0.7871
0.052857857,0.7872
0.057890578,0.7873
0.063357797,0.7874
0.069111141,0.7875
0.075006957,0.7876
0.080953803,0.7877
0.086873895,0.7878
0.092679219,0.7879
0.098295338,0.788
0.103651319,0.7881
0.108685154,0.7882
0.113336166,0.7883
0.117550464,0.7884
0.121289166,0.7885
0.124527255,0.7886
0.127252629,0.7887
0.12946287,0.7888
0.131161175,0.7889
0.132357571,0.789
0.133064493,0.7891
0.13329557,0.7892
0.133064427,0.7893
0.132384062,0.7894
0.131266633,0.7895
0.129724006,0.7896
0.127772919,0.7897
0.125403092,0.7898
0.119938521,0.7899
0.114077776,0.79
0.108105107,0.7901
0.102080352,0.7902
0.096017372,0.7903
0.089934853,0.7904
0.083855005,0.7905
0.077812342,0.7906
0.071728522,0.7907
0.065668601,0.7908
0.059761397,0.7909
0.054061628,0.791
0.048616754,0.7911
0.043473405,0.7912
0.038677976,0.7913
0.034273401,0.7914
0.030229959,0.7915
0.026266838,0.7916
0.022691124,0.7917
0.019574319,0.7918
0.016956468,0.7919
0.014856748,0.792
0.012211073,0.7921
0.009933534,0.7922
0.008170532,0.7923
0.005970142,0.7924
0.005608519,0.7925
0.005582345,0.7926
0.005671299,0.7927
0.005690766,0.7928
0.006007171,0.7929
0.005958959,0.793
0.005831975,0.7931
0.0064737,0.7932
0.007927574,0.7933
0.010361845,0.7934
0.013831119,0.7935
0.018219899,0.7936
0.02302092,0.7937
0.028161343,0.7938
0.033732531,0.7939
0.039599885,0.794
0.046124234,0.7941
0.053222947,0.7942
0.060660666,0.7943
0.068277452,0.7944
0.075888699,0.7945
0.083426205,0.7946
0.090825736,0.7947
0.098024938,0.7948
0.104972018,0.7949
0.111625128,0.795
0.117940562,0.7951
0.123869466,0.7952
0.129356338,0.7953
0.134357495,0.7954
0.138843283,0.7955
0.142804643,0.7956
0.14624691,0.7957
0.149183988,0.7958
0.151633142,0.7959
0.153608887,0.796
0.15512078,0.7961
0.156175219,0.7962
0.156776636,0.7963
0.156929305,0.7964
0.155026386,0.7965
0.151104177,0.7966
0.146830903,0.7967
0.142295957,0.7968
0.137533344,0.7969
0.132565047,0.797
0.127417216,0.7971
0.122120585,0.7972
0.116714291,0.7973
0.111244497,0.7974
0.105762026,0.7975
0.100318831,0.7976
0.094927622,0.7977
0.089516817,0.7978
0.084260077,0.7979
0.079200217,0.798
0.074369089,0.7981
0.06979063,0.7982
0.065484002,0.7983
0.061464732,0.7984
0.057745664,0.7985
0.054335821,0.7986
0.051239343,0.7987
0.047971604,0.7988
0.044824245,0.7989
0.041968688,0.799
0.03943818,0.7991
0.036508978,0.7992
0.033768422,0.7993
0.031391348,0.7994
0.028638949,0.7995
0.026338888,0.7996
0.024247839,0.7997
0.022235506,0.7998
0.020801108,0.7999
0.019739753,0.8
0.018694235,0.8001
0.018264891,0.8002
0.018601866,0.8003
0.018908546,0.8004
0.019588156,0.8005
0.0210353,0.8006
0.023085468,0.8007
0.024984688,0.8008
0.02756128,0.8009
0.030941025,0.801
0.034287055,0.8011
0.038112345,0.8012
0.042558069,0.8013
0.047493918,0.8014
0.051999576,0.8015
0.056881541,0.8016
0.062205057,0.8017
0.067895427,0.8018
0.07378077,0.8019
0.079719358,0.802
0.085630458,0.8021
0.091450243,0.8022
0.097096219,0.8023
0.102501404,0.8024
0.107600909,0.8025
0.112339891,0.8026
0.116664148,0.8027
0.120526509,0.8028
0.123894864,0.8029
0.126751004,0.803
0.129088975,0.8031
0.130911764,0.8032
0.132226654,0.8033
0.133046867,0.8034
0.133386817,0.8035
0.133261208,0.8036
0.132683869,0.8037
0.131667404,0.8038
0.130223096,0.8039
0.128361713,0.804
0.126098507,0.8041
0.121274753,0.8042
0.115512994,0.8043
0.109569726,0.8044
0.10356008,0.8045
0.09750781,0.8046
0.091429974,0.8047
0.085347508,0.8048
0.079292505,0.8049
0.073245136,0.805
0.067155787,0.8051
0.061204561,0.8052
0.055449384,0.8053
0.049939273,0.8054
0.044719786,0.8055
0.039835815,0.8056
0.03532944,0.8057
0.031238896,0.8058
0.027190417,0.8059
0.023504563,0.806
0.020267766,0.8061
0.017524147,0.8062
0.015295437,0.8063
0.012811929,0.8064
0.010480762,0.8065
0.008725147,0.8066
0.006570325,0.8067
0.005647378,0.8068
0.005599118,0.8069
0.005622757,0.807
0.005695066,0.8071
0.005862595,0.8072
0.00603926,0.8073
0.006158798,0.8074
0.006390636,0.8075
0.007441952,0.8076
0.009507526,0.8077
0.012607495,0.8078
0.016688754,0.8079
0.021644113,0.808
0.02656806,0.8081
0.031855101,0.8082
0.037477019,0.8083
0.043816778,0.8084
0.050790286,0.8085
0.058155375,0.8086
0.065748745,0.8087
0.073381682,0.8088
0.080975775,0.8089
0.088457899,0.809
0.095760195,0.8091
0.102824416,0.8092
0.109604333,0.8093
0.116053753,0.8094
0.122123377,0.8095
0.127757837,0.8096
0.132912845,0.8097
0.137556547,0.8098
0.141676681,0.8099
0.145275435,0.81
0.148364803,0.8101
0.150961618,0.8102
0.153081199,0.8103
0.154734207,0.8104
0.155927809,0.8105
0.156666552,0.8106
0.156954506,0.8107
0.156146351,0.8108
0.152331048,0.8109
0.148126689,0.811
0.143646696,0.8111
0.138935031,0.8112
0.134011418,0.8113
0.128902259,0.8114
0.12363546,0.8115
0.118248061,0.8116
0.112784384,0.8117
0.107294673,0.8118
0.101830932,0.8119
0.096443948,0.812
0.091007835,0.8121
0.085702401,0.8122
0.080583415,0.8123
0.075685191,0.8124
0.071033211,0.8125
0.066648616,0.8126
0.062548835,0.8127
0.058747984,0.8128
0.055255974,0.8129
0.052077861,0.813
0.048924239,0.8131
0.045714361,0.8132
0.042775388,0.8133
0.04015277,0.8134
0.037386865,0.8135
0.034553978,0.8136
0.032104312,0.8137
0.029400152,0.8138
0.026959472,0.8139
0.024906127,0.814
0.022743049,0.8141
0.021124094,0.8142
0.020073979,0.8143
0.018875325,0.8144
0.018248644,0.8145
0.018376575,0.8146
0.018753203,0.8147
0.019263996,0.8148
0.020486929,0.8149
0.022542253,0.815
0.024328882,0.8151
0.026705936,0.8152
0.029873459,0.8153
0.033336702,0.8154
0.036976777,0.8155
0.041229785,0.8156
0.046003144,0.8157
0.050586626,0.8158
0.055367724,0.8159
0.060597701,0.816
0.066219795,0.8161
0.072069722,0.8162
0.078004801,0.8163
0.083940347,0.8164
0.089807479,0.8165
0.095521735,0.8166
0.101013454,0.8167
0.106215622,0.8168
0.111070847,0.8169
0.115522633,0.817
0.119521384,0.8171
0.123032535,0.8172
0.12603536,0.8173
0.128521595,0.8174
0.130492123,0.8175
0.13195258,0.8176
0.132914878,0.8177
0.133392651,0.8178
0.133400257,0.8179
0.132951595,0.818
0.13205959,0.8181
0.130735997,0.8182
0.12899207,0.8183
0.126843642,0.8184
0.122887425,0.8185
0.11724141,0.8186
0.111328027,0.8187
0.105330767,0.8188
0.099286667,0.8189
0.093211728,0.819
0.087126093,0.8191
0.081058433,0.8192
0.075047553,0.8193
0.068929603,0.8194
0.062931175,0.8195
0.057112465,0.8196
0.051524429,0.8197
0.046213408,0.8198
0.041226072,0.8199
0.036606641,0.82
0.032394051,0.8201
0.028345059,0.8202
0.024545719,0.8203
0.02117033,0.8204
0.018275522,0.8205
0.015891146,0.8206
0.013553198,0.8207
0.011096794,0.8208
0.009137047,0.8209
0.007137681,0.821
0.005696189,0.8211
0.005591982,0.8212
0.005596441,0.8213
0.005635332,0.8214
0.005715669,0.8215
0.006085891,0.8216
0.006316839,0.8217
0.006451419,0.8218
0.007210758,0.8219
0.008810722,0.822
0.011452689,0.8221
0.015125334,0.8222
0.019752458,0.8223
0.024964176,0.8224
0.029934493,0.8225
0.035251355,0.8226
0.041338825,0.8227
0.048131701,0.8228
0.055380805,0.8229
0.062947517,0.823
0.070631595,0.8231
0.078283498,0.8232
0.085830459,0.8233
0.093223233,0.8234
0.10039429,0.8235
0.107296968,0.8236
0.113884243,0.8237
0.120112529,0.8238
0.125929008,0.8239
0.13128033,0.824
0.13612572,0.8241
0.140442734,0.8242
0.144227819,0.8243
0.147491351,0.8244
0.150248918,0.8245
0.15251907,0.8246
0.154316588,0.8247
0.155652104,0.8248
0.15653265,0.8249
0.156963252,0.825
0.156947872,0.8251
0.153581586,0.8252
0.14948239,0.8253
0.145084563,0.8254
0.140445451,0.8255
0.135586022,0.8256
0.130531801,0.8257
0.125308679,0.8258
0.119951076,0.8259
0.114501278,0.826
0.109008771,0.8261
0.103525951,0.8262
0.098105019,0.8263
0.092699398,0.8264
0.087343983,0.8265
0.082162872,0.8266
0.077195609,0.8267
0.072470476,0.8268
0.06800872,0.8269
0.06382741,0.827
0.059939953,0.8271
0.056356318,0.8272
0.053082803,0.8273
0.050061495,0.8274
0.046771007,0.8275
0.043728308,0.8276
0.040994504,0.8277
0.03840953,0.8278
0.035471444,0.8279
0.032873357,0.828
0.030315698,0.8281
0.027737169,0.8282
0.025668719,0.8283
0.023457373,0.8284
0.021646336,0.8285
0.020475114,0.8286
0.01931204,0.8287
0.018475133,0.8288
0.018333092,0.8289
0.018790615,0.829
0.019117236,0.8291
0.020068338,0.8292
0.021834747,0.8293
0.023778858,0.8294
0.025922579,0.8295
0.028805058,0.8296
0.032287832,0.8297
0.035706997,0.8298
0.039725048,0.8299
0.044296632,0.83
0.048974847,0.8301
0.053615759,0.8302
0.058709803,0.8303
0.064226061,0.8304
0.070011523,0.8305
0.075922753,0.8306
0.08187021,0.8307
0.087778568,0.8308
0.093560671,0.8309
0.09914334,0.831
0.10445672,0.8311
0.109440174,0.8312
0.114034343,0.8313
0.118186729,0.8314
0.121859859,0.8315
0.125030066,0.8316
0.127686404,0.8317
0.129827401,0.8318
0.131456923,0.8319
0.132585523,0.832
0.133225991,0.8321
0.1333922,0.8322
0.133097892,0.8323
0.132356072,0.8324
0.131178799,0.8325
0.129577767,0.8326
0.127569458,0.8327
0.124716212,0.8328
0.119198869,0.8329
0.113321285,0.833
0.107339947,0.8331
0.101307958,0.8332
0.095239879,0.8333
0.089154834,0.8334
0.083076962,0.8335
0.077041991,0.8336
0.070952385,0.8337
0.06490784,0.8338
0.059022458,0.8339
0.053350999,0.834
0.047941986,0.8341
0.042843141,0.8342
0.038100742,0.8343
0.033755974,0.8344
0.029741781,0.8345
0.025830916,0.8346
0.022311975,0.8347
0.019255332,0.8348
0.016700009,0.8349
0.014557395,0.835
0.011953339,0.8351
0.009751772,0.8352
0.007930008,0.8353
0.005852234,0.8354
0.005610919,0.8355
0.005597412,0.8356
0.005672524,0.8357
0.005697577,0.8358
0.006056172,0.8359
0.006150182,0.836
0.005999644,0.8361
0.006615343,0.8362
0.008176612,0.8363
0.010757749,0.8364
0.014341676,0.8365
0.018841532,0.8366
0.023642059,0.8367
0.02853532,0.8368
0.033796439,0.8369
0.039841603,0.837
0.046595371,0.8371
0.053812654,0.8372
0.061355732,0.8373
0.069028933,0.8374
0.076684098,0.8375
0.08424694,0.8376
0.09166548,0.8377
0.098871038,0.8378
0.105816559,0.8379
0.112456809,0.838
0.11875083,0.8381
0.124648201,0.8382
0.130095767,0.8383
0.135050229,0.8384
0.139484801,0.8385
0.143391577,0.8386
0.146777926,0.8387
0.14965809,0.8388
0.152050124,0.8389
0.15396827,0.839
0.155422198,0.8391
0.156417824,0.8392
0.156959555,0.8393
0.15705158,0.8394
0.154627347,0.8395
0.150637655,0.8396
0.146316386,0.8397
0.141743085,0.8398
0.136947592,0.8399
0.131952199,0.84
0.126781052,0.8401
0.121464343,0.8402
0.116041569,0.8403
0.110560495,0.8404
0.105073357,0.8405
0.099632824,0.8406
0.094243759,0.8407
0.088847624,0.8408
0.08361207,0.8409
0.078579461,0.841
0.073780604,0.8411
0.069237998,0.8412
0.064969302,0.8413
0.060988821,0.8414
0.057308417,0.8415
0.053936296,0.8416
0.050875741,0.8417
0.04757508,0.8418
0.044448637,0.8419
0.041619965,0.842
0.039119555,0.8421
0.036114474,0.8422
0.033405085,0.8423
0.030976083,0.8424
0.028275155,0.8425
0.026043944,0.8426
0.023919181,0.8427
0.021965668,0.8428
0.020608452,0.8429
0.019508902,0.843
0.018524562,0.8431
0.018182356,0.8432
0.018612568,0.8433
0.01885121,0.8434
0.019602278,0.8435
0.021154447,0.8436
0.023181882,0.8437
0.025167375,0.8438
0.027851612,0.8439
0.031335307,0.844
0.034648727,0.8441
0.038558501,0.8442
0.043094301,0.8443
0.04810853,0.8444
0.052588777,0.8445
0.05752734,0.8446
0.062903714,0.8447
0.068607698,0.8448
0.074469658,0.8449
0.080402311,0.845
0.086317714,0.8451
0.092130977,0.8452
0.097763991,0.8453
0.103147632,0.8454
0.108218215,0.8455
0.112922386,0.8456
0.117206355,0.8457
0.12102352,0.8458
0.124342402,0.8459
0.127145738,0.846
0.129428686,0.8461
0.131195328,0.8462
0.132453907,0.8463
0.133218335,0.8464
0.133503455,0.8465
0.133324121,0.8466
0.132694181,0.8467
0.131626159,0.8468
0.130131854,0.8469
0.128227647,0.847
0.125931979,0.8471
0.120678626,0.8472
0.114869662,0.8473
0.108907377,0.8474
0.102884186,0.8475
0.096819161,0.8476
0.090732401,0.8477
0.084646593,0.8478
0.078595498,0.8479
0.072547082,0.848
0.066474364,0.8481
0.060546788,0.8482
0.054820955,0.8483
0.049344685,0.8484
0.044163396,0.8485
0.039322885,0.8486
0.034866265,0.8487
0.030830882,0.8488
0.026828041,0.8489
0.023185291,0.849
0.019992418,0.8491
0.017295115,0.8492
0.01511514,0.8493
0.012557388,0.8494
0.010221347,0.8495
0.008477607,0.8496
0.006186233,0.8497
0.005614739,0.8498
0.005586503,0.8499
0.005643101,0.85
0.005691432,0.8501
0.005901948,0.8502
0.006130198,0.8503
0.00623184,0.8504
0.006605863,0.8505
0.007710164,0.8506
0.009791593,0.8507
0.012895079,0.8508
0.017000903,0.8509
0.021987547,0.851
0.027070655,0.8511
0.032372797,0.8512
0.038000249,0.8513
0.044342329,0.8514
0.051318557,0.8515
0.058685516,0.8516
0.066278107,0.8517
0.07390566,0.8518
0.081489367,0.8519
0.088956888,0.852
0.096241917,0.8521
0.103288069,0.8522
0.110050409,0.8523
0.116482797,0.8524
0.122534684,0.8525
0.128148747,0.8526
0.133278989,0.8527
0.137892692,0.8528
0.141977732,0.8529
0.145537118,0.853
0.148583953,0.8531
0.151136244,0.8532
0.153210515,0.8533
0.154818684,0.8534
0.155969135,0.8535
0.156667348,0.8536
0.156917772,0.8537
0.155810689,0.8538
0.151958656,0.8539
0.147727636,0.854
0.143223914,0.8541
0.138488497,0.8542
0.133541894,0.8543
0.128410904,0.8544
0.123124696,0.8545
0.117721316,0.8546
0.112245959,0.8547
0.106749362,0.8548
0.101283814,0.8549
0.095900197,0.855
0.090459794,0.8551
0.085167888,0.8552
0.080070031,0.8553
0.075198771,0.8554
0.070577106,0.8555
0.06622389,0.8556
0.062154932,0.8557
0.058383737,0.8558
0.05492028,0.8559
0.051770018,0.856
0.048603976,0.8561
0.045415728,0.8562
0.042504063,0.8563
0.039912554,0.8564
0.037116209,0.8565
0.03431522,0.8566
0.031908319,0.8567
0.029177654,0.8568
0.026778244,0.8569
0.024712573,0.857
0.022596294,0.8571
0.021034165,0.8572
0.01997504,0.8573
0.018822193,0.8574
0.018255425,0.8575
0.018447028,0.8576
0.018789139,0.8577
0.01935039,0.8578
0.020644192,0.8579
0.022692223,0.858
0.024464011,0.8581
0.026891271,0.8582
0.03013098,0.8583
0.033503765,0.8584
0.037217215,0.8585
0.041549591,0.8586
0.046392382,0.8587
0.050944862,0.8588
0.055767519,0.8589
0.06103982,0.859
0.066697402,0.8591
0.072572442,0.8592
0.078522049,0.8593
0.084462357,0.8594
0.090326026,0.8595
0.096029133,0.8596
0.101502897,0.8597
0.106680989,0.8598
0.11150689,0.8599
0.115924853,0.86
0.119886095,0.8601
0.123356864,0.8602
0.126317268,0.8603
0.128759785,0.8604
0.130686005,0.8605
0.132102153,0.8606
0.133020709,0.8607
0.13345575,0.8608
0.133421959,0.8609
0.132933376,0.861
0.132002909,0.8611
0.130642174,0.8612
0.128862229,0.8613
0.126678673,0.8614
0.122412361,0.8615
0.116733091,0.8616
0.110810558,0.8617
0.104809164,0.8618
0.098761497,0.8619
0.092684151,0.862
0.086597579,0.8621
0.080531589,0.8622
0.074512801,0.8623
0.068401067,0.8624
0.062415287,0.8625
0.056615778,0.8626
0.051053035,0.8627
0.045772649,0.8628
0.040819868,0.8629
0.036237397,0.863
0.032064746,0.8631
0.028064317,0.8632
0.024306088,0.8633
0.020970495,0.8634
0.018115208,0.8635
0.015770623,0.8636
0.013424025,0.8637
0.010994287,0.8638
0.009072755,0.8639
0.007028121,0.864
0.005686472,0.8641
0.005601884,0.8642
0.005595095,0.8643
0.005635728,0.8644
0.005717884,0.8645
0.006119337,0.8646
0.006413188,0.8647
0.006549569,0.8648
0.007363923,0.8649
0.009055851,0.865
0.011796218,0.8651
0.015551806,0.8652
0.02024695,0.8653
0.02540551,0.8654
0.030441826,0.8655
0.035819946,0.8656
0.041955999,0.8657
0.048781488,0.8658
0.056049286,0.8659
0.063592877,0.866
0.071219079,0.8661
0.078837429,0.8662
0.086367393,0.8663
0.093736664,0.8664
0.100883122,0.8665
0.107757707,0.8666
0.114313305,0.8667
0.120500275,0.8668
0.126263132,0.8669
0.131555742,0.867
0.136342812,0.8671
0.14060728,0.8672
0.144346926,0.8673
0.147570749,0.8674
0.150294823,0.8675
0.152535555,0.8676
0.154305834,0.8677
0.155615021,0.8678
0.156469277,0.8679
0.156873415,0.868
0.156831281,0.8681
0.153360102,0.8682
0.149225678,0.8683
0.144797475,0.8684
0.140131337,0.8685
0.135247427,0.8686
0.130171405,0.8687
0.12492932,0.8688
0.119556224,0.8689
0.114095019,0.869
0.108595549,0.8691
0.103110024,0.8692
0.097689981,0.8693
0.092262352,0.8694
0.086911017,0.8695
0.081736946,0.8696
0.076778833,0.8697
0.072064968,0.8698
0.067617195,0.8699
0.063452869,0.87
0.059585444,0.8701
0.056024534,0.8702
0.05277579,0.8703
0.049731241,0.8704
0.046464464,0.8705
0.043450684,0.8706
0.040747476,0.8707
0.038134753,0.8708
0.035224628,0.8709
0.032662437,0.871
0.030083589,0.8711
0.027539525,0.8712
0.025515304,0.8713
0.023286891,0.8714
0.02151511,0.8715
0.020395413,0.8716
0.019220236,0.8717
0.018427418,0.8718
0.018343812,0.8719
0.018799271,0.872
0.019176133,0.8721
0.020188748,0.8722
0.022015582,0.8723
0.023943341,0.8724
0.026132336,0.8725
0.029069992,0.8726
0.032542453,0.8727
0.03600833,0.8728
0.040076645,0.8729
0.044691122,0.873
0.049348812,0.8731
0.054018884,0.8732
0.059141007,0.8733
0.06467878,0.8734
0.070476776,0.8735
0.076391736,0.8736
0.082335182,0.8737
0.088233175,0.8738
0.093999112,0.8739
0.099560569,0.874
0.104848331,0.8741
0.109802518,0.8742
0.114364472,0.8743
0.118482397,0.8744
0.122119487,0.8745
0.125252692,0.8746
0.127871568,0.8747
0.129975042,0.8748
0.131567254,0.8749
0.132658982,0.875
0.133263181,0.8751
0.133393857,0.8752
0.133064842,0.8753
0.132289189,0.8754
0.131078951,0.8755
0.129445781,0.8756
0.127406061,0.8757
0.124320294,0.8758
0.118774744,0.8759
0.112889108,0.876
0.106903873,0.8761
0.10086875,0.8762
0.094798571,0.8763
0.088712681,0.8764
0.082636177,0.8765
0.076605462,0.8766
0.070507527,0.8767
0.064471797,0.8768
0.058599778,0.8769
0.052945444,0.877
0.047556897,0.8771
0.042481698,0.8772
0.037765725,0.8773
0.0334497,0.8774
0.029427045,0.8775
0.025541364,0.8776
0.022054827,0.8777
0.019034719,0.8778
0.016518098,0.8779
0.014336749,0.878
0.011766861,0.8781
0.009619165,0.8782
0.007767621,0.8783
0.005805501,0.8784
0.005599009,0.8785
0.005612143,0.8786
0.005677674,0.8787
0.005709549,0.8788
0.006071562,0.8789
0.006253198,0.879
0.006143468,0.8791
0.006783451,0.8792
0.008352781,0.8793
0.010950849,0.8794
0.014553626,0.8795
0.019080228,0.8796
0.023973047,0.8797
0.028881906,0.8798
0.034151916,0.8799
0.040202233,0.88
0.046960096,0.8801
0.054180108,0.8802
0.06172433,0.8803
0.06939628,0.8804
0.077047436,0.8805
0.084603829,0.8806
0.092013956,0.8807
0.099209337,0.8808
0.106142934,0.8809
0.112769138,0.881
0.119046483,0.8811
0.12492414,0.8812
0.130349004,0.8813
0.135278352,0.8814
0.139686259,0.8815
0.143565591,0.8816
0.146924166,0.8817
0.149776374,0.8818
0.152140342,0.8819
0.154030507,0.882
0.155456879,0.8821
0.156425714,0.8822
0.156941597,0.8823
0.157008655,0.8824
0.15438649,0.8825
0.15037222,0.8826
0.146033382,0.8827
0.141444876,0.8828
0.136634705,0.8829
0.131625855,0.883
0.126442864,0.8831
0.121116801,0.8832
0.115687713,0.8833
0.110203673,0.8834
0.104716897,0.8835
0.099279904,0.8836
0.09388364,0.8837
0.088494943,0.8838
0.083269854,0.8839
0.0782504,0.884
0.073467108,0.8841
0.068942085,0.8842
0.06469238,0.8843
0.060731809,0.8844
0.057071875,0.8845
0.053720549,0.8846
0.050680851,0.8847
0.047363539,0.8848
0.044254222,0.8849
0.041446883,0.885
0.038939231,0.8851
0.035939496,0.8852
0.033256415,0.8853
0.030811012,0.8854
0.028138347,0.8855
0.02594261,0.8856
0.023803842,0.8857
0.021880836,0.8858
0.020563108,0.8859
0.019448321,0.886
0.018496981,0.8861
0.018199924,0.8862
0.018677019,0.8863
0.018889203,0.8864
0.019676077,0.8865
0.021277405,0.8866
0.023296181,0.8867
0.02532032,0.8868
0.028051208,0.8869
0.031578269,0.887
0.034874257,0.8871
0.038817993,0.8872
0.043388926,0.8873
0.048419186,0.8874
0.052895992,0.8875
0.057854352,0.8876
0.063247257,0.8877
0.068961443,0.8878
0.074826504,0.8879
0.080756315,0.888
0.086663704,0.8881
0.09246429,0.8882
0.098080455,0.8883
0.103443578,0.8884
0.108490499,0.8885
0.113168457,0.8886
0.117424191,0.8887
0.121211612,0.8888
0.12449973,0.8889
0.127271759,0.889
0.1295233,0.8891
0.131258831,0.8892
0.132486908,0.8893
0.133221661,0.8894
0.133478042,0.8895
0.133270929,0.8896
0.13261414,0.8897
0.131520151,0.8898
0.130000717,0.8899
0.128072151,0.89
0.125752836,0.8901
0.120334518,0.8902
0.114502313,0.8903
0.108535904,0.8904
0.102512172,0.8905
0.096447445,0.8906
0.090361969,0.8907
0.084278599,0.8908
0.078231824,0.8909
0.072173991,0.891
0.066108796,0.8911
0.06019233,0.8912
0.054480294,0.8913
0.049020212,0.8914
0.04385796,0.8915
0.039039548,0.8916
0.034607847,0.8917
0.030582629,0.8918
0.026589134,0.8919
0.022973648,0.892
0.01981298,0.8921
0.017150234,0.8922
0.01500563,0.8923
0.0124087,0.8924
0.010098797,0.8925
0.008344566,0.8926
0.006093881,0.8927
0.00561252,0.8928
0.005581635,0.8929
0.005655616,0.893
0.005690604,0.8931
0.005939801,0.8932
0.005878638,0.8933
0.005807816,0.8934
0.006418664,0.8935
0.007754612,0.8936
0.010043486,0.8937
0.013385239,0.8938
0.01766305,0.8939
0.022585296,0.894
0.027623991,0.8941
0.033093835,0.8942
0.038875652,0.8943
0.045338169,0.8944
0.052396968,0.8945
0.059813894,0.8946
0.067427229,0.8947
0.075050529,0.8948
0.08261184,0.8949
0.090043855,0.895
0.097282491,0.8951
0.10427404,0.8952
0.110975286,0.8953
0.117341542,0.8954
0.123323225,0.8955
0.128864083,0.8956
0.133919461,0.8957
0.138458562,0.8958
0.142471304,0.8959
0.145962453,0.896
0.148945905,0.8961
0.151439364,0.8962
0.153457986,0.8963
0.155011914,0.8964
0.156107918,0.8965
0.15675055,0.8966
0.156944021,0.8967
0.155375416,0.8968
0.15148191,0.8969
0.147224897,0.897
0.142701402,0.8971
0.137948728,0.8972
0.132988351,0.8973
0.127846646,0.8974
0.122553574,0.8975
0.117147717,0.8976
0.111674777,0.8977
0.106185514,0.8978
0.100731972,0.8979
0.095344808,0.898
0.089919653,0.8981
0.084645399,0.8982
0.079565794,0.8983
0.074713348,0.8984
0.070112288,0.8985
0.065782026,0.8986
0.061738189,0.8987
0.057993789,0.8988
0.054558157,0.8989
0.051435956,0.899
0.048206704,0.8991
0.045038692,0.8992
0.042156089,0.8993
0.039596388,0.8994
0.036715414,0.8995
0.033945293,0.8996
0.031587256,0.8997
0.028797064,0.8998
0.026446359,0.8999
0.024361097,0.9
0.022305074,0.9001
0.020817843,0.9002
0.019762489,0.9003
0.018673212,0.9004
0.018187347,0.9005
0.018465783,0.9006
0.018790374,0.9007
0.019422349,0.9008
0.020808251,0.9009
0.022857068,0.901
0.024706658,0.9011
0.027226049,0.9012
0.03055367,0.9013
0.033912628,0.9014
0.037697705,0.9015
0.042103981,0.9016
0.047009503,0.9017
0.051538978,0.9018
0.05640459,0.9019
0.061715671,0.902
0.067401229,0.9021
0.073290711,0.9022
0.07924177,0.9023
0.085172339,0.9024
0.091017211,0.9025
0.09669339,0.9026
0.102133238,0.9027
0.107271299,0.9028
0.112052016,0.9029
0.116420476,0.903
0.120328768,0.9031
0.123744062,0.9032
0.126647442,0.9033
0.129032324,0.9034
0.130901151,0.9035
0.132260812,0.9036
0.133124275,0.9037
0.133505872,0.9038
0.133420353,0.9039
0.132881676,0.904
0.131902594,0.9041
0.130494532,0.9042
0.12866836,0.9043
0.12643945,0.9044
0.121808543,0.9045
0.116083717,0.9046
0.110148536,0.9047
0.104141638,0.9048
0.098090041,0.9049
0.092010771,0.905
0.085924622,0.9051
0.079862954,0.9052
0.073834818,0.9053
0.067734721,0.9054
0.06176723,0.9055
0.055991719,0.9056
0.050457999,0.9057
0.045211558,0.9058
0.04029733,0.9059
0.035757472,0.906
0.031630579,0.9061
0.027618772,0.9062
0.023898726,0.9063
0.020612753,0.9064
0.017813393,0.9065
0.015527401,0.9066
0.013111155,0.9067
0.010731196,0.9068
0.008893291,0.9069
0.006787914,0.907
0.005665182,0.9071
0.005591935,0.9072
0.005603099,0.9073
0.005690423,0.9074
0.005848974,0.9075
0.005920765,0.9076
0.005870361,0.9077
0.00611226,0.9078
0.007087235,0.9079
0.009066929,0.908
0.012091559,0.9081
0.0161088,0.9082
0.021013657,0.9083
0.025936503,0.9084
0.03117146,0.9085
0.036754732,0.9086
0.043071626,0.9087
0.050036309,0.9088
0.057403908,0.9089
0.0650096,0.909
0.072663624,0.9091
0.080285118,0.9092
0.087799337,0.9093
0.095137273,0.9094
0.102239754,0.9095
0.109060006,0.9096
0.115551914,0.9097
0.121666339,0.9098
0.127347916,0.9099
0.13255169,0.91
0.137244694,0.9101
0.141413463,0.9102
0.145059486,0.9103
0.148194669,0.9104
0.150836215,0.9105
0.152999834,0.9106
0.154696361,0.9107
0.155932851,0.9108
0.156713649,0.9109
0.157042678,0.911
0.156529139,0.9111
0.152744699,0.9112
0.148560305,0.9113
0.144095905,0.9114
0.139398242,0.9115
0.134486465,0.9116
0.129386941,0.9117
0.124126706,0.9118
0.118742184,0.9119
0.113277248,0.912
0.107782094,0.9121
0.10230886,0.9122
0.09690872,0.9123
0.091487427,0.9124
0.086164942,0.9125
0.081024623,0.9126
0.076102441,0.9127
0.071424812,0.9128
0.067013045,0.9129
0.062884748,0.913
0.05905412,0.9131
0.055531342,0.9132
0.052321962,0.9133
0.049205991,0.9134
0.045968193,0.9135
0.042994216,0.9136
0.040334262,0.9137
0.037610795,0.9138
0.034740816,0.9139
0.032242458,0.914
0.029564152,0.9141
0.027076684,0.9142
0.025028105,0.9143
0.022813087,0.9144
0.021133143,0.9145
0.02008223,0.9146
0.01883337,0.9147
0.018144192,0.9148
0.018207798,0.9149
0.018625598,0.915
0.01912607,0.9151
0.020299077,0.9152
0.022284411,0.9153
0.024161121,0.9154
0.026463465,0.9155
0.029542776,0.9156
0.032986452,0.9157
0.036574411,0.9158
0.040776198,0.9159
0.04550802,0.916
0.050125225,0.9161
0.05488026,0.9162
0.060085492,0.9163
0.065690904,0.9164
0.071535066,0.9165
0.077475009,0.9166
0.08342461,0.9167
0.089313168,0.9168
0.095055402,0.9169
0.100580649,0.917
0.105821147,0.9171
0.110718731,0.9172
0.115216291,0.9173
0.119263617,0.9174
0.122825471,0.9175
0.125880303,0.9176
0.128418936,0.9177
0.130441311,0.9178
0.131952277,0.9179
0.132963187,0.918
0.133487423,0.9181
0.133539351,0.9182
0.133133054,0.9183
0.13228172,0.9184
0.130997397,0.9185
0.129291613,0.9186
0.127180481,0.9187
0.123450709,0.9188
0.117844793,0.9189
0.111939839,0.919
0.105945334,0.9191
0.099901887,0.9192
0.093825385,0.9193
0.087735786,0.9194
0.081660913,0.9195
0.075638988,0.9196
0.069540648,0.9197
0.063525919,0.9198
0.057684545,0.9199
0.05206954,0.92
0.04672837,0.9201
0.0417079,0.9202
0.037052697,0.9203
0.032801908,0.9204
0.028786948,0.9205
0.024952151,0.9206
0.021527057,0.9207
0.01857581,0.9208
0.016132723,0.9209
0.013858612,0.921
0.011350764,0.9211
0.00930807,0.9212
0.007371751,0.9213
0.005725846,0.9214
0.00557597,0.9215
0.00561328,0.9216
0.005641616,0.9217
0.005720142,0.9218
0.006062894,0.9219
0.006152987,0.922
0.006116209,0.9221
0.007039616,0.9222
0.008555604,0.9223
0.010965834,0.9224
0.014412463,0.9225
0.018871158,0.9226
0.024190682,0.9227
0.029112578,0.9228
0.034303952,0.9229
0.040277047,0.923
0.046987259,0.9231
0.054187613,0.9232
0.061732274,0.9233
0.069418979,0.9234
0.077093833,0.9235
0.084678724,0.9236
0.092119987,0.9237
0.099348412,0.9238
0.106315585,0.9239
0.112973668,0.924
0.11927819,0.9241
0.125175181,0.9242
0.130609434,0.9243
0.135537904,0.9244
0.139935893,0.9245
0.143798331,0.9246
0.147135096,0.9247
0.149962158,0.9248
0.15229889,0.9249
0.154160982,0.925
0.155559867,0.9251
0.156503244,0.9252
0.156996644,0.9253
0.1570443,0.9254
0.154135256,0.9255
0.150077857,0.9256
0.145705243,0.9257
0.141085198,0.9258
0.13624279,0.9259
0.131202251,0.926
0.12598932,0.9261
0.120637152,0.9262
0.115187379,0.9263
0.109689187,0.9264
0.104195304,0.9265
0.098758488,0.9266
0.093373948,0.9267
0.087999431,0.9268
0.082794537,0.9269
0.077800596,0.927
0.073046796,0.9271
0.068554331,0.9272
0.06434027,0.9273
0.060417825,0.9274
0.056797065,0.9275
0.053484823,0.9276
0.050483449,0.9277
0.047207063,0.9278
0.044124798,0.9279
0.041344732,0.928
0.038835842,0.9281
0.035852817,0.9282
0.033192569,0.9283
0.030684963,0.9284
0.028044216,0.9285
0.025894726,0.9286
0.023714623,0.9287
0.021833041,0.9288
0.020570742,0.9289
0.019426698,0.929
0.018513223,0.9291
0.018270643,0.9292
0.018725633,0.9293
0.01896434,0.9294
0.019808888,0.9295
0.021470938,0.9296
0.023428211,0.9297
0.025491962,0.9298
0.02828075,0.9299
0.031767669,0.93
0.035108705,0.9301
0.039045775,0.9302
0.043550721,0.9303
0.048256709,0.9304
0.052855276,0.9305
0.057911023,0.9306
0.063401101,0.9307
0.069175918,0.9308
0.07509152,0.9309
0.081056322,0.931
0.086992637,0.9311
0.092812405,0.9312
0.098441226,0.9313
0.103808203,0.9314
0.108851417,0.9315
0.113510266,0.9316
0.117730962,0.9317
0.121474755,0.9318
0.124716783,0.9319
0.127445096,0.932
0.129657422,0.9321
0.131357072,0.9322
0.132554183,0.9323
0.133261279,0.9324
0.133492067,0.9325
0.133260226,0.9326
0.132578788,0.9327
0.13145992,0.9328
0.129915477,0.9329
0.127962173,0.933
0.1254638,0.9331
0.119997516,0.9332
0.114139082,0.9333
0.108164812,0.9334
0.102137178,0.9335
0.096070584,0.9336
0.089983944,0.9337
0.083900067,0.9338
0.077853803,0.9339
0.071786614,0.934
0.065723393,0.9341
0.05981102,0.9342
0.054106315,0.9343
0.04865887,0.9344
0.0435166,0.9345
0.038726299,0.9346
0.034329667,0.9347
0.030349948,0.9348
0.026391856,0.9349
0.022809435,0.935
0.019680894,0.9351
0.017049825,0.9352
0.014935763,0.9353
0.012325445,0.9354
0.01003375,0.9355
0.008261373,0.9356
0.00603801,0.9357
0.005612185,0.9358
0.005581442,0.9359
0.005664056,0.936
0.005691697,0.9361
0.00597309,0.9362
0.005918753,0.9363
0.005821684,0.9364
0.006462587,0.9365
0.007886558,0.9366
0.010279211,0.9367
0.013713191,0.9368
0.018070394,0.9369
0.022902939,0.937
0.028015865,0.9371
0.033560538,0.9372
0.039406528,0.9373
0.045916514,0.9374
0.053007249,0.9375
0.060442405,0.9376
0.068061418,0.9377
0.075679018,0.9378
0.083225969,0.9379
0.090637058,0.938
0.097849238,0.9381
0.104809994,0.9382
0.111477047,0.9383
0.117806502,0.9384
0.123749502,0.9385
0.129250545,0.9386
0.134265842,0.9387
0.138765468,0.9388
0.142740048,0.9389
0.146194673,0.939
0.149143154,0.9391
0.151602804,0.9392
0.153588254,0.9393
0.155109179,0.9394
0.156172064,0.9395
0.15678139,0.9396
0.156941463,0.9397
0.155115287,0.9398
0.151191349,0.9399
0.146913539,0.94
0.142373347,0.9401
0.137605648,0.9402
0.132632289,0.9403
0.127479443,0.9404
0.122177614,0.9405
0.116765764,0.9406
0.111289913,0.9407
0.105800848,0.9408
0.100350534,0.9409
0.094961945,0.941
0.089543448,0.9411
0.084278363,0.9412
0.079210113,0.9413
0.074370871,0.9414
0.069784596,0.9415
0.065470431,0.9416
0.061443801,0.9417
0.057717491,0.9418
0.054300533,0.9419
0.051197167,0.942
0.047938826,0.9421
0.044784729,0.9422
0.041921151,0.9423
0.039382709,0.9424
0.036460566,0.9425
0.033711845,0.9426
0.031334627,0.9427
0.028572419,0.9428
0.026261958,0.9429
0.024166826,0.943
0.022146491,0.9431
0.020704399,0.9432
0.019639271,0.9433
0.01858784,0.9434
0.018152754,0.9435
0.018485475,0.9436
0.018784628,0.9437
0.019459559,0.9438
0.020904663,0.9439
0.02294564,0.944
0.024843752,0.9441
0.027422433,0.9442
0.030806881,0.9443
0.034146209,0.9444
0.037976949,0.9445
0.042431802,0.9446
0.047379001,0.9447
0.051886838,0.9448
0.056781334,0.9449
0.062119577,0.945
0.067825818,0.9451
0.073727621,0.9452
0.079683035,0.9453
0.085611021,0.9454
0.091447614,0.9455
0.097110217,0.9456
0.102531763,0.9457
0.107647268,0.9458
0.112401791,0.9459
0.116741007,0.946
0.120617633,0.9461
0.123999486,0.9462
0.126868314,0.9463
0.129218157,0.9464
0.131052026,0.9465
0.132377242,0.9466
0.133207081,0.9467
0.133556011,0.9468
0.133438791,0.9469
0.132869296,0.947
0.131860158,0.9471
0.130422682,0.9472
0.128567633,0.9473
0.126310268,0.9474
0.121426648,0.9475
0.115674398,0.9476
0.109731224,0.9477
0.103720852,0.9478
0.097666533,0.9479
0.091585683,0.948
0.085499336,0.9481
0.079439939,0.9482
0.073409117,0.9483
0.067316173,0.9484
0.061359887,0.9485
0.055599153,0.9486
0.050083056,0.9487
0.044856594,0.9488
0.039965383,0.9489
0.035453186,0.949
0.031358781,0.9491
0.027367502,0.9492
0.023676285,0.9493
0.020421254,0.9494
0.017654483,0.9495
0.015402171,0.9496
0.012954145,0.9497
0.01060122,0.9498
0.008807501,0.9499
0.006663348,0.95
0.005654893,0.9501
0.005597451,0.9502
0.005613016,0.9503
0.005692927,0.9504
0.005852681,0.9505
0.005989693,0.9506
0.006052089,0.9507
0.006292119,0.9508
0.007333451,0.9509
0.009366708,0.951
0.012436556,0.9511
0.01649515,0.9512
0.021434454,0.9513
0.026359345,0.9514
0.031631824,0.9515
0.037243916,0.9516
0.04357919,0.9517
0.050552951,0.9518
0.057922097,0.9519
0.065522669,0.952
0.073165483,0.9521
0.080771312,0.9522
0.088266497,0.9523
0.095582718,0.9524
0.102661322,0.9525
0.109455788,0.9526
0.115919891,0.9527
0.122004386,0.9528
0.127653968,0.9529
0.132824232,0.953
0.137483066,0.9531
0.14161791,0.9532
0.145230795,0.9533
0.148333713,0.9534
0.150943593,0.9535
0.153075802,0.9536
0.154740956,0.9537
0.155946108,0.9538
0.156695711,0.9539
0.156993813,0.954
0.156273437,0.9541
0.152460649,0.9542
0.148255414,0.9543
0.143773419,0.9544
0.139059566,0.9545
0.134133395,0.9546
0.129021286,0.9547
0.123750876,0.9548
0.118359033,0.9549
0.112889969,0.955
0.107393933,0.9551
0.101922972,0.9552
0.09652798,0.9553
0.091096557,0.9554
0.085782267,0.9555
0.080653244,0.9556
0.075744536,0.9557
0.07108201,0.9558
0.066686827,0.9559
0.062576431,0.956
0.058764912,0.9561
0.05526223,0.9562
0.052073572,0.9563
0.048930141,0.9564
0.045710045,0.9565
0.042758988,0.9566
0.040124046,0.9567
0.037366075,0.9568
0.034520655,0.9569
0.032056114,0.957
0.029353159,0.9571
0.02689853,0.9572
0.024840862,0.9573
0.022663862,0.9574
0.021030388,0.9575
0.019975776,0.9576
0.018765879,0.9577
0.018126938,0.9578
0.018244031,0.9579
0.01861759,0.958
0.019119218,0.9581
0.02033335,0.9582
0.022382373,0.9583
0.024162386,0.9584
0.026534488,0.9585
0.029700519,0.9586
0.033160724,0.9587
0.036801974,0.9588
0.041059321,0.9589
0.045840225,0.959
0.050429113,0.9591
0.055220334,0.9592
0.060462914,0.9593
0.066099625,0.9594
0.071965838,0.9595
0.077918574,0.9596
0.08387268,0.9597
0.089758935,0.9598
0.095492672,0.9599
0.101004029,0.96
0.106225819,0.9601
0.111100487,0.9602
0.115571367,0.9603
0.119588706,0.9604
0.123117812,0.9605
0.126137852,0.9606
0.128640487,0.9607
0.130626555,0.9608
0.132101673,0.9609
0.133077768,0.961
0.133568502,0.9611
0.133588279,0.9612
0.133151046,0.9613
0.132269763,0.9614
0.130956212,0.9615
0.129221656,0.9616
0.127081942,0.9617
0.123083507,0.9618
0.117450057,0.9619
0.11153701,0.962
0.105538847,0.9621
0.099492411,0.9622
0.093414059,0.9623
0.087324012,0.9624
0.081251216,0.9625
0.075234634,0.9626
0.069136633,0.9627
0.063133128,0.9628
0.057307187,0.9629
0.051711135,0.963
0.046391961,0.9631
0.041396142,0.9632
0.036767685,0.9633
0.032545178,0.9634
0.028536491,0.9635
0.024724186,0.9636
0.021325968,0.9637
0.018404893,0.9638
0.015994101,0.9639
0.013686294,0.964
0.011206145,0.9641
0.009208071,0.9642
0.007222738,0.9643
0.005704205,0.9644
0.005584613,0.9645
0.005603175,0.9646
0.005636387,0.9647
0.005717048,0.9648
0.006078098,0.9649
0.006252707,0.965
0.006363734,0.9651
0.00713503,0.9652
0.00868471,0.9653
0.011244273,0.9654
0.014843681,0.9655
0.019415245,0.9656
0.024704025,0.9657
0.029623799,0.9658
0.034892788,0.9659
0.040942695,0.966
0.047711587,0.9661
0.054948498,0.9662
0.062512729,0.9663
0.0702027,0.9664
0.077867473,0.9665
0.085432314,0.9666
0.092846448,0.9667
0.100041657,0.9668
0.106970686,0.9669
0.113586199,0.967
0.119844301,0.9671
0.125691681,0.9672
0.131074235,0.9673
0.13595028,0.9674
0.140296511,0.9675
0.144108814,0.9676
0.147397428,0.9677
0.150178147,0.9678
0.152469935,0.9679
0.154288023,0.968
0.155643455,0.9681
0.156543577,0.9682
0.156993626,0.9683
0.156997649,0.9684
0.153788336,0.9685
0.149698178,0.9686
0.145303268,0.9687
0.140664773,0.9688
0.135805238,0.9689
0.130749833,0.969
0.125524451,0.9691
0.120163086,0.9692
0.114707797,0.9693
0.109207983,0.9694
0.103716199,0.9695
0.098284894,0.9696
0.092885415,0.9697
0.087518821,0.9698
0.082325178,0.9699
0.077344923,0.97
0.072606711,0.9701
0.068131611,0.9702
0.063936506,0.9703
0.060034597,0.9704
0.056435869,0.9705
0.053146873,0.9706
0.050147202,0.9707
0.046842425,0.9708
0.043782305,0.9709
0.041030802,0.971
0.038469752,0.9711
0.035515033,0.9712
0.032895134,0.9713
0.030351124,0.9714
0.027750899,0.9715
0.025655511,0.9716
0.02344996,0.9717
0.021615864,0.9718
0.020416847,0.9719
0.019254957,0.972
0.018395101,0.9721
0.018225098,0.9722
0.018676515,0.9723
0.018978579,0.9724
0.019902437,0.9725
0.021644377,0.9726
0.023583494,0.9727
0.025708718,0.9728
0.028572724,0.9729
0.032052558,0.973
0.035457771,0.9731
0.039463842,0.9732
0.044028694,0.9733
0.048714934,0.9734
0.053355765,0.9735
0.058452645,0.9736
0.063975738,0.9737
0.069772334,0.9738
0.075698615,0.9739
0.081664237,0.974
0.087593133,0.9741
0.093397801,0.9742
0.099004673,0.9743
0.104343565,0.9744
0.109353472,0.9745
0.113974672,0.9746
0.118154304,0.9747
0.121854563,0.9748
0.12505149,0.9749
0.127733909,0.975
0.129900178,0.9751
0.131554058,0.9752
0.132706036,0.9753
0.133368876,0.9754
0.133556447,0.9755
0.133282508,0.9756
0.132560096,0.9757
0.131401311,0.9758
0.129817891,0.9759
0.12782638,0.976
0.125003818,0.9761
0.119506831,0.9762
0.113632517,0.9763
0.107652062,0.9764
0.101619357,0.9765
0.095549195,0.9766
0.089460702,0.9767
0.083377986,0.9768
0.077336732,0.9769
0.071266614,0.977
0.065214858,0.9771
0.059319115,0.9772
0.053635543,0.9773
0.048213348,0.9774
0.043100146,0.9775
0.038342145,0.9776
0.033980348,0.9777
0.030003032,0.9778
0.026073582,0.9779
0.022525876,0.978
0.019436298,0.9781
0.016847003,0.9782
0.014740698,0.9783
0.012105844,0.9784
0.009856209,0.9785
0.008055093,0.9786
0.005901266,0.9787
0.005610274,0.9788
0.005588136,0.9789
0.005671458,0.979
0.005693139,0.9791
0.006047474,0.9792
0.006051578,0.9793
0.005891667,0.9794
0.006508657,0.9795
0.008039287,0.9796
0.010577072,0.9797
0.014129679,0.9798
0.018595727,0.9799
0.0233767,0.98
0.028243803,0.9801
0.033482905,0.9802
0.03951185,0.9803
0.046255297,0.9804
0.053467481,0.9805
0.061010066,0.9806
0.068687213,0.9807
0.076350412,0.9808
0.083924453,0.9809
0.091356498,0.981
0.098577427,0.9811
0.105539841,0.9812
0.112198513,0.9813
0.118512621,0.9814
0.124431843,0.9815
0.129902829,0.9816
0.134881761,0.9817
0.139341135,0.9818
0.143272392,0.9819
0.146682507,0.982
0.149585595,0.9821
0.151999733,0.9822
0.153939202,0.9823
0.155413676,0.9824
0.156429059,0.9825
0.156989791,0.9826
0.157100151,0.9827
0.154843371,0.9828
0.150866181,0.9829
0.146551272,0.983
0.141982223,0.9831
0.137190489,0.9832
0.132197859,0.9833
0.127028309,0.9834
0.121711421,0.9835
0.116286321,0.9836
0.110800567,0.9837
0.105306441,0.9838
0.099856746,0.9839
0.094471713,0.984
0.089063604,0.9841
0.083813911,0.9842
0.078765866,0.9843
0.07395082,0.9844
0.069391451,0.9845
0.065105568,0.9846
0.061107503,0.9847
0.057409194,0.9848
0.054019,0.9849
0.050940487,0.985
0.047656478,0.9851
0.044514208,0.9852
0.041666435,0.9853
0.039146231,0.9854
0.036161854,0.9855
0.033433078,0.9856
0.031012486,0.9857
0.028287106,0.9858
0.026027239,0.9859
0.023904433,0.986
0.021927204,0.9861
0.020542168,0.9862
0.019446351,0.9863
0.018439443,0.9864
0.018068737,0.9865
0.018470908,0.9866
0.018716662,0.9867
0.019444959,0.9868
0.020969982,0.9869
0.022994127,0.987
0.024958816,0.9871
0.027620981,0.9872
0.031086627,0.9873
0.034403183,0.9874
0.03830035,0.9875
0.042826249,0.9876
0.04783582,0.9877
0.052326737,0.9878
0.057267031,0.9879
0.062648376,0.988
0.068361613,0.9881
0.074237182,0.9882
0.080186786,0.9883
0.086121809,0.9884
0.091956946,0.9885
0.097613739,0.9886
0.103022735,0.9887
0.108119926,0.9888
0.112851583,0.9889
0.117163545,0.989
0.121008852,0.9891
0.124355709,0.9892
0.127186567,0.9893
0.129496346,0.9894
0.131288936,0.9895
0.132572447,0.9896
0.133360715,0.9897
0.133668566,0.9898
0.133510886,0.9899
0.132901574,0.99
0.131853205,0.9901
0.130377028,0.9902
0.128483726,0.9903
0.12618844,0.9904
0.120988054,0.9905
0.115201981,0.9906
0.109244113,0.9907
0.103223848,0.9908
0.097160232,0.9909
0.091071763,0.991
0.084980296,0.9911
0.078919967,0.9912
0.072883481,0.9913
0.066797342,0.9914
0.060853107,0.9915
0.055108539,0.9916
0.049612092,0.9917
0.044409238,0.9918
0.03954605,0.9919
0.035065971,0.992
0.031006798,0.9921
0.027019683,0.9922
0.023357155,0.9923
0.020137774,0.9924
0.017411458,0.9925
0.015202278,0.9926
0.012683631,0.9927
0.010324488,0.9928
0.008572583,0.9929
0.006266754,0.993
0.005617553,0.9931
0.00559136,0.9932
0.005633006,0.9933
0.005693626,0.9934
0.005877648,0.9935
0.00607941,0.9936
0.006217238,0.9937
0.006505448,0.9938
0.007630818,0.9939
0.009801221,0.994
0.013013515,0.9941
0.017203289,0.9942
0.022156633,0.9943
0.027110602,0.9944
0.032493748,0.9945
0.03819848,0.9946
0.04460082,0.9947
0.0516167,0.9948
0.05900637,0.9949
0.066607477,0.995
0.074232468,0.9951
0.081806475,0.9952
0.089259387,0.9953
0.096525608,0.9954
0.103549473,0.9955
0.110286778,0.9956
0.116692492,0.9957
0.12271765,0.9958
0.128306683,0.9959
0.133415143,0.996
0.138011266,0.9961
0.142083078,0.9962
0.145632945,0.9963
0.148672816,0.9964
0.15121933,0.9965
0.153287692,0.9966
0.154888716,0.9967
0.156029995,0.9968
0.156716628,0.9969
0.156953156,0.997
0.155826446,0.9971
0.151971651,0.9972
0.147739086,0.9973
0.143235,0.9974
0.138500227,0.9975
0.133554912,0.9976
0.128425298,0.9977
0.123140067,0.9978
0.117736884,0.9979
0.112260659,0.998
0.106761868,0.9981
0.10129253,0.9982
0.095899202,0.9983
0.090449203,0.9984
0.085145968,0.9985
0.080035153,0.9986
0.075149964,0.9987
0.070514285,0.9988
0.0661478,0.9989
0.062066891,0.999
0.058285207,0.9991
0.05481245,0.9992
0.051653553,0.9993
0.048451488,0.9994
0.045254837,0.9995
0.042337264,0.9996
0.039740454,0.9997
0.036913643,0.9998
0.0341079,0.9999
0.031700839,1
