glottal gap,time
0.06000000000000005,0.0
0.06000000000000005,0.0001
0.05948155116736742,0.0002
0.05821399833504648,0.00030000000000000003
0.05683486905470314,0.0004
0.05557065796492244,0.0005
0.054377902674052514,0.0006000000000000001
0.05326904818154432,0.0007
0.052177972339074286,0.0008
0.05105312373105253,0.0009000000000000001
0.049838841412849,0.001
0.048507454541175665,0.0011
0.0470561273652752,0.0012000000000000001
0.04557071167373583,0.0013000000000000002
0.044137788656033905,0.0014
0.042599253733302866,0.0015
0.040951641160921204,0.0016
0.039487729332363,0.0017000000000000001
0.03793090822783429,0.0018000000000000002
0.03664598894068738,0.0019
0.035661701894804665,0.002
0.03495530638413169,0.0021000000000000003
0.03447847192644837,0.0022
0.034206991767691486,0.0023
0.034156180266774916,0.0024000000000000002
0.03438397494241796,0.0025
0.03497058956282251,0.0026000000000000003
0.035985883694138465,0.0027
0.03745562708248573,0.0028
0.03907516821674628,0.0029000000000000002
0.040514240014256186,0.003
0.04219329224470547,0.0031000000000000003
0.044035692241783275,0.0032
0.04595617264734897,0.0033
0.04798568411240911,0.0034000000000000002
0.05016535121974619,0.0035
0.05251445362278173,0.0036000000000000003
0.05506201708206815,0.0037
0.05782442014989275,0.0038
0.06081217740534661,0.0039000000000000003
0.06402816310176351,0.004
0.06746741337741058,0.0041
0.07111677589985921,0.004200000000000001
0.07495603841292542,0.0043
0.0789596168377773,0.0044
0.08309970751495654,0.0045000000000000005
0.08734896191533192,0.0046
0.09168306505736123,0.0047
0.0960815501600838,0.0048000000000000004
0.10052793772042157,0.0049
0.10500836082324971,0.005
0.10951005898486066,0.0051
0.11401928008903461,0.005200000000000001
0.11851983432846713,0.0053
0.12296205217830647,0.0054
0.12736412864674107,0.0055000000000000005
0.13170179906196755,0.0056
0.13594061614298025,0.0057
0.13859348177545272,0.0058000000000000005
0.1386589133950985,0.0059
0.13848913850653943,0.006
0.1384187147278666,0.0061
0.1384192198343266,0.006200000000000001
0.13845829326294679,0.0063
0.1385484514860268,0.0064
0.13865363718799806,0.006500000000000001
0.1386321608810539,0.0066
0.13843056242770813,0.0067
0.13821776359893778,0.0068000000000000005
0.13810853363383568,0.006900000000000001
0.13799009977089993,0.007
0.1377569010741745,0.0071
0.13742499809569153,0.007200000000000001
0.13701201523339956,0.0073
0.13651523576299462,0.0074
0.1359028283998046,0.007500000000000001
0.1350170428202232,0.0076
0.1340915086076887,0.0077
0.1331375457772176,0.0078000000000000005
0.13215559554806866,0.0079
0.13114258825738012,0.008
0.1300943278397878,0.0081
0.12900619538951552,0.0082
0.12787194860223805,0.0083
0.12667893762654403,0.008400000000000001
0.12542343348657015,0.0085
0.12413981776855798,0.0086
0.12289622248465604,0.008700000000000001
0.121734559788782,0.0088
0.12064843431232386,0.0089
0.11963270375382462,0.009000000000000001
0.11868707365970199,0.0091
0.11779761209339012,0.0092
0.11695127056867438,0.009300000000000001
0.1161340605910387,0.0094
0.11532895572353019,0.0095
0.11452385223290695,0.009600000000000001
0.11371580370360057,0.0097
0.11290030797402628,0.0098
0.1120242487193912,0.0099
0.11099191807325559,0.01
0.10976572839926768,0.010100000000000001
0.10713003018225875,0.0102
0.10380064671930167,0.0103
0.10065096900147219,0.010400000000000001
0.09778382360939153,0.0105
0.09487714085690135,0.0106
0.09215103948081271,0.010700000000000001
0.08968377932789462,0.0108
0.08755027651184144,0.0109
0.08577776052204866,0.011000000000000001
0.08431094335927658,0.0111
0.0831009400644187,0.0112
0.08212414695374393,0.011300000000000001
0.0813501543967784,0.0114
0.08075952806211739,0.0115
0.08033326075837299,0.011600000000000001
0.08005706968872994,0.0117
0.07991716121995529,0.0118
0.07990064520076723,0.0119
0.07995354879009586,0.012
0.08003085447678238,0.012100000000000001
0.08015229809897273,0.0122
0.08031745463553042,0.0123
0.08050553293440099,0.012400000000000001
0.08071103542566693,0.0125
0.08092661399511969,0.0126
0.08114690065958963,0.012700000000000001
0.0813645233090452,0.0128
0.08157065004540531,0.0129
0.08175655012205596,0.013000000000000001
0.08191566437070541,0.0131
0.08204330391029035,0.0132
0.08213560527622998,0.013300000000000001
0.08218837191331019,0.0134
0.08219734581508475,0.0135
0.08215888123104831,0.013600000000000001
0.08207116557721794,0.0137
0.08193480402455944,0.013800000000000002
0.08175372482399401,0.013900000000000001
0.08153578132488781,0.014
0.08129329823685383,0.014100000000000001
0.08104223542563416,0.0142
0.08080032305174167,0.0143
0.08058453903936214,0.014400000000000001
0.0803525936277566,0.0145
0.07982001356641599,0.0146
0.07932377079164876,0.014700000000000001
0.07888978507391609,0.0148
0.07852772075255732,0.0149
0.07824266624274279,0.015000000000000001
0.07803853870610467,0.0151
0.07791380081052413,0.0152
0.07786341145817655,0.015300000000000001
0.07787847138779402,0.0154
0.07794754842680562,0.0155
0.07805851797369301,0.015600000000000001
0.07820181068284815,0.015700000000000002
0.07837265908620539,0.0158
0.07857155518769199,0.0159
0.07880297429534122,0.016
0.07907386673941175,0.0161
0.07939243626862635,0.0162
0.07976754674490649,0.016300000000000002
0.080208362477459,0.0164
0.08072418994351371,0.0165
0.08132405892229022,0.0166
0.08201577102114521,0.0167
0.08280396962536163,0.016800000000000002
0.08368767905477059,0.016900000000000002
0.08465883084144055,0.017
0.08570398340874907,0.0171
0.08680945022658149,0.0172
0.08796697651648389,0.0173
0.08917627046881194,0.017400000000000002
0.0904436792476474,0.0175
0.09177911019995377,0.0176
0.09319337522124393,0.0177
0.09469655498022655,0.0178
0.09629709471069337,0.0179
0.09800122000317979,0.018000000000000002
0.09977715162229028,0.0181
0.10160495338893283,0.0182
0.10352488051979203,0.0183
0.10554476485713937,0.0184
0.10764940186851235,0.018500000000000003
0.10983746429186858,0.018600000000000002
0.1121014516346327,0.0187
0.11443341784522643,0.0188
0.11682162891235415,0.0189
0.1192515530600351,0.019
0.12170793759063459,0.019100000000000002
0.1241754757061091,0.019200000000000002
0.12582747800896887,0.0193
0.1263146953152522,0.0194
0.12666681671467928,0.0195
0.12681460930626165,0.0196
0.12675933573206566,0.019700000000000002
0.1265614557551097,0.0198
0.1262701789084164,0.0199
0.12597353382494625,0.02
0.12580659626513713,0.0201
0.12581085902292954,0.020200000000000003
0.12587266869718916,0.020300000000000002
0.12588645998031578,0.0204
0.12595120928610815,0.0205
0.12621715731737182,0.0206
0.126666268342446,0.0207
0.12720529559953242,0.020800000000000003
0.127797181729839,0.020900000000000002
0.12838330990129998,0.021
0.12883949706996956,0.0211
0.1291234081931718,0.0212
0.129286589684093,0.0213
0.12936501910720222,0.021400000000000002
0.12936968061636878,0.021500000000000002
0.1293378297771527,0.0216
0.1293246097530143,0.0217
0.1294158895966392,0.0218
0.12970141007177827,0.0219
0.13015687541545484,0.022000000000000002
0.13069426211959678,0.0221
0.13127744516355577,0.0222
0.1319170568010346,0.0223
0.13260166346979618,0.0224
0.13329781883549052,0.022500000000000003
0.13399428219904796,0.022600000000000002
0.13469401782064294,0.0227
0.1354034208028011,0.0228
0.13613178970902706,0.0229
0.1368933540071392,0.023
0.13770809381409888,0.023100000000000002
0.13859354810406266,0.023200000000000002
0.1395517953874138,0.0233
0.14055917489718928,0.0234
0.14156616074629924,0.0235
0.1425081379101737,0.0236
0.14328998778637259,0.023700000000000002
0.1437385899093122,0.0238
0.14369534308272303,0.0239
0.14316382905987535,0.024
0.14225187819663343,0.0241
0.1410474875739426,0.024200000000000003
0.13960773185516118,0.024300000000000002
0.1380114676211195,0.0244
0.1363472893545794,0.0245
0.1346626314542716,0.0246
0.1329755832051639,0.0247
0.13133144365386784,0.024800000000000003
0.12971999375743815,0.024900000000000002
0.1280120059837455,0.025
0.12612396117893387,0.0251
0.12408040962228584,0.0252
0.12192283329947817,0.0253
0.11964857841532173,0.025400000000000002
0.11725821529115232,0.025500000000000002
0.11479751819371875,0.0256
0.11231654381781209,0.0257
0.10985866556143431,0.0258
0.10745813888005284,0.025900000000000003
0.10513299197128034,0.026000000000000002
0.10288400543540832,0.0261
0.1006922462208687,0.0262
0.0985235499571595,0.0263
0.09633954895948726,0.0264
0.0939899708165528,0.026500000000000003
0.09056190519113771,0.026600000000000002
0.08702285780322716,0.0267
0.0839291082968,0.0268
0.0812595054868177,0.0269
0.07896044714407291,0.027
0.07714488872812819,0.027100000000000003
0.07579096783275796,0.027200000000000002
0.07483246362855023,0.0273
0.07420660174821903,0.0274
0.07386923093788489,0.0275
0.0737225412539646,0.027600000000000003
0.07370392891897881,0.027700000000000002
0.07385884129972098,0.027800000000000002
0.07420768280298096,0.0279
0.07472893936844183,0.028
0.07542857259654656,0.0281
0.07630876343010329,0.028200000000000003
0.07737283922860161,0.028300000000000002
0.07862014071120493,0.0284
0.08004409695055736,0.0285
0.08163038585857363,0.0286
0.0833566671810283,0.0287
0.08519456029877504,0.028800000000000003
0.08711486870482688,0.028900000000000002
0.08909182741439192,0.029
0.09110689746029954,0.0291
0.0931485013192751,0.0292
0.0952101049143681,0.029300000000000003
0.09728655173592748,0.029400000000000003
0.09937216741306643,0.029500000000000002
0.10145967224413055,0.0296
0.10354043092074505,0.0297
0.10560374776870673,0.0298
0.10763599177098515,0.029900000000000003
0.10961961159296718,0.030000000000000002
0.11153388033468781,0.030100000000000002
0.11335697831657066,0.0302
0.11506916494154429,0.0303
0.11665532459766781,0.0304
0.11810642691374296,0.030500000000000003
0.1194193227896051,0.030600000000000002
0.12059554044940834,0.0307
0.12163940849539778,0.0308
0.12255632522075888,0.0309
0.12335133852880187,0.031
0.12402835615193519,0.031100000000000003
0.1245898267907245,0.031200000000000002
0.125036982625082,0.0313
0.1253704457320577,0.031400000000000004
0.12559115978837754,0.0315
0.1257013495976762,0.0316
0.1257053564840247,0.0317
0.12561009343031893,0.0318
0.12542508491044024,0.031900000000000005
0.1251620559022636,0.032
0.12483421662631466,0.032100000000000004
0.1244553553338954,0.0322
0.12403893712891634,0.0323
0.12359733029213393,0.0324
0.12314129928345119,0.0325
0.12267980162930459,0.032600000000000004
0.12222010315492127,0.0327
0.12176813176106771,0.0328
0.12132898224456468,0.0329
0.12090744602619485,0.033
0.12050847634457096,0.033100000000000004
0.1201375080326278,0.0332
0.11980060432275097,0.0333
0.11950442305030651,0.0334
0.1192560386737127,0.0335
0.11906266587712766,0.033600000000000005
0.11893134838362374,0.0337
0.1188686618938053,0.033800000000000004
0.11888047300451277,0.0339
0.11897177269362957,0.034
0.1191465950094841,0.0341
0.1194080161987402,0.0342
0.11975822441031692,0.034300000000000004
0.1201986366665353,0.0344
0.12073003461042486,0.0345
0.12135268438160196,0.0346
0.12206641276767527,0.0347
0.12287062190271336,0.034800000000000005
0.12376424306222833,0.0349
0.12474564460183957,0.035
0.12581252111484542,0.0351
0.12696179287793796,0.0352
0.12818954087430046,0.035300000000000005
0.12949099184159407,0.0354
0.13086055620615855,0.035500000000000004
0.13229191031357534,0.0356
0.13377810737211504,0.0357
0.1353116983738527,0.0358
0.13688484595800554,0.0359
0.13848941863639763,0.036000000000000004
0.14011705924395945,0.0361
0.14175922786703155,0.0362
0.14340722492198588,0.0363
0.14505220346244785,0.0364
0.14668518085687243,0.036500000000000005
0.14829705882722188,0.0366
0.14987865779273402,0.0367
0.15142076750748734,0.0368
0.15291421173818454,0.0369
0.1543499214533408,0.037000000000000005
0.15571900900743296,0.0371
0.15701283588958748,0.037200000000000004
0.15822306822401955,0.0373
0.15934171733320068,0.0374
0.16036116603018657,0.0375
0.1612741845525787,0.0376
0.16207394197640035,0.037700000000000004
0.16275401967299086,0.0378
0.16330843234668546,0.0379
0.16373166022847974,0.038
0.16401869311896577,0.0381
0.1641650842947363,0.038200000000000005
0.16416700988869004,0.0383
0.16402132812232417,0.038400000000000004
0.16372563241412197,0.0385
0.1632782933321999,0.0386
0.16267848590454348,0.038700000000000005
0.1619262010278234,0.0388
0.16102224179123903,0.038900000000000004
0.15996820750930352,0.039
0.15876646945621897,0.0391
0.15742014296044948,0.0392
0.15593306024989517,0.0393
0.15430974770411243,0.039400000000000004
0.15255540979969506,0.0395
0.15067592061326296,0.0396
0.14867782219052128,0.0397
0.14656832794314567,0.0398
0.1443553283460517,0.039900000000000005
0.14204739594683635,0.04
0.1396537867567883,0.040100000000000004
0.13718443563992588,0.0402
0.1346499439233465,0.0403
0.13206155819348042,0.040400000000000005
0.12943113971307973,0.0405
0.12677112422907943,0.040600000000000004
0.12409447189219491,0.0407
0.12141460685277972,0.0408
0.11874534574608708,0.0409
0.11610081408856454,0.041
0.11349534952779172,0.041100000000000005
0.11094339121113772,0.0412
0.10845935511974636,0.0413
0.10605749618524951,0.0414
0.10375175909352896,0.0415
0.10155562088444425,0.041600000000000005
0.0994819294562641,0.0417
0.09754274286753073,0.041800000000000004
0.09574917464664368,0.0419
0.09411125025273215,0.042
0.09263777927028438,0.042100000000000005
0.09133624706549182,0.0422
0.09021272849294415,0.042300000000000004
0.08927182507763676,0.0424
0.088516625947619,0.0425
0.08794869187721643,0.0426
0.0875680610923395,0.0427
0.08737327509869941,0.042800000000000005
0.08736142259715196,0.0429
0.08752819956591851,0.043000000000000003
0.08786798365261062,0.0431
0.08837392113514686,0.0432
0.08903802475434908,0.043300000000000005
0.08985128074678916,0.0434
0.09080376335692097,0.043500000000000004
0.09188475508193028,0.0436
0.09308287087680389,0.0437
0.09438618461160109,0.0438
0.09578235617416364,0.0439
0.09719765484753529,0.044000000000000004
0.09867975651904981,0.0441
0.10023281887024915,0.0442
0.10184464725927511,0.0443
0.10350183193821627,0.0444
0.10519148809725243,0.044500000000000005
0.10690104062859118,0.0446
0.10861836300933547,0.044700000000000004
0.11033165830570191,0.0448
0.1120295688379137,0.0449
0.1137012889205099,0.045000000000000005
0.11533668432213773,0.0451
0.11692637854378174,0.045200000000000004
0.11837653379474955,0.0453
0.11972894481411511,0.0454
0.12100394183616325,0.0455
0.12219969471584524,0.0456
0.12331316024408401,0.045700000000000005
0.12434218850848677,0.0458
0.12528544276522602,0.0459
0.1261423296592349,0.046
0.1269127895322344,0.0461
0.12759730746048503,0.046200000000000005
0.12819689541299473,0.0463
0.12871310818493142,0.046400000000000004
0.12914805803851448,0.0465
0.12950442596303569,0.0466
0.12978542593208042,0.046700000000000005
0.12999476140776567,0.0468
0.1301365595096291,0.046900000000000004
0.13021530713715956,0.047
0.13023578355654164,0.0471
0.13020300434516352,0.0472
0.1301221692172022,0.0473
0.12999862293079223,0.047400000000000005
0.1298378227897592,0.0475
0.1296453182145033,0.0476
0.12942673805918492,0.0477
0.12918778746083892,0.0478
0.12893424608600912,0.047900000000000005
0.1286719627090993,0.048
0.1284068359741879,0.048100000000000004
0.12814477884585274,0.0482
0.12789166601967739,0.0483
0.1276532711337386,0.048400000000000006
0.1274351994818781,0.0485
0.12724282288369693,0.048600000000000004
0.12708122035588498,0.0487
0.1269551312746625,0.0488
0.1268689296040818,0.0489
0.12682662900618058,0.049
0.12683191882115585,0.049100000000000005
0.1268882135068311,0.0492
0.12699867833010292,0.049300000000000004
0.12716618903986587,0.0494
0.12739319976833996,0.0495
0.1276815312878702,0.049600000000000005
0.12803213824818604,0.0497
0.12844495660758415,0.049800000000000004
0.1289189463836271,0.0499
0.1294523964256562,0.05
0.13004343237442462,0.050100000000000006
0.1306905254643127,0.0502
0.13139275392845462,0.050300000000000004
0.13214968651646286,0.0504
0.13296096322089035,0.0505
0.13382578642417842,0.0506
0.13474252145967747,0.0507
0.13570849016352038,0.050800000000000005
0.1367199310796301,0.0509
0.13777205699008488,0.051000000000000004
0.1388591562969793,0.0511
0.13997472042945713,0.0512
0.14111160208424178,0.051300000000000005
0.1422622077764848,0.0514
0.14341870989364103,0.051500000000000004
0.14457324359723278,0.0516
0.1457180465265273,0.0517
0.14684551138500868,0.051800000000000006
0.1479481498087356,0.0519
0.1490184981140521,0.052000000000000005
0.15004901617664768,0.0521
0.15103203025349365,0.0522
0.1519597504768846,0.0523
0.15282436478650951,0.0524
0.15361818621241796,0.052500000000000005
0.15433381847627559,0.0526
0.15496430727520127,0.052700000000000004
0.1555032564117088,0.0528
0.15594490162942654,0.0529
0.15628414521682432,0.053000000000000005
0.1565165598596998,0.0531
0.15663837224924615,0.053200000000000004
0.1566464369099636,0.0533
0.15653820890517756,0.0534
0.1563117207392941,0.053500000000000006
0.15596556512463244,0.0536
0.1554988830668962,0.053700000000000005
0.1549113568872602,0.0538
0.15420320958880263,0.0539
0.15337521346487903,0.054
0.15242871032539762,0.0541
0.15136564288846677,0.054200000000000005
0.1501885929929857,0.0543
0.148900819269152,0.054400000000000004
0.14750628621670359,0.0545
0.1460096785960181,0.0546
0.14441639892514724,0.054700000000000006
0.14273255069996138,0.0548
0.14096491512404719,0.054900000000000004
0.13912093426142613,0.055
0.13720871639956833,0.0551
0.13523707315014788,0.055200000000000006
0.13321557308937715,0.0553
0.13115455631086403,0.055400000000000005
0.12906503033208871,0.0555
0.12695840736020392,0.055600000000000004
0.12484614693042217,0.0557
0.12273945312159784,0.0558
0.12064914801642512,0.055900000000000005
0.11858572168639603,0.056
0.1165594649354269,0.056100000000000004
0.11458059440324297,0.0562
0.11265932906580212,0.0563
0.11080590381480049,0.056400000000000006
0.10903051165129718,0.0565
0.10734317997285603,0.056600000000000004
0.10575360699709369,0.0567
0.10427099470015488,0.0568
0.10290390937688021,0.056900000000000006
0.10166018418919187,0.057
0.10054685665315743,0.057100000000000005
0.09957011638393909,0.0572
0.09873523289001462,0.057300000000000004
0.09804644432979615,0.0574
0.09750681258245386,0.0575
0.09711807558263164,0.057600000000000005
0.09688053958894516,0.0577
0.09679304401833866,0.057800000000000004
0.0968530053983665,0.0579
0.0970565209627392,0.058
0.09739850168204556,0.058100000000000006
0.09787281315079766,0.0582
0.09847242191241201,0.058300000000000005
0.0991895593951535,0.0584
0.10001591344034644,0.0585
0.10094283649674596,0.058600000000000006
0.10196153209176084,0.0587
0.10306316913217461,0.058800000000000005
0.10423889292886102,0.0589
0.10547974560558071,0.059000000000000004
0.10677654839284689,0.0591
0.10811980821706302,0.0592
0.1094996894300313,0.059300000000000005
0.11090605871210368,0.0594
0.11232858835460935,0.059500000000000004
0.11375689812748613,0.0596
0.11518072472007801,0.0597
0.1165901213503443,0.059800000000000006
0.11797569733140578,0.0599
0.11932889615495756,0.060000000000000005
0.12064227734825861,0.0601
0.121909730004923,0.060200000000000004
0.1231265400057705,0.0603
0.12428927783143118,0.0604
0.12539554262797714,0.060500000000000005
0.1264436397745613,0.0606
0.127432263861875,0.060700000000000004
0.12836023260784046,0.0608
0.12922629984780065,0.0609
0.1300290704311562,0.061000000000000006
0.13076703617547292,0.0611
0.13143874510920406,0.061200000000000004
0.13204310075899872,0.0613
0.13257974732387823,0.0614
0.13304942048867796,0.061500000000000006
0.1334540763364387,0.0616
0.13379665300898447,0.061700000000000005
0.13408051645083818,0.0618
0.13430885771166823,0.061900000000000004
0.1344843309271877,0.062
0.134609033122852,0.0621
0.1346847414850182,0.062200000000000005
0.13471327153803758,0.0623
0.13469682420437012,0.062400000000000004
0.1346381971667806,0.0625
0.13454080284638226,0.0626
0.1344085492457705,0.0627
0.13424570054512552,0.06280000000000001
0.13405681122557456,0.0629
0.13384676837380594,0.063
0.133620913984979,0.0631
0.13338516455585636,0.0632
0.13314602017899302,0.06330000000000001
0.1329103807843578,0.0634
0.13268516536825348,0.0635
0.13247683202370264,0.0636
0.132290966727603,0.0637
0.1321320972997555,0.06380000000000001
0.13200379078373536,0.0639
0.13190896082788484,0.064
0.13185022615801756,0.0641
0.13183016911663537,0.06420000000000001
0.13185142413397144,0.06430000000000001
0.1319166152923562,0.0644
0.13202820848444774,0.0645
0.1321883427597077,0.0646
0.13239868342253946,0.06470000000000001
0.13266031667803835,0.0648
0.1329736852844421,0.0649
0.13333854866878458,0.065
0.13375395057636208,0.0651
0.13421820057508282,0.06520000000000001
0.13472891024368416,0.0653
0.1352831409390296,0.0654
0.1358776933176743,0.0655
0.13650950194587108,0.0656
0.13717602286192143,0.06570000000000001
0.13787545921972344,0.0658
0.13860669004669945,0.0659
0.13936885830179235,0.066
0.14016071463689728,0.0661
0.14097993728368274,0.06620000000000001
0.14182267221405898,0.0663
0.1426834333225322,0.0664
0.14355533892376526,0.0665
0.14443053743717482,0.0666
0.1453006344123169,0.06670000000000001
0.1461569739166272,0.0668
0.14699075172999243,0.0669
0.14779311041008447,0.067
0.14855545821301508,0.0671
0.1492701282491451,0.06720000000000001
0.14993118605570477,0.0673
0.15053494737529605,0.0674
0.15107983307771145,0.0675
0.15156557043258467,0.06760000000000001
0.15199216642088464,0.06770000000000001
0.15235917113199315,0.0678
0.15266542407890593,0.0679
0.1529090644045592,0.068
0.15308751311388313,0.06810000000000001
0.15319739552929423,0.0682
0.15323456574596173,0.0683
0.15319431711809028,0.0684
0.1530717189629437,0.0685
0.15286201196380267,0.06860000000000001
0.15256105359625505,0.0687
0.1521657987238757,0.0688
0.15167472995800835,0.0689
0.15108809299545933,0.069
0.15040782439192502,0.06910000000000001
0.14963723071651946,0.0692
0.14878068848170312,0.0693
0.14784361938173451,0.0694
0.1468326280008534,0.0695
0.14575529885057759,0.06960000000000001
0.14461927911750638,0.0697
0.14343097286846296,0.0698
0.14219476695733702,0.0699
0.14091350481766396,0.07
0.13959001797627246,0.07010000000000001
0.13822872079616744,0.0702
0.13683626773267088,0.0703
0.13542101621079738,0.0704
0.13399185480040554,0.07050000000000001
0.13255721076808102,0.07060000000000001
0.1311246929187232,0.0707
0.12970129607301906,0.0708
0.1282938079263859,0.0709
0.1269090868021424,0.07100000000000001
0.12555406389755108,0.0711
0.1242355243228378,0.0712
0.12295985949610044,0.0713
0.12173299596543408,0.0714
0.12056057735211445,0.07150000000000001
0.11944829091711884,0.0716
0.11840212021655172,0.0717
0.11742834480606701,0.0718
0.11653326077088544,0.0719
0.11572274895027534,0.07200000000000001
0.11500186992546335,0.0721
0.11437460172249447,0.0722
0.1138437300840377,0.0723
0.11341083994513235,0.0724
0.1130763686047932,0.07250000000000001
0.1128397228227822,0.0726
0.11269947419820225,0.0727
0.11265361457113532,0.0728
0.11269981173853127,0.0729
0.11283559749876515,0.07300000000000001
0.11305844991756941,0.0731
0.11336577000054471,0.0732
0.1137547733649723,0.0733
0.11422232360927487,0.0734
0.11476474482970145,0.07350000000000001
0.1153776680062717,0.0736
0.11605596846251831,0.0737
0.11679382332917077,0.0738
0.1175848738730575,0.07390000000000001
0.11842245084312597,0.07400000000000001
0.1192998246108925,0.0741
0.12021045279673259,0.0742
0.12114818766036284,0.0743
0.12210738082096884,0.07440000000000001
0.12308282487654176,0.0745
0.12406952843980046,0.0746
0.12506241006273122,0.0747
0.12605605685659238,0.0748
0.12704467817502507,0.07490000000000001
0.12802229893155392,0.075
0.12898313204071032,0.0751
0.1299219987214496,0.0752
0.13083464887623864,0.0753
0.13171786174564748,0.07540000000000001
0.13256926948235592,0.0755
0.13338694135327445,0.0756
0.13416887567230007,0.0757
0.13491261860526083,0.0758
0.1356152059382184,0.07590000000000001
0.13627349347857276,0.076
0.13688476062028276,0.0761
0.13744733537868314,0.0762
0.1379609712281359,0.0763
0.13842681150606762,0.07640000000000001
0.13884694650329743,0.0765
0.13922372345601897,0.0766
0.1395590583236378,0.0767
0.1398540028605868,0.07680000000000001
0.14010874110678562,0.07690000000000001
0.1403230381515207,0.077
0.14049698144110245,0.0771
0.14063171713635603,0.0772
0.14072986906609897,0.07730000000000001
0.1407954571217399,0.07740000000000001
0.1408333438557039,0.0775
0.1408484267922132,0.0776
0.1408448801766209,0.0777
0.140825717513692,0.07780000000000001
0.14079282451643982,0.0779
0.14074744272679274,0.078
0.14069091413143553,0.0781
0.14062538654883072,0.0782
0.140554185620972,0.07830000000000001
0.14048169415147138,0.0784
0.14041278581197003,0.0785
0.14035203983457378,0.0786
0.1403030394523227,0.0787
0.1402680122200084,0.07880000000000001
0.14024793620326914,0.0789
0.14024306159654465,0.079
0.14025363667695478,0.0791
0.14028053928292117,0.0792
0.1403255476724462,0.07930000000000001
0.14039113672603976,0.0794
0.14047989041554332,0.0795
0.1405937806101082,0.0796
0.14073360626175968,0.07970000000000001
0.1408988102248675,0.07980000000000001
0.14108773731271695,0.0799
0.1412982265142947,0.08
0.14152830013559936,0.0801
0.14177667220385703,0.08020000000000001
0.14204287215484102,0.08030000000000001
0.1423269432451718,0.0804
0.14262885499645228,0.0805
0.14294788156352334,0.0806
0.14328219828800004,0.08070000000000001
0.1436288493524982,0.08080000000000001
0.143984090241293,0.0809
0.1443439660889564,0.081
0.14470489818654175,0.0811
0.1450640492491867,0.08120000000000001
0.14541933210748992,0.0813
0.14576908369562047,0.0814
0.1461115740236325,0.0815
0.1464445810742755,0.0816
0.14676520709235297,0.08170000000000001
0.147069980334521,0.0818
0.14735516021484252,0.0819
0.14761710346751034,0.082
0.14785255906805317,0.0821
0.14805880813182593,0.08220000000000001
0.14823362506348892,0.0823
0.1483750987932977,0.0824
0.14848140459208237,0.0825
0.1485506298598156,0.0826
0.14858071756101499,0.08270000000000001
0.14856952674662138,0.0828
0.1485149688747195,0.0829
0.14841517740970367,0.083
0.1482686785210211,0.08310000000000001
0.14807452627748796,0.08320000000000001
0.14783235909091075,0.0833
0.1475423530000607,0.0834
0.14720508833988777,0.0835
0.14682137661403982,0.08360000000000001
0.14639209672956077,0.08370000000000001
0.14591808131344386,0.0838
0.14540009220165295,0.0839
0.14483891572695184,0.084
0.14423556930035564,0.08410000000000001
0.14359154988462552,0.08420000000000001
0.14290901503570286,0.0843
0.14219080193148192,0.0844
0.14144025377907987,0.0845
0.1406609044430317,0.08460000000000001
0.13985613869578273,0.0847
0.13902897076780762,0.0848
0.13818204768299847,0.0849
0.1373178886817107,0.085
0.13643925927009903,0.08510000000000001
0.13554951054408504,0.0852
0.13465272926251637,0.0853
0.13375362838976368,0.0854
0.13285721511939075,0.0855
0.13196835945762597,0.08560000000000001
0.1310914242142427,0.0857
0.13023009363896,0.0858
0.12938745698200527,0.0859
0.12856629608764336,0.08600000000000001
0.12776944339126461,0.08610000000000001
0.12700005722904195,0.0862
0.1262617065409638,0.0863
0.1255582373707509,0.0864
0.12489347531853767,0.08650000000000001
0.124270877493597,0.08660000000000001
0.1236932658139045,0.0867
0.12316273696381985,0.0868
0.12268076138065331,0.0869
0.12224839601546722,0.08700000000000001
0.12186649590724352,0.08710000000000001
0.12153583802010393,0.0872
0.12125713619776957,0.0873
0.12103097566241905,0.0874
0.12085770401052742,0.08750000000000001
0.12073730320268972,0.0876
0.12066926807587608,0.0877
0.1206525367971445,0.0878
0.12068552657873344,0.0879
0.12076629391701921,0.08800000000000001
0.12089277276644883,0.0881
0.12106299334234305,0.0882
0.12127518902236645,0.0883
0.12152775553159278,0.0884
0.12181909378514966,0.08850000000000001
0.12214740538573465,0.0886
0.12251050995800439,0.0887
0.12290573557084816,0.0888
0.12332991597411214,0.0889
0.12377951112850405,0.08900000000000001
0.12425084020337474,0.0891
0.12474037815363992,0.0892
0.12524503385963226,0.0893
0.12576231983905317,0.08940000000000001
0.12629034987024912,0.08950000000000001
0.1268276541859562,0.0896
0.1273728630225167,0.0897
0.12792435566935856,0.0898
0.12847998741855904,0.08990000000000001
0.12903698823937848,0.09000000000000001
0.12959208365086716,0.0901
0.1301418300789986,0.0902
0.13068308901368375,0.0903
0.13121349736527377,0.09040000000000001
0.13173175605852472,0.09050000000000001
0.13223759485168507,0.0906
0.1327313898590896,0.0907
0.1332135651459071,0.0908
0.13368401623943982,0.09090000000000001
0.13414178702800428,0.091
0.13458511660427908,0.0911
0.1350118168583001,0.0912
0.13541982455694979,0.0913
0.1358077337572854,0.09140000000000001
0.13617514606771697,0.0915
0.1365227443535305,0.0916
0.13685207442289327,0.0917
0.13716509865505855,0.0918
0.13746365592947962,0.09190000000000001
0.13774900199463413,0.092
0.13802158700088207,0.0921
0.1382811439799968,0.0922
0.13852704123142323,0.09230000000000001
0.13875874890464557,0.09240000000000001
0.1389762371489398,0.0925
0.13918017226074408,0.0926
0.13937187312902544,0.0927
0.13955307777567383,0.09280000000000001
0.1397256134943754,0.09290000000000001
0.1398910663327113,0.093
0.14005053024671887,0.0931
0.14020449837842786,0.0932
0.14035293230589474,0.09330000000000001
0.1404954974103675,0.09340000000000001
0.14063189019458144,0.0935
0.14076213793945014,0.0936
0.1408867563041537,0.0937
0.14100671126621012,0.09380000000000001
0.1411232155535479,0.09390000000000001
0.14123745033638824,0.094
0.14135031506703633,0.0941
0.14146228018939166,0.0942
0.141573374180066,0.09430000000000001
0.14168329597219542,0.0944
0.14179161027452925,0.0945
0.14189795868656452,0.0946
0.14200221357154752,0.0947
0.14210452409231777,0.09480000000000001
0.14220524877128538,0.0949
0.14230481299115982,0.095
0.1424035493470055,0.0951
0.14250156888483645,0.0952
0.1425986871310163,0.09530000000000001
0.14269440885063944,0.0954
0.14278796565993135,0.0955
0.14287839465929597,0.0956
0.14296463789731606,0.09570000000000001
0.14304563457865616,0.09580000000000001
0.1431203791223039,0.0959
0.14318793249050332,0.096
0.14324739535563102,0.0961
0.14329786737951122,0.09620000000000001
0.14333841843576356,0.09630000000000001
0.14336808586754024,0.0964
0.14338589540340785,0.0965
0.1433908915398735,0.0966
0.14338216051457597,0.09670000000000001
0.14335883412328032,0.09680000000000001
0.14332007139248415,0.0969
0.1432650236998304,0.097
0.14319279519420824,0.0971
0.14310241336201013,0.09720000000000001
0.14299282376050537,0.09730000000000001
0.14286291800657203,0.0974
0.14271159566014302,0.0975
0.14253785075624015,0.0976
0.1423408657124544,0.09770000000000001
0.14212009230125044,0.0978
0.1418753026263273,0.0979
0.14160660131386993,0.098
0.1413144003165604,0.0981
0.14099936644306754,0.09820000000000001
0.14066235664436255,0.0983
0.14030435649501127,0.0984
0.1399264339095715,0.0985
0.13952971448355245,0.09860000000000001
0.13911537868200885,0.09870000000000001
0.13868467582733446,0.0988
0.13823894630751543,0.0989
0.13777964192751047,0.099
0.1373083347586077,0.09910000000000001
0.13682670697698096,0.09920000000000001
0.13633651793158663,0.0993
0.13583955007529247,0.0994
0.1353375420836409,0.0995
0.13483212399117617,0.09960000000000001
0.1343247726774104,0.09970000000000001
0.13381680348354952,0.0998
0.13330940406128144,0.0999
0.13280370244625805,0.1
0.13230084883708892,0.10010000000000001
0.13180208585513709,0.10020000000000001
0.13130878761114717,0.1003
0.13082246065911118,0.1004
0.13034471328198594,0.1005
0.12987720758269072,0.10060000000000001
0.1294216094840993,0.10070000000000001
0.12897954698843006,0.1008
0.1285525807209298,0.1009
0.12814218592629645,0.101
0.12774974281026608,0.10110000000000001
0.12737653196549914,0.1012
0.12702373253536825,0.1013
0.12669242184497465,0.1014
0.12638357597549033,0.1015
0.12609807105157977,0.10160000000000001
0.12583668494899714,0.1017
0.1256000989044166,0.1018
0.12538889832798372,0.1019
0.1252035721349265,0.10200000000000001
0.12504451018173246,0.10210000000000001
0.12491199885916537,0.1022
0.12480621542228487,0.1023
0.12472722207165565,0.1024
0.12467496102768572,0.10250000000000001
0.12464925182154862,0.10260000000000001
0.12464979178471969,0.1027
0.12467616031025908,0.1028
0.12472782694348694,0.1029
0.12480416279869155,0.10300000000000001
0.12490445426548691,0.10310000000000001
0.1250279175597263,0.1032
0.12517371249783704,0.1033
0.125340954014039,0.1034
0.12552872041077712,0.10350000000000001
0.12573605804836696,0.10360000000000001
0.12596198296596517,0.1037
0.12620548057095704,0.1038
0.1264655048622536,0.1039
0.12674097858875466,0.10400000000000001
0.12703079533558093,0.1041
0.1273338239269386,0.1042
0.12764891492664188,0.1043
0.1279749085694144,0.1044
0.12831064325552333,0.10450000000000001
0.1286549637848362,0.1046
0.12900672872104146,0.1047
0.1293648165605643,0.1048
0.1297281306433251,0.10490000000000001
0.1300956029301803,0.10500000000000001
0.1304661968717057,0.1051
0.13083890962107658,0.1052
0.13121277382753105,0.1053
0.1315868592102276,0.10540000000000001
0.13196027406874655,0.10550000000000001
0.13233216683982096,0.1056
0.13270172775906341,0.1057
0.1330681906309109,0.1058
0.13343083465297123,0.10590000000000001
0.13378898618971924,0.10600000000000001
0.13414202035447653,0.1061
0.13448936224627028,0.1062
0.13483048770407902,0.1063
0.13516492348400932,0.10640000000000001
0.1354922468279235,0.10650000000000001
0.13581208446296633,0.1066
0.13612411113596856,0.1067
0.136428047831209,0.1068
0.13672365983471813,0.10690000000000001
0.13701075478953983,0.10700000000000001
0.13728918083768193,0.1071
0.13755882487599058,0.1072
0.13781961087947392,0.1073
0.13807149818247388,0.10740000000000001
0.1383144795690333,0.1075
0.1385485790169655,0.1076
0.1387738489666266,0.1077
0.13899036703935375,0.1078
0.13919823220082095,0.10790000000000001
0.1393975604375709,0.108
0.1395884800777789,0.1081
0.13977112693026594,0.1082
0.13994563943411575,0.10830000000000001
0.1401121540052096,0.10840000000000001
0.14027080073994214,0.1085
0.1404216995971732,0.1086
0.1405649571346813,0.1087
0.1407006638328001,0.10880000000000001
0.1408288920006019,0.10890000000000001
0.1409496942319015,0.109
0.1410631023604766,0.1091
0.14116912685558736,0.1092
0.14126775659843538,0.10930000000000001
0.1413589589852754,0.10940000000000001
0.14144268031098173,0.1095
0.1415188463956376,0.1096
0.14158736342424982,0.1097
0.14164811897478102,0.10980000000000001
0.14170098321185565,0.10990000000000001
0.14174581022308996,0.11
0.14178243947300273,0.1101
0.1418106973473322,0.1102
0.14183039875985515,0.11030000000000001
0.14184134879579258,0.11040000000000001
0.14184334437134816,0.1105
0.14183617589788178,0.1106
0.1418196289508843,0.1107
0.14179348595682784,0.11080000000000001
0.14175752792322127,0.1109
0.14171153624682542,0.111
0.14165529464028925,0.1111
0.1415885912173479,0.11120000000000001
0.1415112207708633,0.11130000000000001
0.14142298726691904,0.1114
0.14132370656313098,0.1115
0.14121320934207005,0.1116
0.14109134423314573,0.11170000000000001
0.14095798108031588,0.11180000000000001
0.14081301430005067,0.1119
0.14065636626503786,0.112
0.1404879906445431,0.1121
0.14030787563198244,0.11220000000000001
0.14011604699353775,0.11230000000000001
0.13991257087773323,0.1124
0.13969755633390202,0.1125
0.1394711574965315,0.1126
0.13923357540191506,0.11270000000000001
0.13898505941282813,0.11280000000000001
0.13872590823575948,0.1129
0.13845647052340415,0.113
0.13817714506255774,0.1131
0.1378883805542198,0.11320000000000001
0.1375906749985688,0.11330000000000001
0.13728457470244693,0.1134
0.1369706729309983,0.1135
0.13664960822801542,0.1136
0.1363220624312671,0.11370000000000001
0.13598875840952407,0.11380000000000001
0.13565045754718352,0.1139
0.13530795700040232,0.114
0.13496208674570154,0.11410000000000001
0.13461370643840032,0.11420000000000001
0.1342637020943861,0.1143
0.13391298260505402,0.1144
0.13356247609222205,0.1145
0.13321312610782443,0.11460000000000001
0.13286588768252816,0.11470000000000001
0.13252172322827294,0.1148
0.1321815983021284,0.1149
0.1318464772426724,0.115
0.13151731869504457,0.11510000000000001
0.13119507104656047,0.11520000000000001
0.13088066780083463,0.1153
0.13057502292429624,0.1154
0.1302790262043546,0.1155
0.1299935386628922,0.11560000000000001
0.12971938807194106,0.11570000000000001
0.12945736462012936,0.1158
0.12920821677866934,0.1159
0.12897264741430692,0.116
0.1287513101938329,0.11610000000000001
0.12854480632064513,0.11620000000000001
0.1283536816386266,0.1163
0.1281784241325301,0.1164
0.12801946184737867,0.1165
0.12787716124236914,0.11660000000000001
0.12775182598766055,0.11670000000000001
0.12764369620548388,0.1168
0.12755294815043072,0.1169
0.12747969431776773,0.117
0.1274239839633109,0.11710000000000001
0.12738580401391153,0.11720000000000001
0.12736508034399752,0.1173
0.12736167939092047,0.1174
0.1273754100800526,0.11750000000000001
0.12740602602960238,0.11760000000000001
0.12745322800488368,0.1177
0.12751666659216243,0.1178
0.12759594506307947,0.1179
0.127690622401873,0.11800000000000001
0.12780021646903894,0.11810000000000001
0.12792420727655895,0.1182
0.1280620403512608,0.1183
0.12821313016416824,0.1184
0.1283768636047815,0.11850000000000001
0.12855260348006792,0.11860000000000001
0.12873969201853186,0.1187
0.12893745436009607,0.1188
0.12914520201270774,0.1189
0.12936223625665655,0.11900000000000001
0.12958785147762608,0.11910000000000001
0.1298213384095901,0.1192
0.13006198726888984,0.1193
0.1303090907612643,0.1194
0.13056194694431822,0.11950000000000001
0.13081986192894413,0.11960000000000001
0.13108215240459153,0.1197
0.13134814797499905,0.1198
0.13161719329305033,0.1199
0.13188864998574612,0.12000000000000001
0.13216189836283176,0.12010000000000001
0.13243633890531703,0.1202
0.13271139353288586,0.1203
0.13298650665192369,0.12040000000000001
0.1332611459885109,0.12050000000000001
0.13353480321315692,0.1206
0.13380699436620358,0.1207
0.13407726009466137,0.1208
0.13434516571270672,0.12090000000000001
0.13461030109914152,0.12100000000000001
0.13487228044579325,0.1211
0.1351307418711205,0.1212
0.1353853469132198,0.1213
0.13563577991604037,0.12140000000000001
0.13588174732196057,0.12150000000000001
0.1361229768830271,0.1216
0.13635921680216845,0.1217
0.13659023481464128,0.1218
0.13681581721891456,0.12190000000000001
0.13703576786521043,0.12200000000000001
0.13724990710904816,0.1221
0.13745807073642213,0.1222
0.1376601088667242,0.1223
0.13785588483919353,0.12240000000000001
0.13804527408856238,0.12250000000000001
0.13822816301563323,0.1226
0.13840444785875805,0.1227
0.1385740335725535,0.1228
0.13873683272062654,0.12290000000000001
0.138892764389571,0.12300000000000001
0.1390417531319571,0.1231
0.13918372794644407,0.1232
0.1393186213034462,0.1233
0.13944636822494627,0.12340000000000001
0.1395669054270513,0.12350000000000001
0.13968017053369874,0.1236
0.13978610136956138,0.1237
0.13988463533964302,0.12380000000000001
0.13997570890234612,0.12390000000000001
0.14005925714192402,0.124
0.14013521344524804,0.1241
0.1402035092867453,0.1242
0.14026407412423025,0.12430000000000001
0.14031683540719908,0.12440000000000001
0.14036171869800584,0.1245
0.14039864790522416,0.1246
0.14042754562744475,0.1247
0.14044833360477793,0.12480000000000001
0.14046093327443954,0.12490000000000001
0.1404652664260052,0.125
0.1404612559512195,0.12510000000000002
0.14044882668263847,0.1252
0.14042790631485624,0.1253
0.14039842640161182,0.1254
0.1403603234216585,0.1255
0.14031353990590856,0.12560000000000002
0.14025802561800582,0.1257
0.14019373878011898,0.1258
0.1401206473353781,0.1259
0.14003873023798186,0.126
0.1399479787615806,0.12610000000000002
0.1398483978160946,0.1262
0.13974000726265978,0.1263
0.13962284321591711,0.1264
0.1394969593224018,0.1265
0.1393624280033472,0.12660000000000002
0.13921934164984462,0.1267
0.13906781375799204,0.1268
0.13890797999146887,0.1269
0.138739999158904,0.127
0.13856405409347883,0.12710000000000002
0.13838035242245417,0.1272
0.13818912721472687,0.1273
0.1379906374951343,0.1274
0.13778516861500878,0.1275
0.13757303246946317,0.12760000000000002
0.13735456755302444,0.1277
0.1371301388465288,0.1278
0.13690013752961738,0.1279
0.13666498051470666,0.128
0.13642510979992128,0.12810000000000002
0.1361809916401504,0.1282
0.13593311553708054,0.1283
0.13568199305075312,0.12840000000000001
0.13542815643686368,0.1285
0.13517215711563524,0.12860000000000002
0.1349145639796525,0.1287
0.1346559615495052,0.1288
0.13439694798746327,0.12890000000000001
0.1341381329806648,0.129
0.1338801355064564,0.1291
0.13362358149355702,0.1292
0.13336910139364344,0.1293
0.13311732767875273,0.12940000000000002
0.13286889228059118,0.1295
0.13262442398840324,0.1296
0.13238454582251025,0.1297
0.1321498724009591,0.1298
0.13192100731693457,0.12990000000000002
0.131698540544672,0.13
0.13148304589156157,0.1301
0.1312750785139546,0.1302
0.13107517251385514,0.1303
0.13088383863321107,0.13040000000000002
0.13070156206189576,0.1305
0.1305288003746916,0.1306
0.13036598161165935,0.1307
0.13021350251519226,0.1308
0.13007172693582636,0.13090000000000002
0.12994098441751323,0.131
0.12982156897156993,0.1311
0.12971373804692654,0.1312
0.1296177117025994,0.1313
0.12953367198656518,0.13140000000000002
0.12946176252341102,0.1315
0.12940208831131406,0.1316
0.12935471572709245,0.1317
0.12931967273629152,0.1318
0.12929694930354307,0.13190000000000002
0.12928649799679837,0.132
0.12928823477749896,0.1321
0.1293020399673338,0.1322
0.12932775938095853,0.1323
0.1293652056129313,0.13240000000000002
0.12941415946615664,0.1325
0.12947437150833974,0.1326
0.12954556374232662,0.1327
0.12962743137575616,0.1328
0.12971964467515995,0.13290000000000002
0.1298218508895176,0.133
0.12993367622829644,0.1331
0.13005472787916772,0.1332
0.13018459605087995,0.1333
0.13032285602717664,0.13340000000000002
0.1304690702181548,0.1335
0.13062279019605894,0.1336
0.1307835587031816,0.1337
0.13095091162028072,0.1338
0.1311243798847208,0.13390000000000002
0.1313034913483786,0.134
0.1314877725662258,0.1341
0.13167675050739558,0.1342
0.1318699541814471,0.1343
0.13206691617346566,0.13440000000000002
0.13226717408255295,0.1345
0.13247027185918514,0.1346
0.1326757610378222,0.13470000000000001
0.1328832018620475,0.1348
0.13309216430039605,0.13490000000000002
0.1333022289518755,0.135
0.13351298784101318,0.1351
0.1337240451030487,0.13520000000000001
0.1339350175606423,0.1353
0.13414553519418237,0.13540000000000002
0.13435524150843425,0.1355
0.1345637937988886,0.1356
0.13477086332172594,0.13570000000000002
0.13497613537181963,0.1358
0.13517930927364874,0.1359
0.13538009829037578,0.136
0.1355782294566834,0.1361
0.1357734433412311,0.13620000000000002
0.13596549374481137,0.1363
0.13615414734045095,0.1364
0.13633918326181116,0.1365
0.1365203926463069,0.1366
0.13669757813938932,0.13670000000000002
0.1368705533664124,0.1368
0.1370391423784577,0.1369
0.13720317907840485,0.137
0.13736250663342564,0.1371
0.13751697687995124,0.13720000000000002
0.13766644972700548,0.1373
0.13781079256363404,0.1374
0.13794987967597294,0.1375
0.13808359167930873,0.1376
0.13821181497027157,0.13770000000000002
0.138334441204086,0.1378
0.13845136680156966,0.1379
0.13856249249032926,0.138
0.13866772288433893,0.1381
0.13876696610581474,0.13820000000000002
0.13886013345300197,0.1383
0.13894713911718093,0.1384
0.13902789995186027,0.1385
0.1391023352967704,0.1386
0.13917036685888595,0.13870000000000002
0.13923191865230022,0.1388
0.13928691699834184,0.1389
0.139335290586868,0.139
0.1393769705991872,0.1391
0.13941189089256334,0.13920000000000002
0.1394399882457329,0.1393
0.13946120266432938,0.1394
0.13947547774456348,0.1395
0.1394827610929511,0.1396
0.13948300479932974,0.13970000000000002
0.13947616595984924,0.1398
0.1394622072460886,0.1399
0.13944109751592526,0.14
0.1394128124612899,0.1401
0.13937733528747032,0.14020000000000002
0.13933465741820106,0.1403
0.13928477922038496,0.1404
0.13922771074195506,0.1405
0.13916347245609517,0.1406
0.13909209600479955,0.14070000000000002
0.13901362493457936,0.1408
0.13892811541699812,0.1409
0.1388356369466608,0.14100000000000001
0.1387362730092795,0.1411
0.13863012171249434,0.14120000000000002
0.13851729637224497,0.1413
0.13839792604766055,0.1414
0.13827215601766119,0.14150000000000001
0.138140148192752,0.1416
0.1380020814558185,0.14170000000000002
0.13785815192612683,0.1418
0.13770857314116325,0.1419
0.13755357615143937,0.14200000000000002
0.13739340952391998,0.1421
0.13722833925031008,0.1422
0.1370586485570633,0.1423
0.13688463761463476,0.1424
0.1367066231442038,0.14250000000000002
0.13652493792082643,0.1426
0.13633993017274337,0.1427
0.1361519628773522,0.1428
0.13596141295516606,0.1429
0.1357686703638884,0.14300000000000002
0.13557413709556565,0.1431
0.13537822608058803,0.1432
0.1351813600031232,0.1433
0.13498397003335083,0.1434
0.13478649448262647,0.14350000000000002
0.13458937738842913,0.1436
0.13439306703662046,0.1437
0.13419801442917645,0.1438
0.1340046717061143,0.1439
0.13381349053083802,0.14400000000000002
0.13362492044855112,0.1441
0.1334394072277344,0.1442
0.13325739119494318,0.1443
0.1330793055733599,0.1444
0.1329055748356145,0.14450000000000002
0.1327366130813803,0.1446
0.13257282245014668,0.1447
0.13241459157937419,0.1448
0.13226229411794843,0.1449
0.13211628730447023,0.14500000000000002
0.13197691061945283,0.1451
0.13184448451995312,0.1452
0.131719309264537,0.1453
0.13160166383578886,0.1454
0.13149180496681567,0.14550000000000002
0.13138996627738975,0.1456
0.1312963575245104,0.1457
0.1312111639712772,0.1458
0.13113454587703743,0.1459
0.13106663811083474,0.14600000000000002
0.13100754988923224,0.1461
0.13095736463863683,0.1462
0.13091613998131446,0.1463
0.13088390784336656,0.1464
0.13086067468205598,0.14650000000000002
0.13084642182901496,0.1466
0.1308411059450737,0.1467
0.13084465958169245,0.1468
0.1308569918432967,0.1469
0.13087798914419135,0.14700000000000002
0.13090751605317952,0.1471
0.13094541621853373,0.1472
0.13099151336557247,0.14730000000000001
0.13104561235876944,0.1474
0.13110750032009066,0.14750000000000002
0.1311769477950897,0.1476
0.1312537099582145,0.1477
0.1313375278487735,0.14780000000000001
0.13142812962908035,0.1479
0.1315252318564366,0.14800000000000002
0.13162854076081898,0.1481
0.13173775352040318,0.1482
0.13185255952738384,0.14830000000000002
0.13197264163691735,0.1484
0.13209767739243694,0.14850000000000002
0.13222734022103877,0.1486
0.13236130059312745,0.1487
0.1324992271410148,0.14880000000000002
0.1326407877316993,0.1489
0.13278565048959257,0.149
0.13293348476550637,0.1491
0.13308396204876705,0.1492
0.1332367568198678,0.14930000000000002
0.13339154734160874,0.1494
0.13354801638720182,0.1495
0.1337058519043285,0.1496
0.1338647476146292,0.1497
0.1340244035485797,0.14980000000000002
0.13418452651615187,0.1499
0.1343448305140862,0.15
0.1345050370709977,0.1501
0.13466487553191064,0.1502
0.13482408328415896,0.15030000000000002
0.1349824059269097,0.1504
0.13513959738685233,0.1505
0.13529541998285977,0.1506
0.1354496444426596,0.1507
0.1356020498747631,0.15080000000000002
0.1357524236990737,0.1509
0.13590056153975516,0.151
0.1360462670840593,0.1511
0.13618935191091663,0.1512
0.13632963529316378,0.15130000000000002
0.1364669439773294,0.1514
0.1366011119449203,0.1515
0.13673198015915033,0.1516
0.13685939630101973,0.1517
0.13698321449860829,0.15180000000000002
0.13710329505336505,0.1519
0.13721950416708573,0.152
0.13733171367314534,0.1521
0.13743980077542284,0.1522
0.13754364779819228,0.15230000000000002
0.13764314195008487,0.1524
0.1377381751050344,0.1525
0.13782864360291414,0.1526
0.1379144480723562,0.1527
0.13799549327800986,0.15280000000000002
0.13807168799425595,0.1529
0.1381429449071424,0.153
0.13820918054604125,0.1531
0.13827031524626254,0.1532
0.13832627314358148,0.15330000000000002
0.13837698220135397,0.1534
0.13842237427061033,0.1535
0.13846238518322374,0.15360000000000001
0.1384969548779601,0.1537
0.13852602755891819,0.15380000000000002
0.13854955188557438,0.1539
0.1385674811933555,0.154
0.13857977374336394,0.15410000000000001
0.13858639299959952,0.1542
0.13858730793173313,0.15430000000000002
0.13858249334121464,0.1544
0.13857193020823078,0.1545
0.13855560605677297,0.15460000000000002
0.1385335153348316,0.1547
0.1385056598065072,0.15480000000000002
0.13847204895261966,0.1549
0.13843270037620503,0.155
0.1383876402091221,0.15510000000000002
0.1383369035158466,0.1552
0.13828053469041413,0.1553
0.1382185878423804,0.1554
0.13815112716760902,0.1555
0.13807822729966945,0.15560000000000002
0.1379999736376295,0.1557
0.13791646264606716,0.1558
0.13782780212319845,0.1559
0.13773411143312797,0.156
0.13763552169837123,0.15610000000000002
0.13753217594897893,0.1562
0.13742422922480668,0.1563
0.13731184862772383,0.1564
0.13719521332083784,0.1565
0.13707451447211894,0.15660000000000002
0.1369499551401624,0.1567
0.1368217501001867,0.1568
0.13669012560876947,0.1569
0.13655531910623708,0.157
0.13641757885606332,0.15710000000000002
0.13627716352108643,0.1572
0.13613434167681837,0.1573
0.13598939126259812,0.1574
0.13584259897181772,0.1575
0.13569425958293146,0.15760000000000002
0.13554467523343905,0.1577
0.13539415463949744,0.1578
0.13524301226428004,0.1579
0.1350915674386407,0.158
0.1349401434380617,0.15810000000000002
0.13478906652026357,0.1582
0.13463866492822052,0.1583
0.13448926786366577,0.1584
0.13434120443646547,0.1585
0.13419480259550443,0.15860000000000002
0.13405038804694702,0.1587
0.13390828316590242,0.1588
0.13376880590765916,0.1589
0.13363226872472134,0.159
0.133498977495911,0.15910000000000002
0.1333692304737737,0.1592
0.13324331725644645,0.1593
0.13312151779002024,0.15940000000000001
0.1330041014072484,0.1595
0.13289132590822506,0.15960000000000002
0.1327834366883811,0.1597
0.13268066591882266,0.1598
0.1325832317836776,0.15990000000000001
0.13249133777870992,0.16
0.13240517207502855,0.16010000000000002
0.13232490695124788,0.1602
0.13225069829696667,0.1603
0.13218268518991694,0.16040000000000001
0.13212098954860474,0.1605
0.13206571586172522,0.16060000000000002
0.13201695099508703,0.1607
0.13197476407623743,0.1608
0.1319392064564353,0.16090000000000002
0.13191031174909196,0.161
0.1318880959432822,0.16110000000000002
0.13187255759043237,0.1612
0.13186367806182153,0.1613
0.131861421874088,0.16140000000000002
0.13186573707952187,0.1615
0.13187655571754875,0.16160000000000002
0.13189379432346882,0.1617
0.13191735449022002,0.1618
0.13194712347867354,0.16190000000000002
0.13198297487175947,0.162
0.13202476926754714,0.1621
0.13207235500628067,0.1622
0.13212556892628768,0.1623
0.1321842371436397,0.16240000000000002
0.1322481758504469,0.1625
0.13231719212671333,0.1626
0.1323910847607609,0.1627
0.13246964507335213,0.1628
0.13255265774079283,0.16290000000000002
0.1326399016124833,0.163
0.13273115051859974,0.1631
0.13282617406382657,0.1632
0.13292473840332497,0.1633
0.1330266069974012,0.16340000000000002
0.13313154134163718,0.1635
0.13323930166955733,0.1636
0.13334964762522183,0.1637
0.13346233890346548,0.1638
0.1335771358558311,0.16390000000000002
0.1336938000605722,0.164
0.13381209485543533,0.1641
0.13393178583224663,0.1642
0.13405264129265215,0.1643
0.134174432664663,0.16440000000000002
0.1342969348799552,0.1645
0.1344199267121583,0.1646
0.1345431910766357,0.1647
0.1346665152925125,0.1648
0.13478969130794993,0.16490000000000002
0.13491251588987885,0.165
0.13503479077961467,0.1651
0.13515632281595558,0.1652
0.13527692402753544,0.1653
0.13539641169634642,0.16540000000000002
0.13551460839447826,0.1655
0.1356313419962275,0.1656
0.13574644566782057,0.16570000000000001
0.1358597578370705,0.1658
0.13597112214533524,0.16590000000000002
0.1360803873841886,0.166
0.13618740741922752,0.1661
0.1362920411034475,0.16620000000000001
0.13639415218259954,0.1663
0.13649360919491627,0.16640000000000002
0.13659028536754725,0.1665
0.13668405851198584,0.1666
0.13677481092069743,0.16670000000000001
0.13686242926706893,0.1668
0.13694680451070762,0.16690000000000002
0.137027831809996,0.167
0.13710541044369862,0.1671
0.1371794437432725,0.16720000000000002
0.13724983903740062,0.1673
0.13731650761010605,0.16740000000000002
0.13737936467365242,0.1675
0.1374383293572622,0.1676
0.13749332471251363,0.16770000000000002
0.13754427773609468,0.1678
0.13759111941040814,0.16790000000000002
0.137633784762331,0.168
0.13767221294024135,0.1681
0.13770634730923026,0.16820000000000002
0.13773613556422037,0.1683
0.13776152986052081,0.16840000000000002
0.13778248696115125,0.1685
0.137798968400081,0.1686
0.13781094066033794,0.16870000000000002
0.1378183753657647,0.1688
0.1378212494850206,0.1689
0.1378195455462624,0.169
0.1378132518607763,0.1691
0.1378023627536875,0.16920000000000002
0.13778687879973361,0.1693
0.13776680706196476,0.1694
0.1377421613311255,0.1695
0.1377129623633715,0.1696
0.13767923811390292,0.16970000000000002
0.1376410239640261,0.1698
0.13759836293911554,0.1699
0.1375513059149217,0.17
0.1374999118096627,0.1701
0.13744424775935238,0.17020000000000002
0.13738438927385221,0.1703
0.13732042037118852,0.1704
0.13725243368775308,0.1705
0.1371805305621001,0.1706
0.13710482109017275,0.17070000000000002
0.1370254241499248,0.1708
0.13694246739346594,0.1709
0.13685608720502707,0.171
0.13676642862324329,0.1711
0.13667364522645542,0.17120000000000002
0.1365778989799601,0.1713
0.1364793600443771,0.1714
0.13637820654455357,0.1715
0.1362746242986862,0.1716
0.1361688065076163,0.17170000000000002
0.13606095340452595,0.1718
0.13595127186554912,0.1719
0.13583997498209344,0.17200000000000001
0.13572728159595293,0.1721
0.13561341579857522,0.17220000000000002
0.1354986063961222,0.1723
0.1353830863422334,0.1724
0.13526709214066213,0.17250000000000001
0.1351508632202043,0.1726
0.13503464128457077,0.17270000000000002
0.13491866964007615,0.1728
0.1348031925042147,0.1729
0.1346884542983735,0.17300000000000001
0.1345746989280907,0.1731
0.13446216905439956,0.17320000000000002
0.1343511053599078,0.1733
0.1342417458133428,0.1734
0.13413432493634714,0.17350000000000002
0.13402907307633627,0.1736
0.13392621568922503,0.17370000000000002
0.13382597263580076,0.1738
0.1337285574954572,0.1739
0.1336341769009174,0.17400000000000002
0.13354302989745437,0.1741
0.13345530732997468,0.17420000000000002
0.13337119126116237,0.1743
0.13329085442368216,0.1744
0.13321445970922907,0.17450000000000002
0.13314215969696852,0.1746
0.13307409622365896,0.17470000000000002
0.13301039999747133,0.1748
0.13295119025723812,0.1749
0.13289657447855985,0.17500000000000002
0.13284664812789615,0.1751
0.13280149446544942,0.1752
0.13276118439733808,0.1753
0.13272577637723426,0.1754
0.13269531635733145,0.17550000000000002
0.13266983778819497,0.1756
0.13264936166674668,0.1757
0.1326338966313474,0.1758
0.13262343910265628,0.1759
0.1326179734686882,0.17600000000000002
0.13261747231223775,0.1761
0.13262189667861546,0.1762
0.13263119638142862,0.1763
0.1326453103439562,0.1764
0.13266416697350003,0.17650000000000002
0.13268768456595892,0.1766
0.1327157717377495,0.1767
0.13274832788211222,0.1768
0.13278524364676947,0.1769
0.13282640142986235,0.17700000000000002
0.13287167589107252,0.1771
0.13292093447484354,0.1772
0.13297403794263818,0.1773
0.13303084091122597,0.1774
0.13309119239405676,0.17750000000000002
0.13315493634287312,0.1776
0.13322191218681678,0.1777
0.13329195536641236,0.1778
0.13336489785994599,0.1779
0.13344056869991494,0.17800000000000002
0.13351879447738035,0.1781
0.1335993998322358,0.1782
0.133682207927579,0.17830000000000001
0.13376704090656688,0.1784
0.1338537203303224,0.17850000000000002
0.13394206759565774,0.1786
0.13403190433157475,0.1787
0.13412305277369818,0.17880000000000001
0.13421533611599035,0.1789
0.13430857883929015,0.17900000000000002
0.13440260701639983,0.1791
0.134497248593628,0.1792
0.13459233364886902,0.17930000000000001
0.13468769462646535,0.1794
0.13478316654925648,0.17950000000000002
0.13487858720836743,0.1796
0.1349737973314259,0.1797
0.13506864073002656,0.17980000000000002
0.13516296442737707,0.1799
0.13525661876716522,0.18000000000000002
0.1353494575047799,0.1801
0.135441337882102,0.1802
0.13553212068714948,0.18030000000000002
0.13562167029991956,0.1804
0.13570985472581687,0.18050000000000002
0.13579654561809018,0.1806
0.13588161829072365,0.1807
0.13596495172323753,0.18080000000000002
0.13604642855885674,0.1809
0.13612593509748838,0.18100000000000002
0.13620336128493515,0.1811
0.1362786006997313,0.1812
0.13635155053895354,0.18130000000000002
0.13642211160430162,0.1814
0.13649018828968718,0.18150000000000002
0.13655568857149902,0.1816
0.13661852400263563,0.1817
0.13667860971131496,0.18180000000000002
0.13673586440557473,0.1819
0.13679021038428785,0.182
0.1368415735554055,0.1821
0.13688988346204056,0.1822
0.1369350733168887,0.18230000000000002
0.1369770800453678,0.1824
0.1370158443377425,0.1825
0.1370513107103739,0.1826
0.13708342757611902,0.1827
0.1371121473237764,0.18280000000000002
0.1371374264063555,0.1829
0.13715922543782377,0.183
0.13717750929786587,0.1831
0.13719224724407353,0.1832
0.13720341303086625,0.18330000000000002
0.13721098503433926,0.1834
0.1372149463821224,0.1835
0.13721528508724246,0.1836
0.13721199418487962,0.1837
0.13720507187083153,0.18380000000000002
0.13719452164041357,0.1839
0.13718035242645876,0.184
0.1371625787350197,0.1841
0.13714122077732582,0.1842
0.13711630459650692,0.18430000000000002
0.1370878621875693,0.1844
0.13705593160909169,0.1845
0.13702055708510208,0.18460000000000001
0.136981789095606,0.1847
0.13693968445425286,0.18480000000000002
0.13689430637166133,0.1849
0.13684572450296728,0.185
0.13679401497821309,0.18510000000000001
0.1367392604142703,0.1852
0.13668154990706227,0.18530000000000002
0.136620979002951,0.1854
0.13655764964825334,0.1855
0.13649167011596652,0.18560000000000001
0.13642315490890855,0.1857
0.13635222463860974,0.18580000000000002
0.1362790058794381,0.1859
0.13620363099758603,0.186
0.13612623795470502,0.18610000000000002
0.13604697008613653,0.1862
0.1359659758538505,0.18630000000000002
0.13588340857437464,0.1864
0.13579942612216522,0.1865
0.13571419060904555,0.18660000000000002
0.13562786804050275,0.1867
0.13554062794980626,0.18680000000000002
0.13545264301107296,0.1869
0.135364088632565,0.187
0.1352751425316583,0.18710000000000002
0.13518598429306472,0.1872
0.13509679491202997,0.18730000000000002
0.13500775632435302,0.1874
0.13491905092518808,0.1875
0.13483086107869569,0.18760000000000002
0.1347433686206968,0.1877
0.134656754356558,0.18780000000000002
0.13457119755659908,0.1879
0.13448687545135685,0.188
0.1344039627290693,0.18810000000000002
0.13432263103775322,0.1882
0.13424304849424795,0.1883
0.13416537920257277,0.1884
0.1340897827839097,0.1885
0.13401641392046648,0.18860000000000002
0.1339454219154066,0.1887
0.13387695027094337,0.1888
0.1338111362865958,0.1889
0.13374811067948855,0.189
0.13368799722844626,0.18910000000000002
0.13363091244349734,0.1892
0.1335769652622424,0.1893
0.13352625677438923,0.1894
0.13347887997557928,0.1895
0.13343491955145648,0.18960000000000002
0.13339445169274788,0.1897
0.133357543941935,0.1898
0.13332425507191115,0.1899
0.13329463499682537,0.19
0.13326872471512785,0.19010000000000002
0.13324655628464366,0.1902
0.13322815282931888,0.1903
0.13321352857710478,0.1904
0.13320268892827547,0.1905
0.13319563055330974,0.19060000000000002
0.13319234151931392,0.1907
0.13319280144381906,0.1908
0.13319698167464888,0.19090000000000001
0.1332048454944389,0.191
0.1332163483482729,0.19110000000000002
0.1332314380928119,0.1912
0.13325005526520373,0.1913
0.13327213337000055,0.19140000000000001
0.13329759918224915,0.1915
0.13332637306488793,0.19160000000000002
0.13335836929855305,0.1917
0.13339349642188825,0.1918
0.13343165758045417,0.19190000000000002
0.13347275088234822,0.192
0.13351666975867704,0.19210000000000002
0.1335633033270589,0.1922
0.13361253675639284,0.1923
0.13366425163118612,0.19240000000000002
0.1337183263138101,0.1925
0.13377463630313258,0.19260000000000002
0.1338330545880655,0.1927
0.13389345199466163,0.1928
0.13395569752549918,0.19290000000000002
0.13401965869019627,0.193
0.1340852018260139,0.19310000000000002
0.13415219240761456,0.1932
0.13422049534516667,0.1933
0.13428997527009578,0.19340000000000002
0.13436049680790785,0.1935
0.134431924837622,0.19360000000000002
0.1345041247374681,0.1937
0.13457696261661878,0.1938
0.13465030553283197,0.19390000000000002
0.13472402169599207,0.194
0.1347979806576336,0.19410000000000002
0.13487205348663467,0.1942
0.13494611293135472,0.1943
0.13502003356857795,0.19440000000000002
0.1350936919397051,0.1945
0.1351669666747073,0.19460000000000002
0.1352397386044203,0.1947
0.13531189086182127,0.1948
0.13538330897297413,0.19490000000000002
0.1354538809383803,0.195
0.13552349730550473,0.1951
0.135592051233275,0.1952
0.13565943854937568,0.1953
0.13572555780117135,0.19540000000000002
0.13579031030109956,0.1955
0.1358536001673729,0.1956
0.13591533436082337,0.1957
0.13597542271870688,0.1958
0.13603377798626248,0.19590000000000002
0.13609031584679732,0.196
0.1361449549510314,0.1961
0.13619761694639754,0.1962
0.1362482265069499,0.1963
0.13629671136448052,0.19640000000000002
0.13634300234139318,0.1965
0.1363870333858228,0.1966
0.13642874160942875,0.1967
0.1364680673282218,0.1968
0.13650495410672114,0.19690000000000002
0.13653934880566176,0.197
0.1365712016334053,0.1971
0.13660046620112964,0.19720000000000001
0.13662709958179986,0.1973
0.13665106237284919,0.19740000000000002
0.13667231876242103,0.1975
0.1366908365989511,0.1976
0.13670658746379616,0.19770000000000001
0.13671954674654407,0.1978
0.13672969372256993,0.19790000000000002
0.13673701163234053,0.198
0.13674148776190254,0.1981
0.13674311352393487,0.19820000000000002
0.1367418845386874,0.1983
0.13673780071408292,0.19840000000000002
0.13673086632420872,0.1985
0.13672109008539013,0.1986
0.13670848522900392,0.19870000000000002
0.1366930695701587,0.1988
0.13667486557135666,0.19890000000000002
0.1366539004002294,0.199
0.1366302059804403,0.1991
0.1366038190348441,0.19920000000000002
0.13657478112000332,0.1993
0.13654313865117707,0.19940000000000002
0.13650894291692062,0.1995
0.13647225008246688,0.1996
0.13643312118109707,0.19970000000000002
0.13639162209275413,0.1998
0.13634782350920693,0.19990000000000002
0.13630180088513122,0.2
0.13625363437453886,0.2001
0.13620340875206183,0.20020000000000002
0.13615121331867364,0.2003
0.1360971417915141,0.20040000000000002
0.1360412921775742,0.2005
0.13598376663108558,0.2006
0.13592467129456087,0.20070000000000002
0.13586411612352545,0.2008
0.13580221469508336,0.20090000000000002
0.1357390840005661,0.201
0.13567484422261078,0.2011
0.13560961849712172,0.20120000000000002
0.13554353266067176,0.2013
0.13547671498399783,0.20140000000000002
0.13540929589234685,0.2015
0.1353414076735221,0.2016
0.13527318417457113,0.20170000000000002
0.13520476048814434,0.2018
0.13513627262963357,0.2019
0.13506785720627512,0.202
0.13499965107947087,0.2021
0.13493179102164043,0.20220000000000002
0.13486441336897292,0.2023
0.13479765367148766,0.2024
0.13473164634185342,0.2025
0.13466652430443682,0.2026
0.1346024186460727,0.20270000000000002
0.1345394582700532,0.2028
0.13447776955483026,0.2029
0.1344174760189133,0.203
0.13435869799342437,0.2031
0.1343015523037352,0.20320000000000002
0.1342461519615753,0.2033
0.13419260586894421,0.2034
0.13414101853510452,0.20350000000000001
0.13409148980786234,0.2036
0.13404411462026655,0.20370000000000002
0.13399898275377464,0.2038
0.13395617861884213,0.2039
0.13391578105379842,0.20400000000000001
0.13387786314276773,0.2041
0.13384249205329124,0.20420000000000002
0.1338097288941943,0.2043
0.13377962859413406,0.2044
0.13375223980114415,0.20450000000000002
0.13372760480338375,0.2046
0.13370575947117902,0.20470000000000002
0.13368673322033253,0.2048
0.13367054899656428,0.2049
0.1336572232808364,0.20500000000000002
0.13364676611520787,0.2051
0.13363918114876228,0.20520000000000002
0.13363446570305382,0.2053
0.1336326108564243,0.2054
0.13363360154645632,0.20550000000000002
0.1336374166897485,0.2056
0.13364402931812636,0.20570000000000002
0.13365340673033388,0.2058
0.13366551065819676,0.2059
0.1336802974461947,0.20600000000000002
0.1336977182433421,0.2061
0.13371771920623898,0.20620000000000002
0.1337402417121336,0.2063
0.13376522258081724,0.2064
0.1337925943041658,0.20650000000000002
0.13382228528214313,0.2066
0.13385422006408454,0.20670000000000002
0.13388831959409875,0.2068
0.13392450145944612,0.2069
0.13396268014078017,0.20700000000000002
0.13400276726317562,0.2071
0.1340446718469075,0.20720000000000002
0.13408830055699206,0.2073
0.1341335579505536,0.2074
0.1341803467211342,0.20750000000000002
0.13422856793912807,0.2076
0.134278121287581,0.20770000000000002
0.1343289052926634,0.2078
0.13438081754819264,0.2079
0.13443375493365084,0.20800000000000002
0.13448761382521246,0.2081
0.13454229029936893,0.2082
0.13459768032880715,0.2083
0.13465367997026667,0.2084
0.1347101855441747,0.20850000000000002
0.13476709380591712,0.2086
0.13482430210867669,0.2087
0.13488170855782533,0.2088
0.13493921215692362,0.2089
0.13499671294543147,0.20900000000000002
0.13505411212829044,0.2091
0.1351113121975872,0.2092
0.1351682170465517,0.2093
0.13522473207618668,0.2094
0.13528076429486025,0.20950000000000002
0.13533622241122667,0.2096
0.13539101692086886,0.2097
0.13544506018707803,0.20980000000000001
0.1354982665162051,0.2099
0.13555055222803292,0.21000000000000002
0.1356018357216262,0.2101
0.13565203753712218,0.2102
0.13570108041392437,0.21030000000000001
0.1357488893457559,0.2104
0.13579539163302512,0.21050000000000002
0.13584051693293675,0.2106
0.1358841973077708,0.2107
0.13592636727172824,0.21080000000000002
0.1359669638367188,0.2109
0.13600592655744026,0.21100000000000002
0.13604319757606598,0.2111
0.136078721666826,0.2112
0.1361124462807325,0.21130000000000002
0.1361443215906587,0.2114
0.13617430053694524,0.21150000000000002
0.1362023388736624,0.2116
0.13622839521561825,0.2117
0.1362524310861556,0.21180000000000002
0.13627441096573778,0.2119
0.13629430234128015,0.21200000000000002
0.13631207575613802,0.2121
0.1363277048606183,0.2122
0.13634116646284022,0.21230000000000002
0.13635244057972618,0.2124
0.13636151048786505,0.21250000000000002
0.13636836277395037,0.2126
0.13637298738446002,0.2127
0.1363753776742075,0.21280000000000002
0.13637553045336548,0.2129
0.1363734460325321,0.21300000000000002
0.13636912826538505,0.2131
0.1363625845884473,0.2132
0.13635382605746704,0.21330000000000002
0.13634286737990464,0.2134
0.13632972694300316,0.21350000000000002
0.13631442683691763,0.2136
0.13629699287237407,0.2137
0.1362774545923301,0.21380000000000002
0.13625584527712065,0.2139
0.136232201942579,0.21400000000000002
0.13620656533064213,0.2141
0.13617897989196992,0.2142
0.13614949376013175,0.21430000000000002
0.136118158716944,0.2144
0.13608503014857665,0.21450000000000002
0.13605016699208272,0.2146
0.13601363167204872,0.2147
0.13597549002710652,0.21480000000000002
0.13593581122609877,0.2149
0.13589466767373903,0.215
0.1358521349056636,0.2151
0.13580829147282925,0.2152
0.13576321881526832,0.21530000000000002
0.13571700112527618,0.2154
0.13566972520016296,0.2155
0.1356214802847695,0.2156
0.1355723579040068,0.2157
0.13552245168574095,0.21580000000000002
0.13547185717441068,0.2159
0.1354206716358215,0.216
0.135368993853624,0.21610000000000001
0.13531692391803873,0.2162
0.1352645630074465,0.21630000000000002
0.13521201316351472,0.2164
0.13515937706058068,0.2165
0.13510675777005554,0.21660000000000001
0.13505425852065656,0.2167
0.1350019824553108,0.21680000000000002
0.134950032385605,0.2169
0.13489851054468505,0.217
0.13484751833952813,0.21710000000000002
0.13479715610352971,0.2172
0.13474752285035418,0.21730000000000002
0.13469871603000827,0.2174
0.13465083128808863,0.2175
0.13460396222915527,0.21760000000000002
0.13455820018516373,0.2177
0.13451363398987393,0.21780000000000002
0.13447034976012895,0.2179
0.13442843068486465,0.218
0.13438795682268012,0.21810000000000002
0.13434900490875512,0.2182
0.13431164817185715,0.21830000000000002
0.13427595616213173,0.2184
0.13424199459031472,0.2185
0.13420982517894897,0.21860000000000002
0.13417950552612645,0.2187
0.1341510889822144,0.21880000000000002
0.13412462453995544,0.2189
0.1341001567382688,0.219
0.13407772558000441,0.21910000000000002
0.13405736646383615,0.2192
0.13403911013040803,0.21930000000000002
0.134022982622777,0.2194
0.13400900526112514,0.2195
0.13399719463164794,0.21960000000000002
0.13398756258945455,0.2197
0.13398011627525397,0.21980000000000002
0.133974858145536,0.2199
0.1339717860158971,0.22
0.1339708931171052,0.22010000000000002
0.13397216816344182,0.2202
0.13397559543281412,0.22030000000000002
0.13398115485808249,0.2204
0.13398882212726415,0.2205
0.1339985688008063,0.22060000000000002
0.13401036243107833,0.2207
0.13402416668158224,0.22080000000000002
0.13403994147681364,0.2209
0.13405764315017388,0.221
0.1340772245857459,0.22110000000000002
0.1340986353785687,0.2212
0.13412182199790923,0.22130000000000002
0.1341467279531421,0.2214
0.13417329396340782,0.2215
0.13420145813052498,0.22160000000000002
0.13423115611376724,0.2217
0.1342623213060966,0.2218
0.1342948850110529,0.22190000000000001
0.13432877661941223,0.222
0.13436392378531337,0.22210000000000002
0.13440025260123856,0.2222
0.13443768777159626,0.2223
0.13447615278405312,0.22240000000000001
0.13451557007823656,0.2225
0.13455586121117058,0.22260000000000002
0.13459694701930514,0.2227
0.1346387477767199,0.2228
0.1346811833492979,0.22290000000000001
0.13472417334446318,0.223
0.13476763725632712,0.22310000000000002
0.13481149460600905,0.2232
0.13485566507706603,0.2233
0.1349000686458841,0.22340000000000002
0.13494462570701737,0.2235
0.13498925719341293,0.22360000000000002
0.1350338846915664,0.2237
0.13507843055161828,0.2238
0.13512281799248882,0.22390000000000002
0.13516697120213017,0.224
0.13521081543304703,0.22410000000000002
0.1352542770932218,0.2242
0.1352972838326364,0.2243
0.13533976462556596,0.22440000000000002
0.13538164984886358,0.2245
0.13542287135644204,0.22460000000000002
0.13546336255018487,0.2247
0.1355030584475101,0.2248
0.13554189574582565,0.22490000000000002
0.13557981288410825,0.225
0.13561675010185026,0.22510000000000002
0.13565264949560107,0.2252
0.13568745507333813,0.2253
0.13572111280687837,0.22540000000000002
0.13575357068253702,0.2255
0.13578477875021988,0.22560000000000002
0.13581468917112505,0.2257
0.13584325626420535,0.2258
0.13587043655153253,0.22590000000000002
0.13589618880267673,0.226
0.13592047407819663,0.22610000000000002
0.13594325577231237,0.2262
0.1359644996548085,0.2263
0.13598417391218953,0.22640000000000002
0.13600224918808623,0.2265
0.13601869862288618,0.22660000000000002
0.13603349789253327,0.2267
0.13604662524642042,0.2268
0.13605806154427114,0.22690000000000002
0.1360677902918822,0.227
0.13607579767557954,0.22710000000000002
0.13608207259521077,0.2272
0.13608660669548445,0.2273
0.1360893943954391,0.22740000000000002
0.1360904329158128,0.2275
0.1360897223040647,0.22760000000000002
0.1360872654567855,0.2277
0.136083068137283,0.2278
0.13607713899570884,0.22790000000000002
0.13606948958538756,0.228
0.13606013436081132,0.2281
0.13604909068416937,0.22820000000000001
0.13603637883696262,0.2283
0.1360220220109425,0.22840000000000002
0.1360060462952083,0.2285
0.1359884806644489,0.2286
0.1359693569600332,0.22870000000000001
0.13594870986411567,0.2288
0.13592657686822518,0.22890000000000002
0.13590299823596264,0.229
0.1358780169589917,0.2291
0.13585167870655845,0.22920000000000001
0.13582403176797608,0.2293
0.1357951269881097,0.22940000000000002
0.13576501769588756,0.2295
0.13573375962599066,0.2296
0.1357014108336202,0.22970000000000002
0.13566803160220353,0.2298
0.13563368434393575,0.22990000000000002
0.13559843349326184,0.23
0.13556234539352807,0.2301
0.13552548817702426,0.23020000000000002
0.13548793163858674,0.2303
0.13544974710295632,0.23040000000000002
0.1354110072861472,0.2305
0.13537178615114653,0.2306
0.13533215875828342,0.23070000000000002
0.13529220111064433,0.2308
0.1352519899949457,0.23090000000000002
0.1352116028183159,0.231
0.13517111744145738,0.2311
0.13513061200868526,0.23120000000000002
0.13509016477536684,0.2313
0.13504985393331692,0.23140000000000002
0.13500975743472754,0.2315
0.13496995281522106,0.2316
0.13493051701662384,0.23170000000000002
0.13489152621006373,0.2318
0.13485305562000016,0.23190000000000002
0.13481517934979947,0.232
0.13477797020947058,0.2321
0.13474149954617265,0.23220000000000002
0.13470583707810635,0.2323
0.1346710507323936,0.23240000000000002
0.1346372064875333,0.2325
0.1346043682210073,0.2326
0.13457259756257856,0.23270000000000002
0.13454195375380296,0.2328
0.13451249351424222,0.23290000000000002
0.1344842709148414,0.233
0.1344573372588993,0.2331
0.13443174097103028,0.23320000000000002
0.13440752749447893,0.2333
0.1343847391971098,0.23340000000000002
0.13436341528635687,0.2335
0.13434359173337285,0.2336
0.13432530120657804,0.23370000000000002
0.1343085730147633,0.2338
0.1342934330598582,0.23390000000000002
0.13427990379943133,0.234
0.13426800421894713,0.2341
0.13425774981375627,0.23420000000000002
0.1342491525807601,0.2343
0.134242221019642,0.23440000000000003
0.13423696014352438,0.23450000000000001
0.1342333714988635,0.2346
0.13423145319436525,0.23470000000000002
0.13423119993866273,0.2348
0.134232603086468,0.2349
0.13423565069287724,0.23500000000000001
0.13424032757426252,0.2351
0.13424661538066374,0.23520000000000002
0.13425449267297251,0.2353
0.13426393500014178,0.2354
0.13427491499092037,0.23550000000000001
0.13428740245230508,0.2356
0.13430136446971996,0.23570000000000002
0.1343167655109644,0.2358
0.13433356753379122,0.2359
0.13435173010053691,0.23600000000000002
0.13437121049507095,0.2361
0.13439196384215468,0.23620000000000002
0.13441394322949218,0.2363
0.13443709983206098,0.2364
0.13446138303795885,0.23650000000000002
0.13448674057529453,0.2366
0.13451311863952464,0.23670000000000002
0.13454046202078873,0.2368
0.13456871423119943,0.2369
0.13459781763177558,0.23700000000000002
0.13462771355877579,0.2371
0.13465834244881558,0.23720000000000002
0.1346896439624471,0.2373
0.13472155710588007,0.2374
0.1347540203507791,0.23750000000000002
0.13478697175188992,0.2376
0.13482034906229556,0.23770000000000002
0.13485408984602976,0.2378
0.13488813158793045,0.2379
0.13492241180060005,0.23800000000000002
0.134956868128412,0.2381
0.13499143844846406,0.23820000000000002
0.1350260609684405,0.2383
0.13506067432132585,0.2384
0.1350952176569642,0.23850000000000002
0.13512963073044582,0.2386
0.13516385398735375,0.23870000000000002
0.13519782864589247,0.2388
0.13523149677596857,0.2389
0.13526480137527863,0.23900000000000002
0.1352976864424924,0.2391
0.135330097047611,0.23920000000000002
0.13536197939959915,0.2393
0.1353932809113796,0.2394
0.1354239502622947,0.23950000000000002
0.13545393745812895,0.2396
0.13548319388880603,0.23970000000000002
0.13551167238386397,0.2398
0.13553932726582596,0.2399
0.13556611440157185,0.24000000000000002
0.13559199125181476,0.2401
0.1356169169187752,0.24020000000000002
0.13564085219213573,0.2403
0.1356637595933513,0.2404
0.1356856034183801,0.24050000000000002
0.1357063497788884,0.2406
0.13572596664197523,0.24070000000000003
0.13574442386844987,0.24080000000000001
0.1357616932496818,0.2409
0.13577774854302993,0.24100000000000002
0.13579256550584673,0.2411
0.13580612192803432,0.2412
0.13581839766312198,0.24130000000000001
0.13582937465781275,0.2414
0.1358390369799416,0.24150000000000002
0.1358473708447665,0.2416
0.13585436463950717,0.2417
0.13586000894603012,0.24180000000000001
0.13586429656156818,0.2419
0.13586722251735384,0.24200000000000002
0.13586878409503322,0.2421
0.1358689808407204,0.2422
0.13586781457654395,0.24230000000000002
0.13586528940833964,0.2424
0.1358614117342679,0.24250000000000002
0.13585619024869966,0.2426
0.13584963593631538,0.2427
0.13584176207247667,0.24280000000000002
0.13583258421854594,0.2429
0.1358221202074268,0.24300000000000002
0.13581039013179186,0.2431
0.1357974163257225,0.2432
0.1357832233406765,0.24330000000000002
0.13576783791941138,0.2434
0.13575128896539856,0.24350000000000002
0.13573360750719832,0.2436
0.1357148266584186,0.2437
0.1356949815733849,0.24380000000000002
0.13567410939785252,0.2439
0.13565224921496866,0.24400000000000002
0.13562944198615434,0.2441
0.13560573048710722,0.2442
0.13558115923904468,0.24430000000000002
0.1355557744353887,0.2444
0.13552962386384704,0.24450000000000002
0.1355027568238143,0.2446
0.13547522403907908,0.2447
0.1354470775660267,0.24480000000000002
0.13541837069758433,0.2449
0.13538915786312455,0.24500000000000002
0.13535949452446938,0.2451
0.13532943706817813,0.2452
0.13529904269435244,0.24530000000000002
0.1352683693022404,0.2454
0.1352374753729193,0.24550000000000002
0.13520641984935544,0.2456
0.13517526201415186,0.2457
0.1351440613653221,0.24580000000000002
0.13511287749043577,0.2459
0.13508176993949994,0.24600000000000002
0.13505079809695197,0.2461
0.1350200210531567,0.2462
0.13498949747580635,0.24630000000000002
0.13495928548162783,0.2464
0.13492944250879757,0.24650000000000002
0.13490002519046917,0.2466
0.13487108922981417,0.2467
0.13484268927697696,0.24680000000000002
0.1348148788083381,0.2469
0.13478771000848322,0.24700000000000003
0.13476123365526582,0.24710000000000001
0.13473549900834747,0.2472
0.13471055370158558,0.24730000000000002
0.13468644363962212,0.2474
0.13466321289900562,0.24750000000000003
0.13464090363415993,0.24760000000000001
0.13461955598849018,0.2477
0.13459920801089875,0.24780000000000002
0.13457989557796068,0.2479
0.13456165232198536,0.248
0.13454450956517072,0.24810000000000001
0.13452849626002683,0.2482
0.13451363893622104,0.24830000000000002
0.1344999616539716,0.2484
0.13448748596408422,0.2485
0.1344762308747034,0.24860000000000002
0.13446621282481763,0.2487
0.134457445664533,0.24880000000000002
0.13444994064210125,0.2489
0.13444370639766134,0.249
0.1344387489636274,0.24910000000000002
0.13443507177163172,0.2492
0.13443267566590522,0.24930000000000002
0.1344315589229561,0.2494
0.13443171727738357,0.2495
0.13443314395364248,0.24960000000000002
0.1344358297027154,0.2497
0.13443976284720083,0.24980000000000002
0.1344449293300074,0.2499
0.1344513127629673,0.25
0.13445889448744042,0.2501
0.13446765364024849,0.25020000000000003
0.13447756721771298,0.2503
0.1344886101457755,0.2504
0.13450075535604988,0.2505
0.13451397386317532,0.2506
0.13452823484425092,0.25070000000000003
0.1345435057225236,0.2508
0.13455975225324457,0.2509
0.13457693861123465,0.251
0.13459502748044383,0.2511
0.13461398014521664,0.25120000000000003
0.13463375658269416,0.2513
0.13465431555605356,0.2514
0.13467561470817813,0.2515
0.13469761065549024,0.2516
0.13472025908191276,0.25170000000000003
0.1347435148328201,0.2518
0.13476733200880742,0.2519
0.1347916640588881,0.252
0.13481646387285007,0.2521
0.134841683872568,0.25220000000000004
0.13486727610221583,0.2523
0.1348931923172263,0.2524
0.1349193840718408,0.2525
0.13494580280506752,0.2526
0.13497239992495702,0.25270000000000004
0.13499912689111127,0.2528
0.1350259352953712,0.2529
0.13505277694060247,0.253
0.1350796039175245,0.2531
0.13510636867952563,0.25320000000000004
0.1351330241154367,0.2533
0.13515952362023054,0.2534
0.13518582116364053,0.2535
0.13521187135669244,0.2536
0.13523762951616203,0.25370000000000004
0.13526305172697395,0.2538
0.13528809490256943,0.2539
0.1353127168432653,0.254
0.13533687629263658,0.2541
0.1353605329919486,0.25420000000000004
0.13538364773266787,0.2543
0.13540618240708335,0.2544
0.13542810005707784,0.2545
0.13544936492108772,0.2546
0.13546994247929456,0.25470000000000004
0.1354897994970895,0.2548
0.13550890406684302,0.2549
0.13552722564801156,0.255
0.1355447351056016,0.2551
0.1355614047470095,0.25520000000000004
0.1355772083572473,0.2553
0.1355921212325636,0.2554
0.13560612021246,0.2555
0.13561918371009818,0.2556
0.13563129174108834,0.25570000000000004
0.1356424259506397,0.2558
0.1356525696390497,0.2559
0.13566170778549835,0.256
0.13566982707011,0.2561
0.1356769158942358,0.25620000000000004
0.13568296439890382,0.25630000000000003
0.1356879644813782,0.2564
0.13569190980976176,0.2565
0.13569479583557398,0.2566
0.13569661980422665,0.25670000000000004
0.13569738076332094,0.25680000000000003
0.13569707956868238,0.2569
0.13569571888804755,0.257
0.13569330320164852,0.2571
0.13568983880233554,0.25720000000000004
0.1356853337921713,0.25730000000000003
0.13567979807262542,0.2574
0.1356732433366481,0.2575
0.13566568305829407,0.2576
0.13565713247687694,0.2577
0.13564760857801472,0.25780000000000003
0.1356371300715501,0.2579
0.13562571736846463,0.258
0.1356133925530254,0.2581
0.1356001793509185,0.2582
0.13558610309491692,0.25830000000000003
0.13557119068735257,0.2584
0.13555547055898087,0.2585
0.13553897262456327,0.2586
0.13552172823533926,0.2587
0.13550377012795578,0.25880000000000003
0.13548513237008075,0.2589
0.1354658503024816,0.259
0.13544596047775392,0.2591
0.13542550059585134,0.2592
0.1354045094366877,0.25930000000000003
0.13538302678989478,0.2594
0.13536109338172442,0.2595
0.13533875079908742,0.2596
0.1353160414108916,0.2597
0.13529300828691104,0.25980000000000003
0.13526969511439757,0.2599
0.1352461461125778,0.26
0.13522240594521173,0.2601
0.13519851963142804,0.2602
0.13517453245508393,0.26030000000000003
0.13515048987287437,0.2604
0.13512643742141883,0.2605
0.13510242062355837,0.2606
0.13507848489412222,0.2607
0.13505467544541916,0.26080000000000003
0.1350310371927229,0.2609
0.13500761466001143,0.261
0.1349844518862383,0.2611
0.13496159233240856,0.2612
0.13493907878974043,0.26130000000000003
0.13491695328918363,0.2614
0.13489525701256544,0.2615
0.13487403020562339,0.2616
0.13485331209318008,0.2617
0.13483314079670683,0.26180000000000003
0.1348135532545206,0.2619
0.13479458514485354,0.262
0.13477627081202892,0.2621
0.13475864319596598,0.2622
0.13474173376522325,0.26230000000000003
0.13472557245377226,0.2624
0.1347101876016774,0.2625
0.1346956058998412,0.2626
0.13468185233895869,0.2627
0.1346689501628111,0.26280000000000003
0.13465692082601,0.2629
0.13464578395629156,0.263
0.13463555732144106,0.2631
0.13462625680090945,0.2632
0.13461789636216925,0.26330000000000003
0.1346104880418333,0.2634
0.1346040419315483,0.2635
0.13459856616865085,0.2636
0.1345940669315624,0.2637
0.13459054843987672,0.26380000000000003
0.13458801295908207,0.2639
0.13458646080984205,0.264
0.13458589038174607,0.2641
0.1345862981514242,0.2642
0.1345876787049084,0.26430000000000003
0.13459002476363657,0.2644
0.1345933272160188,0.2645
0.13459757515194615,0.2646
0.13460275589810178,0.2647
0.13460885506069353,0.26480000000000004
0.13461585657170083,0.2649
0.13462374273544497,0.265
0.1346324942798156,0.2651
0.13464209040954955,0.2652
0.13465250886185487,0.26530000000000004
0.13466372596557064,0.2654
0.13467571670139244,0.2655
0.13468845476358904,0.2656
0.13470191262402964,0.2657
0.13471606159782978,0.26580000000000004
0.1347308719101229,0.2659
0.1347463127640951,0.266
0.13476235241016266,0.2661
0.13477895821584363,0.2662
0.13479609673614457,0.26630000000000004
0.13481373378409023,0.2664
0.1348318345012487,0.2665
0.13485036342824308,0.2666
0.13486928457529124,0.2667
0.13488856149269002,0.26680000000000004
0.1349081573409674,0.2669
0.1349280349604377,0.267
0.13494815694001194,0.2671
0.13496848568523057,0.2672
0.13498898348544697,0.26730000000000004
0.1350096125800514,0.2674
0.1350303352236213,0.2675
0.13505111374994083,0.2676
0.13507191063484159,0.2677
0.13509268855781853,0.26780000000000004
0.13511341046235348,0.2679
0.13513403961489345,0.268
0.13515453966243673,0.2681
0.13517487468869505,0.2682
0.13519500926879724,0.26830000000000004
0.13521490852251306,0.2684
0.1352345381659784,0.2685
0.1352538645619139,0.2686
0.13527285476833562,0.2687
0.13529147658575835,0.26880000000000004
0.1353096986028901,0.26890000000000003
0.13532749024081558,0.269
0.1353448217956592,0.2691
0.13536166447972375,0.2692
0.1353779904611001,0.26930000000000004
0.13539377290174937,0.26940000000000003
0.13540898599406437,0.2695
0.1354236049959171,0.2696
0.13543760626419876,0.2697
0.13545096728685335,0.26980000000000004
0.13546366671340138,0.26990000000000003
0.1354756843839453,0.27
0.1354870013566456,0.2701
0.13549759993365196,0.2702
0.1355074636854754,0.27030000000000004
0.1355165774737812,0.27040000000000003
0.1355249274725835,0.2705
0.13553250118781768,0.2706
0.13553928747526334,0.2707
0.13554527655678972,0.27080000000000004
0.13555046003488835,0.27090000000000003
0.1355548309054584,0.271
0.13555838356880567,0.2711
0.13556111383881297,0.2712
0.13556301895023937,0.2713
0.13556409756410426,0.27140000000000003
0.1355643497711091,0.2715
0.13556377709305234,0.2716
0.13556238248176466,0.2717
0.1355601703173307,0.2718
0.13555714640344796,0.27190000000000003
0.1355533179581554,0.272
0.13554869360558652,0.2721
0.13554328336562094,0.2722
0.13553709863896046,0.2723
0.1355301521908221,0.27240000000000003
0.13552245813297004,0.2725
0.13551403190226652,0.2726
0.1355048902365923,0.2727
0.13549505114982452,0.2728
0.13548453390331328,0.27290000000000003
0.13547335897447244,0.273
0.13546154802342225,0.2731
0.13544912385728525,0.2732
0.13543611039191428,0.2733
0.1354225326112849,0.27340000000000003
0.1354084165247288,0.2735
0.13539378912173883,0.2736
0.13537867832451467,0.2737
0.1353631129380869,0.2738
0.13534712259816517,0.27390000000000003
0.13533073771685922,0.274
0.13531398942654016,0.2741
0.1352969095219564,0.2742
0.13527953040061036,0.2743
0.13526188500138503,0.27440000000000003
0.1352440067415377,0.2745
0.1352259294522471,0.2746
0.13520768731289157,0.2747
0.13518931478418184,0.2748
0.1351708465402921,0.27490000000000003
0.13515231740015787,0.275
0.13513376225812734,0.2751
0.13511521601413246,0.2752
0.1350967135035449,0.2753
0.13507828942688682,0.27540000000000003
0.1350599782795795,0.2755
0.13504181428191142,0.2756
0.13502383130941187,0.2757
0.13500606282380911,0.2758
0.13498854180476194,0.27590000000000003
0.13497130068255325,0.276
0.13495437127193355,0.2761
0.13493778470730233,0.2762
0.1349215713794042,0.2763
0.13490576087371242,0.27640000000000003
0.13489038191066394,0.2765
0.13487546228790248,0.2766
0.13486102882468587,0.2767
0.13484710730860827,0.2768
0.13483372244478387,0.27690000000000003
0.1348208978076335,0.277
0.13480865579540302,0.2771
0.1347970175875326,0.2772
0.134786003104982,0.2773
0.13477563097360779,0.27740000000000004
0.1347659184906732,0.2775
0.13475688159456678,0.2776
0.13474853483779092,0.2777
0.1347408913632735,0.2778
0.1347339628840426,0.27790000000000004
0.13472775966629635,0.278
0.13472229051588247,0.2781
0.1347175627681969,0.2782
0.13471358228149288,0.2783
0.13471035343358495,0.27840000000000004
0.13470787912191884,0.2785
0.13470616076696817,0.2786
0.13470519831890815,0.2787
0.13470499026750882,0.2788
0.134705533655178,0.27890000000000004
0.1347068240927557,0.279
0.13470885577940972,0.2791
0.13471162152477345,0.2792
0.13471511277193016,0.2793
0.13471931962584316,0.27940000000000004
0.13472423088443264,0.2795
0.13472983407020322,0.2796
0.13473611546505881,0.2797
0.13474306014743798,0.2798
0.13475065203186798,0.27990000000000004
0.13475887390966967,0.28
0.13476770749152045,0.2801
0.13477713345262143,0.2802
0.1347871314784621,0.2803
0.13479768031180772,0.28040000000000004
0.1348087578013204,0.2805
0.13482034095134332,0.2806
0.13483240597256319,0.2807
0.13484492833362338,0.2808
0.13485788281362698,0.28090000000000004
0.13487124355518676,0.281
0.13488498411790728,0.2811
0.1348990775320097,0.2812
0.13491349635201388,0.2813
0.13492821271047029,0.28140000000000004
0.13494319837180324,0.28150000000000003
0.13495842478621012,0.2816
0.13497386314341575,0.2817
0.13498948442606762,0.2818
0.13500525946265807,0.28190000000000004
0.13502115897994615,0.28200000000000003
0.13503715365483315,0.2821
0.13505321416561,0.2822
0.13506931124249644,0.2823
0.13508541571742094,0.28240000000000004
0.13510149857300036,0.28250000000000003
0.13511753099067314,0.2826
0.13513348439792683,0.2827
0.13514933051456746,0.2828
0.13516504139798824,0.28290000000000004
0.13518058948739853,0.28300000000000003
0.13519594764697673,0.2831
0.1352110892079168,0.2832
0.1352259880093396,0.2833
0.13524061843804902,0.28340000000000004
0.13525495546711985,0.28350000000000003
0.13526897469329913,0.2836
0.13528265237320902,0.2837
0.13529596545832867,0.2838
0.13530889162873605,0.28390000000000004
0.13532140932558756,0.28400000000000003
0.13533349778231696,0.2841
0.13534513705454088,0.2842
0.13535630804865895,0.2843
0.13536699254914397,0.2844
0.13537717324450926,0.28450000000000003
0.13538683375194482,0.2846
0.1353959586406066,0.2847
0.13540453345354164,0.2848
0.1354125447282305,0.2849
0.13541998001572864,0.28500000000000003
0.13542682789838512,0.2851
0.13543307800612092,0.2852
0.13543872103124577,0.2853
0.13544374874179244,0.2854
0.13544815399334553,0.28550000000000003
0.13545193073934447,0.2856
0.13545507403983303,0.2857
0.13545758006863362,0.2858
0.135459446118378,0.2859
0.13546067060588207,0.28600000000000003
0.135461253074876,0.2861
0.13546119419262037,0.2862
0.13546049575025976,0.2863
0.13545916066431973,0.2864
0.13545719296960312,0.28650000000000003
0.1354545978102959,0.2866
0.13545138143376156,0.2867
0.13544755118143537,0.2868
0.13544311547621468,0.2869
0.13543808380880829,0.28700000000000003
0.13543246672233866,0.2871
0.1354262757950202,0.2872
0.13541952362102216,0.2873
0.13541222379003903,0.2874
0.13540439086403577,0.28750000000000003
0.1353960403521317,0.2876
0.13538718868479604,0.2877
0.1353778531851364,0.2878
0.13536805203833302,0.2879
0.1353578042597514,0.28800000000000003
0.13534712966133067,0.2881
0.13533604881619077,0.2882
0.13532458302167694,0.2883
0.13531275426098466,0.2884
0.13530058516319876,0.28850000000000003
0.135288098961858,0.2886
0.13527531945194005,0.2887
0.13526227094538368,0.2888
0.13524897822530335,0.2889
0.13523546649914642,0.28900000000000003
0.13522176135092545,0.2891
0.13520788869252842,0.2892
0.13519387471408595,0.2893
0.1351797458334708,0.2894
0.13516552864508902,0.28950000000000004
0.13515124986811167,0.2896
0.1351369362942616,0.2897
0.13512261473526999,0.2898
0.1351083119701394,0.2899
0.13509405469235536,0.29000000000000004
0.13507986945717065,0.2901
0.13506578262907876,0.2902
0.13505182032959473,0.2903
0.13503800838547098,0.2904
0.13502437227747666,0.29050000000000004
0.13501093708986533,0.2906
0.1349977274606572,0.2907
0.13498476753286115,0.2908
0.1349720809067675,0.2909
0.1349596905934397,0.29100000000000004
0.13494761896952934,0.2911
0.13493588773353038,0.2912
0.1349245178635824,0.2913
0.1349135295769206,0.2914
0.1349029422910688,0.29150000000000004
0.13489277458686677,0.2916
0.1348830441734239,0.2917
0.1348737678550852,0.2918
0.13486496150049487,0.2919
0.13485664001383157,0.29200000000000004
0.13484881730828213,0.2921
0.13484150628181157,0.2922
0.1348347187952763,0.2923
0.13482846565292206,0.2924
0.1348227565852994,0.29250000000000004
0.13481760023462297,0.2926
0.13481300414259512,0.2927
0.13480897474070486,0.2928
0.13480551734300772,0.2929
0.1348026361407575,0.29300000000000004
0.13480033420175042,0.2931
0.1347986134705199,0.2932
0.13479747476764636,0.2933
0.13479691779681446,0.2934
0.13479694115396257,0.29350000000000004
0.1347975423346781,0.2936
0.13479871774593366,0.2937
0.13480046272221202,0.2938
0.13480277154094922,0.2939
0.1348056374389306,0.29400000000000004
0.13480905263378373,0.29410000000000003
0.1348130083466712,0.2942
0.1348174948257369,0.2943
0.13482250137188312,0.2944
0.13482801636638242,0.29450000000000004
0.13483402729999316,0.29460000000000003
0.1348405208034591,0.2947
0.13484748267975422,0.2948
0.13485489793681016,0.2949
0.13486275082166166,0.29500000000000004
0.13487102485665015,0.29510000000000003
0.1348797028756089,0.2952
0.1348887670609531,0.2953
0.1348981989819552,0.2954
0.13490797963366608,0.29550000000000004
0.13491808947643036,0.29560000000000003
0.13492850847602322,0.2957
0.13493921614440796,0.2958
0.13495019158082033,0.2959
0.13496141351312418,0.29600000000000004
0.13497286033918654,0.29610000000000003
0.13498451016823154,0.2962
0.13499634086216195,0.2963
0.13500833007694069,0.2964
0.13502045530399454,0.29650000000000004
0.13503269391149397,0.29660000000000003
0.13504502318531508,0.2967
0.135057420369601,0.2968
0.13506986270690124,0.2969
0.13508232747787796,0.29700000000000004
0.1350947920405211,0.29710000000000003
0.1351072338688193,0.2972
0.13511963059084364,0.2973
0.1351319600262152,0.2974
0.13514420022290818,0.2975
0.13515632949334067,0.29760000000000003
0.13516832644970256,0.2977
0.1351801700384857,0.2978
0.13519183957418113,0.2979
0.13520331477211223,0.298
0.135214575780374,0.29810000000000003
0.1352256032108503,0.2982
0.13523637816929002,0.2983
0.1352468822844225,0.2984
0.13525709773609473,0.2985
0.13526700728241137,0.29860000000000003
0.1352765942858516,0.2987
0.13528584273833932,0.2988
0.13529473728524,0.2989
0.13530326324826158,0.299
0.13531140664724206,0.29910000000000003
0.13531915422080898,0.2992
0.1353264934458971,0.2993
0.13533341255611386,0.2994
0.13533990055893463,0.2995
0.135345947251715,0.29960000000000003
0.13535154323649956,0.2997
0.13535667993361034,0.2998
0.13536134959399648,0.2999
0.13536554531032796,0.3
0.1353692610268169,0.30010000000000003
0.13537249154719455,0.3002
0.13537523254337025,0.3003
0.13537748056134746,0.3004
0.13537923302292332,0.3005
0.13538048823074522,0.30060000000000003
0.13538124537151952,0.3007
0.13538150451516195,0.3008
0.13538126661416905,0.3009
0.13538053350077717,0.301
0.13537930788352714,0.30110000000000003
0.13537759334311383,0.3012
0.13537539432437806,0.3013
0.1353727161280739,0.3014
0.13536956490231522,0.3015
0.13536594763132026,0.30160000000000003
0.1353618721231169,0.3017
0.13535734699588575,0.3018
0.13535238166277175,0.3019
0.13534698631515674,0.302
0.13534117190452954,0.30210000000000004
0.13533495012300545,0.3022
0.13532833338248862,0.3023
0.1353213347929605,0.3024
0.13531396813838847,0.3025
0.13530624785162393,0.30260000000000004
0.13529818898919532,0.3027
0.13528980720337225,0.3028
0.1352811187130879,0.3029
0.13527214027425538,0.303
0.13526288914880513,0.30310000000000004
0.13525338307266854,0.3032
0.13524364022283142,0.3033
0.13523367918359797,0.3034
0.13522351891190387,0.3035
0.13521317870180283,0.30360000000000004
0.13520267814801212,0.3037
0.1351920371086235,0.3038
0.13518127566709914,0.3039
0.1351704140938138,0.304
0.13515947280727225,0.30410000000000004
0.1351484723350176,0.3042
0.13513743327418393,0.3043
0.13512637625175294,0.3044
0.13511532188463748,0.3045
0.13510429073972663,0.30460000000000004
0.13509330329397884,0.3047
0.13508237989465655,0.3048
0.13507154071979643,0.3049
0.1350608057390268,0.305
0.13505019467481305,0.30510000000000004
0.13503972696421673,0.3052
0.13502942172124555,0.3053
0.1350192976998854,0.3054
0.13500937325790163,0.3055
0.13499966632149474,0.30560000000000004
0.13499019435089088,0.3057
0.13498097430694955,0.3058
0.13497202261887287,0.3059
0.13496335515309976,0.306
0.13495498718346366,0.30610000000000004
0.13494693336268593,0.3062
0.13493920769526502,0.3063
0.13493182351181854,0.3064
0.13492479344492636,0.3065
0.13491812940652526,0.30660000000000004
0.13491184256690159,0.30670000000000003
0.1349059433353319,0.3068
0.1349004413424124,0.3069
0.1348953454241193,0.307
0.13489066360762902,0.30710000000000004
0.1348864030989244,0.30720000000000003
0.13488257027161166,0.3073
0.1348791706596183,0.3074
0.13487620895023633,0.3075
0.13487368897608376,0.30760000000000004
0.13487161371368794,0.30770000000000003
0.13486998528330651,0.3078
0.13486880494790732,0.3079
0.13486807311536608,0.308
0.13486778934238663,0.30810000000000004
0.13486795234020965,0.30820000000000003
0.13486855998127312,0.3083
0.1348696093083589,0.3084
0.1348710965459644,0.3085
0.13487301711127075,0.30860000000000004
0.1348753656278061,0.30870000000000003
0.13487813594155995,0.3088
0.13488132113738627,0.3089
0.1348849135569662,0.309
0.13488890481809213,0.30910000000000004
0.13489328583519977,0.30920000000000003
0.13489804684114104,0.3093
0.13490317741016444,0.3094
0.13490866648198596,0.3095
0.13491450238684166,0.30960000000000004
0.13492067287146192,0.30970000000000003
0.1349271651258903,0.3098
0.13493396581154282,0.3099
0.13494106108897763,0.31
0.13494843664675749,0.31010000000000004
0.13495607773208096,0.31020000000000003
0.13496396918032083,0.3103
0.13497209544522126,0.3104
0.13498044063012782,0.3105
0.13498898851931074,0.3106
0.1349977226095893,0.31070000000000003
0.13500662614224568,0.3108
0.13501568213523785,0.3109
0.13502487341544278,0.311
0.1350341826509165,0.3111
0.1350435923829525,0.31120000000000003
0.13505308505792135,0.3113
0.13506264305889448,0.3114
0.13507224873718304,0.3115
0.13508188444379476,0.3116
0.13509153256069206,0.31170000000000003
0.1351011755316709,0.3118
0.13511079589278374,0.3119
0.1351203763022928,0.312
0.13512989957016375,0.3121
0.135139348687061,0.31220000000000003
0.13514870685281333,0.3123
0.13515795750432213,0.3124
0.13516708434289493,0.3125
0.135176071360966,0.3126
0.13518490286816798,0.31270000000000003
0.13519356351670986,0.3128
0.13520203832603794,0.3129
0.13521031270674766,0.313
0.1352183724837256,0.3131
0.1352262039184905,0.31320000000000003
0.13523379373071476,0.3133
0.13524112911890684,0.3134
0.13524819778024166,0.3135
0.13525498792952417,0.3136
0.13526148831726892,0.31370000000000003
0.1352676882468723,0.3138
0.13527357759085457,0.3139
0.13527914680614817,0.314
0.13528438694841072,0.3141
0.1352892896853497,0.31420000000000003
0.13529384730904626,0.3143
0.13529805274726903,0.3144
0.13530189957326,0.3145
0.13530538201625797,0.3146
0.1353084949697243,0.31470000000000004
0.13531123399604617,0.3148
0.1353135953342508,0.3149
0.13531557590614363,0.315
0.1353171733191353,0.3151
0.13531838586917255,0.31520000000000004
0.13531921254252222,0.3153
0.1353196530163513,0.3154
0.1353197076580952,0.3155
0.13531937752373702,0.3156
0.1353186643549198,0.31570000000000004
0.13531757057497984,0.3158
0.1353160992839224,0.3159
0.13531425425233945,0.316
0.13531203991416674,0.3161
0.135309461358202,0.31620000000000004
0.13530652431841939,0.3163
0.13530323516315013,0.3164
0.13529960088321014,0.3165
0.13529562907896542,0.3166
0.13529132794632714,0.31670000000000004
0.1352867062616535,0.3168
0.13528177336557257,0.3169
0.13527653914574278,0.317
0.13527101401858133,0.3171
0.1352652089099915,0.31720000000000004
0.13525913523512756,0.3173
0.13525280487763514,0.3174
0.13524623016701853,0.3175
0.135239423855554,0.3176
0.13523239909552465,0.31770000000000004
0.13522516941405904,0.3178
0.13521774868740943,0.3179
0.13521015111514956,0.318
0.13520239119344113,0.3181
0.13519448368770293,0.31820000000000004
0.13518644360478715,0.3183
0.13517828616477368,0.3184
0.13517002677226853,0.3185
0.13516168098731107,0.3186
0.1351532644958039,0.31870000000000004
0.1351447930795484,0.31880000000000003
0.13513628258598698,0.3189
0.13512774889786927,0.319
0.13511920790295961,0.3191
0.13511067546378752,0.31920000000000004
0.13510216738739445,0.31930000000000003
0.13509369939510574,0.3194
0.13508528709242706,0.3195
0.1350769459391714,0.3196
0.13506869121989018,0.31970000000000004
0.1350605380146772,0.31980000000000003
0.13505250117041956,0.3199
0.1350445952725675,0.32
0.13503683461748195,0.3201
0.1350292331854127,0.32020000000000004
0.13502180461415603,0.32030000000000003
0.13501456217345253,0.3204
0.13500751874018024,0.3205
0.1350006867743997,0.3206
0.1349940782962975,0.32070000000000004
0.13498770486408262,0.32080000000000003
0.1349815775528842,0.3209
0.1349757069347064,0.321
0.13497010305948487,0.3211
0.13496477543728846,0.32120000000000004
0.13495973302169884,0.32130000000000003
0.13495498419439578,0.3214
0.13495053675097313,0.3215
0.1349463978875063,0.3216
0.1349425741901058,0.32170000000000004
0.1349390716245633,0.32180000000000003
0.13493589552498964,0.3219
0.13493305058767446,0.322
0.13493054086578227,0.3221
0.13492836976334233,0.32220000000000004
0.134926540031727,0.32230000000000003
0.1349250537674329,0.3224
0.13492391241112744,0.3225
0.13492311674793944,0.3226
0.13492266690911658,0.32270000000000004
0.13492256237496825,0.32280000000000003
0.13492280197925044,0.3229
0.13492338391454495,0.323
0.1349243057393823,0.3231
0.1349255643869165,0.32320000000000004
0.13492715617354067,0.32330000000000003
0.13492907680916688,0.3234
0.13493132140912312,0.3235
0.1349338845065734,0.3236
0.13493676006617994,0.32370000000000004
0.1349399414988306,0.32380000000000003
0.13494342167731177,0.3239
0.13494719295286495,0.324
0.13495124717261142,0.3241
0.1349555756977887,0.3242
0.13496016942275557,0.32430000000000003
0.1349650187947351,0.3244
0.13497011383424606,0.3245
0.1349754441561828,0.3246
0.1349809989914803,0.3247
0.1349867672093249,0.32480000000000003
0.1349927373398493,0.3249
0.13499889759768158,0.325
0.1350052359048456,0.3251
0.13501173991451065,0.3252
0.13501839703623697,0.32530000000000003
0.13502519445962724,0.3254
0.1350321191784294,0.3255
0.13503915801552613,0.3256
0.13504629764767395,0.3257
0.13505352463034226,0.32580000000000003
0.1350608254226443,0.3259
0.13506818641236928,0.326
0.13507559394090052,0.3261
0.13508303432801783,0.3262
0.13509049389640282,0.32630000000000003
0.13509795899582921,0.3264
0.13510541602704085,0.3265
0.1351128514654396,0.3266
0.1351202518846062,0.3267
0.13512760397956225,0.32680000000000003
0.13513489458963168,0.3269
0.1351421107208287,0.327
0.13514923956777303,0.3271
0.13515626853514184,0.3272
0.13516318525863968,0.32730000000000004
0.13516997762546246,0.3274
0.13517663379423595,0.3275
0.1351831422144122,0.3276
0.13518949164509708,0.3277
0.13519567117327358,0.32780000000000004
0.1352016702313893,0.3279
0.13520747861428772,0.328
0.13521308649546104,0.3281
0.1352184844426051,0.3282
0.13522366343245595,0.32830000000000004
0.13522861486489046,0.3284
0.13523333057627862,0.3285
0.1352378028515887,0.3286
0.135242024437356,0.3287
0.13524598855274272,0.32880000000000004
0.1352496888976128,0.3289
0.13525311966342712,0.329
0.13525627554281305,0.3291
0.13525915173640224,0.3292
0.13526174395984913,0.32930000000000004
0.13526404844993123,0.3294
0.13526606196969881,0.3295
0.13526778181265664,0.3296
0.13526920580610724,0.3297
0.13527033231358665,0.32980000000000004
0.13527116023648722,0.3299
0.1352716890148804,0.33
0.13527191862752352,0.3301
0.1352718495910019,0.3302
0.13527148295754943,0.33030000000000004
0.13527082031223747,0.3304
0.1352698637695514,0.3305
0.13526861596819517,0.3306
0.1352670800655289,0.3307
0.1352652597315327,0.33080000000000004
0.13526315914135867,0.3309
0.13526078296711308,0.331
0.13525813636877404,0.3311
0.13525522498423248,0.3312
0.1352520549184576,0.33130000000000004
0.13524863273184295,0.33140000000000003
0.13524496542773745,0.3315
0.1352410604391795,0.3316
0.13523692561485468,0.3317
0.13523256920429627,0.33180000000000004
0.13522799984235923,0.33190000000000003
0.13522322653298502,0.332
0.13521825863228087,0.3321
0.13521310583092905,0.3322
0.13520777813595686,0.33230000000000004
0.1352022858518942,0.33240000000000003
0.13519663956136074,0.3325
0.1351908501051151,0.3326
0.1351849285616129,0.3327
0.1351788862265404,0.33280000000000004
0.1351727345907675,0.33290000000000003
0.13516648531856068,0.333
0.135160150226856,0.3331
0.13515374126205282,0.3332
0.13514727047687558,0.33330000000000004
0.13514075000794723,0.33340000000000003
0.13513419205272037,0.3335
0.13512760884633646,0.3336
0.13512101263849208,0.3337
0.1351144156704106,0.33380000000000004
0.13510783015180106,0.33390000000000003
0.1351012682378978,0.334
0.13509474200649274,0.3341
0.13508826343501634,0.3342
0.1350818443777504,0.33430000000000004
0.13507549654338158,0.33440000000000003
0.13506923147300776,0.3345
0.13506306051859196,0.3346
0.13505699482179667,0.3347
0.1350510452931969,0.33480000000000004
0.13504522259194263,0.33490000000000003
0.1350395371059534,0.335
0.1350339989327024,0.3351
0.13502861786063425,0.3352
0.13502340335126095,0.33530000000000004
0.1350183645219818,0.33540000000000003
0.13501351012916674,0.3355
0.13500884855359785,0.3356
0.13500438778562318,0.3357
0.1350001354090663,0.33580000000000004
0.13499609858945516,0.33590000000000003
0.1349922840626243,0.336
0.13498869812247694,0.3361
0.134985346610632,0.3362
0.13498223490695171,0.33630000000000004
0.1349793679209561,0.33640000000000003
0.13497675008411825,0.3365
0.13497438534319905,0.3366
0.13497227715456794,0.3367
0.13497042847961982,0.33680000000000004
0.13496884178129887,0.33690000000000003
0.13496751902171267,0.337
0.13496646166070525,0.3371
0.13496567065530962,0.3372
0.1349651464601156,0.3373
0.13496488902864168,0.33740000000000003
0.1349648978157617,0.3375
0.13496517178115663,0.3376
0.1349657093937412,0.3377
0.13496650863701853,0.3378
0.13496756701533597,0.33790000000000003
0.13496888156101694,0.338
0.13497044884234866,0.3381
0.13497226497240633,0.3382
0.13497432561870204,0.3383
0.13497662601363447,0.33840000000000003
0.13497916096571216,0.3385
0.13498192487151717,0.3386
0.1349849117283778,0.3387
0.13498811514771836,0.3388
0.13499152836905326,0.33890000000000003
0.13499514427458548,0.339
0.1349989554043689,0.3391
0.13500295397199458,0.3392
0.1350071318807643,0.3393
0.13501148074031843,0.33940000000000003
0.13501599188368685,0.3395
0.13502065638473093,0.3396
0.13502546507594226,0.3397
0.13503040856656046,0.3398
0.13503547726097032,0.33990000000000004
0.1350406613773374,0.34
0.13504595096644323,0.3401
0.13505133593068108,0.3402
0.13505680604317638,0.3403
0.13506235096699848,0.34040000000000004
0.13506796027442958,0.3405
0.13507362346625806,0.3406
0.13507932999150296,0.3407
0.13508506926585384,0.3408
0.13509083069077232,0.34090000000000004
0.13509660367400544,0.341
0.13510237764753152,0.3411
0.13510814208571875,0.3412
0.13511388652436884,0.3413
0.13511960057895966,0.34140000000000004
0.13512527396269247,0.3415
0.13513089650433707,0.3416
0.13513645816589248,0.3417
0.13514194905987753,0.3418
0.13514735946627687,0.34190000000000004
0.1351526798489875,0.342
0.1351579008717515,0.3421
0.13516301341311254,0.3422
0.13516800858244937,0.3423
0.1351728777347201,0.34240000000000004
0.1351776124829377,0.3425
0.13518220471319653,0.3426
0.1351866465986462,0.3427
0.1351909306113841,0.3428
0.13519504953460615,0.34290000000000004
0.13519899647413192,0.343
0.13520276486927596,0.3431
0.1352063485030286,0.3432
0.13520974151168197,0.3433
0.13521293839382698,0.34340000000000004
0.13521593401881127,0.3435
0.13521872363464726,0.3436
0.13522130287534118,0.3437
0.13522366776750017,0.3438
0.1352258147361325,0.34390000000000004
0.13522774060967202,0.34400000000000003
0.13522944262431524,0.3441
0.1352309184277264,0.3442
0.13523216608209054,0.3443
0.13523318406648255,0.34440000000000004
0.13523397127852144,0.34450000000000003
0.13523452703530214,0.3446
0.135234851073589,0.3447
0.13523494354926813,0.3448
0.13523480503609986,0.34490000000000004
0.13523443652357814,0.34500000000000003
0.13523383941426947,0.3451
0.1352330155206135,0.3452
0.13523196706050167,0.3453
0.13523069665242848,0.34540000000000004
0.1352292073101875,0.34550000000000003
0.13522750243660675,0.3456
0.13522558581667699,0.3457
0.13522346161002607,0.3458
0.13522113434272243,0.34590000000000004
0.1352186088984122,0.34600000000000003
0.13521589050881977,0.3461
0.13521298474362453,0.3462
0.1352098974997349,0.3463
0.13520663498997965,0.34640000000000004
0.13520320373123518,0.34650000000000003
0.13519961053200724,0.3466
0.1351958624794808,0.3467
0.13519196692605828,0.3468
0.13518793147540542,0.34690000000000004
0.13518376396802945,0.34700000000000003
0.13517947246641748,0.3471
0.13517506523976397,0.3472
0.13517055074831463,0.3473
0.1351659376273583,0.34740000000000004
0.13516123467089491,0.34750000000000003
0.13515645081501182,0.3476
0.13515159512099817,0.3477
0.13514667675823,0.3478
0.13514170498685996,0.34790000000000004
0.13513668914034271,0.34800000000000003
0.1351316386078334,0.3481
0.13512656281649305,0.3482
0.13512147121373608,0.3483
0.13511637324945658,0.34840000000000004
0.13511127835826842,0.34850000000000003
0.13510619594179474,0.3486
0.1351011353510414,0.3487
0.13509610586889165,0.3488
0.13509111669275375,0.34890000000000004
0.13508617691740088,0.34900000000000003
0.1350812955180346,0.3491
0.13507648133361005,0.3492
0.1350717430504551,0.3493
0.13506708918621868,0.34940000000000004
0.13506252807418118,0.34950000000000003
0.1350580678479597,0.3496
0.13505371642663866,0.3497
0.13504948150035734,0.3498
0.13504537051638188,0.34990000000000004
0.13504139066569187,0.35000000000000003
0.13503754887010633,0.3501
0.1350338517699774,0.3502
0.13503030571247443,0.3503
0.13502691674048384,0.3504
0.13502369058214425,0.35050000000000003
0.13502063264104003,0.3506
0.13501774798706878,0.3507
0.13501504134800169,0.3508
0.13501251710175077,0.3509
0.13501017926935566,0.35100000000000003
0.135008031508702,0.3511
0.13500607710898127,0.3512
0.13500431898589782,0.3513
0.1350027596776321,0.3514
0.1350014013415618,0.35150000000000003
0.13500024575174507,0.3516
0.1349992942971654,0.3517
0.13499854798073718,0.3518
0.1349980074190711,0.3519
0.13499767284299113,0.35200000000000004
0.1349975440988016,0.3521
0.1349976206502923,0.3522
0.13499790158147584,0.3523
0.13499838560004418,0.3524
0.13499907104153308,0.35250000000000004
0.13499995587418068,0.3526
0.13500103770446426,0.3527
0.13500231378329997,0.3528
0.13500378101288668,0.3529
0.13500543595417602,0.35300000000000004
0.13500727483494734,0.3531
0.13500929355846758,0.3532
0.13501148771271398,0.3533
0.13501385258013499,0.3534
0.1350163831479284,0.35350000000000004
0.1350190741188091,0.3536
0.13502191992224288,0.3537
0.13502491472612044,0.3538
0.13502805244884342,0.3539
0.1350313267717984,0.35400000000000004
0.135034731152188,0.3541
0.13503825883619425,0.3542
0.13504190287244566,0.3543
0.13504565612575892,0.3544
0.13504951129112897,0.35450000000000004
0.13505346090793768,0.3546
0.13505749737435402,0.3547
0.13506161296189834,0.3548
0.13506579983014122,0.3549
0.13507005004151107,0.35500000000000004
0.1350743555761823,0.3551
0.13507870834701674,0.3552
0.13508310021453251,0.3553
0.1350875230018731,0.3554
0.13509196850975047,0.35550000000000004
0.13509642853133796,0.3556
0.1351008948670862,0.3557
0.13510535933943868,0.3558
0.13510981380742138,0.3559
0.1351142501810857,0.35600000000000004
0.13511866043577725,0.3561
0.1351230366262125,0.3562
0.1351273709003381,0.3563
0.13513165551295359,0.3564
0.1351358828390754,0.35650000000000004
0.13514004538702296,0.35660000000000003
0.1351441358112071,0.3567
0.13514814692460209,0.3568
0.13515207171088295,0.3569
0.13515590333621064,0.35700000000000004
0.13515963516064833,0.35710000000000003
0.13516326074919283,0.3572
0.13516677388240506,0.3573
0.13517016856662534,0.3574
0.13517343904375878,0.35750000000000004
0.13517657980061848,0.35760000000000003
0.1351795855778114,0.3577
0.13518245137815776,0.3578
0.1351851724746298,0.3579
0.13518774441780101,0.35800000000000004
0.13519016304279463,0.35810000000000003
0.13519242447572244,0.3582
0.1351945251396045,0.3583
0.1351964617597634,0.3584
0.1351982313686826,0.35850000000000004
0.13519983131032642,0.35860000000000003
0.13520125924391135,0.3587
0.13520251314712628,0.3588
0.135203591318797,0.3589
0.13520449238098953,0.35900000000000004
0.1352052152805513,0.35910000000000003
0.1352057592900867,0.3592
0.13520612400836585,0.3593
0.13520630936016675,0.3594
0.13520631559555008,0.35950000000000004
0.13520614328856806,0.35960000000000003
0.13520579333540939,0.3597
0.13520526695198332,0.3598
0.1352045656709453,0.3599
0.13520369133817045,0.36000000000000004
0.13520264610867916,0.36010000000000003
0.13520143244202065,0.3602
0.1352000530971238,0.3603
0.13519851112662018,0.3604
0.13519680987065208,0.36050000000000004
0.13519495295017214,0.36060000000000003
0.13519294425974748,0.3607
0.1351907879598795,0.3608
0.13518848846885223,0.3609
0.13518605045412246,0.36100000000000004
0.13518347882326687,0.36110000000000003
0.13518077871450118,0.3612
0.13517795548678746,0.3613
0.13517501470954718,0.3614
0.13517196215199845,0.36150000000000004
0.1351688037721347,0.36160000000000003
0.13516554570536665,0.3617
0.13516219425284615,0.3618
0.13515875586949488,0.3619
0.13515523715175815,0.36200000000000004
0.13515164482510733,0.36210000000000003
0.13514798573131448,0.3622
0.1351442668155225,0.3623
0.13514049511313486,0.3624
0.13513667773655125,0.36250000000000004
0.13513282186177267,0.36260000000000003
0.13512893471490406,0.3627
0.1351250235585778,0.3628
0.1351210956783273,0.3629
0.13511715836893545,0.36300000000000004
0.1351132189207852,0.36310000000000003
0.13510928460623983,0.3632
0.13510536266607887,0.3633
0.135101460296018,0.3634
0.13509758463333743,0.3635
0.13509374274364838,0.36360000000000003
0.13508994160782117,0.3637
0.13508618810910356,0.3638
0.13508248902045317,0.3639
0.1350788509921106,0.364
0.13507528053943663,0.36410000000000003
0.13507178403104048,0.3642
0.13506836767721886,0.3643
0.13506503751873178,0.3644
0.135061799415937,0.3645
0.13505865903830283,0.36460000000000004
0.13505562185432107,0.3647
0.13505269312183965,0.3648
0.13504987787883338,0.3649
0.1350471809346303,0.365
0.13504460686161068,0.36510000000000004
0.13504215998739266,0.3652
0.13503984438752192,0.3653
0.13503766387867455,0.3654
0.13503562201238828,0.3655
0.13503372206933173,0.36560000000000004
0.13503196705412002,0.3657
0.13503035969068689,0.3658
0.1350289024182194,0.3659
0.13502759738765968,0.366
0.13502644645878048,0.36610000000000004
0.1350254511978356,0.3662
0.1350246128757876,0.3663
0.1350239324671133,0.3664
0.13502341064918666,0.3665
0.13502304780223606,0.36660000000000004
0.13502284400987297,0.3667
0.13502279906018866,0.3668
0.13502291244742826,0.3669
0.13502318337414454,0.367
0.13502361075398417,0.36710000000000004
0.13502419321508952,0.3672
0.13502492910378727,0.3673
0.13502581648891432,0.3674
0.13502685316675334,0.3675
0.1350280366663279,0.36760000000000004
0.13502936425520595,0.3677
0.135030832945774,0.3678
0.13503243950195642,0.3679
0.13503418044636162,0.368
0.13503605206784208,0.36810000000000004
0.13503805042945072,0.3682
0.13504017137677127,0.3683
0.13504241054660793,0.3684
0.13504476337601257,0.3685
0.13504722511163136,0.36860000000000004
0.13504979081935042,0.3687
0.1350524553942194,0.3688
0.1350552135706311,0.3689
0.13505805993273945,0.369
0.13506098892509033,0.36910000000000004
0.135063994863448,0.36920000000000003
0.13506707194579382,0.3693
0.13507021426347532,0.3694
0.13507341581248533,0.3695
0.1350766705048494,0.36960000000000004
0.13507997218009893,0.36970000000000003
0.13508331461681178,0.3698
0.13508669154419573,0.3699
0.13509009665369653,0.37
0.13509352361060922,0.37010000000000004
0.13509696606567123,0.37020000000000003
0.13510041766661862,0.3703
0.135103872069685,0.3704
0.13510732295102335,0.3705
0.13511076401803213,0.37060000000000004
0.1351141890205665,0.37070000000000003
0.13511759176201665,0.3708
0.13512096611023472,0.3709
0.13512430600829373,0.371
0.13512760548505964,0.37110000000000004
0.13513085866556285,0.37120000000000003
0.13513405978114923,0.3713
0.13513720317939848,0.3714
0.13514028333379247,0.3715
0.1351432948531197,0.37160000000000004
0.1351462324906012,0.37170000000000003
0.135149091152725,0.3718
0.13515186590777573,0.3719
0.1351545519940457,0.372
0.13515714482771746,0.37210000000000004
0.13515964001040492,0.37220000000000003
0.13516203333634214,0.3723
0.13516432079921015,0.3724
0.13516649859859142,0.3725
0.13516856314604286,0.37260000000000004
0.1351705110707797,0.37270000000000003
0.13517233922495975,0.3728
0.13517404468856353,0.3729
0.1351756247738619,0.373
0.13517707702946424,0.37310000000000004
0.13517839924394415,0.37320000000000003
0.1351795894490342,0.3733
0.1351806459223881,0.3734
0.13518156718990637,0.3735
0.13518235202761986,0.37360000000000004
0.13518299946313206,0.37370000000000003
0.13518350877661656,0.3738
0.13518387950136823,0.3739
0.13518411142390918,0.374
0.1351842045836481,0.37410000000000004
0.1351841592720956,0.37420000000000003
0.135183976031635,0.3743
0.1351836556538536,0.3744
0.1351831991774345,0.3745
0.1351826078856152,0.37460000000000004
0.1351818833032159,0.37470000000000003
0.1351810271932431,0.3748
0.13518004155307428,0.3749
0.1351789286102303,0.375
0.1351776908177431,0.37510000000000004
0.13517633084912561,0.37520000000000003
0.13517485159295417,0.3753
0.1351732561470712,0.3754
0.13517154781241958,0.3755
0.13516973008651878,0.37560000000000004
0.13516780665659445,0.37570000000000003
0.13516578139237323,0.3758
0.1351636583385566,0.3759
0.13516144170698607,0.376
0.13515913586851402,0.37610000000000005
0.1351567453445961,0.37620000000000003
0.13515427479861786,0.3763
0.13515172902697503,0.3764
0.13514911294991994,0.3765
0.13514643160219397,0.3766
0.13514369012346217,0.37670000000000003
0.13514089374856786,0.3768
0.1351380477976254,0.3769
0.1351351576659704,0.377
0.13513222881398568,0.3771
0.13512926675682257,0.37720000000000004
0.13512627705403712,0.3773
0.1351232652991614,0.3774
0.1351202371092286,0.3775
0.13511719811427425,0.3776
0.1351141539468319,0.37770000000000004
0.13511111023144418,0.3778
0.13510807257421065,0.3779
0.13510504655239053,0.378
0.13510203770408324,0.3781
0.13509905151800428,0.37820000000000004
0.13509609342337892,0.3783
0.13509316877997068,0.3784
0.13509028286826685,0.3785
0.13508744087983793,0.3786
0.135084647907891,0.37870000000000004
0.1350819089380354,0.3788
0.1350792288392776,0.3789
0.13507661235526391,0.379
0.1350740640957876,0.3791
0.1350715885285757,0.37920000000000004
0.13506918997137296,0.3793
0.13506687258433603,0.3794
0.13506464036275423,0.3795
0.13506249713010854,0.3796
0.1350604465314832,0.37970000000000004
0.13505849202734077,0.3798
0.1350566368876729,0.3799
0.13505488418653633,0.38
0.13505323679698455,0.3801
0.13505169738640266,0.38020000000000004
0.1350502684122541,0.3803
0.13504895211824575,0.3804
0.135047750530917,0.3805
0.1350466654566579,0.3806
0.13504569847916137,0.38070000000000004
0.13504485095731011,0.3808
0.13504412402350352,0.3809
0.1350435185824227,0.381
0.13504303531023631,0.3811
0.13504267465424502,0.38120000000000004
0.1350424368329627,0.38130000000000003
0.1350423218366339,0.3814
0.13504232942818184,0.3815
0.13504245914458346,0.3816
0.13504271029866677,0.38170000000000004
0.1350430819813242,0.38180000000000003
0.13504357306413461,0.3819
0.13504418220238779,0.382
0.13504490783850043,0.3821
0.13504574820581838,0.38220000000000004
0.13504670133279106,0.38230000000000003
0.13504776504751093,0.3824
0.13504893698260534,0.3825
0.13505021458046906,0.3826
0.1350515950988258,0.38270000000000004
0.13505307561660518,0.38280000000000003
0.13505465304012298,0.3829
0.1350563241095497,0.383
0.13505808540565312,0.3831
0.135059933356802,0.38320000000000004
0.13506186424621414,0.38330000000000003
0.13506387421943433,0.3834
0.13506595929202625,0.3835
0.13506811535746377,0.3836
0.13507033819520364,0.38370000000000004
0.13507262347892535,0.38380000000000003
0.13507496678492048,0.3839
0.1350773636006164,0.384
0.13507980933321628,0.3841
0.13508229931844074,0.38420000000000004
0.13508482882935313,0.38430000000000003
0.13508739308525264,0.3844
0.13508998726061883,0.3845
0.13509260649409094,0.3846
0.13509524589746635,0.38470000000000004
0.13509790056470083,0.38480000000000003
0.13510056558089645,0.3849
0.1351032360312594,0.385
0.13510590701001424,0.3851
0.1351085736292572,0.38520000000000004
0.1351112310277346,0.38530000000000003
0.13511387437953193,0.3854
0.1351164989026581,0.3855
0.1351190998675108,0.3856
0.1351216726052097,0.38570000000000004
0.13512421251578333,0.38580000000000003
0.13512671507619645,0.3859
0.1351291758482055,0.386
0.13513159048602863,0.3861
0.1351339547438194,0.38620000000000004
0.13513626448293192,0.38630000000000003
0.13513851567896573,0.3864
0.1351407044285794,0.3865
0.1351428269560645,0.3866
0.13514487961966615,0.38670000000000004
0.1351468589176441,0.38680000000000003
0.13514876149406363,0.3869
0.13515058414430658,0.387
0.13515232382029718,0.3871
0.13515397763543202,0.38720000000000004
0.1351555428692084,0.38730000000000003
0.13515701697154392,0.3874
0.13515839756678172,0.3875
0.1351596824573742,0.3876
0.13516086962724128,0.38770000000000004
0.13516195724479796,0.38780000000000003
0.13516294366564652,0.3879
0.13516382743493094,0.388
0.13516460728934854,0.3881
0.13516528215881785,0.38820000000000005
0.13516585116779944,0.38830000000000003
0.13516631363626963,0.3884
0.13516666908034347,0.3885
0.13516691721255003,0.3886
0.13516705794175643,0.38870000000000005
0.13516709137274474,0.38880000000000003
0.13516701780544804,0.3889
0.1351668377338059,0.389
0.13516655184431725,0.3891
0.13516616101428724,0.38920000000000005
0.13516566630962779,0.38930000000000003
0.13516506898237957,0.3894
0.1351643704679557,0.3895
0.13516357238200005,0.3896
0.13516267651694458,0.38970000000000005
0.13516168483825763,0.38980000000000004
0.13516059948038905,0.3899
0.13515942274241466,0.39
0.13515815708339474,0.3901
0.13515680511744954,0.3902
0.13515536960856422,0.39030000000000004
0.1351538534651301,0.3904
0.13515225973423406,0.3905
0.13515059159570675,0.3906
0.135148852355938,0.3907
0.1351470454414745,0.39080000000000004
0.13514517439240814,0.3909
0.13514324285556856,0.391
0.13514125457753323,0.3911
0.1351392133974667,0.3912
0.13513712323980376,0.39130000000000004
0.13513498810678903,0.3914
0.135132812070887,0.3915
0.13513059926707804,0.3916
0.13512835388505318,0.3917
0.13512608016132344,0.39180000000000004
0.13512378237125877,0.3919
0.1351214648210708,0.392
0.13511913183975577,0.3921
0.13511678777101221,0.3922
0.13511443696514835,0.39230000000000004
0.13511208377099693,0.3924
0.1351097325278493,0.3925
0.13510738755742824,0.3926
0.13510505315591126,0.3927
0.13510273358602276,0.39280000000000004
0.13510043306920727,0.3929
0.13509815577790174,0.393
0.1350959058279192,0.3931
0.13509368727095972,0.3932
0.13509150408726267,0.39330000000000004
0.13508936017841422,0.3934
0.1350872593603234,0.3935
0.13508520535638135,0.3936
0.13508320179081457,0.3937
0.13508125218224676,0.39380000000000004
0.13507935993748033,0.39390000000000003
0.13507752834550835,0.394
0.1350757605717704,0.3941
0.13507405965265984,0.3942
0.13507242849029522,0.39430000000000004
0.13507086984756378,0.39440000000000003
0.13506938634344512,0.3945
0.13506798044862645,0.3946
0.1350666544814123,0.3947
0.1350654106039404,0.39480000000000004
0.13506425081870654,0.39490000000000003
0.13506317696540548,0.395
0.1350621907180929,0.3951
0.13506129358267205,0.3952
0.13506048689470973,0.39530000000000004
0.13505977181758233,0.39540000000000003
0.13505914934095697,0.3955
0.13505862027960636,0.3956
0.13505818527256075,0.3957
0.1350578447825943,0.39580000000000004
0.13505759909604786,0.39590000000000003
0.13505744832298483,0.396
0.13505739239767967,0.3961
0.13505743107944157,0.3962
0.13505756395373525,0.39630000000000004
0.13505779043365806,0.39640000000000003
0.1350581097617618,0.3965
0.13505852101209748,0.3966
0.13505902309261164,0.3967
0.13505961474788397,0.39680000000000004
0.13506029456210722,0.39690000000000003
0.13506106096236636,0.397
0.13506191222219754,0.3971
0.13506284646541777,0.3972
0.13506386167021334,0.39730000000000004
0.1350649556734801,0.39740000000000003
0.13506612617540592,0.3975
0.1350673707442842,0.3976
0.13506868682154838,0.3977
0.13507007172701646,0.39780000000000004
0.13507152266433575,0.39790000000000003
0.13507303672661475,0.398
0.13507461090223205,0.3981
0.13507624208080848,0.3982
0.1350779270593323,0.39830000000000004
0.1350796625484243,0.39840000000000003
0.13508144517873022,0.3985
0.13508327150742916,0.3986
0.13508513802484412,0.3987
0.135087041161142,0.39880000000000004
0.1350889772931121,0.39890000000000003
0.13509094275100708,0.399
0.13509293382543763,0.3991
0.13509494677430478,0.3992
0.13509697782975894,0.39930000000000004
0.1350990232051721,0.39940000000000003
0.13510107910211255,0.3995
0.1351031417173062,0.3996
0.13510520724957586,0.3997
0.135107271906744,0.39980000000000004
0.13510933191248808,0.39990000000000003
0.13511138351313579,0.4
0.13511342298438944,0.4001
0.13511544663796737,0.4002
0.13511745082815163,0.40030000000000004
0.13511943195823084,0.40040000000000003
0.13512138648682703,0.4005
0.13512331093409746,0.4006
0.13512520188779908,0.4007
0.13512705600920794,0.40080000000000005
0.13512887003888274,0.40090000000000003
0.1351306408022631,0.401
0.13513236521509464,0.4011
0.13513404028867138,0.4012
0.13513566313488756,0.40130000000000005
0.13513723097109132,0.40140000000000003
0.13513874112473134,0.4015
0.13514019103779118,0.4016
0.13514157827100315,0.4017
0.13514290050783595,0.40180000000000005
0.13514415555824932,0.40190000000000003
0.135145341362211,0.402
0.13514645599296993,0.4021
0.13514749766008183,0.4022
0.13514846471218167,0.40230000000000005
0.13514935563949915,0.40240000000000004
0.13515016907611543,0.4025
0.13515090380195438,0.4026
0.1351515587445098,0.4027
0.13515213298030326,0.40280000000000005
0.13515262573607156,0.40290000000000004
0.13515303638968312,0.403
0.13515336447078208,0.4031
0.1351536096611582,0.4032
0.13515377179484478,0.4033
0.1351538508579435,0.40340000000000004
0.13515384698817678,0.4035
0.13515376047417071,0.4036
0.13515359175446773,0.4037
0.1351533414162739,0.4038
0.13515301019394088,0.40390000000000004
0.13515259896718845,0.404
0.13515210875906802,0.4041
0.13515154073367375,0.4042
0.1351508961936042,0.4043
0.13515017657717998,0.40440000000000004
0.13514938345542216,0.4045
0.13514851852879772,0.4046
0.1351475836237379,0.4047
0.13514658068893548,0.4048
0.13514551179142897,0.40490000000000004
0.1351443791124799,0.405
0.13514318494325162,0.4051
0.1351419316802972,0.4052
0.13514062182086561,0.4053
0.13513925795803372,0.40540000000000004
0.1351378427756743,0.4055
0.13513637904326825,0.4056
0.13513486961057275,0.4057
0.13513331740215284,0.4058
0.1351317254117883,0.40590000000000004
0.1351300966967658,0.406
0.13512843437206712,0.4061
0.13512674160446447,0.4062
0.1351250216065334,0.4063
0.1351232776305955,0.40640000000000004
0.1351215129626021,0.40650000000000003
0.1351197309159694,0.4066
0.13511793482537826,0.4067
0.13511612804054962,0.4068
0.13511431392000717,0.40690000000000004
0.13511249582483964,0.40700000000000003
0.13511067711247327,0.4071
0.1351088611304686,0.4072
0.13510705121035027,0.4073
0.13510525066148482,0.40740000000000004
0.13510346276501461,0.40750000000000003
0.13510169076786238,0.4076
0.1350999378768163,0.4077
0.13509820725270572,0.4078
0.13509650200468148,0.40790000000000004
0.1350948251846087,0.40800000000000003
0.13509317978158286,0.4081
0.13509156871658212,0.4082
0.13508999483726192,0.4083
0.13508846091290483,0.40840000000000004
0.1350869696295327,0.40850000000000003
0.13508552358519121,0.4086
0.1350841252854157,0.4087
0.13508277713888495,0.4088
0.1350814814532728,0.40890000000000004
0.1350802404313034,0.40900000000000003
0.1350790561670172,0.4091
0.13507793064225582,0.4092
0.1350768657233694,0.4093
0.1350758631581539,0.40940000000000004
0.1350749245730225,0.40950000000000003
0.13507405147041562,0.4096
0.13507324522645514,0.4097
0.13507250708884377,0.4098
0.1350718381750151,0.40990000000000004
0.13507123947053568,0.41000000000000003
0.13507071182776076,0.4101
0.1350702559647473,0.4102
0.1350698724644217,0.4103
0.13506956177400642,0.41040000000000004
0.13506932420470308,0.41050000000000003
0.13506915993163215,0.4106
0.13506906899402804,0.4107
0.1350690512956888,0.4108
0.1350691066056804,0.41090000000000004
0.13506923455927455,0.41100000000000003
0.135069434659152,0.4111
0.1350697062768631,0.4112
0.13507004865447847,0.4113
0.1350704609064981,0.41140000000000004
0.13507094202201297,0.41150000000000003
0.13507149086706283,0.4116
0.1350721061872201,0.4117
0.1350727866103869,0.4118
0.13507353064979866,0.41190000000000004
0.1350743367072269,0.41200000000000003
0.13507520307637333,0.4121
0.1350761279464503,0.4122
0.13507710940593654,0.4123
0.13507814544650365,0.41240000000000004
0.13507923396710209,0.41250000000000003
0.1350803727782005,0.4126
0.13508155960616808,0.4127
0.13508279209779217,0.4128
0.13508406782492144,0.41290000000000004
0.13508538428922479,0.41300000000000003
0.13508673892705825,0.4131
0.1350881291144279,0.4132
0.13508955217204277,0.4133
0.13509100537044327,0.41340000000000005
0.13509248593520018,0.41350000000000003
0.13509399105217068,0.4136
0.1350955178728035,0.4137
0.13509706351948325,0.4138
0.13509862509090242,0.41390000000000005
0.1351001996674538,0.41400000000000003
0.13510178431663133,0.4141
0.13510337609843048,0.4142
0.13510497207073868,0.4143
0.1351065692947061,0.41440000000000005
0.13510816484008625,0.41450000000000004
0.1351097557905393,0.4146
0.13511133924888652,0.4147
0.13511291234230827,0.4148
0.1351144722274754,0.41490000000000005
0.13511601609560708,0.41500000000000004
0.13511754117744446,0.4151
0.1351190447481332,0.4152
0.13512052413200593,0.4153
0.13512197670725712,0.41540000000000005
0.13512339991050237,0.41550000000000004
0.1351247912412149,0.4156
0.13512614826603153,0.4157
0.13512746862292146,0.4158
0.13512875002521163,0.41590000000000005
0.1351299902654609,0.41600000000000004
0.13513118721917794,0.4161
0.13513233884837705,0.4162
0.13513344320496568,0.4163
0.13513449843395797,0.4164
0.1351355027765112,0.41650000000000004
0.13513645457277834,0.4166
0.1351373522645738,0.4167
0.13513819439784713,0.4168
0.1351389796249628,0.4169
0.13513970670678055,0.41700000000000004
0.1351403745145351,0.4171
0.13514098203151126,0.4172
0.13514152835451299,0.4173
0.13514201269512416,0.4174
0.135142434380759,0.41750000000000004
0.13514279285550124,0.4176
0.1351430876807318,0.4177
0.13514331853554273,0.4178
0.13514348521693953,0.4179
0.1351435876398287,0.41800000000000004
0.13514362583679562,0.4181
0.13514359995767178,0.4182
0.13514351026888005,0.4183
0.13514335715258619,0.4184
0.13514314110565728,0.41850000000000004
0.13514286273837361,0.4186
0.13514252277296124,0.4187
0.13514212204194354,0.4188
0.13514166148627427,0.4189
0.135141142153286,0.41900000000000004
0.13514056519445128,0.41910000000000003
0.13513993186296058,0.4192
0.13513924351112228,0.4193
0.1351385015875881,0.4194
0.1351377076344109,0.41950000000000004
0.13513686328394026,0.41960000000000003
0.13513597025555957,0.4197
0.13513503035227492,0.4198
0.13513404545715813,0.4199
0.13513301752965323,0.42000000000000004
0.13513194860175248,0.42010000000000003
0.13513084077404902,0.4202
0.1351296962116736,0.4203
0.1351285171401233,0.4204
0.13512730584099042,0.42050000000000004
0.13512606464759802,0.42060000000000003
0.13512479594055316,0.4207
0.13512350214322244,0.4208
0.1351221857171423,0.4209
0.13512084915736955,0.42100000000000004
0.13511949498778253,0.42110000000000003
0.13511812575634163,0.4212
0.1351167440303177,0.4213
0.13511535239149686,0.4214
0.13511395343137256,0.42150000000000004
0.13511254974633158,0.42160000000000003
0.1351111439328445,0.4217
0.1351097385826695,0.4218
0.1351083362780785,0.4219
0.1351069395871135,0.42200000000000004
0.13510555105888422,0.42210000000000003
0.13510417321891333,0.4222
0.13510280856454016,0.4223
0.13510145956038955,0.4224
0.13510012863391618,0.42250000000000004
0.13509881817103098,0.42260000000000003
0.1350975305118185,0.4227
0.13509626794635354,0.4228
0.13509503271062373,0.4229
0.1350938269825661,0.42300000000000004
0.1350926528782257,0.42310000000000003
0.13509151244804052,0.4232
0.13509040767326375,0.4233
0.13508934046252496,0.4234
0.1350883126485405,0.42350000000000004
0.13508732598497586,0.42360000000000003
0.13508638214346758,0.4237
0.13508548271080867,0.4238
0.13508462918630293,0.4239
0.13508382297929167,0.42400000000000004
0.13508306540685955,0.42410000000000003
0.13508235769171872,0.4242
0.13508170096028038,0.4243
0.13508109624091114,0.4244
0.13508054446238105,0.42450000000000004
0.1350800464525027,0.42460000000000003
0.13507960293696564,0.4247
0.1350792145383647,0.4248
0.13507888177542648,0.4249
0.13507860506243163,0.42500000000000004
0.13507838470883526,0.42510000000000003
0.13507822091908483,0.4252
0.13507811379263412,0.4253
0.13507806332415395,0.4254
0.13507806940393918,0.42550000000000004
0.13507813181850037,0.42560000000000003
0.13507825025135023,0.4257
0.13507842428399885,0.4258
0.13507865339711023,0.4259
0.13507893697183126,0.42600000000000005
0.1350792742913285,0.42610000000000003
0.13507966454249454,0.4262
0.13508010681781535,0.4263
0.13508060011740952,0.4264
0.13508114335123123,0.42650000000000005
0.13508173534142998,0.42660000000000003
0.13508237482486285,0.4267
0.1350830604557538,0.4268
0.1350837908084943,0.4269
0.1350845643805787,0.42700000000000005
0.13508537959566935,0.42710000000000004
0.13508623480678428,0.4272
0.1350871282996019,0.4273
0.1350880582958739,0.4274
0.1350890229569428,0.42750000000000005
0.13509002038735352,0.42760000000000004
0.13509104863855426,0.4277
0.1350921057126786,0.4278
0.13509318956640237,0.4279
0.1350942981148654,0.42800000000000005
0.13509542923565454,0.42810000000000004
0.13509658077283604,0.4282
0.13509775054103335,0.4283
0.13509893632954018,0.4284
0.1351001359064632,0.42850000000000005
0.13510134702288434,0.42860000000000004
0.13510256741703786,0.4287
0.1351037948184921,0.4288
0.13510502695232995,0.4289
0.13510626154331928,0.42900000000000005
0.1351074963200679,0.42910000000000004
0.13510872901915238,0.4292
0.1351099573892175,0.4293
0.1351111791950348,0.4294
0.1351123922215176,0.4295
0.13511359427768144,0.42960000000000004
0.13511478320054604,0.4297
0.1351159568589707,0.4298
0.13511711315741692,0.4299
0.13511825003963185,0.43
0.13511936549224657,0.43010000000000004
0.13512045754828284,0.4302
0.13512152429056257,0.4303
0.13512256385501487,0.4304
0.13512357443387402,0.4305
0.13512455427876513,0.43060000000000004
0.13512550170366977,0.4307
0.1351264150877698,0.4308
0.13512729287816194,0.4309
0.1351281335924417,0.431
0.13512893582114927,0.43110000000000004
0.1351296982300767,0.4312
0.135130419562431,0.4313
0.13513109864084993,0.4314
0.13513173436926795,0.4315
0.13513232573462963,0.43160000000000004
0.13513287180844702,0.43170000000000003
0.13513337174819995,0.4318
0.13513382479857639,0.4319
0.13513423029255156,0.432
0.13513458765230446,0.43210000000000004
0.1351348963899699,0.43220000000000003
0.13513515610822668,0.4323
0.1351353665007199,0.4324
0.13513552735231738,0.4325
0.13513563853920085,0.43260000000000004
0.13513570002879227,0.43270000000000003
0.13513571187951368,0.4328
0.13513567424038697,0.4329
0.13513558735046172,0.433
0.13513545153809114,0.43310000000000004
0.13513526722005498,0.43320000000000003
0.13513503490050216,0.4333
0.13513475516974927,0.4334
0.13513442870293646,0.4335
0.13513405625852037,0.43360000000000004
0.13513363867662254,0.43370000000000003
0.13513317687723592,0.4338
0.1351326718582897,0.4339
0.13513212469357794,0.434
0.13513153653055565,0.43410000000000004
0.13513090858800725,0.43420000000000003
0.13513024215359015,0.4343
0.13512953858126053,0.4344
0.1351287992885838,0.4345
0.13512802575393723,0.43460000000000004
0.1351272195136084,0.43470000000000003
0.1351263821587958,0.4348
0.13512551533251693,0.4349
0.13512462072643006,0.435
0.13512370007757468,0.43510000000000004
0.1351227551650389,0.43520000000000003
0.13512178780655792,0.4353
0.13512079985505066,0.4354
0.13511979319510226,0.4355
0.13511876973939707,0.43560000000000004
0.13511773142511052,0.43570000000000003
0.13511668021026546,0.4358
0.13511561807006078,0.4359
0.13511454699317904,0.436
0.1351134689780784,0.43610000000000004
0.13511238602927922,0.43620000000000003
0.13511130015364803,0.4363
0.13511021335669005,0.4364
0.13510912763885363,0.4365
0.13510804499185547,0.43660000000000004
0.13510696739503347,0.43670000000000003
0.13510589681173268,0.4368
0.1351048351857328,0.4369
0.13510378443772197,0.437
0.13510274646182496,0.43710000000000004
0.13510172312219149,0.43720000000000003
0.13510071624965048,0.4373
0.1350997276384377,0.4374
0.13509875904300073,0.4375
0.13509781217488948,0.43760000000000004
0.13509688869973602,0.43770000000000003
0.1350959902343294,0.4378
0.13509511834379218,0.4379
0.13509427453886158,0.438
0.13509346027328173,0.43810000000000004
0.13509267694131055,0.43820000000000003
0.13509192587534646,0.4383
0.13509120834367805,0.4384
0.13509052554836143,0.4385
0.13508987862322863,0.43860000000000005
0.13508926863202975,0.43870000000000003
0.13508869656671263,0.4388
0.13508816334584262,0.4389
0.1350876698131649,0.439
0.13508721673631108,0.43910000000000005
0.1350868048056526,0.43920000000000003
0.13508643463330294,0.4393
0.13508610675226818,0.4394
0.13508582161574878,0.4395
0.13508557959659295,0.43960000000000005
0.1350853809869006,0.43970000000000004
0.13508522599778017,0.4398
0.13508511475925622,0.4399
0.13508504732032922,0.44
0.13508502364918407,0.44010000000000005
0.13508504363355134,0.44020000000000004
0.1350851070812088,0.4403
0.13508521372063742,0.4404
0.13508536320182785,0.4405
0.13508555509720954,0.44060000000000005
0.1350857889027306,0.44070000000000004
0.13508606403908296,0.4408
0.13508637985305116,0.4409
0.13508673561899587,0.441
0.13508713054046517,0.44110000000000005
0.13508756375193087,0.44120000000000004
0.13508803432064453,0.4413
0.13508854124861058,0.4414
0.1350890834746714,0.4415
0.13508965987670074,0.44160000000000005
0.13509026927389955,0.44170000000000004
0.13509091042919152,0.4418
0.13509158205171168,0.4419
0.13509228279938357,0.442
0.13509301128158036,0.44210000000000005
0.13509376606186407,0.44220000000000004
0.1350945456607966,0.4423
0.13509534855881988,0.4424
0.13509617319919554,0.4425
0.13509701799100216,0.44260000000000005
0.13509788131218214,0.44270000000000004
0.1350987615126329,0.4428
0.1350996569173365,0.4429
0.13510056582952268,0.443
0.1351014865338579,0.4431
0.13510241729965533,0.44320000000000004
0.13510335638409987,0.4433
0.13510430203548263,0.4434
0.13510525249643746,0.4435
0.1351062060071757,0.4436
0.13510716080871155,0.44370000000000004
0.13510811514607357,0.44380000000000003
0.13510906727149596,0.4439
0.1351100154475836,0.444
0.13511095795044625,0.4441
0.1351118930727958,0.44420000000000004
0.1351128191270008,0.44430000000000003
0.13511373444809394,0.4444
0.13511463739672658,0.4445
0.13511552636206514,0.4446
0.13511639976462508,0.44470000000000004
0.13511725605903724,0.44480000000000003
0.13511809373674155,0.4449
0.13511891132860443,0.445
0.13511970740745483,0.4451
0.13512048059053428,0.44520000000000004
0.13512122954185868,0.44530000000000003
0.13512195297448604,0.4454
0.13512264965268705,0.4455
0.1351233183940157,0.4456
0.13512395807127608,0.44570000000000004
0.1351245676143814,0.44580000000000003
0.135125146012104,0.4459
0.13512569231371285,0.446
0.1351262056304946,0.4461
0.13512668513715898,0.44620000000000004
0.13512713007312316,0.44630000000000003
0.13512753974367508,0.4464
0.1351279135210144,0.4465
0.13512825084516733,0.4466
0.13512855122477696,0.44670000000000004
0.1351288142377659,0.44680000000000003
0.13512903953187183,0.4469
0.13512922682505424,0.447
0.1351293759057729,0.4471
0.13512948663313762,0.44720000000000004
0.13512955893692924,0.44730000000000003
0.1351295928174926,0.4474
0.13512958834550248,0.4475
0.1351295456615993,0.4476
0.13512946497589917,0.44770000000000004
0.13512934656739084,0.44780000000000003
0.13512919078319574,0.4479
0.13512899803770273,0.448
0.13512876881159652,0.4481
0.13512850365076434,0.44820000000000004
0.13512820316508378,0.44830000000000003
0.13512786802709853,0.4484
0.13512749897058474,0.4485
0.13512709678901036,0.4486
0.13512666233388881,0.44870000000000004
0.13512619651303304,0.44880000000000003
0.13512570028871007,0.4489
0.1351251746757034,0.449
0.1351246207392831,0.4491
0.13512403959309116,0.44920000000000004
0.13512343239694324,0.44930000000000003
0.13512280035455304,0.4494
0.13512214471118278,0.4495
0.13512146675122383,0.4496
0.1351207677957127,0.44970000000000004
0.13512004919978826,0.44980000000000003
0.13511931235009167,0.4499
0.13511855866211797,0.45
0.1351177895775213,0.4501
0.1351170065613807,0.45020000000000004
0.13511621109942984,0.45030000000000003
0.13511540469525785,0.4504
0.1351145888674855,0.4505
0.13511376514692153,0.4506
0.1351129350737057,0.45070000000000005
0.13511210019444286,0.45080000000000003
0.13511126205933355,0.4509
0.13511042221930747,0.451
0.1351095822231635,0.4511
0.13510874361472291,0.45120000000000005
0.13510790793000083,0.45130000000000003
0.1351070766943997,0.4514
0.13510625141993304,0.4515
0.1351054336024814,0.4516
0.1351046247190869,0.45170000000000005
0.1351038262252917,0.45180000000000003
0.13510303955252512,0.4519
0.135102266105543,0.452
0.13510150725992565,0.4521
0.13510076435963758,0.45220000000000005
0.13510003871465437,0.45230000000000004
0.13509933159865983,0.4524
0.13509864424681872,0.4525
0.13509797785362854,0.4526
0.1350973335708534,0.45270000000000005
0.13509671250554522,0.45280000000000004
0.1350961157181536,0.4529
0.13509554422073022,0.453
0.1350949989752276,0.4531
0.13509448089189857,0.45320000000000005
0.13509399082779627,0.45330000000000004
0.13509352958537868,0.4534
0.13509309791121948,0.4535
0.13509269649482736,0.4536
0.1350923259675758,0.45370000000000005
0.13509198690174395,0.45380000000000004
0.13509167980967174,0.4539
0.13509140514302853,0.454
0.13509116329219784,0.4541
0.13509095458577736,0.45420000000000005
0.13509077929019597,0.45430000000000004
0.1350906376094475,0.4544
0.13509052968494129,0.4545
0.13509045559546928,0.4546
0.13509041535728927,0.45470000000000005
0.13509040892432478,0.45480000000000004
0.1350904361884766,0.4549
0.13509049698004882,0.455
0.13509059106829602,0.4551
0.13509071816207063,0.45520000000000005
0.13509087791057672,0.45530000000000004
0.1350910699042419,0.4554
0.13509129367569161,0.4555
0.13509154870082263,0.4556
0.1350918343999793,0.45570000000000005
0.1350921501392276,0.45580000000000004
0.13509249523172429,0.4559
0.13509286893917838,0.456
0.13509327047340158,0.4561
0.1350936989979441,0.4562
0.1350941536298138,0.45630000000000004
0.13509463344127326,0.45640000000000003
0.13509513746171176,0.4565
0.13509566467959044,0.4566
0.13509621404445282,0.4567
0.1350967844690001,0.45680000000000004
0.1350973748312252,0.45690000000000003
0.1350979839766021,0.457
0.1350986107203267,0.4571
0.13509925384960308,0.4572
0.13509991212597283,0.45730000000000004
0.135100584287682,0.45740000000000003
0.1351012690520812,0.4575
0.1351019651180536,0.4576
0.13510267116846897,0.4577
0.13510338587265502,0.45780000000000004
0.13510410788888527,0.45790000000000003
0.13510483586687683,0.458
0.13510556845029398,0.4581
0.1351063042792523,0.4582
0.1351070419928212,0.45830000000000004
0.13510778023151626,0.45840000000000003
0.1351085176397816,0.4585
0.13510925286845332,0.4586
0.13510998457720336,0.4587
0.1351107114369572,0.45880000000000004
0.13511143213228172,0.45890000000000003
0.13511214536373928,0.459
0.1351128498502039,0.4591
0.1351135443311351,0.4592
0.13511422756880564,0.45930000000000004
0.13511489835048018,0.45940000000000003
0.13511555549053922,0.4595
0.13511619783254702,0.4596
0.13511682425125804,0.4597
0.13511743365455964,0.45980000000000004
0.13511802498534808,0.45990000000000003
0.13511859722333264,0.46
0.1351191493867684,0.4601
0.13511968053411072,0.4602
0.13512018976559248,0.46030000000000004
0.13512067622471913,0.46040000000000003
0.13512113909967982,0.4605
0.13512157762467247,0.4606
0.13512199108114165,0.4607
0.13512237879892464,0.46080000000000004
0.1351227401573073,0.46090000000000003
0.1351230745859856,0.461
0.13512338156593273,0.4611
0.1351236606301699,0.4612
0.13512391136444046,0.46130000000000004
0.13512413340778529,0.46140000000000003
0.13512432645302008,0.4615
0.13512449024711315,0.4616
0.13512462459146335,0.4617
0.1351247293420782,0.46180000000000004
0.13512480440965235,0.46190000000000003
0.13512484975954653,0.462
0.13512486541166624,0.4621
0.13512485144024278,0.4622
0.13512480797351456,0.46230000000000004
0.13512473519331025,0.46240000000000003
0.13512463333454283,0.4625
0.13512450268460074,0.4626
0.1351243435826438,0.4627
0.13512415641881315,0.46280000000000004
0.13512394163334995,0.46290000000000003
0.13512369971562244,0.463
0.13512343120306747,0.4631
0.13512313668004783,0.4632
0.13512281677662719,0.46330000000000005
0.13512247216726547,0.46340000000000003
0.1351221035694371,0.4635
0.13512171174217436,0.4636
0.1351212974845395,0.4637
0.1351208616340286,0.46380000000000005
0.13512040506490908,0.46390000000000003
0.1351199286864957,0.464
0.13511943344136723,0.4641
0.1351189203035278,0.4642
0.13511839027651562,0.46430000000000005
0.13511784439146435,0.46440000000000003
0.13511728370511844,0.4645
0.13511670929780872,0.4646
0.13511612227139025,0.4647
0.13511552374714675,0.46480000000000005
0.1351149148636661,0.46490000000000004
0.1351142967746909,0.465
0.13511367064694668,0.4651
0.13511303765795413,0.4652
0.13511239899382765,0.46530000000000005
0.1351117558470647,0.46540000000000004
0.1351111094143309,0.4655
0.1351104608942444,0.4656
0.13510981148516255,0.4657
0.13510916238297777,0.46580000000000005
0.13510851477892316,0.46590000000000004
0.1351078698573953,0.466
0.13510722879379555,0.4661
0.13510659275239534,0.4662
0.13510596288422916,0.46630000000000005
0.13510534032501798,0.46640000000000004
0.13510472619312908,0.4665
0.13510412158757334,0.4666
0.13510352758604594,0.4667
0.13510294524301214,0.46680000000000005
0.13510237558784333,0.46690000000000004
0.13510181962300494,0.467
0.13510127832230068,0.4671
0.13510075262917542,0.4672
0.13510024345508087,0.46730000000000005
0.1350997516779049,0.46740000000000004
0.1350992781404694,0.4675
0.13509882364909764,0.4676
0.135098388972255,0.4677
0.1350979748392631,0.46780000000000005
0.13509758193909294,0.46790000000000004
0.13509721091923477,0.468
0.13509686238465135,0.4681
0.13509653689681134,0.4682
0.13509623497280787,0.46830000000000005
0.1350959570845629,0.46840000000000004
0.13509570365811707,0.4685
0.13509547507300768,0.4686
0.13509527166173463,0.4687
0.1350950937093166,0.46880000000000005
0.13509494145293477,0.46890000000000004
0.1350948150816682,0.46900000000000003
0.13509471473631862,0.4691
0.13509464050932452,0.4692
0.13509459244476607,0.4693
0.13509457053845875,0.46940000000000004
0.13509457473813702,0.46950000000000003
0.1350946049437236,0.4696
0.13509466100768763,0.4697
0.1350947427354926,0.4698
0.1350948498861253,0.46990000000000004
0.13509498217270577,0.47000000000000003
0.1350951392631854,0.4701
0.13509532078112496,0.4702
0.13509552630654875,0.4703
0.1350957553768779,0.47040000000000004
0.13509600748793693,0.47050000000000003
0.1350962820950351,0.4706
0.1350965786141165,0.4707
0.13509689642297917,0.4708
0.13509723486255942,0.47090000000000004
0.1350975932382792,0.47100000000000003
0.1350979708214527,0.4711
0.13509836685075172,0.4712
0.13509878053372437,0.4713
0.13509921104836464,0.47140000000000004
0.1350996575447314,0.47150000000000003
0.13510011914661169,0.4716
0.13510059495322513,0.4717
0.13510108404096832,0.4718
0.1351015854651929,0.47190000000000004
0.1351020982620158,0.47200000000000003
0.13510262145015828,0.4721
0.1351031540328086,0.4722
0.1351036949995068,0.4723
0.13510424332804705,0.47240000000000004
0.13510479798639352,0.47250000000000003
0.13510535793460776,0.4726
0.1351059221267823,0.4727
0.13510648951297888,0.4728
0.1351070590411646,0.47290000000000004
0.13510762965914724,0.47300000000000003
0.13510820031650084,0.4731
0.13510876996648258,0.4732
0.13510933756793486,0.4733
0.1351099020871701,0.47340000000000004
0.13511046249983505,0.47350000000000003
0.1351110177927508,0.4736
0.13511156696572546,0.4737
0.13511210903333692,0.4738
0.1351126430266817,0.47390000000000004
0.13511316799508688,0.47400000000000003
0.13511368300778337,0.4741
0.13511418715553591,0.4742
0.13511467955222878,0.4743
0.1351151593364025,0.47440000000000004
0.13511562567274094,0.47450000000000003
0.13511607775350543,0.4746
0.13511651479991305,0.4747
0.13511693606345765,0.4748
0.13511734082717064,0.47490000000000004
0.1351177284068208,0.47500000000000003
0.13511809815204878,0.4751
0.13511844944743745,0.4752
0.13511878171351432,0.4753
0.13511909440768477,0.47540000000000004
0.13511938702509507,0.47550000000000003
0.13511965909942425,0.4756
0.13511991020360226,0.4757
0.13512013995045502,0.4758
0.135120347993274,0.47590000000000005
0.13512053402631063,0.47600000000000003
0.1351206977851943,0.4761
0.13512083904727334,0.4762
0.13512095763187937,0.4763
0.13512105340051428,0.47640000000000005
0.13512112625695893,0.47650000000000003
0.13512117614730546,0.4766
0.13512120305991182,0.4767
0.13512120702527985,0.4768
0.13512118811585605,0.47690000000000005
0.1351211464457559,0.47700000000000004
0.1351210821704174,0.4771
0.13512099548617573,0.4772
0.13512088662976507,0.4773
0.1351207558777492,0.47740000000000005
0.13512060354588173,0.47750000000000004
0.13512042998839702,0.4776
0.13512023559723163,0.4777
0.13512002080118024,0.4778
0.13511978606498665,0.47790000000000005
0.1351195318883719,0.47800000000000004
0.13511925880500142,0.4781
0.13511896738139384,0.4782
0.1351186582157725,0.4783
0.13511833193686262,0.47840000000000005
0.13511798920263696,0.47850000000000004
0.13511763069901095,0.4786
0.13511725713849143,0.4787
0.13511686925878097,0.4788
0.13511646782133968,0.47890000000000005
0.13511605360990853,0.47900000000000004
0.13511562742899608,0.4791
0.13511519010233275,0.4792
0.13511474247129307,0.4793
0.1351142853932923,0.47940000000000005
0.13511381974015702,0.47950000000000004
0.135113346396476,0.4796
0.1351128662579315,0.4797
0.13511238022961614,0.4798
0.1351118892243377,0.47990000000000005
0.13511139416091522,0.48000000000000004
0.1351108959624694,0.4801
0.1351103955547105,0.4802
0.13510989386422745,0.4803
0.13510939181677994,0.48040000000000005
0.1351088903355988,0.48050000000000004
0.13510839033969557,0.4806
0.1351078927421857,0.4807
0.13510739844862818,0.4808
0.13510690835538486,0.48090000000000005
0.13510642334800127,0.48100000000000004
0.13510594429961353,0.4811
0.1351054720693835,0.4812
0.13510500750096432,0.4813
0.13510455142100009,0.48140000000000005
0.13510410463766231,0.48150000000000004
0.1351036679392248,0.48160000000000003
0.13510324209268032,0.4817
0.13510282784240157,0.4818
0.1351024259088487,0.48190000000000005
0.13510203698732404,0.48200000000000004
0.13510166174677984,0.48210000000000003
0.13510130082867666,0.4822
0.13510095484589812,0.4823
0.1351006243817212,0.4824
0.13510030998884592,0.48250000000000004
0.13510001218848355,0.48260000000000003
0.1350997314695076,0.4827
0.1350994682876666,0.4828
0.13509922306486188,0.4829
0.1350989961884892,0.48300000000000004
0.13509878801084796,0.48310000000000003
0.13509859884861608,0.4832
0.13509842898239355,0.4833
0.13509827865631407,0.4834
0.1350981480777249,0.48350000000000004
0.1350980374169367,0.48360000000000003
0.13509794680704212,0.4837
0.1350978763438042,0.4838
0.13509782608561383,0.4839
0.13509779605351602,0.48400000000000004
0.13509778623130675,0.48410000000000003
0.1350977965656952,0.4842
0.13509782696653583,0.4843
0.13509787730712897,0.4844
0.1350979474245858,0.48450000000000004
0.13509803712025759,0.48460000000000003
0.13509814616023075,0.4847
0.1350982742758855,0.4848
0.13509842116451665,0.4849
0.13509858649001316,0.48500000000000004
0.1350987698835978,0.48510000000000003
0.13509897094462409,0.4852
0.13509918924142872,0.4853
0.13509942431223787,0.4854
0.13509967566612546,0.48550000000000004
0.1350999427840216,0.48560000000000003
0.13510022511976905,0.4857
0.13510052210122458,0.4858
0.1351008331314053,0.4859
0.1351011575896751,0.48600000000000004
0.13510149483297074,0.48610000000000003
0.13510184419706417,0.4862
0.13510220499785863,0.4863
0.13510257653271707,0.4864
0.1351029580818187,0.48650000000000004
0.13510334890954234,0.48660000000000003
0.1351037482658738,0.4867
0.13510415538783305,0.4868
0.13510456950092153,0.4869
0.13510498982058372,0.48700000000000004
0.13510541555368205,0.48710000000000003
0.1351058458999821,0.4872
0.13510628005364467,0.4873
0.13510671720472345,0.4874
0.13510715654066363,0.48750000000000004
0.13510759724779986,0.48760000000000003
0.13510803851285114,0.4877
0.13510847952440885,0.4878
0.13510891947441594,0.4879
0.13510935755963505,0.48800000000000004
0.135109792983101,0.48810000000000003
0.13511022495555847,0.4882
0.13511065269687794,0.4883
0.13511107543745227,0.4884
0.13511149241956655,0.48850000000000005
0.13511190289874286,0.48860000000000003
0.1351123061450551,0.4887
0.13511270144441312,0.4888
0.13511308809981304,0.4889
0.1351134654325512,0.48900000000000005
0.1351138327834016,0.48910000000000003
0.13511418951375243,0.4892
0.1351145350067019,0.4893
0.13511486866810962,0.4894
0.13511518992760352,0.48950000000000005
0.1351154982395395,0.48960000000000004
0.1351157930839122,0.4897
0.13511607396721714,0.4898
0.1351163404232596,0.4899
0.13511659201391257,0.49000000000000005
0.13511682832981986,0.49010000000000004
0.13511704899104482,0.4902
0.1351172536476628,0.4903
0.13511744198029718,0.4904
0.1351176137005976,0.49050000000000005
0.1351177685516599,0.49060000000000004
0.13511790630838794,0.4907
0.13511802677779472,0.4908
0.13511812979924576,0.4909
0.13511821524464096,0.49100000000000005
0.1351182830185378,0.49110000000000004
0.13511833305821308,0.4912
0.13511836533366672,0.4913
0.1351183798475638,0.4914
0.13511837663511794,0.49150000000000005
0.1351183557639154,0.49160000000000004
0.13511831733368262,0.4917
0.13511826147599282,0.4918
0.13511818835391654,0.4919
0.13511809816161624,0.49200000000000005
0.13511799112388478,0.49210000000000004
0.1351178674956297,0.4922
0.1351177275613047,0.4923
0.13511757163428773,0.4924
0.13511740005620876,0.49250000000000005
0.1351172131962285,0.49260000000000004
0.13511701145026822,0.4927
0.1351167952401936,0.4928
0.13511656501295388,0.4929
0.13511632123967698,0.49300000000000005
0.13511606441472424,0.49310000000000004
0.13511579505470506,0.4932
0.13511551369745456,0.4933
0.1351152209009744,0.4934
0.13511491724234148,0.49350000000000005
0.13511460331658454,0.49360000000000004
0.1351142797355308,0.4937
0.13511394712662694,0.4938
0.13511360613173362,0.4939
0.13511325740589897,0.49400000000000005
0.13511290161611078,0.49410000000000004
0.135112539440031,0.49420000000000003
0.135112171564715,0.4943
0.13511179868531786,0.4944
0.13511142150378908,0.49450000000000005
0.13511104072756042,0.49460000000000004
0.13511065706822678,0.49470000000000003
0.13511027124022423,0.4948
0.13510988395950752,0.4949
0.13510949594222788,0.49500000000000005
0.1351091079034169,0.49510000000000004
0.13510872055567436,0.49520000000000003
0.1351083346078671,0.4953
0.13510795076383741,0.4954
0.13510756972112625,0.4955
0.13510719216971123,0.49560000000000004
0.1351068187907638,0.49570000000000003
0.135106450255426,0.4958
0.13510608722361017,0.4959
0.1351057303428238,0.496
0.13510538024702012,0.49610000000000004
0.1351050375554791,0.49620000000000003
0.13510470287171783,0.4963
0.13510437678243503,0.4964
0.135104059856489,0.4965
0.13510375264391306,0.49660000000000004
0.1351034556749683,0.49670000000000003
0.1351031694592365,0.4968
0.13510289448475443,0.4969
0.1351026312171908,0.497
0.13510238009906672,0.49710000000000004
0.13510214154902334,0.49720000000000003
0.13510191596113397,0.4973
0.13510170370426544,0.4974
0.135101505121488,0.4975
0.1351013205295345,0.49760000000000004
0.13510115021831015,0.49770000000000003
0.1351009944504542,0.4978
0.13510085346095235,0.4979
0.13510072745680313,0.498
0.13510061661673534,0.49810000000000004
0.1351005210909798,0.49820000000000003
0.13510044100109475,0.4983
0.13510037643984374,0.4984
0.13510032747112732,0.4985
0.1351002941299695,0.49860000000000004
0.13510027642255562,0.49870000000000003
0.13510027432632432,0.4988
0.1351002877901114,0.4989
0.13510031673434808,0.499
0.13510036105130807,0.49910000000000004
0.13510042060540672,0.49920000000000003
0.13510049523355028,0.4993
0.13510058474553577,0.4994
0.13510068892449711,0.4995
0.13510080752739995,0.49960000000000004
0.1351009402855835,0.49970000000000003
0.13510108690534606,0.4998
0.13510124706857518,0.4999
0.13510142043342055,0.5
0.13510160663500737,0.5001
0.13510180528619053,0.5002
0.13510201597834537,0.5003000000000001
0.13510223828219647,0.5004000000000001
0.1351024717486804,0.5005000000000001
0.1351027159098418,0.5006
0.13510297027976104,0.5007
0.1351032343555112,0.5008
0.13510350761814272,0.5009
0.1351037895336935,0.501
0.13510407955422388,0.5011
0.1351043771188717,0.5012
0.13510468165492828,0.5013000000000001
0.13510499257893227,0.5014000000000001
0.13510530929777853,0.5015000000000001
0.1351056312098402,0.5016
0.13510595770610367,0.5017
0.13510628817131132,0.5018
0.13510662198511225,0.5019
0.13510695852321808,0.502
0.1351072971585613,0.5021
0.13510763726245467,0.5022
0.1351079782057496,0.5023
0.13510831935999013,0.5024000000000001
0.1351086600985627,0.5025000000000001
0.1351089997978372,0.5026
0.13510933783829893,0.5027
0.13510967360566917,0.5028
0.1351100064920111,0.5029
0.1351103358968211,0.503
0.135110661228102,0.5031
0.13511098190341686,0.5032
0.13511129735092176,0.5033
0.13511160701037506,0.5034000000000001
0.13511191033412218,0.5035000000000001
0.1351122067880539,0.5036
0.13511249585253615,0.5037
0.13511277702330993,0.5038
0.13511304981236072,0.5039
0.13511331374875413,0.504
0.1351135683794381,0.5041
0.13511381327000926,0.5042
0.1351140480054427,0.5043
0.1351142721907832,0.5044000000000001
0.13511448545179894,0.5045000000000001
0.13511468743559263,0.5046
0.13511487781117426,0.5047
0.13511505626998932,0.5048
0.1351152225264064,0.5049
0.1351153763181594,0.505
0.13511551740674688,0.5051
0.1351156455777861,0.5052
0.13511576064132158,0.5053
0.13511586243208817,0.5054000000000001
0.1351159508097285,0.5055000000000001
0.13511602565896363,0.5056
0.1351160868897172,0.5057
0.13511613443719384,0.5058
0.13511616826191075,0.5059
0.13511618834968253,0.506
0.13511619471156,0.5061
0.1351161873837231,0.5062
0.13511616642732938,0.5063
0.13511613192831562,0.5064000000000001
0.1351160839971549,0.5065000000000001
0.1351160227685706,0.5066
0.135115948401207,0.5067
0.13511586107725582,0.5068
0.13511576100204237,0.5069
0.13511564840357027,0.507
0.13511552353202572,0.5071
0.13511538665924372,0.5072
0.1351152380781353,0.5073
0.135115078102079,0.5074000000000001
0.1351149070642761,0.5075000000000001
0.13511472531707214,0.5076
0.13511453323124567,0.5077
0.13511433119526506,0.5078
0.1351141196145158,0.5079
0.13511389891049908,0.508
0.1351136695200037,0.5081
0.13511343189425196,0.5082
0.13511318649802317,0.5083
0.13511293380875378,0.5084000000000001
0.13511267431561813,0.5085000000000001
0.1351124085185904,0.5086
0.1351121369274899,0.5087
0.13511186006101117,0.5088
0.13511157844574173,0.5089
0.13511129261516708,0.509
0.13511100310866853,0.5091
0.13511071047051104,0.5092
0.13511041524882772,0.5093
0.1351101179945987,0.5094000000000001
0.1351098192606297,0.5095000000000001
0.13510951960052953,0.5096
0.13510921956769018,0.5097
0.1351089197142703,0.5098
0.1351086205901848,0.5099
0.1351083227421016,0.51
0.13510802671244804,0.5101
0.13510773303842782,0.5102
0.13510744225105187,0.5103
0.135107154874183,0.5104000000000001
0.13510687142359756,0.5105000000000001
0.13510659240606493,0.5106
0.13510631831844622,0.5107
0.13510604964681572,0.5108
0.1351057868656036,0.5109
0.135105530436764,0.511
0.1351052808089689,0.5111
0.13510503841682875,0.5112
0.13510480368014222,0.5113
0.13510457700317535,0.5114000000000001
0.13510435877397275,0.5115000000000001
0.1351041493636994,0.5116
0.1351039491260182,0.5117
0.13510375839649968,0.5118
0.13510357749206847,0.5119
0.13510340671048582,0.512
0.13510324632986903,0.5121
0.13510309660824915,0.5122
0.13510295778316672,0.5123
0.1351028300713072,0.5124000000000001
0.13510271366817628,0.5125000000000001
0.13510260874781443,0.5126000000000001
0.13510251546255336,0.5127
0.13510243394281218,0.5128
0.13510236429693534,0.5129
0.13510230661107148,0.513
0.1351022609490944,0.5131
0.1351022273525636,0.5132
0.13510220584072863,0.5133
0.13510219641057164,0.5134000000000001
0.1351021990368927,0.5135000000000001
0.13510221367243602,0.5136000000000001
0.13510224024805484,0.5137
0.13510227867291635,0.5138
0.1351023288347465,0.5139
0.13510239060011286,0.514
0.13510246381474578,0.5141
0.135102548303896,0.5142
0.13510264387272952,0.5143
0.135102750306757,0.5144000000000001
0.13510286737229915,0.5145000000000001
0.13510299481698385,0.5146000000000001
0.1351031323702775,0.5147
0.13510327974404668,0.5148
0.1351034366331506,0.5149
0.1351036027160626,0.515
0.13510377765551929,0.5151
0.1351039610991961,0.5152
0.13510415268040876,0.5153
0.13510435201883764,0.5154
0.13510455872127503,0.5155000000000001
0.1351047723823927,0.5156000000000001
0.1351049925855301,0.5157
0.1351052189034988,0.5158
0.13510545089940473,0.5159
0.13510568812748447,0.516
0.13510593013395478,0.5161
0.13510617645787415,0.5162
0.13510642663201344,0.5163
0.13510668018373595,0.5164
0.13510693663588302,0.5165000000000001
0.13510719550766603,0.5166000000000001
0.13510745631556031,0.5167
0.13510771857420167,0.5168
0.13510798179728312,0.5169
0.13510824549844969,0.517
0.13510850919218997,0.5171
0.1351087723947232,0.5172
0.13510903462487966,0.5173
0.13510929540497385,0.5174
0.1351095542616665,0.5175000000000001
0.1351098107268176,0.5176000000000001
0.13511006433832495,0.5177
0.1351103146409499,0.5178
0.13511056118712705,0.5179
0.13511080353775706,0.518
0.1351110412629809,0.5181
0.1351112739429351,0.5182
0.13511150116848514,0.5183
0.1351117225419376,0.5184
0.13511193767772767,0.5185000000000001
0.1351121462030832,0.5186000000000001
0.13511234775866232,0.5187
0.13511254199916412,0.5188
0.1351127285939122,0.5189
0.13511290722740898,0.519
0.1351130775998599,0.5191
0.13511323942766817,0.5192
0.13511339244389686,0.5193
0.13511353639870027,0.5194
0.13511367105972116,0.5195000000000001
0.13511379621245578,0.5196000000000001
0.1351139116605845,0.5197
0.13511401722626792,0.5198
0.1351141127504082,0.5199
0.13511419809287584,0.52
0.13511427313269975,0.5201
0.13511433776822335,0.5202
0.13511439191722252,0.5203
0.13511443551699043,0.5204
0.13511446852438347,0.5205000000000001
0.13511449091583372,0.5206000000000001
0.13511450268732372,0.5207
0.13511450385432622,0.5208
0.13511449445170964,0.5209
0.13511447453360625,0.521
0.13511444417324703,0.5211
0.13511440346276116,0.5212
0.13511435251294257,0.5213
0.1351142914529827,0.5214
0.13511422043016985,0.5215000000000001
0.13511413960955765,0.5216000000000001
0.1351140491736006,0.5217
0.13511394932176057,0.5218
0.13511384027008244,0.5219
0.1351137222507406,0.522
0.13511359551155833,0.5221
0.13511346031549898,0.5222
0.1351133169401324,0.5223
0.1351131656770752,0.5224
0.1351130068314078,0.5225000000000001
0.13511284072106833,0.5226000000000001
0.13511266767622554,0.5227
0.13511248803863063,0.5228
0.13511230216095071,0.5229
0.13511211040608406,0.523
0.13511191314645854,0.5231
0.13511171076331618,0.5232
0.135111503645982,0.5233
0.1351112921911224,0.5234
0.1351110768019912,0.5235000000000001
0.13511085788766686,0.5236000000000001
0.13511063586228111,0.5237
0.13511041114424116,0.5238
0.13511018415544618,0.5239
0.1351099553205013,0.524
0.1351097250659271,0.5241
0.13510949381937087,0.5242
0.1351092620088159,0.5243
0.13510903006179475,0.5244
0.1351087984046051,0.5245000000000001
0.13510856746153066,0.5246000000000001
0.1351083376540687,0.5247
0.1351081094001647,0.5248
0.13510788311345678,0.5249
0.13510765920253065,0.525
0.13510743807018566,0.5251
0.1351072201127148,0.5252
0.13510700571919898,0.5253
0.13510679527081637,0.5254
0.1351065891401697,0.5255000000000001
0.13510638769063055,0.5256000000000001
0.1351061912757041,0.5257000000000001
0.13510600023841302,0.5258
0.13510581491070395,0.5259
0.13510563561287525,0.526
0.13510546265302903,0.5261
0.13510529632654755,0.5262
0.13510513691559434,0.5263
0.13510498468864174,0.5264
0.1351048399000252,0.5265000000000001
0.13510470278952547,0.5266000000000001
0.13510457358197836,0.5267000000000001
0.13510445248691438,0.5268
0.135104339698227,0.5269
0.13510423539387117,0.527
0.13510413973559232,0.5271
0.1351040528686861,0.5272
0.13510397492178938,0.5273
0.1351039060067024,0.5274
0.13510384621824267,0.5275000000000001
0.135103795634131,0.5276000000000001
0.13510375431490862,0.5277000000000001
0.13510372230388734,0.5278
0.13510369962713054,0.5279
0.13510368629346614,0.528
0.13510368229453185,0.5281
0.13510368760485192,0.5282
0.13510370218194434,0.5283
0.13510372596645903,0.5284
0.13510375888234738,0.5285000000000001
0.13510380083706097,0.5286000000000001
0.13510385172178063,0.5287000000000001
0.13510391141167444,0.5288
0.13510397976618338,0.5289
0.13510405662933633,0.529
0.13510414183009112,0.5291
0.13510423518270287,0.5292
0.13510433648711695,0.5293
0.13510444552938794,0.5294
0.13510456208212185,0.5295
0.13510468590494162,0.5296000000000001
0.13510481674497532,0.5297000000000001
0.13510495433736414,0.5298
0.13510509840579255,0.5299
0.13510524866303564,0.53
0.13510540481152555,0.5301
0.1351055665439348,0.5302
0.13510573354377498,0.5303
0.1351059054860103,0.5304
0.13510608203768482,0.5305
0.1351062628585613,0.5306000000000001
0.13510644760177204,0.5307000000000001
0.13510663591447825,0.5308
0.1351068274385393,0.5309
0.1351070218111885,0.531
0.13510721866571462,0.5311
0.13510741763214917,0.5312
0.13510761833795626,0.5313
0.13510782040872515,0.5314
0.1351080234688633,0.5315
0.13510822714228965,0.5316000000000001
0.13510843105312598,0.5317000000000001
0.1351086348263848,0.5318
0.13510883808865493,0.5319
0.13510904046877914,0.532
0.13510924159852766,0.5321
0.1351094411132625,0.5322
0.13510963865259284,0.5323
0.13510983386102127,0.5324
0.13511002638857728,0.5325
0.13511021589144023,0.5326000000000001
0.13511040203254665,0.5327000000000001
0.13511058448218505,0.5328
0.1351107629185737,0.5329
0.13511093702842292,0.533
0.1351111065074786,0.5331
0.13511127106104848,0.5332
0.13511143040450857,0.5333
0.135111584263789,0.5334
0.13511173237583962,0.5335
0.1351118744890728,0.5336000000000001
0.13511201036378473,0.5337000000000001
0.13511213977255276,0.5338
0.13511226250060937,0.5339
0.13511237834619116,0.534
0.135112487120863,0.5341
0.13511258864981723,0.5342
0.13511268277214616,0.5343
0.13511276934108818,0.5344
0.13511284822424796,0.5345
0.13511291930378833,0.5346000000000001
0.1351129824765961,0.5347000000000001
0.1351130376544195,0.5348
0.13511308476397832,0.5349
0.1351131237470462,0.535
0.1351131545605052,0.5351
0.13511317717637217,0.5352
0.13511319158179746,0.5353
0.1351131977790364,0.5354
0.13511319578539238,0.5355
0.1351131856331339,0.5356000000000001
0.1351131673693824,0.5357000000000001
0.13511314105597516,0.5358
0.1351131067693011,0.5359
0.1351130646001103,0.536
0.13511301465329795,0.5361
0.13511295704766313,0.5362
0.13511289191564324,0.5363
0.13511281940302344,0.5364
0.13511273966862414,0.5365
0.13511265288396412,0.5366000000000001
0.135112559232902,0.5367000000000001
0.13511245891125712,0.5368
0.1351123521264086,0.5369
0.13511223909687486,0.537
0.13511212005187512,0.5371
0.13511199523087114,0.5372
0.1351118648830929,0.5373
0.13511172926704773,0.5374
0.13511158865001383,0.5375
0.13511144330751934,0.5376000000000001
0.1351112935228086,0.5377000000000001
0.1351111395862955,0.5378000000000001
0.13511098179500547,0.5379
0.13511082045200795,0.538
0.1351106558658387,0.5381
0.13511048834991468,0.5382
0.13511031822194197,0.5383
0.13511014580331726,0.5384
0.13510997141852532,0.5385
0.13510979539453216,0.5386000000000001
0.13510961806017618,0.5387000000000001
0.13510943974555767,0.5388000000000001
0.13510926078142838,0.5389
0.13510908149858158,0.539
0.13510890222724425,0.5391
0.13510872329647272,0.5392
0.13510854503355196,0.5393
0.13510836776340085,0.5394
0.13510819180798284,0.5395
0.1351080174857252,0.5396000000000001
0.1351078451109462,0.5397000000000001
0.13510767499329157,0.5398000000000001
0.13510750743718225,0.5399
0.13510734274127245,0.54
0.13510718119792187,0.5401
0.1351070230926793,0.5402
0.13510686870378275,0.5403
0.13510671830167276,0.5404
0.13510657214852284,0.5405
0.1351064304977867,0.5406000000000001
0.1351062935937627,0.5407000000000001
0.13510616167117684,0.5408000000000001
0.13510603495478535,0.5409
0.1351059136589956,0.541
0.1351057979875092,0.5411
0.1351056881329845,0.5412
0.1351055842767216,0.5413
0.13510548658836874,0.5414
0.1351053952256519,0.5415
0.1351053103341261,0.5416000000000001
0.13510523204695124,0.5417000000000001
0.13510516048469068,0.5418000000000001
0.1351050957551343,0.5419
0.1351050379531452,0.542
0.13510498716053088,0.5421
0.13510494344593904,0.5422
0.13510490686477805,0.5423
0.13510487745916133,0.5424
0.13510485525787752,0.5425
0.13510484027638425,0.5426
0.13510483251682714,0.5427000000000001
0.1351048319680831,0.5428000000000001
0.13510483860582723,0.5429
0.13510485239262437,0.543
0.13510487327804488,0.5431
0.13510490119880236,0.5432
0.1351049360789165,0.5433
0.13510497782989705,0.5434
0.13510502635095067,0.5435
0.1351050815292104,0.5436
0.1351051432399849,0.5437000000000001
0.13510521134703024,0.5438000000000001
0.13510528570284053,0.5439
0.1351053661489594,0.544
0.13510545251630912,0.5441
0.1351055446255396,0.5442
0.13510564228739352,0.5443
0.1351057453030895,0.5444
0.1351058534647206,0.5445
0.13510596655566864,0.5446
0.13510608435103255,0.5447000000000001
0.13510620661807082,0.5448000000000001
0.13510633311665665,0.5449
0.13510646359974465,0.545
0.13510659781384904,0.5451
0.13510673549953178,0.5452
0.13510687639189956,0.5453
0.13510702022110932,0.5454
0.13510716671288125,0.5455
0.13510731558901745,0.5456
0.13510746656792627,0.5457000000000001
0.13510761936515114,0.5458000000000001
0.1351077736939026,0.5459
0.13510792926559234,0.546
0.13510808579036926,0.5461
0.13510824297765534,0.5462
0.1351084005366816,0.5463
0.1351085581770215,0.5464
0.13510871560912274,0.5465
0.13510887254483517,0.5466
0.13510902869793395,0.5467000000000001
0.1351091837846382,0.5468000000000001
0.1351093375241218,0.5469
0.13510948963901892,0.547
0.1351096398559195,0.5471
0.13510978790585737,0.5472
0.13510993352478673,0.5473
0.13511007645404982,0.5474
0.13511021644083188,0.5475
0.13511035323860365,0.5476
0.13511048660755176,0.5477000000000001
0.13511061631499444,0.5478000000000001
0.1351107421357829,0.5479
0.135110863852688,0.548
0.13511098125677024,0.5481
0.1351110941477338,0.5482
0.13511120233426344,0.5483
0.13511130563434393,0.5484
0.13511140387556053,0.5485
0.13511149689538193,0.5486
0.13511158454142358,0.5487000000000001
0.13511166667169117,0.5488000000000001
0.135111743154805,0.5489
0.13511181387020355,0.549
0.13511187870832653,0.5491
0.13511193757077788,0.5492
0.1351119903704665,0.5493
0.13511203703172703,0.5494
0.13511207749041865,0.5495
0.1351121116940024,0.5496
0.13511213960159707,0.5497000000000001
0.1351121611840138,0.5498000000000001
0.13511217642376872,0.5499
0.13511218531507463,0.55
0.13511218786381085,0.5501
0.1351121840874716,0.5502
0.135112174015094,0.5503
0.13511215768716445,0.5504
0.13511213515550513,0.5505
0.1351121064831392,0.5506
0.13511207174413653,0.5507000000000001
0.13511203102343972,0.5508000000000001
0.13511198441667038,0.5509000000000001
0.135111932029917,0.551
0.1351118739795042,0.5511
0.13511181039174347,0.5512
0.13511174140266713,0.5513
0.13511166715774559,0.5514
0.13511158781158694,0.5515
0.13511150352762247,0.5516
0.13511141447777586,0.5517000000000001
0.1351113208421184,0.5518000000000001
0.1351112228085105,0.5519000000000001
0.13511112057223007,0.552
0.13511101433558848,0.5521
0.13511090430753459,0.5522
0.13511079070324883,0.5523
0.13511067374372665,0.5524
0.13511055365535218,0.5525
0.13511043066946515,0.5526
0.1351103050219178,0.5527000000000001
0.13511017695262728,0.5528000000000001
0.13511004670512083,0.5529000000000001
0.13510991452607612,0.553
0.13510978066485724,0.5531
0.13510964537304804,0.5532
0.13510950890398243,0.5533
0.13510937151227242,0.5534
0.13510923345333725,0.5535
0.13510909498293078,0.5536
0.13510895635667075,0.5537000000000001
0.13510881782957007,0.5538000000000001
0.1351086796555705,0.5539000000000001
0.13510854208707956,0.554
0.13510840537451307,0.5541
0.13510826976584123,0.5542
0.1351081355061423,0.5543
0.13510800283716218,0.5544
0.135107871996882,0.5545
0.13510774321909413,0.5546
0.1351076167329872,0.5547000000000001
0.13510749276274103,0.5548000000000001
0.1351073715271326,0.5549000000000001
0.1351072532391524,0.555
0.13510713810563402,0.5551
0.1351070263268952,0.5552
0.13510691809639241,0.5553
0.13510681360039012,0.5554
0.1351067130176431,0.5555
0.13510661651909428,0.5556
0.13510652426758862,0.5557
0.13510643641760145,0.5558000000000001
0.13510635311498476,0.5559000000000001
0.13510627449672907,0.556
0.13510620069074264,0.5561
0.135106131815649,0.5562
0.13510606798060099,0.5563
0.13510600928511363,0.5564
0.13510595581891527,0.5565
0.1351059076618174,0.5566
0.13510586488360243,0.5567
0.13510582754393097,0.5568000000000001
0.135105795692268,0.5569000000000001
0.13510576936782792,0.557
0.1351057485995386,0.5571
0.13510573340602405,0.5572
0.13510572379560748,0.5573
0.1351057197663319,0.5574
0.13510572130599952,0.5575
0.13510572839223112,0.5576
0.1351057409925427,0.5577
0.13510575906444078,0.5578000000000001
0.1351057825555363,0.5579000000000001
0.13510581140367517,0.558
0.1351058455370876,0.5581
0.13510588487455344,0.5582
0.13510592932558496,0.5583
0.13510597879062602,0.5584
0.13510603316126657,0.5585
0.13510609232047333,0.5586
0.13510615614283517,0.5587
0.135106224494823,0.5588000000000001
0.13510629723506373,0.5589000000000001
0.13510637421462768,0.559
0.13510645527732845,0.5591
0.13510654026003577,0.5592
0.1351066289929994,0.5593
0.13510672130018375,0.5594
0.1351068169996139,0.5595
0.13510691590373036,0.5596
0.1351070178197531,0.5597
0.13510712255005364,0.5598000000000001
0.13510722989253543,0.5599000000000001
0.13510733964102006,0.56
0.1351074515856403,0.5601
0.1351075655132381,0.5602
0.1351076812077675,0.5603
0.1351077984507012,0.5604
0.13510791702144032,0.5605
0.13510803669772642,0.5606
0.13510815725605485,0.5607
0.13510827847208984,0.5608000000000001
0.1351084001210784,0.5609000000000001
0.13510852197826417,0.561
0.13510864381929988,0.5611
0.1351087654206573,0.5612
0.1351088865600346,0.5613
0.1351090070167592,0.5614
0.1351091265721872,0.5615
0.13510924501009713,0.5616
0.13510936211707814,0.5617
0.13510947768291082,0.5618000000000001
0.13510959150094237,0.5619000000000001
0.1351097033684524,0.562
0.13510981308701098,0.5621
0.13510992046282755,0.5622
0.13511002530708982,0.5623
0.13511012743629258,0.5624
0.13511022667255546,0.5625
0.13511032284392943,0.5626
0.1351104157846913,0.5627
0.13511050533562574,0.5628000000000001
0.13511059134429404,0.5629000000000001
0.13511067366529073,0.5630000000000001
0.1351107521604843,0.5631
0.13511082669924623,0.5632
0.1351108971586633,0.5633
0.13511096342373674,0.5634
0.1351110253875647,0.5635
0.13511108295151042,0.5636
0.13511113602535396,0.5637
0.13511118452742832,0.5638000000000001
0.13511122838473955,0.5639000000000001
0.13511126753306957,0.5640000000000001
0.13511130191706444,0.5641
0.13511133149030385,0.5642
0.13511135621535586,0.5643
0.13511137606381363,0.5644
0.13511139101631664,0.5645
0.13511140106255426,0.5646
0.1351114062012534,0.5647
0.13511140644014907,0.5648000000000001
0.13511140179593928,0.5649000000000001
0.13511139229422287,0.5650000000000001
0.13511137796942196,0.5651
0.1351113588646875,0.5652
0.13511133503179074,0.5653
0.13511130653099757,0.5654
0.13511127343092855,0.5655
0.13511123580840445,0.5656
0.13511119374827651,0.5657
0.1351111473432427,0.5658000000000001
0.13511109669365096,0.5659000000000001
0.13511104190728795,0.5660000000000001
0.13511098309915615,0.5661
0.1351109203912373,0.5662
0.1351108539122443,0.5663
0.1351107837973622,0.5664
0.1351107101879775,0.5665
0.1351106332313966,0.5666
0.13511055308055608,0.5667
0.13511046989372122,0.5668000000000001
0.13511038383417817,0.5669000000000001
0.13511029506991612,0.5670000000000001
0.13511020377330285,0.5671
0.13511011012075336,0.5672
0.135110014292392,0.5673
0.13510991647170856,0.5674
0.13510981684521028,0.5675
0.13510971560206864,0.5676
0.135109612933763,0.5677
0.135109509033721,0.5678000000000001
0.13510940409695682,0.5679000000000001
0.1351092983197073,0.5680000000000001
0.13510919189906778,0.5681
0.13510908503262686,0.5682
0.13510897791810228,0.5683
0.13510887075297706,0.5684
0.13510876373413794,0.5685
0.13510865705751585,0.5686
0.13510855091772922,0.5687
0.1351084455077315,0.5688
0.13510834101846225,0.5689000000000001
0.135108237638504,0.5690000000000001
0.13510813555374346,0.5691
0.13510803494704016,0.5692
0.1351079359979005,0.5693
0.1351078388821606,0.5694
0.13510774377167523,0.5695
0.13510765083401688,0.5696
0.1351075602321824,0.5697
0.13510747212430985,0.5698
0.13510738666340472,0.5699000000000001
0.13510730399707727,0.5700000000000001
0.13510722426728994,0.5701
0.13510714761011666,0.5702
0.13510707415551315,0.5703
0.13510700402709985,0.5704
0.1351069373419569,0.5705
0.13510687421043233,0.5706
0.13510681473596275,0.5707
0.13510675901490732,0.5708
0.13510670713639628,0.5709000000000001
0.1351066591821919,0.5710000000000001
0.13510661522656453,0.5711
0.13510657533618264,0.5712
0.13510653957001684,0.5713
0.13510650797925827,0.5714
0.13510648060725305,0.5715
0.13510645748944905,0.5716
0.13510643865335903,0.5717
0.13510642411853846,0.5718
0.1351064138965773,0.5719000000000001
0.1351064079911063,0.5720000000000001
0.13510640639781912,0.5721
0.135106409104508,0.5722
0.13510641609111373,0.5723
0.1351064273297905,0.5724
0.1351064427849843,0.5725
0.13510646241352575,0.5726
0.13510648616473564,0.5727
0.13510651398054518,0.5728
0.13510654579562842,0.5729000000000001
0.1351065815375475,0.5730000000000001
0.1351066211269114,0.5731
0.1351066644775456,0.5732
0.13510671149667475,0.5733
0.13510676208511618,0.5734
0.13510681613748465,0.5735
0.13510687354240736,0.5736
0.13510693418275022,0.5737
0.1351069979358528,0.5738
0.13510706467377298,0.5739000000000001
0.13510713426354093,0.5740000000000001
0.13510720656742015,0.5741
0.13510728144317807,0.5742
0.13510735874436208,0.5743
0.1351074383205838,0.5744
0.1351075200178089,0.5745
0.1351076036786526,0.5746
0.13510768914268023,0.5747
0.13510777624671266,0.5748
0.13510786482513515,0.5749000000000001
0.1351079547102102,0.5750000000000001
0.13510804573239232,0.5751000000000001
0.135108137720646,0.5752
0.13510823050276455,0.5753
0.13510832390569028,0.5754
0.1351084177558347,0.5755
0.13510851187939954,0.5756
0.13510860610269537,0.5757
0.13510870025246102,0.5758
0.1351087941561787,0.5759000000000001
0.13510888764238893,0.5760000000000001
0.13510898054100062,0.5761000000000001
0.1351090726835984,0.5762
0.13510916390374594,0.5763
0.13510925403728413,0.5764
0.13510934292262378,0.5765
0.13510943040103363,0.5766
0.13510951631692103,0.5767
0.1351096005181064,0.5768
0.13510968285609004,0.5769000000000001
0.1351097631863123,0.5770000000000001
0.1351098413684042,0.5771000000000001
0.1351099172664303,0.5772
0.13510999074912255,0.5773
0.13511006169010487,0.5774
0.13511012996810734,0.5775
0.13511019546717085,0.5776
0.1351102580768414,0.5777
0.13511031769235315,0.5778
0.13511037421480043,0.5779000000000001
0.13511042755129932,0.5780000000000001
0.13511047761513595,0.5781000000000001
0.13511052432590476,0.5782
0.13511056760963358,0.5783
0.1351106073988968,0.5784
0.13511064363291592,0.5785
0.1351106762576486,0.5786
0.13511070522586288,0.5787
0.13511073049720146,0.5788
0.13511075203823086,0.5789000000000001
0.1351107698224786,0.5790000000000001
0.13511078383045816,0.5791000000000001
0.13511079404967918,0.5792
0.13511080047464719,0.5793
0.13511080310684842,0.5794
0.13511080195472303,0.5795
0.13511079703362583,0.5796
0.13511078836577306,0.5797
0.13511077598017884,0.5798
0.13511075991257748,0.5799000000000001
0.13511074020533476,0.5800000000000001
0.13511071690734733,0.5801000000000001
0.13511069007392984,0.5802
0.1351106597666918,0.5803
0.13511062605340163,0.5804
0.13511058900784212,0.5805
0.135110548709653,0.5806
0.13511050524416524,0.5807
0.13511045870222427,0.5808
0.13511040918000428,0.5809000000000001
0.13511035677881333,0.5810000000000001
0.13511030160488913,0.5811000000000001
0.13511024376918757,0.5812
0.13511018338716219,0.5813
0.13511012057853689,0.5814
0.13511005546707144,0.5815
0.13510998818032027,0.5816
0.13510991884938484,0.5817
0.13510984760866118,0.5818
0.1351097745955815,0.5819
0.13510969995035127,0.5820000000000001
0.1351096238156826,0.5821000000000001
0.13510954633652306,0.5822
0.13510946765978216,0.5823
0.13510938793405503,0.5824
0.13510930730934312,0.5825
0.13510922593677444,0.5826
0.1351091439683222,0.5827
0.13510906155652258,0.5828
0.13510897885419315,0.5829
0.13510889601415066,0.5830000000000001
0.1351088131889311,0.5831000000000001
0.1351087305305103,0.5832
0.1351086481900271,0.5833
0.13510856631750823,0.5834
0.13510848506159723,0.5835
0.13510840456928608,0.5836
0.13510832498565128,0.5837
0.13510824645359387,0.5838
0.1351081691135846,0.5839
0.13510809310341476,0.5840000000000001
0.13510801855795207,0.5841000000000001
0.13510794560890393,0.5842
0.1351078743845856,0.5843
0.13510780500969732,0.5844
0.13510773760510753,0.5845
0.1351076722876442,0.5846
0.13510760916989473,0.5847
0.13510754836001382,0.5848
0.13510748996154032,0.5849
0.13510743407322345,0.5850000000000001
0.1351073807888581,0.5851000000000001
0.13510733019712995,0.5852
0.1351072823814703,0.5853
0.1351072374199217,0.5854
0.13510719538501326,0.5855
0.13510715634364678,0.5856
0.1351071203569938,0.5857
0.13510708748040312,0.5858
0.13510705776331977,0.5859
0.13510703124921486,0.5860000000000001
0.13510700797552688,0.5861000000000001
0.1351069879736142,0.5862
0.1351069712687184,0.5863
0.13510695787993987,0.5864
0.13510694782022437,0.5865
0.13510694109636034,0.5866
0.13510693770898907,0.5867
0.13510693765262394,0.5868
0.1351069409156831,0.5869
0.13510694748053176,0.5870000000000001
0.13510695732353584,0.5871000000000001
0.13510697041512676,0.5872
0.13510698671987642,0.5873
0.13510700619658278,0.5874
0.13510702879836622,0.5875
0.13510705447277527,0.5876
0.135107083161903,0.5877
0.1351071148025118,0.5878
0.13510714932616896,0.5879
0.1351071866593906,0.5880000000000001
0.13510722672379383,0.5881000000000001
0.1351072694362584,0.5882000000000001
0.13510731470909587,0.5883
0.1351073624502266,0.5884
0.13510741256336423,0.5885
0.13510746494820758,0.5886
0.1351075195006386,0.5887
0.1351075761129269,0.5888
0.1351076346739406,0.5889
0.13510769506936182,0.5890000000000001
0.13510775718190793,0.5891000000000001
0.13510782089155748,0.5892000000000001
0.13510788607577962,0.5893
0.13510795260976816,0.5894
0.1351080203666788,0.5895
0.13510808921786843,0.5896
0.13510815903313844,0.5897
0.13510822968097813,0.5898
0.13510830102881144,0.5899
0.13510837294324374,0.5900000000000001
0.13510844529030908,0.5901000000000001
0.13510851793571865,0.5902000000000001
0.13510859074510784,0.5903
0.13510866358428308,0.5904
0.13510873631946785,0.5905
0.13510880881754606,0.5906
0.13510888094630435,0.5907
0.13510895257467137,0.5908
0.13510902357295407,0.5909
0.135109093813071,0.5910000000000001
0.13510916316878163,0.5911000000000001
0.13510923151591125,0.5912000000000001
0.1351092987325715,0.5913
0.13510936469937618,0.5914
0.1351094292996513,0.5915
0.13510949241963954,0.5916
0.13510955394869895,0.5917
0.1351096137794946,0.5918
0.1351096718081839,0.5919
0.1351097279345953,0.5920000000000001
0.13510978206239854,0.5921000000000001
0.13510983409926836,0.5922000000000001
0.1351098839570395,0.5923
0.13510993155185402,0.5924
0.13510997680429981,0.5925
0.13511001963954117,0.5926
0.1351100599874394,0.5927
0.13511009778266547,0.5928
0.135110132964803,0.5929
0.1351101654784418,0.5930000000000001
0.13511019527326162,0.5931000000000001
0.1351102223041073,0.5932000000000001
0.1351102465310533,0.5933
0.13511026791945857,0.5934
0.13511028644001177,0.5935
0.13511030206876584,0.5936
0.1351103147871644,0.5937
0.13511032458205563,0.5938
0.13511033144569828,0.5939
0.13511033537575712,0.5940000000000001
0.13511033637528758,0.5941000000000001
0.13511033445271226,0.5942000000000001
0.13511032962178615,0.5943
0.13511032190155292,0.5944
0.1351103113162917,0.5945
0.13511029789545415,0.5946
0.1351102816735923,0.5947
0.1351102626902776,0.5948
0.13511024099001046,0.5949
0.13511021662212197,0.595
0.13511018964066612,0.5951000000000001
0.13511016010430432,0.5952000000000001
0.1351101280761816,0.5953
0.1351100936237951,0.5954
0.13511005681885546,0.5955
0.13511001773713993,0.5956
0.13510997645833955,0.5957
0.13510993306589936,0.5958
0.13510988764685172,0.5959
0.13510984029164463,0.596
0.13510979109396348,0.5961000000000001
0.1351097401505481,0.5962000000000001
0.1351096875610044,0.5963
0.1351096334276114,0.5964
0.13510957785512479,0.5965
0.1351095209505755,0.5966
0.13510946282306524,0.5967
0.1351094035835596,0.5968
0.1351093433446774,0.5969
0.13510928222047824,0.597
0.13510922032624828,0.5971000000000001
0.13510915777828436,0.5972000000000001
0.1351090946936766,0.5973
0.13510903119009132,0.5974
0.13510896738555267,0.5975
0.13510890339822434,0.5976
0.135108839346193,0.5977
0.13510877534725096,0.5978
0.13510871151868142,0.5979
0.13510864797704492,0.598
0.1351085848379675,0.5981000000000001
0.13510852221593206,0.5982000000000001
0.13510846022407175,0.5983
0.13510839897396765,0.5984
0.13510833857544868,0.5985
0.135108279136396,0.5986
0.13510822076255247,0.5987
0.13510816355733524,0.5988
0.13510810762165426,0.5989
0.13510805305373574,0.599
0.1351079999489514,0.5991000000000001
0.1351079483996529,0.5992000000000001
0.13510789849501303,0.5993
0.13510785032087336,0.5994
0.13510780395959787,0.5995
0.13510775948993403,0.5996
0.13510771698688107,0.5997
0.13510767652156497,0.5998
0.1351076381611218,0.5999
0.1351076019685884,0.6
0.13510756800280088,0.6001000000000001
0.1351075363183012,0.6002000000000001
0.1351075069652522,0.6003000000000001
0.13510747998936123,0.6004
0.13510745543181102,0.6005
0.13510743332920094,0.6006
0.135107413713495,0.6007
0.1351073966119799,0.6008
0.13510738204723116,0.6009
0.13510737003708861,0.601
0.13510736059463957,0.6011000000000001
0.13510735372821236,0.6012000000000001
0.13510734944137692,0.6013000000000001
0.13510734773295552,0.6014
0.13510734859704177,0.6015
0.13510735202302726,0.6016
0.13510735799563856,0.6017
0.135107366494981,0.6018
0.13510737749659163,0.6019
0.1351073909715006,0.602
0.1351074068862992,0.6021000000000001
0.13510742520321806,0.6022000000000001
0.13510744588021106,0.6023000000000001
0.13510746887104763,0.6024
0.13510749412541279,0.6025
0.13510752158901318,0.6026
0.13510755120369133,0.6027
0.135107582907546,0.6028
0.13510761663505855,0.6029
0.13510765231722632,0.603
0.13510768988170152,0.6031000000000001
0.13510772925293568,0.6032000000000001
0.13510777035232957,0.6033000000000001
0.13510781309838849,0.6034
0.1351078574068817,0.6035
0.13510790319100685,0.6036
0.1351079503615582,0.6037
0.13510799882709923,0.6038
0.1351080484941375,0.6039
0.13510809926730438,0.604
0.13510815104953589,0.6041000000000001
0.13510820374225752,0.6042000000000001
0.13510825724556963,0.6043000000000001
0.13510831145843638,0.6044
0.13510836627887401,0.6045
0.1351084216041426,0.6046
0.13510847733093612,0.6047
0.1351085333555747,0.6048
0.1351085895741958,0.6049
0.1351086458829457,0.605
0.13510870217816995,0.6051000000000001
0.13510875835660263,0.6052000000000001
0.13510881431555488,0.6053000000000001
0.13510886995310079,0.6054
0.13510892516826212,0.6055
0.1351089798611903,0.6056
0.13510903393334506,0.6057
0.13510908728767135,0.6058
0.1351091398287716,0.6059
0.13510919146307554,0.606
0.13510924209900477,0.6061000000000001
0.13510929164713437,0.6062000000000001
0.1351093400203487,0.6063000000000001
0.1351093871339939,0.6064
0.13510943290602428,0.6065
0.13510947725714328,0.6066
0.13510952011094002,0.6067
0.13510956139401853,0.6068
0.1351096010361228,0.6069
0.13510963897025363,0.607
0.13510967513278094,0.6071000000000001
0.1351097094635484,0.6072000000000001
0.13510974190597158,0.6073000000000001
0.13510977240712907,0.6074
0.1351098009178473,0.6075
0.1351098273927771,0.6076
0.13510985179046375,0.6077
0.13510987407340935,0.6078
0.1351098942081277,0.6079
0.13510991216519197,0.608
0.135109927919274,0.6081
0.13510994144917698,0.6082000000000001
0.13510995273785953,0.6083000000000001
0.1351099617724525,0.6084
0.13510996854426816,0.6085
0.13510997304880135,0.6086
0.13510997528572344,0.6087
0.1351099752588678,0.6088
0.13510997297620875,0.6089
0.13510996844983214,0.609
0.13510996169589917,0.6091
0.1351099527346019,0.6092000000000001
0.1351099415901128,0.6093000000000001
0.13510992829052615,0.6094
0.13510991286779284,0.6095
0.1351098953576484,0.6096
0.13510987579953404,0.6097
0.13510985423651145,0.6098
0.13510983071517113,0.6099
0.13510980528553473,0.61
0.13510977800095103,0.6101
0.13510974891798655,0.6102000000000001
0.13510971809631078,0.6103000000000001
0.13510968559857528,0.6104
0.13510965149028886,0.6105
0.13510961583968717,0.6106
0.135109578717598,0.6107
0.13510954019730192,0.6108
0.13510950035438973,0.6109
0.13510945926661577,0.611
0.1351094170137468,0.6111
0.1351093736774095,0.6112000000000001
0.13510932934093378,0.6113000000000001
0.13510928408919387,0.6114
0.1351092380084472,0.6115
0.13510919118617137,0.6116
0.135109143710899,0.6117
0.13510909567205187,0.6118
0.13510904715977345,0.6119
0.13510899826476108,0.612
0.13510894907809734,0.6121
0.13510889969108175,0.6122000000000001
0.13510885019506236,0.6123000000000001
0.13510880068126774,0.6124
0.13510875124063992,0.6125
0.13510870196366864,0.6126
0.13510865294022678,0.6127
0.1351086042594073,0.6128
0.13510855600936267,0.6129
0.13510850827714593,0.613
0.13510846114855535,0.6131
0.13510841470798085,0.6132000000000001
0.13510836903825374,0.6133000000000001
0.1351083242205009,0.6134000000000001
0.13510828033400113,0.6135
0.13510823745604594,0.6136
0.13510819566180554,0.6137
0.13510815502419704,0.6138
0.13510811561375924,0.6139
0.1351080774985316,0.614
0.135108040743937,0.6141
0.1351080054126721,0.6142000000000001
0.13510797156460097,0.6143000000000001
0.1351079392566552,0.6144000000000001
0.13510790854274002,0.6145
0.13510787947364533,0.6146
0.13510785209696385,0.6147
0.1351078264570149,0.6148
0.1351078025947744,0.6149
0.13510778054781114,0.615
0.1351077603502301,0.6151
0.135107742032622,0.6152000000000001
0.13510772562201911,0.6153000000000001
0.13510771114185838,0.6154000000000001
0.13510769861195104,0.6155
0.13510768804845896,0.6156
0.13510767946387747,0.6157
0.13510767286702585,0.6158
0.13510766826304366,0.6159
0.13510766565339416,0.616
0.1351076650358749,0.6161
0.13510766640463423,0.6162000000000001
0.1351076697501954,0.6163000000000001
0.13510767505948584,0.6164000000000001
0.135107682315875,0.6165
0.1351076914992161,0.6166
0.13510770258589644,0.6167
0.13510771554889234,0.6168
0.1351077303578313,0.6169
0.13510774697905892,0.617
0.13510776537571267,0.6171
0.13510778550780056,0.6172000000000001
0.13510780733228578,0.6173000000000001
0.13510783080317623,0.6174000000000001
0.13510785587161944,0.6175
0.13510788248600236,0.6176
0.13510791059205562,0.6177
0.13510794013296268,0.6178
0.1351079710494728,0.6179
0.1351080032800187,0.618
0.1351080367608376,0.6181
0.1351080714260957,0.6182000000000001
0.1351081072080168,0.6183000000000001
0.135108144037013,0.6184000000000001
0.13510818184181894,0.6185
0.135108220549629,0.6186
0.13510826008623544,0.6187
0.13510830037617017,0.6188
0.13510834134284777,0.6189
0.1351083829087092,0.619
0.13510842499536846,0.6191
0.1351084675237587,0.6192000000000001
0.13510851041428007,0.6193000000000001
0.1351085535869475,0.6194000000000001
0.13510859696153876,0.6195
0.13510864045774285,0.6196
0.13510868399530718,0.6197
0.1351087274941849,0.6198
0.1351087708746812,0.6199
0.135108814057598,0.62
0.1351088569643779,0.6201
0.13510889951724558,0.6202000000000001
0.13510894163934806,0.6203000000000001
0.13510898325489262,0.6204000000000001
0.13510902428928195,0.6205
0.13510906466924666,0.6206
0.1351091043229753,0.6207
0.13510914318024114,0.6208
0.1351091811725249,0.6209
0.13510921823313526,0.621
0.13510925429732412,0.6211
0.13510928930239885,0.6212
0.1351093231878302,0.6213000000000001
0.13510935589535555,0.6214000000000001
0.13510938736907818,0.6215
0.13510941755556127,0.6216
0.1351094464039173,0.6217
0.13510947386589256,0.6218
0.13510949989594645,0.6219
0.13510952445132574,0.622
0.1351095474921329,0.6221
0.13510956898138926,0.6222
0.13510958888509306,0.6223000000000001
0.13510960717227127,0.6224000000000001
0.13510962381502567,0.6225
0.13510963878857307,0.6226
0.13510965207128056,0.6227
0.13510966364469346,0.6228
0.13510967349355862,0.6229
0.1351096816058408,0.623
0.1351096879727336,0.6231
0.13510969258866445,0.6232
0.1351096954512937,0.6233000000000001
0.13510969656150695,0.6234000000000001
0.13510969592340305,0.6235
0.1351096935442746,0.6236
0.13510968943458346,0.6237
0.1351096836079313,0.6238
0.13510967608102253,0.6239
0.13510966687362358,0.624
0.13510965600851588,0.6241
0.13510964351144295,0.6242
0.13510962941105353,0.6243000000000001
0.13510961373883856,0.6244000000000001
0.1351095965290633,0.6245
0.13510957781869493,0.6246
0.13510955764732535,0.6247
0.1351095360570893,0.6248
0.13510951309257824,0.6249
0.13510948880074947,0.625
0.13510946323083228,0.6251
0.13510943643422968,0.6252
0.13510940846441588,0.6253000000000001
0.13510937937683132,0.6254000000000001
0.13510934922877438,0.6255000000000001
0.13510931807928894,0.6256
0.1351092859890507,0.6257
0.13510925302024956,0.6258
0.13510921923647046,0.6259
0.13510918470257172,0.626
0.13510914948456176,0.6261
0.13510911364947342,0.6262
0.1351090772652379,0.6263000000000001
0.13510904040055693,0.6264000000000001
0.13510900312477314,0.6265000000000001
0.13510896550774176,0.6266
0.13510892761969961,0.6267
0.13510888953113542,0.6268
0.13510885131265937,0.6269
0.135108813034873,0.627
0.13510877476823968,0.6271
0.13510873658295586,0.6272
0.13510869854882301,0.6273000000000001
0.13510866073512084,0.6274000000000001
0.135108623210482,0.6275000000000001
0.13510858604276832,0.6276
0.13510854929894922,0.6277
0.13510851304498117,0.6278
0.13510847734569098,0.6279
0.13510844226466034,0.628
0.13510840786411327,0.6281
0.13510837420480704,0.6282
0.13510834134592564,0.6283000000000001
0.1351083093449763,0.6284000000000001
0.13510827825769034,0.6285000000000001
0.13510824813792666,0.6286
0.13510821903757964,0.6287
0.1351081910064904,0.6288
0.13510816409236304,0.6289
0.13510813834068425,0.629
0.13510811379464727,0.6291
0.1351080904950811,0.6292
0.13510806848038381,0.6293000000000001
0.13510804778646024,0.6294000000000001
0.13510802844666503,0.6295000000000001
0.13510801049175036,0.6296
0.13510799394981854,0.6297
0.13510797884627967,0.6298
0.13510796520381452,0.6299
0.13510795304234258,0.63
0.1351079423789947,0.6301
0.13510793322809211,0.6302
0.13510792560112939,0.6303000000000001
0.1351079195067636,0.6304000000000001
0.13510791495080832,0.6305000000000001
0.13510791193623295,0.6306
0.13510791046316717,0.6307
0.13510791052891058,0.6308
0.13510791212794804,0.6309
0.13510791525196897,0.631
0.13510791988989312,0.6311
0.13510792602790034,0.6312
0.13510793364946538,0.6313000000000001
0.13510794273539817,0.6314000000000001
0.13510795326388791,0.6315000000000001
0.13510796521055257,0.6316
0.135107978548493,0.6317
0.13510799324835054,0.6318
0.13510800927836986,0.6319
0.13510802660446575,0.632
0.13510804519029374,0.6321
0.13510806499732464,0.6322
0.1351080859849232,0.6323000000000001
0.13510810811042995,0.6324000000000001
0.13510813132924682,0.6325000000000001
0.13510815559492517,0.6326
0.13510818085925846,0.6327
0.13510820707237636,0.6328
0.1351082341828419,0.6329
0.13510826213775207,0.633
0.1351082908828396,0.6331
0.13510832036257725,0.6332
0.1351083505202847,0.6333000000000001
0.13510838129823577,0.6334000000000001
0.13510841263776896,0.6335000000000001
0.13510844447939785,0.6336
0.13510847676292315,0.6337
0.13510850942754604,0.6338
0.13510854241198145,0.6339
0.13510857565457246,0.634
0.1351086090934046,0.6341
0.13510864266642075,0.6342
0.1351086763115349,0.6343
0.13510870996674684,0.6344000000000001
0.13510874357025515,0.6345000000000001
0.13510877706057012,0.6346
0.13510881037662548,0.6347
0.13510884345788876,0.6348
0.135108876244471,0.6349
0.1351089086772338,0.635
0.13510894069789559,0.6351
0.13510897224913532,0.6352
0.13510900327469455,0.6353
0.13510903371947658,0.6354000000000001
0.1351090635296438,0.6355000000000001
0.13510909265271198,0.6356
0.13510912103764172,0.6357
0.13510914863492696,0.6358
0.135109175396681,0.6359
0.13510920127671788,0.636
0.1351092262306317,0.6361
0.1351092502158716,0.6362
0.13510927319181365,0.6363
0.13510929511982828,0.6364000000000001
0.13510931596334452,0.6365000000000001
0.13510933568790928,0.6366
0.13510935426124404,0.6367
0.13510937165329573,0.6368
0.13510938783628446,0.6369
0.13510940278474615,0.637
0.13510941647557184,0.6371
0.135109428888041,0.6372
0.13510944000385183,0.6373
0.13510944980714612,0.6374000000000001
0.13510945828452958,0.6375000000000001
0.13510946542508862,0.6376000000000001
0.1351094712204004,0.6377
0.1351094756645408,0.6378
0.13510947875408585,0.6379
0.13510948048810933,0.638
0.1351094808681763,0.6381
0.13510947989833044,0.6382
0.13510947758507907,0.6383
0.13510947393737205,0.6384000000000001
0.13510946896657672,0.6385000000000001
0.13510946268644897,0.6386000000000001
0.13510945511309913,0.6387
0.1351094462649548,0.6388
0.13510943616271853,0.6389
0.13510942482932187,0.639
0.1351094122898756,0.6391
0.13510939857161608,0.6392
0.13510938370384795,0.6393
0.13510936771788262,0.6394000000000001
0.13510935064697438,0.6395000000000001
0.13510933252625223,0.6396000000000001
0.13510931339264898,0.6397
0.13510929328482724,0.6398
0.1351092722431021,0.6399
0.13510925030936205,0.64
0.13510922752698573,0.6401
0.13510920394075765,0.6402
0.13510917959678104,0.6403
0.1351091545423886,0.6404000000000001
0.13510912882605108,0.6405000000000001
0.1351091024972848,0.6406000000000001
0.13510907560655672,0.6407
0.13510904820518865,0.6408
0.13510902034526018,0.6409
0.13510899207951,0.641
0.13510896346123735,0.6411
0.13510893454420203,0.6412
0.13510890538252385,0.6413
0.13510887603058264,0.6414000000000001
0.13510884654291655,0.6415000000000001
0.13510881697412258,0.6416000000000001
0.1351087873787552,0.6417
0.13510875781122678,0.6418
0.13510872832570808,0.6419
0.13510869897603006,0.642
0.13510866981558545,0.6421
0.13510864089723307,0.6422
0.13510861227320214,0.6423
0.13510858399499892,0.6424000000000001
0.13510855611331452,0.6425000000000001
0.13510852867793488,0.6426000000000001
0.1351085017376521,0.6427
0.1351084753401791,0.6428
0.13510844953206502,0.6429
0.13510842435861437,0.643
0.13510839986380807,0.6431
0.1351083760902272,0.6432
0.13510835307898006,0.6433
0.13510833086963148,0.6434000000000001
0.13510830950013586,0.6435000000000001
0.13510828900677307,0.6436000000000001
0.1351082694240877,0.6437
0.1351082507848318,0.6438
0.13510823311991083,0.6439
0.1351082164583336,0.644
0.13510820082716546,0.6441
0.1351081862514859,0.6442
0.13510817275434883,0.6443
0.13510816035674778,0.6444000000000001
0.1351081490775845,0.6445000000000001
0.13510813893364138,0.6446000000000001
0.13510812993955856,0.6447
0.1351081221078141,0.6448
0.1351081154487087,0.6449
0.13510810997035483,0.645
0.13510810567866904,0.6451
0.13510810257736916,0.6452
0.13510810066797485,0.6453
0.135108099949813,0.6454000000000001
0.13510810042002597,0.6455000000000001
0.13510810207358515,0.6456000000000001
0.1351081049033077,0.6457
0.1351081088998768,0.6458
0.13510811405186696,0.6459
0.1351081203457717,0.646
0.1351081277660363,0.6461
0.135108136295093,0.6462
0.1351081459134008,0.6463
0.1351081565994876,0.6464000000000001
0.13510816832999728,0.6465000000000001
0.13510818107973843,0.6466000000000001
0.1351081948217372,0.6467
0.1351082095272934,0.6468
0.13510822516603904,0.6469
0.13510824170599967,0.647
0.1351082591136592,0.6471
0.1351082773540263,0.6472
0.13510829639070432,0.6473
0.13510831618596275,0.6474000000000001
0.13510833670081113,0.6475000000000001
0.13510835789507503,0.6476000000000001
0.13510837972747414,0.6477
0.13510840215570175,0.6478
0.1351084251365059,0.6479
0.13510844862577254,0.648
0.1351084725786087,0.6481
0.1351084969494286,0.6482
0.1351085216920389,0.6483
0.13510854675972628,0.6484
0.13510857210534433,0.6485000000000001
0.13510859768140204,0.6486000000000001
0.1351086234401523,0.6487
0.13510864933367994,0.6488
0.1351086753139904,0.6489
0.1351087013330986,0.649
0.13510872734311596,0.6491
0.1351087532963391,0.6492
0.1351087791453358,0.6493
0.13510880484303156,0.6494
0.13510883034279453,0.6495000000000001
0.1351088555985196,0.6496000000000001
0.1351088805647116,0.6497
0.1351089051965655,0.6498
0.1351089294500475,0.6499
0.13510895328197225,0.65
0.1351089766500796,0.6501
0.13510899951310862,0.6502
0.13510902183086992,0.6503
0.13510904356431563,0.6504
0.13510906467560713,0.6505000000000001
0.1351090851281802,0.6506000000000001
0.13510910488680727,0.6507000000000001
0.13510912391765828,0.6508
0.1351091421883569,0.6509
0.13510915966803538,0.651
0.13510917632738573,0.6511
0.1351091921387081,0.6512
0.13510920707595597,0.6513
0.1351092211147782,0.6514
0.13510923423255738,0.6515000000000001
0.13510924640844613,0.6516000000000001
0.1351092576233982,0.6517000000000001
0.13510926786019772,0.6518
0.13510927710348408,0.6519
0.13510928533977373,0.652
0.1351092925574786,0.6521
0.13510929874692001,0.6522
0.13510930390034082,0.6523
0.1351093080119118,0.6524
0.1351093110777365,0.6525000000000001
0.13510931309585095,0.6526000000000001
0.13510931406622095,0.6527000000000001
0.13510931399073545,0.6528
0.13510931287319572,0.6529
0.13510931071930243,0.653
0.1351093075366382,0.6531
0.13510930333464688,0.6532
0.13510929812461037,0.6533
0.13510929191962062,0.6534
0.13510928473455008,0.6535000000000001
0.13510927658601757,0.6536000000000001
0.1351092674923522,0.6537000000000001
0.1351092574735533,0.6538
0.135109246551248,0.6539
0.1351092347486461,0.654
0.1351092220904917,0.6541
0.13510920860301245,0.6542
0.13510919431386625,0.6543
0.13510917925208543,0.6544
0.13510916344801904,0.6545000000000001
0.1351091469332717,0.6546000000000001
0.13510912974064226,0.6547000000000001
0.1351091119040586,0.6548
0.13510909345851196,0.6549
0.13510907443998854,0.655
0.13510905488540026,0.6551
0.1351090348325138,0.6552
0.13510901431987832,0.6553
0.13510899338675153,0.6554
0.13510897207302586,0.6555000000000001
0.13510895041915238,0.6556000000000001
0.13510892846606504,0.6557000000000001
0.13510890625510352,0.6558
0.1351088838279364,0.6559
0.1351088612264829,0.656
0.13510883849283561,0.6561
0.13510881566918242,0.6562
0.13510879279772836,0.6563
0.13510876992061893,0.6564
0.1351087470798623,0.6565000000000001
0.13510872431725263,0.6566000000000001
0.13510870167429467,0.6567000000000001
0.1351086791921281,0.6568
0.13510865691145313,0.6569
0.13510863487245817,0.657
0.13510861311474687,0.6571
0.13510859167726819,0.6572
0.13510857059824677,0.6573
0.13510854991511545,0.6574
0.13510852966444942,0.6575000000000001
0.13510850988190182,0.6576000000000001
0.13510849060214203,0.6577000000000001
0.1351084718587947,0.6578
0.1351084536843825,0.6579
0.13510843611026968,0.658
0.13510841916660887,0.6581
0.13510840288228987,0.6582
0.13510838728489094,0.6583
0.13510837240063311,0.6584
0.1351083582543363,0.6585000000000001
0.13510834486937928,0.6586000000000001
0.13510833226766117,0.6587000000000001
0.1351083204695669,0.6588
0.13510830949393482,0.6589
0.1351082993580277,0.659
0.13510829007750658,0.6591
0.13510828166640743,0.6592
0.13510827413712123,0.6593
0.13510826750037708,0.6594
0.13510826176522817,0.6595000000000001
0.13510825693904127,0.6596000000000001
0.13510825302748852,0.6597000000000001
0.13510825003454396,0.6598
0.13510824796248122,0.6599
0.13510824681187572,0.66
0.13510824658161003,0.6601
0.1351082472688807,0.6602
0.1351082488692107,0.6603
0.13510825137646232,0.6604
0.13510825478285504,0.6605000000000001
0.13510825907898527,0.6606000000000001
0.13510826425384936,0.6607000000000001
0.13510827029486938,0.6608
0.1351082771879215,0.6609
0.13510828491736815,0.661
0.1351082934660911,0.6611
0.13510830281552832,0.6612
0.13510831294571357,0.6613
0.13510832383531757,0.6614
0.13510833546169188,0.6615
0.1351083478009154,0.6616000000000001
0.1351083608278425,0.6617000000000001
0.13510837451615365,0.6618
0.13510838883840748,0.6619
0.13510840376609579,0.662
0.13510841926969874,0.6621
0.1351084353187434,0.6622
0.13510845188186238,0.6623
0.1351084689268549,0.6624
0.13510848642074869,0.6625
0.13510850432986332,0.6626000000000001
0.13510852261987438,0.6627000000000001
0.1351085412558788,0.6628000000000001
0.13510856020246065,0.6629
0.13510857942375865,0.663
0.13510859888353277,0.6631
0.1351086185452326,0.6632
0.1351086383720651,0.6633
0.13510865832706342,0.6634
0.13510867837315477,0.6635
0.1351086984732297,0.6636000000000001
0.13510871859020923,0.6637000000000001
0.13510873868711382,0.6638000000000001
0.13510875872713013,0.6639
0.13510877867367843,0.664
0.13510879849047885,0.6641
0.13510881814161668,0.6642
0.13510883759160708,0.6643
0.13510885680545914,0.6644
0.13510887574873742,0.6645
0.1351088943876242,0.6646000000000001
0.13510891268897884,0.6647000000000001
0.13510893062039597,0.6648000000000001
0.1351089481502633,0.6649
0.13510896524781568,0.665
0.13510898188318954,0.6651
0.135108998027474,0.6652
0.13510901365276085,0.6653
0.1351090287321921,0.6654
0.1351090432400055,0.6655
0.1351090571515784,0.6656000000000001
0.13510907044346832,0.6657000000000001
0.13510908309345238,0.6658000000000001
0.13510909508056357,0.6659
0.13510910638512463,0.666
0.13510911698878003,0.6661
0.13510912687452503,0.6662
0.13510913602673147,0.6663
0.1351091444311726,0.6664
0.1351091520750437,0.6665
0.1351091589469804,0.6666000000000001
0.13510916503707515,0.6667000000000001
0.13510917033688985,0.6668000000000001
0.13510917483946616,0.6669
0.13510917853933346,0.667
0.13510918143251305,0.6671
0.13510918351652101,0.6672
0.13510918479036693,0.6673
0.13510918525455085,0.6674
0.1351091849110566,0.6675
0.1351091837633438,0.6676000000000001
0.1351091818163357,0.6677000000000001
0.13510917907640507,0.6678000000000001
0.13510917555135782,0.6679
0.13510917125041333,0.668
0.13510916618418256,0.6681
0.13510916036464393,0.6682
0.13510915380511646,0.6683
0.13510914652023054,0.6684
0.13510913852589668,0.6685
0.1351091298392717,0.6686000000000001
0.1351091204787227,0.6687000000000001
0.1351091104637897,0.6688000000000001
0.13510909981514496,0.6689
0.1351090885545515,0.669
0.13510907670481953,0.6691
0.13510906428976033,0.6692
0.13510905133413953,0.6693
0.13510903786362827,0.6694
0.13510902390475255,0.6695
0.13510900948484195,0.6696000000000001
0.13510899463197656,0.6697000000000001
0.13510897937493294,0.6698000000000001
0.13510896374312842,0.6699
0.13510894776656535,0.67
0.13510893147577363,0.6701
0.13510891490175336,0.6702
0.13510889807591553,0.6703
0.1351088810300235,0.6704
0.13510886379613352,0.6705
0.1351088464065342,0.6706000000000001
0.13510882889368736,0.6707000000000001
0.13510881129016716,0.6708000000000001
0.13510879362859995,0.6709
0.13510877594160475,0.671
0.13510875826173285,0.6711
0.13510874062140843,0.6712
0.13510872305286958,0.6713
0.13510870558810983,0.6714
0.13510868825882016,0.6715
0.13510867109633184,0.6716000000000001
0.13510865413156026,0.6717000000000001
0.13510863739494994,0.6718000000000001
0.1351086209164195,0.6719
0.1351086047253095,0.672
0.13510858885033006,0.6721
0.13510857331951054,0.6722
0.13510855816015033,0.6723
0.13510854339877132,0.6724
0.1351085290610723,0.6725
0.13510851517188438,0.6726000000000001
0.13510850175512812,0.6727000000000001
0.13510848883377335,0.6728000000000001
0.1351084764298004,0.6729
0.13510846456416248,0.673
0.1351084532567518,0.6731
0.13510844252636578,0.6732
0.13510843239067716,0.6733
0.13510842286620517,0.6734
0.13510841396828943,0.6735
0.13510840571106553,0.6736000000000001
0.13510839810744368,0.6737000000000001
0.13510839116908924,0.6738000000000001
0.13510838490640564,0.6739
0.1351083793285195,0.674
0.13510837444326884,0.6741
0.1351083702571927,0.6742
0.13510836677552396,0.6743
0.1351083640021843,0.6744
0.1351083619397816,0.6745
0.1351083605896095,0.6746
0.13510835995165016,0.6747000000000001
0.13510836002457838,0.6748000000000001
0.13510836080576893,0.6749
0.13510836229130574,0.675
0.13510836447599384,0.6751
0.13510836735337306,0.6752
0.1351083709157347,0.6753
0.13510837515413965,0.6754
0.1351083800584395,0.6755
0.13510838561729932,0.6756
0.1351083918182222,0.6757000000000001
0.13510839864757695,0.6758000000000001
0.13510840609062658,0.6759000000000001
0.1351084141315596,0.676
0.13510842275352242,0.6761
0.13510843193865407,0.6762
0.13510844166812297,0.6763
0.13510845192216414,0.6764
0.13510846268011922,0.6765
0.13510847392047753,0.6766
0.13510848562091837,0.6767000000000001
0.13510849775835498,0.6768000000000001
0.1351085103089794,0.6769000000000001
0.1351085232483087,0.677
0.13510853655123278,0.6771
0.13510855019206192,0.6772
0.1351085641445764,0.6773
0.13510857838207646,0.6774
0.13510859287743293,0.6775
0.13510860760313848,0.6776
0.13510862253135936,0.6777000000000001
0.13510863763398784,0.6778000000000001
0.1351086528826947,0.6779000000000001
0.13510866824898193,0.678
0.13510868370423545,0.6781
0.13510869921977853,0.6782
0.135108714766924,0.6783
0.13510873031702753,0.6784
0.13510874584153953,0.6785
0.13510876131205785,0.6786
0.13510877670037846,0.6787000000000001
0.13510879197854753,0.6788000000000001
0.13510880711891116,0.6789000000000001
0.1351088220941652,0.679
0.1351088368774045,0.6791
0.13510885144217033,0.6792
0.1351088657624977,0.6793
0.1351088798129615,0.6794
0.13510889356872058,0.6795
0.135108907005562,0.6796
0.1351089200999428,0.6797000000000001
0.13510893282903114,0.6798000000000001
0.13510894517074568,0.6799000000000001
0.1351089571037929,0.68
0.1351089686077045,0.6801
0.13510897966287116,0.6802
0.13510899025057577,0.6803
0.13510900035302487,0.6804
0.1351090099533777,0.6805
0.1351090190357742,0.6806
0.13510902758536036,0.6807000000000001
0.1351090355883119,0.6808000000000001
0.13510904303185622,0.6809000000000001
0.1351090499042924,0.681
0.13510905619500813,0.6811
0.13510906189449634,0.6812
0.13510906699436798,0.6813
0.13510907148736395,0.6814
0.13510907536736427,0.6815
0.13510907862939558,0.6816
0.13510908126963572,0.6817000000000001
0.1351090832854175,0.6818000000000001
0.13510908467522875,0.6819000000000001
0.13510908543871158,0.682
0.1351090855766588,0.6821
0.13510908509100827,0.6822
0.1351090839848358,0.6823
0.1351090822623452,0.6824
0.13510907992885646,0.6825
0.13510907699079266,0.6826
0.13510907345566348,0.6827000000000001
0.13510906933204847,0.6828000000000001
0.13510906462957684,0.6829000000000001
0.13510905935890694,0.683
0.135109053531702,0.6831
0.13510904716060634,0.6832
0.13510904025921777,0.6833
0.1351090328420601,0.6834
0.13510902492455268,0.6835
0.13510901652297913,0.6836
0.13510900765445466,0.6837000000000001
0.13510899833689138,0.6838000000000001
0.1351089885889628,0.6839000000000001
0.13510897843006697,0.684
0.13510896788028837,0.6841
0.13510895696035852,0.6842
0.13510894569161547,0.6843
0.13510893409596292,0.6844
0.13510892219582804,0.6845
0.13510891001411807,0.6846
0.13510889757417688,0.6847000000000001
0.1351088848997406,0.6848000000000001
0.1351088720148924,0.6849000000000001
0.1351088589440178,0.685
0.13510884571175785,0.6851
0.13510883234296378,0.6852
0.13510881886265036,0.6853
0.13510880529594937,0.6854
0.13510879166806322,0.6855
0.13510877800421828,0.6856
0.1351087643296187,0.6857000000000001
0.13510875066939987,0.6858000000000001
0.13510873704858306,0.6859000000000001
0.13510872349202951,0.686
0.13510871002439517,0.6861
0.13510869667008685,0.6862
0.13510868345321758,0.6863
0.1351086703975638,0.6864
0.13510865752652268,0.6865
0.13510864486307073,0.6866
0.13510863242972293,0.6867000000000001
0.13510862024849302,0.6868000000000001
0.13510860834085492,0.6869000000000001
0.13510859672770514,0.687
0.13510858542932647,0.6871
0.13510857446535296,0.6872
0.13510856385473602,0.6873
0.13510855361571228,0.6874
0.1351085437657723,0.6875
0.13510853432163117,0.6876
0.1351085252992007,0.6877
0.13510851671356305,0.6878000000000001
0.13510850857894552,0.6879000000000001
0.13510850090869808,0.6880000000000001
0.13510849371527145,0.6881
0.1351084870101975,0.6882
0.13510848080407145,0.6883
0.13510847510653556,0.6884
0.1351084699262648,0.6885
0.13510846527095455,0.6886
0.13510846114730934,0.6887
0.13510845756103473,0.6888000000000001
0.13510845451682962,0.6889000000000001
0.13510845201838195,0.6890000000000001
0.13510845006836458,0.6891
0.13510844866843486,0.6892
0.13510844781923437,0.6893
0.13510844752039175,0.6894
0.13510844777052677,0.6895
0.13510844856725657,0.6896
0.13510844990720328,0.6897
0.13510845178600372,0.6898000000000001
0.13510845419832151,0.6899000000000001
0.13510845713785913,0.6900000000000001
0.13510846059737402,0.6901
0.1351084645686942,0.6902
0.13510846904273743,0.6903
0.1351084740095302,0.6904
0.1351084794582298,0.6905
0.13510848537714704,0.6906
0.1351084917537707,0.6907
0.13510849857479335,0.6908000000000001
0.13510850582613854,0.6909000000000001
0.13510851349298947,0.6910000000000001
0.13510852155981845,0.6911
0.13510853001041834,0.6912
0.1351085388279345,0.6913
0.1351085479948978,0.6914
0.13510855749325912,0.6915
0.13510856730442433,0.6916
0.1351085774092904,0.6917
0.13510858778828227,0.6918000000000001
0.13510859842139045,0.6919000000000001
0.1351086092882089,0.6920000000000001
0.13510862036797455,0.6921
0.13510863163960618,0.6922
0.1351086430817443,0.6923
0.13510865467279132,0.6924
0.1351086663909521,0.6925
0.13510867821427486,0.6926
0.13510869012069127,0.6927
0.13510870208805836,0.6928000000000001
0.13510871409419856,0.6929000000000001
0.13510872611694102,0.6930000000000001
0.13510873813416224,0.6931
0.13510875012382617,0.6932
0.13510876206402478,0.6933
0.13510877393301746,0.6934
0.13510878570927054,0.6935
0.13510879737149606,0.6936
0.13510880889869004,0.6937
0.13510882027016957,0.6938000000000001
0.13510883146561037,0.6939000000000001
0.13510884246508237,0.6940000000000001
0.13510885324908495,0.6941
0.13510886379858134,0.6942
0.1351088740950317,0.6943
0.13510888412042588,0.6944
0.13510889385731384,0.6945
0.13510890328883662,0.6946
0.13510891239875467,0.6947
0.13510892117147522,0.6948000000000001
0.13510892959207932,0.6949000000000001
0.13510893764634657,0.6950000000000001
0.13510894532077833,0.6951
0.1351089526026208,0.6952
0.1351089594798851,0.6953
0.1351089659413668,0.6954
0.13510897197666405,0.6955
0.13510897757619356,0.6956
0.13510898273120497,0.6957
0.13510898743379485,0.6958000000000001
0.13510899167691748,0.6959000000000001
0.13510899545439525,0.6960000000000001
0.13510899876092664,0.6961
0.13510900159209316,0.6962
0.13510900394436387,0.6963
0.13510900581509955,0.6964
0.1351090072025537,0.6965
0.1351090081058729,0.6966
0.13510900852509533,0.6967
0.13510900846114737,0.6968000000000001
0.13510900791583913,0.6969000000000001
0.13510900689185745,0.6970000000000001
0.1351090053927586,0.6971
0.13510900342295817,0.6972
0.13510900098772016,0.6973
0.13510899809314458,0.6974
0.1351089947461528,0.6975
0.13510899095447237,0.6976
0.13510898672661997,0.6977
0.13510898207188293,0.6978000000000001
0.13510897700029945,0.6979000000000001
0.13510897152263768,0.6980000000000001
0.13510896565037345,0.6981
0.13510895939566625,0.6982
0.13510895277133528,0.6983
0.1351089457908332,0.6984
0.13510893846821892,0.6985
0.13510893081813036,0.6986
0.13510892285575493,0.6987
0.1351089145968003,0.6988000000000001
0.13510890605746306,0.6989000000000001
0.13510889725439812,0.6990000000000001
0.1351088882046858,0.6991
0.13510887892579926,0.6992
0.13510886943557143,0.6993
0.13510885975216014,0.6994
0.13510884989401473,0.6995
0.13510883987984024,0.6996
0.13510882972856275,0.6997
0.13510881945929365,0.6998000000000001
0.13510880909129397,0.6999000000000001
0.13510879864393843,0.7000000000000001
0.1351087881366798,0.7001000000000001
0.13510877758901219,0.7002
0.13510876702043606,0.7003
0.13510875645042175,0.7004
0.13510874589837396,0.7005
0.13510873538359647,0.7006
0.13510872492525738,0.7007
0.13510871454235374,0.7008
0.1351087042536776,0.7009000000000001
0.13510869407778225,0.7010000000000001
0.13510868403294918,0.7011000000000001
0.13510867413715522,0.7012
0.13510866440804048,0.7013
0.1351086548628776,0.7014
0.13510864551854096,0.7015
0.1351086363914774,0.7016
0.13510862749767716,0.7017
0.13510861885264636,0.7018
0.13510861047138023,0.7019000000000001
0.13510860236833744,0.7020000000000001
0.1351085945574153,0.7021000000000001
0.1351085870519263,0.7022
0.13510857986457547,0.7023
0.13510857300743984,0.7024
0.13510856649194758,0.7025
0.1351085603288601,0.7026
0.1351085545282541,0.7027
0.13510854909950587,0.7028
0.13510854405127615,0.7029000000000001
0.13510853939149703,0.7030000000000001
0.13510853512735976,0.7031000000000001
0.13510853126530442,0.7032
0.13510852781101024,0.7033
0.1351085247693884,0.7034
0.13510852214457525,0.7035
0.13510851993992778,0.7036
0.13510851815802005,0.7037
0.13510851680064118,0.7038
0.1351085158687948,0.7039000000000001
0.13510851536269997,0.7040000000000001
0.13510851528179368,0.7041000000000001
0.13510851562473436,0.7042
0.13510851638940746,0.7043
0.13510851757293152,0.7044
0.13510851917166655,0.7045
0.1351085211812233,0.7046
0.13510852359647385,0.7047
0.13510852641156357,0.7048
0.1351085296199247,0.7049000000000001
0.13510853321429062,0.7050000000000001
0.13510853718671145,0.7051000000000001
0.13510854152857177,0.7052
0.13510854623060786,0.7053
0.13510855128292776,0.7054
0.1351085566750312,0.7055
0.13510856239583102,0.7056
0.1351085684336757,0.7057
0.13510857477637261,0.7058
0.1351085814112124,0.7059000000000001
0.13510858832499406,0.7060000000000001
0.13510859550405108,0.7061000000000001
0.13510860293427773,0.7062
0.13510861060115675,0.7063
0.13510861848978772,0.7064
0.1351086265849153,0.7065
0.13510863487095837,0.7066
0.13510864333204042,0.7067
0.13510865195201927,0.7068
0.13510866071451744,0.7069000000000001
0.13510866960295365,0.7070000000000001
0.1351086786005733,0.7071000000000001
0.13510868769048023,0.7072
0.1351086968556683,0.7073
0.13510870607905257,0.7074
0.13510871534350122,0.7075
0.1351087246318673,0.7076
0.13510873392701983,0.7077
0.1351087432118755,0.7078
0.13510875246942988,0.7079000000000001
0.13510876168278796,0.7080000000000001
0.13510877083519546,0.7081000000000001
0.13510877991006842,0.7082
0.13510878889102318,0.7083
0.1351087977619062,0.7084
0.13510880650682233,0.7085
0.13510881511016337,0.7086
0.13510882355663567,0.7087
0.13510883183128697,0.7088
0.13510883991953293,0.7089000000000001
0.13510884780718224,0.7090000000000001
0.1351088554804616,0.7091000000000001
0.1351088629260393,0.7092
0.13510887013104833,0.7093
0.13510887708310826,0.7094
0.13510888377034613,0.7095
0.1351088901814168,0.7096
0.1351088963055217,0.7097
0.13510890213242654,0.7098
0.13510890765247852,0.7099000000000001
0.13510891285662185,0.7100000000000001
0.1351089177364122,0.7101000000000001
0.13510892228402993,0.7102
0.13510892649229278,0.7103
0.1351089303546661,0.7104
0.13510893386527312,0.7105
0.13510893701890314,0.7106
0.135108939811019,0.7107
0.13510894223776304,0.7108
0.1351089442959612,0.7109000000000001
0.13510894598312728,0.7110000000000001
0.1351089472974648,0.7111000000000001
0.13510894823786757,0.7112
0.13510894880391966,0.7113
0.13510894899589365,0.7114
0.13510894881474766,0.7115
0.13510894826212128,0.7116
0.1351089473403303,0.7117
0.13510894605235957,0.7118
0.13510894440185572,0.7119000000000001
0.135108942393118,0.7120000000000001
0.13510894003108798,0.7121000000000001
0.13510893732133833,0.7122
0.13510893427006054,0.7123
0.13510893088405107,0.7124
0.13510892717069678,0.7125
0.13510892313795964,0.7126
0.13510891879435993,0.7127
0.13510891414895854,0.7128
0.13510890921133833,0.7129000000000001
0.13510890399158537,0.7130000000000001
0.13510889850026775,0.7131000000000001
0.1351088927484152,0.7132000000000001
0.135108886747497,0.7133
0.1351088805093993,0.7134
0.13510887404640182,0.7135
0.13510886737115424,0.7136
0.1351088604966515,0.7137
0.1351088534362085,0.7138
0.13510884620343488,0.7139
0.13510883881220903,0.7140000000000001
0.13510883127665152,0.7141000000000001
0.135108823611098,0.7142000000000001
0.13510881583007306,0.7143
0.13510880794826186,0.7144
0.13510879998048342,0.7145
0.1351087919416626,0.7146
0.13510878384680214,0.7147
0.13510877571095548,0.7148
0.13510876754919798,0.7149
0.1351087593766005,0.7150000000000001
0.13510875120820032,0.7151000000000001
0.1351087430589747,0.7152000000000001
0.13510873494381326,0.7153
0.13510872687749087,0.7154
0.13510871887464082,0.7155
0.13510871094972898,0.7156
0.13510870311702727,0.7157
0.13510869539058856,0.7158
0.13510868778422125,0.7159
0.13510868031146517,0.7160000000000001
0.13510867298556728,0.7161000000000001
0.1351086658194589,0.7162000000000001
0.13510865882573242,0.7163
0.13510865201662015,0.7164
0.13510864540397216,0.7165
0.13510863899923697,0.7166
0.135108632813441,0.7167
0.1351086268571703,0.7168
0.13510862114055266,0.7169
0.13510861567324062,0.7170000000000001
0.13510861046439493,0.7171000000000001
0.13510860552267023,0.7172000000000001
0.13510860085620047,0.7173
0.13510859647258577,0.7174
0.13510859237888073,0.7175
0.1351085885815828,0.7176
0.13510858508662293,0.7177
0.13510858189935615,0.7178
0.1351085790245543,0.7179
0.13510857646639862,0.7180000000000001
0.1351085742284749,0.7181000000000001
0.13510857231376827,0.7182000000000001
0.13510857072466043,0.7183
0.13510856946292704,0.7184
0.13510856852973663,0.7185
0.13510856792565074,0.7186
0.13510856765062484,0.7187
0.1351085677040107,0.7188
0.1351085680845595,0.7189
0.13510856879042632,0.7190000000000001
0.13510856981917563,0.7191000000000001
0.13510857116778807,0.7192000000000001
0.1351085728326673,0.7193
0.13510857480964966,0.7194
0.13510857709401292,0.7195
0.13510857968048728,0.7196
0.13510858256326708,0.7197
0.13510858573602302,0.7198
0.13510858919191582,0.7199
0.13510859292361066,0.7200000000000001
0.1351085969232919,0.7201000000000001
0.13510860118267987,0.7202000000000001
0.13510860569304695,0.7203
0.13510861044523548,0.7204
0.13510861542967634,0.7205
0.1351086206364075,0.7206
0.13510862605509377,0.7207
0.13510863167504727,0.7208
0.13510863748524837,0.7209
0.13510864347436657,0.7210000000000001
0.13510864963078295,0.7211000000000001
0.13510865594261223,0.7212000000000001
0.13510866239772534,0.7213
0.13510866898377316,0.7214
0.13510867568820906,0.7215
0.13510868249831354,0.7216
0.13510868940121756,0.7217
0.13510869638392675,0.7218
0.1351087034333459,0.7219
0.13510871053630336,0.7220000000000001
0.13510871767957533,0.7221000000000001
0.13510872484991032,0.7222000000000001
0.1351087320340537,0.7223
0.13510873921877176,0.7224
0.13510874639087644,0.7225
0.1351087535372486,0.7226
0.13510876064486277,0.7227
0.13510876770081004,0.7228
0.1351087746923214,0.7229
0.13510878160679118,0.7230000000000001
0.13510878843179908,0.7231000000000001
0.13510879515513252,0.7232000000000001
0.13510880176480844,0.7233
0.1351088082490941,0.7234
0.13510881459652835,0.7235
0.1351088207959411,0.7236
0.13510882683647318,0.7237
0.135108832707595,0.7238
0.1351088383991249,0.7239
0.13510884390124633,0.7240000000000001
0.13510884920452493,0.7241000000000001
0.13510885429992414,0.7242000000000001
0.13510885917882076,0.7243
0.13510886383301912,0.7244
0.13510886825476442,0.7245
0.13510887243675607,0.7246
0.13510887637215863,0.7247
0.13510888005461352,0.7248
0.13510888347824856,0.7249
0.13510888663768683,0.7250000000000001
0.13510888952805578,0.7251000000000001
0.1351088921449931,0.7252000000000001
0.13510889448465402,0.7253000000000001
0.13510889654371594,0.7254
0.1351088983193829,0.7255
0.13510889980938878,0.7256
0.1351089010119999,0.7257
0.13510890192601588,0.7258
0.13510890255077035,0.7259
0.13510890288612987,0.7260000000000001
0.1351089029324931,0.7261000000000001
0.13510890269078724,0.7262000000000001
0.13510890216246507,0.7263000000000001
0.13510890134950038,0.7264
0.1351089002543825,0.7265
0.13510889888010968,0.7266
0.13510889723018205,0.7267
0.1351088953085936,0.7268
0.13510889311982266,0.7269
0.13510889066882237,0.727
0.13510888796100973,0.7271000000000001
0.13510888500225415,0.7272000000000001
0.13510888179886504,0.7273000000000001
0.13510887835757868,0.7274
0.13510887468554422,0.7275
0.13510887079030953,0.7276
0.1351088666798056,0.7277
0.13510886236233055,0.7278
0.1351088578465336,0.7279
0.1351088531413973,0.728
0.13510884825622071,0.7281000000000001
0.13510884320060024,0.7282000000000001
0.13510883798441176,0.7283000000000001
0.13510883261779139,0.7284
0.1351088271111155,0.7285
0.1351088214749815,0.7286
0.13510881572018696,0.7287
0.1351088098577098,0.7288
0.13510880389868674,0.7289
0.13510879785439278,0.729
0.13510879173622015,0.7291000000000001
0.13510878555565653,0.7292000000000001
0.13510877932426402,0.7293000000000001
0.13510877305365743,0.7294
0.13510876675548278,0.7295
0.13510876044139608,0.7296
0.13510875412304157,0.7297
0.13510874781203064,0.7298
0.13510874151992036,0.7299
0.13510873525819278,0.73
0.135108729038234,0.7301000000000001
0.13510872287131348,0.7302000000000001
0.13510871676856384,0.7303000000000001
0.13510871074096087,0.7304
0.13510870479930415,0.7305
0.13510869895419753,0.7306
0.1351086932160308,0.7307
0.13510868759496053,0.7308
0.13510868210089344,0.7309
0.13510867674346794,0.731
0.1351086715320381,0.7311000000000001
0.13510866647565734,0.7312000000000001
0.13510866158306245,0.7313000000000001
0.1351086568626595,0.7314
0.13510865232250868,0.7315
0.1351086479703112,0.7316
0.13510864381339627,0.7317
0.13510863985870936,0.7318
0.1351086361128,0.7319
0.13510863258181172,0.732
0.13510862927147216,0.7321000000000001
0.13510862618708386,0.7322000000000001
0.13510862333351603,0.7323000000000001
0.13510862071519736,0.7324
0.13510861833610888,0.7325
0.13510861619977899,0.7326
0.135108614309278,0.7327
0.1351086126672142,0.7328
0.13510861127573093,0.7329
0.135108610136504,0.733
0.1351086092507403,0.7331000000000001
0.1351086086191775,0.7332000000000001
0.13510860824208393,0.7333000000000001
0.13510860811926007,0.7334
0.13510860825004034,0.7335
0.1351086086332962,0.7336
0.1351086092674394,0.7337
0.13510861015042697,0.7338
0.13510861127976626,0.7339
0.1351086126525215,0.734
0.13510861426532017,0.7341000000000001
0.13510861611436098,0.7342000000000001
0.13510861819542253,0.7343000000000001
0.1351086205038724,0.7344
0.13510862303467686,0.7345
0.135108625782412,0.7346
0.1351086287412745,0.7347
0.13510863190509403,0.7348
0.13510863526734584,0.7349
0.13510863882116353,0.735
0.1351086425593535,0.7351000000000001
0.1351086464744088,0.7352000000000001
0.13510865055852417,0.7353000000000001
0.13510865480361145,0.7354
0.13510865920131543,0.7355
0.1351086637430302,0.7356
0.13510866841991542,0.7357
0.13510867322291376,0.7358
0.1351086781427684,0.7359
0.1351086831700401,0.736
0.1351086882951258,0.7361000000000001
0.1351086935082766,0.7362000000000001
0.13510869879961596,0.7363000000000001
0.13510870415915877,0.7364
0.1351087095768292,0.7365
0.13510871504248068,0.7366
0.13510872054591372,0.7367
0.13510872607689528,0.7368
0.13510873162517778,0.7369
0.13510873718051775,0.737
0.13510874273269446,0.7371000000000001
0.1351087482715292,0.7372000000000001
0.1351087537869029,0.7373000000000001
0.13510875926877552,0.7374
0.13510876470720334,0.7375
0.13510877009235744,0.7376
0.1351087754145408,0.7377
0.1351087806642065,0.7378
0.1351087858319736,0.7379
0.1351087909086447,0.738
0.1351087958852215,0.7381000000000001
0.13510880075292142,0.7382000000000001
0.13510880550319193,0.7383000000000001
0.13510881012772635,0.7384000000000001
0.13510881461847768,0.7385
0.1351088189676728,0.7386
0.13510882316782558,0.7387
0.13510882721174955,0.7388
0.13510883109257033,0.7389
0.1351088348037367,0.739
0.1351088383390321,0.7391000000000001
0.1351088416925842,0.7392000000000001
0.13510884485887498,0.7393000000000001
0.13510884783274946,0.7394000000000001
0.1351088506094238,0.7395
0.13510885318449284,0.7396
0.1351088555539368,0.7397
0.1351088577141274,0.7398
0.13510885966183328,0.7399
0.13510886139422418,0.74
0.13510886290887492,0.7401
0.13510886420376855,0.7402000000000001
0.13510886527729848,0.7403000000000001
0.13510886612827,0.7404000000000001
0.13510886675590084,0.7405
0.13510886715982184,0.7406
0.1351088673400752,0.7407
0.1351088672971139,0.7408
0.1351088670317987,0.7409
0.13510886654539556,0.741
0.1351088658395717,0.7411
0.1351088649163913,0.7412000000000001
0.13510886377831022,0.7413000000000001
0.13510886242817,0.7414000000000001
0.1351088608691915,0.7415
0.13510885910496762,0.7416
0.13510885713945542,0.7417
0.13510885497696734,0.7418
0.13510885262216232,0.7419
0.13510885008003592,0.742
0.1351088473559101,0.7421
0.13510884445542215,0.7422000000000001
0.13510884138451318,0.7423000000000001
0.13510883814941643,0.7424000000000001
0.1351088347566446,0.7425
0.1351088312129768,0.7426
0.13510882752544562,0.7427
0.13510882370132282,0.7428
0.13510881974810562,0.7429
0.13510881567350153,0.743
0.1351088114854142,0.7431
0.13510880719192775,0.7432000000000001
0.13510880280129134,0.7433000000000001
0.1351087983219038,0.7434000000000001
0.13510879376229712,0.7435
0.13510878913112068,0.7436
0.13510878443712515,0.7437
0.1351087796891457,0.7438
0.13510877489608553,0.7439
0.13510877006689936,0.744
0.13510876521057724,0.7441
0.13510876033612718,0.7442000000000001
0.13510875545255885,0.7443000000000001
0.1351087505688673,0.7444000000000001
0.1351087456940162,0.7445
0.1351087408369217,0.7446
0.13510873600643591,0.7447
0.13510873121133138,0.7448
0.1351087264602847,0.7449
0.1351087217618614,0.745
0.13510871712450034,0.7451
0.1351087125564987,0.7452000000000001
0.1351087080659974,0.7453000000000001
0.1351087036609666,0.7454000000000001
0.13510869934919167,0.7455
0.1351086951382593,0.7456
0.1351086910355448,0.7457
0.135108687048199,0.7458
0.13510868318313574,0.7459
0.13510867944702043,0.746
0.1351086758462584,0.7461
0.13510867238698399,0.7462000000000001
0.13510866907505048,0.7463000000000001
0.1351086659160201,0.7464000000000001
0.13510866291515522,0.7465
0.13510866007740907,0.7466
0.13510865740741862,0.7467
0.1351086549094963,0.7468
0.13510865258762395,0.7469
0.13510865044544595,0.747
0.13510864848626447,0.7471
0.13510864671303413,0.7472000000000001
0.13510864512835774,0.7473000000000001
0.13510864373448317,0.7474000000000001
0.13510864253330013,0.7475
0.13510864152633806,0.7476
0.13510864071476436,0.7477
0.13510864009938417,0.7478
0.13510863968063924,0.7479
0.1351086394586093,0.748
0.13510863943301255,0.7481
0.13510863960320763,0.7482000000000001
0.135108639968196,0.7483000000000001
0.1351086405266254,0.7484000000000001
0.13510864127679312,0.7485
0.1351086422166503,0.7486
0.13510864334380757,0.7487
0.13510864465553962,0.7488
0.13510864614879237,0.7489
0.13510864782018905,0.749
0.13510864966603797,0.7491
0.1351086516823401,0.7492000000000001
0.1351086538647973,0.7493000000000001
0.13510865620882206,0.7494000000000001
0.13510865870954614,0.7495
0.13510866136183064,0.7496
0.13510866416027678,0.7497
0.1351086670992362,0.7498
0.13510867017282258,0.7499
0.13510867337492305,0.75
0.13510867669921056,0.7501
0.13510868013915567,0.7502000000000001
0.13510868368803963,0.7503000000000001
0.1351086873389673,0.7504000000000001
0.13510869108488055,0.7505000000000001
0.13510869491857147,0.7506
0.13510869883269638,0.7507
0.13510870281978982,0.7508
0.1351087068722785,0.7509
0.13510871098249544,0.751
0.13510871514269485,0.7511
0.1351087193450663,0.7512000000000001
0.1351087235817492,0.7513000000000001
0.13510872784484773,0.7514000000000001
0.13510873212644514,0.7515000000000001
0.13510873641861842,0.7516
0.13510874071345302,0.7517
0.13510874500305725,0.7518
0.1351087492795766,0.7519
0.13510875353520801,0.752
0.13510875776221443,0.7521
0.13510876195293797,0.7522000000000001
0.1351087660998147,0.7523000000000001
0.13510877019538714,0.7524000000000001
0.1351087742323186,0.7525000000000001
0.13510877820340528,0.7526
0.13510878210158994,0.7527
0.13510878591997333,0.7528
0.13510878965182727,0.7529
0.13510879329060566,0.753
0.13510879682995636,0.7531
0.13510880026373207,0.7532
0.13510880358600041,0.7533000000000001
0.13510880679105464,0.7534000000000001
0.13510880987342333,0.7535000000000001
0.13510881282787912,0.7536
0.13510881564944788,0.7537
0.1351088183334166,0.7538
0.13510882087534137,0.7539
0.1351088232710549,0.754
0.13510882551667236,0.7541
0.13510882760859833,0.7542
0.13510882954353198,0.7543000000000001
0.13510883131847184,0.7544000000000001
0.1351088329307213,0.7545000000000001
0.135108834377891,0.7546
0.13510883565790344,0.7547
0.1351088367689951,0.7548
0.1351088377097186,0.7549
0.13510883847894417,0.755
0.1351088390758609,0.7551
0.1351088394999771,0.7552
0.13510883975111965,0.7553000000000001
0.13510883982943367,0.7554000000000001
0.13510883973538101,0.7555000000000001
0.13510883946973806,0.7556
0.1351088390335936,0.7557
0.13510883842834542,0.7558
0.1351088376556967,0.7559
0.13510883671765217,0.756
0.13510883561651277,0.7561
0.13510883435487098,0.7562
0.13510883293560438,0.7563000000000001
0.13510883136187035,0.7564000000000001
0.13510882963709803,0.7565000000000001
0.13510882776498234,0.7566
0.13510882574947547,0.7567
0.1351088235947786,0.7568
0.1351088213053343,0.7569
0.13510881888581627,0.757
0.13510881634112093,0.7571
0.1351088136763573,0.7572
0.13510881089683657,0.7573000000000001
0.13510880800806213,0.7574000000000001
0.13510880501571876,0.7575000000000001
0.1351088019256611,0.7576
0.1351087987439029,0.7577
0.13510879547660504,0.7578
0.13510879213006366,0.7579
0.13510878871069842,0.758
0.13510878522504022,0.7581
0.13510878167971874,0.7582
0.13510877808144972,0.7583000000000001
0.13510877443702274,0.7584000000000001
0.1351087707532882,0.7585000000000001
0.13510876703714492,0.7586
0.13510876329552668,0.7587
0.13510875953538992,0.7588
0.13510875576370063,0.7589
0.13510875198742167,0.759
0.13510874821349983,0.7591
0.13510874444885335,0.7592
0.13510874070035916,0.7593000000000001
0.13510873697484038,0.7594000000000001
0.13510873327905404,0.7595000000000001
0.13510872961967924,0.7596
0.13510872600330448,0.7597
0.13510872243641636,0.7598
0.13510871892538812,0.7599
0.13510871547646786,0.76
0.13510871209576802,0.7601
0.1351087087892543,0.7602
0.13510870556273535,0.7603000000000001
0.1351087024218527,0.7604000000000001
0.13510869937207104,0.7605000000000001
0.1351086964186684,0.7606
0.13510869356672772,0.7607
0.13510869082112775,0.7608
0.1351086881865351,0.7609
0.1351086856673962,0.761
0.13510868326793002,0.7611
0.13510868099212114,0.7612
0.13510867884371314,0.7613000000000001
0.13510867682620276,0.7614000000000001
0.13510867494283418,0.7615000000000001
0.13510867319659403,0.7616
0.13510867159020667,0.7617
0.1351086701261306,0.7618
0.13510866880655414,0.7619
0.1351086676333928,0.762
0.1351086666082869,0.7621
0.13510866573259894,0.7622
0.1351086650074126,0.7623000000000001
0.13510866443353153,0.7624000000000001
0.13510866401147892,0.7625000000000001
0.13510866374149733,0.7626000000000001
0.13510866362354934,0.7627
0.13510866365731877,0.7628
0.1351086638422121,0.7629
0.13510866417736045,0.763
0.1351086646616222,0.7631
0.135108665293586,0.7632
0.13510866607157446,0.7633000000000001
0.1351086669936482,0.7634000000000001
0.1351086680576098,0.7635000000000001
0.1351086692610095,0.7636000000000001
0.13510867060115017,0.7637
0.1351086720750928,0.7638
0.1351086736796635,0.7639
0.13510867541145966,0.764
0.13510867726685705,0.7641
0.13510867924201708,0.7642
0.13510868133289533,0.7643000000000001
0.13510868353524863,0.7644000000000001
0.13510868584464442,0.7645000000000001
0.13510868825646916,0.7646000000000001
0.13510869076593723,0.7647
0.13510869336810105,0.7648
0.1351086960578597,0.7649
0.1351086988299699,0.765
0.1351087016790551,0.7651
0.13510870459961666,0.7652
0.1351087075860441,0.7653000000000001
0.1351087106326253,0.7654000000000001
0.13510871373355804,0.7655000000000001
0.13510871688296078,0.7656000000000001
0.13510872007488328,0.7657
0.13510872330331858,0.7658
0.1351087265622133,0.7659
0.1351087298454796,0.766
0.13510873314700633,0.7661
0.13510873646067,0.7662
0.13510873978034643,0.7663000000000001
0.13510874309992182,0.7664000000000001
0.13510874641330428,0.7665000000000001
0.1351087497144341,0.7666000000000001
0.13510875299729563,0.7667
0.13510875625592778,0.7668
0.1351087594844348,0.7669
0.13510876267699679,0.767
0.13510876582788056,0.7671
0.13510876893144896,0.7672
0.13510877198217197,0.7673
0.13510877497463558,0.7674000000000001
0.1351087779035517,0.7675000000000001
0.13510878076376764,0.7676000000000001
0.13510878355027456,0.7677
0.13510878625821654,0.7678
0.13510878888289912,0.7679
0.13510879141979681,0.768
0.13510879386456098,0.7681
0.13510879621302774,0.7682
0.13510879846122403,0.7683
0.13510880060537533,0.7684000000000001
0.13510880264191083,0.7685000000000001
0.13510880456746976,0.7686000000000001
0.1351088063789071,0.7687
0.13510880807329806,0.7688
0.13510880964794303,0.7689
0.13510881110037143,0.769
0.13510881242834594,0.7691
0.13510881362986527,0.7692
0.13510881470316738,0.7693
0.1351088156467315,0.7694000000000001
0.1351088164592804,0.7695000000000001
0.13510881713978207,0.7696000000000001
0.13510881768744998,0.7697
0.13510881810174458,0.7698
0.13510881838237254,0.7699
0.13510881852928724,0.77
0.13510881854268753,0.7701
0.13510881842301659,0.7702
0.13510881817096032,0.7703
0.1351088177874451,0.7704000000000001
0.13510881727363533,0.7705000000000001
0.13510881663093044,0.7706000000000001
0.1351088158609619,0.7707
0.13510881496558835,0.7708
0.13510881394689278,0.7709
0.13510881280717657,0.771
0.1351088115489557,0.7711
0.13510881017495457,0.7712
0.1351088086881005,0.7713
0.13510880709151774,0.7714000000000001
0.1351088053885211,0.7715000000000001
0.13510880358260868,0.7716000000000001
0.13510880167745587,0.7717
0.1351087996769066,0.7718
0.13510879758496697,0.7719
0.13510879540579657,0.772
0.1351087931437004,0.7721
0.13510879080312077,0.7722
0.13510878838862828,0.7723
0.1351087859049135,0.7724000000000001
0.13510878335677723,0.7725000000000001
0.1351087807491218,0.7726000000000001
0.13510877808694188,0.7727
0.1351087753753144,0.7728
0.13510877261938925,0.7729
0.1351087698243798,0.773
0.13510876699555263,0.7731
0.13510876413821826,0.7732
0.13510876125772064,0.7733
0.1351087583594276,0.7734000000000001
0.13510875544872092,0.7735000000000001
0.1351087525309861,0.7736000000000001
0.1351087496116028,0.7737
0.1351087466959351,0.7738
0.13510874378932092,0.7739
0.13510874089706326,0.774
0.13510873802442025,0.7741
0.13510873517659527,0.7742
0.13510873235872822,0.7743
0.13510872957588582,0.7744000000000001
0.13510872683305286,0.7745000000000001
0.1351087241351232,0.7746000000000001
0.13510872148689113,0.7747
0.135108718893043,0.7748
0.1351087163581487,0.7749
0.13510871388665424,0.775
0.1351087114828735,0.7751
0.13510870915098094,0.7752
0.13510870689500454,0.7753
0.13510870471881886,0.7754000000000001
0.1351087026261384,0.7755000000000001
0.13510870062051117,0.7756000000000001
0.1351086987053134,0.7757000000000001
0.13510869688374316,0.7758
0.13510869515881574,0.7759
0.1351086935333583,0.776
0.13510869201000553,0.7761
0.13510869059119568,0.7762
0.1351086892791663,0.7763
0.13510868807595144,0.7764000000000001
0.13510868698337808,0.7765000000000001
0.1351086860030637,0.7766000000000001
0.13510868513641439,0.7767000000000001
0.1351086843846223,0.7768
0.13510868374866492,0.7769
0.13510868322930347,0.777
0.13510868282708277,0.7771
0.13510868254233044,0.7772
0.1351086823751575,0.7773
0.13510868232545892,0.7774000000000001
0.13510868239291418,0.7775000000000001
0.13510868257698916,0.7776000000000001
0.13510868287693711,0.7777000000000001
0.1351086832918017,0.7778
0.13510868382041885,0.7779
0.13510868446141988,0.778
0.13510868521323427,0.7781
0.1351086860740942,0.7782
0.1351086870420375,0.7783
0.1351086881149124,0.7784000000000001
0.1351086892903821,0.7785000000000001
0.13510869056593,0.7786000000000001
0.135108691938864,0.7787000000000001
0.13510869340632337,0.7788
0.13510869496528355,0.7789
0.13510869661256264,0.779
0.13510869834482786,0.7791
0.1351087001586022,0.7792
0.13510870205027103,0.7793
0.13510870401608988,0.7794000000000001
0.13510870605219072,0.7795000000000001
0.13510870815459042,0.7796000000000001
0.13510871031919813,0.7797000000000001
0.135108712541823,0.7798
0.13510871481818254,0.7799
0.1351087171439107,0.78
0.13510871951456582,0.7801
0.13510872192563972,0.7802
0.1351087243725656,0.7803
0.13510872685072683,0.7804
0.1351087293554658,0.7805000000000001
0.13510873188209227,0.7806000000000001
0.13510873442589255,0.7807000000000001
0.13510873698213766,0.7808
0.13510873954609237,0.7809
0.13510874211302393,0.781
0.13510874467821088,0.7811
0.13510874723695143,0.7812
0.13510874978457188,0.7813
0.1351087523164355,0.7814
0.1351087548279507,0.7815000000000001
0.1351087573145795,0.7816000000000001
0.135108759771845,0.7817000000000001
0.13510876219534051,0.7818
0.13510876458073628,0.7819
0.13510876692378793,0.782
0.13510876922034343,0.7821
0.13510877146635092,0.7822
0.1351087736578651,0.7823
0.13510877579105507,0.7824
0.13510877786220998,0.7825000000000001
0.13510877986774583,0.7826000000000001
0.13510878180421182,0.7827000000000001
0.13510878366829582,0.7828
0.13510878545683047,0.7829
0.13510878716679764,0.783
0.1351087887953344,0.7831
0.13510879033973722,0.7832
0.13510879179746627,0.7833
0.13510879316614988,0.7834
0.13510879444358814,0.7835000000000001
0.13510879562775613,0.7836000000000001
0.1351087967168073,0.7837000000000001
0.13510879770907624,0.7838
0.13510879860308078,0.7839
0.13510879939752451,0.784
0.1351088000912981,0.7841
0.13510880068348108,0.7842
0.13510880117334245,0.7843
0.13510880156034166,0.7844
0.13510880184412888,0.7845000000000001
0.13510880202454478,0.7846000000000001
0.13510880210162057,0.7847000000000001
0.13510880207557663,0.7848
0.1351088019468223,0.7849
0.13510880171595352,0.785
0.13510880138375192,0.7851
0.13510880095118227,0.7852
0.13510880041938989,0.7853
0.13510879978969859,0.7854
0.13510879906360707,0.7855000000000001
0.13510879824278565,0.7856000000000001
0.13510879732907266,0.7857000000000001
0.1351087963244706,0.7858
0.1351087952311416,0.7859
0.1351087940514032,0.786
0.13510879278772336,0.7861
0.13510879144271537,0.7862
0.13510879001913279,0.7863
0.13510878851986352,0.7864
0.1351087869479246,0.7865000000000001
0.13510878530645543,0.7866000000000001
0.13510878359871248,0.7867000000000001
0.13510878182806196,0.7868
0.13510877999797422,0.7869
0.13510877811201627,0.787
0.1351087761738452,0.7871
0.13510877418720113,0.7872
0.13510877215590011,0.7873
0.1351087700838266,0.7874
0.13510876797492644,0.7875000000000001
0.1351087658331992,0.7876000000000001
0.13510876366269076,0.7877000000000001
0.13510876146748552,0.7878000000000001
0.13510875925169885,0.7879
0.13510875701946967,0.788
0.13510875477495254,0.7881
0.1351087525223098,0.7882
0.13510875026570446,0.7883
0.13510874800929196,0.7884
0.13510874575721288,0.7885000000000001
0.13510874351358537,0.7886000000000001
0.13510874128249772,0.7887000000000001
0.1351087390680007,0.7888000000000001
0.13510873687410052,0.7889
0.1351087347047516,0.789
0.1351087325638496,0.7891
0.13510873045522387,0.7892
0.13510872838263144,0.7893
0.13510872634975002,0.7894
0.13510872436017152,0.7895000000000001
0.1351087224173958,0.7896000000000001
0.13510872052482448,0.7897000000000001
0.13510871868575514,0.7898000000000001
0.13510871690337567,0.7899
0.13510871518075884,0.79
0.13510871352085674,0.7901
0.1351087119264961,0.7902
0.13510871040037353,0.7903
0.1351087089450509,0.7904
0.13510870756295112,0.7905000000000001
0.1351087062563543,0.7906000000000001
0.1351087050273938,0.7907000000000001
0.13510870387805352,0.7908000000000001
0.13510870281016352,0.7909
0.1351087018253987,0.791
0.13510870092527494,0.7911
0.13510870011114773,0.7912
0.1351086993842101,0.7913
0.1351086987454907,0.7914
0.1351086981958527,0.7915000000000001
0.13510869773599254,0.7916000000000001
0.13510869736643993,0.7917000000000001
0.13510869708755668,0.7918000000000001
0.13510869689953675,0.7919
0.135108696802407,0.792
0.13510869679602722,0.7921
0.13510869688009108,0.7922
0.13510869705412742,0.7923
0.13510869731750164,0.7924
0.13510869766941724,0.7925000000000001
0.13510869810891823,0.7926000000000001
0.13510869863489094,0.7927000000000001
0.13510869924606705,0.7928000000000001
0.13510869994102648,0.7929
0.13510870071819991,0.793
0.13510870157587318,0.7931
0.13510870251218987,0.7932
0.13510870352515614,0.7933
0.13510870461264424,0.7934
0.1351087057723971,0.7935
0.13510870700203303,0.7936000000000001
0.1351087082990503,0.7937000000000001
0.13510870966083244,0.7938000000000001
0.13510871108465305,0.7939
0.13510871256768175,0.794
0.13510871410698921,0.7941
0.13510871569955296,0.7942
0.1351087173422636,0.7943
0.13510871903193045,0.7944
0.1351087207652879,0.7945
0.13510872253900152,0.7946000000000001
0.1351087243496747,0.7947000000000001
0.13510872619385472,0.7948000000000001
0.13510872806803942,0.7949
0.13510872996868384,0.795
0.13510873189220718,0.7951
0.13510873383499877,0.7952
0.13510873579342553,0.7953
0.13510873776383825,0.7954
0.13510873974257864,0.7955
0.13510874172598597,0.7956000000000001
0.1351087437104035,0.7957000000000001
0.13510874569218567,0.7958000000000001
0.13510874766770453,0.7959
0.13510874963335628,0.796
0.1351087515855679,0.7961
0.13510875352080354,0.7962
0.13510875543557088,0.7963
0.13510875732642735,0.7964
0.13510875918998644,0.7965
0.13510876102292357,0.7966000000000001
0.13510876282198203,0.7967000000000001
0.13510876458397858,0.7968000000000001
0.13510876630580915,0.7969
0.13510876798445448,0.797
0.13510876961698504,0.7971
0.1351087712005662,0.7972
0.1351087727324629,0.7973
0.13510877421004486,0.7974
0.13510877563079038,0.7975
0.1351087769922913,0.7976000000000001
0.1351087782922562,0.7977000000000001
0.13510877952851497,0.7978000000000001
0.13510878069902166,0.7979
0.1351087818018586,0.798
0.13510878283523875,0.7981
0.1351087837975089,0.7982
0.13510878468715204,0.7983
0.13510878550278993,0.7984
0.1351087862431848,0.7985
0.13510878690724148,0.7986000000000001
0.13510878749400868,0.7987000000000001
0.13510878800268022,0.7988000000000001
0.13510878843259622,0.7989
0.1351087887832435,0.799
0.13510878905425627,0.7991
0.13510878924541614,0.7992
0.13510878935665216,0.7993
0.13510878938803994,0.7994
0.13510878933980186,0.7995
0.1351087892123054,0.7996000000000001
0.13510878900606216,0.7997000000000001
0.1351087887217266,0.7998000000000001
0.1351087883600941,0.7999
0.13510878792209935,0.8
0.1351087874088137,0.8001
0.1351087868214429,0.8002
0.1351087861613246,0.8003
0.13510878542992533,0.8004
0.1351087846288369,0.8005
0.13510878375977398,0.8006000000000001
0.13510878282456962,0.8007000000000001
0.13510878182517216,0.8008000000000001
0.1351087807636404,0.8009000000000001
0.13510877964214063,0.801
0.135108778462941,0.8011
0.13510877722840808,0.8012
0.13510877594100146,0.8013
0.1351087746032692,0.8014
0.13510877321784276,0.8015
0.13510877178743208,0.8016000000000001
0.13510877031481994,0.8017000000000001
0.13510876880285694,0.8018000000000001
0.13510876725445586,0.8019000000000001
0.13510876567258634,0.802
0.13510876406026884,0.8021
0.13510876242056913,0.8022
0.13510876075659273,0.8023
0.13510875907147835,0.8024
0.135108757368393,0.8025
0.13510875565052538,0.8026000000000001
0.13510875392108013,0.8027000000000001
0.1351087521832719,0.8028000000000001
0.13510875044031934,0.8029000000000001
0.13510874869543965,0.803
0.13510874695184172,0.8031
0.13510874521272143,0.8032
0.1351087434812548,0.8033
0.13510874176059295,0.8034
0.13510874005385587,0.8035
0.1351087383641274,0.8036000000000001
0.135108736694449,0.8037000000000001
0.13510873504781484,0.8038000000000001
0.13510873342716656,0.8039000000000001
0.1351087318353873,0.804
0.13510873027529746,0.8041
0.1351087287496493,0.8042
0.13510872726112222,0.8043
0.13510872581231803,0.8044
0.13510872440575683,0.8045
0.1351087230438719,0.8046000000000001
0.13510872172900645,0.8047000000000001
0.13510872046340872,0.8048000000000001
0.13510871924922907,0.8049000000000001
0.13510871808851566,0.805
0.13510871698321159,0.8051
0.13510871593515117,0.8052
0.13510871494605747,0.8053
0.13510871401753932,0.8054
0.1351087131510884,0.8055
0.13510871234807764,0.8056000000000001
0.13510871160975857,0.8057000000000001
0.1351087109372594,0.8058000000000001
0.135108710331584,0.8059000000000001
0.13510870979360967,0.806
0.1351087093240867,0.8061
0.1351087089236369,0.8062
0.13510870859275326,0.8063
0.13510870833179933,0.8064
0.13510870814100906,0.8065
0.13510870802048658,0.8066
0.13510870797020713,0.8067000000000001
0.13510870799001684,0.8068000000000001
0.1351087080796336,0.8069000000000001
0.1351087082386485,0.807
0.13510870846652645,0.8071
0.13510870876260794,0.8072
0.13510870912611062,0.8073
0.13510870955613108,0.8074
0.13510871005164715,0.8075
0.13510871061151963,0.8076
0.13510871123449575,0.8077000000000001
0.13510871191921092,0.8078000000000001
0.135108712664192,0.8079000000000001
0.1351087134678608,0.808
0.13510871432853655,0.8081
0.1351087152444398,0.8082
0.13510871621369613,0.8083
0.13510871723433981,0.8084
0.13510871830431737,0.8085
0.13510871942149227,0.8086
0.13510872058364864,0.8087000000000001
0.1351087217884961,0.8088000000000001
0.13510872303367372,0.8089000000000001
0.1351087243167548,0.809
0.13510872563525178,0.8091
0.13510872698662058,0.8092
0.1351087283682657,0.8093
0.1351087297775455,0.8094
0.1351087312117767,0.8095
0.1351087326682393,0.8096
0.13510873414418245,0.8097000000000001
0.13510873563682912,0.8098000000000001
0.13510873714338123,0.8099000000000001
0.1351087386610249,0.81
0.1351087401869362,0.8101
0.13510874171828524,0.8102
0.13510874325224276,0.8103
0.13510874478598411,0.8104
0.13510874631669523,0.8105
0.13510874784157734,0.8106
0.1351087493578521,0.8107000000000001
0.13510875086276686,0.8108000000000001
0.13510875235359954,0.8109000000000001
0.13510875382766319,0.811
0.13510875528231114,0.8111
0.1351087567149417,0.8112
0.13510875812300271,0.8113
0.13510875950399592,0.8114
0.13510876085548174,0.8115
0.13510876217508305,0.8116
0.1351087634604895,0.8117000000000001
0.13510876470946198,0.8118000000000001
0.1351087659198359,0.8119000000000001
0.1351087670895248,0.812
0.13510876821652473,0.8121
0.1351087692989167,0.8122
0.13510877033487056,0.8123
0.13510877132264754,0.8124
0.1351087722606037,0.8125
0.13510877314719216,0.8126
0.13510877398096555,0.8127000000000001
0.1351087747605788,0.8128000000000001
0.13510877548479072,0.8129000000000001
0.13510877615246641,0.8130000000000001
0.13510877676257838,0.8131
0.13510877731420867,0.8132
0.13510877780654973,0.8133
0.13510877823890566,0.8134
0.13510877861069315,0.8135
0.13510877892144202,0.8136
0.1351087791707959,0.8137000000000001
0.13510877935851207,0.8138000000000001
0.1351087794844621,0.8139000000000001
0.1351087795486312,0.8140000000000001
0.1351087795511181,0.8141
0.1351087794921343,0.8142
0.1351087793720035,0.8143
0.13510877919116027,0.8144
0.13510877895014928,0.8145
0.13510877864962378,0.8146
0.13510877829034373,0.8147000000000001
0.13510877787317443,0.8148000000000001
0.13510877739908445,0.8149000000000001
0.13510877686914302,0.8150000000000001
0.13510877628451878,0.8151
0.13510877564647616,0.8152
0.1351087749563733,0.8153
0.13510877421565926,0.8154
0.1351087734258707,0.8155
0.1351087725886292,0.8156
0.13510877170563762,0.8157000000000001
0.13510877077867667,0.8158000000000001
0.13510876980960185,0.8159000000000001
0.13510876880033929,0.8160000000000001
0.13510876775288216,0.8161
0.1351087666692865,0.8162
0.13510876555166784,0.8163
0.13510876440219666,0.8164
0.13510876322309406,0.8165
0.13510876201662791,0.8166
0.13510876078510847,0.8167000000000001
0.13510875953088375,0.8168000000000001
0.13510875825633517,0.8169000000000001
0.13510875696387314,0.8170000000000001
0.1351087556559326,0.8171
0.13510875433496827,0.8172
0.13510875300345015,0.8173
0.13510875166385905,0.8174
0.13510875031868186,0.8175
0.13510874897040692,0.8176
0.1351087476215197,0.8177000000000001
0.13510874627449798,0.8178000000000001
0.13510874493180747,0.8179000000000001
0.1351087435958973,0.8180000000000001
0.13510874226919556,0.8181
0.13510874095410497,0.8182
0.1351087396529983,0.8183
0.1351087383682148,0.8184
0.13510873710205507,0.8185
0.13510873585677774,0.8186
0.13510873463459516,0.8187000000000001
0.1351087334376696,0.8188000000000001
0.13510873226810938,0.8189000000000001
0.13510873112796495,0.8190000000000001
0.13510873001922596,0.8191
0.1351087289438171,0.8192
0.13510872790359563,0.8193
0.13510872690034714,0.8194
0.1351087259357836,0.8195
0.1351087250115396,0.8196
0.1351087241291703,0.8197
0.13510872329014834,0.8198000000000001
0.1351087224958617,0.8199000000000001
0.13510872174761157,0.8200000000000001
0.13510872104660987,0.8201
0.1351087203939776,0.8202
0.13510871979074313,0.8203
0.1351087192378405,0.8204
0.1351087187361082,0.8205
0.13510871828628757,0.8206
0.13510871788902246,0.8207
0.13510871754485787,0.8208000000000001
0.13510871725423934,0.8209000000000001
0.1351087170175127,0.8210000000000001
0.13510871683492354,0.8211
0.13510871670661728,0.8212
0.13510871663263924,0.8213
0.13510871661293478,0.8214
0.13510871664735002,0.8215
0.13510871673563218,0.8216
0.1351087168774303,0.8217
0.13510871707229677,0.8218000000000001
0.1351087173196881,0.8219000000000001
0.13510871761896592,0.8220000000000001
0.13510871796939938,0.8221
0.13510871837016603,0.8222
0.1351087188203539,0.8223
0.13510871931896373,0.8224
0.13510871986491058,0.8225
0.1351087204570267,0.8226
0.13510872109406358,0.8227
0.13510872177469457,0.8228000000000001
0.13510872249751782,0.8229000000000001
0.13510872326105883,0.8230000000000001
0.1351087240637736,0.8231
0.13510872490405157,0.8232
0.13510872578021904,0.8233
0.13510872669054208,0.8234
0.13510872763323034,0.8235
0.1351087286064403,0.8236
0.1351087296082787,0.8237
0.13510873063680673,0.8238000000000001
0.13510873169004312,0.8239000000000001
0.13510873276596813,0.8240000000000001
0.13510873386252775,0.8241
0.13510873497763698,0.8242
0.13510873610918428,0.8243
0.13510873725503536,0.8244
0.13510873841303706,0.8245
0.13510873958102143,0.8246
0.1351087407568099,0.8247
0.1351087419382172,0.8248000000000001
0.13510874312305532,0.8249000000000001
0.13510874430913755,0.8250000000000001
0.13510874549428287,0.8251000000000001
0.13510874667631934,0.8252
0.13510874785308846,0.8253
0.13510874902244896,0.8254
0.13510875018228052,0.8255
0.13510875133048783,0.8256
0.13510875246500453,0.8257
0.13510875358379615,0.8258000000000001
0.13510875468486438,0.8259000000000001
0.1351087557662507,0.8260000000000001
0.1351087568260393,0.8261000000000001
0.13510875786236076,0.8262
0.13510875887339524,0.8263
0.13510875985737592,0.8264
0.1351087608125915,0.8265
0.13510876173738973,0.8266
0.1351087626301799,0.8267
0.13510876348943546,0.8268000000000001
0.135108764313697,0.8269000000000001
0.13510876510157432,0.8270000000000001
0.1351087658517489,0.8271000000000001
0.135108766562976,0.8272
0.1351087672340867,0.8273
0.13510876786398995,0.8274
0.13510876845167397,0.8275
0.13510876899620805,0.8276
0.1351087694967441,0.8277
0.13510876995251753,0.8278000000000001
0.13510877036284863,0.8279000000000001
0.13510877072714367,0.8280000000000001
0.13510877104489527,0.8281000000000001
0.13510877131568333,0.8282
0.13510877153917544,0.8283
0.13510877171512703,0.8284
0.13510877184338188,0.8285
0.1351087719238715,0.8286
0.13510877195661575,0.8287
0.13510877194172177,0.8288000000000001
0.13510877187938375,0.8289000000000001
0.13510877176988223,0.8290000000000001
0.1351087716135836,0.8291000000000001
0.13510877141093858,0.8292
0.13510877116248154,0.8293
0.135108770868829,0.8294
0.13510877053067805,0.8295
0.1351087701488055,0.8296
0.13510876972406527,0.8297
0.13510876925738702,0.8298000000000001
0.1351087687497744,0.8299000000000001
0.13510876820230222,0.8300000000000001
0.13510876761611512,0.8301000000000001
0.13510876699242447,0.8302
0.13510876633250646,0.8303
0.13510876563769914,0.8304
0.13510876490939983,0.8305
0.1351087641490628,0.8306
0.13510876335819555,0.8307
0.13510876253835657,0.8308000000000001
0.13510876169115216,0.8309000000000001
0.1351087608182331,0.8310000000000001
0.13510875992129145,0.8311000000000001
0.13510875900205765,0.8312
0.13510875806229694,0.8313
0.13510875710380588,0.8314
0.13510875612840934,0.8315
0.13510875513795684,0.8316
0.13510875413431878,0.8317
0.1351087531193833,0.8318000000000001
0.13510875209505302,0.8319000000000001
0.1351087510632406,0.8320000000000001
0.1351087500258661,0.8321000000000001
0.1351087489848528,0.8322
0.13510874794212424,0.8323
0.13510874689960006,0.8324
0.13510874585919297,0.8325
0.135108744822805,0.8326
0.1351087437923243,0.8327
0.13510874276962137,0.8328
0.13510874175654597,0.8329000000000001
0.13510874075492374,0.8330000000000001
0.1351087397665528,0.8331000000000001
0.13510873879320073,0.8332
0.13510873783660138,0.8333
0.13510873689845182,0.8334
0.13510873598040907,0.8335
0.1351087350840876,0.8336
0.1351087342110564,0.8337
0.13510873336283624,0.8338
0.13510873254089684,0.8339000000000001
0.13510873174665483,0.8340000000000001
0.1351087309814707,0.8341000000000001
0.13510873024664705,0.8342
0.13510872954342612,0.8343
0.13510872887298797,0.8344
0.13510872823644815,0.8345
0.13510872763485615,0.8346
0.13510872706919363,0.8347
0.13510872654037287,0.8348
0.1351087260492353,0.8349000000000001
0.1351087255965504,0.8350000000000001
0.1351087251830143,0.8351000000000001
0.13510872480924874,0.8352
0.13510872447580036,0.8353
0.1351087241831399,0.8354
0.1351087239316615,0.8355
0.1351087237216826,0.8356
0.13510872355344294,0.8357
0.13510872342710523,0.8358
0.13510872334275448,0.8359000000000001
0.13510872330039836,0.8360000000000001
0.1351087232999676,0.8361000000000001
0.13510872334131585,0.8362
0.13510872342422098,0.8363
0.13510872354838532,0.8364
0.1351087237134363,0.8365
0.1351087239189277,0.8366
0.13510872416434072,0.8367
0.13510872444908517,0.8368
0.13510872477250058,0.8369000000000001
0.13510872513385774,0.8370000000000001
0.13510872553236064,0.8371000000000001
0.13510872596714774,0.8372
0.135108726437294,0.8373
0.13510872694181242,0.8374
0.13510872747965674,0.8375
0.13510872804972318,0.8376
0.13510872865085244,0.8377
0.13510872928183237,0.8378
0.13510872994140044,0.8379000000000001
0.1351087306282459,0.8380000000000001
0.13510873134101253,0.8381000000000001
0.13510873207830143,0.8382000000000001
0.13510873283867353,0.8383
0.13510873362065223,0.8384
0.13510873442272686,0.8385
0.13510873524335487,0.8386
0.13510873608096508,0.8387
0.13510873693396064,0.8388
0.1351087378007222,0.8389000000000001
0.13510873867961082,0.8390000000000001
0.13510873956897074,0.8391000000000001
0.13510874046713317,0.8392000000000001
0.13510874137241868,0.8393
0.13510874228314096,0.8394
0.13510874319760946,0.8395
0.13510874411413265,0.8396
0.13510874503102133,0.8397
0.13510874594659117,0.8398
0.13510874685916663,0.8399000000000001
0.13510874776708337,0.8400000000000001
0.13510874866869116,0.8401000000000001
0.13510874956235752,0.8402000000000001
0.13510875044647008,0.8403
0.13510875131943956,0.8404
0.13510875217970297,0.8405
0.1351087530257259,0.8406
0.13510875385600551,0.8407
0.13510875466907313,0.8408
0.13510875546349677,0.8409000000000001
0.13510875623788376,0.8410000000000001
0.1351087569908831,0.8411000000000001
0.1351087577211877,0.8412000000000001
0.13510875842753667,0.8413
0.13510875910871756,0.8414
0.1351087597635684,0.8415
0.13510876039097963,0.8416
0.13510876098989577,0.8417
0.1351087615593175,0.8418
0.13510876209830303,0.8419000000000001
0.13510876260596993,0.8420000000000001
0.135108763081496,0.8421000000000001
0.13510876352412127,0.8422000000000001
0.13510876393314863,0.8423
0.13510876430794505,0.8424
0.13510876464794253,0.8425
0.13510876495263902,0.8426
0.1351087652215991,0.8427
0.13510876545445427,0.8428
0.13510876565090357,0.8429000000000001
0.13510876581071418,0.8430000000000001
0.135108765933721,0.8431000000000001
0.13510876601982735,0.8432000000000001
0.13510876606900435,0.8433
0.1351087660812913,0.8434
0.13510876605679478,0.8435
0.13510876599568866,0.8436
0.1351087658982134,0.8437
0.13510876576467523,0.8438
0.1351087655954456,0.8439000000000001
0.13510876539096028,0.8440000000000001
0.135108765151718,0.8441000000000001
0.1351087648782796,0.8442000000000001
0.13510876457126686,0.8443
0.13510876423136065,0.8444
0.13510876385930037,0.8445
0.1351087634558813,0.8446
0.13510876302195374,0.8447
0.13510876255842108,0.8448
0.13510876206623768,0.8449000000000001
0.13510876154640739,0.8450000000000001
0.13510876099998104,0.8451000000000001
0.13510876042805464,0.8452000000000001
0.1351087598317673,0.8453
0.1351087592122987,0.8454
0.13510875857086702,0.8455
0.13510875790872634,0.8456
0.13510875722716476,0.8457
0.13510875652750087,0.8458
0.1351087558110824,0.8459
0.135108755079283,0.8460000000000001
0.13510875433349945,0.8461000000000001
0.13510875357514962,0.8462000000000001
0.13510875280566936,0.8463
0.13510875202650985,0.8464
0.13510875123913513,0.8465
0.13510875044501902,0.8466
0.13510874964564268,0.8467
0.13510874884249158,0.8468
0.13510874803705297,0.8469
0.13510874723081323,0.8470000000000001
0.13510874642525472,0.8471000000000001
0.1351087456218537,0.8472000000000001
0.13510874482207702,0.8473
0.13510874402737993,0.8474
0.13510874323920308,0.8475
0.1351087424589702,0.8476
0.1351087416880855,0.8477
0.13510874092793101,0.8478
0.1351087401798643,0.8479
0.13510873944521595,0.8480000000000001
0.13510873872528728,0.8481000000000001
0.13510873802134804,0.8482000000000001
0.13510873733463424,0.8483
0.1351087366663457,0.8484
0.13510873601764462,0.8485
0.13510873538965273,0.8486
0.1351087347834503,0.8487
0.1351087342000733,0.8488
0.13510873364051257,0.8489
0.1351087331057117,0.8490000000000001
0.13510873259656553,0.8491000000000001
0.13510873211391838,0.8492000000000001
0.13510873165856352,0.8493
0.1351087312312408,0.8494
0.13510873083263641,0.8495
0.13510873046338134,0.8496
0.13510873012405034,0.8497
0.13510872981516142,0.8498
0.1351087295371749,0.8499
0.13510872929049256,0.8500000000000001
0.13510872907545768,0.8501000000000001
0.1351087288923538,0.8502000000000001
0.13510872874140523,0.8503000000000001
0.13510872862277634,0.8504
0.13510872853657152,0.8505
0.1351087284828355,0.8506
0.13510872846155308,0.8507
0.13510872847264954,0.8508
0.13510872851599132,0.8509
0.13510872859138556,0.8510000000000001
0.13510872869858181,0.8511000000000001
0.13510872883727176,0.8512000000000001
0.1351087290070907,0.8513000000000001
0.13510872920761774,0.8514
0.13510872943837726,0.8515
0.1351087296988398,0.8516
0.13510872998842338,0.8517
0.1351087303064944,0.8518
0.13510873065236928,0.8519
0.13510873102531584,0.8520000000000001
0.1351087314245546,0.8521000000000001
0.13510873184926087,0.8522000000000001
0.1351087322985658,0.8523000000000001
0.13510873277155877,0.8524
0.13510873326728845,0.8525
0.1351087337847655,0.8526
0.135108734322964,0.8527
0.13510873488082342,0.8528
0.13510873545725122,0.8529
0.13510873605112428,0.8530000000000001
0.13510873666129142,0.8531000000000001
0.1351087372865759,0.8532000000000001
0.13510873792577693,0.8533000000000001
0.1351087385776728,0.8534
0.1351087392410225,0.8535
0.1351087399145684,0.8536
0.1351087405970387,0.8537
0.13510874128714945,0.8538
0.13510874198360734,0.8539
0.13510874268511186,0.8540000000000001
0.13510874339035794,0.8541000000000001
0.13510874409803808,0.8542000000000001
0.13510874480684487,0.8543000000000001
0.13510874551547336,0.8544
0.13510874622262392,0.8545
0.1351087469270036,0.8546
0.13510874762732938,0.8547
0.1351087483223301,0.8548
0.1351087490107491,0.8549
0.13510874969134568,0.8550000000000001
0.13510875036289838,0.8551000000000001
0.13510875102420616,0.8552000000000001
0.1351087516740912,0.8553000000000001
0.13510875231140096,0.8554
0.13510875293500957,0.8555
0.1351087535438208,0.8556
0.13510875413676882,0.8557
0.13510875471282113,0.8558
0.13510875527097976,0.8559
0.1351087558102828,0.8560000000000001
0.13510875632980657,0.8561000000000001
0.13510875682866685,0.8562000000000001
0.13510875730602068,0.8563000000000001
0.135108757761067,0.8564
0.13510875819304913,0.8565
0.13510875860125482,0.8566
0.13510875898501817,0.8567
0.13510875934372057,0.8568
0.13510875967679148,0.8569
0.13510875998370953,0.8570000000000001
0.13510876026400276,0.8571000000000001
0.1351087605172503,0.8572000000000001
0.13510876074308198,0.8573000000000001
0.1351087609411794,0.8574
0.13510876111127623,0.8575
0.1351087612531583,0.8576
0.13510876136666405,0.8577
0.1351087614516847,0.8578
0.13510876150816398,0.8579
0.13510876153609808,0.8580000000000001
0.13510876153553597,0.8581000000000001
0.13510876150657836,0.8582000000000001
0.1351087614493779,0.8583000000000001
0.13510876136413863,0.8584
0.13510876125111504,0.8585
0.1351087611106122,0.8586
0.13510876094298396,0.8587
0.13510876074863332,0.8588
0.13510876052801024,0.8589
0.135108760281612,0.859
0.13510876000998095,0.8591000000000001
0.13510875971370417,0.8592000000000001
0.13510875939341171,0.8593000000000001
0.13510875904977548,0.8594
0.13510875868350802,0.8595
0.13510875829536084,0.8596
0.13510875788612298,0.8597
0.13510875745661943,0.8598
0.13510875700770952,0.8599
0.1351087565402851,0.86
0.13510875605526884,0.8601000000000001
0.13510875555361268,0.8602000000000001
0.1351087550362956,0.8603000000000001
0.1351087545043218,0.8604
0.13510875395871913,0.8605
0.13510875340053663,0.8606
0.1351087528308429,0.8607
0.13510875225072372,0.8608
0.13510875166128045,0.8609
0.1351087510636274,0.861
0.13510875045889048,0.8611000000000001
0.1351087498482043,0.8612000000000001
0.13510874923271055,0.8613000000000001
0.13510874861355548,0.8614
0.13510874799188866,0.8615
0.13510874736885958,0.8616
0.13510874674561646,0.8617
0.13510874612330415,0.8618
0.1351087455030614,0.8619
0.13510874488601932,0.862
0.1351087442732991,0.8621000000000001
0.13510874366601022,0.8622000000000001
0.13510874306524823,0.8623000000000001
0.1351087424720928,0.8624
0.13510874188760613,0.8625
0.13510874131283035,0.8626
0.13510874074878632,0.8627
0.1351087401964718,0.8628
0.13510873965685932,0.8629
0.13510873913089483,0.863
0.13510873861949568,0.8631000000000001
0.1351087381235494,0.8632000000000001
0.1351087376439123,0.8633000000000001
0.13510873718140737,0.8634000000000001
0.13510873673682344,0.8635
0.1351087363109137,0.8636
0.13510873590439443,0.8637
0.13510873551794378,0.8638
0.13510873515220068,0.8639
0.13510873480776386,0.864
0.1351087344851909,0.8641000000000001
0.13510873418499703,0.8642000000000001
0.135108733907655,0.8643000000000001
0.13510873365359355,0.8644000000000001
0.13510873342319762,0.8645
0.13510873321680705,0.8646
0.1351087330347165,0.8647
0.13510873287717506,0.8648
0.13510873274438584,0.8649
0.1351087326365059,0.865
0.13510873255364575,0.8651000000000001
0.13510873249587008,0.8652000000000001
0.13510873246319688,0.8653000000000001
0.13510873245559818,0.8654000000000001
0.13510873247300004,0.8655
0.1351087325152831,0.8656
0.1351087325822823,0.8657
0.1351087326737883,0.8658
0.13510873278954716,0.8659
0.1351087329292615,0.866
0.13510873309259097,0.8661000000000001
0.13510873327915307,0.8662000000000001
0.13510873348852404,0.8663000000000001
0.13510873372023957,0.8664000000000001
0.13510873397379608,0.8665
0.13510873424865188,0.8666
0.13510873454422767,0.8667
0.1351087348599086,0.8668
0.13510873519504463,0.8669
0.13510873554895264,0.867
0.13510873592091732,0.8671000000000001
0.1351087363101926,0.8672000000000001
0.13510873671600343,0.8673000000000001
0.13510873713754723,0.8674000000000001
0.135108737573995,0.8675
0.13510873802449352,0.8676
0.13510873848816685,0.8677
0.1351087389641178,0.8678
0.13510873945142976,0.8679
0.1351087399491686,0.868
0.1351087404563842,0.8681000000000001
0.13510874097211256,0.8682000000000001
0.13510874149537722,0.8683000000000001
0.1351087420251914,0.8684000000000001
0.13510874256055994,0.8685
0.1351087431004806,0.8686
0.13510874364394654,0.8687
0.1351087441899479,0.8688
0.1351087447374738,0.8689
0.13510874528551398,0.869
0.13510874583306065,0.8691000000000001
0.13510874637911074,0.8692000000000001
0.13510874692266728,0.8693000000000001
0.13510874746274149,0.8694000000000001
0.13510874799835415,0.8695
0.13510874852853805,0.8696
0.13510874905233916,0.8697
0.13510874956881824,0.8698
0.13510875007705336,0.8699
0.13510875057614036,0.87
0.1351087510651955,0.8701000000000001
0.13510875154335622,0.8702000000000001
0.13510875200978323,0.8703000000000001
0.1351087524636615,0.8704000000000001
0.13510875290420188,0.8705
0.13510875333064276,0.8706
0.13510875374225084,0.8707
0.13510875413832268,0.8708
0.1351087545181856,0.8709
0.13510875488119933,0.871
0.1351087552267567,0.8711000000000001
0.1351087555542847,0.8712000000000001
0.13510875586324522,0.8713000000000001
0.13510875615313644,0.8714000000000001
0.13510875642349296,0.8715
0.1351087566738871,0.8716
0.13510875690392932,0.8717
0.13510875711326864,0.8718
0.13510875730159344,0.8719
0.1351087574686316,0.872
0.1351087576141513,0.8721
0.13510875773796072,0.8722000000000001
0.13510875783990872,0.8723000000000001
0.13510875791988486,0.8724000000000001
0.1351087579778193,0.8725
0.13510875801368294,0.8726
0.13510875802748723,0.8727
0.13510875801928424,0.8728
0.135108757989166,0.8729
0.13510875793726462,0.873
0.13510875786375176,0.8731
0.1351087577688379,0.8732000000000001
0.13510875765277242,0.8733000000000001
0.13510875751584228,0.8734000000000001
0.13510875735837202,0.8735
0.13510875718072257,0.8736
0.1351087569832905,0.8737
0.1351087567665078,0.8738
0.13510875653083998,0.8739
0.13510875627678565,0.874
0.1351087560048756,0.8741
0.13510875571567138,0.8742000000000001
0.13510875540976452,0.8743000000000001
0.13510875508777476,0.8744000000000001
0.13510875475034956,0.8745
0.13510875439816228,0.8746
0.13510875403191103,0.8747
0.13510875365231723,0.8748
0.13510875326012428,0.8749
0.13510875285609614,0.875
0.13510875244101583,0.8751
0.13510875201568395,0.8752000000000001
0.13510875158091706,0.8753000000000001
0.13510875113754595,0.8754000000000001
0.1351087506864147,0.8755000000000001
0.13510875022837832,0.8756
0.13510874976430187,0.8757
0.135108749295058,0.8758
0.13510874882152624,0.8759
0.13510874834459052,0.876
0.13510874786513838,0.8761
0.13510874738405831,0.8762000000000001
0.13510874690223906,0.8763000000000001
0.13510874642056747,0.8764000000000001
0.13510874593992717,0.8765000000000001
0.13510874546119656,0.8766
0.13510874498524772,0.8767
0.1351087445129442,0.8768
0.1351087440451404,0.8769
0.13510874358267877,0.877
0.13510874312638954,0.8771
0.1351087426770886,0.8772000000000001
0.135108742235576,0.8773000000000001
0.13510874180263477,0.8774000000000001
0.1351087413790295,0.8775000000000001
0.13510874096550485,0.8776
0.13510874056278455,0.8777
0.13510874017156982,0.8778
0.13510873979253846,0.8779
0.13510873942634327,0.878
0.13510873907361154,0.8781
0.13510873873494333,0.8782000000000001
0.13510873841091098,0.8783000000000001
0.13510873810205803,0.8784000000000001
0.13510873780889798,0.8785000000000001
0.135108737531914,0.8786
0.1351087372715576,0.8787
0.13510873702824866,0.8788
0.13510873680237379,0.8789
0.13510873659428646,0.879
0.13510873640430632,0.8791
0.13510873623271868,0.8792000000000001
0.13510873607977392,0.8793000000000001
0.1351087359456874,0.8794000000000001
0.1351087358306391,0.8795000000000001
0.13510873573477367,0.8796
0.1351087356581997,0.8797
0.13510873560099013,0.8798
0.13510873556318215,0.8799
0.1351087355447771,0.88
0.135108735545741,0.8801
0.1351087355660039,0.8802000000000001
0.13510873560546122,0.8803000000000001
0.13510873566397308,0.8804000000000001
0.13510873574136562,0.8805000000000001
0.13510873583743044,0.8806
0.13510873595192585,0.8807
0.13510873608457707,0.8808
0.13510873623507713,0.8809
0.1351087364030873,0.881
0.13510873658823774,0.8811
0.1351087367901288,0.8812000000000001
0.13510873700833104,0.8813000000000001
0.13510873724238692,0.8814000000000001
0.1351087374918114,0.8815000000000001
0.13510873775609267,0.8816
0.13510873803469392,0.8817
0.1351087383270534,0.8818
0.13510873863258643,0.8819
0.1351087389506861,0.882
0.13510873928072453,0.8821
0.13510873962205416,0.8822000000000001
0.13510873997400896,0.8823000000000001
0.1351087403359058,0.8824000000000001
0.1351087407070457,0.8825000000000001
0.1351087410867149,0.8826
0.13510874147418683,0.8827
0.13510874186872313,0.8828
0.1351087422695747,0.8829
0.13510874267598383,0.883
0.13510874308718523,0.8831
0.1351087435024073,0.8832000000000001
0.1351087439208739,0.8833000000000001
0.13510874434180564,0.8834000000000001
0.13510874476442147,0.8835000000000001
0.13510874518793958,0.8836
0.13510874561157982,0.8837
0.1351087460345639,0.8838
0.13510874645611815,0.8839
0.13510874687547358,0.884
0.1351087472918685,0.8841
0.13510874770454895,0.8842000000000001
0.1351087481127704,0.8843000000000001
0.13510874851579946,0.8844000000000001
0.13510874891291458,0.8845000000000001
0.13510874930340755,0.8846
0.13510874968658493,0.8847
0.13510875006176926,0.8848
0.13510875042829973,0.8849
0.13510875078553397,0.885
0.13510875113284904,0.8851
0.13510875146964207,0.8852000000000001
0.1351087517953321,0.8853000000000001
0.13510875210936002,0.8854000000000001
0.13510875241119047,0.8855000000000001
0.13510875270031208,0.8856
0.13510875297623892,0.8857
0.13510875323851068,0.8858
0.13510875348669404,0.8859
0.13510875372038256,0.886
0.1351087539391984,0.8861
0.1351087541427919,0.8862
0.1351087543308428,0.8863000000000001
0.13510875450306048,0.8864000000000001
0.13510875465918426,0.8865000000000001
0.135108754798984,0.8866
0.13510875492226027,0.8867
0.13510875502884478,0.8868
0.13510875511860032,0.8869
0.13510875519142118,0.887
0.1351087552472331,0.8871
0.1351087552859932,0.8872
0.13510875530769006,0.8873000000000001
0.13510875531234356,0.8874000000000001
0.1351087553000051,0.8875000000000001
0.1351087552707566,0.8876000000000001
0.13510875522471122,0.8877
0.13510875516201215,0.8878
0.13510875508283293,0.8879
0.1351087549873765,0.888
0.13510875487587526,0.8881
0.13510875474858985,0.8882
0.1351087546058094,0.8883000000000001
0.1351087544478501,0.8884000000000001
0.1351087542750551,0.8885000000000001
0.13510875408779344,0.8886000000000001
0.1351087538864596,0.8887
0.13510875367147235,0.8888
0.135108753443274,0.8889
0.13510875320232985,0.889
0.13510875294912672,0.8891
0.13510875268417233,0.8892
0.13510875240799392,0.8893000000000001
0.13510875212113782,0.8894000000000001
0.13510875182416793,0.8895000000000001
0.13510875151766466,0.8896000000000001
0.135108751202224,0.8897
0.1351087508784562,0.8898
0.13510875054698468,0.8899
0.13510875020844482,0.89
0.13510874986348265,0.8901
0.13510874951275376,0.8902
0.13510874915692217,0.8903000000000001
0.13510874879665868,0.8904000000000001
0.1351087484326402,0.8905000000000001
0.13510874806554785,0.8906000000000001
0.13510874769606618,0.8907
0.13510874732488176,0.8908
0.1351087469526817,0.8909
0.1351087465801526,0.891
0.13510874620797952,0.8911
0.13510874583684418,0.8912
0.13510874546742402,0.8913000000000001
0.13510874510039117,0.8914000000000001
0.13510874473641088,0.8915000000000001
0.1351087443761404,0.8916000000000001
0.1351087440202281,0.8917
0.1351087436693117,0.8918
0.1351087433240179,0.8919
0.13510874298496078,0.892
0.13510874265274064,0.8921
0.13510874232794323,0.8922
0.13510874201113887,0.8923000000000001
0.13510874170288079,0.8924000000000001
0.13510874140370488,0.8925000000000001
0.1351087411141284,0.8926000000000001
0.1351087408346492,0.8927
0.13510874056574484,0.8928
0.1351087403078718,0.8929
0.13510874006146467,0.893
0.1351087398269356,0.8931
0.1351087396046733,0.8932
0.13510873939504287,0.8933000000000001
0.13510873919838462,0.8934000000000001
0.13510873901501408,0.8935000000000001
0.13510873884522134,0.8936000000000001
0.13510873868927042,0.8937
0.1351087385473989,0.8938
0.13510873841981796,0.8939
0.13510873830671177,0.894
0.135108738208237,0.8941
0.1351087381245233,0.8942
0.13510873805567236,0.8943000000000001
0.13510873800175882,0.8944000000000001
0.13510873796282896,0.8945000000000001
0.13510873793890188,0.8946000000000001
0.13510873792996891,0.8947
0.13510873793599398,0.8948
0.13510873795691347,0.8949
0.1351087379926369,0.895
0.1351087380430468,0.8951
0.13510873810799928,0.8952
0.13510873818732405,0.8953000000000001
0.13510873828082526,0.8954000000000001
0.13510873838828164,0.8955000000000001
0.13510873850944694,0.8956000000000001
0.13510873864405093,0.8957
0.1351087387917993,0.8958
0.13510873895237496,0.8959
0.1351087391254382,0.896
0.13510873931062772,0.8961
0.13510873950756108,0.8962
0.1351087397158356,0.8963000000000001
0.13510873993502948,0.8964000000000001
0.1351087401647021,0.8965000000000001
0.13510874040439513,0.8966000000000001
0.13510874065363354,0.8967
0.1351087409119267,0.8968
0.13510874117876848,0.8969
0.1351087414536395,0.897
0.13510874173600684,0.8971
0.1351087420253263,0.8972
0.1351087423210423,0.8973000000000001
0.13510874262258976,0.8974000000000001
0.1351087429293949,0.8975000000000001
0.13510874324087607,0.8976000000000001
0.1351087435564452,0.8977
0.13510874387550897,0.8978
0.13510874419746943,0.8979
0.1351087445217255,0.898
0.1351087448476741,0.8981
0.13510874517471094,0.8982
0.13510874550223217,0.8983000000000001
0.13510874582963484,0.8984000000000001
0.13510874615631852,0.8985000000000001
0.13510874648168625,0.8986000000000001
0.13510874680514529,0.8987
0.13510874712610887,0.8988
0.13510874744399648,0.8989
0.13510874775823556,0.899
0.13510874806826212,0.8991
0.13510874837352194,0.8992
0.13510874867347156,0.8993
0.13510874896757896,0.8994000000000001
0.1351087492553248,0.8995000000000001
0.13510874953620333,0.8996000000000001
0.1351087498097231,0.8997
0.1351087500754079,0.8998
0.13510875033279757,0.8999
0.13510875058144878,0.9
0.13510875082093565,0.9001
0.13510875105085096,0.9002
0.13510875127080624,0.9003
0.13510875148043255,0.9004000000000001
0.1351087516793814,0.9005000000000001
0.13510875186732518,0.9006000000000001
0.13510875204395734,0.9007000000000001
0.13510875220899343,0.9008
0.13510875236217124,0.9009
0.13510875250325105,0.901
0.13510875263201638,0.9011
0.13510875274827416,0.9012
0.13510875285185464,0.9013
0.13510875294261226,0.9014000000000001
0.13510875302042535,0.9015000000000001
0.13510875308519643,0.9016000000000001
0.13510875313685233,0.9017000000000001
0.13510875317534432,0.9018
0.13510875320064764,0.9019
0.13510875321276217,0.902
0.135108753211712,0.9021
0.135108753197545,0.9022
0.13510875317033322,0.9023
0.13510875313017234,0.9024000000000001
0.1351087530771813,0.9025000000000001
0.1351087530115025,0.9026000000000001
0.1351087529333007,0.9027000000000001
0.13510875284276358,0.9028
0.13510875274010037,0.9029
0.135108752625542,0.903
0.1351087524993404,0.9031
0.1351087523617679,0.9032
0.1351087522131169,0.9033
0.1351087520536992,0.9034000000000001
0.13510875188384486,0.9035000000000001
0.13510875170390224,0.9036000000000001
0.13510875151423707,0.9037000000000001
0.13510875131523137,0.9038
0.13510875110728326,0.9039
0.13510875089080554,0.904
0.13510875066622563,0.9041
0.13510875043398385,0.9042
0.1351087501945334,0.9043
0.1351087499483391,0.9044000000000001
0.13510874969587627,0.9045000000000001
0.1351087494376303,0.9046000000000001
0.13510874917409543,0.9047000000000001
0.13510874890577385,0.9048
0.1351087486331748,0.9049
0.13510874835681352,0.905
0.13510874807721052,0.9051
0.13510874779489024,0.9052
0.13510874751038038,0.9053
0.13510874722421073,0.9054000000000001
0.13510874693691244,0.9055000000000001
0.13510874664901662,0.9056000000000001
0.13510874636105386,0.9057000000000001
0.13510874607355272,0.9058
0.13510874578703946,0.9059
0.13510874550203644,0.906
0.13510874521906135,0.9061
0.13510874493862646,0.9062
0.13510874466123757,0.9063
0.13510874438739306,0.9064000000000001
0.13510874411758333,0.9065000000000001
0.1351087438522891,0.9066000000000001
0.13510874359198166,0.9067000000000001
0.1351087433371213,0.9068
0.13510874308815657,0.9069
0.13510874284552388,0.907
0.13510874260964623,0.9071
0.13510874238093296,0.9072
0.13510874215977875,0.9073
0.13510874194656297,0.9074000000000001
0.135108741741649,0.9075000000000001
0.135108741545384,0.9076000000000001
0.13510874135809792,0.9077000000000001
0.13510874118010285,0.9078
0.135108741011693,0.9079
0.13510874085314395,0.908
0.13510874070471213,0.9081
0.13510874056663436,0.9082
0.1351087404391279,0.9083
0.13510874032238984,0.9084000000000001
0.13510874021659647,0.9085000000000001
0.13510874012190366,0.9086000000000001
0.13510874003844642,0.9087000000000001
0.13510873996633854,0.9088
0.13510873990567251,0.9089
0.1351087398565196,0.909
0.1351087398189299,0.9091
0.13510873979293148,0.9092
0.13510873977853177,0.9093
0.13510873977571647,0.9094000000000001
0.13510873978445015,0.9095000000000001
0.1351087398046762,0.9096000000000001
0.13510873983631744,0.9097000000000001
0.13510873987927563,0.9098
0.13510873993343242,0.9099
0.13510873999864903,0.91
0.13510874007476714,0.9101
0.1351087401616088,0.9102
0.135108740258977,0.9103
0.1351087403666562,0.9104000000000001
0.1351087404844128,0.9105000000000001
0.13510874061199507,0.9106000000000001
0.1351087407491347,0.9107000000000001
0.13510874089554636,0.9108
0.13510874105092885,0.9109
0.13510874121496552,0.911
0.1351087413873251,0.9111
0.13510874156766206,0.9112
0.1351087417556175,0.9113
0.13510874195081968,0.9114000000000001
0.13510874215288493,0.9115000000000001
0.13510874236141845,0.9116000000000001
0.1351087425760148,0.9117000000000001
0.13510874279625895,0.9118
0.1351087430217267,0.9119
0.13510874325198607,0.912
0.13510874348659774,0.9121
0.13510874372511583,0.9122
0.13510874396708872,0.9123
0.13510874421206043,0.9124
0.13510874445957077,0.9125000000000001
0.13510874470915657,0.9126000000000001
0.1351087449603524,0.9127000000000001
0.13510874521269167,0.9128000000000001
0.1351087454657074,0.9129
0.1351087457189326,0.913
0.1351087459719018,0.9131
0.1351087462241518,0.9132
0.13510874647522209,0.9133
0.1351087467246559,0.9134
0.13510874697200126,0.9135000000000001
0.13510874721681154,0.9136000000000001
0.13510874745864632,0.9137000000000001
0.13510874769707204,0.9138000000000001
0.13510874793166316,0.9139
0.13510874816200258,0.914
0.1351087483876825,0.9141
0.1351087486083049,0.9142
0.13510874882348267,0.9143
0.13510874903283987,0.9144
0.1351087492360128,0.9145000000000001
0.13510874943265017,0.9146000000000001
0.13510874962241404,0.9147000000000001
0.1351087498049801,0.9148000000000001
0.13510874998003863,0.9149
0.1351087501472945,0.915
0.13510875030646807,0.9151
0.13510875045729576,0.9152
0.13510875059952976,0.9153
0.13510875073293915,0.9154
0.1351087508573101,0.9155000000000001
0.135108750972446,0.9156000000000001
0.1351087510781679,0.9157000000000001
0.13510875117431465,0.9158000000000001
0.1351087512607434,0.9159
0.13510875133732958,0.916
0.13510875140396716,0.9161
0.13510875146056855,0.9162
0.13510875150706525,0.9163
0.13510875154340707,0.9164
0.13510875156956303,0.9165000000000001
0.13510875158552094,0.9166000000000001
0.135108751591287,0.9167000000000001
0.1351087515868865,0.9168000000000001
0.13510875157236302,0.9169
0.1351087515477788,0.917
0.1351087515132141,0.9171
0.13510875146876744,0.9172
0.13510875141455503,0.9173
0.13510875135071043,0.9174
0.13510875127738464,0.9175000000000001
0.1351087511947454,0.9176000000000001
0.13510875110297715,0.9177000000000001
0.13510875100228026,0.9178000000000001
0.13510875089287078,0.9179
0.13510875077498008,0.918
0.1351087506488542,0.9181
0.13510875051475346,0.9182
0.135108750372952,0.9183
0.13510875022373692,0.9184
0.1351087500674082,0.9185000000000001
0.13510874990427768,0.9186000000000001
0.13510874973466847,0.9187000000000001
0.1351087495589146,0.9188000000000001
0.13510874937736028,0.9189
0.13510874919035887,0.919
0.13510874899827285,0.9191
0.1351087488014724,0.9192
0.1351087486003354,0.9193
0.135108748395246,0.9194
0.13510874818659457,0.9195000000000001
0.13510874797477657,0.9196000000000001
0.13510874776019188,0.9197000000000001
0.13510874754324387,0.9198000000000001
0.13510874732433908,0.9199
0.1351087471038861,0.92
0.13510874688229513,0.9201
0.13510874665997652,0.9202
0.13510874643734117,0.9203
0.13510874621479863,0.9204
0.13510874599275713,0.9205000000000001
0.13510874577162224,0.9206000000000001
0.13510874555179686,0.9207000000000001
0.13510874533367967,0.9208000000000001
0.13510874511766513,0.9209
0.13510874490414226,0.921
0.13510874469349432,0.9211
0.13510874448609766,0.9212
0.13510874428232178,0.9213
0.13510874408252782,0.9214
0.1351087438870684,0.9215000000000001
0.13510874369628734,0.9216000000000001
0.13510874351051827,0.9217000000000001
0.1351087433300846,0.9218000000000001
0.13510874315529875,0.9219
0.1351087429864617,0.922
0.13510874282386265,0.9221
0.13510874266777795,0.9222
0.13510874251847127,0.9223
0.13510874237619308,0.9224
0.13510874224117975,0.9225000000000001
0.13510874211365353,0.9226000000000001
0.1351087419938224,0.9227000000000001
0.13510874188187927,0.9228000000000001
0.13510874177800192,0.9229
0.13510874168235276,0.923
0.13510874159507857,0.9231
0.13510874151631014,0.9232
0.13510874144616225,0.9233
0.13510874138473328,0.9234
0.1351087413321057,0.9235000000000001
0.13510874128834505,0.9236000000000001
0.1351087412535007,0.9237000000000001
0.1351087412276053,0.9238000000000001
0.13510874121067507,0.9239
0.13510874120270955,0.924
0.1351087412036921,0.9241
0.1351087412135895,0.9242
0.13510874123235228,0.9243
0.13510874125991512,0.9244
0.13510874129619643,0.9245000000000001
0.13510874134109918,0.9246000000000001
0.13510874139451068,0.9247000000000001
0.13510874145630314,0.9248000000000001
0.13510874152633368,0.9249
0.13510874160444508,0.925
0.1351087416904656,0.9251
0.1351087417842095,0.9252
0.13510874188547795,0.9253
0.13510874199405842,0.9254
0.13510874210972634,0.9255
0.13510874223224423,0.9256000000000001
0.1351087423613635,0.9257000000000001
0.13510874249682392,0.9258000000000001
0.1351087426383547,0.9259000000000001
0.13510874278567486,0.926
0.13510874293849362,0.9261
0.13510874309651122,0.9262
0.13510874325941968,0.9263
0.1351087434269026,0.9264
0.13510874359863667,0.9265
0.13510874377429172,0.9266000000000001
0.13510874395353178,0.9267000000000001
0.13510874413601526,0.9268000000000001
0.13510874432139586,0.9269000000000001
0.1351087445093232,0.927
0.13510874469944345,0.9271
0.1351087448914,0.9272
0.13510874508483406,0.9273
0.13510874527938554,0.9274
0.13510874547469331,0.9275
0.13510874567039644,0.9276000000000001
0.1351087458661343,0.9277000000000001
0.13510874606154744,0.9278000000000001
0.13510874625627844,0.9279000000000001
0.13510874644997228,0.928
0.135108746642277,0.9281
0.13510874683284468,0.9282
0.13510874702133158,0.9283
0.13510874720739896,0.9284
0.135108747390714,0.9285
0.13510874757094982,0.9286000000000001
0.13510874774778636,0.9287000000000001
0.135108747920911,0.9288000000000001
0.13510874809001894,0.9289000000000001
0.13510874825481411,0.929
0.13510874841500886,0.9291
0.1351087485703255,0.9292
0.13510874872049605,0.9293
0.13510874886526292,0.9294
0.1351087490043792,0.9295
0.13510874913760962,0.9296000000000001
0.13510874926473004,0.9297000000000001
0.13510874938552864,0.9298000000000001
0.135108749499806,0.9299000000000001
0.13510874960737507,0.93
0.13510874970806197,0.9301
0.13510874980170606,0.9302
0.13510874988816002,0.9303
0.1351087499672906,0.9304
0.13510875003897804,0.9305
0.13510875010311685,0.9306000000000001
0.13510875015961576,0.9307000000000001
0.13510875020839808,0.9308000000000001
0.13510875024940094,0.9309000000000001
0.13510875028257663,0.931
0.1351087503078916,0.9311
0.135108750325327,0.9312
0.13510875033487824,0.9313
0.13510875033655556,0.9314
0.1351087503303834,0.9315
0.13510875031640068,0.9316000000000001
0.1351087502946604,0.9317000000000001
0.13510875026522962,0.9318000000000001
0.13510875022818924,0.9319000000000001
0.135108750183634,0.932
0.135108750131672,0.9321
0.1351087500724245,0.9322
0.13510875000602585,0.9323
0.13510874993262278,0.9324
0.13510874985237487,0.9325
0.13510874976545306,0.9326000000000001
0.13510874967204045,0.9327000000000001
0.1351087495723311,0.9328000000000001
0.1351087494665303,0.9329000000000001
0.13510874935485329,0.933
0.1351087492375258,0.9331
0.13510874911478288,0.9332
0.13510874898686887,0.9333
0.13510874885403656,0.9334
0.1351087487165471,0.9335
0.13510874857466892,0.9336000000000001
0.13510874842867804,0.9337000000000001
0.13510874827885666,0.9338000000000001
0.13510874812549323,0.9339000000000001
0.13510874796888162,0.934
0.13510874780932058,0.9341
0.13510874764711345,0.9342
0.13510874748256707,0.9343
0.13510874731599165,0.9344
0.13510874714770005,0.9345
0.13510874697800723,0.9346000000000001
0.1351087468072294,0.9347000000000001
0.13510874663568384,0.9348000000000001
0.1351087464636881,0.9349000000000001
0.13510874629155945,0.935
0.1351087461196142,0.9351
0.13510874594816735,0.9352
0.13510874577753185,0.9353
0.135108745608018,0.9354
0.1351087454399329,0.9355
0.13510874527358008,0.9356000000000001
0.13510874510925885,0.9357000000000001
0.13510874494726355,0.9358000000000001
0.13510874478788348,0.9359000000000001
0.135108744631402,0.936
0.13510874447809607,0.9361
0.13510874432823583,0.9362
0.13510874418208452,0.9363
0.13510874403989714,0.9364
0.13510874390192085,0.9365
0.1351087437683942,0.9366000000000001
0.1351087436395465,0.9367000000000001
0.13510874351559798,0.9368000000000001
0.13510874339675893,0.9369000000000001
0.13510874328322953,0.937
0.1351087431751996,0.9371
0.13510874307284804,0.9372
0.1351087429763429,0.9373
0.13510874288584074,0.9374
0.13510874280148666,0.9375
0.135108742723414,0.9376000000000001
0.13510874265174388,0.9377000000000001
0.13510874258658567,0.9378000000000001
0.13510874252803584,0.9379000000000001
0.13510874247617888,0.9380000000000001
0.1351087424310865,0.9381
0.13510874239281767,0.9382
0.1351087423614188,0.9383
0.13510874233692338,0.9384
0.13510874231935233,0.9385
0.1351087423087134,0.9386
0.13510874230500203,0.9387000000000001
0.1351087423082007,0.9388000000000001
0.13510874231827918,0.9389000000000001
0.1351087423351951,0.9390000000000001
0.13510874235889336,0.9391
0.1351087423893067,0.9392
0.13510874242635584,0.9393
0.13510874246994942,0.9394
0.1351087425199845,0.9395
0.13510874257634675,0.9396
0.1351087426389106,0.9397000000000001
0.13510874270753925,0.9398000000000001
0.13510874278208584,0.9399000000000001
0.1351087428623926,0.9400000000000001
0.135108742948292,0.9401
0.13510874303960685,0.9402
0.1351087431361505,0.9403
0.1351087432377276,0.9404
0.1351087433441338,0.9405
0.135108743455157,0.9406
0.13510874357057745,0.9407000000000001
0.13510874369016768,0.9408000000000001
0.13510874381369375,0.9409000000000001
0.135108743940915,0.9410000000000001
0.13510874407158513,0.9411
0.13510874420545216,0.9412
0.13510874434225928,0.9413
0.13510874448174492,0.9414
0.13510874462364386,0.9415
0.1351087447676872,0.9416
0.13510874491360303,0.9417000000000001
0.13510874506111692,0.9418000000000001
0.13510874520995264,0.9419000000000001
0.1351087453598323,0.9420000000000001
0.13510874551047736,0.9421
0.13510874566160835,0.9422
0.1351087458129464,0.9423
0.13510874596421296,0.9424
0.13510874611513057,0.9425
0.13510874626542368,0.9426
0.13510874641481851,0.9427000000000001
0.13510874656304406,0.9428000000000001
0.1351087467098323,0.9429000000000001
0.13510874685491903,0.9430000000000001
0.13510874699804376,0.9431
0.1351087471389507,0.9432
0.13510874727738909,0.9433
0.1351087474131134,0.9434
0.1351087475458842,0.9435
0.135108747675468,0.9436
0.13510874780163817,0.9437000000000001
0.13510874792417527,0.9438000000000001
0.13510874804286688,0.9439000000000001
0.13510874815750873,0.9440000000000001
0.13510874826790464,0.9441
0.13510874837386688,0.9442
0.1351087484752166,0.9443
0.13510874857178368,0.9444
0.13510874866340783,0.9445
0.13510874874993817,0.9446
0.1351087488312338,0.9447000000000001
0.13510874890716373,0.9448000000000001
0.1351087489776075,0.9449000000000001
0.13510874904245507,0.9450000000000001
0.13510874910160697,0.9451
0.1351087491549745,0.9452
0.13510874920248017,0.9453
0.13510874924405725,0.9454
0.1351087492796501,0.9455
0.13510874930921457,0.9456
0.13510874933271733,0.9457000000000001
0.13510874935013661,0.9458000000000001
0.13510874936146167,0.9459000000000001
0.13510874936669315,0.9460000000000001
0.13510874936584272,0.9461
0.13510874935893324,0.9462
0.1351087493459988,0.9463
0.13510874932708405,0.9464
0.1351087493022447,0.9465
0.13510874927154715,0.9466
0.13510874923506822,0.9467000000000001
0.13510874919289517,0.9468000000000001
0.13510874914512538,0.9469000000000001
0.135108749091866,0.9470000000000001
0.1351087490332341,0.9471
0.1351087489693561,0.9472
0.13510874890036761,0.9473
0.1351087488264131,0.9474
0.1351087487476459,0.9475
0.13510874866422717,0.9476
0.1351087485763265,0.9477000000000001
0.1351087484841208,0.9478000000000001
0.1351087483877944,0.9479000000000001
0.13510874828753872,0.9480000000000001
0.13510874818355123,0.9481
0.13510874807603612,0.9482
0.1351087479652029,0.9483
0.1351087478512667,0.9484
0.13510874773444737,0.9485
0.1351087476149696,0.9486
0.1351087474930619,0.9487000000000001
0.1351087473689565,0.9488000000000001
0.13510874724288902,0.9489000000000001
0.13510874711509746,0.9490000000000001
0.13510874698582265,0.9491
0.13510874685530683,0.9492
0.13510874672379403,0.9493
0.13510874659152916,0.9494
0.13510874645875737,0.9495
0.13510874632572434,0.9496
0.1351087461926751,0.9497000000000001
0.1351087460598538,0.9498000000000001
0.13510874592750355,0.9499000000000001
0.13510874579586551,0.9500000000000001
0.13510874566517883,0.9501000000000001
0.13510874553567997,0.9502
0.13510874540760254,0.9503
0.13510874528117656,0.9504
0.13510874515662818,0.9505
0.1351087450341797,0.9506
0.13510874491404823,0.9507000000000001
0.1351087447964462,0.9508000000000001
0.13510874468158063,0.9509000000000001
0.13510874456965272,0.9510000000000001
0.13510874446085763,0.9511000000000001
0.135108744355384,0.9512
0.1351087442534138,0.9513
0.13510874415512186,0.9514
0.13510874406067586,0.9515
0.13510874397023542,0.9516
0.13510874388395266,0.9517
0.13510874380197146,0.9518000000000001
0.13510874372442694,0.9519000000000001
0.1351087436514461,0.9520000000000001
0.13510874358314673,0.9521000000000001
0.13510874351963786,0.9522
0.13510874346101942,0.9523
0.13510874340738155,0.9524
0.1351087433588054,0.9525
0.1351087433153625,0.9526
0.13510874327711442,0.9527
0.13510874324411315,0.9528000000000001
0.1351087432164011,0.9529000000000001
0.13510874319401034,0.9530000000000001
0.13510874317696342,0.9531000000000001
0.13510874316527288,0.9532
0.1351087431589415,0.9533
0.13510874315796206,0.9534
0.1351087431623177,0.9535
0.13510874317198152,0.9536
0.13510874318691735,0.9537
0.13510874320707922,0.9538000000000001
0.13510874323241184,0.9539000000000001
0.13510874326285072,0.9540000000000001
0.1351087432983219,0.9541000000000001
0.1351087433387428,0.9542
0.1351087433840218,0.9543
0.13510874343405876,0.9544
0.13510874348874535,0.9545
0.13510874354796476,0.9546
0.13510874361159242,0.9547
0.1351087436794962,0.9548000000000001
0.13510874375153636,0.9549000000000001
0.13510874382756632,0.9550000000000001
0.13510874390743244,0.9551000000000001
0.13510874399097472,0.9552
0.1351087440780271,0.9553
0.13510874416841734,0.9554
0.13510874426196784,0.9555
0.13510874435849607,0.9556
0.13510874445781418,0.9557
0.1351087445597301,0.9558000000000001
0.13510874466404799,0.9559000000000001
0.13510874477056756,0.9560000000000001
0.13510874487908586,0.9561000000000001
0.13510874498939673,0.9562
0.13510874510129134,0.9563
0.13510874521455873,0.9564
0.1351087453289863,0.9565
0.1351087454443599,0.9566
0.1351087455604646,0.9567
0.13510874567708464,0.9568000000000001
0.13510874579400423,0.9569000000000001
0.13510874591100763,0.9570000000000001
0.13510874602787992,0.9571000000000001
0.13510874614440693,0.9572
0.13510874626037617,0.9573
0.13510874637557668,0.9574
0.13510874648979976,0.9575
0.1351087466028391,0.9576
0.13510874671449147,0.9577
0.13510874682455676,0.9578000000000001
0.13510874693283847,0.9579000000000001
0.13510874703914433,0.9580000000000001
0.1351087471432859,0.9581000000000001
0.13510874724507982,0.9582
0.1351087473443473,0.9583
0.13510874744091517,0.9584
0.13510874753461555,0.9585
0.13510874762528668,0.9586
0.1351087477127726,0.9587
0.13510874779692394,0.9588000000000001
0.13510874787759797,0.9589000000000001
0.13510874795465866,0.9590000000000001
0.13510874802797757,0.9591000000000001
0.1351087480974329,0.9592
0.13510874816291085,0.9593
0.1351087482243053,0.9594
0.13510874828151764,0.9595
0.13510874833445774,0.9596
0.1351087483830432,0.9597
0.13510874842720033,0.9598000000000001
0.13510874846686338,0.9599000000000001
0.13510874850197552,0.9600000000000001
0.1351087485324881,0.9601000000000001
0.1351087485583612,0.9602
0.1351087485795638,0.9603
0.13510874859607314,0.9604
0.13510874860787547,0.9605
0.13510874861496558,0.9606
0.135108748617347,0.9607
0.13510874861503175,0.9608000000000001
0.13510874860804067,0.9609000000000001
0.13510874859640298,0.9610000000000001
0.1351087485801562,0.9611000000000001
0.1351087485593464,0.9612
0.13510874853402766,0.9613
0.13510874850426235,0.9614
0.13510874847012067,0.9615
0.13510874843168053,0.9616
0.13510874838902764,0.9617
0.13510874834225506,0.9618000000000001
0.1351087482914629,0.9619000000000001
0.13510874823675856,0.9620000000000001
0.13510874817825624,0.9621000000000001
0.13510874811607643,0.9622
0.13510874805034634,0.9623
0.13510874798119887,0.9624
0.13510874790877292,0.9625
0.13510874783321314,0.9626
0.13510874775466886,0.9627
0.13510874767329495,0.9628000000000001
0.1351087475892505,0.9629000000000001
0.1351087475026992,0.9630000000000001
0.13510874741380863,0.9631000000000001
0.13510874732275013,0.9632000000000001
0.13510874722969846,0.9633
0.13510874713483145,0.9634
0.13510874703832954,0.9635
0.13510874694037545,0.9636
0.13510874684115404,0.9637
0.13510874674085205,0.9638000000000001
0.13510874663965722,0.9639000000000001
0.1351087465377585,0.9640000000000001
0.1351087464353452,0.9641000000000001
0.13510874633260728,0.9642000000000001
0.13510874622973423,0.9643
0.13510874612691548,0.9644
0.13510874602433953,0.9645
0.1351087459221938,0.9646
0.13510874582066423,0.9647
0.13510874571993503,0.9648
0.13510874562018815,0.9649000000000001
0.13510874552160335,0.9650000000000001
0.13510874542435747,0.9651000000000001
0.13510874532862416,0.9652000000000001
0.13510874523457406,0.9653
0.1351087451423737,0.9654
0.13510874505218595,0.9655
0.13510874496416914,0.9656
0.13510874487847724,0.9657
0.13510874479525947,0.9658
0.13510874471465995,0.9659000000000001
0.1351087446368172,0.9660000000000001
0.1351087445618646,0.9661000000000001
0.1351087444899295,0.9662000000000001
0.1351087444211334,0.9663
0.1351087443555915,0.9664
0.1351087442934128,0.9665
0.13510874423469965,0.9666
0.13510874417954755,0.9667
0.1351087441280452,0.9668
0.1351087440802745,0.9669000000000001
0.13510874403631,0.9670000000000001
0.13510874399621908,0.9671000000000001
0.13510874396006156,0.9672000000000001
0.1351087439278903,0.9673
0.13510874389975014,0.9674
0.13510874387567873,0.9675
0.13510874385570604,0.9676
0.13510874383985416,0.9677
0.13510874382813798,0.9678
0.13510874382056437,0.9679000000000001
0.13510874381713267,0.9680000000000001
0.1351087438178349,0.9681000000000001
0.13510874382265503,0.9682000000000001
0.1351087438315699,0.9683
0.13510874384454885,0.9684
0.1351087438615538,0.9685
0.13510874388253935,0.9686
0.1351087439074531,0.9687
0.1351087439362355,0.9688
0.13510874396882022,0.9689000000000001
0.13510874400513417,0.9690000000000001
0.13510874404509754,0.9691000000000001
0.13510874408862428,0.9692000000000001
0.13510874413562202,0.9693
0.13510874418599228,0.9694
0.13510874423963082,0.9695
0.13510874429642783,0.9696
0.13510874435626785,0.9697
0.13510874441903054,0.9698
0.13510874448459043,0.9699000000000001
0.1351087445528173,0.9700000000000001
0.13510874462357658,0.9701000000000001
0.13510874469672973,0.9702000000000001
0.13510874477213386,0.9703
0.13510874484964286,0.9704
0.13510874492910707,0.9705
0.13510874501037373,0.9706
0.13510874509328752,0.9707
0.13510874517769023,0.9708
0.13510874526342198,0.9709000000000001
0.1351087453503207,0.9710000000000001
0.1351087454382227,0.9711000000000001
0.1351087455269634,0.9712000000000001
0.13510874561637665,0.9713
0.13510874570629627,0.9714
0.1351087457965553,0.9715
0.13510874588698696,0.9716
0.13510874597742462,0.9717
0.1351087460677024,0.9718
0.135108746157655,0.9719000000000001
0.13510874624711855,0.9720000000000001
0.13510874633593062,0.9721000000000001
0.13510874642393034,0.9722000000000001
0.13510874651095917,0.9723
0.13510874659686078,0.9724
0.13510874668148154,0.9725
0.13510874676467044,0.9726
0.13510874684627994,0.9727
0.1351087469261657,0.9728
0.13510874700418718,0.9729000000000001
0.1351087470802078,0.9730000000000001
0.13510874715409504,0.9731000000000001
0.13510874722572064,0.9732000000000001
0.13510874729496125,0.9733
0.13510874736169798,0.9734
0.13510874742581713,0.9735
0.13510874748721025,0.9736
0.13510874754577418,0.9737
0.13510874760141145,0.9738
0.13510874765403014,0.9739000000000001
0.1351087477035442,0.9740000000000001
0.13510874774987358,0.9741000000000001
0.13510874779294457,0.9742000000000001
0.13510874783268956,0.9743
0.13510874786904703,0.9744
0.13510874790196237,0.9745
0.13510874793138694,0.9746
0.13510874795727934,0.9747
0.13510874797960404,0.9748
0.13510874799833283,0.9749000000000001
0.13510874801344397,0.9750000000000001
0.13510874802492212,0.9751000000000001
0.13510874803275918,0.9752000000000001
0.1351087480369535,0.9753000000000001
0.13510874803751005,0.9754
0.13510874803444062,0.9755
0.13510874802776351,0.9756
0.13510874801750372,0.9757
0.13510874800369244,0.9758
0.13510874798636763,0.9759000000000001
0.13510874796557326,0.9760000000000001
0.13510874794135985,0.9761000000000001
0.13510874791378358,0.9762000000000001
0.13510874788290705,0.9763000000000001
0.13510874784879845,0.9764
0.1351087478115316,0.9765
0.13510874777118598,0.9766
0.13510874772784653,0.9767
0.1351087476816032,0.9768
0.13510874763255099,0.9769000000000001
0.13510874758078995,0.9770000000000001
0.13510874752642432,0.9771000000000001
0.13510874746956325,0.9772000000000001
0.13510874741031975,0.9773000000000001
0.13510874734881084,0.9774
0.13510874728515732,0.9775
0.13510874721948374,0.9776
0.13510874715191745,0.9777
0.13510874708258924,0.9778
0.13510874701163245,0.9779
0.13510874693918318,0.9780000000000001
0.13510874686537933,0.9781000000000001
0.13510874679036144,0.9782000000000001
0.1351087467142712,0.9783000000000001
0.13510874663725203,0.9784
0.1351087465594487,0.9785
0.13510874648100668,0.9786
0.13510874640207216,0.9787
0.13510874632279168,0.9788
0.13510874624331204,0.9789
0.13510874616377966,0.9790000000000001
0.13510874608434098,0.9791000000000001
0.13510874600514122,0.9792000000000001
0.13510874592632505,0.9793000000000001
0.13510874584803567,0.9794
0.13510874577041498,0.9795
0.1351087456936031,0.9796
0.1351087456177381,0.9797
0.13510874554295593,0.9798
0.1351087454693901,0.9799
0.13510874539717144,0.9800000000000001
0.13510874532642758,0.9801000000000001
0.13510874525728322,0.9802000000000001
0.13510874518985982,0.9803000000000001
0.13510874512427495,0.9804
0.13510874506064263,0.9805
0.13510874499907266,0.9806
0.13510874493967107,0.9807
0.135108744882539,0.9808
0.13510874482777357,0.9809
0.13510874477546686,0.9810000000000001
0.13510874472570633,0.9811000000000001
0.13510874467857437,0.9812000000000001
0.13510874463414835,0.9813000000000001
0.1351087445925001,0.9814
0.1351087445536966,0.9815
0.13510874451779886,0.9816
0.13510874448486276,0.9817
0.13510874445493826,0.9818
0.13510874442806986,0.9819
0.135108744404296,0.9820000000000001
0.13510874438364961,0.9821000000000001
0.1351087443661576,0.9822000000000001
0.13510874435184095,0.9823000000000001
0.13510874434071485,0.9824
0.13510874433278852,0.9825
0.1351087443280653,0.9826
0.13510874432654274,0.9827
0.1351087443282123,0.9828
0.13510874433305975,0.9829
0.135108744341065,0.9830000000000001
0.13510874435220244,0.9831000000000001
0.1351087443664406,0.9832000000000001
0.13510874438374243,0.9833000000000001
0.1351087444040655,0.9834
0.13510874442736187,0.9835
0.13510874445357846,0.9836
0.13510874448265686,0.9837
0.13510874451453359,0.9838
0.13510874454914046,0.9839
0.13510874458640443,0.9840000000000001
0.13510874462624767,0.9841000000000001
0.13510874466858802,0.9842000000000001
0.1351087447133391,0.9843000000000001
0.13510874476041035,0.9844
0.13510874480970714,0.9845
0.13510874486113134,0.9846
0.1351087449145809,0.9847
0.13510874496995084,0.9848
0.13510874502713277,0.9849
0.13510874508601534,0.9850000000000001
0.13510874514648452,0.9851000000000001
0.13510874520842364,0.9852000000000001
0.13510874527171424,0.9853000000000001
0.13510874533623507,0.9854
0.13510874540186357,0.9855
0.1351087454684754,0.9856
0.13510874553594476,0.9857
0.135108745604145,0.9858
0.13510874567294817,0.9859
0.13510874574222598,0.9860000000000001
0.13510874581184973,0.9861000000000001
0.1351087458816902,0.9862000000000001
0.1351087459516187,0.9863000000000001
0.13510874602150635,0.9864
0.13510874609122514,0.9865
0.13510874616064772,0.9866
0.13510874622964775,0.9867
0.13510874629809988,0.9868
0.13510874636588066,0.9869
0.13510874643286774,0.9870000000000001
0.13510874649894133,0.9871000000000001
0.13510874656398297,0.9872000000000001
0.1351087466278772,0.9873000000000001
0.13510874669051065,0.9874
0.13510874675177276,0.9875
0.13510874681155594,0.9876
0.1351087468697557,0.9877
0.13510874692627062,0.9878
0.13510874698100306,0.9879
0.13510874703385878,0.9880000000000001
0.13510874708474718,0.9881000000000001
0.1351087471335819,0.9882000000000001
0.13510874718028054,0.9883000000000001
0.13510874722476485,0.9884000000000001
0.13510874726696076,0.9885
0.13510874730679912,0.9886
0.13510874734421496,0.9887
0.13510874737914802,0.9888
0.135108747411543,0.9889
0.13510874744134926,0.9890000000000001
0.1351087474685212,0.9891000000000001
0.13510874749301816,0.9892000000000001
0.13510874751480462,0.9893000000000001
0.13510874753384994,0.9894000000000001
0.13510874755012892,0.9895
0.13510874756362135,0.9896
0.13510874757431224,0.9897
0.1351087475821917,0.9898
0.1351087475872551,0.9899
0.1351087475895032,0.9900000000000001
0.13510874758894154,0.9901000000000001
0.1351087475855811,0.9902000000000001
0.13510874757943792,0.9903000000000001
0.13510874757053282,0.9904000000000001
0.13510874755889202,0.9905
0.13510874754454627,0.9906
0.13510874752753155,0.9907
0.13510874750788837,0.9908
0.13510874748566204,0.9909
0.1351087474609024,0.991
0.13510874743366363,0.9911000000000001
0.13510874740400458,0.9912000000000001
0.13510874737198808,0.9913000000000001
0.13510874733768108,0.9914000000000001
0.13510874730115474,0.9915
0.13510874726248379,0.9916
0.1351087472217467,0.9917
0.13510874717902555,0.9918
0.13510874713440557,0.9919
0.1351087470879755,0.992
0.13510874703982667,0.9921000000000001
0.1351087469900536,0.9922000000000001
0.1351087469387533,0.9923000000000001
0.13510874688602525,0.9924000000000001
0.13510874683197127,0.9925
0.13510874677669527,0.9926
0.13510874672030282,0.9927
0.1351087466629015,0.9928
0.13510874660460004,0.9929
0.13510874654550875,0.993
0.13510874648573878,0.9931000000000001
0.13510874642540216,0.9932000000000001
0.13510874636461168,0.9933000000000001
0.13510874630348035,0.9934000000000001
0.13510874624212188,0.9935
0.1351087461806494,0.9936
0.13510874611917623,0.9937
0.1351087460578151,0.9938
0.13510874599667844,0.9939
0.1351087459358774,0.994
0.13510874587552268,0.9941000000000001
0.1351087458157233,0.9942000000000001
0.13510874575658716,0.9943000000000001
0.1351087456982204,0.9944000000000001
0.1351087456407274,0.9945
0.13510874558421082,0.9946
0.13510874552877072,0.9947
0.13510874547450524,0.9948
0.13510874542150975,0.9949
0.13510874536987727,0.995
0.13510874531969752,0.9951000000000001
0.13510874527105776,0.9952000000000001
0.1351087452240416,0.9953000000000001
0.13510874517872984,0.9954000000000001
0.13510874513519966,0.9955
0.13510874509352466,0.9956
0.1351087450537748,0.9957
0.13510874501601622,0.9958
0.13510874498031145,0.9959
0.13510874494671865,0.996
0.13510874491529223,0.9961000000000001
0.13510874488608215,0.9962000000000001
0.13510874485913427,0.9963000000000001
0.1351087448344901,0.9964000000000001
0.13510874481218693,0.9965
0.13510874479225743,0.9966
0.13510874477472967,0.9967
0.13510874475962775,0.9968
0.13510874474697065,0.9969
0.13510874473677303,0.997
0.1351087447290451,0.9971000000000001
0.1351087447237923,0.9972000000000001
0.13510874472101564,0.9973000000000001
0.13510874472071155,0.9974000000000001
0.13510874472287193,0.9975
0.13510874472748413,0.9976
0.13510874473453116,0.9977
0.1351087447439916,0.9978
0.13510874475583945,0.9979
0.13510874477004475,0.998
0.1351087447865731,0.9981000000000001
0.13510874480538604,0.9982000000000001
0.13510874482644109,0.9983000000000001
0.1351087448496916,0.9984000000000001
0.1351087448750874,0.9985
0.1351087449025743,0.9986
0.13510874493209446,0.9987
0.1351087449635866,0.9988
0.1351087449969861,0.9989
0.1351087450322248,0.999
0.13510874506923176,0.9991000000000001
0.1351087451079328,0.9992000000000001
0.13510874514825089,0.9993000000000001
0.13510874519010652,0.9994000000000001
0.13510874523341732,0.9995
0.1351087452780988,0.9996
0.13510874532406414,0.9997
0.13510874537122441,0.9998
0.13510874541948903,0.9999
0.13510874546876528,1.0
