glottal gap,time
0.06000000000000005,0.0
0.06000000000000005,0.0001
0.0594913062458704,0.0002
0.058281911170591894,0.00030000000000000003
0.0570383488384647,0.0004
0.0559447712595913,0.0005
0.054889072891966206,0.0006000000000000001
0.05384672167060334,0.0007
0.05275200174757422,0.0008
0.05159836764861403,0.0009000000000000001
0.050394851060789225,0.001
0.04917134351190722,0.0011
0.04795917332978794,0.0012000000000000001
0.046791278946662684,0.0013000000000000002
0.04569159028979608,0.0014
0.04468039401569679,0.0015
0.04377036297232073,0.0016
0.04296789116776423,0.0017000000000000001
0.042266745872085565,0.0018000000000000002
0.04171035211661955,0.0019
0.04131053556752984,0.002
0.040968836007103215,0.0021000000000000003
0.040637644621749125,0.0022
0.04034880004002406,0.0023
0.040156500741955314,0.0024000000000000002
0.04014152517881997,0.0025
0.04038046992305944,0.0026000000000000003
0.040925265104573505,0.0027
0.04173120712178058,0.0028
0.042725065930805606,0.0029000000000000002
0.0439046327606869,0.003
0.04523955733345719,0.0031000000000000003
0.046676929396439304,0.0032
0.04820257903852743,0.0033
0.04982820434612911,0.0034000000000000002
0.05158729826635833,0.0035
0.053516127658769896,0.0036000000000000003
0.05564022113156475,0.0037
0.05796968437798067,0.0038
0.0605021213982595,0.0039000000000000003
0.06322733155345328,0.004
0.06613144205408472,0.0041
0.06919768584413111,0.004200000000000001
0.07240623038595939,0.0043
0.07573365743792648,0.0044
0.07915402869698662,0.0045000000000000005
0.08264037444975691,0.0046
0.08616700611681782,0.0047
0.08971101716801555,0.0048000000000000004
0.09325332034656464,0.0049
0.09671400677630271,0.005
0.09990487170422147,0.0051
0.10308661542325515,0.005200000000000001
0.10625367716846845,0.0053
0.10809589473375791,0.0054
0.10899091260485316,0.0055000000000000005
0.10960232499814415,0.0056
0.11012101107721006,0.0057
0.11060234817851744,0.0058000000000000005
0.1107526473774132,0.0059
0.11093527323568408,0.006
0.11113171287271417,0.0061
0.11132693191242349,0.006200000000000001
0.11123769588395271,0.0063
0.11111231441775671,0.0064
0.11104124536038751,0.006500000000000001
0.11104183093531084,0.0066
0.11111907687302314,0.0067
0.11110822800589382,0.0068000000000000005
0.11111229398089051,0.006900000000000001
0.11120198251328606,0.007
0.11136464602980811,0.0071
0.11157822593463207,0.007200000000000001
0.11181850332664878,0.0073
0.11206144143395314,0.0074
0.11228467975197343,0.007500000000000001
0.11246880794442671,0.0076
0.11259784461159739,0.0077
0.11265996919101906,0.0078000000000000005
0.11264840086262151,0.0079
0.11256180267044047,0.008
0.1124038544972834,0.0081
0.11218121943254211,0.0082
0.11189998479797669,0.0083
0.1115622187576083,0.008400000000000001
0.11116413135351566,0.0085
0.1106220873773559,0.0086
0.10986385149065148,0.008700000000000001
0.10900605067077351,0.0088
0.10804448652096377,0.0089
0.10697367645384182,0.009000000000000001
0.10567336719915332,0.0091
0.10414555396183567,0.0092
0.1025257523224915,0.009300000000000001
0.10082782357729148,0.0094
0.09905856368448995,0.0095
0.0972232091553431,0.009600000000000001
0.09519221132108502,0.0097
0.09261611130409553,0.0098
0.08973219956079015,0.0099
0.0864524773664066,0.01
0.08299195757258271,0.010100000000000001
0.07951969176210905,0.0102
0.0760051721364029,0.0103
0.07256218521374147,0.010400000000000001
0.06920411655431657,0.0105
0.06594138510536529,0.0106
0.06278612647442539,0.010700000000000001
0.05976108114516809,0.0108
0.05689680690693555,0.0109
0.05420468290045655,0.011000000000000001
0.0516847193908625,0.0111
0.049347888656949834,0.0112
0.047203448050173735,0.011300000000000001
0.04524319842370228,0.0114
0.04333051216058603,0.0115
0.041622747396019566,0.011600000000000001
0.040141674839752284,0.0117
0.0388979043493769,0.0118
0.03789889318755857,0.0119
0.037151297651129456,0.012
0.036657360305730746,0.012100000000000001
0.03641537016511731,0.0122
0.036419512663128595,0.0123
0.036660776513256055,0.012400000000000001
0.037127617994578754,0.0125
0.03780655826605095,0.0126
0.038624140066558565,0.012700000000000001
0.03952105282462526,0.0128
0.040543062780622696,0.0129
0.04170836562104174,0.013000000000000001
0.04299008524482928,0.0131
0.044368289440229525,0.0132
0.04581907224713744,0.013300000000000001
0.047323504907073044,0.0134
0.04886467393435301,0.0135
0.0504251397138038,0.013600000000000001
0.051986411729207704,0.0137
0.05352933550980388,0.013800000000000002
0.0550348960652387,0.013900000000000001
0.056485144335557624,0.014
0.05786357876768755,0.014100000000000001
0.05915518778960327,0.0142
0.0603463198854125,0.0143
0.06142471080766598,0.014400000000000001
0.062379398504165184,0.0145
0.06320085465990255,0.0146
0.06388099393702096,0.014700000000000001
0.06441338545297814,0.0148
0.06479324314771862,0.0149
0.06501760185744831,0.015000000000000001
0.06508535368155333,0.0151
0.06499752877630438,0.0152
0.06475745243046627,0.015300000000000001
0.06437096941689358,0.0154
0.06384633060815725,0.0155
0.06319397897784362,0.015600000000000001
0.06242608498854296,0.015700000000000002
0.061556221727552596,0.0158
0.06059908373428036,0.0159
0.059570428487134564,0.016
0.058486970262175975,0.0161
0.05736628861923454,0.0162
0.05622660132576529,0.016300000000000002
0.05508658163055524,0.0164
0.05396515837114646,0.0165
0.05288140596558111,0.0166
0.05185438720614832,0.0167
0.05090299023312772,0.016800000000000002
0.050045660835417616,0.016900000000000002
0.0493001121792509,0.017
0.04868297544780331,0.0171
0.04820948177395401,0.0172
0.04789315340264344,0.0173
0.047745574621049114,0.017400000000000002
0.04777621464370818,0.0175
0.047992344850708246,0.0176
0.04839900789576834,0.0177
0.04899905545433669,0.0178
0.04979320467519832,0.0179
0.05078012081176797,0.018000000000000002
0.05195648674070785,0.0181
0.053317076390618334,0.0182
0.05485481571177542,0.0183
0.056560860620618936,0.0184
0.058424687699856204,0.018500000000000003
0.06043422087801098,0.018600000000000002
0.06257598144319987,0.0187
0.06483526770183357,0.0188
0.06719634370060623,0.0189
0.06960698579319713,0.019
0.0719369849572713,0.019100000000000002
0.07433109434818708,0.019200000000000002
0.07678136137163216,0.0193
0.07926955150083015,0.0194
0.08177575424430339,0.0195
0.08428136473147041,0.0196
0.08668840872760764,0.019700000000000002
0.08861095570760269,0.0198
0.09017928179743773,0.0199
0.09152272893140367,0.02
0.0926802328464964,0.0201
0.09383593820424319,0.020200000000000003
0.0948748001409887,0.020300000000000002
0.09593545801270187,0.0204
0.0970240373540272,0.0205
0.09811009730837694,0.0206
0.09901174556292036,0.0207
0.09993652621808846,0.020800000000000003
0.1008867626172687,0.020900000000000002
0.10185262402244133,0.021
0.10281959800748797,0.0211
0.10377320565471371,0.0212
0.10469840538213182,0.0213
0.10558087676878836,0.021400000000000002
0.10640653792051458,0.021500000000000002
0.1071617538256695,0.0216
0.10783329214189885,0.0217
0.10840851578769672,0.0218
0.1088752416080484,0.0219
0.10921252329651898,0.022000000000000002
0.10938293260753396,0.0221
0.1094274221837157,0.0222
0.10933848343038666,0.0223
0.10911024860717977,0.0224
0.10874138473351513,0.022500000000000003
0.10823609477172447,0.022600000000000002
0.1076026124772903,0.0227
0.10685110082792237,0.0228
0.10598652773925143,0.0229
0.10497883945047615,0.023
0.10386836878116501,0.023100000000000002
0.1026600518126689,0.023200000000000002
0.10135689964628081,0.0233
0.09996218248732891,0.0234
0.09848057252934805,0.0235
0.09691781736334715,0.0236
0.0952803675706525,0.023700000000000002
0.09357481722702643,0.0238
0.09180766003239016,0.0239
0.08998530669006854,0.024
0.08811425166845233,0.0241
0.08620115887923219,0.024200000000000003
0.08425281068185986,0.024300000000000002
0.08227592960112451,0.0244
0.08027696524585337,0.0245
0.07802771896078242,0.0246
0.07561485638887233,0.0247
0.07304313862770373,0.024800000000000003
0.07033548436935955,0.024900000000000002
0.06745771002163659,0.025
0.0644997429476244,0.0251
0.06150527284006857,0.0252
0.05857006478788307,0.0253
0.055713376921672664,0.025400000000000002
0.05295135318808697,0.025500000000000002
0.050210068212837244,0.0256
0.04754291416297485,0.0257
0.04501287003802079,0.0258
0.04264300303951063,0.025900000000000003
0.04045325957507084,0.026000000000000002
0.03846439963896886,0.0261
0.03669737989773436,0.0262
0.03517293757360629,0.0263
0.033910719194793826,0.0264
0.032867421142183995,0.026500000000000003
0.0319101560378674,0.026600000000000002
0.03126570109803617,0.0267
0.030966982922438824,0.0268
0.03101781122421743,0.0269
0.0314111049740089,0.027
0.03213533103491262,0.027100000000000003
0.033171285232501235,0.027200000000000002
0.03449487034572529,0.0273
0.03607749312717434,0.0274
0.03782818458267867,0.0275
0.039668533180693855,0.027600000000000003
0.04162830187881772,0.027700000000000002
0.04371398542560323,0.027800000000000002
0.0458895408347193,0.0279
0.04812749363174662,0.028
0.05039789714022924,0.0281
0.05267719903242729,0.028200000000000003
0.05494552294385513,0.028300000000000002
0.05718391106546705,0.0284
0.05937353530603584,0.0285
0.06149546027956654,0.0286
0.06353109387049971,0.0287
0.06546289686742812,0.028800000000000003
0.06727493334020707,0.028900000000000002
0.06895310125027965,0.029
0.07048522190655337,0.0291
0.0718610722134313,0.0292
0.07307219071919746,0.029300000000000003
0.07411171100813607,0.029400000000000003
0.0749740913097795,0.029500000000000002
0.07565507246402392,0.0296
0.07615159806234639,0.0297
0.07646199462250802,0.0298
0.0765860840482614,0.029900000000000003
0.0765254843271308,0.030000000000000002
0.07628378670020186,0.030100000000000002
0.07586679038603406,0.0302
0.07528246248816017,0.0303
0.07454080156776044,0.0304
0.07365344231349213,0.030500000000000003
0.07263332307288406,0.030600000000000002
0.07149435576527785,0.0307
0.07025129228110882,0.0308
0.06891958433712342,0.0309
0.06751529765355091,0.031
0.06605494387599731,0.031100000000000003
0.06455537893886953,0.031200000000000002
0.06303371682386161,0.0313
0.06150735178910438,0.031400000000000004
0.059993963695562535,0.0315
0.05851152167841711,0.0316
0.05707817593947784,0.0317
0.055712085670183153,0.0318
0.054431138120253575,0.031900000000000005
0.053252634919622066,0.032
0.05224382245788983,0.032100000000000004
0.051449699104797686,0.0322
0.050717808392516384,0.0323
0.0500472750959573,0.0324
0.049560071064061795,0.0325
0.049271386100145254,0.032600000000000004
0.04918102475327801,0.0327
0.04928712176830641,0.0328
0.04958571553098157,0.0329
0.05007442258511463,0.033
0.050751597086941214,0.033100000000000004
0.0516156210454759,0.0332
0.052663808439176396,0.0333
0.053891358536031,0.0334
0.05529147603053519,0.0335
0.056855391530752364,0.033600000000000005
0.05857282369701422,0.0337
0.06040441420260223,0.033800000000000004
0.062307344927236,0.0339
0.06433494291414088,0.034
0.0664762998538323,0.0341
0.06871705273009732,0.0342
0.07104190228873197,0.034300000000000004
0.073435395145512,0.0344
0.07588209272750646,0.0345
0.07832237211012283,0.0346
0.08077784414168487,0.0347
0.08324723182514082,0.034800000000000005
0.08571543882826804,0.0349
0.08814401745728495,0.035
0.09051920128398172,0.0351
0.09282387419030036,0.0352
0.0950492602379297,0.035300000000000005
0.0971978875953996,0.0354
0.0992530210052297,0.035500000000000004
0.10117439204157797,0.0356
0.10297484213535024,0.0357
0.10463988048661033,0.0358
0.1061560250072685,0.0359
0.1074846415884756,0.036000000000000004
0.10863987305560807,0.0361
0.10959696992447143,0.0362
0.11034394885737764,0.0363
0.11089312933622864,0.0364
0.11114627693517776,0.036500000000000005
0.1111494245983562,0.0366
0.11095757154969466,0.0367
0.11057256303365015,0.0368
0.10999517105275969,0.0369
0.10922816205504038,0.037000000000000005
0.108276508260433,0.0371
0.10714726546468889,0.037200000000000004
0.1058491944185801,0.0373
0.10439217978982906,0.0374
0.10278680118301975,0.0375
0.10104424999764339,0.0376
0.09917639567754788,0.037700000000000004
0.0971958235517647,0.0378
0.09511568130361003,0.0379
0.09294924459381648,0.038
0.0907092558972894,0.0381
0.08840752650699713,0.038200000000000005
0.08605568781581496,0.0383
0.0836666066458378,0.038400000000000004
0.08125440924084426,0.0385
0.07883291003568893,0.0386
0.07641454027623906,0.038700000000000005
0.07401053562056181,0.0388
0.07163154133492977,0.038900000000000004
0.06928809624459431,0.039
0.06699070031008025,0.0391
0.06474963855639526,0.0392
0.062422762484273586,0.0393
0.060006610079404,0.039400000000000004
0.057619878659336266,0.0395
0.05516835134212461,0.0396
0.052675092108539934,0.0397
0.050126247298622584,0.0398
0.047482499206428,0.039900000000000005
0.04486713203311288,0.04
0.042227892597406225,0.040100000000000004
0.03974638737107439,0.0402
0.037454975139518565,0.0403
0.03537868720777926,0.040400000000000005
0.033519571592637076,0.0405
0.031715242656959575,0.040600000000000004
0.030173406829021365,0.0407
0.02894343922386189,0.0408
0.028053826518309233,0.0409
0.027526079419343485,0.041
0.02737855739934547,0.041100000000000005
0.027494609783791812,0.0412
0.027739423025312515,0.0413
0.028403438252834867,0.0414
0.029515317251936013,0.0415
0.031053256470142676,0.041600000000000005
0.032979456354991,0.0417
0.03525136918915206,0.041800000000000004
0.037819251465086356,0.0419
0.040567384087081715,0.042
0.04339272993025811,0.042100000000000005
0.04630943756663908,0.0422
0.0493118228590661,0.042300000000000004
0.05235292514199963,0.0424
0.055366954732122275,0.0425
0.05826550308519041,0.0426
0.061187567080356775,0.0427
0.06409880368964938,0.042800000000000005
0.06696369193616736,0.0429
0.0697467319812124,0.043000000000000003
0.07236445911909839,0.0431
0.07476757357888819,0.0432
0.07700528027762799,0.043300000000000005
0.07906815689185165,0.0434
0.08094378482598052,0.043500000000000004
0.08262057636598708,0.0436
0.08408909958920519,0.0437
0.08534180586079598,0.0438
0.08637352538664245,0.0439
0.0871811078374769,0.044000000000000004
0.08776312440392997,0.0441
0.08811923030423707,0.0442
0.08824991493459378,0.0443
0.0881563597808005,0.0444
0.08784078317148503,0.044500000000000005
0.0873067452832832,0.0446
0.0865595936038338,0.044700000000000004
0.0856065884974817,0.0448
0.08445696920890744,0.0449
0.08312173462906913,0.045000000000000005
0.08161347179201517,0.0451
0.07994607537766996,0.045200000000000004
0.07813456677946684,0.0453
0.07619480343263718,0.0454
0.0741432504382229,0.0455
0.07199672218751896,0.0456
0.06977232004331158,0.045700000000000005
0.06748747340713257,0.0458
0.06505191899407792,0.0459
0.06258818608192784,0.046
0.06013114816325005,0.0461
0.057711311782631114,0.046200000000000005
0.05536561850920241,0.0463
0.05311186179481031,0.046400000000000004
0.050956409849356676,0.0465
0.04891820289381088,0.0466
0.04701475933511978,0.046700000000000005
0.0452603893635628,0.0468
0.04358095084156721,0.046900000000000004
0.04206070216999058,0.047
0.040753530872300825,0.0471
0.03967769318250913,0.0472
0.0388481951725943,0.0473
0.03827830129296017,0.047400000000000005
0.03797953043738245,0.0475
0.03796190324975268,0.0476
0.0382332234361904,0.0477
0.038798635662757874,0.0478
0.03966004925866873,0.047900000000000005
0.040815939475132845,0.048
0.04226113262083531,0.048100000000000004
0.043987067867110596,0.0482
0.04598217741948618,0.0483
0.04823261374874854,0.048400000000000006
0.050722732683133875,0.0485
0.05335062759485143,0.048600000000000004
0.05615175356938651,0.0487
0.05915319375867023,0.0488
0.06233524652192912,0.0489
0.06567157479348973,0.049
0.06913480211398038,0.049100000000000005
0.07268941383223027,0.0492
0.07629201197129332,0.049300000000000004
0.07991419702280755,0.0494
0.083537901183661,0.0495
0.08713655240403173,0.049600000000000005
0.09068483277035877,0.0497
0.09416063127599683,0.049800000000000004
0.09753450807052844,0.0499
0.10072249299922131,0.05
0.10379647143521742,0.050100000000000006
0.10673956698876585,0.0502
0.10953080752674083,0.050300000000000004
0.11214906806525637,0.0504
0.11457500309185664,0.0505
0.11679055406813599,0.0506
0.11877935062278633,0.0507
0.12052660045238439,0.050800000000000005
0.12201917359826686,0.0509
0.12324557338722786,0.051000000000000004
0.12419130020915947,0.0511
0.1248417124002964,0.0512
0.12518933075568095,0.051300000000000005
0.12517689230640128,0.0514
0.12470486171450845,0.051500000000000004
0.12276544189832561,0.0516
0.1205566350762387,0.0517
0.1181321358030164,0.051800000000000006
0.1154706326393522,0.0519
0.11255560550501742,0.052000000000000005
0.10947051026081545,0.0521
0.10623529002973553,0.0522
0.10287535677342374,0.0523
0.0994196118790237,0.0524
0.09589763583844846,0.052500000000000005
0.09233672676354432,0.0526
0.0887623195611178,0.052700000000000004
0.08519896440977792,0.0528
0.08167117721669814,0.0529
0.0782019579855866,0.053000000000000005
0.07481129914699858,0.0531
0.07151605957896212,0.053200000000000004
0.06833113159548343,0.0533
0.06515036603807622,0.0534
0.062051936743634184,0.053500000000000006
0.05908296735111507,0.0536
0.05625439641495311,0.053700000000000005
0.05357142623794142,0.0538
0.051038868884628386,0.0539
0.04866251104631214,0.054
0.04645087002355286,0.0541
0.044415604025767275,0.054200000000000005
0.04215321683557116,0.0543
0.03983721859944778,0.054400000000000004
0.03747887875310907,0.0545
0.03506925219598167,0.0546
0.03265711199038357,0.054700000000000006
0.03025704012469843,0.0548
0.027994401737312602,0.054900000000000004
0.02592453472567402,0.055
0.024068210849027993,0.0551
0.022602639452284246,0.055200000000000006
0.0215829479889722,0.0553
0.021052475045421737,0.055400000000000005
0.02104485909745102,0.0555
0.021280818213138986,0.055600000000000004
0.021799102710233775,0.0557
0.02282345106110828,0.0558
0.024333768608332473,0.055900000000000005
0.026085908249937395,0.056
0.02802752152477095,0.056100000000000004
0.03054550138282308,0.0562
0.033633287737235396,0.0563
0.037187683007550376,0.056400000000000006
0.04105335401532195,0.0565
0.045087042563251245,0.056600000000000004
0.049259587266052174,0.0567
0.053528942847522964,0.0568
0.05760399101829616,0.056900000000000006
0.061603158098956,0.057
0.06564492627107399,0.057100000000000005
0.06967432722077438,0.0572
0.07362818967846552,0.057300000000000004
0.0774619032366134,0.0574
0.08110082231394122,0.0575
0.08448712197248165,0.057600000000000005
0.08763375358887193,0.0577
0.09054657942475053,0.057800000000000004
0.09320928630758818,0.0579
0.09561228293269308,0.058
0.09774085855733772,0.058100000000000006
0.09946837434253797,0.0582
0.10080900575470275,0.058300000000000005
0.10184631903830199,0.0584
0.10258626087259815,0.0585
0.1030318905048111,0.058600000000000006
0.10318743142940834,0.0587
0.10305842868689885,0.058800000000000005
0.1026509486996896,0.0589
0.10197118067498034,0.059000000000000004
0.10102516445588339,0.0591
0.09982436826435614,0.0592
0.09838214115826749,0.059300000000000005
0.09670592485644525,0.0594
0.09480298710767332,0.059500000000000004
0.09268089977069627,0.0596
0.09034721272341195,0.0597
0.08779590376847368,0.059800000000000006
0.08489483737026127,0.0599
0.0818284145556889,0.060000000000000005
0.07861987648110003,0.0601
0.07518047341296152,0.060200000000000004
0.07085595263202338,0.0603
0.06658189612331222,0.0604
0.06242781379364226,0.060500000000000005
0.05841292688874544,0.0606
0.0544962588136535,0.060700000000000004
0.05065076080645636,0.0608
0.04696567644341121,0.0609
0.04347998333546488,0.061000000000000006
0.04023125860401544,0.0611
0.037192935116277415,0.061200000000000004
0.03443693772477263,0.0613
0.032003126154459105,0.0614
0.029922099951849912,0.061500000000000006
0.028216558273790993,0.0616
0.02678699659065642,0.061700000000000005
0.02575048677794589,0.0618
0.025050576871509467,0.061900000000000004
0.02465439940992531,0.062
0.02459399073634505,0.0621
0.024773640839413247,0.062200000000000005
0.025198230647129227,0.0623
0.02587300928248859,0.062400000000000004
0.0266951721504336,0.0625
0.02792415892998279,0.0626
0.029344311497134568,0.0627
0.031134502703310973,0.06280000000000001
0.033407060889057316,0.0629
0.03616088531181605,0.063
0.03936526250579919,0.0631
0.042968925286778425,0.0632
0.04684550357142658,0.06330000000000001
0.05063086610268841,0.0634
0.054741448451483876,0.0635
0.059167252562736916,0.0636
0.06384879134800747,0.0637
0.06871507155592194,0.06380000000000001
0.07340669897533558,0.0639
0.07815412580078462,0.064
0.08298130972084017,0.0641
0.08783400295736932,0.06420000000000001
0.09265852231785132,0.06430000000000001
0.09740429491068248,0.0644
0.10202676807157851,0.0645
0.10648804372096699,0.0646
0.11075357429080757,0.06470000000000001
0.11478707058923387,0.0648
0.11855302828889724,0.0649
0.12202620907237083,0.065
0.12518618457689457,0.0651
0.12801740457039057,0.06520000000000001
0.13050921924960357,0.0653
0.13265421895335927,0.0654
0.1344473182777931,0.0655
0.13588321071815956,0.0656
0.13695580517006933,0.06570000000000001
0.13765905477059182,0.0658
0.13798751927636044,0.0659
0.13793746221667524,0.066
0.13750695184109352,0.0661
0.13508201265490805,0.06620000000000001
0.13156701314056451,0.0663
0.12775058673180373,0.0664
0.12375386576443992,0.0665
0.11959911407605739,0.0666
0.11530246083836215,0.06670000000000001
0.11088413053217328,0.0668
0.10637148703612698,0.0669
0.10179838229795424,0.067
0.09720200621101938,0.0671
0.09261821854714525,0.06720000000000001
0.08807938420113659,0.0673
0.0836144482334491,0.0674
0.07925039458608096,0.0675
0.07494283208143504,0.06760000000000001
0.0707359291223989,0.06770000000000001
0.0666908676893716,0.0678
0.06283301220515769,0.0679
0.059180935671441004,0.068
0.055748174410117146,0.06810000000000001
0.05254289651798483,0.0682
0.04956818123856532,0.0683
0.046809521835580625,0.0684
0.04385521748165577,0.0685
0.04108883046291556,0.06860000000000001
0.03855518027583571,0.0687
0.036271890598413625,0.0688
0.034203051865956624,0.0689
0.031564950487285026,0.069
0.028988826649634758,0.06910000000000001
0.026415779518041527,0.0692
0.023921218347159545,0.0693
0.021547214996195052,0.0694
0.01929777447183456,0.0695
0.017457824387408838,0.06960000000000001
0.015741626750660487,0.0697
0.014530663602934979,0.0698
0.013948474774561515,0.0699
0.014076518899059032,0.07
0.01495611808436359,0.07010000000000001
0.016063573809904863,0.0702
0.017590705871871615,0.0703
0.01989594532904926,0.0704
0.02288188896394794,0.07050000000000001
0.025634867954092977,0.07060000000000001
0.028976107419795172,0.0707
0.03305219041523033,0.0708
0.037713347496873384,0.0709
0.042755440879139295,0.07100000000000001
0.04799003410835101,0.0711
0.05336610854518775,0.0712
0.058790583779267935,0.0713
0.06387570199570136,0.0714
0.06903381213401927,0.07150000000000001
0.07418721591531507,0.0716
0.07925528769494439,0.0717
0.08412527629555133,0.0718
0.08871780261514772,0.0719
0.09303315642568555,0.07200000000000001
0.09707221840130176,0.0721
0.10081477792923099,0.0722
0.10425046488264045,0.0723
0.10736387196246111,0.0724
0.11014428129339826,0.07250000000000001
0.11258192185326832,0.0726
0.11466814181531038,0.0727
0.1161980424843656,0.0728
0.11730179170371313,0.0729
0.11802881696347867,0.07300000000000001
0.11838330816401066,0.0731
0.11836949582260992,0.0732
0.11799473485204726,0.0733
0.11726781606997472,0.0734
0.11619821487362669,0.07350000000000001
0.11479540038709213,0.0736
0.11306851930788375,0.0737
0.11102659750590715,0.0738
0.10867892863561268,0.07390000000000001
0.10604043558402021,0.07400000000000001
0.10285273624871272,0.0741
0.09774388974588988,0.0742
0.0925272438603858,0.0743
0.08730582037304879,0.07440000000000001
0.08210927436693949,0.0745
0.07694624134498196,0.0746
0.07183464108063808,0.0747
0.06679636785388943,0.0748
0.061866061030577346,0.07490000000000001
0.05708594276546153,0.075
0.05250007589802608,0.0751
0.04814795932141225,0.0752
0.04406510429088928,0.0753
0.040285391025524975,0.07540000000000001
0.03684341564321825,0.0755
0.03377294229265693,0.0756
0.03110226454537046,0.0757
0.028850490760076175,0.0758
0.027017210509209466,0.07590000000000001
0.02514481663060497,0.076
0.023631123334189263,0.0761
0.022335865552148837,0.0762
0.02131410268200984,0.0763
0.020425803538616005,0.07640000000000001
0.019718436602727207,0.0765
0.019265400247455933,0.0766
0.01904374539038267,0.0767
0.01902723210710855,0.07680000000000001
0.019247812455574165,0.07690000000000001
0.019797850269830386,0.077
0.02076587638236882,0.0771
0.022003600826730807,0.0772
0.023874091595716518,0.07730000000000001
0.026417937289135107,0.07740000000000001
0.029603180745744417,0.0775
0.033369911303203326,0.0776
0.03737191127558681,0.0777
0.041371162113223336,0.07780000000000001
0.04581758867004426,0.0779
0.05072129737738851,0.078
0.05573184273753484,0.0781
0.06088765205079116,0.0782
0.06624289134674088,0.07830000000000001
0.07177413296061064,0.0784
0.0774266174473136,0.0785
0.08312165446348319,0.0786
0.08879003063169155,0.0787
0.09436745367588462,0.07880000000000001
0.09979786757144693,0.0789
0.10502885721836042,0.079
0.11001112455185869,0.0791
0.1147083582747237,0.0792
0.11909027101355407,0.07930000000000001
0.12313381936042833,0.0794
0.12682349507858848,0.0795
0.13015017530115058,0.0796
0.13310910126812092,0.07970000000000001
0.13569666836014282,0.07980000000000001
0.1379081532598203,0.0799
0.1397375891048589,0.08
0.14117740923498556,0.0801
0.14221992220287816,0.08020000000000001
0.14285817169153858,0.08030000000000001
0.14308734355135255,0.0804
0.1429050856159766,0.0805
0.14231181685650163,0.0806
0.13976499647793317,0.08070000000000001
0.13551351581639148,0.08080000000000001
0.1309969933974897,0.0809
0.12630995946851842,0.081
0.1214846601609838,0.0811
0.11653843795068075,0.08120000000000001
0.11149273533901238,0.0813
0.10637434808586577,0.0814
0.10121755946766409,0.0815
0.09606129808233144,0.0816
0.0909450918171375,0.08170000000000001
0.08590645880098224,0.0818
0.08098096656352816,0.0819
0.07620330744782644,0.082
0.07160785847014939,0.0821
0.06722774767412376,0.08220000000000001
0.06309267702144328,0.0823
0.0592268099506752,0.0824
0.05544787646111926,0.0825
0.0518968064217209,0.0826
0.04861672341144119,0.08270000000000001
0.04561370419815991,0.0828
0.04288347789393776,0.0829
0.0403712336409483,0.083
0.03759587296990485,0.08310000000000001
0.03505017163406898,0.08320000000000001
0.03280300465923247,0.0833
0.030881312495152358,0.0834
0.028379221766169804,0.0835
0.025926890795462176,0.08360000000000001
0.023529427847566176,0.08370000000000001
0.021277077207314754,0.0838
0.01920882611720831,0.0839
0.017318897508288078,0.084
0.01571776543154213,0.08410000000000001
0.01441032823873134,0.08420000000000001
0.013471853815004708,0.0843
0.013216224531608534,0.0844
0.013739403547432971,0.0845
0.015066658108778386,0.08460000000000001
0.017057140849994656,0.0847
0.018956288542670396,0.0848
0.02154390461022926,0.0849
0.024697054883494607,0.085
0.02791101688157105,0.08510000000000001
0.03184891381499533,0.0852
0.036476018662890075,0.0853
0.041667084238298235,0.0854
0.0472012387461922,0.0855
0.05290655036345715,0.08560000000000001
0.058729107012071013,0.0857
0.06461117909271707,0.0858
0.07009945137901175,0.0859
0.07562615078801038,0.08600000000000001
0.08111019384028373,0.08610000000000001
0.08643009308988625,0.0862
0.09147921895748312,0.0863
0.09625125713556715,0.0864
0.10073575443052585,0.08650000000000001
0.10490909329733111,0.08660000000000001
0.10875562918870152,0.0867
0.11225918004540958,0.0868
0.11540728069570283,0.0869
0.118191128527668,0.08700000000000001
0.12060098132460917,0.08710000000000001
0.122627786839272,0.0872
0.12400473386929423,0.0873
0.12496059154111427,0.0874
0.12550820238853366,0.08750000000000001
0.1256522721467086,0.0876
0.1253985451101528,0.0877
0.12475632789912261,0.0878
0.12373521809887622,0.0879
0.12234526678373481,0.08800000000000001
0.12059596354317681,0.0881
0.11849661583141158,0.0882
0.11605617750076735,0.0883
0.11212128493789186,0.0884
0.10671886328228608,0.08850000000000001
0.10120163702154172,0.0886
0.09566046905957004,0.0887
0.09012029787718812,0.0888
0.08459216295003336,0.0889
0.07909600921402127,0.08900000000000001
0.07366021151412905,0.0891
0.06832279588534795,0.0892
0.06312730233480224,0.0893
0.05811883450807653,0.08940000000000001
0.05334045730386139,0.08950000000000001
0.048831919988290506,0.0896
0.04446351397881054,0.0897
0.040401774800486345,0.0898
0.03669462926935507,0.08990000000000001
0.03336577252779005,0.09000000000000001
0.03043023863887573,0.0901
0.027904811639233307,0.0902
0.025803143322179034,0.0903
0.024132655581938334,0.09040000000000001
0.022815959374237638,0.09050000000000001
0.021202346291864904,0.0906
0.019632760605654997,0.0907
0.018165287241964423,0.0908
0.0168100527181132,0.09090000000000001
0.015703529937513228,0.091
0.014904882117145357,0.0911
0.014342250566771853,0.0912
0.014012590841486983,0.0913
0.01418074376063383,0.09140000000000001
0.014589675112948175,0.0915
0.015573211766090944,0.0916
0.01736123976125592,0.0917
0.019961142092578932,0.0918
0.02329829032280939,0.09190000000000001
0.0270349648762942,0.092
0.030754856188059287,0.0921
0.03498112434888867,0.0922
0.039688574454518344,0.09230000000000001
0.04449342954265245,0.09240000000000001
0.04980394101112928,0.0925
0.05551765857803592,0.0926
0.061467774231056094,0.0927
0.06759985982571692,0.09280000000000001
0.07385009218353289,0.09290000000000001
0.08012788632833434,0.093
0.08635312174766863,0.0931
0.09245327986973018,0.0932
0.09836795158575795,0.09330000000000001
0.10404432094073424,0.09340000000000001
0.10943572626596998,0.0935
0.11451194031118905,0.0936
0.11924853133878399,0.0937
0.12362740208363854,0.09380000000000001
0.1276369640334769,0.09390000000000001
0.13127066778804897,0.094
0.13452471575179148,0.0941
0.13739457876099614,0.0942
0.13987284346608764,0.09430000000000001
0.14195003982396714,0.0944
0.14361525822540766,0.0945
0.14485875998083708,0.0946
0.14567328318468675,0.0947
0.14605541512429498,0.09480000000000001
0.14600527378342842,0.0949
0.1455261844043927,0.095
0.1434843762153577,0.0951
0.13909655493314999,0.0952
0.1344214319586683,0.09530000000000001
0.129571647961091,0.0954
0.12458417411238276,0.0955
0.11946030486052672,0.0956
0.1142308954607445,0.09570000000000001
0.10892015111377928,0.09580000000000001
0.10356022959601296,0.0959
0.09818906391654725,0.096
0.09284816657763417,0.0961
0.08757959114444058,0.09620000000000001
0.08242507350428374,0.09630000000000001
0.07742547849227854,0.0964
0.07262036374715897,0.0965
0.06804618297276144,0.0966
0.06373446885395828,0.09670000000000001
0.05970955683691881,0.09680000000000001
0.055987143574691034,0.0969
0.0525614342342966,0.097
0.04912606103401407,0.0971
0.04594855329702119,0.09720000000000001
0.04305266239347172,0.09730000000000001
0.04044012835736854,0.0974
0.03792115174891775,0.0975
0.03521459207915978,0.0976
0.032775557669830535,0.09770000000000001
0.030680922913157938,0.0978
0.02849856078725832,0.0979
0.026096201722259682,0.098
0.02375807320886958,0.0981
0.021574444874282284,0.09820000000000001
0.019574382640687782,0.0983
0.017798894733319637,0.0984
0.016238205696096797,0.0985
0.015043336462121193,0.09860000000000001
0.014111401804649759,0.09870000000000001
0.013602451702747986,0.0988
0.01381505862068022,0.0989
0.014861085409163755,0.099
0.01674075263677044,0.09910000000000001
0.01909044488953282,0.09920000000000001
0.021505896101286837,0.0993
0.024625926503322182,0.0994
0.028112743889805003,0.0995
0.03181606153944494,0.09960000000000001
0.03623831034527081,0.09970000000000001
0.04129321717703416,0.0998
0.04678966208429092,0.0999
0.0525269399237287,0.1
0.058444510618977485,0.10010000000000001
0.0644695440741424,0.10020000000000001
0.07038775893779103,0.1003
0.07605689019470419,0.1004
0.08170740697814005,0.1005
0.0872288591175554,0.10060000000000001
0.09250827506469139,0.10070000000000001
0.09752623961816198,0.1008
0.10226423432411702,0.1009
0.10669084728708844,0.101
0.11078516978332587,0.10110000000000001
0.11452693658002233,0.1012
0.11790182932853721,0.1013
0.12090044580681225,0.1014
0.12351399059786505,0.1015
0.12573427208675925,0.10160000000000001
0.1274126166688785,0.1017
0.12853627432271353,0.1018
0.12923389821462394,0.1019
0.12951183147309586,0.10200000000000001
0.12937495288883216,0.10210000000000001
0.1288301561041325,0.1022
0.12788634478178285,0.1023
0.12655265122155923,0.1024
0.12483836435151374,0.10250000000000001
0.12275245480334607,0.10260000000000001
0.11992289835140912,0.1027
0.11452887847759052,0.1028
0.10894727530965775,0.1029
0.10329825264285986,0.10300000000000001
0.09761498762039622,0.10310000000000001
0.09191229756140684,0.1032
0.0862085641606094,0.1033
0.08052671023920022,0.1034
0.07490250602150472,0.10350000000000001
0.06938001453247333,0.10360000000000001
0.06400639196872826,0.1037
0.05882732338471253,0.1038
0.053886811994259265,0.1039
0.04922675126361509,0.10400000000000001
0.04488587756133855,0.1041
0.040896995781457335,0.1042
0.03728655530400515,0.1043
0.0338125237647251,0.1044
0.030641495754790915,0.10450000000000001
0.02786279171299988,0.1046
0.0255049989463485,0.1047
0.02357814569564365,0.1048
0.022084116961588407,0.10490000000000001
0.020639161229421665,0.10500000000000001
0.01877698770264491,0.1051
0.016964379230925974,0.1052
0.015200541757936392,0.1053
0.013655354562206012,0.10540000000000001
0.012422718110642883,0.10550000000000001
0.011504377122732778,0.1056
0.010807444701952607,0.1057
0.010652979594075962,0.1058
0.01069259828307545,0.10590000000000001
0.011512986735775277,0.10600000000000001
0.013290971616239267,0.1061
0.016009507614218377,0.1062
0.019413222995490198,0.1063
0.022669463848472127,0.10640000000000001
0.026579644895999177,0.10650000000000001
0.030996474184741496,0.1066
0.03548036143145872,0.1067
0.0406261527670595,0.1068
0.04635566910468425,0.10690000000000001
0.052486468193405855,0.10700000000000001
0.058828469783553494,0.1071
0.06533552475784454,0.1072
0.07194340906931729,0.1073
0.07856203962246067,0.10740000000000001
0.0851077842212955,0.1075
0.09150503534100762,0.1076
0.09768422770038043,0.1077
0.10359109501748254,0.1078
0.10914046799177213,0.10790000000000001
0.11438263231718959,0.108
0.11932421601335086,0.1081
0.12392306299868494,0.1082
0.12810096441740437,0.10830000000000001
0.13190155821654137,0.10840000000000001
0.1353215085656423,0.1085
0.1383535195957144,0.1086
0.14098629474099167,0.1087
0.14320683488795394,0.10880000000000001
0.14500162571796593,0.10890000000000001
0.14635969832433204,0.109
0.1472738908839597,0.1091
0.1477417983980286,0.1092
0.1477650198546574,0.10930000000000001
0.14734832254271357,0.10940000000000001
0.14522403713703969,0.1095
0.14078350870313616,0.1096
0.13605114651440964,0.1097
0.13113787424557255,0.10980000000000001
0.1260814040102861,0.10990000000000001
0.12089923824703619,0.11
0.11561566732289619,0.1101
0.11025955451084624,0.1102
0.10486628581764035,0.11030000000000001
0.09940863949262546,0.11040000000000001
0.09397228766916643,0.1105
0.08860770847915533,0.1106
0.08335888469108998,0.1107
0.0782681223214331,0.11080000000000001
0.07337692182075861,0.1109
0.06872327643263332,0.111
0.06433852041200105,0.1111
0.06024568782223261,0.11120000000000001
0.05646011487932734,0.11130000000000001
0.05298938071133441,0.1114
0.04973655760432516,0.1115
0.04648342481966039,0.1116
0.04348781787652345,0.11170000000000001
0.040775448461477515,0.11180000000000001
0.03834987650420851,0.1119
0.0355803283019438,0.112
0.033039675535014634,0.1121
0.03084950368000139,0.11220000000000001
0.02880187180703553,0.11230000000000001
0.026349201566128633,0.1124
0.02405822554531256,0.1125
0.021910517809134555,0.1126
0.019981813760973743,0.11270000000000001
0.018292997207979944,0.11280000000000001
0.016823606746828146,0.1129
0.015566644472341906,0.113
0.014721960426179903,0.1131
0.014116325067399682,0.11320000000000001
0.014187762942506899,0.11330000000000001
0.015074492603403433,0.1134
0.01680175055377875,0.1135
0.019321362508144757,0.1136
0.021642889595532067,0.11370000000000001
0.024633891054290924,0.11380000000000001
0.028251852635909014,0.1139
0.031879169240220495,0.114
0.03621349911713412,0.11410000000000001
0.04120775240006691,0.11420000000000001
0.046681575166333866,0.1143
0.05243168744339144,0.1144
0.05839251000231238,0.1145
0.06448527597047982,0.11460000000000001
0.07061405890488903,0.11470000000000001
0.07637551233259265,0.1148
0.08211295563223675,0.1149
0.08774062764835389,0.115
0.09314341778740953,0.11510000000000001
0.09829521506465255,0.11520000000000001
0.10317263315520886,0.1153
0.10773964923196222,0.1154
0.11197198277988885,0.1155
0.11584679482771909,0.11560000000000001
0.11934839627011817,0.11570000000000001
0.12246677856686983,0.1158
0.1251933684976133,0.1159
0.12752035688519048,0.116
0.12934518819664076,0.11610000000000001
0.13056056402344074,0.11620000000000001
0.13134112690895394,0.1163
0.1316938506581401,0.1164
0.1316229241667476,0.1165
0.13113389101097617,0.11660000000000001
0.1302347181342549,0.11670000000000001
0.12893358891804563,0.1168
0.12723908813275586,0.1169
0.12515963087261284,0.117
0.12108754750962525,0.11710000000000001
0.1155821133733117,0.11720000000000001
0.10992965272084354,0.1173
0.10422193281008518,0.1174
0.09848587908909645,0.11750000000000001
0.09273673714195352,0.11760000000000001
0.08699683362004651,0.1177
0.08128243848911898,0.1178
0.07556126795499463,0.1179
0.06994750812474171,0.11800000000000001
0.06449133546575592,0.11810000000000001
0.059237562921766074,0.1182
0.05422795580442141,0.1183
0.049502816054527665,0.1184
0.04509867808165824,0.11850000000000001
0.04104577253413666,0.11860000000000001
0.03736704859623541,0.1187
0.03408049293357185,0.1188
0.03093775328922521,0.1189
0.028008449317317607,0.11900000000000001
0.02547389801285105,0.11910000000000001
0.023371488560593567,0.1192
0.02170384699270289,0.1193
0.020326520232544443,0.1194
0.018276121191571182,0.11950000000000001
0.016183296456662166,0.11960000000000001
0.014186056823056514,0.1197
0.012354159124386088,0.1198
0.010822920057946162,0.1199
0.00962014048356652,0.12000000000000001
0.008762574781246535,0.12010000000000001
0.00832793360704609,0.1202
0.008258142168197313,0.1203
0.009081997965308064,0.12040000000000001
0.010978560257109082,0.12050000000000001
0.013881659007187075,0.1206
0.016815605973787617,0.1207
0.02021175020678423,0.1208
0.024381502290694357,0.12090000000000001
0.028505327831764182,0.12100000000000001
0.033226632279897306,0.1211
0.038693070402926244,0.1212
0.04473828276924641,0.1213
0.05115094490642469,0.12140000000000001
0.05774201714366467,0.12150000000000001
0.06446862069307124,0.1216
0.07127522278142706,0.1217
0.07807164148162882,0.1218
0.08477574574909541,0.12190000000000001
0.0913119494688528,0.12200000000000001
0.09752990435616526,0.1221
0.10346155964639303,0.1222
0.10912809974547089,0.1223
0.11449826047749123,0.12240000000000001
0.11955452399455047,0.12250000000000001
0.12427752854583163,0.1226
0.1285914203502263,0.1227
0.13247261484784367,0.1228
0.13596995585164728,0.12290000000000001
0.1390755854575093,0.12300000000000001
0.14177574375902924,0.1231
0.14405487948387385,0.1232
0.1458983334909959,0.1233
0.1472950116495506,0.12340000000000001
0.14823867071944974,0.12350000000000001
0.14872829407158528,0.1236
0.14876695212221636,0.1237
0.14836062208727052,0.12380000000000001
0.1459211556084915,0.12390000000000001
0.1414539776170075,0.124
0.13670271257665623,0.1241
0.13176854848925923,0.1242
0.12668501552543698,0.12430000000000001
0.12147071453760894,0.12440000000000001
0.11615087536475488,0.1245
0.11075625666987632,0.1246
0.10532366139682658,0.1247
0.09989286908835382,0.12480000000000001
0.09444904499477935,0.12490000000000001
0.08904694425335136,0.125
0.08376143453219831,0.12510000000000002
0.07863802026329092,0.1252
0.07371864432463537,0.1253
0.0690406903770131,0.1254
0.06463434371347332,0.1255
0.06052136346772652,0.12560000000000002
0.0567158775790908,0.1257
0.053224616544507164,0.1258
0.05004695612918231,0.1259
0.04677023424687787,0.126
0.043731032390667,0.12610000000000002
0.04097431850209454,0.1262
0.038509728044010094,0.1263
0.035778824502100015,0.1264
0.033207398984667735,0.1265
0.030986075720569772,0.12660000000000002
0.028998604316456067,0.1267
0.026539299159464402,0.1268
0.02428914178033792,0.1269
0.022197769117145327,0.127
0.020342526656040194,0.12710000000000002
0.0187302901453843,0.1272
0.017330993657520333,0.1273
0.016065792240139487,0.1274
0.015287580818460933,0.1275
0.014652120372387945,0.12760000000000002
0.01466833252488886,0.1277
0.015484526568092516,0.1278
0.017136235190039484,0.1279
0.019588981292566032,0.128
0.02205492797591413,0.12810000000000002
0.024998012281195692,0.1282
0.028608449201555475,0.1283
0.03225870512650353,0.12840000000000001
0.036542975325338345,0.1285
0.041487917556298326,0.12860000000000002
0.046982285227994414,0.1287
0.05280646928223276,0.1288
0.05879007996298613,0.12890000000000001
0.06488295833039337,0.129
0.07103230582025788,0.1291
0.07700563876353206,0.1292
0.08274354358132341,0.1293
0.08837264088516639,0.12940000000000002
0.09379163968065962,0.1295
0.09896798375992577,0.1296
0.10387725506119794,0.1297
0.10847889488357942,0.1298
0.1127483931499923,0.12990000000000002
0.11666002439651191,0.13
0.12019790439420963,0.1301
0.12335045347147067,0.1302
0.12610965758108406,0.1303
0.12846729378235788,0.13040000000000002
0.13032538322342369,0.1305
0.13156834315276744,0.1306
0.1323739389749865,0.1307
0.13274852061493725,0.1308
0.1326954862578702,0.13090000000000002
0.13221949446314107,0.131
0.13132784188791402,0.1311
0.1300281461150592,0.1312
0.12832857808838516,0.1313
0.12623714095116112,0.13140000000000002
0.12135747230525473,0.1315
0.11578527041513209,0.1316
0.11009400014933823,0.1317
0.10435031253825022,0.1318
0.09857045259688046,0.13190000000000002
0.09277343220306067,0.132
0.08698354669222985,0.1321
0.08123563975543624,0.1322
0.07557181113377431,0.1323
0.06992527828088313,0.13240000000000002
0.06442966446200993,0.1325
0.05914334539463861,0.1326
0.054109555703013346,0.1327
0.04936615531389221,0.1328
0.04494645269044928,0.13290000000000002
0.04087782617256064,0.133
0.037182807189419353,0.1331
0.03387938549855285,0.1332
0.030895772373536357,0.1333
0.027912994326169782,0.13340000000000002
0.025295663357664644,0.1335
0.023108166358249527,0.1336
0.02136306019589873,0.1337
0.01993941200810201,0.1338
0.017782525480925404,0.13390000000000002
0.015529774696412257,0.134
0.013379163966232843,0.1341
0.011455468150241233,0.1342
0.009770193818356976,0.1343
0.008403332340424674,0.13440000000000002
0.007492052611579814,0.1345
0.006881826585374506,0.1346
0.006815443977466806,0.13470000000000001
0.00775751331875596,0.1348
0.009852569163819824,0.13490000000000002
0.012767888804929184,0.135
0.015536981813209394,0.1351
0.019118875075869957,0.13520000000000001
0.023264746427431815,0.1353
0.027453450354500086,0.13540000000000002
0.032405106330825495,0.1355
0.03811349783000484,0.1356
0.044371471495739945,0.13570000000000002
0.05096343463070485,0.1358
0.05769731606179662,0.1359
0.06454054990298963,0.136
0.0714438647250073,0.1361
0.0783186217602374,0.13620000000000002
0.08506460594174292,0.1363
0.09156369198544878,0.1364
0.0978223753888725,0.1365
0.10381743252472031,0.1366
0.10953358499461663,0.13670000000000002
0.11494080077539925,0.1368
0.12002608525259384,0.1369
0.1247729197478954,0.137
0.1291036874756264,0.1371
0.13299933564831445,0.13720000000000002
0.1365106357727126,0.1373
0.13962789112951246,0.1374
0.14233537001950725,0.1375
0.14461616587086756,0.1376
0.14645516190330643,0.13770000000000002
0.14784166529612297,0.1378
0.14877032994655315,0.1379
0.14924119161567218,0.138
0.14925820279309798,0.1381
0.14882801632918707,0.13820000000000002
0.14592640431695536,0.1383
0.14143051764989323,0.1384
0.13666625797082943,0.1385
0.13172151777017915,0.1386
0.12662442587454004,0.13870000000000002
0.1213950720181699,0.1388
0.11605920324980423,0.1389
0.11064916450246376,0.139
0.10520304333544739,0.1391
0.09976215604805483,0.13920000000000002
0.09435375425428671,0.1393
0.08895101150262386,0.1394
0.08366819751103582,0.1395
0.07855278951626654,0.1396
0.07364690618641612,0.13970000000000002
0.06898662868602079,0.1398
0.0646007892917777,0.1399
0.06050978845537114,0.14
0.05672650417154412,0.1401
0.05325653756800097,0.14020000000000002
0.05009843025556271,0.1403
0.04686789337596564,0.1404
0.04383423167129785,0.1405
0.04107856382076469,0.1406
0.03861516321127545,0.14070000000000002
0.035882006686289936,0.1408
0.03331468589010633,0.1409
0.031103926049042885,0.14100000000000001
0.029112068230984,0.1411
0.026676815855422253,0.14120000000000002
0.024468817047629488,0.1413
0.022430013107477276,0.1414
0.020632786591912478,0.14150000000000001
0.019079813721754046,0.1416
0.01771336054102024,0.14170000000000002
0.016502519199188104,0.1418
0.01577836663856025,0.1419
0.01516629786482282,0.14200000000000002
0.015196408223805413,0.1421
0.016015953350385637,0.1422
0.017661059446944627,0.1423
0.02010191344403922,0.1424
0.022643052591411195,0.14250000000000002
0.02558099244956713,0.1426
0.02917245051394257,0.1427
0.03287851801429875,0.1428
0.03714735574864969,0.1429
0.04206651197819755,0.14300000000000002
0.04753539731456757,0.1431
0.0533381980133385,0.1432
0.05930459484563855,0.1433
0.06538484412838752,0.1434
0.07152553047017329,0.14350000000000002
0.07755283258506629,0.1436
0.08324106532647524,0.1437
0.08879361244196315,0.1438
0.09418145257801425,0.1439
0.09935730265975151,0.14400000000000002
0.10426931910307158,0.1441
0.10887943809458367,0.1442
0.11315552119982963,0.1443
0.11707336853034911,0.1444
0.12061755312673617,0.14450000000000002
0.12377592849146013,0.1446
0.1265398524233563,0.1447
0.12890051279277315,0.1448
0.1307614587905247,0.1449
0.1319990165350967,0.14500000000000002
0.13279778768898132,0.1451
0.13316429423103737,0.1452
0.1331015995643361,0.1453
0.1326139381375543,0.1454
0.1317081433960371,0.14550000000000002
0.13039146740658614,0.1456
0.12867180659467603,0.1457
0.12653551760492754,0.1458
0.12116425505128592,0.1459
0.11554469324737415,0.14600000000000002
0.10982563495930764,0.1461
0.10405846429106391,0.1462
0.09825289716918262,0.1463
0.09242993788664478,0.1464
0.08661503640331492,0.14650000000000002
0.08084550863377726,0.1466
0.07516504560108961,0.1467
0.06956246291933288,0.1468
0.06406052642146298,0.1469
0.05876970441839524,0.14700000000000002
0.05373620255758005,0.1471
0.04899850956447205,0.1472
0.044588114312943405,0.14730000000000001
0.04053000955999253,0.1474
0.03684452515940029,0.14750000000000002
0.033549534244300405,0.1476
0.03062143082141433,0.1477
0.027629988794570126,0.14780000000000001
0.024996906545257103,0.1479
0.02279528717954915,0.14800000000000002
0.021040079206634976,0.1481
0.01955056329205762,0.1482
0.017331640546903504,0.14830000000000002
0.015008712362512888,0.1484
0.0127828510887531,0.14850000000000002
0.010793273388059799,0.1486
0.009081050442995231,0.1487
0.007627311474868836,0.14880000000000002
0.006727895422337982,0.1489
0.006005132481287534,0.149
0.006006105116174387,0.1491
0.007118860139865291,0.1492
0.009427353299688024,0.14930000000000002
0.012155744149221048,0.1494
0.015060220675166436,0.1495
0.018854679166116828,0.1496
0.02289270251356257,0.1497
0.02723265059121993,0.14980000000000002
0.032375219191100646,0.1499
0.038257180778484834,0.15
0.04459275562217857,0.1501
0.05119301109611518,0.1502
0.057979144747937195,0.15030000000000002
0.06489634381511866,0.1504
0.07184872995690628,0.1505
0.07864058524087847,0.1506
0.08531983957574574,0.1507
0.09182715287076704,0.15080000000000002
0.09811639273495931,0.1509
0.10415362666131178,0.151
0.10989869099310734,0.1511
0.11533139546350168,0.1512
0.12043252202518717,0.15130000000000002
0.12519119367423848,0.1514
0.129552842641798,0.1515
0.1334434382384091,0.1516
0.1369493697419878,0.1517
0.14005984227855306,0.15180000000000002
0.1427571685862894,0.1519
0.14502347750250977,0.152
0.14684357586329633,0.1521
0.14820739769027957,0.1522
0.1491101929514309,0.15230000000000002
0.14955270292861222,0.1524
0.14953926929052308,0.1525
0.14907697385922103,0.1526
0.14578296405247648,0.1527
0.1412524496191785,0.15280000000000002
0.13646788061024906,0.1529
0.13150718618651946,0.153
0.1263948814293161,0.1531
0.12115278353398362,0.1532
0.11580716184418849,0.15330000000000002
0.11039124660723043,0.1534
0.10494311453597449,0.1535
0.09950394474223156,0.15360000000000001
0.09411494791483477,0.1537
0.08871997314997448,0.15380000000000002
0.08344716831189258,0.1539
0.0783445148366878,0.154
0.07345412093409998,0.15410000000000001
0.06881218264901168,0.1542
0.06444788965485826,0.15430000000000002
0.06038091984239358,0.1544
0.05662273474342827,0.1545
0.05317815112017499,0.15460000000000002
0.05004522867275174,0.1547
0.04682829150810197,0.15480000000000002
0.04381287990583638,0.1549
0.041076370467157286,0.155
0.03863302210321207,0.15510000000000002
0.03588798746508015,0.1552
0.033341594913024686,0.1553
0.031158881984282738,0.1554
0.029156773068095054,0.1555
0.026755347716189926,0.15560000000000002
0.024588158025519613,0.1557
0.022597606604525033,0.1558
0.020852484699467544,0.1559
0.019351788311139595,0.156
0.018027690836763588,0.15610000000000002
0.016864595818686157,0.1562
0.016186977187588214,0.1563
0.015613252010537204,0.1564
0.015677665519617134,0.1565
0.016505965116234922,0.15660000000000002
0.018144032949812816,0.1567
0.020593045768991125,0.1568
0.023118518547603495,0.1569
0.026084517064070223,0.157
0.02970302679290482,0.15710000000000002
0.03346465601387205,0.1572
0.037735784537940464,0.1573
0.04264745255245672,0.1574
0.048105354643434683,0.1575
0.05389580631366386,0.15760000000000002
0.059848092970534617,0.1577
0.06591329807860002,0.1578
0.07203813473885234,0.1579
0.07808311707806304,0.158
0.08374959012962224,0.15810000000000002
0.08927818227998019,0.1582
0.09464234574738095,0.1583
0.09979527745128569,0.1584
0.10468455243213992,0.1585
0.10927182573571637,0.15860000000000002
0.11352453091048764,0.1587
0.11741817794033005,0.1588
0.12093708716217555,0.1589
0.12406898717384018,0.159
0.12680524073604016,0.15910000000000002
0.129137226071401,0.1592
0.13095458384148873,0.1593
0.13216103303804627,0.15940000000000001
0.132929163180449,0.1595
0.1332652318337072,0.15960000000000002
0.13317210663896506,0.1597
0.132653844195591,0.1598
0.13171694788145827,0.15990000000000001
0.13036841293980983,0.16
0.12861592788595966,0.16010000000000002
0.1261352516696862,0.1602
0.12072859940234182,0.1603
0.11508723940587018,0.16040000000000001
0.10935064548822371,0.1605
0.10356617792979328,0.16060000000000002
0.09774481089920994,0.1607
0.09190809020772317,0.1608
0.08608275813301924,0.16090000000000002
0.0803069193549728,0.161
0.0746247499240612,0.16110000000000002
0.06903714430188379,0.1612
0.06354066836641381,0.1613
0.05825853197517761,0.16140000000000002
0.05323733424786781,0.1615
0.04851500161248645,0.16160000000000002
0.044121998103527016,0.1617
0.040082681159439026,0.1618
0.036417022404303,0.16190000000000002
0.03314275643546538,0.162
0.030213521576161417,0.1621
0.027234804172643345,0.1622
0.0246187195913925,0.1623
0.022437378813279674,0.16240000000000002
0.02070439576135219,0.1625
0.019127241612085566,0.1626
0.016873716332801658,0.1627
0.014516378380454276,0.1628
0.012256832648087856,0.16290000000000002
0.010234363417699344,0.163
0.008530104573346575,0.1631
0.007058421585617758,0.1632
0.006165533991020045,0.1633
0.005697911327055438,0.16340000000000002
0.005998966737097211,0.1635
0.007078882412722143,0.1636
0.009414828616629567,0.1637
0.012073893480614384,0.1638
0.015052413523067854,0.16390000000000002
0.018756467368997498,0.164
0.022470050579917134,0.1641
0.027004185787453228,0.1642
0.03239790404407272,0.1643
0.03844195820022356,0.16440000000000002
0.044905307453722676,0.1645
0.051589516513349754,0.1646
0.05844397421968295,0.1647
0.06541240297132755,0.1648
0.07232930286526285,0.16490000000000002
0.07912273976619777,0.165
0.08584568954720817,0.1651
0.09238178375543626,0.1652
0.09868421282277429,0.1653
0.10472327380257307,0.16540000000000002
0.11046265628338359,0.1655
0.11588511333609397,0.1656
0.1209736123720192,0.16570000000000001
0.12571811020475265,0.1658
0.1300513681011337,0.16590000000000002
0.13392005222055758,0.166
0.13740121282515372,0.1661
0.1404821525593304,0.16620000000000001
0.14314513760687952,0.1663
0.14537291099195282,0.16640000000000002
0.14715200484403756,0.1665
0.14847378886628537,0.1666
0.14933514727584252,0.16670000000000001
0.14973766275445866,0.1668
0.14968642993014702,0.16690000000000002
0.14918851237167685,0.167
0.14545642137700243,0.1671
0.14090304974538048,0.16720000000000002
0.1361115757431206,0.1673
0.1311467327085617,0.16740000000000002
0.12602792104009752,0.1675
0.12077885957052514,0.1676
0.11542707354930615,0.16770000000000002
0.11000787337321172,0.1678
0.10456038585335847,0.16790000000000002
0.09912643206438143,0.168
0.09374857527177916,0.1681
0.08836825130994408,0.16820000000000002
0.08311491877953558,0.1683
0.0780369411308024,0.16840000000000002
0.07317594127579441,0.1685
0.06856700645542857,0.1686
0.06423776907512213,0.16870000000000002
0.06020638143709223,0.1688
0.05648294759406047,0.1689
0.053071303655317204,0.169
0.04996910028172041,0.1691
0.04675222060492734,0.16920000000000002
0.043759345760315815,0.1693
0.041048367053695634,0.1694
0.03863246883460225,0.1695
0.0358677875623139,0.1696
0.03335202460663167,0.16970000000000002
0.03120910924693665,0.1698
0.02917464570561501,0.1699
0.02681412560024321,0.17
0.02468232702705575,0.1701
0.022731051391639667,0.17020000000000002
0.02102639345251256,0.1703
0.019563042597943392,0.1704
0.01828338732808099,0.1705
0.01715102801550028,0.1706
0.016502120938318265,0.17070000000000002
0.01597373544718783,0.1708
0.016086054005688633,0.1709
0.016958222239528142,0.171
0.01863208431394514,0.1711
0.021108766302678772,0.17120000000000002
0.02365882439508704,0.1713
0.026650043592133077,0.1714
0.030285134550224635,0.1715
0.03407387718813126,0.1716
0.038352061877182875,0.17170000000000002
0.043261187416575586,0.1718
0.04865538311527562,0.1719
0.0543416667046539,0.17200000000000001
0.06025231393719743,0.1721
0.06630980868934055,0.17220000000000002
0.07241720190980439,0.1723
0.07837512197321339,0.1724
0.08403749826790385,0.17250000000000001
0.08956408220434486,0.1726
0.09491958318850946,0.17270000000000002
0.10006256879325581,0.1728
0.10493805415502555,0.1729
0.1095097477768866,0.17300000000000001
0.11374305315314348,0.1731
0.11761490815526143,0.17320000000000002
0.12110896944347305,0.1733
0.12421434049098179,0.1734
0.12692205205854068,0.17350000000000002
0.1292244325615115,0.1736
0.1310026843576444,0.17370000000000002
0.1321747903770054,0.1738
0.1329087124896765,0.1739
0.13321080449709255,0.17400000000000002
0.13308390456685593,0.1741
0.13253204010628072,0.17420000000000002
0.13156148799209255,0.1743
0.13017910706641744,0.1744
0.12839250599233853,0.17450000000000002
0.12567256234199664,0.1746
0.12023338627438784,0.17470000000000002
0.11457039395246127,0.1748
0.10881752264942135,0.1749
0.10301979779510717,0.17500000000000002
0.09718893118484706,0.1751
0.09134634442809708,0.1752
0.08551894148533457,0.1753
0.07974464994253228,0.1754
0.07406741936367245,0.17550000000000002
0.06847944023127472,0.1756
0.06299207391384831,0.1757
0.057722470732671116,0.1758
0.05271696287271754,0.1759
0.04801321059005215,0.17600000000000002
0.04364152807716626,0.1761
0.039626095198476596,0.1762
0.035986739331472783,0.1763
0.03274092737011225,0.1764
0.029800230463034705,0.17650000000000002
0.026846414668115104,0.1766
0.02426250957136511,0.1767
0.022116433565619875,0.1768
0.020419265593873304,0.1769
0.01876197373375832,0.17700000000000002
0.016478522544754348,0.1771
0.014100886724264461,0.1772
0.01181798064339934,0.1773
0.009764640572868188,0.1774
0.008033511388930714,0.17750000000000002
0.006609808501973458,0.1776
0.005788033971551032,0.1777
0.0056451030718220885,0.1778
0.006139382690123485,0.1779
0.007207411408627795,0.17800000000000002
0.00957957285056521,0.1781
0.012188545424772768,0.1782
0.015234874896555173,0.17830000000000001
0.018944625377209867,0.1784
0.022742631554841353,0.17850000000000002
0.027365011640288817,0.1786
0.03283339723725964,0.1787
0.03893248690367779,0.17880000000000001
0.04543712210934214,0.1789
0.05214827272024736,0.17900000000000002
0.05902047687800227,0.1791
0.0659983328847562,0.1792
0.07289599055571627,0.17930000000000001
0.07969407730269595,0.1794
0.08641194174559674,0.17950000000000002
0.09293277206601336,0.1796
0.09921230286314575,0.1797
0.10522413353997351,0.17980000000000002
0.11093446812201524,0.1799
0.11632816301304083,0.18000000000000002
0.121389261646356,0.1801
0.12610772347180355,0.1802
0.13039149674502637,0.18030000000000002
0.13423393475650425,0.1804
0.13768675377465778,0.18050000000000002
0.140735558268422,0.1806
0.14336258603839702,0.1807
0.1455517320880797,0.18080000000000002
0.14729081247178188,0.1809
0.14857239442614167,0.18100000000000002
0.1493941656577692,0.1811
0.1497582284440394,0.1812
0.14967003944427304,0.18130000000000002
0.1491369500063895,0.1814
0.14505828952808741,0.18150000000000002
0.14048561589284747,0.1816
0.1356885755140932,0.1817
0.13072225797247594,0.18180000000000002
0.12560224715932633,0.1819
0.12035334437480327,0.182
0.11500324504347137,0.1821
0.10958805716184217,0.1822
0.10414716088769804,0.18230000000000002
0.09872270313152542,0.1824
0.09334813797141617,0.1825
0.08798264400533029,0.1826
0.08274933806551366,0.1827
0.07769620911163011,0.18280000000000002
0.07286437588117012,0.1829
0.06828788711973033,0.183
0.06399307963701639,0.1831
0.05999762277564591,0.1832
0.05631108868092416,0.18330000000000002
0.05293574674689605,0.1834
0.04985610032897636,0.1835
0.04664789804628211,0.1836
0.04368385037404998,0.1837
0.041004080464231984,0.18380000000000002
0.0385957226275675,0.1839
0.03583773031827708,0.184
0.033357653296552714,0.1841
0.03125600871108358,0.1842
0.029199558447582596,0.18430000000000002
0.026880301527367534,0.1844
0.024783708458804732,0.1845
0.022870556956690047,0.18460000000000001
0.02120438834318339,0.1847
0.019776305579039644,0.18480000000000002
0.018540387137583547,0.1849
0.01743667745812738,0.185
0.016813861616844283,0.18510000000000001
0.01631245151005123,0.1852
0.01644905734939006,0.18530000000000002
0.017364783520968707,0.1854
0.01907755578204262,0.1855
0.021580647295273758,0.18560000000000001
0.0241033329081346,0.1857
0.02712750375648776,0.18580000000000002
0.030793558361355,0.1859
0.03460480985333314,0.186
0.038893371802294574,0.18610000000000002
0.043804421806536986,0.1862
0.049192072146431176,0.18630000000000002
0.054864429497882616,0.1864
0.06075561825432918,0.1865
0.06678949856523031,0.18660000000000002
0.07286974785620337,0.1867
0.07880981585863289,0.18680000000000002
0.0844397536368321,0.1869
0.08993046438832797,0.187
0.09524815589864777,0.18710000000000002
0.10035223673203486,0.1872
0.10518790824524404,0.18730000000000002
0.10971911115846311,0.1874
0.11391132345731547,0.1875
0.11774162513015918,0.18760000000000002
0.1211938387776087,0.1877
0.12425729812617481,0.18780000000000002
0.12692327951311955,0.1879
0.12918436573149938,0.188
0.13090097221960828,0.18810000000000002
0.13203230611559091,0.1882
0.13272730883857675,0.1883
0.13299175168742672,0.1884
0.13282827621382065,0.1885
0.13224091109947878,0.18860000000000002
0.13123576988600028,0.1887
0.12981960785764246,0.1888
0.1279999514785427,0.1889
0.1250971122046517,0.189
0.11963831762840238,0.18910000000000002
0.11396482420199794,0.1892
0.1082057240547013,0.1893
0.1024039159332325,0.1894
0.09657165317348149,0.1895
0.09073052270654969,0.18960000000000002
0.08490793560232857,0.1897
0.07914202881124421,0.1898
0.07347677110880846,0.1899
0.06787931329641617,0.19
0.06240811851856076,0.19010000000000002
0.05715915185384235,0.1902
0.05217714754124603,0.1903
0.04749928445279439,0.1904
0.043157026019858824,0.1905
0.03917474640227048,0.19060000000000002
0.03557082015515878,0.1907
0.03236191249503961,0.1908
0.029399718605560565,0.19090000000000001
0.026480864236582136,0.191
0.023942233476756503,0.19110000000000002
0.021844628366669783,0.1912
0.020195268824137358,0.1913
0.018442224895162118,0.19140000000000001
0.016145407197985406,0.1915
0.013765664705414737,0.19160000000000002
0.011486141043189235,0.1917
0.009437199246954187,0.1918
0.007708927887754902,0.19190000000000002
0.0063417666042733245,0.192
0.005702668822408219,0.19210000000000002
0.005685623552701635,0.1922
0.006120738241522261,0.1923
0.007325634208133147,0.19240000000000002
0.009834254860094926,0.1925
0.012391363980613468,0.19260000000000002
0.01552252322453529,0.1927
0.01925510355818716,0.1928
0.023137223273972385,0.19290000000000002
0.027846904722329757,0.193
0.033387343163250094,0.19310000000000002
0.03953974692033557,0.1932
0.046081227036614436,0.1933
0.05281402732621565,0.19340000000000002
0.059696494001869604,0.1935
0.06667554917278806,0.19360000000000002
0.07355495553028601,0.1937
0.08034768425305516,0.1938
0.08705034124728372,0.19390000000000002
0.09354644380187382,0.194
0.09979450930008782,0.19410000000000002
0.10577125296966372,0.1942
0.11144482853640247,0.1943
0.11680181450612448,0.19440000000000002
0.12182678556417337,0.1945
0.12650970807970685,0.19460000000000002
0.13072882872703806,0.1947
0.13453452511268926,0.1948
0.13794982909965392,0.19490000000000002
0.14095912443537206,0.195
0.14354491348900134,0.1951
0.14569183665583285,0.1952
0.14738839385278157,0.1953
0.1486277036984145,0.19540000000000002
0.1494079467726881,0.1955
0.14973160023041698,0.1956
0.14960447336096316,0.1957
0.1488379803433374,0.1958
0.1446037865036106,0.19590000000000002
0.14001589463224506,0.196
0.1352125604627824,0.1961
0.1302427412375493,0.1962
0.1251210648893738,0.1963
0.11987287061473717,0.19640000000000002
0.11452638850671037,0.1965
0.10911816656069817,0.1966
0.1036877565056109,0.1967
0.09827737816408022,0.1968
0.09290640592610833,0.19690000000000002
0.08756148889449422,0.197
0.08235350231316496,0.1971
0.07732982117072518,0.19720000000000001
0.0725309058589404,0.1973
0.06799002100657692,0.19740000000000002
0.06373242338795193,0.1975
0.05977477496739769,0.1976
0.05612578791830214,0.19770000000000001
0.05278710102028339,0.1978
0.04970150432800846,0.19790000000000002
0.04652410891104486,0.198
0.04359409252463964,0.1981
0.04094889511976341,0.19820000000000002
0.03851821143665002,0.1983
0.03579361174172724,0.19840000000000002
0.03335485702778174,0.1985
0.03129718432596351,0.1986
0.029206635713187046,0.19870000000000002
0.026928381151242853,0.1988
0.0248616201340075,0.19890000000000002
0.022980992817412726,0.199
0.021347948166753117,0.1991
0.019950153680668326,0.19920000000000002
0.01875218871389439,0.1993
0.01768030997194958,0.19940000000000002
0.017050576930186967,0.1995
0.016596900038507112,0.1996
0.016771567896321393,0.19970000000000002
0.017714416203991723,0.1998
0.01947196093029202,0.19990000000000002
0.022014324642502636,0.2
0.024460059517852795,0.2001
0.02753982125591281,0.20020000000000002
0.031258464786827256,0.2003
0.03509457493897972,0.20040000000000002
0.03940613428638917,0.2005
0.04433248051563621,0.2006
0.04972550569077794,0.20070000000000002
0.0553934664277147,0.2008
0.06127258138080227,0.20090000000000002
0.06728802355382169,0.201
0.0733443403745937,0.2011
0.07925449367844883,0.20120000000000002
0.08485515306885805,0.2013
0.09031207712053257,0.20140000000000002
0.09559235707171532,0.2015
0.10065648946097783,0.2016
0.10545030708117331,0.20170000000000002
0.10993829023492618,0.2018
0.11408626740401917,0.2019
0.11787167147709032,0.202
0.12127863333523714,0.2021
0.12429676669140854,0.20220000000000002
0.1269175818307855,0.2023
0.12913387003984755,0.2024
0.13078110282299815,0.2025
0.13186807791160193,0.2026
0.1325208501614321,0.20270000000000002
0.1327445571221969,0.2028
0.13254165135270013,0.2029
0.1319161909910943,0.203
0.1308741037370802,0.2031
0.1294220358499385,0.20320000000000002
0.12756742339997662,0.2033
0.12448170072771536,0.2034
0.11900485402960947,0.20350000000000001
0.11332269360323677,0.2036
0.10755938257090802,0.20370000000000002
0.10175568503926735,0.2038
0.09592441837830556,0.2039
0.09008733972742089,0.20400000000000001
0.08427235455841386,0.2041
0.07851777132943749,0.20420000000000002
0.07286752891697501,0.2043
0.0672582664225253,0.2044
0.06180637516703613,0.20450000000000002
0.05658166653790353,0.2046
0.05162703457192919,0.20470000000000002
0.04697874032889526,0.2048
0.042668224719428105,0.2049
0.038719790572516066,0.20500000000000002
0.03515203912521292,0.2051
0.03198161418095169,0.20520000000000002
0.028985333406145175,0.2053
0.026105250197545615,0.2054
0.02361814411750829,0.20550000000000002
0.021575295355940494,0.2056
0.0199791475693456,0.20570000000000002
0.018136397147849204,0.2058
0.015825088786678654,0.2059
0.01343570326274679,0.20600000000000002
0.01116357188027739,0.2061
0.009117821463887843,0.20620000000000002
0.007390627402081629,0.2063
0.006090460350539173,0.2064
0.005647172032398062,0.20650000000000002
0.00575500195235823,0.2066
0.006129520411372047,0.20670000000000002
0.007505535214457293,0.2068
0.010142248884629446,0.2069
0.012680913654697479,0.20700000000000002
0.01591180507269918,0.2071
0.0196644195259843,0.20720000000000002
0.023634953851346285,0.2073
0.02843627990155473,0.2074
0.03405075239025912,0.20750000000000002
0.0402564454820038,0.2076
0.04683311554283409,0.20770000000000002
0.05358488728708655,0.2078
0.06047443155195942,0.2079
0.0674512523702101,0.20800000000000002
0.07432171749583605,0.2081
0.08110412657097932,0.2082
0.08778527460531371,0.2083
0.09424990249417686,0.2084
0.10045967526757116,0.20850000000000002
0.10639453622816886,0.2086
0.11202475003156398,0.2087
0.11733869715750933,0.2088
0.12232150151242838,0.2089
0.12696125618805054,0.20900000000000002
0.13110611773529945,0.2091
0.1348706903050746,0.2092
0.13824439186152726,0.2093
0.1412100991588836,0.2094
0.14375044915781265,0.20950000000000002
0.1458507219537154,0.2096
0.1475000316198285,0.2097
0.14869203699281708,0.20980000000000001
0.1494254700547234,0.2099
0.14970327690662422,0.21000000000000002
0.14953173651344542,0.2101
0.1483704312949906,0.2102
0.14410789594447415,0.21030000000000001
0.13950752305635794,0.2104
0.1346974668839448,0.21050000000000002
0.1297225673212713,0.2106
0.1245984920187364,0.2107
0.1193506965876,0.21080000000000002
0.11400814857289909,0.2109
0.10860748935278697,0.21100000000000002
0.10318832926672761,0.2111
0.09779281685756058,0.2112
0.09242517090428448,0.21130000000000002
0.08710118381911447,0.2114
0.08191881820590219,0.21150000000000002
0.07692515725365923,0.2116
0.07216031510805032,0.2117
0.06765662967404984,0.21180000000000002
0.0634380901604602,0.2119
0.05952029824634941,0.21200000000000002
0.0559109197846297,0.2121
0.052610681624591704,0.2122
0.04951617704395872,0.21230000000000002
0.04636999293350552,0.2124
0.043474618460842995,0.21250000000000002
0.04086383102249558,0.2126
0.03839518005288256,0.2127
0.03570103356803589,0.21280000000000002
0.03330440213762631,0.2129
0.03129251081552242,0.21300000000000002
0.02915551474206346,0.2131
0.026920671793809747,0.2132
0.02488460812298543,0.21330000000000002
0.02303727179143822,0.2134
0.02143764886037558,0.21350000000000002
0.020070136364901403,0.2136
0.01889884333359304,0.2137
0.01787539954262307,0.21380000000000002
0.01725253528869275,0.2139
0.016830630016766213,0.21400000000000002
0.01706321821109591,0.2141
0.018067423830210982,0.2142
0.019877496047063348,0.21430000000000002
0.022382927043715695,0.2144
0.024882641310906672,0.21450000000000002
0.028021225731633903,0.2146
0.03178273533604892,0.2147
0.03562423555431593,0.21480000000000002
0.03996093773976539,0.2149
0.04490494780746879,0.215
0.05030430723864665,0.2151
0.055967213785035774,0.2152
0.06183286146827416,0.21530000000000002
0.0678280547204021,0.2154
0.07385824206764191,0.2155
0.07973695476814369,0.2156
0.08530579862208043,0.2157
0.09072581796713675,0.21580000000000002
0.09596519927526259,0.2159
0.10098563394329352,0.216
0.1057336943485353,0.21610000000000001
0.11017445294444728,0.2162
0.11427415995736323,0.21630000000000002
0.11801065222174956,0.2164
0.12136843257587815,0.2165
0.12433745851706246,0.21660000000000001
0.1269095062323804,0.2167
0.12907757391462593,0.21680000000000002
0.13065008479343077,0.2169
0.13168950079798714,0.217
0.13229685540118508,0.21710000000000002
0.13247653014559124,0.2172
0.1322307735088949,0.21730000000000002
0.13156371903190056,0.2174
0.130481177297192,0.2175
0.12898977263172984,0.21760000000000002
0.12709694879463007,0.2177
0.12382029143138251,0.21780000000000002
0.11832513947913759,0.2179
0.11263495980709304,0.218
0.10686861903576195,0.21810000000000002
0.1010645228671091,0.2182
0.09523598141701006,0.21830000000000002
0.0894048492785896,0.2184
0.0835994914275432,0.2185
0.07785835327668322,0.21860000000000002
0.07221374616186671,0.2187
0.06660225245447693,0.21880000000000002
0.061172481819699365,0.2189
0.05597456617677543,0.219
0.05104980324466446,0.21910000000000002
0.046433854577561995,0.2192
0.0421581538866187,0.21930000000000002
0.03824701038537559,0.2194
0.03471920464814615,0.2195
0.03159127313560539,0.21960000000000002
0.02855557008911691,0.2197
0.02571869289490536,0.21980000000000002
0.023289194351988174,0.2199
0.02130714961829594,0.22
0.019769493261036386,0.22010000000000002
0.017829385889590155,0.2202
0.015479567856805154,0.22030000000000002
0.013096445343769414,0.2204
0.010874735970256344,0.2205
0.008854318325776767,0.22060000000000002
0.007141628083901841,0.2207
0.005917587496998777,0.22080000000000002
0.005611900890446053,0.2209
0.005834681187408153,0.221
0.0062016170885139665,0.22110000000000002
0.0077270961446052056,0.2212
0.01026180396203813,0.22130000000000002
0.01280688384499018,0.2214
0.016236651114097667,0.2215
0.020069840984871412,0.22160000000000002
0.024145989375661703,0.2217
0.029052013847006952,0.2218
0.03474982841095242,0.22190000000000001
0.04101960673784122,0.222
0.047641736612302976,0.22210000000000002
0.05442070880254679,0.2222
0.06132351904461475,0.2223
0.06830191917908013,0.22240000000000001
0.07515415566060024,0.2225
0.0819307534053304,0.22260000000000002
0.0885940939070392,0.2227
0.0950299879719374,0.2228
0.10120334835483724,0.22290000000000001
0.10709762686101298,0.223
0.11268493197862672,0.22310000000000002
0.11795513675911606,0.2232
0.12289369487057578,0.2233
0.12745107834506375,0.22340000000000002
0.13155042489090907,0.2235
0.13526929988013203,0.22360000000000002
0.13859566477515128,0.2237
0.14151220204848103,0.2238
0.14400238523175202,0.22390000000000002
0.146052124482839,0.224
0.14765125832332826,0.22410000000000002
0.14879382177504052,0.2242
0.14947874077061563,0.2243
0.14970896503464393,0.22440000000000002
0.14949080453558228,0.2245
0.147879154167176,0.22460000000000002
0.14358455598427577,0.2247
0.13896900255085431,0.2248
0.13414940309227474,0.22490000000000002
0.12916629774717636,0.225
0.1240369515392723,0.22510000000000002
0.11878723954438053,0.2252
0.11344719522523883,0.2253
0.1080537082484525,0.22540000000000002
0.10264651138618419,0.2255
0.09726760586809269,0.22560000000000002
0.09190747826089563,0.2257
0.08660788363182881,0.2258
0.08145490408170386,0.22590000000000002
0.07649471819720877,0.226
0.07176655913641494,0.22610000000000002
0.06730184282528917,0.2262
0.06312347316394429,0.2263
0.05924607359117773,0.22640000000000002
0.055676575871724365,0.2265
0.052415179824117475,0.22660000000000002
0.04930848533881904,0.2267
0.04619394561698109,0.2268
0.043334179517771965,0.22690000000000002
0.040759588917469225,0.227
0.038255371551196404,0.22710000000000002
0.03559531147183437,0.2272
0.03324281890571412,0.2273
0.031278294432840914,0.22740000000000002
0.029085632907829728,0.2275
0.026893026802072617,0.22760000000000002
0.024881389221691474,0.2277
0.023061377667837446,0.2278
0.021490114187077802,0.22790000000000002
0.02014818725622436,0.228
0.018999932320650892,0.2281
0.018028069065775032,0.22820000000000001
0.01742487512088875,0.2283
0.017060092148238004,0.22840000000000002
0.017357379931881356,0.2285
0.018425969761374006,0.2286
0.020294915347876863,0.22870000000000001
0.022800357085403844,0.2288
0.025351281651576407,0.22890000000000002
0.028539896366975848,0.229
0.03233882880953143,0.2291
0.03618540613465204,0.22920000000000001
0.040546703187966715,0.2293
0.04550772783142332,0.22940000000000002
0.050912801192258605,0.2295
0.05657003440727326,0.2296
0.06242143040586989,0.22970000000000002
0.06839529548502021,0.2298
0.07439789292823662,0.22990000000000002
0.08024602895256172,0.23
0.08578021294915472,0.2301
0.0911600137680848,0.23020000000000002
0.09635496209657934,0.2303
0.1013280843614105,0.23040000000000002
0.1060268056994016,0.2305
0.11041693241617179,0.2306
0.11446522523851455,0.23070000000000002
0.11814994074285834,0.2308
0.12145587493594712,0.23090000000000002
0.12437318627500826,0.231
0.12689376103030792,0.2311
0.12901069364548823,0.23120000000000002
0.13050520651790676,0.2313
0.13149354234139787,0.23140000000000002
0.13205172847606406,0.2315
0.13218350024672898,0.2316
0.13189103241937727,0.23170000000000002
0.1311786745231882,0.2318
0.1300522607259319,0.23190000000000002
0.12851850764383144,0.232
0.12658493470068444,0.2321
0.12311944490073201,0.23220000000000002
0.1176062011701755,0.2323
0.11190839526428875,0.23240000000000002
0.1061394888618501,0.2325
0.10033545001716981,0.2326
0.09451002739297443,0.23270000000000002
0.0886851703531325,0.2328
0.0828897414256925,0.23290000000000002
0.07716239889057241,0.233
0.07149978339334628,0.2331
0.0659070740809592,0.23320000000000002
0.06050203525385145,0.2333
0.055332849533843875,0.23340000000000002
0.05043997008535661,0.2335
0.04585909025952639,0.2336
0.04162140437772788,0.23370000000000002
0.03775119495334889,0.2338
0.03426718284341024,0.23390000000000002
0.031185611355053267,0.234
0.028105469974520902,0.2341
0.025315745108157595,0.23420000000000002
0.022949415134319917,0.2343
0.021033823779769145,0.23440000000000003
0.01955977118753016,0.23450000000000001
0.017516284836423646,0.2346
0.015128249429407381,0.23470000000000002
0.012754440438815129,0.2348
0.010556414450290985,0.2349
0.008603586699249766,0.23500000000000001
0.006916885211069035,0.2351
0.005819745684563005,0.23520000000000002
0.005597021847777217,0.2353
0.00590488359035346,0.2354
0.006316144006898838,0.23550000000000001
0.007980025246837608,0.2356
0.010528065671818077,0.23570000000000002
0.013169894189857256,0.2358
0.01671886031823533,0.2359
0.02057796277016588,0.23600000000000002
0.02473437056779071,0.2361
0.029721536802433723,0.23620000000000002
0.03548391979361143,0.2363
0.04179967688507924,0.2364
0.04845229602955281,0.23650000000000002
0.05524657952869183,0.2366
0.062153728496757266,0.23670000000000002
0.0691268877607244,0.2368
0.07597553683005731,0.2369
0.08273643852130697,0.23700000000000002
0.08937326491768771,0.2371
0.0957740264267779,0.23720000000000002
0.1019069518914405,0.2373
0.1077582160667303,0.2374
0.11330156274102365,0.23750000000000002
0.11852772403733391,0.2376
0.12342212780695005,0.23770000000000002
0.12790039104560924,0.2378
0.1319544056828268,0.2379
0.1356276465913686,0.23800000000000002
0.13890693039606294,0.2381
0.1417748977222183,0.23820000000000002
0.14421564311662283,0.2383
0.14621542928948517,0.2384
0.1477646047405734,0.23850000000000002
0.14885760374054724,0.2386
0.1494937831078761,0.23870000000000002
0.14967640237129498,0.2388
0.14941201077687383,0.2389
0.1473618205162287,0.23900000000000002
0.14303540234225776,0.2391
0.1384055816483598,0.23920000000000002
0.13357800414911347,0.2393
0.12858859873030237,0.2394
0.12345583029961427,0.23950000000000002
0.11820573909573728,0.2396
0.11286930694294717,0.23970000000000002
0.10748369258044721,0.2398
0.10208886406512885,0.2399
0.09672683343051636,0.24000000000000002
0.09137249309926476,0.2401
0.08609740716603853,0.24020000000000002
0.08097405605651642,0.2403
0.07604790638120407,0.2404
0.0713578216048707,0.24050000000000002
0.0669344581247251,0.2406
0.06279919862948313,0.24070000000000003
0.05896537441757688,0.24080000000000001
0.05543908077384918,0.2409
0.052219779084425655,0.24100000000000002
0.04910573725971035,0.2411
0.04602530795660753,0.2412
0.043202963744897405,0.24130000000000001
0.04066591016850252,0.2414
0.038128174685647,0.24150000000000002
0.03550292880813699,0.2416
0.033195108109146165,0.2417
0.03127834187783418,0.24180000000000001
0.029030991001819162,0.2419
0.02688099747039918,0.24200000000000002
0.02489397154907813,0.2421
0.023101236790067814,0.2422
0.021557906477680078,0.24230000000000002
0.02024072512162234,0.2424
0.0191143884076026,0.24250000000000002
0.018193536601949,0.2426
0.017608492672926523,0.2427
0.017299834046660134,0.24280000000000002
0.017660308838256533,0.2429
0.018791198428394162,0.24300000000000002
0.020716584245510816,0.2431
0.023219564501441248,0.2432
0.025751277386870886,0.24330000000000002
0.028885277317879154,0.2434
0.03265492796915326,0.24350000000000002
0.0364717240265906,0.2436
0.04090776125180895,0.2437
0.045942178480193885,0.24380000000000002
0.05138741721483364,0.2439
0.05706977121401535,0.24400000000000002
0.06293141629540666,0.2441
0.0689077316302329,0.2442
0.07490225830721953,0.24430000000000002
0.08069659735171486,0.2444
0.08621668720654863,0.24450000000000002
0.09157604045284351,0.2446
0.09674340138070459,0.2447
0.10168305549676926,0.24480000000000002
0.10634398563079561,0.2449
0.11069307905917669,0.24500000000000002
0.11469794944890199,0.2451
0.11833756920510152,0.2452
0.12159724602116861,0.24530000000000002
0.12446755836422518,0.2454
0.1269405594450923,0.24550000000000002
0.12900945228721894,0.2456
0.13042702076609036,0.2457
0.1313647546381953,0.24580000000000002
0.1318736813834941,0.2459
0.13195739947985252,0.24600000000000002
0.13161825532458582,0.2461
0.13086129000800328,0.2462
0.12969233680882064,0.24630000000000002
0.12811816650522578,0.2464
0.12614594076324392,0.24650000000000002
0.12244865013922257,0.2466
0.11691801715880568,0.2467
0.1112139462760311,0.24680000000000002
0.10544274551145416,0.2469
0.09963753235022588,0.24700000000000003
0.09381318815811535,0.24710000000000001
0.087992365999775,0.2472
0.08220503488587982,0.24730000000000002
0.07649040774870097,0.2474
0.07081569481775496,0.24750000000000003
0.06524287007366247,0.24760000000000001
0.059863947235106796,0.2477
0.054725216872969495,0.24780000000000002
0.04986615797005123,0.2479
0.04532215245829163,0.248
0.041123822323615444,0.24810000000000001
0.0372951344727972,0.2482
0.03385458955732634,0.24830000000000002
0.03080651943815682,0.2484
0.027702652536175654,0.2485
0.024957175058183845,0.24860000000000002
0.022644625640953375,0.2487
0.02078328759310888,0.24880000000000002
0.019363305111759876,0.2489
0.017181256079972895,0.249
0.014781778036245363,0.24910000000000002
0.01242172061648339,0.2492
0.010251274627287366,0.24930000000000002
0.008363963203022795,0.2494
0.006703678410193925,0.2495
0.005772760451086212,0.24960000000000002
0.005627107731282388,0.2497
0.005845213267952065,0.24980000000000002
0.0063888654845773996,0.2499
0.008192240611326396,0.25
0.010762035578699258,0.2501
0.01349848581419777,0.25020000000000003
0.017149611689246447,0.2503
0.021039654750965475,0.2504
0.025273283208009367,0.2505
0.03033648778541842,0.2506
0.036161874901070146,0.25070000000000003
0.04252313641363514,0.2508
0.04920772493007508,0.2509
0.056019337491817645,0.251
0.06293355640599774,0.2511
0.06990426711901188,0.25120000000000003
0.07675001524325631,0.2513
0.08349821910677202,0.2514
0.09011236027035485,0.2515
0.0964824971379924,0.2516
0.10258008814076314,0.25170000000000003
0.10839371660037367,0.2518
0.11389866288477613,0.2519
0.11908607274443006,0.252
0.1239411686554418,0.2521
0.12834949026222198,0.25220000000000004
0.1323612841915982,0.2523
0.13599127805585842,0.2524
0.13922552384004672,0.2525
0.14204708481971884,0.2526
0.14444070903982087,0.25270000000000004
0.14639307456903872,0.2528
0.14789489163372005,0.2529
0.1489409792962274,0.253
0.14953108872946608,0.2531
0.14966883625297078,0.25320000000000004
0.14936094917918719,0.2533
0.14689493445493007,0.2534
0.14253732973095545,0.2535
0.13789267931033855,0.2536
0.13305587625614845,0.25370000000000004
0.12805846433065793,0.2538
0.12292011864998631,0.2539
0.11766714202898332,0.254
0.11233157238420899,0.2541
0.10695098803623093,0.25420000000000004
0.10156572988029988,0.2543
0.09621792725965972,0.2544
0.09086955164237387,0.2545
0.08561703115102082,0.2546
0.08052153767514547,0.25470000000000004
0.07562746590735847,0.2548
0.07097255187753126,0.2549
0.06658636673716722,0.255
0.062489208252814565,0.2551
0.058693534709864936,0.25520000000000004
0.05520484563058936,0.2553
0.05202220723238926,0.2554
0.04889696109972674,0.2555
0.045846499689671916,0.2556
0.04305790723349556,0.25570000000000004
0.04055512173646214,0.2558
0.037984196942238535,0.2559
0.03539107290977861,0.256
0.03312496309378443,0.2561
0.03125300798706476,0.25620000000000004
0.028952740260423937,0.25630000000000003
0.026842293463554157,0.2564
0.024876931789617807,0.2565
0.023107909581866704,0.2566
0.02158863415579204,0.25670000000000004
0.02029226576023735,0.25680000000000003
0.019182277748956977,0.2569
0.01830163192994494,0.257
0.01770707396180371,0.2571
0.017453242532841307,0.25720000000000004
0.017877115294840262,0.25730000000000003
0.019073222248622956,0.2574
0.021058738656961618,0.2575
0.02353746531654899,0.2576
0.026126312249500128,0.2577
0.029319592278147066,0.25780000000000003
0.03309771918719773,0.2579
0.03695519396825042,0.258
0.041428096538505654,0.2581
0.046488877240160376,0.2582
0.051948148273282646,0.25830000000000003
0.05763324292148431,0.2584
0.06348835980979373,0.2585
0.06945074587737388,0.2586
0.07542445751076832,0.2587
0.08118363740309698,0.25880000000000003
0.08667734138802186,0.2589
0.09200452863451003,0.259
0.0971346372221964,0.2591
0.10203321142878419,0.2592
0.10665023907698279,0.25930000000000003
0.11095342854687928,0.2594
0.1149110644525636,0.2595
0.11850272045991683,0.2596
0.12171417240229832,0.2597
0.12453632237469814,0.25980000000000003
0.12696137237147442,0.2599
0.12898259393064393,0.26
0.13032427486774756,0.2601
0.13121427317381884,0.2602
0.1316772678227539,0.26030000000000003
0.131716135642036,0.2604
0.1313330986586435,0.2605
0.13053338129135184,0.2606
0.12932278975282985,0.2607
0.12770816272029684,0.26080000000000003
0.1256967318779063,0.2609
0.1217887820956729,0.261
0.11624017424003896,0.2611
0.11052932116476466,0.2612
0.10475618372050832,0.26130000000000003
0.09895077945982944,0.2614
0.09312803309677142,0.2615
0.08731064793524379,0.2616
0.08153023565131023,0.2617
0.07582787349675324,0.26180000000000003
0.07014163258798456,0.2619
0.0645911986846962,0.262
0.05924059995736486,0.2621
0.054133968620233563,0.2622
0.04931009146949905,0.26230000000000003
0.04480437779045343,0.2624
0.040646970089924794,0.2625
0.03686152317731772,0.2626
0.03346627277945724,0.2627
0.030400667954253446,0.26280000000000003
0.027339823837802424,0.2629
0.02464746736241441,0.263
0.022390740728432945,0.2631
0.020584004299570635,0.2632
0.019160812740559585,0.26330000000000003
0.016893745004238125,0.2634
0.014482294653062944,0.2635
0.01212831380571866,0.2636
0.009976287821520824,0.2637
0.008125867484830795,0.26380000000000003
0.006515141504480182,0.2639
0.005741116716730055,0.264
0.005647417483382489,0.2641
0.0058530553811109165,0.2642
0.00651867516469129,0.26430000000000003
0.008479043645888584,0.2644
0.011039582032074335,0.2645
0.013871237336978925,0.2646
0.01763524352957546,0.2647
0.021547321870037495,0.26480000000000004
0.02585878418998888,0.2649
0.030998876873065573,0.265
0.03688554219332629,0.2651
0.043227319552741506,0.2652
0.049837271700781116,0.26530000000000004
0.0566360825856036,0.2654
0.06356957823832476,0.2655
0.07050088407256794,0.2656
0.07728234687974922,0.2657
0.0840474297824454,0.26580000000000004
0.09067215712052745,0.2659
0.09703867853084813,0.266
0.10312793745148496,0.2661
0.10892750698952969,0.2662
0.11441665577885007,0.26630000000000004
0.1195846628780709,0.2664
0.12441829393852477,0.2665
0.12879077179742948,0.2666
0.13277146674525053,0.2667
0.1363679714595819,0.26680000000000004
0.13956617584977105,0.2669
0.14234941968092973,0.267
0.14470300338600706,0.2671
0.14661408160601208,0.2672
0.1480739460464039,0.26730000000000004
0.14907786713223148,0.2674
0.14962606335930562,0.2675
0.1497224083178773,0.2676
0.14937382392278697,0.2677
0.14651148475588116,0.26780000000000004
0.1421180588815737,0.2679
0.1374531679604747,0.268
0.13260217661143425,0.2681
0.12759308124925983,0.2682
0.12244687888150019,0.26830000000000004
0.11718961187914756,0.2684
0.11185350221019696,0.2685
0.1064762210589727,0.2686
0.10109890807105071,0.2687
0.09576425250211085,0.26880000000000004
0.09042657530461529,0.26890000000000003
0.08519656326780123,0.269
0.08012788574837126,0.2691
0.07526433341988581,0.2692
0.07064309432498894,0.26930000000000004
0.06629296515459837,0.26940000000000003
0.06223321600861409,0.2695
0.05847524358257972,0.2696
0.055023630597927475,0.2697
0.05187673691496064,0.26980000000000004
0.048754690225545794,0.26990000000000003
0.04573112116984257,0.27
0.04297064721939492,0.2701
0.04049537275563586,0.2702
0.037897548847831475,0.27030000000000004
0.03532793571604076,0.27040000000000003
0.033090824123004126,0.2705
0.031250954247495466,0.2706
0.02889226247873844,0.2707
0.026797217594561662,0.27080000000000004
0.024862429782604778,0.27090000000000003
0.02311051344708881,0.271
0.02159910049649949,0.2711
0.0203104562497336,0.2712
0.019206126945572777,0.2713
0.018368176780033663,0.27140000000000003
0.0177784213336174,0.2715
0.017573856232743212,0.2716
0.018055893193990702,0.2717
0.0193107607331795,0.2718
0.021351336764297013,0.27190000000000003
0.023817819583713318,0.272
0.026454194461991598,0.2721
0.029696241206773832,0.2722
0.033476398748581104,0.2723
0.03737093534292946,0.27240000000000003
0.04187825715673865,0.2725
0.04696416702656858,0.2726
0.05243733583664567,0.2727
0.05812602588120663,0.2728
0.06397625148259767,0.27290000000000003
0.06992698487371851,0.273
0.07588282126653256,0.2731
0.08161161216692947,0.2732
0.08708272595854838,0.2733
0.09238217188312914,0.27340000000000003
0.09748006534560771,0.2735
0.10234313407482076,0.2736
0.10692228524810421,0.2737
0.11118593539208455,0.2738
0.11510287111390893,0.27390000000000003
0.11865306439667223,0.274
0.12182255161899469,0.2741
0.12460239906275516,0.2742
0.12698487220823296,0.2743
0.12895764493782147,0.27440000000000003
0.1302387139380936,0.2745
0.1310852781815146,0.2746
0.1315058325674432,0.2747
0.13150291426997873,0.2748
0.13107883927065678,0.27490000000000003
0.1302390585138261,0.275
0.12898945588297095,0.2751
0.1273369624492524,0.2752
0.12528886604415834,0.2753
0.12119578165438638,0.27540000000000003
0.11563108857878912,0.2755
0.10991378709073363,0.2756
0.10413828056260266,0.2757
0.09833223224114851,0.2758
0.0925112308367132,0.27590000000000003
0.08669823849277958,0.276
0.08092545258514183,0.2761
0.07522315197157847,0.2762
0.06953464691815003,0.2763
0.06400029790386907,0.27640000000000003
0.058670289241511187,0.2765
0.05358756235186557,0.2766
0.04879049471344299,0.2767
0.0443143591293822,0.2768
0.040189053104527916,0.27690000000000003
0.03643810034605344,0.277
0.03307963444533102,0.2771
0.02998142672422688,0.2772
0.026957673076861033,0.2773
0.024314540443453048,0.27740000000000004
0.022110677006974777,0.2775
0.020356197112325836,0.2776
0.01885306179170443,0.2777
0.01658810249535314,0.2778
0.014185817616652496,0.27790000000000004
0.011846894724707902,0.278
0.009714262685373898,0.2781
0.007882341474380494,0.2782
0.0063344599910883925,0.2783
0.0057182851300929816,0.27840000000000004
0.005681477788367806,0.2785
0.005866368099796571,0.2786
0.00668319188969968,0.2787
0.008805247276520545,0.2788
0.011332482423414225,0.27890000000000004
0.014255767781540252,0.279
0.017874635598033928,0.2791
0.021551290726960604,0.2792
0.02605752088145019,0.2793
0.031426506232924645,0.27940000000000004
0.03744908765943866,0.2795
0.04389364148152031,0.2796
0.05056340046809482,0.2797
0.05740719135054606,0.2798
0.0643695252607831,0.27990000000000004
0.07125448649143329,0.28
0.07806311990708736,0.2801
0.08484525554509725,0.2802
0.09147233490009998,0.2803
0.09782771698751824,0.28040000000000004
0.10389700913137734,0.2805
0.10967070142447144,0.2806
0.11513025355311357,0.2807
0.12026613448317802,0.2808
0.12505604898962752,0.28090000000000004
0.1293727920184441,0.281
0.13331355372360432,0.2811
0.1368690746787261,0.2812
0.14002387925666815,0.2813
0.14276170554963352,0.28140000000000004
0.14506778610832627,0.28150000000000003
0.1469301092037133,0.2816
0.14834046920985544,0.2817
0.14929537821235372,0.2818
0.1497957460814785,0.28190000000000004
0.14984622727584562,0.28200000000000003
0.14945361007945124,0.2821
0.1461029278352436,0.2822
0.14167844059962187,0.2823
0.13700091075659904,0.28240000000000004
0.1321416090500327,0.28250000000000003
0.1271229595430855,0.2826
0.12196789826487386,0.2827
0.11670362257281908,0.2828
0.11136434556489383,0.28290000000000004
0.10598843840349403,0.28300000000000003
0.10061713142105633,0.2831
0.0952928963538009,0.2832
0.08996493815447204,0.2833
0.08475550312897595,0.28340000000000004
0.07971432323777228,0.28350000000000003
0.07488403379792119,0.2836
0.07030000164758266,0.2837
0.0659891953214432,0.2838
0.061969398007526766,0.28390000000000004
0.05825080147648909,0.28400000000000003
0.054837050589074954,0.2841
0.051725837002036146,0.2842
0.048605357400243854,0.2843
0.045606516329158575,0.2844
0.042872140794558034,0.28450000000000003
0.04042293080778525,0.2846
0.037791542936169265,0.2847
0.03524593431354783,0.2848
0.03304200839278071,0.2849
0.031214527021992122,0.28500000000000003
0.028821710438913906,0.2851
0.026738635542498113,0.2852
0.024836413225783005,0.2853
0.02311374742479999,0.2854
0.02162042990054469,0.28550000000000003
0.020345030283821508,0.2856
0.01924952707504035,0.2857
0.018452795326719285,0.2858
0.017869272891069432,0.2859
0.017713850690728616,0.28600000000000003
0.018253765238924302,0.2861
0.01956757517438734,0.2862
0.021663444538665422,0.2863
0.02412390297218381,0.2864
0.02680875731161736,0.28650000000000003
0.0300993977112729,0.2866
0.0338857535549415,0.2867
0.03781655449719712,0.2868
0.042356641491540614,0.2869
0.047465974442651104,0.28700000000000003
0.05295157889165103,0.2871
0.058642654629252666,0.2872
0.06448702670515483,0.2873
0.07042535943500572,0.2874
0.07636278597074697,0.28750000000000003
0.08206008198342052,0.2876
0.08750755126661636,0.2877
0.09277831957987115,0.2878
0.09784304044763881,0.2879
0.10266943791551753,0.28800000000000003
0.10720920427665659,0.2881
0.11143140156734643,0.2882
0.11530534081401334,0.2883
0.11881146869152959,0.2884
0.12193619991792004,0.28850000000000003
0.12467088983040853,0.2886
0.12700798923988088,0.2887
0.1289141200353492,0.2888
0.13014859691941894,0.2889
0.13094973358591677,0.28900000000000003
0.13132556437292842,0.2891
0.13127861383872597,0.2892
0.13081140405437053,0.2893
0.12992942150484788,0.2894
0.12863862258800096,0.28950000000000004
0.12694599449144972,0.2896
0.12485889834993635,0.2897
0.12056567397786622,0.2898
0.11498155910161278,0.2899
0.10925539238895576,0.29000000000000004
0.10347567321943696,0.2901
0.09766755238537472,0.2902
0.09184733754341978,0.2903
0.0860382322566029,0.2904
0.08027301148886945,0.29050000000000004
0.07455629386905993,0.2906
0.06888033784011383,0.2907
0.0633637553764862,0.2908
0.05805522744721103,0.2909
0.052997235048703795,0.29100000000000004
0.04822875743830357,0.2911
0.043784784090865614,0.2912
0.03969442418100222,0.2913
0.03598185928399911,0.2914
0.03266659769749558,0.29150000000000004
0.029550616166564625,0.2916
0.026569065998314434,0.2917
0.02397904765036052,0.2918
0.021831056797089632,0.2919
0.020131488211360793,0.29200000000000004
0.018545308647436753,0.2921
0.01627941576198144,0.2922
0.013883588989710205,0.2923
0.011548236018539493,0.2924
0.009413884694320585,0.29250000000000004
0.007585175915539644,0.2926
0.006105148261388971,0.2927
0.005677905267729599,0.2928
0.0057440143210030215,0.2929
0.00588536703159126,0.29300000000000004
0.006885474030790428,0.2931
0.009191404199583753,0.2932
0.011660541440027261,0.2933
0.014683166809495551,0.2934
0.018338521268416175,0.29350000000000004
0.02211537413929321,0.2936
0.02672331780923054,0.2937
0.032174871752160605,0.2938
0.03825669406773602,0.2939
0.044740789930150404,0.29400000000000004
0.05143232125694697,0.29410000000000003
0.05828519725657744,0.2942
0.06524696604704916,0.2943
0.07213173721439692,0.2944
0.07893185834813965,0.29450000000000004
0.08565653570252296,0.29460000000000003
0.09218809258615535,0.2947
0.09848140073457756,0.2948
0.10451089610374642,0.2949
0.11024414873570954,0.29500000000000004
0.11566806621985792,0.29510000000000003
0.1207673762603737,0.2952
0.12552207665292225,0.2953
0.1297964873835572,0.2954
0.13369777560478702,0.29550000000000004
0.1372147383399548,0.29560000000000003
0.140330151188508,0.2957
0.14302686876248516,0.2958
0.14529014610443802,0.2959
0.1471084165419564,0.29600000000000004
0.14847402791290754,0.29610000000000003
0.1493840061335705,0.2962
0.14983975111573955,0.2963
0.14984636895807002,0.2964
0.14941096352091932,0.29650000000000004
0.14567043070248853,0.29660000000000003
0.14121426186397423,0.2967
0.1365212726857874,0.2968
0.1316523432420862,0.2969
0.12662553583525138,0.29700000000000004
0.12146469148207784,0.29710000000000003
0.1161969706706717,0.2972
0.11085737917247152,0.2973
0.10548465599219836,0.2974
0.10012058768807508,0.2975
0.09479680806116897,0.29760000000000003
0.0894833541568838,0.2977
0.08429542955006775,0.2978
0.07928108800530909,0.2979
0.07448197004826085,0.298
0.0699323511609764,0.29810000000000003
0.06565791634331442,0.2982
0.06167529292661966,0.2983
0.05799369793140352,0.2984
0.05461614468627962,0.2985
0.051539963205987416,0.29860000000000003
0.04840513701041593,0.2987
0.04543502737276173,0.2988
0.042733634225208705,0.2989
0.04031825577509052,0.299
0.03765499389576488,0.29910000000000003
0.035141915339314655,0.2992
0.032979901541981826,0.2993
0.031126355114464044,0.2994
0.02876177585971451,0.2995
0.02670395843787765,0.29960000000000003
0.02483097790198663,0.2997
0.02315803696456009,0.2998
0.02169049229964437,0.2999
0.020435442541665516,0.3
0.019355144034818972,0.30010000000000003
0.018604248500062814,0.3002
0.01803260118581962,0.3003
0.017930025287708817,0.3004
0.018529539238840043,0.3005
0.019901939757131393,0.30060000000000003
0.022050896626472527,0.3007
0.02450608234718632,0.3008
0.02723661624944973,0.3009
0.030570858551221658,0.301
0.03436289598236408,0.30110000000000003
0.038323371538476536,0.3012
0.04288812756091209,0.3013
0.04801225091663319,0.3014
0.05350160835787432,0.3015
0.059186488481503874,0.30160000000000003
0.0650166360085438,0.3017
0.07093445475481863,0.3018
0.07684569978278277,0.3019
0.08250978676008214,0.302
0.08792581292704704,0.30210000000000004
0.09316031576529071,0.3022
0.09818475459704668,0.3023
0.1029678566266018,0.3024
0.1074620302049214,0.3025
0.11163699449238795,0.30260000000000004
0.11546258370049811,0.3027
0.11891972201533374,0.3028
0.12199518627517636,0.3029
0.12468060330113695,0.303
0.12696858848318748,0.30310000000000004
0.12880174323785698,0.3032
0.1299868886081984,0.3033
0.13074029238099527,0.3034
0.1310693822377086,0.3035
0.13097660628883323,0.30360000000000004
0.13046467906880166,0.3037
0.12953910842077065,0.3038
0.12820593482768994,0.3039
0.12647222577313355,0.304
0.12434544785873791,0.30410000000000004
0.1198861672530186,0.3042
0.11428641646838411,0.3043
0.10855419612339368,0.3044
0.10277303043901509,0.3045
0.09696594026889416,0.30460000000000004
0.09114975553841642,0.3047
0.08534768454295716,0.3048
0.07959251066777195,0.3049
0.07385327938454622,0.305
0.06818941607193263,0.30510000000000004
0.0626918843556461,0.3052
0.05740856457003263,0.3053
0.0523806658331587,0.3054
0.04764631615040815,0.3055
0.04323971528101889,0.30560000000000004
0.0391897661552747,0.3057
0.035520576211608645,0.3058
0.03225144174937444,0.3059
0.029104048597453414,0.306
0.026169187457735,0.30610000000000004
0.023639272012268897,0.3062
0.021554561759250523,0.3063
0.019916432616527313,0.3064
0.018241755808213744,0.3065
0.015966205780516107,0.30660000000000004
0.013576451256778421,0.30670000000000003
0.011255941786330714,0.3068
0.009139835285708386,0.3069
0.007329029335297443,0.307
0.005925960764333826,0.30710000000000004
0.005614297700029081,0.30720000000000003
0.005795603783800951,0.3073
0.005956633181594118,0.3074
0.007105837739069809,0.3075
0.009575765584194595,0.30760000000000004
0.012011329951616911,0.30770000000000003
0.015127258028809987,0.3078
0.018821717912488323,0.3079
0.022690646396334557,0.308
0.027389096449460082,0.30810000000000004
0.03291346298300035,0.30820000000000003
0.03904699434640002,0.3083
0.04556559274597771,0.3084
0.052275616913022516,0.3085
0.05913549393891726,0.30860000000000004
0.06609491373567167,0.30870000000000003
0.07298040327073596,0.3088
0.07976898565392698,0.3089
0.08647063047511638,0.309
0.09296952471413522,0.30910000000000004
0.09922378099807028,0.30920000000000003
0.10521064189295282,0.3093
0.11089955128887907,0.3094
0.11627880087024434,0.3095
0.12133362233669232,0.30960000000000004
0.1260058970072867,0.30970000000000003
0.13023683345495396,0.3098
0.1340951567645705,0.3099
0.13756796017494177,0.31
0.14063746351364037,0.31010000000000004
0.14328689335258205,0.31020000000000003
0.14550171225812525,0.3103
0.14727086601751094,0.3104
0.1485871666242402,0.3105
0.14944816578349363,0.3106
0.14985567863318128,0.31070000000000003
0.14981518246758307,0.3108
0.1492747493911324,0.3109
0.1451523728102323,0.311
0.14066945391189534,0.3111
0.13596623172185995,0.31120000000000003
0.13109257461775092,0.3113
0.12606250998843904,0.3114
0.12090098887927936,0.3115
0.11563546315825224,0.3116
0.11030182848615233,0.31170000000000003
0.10493906619758064,0.3118
0.09958912914703621,0.3119
0.09427000919523343,0.312
0.08897779923818938,0.3121
0.08381624008779309,0.31220000000000003
0.07883263054221534,0.3123
0.07406777041803314,0.3124
0.069555600222865,0.3125
0.06532150219329491,0.3126
0.06138094965398089,0.31270000000000003
0.05774144673810655,0.3128
0.05440501322962321,0.3129
0.05136835355607139,0.313
0.04821885071105192,0.3131
0.04528051892905638,0.31320000000000003
0.04261415240398936,0.3133
0.040232163333276505,0.3134
0.03752063973045616,0.3135
0.035040324593658356,0.3136
0.0329223088035282,0.31370000000000003
0.031007935103283257,0.3138
0.0286870112167108,0.3139
0.026653791211973754,0.314
0.024800933808604375,0.3141
0.023181334433282297,0.31420000000000003
0.02173460514683545,0.3143
0.020496774902115655,0.3144
0.01942030231953229,0.3145
0.018712333243094736,0.3146
0.018137689816206448,0.31470000000000004
0.018095546452210343,0.3148
0.018766940332388682,0.3149
0.02021045117539355,0.315
0.02242536115920668,0.3151
0.02485715946673972,0.31520000000000004
0.0276483408934578,0.3153
0.031042997945071704,0.3154
0.03483987550073708,0.3155
0.03884205130078122,0.3156
0.043443689301323474,0.31570000000000004
0.04859303674065729,0.3158
0.054094133224722674,0.3159
0.05977841971622433,0.316
0.06559788003455558,0.3161
0.07149712494112803,0.31620000000000004
0.0773827699611277,0.3163
0.08300664041929295,0.3164
0.0883925167579751,0.3165
0.09359128501149827,0.3166
0.09857494744231787,0.31670000000000004
0.10331333394440301,0.3168
0.10775979656304358,0.3169
0.1118849202705735,0.317
0.11565930714829009,0.3171
0.11906457364463041,0.31720000000000004
0.12208799700810924,0.3173
0.1247215186418067,0.3174
0.12695788726663537,0.3175
0.12870952602083663,0.3176
0.12984290455991465,0.31770000000000004
0.130546434114843,0.3178
0.1308267293403229,0.3179
0.13068610167444716,0.318
0.13012746285636279,0.3181
0.1291562958190754,0.31820000000000004
0.12777869794781815,0.3183
0.12600179516302523,0.3184
0.12383315399542794,0.3185
0.1191634948449446,0.3186
0.11354704646324587,0.31870000000000004
0.10780984214795108,0.31880000000000003
0.10202889497740197,0.3189
0.09622446247160432,0.319
0.09041412977902086,0.3191
0.08462131819486773,0.31920000000000004
0.07887936737379553,0.31930000000000003
0.07312505720032969,0.3194
0.06747949707280809,0.3195
0.06200589481175056,0.3196
0.05675010059443042,0.31970000000000004
0.051752426611713975,0.31980000000000003
0.04705178716072078,0.3199
0.04268301526485896,0.32
0.03867444754815774,0.3201
0.03504920685127,0.32020000000000004
0.03182659284328926,0.32030000000000003
0.02864085900478086,0.3204
0.025752915553078903,0.3205
0.023285141582683355,0.3206
0.02126624777006758,0.32070000000000004
0.019692027645439758,0.32080000000000003
0.017903226452556487,0.3209
0.015605376395564585,0.321
0.013205886271533629,0.3211
0.01092696713675223,0.32120000000000004
0.008832630422577648,0.32130000000000003
0.007039497764935065,0.3214
0.005789819106160943,0.3215
0.005590223547443873,0.3216
0.005864637953577834,0.32170000000000004
0.006031540027229276,0.32180000000000003
0.0073254220501741685,0.3219
0.009755932236760856,0.322
0.012182369474201815,0.3221
0.015490228403989503,0.32220000000000004
0.019274861712571312,0.32230000000000003
0.023256528861864467,0.3224
0.028064872604981694,0.3225
0.033677711272635635,0.3226
0.039879175011409584,0.32270000000000004
0.04644710069553981,0.32280000000000003
0.053187554812758275,0.3229
0.06006360562696511,0.323
0.06702683280545862,0.3231
0.07389921955933387,0.32320000000000004
0.080682692409492,0.32330000000000003
0.08736621440219927,0.3234
0.0938353878332071,0.3235
0.10005208308342528,0.3236
0.10599721607410895,0.32370000000000004
0.11164230075451353,0.32380000000000003
0.11697695621230686,0.3239
0.12198656439410827,0.324
0.12657364073684219,0.3241
0.1307573458443404,0.3242
0.13456777361546624,0.32430000000000003
0.13799067074545823,0.3244
0.14100831637377464,0.3245
0.1436048460409235,0.3246
0.14576630503742538,0.3247
0.1474822660514744,0.32480000000000003
0.1487458751787618,0.3249
0.14955493651422025,0.325
0.14991135705651382,0.3251
0.149820691394147,0.3252
0.1487783522943249,0.32530000000000003
0.1446182338541676,0.3254
0.14011603942327222,0.3255
0.13539968251074408,0.3256
0.13051427202286603,0.3257
0.12547556131232718,0.32580000000000003
0.12030895162879507,0.3259
0.11504309777164201,0.326
0.10971423139211389,0.3261
0.10436156181186729,0.3262
0.0990269736569962,0.32630000000000003
0.09371862890218863,0.3264
0.08845084146398152,0.3265
0.08331906666089683,0.3266
0.07836982600963738,0.3267
0.07364297761545846,0.32680000000000003
0.0691712454902762,0.3269
0.06497869044886262,0.327
0.06107972820275198,0.3271
0.057481111023204745,0.3272
0.05418428556145227,0.32730000000000004
0.0511616968755948,0.3274
0.048017780060079396,0.3275
0.04511153070713858,0.3276
0.04247991027900211,0.3277
0.040096344669013906,0.32780000000000004
0.03737913695617867,0.3279
0.03493784135079703,0.328
0.032866517928585415,0.3281
0.030893433564671557,0.3282
0.02861543209616557,0.32830000000000004
0.026604606795355812,0.3284
0.024776566511576226,0.3285
0.023185838686768268,0.3286
0.021787325237898614,0.3287
0.02056859830324087,0.32880000000000004
0.019504063048908282,0.3289
0.018848260668548722,0.329
0.01828213887182084,0.3291
0.018302159669784768,0.3292
0.019044625038572516,0.32930000000000004
0.02055821966851301,0.3294
0.02283706955709275,0.3295
0.025260565348287134,0.3296
0.02810715229939409,0.3297
0.03155515969480094,0.32980000000000004
0.035358240750726466,0.3299
0.03939778988046161,0.33
0.04403127430611753,0.3301
0.04920118377570204,0.3302
0.05471012232915662,0.33030000000000004
0.060390686486590295,0.3304
0.06619695127424963,0.3305
0.07207544854224424,0.3306
0.07793347368543146,0.3307
0.08351938566399453,0.33080000000000004
0.08887162972114904,0.3309
0.0940310781128515,0.331
0.09897063708644327,0.3311
0.10366136184280283,0.3312
0.1080575221890101,0.33130000000000004
0.11213050435957028,0.33140000000000003
0.11585154593590363,0.3315
0.11920282892450051,0.3316
0.12217205563227118,0.3317
0.12475147475099946,0.33180000000000004
0.12693400456190995,0.33190000000000003
0.12860230324222077,0.332
0.12968160361210412,0.3321
0.1303329789115406,0.3322
0.13056227175980983,0.33230000000000004
0.13037169648146352,0.33240000000000003
0.12976440859596938,0.3325
0.1287459199829053,0.3326
0.12732242480112976,0.3327
0.12550112762464838,0.33280000000000004
0.12328969090672182,0.33290000000000003
0.11840713312542284,0.333
0.11277364068845563,0.3331
0.1070314988191936,0.3332
0.10125100781031571,0.33330000000000004
0.09544953113150612,0.33340000000000003
0.08964537659274052,0.3335
0.08386216777370381,0.3336
0.07811332873072474,0.3337
0.07236306589685593,0.33380000000000004
0.06673771997875877,0.33390000000000003
0.06128922224083144,0.334
0.056062247427723255,0.3341
0.05109709386495864,0.3342
0.046432875068275425,0.33430000000000004
0.04210429263207205,0.33440000000000003
0.03813955829119364,0.3345
0.03456156585328829,0.3346
0.031362128564445646,0.3347
0.02816499429185182,0.33480000000000004
0.025331385248118732,0.33490000000000003
0.02293041959840547,0.335
0.020980733264252205,0.3351
0.019473652567252753,0.3352
0.01757434830836946,0.33530000000000004
0.015235229307297482,0.33540000000000003
0.012844873597954942,0.3355
0.010594759134096465,0.3356
0.008565788920340767,0.3357
0.0067988293211516115,0.33580000000000004
0.005733200852616305,0.33590000000000003
0.005596868269566624,0.336
0.005861527803499467,0.3361
0.006112654187300226,0.3362
0.007564415828903881,0.33630000000000004
0.01003048357892311,0.33640000000000003
0.012566496243191061,0.3365
0.015999972986779687,0.3366
0.019814213784987933,0.3367
0.023884466337174448,0.33680000000000004
0.02878339533314267,0.33690000000000003
0.03447022601035865,0.337
0.040724763880864545,0.3371
0.047329376740386175,0.3372
0.05408956168776036,0.3373
0.06097365080245376,0.33740000000000003
0.06793438510327177,0.3375
0.07480457879835123,0.3376
0.08157457423643011,0.3377
0.08823263871214804,0.3378
0.09466666699711868,0.33790000000000003
0.10084227556173608,0.338
0.10674333496102373,0.3381
0.1123432150426873,0.3382
0.11763228907851175,0.3383
0.12259584726320061,0.33840000000000003
0.1270990444570954,0.3385
0.13123449289194333,0.3386
0.1349960567386952,0.3387
0.13836841579962322,0.3388
0.14133404378795056,0.33890000000000003
0.14387771905793267,0.339
0.14598577192032958,0.3391
0.14764814702723306,0.3392
0.14885833757856315,0.3393
0.14961460129143966,0.33940000000000003
0.1499192350819023,0.3395
0.1497780688551088,0.3396
0.14824467940147024,0.3397
0.14404712235952388,0.3398
0.1395266724148112,0.33990000000000004
0.13479888206098756,0.34
0.12990380600627272,0.3401
0.12485856201408496,0.3402
0.11968877309329928,0.3403
0.11442418993784675,0.34040000000000004
0.1091013839719851,0.3405
0.10375986081581012,0.3406
0.0984415363855059,0.3407
0.09314191705935937,0.3408
0.08789914284927114,0.34090000000000004
0.08279785701034958,0.341
0.07788399223053821,0.3411
0.0731966997132133,0.3412
0.06876741211450488,0.3413
0.06461877458832266,0.34140000000000004
0.06076424936032698,0.3415
0.05720976068519357,0.3416
0.0539559619006007,0.3417
0.050926179073434774,0.3418
0.047816424160074034,0.34190000000000004
0.0449475448421115,0.342
0.042353474488344034,0.3421
0.03993321414490514,0.3422
0.03725080995413599,0.3423
0.03485465136688104,0.34240000000000004
0.03283226201613787,0.3425
0.030798559259358926,0.3426
0.028564970741507212,0.3427
0.026577451672726404,0.3428
0.024775036008055862,0.34290000000000004
0.02321042195869838,0.343
0.021865778646052103,0.3431
0.020667143650106468,0.3432
0.01961508911871701,0.3433
0.01897798301890541,0.34340000000000004
0.01845929006651037,0.3435
0.018547406273163203,0.3436
0.019361941681605765,0.3437
0.020944782550856855,0.3438
0.023285632802419576,0.34390000000000004
0.02569814503162271,0.34400000000000003
0.028598498965482833,0.3441
0.032097302053468946,0.3442
0.03590515167113528,0.3443
0.03997929468923678,0.34440000000000004
0.04464114502247507,0.34450000000000003
0.049774786649603664,0.3446
0.05520047038968756,0.3447
0.060852389431501286,0.3448
0.06665716471340821,0.34490000000000004
0.07251940979651639,0.34500000000000003
0.07835442268245629,0.3451
0.08383044070632717,0.3452
0.08917279218601448,0.3453
0.09431619774097633,0.34540000000000004
0.09923543097128473,0.34550000000000003
0.10389840763390645,0.3456
0.10826322847387604,0.3457
0.11229988461408102,0.3458
0.11598187320874687,0.34590000000000004
0.11929118511540193,0.34600000000000003
0.12221723760114223,0.3461
0.12475206601678401,0.3462
0.12688953772583,0.3463
0.12849091945521585,0.34640000000000004
0.1295214639983413,0.34650000000000003
0.13012522529940196,0.3466
0.13030781394452262,0.3467
0.1300714692986329,0.3468
0.12941958746424198,0.34690000000000004
0.12835762195735057,0.34700000000000003
0.1268918249437515,0.3471
0.12502945302410762,0.3472
0.12277842191229882,0.3473
0.11771251334347599,0.34740000000000004
0.11205988740638906,0.34750000000000003
0.10631036621457002,0.3476
0.10052892579784534,0.3477
0.09473037425162989,0.3478
0.08893319596605564,0.34790000000000004
0.083160621686871,0.34800000000000003
0.0773952872485999,0.3481
0.07166035294196182,0.3482
0.06605568079301927,0.3483
0.060631538902623516,0.34840000000000004
0.05543196905267389,0.34850000000000003
0.050497524770563684,0.3486
0.045867414254785466,0.3487
0.041576433043915006,0.3488
0.03765274672940877,0.34890000000000004
0.0341190299636529,0.34900000000000003
0.0308911635914908,0.3491
0.02773990494931522,0.3492
0.024965074990121572,0.3493
0.02262699794249845,0.34940000000000004
0.020739840490439088,0.34950000000000003
0.019294076527568205,0.3496
0.017290482657133177,0.3497
0.01491420031980728,0.3498
0.012532625653604912,0.34990000000000004
0.010305641139908506,0.35000000000000003
0.008342414881680638,0.3501
0.006601377269079389,0.3502
0.005707654678225538,0.3503
0.00563012670486529,0.3504
0.005801202476068079,0.35050000000000003
0.006211508332679916,0.3506
0.00781189627721357,0.3507
0.010303858696540713,0.3508
0.012938141359088329,0.3509
0.01647720146127596,0.35100000000000003
0.020320010981826453,0.3511
0.024468922277366634,0.3512
0.029445589897754365,0.3513
0.035196103105942234,0.3514
0.04149554821496482,0.35150000000000003
0.04813139615568374,0.3516
0.05490803467382421,0.3517
0.06179868792202858,0.3518
0.06875659417489333,0.3519
0.07562765360543433,0.35200000000000004
0.08238415720991732,0.3521
0.08901779425677081,0.3522
0.09541878312119201,0.3523
0.10155620443150193,0.3524
0.10741648575877782,0.35250000000000004
0.11297471667223447,0.3526
0.11822180734378862,0.3527
0.12311267891545163,0.3528
0.12756929859597121,0.3529
0.1316616628465631,0.35300000000000004
0.13537869392851487,0.3531
0.1387047951867434,0.3532
0.141623055265357,0.3533
0.14411847580311454,0.3534
0.14617769075492137,0.35350000000000004
0.14779086932574237,0.3536
0.1489518871621719,0.3537
0.1496594418359014,0.3538
0.1499162840945255,0.3539
0.14972851853779845,0.35400000000000004
0.14775233553111677,0.3541
0.14352184910016375,0.3542
0.13898598979864774,0.3543
0.13424898862005952,0.3544
0.1293462470372535,0.35450000000000004
0.12429607045188351,0.3546
0.11912422544906431,0.3547
0.11386141019893947,0.3548
0.10854447461452288,0.3549
0.10321319173500432,0.35500000000000004
0.09790953397073965,0.3551
0.092616188692773,0.3552
0.08739565857805665,0.3553
0.08232181748143086,0.3554
0.07743992569127034,0.35550000000000004
0.07278824446214238,0.3556
0.06839703497874716,0.3557
0.06428786188099922,0.3558
0.06047394633822101,0.3559
0.05696096680224305,0.35600000000000004
0.05374815697998159,0.3561
0.050715275915794944,0.3562
0.04763755434626349,0.3563
0.04480276180949572,0.3564
0.042242647170660064,0.35650000000000004
0.03978928120838132,0.35660000000000003
0.03713799001946283,0.3567
0.034782289959177426,0.3568
0.03280383465167103,0.3569
0.030714657488962516,0.35700000000000004
0.028521230283891752,0.35710000000000003
0.02655518579140126,0.3572
0.024776478932744928,0.3573
0.02323615066287843,0.3574
0.021913347412219508,0.35750000000000004
0.0207623739241507,0.35760000000000003
0.01972584557954682,0.3577
0.01909833727409871,0.3578
0.01863264078513005,0.3579
0.01878284259795482,0.35800000000000004
0.019661505839054128,0.35810000000000003
0.02130555470824147,0.3582
0.023700793388832686,0.3583
0.026104403959436917,0.3584
0.029051963549422855,0.35850000000000004
0.03259458017247363,0.35860000000000003
0.03640670282094427,0.3587
0.04051001854724623,0.3588
0.04519498826455437,0.3589
0.05034032568971991,0.35900000000000004
0.05576564451639254,0.35910000000000003
0.061408056686746204,0.3592
0.0671956237296395,0.3593
0.07303389198679022,0.3594
0.07883888894140201,0.35950000000000004
0.08424075878159831,0.35960000000000003
0.08948318978740877,0.3597
0.09456329186538681,0.3598
0.09944228554755352,0.3599
0.10406349215827126,0.36000000000000004
0.10838935259262183,0.36010000000000003
0.11238401752408667,0.3602
0.11602379309956012,0.3603
0.11929209799841323,0.3604
0.12217833549341106,0.36050000000000004
0.12467413748538314,0.36060000000000003
0.12677271777921806,0.3607
0.12831958294423906,0.3608
0.1293067768345164,0.3609
0.12986840946967781,0.36100000000000004
0.1300099899194488,0.36110000000000003
0.12973373670595534,0.3612
0.1290432078353665,0.3613
0.1279438716572292,0.3614
0.12644206378147949,0.36150000000000004
0.12454513717530069,0.36160000000000003
0.12226113696425,0.3617
0.11708491322363035,0.3618
0.11141978639852901,0.3619
0.10566545593494048,0.36200000000000004
0.09988327751723425,0.36210000000000003
0.09408637313511847,0.3622
0.08829352352119368,0.3623
0.08252822786710834,0.3624
0.07673980680304382,0.36250000000000004
0.071017509716641,0.36260000000000003
0.06543182323455043,0.3627
0.060031147850373334,0.3628
0.05485845897149311,0.3629
0.049954074079238575,0.36300000000000004
0.04535682144524644,0.36310000000000003
0.04110132295113367,0.3632
0.037215609681327644,0.3633
0.03372223782160089,0.3634
0.030459228116322734,0.3635
0.027350716810374376,0.36360000000000003
0.024632027162767134,0.3637
0.022354136994513052,0.3638
0.02052673473840838,0.3639
0.01913972586636925,0.364
0.017021256506288607,0.36410000000000003
0.014639164316719855,0.3642
0.012273713279173926,0.3643
0.010074816566011613,0.3644
0.008157178394988973,0.3645
0.006465027394888079,0.36460000000000004
0.005695806933003311,0.3647
0.005648768365225543,0.3648
0.005799690010491743,0.3649
0.00632908529163978,0.365
0.008080078218270836,0.36510000000000004
0.010584620114285626,0.3652
0.013308935803877597,0.3653
0.016951243451605258,0.3654
0.020819510007195063,0.3655
0.02504046779522162,0.36560000000000004
0.030087895008900745,0.3657
0.035894518265468855,0.3658
0.0422326273568443,0.3659
0.048893502054783156,0.366
0.055681434831353904,0.36610000000000004
0.06257388977210265,0.3662
0.06952508687984493,0.3663
0.07639609358598631,0.3664
0.08313643567431983,0.3665
0.08974419465773797,0.36660000000000004
0.09611189888605631,0.3667
0.10221164961042806,0.3668
0.10803209900911726,0.3669
0.11354968891269124,0.367
0.11875586857201526,0.36710000000000004
0.12357120567144775,0.3672
0.127986590727311,0.3673
0.13203794846145467,0.3674
0.13571292362801513,0.3675
0.13899570778447312,0.36760000000000004
0.14186980886670486,0.3677
0.14432034543064276,0.3678
0.14633419466996045,0.3679
0.14790177077519373,0.368
0.14901729331239244,0.36810000000000004
0.14967982889089482,0.3682
0.14989246254037747,0.3683
0.1496615020211881,0.3684
0.14727192986595516,0.3685
0.1430122110141403,0.36860000000000004
0.1384637459302358,0.3687
0.13372000047577615,0.3688
0.12881195245193144,0.3689
0.12375902428081109,0.369
0.11858712461887189,0.36910000000000004
0.11332784381763272,0.36920000000000003
0.10801827528325159,0.3693
0.10269839787544333,0.3694
0.09741018319678207,0.3695
0.09212286913467072,0.36960000000000004
0.08692461758743752,0.36970000000000003
0.0818775626840661,0.3698
0.07702619665461596,0.3699
0.07240846330148232,0.37
0.06805394018169553,0.37010000000000004
0.06398273321352221,0.37020000000000003
0.06020696241943635,0.3703
0.056731707943676435,0.3704
0.05355558494139934,0.3705
0.05051185282793824,0.37060000000000004
0.047463447024989946,0.37070000000000003
0.04466104051583586,0.3708
0.04213342295575773,0.3709
0.03964571713179965,0.371
0.03702370383826037,0.37110000000000004
0.03470405359035489,0.37120000000000003
0.0327644329025103,0.3713
0.030612612027812958,0.3714
0.028457373602231995,0.3715
0.026512735785032326,0.37160000000000004
0.024757524745990578,0.37170000000000003
0.023241666012113305,0.3718
0.021940236878464914,0.3719
0.020819005777115374,0.372
0.019816517312653215,0.37210000000000004
0.01920160128501336,0.37220000000000003
0.01878741966100006,0.3723
0.018997127427301752,0.3724
0.019936838264669854,0.3725
0.021639031776782502,0.37260000000000004
0.02408619012579427,0.37270000000000003
0.026415848345291204,0.3728
0.029309369880819336,0.3729
0.03289029429137269,0.373
0.03661420467492449,0.37310000000000004
0.04079146416529067,0.37320000000000003
0.045557009277241045,0.3733
0.050751786284664036,0.3734
0.05621021513927582,0.3735
0.0618708439828235,0.37360000000000004
0.06766805420176092,0.37370000000000003
0.07350529499062453,0.3738
0.07928088617939655,0.3739
0.08465076084188228,0.374
0.08987909260618654,0.37410000000000004
0.09493887577787796,0.37420000000000003
0.0997914283759962,0.3743
0.10438111186828469,0.3744
0.10867170087553979,0.3745
0.11262816793186081,0.37460000000000004
0.11622765957627779,0.37470000000000003
0.11945419782944777,0.3748
0.12229769516648681,0.3749
0.12475001304792233,0.375
0.12680450450421954,0.37510000000000004
0.12827947253222238,0.37520000000000003
0.1292197219514536,0.3753
0.1297355373053749,0.3754
0.12983229540787267,0.3755
0.12951240699362176,0.37560000000000004
0.1287801339877649,0.37570000000000003
0.12764097609740566,0.3758
0.12610134289594177,0.3759
0.1241682561030345,0.376
0.12184957999972856,0.37610000000000005
0.11646356718057727,0.37620000000000003
0.11078499005903997,0.3763
0.10502771786437815,0.3764
0.09924626228496813,0.3765
0.09345117151297799,0.3766
0.08766249824277517,0.37670000000000003
0.08190058673690548,0.3768
0.07610273329489081,0.3769
0.07039366357324217,0.377
0.06482653225580892,0.3771
0.05944826260789382,0.37720000000000004
0.054301587374760096,0.3773
0.04942738237736721,0.3774
0.044864452679555855,0.3775
0.040646724894309205,0.3776
0.03680131406498255,0.37770000000000004
0.03335001707108143,0.3778
0.03006700447242694,0.3779
0.026999015321743203,0.378
0.024331234499970877,0.3781
0.022107242185990916,0.37820000000000004
0.02033303461390834,0.3783
0.018975457122385464,0.3784
0.016744680234979548,0.3785
0.014349182412818795,0.3786
0.011988485014166272,0.37870000000000004
0.009807706522427573,0.3788
0.007913034319596113,0.3789
0.006285317773883969,0.379
0.005677316347022954,0.3791
0.005684470001765973,0.37920000000000004
0.005801829142815906,0.3793
0.006475772663477208,0.3794
0.008388004883859157,0.3795
0.010871735578491082,0.3796
0.01368969414414356,0.37970000000000004
0.01744359786195826,0.3798
0.021336555231970644,0.3799
0.025633792912303388,0.38
0.030755096768103174,0.3801
0.036619803481062085,0.38020000000000004
0.0429356899954938,0.3803
0.04951997617588266,0.3804
0.05629337343000973,0.3805
0.0632038962780832,0.3806
0.07015596518791123,0.38070000000000004
0.07692963715083667,0.3808
0.0836836790740455,0.3809
0.09030091681631203,0.381
0.0966646334247464,0.3811
0.10275548182940275,0.38120000000000004
0.10856142995570683,0.38130000000000003
0.11406281929380213,0.3814
0.11924936246538043,0.3815
0.12403610417383915,0.3816
0.12842410196526033,0.38170000000000004
0.1324457867074451,0.38180000000000003
0.13608841449143405,0.3819
0.13933609583586248,0.382
0.14217266117096838,0.3821
0.14458365973836418,0.38220000000000004
0.14655645664898986,0.38230000000000003
0.1480820348448184,0.3824
0.14915511845328622,0.3825
0.14977528515796779,0.3826
0.1499459599420232,0.38270000000000004
0.149673710619733,0.38280000000000003
0.14692607431353988,0.3829
0.14263071841838937,0.383
0.13806054226151143,0.3831
0.13330060068963756,0.38320000000000004
0.12837879738126545,0.38330000000000003
0.12331575365620895,0.3834
0.11813708226715347,0.3835
0.11287444927991741,0.3836
0.10756502965150894,0.38370000000000004
0.10224962652641023,0.38380000000000003
0.09697082817056668,0.3839
0.09168899802758013,0.384
0.08650889582656607,0.3841
0.08148418932777346,0.38420000000000004
0.07665886964853219,0.38430000000000003
0.07207045051600613,0.3844
0.06774780348314713,0.3845
0.06370999770992847,0.3846
0.059968074184281184,0.38470000000000004
0.05652619297681549,0.38480000000000003
0.05338227999746237,0.3849
0.050338200962487756,0.385
0.04731392948702018,0.3851
0.04453706062383955,0.38520000000000004
0.042034572193422104,0.38530000000000003
0.039519676054850406,0.3854
0.03692009485240111,0.3855
0.034630404651887936,0.3856
0.032724329795536855,0.38570000000000004
0.030525272503552525,0.38580000000000003
0.028398056581618203,0.3859
0.026465682853250794,0.386
0.02472596926148629,0.3861
0.023226422216397147,0.38620000000000004
0.021939827778322485,0.38630000000000003
0.020830474167771396,0.3864
0.019867742959723378,0.3865
0.01926051937048512,0.3866
0.018890959279151742,0.38670000000000004
0.019152870379613995,0.38680000000000003
0.02014676303710572,0.3869
0.02190119278488667,0.387
0.024346391061092154,0.3871
0.02671643288676595,0.38720000000000004
0.029656817664054147,0.38730000000000003
0.03327809075033161,0.3874
0.0369993677087761,0.3875
0.041208004854859315,0.3876
0.0460008533429237,0.38770000000000004
0.05121298474830205,0.38780000000000003
0.05667811069676776,0.3879
0.06233720512581942,0.388
0.06812593790816124,0.3881
0.07394851390637047,0.38820000000000005
0.07969526475842936,0.38830000000000003
0.08504558012729169,0.3884
0.09024925849467136,0.3885
0.0952797393331668,0.3886
0.10009942034710284,0.38870000000000005
0.10465359360926807,0.38880000000000003
0.1089067535064091,0.3889
0.11282442209179011,0.389
0.11638417143424862,0.3891
0.11957032594981176,0.38920000000000005
0.12237300027267839,0.38930000000000003
0.12478417389898833,0.3894
0.1267972998746575,0.3895
0.1282094361505487,0.3896
0.12910755831608978,0.38970000000000005
0.12958239609364686,0.38980000000000004
0.129638877149731,0.3899
0.12927942842527462,0.39
0.12850855684280038,0.3901
0.12733183933557712,0.3902
0.12575580097121064,0.39030000000000004
0.12378755028990096,0.3904
0.12136769424946936,0.3905
0.11589963016149674,0.3906
0.11021130810897417,0.3907
0.10445054120138719,0.39080000000000004
0.09866837733518141,0.3909
0.09287460047583451,0.391
0.08708966260814854,0.3911
0.08131267696463218,0.3912
0.07552204671557727,0.39130000000000004
0.06982483706802556,0.3914
0.06427323955894704,0.3915
0.0589136156592851,0.3916
0.05378866452290243,0.3917
0.048939121366618155,0.39180000000000004
0.04440367033882886,0.3919
0.04021603743695401,0.392
0.03640315177776876,0.3921
0.032986601346842725,0.3922
0.029670576420330885,0.39230000000000004
0.02663831014896978,0.3924
0.02401857121953488,0.3925
0.02184623847546141,0.3926
0.020123085676896135,0.3927
0.01869339946103543,0.39280000000000004
0.01646755865117111,0.3929
0.014083582565740604,0.393
0.011731832716241009,0.3931
0.009554975885202266,0.3932
0.0076682808833048455,0.39330000000000004
0.006101345842369987,0.3934
0.005661124524521721,0.3935
0.005736511452220094,0.3936
0.005815732267812512,0.3937
0.00665105904329355,0.39380000000000004
0.00873757673836173,0.39390000000000003
0.011175729693765346,0.394
0.014084938318562168,0.3941
0.017681502631566426,0.3942
0.021349800093952487,0.39430000000000004
0.02584481305579156,0.39440000000000003
0.0311953884404772,0.3945
0.03719478518658792,0.3946
0.043611986722179585,0.3947
0.050254273438288255,0.39480000000000004
0.05707098250700038,0.39490000000000003
0.06400892212642606,0.395
0.07092165682313711,0.3951
0.07771714324064338,0.3952
0.08448708341833888,0.39530000000000004
0.09110563434383034,0.39540000000000003
0.09745712665095374,0.3955
0.10352680038156858,0.3956
0.10930568600538049,0.3957
0.11477642642852981,0.39580000000000004
0.11993002738254699,0.39590000000000003
0.1246530304891792,0.396
0.129003068477617,0.3961
0.13298603907603102,0.3962
0.1365883903269436,0.39630000000000004
0.1397931294105048,0.39640000000000003
0.14258462835452324,0.3965
0.14494815792795102,0.3966
0.146871941019045,0.3967
0.1483474365550741,0.39680000000000004
0.14937064849452986,0.39690000000000003
0.14994188022149046,0.397
0.1500654088698219,0.3971
0.14974772676867132,0.3972
0.14651817665836497,0.39730000000000004
0.1421921268453482,0.39740000000000003
0.1376093713713089,0.3975
0.13284106079394675,0.3976
0.12790962244984372,0.3977
0.12283758349307594,0.39780000000000004
0.11765167098550022,0.39790000000000003
0.11238545936826494,0.398
0.10707674476614759,0.3981
0.10176635517566646,0.3982
0.09649664073033248,0.39830000000000004
0.0912221808438054,0.39840000000000003
0.0860606056546811,0.3985
0.08106135198320275,0.3986
0.07626734997411888,0.3987
0.07171432019528956,0.39880000000000004
0.06742928144370963,0.39890000000000003
0.0634297530027984,0.399
0.05972550344934602,0.3991
0.056319699177937554,0.3992
0.05320957116326763,0.39930000000000004
0.05016305036165791,0.39940000000000003
0.04716160412845105,0.3995
0.04440905402437556,0.3996
0.041930967606910174,0.3997
0.039380043867278,0.39980000000000004
0.0368032161780425,0.39990000000000003
0.034545552749421615,0.4
0.03267546866395232,0.4001
0.03041572924776803,0.4002
0.028321619695186984,0.40030000000000004
0.02640459828927466,0.40040000000000003
0.024679369602267354,0.4005
0.02318503990159937,0.4006
0.02190384046199112,0.4007
0.020791773583971995,0.40080000000000005
0.019864751359556232,0.40090000000000003
0.019251585397907167,0.401
0.01893422695009428,0.4011
0.01926156437350013,0.4012
0.020323996099569586,0.40130000000000005
0.02214632859715948,0.40140000000000003
0.02457316735562398,0.4015
0.027006257940020983,0.4016
0.03001292897891661,0.4017
0.03369131642995837,0.40180000000000005
0.03740767618945484,0.40190000000000003
0.041661200048392466,0.402
0.04649501736895889,0.4021
0.05173627850853757,0.4022
0.05721749083481398,0.40230000000000005
0.06288273652022836,0.40240000000000004
0.06866918352709428,0.4025
0.07448187871291467,0.4026
0.08019277327480123,0.4027
0.08552788516454624,0.40280000000000005
0.09070999709624294,0.40290000000000004
0.0957125680444404,0.403
0.10049922763801811,0.4031
0.10501651948392488,0.4032
0.10922989714234099,0.4033
0.1131057093169433,0.40340000000000004
0.1166222181098131,0.4035
0.1197642838000148,0.4036
0.12252236729237609,0.4037
0.12488861301381271,0.4038
0.12685654431164162,0.40390000000000004
0.12819614919753286,0.404
0.12904774686069342,0.4041
0.12947722267413708,0.4042
0.12948879092502041,0.4043
0.12908477798517226,0.40440000000000004
0.12826991228859597,0.4045
0.12704983093812072,0.4046
0.12543121310597383,0.4047
0.12342131995369632,0.4048
0.12074836133305489,0.40490000000000004
0.11525825674446755,0.405
0.10956043477175614,0.4051
0.10379536430595038,0.4052
0.09801086787153479,0.4053
0.09221747674805103,0.40540000000000004
0.08643587268157216,0.4055
0.0806481709083966,0.4056
0.07486598505387698,0.4057
0.06918245571013648,0.4058
0.06364877485979514,0.40590000000000004
0.0583107416506401,0.406
0.05321097219025317,0.4061
0.04839010568810398,0.4062
0.04388662822480449,0.4063
0.03973395001285129,0.40640000000000004
0.035958675566027276,0.40650000000000003
0.03258205951033655,0.4066
0.029237209008390774,0.4067
0.026243491709974087,0.4068
0.02367478985596505,0.40690000000000004
0.021557153767782333,0.40700000000000003
0.01988784789901299,0.4071
0.018368863577544747,0.4072
0.016141392225082818,0.4073
0.013763656369214283,0.40740000000000004
0.011423644991380266,0.40750000000000003
0.009262116589286107,0.4076
0.007390859161221952,0.4077
0.005899307829355216,0.4078
0.005608041504888472,0.40790000000000004
0.005794085842529828,0.40800000000000003
0.005854327028520512,0.4081
0.00681389896337814,0.4082
0.009068295544361948,0.4083
0.011477227160072045,0.40840000000000004
0.014481669112914153,0.40850000000000003
0.01812161218672692,0.4086
0.021883075211381664,0.4087
0.026470703901940063,0.4088
0.03189737704936335,0.40890000000000004
0.03795250623303015,0.40900000000000003
0.044408490205933626,0.4091
0.051073670750583,0.4092
0.05790192758541046,0.4093
0.06484232110977739,0.40940000000000004
0.07175736965258273,0.40950000000000003
0.07854693436685545,0.4096
0.08526348502001113,0.4097
0.09179189006863009,0.4098
0.09808679468925108,0.40990000000000004
0.1041220792822698,0.41000000000000003
0.10986585587688602,0.4101
0.11530568329123458,0.4102
0.12042666047125783,0.4103
0.12512429691222526,0.41040000000000004
0.12943376692941533,0.41050000000000003
0.13337814598693887,0.4106
0.13694256423387552,0.4107
0.14010873480239594,0.4108
0.14286023900720324,0.41090000000000004
0.1451824409159943,0.41100000000000003
0.14706389886521332,0.4111
0.1484965264097714,0.4112
0.14947669376144535,0.4113
0.15000507657783557,0.41140000000000004
0.15008626904109024,0.41150000000000003
0.1497269965040261,0.4116
0.14611735662577985,0.4117
0.1417571390410356,0.4118
0.13715572003870324,0.41190000000000004
0.1323743768700506,0.41200000000000003
0.12743141411418013,0.4121
0.1223503009232868,0.4122
0.11715780379889362,0.4123
0.11188834896976985,0.41240000000000004
0.10658017061531411,0.41250000000000003
0.1012746826091021,0.4126
0.09600518186298146,0.4127
0.09074371361847078,0.4128
0.08560179953444136,0.41290000000000004
0.08062732901800007,0.41300000000000003
0.07586210652973757,0.4131
0.07134067515109055,0.4132
0.06708882876254918,0.4133
0.06312312103188722,0.41340000000000005
0.059452589795386146,0.41350000000000003
0.05607998093562916,0.4136
0.05300230619121904,0.4137
0.04994242621610123,0.4138
0.04696782459824167,0.41390000000000005
0.044246185400515836,0.41400000000000003
0.04179996490923199,0.4141
0.039218344948579675,0.4142
0.03667202040849471,0.4143
0.034453688074041366,0.41440000000000005
0.03262609817922568,0.41450000000000004
0.030318381663168692,0.4146
0.028262101654973337,0.4147
0.026365745998382817,0.4148
0.024662412043807036,0.41490000000000005
0.023189245607516673,0.41500000000000004
0.0219261497062051,0.4151
0.020828969489436355,0.4152
0.019946589880602827,0.4153
0.01934458849763132,0.41540000000000005
0.019078401240324006,0.41550000000000004
0.019464828415375335,0.4156
0.02058758451018816,0.4157
0.022467182945598907,0.4158
0.024888961438573443,0.41590000000000005
0.027371915450072448,0.41600000000000004
0.03042855306504144,0.4161
0.03414823169605907,0.4162
0.03786216726054681,0.4163
0.04214662673428826,0.4164
0.047006261813502315,0.41650000000000004
0.05226273198534748,0.4166
0.05774802065434259,0.4167
0.06340877122278654,0.4168
0.06918349720137007,0.4169
0.07497793024898869,0.41700000000000004
0.08065600672500162,0.4171
0.08596717868772241,0.4172
0.09111981768652688,0.4173
0.09608794320175573,0.4174
0.10083636955254915,0.41750000000000004
0.10531263931316504,0.4176
0.10948299569587316,0.4177
0.11331440113488878,0.4178
0.11678561427348089,0.4179
0.11988186647824328,0.41800000000000004
0.12259387218560958,0.4181
0.12491391609582614,0.4182
0.1268356140104624,0.4183
0.12810278979497292,0.4184
0.12890755452959257,0.41850000000000004
0.12929163385017928,0.4186
0.12925857806261765,0.4187
0.12881064033794798,0.4188
0.12795279000029613,0.4189
0.12669073142870402,0.41900000000000004
0.1250312888112063,0.41910000000000003
0.12298185130594019,0.4192
0.12010941618966609,0.4193
0.11460215976108812,0.4194
0.10889770484783423,0.41950000000000004
0.10313069267756336,0.41960000000000003
0.09734637163353632,0.4197
0.09155581514430156,0.4198
0.08577987215853955,0.4199
0.0799766966863692,0.42000000000000004
0.07420457122840429,0.42010000000000003
0.0685364219365101,0.4202
0.06302217397383225,0.4203
0.0577069916963433,0.4204
0.052633494554647164,0.42050000000000004
0.047842251015202786,0.42060000000000003
0.043371642574979496,0.4207
0.03925485146351715,0.4208
0.03551821527655008,0.4209
0.032123065371925996,0.42100000000000004
0.02880658816729964,0.42110000000000003
0.025862638915265412,0.4212
0.02334875027076455,0.4213
0.021284238206148,0.4214
0.019666079910412027,0.42150000000000004
0.018038653519533154,0.42160000000000003
0.01581414664559766,0.4217
0.01345033554651387,0.4218
0.011130884250012185,0.4219
0.00899332161017119,0.42200000000000004
0.00714406305077997,0.42210000000000003
0.005789262657747818,0.4222
0.005588277438905331,0.4223
0.0058445348069215974,0.4224
0.005892096603189678,0.42250000000000004
0.006964553938404672,0.42260000000000003
0.009368445897722566,0.4227
0.011781338146741982,0.4228
0.01487309333822151,0.4229
0.018556573507320318,0.42300000000000004
0.022400488065010382,0.42310000000000003
0.027069319613351572,0.4232
0.032563232719274415,0.4233
0.03866819667721111,0.4234
0.04515962985225519,0.42350000000000004
0.05184602835171659,0.42360000000000003
0.05868504628666371,0.4237
0.06562725509109268,0.4238
0.07254285197687216,0.4239
0.07932493036625954,0.42400000000000004
0.08602365868707074,0.42410000000000003
0.09252543124128798,0.4242
0.09878794699078552,0.4243
0.10478761361792022,0.4244
0.11049417760092861,0.42450000000000004
0.1158961175657589,0.42460000000000003
0.12097863552258259,0.4247
0.12560672784703375,0.4248
0.1298758427832034,0.4249
0.13377914963726,0.42500000000000004
0.137300839046114,0.42510000000000003
0.14042269794728446,0.4252
0.1431289326274361,0.4253
0.1454052005814035,0.4254
0.14724044578469841,0.42550000000000004
0.14862686178596474,0.42560000000000003
0.14956120157709563,0.4257
0.15004445135470112,0.4258
0.1500814732533149,0.4259
0.14966669091330775,0.42600000000000005
0.14564109450164398,0.42610000000000003
0.14125096107362078,0.4262
0.1366365003108292,0.4263
0.13184768930027335,0.4264
0.1268983542806843,0.42650000000000005
0.12181324892329493,0.42660000000000003
0.11661947011257878,0.4267
0.1113525448137006,0.4268
0.10605110586435873,0.4269
0.10075685856296179,0.42700000000000005
0.0954921700569169,0.42710000000000004
0.0902497584732187,0.4272
0.08513193361554605,0.4273
0.08018590888082389,0.4274
0.07545269990093628,0.42750000000000005
0.07096604256996875,0.42760000000000004
0.0667507259441642,0.4277
0.06282239485701768,0.4278
0.059189268999458866,0.4279
0.05585350985550375,0.42800000000000005
0.05281168684387816,0.42810000000000004
0.049737711344725266,0.4282
0.046792486881884754,0.4283
0.044103360805880065,0.4284
0.041688102022124696,0.42850000000000005
0.03905988820967732,0.42860000000000004
0.03654366330959147,0.4287
0.034365842937954305,0.4288
0.032553444847921886,0.4289
0.030205352561434973,0.42900000000000005
0.0281830423633036,0.42910000000000004
0.02631593467445681,0.4292
0.024636533456842358,0.4293
0.023185789000027768,0.4294
0.021941411520191467,0.4295
0.020858905241044834,0.42960000000000004
0.02002377285888035,0.4297
0.0194324874309868,0.4298
0.019220586484088198,0.4299
0.01966975932098136,0.43
0.020856586809968825,0.43010000000000004
0.0227970920438616,0.4302
0.025213812244651024,0.4303
0.027749900650305248,0.4304
0.030859684213117022,0.4305
0.03460217052449788,0.43060000000000004
0.038336028210261164,0.4307
0.04265511392997556,0.4308
0.047541334707966953,0.4309
0.0528125663086334,0.431
0.05830104009437487,0.43110000000000004
0.06395572411350303,0.4312
0.06971685610988987,0.4313
0.0754908917866397,0.4314
0.08113357228205664,0.4315
0.08641911879217823,0.43160000000000004
0.09154051326789814,0.43170000000000003
0.09647232322050259,0.4318
0.1011805650884906,0.4319
0.10561380126671405,0.432
0.10973909351151945,0.43210000000000004
0.1135240431713217,0.43220000000000003
0.11694794012797294,0.4323
0.11999641319508769,0.4324
0.12266046422594223,0.4325
0.12493254865052184,0.43260000000000004
0.12680640751045136,0.43270000000000003
0.1279969003854029,0.4328
0.1287535735826404,0.4329
0.1290913556550881,0.433
0.12901304271069491,0.43310000000000004
0.12852076929084144,0.43320000000000003
0.12761972355381257,0.4333
0.12631562239874483,0.4334
0.12461538854534415,0.4335
0.12252649518655878,0.43360000000000004
0.11944679745738995,0.43370000000000003
0.11392293137593867,0.4338
0.1082128690858638,0.4339
0.1024451426082641,0.434
0.09666234561502551,0.43410000000000004
0.09087618248824603,0.43420000000000003
0.0851077005092521,0.4343
0.07928963418325963,0.4344
0.07352991289128363,0.4345
0.06787975413789005,0.43460000000000004
0.06238762848549684,0.43470000000000003
0.05709794897731757,0.4348
0.05205329289140703,0.4349
0.04729412396734811,0.435
0.04285870350363141,0.43510000000000004
0.03878010051795422,0.43520000000000003
0.03508451401292367,0.4353
0.031656117957755026,0.4354
0.02837531419615691,0.4355
0.025481744791200356,0.43560000000000004
0.023024769018320512,0.43570000000000003
0.02101778192814563,0.4358
0.01945758558489108,0.4359
0.017724344652311208,0.436
0.01548152158206273,0.43610000000000004
0.013109349720022312,0.43620000000000003
0.010834588593723105,0.4363
0.008723770874516479,0.4364
0.006896063906092653,0.4365
0.005723922031938722,0.43660000000000004
0.005590008196635354,0.43670000000000003
0.005848692831196489,0.4368
0.005936700738929934,0.4369
0.007135978977925728,0.437
0.009528133515204651,0.43710000000000004
0.01191490903393877,0.43720000000000003
0.015180079712443062,0.4373
0.018957476686090047,0.4374
0.022908654634480108,0.4375
0.02768055798103508,0.43760000000000004
0.03325904328433471,0.43770000000000003
0.03942946655990176,0.4378
0.045969887327931724,0.4379
0.05268761633064978,0.438
0.05954500711079258,0.43810000000000004
0.06649392651709207,0.43820000000000003
0.07339548713413646,0.4383
0.08017641392775521,0.4384
0.08686185020753578,0.4385
0.09333920288171349,0.43860000000000005
0.09956972647819096,0.43870000000000003
0.10553323373185453,0.4388
0.11120141405994433,0.4389
0.11656376105767674,0.439
0.12157389262825857,0.43910000000000005
0.12615644340035537,0.43920000000000003
0.1303825590803831,0.4393
0.13424085031437238,0.4394
0.1377153026012342,0.4395
0.14078845457069145,0.43960000000000005
0.14344511668680082,0.43970000000000004
0.14567153638001362,0.4398
0.14745706682556792,0.4399
0.14879415726445933,0.44
0.14967974205358658,0.44010000000000005
0.15011490127990457,0.44020000000000004
0.15010451662534463,0.4403
0.1492032134148129,0.4404
0.1451409947895399,0.4405
0.1407318202161747,0.44060000000000005
0.13610403001019877,0.44070000000000004
0.13130305612965354,0.4408
0.12634445813845574,0.4409
0.12125348134032499,0.441
0.11605843485488976,0.44110000000000005
0.1107951990711592,0.44120000000000004
0.10550263573184626,0.4413
0.10022236882936031,0.4414
0.09496939177193653,0.4415
0.08974966504283988,0.44160000000000005
0.0846594243431893,0.44170000000000004
0.0797450127059609,0.4418
0.07504638333623437,0.4419
0.07059658069644104,0.442
0.06642002109421608,0.44210000000000005
0.0625312008245984,0.44220000000000004
0.058936835539958876,0.4423
0.05563841708644879,0.4424
0.052632238417194,0.4425
0.049543366194475746,0.44260000000000005
0.046625290168300415,0.44270000000000004
0.04396715163716891,0.4428
0.04158359470783357,0.4429
0.03891386522139295,0.443
0.03642887306192022,0.4431
0.03429277031946931,0.44320000000000004
0.032448445590868236,0.4433
0.030116719306303885,0.4434
0.028109875048514477,0.4435
0.02627960429435583,0.4436
0.024621168503268676,0.44370000000000004
0.02318225442953925,0.44380000000000003
0.021948467509708802,0.4439
0.020874210423646122,0.444
0.0200893100423416,0.4441
0.019506576238019546,0.44420000000000004
0.01935496383648938,0.44430000000000003
0.01987400809928741,0.4444
0.021131701253113366,0.4445
0.023139141187340284,0.4446
0.025548395963976178,0.44470000000000004
0.028141933137655117,0.44480000000000003
0.03130928191018256,0.4449
0.035055031881125576,0.445
0.038832274506278575,0.4451
0.0431914160655289,0.44520000000000004
0.048107022131253396,0.44530000000000003
0.053394743899241925,0.4454
0.05888778676969553,0.4455
0.06453712785528609,0.4456
0.07028494195737245,0.44570000000000004
0.07603825352728155,0.44580000000000003
0.08164272058705113,0.4459
0.08690210984127922,0.446
0.09199121844987879,0.4461
0.09688511739575478,0.44620000000000004
0.10155111615931134,0.44630000000000003
0.10593893948033084,0.4464
0.11001663689934804,0.4465
0.11375261938624792,0.4466
0.1171268392342405,0.44670000000000004
0.12012537706728743,0.44680000000000003
0.12273950362239683,0.4469
0.12496177709324396,0.447
0.1267618352171519,0.4471
0.12789571036472958,0.44720000000000004
0.12860322119484402,0.44730000000000003
0.12889282087584542,0.4474
0.12876707876672144,0.4475
0.12822834458240062,0.4476
0.1272819307577997,0.44770000000000004
0.12593368162235863,0.44780000000000003
0.12419063359733074,0.4479
0.12206035981483854,0.448
0.1187445144784629,0.4481
0.11320297255145573,0.44820000000000004
0.10748769519300483,0.44830000000000003
0.10171995658523203,0.4484
0.09593884795753549,0.4485
0.09015619174087786,0.4486
0.08437031042681475,0.44870000000000004
0.07855753437895308,0.44880000000000003
0.07281237702914278,0.4489
0.0671838945570844,0.449
0.06171868562900018,0.4491
0.05646006013814264,0.44920000000000004
0.051450161085510704,0.44930000000000003
0.046729640845149634,0.4494
0.042336702638680945,0.4495
0.03830392150055806,0.4496
0.03465675240984312,0.44970000000000004
0.03121707033751364,0.44980000000000003
0.027982152892633172,0.4499
0.025144111691013382,0.45
0.022745532481105002,0.4501
0.020796382345669162,0.45020000000000004
0.019292731869071655,0.45030000000000003
0.017440545218715853,0.4504
0.015147477636835882,0.4505
0.012767792167974745,0.4506
0.010505859211410007,0.45070000000000005
0.008457282214802131,0.45080000000000003
0.006648456095430522,0.4509
0.005681703453263021,0.451
0.005609203617055858,0.4511
0.005807364582333108,0.45120000000000005
0.006005804789381175,0.45130000000000003
0.007353916644873726,0.4514
0.009773518008349358,0.4515
0.012268960261607509,0.4516
0.015656152690998182,0.45170000000000005
0.019451418657006503,0.45180000000000003
0.023488368812197402,0.4519
0.028350401307155826,0.452
0.03400347440611928,0.4521
0.04022699205001534,0.45220000000000005
0.0468048182641958,0.45230000000000004
0.05354282728133408,0.4524
0.06040913253967095,0.4525
0.0673563235663438,0.4526
0.07425335027091273,0.45270000000000005
0.08102258684424668,0.45280000000000004
0.08768440711025294,0.4529
0.09412854498362855,0.453
0.10032022576126776,0.4531
0.1062423803928434,0.45320000000000005
0.1118686434317887,0.45330000000000004
0.11718910824353868,0.4534
0.12212038321119656,0.4535
0.12666088666318664,0.4536
0.13084447250703268,0.45370000000000005
0.13465820141625295,0.45380000000000004
0.1380858672283637,0.4539
0.141110750943928,0.454
0.14371798638394395,0.4541
0.1458941860633005,0.45420000000000005
0.14762897353852822,0.45430000000000004
0.1489151787769596,0.4544
0.14975023100879425,0.4545
0.15013570925743902,0.4546
0.15007682460653227,0.45470000000000005
0.14869897420112366,0.45480000000000004
0.14460078223939887,0.4549
0.1401742479496786,0.455
0.13553564969707987,0.4551
0.13072541853888964,0.45520000000000005
0.12576033407749443,0.45530000000000004
0.12066578428326846,0.4554
0.1154711154956316,0.4555
0.11021256847106553,0.4556
0.10492937866676455,0.45570000000000005
0.09966332946617362,0.45580000000000004
0.09442003684514488,0.4559
0.08922323368096818,0.456
0.08416143564750933,0.4561
0.07928025013135653,0.4562
0.07461864018796349,0.45630000000000004
0.07020835257123004,0.45640000000000003
0.0660724053272832,0.4565
0.062224184326212795,0.4566
0.05866962655075603,0.4567
0.05540964412974314,0.45680000000000004
0.05244015447607686,0.45690000000000003
0.0493310334908168,0.457
0.046441644478804944,0.4571
0.043816758904680064,0.4572
0.04146737277888013,0.45730000000000004
0.03875550862274868,0.45740000000000003
0.03630501317190915,0.4575
0.03421458192196991,0.4576
0.03232030234820571,0.4577
0.030032109279761077,0.45780000000000004
0.028049556752742566,0.45790000000000003
0.0262454405956154,0.458
0.024639487098198742,0.4581
0.023222658363490467,0.4582
0.022005770116091394,0.45830000000000004
0.02094301748308469,0.45840000000000003
0.02020761072482613,0.4585
0.019634248023404632,0.4586
0.019541431731887826,0.4587
0.02012770196038227,0.45880000000000004
0.02145280823359208,0.45890000000000003
0.023523111046340972,0.459
0.02592599462386902,0.4591
0.028573894499677843,0.4592
0.03179429032890302,0.45930000000000004
0.0355441738579414,0.45940000000000003
0.039359438935892,0.4595
0.043752128379025645,0.4596
0.04869043736042733,0.4597
0.05398822325107888,0.45980000000000004
0.0594797813307657,0.45990000000000003
0.06511819841018629,0.46
0.07084765063949872,0.4601
0.07657584109941507,0.4602
0.08214192125438224,0.46030000000000004
0.08737098735691418,0.46040000000000003
0.09242408775769628,0.4605
0.0972768859548595,0.4606
0.10189785826245878,0.4607
0.10623771539665128,0.46080000000000004
0.11026538176908662,0.46090000000000003
0.11394999746617307,0.461
0.11727215972075178,0.4611
0.12021843571329294,0.4612
0.12278044463434745,0.46130000000000004
0.12495094192223721,0.46140000000000003
0.12666954256545393,0.4615
0.12775164147022677,0.4616
0.12840939692131814,0.4617
0.12865042624182876,0.46180000000000004
0.12847715827707096,0.46190000000000003
0.12789216192845343,0.462
0.1269007627804385,0.4621
0.12550889979057223,0.4622
0.12372369303313757,0.46230000000000004
0.12155282138972034,0.46240000000000003
0.11802702344233384,0.4625
0.11246939766166131,0.4626
0.10674963384457581,0.4627
0.10098269674070182,0.46280000000000004
0.09520495345390478,0.46290000000000003
0.08942890182267038,0.463
0.08362722512329068,0.4631
0.07782557630772546,0.4632
0.072097083572367,0.46330000000000005
0.06648972204912929,0.46340000000000003
0.06104936857406029,0.4635
0.05581928429957439,0.4636
0.05084148153630741,0.4637
0.046156612937036545,0.46380000000000005
0.04180269782937018,0.46390000000000003
0.03781205993034553,0.464
0.034209867832581065,0.4641
0.030738514227417024,0.4642
0.027549354059854148,0.46430000000000005
0.02477084786837591,0.46440000000000003
0.022436102418078585,0.4645
0.020550396281600047,0.4646
0.019109071825112123,0.4647
0.017145630247454635,0.46480000000000005
0.014813817180848732,0.46490000000000004
0.012443513566350761,0.465
0.010206104925967407,0.4651
0.008225479982194805,0.4652
0.006443701913573907,0.46530000000000005
0.005660538069318877,0.46540000000000004
0.0056482198552829654,0.4655
0.0057590685998965,0.4656
0.006137116039535595,0.4657
0.007635576688891588,0.46580000000000005
0.01007215241801851,0.46590000000000004
0.012667768393652024,0.466
0.016164533900819178,0.4661
0.019987443468660437,0.4662
0.02410496879698143,0.46630000000000005
0.029046419958495218,0.46640000000000004
0.03476380221036979,0.4665
0.04103163405810828,0.4666
0.0476395763896349,0.4667
0.054392349921949856,0.46680000000000005
0.06126339326603869,0.46690000000000004
0.06820580035972501,0.467
0.07510306766780783,0.4671
0.08185642998513232,0.4672
0.08849123041180096,0.46730000000000005
0.09489968696627249,0.46740000000000004
0.10105061882086785,0.4675
0.1069295736616015,0.4676
0.11251195899081956,0.4677
0.11778841158432163,0.46780000000000005
0.12264213912229027,0.46790000000000004
0.12713844030114385,0.468
0.1312774724019211,0.4681
0.1350450577090614,0.4682
0.13842474746036515,0.46830000000000005
0.14140044863958834,0.46840000000000004
0.1439574726844458,0.4685
0.1460827811627069,0.4686
0.1477662735414509,0.4687
0.14900122933229687,0.46880000000000005
0.14978556087052697,0.46890000000000004
0.1501213297067574,0.46900000000000003
0.1500140279117853,0.4691
0.14818276657661456,0.4692
0.14404895246904625,0.4693
0.13960481427490667,0.46940000000000004
0.13495512671132814,0.46950000000000003
0.13013558295677052,0.4696
0.12516416507132766,0.4697
0.12006640356182507,0.4698
0.11487260394473509,0.46990000000000004
0.10961928638362284,0.47000000000000003
0.10434595741193253,0.4701
0.09909446711880987,0.4702
0.09385717100738955,0.4703
0.08868302080800305,0.47040000000000004
0.08364922163403343,0.47050000000000003
0.07880085663666159,0.4706
0.07417623947793883,0.4707
0.06980586558837432,0.4708
0.0657113400630377,0.47090000000000004
0.06190508055488375,0.47100000000000003
0.0583921694098275,0.4711
0.05517272116273131,0.4712
0.052202447476068725,0.4713
0.04911720162895272,0.47140000000000004
0.04626232794042662,0.47150000000000003
0.043672873903842335,0.4716
0.041293127020850084,0.4717
0.03860977450664693,0.4718
0.03620180367770254,0.47190000000000004
0.034158075554673095,0.47200000000000003
0.032207715631731304,0.4721
0.029962471903630217,0.4722
0.028002105273541966,0.4723
0.02622217554383588,0.47240000000000004
0.024669428132181537,0.47250000000000003
0.023273728722749798,0.4726
0.02207161241650879,0.4727
0.021005993119636468,0.4728
0.02031890672577985,0.47290000000000004
0.019745440045907614,0.47300000000000003
0.019714338735286496,0.4731
0.020371581789040638,0.4732
0.021768248606663043,0.4733
0.02390517301541828,0.47340000000000004
0.02629241438584229,0.47350000000000003
0.028999932785688243,0.4736
0.03227931272890783,0.4737
0.03603362624922957,0.4738
0.03989032108031654,0.47390000000000004
0.04431989919700263,0.47400000000000003
0.04928383498768474,0.4741
0.0545940808876737,0.4742
0.060085985217943616,0.4743
0.06571474881382189,0.47440000000000004
0.07142657029914468,0.47450000000000003
0.07712981915021477,0.4746
0.08265575374505563,0.4747
0.08785457665600915,0.4748
0.09287135482558395,0.47490000000000004
0.09768234606246962,0.47500000000000003
0.10225729001903239,0.4751
0.10654801311107054,0.4752
0.11052443482377972,0.4753
0.11415653931642056,0.47540000000000004
0.11742564411319478,0.47550000000000003
0.1203188230446477,0.4756
0.12282801272509203,0.4757
0.12494610863055033,0.4758
0.1265799333499923,0.47590000000000005
0.12760980048026838,0.47600000000000003
0.12821741290274558,0.4761
0.12840943475642752,0.4762
0.1281881194009209,0.4763
0.12755626488114102,0.47640000000000005
0.12651921157954193,0.47650000000000003
0.1250830148163372,0.4766
0.12325490627214497,0.4767
0.12104270085587487,0.4768
0.11729394352878708,0.47690000000000005
0.11172078090384552,0.47700000000000004
0.1059978220184441,0.4771
0.10023312937202045,0.4772
0.09446007877420948,0.4773
0.08869187934078326,0.47740000000000005
0.08287558225739833,0.47750000000000004
0.07708613039504597,0.4776
0.07137538903114138,0.4777
0.06579026534288201,0.4778
0.06037592348590737,0.47790000000000005
0.0551756020716514,0.47800000000000004
0.050231202518338236,0.4781
0.045583389638891525,0.4782
0.041269982681213735,0.4783
0.037323013274418226,0.47840000000000005
0.03376730098637837,0.47850000000000004
0.03026372654245968,0.4786
0.027120889642533008,0.4787
0.024399972555260163,0.4788
0.02212512364074226,0.47890000000000005
0.020300737080438447,0.47900000000000004
0.0189211871983892,0.4791
0.016824567458475492,0.4792
0.014465647697211592,0.4793
0.012109541320135087,0.47940000000000005
0.009903054043373327,0.47950000000000004
0.00796149012588776,0.4796
0.00625015961615083,0.4797
0.0056428350903228175,0.4798
0.005684821153509434,0.47990000000000005
0.005753449532792221,0.48000000000000004
0.006282621675443689,0.4801
0.007953114414956941,0.4802
0.01038666997906934,0.4803
0.013087033132944237,0.48040000000000005
0.016705809379387704,0.48050000000000004
0.0205564729572576,0.4806
0.024758143237403107,0.4807
0.029782346516016522,0.4808
0.03556540902193994,0.48090000000000005
0.04187821586381113,0.48100000000000004
0.048515469200467454,0.4811
0.05528164892420828,0.4812
0.06215539474025844,0.4813
0.0690908055520657,0.48140000000000005
0.07598918074918581,0.48150000000000004
0.08272420539029701,0.48160000000000003
0.08932920439606906,0.4817
0.09569910803557913,0.4818
0.1018063700879831,0.48190000000000005
0.10763926979678695,0.48200000000000004
0.11317495368973407,0.48210000000000003
0.11837649379205917,0.4822
0.12317720141544086,0.4823
0.12762836308017167,0.4824
0.13172110519254498,0.48250000000000004
0.13544052499430004,0.48260000000000003
0.13877027884626403,0.4827
0.14169459246166127,0.4828
0.14419909134791142,0.4829
0.14627108474882133,0.48300000000000004
0.14790082484391842,0.48310000000000003
0.14908204134318837,0.4832
0.14981314917148036,0.4833
0.15009668620865135,0.4834
0.14993847000662608,0.48350000000000004
0.14764775812270015,0.48360000000000003
0.14347776715109228,0.4837
0.13901583038434362,0.4838
0.13435494250088198,0.4839
0.12952596411604766,0.48400000000000004
0.12454811609493033,0.48410000000000003
0.11944707680304345,0.4842
0.11425412220645348,0.4843
0.10900604395764601,0.4844
0.10374260993734419,0.48450000000000004
0.09850572712128036,0.48460000000000003
0.0932723670416099,0.4847
0.08812086508579797,0.4848
0.08311542452117149,0.4849
0.07830034960871879,0.48500000000000004
0.07371301711444822,0.48510000000000003
0.06938284476049839,0.4852
0.0653301874455956,0.4853
0.06156627520431068,0.4854
0.058095227868871335,0.48550000000000004
0.054916439700438247,0.48560000000000003
0.051932697018916896,0.4857
0.048879870388573554,0.4858
0.04606106958942813,0.4859
0.043508197010141636,0.48600000000000004
0.04109029280653487,0.48610000000000003
0.03844064849783968,0.4862
0.03607437708670491,0.4863
0.03407596654169054,0.4864
0.03205707191703344,0.48650000000000004
0.029856754055262558,0.48660000000000003
0.027920970363723097,0.4867
0.026167798330723135,0.4868
0.024644185664593365,0.4869
0.023302183267653653,0.48700000000000004
0.022121354647491875,0.48710000000000003
0.021069224864971314,0.4872
0.020424232319104618,0.4873
0.01987431345741042,0.4874
0.019908950133531444,0.48750000000000004
0.02063926218323564,0.48760000000000003
0.022108394639399842,0.4877
0.024312517037827774,0.4878
0.026693399397494044,0.4879
0.029459619158562322,0.48800000000000004
0.03279574963249665,0.48810000000000003
0.03655593248237188,0.4882
0.04045347435066304,0.4883
0.04491861790391738,0.4884
0.0499065482906309,0.48850000000000005
0.0552274991126569,0.48860000000000003
0.06071795720169526,0.4887
0.0663352691963437,0.4888
0.07202763863630735,0.4889
0.07770412184692066,0.48900000000000005
0.08319106934443399,0.48910000000000003
0.08835738268011317,0.4892
0.09333566947123395,0.4893
0.09810303467631187,0.4894
0.102630511143607,0.48950000000000005
0.10687091673126248,0.48960000000000004
0.110795018525353,0.4897
0.11437348286803317,0.4898
0.11758824180197391,0.4899
0.1204268387036197,0.49000000000000005
0.1228815498836523,0.49010000000000004
0.12494546016581665,0.4902
0.12649220531676109,0.4903
0.1274678593062366,0.4904
0.12802340494156728,0.49050000000000005
0.12816459615852616,0.49060000000000004
0.1278935477409049,0.4907
0.1272133084538254,0.4908
0.12612922916216252,0.4909
0.12464745781610265,0.49100000000000005
0.12277530262556668,0.49110000000000004
0.12052067926545362,0.4912
0.11654564629259323,0.4913
0.11095665966326718,0.4914
0.10523044056342101,0.49150000000000005
0.09946796849972017,0.49160000000000004
0.0936995794956692,0.4917
0.08792356171349136,0.4918
0.08210766317229257,0.4919
0.07633146795627632,0.49200000000000005
0.0706390576323146,0.49210000000000004
0.06507674067853753,0.4922
0.059689341333600154,0.4923
0.05451995824304001,0.4924
0.049610371985681745,0.49250000000000005
0.04500114202630123,0.49260000000000004
0.04072979541681132,0.4927
0.03682800273914477,0.4928
0.033248600036858145,0.4929
0.02978859395947464,0.49300000000000005
0.02670347580770649,0.49310000000000004
0.024045409536029183,0.4932
0.02183467686215068,0.4933
0.020074910407603452,0.4934
0.018674616916043885,0.49350000000000005
0.016499256420461794,0.49360000000000004
0.01413753889921554,0.4937
0.011794973611990445,0.4938
0.009613572048221775,0.4939
0.0076993990378244614,0.49400000000000005
0.006065694559750812,0.49410000000000004
0.005632398335246647,0.49420000000000003
0.005738995993262996,0.4943
0.005769243994837137,0.4944
0.006480868744822121,0.49450000000000005
0.008371229776327205,0.49460000000000004
0.010764675557397352,0.49470000000000003
0.013579371706588184,0.4948
0.017340647973113077,0.4949
0.02121590313150845,0.49500000000000005
0.025509960933370213,0.49510000000000004
0.030624163097352275,0.49520000000000003
0.036476665262400454,0.4953
0.04277373096671244,0.4954
0.04933708465220099,0.4955
0.05608762611794327,0.49560000000000004
0.06297590140746923,0.49570000000000003
0.06990678149364504,0.4958
0.07670625883572013,0.4959
0.08344804112110382,0.496
0.09005353647331171,0.49610000000000004
0.09640905196921501,0.49620000000000003
0.10249611650120283,0.4963
0.10830268547038191,0.4964
0.11380999542844972,0.4965
0.11896716765541981,0.49660000000000004
0.12373038658344393,0.49670000000000003
0.1281427436286574,0.4968
0.132194519854283,0.4969
0.135870409445913,0.497
0.13915398825551384,0.49710000000000004
0.14202962290378396,0.49720000000000003
0.1444832814561603,0.4973
0.14650271107904766,0.4974
0.14807875854818442,0.4975
0.1492057199119926,0.49760000000000004
0.14988260032844392,0.49770000000000003
0.15011235135169543,0.4978
0.14990113342767564,0.4979
0.1471597807640337,0.498
0.14294686623725006,0.49810000000000004
0.13845995946491396,0.49820000000000003
0.1337812220576,0.4983
0.12893742703369937,0.4984
0.12394920807749377,0.4985
0.11884194199549902,0.49860000000000004
0.11364712486513762,0.49870000000000003
0.10840161139326798,0.4988
0.10314595102172364,0.4989
0.09792258039243884,0.499
0.09269405307081502,0.49910000000000004
0.08756568518166874,0.49920000000000003
0.08258831775993691,0.4993
0.077805721434132,0.4994
0.07325531940480523,0.4995
0.0689657509973649,0.49960000000000004
0.06495569098018084,0.49970000000000003
0.061235771853732746,0.4998
0.05780980427685911,0.4999
0.05467542378290324,0.5
0.05169551879728185,0.5001
0.04867608740898688,0.5002
0.045891538236526364,0.5003000000000001
0.04337213394387618,0.5004000000000001
0.040920559340549945,0.5005000000000001
0.03830061856920164,0.5006
0.03597334730662127,0.5007
0.03401839848135313,0.5008
0.0319390132606745,0.5009
0.029776772146269614,0.501
0.027858807781380834,0.5011
0.026127513548100945,0.5012
0.024627192894504546,0.5013000000000001
0.02333240400967629,0.5014000000000001
0.022176077507333636,0.5015000000000001
0.021136229937155138,0.5016
0.020499111373686763,0.5017
0.020005796385169416,0.5018
0.020107052299140005,0.5019
0.02090718043644757,0.502
0.022444521629461756,0.5021
0.024711346147916258,0.5022
0.027083268427480656,0.5023
0.029904881409893003,0.5024000000000001
0.03329440143054563,0.5025000000000001
0.03705989637230522,0.5026
0.04099614829013842,0.5027
0.04549472132594401,0.5028
0.05045210658022836,0.5029
0.055695666188495974,0.503
0.06116287072016713,0.5031
0.0667837246160703,0.5032
0.07246476919948941,0.5033
0.07812302367989621,0.5034000000000001
0.08350297503298554,0.5035000000000001
0.08866445698208147,0.5036
0.09363161874216686,0.5037
0.0983832197930875,0.5038
0.10288714126755272,0.5039
0.10710005525480415,0.504
0.1109913646419256,0.5041
0.11453400058593632,0.5042
0.11770970794683866,0.5043
0.12050774183714064,0.5044000000000001
0.12292017779191011,0.5045000000000001
0.12494106899835644,0.5046
0.1264245016799579,0.5047
0.1273531065512742,0.5048
0.1278624743644412,0.5049
0.12795820221271703,0.505
0.1276424737161932,0.5051
0.12691859877970302,0.5052
0.12579189394818513,0.5053
0.12426857728292129,0.5054000000000001
0.12235601748541058,0.5055000000000001
0.1200623898565153,0.5056
0.1159052144908006,0.5057
0.1102968805635629,0.5058
0.10456254518689945,0.5059
0.0987980718757504,0.506
0.09303138700998159,0.5061
0.08723875066288767,0.5062
0.08142926245761428,0.5063
0.07566338088901248,0.5064000000000001
0.0699839502830073,0.5065000000000001
0.06443766992386868,0.5066
0.059071066716011034,0.5067
0.05392822059929103,0.5068
0.04905049818870233,0.5069
0.04447731104266972,0.507
0.04024555952572362,0.5071
0.03638760361807636,0.5072
0.03280582137145216,0.5073
0.029391862600538943,0.5074000000000001
0.02636126212627432,0.5075000000000001
0.023763609284739973,0.5076
0.021615196970518058,0.5077
0.019915368449608062,0.5078
0.018469946824992478,0.5079
0.016276633208846203,0.508
0.013917602974132803,0.5081
0.011584480095360838,0.5082
0.009417638888484348,0.5083
0.007518522048119536,0.5084000000000001
0.005951231732761908,0.5085000000000001
0.005614550481468195,0.5086
0.005768598037432016,0.5087
0.005805953125761709,0.5088
0.0066364510959404654,0.5089
0.008709318146907785,0.509
0.01108585710853105,0.5091
0.013992795019571291,0.5092
0.017576881621984564,0.5093
0.02124710177072342,0.5094000000000001
0.02574099647441952,0.5095000000000001
0.03108385905095057,0.5096
0.03706953024519066,0.5097
0.04346840272254049,0.5098
0.05009008336325693,0.5099
0.05688498579615375,0.51
0.06380130737925094,0.5101
0.07072828318423852,0.5102
0.07750981463563278,0.5103
0.08426540832945595,0.5104000000000001
0.09087187765349813,0.5105000000000001
0.09721492452934899,0.5106
0.10327984742844354,0.5107
0.1090580251897626,0.5108
0.11453262688125221,0.5109
0.11962812293752279,0.511
0.12435019195858132,0.5111
0.12872151488754635,0.5112
0.13273073871210428,0.5113
0.13636270862960476,0.5114000000000001
0.13960042498336256,0.5115000000000001
0.1424284769040184,0.5116
0.14483247504213148,0.5117
0.14680080727635436,0.5118
0.14832472269328112,0.5119
0.14939974122509914,0.512
0.15002557291494034,0.5121
0.15020596539031694,0.5122
0.1499469722969311,0.5123
0.14670557322576738,0.5124000000000001
0.14245989794975844,0.5125000000000001
0.1379592585083146,0.5126000000000001
0.13327148104734532,0.5127
0.12841765267198568,0.5128
0.12342032525389113,0.5129
0.11830597719602698,0.513
0.11310805622626519,0.5131
0.10786407244231888,0.5132
0.10261462453646986,0.5133
0.09739867753304066,0.5134000000000001
0.092181107961114,0.5135000000000001
0.08707348734038056,0.5136000000000001
0.08212393796756656,0.5137
0.0773751553546006,0.5138
0.07286280170128245,0.5139
0.0686136710473716,0.514
0.06464494485560035,0.5141
0.06096601834477755,0.5142
0.05757970327235462,0.5143
0.054482865503142186,0.5144000000000001
0.05150052677246464,0.5145000000000001
0.0485074797803029,0.5146000000000001
0.045750857599424766,0.5147
0.04325920853573062,0.5148
0.04077007255559706,0.5149
0.0381756231917838,0.515
0.03588326260597707,0.5151
0.03396720122308872,0.5152
0.031824220697681316,0.5153
0.029697911873097338,0.5154
0.02779636639222871,0.5155000000000001
0.026080750323679736,0.5156000000000001
0.02458715863000327,0.5157
0.023299448995310446,0.5158
0.022175309061171378,0.5159
0.021154281135823183,0.516
0.020520989642399012,0.5161
0.02008196318244715,0.5162
0.02024856534249153,0.5163
0.021117569617161713,0.5164
0.022723084272645355,0.5165000000000001
0.025052906770397287,0.5166000000000001
0.02734736546012151,0.5167
0.03012672902591751,0.5168
0.033567120980149134,0.5169
0.0372455152388389,0.517
0.04126747079124038,0.5171
0.04585937403148144,0.5172
0.05087890001631368,0.5173
0.05616712525644951,0.5174
0.06166313776099108,0.5175000000000001
0.06730310218185487,0.5176000000000001
0.07299146905894549,0.5177
0.07864801707065339,0.5178
0.08397200355681511,0.5179
0.08912642611165744,0.518
0.09407959304538283,0.5181
0.0988094008220961,0.5182
0.10328490162586812,0.5183
0.10746452580725119,0.5184
0.11131872544378785,0.5185000000000001
0.1148214702559992,0.5186000000000001
0.11795521399416475,0.5187
0.1207098477862687,0.5188
0.12307772770969527,0.5189
0.1250530720278764,0.519
0.12646188033781391,0.5191
0.12734110206336557,0.5192
0.1278017734752186,0.5193
0.1278493330625392,0.5194
0.12748619250261728,0.5195000000000001
0.1267164318600188,0.5196000000000001
0.1255454604410986,0.5197
0.12397963400544199,0.5198
0.12202604181796384,0.5199
0.11969272200294079,0.52
0.11527023615886323,0.5201
0.10964279283448386,0.5202
0.10390196984186795,0.5203
0.09813519190468556,0.5204
0.0923671160430416,0.5205000000000001
0.08656130047063582,0.5206000000000001
0.08075352959811666,0.5207
0.07499436421372896,0.5208
0.06932682720316652,0.5209
0.06379752922306303,0.521
0.058452678286670334,0.5211
0.05333599911720377,0.5212
0.0484885952652534,0.5213
0.043949589776253406,0.5214
0.03975529180657622,0.5215000000000001
0.0359372908285196,0.5216000000000001
0.032343431529141986,0.5217
0.028967038086927133,0.5218
0.02598302511365369,0.5219
0.023435041395158063,0.522
0.02133473208343939,0.5221
0.019681937563006624,0.5222
0.018130273444462164,0.5223
0.015936223394329874,0.5224
0.013586779641553415,0.5225000000000001
0.011261939550700761,0.5226000000000001
0.009098314445316946,0.5227
0.0072062479372090316,0.5228
0.005785474557587378,0.5229
0.005584521083445537,0.523
0.005836118850686134,0.5231
0.005824345369025874,0.5232
0.006764735958317614,0.5233
0.008992095691043867,0.5234
0.01136581139101156,0.5235000000000001
0.01436562234289429,0.5236000000000001
0.017995811680284524,0.5237
0.02175426644947054,0.5238
0.02633591530333179,0.5239
0.03175185407066383,0.524
0.037792492760506,0.5241
0.0442311643215032,0.5242
0.05087797468737221,0.5243
0.05768721840915347,0.5244
0.06460883847789178,0.5245000000000001
0.07153934064215361,0.5246000000000001
0.07831692594813755,0.5247
0.08505811949963005,0.5248
0.09164103526183354,0.5249
0.09795367544545364,0.525
0.10398431757518178,0.5251
0.1097265655324886,0.5252
0.11516457628622545,0.5253
0.1201947323341761,0.5254
0.1248804899609921,0.5255000000000001
0.12921478491500005,0.5256000000000001
0.13318451036878953,0.5257000000000001
0.13677427655617613,0.5258
0.1399676112536481,0.5259
0.14274971063195574,0.526
0.14510672827649584,0.5261
0.14702751365731714,0.5262
0.148503626864519,0.5263
0.14953098417301303,0.5264
0.15010965688936528,0.5265000000000001
0.15024374097727433,0.5266000000000001
0.1499394681152345,0.5267000000000001
0.14626803886674455,0.5268
0.14198774144344506,0.5269
0.13746917046222118,0.527
0.1327688762688345,0.5271
0.12790342535748622,0.5272
0.12289673494751263,0.5273
0.11777563272185121,0.5274
0.11257472234678934,0.5275000000000001
0.10733197042199227,0.5276000000000001
0.10208836307185476,0.5277000000000001
0.0968758081456027,0.5278
0.09167233230674499,0.5279
0.08658413557655653,0.528
0.08165887517238268,0.5281
0.07693844572376707,0.5282
0.07245751128777489,0.5283
0.06824166688106525,0.5284
0.06430703890804912,0.5285000000000001
0.06066215115352347,0.5286000000000001
0.05730927937629726,0.5287000000000001
0.0542450003692978,0.5288
0.051247783434845706,0.5289
0.048281013833690434,0.529
0.045554039878528574,0.5291
0.04309118864616135,0.5292
0.04055590856350744,0.5293
0.03798983679314527,0.5294
0.035736519384175436,0.5295
0.033864160356745776,0.5296000000000001
0.03166360647469402,0.5297000000000001
0.029577330681376246,0.5298
0.02769687322727954,0.5299
0.026003310992278816,0.53
0.024530892963836815,0.5301
0.023260823733833647,0.5302
0.022150704562798884,0.5303
0.021177506403716073,0.5304
0.02055415677109873,0.5305
0.02017034031767384,0.5306000000000001
0.02040199513862917,0.5307000000000001
0.021339524289204048,0.5308
0.02301264530971725,0.5309
0.0253994443921568,0.531
0.027684603213794512,0.5311
0.03051700363946863,0.5312
0.03401238590998257,0.5313
0.03769051451019201,0.5314
0.04175553897423079,0.5315
0.04638643667179232,0.5316000000000001
0.05143285014726007,0.5317000000000001
0.05673526370455151,0.5318
0.062235586784278096,0.5319
0.06787144110075305,0.532
0.07354796399565766,0.5321
0.07918565862678717,0.5322
0.08443629108481032,0.5323
0.08950198114385621,0.5324
0.09440213905440076,0.5325
0.09910068059559451,0.5326000000000001
0.10354212769716398,0.5327000000000001
0.10768951638123003,0.5328
0.111507604418291,0.5329
0.11497330629093261,0.533
0.11807055753617712,0.5331
0.12078926135045842,0.5332
0.12312135900790744,0.5333
0.12506040302231936,0.5334
0.12641439248973008,0.5335
0.12725128665932706,0.5336000000000001
0.12767025511748709,0.5337000000000001
0.1276765750029144,0.5338
0.1272726404619018,0.5339
0.1264627580556813,0.534
0.12525239455108617,0.5341
0.12364804183234901,0.5342
0.12165691040623416,0.5343
0.11928718578089503,0.5344
0.11466709443321965,0.5345
0.10902238169162992,0.5346000000000001
0.10327528496749916,0.5347000000000001
0.09750669947891899,0.5348
0.09173837683082053,0.5349
0.08591557717946796,0.535
0.08011019989151602,0.5351
0.07435818180796894,0.5352
0.06870260253523486,0.5353
0.06319007252104125,0.5354
0.057866635205789496,0.5355
0.05277559696988199,0.5356000000000001
0.04795767202181689,0.5357000000000001
0.04345160077428156,0.5358
0.03929318537890869,0.5359
0.03551346613462836,0.536
0.03189992641781214,0.5361
0.02856073224512068,0.5362
0.025621234429016537,0.5363
0.0231199436014069,0.5364
0.02106974282318097,0.5365
0.019469749352508448,0.5366000000000001
0.01782464464589073,0.5367000000000001
0.015636492129114332,0.5368
0.013300558383333216,0.5369
0.01099523301623373,0.537
0.008853849578392525,0.5371
0.006981704223339991,0.5372
0.00572481510310463,0.5373
0.005584389545066681,0.5374
0.005843466507215123,0.5375
0.005849249738206108,0.5376000000000001
0.006892916461685328,0.5377000000000001
0.00926061705589376,0.5378000000000001
0.011650830470452567,0.5379
0.014731740443880925,0.538
0.01840393179360511,0.5381
0.022240458157002596,0.5382
0.026899292252613227,0.5383
0.0323802492158729,0.5384
0.03846924243701011,0.5385
0.04494311981694743,0.5386000000000001
0.05161153452320888,0.5387000000000001
0.05843291377332349,0.5388000000000001
0.06535840974799378,0.5389
0.07228904218496524,0.539
0.07906240779441032,0.5391
0.0857534067551119,0.5392
0.09225060303786115,0.5393
0.09851236174287559,0.5394
0.104515110616897,0.5395
0.11022915203060901,0.5396000000000001
0.11564295757599252,0.5397000000000001
0.12067124275736318,0.5398000000000001
0.1253158278741605,0.5399
0.12961114504462545,0.54
0.1335440812308616,0.5401
0.1370979767991849,0.5402
0.14025529672956327,0.5403
0.14300065127825712,0.5404
0.1453200839925708,0.5405
0.14720252887166563,0.5406000000000001
0.14863979697588914,0.5407000000000001
0.14962808316195897,0.5408000000000001
0.15016777249355617,0.5409
0.15026316780472415,0.541
0.14982545306827755,0.5411
0.1458780818321117,0.5412
0.14156813290159065,0.5413
0.13703224209726506,0.5414
0.1323189485800802,0.5415
0.1274421899825222,0.5416000000000001
0.12242659723524896,0.5417000000000001
0.11729929287576402,0.5418000000000001
0.11209563203976636,0.5419
0.10685407803487834,0.542
0.10161616369114734,0.5421
0.09640598336668826,0.5422
0.09121713287612976,0.5423
0.08614892617108127,0.5424
0.08124812931946856,0.5425
0.07655549259814798,0.5426
0.07210452816243407,0.5427000000000001
0.06791973748361868,0.5428000000000001
0.06401645309438053,0.5429
0.06040267529703913,0.543
0.057080432501509515,0.5431
0.05404615685471281,0.5432
0.05103605535760769,0.5433
0.04809378100550421,0.5434
0.04539488936603542,0.5435
0.0429607706591244,0.5436
0.040393322944367815,0.5437000000000001
0.03785507531794652,0.5438000000000001
0.03563784519301372,0.5439
0.033802956546190144,0.544
0.0315406356086092,0.5441
0.029487760295981547,0.5442
0.027621989599936336,0.5443
0.025945735077302023,0.5444
0.024490715404651864,0.5445
0.0232358705145983,0.5446
0.022138426195443373,0.5447000000000001
0.021207834786650226,0.5448000000000001
0.02059418875032959,0.5449
0.020259546971562514,0.545
0.020548541480046367,0.5451
0.02154581456208504,0.5452
0.023277156409505784,0.5453
0.02566052268605512,0.5454
0.02799700295941876,0.5455
0.03088197614609478,0.5456
0.03442249247255691,0.5457000000000001
0.03809796952376554,0.5458000000000001
0.04219872444047046,0.5459
0.046861350905661237,0.546
0.051929054169832733,0.5461
0.05724133168679302,0.5462
0.06274263752911624,0.5463
0.06837190093708811,0.5464
0.07403498802312314,0.5465
0.07965308535764415,0.5466
0.0848724988996884,0.5467000000000001
0.08991319565310263,0.5468000000000001
0.09478365450203818,0.5469
0.09944848054432431,0.547
0.10385301487546472,0.5471
0.10796125297899861,0.5472
0.11173855637152552,0.5473
0.11516238354744324,0.5474
0.11821705017103845,0.5475
0.12089273585985894,0.5476
0.12318153643104413,0.5477000000000001
0.12507711856757697,0.5478000000000001
0.12636059606354688,0.5479
0.12715329732620317,0.548
0.12752944404469613,0.5481
0.12749362045495094,0.5482
0.1270481479907859,0.5483
0.1261975887393494,0.5484
0.12494747681430585,0.5485
0.12330444749721037,0.5486
0.12127582815430882,0.5487000000000001
0.11886992308541133,0.5488000000000001
0.1140602752416855,0.5489
0.1084028919773935,0.549
0.10265373412249756,0.5491
0.09688737121374691,0.5492
0.09110773181818888,0.5493
0.08528771452676032,0.5494
0.07948918433190333,0.5495
0.0737474479437562,0.5496
0.06810572826670724,0.5497000000000001
0.0626107895211988,0.5498000000000001
0.05730839832877366,0.5499
0.0522416327941686,0.55
0.047451300844163935,0.5501
0.04297656466643418,0.5502
0.038852969395322345,0.5503
0.035110675204393704,0.5504
0.031473922735844484,0.5505
0.028172519511188376,0.5506
0.025281513111005127,0.5507000000000001
0.02283239374092405,0.5508000000000001
0.02083480983377428,0.5509000000000001
0.01928739631588372,0.551
0.017550041508026748,0.5511
0.015346304597067428,0.5512
0.012992653995039127,0.5513
0.010723603612387222,0.5514
0.008614555629067988,0.5515
0.006763813917003647,0.5516
0.0056847462301008456,0.5517000000000001
0.005598002865186746,0.5518000000000001
0.00581103725136356,0.5519000000000001
0.0058837050778395295,0.552
0.0070364417992432315,0.5521
0.009388998475376331,0.5522
0.01175146017157136,0.5523
0.014995246341029,0.5524
0.018762316676455004,0.5525
0.02269925813602569,0.5526
0.02745345963477086,0.5527000000000001
0.033013582349279647,0.5528000000000001
0.039164423890613476,0.5529000000000001
0.04568543347220366,0.553
0.052384456940497426,0.5531
0.059224430204158685,0.5532
0.06615748474147842,0.5533
0.07307397910691649,0.5534
0.07984767511695057,0.5535
0.08652781819863276,0.5536
0.0930037569353761,0.5537000000000001
0.0992371494486225,0.5538000000000001
0.10520758867981017,0.5539000000000001
0.11088720341117952,0.554
0.11626531042999178,0.5541
0.12122653929921068,0.5542
0.12583249109320105,0.5543
0.13008817647049575,0.5544
0.133979338841971,0.5545
0.13748928121663484,0.5546
0.14060132508646606,0.5547000000000001
0.14330061867922084,0.5548000000000001
0.14557377170071217,0.5549000000000001
0.14741004261913349,0.555
0.1488014776961979,0.5551
0.14974442008388644,0.5552
0.15023935193912974,0.5553
0.15029057268738766,0.5554
0.1494127274116276,0.5555
0.1454302624043402,0.5556
0.1411009321172424,0.5557
0.13655073492779612,0.5558000000000001
0.13182416986110335,0.5559000000000001
0.12693678387172913,0.556
0.12191368870906427,0.5561
0.11678313632534498,0.5562
0.11158083675768815,0.5563
0.10634549536936777,0.5564
0.10111859974155135,0.5565
0.09591788556854075,0.5566
0.0907483044969567,0.5567
0.08570396013847803,0.5568000000000001
0.08083092918581625,0.5569000000000001
0.07616907649056126,0.557
0.07175082901211327,0.5571
0.06759961565426931,0.5572
0.06372989627446402,0.5573
0.06014906117933738,0.5574
0.05685876171166293,0.5575
0.05385522602421888,0.5576
0.05082767085428186,0.5577
0.04790929139144251,0.5578000000000001
0.04523826010281273,0.5579000000000001
0.04283294414388772,0.558
0.04022661410462347,0.5581
0.0377170528604438,0.5582
0.03553814515506004,0.5583
0.033744472853170615,0.5584
0.031422787273041264,0.5585
0.029405317241975037,0.5586
0.027548101286271276,0.5587
0.025882040918101534,0.5588000000000001
0.02443847201205407,0.5589000000000001
0.023195517756271933,0.559
0.02210925242468975,0.5591
0.021225761654908304,0.5592
0.02062252351614413,0.5593
0.020342650294892017,0.5594
0.020695306656159707,0.5595
0.021758495104676756,0.5596
0.023553842142517434,0.5597
0.025934178620072412,0.5598000000000001
0.028326228100885587,0.5599000000000001
0.03126788555081572,0.56
0.03485697725029713,0.5601
0.038528827194189486,0.5602
0.04266796747651269,0.5603
0.04736473233404981,0.5604
0.052455560043410454,0.5605
0.05777892514372396,0.5606
0.06328192327339854,0.5607
0.06890474734325525,0.5608000000000001
0.07455392605903133,0.5609000000000001
0.08015131642803386,0.561
0.0853356256689779,0.5611
0.09034971229792621,0.5612
0.09518860345239877,0.5613
0.09981760278265439,0.5614
0.1041829534393468,0.5615
0.10824975820323934,0.5616
0.1119840865705235,0.5617
0.11536402212162866,0.5618000000000001
0.11837428915315173,0.5619000000000001
0.12100532348122262,0.562
0.12324932352629958,0.5621
0.12510000894466933,0.5622
0.1263091501268574,0.5623
0.12705596399365848,0.5624
0.1273876675067882,0.5625
0.12730809714149294,0.5626
0.1268195068648139,0.5627
0.12592675345099413,0.5628000000000001
0.1246354554499487,0.5629000000000001
0.12295240547304398,0.5630000000000001
0.12088504372805542,0.5631
0.11844177523141541,0.5632
0.11341144215860133,0.5633
0.10774020366978021,0.5634
0.1019895247889856,0.5635
0.09622643311029289,0.5636
0.09043603428273916,0.5637
0.08462073164381712,0.5638000000000001
0.07883012350516583,0.5639000000000001
0.07309988359492292,0.5640000000000001
0.06747353910854725,0.5641
0.061998127268490744,0.5642
0.05671925324861782,0.5643
0.051679924315647385,0.5644
0.04692080776909413,0.5645
0.04248083230893673,0.5646
0.038395096691803854,0.5647
0.0346593573577656,0.5648000000000001
0.031036905694073136,0.5649000000000001
0.027779397895065783,0.5650000000000001
0.024939038022406157,0.5651
0.022543122865609444,0.5652
0.02059986751890497,0.5653
0.01910679503395807,0.5654
0.017252589017690223,0.5655
0.015004466839968034,0.5656
0.012646178819759601,0.5657
0.010390482013417968,0.5658000000000001
0.008340930938168123,0.5659000000000001
0.00650970096176362,0.5660000000000001
0.005647649055196213,0.5661
0.005625530377496135,0.5662
0.005765052064676368,0.5663
0.005957271315041757,0.5664
0.007236163018781605,0.5665
0.00961950136523626,0.5666
0.012091288076198747,0.5667
0.015451616986973171,0.5668000000000001
0.01923866971878785,0.5669000000000001
0.023258634376379428,0.5670000000000001
0.028099243389473116,0.5671
0.033731256281883004,0.5672
0.039933196754778466,0.5673
0.04649076998733781,0.5674
0.053210085410714925,0.5675
0.06005982061728843,0.5676
0.06699253253028614,0.5677
0.0739085905509489,0.5678000000000001
0.08067201708744776,0.5679000000000001
0.0873303193971735,0.5680000000000001
0.09377519502959841,0.5681
0.09997212114557286,0.5682
0.10590359601222399,0.5683
0.11154364194993749,0.5684
0.1168591642380179,0.5685
0.12177020089059654,0.5686
0.1263372962540017,0.5687
0.13055248517241647,0.5688
0.13440074966826276,0.5689000000000001
0.13786555837731918,0.5690000000000001
0.14093086083268058,0.5691
0.1435822037579486,0.5692
0.14580653570347746,0.5693
0.14759333606019265,0.5694
0.14893498463764676,0.5695
0.14982829079888782,0.5696
0.15027424262993494,0.5697
0.1502774954321584,0.5698
0.14895070081010853,0.5699000000000001
0.14493213528133075,0.5700000000000001
0.14058397610019746,0.5701
0.13602098574483668,0.5702
0.131283037340011,0.5703
0.1263868597201756,0.5704
0.12135771393662131,0.5705
0.11622483089478441,0.5706
0.11102426461140047,0.5707
0.1057950882262979,0.5708
0.10057896735920768,0.5709000000000001
0.09538473199698494,0.5710000000000001
0.09023420933962745,0.5711
0.08521425312021591,0.5712
0.08037023119110664,0.5713
0.07574103589864423,0.5714
0.07135788217766814,0.5715
0.06724293642424162,0.5716
0.06340959727795725,0.5717
0.05986447660849503,0.5718
0.056608718514862044,0.5719000000000001
0.053638261789290986,0.5720000000000001
0.05058934447332719,0.5721
0.047696819210050645,0.5722
0.04505618319967142,0.5723
0.042682433809398734,0.5724
0.040035034145632586,0.5725
0.03755767743189509,0.5726
0.035421720131273204,0.5727
0.03360641286576982,0.5728
0.031297081937954774,0.5729000000000001
0.029320726565725375,0.5730000000000001
0.02748939837735609,0.5731
0.025844028264932817,0.5732
0.024418570974217957,0.5733
0.023189848931601365,0.5734
0.02210377027024646,0.5735
0.02126671150522852,0.5736
0.020666242107998167,0.5737
0.020444948482426506,0.5738
0.02086606248207179,0.5739000000000001
0.02200057915937581,0.5740000000000001
0.023864968044813528,0.5741
0.02623476659097923,0.5742
0.02868910740142061,0.5743
0.03169429989027117,0.5744
0.035336746700836974,0.5745
0.039004655631289076,0.5746
0.04318440349927122,0.5747
0.047916576509607234,0.5748
0.05303060117062164,0.5749000000000001
0.0583640358588573,0.5750000000000001
0.06386703685920325,0.5751000000000001
0.06948141773868943,0.5752
0.07511460594144403,0.5753
0.08068923046540677,0.5754
0.08583642419211968,0.5755
0.09082178076030911,0.5756
0.09562644600414649,0.5757
0.10021635774029303,0.5758
0.10453870477245009,0.5759000000000001
0.10855983864578755,0.5760000000000001
0.11224671704213074,0.5761000000000001
0.11557822384689143,0.5762
0.11853962672520535,0.5763
0.12112171903070557,0.5764
0.12331687057323437,0.5765
0.1251188992541734,0.5766
0.12624662294134603,0.5767
0.12694446876398857,0.5768
0.1272290022038428,0.5769000000000001
0.12710308461270692,0.5770000000000001
0.12656877301007463,0.5771000000000001
0.12563116792220286,0.5772
0.1242959405946591,0.5773
0.12257006522744551,0.5774
0.12046115108985922,0.5775
0.11797778075017351,0.5776
0.11270854641844563,0.5777
0.10702272352643083,0.5778
0.10127109545192314,0.5779000000000001
0.09551247349327308,0.5780000000000001
0.08971124067803549,0.5781000000000001
0.08390239401088684,0.5782
0.07812180330238772,0.5783
0.07240535182012497,0.5784
0.06679660490799089,0.5785
0.06134249380710788,0.5786
0.056088248437066834,0.5787
0.051077351681015015,0.5788
0.046351451721015735,0.5789000000000001
0.0419499080061978,0.5790000000000001
0.037907152014841516,0.5791000000000001
0.03416221620697435,0.5792
0.030584349351772566,0.5793
0.027380604210862858,0.5794
0.024597813887840436,0.5795
0.02226075043348419,0.5796
0.02037712341613518,0.5797
0.018942729933261848,0.5798
0.016978227933681644,0.5799000000000001
0.01468580163276001,0.5800000000000001
0.012331809788601156,0.5801000000000001
0.010095751052735302,0.5802
0.008100561246330074,0.5803
0.006303919786429191,0.5804
0.00562911699011015,0.5805
0.005670537588376545,0.5806
0.005728392549209538,0.5807
0.006106247224312966,0.5808
0.00753658453004169,0.5809000000000001
0.009924324058913747,0.5810000000000001
0.012497398197641285,0.5811000000000001
0.01597084193614129,0.5812
0.0197800755956985,0.5813
0.023880274200535068,0.5814
0.028800853076396127,0.5815
0.034497167504956794,0.5816
0.04074280193918556,0.5817
0.04732983951105996,0.5818
0.05406322145856479,0.5819
0.060917152538825015,0.5820000000000001
0.06784465485302271,0.5821000000000001
0.07475997946115054,0.5822
0.0815103322304287,0.5823
0.08814127555578677,0.5824
0.09455001111314831,0.5825
0.1007057619629842,0.5826
0.10659370454822781,0.5827
0.1121896222453741,0.5828
0.11742803102283872,0.5829
0.12229626327384224,0.5830000000000001
0.12682112599571016,0.5831000000000001
0.13099256554791128,0.5832
0.13479516414598947,0.5833
0.1382125358794415,0.5834
0.14122892833521217,0.5835
0.14383009332226593,0.5836
0.14600324138063758,0.5837
0.14773810704056545,0.5838
0.14902751869858089,0.5839
0.1498688189676607,0.5840000000000001
0.15026354874066117,0.5841000000000001
0.15021674063489565,0.5842
0.14845212830177956,0.5843
0.14439619762813394,0.5844
0.14002810055306913,0.5845
0.1354515901513086,0.5846
0.13070198037331804,0.5847
0.12579710770063302,0.5848
0.12076231671230109,0.5849
0.11562770910135745,0.5850000000000001
0.1104295783278475,0.5851000000000001
0.10520726242262024,0.5852
0.1000025347794753,0.5853
0.09481133450724177,0.5854
0.08968019923148873,0.5855
0.0846851851963687,0.5856
0.07987077370510709,0.5857
0.0752748257089153,0.5858
0.07092790849587682,0.5859
0.06685172086569435,0.5860000000000001
0.06305842555001495,0.5861000000000001
0.05955302238605298,0.5862
0.05633582096518008,0.5863
0.05340232391641053,0.5864
0.050333513528753926,0.5865
0.047470154650923524,0.5866
0.044863234844696676,0.5867
0.042524239028628896,0.5868
0.039836037765983434,0.5869
0.0373938248517629,0.5870000000000001
0.03530404876006732,0.5871000000000001
0.033456256911567506,0.5872
0.031173692580159784,0.5873
0.029220314526467783,0.5874
0.027441100313600364,0.5875
0.025820825412246062,0.5876
0.024416441124118116,0.5877
0.02320539106395314,0.5878
0.022132734875702775,0.5879
0.02134742412562618,0.5880000000000001
0.02075957277550544,0.5881000000000001
0.020598986953905163,0.5882000000000001
0.021089301212169786,0.5883
0.022294107307554434,0.5884
0.02422534931757614,0.5885
0.026593202301828045,0.5886
0.029105678390760836,0.5887
0.0321682722997616,0.5888
0.03585828270463942,0.5889
0.039523969260249814,0.5890000000000001
0.04373868878393172,0.5891000000000001
0.04849953485396452,0.5892000000000001
0.053630005545479476,0.5893
0.05896711762463136,0.5894
0.06446397587177921,0.5895
0.07006404612456185,0.5896
0.07567567798946062,0.5897
0.08121542409438287,0.5898
0.08633204370619152,0.5899
0.09128383103661264,0.5900000000000001
0.09604944681622407,0.5901000000000001
0.10059593586818039,0.5902000000000001
0.10487154887392924,0.5903
0.10884364390921886,0.5904
0.11247999046148305,0.5905
0.11576017128330907,0.5906
0.11866997285938685,0.5907
0.12120054641190203,0.5908
0.12334446232087737,0.5909
0.1250720519854075,0.5910000000000001
0.12614070747402717,0.5911000000000001
0.12678880355435318,0.5912000000000001
0.12702490851063342,0.5913
0.12685152894873386,0.5914
0.1262708527536679,0.5915
0.12528806124728686,0.5916
0.12390893857889951,0.5917
0.12214059254178278,0.5918
0.11999077880662068,0.5919
0.11746821923951167,0.5920000000000001
0.11198856417195802,0.5921000000000001
0.1062901084655491,0.5922000000000001
0.10053848313853186,0.5923
0.09477902140883732,0.5924
0.08897036791913937,0.5925
0.08316961671641454,0.5926
0.07740084393517632,0.5927
0.07170005571964133,0.5928
0.06611100526340041,0.5929
0.06068078225544715,0.5930000000000001
0.05545438907463329,0.5931000000000001
0.05047506896693443,0.5932000000000001
0.04578432060557991,0.5933
0.04142204692225682,0.5934
0.03742311797558817,0.5935
0.033662705224577705,0.5936
0.030129500245761776,0.5937
0.026981205296880972,0.5938
0.024257604520579346,0.5939
0.021978267312465105,0.5940000000000001
0.02015130238841145,0.5941000000000001
0.018769642306231793,0.5942000000000001
0.016682677438943694,0.5943
0.014356655089561965,0.5944
0.012016519457667574,0.5945
0.009810574103841008,0.5946
0.007853243870376891,0.5947
0.0061257838049118,0.5948
0.005615996323565353,0.5949
0.005713491681146543,0.595
0.005729818516155172,0.5951000000000001
0.006256666784768106,0.5952000000000001
0.007865478790731073,0.5953
0.010242965626765077,0.5954
0.0129201118195994,0.5955
0.01651688413371022,0.5956
0.02035162757102138,0.5957
0.02453449239358929,0.5958
0.029536761821129298,0.5959
0.03529757691789226,0.596
0.041587153408952915,0.5961000000000001
0.04820257953820062,0.5962000000000001
0.054948606867534444,0.5963
0.061804550205376674,0.5964
0.06872442448237581,0.5965
0.0756230028853957,0.5966
0.08237417240027245,0.5967
0.08897571139908977,0.5968
0.09534553051072514,0.5969
0.10145719812420606,0.597
0.10729891434186212,0.5971000000000001
0.11284634807607419,0.5972000000000001
0.11800433170570701,0.5973
0.12282722432677107,0.5974
0.12730739310983974,0.5975
0.1314327778016129,0.5976
0.1351874333910752,0.5977
0.13855511417688748,0.5978
0.14152025706871407,0.5979
0.1440688875156959,0.598
0.1461885216804636,0.5981000000000001
0.14786923657976103,0.5982000000000001
0.1491043159526937,0.5983
0.1498916132295618,0.5984
0.1502331670248167,0.5985
0.15013436877102238,0.5986
0.14792117969570895,0.5987
0.14382830176732853,0.5988
0.13944119805396393,0.5989
0.13485217341413425,0.599
0.13009183870685725,0.5991000000000001
0.1251792174276688,0.5992000000000001
0.12013978460326258,0.5993
0.11500457125494701,0.5994
0.10981012614419328,0.5995
0.10459603878513357,0.5996
0.09940415222543231,0.5997
0.09421468215795725,0.5998
0.08910412949858948,0.5999
0.08413524822893126,0.6
0.0793519523002294,0.6001000000000001
0.07479144028306894,0.6002000000000001
0.07048304289908258,0.6003000000000001
0.06644702084844689,0.6004
0.06269452843165435,0.6005
0.05922967623141773,0.6006
0.05605196835290993,0.6007
0.053118534053045785,0.6008
0.05006491729580409,0.6009
0.04723530170421508,0.601
0.04466406204984197,0.6011000000000001
0.0423016359975974,0.6012000000000001
0.039630695341918765,0.6013000000000001
0.03722804648315425,0.6014
0.03518315246739112,0.6015
0.03326793959279195,0.6016
0.031030627723948045,0.6017
0.029101704580937637,0.6018
0.02735013684218779,0.6019
0.025786105969485495,0.602
0.02440579691762368,0.6021000000000001
0.02321397874215081,0.6022000000000001
0.022154826249903836,0.6023000000000001
0.021424925662742567,0.6024
0.020849298448445186,0.6025
0.020754084311961796,0.6026
0.021318885344747684,0.6027
0.022599292066471488,0.6028
0.024602432919323514,0.6029
0.02696795627705173,0.603
0.02954334770180056,0.6031000000000001
0.032667969910614714,0.6032000000000001
0.03637828290425027,0.6033000000000001
0.04007583885261434,0.6034
0.04433142222216069,0.6035
0.049123007030761334,0.6036
0.054270651979629436,0.6037
0.05961192082302369,0.6038
0.06510238403097546,0.6039
0.0706875027759476,0.604
0.0762763856009877,0.6041000000000001
0.0817766808329734,0.6042000000000001
0.08686481112269051,0.6043000000000001
0.09178163413631857,0.6044
0.09650639376552883,0.6045
0.1010074584076186,0.6046
0.10523421601109817,0.6047
0.10915499325749156,0.6048
0.11273837109136431,0.6049
0.11596464814999785,0.605
0.11882015968891912,0.6051000000000001
0.12129644853770538,0.6052000000000001
0.1233863090917684,0.6053000000000001
0.1250258430761323,0.6054
0.12604027611885427,0.6055
0.12663629108778662,0.6056
0.1268214683085227,0.6057
0.12659813689915034,0.6058
0.12596873069362013,0.6059
0.12493844042194324,0.606
0.12351316002395085,0.6061000000000001
0.12170009319993313,0.6062000000000001
0.11950711890746002,0.6063000000000001
0.11675680272270406,0.6064
0.11124146536044544,0.6065
0.10553805147410633,0.6066
0.0997876848634337,0.6067
0.09401210157093187,0.6068
0.08820551200689974,0.6069
0.0824100091385993,0.607
0.076651629309329,0.6071000000000001
0.07096818199323107,0.6072000000000001
0.06540353758830353,0.6073000000000001
0.06000336320790489,0.6074
0.05481150914152133,0.6075
0.04987071162600798,0.6076
0.04522241317777165,0.6077
0.04090624233878226,0.6078
0.03695647898831367,0.6079
0.03318876938791293,0.608
0.029703510406440925,0.6081
0.026612410546764442,0.6082000000000001
0.023949332644176646,0.6083000000000001
0.02173091945134553,0.6084
0.019964560417691013,0.6085
0.01853092652891042,0.6086
0.016411635308063,0.6087
0.014088295023778397,0.6088
0.011764573908984,0.6089
0.009582458749691991,0.609
0.007649776223790372,0.6091
0.005993367116397863,0.6092000000000001
0.005614150410485852,0.6093000000000001
0.005761563730909858,0.6094
0.00575038417799556,0.6095
0.006437003565844757,0.6096
0.008261077815578721,0.6097
0.01060788025620818,0.6098
0.01339157483735609,0.6099
0.01712224264188733,0.61
0.02097863605734762,0.6101
0.025246752762913216,0.6102000000000001
0.03033290593205762,0.6103000000000001
0.03615829930263326,0.6104
0.042429435548803074,0.6105
0.048969394322469606,0.6106
0.05569843923955298,0.6107
0.06256774480307503,0.6108
0.06948283860631588,0.6109
0.07630372749587777,0.611
0.08303978968268355,0.6111
0.08964296199715038,0.6112000000000001
0.09600140494813492,0.6113000000000001
0.10209629992901226,0.6114
0.10791477285392315,0.6115
0.11343190603867659,0.6116
0.11855597165831933,0.6117
0.12334312109221035,0.6118
0.12778571961636354,0.6119
0.13187148635118495,0.612
0.13558433921154922,0.6121
0.1389079903580661,0.6122000000000001
0.14182694554729192,0.6123000000000001
0.14432746365164306,0.6124
0.14639737241915862,0.6125
0.14802726337394334,0.6126
0.1492109083812505,0.6127
0.14994668324623017,0.6128
0.1502369607796913,0.6129
0.1500874300766326,0.613
0.1474510986182983,0.6131
0.14331578487006824,0.6132000000000001
0.13890311286926293,0.6133000000000001
0.134295346416752,0.6134000000000001
0.12951934067506266,0.6135
0.12459548339582383,0.6136
0.1195489862816469,0.6137
0.11441108569601255,0.6138
0.10921841204006044,0.6139
0.10401132215802855,0.614
0.09883212817162412,0.6141
0.09364728516508469,0.6142000000000001
0.08855850627358408,0.6143000000000001
0.08361607840012786,0.6144000000000001
0.07886343654879302,0.6145
0.07433749036606752,0.6146
0.07006700735558591,0.6147
0.06607124902835637,0.6148
0.062360212779542845,0.6149
0.05893687830803174,0.615
0.05579972383284537,0.6151
0.05286363927234916,0.6152000000000001
0.04984125795752825,0.6153000000000001
0.047044685871944214,0.6154000000000001
0.04450595569615934,0.6155
0.04210960727223534,0.6156
0.03946785712209033,0.6157
0.03710330818179708,0.6158
0.03510054099619042,0.6159
0.0331298589325737,0.616
0.030933190206107186,0.6161
0.029025684402309126,0.6162000000000001
0.02729790098848439,0.6163000000000001
0.025785805546795437,0.6164000000000001
0.024426858236531013,0.6165
0.023251710412635962,0.6166
0.02220314668633172,0.6167
0.02152287458016744,0.6168
0.02095574785449683,0.6169
0.02091848058275958,0.617
0.021548993346878653,0.6171
0.022895464162697277,0.6172000000000001
0.024960826574888184,0.6173000000000001
0.02732164477043386,0.6174000000000001
0.029951835013517725,0.6175
0.03313018224000608,0.6176
0.03684645097377626,0.6177
0.04058374977984225,0.6178
0.04487487547656821,0.6179
0.04969160863711464,0.618
0.054852112456575286,0.6181
0.06019483507381662,0.6182000000000001
0.06567726200197987,0.6183000000000001
0.07124670356847695,0.6184000000000001
0.07681289715384987,0.6185
0.08227720538250216,0.6186
0.08733717827731835,0.6187
0.09221999900675382,0.6188
0.09690554143702457,0.6189
0.10136337547715468,0.619
0.10554388372019474,0.6191
0.10941624536117833,0.6192000000000001
0.11294973784011386,0.6193000000000001
0.11612527100877457,0.6194000000000001
0.11892964144665619,0.6195
0.12135472476354037,0.6196
0.12339351262192089,0.6197
0.12495346990384182,0.6198
0.12591668073614548,0.6199
0.12646330840362074,0.62
0.12660017886628994,0.6201
0.12632954932704155,0.6202000000000001
0.12565412621000338,0.6203000000000001
0.12457916105838274,0.6204000000000001
0.12311067373081919,0.6205
0.12125596938627048,0.6206
0.11902304031516775,0.6207
0.11608050758262656,0.6208
0.11055029579249254,0.6209
0.10484257687199694,0.621
0.0990927584409943,0.6211
0.0933001770495352,0.6212
0.08749711401340754,0.6213000000000001
0.08170928211008222,0.6214000000000001
0.07596259793189652,0.6215
0.07029483909228651,0.6216
0.06474999531632575,0.6217
0.05937350567587507,0.6218
0.054209097183629096,0.6219
0.04929936601099394,0.622
0.04468562832301726,0.6221
0.040407250535751116,0.6222
0.036498208091558126,0.6223000000000001
0.03270159201270295,0.6224000000000001
0.0292582123615317,0.6225
0.02622125711269363,0.6226
0.023616836795526508,0.6227
0.02145809433414181,0.6228
0.019751917510001604,0.6229
0.018263463011604086,0.623
0.01611158939065893,0.6231
0.013788570714928117,0.6232
0.011480741351709733,0.6233000000000001
0.009323511911181193,0.6234000000000001
0.007416042711025472,0.6235
0.005856748034467563,0.6236
0.005596292659177715,0.6237
0.005798968822925188,0.6238
0.0057799661381938705,0.6239
0.00657393123114991,0.624
0.008580683042825,0.6241
0.01092637784688466,0.6242
0.013809609775436105,0.6243000000000001
0.017377847009687697,0.6244000000000001
0.021026655643296532,0.6245
0.02549662983588985,0.6246
0.030814980527557267,0.6247
0.036777675553720135,0.6248
0.043154167687825984,0.6249
0.049755554165510585,0.625
0.05653132912164471,0.6251
0.06343040078691475,0.6252
0.07036532032124032,0.6253000000000001
0.07714162268940827,0.6254000000000001
0.08389035049196902,0.6255000000000001
0.09049437335283572,0.6256
0.09684032750380378,0.6257
0.1029129016593402,0.6258
0.10870305153000048,0.6259
0.11416884996955612,0.626
0.11925314448049573,0.6261
0.12399895744925127,0.6262
0.12839871019640026,0.6263000000000001
0.13243918102450425,0.6264000000000001
0.13610499601785064,0.6265000000000001
0.1393794533888012,0.6266
0.14224761579926148,0.6267
0.14469549754958377,0.6268
0.14671160669817385,0.6269
0.14828689096552727,0.627
0.14941631635177077,0.6271
0.15009891732946223,0.6272
0.1503378210457127,0.6273000000000001
0.15013853090133755,0.6274000000000001
0.14697091009055063,0.6275000000000001
0.14279931611256935,0.6276
0.13837042236283903,0.6277
0.13375145267963362,0.6278
0.12896329452608402,0.6279
0.1240283734113109,0.628
0.1189730764187964,0.6281
0.11383075108930107,0.6282
0.10863881511770979,0.6283000000000001
0.10343781071881364,0.6284000000000001
0.09826666464982381,0.6285000000000001
0.09309485065218914,0.6286
0.08802920137579362,0.6287
0.08311678098271169,0.6288
0.07839959270046248,0.6289
0.0739132584112705,0.629
0.06968495868293256,0.6291
0.06573206166431833,0.6292
0.062063258414800426,0.6293000000000001
0.05868081544401105,0.6294000000000001
0.05558248053462278,0.6295000000000001
0.052644954768899854,0.6296
0.04965007577920644,0.6297
0.04688201586373775,0.6298
0.04437001688623643,0.6299
0.04192409677473141,0.63
0.03930760655402854,0.6301
0.03697920587221448,0.6302
0.03501793813769183,0.6303000000000001
0.03297388985241123,0.6304000000000001
0.030812577047395262,0.6305000000000001
0.028917751547992365,0.6306
0.027202991723541237,0.6307
0.02570272481848712,0.6308
0.024381939138111042,0.6309
0.023211741676747,0.631
0.022163602912633307,0.6311
0.021515893345622317,0.6312
0.020972376477490062,0.6313000000000001
0.021003471621728886,0.6314000000000001
0.021711205485335228,0.6315000000000001
0.02313647790703932,0.6316
0.02527695633514293,0.6317
0.027627033652698252,0.6318
0.03032360687409441,0.6319
0.03356899574163541,0.632
0.03728885860680675,0.6321
0.04107854262430988,0.6322
0.045418983295473,0.6323000000000001
0.0502225971596717,0.6324000000000001
0.05532323133475181,0.6325000000000001
0.060657481090300225,0.6326
0.06615615430702848,0.6327
0.07172610078402686,0.6328
0.07728463239211747,0.6329
0.08264093318445864,0.633
0.087706421839709,0.6331
0.09258755922982653,0.6332
0.09726519131832101,0.6333000000000001
0.10170592379492349,0.6334000000000001
0.10586424178342047,0.6335000000000001
0.10970821505896156,0.6336
0.11320955908240404,0.6337
0.1163491923390717,0.6338
0.11911572857022013,0.6339
0.121500936607016,0.634
0.12349876564221174,0.6341
0.12499332300292043,0.6342
0.12591050532341908,0.6343
0.1264116332938039,0.6344000000000001
0.1265031695790353,0.6345000000000001
0.12618736863191982,0.6346
0.12546721472611244,0.6347
0.12434794180732878,0.6348
0.12283568145923673,0.6349
0.12093783704267858,0.635
0.1186626917229654,0.6351
0.11544858386638168,0.6352
0.10989381664277198,0.6353
0.10417627023840992,0.6354000000000001
0.0984189421216154,0.6355000000000001
0.09261961605427005,0.6356
0.08681847652826247,0.6357
0.08103618307792393,0.6358
0.07529891481566897,0.6359
0.06964462124982362,0.636
0.06411734417109005,0.6361
0.058762281213192935,0.6362
0.05362307135587718,0.6363
0.048742320498458946,0.6364000000000001
0.04416140998310669,0.6365000000000001
0.039919513716676125,0.6366
0.03601321304989735,0.6367
0.03224731835102079,0.6368
0.02884745580660275,0.6369
0.025858682102599895,0.637
0.023304927667298525,0.6371
0.021198555074102732,0.6372
0.0195451505950488,0.6373
0.01796815215191616,0.6374000000000001
0.01580975368077686,0.6375000000000001
0.013491038838739478,0.6376000000000001
0.011194401373753937,0.6377
0.009053635391002013,0.6378
0.007162095257061685,0.6379
0.005758980992826013,0.638
0.005580391447252753,0.6381
0.005839276516117264,0.6382
0.005798090401807121,0.6383
0.006696416929968141,0.6384000000000001
0.008857703549588702,0.6385000000000001
0.011211148548952554,0.6386000000000001
0.014182850290009652,0.6387
0.017794446251934826,0.6388
0.02152699810076686,0.6389
0.026080775713742232,0.639
0.03146945979731863,0.6391
0.037484844613133284,0.6392
0.043899938101142455,0.6393
0.05052576038214163,0.6394000000000001
0.057315934352122344,0.6395000000000001
0.06422069021599108,0.6396000000000001
0.07115267820563254,0.6397
0.07793155242336824,0.6398
0.08466729560006991,0.6399
0.0912490122820524,0.64
0.09756574833217202,0.6401
0.10360510861730476,0.6402
0.10936007292762695,0.6403
0.11476091323630488,0.6404000000000001
0.11980934290868528,0.6405000000000001
0.1245191808752506,0.6406000000000001
0.12888113373484544,0.6407
0.1328813908052534,0.6408
0.13650489122308485,0.6409
0.13973526565869765,0.641
0.1425580860370076,0.6411
0.1449596683309069,0.6412
0.14692880407296305,0.6413
0.14845665708525724,0.6414000000000001
0.14953857186942998,0.6415000000000001
0.15017395391299793,0.6416000000000001
0.15036628488203663,0.6417
0.1501212639312106,0.6418
0.14652297116758906,0.6419
0.14231643149119222,0.642
0.1378694281155164,0.6421
0.13323792333409878,0.6422
0.1284382746994479,0.6423
0.12349424300000755,0.6424000000000001
0.1184325276943361,0.6425000000000001
0.11328758164518482,0.6426000000000001
0.10809722050777637,0.6427
0.10290228388892786,0.6428
0.09773420334423266,0.6429
0.09257576857905836,0.643
0.08752847090154503,0.6431
0.08263940877126741,0.6432
0.07795022507046556,0.6433
0.07349555461481494,0.6434000000000001
0.06930099831903591,0.6435000000000001
0.06538273834370434,0.6436000000000001
0.061749418594860606,0.6437
0.05840343286622529,0.6438
0.055341367829711885,0.6439
0.052398930325295634,0.644
0.0494322546176984,0.6441
0.04669456118270188,0.6442
0.04421305812121856,0.6443
0.041733588326351656,0.6444000000000001
0.03914527095055598,0.6445000000000001
0.03685389858379717,0.6446000000000001
0.03493349879034291,0.6447
0.032833183002749955,0.6448
0.030709591121767632,0.6449
0.028832927868012392,0.645
0.02713797126621942,0.6451
0.025657256436782738,0.6452
0.02437391205833217,0.6453
0.023228241327224675,0.6454000000000001
0.02218898489591381,0.6455000000000001
0.021546441799427996,0.6456000000000001
0.021054994556301665,0.6457
0.02114821935302813,0.6458
0.021922046609678558,0.6459
0.02341310584164158,0.646
0.025615249034204757,0.6461
0.027893087759254698,0.6462
0.030549463234731844,0.6463
0.03384436663550194,0.6464000000000001
0.03748133978496737,0.6465000000000001
0.04135444835714286,0.6466000000000001
0.04578593075147874,0.6467
0.05065077877054569,0.6468
0.055795722954040006,0.6469
0.0611587911826077,0.647
0.06667671235350014,0.6471
0.07225431995635123,0.6472
0.07781165285318015,0.6473
0.08311270188213937,0.6474000000000001
0.08817216013886708,0.6475000000000001
0.09304047550012051,0.6476000000000001
0.09769747692275199,0.6477
0.10211086240482758,0.6478
0.10623685200325417,0.6479
0.11004457772188991,0.648
0.11350683703643272,0.6481
0.11660531176125999,0.6482
0.11932930433398081,0.6483
0.12167090599766017,0.6484
0.12362425819026746,0.6485000000000001
0.1250435008558236,0.6486000000000001
0.12591262124239178,0.6487
0.12636658404291778,0.6488
0.1264115622088121,0.6489
0.12604996451548356,0.649
0.12528549193555816,0.6491
0.12412342652364661,0.6492
0.12257000927122119,0.6493
0.12063236343757866,0.6494
0.11831864232036426,0.6495000000000001
0.11482001632751959,0.6496000000000001
0.1092465560195115,0.6497
0.10352358980630894,0.6498
0.09775671372972117,0.6499
0.09195530091349158,0.65
0.08615472471156471,0.6501
0.08037605530683256,0.6502
0.07464669902005794,0.6503
0.06900536004004298,0.6504
0.06349627378907641,0.6505000000000001
0.0581643245099106,0.6506000000000001
0.05305280143023072,0.6507000000000001
0.04820394339273815,0.6508
0.04365876541484637,0.6509
0.03945583296781585,0.651
0.03555132208223588,0.6511
0.031822997173174494,0.6512
0.028466851961054918,0.6513
0.025524874962162825,0.6514
0.0230196110597507,0.6515000000000001
0.02096320919540351,0.6516000000000001
0.01936017391189515,0.6517000000000001
0.017690515744964497,0.6518
0.015528300760795366,0.6519
0.01321398639303939,0.652
0.010920147519057233,0.6521
0.008777144021908434,0.6522
0.006887530768324712,0.6523
0.005693366668695354,0.6524
0.005587956793125626,0.6525000000000001
0.005818178865727663,0.6526000000000001
0.005813667201292505,0.6527000000000001
0.006818291913772034,0.6528
0.009122063944792425,0.6529
0.011493934341418877,0.653
0.014548189572393566,0.6531
0.018202520055271787,0.6532
0.022016686319947576,0.6533
0.026651075877016428,0.6534
0.03210820482348975,0.6535000000000001
0.03817455309532347,0.6536000000000001
0.04462761834523765,0.6537000000000001
0.05127746741066286,0.6538
0.05808208417717031,0.6539
0.06499249330798706,0.654
0.07192154796708139,0.6541
0.0787012948181558,0.6542
0.08542335886162389,0.6543
0.09198222939722445,0.6544
0.09826946171819884,0.6545000000000001
0.10427557528948739,0.6546000000000001
0.10998999004969034,0.6547000000000001
0.11533553635369609,0.6548
0.12034936617422931,0.6549
0.1250242322447639,0.655
0.12934908236545595,0.6551
0.13330965568205422,0.6552
0.13689110343188293,0.6553
0.14007759978659173,0.6554
0.14285524207273315,0.6555000000000001
0.14521070046525086,0.6556000000000001
0.14713301721169092,0.6557000000000001
0.14861361688097519,0.6558
0.14964828192314672,0.6559
0.15023688868084706,0.656
0.15038330395001642,0.6561
0.14995260649624964,0.6562
0.14607824876956654,0.6563
0.14184173352814966,0.6564
0.13737708822884742,0.6565000000000001
0.13273183589188364,0.6566000000000001
0.12792001239116257,0.6567000000000001
0.12296628238088902,0.6568
0.11789789870773515,0.6569
0.11275012181070132,0.657
0.10756115147157719,0.6571
0.10237210634424476,0.6572
0.097207646601705,0.6573
0.09206315056238923,0.6574
0.08703499002104886,0.6575000000000001
0.0821698073676439,0.6576000000000001
0.0775084573718483,0.6577000000000001
0.0730845397072013,0.6578
0.06892245992020352,0.6579
0.06503734990371701,0.658
0.06143702192754108,0.6581
0.058123354814966666,0.6582
0.055092653730734575,0.6583
0.052133973907219966,0.6584
0.04919202985697235,0.6585000000000001
0.04648298996248745,0.6586000000000001
0.044031155176912584,0.6587000000000001
0.041514882643233886,0.6588
0.03895617320581768,0.6589
0.03670394230085816,0.659
0.03482504620633775,0.6591
0.03265831739288205,0.6592
0.030572392970008133,0.6593
0.028711917363232198,0.6594
0.027035724854992393,0.6595000000000001
0.02557375517396121,0.6596000000000001
0.02430678342490422,0.6597000000000001
0.023193529513298117,0.6598
0.022181656357923574,0.6599
0.021546685582179315,0.66
0.021109748751357182,0.6601
0.02126754626979066,0.6602
0.022110042231435978,0.6603
0.023669722631929124,0.6604
0.02593658392891318,0.6605000000000001
0.028200920314796818,0.6606000000000001
0.030911396449878392,0.6607000000000001
0.034264061567630844,0.6608
0.03790175578041022,0.6609
0.041821383840979554,0.661
0.046296030829326984,0.6611
0.05119200278866165,0.6612
0.05635509464621258,0.6613
0.06172611787053661,0.6614
0.06724325721270275,0.6615
0.07281206809567287,0.6616000000000001
0.07835333081639761,0.6617000000000001
0.08361785007750544,0.6618
0.08865634718767723,0.6619
0.09349769062847568,0.662
0.09812224095325683,0.6621
0.10249889237125087,0.6622
0.1065850412625794,0.6623
0.11035065462673432,0.6624
0.11376923456302568,0.6625
0.11682298470063013,0.6626000000000001
0.11950161644543755,0.6627000000000001
0.12179745653691487,0.6628000000000001
0.12370478741347202,0.6629
0.1250470944844827,0.663
0.1258687757967728,0.6631
0.12627672431667147,0.6632
0.12627633857754095,0.6633
0.12586996897559066,0.6634
0.12506163814695948,0.6635
0.12385669508433783,0.6636000000000001
0.12226151022536169,0.6637000000000001
0.12028327846513132,0.6638000000000001
0.1179302332445088,0.6639
0.11417363910986189,0.664
0.10858315514534678,0.6641
0.1028565200450835,0.6642
0.09708046305014884,0.6643
0.09127983743392976,0.6644
0.08548292164788418,0.6645
0.07971072432652804,0.6646000000000001
0.07399150319215042,0.6647000000000001
0.06836457033987309,0.6648000000000001
0.06287436067393237,0.6649
0.05756557136283691,0.665
0.052481299504643975,0.6651
0.04766362198318541,0.6652
0.04315344065161808,0.6653
0.038988988310472816,0.6654
0.03507796074737679,0.6655
0.031388392600979254,0.6656000000000001
0.028078898914487338,0.6657000000000001
0.025187297286085597,0.6658000000000001
0.02273420205788601,0.6659
0.020731377743677948,0.666
0.01918203275894048,0.6661
0.01741429331554878,0.6662
0.015237143689538213,0.6663
0.012901492107129986,0.6664
0.010638505199361603,0.6665
0.008531166297936155,0.6666000000000001
0.006663817742136757,0.6667000000000001
0.005659044728140605,0.6668000000000001
0.0056070137538006826,0.6669
0.005778928992657306,0.667
0.005852492933015929,0.6671
0.006961150359232837,0.6672
0.009270629122235974,0.6673
0.011605260461553746,0.6674
0.014824681910225568,0.6675
0.018578388813868196,0.6676000000000001
0.022498374426658918,0.6677000000000001
0.027232986830612038,0.6678000000000001
0.03277409927379393,0.6679
0.038906243128180806,0.668
0.04541001832208669,0.6681
0.05209321599769834,0.6682
0.05891867264094852,0.6683
0.06583825729427517,0.6684
0.07276529680721955,0.6685
0.07953168638346475,0.6686000000000001
0.08620628022417498,0.6687000000000001
0.09268018919227283,0.6688000000000001
0.09891548296450536,0.6689
0.10489156102943775,0.669
0.11058088678623035,0.6691
0.11593159863085567,0.6692
0.12089783761648254,0.6693
0.12552566825050082,0.6694
0.1298067690751581,0.6695
0.1337256869262181,0.6696000000000001
0.1372657283106049,0.6697000000000001
0.14041051515568115,0.6698000000000001
0.14314558936469413,0.6699
0.14545783122078182,0.67
0.14733648143061095,0.6701
0.14877331092803425,0.6702
0.14976425670351778,0.6703
0.15030936266363737,0.6704
0.1504124963684219,0.6705
0.14957175745558327,0.6706000000000001
0.14565644794817856,0.6707000000000001
0.14139398477374188,0.6708000000000001
0.13690883138893306,0.6709
0.13224478304804554,0.671
0.12741718969468308,0.6711
0.1224509315607154,0.6712
0.11737411461802494,0.6713
0.1122223067330047,0.6714
0.10703415250211945,0.6715
0.10185114843131082,0.6716000000000001
0.09669160510464492,0.6717000000000001
0.09156342164126563,0.6718000000000001
0.08655725832673156,0.6719
0.08171876151885071,0.672
0.07708750659802821,0.6721
0.07269569922305774,0.6722
0.06856651449895301,0.6723
0.06471419450208515,0.6724
0.0611460405231018,0.6725
0.05786372626318603,0.6726000000000001
0.05486350716610211,0.6727000000000001
0.051888878455140786,0.6728000000000001
0.04897119448235365,0.6729
0.04629058092212235,0.673
0.043868473415719755,0.6731
0.04131591255311662,0.6732
0.0387868664108304,0.6733
0.03657371707367463,0.6734
0.034736907314787624,0.6735
0.03251135325238019,0.6736000000000001
0.030461616125494695,0.6737000000000001
0.028616611635738476,0.6738000000000001
0.02695747717731689,0.6739
0.025512740386278043,0.674
0.024259685378579254,0.6741
0.023147501556435524,0.6742
0.02217945483313244,0.6743
0.021547814344418104,0.6744
0.02116572287804508,0.6745
0.021388223155179187,0.6746
0.02229954831824621,0.6747000000000001
0.023927510083415537,0.6748000000000001
0.026258450550867618,0.6749
0.028504326992362605,0.675
0.031269280626425866,0.6751
0.034679591469888305,0.6752
0.038318408465634946,0.6753
0.04228356113771614,0.6754
0.046800153815162115,0.6755
0.05172623757586581,0.6756
0.056906857964639235,0.6757000000000001
0.06228550974998459,0.6758000000000001
0.06780174004310924,0.6759000000000001
0.07336171645523182,0.676
0.07888686329516215,0.6761
0.08411605967018077,0.6762
0.08913313713812199,0.6763
0.09394684885477267,0.6764
0.09853815973908675,0.6765
0.10287723352089473,0.6766
0.10692273936256091,0.6767000000000001
0.1106455992044314,0.6768000000000001
0.11402009220458953,0.6769000000000001
0.11702894983870415,0.677
0.11966223946923982,0.6771
0.1219124451406639,0.6772
0.12377391434453633,0.6773
0.12503927207244592,0.6774
0.12581378810447885,0.6775
0.1261758425652698,0.6776
0.12613001985734673,0.6777000000000001
0.125678608350709,0.6778000000000001
0.12482598465462236,0.6779000000000001
0.12357761914733201,0.678
0.1219400810664596,0.6781
0.11992070192820703,0.6782
0.11752784575366337,0.6783
0.11352223695777153,0.6784
0.10791577392115559,0.6785
0.10218635752101868,0.6786
0.09640150219757115,0.6787000000000001
0.09060235112546922,0.6788000000000001
0.08480962354906285,0.6789000000000001
0.07904390924991311,0.679
0.07333365678322412,0.6791
0.06771842671223272,0.6792
0.062243788895306684,0.6793
0.05695622143560608,0.6794
0.0518998246960527,0.6795
0.047116074612507886,0.6796
0.042644611269613275,0.6797000000000001
0.038522448425900135,0.6798000000000001
0.034611062195529785,0.6799000000000001
0.030964032173530054,0.68
0.027704380115524785,0.6801
0.024865656935491254,0.6802
0.02246644497172734,0.6803
0.020518176640853092,0.6804
0.01902277572306632,0.6805
0.017143486071236502,0.6806
0.014921629439401896,0.6807000000000001
0.012576165284983842,0.6808000000000001
0.010323662664895483,0.6809000000000001
0.00827386221237325,0.681
0.006424495201603264,0.6811
0.005628895689041569,0.6812
0.005637498877967939,0.6813
0.005739565744669939,0.6814
0.005932224461107749,0.6815
0.007158303933247456,0.6816
0.0095009230729719,0.6817000000000001
0.011949047553694081,0.6818000000000001
0.01528590014098774,0.6819000000000001
0.019056600284873326,0.682
0.02305868408321654,0.6821
0.02787945250749524,0.6822
0.03349237245513148,0.6823
0.039675294059339894,0.6824
0.04621532638603254,0.6825
0.05291835862503613,0.6826
0.05975320463367084,0.6827000000000001
0.06667211340022905,0.6828000000000001
0.07358924852283921,0.6829000000000001
0.08035297763620419,0.683
0.08700614385636751,0.6831
0.09344896879713882,0.6832
0.09964760025458452,0.6833
0.10558453116253552,0.6834
0.11123405379835594,0.6835
0.11651230331635554,0.6836
0.12143960104979035,0.6837000000000001
0.1260288343814463,0.6838000000000001
0.13026942684908893,0.6839000000000001
0.1341454805433263,0.684
0.13764054545254134,0.6841
0.14073872472111348,0.6842
0.14342590748941875,0.6843
0.14568925807473243,0.6844
0.14751820889624512,0.6845
0.14890486754949683,0.6846
0.1498456533745507,0.6847000000000001
0.15034115232782574,0.6848000000000001
0.15039562848903765,0.6849000000000001
0.14911051629082317,0.685
0.14515767740625973,0.6851
0.14087493075470792,0.6852
0.1363756735371353,0.6853
0.1316991163524075,0.6854
0.12686173633353082,0.6855
0.12188852236726766,0.6856
0.11680850941102716,0.6857000000000001
0.11165757377758867,0.6858000000000001
0.10647469993510084,0.6859000000000001
0.101301548600233,0.686
0.09614801638714943,0.6861
0.0910378304783801,0.6862
0.08605497718321309,0.6863
0.08124446185420953,0.6864
0.07664493033523356,0.6865
0.07228739033112563,0.6866
0.06819375377832915,0.6867000000000001
0.06437718557454919,0.6868000000000001
0.060844185739063805,0.6869000000000001
0.05759589809014476,0.687
0.05462827405571602,0.6871
0.05163174211498833,0.6872
0.04873943741917097,0.6873
0.04608870539386478,0.6874
0.04369774329576237,0.6875
0.04110415347891294,0.6876
0.0386071786236426,0.6877
0.03643682270786841,0.6878000000000001
0.03464641653836131,0.6879000000000001
0.032363190572440415,0.6880000000000001
0.03035441493706048,0.6881
0.028522152765080744,0.6882
0.026877186669498787,0.6883
0.02544759950830211,0.6884
0.024209717885881776,0.6885
0.023110806411124063,0.6886
0.022194089231282188,0.6887
0.021574482016819108,0.6888000000000001
0.021251622791181424,0.6889000000000001
0.021542601596125532,0.6890000000000001
0.02252509812082737,0.6891
0.024222739169144303,0.6892
0.026563184724463396,0.6893
0.02885710861460078,0.6894
0.031682811710121994,0.6895
0.035147205133748916,0.6896
0.038782648117993146,0.6897
0.042790573454869696,0.6898000000000001
0.0473456553071403,0.6899000000000001
0.05229828684695703,0.6900000000000001
0.05749238430856374,0.6901
0.06287431670331389,0.6902
0.06838501064044467,0.6903
0.07393133986951594,0.6904
0.07943544088308929,0.6905
0.0845896009569076,0.6906
0.08951607206702661,0.6907
0.09427454582433747,0.6908000000000001
0.0988322277208955,0.6909000000000001
0.10313501892074317,0.6910000000000001
0.10714623879854901,0.6911
0.11083120702767202,0.6912
0.11416714922875504,0.6913
0.11713825956221136,0.6914
0.11973458645507218,0.6915
0.12194816613756398,0.6916
0.1237726645431233,0.6917
0.12497976438240377,0.6918000000000001
0.12571171756694255,0.6919000000000001
0.1260321212601737,0.6920000000000001
0.12594526753871682,0.6921
0.12545337710658866,0.6922
0.12456104576155613,0.6923
0.12327379613589096,0.6924
0.12159834808133618,0.6925
0.11954217363870945,0.6926
0.11711379218570661,0.6927
0.11290861696828003,0.6928000000000001
0.10728683863088528,0.6929000000000001
0.101547185815694,0.6930000000000001
0.09575377058973811,0.6931
0.08995522832802438,0.6932
0.08416570843240256,0.6933
0.078405823371127,0.6934
0.07270512233559501,0.6935
0.06710407729144408,0.6936
0.061648643237606326,0.6937
0.05638507483464572,0.6938000000000001
0.05135702711466328,0.6939000000000001
0.046605442225942983,0.6940000000000001
0.04216944512283627,0.6941
0.03808545095942262,0.6942
0.034159913751714566,0.6943
0.03055069756443074,0.6944
0.02733773006404916,0.6945
0.024549408603212974,0.6946
0.022202100931486113,0.6947
0.02030701173174876,0.6948000000000001
0.01886465020675332,0.6949000000000001
0.016886219877468633,0.6950000000000001
0.014630313884558044,0.6951
0.012293458280204561,0.6952
0.010063437662578112,0.6953
0.008060758403347634,0.6954
0.006251148119493566,0.6955
0.0056160245389995644,0.6956
0.005680027882251082,0.6957
0.005712913922242713,0.6958000000000001
0.00607308681375307,0.6959000000000001
0.007439333993265018,0.6960000000000001
0.00978485561300002,0.6961
0.012327789692719637,0.6962
0.015771140950615603,0.6963
0.019560789169025483,0.6964
0.023637295496251154,0.6965
0.028532928334537466,0.6966
0.03420593615683587,0.6967
0.04042956917326146,0.6968000000000001
0.046996887713223856,0.6969000000000001
0.053712788176955906,0.6970000000000001
0.06055132528328144,0.6971
0.06746530119152794,0.6972
0.07436947743563593,0.6973
0.08113692450235743,0.6974
0.08776593617845818,0.6975
0.09417588531899024,0.6976
0.10033692467897681,0.6977
0.10623420876595402,0.6978000000000001
0.11183019560176721,0.6979000000000001
0.11704908347649257,0.6980000000000001
0.12193765463167971,0.6981
0.12648812908742257,0.6982
0.130688382606456,0.6983
0.1345223670457436,0.6984
0.13797368658048448,0.6985
0.14102671239104225,0.6986
0.1436674583215436,0.6987
0.1458832887049123,0.6988000000000001
0.14766384280873845,0.6989000000000001
0.14900163652688925,0.6990000000000001
0.1498935720783391,0.6991
0.1503407375538326,0.6992
0.1503477348601472,0.6993
0.14864757057956468,0.6994
0.1446600335821535,0.6995
0.14035888781146966,0.6996
0.13584703729556757,0.6997
0.13115937635295638,0.6998000000000001
0.12631347390239656,0.6999000000000001
0.12133445478246441,0.7000000000000001
0.11625223027840448,0.7001000000000001
0.11110293435847685,0.7002
0.10592580419877151,0.7003
0.10076258002571303,0.7004
0.0956116262821074,0.7005
0.09051848007682362,0.7006
0.08555768644511541,0.7007
0.08077357320437373,0.7008
0.07620396716321098,0.7009000000000001
0.07187889822983595,0.7010000000000001
0.06781919308186024,0.7011000000000001
0.06403705477108534,0.7012
0.06053820530024856,0.7013
0.05732320584282946,0.7014
0.05438760710726975,0.7015
0.05136670873669558,0.7016
0.04849982579113288,0.7017
0.04587920477318219,0.7018
0.043519534536266,0.7019000000000001
0.040884567882488954,0.7020000000000001
0.03841961810711991,0.7021000000000001
0.03629184970020427,0.7022
0.03449479704258551,0.7023
0.03220867182257958,0.7024
0.03024428625037401,0.7025
0.02843161199918165,0.7026
0.02680645573765017,0.7027
0.02539507102342231,0.7028
0.02417357026936484,0.7029000000000001
0.023088412960703186,0.7030000000000001
0.022221136783871165,0.7031000000000001
0.021614382465683146,0.7032
0.02134901297480374,0.7033
0.02170605778179957,0.7034
0.022756975717045158,0.7035
0.02452128327189218,0.7036
0.026862881780314485,0.7037
0.029215519079096586,0.7038
0.03210034571216225,0.7039000000000001
0.03561535378350089,0.7040000000000001
0.03924979244621407,0.7041000000000001
0.04329700471220277,0.7042
0.04788638684829749,0.7043
0.052861723962851714,0.7044
0.058066006932986136,0.7045
0.06344840783348027,0.7046
0.06895131835305535,0.7047
0.07448240401573514,0.7048
0.07996452162823964,0.7049000000000001
0.08508360618296185,0.7050000000000001
0.08998197363724703,0.7051000000000001
0.0947070265319786,0.7052
0.09922666853604989,0.7053
0.10348772215060353,0.7054
0.1074546607896707,0.7055
0.111093588954017,0.7056
0.11438244616370152,0.7057
0.11730593189460459,0.7058
0.11985445622856639,0.7059000000000001
0.12202025786483006,0.7060000000000001
0.12379713548891513,0.7061000000000001
0.1249247371619977,0.7062
0.12560878810299936,0.7063
0.12588313653156458,0.7064
0.12575115893534838,0.7065
0.1252149184178578,0.7066
0.12427927107303172,0.7067
0.1229497925819536,0.7068
0.12123336370618909,0.7069000000000001
0.11913759393274459,0.7070000000000001
0.11667114686987945,0.7071000000000001
0.11224679803129367,0.7072
0.1066119749802018,0.7073
0.10085847029294248,0.7074
0.09506744374456955,0.7075
0.08927364191298937,0.7076
0.08349154634556322,0.7077
0.0777417355245732,0.7078
0.07205464226031022,0.7079000000000001
0.06647120220165936,0.7080000000000001
0.061037543686729534,0.7081000000000001
0.05579972172062231,0.7082
0.05080123447582108,0.7083
0.04608287012576051,0.7084
0.04168358076682521,0.7085
0.03762519048158297,0.7086
0.033697292359116116,0.7087
0.030129885452351512,0.7088
0.026967160113778865,0.7089000000000001
0.02423263685121535,0.7090000000000001
0.021940690045477718,0.7091000000000001
0.020101907638953476,0.7092
0.018686463114736096,0.7093
0.016627389458097053,0.7094
0.014336947635471553,0.7095
0.012009934769362962,0.7096
0.009803510067225796,0.7097
0.007831086007104249,0.7098
0.00608657046346095,0.7099000000000001
0.005605563560573845,0.7100000000000001
0.005723553882898358,0.7101000000000001
0.0057162057063859795,0.7102
0.006221206204247709,0.7103
0.007765836380840385,0.7104
0.010097496367358572,0.7105
0.012741137916727485,0.7106
0.01630532797729467,0.7107
0.020117847621441642,0.7108
0.02427381603246115,0.7109000000000001
0.029248236591820298,0.7110000000000001
0.03498304204495484,0.7111000000000001
0.04124835596039844,0.7112
0.047842301979376556,0.7113
0.0545697464516437,0.7114
0.06140975895602174,0.7115
0.0683161188848822,0.7116
0.07520407092929471,0.7117
0.08197557823062407,0.7118
0.08857595670770246,0.7119000000000001
0.09494792628887228,0.7120000000000001
0.10106591925118458,0.7121000000000001
0.10691799757724563,0.7122
0.11243223773696587,0.7123
0.11760703720047427,0.7124
0.12245294949187968,0.7125
0.12696021635060295,0.7126
0.13111573036583613,0.7127
0.1349034057587155,0.7128
0.13830666261047297,0.7129000000000001
0.14131008251687716,0.7130000000000001
0.14389983205363976,0.7131000000000001
0.14606353178192466,0.7132000000000001
0.14779111582824367,0.7133
0.14907555534226513,0.7134
0.14991426787578654,0.7135
0.1503088743771731,0.7136
0.15026437439456175,0.7137
0.1481426743180816,0.7138
0.14411867173814796,0.7139
0.1397978982144682,0.7140000000000001
0.13527257624848654,0.7141000000000001
0.13057321741736627,0.7142000000000001
0.12571848900710414,0.7143
0.12073361172463204,0.7144
0.11564932521652338,0.7145
0.11050196497315923,0.7146
0.10533098024348075,0.7147
0.10017818376529408,0.7148
0.0950264773921844,0.7149
0.08995103583498298,0.7150000000000001
0.08501341689424913,0.7151000000000001
0.08025699969139832,0.7152000000000001
0.0757185910617777,0.7153
0.07142766963301128,0.7154
0.06740467962468699,0.7155
0.06366063144474277,0.7156
0.060199639998425813,0.7157
0.057021444770748,0.7158
0.05412116890158347,0.7159
0.0510751228616233,0.7160000000000001
0.04823639072920072,0.7161000000000001
0.04564900058220078,0.7162000000000001
0.043324116897834664,0.7163
0.0406450636822453,0.7164
0.03821186370587304,0.7165
0.036126755357758,0.7166
0.03429602363106676,0.7167
0.032027189504429954,0.7168
0.030101341796752168,0.7169
0.028325557902739718,0.7170000000000001
0.026725597715618665,0.7171000000000001
0.025336539364810173,0.7172000000000001
0.024134577545882996,0.7173
0.023065724192589343,0.7174
0.02225231649838455,0.7175
0.021660882491250533,0.7176
0.021458232727564752,0.7177
0.021886884006206975,0.7178
0.023011575199331835,0.7179
0.024847478201315054,0.7180000000000001
0.027191497550430377,0.7181000000000001
0.029607175122333462,0.7182000000000001
0.03255507574405603,0.7183
0.03612390322888692,0.7184
0.039757835164066835,0.7185
0.04384623365457574,0.7186
0.0484709584518388,0.7187
0.05346908643144177,0.7188
0.05868279562134604,0.7189
0.06406431559366099,0.7190000000000001
0.06955769250997745,0.7191000000000001
0.07507149919516298,0.7192000000000001
0.08052941214018183,0.7193
0.08561122049590952,0.7194
0.09047917434167463,0.7195
0.09516831081340504,0.7196
0.09964724521269397,0.7197
0.10386371739797828,0.7198
0.10778337230134838,0.7199
0.11137313831623064,0.7200000000000001
0.11461172813045006,0.7201000000000001
0.11748440629589607,0.7202000000000001
0.11998199783966668,0.7203
0.12209698291691307,0.7204
0.12381558364241285,0.7205
0.12486627433048347,0.7206
0.12549999162278114,0.7207
0.1257258308264404,0.7208
0.1255463404341537,0.7209
0.12496347600188906,0.7210000000000001
0.12398228342391904,0.7211000000000001
0.1226083898565209,0.7212000000000001
0.12084882348812831,0.7213
0.1187113372135592,0.7214
0.11620475003287267,0.7215
0.11154306055555796,0.7216
0.10589390281319877,0.7217
0.10012658799546714,0.7218
0.09433864502717682,0.7219
0.08855046671176581,0.7220000000000001
0.08277693304992462,0.7221000000000001
0.07703858233105176,0.7222000000000001
0.07136677579722428,0.7223
0.06580291101821578,0.7224
0.0603932585060436,0.7225
0.055183623164721585,0.7226
0.050217320830248546,0.7227
0.04553498182574822,0.7228
0.041175392053604654,0.7229
0.03710596726825899,0.7230000000000001
0.033219027520028366,0.7231000000000001
0.029701300795328178,0.7232000000000001
0.02659250375219191,0.7233
0.023914219061477837,0.7234
0.02168067225818371,0.7235
0.019901212958664205,0.7236
0.01843101404246905,0.7237
0.016357057416968912,0.7238
0.014055160490876073,0.7239
0.011744142975329996,0.7240000000000001
0.009561661785914222,0.7241000000000001
0.007615015266814185,0.7242000000000001
0.005941414285438151,0.7243
0.005598663197345699,0.7244
0.005760942080396125,0.7245
0.005741256595924504,0.7246
0.006374673270528763,0.7247
0.00812646813699347,0.7248
0.01043973490274075,0.7249
0.013189612694529451,0.7250000000000001
0.016886092809666575,0.7251000000000001
0.020724621796459397,0.7252000000000001
0.02496434618788035,0.7253000000000001
0.03002113369251669,0.7254
0.03581975960579342,0.7255
0.04212820897170744,0.7256
0.04874891374861701,0.7257
0.05548710940248203,0.7258
0.06232672031709563,0.7259
0.06922296017126905,0.7260000000000001
0.07609180965376683,0.7261000000000001
0.08285509364073929,0.7262000000000001
0.0894366513206949,0.7263000000000001
0.0957686694076274,0.7264
0.10184090877636709,0.7265
0.10762186907363647,0.7266
0.11307206363692368,0.7267
0.11819964611452227,0.7268
0.12299845346143279,0.7269
0.12745754376615037,0.727
0.13156350564556007,0.7271000000000001
0.13530017186911758,0.7272000000000001
0.1386509741987645,0.7273000000000001
0.14160060831718901,0.7274
0.14413538357674693,0.7275
0.1462430970019991,0.7276
0.14791396599938567,0.7277
0.14914135190501765,0.7278
0.14992314105641824,0.7279
0.15026140524057807,0.728
0.15016151415145507,0.7281000000000001
0.14759140128471937,0.7282000000000001
0.14352841255030446,0.7283000000000001
0.13918664702026406,0.7284
0.13464686398129821,0.7285
0.12993483882889478,0.7286
0.12507023440687792,0.7287
0.12007800013670511,0.7288
0.11498955818037704,0.7289
0.10984201643645564,0.729
0.10467629447385118,0.7291000000000001
0.09953405110606628,0.7292000000000001
0.09438448475263339,0.7293000000000001
0.08933132233091345,0.7294
0.08442146195326272,0.7295
0.07969754219892478,0.7296
0.07519589361332135,0.7297
0.07094491001149217,0.7298
0.06696363309501796,0.7299
0.0632620463674829,0.73
0.05984330492836243,0.7301000000000001
0.056706221083456354,0.7302000000000001
0.05380215685576761,0.7303000000000001
0.050779042339782254,0.7304
0.047974067928604924,0.7305
0.04541957903974936,0.7306
0.043053582991977146,0.7307
0.04039547026603052,0.7308
0.03800443594685032,0.7309
0.03596804196504455,0.731
0.034073891842872905,0.7311000000000001
0.03184995601105278,0.7312000000000001
0.029947857058663097,0.7313000000000001
0.02822019047243307,0.7314
0.02665448759625355,0.7315
0.025286412007325287,0.7316
0.02410193209833733,0.7317
0.023046143648921102,0.7318
0.022290428098742376,0.7319
0.02171164467815756,0.732
0.021577010631902205,0.7321000000000001
0.022083636741097035,0.7322000000000001
0.02328852886116728,0.7323000000000001
0.02520197706121108,0.7324
0.027544881025543422,0.7325
0.030028752842597983,0.7326
0.033044676572782095,0.7327
0.036671123660548144,0.7328
0.04030297193591692,0.7329
0.044435437939665645,0.733
0.0490980632293887,0.7331000000000001
0.0541207622525699,0.7332000000000001
0.0593447841113004,0.7333000000000001
0.06472553211812926,0.7334
0.07020875346337407,0.7335
0.07570398417828472,0.7336
0.08113580111458729,0.7337
0.0861783280339159,0.7338
0.09101359612883564,0.7339
0.0956640572318248,0.734
0.10009913414429095,0.7341000000000001
0.10426758118405144,0.7342000000000001
0.10813632080513769,0.7343000000000001
0.1116732041475883,0.7344
0.11485779838310184,0.7345
0.11767598175290361,0.7346
0.12011900762444427,0.7347
0.12217958525995187,0.7348
0.12380795803043354,0.7349
0.12480383969936404,0.735
0.12538483176542303,0.7351000000000001
0.12555894046518945,0.7352000000000001
0.1253285014408423,0.7353000000000001
0.1246957369733177,0.7354
0.12366573369474199,0.7355
0.12224429011017579,0.7356
0.12043859826447967,0.7357
0.11825659820364542,0.7358
0.11570727879151699,0.7359
0.11078894077879886,0.736
0.10511358047927122,0.7361000000000001
0.09934476455479946,0.7362000000000001
0.09356053622962479,0.7363000000000001
0.0877765991880427,0.7364
0.08200910247900484,0.7365
0.0762806833501003,0.7366
0.07062533055835718,0.7367
0.06508497518719936,0.7368
0.059704908574105264,0.7369
0.0545297179124562,0.737
0.04960221490270289,0.7371000000000001
0.044963041559312744,0.7372000000000001
0.04065095204941738,0.7373000000000001
0.03658601603323941,0.7374
0.03274814571366935,0.7375
0.02928671268377281,0.7376
0.026237455625502726,0.7377
0.023620154150205686,0.7378
0.02144866703646886,0.7379
0.019730923760853836,0.738
0.01820826225409533,0.7381000000000001
0.01609146970384212,0.7382000000000001
0.013784865718167394,0.7383000000000001
0.011485181360228802,0.7384000000000001
0.009324262947211226,0.7385
0.007400480040079094,0.7386
0.0058360474562964,0.7387
0.005589510771188078,0.7388
0.005805732979635048,0.7389
0.0057640871118271875,0.739
0.006527251139468282,0.7391000000000001
0.008475471197326723,0.7392000000000001
0.010788646556865844,0.7393000000000001
0.01364113666731126,0.7394000000000001
0.017185857312887576,0.7395
0.020808130839105488,0.7396
0.02525050868183576,0.7397
0.03054227780254193,0.7398
0.03648096831154857,0.7399
0.04283592036320871,0.74
0.049419084426800985,0.7401
0.056178857730965426,0.7402000000000001
0.06306400622123776,0.7403000000000001
0.06998718010187899,0.7404000000000001
0.0767794862513711,0.7405
0.08352368601668525,0.7406
0.09012583250727735,0.7407
0.09647418984737532,0.7408
0.10255324180267833,0.7409
0.10835337618666341,0.741
0.11378704942615347,0.7411
0.11888732965669457,0.7412000000000001
0.1236547160267426,0.7413000000000001
0.12807956806936638,0.7414000000000001
0.13214778578074393,0.7415
0.1358439380186771,0.7416
0.13915109955999627,0.7417
0.14205444615367568,0.7418
0.1445400741393863,0.7419
0.14659650140518832,0.742
0.14821448853190777,0.7421
0.14938868902566826,0.7422000000000001
0.15011775304595076,0.7423000000000001
0.15040444683021026,0.7424000000000001
0.1502539535031997,0.7425
0.14716716484722714,0.7426
0.14305854055668443,0.7427
0.13869033948674836,0.7428
0.13412964798494742,0.7429
0.12939721027404427,0.743
0.12451508565205893,0.7431
0.11950940680826005,0.7432000000000001
0.11441332827079798,0.7433000000000001
0.10926434556281739,0.7434000000000001
0.10410329768737048,0.7435
0.09896926700995412,0.7436
0.09383422960910937,0.7437
0.08880051162401748,0.7438
0.08391484205785893,0.7439
0.07921959653986821,0.744
0.07475052251071057,0.7441
0.07053498391539992,0.7442000000000001
0.06659085303130252,0.7443000000000001
0.06292692400512023,0.7444000000000001
0.059545365034230135,0.7445
0.05644415699397376,0.7446
0.05353592983192734,0.7447
0.050538303305347476,0.7448
0.047760773558110925,0.7449
0.045233893304004624,0.745
0.04282767466435389,0.7451
0.04019503641197075,0.7452000000000001
0.03783924715748688,0.7453000000000001
0.03584294263781995,0.7454000000000001
0.03387783407340206,0.7455
0.03168757820663726,0.7456
0.029795569313851855,0.7457
0.028079095861134995,0.7458
0.02655839798330506,0.7459
0.025193707866927317,0.746
0.024011826135539316,0.7461
0.022955740481106712,0.7462000000000001
0.0222539134255626,0.7463000000000001
0.021677794625559965,0.7464000000000001
0.021610199685685227,0.7465
0.02219529759940997,0.7466
0.023482001441625266,0.7467
0.025475179888165833,0.7468
0.027811797604037736,0.7469
0.030367037841922073,0.747
0.03345645929381291,0.7471
0.037136867930415596,0.7472000000000001
0.0407789342523901,0.7473000000000001
0.04496508709069702,0.7474000000000001
0.049675392524904716,0.7475
0.05473258402624137,0.7476
0.05997689418876195,0.7477
0.06536650747505368,0.7478
0.07084881120290565,0.7479
0.07633419509572792,0.748
0.0817481811674986,0.7481
0.08675443658568038,0.7482000000000001
0.09156526644833973,0.7483000000000001
0.09618516911882713,0.7484000000000001
0.10058414138476257,0.7485
0.10471186800261567,0.7486
0.1085365492876822,0.7487
0.11202688586656628,0.7488
0.11516324486756269,0.7489
0.11793205103536197,0.749
0.12032492236872872,0.7491
0.1223347376374142,0.7492000000000001
0.12388046656012175,0.7493000000000001
0.12482343698749443,0.7494000000000001
0.1253526310901245,0.7495
0.12547523345293543,0.7496
0.12519353265077882,0.7497
0.12451010825460695,0.7498
0.12343017820365976,0.7499
0.12195975068418319,0.75
0.12010618522705208,0.7501
0.11787758396514769,0.7502000000000001
0.1152830638249761,0.7503000000000001
0.11008057337700716,0.7504000000000001
0.1043796248073181,0.7505000000000001
0.0986047774909441,0.7506
0.0928200479577529,0.7507
0.08703701082969184,0.7508
0.08127295067422924,0.7509
0.07555086077211903,0.751
0.06990591022788661,0.7511
0.06438060810149582,0.7512000000000001
0.0590202073210051,0.7513000000000001
0.053868882599493295,0.7514000000000001
0.04896964445984242,0.7515000000000001
0.04436398334342084,0.7516
0.04009133409302357,0.7517
0.036024592451005644,0.7518
0.0322299014577061,0.7519
0.02881971771537639,0.752
0.025825945624588398,0.7521
0.023266381070132125,0.7522000000000001
0.02115455538995148,0.7523000000000001
0.019497031109453777,0.7524000000000001
0.01789857433600095,0.7525000000000001
0.015758008627673625,0.7526
0.013454617876806685,0.7527
0.011166769217549222,0.7528
0.009024848024876686,0.7529
0.007120486225283829,0.753
0.005739601357334756,0.7531
0.0055775122846977165,0.7532
0.005838905941583983,0.7533000000000001
0.005780963121636784,0.7534000000000001
0.00665690225785176,0.7535000000000001
0.008773381774808797,0.7536
0.011101847388255148,0.7537
0.014050922697911528,0.7538
0.01764374858611717,0.7539
0.021356908637407468,0.754
0.025890220648601137,0.7541
0.03125849766020372,0.7542
0.037254408326453214,0.7543000000000001
0.0436513185498848,0.7544000000000001
0.050260845765600415,0.7545000000000001
0.05703604656830352,0.7546
0.06392705185579073,0.7547
0.0708466620028334,0.7548
0.0776362057141835,0.7549
0.08436573044893603,0.755
0.0909433203616794,0.7551
0.09725960679118417,0.7552
0.10330223284916296,0.7553000000000001
0.10904443790732543,0.7554000000000001
0.11443281551954188,0.7555000000000001
0.1194943488138347,0.7556
0.1242217663492855,0.7557
0.12860434390127673,0.7558
0.1326277653348532,0.7559
0.13627683052240214,0.756
0.13953513997542177,0.7561
0.14238841910939137,0.7562
0.14482308891021745,0.7563000000000001
0.1468279332042871,0.7564000000000001
0.14839392910137494,0.7565000000000001
0.1495161296930957,0.7566
0.15019359068537852,0.7567
0.15042944727423402,0.7568
0.15022906893079113,0.7569
0.14668418812850592,0.757
0.14253466836326745,0.7571
0.1381436005329404,0.7572
0.13356626281977957,0.7573000000000001
0.12881863068017463,0.7574000000000001
0.12392416446318766,0.7575000000000001
0.11890930837265823,0.7576
0.11380830843372858,0.7577
0.10865884943036197,0.7578
0.10350173178142275,0.7579
0.09836690035656115,0.758
0.09324338510669228,0.7581
0.08822818021942136,0.7582
0.08336802146967348,0.7583000000000001
0.07870434864661469,0.7584000000000001
0.07427174731182606,0.7585000000000001
0.07009587789675331,0.7586
0.06619275073268971,0.7587
0.0625700230278825,0.7588
0.05922937275170659,0.7589
0.056168183124889914,0.759
0.05325899466092898,0.7591
0.05029233529418331,0.7592
0.047547964174034396,0.7593000000000001
0.04505421632299389,0.7594000000000001
0.0426138195234711,0.7595000000000001
0.04001118145087501,0.7596
0.03769448844340495,0.7597
0.03574137735922722,0.7598
0.0337155310898718,0.7599
0.03156596267661871,0.76
0.02969332743459141,0.7601
0.02799831955600185,0.7602
0.026512011220765963,0.7603000000000001
0.025183984466386367,0.7604000000000001
0.024016674818105876,0.7605000000000001
0.022968332364355692,0.7606
0.02231576402226465,0.7607
0.021747702012874015,0.7608
0.021741821232395875,0.7609
0.02239752370178172,0.761
0.023755918183220315,0.7611
0.025817485820158748,0.7612
0.02814594244069024,0.7613000000000001
0.03076187350798154,0.7614000000000001
0.03391206459710494,0.7615000000000001
0.03759636670679689,0.7616
0.0412852280287368,0.7617
0.04551501962895088,0.7618
0.05025854808096031,0.7619
0.05533608203209761,0.762
0.060588585012899765,0.7621
0.06597612802243724,0.7622
0.07144800388441297,0.7623000000000001
0.0769151768961428,0.7624000000000001
0.08230411819441763,0.7625000000000001
0.08727121780093683,0.7626000000000001
0.09205167666183023,0.7627
0.09663600588049415,0.7628
0.10099483202902415,0.7629
0.10507866398291621,0.763
0.1088567982761649,0.7631
0.11229867022334994,0.7632
0.11538536970823543,0.7633000000000001
0.11810383714105355,0.7634000000000001
0.12044607302942645,0.7635000000000001
0.12240516013910585,0.7636000000000001
0.12386717643879852,0.7637
0.12475847186566058,0.7638
0.12523777235996902,0.7639
0.1253113319976663,0.764
0.12498130992923318,0.7641
0.12425056333801066,0.7642
0.12312435635567909,0.7643000000000001
0.12160882127085937,0.7644000000000001
0.11971141935635232,0.7645000000000001
0.11744036413439063,0.7646000000000001
0.11480488795917154,0.7647
0.10934551385293811,0.7648
0.10362262654308274,0.7649
0.09784573531432006,0.765
0.0920645024228045,0.7651
0.08628663605923792,0.7652
0.08053044026932255,0.7653000000000001
0.0748192118374883,0.7654000000000001
0.06918919223065711,0.7655000000000001
0.06368351035792896,0.7656000000000001
0.05834755566746108,0.7657
0.05322510358027577,0.7658
0.04835890522056596,0.7659
0.04379044061474979,0.766
0.03955899436379884,0.7661
0.03548527596387663,0.7662
0.031738102326595685,0.7663000000000001
0.028384894054923393,0.7664000000000001
0.025450111317037782,0.7665000000000001
0.022950608989037447,0.7666000000000001
0.02090043235649386,0.7667
0.01930447073615671,0.7668
0.017612005055424262,0.7669
0.015472219961922384,0.767
0.013177929505020947,0.7671
0.01089758829834886,0.7672
0.008758134427722108,0.7673
0.006859250488388202,0.7674000000000001
0.005686078320498167,0.7675000000000001
0.0055891147126239105,0.7676000000000001
0.0058079273214961535,0.7677
0.005804686956462968,0.7678
0.0068002897847421195,0.7679
0.009084638544440526,0.768
0.011434761725288567,0.7681
0.014475702619910269,0.7682
0.0181136093913572,0.7683
0.021916198251467955,0.7684000000000001
0.026538039631323285,0.7685000000000001
0.031981235748446135,0.7686000000000001
0.03803204099562607,0.7687
0.04446894396784096,0.7688
0.05110236210156205,0.7689
0.05789061624485514,0.769
0.06478487497429175,0.7691
0.07169830473156602,0.7692
0.07848233475842892,0.7693
0.08519459502153914,0.7694000000000001
0.09174504108491688,0.7695000000000001
0.0980267619185321,0.7696000000000001
0.10403051923967843,0.7697
0.10970448657822651,0.7698
0.1150516391501456,0.7699
0.12007250160641247,0.77
0.12475810836398393,0.7701
0.12909672034037678,0.7702
0.133074070868625,0.7703
0.13667507098820664,0.7704000000000001
0.13988392151533025,0.7705000000000001
0.14268672453394193,0.7706000000000001
0.14507014226452353,0.7707
0.14702309285318926,0.7708
0.14853678204349752,0.7709
0.14960668714687253,0.771
0.15023235445282568,0.7711
0.15041730885610505,0.7712
0.14998444660340093,0.7713
0.14616273140775737,0.7714000000000001
0.1419807405440291,0.7715000000000001
0.13757038369938512,0.7716000000000001
0.13297814655636842,0.7717
0.12821783871005976,0.7718
0.12331381184404522,0.7719
0.11829312656000412,0.772
0.11319080240191504,0.7721
0.10804485511302786,0.7722
0.1028962745953903,0.7723
0.09776588877261971,0.7724000000000001
0.09265973109170222,0.7725000000000001
0.08766749052777667,0.7726000000000001
0.08283532745614197,0.7727
0.07820384357139609,0.7728
0.07380658140902696,0.7729
0.06966798589638079,0.773
0.06580300405250927,0.7731
0.062218463026506576,0.7732
0.0589154799133178,0.7733
0.05589100438647132,0.7734000000000001
0.05296487753972423,0.7735000000000001
0.05002751115765025,0.7736000000000001
0.04731656353559455,0.7737
0.04485714605688074,0.7738
0.04237664653003703,0.7739
0.039808090746630054,0.774
0.037535860414944944,0.7741
0.035629883945737184,0.7742
0.03353282825461501,0.7743
0.03142638237573592,0.7744000000000001
0.02957312842624682,0.7745000000000001
0.027900320984203475,0.7746000000000001
0.02643643634066639,0.7747
0.02516196340602561,0.7748
0.02400685804178737,0.7749
0.022958097120814314,0.775
0.022304442619745624,0.7751
0.02179699414748626,0.7752
0.021863665646899566,0.7753
0.022597459788719965,0.7754000000000001
0.024034292712746375,0.7755000000000001
0.02617047848687082,0.7756000000000001
0.02842280960881971,0.7757000000000001
0.03101202608683895,0.7758
0.03422531918805238,0.7759
0.037829530398212574,0.776
0.04161266219610571,0.7761
0.045944111932375575,0.7762
0.050707335937291154,0.7763
0.0557529191751045,0.7764000000000001
0.06101954537259935,0.7765000000000001
0.066445172558382,0.7766000000000001
0.07193538605699012,0.7767000000000001
0.0774108363031345,0.7768
0.08268064499794547,0.7769
0.08765984354246725,0.777
0.09245278763515297,0.7771
0.09704118690913544,0.7772
0.10139236606418667,0.7773
0.1054614781384432,0.7774000000000001
0.10921710584205713,0.7775000000000001
0.11263150765759045,0.7776000000000001
0.11568600577391996,0.7777000000000001
0.11836959001607295,0.7778
0.12067419075070585,0.7779
0.1225938862306224,0.778
0.12398779266474791,0.7781
0.12483221639894249,0.7782
0.12526482462744326,0.7783
0.1252918816147014,0.7784000000000001
0.1249157278188171,0.7785000000000001
0.12413992350529957,0.7786000000000001
0.12296967228379929,0.7787000000000001
0.12141118420571118,0.7788
0.11947163270091876,0.7789
0.11715928350587235,0.779
0.11424086866531391,0.7791
0.10869734362239558,0.7792
0.10296159193314325,0.7793
0.09718011414192795,0.7794000000000001
0.09139706660961744,0.7795000000000001
0.08562031094900135,0.7796000000000001
0.07986853066909927,0.7797000000000001
0.07416592965057989,0.7798
0.06854941830301653,0.7799
0.0630623225604452,0.78
0.0577497414189696,0.7801
0.052655147286754245,0.7802
0.047821069393740645,0.7803
0.043288802212555266,0.7804
0.03909724170909401,0.7805000000000001
0.03503698319926185,0.7806000000000001
0.03132850390308439,0.7807000000000001
0.028018943336513003,0.7808
0.025130624667406787,0.7809
0.022679206963025056,0.781
0.020678274785917106,0.7811
0.019131574964192932,0.7812
0.017347733589534675,0.7813
0.015187595011656896,0.7814
0.012863594034811188,0.7815000000000001
0.010603565768777745,0.7816000000000001
0.008499298147992995,0.7817000000000001
0.0066177836122915945,0.7818
0.005648577771133256,0.7819
0.005611953331373876,0.782
0.005762866256037835,0.7821
0.005841183070739886,0.7822
0.006926779457055554,0.7823
0.009203816881241611,0.7824
0.011521360862448704,0.7825000000000001
0.014727067455485576,0.7826000000000001
0.018466276613744892,0.7827000000000001
0.022374239812064545,0.7828
0.027095640852823122,0.7829
0.03262290163860593,0.783
0.03874026504853734,0.7831
0.045229470359183566,0.7832
0.05189844642490171,0.7833
0.05871026145067826,0.7834
0.06561669679426252,0.7835000000000001
0.0725315807921103,0.7836000000000001
0.07930872516158971,0.7837000000000001
0.08597661765739051,0.7838
0.09244523414843109,0.7839
0.09867783091889182,0.784
0.10465412828850162,0.7841
0.11034667430455314,0.7842
0.1156593436623371,0.7843
0.12063405011263073,0.7844
0.12527531505009726,0.7845000000000001
0.12957271882103716,0.7846000000000001
0.1335101097293384,0.7847000000000001
0.13707086753816955,0.7848
0.14023861108431768,0.7849
0.14299904962896615,0.785
0.14533914775606815,0.7851
0.14724809404918004,0.7852
0.1487174613594775,0.7853
0.1497429132939403,0.7854
0.15032419468639657,0.7855000000000001
0.15046488196832164,0.7856000000000001
0.14964463205251666,0.7857000000000001
0.1457814700218112,0.7858
0.1415716874257582,0.7859
0.1371382935730242,0.786
0.13252438145360623,0.7861
0.1277450848247741,0.7862
0.12282502264740547,0.7863
0.11779211193392847,0.7864
0.11268171967701568,0.7865000000000001
0.10753235673592765,0.7866000000000001
0.1023854567773157,0.7867000000000001
0.09725626698317125,0.7868
0.09216173855300425,0.7869
0.08718682189543558,0.787
0.08237678544430005,0.7871
0.07777102634797728,0.7872
0.07340168183512863,0.7873
0.06929177660905539,0.7874
0.0654553870500787,0.7875000000000001
0.06189969704381193,0.7876000000000001
0.05862631541685692,0.7877000000000001
0.05563142028017776,0.7878000000000001
0.052693706816618446,0.7879
0.049779330248083786,0.788
0.047094714003235616,0.7881
0.0446630486437114,0.7882
0.04214865814390145,0.7883
0.03960778924015074,0.7884
0.037372313011782454,0.7885000000000001
0.035506398884308066,0.7886000000000001
0.0333517743655638,0.7887000000000001
0.031280238008307704,0.7888000000000001
0.029441511915120566,0.7889
0.02778484816597593,0.789
0.026337496637020452,0.7891
0.025077976412441583,0.7892
0.023956371848532276,0.7893
0.022930890055550268,0.7894
0.022285897117557685,0.7895000000000001
0.02183126055967488,0.7896000000000001
0.021960493094144162,0.7897000000000001
0.022761224836217897,0.7898000000000001
0.02426550147505413,0.7899
0.02646585004121982,0.79
0.02870879854799724,0.7901
0.03135154511211824,0.7902
0.03462167366956903,0.7903
0.03822785406183238,0.7904
0.04205734155212326,0.7905000000000001
0.04643235581772576,0.7906000000000001
0.05122799944029821,0.7907000000000001
0.056293803879515325,0.7908000000000001
0.06157099590656867,0.7909
0.06699877657255882,0.791
0.07248328106002311,0.7911
0.07794574533696697,0.7912
0.08318077562050064,0.7913
0.08814181463955195,0.7914
0.09291048511855404,0.7915000000000001
0.09746890771867711,0.7916000000000001
0.10178558161617923,0.7917000000000001
0.10581687321150446,0.7918000000000001
0.10953224499278569,0.7919
0.11290471283275016,0.792
0.11591616467704424,0.7921
0.11855602947407329,0.7922
0.1208164836743646,0.7923
0.12269173784744736,0.7924
0.12401204535554988,0.7925000000000001
0.12481053680871446,0.7926000000000001
0.12519840999313347,0.7927000000000001
0.12518116849477956,0.7928000000000001
0.12476109670408386,0.7929
0.12394208510201421,0.793
0.12272944448028678,0.7931
0.12112956252433649,0.7932
0.11914973540562035,0.7933
0.11679835247962911,0.7934
0.11362950947154016,0.7935
0.1080626638297848,0.7936000000000001
0.10232070004444871,0.7937000000000001
0.09653792837339348,0.7938000000000001
0.09075505613659263,0.7939
0.0849807842863054,0.794
0.07923405892015012,0.7941
0.07354004971752448,0.7942
0.06793625803560244,0.7943
0.06246626152312951,0.7944
0.05717502377774575,0.7945
0.0521058440934572,0.7946000000000001
0.0473009105259421,0.7947000000000001
0.04280124813927966,0.7948000000000001
0.038613154434993024,0.7949
0.03458470862811014,0.795
0.0309182763016993,0.7951
0.02765375156844696,0.7952
0.024812956076560644,0.7953
0.02241130842065564,0.7954
0.020461685236168536,0.7955
0.018966704635998477,0.7956000000000001
0.01707143645006992,0.7957000000000001
0.014872102249713581,0.7958000000000001
0.012539335237803817,0.7959
0.010292644422590147,0.796
0.008245193828867459,0.7961
0.006384696397317091,0.7962
0.005620406672883771,0.7963
0.005643689240776517,0.7964
0.005726859710142751,0.7965
0.00591860116329368,0.7966000000000001
0.007110969215179397,0.7967000000000001
0.009425207370359567,0.7968000000000001
0.011855754430634136,0.7969
0.015175641403099682,0.797
0.018934471553241572,0.7971
0.022922663924656472,0.7972
0.02772782649356431,0.7973
0.03332527111961081,0.7974
0.03949269401356936,0.7975
0.046018082819795136,0.7976000000000001
0.05270735859035902,0.7977000000000001
0.05952929056100831,0.7978000000000001
0.06643593246777779,0.7979
0.07334176696529981,0.798
0.0801182400212741,0.7981
0.08676563009408556,0.7982
0.09320436075941807,0.7983
0.09940172375724843,0.7984
0.10534040441476855,0.7985
0.1109746913737758,0.7986000000000001
0.11623914755777653,0.7987000000000001
0.12117716546937218,0.7988000000000001
0.125780990143053,0.7989
0.13003862893247686,0.799
0.13393385583395112,0.7991
0.13745017263560477,0.7992
0.14057179914094664,0.7993
0.14328479961188112,0.7994
0.14557645412339504,0.7995
0.14743613374810072,0.7996000000000001
0.1488557415996581,0.7997000000000001
0.14983139351210517,0.7998000000000001
0.1503633591633573,0.7999
0.15045558984008467,0.8
0.14920369338147177,0.8001
0.14530255476801202,0.8002
0.1410713054179925,0.8003
0.13662227339072464,0.8004
0.13199415638656953,0.8005
0.12720322342842683,0.8006000000000001
0.12227424333498993,0.8007000000000001
0.11723607876772513,0.8008000000000001
0.1121244440746354,0.8009000000000001
0.10697822594482687,0.801
0.10183905728040776,0.8011
0.09671407404331256,0.8012
0.09163548296989754,0.8013
0.08668180734506992,0.8014
0.08189764683715428,0.8015
0.07732143673926084,0.8016000000000001
0.07298410034910663,0.8017000000000001
0.06890741461744054,0.8018000000000001
0.06510442557716001,0.8019000000000001
0.06158158400081537,0.802
0.0583400425948144,0.8021
0.055375739417643066,0.8022
0.05241524739695458,0.8023
0.04952467919651293,0.8024
0.046868414305990314,0.8025
0.04446652831363851,0.8026000000000001
0.04191114105820337,0.8027000000000001
0.03940107083646538,0.8028000000000001
0.03720692651804858,0.8029000000000001
0.03538608488535577,0.803
0.03317291390817578,0.8031
0.031141155442813373,0.8032
0.02931351716807673,0.8033
0.027669376910931298,0.8034
0.02623565378457715,0.8035
0.024990024863146276,0.8036000000000001
0.02388074775084359,0.8037000000000001
0.02290646872450197,0.8038000000000001
0.022273022501405393,0.8039000000000001
0.021877825542640394,0.804
0.022076244783951315,0.8041
0.022949824444729705,0.8042
0.02452659773857646,0.8043
0.026795189156727295,0.8044
0.02902550527252834,0.8045
0.03172518319313089,0.8046000000000001
0.035055467238328086,0.8047000000000001
0.03866275049344381,0.8048000000000001
0.04254073969783323,0.8049000000000001
0.04696074434405095,0.805
0.051789160285848235,0.8051
0.056874552338766815,0.8052
0.06216089180411222,0.8053
0.067588715034965,0.8054
0.0730647632732575,0.8055
0.07851095951866016,0.8056000000000001
0.08370832173245857,0.8057000000000001
0.08864770520108178,0.8058000000000001
0.0933883471448611,0.8059000000000001
0.09791295809036404,0.806
0.10219135261902312,0.8061
0.10618121203579156,0.8062
0.10985295461446976,0.8063
0.11318037406227943,0.8064
0.11614589120454732,0.8065
0.11873930283141021,0.8066
0.12095295630079761,0.8067000000000001
0.12278114061080059,0.8068000000000001
0.12402110285352008,0.8069000000000001
0.12477097046868546,0.807
0.12511164736554048,0.8071
0.12504779422039247,0.8072
0.12458164754467893,0.8073
0.12371747778051667,0.8074
0.12246070515173557,0.8075
0.12081789085492856,0.8076
0.11879642758460696,0.8077000000000001
0.11640479240118973,0.8078000000000001
0.1129650639106401,0.8079000000000001
0.1073746917284617,0.808
0.10162865925613551,0.8081
0.09584710913317551,0.8082
0.0900668818486936,0.8083
0.08429758832947565,0.8084
0.07855847274412842,0.8085
0.07287578646689341,0.8086
0.06728770153084684,0.8087000000000001
0.061838086577718165,0.8088000000000001
0.056571756585786614,0.8089000000000001
0.05153183919081661,0.809
0.04676029846065877,0.8091
0.04229789595111888,0.8092
0.03810762072801377,0.8093
0.03411741819129488,0.8094
0.030496074300088827,0.8095
0.027280173302254962,0.8096
0.024490188904394916,0.8097000000000001
0.022141505519644333,0.8098000000000001
0.02024606816116914,0.8099000000000001
0.01880518297970113,0.81
0.016797234213134393,0.8101
0.01455590913289484,0.8102
0.012228766236876298,0.8103
0.010003681798873343,0.8104
0.007997908941255183,0.8105
0.006187639940062883,0.8106
0.0056032341911089745,0.8107000000000001
0.005681720054846018,0.8108000000000001
0.005711454021718909,0.8109000000000001
0.006052206408370564,0.811
0.007400481763001565,0.8111
0.009716131747474988,0.8112
0.012252261474699377,0.8113
0.015693203345218176,0.8114
0.019470936957182605,0.8115
0.023540732074799342,0.8116
0.028429191360737738,0.8117000000000001
0.03409359983802429,0.8118000000000001
0.04030698610386585,0.8119000000000001
0.04686349164583481,0.812
0.053568116371261576,0.8121
0.06039515457244293,0.8122
0.0672973355002976,0.8123
0.0741897442119357,0.8124
0.08096959516726854,0.8125
0.08759113610086766,0.8126
0.09399438556211537,0.8127000000000001
0.10015097062858525,0.8128000000000001
0.10604657218344427,0.8129000000000001
0.11160296877781617,0.8130000000000001
0.1168253922179936,0.8131
0.12172252914291459,0.8132
0.12628458276764265,0.8133
0.13049848521293717,0.8134
0.13434806641975727,0.8135
0.137816742378309,0.8136
0.14088908912918252,0.8137000000000001
0.14355134094228272,0.8138000000000001
0.1457910090808422,0.8139000000000001
0.14759769540832246,0.8140000000000001
0.14896373508547,0.8141
0.14988578233480443,0.8142
0.1503646843640526,0.8143
0.15040481329824473,0.8144
0.14871735783142814,0.8145
0.14477693307919504,0.8146
0.1405234796686926,0.8147000000000001
0.13605844403282008,0.8148000000000001
0.13141604071177082,0.8149000000000001
0.12661366342258906,0.8150000000000001
0.12167619993977075,0.8151
0.11663341075547551,0.8152
0.11152128509274828,0.8153
0.106379004511724,0.8154
0.1012483392032073,0.8155
0.0961240763779071,0.8156
0.09106191580913159,0.8157000000000001
0.08613027522611305,0.8158000000000001
0.08137302012300984,0.8159000000000001
0.0768276652496247,0.8160000000000001
0.07252402888733223,0.8161
0.06848267491301074,0.8162
0.06471559532097382,0.8163
0.06122841407458546,0.8164
0.05802169249902711,0.8165
0.05509098684483549,0.8166
0.0521040180983674,0.8167000000000001
0.049240264039477344,0.8168000000000001
0.04661602813567578,0.8169000000000001
0.044247974045694916,0.8170000000000001
0.04164824240706366,0.8171
0.03916961578219391,0.8172
0.03701794409632497,0.8173
0.035242399725307516,0.8174
0.032963541373069116,0.8175
0.030976356899827362,0.8176
0.02916908424064646,0.8177000000000001
0.02754760760804209,0.8178000000000001
0.026136592692238114,0.8179000000000001
0.024911248879292414,0.8180000000000001
0.02381936970765386,0.8181
0.02289929841665561,0.8182
0.022280827109106394,0.8183
0.021947795106738166,0.8184
0.022217965659395933,0.8185
0.02316680066686483,0.8186
0.024818155869621217,0.8187000000000001
0.027138214985976905,0.8188000000000001
0.02938074393101564,0.8189000000000001
0.03214172444803731,0.8190000000000001
0.03553256622523304,0.8191
0.03914197666020924,0.8192
0.04306797103452209,0.8193
0.04753141925784332,0.8194
0.052390517502625356,0.8195
0.05749294679282779,0.8196
0.06278562542870214,0.8197
0.06821058665751323,0.8198000000000001
0.0736752694663727,0.8199000000000001
0.0791023183866838,0.8200000000000001
0.08426150577479119,0.8201
0.08917607980438569,0.8202
0.0938854246219073,0.8203
0.09837297723509753,0.8204
0.10260987034053082,0.8205
0.10655503077383677,0.8206
0.11017980326225518,0.8207
0.11345875228113522,0.8208000000000001
0.11637486626253657,0.8209000000000001
0.11891837811691941,0.8210000000000001
0.12108188483492499,0.8211
0.12285983066508033,0.8212
0.12401435359248536,0.8213
0.12471293337278189,0.8214
0.12500411081773755,0.8215
0.12489158239920228,0.8216
0.12437745193979222,0.8217
0.1234663109062325,0.8218000000000001
0.12216363816658293,0.8219000000000001
0.12047614987895239,0.8220000000000001
0.11841134596730629,0.8221
0.11597782227362763,0.8222
0.112256896559352,0.8223
0.1066479116500878,0.8224
0.10089853213261701,0.8225
0.09511910530791301,0.8226
0.08934262221059819,0.8227
0.08357966657947158,0.8228000000000001
0.07784944098012225,0.8229000000000001
0.07217864262592832,0.8230000000000001
0.066605679979576,0.8231
0.06117555891910531,0.8232
0.05593479200380358,0.8233
0.05092740327550849,0.8234
0.0461946373908948,0.8235
0.04177593086681042,0.8236
0.037591365908928864,0.8237
0.0336471308849442,0.8238000000000001
0.030078410110242038,0.8239000000000001
0.02691820316289939,0.8240000000000001
0.024185470676813203,0.8241
0.021895375598990574,0.8242
0.020058742992420386,0.8243
0.018607096678426638,0.8244
0.016563307551736628,0.8245
0.01428429439131107,0.8246
0.011963742207761197,0.8247
0.00975639240218773,0.8248000000000001
0.0077737628908787215,0.8249000000000001
0.006030109405544826,0.8250000000000001
0.005596061564130395,0.8251000000000001
0.005728024333966575,0.8252
0.005718032291952335,0.8253
0.006219816053870675,0.8254
0.007767006562913403,0.8255
0.010056340707185418,0.8256
0.01269774132519097,0.8257
0.01626913176677469,0.8258000000000001
0.02006631119073532,0.8259000000000001
0.02421990831421872,0.8260000000000001
0.029192211627198095,0.8261000000000001
0.03492189635096432,0.8262
0.041178702807262546,0.8263
0.047762278508762135,0.8264
0.05447768903209038,0.8265
0.06130478169159104,0.8266
0.06819751635892868,0.8267
0.07507162341921114,0.8268000000000001
0.08184880061519106,0.8269000000000001
0.08844579020676979,0.8270000000000001
0.0948090542181923,0.8271000000000001
0.10091996361621836,0.8272
0.10674299284204336,0.8273
0.11223792528042598,0.8274
0.11741434788220295,0.8275
0.12226610327249587,0.8276
0.1267821481214172,0.8277
0.13094881585507,0.8278000000000001
0.13474963860726819,0.8279000000000001
0.13816781561485791,0.8280000000000001
0.141187972112509,0.8281000000000001
0.14379641544354693,0.8282
0.14598086694351997,0.8283
0.14773124949958127,0.8284
0.14904040021284215,0.8285
0.1499055559036585,0.8286
0.15032815027978963,0.8287
0.15031300952239124,0.8288000000000001
0.14818020158564016,0.8289000000000001
0.1441998040075042,0.8290000000000001
0.13992426961888926,0.8291000000000001
0.13544375425651833,0.8292
0.13078782196888505,0.8293
0.12597501044006776,0.8294
0.12103031035119893,0.8295
0.11598436247347399,0.8296
0.11087337125921393,0.8297
0.1057367358315876,0.8298000000000001
0.10061628759706032,0.8299000000000001
0.09549146963365662,0.8300000000000001
0.09044712308147262,0.8301000000000001
0.08553905488762925,0.8302
0.08081034819376687,0.8303
0.07629762983689337,0.8304
0.07202969237643952,0.8305
0.06802590916981144,0.8306
0.0642971912070538,0.8307
0.060848254910331745,0.8308000000000001
0.05767895980756599,0.8309000000000001
0.054784372373468226,0.8310000000000001
0.05176694726056441,0.8311000000000001
0.048932364537672246,0.8312
0.04634304399775324,0.8313
0.0440115138335897,0.8314
0.041364890195027204,0.8315
0.038923614825694175,0.8316
0.03682141453825993,0.8317
0.035019610709140725,0.8318000000000001
0.03276033748316465,0.8319000000000001
0.03082720829619845,0.8320000000000001
0.02904519770456182,0.8321000000000001
0.027448986846620116,0.8322
0.026060961102261082,0.8323
0.0248566338185785,0.8324
0.02378281785434555,0.8325
0.022920899159554642,0.8326
0.02231937401179196,0.8327
0.022053385704389195,0.8328
0.022400064016832477,0.8329000000000001
0.023428164921601935,0.8330000000000001
0.025157070205152232,0.8331000000000001
0.027480936643957232,0.8332
0.02979200554186545,0.8333
0.032621930748005346,0.8334
0.03607220150668233,0.8335
0.03968131457569535,0.8336
0.04365369269248931,0.8337
0.04815792694231713,0.8338
0.05304453107850904,0.8339000000000001
0.05816003988594676,0.8340000000000001
0.06345459354826632,0.8341000000000001
0.06887191663820591,0.8342
0.07432037058550112,0.8343
0.07972342975598634,0.8344
0.08480569942900451,0.8345
0.08962619527782478,0.8346
0.0942759611810603,0.8347
0.09872482281397377,0.8348
0.10291983726223564,0.8349000000000001
0.10682467485687241,0.8350000000000001
0.11040522675347131,0.8351000000000001
0.113639121011047,0.8352
0.11651092204806701,0.8353
0.11901096522706023,0.8354
0.12113151035151415,0.8355
0.12286641407818799,0.8356
0.12395241177741678,0.8357
0.12460301880046454,0.8358
0.1248476481480062,0.8359000000000001
0.12468949031388599,0.8360000000000001
0.12413048285454531,0.8361000000000001
0.1231754128445508,0.8362
0.12182978530196797,0.8363
0.12010048143375562,0.8364
0.11799517744812049,0.8365
0.11552267531577598,0.8366
0.11157444000127159,0.8367
0.10594817880714902,0.8368
0.10019428251233342,0.8369000000000001
0.09441547342919099,0.8370000000000001
0.08864145990878469,0.8371000000000001
0.08288360941102879,0.8372
0.07716151122570292,0.8373
0.07150308597665345,0.8374
0.06594757221463077,0.8375
0.060540248683295106,0.8376
0.055327223850116125,0.8377
0.050351960357335246,0.8378
0.04565520082978236,0.8379000000000001
0.04127604633843385,0.8380000000000001
0.03708018733980922,0.8381000000000001
0.033177414728857935,0.8382000000000001
0.029658784679329697,0.8383
0.026552521693092412,0.8384
0.023875747592152274,0.8385
0.02164367004630119,0.8386
0.019866042031583042,0.8387
0.01836585551041936,0.8388
0.016313518187133225,0.8389000000000001
0.014026063636316977,0.8390000000000001
0.01172456252570453,0.8391000000000001
0.009543918937728879,0.8392000000000001
0.007589636580186188,0.8393
0.005918812006437069,0.8394
0.005596213542760964,0.8395
0.0057699480002153525,0.8396
0.005735868023678536,0.8397
0.006370389749236871,0.8398
0.008110607996691943,0.8399000000000001
0.010395462385953236,0.8400000000000001
0.01313668450182659,0.8401000000000001
0.01682803650661646,0.8402000000000001
0.020652571007219178,0.8403
0.024883788441507404,0.8404
0.029931679609764172,0.8405
0.03572014646425137,0.8406
0.04201687973616175,0.8407
0.048625330807486655,0.8408
0.055350791109287645,0.8409000000000001
0.0621775224603629,0.8410000000000001
0.06906079754107897,0.8411000000000001
0.07591705282583505,0.8412000000000001
0.08266862633831251,0.8413
0.08924495355889284,0.8414
0.09558514296448595,0.8415
0.10164628706084788,0.8416
0.10740741387190311,0.8417
0.11285810524988193,0.8418
0.1179903350558732,0.8419000000000001
0.12279687160675001,0.8420000000000001
0.12726638403333623,0.8421000000000001
0.13138514918688238,0.8422000000000001
0.13513672363332507,0.8423
0.13850441802935243,0.8424
0.14147295041841834,0.8425
0.14402868528337975,0.8426
0.1461594491627226,0.8427
0.1478553853207899,0.8428
0.14910969750881276,0.8429000000000001
0.14992005099866634,0.8430000000000001
0.1502882798700843,0.8431000000000001
0.15021951336033457,0.8432000000000001
0.14764385974566352,0.8433
0.14362484601428305,0.8434
0.1393283602040566,0.8435
0.13483322014104782,0.8436
0.13016431243800208,0.8437
0.12534119135711363,0.8438
0.1203886371715921,0.8439000000000001
0.11533803650314267,0.8440000000000001
0.11022642152527673,0.8441000000000001
0.1050946732308089,0.8442000000000001
0.0999804909657468,0.8443
0.09486338798505856,0.8444
0.08984111420935548,0.8445
0.08496013624745946,0.8446
0.08026249165728261,0.8447
0.07578406889866673,0.8448
0.07155324878521918,0.8449000000000001
0.06758912496434033,0.8450000000000001
0.06390146461173607,0.8451000000000001
0.06049335415904511,0.8452000000000001
0.05736369519628637,0.8453
0.05448716926035746,0.8454
0.05146967764080301,0.8455
0.04866498567565469,0.8456
0.046106158318688806,0.8457
0.043768217678365584,0.8458
0.041103482464271535,0.8459
0.03869824663098753,0.8460000000000001
0.03664200028748943,0.8461000000000001
0.0348010625372952,0.8462000000000001
0.03256143886848051,0.8463
0.030666062176176512,0.8464
0.028919273106834398,0.8465
0.027344546438372808,0.8466
0.02597499730636299,0.8467
0.024786895385376706,0.8468
0.023726479557873548,0.8469
0.022920252226727555,0.8470000000000001
0.022332140933207123,0.8471000000000001
0.022131747595644402,0.8472000000000001
0.02255389429132726,0.8473
0.023660410740355076,0.8474
0.025466137640587805,0.8475
0.02779155452409099,0.8476
0.030170609214468014,0.8477
0.033069140787914675,0.8478
0.03657868206686721,0.8479
0.040186731653643504,0.8480000000000001
0.0442056496685459,0.8481000000000001
0.048751078532691006,0.8482000000000001
0.05366601680845817,0.8483
0.05879584601840704,0.8484
0.06409378747956607,0.8485
0.06950515809138924,0.8486
0.07493921060051278,0.8487
0.08032022443014197,0.8488
0.08536455113893848,0.8489
0.09015631763885879,0.8490000000000001
0.09477123963902212,0.8491000000000001
0.09917980968365891,0.8492000000000001
0.10333010571285306,0.8493
0.10718715258768396,0.8494
0.11071778825654321,0.8495
0.11390051582394356,0.8496
0.11672052323715199,0.8497
0.11916858548686615,0.8498
0.12123720177319441,0.8499
0.12290578012031939,0.8500000000000001
0.12391825536389478,0.8501000000000001
0.12451742272724431,0.8502000000000001
0.12471218413079854,0.8503000000000001
0.12450500860540636,0.8504
0.1238978339135769,0.8505
0.12289564867471825,0.8506
0.1215040777115235,0.8507
0.1197301939532811,0.8508
0.11758185641702312,0.8509
0.11506804281051553,0.8510000000000001
0.11085260775259353,0.8511000000000001
0.1052106463277599,0.8512000000000001
0.09945542427818732,0.8513000000000001
0.09367998768244679,0.8514
0.08790966617229767,0.8515
0.08215726839859261,0.8516
0.07644442276937446,0.8517
0.07080168987863356,0.8518
0.06526881855481736,0.8519
0.0598900981776842,0.8520000000000001
0.05471039975431191,0.8521000000000001
0.0497726669182168,0.8522000000000001
0.04511762392801644,0.8523000000000001
0.040784305435140666,0.8524
0.03659488671565403,0.8525
0.03273919790734281,0.8526
0.02927423673656615,0.8527
0.026224476669788332,0.8528
0.023605376421732993,0.8529
0.021431832958186847,0.8530000000000001
0.019712274067462676,0.8531000000000001
0.01816255757914753,0.8532000000000001
0.016069718509352793,0.8533000000000001
0.01377715040180405,0.8534
0.01148656750717536,0.8535
0.009326944152670436,0.8536
0.007395127442918259,0.8537
0.005830594472573836,0.8538
0.005585546352850912,0.8539
0.005808989174804324,0.8540000000000001
0.005757936392454255,0.8541000000000001
0.006513186322671505,0.8542000000000001
0.008440685361696287,0.8543000000000001
0.010729051365531372,0.8544
0.01356730676048512,0.8545
0.017096713355028603,0.8546
0.020707308403382196,0.8547
0.025137546654370846,0.8548
0.030416350155420657,0.8549
0.03634151054290924,0.8550000000000001
0.042682783526248436,0.8551000000000001
0.04925258955987433,0.8552000000000001
0.055999208218547425,0.8553000000000001
0.06287151521405077,0.8554
0.0697823638229399,0.8555
0.07658158220223843,0.8556
0.08331805693554095,0.8557
0.08991361584782587,0.8558
0.09625794155334266,0.8559
0.10233569408197596,0.8560000000000001
0.10810841082508182,0.8561000000000001
0.11353806496132712,0.8562000000000001
0.11864517220017756,0.8563000000000001
0.12342275578614259,0.8564
0.12786041063231757,0.8565
0.13194384099504508,0.8566
0.1356573709856117,0.8567
0.13898396433935445,0.8568
0.14190878613957414,0.8569
0.14441795802513158,0.8570000000000001
0.14649999258823398,0.8571000000000001
0.14814556043036264,0.8572000000000001
0.14934913862144283,0.8573000000000001
0.15010914177058488,0.8574
0.15042807838017447,0.8575
0.15031087927346054,0.8576
0.14724581822252736,0.8577
0.14318231132489367,0.8578
0.13885943925275412,0.8579
0.1343430932063836,0.8580000000000001
0.12965343015562125,0.8581000000000001
0.12481231002163518,0.8582000000000001
0.11984566100135863,0.8583000000000001
0.11478651454462185,0.8584
0.10967226280809839,0.8585
0.10454370818976877,0.8586
0.09943670390040527,0.8587
0.09433216436702674,0.8588
0.08932697849852755,0.8589
0.08446750829941085,0.859
0.079795916072115,0.8591000000000001
0.07534782980226518,0.8592000000000001
0.07115048058432771,0.8593000000000001
0.06722164891565319,0.8594
0.06356998205854747,0.8595
0.06019751513636018,0.8596
0.05710219327575672,0.8597
0.054224134781448274,0.8598
0.05123045192136222,0.8599
0.048451044286549116,0.86
0.04591755690128885,0.8601000000000001
0.04354150949695956,0.8602000000000001
0.04089988676563472,0.8603000000000001
0.0385268920290478,0.8604
0.03650754351708718,0.8605
0.03459717616266733,0.8606
0.03238834710519711,0.8607
0.03050082849793445,0.8608
0.028785770385018727,0.8609
0.027228933534079403,0.861
0.02585947614232742,0.8611000000000001
0.024672344440339167,0.8612000000000001
0.02361171621596969,0.8613000000000001
0.022857189232386332,0.8614
0.02227211540722096,0.8615
0.022135491768342064,0.8616
0.022632445054863615,0.8617
0.023817651275050755,0.8618
0.025700970158071934,0.8619
0.02802142636217808,0.862
0.030470208169575352,0.8621000000000001
0.03344119871527651,0.8622000000000001
0.03701518773077073,0.8623000000000001
0.04062181704900114,0.8624
0.044694305804694245,0.8625
0.0492892829702829,0.8626
0.054241394614844785,0.8627
0.05939443935553279,0.8628
0.06470452580444319,0.8629
0.07011841534003493,0.863
0.07554622159158964,0.8631000000000001
0.0809130705939155,0.8632000000000001
0.0859223343414861,0.8633000000000001
0.09069353261301816,0.8634000000000001
0.09528183733000162,0.8635
0.09965813498340526,0.8636
0.10377141242948384,0.8637
0.10758802747142471,0.8638
0.11107568404382684,0.8639
0.11421369220751121,0.864
0.11698777736920152,0.8641000000000001
0.11938906802524307,0.8642000000000001
0.12141022616427999,0.8643000000000001
0.12300071679931468,0.8644000000000001
0.12396338555954012,0.8645
0.12451371057947336,0.8646
0.12465979483613354,0.8647
0.12440405889557593,0.8648
0.1237487912830717,0.8649
0.12269911965035607,0.865
0.12126088802878066,0.8651000000000001
0.11944134511659243,0.8652000000000001
0.11724851582797413,0.8653000000000001
0.11469150189781585,0.8654000000000001
0.11018781341299388,0.8655
0.10452499063723153,0.8656
0.09876384081769407,0.8657
0.09298765058077785,0.8658
0.08721777840275435,0.8659
0.08146821833496332,0.866
0.07576093086088997,0.8661000000000001
0.07012769131780805,0.8662000000000001
0.06460897351185524,0.8663000000000001
0.059249325576006706,0.8664000000000001
0.05409338035140476,0.8665
0.0491838947756682,0.8666
0.044561426052943665,0.8667
0.0402426434378238,0.8668
0.03607267053707264,0.8669
0.03225704169147248,0.867
0.02883747036799078,0.8671000000000001
0.02583638954400347,0.8672000000000001
0.023268710758232114,0.8673000000000001
0.021148905991092093,0.8674000000000001
0.019484245997327898,0.8675
0.017865723707988446,0.8676
0.015739443317931867,0.8677
0.013449929948271988,0.8678
0.011172333738808327,0.8679
0.009033692082841105,0.868
0.007123883513221241,0.8681000000000001
0.005738290803797508,0.8682000000000001
0.0055759232387704305,0.8683000000000001
0.0058375319001575665,0.8684000000000001
0.005772079398783436,0.8685
0.006630643839846018,0.8686
0.008713287779231083,0.8687
0.011019830726536561,0.8688
0.013948809893030711,0.8689
0.017525172855422655,0.869
0.021221208542340886,0.8691000000000001
0.02573686139102982,0.8692000000000001
0.031087861497675062,0.8693000000000001
0.03706752360280419,0.8694000000000001
0.04344931427573839,0.8695
0.05004527247281931,0.8696
0.05680789067508174,0.8697
0.06368719962427616,0.8698
0.07059611184321268,0.8699
0.07739466543162155,0.87
0.08411829806612325,0.8701000000000001
0.09069163414912229,0.8702000000000001
0.09700664274075355,0.8703000000000001
0.1030509816204388,0.8704000000000001
0.1087646315086922,0.8705
0.11415879943804197,0.8706
0.11923056602356086,0.8707
0.12397121828208135,0.8708
0.12836945181578285,0.8709
0.13241086029402593,0.871
0.1360799590337769,0.8711000000000001
0.13936027787441796,0.8712000000000001
0.14223752577995996,0.8713000000000001
0.144698162476407,0.8714000000000001
0.14673096136652597,0.8715
0.14832681744321363,0.8716
0.14948059939577873,0.8717
0.15019112861866368,0.8718
0.15046127237355644,0.8719
0.15029614439710381,0.872
0.14679624341856434,0.8721
0.14269314454340765,0.8722000000000001
0.1383476147421876,0.8723000000000001
0.13381435933941976,0.8724000000000001
0.12910902525914403,0.8725
0.12425481309151154,0.8726
0.11927796883811204,0.8727
0.1142125891238368,0.8728
0.10909627638553299,0.8729
0.10396982082165473,0.873
0.09886080089863791,0.8731
0.09376556318860052,0.8732000000000001
0.08877645353073271,0.8733000000000001
0.08393987167581585,0.8734000000000001
0.07929707778442785,0.8735
0.07488258946156456,0.8736
0.07072196902443606,0.8737
0.06683112577330452,0.8738
0.06321760026463918,0.8739
0.059882999751955324,0.874
0.05682472144771333,0.8741
0.05394578322487087,0.8742000000000001
0.05098048552168022,0.8743000000000001
0.04823146911121845,0.8744000000000001
0.04572843103927382,0.8745
0.04331962460283956,0.8746
0.04070555547590815,0.8747
0.038368714001006055,0.8748
0.036389564470588054,0.8749
0.034420372199326366,0.875
0.03224958172320025,0.8751
0.03037902338377574,0.8752000000000001
0.028682849462403848,0.8753000000000001
0.027175267686298632,0.8754000000000001
0.025821332518967788,0.8755000000000001
0.024639796631519495,0.8756
0.02357435740746694,0.8757
0.02286758515267917,0.8758
0.022280565987558676,0.8759
0.022203866560331686,0.876
0.022771678671593243,0.8761
0.024030311391278536,0.8762000000000001
0.025985142117267435,0.8763000000000001
0.028293029557713067,0.8764000000000001
0.030806902616854037,0.8765000000000001
0.033844412954300296,0.8766
0.037476006291126795,0.8767
0.041077605181620624,0.8768
0.045195652628254646,0.8769
0.049831642466824366,0.877
0.054812720926439074,0.8771
0.05998142677837315,0.8772000000000001
0.06529675992583694,0.8773000000000001
0.07070699295600491,0.8774000000000001
0.07612311971939156,0.8775000000000001
0.08147109887506432,0.8776
0.08644289883694889,0.8777
0.09118980592001735,0.8778
0.09574827974458122,0.8779
0.10008958577032268,0.878
0.10416355886678152,0.8781
0.10793782398603446,0.8782000000000001
0.11138094262652598,0.8783000000000001
0.11447304399671854,0.8784000000000001
0.1172004213344422,0.8785000000000001
0.11955459738754604,0.8786
0.12152843332280783,0.8787
0.12303846418411557,0.8788
0.12395257032016138,0.8789
0.12445589273053848,0.879
0.12455552456895425,0.8791
0.12425368961703365,0.8792000000000001
0.12355292554588337,0.8793000000000001
0.12245840620374027,0.8794000000000001
0.12097614350183217,0.8795000000000001
0.11911354746361225,0.8796
0.11687882221728063,0.8797
0.11428122741498303,0.8798
0.10949073407155985,0.8799
0.10381045725275262,0.88
0.09804715467970515,0.8801
0.09227413834875708,0.8802000000000001
0.08650868266053402,0.8803000000000001
0.08076594355513145,0.8804000000000001
0.07506815863883076,0.8805000000000001
0.06944827648909813,0.8806
0.0639474528556313,0.8807
0.05861046637574763,0.8808
0.05348170458459678,0.8809
0.048603756865962966,0.881
0.0440170476402435,0.8811
0.03970062615502101,0.8812000000000001
0.03556921662440016,0.8813000000000001
0.031798626006177555,0.8814000000000001
0.028427783840018872,0.8815000000000001
0.025478107931559135,0.8816
0.02296455689458221,0.8817
0.020900838311108894,0.8818
0.019292955746182505,0.8819
0.01757686795609792,0.882
0.015449786419083233,0.8821
0.013168313428907119,0.8822000000000001
0.010898319834327319,0.8823000000000001
0.008763270316840321,0.8824000000000001
0.006860009147737989,0.8825000000000001
0.00568339129647355,0.8826
0.005588500999021306,0.8827
0.005803006786587739,0.8828
0.00579135565195199,0.8829
0.006759204166006949,0.883
0.008943746100312122,0.8831
0.011120185488243006,0.8832000000000001
0.014192328199806425,0.8833000000000001
0.017891670791821523,0.8834000000000001
0.0217012497919844,0.8835000000000001
0.02631899754235323,0.8836
0.031755866169321356,0.8837
0.03780364717701534,0.8838
0.04423854577273745,0.8839
0.05087072169674345,0.884
0.05765689289377196,0.8841
0.06454823515691255,0.8842000000000001
0.07145803276944118,0.8843000000000001
0.07824186790070464,0.8844000000000001
0.08495744363353908,0.8845000000000001
0.09151239685530888,0.8846
0.09780018522227252,0.8847
0.10379317607022664,0.8848
0.10946595270882742,0.8849
0.11482286684236087,0.885
0.11985662436704403,0.8851
0.12455753789772295,0.8852000000000001
0.12891351645176174,0.8853000000000001
0.13290995041274678,0.8854000000000001
0.1365315128283161,0.8855000000000001
0.13976244118483738,0.8856
0.1425890721814158,0.8857
0.14499841915760592,0.8858
0.14697961885825117,0.8859
0.14852384029520738,0.886
0.14962621083376315,0.8861
0.15028575370835717,0.8862
0.15050543835419217,0.8863000000000001
0.15008301452500417,0.8864000000000001
0.14631088917735413,0.8865000000000001
0.14217411745637176,0.8866
0.1378070493624889,0.8867
0.13325586628713915,0.8868
0.12853457658339706,0.8869
0.12366754986435569,0.887
0.11868188250841172,0.8871
0.1136125415103737,0.8872
0.10849750835312177,0.8873000000000001
0.10337774755657869,0.8874000000000001
0.09827572048435651,0.8875000000000001
0.09319661989381456,0.8876000000000001
0.0882290865075891,0.8877
0.08341894276448703,0.8878
0.07880651950331474,0.8879
0.07442514317192228,0.888
0.07029910545272966,0.8881
0.06644327578716713,0.8882
0.06286448960168411,0.8883000000000001
0.05956398231626836,0.8884000000000001
0.05653892456535092,0.8885000000000001
0.05364260436456969,0.8886000000000001
0.05070319578281923,0.8887
0.04798423046506195,0.8888
0.04551244494015627,0.8889
0.04306173559982729,0.889
0.04047875431118997,0.8891
0.03818325987893245,0.8892
0.0362482788620746,0.8893000000000001
0.034203607492299115,0.8894000000000001
0.0320731481561789,0.8895000000000001
0.030218238046123558,0.8896000000000001
0.02854070592316993,0.8897
0.027068232222188238,0.8898
0.02574932641970351,0.8899
0.02458143092363363,0.89
0.02352322077812885,0.8901
0.022859397475727405,0.8902
0.02229170338487374,0.8903000000000001
0.022281992789173533,0.8904000000000001
0.02292603077039801,0.8905000000000001
0.02426295345075813,0.8906000000000001
0.026293619209134755,0.8907
0.028596717309811615,0.8908
0.031178431706494703,0.8909
0.034284535463092514,0.891
0.03794282207020605,0.8911
0.041577975210755236,0.8912
0.045746278260204054,0.8913000000000001
0.050423879887139034,0.8914000000000001
0.055433433938492316,0.8915000000000001
0.06061744150581205,0.8916000000000001
0.06593718151625838,0.8917
0.07134270119941322,0.8918
0.07674564955779817,0.8919
0.08207287264018137,0.892
0.08700629165289975,0.8921
0.0917263956091916,0.8922
0.09625232221498159,0.8923000000000001
0.1005559146097853,0.8924000000000001
0.10458789938665802,0.8925000000000001
0.10831713140062904,0.8926000000000001
0.11171297957186421,0.8927
0.1147563588591024,0.8928
0.11743411777439627,0.8929
0.11973817631376871,0.893
0.12166159804985377,0.8931
0.12308617631905672,0.8932
0.12394826938977843,0.8933000000000001
0.12440119884390921,0.8934000000000001
0.12445106072881751,0.8935000000000001
0.12409993143967335,0.8936000000000001
0.1233506457414586,0.8937
0.12220843154952343,0.8938
0.12067944770354799,0.8939
0.11877122310963528,0.894
0.11649208872224359,0.8941
0.11385141904031992,0.8942
0.10875522047535091,0.8943000000000001
0.10305616311594124,0.8944000000000001
0.09729044748638838,0.8945000000000001
0.09152063820816103,0.8946000000000001
0.08575964089166355,0.8947
0.0800239086549146,0.8948
0.07433600788006567,0.8949
0.06873017518215163,0.895
0.0632483110414932,0.8951
0.05793544013998453,0.8952
0.052835669243758154,0.8953000000000001
0.04799137553047661,0.8954000000000001
0.043442796615223545,0.8955000000000001
0.03912811157382601,0.8956000000000001
0.03503767884603182,0.8957
0.03131503706661509,0.8958
0.027996001202898357,0.8959
0.02510086515523291,0.896
0.022644652756926398,0.8961
0.02064036703187866,0.8962
0.01909283705574394,0.8963000000000001
0.017252123877691705,0.8964000000000001
0.015103505779053172,0.8965000000000001
0.01280298131655666,0.8966000000000001
0.010561011114980312,0.8967
0.0084663607408626,0.8968
0.006588362532597758,0.8969
0.005642466299162763,0.897
0.005614818066083105,0.8971
0.005753528939976382,0.8972
0.0058331923466872215,0.8973000000000001
0.00690035973686931,0.8974000000000001
0.009152231457304705,0.8975000000000001
0.011454931255544532,0.8976000000000001
0.014648723175598954,0.8977
0.018374635720858512,0.8978
0.02227187945599529,0.8979
0.026982305555872443,0.898
0.03249862915764301,0.8981
0.03860496523527823,0.8982
0.04508360780575815,0.8983000000000001
0.05174227286899047,0.8984000000000001
0.05854377411047795,0.8985000000000001
0.06543958192611077,0.8986000000000001
0.07234365616142213,0.8987
0.07912354862227677,0.8988
0.08578526213907312,0.8989
0.0922492449338369,0.899
0.09847963980758445,0.8991
0.10445642412251976,0.8992
0.1101308357647186,0.8993
0.11543652018079653,0.8994000000000001
0.12041902786125913,0.8995000000000001
0.12507120766101232,0.8996000000000001
0.1293816448317987,0.8997
0.13333397031996774,0.8998
0.13691143776369596,0.8999
0.14009770038444191,0.9
0.14287854879882222,0.9001
0.14524103658258414,0.9002
0.14717434482882863,0.9003
0.1486699545854453,0.9004000000000001
0.149723342403697,0.9005000000000001
0.15033402211334834,0.9006000000000001
0.1505052968972369,0.9007000000000001
0.14965947571199956,0.9008
0.14584199845110146,0.9009
0.14167608463070192,0.901
0.13728628852175095,0.9011
0.13271463756660862,0.9012
0.1279761376803623,0.9013
0.12309513510152525,0.9014000000000001
0.11809949190535163,0.9015000000000001
0.11302449207981713,0.9016000000000001
0.10790864923727794,0.9017000000000001
0.10279342664772606,0.9018
0.09769278776716828,0.9019
0.09262879314711958,0.902
0.08768267200033941,0.9021
0.08289928397679291,0.9022
0.07831771948921196,0.9023
0.07396992381890333,0.9024000000000001
0.06987887208961163,0.9025000000000001
0.06605839535595914,0.9026000000000001
0.06251467298256164,0.9027000000000001
0.05924859041641706,0.9028
0.05625708199867896,0.9029
0.05334280253139978,0.903
0.05043021096625444,0.9031
0.04774251026690113,0.9032
0.045303498649993834,0.9033
0.042814825921763555,0.9034000000000001
0.04026514558397154,0.9035000000000001
0.038013248178819126,0.9036000000000001
0.03612557649127046,0.9037000000000001
0.03402136406859668,0.9038
0.03193267896254226,0.9039
0.03009663661664086,0.904
0.02843934903872891,0.9041
0.026986903766617498,0.9042
0.0257184082979085,0.9043
0.024566528850566538,0.9044000000000001
0.02351777709027747,0.9045000000000001
0.02286137086755069,0.9046000000000001
0.022352005239477002,0.9047000000000001
0.022411220798415288,0.9048
0.023128688015899623,0.9049
0.024539206475276965,0.905
0.026639795272914046,0.9051
0.028873788736682338,0.9052
0.03142279924443869,0.9053
0.034585965346527914,0.9054000000000001
0.03816491570107883,0.9055000000000001
0.04189038885354224,0.9056000000000001
0.04615647332209849,0.9057000000000001
0.050851073607550035,0.9058
0.05582738700858614,0.9059
0.06102508071963986,0.906
0.06638319260293712,0.9061
0.07180789484477412,0.9062
0.0772203290108403,0.9063
0.0824616603290177,0.9064000000000001
0.08737769010042684,0.9065000000000001
0.09210965576208396,0.9066000000000001
0.09664086811456096,0.9067000000000001
0.10093866228525394,0.9068
0.10495765393908218,0.9069
0.10866621184960035,0.907
0.11203635909136267,0.9071
0.11504928136847525,0.9072
0.11769383662514521,0.9073
0.11996188503043037,0.9074000000000001
0.12184746742875308,0.9075000000000001
0.12320731212704816,0.9076000000000001
0.12402407909055047,0.9077000000000001
0.1244316668978962,0.9078
0.12443623661400682,0.9079
0.12404008107848719,0.908
0.1232467556647755,0.9081
0.12206146523959849,0.9082
0.1204904714507441,0.9083
0.11854104301548296,0.9084000000000001
0.11622157830864621,0.9085000000000001
0.11354142501191988,0.9086000000000001
0.1081284182562735,0.9087000000000001
0.10240668749507764,0.9088
0.09663522005123126,0.9089
0.09086566746370484,0.909
0.08510637485740047,0.9091
0.0793750014850394,0.9092
0.07369427953214436,0.9093
0.06809962876171305,0.9094000000000001
0.062633487724023,0.9095000000000001
0.057340791110756184,0.9096000000000001
0.052265162012847366,0.9097000000000001
0.047449170796328044,0.9098
0.042933950035946244,0.9099
0.03863674787181015,0.91
0.03458712510803452,0.9101
0.030909373165263654,0.9102
0.027637573378168412,0.9103
0.0247915116583306,0.9104000000000001
0.022385929222950463,0.9105000000000001
0.02043311629183453,0.9106000000000001
0.01893677037165986,0.9107000000000001
0.017011901871272217,0.9108
0.014825737374304815,0.9109
0.0125009486149259,0.911
0.01025831656351861,0.9111
0.008213443169375667,0.9112
0.006343660204075174,0.9113
0.005612630489094217,0.9114000000000001
0.005650497593461257,0.9115000000000001
0.00571560785394154,0.9116000000000001
0.005911791455177617,0.9117000000000001
0.007078958649152645,0.9118
0.009364863586540206,0.9119
0.011782553490196745,0.912
0.015091522664719026,0.9121
0.018837042274661542,0.9122
0.022815335398038483,0.9123
0.027610197928031877,0.9124
0.033197381047994856,0.9125000000000001
0.03935414305606799,0.9126000000000001
0.04586947776276018,0.9127000000000001
0.052549067213802925,0.9128000000000001
0.05936173850769788,0.9129
0.06625925825723333,0.913
0.07315633395604881,0.9131
0.07994200525764616,0.9132
0.0865851563756932,0.9133
0.0930207507441767,0.9134
0.09921703894399747,0.9135000000000001
0.10515696876748015,0.9136000000000001
0.11076134045203356,0.9137000000000001
0.11603083444029982,0.9138000000000001
0.12097803776335514,0.9139
0.1255936129929146,0.914
0.1298647807743898,0.9141
0.13377522818952614,0.9142
0.13730821982755226,0.9143
0.140448083498249,0.9144
0.14318097214909475,0.9145000000000001
0.14549425904047664,0.9146000000000001
0.14737726998647438,0.9147000000000001
0.1488217874795459,0.9148000000000001
0.1498237356373846,0.9149
0.150383199428754,0.915
0.15050393367461212,0.9151
0.14925088600327474,0.9152
0.14539040886741084,0.9153
0.141200835546486,0.9154
0.1367928325547978,0.9155000000000001
0.13220430755634072,0.9156000000000001
0.12745136677905955,0.9157000000000001
0.12255855388842385,0.9158000000000001
0.11755462164361585,0.9159
0.11247516943967395,0.916
0.10735904701461596,0.9161
0.10224791359206375,0.9162
0.09714744564565636,0.9163
0.09209513430966054,0.9164
0.08716598101757966,0.9165000000000001
0.0824042861729668,0.9166000000000001
0.07784826977708437,0.9167000000000001
0.07352873636176516,0.9168000000000001
0.06946745111485397,0.9169
0.06567724236882855,0.917
0.06216360515331609,0.9171
0.05892701035683823,0.9172
0.05596414054659804,0.9173
0.053024274596642273,0.9174
0.05013435678198763,0.9175000000000001
0.04747426619104056,0.9176000000000001
0.04506463563969043,0.9177000000000001
0.042534869611497994,0.9178000000000001
0.04001592684330535,0.9179
0.037805409339342955,0.918
0.03596313918136684,0.9181
0.03380167195862849,0.9182
0.03175339853280956,0.9183
0.02993670880594057,0.9184
0.02830052736443145,0.9185000000000001
0.026869420667892108,0.9186000000000001
0.02562084269260767,0.9187000000000001
0.024505116300623797,0.9188000000000001
0.02348568483281488,0.9189
0.022841533063825192,0.919
0.022389720890513054,0.9191
0.022516114751854444,0.9192
0.02330501489071879,0.9193
0.024787412979872858,0.9194
0.026956598990183656,0.9195000000000001
0.029183890859845185,0.9196000000000001
0.03179053621182559,0.9197000000000001
0.03501437834956023,0.9198000000000001
0.03859691615047556,0.9199
0.042371621482218735,0.92
0.04668370239750064,0.9201
0.05141244821530022,0.9202
0.05640996433382672,0.9203
0.061618613828608226,0.9204
0.06697876074714104,0.9205000000000001
0.0723971658849395,0.9206000000000001
0.07779559751230636,0.9207000000000001
0.08299933953205019,0.9208000000000001
0.08789587315328518,0.9209
0.09260191183946653,0.921
0.09710116664333657,0.9211
0.10136220978898991,0.9212
0.10534094499804292,0.9213
0.10900667231494787,0.9214
0.11233222066014148,0.9215000000000001
0.11529938420046237,0.9216000000000001
0.11789750308155378,0.9217000000000001
0.12011872235074206,0.9218000000000001
0.12195725060884421,0.9219
0.12323845985278592,0.922
0.12400671466044633,0.9221
0.12436726843499168,0.9222
0.12432544438700321,0.9223
0.12388345105656862,0.9224
0.12304517136638893,0.9225000000000001
0.12181589177024854,0.9226000000000001
0.12020203280086483,0.9227000000000001
0.11821096732489866,0.9228000000000001
0.11585120570717633,0.9229
0.11301591084403118,0.923
0.10746354793091839,0.9231
0.1017311199011971,0.9232
0.09595869365172494,0.9233
0.0901914485461558,0.9234
0.0844363155153891,0.9235000000000001
0.07871163224446165,0.9236000000000001
0.07304077565516032,0.9237000000000001
0.06746001700742565,0.9238000000000001
0.06201222776406856,0.9239
0.05674230021025628,0.924
0.051693504841159976,0.9241
0.046908190131194516,0.9242
0.04242761680498419,0.9243
0.03812846295409056,0.9244
0.03411736859824366,0.9245000000000001
0.030485499247643322,0.9246000000000001
0.027263186103275272,0.9247000000000001
0.024468692695771788,0.9248000000000001
0.022116749498531485,0.9249
0.020218773754706154,0.925
0.01877579758699155,0.9251
0.016749899305247062,0.9252
0.014525196776188354,0.9253
0.012207105734720836,0.9254
0.009986075609958123,0.9255
0.007976665474660916,0.9256000000000001
0.006162533528087932,0.9257000000000001
0.005598517214975063,0.9258000000000001
0.005687486079057225,0.9259000000000001
0.0057044203154634765,0.926
0.00604354869920587,0.9261
0.007367812082042624,0.9262
0.0096562929284707,0.9263
0.012179643650221061,0.9264
0.01560967321627671,0.9265
0.019373557386972884,0.9266000000000001
0.023432217658861054,0.9267000000000001
0.028309222813518664,0.9268000000000001
0.03396214613033788,0.9269000000000001
0.040163824388860236,0.927
0.046709275081247004,0.9271
0.05340341744255639,0.9272
0.06022056623376093,0.9273
0.06711326754912361,0.9274
0.07399686694245955,0.9275
0.08078614330205425,0.9276000000000001
0.08740366772705643,0.9277000000000001
0.09380419754090896,0.9278000000000001
0.09996018458948186,0.9279000000000001
0.10584140271064957,0.928
0.11138613408341669,0.9281
0.1166145620248743,0.9282
0.1215210111084889,0.9283
0.12609472452258297,0.9284
0.13032222601957355,0.9285
0.13418716872237113,0.9286000000000001
0.13767281498447925,0.9287000000000001
0.14076378693733183,0.9288000000000001
0.14344636820168022,0.9289000000000001
0.14570809951074692,0.929
0.14753849920343565,0.9291
0.14892974216958166,0.9292
0.14987826827766937,0.9293
0.15038471819334165,0.9294
0.15045326603536768,0.9295
0.14877737523396273,0.9296000000000001
0.14487684340309137,0.9297000000000001
0.1406637695891566,0.9298000000000001
0.1362383478093686,0.9299000000000001
0.13163418772391322,0.93
0.12686850652384352,0.9301
0.12196597455319613,0.9302
0.11695621086011199,0.9303
0.11187506721564411,0.9304
0.10676165682728822,0.9305
0.10165774516722637,0.9306000000000001
0.09655679370900827,0.9307000000000001
0.09151936644392089,0.9308000000000001
0.08661054399716828,0.9309000000000001
0.08187390868503408,0.931
0.07734679978976977,0.9311
0.0730589308214108,0.9312
0.06903073961271577,0.9313
0.06527411777727754,0.9314
0.0617946563868641,0.9315
0.058592929631032575,0.9316000000000001
0.05566448509563604,0.9317000000000001
0.05270376987243641,0.9318000000000001
0.049840789811811614,0.9319000000000001
0.04721178379757407,0.932
0.04483485298864531,0.9321
0.04226265409304153,0.9322
0.039773539965935134,0.9323
0.037603487150916326,0.9324
0.03580769468026901,0.9325
0.03357798371687504,0.9326000000000001
0.03157323915646337,0.9327000000000001
0.029769404652095988,0.9328000000000001
0.028148539457655275,0.9329000000000001
0.026734398289145256,0.933
0.02550308239901411,0.9331
0.024403168781647055,0.9332
0.023439447632493948,0.9333
0.02281007534066104,0.9334
0.02242236475738668,0.9335
0.02262304502734014,0.9336000000000001
0.023490390716794263,0.9337000000000001
0.025051360761271013,0.9338000000000001
0.027295121326789795,0.9339000000000001
0.029513210824965164,0.934
0.032182443674716454,0.9341
0.03547205491458505,0.9342
0.03905753314645444,0.9343
0.04288552022459258,0.9344
0.0472470701224188,0.9345
0.05201224399489468,0.9346000000000001
0.05703205559257207,0.9347000000000001
0.06225179825278182,0.9348000000000001
0.06761327857391852,0.9349000000000001
0.07302392031689942,0.935
0.07840624105902538,0.9351
0.08357055797227408,0.9352
0.08844541807257922,0.9353
0.0931230044505561,0.9354
0.09758758948363777,0.9355
0.10180910311046254,0.9356000000000001
0.10574481897925425,0.9357000000000001
0.10936503512288054,0.9358000000000001
0.11264341653943033,0.9359000000000001
0.11556235288347416,0.936
0.11811161978307572,0.9361
0.12028358977734288,0.9362
0.12207259593068986,0.9363
0.12326825013432774,0.9364
0.12398541359569526,0.9365
0.12429649004245058,0.9366000000000001
0.12420585284422503,0.9367000000000001
0.1237156193679918,0.9368000000000001
0.12283004726238922,0.9369000000000001
0.12155450871010776,0.937
0.11989558962140878,0.9371
0.11786075700627718,0.9372
0.11545861754906805,0.9373
0.11232293285651307,0.9374
0.10675145616693227,0.9375
0.10101512136836677,0.9376000000000001
0.09524423998050402,0.9377000000000001
0.08947996153190396,0.9378000000000001
0.0837303401948516,0.9379000000000001
0.07801401243621675,0.9380000000000001
0.07235553185966881,0.9381
0.06679185756708106,0.9382
0.06136612978774858,0.9383
0.05612302664278701,0.9384
0.05110559071008636,0.9385
0.04635588245005717,0.9386
0.0419148539183436,0.9387000000000001
0.037614925716918046,0.9388000000000001
0.03364446970126633,0.9389000000000001
0.030060386457937183,0.9390000000000001
0.02688934076669791,0.9391
0.024148157870253373,0.9392
0.02185154106383247,0.9393
0.020009865899956125,0.9394
0.018516061569297415,0.9395
0.016488564251349258,0.9396
0.014233160290823665,0.9397000000000001
0.011926432261460729,0.9398000000000001
0.00972609267954816,0.9399000000000001
0.00774125321545216,0.9400000000000001
0.00599417726353435,0.9401
0.005589771178358571,0.9402
0.005739120295412015,0.9403
0.005711482610412988,0.9404
0.006213159571970106,0.9405
0.007739817591879916,0.9406
0.010001412717968838,0.9407000000000001
0.012632931047679374,0.9408000000000001
0.016196909932949977,0.9409000000000001
0.019983615455959614,0.9410000000000001
0.02412843702335321,0.9411
0.029091147019266517,0.9412
0.03481086867806682,0.9413
0.04105714319492093,0.9414
0.0476305403115298,0.9415
0.054336013155665164,0.9416
0.061153498075463886,0.9417000000000001
0.06803685145990601,0.9418000000000001
0.07490222003050473,0.9419000000000001
0.08167175691829076,0.9420000000000001
0.08827406634250312,0.9421
0.09464704059372231,0.9422
0.10074724298825433,0.9423
0.10655167554675804,0.9424
0.11204936706974755,0.9425
0.11723199273551521,0.9426
0.12209226269960416,0.9427000000000001
0.12661877697083923,0.9428000000000001
0.13079760501691784,0.9429000000000001
0.13461206436055784,0.9430000000000001
0.13804529391846365,0.9431
0.14108202666139402,0.9432
0.14370869534025543,0.9433
0.1459130970331337,0.9434
0.14768509125441664,0.9435
0.14901734557346225,0.9436
0.14990686770029238,0.9437000000000001
0.15035486530102316,0.9438000000000001
0.15036595794279817,0.9439000000000001
0.14824598098961295,0.9440000000000001
0.14430352784284772,0.9441
0.14006605437345132,0.9442
0.13562259859956804,0.9443
0.13100223731161453,0.9444
0.126223418143401,0.9445
0.1213110102504884,0.9446
0.11629559273976042,0.9447000000000001
0.11121329263246627,0.9448000000000001
0.10610346390151149,0.9449000000000001
0.10100791556128297,0.9450000000000001
0.095903907542085,0.9451
0.09088258039509267,0.9452
0.08599566378463763,0.9453
0.08128588081037058,0.9454
0.07678966111007257,0.9455
0.07253572756199178,0.9456
0.06854338986570507,0.9457000000000001
0.06482353792152062,0.9458000000000001
0.06138092971674003,0.9459000000000001
0.05821549547449023,0.9460000000000001
0.05532237920692218,0.9461
0.052329307641632905,0.9462
0.0494948980485419,0.9463
0.046898810264132784,0.9464
0.04455582999468177,0.9465
0.041927114770001994,0.9466
0.03947500869726017,0.9467000000000001
0.03735578447199095,0.9468000000000001
0.035573251416493035,0.9469000000000001
0.03332006265640097,0.9470000000000001
0.031368099512660175,0.9471
0.02958952826139094,0.9472
0.027994600800138603,0.9473
0.02660527754262798,0.9474
0.025396710063625205,0.9475
0.024316725238901604,0.9476
0.02341384598147478,0.9477000000000001
0.022802804079397943,0.9478000000000001
0.02248512495217536,0.9479000000000001
0.02276623933709465,0.9480000000000001
0.0237179772090228,0.9481
0.025362766594955177,0.9482
0.02767014592757877,0.9483
0.029898896864178015,0.9484
0.0326364472090197,0.9485
0.035994067184612843,0.9486
0.039583804176064774,0.9487000000000001
0.043466052962558566,0.9488000000000001
0.04787700764979319,0.9489000000000001
0.05267776255692391,0.9490000000000001
0.05771827496903614,0.9491
0.06294696257356824,0.9492
0.06830724523064269,0.9493
0.07370733137112928,0.9494
0.07907053393323582,0.9495
0.08419400693505918,0.9496
0.08904335102559657,0.9497000000000001
0.0936880682206419,0.9498000000000001
0.09811314735444976,0.9499000000000001
0.10228999573512154,0.9500000000000001
0.1061773418811981,0.9501000000000001
0.1097465870595219,0.9502
0.11297230846835138,0.9503
0.11583755794726525,0.9504
0.11833260799030032,0.9505
0.12045011038286701,0.9506
0.1221845610907839,0.9507000000000001
0.1232867802066101,0.9508000000000001
0.1239481829108221,0.9509000000000001
0.12420541360476711,0.9510000000000001
0.12406175190594193,0.9511000000000001
0.12351916241061556,0.9512
0.1225822703422006,0.9513
0.12125653503794931,0.9514
0.11954874084584544,0.9515
0.11746649717721458,0.9516
0.11501855956484286,0.9517
0.11156800305935577,0.9518000000000001
0.10597657551839601,0.9519000000000001
0.10023666512070184,0.9520000000000001
0.09446821967535124,0.9521000000000001
0.08870807955113447,0.9522
0.08296543290641412,0.9523
0.07725916268178423,0.9524
0.07161499981309649,0.9525
0.06607057778921377,0.9526
0.060669299945976585,0.9527
0.05545563480460958,0.9528000000000001
0.050472428834328564,0.9529000000000001
0.04576149503367821,0.9530000000000001
0.04133457999303625,0.9531000000000001
0.03706200260625181,0.9532
0.0331392974624487,0.9533
0.029608269080039884,0.9534
0.02649335970208111,0.9535
0.023810986941810386,0.9536
0.021575438441115535,0.9537
0.01979595986631222,0.9538000000000001
0.01824388456551307,0.9539000000000001
0.01620336400520106,0.9540000000000001
0.01392885459842419,0.9541000000000001
0.011638036938301788,0.9542
0.00946330713011756,0.9543
0.007507155378158714,0.9544
0.005857516345905145,0.9545
0.005590001249967447,0.9546
0.0057905108273159644,0.9547
0.005727723771266957,0.9548000000000001
0.006362095676472279,0.9549000000000001
0.008087641269698409,0.9550000000000001
0.01035160272991087,0.9551000000000001
0.013090889752695345,0.9552
0.016782180151557302,0.9553
0.020601847050256028,0.9554
0.024830030228471633,0.9555
0.02987362215104228,0.9556
0.03565700380466974,0.9557
0.04194760579702983,0.9558000000000001
0.048549824725448554,0.9559000000000001
0.05526864119705044,0.9560000000000001
0.06208837573152404,0.9561000000000001
0.06896408997810277,0.9562
0.07581257941474384,0.9563
0.08255662688757859,0.9564
0.08912629493455204,0.9565
0.09546140076468579,0.9566
0.10151955356379538,0.9567
0.1072801238496881,0.9568000000000001
0.11273269763513194,0.9569000000000001
0.11786913508936259,0.9570000000000001
0.12268178207571567,0.9571000000000001
0.12715890360019588,0.9572
0.13128636113534764,0.9573
0.13504758864405475,0.9574
0.13842596131820517,0.9575
0.14140646612587393,0.9576
0.1439756977558333,0.9577
0.14612162221244573,0.9578000000000001
0.1478343455769905,0.9579000000000001
0.14910694484422937,0.9580000000000001
0.1499369036015067,0.9581000000000001
0.1503258845114428,0.9582
0.1502788424222662,0.9583
0.14768800236894908,0.9584
0.14370117395554205,0.9585
0.1394379242501389,0.9586
0.13497540028735233,0.9587
0.13033778204549684,0.9588000000000001
0.12554463132437566,0.9589000000000001
0.12062065476569239,0.9590000000000001
0.11559729482583825,0.9591000000000001
0.11051160672002958,0.9592
0.10540452768401898,0.9593
0.10030985975535678,0.9594
0.0952168131439457,0.9595
0.09021762969679759,0.9596
0.08535831542885375,0.9597
0.08068053478441539,0.9598000000000001
0.0762199281118765,0.9599000000000001
0.07200468631874235,0.9600000000000001
0.06805381463011329,0.9601000000000001
0.06437700591897177,0.9602
0.060977338470154185,0.9603
0.05785378251225182,0.9604
0.05499886885997318,0.9605
0.051986181320139435,0.9606
0.04918240993279621,0.9607
0.04662115049696869,0.9608000000000001
0.044304812098491686,0.9609000000000001
0.04163582733851867,0.9610000000000001
0.039220773145671295,0.9611000000000001
0.03715050576245038,0.9612
0.03533522772528541,0.9613
0.033098150731928344,0.9614
0.03119995841141221,0.9615
0.029442628508115742,0.9616
0.027868755282255187,0.9617
0.02649822934232282,0.9618000000000001
0.0253067595907297,0.9619000000000001
0.02424133068291745,0.9620000000000001
0.023398529930229728,0.9621000000000001
0.02280182184627666,0.9622
0.022554494669273284,0.9623
0.022916618083516527,0.9624
0.023952895438411836,0.9625
0.025681083594508047,0.9626
0.027990422984813135,0.9627
0.03029358233616164,0.9628000000000001
0.033107006067633726,0.9629000000000001
0.03653113193157287,0.9630000000000001
0.040120396340628695,0.9631000000000001
0.04405597901971503,0.9632000000000001
0.04851504643751303,0.9633
0.053350069527674515,0.9634
0.05840954123384634,0.9635
0.06364522393113858,0.9636
0.06900222649414278,0.9637
0.07438967964368626,0.9638000000000001
0.07973171961908787,0.9639000000000001
0.08477799631363603,0.9640000000000001
0.08953620006350727,0.9641000000000001
0.09412331120403672,0.9642000000000001
0.09851076465607023,0.9643
0.10264618706755213,0.9644
0.10649318959985377,0.9645
0.11001787943133534,0.9646
0.11319797800473841,0.9647
0.11601816236339701,0.9648
0.11846884008975578,0.9649000000000001
0.12054233258993718,0.9650000000000001
0.12223254527280702,0.9651000000000001
0.1232619955994323,0.9652000000000001
0.12387386028716385,0.9653
0.12408291924909842,0.9654
0.12389186629230031,0.9655
0.12330250817516175,0.9656
0.12231971921119023,0.9657
0.12094901725783835,0.9658
0.11919738648586942,0.9659000000000001
0.1170726337573601,0.9660000000000001
0.11458373049821535,0.9661000000000001
0.11086430759363852,0.9662000000000001
0.10525387776913653,0.9663
0.09950926373214652,0.9664
0.09374075370286139,0.9665
0.0879807196246355,0.9666
0.08223973805111628,0.9667
0.07653868484352166,0.9668
0.07090569149994419,0.9669000000000001
0.06537892294732606,0.9670000000000001
0.06000195284430976,0.9671000000000001
0.05481990526029823,0.9672000000000001
0.049875884251531,0.9673
0.045210623496909186,0.9674
0.04080586258753227,0.9675
0.03658676932557858,0.9676
0.03272437594596744,0.9677
0.029257033036717228,0.9678
0.02620555974254213,0.9679000000000001
0.023584962047896063,0.9680000000000001
0.02141024941850067,0.9681000000000001
0.019690440391801678,0.9682000000000001
0.018113196051348757,0.9683
0.016032147118161255,0.9684
0.013747592618045701,0.9685
0.011462159369215685,0.9686
0.009302433814913025,0.9687
0.007363420821288047,0.9688
0.005812545514255474,0.9689000000000001
0.005580038716775482,0.9690000000000001
0.005816409853534266,0.9691000000000001
0.005752404538490907,0.9692000000000001
0.006505600910722054,0.9693
0.008421833876539386,0.9694
0.010688710113605726,0.9695
0.013519952098538957,0.9696
0.01703894241826487,0.9697
0.020645020035954698,0.9698
0.025070801956883493,0.9699000000000001
0.030344094783657516,0.9700000000000001
0.036262700234179324,0.9701000000000001
0.04259677603146428,0.9702000000000001
0.049159002308607924,0.9703
0.05589761446239838,0.9704
0.06276156375706543,0.9705
0.06966381031873747,0.9706
0.07646797526745108,0.9707
0.08319881997219025,0.9708
0.08978911396387768,0.9709000000000001
0.09612971479553867,0.9710000000000001
0.10220560255955402,0.9711000000000001
0.1079506845996755,0.9712000000000001
0.113381281168067,0.9713
0.11849292310987236,0.9714
0.12327731798242914,0.9715
0.12772348244916765,0.9716
0.13181694929413124,0.9717
0.1355417947290385,0.9718
0.13888094881139001,0.9719000000000001
0.14181963852286184,0.9720000000000001
0.14434407138944594,0.9721000000000001
0.14644281228679112,0.9722000000000001
0.14810650286772808,0.9723
0.14932953050255204,0.9724
0.15011017379002034,0.9725
0.15045078518753008,0.9726
0.15035612527026054,0.9727
0.1472790716457174,0.9728
0.1432480914973948,0.9729000000000001
0.13895894351570515,0.9730000000000001
0.13447581362458505,0.9731000000000001
0.12981808143729134,0.9732000000000001
0.12500753194572578,0.9733
0.12006996442358786,0.9734
0.11503841671116166,0.9735
0.10995027181573014,0.9736
0.10484637959471799,0.9737
0.09975992135866774,0.9738
0.09467914448977555,0.9739000000000001
0.08969670901266713,0.9740000000000001
0.08485863831214357,0.9741000000000001
0.0802067727748117,0.9742000000000001
0.0757764825467856,0.9743
0.07159478338330705,0.9744
0.06767933762385225,0.9745
0.0640386722749634,0.9746
0.06067473384646571,0.9747
0.05758546429411027,0.9748
0.05472857776838547,0.9749000000000001
0.05173922461974123,0.9750000000000001
0.04896015754183014,0.9751000000000001
0.04642363276534289,0.9752000000000001
0.044068143298710005,0.9753000000000001
0.04142181743178708,0.9754
0.039038630879715486,0.9755
0.0370050025470785,0.9756
0.03513273399081829,0.9757
0.03291252448214599,0.9758
0.031029656564576902,0.9759000000000001
0.02930768774798831,0.9760000000000001
0.02773646701309107,0.9761000000000001
0.026365025413502385,0.9762000000000001
0.02517472871594406,0.9763000000000001
0.024110602879750864,0.9764
0.023319506338826734,0.9765
0.02272757735513342,0.9766
0.022543321099004032,0.9767
0.02297930712752594,0.9768
0.024093657365069632,0.9769000000000001
0.02589939173155642,0.9770000000000001
0.02820622958036445,0.9771000000000001
0.030579083352930914,0.9772000000000001
0.033465112632389715,0.9773000000000001
0.03695429041917131,0.9774
0.04054222729782464,0.9775
0.04453221583507294,0.9776
0.04904205742096557,0.9777
0.053915675441692734,0.9778
0.058999861548566734,0.9779
0.06424923719212772,0.9780000000000001
0.06961029642287353,0.9781000000000001
0.07499297846514619,0.9782000000000001
0.08032220567557491,0.9783000000000001
0.08533265441618232,0.9784
0.09007159875956494,0.9785
0.09463335745881563,0.9786
0.09898966085951433,0.9787
0.10308905191490625,0.9788
0.10689653633633256,0.9789
0.1103791061671835,0.9790000000000001
0.11351530652079755,0.9791000000000001
0.1162903583408863,0.9792000000000001
0.11869503160663031,0.9793000000000001
0.12072182086621375,0.9794
0.12234053973714731,0.9795
0.12331521605969586,0.9796
0.12387874384964725,0.9797
0.12403983960020204,0.9798
0.12380100970162933,0.9799
0.12316434048826463,0.9800000000000001
0.12213489107191111,0.9801000000000001
0.12071838657824507,0.9802000000000001
0.11892199576024232,0.9803000000000001
0.11675369028013705,0.9804
0.11422256669037356,0.9805
0.11022077219204862,0.9806
0.10458998273694031,0.9807
0.09883955426201396,0.9808
0.09307033374449136,0.9809
0.08731083426053754,0.9810000000000001
0.08157275906531747,0.9811000000000001
0.07587729349492656,0.9812000000000001
0.0702537383711016,0.9813000000000001
0.06474095874036556,0.9814
0.05938275768948498,0.9815
0.05422395682360226,0.9816
0.04930739920444194,0.9817
0.04467368430928187,0.9818
0.04026804197204603,0.9819
0.03608400297144687,0.9820000000000001
0.032263302856863296,0.9821000000000001
0.028841221362339464,0.9822000000000001
0.02583749253045564,0.9823000000000001
0.02326733639003642,0.9824
0.021145194661550626,0.9825
0.019479056192619693,0.9826
0.017841432323834283,0.9827
0.015724028147117375,0.9828
0.013443103590674355,0.9829
0.011171598038085317,0.9830000000000001
0.009034156328668441,0.9831000000000001
0.007118777764135498,0.9832000000000001
0.005736052626294175,0.9833000000000001
0.0055746619831917865,0.9834
0.0058365860112703505,0.9835
0.005767387724806561,0.9836
0.00662066065571798,0.9837
0.008688824245777882,0.9838
0.010976928057724766,0.9839
0.013895439142098676,0.9840000000000001
0.017460057577277865,0.9841000000000001
0.021147784143105364,0.9842000000000001
0.02565502552386234,0.9843000000000001
0.030997199837224043,0.9844
0.036967662114327116,0.9845
0.04334022218534672,0.9846
0.04992705567710387,0.9847
0.05668050639658828,0.9848
0.06355058577780603,0.9849
0.07045035753931028,0.9850000000000001
0.07725323928651895,0.9851000000000001
0.08397098830602245,0.9852000000000001
0.09053922295619377,0.9853000000000001
0.09685098152375216,0.9854
0.10287384983105508,0.9855
0.10858312068525033,0.9856
0.1139798291403129,0.9857
0.11905674797244914,0.9858
0.12380464300128191,0.9859
0.1282120686631817,0.9860000000000001
0.1322643647480346,0.9861000000000001
0.13594588980742572,0.9862000000000001
0.1392400811472314,0.9863000000000001
0.14213263614197957,0.9864
0.1446100259575117,0.9865
0.14666103143157905,0.9866
0.14827649908301588,0.9867
0.1494512008437493,0.9868
0.15018381215979115,0.9869
0.15047703093638365,0.9870000000000001
0.1503357926214265,0.9871000000000001
0.14684468528226924,0.9872000000000001
0.14277456693605395,0.9873000000000001
0.1384624631154493,0.9874
0.13396195474672534,0.9875
0.12928813830916264,0.9876
0.12446406686879674,0.9877
0.11951584023792305,0.9878
0.11447750668608447,0.9879
0.10938664853979863,0.9880000000000001
0.10428412091836381,0.9881000000000001
0.0991952792315779,0.9882000000000001
0.0941233871564634,0.9883000000000001
0.08915665557929697,0.9884000000000001
0.08434086978923538,0.9885
0.07971654718395194,0.9886
0.07531748900186486,0.9887
0.07116918008345374,0.9888
0.06728816061278564,0.9889
0.06368221936647767,0.9890000000000001
0.06035282946912157,0.9891000000000001
0.057297485045167296,0.9892000000000001
0.05443448356607039,0.9893000000000001
0.05147147104141303,0.9894000000000001
0.048721304267007826,0.9895
0.04621403668569135,0.9896
0.04382493417114652,0.9897
0.04120559671141244,0.9898
0.03885802458640386,0.9899
0.03686415404305432,0.9900000000000001
0.0349347917931655,0.9901000000000001
0.03275221284711871,0.9902000000000001
0.030885725793977192,0.9903000000000001
0.029190923669090818,0.9904000000000001
0.027658368086979523,0.9905
0.026300800762978582,0.9906
0.0251149582991812,0.9907
0.024045622152275348,0.9908
0.02330198872373246,0.9909
0.02270839296889471,0.991
0.02258377313446891,0.9911000000000001
0.023090582859754294,0.9912000000000001
0.024278953143177073,0.9913000000000001
0.026157529412811797,0.9914000000000001
0.028453562695510914,0.9915
0.03089302481370826,0.9916
0.03384760245926732,0.9917
0.03739691820637314,0.9918
0.04098077709411618,0.9919
0.04501925644185789,0.992
0.0495735380606146,0.9921000000000001
0.054479673911376425,0.9922000000000001
0.059583006338376654,0.9923000000000001
0.06484104002385904,0.9924000000000001
0.07020172626326016,0.9925
0.07557585670090294,0.9926
0.0808891385189866,0.9927
0.08586310095384708,0.9928
0.09058052217105905,0.9929
0.0951150134967208,0.993
0.09943858918453763,0.9931000000000001
0.10350065097261707,0.9932000000000001
0.10726754297410424,0.9933000000000001
0.11070715242007012,0.9934000000000001
0.11379887938844269,0.9935
0.11652853208196778,0.9936
0.11888728800187054,0.9937
0.12086784762861591,0.9938
0.12240724411767434,0.9939
0.12333422413697925,0.994
0.12385150398232891,0.9941000000000001
0.12396678259455718,0.9942000000000001
0.12368236724906456,0.9943000000000001
0.12300059950639586,0.9944000000000001
0.12192659371086834,0.9945
0.12046625498804908,0.9946
0.1186269228551956,0.9947
0.11641675542720997,0.9948
0.11384500939112385,0.9949
0.10954844081734527,0.995
0.10389955150291574,0.9951000000000001
0.09814643100231502,0.9952000000000001
0.09237980825304459,0.9953000000000001
0.08662404291319892,0.9954000000000001
0.08089200696123267,0.9955
0.07520516380497755,0.9956
0.0695940080700097,0.9957
0.06409810819786332,0.9958
0.058761512060583554,0.9959
0.05362879838089474,0.996
0.04874264394606054,0.9961000000000001
0.04414351602360611,0.9962000000000001
0.03974169895319535,0.9963000000000001
0.035594998743995854,0.9964000000000001
0.03181779124627915,0.9965
0.028442723965690142,0.9966
0.025488586613328534,0.9967
0.02297065028338574,0.9968
0.020902619997467564,0.9969
0.019291254594323348,0.997
0.0175587921014575,0.9971000000000001
0.015440445440569661,0.9972000000000001
0.013167428706188034,0.9973000000000001
0.010903630647443041,0.9974000000000001
0.008770229065653723,0.9975
0.006862044010828905,0.9976
0.005683239590890787,0.9977
0.005587888363390414,0.9978
0.005800490257878543,0.9979
0.005786084651865142,0.998
0.0067437751953882685,0.9981000000000001
0.0089055998271661,0.9982000000000001
0.011067071149078345,0.9983000000000001
0.014128058920018116,0.9984000000000001
0.017815720470616192,0.9985
0.021614935363947874,0.9986
0.02622216874359906,0.9987
0.031648532942399665,0.9988
0.03768605378276324,0.9989
0.044111127746876866,0.999
0.050734026907349516,0.9991000000000001
0.05751120127656062,0.9992000000000001
0.06439374962297884,0.9993000000000001
0.0712951056413933,0.9994000000000001
0.07808408174113723,0.9995
0.08479462078664746,0.9996
0.09134554942700768,0.9997
0.097625433695537,0.9998
0.10360202495592508,0.9999
0.10927570555187605,1.0
