glottal gap,time
0.06000000000000005,0.0
0.06000000000000005,0.0001
0.059494659957234575,0.0002
0.05830360698928394,0.00030000000000000003
0.057098238868880546,0.0004
0.05604261549769518,0.0005
0.05499986800195944,0.0006000000000000001
0.05394982152483774,0.0007
0.052855966625172224,0.0008
0.05173032238726738,0.0009000000000000001
0.05058283618579762,0.001
0.04943259168755465,0.0011
0.04828900599256092,0.0012000000000000001
0.04716872812212669,0.0013000000000000002
0.04609030159961258,0.0014
0.04507722744263454,0.0015
0.044150281621854415,0.0016
0.04332189275561671,0.0017000000000000001
0.04258824072041367,0.0018000000000000002
0.04193489743714296,0.0019
0.041399440505399676,0.002
0.040998726900904,0.0021000000000000003
0.04064971012609697,0.0022
0.04033646202909735,0.0023
0.04012713994744099,0.0024000000000000002
0.04009941681578799,0.0025
0.04032908002781466,0.0026000000000000003
0.04086504752940434,0.0027
0.0416615092191126,0.0028
0.04264816632197799,0.0029000000000000002
0.043828963982519564,0.003
0.04517383185256074,0.0031000000000000003
0.046623255828045496,0.0032
0.04815752414083274,0.0033
0.049787752988646794,0.0034000000000000002
0.05154809964098095,0.0035
0.0534734644691659,0.0036000000000000003
0.055587670929862165,0.0037
0.057900879383575576,0.0038
0.06041222069297991,0.0039000000000000003
0.06311350304318797,0.004
0.06599270213987152,0.0041
0.06903455708261752,0.004200000000000001
0.07221979519807908,0.0043
0.0755252947466235,0.0044
0.07892553670882974,0.0045000000000000005
0.08239412779058197,0.0046
0.0859059265301283,0.0047
0.08943846264057198,0.0048000000000000004
0.09297276205876803,0.0049
0.09647589440004556,0.005
0.099663245622447,0.0051
0.10284309811506187,0.005200000000000001
0.10601136422955548,0.0053
0.108051134896193,0.0054
0.10863243992885119,0.0055000000000000005
0.1091611828410699,0.0056
0.10978419427828401,0.0057
0.11013299565903623,0.0058000000000000005
0.11037555564775736,0.0059
0.11065108697479231,0.006
0.11093663853512381,0.0061
0.1111602580103358,0.006200000000000001
0.11108650111044327,0.0063
0.11104138831951205,0.0064
0.11105149765465072,0.006500000000000001
0.11112841547940178,0.0066
0.11126821600497883,0.0067
0.11124468687307243,0.0068000000000000005
0.11130216633835899,0.006900000000000001
0.1114401590925781,0.007
0.111643346798175,0.0071
0.11188911422540393,0.007200000000000001
0.11215367331059678,0.0073
0.11241315011446351,0.0074
0.11264616607307076,0.007500000000000001
0.11283402418460775,0.0076
0.11296118730927907,0.0077
0.11301640491416454,0.0078000000000000005
0.112993501989467,0.0079
0.1128919319317282,0.008
0.11271635430666838,0.0081
0.11247437651426762,0.0082
0.11217342873122993,0.0083
0.11181684042037965,0.008400000000000001
0.11140103207602958,0.0085
0.11086367772332373,0.0086
0.11008929055279437,0.008700000000000001
0.1092147752668291,0.0088
0.10823677274708521,0.0089
0.10715025593217742,0.009000000000000001
0.10590883028785969,0.0091
0.10436570304554049,0.0092
0.10272502936612016,0.009300000000000001
0.10100408683199802,0.0094
0.09921108054495842,0.0095
0.09735151858117419,0.009600000000000001
0.09543151623413881,0.0097
0.09323914611888995,0.0098
0.09008434857244141,0.0099
0.08665010282786778,0.01
0.08314505897784041,0.010100000000000001
0.0795883590725297,0.0102
0.07609290766306831,0.0103
0.07267176347438953,0.010400000000000001
0.06933475386425014,0.0105
0.06609372627258514,0.0106
0.06296145547046306,0.010700000000000001
0.059951710002063896,0.0108
0.05708662143622356,0.0109
0.05439355608184915,0.011000000000000001
0.05188065380643403,0.0111
0.04954923069235906,0.0112
0.04737269230493002,0.011300000000000001
0.045294859857459846,0.0114
0.04341546676730834,0.0115
0.04174894382490546,0.011600000000000001
0.04030391669425315,0.0117
0.03908852028154719,0.0118
0.03811087873374808,0.0119
0.037376748712414365,0.012
0.036888875165017376,0.012100000000000001
0.03664534497686467,0.0122
0.0366399327272926,0.0123
0.03686356049517725,0.012400000000000001
0.037305423475483934,0.0125
0.03795352255886919,0.0126
0.0387361451161623,0.012700000000000001
0.03959762728724958,0.0128
0.04058940399595623,0.0129
0.041729991828532986,0.013000000000000001
0.04298662551984034,0.0131
0.04433606529040501,0.0132
0.045757735930560095,0.013300000000000001
0.04723701261001523,0.0134
0.048758221210336794,0.0135
0.050303295397985615,0.013600000000000001
0.05185297358271446,0.0137
0.05338746915867221,0.013800000000000002
0.054887193214747665,0.013900000000000001
0.0563339755726191,0.014
0.057711522851976005,0.014100000000000001
0.05900471490456072,0.0142
0.06019950694245213,0.0143
0.06128309152692457,0.014400000000000001
0.06224382931564498,0.0145
0.06307158679750235,0.0146
0.06375796500546083,0.014700000000000001
0.06429639573230783,0.0148
0.06468212557383979,0.0149
0.06491234547129521,0.015000000000000001
0.06498618449825444,0.0151
0.06490496159254211,0.0152
0.06467230807732427,0.015300000000000001
0.06429432715704886,0.0154
0.06377946964821701,0.0155
0.06313827715070353,0.015600000000000001
0.062382942371195904,0.015700000000000002
0.06152697968122778,0.0158
0.060584967422098845,0.0159
0.05957251254513252,0.016
0.05850617918569956,0.0161
0.05740342262535436,0.0162
0.056282377062709665,0.016300000000000002
0.055161651029837167,0.0164
0.054060100035800085,0.0165
0.05299667254408136,0.0166
0.05199023061420038,0.0167
0.05105937061416599,0.016800000000000002
0.05022216330648477,0.016900000000000002
0.04949588219269874,0.017
0.048896689871974264,0.0171
0.048439359806117244,0.0172
0.048137007958684475,0.0173
0.048000891788704925,0.017400000000000002
0.04804024836330889,0.0175
0.04826221028412592,0.0176
0.048671764605418666,0.0177
0.049271772253558055,0.0178
0.05006300671031294,0.0179
0.05104421813655091,0.018000000000000002
0.052212189482851334,0.0181
0.05356179881373335,0.0182
0.05508607526534215,0.0183
0.056776275587187675,0.0184
0.058621978784457074,0.018500000000000003
0.06061121916552925,0.018600000000000002
0.06273064437003917,0.0187
0.06496570130626289,0.0188
0.06730082808102944,0.0189
0.06971965076267572,0.019
0.07205035818291494,0.019100000000000002
0.07440450804144405,0.019200000000000002
0.07681160695647005,0.0193
0.07925610434551811,0.0194
0.08171866384927196,0.0195
0.08418103629134244,0.0196
0.08662525918001307,0.019700000000000002
0.0888068294245663,0.0198
0.09021987467534942,0.0199
0.09127529795676292,0.02
0.09223805330717338,0.0201
0.09324534586118238,0.020200000000000003
0.09429690708430072,0.020300000000000002
0.09538688253334804,0.0204
0.09644877016239228,0.0205
0.09736184748138721,0.0206
0.09830578888570707,0.0207
0.09928279790671724,0.020800000000000003
0.10028390676822296,0.020900000000000002
0.10129683938656253,0.021
0.10230894135764546,0.0211
0.10330672460391199,0.0212
0.1042766367616168,0.0213
0.10520434013960478,0.021400000000000002
0.10607500583179008,0.021500000000000002
0.10687416326877919,0.0216
0.1075880902850892,0.0217
0.10820390503446331,0.0218
0.10869481582291785,0.0219
0.10902445826752338,0.022000000000000002
0.10923738208433864,0.0221
0.10932335390225956,0.0222
0.10927169681152715,0.0223
0.1090752897161742,0.0224
0.10873312252675493,0.022500000000000003
0.10825044088775027,0.022600000000000002
0.10763748382734417,0.0227
0.10690648324918428,0.0228
0.10606852429476843,0.0229
0.10512588436247272,0.023
0.10404124569243489,0.023100000000000002
0.1028575950112598,0.023200000000000002
0.10157871307316657,0.0233
0.10020753156441953,0.0234
0.09874781855987202,0.0235
0.09720469704932777,0.0236
0.09558403052958664,0.023700000000000002
0.09389212344791675,0.0238
0.09213537733170007,0.0239
0.09032036004687471,0.024
0.08845388845492919,0.0241
0.08654301086664651,0.024200000000000003
0.08459488392286807,0.024300000000000002
0.08261659137272781,0.0244
0.08061491006920596,0.0245
0.07859612112867775,0.0246
0.0764952414650466,0.0247
0.07393500059564062,0.024800000000000003
0.07096262170924739,0.024900000000000002
0.06790890114105386,0.025
0.06486176163155999,0.0251
0.06178340128915483,0.0252
0.058745420876465504,0.0253
0.05579271764663485,0.025400000000000002
0.052946545751996865,0.025500000000000002
0.05022064766795098,0.0256
0.04762566975953808,0.0257
0.04517545563102643,0.0258
0.04288507937830022,0.025900000000000003
0.04077210171076473,0.026000000000000002
0.03885525893969155,0.0261
0.037154456215363396,0.0262
0.03568936330627959,0.0263
0.03445985510384819,0.0264
0.03327280317642933,0.026500000000000003
0.03236999826795017,0.026600000000000002
0.03178796664729533,0.0267
0.03153581492749935,0.0268
0.03161225849077409,0.0269
0.032012219167531164,0.027
0.03272262023600603,0.027100000000000003
0.033725179674033434,0.027200000000000002
0.03499642716835982,0.0273
0.036509888880097874,0.0274
0.038177800253082594,0.0275
0.03992852494047017,0.027600000000000003
0.041801133346258235,0.027700000000000002
0.0438060612663107,0.027800000000000002
0.045903984225808436,0.0279
0.04806570248529507,0.028
0.0502652523139131,0.0281
0.052483456535000306,0.028200000000000003
0.05470089739894357,0.028300000000000002
0.05689670869483954,0.0284
0.05904977062811634,0.0285
0.0611392350081541,0.0286
0.0631450080829179,0.0287
0.06504898704454087,0.028800000000000003
0.06683563531526127,0.028900000000000002
0.06849152085122379,0.029
0.07000520426078571,0.0291
0.07136719787809065,0.0292
0.07256936177476592,0.029300000000000003
0.07360473674336565,0.029400000000000003
0.07446739251514856,0.029500000000000002
0.07515245836309126,0.0296
0.07565620335454315,0.0297
0.07597639059042938,0.0298
0.07611242788292116,0.029900000000000003
0.07606575626443524,0.030000000000000002
0.07584003857105581,0.030100000000000002
0.07544139797024507,0.0302
0.07487833007364142,0.0303
0.0741614548242221,0.0304
0.07330299421716069,0.030500000000000003
0.07231630952524348,0.030600000000000002
0.07121547336203271,0.0307
0.07001511667583038,0.0308
0.06873031435260102,0.0309
0.06737658552556702,0.031
0.06596981440639627,0.031100000000000003
0.06452623200898422,0.031200000000000002
0.06306238183536805,0.0313
0.061595168304984904,0.031400000000000004
0.06014185915762116,0.0315
0.05872006843504951,0.0316
0.057347605475248864,0.0317
0.05604225941208685,0.0318
0.05482147402704385,0.031900000000000005
0.05370201302516109,0.032
0.052699600739793295,0.032100000000000004
0.05187880204974937,0.0322
0.051280855080997556,0.0323
0.05077678800564267,0.0324
0.05030805288291318,0.0325
0.050029288059151966,0.032600000000000004
0.04995338131790272,0.0327
0.05007377889625553,0.0328
0.05038552273997721,0.0329
0.050884615633610686,0.033
0.051568202278862385,0.033100000000000004
0.052432925644053885,0.0332
0.05347489819511786,0.0333
0.054689353323447376,0.0334
0.05606918141479933,0.0335
0.05760552123218665,0.033600000000000005
0.059288107724496664,0.0337
0.0611054487810091,0.033800000000000004
0.06303152544243662,0.0339
0.06499312927599932,0.034
0.06705757593032391,0.0341
0.06921417535714558,0.0342
0.07144980469450635,0.034300000000000004
0.07375044117988871,0.0344
0.07610190288200214,0.0345
0.07848968819993918,0.0346
0.08089867088528768,0.0347
0.08331326771651026,0.034800000000000005
0.08571800618377967,0.0349
0.08806228379073588,0.035
0.09035811667977378,0.0351
0.09254848685322037,0.0352
0.09464629398816793,0.035300000000000005
0.09664834250473997,0.0354
0.09854933373999897,0.035500000000000004
0.10034673010285755,0.0356
0.1020139884120671,0.0357
0.10355850563130575,0.0358
0.10496548088529589,0.0359
0.10621804605760288,0.036000000000000004
0.10728750852922808,0.0361
0.1081614795920588,0.0362
0.10877469960640573,0.0363
0.10921026098498787,0.0364
0.10946466496663154,0.036500000000000005
0.10953290702310448,0.0366
0.10941168477543273,0.0367
0.10910069705531189,0.0368
0.10860208231835355,0.0369
0.1079201262590882,0.037000000000000005
0.1070603396976696,0.0371
0.10602921673156396,0.037200000000000004
0.10483398192502535,0.0373
0.10348247743941985,0.0374
0.10198326942927749,0.0375
0.10034586904407305,0.0376
0.09858090994106916,0.037700000000000004
0.09670019308531785,0.0378
0.09471646598937622,0.0379
0.09264297616533879,0.038
0.0904927392536593,0.0381
0.08827783515509469,0.038200000000000005
0.08600959820888643,0.0383
0.08369997730465717,0.038400000000000004
0.08136199445294834,0.0385
0.0790084272499253,0.0386
0.07665131962637806,0.038700000000000005
0.0743027926575821,0.0388
0.07197485508521329,0.038900000000000004
0.06967885953268382,0.039
0.06742568212756428,0.0391
0.06522555454750856,0.0392
0.0630877252938552,0.0393
0.06088865780293007,0.039400000000000004
0.058621599493269505,0.0395
0.056220695799934495,0.0396
0.05351300350342303,0.0397
0.05063988275324438,0.0398
0.04785139988727094,0.039900000000000005
0.045183661332363956,0.04
0.04266340673391866,0.040100000000000004
0.04031391813199692,0.0402
0.03809447326103177,0.0403
0.03596906882995299,0.040400000000000005
0.034060134192302804,0.0405
0.03240138747201615,0.040600000000000004
0.03101745370994724,0.0407
0.029930917465748053,0.0408
0.029163154655123646,0.0409
0.028732118362470915,0.041
0.028591076083769096,0.041100000000000005
0.028521219599231484,0.0412
0.028828384455124034,0.0413
0.02954958923222084,0.0414
0.030675007258893494,0.0415
0.0321788801200662,0.041600000000000005
0.03403160079367917,0.0417
0.036194978806191935,0.041800000000000004
0.03862647971641642,0.0419
0.04121539325540913,0.042
0.04386671762842864,0.042100000000000005
0.04660558629980405,0.0422
0.049432527793966896,0.042300000000000004
0.052299981432370135,0.0424
0.055174870670406495,0.0425
0.05802130944787498,0.0426
0.06078290128755637,0.0427
0.06353906054561786,0.042800000000000005
0.06626411489486117,0.0429
0.0688868169609107,0.043000000000000003
0.07135366058307613,0.0431
0.07368309651630467,0.0432
0.07586140609956471,0.043300000000000005
0.07787407287495662,0.0434
0.07970740844287438,0.043500000000000004
0.08134984996530514,0.0436
0.08279232108731949,0.0437
0.0840281074757836,0.0438
0.08505257141983569,0.0439
0.08586277280300769,0.044000000000000004
0.08645697096062233,0.0441
0.08683415661109262,0.0442
0.08699404990225845,0.0443
0.0869371334011576,0.0444
0.08666505422188742,0.044500000000000005
0.0861809389802436,0.0446
0.08548984531889225,0.044700000000000004
0.0845989305484105,0.0448
0.08351750301095218,0.0449
0.08225677773557838,0.045000000000000005
0.08082959244814591,0.0451
0.07925000409944905,0.045200000000000004
0.07753303159298908,0.0453
0.07569435993660645,0.0454
0.07375016290483327,0.0455
0.07171690604292824,0.0456
0.06961130061648757,0.045700000000000005
0.06745032419193864,0.0458
0.06525138081942283,0.0459
0.06295366732201946,0.046
0.06062035896567963,0.0461
0.0583138886692387,0.046200000000000005
0.05606560935583538,0.0463
0.05391041707037125,0.046400000000000004
0.05186498711107013,0.0465
0.04993958741877447,0.0466
0.04815628311590325,0.046700000000000005
0.046529417870832646,0.0468
0.045067844504486754,0.046900000000000004
0.04378295810340127,0.047
0.0426637330660129,0.0471
0.041686416335982024,0.0472
0.04093985795000088,0.0473
0.040439800545812865,0.047400000000000005
0.04019776537931419,0.0475
0.04022221444388063,0.0476
0.04051938537239819,0.0477
0.04109251201599817,0.0478
0.041941275326909944,0.047900000000000005
0.043062296153074664,0.048
0.044449377169120785,0.048100000000000004
0.046093318446319254,0.0482
0.04798237659647464,0.0483
0.05010288294982179,0.048400000000000006
0.05235969839756227,0.0485
0.05481289536256906,0.048600000000000004
0.057460334256489,0.0487
0.0602856037004017,0.0488
0.06326914111891246,0.0489
0.0663902077683769,0.049
0.06962618150694744,0.049100000000000005
0.07294636970630519,0.0492
0.07631238104057003,0.049300000000000004
0.07969947952271905,0.0494
0.08308895300703456,0.0495
0.08645259086809198,0.049600000000000005
0.0897674337202623,0.0497
0.093015680484697,0.049800000000000004
0.09617868903360438,0.0499
0.0992265013790743,0.05
0.10209083329286606,0.050100000000000006
0.10483234041019485,0.0502
0.10743484387275504,0.050300000000000004
0.1098788291029491,0.0504
0.11214529710220433,0.0505
0.11421710216725389,0.0506
0.1160782559765221,0.0507
0.11771427782693322,0.050800000000000005
0.11911210925257887,0.0509
0.12026015717214633,0.051000000000000004
0.12114858000213302,0.0511
0.12176934915171733,0.0512
0.12210566764010977,0.051300000000000005
0.12209454837931244,0.0514
0.12179630386047424,0.051500000000000004
0.12029162814787686,0.0516
0.11821566675662054,0.0517
0.11592087776324023,0.051800000000000006
0.11343317318011359,0.0519
0.11074593226578822,0.052000000000000005
0.10781994136888351,0.0521
0.1047491453616669,0.0522
0.10155843808587917,0.0523
0.09827442225069682,0.0524
0.09492315508533111,0.052500000000000005
0.09152929775672725,0.0526
0.08811605993625016,0.052700000000000004
0.08470610860765404,0.0528
0.08132228554618648,0.0529
0.07798653170900238,0.053000000000000005
0.07471821786647503,0.0531
0.07153411333612936,0.053200000000000004
0.06837033482969024,0.0533
0.06525478829292752,0.0534
0.06224900479949691,0.053500000000000006
0.05936771033232646,0.0536
0.05662001199043476,0.053700000000000005
0.05401266932739479,0.0538
0.05155160228298006,0.0539
0.04924337333181095,0.054
0.04709585673746797,0.0541
0.04511863204028299,0.054200000000000005
0.04311181726264568,0.0543
0.04107702313866013,0.054400000000000004
0.03892707026104847,0.0545
0.036329660253833884,0.0546
0.03348589818355974,0.054700000000000006
0.030797660612572164,0.0548
0.028396552741894565,0.054900000000000004
0.026340651339412213,0.055
0.024681008670845772,0.0551
0.023455522400028128,0.055200000000000006
0.022691349155054885,0.0553
0.022196742883794363,0.055400000000000005
0.021995625993595835,0.0555
0.022278710087594522,0.055600000000000004
0.023010596171258557,0.0557
0.02414943210521181,0.0558
0.025574184593571747,0.055900000000000005
0.027091514758591284,0.056
0.02913943103151051,0.056100000000000004
0.03174027478566743,0.0562
0.034816183504110976,0.0563
0.038290572902648146,0.056400000000000006
0.042023104651139676,0.0565
0.045889567461456116,0.056600000000000004
0.049877305256334825,0.0567
0.053954029692450556,0.0568
0.057902186673472356,0.056900000000000006
0.06171632029689056,0.057
0.06555125699223241,0.057100000000000005
0.06936579776433649,0.0572
0.07310938182993643,0.057300000000000004
0.07674630643030322,0.0574
0.08024465884341891,0.0575
0.08354142090771721,0.057600000000000005
0.08658201317396674,0.0577
0.08938365624932176,0.057800000000000004
0.09195218236860636,0.0579
0.09427149762402931,0.058
0.09623976451746252,0.058100000000000006
0.09785768866213795,0.0582
0.0991767056023315,0.058300000000000005
0.10020145589712048,0.0584
0.10093418323852787,0.0585
0.10137875700006427,0.058600000000000006
0.10154082558066468,0.0587
0.10142703325948477,0.058800000000000005
0.10104401842557198,0.0589
0.10039813134805797,0.059000000000000004
0.09949499438965537,0.0591
0.09834500503141264,0.0592
0.09696010478402828,0.059300000000000005
0.09534770347988752,0.0594
0.09351654544368082,0.059500000000000004
0.09147529638346075,0.0596
0.08923035700810655,0.0597
0.08678929067854935,0.059800000000000006
0.08408132345154484,0.0599
0.08112509241114485,0.060000000000000005
0.07803205061071239,0.0601
0.07482443601491906,0.060200000000000004
0.07132740509745672,0.0603
0.06721115881451001,0.0604
0.06317388324683759,0.060500000000000005
0.05927128705735463,0.0606
0.055518487260616034,0.060700000000000004
0.0518902846087137,0.0608
0.048313511615832416,0.0609
0.04491602313212972,0.061000000000000006
0.041732812578511025,0.0611
0.03879949408647998,0.061200000000000004
0.036151491284105,0.0613
0.03381944793055269,0.0614
0.03183082674294857,0.061500000000000006
0.03020986215152699,0.0616
0.028923397725646005,0.061700000000000005
0.02797693746866603,0.0618
0.027360017113615243,0.061900000000000004
0.02697932319860774,0.062
0.02676220775694138,0.0621
0.026588941989970083,0.062200000000000005
0.02661066477083751,0.0623
0.026835408542760675,0.062400000000000004
0.027453614940608384,0.0625
0.028501514764851743,0.0626
0.029995369124119264,0.0627
0.031936805952331504,0.06280000000000001
0.034314669262240693,0.0629
0.03710880972470054,0.063
0.04028793326107594,0.0631
0.043811090727899904,0.0632
0.04732416896560099,0.06330000000000001
0.05100098216261051,0.0634
0.054989328380810276,0.0635
0.05926166458000304,0.0636
0.06376645491469612,0.0637
0.06844699605709637,0.06380000000000001
0.07296341384519245,0.0639
0.07753931494374666,0.064
0.08219786533540996,0.0641
0.08688234765524083,0.06420000000000001
0.09153691534407771,0.06430000000000001
0.09611286437877142,0.0644
0.10056837099958871,0.0645
0.10486770932033562,0.0646
0.10897915850419859,0.06470000000000001
0.11287125030748468,0.0648
0.1165143855877886,0.0649
0.1198874029511473,0.065
0.12297045166896858,0.0651
0.1257463906132108,0.06520000000000001
0.12820256145714992,0.0653
0.13032882057260486,0.0654
0.132115737612852,0.0655
0.13355331616430766,0.0656
0.13463197088663226,0.06570000000000001
0.135343914824398,0.0658
0.13568345840951213,0.0659
0.13564768299584262,0.066
0.13523616542937045,0.0661
0.1332582568305507,0.06620000000000001
0.12986977264276056,0.0663
0.1262253580482785,0.0664
0.12233560664349341,0.0665
0.11829536751716418,0.0666
0.11411952877117648,0.06670000000000001
0.10982396982988096,0.0668
0.10543130463402162,0.0669
0.1009745050244889,0.067
0.09648998616282012,0.0671
0.09201132035480242,0.06720000000000001
0.08756872152493322,0.0673
0.08319109228567245,0.0674
0.07884142179495601,0.0675
0.0745765809985206,0.06760000000000001
0.07044638273347104,0.06770000000000001
0.06647930932054336,0.0678
0.06269805527599981,0.0679
0.05912050994855256,0.068
0.05575915352039251,0.06810000000000001
0.052620702528173524,0.0682
0.04970674024850763,0.0683
0.04696819093407578,0.0684
0.044069270998082555,0.0685
0.04135279166421091,0.06860000000000001
0.038859648294600424,0.0687
0.03660709594206413,0.0688
0.03460984246029075,0.0689
0.03240064453795832,0.069
0.030159731539169954,0.06910000000000001
0.027625684955690177,0.0692
0.02476907250161675,0.0693
0.021956582509948586,0.0694
0.019523280456307912,0.0695
0.017558310349730544,0.06960000000000001
0.01613295957720684,0.0697
0.015307943496434495,0.0698
0.01512821209615045,0.0699
0.015607519721748009,0.07
0.01612975592617172,0.07010000000000001
0.017197295860151618,0.0702
0.01898319942310489,0.0703
0.021386800019217667,0.0704
0.02383248732871701,0.07050000000000001
0.02659595313528107,0.07060000000000001
0.030061675635368657,0.0707
0.034142189949812884,0.0708
0.038720987583617195,0.0709
0.04361256533390856,0.07100000000000001
0.048670716837127204,0.0711
0.053864097167103386,0.0712
0.05914746681539507,0.0713
0.0641057691204242,0.0714
0.06909257934840674,0.07150000000000001
0.07406119236686082,0.0716
0.07893945000974845,0.0717
0.08362403047272493,0.0718
0.0880439707083509,0.0719
0.0922057362344344,0.07200000000000001
0.09611547011837385,0.0721
0.09975447787962621,0.0722
0.1031083606969132,0.0723
0.10615632652834273,0.0724
0.10888459101677173,0.07250000000000001
0.11128185346364639,0.0726
0.11333841608978512,0.0727
0.1148190668465624,0.0728
0.11592261484184385,0.0729
0.11665614799816637,0.07300000000000001
0.11702273502875649,0.0731
0.11702681531674308,0.0732
0.11667695337940365,0.0733
0.11598271596984311,0.0734
0.11495453403700684,0.07350000000000001
0.1136017816398438,0.0736
0.11193297441008332,0.0737
0.1099561281116519,0.0738
0.10767967844002846,0.07390000000000001
0.10511730489940374,0.07400000000000001
0.10228524934600791,0.0741
0.09746481159494047,0.0742
0.09235906230503332,0.0743
0.08723789509620117,0.07440000000000001
0.08213902042978882,0.0745
0.07707085463754171,0.0746
0.07205166480751668,0.0747
0.06710896084200912,0.0748
0.06228216223639638,0.07490000000000001
0.057610922270999954,0.075
0.053132914021967625,0.0751
0.0488825039667502,0.0752
0.04489216899496418,0.0753
0.041194458789802324,0.07540000000000001
0.03782224378492849,0.0755
0.03480627136872605,0.0756
0.032173496175698535,0.0757
0.029944672877471712,0.0758
0.02813424425234734,0.07590000000000001
0.02657507158534078,0.076
0.02507614670697822,0.0761
0.023931402479115294,0.0762
0.023165034733190204,0.0763
0.02269032123518433,0.07640000000000001
0.022373040255303067,0.0765
0.02199700403394833,0.0766
0.02143807328230385,0.0767
0.020937861095430277,0.07680000000000001
0.020709914310952815,0.07690000000000001
0.020982670331415765,0.077
0.021833557175060303,0.0771
0.02329964935001283,0.0772
0.025382279734208257,0.07730000000000001
0.02805113391968672,0.07740000000000001
0.03125828097119898,0.0775
0.034901274271639915,0.0776
0.03836033736198763,0.0777
0.042245890704947,0.07780000000000001
0.046596014119362206,0.0779
0.05133238292685349,0.078
0.05608305536532754,0.0781
0.06104203942218733,0.0782
0.06618421395498852,0.07830000000000001
0.07149290573833733,0.0784
0.07692723284707803,0.0785
0.08240915947069072,0.0786
0.08787156254599537,0.0787
0.09325103290601466,0.07880000000000001
0.09849350740106433,0.0789
0.10354909646921029,0.079
0.10836903916396035,0.0791
0.11291091936337538,0.0792
0.11714795023134283,0.07930000000000001
0.12105976082469916,0.0794
0.1246330149467536,0.0795
0.1278620170688164,0.0796
0.13074351351866176,0.07970000000000001
0.13327273737097078,0.07980000000000001
0.13544138355899704,0.0799
0.1372385927408708,0.08
0.13865325239846826,0.0801
0.1396750585792743,0.08020000000000001
0.14029626033291398,0.08030000000000001
0.1405121850158313,0.0804
0.1403215419725229,0.0805
0.1397256560657415,0.0806
0.1380217942343933,0.08070000000000001
0.13386022721616542,0.08080000000000001
0.1294158106908352,0.0809
0.1248045521000789,0.081
0.12006708753565298,0.0811
0.1152158264729235,0.08120000000000001
0.11026768533790487,0.0813
0.10524381846788833,0.0814
0.10017755492342195,0.0815
0.0951082134928557,0.0816
0.09007357689828277,0.08170000000000001
0.08510794429893909,0.0818
0.08024564586399197,0.0819
0.0755219527875024,0.082
0.07097286675409387,0.0821
0.06663365203136462,0.08220000000000001
0.06253701855518379,0.0823
0.05857585710557678,0.0824
0.05482161026738108,0.0825
0.05133796035739757,0.0826
0.04813342986658298,0.08270000000000001
0.04520601264781843,0.0828
0.04254974416361801,0.0829
0.0400458323596975,0.083
0.037350754393434826,0.08310000000000001
0.034887173598359134,0.08320000000000001
0.032715001934354726,0.0833
0.03085640153232183,0.0834
0.028828967766866942,0.0835
0.026782522348738347,0.08360000000000001
0.02466733179871361,0.08370000000000001
0.02220008778407445,0.0838
0.019688729792332937,0.0839
0.017460146485488437,0.084
0.01571953520297531,0.08410000000000001
0.014562508527729001,0.08420000000000001
0.014065371011084515,0.0843
0.014281617569575022,0.0844
0.015221539800511552,0.0845
0.016418978593350397,0.08460000000000001
0.017949839108362564,0.0847
0.020202337622797772,0.0848
0.023106760392291203,0.0849
0.02608361026387418,0.085
0.029389665095770567,0.08510000000000001
0.03340235984674189,0.0852
0.038020581470307624,0.0853
0.04312249297714876,0.0854
0.04851481903952015,0.0855
0.054046209774784026,0.08560000000000001
0.05968726495240784,0.0857
0.06539208214815861,0.0858
0.07079514211560856,0.0859
0.07614325063490845,0.08600000000000001
0.08142865533456667,0.08610000000000001
0.08654129206215788,0.0862
0.09138421585721801,0.0863
0.09595828551173868,0.0864
0.10026076767041836,0.08650000000000001
0.1042738265586991,0.08660000000000001
0.1079830446264326,0.0867
0.1113705081134223,0.0868
0.11442195447925962,0.0869
0.11712657089369882,0.08700000000000001
0.11947188494694394,0.08710000000000001
0.12139632799711497,0.0872
0.12273995173321939,0.0873
0.12367519562640095,0.0874
0.12420767764036478,0.08750000000000001
0.12434119021127898,0.0876
0.12408165727507803,0.0877
0.12343866099144984,0.0878
0.12242312306607861,0.0879
0.12104664270673482,0.08800000000000001
0.11931968454825437,0.0881
0.11725173706801928,0.0882
0.11485145231115146,0.0883
0.111321795796258,0.0884
0.10602645057689897,0.08850000000000001
0.10060767602991849,0.0886
0.09516526479963228,0.0887
0.08972649553609557,0.0888
0.08429858599165685,0.0889
0.07889906945559377,0.08900000000000001
0.07355592828896451,0.0891
0.06831100995718253,0.0892
0.0632112586167054,0.0893
0.05830256579163429,0.08940000000000001
0.05362719416149786,0.08950000000000001
0.049223145242787814,0.0896
0.04497822753275438,0.0897
0.04101677935877435,0.0898
0.03739628090770708,0.08990000000000001
0.034140414932104735,0.09000000000000001
0.03126711809005833,0.0901
0.02879251704176955,0.0902
0.02672933061446403,0.0903
0.02508778688597091,0.09040000000000001
0.02386880335457553,0.09050000000000001
0.022534784234687688,0.0906
0.02132457163492596,0.0907
0.020333430371827665,0.0908
0.019397296503859573,0.09090000000000001
0.01832668140599525,0.091
0.017132565527068877,0.0911
0.016038845768738597,0.0912
0.015396961810765886,0.0913
0.015364856382386494,0.09140000000000001
0.01603240475396195,0.0915
0.01742936547196905,0.0916
0.019536985258995276,0.0917
0.022299339487889425,0.0918
0.025654012364866752,0.09190000000000001
0.02878627760231356,0.092
0.032351489886256024,0.0921
0.03649881294143276,0.0922
0.04094561926645035,0.09230000000000001
0.04561529392985664,0.09240000000000001
0.05074933899339462,0.0925
0.0562227806852571,0.0926
0.0619076239341908,0.0927
0.06776877182405028,0.09280000000000001
0.07375887502580192,0.09290000000000001
0.07978660532869353,0.093
0.08577342536832344,0.0931
0.09164454330305394,0.0932
0.09734018075538076,0.09330000000000001
0.10280365669620184,0.09340000000000001
0.10798823754403997,0.0935
0.1128642454782085,0.0936
0.11741141911172104,0.0937
0.12161598277134167,0.09380000000000001
0.12547343653635212,0.09390000000000001
0.12898152718852085,0.094
0.13213585164053732,0.0941
0.13492603339838427,0.0942
0.13733826592825737,0.09430000000000001
0.1393571892029426,0.0944
0.1409686675867743,0.0945
0.14216151310385938,0.0946
0.14292900538320974,0.0947
0.14326859528626512,0.09480000000000001
0.14318167329274256,0.0949
0.14267260781726487,0.095
0.14157040016978584,0.0951
0.13724334051387888,0.0952
0.13260423198834748,0.09530000000000001
0.12779187751969723,0.0954
0.12285541857184168,0.0955
0.11780469376738623,0.0956
0.1126545905351014,0.09570000000000001
0.10742113540069576,0.09580000000000001
0.1021337875458963,0.0959
0.09683180024260996,0.096
0.09155704040227963,0.0961
0.08634926733430648,0.09620000000000001
0.08124872932129557,0.09630000000000001
0.07629658043335918,0.0964
0.07153446174734823,0.0965
0.06700197796418639,0.0966
0.06273411637386506,0.09670000000000001
0.05875802712346556,0.09680000000000001
0.05509100823590907,0.0969
0.05152424518962051,0.097
0.04816667835031252,0.0971
0.04508986960509831,0.09720000000000001
0.04229835042636809,0.09730000000000001
0.039785267038768835,0.0974
0.037265606881536684,0.0975
0.034665197236804834,0.0976
0.0323396370582294,0.09770000000000001
0.03035012842721385,0.0978
0.02851476805822095,0.0979
0.02649182239028014,0.098
0.024559823056106822,0.0981
0.022497896609239065,0.09820000000000001
0.020196292908399638,0.0983
0.017937849671772144,0.0984
0.016087494091223453,0.0985
0.014784344401310046,0.09860000000000001
0.014121201944716777,0.09870000000000001
0.01416868388330883,0.0988
0.01496191844362671,0.0989
0.016485954633134847,0.099
0.017979528219853158,0.09910000000000001
0.020071108653901604,0.09920000000000001
0.022852843144571144,0.0993
0.02609576444061079,0.0994
0.02935825138333592,0.0995
0.03330958567145026,0.09960000000000001
0.037907378482963994,0.09970000000000001
0.043038878604363395,0.0998
0.04850662678619733,0.0999
0.05416031495198004,0.1
0.05996033876943041,0.10010000000000001
0.06585562487350105,0.10020000000000001
0.07162277964998576,0.1003
0.07716531653954806,0.1004
0.08262545740485161,0.1005
0.08790515104782448,0.10060000000000001
0.09296896020770562,0.10070000000000001
0.09779283001560524,0.1008
0.10234075595254521,0.1009
0.10659191786964717,0.101
0.11052482121416374,0.10110000000000001
0.11412662118721106,0.1012
0.11738581709558837,0.1013
0.120290487481448,0.1014
0.12282630197227407,0.1015
0.12497967631852813,0.10160000000000001
0.1265334366122648,0.1017
0.1276101590559403,0.1018
0.12826637741349511,0.1019
0.1285066871878957,0.10200000000000001
0.12833552694028239,0.10210000000000001
0.12776082893021568,0.1022
0.12679220233926536,0.1023
0.12544045163785467,0.1024
0.1237159569488242,0.10250000000000001
0.1216283716745491,0.10260000000000001
0.11880562469344425,0.1027
0.11348895326858888,0.1028
0.10798703611201288,0.1029
0.10242358833673015,0.10300000000000001
0.0968356773044935,0.10310000000000001
0.09122785206677753,0.1032
0.08561486668647833,0.1033
0.08002083597896115,0.1034
0.07448696331941496,0.10350000000000001
0.06906124611633135,0.10360000000000001
0.0637920813478291,0.1037
0.05872586494737475,0.1038
0.053906175937229905,0.1039
0.04937181966680004,0.10400000000000001
0.045156509659848076,0.1041
0.041287992372108784,0.1042
0.037788343796740564,0.1043
0.03444607652945986,0.1044
0.031358950229951166,0.10450000000000001
0.028649993369341376,0.1046
0.026349627162486344,0.1047
0.02446758134055904,0.1048
0.023005541929657758,0.10490000000000001
0.021806179731503672,0.10500000000000001
0.020320542435917854,0.1051
0.018992605131767037,0.1052
0.017612487853123637,0.1053
0.016000164762660418,0.10540000000000001
0.01435470558787677,0.10550000000000001
0.012914854167332734,0.1056
0.012020150668039742,0.1057
0.01181034399502523,0.1058
0.012372146996435074,0.10590000000000001
0.013753171751232696,0.10600000000000001
0.01591889486812237,0.1061
0.018781074768702055,0.1062
0.02158040951058182,0.1063
0.024784021407169288,0.10640000000000001
0.02858296131508875,0.10650000000000001
0.032668727073162485,0.1066
0.037104693161624125,0.1067
0.042119344418697136,0.1068
0.04764591677498031,0.10690000000000001
0.05350824955356348,0.10700000000000001
0.05956848536000803,0.1071
0.06579462602611374,0.1072
0.07213913984703646,0.1073
0.07850566375643697,0.10740000000000001
0.08480947873948141,0.1075
0.09097096476533995,0.1076
0.09692296710276249,0.1077
0.10260844006081882,0.1078
0.107991044751507,0.10790000000000001
0.11302779906726057,0.108
0.11775227329461879,0.1081
0.12212556878248682,0.1082
0.12614493249922853,0.10830000000000001
0.12981415597803392,0.10840000000000001
0.13312452065889813,0.1085
0.13606103906616762,0.1086
0.13860640899904564,0.1087
0.14074276230340343,0.10880000000000001
0.14245515436077927,0.10890000000000001
0.1437328292515513,0.109
0.14457017952093698,0.1091
0.1449659527011975,0.1092
0.1449231968757806,0.10930000000000001
0.14444781973443055,0.10940000000000001
0.1432928670165301,0.1095
0.1388861675322921,0.1096
0.1341628763836149,0.1097
0.1292613251978424,0.10980000000000001
0.12423021341955953,0.10990000000000001
0.11907971002532936,0.11
0.11382519637677613,0.1101
0.10848351018958624,0.1102
0.10308511434326939,0.11030000000000001
0.0976704712224663,0.11040000000000001
0.09228296105746647,0.1105
0.08696435784971712,0.1106
0.08175737455793342,0.1107
0.07670572900853401,0.11080000000000001
0.07185303183794534,0.1109
0.06723994888024054,0.111
0.06290155000109132,0.1111
0.05886349276028091,0.11120000000000001
0.05514066495862924,0.11130000000000001
0.05173854315954296,0.1114
0.04832642033099499,0.1115
0.04516296791825147,0.1116
0.04228451934130972,0.11170000000000001
0.03969568464708151,0.11180000000000001
0.037285545155098854,0.1119
0.03461383105997329,0.112
0.03220871157194516,0.1121
0.030153889250987165,0.11220000000000001
0.028379337430424867,0.11230000000000001
0.026324604995308976,0.1124
0.024477686649431174,0.1125
0.02264058087891785,0.1126
0.020539468711170406,0.11270000000000001
0.018403186298886487,0.11280000000000001
0.016529819789786293,0.1129
0.01517148094111187,0.113
0.014433311158991824,0.1131
0.014395725969904571,0.11320000000000001
0.015108630842846749,0.11330000000000001
0.016569667309396463,0.1134
0.018323831124096746,0.1135
0.02036947426188296,0.1136
0.023073228975387883,0.11370000000000001
0.026394640200306574,0.11380000000000001
0.02969340999050374,0.1139
0.033610807513793084,0.114
0.03818446117454877,0.11410000000000001
0.043314607784281645,0.11420000000000001
0.0488050590338831,0.1143
0.054505940118122265,0.1144
0.06037368585545666,0.1145
0.06635492844783497,0.11460000000000001
0.07234457494684632,0.11470000000000001
0.07797506325441705,0.1148
0.08353286029554263,0.1149
0.08892398854200745,0.115
0.09410976339119248,0.11510000000000001
0.099059455301444,0.11520000000000001
0.10373235361166999,0.1153
0.10810358844538637,0.1154
0.11214982723613398,0.1155
0.11585780786205346,0.11560000000000001
0.11921667062076413,0.11570000000000001
0.12221518022902467,0.1158
0.12483955032907568,0.1159
0.12707621882740638,0.116
0.1287415910477545,0.11610000000000001
0.12988642118429117,0.11620000000000001
0.1306014679573675,0.1163
0.1308914320685195,0.1164
0.13076000799270848,0.1165
0.13021391569844587,0.11660000000000001
0.12926186481077162,0.11670000000000001
0.1279138885240514,0.1168
0.12618002004176632,0.1169
0.12406980955541735,0.117
0.11985161267110833,0.11710000000000001
0.1143933739679307,0.11720000000000001
0.10880549037413478,0.1173
0.10317288290414561,0.1174
0.09751852615870205,0.11750000000000001
0.09185488087436655,0.11760000000000001
0.08619747725292659,0.1177
0.08050015780459097,0.1178
0.0748679637255647,0.1179
0.06935240106712004,0.11800000000000001
0.06400109254955721,0.11810000000000001
0.058859125289423275,0.1182
0.053969177283004655,0.1183
0.049369819283695104,0.1184
0.045094065484284185,0.11850000000000001
0.04116837086425007,0.11860000000000001
0.037613193080946905,0.1187
0.03444365430114882,0.1188
0.0314076698118495,0.1189
0.028570111385718633,0.11900000000000001
0.02611589460316166,0.11910000000000001
0.024081710189359562,0.1192
0.02247255543537907,0.1193
0.021279078421187148,0.1194
0.019633659143436066,0.11950000000000001
0.01806816187639737,0.11960000000000001
0.016339082454004172,0.1197
0.014372423348206764,0.1198
0.012442991175375173,0.1199
0.010854034093398246,0.12000000000000001
0.009866805527906086,0.12010000000000001
0.009614882907873046,0.1202
0.010206986596650092,0.1203
0.011681068760862834,0.12040000000000001
0.013969711230989779,0.12050000000000001
0.016581043239891402,0.1206
0.01928740404142526,0.1207
0.022672336974368656,0.1208
0.026510785895766054,0.12090000000000001
0.03050247245766391,0.12100000000000001
0.03519332902860994,0.1211
0.040509256811397165,0.1212
0.046329510976033994,0.1213
0.05246275588361682,0.12140000000000001
0.058769517685833605,0.12150000000000001
0.06522092113088163,0.1216
0.07177212870448402,0.1217
0.0783229347896649,0.1218
0.0847871018776355,0.12190000000000001
0.09108521786709667,0.12200000000000001
0.09715226500527296,0.1221
0.10284535954168095,0.1222
0.10825913873301984,0.1223
0.11338872081537477,0.12240000000000001
0.11822126523962062,0.12250000000000001
0.12274002415158158,0.1226
0.12688492740269175,0.1227
0.1306234531175492,0.1228
0.13399549956270773,0.12290000000000001
0.13698539113509745,0.12300000000000001
0.13957377525906967,0.1231
0.14174153403415213,0.1232
0.1434738069531344,0.1233
0.14476073083752117,0.12340000000000001
0.14559824009776268,0.12350000000000001
0.1459867307471303,0.1236
0.1459308483210472,0.1237
0.14543784424196537,0.12380000000000001
0.14385400089794897,0.12390000000000001
0.13939169049350386,0.124
0.13462919753738756,0.1241
0.129691208005554,0.1242
0.1246204981586152,0.12430000000000001
0.11943166292851004,0.12440000000000001
0.11414555251945191,0.1245
0.10874627742329301,0.1246
0.10328999688210239,0.1247
0.09781967178284989,0.12480000000000001
0.09237993910632059,0.12490000000000001
0.0870138158408219,0.125
0.08176538263426048,0.12510000000000002
0.07667947671327935,0.1252
0.07180010354017674,0.1253
0.06716731017439481,0.1254
0.062814452453957,0.1255
0.058765230956724146,0.12560000000000002
0.05503299311230303,0.1257
0.051621782028473895,0.1258
0.048287918197750246,0.1259
0.04509969831056493,0.126
0.04218802728244264,0.12610000000000002
0.039568648774793935,0.1262
0.037175280906792674,0.1263
0.034480015730848246,0.1264
0.032056673459930574,0.1265
0.029995704668703604,0.12660000000000002
0.02823012569289629,0.1267
0.0261915488258595,0.1268
0.024388703603732464,0.1269
0.02266147103305327,0.127
0.0207058741305437,0.12710000000000002
0.018658894481597743,0.1272
0.016815171743348456,0.1273
0.015472260780087677,0.1274
0.014741430421873813,0.1275
0.014720297396851212,0.12760000000000002
0.015453458793565966,0.1277
0.016925673779524697,0.1278
0.018922006559638715,0.1279
0.020965843964584563,0.128
0.023632440111587716,0.12810000000000002
0.026934701004327266,0.1282
0.030339635487160344,0.1283
0.03426176357408961,0.12840000000000001
0.0388288266186374,0.1285
0.043956279057330905,0.12860000000000002
0.04945338047260184,0.1287
0.05516963185378665,0.1288
0.061061011950584554,0.12890000000000001
0.06707311135498739,0.129
0.07310449939976904,0.1291
0.07885054234994304,0.1292
0.08444089790942311,0.1293
0.08986600294453306,0.12940000000000002
0.09509016894128808,0.1295
0.10008116345065798,0.1296
0.10479512625921572,0.1297
0.10920529762411735,0.1298
0.11328695846088344,0.12990000000000002
0.11702652756230936,0.13
0.12041338521306111,0.1301
0.12343664893348605,0.1302
0.12608263103996187,0.1303
0.1283376486916724,0.13040000000000002
0.13001755900566203,0.1305
0.1311704547092296,0.1306
0.13188899913256968,0.1307
0.13217771198459194,0.1308
0.13203998064279743,0.13090000000000002
0.13148208263734207,0.131
0.13051223330346062,0.1311
0.12914001180499557,0.1312
0.12737515368457442,0.1313
0.1252270779114283,0.13140000000000002
0.11995281579522321,0.1315
0.11440430887748143,0.1316
0.10876627952162032,0.1317
0.10309105294724152,0.1318
0.09738747002266723,0.13190000000000002
0.09167147332781289,0.132
0.0859620430823459,0.1321
0.08029427580993742,0.1322
0.07466408139189729,0.1323
0.0691081483253515,0.13240000000000002
0.06372220032484299,0.1325
0.05855474322742338,0.1326
0.053647450623626636,0.1327
0.04903692834904749,0.1328
0.04475393077915779,0.13290000000000002
0.04082349306922617,0.133
0.037264232870990455,0.1331
0.034090031878353244,0.1332
0.031209935297322522,0.1333
0.028332713751543004,0.13340000000000002
0.025816922989115643,0.1335
0.023721284349865535,0.1336
0.022054429442962764,0.1337
0.02080481725712291,0.1338
0.019099655709919228,0.13390000000000002
0.017359857091151065,0.134
0.015389199124861141,0.1341
0.013225062665143783,0.1342
0.011128420419810992,0.1343
0.009484286754988469,0.13440000000000002
0.008495062902901696,0.1345
0.008302932202508995,0.1346
0.009013263754593437,0.13470000000000001
0.010640511920758655,0.1348
0.013084672762279537,0.13490000000000002
0.015335794651319956,0.135
0.018171074023889622,0.1351
0.021779840948731533,0.13520000000000001
0.025451368599530788,0.1353
0.02963139612152932,0.13540000000000002
0.034566750688165504,0.1355
0.040115907741619994,0.1356
0.04608719867419642,0.13570000000000002
0.052312795561115566,0.1358
0.05875557831852318,0.1359
0.06535881778826236,0.136
0.07202800934214126,0.1361
0.07867254048219552,0.13620000000000002
0.08520949538349121,0.1363
0.0915119905046089,0.1364
0.09752879428132655,0.1365
0.10328692734076905,0.1366
0.10877188677239069,0.13670000000000002
0.1139599090447927,0.1368
0.11883858850280482,0.1369
0.12339576673928132,0.137
0.12760422868554622,0.1371
0.13136064232796318,0.13720000000000002
0.13474378689929412,0.1373
0.13773722023224266,0.1374
0.1403205135881903,0.1375
0.14247431170714875,0.1376
0.1441845992638845,0.13770000000000002
0.14544283722964402,0.1378
0.1462463370498761,0.1379
0.14659679532210224,0.138
0.14649980492122106,0.1381
0.1459634824177939,0.13820000000000002
0.14383028209268933,0.1383
0.1393130327395985,0.1384
0.13451381251956385,0.1385
0.12954309929146357,0.1386
0.12443838115379169,0.13870000000000002
0.1192162692053862,0.1388
0.11389868293147187,0.1389
0.10851038670263369,0.139
0.1030288848920009,0.1391
0.09753539243689802,0.13920000000000002
0.0920767253214344,0.1393
0.08669711170775618,0.1394
0.08144117119938488,0.1395
0.07635451365282508,0.1396
0.07148136628674517,0.13970000000000002
0.06686127962661237,0.1398
0.06252625197055106,0.1399
0.058498295845733406,0.14
0.054788691724956484,0.1401
0.051399639938677355,0.14020000000000002
0.04810789500415291,0.1403
0.04492755234982915,0.1404
0.04202118767070395,0.1405
0.03940887092720491,0.1406
0.03700430053129056,0.14070000000000002
0.034317660440322806,0.1408
0.03191194867495173,0.1409
0.029878192893524336,0.14100000000000001
0.028104815811708317,0.1411
0.02610455606742046,0.14120000000000002
0.024350181174307872,0.1413
0.022688319710697957,0.1414
0.020816166829936922,0.14150000000000001
0.01883420562610083,0.1416
0.017041078735542836,0.14170000000000002
0.015747097318368874,0.1418
0.015063650337881596,0.1419
0.015074428556730135,0.14200000000000002
0.015833332127977773,0.1421
0.01734316702574379,0.1422
0.01931857726711672,0.1423
0.021423741339819502,0.1424
0.024162948321680755,0.14250000000000002
0.027522928087374554,0.1426
0.03100807705129105,0.1427
0.03497287246243941,0.1428
0.03957379840214226,0.1429
0.044730546457533826,0.14300000000000002
0.05025299935770433,0.1431
0.055990330823747714,0.1432
0.061899979311914044,0.1433
0.06792808502447623,0.1434
0.07397360571053646,0.14350000000000002
0.07976214355436817,0.1436
0.08535935642837034,0.1437
0.09078706045700835,0.1438
0.09601191252057562,0.1439
0.10100217979447501,0.14400000000000002
0.10571321452339011,0.1441
0.11011774452888967,0.1442
0.11419044627685737,0.1443
0.11791755529798231,0.1444
0.12128858642783846,0.14450000000000002
0.12429301173456098,0.1446
0.12691759101941458,0.1447
0.12914909972228417,0.1448
0.13078072946987263,0.1449
0.13190414084722457,0.14500000000000002
0.13259239099348596,0.1451
0.13284909584820537,0.1452
0.13267707990540212,0.1453
0.13208229651355818,0.1454
0.13107256542604184,0.14550000000000002
0.1296571871408898,0.1456
0.12784564540324717,0.1457
0.12495386665605879,0.1458
0.11957171895073793,0.1459
0.11398304541147664,0.14600000000000002
0.10831396725702214,0.1461
0.10260613054520207,0.1462
0.096869974900327,0.1463
0.09112242270044868,0.1464
0.08538628848557295,0.14650000000000002
0.07969947660820698,0.1466
0.0741088514970355,0.1467
0.06856790745954988,0.1468
0.06317980044402949,0.1469
0.05801471865022134,0.14700000000000002
0.05311635427312256,0.1471
0.048520211863465335,0.1472
0.04425509499130276,0.14730000000000001
0.04034417720952033,0.1474
0.03680599257004702,0.14750000000000002
0.03365412885282115,0.1476
0.030842170568529337,0.1477
0.027963353422158388,0.14780000000000001
0.025438399022895686,0.1479
0.023335149968229052,0.14800000000000002
0.021664084854652765,0.1481
0.02037385368435829,0.1482
0.018595085140395096,0.14830000000000002
0.016734626195685554,0.1484
0.014596354588083171,0.14850000000000002
0.01229896887252857,0.1486
0.01015589059285782,0.1487
0.00852989741441279,0.14880000000000002
0.007608911426280285,0.1489
0.007538177050271377,0.149
0.008412039856546372,0.1491
0.010216355266066568,0.1492
0.01258019568909452,0.14930000000000002
0.014827550314983506,0.1494
0.017850061530072958,0.1495
0.021585743914040778,0.1496
0.025208863843888762,0.1497
0.029568138267634714,0.14980000000000002
0.03470664972680226,0.1499
0.040435097228676,0.15
0.04655306408992632,0.1501
0.052895671214146844,0.1502
0.059432838871663174,0.15030000000000002
0.06611194988332703,0.1504
0.07283702643995371,0.1505
0.07951738124065377,0.1506
0.08601333609141482,0.1507
0.09230707486867551,0.15080000000000002
0.09834186060084715,0.1509
0.10410408727506171,0.151
0.10958211839682752,0.1511
0.11475657514738502,0.1512
0.11961799466398393,0.15130000000000002
0.12415545661489591,0.1514
0.12832550908904894,0.1515
0.13205395779431783,0.1516
0.13540529771141674,0.1517
0.13836143062797246,0.15180000000000002
0.1409014511044544,0.1519
0.1430064668762394,0.152
0.14466329484336737,0.1521
0.14586443075002598,0.1522
0.14660820852382406,0.15230000000000002
0.14689733373044034,0.1524
0.14673833401967273,0.1525
0.14614010429596536,0.1526
0.1433887598550918,0.1527
0.13882001065986604,0.15280000000000002
0.1339924082649948,0.1529
0.12899986316353373,0.153
0.12387311348949015,0.1531
0.11863012948574159,0.1532
0.11329260023747756,0.15330000000000002
0.10788746592763665,0.1534
0.10240843496019791,0.1535
0.09691038609988234,0.15360000000000001
0.09145374038756549,0.1537
0.0860828918314569,0.15380000000000002
0.08084294009076232,0.1539
0.0757798390786566,0.154
0.07093745766734083,0.15410000000000001
0.06635419972098988,0.1542
0.06206021248887106,0.15430000000000002
0.0580753954791402,0.1544
0.054409170394125406,0.1545
0.051062504322408,0.15460000000000002
0.04778302548917712,0.1547
0.04463146099476756,0.15480000000000002
0.0417558237997564,0.1549
0.03917559552185801,0.155
0.036735132535728354,0.15510000000000002
0.03407918237776575,0.1552
0.03171719906999226,0.1553
0.029734263221510515,0.1554
0.02792320652840985,0.1555
0.02597974797768754,0.15560000000000002
0.024275661858778053,0.1557
0.022657022227288826,0.1558
0.020812939781829964,0.1559
0.01888173761875045,0.156
0.017158009255660245,0.15610000000000002
0.015939431195621134,0.1562
0.01533577590516999,0.1563
0.015428412517820567,0.1564
0.016267706034990947,0.1565
0.01785310541763585,0.15660000000000002
0.019868176241134128,0.1567
0.022046471368394327,0.1568
0.024857399469901953,0.1569
0.02827848618084583,0.157
0.03181247436212198,0.15710000000000002
0.03582961788563521,0.1572
0.0404734114423686,0.1573
0.04566208468257127,0.1574
0.05120551794769823,0.1575
0.05695381073582695,0.15760000000000002
0.06286653195439096,0.1577
0.06889123968270872,0.1578
0.07492731178129086,0.1579
0.08072172371850084,0.158
0.08629909282693005,0.15810000000000002
0.09170001525389593,0.1582
0.09689374316584376,0.1583
0.1018500543003441,0.1584
0.10652464583415377,0.1585
0.11089060707408982,0.15860000000000002
0.11492259598994381,0.1587
0.1186069150141712,0.1588
0.1219331487236961,0.1589
0.12489089622365557,0.159
0.1274670635894607,0.15910000000000002
0.12964864650706676,0.1592
0.13119325155210226,0.1593
0.13226172603497788,0.15940000000000001
0.13289556474734154,0.1595
0.13309749833999895,0.15960000000000002
0.13287010545642042,0.1597
0.13221945504562616,0.1598
0.13115326029405627,0.15990000000000001
0.12968077994621474,0.16
0.1278113504911964,0.16010000000000002
0.12426097920832968,0.1602
0.11882379129956622,0.1603
0.11320791722964063,0.16040000000000001
0.10752015691308525,0.1605
0.10179361684211563,0.16060000000000002
0.09604050392385588,0.1607
0.09027838849487235,0.1608
0.08453336338660511,0.16090000000000002
0.07884557571676565,0.161
0.07326242495740087,0.16110000000000002
0.06775783703768534,0.1612
0.062389427027123356,0.1613
0.057248960184392184,0.16140000000000002
0.05238079344514146,0.1615
0.04782026612643264,0.16160000000000002
0.043595330066613425,0.1617
0.0397271936945125,0.1618
0.03623284036800101,0.16190000000000002
0.033126068364539796,0.162
0.030325733876669814,0.1621
0.027477516094555288,0.1622
0.024988319951697147,0.1623
0.022923800785781046,0.16240000000000002
0.02129179144748572,0.1625
0.019912541066987366,0.1626
0.01809891725877777,0.1627
0.016161620875238425,0.1628
0.013876660112602801,0.16290000000000002
0.011528577005051943,0.163
0.009435610481894452,0.1631
0.007904155510727318,0.1632
0.0071039200653524315,0.1633
0.007195866769342585,0.16340000000000002
0.008257083648173902,0.1635
0.010240714435494125,0.1636
0.012492136898045292,0.1637
0.014864133953087721,0.1638
0.018075070890473555,0.16390000000000002
0.021779930618467835,0.164
0.025548211366517082,0.1641
0.030078822046063936,0.1642
0.03537161666257527,0.1643
0.04122498600354607,0.16440000000000002
0.047443145463795355,0.1645
0.053858743721389546,0.1646
0.060449526661251696,0.1647
0.06716453428314928,0.1648
0.07390720071529322,0.16490000000000002
0.0805744394958916,0.165
0.08699205390519937,0.1651
0.09321197754406696,0.1652
0.09920091835561129,0.1653
0.10493419526390668,0.16540000000000002
0.11037765517157361,0.1655
0.11551729425825397,0.1656
0.12033954732949947,0.16570000000000001
0.12483851693331005,0.1658
0.12897315139112075,0.16590000000000002
0.13265397843690663,0.166
0.13595455408305535,0.1661
0.13885566827618545,0.16620000000000001
0.14133595238362873,0.1663
0.1433771007102923,0.16640000000000002
0.14496712635394626,0.1665
0.14609964262904285,0.1666
0.14677385213924077,0.16670000000000001
0.14699338747210355,0.1668
0.14676549554431506,0.16690000000000002
0.14609956398360446,0.167
0.14275660335342155,0.1671
0.13813527844990325,0.16720000000000002
0.1332787561048523,0.1673
0.12826524381144377,0.16740000000000002
0.12311902125948349,0.1675
0.11785940312060239,0.1676
0.11250791317757058,0.16770000000000002
0.10709308750127977,0.1678
0.10160341254103278,0.16790000000000002
0.0961046413544131,0.168
0.09065469016213046,0.1681
0.08529960769492662,0.16820000000000002
0.08008523456763128,0.1683
0.07505697029956093,0.16840000000000002
0.07025719764040173,0.1685
0.06572260273188779,0.1686
0.06148125525922077,0.16870000000000002
0.05755093221778207,0.1688
0.05393938034992907,0.1689
0.05064661424847672,0.169
0.04736433468972656,0.1691
0.04425614344547979,0.16920000000000002
0.04142929560508524,0.1693
0.038899781237496045,0.1694
0.03641976727410823,0.1695
0.03381145277253683,0.1696
0.031511196334154334,0.16970000000000002
0.029595858090265104,0.1698
0.027748943984690966,0.1699
0.025872129189250304,0.17
0.024221531337330626,0.1701
0.022627176506991198,0.17020000000000002
0.020795848099101955,0.1703
0.01890959819369442,0.1704
0.01726422434778252,0.1705
0.01613332377193477,0.1706
0.015623576681698115,0.17070000000000002
0.015813166842024273,0.1708
0.016747343765617817,0.1709
0.018420507158963595,0.171
0.020457540796872564,0.1711
0.02271884127585122,0.17120000000000002
0.02561242012386522,0.1713
0.02910181022265279,0.1714
0.03267173957320413,0.1715
0.03674406792879559,0.1716
0.04143291890823142,0.17170000000000002
0.04665303255198294,0.1718
0.0522138124014222,0.1719
0.0579665975970689,0.17200000000000001
0.06387336050830139,0.1721
0.06988331430318351,0.17220000000000002
0.0758961414508933,0.1723
0.08167311705989799,0.1724
0.08721523917588225,0.17250000000000001
0.09257253562102674,0.1726
0.09771691774487834,0.17270000000000002
0.10262022840030205,0.1728
0.10723913161892384,0.1729
0.1115474953617901,0.17300000000000001
0.1155202317928945,0.1731
0.11914382264544576,0.17320000000000002
0.12240792996313132,0.1733
0.12530225298254982,0.1734
0.12781382545265996,0.17350000000000002
0.12992713323355587,0.1736
0.13136556860497595,0.17370000000000002
0.1323651921307012,0.1738
0.1329316834708023,0.1739
0.1330668225313396,0.17400000000000002
0.13277303136216756,0.1741
0.13205664475601475,0.17420000000000002
0.1309254113159246,0.1743
0.12938868679366022,0.1744
0.12745575800836206,0.17450000000000002
0.12336049232912794,0.1746
0.11787878684314901,0.17470000000000002
0.11224332474365939,0.1748
0.10654438961458779,0.1749
0.10080731769176154,0.17500000000000002
0.09504522337519183,0.1751
0.08927668056147753,0.1752
0.08353192098825823,0.1753
0.07785374032283388,0.1754
0.07228939827417225,0.17550000000000002
0.06679981807805702,0.1756
0.061463310462783305,0.1757
0.05636269136945504,0.1758
0.05154078387685512,0.1759
0.047031248727750885,0.17600000000000002
0.042861127845215785,0.1761
0.03905163226872421,0.1762
0.03561919480901499,0.1763
0.03257569672455185,0.1764
0.029770135397585662,0.17650000000000002
0.026973574386122356,0.1766
0.024545715613666363,0.1767
0.02254489572085494,0.1768
0.020974706002750088,0.1769
0.019512966830842915,0.17700000000000002
0.017688290894080527,0.1771
0.015631187741884878,0.1772
0.013259640327641042,0.1773
0.010886661736913439,0.1774
0.008861245020123087,0.17750000000000002
0.00744024070625704,0.1776
0.006793681677246699,0.1777
0.007074097744826036,0.1778
0.008332989986863604,0.1779
0.010497079626136774,0.17800000000000002
0.012645140624313767,0.1781
0.015148334837711497,0.1782
0.018547736745857524,0.17830000000000001
0.022257711459868323,0.1784
0.026166286606220224,0.17850000000000002
0.03085072184130122,0.1786
0.03627610921001323,0.1787
0.04223273746066081,0.17880000000000001
0.04852970135089296,0.1789
0.05499844862320491,0.17900000000000002
0.0616237390122546,0.1791
0.06835609390427377,0.1792
0.07509852674224493,0.17930000000000001
0.08172346737038738,0.1794
0.08812670247526466,0.17950000000000002
0.0943156164537935,0.1796
0.1002599414456038,0.1797
0.10594035041068595,0.17980000000000002
0.11132701242951493,0.1799
0.11640860457379887,0.18000000000000002
0.12117253338505729,0.1801
0.12561260428489907,0.1802
0.12964540573164574,0.18030000000000002
0.13326199337078137,0.1804
0.13649560042367959,0.18050000000000002
0.1393253498778112,0.1806
0.1417300501434563,0.1807
0.14369252531929189,0.18080000000000002
0.14520194106244733,0.1809
0.14625309829838062,0.18100000000000002
0.14684618855220144,0.1811
0.14698566230901722,0.1812
0.14667944737391658,0.18130000000000002
0.14593737848985233,0.1814
0.14192862526735628,0.18150000000000002
0.13725750023961192,0.1816
0.13237845018314265,0.1817
0.1273514817739555,0.18180000000000002
0.12219350119828831,0.1819
0.11692548562780158,0.182
0.111568863837885,0.1821
0.10615408303528506,0.1822
0.10065749346735076,0.18230000000000002
0.095170070017492,0.1824
0.08973941016673759,0.1825
0.08441137497905338,0.1826
0.07923172067993656,0.1827
0.0742457849089938,0.18280000000000002
0.06949537222054203,0.1829
0.06501635583079424,0.183
0.06083501345687803,0.1831
0.05696672851214002,0.1832
0.05341755552444294,0.18330000000000002
0.05018649272433717,0.1834
0.04688501731120409,0.1835
0.043827474409285916,0.1836
0.041058819655112266,0.1837
0.038589262836624005,0.18380000000000002
0.03605293579680824,0.1839
0.03350066056826262,0.184
0.03127342922284937,0.1841
0.029437034285640262,0.1842
0.027543309008951855,0.18430000000000002
0.025741626114201166,0.1844
0.024141472117982454,0.1845
0.022550193891513803,0.18460000000000001
0.020735258939289514,0.1847
0.01889330231807773,0.18480000000000002
0.017336427187579995,0.1849
0.016306019728727472,0.185
0.01590476764135418,0.18510000000000001
0.01620660668799756,0.1852
0.017250259605602114,0.18530000000000002
0.01902425131051455,0.1854
0.021076479084766397,0.1855
0.023432024006779573,0.18560000000000001
0.026420195422682147,0.1857
0.02998764965293854,0.18580000000000002
0.03358857345186128,0.1859
0.03772272950007349,0.186
0.04246236358912414,0.18610000000000002
0.047717214493042226,0.1862
0.05329577503854921,0.18630000000000002
0.05905077349269461,0.1864
0.06494687719822867,0.1865
0.07093524578317534,0.18660000000000002
0.07691592132367853,0.1867
0.08265703690402204,0.18680000000000002
0.08815344617386833,0.1869
0.09345551875625013,0.187
0.09853781830545938,0.18710000000000002
0.10337465699438775,0.1872
0.10792413729948103,0.18730000000000002
0.1121612025798866,0.1874
0.11606121937349423,0.1875
0.11961092954213248,0.18760000000000002
0.12280009081385279,0.1877
0.1256184995824583,0.18780000000000002
0.12805333173188838,0.1879
0.13004572472979814,0.188
0.13140365768178053,0.18810000000000002
0.13232468775829465,0.1882
0.1328136382129136,0.1883
0.13287228735030887,0.1884
0.1325034937026479,0.1885
0.13171375304010458,0.18860000000000002
0.130511008748052,0.1887
0.1289046286101524,0.1888
0.12690385802319026,0.1889
0.1223125763414118,0.189
0.11679040775832872,0.18910000000000002
0.111138777969639,0.1892
0.10543285769137667,0.1893
0.09969125747496854,0.1894
0.0939282339310703,0.1895
0.08816239270275261,0.18960000000000002
0.08242568320809474,0.1897
0.07676220725762073,0.1898
0.07122048791534663,0.1899
0.06572757317724343,0.19
0.060428220718639736,0.19010000000000002
0.05537477142251079,0.1902
0.05060740694286303,0.1903
0.04615785012960272,0.1904
0.042052670960672334,0.1905
0.03831233886675123,0.19060000000000002
0.03495222494107586,0.1907
0.03198353809335286,0.1908
0.029152107073079137,0.19090000000000001
0.026423281051962455,0.191
0.024078666361267764,0.19110000000000002
0.02216344172809892,0.1912
0.02067535333810877,0.1913
0.019126151536171365,0.19140000000000001
0.017265803559027182,0.1915
0.015133382687646746,0.19160000000000002
0.012725404035645704,0.1917
0.010353570922853272,0.1918
0.008415844484007673,0.19190000000000002
0.007125638711502846,0.192
0.006650071574906269,0.19210000000000002
0.007126943982532996,0.1922
0.008580582607987886,0.1923
0.010777983182479245,0.19240000000000002
0.012756350919990389,0.1925
0.015482740055842603,0.19260000000000002
0.018975326876114362,0.1927
0.022373336560096435,0.1928
0.02653661649771144,0.19290000000000002
0.031528827733655174,0.193
0.03715833368768684,0.19310000000000002
0.04327420843927343,0.1932
0.04968638510848722,0.1933
0.05624502667681508,0.19340000000000002
0.06293218909318199,0.1935
0.06970585851512334,0.19360000000000002
0.07646415281695018,0.1937
0.08301565948585443,0.1938
0.08942235332530069,0.19390000000000002
0.09559516300969229,0.194
0.10150591622128335,0.19410000000000002
0.10714085934111284,0.1942
0.11247510171904307,0.1943
0.11750029239418258,0.19440000000000002
0.12220499597748413,0.1945
0.12658296510511924,0.19460000000000002
0.13050356796295026,0.1947
0.13404662698045777,0.1948
0.13720324396764816,0.19490000000000002
0.13995163043571757,0.195
0.14227076466821642,0.1951
0.14414523914159216,0.1952
0.14556537269058512,0.1953
0.1465276551538599,0.19540000000000002
0.14703315774614634,0.1955
0.14708721113298373,0.1956
0.14669784693239274,0.1957
0.14545056441068838,0.1958
0.1410576915938564,0.19590000000000002
0.1363454815846492,0.196
0.13144385253294988,0.1961
0.12639806504567297,0.1962
0.12122274861415228,0.1963
0.1159406273883058,0.19640000000000002
0.11057529999234894,0.1965
0.10515477236735316,0.1966
0.0996642362323914,0.1967
0.09419374707790962,0.1968
0.08878945266712379,0.19690000000000002
0.08349679404475163,0.197
0.07836114002439099,0.1971
0.07342711103554533,0.19720000000000001
0.06873521074580291,0.1973
0.06431935201752437,0.19740000000000002
0.06020375526886168,0.1975
0.0564021785407256,0.1976
0.052919062048001786,0.19770000000000001
0.04970018931440712,0.1978
0.04643890423565278,0.19790000000000002
0.043435233842168186,0.198
0.04072199312830471,0.1981
0.03830667100518581,0.19820000000000002
0.03569158334420308,0.1983
0.03319083374267984,0.19840000000000002
0.031035862634599676,0.1985
0.02927864706118477,0.1986
0.027312384775868503,0.19870000000000002
0.025558183129484435,0.1988
0.02399213274560341,0.19890000000000002
0.022406989727520088,0.199
0.020576862574384736,0.1991
0.018758867731422546,0.19920000000000002
0.017288668315347255,0.1993
0.016363819624130027,0.19940000000000002
0.016080749499709057,0.1995
0.01650831581669232,0.1996
0.017677069026105885,0.19970000000000002
0.019568859971968333,0.1998
0.02161682354414962,0.19990000000000002
0.024084420864927347,0.2
0.027189015597633537,0.2001
0.03085506985077413,0.20020000000000002
0.03448040876472458,0.2003
0.038694610601640145,0.20040000000000002
0.04350441080245404,0.2005
0.04875760445978128,0.2006
0.054281075833044756,0.20070000000000002
0.06003194905263032,0.2008
0.0659441789876587,0.20090000000000002
0.07192234915135776,0.201
0.07787746563994935,0.2011
0.08349999814212805,0.20120000000000002
0.08898171616848394,0.2013
0.09425970929371863,0.20140000000000002
0.09930964916608565,0.2015
0.1041029927278142,0.2016
0.1086025794902481,0.20170000000000002
0.11278289193097235,0.2018
0.11662210462976075,0.2019
0.1201069721591691,0.202
0.12322871474789987,0.2021
0.12597645995189877,0.20220000000000002
0.1283383614550071,0.2023
0.13021770652982423,0.2024
0.13149404823747413,0.2025
0.1323343512251861,0.2026
0.13274304571118034,0.20270000000000002
0.1327220262760327,0.2028
0.13227464628680674,0.2029
0.1314074811905388,0.203
0.13012867819227902,0.2031
0.1284476588433796,0.20320000000000002
0.12637383999520435,0.2033
0.1212616068052873,0.2034
0.11569155860611646,0.20350000000000001
0.11001860189604662,0.2036
0.10430234264795246,0.20370000000000002
0.09855427805718242,0.2038
0.09278957009594901,0.2039
0.08702659932452961,0.20400000000000001
0.08129921849584754,0.2041
0.07565279482127585,0.20420000000000002
0.07010933683312981,0.2043
0.06464189790328978,0.2044
0.05937950458866492,0.20450000000000002
0.05437058488280555,0.2046
0.04965456784803157,0.20470000000000002
0.04526237646403297,0.2048
0.04121944421435231,0.2049
0.037545962865548566,0.20500000000000002
0.034256842355638195,0.2051
0.03136214198312315,0.20520000000000002
0.028493189404287245,0.2053
0.025830672465242177,0.2054
0.02356785348002055,0.20550000000000002
0.021737993056933025,0.2056
0.020334010343446396,0.20570000000000002
0.018676984631653903,0.2058
0.016754876885850534,0.2059
0.014514048990471817,0.20600000000000002
0.01204990202237144,0.2061
0.009717521610840274,0.20620000000000002
0.007886264890708539,0.2063
0.006751924051168201,0.2064
0.006478497940411998,0.20650000000000002
0.007182688018336769,0.2066
0.008856317952282922,0.20670000000000002
0.010984480632076687,0.2068
0.013120522787350541,0.2069
0.016068526155060825,0.20700000000000002
0.019581835219380173,0.2071
0.023145344033666637,0.20720000000000002
0.027494001666109824,0.2073
0.032646543823624086,0.2074
0.03840014032693695,0.20750000000000002
0.04455215433304893,0.2076
0.05093337313950008,0.20770000000000002
0.057514965075454505,0.2078
0.06424503252461455,0.2079
0.07102833562038524,0.20800000000000002
0.07767445957063546,0.2081
0.08422612616320813,0.2082
0.09063644852295794,0.2083
0.09679204423733467,0.2084
0.10267329411516313,0.20850000000000002
0.10826778487906952,0.2086
0.1135567695718217,0.2087
0.11853227768466923,0.2088
0.12318505693259219,0.2089
0.12748246422380616,0.20900000000000002
0.13133191975101188,0.2091
0.13480883055489012,0.2092
0.13789425054684679,0.2093
0.14056609936695919,0.2094
0.14280423853752022,0.20950000000000002
0.14459444899610863,0.2096
0.14592822035649267,0.2097
0.14680303398624261,0.20980000000000001
0.1472208420821559,0.2099
0.14718763794234013,0.21000000000000002
0.1467120577463883,0.2101
0.144691453393488,0.2102
0.14023020904782024,0.21030000000000001
0.13547926652372222,0.2104
0.13054956673552942,0.21050000000000002
0.12547922989378957,0.2106
0.12028531212370641,0.2107
0.11499043695440536,0.21080000000000002
0.10961975754654374,0.2109
0.10419671743769032,0.21100000000000002
0.09871479955984752,0.2111
0.09326014811285666,0.2112
0.08787867664024374,0.21130000000000002
0.08261604439485815,0.2114
0.07751821420282257,0.21150000000000002
0.07262989447393653,0.2116
0.06799086164812351,0.2117
0.06363351891206936,0.21180000000000002
0.05958014025490277,0.2119
0.05584207821693954,0.21200000000000002
0.05242182393237349,0.2121
0.04919772851845128,0.2122
0.04598503167777701,0.21230000000000002
0.04303466809298828,0.2124
0.04037543015215728,0.21250000000000002
0.03801306080340172,0.2126
0.035324499029249834,0.2127
0.032872413301673564,0.21280000000000002
0.030785561425884955,0.2129
0.029100927969488044,0.21300000000000002
0.027070416210387416,0.2131
0.02535554276772456,0.2132
0.023827520097241095,0.21330000000000002
0.022203626133496357,0.2134
0.020372660136551035,0.21350000000000002
0.018578327448734777,0.2136
0.017201538636055558,0.2137
0.016389076341721598,0.21380000000000002
0.016229024830143324,0.2139
0.01678582333859535,0.21400000000000002
0.018080898423924685,0.2141
0.020089920926416704,0.2142
0.022122376262264654,0.21430000000000002
0.024700377376486893,0.2144
0.027921176134646286,0.21450000000000002
0.031670522581886296,0.2146
0.035329022057426496,0.2147
0.03962665632970386,0.21480000000000002
0.04450921290329202,0.2149
0.04981527116164397,0.215
0.055370574793485394,0.2151
0.06113682480164706,0.2152
0.06704984689837179,0.21530000000000002
0.07301467783113003,0.2154
0.07894296245626997,0.2155
0.08447738486626988,0.2156
0.0898555563763862,0.2157
0.09506100590703981,0.21580000000000002
0.10005718331582769,0.2159
0.1047912497045268,0.216
0.10922992668914322,0.21610000000000001
0.11334345734472973,0.2162
0.11711566594992018,0.21630000000000002
0.12053533484177514,0.2164
0.12359214327973256,0.2165
0.1262733132694066,0.21660000000000001
0.12856583562957724,0.2167
0.13033669303731232,0.21680000000000002
0.13153224320215662,0.2169
0.13229242025672283,0.217
0.1326214132512359,0.21710000000000002
0.1325211755105683,0.2172
0.1319956304091192,0.21730000000000002
0.1310516100872443,0.2174
0.12969751308556066,0.2175
0.12794291126416946,0.21760000000000002
0.12557290570562885,0.2177
0.12019999298083095,0.21780000000000002
0.11459751567641308,0.2179
0.10890869641683232,0.218
0.10318216642852374,0.21810000000000002
0.0974265065159664,0.2182
0.09165767737264363,0.21830000000000002
0.08589566700016549,0.2184
0.0801766803490962,0.2185
0.0745473509360689,0.21860000000000002
0.06899514672414564,0.2187
0.06355729846640634,0.21880000000000002
0.05833509158944783,0.2189
0.0533746430244586,0.219
0.048713148937149287,0.21910000000000002
0.04438042274246379,0.2192
0.0404010614949033,0.21930000000000002
0.036794676312837504,0.2194
0.03357573953142978,0.2195
0.03075391039402664,0.21960000000000002
0.0278334509854663,0.2197
0.02523860964356306,0.21980000000000002
0.02306363702516223,0.2199
0.021324816659210155,0.22
0.020008194477214802,0.22010000000000002
0.018212243688766616,0.2202
0.016234023573471035,0.22030000000000002
0.013898174542128938,0.2204
0.011439541392333163,0.2205
0.00920541723825763,0.22060000000000002
0.007512589870150244,0.2207
0.006538692420454906,0.22080000000000002
0.006460612944798827,0.2209
0.007373388466417996,0.221
0.009236837939938347,0.22110000000000002
0.011340180260471344,0.2212
0.013609959833729146,0.22130000000000002
0.0167377426298827,0.2214
0.020288534105860068,0.2215
0.023989243383033543,0.22160000000000002
0.028484012654799162,0.2217
0.03376026181130842,0.2218
0.03960825412175528,0.22190000000000001
0.045830721252203555,0.222
0.05225816235646552,0.22210000000000002
0.0588686345478493,0.2222
0.06561185534672176,0.2223
0.07239215538619981,0.22240000000000001
0.07902505949229854,0.2225
0.08551832529066916,0.22260000000000002
0.09182579601620189,0.2227
0.09790584563773541,0.2228
0.10373043261198978,0.22290000000000001
0.10926527845656286,0.223
0.11449630023069979,0.22310000000000002
0.11941107117408234,0.2232
0.12400466026765511,0.2233
0.12823199922877304,0.22340000000000002
0.13201544163569645,0.2235
0.135423981814365,0.22360000000000002
0.13843739062012828,0.2237
0.14103323799052236,0.2238
0.1431921329625252,0.22390000000000002
0.14490102674562666,0.224
0.146152526011619,0.22410000000000002
0.14694494067448527,0.2242
0.1472811251283639,0.2243
0.14716778021102606,0.22440000000000002
0.14661400215992737,0.2245
0.1439151366615914,0.22460000000000002
0.1393946018279688,0.2247
0.1346118586369207,0.2248
0.12966024319128788,0.22490000000000002
0.12457044831057362,0.225
0.11936054297471821,0.22510000000000002
0.11405232573099844,0.2252
0.10867280644361521,0.2253
0.10323389684531858,0.22540000000000002
0.09775782443281211,0.2255
0.09231909467172172,0.22560000000000002
0.08696294970097895,0.2257
0.08173497238871263,0.2258
0.07668117153641074,0.22590000000000002
0.07184541417661283,0.226
0.06726592947260213,0.22610000000000002
0.06297269366704572,0.2262
0.05898549472520709,0.2263
0.05531369111777451,0.22640000000000002
0.05195826445831142,0.2265
0.04873269282462078,0.22660000000000002
0.04557091601808749,0.2267
0.04267610067308447,0.2268
0.040073065984866485,0.22690000000000002
0.03769260906588201,0.227
0.03501888877175663,0.22710000000000002
0.0326280571041917,0.2272
0.03061249927037446,0.2273
0.028880470943656977,0.22740000000000002
0.02691858220670973,0.2275
0.02524938833581558,0.22760000000000002
0.02374989222645829,0.2277
0.022101909898116334,0.2278
0.02028326872153574,0.22790000000000002
0.018526105168326312,0.228
0.017235519644907216,0.2281
0.01652387826715529,0.22820000000000001
0.016474359257273807,0.2283
0.017145032963840734,0.22840000000000002
0.018549822207256428,0.2285
0.02065944358207772,0.2286
0.022676129184598937,0.22870000000000001
0.0252820879354696,0.2288
0.02850259509867148,0.22890000000000002
0.032097232720474045,0.229
0.035919230630960586,0.2291
0.04034692652038352,0.22920000000000001
0.04533580435625306,0.2293
0.05070861770238877,0.22940000000000002
0.056314017258559224,0.2295
0.062108819929393655,0.2296
0.06803724801888622,0.22970000000000002
0.07400020640206206,0.2298
0.07986672344551204,0.22990000000000002
0.08537665684759743,0.23
0.09072885487553395,0.2301
0.09589611025152789,0.23020000000000002
0.10084393309007778,0.2303
0.10552202698982105,0.23040000000000002
0.10989934544973556,0.2305
0.1139474646220544,0.2306
0.11765121835570613,0.23070000000000002
0.12099993120238184,0.2308
0.12398354174056303,0.23090000000000002
0.12658932808112233,0.231
0.12880445916979522,0.2311
0.13044772919444758,0.23120000000000002
0.13155923126367075,0.2313
0.13223666900040465,0.23140000000000002
0.1324839229674183,0.2315
0.13230325245044705,0.2316
0.13169959844358514,0.23170000000000002
0.1306799190690353,0.2318
0.12925272879719463,0.23190000000000002
0.12742709661252893,0.232
0.12453567596592396,0.2321
0.11912220159345632,0.23220000000000002
0.11350204812506193,0.2323
0.10780329687980605,0.23240000000000002
0.1020683364651499,0.2325
0.09630760204869349,0.2326
0.09053801223788516,0.23270000000000002
0.08478227445759523,0.2328
0.07907825321757589,0.23290000000000002
0.07347276292956328,0.233
0.06791908974269956,0.2331
0.06251681454138147,0.23320000000000002
0.05733922577475714,0.2333
0.05243006529452643,0.23340000000000002
0.04782490916306581,0.2335
0.04355290649780019,0.2336
0.03963777878061747,0.23370000000000002
0.03609858314651304,0.2338
0.03294933582129067,0.23390000000000002
0.030108033776190757,0.234
0.02723030110458957,0.2341
0.024714170597376794,0.23420000000000002
0.022625024709861163,0.2343
0.020971564574579604,0.23440000000000003
0.019622073585586763,0.23450000000000001
0.017779468444785618,0.2346
0.015740718397102116,0.23470000000000002
0.013335894923714564,0.2348
0.010884364741243546,0.2349
0.008737120447379398,0.23500000000000001
0.007171030803466927,0.2351
0.006364791993427099,0.23520000000000002
0.006486512745445205,0.2353
0.007605783008662881,0.2354
0.009655969375002238,0.23550000000000001
0.011709513657084836,0.2356
0.014117439187226966,0.23570000000000002
0.017431102757674122,0.2358
0.02102865976856938,0.2359
0.02486831805625145,0.23600000000000002
0.029506176715557553,0.2361
0.03490167791324583,0.23620000000000002
0.04083990792033543,0.2363
0.04712875898015123,0.2364
0.053598602116611715,0.23650000000000002
0.06023389470153784,0.2366
0.06698577794477945,0.23670000000000002
0.07375832257544457,0.2368
0.08038081386809393,0.2369
0.08684610658585379,0.23700000000000002
0.09310816541812883,0.2371
0.09913052505560138,0.23720000000000002
0.10489056105252992,0.2373
0.11035762079849953,0.2374
0.11552008970748362,0.23750000000000002
0.12036622255809326,0.2376
0.12489073960834696,0.23770000000000002
0.12900119538463506,0.2378
0.1327114330088368,0.2379
0.13604427997781565,0.23800000000000002
0.13897784704128968,0.2381
0.14148994604176102,0.23820000000000002
0.14356241727336805,0.2383
0.14518335777167946,0.2384
0.146346545318501,0.23850000000000002
0.14705121113992514,0.2386
0.14730097722216118,0.23870000000000002
0.14710318278333645,0.2388
0.14646734546527673,0.2389
0.14305658311457237,0.23900000000000002
0.13847951134950287,0.2391
0.13366901101641349,0.23920000000000002
0.1286995431002853,0.2393
0.12359416700202686,0.2394
0.11837271296706975,0.23950000000000002
0.11305682573142317,0.2396
0.10767532296028459,0.23970000000000002
0.10222576641882986,0.2398
0.09675840686364368,0.2399
0.09133654897358812,0.24000000000000002
0.08600638197562771,0.2401
0.08081401284193757,0.24020000000000002
0.0758051529779501,0.2403
0.07102251434190188,0.2404
0.06650291769122296,0.24050000000000002
0.062274317850863126,0.2406
0.058354184959261035,0.24070000000000003
0.05474982782865201,0.24080000000000001
0.05146082251369721,0.2409
0.04822388740569439,0.24100000000000002
0.045115633087517315,0.2411
0.04228035675782049,0.2412
0.039737624820406214,0.24130000000000001
0.03730010572598408,0.2414
0.03468023859980551,0.24150000000000002
0.03235900801399527,0.2416
0.030417852758614305,0.2417
0.028624041267610645,0.24180000000000001
0.026733477853508658,0.2419
0.025109618596024008,0.24200000000000002
0.023616429709457876,0.2421
0.021949306872081742,0.2422
0.02012259749231715,0.24230000000000002
0.018446349539098517,0.2424
0.01725423273984239,0.24250000000000002
0.016653818360398143,0.2426
0.016724041617011354,0.2427
0.01751660323475357,0.24280000000000002
0.019037891164890075,0.2429
0.021139680427386454,0.24300000000000002
0.023262458459823332,0.2431
0.02598306156146557,0.2432
0.02930209812942386,0.24330000000000002
0.032906231919026085,0.2434
0.03681067378892844,0.24350000000000002
0.041315005639913194,0.2436
0.04636274600358026,0.2437
0.051773228774980806,0.24380000000000002
0.05739676292114071,0.2439
0.06319334199664062,0.24400000000000002
0.06910980338142114,0.2441
0.07504723391071699,0.2442
0.08085792513969581,0.24430000000000002
0.08632974296919838,0.2444
0.09163224629959232,0.24450000000000002
0.09673977221128394,0.2446
0.10162072493655261,0.2447
0.10622714315251014,0.24480000000000002
0.11052968257939788,0.2449
0.11450090708983374,0.24500000000000002
0.1181261847474685,0.2451
0.12139499593885883,0.2452
0.12429732797070314,0.24530000000000002
0.12682054737720005,0.2454
0.12895207435716982,0.24550000000000002
0.1304599064022146,0.2456
0.13148425197934066,0.2457
0.13207694773265666,0.24580000000000002
0.13224081277674515,0.2459
0.13197805250891403,0.24600000000000002
0.13129412920843753,0.2461
0.1301962024751061,0.2462
0.12869304617389543,0.24630000000000002
0.1267937444993258,0.2464
0.12341206481897948,0.24650000000000002
0.11795876917553294,0.2466
0.11232259219825413,0.2467
0.10661720037945499,0.24680000000000002
0.10087855902841003,0.2469
0.09511819998603666,0.24700000000000003
0.08935339205476778,0.24710000000000001
0.08360908089125085,0.2472
0.07792458933638502,0.24730000000000002
0.07233124695799575,0.2474
0.06678544150496613,0.24750000000000003
0.06142274206971754,0.24760000000000001
0.05629355005884085,0.2477
0.051439496788268535,0.24780000000000002
0.04689543077014102,0.2479
0.04269033602085215,0.248
0.03884645424398192,0.24810000000000001
0.035381824683929475,0.2482
0.03231056413730449,0.24830000000000002
0.029427671393737143,0.2484
0.026623859499190994,0.2485
0.024200662165706488,0.24860000000000002
0.022208113216494185,0.2487
0.020647831489095214,0.24880000000000002
0.019199934673472807,0.2489
0.017363705527235762,0.249
0.01524263213389565,0.24910000000000002
0.012790264857713174,0.2492
0.010350826668731328,0.24930000000000002
0.008304696666595612,0.2494
0.006883675252762345,0.2495
0.006264144407047478,0.24960000000000002
0.00660026240604461,0.2497
0.007932028982549078,0.24980000000000002
0.010065045208285772,0.2499
0.011955829365967174,0.25
0.014583434036971266,0.2501
0.018153159552924958,0.25020000000000003
0.021813367094167813,0.2503
0.02580779531034061,0.2504
0.030600835038727237,0.2505
0.03612665255514824,0.2506
0.04216480856742111,0.25070000000000003
0.048527362088046644,0.2508
0.055044073514731284,0.2509
0.061705417257207684,0.251
0.06846457465740574,0.2511
0.07522580522751321,0.25120000000000003
0.08182528287888757,0.2513
0.08825970038513586,0.2514
0.09447278479649723,0.2515
0.10043339113188732,0.2516
0.10612455381023667,0.25170000000000003
0.11151947841509358,0.2518
0.11660889816510411,0.2519
0.12138157548192685,0.252
0.12581999300812152,0.2521
0.12981256208488157,0.25220000000000004
0.1334427638240726,0.2523
0.1366926855489432,0.2524
0.13953926585090115,0.2525
0.14196107539537506,0.2526
0.14394137746480373,0.25270000000000004
0.14546945048122362,0.2528
0.14653999295604603,0.2529
0.14715282481261627,0.253
0.14731204692358146,0.2531
0.14702545328384797,0.25320000000000004
0.14630290633591891,0.2533
0.14210051811666524,0.2534
0.13746342393506583,0.2535
0.1326251339803286,0.2536
0.12763887178489808,0.25370000000000004
0.1225191265979183,0.2538
0.11728775962483862,0.2539
0.11196626873563054,0.254
0.10658569128866124,0.2541
0.10112981455276193,0.25420000000000004
0.09567779493951101,0.2543
0.09028076689733266,0.2544
0.08498444807290884,0.2545
0.07983454023369851,0.2546
0.07487638207313119,0.25470000000000004
0.07015177583903842,0.2548
0.0656964703958296,0.2549
0.06153640311915909,0.255
0.05768651148344128,0.2551
0.05415240592520387,0.25520000000000004
0.05093269750171081,0.2553
0.047673798046095506,0.2554
0.04462157019007851,0.2555
0.04185024128814763,0.2556
0.03937275923836214,0.25570000000000004
0.03686521198901249,0.2558
0.034303929831851265,0.2559
0.03205954376336839,0.256
0.030201204470044818,0.2561
0.028341359110654274,0.25620000000000004
0.02652797202386936,0.25630000000000003
0.02495266732956769,0.2564
0.023463475256004562,0.2565
0.021738741868929656,0.2566
0.019936669706620114,0.25670000000000004
0.018351875017140085,0.25680000000000003
0.01726958670750789,0.2569
0.016792264031860293,0.257
0.01699444552430185,0.2571
0.01792055946514237,0.25720000000000004
0.019568415476544088,0.25730000000000003
0.02166521144736766,0.2574
0.02390405727631606,0.2575
0.026747891248845024,0.2576
0.030172537479107753,0.2577
0.033790880423022696,0.25780000000000003
0.03778299783959649,0.2579
0.042367491606198016,0.258
0.04747628596839837,0.2581
0.05292552222772384,0.2582
0.058567215671193384,0.25830000000000003
0.0643646142134503,0.2584
0.07026714365702813,0.2585
0.07617603587854616,0.2586
0.08192769485487905,0.2587
0.08735636179499107,0.25880000000000003
0.09260313534114406,0.2589
0.09764423559021729,0.259
0.10245123967397529,0.2591
0.10697871198743658,0.2592
0.11119914836318645,0.25930000000000003
0.1150861608967143,0.2594
0.11862566710754108,0.2595
0.12180730351541724,0.2596
0.12462110360107848,0.2597
0.12705452793521788,0.25980000000000003
0.12909149007685827,0.2599
0.13045648152356626,0.26
0.13138637281256127,0.2601
0.13188713188487322,0.2602
0.1319605321459475,0.26030000000000003
0.13160880055919377,0.2604
0.13083797788871387,0.2605
0.12965549031709522,0.2606
0.12807041075313808,0.2607
0.12609186315853527,0.26080000000000003
0.12219297965325404,0.2609
0.11669792208463714,0.261
0.11104568499455036,0.2611
0.10533417081011132,0.2612
0.0995918814735558,0.26130000000000003
0.09383106900512528,0.2614
0.08806991774786577,0.2615
0.08233727579079175,0.2616
0.07667490347904204,0.2617
0.07106989226004656,0.26180000000000003
0.06556167505935084,0.2619
0.06024828774180968,0.262
0.05517731002493065,0.2621
0.050388510865929215,0.2622
0.04591570058599048,0.26230000000000003
0.04178677039611589,0.2624
0.03802332229695904,0.2625
0.034642642223373876,0.2626
0.03165802953297647,0.2627
0.02872990906261319,0.26280000000000003
0.026006932906000868,0.2629
0.02368517472358045,0.263
0.021796885422092904,0.2631
0.020336239892209562,0.2632
0.018786580807477193,0.26330000000000003
0.016911543674047902,0.2634
0.014708964318716156,0.2635
0.012241102152728667,0.2636
0.00983609610032854,0.2637
0.007903453667591709,0.26380000000000003
0.006643482521570654,0.2639
0.006226814778264256,0.264
0.00678833848707483,0.2641
0.008335838752917324,0.2642
0.010431241111674705,0.26430000000000003
0.012476317396240555,0.2644
0.015316011981778122,0.2645
0.018763464787287853,0.2646
0.02224497690755589,0.2647
0.026516108019842166,0.26480000000000004
0.03160639149671396,0.2649
0.037313209997703156,0.265
0.04343067078013485,0.2651
0.04978929158258105,0.2652
0.05635732070700872,0.26530000000000004
0.0630829709988735,0.2654
0.069872316971062,0.2655
0.07652690508353333,0.2656
0.08310900240242103,0.2657
0.08956215698268433,0.26580000000000004
0.0957705681539931,0.2659
0.1017106795128081,0.266
0.10736722544796551,0.2661
0.11271994855716871,0.2662
0.1177604991543415,0.26630000000000004
0.12248015194648998,0.2664
0.1268310196568445,0.2665
0.1307546167613981,0.2666
0.13431157146161277,0.2667
0.13748237369415528,0.26680000000000004
0.14024433113671608,0.2669
0.14257666300321226,0.267
0.14446426357605102,0.2671
0.1458977007446557,0.2672
0.14687343725728697,0.26730000000000004
0.1473924400989448,0.2674
0.14745982629111976,0.2675
0.14708357364929903,0.2676
0.1455843358744815,0.2677
0.14121482855066958,0.26780000000000004
0.1365347718846941,0.2679
0.13166661400037427,0.268
0.12665330450196033,0.2681
0.12151092385924189,0.2682
0.11626233947603637,0.26830000000000004
0.11093151111386668,0.2684
0.10555120007087082,0.2685
0.10009891529963377,0.2686
0.09466469815427059,0.2687
0.08929456246236078,0.26880000000000004
0.08403390910693287,0.26890000000000003
0.07892839431198106,0.269
0.07402298702509147,0.2691
0.06935840338569887,0.2692
0.06496842028967531,0.26930000000000004
0.060876803999050044,0.26940000000000003
0.05709663124415787,0.2695
0.05363159884501867,0.2696
0.050459745102659825,0.2697
0.04720908482908004,0.26980000000000004
0.044208249477522665,0.26990000000000003
0.04149207612091965,0.27
0.03906907659499459,0.2701
0.03648135457603896,0.2702
0.033970558071200196,0.27030000000000004
0.03179743976318061,0.27040000000000003
0.030017927621262652,0.2705
0.028083887483295378,0.2706
0.02634270054407528,0.2707
0.02480131498410798,0.27080000000000004
0.023275162163915564,0.27090000000000003
0.02151377035221902,0.271
0.01972515604312619,0.2711
0.018224815304622943,0.2712
0.017247228197100783,0.2713
0.016889137750791594,0.27140000000000003
0.017220594999339367,0.2715
0.018277527974392305,0.2716
0.02005025481558209,0.2717
0.022129667419981347,0.2718
0.024486782648878158,0.27190000000000003
0.027457181877285963,0.272
0.03099106030998966,0.2721
0.034622392528778745,0.2722
0.03870525122592827,0.2723
0.043373154012947834,0.27240000000000003
0.04854647067253848,0.2725
0.05403818557425755,0.2726
0.05970203379039818,0.2727
0.06550444148962031,0.2728
0.0713974233601622,0.27290000000000003
0.07728233418216424,0.273
0.0829781231120369,0.2731
0.08836864305413827,0.2732
0.09356465678281145,0.2733
0.0985441283018138,0.27340000000000003
0.10328174415119806,0.2735
0.10773457168587097,0.2736
0.11187689447021754,0.2737
0.11568331798812592,0.2738
0.11914024920692678,0.27390000000000003
0.12223745604001601,0.274
0.12496502988190672,0.2741
0.1273105662074352,0.2742
0.129209681408626,0.2743
0.13048133860244082,0.27440000000000003
0.13131941310082096,0.2745
0.13172897640481096,0.2746
0.13171190969125468,0.2747
0.1312710727586982,0.2748
0.13041285619962495,0.27490000000000003
0.12914507863363045,0.275
0.1274769919479366,0.2751
0.12541780190040142,0.2752
0.12099499244711487,0.2753
0.11545692806019359,0.27540000000000003
0.1097877001934301,0.2755
0.10406921890708065,0.2756
0.09832294482734627,0.2757
0.09256243714970702,0.2758
0.08680619824866698,0.27590000000000003
0.08108538887891259,0.276
0.07544327870352197,0.2761
0.06982414031975692,0.2762
0.06434857886447232,0.2763
0.0590786650283206,0.27640000000000003
0.05405930156299332,0.2765
0.04932869382399785,0.2766
0.04491998545708098,0.2767
0.04086057677311494,0.2768
0.03717252882284772,0.27690000000000003
0.033872618539039,0.277
0.030972023932456683,0.2771
0.027989423306368444,0.2772
0.025343419933127498,0.2773
0.023118438437513822,0.27740000000000004
0.021331121615673965,0.2775
0.019969349778046874,0.2776
0.018293328511007845,0.2777
0.016337696004647295,0.2778
0.014024698096662513,0.27790000000000004
0.011532653123510928,0.278
0.009217665625057325,0.2781
0.00742120610039998,0.2782
0.006344214519200531,0.2783
0.006155490836874167,0.27840000000000004
0.006963370911164057,0.2785
0.008741195214265085,0.2786
0.010780016831463124,0.2787
0.012989208808516173,0.2788
0.016056455932193403,0.27890000000000004
0.019547661200752797,0.279
0.0231989518829141,0.2791
0.027653245478574062,0.2792
0.03289899134772534,0.2793
0.038724475751966025,0.27940000000000004
0.044930718335897346,0.2795
0.05134778210417923,0.2796
0.057952996114282174,0.2797
0.06469681356157608,0.2798
0.07148501923294348,0.27990000000000004
0.07812632471880065,0.28
0.08468681799971534,0.2801
0.09109719371185898,0.2802
0.09724507283384765,0.2803
0.10311397777886488,0.28040000000000004
0.1086943916843468,0.2805
0.11396964466808368,0.2806
0.11893295678313365,0.2807
0.12357535903036443,0.2808
0.1277895721838035,0.28090000000000004
0.1316326946605233,0.281
0.13510667717939362,0.2811
0.13818958955579674,0.2812
0.1408587362106255,0.2813
0.14309459133170854,0.28140000000000004
0.1448832372506036,0.28150000000000003
0.14621653641662868,0.2816
0.14709201733988553,0.2817
0.14751158991352342,0.2818
0.14748121767145084,0.28190000000000004
0.1470094913795652,0.28200000000000003
0.14464087653534552,0.2821
0.1402025677228369,0.2822
0.13548786170238658,0.2823
0.13059674107440278,0.28240000000000004
0.12556309420514145,0.28250000000000003
0.12040511144202448,0.2826
0.11514545503155638,0.2827
0.1098103499132842,0.2828
0.10442460577268631,0.28290000000000004
0.09898269950081906,0.28300000000000003
0.09356852156528406,0.2831
0.08822751746933566,0.2832
0.08300509380553511,0.2833
0.07794723069330045,0.28340000000000004
0.07309874194376231,0.28350000000000003
0.068499347537341,0.2836
0.06418074508749039,0.2837
0.06016425292315619,0.2838
0.05646021873332807,0.28390000000000004
0.05306993111424463,0.28400000000000003
0.04989202332323761,0.2841
0.046699052229809634,0.2842
0.043761033842794284,0.2843
0.04110826138432344,0.2844
0.03874736990123062,0.28450000000000003
0.03607634706457463,0.2846
0.03362315684042594,0.2847
0.0315295088324663,0.2848
0.029838311354901004,0.2849
0.02782646566943181,0.28500000000000003
0.026131645151258764,0.2851
0.024626880766043024,0.2852
0.02307980313331015,0.2853
0.021285209625177215,0.2854
0.019516409801075385,0.28550000000000003
0.018117503759478737,0.2856
0.017263078477752103,0.2857
0.01704078707723866,0.2858
0.01751586470203592,0.2859
0.018714776394335164,0.28600000000000003
0.02062039563919238,0.2861
0.02267863581083307,0.2862
0.025159348767396894,0.2863
0.028260662190985775,0.2864
0.03190607207408669,0.28650000000000003
0.03554651795247121,0.2866
0.0397210828659158,0.2867
0.04447203007814826,0.2868
0.04965387875396288,0.2869
0.055096917112140265,0.28700000000000003
0.0607603267286877,0.2871
0.06657993690405672,0.2872
0.07246116412627612,0.2873
0.07831628645583166,0.2874
0.08387173176236085,0.28750000000000003
0.08924343013991742,0.2876
0.09440987255065614,0.2877
0.09934986633085618,0.2878
0.10403566287966548,0.2879
0.10842967036841411,0.28800000000000003
0.11250600500962238,0.2881
0.11624230963945503,0.2882
0.1196250663402676,0.2883
0.1226454679720751,0.2884
0.12529283229204402,0.28850000000000003
0.12755564190400892,0.2886
0.12932206549902037,0.2887
0.1305014260032732,0.2888
0.13124833066841224,0.2889
0.1315672823281947,0.28900000000000003
0.1314603355007552,0.2891
0.13093101884824532,0.2892
0.1299859087706936,0.2893
0.12863311965195212,0.2894
0.12688198273885654,0.28950000000000004
0.12474185876918531,0.2896
0.11975418776259983,0.2897
0.11416992862803932,0.2898
0.10848379171012201,0.2899
0.10276031409087094,0.29000000000000004
0.09701306270149745,0.2901
0.091256591083833,0.2902
0.0855090116234235,0.2903
0.07980317439968043,0.2904
0.07415701635154914,0.29050000000000004
0.06855440914685462,0.2906
0.06311781958708051,0.2907
0.057897390497776646,0.2908
0.052936163777998146,0.2909
0.048271929029647165,0.29100000000000004
0.043936480078581974,0.2911
0.03995615548258846,0.2912
0.03635267095090389,0.2913
0.03314132596623032,0.2914
0.03023254993161517,0.29150000000000004
0.027317776285584072,0.2916
0.02476790200202328,0.2917
0.022644951370593303,0.2918
0.020958024669217812,0.2919
0.019673136170826222,0.29200000000000004
0.017840215208651422,0.2921
0.01582158075761586,0.2922
0.01340663286379451,0.2923
0.010920025955243995,0.2924
0.008715861800399072,0.29250000000000004
0.007077960006835582,0.2926
0.0061885194765245455,0.2927
0.006223162442632102,0.2928
0.007262080101239299,0.2929
0.00924435377588817,0.29300000000000004
0.011258874377571004,0.2931
0.01361186342170373,0.2932
0.01686988031341996,0.2933
0.020412710096793685,0.2934
0.02420726097189152,0.29350000000000004
0.028808396076268394,0.2936
0.03417543957887026,0.2937
0.04009169486025521,0.2938
0.046364312934978225,0.2939
0.05282364415425156,0.29400000000000004
0.059453709813366507,0.29410000000000003
0.0662062111827123,0.2942
0.07298613942883203,0.2943
0.07962258711027437,0.2944
0.08611459854871617,0.29450000000000004
0.09241028150718167,0.29460000000000003
0.09847087230325302,0.2947
0.10427203739587176,0.2948
0.10978241115026932,0.2949
0.11499010673256649,0.29500000000000004
0.11988367606242223,0.29510000000000003
0.12445825908898489,0.2952
0.12858890739892637,0.2953
0.13235781671775726,0.2954
0.13575503393338295,0.29550000000000004
0.13875718657976566,0.29560000000000003
0.14134124537992754,0.2957
0.14348854860682325,0.2958
0.14518644582304518,0.2959
0.14642803398073578,0.29600000000000004
0.14721177905165972,0.29610000000000003
0.14754062027206394,0.2962
0.14742135562430037,0.2963
0.14686314512472443,0.2964
0.14375220179863302,0.29650000000000004
0.13924927495372075,0.29660000000000003
0.13450051505732097,0.2967
0.1295865107568126,0.2968
0.1245329222698589,0.2969
0.11935899535082906,0.29700000000000004
0.11408639363037398,0.29710000000000003
0.1087431186909984,0.2972
0.10333892355038987,0.2973
0.0979022294028229,0.2974
0.09250380260328772,0.2975
0.08718983170600769,0.29760000000000003
0.08200649285236428,0.2977
0.0769996128653826,0.2978
0.07221239323421635,0.2979
0.06768232649217687,0.298
0.06343826494862626,0.29810000000000003
0.05949854147410205,0.2982
0.05587099536761997,0.2983
0.05255532985339162,0.2984
0.04937904460384024,0.2985
0.046244713226048395,0.29860000000000003
0.043369809380947366,0.2987
0.04078026795914824,0.2988
0.038412472489845806,0.2989
0.03574596566544708,0.299
0.03335849073239583,0.29910000000000003
0.03134142753175895,0.2992
0.02961083922916985,0.2993
0.027653842448460475,0.2994
0.026005854050061616,0.2995
0.024549378043960957,0.29960000000000003
0.022957666319689762,0.2997
0.02117919348397934,0.2998
0.019432875534506566,0.2999
0.018124751993573884,0.3
0.01737808165673993,0.30010000000000003
0.017274666304597508,0.3002
0.01787366951095959,0.3003
0.019193566805442597,0.3004
0.021211090731805937,0.3005
0.023247151256332366,0.30060000000000003
0.02576601854803795,0.3007
0.028879223592321868,0.3008
0.032460523974851,0.3009
0.036172955342548274,0.301
0.04047812197661704,0.30110000000000003
0.04534580131903554,0.3012
0.050604253712366765,0.3013
0.05610256688635884,0.3014
0.06179758710892225,0.3015
0.06763317397865065,0.30160000000000003
0.07351156497335176,0.3017
0.07934842264124276,0.3018
0.08478422173681399,0.3019
0.09006202613659964,0.302
0.09516504453514707,0.30210000000000004
0.10005780987147661,0.3022
0.10468787158010162,0.3023
0.1090223441685848,0.3024
0.11303133427333534,0.3025
0.11669875179738476,0.30260000000000004
0.12001354108434148,0.3027
0.12296570045955191,0.3028
0.12554277416777493,0.3029
0.1277322628260138,0.303
0.12938023581565083,0.30310000000000004
0.13047401087285815,0.3032
0.1311364166805543,0.3033
0.13137204620185217,0.3034
0.13118311843598518,0.3035
0.1305741559508723,0.30360000000000004
0.12955185418344306,0.3037
0.12812445910012316,0.3038
0.12630094917583634,0.3039
0.12401566039693412,0.304
0.11862654371967651,0.30410000000000004
0.11300860201057772,0.3042
0.10730941105535474,0.3043
0.1015798728175108,0.3044
0.09582862661138558,0.3045
0.09007195350557529,0.30460000000000004
0.08432930294204011,0.3047
0.07863624408708958,0.3048
0.0729747068927199,0.3049
0.06739936383244993,0.305
0.06200087659662923,0.30510000000000004
0.056827721261475395,0.3052
0.05192157022922572,0.3053
0.047319008167196586,0.3054
0.04305073953027261,0.3055
0.03914246165557356,0.30560000000000004
0.03561474982827928,0.3057
0.032482118342386235,0.3058
0.029539066875285735,0.3059
0.026698445258996895,0.306
0.024241014922600224,0.30610000000000004
0.02221482323443702,0.3062
0.020622389689551213,0.3063
0.01924695654057862,0.3064
0.017423741371078272,0.3065
0.015314965187525953,0.30660000000000004
0.012850738673292783,0.30670000000000003
0.010374553862505298,0.3068
0.008268628877945217,0.3069
0.006773185181012886,0.307
0.006069258030767077,0.30710000000000004
0.006319976535412053,0.30720000000000003
0.007575361868636277,0.3073
0.00974840686722045,0.3074
0.011715746368512248,0.3075
0.014210387511931044,0.30760000000000004
0.01765599222187242,0.30770000000000003
0.021254222845827453,0.3078
0.02518797488406377,0.3079
0.02992819996859497,0.308
0.03540905244569603,0.30810000000000004
0.04141011659436988,0.30820000000000003
0.0477437453652374,0.3083
0.05424053850501487,0.3084
0.060890562510079405,0.3085
0.06764679254029249,0.30860000000000004
0.07441392320346885,0.30870000000000003
0.08104346459657996,0.3088
0.08750095842244188,0.3089
0.09374485381488828,0.309
0.09974222751119477,0.30910000000000004
0.10547425969660962,0.30920000000000003
0.11091299477618277,0.3093
0.11604878029460608,0.3094
0.12087057082162589,0.3095
0.12533114258894795,0.30960000000000004
0.12938145256009215,0.30970000000000003
0.13307528963534265,0.3098
0.13639340244195597,0.3099
0.13931179529949023,0.31
0.14180830797586175,0.31010000000000004
0.1438653465247901,0.31020000000000003
0.1454715491899372,0.3103
0.14662108189097345,0.3104
0.14731336537797035,0.3105
0.1475521460208491,0.3106
0.14734488463237705,0.31070000000000003
0.14670115150290652,0.3108
0.14284315969173533,0.3109
0.13828194600538268,0.311
0.13350534482863874,0.3111
0.1285738684309481,0.31120000000000003
0.12350501658239255,0.3113
0.11831984046624278,0.3114
0.11303983124643602,0.3115
0.10769505414319047,0.3116
0.10228200665257248,0.31170000000000003
0.09685666881461097,0.3118
0.09147853518298543,0.3119
0.08619358015521394,0.312
0.0810478320107253,0.3121
0.07608698615230813,0.31220000000000003
0.07135339174589228,0.3123
0.06688314939405271,0.3124
0.06270299146822889,0.3125
0.058828989914507135,0.3126
0.05526717087975164,0.31270000000000003
0.052016112390179,0.3128
0.0488135340875584,0.3129
0.04573166837047493,0.313
0.04291701049158014,0.3131
0.04038840229543483,0.31320000000000003
0.037945382877823786,0.3133
0.03533461473997779,0.3134
0.033021718149494506,0.3135
0.0310861947098382,0.3136
0.029294451644509945,0.31370000000000003
0.027416388777801393,0.3138
0.025820118253724322,0.3139
0.024376800398377085,0.314
0.022773527781978276,0.3141
0.020984207210481776,0.31420000000000003
0.019306909664192018,0.3143
0.018100157061210487,0.3144
0.017470020386867624,0.3145
0.017493660021122626,0.3146
0.018223749316659488,0.31470000000000004
0.019670932862904777,0.3148
0.021774511812472364,0.3149
0.02382817788498426,0.315
0.026461609535133546,0.3151
0.029686571920337634,0.31520000000000004
0.033287314898810205,0.3153
0.03709043842265625,0.3154
0.041480201467887,0.3155
0.046413673877396144,0.3156
0.051715708659849424,0.31570000000000004
0.057237175104491333,0.3158
0.06293815233235611,0.3159
0.06876511326771928,0.316
0.0746203010735933,0.3161
0.08040406304530623,0.31620000000000004
0.08579395787066946,0.3163
0.09102186931725798,0.3164
0.09606405847535837,0.3165
0.1008876639078432,0.3166
0.10544262413885608,0.31670000000000004
0.1096980769867979,0.3168
0.11362535927363204,0.3169
0.11720918988776752,0.317
0.12043887124560759,0.3171
0.1233045328386494,0.31720000000000004
0.12579380371383553,0.3173
0.12789439284293613,0.3174
0.12939879338696858,0.3175
0.13039961690272062,0.3176
0.1309715615238528,0.31770000000000004
0.13111814018661483,0.3178
0.1308415642555687,0.3179
0.130146936114378,0.318
0.12904117609304722,0.3181
0.12753280992219063,0.31820000000000004
0.12563085960585618,0.3183
0.12283964210833731,0.3184
0.11740882547113762,0.3185
0.11177371238935785,0.3186
0.10606727708311925,0.31870000000000004
0.10033392145626707,0.31880000000000003
0.09458338394082488,0.3189
0.08883225033904874,0.319
0.08310216804855708,0.3191
0.07743010465852695,0.31920000000000004
0.0717545867925925,0.31930000000000003
0.06621256611657544,0.3194
0.06085775742494959,0.3195
0.05573602212951534,0.3196
0.0508876212401681,0.31970000000000004
0.04634867870585646,0.31980000000000003
0.042149265659298996,0.3199
0.03831457965372209,0.32
0.03486455226717511,0.3201
0.031813068013203605,0.32020000000000004
0.028815658483121398,0.32030000000000003
0.026053462887988488,0.3204
0.023696670800190667,0.3205
0.021774979261595995,0.3206
0.020283325220258996,0.32070000000000004
0.018811207262378504,0.32080000000000003
0.016967074166281515,0.3209
0.014788251166399036,0.321
0.012321555386717087,0.3211
0.00987158174335212,0.32120000000000004
0.007876293714115912,0.32130000000000003
0.006536179649316409,0.3214
0.006029035989867815,0.3215
0.006499894831614839,0.3216
0.007967763183770238,0.32170000000000004
0.010040424962047823,0.32180000000000003
0.012028510820573768,0.3219
0.01479933700449343,0.322
0.018200975910285022,0.3221
0.02163141605402097,0.32220000000000004
0.02585471281565699,0.32230000000000003
0.030906690121485836,0.3224
0.036584394943671494,0.3225
0.0427397324177099,0.3226
0.04918071879862196,0.32270000000000004
0.055759631512083185,0.32280000000000003
0.062462346204264385,0.3229
0.06925045504667926,0.323
0.07602340913898376,0.3231
0.08260223223365915,0.32320000000000004
0.08904890068432247,0.32330000000000003
0.09526079133436671,0.3234
0.1012093468336791,0.3235
0.10688178830510786,0.3236
0.112254639982447,0.32370000000000004
0.11732099673245033,0.32380000000000003
0.12207057306762337,0.3239
0.12640381716436067,0.324
0.13037253446006414,0.3241
0.1339821925355711,0.3242
0.13721102342221725,0.32430000000000003
0.1400354324203006,0.3244
0.1424341898599467,0.3245
0.14439131944905526,0.3246
0.14589664066964791,0.3247
0.14694579263573992,0.32480000000000003
0.14753896714588688,0.3249
0.14768078202946722,0.325
0.14737877930570453,0.3251
0.14616633218551334,0.3252
0.14187749455932752,0.32530000000000003
0.1372670902786709,0.3254
0.13246202774896398,0.3255
0.1275067165382313,0.3256
0.12241624585814814,0.3257
0.11721354507391124,0.32580000000000003
0.11192238756074557,0.3259
0.10657563678970794,0.326
0.10116239894749524,0.3261
0.09575428280844833,0.3262
0.09040396186070687,0.32630000000000003
0.0851567161998319,0.3264
0.08005796418800082,0.3265
0.07515257022687905,0.3266
0.07048161480113568,0.3267
0.06607964619077777,0.32680000000000003
0.06197108997890566,0.3269
0.05816929005497573,0.327
0.05467848694528232,0.3271
0.05149624911914841,0.3272
0.04827228559257479,0.32730000000000004
0.04524216186241703,0.3274
0.04248646284073221,0.3275
0.040018350721008344,0.3276
0.03749503654534703,0.3277
0.03494011337296188,0.32780000000000004
0.03270353279429705,0.3279
0.030851549995642102,0.328
0.028983325532523585,0.3281
0.027182268672342635,0.3282
0.025629607001590893,0.32830000000000004
0.024178831468544493,0.3284
0.022507473940429845,0.3285
0.02072603158653008,0.3286
0.01913855963054467,0.3287
0.01804260667769242,0.32880000000000004
0.017538918750750643,0.3289
0.017700387510699134,0.329
0.018572388678530283,0.3291
0.020156538583772976,0.3292
0.022255904157761464,0.32930000000000004
0.024435446639958336,0.3294
0.027203910282384003,0.3295
0.030546954734974374,0.3296
0.03416111840426295,0.3297
0.038064257614529584,0.32980000000000004
0.04254778228506151,0.3299
0.04755514669994265,0.33
0.052907227057616746,0.3301
0.058456649708132025,0.3302
0.06416694572047199,0.33030000000000004
0.06998736072454703,0.3304
0.07582012684902262,0.3305
0.08154167629787257,0.3306
0.0868938605222841,0.3307
0.09207007571181758,0.33080000000000004
0.097048080755606,0.3309
0.10179836706400058,0.331
0.10627374689560187,0.3311
0.11044547263360915,0.3312
0.1142861814833458,0.33130000000000004
0.11778131852660445,0.33140000000000003
0.12092045556771924,0.3315
0.12369383177559867,0.3316
0.12608920930759437,0.3317
0.12809457414273007,0.33180000000000004
0.12944489947168436,0.33190000000000003
0.1303459280682453,0.332
0.13082052338253203,0.3321
0.13087098027513244,0.3322
0.13049948346700213,0.33230000000000004
0.12971178912586834,0.33240000000000003
0.12851512765740214,0.3325
0.1269184028223158,0.3326
0.12493073061978288,0.3327
0.12157110812436289,0.33280000000000004
0.11609362680913216,0.33290000000000003
0.11043966383385606,0.333
0.1047253459566293,0.3331
0.09898755354182542,0.3332
0.09323727465362219,0.33330000000000004
0.08749144200835723,0.33340000000000003
0.0817742554530062,0.3335
0.076086965156409,0.3336
0.07043679406295567,0.3337
0.06493305018970563,0.33380000000000004
0.05962578207775526,0.33390000000000003
0.054559545686099886,0.334
0.04977414847911388,0.3341
0.04530489698710616,0.3342
0.041181230527865154,0.33430000000000004
0.037427434523262804,0.33440000000000003
0.034062494366536855,0.3345
0.0310764590439756,0.3346
0.028043093220166293,0.3347
0.025366160514512126,0.33480000000000004
0.023113275508200193,0.33490000000000003
0.021299114667163277,0.335
0.01991343082763608,0.3351
0.01831306074342187,0.3352
0.016412324404945222,0.33530000000000004
0.014151008794327069,0.33540000000000003
0.01164784921402262,0.3355
0.009286656456705344,0.3356
0.007424033085672521,0.3357
0.006265272701622582,0.33580000000000004
0.005983743739483627,0.33590000000000003
0.006700946055987478,0.336
0.00839976693546518,0.3361
0.010426427086930756,0.3362
0.012581107755590626,0.33630000000000004
0.015582186604937709,0.33640000000000003
0.01903675746789313,0.3365
0.022637803246295718,0.3366
0.02704403733767813,0.3367
0.032250484406395996,0.33680000000000004
0.0380454780208237,0.33690000000000003
0.04422813181909668,0.337
0.05062862954801184,0.3371
0.0572227497639648,0.3372
0.06396140226916969,0.3373
0.07075165833422237,0.33740000000000003
0.07741249109642023,0.3375
0.083992485409628,0.3376
0.09043016685368777,0.3377
0.09661222141052395,0.3378
0.10251956969649278,0.33790000000000003
0.10814063699256116,0.338
0.11345786457102769,0.3381
0.11846434771548453,0.3382
0.12313847869014716,0.3383
0.12738353067373698,0.33840000000000003
0.13127893706401117,0.3385
0.13481028804247897,0.3386
0.1379549168917471,0.3387
0.14068969136576503,0.3388
0.1429946153772501,0.33890000000000003
0.1448551021631821,0.339
0.14626225270637883,0.3391
0.1472127314956877,0.3392
0.14770762848733054,0.3393
0.14775220230173214,0.33940000000000003
0.14735453189460568,0.3395
0.1452786800246113,0.3396
0.14091217452303273,0.3397
0.13625731998598978,0.3398
0.13141995013742125,0.33990000000000004
0.12643648889264003,0.34
0.12132468607547053,0.3401
0.11610737334588817,0.3402
0.11081013437206855,0.3403
0.10546574969536515,0.34040000000000004
0.10005515560087874,0.3405
0.09466596597885779,0.3406
0.089343310295533,0.3407
0.08413233809389553,0.3408
0.07907879370023008,0.34090000000000004
0.0742274695206746,0.341
0.0696183926316577,0.3411
0.06528427104349366,0.3412
0.061247589648013245,0.3413
0.05751961699503605,0.34140000000000004
0.054102479163491424,0.3415
0.050970255493548056,0.3416
0.047753245206180406,0.3417
0.044780657304403615,0.3418
0.04208711065834425,0.34190000000000004
0.03968121548056902,0.342
0.037083205537684405,0.3421
0.03458362591515485,0.3422
0.03242222514332105,0.3423
0.03065453557300435,0.34240000000000004
0.028712120256642937,0.3425
0.02698945220096416,0.3426
0.025478443531621986,0.3427
0.023985446458903548,0.3428
0.022257116359601925,0.34290000000000004
0.020489294306417216,0.343
0.018994373420153643,0.3431
0.018012460064560365,0.3432
0.017637113476989263,0.3433
0.01793724455125756,0.34340000000000004
0.018949136236620534,0.3435
0.020666535878009595,0.3436
0.022744771720127677,0.3437
0.025049231642864767,0.3438
0.027951723023740493,0.34390000000000004
0.031410859367485555,0.34400000000000003
0.03503347242254162,0.3441
0.039033730969695535,0.3442
0.04360767846226321,0.3443
0.04868558873327955,0.34440000000000004
0.05408443080883263,0.34450000000000003
0.059658491290949245,0.3446
0.06537465578703117,0.3447
0.07118499266623834,0.3448
0.07699187476720892,0.34490000000000004
0.0826489300857316,0.34500000000000003
0.08796103857009219,0.3451
0.09308371110699443,0.3452
0.09799634073318919,0.3453
0.10267280731195072,0.34540000000000004
0.10706877134378479,0.34550000000000003
0.11115750522448509,0.3456
0.11491279028597357,0.3457
0.11832060606021888,0.3458
0.12137061312899278,0.34590000000000004
0.12405303367962006,0.34600000000000003
0.1263556919925809,0.3461
0.12822812319504895,0.3462
0.12946262232835315,0.3463
0.1302661936945,0.34640000000000004
0.13064450634843539,0.34650000000000003
0.13059954248391625,0.3466
0.1301339866681105,0.3467
0.1292540763487381,0.3468
0.12796744005643856,0.34690000000000004
0.12628321718602986,0.34700000000000003
0.12421058512037142,0.3471
0.12027790212518163,0.3472
0.11475726995477964,0.3473
0.1090883653694682,0.34740000000000004
0.10336952309638725,0.34750000000000003
0.09762934355854358,0.3476
0.09187979492927578,0.3477
0.08613881455781913,0.3478
0.08043479999623016,0.34790000000000004
0.07473216369784486,0.34800000000000003
0.06911261822478032,0.3481
0.06365144248847099,0.3482
0.05839668520979413,0.3483
0.05339150355295641,0.34840000000000004
0.04867508708003898,0.34850000000000003
0.044281965577861904,0.3486
0.04024094263347844,0.3487
0.036574362756321754,0.3488
0.03329955408746188,0.34890000000000004
0.030285186637735384,0.34900000000000003
0.027334433553567683,0.3491
0.024758271523142028,0.3492
0.022610475947755893,0.3493
0.02089945167210039,0.34940000000000004
0.01961476164956588,0.34950000000000003
0.017843747567904522,0.3496
0.015855350244984523,0.3497
0.013447083496398227,0.3498
0.010939546895526453,0.34990000000000004
0.008695088588718924,0.35000000000000003
0.0070038425211280675,0.3501
0.00604988547282681,0.3502
0.006016143905150262,0.3503
0.006992473591431292,0.3504
0.008922675627072829,0.35050000000000003
0.010907686146669926,0.3506
0.013220531683279413,0.3507
0.016437927793046647,0.3508
0.019941446200944624,0.3509
0.023703283151584875,0.35100000000000003
0.028277529505449595,0.3511
0.033623296900613164,0.3512
0.03952232769001185,0.3513
0.045781142936215824,0.3514
0.05223022699632951,0.35150000000000003
0.05885341861083515,0.3516
0.06560314640362841,0.3517
0.07238551568149165,0.3518
0.07903879679958703,0.3519
0.08554952870066213,0.35200000000000004
0.09186968436636223,0.3521
0.09795914278989004,0.3522
0.10379217624648474,0.3523
0.10933657092795612,0.3524
0.11458003518828452,0.35250000000000004
0.11951121028932143,0.3526
0.1240954298241076,0.3527
0.12826202334924264,0.3528
0.1320790678627467,0.3529
0.13552864438549395,0.35300000000000004
0.13858671137442635,0.3531
0.14123000706432254,0.3532
0.14343945052251095,0.3533
0.14520190598491978,0.3534
0.14650982906181287,0.35350000000000004
0.14736098347722337,0.3536
0.14775763771328798,0.3537
0.14770600913768217,0.3538
0.14721481801313074,0.3539
0.1443258729401551,0.35400000000000004
0.13988999123623858,0.3541
0.1351989872466658,0.3542
0.13033750466240857,0.3543
0.1253329960367623,0.3544
0.12020437832427955,0.35450000000000004
0.1149734296453725,0.3546
0.10966777489738011,0.3547
0.10430675758114671,0.3548
0.09890384036323763,0.3549
0.09353368756447977,0.35500000000000004
0.08824103416958962,0.3551
0.08307122150353319,0.3552
0.0780702174932334,0.3553
0.07328190650767308,0.3554
0.06874444104285615,0.35550000000000004
0.06448747549073308,0.3556
0.06053029435214341,0.3557
0.056881561302237094,0.3558
0.05354145446351466,0.3559
0.05040524083857978,0.35600000000000004
0.047247910581138974,0.3561
0.044340098356244306,0.3562
0.04171195233933522,0.3563
0.039370234313022445,0.3564
0.03669508409709121,0.35650000000000004
0.034257582088393024,0.35660000000000003
0.03217915146523187,0.3567
0.030499101619048785,0.3568
0.028487058248225283,0.3569
0.026818873214064398,0.35700000000000004
0.025343629623514108,0.35710000000000003
0.023834284480822587,0.3572
0.022076429023510258,0.3573
0.020329121542307815,0.3574
0.018932337869493,0.35750000000000004
0.018068569886178665,0.35760000000000003
0.017822993319312364,0.3577
0.01825996209659353,0.3578
0.019407477156666575,0.3579
0.02125215780840639,0.35800000000000004
0.023310403305256244,0.35810000000000003
0.025667127437028592,0.3582
0.02859864913204513,0.3583
0.03214869560258804,0.3584
0.035692446535386946,0.35850000000000004
0.039820940490449264,0.35860000000000003
0.044526635609930754,0.3587
0.04964585650925901,0.3588
0.05502713382749036,0.3589
0.06062499621771755,0.35900000000000004
0.06638091202071217,0.35910000000000003
0.0721982097821734,0.3592
0.07799228679703363,0.3593
0.0834896660429858,0.3594
0.08879998985221327,0.35950000000000004
0.09390934809841989,0.35960000000000003
0.09879615286961652,0.3597
0.103431727658988,0.3598
0.10777775508597442,0.3599
0.1118075548903783,0.36000000000000004
0.11549834987860852,0.36010000000000003
0.11883652195545669,0.3602
0.12181342892598235,0.3603
0.12441860997268639,0.3604
0.12664087714004035,0.36050000000000004
0.12838176133112578,0.36060000000000003
0.1295243304664887,0.3607
0.130236623007152,0.3608
0.13052420120746322,0.3609
0.13038941809346527,0.36100000000000004
0.12983608227450016,0.36110000000000003
0.12887060394611138,0.3612
0.12750088445710273,0.3613
0.12573575035175555,0.3614
0.1235843056749022,0.36150000000000004
0.11907409295801197,0.36160000000000003
0.11350828201874452,0.3617
0.10782256004676272,0.3618
0.10209773328983329,0.3619
0.09635483064006045,0.36200000000000004
0.09060737340971703,0.36210000000000003
0.08487331027906997,0.3622
0.07917749485179537,0.3623
0.0734674593344925,0.3624
0.0678758740539962,0.36250000000000004
0.0624551151911652,0.36260000000000003
0.05725095437507943,0.3627
0.05230464473853225,0.3628
0.047654713560355555,0.3629
0.04333464405360665,0.36300000000000004
0.039372244389053845,0.36310000000000003
0.03578873862644394,0.3632
0.03260013420413088,0.3633
0.029563932136809745,0.3634
0.02669122783489586,0.3635
0.024210062435003232,0.36360000000000003
0.022161156339263854,0.3637
0.02054688115019565,0.3638
0.019219518868296426,0.3639
0.01740753284614982,0.364
0.015324656799142522,0.36410000000000003
0.012860255544416166,0.3642
0.010360739651878559,0.3643
0.00821393829877981,0.3644
0.006667019115905726,0.3645
0.0059091254190604126,0.36460000000000004
0.006098711293236692,0.3647
0.007288409602714818,0.3648
0.009410892437227592,0.3649
0.011355657181317147,0.365
0.013816010832629733,0.36510000000000004
0.017228147756738865,0.3652
0.020792217657957357,0.3653
0.024698667975936894,0.3654
0.029417972485359378,0.3655
0.034883267633080584,0.36560000000000004
0.04087234122584937,0.3657
0.04719732252666664,0.3658
0.05368885185965788,0.3659
0.06033678742338833,0.366
0.06709483176379405,0.36610000000000004
0.07386859466391227,0.3662
0.08051909194116569,0.3663
0.08699788591432889,0.3664
0.09326761923541738,0.3665
0.09929419967692343,0.36660000000000004
0.10505771144910481,0.3667
0.11052968847439992,0.3668
0.115700297920868,0.3669
0.12055863832219205,0.367
0.1250211973733859,0.36710000000000004
0.12911335039239458,0.3672
0.13285369748927323,0.3673
0.1362217711951852,0.3674
0.1391931939870027,0.3675
0.14174577084908502,0.36760000000000004
0.14386152738758062,0.3677
0.14552865520007774,0.3678
0.1467406618831537,0.3679
0.14749630112993029,0.368
0.14779871548766577,0.36810000000000004
0.14765487608735628,0.3682
0.14707398831952412,0.3683
0.14340154727200782,0.3684
0.1389024266052047,0.3685
0.13417976141848065,0.36860000000000004
0.12929741590506272,0.3687
0.12427441601707545,0.3688
0.11913158110067934,0.3689
0.11389048307012195,0.369
0.10858074598500134,0.36910000000000004
0.1032091335311145,0.36920000000000003
0.09781373281085026,0.3693
0.09246001942736293,0.3694
0.08719387643418886,0.3695
0.08206127983749323,0.36960000000000004
0.07710790630821429,0.36970000000000003
0.07237637010030973,0.3698
0.06790317693302561,0.3699
0.06371563138342351,0.37
0.05983037650581924,0.37010000000000004
0.05625379377639539,0.37020000000000003
0.052984546285140155,0.3703
0.04983597451787247,0.3704
0.04673513136504459,0.3705
0.043889801893005176,0.37060000000000004
0.041324032701829605,0.37070000000000003
0.038938349472095624,0.3708
0.03628974599936097,0.3709
0.03392267403225846,0.371
0.031924648821501256,0.37110000000000004
0.030183733510803057,0.37120000000000003
0.028250926657922948,0.3713
0.02663466728944819,0.3714
0.02521144735062686,0.3715
0.023666982977070372,0.37160000000000004
0.02191488156818422,0.37170000000000003
0.020190145697126516,0.3718
0.01888821431373211,0.3719
0.018137422799158642,0.372
0.01801736105095686,0.37210000000000004
0.018586250964702344,0.37220000000000003
0.019864034578693568,0.3723
0.02183078859215981,0.3724
0.023869582842045434,0.3725
0.026339515649488776,0.37260000000000004
0.029388000003002457,0.37270000000000003
0.032956709175508525,0.3728
0.03659559228431397,0.3729
0.040814834070332484,0.373
0.04559247256305343,0.37310000000000004
0.05076070198993832,0.37320000000000003
0.05616978502066705,0.3733
0.06177755406533636,0.3734
0.06752828222856389,0.3735
0.0733252910684955,0.37360000000000004
0.07908496364193918,0.37370000000000003
0.0844786709923947,0.3738
0.0896792830310077,0.3739
0.09470909106915548,0.374
0.09953387297174143,0.37410000000000004
0.10410079365262492,0.37420000000000003
0.10837566789310693,0.3743
0.1123278861007373,0.3744
0.11594066004535208,0.3745
0.11920268556751923,0.37460000000000004
0.12210403169647732,0.37470000000000003
0.124632524035178,0.3748
0.12677597270518648,0.3749
0.12839208501263277,0.375
0.12944612754415152,0.37510000000000004
0.13007180842045885,0.37520000000000003
0.13027412168632857,0.3753
0.13005529419956152,0.3754
0.12941964671202077,0.3755
0.12837374426760795,0.37560000000000004
0.126925708151589,0.37570000000000003
0.12508449562938462,0.3758
0.12285931723608101,0.3759
0.11788850111550842,0.376
0.11228552703564587,0.37610000000000005
0.10658687552886059,0.37620000000000003
0.100858614612377,0.3763
0.09511523083104723,0.3764
0.0893714600653629,0.3765
0.08364576155350556,0.3766
0.07792634723942804,0.37670000000000003
0.07223688190078259,0.3768
0.06667733456022962,0.3769
0.06129766944529491,0.377
0.05614243253769935,0.3771
0.05125245146346891,0.37720000000000004
0.04666538531186015,0.3773
0.042413819620073845,0.3774
0.03852543480895032,0.3775
0.0350217716654635,0.3776
0.031917830376938516,0.37770000000000004
0.02884529404459757,0.3778
0.026053763543044228,0.3779
0.023673958882606927,0.378
0.021730453706607644,0.3781
0.020218177786476277,0.37820000000000004
0.018798450977610015,0.3783
0.016976801187094104,0.3784
0.014807395323501282,0.3785
0.012323568873029211,0.3786
0.00984293270637604,0.37870000000000004
0.007804941615976224,0.3788
0.006412879346902933,0.3789
0.00586410037648788,0.379
0.006283200377615206,0.3791
0.007679794685410801,0.37920000000000004
0.009725775070495546,0.3793
0.011675953592714228,0.3794
0.014402790802040766,0.3795
0.01777033385787652,0.3796
0.021168888945154007,0.37970000000000004
0.025362831842242306,0.3798
0.030391811352541875,0.3799
0.03605219069991761,0.38
0.04219396879523818,0.3801
0.04862520313202112,0.38020000000000004
0.05519811761635962,0.3803
0.06189842558529102,0.3804
0.0686883549206383,0.3805
0.07546822328922564,0.3806
0.08206902871798938,0.38070000000000004
0.0885374405933429,0.3808
0.0947756796941025,0.3809
0.10075404973211177,0.381
0.10645875776598512,0.3811
0.11186591770030552,0.38120000000000004
0.11696850144895854,0.38130000000000003
0.12173883531065433,0.3814
0.12609396634771108,0.3815
0.13010744195926627,0.3816
0.1337657857744431,0.38170000000000004
0.13704635016185618,0.38180000000000003
0.13992535821158059,0.3819
0.14238147596139505,0.382
0.14439842738563635,0.3821
0.14596557106026264,0.38220000000000004
0.14707790751697625,0.38230000000000003
0.14773499385355482,0.3824
0.14794087212779372,0.3825
0.14770262986978733,0.3826
0.14667327397266494,0.38270000000000004
0.14244986165781193,0.38280000000000003
0.13789737520207623,0.3829
0.13314541121400203,0.383
0.1282395753619764,0.3831
0.12319471202648757,0.38320000000000004
0.11803384472191791,0.38330000000000003
0.11278043424362527,0.3834
0.1074670188301251,0.3835
0.10209462210286646,0.3836
0.09671421091051369,0.38370000000000004
0.09138600505128958,0.38380000000000003
0.08615535537435293,0.3839
0.08106769746031006,0.384
0.07616793289000834,0.3841
0.07149743772357164,0.38420000000000004
0.06709121372138549,0.38430000000000003
0.06297418525171816,0.3844
0.059160122296286755,0.3845
0.055653550564285226,0.3846
0.05245213818608474,0.38470000000000004
0.04928338653897435,0.38480000000000003
0.046233290873049615,0.3849
0.04344561487254528,0.385
0.04093910736803763,0.3851
0.03847455230337671,0.38520000000000004
0.03588060215648414,0.38530000000000003
0.033587933145094784,0.3854
0.031671683643725634,0.3855
0.029855936682226636,0.3856
0.027999721144557732,0.38570000000000004
0.026426484349746593,0.38580000000000003
0.02500870011724965,0.3859
0.023427409141707933,0.386
0.021656231196667042,0.3861
0.019992512666558104,0.38620000000000004
0.018795044622507806,0.38630000000000003
0.018166921447018147,0.3864
0.01818273252107505,0.3865
0.018893714597067346,0.3866
0.020311159794796474,0.38670000000000004
0.02240764309336507,0.38680000000000003
0.024431825023124798,0.3869
0.02702411895888779,0.387
0.030197940964544534,0.3871
0.033791994329387176,0.38720000000000004
0.03753380110360682,0.38730000000000003
0.04185047414261667,0.3874
0.04670600800009406,0.3875
0.05192865686152803,0.3876
0.05737036756128622,0.38770000000000004
0.06299220449359377,0.38780000000000003
0.06874111215450385,0.3879
0.0745202695550421,0.388
0.08024690815652824,0.3881
0.08557470182263249,0.38820000000000005
0.09072654228622445,0.38830000000000003
0.09569615085939087,0.3884
0.10045118004858422,0.3885
0.10494102095234281,0.3886
0.10913402201340927,0.38870000000000005
0.11300096014679384,0.38880000000000003
0.11652613164532144,0.3889
0.11969871254829934,0.389
0.12250893062680501,0.3891
0.12494464917670645,0.38920000000000005
0.12699385779513084,0.38930000000000003
0.12845745622149873,0.3894
0.1294120981111324,0.3895
0.12994063411139423,0.3896
0.13004695857601334,0.38970000000000005
0.1297333543433561,0.38980000000000004
0.12900483379789063,0.3899
0.12786825974846172,0.39
0.1263320976745308,0.3901
0.12440538517153421,0.3902
0.122006502310677,0.39030000000000004
0.11658418348234223,0.3904
0.11094495489836032,0.3905
0.10523520428814548,0.3906
0.0995051643187077,0.3907
0.09376324281836801,0.39080000000000004
0.08802547736946609,0.3909
0.08231112621722325,0.391
0.07657092721759018,0.3911
0.07090484550167941,0.3912
0.06537963480444697,0.39130000000000004
0.06004315924938097,0.3914
0.05493981209992671,0.3915
0.05011083499113411,0.3916
0.045593347888180924,0.3917
0.04141888338791122,0.39180000000000004
0.03761379026499179,0.3919
0.03419866688578144,0.392
0.031135090583598757,0.3921
0.028073724211862494,0.3922
0.025374843649030865,0.39230000000000004
0.02310039742072223,0.3924
0.021264857502132806,0.3925
0.01986015361464699,0.3926
0.018318511424430417,0.3927
0.01644581244375809,0.39280000000000004
0.014184012665849899,0.3929
0.011655882815128749,0.393
0.009258507152434703,0.3931
0.007351042692986365,0.3932
0.006139541546352989,0.39330000000000004
0.0058313124765672075,0.3934
0.006509230161707347,0.3935
0.00813309674456364,0.3936
0.010131939620180663,0.3937
0.012248304108377406,0.39380000000000004
0.015204883690874693,0.39390000000000003
0.01862311051653509,0.394
0.022190600279943018,0.3941
0.026566011980650783,0.3942
0.03174703545059199,0.39430000000000004
0.03752138805072702,0.39440000000000003
0.04368767201867452,0.3945
0.05007615685462752,0.3946
0.05666198207036133,0.3947
0.06339617523955632,0.39480000000000004
0.07018684131836772,0.39490000000000003
0.07686296530083092,0.395
0.08345752745704038,0.3951
0.08991502079692015,0.3952
0.09612192897992489,0.39530000000000004
0.10205779711519225,0.39540000000000003
0.10770995575576925,0.3955
0.1130605393747256,0.3956
0.11810258162619669,0.3957
0.12277962396713171,0.39580000000000004
0.1270658869889666,0.39590000000000003
0.13100720555862766,0.396
0.13458778024745055,0.3961
0.13778445910128523,0.3962
0.14057412634595878,0.39630000000000004
0.1429365927256806,0.39640000000000003
0.14485703282276863,0.3965
0.14632604526964677,0.3966
0.14733965126149473,0.3967
0.14789831614092186,0.39680000000000004
0.14800674775135725,0.39690000000000003
0.1476726212606202,0.397
0.14579827711089122,0.3971
0.14149641474758068,0.3972
0.13689795882877798,0.39730000000000004
0.13211211180104265,0.39740000000000003
0.12717676532919464,0.3975
0.12210933976390936,0.3976
0.11693271401000671,0.3977
0.11167202723962033,0.39780000000000004
0.10636063024896747,0.39790000000000003
0.10098832973865157,0.398
0.09562504546173967,0.3981
0.09032265545084128,0.3982
0.08512649569926867,0.39830000000000004
0.080082314656024,0.39840000000000003
0.07523491486734624,0.3985
0.07062473017654791,0.3986
0.0662848543325294,0.3987
0.06223780733214623,0.39880000000000004
0.05849495684447814,0.39890000000000003
0.05505892272405988,0.399
0.051926107587113135,0.3991
0.04873283880542356,0.3992
0.04573630835773668,0.39930000000000004
0.04300979908418601,0.39940000000000003
0.040565891273266264,0.3995
0.038027891592793184,0.3996
0.03549279787784676,0.3997
0.033279126064498676,0.39980000000000004
0.03144933685427631,0.39990000000000003
0.029570669110740244,0.4
0.02779375605814005,0.4001
0.026268518335131663,0.4002
0.024848979358894407,0.40030000000000004
0.023209494709453216,0.40040000000000003
0.02144888931363864,0.4005
0.019876334600418044,0.4006
0.018788580238464414,0.4007
0.018283546710730736,0.40080000000000005
0.018431782300938115,0.40090000000000003
0.01927768610918723,0.401
0.020824847910579924,0.4011
0.022913131822080546,0.4012
0.025057246529341493,0.40130000000000005
0.02777787942674914,0.40140000000000003
0.031063482125381014,0.4015
0.03466783203858537,0.4016
0.038503572104656714,0.4017
0.042908043970450116,0.40180000000000005
0.047832108410977625,0.40190000000000003
0.05310005753648639,0.402
0.058565447123445136,0.4021
0.06419267715637922,0.4022
0.06993144947023622,0.40230000000000005
0.07568501394771743,0.40240000000000004
0.08136429343668805,0.4025
0.08663491708062043,0.4026
0.09173261549558331,0.4027
0.09663700298909139,0.40280000000000005
0.10131828758816996,0.40290000000000004
0.10572824723498231,0.403
0.10983739869518816,0.4031
0.11361767902140307,0.4032
0.11705413812412768,0.4033
0.12013621144967357,0.40340000000000004
0.12285422604833784,0.4035
0.1251961528497082,0.4036
0.12715026839062338,0.4037
0.12845975397619713,0.4038
0.12931513884175938,0.40390000000000004
0.12974699786684463,0.404
0.12975798909309588,0.4041
0.1293503590814732,0.4042
0.12852977068957627,0.4043
0.12730337899664534,0.40440000000000004
0.12568001245317184,0.4045
0.12366879276068421,0.4046
0.12073056320498143,0.4047
0.11526543359077235,0.4048
0.10960984499220261,0.40490000000000004
0.10389423372296847,0.405
0.09816173179566046,0.4051
0.09242194583384766,0.4052
0.08669128775827106,0.4053
0.08096786714954196,0.40540000000000004
0.07523238283352973,0.4055
0.0695959787400533,0.4056
0.0641104361803636,0.4057
0.05882215737987262,0.4058
0.05377481877632295,0.40590000000000004
0.049009175816584705,0.406
0.044561666847235504,0.4061
0.04046313350624131,0.4062
0.036738978635347586,0.4063
0.03340886854143976,0.40640000000000004
0.030296571348881862,0.40650000000000003
0.02731713715002737,0.4066
0.024721993144581234,0.4067
0.022556825160098493,0.4068
0.02082925385019374,0.40690000000000004
0.0195312655670965,0.40700000000000003
0.017839654763371016,0.4071
0.015873045473139946,0.4072
0.013477699196861703,0.4073
0.010951113319278116,0.40740000000000004
0.00865787381944294,0.40750000000000003
0.006904084089412343,0.4076
0.005902841378530477,0.4077
0.005838537984089731,0.4078
0.006759747293259455,0.40790000000000004
0.00861386761788685,0.40800000000000003
0.010563833078791607,0.4081
0.012847415159839004,0.4082
0.01603322063402568,0.4083
0.019508686689200028,0.40840000000000004
0.023244089990152483,0.40850000000000003
0.027795061998354464,0.4086
0.0331222645353102,0.4087
0.03900653457372116,0.4088
0.04525393579686332,0.40890000000000004
0.0516949269177267,0.40900000000000003
0.05831296244959794,0.4091
0.06506090910110196,0.4092
0.07184608879889143,0.4093
0.0785145919485406,0.40940000000000004
0.0850793824789452,0.40950000000000003
0.09148548496481712,0.4096
0.09762386391283306,0.4097
0.1034815801472152,0.4098
0.10905179869095583,0.40990000000000004
0.11432008131988936,0.41000000000000003
0.11927413653087116,0.4101
0.12381776270395162,0.4102
0.12802266521730077,0.4103
0.13188060520639178,0.41040000000000004
0.13537270247309197,0.41050000000000003
0.13847527750920507,0.4106
0.14116623728385191,0.4107
0.14342648895311183,0.4108
0.14524255993726165,0.41090000000000004
0.146606158960095,0.41100000000000003
0.14751442564809547,0.4111
0.1479688583938389,0.4112
0.14797509838328404,0.4113
0.147541456310754,0.41140000000000004
0.14477925962004146,0.41150000000000003
0.14040671432629237,0.4116
0.13577298603294208,0.4117
0.1309642425752855,0.4118
0.12600889878250043,0.41190000000000004
0.12092604536219853,0.41200000000000003
0.11573774546571036,0.4121
0.11047144843945511,0.4122
0.10515630642979423,0.4123
0.09978809192972349,0.41240000000000004
0.09444689743373802,0.41250000000000003
0.08917697675821645,0.4126
0.08402348193603826,0.4127
0.07903253415637113,0.4128
0.07424866381841466,0.41290000000000004
0.0697108429105987,0.41300000000000003
0.06544952804902648,0.4131
0.061484591323392346,0.4132
0.05782493587928861,0.4133
0.05447063793601292,0.41340000000000005
0.05138195893977748,0.41350000000000003
0.04820895365117628,0.4136
0.045274892978182546,0.4137
0.04261317205425885,0.4138
0.040232455268170764,0.41390000000000005
0.03760617239277719,0.41400000000000003
0.03512888718614282,0.4141
0.03299542413748968,0.4142
0.03125624978083952,0.4143
0.029298877553160407,0.41440000000000005
0.027610595374213398,0.41450000000000004
0.02613446570562039,0.4146
0.024664062419240462,0.4147
0.02295555318093534,0.4148
0.021206489232580283,0.41490000000000005
0.019731951433503703,0.41500000000000004
0.018765546553396906,0.4151
0.018395885167129533,0.4152
0.01869019222741941,0.4153
0.0196834123191163,0.41540000000000005
0.021371065229812247,0.41550000000000004
0.023437318285319142,0.4156
0.02571223355805885,0.4157
0.028572452874944698,0.4158
0.03197858666850095,0.41590000000000005
0.03558673244049082,0.41600000000000004
0.0395218451259185,0.4161
0.04401860714796757,0.4162
0.049013938472733276,0.4163
0.05432808425815394,0.4164
0.059816497843427685,0.41650000000000004
0.06544721548211885,0.4166
0.07117293847444406,0.4167
0.07689698075953966,0.4168
0.08250291773619856,0.4169
0.08772998458283798,0.41700000000000004
0.09277018311980789,0.4171
0.09760462645252943,0.4172
0.10220706894937936,0.4173
0.10653236349732964,0.4174
0.11055320457261675,0.41750000000000004
0.11424283116825029,0.4176
0.11758695385542439,0.4177
0.12057519310459686,0.4178
0.12319791622142962,0.4179
0.12544317314090225,0.41800000000000004
0.12726178151446343,0.4181
0.1284443947472328,0.4182
0.12919930478176955,0.4183
0.12953242125361186,0.4184
0.1294457755727464,0.41850000000000004
0.1289419931619068,0.4186
0.12802723257150994,0.4187
0.12670903839540704,0.4188
0.12499651027230863,0.4189
0.12289884737053913,0.41900000000000004
0.11935972128577199,0.41910000000000003
0.11385227136880915,0.4192
0.10818430602138962,0.4193
0.10246758772600906,0.4194
0.09673649652288496,0.41950000000000004
0.09100156810365956,0.41960000000000003
0.08528015148045942,0.4197
0.07953730858418018,0.4198
0.07382740651205966,0.4199
0.06822937517796468,0.42000000000000004
0.06279254090720032,0.42010000000000003
0.05756245788521541,0.4202
0.05258237006604505,0.4203
0.047892179997053086,0.4204
0.04352724788953277,0.42050000000000004
0.03951715465515826,0.42060000000000003
0.03588586199301491,0.4207
0.032651703154845224,0.4208
0.029504592114654393,0.4209
0.026613424078310244,0.42100000000000004
0.024126976347515372,0.42110000000000003
0.02207434730157276,0.4212
0.020455930023606683,0.4213
0.01916270154080979,0.4214
0.017376804722035066,0.42150000000000004
0.015318149688658966,0.42160000000000003
0.012856428847878076,0.4217
0.010342677909422227,0.4218
0.008173497018756803,0.4219
0.006596104994427199,0.42200000000000004
0.005828876718340981,0.42210000000000003
0.0059965148215097575,0.4222
0.007131745745346585,0.4223
0.009216493464550002,0.4224
0.011142454246185318,0.42250000000000004
0.013576208928358424,0.42260000000000003
0.016962181673243926,0.4227
0.020499281288240523,0.4228
0.024382032112506113,0.4229
0.02908042931373478,0.42300000000000004
0.034527238223151624,0.42310000000000003
0.040499641676350784,0.4232
0.04680969198691254,0.4233
0.053288427631722035,0.4234
0.059925730467496496,0.42350000000000004
0.06667604986949527,0.42360000000000003
0.07344591904207876,0.4237
0.08011002948140555,0.4238
0.08659681161901223,0.4239
0.09287840779588619,0.42400000000000004
0.09892027314941909,0.42410000000000003
0.10470181798703404,0.4242
0.11019424058442662,0.4243
0.11538762128673397,0.4244
0.12026408900933849,0.42450000000000004
0.12472194730252562,0.42460000000000003
0.12884484026044796,0.4247
0.13262035966336172,0.4248
0.1360268625422234,0.4249
0.1390397113033076,0.42500000000000004
0.14163682008013068,0.42510000000000003
0.1438000265945506,0.4252
0.1455172171818695,0.4253
0.1467813274533767,0.4254
0.14759048669291064,0.42550000000000004
0.14794725699004607,0.42560000000000003
0.1478581346095198,0.4257
0.147331967257732,0.4258
0.14378405973346153,0.4259
0.13934250224647826,0.42600000000000005
0.13467254356105018,0.42610000000000003
0.1298396781489689,0.4262
0.12486365751199191,0.4263
0.11976508120637475,0.4264
0.11456546481618846,0.42650000000000005
0.10929407185487983,0.42660000000000003
0.10396102197083723,0.4267
0.09860024739022522,0.4268
0.09327687790460448,0.4269
0.08803648719039892,0.42700000000000005
0.08292490937880148,0.42710000000000004
0.07798781069745098,0.4272
0.0732679700836526,0.4273
0.06880215753800445,0.4274
0.0646180315445648,0.42750000000000005
0.06073257699595669,0.42760000000000004
0.057152355409324285,0.4277
0.05387602037689221,0.4278
0.05077658817911024,0.4279
0.04766718845099849,0.42800000000000005
0.04480338630529279,0.42810000000000004
0.04221295328054331,0.4282
0.039876950621007934,0.4283
0.03720195273037641,0.4284
0.034794762223252285,0.42850000000000005
0.03274867224129885,0.42860000000000004
0.031051039520221257,0.4287
0.029075371877999245,0.4288
0.027446297650676632,0.4289
0.026011608788796048,0.42900000000000005
0.02453781981794778,0.42910000000000004
0.022808408908832734,0.4292
0.021084553954689333,0.4293
0.019708951444682432,0.4294
0.018859624919631557,0.4295
0.01861864997870888,0.42960000000000004
0.01904809018835607,0.4297
0.020175415754091874,0.4298
0.021988960867882046,0.4299
0.024039906400299405,0.43
0.026365215014496624,0.43010000000000004
0.029250823780410107,0.4302
0.03276201587947036,0.4303
0.03627474197475,0.4304
0.040333895478240844,0.4305
0.044959441476483786,0.43060000000000004
0.049993443410826455,0.4307
0.0552871247104223,0.4308
0.06079608795823788,0.4309
0.06646302510648716,0.431
0.07219221489810612,0.43110000000000004
0.07790012806787971,0.4312
0.08334543582962184,0.4313
0.08856744526743143,0.4314
0.09359120982008717,0.4315
0.09839680971521192,0.43160000000000004
0.10295534613062951,0.43170000000000003
0.10722761778678613,0.4318
0.11118638017735616,0.4319
0.11480834286232167,0.432
0.11807968116979417,0.43210000000000004
0.12099177433564856,0.43220000000000003
0.12353437688939772,0.4323
0.12569658930679628,0.4324
0.1273792358303263,0.4325
0.12846800572304073,0.43260000000000004
0.12913017503887536,0.43270000000000003
0.12937144752324115,0.4328
0.12919416853699028,0.4329
0.1286020655878346,0.433
0.1276014382156292,0.43310000000000004
0.12620009375382835,0.43320000000000003
0.124406811950317,0.4333
0.12223073099823034,0.4334
0.11813711322404263,0.4335
0.11258690999239718,0.43360000000000004
0.10690369039516967,0.43370000000000003
0.10118247039527861,0.4338
0.0954504162566735,0.4339
0.08971961194002809,0.434
0.08400716577229128,0.43410000000000004
0.0782482860508481,0.43420000000000003
0.07256093356096438,0.4343
0.06699670955794035,0.4344
0.061602751318911575,0.4345
0.05642357376718321,0.43460000000000004
0.05150201713392777,0.43470000000000003
0.046877478152409946,0.4348
0.042585140346700134,0.4349
0.03865413315511357,0.435
0.03510649333349303,0.43510000000000004
0.03194884044691548,0.43520000000000003
0.02878065308973432,0.4353
0.025969401677444992,0.4354
0.023578477131889874,0.4355
0.021625701503394046,0.43560000000000004
0.0201066997330257,0.43570000000000003
0.0187025637845446,0.4358
0.016907773742077525,0.4359
0.014751536317799463,0.436
0.012261182278355154,0.43610000000000004
0.00976216403855834,0.43620000000000003
0.007700446918656345,0.4363
0.006280229991070252,0.4364
0.005766179035738839,0.4365
0.0062021110343151165,0.43660000000000004
0.007542011546774585,0.43670000000000003
0.009555046425606672,0.4368
0.011487642829383526,0.4369
0.014191110300160181,0.437
0.01752633621171884,0.43710000000000004
0.020908607686042746,0.43720000000000003
0.025087940117464624,0.4373
0.03010278654858234,0.4374
0.03574860582064909,0.4375
0.04187652104146622,0.43760000000000004
0.04829457901635226,0.43770000000000003
0.054855958312563624,0.4378
0.06154652487246626,0.4379
0.06832923904662269,0.438
0.07510524494579274,0.43810000000000004
0.08172913067356635,0.43820000000000003
0.0882038796547584,0.4383
0.09445119174166416,0.4384
0.10044167832463913,0.4385
0.10616122434658981,0.43860000000000005
0.11158577047980744,0.43870000000000003
0.11670839976699321,0.4388
0.121460108334708,0.4389
0.12584169017210145,0.439
0.1298862387291665,0.43910000000000005
0.13357839631932278,0.43920000000000003
0.13689485927464407,0.4393
0.13981198214784496,0.4394
0.14230850024267494,0.4395
0.14436826198081865,0.43960000000000005
0.14598045396838244,0.43970000000000004
0.14713967749521562,0.4398
0.14784499889988434,0.4399
0.1480999937510239,0.44
0.14791138783499214,0.44010000000000005
0.14699501208980859,0.44020000000000004
0.1428293602001004,0.4403
0.13833042920060157,0.4404
0.13362880529776333,0.4405
0.12877058572637667,0.44060000000000005
0.1237704691934749,0.44070000000000004
0.11865148727780617,0.4408
0.1134368741808306,0.4409
0.10815889660549638,0.441
0.10282049714358743,0.44110000000000005
0.09747143972480066,0.44120000000000004
0.09217062291061318,0.4413
0.08696319864836011,0.4414
0.08189458044722497,0.4415
0.07700983033275743,0.44160000000000005
0.07235041256795438,0.44170000000000004
0.06795111319406155,0.4418
0.06383689007434656,0.4419
0.0600219661050605,0.442
0.05651086865438626,0.44210000000000005
0.05330116934342688,0.44220000000000004
0.050173204840566976,0.4423
0.04711413262662956,0.4424
0.044308550588529005,0.4425
0.041778501063623574,0.44260000000000005
0.039361023733633704,0.44270000000000004
0.03674269317846024,0.4428
0.034412465676656234,0.4429
0.03245126268262499,0.443
0.030681127276743547,0.4431
0.028786040516690203,0.44320000000000004
0.027203089005103598,0.4433
0.02581367793489031,0.4434
0.02428291457843401,0.4435
0.022552703358834414,0.4436
0.02084813914767447,0.44370000000000004
0.019574596846535286,0.44380000000000003
0.018848644271993287,0.4439
0.018746283057419655,0.444
0.019322868368780055,0.4441
0.02059705235053122,0.44420000000000004
0.02254990134965662,0.44430000000000003
0.024587946969268915,0.4444
0.027041842364053048,0.4445
0.030060546694434365,0.4446
0.03362224771020306,0.44470000000000004
0.03721765445160452,0.44480000000000003
0.04138077650581984,0.4449
0.046093458945940746,0.445
0.051190496492298676,0.4451
0.05652376003114501,0.44520000000000004
0.06205282941821644,0.44530000000000003
0.06772307049896364,0.4454
0.07343877389350695,0.4455
0.079117181092757,0.4456
0.08449386867591924,0.44570000000000004
0.089672363226315,0.44580000000000003
0.09463903964900933,0.4459
0.09937586646749219,0.446
0.1038570131818699,0.4461
0.10804604447133459,0.44620000000000004
0.11191754645126051,0.44630000000000003
0.11544947416202955,0.4464
0.11862864458014122,0.4465
0.12144676146866962,0.4466
0.12389369600623312,0.44670000000000004
0.12595875134977308,0.44680000000000003
0.1274838688148413,0.4469
0.12847019706838336,0.447
0.12903214336814373,0.4471
0.12917418749819898,0.44720000000000004
0.1288986884939104,0.44730000000000003
0.1282100705700403,0.4474
0.12711495315065946,0.4475
0.12562153844301926,0.4476
0.12373874669241902,0.44770000000000004
0.12147579941257325,0.44780000000000003
0.11680462131665514,0.4479
0.1112110745769701,0.448
0.10551411648473019,0.4481
0.09979036465057745,0.44820000000000004
0.09405891767876384,0.44830000000000003
0.0883333311999126,0.4484
0.08259721242450391,0.4485
0.07684949143919084,0.4486
0.07118411204576636,0.44870000000000004
0.065652812578335,0.44880000000000003
0.06030265629166587,0.4489
0.05517761344840588,0.449
0.050319383567649645,0.4491
0.04576684910299722,0.44920000000000004
0.04155421769294798,0.44930000000000003
0.03770943702579688,0.4494
0.03425330804402704,0.4495
0.031072452445151555,0.4496
0.027990790390924447,0.44970000000000004
0.02528469323642435,0.44980000000000003
0.023004627595034854,0.4499
0.021162641948495375,0.45
0.01975360199594256,0.4501
0.018230472674735765,0.45020000000000004
0.016375427115396635,0.45030000000000003
0.014107501748094498,0.4504
0.011563271798814334,0.4505
0.009150324602896331,0.4506
0.00722442305505222,0.45070000000000005
0.005993478874243063,0.45080000000000003
0.005742892328477911,0.4509
0.0064590761769092175,0.451
0.00803442617681105,0.4511
0.009991345578960864,0.45120000000000005
0.012095949528937222,0.45130000000000003
0.015038210383607309,0.4514
0.018421786569455145,0.4515
0.02197851036393028,0.4516
0.026345534775009227,0.45170000000000005
0.03151649551857605,0.45180000000000003
0.037278109088275446,0.4519
0.043431873620136896,0.452
0.04980817015518002,0.4521
0.05638314326120075,0.45220000000000005
0.06310806814264946,0.45230000000000004
0.06989174213394533,0.4524
0.0765879612364061,0.4525
0.08318355959527346,0.4526
0.08964376120874773,0.45270000000000005
0.09585631305792852,0.45280000000000004
0.10180070971993416,0.4529
0.1074639418028468,0.453
0.11282840083514745,0.4531
0.11788728461248843,0.45320000000000005
0.12254008380546155,0.45330000000000004
0.12685083665733787,0.4534
0.1308213498557529,0.4535
0.13443358209113554,0.4536
0.13766353004590948,0.45370000000000005
0.14048813332932863,0.45380000000000004
0.1428872908770804,0.4539
0.14484638967443308,0.454
0.14635595501361098,0.4541
0.14741171341501635,0.45420000000000005
0.14801374381059262,0.45430000000000004
0.1481664011512519,0.4544
0.14787710860689007,0.4545
0.14608701093016008,0.4546
0.14183955631554346,0.45470000000000005
0.13729250415584404,0.45480000000000004
0.1325553832639057,0.4549
0.1276662646239144,0.455
0.12264238864104149,0.4551
0.11750651589810712,0.45520000000000005
0.11228351372060374,0.45530000000000004
0.10700644732991382,0.4554
0.10166694286258626,0.4555
0.0963337666749916,0.4556
0.09105777217656386,0.45570000000000005
0.08588427338945004,0.45580000000000004
0.08085911069965934,0.4559
0.07602721526720058,0.456
0.07142913814835972,0.4561
0.06709804664156405,0.4562
0.06305642691766156,0.45630000000000004
0.0593155235763132,0.45640000000000003
0.05587782104486738,0.4565
0.05273960759392282,0.4566
0.049588686268443816,0.4567
0.046584810629925366,0.45680000000000004
0.0438417974325942,0.45690000000000003
0.04137585052052306,0.457
0.038883750785554394,0.4571
0.03632613292931586,0.4572
0.03407717185101089,0.45730000000000004
0.03220528843364545,0.45740000000000003
0.030372446783858198,0.4575
0.028560463249263313,0.4576
0.027028011849655975,0.4577
0.025644088282931854,0.45780000000000004
0.024090497292571733,0.45790000000000003
0.022338641207922283,0.458
0.020710242902096665,0.4581
0.01954604829601836,0.4582
0.018945157810705604,0.45830000000000004
0.018978890564880002,0.45840000000000003
0.0196957376432203,0.4585
0.021106766267873667,0.4586
0.023187090617151185,0.4587
0.025206318106582914,0.45880000000000004
0.02778010467202474,0.45890000000000003
0.03092080900389882,0.459
0.03450530747729097,0.4591
0.038199613521635145,0.4592
0.04245553717760986,0.45930000000000004
0.04724122206779224,0.45940000000000003
0.05238759040804308,0.4595
0.05774816861597909,0.4596
0.06328580104728776,0.4597
0.06894860922485879,0.45980000000000004
0.07464084065027055,0.45990000000000003
0.08028069831138351,0.46
0.0855509842389498,0.4601
0.09061249889297684,0.4602
0.09549248197554294,0.46030000000000004
0.10016046364778641,0.46040000000000003
0.10456617578536831,0.4605
0.10867743831448284,0.4606
0.11246477134560984,0.4607
0.11591209061835661,0.46080000000000004
0.1190084430387307,0.46090000000000003
0.12174413299418774,0.461
0.1241072676798578,0.4611
0.1260861454096931,0.4612
0.12747450311207598,0.46130000000000004
0.128364366158225,0.46140000000000003
0.12883185808498332,0.4615
0.12888083009158746,0.4616
0.12851357061181123,0.4617
0.1277351258264483,0.46180000000000004
0.1265523422468613,0.46190000000000003
0.12497369715496487,0.462
0.12300825598879317,0.4621
0.12066534267495621,0.4622
0.11550585287419057,0.46230000000000004
0.10987474452707546,0.46240000000000003
0.10416641894473899,0.4625
0.09844138864978769,0.4626
0.09271163215237432,0.4627
0.0869920531735765,0.46280000000000004
0.08122650691223421,0.46290000000000003
0.07549265333412647,0.463
0.06985345437518475,0.4631
0.06435897617347952,0.4632
0.05905486029589091,0.46330000000000005
0.053984770487419675,0.46340000000000003
0.04918975527238789,0.4635
0.04470790793224899,0.4636
0.04057223215268713,0.4637
0.03681002078632667,0.46380000000000005
0.033441298099032846,0.46390000000000003
0.030218574268749077,0.464
0.027221930720442877,0.4641
0.02462267330032253,0.4642
0.02245537846708978,0.46430000000000005
0.020725598431104997,0.46440000000000003
0.019427744116966572,0.4645
0.017772545575471366,0.4646
0.01581878993614705,0.4647
0.013420740595569747,0.46480000000000005
0.010878540323651764,0.46490000000000004
0.008568865775596013,0.465
0.006795107534865563,0.4651
0.005810020921131143,0.4652
0.005784209494744896,0.46530000000000005
0.00668604440267595,0.46540000000000004
0.008495502199368898,0.4655
0.010420286018661074,0.4656
0.012686347827943756,0.4657
0.015853441326015627,0.46580000000000005
0.01930285152916067,0.46590000000000004
0.023022584945003866,0.466
0.027559028367840632,0.4661
0.0328714224806792,0.4662
0.03874054609543709,0.46630000000000005
0.04497391191979294,0.46640000000000004
0.05140243093915586,0.4665
0.05800979129782213,0.4666
0.0647491982653825,0.4667
0.07152872050555403,0.46680000000000005
0.07821812324422661,0.46690000000000004
0.08478565464210996,0.467
0.09119672822809288,0.4671
0.09734339536055325,0.4672
0.10321239281330741,0.46730000000000005
0.10879645077948763,0.46740000000000004
0.11408123311363993,0.4675
0.11901309253468428,0.4676
0.12357914007604232,0.4677
0.12781106599327585,0.46780000000000005
0.13169865123576452,0.46790000000000004
0.1352222624849122,0.468
0.1383583020943644,0.4681
0.1410847268935398,0.4682
0.14338265030018715,0.46830000000000005
0.14523854415194903,0.46840000000000004
0.14664384137380237,0.4685
0.14759526307261706,0.4686
0.1480938621582022,0.4687
0.14814490848510742,0.46880000000000005
0.14775647471572795,0.46890000000000004
0.14508167862453314,0.46900000000000003
0.14076294063144024,0.4691
0.1361796055793001,0.4692
0.1314183976856198,0.4693
0.1265080278730647,0.46940000000000004
0.12146743315823261,0.46950000000000003
0.11631859024135816,0.4696
0.11108869908554198,0.4697
0.10580684573499044,0.4698
0.10047114458672712,0.46990000000000004
0.0951589764056402,0.47000000000000003
0.08991445538456866,0.4701
0.08478276876340685,0.4702
0.07981005221575843,0.4703
0.07504061933786887,0.47040000000000004
0.07051322244368652,0.47050000000000003
0.06625844792670521,0.4706
0.062296032430349424,0.4707
0.05863436531996058,0.4708
0.05527387919051696,0.47090000000000004
0.05220984643923754,0.47100000000000003
0.04903255676650442,0.4711
0.046085365282196866,0.4712
0.043405675673115596,0.4713
0.04100312790434302,0.47140000000000004
0.038421036622158455,0.47150000000000003
0.03592166625053328,0.4716
0.033753216722168355,0.4717
0.031972520116188674,0.4718
0.030063692174707057,0.47190000000000004
0.028339612236446987,0.47200000000000003
0.02685871325367728,0.4721
0.0254694665408004,0.4722
0.023832333719594256,0.4723
0.022092356240727362,0.47240000000000004
0.020558060196317784,0.47250000000000003
0.01950958758789567,0.4726
0.019038718240088404,0.4727
0.019213473474490206,0.4728
0.020074758630966194,0.47290000000000004
0.02162537271542564,0.47300000000000003
0.023695887196982568,0.4731
0.025841730566139143,0.4732
0.028554155397942704,0.4733
0.03181639066840147,0.47340000000000004
0.03540762801493824,0.47350000000000003
0.039203043542891836,0.4736
0.04355386072225942,0.4737
0.04841387141398723,0.4738
0.05360964047208694,0.47390000000000004
0.05899648762798382,0.47400000000000003
0.06454092621901453,0.4741
0.07019408442253228,0.4742
0.07586024758005083,0.4743
0.08145862381247759,0.47440000000000004
0.08665687678719214,0.47450000000000003
0.09166242772667488,0.4746
0.09647506613324508,0.4747
0.10106650014129737,0.4748
0.1053888548355173,0.47490000000000004
0.10941247863312742,0.47500000000000003
0.1131091883494647,0.4751
0.11646385084001964,0.4752
0.11946586783570234,0.4753
0.12210570103015173,0.47540000000000004
0.12437157464818449,0.47550000000000003
0.12625208040116054,0.4756
0.12747507893165344,0.4757
0.12826270338400791,0.4758
0.12863098516497662,0.47590000000000005
0.12858219422688077,0.47600000000000003
0.1281184536925315,0.4761
0.12724547535349262,0.4762
0.12597038969716345,0.4763
0.12430207269131188,0.47640000000000005
0.12224969486831927,0.47650000000000003
0.11956805187317443,0.4766
0.11410893594509541,0.4767
0.10845365442614241,0.4768
0.1027418860643804,0.47690000000000005
0.09702071201459261,0.47700000000000004
0.09129862815375678,0.4771
0.08557035062165941,0.4772
0.07980627569082466,0.4773
0.07409602549895622,0.47740000000000005
0.06849092072108887,0.47750000000000004
0.0630392861577419,0.4776
0.057786294495005164,0.4777
0.052776209509086236,0.4778
0.04805042927671921,0.47790000000000005
0.04364652069711905,0.47800000000000004
0.03959609482068038,0.4781
0.03592487185347615,0.4782
0.03265190407911489,0.4783
0.029392742217176915,0.47840000000000005
0.026485652870041676,0.47850000000000004
0.023995261684760738,0.4786
0.021941943995390067,0.4787
0.020325755603203488,0.4788
0.019047278667582157,0.47890000000000005
0.017286534547525267,0.47900000000000004
0.015249837013055378,0.4791
0.01279030162637107,0.4792
0.010264609667903768,0.4793
0.008079446206681995,0.47940000000000005
0.006482110058993129,0.47950000000000004
0.00575496516815277,0.4796
0.005946880947289346,0.4797
0.007033367122769363,0.4798
0.009090182431312988,0.47990000000000005
0.010996178214155439,0.48000000000000004
0.013411129117902876,0.4801
0.016783077021751636,0.4802
0.020301615210721602,0.4803
0.02417076569476384,0.48040000000000005
0.02885636177056483,0.48050000000000004
0.034290076404060565,0.4806
0.04024941469217436,0.4807
0.04654676373184996,0.4808
0.05301407026013427,0.48090000000000005
0.059641469625487886,0.48100000000000004
0.06638393605618076,0.4811
0.07314889446403816,0.4812
0.0798340789698877,0.4813
0.08632467347906514,0.48140000000000005
0.0926123916934386,0.48150000000000004
0.09866313710363372,0.48160000000000003
0.1044560420905164,0.4817
0.10996211902212849,0.4818
0.11517155318630845,0.48190000000000005
0.12002634481401497,0.48200000000000004
0.1245056686051601,0.48210000000000003
0.12865425840741473,0.4822
0.13245790530690826,0.4823
0.13589438062436088,0.4824
0.1389392445852039,0.48250000000000004
0.14157056118798717,0.48260000000000003
0.14377034713792036,0.4827
0.14552635382041001,0.4828
0.14683112723653635,0.4829
0.1476822986573001,0.48300000000000004
0.14808195753497,0.48310000000000003
0.14803623542152444,0.4832
0.14755376155474365,0.4833
0.1440919385302053,0.4834
0.13970165364633647,0.48350000000000004
0.1350794413520645,0.48360000000000003
0.1302915361049638,0.4837
0.12535810680657977,0.4838
0.12029966280493098,0.4839
0.11513767841523037,0.48400000000000004
0.10990116770542957,0.48410000000000003
0.10460035165397363,0.4842
0.09927105275294257,0.4843
0.09397570338501848,0.4844
0.08875959570759973,0.48450000000000004
0.08366847775754038,0.48460000000000003
0.07874806105321008,0.4847
0.07404123031769305,0.4848
0.06958487470366292,0.4849
0.0654067813588951,0.48500000000000004
0.06152404950370727,0.48510000000000003
0.05794326665024374,0.4852
0.05466303867719002,0.4853
0.05160161541750807,0.4854
0.04848683055833369,0.48550000000000004
0.045609767236815646,0.48560000000000003
0.043000810627846775,0.4857
0.040667415078039504,0.4858
0.038012726229935234,0.4859
0.035578648971204885,0.48600000000000004
0.03349474416215914,0.48610000000000003
0.031804072869728195,0.4862
0.02982359780266375,0.4863
0.028186052444579612,0.4864
0.02674705704337965,0.48650000000000004
0.025309685984489017,0.48660000000000003
0.023627379252998404,0.4867
0.02190801465732517,0.4868
0.020473329823823327,0.4869
0.01954388644236449,0.48700000000000004
0.01920384004551301,0.48710000000000003
0.01951752165938969,0.4872
0.020517747888568527,0.4873
0.02219971670850862,0.4874
0.024256690209108145,0.48750000000000004
0.026457398541814392,0.48760000000000003
0.029201523068761892,0.4877
0.032574199434358464,0.4878
0.03606969157297457,0.4879
0.03999469790154597,0.48800000000000004
0.044481287673433734,0.48810000000000003
0.04944066050833018,0.4882
0.05470916933628778,0.4883
0.060140499745804044,0.4884
0.06570909870093711,0.48850000000000005
0.07136604952441927,0.48860000000000003
0.07701796938334671,0.4887
0.08254448746765164,0.4888
0.08769452092971741,0.4889
0.09265683039229133,0.48900000000000005
0.09741318083608541,0.48910000000000003
0.10193775978895803,0.4892
0.10618583598098086,0.4893
0.11013006791741586,0.4894
0.11374372098269225,0.48950000000000005
0.11701259009138876,0.48960000000000004
0.1199264962485681,0.4897
0.1224759723557527,0.4898
0.12464937193777481,0.4899
0.1263841015567253,0.49000000000000005
0.12749754748569564,0.49010000000000004
0.12818654481969538,0.4902
0.12845742310141806,0.4903
0.1283124902367052,0.4904
0.1277549493937985,0.49050000000000005
0.12679094839249905,0.49060000000000004
0.12542800669909493,0.4907
0.12367479576578533,0.4908
0.12154028138274264,0.4909
0.11826632589778552,0.49100000000000005
0.11276757473367482,0.49110000000000004
0.10710071033284918,0.4912
0.10138698907374522,0.4913
0.09566524859116698,0.4914
0.08994547012806764,0.49150000000000005
0.08419256210965387,0.49160000000000004
0.07844070728336516,0.4917
0.07275652421472045,0.4918
0.06718911754393253,0.4919
0.06178533425639765,0.49200000000000005
0.05659017531595878,0.49210000000000004
0.05164711983700343,0.4922
0.04699663692753098,0.4923
0.04267481095331438,0.4924
0.03871168471360731,0.49250000000000005
0.03513136410484052,0.49260000000000004
0.03185398100961079,0.4927
0.028670068083886502,0.4928
0.025859674361291773,0.4929
0.02347148727928161,0.49300000000000005
0.02152053632713047,0.49310000000000004
0.02000627878009431,0.4932
0.018621254951852295,0.4933
0.016845707972965585,0.4934
0.014688501085303729,0.49350000000000005
0.01218391797123286,0.49360000000000004
0.009677133792548975,0.4937
0.0076070916311805625,0.4938
0.006177889550601501,0.4939
0.0057172802472227335,0.49400000000000005
0.006191469654741599,0.49410000000000004
0.0074989290777938145,0.49420000000000003
0.009474482749212587,0.4943
0.011401050073481356,0.4944
0.014098127582745867,0.49450000000000005
0.017406244972925755,0.49460000000000004
0.020782684126599893,0.49470000000000003
0.024957570869001966,0.4948
0.029965010699656958,0.4949
0.03559951395175687,0.49500000000000005
0.0417147489888503,0.49510000000000004
0.04811905488195656,0.49520000000000003
0.0546670692089839,0.4953
0.061345144536604,0.4954
0.06811685835295544,0.4955
0.07488384046922647,0.49560000000000004
0.08152720796339008,0.49570000000000003
0.08799994837051062,0.4958
0.09424648918241385,0.4959
0.10023850899436326,0.496
0.10596214809978266,0.49610000000000004
0.111393457383273,0.49620000000000003
0.11652042624418302,0.4963
0.12124612406963431,0.4964
0.12564416670806722,0.4965
0.12970954019049818,0.49660000000000004
0.13342493996846516,0.49670000000000003
0.1367664054276727,0.4968
0.13971042170563197,0.4969
0.14223584971164527,0.497
0.14432673173971333,0.49710000000000004
0.14597216994920048,0.49720000000000003
0.1471664761794098,0.4973
0.14790832444261337,0.4974
0.14820092056181133,0.4975
0.1480507082667667,0.49760000000000004
0.1471739214518556,0.49770000000000003
0.14306406312152264,0.4978
0.13861346856139545,0.4979
0.13395830118949914,0.498
0.12914458889402747,0.49810000000000004
0.12418703179998847,0.49820000000000003
0.11910850881154533,0.4983
0.11393207034698749,0.4984
0.10868970370496656,0.4985
0.1033821947126552,0.49860000000000004
0.09806558133166576,0.49870000000000003
0.09279416221824466,0.4988
0.08761285399106733,0.4989
0.08256707904996807,0.499
0.07770204446091189,0.49910000000000004
0.07305932731322529,0.49920000000000003
0.06867375387316677,0.4993
0.06457022877612628,0.4994
0.06076286475246462,0.4995
0.057256024087825264,0.49960000000000004
0.05404711721145383,0.49970000000000003
0.05095594958479999,0.4998
0.04789561963522693,0.4999
0.04508123964884847,0.5
0.04253722423879447,0.5001
0.04015792436074217,0.5002
0.03752431477492535,0.5003000000000001
0.03516846425774123,0.5004000000000001
0.03317521938946566,0.5005000000000001
0.031442482269850025,0.5006
0.029519696831797004,0.5007
0.02793358914867916,0.5008
0.02654195519029301,0.5009
0.02508845730080056,0.501
0.023368903855469414,0.5011
0.02166875333644369,0.5012
0.020339406635300428,0.5013000000000001
0.0195372260071629,0.5014000000000001
0.019339833089954572,0.5015000000000001
0.019805315699825465,0.5016
0.020958235828356653,0.5017
0.022786003894894158,0.5018
0.02483309598940764,0.5019
0.02716733844175323,0.502
0.030049968737082322,0.5021
0.033545269606882755,0.5022
0.03705032074216463,0.5023
0.04107729362221102,0.5024000000000001
0.045656854664318125,0.5025000000000001
0.050633683047055955,0.5026
0.0558614564369595,0.5027
0.061297970373612176,0.5028
0.06688770273038669,0.5029
0.07253573986160111,0.503
0.07815958562644554,0.5031
0.08354163220818023,0.5032
0.0886728922538651,0.5033
0.09360404934764299,0.5034000000000001
0.09831733025376777,0.5035000000000001
0.10278462707423908,0.5036
0.10696684441796434,0.5037
0.11083687943619114,0.5038
0.11437142775070519,0.5039
0.11755672525752092,0.504
0.12038428239336818,0.5041
0.12284406412845139,0.5042
0.12492543935118972,0.5043
0.12651282231862726,0.5044000000000001
0.1275251814029441,0.5045000000000001
0.12811473519017746,0.5046
0.12828695200529294,0.5047
0.12804418441125176,0.5048
0.12739031136410472,0.5049
0.12633168016754182,0.505
0.12487618830865255,0.5051
0.12303267949218566,0.5052
0.12081039791018167,0.5053
0.11695011715474302,0.5054000000000001
0.11140261038597976,0.5055000000000001
0.1057176346494968,0.5056
0.09999868375808718,0.5057
0.09427650494652895,0.5058
0.08855703126965264,0.5059
0.08278722493834811,0.506
0.07704971010481643,0.5061
0.07139097040363962,0.5062
0.0658587072813136,0.5063
0.06049868567686023,0.5064000000000001
0.05535585867740145,0.5065000000000001
0.050473557800891244,0.5066
0.04589218902818226,0.5067
0.0416472247386841,0.5068
0.03776780396875412,0.5069
0.03427679535456196,0.507
0.030973941471856836,0.5071
0.027875497934217508,0.5072
0.02516998049556829,0.5073
0.022892671351318006,0.5074000000000001
0.0210525981604881,0.5075000000000001
0.019648035105165107,0.5076
0.018136298656229677,0.5077
0.016303678967182655,0.5078
0.01403716824608714,0.5079
0.011485816532179394,0.508
0.009066316422304821,0.5081
0.007131231114754444,0.5082
0.005896701694356299,0.5083
0.0056990639657288344,0.5084000000000001
0.006436838191661742,0.5085000000000001
0.007968218257964343,0.5086
0.009904244777865223,0.5087
0.01200285442492599,0.5088
0.014932812318604327,0.5089
0.01829328302918265,0.509
0.02184050754538225,0.5091
0.02619831325531563,0.5092
0.03135822847762482,0.5093
0.037106436035940105,0.5094000000000001
0.043246831538728214,0.5095000000000001
0.049609869265006434,0.5096
0.05617227514347589,0.5097
0.06288581447076724,0.5098
0.06965996314457212,0.5099
0.0763748775564993,0.51
0.08296725809156014,0.5101
0.08942563770845235,0.5102
0.09563922162163552,0.5103
0.10158752319703834,0.5104000000000001
0.10725718811702123,0.5105000000000001
0.11263069171909346,0.5106
0.11766707294255352,0.5107
0.12232606915147604,0.5108
0.1266557960732415,0.5109
0.1306481179724457,0.511
0.1342840210475157,0.5111
0.13753948100874225,0.5112
0.14039149209543755,0.5113
0.1428201868027471,0.5114000000000001
0.14481100242229228,0.5115000000000001
0.14635431887133477,0.5116
0.14744554329634918,0.5117
0.14808435698517697,0.5118
0.14827474349780045,0.5119
0.14802385873122115,0.512
0.14628460006904187,0.5121
0.14208979756644557,0.5122
0.1375906632387709,0.5123
0.13289935477543025,0.5124000000000001
0.1280539277684295,0.5125000000000001
0.12307156682045695,0.5126000000000001
0.11797491118567638,0.5127
0.11278865768391244,0.5128
0.10754565304929065,0.5129
0.10223562478805281,0.513
0.09693328403343537,0.5131
0.09168520763725618,0.5132
0.08653647166124723,0.5133
0.08153285466134463,0.5134000000000001
0.07671931910973195,0.5135000000000001
0.07213643611659992,0.5136000000000001
0.06781739175455881,0.5137
0.06378463581319915,0.5138
0.06004933638757948,0.5139
0.05661392054887138,0.514
0.053474630094058284,0.5141
0.05035917177121019,0.5142
0.047352590263621375,0.5143
0.04459929712607913,0.5144000000000001
0.04211802919139007,0.5145000000000001
0.039663504951007234,0.5146000000000001
0.03708717200958378,0.5147
0.03480815376570545,0.5148
0.032901518568860144,0.5149
0.03110164995454401,0.515
0.029262573427377037,0.5151
0.02772898424922854,0.5152
0.02638309925612692,0.5153
0.024872934113111977,0.5154
0.0231706152955522,0.5155000000000001
0.021498398549652853,0.5156000000000001
0.020270969276112716,0.5157
0.019589025084501,0.5158
0.019524763489435548,0.5159
0.020129973176552296,0.516
0.021421180916014748,0.5161
0.02337956393667162,0.5162
0.025411852559925396,0.5163
0.027867710275987223,0.5164
0.030875212603643343,0.5165000000000001
0.03443064871656931,0.5166000000000001
0.03799734120571485,0.5167
0.04211836350401166,0.5168
0.04677673851054265,0.5169
0.051809106677838335,0.517
0.05706932134984677,0.5171
0.06251940073928863,0.5172
0.06810641733719558,0.5173
0.07373572658203253,0.5174
0.07932562999647585,0.5175000000000001
0.08463891479440133,0.5176000000000001
0.08972313484702443,0.5177
0.09459443468376372,0.5178
0.0992369421996423,0.5179
0.10362546904600412,0.518
0.10772348820107047,0.5181
0.11150558117978082,0.5182
0.11494957193025335,0.5183
0.11804229199730087,0.5184
0.12077558600669969,0.5185000000000001
0.12313958126131475,0.5186000000000001
0.1251238964005179,0.5187
0.1265531236956936,0.5188
0.12746394023623675,0.5189
0.12795452367143834,0.519
0.12802904355162859,0.5191
0.12768982519559413,0.5192
0.12694141869359887,0.5193
0.12579046367228108,0.5194
0.12424523344669058,0.5195000000000001
0.12231470220037355,0.5196000000000001
0.12000820046675642,0.5197
0.11560675830247147,0.5198
0.11002120545228855,0.5199
0.10432636143249485,0.52
0.09860837432028569,0.5201
0.092890413444775,0.5202
0.08714828453159007,0.5203
0.08138611258684747,0.5204
0.07566492657016777,0.5205000000000001
0.07003177720668674,0.5206000000000001
0.06453527281262195,0.5207
0.05922183294935435,0.5208
0.05413571607854384,0.5209
0.04931918490608367,0.521
0.04481200327898516,0.5211
0.040649134201642845,0.5212
0.03685894895376718,0.5213
0.033462399234293505,0.5214
0.03013988312039162,0.5215000000000001
0.027133128652239158,0.5216000000000001
0.02453332515733586,0.5217
0.022366769820234333,0.5218
0.020638333685713217,0.5219
0.01934337687037435,0.522
0.017701186648188427,0.5221
0.01575900430023247,0.5222
0.013359219836940994,0.5223
0.010808197902535621,0.5224
0.008491492235809028,0.5225000000000001
0.006708768044864977,0.5226000000000001
0.005759080250831605,0.5227
0.005769406160518908,0.5228
0.0066497307108486226,0.5229
0.008437698319675224,0.523
0.010336102071210496,0.5231
0.012589190041326859,0.5232
0.015747248249563306,0.5233
0.019177617862085272,0.5234
0.022887350868749712,0.5235000000000001
0.02741437672488023,0.5236000000000001
0.032715938069972195,0.5237
0.038572923227009115,0.5238
0.04479373592958025,0.5239
0.05120979927809999,0.524
0.057805194702884144,0.5241
0.06453355204879274,0.5242
0.07130365124147786,0.5243
0.07800848924306503,0.5244
0.0845726273494134,0.5245000000000001
0.09098155189545065,0.5246000000000001
0.09712869502139143,0.5247
0.1030008713721342,0.5248
0.10859067308928383,0.5249
0.11387850465391902,0.525
0.11878761347116529,0.5251
0.12336827795113137,0.5252
0.1276189525941206,0.5253
0.13152763373049448,0.5254
0.13507406747103423,0.5255000000000001
0.138234747874721,0.5256000000000001
0.1409877635578931,0.5257000000000001
0.14331446532659753,0.5258
0.14520134780764193,0.5259
0.1466396673648318,0.526
0.1476258445512486,0.5261
0.1481605967815749,0.5262
0.14824890430817372,0.5263
0.14789862946768972,0.5264
0.14527606704282547,0.5265000000000001
0.14100759335887214,0.5266000000000001
0.13647005718606608,0.5267000000000001
0.13175272222157797,0.5268
0.12688429219205077,0.5269
0.12188360746422988,0.527
0.11677251884064888,0.5271
0.11157806392816128,0.5272
0.10632539061062452,0.5273
0.10102266161585649,0.5274
0.09574101481197295,0.5275000000000001
0.09052424148106275,0.5276000000000001
0.08541742252609663,0.5277000000000001
0.08046671690034446,0.5278
0.07571640937954238,0.5279
0.07120519041680395,0.528
0.06696356087825106,0.5281
0.0630111397410913,0.5282
0.05935614213433271,0.5283
0.05599889448097861,0.5284
0.05293464154991345,0.5285000000000001
0.04979545315045253,0.5286000000000001
0.04684610550541657,0.5287000000000001
0.044156333616123256,0.5288
0.04173860677197405,0.5289
0.03919670894309513,0.529
0.03668119810285608,0.5291
0.03448542758485562,0.5292
0.03267115890320782,0.5293
0.030801985102341334,0.5294
0.02904970905203208,0.5295
0.02756414374184324,0.5296000000000001
0.026207291321550974,0.5297000000000001
0.024657020939276242,0.5298
0.02292937048170285,0.5299
0.02135015163716303,0.53
0.020236753127961915,0.5301
0.01968334161871943,0.5302
0.019758233096624833,0.5303
0.020506359545231945,0.5304
0.021936594440555846,0.5305
0.024007139556188717,0.5306000000000001
0.02603715917169458,0.5307000000000001
0.028616430344589938,0.5308
0.03174671128369444,0.5309
0.03531869208508143,0.531
0.03898475308903393,0.5311
0.04319913220839422,0.5312
0.047930844154656205,0.5313
0.05301249259753393,0.5314
0.058299595236096735,0.5315
0.06375745702652957,0.5316000000000001
0.06933593321269893,0.5317000000000001
0.07494029915039568,0.5318
0.08048983769745977,0.5319
0.08569241884697909,0.532
0.0906587700749758,0.5321
0.09544232512092876,0.5322
0.10001475000070303,0.5323
0.10432657187798378,0.5324
0.1083456352456873,0.5325
0.11204253246296947,0.5326000000000001
0.11540108126558113,0.5327000000000001
0.11841033739459428,0.5328
0.12106074876695438,0.5329
0.12334067642955782,0.533
0.12523873599539814,0.5331
0.12652620838621653,0.5332
0.12734092009798792,0.5333
0.12773777320179136,0.5334
0.1277200786222582,0.5335
0.12729000791127776,0.5336000000000001
0.12645274077485613,0.5337000000000001
0.125215136432704,0.5338
0.12358575889506274,0.5339
0.12157372321807736,0.534
0.1191884616366703,0.5341
0.11428121698325322,0.5342
0.10866061786584469,0.5343
0.10295802646585805,0.5344
0.09724268952238035,0.5345
0.09152846448031526,0.5346000000000001
0.08576321852903412,0.5347000000000001
0.08001056139111062,0.5348
0.07430910448252392,0.5349
0.06870634617954119,0.535
0.06325033637862298,0.5351
0.05798697776787409,0.5352
0.052960063160229165,0.5353
0.0482111196666648,0.5354
0.043778843557035874,0.5355
0.03969692338263653,0.5356000000000001
0.03599271721910546,0.5357000000000001
0.032606375089966555,0.5358
0.029319422238824,0.5359
0.026405884559023596,0.536
0.0239139082773836,0.5361
0.021858620854817268,0.5362
0.0202424549194693,0.5363
0.018967303018355697,0.5364
0.017226630400791754,0.5365
0.01520628858368811,0.5366000000000001
0.012747998482172562,0.5367000000000001
0.010213284755975716,0.5368
0.008018631800998266,0.5369
0.0064092902727692636,0.537
0.005717466366583546,0.5371
0.0059317938995946395,0.5372
0.006982510636825312,0.5373
0.009018717259708486,0.5374
0.010897740290916724,0.5375
0.013295128115932142,0.5376000000000001
0.016655328608553788,0.5377000000000001
0.02015476789333892,0.5378000000000001
0.024011218342544938,0.5379
0.02868468738647456,0.538
0.0341053733511818,0.5381
0.040051153432780096,0.5382
0.046335105157452317,0.5383
0.052789975971100134,0.5384
0.05940618066717951,0.5385
0.06613894190836678,0.5386000000000001
0.07289622907724513,0.5387000000000001
0.07958959748757366,0.5388000000000001
0.08608993619623917,0.5389
0.09237914286548221,0.539
0.09843335744349702,0.5391
0.10423217671212959,0.5392
0.10974677192062532,0.5393
0.11496733736598119,0.5394
0.11979428572562945,0.5395
0.12429041308003774,0.5396000000000001
0.12846004407026002,0.5397000000000001
0.13228705071442237,0.5398000000000001
0.135748556859146,0.5399
0.13882026649969936,0.54
0.14148036143306597,0.5401
0.1437110515435852,0.5402
0.14550003586237947,0.5403
0.14683960081078573,0.5404
0.14772702706755003,0.5405
0.1481640367778433,0.5406000000000001
0.14815646122217307,0.5407000000000001
0.14771272731140495,0.5408000000000001
0.14430079276706598,0.5409
0.139966495924697,0.541
0.13539158192661016,0.5411
0.13064862186473924,0.5412
0.12575788597154636,0.5413
0.12073985807858889,0.5414
0.11561587524309958,0.5415
0.11041478377036107,0.5416000000000001
0.10514414715467824,0.5417000000000001
0.09984722182124983,0.5418000000000001
0.09458165677357921,0.5419
0.0893924479973981,0.542
0.08432488675703198,0.5421
0.07942436478215009,0.5422
0.0747338359108114,0.5423
0.07029043218338116,0.5424
0.06612205265952664,0.5425
0.062245593381510145,0.5426
0.058667111159081964,0.5427000000000001
0.055385181293231334,0.5428000000000001
0.052348290762159966,0.5429
0.04923017182518041,0.543
0.0463441405977254,0.5431
0.04372189671670634,0.5432
0.041371578870863956,0.5433
0.038754495029659886,0.5434
0.03630304531336903,0.5435
0.03419061993887684,0.5436
0.03246555597058132,0.5437000000000001
0.03052748712195008,0.5438000000000001
0.0288612835987494,0.5439
0.027427342122520182,0.544
0.026047572429245713,0.5441
0.02440696955255861,0.5442
0.02269092043688481,0.5443
0.021206604904341564,0.5444
0.02021008041646777,0.5445
0.019786771534200165,0.5446
0.020001740720743344,0.5447000000000001
0.020892041302791542,0.5448000000000001
0.022458554151681298,0.5449
0.024514283356011468,0.545
0.026605152495833284,0.5451
0.02922395314778692,0.5452
0.03247209109261906,0.5453
0.035950077029519356,0.5454
0.03975275323068028,0.5455
0.04411113086552931,0.5456
0.048950775816076764,0.5457000000000001
0.0541132257247634,0.5458000000000001
0.059452395692121573,0.5459
0.06494153714058026,0.546
0.07053055383179208,0.5461
0.07612685248878792,0.5462
0.08164854438205205,0.5463
0.08676269742572718,0.5464
0.0916886169048482,0.5465
0.09641987329386881,0.5466
0.10092892004219889,0.5467000000000001
0.10516871969970443,0.5468000000000001
0.1091100759468474,0.5469
0.1127250596064272,0.547
0.11599875513449898,0.5471
0.11892074489056614,0.5472
0.12148156470827987,0.5473
0.1236696257538703,0.5474
0.12546039409948861,0.5475
0.12659797781487092,0.5476
0.12731269971970305,0.5477000000000001
0.1276118468123535,0.5478000000000001
0.1274977493888627,0.5479
0.12697311632514896,0.548
0.1260438029954256,0.5481
0.12471699488959953,0.5482
0.12300123143870445,0.5483
0.12090546258390755,0.5484
0.11839775947766973,0.5485
0.11294365823405705,0.5486
0.10728980385848896,0.5487000000000001
0.10158250264159319,0.5488000000000001
0.09587199038142946,0.5489
0.0901428093903398,0.549
0.08438296810058388,0.5491
0.0786419235433179,0.5492
0.07296139662412404,0.5493
0.0673898243659039,0.5494
0.061974690876633765,0.5495
0.05676129529727025,0.5496
0.05179393624034012,0.5497000000000001
0.04711425388789636,0.5498000000000001
0.042760040798247356,0.5499
0.03876306971527166,0.55
0.03514919122937599,0.5501
0.03175689090599554,0.5502
0.02856026157187963,0.5503
0.025751887385239147,0.5504
0.02336779461069116,0.5505
0.02142038966400195,0.5506
0.019912105884957176,0.5507000000000001
0.018541373613617296,0.5508000000000001
0.01678691138572619,0.5509000000000001
0.0146349739684557,0.551
0.01212171795325534,0.5511
0.009609340642739328,0.5512
0.007531396228261933,0.5513
0.006093165924966337,0.5514
0.005682675788379665,0.5515
0.006192910946508201,0.5516
0.0074696350351897145,0.5517000000000001
0.009415053185243494,0.5518000000000001
0.011335570971770181,0.5519000000000001
0.01402435328535967,0.552
0.0173098930062785,0.5521
0.020679635821373,0.5522
0.02484826195784806,0.5523
0.029846759811145596,0.5524
0.03546908731529297,0.5525
0.04157117638399588,0.5526
0.04796170214322126,0.5527000000000001
0.0544966364402375,0.5528000000000001
0.061162606251460416,0.5529000000000001
0.06792363792343492,0.553
0.07468181440812383,0.5531
0.08134635529579914,0.5532
0.08781608771129235,0.5533
0.09406070391195287,0.5534
0.10005301090501906,0.5535
0.1057793234945501,0.5536
0.11121569262993036,0.5537000000000001
0.1163097972335323,0.5538000000000001
0.12104637906242754,0.5539000000000001
0.12545997099012407,0.554
0.1295436613173485,0.5541
0.13327931952939676,0.5542
0.13664289215080272,0.5543
0.13961074053591116,0.5544
0.14216189460490924,0.5545
0.14428043263910528,0.5546
0.14595538908057903,0.5547000000000001
0.14718084131546838,0.5548000000000001
0.14795513561739293,0.5549000000000001
0.1482811565850345,0.555
0.14816513686034805,0.5551
0.14732175580878926,0.5552
0.14327149079678203,0.5553
0.13887150876754617,0.5554
0.1342593915927459,0.5555
0.12948657412359144,0.5556
0.12456802092228147,0.5557
0.11952650904751061,0.5558000000000001
0.11438491316782184,0.5559000000000001
0.10917495007236422,0.556
0.10389349485632804,0.5561
0.09860609171456591,0.5562
0.09336117023439483,0.5563
0.08820343851709767,0.5564
0.0831783207678427,0.5565
0.07833111604168386,0.5566
0.07370340783743823,0.5567
0.06932997230910054,0.5568000000000001
0.06523567177525791,0.5569000000000001
0.06143461149983953,0.557
0.05793109601667079,0.5571
0.05472244570156071,0.5572
0.05166103557487722,0.5573
0.04859965277425804,0.5574
0.045777884599305985,0.5575
0.043221920003525094,0.5576
0.04087585663936277,0.5577
0.03822915937185045,0.5578000000000001
0.035851209105105974,0.5579000000000001
0.033830046625648924,0.558
0.032130520245134964,0.5581
0.03018295844774621,0.5582
0.028593854282135345,0.5583
0.02719987554713499,0.5584
0.025780865047208,0.5585
0.02410541514030018,0.5586
0.022412308221635424,0.5587
0.02103505499344216,0.5588000000000001
0.020166728498553166,0.5589000000000001
0.019886672870883304,0.559
0.020255068247321262,0.5591
0.021300886991583834,0.5592
0.023017117605832915,0.5593
0.02506957856295844,0.5594
0.027297202036098422,0.5595
0.030058341658846688,0.5596
0.033433817321562476,0.5597
0.03692223341029033,0.5598000000000001
0.040832143322979464,0.5599000000000001
0.04528989379456805,0.56
0.05015499026128101,0.5601
0.05528523048961609,0.5602
0.060635585751471766,0.5603
0.06615023931127673,0.5604
0.07173452599343855,0.5605
0.07730632140322424,0.5606
0.08269423542664034,0.5607
0.08777999461229657,0.5608000000000001
0.09267606790488514,0.5609000000000001
0.0973653118500819,0.561
0.10181770409993862,0.5611
0.10599173325713507,0.5612
0.10985871802120162,0.5613
0.11339413820892885,0.5614
0.11658362419903567,0.5615
0.11941845270394125,0.5616
0.12188864178191228,0.5617
0.12398360621398596,0.5618000000000001
0.12562487920735732,0.5619000000000001
0.12665990065169785,0.562
0.12727362535999187,0.5621
0.1274724386564201,0.5622
0.12725871689079615,0.5623
0.1266358732092504,0.5624
0.12560999158672725,0.5625
0.12418866153454544,0.5626
0.12238060916334137,0.5627
0.12019506782835421,0.5628000000000001
0.11707631156092313,0.5629000000000001
0.11157167708668514,0.5630000000000001
0.10589855991817998,0.5631
0.10018484633946068,0.5632
0.09447190208699252,0.5633
0.08871671176919071,0.5634
0.08295907235537436,0.5635
0.07723211580148093,0.5636
0.0715778404803683,0.5637
0.06604306218032707,0.5638000000000001
0.06067448792862096,0.5639000000000001
0.0555174063999877,0.5640000000000001
0.050615955916107236,0.5641
0.046011295189485546,0.5642
0.0417400409863975,0.5643
0.0378325541212694,0.5644
0.03431319463154536,0.5645
0.0309088374482982,0.5646
0.027793747728288576,0.5647
0.025081967960922436,0.5648000000000001
0.022802743872869735,0.5649000000000001
0.02096278065835322,0.5650000000000001
0.01956074862879098,0.5651
0.018050755857018652,0.5652
0.016245988135441314,0.5653
0.0139888649204849,0.5654
0.01143397873150298,0.5655
0.009007683248219545,0.5656
0.007062094780029948,0.5657
0.005835976246016061,0.5658000000000001
0.005677187241945658,0.5659000000000001
0.006415302819720248,0.5660000000000001
0.007911825233314573,0.5661
0.009828609805308863,0.5662
0.011916396969031684,0.5663
0.014832344379372753,0.5664
0.01817277711209586,0.5665
0.02170893530117768,0.5666
0.026055922668547282,0.5667
0.031203804182718287,0.5668000000000001
0.03693849247474201,0.5669000000000001
0.04306526790958842,0.5670000000000001
0.04941485459763428,0.5671
0.0559644820038292,0.5672
0.06266647333546227,0.5673
0.0694310665908997,0.5674
0.07616141231566587,0.5675
0.0827506341224612,0.5676
0.08920749490437185,0.5677
0.09542243278559004,0.5678000000000001
0.10137485402802782,0.5679000000000001
0.10705101174254539,0.5680000000000001
0.11243339531459451,0.5681
0.11744300352631198,0.5682
0.12211576315915951,0.5683
0.12646325621875787,0.5684
0.13047561968663235,0.5685
0.13413322223918378,0.5686
0.13741217017257756,0.5687
0.14028951351078156,0.5688
0.1427456227320656,0.5689000000000001
0.14476595123911962,0.5690000000000001
0.14634072288704292,0.5691
0.14746503006644196,0.5692
0.14813817108119498,0.5693
0.14836376455403533,0.5694
0.14814869867041147,0.5695
0.14644568465948993,0.5696
0.1423132508594942,0.5697
0.13786004253337847,0.5698
0.13321119690663197,0.5699000000000001
0.12840606165468316,0.5700000000000001
0.12346202905216275,0.5701
0.11840165230674982,0.5702
0.11324955336751064,0.5703
0.10803650768849071,0.5704
0.10275593418792517,0.5705
0.09748275175431087,0.5706
0.09226109457163556,0.5707
0.08713579821769735,0.5708
0.08215259554151222,0.5709000000000001
0.07735652105410873,0.5710000000000001
0.0727880974638766,0.5711
0.06848012821148153,0.5712
0.0644549460740278,0.5713
0.06072406262003727,0.5714
0.057289886043627725,0.5715
0.054148585978651465,0.5716
0.05106102020057812,0.5717
0.04805171616878612,0.5718
0.04528941910369211,0.5719000000000001
0.042794654164731716,0.5720000000000001
0.04037319842749332,0.5721
0.03778233074381365,0.5722
0.035479358114183235,0.5723
0.033542962385809894,0.5724
0.03177661554338296,0.5725
0.02991145375819504,0.5726
0.028373270878648826,0.5727
0.02702896430067403,0.5728
0.025580977113680126,0.5729000000000001
0.023888145957711382,0.5730000000000001
0.02221395513258617,0.5731
0.02093500255929892,0.5732
0.020184127795723095,0.5733
0.020034934624536982,0.5734
0.020541777418932927,0.5735
0.0217261748986175,0.5736
0.0235745805482106,0.5737
0.025612448890722117,0.5738
0.027962434977853112,0.5739000000000001
0.03085038090469938,0.5740000000000001
0.03433799417744732,0.5741
0.03783306143128562,0.5742
0.041835722484491855,0.5743
0.04637767080062005,0.5744
0.051304667841390206,0.5745
0.05647246284683494,0.5746
0.06184140130310456,0.5747
0.0673578720019472,0.5748
0.07292787112822663,0.5749000000000001
0.07846995266325851,0.5750000000000001
0.08378920670736778,0.5751000000000001
0.08883229188610997,0.5752
0.09367262833654721,0.5753
0.0982946456067968,0.5754
0.10267120838291277,0.5755
0.10676349557588116,0.5756
0.1105446423713704,0.5757
0.11399139030954797,0.5758
0.11709006442517966,0.5759000000000001
0.11983232759227036,0.5760000000000001
0.12220836898149579,0.5761000000000001
0.12420784451463451,0.5762
0.1256927468490492,0.5763
0.1266276290492051,0.5764
0.1271436699866071,0.5765
0.12724591338580726,0.5766
0.12693669131926266,0.5767
0.12622008943027552,0.5768
0.1251025197899579,0.5769000000000001
0.12359199810435295,0.5770000000000001
0.12169743915758024,0.5771000000000001
0.11942820091223305,0.5772
0.11576302176299447,0.5773
0.11021987699439939,0.5774
0.10453623145539492,0.5775
0.09882278161856173,0.5776
0.09309575183977736,0.5777
0.08733686599461243,0.5778
0.08158788246169091,0.5779000000000001
0.07587839369054417,0.5780000000000001
0.07025116350549465,0.5781000000000001
0.06475276719185319,0.5782
0.05942939284955795,0.5783
0.05432619699315944,0.5784
0.049486963780001725,0.5785
0.044952313923706466,0.5786
0.04075798614131387,0.5787
0.03693340888316099,0.5788
0.033452913082723024,0.5789000000000001
0.03006192419860465,0.5790000000000001
0.027037126878465934,0.5791000000000001
0.02443059311037432,0.5792
0.022260925013455557,0.5793
0.020531120218997945,0.5794
0.019238112295878684,0.5795
0.017598161091088693,0.5796
0.01568120391150707,0.5797
0.013295870022614453,0.5798
0.01074316971232725,0.5799000000000001
0.008418938974350088,0.5800000000000001
0.006624610432490963,0.5801000000000001
0.005716647219944138,0.5802
0.005761295466984562,0.5803
0.006609389094905049,0.5804
0.008375801355370749,0.5805
0.010253005943670734,0.5806
0.012491922126941057,0.5807
0.015639481176638936,0.5808
0.019052725541957027,0.5809000000000001
0.022751843777319092,0.5810000000000001
0.027268367368011637,0.5811000000000001
0.032558178794842796,0.5812
0.038402616400082135,0.5813
0.04461081436301817,0.5814
0.05101494608450752,0.5815
0.057599414653878744,0.5816
0.064318207680368,0.5817
0.07108073603542298,0.5818
0.0777993619608095,0.5819
0.08436644091357237,0.5820000000000001
0.09077528036480387,0.5821000000000001
0.09692486718736282,0.5822
0.1028020948583489,0.5823
0.10839929409396531,0.5824
0.11366059323632838,0.5825
0.11858176861564784,0.5826
0.12317857784155528,0.5827
0.12744778354765884,0.5828
0.1313766551581721,0.5829
0.1349449137220302,0.5830000000000001
0.13812900885404888,0.5831000000000001
0.14090728164011523,0.5832
0.14326120585241375,0.5833
0.14517728683572795,0.5834
0.14664657206833298,0.5835
0.1476651397648976,0.5836
0.14823331788396765,0.5837
0.14835579228515894,0.5838
0.14804020945757046,0.5839
0.1454526937746754,0.5840000000000001
0.1412448987033451,0.5841000000000001
0.1367507156623784,0.5842
0.13207427532866256,0.5843
0.12724459708976732,0.5844
0.1222806961096069,0.5845
0.11720430620442479,0.5846
0.11204236270142098,0.5847
0.10681657786601417,0.5848
0.10154369470410518,0.5849
0.09628940540120945,0.5850000000000001
0.09109722761697758,0.5851000000000001
0.08601216597365102,0.5852
0.08108028943480594,0.5853
0.07634573276638346,0.5854
0.07184719126468919,0.5855
0.06761497703029862,0.5856
0.06366842874079082,0.5857
0.06001596027084333,0.5858
0.05665818113032728,0.5859
0.05359035518079902,0.5860000000000001
0.05047932204258543,0.5861000000000001
0.047525559397218586,0.5862
0.04482483359713263,0.5863
0.0423918109173389,0.5864
0.03988265995643725,0.5865
0.037351248098370426,0.5866
0.03512996433410054,0.5867
0.033284673887515215,0.5868
0.031448472941861594,0.5869
0.029668424604654797,0.5870000000000001
0.028180765305752642,0.5871000000000001
0.026858478218228843,0.5872
0.025362404406268357,0.5873
0.023662811100252368,0.5874
0.022041487427885365,0.5875
0.020869268237863725,0.5876
0.020242418004236873,0.5877
0.02022950317119343,0.5878
0.020878601623153248,0.5879
0.02220345106013455,0.5880000000000001
0.024184569286683333,0.5881000000000001
0.026205849813143,0.5882000000000001
0.028679055646131157,0.5883
0.03169280096540361,0.5884
0.035240115460955845,0.5885
0.03879400207810457,0.5886
0.04289016517142974,0.5887
0.047510396013639156,0.5888
0.052492314855992595,0.5889
0.057691766793193544,0.5890000000000001
0.06307326924894119,0.5891000000000001
0.06858576090454871,0.5892000000000001
0.07413547683551114,0.5893
0.07964179569262553,0.5894
0.08485206262460232,0.5895
0.08978356532678433,0.5896
0.0945408810299262,0.5897
0.09909600281411501,0.5898
0.10339819357059077,0.5899
0.10741305174074789,0.5900000000000001
0.11111005313946265,0.5901000000000001
0.11447201028520693,0.5902000000000001
0.1174876237864787,0.5903
0.12014734451815856,0.5904
0.12243970997230413,0.5905
0.12435341129641997,0.5906
0.12569727874332104,0.5907
0.1265366066719048,0.5908
0.12695939755936636,0.5909
0.12696975852831016,0.5910000000000001
0.12656981819770974,0.5911000000000001
0.12576426120530781,0.5912000000000001
0.12455972620672451,0.5913
0.12296455849840449,0.5914
0.12098787713113024,0.5915
0.1186392064988333,0.5916
0.11445017043785322,0.5917
0.1088703889216035,0.5918
0.10317788704139863,0.5919
0.09746627214285852,0.5920000000000001
0.0917169532585882,0.5921000000000001
0.08596214204329922,0.5922000000000001
0.08022289347765221,0.5923
0.07453078633326116,0.5924
0.06893024487495791,0.5925
0.06346962690020186,0.5926
0.05819560236132282,0.5927
0.05315239714189923,0.5928
0.04838231870968679,0.5929
0.04392508040171017,0.5930000000000001
0.039815266348609324,0.5931000000000001
0.03608102732400287,0.5932000000000001
0.03259161123336218,0.5933
0.029288021543807385,0.5934
0.026366240116129536,0.5935
0.0238680818846273,0.5936
0.02180780568893903,0.5937
0.02018810855410247,0.5938
0.01891124456378601,0.5939
0.017186765168962115,0.5940000000000001
0.015183502430339946,0.5941000000000001
0.012728700644157653,0.5942000000000001
0.010186553281260835,0.5943
0.007981751002606785,0.5944
0.0063586520229479415,0.5945
0.005692012756881137,0.5946
0.005919881637529212,0.5947
0.00693498871252296,0.5948
0.008948592000771471,0.5949
0.01080473530196846,0.595
0.013183139713428327,0.5951000000000001
0.01652807798549838,0.5952000000000001
0.020008898424201282,0.5953
0.023850152735994445,0.5954
0.02850889240077903,0.5955
0.03391468613223858,0.5956
0.03984584502880861,0.5957
0.04611584118828094,0.5958
0.05255807929227929,0.5959
0.05916306061789145,0.596
0.0658862301901415,0.5961000000000001
0.07263609222137879,0.5962000000000001
0.0793245131419853,0.5963
0.08587494055884515,0.5964
0.09222355958861383,0.5965
0.09831688038567687,0.5966
0.10411441885211192,0.5967
0.10960114226849715,0.5968
0.11476888937346641,0.5969
0.1196142636214822,0.597
0.12413500367853125,0.5971000000000001
0.12832513615452223,0.5972000000000001
0.13217044741391226,0.5973
0.13565023158692013,0.5974
0.13874126627164596,0.5975
0.14142276763919226,0.5976
0.14367707212948522,0.5977
0.14549165898237093,0.5978
0.14685851318083798,0.5979
0.1477747856724706,0.598
0.1482418551020782,0.5981000000000001
0.14826536231664722,0.5982000000000001
0.14785356090615132,0.5983
0.14443512874806896,0.5984
0.14015816942036108,0.5985
0.13562949985182737,0.5986
0.13092998809353895,0.5987
0.12608015638762338,0.5988
0.12110093573880554,0.5989
0.11601376096308147,0.599
0.11084757721275484,0.5991000000000001
0.10560981148924498,0.5992000000000001
0.10034509007127634,0.5993
0.0951085960998651,0.5994
0.08994489433092923,0.5995
0.08489924795967396,0.5996
0.08001737175987922,0.5997
0.07534264509076927,0.5998
0.07091249937831245,0.5999
0.06675487802702174,0.6
0.06288650640555349,0.6001000000000001
0.05931312795701116,0.6002000000000001
0.05603304584852542,0.6003000000000001
0.053024572648506574,0.6004
0.04990551320292824,0.6005
0.04701236947797138,0.6006
0.044378370895278074,0.6007
0.04201247832437405,0.6008
0.03942622742986557,0.6009
0.036957598944584946,0.601
0.03481840684684978,0.6011000000000001
0.03306164522422739,0.6012000000000001
0.031155154181347733,0.6013000000000001
0.029462511810258496,0.6014
0.028022329286798486,0.6015
0.026676214433555057,0.6016
0.025093649418398645,0.6017
0.02338141510992875,0.6018
0.021854770947475455,0.6019
0.020800729562054476,0.602
0.020305988648844364,0.6021000000000001
0.020436098175582895,0.6022000000000001
0.021231303838139093,0.6023000000000001
0.022697383036177188,0.6024
0.024747708518308764,0.6025
0.026743140563755707,0.6026
0.02925321710962292,0.6027
0.0323926032985844,0.6028
0.035853425804188044,0.6029
0.039548815506665225,0.603
0.043794354487146414,0.6031000000000001
0.04852799843123701,0.6032000000000001
0.053595946823569385,0.6033000000000001
0.058852449457989175,0.6034
0.06426980253764492,0.6035
0.06979696836624116,0.6036
0.07534214331848776,0.6037
0.08082349936464928,0.6038
0.08594122065376386,0.6039
0.0908350578235777,0.604
0.09554256415580642,0.6041000000000001
0.1000361807811454,0.6042000000000001
0.10426761809869878,0.6043000000000001
0.1082056829196476,0.6044
0.11182147443259338,0.6045
0.11509921877743945,0.6046
0.11802819781676466,0.6047
0.12059891952446156,0.6048
0.1227998964459196,0.6049
0.12461989486577785,0.605
0.12579881737476384,0.6051000000000001
0.12653724453566828,0.6052000000000001
0.12686187642345348,0.6053000000000001
0.12677556073657703,0.6054
0.12628084835812559,0.6055
0.12538321328166357,0.6056
0.12408957223384576,0.6057
0.12240824646776305,0.6058
0.12034813305909742,0.6059
0.11791836935929356,0.606
0.11311308715391288,0.6061000000000001
0.10749692007943878,0.6062000000000001
0.10179891931009655,0.6063000000000001
0.09607959775003116,0.6064
0.09032975576148139,0.6065
0.08458127075031552,0.6066
0.07885371708348488,0.6067
0.0731825758589113,0.6068
0.06761399250100275,0.6069
0.06219604365570419,0.607
0.05697463007743564,0.6071000000000001
0.05199358409696497,0.6072000000000001
0.04729426873989517,0.6073000000000001
0.04291515538295965,0.6074
0.03888983514488231,0.6075
0.03524558154439683,0.6076
0.031746403848921245,0.6077
0.028525389972565707,0.6078
0.025702738598327057,0.6079
0.02330904398096756,0.608
0.021354397608133846,0.6081
0.019841263007716492,0.6082000000000001
0.018460750076209953,0.6083000000000001
0.01673464459265328,0.6084
0.014606870965602425,0.6085
0.01210004181119917,0.6086
0.009581560876315898,0.6087
0.007491649535642297,0.6088
0.006037472124072796,0.6089
0.005658155902298567,0.609
0.006185572686813634,0.6091
0.007423201228062393,0.6092000000000001
0.00934247171894631,0.6093000000000001
0.011248495719421658,0.6094
0.013918449867447169,0.6095
0.01717966334605525,0.6096
0.020535591910914475,0.6097
0.02469116685720807,0.6098
0.029676064479835285,0.6099
0.035283771094020144,0.61
0.0413714060212782,0.6101
0.04774781043204679,0.6102000000000001
0.05426997368630504,0.6103000000000001
0.06092477460767698,0.6104
0.06767662498099136,0.6105
0.07442809895827385,0.6106
0.08109585584222656,0.6107
0.08758039186336519,0.6108
0.09382797980803392,0.6109
0.09982507443162203,0.611
0.10555840560415031,0.6111
0.11100412070847732,0.6112000000000001
0.11607587603668379,0.6113000000000001
0.12082638050126271,0.6114
0.1252577619934203,0.6115
0.12936160095218063,0.6116
0.1331191399276832,0.6117
0.13650629726162644,0.6118
0.1394993343541293,0.6119
0.14207744964233104,0.612
0.14422475171069293,0.6121
0.14593022237076425,0.6122000000000001
0.14718771053991397,0.6123000000000001
0.1479952374214648,0.6124
0.14835532382468142,0.6125
0.1482739274836291,0.6126
0.14746353044419158,0.6127
0.14345876096477983,0.6128
0.13911455435350772,0.6129
0.13454490045354117,0.613
0.12981079918755545,0.6131
0.12492881990126758,0.6132000000000001
0.11992190534505587,0.6133000000000001
0.11481287357268277,0.6134000000000001
0.10963331924001951,0.6135
0.1043788660933671,0.6136
0.09911915546230865,0.6137
0.09389928159429761,0.6138
0.08876370066528483,0.6139
0.08375775713630818,0.614
0.07892678291535993,0.6141
0.07431239994248984,0.6142000000000001
0.06994940644619407,0.6143000000000001
0.06586267062656226,0.6144000000000001
0.06206630387972323,0.6145
0.058564577402551166,0.6146
0.055354759577897594,0.6147
0.05232234636423749,0.6148
0.04925820584115814,0.6149
0.04642751660609168,0.615
0.04385833298568875,0.6151
0.04154261426569583,0.6152000000000001
0.038881378643454756,0.6153000000000001
0.036480419140258125,0.6154000000000001
0.034430825212870664,0.6155
0.03275935678436093,0.6156
0.03078589126939546,0.6157
0.029182723697208424,0.6158
0.027790634387979685,0.6159
0.026398656338657345,0.616
0.02475797671689972,0.6161
0.02306631692724337,0.6162000000000001
0.021642620694124926,0.6163000000000001
0.020712399785467017,0.6164000000000001
0.020356252001284103,0.6165
0.020636040094220487,0.6166
0.021584427149109464,0.6167
0.023199066604938423,0.6168
0.025250015913852453,0.6169
0.027380523441910887,0.617
0.030032058333270273,0.6171
0.03329936762247243,0.6172000000000001
0.03677009036152157,0.6173000000000001
0.04057477948761523,0.6174000000000001
0.04492340316939014,0.6175
0.049739446453779035,0.6176
0.05486509342708801,0.6177
0.0601556476343158,0.6178
0.06558690624700625,0.6179
0.0711105123982535,0.618
0.07663468302228649,0.6181
0.08207845780133538,0.6182000000000001
0.0871228988604299,0.6183000000000001
0.09196326130694266,0.6184000000000001
0.09660525885962545,0.6185
0.10102341158434558,0.6186
0.10517184931119439,0.6187
0.1090220083331368,0.6188
0.11254633733847064,0.6189
0.1157301034547068,0.619
0.11856303343834496,0.6191
0.1210358526946701,0.6192000000000001
0.12313722113713921,0.6193000000000001
0.12481298354773118,0.6194000000000001
0.12586634445075107,0.6195
0.12650049625836934,0.6196
0.12672214058800124,0.6197
0.12653359617146998,0.6198
0.1259378955366649,0.6199
0.12494103607552332,0.62
0.12355040471937984,0.6201
0.12177464047206799,0.6202000000000001
0.11962279459909919,0.6203000000000001
0.1171041032586515,0.6204000000000001
0.11169033255551897,0.6205
0.10603531192761273,0.6206
0.10033100330261946,0.6207
0.09459776136688836,0.6208
0.08885021345074628,0.6209
0.08310858853003955,0.621
0.07739315708969474,0.6211
0.07174310773449433,0.6212
0.06620611836110657,0.6213000000000001
0.060829848817241516,0.6214000000000001
0.055659941303311866,0.6215
0.050740906294667765,0.6216
0.04611400354329964,0.6217
0.04181640954831933,0.6218
0.03788007590897968,0.6219
0.03430168265251954,0.622
0.030813625803284284,0.6221
0.027688629462522263,0.6222
0.02497831659404781,0.6223000000000001
0.022702232272297618,0.6224000000000001
0.020866144132837938,0.6225
0.01947074354863365,0.6226
0.017958080451520475,0.6227
0.016171579560120053,0.6228
0.013917338877610375,0.6229
0.011359338769190153,0.623
0.008931168422418923,0.6231
0.006982493476789919,0.6232
0.0057869695124650455,0.6233000000000001
0.005667936240488114,0.6234000000000001
0.006400368052077443,0.6235
0.007881832764786267,0.6236
0.009778508817071208,0.6237
0.01186064795994568,0.6238
0.014773481289385604,0.6239
0.018099555273458634,0.624
0.021631357582831967,0.6241
0.02597437712449291,0.6242
0.0311162038845354,0.6243000000000001
0.03684261914216336,0.6244000000000001
0.04296006287391485,0.6245
0.049299708686296295,0.6246
0.05583934853712913,0.6247
0.06253169973406802,0.6248
0.06928752604818889,0.6249
0.07602034060392548,0.625
0.0826144650598869,0.6251
0.08906767957604123,0.6252
0.09528032568760536,0.6253000000000001
0.10123239492486225,0.6254000000000001
0.10691028088731502,0.6255000000000001
0.11227421511113755,0.6256
0.11727858168659888,0.6257
0.12196075724155231,0.6258
0.12632043682113914,0.6259
0.13034672376907996,0.626
0.13401973078908413,0.6261
0.13731553431221044,0.6262
0.1402113429390932,0.6263000000000001
0.14268768618520267,0.6264000000000001
0.1447300692881206,0.6265000000000001
0.14632861226663518,0.6266
0.14747818806566093,0.6267
0.1481778191887011,0.6268
0.1484308900747342,0.6269
0.14824410028634327,0.627
0.14654199154658798,0.6271
0.14244894792407337,0.6272
0.1380499189334944,0.6273000000000001
0.1334383078377901,0.6274000000000001
0.1286682714941001,0.6275000000000001
0.12375769523266589,0.6276
0.11872919571152296,0.6277
0.11360730036721178,0.6278
0.10841753210951277,0.6279
0.10316558141338783,0.628
0.09791923078673936,0.6281
0.09272224406356233,0.6282
0.0876193494081593,0.6283000000000001
0.08265631462576328,0.6284000000000001
0.07787815178234891,0.6285000000000001
0.07332532806360981,0.6286
0.06903050820803713,0.6287
0.06501586719888863,0.6288
0.06129280088441269,0.6289
0.05786364941066635,0.629
0.0547245490544539,0.6291
0.051664305026311697,0.6292
0.04865548560528077,0.6293000000000001
0.0458881080660698,0.6294000000000001
0.04338430267386051,0.6295000000000001
0.04099078537460765,0.6296
0.038389645759677515,0.6297
0.03606880622222608,0.6298
0.034109735414196596,0.6299
0.03237028881777548,0.63
0.030485126483115854,0.6301
0.028944072153035405,0.6302
0.027597114548279844,0.6303000000000001
0.026192143261092093,0.6304000000000001
0.024515733086209357,0.6305000000000001
0.02284398720323555,0.6306
0.02152457180501055,0.6307
0.02071896341495605,0.6308
0.020501810088675354,0.6309
0.020929142419418012,0.631
0.02202603708769435,0.6311
0.02378319794536954,0.6312
0.02582260081176213,0.6313000000000001
0.02808451539253909,0.6314000000000001
0.030872492293817944,0.6315000000000001
0.034261164089825824,0.6316
0.03773969577777603,0.6317
0.0416454417426948,0.6318
0.046086642779567866,0.6319
0.050920737966204,0.632
0.05600682333406315,0.6321
0.06130313885627503,0.6322
0.06675592489769211,0.6323000000000001
0.07227143334572572,0.6324000000000001
0.07776855324096144,0.6325000000000001
0.08309156442121657,0.6326
0.08809519259781662,0.6327
0.09290447635850485,0.6328
0.09750444358320687,0.6329
0.10186645169836417,0.633
0.10594975410139151,0.6331
0.10972625235392541,0.6332
0.11317173367901234,0.6333000000000001
0.11627204594851093,0.6334000000000001
0.1190186537312794,0.6335000000000001
0.12140176548651116,0.6336
0.12341104619084697,0.6337
0.12493724377507709,0.6338
0.12588968544414025,0.6339
0.12642465032978623,0.634
0.12654787024885206,0.6341
0.12626168093707002,0.6342
0.12556979782907773,0.6343
0.1244784247712778,0.6344000000000001
0.12299534118527244,0.6345000000000001
0.12112937651504652,0.6346
0.11888989066121192,0.6347
0.11583456898565003,0.6348
0.11032772127499002,0.6349
0.10465487089010483,0.635
0.09893455340479973,0.6351
0.09319078942643622,0.6352
0.08744331295377172,0.6353
0.08170790622086421,0.6354000000000001
0.07600869440899893,0.6355000000000001
0.07038613435941221,0.6356
0.06488692075617364,0.6357
0.05955789626564045,0.6358
0.054444570745380894,0.6359
0.04959118895762593,0.636
0.045038937353305775,0.6361
0.040824513249206884,0.6362
0.03697835404377092,0.6363
0.03340610639562813,0.6364000000000001
0.030005437815612712,0.6365000000000001
0.02698159485625795,0.6366
0.024377393150717186,0.6367
0.022209101289452526,0.6368
0.020481695238694364,0.6369
0.019192567608397715,0.637
0.01755657698607571,0.6371
0.015648272398638197,0.6372
0.01325624916455248,0.6373
0.010695093074556627,0.6374000000000001
0.008367133707076535,0.6375000000000001
0.00656891128637116,0.6376000000000001
0.005694193612798992,0.6377
0.0057618344464933635,0.6378
0.006589692727719809,0.6379
0.008347643755329148,0.638
0.01019921093236964,0.6381
0.012428479181739505,0.6382
0.01557304705488427,0.6383
0.01897215335482061,0.6384000000000001
0.02266513992288166,0.6385000000000001
0.027176094729617573,0.6386000000000001
0.03245876298266581,0.6387
0.03829464140049965,0.6388
0.04449355107954922,0.6389
0.05088820465653621,0.639
0.05746336375924299,0.6391
0.06417321633218609,0.6392
0.0709275620271409,0.6393
0.07763901866851142,0.6394000000000001
0.08422152796787108,0.6395000000000001
0.09062778665799698,0.6396000000000001
0.09677566088488099,0.6397
0.1026530126663141,0.6398
0.10823578115715549,0.6399
0.11348523307270986,0.64
0.1184136805475634,0.6401
0.12302097741386153,0.6402
0.12730275758374598,0.6403
0.13124583586087424,0.6404000000000001
0.1348297703868735,0.6405000000000001
0.13803096956865457,0.6406000000000001
0.14082790896870867,0.6407
0.14320213898442935,0.6408
0.14514018183438715,0.6409
0.14663295846826374,0.641
0.14767633409683978,0.6411
0.14827039915777196,0.6412
0.148419651007494,0.6413
0.14813158103619384,0.6414000000000001
0.1455509709843693,0.6415000000000001
0.14138227120853597,0.6416000000000001
0.13693980838600395,0.6417
0.1322999269032662,0.6418
0.12750469483576288,0.6419
0.12257353264046233,0.642
0.11752820971037892,0.6421
0.11239555666810075,0.6422
0.1071929148298264,0.6423
0.101947394700724,0.6424000000000001
0.09671865168145422,0.6425000000000001
0.09154993931808719,0.6426000000000001
0.08648621408204027,0.6427
0.08157358616472932,0.6428
0.07685614277032449,0.6429
0.07237248457213274,0.643
0.06815277124934493,0.6431
0.0642161666620843,0.6432
0.060570940272189344,0.6433
0.05721764505552729,0.6434000000000001
0.054151531954793386,0.6435000000000001
0.05106664294168484,0.6436000000000001
0.04811297629722411,0.6437
0.045406778564603734,0.6438
0.04296437082958904,0.6439
0.0404826609379485,0.644
0.03794093684024946,0.6441
0.03570166512856465,0.6442
0.03383372008095953,0.6443
0.03202537548868345,0.6444000000000001
0.030225854023836707,0.6445000000000001
0.028735770902977853,0.6446000000000001
0.02743618579539553,0.6447
0.025969905295648354,0.6448
0.024301551849894132,0.6449
0.022651772297863415,0.645
0.021435309247416656,0.6451
0.020751710991438133,0.6452
0.020669879308624184,0.6453
0.021239745445398972,0.6454000000000001
0.02247857415558774,0.6455000000000001
0.024370860801447458,0.6456000000000001
0.02639698743280383,0.6457
0.028783130494257625,0.6458
0.03169847051994723,0.6459
0.035198985528061666,0.646
0.03868123399398771,0.6461
0.0426781426638152,0.6462
0.047201432983095204,0.6463
0.05209503852100572,0.6464000000000001
0.05721608884921303,0.6465000000000001
0.06252815909616649,0.6466000000000001
0.06797969591225894,0.6467
0.07347761960765242,0.6468
0.07894153415003924,0.6469
0.08419054397820014,0.647
0.08914833398516697,0.6471
0.09389874497302642,0.6472
0.09842831272144326,0.6473
0.10271132135716521,0.6474000000000001
0.10670981221748621,0.6475000000000001
0.11039757900444458,0.6476000000000001
0.11375173363497659,0.6477
0.11675885915553763,0.6478
0.11941083365476535,0.6479
0.12169805208673456,0.648
0.12361042107693554,0.6481
0.12497470683705314,0.6482
0.1258260831697119,0.6483
0.12626288168015742,0.6484
0.12628928101087844,0.6485000000000001
0.1259074844432242,0.6486000000000001
0.12512187439766886,0.6487
0.12393896675284088,0.6488
0.12236698194551265,0.6489
0.120414940850335,0.649
0.11809234273842628,0.6491
0.11447449970239054,0.6492
0.10893102021181744,0.6493
0.10324846175460001,0.6494
0.09751387151367252,0.6495000000000001
0.09177290460780163,0.6496000000000001
0.08603330169619139,0.6497
0.08031110799397956,0.6498
0.07463347429138789,0.6499
0.06904228591630934,0.65
0.06358410721341778,0.6501
0.05830530560019587,0.6502
0.053251167930610244,0.6503
0.04846543810648929,0.6504
0.04398867178484078,0.6505000000000001
0.039856622281331466,0.6506000000000001
0.03609870610979704,0.6507000000000001
0.032504593826989,0.6508
0.029189408978792963,0.6509
0.026269268893113207,0.651
0.023775108743984807,0.6511
0.021718240697092606,0.6512
0.020103416610119718,0.6513
0.018813920614991098,0.6514
0.01710306730554234,0.6515000000000001
0.015105061142307807,0.6516000000000001
0.012647878007761015,0.6517000000000001
0.010099748914594198,0.6518
0.007895195808331978,0.6519
0.006274146542293746,0.652
0.005664858052172539,0.6521
0.005936745479166561,0.6522
0.006936361259704427,0.6523
0.008952685307821229,0.6524
0.010782142285758578,0.6525000000000001
0.013156658982715452,0.6526000000000001
0.016506545469836098,0.6527000000000001
0.019976261383927163,0.6528
0.023816934743561502,0.6529
0.02847488668551912,0.653
0.03387678090668511,0.6531
0.03980145592879025,0.6532
0.04606340692584676,0.6533
0.05249675105446472,0.6534
0.05909253469541298,0.6535000000000001
0.06580640368990465,0.6536000000000001
0.0725472170384237,0.6537000000000001
0.07922707545060237,0.6538
0.08576960776809295,0.6539
0.09211137374781697,0.654
0.09819931560413198,0.6541
0.10399346582859326,0.6542
0.10947924303547729,0.6543
0.11464875475049185,0.6544
0.11949870219727443,0.6545000000000001
0.12402656150334568,0.6546000000000001
0.12822586456767615,0.6547000000000001
0.13208184612858864,0.6548
0.13557345635777296,0.6549
0.13867737262198399,0.655
0.14137298854240865,0.6551
0.14364285522116094,0.6552
0.14547459866556312,0.6553
0.14686015786646434,0.6554
0.14779653053429764,0.6555000000000001
0.1482849055442942,0.6556000000000001
0.14833078378775444,0.6557000000000001
0.14794231785628476,0.6558
0.14451455906639488,0.6559
0.14027227761435412,0.656
0.1357920326718538,0.6561
0.13112582738938217,0.6562
0.1263073460117924,0.6563
0.12135800677903674,0.6564
0.11629932248409514,0.6565000000000001
0.11116021084726513,0.6566000000000001
0.10594252394409531,0.6567000000000001
0.1007037620295893,0.6568
0.0954919523670994,0.6569
0.09035132856272876,0.657
0.0853270863171327,0.6571
0.08046494044095387,0.6572
0.07580794950277381,0.6573
0.0713932809847202,0.6574
0.06724890900637859,0.6575000000000001
0.06339128109166614,0.6576000000000001
0.05982574912524563,0.6577000000000001
0.05655083718994813,0.6578
0.05356070222968823,0.6579
0.05044765950257846,0.658
0.04755441638147806,0.6581
0.04491670342710141,0.6582
0.04254397734898441,0.6583
0.039983933160444796,0.6584
0.03750757418434425,0.6585000000000001
0.035353451153369964,0.6586000000000001
0.033577617899298806,0.6587000000000001
0.031699693657194494,0.6588
0.029989846422965094,0.6589
0.028548938505606802,0.659
0.027239966383981074,0.6591
0.0257285782230543,0.6592
0.024027253449480312,0.6593
0.022468536601389255,0.6594
0.021368679299346605,0.6595000000000001
0.02081667394751796,0.6596000000000001
0.020877714405614256,0.6597000000000001
0.02159477389759279,0.6598
0.022977301327482325,0.6599
0.025004251875070382,0.66
0.026943590120317662,0.6601
0.029364777738309034,0.6602
0.032410436559480615,0.6603
0.03585707474895017,0.6604
0.03945904554903068,0.6605000000000001
0.0436050221463562,0.6606000000000001
0.04824395641221946,0.6607000000000001
0.05322608548992225,0.6608
0.05840612710934434,0.6609
0.06375580601153219,0.661
0.06922349825206608,0.6611
0.07471823289230517,0.6612
0.08015838262643893,0.6613
0.08527817400760118,0.6614
0.09013727285438933,0.6615
0.0948168893827882,0.6616000000000001
0.09928981818360227,0.6617000000000001
0.10350678114041434,0.6618
0.10743480869031674,0.6619
0.1110441568929077,0.662
0.11431828812504485,0.6621
0.11724623637752862,0.6622
0.1198185326675868,0.6623
0.12202383823537577,0.6624
0.12385098591312849,0.6625
0.12506803376707587,0.6626000000000001
0.12582135535249095,0.6627000000000001
0.1261623604685126,0.6628000000000001
0.12609449858820954,0.6629
0.125620277986894,0.663
0.12474477047534593,0.6631
0.12347468916297566,0.6632
0.12181815680104591,0.6633
0.11978406326370294,0.6634
0.11738162639169558,0.6635
0.11316971400455744,0.6636000000000001
0.1075874226560457,0.6637000000000001
0.10188178733163278,0.6638000000000001
0.09614493578134276,0.6639
0.09040372371256078,0.664
0.08466749849467792,0.6641
0.07895325682892929,0.6642
0.07329190928805152,0.6643
0.06772778765448562,0.6644
0.06230915751661226,0.6645
0.05708261927874192,0.6646000000000001
0.05209209376173307,0.6647000000000001
0.04737944134287009,0.6648000000000001
0.04298395271927724,0.6649
0.03893985248307463,0.665
0.035268969273537065,0.6651
0.03168215685484932,0.6652
0.02845446822594644,0.6653
0.02563538766965423,0.6654
0.02324674838277918,0.6655
0.021296145952643286,0.6656000000000001
0.019787910059166913,0.6657000000000001
0.018405202496598605,0.6658000000000001
0.01669403172364703,0.6659
0.014569982937185477,0.666
0.012057350822152646,0.6661
0.009539209385817538,0.6662
0.0074490293754558845,0.6663
0.005994285565724677,0.6664
0.005644673270761125,0.6665
0.006193293267089617,0.6666000000000001
0.00741645301376237,0.6667000000000001
0.00930924155860513,0.6668000000000001
0.01121207532057844,0.6669
0.013880939196885045,0.667
0.01712525095168016,0.6671
0.02047816905186628,0.6672
0.024631823136850972,0.6673
0.029612486272158733,0.6674
0.03521300121561821,0.6675
0.04129217311286393,0.6676000000000001
0.04765898810970737,0.6677000000000001
0.0541712837425079,0.6678000000000001
0.060816226189289946,0.6679
0.06755858721164021,0.668
0.07430122136742656,0.6681
0.08096114587669156,0.6682
0.08746116066686505,0.6683
0.0937067922123207,0.6684
0.09970143510508,0.6685
0.10543385286126183,0.6686000000000001
0.11084778021748654,0.6687000000000001
0.11592233569224963,0.6688000000000001
0.12067967015774317,0.6689
0.12512024630117025,0.669
0.12923500058601745,0.6691
0.13300507979724097,0.6692
0.13640621652552198,0.6693
0.13941470498070152,0.6694
0.14200978999618308,0.6695
0.14417561460984218,0.6696000000000001
0.1459011315402794,0.6697000000000001
0.14718005430573466,0.6698000000000001
0.14801019054644793,0.6699
0.1483938534364253,0.67
0.1483368249984336,0.6701
0.1475060678862241,0.6702
0.14353791328569865,0.6703
0.13923178602938036,0.6704
0.1347113536063509,0.6705
0.1300119720551305,0.6706000000000001
0.1251629253299138,0.6707000000000001
0.12018745336460379,0.6708000000000001
0.1151085355840612,0.6709
0.10995361910935919,0.671
0.1047265981094544,0.6711
0.09949415774890957,0.6712
0.0942996846455122,0.6713
0.08918746486370599,0.6714
0.08420287798954362,0.6715
0.0793912731841594,0.6716000000000001
0.0747942423446839,0.6717000000000001
0.0704464833268037,0.6718000000000001
0.06637275364642958,0.6719
0.06258678253371885,0.672
0.05909216191311417,0.6721
0.05588604576625622,0.6722
0.052871285587689165,0.6723
0.04980865552160352,0.6724
0.04697549976197957,0.6725
0.04440048479583614,0.6726000000000001
0.04209093778113249,0.6727000000000001
0.03943817094752777,0.6728000000000001
0.037026386676161094,0.6729
0.034960096046736444,0.673
0.033279356207124966,0.6731
0.03132325425892213,0.6732
0.029701817324559565,0.6733
0.028309704811770642,0.6734
0.02696591766326173,0.6735
0.025356738481397745,0.6736000000000001
0.02366921012663603,0.6737000000000001
0.022212769813926503,0.6738000000000001
0.021237591077484463,0.6739
0.020824934505685233,0.674
0.021036997666897594,0.6741
0.02190909246402839,0.6742
0.023442554166572815,0.6743
0.025489431413984853,0.6744
0.027541590850356235,0.6745
0.030103452333251512,0.6746
0.03328046376454363,0.6747000000000001
0.03673547030593394,0.6748000000000001
0.04045038408765289,0.6749
0.04470426658248727,0.675
0.049430521522961346,0.6751
0.05447517342053687,0.6752
0.05969392989209621,0.6753
0.06506196616151227,0.6754
0.07053025267817814,0.6755
0.07600769347808112,0.6756
0.08141341451184325,0.6757000000000001
0.0864582795233595,0.6758000000000001
0.09126712823320648,0.6759000000000001
0.09588419793528358,0.676
0.10028418372038017,0.6761
0.10442029341989811,0.6762
0.10826237890253543,0.6763
0.11178215074776165,0.6764
0.11496419771062327,0.6765
0.11779800814882124,0.6766
0.12027427833822868,0.6767000000000001
0.12238173809779118,0.6768000000000001
0.12409084009667248,0.6769000000000001
0.1251578154063525,0.677
0.12580710397023376,0.6771
0.12604603173527673,0.6772
0.1258769271422645,0.6773
0.12530250080857175,0.6774
0.12432854125705506,0.6775
0.12296220645967426,0.6776
0.12121203497284339,0.6777000000000001
0.11908705938387076,0.6778000000000001
0.11659656153594211,0.6779000000000001
0.11177487139140352,0.678
0.10614768254878626,0.6781
0.10042870181440167,0.6782
0.09469292886433733,0.6783
0.08895479870763012,0.6784
0.08322535084139804,0.6785
0.07752279564070552,0.6786
0.071882117627737,0.6787000000000001
0.066349446967509,0.6788000000000001
0.0609729386357879,0.6789000000000001
0.055798582122521534,0.679
0.0508700861469813,0.6791
0.04622863463416249,0.6792
0.04191251197450052,0.6793
0.037954673231041625,0.6794
0.034272719593028134,0.6795
0.030769814145501284,0.6796
0.027642181105532515,0.6797000000000001
0.024930245134170193,0.6798000000000001
0.0226520720820802,0.6799000000000001
0.02081530650883545,0.68
0.019420780536349325,0.6801
0.017898373663950196,0.6802
0.016127210227559363,0.6803
0.013877986895182381,0.6804
0.01131941560679528,0.6805
0.008891242239967623,0.6806
0.0069411685514952914,0.6807000000000001
0.005764596584493464,0.6808000000000001
0.005664407685800565,0.6809000000000001
0.006386764265090106,0.681
0.007856158882461717,0.6811
0.00973205759172524,0.6812
0.011805945853783584,0.6813
0.014714011278769368,0.6814
0.018026795304256993,0.6815
0.021552304156072122,0.6816
0.025889447807095456,0.6817000000000001
0.031024118739399364,0.6818000000000001
0.036742159358567505,0.6819000000000001
0.04285081852739103,0.682
0.04918164510473,0.6821
0.05571264147003352,0.6822
0.062396613497825104,0.6823
0.06914455913060114,0.6824
0.07587019192192934,0.6825
0.08247736844285292,0.6826
0.08892741319512865,0.6827000000000001
0.09513770704116553,0.6828000000000001
0.10108918061938055,0.6829000000000001
0.10676853158603072,0.683
0.11210495562443545,0.6831
0.11711458681785403,0.6832
0.12180561909969856,0.6833
0.12617628207141263,0.6834
0.13021505453837867,0.6835
0.13390200514574468,0.6836
0.13721311752622023,0.6837000000000001
0.14012573375298676,0.6838000000000001
0.142620438702026,0.6839000000000001
0.1446827538735277,0.684
0.14630272280097922,0.6841
0.14747506041901837,0.6842
0.14819858235832928,0.6843
0.14847648952486714,0.6844
0.14831531680143484,0.6845
0.14660866307785714,0.6846
0.14255229326379548,0.6847000000000001
0.13819181832827443,0.6848000000000001
0.13362687502815884,0.6849000000000001
0.1288906319619062,0.685
0.1240119584047561,0.6851
0.11901371136282324,0.6852
0.11392051958930483,0.6853
0.10875308183091392,0.6854
0.10352823759854735,0.6855
0.09830743261485109,0.6856
0.09313410492806629,0.6857000000000001
0.08805288170621495,0.6858000000000001
0.08310956180435336,0.6859000000000001
0.07834910982457488,0.686
0.07381190305262963,0.6861
0.06953043031745276,0.6862
0.06552667928835554,0.6863
0.06181190501903733,0.6864
0.05838836521534607,0.6865
0.055252151635804214,0.6866
0.052215737967839626,0.6867000000000001
0.04920782639976151,0.6868000000000001
0.046435374207722147,0.6869000000000001
0.04392175392711839,0.687
0.041544275687104726,0.6871
0.038933295407026725,0.6872
0.036597032876619195,0.6873
0.03461868232010712,0.6874
0.03290014887382653,0.6875
0.030998489224210113,0.6876
0.029456731252684554,0.6877
0.028108527674908235,0.6878000000000001
0.026727697799683092,0.6879000000000001
0.025080921433359604,0.6880000000000001
0.02341203609219278,0.6881
0.022056979429452728,0.6882
0.02120309822942601,0.6883
0.02092620207160434,0.6884
0.021283735055297903,0.6885
0.022303423032999037,0.6886
0.02397976820914005,0.6887
0.02601727125036879,0.6888000000000001
0.028201102928311572,0.6889000000000001
0.030900405679478826,0.6890000000000001
0.034200590954440946,0.6891
0.037662174998631226,0.6892
0.04148060343015714,0.6893
0.045830768726039084,0.6894
0.05058048530006887,0.6895
0.055591987597914505,0.6896
0.06082176039994125,0.6897
0.06621596786659556,0.6898000000000001
0.07168113232703044,0.6899000000000001
0.07713647595560313,0.6900000000000001
0.08246309754341685,0.6901
0.08742997877877001,0.6902
0.09221004713563696,0.6903
0.09678900224892495,0.6904
0.10113688284551059,0.6905
0.10521120211846668,0.6906
0.10898274944354869,0.6907
0.11242644024258253,0.6908000000000001
0.11552768649347467,0.6909000000000001
0.11827777266256811,0.6910000000000001
0.1206669275740555,0.6911
0.12268482632357613,0.6912
0.1242472050816199,0.6913
0.12521557584440257,0.6914
0.12576782186135893,0.6915
0.12591026073378753,0.6916
0.1256452160469319,0.6917
0.12497606514615933,0.6918000000000001
0.12390882033121053,0.6919000000000001
0.12245105132432643,0.6920000000000001
0.12061151554575578,0.6921
0.11839958210635793,0.6922
0.11582488748835196,0.6923
0.11042576255164616,0.6924
0.10475173615427269,0.6925
0.09902298113938035,0.6926
0.09328821800365472,0.6927
0.0875526919567754,0.6928000000000001
0.08183003682492962,0.6929000000000001
0.0761407730256275,0.6930000000000001
0.07052338693786586,0.6931
0.06502445609954566,0.6932
0.05969149248563377,0.6933
0.05457036844123486,0.6934
0.04970551761634834,0.6935
0.045138012764240454,0.6936
0.04090474236742514,0.6937
0.03703735167586286,0.6938000000000001
0.03337409756704113,0.6939000000000001
0.029961474092155882,0.6940000000000001
0.026936136177172054,0.6941
0.024332350133223546,0.6942
0.022163531274425496,0.6943
0.020436758246576314,0.6944
0.01914986427707266,0.6945
0.01751322687779444,0.6946
0.015617124828466222,0.6947
0.013224747567729622,0.6948000000000001
0.010658507202853995,0.6949000000000001
0.008327149708248216,0.6950000000000001
0.0065246101179379234,0.6951
0.005677164188659267,0.6952
0.0057625919397319425,0.6953
0.006570914426291541,0.6954
0.008319944952852598,0.6955
0.010149404584525845,0.6956
0.012368574904090046,0.6957
0.015508317314055109,0.6958000000000001
0.01889407157302081,0.6959000000000001
0.022579956968200587,0.6960000000000001
0.027084393798473938,0.6961
0.03235950031907331,0.6962
0.03818691289047904,0.6963
0.04437697282403974,0.6964
0.05076286165413113,0.6965
0.05732959702429574,0.6966
0.06403152832541914,0.6967
0.0707787835177861,0.6968000000000001
0.07748418727213469,0.6969000000000001
0.08407025923957157,0.6970000000000001
0.09047099082450116,0.6971
0.09662968409013506,0.6972
0.10250213551988618,0.6973
0.10807006456106638,0.6974
0.11332373512375438,0.6975
0.11825970199251834,0.6976
0.12287681220449831,0.6977
0.12717027241110912,0.6978000000000001
0.13112661710669415,0.6979000000000001
0.13472519997456844,0.6980000000000001
0.13794238361351796,0.6981
0.14075669284433245,0.6982
0.14314973522612873,0.6983
0.1451080481007676,0.6984
0.14662243735672442,0.6985
0.14768857895061716,0.6986
0.14830636179515821,0.6987
0.14848011138653094,0.6988000000000001
0.14821717604172213,0.6989000000000001
0.14564119005009035,0.6990000000000001
0.14150797800786108,0.6991
0.13710514010865593,0.6992
0.1325058229763425,0.6993
0.12774226928993182,0.6994
0.12284096225587837,0.6995
0.11782385343497304,0.6996
0.11271781742889919,0.6997
0.10753656050740235,0.6998000000000001
0.10231594462557636,0.6999000000000001
0.09711047235861248,0.7000000000000001
0.09196312115160876,0.7001000000000001
0.08691875133197058,0.7002
0.0820234740639526,0.7003
0.07732131759165572,0.7004
0.07285081234111912,0.7005
0.0686420178959376,0.7006
0.06471398957054264,0.7007
0.061074906416156094,0.7008
0.057725292128414596,0.7009000000000001
0.05466038435674703,0.7010000000000001
0.051598987588001854,0.7011000000000001
0.04864502580889396,0.7012
0.04593349444309891,0.7013
0.04348219450937374,0.7014
0.04102472672513291,0.7015
0.03847317273144646,0.7016
0.03621725462872982,0.7017
0.03432850952626776,0.7018
0.03254438782795477,0.7019000000000001
0.03072674446727275,0.7020000000000001
0.02923366114061099,0.7021000000000001
0.027931229753018982,0.7022
0.02651290677515994,0.7023
0.024848277034788868,0.7024
0.023199165847783254,0.7025
0.021945691758867847,0.7026
0.021212813640416606,0.7027
0.021070431662092437,0.7028
0.02157009551793032,0.7029000000000001
0.02273228185386511,0.7030000000000001
0.024545009659293626,0.7031000000000001
0.02657168054637138,0.7032
0.028880481954086656,0.7033
0.031708571743767955,0.7034
0.035122876040683204,0.7035
0.03858882494040117,0.7036
0.042501427601350894,0.7037
0.04693747731709208,0.7038
0.05175062734155622,0.7039000000000001
0.05680081718642782,0.7040000000000001
0.06204989441942066,0.7041000000000001
0.06744620509945132,0.7042
0.0728969153282717,0.7043
0.0783219228933183,0.7044
0.08357389659937275,0.7045
0.08849782003631534,0.7046
0.09322164400196742,0.7047
0.09773236870406432,0.7048
0.10200296774267104,0.7049000000000001
0.10599384055727268,0.7050000000000001
0.10967774403791386,0.7051000000000001
0.11303100164005975,0.7052
0.11603981273631203,0.7053
0.11869590153339293,0.7054
0.1209896860905858,0.7055
0.12291108185766586,0.7056
0.12431228082107115,0.7057
0.12517969962105702,0.7058
0.12563378350039478,0.7059000000000001
0.1256793128501975,0.7060000000000001
0.12531849466383038,0.7061000000000001
0.1245553887716695,0.7062
0.1233963334017234,0.7063
0.12184934873449305,0.7064
0.11992338865542795,0.7065
0.11762796162027755,0.7066
0.11455182155415666,0.7067
0.10903237771378882,0.7068
0.10334365471464124,0.7069000000000001
0.09761397554690121,0.7070000000000001
0.09188229330787834,0.7071000000000001
0.08615382571712948,0.7072
0.08044324236718003,0.7073
0.07477407273650771,0.7074
0.06918657731238753,0.7075
0.06372739818867057,0.7076
0.0584433549890524,0.7077
0.05337978625486772,0.7078
0.048580738235499465,0.7079000000000001
0.04408728820491992,0.7080000000000001
0.039936094657073706,0.7081000000000001
0.036157517245541726,0.7082
0.03248103458067608,0.7083
0.02915591342856816,0.7084
0.026235298790568073,0.7085
0.023741725243965783,0.7086
0.021684446607249663,0.7087
0.020070036332268115,0.7088
0.018781226515800054,0.7089000000000001
0.017082240260810178,0.7090000000000001
0.01509273431377034,0.7091000000000001
0.012635246531858213,0.7092
0.01008133292772273,0.7093
0.007872441330281976,0.7094
0.006245654666101164,0.7095
0.005653632698988886,0.7096
0.005935355284138355,0.7097
0.006915696386061265,0.7098
0.008920091142040842,0.7099000000000001
0.010730296614220647,0.7100000000000001
0.013093014296177374,0.7101000000000001
0.016434760638723622,0.7102
0.019891722801576694,0.7103
0.023723042094603075,0.7104
0.028371832318419887,0.7105
0.03376388760117832,0.7106
0.039678276218495956,0.7107
0.04592992874357438,0.7108
0.052353421192059324,0.7109000000000001
0.05893996108497701,0.7110000000000001
0.06564535581350117,0.7111000000000001
0.07237881017468117,0.7112
0.07905266216432816,0.7113
0.08559067717600666,0.7114
0.09192960459591604,0.7115
0.09801658240446998,0.7116
0.1038118537596564,0.7117
0.10930098421152934,0.7118
0.11447617139813981,0.7119000000000001
0.1193341460504036,0.7120000000000001
0.12387224387228812,0.7121000000000001
0.12808373668563944,0.7122
0.13195357501601013,0.7123
0.13546052612771486,0.7124
0.13858120149605457,0.7125
0.14129504704780627,0.7126
0.1435846645746992,0.7127
0.1454376677851913,0.7128
0.146845863914275,0.7129000000000001
0.1478060450438824,0.7130000000000001
0.14831917067505773,0.7131000000000001
0.14839053994182205,0.7132000000000001
0.1480281405613577,0.7133
0.1446205649221347,0.7134
0.14041321953771946,0.7135
0.13597023324963686,0.7136
0.1313441650217133,0.7137
0.12655608884015956,0.7138
0.1216353437883898,0.7139
0.11660368332178161,0.7140000000000001
0.1114900558082903,0.7141000000000001
0.10629317594451215,0.7142000000000001
0.10107836869598497,0.7143
0.095888888455675,0.7144
0.09076864881341684,0.7145
0.08576268568781309,0.7146
0.08091667036397387,0.7147
0.07627360334157696,0.7148
0.07187062437907976,0.7149
0.06773570893331782,0.7150000000000001
0.06388528952029016,0.7151000000000001
0.06032465652797936,0.7152000000000001
0.05705231668115274,0.7153
0.05406242023355379,0.7154
0.05097417215836386,0.7155
0.048079859351476184,0.7156
0.04543578476732968,0.7157
0.04305314556322215,0.7158
0.040518988659425936,0.7159
0.03803184469811627,0.7160000000000001
0.03585963454361729,0.7161000000000001
0.03406153366336917,0.7162000000000001
0.03220909701109864,0.7163
0.030479995837420004,0.7164
0.02903519179700398,0.7165
0.027746090107682697,0.7166
0.026272071081286708,0.7167
0.02458634533784987,0.7168
0.022997173117272895,0.7169
0.02185529433798883,0.7170000000000001
0.021250722875001626,0.7171000000000001
0.021248867934728688,0.7172000000000001
0.021894497848234717,0.7173
0.023200293686361118,0.7174
0.025148495642933977,0.7175
0.02715450766074201,0.7176
0.029589579619306194,0.7177
0.03254696483882791,0.7178
0.03606553076466157,0.7179
0.039544758336720776,0.7180000000000001
0.04355055763642124,0.7181000000000001
0.048069452342009544,0.7182000000000001
0.052942484327939576,0.7183
0.058027810370777866,0.7184
0.06329227834303708,0.7185
0.06868642181497775,0.7186
0.07411799832125598,0.7187
0.07950768597775337,0.7188
0.08468426673651563,0.7189
0.0895603251984135,0.7190000000000001
0.09422326060341712,0.7191000000000001
0.09866187854832709,0.7192000000000001
0.10285228039687466,0.7193
0.10675769085116182,0.7194
0.11035266513809239,0.7195
0.1136146642838548,0.7196
0.11653042054702589,0.7197
0.11909191261623431,0.7198
0.12128965598263708,0.7199
0.12311377748496555,0.7200000000000001
0.12434870086973482,0.7201000000000001
0.12511441783538968,0.7202000000000001
0.12546977137570314,0.7203
0.12541793690251568,0.7204
0.12496103903335753,0.7205
0.12410388655577798,0.7206
0.12285315430098098,0.7207
0.12121729749376509,0.7208
0.11920540859998097,0.7209
0.1168270653546184,0.7210000000000001
0.11316589981398995,0.7211000000000001
0.10760933153313068,0.7212000000000001
0.101913239145902,0.7213
0.09618673511318976,0.7214
0.09046056256784074,0.7215
0.0847415924318905,0.7216
0.07904552898967376,0.7217
0.0733995054490616,0.7218
0.06784536599473989,0.7219
0.06242967416278378,0.7220000000000001
0.05719866195277379,0.7221000000000001
0.05219734187621983,0.7222000000000001
0.04746913393635932,0.7223
0.04305433715361673,0.7224
0.038988487207388456,0.7225
0.03520818018678651,0.7226
0.03160841113865698,0.7227
0.02838146454373991,0.7228
0.025566215488762145,0.7229
0.023181183731360244,0.7230000000000001
0.02123547972074835,0.7231000000000001
0.019733397867624625,0.7232000000000001
0.018333887969589124,0.7233
0.0166379474309144,0.7234
0.014522883298440092,0.7235
0.012011486774516023,0.7236
0.00949770369736247,0.7237
0.007411402092689423,0.7238
0.005961008916143928,0.7239
0.005635538079713731,0.7240000000000001
0.006199045147991633,0.7241000000000001
0.007412448028283114,0.7242000000000001
0.009290094770717294,0.7243
0.01119311916524146,0.7244
0.013862635104325394,0.7245
0.017095283342698053,0.7246
0.020445988445605634,0.7247
0.024597673603371728,0.7248
0.029574168567362946,0.7249
0.03516796454428106,0.7250000000000001
0.04123930471986936,0.7251000000000001
0.04759731964227343,0.7252000000000001
0.05410037345048391,0.7253000000000001
0.060735798326405854,0.7254
0.06746849942386757,0.7255
0.07420143324697404,0.7256
0.08085194422361675,0.7257
0.08734315533858505,0.7258
0.0936032176410585,0.7259
0.09959376712726165,0.7260000000000001
0.10531520684328655,0.7261000000000001
0.11070622175835565,0.7262000000000001
0.11578088625659566,0.7263000000000001
0.12054152473208068,0.7264
0.1249875272658969,0.7265
0.12910937290728097,0.7266
0.1328881713851936,0.7267
0.13629960889078307,0.7268
0.13932002886164252,0.7269
0.14192870917044675,0.727
0.144109805247852,0.7271000000000001
0.14585220887417105,0.7272000000000001
0.14714949582116066,0.7273000000000001
0.14799928757087977,0.7274
0.1484037171345033,0.7275
0.14836839770006294,0.7276
0.14751224789240502,0.7277
0.1435765811094265,0.7278
0.13930488478562053,0.7279
0.13482233565202884,0.728
0.13016522668809338,0.7281000000000001
0.12534722853156943,0.7282000000000001
0.12040132296057326,0.7283000000000001
0.11535085387808641,0.7284
0.11021589594150027,0.7285
0.10501677323495495,0.7286
0.0998112203563356,0.7287
0.0946420992995578,0.7288
0.0895534824135602,0.7289
0.08459077068084009,0.729
0.0797992964502402,0.7291000000000001
0.07522061409584524,0.7292000000000001
0.07088928936336791,0.7293000000000001
0.06682990763065699,0.7294
0.0630560209485832,0.7295
0.0595710543977066,0.7296
0.05637203929777779,0.7297
0.0533798273379793,0.7298
0.05032228492092772,0.7299
0.04748989580830476,0.73
0.04491209349181324,0.7301000000000001
0.042596667238110175,0.7302000000000001
0.03996882952718517,0.7303000000000001
0.03754990683350368,0.7304
0.03546948689470941,0.7305
0.033770628229194743,0.7306
0.031840482918650714,0.7307
0.030203932943817513,0.7308
0.028810547132993802,0.7309
0.027496324056488275,0.731
0.025927402969871283,0.7311000000000001
0.02424430155758972,0.7312000000000001
0.02275963087117927,0.7313000000000001
0.021745295852398705,0.7314
0.021283150297023656,0.7315
0.021435470405646306,0.7316
0.02223953405511736,0.7317
0.023699885763506234,0.7318
0.025741351402909673,0.7319
0.027722670453575793,0.732
0.03020300693075173,0.7321000000000001
0.03329704025974034,0.7322000000000001
0.036736727463960284,0.7323000000000001
0.040368382174291506,0.7324
0.044533811541276114,0.7325
0.04917549786752318,0.7326
0.05414313821526906,0.7327
0.05929295039051241,0.7328
0.06459965473516605,0.7329
0.07001368768538796,0.733
0.07544464679682128,0.7331000000000001
0.0808118064576342,0.7332000000000001
0.08585674519353137,0.7333000000000001
0.09063297258004732,0.7334
0.09522344173547692,0.7335
0.09960326960879062,0.7336
0.10372490882237095,0.7337
0.10755672715147058,0.7338
0.11106974075434817,0.7339
0.1142478672835936,0.734
0.11708034414456359,0.7341000000000001
0.11955782200088727,0.7342000000000001
0.12166908618952066,0.7343000000000001
0.12340317767647313,0.7344
0.12448329094060284,0.7345
0.12514536689105327,0.7346
0.12539912871112602,0.7347
0.12524694531594605,0.7348
0.12469126572510203,0.7349
0.1237376718725145,0.735
0.12239311770829497,0.7351000000000001
0.12066603750895266,0.7352000000000001
0.11856544108004963,0.7353000000000001
0.11610064771310868,0.7354
0.11179413694881402,0.7355
0.10619247098740725,0.7356
0.10048309228187846,0.7357
0.09475359405594908,0.7358
0.08902573547328596,0.7359
0.0833085937718886,0.736
0.07761915486860693,0.7361000000000001
0.07198869097971261,0.7362000000000001
0.06646168710534861,0.7363000000000001
0.061086341049884196,0.7364
0.05590905032368143,0.7365
0.05097349548319796,0.7366
0.04632122903275593,0.7367
0.041991243848807036,0.7368
0.03801744455771461,0.7369
0.034249667191340816,0.737
0.030738939346213856,0.7371000000000001
0.027613434443761964,0.7372000000000001
0.024904549855960578,0.7373000000000001
0.0226281348726054,0.7374
0.02079352931445677,0.7375
0.019401862728530617,0.7376
0.017875114781418677,0.7377
0.016114710886315775,0.7378
0.013865687665378656,0.7379
0.011304936326320014,0.738
0.00887783429911626,0.7381000000000001
0.006928256579843417,0.7382000000000001
0.005758171980577931,0.7383000000000001
0.005663254620156044,0.7384000000000001
0.006380248249521436,0.7385
0.007842252781234516,0.7386
0.009697416046194896,0.7387
0.011764258647773307,0.7388
0.01466917382834576,0.7389
0.017970325480971105,0.739
0.02149013824994883,0.7391000000000001
0.025822051371848342,0.7392000000000001
0.03095034495950255,0.7393000000000001
0.03666065355012238,0.7394000000000001
0.04276082335650111,0.7395
0.0490826447520476,0.7396
0.055604428101646564,0.7397
0.06227914407558288,0.7398
0.06901804014953239,0.7399
0.07573504458215963,0.74
0.08235033721727847,0.7401
0.08879566941335393,0.7402000000000001
0.09500200013979199,0.7403000000000001
0.10095108728312518,0.7404000000000001
0.10660922946285323,0.7405
0.11193966107126763,0.7406
0.11695280998723401,0.7407
0.1216498773176099,0.7408
0.1260284301479242,0.7409
0.13007678327719896,0.741
0.13377488884977295,0.7411
0.1370987131218564,0.7412000000000001
0.14002561127248092,0.7413000000000001
0.14253617275904418,0.7414000000000001
0.14461590543478886,0.7415
0.14625478010407478,0.7416
0.14744737461746815,0.7417
0.1481923363101576,0.7418
0.14849268866979537,0.7419
0.14835478971551952,0.742
0.1466394963208274,0.7421
0.14261699584828857,0.7422000000000001
0.1382915090307767,0.7423000000000001
0.13376770513365688,0.7424000000000001
0.12906852555248904,0.7425
0.12422035668044162,0.7426
0.11925105099499589,0.7427
0.1141854757199442,0.7428
0.10903862755203597,0.7429
0.1038403155708254,0.743
0.09864483568221427,0.7431
0.09349524001165044,0.7432000000000001
0.08843600022623632,0.7433000000000001
0.08351291075476774,0.7434000000000001
0.07877086421654811,0.7435
0.07425013905096578,0.7436
0.06998305798423576,0.7437
0.06599144104469867,0.7438
0.062286421573492734,0.7439
0.05887018309595393,0.744
0.05573876278061185,0.7441
0.05272445230195166,0.7442000000000001
0.04971958652488162,0.7443000000000001
0.04694567442949982,0.7444000000000001
0.044427066900079915,0.7445
0.04207124127744466,0.7446
0.03945387910567577,0.7447
0.0371053105444481,0.7448
0.03511057301949383,0.7449
0.033413104219052636,0.745
0.0314966112948738,0.7451
0.02995379946901955,0.7452000000000001
0.02860456582461457,0.7453000000000001
0.027245883569767093,0.7454000000000001
0.025626703770516013,0.7455
0.02396136833682938,0.7456
0.02257488361201565,0.7457
0.021678140537488177,0.7458
0.02134767588666131,0.7459
0.02164188156701119,0.746
0.02259074995982502,0.7461
0.02419203090862898,0.7462000000000001
0.02622744413933975,0.7463000000000001
0.02833810838890294,0.7464000000000001
0.030953976605936573,0.7465
0.03417041953675781,0.7466
0.03761604388773221,0.7467
0.04135147609348344,0.7468
0.04561457181975337,0.7469
0.0502829456007734,0.747
0.05522189119432874,0.7471
0.06038634831401457,0.7472000000000001
0.06572250053714135,0.7473000000000001
0.07113718639504274,0.7474000000000001
0.07655000549016022,0.7475
0.08187919791687104,0.7476
0.08680803206109822,0.7477
0.09155710138287643,0.7478
0.09611297835180266,0.7479
0.10044454910712053,0.748
0.10450769555717876,0.7481
0.10827216301982934,0.7482000000000001
0.11171201768102368,0.7483000000000001
0.11481222873849628,0.7484000000000001
0.11756387618931963,0.7485
0.11995718038206638,0.7486
0.12198180567461947,0.7487
0.12357606965227741,0.7488
0.12455838300959776,0.7489
0.12512601865278117,0.749
0.1252858456544178,0.7491
0.12504019224239116,0.7492000000000001
0.12439213703399943,0.7493000000000001
0.12334752075017974,0.7494000000000001
0.12191371653179595,0.7495
0.12009940408931508,0.7496
0.11791394331629346,0.7497
0.11536701402018779,0.7498
0.11048958504269013,0.7499
0.10484729861189634,0.75
0.09912793887880222,0.7501
0.09339874054802733,0.7502000000000001
0.08767266927747741,0.7503000000000001
0.0819614169264744,0.7504000000000001
0.07628424975802006,0.7505000000000001
0.07067596703359025,0.7506
0.06518172327603233,0.7507
0.05984932737667492,0.7508
0.054724804085970025,0.7509
0.04985172088134515,0.751
0.04527098553890041,0.7511
0.041020494340564095,0.7512000000000001
0.037132752718154194,0.7513000000000001
0.03337277398888672,0.7514000000000001
0.02994535559754441,0.7515000000000001
0.026916569824745995,0.7516
0.024309868948397595,0.7517
0.022137453606612123,0.7518
0.02040817918423854,0.7519
0.019120017632989317,0.752
0.01747553256608314,0.7521
0.01559765164903304,0.7522000000000001
0.013214969026057455,0.7523000000000001
0.010649547984426189,0.7524000000000001
0.008316639933836356,0.7525000000000001
0.006510061452190019,0.7526
0.005670248026176772,0.7527
0.005759921652892963,0.7528
0.006553691032583631,0.7529
0.008288879516017866,0.753
0.010100608816060674,0.7531
0.0123082690363161,0.7532
0.015438808007517402,0.7533000000000001
0.01881212994948478,0.7534000000000001
0.0224883772755069,0.7535000000000001
0.026983333157669653,0.7536
0.0322485012702205,0.7537
0.03806569210835642,0.7538
0.044245692602592035,0.7539
0.05062203358158013,0.754
0.05717976158994076,0.7541
0.06387328144736437,0.7542
0.07061294233622828,0.7543000000000001
0.07731178561431395,0.7544000000000001
0.08389253491116999,0.7545000000000001
0.09028946421497996,0.7546
0.0964461706955364,0.7547
0.10231872441793843,0.7548
0.10788897005958198,0.7549
0.11314723433140417,0.755
0.11809005844164933,0.7551
0.12271615976680139,0.7552
0.12702052714823064,0.7553000000000001
0.13098946736610406,0.7554000000000001
0.134602170894082,0.7555000000000001
0.13783492850925283,0.7556
0.14066627818964594,0.7557
0.14307786461804461,0.7558
0.1450562188703738,0.7559
0.1465920596524457,0.756
0.1476808970640512,0.7561
0.1483224216265182,0.7562
0.1485207533811661,0.7563000000000001
0.14828305909916373,0.7564000000000001
0.14571475180332905,0.7565000000000001
0.1416163779987183,0.7566
0.13724859022076186,0.7567
0.13269337622285615,0.7568
0.12796125427251281,0.7569
0.12308951519241018,0.757
0.11810039122061755,0.7571
0.1130208853940563,0.7572
0.10786058887583805,0.7573000000000001
0.10266509070456697,0.7574000000000001
0.09748328549023844,0.7575000000000001
0.0923577849427748,0.7576
0.08733325077936305,0.7577
0.0824557355694504,0.7578
0.0777692383066273,0.7579
0.07331215500841559,0.758
0.06911409350983189,0.7581
0.06519395926657434,0.7582
0.06156026997310804,0.7583000000000001
0.05821355116651894,0.7584000000000001
0.055148978686032635,0.7585000000000001
0.05210642328472592,0.7586
0.04915201813888426,0.7587
0.04643563292331376,0.7588
0.04397609293123961,0.7589
0.04154037987164738,0.759
0.038979633227401056,0.7591
0.03670819549329041,0.7592
0.03479989344082579,0.7593000000000001
0.03303809001643021,0.7594000000000001
0.03120298638998209,0.7595000000000001
0.029706254278207833,0.7596
0.028400081291821477,0.7597
0.027021394984757086,0.7598
0.025361426255372743,0.7599
0.023711611771791263,0.76
0.022423133602698764,0.7601
0.021644076381827082,0.7602
0.02144510273799094,0.7603000000000001
0.02187913988669954,0.7604000000000001
0.02296947496055113,0.7605000000000001
0.02470733791463431,0.7606
0.026731727179785114,0.7607
0.02896786467054291,0.7608
0.03171421793847995,0.7609
0.03504749582203903,0.761
0.038497341473467506,0.7611
0.042330672886638165,0.7612
0.04668461059107076,0.7613000000000001
0.051421908816453143,0.7614000000000001
0.05640519814079381,0.7615000000000001
0.0615947233552806,0.7616
0.06693874779626818,0.7617
0.0723446906477675,0.7618
0.07773275055958673,0.7619
0.08298905813534341,0.762
0.08788081276922477,0.7621
0.0925793120631403,0.7622
0.09707213826681504,0.7623000000000001
0.10133107468211089,0.7624000000000001
0.10531496795589923,0.7625000000000001
0.10899559123462588,0.7626000000000001
0.11234849612519227,0.7627
0.11535948764727055,0.7628
0.11802011102399246,0.7629
0.12032077959465393,0.763
0.12225139788141615,0.7631
0.12368734906997414,0.7632
0.12457073707007682,0.7633000000000001
0.125041981841445,0.7634000000000001
0.12510641751453166,0.7635000000000001
0.12476625736447633,0.7636000000000001
0.12402526459947716,0.7637
0.12288961207133031,0.7638
0.12136713066052285,0.7639
0.11946670629464662,0.764
0.11719784699462965,0.7641
0.11457035249523506,0.7642
0.10912399408026352,0.7643000000000001
0.1034472783004251,0.7644000000000001
0.09772408327257698,0.7645000000000001
0.09200135615717064,0.7646000000000001
0.0862835295146539,0.7647
0.0805841554282618,0.7648
0.07492362172627753,0.7649
0.06934044835951136,0.765
0.0638811177453017,0.7651
0.058592955459182194,0.7652
0.05352165545835441,0.7653000000000001
0.048711399952859225,0.7654000000000001
0.04420280908733831,0.7655000000000001
0.040032598919708784,0.7656000000000001
0.036171551203962204,0.7657
0.03247329464557902,0.7658
0.029140996390358165,0.7659
0.026215694618773044,0.766
0.023717347436162273,0.7661
0.0216560627227107,0.7662
0.020039247123923243,0.7663000000000001
0.018739900037296975,0.7664000000000001
0.017050798926272925,0.7665000000000001
0.015071053289458458,0.7666000000000001
0.012614845402120212,0.7667
0.01005609983276301,0.7668
0.007842874980409142,0.7669
0.006210553433265931,0.767
0.005641178035315164,0.7671
0.005937210468582421,0.7672
0.006897875751159743,0.7673
0.008881499951046923,0.7674000000000001
0.010683776125766542,0.7675000000000001
0.01303744444864563,0.7676000000000001
0.016370588883401593,0.7677
0.019811441438212007,0.7678
0.023633533385657435,0.7679
0.028273991063955783,0.768
0.03365718018849995,0.7681
0.03956227819044389,0.7682
0.04580473362724202,0.7683
0.05221951180211293,0.7684000000000001
0.05879794967644769,0.7685000000000001
0.06549589675972523,0.7686000000000001
0.072222810808103,0.7687
0.0788912449230873,0.7688
0.08542511470708147,0.7689
0.09176141848777808,0.769
0.09784754203747803,0.7691
0.10364396952616073,0.7692
0.10913642527202572,0.7693
0.11431720040330151,0.7694000000000001
0.11918305532783102,0.7695000000000001
0.12373116967724573,0.7696000000000001
0.1279545284102539,0.7697
0.13183774650399582,0.7698
0.13535935774157148,0.7699
0.13849585841172474,0.77
0.1412267212943401,0.7701
0.1435345905450065,0.7702
0.14540708095061616,0.7703
0.14683589855712154,0.7704000000000001
0.14781767698748993,0.7705000000000001
0.14835320620358117,0.7706000000000001
0.1484476454357735,0.7707
0.148108870748354,0.7708
0.1447130596419418,0.7709
0.14053908284035121,0.771
0.136129365593605,0.7711
0.13154402663062614,0.7712
0.12678540721548892,0.7713
0.12189217723950274,0.7714000000000001
0.11688631760962598,0.7715000000000001
0.11179255952272327,0.7716000000000001
0.10661963746816827,0.7717
0.10142736653121809,0.7718
0.0962587349796784,0.7719
0.0911576078976758,0.772
0.0861689933887182,0.7721
0.081338390803118,0.7722
0.07670861476454138,0.7723
0.07231653447906838,0.7724000000000001
0.06818986773274138,0.7725000000000001
0.06434512966995176,0.7726000000000001
0.06078781902951613,0.7727
0.05751653004917601,0.7728
0.0545255230397943,0.7729
0.05145579883314122,0.773
0.04855962083528875,0.7731
0.045909309384814856,0.7732
0.04351734908172533,0.7733
0.04100508670562064,0.7734000000000001
0.038508284182849906,0.7735000000000001
0.03632017052021941,0.7736000000000001
0.03450254654295293,0.7737
0.03267377828091944,0.7738
0.030927776655465644,0.7739
0.029479753018374577,0.774
0.028208803435024743,0.7741
0.026762488075140478,0.7742
0.025110006389549522,0.7743
0.023496070455510276,0.7744000000000001
0.022316613349640413,0.7745000000000001
0.02166411485998898,0.7746000000000001
0.021604238340359183,0.7747
0.0221837798798854,0.7748
0.023418049877128144,0.7749
0.025292674744503474,0.775
0.027305149492489633,0.7751
0.02966727088328902,0.7752
0.032542626100075855,0.7753
0.03599003036924353,0.7754000000000001
0.03944496084880744,0.7755000000000001
0.04337222593141843,0.7756000000000001
0.04781123034825541,0.7757000000000001
0.052611012817085356,0.7758
0.05763192955702312,0.7759
0.06283940826174272,0.776
0.068183824043071,0.7761
0.07357326400163788,0.7762
0.07892867350226429,0.7763
0.08410965095977052,0.7764000000000001
0.08895620726855225,0.7765000000000001
0.09359637748467409,0.7766000000000001
0.09801925271194989,0.7767000000000001
0.10219962670640692,0.7768
0.10609918591494483,0.7769
0.1096915767273291,0.777
0.11295362674916176,0.7771
0.1158718093663208,0.7772
0.11843802575178242,0.7773
0.12064283739247983,0.7774000000000001
0.12247637586834415,0.7775000000000001
0.12374726689734683,0.7776000000000001
0.12452901120464044,0.7777000000000001
0.12490153451945274,0.7778
0.12486856085350173,0.7779
0.124432198912098,0.778
0.12359693566985386,0.7781
0.12236927493841732,0.7782
0.12075748859732971,0.7783
0.1187706245032053,0.7784000000000001
0.11641828797273679,0.7785000000000001
0.11324018023612326,0.7786000000000001
0.10771271824947048,0.7787000000000001
0.1020254267175641,0.7788
0.0963039925206568,0.7789
0.09058616694193344,0.779
0.08487719019538442,0.7791
0.07919170297426625,0.7792
0.07355347544541635,0.7793
0.06800275733223082,0.7794000000000001
0.06258600094030564,0.7795000000000001
0.05734975390214525,0.7796000000000001
0.05233909037533757,0.7797000000000001
0.047597789808292434,0.7798
0.04316644996330887,0.7799
0.03908106509803133,0.78
0.0352179145263396,0.7801
0.03160577537889764,0.7802
0.028374616403082698,0.7803
0.025556318382255805,0.7804
0.023167682781015442,0.7805000000000001
0.021218873183206366,0.7806000000000001
0.019714797242920357,0.7807000000000001
0.01831193325317315,0.7808
0.0166280037894615,0.7809
0.014519255405998743,0.781
0.012005201079159367,0.7811
0.009488382753842117,0.7812
0.00739722460410297,0.7813
0.0059408759422105994,0.7814
0.005627155772356174,0.7815000000000001
0.006192719470473618,0.7816000000000001
0.007384317323509082,0.7817000000000001
0.009244306314386996,0.7818
0.011137569217415821,0.7819
0.013795892143524169,0.782
0.01701329394193607,0.7821
0.020353872809856455,0.7822
0.02449567227700067,0.7823
0.02946197067605949,0.7824
0.035045184792314554,0.7825000000000001
0.04110629970014834,0.7826000000000001
0.0474545621876068,0.7827000000000001
0.05394868969967548,0.7828
0.06057596389806341,0.7829
0.06730135683004834,0.783
0.07402802858319157,0.7831
0.08067358720198581,0.7832
0.0871613215574647,0.7833
0.09342984363700646,0.7834
0.09942895033703991,0.7835000000000001
0.10513267337544441,0.7836000000000001
0.1105272213204439,0.7837000000000001
0.11560850433910919,0.7838
0.12037795691386177,0.7839
0.12483454454948595,0.784
0.12896863141157244,0.7841
0.13276112440821608,0.7842
0.1361876651831272,0.7843
0.13922454332276457,0.7844
0.14185104967350848,0.7845000000000001
0.14405133973937767,0.7846000000000001
0.14581424471105486,0.7847000000000001
0.1471331887514209,0.7848
0.14800560573199784,0.7849
0.14843343231132333,0.785
0.1484221054075403,0.7851
0.1475801042840793,0.7852
0.14367768974956585,0.7853
0.13943926659220895,0.7854
0.13498911867215635,0.7855000000000001
0.1303709818351224,0.7856000000000001
0.12558213233189142,0.7857000000000001
0.12066293933516536,0.7858
0.11563759341480073,0.7859
0.11052225286011241,0.786
0.10534660196449863,0.7861
0.10016303317751696,0.7862
0.09501407768437331,0.7863
0.0899436526671945,0.7864
0.08499713530299458,0.7865000000000001
0.08021983049516845,0.7866000000000001
0.07565327357418061,0.7867000000000001
0.07133198701480914,0.7868
0.06728052527730166,0.7869
0.06351242483481523,0.787
0.06003107677786523,0.7871
0.05683348852279879,0.7872
0.053861229333066474,0.7873
0.05080395314666619,0.7874
0.04796772064129651,0.7875000000000001
0.04538294695113487,0.7876000000000001
0.04305793700905647,0.7877000000000001
0.040454722794929454,0.7878000000000001
0.03802510676803794,0.7879
0.03592698153781959,0.788
0.034206723146464446,0.7881
0.032301333146490974,0.7882
0.03064634973439051,0.7883
0.029248632477811842,0.7884
0.027952870267604624,0.7885000000000001
0.026430056824634063,0.7886000000000001
0.02474953349770659,0.7887000000000001
0.02323483576785379,0.7888000000000001
0.022180197063756957,0.7889
0.021668453706845447,0.789
0.021762103453040638,0.7891
0.022500261432608637,0.7892
0.023890525752747527,0.7893
0.025911819622472798,0.7894
0.02784117491841287,0.7895000000000001
0.03024663308635067,0.7896000000000001
0.03326287503528369,0.7897000000000001
0.03668727510065595,0.7898000000000001
0.04024207770096111,0.7899
0.044326522847132566,0.79
0.048891576141007365,0.7901
0.05379017967148192,0.7902
0.0588790053221957,0.7903
0.06413222608850278,0.7904
0.06949973783780605,0.7905000000000001
0.0748917379950993,0.7906000000000001
0.08022761910549236,0.7907000000000001
0.08527700539900218,0.7908000000000001
0.09002789514559251,0.7909
0.09459880014653765,0.791
0.09896516405544586,0.7911
0.10307867803000215,0.7912
0.10690627067963376,0.7913
0.1104182709658349,0.7914
0.11359794352663144,0.7915000000000001
0.11643427455521738,0.7916000000000001
0.11891786563567808,0.7917000000000001
0.12103754999205951,0.7918000000000001
0.12278235613829125,0.7919
0.12389959639280823,0.792
0.12457880048973435,0.7921
0.12485071835813066,0.7922
0.12471826120535467,0.7923
0.12418388073854336,0.7924
0.12325285655091411,0.7925000000000001
0.12193199823407441,0.7926000000000001
0.12022958711545884,0.7927000000000001
0.11815462156607803,0.7928000000000001
0.11571646912655809,0.7929
0.11188802815253929,0.793
0.10631554581256475,0.7931
0.10061500036506787,0.7932
0.09489060120249926,0.7933
0.08917108251140593,0.7934
0.08346381275966308,0.7935
0.07778463746380837,0.7936000000000001
0.07216139686017209,0.7937000000000001
0.06663702886219913,0.7938000000000001
0.06125981248005352,0.7939
0.056076638274039636,0.794
0.05113121267520815,0.7941
0.0464652690519638,0.7942
0.04211821992962217,0.7943
0.038124799540390386,0.7944
0.03428031941819665,0.7945
0.03075662793659495,0.7946000000000001
0.027626160557939095,0.7947000000000001
0.024913073839148092,0.7948000000000001
0.022631330467604016,0.7949
0.02079178023358952,0.795
0.019396027036522323,0.7951
0.017871285903856338,0.7952
0.01612705618831134,0.7953
0.013885608274466499,0.7954
0.011323094183249172,0.7955
0.008891389607258438,0.7956000000000001
0.006934235943350409,0.7957000000000001
0.00575576832292346,0.7958000000000001
0.0056584231306957555,0.7959
0.006364761595648805,0.796
0.007804840835083926,0.7961
0.009643995415040019,0.7962
0.011696292963114585,0.7963
0.014585459162493652,0.7964
0.017872245132394937,0.7965
0.021378215403731193,0.7966000000000001
0.025696279561486568,0.7967000000000001
0.03081123015491216,0.7968000000000001
0.03650882977326986,0.7969
0.042597269879233624,0.797
0.048908494227702715,0.7971
0.055420668482241586,0.7972
0.062086794586162175,0.7973
0.06881836753256831,0.7974
0.07552952476642127,0.7975
0.08214259663727552,0.7976000000000001
0.0885890501726525,0.7977000000000001
0.09480579271341294,0.7978000000000001
0.10075336240456667,0.7979
0.10639958588590737,0.798
0.11173518331327348,0.7981
0.1167563049317012,0.7982
0.12146336164327143,0.7983
0.1258536829823924,0.7984
0.1299155251748817,0.7985
0.13362874215867426,0.7986000000000001
0.1369692579865085,0.7987000000000001
0.13991436441463045,0.7988000000000001
0.14244462027059246,0.7989
0.14454548605407413,0.799
0.14620683051698702,0.7991
0.1474230617476049,0.7992
0.1481926282996494,0.7993
0.14851834201445124,0.7994
0.14840636749237723,0.7995
0.14672808966730377,0.7996000000000001
0.14273926041165008,0.7997000000000001
0.1384465870002869,0.7998000000000001
0.13395448595125847,0.7999
0.12929434222782887,0.8
0.12447399035659013,0.8001
0.11953065109298189,0.8002
0.11448941263963408,0.8003
0.10936157499319088,0.8004
0.10418584074851045,0.8005
0.09901134026312197,0.8006000000000001
0.0938807890494503,0.8007000000000001
0.08883849476944383,0.8008000000000001
0.08393021857205996,0.8009000000000001
0.0792008359620312,0.801
0.07469063350751559,0.8011
0.07043197123730405,0.8012
0.06644675323899374,0.8013
0.06274593602010115,0.8014
0.05933118459375697,0.8015
0.05619853235962946,0.8016000000000001
0.053199909149477476,0.8017000000000001
0.05019289034551444,0.8018000000000001
0.04741320428722284,0.8019000000000001
0.04488603818656234,0.802
0.04255052975815321,0.8021
0.039924255405670905,0.8022
0.03756093545312211,0.8023
0.035547516400234125,0.8024
0.033871349691828145,0.8025
0.03193734783262525,0.8026000000000001
0.030372538762659218,0.8027000000000001
0.029026120068661676,0.8028000000000001
0.0277000900596176,0.8029000000000001
0.026106739858974937,0.803
0.02444249881865601,0.8031
0.02302360718033447,0.8032
0.022084036678005736,0.8033
0.02170100466266045,0.8034
0.021933773687902836,0.8035
0.02281471634595489,0.8036000000000001
0.024344568887448625,0.8037000000000001
0.026375344686498492,0.8038000000000001
0.028416976601535193,0.8039000000000001
0.03095521105827559,0.804
0.034094397143062505,0.8041
0.03752530009401278,0.8042
0.04118523011980191,0.8043
0.04536973361099217,0.8044
0.05001554267699215,0.8045
0.05497164578927505,0.8046000000000001
0.06009568627158157,0.8047000000000001
0.06536514839721208,0.8048000000000001
0.07073245427841868,0.8049000000000001
0.07610771139346595,0.805
0.08141100707727922,0.8051
0.08638975617531774,0.8052
0.09109347104393983,0.8053
0.09560555729776798,0.8054
0.09990309182054558,0.8055
0.10394001427737376,0.8056000000000001
0.10768588814612767,0.8057000000000001
0.1111124242684639,0.8058000000000001
0.11420400024317157,0.8059000000000001
0.11695010203726697,0.806
0.11934157588862282,0.8061
0.12136741140652563,0.8062
0.1229792120394263,0.8063
0.12397267839325843,0.8064
0.12455333930341472,0.8065
0.12472810674151469,0.8066
0.12449924206793928,0.8067000000000001
0.12386960177867723,0.8068000000000001
0.12284499863871812,0.8069000000000001
0.1214326900268633,0.807
0.119641287257232,0.8071
0.11747995733388994,0.8072
0.11495818745060493,0.8073
0.11054560435169314,0.8074
0.10493506996810809,0.8075
0.09922624040026662,0.8076
0.09350272983793961,0.8077000000000001
0.08778479740501466,0.8078000000000001
0.08208298261853975,0.8079000000000001
0.07641583816232378,0.808
0.0708149965138104,0.8081
0.06532412391588027,0.8082
0.05999101062917034,0.8083
0.05486197462882836,0.8084
0.049980450885736216,0.8085
0.04538755061967059,0.8086
0.04112170248453495,0.8087000000000001
0.037174315993483864,0.8088000000000001
0.033378111045420766,0.8089000000000001
0.02994440360411077,0.809
0.026913127947860938,0.8091
0.024303394689152658,0.8092
0.022127807383962583,0.8093
0.020396074145393683,0.8094
0.019106569599326217,0.8095
0.017454447732190737,0.8096
0.015587139192006605,0.8097000000000001
0.013207760120940604,0.8098000000000001
0.01064137275820043,0.8099000000000001
0.008307884436094426,0.81
0.006499130077896487,0.8101
0.005665383351388886,0.8102
0.005758070475567756,0.8103
0.006540465113859861,0.8104
0.00826407718837241,0.8105
0.010058261800149015,0.8106
0.012255426639920186,0.8107000000000001
0.015377908994333334,0.8108000000000001
0.018739418369225103,0.8109000000000001
0.0224067186048702,0.811
0.026893002609697847,0.8111
0.032149153589435375,0.8112
0.03795704533819544,0.8113
0.04412782021903072,0.8114
0.05049518794272467,0.8115
0.05704420070202554,0.8116
0.06372927423113461,0.8117000000000001
0.07046094941021197,0.8118000000000001
0.0771524883727378,0.8119000000000001
0.08372689699439184,0.812
0.09011880351905954,0.8121
0.09627219268626785,0.8122
0.10214346084326753,0.8123
0.10771462957473521,0.8124
0.11297608410902105,0.8125
0.11792432863522284,0.8126
0.12255790981947712,0.8127000000000001
0.1268715780207591,0.8128000000000001
0.1308514029461868,0.8129000000000001
0.13447642198216825,0.8130000000000001
0.1377228686378793,0.8131
0.14056931262536698,0.8132
0.1429974520777345,0.8133
0.14499383764715623,0.8134
0.14654913108120327,0.8135
0.1476587148125853,0.8136
0.14832210744004637,0.8137000000000001
0.14854324004686448,0.8138000000000001
0.14832909100332503,0.8139000000000001
0.14577119579092546,0.8140000000000001
0.1417035325204521,0.8141
0.13736675299015888,0.8142
0.1328427626084394,0.8143
0.12814809405291128,0.8144
0.12330306789928691,0.8145
0.11833902296541488,0.8146
0.11328327355091206,0.8147000000000001
0.10814153999396625,0.8148000000000001
0.1029689411781014,0.8149000000000001
0.09780892846323241,0.8150000000000001
0.0927037667739593,0.8151
0.08769791540876626,0.8152
0.08283732742599181,0.8153
0.07816588081858622,0.8154
0.07372186502007283,0.8155
0.0695347776207097,0.8156
0.06562344550572752,0.8157000000000001
0.06199636009414611,0.8158000000000001
0.058654048941651604,0.8159000000000001
0.05559169338945047,0.8160000000000001
0.05257122391866709,0.8161
0.04961766429273751,0.8162
0.0468977414728704,0.8163
0.04443155007528832,0.8164
0.04201789082427165,0.8165
0.03944941383597045,0.8166
0.037164347166942724,0.8167000000000001
0.03523870986314326,0.8168000000000001
0.033497302034309895,0.8169000000000001
0.031646572866342426,0.8170000000000001
0.03014661380776329,0.8171
0.028837099330107252,0.8172
0.027476174446627866,0.8173
0.025839032748188107,0.8174
0.024190211058015665,0.8175
0.022870943603850113,0.8176
0.022050826943488477,0.8177000000000001
0.02180142123093831,0.8178000000000001
0.02217674393748781,0.8179000000000001
0.0232022554098561,0.8180000000000001
0.024872073168325848,0.8181
0.026892956948183944,0.8182
0.029063010266023204,0.8183
0.0317348692231425,0.8184
0.03499390050516871,0.8185
0.038428571209437656,0.8186
0.04218903590505918,0.8187000000000001
0.04646721762601014,0.8188000000000001
0.051134215408738415,0.8189000000000001
0.05605522261254614,0.8190000000000001
0.06118909554443619,0.8191
0.06648406600204948,0.8192
0.07184781242426275,0.8193
0.07720082817248297,0.8194
0.0824614656501026,0.8195
0.08732249717634732,0.8196
0.0919965440587226,0.8197
0.09647187665748114,0.8198000000000001
0.10071923904694724,0.8199000000000001
0.10469604284451772,0.8200000000000001
0.10837313896392453,0.8201
0.11172533070974888,0.8202
0.114738027699118,0.8203
0.11740258636863266,0.8204
0.11970940149865217,0.8205
0.12164835650929995,0.8206
0.12311514872677587,0.8207
0.12401310478615013,0.8208000000000001
0.12450005435551337,0.8209000000000001
0.12458181717638606,0.8210000000000001
0.12426061040957204,0.8211
0.12353993317349421,0.8212
0.12242580820326443,0.8213
0.12092589297819012,0.8214
0.11904900506357008,0.8215
0.116804643490942,0.8216
0.11420264399360347,0.8217
0.10921041551669708,0.8218000000000001
0.10356166439977343,0.8219000000000001
0.09784663982971553,0.8220000000000001
0.09212858321125394,0.8221
0.08641871540667168,0.8222
0.0807288723699342,0.8223
0.07507834084193932,0.8224
0.0695024154904269,0.8225
0.06404636233237948,0.8226
0.05875777495653445,0.8227
0.05368236787296654,0.8228000000000001
0.048863458954216954,0.8229000000000001
0.04434166880184853,0.8230000000000001
0.04015463934365293,0.8231
0.03621326529853364,0.8232
0.03249722172231806,0.8233
0.029156859067094087,0.8234
0.026225298286818077,0.8235
0.02371917460158257,0.8236
0.021651108764473292,0.8237
0.020028623468594686,0.8238000000000001
0.01871450352021231,0.8239000000000001
0.017033155485066676,0.8240000000000001
0.015065314633809557,0.8241
0.012613685495805882,0.8242
0.010052979880804225,0.8243
0.007835966241267034,0.8244
0.006197611550154969,0.8245
0.00563492792167164,0.8246
0.00593170138895549,0.8247
0.0068736116679188886,0.8248000000000001
0.008838023609508694,0.8249000000000001
0.010628672087528601,0.8250000000000001
0.012970385918692262,0.8251000000000001
0.016292507195714734,0.8252
0.019719404609168212,0.8253
0.023530695568500182,0.8254
0.028160958026755445,0.8255
0.03353399358981313,0.8256
0.03942916956091547,0.8257
0.04566230709730834,0.8258000000000001
0.05206865482822831,0.8259000000000001
0.05863941053962507,0.8260000000000001
0.06533032739974431,0.8261000000000001
0.07205101000060943,0.8262
0.07871423736225536,0.8263
0.0852441566258827,0.8264
0.09157807758928427,0.8265
0.09766364338009836,0.8266
0.10346153690031445,0.8267
0.10895753523414964,0.8268000000000001
0.11414393817883284,0.8269000000000001
0.1190174611597079,0.8270000000000001
0.12357514417700366,0.8271000000000001
0.12780975404344463,0.8272
0.1317056818871768,0.8273
0.13524130774388843,0.8274
0.13839306407643226,0.8275
0.14114044417465,0.8276
0.14346612476837883,0.8277
0.14535770821760052,0.8278000000000001
0.1468068100776443,0.8279000000000001
0.1478099082441091,0.8280000000000001
0.14836761733385617,0.8281000000000001
0.14848492247823364,0.8282
0.1481695495822617,0.8283
0.14479270008682443,0.8284
0.14065028699312299,0.8285
0.13627179641836307,0.8286
0.1317177326013128,0.8287
0.12699443557001033,0.8288000000000001
0.12212745687214599,0.8289000000000001
0.11714606464420219,0.8290000000000001
0.11207083662163264,0.8291000000000001
0.10692078316911091,0.8292
0.10175013001026278,0.8293
0.09660157165484862,0.8294
0.09151879738314395,0.8295
0.08654672993423052,0.8296
0.08173076294135595,0.8297
0.07711363213792088,0.8298000000000001
0.0727321259621958,0.8299000000000001
0.06861392311413816,0.8300000000000001
0.06477552836094147,0.8301000000000001
0.06122242528145727,0.8302
0.05795322145538262,0.8303
0.05496220541404284,0.8304
0.051912908477722786,0.8305
0.04901561347119987,0.8306
0.04635973357907619,0.8307
0.04395914214015462,0.8308000000000001
0.04146850327789098,0.8309000000000001
0.03896225138465548,0.8310000000000001
0.03675856156868984,0.8311000000000001
0.034921754404260597,0.8312
0.03311394876276563,0.8313
0.03135091914116184,0.8314
0.029898609859164926,0.8315
0.02863272850513221,0.8316
0.027215428879291848,0.8317
0.02557370197435871,0.8318000000000001
0.023947218482862187,0.8319000000000001
0.022733755022321445,0.8320000000000001
0.02203789079584295,0.8321000000000001
0.021925866795233562,0.8322
0.02244578342533754,0.8323
0.023615421705097894,0.8324
0.025423109678740508,0.8325
0.02743425570864977,0.8326
0.02973083914377761,0.8327
0.03253292236574823,0.8328
0.03590802729413278,0.8329000000000001
0.03934774131111762,0.8330000000000001
0.0432046413649354,0.8331000000000001
0.04757120229612055,0.8332
0.05230428079822036,0.8333
0.057266541858149944,0.8334
0.0624220333877189,0.8335
0.06772105983918342,0.8336
0.07307193922194988,0.8337
0.07839585522706305,0.8338
0.08358128186790748,0.8339000000000001
0.08840085181604818,0.8340000000000001
0.09302012836696383,0.8341000000000001
0.09742862039653666,0.8342
0.10160004167106762,0.8343
0.10549472547456162,0.8344
0.10908548476669733,0.8345
0.1123485147392762,0.8346
0.11526998200189242,0.8347
0.11784165317798967,0.8348
0.12005408817962504,0.8349000000000001
0.1218973960526557,0.8350000000000001
0.12320121823871988,0.8351000000000001
0.12399883142361345,0.8352
0.12438825523845787,0.8353
0.12437369092685302,0.8354
0.12395723905704992,0.8355
0.12314311374312414,0.8356
0.12193767084899709,0.8357
0.1203490184423689,0.8358
0.11838615278577991,0.8359000000000001
0.11605868834270883,0.8360000000000001
0.11331661537033144,0.8361000000000001
0.10781658202574751,0.8362
0.10213840537373542,0.8363
0.09642259123355534,0.8364
0.09071315598092788,0.8365
0.08501387059117227,0.8366
0.07933842064471086,0.8367
0.0737075707213225,0.8368
0.0681601660143143,0.8369000000000001
0.06274263689316117,0.8370000000000001
0.05750203063841597,0.8371000000000001
0.05248371644071703,0.8372
0.04773152810409953,0.8373
0.04328577663758937,0.8374
0.03918282912134785,0.8375
0.03524040667262174,0.8376
0.031610634594822384,0.8377
0.028371487863725564,0.8378
0.02554738086139241,0.8379000000000001
0.023151824570957213,0.8380000000000001
0.021197466017272237,0.8381000000000001
0.019689422891507213,0.8382000000000001
0.01827628981456564,0.8383
0.016605125930127418,0.8384
0.014505882348493149,0.8385
0.011992167303140011,0.8386
0.009471550587563993,0.8387
0.007374192096011534,0.8388
0.005912618828879834,0.8389000000000001
0.00561693986402001,0.8390000000000001
0.006186913057399712,0.8391000000000001
0.007353683609216954,0.8392000000000001
0.009197888450961589,0.8393
0.011081719805392076,0.8394
0.013727842048057548,0.8395
0.016928960251371583,0.8396
0.020259289998540098,0.8397
0.024391318505405435,0.8398
0.02934766150538981,0.8399000000000001
0.03492060239869543,0.8400000000000001
0.04097200952719726,0.8401000000000001
0.04731122493403328,0.8402000000000001
0.053797368264375756,0.8403
0.06041765216713346,0.8404
0.06713705852592,0.8405
0.07385887860111173,0.8406
0.08050092125579,0.8407
0.086986570433501,0.8408
0.09325466066647858,0.8409000000000001
0.09925512203873854,0.8410000000000001
0.10496204720903968,0.8411000000000001
0.11036169664007278,0.8412000000000001
0.11545000594144172,0.8413
0.12022834264019211,0.8414
0.12469552558183461,0.8415
0.1288416990793051,0.8416
0.13264756002457834,0.8417
0.13608862110009656,0.8418
0.13914112230344633,0.8419000000000001
0.14178439463299242,0.8420000000000001
0.1440026148228083,0.8421000000000001
0.14578457262930689,0.8422000000000001
0.14712356065431853,0.8423
0.14801682904343072,0.8424
0.14846613060617775,0.8425
0.14847674778761866,0.8426
0.14764884248453258,0.8427
0.1437770204415082,0.8428
0.13956907810721475,0.8429000000000001
0.1351485068707412,0.8430000000000001
0.13055868543012816,0.8431000000000001
0.12580312480726297,0.8432000000000001
0.1209084065289302,0.8433
0.11590577469192154,0.8434
0.11080830226472538,0.8435
0.10565358575761064,0.8436
0.10048953069849587,0.8437
0.09535840930072792,0.8438
0.09030397745277219,0.8439000000000001
0.08537155198721025,0.8440000000000001
0.08060638653943153,0.8441000000000001
0.07605000447835308,0.8442000000000001
0.07173691214711131,0.8443
0.06769167736688886,0.8444
0.06392786400564021,0.8445
0.06044886611143441,0.8446
0.05725168881485865,0.8447
0.054296849220097254,0.8448
0.051239085102364745,0.8449000000000001
0.04839870684562286,0.8450000000000001
0.04580701484906369,0.8451000000000001
0.043472779171003006,0.8452000000000001
0.04089165150389795,0.8453
0.03845186587823224,0.8454
0.03633731869134471,0.8455
0.034597370513283154,0.8456
0.03271427319868403,0.8457
0.03104223745743573,0.8458
0.029640312320348805,0.8459
0.02836084981025011,0.8460000000000001
0.026878988062372322,0.8461000000000001
0.02520008525424111,0.8462000000000001
0.02365791471259482,0.8463
0.022566822986900492,0.8464
0.022010512300898677,0.8465
0.02205161277146006,0.8466
0.022730783342967964,0.8467
0.024058246005729256,0.8468
0.026015399252990568,0.8469
0.02794857211834545,0.8470000000000001
0.03029310208263558,0.8471000000000001
0.03323867203547426,0.8472000000000001
0.03664685286445524,0.8473
0.04013267115977781,0.8474
0.04414444070090373,0.8475
0.04864098006264794,0.8476
0.05347770649778938,0.8477
0.058511763532805405,0.8478
0.06371685776166947,0.8479
0.06904252009001355,0.8480000000000001
0.07439947927810897,0.8481000000000001
0.07970730907288759,0.8482000000000001
0.08479840653806825,0.8483
0.08958919871898885,0.8484
0.09416416745758704,0.8485
0.09851327477651395,0.8486
0.10261386204314016,0.8487
0.10642983115032734,0.8488
0.10993624083353981,0.8489
0.11311089576324174,0.8490000000000001
0.11594078183862533,0.8491000000000001
0.11841797836529866,0.8492000000000001
0.12053315734209402,0.8493
0.12227654429369184,0.8494
0.12340532668951099,0.8495
0.12409454101844486,0.8496
0.124377982304398,0.8497
0.12425841112320934,0.8498
0.12373833180751437,0.8499
0.12282281813747387,0.8500000000000001
0.12151861037990397,0.8501000000000001
0.11983394008635229,0.8502000000000001
0.11777773811603576,0.8503000000000001
0.11535935798930153,0.8504
0.11191056458639437,0.8505
0.10636402089267782,0.8506
0.10067345201141664,0.8507
0.09495630754447315,0.8508
0.08924698807419484,0.8509
0.08355163084090766,0.8510000000000001
0.07788542932858611,0.8511000000000001
0.07227370848168624,0.8512000000000001
0.06675731960540654,0.8513000000000001
0.06138254504141394,0.8514
0.05619547101179756,0.8515
0.05124073306806309,0.8516
0.046561503841424656,0.8517
0.042197743703188184,0.8518
0.038154264887871436,0.8519
0.03425909716808162,0.8520000000000001
0.030724185043682573,0.8521000000000001
0.027587918070508977,0.8522000000000001
0.024870347073127963,0.8523000000000001
0.022585133954362346,0.8524
0.020743307752876028,0.8525
0.019346785278881118,0.8526
0.017801967948191555,0.8527
0.01606421629067345,0.8528
0.013823703854827007,0.8529
0.011259388596766895,0.8530000000000001
0.008827094339578068,0.8531000000000001
0.006869425405174878,0.8532000000000001
0.005727357088891827,0.8533000000000001
0.0056580726473010046,0.8534
0.006349544384514738,0.8535
0.007785337401483794,0.8536
0.009607087445491658,0.8537
0.011654931338950902,0.8538
0.014545153131882538,0.8539
0.017821829041121395,0.8540000000000001
0.02132582174954334,0.8541000000000001
0.025642545259700222,0.8542000000000001
0.03075470130224467,0.8543000000000001
0.03644831327687004,0.8544
0.042532272142709715,0.8545
0.04883880826968423,0.8546
0.05534618362040056,0.8547
0.06200731688586425,0.8548
0.06873382251706017,0.8549
0.07543993499144441,0.8550000000000001
0.08204813136589739,0.8551000000000001
0.08849023404547784,0.8552000000000001
0.09470662267315422,0.8553000000000001
0.10064898176220805,0.8554
0.10629479169087253,0.8555
0.11163209208641212,0.8556
0.11665696653754742,0.8557
0.12136954965988611,0.8558
0.12576680404019358,0.8559
0.12983657372042245,0.8560000000000001
0.13355847689698763,0.8561000000000001
0.1369083838083286,0.8562000000000001
0.13986372594311847,0.8563000000000001
0.14240523348492906,0.8564
0.14451848479918472,0.8565
0.14619332920044392,0.8566
0.14742408054747602,0.8567
0.14820906919849008,0.8568
0.1485510171941794,0.8569
0.14845601780629958,0.8570000000000001
0.1467715632744464,0.8571000000000001
0.14280813477086451,0.8572000000000001
0.13854150463922332,0.8573000000000001
0.13407495205435715,0.8574
0.12944320174333523,0.8575
0.12464981307892553,0.8576
0.11972769759697843,0.8577
0.11470635723231548,0.8578
0.10959256177586685,0.8579
0.10443580876112313,0.8580000000000001
0.09927948393077912,0.8581000000000001
0.09416604513195137,0.8582000000000001
0.08913967050051386,0.8583000000000001
0.08424608712025516,0.8584
0.07953007662762379,0.8585
0.07503181030788297,0.8586
0.07078348338460194,0.8587
0.06680684759728028,0.8588
0.06311274953261758,0.8589
0.059702792290565965,0.859
0.05657300731990289,0.8591000000000001
0.0535910733559648,0.8592000000000001
0.05058578520288104,0.8593000000000001
0.047804537342727826,0.8594
0.04527329122598611,0.8595
0.04295513168663545,0.8596
0.04032392506922777,0.8597
0.03795125127116572,0.8598
0.03592548026368303,0.8599
0.03426626270179156,0.86
0.032321016669605296,0.8601000000000001
0.03074106526276954,0.8602000000000001
0.02939243166056449,0.8603000000000001
0.028100588225818735,0.8604
0.02652892448529265,0.8605
0.02486683073929008,0.8606
0.023424235826599915,0.8607
0.02245282834922757,0.8608
0.02203011718366832,0.8609
0.022215849663141496,0.861
0.02304409663405549,0.8611000000000001
0.024517902103637024,0.8612000000000001
0.026543964640129536,0.8613000000000001
0.02853106587385623,0.8614
0.031007256725086307,0.8615
0.034083730196513784,0.8616
0.0375019013461515,0.8617
0.04109952318158516,0.8618
0.04521843248468449,0.8619
0.04980189477865049,0.862
0.054701549045261366,0.8621000000000001
0.0597754175631805,0.8622000000000001
0.06500060035133282,0.8623000000000001
0.07032909600331172,0.8624
0.07567150022648506,0.8625
0.08094798773969747,0.8626
0.08592837471044168,0.8627
0.09060997127871051,0.8628
0.0951045045879979,0.8629
0.09938931930570138,0.863
0.10341776570705496,0.8631000000000001
0.1071582866901073,0.8632000000000001
0.11058206795473258,0.8633000000000001
0.1136729872775536,0.8634000000000001
0.116420343810543,0.8635
0.11881494305536489,0.8636
0.1208458022178085,0.8637
0.12248101687705393,0.8638
0.12348487900709026,0.8639
0.12407697367777515,0.864
0.12426461681621559,0.8641000000000001
0.12405006386646211,0.8642000000000001
0.12343594664933122,0.8643000000000001
0.12242793074152447,0.8644000000000001
0.12103311728014465,0.8645
0.11926004828999925,0.8646
0.1171178784467587,0.8647
0.11461612426957524,0.8648
0.11058310192920096,0.8649
0.10499564410545548,0.865
0.09929371591001823,0.8651000000000001
0.09357431060304566,0.8652000000000001
0.08786329007547922,0.8653000000000001
0.082169803388906,0.8654000000000001
0.0765114758080353,0.8655
0.07091718008170733,0.8656
0.06542934130578859,0.8657
0.060095814511858414,0.8658
0.05496330885329992,0.8659
0.050075262818723765,0.866
0.04547289285144318,0.8661000000000001
0.0411949161657752,0.8662000000000001
0.037182718281390414,0.8663000000000001
0.03337658464978466,0.8664000000000001
0.029939623237645874,0.8665
0.026906111610232042,0.8666
0.0242935186792268,0.8667
0.02211552209563794,0.8668
0.020382063072329926,0.8669
0.01909177139947671,0.867
0.017433019861541332,0.8671000000000001
0.015570927044538552,0.8672000000000001
0.013188831378561083,0.8673000000000001
0.010618196163958427,0.8674000000000001
0.008283179448621114,0.8675
0.006472767542569979,0.8676
0.005656484020353902,0.8677
0.005759392804188801,0.8678
0.006528819823216292,0.8679
0.008246156840282959,0.868
0.010020538355301367,0.8681000000000001
0.012209514739636385,0.8682000000000001
0.015328750347047393,0.8683000000000001
0.018679037778682295,0.8684000000000001
0.022341031089123886,0.8685
0.02682290732009518,0.8686
0.03207402320807984,0.8687
0.0378762546780802,0.8688
0.044041158030589944,0.8689
0.05040264861173527,0.869
0.05694587710609267,0.8691000000000001
0.06362522780762614,0.8692000000000001
0.07035136770773232,0.8693000000000001
0.07703770279782807,0.8694000000000001
0.08360744591354696,0.8695
0.08999555971219975,0.8696
0.09614639813741332,0.8697
0.10201671604513496,0.8698
0.10758878770963576,0.8699
0.11285311588946423,0.87
0.117806203370591,0.8701000000000001
0.12244640401397,0.8702000000000001
0.1267681638809871,0.8703000000000001
0.13075723634760572,0.8704000000000001
0.1343924522832597,0.8705
0.13764996718304423,0.8706
0.14050840424585742,0.8707
0.14294954112642633,0.8708
0.14495997851500864,0.8709
0.14653034408179777,0.871
0.14765592876885036,0.8711000000000001
0.14833613312519434,0.8712000000000001
0.14857477401064267,0.8713000000000001
0.14837872174090316,0.8714000000000001
0.1458131214226407,0.8715
0.14177161366615687,0.8716
0.1374617144374778,0.8717
0.13296404842934562,0.8718
0.12830119758129155,0.8719
0.12347918955043513,0.872
0.11853664354174887,0.8721
0.1134983962512155,0.8722000000000001
0.10837562686710045,0.8723000000000001
0.10322244176251694,0.8724000000000001
0.09808080138789865,0.8725
0.0929928142522648,0.8726
0.08800287341140023,0.8727
0.08315686531989597,0.8728
0.07849857976848762,0.8729
0.07406618536439058,0.873
0.06988903122654466,0.8731
0.06598581625194366,0.8732000000000001
0.06236495979301748,0.8733000000000001
0.05902695620516729,0.8734000000000001
0.055966975397547136,0.8735
0.052963550019660355,0.8736
0.05001101524025753,0.8737
0.047288589728869734,0.8738
0.04481728772284099,0.8739
0.04242049667036296,0.874
0.03984606442113048,0.8741
0.03755044422770548,0.8742000000000001
0.03561127231067451,0.8743000000000001
0.03388634713570493,0.8744000000000001
0.032023483620776894,0.8745
0.030521828393767603,0.8746
0.02921052019954029,0.8747
0.027865309137114824,0.8748
0.02624784541387659,0.8749
0.02460037871241716,0.875
0.023256112570349652,0.8751
0.02240259201341921,0.8752000000000001
0.022112044166952893,0.8753000000000001
0.022439290850163607,0.8754000000000001
0.02341145849441406,0.8755000000000001
0.02502498289362376,0.8756
0.02704267322150522,0.8757
0.02915777221846949,0.8758
0.031767471426169314,0.8759
0.03496419739090628,0.876
0.03838571708620897,0.8761
0.04208465902285363,0.8762000000000001
0.04629858562862821,0.8763000000000001
0.050905588077792885,0.8764000000000001
0.05577308069597686,0.8765000000000001
0.06085883767482725,0.8766
0.06611112022836962,0.8767
0.07143785776068712,0.8768
0.07675982180167651,0.8769
0.08200099061714428,0.877
0.08685772150251203,0.8771
0.09151067319113115,0.8772000000000001
0.09596960167576418,0.8773000000000001
0.10020527990257833,0.8774000000000001
0.10417440508491205,0.8775000000000001
0.10784687132710002,0.8776
0.11119695613461533,0.8777
0.11420964010014334,0.8778
0.11687609373294161,0.8779
0.11918668740382199,0.878
0.12113131601155358,0.8781
0.12262252971552456,0.8782000000000001
0.12353154935500488,0.8783000000000001
0.12403059229025859,0.8784000000000001
0.12412588140255854,0.8785000000000001
0.12381963275624319,0.8786
0.12311512772398359,0.8787
0.12201825879830208,0.8788
0.12053654091595556,0.8789
0.11867873579821597,0.879
0.11645433732833943,0.8791
0.1138732133087752,0.8792000000000001
0.10926864971850092,0.8793000000000001
0.10364353618834254,0.8794000000000001
0.09793538431246962,0.8795000000000001
0.09222130480197654,0.8796
0.08651830455207488,0.8797
0.08083675382042022,0.8798
0.07519497173965584,0.8799
0.06962540174960341,0.88
0.06417202938411448,0.8801
0.058882472712292744,0.8802000000000001
0.0538027540973991,0.8803000000000001
0.04897615801786026,0.8804000000000001
0.044443570083645634,0.8805000000000001
0.04024316499991576,0.8806
0.036236699532593564,0.8807
0.032510329429638274,0.8808
0.02916641223329064,0.8809
0.0262321486085082,0.881
0.023722332654244838,0.8811
0.02165082646028149,0.8812000000000001
0.020025412214720317,0.8813000000000001
0.01870383685559962,0.8814000000000001
0.01702889883996117,0.8815000000000001
0.01506824690817421,0.8816
0.012617997214163346,0.8817
0.01005453189932326,0.8818
0.007835259466878686,0.8819
0.006193228494781655,0.882
0.005632019308137615,0.8821
0.005926680279866314,0.8822000000000001
0.006856237253791031,0.8823000000000001
0.008804550498181518,0.8824000000000001
0.010586170058305644,0.8825000000000001
0.012918947733322694,0.8826
0.0162324894904331,0.8827
0.01964775938346519,0.8828
0.02345032851217832,0.8829
0.02807247294485804,0.883
0.03343745544296528,0.8831
0.039324609790447385,0.8832000000000001
0.04555002879035008,0.8833000000000001
0.05194911076511799,0.8834000000000001
0.05851302052780305,0.8835000000000001
0.06519749368071137,0.8836
0.07191229766808915,0.8837
0.07857040517493019,0.8838
0.08509618738567792,0.8839
0.09142721844799595,0.884
0.09751141059270607,0.8841
0.1033096510196776,0.8842000000000001
0.10880780309656723,0.8843000000000001
0.1139981853292622,0.8844000000000001
0.11887747789495162,0.8845000000000001
0.12344259130814239,0.8846
0.12768611475969482,0.8847
0.13159226089588594,0.8848
0.1351392951608692,0.8849
0.13830359927452218,0.885
0.14106467348627805,0.8851
0.14340520371742993,0.8852000000000001
0.1453127708826797,0.8853000000000001
0.1467789124624862,0.8854000000000001
0.14779998527189164,0.8855000000000001
0.14837646145680794,0.8856
0.14851318099582955,0.8857
0.14821773177895003,0.8858
0.14485210015179684,0.8859
0.14073636062337147,0.886
0.1363845491832386,0.8861
0.1318564326237781,0.8862
0.12716470709478334,0.8863000000000001
0.12232040456805049,0.8864000000000001
0.11736021453696621,0.8865000000000001
0.11230140559018686,0.8866
0.10717240189575017,0.8867
0.10202268794403602,0.8868
0.09689392182667866,0.8869
0.09182849891439337,0.887
0.08687105362883762,0.8871
0.08206740208650953,0.8872
0.07746046301507525,0.8873000000000001
0.07308695442477464,0.8874000000000001
0.06897437242382254,0.8875000000000001
0.06513910571401826,0.8876000000000001
0.06158706751227205,0.8877
0.05831732014138824,0.8878
0.05532426120187206,0.8879
0.05228339371523938,0.888
0.04938469949286306,0.8881
0.04672488279386422,0.8882
0.04431834781554067,0.8883000000000001
0.041843199039589996,0.8884000000000001
0.03933141284412223,0.8885000000000001
0.03711780522619623,0.8886000000000001
0.035268233834251816,0.8887
0.033479173442586774,0.8888
0.03170424854437326,0.8889
0.030249938635097617,0.889
0.028981763557057283,0.8891
0.027596710408836822,0.8892
0.025956805145400663,0.8893000000000001
0.02433028347606503,0.8894000000000001
0.02309121913963308,0.8895000000000001
0.02236172425110694,0.8896000000000001
0.022208687267593064,0.8897
0.02268123456072324,0.8898
0.023799125273531008,0.8899
0.025552799546889382,0.89
0.027563497189334596,0.8901
0.02980694531591377,0.8902
0.03254906633027521,0.8903000000000001
0.035864479467096144,0.8904000000000001
0.03929223262405812,0.8905000000000001
0.0430905255319578,0.8906000000000001
0.047396268272161146,0.8907
0.05207291456908503,0.8908
0.05698515636287804,0.8909
0.062095957765035736,0.891
0.06735560385570438,0.8911
0.07267260040992252,0.8912
0.07796834235536387,0.8913000000000001
0.08315706467552397,0.8914000000000001
0.087951741345765,0.8915000000000001
0.09255102896719947,0.8916000000000001
0.09694496489013937,0.8917
0.10110643831071908,0.8918
0.10499466879013497,0.8919
0.10858177602118291,0.892
0.1118434067797951,0.8921
0.11476544914054865,0.8922
0.11733954193881035,0.8923000000000001
0.11955623473680432,0.8924000000000001
0.12140561518657966,0.8925000000000001
0.12273411283280244,0.8926000000000001
0.12354294490023099,0.8927
0.12394450361009823,0.8928
0.12394338237033553,0.8929
0.12354168512739117,0.893
0.12274341740651862,0.8931
0.12155482501753467,0.8932
0.1199838915072503,0.8933000000000001
0.11803957531399112,0.8934000000000001
0.1157315005477304,0.8935000000000001
0.11306963834505068,0.8936000000000001
0.10788927005635074,0.8937
0.10223139547613891,0.8938
0.09652150906460388,0.8939
0.09081600935412049,0.894
0.08512321342744911,0.8941
0.07945542715611176,0.8942
0.07383218344014697,0.8943000000000001
0.06828986475449583,0.8944000000000001
0.06287411339997895,0.8945000000000001
0.05763229751484733,0.8946000000000001
0.05260973142177039,0.8947
0.04784943260563601,0.8948
0.0433916109131911,0.8949
0.039259748417288964,0.895
0.035263860352171994,0.8951
0.031622050040682526,0.8952
0.028376289707890967,0.8953000000000001
0.025546260726795555,0.8954000000000001
0.023144388374416902,0.8955000000000001
0.021184515769929302,0.8956000000000001
0.019672037162189016,0.8957
0.01824659243674631,0.8958
0.016582591989453777,0.8959
0.014491483750951328,0.896
0.011978649166176858,0.8961
0.009456932483210334,0.8962
0.00735714701479484,0.8963000000000001
0.0058949168929274265,0.8964000000000001
0.005611160147776628,0.8965000000000001
0.006182242633348656,0.8966000000000001
0.007332357675241541,0.8967
0.009162767817154194,0.8968
0.011038533074692936,0.8969
0.013675768337737093,0.897
0.01686522865175588,0.8971
0.020188173641495943,0.8972
0.02431316890861379,0.8973000000000001
0.02926226881505678,0.8974000000000001
0.034827636620263114,0.8975000000000001
0.04087173093939822,0.8976000000000001
0.04720399084322113,0.8977
0.05368379782603494,0.8978
0.06029821520843959,0.8979
0.06701218877897075,0.898
0.07372909534777172,0.8981
0.08036696388018927,0.8982
0.0868493762180661,0.8983000000000001
0.0931154929308684,0.8984000000000001
0.09911549361296612,0.8985000000000001
0.10482363367431025,0.8986000000000001
0.11022626022683435,0.8987
0.11531932782960308,0.8988
0.12010409527274413,0.8989
0.1245791974888405,0.899
0.1287345381808952,0.8991
0.13255061426864212,0.8992
0.13600281798677427,0.8993
0.13906736657887908,0.8994000000000001
0.14172364265928605,0.8995000000000001
0.14395588156215844,0.8996000000000001
0.14575287942934823,0.8997
0.14710787013201276,0.8998
0.14801798763485596,0.8999
0.14848485318219296,0.9
0.1485136137892603,0.9001
0.14768801949113142,0.9002
0.14384199434382683,0.9003
0.13966021799930095,0.9004000000000001
0.13526521144265946,0.9005000000000001
0.13069989787749992,0.9006000000000001
0.1259737178598307,0.9007000000000001
0.12110029488192009,0.9008
0.11611750847955771,0.9009
0.11103515061658586,0.901
0.10589907675999632,0.9011
0.10075270950702553,0.9012
0.0956380958699038,0.9013
0.09059884405543495,0.9014000000000001
0.08568020294912049,0.9015000000000001
0.08092733849464184,0.9016000000000001
0.07638170328714411,0.9017000000000001
0.07207771404982988,0.9018
0.06803987169625292,0.9019
0.0642816960467496,0.902
0.06080654149843845,0.9021
0.05761139366249157,0.9022
0.05467179462915239,0.9023
0.051614782221250044,0.9024000000000001
0.048771079693324504,0.9025000000000001
0.046172616309773096,0.9026000000000001
0.043829853104347505,0.9027000000000001
0.04125963839309543,0.9028
0.0388118239255244,0.9029
0.03668516376735731,0.903
0.034930360140480454,0.9031
0.033063504298566304,0.9032
0.03137885750741942,0.9033
0.029974788405217057,0.9034000000000001
0.028709334182362323,0.9035000000000001
0.02725406216929649,0.9036000000000001
0.025582850262110268,0.9037000000000001
0.02401877209402059,0.9038
0.022898274716725675,0.9039
0.022305924551035528,0.904
0.022304568088898913,0.9041
0.022935903823235737,0.9042
0.024212231632423142,0.9043
0.026116795151647887,0.9044000000000001
0.028051041342609384,0.9045000000000001
0.03034529838674027,0.9046000000000001
0.033232429485112736,0.9047000000000001
0.03662572556888044,0.9048
0.040053846824956496,0.9049
0.044004613529466274,0.905
0.04844325970652297,0.9051
0.05322737044302195,0.9052
0.05821456235098088,0.9053
0.06337821129927035,0.9054000000000001
0.06866757427742254,0.9055000000000001
0.07399384989938262,0.9056000000000001
0.07927678264139537,0.9057000000000001
0.08437206801402031,0.9058
0.08914145732677825,0.9059
0.0936998321627518,0.906
0.09803739986833826,0.9061
0.1021305934075617,0.9062
0.10594225241048605,0.9063
0.1094468348233173,0.9064000000000001
0.11262170620828182,0.9065000000000001
0.11545367410393836,0.9066000000000001
0.11793475540828813,0.9067000000000001
0.120055637389063,0.9068
0.12180652246097812,0.9069
0.12296118174689619,0.907
0.12366296514678632,0.9071
0.1239597964658149,0.9072
0.12385474472341484,0.9073
0.12335026023265361,0.9074000000000001
0.1224511858445334,0.9075000000000001
0.12116416731892199,0.9076000000000001
0.11949735993934518,0.9077000000000001
0.11745972136300442,0.9078
0.11506067311310986,0.9079
0.11196552175384333,0.908
0.1064413849000172,0.9081
0.10075838863311637,0.9082
0.09504610488202392,0.9083
0.08934400968782907,0.9084000000000001
0.0836569610355804,0.9085000000000001
0.0779993200107586,0.9086000000000001
0.07239390976984528,0.9087000000000001
0.06688040391009742,0.9088
0.06150502976266248,0.9089
0.05631420733637493,0.909
0.05135272773796262,0.9091
0.04666394782247685,0.9092
0.04228801779024871,0.9093
0.03818230206806095,0.9094000000000001
0.03427279123719451,0.9095000000000001
0.030729100580514368,0.9096000000000001
0.027587143074529807,0.9097000000000001
0.02486423568704299,0.9098
0.022573864005694944,0.9099
0.020728128560936643,0.91
0.019328858733379528,0.9101
0.01777207101570366,0.9102
0.016042208833999982,0.9103
0.013806962430354952,0.9104000000000001
0.011241271585928692,0.9105000000000001
0.00880646987753586,0.9106000000000001
0.006844984447374358,0.9107000000000001
0.0057155177298171544,0.9108
0.005656515413311469,0.9109
0.006335873458997998,0.911
0.007761006881853438,0.9111
0.009567479542805346,0.9112
0.011606781381393816,0.9113
0.014490837822106695,0.9114000000000001
0.017755970923102327,0.9115000000000001
0.02125309921916463,0.9116000000000001
0.025563609470188986,0.9117000000000001
0.03066923739806704,0.9118
0.03635610647483101,0.9119
0.04243359596679119,0.912
0.04873413596251619,0.9121
0.05523599607831842,0.9122
0.061892008770699114,0.9123
0.0686138703122341,0.9124
0.07531591150184058,0.9125000000000001
0.08192076488745714,0.9126000000000001
0.08836050162928522,0.9127000000000001
0.094575774604015,0.9128000000000001
0.10051850030451781,0.9129
0.10616630366659874,0.913
0.11150727927154025,0.9131
0.11653750822598985,0.9132
0.12125699402001422,0.9133
0.12566248610338882,0.9134
0.12974159315719658,0.9135000000000001
0.1334737679391821,0.9136000000000001
0.13683480899725686,0.9137000000000001
0.13980217515774462,0.9138000000000001
0.14235664855627594,0.9139
0.14448382796297665,0.914
0.14617350559061282,0.9141
0.14741988260073013,0.9142
0.14822115396684965,0.9143
0.14857992052294444,0.9144
0.14850217259944387,0.9145000000000001
0.14682115065833057,0.9146000000000001
0.14288227648910878,0.9147000000000001
0.13864043740571041,0.9148000000000001
0.1341980461460497,0.9149
0.1295894271939827,0.915
0.1248232628470648,0.9151
0.11992112251098808,0.9152
0.11491559634677917,0.9153
0.10981927746284126,0.9154
0.10467990717302844,0.9155000000000001
0.09953980997469336,0.9156000000000001
0.09444131879908779,0.9157000000000001
0.08942854131860922,0.9158000000000001
0.08454713737196684,0.9159
0.07984182951485719,0.916
0.07535273116362273,0.9161
0.07111196724647317,0.9162
0.0671412441468372,0.9163
0.0634513916031213,0.9164
0.0600439988755076,0.9165000000000001
0.056915101364860554,0.9166000000000001
0.053947577398852475,0.9167000000000001
0.05094223417928201,0.9168000000000001
0.04815786375124409,0.9169
0.045621181596127824,0.917
0.04331790531413682,0.9171
0.0406804571808026,0.9172
0.03829744122461354,0.9173
0.036258601931923984,0.9174
0.03459966059950026,0.9175000000000001
0.03265713831604433,0.9176000000000001
0.03106275172876849,0.9177000000000001
0.029711107592457653,0.9178000000000001
0.02843498342092632,0.9179
0.026897300661130386,0.918
0.02523738055983271,0.9181
0.02377248398266074,0.9182
0.022771193806333745,0.9183
0.022311747181176678,0.9184
0.02245429177693059,0.9185000000000001
0.023234293663583427,0.9186000000000001
0.0246569771836449,0.9187000000000001
0.026678339383391148,0.9188000000000001
0.028616058738915262,0.9189
0.031036334681291855,0.919
0.03405644229364313,0.9191
0.03746340405131621,0.9192
0.04100527652730812,0.9193
0.04506559579672764,0.9194
0.04959350642056459,0.9195000000000001
0.05444304180715198,0.9196000000000001
0.059472567127289766,0.9197000000000001
0.06465881128018758,0.9198000000000001
0.06995339637824194,0.9199
0.07526738039380154,0.92
0.08052103257291587,0.9201
0.08550474673866038,0.9202
0.0901679138011715,0.9203
0.09464821134122225,0.9204
0.09892323151166005,0.9205000000000001
0.10294577642395497,0.9206000000000001
0.10668324214886027,0.9207000000000001
0.11010631505600776,0.9208000000000001
0.11319839858061687,0.9209
0.11594861306971704,0.921
0.11834772840550045,0.9211
0.12038479441658578,0.9212
0.12204340459815799,0.9213
0.12305834575472285,0.9214
0.12366242240740322,0.9215000000000001
0.12386334110829433,0.9216000000000001
0.12366336013059398,0.9217000000000001
0.1230649042579639,0.9218000000000001
0.12207350239010761,0.9219
0.12069610590443591,0.922
0.1189411867461716,0.9221
0.11681787992322434,0.9222
0.11433572117267932,0.9223
0.11065111450833554,0.9224
0.10508507161305936,0.9225000000000001
0.09938962356344061,0.9226000000000001
0.09367398075221778,0.9227000000000001
0.08796913470780166,0.9228000000000001
0.08228297816542696,0.9229
0.07663229498102153,0.923
0.07104343475368402,0.9231
0.06555767810260948,0.9232
0.06022291421688453,0.9233
0.05508616265896249,0.9234
0.05019087572873726,0.9235000000000001
0.04557849107506695,0.9236000000000001
0.04128787934643663,0.9237000000000001
0.03721559452111789,0.9238000000000001
0.033398119482597854,0.9239
0.029956206523967577,0.924
0.02691787507087673,0.9241
0.024299816653607476,0.9242
0.022117021044000262,0.9243
0.020379226090446956,0.9244
0.019085583344106594,0.9245000000000001
0.017422500036418764,0.9246000000000001
0.015570200387973632,0.9247000000000001
0.013192104669979665,0.9248000000000001
0.010619546708253491,0.9249
0.008281089387627283,0.925
0.006465463861347498,0.9251
0.005652061167139788,0.9252
0.005756458339751358,0.9253
0.006513612896175358,0.9254
0.008218012089934001,0.9255
0.009978178762510392,0.9256000000000001
0.012156757839591803,0.9257000000000001
0.015266929921293526,0.9258000000000001
0.01860597050207602,0.9259000000000001
0.02225889946454762,0.926
0.02673219799166726,0.9261
0.03197496980032155,0.9262
0.0377692176109401,0.9263
0.043926779496619384,0.9264
0.05028166722913574,0.9265
0.05681889869504708,0.9266000000000001
0.06349278168665895,0.9267000000000001
0.07021411981463477,0.9268000000000001
0.07689647585238268,0.9269000000000001
0.08346323967349256,0.927
0.0898495711043289,0.9271
0.09600002268957719,0.9272
0.10187149403341711,0.9273
0.10744631420776618,0.9274
0.11271499978836252,0.9275
0.11767403426367928,0.9276000000000001
0.12232167548619688,0.9277000000000001
0.12665221338743382,0.9278000000000001
0.1306512303442675,0.9279000000000001
0.13429742860501082,0.928
0.1375668964498069,0.9281
0.1404382542113295,0.9282
0.14289329361933167,0.9283
0.14491860572181203,0.9284
0.14650475057495238,0.9285
0.14764690570714734,0.9286000000000001
0.1483443359491431,0.9287000000000001
0.14860072810258718,0.9288000000000001
0.14842283712220206,0.9289000000000001
0.1458733491914781,0.929
0.14185634078777754,0.9291
0.13757069043997483,0.9292
0.13309651479511952,0.9293
0.12845792742122863,0.9294
0.12366055422669164,0.9295
0.11873725257042389,0.9296000000000001
0.11371350420107817,0.9297000000000001
0.10860844796509705,0.9298000000000001
0.10347197954840248,0.9299000000000001
0.0983458312617751,0.93
0.09327199574413159,0.9301
0.08829480402668055,0.9302
0.0834600657350486,0.9303
0.07881151944782105,0.9304
0.07438728864546984,0.9305
0.07021671390644035,0.9306000000000001
0.0663185490357785,0.9307000000000001
0.06270102770547303,0.9308000000000001
0.059364137629344116,0.9309000000000001
0.05630305870481056,0.931
0.05330916238437022,0.9311
0.050354685666152976,0.9312
0.047627888103198845,0.9313
0.04515029494037037,0.9314
0.042766957934680105,0.9315
0.04018626140951298,0.9316000000000001
0.03788033251444878,0.9317000000000001
0.03592812598303374,0.9318000000000001
0.034218658534613144,0.9319000000000001
0.03234372006780695,0.932
0.030839576574875904,0.9321
0.02952562669165326,0.9322
0.028193758358801446,0.9323
0.02659307837049263,0.9324
0.024945767906525917,0.9325
0.02357815475510394,0.9326000000000001
0.022694005633585146,0.9327000000000001
0.02236618414409608,0.9328000000000001
0.02265013357744694,0.9329000000000001
0.023574387864093715,0.933
0.025137418890909702,0.9331
0.02715103448058942,0.9332
0.0292169500195536,0.9333
0.031771555486740155,0.9334
0.0349134126008932,0.9335
0.038323400199848034,0.9336000000000001
0.04196873244117216,0.9337000000000001
0.04612696060423782,0.9338000000000001
0.05068233481184614,0.9339000000000001
0.05550421300236774,0.934
0.06054935452835575,0.9341
0.06576599109373238,0.9342
0.0710622395165953,0.9343
0.07635907888122218,0.9344
0.08158042164245372,0.9345
0.08644085712415761,0.9346000000000001
0.09107794991626694,0.9347000000000001
0.09552494679504775,0.9348000000000001
0.09975283602613005,0.9349000000000001
0.10371778715769797,0.935
0.10738879630777576,0.9351
0.11073968347620966,0.9352
0.11375500567843644,0.9353
0.11642573427933689,0.9354
0.11874218708932127,0.9355
0.12069424886006319,0.9356000000000001
0.12221001321365577,0.9357000000000001
0.12313102356254357,0.9358000000000001
0.1236427963384078,0.9359000000000001
0.12375193886161251,0.936
0.12346068269229848,0.9361
0.12277212407322136,0.9362
0.12169204762077268,0.9363
0.1202278439032135,0.9364
0.11838822407810501,0.9365
0.11618267059218046,0.9366000000000001
0.11362106832790952,0.9367000000000001
0.10935556844579819,0.9368000000000001
0.10375140476817857,0.9369000000000001
0.09804937962610438,0.937
0.09233865784983131,0.9371
0.08664128865179921,0.9372
0.08096638198177586,0.9373
0.07533142490720235,0.9374
0.06976638647051792,0.9375
0.0643141485255565,0.9376000000000001
0.05902239975225143,0.9377000000000001
0.05393752415753594,0.9378000000000001
0.049102816090543344,0.9379000000000001
0.04455926308872882,0.9380000000000001
0.04034530370586853,0.9381
0.03628296175141643,0.9382
0.03254480420810002,0.9383
0.02919433923071857,0.9384
0.026254092676454288,0.9385
0.023737545228722734,0.9386
0.021659516139256763,0.9387000000000001
0.02002809429336705,0.9388000000000001
0.018700932943950255,0.9389000000000001
0.017030703388167368,0.9390000000000001
0.015078727719230356,0.9391
0.012631234666064417,0.9392
0.010065282924511143,0.9393
0.007841213626338384,0.9394
0.006191919881204155,0.9395
0.005628801800714012,0.9396
0.005917891552270849,0.9397000000000001
0.006830503995172821,0.9398000000000001
0.00876432443165398,0.9399000000000001
0.010532917921830753,0.9400000000000001
0.012852751548516395,0.9401
0.016154399522122054,0.9402
0.019559160876915227,0.9403
0.023350864992418785,0.9404
0.027962666847111572,0.9405
0.03331811889247005,0.9406
0.039196662910294,0.9407000000000001
0.04541442619998848,0.9408000000000001
0.05180691925356995,0.9409000000000001
0.05836507169890326,0.9410000000000001
0.06504454568033147,0.9411
0.07175525908995972,0.9412
0.07841033771423966,0.9413
0.08493428536358927,0.9414
0.09126483478330827,0.9415
0.09735002590711284,0.9416
0.10315082451860424,0.9417000000000001
0.10865309440120452,0.9418000000000001
0.11384913291084664,0.9419000000000001
0.1187355884775042,0.9420000000000001
0.12330928585129852,0.9421
0.1275626849812358,0.9422
0.1314798614079944,0.9423
0.13503898375391077,0.9424
0.13821638604300235,0.9425
0.14099156872643515,0.9426
0.1433472212472794,0.9427000000000001
0.14527089744659094,0.9428000000000001
0.14675405338911962,0.9429000000000001
0.14779291978381692,0.9430000000000001
0.14838782429463393,0.9431
0.14854346271821084,0.9432
0.14826729325560029,0.9433
0.14493121404404685,0.9434
0.14083979597781138,0.9435
0.13651144161566264,0.9436
0.13200582756870627,0.9437000000000001
0.1273379263095431,0.9438000000000001
0.12251625513505116,0.9439000000000001
0.11757425710447023,0.9440000000000001
0.1125295207653152,0.9441
0.10741723674918102,0.9442
0.10228317623868421,0.9443
0.097168796204539,0.9444
0.09211637260004346,0.9445
0.08717046675583229,0.9446
0.08237680786889456,0.9447000000000001
0.07777825820292472,0.9448000000000001
0.073411502473128,0.9449000000000001
0.06930403690834575,0.9450000000000001
0.06547227175929948,0.9451
0.061922157381547716,0.9452
0.05865280348691382,0.9453
0.05565863961184325,0.9454
0.052634052114915564,0.9455
0.04973363492983629,0.9456
0.04706866818987554,0.9457000000000001
0.04465471454145975,0.9458000000000001
0.04219713361979238,0.9459000000000001
0.03967729123007824,0.9460000000000001
0.03745081417544838,0.9461
0.035585587307321864,0.9462
0.033812749198088854,0.9463
0.032023631388765184,0.9464
0.030565123890858636,0.9465
0.029292830614610965,0.9466
0.027936916091911623,0.9467000000000001
0.026296998550862316,0.9468000000000001
0.02466852770646022,0.9469000000000001
0.023403391217327263,0.9470000000000001
0.022640523154211722,0.9471
0.022447467295954926,0.9472
0.0228743041349857,0.9473
0.02394264730750284,0.9474
0.02564492918650707,0.9475
0.027652975391996737,0.9476
0.029846278574176877,0.9477000000000001
0.032532596123511004,0.9478000000000001
0.035792900002371564,0.9479000000000001
0.03920877721845861,0.9480000000000001
0.042953597925258435,0.9481
0.04720432619130932,0.9482
0.05183038465921608,0.9483
0.05669826365308617,0.9484
0.061769872750066734,0.9485
0.06699543745049164,0.9486
0.07228364168965018,0.9487000000000001
0.07755606968272621,0.9488000000000001
0.08273776918434173,0.9489000000000001
0.08752519404357317,0.9490000000000001
0.09211007508128244,0.9491
0.09649409409125731,0.9492
0.10064979124006979,0.9493
0.10453558643953609,0.9494
0.10812283206630002,0.9495
0.11138670685158503,0.9496
0.11431277668403872,0.9497000000000001
0.11689253383004639,0.9498000000000001
0.1191165030072725,0.9499000000000001
0.12097475831109161,0.9500000000000001
0.12233022818218864,0.9501000000000001
0.12315253469200549,0.9502
0.12356827569762785,0.9503
0.12358243303418748,0.9504
0.12319711348549944,0.9505
0.12241611629483529,0.9506
0.12124557313959927,0.9507000000000001
0.11969333961900352,0.9508000000000001
0.1177683295353823,0.9509000000000001
0.11548016603437772,0.9510000000000001
0.1128388485857652,0.9511000000000001
0.10800014902740929,0.9512
0.10236309962256052,0.9513
0.09665885307456545,0.9514
0.09095618680667006,0.9515
0.08526857087881845,0.9516
0.07960699628502754,0.9517
0.07399013354760231,0.9518000000000001
0.06845183395146004,0.9519000000000001
0.06303660805662192,0.9520000000000001
0.0577918497657357,0.9521000000000001
0.05276315031447054,0.9522
0.047993500794072386,0.9523
0.04352334968857363,0.9524
0.039338470321492736,0.9525
0.035329996927094154,0.9526
0.03167984927920031,0.9527
0.028426306288906078,0.9528000000000001
0.02558785579169709,0.9529000000000001
0.023177504690362394,0.9530000000000001
0.021209378098839604,0.9531000000000001
0.01968916238132934,0.9532
0.01825995319110474,0.9533
0.01659994403860221,0.9534
0.014521853292500886,0.9535
0.012011419791859712,0.9536
0.009485565152472786,0.9537
0.007378691630338885,0.9538000000000001
0.0059041019894234825,0.9539000000000001
0.00560956028803794,0.9540000000000001
0.006168343348162297,0.9541000000000001
0.007299130242044427,0.9542
0.009116560797997941,0.9543
0.010977424076863862,0.9544
0.01359819889412539,0.9545
0.01677560098965536,0.9546
0.0200847561672568,0.9547
0.024195805979736917,0.9548000000000001
0.02913221459784876,0.9549000000000001
0.03468643893185486,0.9550000000000001
0.04072069002661616,0.9551000000000001
0.04704448164270203,0.9552
0.05351714836716037,0.9553
0.06012546212062331,0.9554
0.06683426242372503,0.9555
0.07354712293102372,0.9556
0.08018225623362563,0.9557
0.08666341710286651,0.9558000000000001
0.09293621398559038,0.9559000000000001
0.09895202599577368,0.9560000000000001
0.10467787369588721,0.9561000000000001
0.11010191761462196,0.9562
0.1152194062888986,0.9563
0.12002574189142157,0.9564
0.1245171749496734,0.9565
0.12868374121381065,0.9566
0.13250864263956563,0.9567
0.1359689849285347,0.9568000000000001
0.13904188071764145,0.9569000000000001
0.14170749636027025,0.9570000000000001
0.14395024086755415,0.9571000000000001
0.14575881661294443,0.9572
0.14712635477256464,0.9573
0.14805006217502226,0.9574
0.14853139979394214,0.9575
0.14857540775947797,0.9576
0.14772147421344894,0.9577
0.14390139500412658,0.9578000000000001
0.13974624608441832,0.9579000000000001
0.13537666584896513,0.9580000000000001
0.13083486836930824,0.9581000000000001
0.1261311533930236,0.9582
0.1212777497056936,0.9583
0.11631397941743493,0.9584
0.1112512152191032,0.9585
0.1061337779933641,0.9586
0.10100515274091304,0.9587
0.09590690035746885,0.9588000000000001
0.09088215043230707,0.9589000000000001
0.08597589364929281,0.9590000000000001
0.08123323826437745,0.9591000000000001
0.07669555818263551,0.9592
0.07239737607922836,0.9593
0.06836364006904128,0.9594
0.06460794691507699,0.9595
0.0611334983134334,0.9596
0.05793756332926958,0.9597
0.05500975357740345,0.9598000000000001
0.05195088246298507,0.9599000000000001
0.04910252460590714,0.9600000000000001
0.04649714184268405,0.9601000000000001
0.0441455994959532,0.9602
0.04158797118471025,0.9603
0.03913075095296481,0.9604
0.03699041242272694,0.9605
0.03521970576961486,0.9606
0.033365598283252584,0.9607
0.03166701657667703,0.9608000000000001
0.030257562441412755,0.9609000000000001
0.029000092948761935,0.9610000000000001
0.027554784131911703,0.9611000000000001
0.0258955258642537,0.9612
0.024311223946132277,0.9613
0.02316392718577842,0.9614
0.022539019882585,0.9615
0.022499639466157184,0.9616
0.023088487534143498,0.9617
0.02431950752538703,0.9618000000000001
0.02617769738588316,0.9619000000000001
0.02817093887386246,0.9620000000000001
0.030509314760461148,0.9621000000000001
0.0333455803041629,0.9622
0.03674008050326738,0.9623
0.040163114263135125,0.9624
0.044020875137597004,0.9625
0.0483766064885347,0.9626
0.05308402838556159,0.9627
0.0580066751012176,0.9628000000000001
0.06311185850008694,0.9629000000000001
0.06835171703323628,0.9630000000000001
0.07363529982628347,0.9631000000000001
0.07888461700850802,0.9632000000000001
0.08399949803856976,0.9633
0.08873693421021867,0.9634
0.09326857649253684,0.9635
0.09758617249758328,0.9636
0.10166520141778301,0.9637
0.10546717359059521,0.9638000000000001
0.10896572438787044,0.9639000000000001
0.11213747632447602,0.9640000000000001
0.11496882561687827,0.9641000000000001
0.11745167703083037,0.9642000000000001
0.11957669655092384,0.9643
0.1213341419235856,0.9644
0.12251396628033806,0.9645
0.12322908483809836,0.9646
0.12354009569146529,0.9647
0.12345017450500628,0.9648
0.12296132763331613,0.9649000000000001
0.12207820627432497,0.9650000000000001
0.12080738555951709,0.9651000000000001
0.11915728801618175,0.9652000000000001
0.11713707416827213,0.9653
0.11475651570111223,0.9654
0.1120114594555145,0.9655
0.106509639888406,0.9656
0.10083508928626272,0.9657
0.09512908593018676,0.9658
0.08943578957064813,0.9659000000000001
0.08375849733810181,0.9660000000000001
0.07811054252779503,0.9661000000000001
0.07251217945371002,0.9662000000000001
0.06700193327837056,0.9663
0.06162610226469489,0.9664
0.056431646688787085,0.9665
0.05146374897137629,0.9666
0.04676595143692186,0.9667
0.042378223581017505,0.9668
0.03820950756419528,0.9669000000000001
0.03428871592776739,0.9670000000000001
0.03073970492388134,0.9671000000000001
0.027593889673731553,0.9672000000000001
0.024867496944712242,0.9673
0.022574225806778925,0.9674
0.02072644943141544,0.9675
0.019326145115153848,0.9676
0.01776126534719391,0.9677
0.016043434205089024,0.9678
0.013821417336574271,0.9679000000000001
0.01125828098031656,0.9680000000000001
0.00882222335400229,0.9681000000000001
0.006857038935453641,0.9682000000000001
0.005717871509766326,0.9683
0.005653781672383618,0.9684
0.0063291286370226185,0.9685
0.007741972220485893,0.9686
0.009536906175083182,0.9687
0.01156735226600425,0.9688
0.01444196245142404,0.9689000000000001
0.01769514449426013,0.9690000000000001
0.02118267316557665,0.9691000000000001
0.025484192376312498,0.9692000000000001
0.030581264372353978,0.9693
0.03625990507470145,0.9694
0.04232978268654253,0.9695
0.04862329413448996,0.9696
0.05511868171996448,0.9697
0.06176876126584219,0.9698
0.06848530065223679,0.9699000000000001
0.07518274250587964,0.9700000000000001
0.08178390400840407,0.9701000000000001
0.08822101940229321,0.9702000000000001
0.09443494811919417,0.9703
0.10037772180515103,0.9704
0.10602697787908466,0.9705
0.11137080472710936,0.9706
0.11640528534630123,0.9707
0.12113042111111993,0.9708
0.12554295204271515,0.9709000000000001
0.12963045349948732,0.9710000000000001
0.13337231484313095,0.9711000000000001
0.13674425423799008,0.9712000000000001
0.1397236356709871,0.9713
0.14229115877067922,0.9714
0.14443233163386304,0.9715
0.14613684493918033,0.9716
0.14739877126215795,0.9717
0.14821616124871684,0.9718
0.14859146812857293,0.9719000000000001
0.14853054987236136,0.9720000000000001
0.14684427799297228,0.9721000000000001
0.14292796473079272,0.9722000000000001
0.1387094688105197,0.9723
0.13429014055970112,0.9724
0.12970377437930702,0.9725
0.12496320793882565,0.9726
0.12008091794159748,0.9727
0.11509063625192784,0.9728
0.11001254527356341,0.9729000000000001
0.10489057263980528,0.9730000000000001
0.09976677410982238,0.9731000000000001
0.09468333547376073,0.9732000000000001
0.08968427479767671,0.9733
0.08481517329666033,0.9734
0.08012071844767876,0.9735
0.0756410141327224,0.9736
0.0714081783297259,0.9737
0.06744392467706595,0.9738
0.06375908953383125,0.9739000000000001
0.06035523409666177,0.9740000000000001
0.05722834561653367,0.9741000000000001
0.05427555804075257,0.9742000000000001
0.05127097451601448,0.9743
0.048484341072538406,0.9744
0.04594308654910484,0.9745
0.0436529588385941,0.9746
0.04100981969847095,0.9747
0.03861742752197883,0.9748
0.03656681309820797,0.9749000000000001
0.034894039690322565,0.9750000000000001
0.0329643045605561,0.9751000000000001
0.03135628574477778,0.9752000000000001
0.029998510552612823,0.9753000000000001
0.028730189869746292,0.9754
0.027216470150634553,0.9755
0.025556206733561293,0.9756
0.024071780067470128,0.9757
0.023044796624436703,0.9758
0.022554107705983206,0.9759000000000001
0.022659688179114346,0.9760000000000001
0.023398325271160925,0.9761000000000001
0.02477690192091253,0.9762000000000001
0.026774831518531217,0.9763000000000001
0.028689116140159676,0.9764
0.031063434344050345,0.9765
0.0340345083456286,0.9766
0.03742972993096538,0.9767
0.04092349290156361,0.9768
0.04493329890351894,0.9769000000000001
0.049413280547562,0.9770000000000001
0.05421930501460648,0.9771000000000001
0.05921003202880004,0.9772000000000001
0.06436192212717784,0.9773000000000001
0.06962638446448033,0.9774
0.07491496019959898,0.9775
0.08014810258848637,0.9776
0.08513535480419265,0.9777
0.08978218774227054,0.9778
0.09424976756824144,0.9779
0.09851599115331133,0.9780000000000001
0.10253324121034979,0.9781000000000001
0.10626802055063878,0.9782000000000001
0.10969058102421247,0.9783000000000001
0.11278387960160552,0.9784
0.1155368318913852,0.9785
0.11794013859096975,0.9786
0.11998285886078885,0.9787
0.12165425152736986,0.9788
0.12268565081756433,0.9789
0.12330079804455119,0.9790000000000001
0.12351370256112248,0.9791000000000001
0.12332676974656531,0.9792000000000001
0.1227423309151161,0.9793000000000001
0.1217657567082796,0.9794
0.12040388473254904,0.9795
0.11866510152634469,0.9796
0.11655851793827576,0.9797
0.11409368006508636,0.9798
0.11070606804716321,0.9799
0.10515945145206618,0.9800000000000001
0.09947071817067321,0.9801000000000001
0.09375940405684424,0.9802000000000001
0.08806086746395692,0.9803000000000001
0.08238209886436576,0.9804
0.07673969360616129,0.9805
0.0711584978141131,0.9806
0.06567839868918024,0.9807
0.060345507436322054,0.9808
0.05520587647184949,0.9809
0.05030349584985094,0.9810000000000001
0.04568068508753642,0.9811000000000001
0.041376607967740675,0.9812000000000001
0.037242791557133614,0.9813000000000001
0.03340817680614272,0.9814
0.02995453890368771,0.9815
0.02690805800327878,0.9816
0.024282913514096283,0.9817
0.022093661924419195,0.9818
0.02035110717920885,0.9819
0.019054352230833516,0.9820000000000001
0.017374188195056428,0.9821000000000001
0.015532285766046705,0.9822000000000001
0.013161828701883316,0.9823000000000001
0.01059040323418059,0.9824
0.008250156311406354,0.9825
0.006431223658060814,0.9826
0.005640676141391188,0.9827
0.005758267973359432,0.9828
0.00649739823843376,0.9829
0.008194854675001029,0.9830000000000001
0.00994271385509693,0.9831000000000001
0.012113919672179563,0.9832000000000001
0.015220321263529568,0.9833000000000001
0.01855120482211392,0.9834
0.022199432129682117,0.9835
0.026668307264099855,0.9836
0.03190612928672443,0.9837
0.03769528846534609,0.9838
0.043847959759298005,0.9839
0.0501984154770041,0.9840000000000001
0.056731573374746436,0.9841000000000001
0.06340160266623118,0.9842000000000001
0.07011937550973157,0.9843000000000001
0.07679857305745896,0.9844
0.08336270943711521,0.9845
0.08974722335214003,0.9846
0.09589690252883465,0.9847
0.10176886167436827,0.9848
0.10734555246880606,0.9849
0.1126175123530313,0.9850000000000001
0.11758118304956644,0.9851000000000001
0.12223465907714459,0.9852000000000001
0.12657198855514074,0.9853000000000001
0.1305785180300716,0.9854
0.13423281405329335,0.9855
0.13751094747453008,0.9856
0.14039163892633344,0.9857
0.14285679050973366,0.9858
0.14489305324649637,0.9859
0.14649094648264382,0.9860000000000001
0.1476455426110923,0.9861000000000001
0.14835598256117677,0.9862000000000001
0.14862584960211755,0.9863000000000001
0.14846181749764698,0.9864
0.14591743049266503,0.9865
0.1419208136216289,0.9866
0.13765551023857125,0.9867
0.13320100800627255,0.9868
0.12858116090795424,0.9869
0.1238065392762926,0.9870000000000001
0.1188993540661133,0.9871000000000001
0.11388675278313776,0.9872000000000001
0.10879642898501307,0.9873000000000001
0.10367398489477941,0.9874
0.09856093268952326,0.9875
0.0934991721673889,0.9876
0.0885329837681671,0.9877
0.08370809832822967,0.9878
0.07906818321996423,0.9879
0.07465128425590317,0.9880000000000001
0.07048665799328024,0.9881000000000001
0.06659300963116355,0.9882000000000001
0.06297856936989332,0.9883000000000001
0.059643340662242084,0.9884000000000001
0.056582546008441925,0.9885
0.053599693336784826,0.9886
0.050644952686379474,0.9887
0.04791544849455631,0.9888
0.0454333104990714,0.9889
0.04306235216720666,0.9890000000000001
0.040476546439391026,0.9891000000000001
0.038162037639900115,0.9892000000000001
0.03619898987775838,0.9893000000000001
0.0345016190941525,0.9894000000000001
0.0326166966387591,0.9895
0.031103637939025708,0.9896
0.02979371250598195,0.9897
0.028473499481731723,0.9898
0.026886718727902714,0.9899
0.025239622049953336,0.9900000000000001
0.023853160287921282,0.9901000000000001
0.02294429367845363,0.9902000000000001
0.022586247226498823,0.9903000000000001
0.022835029638081927,0.9904000000000001
0.023720349623282955,0.9905
0.025242244977657924,0.9906
0.027252899079054593,0.9907
0.029278667603857667,0.9908
0.031788005138424724,0.9909
0.03488444848955319,0.991
0.03828511372948906,0.9911000000000001
0.0418857461654758,0.9912000000000001
0.045997269071924585,0.9913000000000001
0.05055950914180829,0.9914000000000001
0.05542431172001949,0.9915
0.06045126204165063,0.9916
0.06562013526746535,0.9917
0.07088484476478796,0.9918
0.07615674713005705,0.9919
0.08135689859130812,0.992
0.08627007533806286,0.9921000000000001
0.09086902549543174,0.9922000000000001
0.09527668606340423,0.9923000000000001
0.09947250619629622,0.9924000000000001
0.10341122988829643,0.9925
0.10706221008681738,0.9926
0.11039722766090487,0.9927
0.11340047143754484,0.9928
0.11606140567614698,0.9929
0.11837098708179794,0.993
0.12031841658972975,0.9931000000000001
0.12183461525484884,0.9932000000000001
0.12275860690406892,0.9933000000000001
0.12327490357268223,0.9934000000000001
0.12338986423015319,0.9935
0.12310562412155945,0.9936
0.1224251767995389,0.9937
0.12135435059595223,0.9938
0.11990051121380052,0.9939
0.1180723435500266,0.994
0.11587915383965874,0.9941000000000001
0.11333063061145299,0.9942000000000001
0.10933348829385126,0.9943000000000001
0.10374960713088033,0.9944000000000001
0.09805526572362955,0.9945
0.09234910896677906,0.9946
0.08665758107974086,0.9947
0.08098932150666971,0.9948
0.07536154449747767,0.9949
0.0698024354738378,0.995
0.06435400717088802,0.9951000000000001
0.05906392657734849,0.9952000000000001
0.05397874646433731,0.9953000000000001
0.04914163834311713,0.9954000000000001
0.0445935693776669,0.9955
0.0403501913994917,0.9956
0.03625754478031129,0.9957
0.032514166800217126,0.9958
0.02916141845273179,0.9959
0.02622119011327606,0.996
0.023705415313396205,0.9961000000000001
0.02162825412085767,0.9962000000000001
0.019998865203831873,0.9963000000000001
0.018649204899759964,0.9964000000000001
0.0169836190260384,0.9965
0.015032030265619944,0.9966
0.012583292030233117,0.9967
0.01001573515156351,0.9968
0.007795743741747518,0.9969
0.006152909408732032,0.997
0.005620433806488023,0.9971000000000001
0.005933849285630455,0.9972000000000001
0.006845770640606652,0.9973000000000001
0.008765352255773351,0.9974000000000001
0.01054175337532337,0.9975
0.012867579710378996,0.9976
0.016173964448062517,0.9977
0.019567742804872612,0.9978
0.023361472622777102,0.9979
0.02797619441409971,0.998
0.03333231096561273,0.9981000000000001
0.0392090668544578,0.9982000000000001
0.04542349078479657,0.9983000000000001
0.05181139550348024,0.9984000000000001
0.05836424408560048,0.9985
0.06503774462543965,0.9986
0.07174187573747615,0.9987
0.07838993226394775,0.9988
0.08490670722253513,0.9989
0.09123035874234875,0.999
0.09730939983739773,0.9991000000000001
0.10310521493999836,0.9992000000000001
0.10860395580332594,0.9993000000000001
0.1137980412488957,0.9994000000000001
0.11868409945815195,0.9995
0.12325873624199934,0.9996
0.12751410119851703,0.9997
0.13143395102827948,0.9998
0.13499626295859335,0.9999
0.13817731380577658,1.0
