glottal gap,time
0.06000000000000005,0.0
0.06000000000000005,0.0001
0.05948872784077519,0.0002
0.05826525240350855,0.00030000000000000003
0.05699161834278166,0.0004
0.055860966680247204,0.0005
0.05477296066384363,0.0006000000000000001
0.05371399417583533,0.0007
0.052618787533037725,0.0008
0.051465484821333396,0.0009000000000000001
0.05024717701327974,0.001
0.0489819088269865,0.0011
0.04769989632780147,0.0012000000000000001
0.04644577163809238,0.0013000000000000002
0.04526032726716367,0.0014
0.04417859959417991,0.0015
0.04321984143383628,0.0016
0.04244828962973246,0.0017000000000000001
0.041890715591617944,0.0018000000000000002
0.0414544530024874,0.0019
0.04107141165348316,0.002
0.04072278373724503,0.0021000000000000003
0.04039627677413549,0.0022
0.040114000404797734,0.0023
0.03992687434554343,0.0024000000000000002
0.03991070248629702,0.0025
0.04014592608473033,0.0026000000000000003
0.040691816071058096,0.0027
0.0415640237220658,0.0028
0.04267404382454898,0.0029000000000000002
0.043913290031776686,0.003
0.045269299334527835,0.0031000000000000003
0.046726129421904794,0.0032
0.048262624200747783,0.0033
0.049897531995614974,0.0034000000000000002
0.051663656989375806,0.0035
0.053598899340713047,0.0036000000000000003
0.055731915819582145,0.0037
0.05807506584305133,0.0038
0.060626936101309314,0.0039000000000000003
0.06337734863236566,0.004
0.06631158129333048,0.0041
0.06941136436793749,0.004200000000000001
0.07265499624720617,0.0043
0.07601708880728275,0.0044
0.0794698799281327,0.0045000000000000005
0.08298524536435437,0.0046
0.08653709649284513,0.0047
0.0901028731625736,0.0048000000000000004
0.09366397517224134,0.0049
0.09704471109809465,0.005
0.10025721812092714,0.0051
0.10346198427691855,0.005200000000000001
0.10643645989523853,0.0053
0.10828259338199042,0.0054
0.10948702681029288,0.0055000000000000005
0.11030269997978459,0.0056
0.11090404125599707,0.0057
0.11134754733587404,0.0058000000000000005
0.11167429322538092,0.0059
0.11172325168296893,0.006
0.11177820715666764,0.0061
0.11183419096803049,0.006200000000000001
0.11181411097393346,0.0063
0.11156861477808588,0.0064
0.11136623325923001,0.006500000000000001
0.11123392437823898,0.0066
0.1111832266169861,0.0067
0.11120049190404513,0.0068000000000000005
0.11109834874729052,0.006900000000000001
0.11108408371604972,0.007
0.11115392532748913,0.0071
0.11128992523838022,0.007200000000000001
0.11146754130162828,0.0073
0.11166175796315725,0.0074
0.1118485475068276,0.007500000000000001
0.1120077850711082,0.0076
0.11212411328550376,0.0077
0.11218635390445153,0.0078000000000000005
0.11218698921955794,0.0079
0.11212237239486678,0.008
0.11199278157526771,0.0081
0.11180135909829259,0.0082
0.11155137466672904,0.0083
0.11124298444819114,0.008400000000000001
0.11087097407895885,0.0085
0.11029834722303822,0.0086
0.10955888572309858,0.008700000000000001
0.10872025017043041,0.0088
0.107777286364236,0.0089
0.10671080818356316,0.009000000000000001
0.10530497408379391,0.0091
0.10379593816126353,0.0092
0.10220187884614873,0.009300000000000001
0.10053186156521554,0.0094
0.0987910691338425,0.0095
0.0967111101137681,0.009600000000000001
0.0943185716751832,0.0097
0.09167504809551086,0.0098
0.08885494510712044,0.0099
0.08585781680638649,0.01
0.08263235287584325,0.010100000000000001
0.07931529743222387,0.0102
0.07590604448715021,0.0103
0.07255800560644077,0.010400000000000001
0.06920050435705827,0.0105
0.06589522551976457,0.0106
0.06269694071710852,0.010700000000000001
0.059630028220525766,0.0108
0.056724039151379024,0.0109
0.05399109749121389,0.011000000000000001
0.051430596593346145,0.0111
0.049051112780280404,0.0112
0.04686136738263236,0.011300000000000001
0.04486880407639582,0.0114
0.043081109585598076,0.0115
0.04139172250605627,0.011600000000000001
0.03984769718217107,0.0117
0.03854214671560219,0.0118
0.037492739985502954,0.0119
0.03670642877163921,0.012
0.036186711525765025,0.012100000000000001
0.035933875622393696,0.0122
0.035944289571052224,0.0123
0.03621035560353669,0.012400000000000001
0.036720274478731385,0.0125
0.037458269049959636,0.0126
0.03840497026360734,0.012700000000000001
0.03947843173205823,0.0128
0.04061040556327722,0.0129
0.04184095691266809,0.013000000000000001
0.04318526165449432,0.0131
0.04461717383067865,0.0132
0.04611978803993466,0.013300000000000001
0.04767114897470015,0.0134
0.049252823432423876,0.0135
0.05084751147708144,0.013600000000000001
0.05243684082136557,0.0137
0.05400169783811393,0.013800000000000002
0.05552318098337783,0.013900000000000001
0.056983319106832075,0.014
0.05836537919862117,0.014100000000000001
0.05965417652185834,0.0142
0.06083616793811586,0.0143
0.06189948171669568,0.014400000000000001
0.06283393630007428,0.0145
0.06363088370266479,0.0146
0.06428320960031286,0.014700000000000001
0.06478526660824624,0.0148
0.06513300565131419,0.0149
0.06532394310848622,0.015000000000000001
0.06535726367363626,0.0151
0.06523382150467283,0.0152
0.06495638855400954,0.015300000000000001
0.06452987371121632,0.0154
0.06396163141173394,0.0155
0.06326147096373214,0.015600000000000001
0.0624415010858963,0.015700000000000002
0.06151568146734676,0.0158
0.06049943987604367,0.0159
0.05940933152991068,0.016
0.058262912864278205,0.0161
0.05707859361486656,0.0162
0.05587548991639846,0.016300000000000002
0.05467314506766785,0.0164
0.05349129094500582,0.0165
0.05234962926612985,0.0166
0.0512677336611469,0.0167
0.05026493903405904,0.016800000000000002
0.049360220005412625,0.016900000000000002
0.048571950309191925,0.017
0.04791760525208111,0.0171
0.047413384133544234,0.0172
0.04707384539202897,0.0173
0.04691155150021875,0.017400000000000002
0.04693680022128954,0.0175
0.04715742934164657,0.0176
0.04757873870108842,0.0177
0.048203493359797234,0.0178
0.04903201736690721,0.0179
0.05006232644736763,0.018000000000000002
0.051290294266967074,0.0181
0.052709807552058674,0.0182
0.05431291418010065,0.0183
0.056089944032690076,0.0184
0.058029625174427224,0.018500000000000003
0.060119193858148456,0.018600000000000002
0.062344523026562126,0.0187
0.06469026465261551,0.0188
0.06714001717649887,0.0189
0.06953675153554806,0.019
0.07196731250664845,0.019100000000000002
0.07446899023014375,0.019200000000000002
0.07702648900584919,0.0193
0.07961920222055907,0.0194
0.08222716656704099,0.0195
0.08481496429173596,0.0196
0.0869832300281631,0.019700000000000002
0.08893298718229792,0.0198
0.09065088396512522,0.0199
0.0921863775470736,0.02
0.09360403603387835,0.0201
0.09493885122354873,0.020200000000000003
0.09610960581974248,0.020300000000000002
0.09730126818314044,0.0204
0.09840679579672562,0.0205
0.09945818323772915,0.0206
0.10052194345863463,0.0207
0.10159174906744162,0.020800000000000003
0.1024652764357794,0.020900000000000002
0.10333125786249386,0.021
0.1041990950483388,0.0211
0.10505654267154607,0.0212
0.10588694149691935,0.0213
0.10667472396931565,0.021400000000000002
0.10740496034768332,0.021500000000000002
0.1080641955563989,0.0216
0.10863994397016963,0.0217
0.10912034920965741,0.0218
0.10949369511915863,0.0219
0.10974849505835382,0.022000000000000002
0.1098738644321815,0.0221
0.1098589671144895,0.0222
0.1096784967998723,0.0223
0.10936411252300426,0.0224
0.10891731030279816,0.022500000000000003
0.10834208250235433,0.022600000000000002
0.1076388226730225,0.0227
0.10679458843376566,0.0228
0.10583572638099126,0.0229
0.1047701693694284,0.023
0.10360338405401393,0.023100000000000002
0.10233939494090072,0.023200000000000002
0.10098200626512455,0.0233
0.09953556420381804,0.0234
0.09800545436980301,0.0235
0.09639807933116218,0.0236
0.09472052598177494,0.023700000000000002
0.0929801324553512,0.0238
0.09118413125682878,0.0239
0.08933947230569717,0.024
0.08745280480407502,0.0241
0.08553055155243172,0.024200000000000003
0.08354814331674387,0.024300000000000002
0.08128733384777076,0.0244
0.07899814274450001,0.0245
0.07660561195321847,0.0246
0.0741221324483986,0.0247
0.07154480939390073,0.024800000000000003
0.06891573231572945,0.024900000000000002
0.06623652871416563,0.025
0.06349390883965134,0.0251
0.06070077383893713,0.0252
0.05788537851602116,0.0253
0.055150373246939166,0.025400000000000002
0.05235900939183269,0.025500000000000002
0.04967233207762334,0.0256
0.04711669887902903,0.0257
0.044710277144577315,0.0258
0.04236853881437619,0.025900000000000003
0.04012613247204211,0.026000000000000002
0.038081112210155865,0.0261
0.036263189739850654,0.0262
0.034694295154800825,0.0263
0.03339554837778502,0.0264
0.03238676189591261,0.026500000000000003
0.03165687253865079,0.026600000000000002
0.030976347181325803,0.0267
0.030627929669180043,0.0268
0.03065028254794888,0.0269
0.031044882255246042,0.027
0.031798665460635034,0.027100000000000003
0.03289458518953037,0.027200000000000002
0.03430656811660371,0.0273
0.03600253669172737,0.0274
0.03794465574463701,0.0275
0.04002725277131658,0.027600000000000003
0.04215878762110403,0.027700000000000002
0.04436625239750658,0.027800000000000002
0.046654431145324526,0.0279
0.04898697954808995,0.028
0.051339825426791164,0.0281
0.05368585867432851,0.028200000000000003
0.05600369570776276,0.028300000000000002
0.0582750573105979,0.0284
0.06048198917924441,0.0285
0.0626067911456798,0.0286
0.06463251499310008,0.0287
0.06654331785992806,0.028800000000000003
0.06832446262679659,0.028900000000000002
0.06996252182257612,0.029
0.07144552618488287,0.0291
0.07276321164424326,0.0292
0.0739072948418723,0.029300000000000003
0.07487144011806146,0.029400000000000003
0.0756511780414938,0.029500000000000002
0.07624358080640281,0.0296
0.07664713875765483,0.0297
0.07686157632234325,0.0298
0.07688794342179184,0.029900000000000003
0.07672862807752112,0.030000000000000002
0.07638757671726026,0.030100000000000002
0.07587042257440513,0.0302
0.07518473312468132,0.0303
0.074340036544285,0.0304
0.07334778100246087,0.030500000000000003
0.07222102120896634,0.030600000000000002
0.07097413968378952,0.0307
0.06962254139445789,0.0308
0.06818253072943559,0.0309
0.06667116217760638,0.031
0.0651061199254308,0.031100000000000003
0.0635054820785318,0.031200000000000002
0.06188754328071222,0.0313
0.060270668107339276,0.031400000000000004
0.0586732927721163,0.0315
0.057113940188529444,0.0316
0.055611247811541364,0.0317
0.054183874640967744,0.0318
0.05285033058119448,0.031900000000000005
0.05167841062336542,0.032
0.05070833198940128,0.032100000000000004
0.04972059944035734,0.0322
0.04890072717092275,0.0323
0.048273161589599045,0.0324
0.047845989248372245,0.0325
0.047620173755321904,0.032600000000000004
0.04759788676763099,0.0327
0.04777798379540843,0.0328
0.04816107602004682,0.0329
0.048747247098563706,0.033
0.049535821862342067,0.033100000000000004
0.050524672509664637,0.0332
0.05170979157844413,0.0333
0.05308525443712142,0.0334
0.05464314217389443,0.0335
0.056356879382307046,0.033600000000000005
0.05816236045600953,0.0337
0.060124706954011176,0.033800000000000004
0.062234543924165164,0.0339
0.06447679212840118,0.034
0.06683473275808782,0.0341
0.06929132988683517,0.0342
0.07178759577878757,0.034300000000000004
0.07431912607898283,0.0344
0.07690833787712181,0.0345
0.0795400439976568,0.0346
0.08219681295546277,0.0347
0.08486089172255507,0.034800000000000005
0.0874900334633264,0.0349
0.09006014380021643,0.035
0.09259030874393281,0.0351
0.09504253178829092,0.0352
0.0973830973724975,0.035300000000000005
0.09962960483326244,0.0354
0.10176476297889503,0.035500000000000004
0.10377240839759283,0.0356
0.10563665902692065,0.0357
0.10730924808196685,0.0358
0.1088154056604006,0.0359
0.11014411445981909,0.036000000000000004
0.11127228470402695,0.0361
0.112166634254936,0.0362
0.11285668297684825,0.0363
0.11328260827852998,0.0364
0.11349174401976292,0.036500000000000005
0.11347607744692945,0.0366
0.11315065679103631,0.0367
0.11257065056052173,0.0368
0.11179626086654504,0.0369
0.11083416268739432,0.037000000000000005
0.10968992116443355,0.0371
0.10837074828381665,0.037200000000000004
0.1068856280537317,0.0373
0.10524495966817238,0.0374
0.1034603208538829,0.0375
0.10154424170430598,0.0376
0.09951006224424597,0.037700000000000004
0.09737166455913693,0.0378
0.09514294848233329,0.0379
0.09283718781394379,0.038
0.09046703931343414,0.0381
0.08804551329012655,0.038200000000000005
0.08558667120363972,0.0383
0.08310497056930966,0.038400000000000004
0.08061423122494327,0.0385
0.07812717923310553,0.0386
0.07565531382111279,0.038700000000000005
0.07320915509976178,0.0388
0.07079876899624349,0.038900000000000004
0.06843397943279184,0.039
0.06599562166117645,0.0391
0.06348824067511716,0.0392
0.060985519682551725,0.0393
0.058554754860888236,0.039400000000000004
0.05607965150723726,0.0395
0.053630165921343176,0.0396
0.05114566667843912,0.0397
0.04873362144957438,0.0398
0.046308314945155304,0.039900000000000005
0.04394942724736062,0.04
0.041630792863354804,0.040100000000000004
0.03930460609315678,0.0402
0.03713551628253131,0.0403
0.035122016110593846,0.040400000000000005
0.03316043449918182,0.0405
0.031452848722985705,0.040600000000000004
0.030042393400730116,0.0407
0.0289197495659419,0.0408
0.02785209108611042,0.0409
0.02712987503571984,0.041
0.026816979455198675,0.041100000000000005
0.026936462493496904,0.0412
0.02748854316286642,0.0413
0.028033471739522753,0.0414
0.029015032192462042,0.0415
0.030479654025914904,0.041600000000000005
0.03240005924741718,0.0417
0.034722817225876224,0.041800000000000004
0.037393269040828736,0.0419
0.04028847508744837,0.042
0.04329584581231871,0.042100000000000005
0.04641019497203214,0.0422
0.04961125602157801,0.042300000000000004
0.05284505497346048,0.0424
0.055923034585520615,0.0425
0.05897801714633388,0.0426
0.06205568400146,0.0427
0.06510976976838445,0.042800000000000005
0.06809847173932193,0.0429
0.07098449127909079,0.043000000000000003
0.07373919037216747,0.0431
0.07622610244234229,0.0432
0.07846947852851904,0.043300000000000005
0.0805166513968838,0.0434
0.08236166000967005,0.043500000000000004
0.08399536816370634,0.0436
0.08541008661439986,0.0437
0.08659961430829133,0.0438
0.08755926684983573,0.0439
0.08828592817048753,0.044000000000000004
0.08877820641894818,0.0441
0.08903627093246824,0.0442
0.08906166797835102,0.0443
0.08885689682194242,0.0444
0.08842537400008543,0.044500000000000005
0.0877715472581484,0.0446
0.08690134554342221,0.044700000000000004
0.08582241862132878,0.0448
0.08454427035780665,0.0449
0.08307805202593488,0.045000000000000005
0.08143637407212057,0.0451
0.07963305404056742,0.045200000000000004
0.07768300799757133,0.0453
0.0756020593276826,0.0454
0.07340678078199092,0.0455
0.0711142719554404,0.0456
0.06864974695990123,0.045700000000000005
0.06610132735140284,0.0458
0.06352081112476948,0.0459
0.06093019967424795,0.046
0.05835852413656517,0.0461
0.05584466831322321,0.046200000000000005
0.05340818026631866,0.0463
0.05105517704290352,0.046400000000000004
0.048793409066042015,0.0465
0.04651720477930321,0.0466
0.04439045765282956,0.046700000000000005
0.04240606189552687,0.0468
0.040591181461955506,0.046900000000000004
0.03900744573539816,0.047
0.037675726861148284,0.0471
0.03661302859114368,0.0472
0.03583521224720676,0.0473
0.03535574816082332,0.047400000000000005
0.03518634146748578,0.0475
0.03534038925035521,0.0476
0.03583408120720799,0.0477
0.03667334633937469,0.0478
0.0378092435527384,0.047900000000000005
0.03921750064562346,0.048
0.0409180422167974,0.048100000000000004
0.042905972692656835,0.0482
0.04517980816591294,0.0483
0.047725814686115475,0.048400000000000006
0.05052581548515267,0.0485
0.053559476070491385,0.048600000000000004
0.056803685084942046,0.0487
0.0601198485250547,0.0488
0.06356859208707843,0.0489
0.06717959942187735,0.049
0.07092345226714458,0.049100000000000005
0.07475736314555159,0.0492
0.07863080187639016,0.049300000000000004
0.08250976879849214,0.0494
0.08637401916359677,0.0495
0.09019658312242429,0.049600000000000005
0.09395139461300239,0.0497
0.09761486555990773,0.049800000000000004
0.10113552364433642,0.0499
0.10448162118750781,0.05
0.1076922208087483,0.050100000000000006
0.11074683260742746,0.0502
0.11362276898736223,0.050300000000000004
0.11629776174265394,0.0504
0.11875190055999885,0.0505
0.12096724763488609,0.0506
0.1229284769892065,0.0507
0.1246172873420236,0.050800000000000005
0.12601526836984067,0.0509
0.12711099051544184,0.051000000000000004
0.12789725190839918,0.0511
0.12835400308424072,0.0512
0.12844206373966227,0.051300000000000005
0.1279960547309822,0.0514
0.1260829420384677,0.051500000000000004
0.12388417203213897,0.0516
0.12145489234889162,0.0517
0.11878041594911493,0.051800000000000006
0.11584125611541463,0.0519
0.11271941171029187,0.052000000000000005
0.10943406063851191,0.0521
0.10600962452021157,0.0522
0.10247503678017322,0.0523
0.09886167515811217,0.0524
0.09519981959788126,0.052500000000000005
0.09151769327394166,0.0526
0.08784135084166178,0.052700000000000004
0.08419573990320317,0.0528
0.08060432892905123,0.0529
0.07708822514427183,0.053000000000000005
0.07366572465057553,0.0531
0.07035281260757142,0.053200000000000004
0.0670915418016842,0.0533
0.06387551222219912,0.0534
0.0607855809939547,0.053500000000000006
0.05783572597577691,0.0536
0.055032832693787004,0.053700000000000005
0.052381518429468255,0.0538
0.04988714150743556,0.0539
0.04755741348640541,0.054
0.045333707820987,0.0541
0.042795092142538405,0.054200000000000005
0.040303618092726756,0.0543
0.037826165302703885,0.054400000000000004
0.0353766879152102,0.0545
0.03303540744488931,0.0546
0.03076926957406778,0.054700000000000006
0.028749165590000958,0.0548
0.02679095804398446,0.054900000000000004
0.025155591541531575,0.055
0.02358896640706276,0.0551
0.022414799529731688,0.055200000000000006
0.02156881130171784,0.0553
0.02085262051282477,0.055400000000000005
0.020634569347645737,0.0555
0.02100427773110125,0.055600000000000004
0.02199072513209499,0.0557
0.02295842078474286,0.0558
0.024447555686701428,0.055900000000000005
0.026477504308416,0.056
0.028685827325884983,0.056100000000000004
0.031196522970722063,0.0562
0.03429650571127052,0.0563
0.037943042101386215,0.056400000000000006
0.042009237760033624,0.0565
0.04631602052673944,0.056600000000000004
0.05070067650060062,0.0567
0.05513863250841755,0.0568
0.059480954606322634,0.056900000000000006
0.06355812838525932,0.057
0.06768281059532166,0.057100000000000005
0.07178863791079437,0.0572
0.07581318242134749,0.057300000000000004
0.07966062003993879,0.0574
0.08326159008560519,0.0575
0.0866177335276449,0.057600000000000005
0.08972894107698348,0.0577
0.09257506125242909,0.057800000000000004
0.09514700328064496,0.0579
0.09743267274562095,0.058
0.09942595005110955,0.058100000000000006
0.10097566715689943,0.0582
0.10213034417773759,0.058300000000000005
0.10297981713163251,0.0584
0.10353046552173073,0.0585
0.10378494641788905,0.058600000000000006
0.10374731233443879,0.0587
0.10342310058091242,0.058800000000000005
0.10281838783481478,0.0589
0.10193927763151,0.059000000000000004
0.10079172066945896,0.0591
0.09938740531340617,0.0592
0.09774049541737373,0.059300000000000005
0.095859662294419,0.0594
0.09375267040550239,0.059500000000000004
0.09142739449286152,0.0596
0.0888788920296838,0.0597
0.08596357632412854,0.059800000000000006
0.0828754396311363,0.0599
0.079636063775678,0.060000000000000005
0.0761471378566485,0.0601
0.07192714647824383,0.060200000000000004
0.06761433633111424,0.0603
0.06328957930667933,0.0604
0.05903399216053784,0.060500000000000005
0.0548729715565468,0.0606
0.05082971033710226,0.060700000000000004
0.04693141594190675,0.0608
0.04321338165606026,0.0609
0.039689060318264247,0.061000000000000006
0.03637913566444828,0.0611
0.033346658045117605,0.061200000000000004
0.030631969287618688,0.0613
0.02827214212069129,0.0614
0.026300475148821167,0.061500000000000006
0.02463631148926071,0.0616
0.023343986792439875,0.061700000000000005
0.022483718716975964,0.0618
0.02207279741695678,0.061900000000000004
0.021937454541646195,0.062
0.022105177648711116,0.0621
0.02272087648852228,0.062200000000000005
0.023483643533847243,0.0623
0.024622430381338933,0.062400000000000004
0.026028846588693755,0.0625
0.02767315724924213,0.0626
0.029805498370094163,0.0627
0.03225535881167918,0.06280000000000001
0.03490460138021345,0.0629
0.038057251552609195,0.063
0.04168757559071379,0.0631
0.04573751364147882,0.0632
0.049823524107802886,0.06330000000000001
0.054099449535837785,0.0634
0.058713182291605825,0.0635
0.06361281901745797,0.0636
0.06871764200458352,0.0637
0.07369289801148593,0.06380000000000001
0.07868780093301564,0.0639
0.08375749564418977,0.064
0.08884780909440648,0.0641
0.09390451111215015,0.06420000000000001
0.09887589448851641,0.06430000000000001
0.10371694838912682,0.0644
0.10838879739071783,0.0645
0.11285524464156071,0.0646
0.11707740034721148,0.06470000000000001
0.12101693130653057,0.0648
0.12464643890087423,0.0649
0.12794461160496495,0.065
0.13089594499437207,0.0651
0.1334898865148626,0.06520000000000001
0.13571926811644708,0.0653
0.13757991026825755,0.0654
0.13906816138179645,0.0655
0.14018022269221497,0.0656
0.14091263692700062,0.06570000000000001
0.14126233561519264,0.0658
0.14122714450261065,0.0659
0.14052983869097735,0.066
0.1373032411294557,0.0661
0.133727099175311,0.06620000000000001
0.12992452428552315,0.0663
0.12593260826026142,0.0664
0.1217618438900625,0.0665
0.11743145506030328,0.0666
0.1129664820172338,0.06670000000000001
0.10840128071770139,0.0668
0.10377387626483425,0.0669
0.09912284661083937,0.067
0.09448405848473629,0.0671
0.08989016998113053,0.06720000000000001
0.08537042252253912,0.0673
0.08095208707419432,0.0674
0.07666101146884796,0.0675
0.07240918835213839,0.06760000000000001
0.06830203822178005,0.06770000000000001
0.06438025160501804,0.0678
0.06066374129485752,0.0679
0.05716398532933464,0.068
0.05388681313125021,0.06810000000000001
0.05083368017133405,0.0682
0.04797876969270831,0.0683
0.0449385997801075,0.0684
0.042081701795144255,0.0685
0.03945664194168952,0.06860000000000001
0.037087183021902614,0.0687
0.034537334322527924,0.0688
0.03173857687070947,0.0689
0.028956431490598122,0.069
0.02627660750132721,0.06910000000000001
0.023844090811262708,0.0692
0.02157068146806007,0.0693
0.019695943023823936,0.0694
0.018016545117869542,0.0695
0.016774178894890746,0.06960000000000001
0.01575252095378299,0.0697
0.015135307705660184,0.0698
0.01510070202599123,0.0699
0.015079328764988187,0.07
0.015715612065689166,0.07010000000000001
0.017189973827694605,0.0702
0.019249463130222466,0.0703
0.021476601762716596,0.0704
0.024420438141617984,0.07050000000000001
0.027707196759130248,0.07060000000000001
0.031196368766075233,0.0707
0.03539482576732156,0.0708
0.04020902986901165,0.0709
0.04543267017398822,0.07100000000000001
0.0508493146078548,0.0711
0.05638992015619637,0.0712
0.06191649940092503,0.0713
0.06706220559862885,0.0714
0.07225610953872175,0.07150000000000001
0.07742170506603163,0.0716
0.08244098308791215,0.0717
0.08720903898140742,0.0718
0.09171529243806553,0.0719
0.0959435956263961,0.07200000000000001
0.09986463610621787,0.0721
0.10345847533648844,0.0722
0.10670665808460589,0.0723
0.1095967293248391,0.0724
0.11212208069500618,0.07250000000000001
0.11427763402853996,0.0726
0.11603314930939501,0.0727
0.11715990562894707,0.0728
0.11790126735026751,0.0729
0.11827165663737182,0.07300000000000001
0.11827775953342956,0.0731
0.11792543373004938,0.0732
0.11722250183938965,0.0733
0.11617688341887744,0.0734
0.11479635381264308,0.07350000000000001
0.11308828322977005,0.0736
0.11105998180361576,0.0737
0.10871961966085819,0.0738
0.10608202966876334,0.07390000000000001
0.10316554380383047,0.07400000000000001
0.09864007086458249,0.0741
0.0933049088142065,0.0742
0.0879344638523738,0.0743
0.08259551246494867,0.07440000000000001
0.07730568099509416,0.0745
0.07207864584095258,0.0746
0.0669328820031162,0.0747
0.061893976165190434,0.0748
0.05699395785783112,0.07490000000000001
0.05226929555381088,0.075
0.047758760526508404,0.0751
0.0435019836768713,0.0752
0.03953918218158847,0.0753
0.03591138954483375,0.07540000000000001
0.03265886606592616,0.0755
0.029717453998056476,0.0756
0.02697297428547496,0.0757
0.024642001316926843,0.0758
0.022757129694536138,0.07590000000000001
0.020977904040883733,0.076
0.019609186222576458,0.0761
0.018415258302149518,0.0762
0.01748989896473918,0.0763
0.016619494448420813,0.07640000000000001
0.016204978802205616,0.0765
0.015939299805254326,0.0766
0.01617298527642097,0.0767
0.016686007267618264,0.07680000000000001
0.017617103514950605,0.07690000000000001
0.01891409531587729,0.077
0.02054728818796292,0.0771
0.022862501274134583,0.0772
0.025237612331847847,0.07730000000000001
0.028199112128254766,0.07740000000000001
0.031888549411979605,0.0775
0.0362313612895635,0.0776
0.040542535955369496,0.0777
0.04517095039388619,0.07780000000000001
0.050295171414677986,0.0779
0.05566404850012452,0.078
0.06109156817088646,0.0781
0.06673324763117927,0.0782
0.07256194281837547,0.07830000000000001
0.07851426826065133,0.0784
0.08450340373154452,0.0785
0.09045671313057035,0.0786
0.09630675795566068,0.0787
0.10199602256330209,0.07880000000000001
0.10747030138115121,0.0789
0.11267853910647019,0.079
0.11758286698676934,0.0791
0.12215267624464565,0.0792
0.12636474059514125,0.07930000000000001
0.13020257108334377,0.0794
0.1336550521994624,0.0795
0.1367157605658068,0.0796
0.1393803521385103,0.07970000000000001
0.14164513563576364,0.07980000000000001
0.1435070351499207,0.0799
0.14496289615250724,0.08
0.14600973963806407,0.0801
0.14664460384778355,0.08020000000000001
0.14686517209742833,0.08030000000000001
0.14666998724037839,0.0804
0.14576006504573646,0.0805
0.14183458420849615,0.0806
0.1375595651144006,0.08070000000000001
0.13305100339074827,0.08080000000000001
0.12836178564444822,0.0809
0.12350891595140634,0.081
0.1185170367052989,0.0811
0.11341451394183455,0.08120000000000001
0.10823818596073298,0.0813
0.10302762206392824,0.0814
0.09782287202978157,0.0815
0.09266223633999038,0.0816
0.08758286664810777,0.08170000000000001
0.0826204659019022,0.0818
0.07781021102857877,0.0819
0.07318626367456227,0.082
0.068780622765382,0.0821
0.06462052434330201,0.08220000000000001
0.06072702365795635,0.0823
0.05701949514901106,0.0824
0.053421055463987344,0.0825
0.050073215524883974,0.0826
0.04698889951352525,0.08270000000000001
0.04416754653261967,0.0828
0.04153114283612247,0.0829
0.038651847535484896,0.083
0.03600374704150355,0.08310000000000001
0.03366021336077418,0.08320000000000001
0.031260180573318364,0.0833
0.028497336602910872,0.0834
0.025789893997562707,0.0835
0.023230386841391226,0.08360000000000001
0.020940860605930922,0.08370000000000001
0.018915580975126245,0.0838
0.017295505424049784,0.0839
0.01602548153903638,0.084
0.015124361232671468,0.08410000000000001
0.014622304882780268,0.08420000000000001
0.014341588694458673,0.0843
0.01472156513893208,0.0844
0.01505606887369848,0.0845
0.01611307266959683,0.08460000000000001
0.018090164367096095,0.0847
0.020614213665597125,0.0848
0.023352008147091263,0.0849
0.026799076350722872,0.085
0.030429435329803356,0.08510000000000001
0.034610898024039605,0.0852
0.03948288186166682,0.0853
0.044935159584507334,0.0854
0.050726460821856056,0.0855
0.05665913756887209,0.08560000000000001
0.06266425717795565,0.0857
0.06856205888721201,0.0858
0.07412114431685857,0.0859
0.07968268045430615,0.08600000000000001
0.08512168266538622,0.08610000000000001
0.09032825691807267,0.0862
0.09527374819929058,0.0863
0.09993961941605889,0.0864
0.10428683314513143,0.08650000000000001
0.10829180695695395,0.08660000000000001
0.11192874449221635,0.0867
0.11518145075819108,0.0868
0.11803850587391151,0.0869
0.12049352293628623,0.08700000000000001
0.12254180998733111,0.08710000000000001
0.12405157137647482,0.0872
0.12497921062237116,0.0873
0.12549273772919844,0.0874
0.12560514926261157,0.08750000000000001
0.12532445402424353,0.0876
0.12465829966914799,0.0877
0.1236154554857658,0.0878
0.12220396574682857,0.0879
0.12043136983560587,0.08800000000000001
0.11830439798141223,0.0881
0.1158300679501324,0.0882
0.11270252038501616,0.0883
0.10720265552614827,0.0884
0.10154105005813907,0.08850000000000001
0.09584475778971291,0.0886
0.09015663330001455,0.0887
0.08448710732660136,0.0888
0.07885761947069825,0.0889
0.07329598203947107,0.08900000000000001
0.06783928632753444,0.0891
0.06252649894004603,0.0892
0.05734230253823003,0.0893
0.05228716104166797,0.08940000000000001
0.0474703752552279,0.08950000000000001
0.04293799531846165,0.0896
0.03873179636595259,0.0897
0.034891845476736405,0.0898
0.03145421759456557,0.08990000000000001
0.028446161206063802,0.09000000000000001
0.025887996168759253,0.0901
0.023792951532352724,0.0902
0.02197621290474383,0.0903
0.020120864366307778,0.09040000000000001
0.018194068738759617,0.09050000000000001
0.01648186914259342,0.0906
0.014915211752184465,0.0907
0.013430376664902655,0.0908
0.01242635957559246,0.09090000000000001
0.0116149834119601,0.091
0.011423396953209819,0.0911
0.011601104687074537,0.0912
0.012254248577394433,0.0913
0.013189508218509394,0.09140000000000001
0.014593924182986218,0.0915
0.016530609092319848,0.0916
0.01869742150967979,0.0917
0.021705272322552593,0.0918
0.02561447858041621,0.09190000000000001
0.029688557812658223,0.092
0.03410350996818723,0.0921
0.03916444945699582,0.0922
0.04432365742090072,0.09230000000000001
0.04994561002553932,0.09240000000000001
0.056000379812913614,0.0925
0.06231327535609743,0.0926
0.06880529521533796,0.0927
0.07539704896788457,0.09280000000000001
0.08199013594743942,0.09290000000000001
0.0885041134412019,0.093
0.09486892176595352,0.0931
0.10102197712601957,0.0932
0.10691124589950829,0.09330000000000001
0.11249868913565153,0.09340000000000001
0.1177543913753093,0.0935
0.122653590245563,0.0936
0.12717792186025423,0.0937
0.1313126239282696,0.09380000000000001
0.13504787235400317,0.09390000000000001
0.13837558783514248,0.094
0.14128937481562465,0.0941
0.14378391268867685,0.0942
0.14585491753939495,0.09430000000000001
0.14749871705757645,0.0944
0.1487124315571141,0.0945
0.14949408812306741,0.0946
0.14984305545299614,0.0947
0.14976012564887742,0.09480000000000001
0.14923032623189603,0.0949
0.14516757150035264,0.095
0.14073330320505095,0.0951
0.13606740966084385,0.0952
0.1312221737350614,0.09530000000000001
0.12621335796929345,0.0954
0.12106594636664747,0.0955
0.11580799690390098,0.0956
0.11047801036756655,0.09570000000000001
0.10511053147025884,0.09580000000000001
0.09968366607420465,0.0959
0.09429692534334533,0.096
0.08899615399131378,0.0961
0.08382339122371885,0.09620000000000001
0.0788181644214595,0.09630000000000001
0.07401738565058003,0.0964
0.0694539108087916,0.0965
0.06515421133462584,0.0966
0.06113709490234975,0.09670000000000001
0.05741435113350879,0.09680000000000001
0.05399193174532235,0.0969
0.0506256231490021,0.097
0.04739972538201842,0.0971
0.04443273403912995,0.09720000000000001
0.041738185306101405,0.09730000000000001
0.03909199147461373,0.0974
0.03630059975724165,0.0975
0.03378825760129445,0.0976
0.031634134090272825,0.09770000000000001
0.028827453533707414,0.0978
0.0261839576594165,0.0979
0.023686248711866087,0.098
0.021315455378647874,0.0981
0.019384255153900742,0.09820000000000001
0.01764699844474471,0.0983
0.01645280719541864,0.0984
0.015438256181693477,0.0985
0.014985844281599325,0.09860000000000001
0.014696617591715144,0.09870000000000001
0.01490385732592947,0.0988
0.015503302177222622,0.0989
0.016407673891973396,0.099
0.018141818648972352,0.09910000000000001
0.020808999883425106,0.09920000000000001
0.02356646153823383,0.0993
0.026937489398126013,0.0994
0.030941428149726447,0.0995
0.03495355436729897,0.09960000000000001
0.03967224638139322,0.09970000000000001
0.045024401186540386,0.0998
0.05080520388405119,0.0999
0.056789370850462095,0.1
0.06290473858350498,0.10010000000000001
0.069068096958252,0.10020000000000001
0.074910901779223,0.1003
0.08061700653514503,0.1004
0.08622363880942552,0.1005
0.09162312067385558,0.10060000000000001
0.0967789904512315,0.10070000000000001
0.10166394588323036,0.1008
0.10623329562366957,0.1009
0.11045852821554825,0.101
0.11431038615787437,0.10110000000000001
0.11776950772148576,0.1012
0.12082208858712473,0.1013
0.12345986921165153,0.1014
0.12567720495673185,0.1015
0.12742760275379483,0.10160000000000001
0.1284902521079968,0.1017
0.12911868898044598,0.1018
0.12932868635026895,0.1019
0.1291281674675684,0.10200000000000001
0.12852363465032746,0.10210000000000001
0.12752288994056826,0.1022
0.12613344928474868,0.1023
0.12436250288709227,0.1024
0.12221689389436419,0.10250000000000001
0.11970348412939869,0.10260000000000001
0.11445398254864214,0.1027
0.10877115530693748,0.1028
0.10298724213246369,0.1029
0.09715910145594431,0.10300000000000001
0.09131426326509318,0.10310000000000001
0.08547354800095297,0.1032
0.0796626690290777,0.1033
0.07391843779504526,0.1034
0.06828325357793441,0.10350000000000001
0.06280089816306389,0.10360000000000001
0.057513261545503847,0.1037
0.05246071926913287,0.1038
0.04768219512327332,0.1039
0.04321654224229721,0.10400000000000001
0.038899827655907826,0.1041
0.03492335308227679,0.1042
0.03133987901288937,0.1043
0.028175606437223166,0.1044
0.02544934290871148,0.10450000000000001
0.023179095488288892,0.1046
0.021371397383668223,0.1047
0.019703667720971874,0.1048
0.017594286086725308,0.10490000000000001
0.015527173081670176,0.10500000000000001
0.013486087600504293,0.1051
0.011619065948054175,0.1052
0.010155619499385926,0.1053
0.009048851788259427,0.10540000000000001
0.008633461894441252,0.10550000000000001
0.00842938277141303,0.1056
0.00892554090666775,0.1057
0.00949138167794028,0.1058
0.01084466409462359,0.10590000000000001
0.01238859152264804,0.10600000000000001
0.014564867126178438,0.1061
0.017798246510224436,0.1062
0.0215460397226912,0.1063
0.02561114018266486,0.10640000000000001
0.030382873059504156,0.10650000000000001
0.03522527861019298,0.1066
0.040703565816403664,0.1067
0.046809535793333135,0.1068
0.053351184283005226,0.10690000000000001
0.06011029445611982,0.10700000000000001
0.0670159849937435,0.1071
0.07398648309960454,0.1072
0.0809233567040396,0.1073
0.08774413870739584,0.10740000000000001
0.09437955123864916,0.1075
0.10076874839061467,0.1076
0.10686442025264453,0.1077
0.11263081980788892,0.1078
0.11805719770276024,0.10790000000000001
0.123111062404059,0.108
0.12778133515926793,0.1081
0.13205522215553112,0.1082
0.1359239693039883,0.10830000000000001
0.13937924199416696,0.10840000000000001
0.14241376138917883,0.1085
0.1450206093893155,0.1086
0.14719386492363662,0.1087
0.14892837311757212,0.10880000000000001
0.15022055044419136,0.10890000000000001
0.15106849442174464,0.109
0.15147249705659238,0.1091
0.15143465287306257,0.1092
0.15060048871332887,0.10930000000000001
0.14647420373490938,0.10940000000000001
0.1419816015259322,0.1095
0.13725602381975333,0.1096
0.13234656139850198,0.1097
0.12726962231387406,0.10980000000000001
0.12205035172572165,0.10990000000000001
0.11671804494744997,0.11
0.11131222303708022,0.1101
0.10587600539543407,0.1102
0.10045376732372613,0.11030000000000001
0.09508357477882645,0.11040000000000001
0.08971276765268243,0.1105
0.08447020817500506,0.1106
0.07940237333684663,0.1107
0.07454824794784043,0.11080000000000001
0.06993994181938157,0.1109
0.06560287593740455,0.111
0.06155401458708454,0.1111
0.057802670504626175,0.11120000000000001
0.05435270627925015,0.11130000000000001
0.05118345581664796,0.1114
0.047907750576348995,0.1115
0.04486905010218134,0.1116
0.04210261395261772,0.11170000000000001
0.03955713770018354,0.11180000000000001
0.03670278973362895,0.1119
0.03411913617957585,0.112
0.03190344389912214,0.1121
0.02924134085274077,0.11220000000000001
0.02666669383390996,0.11230000000000001
0.02414415025679717,0.1124
0.021864357266624612,0.1125
0.019938972044303505,0.1126
0.018274465962020203,0.11270000000000001
0.0170458026095055,0.11280000000000001
0.01612167348835003,0.1129
0.015618939596923287,0.113
0.01541548341634802,0.1131
0.01556482038912721,0.11320000000000001
0.016267956767522795,0.11330000000000001
0.017097135939848407,0.1134
0.01871459584716373,0.1135
0.02126070607366115,0.1136
0.024162580658891875,0.11370000000000001
0.027455510424579055,0.11380000000000001
0.03143916690231241,0.1139
0.03549856925338335,0.114
0.04015108858413563,0.11410000000000001
0.04544184363888104,0.11420000000000001
0.05118851724136486,0.1143
0.057170765402975166,0.1144
0.06331141714342658,0.1145
0.06952433961826798,0.11460000000000001
0.07557526740860965,0.11470000000000001
0.08133307169075021,0.1148
0.08700091538783017,0.1149
0.09247628727121071,0.115
0.09772029405031268,0.11510000000000001
0.10270003445265019,0.11520000000000001
0.1073675925087395,0.1153
0.11169134700279082,0.1154
0.1156399617975572,0.1155
0.11919217667970783,0.11560000000000001
0.12233275655689146,0.11570000000000001
0.125052305489179,0.1158
0.12734462385854206,0.1159
0.12918595452649306,0.116
0.13030613699989957,0.11610000000000001
0.13098339316107988,0.11620000000000001
0.13123422594753775,0.1163
0.1310664464668262,0.1164
0.13048586280542718,0.1165
0.1294995712279151,0.11660000000000001
0.12811435498951063,0.11670000000000001
0.12633680021688865,0.1168
0.1241732666236276,0.1169
0.12050051114634897,0.117
0.11491167565337213,0.11710000000000001
0.10915003244845611,0.11720000000000001
0.10332544726739556,0.1173
0.09747396199538672,0.1174
0.09161088475238,0.11750000000000001
0.08572311334252691,0.11760000000000001
0.07981691089064546,0.1177
0.0739821037129399,0.1178
0.06826766180263233,0.1179
0.0627181179093178,0.11800000000000001
0.0573741937739376,0.11810000000000001
0.05227534736163575,0.1182
0.04746082048046585,0.1183
0.0429697553069337,0.1184
0.03883847679267327,0.11850000000000001
0.035010899837390586,0.11860000000000001
0.03136516163225078,0.1187
0.028100751752436093,0.1188
0.02526372005964861,0.1189
0.022877380263768066,0.11900000000000001
0.020951022260342844,0.11910000000000001
0.019400013735443977,0.1192
0.01715234755545869,0.1193
0.014861242944829156,0.1194
0.012558336357993749,0.11950000000000001
0.010500261966076119,0.11960000000000001
0.008748214694095369,0.1197
0.007487903253948103,0.1198
0.006859129879359438,0.1199
0.006575747880762428,0.12000000000000001
0.00701056724529403,0.12010000000000001
0.007488980059318973,0.1202
0.008744420941189324,0.1203
0.010014586119980962,0.12040000000000001
0.012344951642145885,0.12050000000000001
0.0159036318717376,0.1206
0.01936629587850547,0.1207
0.023631707331831064,0.1208
0.028262160382903412,0.12090000000000001
0.033314146072098705,0.12100000000000001
0.039133900591415305,0.1211
0.045576498241078456,0.1212
0.052408619423687686,0.1213
0.059411517593151775,0.12140000000000001
0.06652267863619532,0.12150000000000001
0.07366874678554469,0.1216
0.08075396049020367,0.1217
0.08769831355011304,0.1218
0.09433650229267931,0.12190000000000001
0.10069969648840016,0.12200000000000001
0.10681729425749353,0.1221
0.11265461421527923,0.1222
0.1181833783420192,0.1223
0.12337859899730674,0.12240000000000001
0.12817460320159446,0.12250000000000001
0.1324970633019148,0.1226
0.1364132512844508,0.1227
0.1399151558220133,0.1228
0.14299351280938444,0.12290000000000001
0.14563945044804893,0.12300000000000001
0.14784611340025067,0.1231
0.1496076526597495,0.1232
0.15092034954753808,0.1233
0.1517825687072455,0.12340000000000001
0.1521954472188135,0.12350000000000001
0.15216222049459283,0.1236
0.1509752166028122,0.1237
0.14681379454046994,0.12380000000000001
0.142297676681852,0.12390000000000001
0.1375505896594822,0.124
0.13261683689954396,0.1241
0.12751303027638516,0.1242
0.12226444951418025,0.12430000000000001
0.11690195342569587,0.12440000000000001
0.11146641407658775,0.1245
0.10600238619886526,0.1246
0.10055560267837116,0.1247
0.09517106415627641,0.12480000000000001
0.08986458467504654,0.12490000000000001
0.08461381213267738,0.125
0.07953941369149065,0.12510000000000002
0.07468430420094663,0.1252
0.07008107380436934,0.1253
0.065752263618716,0.1254
0.0617129738754445,0.1255
0.05797192641780202,0.12560000000000002
0.054532194878336604,0.1257
0.05139177631904168,0.1258
0.048184507796128484,0.1259
0.04513954859932934,0.126
0.042361669306726135,0.12610000000000002
0.03985312375985606,0.1262
0.03699032335577712,0.1263
0.03440111944370683,0.1264
0.03218792572543672,0.1265
0.029576914702476254,0.12660000000000002
0.02703217367644495,0.1267
0.024564618891927514,0.1268
0.02235890129551854,0.1269
0.020457833554334615,0.127
0.01886969723110088,0.12710000000000002
0.017657589407550356,0.1272
0.016803163862336268,0.1273
0.016307051293549035,0.1274
0.01616842207972491,0.1275
0.01631687939112969,0.12760000000000002
0.017091101923752072,0.1277
0.017909430684017513,0.1278
0.019488089232067463,0.1279
0.021979634435290718,0.128
0.02496230907096586,0.12810000000000002
0.028211644995949525,0.1282
0.032132304983535365,0.1283
0.0362613253652353,0.12840000000000001
0.04086168893597497,0.1285
0.04608980072944946,0.12860000000000002
0.05178250048304278,0.1287
0.05772619889815389,0.1288
0.0638416811278898,0.12890000000000001
0.07004272935112554,0.129
0.07620259820962316,0.1291
0.08194798580729168,0.1292
0.08760748278909858,0.1293
0.09308383374248441,0.12940000000000002
0.09833752694007891,0.1295
0.10333235516245498,0.1296
0.10801854662114474,0.1297
0.11236267787833676,0.1298
0.11633230613685219,0.12990000000000002
0.1199051648231918,0.13
0.12306523423341098,0.1301
0.1258024230866841,0.1302
0.1281101285088665,0.1303
0.12995771006050583,0.13040000000000002
0.131086755528673,0.1305
0.13176999986530136,0.1306
0.13202364942353706,0.1307
0.1318552116407562,0.1308
0.13127013520354514,0.13090000000000002
0.1302750371638034,0.131
0.12887625399115887,0.1311
0.12707999735522957,0.1312
0.12489236210672305,0.1313
0.12040315328151308,0.13140000000000002
0.11474676760217473,0.1315
0.10894846265933444,0.1316
0.10309318144634161,0.1317
0.09720577085328008,0.1318
0.09130449730538215,0.13190000000000002
0.08541531336040731,0.132
0.07953060941871448,0.1321
0.07366008031222915,0.1322
0.06791147840647327,0.1323
0.06233477006770427,0.13240000000000002
0.05697336399048636,0.1325
0.05186682814506205,0.1326
0.04705397091726482,0.1327
0.042572043258619185,0.1328
0.038454775259516794,0.13290000000000002
0.03472997465614447,0.133
0.031168288368364827,0.1331
0.027884140019554415,0.1332
0.025008190290748633,0.1333
0.022578318748064152,0.13340000000000002
0.020609362737397108,0.1335
0.01906011981985345,0.1336
0.016721733781822623,0.1337
0.01430148116417218,0.1338
0.011851187322096557,0.13390000000000002
0.009715561911860737,0.134
0.00778534021668098,0.1341
0.006483957528929052,0.1342
0.005806866823807599,0.1343
0.005745505995153888,0.13440000000000002
0.005805664949436462,0.1345
0.006390529177800586,0.1346
0.0073960727094595224,0.13470000000000001
0.008765338910848852,0.1348
0.011336851639309975,0.13490000000000002
0.014718460888586193,0.135
0.01835978194286425,0.1351
0.022885370970060714,0.13520000000000001
0.027343505549311642,0.1353
0.03260853314429979,0.13540000000000002
0.03868709274128035,0.1355
0.04535835562442436,0.1356
0.052369401568906904,0.13570000000000002
0.059508104846586196,0.1358
0.06671982787855535,0.1359
0.07394180302672337,0.136
0.08108083925367382,0.1361
0.08794469703748109,0.13620000000000002
0.09459141639174817,0.1363
0.10100998975306885,0.1364
0.10716922369196435,0.1365
0.11303470998074627,0.1366
0.11858259883332989,0.13670000000000002
0.1237905138695522,0.1368
0.12859413283691967,0.1369
0.13291168167698741,0.137
0.13682101627966836,0.1371
0.14031436343588832,0.13720000000000002
0.14338263566900666,0.1373
0.14601705855542046,0.1374
0.14821056133066035,0.1375
0.1499568570157631,0.1376
0.1512518711175027,0.13770000000000002
0.15209401536407652,0.1378
0.15248485524538524,0.1379
0.15242822473502227,0.138
0.1507884167318334,0.1381
0.14659731391380937,0.13820000000000002
0.14206765307608904,0.1383
0.13731138239057583,0.1384
0.13236760755886678,0.1385
0.12725388770948842,0.1386
0.12199595810805441,0.13870000000000002
0.11662648279018162,0.1388
0.11118746462155638,0.1389
0.10572432407756382,0.139
0.10028321332558854,0.1391
0.09490942682225056,0.13920000000000002
0.08964727566659936,0.1393
0.08441684032092689,0.1394
0.07936474851829345,0.1395
0.07453527168187213,0.1396
0.0699604205418447,0.13970000000000002
0.0656614155411891,0.1398
0.061652355681382165,0.1399
0.057941234639395045,0.14
0.05453093342230719,0.1401
0.05141958084461762,0.14020000000000002
0.048238521350522756,0.1403
0.045215172808719784,0.1404
0.04246011412567596,0.1405
0.03995280842620308,0.1406
0.03711535360196572,0.14070000000000002
0.0345588275064741,0.1408
0.03238370305237015,0.1409
0.029768379361626796,0.14100000000000001
0.027268206089505753,0.1411
0.024853006712708403,0.14120000000000002
0.022709864683192915,0.1413
0.020861350563222025,0.1414
0.019339266713995107,0.14150000000000001
0.018174837958655488,0.1416
0.0173802533763463,0.14170000000000002
0.016925866138322032,0.1418
0.0168407401172872,0.1419
0.017024977934806396,0.14200000000000002
0.01783603893589114,0.1421
0.01866066448048942,0.1422
0.02025404939149511,0.1423
0.022752313570182148,0.1424
0.025748341768889738,0.14250000000000002
0.029008948646283006,0.1426
0.03292332542944254,0.1427
0.03710157123237434,0.1428
0.04168055858246711,0.1429
0.04687453518675433,0.14300000000000002
0.05252983601425565,0.1431
0.05843730338289088,0.1432
0.06451854436669868,0.1433
0.07068847726332483,0.1434
0.07684452993166979,0.14350000000000002
0.08260114568609545,0.1436
0.08822644933182855,0.1437
0.09366921824308982,0.1438
0.09889240219203543,0.1439
0.10385955869812236,0.14400000000000002
0.10851983635936435,0.1441
0.11283919459510727,0.1442
0.11678462477147655,0.1443
0.12033352299127986,0.1444
0.12346957651414858,0.14450000000000002
0.12618247959191176,0.1446
0.12846550430615933,0.1447
0.13026328907111762,0.1448
0.13136583733411777,0.1449
0.13202313662700516,0.14500000000000002
0.132250613828224,0.1451
0.13205539527774746,0.1452
0.13144273333908296,0.1453
0.130418848373136,0.1454
0.12898973618115106,0.14550000000000002
0.12716131044847412,0.1456
0.12493945896656944,0.1457
0.1199015955176238,0.1458
0.1142004864218451,0.1459
0.10838071572887664,0.14600000000000002
0.10251037153236842,0.1461
0.0966067135407147,0.1462
0.09068990374391273,0.1463
0.08478694027756528,0.1464
0.07892581201747617,0.14650000000000002
0.07304848026001565,0.1466
0.06729666454012928,0.1467
0.061722134940671025,0.1468
0.056369014980029775,0.1469
0.05127665019307526,0.14700000000000002
0.04648417487261325,0.1471
0.042028568130300537,0.1472
0.037941969205905535,0.14730000000000001
0.03425018545127356,0.1474
0.030761550158835416,0.14750000000000002
0.027498999624345544,0.1476
0.024635819305907525,0.1477
0.022218114814879453,0.14780000000000001
0.020263428415020268,0.1479
0.01867940563456827,0.14800000000000002
0.016283370993928292,0.1481
0.013774836327178797,0.1482
0.011226717444317913,0.14830000000000002
0.009018906768284207,0.1484
0.0070919912902978055,0.14850000000000002
0.005869400721133955,0.1486
0.0056275685658313535,0.1487
0.0057110448235904165,0.14880000000000002
0.005819771080316505,0.1489
0.005977619632955955,0.149
0.00648488249925494,0.1491
0.008070901395691443,0.1492
0.010997645975569403,0.14930000000000002
0.014291245471839131,0.1494
0.018115459858957683,0.1495
0.022631256747344564,0.1496
0.027257419722397813,0.1497
0.03270987929694935,0.14980000000000002
0.0389587743461417,0.1499
0.045701543572390424,0.15
0.05271011414446547,0.1501
0.05988531846001233,0.1502
0.06714940919702983,0.15030000000000002
0.07434228181716607,0.1504
0.08135274822417538,0.1505
0.08826327439017767,0.1506
0.09496146621367318,0.1507
0.10141027999679308,0.15080000000000002
0.10758841898812566,0.1509
0.11346327395844724,0.151
0.11901655073591488,0.1511
0.12422438398297775,0.1512
0.1290267707093733,0.15130000000000002
0.1333235587791528,0.1514
0.13720512267882257,0.1515
0.14066493759711352,0.1516
0.14369653573274754,0.1517
0.14629358326906883,0.15180000000000002
0.1484505489468193,0.1519
0.15016116137758284,0.152
0.15142086868614968,0.1521
0.15222773371292542,0.1522
0.1525836630555234,0.15230000000000002
0.15249289889955397,0.1524
0.1504523764331661,0.1525
0.14622683510409273,0.1526
0.14167557700219868,0.1527
0.1369015085166544,0.15280000000000002
0.13194061535580603,0.1529
0.12681246386442357,0.153
0.12154387509222908,0.1531
0.11616912685607184,0.1532
0.11073069287707105,0.15330000000000002
0.10527396391027033,0.1534
0.0998447499406494,0.1535
0.09448819708786638,0.15360000000000001
0.08924843818997497,0.1537
0.0840441737483808,0.15380000000000002
0.0790230531029642,0.1539
0.07422779502488475,0.154
0.06968887444335103,0.15410000000000001
0.06542611586322811,0.1542
0.06145275565877084,0.15430000000000002
0.05777669082563541,0.1544
0.05440137013811763,0.1545
0.05132575235437087,0.15460000000000002
0.04814966437407331,0.1547
0.045160403811951744,0.15480000000000002
0.0424447952602347,0.1549
0.03993444165224047,0.155
0.03713890402861386,0.15510000000000002
0.03463169180984327,0.1552
0.03250870325924882,0.1553
0.029870866961938747,0.1554
0.027421374388733266,0.1555
0.025048627943766055,0.15560000000000002
0.0229558961243137,0.1557
0.021167220055434477,0.1558
0.01969954811021868,0.1559
0.018592908165433464,0.156
0.01784752400526779,0.15610000000000002
0.01744213915934978,0.1562
0.017356507973563362,0.1563
0.01759062339905748,0.1564
0.018429869517436748,0.1565
0.01931463345785689,0.15660000000000002
0.02096093524003262,0.1567
0.023497802941995216,0.1568
0.02652570948181565,0.1569
0.029808421413895614,0.157
0.033730597192456635,0.15710000000000002
0.03793378689311688,0.1572
0.0425074496984561,0.1573
0.04768403269616606,0.1574
0.05331346266231174,0.1575
0.05918943325121284,0.15760000000000002
0.06523576551046928,0.1577
0.07136897692856925,0.1578
0.07748706623099466,0.1579
0.08325099790865653,0.158
0.08883166628477679,0.15810000000000002
0.09422659519859466,0.1582
0.09940192469658582,0.1583
0.10432201945971109,0.1584
0.10893551281851477,0.1585
0.113208332155463,0.15860000000000002
0.11710740603675507,0.1587
0.12061035003451437,0.1588
0.12370105984707302,0.1589
0.1263693744042439,0.159
0.12860854587636472,0.15910000000000002
0.13033369223544522,0.1592
0.13139317487831415,0.1593
0.13200887201711375,0.15940000000000001
0.13219518521024543,0.1595
0.13195888887725116,0.15960000000000002
0.1313052519218797,0.1597
0.13024032730105328,0.1598
0.12877002199190868,0.15990000000000001
0.12690019360671445,0.16
0.12463677242658133,0.16010000000000002
0.11922779944209416,0.1602
0.11349547899598855,0.1603
0.10766234010690456,0.16040000000000001
0.10178479850970501,0.1605
0.09587479797427634,0.16060000000000002
0.08995361170070915,0.1607
0.08404878477326894,0.1608
0.07818742828460379,0.16090000000000002
0.0723134641717097,0.161
0.06656954881984156,0.16110000000000002
0.06100744914898826,0.1612
0.05567167430882969,0.1613
0.05060219345856076,0.16140000000000002
0.04583841212858353,0.1615
0.04141666589547288,0.16160000000000002
0.03736807949172194,0.1617
0.03371731114878096,0.1618
0.030233508318312285,0.16190000000000002
0.027004843777912235,0.162
0.02418238782203308,0.1621
0.02180927269979316,0.1622
0.019900677775934517,0.1623
0.018249976658992084,0.16240000000000002
0.015832090577453606,0.1625
0.01325181679459142,0.1626
0.010695573114251955,0.1627
0.008458315784118042,0.1628
0.006581000235710288,0.16290000000000002
0.005723592330622473,0.163
0.005659044531739044,0.1631
0.0057126092002828255,0.1632
0.0057729119190566,0.1633
0.00589454173466919,0.16340000000000002
0.006481618602107719,0.1635
0.008151632102371575,0.1636
0.011150493912696513,0.1637
0.014187117711553121,0.1638
0.018141418445404955,0.16390000000000002
0.022772743615211644,0.164
0.027507450679139955,0.1641
0.03305719223389669,0.1642
0.03938606804427014,0.1643
0.04619039649306833,0.16440000000000002
0.053242762927054876,0.1645
0.0604465596673146,0.1646
0.06772594144763744,0.1647
0.07485595890012786,0.1648
0.0818752852450112,0.16490000000000002
0.08878523339550493,0.165
0.09547139628105017,0.1651
0.10190039665826633,0.1652
0.10805538263777259,0.1653
0.11390577062946894,0.16540000000000002
0.11943378355791945,0.1655
0.12461447602103437,0.1656
0.12937716411699973,0.16570000000000001
0.1336361238348217,0.1658
0.13747628680385227,0.16590000000000002
0.140891799520381,0.166
0.14387731386579328,0.1661
0.14642744149629183,0.16620000000000001
0.1485373367235936,0.1663
0.15020141582373403,0.16640000000000002
0.15141603205560372,0.1665
0.1521801501983201,0.1666
0.15249624892018154,0.16670000000000001
0.15236853118392935,0.1668
0.1499727342583126,0.16690000000000002
0.14572053508450522,0.167
0.14115626353300814,0.1671
0.13637347496318353,0.16720000000000002
0.13140435863964595,0.1673
0.12626959914192726,0.16740000000000002
0.12099664870142823,0.1675
0.11562120959865374,0.1676
0.11018647666258596,0.16770000000000002
0.1047383391832708,0.1678
0.09932288993418392,0.16790000000000002
0.09398562599414984,0.168
0.08875305325609606,0.1681
0.08357818345909007,0.16820000000000002
0.07859262883794693,0.1683
0.07383687018305618,0.16840000000000002
0.06933948152595182,0.1685
0.06511897922454357,0.1686
0.0611876679118839,0.16870000000000002
0.057553161143914844,0.1688
0.054219053796698,0.1689
0.05118465763790847,0.169
0.048002264306745035,0.1691
0.04505222035798617,0.16920000000000002
0.04238214220504788,0.1693
0.03986423441587639,0.1694
0.03711742827806597,0.1695
0.03466788943629773,0.1696
0.03260574577683095,0.16970000000000002
0.029931704925193925,0.1698
0.027525589806276285,0.1699
0.025195760674467937,0.17
0.023146771240840414,0.1701
0.021422049625751782,0.17020000000000002
0.020000871952016386,0.1703
0.018955149780633507,0.1704
0.018250300756975868,0.1705
0.017902666058926098,0.1706
0.017847684578253586,0.17070000000000002
0.01813672587113979,0.1708
0.01900532459407045,0.1709
0.019944372130621835,0.171
0.02164198782860871,0.1711
0.024217382448312508,0.17120000000000002
0.027265359746845297,0.1713
0.03057223051977287,0.1714
0.03450524618677586,0.1715
0.03872271210414602,0.1716
0.043291144203798426,0.17170000000000002
0.04845060260249534,0.1718
0.054052886542185874,0.1719
0.059893969461326635,0.17200000000000001
0.06590025555413037,0.1721
0.07198998545770419,0.17220000000000002
0.07806202581046784,0.1723
0.08381379253486454,0.1724
0.08934207383147719,0.17250000000000001
0.09468120881852093,0.1726
0.09980012105463976,0.17270000000000002
0.10466419261871829,0.1728
0.10922194925076467,0.1729
0.11343951410110142,0.17300000000000001
0.11728388246339161,0.1731
0.12073289637810547,0.17320000000000002
0.12377063108615916,0.1733
0.12638707256039028,0.1734
0.12857552434017672,0.17350000000000002
0.13022072852830557,0.1736
0.13123152844981878,0.17370000000000002
0.13180093218346145,0.1738
0.13194237277946497,0.1739
0.1316623079625241,0.17400000000000002
0.1309660685054862,0.1741
0.12985958379011553,0.17420000000000002
0.128348718078238,0.1743
0.12643930069179188,0.1744
0.12399323155096809,0.17450000000000002
0.11849992926134245,0.1746
0.11275431798449798,0.17470000000000002
0.10691557223517101,0.1748
0.10103574909728374,0.1749
0.09512614862633106,0.17500000000000002
0.08920836376984453,0.1751
0.08331050299650378,0.1752
0.07743687193677162,0.1753
0.07157492221092199,0.1754
0.06584833461012352,0.17550000000000002
0.06030784813033829,0.1756
0.05499754033971738,0.1757
0.049957558498085364,0.1758
0.04522720870504071,0.1759
0.040842559951134394,0.17600000000000002
0.03683428983245163,0.1761
0.03322658264225997,0.1762
0.029717365278649988,0.1763
0.02652994240241502,0.1764
0.023761468302186728,0.17650000000000002
0.021447030230729913,0.1766
0.019597518482947995,0.1767
0.0178359678179274,0.1768
0.015404480001260712,0.1769
0.012788631112371496,0.17700000000000002
0.010283605385863925,0.1771
0.00805804247817532,0.1772
0.006253458214714014,0.1773
0.005663441990972906,0.1774
0.005660875441374946,0.17750000000000002
0.00574191785272804,0.1776
0.005753741784560118,0.1777
0.005920112412810541,0.1778
0.006543846381259044,0.1779
0.008372018504095413,0.17800000000000002
0.01131057817735237,0.1781
0.014438586817229648,0.1782
0.018589551981089247,0.17830000000000001
0.023236935781113077,0.1784
0.02808511014160242,0.17850000000000002
0.033751110532255435,0.1786
0.04016982804428659,0.1787
0.0470308368275989,0.17880000000000001
0.0541132262856181,0.1789
0.06132534912750953,0.17900000000000002
0.06859805312706369,0.1791
0.07567629831202194,0.1792
0.08268471052222548,0.17930000000000001
0.08957125160535873,0.1794
0.09622215580130389,0.17950000000000002
0.10260838418921192,0.1796
0.10871716946664367,0.1797
0.11451959206247786,0.17980000000000002
0.11999850928612088,0.1799
0.12512847236487357,0.18000000000000002
0.12980023635245563,0.1801
0.1340034118796688,0.1802
0.13778728919578698,0.18030000000000002
0.14114554843018556,0.1804
0.1440734174119751,0.18050000000000002
0.14656628598756705,0.1806
0.1486196289306314,0.1807
0.15022812719230627,0.18080000000000002
0.15138847814813672,0.1809
0.15210000712300453,0.18100000000000002
0.15236547315948368,0.1811
0.1521890698895496,0.1812
0.14937164198584052,0.18130000000000002
0.14508789539495504,0.1814
0.14050882357066663,0.18150000000000002
0.1357172337214515,0.1816
0.13074093461704905,0.1817
0.12560185298385285,0.18180000000000002
0.12032797609736268,0.1819
0.11495643603674843,0.182
0.10953096456560774,0.1821
0.10409764204545313,0.1822
0.09870241818368275,0.18230000000000002
0.09339071309684266,0.1824
0.08816199591367757,0.1825
0.08302098120735235,0.1826
0.0780747980280263,0.1827
0.07336173100410937,0.18280000000000002
0.06890869657421494,0.1829
0.06473340761175561,0.183
0.060847585817408456,0.1831
0.057258707984424895,0.1832
0.05397033647898142,0.18330000000000002
0.05092651386714109,0.1834
0.04777964997610429,0.1835
0.04487730451126226,0.1836
0.04225732128053994,0.1837
0.03971130853016236,0.18380000000000002
0.03701459745686053,0.1839
0.034625847699012446,0.184
0.03259547632728799,0.1841
0.029898173661513372,0.1842
0.027523035997174983,0.18430000000000002
0.0252601685300633,0.1844
0.02324133084594182,0.1845
0.021582145381430662,0.18460000000000001
0.020194792256571725,0.1847
0.019218993379002125,0.18480000000000002
0.01855064726465061,0.1849
0.01827555568196626,0.185
0.018250804047289737,0.18510000000000001
0.018610739188642755,0.1852
0.019506510245530295,0.18530000000000002
0.020517418752557637,0.1854
0.02228847461219452,0.1855
0.02492590373487724,0.18560000000000001
0.02792748662358502,0.1857
0.031182691929327655,0.18580000000000002
0.03513841437952281,0.1859
0.03928493452544535,0.186
0.04390751298548046,0.18610000000000002
0.04912153055598267,0.1862
0.054747302322945446,0.18630000000000002
0.06059511716681654,0.1864
0.06659259374531679,0.1865
0.07266430189322592,0.18660000000000002
0.07870777197852674,0.1867
0.08437461130607626,0.18680000000000002
0.08980283644607134,0.1869
0.09507705088830154,0.187
0.1001521389930281,0.18710000000000002
0.10496948797393779,0.1872
0.10948307214394737,0.18730000000000002
0.11365383482303437,0.1874
0.11745122668618158,0.1875
0.12085403685998086,0.18760000000000002
0.12384584631901496,0.1877
0.12641613728687096,0.18780000000000002
0.12855781200572225,0.1879
0.13013112095402568,0.188
0.13109012359996586,0.18810000000000002
0.13160952361177902,0.1882
0.13170204883023617,0.1883
0.13137421050271147,0.1884
0.1306315639140203,0.1885
0.12948034602070402,0.18860000000000002
0.12792643261275827,0.1887
0.12597569057886715,0.1888
0.12329913083157662,0.1889
0.11776877268416241,0.189
0.11201135670132434,0.18910000000000002
0.10616649692427327,0.1892
0.10028234556289128,0.1893
0.09437040064896152,0.1894
0.08845284903380668,0.1895
0.08255914725380542,0.18960000000000002
0.07666602324696281,0.1897
0.07081627604465546,0.1898
0.06510941422557248,0.1899
0.059594661818217265,0.19
0.05431502458431736,0.19010000000000002
0.049310272364694985,0.1902
0.044619081247046166,0.1903
0.040276916213024094,0.1904
0.03631377917935641,0.1905
0.032728638243267216,0.19060000000000002
0.029219294113524752,0.1907
0.026079661296914525,0.1908
0.023368907495392,0.19090000000000001
0.021115623144762008,0.191
0.01932764909800322,0.19110000000000002
0.017451756548427566,0.1912
0.015002813411235438,0.1913
0.012390989467131908,0.19140000000000001
0.009945692227768088,0.1915
0.007736430445855591,0.19160000000000002
0.006009573645785027,0.1917
0.005625243120187751,0.1918
0.005643298646946127,0.19190000000000002
0.005772065956799244,0.192
0.005747339843602983,0.19210000000000002
0.005904742421762421,0.1922
0.006624806317960807,0.1923
0.008646862595243832,0.19240000000000002
0.011506615866368364,0.1925
0.014784797050213738,0.19260000000000002
0.019134931905155472,0.1927
0.023800920786672064,0.1928
0.028764274022579306,0.19290000000000002
0.03454587757435279,0.193
0.04105245688656245,0.19310000000000002
0.047967861998491346,0.1932
0.05507825542075451,0.1933
0.06229714563093436,0.19340000000000002
0.0695620958775135,0.1935
0.0766065241214321,0.19360000000000002
0.08360161169157898,0.1937
0.09046178363792534,0.1938
0.09707481046620736,0.19390000000000002
0.10341585101224793,0.194
0.10947562193525628,0.19410000000000002
0.11522664627788781,0.1942
0.12065238596597894,0.1943
0.1257271450623869,0.19440000000000002
0.13029727928421964,0.1945
0.13444113304522765,0.19460000000000002
0.13816561521956483,0.1947
0.14146372018475006,0.1948
0.1443310937020894,0.19490000000000002
0.1467638074836718,0.195
0.14875748928362387,0.1951
0.15030694336576378,0.1952
0.15140907098665835,0.1953
0.15206348898586053,0.19540000000000002
0.1522732195855021,0.1955
0.15204249743162335,0.1956
0.14875939125802118,0.1957
0.14443989350936315,0.1958
0.13984326446105655,0.19590000000000002
0.13504040415823626,0.196
0.13005429467353224,0.1961
0.1249081747778722,0.1962
0.11963032917649719,0.1963
0.11425910838954767,0.19640000000000002
0.10883880195456286,0.1965
0.10341616748365812,0.1966
0.09803761573916692,0.1967
0.09274894283586266,0.1968
0.08752288513117212,0.19690000000000002
0.08241667120106122,0.197
0.07751212518370121,0.1971
0.07284517470632423,0.19720000000000001
0.06844160505589525,0.1973
0.06431836702467264,0.19740000000000002
0.06048548007371202,0.1975
0.05694910834895062,0.1976
0.053712104982436504,0.19770000000000001
0.05066783340654646,0.1978
0.04756284103648789,0.19790000000000002
0.04470591700416593,0.198
0.04213129376141023,0.1981
0.03954303407831361,0.19820000000000002
0.03688331027925429,0.1983
0.03454478954660445,0.19840000000000002
0.03243991991701711,0.1985
0.02979620424682894,0.1986
0.027450637146058332,0.19870000000000002
0.025255350228505336,0.1988
0.023272489620374204,0.19890000000000002
0.021682539663195,0.199
0.020327660171217454,0.1991
0.01941948333378196,0.19920000000000002
0.018779478499569402,0.1993
0.01857315760331346,0.19940000000000002
0.018568597128179487,0.1995
0.018998504544629258,0.1996
0.0199137811494563,0.19970000000000002
0.020998377970740112,0.1998
0.022847777731029195,0.19990000000000002
0.02555481596352105,0.2
0.028564313096400173,0.2001
0.03186765403197023,0.20020000000000002
0.03586578162776677,0.2003
0.04001555706360693,0.20040000000000002
0.04466140178185718,0.2005
0.049887920614476444,0.2006
0.05551110638788126,0.20070000000000002
0.06134251347812114,0.2008
0.06731333022283525,0.20090000000000002
0.07335060309158192,0.201
0.07935328142073683,0.2011
0.08498406053959728,0.20120000000000002
0.09036494503769643,0.2013
0.0955865989487219,0.20140000000000002
0.10060534311031488,0.2015
0.10536351509533814,0.2016
0.10981575237472851,0.20170000000000002
0.11392366063348491,0.2018
0.11765731833204329,0.2019
0.12099617504212912,0.202
0.12392437219955355,0.2021
0.12643187189407423,0.20220000000000002
0.128511907569412,0.2023
0.12998800856487347,0.2024
0.13088776525566403,0.2025
0.13135106496843574,0.2026
0.13138939874034938,0.20270000000000002
0.13100885677583607,0.2028
0.13021507368922347,0.2029
0.12901418855434832,0.203
0.1274120907194265,0.2031
0.12541468341674544,0.20320000000000002
0.12249747806383271,0.2033
0.11694497818679395,0.2034
0.11117830597943512,0.20350000000000001
0.10533039139509914,0.2036
0.09944637622544317,0.20370000000000002
0.09353838621069965,0.2038
0.08762890906772236,0.2039
0.08174811108496738,0.20400000000000001
0.07583706235159993,0.2041
0.07000668104960905,0.20420000000000002
0.06432567891894403,0.2043
0.0588412393568003,0.2044
0.053595419669900446,0.20450000000000002
0.04862826608597981,0.2046
0.043978535205441815,0.20470000000000002
0.03968174037341199,0.2048
0.03576764185194081,0.2049
0.03215299057125276,0.20500000000000002
0.028693771043392102,0.2051
0.02561852037759471,0.20520000000000002
0.022977995434975362,0.2053
0.020796426481389574,0.2054
0.01908052100365687,0.20550000000000002
0.017070420601529745,0.2056
0.014608549138484195,0.20570000000000002
0.01199701785060947,0.2058
0.0096102938479945,0.2059
0.0073861886536708,0.20600000000000002
0.005815612131331971,0.2061
0.0055938401004587135,0.20620000000000002
0.005672846012373611,0.2063
0.005758275510715061,0.2064
0.005762755747194204,0.20650000000000002
0.0059277213785349225,0.2066
0.006786018799308513,0.20670000000000002
0.00901871094165263,0.2068
0.011895267997790171,0.2069
0.015311937406629283,0.20700000000000002
0.019819122523126786,0.2071
0.024500597116343226,0.20720000000000002
0.029559649268487975,0.2073
0.0354326087443142,0.2074
0.042005473559260764,0.20750000000000002
0.04895890305385331,0.2076
0.05608513420343697,0.20770000000000002
0.0633024829650427,0.2078
0.07055296666182465,0.2079
0.07757601659257973,0.20800000000000002
0.08450962451352595,0.2081
0.09126787549565374,0.2082
0.09781035395088611,0.2083
0.10410176515292235,0.2084
0.11011081934779143,0.20850000000000002
0.11581559375541894,0.2086
0.12119355059501957,0.2087
0.12622027488034027,0.2088
0.13073040059274466,0.2089
0.13481689093255333,0.20900000000000002
0.1384849619598575,0.2091
0.1417275384895006,0.2092
0.14454013600634874,0.2093
0.14691870734681733,0.2094
0.14885851252689997,0.20950000000000002
0.15035424611675308,0.2096
0.1514028990799101,0.2097
0.15200444787560996,0.20980000000000001
0.1521622459753631,0.2099
0.1518807013150585,0.21000000000000002
0.1481748244230503,0.2101
0.14381567011416252,0.2102
0.1391976124026949,0.21030000000000001
0.13438078005001008,0.2104
0.12938339914150243,0.21050000000000002
0.12422945427396792,0.2106
0.11894729794669434,0.2107
0.11357643710809306,0.21080000000000002
0.10816168729068065,0.2109
0.10275023123345595,0.21100000000000002
0.0973887021908344,0.2111
0.09212312249097443,0.2112
0.08689860747500078,0.21130000000000002
0.08182499455788317,0.2114
0.07695875963713072,0.21150000000000002
0.07233325368270316,0.2116
0.06797243248550877,0.2117
0.06389255709023534,0.21180000000000002
0.06010334089785019,0.2119
0.05661100690715282,0.21200000000000002
0.05341835618040469,0.2121
0.05035343142532689,0.2122
0.04728864228587759,0.21230000000000002
0.04447815256848364,0.2124
0.04195129881981763,0.21250000000000002
0.03932590044498485,0.2126
0.03671202842669752,0.2127
0.03443084195078816,0.21280000000000002
0.032267181730549765,0.2129
0.029678187572894643,0.21300000000000002
0.0273604658955644,0.2131
0.025231518500277383,0.2132
0.023281074359450482,0.21330000000000002
0.021759738737666234,0.2134
0.020434015500296665,0.21350000000000002
0.019594184909724977,0.2136
0.01898051757609598,0.2137
0.01884458565732494,0.21380000000000002
0.018859132984011096,0.2139
0.01935952749993297,0.21400000000000002
0.020254538545412926,0.2141
0.021411430378456053,0.2142
0.023348326700676658,0.21430000000000002
0.026132424845352498,0.2144
0.029122952044932315,0.21450000000000002
0.032486292645251824,0.2146
0.036543035954970104,0.2147
0.040698287313016834,0.21480000000000002
0.04537775893589657,0.2149
0.05062798460753304,0.215
0.05625900199386802,0.2151
0.06208306360701621,0.2152
0.0680348122012362,0.21530000000000002
0.0740437412513606,0.2154
0.08001023864366164,0.2155
0.08559794518970054,0.2156
0.09093576226192401,0.2157
0.09610855218153369,0.21580000000000002
0.10107369918073605,0.2159
0.10577456444992939,0.216
0.11016676147027549,0.21610000000000001
0.1142126462782117,0.2162
0.1178829812508303,0.21630000000000002
0.12115785727301198,0.2164
0.12402197782033775,0.2165
0.12646583006725087,0.21660000000000001
0.12848307624862787,0.2167
0.12985942491915825,0.21680000000000002
0.1306983424162369,0.2169
0.1311040027898268,0.217
0.13108662372346902,0.21710000000000002
0.13065184678989716,0.2172
0.12980538973766476,0.21730000000000002
0.12855330027788137,0.2174
0.1269014848229123,0.2175
0.12485585762170848,0.21760000000000002
0.12169079013032658,0.2177
0.11611597836390397,0.21780000000000002
0.11034014452558172,0.2179
0.10448918385590544,0.218
0.09860510174718662,0.21810000000000002
0.09270072835266119,0.2182
0.08679893096189306,0.21830000000000002
0.08091319331477032,0.2184
0.07500072781708822,0.2185
0.06919073233629947,0.21860000000000002
0.06353599742408722,0.2187
0.05808221966878002,0.21880000000000002
0.052870876701152314,0.2189
0.04794174895670267,0.219
0.0433333304557344,0.21910000000000002
0.03908198310403033,0.2192
0.035218579939328976,0.21930000000000002
0.03157860398690859,0.2194
0.028171637021047857,0.2195
0.025162296668564954,0.21960000000000002
0.022592927577641753,0.2197
0.02048362662212222,0.21980000000000002
0.018840142868941756,0.2199
0.016688611551818333,0.22
0.0142104824400473,0.22010000000000002
0.011606647699605732,0.2202
0.009252910787486357,0.22030000000000002
0.0070976343377726625,0.2204
0.005753190531230468,0.2205
0.005605039537577072,0.22060000000000002
0.0056965879153860755,0.2207
0.005720637979674148,0.22080000000000002
0.005812355692822679,0.2209
0.005950342753691773,0.221
0.0069533387748841324,0.22110000000000002
0.009343764857984826,0.2212
0.011996622210520336,0.22130000000000002
0.01560295119148658,0.2214
0.020155994501450225,0.2215
0.02461205775832309,0.22160000000000002
0.029884144213008224,0.2217
0.036000608582721805,0.2218
0.04272967764784652,0.22190000000000001
0.049803769653811836,0.222
0.05700351293212913,0.22210000000000002
0.0642715149529487,0.2222
0.071489384338286,0.2223
0.07850361131694139,0.22240000000000001
0.0854594995755279,0.2225
0.09222285240899286,0.22260000000000002
0.09875560255540883,0.2227
0.10502687406344913,0.2228
0.11100849789539491,0.22290000000000001
0.11667964830027089,0.223
0.12201798179626844,0.22310000000000002
0.12698794696956495,0.2232
0.13142795976641886,0.2233
0.13545566739193216,0.22340000000000002
0.1390636885715848,0.2235
0.1422458257921113,0.22360000000000002
0.14499741632841445,0.2237
0.14731492238653188,0.2238
0.1491933959729982,0.22390000000000002
0.15062830150955941,0.224
0.151617027432269,0.22410000000000002
0.1521603744109783,0.2242
0.15226171814868028,0.2243
0.1516276212797033,0.22440000000000002
0.14761214196713335,0.2245
0.14321982310779036,0.22460000000000002
0.1385837052525959,0.2247
0.13375213346738346,0.2248
0.12874053755739934,0.22490000000000002
0.12357413044865106,0.225
0.11828324165475779,0.22510000000000002
0.11290959017047619,0.2252
0.1074992392635642,0.2253
0.10209980487582748,0.22540000000000002
0.09675781967267205,0.2255
0.09151887703210682,0.22560000000000002
0.08631758299258119,0.2257
0.08128162342605605,0.2258
0.0764580115640967,0.22590000000000002
0.07187815734108516,0.226
0.06756417426773254,0.22610000000000002
0.06353108304554411,0.2262
0.059787864439184935,0.2263
0.05634033977029995,0.22640000000000002
0.0531909638516348,0.2265
0.05011466262955233,0.22660000000000002
0.04708250720361962,0.2267
0.044308576761672436,0.2268
0.04181930716403093,0.22690000000000002
0.03914657819479128,0.227
0.03656967793907273,0.22710000000000002
0.0343368352498874,0.2272
0.032072997767849554,0.2273
0.029531672124083475,0.22740000000000002
0.027228311290575125,0.2275
0.02516126987277123,0.22760000000000002
0.023230710324454673,0.2277
0.021773362467282453,0.2278
0.020462165932606746,0.22790000000000002
0.019686136110025565,0.228
0.01908414480047238,0.2281
0.019016107600184906,0.22820000000000001
0.01903661141170665,0.2283
0.019609321905093013,0.22840000000000002
0.020510830171330374,0.2285
0.021747849905027872,0.2286
0.023774808571070505,0.22870000000000001
0.02664306660660376,0.2288
0.029636514754148635,0.22890000000000002
0.03306282508024072,0.229
0.0371803151778749,0.2291
0.04133954296593023,0.22920000000000001
0.04606051093839314,0.2293
0.051291050873545574,0.22940000000000002
0.0568521990944888,0.2295
0.0626536562998089,0.2296
0.06860597974268567,0.22970000000000002
0.07460097041017855,0.2298
0.08054831506612081,0.22990000000000002
0.08603054098052387,0.23
0.09136075715793823,0.2301
0.0965191296161978,0.23020000000000002
0.10146379084781532,0.2303
0.10613427766741068,0.23040000000000002
0.11049050694076457,0.2305
0.11449422969867606,0.2306
0.1181189709602366,0.23070000000000002
0.1213448187748204,0.2308
0.12415831487460227,0.23090000000000002
0.12655000178846343,0.231
0.12851481225432304,0.2311
0.12981196251767335,0.23120000000000002
0.13059605023414023,0.2313
0.13094871997513646,0.23140000000000002
0.1308794921121097,0.2315
0.1303936791619219,0.2316
0.12949705591110505,0.23170000000000002
0.1281954988830436,0.2318
0.12649491593179574,0.23190000000000002
0.12440125890763898,0.232
0.12096934978957785,0.2321
0.11536379453954693,0.23220000000000002
0.10957111964164168,0.2323
0.10371042259779639,0.23240000000000002
0.09782076473086776,0.2325
0.09191574751864917,0.2326
0.08601829163267893,0.23270000000000002
0.08011542997101317,0.2328
0.07421504404762147,0.23290000000000002
0.06842340555690773,0.233
0.0627915884477026,0.2331
0.05736440633080231,0.23320000000000002
0.0521833263693281,0.2333
0.04728830059636646,0.23340000000000002
0.04271800455714958,0.2335
0.038508678721018264,0.2336
0.03469084866752192,0.23370000000000002
0.031027586234732896,0.2338
0.027666260511790775,0.23390000000000002
0.024716049719362587,0.234
0.022211596934669897,0.2341
0.020168761321526674,0.23420000000000002
0.01859188202490092,0.2343
0.016303792802947026,0.23440000000000003
0.013804952095171297,0.23450000000000001
0.011202863706483823,0.2346
0.008866933416094236,0.23470000000000002
0.0067841186552473065,0.2348
0.005705374884407588,0.2349
0.0056356351336595,0.23500000000000001
0.005709450621066647,0.2351
0.005728047506898815,0.23520000000000002
0.005821361322304375,0.2353
0.0060124832452455035,0.2354
0.0071378556894858836,0.23550000000000001
0.009628747138165972,0.2356
0.012346524435648432,0.23570000000000002
0.016076027782659708,0.2358
0.02067280352294154,0.2359
0.0252198550109084,0.23600000000000002
0.030583405863210178,0.2361
0.03677352193492456,0.23620000000000002
0.0435546695244029,0.2363
0.05066327638464063,0.2364
0.05788022916447333,0.23650000000000002
0.06515308064280567,0.2366
0.07236181412444231,0.23670000000000002
0.07937096539445065,0.2368
0.08631013636460716,0.2369
0.09304616696428569,0.23700000000000002
0.09954521327659094,0.2371
0.10577960132814612,0.23720000000000002
0.11172257191852664,0.2373
0.11735341664372068,0.2374
0.12264906703583389,0.23750000000000002
0.1275408674366122,0.2376
0.1319319517429427,0.23770000000000002
0.13590951365630777,0.2378
0.13946623662672752,0.2379
0.1425966338724487,0.23800000000000002
0.14529667183297457,0.2381
0.14756285065543095,0.23820000000000002
0.1493902524146512,0.2383
0.150774528571195,0.2384
0.1517133853142908,0.23850000000000002
0.1522078838430222,0.2386
0.1522614032870686,0.23870000000000002
0.15114470613011433,0.2388
0.1470890822662947,0.2389
0.1426743658526829,0.23900000000000002
0.13802203280362957,0.2391
0.13317567969412225,0.23920000000000002
0.1281520948663858,0.2393
0.12297702315145909,0.2394
0.11768233567951314,0.23950000000000002
0.11231034802199824,0.2396
0.10690739381235259,0.23970000000000002
0.10152102111508898,0.2398
0.09619775139056796,0.2399
0.0909770045403765,0.24000000000000002
0.08579734823903584,0.2401
0.08079348497679073,0.24020000000000002
0.07600628128439257,0.2403
0.0714655287343795,0.2404
0.06719170014514153,0.24050000000000002
0.0631994935174266,0.2406
0.05949850988133587,0.24070000000000003
0.05609405760703079,0.24080000000000001
0.05298715005153176,0.2409
0.04990665204382072,0.24100000000000002
0.0469075729734838,0.2411
0.044169741489383796,0.2412
0.04171715833196887,0.24130000000000001
0.03900817323883943,0.2414
0.03646656253348901,0.24150000000000002
0.03427963631872566,0.2416
0.03194951006082314,0.2417
0.02945188952759592,0.24180000000000001
0.027165267707403906,0.2419
0.02514502894077686,0.24200000000000002
0.023241511158700323,0.2421
0.02180556458962357,0.2422
0.02054807629270039,0.24230000000000002
0.0198244760601487,0.2424
0.01923625077215041,0.24250000000000002
0.01918974134935958,0.2426
0.019206773873006178,0.2427
0.0198451855960029,0.24280000000000002
0.02073968063460363,0.2429
0.022050247058817307,0.24300000000000002
0.024160299947868724,0.2431
0.02710252118443046,0.2432
0.030089243866033177,0.24330000000000002
0.03356794435366961,0.2434
0.03772648694587044,0.24350000000000002
0.04189054271665249,0.2436
0.04664571725228317,0.2437
0.051900693368770456,0.24380000000000002
0.05747122795924686,0.2439
0.06326958184142917,0.24400000000000002
0.06920889416776044,0.2441
0.07518227445021441,0.2442
0.08109150801730935,0.24430000000000002
0.08654011226332825,0.2444
0.09183711532845318,0.24450000000000002
0.09695652938724475,0.2446
0.10185738691828794,0.2447
0.1064801310917245,0.24480000000000002
0.11078557725039351,0.2449
0.1147362182859143,0.24500000000000002
0.11830637693710955,0.2451
0.12147691693091855,0.2452
0.12423508317329524,0.24530000000000002
0.12657195354537154,0.2454
0.12848280533264622,0.24550000000000002
0.12969195573680492,0.2456
0.1304236117339609,0.2457
0.13072653273454893,0.24580000000000002
0.13060902248631157,0.2459
0.13007596767298035,0.24600000000000002
0.12913321190994176,0.2461
0.1277865428418874,0.2462
0.1260419015724349,0.24630000000000002
0.123905308179169,0.2464
0.12022779670087091,0.24650000000000002
0.11460232409531768,0.2466
0.10880280970714917,0.2467
0.10294100235245629,0.24680000000000002
0.09705246150882774,0.2469
0.09115100644446683,0.24700000000000003
0.08525956293844572,0.24710000000000001
0.07933681938403625,0.2472
0.0734494059417864,0.24730000000000002
0.06767927128541529,0.2474
0.06207547673198621,0.24750000000000003
0.056681190347566135,0.24760000000000001
0.05153712146630873,0.2477
0.04668286176109371,0.24780000000000002
0.04215702888590123,0.2479
0.03799548271152875,0.248
0.034228087680606034,0.24810000000000001
0.03055201559599019,0.2482
0.027238843948523606,0.24830000000000002
0.024347979046569712,0.2484
0.021907088154286658,0.2485
0.019927772876598304,0.24860000000000002
0.01834156937475795,0.2487
0.015966195943812433,0.24880000000000002
0.013454613320170283,0.2489
0.010864515901803484,0.249
0.008555507268421803,0.24910000000000002
0.006545620515402417,0.2492
0.005681227903238328,0.24930000000000002
0.005652317541499752,0.2494
0.005730566279998017,0.2495
0.005724714993184721,0.24960000000000002
0.005809416152744662,0.2497
0.006060047834770987,0.24980000000000002
0.007306281765924627,0.2499
0.009689346571239765,0.25
0.012554954081505976,0.2501
0.01649501291063471,0.25020000000000003
0.021135167263093058,0.2503
0.02580090211848285,0.2504
0.031288796109516515,0.2505
0.037579299111908604,0.2506
0.04436902691125466,0.25070000000000003
0.05142013061989781,0.2508
0.05862955421649918,0.2509
0.06591965411477096,0.251
0.0729567482969774,0.2511
0.08001669547950852,0.25120000000000003
0.08698396392685281,0.2513
0.09373508280637388,0.2514
0.10023301395218409,0.2515
0.10646113332058538,0.2516
0.11238972366025013,0.25170000000000003
0.11800174389765505,0.2518
0.12327185530370233,0.2519
0.12811778317788436,0.252
0.13246828791782883,0.2521
0.13640298783534888,0.25220000000000004
0.1399153078344899,0.2523
0.14300067351241563,0.2524
0.14565555399871288,0.2525
0.1478767731067897,0.2526
0.14965952273673788,0.25270000000000004
0.15099973150009627,0.2528
0.1518951583185666,0.2529
0.1523468116385347,0.253
0.15235760664558762,0.2531
0.15075663533709383,0.25320000000000004
0.1466575794681999,0.2533
0.14221557154799525,0.2534
0.1375409724442096,0.2535
0.13267365565801637,0.2536
0.12763303196471754,0.25370000000000004
0.12244634345566008,0.2538
0.11714736413281968,0.2539
0.111778656837353,0.254
0.1063859491222352,0.2541
0.10101565370076471,0.25420000000000004
0.09571335057409769,0.2543
0.0905129231989612,0.2544
0.0853605813133046,0.2545
0.08038703088682686,0.2546
0.07563303610228733,0.25470000000000004
0.0711281690398522,0.2548
0.0668920419397866,0.2549
0.0629381711818221,0.255
0.059275446325520065,0.2551
0.055908804529581246,0.25520000000000004
0.052838976398713156,0.2553
0.04975643425590426,0.2554
0.04678622828006884,0.2555
0.04407980462809191,0.2556
0.04165868481882962,0.25570000000000004
0.03891529665035853,0.2558
0.03640240065402334,0.2559
0.03425302547795983,0.256
0.031858176667182825,0.2561
0.02939582285409248,0.25620000000000004
0.02711029593751979,0.25630000000000003
0.02509590652235616,0.2564
0.02324023675018183,0.2565
0.021821385714360986,0.2566
0.0206147029716075,0.25670000000000004
0.019906647911107633,0.25680000000000003
0.019370678093252547,0.2569
0.019329086249942007,0.257
0.019398461232195574,0.2571
0.02009773090598599,0.25720000000000004
0.020981564329669578,0.25730000000000003
0.022350782039314065,0.2574
0.024527566625852648,0.2575
0.02752993738812659,0.2576
0.030504475092923533,0.2577
0.034028428266344335,0.25780000000000003
0.038192541874278785,0.2579
0.04239528012696114,0.258
0.04718232166942671,0.2581
0.052457045036119254,0.2582
0.05803337815593235,0.25830000000000003
0.06382696755570683,0.2584
0.06975247700466125,0.2585
0.07570439657944972,0.2586
0.08157559409663306,0.2587
0.08699782721723526,0.25880000000000003
0.09226279570275797,0.2589
0.09734508920282259,0.259
0.10220494425438797,0.2591
0.10678377279846618,0.2592
0.11104311446208581,0.25930000000000003
0.11494602345388794,0.2594
0.1184673037056625,0.2595
0.1215882306067757,0.2596
0.12429639721923158,0.2597
0.1265831581952983,0.25980000000000003
0.1284440154474289,0.2599
0.12957475756537395,0.26
0.13025661187037185,0.2601
0.13051169620834024,0.2602
0.1303475528478132,0.26030000000000003
0.12976893612892249,0.2604
0.12878190525527622,0.2605
0.1273922741129836,0.2606
0.12560602675089771,0.2607
0.12342918516744528,0.26080000000000003
0.1195487403819272,0.2609
0.11390575844343342,0.261
0.10809945957091116,0.2611
0.10223549383068564,0.2612
0.09634678430695887,0.26130000000000003
0.09044787744458616,0.2614
0.08456216602630673,0.2615
0.0786221942766101,0.2616
0.07274576107265585,0.2617
0.0669923696394008,0.26180000000000003
0.061409654593641116,0.2619
0.0560400674871393,0.262
0.0509243157055963,0.2621
0.04610195180130772,0.2622
0.041611485372326396,0.26230000000000003
0.037488426636681726,0.2624
0.033700288495872366,0.2625
0.03005789464495323,0.2626
0.026794156740949093,0.2627
0.023958649691573797,0.26280000000000003
0.02157572915463235,0.2629
0.01965619441645794,0.263
0.01801403367110943,0.2631
0.015622577540577831,0.2632
0.013058493377967606,0.26330000000000003
0.010487598774353568,0.2634
0.008195221485644222,0.2635
0.006264239611913913,0.2636
0.005640660143751308,0.2637
0.005626744646158199,0.26380000000000003
0.005748716033608936,0.2639
0.005732539721452046,0.264
0.005812803242464248,0.2641
0.006161278186904484,0.2642
0.00753139494742161,0.26430000000000003
0.009567347134157966,0.2644
0.01264477825648247,0.2645
0.01690134802964338,0.2646
0.021607455693448907,0.2647
0.026421583009430538,0.26480000000000004
0.032057116065080216,0.2649
0.038466978681692465,0.265
0.0453397769429813,0.2651
0.05244306003354615,0.2652
0.059678952058667356,0.26530000000000004
0.06693670099873472,0.2654
0.07397012135389625,0.2655
0.08103803478591609,0.2656
0.08799568984090433,0.2657
0.09472163316386284,0.26580000000000004
0.10118453555644824,0.2659
0.10737216916705872,0.266
0.11325679265643518,0.2661
0.11882225854958905,0.2662
0.12404303088443724,0.26630000000000004
0.1287863325057399,0.2664
0.13308178848230023,0.2665
0.13696126524953567,0.2666
0.14041717921014918,0.2667
0.14344520075558975,0.26680000000000004
0.14604257840580215,0.2669
0.14820651616998748,0.267
0.14993268580646046,0.2671
0.1512174314475062,0.2672
0.15205873032402406,0.26730000000000004
0.15245748913388935,0.2674
0.1524162033696458,0.2675
0.15024957910234427,0.2676
0.14611076806748424,0.2677
0.14164848836856248,0.26780000000000004
0.1369590511244072,0.2679
0.1320770979510144,0.268
0.1270243439450749,0.2681
0.12182917979587138,0.2682
0.11652747822425202,0.26830000000000004
0.11116249828935887,0.2684
0.10578009123426901,0.2685
0.10042631690387716,0.2686
0.09514652489533237,0.2687
0.08996508544091797,0.26880000000000004
0.08484461097028417,0.26890000000000003
0.07990770181188322,0.269
0.07519356360299834,0.2691
0.07073012027466352,0.2692
0.06653570921080731,0.26930000000000004
0.06262290698955364,0.26940000000000003
0.059000178050203855,0.2695
0.05567234779626573,0.2696
0.052640125554006545,0.2697
0.049535592123641115,0.26980000000000004
0.0465948753689136,0.26990000000000003
0.04392317301900883,0.27
0.04149832998676373,0.2701
0.03874956776990679,0.2702
0.036277669939430046,0.27030000000000004
0.03417774814210528,0.27040000000000003
0.03169303969463866,0.2705
0.02927116677303565,0.2706
0.026993237790187363,0.2707
0.024996366034443884,0.27080000000000004
0.02320040101705345,0.27090000000000003
0.02180649483216035,0.271
0.020661149524191735,0.2711
0.01997427511398553,0.2712
0.019500919472829503,0.2713
0.01947020972299618,0.27140000000000003
0.019604412339846222,0.2715
0.0203788897328383,0.2716
0.021258359744985356,0.2717
0.022700820955278367,0.2718
0.024959489971219773,0.27190000000000003
0.028006924598629634,0.272
0.03100531142111107,0.2721
0.03458913250041462,0.2722
0.038760201117555404,0.2723
0.04300873579626274,0.27240000000000003
0.047834175848859184,0.2725
0.053132917601939944,0.2726
0.05871707228175005,0.2727
0.06450614611079497,0.2728
0.07041667299473342,0.27290000000000003
0.07634467855127869,0.273
0.08216998057401792,0.2731
0.08756254531997343,0.2732
0.09279103772755115,0.2733
0.09783056759069753,0.27340000000000003
0.10264277653603016,0.2735
0.10717024197517722,0.2736
0.1113753845706853,0.2737
0.11522197057071004,0.2738
0.11868545006147213,0.27390000000000003
0.12174768478353515,0.274
0.12439678078883198,0.2741
0.1266244973478975,0.2742
0.1283976219996521,0.2743
0.12946338056176976,0.27440000000000003
0.13008809988654602,0.2745
0.13028764733872644,0.2746
0.13006915816748355,0.2747
0.12943747768828306,0.2748
0.128398630605015,0.27490000000000003
0.12695843451570232,0.275
0.12512286419255048,0.2751
0.12289798429894205,0.2752
0.118745464146077,0.2753
0.11308041250001655,0.27540000000000003
0.10726637819356144,0.2755
0.10140072157717295,0.2756
0.09551274066358273,0.2757
0.08961792094942111,0.2758
0.08372130200544636,0.27590000000000003
0.0777838460695045,0.276
0.07192302785038363,0.2761
0.06619095860327517,0.2762
0.06063416976657299,0.2763
0.055294648774268707,0.27640000000000003
0.05021298694277343,0.2765
0.045429258404606765,0.2766
0.04098234618258201,0.2767
0.036907222278524277,0.2768
0.03309757791064638,0.27690000000000003
0.029503166225199218,0.277
0.02629980124986253,0.2771
0.023530376785781515,0.2772
0.02121594591085474,0.2773
0.01936657669083175,0.27740000000000004
0.017613846221999685,0.2775
0.015207900272049324,0.2776
0.012597623362862409,0.2777
0.010089391025522865,0.2778
0.007829944798781963,0.27790000000000004
0.005999611093133073,0.278
0.005616541719937418,0.2781
0.005628679812504478,0.2782
0.005733535059088801,0.2783
0.005741408022060357,0.27840000000000004
0.0058221903399204855,0.2785
0.006298840544737283,0.2786
0.007767457332377825,0.2787
0.00996594837540532,0.2788
0.013258506987371854,0.27890000000000004
0.01770842492581748,0.279
0.02240049215448292,0.2791
0.02733246530593081,0.2792
0.03308932057191272,0.2793
0.03958953878629812,0.27940000000000004
0.046514029438635696,0.2795
0.05364008646728724,0.2796
0.06087696387308972,0.2797
0.06811622630353653,0.2798
0.07514453226080431,0.27990000000000004
0.08219091962546088,0.28
0.08911118651097238,0.2801
0.09578825074976483,0.2802
0.1021958903772563,0.2803
0.10832524252878739,0.28040000000000004
0.11414977845187813,0.2805
0.11965359194923841,0.2806
0.12479593924762367,0.2807
0.12943291638654053,0.2808
0.13366352953960892,0.28090000000000004
0.137478400731058,0.281
0.14086923859531664,0.2811
0.14383207410405596,0.2812
0.146364443183866,0.2813
0.1484633716177599,0.28140000000000004
0.15012440463623877,0.28150000000000003
0.15134402929265178,0.2816
0.15212055596735818,0.2817
0.15245528322122814,0.2818
0.15235089297720172,0.28190000000000004
0.1496145071478837,0.28200000000000003
0.1454291470055935,0.2821
0.14094257694598145,0.2822
0.13623689347809143,0.2823
0.13134080817596538,0.28240000000000004
0.12627751309887303,0.28250000000000003
0.12107588463806829,0.2826
0.11577350720084012,0.2827
0.11041419494588212,0.2828
0.1050439351339647,0.28290000000000004
0.09970851615422827,0.28300000000000003
0.09445314644109126,0.2831
0.0892801249666807,0.2832
0.08419295547588734,0.2833
0.07929519543555164,0.28340000000000004
0.07462415084092833,0.28350000000000003
0.0702061383078989,0.2836
0.06605856048469516,0.2837
0.062193238064523926,0.2838
0.05861822886942547,0.28390000000000004
0.05533797880612479,0.28400000000000003
0.052352690702998306,0.2841
0.049216537871884736,0.2842
0.04631533436439805,0.2843
0.043689728286188334,0.2844
0.041211608814539336,0.28450000000000003
0.03850296877534154,0.2846
0.03608600895080705,0.2847
0.03404696179165034,0.2848
0.031465471802181844,0.2849
0.029100645677332615,0.28500000000000003
0.0268444828119605,0.2851
0.02487757420426906,0.2852
0.023156609964791075,0.2853
0.021798790982531013,0.2854
0.02072915087102012,0.28550000000000003
0.020073025890420038,0.2856
0.019676298247833346,0.2857
0.019663830204772248,0.2858
0.019875338380558105,0.2859
0.020732647541469973,0.28600000000000003
0.02157630238503172,0.2861
0.02310740709530723,0.2862
0.025465515008481265,0.2863
0.028501149465610442,0.2864
0.03158652206663559,0.28650000000000003
0.03525598771086491,0.2866
0.03943725486392147,0.2867
0.0437393164001636,0.2868
0.04861049343576562,0.2869
0.05393792740037018,0.28700000000000003
0.059531958028266274,0.2871
0.06531614792782259,0.2872
0.07120917352667333,0.2873
0.07710872696107751,0.2874
0.08287645158916446,0.28750000000000003
0.08823396793774552,0.2876
0.0934192314975939,0.2877
0.09840788646863408,0.2878
0.10316327669385894,0.2879
0.1076294250464207,0.28800000000000003
0.11176982543158687,0.2881
0.11554911462107154,0.2882
0.11894351883619037,0.2883
0.1219356137256894,0.2884
0.12451416122135661,0.28850000000000003
0.12667148496940128,0.2886
0.12833162615553262,0.2887
0.1293273042198051,0.2888
0.1298852992410141,0.2889
0.13002024235002985,0.28900000000000003
0.1297388497204358,0.2891
0.12904606605578017,0.2892
0.12794771904679392,0.2893
0.1264495433223427,0.2894
0.124557420471753,0.28950000000000004
0.12227742741729863,0.2896
0.11781250826958511,0.2897
0.11212324838003707,0.2898
0.1063018039570216,0.2899
0.10043593068449574,0.29000000000000004
0.09455072830990208,0.2901
0.08866275654838573,0.2902
0.08274537156748396,0.2903
0.07682068036226275,0.2904
0.07097920657131285,0.29050000000000004
0.0652718088863159,0.2906
0.05974519510568155,0.2907
0.05444251539953826,0.2908
0.049404556359574414,0.2909
0.04467098790168822,0.29100000000000004
0.040279672924505405,0.2911
0.036264383181372484,0.2912
0.03243468179979225,0.2913
0.02889952381184968,0.2914
0.025769575930676858,0.29150000000000004
0.023079657919210517,0.2916
0.020846713263579897,0.2917
0.019079718902475618,0.2918
0.017176939104335043,0.2919
0.014752981371150886,0.29200000000000004
0.01215585119108642,0.2921
0.009727742428387476,0.2922
0.007500005660594278,0.2923
0.005827747032855601,0.2924
0.005590500560332279,0.29250000000000004
0.005659248282003704,0.2926
0.005730446631548425,0.2927
0.005758229397822445,0.2928
0.005837259362742264,0.2929
0.006455926710123183,0.29300000000000004
0.008107024263859008,0.2931
0.010473120069143471,0.2932
0.013933099587476905,0.2933
0.018530313378943175,0.2934
0.023234692311448812,0.29350000000000004
0.028266653730242064,0.2936
0.0341198365449249,0.2937
0.04069029466280649,0.2938
0.04765490126359584,0.2939
0.054797899903882286,0.29400000000000004
0.06203424589863349,0.29410000000000003
0.06926651545933171,0.2942
0.07628397057157765,0.2943
0.08330497943052517,0.2944
0.09018663505613889,0.29450000000000004
0.0968156777294309,0.29460000000000003
0.10316986537028738,0.2947
0.10924285658744703,0.2948
0.11500870416380815,0.2949
0.12045140674944876,0.29500000000000004
0.12548405776696037,0.29510000000000003
0.13005531452837316,0.2952
0.13421955873607794,0.2953
0.13796706609642717,0.2954
0.14129027762702517,0.29550000000000004
0.14418617131655287,0.29560000000000003
0.14665223374679348,0.2957
0.14868525524350285,0.2958
0.150280499014391,0.2959
0.15143451926123086,0.29600000000000004
0.15214589486853347,0.29610000000000003
0.15241625233247413,0.2962
0.15224841387001287,0.2963
0.1489336117456217,0.2964
0.14469868572271083,0.29650000000000004
0.1401858120907683,0.29660000000000003
0.13546250432078077,0.2967
0.13055128892007928,0.2968
0.12547667871695367,0.2969
0.12026771075971132,0.29700000000000004
0.11496337879901664,0.29710000000000003
0.1096080972753809,0.2972
0.10424852447051569,0.2973
0.09893083665138813,0.2974
0.09370058328910169,0.2975
0.08853597436221183,0.29760000000000003
0.0834876313634898,0.2977
0.07863666606891129,0.2978
0.07401783015016761,0.2979
0.06965522440096816,0.298
0.06556483333175178,0.29810000000000003
0.06175735740548549,0.2982
0.058240130292344316,0.2983
0.05501688170568797,0.2984
0.05203221053108775,0.2985
0.048940497337327526,0.29860000000000003
0.04608777576094347,0.2987
0.04350992747560101,0.2988
0.04098743217899137,0.2989
0.038320839936559103,0.299
0.03595831620876688,0.29910000000000003
0.033964121247453294,0.2992
0.0313006407211629,0.2993
0.02899000279081454,0.2994
0.026753634585220176,0.2995
0.02479708875725839,0.29960000000000003
0.023143449289912077,0.2997
0.02180408869505923,0.2998
0.02080893742137535,0.2999
0.020167384707304947,0.3
0.01983847457772203,0.30010000000000003
0.01980672878181622,0.3002
0.02009980801667166,0.3003
0.020972462607599773,0.3004
0.02188840869607933,0.3005
0.023526185764485286,0.30060000000000003
0.025988238509988104,0.3007
0.029019936121330137,0.3008
0.03218870208381208,0.3009
0.03593876944132135,0.301
0.040117739681395426,0.30110000000000003
0.044475616496435055,0.3012
0.049394879930674485,0.3013
0.054752183888747474,0.3014
0.06035574685054801,0.3015
0.06613373000300282,0.30160000000000003
0.07200714726710955,0.3017
0.07787567268192264,0.3018
0.08358432046903896,0.3019
0.08890489033134685,0.302
0.09404480885534172,0.30210000000000004
0.09898033146570884,0.3022
0.10367654132611615,0.3023
0.10807891166656447,0.3024
0.11215210631198236,0.3025
0.11586180114290057,0.30260000000000004
0.11918521485414624,0.3027
0.12210579913343489,0.3028
0.12461301363932653,0.3029
0.12669964193911876,0.303
0.12824337850668188,0.30310000000000004
0.129169603091162,0.3032
0.1296614627204511,0.3033
0.12973211031858145,0.3034
0.12938780853563314,0.3035
0.1286336936540169,0.30360000000000004
0.12747550402719943,0.3037
0.12591901586417065,0.3038
0.12397014176802301,0.3039
0.12163509031010222,0.304
0.1168550742201585,0.30410000000000004
0.11114422096830157,0.3042
0.10531847015413054,0.3043
0.09945545236809683,0.3044
0.09357583900670963,0.3045
0.08769729432250262,0.30460000000000004
0.08176094681416446,0.3047
0.07585207798007643,0.3048
0.07003410557561096,0.3049
0.0643563323993025,0.305
0.05886423128172913,0.30510000000000004
0.053600569941032905,0.3052
0.04860587815096418,0.3053
0.04392050989967067,0.3054
0.03958329709386699,0.3055
0.03561815666693624,0.30560000000000004
0.03177579537675834,0.3057
0.028302728538387445,0.3058
0.02524886461393394,0.3059
0.022640715068106054,0.306
0.020491304589256965,0.30610000000000004
0.01880828971608306,0.3062
0.016747202125915184,0.3063
0.014307021629671901,0.3064
0.011711814181119662,0.3065
0.009336610195626927,0.30660000000000004
0.0071215587747537334,0.30670000000000003
0.005735556051903012,0.3068
0.005600482256304273,0.3069
0.005688395627072573,0.307
0.005703741082136782,0.30710000000000004
0.005773565121090174,0.30720000000000003
0.005832582435642664,0.3073
0.006565943462650603,0.3074
0.008085869659779643,0.3075
0.010659522147569822,0.30760000000000004
0.014420591156862672,0.30770000000000003
0.019266462973484888,0.3078
0.023967299646592055,0.3079
0.029138484686580535,0.308
0.03513214242356,0.30810000000000004
0.04181369516092248,0.30820000000000003
0.04885010841812809,0.3083
0.05603272714315466,0.3084
0.06328404402836418,0.3085
0.07047157417995031,0.30860000000000004
0.0774960396870894,0.30870000000000003
0.08447064980851426,0.3088
0.0912597658190647,0.3089
0.09782373674322953,0.309
0.10413137231514369,0.30910000000000004
0.11015471458002712,0.30920000000000003
0.11587327565754135,0.3093
0.12126474591297942,0.3094
0.12623298980337627,0.3095
0.1307361526398022,0.30960000000000004
0.13483262049631295,0.30970000000000003
0.1385126264767499,0.3098
0.1417691068173399,0.3099
0.14459946429922987,0.31
0.1470014069973039,0.31010000000000004
0.14897161077608123,0.31020000000000003
0.15050520827996794,0.3103
0.15159852494886017,0.3104
0.15224989777246056,0.3105
0.15246062145702277,0.3106
0.15219518999608406,0.31070000000000003
0.1483018893537853,0.3108
0.14401355794231485,0.3109
0.13946984905174886,0.311
0.1347237978670226,0.3111
0.12979230355011118,0.31120000000000003
0.1247016434739957,0.3113
0.11948158930059838,0.3114
0.11417309637873285,0.3115
0.10882142346757817,0.3116
0.10347367283895414,0.31170000000000003
0.0981759973698656,0.3118
0.09297381503380875,0.3119
0.08782854575178733,0.312
0.08281998897809428,0.3121
0.07801378568969575,0.31220000000000003
0.07344238585124363,0.3123
0.06912893394030051,0.3124
0.06508903866729665,0.3125
0.061332387509602126,0.3126
0.057865716735090444,0.31270000000000003
0.05469264201103008,0.3128
0.051696319487833486,0.3129
0.048645691335248875,0.313
0.04583920269237196,0.3131
0.04330849556078897,0.31320000000000003
0.04073622350908668,0.3133
0.0381126327929775,0.3134
0.03580602101288144,0.3135
0.033721847873155575,0.3136
0.03111186648785269,0.31370000000000003
0.028817981931408054,0.3138
0.026649936738026625,0.3139
0.024715423943095782,0.314
0.023133956298760028,0.3141
0.021813252293772623,0.31420000000000003
0.020892368062899624,0.3143
0.020267065062931078,0.3144
0.020016771293957847,0.3145
0.01999152870264842,0.3146
0.020368357663119507,0.31470000000000004
0.021245464790949464,0.3148
0.022252985163711214,0.3149
0.02399529120173427,0.315
0.026556794379805737,0.3151
0.02952444267715615,0.31520000000000004
0.0326765825061992,0.3153
0.036492763497637304,0.3154
0.040594085626871834,0.3155
0.04504590127676833,0.3156
0.05006187463860279,0.31570000000000004
0.055480304014501325,0.3158
0.061121344281307444,0.3159
0.06691545511509478,0.316
0.07279053131089319,0.3161
0.07864548546757066,0.31620000000000004
0.08428332941923711,0.3163
0.0895838877243913,0.3164
0.09469446693827621,0.3165
0.0995905120314341,0.3166
0.10423872166264858,0.31670000000000004
0.10858651430933042,0.3168
0.1126000457936418,0.3169
0.11624625838580482,0.317
0.11950352492249439,0.3171
0.12235626540637057,0.31720000000000004
0.12479481062751141,0.3173
0.12681250258937293,0.3174
0.12824324428613854,0.3175
0.1290988197395675,0.3176
0.12952255680228375,0.31770000000000004
0.12952612917732997,0.3178
0.1291157773511069,0.3179
0.12829704432855338,0.318
0.12707607028637902,0.3181
0.12545874436114357,0.31820000000000004
0.12345106876056067,0.3183
0.1210590627296605,0.3184
0.11591029849064582,0.3185
0.11017413135844578,0.3186
0.10434188076170126,0.31870000000000004
0.09847894921253131,0.31880000000000003
0.09260092311365564,0.3189
0.08671705829031506,0.319
0.08077143453332503,0.3191
0.07487473402689204,0.31920000000000004
0.0690765420033832,0.31930000000000003
0.06342507913582751,0.3194
0.05796489453209208,0.3195
0.05273878767792528,0.3196
0.047787797967819845,0.31970000000000004
0.04315269489542861,0.31980000000000003
0.038871800404413515,0.3199
0.034899109286504304,0.32
0.03111473273776655,0.3201
0.02771098511141834,0.32020000000000004
0.024731950584226725,0.32030000000000003
0.02220143029598698,0.3204
0.02013205373200999,0.3205
0.018529366147135518,0.3206
0.016296014383668345,0.32070000000000004
0.013828964719690084,0.32080000000000003
0.011235266240327002,0.3209
0.008881381440062341,0.321
0.006755993675474858,0.3211
0.005687276537068131,0.32120000000000004
0.005640574845031221,0.32130000000000003
0.0057204080841128935,0.3214
0.0057148206235762,0.3215
0.005773415701699536,0.3216
0.005877179853618797,0.32170000000000004
0.006741429728677861,0.32180000000000003
0.008373975764490282,0.3219
0.011112901619420468,0.322
0.015049120843846797,0.3221
0.01995993911300875,0.32220000000000004
0.024782368150293443,0.32230000000000003
0.030070070290818984,0.3224
0.03615688272631168,0.3225
0.0428439840625261,0.3226
0.049821138037170476,0.32270000000000004
0.05699546290636226,0.32280000000000003
0.0642630685151272,0.3229
0.0713049662068479,0.323
0.0783718537631064,0.3231
0.08536376087654485,0.32320000000000004
0.09215634360064251,0.32330000000000003
0.09870786192322945,0.3234
0.1049984735541798,0.3235
0.11099743240318038,0.3236
0.11668754326579689,0.32370000000000004
0.12204364940308676,0.32380000000000003
0.1269562261653563,0.3239
0.13140805926396149,0.324
0.1354496374038512,0.3241
0.13907242459354363,0.3242
0.14227057986204716,0.32430000000000003
0.1450421195172077,0.3244
0.14738491166590661,0.3245
0.14929563653889721,0.3246
0.15076973405051697,0.3247
0.15180385143700026,0.32480000000000003
0.15239661332710497,0.3249
0.15254916767095428,0.325
0.1517140986092853,0.3251
0.14776216931629316,0.3252
0.14343479490993882,0.32530000000000003
0.13885901812586476,0.3254
0.1340833362875683,0.3255
0.12912716958384884,0.3256
0.12401805779055475,0.3257
0.11878767409667979,0.32580000000000003
0.11347722969965013,0.3259
0.10813149653265008,0.326
0.1027966386655711,0.3261
0.09751815095921423,0.3262
0.09234083128148451,0.32630000000000003
0.08721488143964651,0.3264
0.08223967144384436,0.3265
0.07747140614300374,0.3266
0.07294105059044453,0.3267
0.06867037351155714,0.32680000000000003
0.06467414956292161,0.3269
0.060961670443496985,0.327
0.05753944308681458,0.3271
0.054410739613347525,0.3272
0.05140442012370516,0.32730000000000004
0.04838989865844612,0.3274
0.045623807719546106,0.3275
0.04313445104139757,0.3276
0.040520355406916675,0.3277
0.0379363452908692,0.32780000000000004
0.03567929610409881,0.3279
0.03350024410271679,0.328
0.030938989372016223,0.3281
0.028661229516550923,0.3282
0.026556254663971046,0.32830000000000004
0.02464377275142282,0.3284
0.023129080875066377,0.3285
0.02182490283125782,0.3286
0.020971173768407736,0.3287
0.02035687545356435,0.32880000000000004
0.020175786845354704,0.3289
0.020149972912743674,0.329
0.020600023061059458,0.3291
0.021475401243776115,0.3292
0.022564248158507105,0.32930000000000004
0.024400215160031102,0.3294
0.027051179706733874,0.3295
0.03001249903289671,0.3296
0.03323296447333335,0.3297
0.037118255062365435,0.32980000000000004
0.04121773481810087,0.3299
0.045719294057637194,0.33
0.050777179213852275,0.3301
0.056220451857411646,0.3302
0.06186878902797055,0.33030000000000004
0.06765657762548338,0.3304
0.07351420289920063,0.3305
0.07934217785310071,0.3306
0.08489560970886667,0.3307
0.09009974393160924,0.33080000000000004
0.09514684252260686,0.3309
0.0999983628170833,0.331
0.10459754662562715,0.3311
0.10889740719131236,0.3312
0.11285918853644317,0.33130000000000004
0.11645248506245531,0.33140000000000003
0.1196567371379832,0.3315
0.12245610385231265,0.3316
0.12484061200821117,0.3317
0.1268035072367778,0.33180000000000004
0.128150524244095,0.33190000000000003
0.1289474886406713,0.332
0.12931485965128842,0.3321
0.12926350228004835,0.3322
0.12879924946259225,0.33230000000000004
0.1279277049188806,0.33240000000000003
0.12665494004577094,0.3325
0.12498690947263402,0.3326
0.12292970761347766,0.3327
0.12048951013938247,0.33280000000000004
0.11509717834484379,0.33290000000000003
0.10933928956120809,0.333
0.10349916881920018,0.3331
0.09763421052692622,0.3332
0.09175647827567557,0.33330000000000004
0.08584823482448045,0.33340000000000003
0.07990699941975843,0.3335
0.07402139042258993,0.3336
0.06824051595655911,0.3337
0.06261218797973167,0.33380000000000004
0.05718067440352015,0.33390000000000003
0.05198832423667055,0.334
0.0470757600137337,0.3341
0.04248330469331041,0.3342
0.038248747314401754,0.33430000000000004
0.0342497640509003,0.33440000000000003
0.030512157943734852,0.3345
0.027168286122390972,0.3346
0.024255631203497163,0.3347
0.021794950190026974,0.33480000000000004
0.01979847738115792,0.33490000000000003
0.018200095152289597,0.335
0.015884941338224712,0.3351
0.013409394621117343,0.3352
0.01082565633838617,0.33530000000000004
0.008495038716971548,0.33540000000000003
0.006452387429364936,0.3355
0.005657452804835206,0.3356
0.005624544862387504,0.3357
0.005730372188894384,0.33580000000000004
0.005725459066809213,0.33590000000000003
0.0057762047209604095,0.336
0.0059550961493928245,0.3361
0.006936028046675924,0.3362
0.00872114008150704,0.33630000000000004
0.011633530003271497,0.33640000000000003
0.015735812492001955,0.3365
0.02042551940756998,0.3366
0.025113086166295817,0.3367
0.030617812235735897,0.33680000000000004
0.0369284572477202,0.33690000000000003
0.04374021265268313,0.337
0.050809775564520265,0.3371
0.05803221412076498,0.3372
0.06529121912288949,0.3373
0.07232741572427259,0.33740000000000003
0.07941692790073318,0.3375
0.0864148929989983,0.3376
0.09319636822759736,0.3377
0.09972505777883423,0.3378
0.10598550216382874,0.33790000000000003
0.1119489691015737,0.338
0.11759896858621888,0.3381
0.1229099728400036,0.3382
0.1277375613061562,0.3383
0.13213178995000208,0.33840000000000003
0.13611481699958605,0.3385
0.1396778246152146,0.3386
0.1428161404229602,0.3387
0.14552765273041224,0.3388
0.1478102101080001,0.33890000000000003
0.14965972679319328,0.339
0.15107193024300036,0.3391
0.15204366433317962,0.3392
0.15257454798970516,0.3393
0.15266611820394715,0.33940000000000003
0.15119296209199717,0.3395
0.14718827906234755,0.3396
0.14283342774817331,0.3397
0.13823918389368706,0.3398
0.13344648834250306,0.33990000000000004
0.12847555543464362,0.34
0.12335421406780922,0.3401
0.11811636434895445,0.3402
0.112804490585519,0.3403
0.10746415996014735,0.34040000000000004
0.10214165169521572,0.3405
0.0968824448959762,0.3406
0.0917308756284394,0.3407
0.08662812067833292,0.3408
0.08168814026525262,0.34090000000000004
0.07696022196651042,0.341
0.0724736009693937,0.3411
0.0682481023706466,0.3412
0.06429792836870574,0.3413
0.0606327347731308,0.34140000000000004
0.057258158909331947,0.3415
0.05417560630788576,0.3416
0.05116363373061206,0.3417
0.04818134629621684,0.3418
0.04544975028577891,0.34190000000000004
0.0429952307726289,0.342
0.040330748991226795,0.3421
0.03778092273804812,0.3422
0.03557163853904033,0.3423
0.033306183460753314,0.34240000000000004
0.03079257600083052,0.3425
0.02852887795561454,0.3426
0.026483909360089486,0.3427
0.024588439543143936,0.3428
0.023135417229280808,0.34290000000000004
0.02184324973786933,0.343
0.02105130106877806,0.3431
0.02042989641175752,0.3432
0.02030561373708384,0.3433
0.02026198181097505,0.34340000000000004
0.02078587554493594,0.3435
0.02165943021112371,0.3436
0.022834700122922325,0.3437
0.024767824512796244,0.3438
0.02751138766766248,0.34390000000000004
0.030470527809888237,0.34400000000000003
0.033759780651868354,0.3441
0.03771398652166069,0.3442
0.04181084771267041,0.3443
0.04636214439990827,0.34440000000000004
0.05141111033663015,0.34450000000000003
0.056795271886422416,0.3446
0.062429404955997025,0.3447
0.06822448967643147,0.3448
0.07407389263002073,0.34490000000000004
0.07988724602627406,0.34500000000000003
0.08532701335386128,0.3451
0.09052815446588813,0.3452
0.09556496949766069,0.3453
0.10039888025437049,0.34540000000000004
0.10496928574265663,0.34550000000000003
0.10923380665092053,0.3456
0.11315334289967915,0.3457
0.11670051569383899,0.3458
0.11985499462649829,0.34590000000000004
0.12260291764564268,0.34600000000000003
0.1249344652586104,0.3461
0.1268441771350446,0.3462
0.12810811740443995,0.3463
0.12884950511282367,0.34640000000000004
0.12916328123143972,0.34650000000000003
0.1290593964753629,0.3466
0.12854323053493855,0.3467
0.12762040298543798,0.3468
0.12629679557180695,0.34690000000000004
0.12457839687066596,0.34700000000000003
0.12247139942196261,0.3471
0.11986962142875524,0.3472
0.11430594931878013,0.3473
0.10852641704397914,0.34740000000000004
0.10267735018614554,0.34750000000000003
0.0968097489065588,0.3476
0.09093379688678205,0.3477
0.08500887988680117,0.3478
0.07907645446835276,0.34790000000000004
0.0732060577633068,0.34800000000000003
0.06744562681558552,0.3481
0.06184207968363753,0.3482
0.05643936151540818,0.3483
0.051279717622074505,0.34840000000000004
0.04640398080380548,0.34850000000000003
0.04185261725936251,0.3486
0.03766330749278346,0.3487
0.03365006552371064,0.3488
0.02995851737237487,0.34890000000000004
0.026672432474134977,0.34900000000000003
0.023823516060193617,0.3491
0.021429761490414645,0.3492
0.01950224652516286,0.3493
0.01783113597862851,0.34940000000000004
0.015479975118432243,0.34950000000000003
0.012963475101939848,0.3496
0.010395091544259438,0.3497
0.008089141243955211,0.3498
0.006133331420729693,0.34990000000000004
0.005617035959850636,0.35000000000000003
0.00561655955388396,0.3501
0.005709899634276594,0.3502
0.005738851340619799,0.3503
0.005774820669841363,0.3504
0.006081986359675717,0.35050000000000003
0.007131099069214608,0.3506
0.009101221068447796,0.3507
0.0122347557057354,0.3508
0.016530405638917944,0.3509
0.0211943205910885,0.35100000000000003
0.026000821624469372,0.3511
0.031633177497150555,0.3512
0.038040080859905734,0.3513
0.0449071681384261,0.3514
0.05200236524062385,0.35150000000000003
0.059228325746881305,0.3516
0.06647212769283795,0.3517
0.07350781135995499,0.3518
0.08057981945336501,0.3519
0.08754352930547493,0.35200000000000004
0.09427839047785536,0.3521
0.10075351701065416,0.3522
0.10695723426630077,0.3523
0.1128623458499245,0.3524
0.11845275739822891,0.35250000000000004
0.12367706313997862,0.3526
0.12841017555204104,0.3527
0.13274277220603314,0.3528
0.13666369032108483,0.3529
0.140163699598435,0.35300000000000004
0.1432387829588423,0.3531
0.1458870902416033,0.3532
0.1481061805003645,0.3533
0.14989162778542642,0.3534
0.15123918314726803,0.35350000000000004
0.15214603509716396,0.3536
0.1526123260343315,0.3537
0.1526399258146205,0.3538
0.1505981722954426,0.3539
0.14654578998376988,0.35400000000000004
0.1421649723718934,0.3541
0.13755262197391582,0.3542
0.13274387161581047,0.3543
0.12776034087971955,0.3544
0.12263027207207966,0.35450000000000004
0.11738919054549823,0.3546
0.1120800962240952,0.3547
0.1067486979354062,0.3548
0.10144105154706307,0.3549
0.09620254455744803,0.35500000000000004
0.09106802559010208,0.3551
0.08598374456540703,0.3552
0.08107725805183141,0.3553
0.07638782717511527,0.3554
0.0719435481399886,0.35550000000000004
0.0677628650453671,0.3556
0.06385858666488375,0.3557
0.0602394545112227,0.3558
0.05691054577539689,0.3559
0.05387274966594435,0.35600000000000004
0.05083301695718179,0.3561
0.04788658962879411,0.3562
0.04519657292128065,0.3563
0.04278485819648248,0.3564
0.04006587389416416,0.35650000000000004
0.03755854035587336,0.35660000000000003
0.03540589827879681,0.3567
0.03306017311159559,0.3568
0.030601327646339715,0.3569
0.028349072991694424,0.35700000000000004
0.026365970867016975,0.35710000000000003
0.02449308807848305,0.3572
0.023087917871072783,0.3573
0.02184420669474796,0.3574
0.02112860860518828,0.35750000000000004
0.020527613754524277,0.35760000000000003
0.020446169563580918,0.3577
0.020444576335189923,0.3578
0.02104576501921107,0.3579
0.021887981972211756,0.35800000000000004
0.023151698037789714,0.35810000000000003
0.025185900729779664,0.3582
0.028025233302105823,0.3583
0.030960484124956222,0.3584
0.034326585813636346,0.35850000000000004
0.03835712091194576,0.35860000000000003
0.042453477334401635,0.3587
0.04705673290373458,0.3588
0.05214760812057273,0.3589
0.05755489843943362,0.35900000000000004
0.0631955698348432,0.35910000000000003
0.06898380427556972,0.3592
0.07481441923597132,0.3593
0.08059893623080372,0.3594
0.08598088453364361,0.35950000000000004
0.09114677530029958,0.35960000000000003
0.09614155889522347,0.3597
0.10092689021360979,0.3598
0.10544305224900641,0.3599
0.10964916780435274,0.36000000000000004
0.11350703747105384,0.36010000000000003
0.11699024146541925,0.3602
0.12007923130660791,0.3603
0.12276089953111524,0.3604
0.12502607944916067,0.36050000000000004
0.12686987095700042,0.36060000000000003
0.12802475029481175,0.3607
0.1287009970402666,0.3608
0.12895289824832235,0.3609
0.12878894689460396,0.36100000000000004
0.1282140293591748,0.36110000000000003
0.12723388782326206,0.3612
0.12585429770365264,0.3613
0.12408124688639222,0.3614
0.12192091290102691,0.36150000000000004
0.11899058725462608,0.36160000000000003
0.11340113244121308,0.3617
0.10761258808385954,0.3618
0.10176158975153504,0.3619
0.09589484454874775,0.36200000000000004
0.09002356648531584,0.36210000000000003
0.08408042822080053,0.3622
0.07815949974118352,0.3623
0.07230812074371029,0.3624
0.06657306663536433,0.36250000000000004
0.061000253886161926,0.36260000000000003
0.055633320161887045,0.3627
0.050514180063458314,0.3628
0.045683597458861636,0.3629
0.0411817244435273,0.36300000000000004
0.03702094401277001,0.36310000000000003
0.03301340009064546,0.3632
0.029377304291684947,0.3633
0.026157184409120182,0.3634
0.023379494294801573,0.3635
0.02105999304257722,0.36360000000000003
0.019208545398645027,0.3637
0.017447491354595446,0.3638
0.015088752504659908,0.3639
0.012512126820094949,0.364
0.010004844056003215,0.36410000000000003
0.007729403879909835,0.3642
0.0058851225759832815,0.3643
0.005589086895725792,0.3644
0.005647320818427115,0.3645
0.005713263351706299,0.36460000000000004
0.005748980319158381,0.3647
0.005783343372054217,0.3648
0.0062125440483686845,0.3649
0.007388087562052892,0.365
0.009543016506332824,0.36510000000000004
0.012877530143122984,0.3652
0.017349322768314357,0.3653
0.02201426174487353,0.3654
0.0269332190863254,0.3655
0.03267957135502897,0.36560000000000004
0.039171337629447134,0.3657
0.04608794720312437,0.3658
0.053205944567129126,0.3659
0.060434858293839544,0.366
0.06766879357382827,0.36610000000000004
0.0746992636379964,0.3662
0.08174993031067457,0.3663
0.08867676904346289,0.3664
0.0953633299075598,0.3665
0.10178350204374698,0.36660000000000004
0.10792893406257076,0.3667
0.11377364605624674,0.3668
0.11930175942740806,0.3669
0.12441095615001774,0.367
0.12907891351896406,0.36710000000000004
0.13334576580056956,0.3672
0.13719953637828852,0.3673
0.14063160437679023,0.3674
0.14363900599938728,0.3675
0.14621986789615593,0.36760000000000004
0.14837151542704263,0.3677
0.1500892007851542,0.3678
0.151368778191465,0.3679
0.1522078046990012,0.368
0.15260690738472715,0.36810000000000004
0.15256821858504632,0.3682
0.1499417926264235,0.3683
0.14583787550121263,0.3684
0.14142838250198464,0.3685
0.13679584267078404,0.36860000000000004
0.13196938245800882,0.3687
0.12697212312592565,0.3688
0.12183278844615475,0.3689
0.1165886184696815,0.369
0.1112831439941534,0.36910000000000004
0.10596217506025085,0.36920000000000003
0.10067146415296757,0.3693
0.09545624589803647,0.3694
0.09032869534818977,0.3695
0.08527716554102038,0.36960000000000004
0.08040971018988086,0.36970000000000003
0.07576370417679978,0.3698
0.07136559382865515,0.3699
0.06723280372796359,0.37
0.06337727999869835,0.37010000000000004
0.059807263340799,0.37020000000000003
0.05652739002637541,0.3703
0.05353800526598307,0.3704
0.05046646437028568,0.3705
0.04756056986617496,0.37060000000000004
0.044917592852846466,0.37070000000000003
0.04250031569106749,0.3708
0.03976899556467295,0.3709
0.03731253924168976,0.371
0.03522289218764141,0.37110000000000004
0.03276885102790561,0.37120000000000003
0.0303656528499896,0.3713
0.028130586018351167,0.3714
0.02617535625545986,0.3715
0.02438107370402598,0.37160000000000004
0.023011287765487554,0.37170000000000003
0.021847381934705812,0.3718
0.021161140181099602,0.3719
0.020640542010513352,0.372
0.020574437749928176,0.37210000000000004
0.020656410859896557,0.37220000000000003
0.02135388579834574,0.3723
0.02219082177075804,0.3724
0.023549948918599073,0.3725
0.0256916512976908,0.37260000000000004
0.028630591406322514,0.37270000000000003
0.03155557463689029,0.3728
0.03499841944116766,0.3729
0.03910333910766983,0.373
0.04319842140929575,0.37310000000000004
0.04785220294536008,0.37320000000000003
0.052981628955724114,0.3733
0.05840734515786239,0.3734
0.06404904028841618,0.3735
0.06982437337512293,0.37360000000000004
0.0756297971066533,0.37370000000000003
0.08137883010605718,0.3738
0.08670503498608262,0.3739
0.09182816716179698,0.374
0.09677292546988792,0.37410000000000004
0.10150180094880257,0.37420000000000003
0.10595612196086202,0.3743
0.11009643336365993,0.3744
0.11388546251295684,0.3745
0.11729776592910734,0.37460000000000004
0.12031460409788286,0.37470000000000003
0.12292359281116494,0.3748
0.1251161305846109,0.3749
0.12688032710212405,0.375
0.12792330354441872,0.37510000000000004
0.12852866284287934,0.37520000000000003
0.12871286247388625,0.3753
0.1284830596494435,0.3754
0.1278437821880224,0.3755
0.12680091367389046,0.37560000000000004
0.12536017161585256,0.37570000000000003
0.12352759295718596,0.3758
0.12130941440127263,0.3759
0.1180410125425485,0.376
0.11242597350522499,0.37610000000000005
0.10662946897501757,0.37620000000000003
0.10077789887282673,0.3763
0.09491321660403229,0.3764
0.08902148874060567,0.3765
0.08307952625489678,0.3766
0.07716992160393987,0.37670000000000003
0.07133813559284097,0.3768
0.06563113200170079,0.3769
0.060094090739965855,0.377
0.05476952454529482,0.3771
0.04969840499645528,0.37720000000000004
0.04492105653012923,0.3773
0.04047731538520161,0.3774
0.03631244312829396,0.3775
0.03236438703596467,0.3776
0.028798117423730396,0.37770000000000004
0.025652683329959958,0.3778
0.02295230245590396,0.3779
0.02071260471331926,0.378
0.018941715202496212,0.3781
0.017018859997264713,0.37820000000000004
0.014626953006089183,0.3783
0.012054915901153818,0.3784
0.009632825130895695,0.3785
0.007403523959848002,0.3786
0.005780590976175448,0.37870000000000004
0.005584718292744872,0.3788
0.005671855881311139,0.3789
0.005690909172267666,0.379
0.005764122036282515,0.3791
0.005789801034574049,0.37920000000000004
0.006352269365095475,0.3793
0.007618339755217418,0.3794
0.009951690848805983,0.3795
0.013492066128805602,0.3796
0.01814355932008671,0.37970000000000004
0.022817595781719158,0.3798
0.02785130830872129,0.3799
0.0337112621261062,0.38
0.04028965308591381,0.3801
0.04725905562437127,0.38020000000000004
0.05440318170591363,0.3803
0.061637717219394816,0.3804
0.06885183882125812,0.3805
0.0758776374925959,0.3806
0.08290857883771796,0.38070000000000004
0.08980100216879316,0.3808
0.09644280293040408,0.3809
0.10281236703705765,0.381
0.1089038670487662,0.3811
0.11469147498056287,0.38120000000000004
0.12015887184830909,0.38130000000000003
0.1251567563323357,0.3814
0.12975640039093506,0.3815
0.13395375156786526,0.3816
0.1377368823942493,0.38170000000000004
0.14109809481910673,0.38180000000000003
0.1440353920412697,0.3819
0.14654686969088082,0.382
0.14862972451447576,0.3821
0.150279076596038,0.38220000000000004
0.15149090818333355,0.38230000000000003
0.1522629212866492,0.3824
0.1525957957043269,0.3825
0.15249148155438086,0.3826
0.14923854095957723,0.38270000000000004
0.1450809123050516,0.38280000000000003
0.1406421337320768,0.3829
0.13598904621894403,0.383
0.13114424117215462,0.3831
0.12613247148613105,0.38320000000000004
0.12098285782940033,0.38330000000000003
0.11573438883115439,0.3834
0.11043140983083644,0.3835
0.10512051753857787,0.3836
0.09984783569483058,0.38370000000000004
0.0946588291777486,0.38380000000000003
0.08954446861731369,0.3839
0.08453371979623192,0.384
0.0797148427603751,0.3841
0.07512255651359057,0.38420000000000004
0.07078097920863091,0.38430000000000003
0.06670606187095418,0.3844
0.06290871867301628,0.3845
0.059396623184386765,0.3846
0.05617386767624177,0.38470000000000004
0.05324008522276458,0.38480000000000003
0.05015357239352802,0.3849
0.047290610146256906,0.385
0.044694664883276,0.3851
0.04223055048528823,0.38520000000000004
0.03954130844090398,0.38530000000000003
0.037139562584834085,0.3854
0.035109953776782055,0.3855
0.03255198321612829,0.3856
0.030204939175103362,0.38570000000000004
0.027983633364256244,0.38580000000000003
0.02603808142102193,0.3859
0.02431308684436595,0.386
0.022962249509951294,0.3861
0.021874739891506456,0.38620000000000004
0.021209115939150536,0.38630000000000003
0.02076884222916031,0.3864
0.020711781989634526,0.3865
0.02087683879751734,0.3866
0.021670209974721022,0.38670000000000004
0.022494082278356364,0.38680000000000003
0.023946942245671066,0.3869
0.026194143477755727,0.387
0.029183450913168985,0.3871
0.03214393220182554,0.38720000000000004
0.03566716653160418,0.38730000000000003
0.03978466896359789,0.3874
0.04393473292204364,0.3875
0.04864195365783952,0.3876
0.0538075643234468,0.38770000000000004
0.05924887404644075,0.38780000000000003
0.06488992338991173,0.3879
0.07065060324706574,0.388
0.07642911828827881,0.3881
0.08214064382977493,0.38820000000000005
0.08740849644674242,0.38830000000000003
0.09248745402981873,0.3884
0.0973807964583644,0.3885
0.10205192943931551,0.3886
0.10644329865597713,0.38870000000000005
0.1105169172703725,0.38880000000000003
0.11423648714434842,0.3889
0.11757756204327552,0.389
0.12052218369297685,0.3891
0.1230586239600322,0.38920000000000005
0.1251787547151918,0.38930000000000003
0.12682410319657023,0.3894
0.12779481628324263,0.3895
0.1283311854720781,0.3896
0.12844832995757427,0.38970000000000005
0.12815306541312022,0.38980000000000004
0.12745019046870076,0.3899
0.1263455407032671,0.39
0.12484488625517842,0.3901
0.12295426589187453,0.3902
0.12067997996275592,0.39030000000000004
0.11707819294321431,0.3904
0.1114399256200238,0.3905
0.10563775788953045,0.3906
0.09978779323378062,0.3907
0.09392746005429875,0.39080000000000004
0.08801563344706098,0.3909
0.08208302204377349,0.391
0.07618994012454883,0.3911
0.07038119893492123,0.3912
0.0647032620474387,0.39130000000000004
0.0592010831933969,0.3914
0.05391694791921897,0.3915
0.04889168501984975,0.3916
0.044165456009100046,0.3917
0.03977763755178332,0.39180000000000004
0.03559487096765168,0.3919
0.03170364610334464,0.392
0.028207027660745565,0.3921
0.025137455749479676,0.3922
0.022516353507072484,0.39230000000000004
0.02035914519280624,0.3924
0.018671718298677975,0.3925
0.016581585859152925,0.3926
0.014174828110204984,0.3927
0.011610351695884535,0.39280000000000004
0.009266793402908258,0.3929
0.007068180096622134,0.393
0.005719664421638182,0.3931
0.00560325117540228,0.3932
0.005694780217250894,0.39330000000000004
0.005702268913241992,0.3934
0.005763115211913972,0.3935
0.0058172831653826584,0.3936
0.006489537941761325,0.3937
0.007884517495470922,0.39380000000000004
0.01039821292085552,0.39390000000000003
0.014122041926098117,0.394
0.018933211031241237,0.3941
0.02362481238940317,0.3942
0.02876308935641836,0.39430000000000004
0.03472404620228664,0.39440000000000003
0.04137854234851224,0.3945
0.048394527662205755,0.3946
0.05556142480176485,0.3947
0.06280045025754621,0.39480000000000004
0.06999791976574166,0.39490000000000003
0.07701655470575186,0.395
0.08402614583975321,0.3951
0.09088367165004463,0.3952
0.0974809711576965,0.39530000000000004
0.10380070400237396,0.39540000000000003
0.10983932751750602,0.3955
0.11557123237472267,0.3956
0.12094986557738285,0.3957
0.125874247266186,0.39580000000000004
0.13040855348603297,0.39590000000000003
0.13453836900586724,0.396
0.13825276070510384,0.3961
0.14154532897678673,0.3962
0.14441474650177533,0.39630000000000004
0.14685910905666566,0.39640000000000003
0.14887545683854164,0.3965
0.15045880565039593,0.3966
0.15160525384368595,0.3967
0.152312626319711,0.39680000000000004
0.1525816294018747,0.39690000000000003
0.15236046415796523,0.397
0.14854735551489506,0.3971
0.14433823506807952,0.3972
0.13987074431581825,0.39730000000000004
0.13519714461673693,0.39740000000000003
0.13033434555007384,0.3975
0.12530871332610416,0.3976
0.12015016282681501,0.3977
0.11489960892317708,0.39780000000000004
0.10960209232809193,0.39790000000000003
0.1043043428706103,0.398
0.09905211555469817,0.3981
0.09389052406009046,0.3982
0.08879078435564192,0.39830000000000004
0.08381744712788075,0.39840000000000003
0.07904170832762736,0.3985
0.07449629369324984,0.3986
0.07020372645590645,0.3987
0.06617911216352845,0.39880000000000004
0.06243274997817361,0.39890000000000003
0.05897201053193668,0.399
0.05580063182726236,0.3991
0.05285603897880908,0.3992
0.049806371358410484,0.39930000000000004
0.04699083013298444,0.39940000000000003
0.044443422952606726,0.3995
0.0419282776212464,0.3996
0.03928393886639858,0.3997
0.03694051276810417,0.39980000000000004
0.03495502143394713,0.39990000000000003
0.032312745717231195,0.4
0.030024474429794834,0.4001
0.027816268018120205,0.4002
0.025888824338092586,0.40030000000000004
0.024238430537720124,0.40040000000000003
0.022913021214796103,0.4005
0.021904061017779197,0.4006
0.021262080443657183,0.4007
0.020902917351684813,0.40080000000000005
0.020857090572081516,0.40090000000000003
0.021106326244344942,0.401
0.02196041710934704,0.4011
0.022815361250189792,0.4012
0.02436703283457664,0.40130000000000005
0.026718220812499416,0.40140000000000003
0.029653621753957138,0.4015
0.03261049495365986,0.4016
0.036208417711567575,0.4017
0.04025764420983302,0.40180000000000005
0.044506067289246554,0.40190000000000003
0.049315085610689646,0.402
0.054548372935018685,0.4021
0.060033255480977044,0.4022
0.06569594192757622,0.40230000000000005
0.07146258540388206,0.40240000000000004
0.07723066017189384,0.4025
0.08289255717144273,0.4026
0.08811581782986566,0.4027
0.09316615166442521,0.40280000000000005
0.09802154429628585,0.40290000000000004
0.10264617607086746,0.403
0.10698403520203426,0.4031
0.11099887524737984,0.4032
0.11465556879755623,0.4033
0.11793086298009658,0.40340000000000004
0.12080772385263194,0.4035
0.12327527834694407,0.4036
0.12532595486317355,0.4037
0.12685531114645054,0.4038
0.12775417080656704,0.40390000000000004
0.12822141602262593,0.404
0.12827077518787156,0.4041
0.12790910301993952,0.4042
0.1271416337288468,0.4043
0.12597453488233068,0.40440000000000004
0.1244136047423493,0.4045
0.12246486580296445,0.4046
0.12013434628412589,0.4047
0.11614175466917354,0.4048
0.11047802070926616,0.40490000000000004
0.10466962841924876,0.405
0.09882009347694842,0.4051
0.09296156533524857,0.4052
0.08703048280400194,0.4053
0.08110379317349148,0.40540000000000004
0.0752233360187643,0.4055
0.06943323791971201,0.4056
0.06377989567524567,0.4057
0.05830931582681176,0.4058
0.05306487882246991,0.40590000000000004
0.04808756909358625,0.406
0.043416881298822485,0.4061
0.03909082524300489,0.4062
0.03491547709624876,0.4063
0.03108688703665674,0.40640000000000004
0.02766194222341367,0.40650000000000003
0.024667905753298136,0.4066
0.022124057624112403,0.4067
0.020045618337803495,0.4068
0.01843657698645429,0.40690000000000004
0.016186369535627243,0.40700000000000003
0.013754711668853226,0.4071
0.011191883483179677,0.4072
0.008854033282627904,0.4073
0.006724879544440121,0.40740000000000004
0.0056784540313217224,0.40750000000000003
0.005638693356360136,0.4076
0.005728374406083647,0.4077
0.00571487786680791,0.4078
0.0057617671721417185,0.40790000000000004
0.005859793177473316,0.40800000000000003
0.006631610956631562,0.4081
0.008172965240170305,0.4082
0.010868369169146463,0.4083
0.01476730088151168,0.40840000000000004
0.019658882083281037,0.40850000000000003
0.024442939812870268,0.4086
0.029694003806072677,0.4087
0.03574910060194059,0.4088
0.042471223547839276,0.40890000000000004
0.04952904739664188,0.40900000000000003
0.056715000877464394,0.4091
0.06395659192277814,0.4092
0.07114284429757567,0.4093
0.07815274350508272,0.40940000000000004
0.08510132778978174,0.40950000000000003
0.09185623376174779,0.4096
0.09838315163518918,0.4097
0.10465438796087845,0.4098
0.11064356667422492,0.40990000000000004
0.11632996526975425,0.41000000000000003
0.12167094906799791,0.4101
0.12653201936861036,0.4102
0.13100371146547507,0.4103
0.1350715999368438,0.41040000000000004
0.13872454642660392,0.41050000000000003
0.14195620894807448,0.4106
0.14476520737657872,0.4107
0.14714940894600392,0.4108
0.14910555046882235,0.41090000000000004
0.15062868117904826,0.41100000000000003
0.1517150737868922,0.4111
0.15236282716010674,0.4112
0.15257273169975583,0.4113
0.1518115411415374,0.41140000000000004
0.1479414747887936,0.41150000000000003
0.14369558017376727,0.4116
0.1391993402479793,0.4117
0.1344999203966073,0.4118
0.12961551927098935,0.41190000000000004
0.12457275746864227,0.41200000000000003
0.1194029302295484,0.4121
0.11414747863472474,0.4122
0.10885187352511139,0.4123
0.10356313781072768,0.41240000000000004
0.09832746814558324,0.41250000000000003
0.09318999824354901,0.4126
0.08810461925018698,0.4127
0.08316655057433286,0.4128
0.0784311034504711,0.41290000000000004
0.07392872271117279,0.41300000000000003
0.06968105234635547,0.4131
0.06570282379171799,0.4132
0.06200328680501077,0.4133
0.05858901255119209,0.41340000000000005
0.055463400913439154,0.41350000000000003
0.05250303795535838,0.4136
0.04949010913196683,0.4137
0.046716464912570865,0.4138
0.04421267093523018,0.41390000000000005
0.04165219581207724,0.41400000000000003
0.0390512499003175,0.4141
0.03676227125584264,0.4142
0.03467970719899838,0.4143
0.032091232849609685,0.41440000000000005
0.0298312261100262,0.41450000000000004
0.027679317541397852,0.4146
0.02577415739302924,0.4147
0.024193297375047607,0.4148
0.02288643551034264,0.41490000000000005
0.021948417212149796,0.41500000000000004
0.021322405948667633,0.4151
0.02103814836526996,0.4152
0.020998782863808074,0.4153
0.02132811247891664,0.41540000000000005
0.022186214367678536,0.41550000000000004
0.023128998423853186,0.4156
0.024781485097789657,0.4157
0.027230170294111566,0.4158
0.030160548241459306,0.41590000000000005
0.033192407281902314,0.41600000000000004
0.03686699312214392,0.4161
0.0409129328817186,0.4162
0.045217514474023446,0.4163
0.050075377137771104,0.4164
0.055339376063846535,0.41650000000000004
0.06083587851701433,0.4166
0.06649536018203928,0.4167
0.07224654426331278,0.4168
0.07798853441381504,0.4169
0.08359693533582191,0.41700000000000004
0.0887882214436565,0.4171
0.09379810808792821,0.4172
0.09860496240122896,0.4173
0.10317460975122095,0.4174
0.10745255342277504,0.41750000000000004
0.11140379958600355,0.4176
0.1149942963350965,0.4177
0.11820176524789072,0.4178
0.12101003693144019,0.4179
0.12340897030441667,0.41800000000000004
0.1253915260579025,0.4181
0.1268080367444021,0.4182
0.1276397906577329,0.4183
0.128043078417176,0.4184
0.12803007683636503,0.41850000000000004
0.12760715080978668,0.4186
0.12677972070503696,0.4187
0.1255539226285758,0.4188
0.12393565723629252,0.4189
0.12193103911181002,0.41900000000000004
0.11954625595360391,0.41910000000000003
0.11523059376939371,0.4192
0.10954467678134727,0.4193
0.10373152044376932,0.4194
0.0978843471933597,0.41950000000000004
0.09201329824492566,0.41960000000000003
0.08608214878482678,0.4197
0.08016619602609831,0.4198
0.07430242218735972,0.4199
0.06853469611921215,0.42000000000000004
0.06290922508837349,0.42010000000000003
0.057471603136814986,0.4202
0.05226503035573549,0.4203
0.04733044427864397,0.4204
0.04270741093085273,0.42050000000000004
0.03838247668135897,0.42060000000000003
0.034242478639141316,0.4207
0.0304737454637396,0.4208
0.027116136606623042,0.4209
0.024193862294540125,0.42100000000000004
0.02172581612156521,0.42110000000000003
0.01972569478841546,0.4212
0.01804868352382072,0.4213
0.015748755165908346,0.4214
0.0133161669385915,0.42150000000000004
0.010775878249190907,0.42160000000000003
0.008473934795290905,0.4217
0.006436413884718162,0.4218
0.005652767289182847,0.4219
0.005616547962161933,0.42200000000000004
0.0057135557892702415,0.42210000000000003
0.005724483171806627,0.4222
0.005765675506914425,0.4223
0.005937061584099457,0.4224
0.006838010499957026,0.42250000000000004
0.00857213996007844,0.42260000000000003
0.011464946018904465,0.4227
0.015545579714392632,0.4228
0.020216734887816834,0.4229
0.02488074983079258,0.42300000000000004
0.03035987730253842,0.42310000000000003
0.03664650351028764,0.4232
0.04343669536284711,0.4233
0.05048649740624778,0.4234
0.05769017577874025,0.42350000000000004
0.06495011222321523,0.42360000000000003
0.07197221280255783,0.4237
0.0790491098642635,0.4238
0.0860383597091976,0.4239
0.09281604717447955,0.42400000000000004
0.09934550784072971,0.42410000000000003
0.10561093668766086,0.4242
0.11158330263162519,0.4243
0.11724578218721426,0.4244
0.12255114873967587,0.42450000000000004
0.12736334368189062,0.42460000000000003
0.13178072957992704,0.4247
0.13579146237255968,0.4248
0.1393852832510356,0.4249
0.14255739295243108,0.42500000000000004
0.1453060287463005,0.42510000000000003
0.1476291586865085,0.4252
0.1495227036415484,0.4253
0.15098212256888732,0.4254
0.15200382458620743,0.42550000000000004
0.15258689443447826,0.42560000000000003
0.15273235202945068,0.4257
0.1513334675578335,0.4258
0.1473991525746371,0.4259
0.143113364125124,0.42600000000000005
0.13858617883093594,0.42610000000000003
0.13385813596734708,0.4262
0.12894909713970681,0.4263
0.12388663340918404,0.4264
0.1187044235371495,0.42650000000000005
0.11344481129484696,0.42660000000000003
0.1081532977152102,0.4267
0.10287614284044533,0.4268
0.0976587881253358,0.4269
0.09254546113860296,0.42700000000000005
0.08748173813528382,0.42710000000000004
0.08257602661209096,0.4272
0.07787786088757864,0.4273
0.07341668970454085,0.4274
0.06921273405416029,0.42750000000000005
0.0652796215726199,0.42760000000000004
0.06162584734072296,0.4277
0.05825723084513057,0.4278
0.05517636293376649,0.4279
0.05220685977717232,0.42800000000000005
0.049226825554713916,0.42810000000000004
0.04648905317329022,0.4282
0.044021487683230554,0.4283
0.041410335630707396,0.4284
0.03884403999463104,0.42850000000000005
0.036602886660145995,0.42860000000000004
0.03443200905798305,0.4287
0.0318911395845658,0.4288
0.02964387973416649,0.4289
0.027553370485923656,0.42900000000000005
0.025665243492589473,0.42910000000000004
0.02414955472417324,0.4292
0.022855770585147095,0.4293
0.02198438871010122,0.4294
0.02135175163948544,0.4295
0.021129013114988382,0.42960000000000004
0.02107122288174379,0.4297
0.021478866860775714,0.4298
0.02233345713994006,0.4299
0.02336785956380183,0.43
0.025125135838079737,0.43010000000000004
0.027676286842687192,0.4302
0.03060533506011609,0.4303
0.03371660411877242,0.4304
0.037472893613426095,0.4305
0.041519620350841446,0.43060000000000004
0.04588648821166719,0.4307
0.05079973563375528,0.4308
0.05610132111279542,0.4309
0.06161645049437836,0.431
0.06727962720943392,0.43110000000000004
0.07302210740319615,0.4312
0.07874462450940145,0.4313
0.08430327218346778,0.4314
0.08946889969505589,0.4315
0.09444442586744517,0.43160000000000004
0.09920835508844139,0.43170000000000003
0.10372800377185942,0.4318
0.10795035465306446,0.4319
0.11184167827467417,0.432
0.11536906396251823,0.43210000000000004
0.11851126773949783,0.43220000000000003
0.12125303080011274,0.4323
0.12358496874396241,0.4324
0.12550060090622384,0.4325
0.12680897817318282,0.43260000000000004
0.12757394855788573,0.43270000000000003
0.12791311168191544,0.4328
0.12783723459142904,0.4329
0.1273522190945573,0.433
0.12646363381979164,0.43310000000000004
0.12517757655562178,0.43320000000000003
0.12350005220525695,0.4333
0.12143729146241111,0.4334
0.11899567681898016,0.4335
0.11433671183052718,0.43360000000000004
0.10862482116673022,0.43370000000000003
0.10280383074575217,0.4338
0.09695597770982733,0.4339
0.09106701121539873,0.434
0.08513797277204949,0.43410000000000004
0.07922941021413199,0.43420000000000003
0.07337888717998842,0.4343
0.06763027156374901,0.4344
0.06202967899593681,0.4345
0.05662214954399625,0.43460000000000004
0.051450512464503495,0.43470000000000003
0.04655555862854932,0.4348
0.041977135069315885,0.4349
0.037640505952829084,0.435
0.033552167700723556,0.43510000000000004
0.029847932244591924,0.43520000000000003
0.02656015948802115,0.4353
0.023709963846000104,0.4354
0.021316829845965612,0.4355
0.01939316676752023,0.43560000000000004
0.017647462059949603,0.43570000000000003
0.015320788447431788,0.4358
0.012848025594533796,0.4359
0.010305187249332937,0.436
0.00801681780924457,0.43610000000000004
0.006074392892488012,0.43620000000000003
0.005608876466121293,0.4363
0.005619864775230576,0.4364
0.0057034303346366055,0.4365
0.005739319153405642,0.43660000000000004
0.005767628091904342,0.43670000000000003
0.0060840978322165284,0.4368
0.0071033002815421575,0.4369
0.009053606662670743,0.437
0.012182838621858982,0.43710000000000004
0.01647045294667704,0.43720000000000003
0.021115368654509803,0.4373
0.02591021107291236,0.4374
0.031529239389373576,0.4375
0.03792008847067807,0.43760000000000004
0.04476887123519124,0.43770000000000003
0.051844404309028924,0.4378
0.05904963408309594,0.4379
0.0662937187663788,0.438
0.07331189585948217,0.43810000000000004
0.08036570939867393,0.43820000000000003
0.0873131108636257,0.4383
0.094035079377223,0.4384
0.10050103893740148,0.4385
0.10669955641335316,0.43860000000000005
0.11260347031053819,0.43870000000000003
0.11819646587817989,0.4388
0.12336966868540278,0.4389
0.12811229232253718,0.439
0.1324598758988812,0.43910000000000005
0.13639907824158193,0.43920000000000003
0.1399201602204725,0.4393
0.14301954820240048,0.4394
0.14569543482513914,0.4395
0.1479454403763557,0.43960000000000005
0.14976500426887285,0.43970000000000004
0.1511496782216366,0.4398
0.15209638024515426,0.4399
0.1526049376743963,0.44
0.15267684459126318,0.44010000000000005
0.15066254502056997,0.44020000000000004
0.14667108791080552,0.4403
0.14235211340694076,0.4404
0.13780085055152524,0.4405
0.13305154809461273,0.44060000000000005
0.1281254819493599,0.44070000000000004
0.1230505836934026,0.4408
0.11786220494380195,0.4409
0.11260319644536865,0.441
0.10731919120869204,0.44110000000000005
0.10205622523741509,0.44120000000000004
0.09685969452210486,0.4413
0.09176109960108902,0.4414
0.08671709082590817,0.4415
0.08184826853908211,0.44160000000000005
0.07719285594317915,0.44170000000000004
0.0727783487827054,0.4418
0.06862345280872051,0.4419
0.06474071000399895,0.442
0.06113787038164664,0.44210000000000005
0.057820199392246696,0.44220000000000004
0.054789675114099046,0.4423
0.05178739860840498,0.4424
0.048848642921259344,0.4425
0.04615894495483386,0.44260000000000005
0.04374118769799651,0.44270000000000004
0.041070790037061045,0.4428
0.03855454231210964,0.4429
0.036379373823975936,0.443
0.03412126801502957,0.4431
0.03164471846802974,0.44320000000000004
0.029413679074884458,0.4433
0.02739723552472917,0.4434
0.025535478602428663,0.4435
0.02410267091693097,0.4436
0.022835270486273318,0.44370000000000004
0.022049117591743883,0.44380000000000003
0.021439400725763447,0.4439
0.021303498266279863,0.444
0.021256206139204536,0.4441
0.02174946316650561,0.44420000000000004
0.022576837725247545,0.44430000000000003
0.023714228165117035,0.4444
0.025588769514731657,0.4445
0.028252696411070755,0.4446
0.031162400736296947,0.44470000000000004
0.03436414037670121,0.44480000000000003
0.03821110789128701,0.4449
0.04225870683635913,0.445
0.046689377529504306,0.4451
0.05160669061195766,0.44520000000000004
0.05685861429045613,0.44530000000000003
0.06236423229795329,0.4454
0.06803554195286687,0.4455
0.07376748996033966,0.4456
0.07947021338964555,0.44570000000000004
0.08486452871375327,0.44580000000000003
0.08995883184576503,0.4459
0.09489373433935833,0.446
0.09963346401590822,0.4461
0.10411769184298147,0.44620000000000004
0.10830262025361259,0.44630000000000003
0.11214857491015096,0.4464
0.11562744623453414,0.4465
0.11871848941151142,0.4466
0.12140751623589885,0.44670000000000004
0.12368452738028157,0.44680000000000003
0.12554394925199008,0.4469
0.12676419135160244,0.447
0.12746620855950586,0.4471
0.12774486420419795,0.44720000000000004
0.12761009817133762,0.44730000000000003
0.12706722824488614,0.4474
0.12612177245619993,0.4475
0.12477954507888045,0.4476
0.12304649805220302,0.44770000000000004
0.12092886397961722,0.44780000000000003
0.11843329972057615,0.4479
0.11345144337672808,0.448
0.10770936717137747,0.4481
0.10187699871151723,0.44820000000000004
0.09602645400633736,0.44830000000000003
0.09011330929303174,0.4484
0.08418754524809902,0.4485
0.07828853357845822,0.4486
0.07245401885629033,0.44870000000000004
0.06672784446857616,0.44880000000000003
0.061156083964773345,0.4489
0.055783044369311474,0.449
0.05065097929266038,0.4491
0.045800436965000024,0.44920000000000004
0.041271459600886296,0.44930000000000003
0.036928011966396834,0.4494
0.032892659446356554,0.4495
0.02925227524414553,0.4496
0.02603640648164607,0.44970000000000004
0.02326504580376021,0.44980000000000003
0.020954414459139814,0.4499
0.019112833288208453,0.45
0.017303524260344316,0.4501
0.014965025318737002,0.45020000000000004
0.012421457652430856,0.45030000000000003
0.009937810028533889,0.4504
0.0076735467654738265,0.4505
0.005856397934164592,0.4506
0.005582919880980919,0.45070000000000005
0.0056538231645770765,0.45080000000000003
0.0056839619686015475,0.4509
0.005758639746189287,0.451
0.0057727643278440155,0.4511
0.006210903402527723,0.45120000000000005
0.007337496248439157,0.45130000000000003
0.009471127132453017,0.4514
0.012797254399417923,0.4515
0.017261549401789145,0.4516
0.021911867893722903,0.45170000000000005
0.026819287609533005,0.45180000000000003
0.03255205032860986,0.4519
0.03902926775345472,0.452
0.04593043874419034,0.4521
0.053032463643601924,0.45220000000000005
0.06024482752045368,0.45230000000000004
0.06748157633534446,0.4524
0.07449847739080784,0.4525
0.08153526070174943,0.4526
0.08845005256580585,0.45270000000000005
0.09512784740439151,0.45280000000000004
0.1015425883638541,0.4529
0.10768610852137672,0.453
0.11353229450869518,0.4531
0.11906504362723236,0.45320000000000005
0.12412521340486216,0.45330000000000004
0.12880348786181872,0.4534
0.13308584851351946,0.4535
0.13695829771150692,0.4536
0.1404117823872426,0.45370000000000005
0.1434437144222559,0.45380000000000004
0.1460521819197792,0.4539
0.14823448898460023,0.454
0.1499857295169671,0.4541
0.1513015492855453,0.45420000000000005
0.15217922234298853,0.45430000000000004
0.1526190239530778,0.4544
0.15262267682465336,0.4545
0.15000574720301751,0.4546
0.14596103195859977,0.45470000000000005
0.14161202045683463,0.45480000000000004
0.13703914263096917,0.4549
0.1322705068296547,0.455
0.1273289868231996,0.4551
0.1222430412577743,0.45520000000000005
0.11704980525451503,0.45530000000000004
0.11179268572781331,0.4554
0.10651742927076502,0.4555
0.10126976816104194,0.4556
0.09609494296241339,0.45570000000000005
0.0910032129556706,0.45580000000000004
0.08598984165315848,0.4559
0.08115756602223079,0.456
0.07654331218672505,0.4561
0.07217339848539406,0.4562
0.06806527753838676,0.45630000000000004
0.0642309061395282,0.45640000000000003
0.060678505723520404,0.4565
0.05741255318388627,0.4566
0.05443312194776739,0.4567
0.05140698025061341,0.45680000000000004
0.048508625860839594,0.45690000000000003
0.045864357668986555,0.457
0.04348768903397926,0.4571
0.04075012206452788,0.4572
0.03827665492906829,0.45730000000000004
0.03616177916250707,0.45740000000000003
0.03379207432585596,0.4575
0.031370717786835645,0.4576
0.029156542121741014,0.4577
0.027214399933454203,0.45780000000000004
0.025379781387238953,0.45790000000000003
0.024008036889071382,0.458
0.02278527675447184,0.4581
0.02208101611808444,0.4582
0.02149127329860745,0.45830000000000004
0.021408008396574862,0.45840000000000003
0.021401592843202755,0.4585
0.021986287482935074,0.4586
0.02281838244580081,0.4587
0.02405244944073548,0.45880000000000004
0.02603547657472216,0.45890000000000003
0.028802646622778427,0.459
0.03171049153458072,0.4591
0.034992247151484746,0.4592
0.038918234978663424,0.45930000000000004
0.04296575746700704,0.45940000000000003
0.04745267770087591,0.4595
0.05241539402182105,0.4596
0.05769269906047114,0.4597
0.06320595589531464,0.45980000000000004
0.0688706696901209,0.45990000000000003
0.07458338673092979,0.46
0.08025625727862251,0.4601
0.08559229117854072,0.4602
0.09064957061582168,0.46030000000000004
0.095539869161264,0.46040000000000003
0.10022770302275452,0.4605
0.1046536768806392,0.4606
0.10877560428395017,0.4607
0.11255484860233722,0.46080000000000004
0.11596444124180505,0.46090000000000003
0.11898459585615218,0.461
0.1216020133562794,0.4611
0.12380741341908497,0.4612
0.12559579682868027,0.46130000000000004
0.1266978663882844,0.46140000000000003
0.12732987758466574,0.4615
0.1275420682743189,0.4616
0.12734277141991757,0.4617
0.12673676423250124,0.46180000000000004
0.1257297086189152,0.46190000000000003
0.12432731915828432,0.462
0.12253559957694882,0.4621
0.12036084233986966,0.4622
0.11780986008639138,0.46230000000000004
0.11249887392072266,0.46240000000000003
0.10673520182112983,0.4625
0.10089981473727061,0.4626
0.09504292519901181,0.4627
0.08912145386012083,0.46280000000000004
0.08320434888586792,0.46290000000000003
0.07731942351186405,0.463
0.07150489553068884,0.4631
0.06580460749960015,0.4632
0.06026432156994255,0.46330000000000005
0.054927679430317955,0.46340000000000003
0.049836733893340535,0.4635
0.045032199198032474,0.4636
0.040537255384611726,0.4637
0.036200320032311994,0.46380000000000005
0.032226981530377286,0.46390000000000003
0.028658695533097633,0.464
0.025519472878212657,0.4641
0.022827620459545672,0.4642
0.020599163063480974,0.46430000000000005
0.018841096390312284,0.46440000000000003
0.016875748896017395,0.4645
0.0145119237834066,0.4646
0.011969995135663103,0.4647
0.009571439784285207,0.46480000000000005
0.007354146093945246,0.46490000000000004
0.005767501481184212,0.465
0.005584872737535829,0.4651
0.005679611436458343,0.4652
0.005690269733454434,0.46530000000000005
0.005762515049918093,0.46540000000000004
0.005790179763393466,0.4655
0.0063388717514696324,0.4656
0.007588561904807278,0.4657
0.009908509958514555,0.46580000000000005
0.013432058663922275,0.46590000000000004
0.01806891438909264,0.466
0.022733273349220706,0.4661
0.0277514151799374,0.4662
0.03359367611383379,0.46630000000000005
0.04015368624357407,0.46640000000000004
0.04710505591281877,0.4665
0.05423148708549541,0.4666
0.061448532090383035,0.4667
0.0686689090143292,0.46680000000000005
0.0756798903608834,0.46690000000000004
0.08269598702779224,0.467
0.08957594233739097,0.4671
0.09620885753408726,0.4672
0.10257302860908513,0.46730000000000005
0.10866257131127566,0.46740000000000004
0.11445151121547437,0.4675
0.11988194552792986,0.4676
0.12487598918606102,0.4677
0.1294873616753155,0.46780000000000005
0.13370002942432047,0.46790000000000004
0.13750129287290447,0.468
0.14088364490895078,0.4681
0.1438451647895237,0.4682
0.1463839684565158,0.46830000000000005
0.1484971536926184,0.46840000000000004
0.1501796530524917,0.4685
0.15142718593311966,0.4686
0.1522371327810026,0.4687
0.15260980577707672,0.46880000000000005
0.15254679150545647,0.46890000000000004
0.14932246904944757,0.46900000000000003
0.14522200930721707,0.4691
0.14084083163634376,0.4692
0.13624435155382308,0.4693
0.13145443312858973,0.46940000000000004
0.12649554223751536,0.46950000000000003
0.12139651349896319,0.4696
0.1161961563036813,0.4697
0.1109386599462161,0.4698
0.10567054210087279,0.46990000000000004
0.10043790944346409,0.47000000000000003
0.09528624526700558,0.4701
0.09020418947379083,0.4702
0.0852285568210791,0.4703
0.08044193996642979,0.47040000000000004
0.07587863342086332,0.47050000000000003
0.07156264027444847,0.4706
0.06750994853970049,0.4707
0.06373149295968417,0.4708
0.060234948615164874,0.47090000000000004
0.05702427763060758,0.47100000000000003
0.05409886804818442,0.4711
0.051056612611019014,0.4712
0.048200079487041414,0.4713
0.04560180079782694,0.47140000000000004
0.04317817905099086,0.47150000000000003
0.04048180501861309,0.4716
0.038061998759129745,0.4717
0.03600632142443638,0.4718
0.03353257374962593,0.47190000000000004
0.031166282905504383,0.47200000000000003
0.028964283469271823,0.4721
0.027044550031148473,0.4722
0.02528232850150003,0.4723
0.023937710264610113,0.47240000000000004
0.022791462225153047,0.47250000000000003
0.022115827881000305,0.4726
0.021598996549681893,0.4727
0.021526397808389497,0.4728
0.02160174636652945,0.47290000000000004
0.02228078047224713,0.47300000000000003
0.023104751309645843,0.4731
0.024432236426031873,0.4732
0.026520832341777822,0.4733
0.029386599553004045,0.47340000000000004
0.03228301799262101,0.47350000000000003
0.03564145268757102,0.4736
0.03964257135409954,0.4737
0.043687861264908756,0.4738
0.04822692776426396,0.47390000000000004
0.053230541654555985,0.47400000000000003
0.05852896888275194,0.4741
0.06404595377750544,0.4742
0.06970029923119747,0.4743
0.07538998742566161,0.47440000000000004
0.08102906964416534,0.47450000000000003
0.08630823776381658,0.4746
0.09132423634878561,0.4747
0.09616578320279223,0.4748
0.10079812443919633,0.47490000000000004
0.10516293466152304,0.47500000000000003
0.10921955116351745,0.4751
0.11293032166877892,0.4752
0.11626931833269427,0.4753
0.11921760397419812,0.47540000000000004
0.12176262866013254,0.47550000000000003
0.12389568528150408,0.4756
0.12560028876575602,0.4757
0.12659509636264643,0.4758
0.12715678251917728,0.47590000000000005
0.12730172647139715,0.47600000000000003
0.1270370476549293,0.4761
0.12636726997858716,0.4762
0.12529822545415903,0.4763
0.12383562664439574,0.47640000000000005
0.12198556063650778,0.47650000000000003
0.11975440433820628,0.4766
0.11710565266287154,0.4767
0.1115274757448882,0.4768
0.10574681183611434,0.47690000000000005
0.09991077245548163,0.47700000000000004
0.09403513863643842,0.4771
0.08811906359322119,0.4772
0.08221238070859949,0.4773
0.07634277339526396,0.47740000000000005
0.07054922621185433,0.47750000000000004
0.0648760505542817,0.4776
0.059368965530215645,0.4777
0.0540713632377372,0.4778
0.04902510062815146,0.47790000000000005
0.04427064394950664,0.47800000000000004
0.039763581901366196,0.4781
0.03548025476754857,0.4782
0.031571418113415906,0.4783
0.02807344308955817,0.47840000000000005
0.02500858917434079,0.47850000000000004
0.022395583590903323,0.4786
0.02024944200808787,0.4787
0.01857552403385987,0.4788
0.016440819836420983,0.47890000000000005
0.014063546811865946,0.47900000000000004
0.011530856210269835,0.4791
0.009211438262483496,0.4792
0.0070258540904430955,0.4793
0.005713012252779759,0.47940000000000005
0.0056069808614998,0.47950000000000004
0.005700063454331383,0.4796
0.005703021769879246,0.4797
0.005760043531050307,0.4798
0.005818969770728488,0.47990000000000005
0.0064794903241160995,0.48000000000000004
0.007856270340814486,0.4801
0.010356841435660291,0.4802
0.014065090405634084,0.4803
0.018862757939717367,0.48040000000000005
0.023545983837421458,0.48050000000000004
0.028669436461463027,0.4806
0.03461355769960228,0.4807
0.04125061171716249,0.4808
0.048249442073161175,0.48090000000000005
0.055399384541906516,0.48100000000000004
0.0626214969711908,0.4811
0.06982624324087539,0.4812
0.07683050897095556,0.4813
0.08382569837650877,0.48140000000000005
0.09067120323639888,0.48150000000000004
0.09726002351836216,0.48160000000000003
0.10357466888363132,0.4817
0.10961146264412114,0.4818
0.11534459350111403,0.48190000000000005
0.12067561107067137,0.48200000000000004
0.12560651253584,0.48210000000000003
0.13015238137462248,0.4822
0.13429688077988233,0.4823
0.13802861501050512,0.4824
0.14134152324587024,0.48250000000000004
0.14423425310667404,0.48260000000000003
0.14670491263255736,0.4827
0.14875041237191378,0.4828
0.15036558134369205,0.4829
0.15154625312537906,0.48300000000000004
0.1522899312126883,0.48310000000000003
0.15259695239849014,0.4832
0.15238759752191378,0.4833
0.1486297841992652,0.4834
0.1444773377168227,0.48350000000000004
0.14006608895332706,0.48360000000000003
0.1354473753248232,0.4837
0.13063780421552118,0.4838
0.12566341151327087,0.4839
0.12055390003862743,0.48400000000000004
0.11534995328891662,0.48410000000000003
0.11009644914195693,0.4842
0.10484003304821032,0.4843
0.0996264570851334,0.4844
0.0945008346235171,0.48450000000000004
0.08943164176550811,0.48460000000000003
0.08449189060037343,0.4847
0.07974689798133305,0.4848
0.07522897912447468,0.4849
0.07096056417785945,0.48500000000000004
0.06695681150736366,0.48510000000000003
0.06322804611265642,0.4852
0.059781641551631126,0.4853
0.05662120984835539,0.4854
0.05371399814730071,0.48550000000000004
0.05067382871975634,0.48560000000000003
0.04786097611055884,0.4857
0.04531033986775035,0.4858
0.04283471100467451,0.4859
0.04018332255342205,0.48600000000000004
0.037822057683967625,0.48610000000000003
0.03583042634062439,0.4862
0.03325180312503462,0.4863
0.030943661545128398,0.4864
0.028754754031759866,0.48650000000000004
0.026841768362925622,0.48660000000000003
0.025149927478931744,0.4867
0.023823241395958705,0.4868
0.022756959997312975,0.4869
0.022103733891267074,0.48700000000000004
0.021672497035769567,0.48710000000000003
0.021612591259455805,0.4872
0.021776807978747703,0.4873
0.02255799689884741,0.4874
0.023373193126721592,0.48750000000000004
0.02480096907301177,0.48760000000000003
0.027002368968426227,0.4877
0.0299617510511776,0.4878
0.03285968613799084,0.4879
0.036301930341020805,0.48800000000000004
0.04037449216847522,0.48810000000000003
0.04442782052161154,0.4882
0.049025051986661516,0.4883
0.054074500748438004,0.4884
0.05939822166564479,0.48850000000000005
0.0649224414936751,0.48860000000000003
0.07056900833884316,0.4887
0.07623732338761424,0.4888
0.08184336763795652,0.4889
0.08706324991515946,0.48900000000000005
0.0920383512239108,0.48910000000000003
0.0968312771726435,0.4892
0.10140805187193769,0.4893
0.10571151293604619,0.4894
0.10970263943756153,0.48950000000000005
0.1133448162226327,0.48960000000000004
0.1166131710716386,0.4897
0.11948957215206235,0.4898
0.12196213500375674,0.4899
0.12402262756413818,0.49000000000000005
0.12560610156126406,0.49010000000000004
0.12652761708575821,0.4902
0.12701914183723728,0.4903
0.12709564617553037,0.4904
0.12676390051220143,0.49050000000000005
0.12602873493854572,0.49060000000000004
0.12489596802125724,0.4907
0.12337140462126384,0.4908
0.12146116369748994,0.4909
0.11917170086080264,0.49100000000000005
0.11614584117678306,0.49110000000000004
0.11054188133797482,0.4912
0.1047547760679729,0.4913
0.09891989456501804,0.4914
0.09302448722806089,0.49150000000000005
0.08711071342902588,0.49160000000000004
0.0812103962878209,0.4917
0.07535307153386572,0.4918
0.06957969751501392,0.4919
0.06393565596078343,0.49200000000000005
0.058466051152969545,0.49210000000000004
0.05321328910976253,0.4922
0.04821820083625106,0.4923
0.043520652092995604,0.4924
0.039022010035607124,0.49250000000000005
0.03479938800360971,0.49260000000000004
0.0309596827812626,0.4927
0.027534873854361486,0.4928
0.02454562813440142,0.4929
0.02201088871052237,0.49300000000000005
0.019944566169206368,0.49310000000000004
0.01828741937544831,0.4932
0.016052039062471435,0.4933
0.013660231684981206,0.4934
0.011134074785202897,0.49350000000000005
0.008821318428806624,0.49360000000000004
0.006711913824235749,0.4937
0.005679593328366206,0.4938
0.00563487628470849,0.4939
0.005724264693448333,0.49400000000000005
0.005715352716564315,0.49410000000000004
0.005759366780576647,0.49420000000000003
0.005863200630082055,0.4943
0.006630721736698986,0.4944
0.00816624470563676,0.49450000000000005
0.010862109387243413,0.49460000000000004
0.014758583621230725,0.49470000000000003
0.019636709783386053,0.4948
0.024415412030238892,0.4949
0.029658026883443434,0.49500000000000005
0.0357014181719606,0.49510000000000004
0.04240886407483013,0.49520000000000003
0.04944978320965299,0.4953
0.0566170095735099,0.4954
0.06383858829185063,0.4955
0.07102752174762872,0.49560000000000004
0.07802084606110216,0.49570000000000003
0.08495270155547485,0.4958
0.09169299930787067,0.4959
0.09820816549717559,0.496
0.10447043608972006,0.49610000000000004
0.11045344553053471,0.49620000000000003
0.1161362944485731,0.4963
0.12142029276261346,0.4964
0.12628296792361182,0.4965
0.1307616756802823,0.49660000000000004
0.13484003123900345,0.49670000000000003
0.1385064091890077,0.4968
0.14175478897948013,0.4969
0.1445837085322048,0.497
0.14699098716504344,0.49710000000000004
0.14897314831576625,0.49720000000000003
0.15052494906597014,0.4973
0.15164229780995642,0.4974
0.15232290534244963,0.4975
0.1525671808914455,0.49760000000000004
0.15178968295076067,0.49770000000000003
0.1479720668338269,0.4978
0.1437811813554133,0.4979
0.13934004257060184,0.498
0.13469462832817558,0.49810000000000004
0.1298629296745587,0.49820000000000003
0.12487129008705122,0.4983
0.11975089144882045,0.4984
0.1145429562827468,0.4985
0.10929273968438336,0.49860000000000004
0.1040470637674491,0.49870000000000003
0.09885198788324978,0.4988
0.09375251097599435,0.4989
0.0886977378437066,0.499
0.08379521385302202,0.49910000000000004
0.07909295876793476,0.49920000000000003
0.07462077819733626,0.4993
0.07039928436634735,0.4994
0.06644278404574522,0.4995
0.06276120355827419,0.49960000000000004
0.05936180851244943,0.49970000000000003
0.056248053819503596,0.4998
0.053318080332012574,0.4999
0.05031644886829145,0.5
0.047548034995922306,0.5001
0.04504366029815077,0.5002
0.04251821106560927,0.5003000000000001
0.03991301786611845,0.5004000000000001
0.03760966576230529,0.5005000000000001
0.03559049362805422,0.5006
0.03299003510187459,0.5007
0.030746120253012377,0.5008
0.02857222530643977,0.5009
0.02667930790099815,0.501
0.025060873837063236,0.5011
0.023758316544241875,0.5012
0.022768362753668336,0.5013000000000001
0.022122845716045836,0.5014000000000001
0.021763458663000446,0.5015000000000001
0.021698312079304838,0.5016
0.021949466348493374,0.5017
0.022791225761059408,0.5018
0.023640983630631274,0.5019
0.02517310323971178,0.502
0.027484872374778258,0.5021
0.03038933523622478,0.5022
0.03328683801577492,0.5023
0.03680917631535707,0.5024000000000001
0.04081086560513136,0.5025000000000001
0.0449689729919136,0.5026
0.04967533667487056,0.5027
0.05479964735224763,0.5028
0.06017383609377214,0.5029
0.06572635110293523,0.503
0.07138541834547141,0.5031
0.07704959233658604,0.5032
0.08263892742994061,0.5033
0.08778597835881796,0.5034000000000001
0.0927371118361564,0.5035000000000001
0.0974974509692359,0.5036
0.10203236420352713,0.5037
0.10628565301089177,0.5038
0.11022058693572312,0.5039
0.11380190601409912,0.504
0.11700627174651956,0.5041
0.1198166174287505,0.5042
0.12222200367268599,0.5043
0.1242147599970479,0.5044000000000001
0.12568125284454434,0.5045000000000001
0.1265328371176918,0.5046
0.12695716634809384,0.5047
0.12696753511725045,0.5048
0.1265705925906554,0.5049
0.12577152922481905,0.505
0.1245764765238282,0.5051
0.12299130804576386,0.5052
0.12102221379476885,0.5053
0.11867548169018027,0.5054000000000001
0.11522899211398385,0.5055000000000001
0.10959882910972218,0.5056
0.10380595771957746,0.5057
0.09796653195335192,0.5058
0.0920616677096916,0.5059
0.0861508492161045,0.506
0.0802581646928956,0.5061
0.07441456957280224,0.5062
0.06866160282717693,0.5063
0.06304479699227883,0.5064000000000001
0.057608847757508075,0.5065000000000001
0.052395836278274155,0.5066
0.04744630041844666,0.5067
0.04279999924468103,0.5068
0.03830668592578079,0.5069
0.03413857499597528,0.507
0.03036203429561768,0.5071
0.027004739416807144,0.5072
0.024085731293076895,0.5073
0.021624341395606983,0.5074000000000001
0.019633030593217304,0.5075000000000001
0.017893554530962863,0.5076
0.015615524408152393,0.5077
0.013217288243427161,0.5078
0.010707622643891357,0.5079
0.008424758514729236,0.508
0.006404337106981073,0.5081
0.005645728621627377,0.5082
0.005611221496564012,0.5083
0.005703017539796962,0.5084000000000001
0.005721617095805653,0.5085000000000001
0.005762108343990935,0.5086
0.005945753251854979,0.5087
0.006843344508277616,0.5088
0.00857301082484141,0.5089
0.01146598242602015,0.509
0.015543061982726147,0.5091
0.020201629319713366,0.5092
0.02485981410258975,0.5093
0.030331571589432338,0.5094000000000001
0.03660777274028004,0.5095000000000001
0.043384489896137746,0.5096
0.05041883661660207,0.5097
0.05760525961012597,0.5098
0.06486805009334495,0.5099
0.07187669092635462,0.51
0.07893642248152044,0.5101
0.08590939426898858,0.5102
0.09267322717256865,0.5103
0.09919155246692035,0.5104000000000001
0.10544869771608556,0.5105000000000001
0.11141560636804693,0.5106
0.11707531132644444,0.5107
0.12232659978751348,0.5108
0.1271416471708835,0.5109
0.1315667221402952,0.511
0.13558802615141397,0.5111
0.139194839760986,0.5112
0.14238273543947755,0.5113
0.14514992243184155,0.5114000000000001
0.14749437704870672,0.5115000000000001
0.14941186321910627,0.5116
0.1508976365959247,0.5117
0.1519478446036867,0.5118
0.15256129257825146,0.5119
0.15273869484978897,0.512
0.15133097764383197,0.5121
0.14744638533112975,0.5122
0.14321234952679407,0.5123
0.13873672283646665,0.5124000000000001
0.13405895806216517,0.5125000000000001
0.12919868922817335,0.5126000000000001
0.12418323205514314,0.5127
0.11904618783933696,0.5128
0.11382977524669391,0.5129
0.108579404398228,0.513
0.10334126898859541,0.5131
0.09816079498278496,0.5132
0.09308220760767605,0.5133
0.08804686240057569,0.5134000000000001
0.08317419706355933,0.5135000000000001
0.07850619401036418,0.5136000000000001
0.07407164210714012,0.5137
0.06989090847466484,0.5138
0.06597791294647204,0.5139
0.062341239787121694,0.514
0.05898676708626138,0.5141
0.05591695359585702,0.5142
0.05297768277155224,0.5143
0.050007606580499075,0.5144000000000001
0.04727386612931328,0.5145000000000001
0.04480495667691131,0.5146000000000001
0.042228334855817895,0.5147
0.03965761668523449,0.5148
0.037402227890912076,0.5149
0.03529391416660288,0.515
0.03274161542665066,0.5151
0.030511954986732537,0.5152
0.028397730053191017,0.5153
0.026520742667383468,0.5154
0.024968150827418656,0.5155000000000001
0.023677808026201674,0.5156000000000001
0.022756194499261362,0.5157
0.02211892834742968,0.5158
0.021831586809730963,0.5159
0.021764875312807686,0.516
0.022089096194065405,0.5161
0.022898643630526294,0.5162
0.0238401197766398,0.5163
0.025480703984738007,0.5164
0.027901040547658074,0.5165000000000001
0.0307879057604874,0.5166000000000001
0.03377673769595502,0.5167
0.03739453234905343,0.5168
0.04140168635846431,0.5169
0.04563263053459399,0.517
0.050405731691488986,0.5171
0.05557843758867742,0.5172
0.06098094224512052,0.5173
0.06654577512623794,0.5174
0.07220359424542289,0.5175000000000001
0.07785457842063159,0.5176000000000001
0.08341692149459357,0.5177
0.08851726219921585,0.5178
0.09343801834723842,0.5179
0.09815973543363954,0.518
0.10264837692441475,0.5181
0.10684882243001992,0.5182
0.1107258813827593,0.5183
0.11424535105048816,0.5184
0.11738500024397858,0.5185000000000001
0.12012871416645243,0.5186000000000001
0.12246644431218223,0.5187
0.12439122783862899,0.5188
0.12574647011347417,0.5189
0.12652954723930432,0.519
0.1268880782205355,0.5191
0.12683389139735757,0.5192
0.12637317381331015,0.5193
0.12551128423375446,0.5194
0.12425431376947871,0.5195000000000001
0.12260819617743801,0.5196000000000001
0.12057916195688634,0.5197
0.1181736014635919,0.5198
0.11434073913083165,0.5199
0.1086812058960317,0.52
0.10287844844689342,0.5201
0.09702323721598205,0.5202
0.09111497920803657,0.5203
0.08520501539263126,0.5204
0.0793178295948731,0.5205000000000001
0.07348564226942722,0.5206000000000001
0.06775046784696981,0.5207
0.06215777113605425,0.5208
0.05675184620291063,0.5209
0.05157452832670284,0.521
0.0466661810454283,0.5211
0.04203992386411359,0.5212
0.03757019986066101,0.5213
0.03345434510730794,0.5214
0.02973720958395032,0.5215000000000001
0.026443927131107214,0.5216000000000001
0.023593146378031005,0.5217
0.021204051817697023,0.5218
0.019287877076912263,0.5219
0.017472884033113756,0.522
0.015167923607041889,0.5221
0.012734953199005306,0.5222
0.01021881378691103,0.5223
0.00795154994010372,0.5224
0.006027229391263322,0.5225000000000001
0.005603274989811169,0.5226000000000001
0.005624834136263024,0.5227
0.005693770379399554,0.5228
0.005736096647982469,0.5229
0.005773555057386748,0.523
0.006083424557486783,0.5231
0.007093624428630596,0.5232
0.009053304052305311,0.5233
0.012182604802429609,0.5234
0.016474543096355987,0.5235000000000001
0.021106835216496478,0.5236000000000001
0.0258987600855638,0.5237
0.03151387998584787,0.5238
0.0378973709274153,0.5239
0.04473548254028614,0.524
0.0517978391877989,0.5241
0.05898789866725185,0.5242
0.06623813976211701,0.5243
0.07324262550372518,0.5244
0.0802810041250992,0.5245000000000001
0.08721363816245065,0.5246000000000001
0.09392303845286687,0.5247
0.10037889599433891,0.5248
0.10657000252735704,0.5249
0.11246916076852786,0.525
0.11805987663617268,0.5251
0.1231801171711262,0.5252
0.12792565063211614,0.5253
0.13228056169640867,0.5254
0.13622963205938843,0.5255000000000001
0.1397627127271086,0.5256000000000001
0.14287662730796535,0.5257000000000001
0.14556952642378196,0.5258
0.14783902718717157,0.5259
0.1496804184821069,0.526
0.15108909750479504,0.5261
0.1520617753974718,0.5262
0.15259804661229803,0.5263
0.1526991143457881,0.5264
0.15065839449505813,0.5265000000000001
0.14671365038046824,0.5266000000000001
0.1424438653921617,0.5267000000000001
0.13794164434380318,0.5268
0.13324000767560373,0.5269
0.1283600788292597,0.527
0.12332957394349908,0.5271
0.11818384087846479,0.5272
0.11296564822435728,0.5273
0.10772057328740803,0.5274
0.10249460746845473,0.5275000000000001
0.09733313001810673,0.5276000000000001
0.09226161388116061,0.5277000000000001
0.08725094496531349,0.5278
0.08241341074499642,0.5279
0.07778659312156933,0.528
0.07339773405068017,0.5281
0.06926560196326148,0.5282
0.0654027498542673,0.5283
0.06181686821503829,0.5284
0.058513115253807424,0.5285000000000001
0.05549331741232044,0.5286000000000001
0.052521128032227304,0.5287000000000001
0.04959174726702931,0.5288
0.04690532538261993,0.5289
0.04448402730076939,0.529
0.04183450342480377,0.5291
0.03931018211166171,0.5292
0.03711945127577221,0.5293
0.0349130931929269,0.5294
0.032426978858810074,0.5295
0.030215281650337378,0.5296000000000001
0.028177509153406,0.5297000000000001
0.0263284335361611,0.5298
0.024861432278326934,0.5299
0.023598349146590758,0.53
0.022764960847903026,0.5301
0.022151077801287222,0.5302
0.02195419339054694,0.5303
0.021899386222488326,0.5304
0.022319663063941286,0.5305
0.023135216261454428,0.5306000000000001
0.02418311818555452,0.5307000000000001
0.025944269178485024,0.5308
0.028481538703609477,0.5309
0.031367605672920185,0.531
0.03444807798124838,0.5311
0.038158462314025865,0.5312
0.04216605153128117,0.5313
0.04646575611851134,0.5314
0.051299184111995855,0.5315
0.05651163108943513,0.5316000000000001
0.061931923098021424,0.5317000000000001
0.06749717338260142,0.5318
0.07314089733011353,0.5319
0.07876517125789506,0.532
0.08426421657220284,0.5321
0.08933101230219342,0.5322
0.09420847118874087,0.5323
0.09887728835991472,0.5324
0.10330523782834211,0.5325
0.1074389737541912,0.5326000000000001
0.11124476607106026,0.5327000000000001
0.11468966922696411,0.5328
0.11775256946929313,0.5329
0.12041834695530473,0.533
0.12267780745870605,0.5331
0.12452463450055917,0.5332
0.12574833904987448,0.5333
0.12645385048877222,0.5334
0.12673846274620926,0.5335
0.12661215156919492,0.5336000000000001
0.1260804844127391,0.5337000000000001
0.1251489899260415,0.5338
0.12382365837375253,0.5339
0.12211048574037553,0.534
0.12001576095222721,0.5341
0.11754602932525471,0.5342
0.11328730615590266,0.5343
0.10759955884316064,0.5344
0.10179113594712408,0.5345
0.09591968175557652,0.5346000000000001
0.09001381079841098,0.5347000000000001
0.08411127983222633,0.5348
0.07823655469355006,0.5349
0.07242269051376049,0.535
0.06671171054481118,0.5351
0.06114918714547657,0.5352
0.05578021987469084,0.5353
0.05064771444191729,0.5354
0.04579227107103723,0.5355
0.0411701841016181,0.5356000000000001
0.03676270626248668,0.5357000000000001
0.03271924013007088,0.5358
0.02907965478477692,0.5359
0.02586739980072461,0.536
0.023101483310325355,0.5361
0.02080034268445452,0.5362
0.018973898107990994,0.5363
0.017049140678321972,0.5364
0.014721023057546745,0.5365
0.012197629557533896,0.5366000000000001
0.009753771038568892,0.5367000000000001
0.007530607447659987,0.5368
0.005807440211455628,0.5369
0.00558289836594561,0.537
0.005657470710148882,0.5371
0.005684378828791248,0.5372
0.005759108398081025,0.5373
0.005777268979631822,0.5374
0.006218542912455938,0.5375
0.007352276074908293,0.5376000000000001
0.009509458338299304,0.5377000000000001
0.012856754430135453,0.5378000000000001
0.017340958803152562,0.5379
0.02198560372113878,0.538
0.026901105811448334,0.5381
0.03264082579404426,0.5382
0.03911992924375274,0.5383
0.04601711530889885,0.5384
0.053110177453461915,0.5385
0.060309234206442186,0.5386000000000001
0.06754348921439246,0.5387000000000001
0.07454590180540155,0.5388000000000001
0.08156522728714011,0.5389
0.088461927549494,0.539
0.09512315695419926,0.5391
0.10152389620197433,0.5392
0.10765627727005067,0.5393
0.11349377305987707,0.5394
0.11897335302690448,0.5395
0.12402571440893306,0.5396000000000001
0.12870101084269692,0.5397000000000001
0.13298208643180753,0.5398000000000001
0.1368549064691129,0.5399
0.14031108994636488,0.54
0.14334828170074032,0.5401
0.14596471774278708,0.5402
0.14815772747295153,0.5403
0.14992240980718075,0.5404
0.15125435595320125,0.5405
0.15215065657722437,0.5406000000000001
0.15261124293500639,0.5407000000000001
0.15263739055361802,0.5408000000000001
0.1499230215508276,0.5409
0.14591547571646002,0.541
0.14160886879475754,0.5411
0.13707932849837912,0.5412
0.13235299633397624,0.5413
0.12745279101680496,0.5414
0.12240709219725843,0.5415
0.11725339179729821,0.5416000000000001
0.1120352737002066,0.5417000000000001
0.10679862633782122,0.5418000000000001
0.10158921592945491,0.5419
0.09645225708491223,0.542
0.09139099020163599,0.5421
0.0864163082660695,0.5422
0.08162151068435497,0.5423
0.07704253976732223,0.5424
0.07270536369671843,0.5425
0.06862742158193569,0.5426
0.06481985582779193,0.5427000000000001
0.06128973316458197,0.5428000000000001
0.0580417105840183,0.5429
0.05507695370327648,0.543
0.052074325459500415,0.5431
0.04918958820282504,0.5432
0.046554530321149645,0.5433
0.044185879637500536,0.5434
0.041470530351723545,0.5435
0.03899856314702199,0.5436
0.03687783694234481,0.5437000000000001
0.034556831540620836,0.5438000000000001
0.03213253537634908,0.5439
0.02993690788014436,0.544
0.027981226795269265,0.5441
0.026159005283531878,0.5442
0.024779988756199023,0.5443
0.023541744828248445,0.5444
0.022797780251753608,0.5445
0.022204155300945105,0.5446
0.022099657923639437,0.5447000000000001
0.02205347239076838,0.5448000000000001
0.02257173798512002,0.5449
0.02339121929680643,0.545
0.02454730230263591,0.5451
0.026430072964204188,0.5452
0.029084248955598246,0.5453
0.031969536232831386,0.5454
0.0351412738446335,0.5455
0.03894288215559838,0.5456
0.042951285158393526,0.5457000000000001
0.04731759785024514,0.5458000000000001
0.052156894909836105,0.5459
0.05732038048419863,0.546
0.06273150582511389,0.5461
0.06830489967663456,0.5462
0.07393757574937987,0.5463
0.07954109902904594,0.5464
0.0849124456144531,0.5465
0.08996993774444895,0.5466
0.09482761906189874,0.5467000000000001
0.09946673249072246,0.5468000000000001
0.10385233988087195,0.5469
0.1079360100479746,0.547
0.11168408887816772,0.5471
0.11506675947678024,0.5472
0.11806325011648644,0.5473
0.1206605774715187,0.5474
0.12284988739706204,0.5475
0.12462633794036837,0.5476
0.12573417624565553,0.5477000000000001
0.12636698679794556,0.5478000000000001
0.1265820028294551,0.5479
0.12638784537720027,0.548
0.12578954766491823,0.5481
0.12479277409776346,0.5482
0.12340331289036488,0.5483
0.12162717613391671,0.5484
0.1194706858115192,0.5485
0.11694068840729754,0.5486
0.11229463165343112,0.5487000000000001
0.10657666842280522,0.5488000000000001
0.1007599283408066,0.5489
0.09486717160431912,0.549
0.08896391073247223,0.5491
0.08307024145021025,0.5492
0.0772100225525243,0.5493
0.07141695779193324,0.5494
0.06573328918736154,0.5495
0.060204307744045615,0.5496
0.054874564831612904,0.5497000000000001
0.04978668946875087,0.5498000000000001
0.044981277840924205,0.5499
0.04035773313935964,0.55
0.03600596664636102,0.5501
0.03202885801592714,0.5502
0.02846158275927424,0.5503
0.025325906328527603,0.5504
0.02264109180937135,0.5505
0.020424543418292584,0.5506
0.018684491276962367,0.5507000000000001
0.016596966661082124,0.5508000000000001
0.014252375472732615,0.5509000000000001
0.011748570087817711,0.551
0.009390667610542192,0.5511
0.00720651879656975,0.5512
0.005736318823756248,0.5513
0.005590841091325238,0.5514
0.005686895122894553,0.5515
0.005696534682582355,0.5516
0.005757943324179893,0.5517000000000001
0.00580008832173351,0.5518000000000001
0.006351441374089273,0.5519000000000001
0.007615943497578881,0.552
0.009963056337965792,0.5521
0.013507007060022058,0.5522
0.01816411034274612,0.5523
0.022827303800920573,0.5524
0.027855212390170303,0.5525
0.033705667303352005,0.5526
0.04026894264648884,0.5527000000000001
0.04721824352550463,0.5528000000000001
0.05433785523907497,0.5529000000000001
0.061544044534874165,0.553
0.06876700517141388,0.5531
0.0757656780473347,0.5532
0.08276634210389577,0.5533
0.08962997126605465,0.5534
0.09624760271004373,0.5535
0.1025984504138654,0.5536
0.10867694909921455,0.5537000000000001
0.11445684517077781,0.5538000000000001
0.11983150549953592,0.5539000000000001
0.12481867555012527,0.554
0.12942611361285006,0.5541
0.1336362020901819,0.5542
0.1374362383551,0.5543
0.14081942542520198,0.5544
0.14378409927531177,0.5545
0.14632853772532783,0.5546
0.14844983818851176,0.5547000000000001
0.15014289293374017,0.5548000000000001
0.15140333029056086,0.5549000000000001
0.15222835099501109,0.555
0.15261796766250146,0.5551
0.1525734015750433,0.5552
0.149217235900441,0.5553
0.1451506023213036,0.5554
0.14080959700641638,0.5555
0.13625445011485204,0.5556
0.1315047374448849,0.5557
0.12658512310178682,0.5558000000000001
0.12152443621690256,0.5559000000000001
0.11636196829333278,0.556
0.11114210479731867,0.5561
0.10591147365435116,0.5562
0.10071616319489352,0.5563
0.09560162026253227,0.5564
0.09054980649165456,0.5565
0.08561229237302037,0.5566
0.08086289030689942,0.5567
0.07633491968202688,0.5568000000000001
0.07205178432500847,0.5569000000000001
0.06802924461948878,0.557
0.06427812769349173,0.5571
0.06080612306271049,0.5572
0.05761712161443322,0.5573
0.05471029526302629,0.5574
0.051696485967562156,0.5575
0.04885512734814568,0.5576
0.046266772734435024,0.5577
0.0438646855957725,0.5578000000000001
0.04117411707346719,0.5579000000000001
0.038754625227391815,0.558
0.03669412400710925,0.5581
0.03426390152114811,0.5582
0.031896707213197706,0.5583
0.029713254135676825,0.5584
0.027808633131438887,0.5585
0.026030503669769223,0.5586
0.024688884912301923,0.5587
0.023514812733666624,0.5588000000000001
0.02283316032888094,0.5589000000000001
0.022277450330171478,0.559
0.022192627914982888,0.5591
0.02221963504081037,0.5592
0.02283537624328358,0.5593
0.02365144515695028,0.5594
0.0249060529293903,0.5595
0.026900095018574044,0.5596
0.0296598530466754,0.5597
0.03253708318088622,0.5598000000000001
0.03579162440645933,0.5599000000000001
0.039675503462179185,0.56
0.04368234511672142,0.5601
0.048107701641245226,0.5602
0.052995088473563046,0.5603
0.05818607852036051,0.5604
0.0636063156334098,0.5605
0.06917388054352958,0.5606
0.0747872281562223,0.5607
0.08035989169230628,0.5608000000000001
0.0856345801757723,0.5609000000000001
0.09059037525706826,0.561
0.095378433130059,0.5611
0.0999659012522639,0.5612
0.10429425957054617,0.5613
0.1083211541924004,0.5614
0.11200815730328784,0.5615
0.11532843291889705,0.5616
0.11826244749868386,0.5617
0.12079711823218764,0.5618000000000001
0.12292333310741044,0.5619000000000001
0.12463620201549641,0.562
0.12564051920786845,0.5621
0.12620634576610168,0.5622
0.12635751032552522,0.5623
0.12610145437315612,0.5624
0.12544268839022799,0.5625
0.12438698917034063,0.5626
0.12294005597142044,0.5627
0.12110799118848192,0.5628000000000001
0.11889723216885006,0.5629000000000001
0.11631482358129186,0.5630000000000001
0.1113673585435101,0.5631
0.1056277628557315,0.5632
0.09978656169808353,0.5633
0.09389161112973943,0.5634
0.08799175769721901,0.5635
0.0821055045340573,0.5636
0.07625715256867394,0.5637
0.070482055483168,0.5638000000000001
0.06482325844093795,0.5639000000000001
0.05932622578390889,0.5640000000000001
0.05403492009440125,0.5641
0.04899116634664602,0.5642
0.04423468257449725,0.5643
0.03960164739074745,0.5644
0.03530563102317141,0.5645
0.031395528211837664,0.5646
0.027900479783853127,0.5647
0.02484025075516416,0.5648000000000001
0.022234670532735645,0.5649000000000001
0.02009997224483917,0.5650000000000001
0.018388467270979314,0.5651
0.01616859344638244,0.5652
0.013819308127753116,0.5653
0.011333737406511668,0.5654
0.009056640590549891,0.5655
0.006908736198948828,0.5656
0.005696751153392743,0.5657
0.005618196724621383,0.5658000000000001
0.005711737560189389,0.5659000000000001
0.005707338208863044,0.5660000000000001
0.005757304160699306,0.5661
0.005828410091287761,0.5662
0.006496466863026518,0.5663
0.007886960753457295,0.5664
0.010410549550811554,0.5665
0.014137794082472732,0.5666
0.01895331905586506,0.5667
0.023633298707655293,0.5668000000000001
0.028765559916308137,0.5669000000000001
0.03471679426331997,0.5670000000000001
0.04135611977995435,0.5671
0.04835175933669955,0.5672
0.05549357762936724,0.5673
0.06270343110023047,0.5674
0.069909184582025,0.5675
0.07690061889020239,0.5676
0.08388062675977759,0.5677
0.09071082327441748,0.5678000000000001
0.09728596494571118,0.5679000000000001
0.1035891419972027,0.5680000000000001
0.10961672715430626,0.5681
0.11532885662763981,0.5682
0.12061914000767349,0.5683
0.12554511333283447,0.5684
0.13008853282670374,0.5685
0.13423187324410057,0.5686
0.13796390074124498,0.5687
0.1412790986307788,0.5688
0.1441763488346367,0.5689000000000001
0.146653887267718,0.5690000000000001
0.14870863534767864,0.5691
0.150335376431031,0.5692
0.1515298241884686,0.5693
0.15228924704776003,0.5694
0.15261363231479996,0.5695
0.1522564879545979,0.5696
0.14853137213478318,0.5697
0.1444184600802596,0.5698
0.14004823547456935,0.5699000000000001
0.13546963638985843,0.5700000000000001
0.13069941683557496,0.5701
0.125763540807325,0.5702
0.12069214182447252,0.5703
0.11552605881005773,0.5704
0.11031027457869857,0.5705
0.1050914421536232,0.5706
0.09991532739825704,0.5707
0.09482689148099277,0.5708
0.08979038262829353,0.5709000000000001
0.08488830367647315,0.5710000000000001
0.08017960152525039,0.5711
0.07569571323955027,0.5712
0.07145854246527406,0.5713
0.06748302629735303,0.5714
0.06377941409736454,0.5715
0.060355093629505197,0.5716
0.05721362185018908,0.5717
0.05433202936745962,0.5718
0.05130719846895837,0.5719000000000001
0.048505443259794445,0.5720000000000001
0.045961685432737154,0.5721
0.043506246865097076,0.5722
0.040859151472945276,0.5723
0.03849484098138323,0.5724
0.03649294119285962,0.5725
0.033941094532433214,0.5726
0.031629681344434335,0.5727
0.029457947578900523,0.5728
0.027560161924913507,0.5729000000000001
0.025852066406397478,0.5730000000000001
0.024528875092411084,0.5731
0.02343373300659879,0.5732
0.022759728311101624,0.5733
0.02228103659205871,0.5734
0.022192842204046492,0.5735
0.022311244966562782,0.5736
0.023034208445448456,0.5737
0.023838697257507535,0.5738
0.025199775066640395,0.5739000000000001
0.027315491340241804,0.5740000000000001
0.030190135335836255,0.5741
0.033054868522987224,0.5742
0.03640054947193616,0.5743
0.04037594324231342,0.5744
0.044380999030956936,0.5745
0.04887439455535114,0.5746
0.053819243302461794,0.5747
0.0590465938118252,0.5748
0.06448399867889265,0.5749000000000001
0.0700529191457262,0.5750000000000001
0.07565309964333,0.5751000000000001
0.08120009691764574,0.5752
0.08641406464513679,0.5753
0.09133639710503294,0.5754
0.09608266776213303,0.5755
0.10062031485699507,0.5756
0.10489193351555537,0.5757
0.10885707244146292,0.5758
0.11247852571520522,0.5759000000000001
0.11573072841349086,0.5760000000000001
0.11859509738401852,0.5761000000000001
0.12105931174497286,0.5762
0.12311478641098206,0.5763
0.12471325908380371,0.5764
0.1256383200157546,0.5765
0.12613511000919686,0.5766
0.12621900151280052,0.5767
0.12589679450616753,0.5768
0.1251731415572438,0.5769000000000001
0.12405381612817812,0.5770000000000001
0.12254460421367586,0.5771000000000001
0.1206516883944383,0.5772
0.1183816374193506,0.5773
0.11574165105675172,0.5774
0.11039370090319012,0.5775
0.10463171804261462,0.5776
0.09877407367958035,0.5777
0.0928828125210448,0.5778
0.08698769090023561,0.5779000000000001
0.08110831114107742,0.5780000000000001
0.0752707336428966,0.5781000000000001
0.0695137837505011,0.5782
0.0638818985404277,0.5783
0.058420081901566334,0.5784
0.05317080466367763,0.5785
0.04817497767953327,0.5786
0.043431040800770315,0.5787
0.038855765550361854,0.5788
0.0346274078038562,0.5789000000000001
0.03079052238497404,0.5790000000000001
0.027371736769966182,0.5791000000000001
0.024390210095348364,0.5792
0.021865121624066397,0.5793
0.019811849519119074,0.5794
0.018050557672848244,0.5795
0.015809402894823688,0.5796
0.013451353616068973,0.5797
0.0109687330279864,0.5798
0.00871207310768174,0.5799000000000001
0.0066462191633192,0.5800000000000001
0.005674078173725894,0.5801000000000001
0.005628450058695833,0.5802
0.005714262239065793,0.5803
0.005717920042953795,0.5804
0.00575813604383546,0.5805
0.0058749884071460645,0.5806
0.006659494407666111,0.5807
0.008213873073620537,0.5808
0.010935182230603635,0.5809000000000001
0.01485414789857753,0.5810000000000001
0.019730285664857794,0.5811000000000001
0.02452590938772259,0.5812
0.02978109336650281,0.5813
0.035830939404697615,0.5814
0.04253844906375481,0.5815
0.04957373034565271,0.5816
0.0567299311271694,0.5817
0.0639365091512667,0.5818
0.07112640868798237,0.5819
0.07810575080906157,0.5820000000000001
0.08502193892904164,0.5821000000000001
0.09174706424612533,0.5822
0.0982487634747522,0.5823
0.10449935871198301,0.5824
0.11047224638252984,0.5825
0.11614607594760629,0.5826
0.12137402816781373,0.5827
0.12622934388090312,0.5828
0.1307038413270113,0.5829
0.1347797537744928,0.5830000000000001
0.13844536735992652,0.5831000000000001
0.1416952012406838,0.5832
0.14452791197779224,0.5833
0.14694141753327883,0.5834
0.14893218027778943,0.5835
0.1504948134977141,0.5836
0.1516249817166846,0.5837
0.15232007191708963,0.5838
0.15258011288300066,0.5839
0.15167318482403602,0.5840000000000001
0.14788575695681971,0.5841000000000001
0.14373107335486945,0.5842
0.1393273687277865,0.5843
0.134718522081409,0.5844
0.12992273914804242,0.5845
0.12496640620980215,0.5846
0.11988118142925708,0.5847
0.11470846912678923,0.5848
0.10949358604390713,0.5849
0.10428325278256845,0.5850000000000001
0.09912337690931117,0.5851000000000001
0.0940586454748209,0.5852
0.08903311540539216,0.5853
0.08416507157331421,0.5854
0.07949576893658894,0.5855
0.0750543337848234,0.5856
0.07086109079841008,0.5857
0.06693033115290836,0.5858
0.06327200684965095,0.5859
0.059893391562571674,0.5860000000000001
0.056797796325109395,0.5861000000000001
0.05389169333975308,0.5862
0.050905225341589366,0.5863
0.048147927553467085,0.5864
0.045650501371968355,0.5865
0.043144061534686085,0.5866
0.040542820615048214,0.5867
0.03823802345183358,0.5868
0.036251740201578064,0.5869
0.03365122984557045,0.5870000000000001
0.03140146809468125,0.5871000000000001
0.029244100642670023,0.5872
0.027365211840671977,0.5873
0.025730360669274033,0.5874
0.024432660412332385,0.5875
0.023415452432267836,0.5876
0.0227657839428006,0.5877
0.022368199630178554,0.5878
0.02229387190087806,0.5879
0.02249800603325336,0.5880000000000001
0.023318356274027563,0.5881000000000001
0.024119028043379176,0.5882000000000001
0.025575396460975064,0.5883
0.02779675333635967,0.5884
0.030676181490431498,0.5885
0.033481952274782234,0.5886
0.03689909819017645,0.5887
0.04086472453889911,0.5888
0.04491819659747742,0.5889
0.049514308944769825,0.5890000000000001
0.054533872979590114,0.5891000000000001
0.05981314817555827,0.5892000000000001
0.06527990949487772,0.5893
0.07086253137208498,0.5894
0.07645953325548571,0.5895
0.08199064841238746,0.5896
0.0871323882411209,0.5897
0.09203060491924442,0.5898
0.09674453994533261,0.5899
0.10124097480894689,0.5900000000000001
0.10546340837668011,0.5901000000000001
0.10937358329399216,0.5902000000000001
0.11293549354191057,0.5903
0.11612495736080408,0.5904
0.11892433961688753,0.5905
0.12132219159040758,0.5906
0.12331046909836418,0.5907
0.12479512799211168,0.5908
0.12564996920691585,0.5909
0.12607906460261264,0.5910000000000001
0.12609634233319178,0.5911000000000001
0.1257086226948707,0.5912000000000001
0.12492099615266228,0.5913
0.12373960568427322,0.5914
0.12217032492172752,0.5915
0.12021939432129569,0.5916
0.11789317292930779,0.5917
0.11505923944147578,0.5918
0.10946853581210636,0.5919
0.10369091800607477,0.5920000000000001
0.0978166574471,0.5921000000000001
0.09192649110898654,0.5922000000000001
0.08603487039788216,0.5923
0.08016255302340891,0.5924
0.07433679824854678,0.5925
0.06859797379117416,0.5926
0.06299108417333477,0.5927
0.05756115523528771,0.5928
0.052350318816742236,0.5929
0.047399008101578266,0.5930000000000001
0.04266011955434368,0.5931000000000001
0.0381350559494118,0.5932000000000001
0.03396732074981168,0.5933
0.030198547403675002,0.5934
0.026852707440046197,0.5935
0.023948709060752194,0.5936
0.021505230815368703,0.5937
0.019534278411094563,0.5938
0.017735491928326796,0.5939
0.01547063345183286,0.5940000000000001
0.013084170208965462,0.5941000000000001
0.01058192024416904,0.5942000000000001
0.00831182639989958,0.5943
0.006324455745748914,0.5944
0.005633620222711189,0.5945
0.005607699972737024,0.5946
0.005696805916017178,0.5947
0.005721811897049012,0.5948
0.005759312875865286,0.5949
0.0059760221121463175,0.595
0.00689305504751081,0.5951000000000001
0.008660509879846456,0.5952000000000001
0.011593553244822363,0.5953
0.01570377414081725,0.5954
0.020341074024203154,0.5955
0.025017716181204186,0.5956
0.030510197070056533,0.5957
0.036798444073264935,0.5958
0.043575911708962245,0.5959
0.05060306251034241,0.596
0.05777605038858247,0.5961000000000001
0.06502138492786191,0.5962000000000001
0.07203082321516352,0.5963
0.0790740992917035,0.5964
0.0860270079534462,0.5965
0.0927698320697723,0.5966
0.09926796958583972,0.5967
0.10550661628452407,0.5968
0.11145710395904374,0.5969
0.11710241684980194,0.597
0.12228723564797084,0.5971000000000001
0.1270922828518991,0.5972000000000001
0.13151132822171463,0.5973
0.13552869082208874,0.5974
0.13913329085410686,0.5975
0.14232111915551537,0.5976
0.14509027553815712,0.5977
0.1474386300663687,0.5978
0.14936172230763145,0.5979
0.15085468003188873,0.598
0.15191357206774492,0.5981000000000001
0.1525371625657248,0.5982000000000001
0.15272605193321442,0.5983
0.15118550059794766,0.5984
0.1473293886374729,0.5985
0.14313054137938597,0.5986
0.1386919202589738,0.5987
0.13405072497012183,0.5988
0.1292266120677944,0.5989
0.12424670800124238,0.599
0.1191448638016307,0.5991000000000001
0.11396329411103179,0.5992000000000001
0.10874737240401444,0.5993
0.10354321517755904,0.5994
0.09839625107390004,0.5995
0.09334545731853039,0.5996
0.08834033146762921,0.5997
0.08350100639419322,0.5998
0.07886529197751069,0.5999
0.0744613573793178,0.6
0.07030929716591994,0.6001000000000001
0.06642283663244086,0.6002000000000001
0.06281035543315872,0.6003000000000001
0.059477518729225354,0.6004
0.05642651672579113,0.6005
0.053506021884862864,0.6006
0.05055133704439041,0.6007
0.04782935752849693,0.6008
0.0453682475933086,0.6009
0.04280655861832661,0.601
0.040241262003133604,0.6011000000000001
0.03798678253429233,0.6012000000000001
0.035908745030008626,0.6013000000000001
0.03335929576032903,0.6014
0.031147649421523704,0.6015
0.0290295944342549,0.6016
0.02716676749414959,0.6017
0.025600896806016626,0.6018
0.024318211289868996,0.6019
0.02337331796563258,0.602
0.022736456880631195,0.6021000000000001
0.02241520081377768,0.6022000000000001
0.022344141325683298,0.6023000000000001
0.02262538069511244,0.6024
0.023425756036088208,0.6025
0.024312386768086114,0.6026
0.02588086836417558,0.6027
0.028216408674543336,0.6028
0.03108208519564637,0.6029
0.03398484665961399,0.603
0.03750335229438262,0.6031000000000001
0.04147661900637134,0.6032000000000001
0.04560799364281043,0.6033000000000001
0.050276072424893625,0.6034
0.05534876335119798,0.6035
0.06066027698062715,0.6036
0.06614255353663312,0.6037
0.07172640499210747,0.6038
0.07731196063490786,0.6039
0.08282060243623901,0.604
0.08790890369546478,0.6041000000000001
0.09277706922601148,0.6042000000000001
0.09745240969181324,0.6043000000000001
0.10190206883542818,0.6044
0.10607059704608268,0.6045
0.10992145586426716,0.6046
0.1134197534876501,0.6047
0.11654250018188228,0.6048
0.11927306468024512,0.6049
0.12160094638795127,0.605
0.12351885572205124,0.6051000000000001
0.1248875137647859,0.6052000000000001
0.12567125919391575,0.6053000000000001
0.12603212037558587,0.6054
0.12598247794329598,0.6055
0.12552866303565913,0.6056
0.12467593704283275,0.6057
0.12343038806053663,0.6058
0.121797939960965,0.6059
0.11978486432883906,0.606
0.11739761933794957,0.6061000000000001
0.11415547246846691,0.6062000000000001
0.1085338263985286,0.6063000000000001
0.10273914217218483,0.6064
0.09685491973737947,0.6065
0.09096139337236708,0.6066
0.08507056198741025,0.6067
0.0792037410519969,0.6068
0.07338965402671882,0.6069
0.06766915444199595,0.607
0.06208719590084133,0.6071000000000001
0.05668834192341432,0.6072000000000001
0.051514407956356756,0.6073000000000001
0.046605604184609684,0.6074
0.041866771378128886,0.6075
0.03738929470353458,0.6076
0.03327805335424405,0.6077
0.029570873616418192,0.6078
0.02629051805800442,0.6079
0.023456413095354955,0.608
0.021086790754433427,0.6081
0.019192550024491162,0.6082000000000001
0.017314694951701792,0.6083000000000001
0.015021489779756036,0.6084
0.012604710379906514,0.6085
0.010120813051530897,0.6086
0.007873959867836122,0.6087
0.00598109155372506,0.6088
0.005597590155059562,0.6089
0.0056299693188930355,0.609
0.005678259785632855,0.6091
0.005752925604051162,0.6092000000000001
0.005764862724935149,0.6093000000000001
0.006114025591309913,0.6094
0.007132469758260651,0.6095
0.009123981301819795,0.6096
0.012297838055140176,0.6097
0.016626772979036364,0.6098
0.02124551815208009,0.6099
0.02605653769959515,0.61
0.031690650250576935,0.6101
0.038085513926690906,0.6102000000000001
0.044924993622911025,0.6103000000000001
0.051981263683280154,0.6104
0.05915933954220676,0.6105
0.0663939601607546,0.6106
0.0733984383191435,0.6107
0.08042148927637849,0.6108
0.08733557486678412,0.6109
0.09402563440798162,0.611
0.10046272080113927,0.6111
0.10663633074922418,0.6112000000000001
0.11251946979526173,0.6113000000000001
0.11804641765344359,0.6114
0.12315340785414519,0.6115
0.12788973632444,0.6116
0.13223744353442735,0.6117
0.1361809301066047,0.6118
0.13971047517696378,0.6119
0.1428229093682395,0.612
0.1455164041395024,0.6121
0.1477884444322729,0.6122000000000001
0.14963418913796123,0.6123000000000001
0.1510489059539406,0.6124
0.15202918521799413,0.6125
0.15257446709956368,0.6126
0.15268577529028182,0.6127
0.15050775974375064,0.6128
0.14658957047959265,0.6129
0.14235300631089576,0.613
0.13788571290852558,0.6131
0.13321850821955594,0.6132000000000001
0.12837267238047378,0.6133000000000001
0.12337583467834556,0.6134000000000001
0.1182636745171638,0.6135
0.11307898595116694,0.6136
0.1078672997792105,0.6137
0.10267448763521969,0.6138
0.09754587895508338,0.6139
0.09249791261688012,0.614
0.08752072299768066,0.6141
0.08271635793740528,0.6142000000000001
0.07812156765954203,0.6143000000000001
0.07376307666185211,0.6144000000000001
0.06965945037497401,0.6145
0.06582301500271126,0.6146
0.06226127121801217,0.6147
0.05897916396145053,0.6148
0.055978259180312406,0.6149
0.05302401962898928,0.615
0.05011009424644319,0.6151
0.04743557550401878,0.6152000000000001
0.045022177223594584,0.6153000000000001
0.042385453803060136,0.6154000000000001
0.03986698776986497,0.6155
0.03767836939680813,0.6156
0.035488795917933524,0.6157
0.03300204152518482,0.6158
0.030802413845735455,0.6159
0.028762226059410922,0.616
0.02692564066747405,0.6161
0.02544808043134128,0.6162000000000001
0.024192266647683036,0.6163000000000001
0.02333828300483831,0.6164000000000001
0.02272466695333608,0.6165
0.0224970712115915,0.6166
0.02243749353789659,0.6167
0.022818506109613557,0.6168
0.02362464389927621,0.6169
0.024622260748054847,0.617
0.02631731303692053,0.6171
0.028777101278382622,0.6172000000000001
0.031642753481957,0.6173000000000001
0.034644681072008465,0.6174000000000001
0.03826468896403168,0.6175
0.042239800369016534,0.6176
0.04644861006714396,0.6177
0.05118617362052924,0.6178
0.05630694466263919,0.6179
0.06164328423120846,0.618
0.06713190843405947,0.6181
0.07270659131828394,0.6182000000000001
0.07826946645565724,0.6183000000000001
0.08374392825409904,0.6184000000000001
0.0887705563349861,0.6185
0.0935971801586497,0.6186
0.09822213083359888,0.6187
0.10261322263987971,0.6188
0.10671622510920153,0.6189
0.11049642984950248,0.619
0.11392019399948539,0.6191
0.11696580946451351,0.6192000000000001
0.11961768356250801,0.6193000000000001
0.1218662342623188,0.6194000000000001
0.12370485716641522,0.6195
0.12493756226582675,0.6196
0.12564199478069604,0.6197
0.1259272386534327,0.6198
0.12580371611063967,0.6199
0.12527711218179582,0.62
0.1243528616227273,0.6201
0.12303693939137939,0.6202000000000001
0.12133531888738869,0.6203000000000001
0.11925431887948357,0.6204000000000001
0.11680054241292859,0.6205
0.11309480847554376,0.6206
0.10744288673955671,0.6207
0.10162769526587179,0.6208
0.09574296445804131,0.6209
0.08985185404625118,0.621
0.08396775825774105,0.6211
0.07811250829023209,0.6212
0.07231615420858628,0.6213000000000001
0.06661953953535305,0.6214000000000001
0.06106778910744104,0.6215
0.05570625849646116,0.6216
0.050577815460494335,0.6217
0.04572284936293558,0.6218
0.0409922142369028,0.6219
0.03657865108804814,0.622
0.032541581429592625,0.6221
0.028913682114871664,0.6222
0.025715830919951443,0.6223000000000001
0.02296768636097779,0.6224000000000001
0.020686708554749078,0.6225
0.01888247887852801,0.6226
0.016879823407970562,0.6227
0.014564824586164704,0.6228
0.012067103587728445,0.6229
0.009658040420723824,0.623
0.007456934942716931,0.6231
0.005790476668132705,0.6232
0.00558194756064978,0.6233000000000001
0.005667528205623329,0.6234000000000001
0.005685868851122766,0.6235
0.00575917578488272,0.6236
0.0057801074747978465,0.6237
0.006239943894964073,0.6238
0.007390532293026775,0.6239
0.009582687904036158,0.624
0.012967754230574835,0.6241
0.017484399600500744,0.6242
0.022120446324467302,0.6243000000000001
0.0270525564690296,0.6244000000000001
0.03280854292898994,0.6245
0.03929699622557181,0.6246
0.04619517542083451,0.6247
0.05328255492846057,0.6248
0.06047060297878393,0.6249
0.06769936410529875,0.625
0.07469208059318011,0.6251
0.0816962894607356,0.6252
0.08857570924779001,0.6253000000000001
0.09521932939912559,0.6254000000000001
0.10160318739377727,0.6255000000000001
0.10771995541694013,0.6256
0.11354316245045737,0.6257
0.1189642771450774,0.6258
0.12400451921973554,0.6259
0.12867091560831,0.626
0.1329447678984379,0.6261
0.13681185848776878,0.6262
0.1402642723027252,0.6263000000000001
0.14329973137138252,0.6264000000000001
0.14591650337454787,0.6265000000000001
0.14811182063697736,0.6266
0.14988065736430567,0.6267
0.1512184745147056,0.6268
0.15212221003613136,0.6269
0.1525916029505362,0.627
0.1526277088770236,0.6271
0.14977770995792083,0.6272
0.14579461864104803,0.6273000000000001
0.14151900482258284,0.6274000000000001
0.13702211053954338,0.6275000000000001
0.13232787977824778,0.6276
0.12745925954960913,0.6277
0.12244423312203923,0.6278
0.11732033345040016,0.6279
0.11213140858264503,0.628
0.1069242533502166,0.6281
0.10174556438940796,0.6282
0.09664088299204121,0.6283000000000001
0.09160587661256436,0.6284000000000001
0.08666710895128493,0.6285000000000001
0.08190801353278021,0.6286
0.07736353600213264,0.6287
0.0730591359977728,0.6288
0.06901198619191018,0.6289
0.06523291395254294,0.629
0.06172870102288486,0.6291
0.058503683982302324,0.6292
0.05555868302068245,0.6293000000000001
0.05258061016398852,0.6294000000000001
0.04971013689799264,0.6295000000000001
0.047084648999959455,0.6296
0.04472122957527813,0.6297
0.04201880926335777,0.6298
0.03954969038287248,0.6299
0.0374277442692601,0.63
0.03513101377981176,0.6301
0.03270829659633612,0.6302
0.030526269194243172,0.6303000000000001
0.02856529679495101,0.6304000000000001
0.02675258998329033,0.6305000000000001
0.02535922699998361,0.6306
0.02412449400609651,0.6307
0.023357180388096976,0.6308
0.022760901303143566,0.6309
0.022623462741735212,0.631
0.02257074814033433,0.6311
0.023048053014447012,0.6312
0.023857030645816568,0.6313000000000001
0.024961478624008215,0.6314000000000001
0.026777195013288013,0.6315000000000001
0.029353873773556582,0.6316
0.03221873927750818,0.6317
0.03531270056568747,0.6318
0.03902542803595632,0.6319
0.04300162551873754,0.632
0.047279279162570687,0.6321
0.0520264383659963,0.6322
0.057102926278620236,0.6323000000000001
0.062434190106114396,0.6324000000000001
0.06793468167851935,0.6325000000000001
0.073502022180156,0.6326
0.07904757526759021,0.6327
0.08441271936081685,0.6328
0.08941536996812549,0.6329
0.09422402957801845,0.633
0.0988215210181893,0.6331
0.1031723491742067,0.6332
0.10722687093360472,0.6333000000000001
0.11095071237829934,0.6334000000000001
0.11431337792982987,0.6335000000000001
0.11729363412059901,0.6336
0.1198780421563671,0.6337
0.12205738913337905,0.6338
0.12382652704911656,0.6339
0.12494445776211294,0.634
0.1255769764864263,0.6341
0.1257933202827417,0.6342
0.125602544490251,0.6343
0.12500981146549583,0.6344000000000001
0.1240207118845763,0.6345000000000001
0.12264105286217175,0.6346
0.12087685847063279,0.6347
0.118734514990948,0.6348
0.11622094991742171,0.6349
0.11211976647640953,0.635
0.10643732610162149,0.6351
0.10059519041146858,0.6352
0.09470902563678629,0.6353
0.08882126564150061,0.6354000000000001
0.08294581989044347,0.6355000000000001
0.07710445110221731,0.6356
0.07132834684163525,0.6357
0.06565854985766795,0.6358
0.06013999519133062,0.6359
0.054817453899145496,0.636
0.049733498439080925,0.6361
0.04488989916915487,0.6362
0.040201796870390494,0.6363
0.03584804338831771,0.6364000000000001
0.031877405575360784,0.6365000000000001
0.02832046599820126,0.6366
0.025198062375048513,0.6367
0.022529858383358636,0.6368
0.020332281850556688,0.6369
0.018610721256349105,0.637
0.016411404338004587,0.6371
0.014079568617452631,0.6372
0.01161367913782474,0.6373
0.009294124135765358,0.6374000000000001
0.007147844009137261,0.6375000000000001
0.005730759804548846,0.6376000000000001
0.005594491628318599,0.6377
0.005690924524233587,0.6378
0.005698301998429578,0.6379
0.005756924680535569,0.638
0.005804173560290282,0.6381
0.006372077254229058,0.6382
0.00765106554011874,0.6383
0.010026396542359706,0.6384000000000001
0.013600589069074243,0.6385000000000001
0.01828317457119355,0.6386000000000001
0.022939266371092115,0.6387
0.02798043134746986,0.6388
0.03384357236325419,0.6389
0.040413847115594814,0.639
0.04736306661255352,0.6391
0.05447659022370921,0.6392
0.06167164138813441,0.6393
0.06888952074862942,0.6394000000000001
0.07587624709068375,0.6395000000000001
0.08286214501846179,0.6396000000000001
0.08970985082087135,0.6397
0.09631200583727884,0.6398
0.10264860254536257,0.6399
0.10871433247363294,0.64
0.11446892166188682,0.6401
0.11980557552245541,0.6402
0.12478351993019943,0.6403
0.1293841394641625,0.6404000000000001
0.1335888661543242,0.6405000000000001
0.13738507618260098,0.6406000000000001
0.1407662862629967,0.6407
0.14373092254104503,0.6408
0.14627730204891431,0.6409
0.1484025074216655,0.641
0.15010137758157538,0.6411
0.1513694374255684,0.6412
0.15220369558605507,0.6413
0.15260390426238268,0.6414000000000001
0.15257099416434194,0.6415000000000001
0.1490889258881417,0.6416000000000001
0.1450471854207641,0.6417
0.14073716255090085,0.6418
0.1362143440010135,0.6419
0.13149620123893335,0.642
0.12660758990236587,0.6421
0.12157736504915562,0.6422
0.1164452899591697,0.6423
0.11125593853139093,0.6424000000000001
0.10605601352202254,0.6425000000000001
0.10089153350166047,0.6426000000000001
0.0958078550983188,0.6427
0.09078042072999692,0.6428
0.08587464788064703,0.6429
0.08115639550188303,0.643
0.07665817215375936,0.6431
0.07240289503199537,0.6432
0.0684061474419243,0.6433
0.06467864603921447,0.6434000000000001
0.061228044593080067,0.6435000000000001
0.058058107303025075,0.6436000000000001
0.055167759141714345,0.6437
0.05217268163234645,0.6438
0.049344430004501394,0.6439
0.04676540770140214,0.644
0.04437546071214671,0.6441
0.04169079378596985,0.6442
0.03927366370527818,0.6443
0.03721175132450649,0.6444000000000001
0.03480737776797649,0.6445000000000001
0.03244119243385035,0.6446000000000001
0.030271211497002515,0.6447
0.02837824607140549,0.6448
0.026591028590994936,0.6449
0.02525320318339297,0.645
0.024061100210517106,0.6451
0.023362457714203533,0.6452
0.022773361203517917,0.6453
0.022665504274848258,0.6454000000000001
0.022662424491137534,0.6455000000000001
0.023239383663893554,0.6456000000000001
0.024046428815803766,0.6457
0.02525497311699576,0.6458
0.027188683944117775,0.6459
0.02987822252891914,0.646
0.03273774606390023,0.6461
0.0359206696559784,0.6462
0.03972327958723687,0.6463
0.0436982167674993,0.6464000000000001
0.04804320754310254,0.6465000000000001
0.05284777515504002,0.6466000000000001
0.057960909752709844,0.6467
0.06330981266632119,0.6468
0.06881241396341242,0.6469
0.07436766901406555,0.647
0.0798889336503027,0.6471
0.08515594438237839,0.6472
0.09006491443835407,0.6473
0.09481057079796618,0.6474000000000001
0.09936147337685519,0.6475000000000001
0.10365907502757088,0.6476000000000001
0.10765996730793193,0.6477
0.11132533060332284,0.6478
0.11462781823905699,0.6479
0.11754755520335203,0.648
0.12007110793918563,0.6481
0.1221890686048216,0.6482
0.1238962786626151,0.6483
0.12491087330322537,0.6484
0.12547776803309985,0.6485000000000001
0.12563151382419402,0.6486000000000001
0.12537983906226768,0.6487
0.1247272943503015,0.6488
0.12367955343775228,0.6489
0.12224233528852446,0.649
0.12042178654822244,0.6491
0.11822445184746033,0.6492
0.11565749926864244,0.6493
0.111212758753919,0.6494
0.10550041136636557,0.6495000000000001
0.09963960289441165,0.6496000000000001
0.09375339449473985,0.6497
0.08786839423344028,0.6498
0.08199936766859361,0.6499
0.07616879007274968,0.65
0.0704096398541888,0.6501
0.06476379135098975,0.6502
0.059276330370300556,0.6503
0.05399146834807178,0.6504
0.04895117337039112,0.6505000000000001
0.044108398115346725,0.6506000000000001
0.03947029084813369,0.6507000000000001
0.03517563973332671,0.6508
0.03126917117819117,0.6509
0.027779812063943643,0.651
0.02472877889421743,0.6511
0.02213553562106063,0.6512
0.02001599028458867,0.6513
0.018239369851084986,0.6514
0.016027660360380613,0.6515000000000001
0.013701274313968392,0.6516000000000001
0.011239856501121581,0.6517000000000001
0.008985077502027039,0.6518
0.006859395938494828,0.6519
0.005694101967909315,0.652
0.0056244139902008605,0.6521
0.00571751152097022,0.6522
0.005709671133944383,0.6523
0.005755901549908682,0.6524
0.005835440659412772,0.6525000000000001
0.0065221093217042725,0.6526000000000001
0.007930222735298642,0.6527000000000001
0.01048570301285956,0.6528
0.014245627960135954,0.6529
0.01908380928738218,0.653
0.02375892366477106,0.6531
0.028905728840184386,0.6532
0.034869655147624634,0.6533
0.041515132499304164,0.6534
0.048509487579687205,0.6535000000000001
0.05564398755362632,0.6536000000000001
0.06284187636123562,0.6537000000000001
0.07004601975856561,0.6538
0.0770256579444003,0.6539
0.08399105603135082,0.654
0.09080544091809994,0.6541
0.09736496134747907,0.6542
0.10365331516321052,0.6543
0.10966718450504287,0.6544
0.11532537175214364,0.6545000000000001
0.12060390662392362,0.6546000000000001
0.1255212196708536,0.6547000000000001
0.13005757046928423,0.6548
0.13419513412770812,0.6549
0.13792310781723938,0.655
0.14123603673072516,0.6551
0.1441328973942665,0.6552
0.14661185297745427,0.6553
0.148669745988684,0.6554
0.15030124143868928,0.6555000000000001
0.15150193863090433,0.6556000000000001
0.15226894095843968,0.6557000000000001
0.15260205734865473,0.6558
0.15211349884494085,0.6559
0.14841017245513066,0.656
0.14432519580786152,0.6561
0.1399846060921185,0.6562
0.13543535053725198,0.6563
0.1306943226587458,0.6564
0.12578740860263637,0.6565000000000001
0.12074505842261873,0.6566000000000001
0.11560815814448333,0.6567000000000001
0.1104216703993528,0.6568
0.10523214520340762,0.6569
0.10008528826635499,0.657
0.09502592758864614,0.6571
0.0900124035099189,0.6572
0.08513983185752805,0.6573
0.0804600179896644,0.6574
0.07600369934849871,0.6575000000000001
0.07179236040514181,0.6576000000000001
0.06784075288574387,0.6577000000000001
0.06415898804385567,0.6578
0.06075435655614536,0.6579
0.057630246606797275,0.658
0.05476542103230875,0.6581
0.05175481625618761,0.6582
0.04896443750742563,0.6583
0.04642884510973855,0.6584
0.04398481014636135,0.6585000000000001
0.04134355890568853,0.6586000000000001
0.03898181842302573,0.6587000000000001
0.03697887691996704,0.6588
0.03445310950259017,0.6589
0.03214317412634893,0.659
0.0299850261843142,0.6591
0.028098769939403967,0.6592
0.026381866530072573,0.6593
0.025062307868968903,0.6594
0.02395000930465163,0.6595000000000001
0.023272704503721764,0.6596000000000001
0.0227686598388932,0.6597000000000001
0.022672786224484875,0.6598
0.022759635395807276,0.6599
0.02344070786025787,0.66
0.024240213602592098,0.6601
0.02555249397105608,0.6602
0.027604481611154252,0.6603
0.030407159059774314,0.6604
0.03325722749264104,0.6605000000000001
0.03653110935147641,0.6606000000000001
0.04042516868096291,0.6607000000000001
0.04440072260359207,0.6608
0.0488141383298506,0.6609
0.05367684028709507,0.661
0.05882740555063104,0.6611
0.06419481906897051,0.6612
0.06970020921471709,0.6613
0.07524372042536287,0.6614
0.08074063939630949,0.6615
0.0859474119212571,0.6616000000000001
0.09082398705848493,0.6617000000000001
0.0955290026479787,0.6618
0.10003128035920827,0.6619
0.1042733473608215,0.662
0.10821364410784973,0.6621
0.11181447829479119,0.6622
0.11504970371193479,0.6623
0.11790036342981336,0.6624
0.1203537987189599,0.6625
0.12240116527234302,0.6626000000000001
0.12400529949526606,0.6627000000000001
0.12492906687228511,0.6628000000000001
0.12542613244663925,0.6629
0.12551218879369508,0.663
0.12519410439987022,0.6631
0.124476450750171,0.6632
0.1233649872922512,0.6633
0.12186548255553364,0.6634
0.11998414153498516,0.6635
0.11772758354604607,0.6636000000000001
0.11510308480728038,0.6637000000000001
0.1102486191420331,0.6638000000000001
0.1045007106097553,0.6639
0.0986361119318766,0.664
0.0927535914111316,0.6641
0.08687273832925413,0.6642
0.08100979003287445,0.6643
0.07518930743004659,0.6644
0.06944776747937598,0.6645
0.06382859170370525,0.6646000000000001
0.05837661185098697,0.6647000000000001
0.05313477366594754,0.6648000000000001
0.04814395702482632,0.6649
0.04331689623639812,0.665
0.03873627125962753,0.6651
0.034507616529044105,0.6652
0.03067164784058596,0.6653
0.027255346200731223,0.6654
0.024279904815600606,0.6655
0.021764405482481042,0.6656000000000001
0.01972401595209372,0.6657000000000001
0.01789128263632822,0.6658000000000001
0.01565756482198455,0.6659
0.01332500272413939,0.666
0.01087056387401275,0.6661
0.008636589476926693,0.6662
0.006598304572988045,0.6663
0.005672209317578281,0.6664
0.0056238141746975945,0.6665
0.0057081357285320156,0.6666000000000001
0.005718916097636306,0.6667000000000001
0.0057573255070277884,0.6668000000000001
0.005887436902240362,0.6669
0.00668994295247316,0.667
0.008274575630228043,0.6671
0.011030222401704037,0.6672
0.014980275092111528,0.6673
0.01985166901543045,0.6674
0.02467020704765921,0.6675
0.029943634068761327,0.6676000000000001
0.03600445429259458,0.6677000000000001
0.042653860794442,0.6678000000000001
0.049583508224771755,0.6679
0.05670182617864539,0.668
0.0639073213959177,0.6681
0.07096161843753102,0.6682
0.07797877838986467,0.6683
0.08491999228586933,0.6684
0.09166896408596803,0.6685
0.09818697483013561,0.6686000000000001
0.10445424981128215,0.6687000000000001
0.11043987257333099,0.6688000000000001
0.11612560224272361,0.6689
0.12135092457113261,0.669
0.126209292849215,0.6691
0.13068741313006094,0.6692
0.13476766208048563,0.6693
0.13843838788084395,0.6694
0.14169433804015852,0.6695
0.14453412613252292,0.6696000000000001
0.1469557509117677,0.6697000000000001
0.1489556118211477,0.6698000000000001
0.15052838229865573,0.6699
0.15166959661057322,0.67
0.152376515353711,0.6701
0.15264883020505937,0.6702
0.15164601468523964,0.6703
0.14787544286227006,0.6704
0.1437413421069489,0.6705
0.13935898799404023,0.6706000000000001
0.13477149676589262,0.6707000000000001
0.12999804044239494,0.6708000000000001
0.12506557622200765,0.6709
0.12000612477181827,0.671
0.11486068848864772,0.6711
0.10967374996913715,0.6712
0.10449106358892513,0.6713
0.09935780453071619,0.6714
0.09431821181551836,0.6715
0.08931537583859739,0.6716000000000001
0.08447099853759643,0.6717000000000001
0.07982393159552503,0.6718000000000001
0.07540333382254716,0.6719
0.07122965350999122,0.672
0.06731727010467814,0.6721
0.06367609811498964,0.6722
0.06031323640237207,0.6723
0.057231666500960454,0.6724
0.05434994072492372,0.6725
0.051374922242969356,0.6726000000000001
0.04862506895149976,0.6727000000000001
0.04613128053614246,0.6728000000000001
0.04364196960772504,0.6729
0.04104064805962149,0.673
0.038730705049254466,0.6731
0.036769419718217344,0.6732
0.03416484807130815,0.6733
0.0319068249857235,0.6734
0.0297596418680679,0.6735
0.027889116924084467,0.6736000000000001
0.026239679766772328,0.6737000000000001
0.024943386978623527,0.6738000000000001
0.023903549391866008,0.6739
0.02324754718641886,0.674
0.02281844685540202,0.6741
0.022731908440556614,0.6742
0.022891597229284466,0.6743
0.023653604539545903,0.6744
0.02442393325974579,0.6745
0.025826810889089336,0.6746
0.027984570988783597,0.6747000000000001
0.030826386310595977,0.6748000000000001
0.03357103270429285,0.6749
0.036918418394290775,0.675
0.04085876367441044,0.6751
0.04484024310627244,0.6752
0.04936051228757132,0.6753
0.05430784197966565,0.6754
0.05952150897888209,0.6755
0.0649288397661485,0.6756
0.07045836356456336,0.6757000000000001
0.07600869258668463,0.6758000000000001
0.08149946540267428,0.6759000000000001
0.08663786332570389,0.676
0.09150009915426793,0.6761
0.09618274030756457,0.6762
0.10065353313594083,0.6763
0.1048557004843993,0.6764
0.10874981176694776,0.6765
0.11229922788608548,0.6766
0.11547909839277826,0.6767000000000001
0.11827137574526292,0.6768000000000001
0.12066430913515214,0.6769000000000001
0.12264968803765208,0.677
0.12414925477966088,0.6771
0.1250068386369847,0.6772
0.12543971183413916,0.6773
0.12546230706477657,0.6774
0.1250815800226709,0.6775
0.1243025376090584,0.6776
0.12313132466108323,0.6777000000000001
0.12157377924479973,0.6778000000000001
0.11963612762551157,0.6779000000000001
0.11732472646226477,0.678
0.11464676028642384,0.6781
0.10939695350324807,0.6782
0.10361660282052565,0.6783
0.09774564940977182,0.6784
0.09186309876735121,0.6785
0.08598283884794677,0.6786
0.08012317635715083,0.6787000000000001
0.07430996219253194,0.6788000000000001
0.0685816809801364,0.6789000000000001
0.0629825031585286,0.679
0.05755710922905988,0.6791
0.05234755317787876,0.6792
0.04739417175506078,0.6793
0.04257152006711373,0.6794
0.03803791764830544,0.6795
0.033867414470993396,0.6796
0.030095676512197134,0.6797000000000001
0.026746669491990893,0.6798000000000001
0.02384094124120284,0.6799000000000001
0.02139687861525741,0.68
0.019429028449319263,0.6801
0.017547412949080465,0.6802
0.015291505448449705,0.6803
0.012933869853027469,0.6804
0.010461755610380763,0.6805
0.008217393647169002,0.6806
0.006252664221926052,0.6807000000000001
0.005625104187534369,0.6808000000000001
0.005607983446359821,0.6809000000000001
0.005694266581920848,0.681
0.005723529390572635,0.6811
0.005758261255495167,0.6812
0.005994465116603731,0.6813
0.006923908116891919,0.6814
0.008713245491786203,0.6815
0.011667912559512494,0.6816
0.015795890326564477,0.6817000000000001
0.02042208767088849,0.6818000000000001
0.025108777683517935,0.6819000000000001
0.03061202694887677,0.682
0.03690576980233229,0.6821
0.043682261722412186,0.6822
0.05070366054103159,0.6823
0.05786709807729662,0.6824
0.06510042192631438,0.6825
0.0721142602274144,0.6826
0.07914660722589628,0.6827000000000001
0.08608685263433091,0.6828000000000001
0.09281726594989403,0.6829000000000001
0.09930427579053591,0.683
0.10553334577830098,0.6831
0.11147583285497764,0.6832
0.11708644090740827,0.6833
0.12225591291965676,0.6834
0.12705789821066615,0.6835
0.13147535642611308,0.6836
0.1354920967205766,0.6837000000000001
0.1390973366429935,0.6838000000000001
0.14228729791949168,0.6839000000000001
0.14506018017151556,0.684
0.1474138136430898,0.6841
0.1493436301541038,0.6842
0.15084465552315995,0.6843
0.15191286853439268,0.6844
0.15254692566800476,0.6845
0.15274727327281967,0.6846
0.15111302258729298,0.6847000000000001
0.1472805474293426,0.6848000000000001
0.14310984501998747,0.6849000000000001
0.13870026740517893,0.685
0.13408739835322514,0.6851
0.1292909862014786,0.6852
0.12433811161415509,0.6853
0.11926290357269309,0.6854
0.11410765151771485,0.6855
0.10891775048902319,0.6856
0.10373926791680843,0.6857000000000001
0.09861759963368477,0.6858000000000001
0.09358717544467099,0.6859000000000001
0.08860750033861797,0.686
0.08379291581036219,0.6861
0.07918061388114717,0.6862
0.07479837641434717,0.6863
0.07066615826287026,0.6864
0.06679758482183373,0.6865
0.06320098855290746,0.6866
0.05988199245187231,0.6867000000000001
0.05684270293386273,0.6868000000000001
0.053938629066828225,0.6869000000000001
0.0509939323557731,0.687
0.04827880507224824,0.6871
0.0458199562260968,0.6872
0.04326168779175288,0.6873
0.04069523044413881,0.6874
0.03843728437339533,0.6875
0.03638000733053648,0.6876
0.03383112022641588,0.6877
0.03163465150101463,0.6878000000000001
0.029511278251338258,0.6879000000000001
0.027659337937572248,0.6880000000000001
0.02608036950309023,0.6881
0.024801937756447234,0.6882
0.023835770446941185,0.6883
0.023196320763505973,0.6884
0.02284555815935496,0.6885
0.02276775103698525,0.6886
0.023012787099524257,0.6887
0.023802578024556764,0.6888000000000001
0.024644442280446155,0.6889000000000001
0.02615569070342305,0.6890000000000001
0.02842488432969148,0.6891
0.031270739048974594,0.6892
0.03410646389994887,0.6893
0.03754849205881139,0.6894
0.04149383886322111,0.6895
0.0455491312728451,0.6896
0.05013761452894916,0.6897
0.055135046538973276,0.6898000000000001
0.060378655135181813,0.6899000000000001
0.06579985844439729,0.6900000000000001
0.07132951920746222,0.6901
0.07686771114853008,0.6902
0.08233553503875268,0.6903
0.08741989532677674,0.6904
0.09225134788876577,0.6905
0.09689468642620669,0.6906
0.10131798114209556,0.6907
0.10546555557308346,0.6908000000000001
0.10929980171971354,0.6909000000000001
0.11278530391351616,0.6910000000000001
0.11589847892756278,0.6911
0.11862229359491683,0.6912
0.12094588795655059,0.6913
0.12286170686328435,0.6914
0.12424498085866742,0.6915
0.12503224333165175,0.6916
0.12539766870132307,0.6917
0.12535407876505944,0.6918000000000001
0.12490790830067611,0.6919000000000001
0.12406432804154399,0.6920000000000001
0.12282942529167784,0.6921
0.1212091236938404,0.6922
0.11920974046969524,0.6923
0.11683780143886147,0.6924
0.11404271192475735,0.6925
0.10845018299392062,0.6926
0.1026361043312195,0.6927
0.09675930501522045,0.6928000000000001
0.0908782792266476,0.6929000000000001
0.08500184102253316,0.6930000000000001
0.07914968701083525,0.6931
0.07334852234427525,0.6932
0.06763820262516118,0.6933
0.06206333546065679,0.6934
0.056668579692654264,0.6935
0.0514957212153333,0.6936
0.04656725882411861,0.6937
0.04176448406778355,0.6938000000000001
0.03728135835888513,0.6939000000000001
0.033169242706394764,0.6940000000000001
0.029461033918570134,0.6941
0.02617986658776661,0.6942
0.023346382606891147,0.6943
0.02097855984056518,0.6944
0.019089814674952077,0.6945
0.017129998479738395,0.6946
0.014832529542881057,0.6947
0.012427624076359889,0.6948000000000001
0.009972808513154963,0.6949000000000001
0.007762603461782591,0.6950000000000001
0.005907340862767674,0.6951
0.005589799483847413,0.6952
0.005640097615976947,0.6953
0.0056794065155350015,0.6954
0.005754752433790422,0.6955
0.005766526506480352,0.6956
0.006118765214928379,0.6957
0.007141877504025507,0.6958000000000001
0.009152599929854732,0.6959000000000001
0.012344604069086218,0.6960000000000001
0.01669100477717933,0.6961
0.0213058881825563,0.6962
0.026125519642426376,0.6963
0.031768269478952504,0.6964
0.03816809558858214,0.6965
0.04500810784183917,0.6966
0.052061013090795916,0.6967
0.059232370742245966,0.6968000000000001
0.06645760728223371,0.6969000000000001
0.07346536106020163,0.6970000000000001
0.0804795008468634,0.6971
0.08738335559310273,0.6972
0.09406375053066862,0.6973
0.10049269725084398,0.6974
0.10665988026808737,0.6975
0.11253812354923931,0.6976
0.11802688231757996,0.6977
0.12313059231066847,0.6978000000000001
0.12786556097650048,0.6979000000000001
0.13221252991691268,0.6980000000000001
0.13615580723018184,0.6981
0.1396862059024081,0.6982
0.14280081011249923,0.6983
0.14549797432808642,0.6984
0.14777519697672103,0.6985
0.1496275919005584,0.6986
0.15105035189463845,0.6987
0.15203996183562785,0.6988000000000001
0.1525956942223654,0.6989000000000001
0.15271835106211118,0.6990000000000001
0.15043542800838716,0.6991
0.14653999410320673,0.6992
0.14233086984931287,0.6993
0.13789177570955657,0.6994
0.13325180439557638,0.6995
0.12843239911277082,0.6996
0.12346120264257332,0.6997
0.118374281132551,0.6998000000000001
0.11321460693144436,0.6999000000000001
0.1080278353294174,0.7000000000000001
0.10285986787406587,0.7001000000000001
0.097756044063675,0.7002
0.09272937350051014,0.7003
0.08777763732007637,0.7004
0.0829980747429312,0.7005
0.0784267514922572,0.7006
0.07408991532468612,0.7007
0.07000591144024415,0.7008
0.0661869545433722,0.7009000000000001
0.06264054321230972,0.7010000000000001
0.05937165469130257,0.7011000000000001
0.05638184473510233,0.7012
0.053443408121339964,0.7013
0.050538236479706455,0.7014
0.04786943217951145,0.7015
0.04545871237302457,0.7016
0.042833998695937625,0.7017
0.0403163571307561,0.7018
0.0381246494011227,0.7019000000000001
0.03595787243456039,0.7020000000000001
0.033469634684481386,0.7021000000000001
0.03128024595966128,0.7022
0.029233088245439687,0.7023
0.027403545439621313,0.7024
0.02591195006177216,0.7025
0.024658164413854156,0.7026
0.02378295270292452,0.7027
0.023166114094535395,0.7028
0.02290976497991659,0.7029000000000001
0.022843743029059116,0.7030000000000001
0.023189521749353403,0.7031000000000001
0.02398578290404152,0.7032
0.024939556656478734,0.7033
0.02657852470995814,0.7034
0.028973752541335163,0.7035
0.03182132709652996,0.7036
0.034758724883378944,0.7037
0.038305440061227713,0.7038
0.04225459753552596,0.7039000000000001
0.04639095119058401,0.7040000000000001
0.051052854124405744,0.7041000000000001
0.056102163802312255,0.7042
0.06137399433601154,0.7043
0.06680452263064163,0.7044
0.07232753838336481,0.7045
0.0778451006079629,0.7046
0.08328032816777975,0.7047
0.08830294026363572,0.7048
0.0930941330799917,0.7049000000000001
0.09768808581424371,0.7050000000000001
0.10205351896251247,0.7051000000000001
0.10613601133055361,0.7052
0.10989984959458998,0.7053
0.11331088778058052,0.7054
0.11634684434392106,0.7055
0.11899173513541161,0.7056
0.12123563110168967,0.7057
0.12307167582669165,0.7058
0.12431764523116029,0.7059000000000001
0.12502487946503016,0.7060000000000001
0.12531395295539327,0.7061000000000001
0.12519572472775586,0.7062
0.12467600550486746,0.7063
0.12376017227284397,0.7064
0.12245421672723611,0.7065
0.12076412025565886,0.7066
0.1186962419275327,0.7067
0.11625723806175092,0.7068
0.11298721536661271,0.7069000000000001
0.1073616436564061,0.7070000000000001
0.10152882560850418,0.7071000000000001
0.09565110577918068,0.7072
0.08977192998441696,0.7073
0.08390162826865255,0.7074
0.0780606701446599,0.7075
0.0722776144993128,0.7076
0.0665929008312457,0.7077
0.06105111474406477,0.7078
0.055696378632994925,0.7079000000000001
0.05057008444547795,0.7080000000000001
0.04564689039289482,0.7081000000000001
0.04089663795320164,0.7082
0.03647593269307081,0.7083
0.032434372209007245,0.7084
0.028804498074888274,0.7085
0.025608153672283862,0.7086
0.022862947848114823,0.7087
0.020584955792435355,0.7088
0.018783893148293318,0.7089000000000001
0.016648759337759333,0.7090000000000001
0.01434667208845175,0.7091000000000001
0.011892359893555415,0.7092
0.009517150189186419,0.7093
0.007360924561830462,0.7094
0.005766517033626073,0.7095
0.005583227643439326,0.7096
0.005677970633029883,0.7097
0.005688683567020902,0.7098
0.005758692481276029,0.7099000000000001
0.00578279899695211,0.7100000000000001
0.006245079729768399,0.7101000000000001
0.007405282886229658,0.7102
0.009611742601735251,0.7103
0.013009040921653447,0.7104
0.017537739788071605,0.7105
0.022177661074467947,0.7106
0.027117522554549245,0.7107
0.03288027670094795,0.7108
0.0393726368219951,0.7109000000000001
0.046271205793230186,0.7110000000000001
0.05335519539283684,0.7111000000000001
0.060536449107877255,0.7112
0.06775551366008614,0.7113
0.07475179599061321,0.7114
0.08174641977018393,0.7115
0.08861561270680196,0.7116
0.09525020154932284,0.7117
0.10162695187187609,0.7118
0.10773837999993652,0.7119000000000001
0.11355370913739471,0.7120000000000001
0.11894473799220973,0.7121000000000001
0.12398191072627662,0.7122
0.1286464117576036,0.7123
0.13291864973196643,0.7124
0.13678453663449164,0.7125
0.14023671573527963,0.7126
0.1432732353444126,0.7127
0.1458926310968115,0.7128
0.14809227218702103,0.7129000000000001
0.14986719088495049,0.7130000000000001
0.15121279996520398,0.7131000000000001
0.15212587231105712,0.7132000000000001
0.1526058615417265,0.7133
0.1526534802623405,0.7134
0.14970784486182231,0.7135
0.14574674594911607,0.7136
0.14149720273859634,0.7137
0.137026733193245,0.7138
0.13235768661681024,0.7139
0.12751325694402038,0.7140000000000001
0.12252159804019791,0.7141000000000001
0.11742079040328468,0.7142000000000001
0.11225501403340821,0.7143
0.10707127934170446,0.7144
0.10191632651347937,0.7145
0.09683564506644537,0.7146
0.09182064556910541,0.7147
0.08690692327370719,0.7148
0.08217222387484335,0.7149
0.0776507159053631,0.7150000000000001
0.07336738479782867,0.7151000000000001
0.06933924452211215,0.7152000000000001
0.06557708825258712,0.7153
0.062087777865780125,0.7154
0.05887574009914931,0.7155
0.05594181336176707,0.7156
0.05297960033964788,0.7157
0.050118238001145565,0.7158
0.04749894948126121,0.7159
0.04513881409281528,0.7160000000000001
0.04244885226957695,0.7161000000000001
0.039981057389476105,0.7162000000000001
0.03785637109249307,0.7163
0.035580965644748774,0.7164
0.03315667948191914,0.7165
0.030983172401281678,0.7166
0.02901497827893529,0.7167
0.027207428799237432,0.7168
0.025800347227272757,0.7169
0.02456605631109876,0.7170000000000001
0.023775204321722976,0.7171000000000001
0.023156598557691366,0.7172000000000001
0.022988593164138482,0.7173
0.022918655574975855,0.7174
0.02336568524147209,0.7175
0.024163019702511113,0.7176
0.02523081260456883,0.7177
0.02699942566111435,0.7178
0.029520674692704807,0.7179
0.032367710047104925,0.7180000000000001
0.0354049626608941,0.7181000000000001
0.0390536050843826,0.7182000000000001
0.04300384548959646,0.7183
0.04721818225585106,0.7184
0.05194999344303808,0.7185
0.05704791426110001,0.7186
0.06234521782605984,0.7187
0.0677827712150948,0.7188
0.07329718972398558,0.7189
0.07879240872780391,0.7190000000000001
0.08419341126837676,0.7191000000000001
0.08915423938396139,0.7192000000000001
0.09390317302400686,0.7193
0.0984455766281026,0.7194
0.10275094624785253,0.7195
0.10676623254502926,0.7196
0.11045772543793375,0.7197
0.11379269217111843,0.7198
0.11675025391763094,0.7199
0.11931553091133329,0.7200000000000001
0.12147952997073341,0.7201000000000001
0.1232360625408262,0.7202000000000001
0.12434507751893653,0.7203
0.12497347186723262,0.7204
0.1251875663279336,0.7205
0.1249961521741213,0.7206
0.1244043605060644,0.7207
0.1234177759205567,0.7208
0.12204234372225753,0.7209
0.12028418811180286,0.7210000000000001
0.11814980834820732,0.7211000000000001
0.115646079436733,0.7212000000000001
0.11192307894721354,0.7213
0.10625559150472808,0.7214
0.10041547128948736,0.7215
0.09453977823435966,0.7216
0.08866525114180879,0.7217
0.0828037699728501,0.7218
0.07697651136333672,0.7219
0.0712132772406362,0.7220000000000001
0.06555451700425885,0.7221000000000001
0.06004496905811174,0.7222000000000001
0.054729564996032654,0.7223
0.04965078498569642,0.7224
0.044735349885756115,0.7225
0.04004584311173032,0.7226
0.035697133044303886,0.7227
0.03173367952183459,0.7228
0.02818562989658968,0.7229
0.025074695186800833,0.7230000000000001
0.022417987084060398,0.7231000000000001
0.020230889870122004,0.7232000000000001
0.01842489124989055,0.7233
0.01622311725737613,0.7234
0.013912572978523663,0.7235
0.01147403955389903,0.7236
0.009187599265464863,0.7237
0.0070587746715891075,0.7238
0.005717856227450024,0.7239
0.005601950118472088,0.7240000000000001
0.005700218357107545,0.7241000000000001
0.005702528292340192,0.7242000000000001
0.005754965716800342,0.7243
0.005810783540051823,0.7244
0.006396807231878743,0.7245
0.007695526872637304,0.7246
0.010104491345320765,0.7247
0.01371325351309749,0.7248
0.0184260497079769,0.7249
0.02307861212175144,0.7250000000000001
0.028137348676422258,0.7251000000000001
0.034017057807336215,0.7252000000000001
0.040597398789581796,0.7253000000000001
0.047548822730405726,0.7254
0.0546579118395909,0.7255
0.0618433781037504,0.7256
0.0690513557428416,0.7257
0.07603180797746778,0.7258
0.0830048564543675,0.7259
0.08983810749959764,0.7260000000000001
0.09642574956978134,0.7261000000000001
0.1027486144404427,0.7262000000000001
0.10880162239008329,0.7263000000000001
0.11451232641758735,0.7264
0.11983717487906709,0.7265
0.12480514484368588,0.7266
0.12939642475800706,0.7267
0.13359233517193225,0.7268
0.1373808287479793,0.7269
0.14075570762192025,0.727
0.143715660766907,0.7271000000000001
0.14625905892534263,0.7272000000000001
0.14838299031442947,0.7273000000000001
0.1500822360812284,0.7274
0.15135224045749684,0.7275
0.1521898479405458,0.7276
0.15259459037319312,0.7277
0.15256713027105095,0.7278
0.14894693906768075,0.7279
0.1449205485841879,0.728
0.14063206503790204,0.7281000000000001
0.13613228024768975,0.7282000000000001
0.13143665578787656,0.7283000000000001
0.12657039380946478,0.7284
0.12156250898700327,0.7285
0.11645334697061094,0.7286
0.1112877230912166,0.7287
0.10611241221458834,0.7288
0.10097331817034827,0.7289
0.09591564685087173,0.729
0.09090878375770262,0.7291000000000001
0.08603048863381968,0.7292000000000001
0.0813395580051044,0.7293000000000001
0.0768677109971182,0.7294
0.07263736861122216,0.7295
0.0686639325719961,0.7296
0.06495803946260303,0.7297
0.061527362858141865,0.7298
0.05837561959294768,0.7299
0.05550156709309628,0.73
0.05252051331690333,0.7301000000000001
0.04970566899542983,0.7302000000000001
0.04713765711828777,0.7303000000000001
0.04475630699405997,0.7304
0.042080357601309126,0.7305
0.039668016831775565,0.7306
0.03760623327976598,0.7307
0.03520193679477468,0.7308
0.03284111328426986,0.7309
0.030684243084553975,0.731
0.028792769100034254,0.7311000000000001
0.027000663903124167,0.7312000000000001
0.02566113351393806,0.7313000000000001
0.024461961643751362,0.7314
0.023759833796042962,0.7315
0.02315898634534741,0.7316
0.023043718691190707,0.7317
0.02302397431657588,0.7318
0.02357807139829804,0.7319
0.024375840395981285,0.732
0.025555547995202765,0.7321000000000001
0.02745076457664264,0.7322000000000001
0.030094598452488297,0.7323000000000001
0.03293717397213736,0.7324
0.036072083065241456,0.7325
0.03981961403968759,0.7326
0.04376949511428019,0.7327
0.04805817476421281,0.7328
0.05280369914103966,0.7329
0.05785981363457027,0.733
0.06315509268825192,0.7331000000000001
0.06860758707471992,0.7332000000000001
0.07411674746309971,0.7333000000000001
0.07959600799981192,0.7334
0.08488907684233205,0.7335
0.08982170379453935,0.7336
0.09455429829365924,0.7337
0.09907096403776428,0.7338
0.10333754900523229,0.7339
0.10730557839162536,0.734
0.1109417328854998,0.7341000000000001
0.11421651178819392,0.7342000000000001
0.11710953353577658,0.7343000000000001
0.11960807898377446,0.7344
0.12170345339412703,0.7345
0.12339087927249692,0.7346
0.12438227547925795,0.7347
0.12493852384027382,0.7348
0.12508345911874108,0.7349
0.12482445375923634,0.735
0.12416612025008944,0.7351000000000001
0.1231142271084319,0.7352000000000001
0.12167454173757986,0.7353000000000001
0.11985322939497434,0.7354
0.11765684069345972,0.7355
0.11509256202215479,0.7356
0.110936816848481,0.7357
0.10522381656677204,0.7358
0.09937382492611124,0.7359
0.09349858069738515,0.736
0.08762819684775314,0.7361000000000001
0.08177568895055753,0.7362000000000001
0.07596264534573616,0.7363000000000001
0.07022020668486584,0.7364
0.06458919333365853,0.7365
0.05911416749627629,0.7366
0.05383943988364548,0.7367
0.048807152748244986,0.7368
0.04390115489249391,0.7369
0.039265316446527754,0.737
0.03497967603136232,0.7371000000000001
0.031084937171221405,0.7372000000000001
0.02760955477968019,0.7373000000000001
0.02457543281311292,0.7374
0.021999326084488624,0.7375
0.01989580445442618,0.7376
0.01803431596784466,0.7377
0.015817583284857495,0.7378
0.013509246587967372,0.7379
0.011072923557509329,0.738
0.008840376085149426,0.7381000000000001
0.006746972217047231,0.7382000000000001
0.00568157017213089,0.7383000000000001
0.005631219863877712,0.7384000000000001
0.005708466388922417,0.7385
0.005715217579472798,0.7386
0.005753720898078685,0.7387
0.0058492959893827745,0.7388
0.006560765663599533,0.7389
0.008002734219046959,0.739
0.010605077128640117,0.7391000000000001
0.014409891726833823,0.7392000000000001
0.01925394003941272,0.7393000000000001
0.023962933353157023,0.7394000000000001
0.029138644387423973,0.7395
0.03512322695613457,0.7396
0.04178039210768136,0.7397
0.04877832544923599,0.7398
0.05590869103215024,0.7399
0.06309698134622344,0.74
0.07029353125639803,0.7401
0.07726588662184852,0.7402000000000001
0.08421686138852302,0.7403000000000001
0.09101436695405907,0.7404000000000001
0.09755631349265637,0.7405
0.10382745239818347,0.7406
0.10982483606028093,0.7407
0.1154329502983672,0.7408
0.12069595141267242,0.7409
0.12559928631599693,0.741
0.13012190643798682,0.7411
0.1342459253520677,0.7412000000000001
0.1379612245766526,0.7413000000000001
0.14126271624315656,0.7414000000000001
0.14414966474556667,0.7415
0.14662027789755339,0.7416
0.1486713847361988,0.7417
0.15029760924622615,0.7418
0.15149451101367029,0.7419
0.15225908835312585,0.742
0.15259097201283156,0.7421
0.15193103539341535,0.7422000000000001
0.1482365388545832,0.7423000000000001
0.14416751194776367,0.7424000000000001
0.13984496331701124,0.7425
0.1353136881403455,0.7426
0.13059096349752242,0.7427
0.1257027987656335,0.7428
0.12068022571518577,0.7429
0.11556436269733072,0.743
0.11040027800698249,0.7431
0.10523447208358794,0.7432000000000001
0.10011259258101934,0.7433000000000001
0.09507926807591671,0.7434000000000001
0.09008587777140942,0.7435
0.08524139140713471,0.7436
0.08058988773501019,0.7437
0.07616120172808971,0.7438
0.07197623972073419,0.7439
0.06804950716382385,0.744
0.0643909977182262,0.7441
0.0610079791777377,0.7442000000000001
0.05790376522726581,0.7443000000000001
0.055050942408568115,0.7444000000000001
0.05205714282664675,0.7445
0.04928219987922611,0.7446
0.046759937037609944,0.7447
0.04432105373734885,0.7448
0.041691375171852174,0.7449
0.03934019020863433,0.745
0.03734555938321771,0.7451
0.03482996705236885,0.7452000000000001
0.032529234930278594,0.7453000000000001
0.030384499644645402,0.7454000000000001
0.028510457342473705,0.7455
0.02679640272751871,0.7456
0.02548362822003858,0.7457
0.024368250455388374,0.7458
0.0236918190930282,0.7459
0.023178609770182046,0.746
0.023078376669236844,0.7461
0.02315163656710295,0.7462000000000001
0.02381253726468535,0.7463000000000001
0.0246065480026032,0.7464000000000001
0.02589273515509083,0.7465
0.02790840564223629,0.7466
0.030667187393468076,0.7467
0.03350314586162595,0.7468
0.03673025422599552,0.7469
0.04056986925970296,0.747
0.04452143664572117,0.7471
0.04887858512619703,0.7472000000000001
0.053681858893783074,0.7473000000000001
0.05877460599567774,0.7474000000000001
0.06408726800796694,0.7475
0.0695411432531623,0.7476
0.0750368718908665,0.7477
0.08048977182339201,0.7478
0.08568386070099243,0.7479
0.09051884400754062,0.748
0.09518480450316491,0.7481
0.09965181657869171,0.7482000000000001
0.10386253035105575,0.7483000000000001
0.10777472307836544,0.7484000000000001
0.11135045482569006,0.7485
0.1145632510676321,0.7486
0.11739395721241164,0.7487
0.11982972354996102,0.7488
0.12186154918357772,0.7489
0.12345430115202083,0.749
0.12436785333251654,0.7491
0.12485633058759593,0.7492000000000001
0.12493546362563746,0.7493000000000001
0.12461211647333459,0.7494000000000001
0.1238908369243642,0.7495
0.1227773743244105,0.7496
0.12127750264957793,0.7497
0.11939745577263672,0.7498
0.11714390884983672,0.7499
0.11452421319471895,0.75
0.10999658930679002,0.7501
0.10424557257889877,0.7502000000000001
0.09838909690927788,0.7503000000000001
0.09251467954662385,0.7504000000000001
0.08664580730615612,0.7505000000000001
0.08079673001757548,0.7506
0.07499125084992198,0.7507
0.06926420778963593,0.7508
0.06365829390990452,0.7509
0.058218008872858995,0.751
0.05298635247840733,0.7511
0.04799288110186328,0.7512000000000001
0.04311169769906664,0.7513000000000001
0.03853540710991443,0.7514000000000001
0.03431714818094367,0.7515000000000001
0.03049390494196702,0.7516
0.02709252698954545,0.7517
0.02413507403829418,0.7518
0.021637720114679793,0.7519
0.019612030345541376,0.752
0.01767110059396715,0.7521
0.015425493262497314,0.7522000000000001
0.013120998605043122,0.7523000000000001
0.010707779870727574,0.7524000000000001
0.008513453144499472,0.7525000000000001
0.0065117956557638745,0.7526
0.005665062537747678,0.7527
0.005616102182173233,0.7528
0.005699065665518477,0.7529
0.005718120093571422,0.753
0.005756761558056267,0.7531
0.0059088090345906785,0.7532
0.006740801856311762,0.7533000000000001
0.008371181239885228,0.7534000000000001
0.011175139019338864,0.7535000000000001
0.015169224114572666,0.7536
0.020040115564284644,0.7537
0.024893306254594627,0.7538
0.030195809244541794,0.7539
0.03627659192341515,0.754
0.042935404811430766,0.7541
0.04986508037376525,0.7542
0.056976263318949005,0.7543000000000001
0.0641694900796197,0.7544000000000001
0.07121842036980863,0.7545000000000001
0.07822329566193009,0.7546
0.08514862068887352,0.7547
0.09187997527257807,0.7548
0.0983802072346347,0.7549
0.10463031813972035,0.755
0.1105994665161546,0.7551
0.11623445446948999,0.7552
0.1214420184916516,0.7553000000000001
0.1262862628404664,0.7554000000000001
0.13075071094857238,0.7555000000000001
0.13481764354832215,0.7556
0.13847602020376226,0.7557
0.1417208810263414,0.7558
0.1445510423888916,0.7559
0.14696450511517045,0.756
0.14895762520690015,0.7561
0.15052500978897987,0.7562
0.15166211751907288,0.7563000000000001
0.15236606946347886,0.7564000000000001
0.15263635529968078,0.7565000000000001
0.15144501403939037,0.7566
0.14768376910654912,0.7567
0.1435668756796208,0.7568
0.13920394218385268,0.7569
0.1346356344709112,0.757
0.12988153117515688,0.7571
0.1249687501599368,0.7572
0.11993000142894517,0.7573000000000001
0.11480658451884518,0.7574000000000001
0.109643111984016,0.7575000000000001
0.10448526115889223,0.7576
0.09937809107748552,0.7577
0.09435827656450768,0.7578
0.08938369689318248,0.7579
0.08456821227795264,0.758
0.07994966695652306,0.7581
0.0755565745043062,0.7582
0.07140904732380449,0.7583000000000001
0.06752123666927701,0.7584000000000001
0.06390298177322828,0.7585000000000001
0.060561321367210375,0.7586
0.05749911287547316,0.7587
0.05462570563091762,0.7588
0.05166656195783381,0.7589
0.04893129960747,0.759
0.04644993140251019,0.7591
0.043961343531839336,0.7592
0.04137074530403195,0.7593000000000001
0.03907091469037849,0.7594000000000001
0.037112655025760555,0.7595000000000001
0.034518623405418225,0.7596
0.03227005713969655,0.7597
0.030135019928880347,0.7598
0.028275791918080273,0.7599
0.026629704438945412,0.76
0.02533987746475419,0.7601
0.02429784796938317,0.7602
0.02364319967327022,0.7603000000000001
0.02320626377745727,0.7604000000000001
0.023116506672167914,0.7605000000000001
0.02326391405749395,0.7606
0.024007046358690998,0.7607
0.024772600422984237,0.7608
0.026151523053922876,0.7609
0.028275512505291367,0.761
0.03110056746643175,0.7611
0.03380597370211169,0.7612
0.03710651146360555,0.7613000000000001
0.041024198329964845,0.7614000000000001
0.04495493227072167,0.7615000000000001
0.04941962046114923,0.7616
0.054310773825258174,0.7617
0.05947003309223886,0.7618
0.06482525278797802,0.7619
0.07030560360438631,0.762
0.07581004714177186,0.7621
0.08125838922369566,0.7622
0.0863844025114795,0.7623000000000001
0.0912061377966612,0.7624000000000001
0.09585063374984515,0.7625000000000001
0.10028682434902436,0.7626000000000001
0.10445805109668482,0.7627
0.10832426715001353,0.7628
0.11184860677599784,0.7629
0.11500592144723487,0.763
0.11777799571064473,0.7631
0.12015291961262153,0.7632
0.1221223577823245,0.7633000000000001
0.12360957191383803,0.7634000000000001
0.12445642317639316,0.7635000000000001
0.12488021769663782,0.7636000000000001
0.12489539814875628,0.7637
0.12450890748299681,0.7638
0.12372573641693896,0.7639
0.12255203258076464,0.764
0.12099365726295153,0.7641
0.1190568836149023,0.7642
0.11674813850678656,0.7643000000000001
0.11407469228584077,0.7644000000000001
0.10914296703487891,0.7645000000000001
0.10336617106998236,0.7646000000000001
0.09750393355595266,0.7647
0.09162988372344105,0.7648
0.08576192217919654,0.7649
0.07991648585782418,0.765
0.07411864657711187,0.7651
0.06840526430594618,0.7652
0.06281975728893019,0.7653000000000001
0.05740648567906104,0.7654000000000001
0.0522077147289397,0.7655000000000001
0.047219748661881944,0.7656000000000001
0.04237951087892755,0.7657
0.03785362107009105,0.7658
0.03369224147247718,0.7659
0.029930239195882447,0.766
0.026593225216783756,0.7661
0.02370285858063359,0.7662
0.02127731208373662,0.7663000000000001
0.01932813984123305,0.7664000000000001
0.017353555704935797,0.7665000000000001
0.015088340036277348,0.7666000000000001
0.012751630717309004,0.7667
0.01031051077492795,0.7668
0.008122693813414683,0.7669
0.0062168581576851345,0.767
0.005634068592624164,0.7671
0.005607664693451531,0.7672
0.005696186737274234,0.7673
0.005725700690345503,0.7674000000000001
0.0057621460530010715,0.7675000000000001
0.00601547420642623,0.7676000000000001
0.006969003623837455,0.7677
0.00880540233988647,0.7678
0.011811674555394003,0.7679
0.015986050991712686,0.768
0.02060646910364694,0.7681
0.025321119475722353,0.7682
0.030854434067035807,0.7683
0.03717017504305686,0.7684000000000001
0.04395730772212114,0.7685000000000001
0.05098022052949158,0.7686000000000001
0.05813773114994847,0.7687
0.06535982514556105,0.7688
0.07236881625803859,0.7689
0.0793894557167465,0.769
0.08631461881706248,0.7691
0.09302849633101296,0.7692
0.09949887016041259,0.7693
0.10571163658853977,0.7694000000000001
0.11163791824300717,0.7695000000000001
0.11719698741509077,0.7696000000000001
0.12234957043833627,0.7697
0.12713602137180147,0.7698
0.13153843841157942,0.7699
0.13554082771688503,0.77
0.13913295738739284,0.7701
0.14231117475437283,0.7702
0.14507373418417735,0.7703
0.14741846977607553,0.7704000000000001
0.14934083208066218,0.7705000000000001
0.15083585155476065,0.7706000000000001
0.1518994178773987,0.7707
0.1525299888351782,0.7708
0.15272773149102148,0.7709
0.15091332046936734,0.771
0.1470895932434949,0.7711
0.14293522644986212,0.7712
0.13854409628180908,0.7713
0.13394941871741772,0.7714000000000001
0.12917134226924842,0.7715000000000001
0.12423712654905406,0.7716000000000001
0.11918160535742395,0.7717
0.11404739811611264,0.7718
0.10888005267151235,0.7719
0.10372555634827307,0.772
0.09862914858086536,0.7721
0.09361618444798181,0.7722
0.08866393455286914,0.7723
0.08387723428583083,0.7724000000000001
0.07929235468448514,0.7725000000000001
0.0749365058675695,0.7726000000000001
0.0708294470044577,0.7727
0.06698468970877369,0.7728
0.06341055238165849,0.7729
0.06011258609508774,0.773
0.05709270639012787,0.7731
0.054196096909058245,0.7732
0.05126761503135091,0.7733
0.04856746072436957,0.7734000000000001
0.046121264278865315,0.7735000000000001
0.04356243726356146,0.7736000000000001
0.041006661825683466,0.7737
0.03875893451311763,0.7738
0.036703789782494445,0.7739
0.0341654898010042,0.774
0.031971154014459824,0.7741
0.02985204033511324,0.7742
0.028005083812767007,0.7743
0.026430428544643725,0.7744000000000001
0.025156007422084903,0.7745000000000001
0.02419029581012766,0.7746000000000001
0.023551958389834038,0.7747
0.023196047350615423,0.7748
0.023114861124359676,0.7749
0.023350523937526013,0.775
0.024132897803158526,0.7751
0.02496033187196023,0.7752
0.02645027529360089,0.7753
0.028690604518015084,0.7754000000000001
0.03152099083054738,0.7755000000000001
0.0343226507430936,0.7756000000000001
0.03772390500165512,0.7757000000000001
0.04164812495156189,0.7758
0.04565871454376724,0.7759
0.050198169596097575,0.776
0.05514568683753396,0.7761
0.06034042343641255,0.7762
0.06571427395405471,0.7763
0.07119873083923989,0.7764000000000001
0.07669428653698929,0.7765000000000001
0.08212231635110856,0.7766000000000001
0.08719312258926892,0.7767000000000001
0.09198680163544459,0.7768
0.09659442908517546,0.7769
0.10098512524570114,0.777
0.10510335336129062,0.7771
0.10891099987664477,0.7772
0.11237244860434292,0.7773
0.11546383191734588,0.7774000000000001
0.11816793281877436,0.7775000000000001
0.12047372235577591,0.7776000000000001
0.12237352318983474,0.7777000000000001
0.12374240745511644,0.7778
0.12451828646147867,0.7779
0.12487391248297142,0.778
0.12482209790370247,0.7781
0.12436927940704046,0.7782
0.12352063652879819,0.7783
0.12228225686447347,0.7784000000000001
0.12066007550536695,0.7785000000000001
0.11866043376295843,0.7786000000000001
0.11628990169980225,0.7787000000000001
0.11355596431940418,0.7788
0.10818809352344394,0.7789
0.10238202059071377,0.779
0.09651369281611366,0.7791
0.09064156902952114,0.7792
0.084777133600759,0.7793
0.07893870961363969,0.7794000000000001
0.07315218005866875,0.7795000000000001
0.06745612114491606,0.7796000000000001
0.06189450697904897,0.7797000000000001
0.05651166895482218,0.7798
0.051349255924641124,0.7799
0.04636404981827158,0.78
0.041566403537667496,0.7801
0.03709394192740967,0.7802
0.0329941702368719,0.7803
0.029299416455406346,0.7804
0.02603426056372604,0.7805000000000001
0.023219541633675567,0.7806000000000001
0.020872791518222966,0.7807000000000001
0.019004237894957976,0.7808
0.016956449960938036,0.7809
0.014643254388816862,0.781
0.01224603273582181,0.7811
0.009824760900307927,0.7812
0.007653479640535421,0.7813
0.005865093115103415,0.7814
0.005591621876094299,0.7815000000000001
0.0056386389637355094,0.7816000000000001
0.005680377103836509,0.7817000000000001
0.005755196083096381,0.7818
0.005770459236527525,0.7819
0.006144887636882146,0.782
0.00719245441641192,0.7821
0.00924605981916371,0.7822
0.012485493996840846,0.7823
0.016873620511338228,0.7824
0.021486367679870222,0.7825000000000001
0.026331253285426293,0.7826000000000001
0.03199987883274624,0.7827000000000001
0.0384184045174325,0.7828
0.0452675280698871,0.7829
0.052321630471527714,0.783
0.05948754630513764,0.7831
0.06670232023710077,0.7832
0.07370605616571846,0.7833
0.08070829840106497,0.7834
0.08759708020341928,0.7835000000000001
0.09426116601597379,0.7836000000000001
0.10067398285034945,0.7837000000000001
0.10682571631058635,0.7838
0.11268901195641623,0.7839
0.11813067832884849,0.784
0.12321921419710335,0.7841
0.12794018255057127,0.7842
0.1322734634429531,0.7843
0.13620355481111623,0.7844
0.13972183591471032,0.7845000000000001
0.14282555250280204,0.7846000000000001
0.1455131236575654,0.7847000000000001
0.14778204404810746,0.7848
0.1496274503191919,0.7849
0.1510445645469881,0.785
0.15202982750890648,0.7851
0.152582357469078,0.7852
0.15270271032025273,0.7853
0.1502452191577397,0.7854
0.14635758659550513,0.7855000000000001
0.14216371513678472,0.7856000000000001
0.13774197139371802,0.7857000000000001
0.1331191170870203,0.7858
0.12831696131798465,0.7859
0.12336328887691217,0.786
0.11829483098743765,0.7861
0.11315488196096701,0.7862
0.10798927747606246,0.7863
0.10284390218294281,0.7864
0.09776402244755922,0.7865000000000001
0.09275489620883304,0.7866000000000001
0.08782966298403705,0.7867000000000001
0.08307722129944572,0.7868
0.07853270269430956,0.7869
0.07422171649510012,0.787
0.0701623178397085,0.7871
0.0663665370779073,0.7872
0.06284182321648091,0.7873
0.05959308501926697,0.7874
0.05662171864839283,0.7875000000000001
0.053690783294427114,0.7876000000000001
0.05080069216626182,0.7877000000000001
0.048145678090297794,0.7878000000000001
0.045746528166709766,0.7879
0.04312108770946321,0.788
0.04061327435523232,0.7881
0.03843094150953985,0.7882
0.03626435454728405,0.7883
0.03378570297050598,0.7884
0.0316066198436189,0.7885000000000001
0.029567096075752586,0.7886000000000001
0.02774642033580199,0.7887000000000001
0.026258124923175474,0.7888000000000001
0.025008992367477,0.7889
0.024128825868953818,0.789
0.023494631468437888,0.7891
0.023228135973108577,0.7892
0.02314861970575466,0.7893
0.023486381529514544,0.7894
0.024274176413661586,0.7895000000000001
0.025216679165986466,0.7896000000000001
0.026838303802481533,0.7897000000000001
0.029208465821822793,0.7898000000000001
0.03204140375981113,0.7899
0.03494790915212542,0.79
0.03845765839276827,0.7901
0.042385343391754926,0.7902
0.04648108185666211,0.7903
0.05109868709265064,0.7904
0.056102958907897627,0.7905000000000001
0.061330693330640895,0.7906000000000001
0.06671860222975634,0.7907000000000001
0.07220102562893027,0.7908000000000001
0.07768035417224495,0.7909
0.08307983052163082,0.791
0.0880883780071815,0.7911
0.09284552261178836,0.7912
0.09740704006957657,0.7913
0.10174249902392152,0.7914
0.10579764713887829,0.7915000000000001
0.10953645478778773,0.7916000000000001
0.1129247175321545,0.7917000000000001
0.11594001150243816,0.7918000000000001
0.11856626197173725,0.7919
0.12079343360138362,0.792
0.12261457708022228,0.7921
0.12384691724036401,0.7922
0.12454389061823834,0.7923
0.12482424229476952,0.7924
0.12469870319111653,0.7925000000000001
0.12417300311847945,0.7926000000000001
0.12325249122284121,0.7927000000000001
0.12194316380130954,0.7928000000000001
0.12025105480706155,0.7929
0.11818261034472344,0.793
0.11574459794134839,0.7931
0.11273202872759958,0.7932
0.10709973718176724,0.7933
0.10127394814052604,0.7934
0.09540376667022998,0.7935
0.08953549838973218,0.7936000000000001
0.08367785252767301,0.7937000000000001
0.07785069046247428,0.7938000000000001
0.07208125309839442,0.7939
0.0664093567201014,0.794
0.060879237237276396,0.7941
0.05553496704572303,0.7942
0.050417846176271874,0.7943
0.04544046057462614,0.7944
0.04069579038562465,0.7945
0.036286163562306184,0.7946000000000001
0.032255503284572384,0.7947000000000001
0.02863456084923177,0.7948000000000001
0.025448178210481842,0.7949
0.02271644347568902,0.795
0.020454023436838886,0.7951
0.018604083273460637,0.7952
0.016411819455727006,0.7953
0.014128996136575589,0.7954
0.011708308622393693,0.7955
0.00937169694755724,0.7956000000000001
0.007246708185616013,0.7957000000000001
0.005743865752211752,0.7958000000000001
0.00558655973546518,0.7959
0.005682734129449418,0.796
0.005695697865543359,0.7961
0.0057546665354297755,0.7962
0.005791346423765553,0.7963
0.006275087941601809,0.7964
0.007463954401970785,0.7965
0.009717281838309555,0.7966000000000001
0.013162140415215351,0.7967000000000001
0.017733071610521733,0.7968000000000001
0.022373123520945892,0.7969
0.027338582314996085,0.797
0.033126555690938586,0.7971
0.039636557638823344,0.7972
0.04654343688209006,0.7973
0.05362792571897357,0.7974
0.06080347730751878,0.7975
0.06801235105284908,0.7976000000000001
0.07500832257283463,0.7977000000000001
0.08199226807183124,0.7978000000000001
0.08884801247516594,0.7979
0.09546812449128339,0.798
0.10183045066996499,0.7981
0.10792772079763102,0.7982
0.11369773368694591,0.7983
0.11907427266204074,0.7984
0.12409781695187971,0.7985
0.12874841815342186,0.7986000000000001
0.13300651211463788,0.7987000000000001
0.1368587553940348,0.7988000000000001
0.14029820909972024,0.7989
0.14332326459104217,0.799
0.1459325256049373,0.7991
0.14812334806657357,0.7992
0.149890675230274,0.7993
0.15122982620172665,0.7994
0.15213741585443763,0.7995
0.15261270654046477,0.7996000000000001
0.15265618363170197,0.7997000000000001
0.14952378283566714,0.7998000000000001
0.14556879010612223,0.7999
0.14133298656333682,0.8
0.1368782546314663,0.8001
0.13222458730631848,0.8002
0.12739570478614803,0.8003
0.12242000985808643,0.8004
0.11733633091895257,0.8005
0.11218915117633066,0.8006000000000001
0.1070255621817654,0.8007000000000001
0.10189215339606494,0.8008000000000001
0.09683423856153095,0.8009000000000001
0.09183636951952967,0.801
0.08694735397931774,0.8011
0.08223776496265411,0.8012
0.07774092035617497,0.8013
0.07348123492701464,0.8014
0.06947550900415334,0.8015
0.06573445091383023,0.8016000000000001
0.06226495892171824,0.8017000000000001
0.05907144679288234,0.8018000000000001
0.056154606588780354,0.8019000000000001
0.053197391227696844,0.802
0.050350028820421944,0.8021
0.047743727642965306,0.8022
0.045394549100474135,0.8023
0.04270174049697073,0.8024
0.04024337781536502,0.8025
0.038128085290149105,0.8026000000000001
0.035851299775852,0.8027000000000001
0.03343707069786617,0.8028000000000001
0.03127408695299483,0.8029000000000001
0.02931459301507444,0.803
0.027516455308858045,0.8031
0.026114012924253416,0.8032
0.02488529975485343,0.8033
0.024094321489314785,0.8034
0.023476363613649243,0.8035
0.023303470149207195,0.8036000000000001
0.023230752389017617,0.8037000000000001
0.023669378348834647,0.8038000000000001
0.02446098327373125,0.8039000000000001
0.025515731520187268,0.804
0.027264812267619343,0.8041
0.02976003278151018,0.8042
0.032594766356283555,0.8043
0.035601955177082756,0.8044
0.039214495889346335,0.8045
0.043146510277148664,0.8046000000000001
0.04732132429858127,0.8047000000000001
0.05200990077930423,0.8048000000000001
0.05706400118959798,0.8049000000000001
0.0623185405151806,0.805
0.06771476990846947,0.8051
0.07318979550817073,0.8052
0.07864782965636352,0.8053
0.08401399821074806,0.8054
0.08896117221728606,0.8055
0.09367669081303953,0.8056000000000001
0.0981873420475291,0.8057000000000001
0.10246343171629191,0.8058000000000001
0.10645201044213037,0.8059000000000001
0.11011897121426284,0.806
0.11343144592856724,0.8061
0.11636836855974297,0.8062
0.11891475794380102,0.8063
0.12106152698523853,0.8064
0.12280242048543555,0.8065
0.12389721355412997,0.8066
0.12451404682798872,0.8067000000000001
0.12471805663124502,0.8068000000000001
0.12451800064184004,0.8069000000000001
0.12391899399292405,0.807
0.12292662339657001,0.8071
0.12154683596297533,0.8072
0.11978577816149172,0.8073
0.11764998917921643,0.8074
0.1151464054575222,0.8075
0.11166764628497683,0.8076
0.10599279462400168,0.8077000000000001
0.1001587512310187,0.8078000000000001
0.09428966075173373,0.8079000000000001
0.08842501115705381,0.808
0.08257517948864157,0.8081
0.07676096918135189,0.8082
0.07101142409741179,0.8083
0.06536697181673445,0.8084
0.05987182996475682,0.8085
0.054569579086898745,0.8086
0.04950120828945592,0.8087000000000001
0.044529893147376765,0.8088000000000001
0.039841607392518075,0.8089000000000001
0.03549831511184731,0.809
0.03154045285896512,0.8091
0.027999059399619552,0.8092
0.02489913314012715,0.8093
0.0222574260047379,0.8094
0.02008657477926512,0.8095
0.018182879924239392,0.8096
0.01597108703755712,0.8097000000000001
0.013685752538049378,0.8098000000000001
0.011282262995036652,0.8099000000000001
0.00903684117221637,0.81
0.00693760452620662,0.8101
0.005701186655221235,0.8102
0.005613560334171153,0.8103
0.005712467702304824,0.8104
0.005708625982652871,0.8105
0.0057530955696343256,0.8106
0.005820947147963773,0.8107000000000001
0.006435663903160638,0.8108000000000001
0.007769469711451427,0.8109000000000001
0.010227873468482196,0.811
0.013886223876015569,0.8111
0.018642076178743583,0.8112
0.023299606088591274,0.8113
0.028386232658104804,0.8114
0.034292073355403074,0.8115
0.040890709163586836,0.8116
0.0478510253133726,0.8117000000000001
0.05496087230306812,0.8118000000000001
0.0621407255262173,0.8119000000000001
0.06933834712017573,0.812
0.07632117990020937,0.8121
0.08328275673909546,0.8122
0.09010160416737378,0.8123
0.09667381048033918,0.8124
0.10298125634346955,0.8125
0.10901899513598945,0.8126
0.11468295797198369,0.8127000000000001
0.11999209901334662,0.8128000000000001
0.12494488577383134,0.8129000000000001
0.12952038802924393,0.8130000000000001
0.13370001558069156,0.8131
0.13747253290132289,0.8132
0.14083222337132228,0.8133
0.14377815824181783,0.8134
0.1463088124848786,0.8135
0.1484212942952191,0.8136
0.15011033751011982,0.8137000000000001
0.15137132052160907,0.8138000000000001
0.15220094217172442,0.8139000000000001
0.15259852869284907,0.8140000000000001
0.15237881233182748,0.8141
0.14875238634725618,0.8142
0.14473625019603076,0.8143
0.1404603968715843,0.8144
0.1359731202550073,0.8145
0.1312902567510572,0.8146
0.12643723975609822,0.8147000000000001
0.12144380089069229,0.8148000000000001
0.11635065431518687,0.8149000000000001
0.11120281573269075,0.8150000000000001
0.10604705370935885,0.8151
0.1009292046627509,0.8152
0.09589421605234683,0.8153
0.0909042118245893,0.8154
0.08605066019816188,0.8155
0.08138484593968232,0.8156
0.07693757786418365,0.8157000000000001
0.07273070891184008,0.8158000000000001
0.06877943595942859,0.8159000000000001
0.06509434210753628,0.8160000000000001
0.06168314860500501,0.8161
0.05854956068472039,0.8162
0.05569218545276722,0.8163
0.05271339183625923,0.8164
0.049912213850810794,0.8165
0.047357463969314395,0.8166
0.04497300686390027,0.8167000000000001
0.042309104467458836,0.8168000000000001
0.03990943130369673,0.8169000000000001
0.03785904491340952,0.8170000000000001
0.03544945069825722,0.8171
0.03309969156961046,0.8172
0.03095195113454552,0.8173
0.029069172281479982,0.8174
0.02728525342130461,0.8175
0.025951615245169757,0.8176
0.024757100468173032,0.8177000000000001
0.024056878442593854,0.8178000000000001
0.023456943546953157,0.8179000000000001
0.02333913523877751,0.8180000000000001
0.023317837524996055,0.8181
0.023867135060698708,0.8182
0.02465993223678198,0.8183
0.02583056107541748,0.8184
0.02771078772725577,0.8185
0.03033345770480045,0.8186
0.03316474405639247,0.8187000000000001
0.036274025979875946,0.8188000000000001
0.03999025977331372,0.8189000000000001
0.04392294879259517,0.8190000000000001
0.04817664294195301,0.8191
0.05288371198899822,0.8192
0.057900465206652596,0.8193
0.063156762728375,0.8194
0.06857109851687893,0.8195
0.07404342111335172,0.8196
0.07948738201840577,0.8197
0.08476623505777092,0.8198000000000001
0.08966394114594523,0.8199000000000001
0.09436289577819601,0.8200000000000001
0.09884816669527374,0.8201
0.1030856564180791,0.8202
0.10702660931618047,0.8203
0.11063759544087359,0.8204
0.11388899491184634,0.8205
0.11676036841587234,0.8206
0.11923891622845106,0.8207
0.12131586780606463,0.8208000000000001
0.12298636435028254,0.8209000000000001
0.12395971318078458,0.8210000000000001
0.12450286720977388,0.8211
0.12463620715498491,0.8212
0.12436697470411173,0.8213
0.12369974570106257,0.8214
0.12264030618366839,0.8215
0.12119443614170733,0.8216
0.11936833796847646,0.8217
0.11716861757357233,0.8218000000000001
0.11460253352094674,0.8219000000000001
0.11065021349855841,0.8220000000000001
0.10493941387271633,0.8221
0.09909590223475284,0.8222
0.09322698230845017,0.8223
0.08736465551479333,0.8224
0.08152062191975884,0.8225
0.07571710304997525,0.8226
0.06998589332356753,0.8227
0.06436814705070981,0.8228000000000001
0.05890784991251641,0.8229000000000001
0.053648495652872,0.8230000000000001
0.04860901492976111,0.8231
0.043688321256610374,0.8232
0.03906755112993743,0.8233
0.034800198979929364,0.8234
0.030924797855298225,0.8235
0.027469789809793088,0.8236
0.024457607787835123,0.8237
0.021904305950459335,0.8238000000000001
0.019821604730516418,0.8239000000000001
0.01789022023063036,0.8240000000000001
0.015660411565320498,0.8241
0.013364916089460666,0.8242
0.010949901138448626,0.8243
0.00873999057307251,0.8244
0.006679373446859094,0.8245
0.005677628570168958,0.8246
0.005625690016169971,0.8247
0.005702684254488055,0.8248000000000001
0.005714759673099756,0.8249000000000001
0.005752995694251473,0.8250000000000001
0.005862011166069214,0.8251000000000001
0.006598033149366689,0.8252
0.00808176306239572,0.8253
0.01073760240075261,0.8254
0.014593981137364986,0.8255
0.019439661211209547,0.8256
0.02418699814220826,0.8257
0.029396362436477474,0.8258000000000001
0.03540577333282369,0.8259000000000001
0.04207793343782207,0.8260000000000001
0.049081802073401626,0.8261000000000001
0.056209575192444294,0.8262
0.06338924726842488,0.8263
0.07057269315194292,0.8264
0.07754222621741347,0.8265
0.08448038433729332,0.8266
0.09126200784978666,0.8267
0.09778674230700601,0.8268000000000001
0.10404047398488792,0.8269000000000001
0.10999362481069919,0.8270000000000001
0.11557966497744021,0.8271000000000001
0.12082675932849607,0.8272
0.12571454601601184,0.8273
0.13022156047404265,0.8274
0.1343302810407535,0.8275
0.13803091186007854,0.8276
0.14131864541315653,0.8277
0.14419286983248747,0.8278000000000001
0.1466518134420296,0.8279000000000001
0.14869228166009718,0.8280000000000001
0.15030887204639087,0.8281000000000001
0.15149709589214,0.8282
0.15225386456811385,0.8283
0.15257866467805392,0.8284
0.15171796289277006,0.8285
0.14802605265749091,0.8286
0.14396770933464187,0.8287
0.13965826416728322,0.8288000000000001
0.13514009008309946,0.8289000000000001
0.1304309256536902,0.8290000000000001
0.12555695039155212,0.8291000000000001
0.12054987912416659,0.8292
0.11545110203692321,0.8293
0.11030579656647044,0.8294
0.10516038762847146,0.8295
0.10006044451217633,0.8296
0.09504950163682935,0.8297
0.09007532676282515,0.8298000000000001
0.085256152323542,0.8299000000000001
0.08063039623399937,0.8300000000000001
0.07622708541458845,0.8301000000000001
0.07206657109271664,0.8302
0.06816306807599293,0.8303
0.06452641121808678,0.8304
0.0611637903708262,0.8305
0.05807840340955672,0.8306
0.05522992594551157,0.8307
0.05225126546839731,0.8308000000000001
0.04949091838980224,0.8309000000000001
0.04698173426542862,0.8310000000000001
0.044538349559792856,0.8311000000000001
0.04192048193240927,0.8312
0.039581906626509955,0.8313
0.03759878689537466,0.8314
0.035077588883333455,0.8315
0.03278840141638728,0.8316
0.03065369290724118,0.8317
0.028789519455871382,0.8318000000000001
0.02708403704934348,0.8319000000000001
0.025778290959459937,0.8320000000000001
0.024667576779016986,0.8321000000000001
0.02399397537942649,0.8322
0.023481310668665323,0.8323
0.02337834465453681,0.8324
0.023443542023845465,0.8325
0.024089545796639245,0.8326
0.024857003941086475,0.8327
0.026134535034036732,0.8328
0.028139048197573846,0.8329000000000001
0.03087961719138077,0.8330000000000001
0.033692227235424754,0.8331000000000001
0.03689888560383525,0.8332
0.040713871958601766,0.8333
0.044648430497812974,0.8334
0.04897448757045475,0.8335
0.053743496479957686,0.8336
0.058800771250240746,0.8337
0.06407795342137523,0.8338
0.06949680426313232,0.8339000000000001
0.07495847756607099,0.8340000000000001
0.08037854260898947,0.8341000000000001
0.08555530312138704,0.8342
0.0903587454486896,0.8343
0.09499415957572621,0.8344
0.09943237590034093,0.8345
0.10361619280837764,0.8346
0.10750311803898449,0.8347
0.11105512096897285,0.8348
0.11424561925216115,0.8349000000000001
0.11705544971659176,0.8350000000000001
0.11947179528391028,0.8351000000000001
0.1214857147031363,0.8352
0.12305823968361929,0.8353
0.12395784573944202,0.8354
0.1244341186275485,0.8355
0.12450261504073112,0.8356
0.12417010143767782,0.8357
0.12344109328965802,0.8358
0.12232128788165997,0.8359000000000001
0.12081642576415585,0.8360000000000001
0.11893271305962716,0.8361000000000001
0.11667682612476482,0.8362
0.11405615493804944,0.8363
0.10971523394777594,0.8364
0.10397759288955999,0.8365
0.09812796078893771,0.8366
0.0922604107392403,0.8367
0.08640121807157386,0.8368
0.08056371239521631,0.8369000000000001
0.07477116020869068,0.8370000000000001
0.06905735644374245,0.8371000000000001
0.06346440640968831,0.8372
0.058036469244312494,0.8373
0.05281643926019708,0.8374
0.04778150889067079,0.8375
0.04290823980116221,0.8376
0.038343831626260316,0.8377
0.03413838227453048,0.8378
0.03032872814902099,0.8379000000000001
0.026943173256555042,0.8380000000000001
0.024003950038307353,0.8381000000000001
0.021527058496828788,0.8382000000000001
0.019523096772507964,0.8383
0.01752756357561669,0.8384
0.015280436086469562,0.8385
0.012974380126248741,0.8386
0.010560855322883311,0.8387
0.008381226141187748,0.8388
0.006418004884094719,0.8389000000000001
0.005652447717968689,0.8390000000000001
0.005609424963386678,0.8391000000000001
0.0056937592763359746,0.8392000000000001
0.00571845061637144,0.8393
0.005756134800145585,0.8394
0.005938171305624351,0.8395
0.006803182526832208,0.8396
0.008491680311944583,0.8397
0.011355827821321496,0.8398
0.01540399847854057,0.8399000000000001
0.020025317030750056,0.8400000000000001
0.024656988182358175,0.8401000000000001
0.03010175953234495,0.8402000000000001
0.03634914493860797,0.8403
0.043093867976046196,0.8404
0.05009285961992416,0.8405
0.057239838075227034,0.8406
0.06445992064976058,0.8407
0.0714665017077648,0.8408
0.07849314184738065,0.8409000000000001
0.08543593761979862,0.8410000000000001
0.09217692504422426,0.8411000000000001
0.09868056180856366,0.8412000000000001
0.10493029705726009,0.8413
0.1108962981874867,0.8414
0.11651318591689708,0.8415
0.12170772470485658,0.8416
0.12653882825504137,0.8417
0.1309891411436208,0.8418
0.13504203792334746,0.8419000000000001
0.1386863389576668,0.8420000000000001
0.14191785471666507,0.8421000000000001
0.14473484203442843,0.8422000000000001
0.14713543801719398,0.8423
0.14911536932281522,0.8424
0.15066957611977327,0.8425
0.15179356121288312,0.8426
0.15248524805221841,0.8427
0.1527443920137299,0.8428
0.15128486527380158,0.8429000000000001
0.1475203021421243,0.8430000000000001
0.14341241102377533,0.8431000000000001
0.1390624546582634,0.8432000000000001
0.1345066427533348,0.8433
0.12976412186709885,0.8434
0.12486180129903723,0.8435
0.11983351606981318,0.8436
0.11472154638048737,0.8437
0.10957132682623894,0.8438
0.10442893941108089,0.8439000000000001
0.09933962276629027,0.8440000000000001
0.09434095397227626,0.8441000000000001
0.0893890700283313,0.8442000000000001
0.08459776372655947,0.8443
0.08000431805203101,0.8444
0.07563653299320006,0.8445
0.07151377805833614,0.8446
0.067649538653897,0.8447
0.06405312117735962,0.8448
0.06073112548458326,0.8449000000000001
0.05768604970769653,0.8450000000000001
0.054821479597774614,0.8451000000000001
0.05187296537163322,0.8452000000000001
0.04914646733280925,0.8453
0.04667069702481741,0.8454
0.04416275790271085,0.8455
0.041575935254446694,0.8456
0.03928363246359812,0.8457
0.03730681315400397,0.8458
0.03472449467565575,0.8459
0.03248913883152116,0.8460000000000001
0.030361722242084,0.8461000000000001
0.028508883888345604,0.8462000000000001
0.026869509575219608,0.8463
0.02558024444275775,0.8464
0.02454053534169387,0.8465
0.023881920874053053,0.8466
0.023444357557231843,0.8467
0.023347461594720453,0.8468
0.023493528152294774,0.8469
0.024233671183377714,0.8470000000000001
0.02499197868814651,0.8471000000000001
0.026366083707441534,0.8472000000000001
0.028481410121561357,0.8473
0.031295604629473006,0.8474
0.033986850052851514,0.8475
0.03726914407828641,0.8476
0.04117250164895481,0.8477
0.04508006106068807,0.8478
0.04951827780508222,0.8479
0.054380862132787255,0.8480000000000001
0.05951068493705347,0.8481000000000001
0.06483638312481865,0.8482000000000001
0.07028778317505013,0.8483
0.07576422147646444,0.8484
0.08118571307060829,0.8485
0.08629932680712027,0.8486
0.09109463052507505,0.8487
0.09571309032686592,0.8488
0.10012426719979961,0.8489
0.10427163425522978,0.8490000000000001
0.10811496131785392,0.8491000000000001
0.1116174001502952,0.8492000000000001
0.11475380031439864,0.8493
0.11750600181782944,0.8494
0.11986214169182874,0.8495
0.1218139211258552,0.8496
0.12328165104569222,0.8497
0.12411385345231185,0.8498
0.12452420484900273,0.8499
0.12452698693228259,0.8500000000000001
0.12412905157048604,0.8501000000000001
0.12333535551605412,0.8502000000000001
0.12215201984827673,0.8503000000000001
0.12058492547849853,0.8504
0.11864040519472807,0.8505
0.11632498638357092,0.8506
0.1136460685791445,0.8507
0.10885731285567923,0.8508
0.10308915974240074,0.8509
0.09723088717763462,0.8510000000000001
0.09136125571467035,0.8511000000000001
0.08550031417589099,0.8512000000000001
0.07966371071087186,0.8513000000000001
0.07387601920398701,0.8514
0.06817322496421452,0.8515
0.06259832903817208,0.8516
0.057195643871107205,0.8517
0.052007592949068426,0.8518
0.04698274129591318,0.8519
0.04214975244012442,0.8520000000000001
0.037634057692010225,0.8521000000000001
0.03348314265333974,0.8522000000000001
0.029732093301021445,0.8523000000000001
0.02640858033603255,0.8524
0.02353443189769333,0.8525
0.02112548115727053,0.8526
0.019191455052360862,0.8527
0.017126204696121805,0.8528
0.014832423186728949,0.8529
0.012487668432887622,0.8530000000000001
0.010068793440415336,0.8531000000000001
0.00791986629242225,0.8532000000000001
0.006056297742654149,0.8533000000000001
0.005617469546540743,0.8534
0.0056135282592817415,0.8535
0.005688731685183024,0.8536
0.005734060059155999,0.8537
0.005772968103150422,0.8538
0.006043991681166316,0.8539
0.007005528066630573,0.8540000000000001
0.008924111485466124,0.8541000000000001
0.01201024922144911,0.8542000000000001
0.01626542131673392,0.8543000000000001
0.020870229918400485,0.8544
0.02563016426982112,0.8545
0.031212846764330004,0.8546
0.037565250402775696,0.8547
0.044372486838189396,0.8548
0.05140271235391691,0.8549
0.05855778136717227,0.8550000000000001
0.06577079669139319,0.8551000000000001
0.07277826227504969,0.8552000000000001
0.07978819974056728,0.8553000000000001
0.08669652618743096,0.8554
0.09338999697584338,0.8555
0.09983873076000394,0.8556
0.10603013703250119,0.8557
0.11193577666885324,0.8558
0.11743588602098276,0.8559
0.1225698406364163,0.8560000000000001
0.12733890456878272,0.8561000000000001
0.13172336456734457,0.8562000000000001
0.1357070516276193,0.8563000000000001
0.13928037185536757,0.8564
0.142440046597469,0.8565
0.1451845491971544,0.8566
0.14751175328116461,0.8567
0.1494171116816907,0.8568
0.15089576996168275,0.8569
0.15194376167337853,0.8570000000000001
0.15255965931242876,0.8571000000000001
0.15274359142869065,0.8572000000000001
0.15069360796471354,0.8573000000000001
0.14686789902500486,0.8574
0.14272079812406224,0.8575
0.13833952651627834,0.8576
0.13375445530314856,0.8577
0.1289862525802281,0.8578
0.12406235326872306,0.8579
0.11901840223115379,0.8580000000000001
0.1138974033600123,0.8581000000000001
0.10874516029631098,0.8582000000000001
0.1036077432606024,0.8583000000000001
0.09853046565064849,0.8584
0.09353140704995833,0.8585
0.08860147010752717,0.8586
0.0838386107330854,0.8587
0.07927863110492828,0.8588
0.0749480929953561,0.8589
0.07086594195689011,0.859
0.06704503728670974,0.8591000000000001
0.06349337531744226,0.8592000000000001
0.060216301216873824,0.8593000000000001
0.05721564858764028,0.8594
0.05431965739953526,0.8595
0.05140609360499271,0.8596
0.04872089032533333,0.8597
0.046288488440024755,0.8598
0.04371934433686597,0.8599
0.04117655971268541,0.86
0.038943987945524894,0.8601000000000001
0.03687597031582013,0.8602000000000001
0.03435359097086632,0.8603000000000001
0.032170598693850305,0.8604
0.030067791926751353,0.8605
0.02823211096328926,0.8606
0.02667138233621924,0.8607
0.02540484394234288,0.8608
0.024446574180970515,0.8609
0.02379474049637853,0.861
0.023442961642129223,0.8611000000000001
0.023351354252389767,0.8612000000000001
0.02359500931021996,0.8613000000000001
0.02437127665556904,0.8614
0.0252062649948257,0.8615
0.026701801358083532,0.8616
0.028941628116164964,0.8617
0.031760135539964374,0.8618
0.03455315493607536,0.8619
0.03794191092337007,0.862
0.04184969598179045,0.8621000000000001
0.04584187950540208,0.8622000000000001
0.050359383314951156,0.8623000000000001
0.05528146549843793,0.8624
0.06044820821369046,0.8625
0.06579260713016477,0.8626
0.07124694787792274,0.8627
0.0767122107085062,0.8628
0.08211009252662382,0.8629
0.0871618638528664,0.863
0.09192553849084106,0.8631000000000001
0.09650298436946725,0.8632000000000001
0.10086400991530875,0.8633000000000001
0.10495338935341669,0.8634000000000001
0.10873307988872372,0.8635
0.11216763048520373,0.8636
0.11523327464569944,0.8637
0.11791288393896615,0.8638
0.12019547858158763,0.8639
0.12207339774732473,0.864
0.12341306543258657,0.8641000000000001
0.12417033740706152,0.8642000000000001
0.12450890368407463,0.8643000000000001
0.12444116542129358,0.8644000000000001
0.12397338259224588,0.8645
0.1231107292063931,0.8646
0.12185928380832634,0.8647
0.12022504203182649,0.8648
0.11821443685827526,0.8649
0.11583416286837822,0.865
0.11309184514486437,0.8651000000000001
0.10783189246354075,0.8652000000000001
0.10203440458423918,0.8653000000000001
0.09617186441947634,0.8654000000000001
0.09030648493393345,0.8655
0.08445130491252262,0.8656
0.07862400473936604,0.8657
0.07285004864581446,0.8658
0.06716729516222353,0.8659
0.061619297846854826,0.866
0.056250199408209856,0.8661000000000001
0.05110179880692933,0.8662000000000001
0.046081810593039174,0.8663000000000001
0.04129664821754098,0.8664000000000001
0.03684013095396632,0.8665
0.032756319060484484,0.8666
0.029078037955010183,0.8667
0.025832022997615,0.8668
0.023039177242685005,0.8669
0.02071469303844342,0.867
0.018864410024125755,0.8671000000000001
0.01668703106542102,0.8672000000000001
0.014393384755284178,0.8673000000000001
0.012000611383601312,0.8674000000000001
0.009616517802581548,0.8675
0.007503361498522931,0.8676
0.005814551923038147,0.8677
0.005587075290830912,0.8678
0.005652099384516385,0.8679
0.005683956433548465,0.868
0.0057562938777659944,0.8681000000000001
0.005775279640050535,0.8682000000000001
0.006177878840602169,0.8683000000000001
0.007263387899820284,0.8684000000000001
0.009372419282167588,0.8685
0.012669277398606793,0.8686
0.01710916299063925,0.8687
0.021730037104402466,0.8688
0.026609241809536055,0.8689
0.03231195326319258,0.869
0.03875626658182818,0.8691000000000001
0.04562076000210369,0.8692000000000001
0.052681271940908436,0.8693000000000001
0.05984639700571215,0.8694000000000001
0.06705485985383886,0.8695
0.07405802790715943,0.8696
0.08105113906902206,0.8697
0.08792685108686804,0.8698
0.09457580226087847,0.8699
0.1009728572135542,0.87
0.10710869685704671,0.8701000000000001
0.1129336731667453,0.8702000000000001
0.11835409792465212,0.8703000000000001
0.12342530390726525,0.8704000000000001
0.1281278722730027,0.8705
0.13244168755627161,0.8706
0.13635201113199025,0.8707
0.1398508114540581,0.8708
0.14293577580622874,0.8709
0.14560549764365605,0.871
0.14785755305729098,0.8711000000000001
0.14968710793873563,0.8712000000000001
0.15108941691363043,0.8713000000000001
0.15206087848204863,0.8714000000000001
0.152600483394575,0.8715
0.1527085641926592,0.8716
0.15002074592484704,0.8717
0.14612924764899782,0.8718
0.1419404991659059,0.8719
0.137526402372802,0.872
0.1329110135254069,0.8721
0.12811679214878535,0.8722000000000001
0.12317185934655284,0.8723000000000001
0.11811389719302201,0.8724000000000001
0.11298667666942519,0.8725
0.1078362887031944,0.8726
0.10270859477354766,0.8727
0.09764875378746551,0.8728
0.092654424865247,0.8729
0.08775300372839323,0.873
0.08302572155348942,0.8731
0.07850670337540844,0.8732000000000001
0.07422081722609597,0.8733000000000001
0.07018574037314851,0.8734000000000001
0.06641330146108082,0.8735
0.06291095368610378,0.8736
0.05968359464750783,0.8737
0.056732482661229655,0.8738
0.05380316152106834,0.8739
0.05092974422555474,0.874
0.04829145578344263,0.8741
0.045907728566627615,0.8742000000000001
0.04327319935085061,0.8743000000000001
0.0407795245717022,0.8744000000000001
0.038613328748668296,0.8745
0.03643234981655641,0.8746
0.033969558286785384,0.8747
0.031800122121936614,0.8748
0.029777102805367717,0.8749
0.027965567640025002,0.875
0.026491216223280656,0.8751
0.025247678486274072,0.8752000000000001
0.024378239294926107,0.8753000000000001
0.023745219362709902,0.8754000000000001
0.02348652376811322,0.8755000000000001
0.02340437324578426,0.8756
0.023748395328390792,0.8757
0.02453102905938831,0.8758
0.025477902171259892,0.8759
0.027101129412895775,0.876
0.02946750553149191,0.8761
0.032289910591623894,0.8762000000000001
0.035186073049635835,0.8763000000000001
0.0386812238183627,0.8764000000000001
0.04259484114683021,0.8765000000000001
0.04667023691842398,0.8766
0.051263575838806474,0.8767
0.05624028872428033,0.8768
0.06143822631419105,0.8769
0.06679502846619811,0.877
0.0722457963000459,0.8771
0.07769338742508847,0.8772000000000001
0.08306141232203601,0.8773000000000001
0.08805238646832303,0.8774000000000001
0.0927781339758813,0.8775000000000001
0.09730830385897593,0.8776
0.10161325803922383,0.8777
0.10563901429925804,0.8778
0.10934947446896337,0.8779
0.11271050209927802,0.878
0.11569969673566716,0.8781
0.11830103974343298,0.8782000000000001
0.12050453521703475,0.8783000000000001
0.122303259353858,0.8784000000000001
0.12350660978714412,0.8785000000000001
0.12418439471631415,0.8786
0.12444715192126321,0.8787
0.12430531804949885,0.8788
0.12376452961208861,0.8789
0.12283017333194857,0.879
0.12150824686331596,0.8791
0.11980482329001019,0.8792000000000001
0.11772639831062026,0.8793000000000001
0.11527981410459176,0.8794000000000001
0.11238749363291878,0.8795000000000001
0.10675088432756707,0.8796
0.10092899426699331,0.8797
0.09506402807242398,0.8798
0.0892036763138917,0.8799
0.08335583499577581,0.88
0.0775400572115349,0.8801
0.0717829029020347,0.8802000000000001
0.06612382566371566,0.8803000000000001
0.06060681555647651,0.8804000000000001
0.055275839586240716,0.8805000000000001
0.05017205312446227,0.8806
0.04515423600007029,0.8807
0.04042058534031856,0.8808
0.0360277367412869,0.8809
0.03201613259504521,0.881
0.02841583003672965,0.8811
0.02525270167021043,0.8812000000000001
0.022546690067669628,0.8813000000000001
0.020312068585991883,0.8814000000000001
0.018409759270074266,0.8815000000000001
0.016215920578620757,0.8816
0.013945542032618219,0.8817
0.0115425714703703,0.8818
0.009243738032882254,0.8819
0.007131814651321289,0.882
0.005726101353545232,0.8821
0.005594477613543702,0.8822000000000001
0.005694966820938729,0.8823000000000001
0.005701130806056165,0.8824000000000001
0.005752981341869967,0.8825000000000001
0.005799920507483458,0.8826
0.006322106616871936,0.8827
0.007552112555229362,0.8828
0.009870216179673763,0.8829
0.013384052550292846,0.883
0.01801489077838081,0.8831
0.022654602558410675,0.8832000000000001
0.027657380998330927,0.8833000000000001
0.03348202975398773,0.8834000000000001
0.04001838823383341,0.8835000000000001
0.046939044480530434,0.8836
0.054027190558055826,0.8837
0.06119872769094015,0.8838
0.068398038112496,0.8839
0.0753912525588657,0.884
0.08236378361036945,0.8841
0.08920361204582494,0.8842000000000001
0.09580509323153685,0.8843000000000001
0.10214751281266221,0.8844000000000001
0.10822425467893448,0.8845000000000001
0.11394287131557324,0.8846
0.11929762333032257,0.8847
0.12429988603661524,0.8848
0.1289287119292507,0.8849
0.13316463771830633,0.885
0.13699509733112625,0.8851
0.14041354585299792,0.8852000000000001
0.14341864789523895,0.8853000000000001
0.14600897737987828,0.8854000000000001
0.14818180698257788,0.8855000000000001
0.14993197140601344,0.8856
0.15125474179946186,0.8857
0.15214666164187296,0.8858
0.152606906507336,0.8859
0.1526358300113393,0.886
0.1492674818365639,0.8861
0.14530726629820545,0.8862
0.1410758245716367,0.8863000000000001
0.1366284397826898,0.8864000000000001
0.13198235874627162,0.8865000000000001
0.12716197002187912,0.8866
0.1221959522181213,0.8867
0.11712393705861057,0.8868
0.11199054172786305,0.8869
0.1068425916915211,0.887
0.10172627064170048,0.8871
0.09668702421199726,0.8872
0.09170045275980232,0.8873000000000001
0.08683522567727286,0.8874000000000001
0.08215229602599494,0.8875000000000001
0.07768356539386456,0.8876000000000001
0.07345221094461296,0.8877
0.06947433611076992,0.8878
0.06576030772682606,0.8879
0.06231689953406083,0.888
0.05914832072003984,0.8881
0.056254933200441615,0.8882
0.05330316511820943,0.8883000000000001
0.050474043558459636,0.8884000000000001
0.047885339261586335,0.8885000000000001
0.04554736588673647,0.8886000000000001
0.04285011254701354,0.8887
0.040404512170881146,0.8888
0.03830172253795783,0.8889
0.03599313541971538,0.889
0.03359529128025196,0.8891
0.03144364751056794,0.8892
0.029504487233322774,0.8893000000000001
0.027719270437068788,0.8894000000000001
0.026333935977744805,0.8895000000000001
0.025113449248708175,0.8896000000000001
0.02433524305914747,0.8897
0.02371962204986544,0.8898
0.02355597260990261,0.8899
0.023480936026659904,0.89
0.023927128956388044,0.8901
0.02471357508502603,0.8902
0.025774319599665363,0.8903000000000001
0.02752700947276243,0.8904000000000001
0.030020836424528907,0.8905000000000001
0.03284525936908578,0.8906000000000001
0.035844538494316236,0.8907
0.039444978548457854,0.8908
0.04336240933511526,0.8909
0.047518624537032705,0.891
0.052134525233868745,0.8911
0.057079298819238566,0.8912
0.06228248187130159,0.8913000000000001
0.06765989548999418,0.8914000000000001
0.07311087831283247,0.8915000000000001
0.07854746558120829,0.8916000000000001
0.08387625075802974,0.8917
0.08877350320450583,0.8918
0.09348261565280547,0.8919
0.09798921465086408,0.892
0.1022575596051275,0.8921
0.10623674997893273,0.8922
0.10989182809183962,0.8923000000000001
0.11319174730389003,0.8924000000000001
0.11611497043379004,0.8925000000000001
0.11864770702696459,0.8926000000000001
0.12078044979338587,0.8927
0.12250776997009383,0.8928
0.12358986443698095,0.8929
0.12419316905983813,0.893
0.12438458961281618,0.8931
0.12417300954057375,0.8932
0.12356347530785194,0.8933000000000001
0.12256149957687967,0.8934000000000001
0.12117287811670607,0.8935000000000001
0.1194037094498348,0.8936000000000001
0.11726055283385961,0.8937
0.11475057748109985,0.8938
0.1113834580922689,0.8939
0.10571060462579074,0.894
0.09987745154012317,0.8941
0.09401141545132541,0.8942
0.08815358060607781,0.8943000000000001
0.08231329359440664,0.8944000000000001
0.07651051184992597,0.8945000000000001
0.07077320759241379,0.8946000000000001
0.06514116959413208,0.8947
0.05965822404217214,0.8948
0.05436776722505754,0.8949
0.0492763030470611,0.895
0.044306893108462475,0.8951
0.039630863053841336,0.8952
0.035302123881732816,0.8953000000000001
0.031359817585702165,0.8954000000000001
0.02783370314989675,0.8955000000000001
0.024749048185608524,0.8956000000000001
0.0221252596300332,0.8957
0.019975384424822717,0.8958
0.018019353696860918,0.8959
0.01580891476221158,0.896
0.01353988149186125,0.8961
0.01115635190365083,0.8962
0.008943183752709638,0.8963000000000001
0.006857580793176554,0.8964000000000001
0.005692821747919297,0.8965000000000001
0.005623044064648308,0.8966000000000001
0.005708626596543809,0.8967
0.005712629082290421,0.8968
0.005752222104121296,0.8969
0.005830776759619738,0.897
0.00647940506764666,0.8971
0.007846247134089657,0.8972
0.010355368704233259,0.8973000000000001
0.014066877618480689,0.8974000000000001
0.01886792959850414,0.8975000000000001
0.023525603969635878,0.8976000000000001
0.028640482054745897,0.8977
0.03457315557103069,0.8978
0.04119061747845909,0.8979
0.0481603293842463,0.898
0.05527207549364643,0.8981
0.06244815221387923,0.8982
0.06963791591558732,0.8983000000000001
0.07662231587177804,0.8984000000000001
0.0835750000996125,0.8985000000000001
0.09038159542031066,0.8986000000000001
0.09693969119802126,0.8987
0.10323216282828085,0.8988
0.10924513388225399,0.8989
0.11487495844707707,0.899
0.12016784764466115,0.8991
0.12510454040289043,0.8992
0.12966352746376664,0.8993
0.1338264672883449,0.8994000000000001
0.13758268787596095,0.8995000000000001
0.14092677903180006,0.8996000000000001
0.1438579828470905,0.8997
0.14637473072226603,0.8998
0.14847403841007256,0.8999
0.15015052713337307,0.9
0.1513994954496084,0.9001
0.15221755075031695,0.9002
0.1526039273296449,0.9003
0.15218664201811982,0.9004000000000001
0.14855710137874278,0.9005000000000001
0.14454532131347042,0.9006000000000001
0.14027611041340826,0.9007000000000001
0.13579563479723156,0.9008
0.13112027863452957,0.9009
0.12627567473810486,0.901
0.12129218991702106,0.9011
0.11621074995567648,0.9012
0.11107641532503298,0.9013
0.10593582385229139,0.9014000000000001
0.10083469053446681,0.9015000000000001
0.09581773380447411,0.9016000000000001
0.09084130307236005,0.9017000000000001
0.08600757066987641,0.9018
0.0813622499447425,0.9019
0.07693549650282883,0.902
0.07274871463557264,0.9021
0.06881688335378733,0.9022
0.06515044912244061,0.9023
0.061757047657509445,0.9024000000000001
0.058640246310912136,0.9025000000000001
0.055798412880409876,0.9026000000000001
0.05281779457471503,0.9027000000000001
0.05002889635865615,0.9028
0.047486593255803955,0.9029
0.045094667881739214,0.903
0.04244233537039954,0.9031
0.0400558524666792,0.9032
0.03801826859736779,0.9033
0.03559665223540098,0.9034000000000001
0.0332592543213186,0.9035000000000001
0.031119464276590403,0.9036000000000001
0.02924489634210503,0.9037000000000001
0.027472739454565964,0.9038
0.02614593260709297,0.9039
0.0249608615112622,0.904
0.024264254407894148,0.9041
0.02367111529453214,0.9042
0.023552763564556933,0.9043
0.023536700712381897,0.9044000000000001
0.02408984964901295,0.9045000000000001
0.024878799847094735,0.9046000000000001
0.02605024796435562,0.9047000000000001
0.027928133943663225,0.9048
0.030543782780432682,0.9049
0.03336608419926912,0.905
0.03646345141568941,0.9051
0.040163761474775184,0.9052
0.04408335959731535,0.9053
0.048316674938623905,0.9054000000000001
0.05300015909431721,0.9055000000000001
0.05799112468662937,0.9056000000000001
0.06322048091620991,0.9057000000000001
0.06860729855591374,0.9058
0.07405197737044567,0.9059
0.07946847318738048,0.906
0.08473142028916336,0.9061
0.0896015424653962,0.9062
0.09427318260201423,0.9063
0.09873208714802761,0.9064000000000001
0.10294431052455788,0.9065000000000001
0.10686103370558431,0.9066000000000001
0.11044884436857627,0.9067000000000001
0.11367813062810472,0.9068
0.11652848840204433,0.9069
0.11898713455828447,0.907
0.12104530561370708,0.9071
0.12269622224758492,0.9072
0.1236496297598122,0.9073
0.1241780297728633,0.9074000000000001
0.12429793773940279,0.9075000000000001
0.12401644148617352,0.9076000000000001
0.12333808632317633,0.9077000000000001
0.12226867371820982,0.9078
0.12081399136208781,0.9079
0.11898026966712871,0.908
0.11677415840895056,0.9081
0.11420297717031258,0.9082
0.11036912286657652,0.9083
0.10466683157460122,0.9084000000000001
0.09882813914893462,0.9085000000000001
0.09296451224935531,0.9086000000000001
0.08710971517513844,0.9087000000000001
0.0812748307461213,0.9088
0.0754817166898828,0.9089
0.0697614813577131,0.909
0.06415489238083882,0.9091
0.058705716326807655,0.9092
0.0534573841481325,0.9093
0.04838494719775577,0.9094000000000001
0.043473035436633944,0.9095000000000001
0.03886487201534883,0.9096000000000001
0.0346113668582384,0.9097000000000001
0.03075080803375263,0.9098
0.027312730637775395,0.9099
0.024319665361308695,0.91
0.02178752079184143,0.9101
0.01972720748450585,0.9102
0.01774878893043841,0.9103
0.015516911310558212,0.9104000000000001
0.013233223241275294,0.9105000000000001
0.0108349994763004,0.9106000000000001
0.008642414271403664,0.9107000000000001
0.0066129979084836865,0.9108
0.005674010751010927,0.9109
0.005620995418868846,0.911
0.0056987882277586,0.9111
0.005715379682400323,0.9112
0.005753212709922684,0.9113
0.005878419298597004,0.9114000000000001
0.006647849084785218,0.9115000000000001
0.008185583267231511,0.9116000000000001
0.010899822430283423,0.9117000000000001
0.014810625580998993,0.9118
0.019659815958234628,0.9119
0.024448045540227392,0.912
0.029692607188661624,0.9121
0.035727443695149796,0.9122
0.042414701145363054,0.9123
0.04942461264983655,0.9124
0.05655029350763896,0.9125000000000001
0.06372227420575416,0.9126000000000001
0.07089384453829273,0.9127000000000001
0.07786343612997704,0.9128000000000001
0.08475168731165739,0.9129
0.09145207138826095,0.913
0.09793435777451598,0.9131
0.10417113466051464,0.9132
0.11013542981758573,0.9133
0.11572132067633523,0.9134
0.1209408533968459,0.9135000000000001
0.12580416412158946,0.9136000000000001
0.13029220420385668,0.9137000000000001
0.1343859431575819,0.9138000000000001
0.13807402098989185,0.9139
0.14135092486747958,0.914
0.1442155032161,0.9141
0.14666576461795222,0.9142
0.14869820806091827,0.9143
0.1503073023386976,0.9144
0.1514883718783263,0.9145000000000001
0.15223825822155856,0.9146000000000001
0.15255635138583645,0.9147000000000001
0.15157063945819438,0.9148000000000001
0.14787388895809594,0.9149
0.14381634602159588,0.915
0.13951016027555585,0.9151
0.13499623633318314,0.9152
0.13029241930911828,0.9153
0.12542474492874112,0.9154
0.12042511840200021,0.9155000000000001
0.11533500865536328,0.9156000000000001
0.11019977840559192,0.9157000000000001
0.10506610363020707,0.9158000000000001
0.09997983793372844,0.9159
0.09497614899928641,0.916
0.09001964044717536,0.9161
0.08521966381926294,0.9162
0.08061352141859301,0.9163
0.07622945697055028,0.9164
0.07208751065257357,0.9165000000000001
0.06820180933702602,0.9166000000000001
0.06458227297910513,0.9167000000000001
0.06123614782864961,0.9168000000000001
0.05816658076089953,0.9169
0.0553199567295497,0.917
0.05235520190481702,0.9171
0.04960895478581295,0.9172
0.04711298069039893,0.9173
0.04466651511609454,0.9174
0.04206070850854293,0.9175000000000001
0.03973505801321364,0.9176000000000001
0.0377640910994681,0.9177000000000001
0.035236855291063796,0.9178000000000001
0.032959151378271656,0.9179
0.030832824497488254,0.918
0.028976931906831593,0.9181
0.02728148575982514,0.9182
0.02598217394059521,0.9183
0.024876011713318436,0.9184
0.0241894246677683,0.9185000000000001
0.023678881732556833,0.9186000000000001
0.023566999823636525,0.9187000000000001
0.023638059933997146,0.9188000000000001
0.024289519644773216,0.9189
0.02505093790477564,0.919
0.02633082152568167,0.9191
0.028334064115846047,0.9192
0.031068693769495725,0.9193
0.03387072533495594,0.9194
0.037066077260018426,0.9195000000000001
0.04086627728649406,0.9196000000000001
0.0447869894503683,0.9197000000000001
0.049094301458940226,0.9198000000000001
0.05384179606675499,0.9199
0.058875509518247604,0.92
0.06412803138329215,0.9201
0.06952166645779057,0.9202
0.07495799318576102,0.9203
0.0803528251479243,0.9204
0.08551494938028925,0.9205000000000001
0.09029333671685402,0.9206000000000001
0.09490361102858591,0.9207000000000001
0.09931727772702637,0.9208000000000001
0.1034774293288967,0.9209
0.10734160935340653,0.921
0.11087190846902628,0.9211
0.11404179644840129,0.9212
0.11683214872280956,0.9213
0.11923014902333029,0.9214
0.12122683471250129,0.9215000000000001
0.12277719464637704,0.9216000000000001
0.12366247937786146,0.9217000000000001
0.12412563346910988,0.9218000000000001
0.12418193274422973,0.9219
0.12383803318321074,0.922
0.12309846715808648,0.9221
0.12196894758281163,0.9222
0.1204552852305738,0.9223
0.11856377676021868,0.9224
0.11630120983219783,0.9225000000000001
0.11367508740429655,0.9226000000000001
0.10945228093911741,0.9227000000000001
0.10372346274086397,0.9228000000000001
0.09787888449540538,0.9229
0.09201672483632606,0.923
0.08616499029719804,0.9231
0.080336367614534,0.9232
0.07455373818481947,0.9233
0.06885019858038954,0.9234
0.06326747207168182,0.9235000000000001
0.05784952502135532,0.9236000000000001
0.052639235380786076,0.9237000000000001
0.04757075431584168,0.9238000000000001
0.04270471535799558,0.9239
0.03815134311888824,0.924
0.03395818326560107,0.9241
0.030161834216195116,0.9242
0.026791672242270526,0.9243
0.02386997946513314,0.9244
0.02141254592514419,0.9245000000000001
0.019429099619810986,0.9246000000000001
0.017383075457507946,0.9247000000000001
0.015131602516421205,0.9248000000000001
0.012833616520740998,0.9249
0.010433340845652506,0.925
0.008271793036308539,0.9251
0.0063478218701131794,0.9252
0.005652386613935745,0.9253
0.005610591218804251,0.9254
0.0056956019542677705,0.9255
0.005722319077904103,0.9256000000000001
0.005759116754121996,0.9257000000000001
0.00596223787344452,0.9258000000000001
0.006861319237981611,0.9259000000000001
0.008608047708578148,0.926
0.011528520666130415,0.9261
0.015627413442497406,0.9262
0.020244461044720108,0.9263
0.024908001656791967,0.9264
0.030387110440387,0.9265
0.03665993893170172,0.9266000000000001
0.04341812493588848,0.9267000000000001
0.05042149919821126,0.9268000000000001
0.057565845482940636,0.9269000000000001
0.06477851991377981,0.927
0.07178314224558668,0.9271
0.07880056816617698,0.9272
0.08572966741102439,0.9273
0.09245419803405164,0.9274
0.09894021693116739,0.9275
0.10517205031483667,0.9276000000000001
0.11112003063667775,0.9277000000000001
0.11669153455219339,0.9278000000000001
0.12186794391195288,0.9279000000000001
0.12668162273348926,0.928
0.1311143911037429,0.9281
0.13514980406931953,0.9282
0.1387772218740313,0.9283
0.14199264054463345,0.9284
0.14479433370122807,0.9285
0.14718033886489112,0.9286000000000001
0.14914629861214013,0.9287000000000001
0.15068715600027005,0.9288000000000001
0.1517984460423919,0.9289000000000001
0.15247810278442775,0.929
0.15272581645037853,0.9291
0.15109484175092158,0.9292
0.14732716809053614,0.9293
0.14322315361932303,0.9294
0.13887939432857987,0.9295
0.1343300994229939,0.9296000000000001
0.12959479503202742,0.9297000000000001
0.12470050644069719,0.9298000000000001
0.11968161450777559,0.9299000000000001
0.11458060579609786,0.93
0.10944299245836597,0.9301
0.10431478351141954,0.9302
0.09924114387419036,0.9303
0.09425123686900228,0.9304
0.08931744497489136,0.9305
0.08454540017771672,0.9306000000000001
0.079971653149016,0.9307000000000001
0.0756234776671264,0.9308000000000001
0.07151998635058554,0.9309000000000001
0.06767446787413078,0.931
0.06409614126081753,0.9311
0.06079150244002174,0.9312
0.05776288095150517,0.9313
0.05489717986007259,0.9314
0.05196244480809287,0.9315
0.049249972395113195,0.9316000000000001
0.04678720290594174,0.9317000000000001
0.0442709675651316,0.9318000000000001
0.04169614476050798,0.9319000000000001
0.039417625691108515,0.932
0.03743094118022916,0.9321
0.03486259908545475,0.9322
0.03263980007681422,0.9323
0.030509931510509736,0.9324
0.028660620749622057,0.9325
0.027034388050780622,0.9326000000000001
0.025750004011828365,0.9327000000000001
0.024719219137341764,0.9328000000000001
0.02404730716780379,0.9329000000000001
0.02361593015091068,0.933
0.023509488595590655,0.9331
0.02366592182929872,0.9332
0.024416823563790713,0.9333
0.025168092210409387,0.9334
0.02655019664871694,0.9335
0.02867098512253885,0.9336000000000001
0.031476646856595014,0.9337000000000001
0.03416616998054911,0.9338000000000001
0.03744433878622555,0.9339000000000001
0.04133530357300308,0.934
0.04523320973209777,0.9341
0.049659049100421404,0.9342
0.05450572260634434,0.9343
0.05961654199580502,0.9344
0.06492112789207827,0.9345
0.07035003044139332,0.9346000000000001
0.07580310644898891,0.9347000000000001
0.08120076586026836,0.9348000000000001
0.08629698012880227,0.9349000000000001
0.09106855929024349,0.935
0.09566285633605165,0.9351
0.10004998171203905,0.9352
0.10417373933369278,0.9353
0.10799407401119065,0.9354
0.11147430997167485,0.9355
0.11458939065657714,0.9356000000000001
0.11732120853361172,0.9357000000000001
0.11965792426194155,0.9358000000000001
0.12159124742945371,0.9359000000000001
0.12303309195360101,0.936
0.12384931100496832,0.9361
0.12424498665202055,0.9362
0.12423406077817867,0.9363
0.12382325981278708,0.9364
0.12301755810360981,0.9365
0.12182306902382856,0.9366000000000001
0.12024571187689281,0.9367000000000001
0.1182918728193828,0.9368000000000001
0.11596815363508917,0.9369000000000001
0.11328203946132454,0.937
0.1085723786026388,0.9371
0.10281097531735706,0.9372
0.09695745151049451,0.9373
0.09109331838140189,0.9374
0.08523978761933704,0.9375
0.07941206039370674,0.9376000000000001
0.07363442461071301,0.9377000000000001
0.06794234612103223,0.9378000000000001
0.06237850647794718,0.9379000000000001
0.056987023063249875,0.9380000000000001
0.05181024819287239,0.9381
0.04675711558813944,0.9382
0.04193345320447017,0.9383
0.037430852315182284,0.9384
0.03329434100412665,0.9385
0.029558682984368145,0.9386
0.02625247270915909,0.9387000000000001
0.023397553383507352,0.9388000000000001
0.02100954294633861,0.9389000000000001
0.01909731594605968,0.9390000000000001
0.016981793929990552,0.9391
0.014679068745622637,0.9392
0.012336810313873015,0.9393
0.00992885133952548,0.9394
0.00779796395201382,0.9395
0.0059681326646991995,0.9396
0.0056082709551379395,0.9397000000000001
0.005619902314433212,0.9398000000000001
0.005676569911369667,0.9399000000000001
0.005743670149130908,0.9400000000000001
0.005765699532616297,0.9401
0.006090019337378516,0.9402
0.007077803984602671,0.9403
0.009047145076019225,0.9404
0.012198796896581321,0.9405
0.01650937550496656,0.9406
0.02110996695084566,0.9407000000000001
0.02590401997365177,0.9408000000000001
0.03152125528831884,0.9409000000000001
0.03789895877093352,0.9410000000000001
0.044719538416614135,0.9411
0.05175413972559184,0.9412
0.05890671708363193,0.9413
0.06611247780073137,0.9414
0.0731195235748846,0.9415
0.08011983405225509,0.9416
0.08701369784275625,0.9417000000000001
0.0936896875726545,0.9418000000000001
0.10011952595547091,0.9419000000000001
0.10629169826534335,0.9420000000000001
0.1121708024602387,0.9421
0.11763219806028058,0.9422
0.1227478983744652,0.9423
0.12749931817720916,0.9424
0.13186595652024902,0.9425
0.1358317368423676,0.9426
0.1393874730149418,0.9427000000000001
0.14253006063699813,0.9428000000000001
0.14525800558980262,0.9429000000000001
0.14756908954309733,0.9430000000000001
0.14945869504058518,0.9431
0.1509219953580756,0.9432
0.15195511820322505,0.9433
0.15255672927072894,0.9434
0.15272697882600972,0.9435
0.15049170986401794,0.9436
0.1466606411457645,0.9437000000000001
0.14251574080952922,0.9438000000000001
0.13813918628638688,0.9439000000000001
0.1335591969555039,0.9440000000000001
0.12879685337783142,0.9441
0.12387969427910661,0.9442
0.11884391532637317,0.9443
0.11373270501864918,0.9444
0.10859193493558394,0.9445
0.10346762159689171,0.9446
0.09840507030219603,0.9447000000000001
0.09341446364644324,0.9448000000000001
0.0885020547743881,0.9449000000000001
0.0837582606514764,0.9450000000000001
0.0792181596577356,0.9451
0.07490771071897817,0.9452
0.07084546967728644,0.9453
0.06704396236911214,0.9454
0.0635110004165852,0.9455
0.060251772986649854,0.9456
0.057267931066541156,0.9457000000000001
0.05436919740967894,0.9458000000000001
0.05146930126119109,0.9459000000000001
0.048798243251859,0.9460000000000001
0.046379171466801816,0.9461
0.0437994465273126,0.9462
0.041269802927015986,0.9463
0.039053274000599325,0.9464
0.03696135810597667,0.9465
0.03445042592088887,0.9466
0.032272413474056405,0.9467000000000001
0.0301869520611191,0.9468000000000001
0.02836023256432063,0.9469000000000001
0.026815922016966587,0.9470000000000001
0.025556630515319423,0.9471
0.024611828563642746,0.9472
0.023963600519484096,0.9473
0.02362318817838993,0.9474
0.023531310462546973,0.9475
0.02378547487405247,0.9476
0.02455905281138815,0.9477000000000001
0.025403967029115293,0.9478000000000001
0.026908607742161195,0.9479000000000001
0.029153799428815352,0.9480000000000001
0.03196486946198629,0.9481
0.034757104010942896,0.9482
0.0381423790272557,0.9483
0.0420399109554217,0.9484
0.04602287960339946,0.9485
0.05052786735400461,0.9486
0.05543357430187168,0.9487000000000001
0.06058071966210343,0.9488000000000001
0.06590337463760687,0.9489000000000001
0.07133464603197237,0.9490000000000001
0.07677603685455403,0.9491
0.08214965591848289,0.9492
0.08718507101226636,0.9493
0.09192440226630827,0.9494
0.09647708334858585,0.9495
0.10081349437262332,0.9496
0.10487864715234707,0.9497000000000001
0.1086345335564669,0.9498000000000001
0.11204579667562631,0.9499000000000001
0.11508875018817133,0.9500000000000001
0.11774637038440616,0.9501000000000001
0.12000777769677995,0.9502
0.12186539444746969,0.9503
0.12317658741689996,0.9504
0.1239159221687165,0.9505
0.1242379666571658,0.9506
0.1241547850692597,0.9507000000000001
0.12367251371012189,0.9508000000000001
0.12279633861169859,0.9509000000000001
0.12153230391787428,0.9510000000000001
0.11988640919104254,0.9511000000000001
0.11786510479843948,0.9512
0.11547513536513743,0.9513
0.11272420516946291,0.9514
0.10753013782201093,0.9515
0.10173806451640655,0.9516
0.0958795785296187,0.9517
0.09001924957231489,0.9518000000000001
0.0841711326403668,0.9519000000000001
0.07835254915826895,0.9520000000000001
0.0725887139629886,0.9521000000000001
0.06691701201484357,0.9522
0.06138067054070517,0.9523
0.05602359788499367,0.9524
0.05088746534198085,0.9525
0.04583956818612811,0.9526
0.04106500329135776,0.9527
0.036623195468879155,0.9528000000000001
0.032555605005490484,0.9529000000000001
0.02889465883761866,0.9530000000000001
0.025667995467499427,0.9531000000000001
0.022896497569882435,0.9532
0.02059510464249259,0.9533
0.018702480389365173,0.9534
0.016522617375427595,0.9535
0.014259206620927722,0.9536
0.01185632681987947,0.9537
0.009499086542679391,0.9538000000000001
0.007375600592191001,0.9539000000000001
0.005772174275140207,0.9540000000000001
0.005582733647653715,0.9541000000000001
0.005675889177638949,0.9542
0.005688893713431398,0.9543
0.005756615364349793,0.9544
0.005779550443579806,0.9545
0.006214712976750469,0.9546
0.007337669646014788,0.9547
0.009504604038287123,0.9548000000000001
0.01286277210913278,0.9549000000000001
0.017356843535280442,0.9550000000000001
0.02197851292429953,0.9551000000000001
0.026891556251356086,0.9552
0.032628107720844346,0.9553
0.03909712532957332,0.9554
0.04597530503377323,0.9555
0.053040617330639916,0.9556
0.06020392988439072,0.9557
0.06740575085720801,0.9558000000000001
0.07440743283625406,0.9559000000000001
0.08139157124599317,0.9560000000000001
0.08825367982730581,0.9561000000000001
0.09488599989327173,0.9562
0.10126493673431314,0.9563
0.10738215961283493,0.9564
0.1131630506020389,0.9565
0.11856473892061525,0.9566
0.12361786556330379,0.9567
0.1283018221521901,0.9568000000000001
0.13259631188111798,0.9569000000000001
0.13648719749874139,0.9570000000000001
0.13996687718998868,0.9571000000000001
0.14303339142320182,0.9572
0.1456853347752084,0.9573
0.14792015616295162,0.9574
0.14973287079970043,0.9575
0.15111871732209436,0.9576
0.15207415049432094,0.9577
0.15259824054815752,0.9578000000000001
0.1526913260564451,0.9579000000000001
0.14979774599188245,0.9580000000000001
0.14589908440097765,0.9581000000000001
0.14171146485874564,0.9582
0.13730119204008429,0.9583
0.13268993586467415,0.9584
0.1279005232488395,0.9585
0.12296089572385138,0.9586
0.1179090455543621,0.9587
0.11278913392981027,0.9588000000000001
0.10764820058014424,0.9589000000000001
0.1025330236896651,0.9590000000000001
0.09748909180131571,0.9591000000000001
0.09250724335426619,0.9592
0.08762733030749703,0.9593
0.08292324710400412,0.9594
0.0784282593560719,0.9595
0.07416662831336185,0.9596
0.07015554074127195,0.9597
0.06640635431249842,0.9598000000000001
0.06292620957142303,0.9599000000000001
0.05971972272462489,0.9600000000000001
0.05678786565690186,0.9601000000000001
0.05386193511928483,0.9602
0.05100224382840168,0.9603
0.04837716172186135,0.9604
0.04600542518765982,0.9605
0.04335876655144566,0.9606
0.04087642544354497,0.9607
0.03872459670824813,0.9608000000000001
0.03652518835403917,0.9609000000000001
0.034077454185009515,0.9610000000000001
0.03191551880783572,0.9611000000000001
0.02990883831152069,0.9612
0.02810467923200899,0.9613
0.026644924775737877,0.9614
0.025406049965717603,0.9615
0.02454892595317748,0.9616
0.023917005417704473,0.9617
0.023668651606315372,0.9618000000000001
0.023584253363874597,0.9619000000000001
0.023938135756983447,0.9620000000000001
0.024716682171469495,0.9621000000000001
0.02567316014701837,0.9622
0.027305196552517952,0.9623
0.029676650800032345,0.9624
0.03249109049103982,0.9625
0.03538619344089211,0.9626
0.03887751877786538,0.9627
0.04278060843215159,0.9628000000000001
0.04684657191013364,0.9629000000000001
0.051427324819521836,0.9630000000000001
0.0563878659677477,0.9631000000000001
0.061566669598739576,0.9632000000000001
0.06690234448345456,0.9633
0.07233070230681804,0.9634
0.07775503194415756,0.9635
0.08309928984926562,0.9636
0.08807380080623284,0.9637
0.0927754177102974,0.9638000000000001
0.097280901713798,0.9639000000000001
0.1015611633980189,0.9640000000000001
0.10556248134905799,0.9641000000000001
0.10924884807950885,0.9642000000000001
0.11258627762757778,0.9643
0.1155524984465961,0.9644
0.11813162710093383,0.9645
0.12031378104287993,0.9646
0.1220921181778567,0.9647
0.12326699423993526,0.9648
0.12392684328883286,0.9649000000000001
0.1241730963796559,0.9650000000000001
0.12401584270482335,0.9651000000000001
0.12346059730610304,0.9652000000000001
0.12251277406231043,0.9653
0.12117835937869847,0.9654
0.11946345829959593,0.9655
0.11737461080832468,0.9656
0.1149187313611153,0.9657
0.11207588364311305,0.9658
0.10644309614749181,0.9659000000000001
0.10062431966167829,0.9660000000000001
0.0947636563720412,0.9661000000000001
0.08890960211593946,0.9662000000000001
0.08306975227325397,0.9663
0.07726345491270947,0.9664
0.07151688632016717,0.9665
0.06586922288445096,0.9666
0.060364238086726085,0.9667
0.05504576122891658,0.9668
0.049918674712722044,0.9669000000000001
0.044911905463002944,0.9670000000000001
0.04019316675395079,0.9671000000000001
0.035816626250357864,0.9672000000000001
0.03182229626338673,0.9673
0.028241042611620415,0.9674
0.025098986876765927,0.9675
0.022416135023579642,0.9676
0.020206138327888645,0.9677
0.018262576499830763,0.9678
0.016066753125345334,0.9679000000000001
0.013806491705657509,0.9680000000000001
0.011418951765285623,0.9681000000000001
0.009152389869968358,0.9682000000000001
0.007053130371821981,0.9683
0.005717081257205603,0.9684
0.005601492863873014,0.9685
0.005702488136378525,0.9686
0.005704542325882134,0.9687
0.005752195777807723,0.9688
0.005807725704790823,0.9689000000000001
0.006366556108830856,0.9690000000000001
0.007633603277089618,0.9691000000000001
0.010009162411827255,0.9692000000000001
0.013584186912577678,0.9693
0.018267612103582076,0.9694
0.0229067803447065,0.9695
0.02794250550155164,0.9696
0.03379935704701453,0.9697
0.040358838250843077,0.9698
0.047291539327225074,0.9699000000000001
0.054382925684154815,0.9700000000000001
0.06155106081834183,0.9701000000000001
0.06874226630133728,0.9702000000000001
0.0757318115361818,0.9703
0.08269463918361952,0.9704
0.0895208885993759,0.9705
0.09610627958167761,0.9706
0.10243126320998652,0.9707
0.10848978215314764,0.9708
0.11416586219211833,0.9709000000000001
0.1195008966979717,0.9710000000000001
0.12448368057350867,0.9711000000000001
0.1290925891572957,0.9712000000000001
0.1333083116307433,0.9713
0.13711891179931024,0.9714
0.14051813718413575,0.9715
0.14350483341668263,0.9716
0.14607752094320992,0.9717
0.1482333871678969,0.9718
0.1499671681914454,0.9719000000000001
0.15127408984317048,0.9720000000000001
0.1521506362353815,0.9721000000000001
0.15259592020817858,0.9722000000000001
0.15261020434370787,0.9723
0.1490412129015919,0.9724
0.14507342460960793,0.9725
0.14084255587916272,0.9726
0.13639837845534053,0.9727
0.13175585705232717,0.9728
0.12693996870936186,0.9729000000000001
0.12197964702685071,0.9730000000000001
0.11691524286697996,0.9731000000000001
0.11179161188825881,0.9732000000000001
0.10665557322993224,0.9733
0.1015530429589625,0.9734
0.09652916799012512,0.9735
0.09155154010598654,0.9736
0.0867038621200662,0.9737
0.082040179294809,0.9738
0.07759184940416386,0.9739000000000001
0.073381477407511,0.9740000000000001
0.06942475970613449,0.9741000000000001
0.06573168781394567,0.9742000000000001
0.06230881610844441,0.9743
0.05916014310652007,0.9744
0.056285729320792344,0.9745
0.0533333489550496,0.9746
0.05051942827700828,0.9747
0.04794616884447511,0.9748
0.045599126562156034,0.9749000000000001
0.04291527809670481,0.9750000000000001
0.04048521190707999,0.9751000000000001
0.03839815142522274,0.9752000000000001
0.036068793908135444,0.9753000000000001
0.03368638954783987,0.9754
0.031542202242156314,0.9755
0.029621056663748924,0.9756
0.027844543495592067,0.9757
0.026476288267369474,0.9758
0.025262255842615433,0.9759000000000001
0.024498944553189794,0.9760000000000001
0.023886379297894944,0.9761000000000001
0.02373555707785746,0.9762000000000001
0.023660297583417256,0.9763000000000001
0.024118563116277247,0.9764
0.02490275653317342,0.9765
0.025974871076545725,0.9766
0.027737873527287293,0.9767
0.03023816676512814,0.9768
0.03305621034676398,0.9769000000000001
0.03605574923614352,0.9770000000000001
0.03965351688003427,0.9771000000000001
0.04356129703636524,0.9772000000000001
0.047709090079555594,0.9773000000000001
0.05231305752888615,0.9774
0.057242000909689894,0.9775
0.06242643894841826,0.9776
0.06778301542551168,0.9777
0.07321158065139632,0.9778
0.07862464485534937,0.9779
0.08393504947657637,0.9780000000000001
0.08880815414037646,0.9781000000000001
0.0934923752088388,0.9782000000000001
0.09797388572325816,0.9783000000000001
0.10221721723749078,0.9784
0.10617159001789722,0.9785
0.10980218564819444,0.9786
0.11307808665816987,0.9787
0.11597789128105773,0.9788
0.11848793155617376,0.9789
0.12059880014671065,0.9790000000000001
0.12230514419444827,0.9791000000000001
0.12335744497128187,0.9792000000000001
0.12394203179405883,0.9793000000000001
0.12411621055037925,0.9794
0.12388851634211384,0.9795
0.12326387967678953,0.9796
0.12224784471335215,0.9797
0.12084618789790758,0.9798
0.11906502733226898,0.9799
0.11691095070833502,0.9800000000000001
0.11439118387039793,0.9801000000000001
0.11106732043706902,0.9802000000000001
0.10539786679438945,0.9803000000000001
0.09956754768147502,0.9804
0.09370500775448787,0.9805
0.08785138327778053,0.9806
0.08201564425512253,0.9807
0.07621872341320435,0.9808
0.07048998430140563,0.9809
0.0648698283440301,0.9810000000000001
0.05940158314543176,0.9811000000000001
0.054127730853054556,0.9812000000000001
0.04902319167415237,0.9813000000000001
0.04407155946330765,0.9814
0.039416622832456394,0.9815
0.0351100806762461,0.9816
0.031190414278346568,0.9817
0.0276877864656353,0.9818
0.024627378329264316,0.9819
0.02202848890451592,0.9820000000000001
0.01990355408939881,0.9821000000000001
0.017916922948048253,0.9822000000000001
0.01570231000667932,0.9823000000000001
0.013437452504293068,0.9824
0.011063465187343358,0.9825
0.008879273187298864,0.9826
0.006802484611662329,0.9827
0.005689831035995185,0.9828
0.005630566613866517,0.9829
0.005706992511380848,0.9830000000000001
0.0057144215543232235,0.9831000000000001
0.005752188335088837,0.9832000000000001
0.005840664565680553,0.9833000000000001
0.006523791001816548,0.9834
0.007929940124941748,0.9835
0.010494905516536202,0.9836
0.014263729293122696,0.9837
0.019088069606844504,0.9838
0.023769005386483633,0.9839
0.028918286883237165,0.9840000000000001
0.03487968843083977,0.9841000000000001
0.041516515357756356,0.9842000000000001
0.04849599681657635,0.9843000000000001
0.05560921086903603,0.9844
0.06278079965125438,0.9845
0.06996169317659762,0.9846
0.07694123136441999,0.9847
0.0838839566407732,0.9848
0.09067690948709839,0.9849
0.09721895745394715,0.9850000000000001
0.10349411120714391,0.9851000000000001
0.10946655106894843,0.9852000000000001
0.11507756675157632,0.9853000000000001
0.12035228700575129,0.9854
0.12527051516809884,0.9855
0.12981068339916724,0.9856
0.13395489366702606,0.9857
0.13769278068635205,0.9858
0.14101916563395844,0.9859
0.1439333450206719,0.9860000000000001
0.14643369311877663,0.9861000000000001
0.14851714436524788,0.9862000000000001
0.15017825939730656,0.9863000000000001
0.15141230332027944,0.9864
0.15221585106009283,0.9865
0.15258808586188288,0.9866
0.15197145371500587,0.9867
0.1483336960945022,0.9868
0.14432144816788461,0.9869
0.14005441997134904,0.9870000000000001
0.13557665068083302,0.9871000000000001
0.13090504214231002,0.9872000000000001
0.12606541258565496,0.9873000000000001
0.12108875157547772,0.9874
0.11601618988256124,0.9875
0.11089282457744543,0.9876
0.10576515715789725,0.9877
0.10067877810489267,0.9878
0.09567817767165354,0.9879
0.09071361997894622,0.9880000000000001
0.08589846508701116,0.9881000000000001
0.08127286333728512,0.9882000000000001
0.07686636739597497,0.9883000000000001
0.07269991795035169,0.9884000000000001
0.06878819473875097,0.9885
0.06514137090041083,0.9886
0.06176687157300553,0.9887
0.05866805058567737,0.9888
0.05584300755724403,0.9889
0.05285885809565416,0.9890000000000001
0.0500831071802732,0.9891000000000001
0.04755462345775241,0.9892000000000001
0.04515271578001556,0.9893000000000001
0.04251358311674047,0.9894000000000001
0.04014278004345284,0.9895
0.038121056302433676,0.9896
0.03568111371040117,0.9897
0.03335864721947668,0.9898
0.031226287316387102,0.9899
0.029359811839363203,0.9900000000000001
0.02760373122622739,0.9901000000000001
0.026284463816469872,0.9902000000000001
0.025110893365805076,0.9903000000000001
0.02440254195163072,0.9904000000000001
0.023819116064145218,0.9905
0.023691504078831915,0.9906
0.023684250477149726,0.9907
0.024244976654504313,0.9908
0.02500623848922623,0.9909
0.02619323636060855,0.991
0.028089455379950667,0.9911000000000001
0.030718593845979303,0.9912000000000001
0.03351957536348249,0.9913000000000001
0.03662534625327862,0.9914000000000001
0.040333160303210214,0.9915
0.04424237276009224,0.9916
0.04847464463375473,0.9917
0.053154110932927656,0.9918
0.05813661973743178,0.9919
0.06335395603715044,0.992
0.06872604774853674,0.9921000000000001
0.07415377066217865,0.9922000000000001
0.07955151764984514,0.9923000000000001
0.08479314570894525,0.9924000000000001
0.08964419070292196,0.9925
0.09429553649021016,0.9926
0.098733189228148,0.9927
0.10292354936529247,0.9928
0.10681813163443654,0.9929
0.11038377504339592,0.993
0.11359109444915394,0.9931000000000001
0.11641988537060066,0.9932000000000001
0.11885756776393575,0.9933000000000001
0.1208955568410729,0.9934000000000001
0.12251589723687495,0.9935
0.1234511412834739,0.9936
0.12396291047893238,0.9937
0.12406725291026743,0.9938
0.1237710461278081,0.9939
0.12307881696650158,0.994
0.12199631353882212,0.9941000000000001
0.12052932520002868,0.9942000000000001
0.11868409066115515,0.9943000000000001
0.11646729570006342,0.9944000000000001
0.11388632158168588,0.9945
0.11007019860593059,0.9946
0.10437044201053025,0.9947
0.09853498616484424,0.9948
0.09267599533948112,0.9949
0.08682750782187088,0.995
0.08100042319882927,0.9951000000000001
0.07521643856891946,0.9952000000000001
0.06950640741688197,0.9953000000000001
0.06391088048422311,0.9954000000000001
0.05847344105037067,0.9955
0.05323738430214964,0.9956
0.04814663743042913,0.9957
0.043246147574424354,0.9958
0.038652659943426704,0.9959
0.034415184763835205,0.996
0.03057170891063765,0.9961000000000001
0.027152439033608866,0.9962000000000001
0.02417994259224665,0.9963000000000001
0.02166999722951224,0.9964000000000001
0.019632822451699283,0.9965
0.017616040165089553,0.9966
0.015379178582255237,0.9967
0.013101781417388825,0.9968
0.010714812204612345,0.9969
0.00853546792851434,0.997
0.006535661573741303,0.9971000000000001
0.005667851507834776,0.9972000000000001
0.005615177310266395,0.9973000000000001
0.005693962020761001,0.9974000000000001
0.005715939001804227,0.9975
0.005753743985333459,0.9976
0.00589949159185954,0.9977
0.006705191553650014,0.9978
0.00830099253950678,0.9979
0.011075203900932307,0.998
0.015041027453590816,0.9981000000000001
0.01989474714362016,0.9982000000000001
0.02472480098105745,0.9983000000000001
0.030005122402383178,0.9984000000000001
0.03606581158373956,0.9985
0.042706752339687126,0.9986
0.04962019384600347,0.9987
0.05671569139082622,0.9988
0.06389342958350541,0.9989
0.07094381473783917,0.999
0.07793670307860279,0.9991000000000001
0.08488875869650103,0.9992000000000001
0.09167781723495827,0.9993000000000001
0.09819897311080472,0.9994000000000001
0.1044472318147115,0.9995
0.11038211097921125,0.9996
0.1159468655212369,0.9997
0.1211709972261571,0.9998
0.12603404290112763,0.9999
0.13051489968167762,1.0
