$MeshFormat
2.2 0 8
$EndMeshFormat
$PhysicalNames
7
0 6 "separation-inf"
0 7 "separation-sup"
1 4 "pressure"
1 5 "fixed"
2 1 "body"
2 2 "cover"
2 3 "scar"
$EndPhysicalNames
$Nodes
1127
1 0.6299165151474654 0.4474071676345211 0
2 0.6780832021878531 0.4499314767377288 0
3 0.5636749257205028 0.4439355930364754 0
4 0.4754071150127369 0.4393096730951061 0
5 0.4040362663251333 0.4037254805883031 0
6 0.06527036446661391 -1.301042606982605e-16 0
7 0.7306999999999998 0 0
8 0.7306999999999999 0.4 0
9 0.5342611505365626 0.4924626996986507 0
10 0.4727903172005901 0.4892411498328348 0
11 0.3657340441691846 0.4358648610726302 0
12 0 0 0
13 0.6754664043757063 0.4998629534754574 0
14 0.6540966947071116 0.4987430144478031 0
15 0.7806999999999999 0 0
16 0.7806999999999999 0.4 0
17 0.6459720774942612 0.448248604002257 0
18 0.6620276398410572 0.4490900403699929 0
19 0.614482165379446 0.4391424432107194 1.834673721568703e-19
20 0.5973190799964134 0.4356850849879523 2.464095846557963e-19
21 0.579888623448921 0.437329472500606 1.8346737215687e-19
22 0.4930606771542901 0.4402348570833799 0
23 0.5107142392958433 0.4411600410716539 0
24 0.5283678014373964 0.4420852250599277 0
25 0.5460213635789495 0.4430104090482015 0
26 0.4155632889104461 0.4153738503531371 0
27 0.4288380096997182 0.4249831456356997 0
28 0.4435039270820078 0.4322953023077403 0
29 0.459167177920325 0.4371139474530656 0
30 0.07695194728932159 0.0139215682961481 0
31 0.08863353011202912 0.02784313659229654 0
32 0.1003151129347367 0.04176470488844486 0
33 0.1119966957574442 0.05568627318459324 0
34 0.1236782785801517 0.06960784148074162 0
35 0.1353598614028593 0.08352940977689 0
36 0.1470414442255668 0.09745097807303832 0
37 0.1587230270482744 0.1113725463691868 0
38 0.1704046098709819 0.1252941146653351 0
39 0.1820861926936895 0.1392156829614835 0
40 0.1937677755163971 0.1531372512576319 0
41 0.2054493583391046 0.1670588195537803 0
42 0.2171309411618121 0.1809803878499286 0
43 0.2288125239845197 0.194901956146077 0
44 0.2404941068072272 0.2088235244422254 0
45 0.2521756896299348 0.2227450927383737 0
46 0.2638572724526423 0.2366666610345221 0
47 0.2755388552753499 0.2505882293306705 0
48 0.2872204380980575 0.264509797626819 0
49 0.2989020209207651 0.2784313659229674 0
50 0.3105836037434727 0.2923529342191159 0
51 0.3222651865661804 0.3062745025152643 0
52 0.333946769388888 0.3201960708114128 0
53 0.3456283522115955 0.3341176391075612 0
54 0.3573099350343032 0.3480392074037096 0
55 0.3689915178570107 0.361960775699858 0
56 0.3806731006797182 0.3758823439960064 0
57 0.3923546835024258 0.3898039122921548 0
58 0.08375452100920794 0 0
59 0.102238677551802 0 0
60 0.120722834094396 0 0
61 0.13920699063699 0 0
62 0.157691147179584 0 0
63 0.176175303722178 0 0
64 0.194659460264772 0 0
65 0.213143616807366 0 0
66 0.2316277733499601 0 0
67 0.2501119298925542 0 0
68 0.2685960864351482 0 0
69 0.2870802429777423 0 0
70 0.3055643995203364 0 0
71 0.3240485560629304 0 0
72 0.3425327126055245 0 0
73 0.3610168691481186 0 0
74 0.3795010256907126 0 0
75 0.3979851822333066 0 0
76 0.4164693387759007 0 0
77 0.4349534953184948 0 0
78 0.4534376518610889 0 0
79 0.4719218084036829 0 0
80 0.490405964946277 0 0
81 0.5088901214888711 0 0
82 0.5273742780314651 0 0
83 0.5458584345740591 0 0
84 0.5643425911166533 0 0
85 0.5828267476592474 0 0
86 0.6013109042018414 0 0
87 0.6197950607444355 0 0
88 0.6382792172870295 0 0
89 0.6567633738296236 0 0
90 0.6752475303722176 0 0
91 0.6937316869148117 0 0
92 0.7122158434574057 0 0
93 0.7306999999999999 0.3818181818181818 0
94 0.7306999999999999 0.3636363636363637 0
95 0.7306999999999999 0.3454545454545456 0
96 0.7306999999999999 0.3272727272727274 0
97 0.7306999999999999 0.3090909090909092 0
98 0.7306999999999999 0.290909090909091 0
99 0.7306999999999999 0.2727272727272728 0
100 0.7306999999999999 0.2545454545454546 0
101 0.7306999999999999 0.2363636363636365 0
102 0.7306999999999999 0.2181818181818183 0
103 0.7306999999999999 0.2000000000000001 0
104 0.7306999999999999 0.1818181818181819 0
105 0.7306999999999999 0.1636363636363637 0
106 0.7306999999999999 0.1454545454545455 0
107 0.7306999999999999 0.1272727272727273 0
108 0.7306999999999999 0.1090909090909091 0
109 0.7306999999999999 0.09090909090909099 0
110 0.7306999999999999 0.07272727272727275 0
111 0.7306999999999999 0.05454545454545456 0
112 0.7306999999999999 0.03636363636363638 0
113 0.7306999999999999 0.01818181818181819 0
114 0.6941459910307635 0.4481581283398828 0
115 0.7088041688926067 0.441354028713728 0
116 0.7205264959012098 0.4302299557431187 0
117 0.7280884205004792 0.4159479654649035 0
118 0.551999079529054 0.4529313110891851 1.856153646418754e-19
119 0.5428686498013049 0.4645021190903019 2.48757293081198e-19
120 0.5368346289185882 0.4779497559384253 1.856153646418754e-19
121 0.5188934422025695 0.4916573122321967 0
122 0.5035257338685764 0.4908519247657428 0
123 0.4881580255345833 0.4900465372992888 0
124 0.4553304392647099 0.4872959338991283 0
125 0.4382177408617575 0.4833226788186971 0
126 0.4216869558889431 0.4773758855023666 0
127 0.4059648361705108 0.4695371257711422 0
128 0.3912670411160414 0.4599139234402445 0
129 0.3777951795327663 0.4486382794211359 0
130 0.3539361717766302 0.4218047042638357 0
131 0.3421382993840759 0.4077445474550412 0
132 0.3303404269915215 0.3936843906462466 0
133 0.3185425545989671 0.3796242338374521 0
134 0.3067446822064128 0.3655640770286576 0
135 0.2949468098138585 0.351503920219863 0
136 0.2831489374213041 0.3374437634110685 0
137 0.2713510650287497 0.3233836066022739 0
138 0.2595531926361954 0.3093234497934794 0
139 0.247755320243641 0.2952632929846847 0
140 0.2359574478510866 0.2812031361758902 0
141 0.2241595754585322 0.2671429793670956 0
142 0.2123617030659778 0.2530828225583009 0
143 0.2005638306734234 0.2390226657495064 0
144 0.188765958280869 0.2249625089407118 0
145 0.1769680858883146 0.2109023521319172 0
146 0.1651702134957603 0.1968421953231227 0
147 0.153372341103206 0.1827820385143283 0
148 0.1415744687106517 0.1687218817055337 0
149 0.1297765963180974 0.1546617248967392 0
150 0.1179787239255431 0.1406015680879448 0
151 0.1061808515329888 0.1265414112791503 0
152 0.09438297914043453 0.1124812544703558 0
153 0.08258510674788017 0.09842109766156132 0
154 0.07078723435532586 0.0843609408527668 0
155 0.05898936196277155 0.07030078404397233 0
156 0.04719148957021724 0.05624062723517786 0
157 0.03539361717766293 0.04218047042638334 0
158 0.02359574478510867 0.02812031361758888 0
159 0.01179787239255431 0.01406015680879436 0
160 0.0163175911166535 0 0
161 0.03263518223330703 0 0
162 0.04895277334996048 0 0
163 0.6647815495414089 0.4993029839616302 0
164 0.6530543298176763 0.4840405723714849 1.856153646418761e-19
165 0.6484590247470209 0.4700358761548697 2.48757293081198e-19
166 0.6405880912477748 0.4575740644622421 1.856153646418756e-19
167 0.7473666666666665 0 0
168 0.7640333333333333 0 0
169 0.7806999999999999 0.01818181818181816 0
170 0.7806999999999999 0.03636363636363633 0
171 0.7806999999999999 0.05454545454545447 0
172 0.7806999999999999 0.07272727272727263 0
173 0.7806999999999999 0.09090909090909081 0
174 0.7806999999999999 0.109090909090909 0
175 0.7806999999999999 0.1272727272727272 0
176 0.7806999999999999 0.1454545454545454 0
177 0.7806999999999999 0.1636363636363636 0
178 0.7806999999999999 0.1818181818181818 0
179 0.7806999999999999 0.2 0
180 0.7806999999999999 0.2181818181818181 0
181 0.7806999999999999 0.2363636363636363 0
182 0.7806999999999999 0.2545454545454545 0
183 0.7806999999999999 0.2727272727272727 0
184 0.7806999999999999 0.2909090909090909 0
185 0.7806999999999999 0.309090909090909 0
186 0.7806999999999999 0.3272727272727273 0
187 0.7806999999999999 0.3454545454545455 0
188 0.7806999999999999 0.3636363636363636 0
189 0.7806999999999999 0.3818181818181818 0
190 0.7790780848522558 0.4179374585937456 0
191 0.7742649515839531 0.4352930564713867 0
192 0.7664167300702113 0.4515038074910052 0
193 0.7557880032981501 0.4660438623999005 0
194 0.7427235491268263 0.4784415664919572 0
195 0.7276471562785896 0.4882947592858924 0
196 0.7110478773521176 0.4952838199287833 0
197 0.6934641647860601 0.499182035154126 0
198 0.5802353230772435 0.4448034866859868 0
199 0.5967957204339842 0.4456713803354982 0
200 0.6133561177907249 0.4465392739850097 0
201 0.636977331254176 0.4978458266264956 0
202 0.6198579678012404 0.4969486388051881 0
203 0.6027386043483048 0.4960514509838806 0
204 0.5856192408953692 0.4951542631625732 0
205 0.5684998774424337 0.4942570753412657 0
206 0.5513805139894982 0.4933598875199582 0
207 0.5176977963865848 0.01255128345894463 0
208 0.7149540835675556 0.2272727272727273 0
209 0.3742201304904745 0.3455585483468641 0
210 0.4422879239569117 0.01735941962394533 0
211 0.5205596838897624 0.4250206053555268 0
212 0.3295322017249639 0.2914446699915672 0
213 0.7161106591870039 0.1507954436379521 0
214 0.5828297983753927 0.4218974913478623 0
215 0.2813247279894715 0.2336971202567382 0
216 0.3720348546896322 0.01655568109828165 0
217 0.5920542602490153 0.01599742090474271 0
218 0.7158826502589315 0.2999658686958865 0
219 0.2365509852069019 0.1765713840035095 0
220 0.4104370082030787 0.3877724818356948 0
221 0.3142482263413086 0.01666196317588148 0
222 0.7176481685722631 0.1028811429136163 0
223 0.2599594547619535 0.01598367692777003 0
224 0.7160485951042187 0.3553093442066605 0
225 0.2022728074637639 0.137752905086874 0
226 0.469188700652279 0.424147612196196 0
227 0.6481217047246293 0.0162260901542618 0
228 0.6557664287281576 0.4338037713201941 0
229 0.2045643457536483 0.01561824815442148 0
230 0.1654741643997221 0.09453191143881801 0
231 0.7157951681706465 0.4049584393085038 0
232 0.7149614640109011 0.2636486602174078 0
233 0.5554942612074372 0.01564969924283344 0
234 0.4078533767848574 0.01657896504795209 0
235 0.4804844669253004 0.01645350008747049 0
236 0.3038482971748642 0.2620155023912856 0
237 0.3507114143824511 0.3182775324369636 0
238 0.7149540835675555 0.1909090909090909 0
239 0.2582847883266483 0.2063110130888807 0
240 0.7134040722534352 0.06075354872456717 0
241 0.1664441944204409 0.01572011107160132 0
242 0.6844896086435146 0.01600774913341479 0
243 0.1417279055089731 0.06607655215389491 0
244 0.6838668626042325 0.4353296532040441 0
245 0.4309062089780949 0.4058679673081976 0
246 0.5555203918092232 0.4289763090452273 0
247 0.1299660266557873 0.0149127380390271 0
248 0.6287583120990446 0.4298924841528532 0
249 0.7146778705808352 0.02911375045396258 0
250 0.6140401478406046 0.4227235014252195 0
251 0.6289019849775539 0.4133547029495332 0
252 0.6141734273168173 0.4047990577298361 0
253 0.6291852054617599 0.3958683448447409 0
254 0.6137363019674802 0.3871476306481658 0
255 0.6290439908717331 0.3782277115607993 0
256 0.6135462690020935 0.369397569506453 0
257 0.6289877361509686 0.3604618190037577 0
258 0.613541568510748 0.3516033486148062 0
259 0.5980388625267843 0.3605123549676022 0
260 0.5980326832402514 0.3428160202342597 0
261 0.5826530649153328 0.3516655778816886 0
262 0.5825910488921622 0.3340016316548185 0
263 0.5672925487482068 0.3428643628588677 0
264 0.5672169997806022 0.3251391456716879 0
265 0.5826087628060689 0.3164180908446538 0
266 0.5670984650680476 0.3074645068780316 0
267 0.5517719595331833 0.3163538044974076 0
268 0.5516833167324302 0.2985677141496833 0
269 0.5670783743823702 0.2897716128884308 0
270 0.5515673870801634 0.2807870625128327 0
271 0.5670384655334628 0.2719056668101564 0
272 0.5514524878129365 0.2629415216830925 0
273 0.5668713075029996 0.253907050872156 0
274 0.5513105196272289 0.245030497465764 0
275 0.5358900082278863 0.2540883397556185 0
276 0.5357116086429244 0.2361616124868472 0
277 0.5512047524860066 0.2270805914739351 0
278 0.5355846991280528 0.2181857034802633 0
279 0.5200595127201494 0.2272968562439356 0
280 0.5199283911072283 0.2092810641281396 0
281 0.5511141551747391 0.209085770649294 0
282 0.504372836799803 0.2184175119839646 0
283 0.5042425253785295 0.2003621303096225 0
284 0.4886525314202302 0.2095181999525046 0
285 0.4885296950420593 0.1914505107021469 0
286 0.473117965617559 0.2006004342000675 0
287 0.4727547994933539 0.1826106083547158 0
288 0.457315582022822 0.1915926634601012 0
289 0.5041090479451232 0.1823217416143089 0
290 0.5363150213403803 0.3075394793768422 0
291 0.456957908763982 0.1736251804436432 0
292 0.441293452789804 0.1826304572152866 0
293 0.473694518410005 0.2186784101547518 0
294 0.4411880349503219 0.1645636513942819 0
295 0.4257463937995998 0.1737358997841558 0
296 0.4253364814861383 0.1557108211812718 0
297 0.4098773318175306 0.1646846231620544 0
298 0.4566591273264136 0.1556730826127243 0
299 0.4263420045719094 0.1917846367590273 0
300 0.4094708949224858 0.1466932186286062 0
301 0.3937538004004911 0.1556841094154056 0
302 0.582493240310584 0.2628886625918658 0
303 0.3936531437044994 0.1375409427995776 0
304 0.3779006290167831 0.1467787073705005 0
305 0.3777860210792292 0.1285217537251737 0
306 0.3620088425499363 0.1377819494870813 0
307 0.3783678727892844 0.164655219787623 0
308 0.4091029600190244 0.1286860675508161 0
309 0.3618948936288198 0.1194917016785271 0
310 0.3461134308818853 0.1287558557946242 0
311 0.6289646680924036 0.3426480244062955 0
312 0.345973844546575 0.1104608074048328 0
313 0.3302009078141442 0.1197336147822109 0
314 0.3303448930263427 0.1380187006372328 0
315 0.3144395210214928 0.1290036318951095 0
316 0.3142849478785257 0.1107179881764055 0
317 0.2985230703275256 0.1199877605886021 0
318 0.2983669653837114 0.1016949407918091 0
319 0.3617728927118985 0.101186505061872 0
320 0.2826089939420686 0.1109692136395851 0
321 0.3145816390085161 0.1472862156303768 0
322 0.2824384710536856 0.09267696804752523 0
323 0.2666791359201957 0.101947175835587 0
324 0.6443463774186754 0.3871107500564699 0
325 0.5364250346701274 0.3253060107110095 0
326 0.5209841400790436 0.3165181207606242 0
327 0.5210316779483207 0.3342332754234273 0
328 0.505646525779175 0.3254775880005014 0
329 0.5055618848387238 0.3077592910907746 0
330 0.4902783183485966 0.316710768086603 0
331 0.490344727071685 0.3344098939037865 0
332 0.4750030020208342 0.3256417990464615 0
333 0.4748517735832891 0.3078918742876657 0
334 0.4595291370678988 0.3168810813265097 0
335 0.4593574719627025 0.2990438343973749 0
336 0.4439202834919739 0.3081018952894997 0
337 0.443780132721092 0.2901661773191853 0
338 0.4750870661431005 0.3433574080523222 0
339 0.428281427527786 0.2992650169266542 0
340 0.42813822684328 0.2812543768686787 0
341 0.490403165037865 0.3520424715492439 0
342 0.3458283009531183 0.09214400218498864 0
343 0.5667545918380035 0.2180070279972693 0
344 0.5666691708439103 0.1999880497447372 0
345 0.5823301356068609 0.2089091851571884 0
346 0.5822458113860691 0.190873245121319 0
347 0.5979260652022801 0.1998192406275157 0
348 0.5978434060280828 0.1817539396260619 0
349 0.5821356799908162 0.1728008083823814 0
350 0.5977539438435757 0.1636610056691537 0
351 0.5820178810578576 0.1546893826532004 0
352 0.5976672133780239 0.145541158785894 0
353 0.5818984440312367 0.1365414455413438 0
354 0.5976002635101515 0.1273682171638175 0
355 0.5817829498476609 0.1183535078696207 0
356 0.597501888447482 0.1091575789627026 0
357 0.6134477862575374 0.1726366007496221 0
358 0.6133361842857163 0.1181902857543267 0
359 0.5660784198978053 0.1275501554638492 0
360 0.5657113130279159 0.1097553755675766 0
361 0.5501677419746471 0.1186300725733335 0
362 0.6132404311706854 0.09995925354389673 0
363 0.5498105077653478 0.100802990494567 0
364 0.5342738543733661 0.1096388764303299 0
365 0.6290794222868413 0.109002299362936 0
366 0.5986815765093735 0.09131562791772962 0
367 0.5341613476207514 0.09135738937886823 0
368 0.5184164236117813 0.100539154573697 0
369 0.4748097921687057 0.290024695656773 0
370 0.6289907531807 0.09075506822129731 0
371 0.5671237639496945 0.3604510506973714 0
372 0.4444510912808921 0.3260405401374508 0
373 0.6444404802525426 0.351530107341526 0
374 0.6444335331867437 0.3337266176421157 0
375 0.5183067953634244 0.08222175018638606 0
376 0.5025099095812293 0.09146961057796077 0
377 0.2665070419780206 0.08364768428199704 0
378 0.2508469372664666 0.09270542054771852 0
379 0.298168273198207 0.08338341078432093 0
380 0.4125916815738311 0.2903870738177231 0
381 0.4124539897410089 0.2723319267012009 0
382 0.4752946791700159 0.3609735994835319 0
383 0.6448423702154862 0.09980290577210904 0
384 0.6449388262720575 0.1180203144526211 0
385 0.3616336083555974 0.08286325286705926 0
386 0.6447545295357564 0.08154339526291016 0
387 0.5512116097328407 0.08057500718959909 0
388 0.2828161895390526 0.1292821459481751 0
389 0.2505949808917527 0.07456521669573424 0
390 0.2349268704522419 0.08362989092354006 0
391 0.6294897155387499 0.07250077239305486 0
392 0.5185145754218332 0.1188201580034538 0
393 0.5663420307465891 0.1638898505143494 0
394 0.4905052395733848 0.3695851548051124 0
395 0.3969834837653969 0.2813781774135944 0
396 0.3967988997140366 0.2633719839582975 0
397 0.4123533116251122 0.2542270039502884 0
398 0.3966036453356689 0.2452754334996429 0
399 0.3810232157025725 0.2544404033710225 0
400 0.3808319863854861 0.2363001595412721 0
401 0.3456791232122717 0.07380782605143438 0
402 0.3651657533379534 0.245484388443206 0
403 0.364761643472633 0.2273138998799563 0
404 0.2511463800429328 0.1112175693888727 0
405 0.5047132921497026 0.236412726781716 0
406 0.4437306341512395 0.2721141224772216 0
407 0.5023958935916628 0.07313266096738036 0
408 0.4865808860508311 0.08240225393054296 0
409 0.4867085287899864 0.1007328976938877 0
410 0.4707630211769465 0.09168108598000335 0
411 0.4706392552268208 0.07334225005767209 0
412 0.4550219881971039 0.08262346224964978 0
413 0.3304784803512578 0.1562901607253274 0
414 0.3147384014010253 0.1655464353321948 0
415 0.3310863302076889 0.1743846354034981 0
416 0.3149580363536759 0.1837581541676556 0
417 0.5979725648526583 0.2178347129749568 0
418 0.6135984021399192 0.2087674058281536 0
419 0.6136374784528309 0.2268031346031184 0
420 0.6292750886086201 0.2177190079596225 0
421 0.6293259610368724 0.2357713248058459 0
422 0.6449650223042649 0.2266745299398081 0
423 0.6450505671845715 0.2447397853880365 0
424 0.6448835582902478 0.2086048532939588 0
425 0.6293989915961972 0.2538120491952542 0
426 0.6441129575752337 0.2627795260994508 0
427 0.6293617290500242 0.2718450952384264 0
428 0.3775866106023716 0.09191723659223705 0
429 0.3774560861876824 0.07357148213696757 0
430 0.3933418699727944 0.08250994312953264 0
431 0.6290236075092054 0.3249470769774245 0
432 0.6439943958800587 0.2807935804078674 0
433 0.2346617828054556 0.06551224371018322 0
434 0.218859929799379 0.07479598059271397 0
435 0.6599552151144504 0.3425801672234707 0
436 0.2990312614961437 0.1747932099605523 0
437 0.6600123455922684 0.3248441055669071 0
438 0.4549845852711984 0.1009619140333544 0
439 0.3806706330580129 0.2181203873573447 0
440 0.6619239794220497 0.2568282679100438 0
441 0.6605976198215077 0.2175669531557923 0
442 0.6605093774581322 0.1994578324871452 0
443 0.6606175315277898 0.09059975601946019 0
444 0.6605305989955423 0.07232772720245101 0
445 0.2660116828741433 0.06480637277981366 0
446 0.3479842776867128 0.2371887677392598 0
447 0.4129890894378675 0.308470032570355 0
448 0.518221668955947 0.06386547918701913 0
449 0.4754130421939147 0.3783972778708676 0
450 0.4603015250986812 0.369845987779944 0
451 0.4905872257627444 0.387049308739618 0
452 0.5057363541334362 0.3782381439252442 0
453 0.3932823066117258 0.06426199139100486 0
454 0.4547988943263202 0.06427092814933627 0
455 0.3645823521709076 0.2091286713477824 0
456 0.6746529091787348 0.3336240094031533 0
457 0.6740990853245228 0.3517183465457735 0
458 0.6754947144119549 0.3158726763269278 0
459 0.3653403553924246 0.2639018759506519 0
460 0.2195506947966892 0.09271498272565648 0
461 0.4122441199739615 0.2361052451203085 0
462 0.4395362040788969 0.09170424610867284 0
463 0.6752508952461773 0.2084484206549622 0
464 0.675001826944327 0.1903213186005793 0
465 0.6602145637896281 0.1813273920419899 0
466 0.6756346429022352 0.1725504223179042 0
467 0.6603086829170531 0.1631834303570703 0
468 0.6785214733047445 0.1532393457505716 0
469 0.2991681526007705 0.1930254348604507 0
470 0.3150299451417219 0.2020056893595145 0
471 0.6773360118295608 0.0813861061566209 0
472 0.676630227636233 0.09964833418821128 0
473 0.6774205741106056 0.06310075156207295 0
474 0.5022817247915049 0.05477167836088481 0
475 0.2191703892880024 0.05730709840047138 0
476 0.2029645102488797 0.06593025563936417 0
477 0.4604549409345126 0.3871578728201608 0
478 0.3772948646211469 0.05527801195880988 0
479 0.6606095402255595 0.05402674864687751 0
480 0.234499525100328 0.04721901511314042 0
481 0.4454007578277823 0.3786437096068211 0
482 0.6908803069592673 0.3254387913012297 0
483 0.4452043845831996 0.3613345653747074 0
484 0.5364241725224618 0.3429498276125209 0
485 0.427980745479509 0.2450715929145088 0
486 0.5502667943677633 0.1368148784644831 0
487 0.6763250947659012 0.2265699300191278 0
488 0.470531431518138 0.05497103845159823 0
489 0.5510192425605404 0.1910877889689974 0
490 0.4277761175589561 0.2271405194208712 0
491 0.3804181930115718 0.2001528947392734 0
492 0.6293699574698306 0.2897660604636157 0
493 0.6138598866271259 0.2808398457891984 0
494 0.4092180370970708 0.07327781883296075 0
495 0.4091325907392668 0.05496593352632623 0
496 0.4394252104310782 0.1102043187110853 0
497 0.4553268890127887 0.1193118844384977 0
498 0.4243074016890133 0.1008172952153577 0
499 0.6141337694758028 0.2989082883236847 0
500 0.4435066217187885 0.2361262021479695 0
501 0.2834348304899841 0.1838216486316583 0
502 0.2831804965552313 0.1657766085731196 0
503 0.3962383996744385 0.2091974571585915 0
504 0.5058138318691693 0.3957567944392754 0
505 0.5209858535068711 0.3869382382579898 0
506 0.598521319505757 0.3960367078553148 0
507 0.3643888274950781 0.1913356609080273 0
508 0.3479138094791024 0.200862488906687 0
509 0.2041410699308162 0.0461670751096217 0
510 0.187655112033367 0.05601691626307509 0
511 0.2680133345997601 0.1740592090125207 0
512 0.2673923234459729 0.1566618775993421 0
513 0.5982990034654997 0.289899674991383 0
514 0.3465331851060841 0.1651989702686673 0
515 0.5823399240847098 0.2448469963784736 0
516 0.5978775832567619 0.2537086155462461 0
517 0.5209351051445996 0.3693876737943056 0
518 0.536228259922842 0.3781052398256525 0
519 0.5362861622565411 0.3957011097395746 0
520 0.5515114723739539 0.3868627109067235 0
521 0.4550093635659536 0.04620081604943072 0
522 0.393376367560801 0.1009754639048427 0
523 0.329876285020683 0.08310617756719896 0
524 0.3297204651411602 0.06474305261182345 0
525 0.3455428658415903 0.0554340047293107 0
526 0.3295548763147502 0.04636317265012962 0
527 0.3137203657224192 0.05567938858974653 0
528 0.3452865798528905 0.03724439085700892 0
529 0.6446367074595861 0.1723477175391999 0
530 0.6447102938524432 0.1543348915527071 0
531 0.4908696418365612 0.4041189607735657 0
532 0.7037193419857396 0.4239135119575552 0
533 0.4402386085540569 0.1285854322475251 0
534 0.517786385659823 0.04609408551623662 0
535 0.5332673191857924 0.05470587871630239 0
536 0.644987823931204 0.2986538739257834 0
537 0.6613877163146916 0.2880216775722118 0
538 0.6763057431505181 0.04520461611279625 0
539 0.4305954274593919 0.3695423834523318 0
540 0.430100454149538 0.3526669765210957 0
541 0.4153836731647689 0.3609267071754149 0
542 0.4147567249623842 0.344067562765077 0
543 0.1866839622970757 0.03766907523143775 0
544 0.1706177497317951 0.04754741965363407 0
545 0.1874720241979993 0.07309765098141341 0
546 0.4427953721666684 0.2185306327620316 0
547 0.4246924993787489 0.06404855309616331 0
548 0.4247013627786209 0.04571407969222302 0
549 0.3954452028997671 0.1916379773973037 0
550 0.5016403503009574 0.03724066914827662 0
551 0.5340102774096783 0.03620060536700198 0
552 0.5512783523124742 0.04671133681981005 0
553 0.2996441761955449 0.2109047715310352 0
554 0.3152183401836831 0.2201645325679515 0
555 0.690139137436161 0.3072198972119966 0
556 0.4005723663962418 0.3526054654773171 0
557 0.3993549507140016 0.3352415374763497 0
558 0.117528918905912 0.03918414895282241 0
559 0.6928827522137267 0.1844469378965847 0
560 0.6890047340519476 0.2146854273239343 0
561 0.6920756654156268 0.2348553491007447 0
562 0.5511070458236963 0.4036619381359612 0
563 0.566744662681406 0.3954966212340679 0
564 0.69359313171271 0.05366841844224879 0
565 0.6922444570547709 0.09045891443442389 0
566 0.6912935253600186 0.108700756886747 0
567 0.6764181727141018 0.1178645554132686 0
568 0.6916924636788696 0.125994884719598 0
569 0.6584386068198818 0.03357325332438466 0
570 0.643509159108828 0.04592177774414574 0
571 0.4284127686571877 0.3875129478229518 0
572 0.4710564512894573 0.03418342214041392 0
573 0.693073921297122 0.03394437959191327 0
574 0.3312432982591255 0.2105587462180015 0
575 0.3136893611522404 0.03684826237045669 0
576 0.2977448745857689 0.04654198280720556 0
577 0.2975256748511768 0.02822430130326442 0
578 0.2816516130098513 0.03755042704941397 0
579 0.5359484981310118 0.4125551229611985 0
580 0.2522258485814066 0.1653521625949107 0
581 0.2515556204425458 0.1477025569706306 0
582 0.2362377913195658 0.1569871975211759 0
583 0.2357990374981322 0.1390236557817646 0
584 0.2205111015832519 0.1470908864336887 0
585 0.2203837528398796 0.1292204545077491 0
586 0.2045709812014558 0.1183234347627015 0
587 0.4086572007315128 0.03635390834889618 0
588 0.4248417039370179 0.0274066156425824 0
589 0.3912427870992641 0.02752979625302721 0
590 0.4002635383486049 0.371818207999957 0
591 0.5058427180231118 0.4132302109447684 0
592 0.3314096473231365 0.2286783858599971 0
593 0.317329108252803 0.2386892280704498 0
594 0.3325353341698798 0.2473611490548124 0
595 0.2799560684731418 0.01759554870263258 0
596 0.5652851531728708 0.4141151646570995 0
597 0.3490619625007411 0.2555955012220803 0
598 0.3504098229926138 0.2730114845288137 0
599 0.3662139680131069 0.2818431021283259 0
600 0.3503824814725114 0.2913470655293185 0
601 0.3669339287164342 0.2989968780678669 0
602 0.7053125763064809 0.1152098332432146 0
603 0.7059667699388128 0.1338451001575085 0
604 0.6982363058286853 0.1526047210335852 0
605 0.3343940782633132 0.2647267703490665 0
606 0.4918942648875336 0.4207924416387553 0
607 0.219782257047365 0.1106908238399888 0
608 0.7071787257605049 0.04458692853344748 0
609 0.6961584195320578 0.07201070528123155 0
610 0.5982030443281892 0.2719216746008288 0
611 0.5515185579034485 0.3692270041369564 0
612 0.475774501326554 0.3953427259140321 0
613 0.4612800469159412 0.4070157878587919 0
614 0.3300145857607288 0.0280784756471395 0
615 0.3445561783923382 0.02004980608795037 0
616 0.4455236132509119 0.3962482768985497 0
617 0.6432636889039601 0.4216940400772367 0
618 0.5982836976627778 0.307713668560191 0
619 0.6137748926970901 0.2628607963114861 0
620 0.5827209544775718 0.4046333704972156 0
621 0.5823067802179264 0.3868501291242672 0
622 0.4450200900639582 0.3438317329901168 0
623 0.5056548380941829 0.3431642279335049 0
624 0.2514464981373371 0.1297776598471796 0
625 0.644388772362078 0.3693337726488369 0
626 0.6595841921216397 0.3782405615909815 0
627 0.6596541196176819 0.3956815912430883 0
628 0.6745425519870129 0.3870524167157454 0
629 0.6748943139011362 0.407631766798795 0
630 0.6893481500943018 0.3956836583481764 0
631 0.6894384872100718 0.3785235598536782 0
632 0.7046283483463175 0.3875888156809026 0
633 0.6907118426576379 0.4131640688594314 0
634 0.6580489442216445 0.4150155953722608 0
635 0.6697673102980198 0.4267343842615828 0
636 0.7043368103032199 0.370029013869847 0
637 0.6439000534335459 0.404787504090555 0
638 0.5978722939007393 0.3783100287048322 0
639 0.5208603460556556 0.2987573239987442 0
640 0.5053989617544561 0.2900059721304958 0
641 0.5207258640019179 0.2809635357937423 0
642 0.5052769942985669 0.2722025762986615 0
643 0.6595181074453713 0.3605262512694329 0
644 0.1483621715289799 0.01575464471397225 0
645 0.1360791768766011 0.03253476588707294 0
646 0.1572017520270673 0.03162945618411961 0
647 0.1488230082827559 0.04833908150412347 0
648 0.1597623682994573 0.06257526054042073 0
649 0.2030807605726135 0.08350842001792502 0
650 0.1864575266285901 0.0929626806983419 0
651 0.4437438765665564 0.2540291416701775 0
652 0.4592976509839131 0.2449777207067306 0
653 0.4593653858329401 0.2629808492060336 0
654 0.4747515077963255 0.2542910989717216 0
655 0.4747525939863984 0.2722024551752422 0
656 0.6660297051038448 0.01599374665564779 0
657 0.7151430518368309 0.2817715048807788 0
658 0.6993013628123657 0.2726845134035517 0
659 0.6982254764071436 0.2518862936104846 0
660 0.6820067130985554 0.2637137077360513 0
661 0.6828823787905628 0.2815805956637433 0
662 0.6685920661924232 0.2723799707125347 0
663 0.6780087780407834 0.2456825219437015 0
664 0.1857768734851776 0.01844408991231117 0
665 0.1115122326800129 0.01420332026325022 0
666 0.2830163695932929 0.1475318115859162 0
667 0.7149305667625708 0.2454953128615942 0
668 0.4709364829400081 0.1100074143309268 0
669 0.4868193933139814 0.1190404438199123 0
670 0.4713981734163256 0.1283448532734969 0
671 0.4871312808052498 0.1373161881534836 0
672 0.5027362555057953 0.128065888129326 0
673 0.5029680859227172 0.1463370285109815 0
674 0.487768458986474 0.1555513977222476 0
675 0.5185386012301463 0.1370970282236479 0
676 0.5189160259566866 0.1553514002827352 0
677 0.5343967420256759 0.1460957548108086 0
678 0.5347510451965174 0.1642579448483338 0
679 0.5503890205080733 0.1550110808735491 0
680 0.5343783537905881 0.1278491012734094 0
681 0.5026175143707678 0.1097780254663729 0
682 0.6135962491254102 0.2448261364745352 0
683 0.7118061653680029 0.08418302997130261 0
684 0.7160441082471803 0.3365054870564483 0
685 0.699265900903266 0.3454545683638274 0
686 0.7160425763852311 0.3182179598181238 0
687 0.6291237816925297 0.1272100552008954 0
688 0.6133293059304752 0.1363922611685144 0
689 0.5518698511633715 0.3340449349759355 0
690 0.5736513606008125 0.01593781017476381 0
691 0.582828566833832 0.03196776538578577 0
692 0.60125851742896 0.03198177571596483 0
693 0.5920359566828418 0.04792842507127493 0
694 0.6128279625703354 0.0477428900836786 0
695 0.6203616353978826 0.03034678077828357 0
696 0.5984656315425081 0.06330727755488652 0
697 0.5821598689690135 0.06372612833436786 0
698 0.5643199060894237 0.03182337708368721 0
699 0.5728370143178995 0.04768191626640494 0
700 0.562239598785542 0.06358426699618702 0
701 0.5704737201558578 0.0790274769389388 0
702 0.2225001199529264 0.01566187356359683 0
703 0.2138077839070762 0.03009358936164191 0
704 0.2409917576038031 0.01566680429421097 0
705 0.2500952980117173 0.03251755257676442 0
706 0.6607001070277879 0.1088387341334605 0
707 0.6607431122532306 0.1270773985374913 0
708 0.6291421676254008 0.01567913145058775 0
709 0.5354206149819232 0.01733279251639863 0
710 0.4289595436250782 0.3173996933518157 0
711 0.284574974044902 0.2008124598304207 0
712 0.4626855109513807 0.01600441157601207 0
713 0.5825639256720596 0.2808558804878003 0
714 0.5004138075884488 0.01816152052385972 0
715 0.3462622116851285 0.1470329614109844 0
716 0.3623727600136608 0.1557291777149816 0
717 0.6106537576079226 0.0156675181415965 0
718 0.3315972154584557 0.1923606807523246 0
719 0.3479825047319363 0.2189551599919474 0
720 0.7159611316059207 0.2090909366686711 0
721 0.700664261284812 0.2027754164796376 0
722 0.7105771571354004 0.1699275428001322 0
723 0.6447518070742516 0.1905077236771511 0
724 0.362736855504408 0.3316459851443219 0
725 0.3815722024408639 0.3286563908490798 0
726 0.2979438216978899 0.06500727902651643 0
727 0.2923311531259752 0.2480888714133017 0
728 0.2691281847553363 0.2204272239142535 0
729 0.31925975822956 0.2751554467960757 0
730 0.2477879230784784 0.193075882880599 0
731 0.2997112914940325 0.2311818191128147 0
732 0.4893120091547823 0.2275622172352955 0
733 0.6135137158459558 0.1907142889219944 0
734 0.298709247807295 0.1382734602793553 0
735 0.2988762359769175 0.1565346235602525 0
736 0.1766202502646137 0.1082167830363848 0
737 0.1532570846191972 0.08037364644408751 0
738 0.5202878214857564 0.2452402317154663 0
739 0.3300539884638084 0.1014340982286358 0
740 0.6611451769231798 0.236343664726085 0
741 0.6135093812104884 0.3339700321178949 0
742 0.3776581012025009 0.1102342588661333 0
743 0.1298939189737814 0.05253050985179231 0
744 0.3964544560328999 0.2271635873958348 0
745 0.5197652045390867 0.1913323640380167 0
746 0.4119509606518191 0.2183107578835695 0
747 0.3614948549726558 0.06451287217900653 0
748 0.4864578618079444 0.06405913797447188 0
749 0.6133387289106453 0.1545422475281081 0
750 0.6291825016203365 0.1996574452114139 0
751 0.5665569580024487 0.181951474943344 0
752 0.5661654317682209 0.1457494655851292 0
753 0.2504281818206713 0.05627936065432393 0
754 0.2648337023606612 0.04447880073257554 0
755 0.5354627725095953 0.2002022894843083 0
756 0.5807086946434556 0.09723118058372832 0
757 0.3971341528798112 0.2996794182515823 0
758 0.5362073164852674 0.2897614582210378 0
759 0.4280196393668226 0.2631973770299088 0
760 0.5334409613473203 0.07275154018102936 0
761 0.6145123336200903 0.08257504539018845 0
762 0.6446225510594961 0.06343377780489262 0
763 0.5209061246127447 0.4048670136163889 0
764 0.5667445890658928 0.2359938492977893 0
765 0.2671902403105015 0.1385347234185643 0
766 0.3141193116110285 0.09239861879315703 0
767 0.5360669543948777 0.2719516757874072 0
768 0.4592614221370734 0.2810839673802057 0
769 0.5823509329201986 0.2268918888390697 0
770 0.3611515234762596 0.04652364545133014 0
771 0.266914440704808 0.1202522885601416 0
772 0.393390519926814 0.1194770342712935 0
773 0.4863426337670318 0.04568840625402221 0
774 0.3139363697288515 0.07405359055692085 0
775 0.6744583520076237 0.369570570338643 0
776 0.5056684964601813 0.3607146063627183 0
777 0.3927653913113746 0.04593713499440411 0
778 0.5979624554487616 0.2358185808027333 0
779 0.6290837807749413 0.1815624405273547 0
780 0.5050786615945602 0.2543516317048863 0
781 0.5205543840005942 0.2631329985092971 0
782 0.490164285194357 0.2989407199081044 0
783 0.4601417273606429 0.3523206920061681 0
784 0.2821826245787852 0.07424710707482518 0
785 0.5508315441739684 0.1730711940218199 0
786 0.6447948867798668 0.1362474942151324 0
787 0.5352182109750503 0.182258355144733 0
788 0.6295356062848216 0.05561774664785479 0
789 0.6761870567396154 0.1348743335827218 0
790 0.5209742692985377 0.3518310350827381 0
791 0.6290135424862388 0.1634892482712848 0
792 0.3974087937624309 0.3176510351755349 0
793 0.459906598637888 0.3346308671506644 0
794 0.2817280531845167 0.05543866157839178 0
795 0.5518392445241539 0.3516771375315544 0
796 0.5669637880579196 0.3780195884523368 0
797 0.5363199348860073 0.360529652997288 0
798 0.4881951070575125 0.1735951341102332 0
799 0.6976880664091099 0.2929469838459144 0
800 0.4407564521310012 0.1467518884437102 0
801 0.582517206249882 0.3692810434408596 0
802 0.6290517566086998 0.1453693663227738 0
803 0.4901111403365042 0.2811602546971061 0
804 0.3813332954014639 0.272498007841029 0
805 0.6608775843078256 0.1448261489992825 0
806 0.5826553715094707 0.2986872391084151 0
807 0.5981210848235706 0.3252322212211942 0
808 0.1878802030237402 0.1226100715152789 0
809 0.3757994664502701 0.03687728237522292 0
810 0.6292743269932062 0.3074931986466062 0
811 0.5194321285095009 0.173432159276312 0
812 0.6446003143792395 0.3161819014434495 0
813 0.4296023022414811 0.3351591421849633 0
814 0.4415432663903764 0.2004741967622433 0
815 0.5035648090630025 0.1644314769194698 0
816 0.6137009351296748 0.3164738839153475 0
817 0.68790979816616 0.3596446830982389 0
818 0.3819693077815588 0.3085190710258969 0
819 0.3947500915914347 0.1737823231708563 0
820 0.4723648373038202 0.1647053495162075 0
821 0.381761356092962 0.2904857757880492 0
822 0.3479913907885432 0.1827733551553399 0
823 0.4719446350491051 0.1465706678224734 0
824 0.6603896052982287 0.3069781875946062 0
825 0.4900042405840543 0.2633000031269323 0
826 0.4560539809149485 0.1375396348064046 0
827 0.6766354093187007 0.2984680366155725 0
828 0.4089260483854192 0.09094352596880967 0
829 0.424546913735194 0.08217323599079107 0
830 0.413845234123874 0.3263315005873493 0
831 0.4248547035941636 0.1377971847036865 0
832 0.7025914214786229 0.01538721024125211 0
833 0.4452043739797467 0.4135594701782953 0
834 0.4244492350470275 0.1194990028682814 0
835 0.4898065417996592 0.245487254171304 0
836 0.4089254221046833 0.1100663982965669 0
837 0.4398389423230068 0.03636340240793023 0
838 0.4743843306569819 0.2367544526248595 0
839 0.09338706038868805 0.01339593238112324 0
840 0.4586817822548061 0.2276520549051559 0
841 0.4399942797652017 0.07349992918893711 0
842 0.1707531149232496 0.07733537091870246 0
843 0.4583019755039739 0.209707162368865 0
844 0.4398392236896421 0.05501628476400344 0
845 0.4271320139769875 0.2099668910859411 0
846 0.3402924290982297 0.305310245857267 0
847 0.2357034030254646 0.1201414951226585 0
848 0.2353260904385267 0.1018500304247393 0
849 0.204009251962717 0.1011483708964048 0
850 0.4114085918409495 0.2008559381335658 0
851 0.2668052533500887 0.1920939574342036 0
852 0.4105949360868652 0.1827468997344939 0
853 0.231081574537788 0.03053766910718214 0
854 0.3794223344536474 0.1824152223280194 0
855 0.3631793951077164 0.1736846010271098 0
856 0.3596429700336655 0.02864826889488692 0
857 0.7197340147866744 0.389887059552718 0
858 0.5388248133663117 0.4284588362923303 0
859 0.4178711082147882 0.4000505455816569 0
860 0.5982674545854262 0.4142958689739001 0
861 0.220544232376986 0.1637102211421638 0
862 0.3853642242807311 0.3594771946013499 0
863 0.6382803819022198 0.02966909129232059 0
864 0.4778316119686916 0.4126176664811086 0
865 0.7019270213964657 0.4053045876631686 0
866 0.6911704662769584 0.1665537939597556 0
867 0.454175638417342 0.03002229435954645 0
868 0.5863972056977703 0.079391484068495 0
869 0.5639892293522895 0.09354639306401807 0
870 0.6752498442891416 0.02893698439983383 0
871 0.4547668644778624 0.4235509709850438 0
872 0.2679153213823788 0.02921759112406663 0
873 0.1733449063923114 0.03020203041062081 0
874 0.2850937405776555 0.218029871559557 0
875 0.4879875419742391 0.03034550363080857 0
876 0.2968749224327412 0.01249636263635573 0
877 0.3193242094301907 0.2566466484319674 0
878 0.3664733716466833 0.3150695818972007 0
879 0.5481919771686252 0.02990237055881789 0
880 0.3897234452995546 0.01213288847985217 0
881 0.5044143166501082 0.4280876312188169 0
882 0.6148407028351718 0.06564763732100248 0
883 0.7183066999989434 0.3737396147681773 0
884 0.4257114170471976 0.01206991873454727 0
885 0.6413805104564689 0.43568163776991 0
886 0.5697501202279133 0.4277355156225596 0
887 0.3310800518325661 0.01295804898219427 0
888 0.5164365682985009 0.03001495725344616 0
889 0.4173203123375288 0.3754336419094951 0
890 0.1989948070747588 0.02959841555388681 0
891 0.5462875682727939 0.06366560598058563 0
892 0.6702334187164332 0.4392496501791645 0
893 0.1046882709854323 0.02717261468679655 0
894 0.7140112895909081 0.41607089202745 0
895 0.6970437370155632 0.4352462273556451 0
896 0.1744551664663433 0.06294839736658975 0
897 0.7176574948896095 0.01299469039766243 0
898 0.2542417318775337 0.1798789188313651 0
899 0.6823175572607876 0.4218937585699195 0
900 0.1909502217374799 0.1086800918011217 0
901 0.3882167748644627 0.3443078273501921 0
902 0.6853616001063901 0.3431760797424445 0
903 0.7031312714071405 0.3110682506875013 0
904 0.705072832780417 0.3273370114454261 0
905 0.2211630511344455 0.04282168990985813 0
906 0.2073852166512791 0.1535726514908991 0
907 0.6007670974446238 0.07723155061593812 0
908 0.3373975474069619 0.2789454790149969 0
909 0.6292798248879765 0.04152695837279435 0
910 0.5487716582640267 0.4171961618052417 0
911 0.6860911914903193 0.1995457901226877 0
912 0.7029942802581761 0.2208419067815291 0
913 0.705305805623194 0.2363715838434595 0
914 0.6550830230688249 0.2718610294671181 0
915 0.7204841011656132 0.04531537572774819 0
916 0.1207295605421155 0.02556163872844919 0
917 0.3065714430289912 0.2482723765263632 0
918 0.6897470778860342 0.1399291919272829 0
919 0.7036609785323072 0.1002867354898608 0
920 0.7205564636450291 0.1188574238301029 0
921 0.3549587250632619 0.3058002607577233 0
922 0.7212882829486678 0.1363636363636363 0
923 0.6915318683047922 0.4259094439893191 0
924 0.3566805973516906 0.01289856322040506 0
925 0.4807577068598691 0.4281174736636177 0
926 0.271299191033314 0.2066985697639804 0
927 0.4811716573734254 0.4763350177508739 0
928 0.5110982778541852 0.4788126289717479 0
929 0.4309745501860123 0.4403610159034605 0
930 0.4009962701898638 0.4192821626681776 0
931 0.4478950014141203 0.4700709905077343 0
932 0.3744574602860875 0.3929596756249573 0
933 0.3510942946406724 0.3651165390326605 0
934 0.3277311289952571 0.3372734024403636 0
935 0.304367963349842 0.3094302658480668 0
936 0.2810047977044269 0.2815871292557701 0
937 0.2576416320590114 0.2537439926634729 0
938 0.2342784664135965 0.2259008560711762 0
939 0.2109153007681814 0.1980577194788794 0
940 0.1875521351227665 0.1702145828865829 0
941 0.1641889694773512 0.1423714462942859 0
942 0.140825803831936 0.114528309701989 0
943 0.1174626381865209 0.08668517310969237 0
944 0.09409947254110562 0.05884203651739534 0
945 0.07085695086488719 0.03429751723518343 0
946 0.04220092769268258 0.02503024612361032 0
947 0.3711715940570379 0.4195198798813063 0
948 0.4034745221618166 0.453149245075585 0
949 0.4993886320425452 0.4541657992527314 0
950 0.3484158161654076 0.3904972118480849 0
951 0.5286619597024167 0.4655166025135909 0
952 0.3248200713802987 0.3623768982304956 0
953 0.4666794094398508 0.4516990009770041 0
954 0.3012243265951901 0.3342565846129066 0
955 0.2776285818100813 0.3061362709953175 0
956 0.2540328370249725 0.2780159573777282 0
957 0.2304370922398638 0.249895643760139 0
958 0.2068413474547549 0.2217753301425498 0
959 0.1832456026696466 0.1936550165249613 0
960 0.4489769960148309 0.4503077166025099 0
961 0.4327911530166773 0.4563347417605956 0
962 0.1596498578845374 0.1655347029073715 0
963 0.1360541130994291 0.1374143892897829 0
964 0.1124583683143207 0.1092940756721942 0
965 0.08886262352921148 0.08117376205460469 0
966 0.4151612287409893 0.4301264276777405 0
967 0.06499968311753224 0.05198589084953836 0
968 0.3889901711884431 0.4053902569144763 0
969 0.4829975570667356 0.4527190974331951 0
970 0.05542801983562951 0.0128545977407506 0
971 0.3973699617387969 0.4366003693821576 0
972 0.05317346614109109 0.03946056939370934 0
973 0.3602747267841401 0.4049041653879324 0
974 0.1714243280847288 0.1795863420147291 0
975 0.100558261071936 0.09479285301944557 0
976 0.33659454158049 0.3764285373378533 0
977 0.2186158176549464 0.2358269692499071 0
978 0.2658350339678831 0.2921006399303319 0
979 0.2894030520102728 0.3201879101026746 0
980 0.242211562440055 0.263947282867497 0
981 0.3130265235380996 0.3483412671655102 0
982 0.1241338251042585 0.1228891161524022 0
983 0.1478285832996201 0.151466028397141 0
984 0.195047799612556 0.2077396990775644 0
985 0.07687705282155965 0.06618193172106562 0
986 0.269323214881719 0.2676655609596216 0
987 0.3394127118179648 0.3511949707365121 0
988 0.1292490651284365 0.1010725461942601 0
989 0.1758705523000595 0.156293014590433 0
990 0.1525073866546458 0.1284498779981372 0
991 0.2225968835908892 0.2119792877750281 0
992 0.3627758774633799 0.3790381073288089 0
993 0.1058665942661593 0.07320640254041133 0
994 0.3160495461725502 0.323351834144215 0
995 0.2459600492363043 0.2398224243673246 0
996 0.1992337179454741 0.1841361511827301 0
997 0.292686380527135 0.2955086975519177 0
998 0.08252626251444173 0.04588921043863126 0
999 0.4963536935583002 0.4782555884882572 0
1000 0.4653228166326499 0.4753374319534617 0
1001 0.3815961427817776 0.4347222135227879 0
1002 0.5166536004853907 0.455556280640323 0
1003 0.5394255887152156 0.4533529744938347 0
1004 0.02696553458129969 0.01344891024500749 0
1005 0.4190367164168881 0.4620361590612871 0
1006 0.4895248886573015 0.4656803175239677 0
1007 0.04123648753857589 0.01026675082187367 0
1008 0.524375437575859 0.4798948995710066 0
1009 0.4742132479757462 0.464749803419174 0
1010 0.4166843848085496 0.4457841918997584 0
1011 0.528494895550413 0.4540695670327298 0
1012 0.5049344398546554 0.4666184624566589 0
1013 0.3753726817894819 0.4067618914479237 0
1014 0.3859161369575669 0.4203794623028049 0
1015 0.4607054944798923 0.4634650747021166 0
1016 0.4327776577163229 0.4711845697537341 0
1017 0.05839812842356407 0.0270286644923623 0
1018 0.3904224630027328 0.4472372584443202 0
1019 0.5171447430945013 0.4692797748306655 0
1020 0.3614809701747538 0.3918497900474459 0
1021 0.6833961697108941 0.4878922412040844 0
1022 0.7239012964621079 0.447276360365617 0
1023 0.7425632177211687 0.4121663975801894 0
1024 0.7144952378222515 0.4796211794400806 0
1025 0.7556999999999999 0.01443375672974062 0
1026 0.7475196835449457 0.3560895243365131 0
1027 0.747306797975144 0.09917854596272557 0
1028 0.7649540835675557 0.2999999999999999 0
1029 0.7648917958448196 0.0630281260394181 0
1030 0.7464459164324442 0.2454545454545455 0
1031 0.7649540835675557 0.1545454545454544 0
1032 0.7464459164324443 0.2090909090909092 0
1033 0.662885099737579 0.4730585734128112 0
1034 0.7366760245983811 0.4296377794084809 0
1035 0.7650282073810991 0.3909090909090909 0
1036 0.6888382331034764 0.4617921419013497 0
1037 0.7464459164324443 0.3181818181818183 0
1038 0.7464459164324443 0.1727272727272728 0
1039 0.7656841574622881 0.1197595674625528 0
1040 0.7458550361098141 0.0455107603449057 0
1041 0.7649540835675556 0.2636363636363637 0
1042 0.7464459164324443 0.281818181818182 0
1043 0.7464459164324443 0.1363636363636363 0
1044 0.765663069170776 0.3348224130752453 0
1045 0.7649540835675556 0.1909090909090909 0
1046 0.7649540835675556 0.2272727272727273 0
1047 0.7388405853726011 0.4452933541817826 0
1048 0.7523043329507345 0.4247016239386877 0
1049 0.7062972131445919 0.4561224538491519 0
1050 0.6705707359769583 0.4901304292065694 0
1051 0.7375966010480964 0.4613467873740209 0
1052 0.7460196705522604 0.3943343404587424 0
1053 0.7499568473661002 0.3754680704265945 0
1054 0.7618248152689803 0.40914346560542 0
1055 0.7621897997991209 0.3643025797316297 0
1056 0.6518233130915967 0.4573160114258317 0
1057 0.7649540835675557 0.1727272727272726 0
1058 0.7464459164324444 0.1545454545454544 0
1059 0.765785755781659 0.318088206466051 0
1060 0.7464459164324443 0.2636363636363637 0
1061 0.7478141802053199 0.1178777052823877 0
1062 0.765787036654564 0.1364594666163533 0
1063 0.7649540835675557 0.04545454545454536 0
1064 0.74691239538243 0.06382431460266291 0
1065 0.7649540835675557 0.2454545454545455 0
1066 0.7464459164324442 0.3000000000000002 0
1067 0.7462666367556365 0.08240629545089645 0
1068 0.7621918328648885 0.09090909090909055 0
1069 0.7649540835675556 0.2090909090909091 0
1070 0.7649540835675557 0.2818181818181819 0
1071 0.7478152483998962 0.3367454431465811 0
1072 0.7464459164324441 0.2272727272727274 0
1073 0.7464459164324442 0.1909090909090909 0
1074 0.7466935007235989 0.02739873203223919 0
1075 0.7647482983225791 0.02725136020349389 0
1076 0.698574153362299 0.4846004391005067 0
1077 0.6733880354626075 0.4634033292067031 0
1078 0.6736072148667197 0.4786988783691573 0
1079 0.701756024838513 0.4702963042255354 0
1080 0.760171766846876 0.4373467335285162 0
1081 0.7192452744432131 0.4647855501542284 0
1082 0.6614553142719424 0.4909587558630287 0
1083 0.7656075245268434 0.3504273619337432 0
1084 0.7292892095776842 0.4744519455123727 0
1085 0.6866299869957229 0.4751319178571202 0
1086 0.7661577924187741 0.1043293253199584 0
1087 0.763610443474629 0.07730069843973864 0
1088 0.7676041273639886 0.3764722886294344 0
1089 0.6608691660299625 0.4621158058001257 0
1090 0.7662886612188214 0.4244293885075183 0
1091 0.7687905039668983 0.01236905823236278 0
1092 0.7426094960331016 0.01236905823236278 0
1093 0.7517287719482711 0.4505416585720192 0
1094 0.7478390985295295 0.4369292193757111 0
1095 0.7557 0.1454545454545454 0
1096 0.7556999999999999 0.2000000000000001 0
1097 0.7556999999999999 0.2727272727272728 0
1098 0.7556999999999999 0.2545454545454546 0
1099 0.7556999999999999 0.2363636363636364 0
1100 0.7557 0.309090909090909 0
1101 0.7557 0.05454545454545412 0
1102 0.7557 0.1636363636363636 0
1103 0.7556999999999999 0.1818181818181818 0
1104 0.7556999999999999 0.2181818181818183 0
1105 0.7556999999999999 0.290909090909091 0
1106 0.7558514988434388 0.3262609172767345 0
1107 0.7558526078068833 0.1282905992435642 0
1108 0.6644456024719985 0.4831486811254804 0
1109 0.7557000000000005 0.03655797443011466 0
1110 0.5859060432552264 0.4623468833667843 0
1111 0.6099011140474982 0.4821249326535035 0
1112 0.5574921698568172 0.467062520486599 0
1113 0.6260884539230933 0.4611352977722901 0
1114 0.5801590904015751 0.4806937458455942 0
1115 0.6085254371152145 0.4633524101881061 0
1116 0.6393476782266456 0.481052548958249 0
1117 0.5681333679860129 0.4569152559061079 0
1118 0.5963621815631357 0.4745409389609124 0
1119 0.5605907921638988 0.4813943616790523 0
1120 0.6267010070167172 0.4836488751695496 0
1121 0.634421181512239 0.4704730251048321 0
1122 0.5498333509460215 0.4768537289428674 0
1123 0.5694926664772334 0.4704117407716168 0
1124 0.6209021628587978 0.4728858764860647 0
1125 0.5946428310137288 0.4867509576369547 0
1126 0.5885596867391405 0.4408723561275109 0
1127 0.6054882709001421 0.4417595456297949 0
$EndNodes
$Elements
2254
1 15 2 6 13 13
2 15 2 7 16 16
3 1 2 5 6 6 58
4 1 2 5 6 58 59
5 1 2 5 6 59 60
6 1 2 5 6 60 61
7 1 2 5 6 61 62
8 1 2 5 6 62 63
9 1 2 5 6 63 64
10 1 2 5 6 64 65
11 1 2 5 6 65 66
12 1 2 5 6 66 67
13 1 2 5 6 67 68
14 1 2 5 6 68 69
15 1 2 5 6 69 70
16 1 2 5 6 70 71
17 1 2 5 6 71 72
18 1 2 5 6 72 73
19 1 2 5 6 73 74
20 1 2 5 6 74 75
21 1 2 5 6 75 76
22 1 2 5 6 76 77
23 1 2 5 6 77 78
24 1 2 5 6 78 79
25 1 2 5 6 79 80
26 1 2 5 6 80 81
27 1 2 5 6 81 82
28 1 2 5 6 82 83
29 1 2 5 6 83 84
30 1 2 5 6 84 85
31 1 2 5 6 85 86
32 1 2 5 6 86 87
33 1 2 5 6 87 88
34 1 2 5 6 88 89
35 1 2 5 6 89 90
36 1 2 5 6 90 91
37 1 2 5 6 91 92
38 1 2 5 6 92 7
39 1 2 4 10 9 121
40 1 2 4 10 121 122
41 1 2 4 10 122 123
42 1 2 4 10 123 10
43 1 2 4 11 10 124
44 1 2 4 11 124 125
45 1 2 4 11 125 126
46 1 2 4 11 126 127
47 1 2 4 11 127 128
48 1 2 4 11 128 129
49 1 2 4 11 129 11
50 1 2 4 12 11 130
51 1 2 4 12 130 131
52 1 2 4 12 131 132
53 1 2 4 12 132 133
54 1 2 4 12 133 134
55 1 2 4 12 134 135
56 1 2 4 12 135 136
57 1 2 4 12 136 137
58 1 2 4 12 137 138
59 1 2 4 12 138 139
60 1 2 4 12 139 140
61 1 2 4 12 140 141
62 1 2 4 12 141 142
63 1 2 4 12 142 143
64 1 2 4 12 143 144
65 1 2 4 12 144 145
66 1 2 4 12 145 146
67 1 2 4 12 146 147
68 1 2 4 12 147 148
69 1 2 4 12 148 149
70 1 2 4 12 149 150
71 1 2 4 12 150 151
72 1 2 4 12 151 152
73 1 2 4 12 152 153
74 1 2 4 12 153 154
75 1 2 4 12 154 155
76 1 2 4 12 155 156
77 1 2 4 12 156 157
78 1 2 4 12 157 158
79 1 2 4 12 158 159
80 1 2 4 12 159 12
81 1 2 5 13 12 160
82 1 2 5 13 160 161
83 1 2 5 13 161 162
84 1 2 5 13 162 6
85 1 2 4 14 13 163
86 1 2 4 14 163 14
87 1 2 5 16 7 167
88 1 2 5 16 167 168
89 1 2 5 16 168 15
90 1 2 4 17 15 169
91 1 2 4 17 169 170
92 1 2 4 17 170 171
93 1 2 4 17 171 172
94 1 2 4 17 172 173
95 1 2 4 17 173 174
96 1 2 4 17 174 175
97 1 2 4 17 175 176
98 1 2 4 17 176 177
99 1 2 4 17 177 178
100 1 2 4 17 178 179
101 1 2 4 17 179 180
102 1 2 4 17 180 181
103 1 2 4 17 181 182
104 1 2 4 17 182 183
105 1 2 4 17 183 184
106 1 2 4 17 184 185
107 1 2 4 17 185 186
108 1 2 4 17 186 187
109 1 2 4 17 187 188
110 1 2 4 17 188 189
111 1 2 4 17 189 16
112 1 2 4 18 16 190
113 1 2 4 18 190 191
114 1 2 4 18 191 192
115 1 2 4 18 192 193
116 1 2 4 18 193 194
117 1 2 4 18 194 195
118 1 2 4 18 195 196
119 1 2 4 18 196 197
120 1 2 4 18 197 13
121 1 2 4 20 14 201
122 1 2 4 20 201 202
123 1 2 4 20 202 203
124 1 2 4 20 203 204
125 1 2 4 20 204 205
126 1 2 4 20 205 206
127 1 2 4 20 206 9
128 2 2 1 1 636 817 685
129 2 2 1 1 104 722 105
130 2 2 1 1 636 685 224
131 2 2 1 1 230 842 650
132 2 2 1 1 660 662 440
133 2 2 1 1 551 888 709
134 2 2 1 1 213 722 604
135 2 2 1 1 238 721 559
136 2 2 1 1 559 722 238
137 2 2 1 1 589 809 216
138 2 2 1 1 709 888 207
139 2 2 1 1 722 866 604
140 2 2 1 1 473 609 471
141 2 2 1 1 27 833 28
142 2 2 1 1 629 899 635
143 2 2 1 1 573 832 249
144 2 2 1 1 440 663 660
145 2 2 1 1 564 608 240
146 2 2 1 1 629 635 634
147 2 2 1 1 240 609 564
148 2 2 1 1 705 753 480
149 2 2 1 1 633 865 532
150 2 2 1 1 799 827 661
151 2 2 1 1 617 634 228
152 2 2 1 1 555 827 799
153 2 2 1 1 634 635 228
154 2 2 1 1 865 894 532
155 2 2 1 1 20 860 250
156 2 2 1 1 532 923 633
157 2 2 1 1 699 700 552
158 2 2 1 1 68 595 223
159 2 2 1 1 569 863 227
160 2 2 1 1 216 880 589
161 2 2 1 1 537 662 661
162 2 2 1 1 249 608 573
163 2 2 1 1 572 712 235
164 2 2 1 1 661 827 537
165 2 2 1 1 645 743 558
166 2 2 1 1 571 616 245
167 2 2 1 1 659 663 561
168 2 2 1 1 705 754 753
169 2 2 1 1 225 585 584
170 2 2 1 1 701 868 756
171 2 2 1 1 650 842 545
172 2 2 1 1 227 656 569
173 2 2 1 1 698 699 552
174 2 2 1 1 211 763 579
175 2 2 1 1 238 722 104
176 2 2 1 1 226 871 613
177 2 2 1 1 105 722 213
178 2 2 1 1 697 701 700
179 2 2 1 1 700 701 387
180 2 2 1 1 245 833 27
181 2 2 1 1 471 609 565
182 2 2 1 1 564 609 473
183 2 2 1 1 756 869 701
184 2 2 1 1 231 865 632
185 2 2 1 1 544 647 646
186 2 2 1 1 660 663 659
187 2 2 1 1 591 763 211
188 2 2 1 1 69 595 68
189 2 2 1 1 697 700 699
190 2 2 1 1 242 832 573
191 2 2 1 1 609 683 565
192 2 2 1 1 632 857 231
193 2 2 1 1 754 794 445
194 2 2 1 1 607 849 460
195 2 2 1 1 647 743 645
196 2 2 1 1 210 837 588
197 2 2 1 1 214 860 20
198 2 2 1 1 613 864 226
199 2 2 1 1 575 577 221
200 2 2 1 1 544 648 647
201 2 2 1 1 584 906 225
202 2 2 1 1 596 620 214
203 2 2 1 1 20 250 19
204 2 2 1 1 683 919 565
205 2 2 1 1 415 822 718
206 2 2 1 1 600 846 212
207 2 2 1 1 650 736 230
208 2 2 1 1 586 849 607
209 2 2 1 1 235 875 572
210 2 2 1 1 245 859 571
211 2 2 1 1 446 594 592
212 2 2 1 1 574 718 508
213 2 2 1 1 219 582 580
214 2 2 1 1 446 597 594
215 2 2 1 1 234 588 587
216 2 2 1 1 570 863 569
217 2 2 1 1 56 590 57
218 2 2 1 1 231 894 865
219 2 2 1 1 506 860 620
220 2 2 1 1 212 908 600
221 2 2 1 1 57 590 220
222 2 2 1 1 214 886 596
223 2 2 1 1 718 822 508
224 2 2 1 1 685 902 482
225 2 2 1 1 482 904 685
226 2 2 1 1 543 873 664
227 2 2 1 1 225 586 585
228 2 2 1 1 663 740 487
229 2 2 1 1 571 859 220
230 2 2 1 1 714 888 550
231 2 2 1 1 6 58 30
232 2 2 1 1 753 754 445
233 2 2 1 1 578 794 754
234 2 2 1 1 508 719 574
235 2 2 1 1 809 856 216
236 2 2 1 1 664 890 543
237 2 2 1 1 221 614 575
238 2 2 1 1 833 871 28
239 2 2 1 1 632 883 857
240 2 2 1 1 587 589 234
241 2 2 1 1 220 889 571
242 2 2 1 1 592 719 446
243 2 2 1 1 588 884 210
244 2 2 1 1 730 851 239
245 2 2 1 1 818 821 757
246 2 2 1 1 480 853 705
247 2 2 1 1 847 848 404
248 2 2 1 1 403 719 455
249 2 2 1 1 109 683 110
250 2 2 1 1 620 860 214
251 2 2 1 1 558 916 645
252 2 2 1 1 595 872 223
253 2 2 1 1 920 922 603
254 2 2 1 1 387 891 700
255 2 2 1 1 602 920 603
256 2 2 1 1 616 833 245
257 2 2 1 1 213 604 603
258 2 2 1 1 243 743 647
259 2 2 1 1 912 913 561
260 2 2 1 1 579 858 211
261 2 2 1 1 560 912 561
262 2 2 1 1 207 888 714
263 2 2 1 1 297 852 819
264 2 2 1 1 647 648 243
265 2 2 1 1 633 899 629
266 2 2 1 1 440 740 663
267 2 2 1 1 459 597 402
268 2 2 1 1 572 867 712
269 2 2 1 1 402 597 446
270 2 2 1 1 725 792 557
271 2 2 1 1 696 868 697
272 2 2 1 1 730 898 851
273 2 2 1 1 613 871 833
274 2 2 1 1 561 663 487
275 2 2 1 1 696 907 868
276 2 2 1 1 447 830 792
277 2 2 1 1 620 621 506
278 2 2 1 1 617 637 634
279 2 2 1 1 604 866 468
280 2 2 1 1 756 868 366
281 2 2 1 1 636 883 632
282 2 2 1 1 514 822 415
283 2 2 1 1 288 843 814
284 2 2 1 1 574 719 592
285 2 2 1 1 253 637 251
286 2 2 1 1 761 907 882
287 2 2 1 1 828 836 522
288 2 2 1 1 618 806 513
289 2 2 1 1 219 861 582
290 2 2 1 1 446 719 403
291 2 2 1 1 455 719 508
292 2 2 1 1 57 220 5
293 2 2 1 1 222 683 109
294 2 2 1 1 497 826 533
295 2 2 1 1 882 907 696
296 2 2 1 1 110 683 240
297 2 2 1 1 302 713 271
298 2 2 1 1 621 638 506
299 2 2 1 1 577 876 221
300 2 2 1 1 468 918 604
301 2 2 1 1 601 821 818
302 2 2 1 1 251 637 617
303 2 2 1 1 597 605 594
304 2 2 1 1 607 848 847
305 2 2 1 1 559 866 722
306 2 2 1 1 513 610 493
307 2 2 1 1 459 598 597
308 2 2 1 1 694 909 788
309 2 2 1 1 19 248 1
310 2 2 1 1 605 908 729
311 2 2 1 1 701 869 387
312 2 2 1 1 324 637 253
313 2 2 1 1 673 815 674
314 2 2 1 1 573 870 242
315 2 2 1 1 648 737 243
316 2 2 1 1 240 683 609
317 2 2 1 1 610 619 493
318 2 2 1 1 234 884 588
319 2 2 1 1 586 607 585
320 2 2 1 1 254 638 256
321 2 2 1 1 265 806 618
322 2 2 1 1 56 862 590
323 2 2 1 1 271 713 269
324 2 2 1 1 792 830 557
325 2 2 1 1 215 731 727
326 2 2 1 1 679 752 393
327 2 2 1 1 789 805 707
328 2 2 1 1 828 829 498
329 2 2 1 1 610 713 302
330 2 2 1 1 222 919 683
331 2 2 1 1 498 829 462
332 2 2 1 1 486 752 679
333 2 2 1 1 786 802 687
334 2 2 1 1 628 629 627
335 2 2 1 1 819 852 549
336 2 2 1 1 630 633 629
337 2 2 1 1 531 612 451
338 2 2 1 1 369 768 655
339 2 2 1 1 481 616 571
340 2 2 1 1 628 630 629
341 2 2 1 1 655 768 653
342 2 2 1 1 575 614 526
343 2 2 1 1 526 614 528
344 2 2 1 1 506 638 254
345 2 2 1 1 580 898 219
346 2 2 1 1 516 619 610
347 2 2 1 1 626 627 324
348 2 2 1 1 626 628 627
349 2 2 1 1 629 634 627
350 2 2 1 1 513 713 610
351 2 2 1 1 425 682 421
352 2 2 1 1 729 908 212
353 2 2 1 1 486 679 677
354 2 2 1 1 256 638 259
355 2 2 1 1 625 643 626
356 2 2 1 1 814 843 546
357 2 2 1 1 587 777 589
358 2 2 1 1 516 682 619
359 2 2 1 1 677 680 486
360 2 2 1 1 679 785 678
361 2 2 1 1 795 797 484
362 2 2 1 1 594 877 593
363 2 2 1 1 619 682 425
364 2 2 1 1 498 836 828
365 2 2 1 1 533 826 800
366 2 2 1 1 372 793 622
367 2 2 1 1 651 653 406
368 2 2 1 1 785 787 678
369 2 2 1 1 493 619 427
370 2 2 1 1 457 775 643
371 2 2 1 1 625 626 324
372 2 2 1 1 427 619 425
373 2 2 1 1 612 613 477
374 2 2 1 1 792 818 757
375 2 2 1 1 449 477 450
376 2 2 1 1 459 599 598
377 2 2 1 1 796 801 621
378 2 2 1 1 653 768 406
379 2 2 1 1 695 909 694
380 2 2 1 1 662 914 440
381 2 2 1 1 783 793 338
382 2 2 1 1 334 793 372
383 2 2 1 1 392 680 675
384 2 2 1 1 255 625 324
385 2 2 1 1 598 605 597
386 2 2 1 1 394 449 382
387 2 2 1 1 399 804 459
388 2 2 1 1 611 795 371
389 2 2 1 1 695 717 708
390 2 2 1 1 513 806 713
391 2 2 1 1 373 643 625
392 2 2 1 1 449 450 382
393 2 2 1 1 550 875 714
394 2 2 1 1 611 797 795
395 2 2 1 1 392 675 672
396 2 2 1 1 481 571 539
397 2 2 1 1 327 623 328
398 2 2 1 1 614 615 528
399 2 2 1 1 613 616 477
400 2 2 1 1 468 805 789
401 2 2 1 1 530 802 786
402 2 2 1 1 675 680 677
403 2 2 1 1 477 616 481
404 2 2 1 1 225 808 586
405 2 2 1 1 561 913 659
406 2 2 1 1 672 681 392
407 2 2 1 1 372 710 336
408 2 2 1 1 682 778 419
409 2 2 1 1 421 682 419
410 2 2 1 1 406 759 651
411 2 2 1 1 371 796 611
412 2 2 1 1 404 771 624
413 2 2 1 1 504 531 451
414 2 2 1 1 451 612 449
415 2 2 1 1 646 647 645
416 2 2 1 1 241 646 644
417 2 2 1 1 644 646 645
418 2 2 1 1 341 382 338
419 2 2 1 1 627 637 324
420 2 2 1 1 97 686 218
421 2 2 1 1 449 612 477
422 2 2 1 1 903 904 482
423 2 2 1 1 651 759 485
424 2 2 1 1 331 338 332
425 2 2 1 1 323 771 404
426 2 2 1 1 255 324 253
427 2 2 1 1 304 716 306
428 2 2 1 1 331 341 338
429 2 2 1 1 361 680 364
430 2 2 1 1 477 481 450
431 2 2 1 1 371 801 796
432 2 2 1 1 241 644 62
433 2 2 1 1 486 680 361
434 2 2 1 1 460 649 434
435 2 2 1 1 644 645 247
436 2 2 1 1 567 707 706
437 2 2 1 1 372 813 710
438 2 2 1 1 409 681 669
439 2 2 1 1 264 689 267
440 2 2 1 1 307 716 304
441 2 2 1 1 674 815 798
442 2 2 1 1 261 263 262
443 2 2 1 1 89 656 227
444 2 2 1 1 224 685 684
445 2 2 1 1 263 689 264
446 2 2 1 1 218 657 98
447 2 2 1 1 327 328 326
448 2 2 1 1 708 717 87
449 2 2 1 1 247 665 60
450 2 2 1 1 409 669 668
451 2 2 1 1 388 734 666
452 2 2 1 1 697 699 693
453 2 2 1 1 261 371 263
454 2 2 1 1 63 664 241
455 2 2 1 1 328 623 331
456 2 2 1 1 210 867 837
457 2 2 1 1 555 903 482
458 2 2 1 1 457 643 435
459 2 2 1 1 702 703 229
460 2 2 1 1 654 655 653
461 2 2 1 1 101 667 208
462 2 2 1 1 499 618 513
463 2 2 1 1 364 680 392
464 2 2 1 1 669 681 672
465 2 2 1 1 693 699 691
466 2 2 1 1 527 774 726
467 2 2 1 1 61 644 247
468 2 2 1 1 328 331 330
469 2 2 1 1 61 247 60
470 2 2 1 1 217 691 690
471 2 2 1 1 334 372 336
472 2 2 1 1 409 668 410
473 2 2 1 1 66 704 702
474 2 2 1 1 652 653 651
475 2 2 1 1 259 261 260
476 2 2 1 1 65 702 229
477 2 2 1 1 638 801 259
478 2 2 1 1 376 681 409
479 2 2 1 1 492 499 493
480 2 2 1 1 724 725 209
481 2 2 1 1 317 734 388
482 2 2 1 1 499 513 493
483 2 2 1 1 354 688 352
484 2 2 1 1 217 717 692
485 2 2 1 1 358 688 354
486 2 2 1 1 692 717 695
487 2 2 1 1 668 670 497
488 2 2 1 1 692 693 691
489 2 2 1 1 694 696 693
490 2 2 1 1 319 742 309
491 2 2 1 1 314 715 413
492 2 2 1 1 599 600 598
493 2 2 1 1 306 716 715
494 2 2 1 1 669 671 670
495 2 2 1 1 652 654 653
496 2 2 1 1 394 451 449
497 2 2 1 1 492 493 427
498 2 2 1 1 669 670 668
499 2 2 1 1 426 427 425
500 2 2 1 1 684 686 96
501 2 2 1 1 649 650 545
502 2 2 1 1 224 684 95
503 2 2 1 1 657 658 232
504 2 2 1 1 242 656 90
505 2 2 1 1 476 545 510
506 2 2 1 1 567 706 472
507 2 2 1 1 368 681 376
508 2 2 1 1 687 688 358
509 2 2 1 1 432 492 427
510 2 2 1 1 392 681 368
511 2 2 1 1 223 705 704
512 2 2 1 1 325 327 326
513 2 2 1 1 94 224 95
514 2 2 1 1 413 715 514
515 2 2 1 1 91 242 90
516 2 2 1 1 677 678 676
517 2 2 1 1 573 608 564
518 2 2 1 1 661 662 660
519 2 2 1 1 359 752 486
520 2 2 1 1 217 692 691
521 2 2 1 1 434 649 476
522 2 2 1 1 675 676 673
523 2 2 1 1 692 694 693
524 2 2 1 1 658 661 660
525 2 2 1 1 726 774 379
526 2 2 1 1 96 686 97
527 2 2 1 1 672 673 671
528 2 2 1 1 217 690 85
529 2 2 1 1 97 218 98
530 2 2 1 1 25 246 3
531 2 2 1 1 673 674 671
532 2 2 1 1 60 665 59
533 2 2 1 1 706 707 384
534 2 2 1 1 500 651 485
535 2 2 1 1 100 667 101
536 2 2 1 1 365 687 358
537 2 2 1 1 229 664 64
538 2 2 1 1 691 699 698
539 2 2 1 1 472 706 443
540 2 2 1 1 497 533 496
541 2 2 1 1 476 649 545
542 2 2 1 1 500 652 651
543 2 2 1 1 438 497 496
544 2 2 1 1 99 657 232
545 2 2 1 1 261 262 260
546 2 2 1 1 691 698 690
547 2 2 1 1 390 460 434
548 2 2 1 1 325 484 327
549 2 2 1 1 423 425 421
550 2 2 1 1 405 732 282
551 2 2 1 1 690 698 233
552 2 2 1 1 471 472 443
553 2 2 1 1 383 706 384
554 2 2 1 1 227 708 88
555 2 2 1 1 419 778 417
556 2 2 1 1 696 697 693
557 2 2 1 1 323 404 378
558 2 2 1 1 658 660 659
559 2 2 1 1 341 394 382
560 2 2 1 1 516 778 682
561 2 2 1 1 63 241 62
562 2 2 1 1 65 229 64
563 2 2 1 1 223 704 67
564 2 2 1 1 89 227 88
565 2 2 1 1 384 687 365
566 2 2 1 1 309 742 305
567 2 2 1 1 82 709 207
568 2 2 1 1 410 668 438
569 2 2 1 1 504 591 531
570 2 2 1 1 459 804 599
571 2 2 1 1 78 712 210
572 2 2 1 1 669 672 671
573 2 2 1 1 66 702 65
574 2 2 1 1 565 566 472
575 2 2 1 1 264 267 266
576 2 2 1 1 426 432 427
577 2 2 1 1 677 679 678
578 2 2 1 1 413 414 321
579 2 2 1 1 591 606 531
580 2 2 1 1 317 388 320
581 2 2 1 1 310 715 314
582 2 2 1 1 624 771 765
583 2 2 1 1 675 677 676
584 2 2 1 1 80 714 235
585 2 2 1 1 443 706 383
586 2 2 1 1 471 565 472
587 2 2 1 1 672 675 673
588 2 2 1 1 599 601 600
589 2 2 1 1 484 790 327
590 2 2 1 1 715 716 514
591 2 2 1 1 98 657 99
592 2 2 1 1 438 496 462
593 2 2 1 1 62 644 61
594 2 2 1 1 314 413 321
595 2 2 1 1 413 415 414
596 2 2 1 1 343 769 764
597 2 2 1 1 423 426 425
598 2 2 1 1 68 223 67
599 2 2 1 1 383 384 365
600 2 2 1 1 267 689 325
601 2 2 1 1 430 522 428
602 2 2 1 1 99 232 100
603 2 2 1 1 84 690 233
604 2 2 1 1 314 321 315
605 2 2 1 1 95 684 96
606 2 2 1 1 263 264 262
607 2 2 1 1 251 617 248
608 2 2 1 1 393 785 679
609 2 2 1 1 90 656 89
610 2 2 1 1 415 416 414
611 2 2 1 1 336 710 339
612 2 2 1 1 359 486 361
613 2 2 1 1 364 392 368
614 2 2 1 1 86 217 85
615 2 2 1 1 64 664 63
616 2 2 1 1 438 668 497
617 2 2 1 1 658 659 232
618 2 2 1 1 376 409 408
619 2 2 1 1 410 438 412
620 2 2 1 1 328 329 326
621 2 2 1 1 432 536 492
622 2 2 1 1 310 314 313
623 2 2 1 1 646 873 544
624 2 2 1 1 470 553 469
625 2 2 1 1 71 221 70
626 2 2 1 1 566 567 472
627 2 2 1 1 424 723 442
628 2 2 1 1 566 568 567
629 2 2 1 1 67 704 66
630 2 2 1 1 233 709 83
631 2 2 1 1 470 554 553
632 2 2 1 1 469 711 501
633 2 2 1 1 321 735 734
634 2 2 1 1 88 708 87
635 2 2 1 1 461 485 397
636 2 2 1 1 416 470 469
637 2 2 1 1 416 469 436
638 2 2 1 1 84 233 83
639 2 2 1 1 418 419 417
640 2 2 1 1 490 500 485
641 2 2 1 1 74 216 73
642 2 2 1 1 566 602 568
643 2 2 1 1 235 712 79
644 2 2 1 1 326 639 290
645 2 2 1 1 582 584 583
646 2 2 1 1 207 714 81
647 2 2 1 1 76 234 75
648 2 2 1 1 325 689 484
649 2 2 1 1 602 603 568
650 2 2 1 1 85 690 84
651 2 2 1 1 574 592 554
652 2 2 1 1 78 210 77
653 2 2 1 1 469 501 436
654 2 2 1 1 275 738 276
655 2 2 1 1 553 711 469
656 2 2 1 1 80 235 79
657 2 2 1 1 567 789 707
658 2 2 1 1 476 510 509
659 2 2 1 1 563 620 596
660 2 2 1 1 347 417 345
661 2 2 1 1 538 564 473
662 2 2 1 1 444 471 443
663 2 2 1 1 416 436 414
664 2 2 1 1 86 717 217
665 2 2 1 1 314 315 313
666 2 2 1 1 306 715 310
667 2 2 1 1 82 207 81
668 2 2 1 1 325 326 290
669 2 2 1 1 580 582 581
670 2 2 1 1 592 593 554
671 2 2 1 1 301 307 304
672 2 2 1 1 592 594 593
673 2 2 1 1 413 514 415
674 2 2 1 1 87 717 86
675 2 2 1 1 442 723 465
676 2 2 1 1 415 718 416
677 2 2 1 1 496 498 462
678 2 2 1 1 79 712 78
679 2 2 1 1 378 390 389
680 2 2 1 1 83 709 82
681 2 2 1 1 470 574 554
682 2 2 1 1 470 718 574
683 2 2 1 1 81 714 80
684 2 2 1 1 434 476 475
685 2 2 1 1 438 462 412
686 2 2 1 1 764 769 515
687 2 2 1 1 390 434 433
688 2 2 1 1 279 405 282
689 2 2 1 1 734 735 666
690 2 2 1 1 720 721 238
691 2 2 1 1 511 580 512
692 2 2 1 1 465 723 529
693 2 2 1 1 465 529 467
694 2 2 1 1 409 410 408
695 2 2 1 1 510 544 543
696 2 2 1 1 501 511 502
697 2 2 1 1 232 667 100
698 2 2 1 1 554 731 553
699 2 2 1 1 428 742 319
700 2 2 1 1 416 718 470
701 2 2 1 1 268 758 270
702 2 2 1 1 292 299 295
703 2 2 1 1 420 421 419
704 2 2 1 1 323 378 377
705 2 2 1 1 491 503 439
706 2 2 1 1 282 732 284
707 2 2 1 1 320 323 322
708 2 2 1 1 563 596 562
709 2 2 1 1 317 320 318
710 2 2 1 1 692 695 694
711 2 2 1 1 461 490 485
712 2 2 1 1 101 208 102
713 2 2 1 1 54 209 55
714 2 2 1 1 541 590 556
715 2 2 1 1 765 771 388
716 2 2 1 1 315 317 316
717 2 2 1 1 276 738 279
718 2 2 1 1 582 583 581
719 2 2 1 1 422 423 421
720 2 2 1 1 53 724 54
721 2 2 1 1 485 759 397
722 2 2 1 1 256 259 258
723 2 2 1 1 54 724 209
724 2 2 1 1 208 720 102
725 2 2 1 1 102 720 103
726 2 2 1 1 516 610 302
727 2 2 1 1 584 585 583
728 2 2 1 1 738 781 780
729 2 2 1 1 315 734 317
730 2 2 1 1 347 418 417
731 2 2 1 1 507 855 854
732 2 2 1 1 386 443 383
733 2 2 1 1 370 383 365
734 2 2 1 1 456 457 435
735 2 2 1 1 362 365 358
736 2 2 1 1 527 576 575
737 2 2 1 1 501 502 436
738 2 2 1 1 52 237 53
739 2 2 1 1 267 268 266
740 2 2 1 1 399 459 402
741 2 2 1 1 576 578 577
742 2 2 1 1 527 726 576
743 2 2 1 1 103 238 104
744 2 2 1 1 490 546 500
745 2 2 1 1 503 744 439
746 2 2 1 1 491 549 503
747 2 2 1 1 511 512 502
748 2 2 1 1 551 552 535
749 2 2 1 1 580 581 512
750 2 2 1 1 310 313 312
751 2 2 1 1 463 487 441
752 2 2 1 1 306 310 309
753 2 2 1 1 284 293 286
754 2 2 1 1 414 735 321
755 2 2 1 1 453 494 430
756 2 2 1 1 237 724 53
757 2 2 1 1 495 547 494
758 2 2 1 1 524 527 526
759 2 2 1 1 429 430 428
760 2 2 1 1 342 523 401
761 2 2 1 1 854 855 307
762 2 2 1 1 529 530 467
763 2 2 1 1 103 720 238
764 2 2 1 1 593 731 554
765 2 2 1 1 538 573 564
766 2 2 1 1 455 508 507
767 2 2 1 1 373 625 257
768 2 2 1 1 356 358 354
769 2 2 1 1 560 561 487
770 2 2 1 1 304 306 305
771 2 2 1 1 50 212 51
772 2 2 1 1 47 727 48
773 2 2 1 1 48 236 49
774 2 2 1 1 46 215 47
775 2 2 1 1 49 729 50
776 2 2 1 1 534 535 448
777 2 2 1 1 398 744 461
778 2 2 1 1 385 428 319
779 2 2 1 1 45 728 46
780 2 2 1 1 442 465 464
781 2 2 1 1 410 412 411
782 2 2 1 1 105 213 106
783 2 2 1 1 435 643 373
784 2 2 1 1 301 304 303
785 2 2 1 1 44 239 45
786 2 2 1 1 418 420 419
787 2 2 1 1 340 759 406
788 2 2 1 1 403 439 400
789 2 2 1 1 444 473 471
790 2 2 1 1 535 760 448
791 2 2 1 1 315 316 313
792 2 2 1 1 279 738 405
793 2 2 1 1 43 730 44
794 2 2 1 1 455 491 439
795 2 2 1 1 622 793 783
796 2 2 1 1 402 446 403
797 2 2 1 1 297 301 300
798 2 2 1 1 666 765 388
799 2 2 1 1 520 563 562
800 2 2 1 1 321 734 315
801 2 2 1 1 378 389 377
802 2 2 1 1 42 219 43
803 2 2 1 1 317 318 316
804 2 2 1 1 403 455 439
805 2 2 1 1 257 625 255
806 2 2 1 1 390 433 389
807 2 2 1 1 376 408 407
808 2 2 1 1 350 357 348
809 2 2 1 1 320 322 318
810 2 2 1 1 323 377 322
811 2 2 1 1 398 461 397
812 2 2 1 1 520 562 519
813 2 2 1 1 436 735 414
814 2 2 1 1 284 732 293
815 2 2 1 1 396 397 381
816 2 2 1 1 502 735 436
817 2 2 1 1 434 475 433
818 2 2 1 1 267 325 290
819 2 2 1 1 108 222 109
820 2 2 1 1 400 744 398
821 2 2 1 1 512 666 502
822 2 2 1 1 476 509 475
823 2 2 1 1 455 507 491
824 2 2 1 1 659 667 232
825 2 2 1 1 368 376 375
826 2 2 1 1 417 769 345
827 2 2 1 1 39 225 40
828 2 2 1 1 423 440 426
829 2 2 1 1 420 422 421
830 2 2 1 1 344 345 343
831 2 2 1 1 487 740 441
832 2 2 1 1 780 781 642
833 2 2 1 1 311 431 374
834 2 2 1 1 465 467 466
835 2 2 1 1 295 297 296
836 2 2 1 1 364 368 367
837 2 2 1 1 576 577 575
838 2 2 1 1 215 727 47
839 2 2 1 1 48 727 236
840 2 2 1 1 50 729 212
841 2 2 1 1 236 729 49
842 2 2 1 1 292 295 294
843 2 2 1 1 527 575 526
844 2 2 1 1 522 742 428
845 2 2 1 1 346 347 345
846 2 2 1 1 523 524 401
847 2 2 1 1 463 560 487
848 2 2 1 1 310 312 309
849 2 2 1 1 267 290 268
850 2 2 1 1 361 364 363
851 2 2 1 1 339 710 447
852 2 2 1 1 399 402 400
853 2 2 1 1 306 309 305
854 2 2 1 1 583 624 581
855 2 2 1 1 578 595 577
856 2 2 1 1 402 403 400
857 2 2 1 1 346 348 347
858 2 2 1 1 281 343 277
859 2 2 1 1 465 466 464
860 2 2 1 1 46 728 215
861 2 2 1 1 429 453 430
862 2 2 1 1 453 495 494
863 2 2 1 1 359 361 360
864 2 2 1 1 313 739 312
865 2 2 1 1 37 736 38
866 2 2 1 1 353 359 355
867 2 2 1 1 385 429 428
868 2 2 1 1 259 260 258
869 2 2 1 1 288 292 291
870 2 2 1 1 518 519 505
871 2 2 1 1 349 393 351
872 2 2 1 1 495 548 547
873 2 2 1 1 442 464 463
874 2 2 1 1 466 559 464
875 2 2 1 1 320 771 323
876 2 2 1 1 515 778 516
877 2 2 1 1 410 411 408
878 2 2 1 1 342 739 523
879 2 2 1 1 518 611 520
880 2 2 1 1 304 305 303
881 2 2 1 1 239 728 45
882 2 2 1 1 510 543 509
883 2 2 1 1 301 303 300
884 2 2 1 1 344 346 345
885 2 2 1 1 386 444 443
886 2 2 1 1 518 520 519
887 2 2 1 1 264 266 265
888 2 2 1 1 442 463 441
889 2 2 1 1 370 386 383
890 2 2 1 1 362 370 365
891 2 2 1 1 534 551 535
892 2 2 1 1 357 733 348
893 2 2 1 1 590 889 220
894 2 2 1 1 412 454 411
895 2 2 1 1 110 240 111
896 2 2 1 1 666 735 502
897 2 2 1 1 36 230 37
898 2 2 1 1 316 739 313
899 2 2 1 1 356 362 358
900 2 2 1 1 422 740 423
901 2 2 1 1 396 399 398
902 2 2 1 1 381 759 340
903 2 2 1 1 479 570 569
904 2 2 1 1 467 468 466
905 2 2 1 1 563 621 620
906 2 2 1 1 44 730 239
907 2 2 1 1 639 758 290
908 2 2 1 1 432 537 536
909 2 2 1 1 396 398 397
910 2 2 1 1 424 442 441
911 2 2 1 1 312 319 309
912 2 2 1 1 524 525 401
913 2 2 1 1 286 288 287
914 2 2 1 1 347 733 418
915 2 2 1 1 312 342 319
916 2 2 1 1 303 308 300
917 2 2 1 1 297 300 296
918 2 2 1 1 429 478 453
919 2 2 1 1 399 400 398
920 2 2 1 1 524 526 525
921 2 2 1 1 281 344 343
922 2 2 1 1 346 349 348
923 2 2 1 1 342 401 385
924 2 2 1 1 495 587 548
925 2 2 1 1 331 332 330
926 2 2 1 1 342 385 319
927 2 2 1 1 294 298 291
928 2 2 1 1 295 296 294
929 2 2 1 1 283 745 280
930 2 2 1 1 562 579 519
931 2 2 1 1 219 730 43
932 2 2 1 1 688 749 352
933 2 2 1 1 292 294 291
934 2 2 1 1 322 379 318
935 2 2 1 1 424 441 422
936 2 2 1 1 526 528 525
937 2 2 1 1 348 733 347
938 2 2 1 1 284 286 285
939 2 2 1 1 769 778 515
940 2 2 1 1 454 488 411
941 2 2 1 1 335 768 369
942 2 2 1 1 376 407 375
943 2 2 1 1 290 758 268
944 2 2 1 1 35 737 36
945 2 2 1 1 587 588 548
946 2 2 1 1 420 424 422
947 2 2 1 1 340 406 337
948 2 2 1 1 408 748 407
949 2 2 1 1 339 447 380
950 2 2 1 1 276 279 278
951 2 2 1 1 439 744 400
952 2 2 1 1 382 783 338
953 2 2 1 1 328 330 329
954 2 2 1 1 285 289 283
955 2 2 1 1 389 445 377
956 2 2 1 1 272 275 274
957 2 2 1 1 454 521 488
958 2 2 1 1 368 375 367
959 2 2 1 1 521 572 488
960 2 2 1 1 268 270 269
961 2 2 1 1 364 367 363
962 2 2 1 1 407 448 375
963 2 2 1 1 461 746 490
964 2 2 1 1 337 768 335
965 2 2 1 1 288 291 287
966 2 2 1 1 282 284 283
967 2 2 1 1 361 363 360
968 2 2 1 1 423 740 440
969 2 2 1 1 312 739 342
970 2 2 1 1 349 751 393
971 2 2 1 1 424 750 723
972 2 2 1 1 776 790 517
973 2 2 1 1 367 387 363
974 2 2 1 1 359 360 355
975 2 2 1 1 34 243 35
976 2 2 1 1 273 302 271
977 2 2 1 1 475 480 433
978 2 2 1 1 474 534 448
979 2 2 1 1 407 474 448
980 2 2 1 1 286 287 285
981 2 2 1 1 23 211 24
982 2 2 1 1 279 282 280
983 2 2 1 1 264 265 262
984 2 2 1 1 218 799 657
985 2 2 1 1 503 746 744
986 2 2 1 1 474 550 534
987 2 2 1 1 349 350 348
988 2 2 1 1 281 489 344
989 2 2 1 1 634 637 627
990 2 2 1 1 411 748 408
991 2 2 1 1 441 740 422
992 2 2 1 1 458 555 482
993 2 2 1 1 331 623 341
994 2 2 1 1 350 749 357
995 2 2 1 1 479 538 473
996 2 2 1 1 260 741 258
997 2 2 1 1 351 352 350
998 2 2 1 1 356 366 362
999 2 2 1 1 370 391 386
1000 2 2 1 1 353 354 352
1001 2 2 1 1 355 356 354
1002 2 2 1 1 284 285 283
1003 2 2 1 1 744 746 461
1004 2 2 1 1 268 269 266
1005 2 2 1 1 329 639 326
1006 2 2 1 1 515 516 302
1007 2 2 1 1 395 396 381
1008 2 2 1 1 115 532 116
1009 2 2 1 1 270 272 271
1010 2 2 1 1 349 351 350
1011 2 2 1 1 353 355 354
1012 2 2 1 1 282 283 280
1013 2 2 1 1 351 353 352
1014 2 2 1 1 272 274 273
1015 2 2 1 1 33 743 34
1016 2 2 1 1 311 741 431
1017 2 2 1 1 289 745 283
1018 2 2 1 1 444 479 473
1019 2 2 1 1 479 762 570
1020 2 2 1 1 379 774 766
1021 2 2 1 1 278 281 277
1022 2 2 1 1 512 765 666
1023 2 2 1 1 721 911 559
1024 2 2 1 1 481 539 483
1025 2 2 1 1 579 763 519
1026 2 2 1 1 407 748 474
1027 2 2 1 1 256 258 257
1028 2 2 1 1 525 747 401
1029 2 2 1 1 279 280 278
1030 2 2 1 1 385 747 429
1031 2 2 1 1 353 752 359
1032 2 2 1 1 401 747 385
1033 2 2 1 1 230 736 37
1034 2 2 1 1 452 504 451
1035 2 2 1 1 393 752 351
1036 2 2 1 1 112 249 113
1037 2 2 1 1 270 271 269
1038 2 2 1 1 624 765 581
1039 2 2 1 1 272 273 271
1040 2 2 1 1 437 458 456
1041 2 2 1 1 445 794 784
1042 2 2 1 1 418 750 420
1043 2 2 1 1 479 569 538
1044 2 2 1 1 276 277 274
1045 2 2 1 1 384 786 687
1046 2 2 1 1 429 747 478
1047 2 2 1 1 380 395 381
1048 2 2 1 1 488 748 411
1049 2 2 1 1 397 759 381
1050 2 2 1 1 525 770 747
1051 2 2 1 1 273 515 302
1052 2 2 1 1 733 750 418
1053 2 2 1 1 458 482 456
1054 2 2 1 1 275 276 274
1055 2 2 1 1 505 763 504
1056 2 2 1 1 452 517 505
1057 2 2 1 1 32 558 33
1058 2 2 1 1 344 751 346
1059 2 2 1 1 343 764 277
1060 2 2 1 1 524 774 527
1061 2 2 1 1 581 765 512
1062 2 2 1 1 276 278 277
1063 2 2 1 1 258 311 257
1064 2 2 1 1 380 381 340
1065 2 2 1 1 352 749 350
1066 2 2 1 1 522 772 742
1067 2 2 1 1 517 518 505
1068 2 2 1 1 747 770 478
1069 2 2 1 1 258 741 311
1070 2 2 1 1 339 380 340
1071 2 2 1 1 21 214 20
1072 2 2 1 1 433 753 389
1073 2 2 1 1 504 763 591
1074 2 2 1 1 2 244 114
1075 2 2 1 1 311 373 257
1076 2 2 1 1 311 374 373
1077 2 2 1 1 689 795 484
1078 2 2 1 1 374 437 435
1079 2 2 1 1 420 750 424
1080 2 2 1 1 36 737 230
1081 2 2 1 1 339 340 337
1082 2 2 1 1 316 766 739
1083 2 2 1 1 374 435 373
1084 2 2 1 1 447 757 380
1085 2 2 1 1 379 766 318
1086 2 2 1 1 766 774 523
1087 2 2 1 1 318 766 316
1088 2 2 1 1 335 369 333
1089 2 2 1 1 259 801 261
1090 2 2 1 1 389 753 445
1091 2 2 1 1 346 751 349
1092 2 2 1 1 117 231 8
1093 2 2 1 1 519 763 505
1094 2 2 1 1 758 767 270
1095 2 2 1 1 351 752 353
1096 2 2 1 1 437 456 435
1097 2 2 1 1 480 753 433
1098 2 2 1 1 278 755 281
1099 2 2 1 1 641 758 639
1100 2 2 1 1 489 751 344
1101 2 2 1 1 745 755 280
1102 2 2 1 1 388 771 320
1103 2 2 1 1 336 339 337
1104 2 2 1 1 305 772 303
1105 2 2 1 1 739 766 523
1106 2 2 1 1 243 737 35
1107 2 2 1 1 380 757 395
1108 2 2 1 1 355 756 356
1109 2 2 1 1 448 760 375
1110 2 2 1 1 356 756 366
1111 2 2 1 1 280 755 278
1112 2 2 1 1 367 760 387
1113 2 2 1 1 272 767 275
1114 2 2 1 1 386 762 444
1115 2 2 1 1 360 756 355
1116 2 2 1 1 362 761 370
1117 2 2 1 1 484 797 790
1118 2 2 1 1 658 799 661
1119 2 2 1 1 281 755 489
1120 2 2 1 1 375 760 367
1121 2 2 1 1 742 772 305
1122 2 2 1 1 723 779 529
1123 2 2 1 1 329 640 639
1124 2 2 1 1 748 773 474
1125 2 2 1 1 371 795 263
1126 2 2 1 1 366 761 362
1127 2 2 1 1 391 762 386
1128 2 2 1 1 370 761 391
1129 2 2 1 1 452 505 504
1130 2 2 1 1 488 773 748
1131 2 2 1 1 394 452 451
1132 2 2 1 1 640 641 639
1133 2 2 1 1 256 257 255
1134 2 2 1 1 444 762 479
1135 2 2 1 1 345 769 343
1136 2 2 1 1 252 506 254
1137 2 2 1 1 528 770 525
1138 2 2 1 1 270 767 272
1139 2 2 1 1 640 642 641
1140 2 2 1 1 478 777 453
1141 2 2 1 1 406 768 337
1142 2 2 1 1 495 777 587
1143 2 2 1 1 336 337 335
1144 2 2 1 1 34 743 243
1145 2 2 1 1 303 772 308
1146 2 2 1 1 572 773 488
1147 2 2 1 1 274 764 273
1148 2 2 1 1 576 794 578
1149 2 2 1 1 332 334 333
1150 2 2 1 1 474 773 550
1151 2 2 1 1 452 776 517
1152 2 2 1 1 687 802 688
1153 2 2 1 1 621 801 638
1154 2 2 1 1 277 764 274
1155 2 2 1 1 334 336 335
1156 2 2 1 1 623 790 776
1157 2 2 1 1 273 764 515
1158 2 2 1 1 379 784 726
1159 2 2 1 1 334 335 333
1160 2 2 1 1 641 767 758
1161 2 2 1 1 665 839 59
1162 2 2 1 1 523 774 524
1163 2 2 1 1 275 781 738
1164 2 2 1 1 558 743 33
1165 2 2 1 1 254 256 255
1166 2 2 1 1 327 790 623
1167 2 2 1 1 481 483 450
1168 2 2 1 1 322 784 379
1169 2 2 1 1 529 791 530
1170 2 2 1 1 779 791 529
1171 2 2 1 1 417 778 769
1172 2 2 1 1 445 784 377
1173 2 2 1 1 332 333 330
1174 2 2 1 1 784 794 726
1175 2 2 1 1 453 777 495
1176 2 2 1 1 641 781 767
1177 2 2 1 1 710 830 447
1178 2 2 1 1 369 782 333
1179 2 2 1 1 618 807 265
1180 2 2 1 1 517 797 518
1181 2 2 1 1 733 779 750
1182 2 2 1 1 750 779 723
1183 2 2 1 1 790 797 517
1184 2 2 1 1 611 796 520
1185 2 2 1 1 250 251 248
1186 2 2 1 1 767 781 275
1187 2 2 1 1 357 779 733
1188 2 2 1 1 394 776 452
1189 2 2 1 1 807 816 741
1190 2 2 1 1 563 796 621
1191 2 2 1 1 377 784 322
1192 2 2 1 1 631 632 630
1193 2 2 1 1 296 800 294
1194 2 2 1 1 287 798 285
1195 2 2 1 1 707 786 384
1196 2 2 1 1 539 540 483
1197 2 2 1 1 642 781 641
1198 2 2 1 1 608 915 240
1199 2 2 1 1 738 780 405
1200 2 2 1 1 357 791 779
1201 2 2 1 1 725 818 792
1202 2 2 1 1 643 775 626
1203 2 2 1 1 254 255 253
1204 2 2 1 1 341 776 394
1205 2 2 1 1 623 776 341
1206 2 2 1 1 568 789 567
1207 2 2 1 1 751 785 393
1208 2 2 1 1 330 782 329
1209 2 2 1 1 628 631 630
1210 2 2 1 1 626 775 628
1211 2 2 1 1 489 785 751
1212 2 2 1 1 540 622 483
1213 2 2 1 1 263 795 689
1214 2 2 1 1 329 782 640
1215 2 2 1 1 489 787 785
1216 2 2 1 1 333 782 330
1217 2 2 1 1 450 783 382
1218 2 2 1 1 762 788 570
1219 2 2 1 1 749 791 357
1220 2 2 1 1 709 879 551
1221 2 2 1 1 338 793 332
1222 2 2 1 1 678 811 676
1223 2 2 1 1 726 794 576
1224 2 2 1 1 391 788 762
1225 2 2 1 1 670 826 497
1226 2 2 1 1 755 787 489
1227 2 2 1 1 655 803 369
1228 2 2 1 1 676 815 673
1229 2 2 1 1 396 804 399
1230 2 2 1 1 745 787 755
1231 2 2 1 1 518 797 611
1232 2 2 1 1 657 799 658
1233 2 2 1 1 447 792 757
1234 2 2 1 1 520 796 563
1235 2 2 1 1 539 541 540
1236 2 2 1 1 530 805 467
1237 2 2 1 1 285 798 289
1238 2 2 1 1 332 793 334
1239 2 2 1 1 17 228 18
1240 2 2 1 1 294 800 298
1241 2 2 1 1 813 830 710
1242 2 2 1 1 556 557 542
1243 2 2 1 1 460 848 607
1244 2 2 1 1 252 254 253
1245 2 2 1 1 483 783 450
1246 2 2 1 1 541 556 542
1247 2 2 1 1 261 801 371
1248 2 2 1 1 707 805 786
1249 2 2 1 1 536 810 492
1250 2 2 1 1 791 802 530
1251 2 2 1 1 713 806 269
1252 2 2 1 1 369 803 782
1253 2 2 1 1 39 808 225
1254 2 2 1 1 19 250 248
1255 2 2 1 1 811 815 676
1256 2 2 1 1 736 808 38
1257 2 2 1 1 786 805 530
1258 2 2 1 1 269 806 266
1259 2 2 1 1 265 807 262
1260 2 2 1 1 260 807 741
1261 2 2 1 1 541 542 540
1262 2 2 1 1 308 834 831
1263 2 2 1 1 298 823 820
1264 2 2 1 1 26 245 27
1265 2 2 1 1 810 816 499
1266 2 2 1 1 478 809 777
1267 2 2 1 1 622 783 483
1268 2 2 1 1 288 814 292
1269 2 2 1 1 731 917 727
1270 2 2 1 1 782 803 640
1271 2 2 1 1 29 226 4
1272 2 2 1 1 252 253 251
1273 2 2 1 1 700 891 552
1274 2 2 1 1 640 803 642
1275 2 2 1 1 688 802 749
1276 2 2 1 1 628 775 631
1277 2 2 1 1 749 802 791
1278 2 2 1 1 654 825 655
1279 2 2 1 1 287 820 798
1280 2 2 1 1 777 809 589
1281 2 2 1 1 297 819 301
1282 2 2 1 1 618 816 807
1283 2 2 1 1 671 823 670
1284 2 2 1 1 395 804 396
1285 2 2 1 1 250 252 251
1286 2 2 1 1 622 813 372
1287 2 2 1 1 430 828 522
1288 2 2 1 1 298 820 291
1289 2 2 1 1 745 811 787
1290 2 2 1 1 737 842 230
1291 2 2 1 1 467 805 468
1292 2 2 1 1 787 811 678
1293 2 2 1 1 296 831 800
1294 2 2 1 1 431 812 374
1295 2 2 1 1 757 821 395
1296 2 2 1 1 631 636 632
1297 2 2 1 1 431 816 810
1298 2 2 1 1 92 832 91
1299 2 2 1 1 798 820 674
1300 2 2 1 1 654 835 825
1301 2 2 1 1 603 922 213
1302 2 2 1 1 496 834 498
1303 2 2 1 1 457 817 775
1304 2 2 1 1 405 835 732
1305 2 2 1 1 224 883 636
1306 2 2 1 1 38 808 39
1307 2 2 1 1 266 806 265
1308 2 2 1 1 308 831 300
1309 2 2 1 1 262 807 260
1310 2 2 1 1 812 824 437
1311 2 2 1 1 374 812 437
1312 2 2 1 1 499 816 618
1313 2 2 1 1 540 813 622
1314 2 2 1 1 656 870 569
1315 2 2 1 1 800 831 533
1316 2 2 1 1 770 809 478
1317 2 2 1 1 460 849 649
1318 2 2 1 1 492 810 499
1319 2 2 1 1 732 838 293
1320 2 2 1 1 462 841 412
1321 2 2 1 1 607 847 585
1322 2 2 1 1 546 840 500
1323 2 2 1 1 536 812 810
1324 2 2 1 1 835 838 732
1325 2 2 1 1 823 826 670
1326 2 2 1 1 522 836 772
1327 2 2 1 1 838 840 293
1328 2 2 1 1 286 843 288
1329 2 2 1 1 536 824 812
1330 2 2 1 1 716 855 514
1331 2 2 1 1 289 811 745
1332 2 2 1 1 390 848 460
1333 2 2 1 1 404 848 378
1334 2 2 1 1 606 864 531
1335 2 2 1 1 702 853 703
1336 2 2 1 1 52 846 237
1337 2 2 1 1 837 844 548
1338 2 2 1 1 775 817 631
1339 2 2 1 1 546 843 840
1340 2 2 1 1 212 846 51
1341 2 2 1 1 549 850 503
1342 2 2 1 1 490 845 546
1343 2 2 1 1 292 814 299
1344 2 2 1 1 211 881 591
1345 2 2 1 1 289 815 811
1346 2 2 1 1 705 853 704
1347 2 2 1 1 537 824 536
1348 2 2 1 1 711 851 501
1349 2 2 1 1 537 827 824
1350 2 2 1 1 820 823 674
1351 2 2 1 1 585 847 583
1352 2 2 1 1 624 847 404
1353 2 2 1 1 59 839 58
1354 2 2 1 1 295 852 297
1355 2 2 1 1 593 917 731
1356 2 2 1 1 549 852 850
1357 2 2 1 1 708 863 695
1358 2 2 1 1 810 812 431
1359 2 2 1 1 542 813 540
1360 2 2 1 1 817 902 685
1361 2 2 1 1 491 854 549
1362 2 2 1 1 741 816 431
1363 2 2 1 1 612 864 613
1364 2 2 1 1 631 817 636
1365 2 2 1 1 803 825 642
1366 2 2 1 1 834 836 498
1367 2 2 1 1 301 819 307
1368 2 2 1 1 648 842 737
1369 2 2 1 1 798 815 289
1370 2 2 1 1 831 834 533
1371 2 2 1 1 246 910 596
1372 2 2 1 1 655 825 803
1373 2 2 1 1 599 821 601
1374 2 2 1 1 291 820 287
1375 2 2 1 1 508 822 507
1376 2 2 1 1 674 823 671
1377 2 2 1 1 590 862 556
1378 2 2 1 1 845 850 299
1379 2 2 1 1 665 893 839
1380 2 2 1 1 437 824 458
1381 2 2 1 1 824 827 458
1382 2 2 1 1 589 880 234
1383 2 2 1 1 521 844 837
1384 2 2 1 1 494 828 430
1385 2 2 1 1 458 827 555
1386 2 2 1 1 494 829 828
1387 2 2 1 1 632 865 630
1388 2 2 1 1 642 825 780
1389 2 2 1 1 613 833 616
1390 2 2 1 1 209 862 55
1391 2 2 1 1 877 917 593
1392 2 2 1 1 547 829 494
1393 2 2 1 1 211 858 24
1394 2 2 1 1 25 858 246
1395 2 2 1 1 542 830 813
1396 2 2 1 1 825 835 780
1397 2 2 1 1 557 901 725
1398 2 2 1 1 42 861 219
1399 2 2 1 1 546 845 814
1400 2 2 1 1 395 821 804
1401 2 2 1 1 615 856 528
1402 2 2 1 1 804 821 599
1403 2 2 1 1 800 826 298
1404 2 2 1 1 300 831 296
1405 2 2 1 1 91 832 242
1406 2 2 1 1 602 919 222
1407 2 2 1 1 548 844 547
1408 2 2 1 1 298 826 823
1409 2 2 1 1 533 834 496
1410 2 2 1 1 222 920 602
1411 2 2 1 1 547 844 841
1412 2 2 1 1 829 841 462
1413 2 2 1 1 514 855 822
1414 2 2 1 1 557 830 542
1415 2 2 1 1 814 845 299
1416 2 2 1 1 252 860 506
1417 2 2 1 1 721 912 560
1418 2 2 1 1 588 837 548
1419 2 2 1 1 664 873 241
1420 2 2 1 1 772 836 308
1421 2 2 1 1 468 866 466
1422 2 2 1 1 705 872 754
1423 2 2 1 1 560 911 721
1424 2 2 1 1 549 854 819
1425 2 2 1 1 780 835 405
1426 2 2 1 1 654 838 835
1427 2 2 1 1 30 839 31
1428 2 2 1 1 652 838 654
1429 2 2 1 1 219 898 730
1430 2 2 1 1 223 872 705
1431 2 2 1 1 387 869 363
1432 2 2 1 1 652 840 838
1433 2 2 1 1 5 859 26
1434 2 2 1 1 724 878 725
1435 2 2 1 1 94 883 224
1436 2 2 1 1 218 903 799
1437 2 2 1 1 500 840 652
1438 2 2 1 1 221 876 70
1439 2 2 1 1 360 869 756
1440 2 2 1 1 819 854 307
1441 2 2 1 1 770 856 809
1442 2 2 1 1 412 841 454
1443 2 2 1 1 21 886 214
1444 2 2 1 1 74 880 216
1445 2 2 1 1 234 880 75
1446 2 2 1 1 841 844 454
1447 2 2 1 1 729 877 605
1448 2 2 1 1 293 843 286
1449 2 2 1 1 822 855 507
1450 2 2 1 1 454 844 521
1451 2 2 1 1 249 915 608
1452 2 2 1 1 840 843 293
1453 2 2 1 1 604 918 603
1454 2 2 1 1 571 889 539
1455 2 2 1 1 72 924 615
1456 2 2 1 1 789 918 468
1457 2 2 1 1 635 892 228
1458 2 2 1 1 308 836 834
1459 2 2 1 1 799 903 555
1460 2 2 1 1 76 884 234
1461 2 2 1 1 210 884 77
1462 2 2 1 1 541 889 590
1463 2 2 1 1 537 914 662
1464 2 2 1 1 51 846 52
1465 2 2 1 1 746 845 490
1466 2 2 1 1 645 916 247
1467 2 2 1 1 761 882 391
1468 2 2 1 1 229 890 664
1469 2 2 1 1 552 891 535
1470 2 2 1 1 572 875 773
1471 2 2 1 1 703 905 509
1472 2 2 1 1 69 876 595
1473 2 2 1 1 606 925 864
1474 2 2 1 1 583 847 624
1475 2 2 1 1 378 848 390
1476 2 2 1 1 649 849 650
1477 2 2 1 1 8 857 93
1478 2 2 1 1 248 885 1
1479 2 2 1 1 685 904 684
1480 2 2 1 1 220 859 5
1481 2 2 1 1 534 888 551
1482 2 2 1 1 606 881 22
1483 2 2 1 1 714 875 235
1484 2 2 1 1 659 913 667
1485 2 2 1 1 501 851 511
1486 2 2 1 1 746 850 845
1487 2 2 1 1 26 859 245
1488 2 2 1 1 503 850 746
1489 2 2 1 1 547 841 829
1490 2 2 1 1 299 852 295
1491 2 2 1 1 704 853 702
1492 2 2 1 1 73 924 72
1493 2 2 1 1 538 870 573
1494 2 2 1 1 566 919 602
1495 2 2 1 1 457 902 817
1496 2 2 1 1 697 868 701
1497 2 2 1 1 720 912 721
1498 2 2 1 1 3 886 21
1499 2 2 1 1 850 852 299
1500 2 2 1 1 213 922 106
1501 2 2 1 1 246 886 3
1502 2 2 1 1 596 910 562
1503 2 2 1 1 603 918 568
1504 2 2 1 1 108 920 222
1505 2 2 1 1 440 914 426
1506 2 2 1 1 507 854 491
1507 2 2 1 1 559 911 464
1508 2 2 1 1 7 897 92
1509 2 2 1 1 225 906 40
1510 2 2 1 1 760 891 387
1511 2 2 1 1 463 911 560
1512 2 2 1 1 307 855 716
1513 2 2 1 1 32 893 558
1514 2 2 1 1 240 915 111
1515 2 2 1 1 58 839 30
1516 2 2 1 1 432 914 537
1517 2 2 1 1 482 902 456
1518 2 2 1 1 113 897 7
1519 2 2 1 1 582 861 584
1520 2 2 1 1 509 905 475
1521 2 2 1 1 112 915 249
1522 2 2 1 1 725 878 818
1523 2 2 1 1 1 885 17
1524 2 2 1 1 788 882 694
1525 2 2 1 1 552 879 698
1526 2 2 1 1 4 925 22
1527 2 2 1 1 731 874 553
1528 2 2 1 1 215 874 731
1529 2 2 1 1 233 879 709
1530 2 2 1 1 509 890 703
1531 2 2 1 1 22 925 606
1532 2 2 1 1 600 908 598
1533 2 2 1 1 228 892 18
1534 2 2 1 1 544 873 543
1535 2 2 1 1 543 890 509
1536 2 2 1 1 236 877 729
1537 2 2 1 1 531 864 612
1538 2 2 1 1 712 867 210
1539 2 2 1 1 521 867 572
1540 2 2 1 1 528 856 770
1541 2 2 1 1 24 858 25
1542 2 2 1 1 725 901 209
1543 2 2 1 1 231 857 8
1544 2 2 1 1 41 861 42
1545 2 2 1 1 227 863 708
1546 2 2 1 1 22 881 23
1547 2 2 1 1 55 862 56
1548 2 2 1 1 545 896 510
1549 2 2 1 1 250 860 252
1550 2 2 1 1 893 916 558
1551 2 2 1 1 630 865 633
1552 2 2 1 1 596 886 246
1553 2 2 1 1 244 892 635
1554 2 2 1 1 221 887 614
1555 2 2 1 1 857 883 93
1556 2 2 1 1 71 887 221
1557 2 2 1 1 569 870 538
1558 2 2 1 1 466 866 559
1559 2 2 1 1 615 887 72
1560 2 2 1 1 553 874 711
1561 2 2 1 1 851 898 511
1562 2 2 1 1 23 881 211
1563 2 2 1 1 861 906 584
1564 2 2 1 1 864 925 226
1565 2 2 1 1 694 882 696
1566 2 2 1 1 605 877 594
1567 2 2 1 1 578 872 595
1568 2 2 1 1 698 879 233
1569 2 2 1 1 242 870 656
1570 2 2 1 1 363 869 360
1571 2 2 1 1 595 876 577
1572 2 2 1 1 754 872 578
1573 2 2 1 1 28 871 29
1574 2 2 1 1 72 887 71
1575 2 2 1 1 241 873 646
1576 2 2 1 1 228 885 617
1577 2 2 1 1 209 901 862
1578 2 2 1 1 842 896 545
1579 2 2 1 1 728 874 215
1580 2 2 1 1 29 871 226
1581 2 2 1 1 2 892 244
1582 2 2 1 1 70 876 69
1583 2 2 1 1 41 906 861
1584 2 2 1 1 808 900 586
1585 2 2 1 1 773 875 550
1586 2 2 1 1 858 910 246
1587 2 2 1 1 237 878 724
1588 2 2 1 1 75 880 74
1589 2 2 1 1 551 879 552
1590 2 2 1 1 617 885 248
1591 2 2 1 1 839 893 31
1592 2 2 1 1 591 881 606
1593 2 2 1 1 635 899 244
1594 2 2 1 1 818 878 601
1595 2 2 1 1 853 905 703
1596 2 2 1 1 874 926 711
1597 2 2 1 1 837 867 521
1598 2 2 1 1 544 896 648
1599 2 2 1 1 391 882 788
1600 2 2 1 1 93 883 94
1601 2 2 1 1 77 884 76
1602 2 2 1 1 615 924 856
1603 2 2 1 1 92 897 832
1604 2 2 1 1 650 900 736
1605 2 2 1 1 614 887 615
1606 2 2 1 1 728 926 874
1607 2 2 1 1 510 896 544
1608 2 2 1 1 586 900 849
1609 2 2 1 1 550 888 534
1610 2 2 1 1 846 921 237
1611 2 2 1 1 703 890 229
1612 2 2 1 1 539 889 541
1613 2 2 1 1 17 885 228
1614 2 2 1 1 535 891 760
1615 2 2 1 1 863 909 695
1616 2 2 1 1 18 892 2
1617 2 2 1 1 31 893 32
1618 2 2 1 1 116 894 117
1619 2 2 1 1 114 895 115
1620 2 2 1 1 532 894 116
1621 2 2 1 1 115 895 532
1622 2 2 1 1 117 894 231
1623 2 2 1 1 711 926 851
1624 2 2 1 1 244 895 114
1625 2 2 1 1 686 903 218
1626 2 2 1 1 686 904 903
1627 2 2 1 1 511 898 580
1628 2 2 1 1 249 897 113
1629 2 2 1 1 684 904 686
1630 2 2 1 1 736 900 808
1631 2 2 1 1 456 902 457
1632 2 2 1 1 788 909 570
1633 2 2 1 1 598 908 605
1634 2 2 1 1 40 906 41
1635 2 2 1 1 832 897 249
1636 2 2 1 1 475 905 480
1637 2 2 1 1 247 916 665
1638 2 2 1 1 667 913 208
1639 2 2 1 1 556 901 557
1640 2 2 1 1 208 913 912
1641 2 2 1 1 366 907 761
1642 2 2 1 1 208 912 720
1643 2 2 1 1 562 910 579
1644 2 2 1 1 565 919 566
1645 2 2 1 1 862 901 556
1646 2 2 1 1 464 911 463
1647 2 2 1 1 426 914 432
1648 2 2 1 1 216 924 73
1649 2 2 1 1 601 921 600
1650 2 2 1 1 111 915 112
1651 2 2 1 1 107 920 108
1652 2 2 1 1 106 922 107
1653 2 2 1 1 107 922 920
1654 2 2 1 1 727 917 236
1655 2 2 1 1 239 926 728
1656 2 2 1 1 480 905 853
1657 2 2 1 1 579 910 858
1658 2 2 1 1 568 918 789
1659 2 2 1 1 849 900 650
1660 2 2 1 1 878 921 601
1661 2 2 1 1 856 924 216
1662 2 2 1 1 600 921 846
1663 2 2 1 1 665 916 893
1664 2 2 1 1 226 925 4
1665 2 2 1 1 648 896 842
1666 2 2 1 1 237 921 878
1667 2 2 1 1 236 917 877
1668 2 2 1 1 851 926 239
1669 2 2 1 1 570 909 863
1670 2 2 1 1 868 907 366
1671 2 2 1 1 244 923 895
1672 2 2 1 1 899 923 244
1673 2 2 1 1 633 923 899
1674 2 2 1 1 895 923 532
1675 2 2 2 2 118 25 3
1676 2 2 2 2 933 992 950
1677 2 2 2 2 950 976 933
1678 2 2 2 2 976 987 933
1679 2 2 2 2 952 987 976
1680 2 2 2 2 934 987 952
1681 2 2 2 2 952 981 934
1682 2 2 2 2 981 994 934
1683 2 2 2 2 954 994 981
1684 2 2 2 2 935 994 954
1685 2 2 2 2 954 979 935
1686 2 2 2 2 979 997 935
1687 2 2 2 2 955 997 979
1688 2 2 2 2 936 997 955
1689 2 2 2 2 955 978 936
1690 2 2 2 2 978 986 936
1691 2 2 2 2 956 986 978
1692 2 2 2 2 956 980 937
1693 2 2 2 2 937 986 956
1694 2 2 2 2 980 995 937
1695 2 2 2 2 957 995 980
1696 2 2 2 2 957 977 938
1697 2 2 2 2 938 995 957
1698 2 2 2 2 977 991 938
1699 2 2 2 2 958 991 977
1700 2 2 2 2 931 961 960
1701 2 2 2 2 958 984 939
1702 2 2 2 2 939 991 958
1703 2 2 2 2 959 996 984
1704 2 2 2 2 984 996 939
1705 2 2 2 2 959 974 940
1706 2 2 2 2 940 996 959
1707 2 2 2 2 28 960 929
1708 2 2 2 2 962 989 974
1709 2 2 2 2 974 989 940
1710 2 2 2 2 962 983 941
1711 2 2 2 2 960 961 929
1712 2 2 2 2 941 989 962
1713 2 2 2 2 963 990 983
1714 2 2 2 2 983 990 941
1715 2 2 2 2 963 982 942
1716 2 2 2 2 942 990 963
1717 2 2 2 2 964 988 982
1718 2 2 2 2 982 988 942
1719 2 2 2 2 964 975 943
1720 2 2 2 2 943 988 964
1721 2 2 2 2 965 993 975
1722 2 2 2 2 967 972 945
1723 2 2 2 2 975 993 943
1724 2 2 2 2 961 1010 929
1725 2 2 2 2 30 1017 970
1726 2 2 2 2 965 985 944
1727 2 2 2 2 944 993 965
1728 2 2 2 2 967 998 985
1729 2 2 2 2 985 998 944
1730 2 2 2 2 945 998 967
1731 2 2 2 2 1005 1010 961
1732 2 2 2 2 945 1017 30
1733 2 2 2 2 12 160 159
1734 2 2 2 2 966 1010 971
1735 2 2 2 2 971 1010 948
1736 2 2 2 2 25 1003 24
1737 2 2 2 2 949 969 22
1738 2 2 2 2 57 968 932
1739 2 2 2 2 30 970 6
1740 2 2 2 2 966 971 930
1741 2 2 2 2 960 1015 931
1742 2 2 2 2 29 960 28
1743 2 2 2 2 26 966 930
1744 2 2 2 2 929 966 27
1745 2 2 2 2 22 969 4
1746 2 2 2 2 5 968 57
1747 2 2 2 2 931 1016 961
1748 2 2 2 2 951 1003 119
1749 2 2 2 2 946 972 157
1750 2 2 2 2 130 947 11
1751 2 2 2 2 158 946 157
1752 2 2 2 2 23 949 22
1753 2 2 2 2 950 973 131
1754 2 2 2 2 160 1004 159
1755 2 2 2 2 949 1006 969
1756 2 2 2 2 156 972 967
1757 2 2 2 2 157 972 156
1758 2 2 2 2 951 1011 1003
1759 2 2 2 2 125 931 124
1760 2 2 2 2 128 948 127
1761 2 2 2 2 161 1004 160
1762 2 2 2 2 965 975 153
1763 2 2 2 2 146 974 959
1764 2 2 2 2 956 978 139
1765 2 2 2 2 136 979 954
1766 2 2 2 2 142 977 957
1767 2 2 2 2 132 976 950
1768 2 2 2 2 140 980 956
1769 2 2 2 2 964 982 151
1770 2 2 2 2 967 985 155
1771 2 2 2 2 954 981 135
1772 2 2 2 2 148 983 962
1773 2 2 2 2 959 984 145
1774 2 2 2 2 962 974 147
1775 2 2 2 2 957 980 141
1776 2 2 2 2 952 976 133
1777 2 2 2 2 152 975 964
1778 2 2 2 2 150 982 963
1779 2 2 2 2 958 977 143
1780 2 2 2 2 963 983 149
1781 2 2 2 2 138 978 955
1782 2 2 2 2 955 979 137
1783 2 2 2 2 134 981 952
1784 2 2 2 2 144 984 958
1785 2 2 2 2 154 985 965
1786 2 2 2 2 148 962 147
1787 2 2 2 2 142 957 141
1788 2 2 2 2 140 956 139
1789 2 2 2 2 150 963 149
1790 2 2 2 2 146 959 145
1791 2 2 2 2 156 967 155
1792 2 2 2 2 144 958 143
1793 2 2 2 2 152 964 151
1794 2 2 2 2 132 950 131
1795 2 2 2 2 136 954 135
1796 2 2 2 2 138 955 137
1797 2 2 2 2 154 965 153
1798 2 2 2 2 134 952 133
1799 2 2 2 2 130 973 947
1800 2 2 2 2 131 973 130
1801 2 2 2 2 153 975 152
1802 2 2 2 2 139 978 138
1803 2 2 2 2 137 979 136
1804 2 2 2 2 143 977 142
1805 2 2 2 2 147 974 146
1806 2 2 2 2 133 976 132
1807 2 2 2 2 155 985 154
1808 2 2 2 2 151 982 150
1809 2 2 2 2 145 984 144
1810 2 2 2 2 141 980 140
1811 2 2 2 2 135 981 134
1812 2 2 2 2 149 983 148
1813 2 2 2 2 48 986 47
1814 2 2 2 2 54 987 53
1815 2 2 2 2 37 942 36
1816 2 2 2 2 49 936 48
1817 2 2 2 2 39 941 38
1818 2 2 2 2 35 943 34
1819 2 2 2 2 47 937 46
1820 2 2 2 2 55 933 54
1821 2 2 2 2 57 932 56
1822 2 2 2 2 53 934 52
1823 2 2 2 2 31 945 30
1824 2 2 2 2 33 944 32
1825 2 2 2 2 56 992 55
1826 2 2 2 2 45 938 44
1827 2 2 2 2 44 991 43
1828 2 2 2 2 43 939 42
1829 2 2 2 2 41 940 40
1830 2 2 2 2 51 935 50
1831 2 2 2 2 46 995 45
1832 2 2 2 2 36 988 35
1833 2 2 2 2 52 994 51
1834 2 2 2 2 42 996 41
1835 2 2 2 2 50 997 49
1836 2 2 2 2 34 993 33
1837 2 2 2 2 40 989 39
1838 2 2 2 2 32 998 31
1839 2 2 2 2 38 990 37
1840 2 2 2 2 968 1013 932
1841 2 2 2 2 936 986 48
1842 2 2 2 2 47 986 937
1843 2 2 2 2 43 991 939
1844 2 2 2 2 37 990 942
1845 2 2 2 2 53 987 934
1846 2 2 2 2 33 993 944
1847 2 2 2 2 933 987 54
1848 2 2 2 2 939 996 42
1849 2 2 2 2 932 992 56
1850 2 2 2 2 55 992 933
1851 2 2 2 2 45 995 938
1852 2 2 2 2 940 989 40
1853 2 2 2 2 51 994 935
1854 2 2 2 2 942 988 36
1855 2 2 2 2 938 991 44
1856 2 2 2 2 935 997 50
1857 2 2 2 2 937 995 46
1858 2 2 2 2 35 988 943
1859 2 2 2 2 934 994 52
1860 2 2 2 2 49 997 936
1861 2 2 2 2 31 998 945
1862 2 2 2 2 943 993 34
1863 2 2 2 2 39 989 941
1864 2 2 2 2 41 996 940
1865 2 2 2 2 944 998 32
1866 2 2 2 2 941 990 38
1867 2 2 2 2 971 1014 930
1868 2 2 2 2 158 1004 946
1869 2 2 2 2 124 1000 10
1870 2 2 2 2 10 927 123
1871 2 2 2 2 4 953 29
1872 2 2 2 2 26 930 5
1873 2 2 2 2 28 929 27
1874 2 2 2 2 27 966 26
1875 2 2 2 2 953 960 29
1876 2 2 2 2 123 999 122
1877 2 2 2 2 4 969 953
1878 2 2 2 2 24 1002 23
1879 2 2 2 2 122 928 121
1880 2 2 2 2 927 999 123
1881 2 2 2 2 6 970 162
1882 2 2 2 2 10 1000 927
1883 2 2 2 2 930 968 5
1884 2 2 2 2 946 1007 970
1885 2 2 2 2 159 1004 158
1886 2 2 2 2 120 951 119
1887 2 2 2 2 122 999 928
1888 2 2 2 2 11 1001 129
1889 2 2 2 2 121 1008 9
1890 2 2 2 2 1001 1014 971
1891 2 2 2 2 9 1008 120
1892 2 2 2 2 947 1001 11
1893 2 2 2 2 931 1000 124
1894 2 2 2 2 929 1010 966
1895 2 2 2 2 970 1017 946
1896 2 2 2 2 953 1015 960
1897 2 2 2 2 23 1002 949
1898 2 2 2 2 1004 1007 946
1899 2 2 2 2 119 1003 118
1900 2 2 2 2 948 1018 971
1901 2 2 2 2 970 1007 162
1902 2 2 2 2 127 1005 126
1903 2 2 2 2 968 1014 1013
1904 2 2 2 2 24 1011 1002
1905 2 2 2 2 1013 1014 947
1906 2 2 2 2 946 1017 972
1907 2 2 2 2 125 1016 931
1908 2 2 2 2 128 1018 948
1909 2 2 2 2 1001 1018 129
1910 2 2 2 2 120 1008 951
1911 2 2 2 2 971 1018 1001
1912 2 2 2 2 948 1005 127
1913 2 2 2 2 118 1003 25
1914 2 2 2 2 972 1017 945
1915 2 2 2 2 1002 1012 949
1916 2 2 2 2 1005 1016 126
1917 2 2 2 2 969 1009 953
1918 2 2 2 2 961 1016 1005
1919 2 2 2 2 1002 1019 1012
1920 2 2 2 2 948 1010 1005
1921 2 2 2 2 162 1007 161
1922 2 2 2 2 932 1013 973
1923 2 2 2 2 927 1006 999
1924 2 2 2 2 1008 1019 951
1925 2 2 2 2 950 1020 973
1926 2 2 2 2 1003 1011 24
1927 2 2 2 2 973 1013 947
1928 2 2 2 2 928 1008 121
1929 2 2 2 2 973 1020 932
1930 2 2 2 2 927 1009 1006
1931 2 2 2 2 949 1012 1006
1932 2 2 2 2 1000 1009 927
1933 2 2 2 2 992 1020 950
1934 2 2 2 2 126 1016 125
1935 2 2 2 2 129 1018 128
1936 2 2 2 2 932 1020 992
1937 2 2 2 2 1006 1012 999
1938 2 2 2 2 947 1014 1001
1939 2 2 2 2 161 1007 1004
1940 2 2 2 2 1006 1009 969
1941 2 2 2 2 1002 1011 951
1942 2 2 2 2 999 1012 928
1943 2 2 2 2 928 1019 1008
1944 2 2 2 2 930 1014 968
1945 2 2 2 2 1009 1015 953
1946 2 2 2 2 951 1019 1002
1947 2 2 2 2 931 1015 1000
1948 2 2 2 2 1000 1015 1009
1949 2 2 2 2 1012 1019 928
1950 2 2 2 3 1027 1086 1061
1951 2 2 2 3 173 1087 172
1952 2 2 2 3 1071 1083 1026
1953 2 2 2 3 1068 1087 173
1954 2 2 2 3 1061 1086 1039
1955 2 2 2 3 1044 1083 1071
1956 2 2 2 3 194 1051 193
1957 2 2 2 3 1 17 166
1958 2 2 2 3 1051 1093 193
1959 2 2 2 3 1052 1053 1035
1960 2 2 2 3 190 1054 16
1961 2 2 2 3 1026 1053 94
1962 2 2 2 3 16 1054 1035
1963 2 2 2 3 13 1021 197
1964 2 2 2 3 1035 1054 1052
1965 2 2 2 3 114 1049 1036
1966 2 2 2 3 1023 1048 1034
1967 2 2 2 3 1053 1088 1035
1968 2 2 2 3 1034 1047 1022
1969 2 2 2 3 1047 1093 1051
1970 2 2 2 3 1026 1055 1053
1971 2 2 2 3 1022 1081 1049
1972 2 2 2 3 1022 1049 115
1973 2 2 2 3 1023 1034 117
1974 2 2 2 3 116 1034 1022
1975 2 2 2 3 1049 1079 1036
1976 2 2 2 3 94 1053 93
1977 2 2 2 3 1052 1054 1023
1978 2 2 2 3 93 1052 8
1979 2 2 2 3 93 1053 1052
1980 2 2 2 3 13 1050 1021
1981 2 2 2 3 1077 1089 18
1982 2 2 2 3 18 1056 17
1983 2 2 2 3 2 1077 18
1984 2 2 2 3 1026 1083 1055
1985 2 2 2 3 172 1087 1029
1986 2 2 2 3 1068 1086 1027
1987 2 2 2 3 190 1090 1054
1988 2 2 2 3 1051 1081 1022
1989 2 2 2 3 1049 1081 1079
1990 2 2 2 3 1047 1051 1022
1991 2 2 2 3 1023 1054 1048
1992 2 2 2 3 164 1082 14
1993 2 2 2 3 196 1024 195
1994 2 2 2 3 16 1035 189
1995 2 2 2 3 1025 1075 1074
1996 2 2 2 3 114 1036 2
1997 2 2 2 3 1079 1081 1024
1998 2 2 2 3 1077 1085 1078
1999 2 2 2 3 99 1060 1042
2000 2 2 2 3 183 1070 1041
2001 2 2 2 3 105 1058 1038
2002 2 2 2 3 181 1065 1046
2003 2 2 2 3 103 1073 1032
2004 2 2 2 3 179 1069 1045
2005 2 2 2 3 111 1064 110
2006 2 2 2 3 1067 1068 1027
2007 2 2 2 3 100 1060 99
2008 2 2 2 3 176 1062 175
2009 2 2 2 3 186 1059 185
2010 2 2 2 3 97 1037 96
2011 2 2 2 3 99 1042 98
2012 2 2 2 3 1030 1060 100
2013 2 2 2 3 112 1040 111
2014 2 2 2 3 175 1039 174
2015 2 2 2 3 105 1038 104
2016 2 2 2 3 106 1058 105
2017 2 2 2 3 107 1043 106
2018 2 2 2 3 183 1041 182
2019 2 2 2 3 187 1044 186
2020 2 2 2 3 103 1032 102
2021 2 2 2 3 179 1045 178
2022 2 2 2 3 180 1069 179
2023 2 2 2 3 181 1046 180
2024 2 2 2 3 1031 1062 176
2025 2 2 2 3 1029 1063 171
2026 2 2 2 3 95 1071 1026
2027 2 2 2 3 109 1067 1027
2028 2 2 2 3 185 1059 1028
2029 2 2 2 3 1064 1067 110
2030 2 2 2 3 177 1057 1031
2031 2 2 2 3 185 1028 184
2032 2 2 2 3 97 1066 1037
2033 2 2 2 3 107 1061 1043
2034 2 2 2 3 1027 1061 108
2035 2 2 2 3 175 1062 1039
2036 2 2 2 3 96 1071 95
2037 2 2 2 3 101 1030 100
2038 2 2 2 3 108 1061 107
2039 2 2 2 3 177 1031 176
2040 2 2 2 3 184 1070 183
2041 2 2 2 3 1040 1064 111
2042 2 2 2 3 178 1057 177
2043 2 2 2 3 109 1027 108
2044 2 2 2 3 172 1029 171
2045 2 2 2 3 1044 1059 186
2046 2 2 2 3 98 1066 97
2047 2 2 2 3 1043 1058 106
2048 2 2 2 3 1045 1057 178
2049 2 2 2 3 1041 1065 182
2050 2 2 2 3 171 1063 170
2051 2 2 2 3 182 1065 181
2052 2 2 2 3 104 1073 103
2053 2 2 2 3 1038 1073 104
2054 2 2 2 3 110 1067 109
2055 2 2 2 3 1032 1072 102
2056 2 2 2 3 95 1026 94
2057 2 2 2 3 1046 1069 180
2058 2 2 2 3 1028 1070 184
2059 2 2 2 3 1037 1071 96
2060 2 2 2 3 1042 1066 98
2061 2 2 2 3 102 1072 101
2062 2 2 2 3 101 1072 1030
2063 2 2 2 3 166 1056 165
2064 2 2 2 3 1055 1088 1053
2065 2 2 2 3 165 1033 164
2066 2 2 2 3 194 1084 1051
2067 2 2 2 3 8 1023 117
2068 2 2 2 3 115 1049 114
2069 2 2 2 3 116 1022 115
2070 2 2 2 3 117 1034 116
2071 2 2 2 3 1036 1085 1077
2072 2 2 2 3 113 1074 112
2073 2 2 2 3 170 1075 169
2074 2 2 2 3 8 1052 1023
2075 2 2 2 3 168 1025 167
2076 2 2 2 3 165 1089 1033
2077 2 2 2 3 1056 1089 165
2078 2 2 2 3 188 1088 1055
2079 2 2 2 3 1055 1083 188
2080 2 2 2 3 1075 1109 1074
2081 2 2 2 3 112 1074 1040
2082 2 2 2 3 1063 1075 170
2083 2 2 2 3 173 1086 1068
2084 2 2 2 3 1029 1087 1064
2085 2 2 2 3 189 1088 188
2086 2 2 2 3 188 1083 187
2087 2 2 2 3 174 1086 173
2088 2 2 2 3 1064 1087 1067
2089 2 2 2 3 196 1076 1024
2090 2 2 2 3 1036 1077 2
2091 2 2 2 3 7 1092 113
2092 2 2 2 3 169 1091 15
2093 2 2 2 3 197 1076 196
2094 2 2 2 3 1021 1085 1076
2095 2 2 2 3 15 1091 168
2096 2 2 2 3 167 1092 7
2097 2 2 2 3 1093 1094 1080
2098 2 2 2 3 163 1050 13
2099 2 2 2 3 1021 1076 197
2100 2 2 2 3 1047 1094 1093
2101 2 2 2 3 1076 1085 1079
2102 2 2 2 3 1024 1084 195
2103 2 2 2 3 1077 1078 1033
2104 2 2 2 3 1054 1090 1048
2105 2 2 2 3 17 1056 166
2106 2 2 2 3 1050 1078 1021
2107 2 2 2 3 113 1092 1074
2108 2 2 2 3 1075 1091 169
2109 2 2 2 3 192 1080 191
2110 2 2 2 3 1048 1094 1034
2111 2 2 2 3 1034 1094 1047
2112 2 2 2 3 1076 1079 1024
2113 2 2 2 3 187 1083 1044
2114 2 2 2 3 1035 1088 189
2115 2 2 2 3 195 1084 194
2116 2 2 2 3 1074 1092 1025
2117 2 2 2 3 1025 1091 1075
2118 2 2 2 3 1039 1107 1061
2119 2 2 2 3 1071 1106 1044
2120 2 2 2 3 1064 1101 1029
2121 2 2 2 3 1067 1087 1068
2122 2 2 2 3 1039 1086 174
2123 2 2 2 3 14 1082 163
2124 2 2 2 3 1033 1108 164
2125 2 2 2 3 191 1090 190
2126 2 2 2 3 193 1093 192
2127 2 2 2 3 1079 1085 1036
2128 2 2 2 3 1057 1103 1102
2129 2 2 2 3 1102 1103 1038
2130 2 2 2 3 1058 1102 1038
2131 2 2 2 3 1059 1106 1100
2132 2 2 2 3 1043 1107 1095
2133 2 2 2 3 1060 1098 1097
2134 2 2 2 3 1073 1103 1096
2135 2 2 2 3 1097 1098 1041
2136 2 2 2 3 1031 1095 1062
2137 2 2 2 3 1100 1106 1037
2138 2 2 2 3 1060 1097 1042
2139 2 2 2 3 1045 1103 1057
2140 2 2 2 3 1095 1107 1062
2141 2 2 2 3 1073 1096 1032
2142 2 2 2 3 1029 1101 1063
2143 2 2 2 3 1096 1103 1045
2144 2 2 2 3 1032 1104 1072
2145 2 2 2 3 1096 1104 1032
2146 2 2 2 3 1059 1100 1028
2147 2 2 2 3 1030 1098 1060
2148 2 2 2 3 1070 1097 1041
2149 2 2 2 3 1042 1105 1066
2150 2 2 2 3 1057 1102 1031
2151 2 2 2 3 1037 1106 1071
2152 2 2 2 3 1044 1106 1059
2153 2 2 2 3 1062 1107 1039
2154 2 2 2 3 1041 1098 1065
2155 2 2 2 3 1065 1099 1046
2156 2 2 2 3 1069 1096 1045
2157 2 2 2 3 1061 1107 1043
2158 2 2 2 3 1043 1095 1058
2159 2 2 2 3 1098 1099 1065
2160 2 2 2 3 1070 1105 1097
2161 2 2 2 3 1046 1104 1069
2162 2 2 2 3 1066 1105 1100
2163 2 2 2 3 1099 1104 1046
2164 2 2 2 3 1030 1099 1098
2165 2 2 2 3 1072 1104 1099
2166 2 2 2 3 1028 1105 1070
2167 2 2 2 3 1069 1104 1096
2168 2 2 2 3 1100 1105 1028
2169 2 2 2 3 1040 1101 1064
2170 2 2 2 3 1066 1100 1037
2171 2 2 2 3 1097 1105 1042
2172 2 2 2 3 1038 1103 1073
2173 2 2 2 3 1072 1099 1030
2174 2 2 2 3 1095 1102 1058
2175 2 2 2 3 1031 1102 1095
2176 2 2 2 3 1040 1109 1101
2177 2 2 2 3 1101 1109 1063
2178 2 2 2 3 1081 1084 1024
2179 2 2 2 3 163 1082 1050
2180 2 2 2 3 1048 1090 1080
2181 2 2 2 3 18 1089 1056
2182 2 2 2 3 168 1091 1025
2183 2 2 2 3 1025 1092 167
2184 2 2 2 3 1080 1090 191
2185 2 2 2 3 1033 1089 1077
2186 2 2 2 3 192 1093 1080
2187 2 2 2 3 1074 1109 1040
2188 2 2 2 3 1063 1109 1075
2189 2 2 2 3 1050 1108 1078
2190 2 2 2 3 1078 1085 1021
2191 2 2 2 3 1051 1084 1081
2192 2 2 2 3 1078 1108 1033
2193 2 2 2 3 1080 1094 1048
2194 2 2 2 3 164 1108 1082
2195 2 2 2 3 1082 1108 1050
2196 2 2 3 4 199 1115 1110
2197 2 2 3 4 1114 1123 1110
2198 2 2 3 4 1110 1118 1114
2199 2 2 3 4 201 164 14
2200 2 2 3 4 120 206 9
2201 2 2 3 4 120 1122 206
2202 2 2 3 4 201 1116 164
2203 2 2 3 4 1115 1118 1110
2204 2 2 3 4 3 1117 118
2205 2 2 3 4 200 1115 199
2206 2 2 3 4 118 1117 1112
2207 2 2 3 4 1 1113 200
2208 2 2 3 4 1113 1115 200
2209 2 2 3 4 1110 1123 1117
2210 2 2 3 4 1111 1118 1115
2211 2 2 3 4 1120 1124 1121
2212 2 2 3 4 1120 1121 1116
2213 2 2 3 4 198 1117 3
2214 2 2 3 4 1118 1125 1114
2215 2 2 3 4 203 1111 202
2216 2 2 3 4 205 1114 204
2217 2 2 3 4 199 1110 198
2218 2 2 3 4 1110 1117 198
2219 2 2 3 4 206 1122 1119
2220 2 2 3 4 205 1119 1114
2221 2 2 3 4 201 1120 1116
2222 2 2 3 4 166 1113 1
2223 2 2 3 4 118 1112 119
2224 2 2 3 4 1115 1124 1111
2225 2 2 3 4 164 1116 165
2226 2 2 3 4 202 1120 201
2227 2 2 3 4 1111 1125 1118
2228 2 2 3 4 203 1125 1111
2229 2 2 3 4 1114 1125 204
2230 2 2 3 4 1113 1124 1115
2231 2 2 3 4 206 1119 205
2232 2 2 3 4 1119 1123 1114
2233 2 2 3 4 1111 1120 202
2234 2 2 3 4 1117 1123 1112
2235 2 2 3 4 119 1122 120
2236 2 2 3 4 1121 1124 1113
2237 2 2 3 4 165 1121 166
2238 2 2 3 4 1112 1123 1119
2239 2 2 3 4 166 1121 1113
2240 2 2 3 4 1112 1122 119
2241 2 2 3 4 1119 1122 1112
2242 2 2 3 4 204 1125 203
2243 2 2 3 4 1116 1121 165
2244 2 2 3 4 1111 1124 1120
2245 2 2 3 5 200 1127 19
2246 2 2 3 5 21 1126 198
2247 2 2 3 5 199 1126 20
2248 2 2 3 5 20 1127 199
2249 2 2 3 5 19 1127 20
2250 2 2 3 5 20 1126 21
2251 2 2 3 5 198 1126 199
2252 2 2 3 5 199 1127 200
2253 2 2 3 5 19 1 200
2254 2 2 3 5 198 3 21
$EndElements
