$MeshFormat
2.2 0 8
$EndMeshFormat
$PhysicalNames
7
0 6 "separation-inf"
0 7 "separation-sup"
1 4 "pressure"
1 5 "fixed"
2 1 "body"
2 2 "cover"
2 3 "scar"
$EndPhysicalNames
$Nodes
1093
1 0.6754664043757063 0.4998629534754574 0
2 0.6341241040120201 0.4976962953229444 0
3 0.5542337412316541 0.4935094188235094 0
4 0.4727903172005901 0.4892411498328348 0
5 0.3657340441691846 0.4358648610726302 0
6 0 0 0
7 0.06527036446661391 -1.301042606982605e-16 0
8 0.4040362663251333 0.4037254805883031 0
9 0.4754071150127369 0.4393096730951061 0
10 0.6780832021878531 0.4499314767377288 0
11 0.7306999999999999 0.4 0
12 0.7306999999999998 0 0
13 0.7806999999999999 0 0
14 0.7806999999999999 0.4 0
15 0.661685637587811 0.4991407340912863 0
16 0.6479048707999155 0.4984185147071153 0
17 0.6310765989729136 0.4801574215050333 7.350273797461208e-20
18 0.62072105326709 0.4656776954059886 1.3244739972934e-19
19 0.6051085137390567 0.4571250188022116 1.651592119115334e-19
20 0.5873312342526698 0.4561933510626364 1.651592119115333e-19
21 0.57091022370752 0.4630672204445261 1.324473997293393e-19
22 0.5590978632469221 0.4763851758100336 7.350273797461209e-20
23 0.5379450564254414 0.4926557650253745 0
24 0.5216563716192286 0.4918021112272396 0
25 0.5053676868130158 0.4909484574291047 0
26 0.4890790020068029 0.4900948036309697 0
27 0.4553304392647099 0.4872959338991283 0
28 0.4382177408617575 0.4833226788186971 0
29 0.4216869558889431 0.4773758855023666 0
30 0.4059648361705108 0.4695371257711422 0
31 0.3912670411160414 0.4599139234402445 0
32 0.3777951795327663 0.4486382794211359 0
33 0.3539361717766302 0.4218047042638357 0
34 0.3421382993840759 0.4077445474550412 0
35 0.3303404269915215 0.3936843906462466 0
36 0.3185425545989671 0.3796242338374521 0
37 0.3067446822064128 0.3655640770286576 0
38 0.2949468098138585 0.351503920219863 0
39 0.2831489374213041 0.3374437634110685 0
40 0.2713510650287497 0.3233836066022739 0
41 0.2595531926361954 0.3093234497934794 0
42 0.247755320243641 0.2952632929846847 0
43 0.2359574478510866 0.2812031361758902 0
44 0.2241595754585322 0.2671429793670956 0
45 0.2123617030659778 0.2530828225583009 0
46 0.2005638306734234 0.2390226657495064 0
47 0.188765958280869 0.2249625089407118 0
48 0.1769680858883146 0.2109023521319172 0
49 0.1651702134957603 0.1968421953231227 0
50 0.153372341103206 0.1827820385143283 0
51 0.1415744687106517 0.1687218817055337 0
52 0.1297765963180974 0.1546617248967392 0
53 0.1179787239255431 0.1406015680879448 0
54 0.1061808515329888 0.1265414112791503 0
55 0.09438297914043453 0.1124812544703558 0
56 0.08258510674788017 0.09842109766156132 0
57 0.07078723435532586 0.0843609408527668 0
58 0.05898936196277155 0.07030078404397233 0
59 0.04719148957021724 0.05624062723517786 0
60 0.03539361717766293 0.04218047042638334 0
61 0.02359574478510867 0.02812031361758888 0
62 0.01179787239255431 0.01406015680879436 0
63 0.0163175911166535 0 0
64 0.03263518223330703 0 0
65 0.04895277334996048 0 0
66 0.07695194728932159 0.0139215682961481 0
67 0.08863353011202912 0.02784313659229654 0
68 0.1003151129347367 0.04176470488844486 0
69 0.1119966957574442 0.05568627318459324 0
70 0.1236782785801517 0.06960784148074162 0
71 0.1353598614028593 0.08352940977689 0
72 0.1470414442255668 0.09745097807303832 0
73 0.1587230270482744 0.1113725463691868 0
74 0.1704046098709819 0.1252941146653351 0
75 0.1820861926936895 0.1392156829614835 0
76 0.1937677755163971 0.1531372512576319 0
77 0.2054493583391046 0.1670588195537803 0
78 0.2171309411618121 0.1809803878499286 0
79 0.2288125239845197 0.194901956146077 0
80 0.2404941068072272 0.2088235244422254 0
81 0.2521756896299348 0.2227450927383737 0
82 0.2638572724526423 0.2366666610345221 0
83 0.2755388552753499 0.2505882293306705 0
84 0.2872204380980575 0.264509797626819 0
85 0.2989020209207651 0.2784313659229674 0
86 0.3105836037434727 0.2923529342191159 0
87 0.3222651865661804 0.3062745025152643 0
88 0.333946769388888 0.3201960708114128 0
89 0.3456283522115955 0.3341176391075612 0
90 0.3573099350343032 0.3480392074037096 0
91 0.3689915178570107 0.361960775699858 0
92 0.3806731006797182 0.3758823439960064 0
93 0.3923546835024258 0.3898039122921548 0
94 0.4155632889104461 0.4153738503531371 0
95 0.4288380096997182 0.4249831456356997 0
96 0.4435039270820078 0.4322953023077403 0
97 0.459167177920325 0.4371139474530656 0
98 0.4938322138468384 0.4402752916080718 0
99 0.51225731268094 0.4412409101210375 0
100 0.5306824115150415 0.4422065286340032 0
101 0.549107510349143 0.4431721471469689 0
102 0.5675326091832444 0.4441377656599346 0
103 0.5859577080173459 0.4451033841729003 0
104 0.6043828068514474 0.446069002685866 0
105 0.6228079056855489 0.4470346211988317 0
106 0.6412330045196503 0.4480002397117974 0
107 0.6596581033537516 0.4489658582247631 0
108 0.6941459910307635 0.4481581283398828 0
109 0.7088041688926067 0.441354028713728 0
110 0.7205264959012098 0.4302299557431187 0
111 0.7280884205004792 0.4159479654649035 0
112 0.7306999999999999 0.3818181818181818 0
113 0.7306999999999999 0.3636363636363637 0
114 0.7306999999999999 0.3454545454545456 0
115 0.7306999999999999 0.3272727272727274 0
116 0.7306999999999999 0.3090909090909092 0
117 0.7306999999999999 0.290909090909091 0
118 0.7306999999999999 0.2727272727272728 0
119 0.7306999999999999 0.2545454545454546 0
120 0.7306999999999999 0.2363636363636365 0
121 0.7306999999999999 0.2181818181818183 0
122 0.7306999999999999 0.2000000000000001 0
123 0.7306999999999999 0.1818181818181819 0
124 0.7306999999999999 0.1636363636363637 0
125 0.7306999999999999 0.1454545454545455 0
126 0.7306999999999999 0.1272727272727273 0
127 0.7306999999999999 0.1090909090909091 0
128 0.7306999999999999 0.09090909090909099 0
129 0.7306999999999999 0.07272727272727275 0
130 0.7306999999999999 0.05454545454545456 0
131 0.7306999999999999 0.03636363636363638 0
132 0.7306999999999999 0.01818181818181819 0
133 0.7473666666666665 0 0
134 0.7640333333333333 0 0
135 0.7806999999999999 0.01818181818181816 0
136 0.7806999999999999 0.03636363636363633 0
137 0.7806999999999999 0.05454545454545447 0
138 0.7806999999999999 0.07272727272727263 0
139 0.7806999999999999 0.09090909090909081 0
140 0.7806999999999999 0.109090909090909 0
141 0.7806999999999999 0.1272727272727272 0
142 0.7806999999999999 0.1454545454545454 0
143 0.7806999999999999 0.1636363636363636 0
144 0.7806999999999999 0.1818181818181818 0
145 0.7806999999999999 0.2 0
146 0.7806999999999999 0.2181818181818181 0
147 0.7806999999999999 0.2363636363636363 0
148 0.7806999999999999 0.2545454545454545 0
149 0.7806999999999999 0.2727272727272727 0
150 0.7806999999999999 0.2909090909090909 0
151 0.7806999999999999 0.309090909090909 0
152 0.7806999999999999 0.3272727272727273 0
153 0.7806999999999999 0.3454545454545455 0
154 0.7806999999999999 0.3636363636363636 0
155 0.7806999999999999 0.3818181818181818 0
156 0.7790780848522558 0.4179374585937456 0
157 0.7742649515839531 0.4352930564713867 0
158 0.7664167300702113 0.4515038074910052 0
159 0.7557880032981501 0.4660438623999005 0
160 0.7427235491268263 0.4784415664919572 0
161 0.7276471562785896 0.4882947592858924 0
162 0.7110478773521176 0.4952838199287833 0
163 0.6934641647860601 0.499182035154126 0
164 0.6181460314559469 0.4968589200230574 0
165 0.6021679588998737 0.4960215447231704 0
166 0.5861898863438005 0.4951841694232834 0
167 0.5702118137877275 0.4943467941233964 0
168 0.08375452100920794 0 0
169 0.102238677551802 0 0
170 0.120722834094396 0 0
171 0.13920699063699 0 0
172 0.157691147179584 0 0
173 0.176175303722178 0 0
174 0.194659460264772 0 0
175 0.213143616807366 0 0
176 0.2316277733499601 0 0
177 0.2501119298925542 0 0
178 0.2685960864351482 0 0
179 0.2870802429777423 0 0
180 0.3055643995203364 0 0
181 0.3240485560629304 0 0
182 0.3425327126055245 0 0
183 0.3610168691481186 0 0
184 0.3795010256907126 0 0
185 0.3979851822333066 0 0
186 0.4164693387759007 0 0
187 0.4349534953184948 0 0
188 0.4534376518610889 0 0
189 0.4719218084036829 0 0
190 0.490405964946277 0 0
191 0.5088901214888711 0 0
192 0.5273742780314651 0 0
193 0.5458584345740591 0 0
194 0.5643425911166533 0 0
195 0.5828267476592474 0 0
196 0.6013109042018414 0 0
197 0.6197950607444355 0 0
198 0.6382792172870295 0 0
199 0.6567633738296236 0 0
200 0.6752475303722176 0 0
201 0.6937316869148117 0 0
202 0.7122158434574057 0 0
203 0.6692014813155562 0.4875673496614256 0
204 0.4814332464948342 0.4762574640011231 0
205 0.6875201669811811 0.4643593939460648 0
206 0.7256203249054061 0.4473306444149724 0
207 0.4306209803620016 0.439940674514275 0
208 0.4009962701898639 0.4192821626681777 0
209 0.7425632177211687 0.4121663975801894 0
210 0.5130880228209738 0.4752670259890267 0
211 0.7556999999999999 0.01443375672974062 0
212 0.4466612330973119 0.4722734823863764 0
213 0.7471191771193572 0.3567832218143903 0
214 0.7457158425377117 0.2984222507192653 0
215 0.765544963890186 0.04551076034490542 0
216 0.7460454100068556 0.2461482429324227 0
217 0.7653545899931441 0.1538517570675773 0
218 0.7457158425377117 0.1166040689010833 0
219 0.7649540835675557 0.08181818181818168 0
220 0.7464459164324443 0.2090909090909092 0
221 0.3744574602860875 0.3929596756249573 0
222 0.3510942946406724 0.3651165390326605 0
223 0.3277311289952571 0.3372734024403636 0
224 0.304367963349842 0.3094302658480668 0
225 0.2810047977044269 0.2815871292557701 0
226 0.2576416320590114 0.2537439926634728 0
227 0.2342784664135966 0.2259008560711762 0
228 0.2109153007681814 0.1980577194788794 0
229 0.1875521351227665 0.1702145828865829 0
230 0.1641889694773511 0.1423714462942858 0
231 0.140825803831936 0.114528309701989 0
232 0.1174626381865209 0.08668517310969237 0
233 0.09409947254110562 0.05884203651739534 0
234 0.07085695086488719 0.03429751723518337 0
235 0.7073676030878153 0.4574504329283521 0
236 0.7366760245983811 0.4296377794084809 0
237 0.7650282073810991 0.3909090909090909 0
238 0.6694079474307735 0.463678892762323 0
239 0.538575584851808 0.4598739335657396 0
240 0.65296674810885 0.4638322778260568 0
241 0.04220092769268269 0.02503024612361027 0
242 0.3711715940570379 0.4195198798813063 0
243 0.4034618474632066 0.4531485332797789 0
244 0.7465082041551803 0.1733355103242183 0
245 0.7648917958448196 0.2824264194151273 0
246 0.7644641848423276 0.3348996212377661 0
247 0.7464459164324443 0.06363636363636388 0
248 0.7649540835675556 0.1909090909090909 0
249 0.7648917958448196 0.2266644896757818 0
250 0.3484158161654076 0.3904972118480849 0
251 0.3248200713802987 0.3623768982304956 0
252 0.4650124367290244 0.450223356724779 0
253 0.7238850420072864 0.4635448596255299 0
254 0.7007979989404564 0.4728031404059948 0
255 0.3012243265951901 0.3342565846129066 0
256 0.7420282955600258 0.4465507099891298 0
257 0.2776285818100813 0.3061362709953175 0
258 0.2540328370249724 0.2780159573777281 0
259 0.5018149998602461 0.4576942717975146 0
260 0.2304370922398638 0.2498956437601389 0
261 0.7523043329507345 0.4247016239386877 0
262 0.2068413474547549 0.2217753301425498 0
263 0.1832456026696466 0.1936550165249613 0
264 0.4476446064431591 0.446070861516402 0
265 0.1596498578845374 0.1655347029073716 0
266 0.4331174147977761 0.458263435580093 0
267 0.1360541130994291 0.1374143892897829 0
268 0.1124583683143207 0.1092940756721942 0
269 0.08886262352921148 0.08117376205460469 0
270 0.4151023004369875 0.4300563707795429 0
271 0.06499968311753235 0.05198589084953836 0
272 0.6880541534908535 0.4780642815194509 0
273 0.4831017831928573 0.4526815320082295 0
274 0.3889901711884431 0.4053902569144763 0
275 0.05542801983562951 0.01285459774075043 0
276 0.7460196705522604 0.3943343404587424 0
277 0.7498996321624447 0.3755671700662913 0
278 0.3973699617387969 0.4366003693821576 0
279 0.7618248152689803 0.40914346560542 0
280 0.7621897997991209 0.3643025797316298 0
281 0.5211597219377611 0.4590675322328684 0
282 0.0531734661410912 0.03946056939370923 0
283 0.3602747267841401 0.4049041653879324 0
284 0.7636485662628067 0.1184260583380068 0
285 0.1714243280847288 0.1795863420147291 0
286 0.100558261071936 0.09479285301944557 0
287 0.33659454158049 0.3764285373378533 0
288 0.2658350339678831 0.2921006399303319 0
289 0.2186158176549464 0.2358269692499071 0
290 0.2894030520102728 0.3201879101026746 0
291 0.242211562440055 0.263947282867497 0
292 0.3130265235380996 0.3483412671655102 0
293 0.1241338251042585 0.1228891161524022 0
294 0.1478285832996201 0.151466028397141 0
295 0.195047799612556 0.2077396990775644 0
296 0.07687705282155965 0.06618193172106562 0
297 0.7458550361098141 0.04551076034490564 0
298 0.7649540835675559 0.06363636363636355 0
299 0.7644776934400896 0.1725061333713692 0
300 0.7639423668783292 0.1371101808472959 0
301 0.7492081671351111 0.1454545454545456 0
302 0.7640115522373179 0.3187592696981141 0
303 0.7494522985674942 0.3270954145508125 0
304 0.7630238267844814 0.300462924903689 0
305 0.7459786589359243 0.2630582824047993 0
306 0.7621918328648886 0.2545454545454545 0
307 0.7476392988042589 0.281002499277808 0
308 0.7649540835675556 0.2090909090909091 0
309 0.7456129633454356 0.09990416974728289 0
310 0.7469223065599101 0.2274938666286309 0
311 0.7464459164324442 0.1909090909090909 0
312 0.7464459164324438 0.0818181818181819 0
313 0.7649540835675555 0.09999999999999976 0
314 0.4976761528451119 0.4762788661347426 0
315 0.269323214881719 0.2676655609596216 0
316 0.3394127118179648 0.3511949707365121 0
317 0.1758705523000594 0.156293014590433 0
318 0.1292490651284365 0.1010725461942601 0
319 0.2225968835908892 0.2119792877750279 0
320 0.3627758774633799 0.3790381073288088 0
321 0.1525073866546459 0.128449877998137 0
322 0.1058665942661593 0.07320640254041133 0
323 0.3160495461725502 0.323351834144215 0
324 0.2459600492363043 0.2398224243673245 0
325 0.1992337179454741 0.1841361511827301 0
326 0.292686380527135 0.2955086975519177 0
327 0.08252626251444173 0.04588921043863126 0
328 0.5295676238188091 0.4764306658365153 0
329 0.6547081566129771 0.4877173568862746 0
330 0.4638025397033528 0.4745261021566899 0
331 0.7647064992764012 0.02739873203223897 0
332 0.7465672902027597 0.02725939090211665 0
333 0.637317149470003 0.4647514530660856 0
334 0.3815961427817777 0.434722213522788 0
335 0.7400546442905171 0.4625467444964676 0
336 0.02696553458129969 0.01344891024500749 0
337 0.5550341294327131 0.4610923116010077 0
338 0.5959126632649069 0.4514136618167071 0
339 0.5767713116894168 0.4519748207429589 0
340 0.6619091078337248 0.4759661554978432 0
341 0.4185214910300588 0.4614445005169984 0
342 0.6454300834947428 0.4769766029640431 0
343 0.7146494912454545 0.4806313041750933 0
344 0.5455248051935342 0.4775892351680243 0
345 0.760171766846876 0.4373467335285162 0
346 0.04123648753857589 0.01026675082187367 0
347 0.4895687418213948 0.4651374848500606 0
348 0.6426487627785138 0.4881932382770822 0
349 0.7651507421054983 0.350814375855913 0
350 0.6973741301423396 0.4862382009133159 0
351 0.682988551747055 0.4880246082595237 0
352 0.7478247757872541 0.1590398092181033 0
353 0.7636835977416485 0.2680508971526527 0
354 0.7635752242127456 0.2409601907818968 0
355 0.7450550054369269 0.3404895940859928 0
356 0.7452368571998848 0.132026124558203 0
357 0.7448822092709338 0.3138888586524433 0
358 0.4726827107924911 0.463073179164841 0
359 0.7675999571596406 0.3764795116352432 0
360 0.4166112733285076 0.4458848972797607 0
361 0.6749287105870828 0.4769839615491808 0
362 0.7662886612188214 0.4244293885075183 0
363 0.7687905039668983 0.01236905823236278 0
364 0.7426094960331016 0.01236905823236278 0
365 0.4332101836854282 0.471293212422939 0
366 0.4545821650183175 0.4593719621405697 0
367 0.7288087094696111 0.4747023870567018 0
368 0.3753726817894818 0.4067618914479237 0
369 0.385916136957567 0.4203794623028049 0
370 0.7530284480924377 0.4522964334865144 0
371 0.05839812842356396 0.0270286644923618 0
372 0.3904224630027326 0.4472372584443203 0
373 0.7124083996457968 0.4686011279965922 0
374 0.747576103994921 0.4354916930002457 0
375 0.3614809701747538 0.3918497900474459 0
376 0.7556999999999998 0.05456408718923478 0
377 0.7556999999999998 0.0909090909090905 0
378 0.7556999999999999 0.2000000000000001 0
379 0.7553176909928179 0.2905785235789724 0
380 0.7556999999999999 0.1818181818181819 0
381 0.7556999999999998 0.2181818181818183 0
382 0.7556999999999996 0.07272727272727331 0
383 0.7555506588772132 0.1080699200468084 0
384 0.7557000000000011 0.03655797443011305 0
385 0.5949910942086913 0.4801057000105701 0
386 0.5777997168113361 0.4799790708383547 0
387 0.612101531794677 0.481776752787009 0
388 0.5956787104006794 0.4669852014625481 0
389 0.6057201806820389 0.4703340736936655 0
390 0.5853421958761793 0.469266108763727 0
391 0.5181317129866028 0.01564087451850488 0
392 0.7141492064777983 0.2278781822108791 0
393 0.3746378798112069 0.3454367449906738 0
394 0.4446995934936007 0.01706715823878141 0
395 0.3285768516888198 0.2869953551078179 0
396 0.5218689133486881 0.4243828386394359 0
397 0.7154249217162673 0.1552584051740552 0
398 0.2803193130936348 0.233242248512912 0
399 0.7153729484926317 0.2995151893349079 0
400 0.3702711806855858 0.0160062219093085 0
401 0.5920563585032628 0.01599863382015415 0
402 0.5957586306550001 0.4295388797898623 0
403 0.2343172910948846 0.1783785078305933 0
404 0.4069064108421344 0.3858864234599538 0
405 0.3154031316543983 0.0149652196374811 0
406 0.7151230465456609 0.0992698456449872 0
407 0.2608943825298373 0.01940757401207743 0
408 0.7156105433095427 0.3560312053636202 0
409 0.2004077027634109 0.1340851520229819 0
410 0.4710385058856028 0.426295572983499 0
411 0.6471467210291334 0.01577693487148518 0
412 0.6512842273514963 0.4325840194443493 0
413 0.2037975389104157 0.01608480067097179 0
414 0.1653588549562214 0.09428588965570694 0
415 0.7160149874226985 0.3903388465761499 0
416 0.5551044179532111 0.015467803568392 0
417 0.5591563099287865 0.4276983527458808 0
418 0.4080993716730446 0.01668280566505598 0
419 0.4811575719026291 0.01600485859611289 0
420 0.3051371295747565 0.2650222006226535 0
421 0.3518439926052263 0.3170403074786102 0
422 0.7133468485938728 0.2619339275934379 0
423 0.717308880460119 0.1911356903822964 0
424 0.2582021044492658 0.2047748026324022 0
425 0.7149540835675555 0.06363636363636371 0
426 0.1668997558641011 0.01598830788370231 0
427 0.6964365765151267 0.4334740025484756 0
428 0.6849922849041411 0.01423617962990387 0
429 0.1439163341447535 0.0676981890372671 0
430 0.4293755986352136 0.4088244956425779 0
431 0.1299660266475212 0.0149127301555414 0
432 0.7164336111832417 0.02751208395361743 0
433 0.711314185759239 0.41633070649485 0
434 0.1175289188976459 0.03918414106933665 0
435 0.6687149242231727 0.4340731974371922 0
436 0.6612722417438637 0.4174351724017877 0
437 0.6430479591955227 0.4161585824214311 0
438 0.653277631497569 0.4009693880688874 0
439 0.6347095758726258 0.3998032307782303 0
440 0.6452164071690665 0.384438573211939 0
441 0.6266133955649891 0.3833297310298497 0
442 0.6371042504023093 0.3679984230087994 0
443 0.6186104239492084 0.3668410468421227 0
444 0.6290509094587113 0.351549503563119 0
445 0.6105869707621439 0.350388711404254 0
446 0.6210101492954511 0.3351162849088583 0
447 0.6027737501419907 0.3338486934047568 0
448 0.6130299731790818 0.3186678124399327 0
449 0.5948046473787814 0.3174092231769962 0
450 0.6049923071894902 0.3022545142943962 0
451 0.5867915463509366 0.3010022591236641 0
452 0.5969721143255367 0.2858535965835933 0
453 0.5787864351479034 0.284607881263223 0
454 0.5889741362142247 0.2694671870160767 0
455 0.5707771989762184 0.2682146499142181 0
456 0.5809749190480126 0.2530654514888685 0
457 0.5627493370794675 0.2518131174151222 0
458 0.5729672456677739 0.2366565855999203 0
459 0.5547244437458309 0.2354041102057597 0
460 0.5649441097772633 0.2202412188323849 0
461 0.5467018583160644 0.218985106530365 0
462 0.5364878767722465 0.2341487692793826 0
463 0.5284617808732804 0.217728318368675 0
464 0.5569236582022733 0.2038216557157331 0
465 0.5182541623149602 0.2328919334223431 0
466 0.5102230966862424 0.2164671420572678 0
467 0.5686205816366813 0.2997512534199903 0
468 0.5000197349359923 0.2316315133428676 0
469 0.4920272194603079 0.2151854307423656 0
470 0.5022043036428423 0.2000296141120163 0
471 0.4839943023502259 0.1987483144231871 0
472 0.4941745935500135 0.1835830406107181 0
473 0.4759042256011801 0.1823259181291833 0
474 0.4656729163727718 0.1975272416773822 0
475 0.457626554014883 0.1810790086027497 0
476 0.4473603463222683 0.1962406632700966 0
477 0.4393512806819061 0.1798227181995641 0
478 0.4861204696864719 0.1671303076253117 0
479 0.5751641547431859 0.2050797146525104 0
480 0.5671424010650652 0.1886456286527007 0
481 0.4291409423722622 0.1950205735964987 0
482 0.4210943666220351 0.1785782881269706 0
483 0.4313139488351966 0.1633767215384361 0
484 0.413035139713331 0.1621280313257044 0
485 0.437135043872601 0.211417150522093 0
486 0.5853904850059922 0.1898954756124046 0
487 0.5773583001010897 0.1734618982459268 0
488 0.4232650127836151 0.1469147117337825 0
489 0.4049704565959765 0.145664994680787 0
490 0.3947551515147279 0.1608837260322905 0
491 0.3866817368094698 0.1444216520121728 0
492 0.5956165808396614 0.1747151897057226 0
493 0.5875814959599073 0.1582786719115248 0
494 0.4189386835433594 0.2102041623963749 0
495 0.4269697636234038 0.226615915394651 0
496 0.3764666010329201 0.159634784723662 0
497 0.3683973131874022 0.1431783323849502 0
498 0.5992488663684132 0.2543075495521463 0
499 0.6058409822597659 0.1595455455280141 0
500 0.5978106993756606 0.1430904772450728 0
501 0.5795353584197865 0.1418236955538872 0
502 0.4151957934060567 0.1304400214089546 0
503 0.5080807166764392 0.2480922099577821 0
504 0.3581844302787427 0.1583866390793342 0
505 0.3501161787769276 0.1419349514306727 0
506 0.3603237888646836 0.1267229649422854 0
507 0.3420418688389644 0.125477008477946 0
508 0.6139038760364317 0.1759695675097901 0
509 0.589772513446149 0.126624901908622 0
510 0.5715295061098981 0.1253876119560645 0
511 0.6080560309012024 0.1278892698537456 0
512 0.4087517920405413 0.2253766572880777 0
513 0.4167778510633073 0.2417790892833424 0
514 0.592427817301998 0.3490466363537861 0
515 0.3318472568990442 0.1407066844190029 0
516 0.3237547893445024 0.1242405414258031 0
517 0.6232488215480347 0.3034057102208965 0
518 0.3339708346673889 0.1090096062907414 0
519 0.3156684215848738 0.1077792051813143 0
520 0.6000148920512423 0.1114213992201068 0
521 0.618305389910479 0.1126863005060268 0
522 0.4335097140695321 0.1316955579603906 0
523 0.4254327952910063 0.1152042821906516 0
524 0.4437626884190581 0.1164639984540737 0
525 0.3054513215401264 0.1230144304370872 0
526 0.2973691871935328 0.1065535191322224 0
527 0.3985456071962135 0.2405311665709676 0
528 0.4065858441492256 0.2569279291249774 0
529 0.4249108177286153 0.2581172752548014 0
530 0.4146309686681114 0.2732834218024811 0
531 0.4329134431400917 0.2744771708964988 0
532 0.6102450860891037 0.09643906158087912 0
533 0.6285458668241559 0.09753460639467798 0
534 0.6365894534085744 0.1139617873900975 0
535 0.4226697030771009 0.2895999695620235 0
536 0.4407466515095012 0.2908475768789661 0
537 0.430644753459446 0.3058810363634702 0
538 0.4486399897702432 0.3070976817078216 0
539 0.4356861999913871 0.09995956582386567 0
540 0.4540215931478333 0.101220014146076 0
541 0.4173468554041576 0.09870269207554144 0
542 0.3662465409321898 0.1748310514471519 0
543 0.6394092602734784 0.3362070580564867 0
544 0.3479843514437914 0.1735859943329039 0
545 0.3560297483160126 0.1900074246002708 0
546 0.2871630831659528 0.1217783858218226 0
547 0.2790650372644657 0.1053285976803794 0
548 0.2952767902204081 0.1382348398352046 0
549 0.5920787257794903 0.0955953731550474 0
550 0.559111426222189 0.1722057611941638 0
551 0.2892826201674087 0.09009494302650156 0
552 0.2709654810876704 0.08887016497511879 0
553 0.3258882137735917 0.09253366323234796 0
554 0.344209467910103 0.09376911858340947 0
555 0.4385794552881906 0.3221094898472303 0
556 0.4565177174072754 0.3233873827027751 0
557 0.4668233160672266 0.3084946928577554 0
558 0.4745047987892349 0.3246422161691789 0
559 0.4644702308742422 0.3398415578890909 0
560 0.4823946211681651 0.3410375955871858 0
561 0.4927774019703111 0.3261501886855946 0
562 0.5004293731574474 0.3423436082551084 0
563 0.4901328256430179 0.357261655809078 0
564 0.508201641596417 0.358672251101157 0
565 0.646820500728028 0.09878783492556387 0
566 0.3377927338211402 0.1887676445209722 0
567 0.3458294936392116 0.2051714762041175 0
568 0.621113945846369 0.08086338063886161 0
569 0.6548509383969683 0.1152257278663132 0
570 0.2688385854576117 0.1205472430909608 0
571 0.4276070009530205 0.08344470587054004 0
572 0.4088175611320189 0.08189281287094885 0
573 0.3883119645121779 0.2556737193272013 0
574 0.5185372645828888 0.3437861194287634 0
575 0.5263085337045565 0.3601556010799438 0
576 0.3361197860558596 0.07727433902301417 0
577 0.2811905063109921 0.07361845199332617 0
578 0.2628716331338543 0.07239792816736906 0
579 0.2526368941671572 0.08764956384056272 0
580 0.2445550463925669 0.07118242810909126 0
581 0.2343424293316432 0.08643159218284968 0
582 0.2261777121286861 0.07106606975639906 0
583 0.4513003995932348 0.2758401176872394 0
584 0.4979209772974452 0.3735138671695384 0
585 0.4801167126154459 0.3721896724863681 0
586 0.654987255873599 0.3687810455935016 0
587 0.6078572270073321 0.3822282307671348 0
588 0.4044393536909955 0.2884203561981266 0
589 0.5366945217480554 0.3451825555412005 0
590 0.5445089560472007 0.3616497108092052 0
591 0.5292445420856289 0.328725963431923 0
592 0.4819246670421677 0.2303834330048727 0
593 0.644624021422577 0.130393594493163 0
594 0.5525795307994574 0.2669762211795062 0
595 0.593459101673423 0.2062879460888248 0
596 0.4620827123110818 0.1177211205571382 0
597 0.4723591240678462 0.1024839010477245 0
598 0.4642888773814008 0.08596575719508892 0
599 0.4826352683376186 0.08722880949750611 0
600 0.4906922998285192 0.103742448495344 0
601 0.5009811919745466 0.0884981781549673 0
602 0.5090003687799884 0.1050090937794574 0
603 0.5193191389462597 0.08977024149355362 0
604 0.5044024467727148 0.1683920055742897 0
605 0.3544410684872037 0.07852338654445568 0
606 0.4937075251286727 0.0725121348554375 0
607 0.6628627101950162 0.1316643212892591 0
608 0.6526569646030936 0.1468137150704827 0
609 0.3276061734386475 0.2039290050570745 0
610 0.3195699500318299 0.1875353223923508 0
611 0.3356392801493034 0.2203211054331524 0
612 0.3459582305152993 0.06219821672546533 0
613 0.3631917598189104 0.06342689370429411 0
614 0.4190064346779039 0.06657035988302412 0
615 0.2160451458755739 0.08538720296786989 0
616 0.2079565079994137 0.06876241754426238 0
617 0.6650723397015643 0.1000640893104117 0
618 0.6570524338417663 0.08361475969271875 0
619 0.3279228617876496 0.06130473935455477 0
620 0.420663502802374 0.3208349514473955 0
621 0.4287355304596758 0.3371700223367923 0
622 0.5340788001431707 0.3765608527190252 0
623 0.5523251804822903 0.3781442862085766 0
624 0.353893447929733 0.2215689129349211 0
625 0.3436682646873483 0.2367052285326042 0
626 0.3743538104735525 0.1912671682912522 0
627 0.4963577021845897 0.1519301066729777 0
628 0.5146431689942486 0.1531886222535594 0
629 0.3989506037880441 0.09741650648179201 0
630 0.5272824893793515 0.106277628105843 0
631 0.5376535559222744 0.09101760692063637 0
632 0.5295962593965494 0.07451384311101761 0
633 0.5483112998479582 0.07581223640271156 0
634 0.6717866579793741 0.4034327716998293 0
635 0.2345058660005466 0.05481355580364256 0
636 0.6708792573875885 0.148077772247426 0
637 0.6606793240888781 0.1632168117198772 0
638 0.6810785036856387 0.1329416235465803 0
639 0.5399378344217499 0.05925890162323322 0
640 0.5598960918340833 0.06112298489332363 0
641 0.6752997696442686 0.08490122849682269 0
642 0.6672937008069031 0.06844328501989572 0
643 0.2241283544003734 0.1016714109364976 0
644 0.2730966722315193 0.05713021225914111 0
645 0.6788860677506056 0.1644699592732499 0
646 0.6686936546218786 0.1796051453712653 0
647 0.4878151896234865 0.3882087514721716 0
648 0.4701567051817768 0.38680045831649 0
649 0.2058833240002532 0.1004566069613958 0
650 0.3093917836198374 0.2026903601903246 0
651 0.3013628272224675 0.1863087214253296 0
652 0.3357300526781889 0.04671434509284939 0
653 0.5552888086698466 0.3464878766317316 0
654 0.4624835338172691 0.3709794180955753 0
655 0.5418698122941439 0.393335620154424 0
656 0.5601616005635202 0.3947211428940991 0
657 0.5705880544770752 0.3796370534861481 0
658 0.5784401211518856 0.3961967576145953 0
659 0.5055477548150382 0.3896910586590068 0
660 0.6504658026894874 0.1783822270139664 0
661 0.6585065647881281 0.1947468105132289 0
662 0.6766991322922835 0.1959909588899514 0
663 0.6665204758186659 0.2111176032541413 0
664 0.6483319732669719 0.2098741139459294 0
665 0.6563461987225921 0.2262466430075242 0
666 0.6381579546738687 0.2249995680656504 0
667 0.6461782234695351 0.241375873570026 0
668 0.6643614820470406 0.242622255489345 0
669 0.654188978664311 0.2577526642033928 0
670 0.6729139004212773 0.2587336812402551 0
671 0.6622923969297473 0.2740792350503941 0
672 0.6810301509089378 0.2750525391653744 0
673 0.6703367189209627 0.2904316786657662 0
674 0.6439478876478693 0.2728869758537932 0
675 0.4453862416755319 0.227754837669329 0
676 0.3905229685362094 0.2241205423556405 0
677 0.3115284131354042 0.1711443232862002 0
678 0.2932734072550303 0.1699133119277248 0
679 0.5612782963544871 0.1405685694886842 0
680 0.4377904752163224 0.06811911646497854 0
681 0.4293385420293325 0.05173972326220533 0
682 0.4489655096616612 0.05073955985387879 0
683 0.4092150215450059 0.04954188741689014 0
684 0.5215304547708792 0.05797839735703159 0
685 0.4780935504035729 0.1506791263774994 0
686 0.6490249147820658 0.06715130771365163 0
687 0.6598135151185764 0.05116232502528628 0
688 0.6430571999017458 0.04886020323042911 0
689 0.6776527533293234 0.05312236301949735 0
690 0.6301347961776372 0.2086460373552625 0
691 0.6199182845068114 0.2238254392630725 0
692 0.5226722813087813 0.1696660859529849 0
693 0.291421057297056 0.05835243011972852 0
694 0.2832760877299876 0.04264155456407065 0
695 0.3624999678860469 0.09502933708371675 0
696 0.5562725355828891 0.09246336395710586 0
697 0.4107448509689906 0.3357453356654027 0
698 0.4026586681222231 0.319678611812816 0
699 0.4189980749097779 0.3520779871260178 0
700 0.6825421982768618 0.2438775991516696 0
701 0.4955160585994633 0.4042983312833588 0
702 0.4528353411195971 0.3853930690344506 0
703 0.3257445645866734 0.2353161193507269 0
704 0.333628760877514 0.2523049701761066 0
705 0.3516942512939755 0.2531593352773627 0
706 0.6847012799292101 0.212363366454316 0
707 0.6829222158068504 0.1015506158481193 0
708 0.2919766541536865 0.2010754082022319 0
709 0.445041500502702 0.3697386917172544 0
710 0.6245535882623987 0.414957306929883 0
711 0.6241380448592618 0.1607765901506881 0
712 0.3011360087362132 0.04405576728912397 0
713 0.5066379606290327 0.1367215640928796 0
714 0.5248846513019132 0.1379862277315731 0
715 0.3902209224126196 0.08077748089034242 0
716 0.5533354044662663 0.124101567670646 0
717 0.5330481586899614 0.04326623387639583 0
718 0.5145083605516548 0.04210980849428914 0
719 0.6916786009004339 0.08718720134033209 0
720 0.6879740026450794 0.2913064261387001 0
721 0.6781804206733806 0.3067836087547001 0
722 0.6600440738579948 0.3056077312807093 0
723 0.6680482730083673 0.3219787417927451 0
724 0.6862396742479585 0.3232264146305458 0
725 0.6760730293610928 0.3383710449452717 0
726 0.4008741675490762 0.3498497154482206 0
727 0.436494315125029 0.3835870657438952 0
728 0.4605548655085555 0.4001156615333747 0
729 0.2631833280034824 0.04046156670965112 0
730 0.6695471703960899 0.03676023080255125 0
731 0.2904305263691943 0.02910074388508166 0
732 0.6946647186405462 0.338267654883473 0
733 0.6847881372194112 0.3555667223012874 0
734 0.702635587086981 0.3244677101820398 0
735 0.3413365744188008 0.268551535958686 0
736 0.3597033075623569 0.2695246204358954 0
737 0.6864794977358556 0.03912806261143509 0
738 0.4190915132499007 0.03435274523591125 0
739 0.2996387550010448 0.2176218509768456 0
740 0.2133918520703165 0.117185289677182 0
741 0.2320883298137158 0.118116752934156 0
742 0.2213072396006462 0.1339023470846546 0
743 0.240139438332589 0.1345826136932311 0
744 0.2303367775120169 0.1494579897997214 0
745 0.2485171903033138 0.1504464222626251 0
746 0.3497541339921794 0.285433966080313 0
747 0.3676684080544436 0.2858072448952882 0
748 0.194526407311858 0.1142695255566187 0
749 0.1867215798873195 0.09805367639910473 0
750 0.5133323799354836 0.4061216639468487 0
751 0.4086745609592976 0.3664816613031203 0
752 0.501084811020738 0.4237612037290804 0
753 0.6976932450609153 0.05423921178389379 0
754 0.6934616184030531 0.1976665873854251 0
755 0.3229602494002579 0.2669791253915804 0
756 0.6985599623764759 0.2766175907721445 0
757 0.549857743168592 0.4099785436673152 0
758 0.428078574525759 0.3678114254011554 0
759 0.4370081041707751 0.3534451567329102 0
760 0.588997738261922 0.3810539482669494 0
761 0.5968918346957305 0.3975438773517657 0
762 0.5810047992419715 0.3645387133584388 0
763 0.5862902633659324 0.412779556616009 0
764 0.7154929965240829 0.3732634134522392 0
765 0.7005660583378658 0.382574137582895 0
766 0.7016927169659805 0.4014831437665273 0
767 0.7004621665919301 0.3655311388286133 0
768 0.6843433806602209 0.3748753412498995 0
769 0.6658866714560776 0.3535122402472763 0
770 0.6497486621413294 0.3208676834247061 0
771 0.6415988862559342 0.3045350306887683 0
772 0.4466099083438478 0.3385470498808761 0
773 0.3700094404261289 0.2544162105762255 0
774 0.3409047163493326 0.3027091360435563 0
775 0.4779921982215783 0.4015791752941274 0
776 0.6666127793218029 0.3846002127793606 0
777 0.5315906003094938 0.4091309214272814 0
778 0.6117833036165757 0.2075013460057218 0
779 0.2504561842072697 0.119323293561577 0
780 0.4723919963073094 0.3561055956526948 0
781 0.3033951347006654 0.1546901607591404 0
782 0.6322368843312076 0.1771616812185437 0
783 0.6155002211350004 0.3988859373327472 0
784 0.6343867302884979 0.1455743084997165 0
785 0.5606221980520427 0.2833742451559562 0
786 0.5424446752067188 0.2821285941464579 0
787 0.5343604249253131 0.2657230780934369 0
788 0.5242737550538026 0.2809196033799939 0
789 0.5323214904913959 0.2972049771146113 0
790 0.5141789546019578 0.2959933775040093 0
791 0.5060933434568646 0.2797153913656614 0
792 0.4958108485938256 0.2948678231657694 0
793 0.4879394152325917 0.2785761385433786 0
794 0.5038970602408978 0.3111550499796814 0
795 0.4774760890661372 0.2936149324979203 0
796 0.4695389900565037 0.2772549416443559 0
797 0.4799215160944591 0.2622788894890869 0
798 0.4618446290618895 0.2608822883046048 0
799 0.4436254739282448 0.2591949119673887 0
800 0.4535857910305984 0.2442901820001284 0
801 0.5159457261668031 0.3749632034358065 0
802 0.6328599906193877 0.4314661747394851 0
803 0.1484380984266128 0.01579933498525571 0
804 0.1576539696435102 0.03191168394915078 0
805 0.1760690829203385 0.03196314545786882 0
806 0.1668329515477924 0.04740458089919619 0
807 0.1849018547528559 0.04767227404248381 0
808 0.1739885820470725 0.06298121866022299 0
809 0.1489834178246389 0.04848764268214856 0
810 0.1944452742632209 0.03206127489793059 0
811 0.2044534220410397 0.05013227948988447 0
812 0.1361705587079751 0.03262681163166781 0
813 0.5766129323028207 0.316121857128624 0
814 0.5582395884909154 0.3148719460206087 0
815 0.5660241509500069 0.3312949157773429 0
816 0.6667906247059877 0.01793373466879572 0
817 0.4352093231749503 0.2429587019282735 0
818 0.4636995579526765 0.2291940075632979 0
819 0.5996493014386507 0.3658614977225549 0
820 0.490011080077394 0.247045179484039 0
821 0.1115122326790288 0.01420331932474 0
822 0.5262936030497121 0.2493098801734747 0
823 0.5161847042259193 0.2645438125276474 0
824 0.5445325360620046 0.2505625293911137 0
825 0.2769693785391169 0.1370319711434778 0
826 0.2851227099020578 0.1535119642158358 0
827 0.2750353701804746 0.1687858656395878 0
828 0.2668593123620263 0.1522121566342692 0
829 0.2570458246346798 0.1660875473986994 0
830 0.2632824252217746 0.1849230402305243 0
831 0.2587086894144803 0.1357684536981477 0
832 0.2607206459018515 0.1041079937017137 0
833 0.5845001326746579 0.3325506167001927 0
834 0.7016886087244896 0.212846571957719 0
835 0.5474621775370716 0.3300518321113344 0
836 0.5403772481032908 0.4260948887101476 0
837 0.6929758562927264 0.2285401641911169 0
838 0.7033072533802845 0.2441981265345891 0
839 0.6931281344533019 0.2591711046086389 0
840 0.2128487102568642 0.03241396036181793 0
841 0.2222376003169436 0.01626862109681138 0
842 0.2323606146444641 0.03507922495440696 0
843 0.2410559440848896 0.01719820330506772 0
844 0.6473867278694795 0.3525286598071327 0
845 0.6883477781395383 0.1488450033040042 0
846 0.6982161527637915 0.1337857140442782 0
847 0.6985407832216133 0.1645155374728122 0
848 0.6906717733889143 0.117950630095552 0
849 0.7109611105451306 0.1184697484914679 0
850 0.3175435264409162 0.2190125211521959 0
851 0.3072406018499906 0.2341966859050516 0
852 0.5735856838231612 0.015908304894099 0
853 0.582823349082736 0.03197025149676558 0
854 0.6012668929159545 0.03198849318404229 0
855 0.5920412024342772 0.04795050966854447 0
856 0.6101861707787685 0.04781194937878913 0
857 0.6192165851128731 0.03168140052163493 0
858 0.5989270127697204 0.06384459459261876 0
859 0.581182841360003 0.06346991143642167 0
860 0.5641470035047705 0.03165265134100093 0
861 0.1981083221129199 0.08305535897387029 0
862 0.1798692260385313 0.07955787878215992 0
863 0.6864442977371382 0.1806777283684809 0
864 0.3964124332505528 0.2720633910089834 0
865 0.3863206466261905 0.2872107370881058 0
866 0.3781200629897101 0.2708178262791162 0
867 0.3763566528925389 0.301901050991494 0
868 0.3939590938601039 0.30374179994829 0
869 0.3850574346326489 0.3177794780095695 0
870 0.3936801443026469 0.3337930673166835 0
871 0.3802514279260829 0.2392826128661039 0
872 0.3721887795907717 0.2228431883953577 0
873 0.3824249447600523 0.2076934922314587 0
874 0.6986178680981916 0.3073269144721022 0
875 0.1623310602763236 0.07581449217461006 0
876 0.3399303227356746 0.1571594352086014 0
877 0.6288751468234561 0.01590548636254724 0
878 0.6364585537349644 0.03153841544959035 0
879 0.388891641401474 0.01611378109376577 0
880 0.3795379077726545 0.03180827756178795 0
881 0.3614420772829191 0.03135395981879269 0
882 0.3518558126875198 0.01549995100313062 0
883 0.333407021853778 0.0153473141871191 0
884 0.3259851975970359 0.03064287992349568 0
885 0.3989302196978334 0.03274549079021682 0
886 0.3892219649381038 0.04816458788384415 0
887 0.3993469403563399 0.06495578045863837 0
888 0.4257114170471979 0.017012663567399 0
889 0.6851687039956817 0.07001644640920135 0
890 0.5366212253646194 0.01532454902692848 0
891 0.4108936603132105 0.1937791169348979 0
892 0.402835518819213 0.1773329753666496 0
893 0.3845556650439467 0.1760786128171158 0
894 0.2797024778610385 0.01507457933645018 0
895 0.4627661727281815 0.0161781641124944 0
896 0.4719344361678633 0.03097445912743135 0
897 0.490344652646425 0.03024449615799962 0
898 0.4791132254654656 0.0471616487428691 0
899 0.4996361417739403 0.01488894707809496 0
900 0.4534586007538082 0.03199672955988825 0
901 0.185341069324171 0.01601625481841229 0
902 0.6104201580503039 0.01592900231472982 0
903 0.550423290206175 0.2984620035823475 0
904 0.583192675455794 0.221507748813546 0
905 0.6014997614230133 0.2227245921372296 0
906 0.6098474875641527 0.2390536212928004 0
907 0.6313409587822183 0.3197999299566081 0
908 0.633350941868812 0.2881470495223106 0
909 0.6745745818478496 0.2274612719246855 0
910 0.5731275735917497 0.04762978876363366 0
911 0.5684808726707835 0.07722280278241478 0
912 0.6160977842240395 0.1443350880570975 0
913 0.3641200374515557 0.206425277109563 0
914 0.6729097468624921 0.116566167992706 0
915 0.6141708936357699 0.4304840799766552 0
916 0.4518171733249949 0.1329590753887544 0
917 0.5329071716601435 0.1544708532967177 0
918 0.3135708241650582 0.1394775550486267 0
919 0.5124343408556831 0.1848500456578816 0
920 0.5306948194859482 0.1861291676195864 0
921 0.4803744514973054 0.1189743986212778 0
922 0.4070956284633878 0.113953522018712 0
923 0.3887614305156706 0.1127168483303458 0
924 0.6263432350258951 0.1291400581333079 0
925 0.6072555049553049 0.2706503337385808 0
926 0.3624083360287081 0.3319119542077859 0
927 0.7158431859218991 0.1730303933836485 0
928 0.6424272918100711 0.1619875556122125 0
929 0.4415486127901006 0.148172918986598 0
930 0.6359255443810539 0.2565564823634086 0
931 0.3619509353090067 0.2379959147637625 0
932 0.2952942738225748 0.2467948120273524 0
933 0.2688748054289867 0.2186583637297252 0
934 0.4758458819441022 0.06797329319666184 0
935 0.4678551045722288 0.1658843013388281 0
936 0.2467097472008581 0.1917461928132748 0
937 0.59128849258786 0.2378859248140852 0
938 0.3522593541483637 0.1102554521084165 0
939 0.6519284842468868 0.2892812835102903 0
940 0.5113839692887721 0.07332936738164531 0
941 0.7164203781508273 0.08160950877026185 0
942 0.2119710676818083 0.1501954900565537 0
943 0.3177859701797924 0.07614703700965947 0
944 0.32975006672994 0.1723636685741729 0
945 0.3968863059572056 0.1291946090245573 0
946 0.4459419972544039 0.08471291000773679 0
947 0.5817291454275645 0.1101545973947579 0
948 0.3075800358927972 0.09132845353895958 0
949 0.5204404231045381 0.2012984012638771 0
950 0.2423626579682304 0.102888003176198 0
951 0.5693320561665753 0.1570208720065314 0
952 0.6577587706849708 0.3372442380456031 0
953 0.5519529103329176 0.04492025063175442 0
954 0.4495843783541432 0.1646315104865501 0
955 0.2540783715905277 0.05692257544400398 0
956 0.130379033985435 0.05221514984762587 0
957 0.3785934620095712 0.1279598473277853 0
958 0.5682872287878464 0.4114824019227806 0
959 0.5630122161484558 0.3630066691422918 0
960 0.7155597729608891 0.04544339777443374 0
961 0.638887922510627 0.08230254257264746 0
962 0.5386855784159614 0.2025654844519937 0
963 0.3926608466803296 0.1925222609984131 0
964 0.2832015054181212 0.1850993214633948 0
965 0.4006988159789504 0.2089493720341438 0
966 0.3216703363942978 0.1559236378826241 0
967 0.6402973299941014 0.1935301375317481 0
968 0.4562900503625917 0.06907745757797695 0
969 0.5041108022776462 0.05733638075628211 0
970 0.60371021764721 0.1911232466776703 0
971 0.2994858024575834 0.07486235365171146 0
972 0.6278881756193421 0.2402403016812364 0
973 0.5740269654173191 0.3477040734928036 0
974 0.4589281450688437 0.2921490254979421 0
975 0.4598312743836809 0.1494199905641341 0
976 0.5489128906384505 0.1873948751729586 0
977 0.4700888268570445 0.1341930108065745 0
978 0.412547929995418 0.3046748584298499 0
979 0.3705229154359423 0.1115100068961983 0
980 0.6323772030453373 0.06457064677834029 0
981 0.4883726455873385 0.1354527364930067 0
982 0.5409043415429176 0.1709422298135688 0
983 0.6174399142328331 0.2555457859278794 0
984 0.309574759476873 0.06032963588408219 0
985 0.4986653318262543 0.1202382232129571 0
986 0.6152902240483334 0.2869812961460903 0
987 0.551113022044763 0.1557692324900746 0
988 0.5169189030477864 0.1215213979685573 0
989 0.498038462627278 0.2633752702279326 0
990 0.3806057742050747 0.09621259772616675 0
991 0.6257243832053112 0.2716878385415498 0
992 0.5455506385378008 0.1076371902921052 0
993 0.5430779275233747 0.1393026917775795 0
994 0.3720910538775869 0.07988689443498009 0
995 0.5402127127094031 0.3134726072651742 0
996 0.622011067967194 0.1923220027164561 0
997 0.5773421834844863 0.4286765242469799 0
998 0.4546922622568887 0.3549326532959157 0
999 0.5351750023760822 0.1228044505910507 0
1000 0.6774752231368451 0.4195429635460491 0
1001 0.5236166494441907 0.3911855898861678 0
1002 0.521751781203422 0.3123767871163452 0
1003 0.4740120500142766 0.2138216199063309 0
1004 0.4555443593683544 0.2126592534347549 0
1005 0.5636902059241382 0.1089981002043732 0
1006 0.4831478328695581 0.4164218923801564 0
1007 0.6048876407553797 0.4138887631063865 0
1008 0.5108856771501864 0.3275629338381638 0
1009 0.4852149191212722 0.3098208172259833 0
1010 0.6856697218568568 0.3919226534786605 0
1011 0.715494922317466 0.2818181818181819 0
1012 0.4718312068765309 0.245678996641005 0
1013 0.5744810938856406 0.09411145122813336 0
1014 0.248750390608774 0.03153926611926633 0
1015 0.3872281975187952 0.3598464006908964 0
1016 0.7030262272274552 0.01675284724153375 0
1017 0.4427167361582123 0.4009702481174475 0
1018 0.4507795206399991 0.4149562742824835 0
1019 0.3715301649198666 0.04800238362414705 0
1020 0.09338706038860434 0.01339593230131797 0
1021 0.7132181580972801 0.3368626475664859 0
1022 0.7152191042382726 0.1375183123462356 0
1023 0.2203766808302471 0.0465066936419184 0
1024 0.2224770084694786 0.1647719497551164 0
1025 0.6033686940361092 0.08017818055165277 0
1026 0.4645806065426149 0.05532661724588406 0
1027 0.2744641872010513 0.2001069545082411 0
1028 0.3590183361269593 0.3014313253545083 0
1029 0.3809338010539046 0.06420233683270771 0
1030 0.3155746425400278 0.2500043743629441 0
1031 0.1920179364737434 0.06410350485852678 0
1032 0.4180848652806949 0.3984688777708744 0
1033 0.1758912134397194 0.1105065755367977 0
1034 0.5864198734169578 0.07907038562438146 0
1035 0.3437701018917312 0.03124456035677436 0
1036 0.4375597204315833 0.03608774235704515 0
1037 0.6993850833158798 0.1031618569654722 0
1038 0.6541321082713486 0.03221219889505955 0
1039 0.7019276660391525 0.0745996371415239 0
1040 0.353603731184486 0.04715672655372055 0
1041 0.1584336671310991 0.06071441388833421 0
1042 0.3686887493213272 0.3168676159450566 0
1043 0.7179011530013494 0.2090909090909092 0
1044 0.3182446914106952 0.04550126695774109 0
1045 0.5450377585649145 0.02951092000566585 0
1046 0.7031353803003727 0.1847309223053159 0
1047 0.3951673907004742 0.3755801483484263 0
1048 0.239664796461612 0.1640458259450932 0
1049 0.6261173288793274 0.04703808104090212 0
1050 0.670765103619713 0.368083900801153 0
1051 0.6876153494816655 0.4063108973679234 0
1052 0.7162797191275979 0.3158023651052433 0
1053 0.2848175024567461 0.2162840649745279 0
1054 0.7024949628046036 0.03558085011010348 0
1055 0.526696454821352 0.02851038060449473 0
1056 0.6155914880756268 0.06344555019929948 0
1057 0.7032653693443552 0.2907569003769364 0
1058 0.7178416855587709 0.4043253261166999 0
1059 0.307920312836096 0.02934467993760387 0
1060 0.6828784316444482 0.4371241189727036 0
1061 0.2976835152031344 0.01474753713276949 0
1062 0.7188697549712595 0.2452144025948791 0
1063 0.1498572659920082 0.08322643300023147 0
1064 0.5086833374862666 0.02786752370603363 0
1065 0.1848246406491436 0.1250560622249388 0
1066 0.4216875209828492 0.3820263887498163 0
1067 0.1046882709843212 0.02717261362705831 0
1068 0.6938371010214832 0.4196633667400923 0
1069 0.2753242025291542 0.02956570441214501 0
1070 0.706665461647442 0.4283305942487939 0
1071 0.7176864249240009 0.01305745713472861 0
1072 0.4977341593999564 0.04390224697342471 0
1073 0.3784357938902145 0.3318277984262912 0
1074 0.7028858479019517 0.1476399559985777 0
1075 0.7015591834469362 0.3513125379221101 0
1076 0.4667721502909787 0.414090724064744 0
1077 0.4896445779722798 0.05869362398307454 0
1078 0.430462905883799 0.395709590172131 0
1079 0.2484307457174313 0.1780252940728094 0
1080 0.6912709207809777 0.02675382743030991 0
1081 0.2463735840685007 0.04489869608709124 0
1082 0.2945946550227062 0.2302450092036686 0
1083 0.4385878725337969 0.4177532096133969 0
1084 0.3129009096177615 0.2783233337504555 0
1085 0.4631588297889626 0.04247636973964419 0
1086 0.1207295605421155 0.02556163872844919 0
1087 0.4582522563637826 0.4249503642183065 0
1088 0.4849823390789333 0.4302239493268435 0
1089 0.3881120656564598 0.3461287624738007 0
1090 0.7070260569182764 0.2005339916588756 0
1091 0.7051195348672794 0.08966374738296545 0
1092 0.6798160997046104 0.02696240702859914 0
1093 0.2182144068163138 0.05915656782809597 0
$EndNodes
$Elements
2186
1 15 2 6 1 1
2 15 2 7 14 14
3 1 2 4 1 1 15
4 1 2 4 1 15 16
5 1 2 4 1 16 2
6 1 2 4 3 3 23
7 1 2 4 3 23 24
8 1 2 4 3 24 25
9 1 2 4 3 25 26
10 1 2 4 3 26 4
11 1 2 4 4 4 27
12 1 2 4 4 27 28
13 1 2 4 4 28 29
14 1 2 4 4 29 30
15 1 2 4 4 30 31
16 1 2 4 4 31 32
17 1 2 4 4 32 5
18 1 2 4 5 5 33
19 1 2 4 5 33 34
20 1 2 4 5 34 35
21 1 2 4 5 35 36
22 1 2 4 5 36 37
23 1 2 4 5 37 38
24 1 2 4 5 38 39
25 1 2 4 5 39 40
26 1 2 4 5 40 41
27 1 2 4 5 41 42
28 1 2 4 5 42 43
29 1 2 4 5 43 44
30 1 2 4 5 44 45
31 1 2 4 5 45 46
32 1 2 4 5 46 47
33 1 2 4 5 47 48
34 1 2 4 5 48 49
35 1 2 4 5 49 50
36 1 2 4 5 50 51
37 1 2 4 5 51 52
38 1 2 4 5 52 53
39 1 2 4 5 53 54
40 1 2 4 5 54 55
41 1 2 4 5 55 56
42 1 2 4 5 56 57
43 1 2 4 5 57 58
44 1 2 4 5 58 59
45 1 2 4 5 59 60
46 1 2 4 5 60 61
47 1 2 4 5 61 62
48 1 2 4 5 62 6
49 1 2 5 6 6 63
50 1 2 5 6 63 64
51 1 2 5 6 64 65
52 1 2 5 6 65 7
53 1 2 5 12 12 133
54 1 2 5 12 133 134
55 1 2 5 12 134 13
56 1 2 4 13 13 135
57 1 2 4 13 135 136
58 1 2 4 13 136 137
59 1 2 4 13 137 138
60 1 2 4 13 138 139
61 1 2 4 13 139 140
62 1 2 4 13 140 141
63 1 2 4 13 141 142
64 1 2 4 13 142 143
65 1 2 4 13 143 144
66 1 2 4 13 144 145
67 1 2 4 13 145 146
68 1 2 4 13 146 147
69 1 2 4 13 147 148
70 1 2 4 13 148 149
71 1 2 4 13 149 150
72 1 2 4 13 150 151
73 1 2 4 13 151 152
74 1 2 4 13 152 153
75 1 2 4 13 153 154
76 1 2 4 13 154 155
77 1 2 4 13 155 14
78 1 2 4 14 14 156
79 1 2 4 14 156 157
80 1 2 4 14 157 158
81 1 2 4 14 158 159
82 1 2 4 14 159 160
83 1 2 4 14 160 161
84 1 2 4 14 161 162
85 1 2 4 14 162 163
86 1 2 4 14 163 1
87 1 2 4 15 2 164
88 1 2 4 15 164 165
89 1 2 4 15 165 166
90 1 2 4 15 166 167
91 1 2 4 15 167 3
92 1 2 5 16 7 168
93 1 2 5 16 168 169
94 1 2 5 16 169 170
95 1 2 5 16 170 171
96 1 2 5 16 171 172
97 1 2 5 16 172 173
98 1 2 5 16 173 174
99 1 2 5 16 174 175
100 1 2 5 16 175 176
101 1 2 5 16 176 177
102 1 2 5 16 177 178
103 1 2 5 16 178 179
104 1 2 5 16 179 180
105 1 2 5 16 180 181
106 1 2 5 16 181 182
107 1 2 5 16 182 183
108 1 2 5 16 183 184
109 1 2 5 16 184 185
110 1 2 5 16 185 186
111 1 2 5 16 186 187
112 1 2 5 16 187 188
113 1 2 5 16 188 189
114 1 2 5 16 189 190
115 1 2 5 16 190 191
116 1 2 5 16 191 192
117 1 2 5 16 192 193
118 1 2 5 16 193 194
119 1 2 5 16 194 195
120 1 2 5 16 195 196
121 1 2 5 16 196 197
122 1 2 5 16 197 198
123 1 2 5 16 198 199
124 1 2 5 16 199 200
125 1 2 5 16 200 201
126 1 2 5 16 201 202
127 1 2 5 16 202 12
128 2 2 2 1 259 281 210
129 2 2 2 1 125 352 124
130 2 2 2 1 302 357 304
131 2 2 2 1 148 354 147
132 2 2 2 1 149 353 148
133 2 2 2 1 300 356 284
134 2 2 2 1 210 314 259
135 2 2 2 1 301 352 125
136 2 2 2 1 284 356 218
137 2 2 2 1 304 357 214
138 2 2 2 1 148 353 306
139 2 2 2 1 306 354 148
140 2 2 2 1 222 320 250
141 2 2 2 1 250 287 222
142 2 2 2 1 19 105 18
143 2 2 2 1 337 344 239
144 2 2 2 1 349 355 246
145 2 2 2 1 287 316 222
146 2 2 2 1 213 355 349
147 2 2 2 1 251 316 287
148 2 2 2 1 223 316 251
149 2 2 2 1 251 292 223
150 2 2 2 1 292 323 223
151 2 2 2 1 255 323 292
152 2 2 2 1 224 323 255
153 2 2 2 1 239 328 281
154 2 2 2 1 255 290 224
155 2 2 2 1 290 326 224
156 2 2 2 1 257 326 290
157 2 2 2 1 281 328 210
158 2 2 2 1 225 326 257
159 2 2 2 1 257 288 225
160 2 2 2 1 22 344 337
161 2 2 2 1 288 315 225
162 2 2 2 1 258 315 288
163 2 2 2 1 258 291 226
164 2 2 2 1 226 315 258
165 2 2 2 1 276 277 237
166 2 2 2 1 291 324 226
167 2 2 2 1 260 324 291
168 2 2 2 1 206 335 253
169 2 2 2 1 260 289 227
170 2 2 2 1 227 324 260
171 2 2 2 1 256 335 206
172 2 2 2 1 289 319 227
173 2 2 2 1 262 319 289
174 2 2 2 1 156 279 14
175 2 2 2 1 262 295 228
176 2 2 2 1 228 319 262
177 2 2 2 1 263 325 295
178 2 2 2 1 295 325 228
179 2 2 2 1 263 285 229
180 2 2 2 1 229 325 263
181 2 2 2 1 239 344 328
182 2 2 2 1 265 317 285
183 2 2 2 1 285 317 229
184 2 2 2 1 265 294 230
185 2 2 2 1 213 277 113
186 2 2 2 1 230 317 265
187 2 2 2 1 235 254 205
188 2 2 2 1 267 321 294
189 2 2 2 1 294 321 230
190 2 2 2 1 267 293 231
191 2 2 2 1 231 321 267
192 2 2 2 1 268 318 293
193 2 2 2 1 293 318 231
194 2 2 2 1 268 286 232
195 2 2 2 1 266 366 212
196 2 2 2 1 232 318 268
197 2 2 2 1 269 322 286
198 2 2 2 1 14 279 237
199 2 2 2 1 271 282 234
200 2 2 2 1 286 322 232
201 2 2 2 1 206 253 235
202 2 2 2 1 66 371 275
203 2 2 2 1 105 333 18
204 2 2 2 1 269 296 233
205 2 2 2 1 108 235 205
206 2 2 2 1 233 322 269
207 2 2 2 1 271 327 296
208 2 2 2 1 237 279 276
209 2 2 2 1 296 327 233
210 2 2 2 1 234 327 271
211 2 2 2 1 209 261 236
212 2 2 2 1 277 359 237
213 2 2 2 1 236 256 206
214 2 2 2 1 106 333 105
215 2 2 2 1 206 235 109
216 2 2 2 1 213 280 277
217 2 2 2 1 103 339 102
218 2 2 2 1 209 236 111
219 2 2 2 1 110 236 206
220 2 2 2 1 234 371 66
221 2 2 2 1 62 6 63
222 2 2 2 1 264 366 266
223 2 2 2 1 107 240 106
224 2 2 2 1 266 360 207
225 2 2 2 1 270 360 278
226 2 2 2 1 10 238 107
227 2 2 2 1 341 360 266
228 2 2 2 1 259 273 98
229 2 2 2 1 278 360 243
230 2 2 2 1 240 333 106
231 2 2 2 1 238 240 107
232 2 2 2 1 113 277 112
233 2 2 2 1 272 361 205
234 2 2 2 1 205 361 238
235 2 2 2 1 276 279 209
236 2 2 2 1 93 274 221
237 2 2 2 1 66 275 7
238 2 2 2 1 112 276 11
239 2 2 2 1 112 277 276
240 2 2 2 1 212 365 266
241 2 2 2 1 270 278 208
242 2 2 2 1 264 266 207
243 2 2 2 1 21 339 20
244 2 2 2 1 330 366 358
245 2 2 2 1 254 272 205
246 2 2 2 1 94 270 208
247 2 2 2 1 207 270 95
248 2 2 2 1 252 264 97
249 2 2 2 1 96 264 207
250 2 2 2 1 98 273 9
251 2 2 2 1 259 347 273
252 2 2 2 1 8 274 93
253 2 2 2 1 213 349 280
254 2 2 2 1 124 352 244
255 2 2 2 1 147 354 249
256 2 2 2 1 303 357 302
257 2 2 2 1 245 353 149
258 2 2 2 1 246 355 303
259 2 2 2 1 301 356 300
260 2 2 2 1 99 281 259
261 2 2 2 1 103 338 20
262 2 2 2 1 241 282 60
263 2 2 2 1 156 362 279
264 2 2 2 1 1 351 163
265 2 2 2 1 314 347 259
266 2 2 2 1 33 242 5
267 2 2 2 1 61 241 60
268 2 2 2 1 209 279 261
269 2 2 2 1 250 283 34
270 2 2 2 1 99 259 98
271 2 2 2 1 239 281 100
272 2 2 2 1 212 366 330
273 2 2 2 1 63 336 62
274 2 2 2 1 14 237 155
275 2 2 2 1 331 332 211
276 2 2 2 1 205 238 10
277 2 2 2 1 59 282 271
278 2 2 2 1 60 282 59
279 2 2 2 1 101 239 100
280 2 2 2 1 100 281 99
281 2 2 2 1 28 212 27
282 2 2 2 1 31 243 30
283 2 2 2 1 64 336 63
284 2 2 2 1 108 205 10
285 2 2 2 1 102 339 21
286 2 2 2 1 21 337 102
287 2 2 2 1 269 286 56
288 2 2 2 1 258 288 42
289 2 2 2 1 49 285 263
290 2 2 2 1 39 290 255
291 2 2 2 1 45 289 260
292 2 2 2 1 35 287 250
293 2 2 2 1 43 291 258
294 2 2 2 1 268 293 54
295 2 2 2 1 271 296 58
296 2 2 2 1 255 292 38
297 2 2 2 1 51 294 265
298 2 2 2 1 263 295 48
299 2 2 2 1 265 285 50
300 2 2 2 1 251 287 36
301 2 2 2 1 55 286 268
302 2 2 2 1 53 293 267
303 2 2 2 1 262 289 46
304 2 2 2 1 267 294 52
305 2 2 2 1 41 288 257
306 2 2 2 1 260 291 44
307 2 2 2 1 37 292 251
308 2 2 2 1 257 290 40
309 2 2 2 1 47 295 262
310 2 2 2 1 57 296 269
311 2 2 2 1 51 265 50
312 2 2 2 1 45 260 44
313 2 2 2 1 43 258 42
314 2 2 2 1 53 267 52
315 2 2 2 1 49 263 48
316 2 2 2 1 59 271 58
317 2 2 2 1 47 262 46
318 2 2 2 1 55 268 54
319 2 2 2 1 35 250 34
320 2 2 2 1 39 255 38
321 2 2 2 1 41 257 40
322 2 2 2 1 57 269 56
323 2 2 2 1 37 251 36
324 2 2 2 1 33 283 242
325 2 2 2 1 34 283 33
326 2 2 2 1 56 286 55
327 2 2 2 1 42 288 41
328 2 2 2 1 40 290 39
329 2 2 2 1 46 289 45
330 2 2 2 1 50 285 49
331 2 2 2 1 36 287 35
332 2 2 2 1 58 296 57
333 2 2 2 1 54 293 53
334 2 2 2 1 44 291 43
335 2 2 2 1 48 295 47
336 2 2 2 1 38 292 37
337 2 2 2 1 52 294 51
338 2 2 2 1 217 300 142
339 2 2 2 1 142 300 141
340 2 2 2 1 217 301 300
341 2 2 2 1 117 307 214
342 2 2 2 1 122 311 220
343 2 2 2 1 145 308 248
344 2 2 2 1 119 305 118
345 2 2 2 1 152 302 151
346 2 2 2 1 305 307 118
347 2 2 2 1 117 214 116
348 2 2 2 1 118 307 117
349 2 2 2 1 216 305 119
350 2 2 2 1 131 297 130
351 2 2 2 1 140 313 139
352 2 2 2 1 141 284 140
353 2 2 2 1 153 246 152
354 2 2 2 1 124 244 123
355 2 2 2 1 130 247 129
356 2 2 2 1 122 220 121
357 2 2 2 1 145 248 144
358 2 2 2 1 146 308 145
359 2 2 2 1 147 249 146
360 2 2 2 1 127 309 218
361 2 2 2 1 137 298 215
362 2 2 2 1 150 304 245
363 2 2 2 1 143 299 217
364 2 2 2 1 141 300 284
365 2 2 2 1 151 304 150
366 2 2 2 1 130 297 247
367 2 2 2 1 139 313 219
368 2 2 2 1 302 304 151
369 2 2 2 1 120 216 119
370 2 2 2 1 127 218 126
371 2 2 2 1 143 217 142
372 2 2 2 1 150 245 149
373 2 2 2 1 284 313 140
374 2 2 2 1 139 219 138
375 2 2 2 1 144 299 143
376 2 2 2 1 128 309 127
377 2 2 2 1 248 299 144
378 2 2 2 1 137 215 136
379 2 2 2 1 246 303 302
380 2 2 2 1 123 311 122
381 2 2 2 1 244 311 123
382 2 2 2 1 219 298 138
383 2 2 2 1 220 310 121
384 2 2 2 1 114 213 113
385 2 2 2 1 249 308 146
386 2 2 2 1 246 302 152
387 2 2 2 1 216 306 305
388 2 2 2 1 121 310 120
389 2 2 2 1 138 298 137
390 2 2 2 1 128 312 309
391 2 2 2 1 129 312 128
392 2 2 2 1 120 310 216
393 2 2 2 1 247 312 129
394 2 2 2 1 4 204 26
395 2 2 2 1 84 315 83
396 2 2 2 1 90 316 89
397 2 2 2 1 73 231 72
398 2 2 2 1 85 225 84
399 2 2 2 1 71 232 70
400 2 2 2 1 75 230 74
401 2 2 2 1 89 223 88
402 2 2 2 1 91 222 90
403 2 2 2 1 93 221 92
404 2 2 2 1 67 234 66
405 2 2 2 1 69 233 68
406 2 2 2 1 77 229 76
407 2 2 2 1 81 227 80
408 2 2 2 1 79 228 78
409 2 2 2 1 83 226 82
410 2 2 2 1 87 224 86
411 2 2 2 1 92 320 91
412 2 2 2 1 80 319 79
413 2 2 2 1 82 324 81
414 2 2 2 1 72 318 71
415 2 2 2 1 88 323 87
416 2 2 2 1 78 325 77
417 2 2 2 1 86 326 85
418 2 2 2 1 70 322 69
419 2 2 2 1 76 317 75
420 2 2 2 1 68 327 67
421 2 2 2 1 74 321 73
422 2 2 2 1 274 368 221
423 2 2 2 1 225 315 84
424 2 2 2 1 83 315 226
425 2 2 2 1 79 319 228
426 2 2 2 1 89 316 223
427 2 2 2 1 73 321 231
428 2 2 2 1 69 322 233
429 2 2 2 1 229 317 76
430 2 2 2 1 222 316 90
431 2 2 2 1 221 320 92
432 2 2 2 1 228 325 78
433 2 2 2 1 81 324 227
434 2 2 2 1 91 320 222
435 2 2 2 1 87 323 224
436 2 2 2 1 231 318 72
437 2 2 2 1 227 319 80
438 2 2 2 1 224 326 86
439 2 2 2 1 71 318 232
440 2 2 2 1 226 324 82
441 2 2 2 1 223 323 88
442 2 2 2 1 85 326 225
443 2 2 2 1 67 327 234
444 2 2 2 1 232 322 70
445 2 2 2 1 75 317 230
446 2 2 2 1 77 325 229
447 2 2 2 1 233 327 68
448 2 2 2 1 230 321 74
449 2 2 2 1 278 369 208
450 2 2 2 1 280 359 277
451 2 2 2 1 61 336 241
452 2 2 2 1 109 235 108
453 2 2 2 1 329 342 340
454 2 2 2 1 26 314 25
455 2 2 2 1 9 252 97
456 2 2 2 1 94 208 8
457 2 2 2 1 96 207 95
458 2 2 2 1 204 314 26
459 2 2 2 1 95 270 94
460 2 2 2 1 97 264 96
461 2 2 2 1 11 209 111
462 2 2 2 1 110 206 109
463 2 2 2 1 17 348 2
464 2 2 2 1 25 210 24
465 2 2 2 1 111 236 110
466 2 2 2 1 15 203 1
467 2 2 2 1 24 328 23
468 2 2 2 1 22 337 21
469 2 2 2 1 27 330 4
470 2 2 2 1 7 275 65
471 2 2 2 1 132 332 131
472 2 2 2 1 136 331 135
473 2 2 2 1 208 274 8
474 2 2 2 1 9 273 252
475 2 2 2 1 25 314 210
476 2 2 2 1 241 346 275
477 2 2 2 1 4 330 204
478 2 2 2 1 11 276 209
479 2 2 2 1 62 336 61
480 2 2 2 1 102 337 101
481 2 2 2 1 134 211 133
482 2 2 2 1 16 329 15
483 2 2 2 1 5 334 32
484 2 2 2 1 210 328 24
485 2 2 2 1 334 369 278
486 2 2 2 1 204 358 347
487 2 2 2 1 242 334 5
488 2 2 2 1 212 330 27
489 2 2 2 1 154 359 280
490 2 2 2 1 280 349 154
491 2 2 2 1 252 366 264
492 2 2 2 1 331 384 332
493 2 2 2 1 131 332 297
494 2 2 2 1 215 331 136
495 2 2 2 1 207 360 270
496 2 2 2 1 15 329 203
497 2 2 2 1 275 371 241
498 2 2 2 1 238 340 240
499 2 2 2 1 18 333 17
500 2 2 2 1 249 354 310
501 2 2 2 1 125 356 301
502 2 2 2 1 307 353 245
503 2 2 2 1 303 355 115
504 2 2 2 1 115 357 303
505 2 2 2 1 244 352 299
506 2 2 2 1 3 344 22
507 2 2 2 1 162 350 343
508 2 2 2 1 155 359 154
509 2 2 2 1 154 349 153
510 2 2 2 1 336 346 241
511 2 2 2 1 305 353 307
512 2 2 2 1 126 356 125
513 2 2 2 1 310 354 216
514 2 2 2 1 115 355 114
515 2 2 2 1 116 357 115
516 2 2 2 1 299 352 217
517 2 2 2 1 243 372 278
518 2 2 2 1 23 344 3
519 2 2 2 1 343 373 367
520 2 2 2 1 340 342 240
521 2 2 2 1 12 364 132
522 2 2 2 1 135 363 13
523 2 2 2 1 367 373 253
524 2 2 2 1 358 366 252
525 2 2 2 1 101 337 239
526 2 2 2 1 160 335 159
527 2 2 2 1 343 350 254
528 2 2 2 1 163 351 350
529 2 2 2 1 275 346 65
530 2 2 2 1 19 338 104
531 2 2 2 1 13 363 134
532 2 2 2 1 133 364 12
533 2 2 2 1 30 341 29
534 2 2 2 1 274 369 368
535 2 2 2 1 347 358 273
536 2 2 2 1 370 374 345
537 2 2 2 1 368 369 242
538 2 2 2 1 241 371 282
539 2 2 2 1 28 365 212
540 2 2 2 1 31 372 243
541 2 2 2 1 334 372 32
542 2 2 2 1 256 374 370
543 2 2 2 1 350 351 272
544 2 2 2 1 278 372 334
545 2 2 2 1 20 339 103
546 2 2 2 1 282 371 234
547 2 2 2 1 243 341 30
548 2 2 2 1 341 365 29
549 2 2 2 1 163 350 162
550 2 2 2 1 162 343 161
551 2 2 2 1 279 362 261
552 2 2 2 1 16 348 329
553 2 2 2 1 266 365 341
554 2 2 2 1 132 364 332
555 2 2 2 1 331 363 135
556 2 2 2 1 253 373 235
557 2 2 2 1 158 345 157
558 2 2 2 1 328 344 23
559 2 2 2 1 329 340 203
560 2 2 2 1 243 360 341
561 2 2 2 1 261 374 236
562 2 2 2 1 236 374 256
563 2 2 2 1 330 358 204
564 2 2 2 1 65 346 64
565 2 2 2 1 235 373 254
566 2 2 2 1 221 368 283
567 2 2 2 1 250 375 283
568 2 2 2 1 254 350 272
569 2 2 2 1 153 349 246
570 2 2 2 1 283 368 242
571 2 2 2 1 283 375 221
572 2 2 2 1 240 342 333
573 2 2 2 1 2 348 16
574 2 2 2 1 204 347 314
575 2 2 2 1 237 359 155
576 2 2 2 1 335 367 253
577 2 2 2 1 332 364 211
578 2 2 2 1 211 363 331
579 2 2 2 1 310 381 249
580 2 2 2 1 214 379 304
581 2 2 2 1 218 383 284
582 2 2 2 1 245 379 307
583 2 2 2 1 299 380 244
584 2 2 2 1 114 355 213
585 2 2 2 1 216 354 306
586 2 2 2 1 306 353 305
587 2 2 2 1 217 352 301
588 2 2 2 1 214 357 116
589 2 2 2 1 218 356 126
590 2 2 2 1 256 370 335
591 2 2 2 1 333 342 17
592 2 2 2 1 157 362 156
593 2 2 2 1 161 367 160
594 2 2 2 1 320 375 250
595 2 2 2 1 29 365 28
596 2 2 2 1 159 370 158
597 2 2 2 1 32 372 31
598 2 2 2 1 203 351 1
599 2 2 2 1 160 367 335
600 2 2 2 1 298 382 376
601 2 2 2 1 376 382 247
602 2 2 2 1 297 376 247
603 2 2 2 1 313 383 377
604 2 2 2 1 298 376 215
605 2 2 2 1 311 380 378
606 2 2 2 1 377 383 309
607 2 2 2 1 307 379 214
608 2 2 2 1 248 380 299
609 2 2 2 1 311 378 220
610 2 2 2 1 378 380 248
611 2 2 2 1 220 381 310
612 2 2 2 1 378 381 220
613 2 2 2 1 309 383 218
614 2 2 2 1 304 379 245
615 2 2 2 1 308 378 248
616 2 2 2 1 219 382 298
617 2 2 2 1 249 381 308
618 2 2 2 1 308 381 378
619 2 2 2 1 312 377 309
620 2 2 2 1 313 377 219
621 2 2 2 1 244 380 311
622 2 2 2 1 284 383 313
623 2 2 2 1 247 382 312
624 2 2 2 1 377 382 219
625 2 2 2 1 312 382 377
626 2 2 2 1 335 370 159
627 2 2 2 1 221 375 320
628 2 2 2 1 242 369 334
629 2 2 2 1 273 358 252
630 2 2 2 1 329 348 342
631 2 2 2 1 376 384 215
632 2 2 2 1 297 384 376
633 2 2 2 1 64 346 336
634 2 2 2 1 261 362 345
635 2 2 2 1 208 369 274
636 2 2 2 1 134 363 211
637 2 2 2 1 211 364 133
638 2 2 2 1 343 367 161
639 2 2 2 1 345 362 157
640 2 2 2 1 158 370 345
641 2 2 2 1 203 361 351
642 2 2 2 1 238 361 340
643 2 2 2 1 215 384 331
644 2 2 2 1 332 384 297
645 2 2 2 1 351 361 272
646 2 2 2 1 340 361 203
647 2 2 2 1 342 348 17
648 2 2 2 1 254 373 343
649 2 2 2 1 345 374 261
650 2 2 2 1 20 338 19
651 2 2 2 1 104 338 103
652 2 2 2 1 104 105 19
653 2 2 3 2 22 386 167
654 2 2 3 2 164 387 17
655 2 2 3 2 167 3 22
656 2 2 3 2 17 2 164
657 2 2 3 2 17 387 18
658 2 2 3 2 21 386 22
659 2 2 3 2 387 389 18
660 2 2 3 2 21 390 386
661 2 2 3 2 166 385 165
662 2 2 3 2 165 387 164
663 2 2 3 2 167 386 166
664 2 2 3 2 385 387 165
665 2 2 3 2 166 386 385
666 2 2 3 2 385 389 387
667 2 2 3 2 386 390 385
668 2 2 3 2 388 389 385
669 2 2 3 2 385 390 388
670 2 2 3 2 19 388 20
671 2 2 3 2 18 389 19
672 2 2 3 2 20 390 21
673 2 2 3 2 19 389 388
674 2 2 3 2 388 390 20
675 2 2 1 3 768 1010 776
676 2 2 1 3 738 885 418
677 2 2 1 3 735 746 395
678 2 2 1 3 395 755 735
679 2 2 1 3 126 849 127
680 2 2 1 3 683 885 738
681 2 2 1 3 740 742 409
682 2 2 1 3 859 911 640
683 2 2 1 3 729 1014 407
684 2 2 1 3 862 1031 861
685 2 2 1 3 688 1038 687
686 2 2 1 3 407 1069 729
687 2 2 1 3 640 910 859
688 2 2 1 3 394 1036 888
689 2 2 1 3 433 1068 766
690 2 2 1 3 409 748 740
691 2 2 1 3 683 886 885
692 2 2 1 3 812 956 434
693 2 2 1 3 422 839 838
694 2 2 1 3 751 1015 726
695 2 2 1 3 776 1050 768
696 2 2 1 3 851 1030 932
697 2 2 1 3 127 849 406
698 2 2 1 3 751 1047 1015
699 2 2 1 3 640 953 910
700 2 2 1 3 98 752 99
701 2 2 1 3 1025 1056 568
702 2 2 1 3 808 1031 862
703 2 2 1 3 418 888 738
704 2 2 1 3 878 1038 688
705 2 2 1 3 910 953 860
706 2 2 1 3 932 1030 420
707 2 2 1 3 776 1010 634
708 2 2 1 3 756 839 422
709 2 2 1 3 424 936 830
710 2 2 1 3 414 862 749
711 2 2 1 3 670 839 672
712 2 2 1 3 392 838 837
713 2 2 1 3 755 1030 704
714 2 2 1 3 858 1056 1025
715 2 2 1 3 99 752 396
716 2 2 1 3 934 1026 898
717 2 2 1 3 888 1036 738
718 2 2 1 3 809 956 812
719 2 2 1 3 742 942 409
720 2 2 1 3 898 1077 934
721 2 2 1 3 749 1033 414
722 2 2 1 3 753 960 425
723 2 2 1 3 837 838 700
724 2 2 1 3 683 887 886
725 2 2 1 3 572 887 614
726 2 2 1 3 735 755 704
727 2 2 1 3 838 839 700
728 2 2 1 3 396 752 750
729 2 2 1 3 858 1034 859
730 2 2 1 3 1025 1034 858
731 2 2 1 3 126 1022 849
732 2 2 1 3 1021 1052 115
733 2 2 1 3 875 1063 429
734 2 2 1 3 392 837 834
735 2 2 1 3 429 1041 875
736 2 2 1 3 830 1027 424
737 2 2 1 3 635 1023 842
738 2 2 1 3 87 774 88
739 2 2 1 3 750 777 396
740 2 2 1 3 842 1081 635
741 2 2 1 3 886 1029 1019
742 2 2 1 3 746 774 395
743 2 2 1 3 1060 1068 427
744 2 2 1 3 397 927 847
745 2 2 1 3 1000 1068 1060
746 2 2 1 3 672 839 756
747 2 2 1 3 700 839 670
748 2 2 1 3 420 1030 755
749 2 2 1 3 751 1066 404
750 2 2 1 3 838 1062 422
751 2 2 1 3 98 1088 752
752 2 2 1 3 7 168 66
753 2 2 1 3 399 1052 874
754 2 2 1 3 633 911 696
755 2 2 1 3 900 1036 394
756 2 2 1 3 640 911 633
757 2 2 1 3 715 887 572
758 2 2 1 3 614 887 683
759 2 2 1 3 699 758 751
760 2 2 1 3 734 1052 1021
761 2 2 1 3 777 1001 655
762 2 2 1 3 107 435 10
763 2 2 1 3 881 1040 1035
764 2 2 1 3 861 1031 616
765 2 2 1 3 439 783 441
766 2 2 1 3 621 759 699
767 2 2 1 3 734 1021 732
768 2 2 1 3 1059 1061 405
769 2 2 1 3 404 1047 751
770 2 2 1 3 587 761 760
771 2 2 1 3 748 1033 749
772 2 2 1 3 699 759 758
773 2 2 1 3 434 1086 812
774 2 2 1 3 88 774 421
775 2 2 1 3 395 774 87
776 2 2 1 3 417 836 757
777 2 2 1 3 422 1011 756
778 2 2 1 3 687 1038 730
779 2 2 1 3 1021 1075 732
780 2 2 1 3 443 819 445
781 2 2 1 3 429 956 809
782 2 2 1 3 653 973 959
783 2 2 1 3 682 1036 900
784 2 2 1 3 1019 1029 613
785 2 2 1 3 433 1070 1068
786 2 2 1 3 915 1007 710
787 2 2 1 3 766 1058 433
788 2 2 1 3 731 1061 1059
789 2 2 1 3 815 973 653
790 2 2 1 3 794 1009 792
791 2 2 1 3 753 1054 960
792 2 2 1 3 653 835 815
793 2 2 1 3 767 768 733
794 2 2 1 3 757 958 417
795 2 2 1 3 592 1012 818
796 2 2 1 3 766 1068 1051
797 2 2 1 3 616 1031 811
798 2 2 1 3 815 835 814
799 2 2 1 3 874 1052 734
800 2 2 1 3 757 836 777
801 2 2 1 3 800 817 675
802 2 2 1 3 748 1065 1033
803 2 2 1 3 425 1039 753
804 2 2 1 3 621 772 759
805 2 2 1 3 750 1001 777
806 2 2 1 3 744 942 742
807 2 2 1 3 11 415 112
808 2 2 1 3 187 888 186
809 2 2 1 3 730 1038 816
810 2 2 1 3 559 998 772
811 2 2 1 3 441 783 587
812 2 2 1 3 710 783 439
813 2 2 1 3 587 783 761
814 2 2 1 3 958 997 417
815 2 2 1 3 561 1009 794
816 2 2 1 3 760 819 587
817 2 2 1 3 424 1027 933
818 2 2 1 3 710 1007 783
819 2 2 1 3 557 974 795
820 2 2 1 3 529 799 531
821 2 2 1 3 93 404 8
822 2 2 1 3 757 777 655
823 2 2 1 3 795 974 796
824 2 2 1 3 758 1066 751
825 2 2 1 3 799 817 800
826 2 2 1 3 698 870 869
827 2 2 1 3 763 997 958
828 2 2 1 3 818 1012 800
829 2 2 1 3 1035 1040 652
830 2 2 1 3 698 869 868
831 2 2 1 3 847 1074 397
832 2 2 1 3 777 836 396
833 2 2 1 3 445 819 514
834 2 2 1 3 514 819 762
835 2 2 1 3 587 819 443
836 2 2 1 3 591 1008 1002
837 2 2 1 3 113 764 408
838 2 2 1 3 862 875 808
839 2 2 1 3 959 973 762
840 2 2 1 3 177 843 176
841 2 2 1 3 402 997 763
842 2 2 1 3 780 998 559
843 2 2 1 3 796 974 583
844 2 2 1 3 764 767 408
845 2 2 1 3 762 973 514
846 2 2 1 3 588 978 868
847 2 2 1 3 925 991 986
848 2 2 1 3 560 780 559
849 2 2 1 3 930 983 972
850 2 2 1 3 1002 1008 794
851 2 2 1 3 828 829 745
852 2 2 1 3 583 798 796
853 2 2 1 3 409 1065 748
854 2 2 1 3 674 939 908
855 2 2 1 3 772 998 759
856 2 2 1 3 752 1088 1006
857 2 2 1 3 771 907 517
858 2 2 1 3 900 1085 682
859 2 2 1 3 186 888 418
860 2 2 1 3 394 888 187
861 2 2 1 3 543 952 844
862 2 2 1 3 543 907 770
863 2 2 1 3 770 907 771
864 2 2 1 3 675 818 800
865 2 2 1 3 835 995 814
866 2 2 1 3 412 435 107
867 2 2 1 3 770 952 543
868 2 2 1 3 176 843 841
869 2 2 1 3 586 844 769
870 2 2 1 3 407 843 177
871 2 2 1 3 529 817 799
872 2 2 1 3 865 867 747
873 2 2 1 3 498 937 906
874 2 2 1 3 531 799 583
875 2 2 1 3 844 952 769
876 2 2 1 3 556 772 555
877 2 2 1 3 591 995 835
878 2 2 1 3 773 866 736
879 2 2 1 3 573 866 773
880 2 2 1 3 104 915 105
881 2 2 1 3 763 1007 402
882 2 2 1 3 555 772 621
883 2 2 1 3 908 939 771
884 2 2 1 3 745 831 828
885 2 2 1 3 868 978 698
886 2 2 1 3 691 905 778
887 2 2 1 3 778 905 595
888 2 2 1 3 1003 1004 474
889 2 2 1 3 503 989 820
890 2 2 1 3 726 870 697
891 2 2 1 3 747 866 865
892 2 2 1 3 176 841 175
893 2 2 1 3 517 908 771
894 2 2 1 3 591 1002 995
895 2 2 1 3 407 1014 843
896 2 2 1 3 697 870 698
897 2 2 1 3 792 1009 795
898 2 2 1 3 811 1093 616
899 2 2 1 3 588 868 865
900 2 2 1 3 559 772 556
901 2 2 1 3 563 780 560
902 2 2 1 3 828 831 825
903 2 2 1 3 972 983 906
904 2 2 1 3 736 866 747
905 2 2 1 3 647 648 585
906 2 2 1 3 906 937 905
907 2 2 1 3 773 871 573
908 2 2 1 3 986 991 908
909 2 2 1 3 1027 1053 933
910 2 2 1 3 105 915 802
911 2 2 1 3 586 776 440
912 2 2 1 3 820 989 797
913 2 2 1 3 648 728 702
914 2 2 1 3 691 906 905
915 2 2 1 3 584 585 563
916 2 2 1 3 779 831 743
917 2 2 1 3 584 647 585
918 2 2 1 3 570 831 779
919 2 2 1 3 781 826 548
920 2 2 1 3 432 1054 1016
921 2 2 1 3 678 826 781
922 2 2 1 3 402 915 104
923 2 2 1 3 873 913 626
924 2 2 1 3 894 1069 407
925 2 2 1 3 992 999 630
926 2 2 1 3 648 775 728
927 2 2 1 3 624 913 872
928 2 2 1 3 872 931 624
929 2 2 1 3 788 823 787
930 2 2 1 3 648 702 654
931 2 2 1 3 711 928 782
932 2 2 1 3 414 875 862
933 2 2 1 3 983 991 925
934 2 2 1 3 871 931 872
935 2 2 1 3 872 913 873
936 2 2 1 3 782 928 660
937 2 2 1 3 438 634 436
938 2 2 1 3 743 831 745
939 2 2 1 3 595 970 778
940 2 2 1 3 849 1037 406
941 2 2 1 3 810 901 413
942 2 2 1 3 106 802 412
943 2 2 1 3 877 878 857
944 2 2 1 3 678 827 826
945 2 2 1 3 438 776 634
946 2 2 1 3 874 1057 399
947 2 2 1 3 622 801 575
948 2 2 1 3 412 436 435
949 2 2 1 3 699 751 726
950 2 2 1 3 779 832 570
951 2 2 1 3 784 928 711
952 2 2 1 3 791 823 788
953 2 2 1 3 787 823 822
954 2 2 1 3 436 1000 435
955 2 2 1 3 626 963 873
956 2 2 1 3 621 699 697
957 2 2 1 3 175 841 413
958 2 2 1 3 865 868 867
959 2 2 1 3 773 931 871
960 2 2 1 3 930 991 983
961 2 2 1 3 105 802 106
962 2 2 1 3 402 1007 915
963 2 2 1 3 538 555 537
964 2 2 1 3 711 912 784
965 2 2 1 3 906 983 498
966 2 2 1 3 768 1050 733
967 2 2 1 3 826 828 825
968 2 2 1 3 794 1008 561
969 2 2 1 3 908 991 674
970 2 2 1 3 911 1013 696
971 2 2 1 3 508 996 970
972 2 2 1 3 548 918 781
973 2 2 1 3 103 997 402
974 2 2 1 3 555 621 620
975 2 2 1 3 647 775 648
976 2 2 1 3 785 903 786
977 2 2 1 3 857 902 877
978 2 2 1 3 702 727 709
979 2 2 1 3 583 799 798
980 2 2 1 3 648 654 585
981 2 2 1 3 893 963 626
982 2 2 1 3 809 812 804
983 2 2 1 3 716 999 992
984 2 2 1 3 413 840 810
985 2 2 1 3 426 804 803
986 2 2 1 3 536 537 535
987 2 2 1 3 451 813 467
988 2 2 1 3 912 924 784
989 2 2 1 3 804 812 803
990 2 2 1 3 564 584 563
991 2 2 1 3 573 871 527
992 2 2 1 3 536 538 537
993 2 2 1 3 562 563 560
994 2 2 1 3 822 824 787
995 2 2 1 3 832 950 579
996 2 2 1 3 762 819 760
997 2 2 1 3 455 785 594
998 2 2 1 3 848 914 707
999 2 2 1 3 527 871 676
1000 2 2 1 3 467 903 785
1001 2 2 1 3 753 889 689
1002 2 2 1 3 515 966 918
1003 2 2 1 3 440 776 438
1004 2 2 1 3 426 803 172
1005 2 2 1 3 707 914 617
1006 2 2 1 3 818 1004 1003
1007 2 2 1 3 558 559 556
1008 2 2 1 3 823 989 503
1009 2 2 1 3 785 786 594
1010 2 2 1 3 813 814 467
1011 2 2 1 3 451 467 453
1012 2 2 1 3 496 893 542
1013 2 2 1 3 803 812 431
1014 2 2 1 3 786 903 789
1015 2 2 1 3 547 832 552
1016 2 2 1 3 413 901 174
1017 2 2 1 3 199 816 411
1018 2 2 1 3 517 986 908
1019 2 2 1 3 426 901 805
1020 2 2 1 3 431 821 170
1021 2 2 1 3 805 901 810
1022 2 2 1 3 465 822 503
1023 2 2 1 3 634 1000 436
1024 2 2 1 3 570 832 547
1025 2 2 1 3 467 785 453
1026 2 2 1 3 868 869 867
1027 2 2 1 3 486 970 595
1028 2 2 1 3 415 766 765
1029 2 2 1 3 918 966 781
1030 2 2 1 3 450 986 517
1031 2 2 1 3 531 535 530
1032 2 2 1 3 805 806 804
1033 2 2 1 3 660 967 782
1034 2 2 1 3 1054 1080 1016
1035 2 2 1 3 806 809 804
1036 2 2 1 3 822 823 503
1037 2 2 1 3 749 861 649
1038 2 2 1 3 181 883 405
1039 2 2 1 3 702 709 654
1040 2 2 1 3 877 902 197
1041 2 2 1 3 779 950 832
1042 2 2 1 3 511 924 912
1043 2 2 1 3 703 851 850
1044 2 2 1 3 883 884 405
1045 2 2 1 3 678 964 827
1046 2 2 1 3 542 893 626
1047 2 2 1 3 649 861 615
1048 2 2 1 3 171 803 431
1049 2 2 1 3 171 431 170
1050 2 2 1 3 529 531 530
1051 2 2 1 3 531 536 535
1052 2 2 1 3 426 805 804
1053 2 2 1 3 827 828 826
1054 2 2 1 3 555 620 537
1055 2 2 1 3 457 824 459
1056 2 2 1 3 458 937 456
1057 2 2 1 3 737 753 689
1058 2 2 1 3 594 824 457
1059 2 2 1 3 825 831 570
1060 2 2 1 3 543 844 444
1061 2 2 1 3 882 883 182
1062 2 2 1 3 646 863 662
1063 2 2 1 3 513 817 529
1064 2 2 1 3 101 836 417
1065 2 2 1 3 552 832 579
1066 2 2 1 3 391 899 191
1067 2 2 1 3 525 918 548
1068 2 2 1 3 662 863 754
1069 2 2 1 3 700 909 837
1070 2 2 1 3 588 865 864
1071 2 2 1 3 617 914 569
1072 2 2 1 3 871 872 676
1073 2 2 1 3 579 950 581
1074 2 2 1 3 465 503 468
1075 2 2 1 3 668 909 700
1076 2 2 1 3 807 808 806
1077 2 2 1 3 503 820 468
1078 2 2 1 3 401 853 852
1079 2 2 1 3 546 825 570
1080 2 2 1 3 643 649 615
1081 2 2 1 3 428 816 200
1082 2 2 1 3 740 748 649
1083 2 2 1 3 401 902 854
1084 2 2 1 3 588 864 530
1085 2 2 1 3 749 862 861
1086 2 2 1 3 854 902 857
1087 2 2 1 3 864 866 573
1088 2 2 1 3 581 643 615
1089 2 2 1 3 201 428 200
1090 2 2 1 3 490 893 496
1091 2 2 1 3 643 740 649
1092 2 2 1 3 468 820 592
1093 2 2 1 3 970 996 778
1094 2 2 1 3 444 844 442
1095 2 2 1 3 703 850 611
1096 2 2 1 3 411 878 877
1097 2 2 1 3 401 852 195
1098 2 2 1 3 183 882 182
1099 2 2 1 3 885 886 880
1100 2 2 1 3 178 894 407
1101 2 2 1 3 845 847 645
1102 2 2 1 3 530 864 528
1103 2 2 1 3 170 821 169
1104 2 2 1 3 442 844 586
1105 2 2 1 3 879 880 400
1106 2 2 1 3 459 824 462
1107 2 2 1 3 574 591 589
1108 2 2 1 3 879 885 880
1109 2 2 1 3 449 813 451
1110 2 2 1 3 850 851 739
1111 2 2 1 3 827 829 828
1112 2 2 1 3 529 530 528
1113 2 2 1 3 720 874 721
1114 2 2 1 3 462 822 465
1115 2 2 1 3 636 845 645
1116 2 2 1 3 182 883 181
1117 2 2 1 3 641 707 617
1118 2 2 1 3 665 909 668
1119 2 2 1 3 456 937 498
1120 2 2 1 3 505 876 515
1121 2 2 1 3 814 903 467
1122 2 2 1 3 792 795 793
1123 2 2 1 3 548 826 825
1124 2 2 1 3 584 659 647
1125 2 2 1 3 650 850 739
1126 2 2 1 3 548 825 546
1127 2 2 1 3 442 586 440
1128 2 2 1 3 517 907 448
1129 2 2 1 3 462 824 822
1130 2 2 1 3 805 807 806
1131 2 2 1 3 441 442 440
1132 2 2 1 3 581 615 582
1133 2 2 1 3 184 879 400
1134 2 2 1 3 401 854 853
1135 2 2 1 3 741 742 740
1136 2 2 1 3 790 792 791
1137 2 2 1 3 173 426 172
1138 2 2 1 3 525 548 546
1139 2 2 1 3 787 824 594
1140 2 2 1 3 827 830 829
1141 2 2 1 3 854 855 853
1142 2 2 1 3 175 413 174
1143 2 2 1 3 411 877 198
1144 2 2 1 3 675 817 495
1145 2 2 1 3 513 529 528
1146 2 2 1 3 892 893 490
1147 2 2 1 3 443 444 442
1148 2 2 1 3 904 937 458
1149 2 2 1 3 895 900 394
1150 2 2 1 3 484 892 490
1151 2 2 1 3 199 411 198
1152 2 2 1 3 441 443 442
1153 2 2 1 3 611 850 609
1154 2 2 1 3 630 988 602
1155 2 2 1 3 396 836 100
1156 2 2 1 3 856 858 855
1157 2 2 1 3 854 856 855
1158 2 2 1 3 495 817 513
1159 2 2 1 3 565 569 534
1160 2 2 1 3 852 860 416
1161 2 2 1 3 192 890 391
1162 2 2 1 3 621 697 620
1163 2 2 1 3 641 719 707
1164 2 2 1 3 638 845 636
1165 2 2 1 3 533 534 521
1166 2 2 1 3 567 913 624
1167 2 2 1 3 106 412 107
1168 2 2 1 3 569 607 593
1169 2 2 1 3 188 895 394
1170 2 2 1 3 443 445 444
1171 2 2 1 3 191 899 190
1172 2 2 1 3 645 863 646
1173 2 2 1 3 565 617 569
1174 2 2 1 3 820 1012 592
1175 2 2 1 3 638 846 845
1176 2 2 1 3 724 734 732
1177 2 2 1 3 546 570 547
1178 2 2 1 3 650 739 708
1179 2 2 1 3 607 636 608
1180 2 2 1 3 790 794 792
1181 2 2 1 3 445 446 444
1182 2 2 1 3 795 1009 557
1183 2 2 1 3 496 542 504
1184 2 2 1 3 99 396 100
1185 2 2 1 3 579 581 580
1186 2 2 1 3 657 762 760
1187 2 2 1 3 567 609 566
1188 2 2 1 3 545 913 567
1189 2 2 1 3 545 566 544
1190 2 2 1 3 743 744 742
1191 2 2 1 3 533 565 534
1192 2 2 1 3 418 885 879
1193 2 2 1 3 545 567 566
1194 2 2 1 3 542 545 544
1195 2 2 1 3 172 803 171
1196 2 2 1 3 748 749 649
1197 2 2 1 3 439 441 440
1198 2 2 1 3 711 782 508
1199 2 2 1 3 448 907 446
1200 2 2 1 3 636 645 637
1201 2 2 1 3 607 638 636
1202 2 2 1 3 880 881 400
1203 2 2 1 3 853 910 860
1204 2 2 1 3 542 544 504
1205 2 2 1 3 514 833 447
1206 2 2 1 3 609 850 650
1207 2 2 1 3 453 785 455
1208 2 2 1 3 178 407 177
1209 2 2 1 3 567 611 609
1210 2 2 1 3 789 790 788
1211 2 2 1 3 528 864 573
1212 2 2 1 3 439 440 438
1213 2 2 1 3 853 860 852
1214 2 2 1 3 412 802 437
1215 2 2 1 3 721 874 724
1216 2 2 1 3 455 594 457
1217 2 2 1 3 897 898 896
1218 2 2 1 3 101 417 102
1219 2 2 1 3 419 896 895
1220 2 2 1 3 499 508 492
1221 2 2 1 3 194 852 416
1222 2 2 1 3 445 447 446
1223 2 2 1 3 591 835 589
1224 2 2 1 3 200 816 199
1225 2 2 1 3 535 588 530
1226 2 2 1 3 460 904 458
1227 2 2 1 3 476 485 481
1228 2 2 1 3 650 708 651
1229 2 2 1 3 525 546 526
1230 2 2 1 3 625 703 611
1231 2 2 1 3 196 401 195
1232 2 2 1 3 569 593 534
1233 2 2 1 3 625 704 703
1234 2 2 1 3 754 834 706
1235 2 2 1 3 446 907 543
1236 2 2 1 3 607 608 593
1237 2 2 1 3 485 495 494
1238 2 2 1 3 179 894 178
1239 2 2 1 3 103 402 104
1240 2 2 1 3 468 592 469
1241 2 2 1 3 575 801 564
1242 2 2 1 3 499 912 711
1243 2 2 1 3 646 662 661
1244 2 2 1 3 479 904 460
1245 2 2 1 3 495 513 512
1246 2 2 1 3 447 448 446
1247 2 2 1 3 595 905 904
1248 2 2 1 3 636 637 608
1249 2 2 1 3 689 889 642
1250 2 2 1 3 485 494 481
1251 2 2 1 3 513 528 527
1252 2 2 1 3 847 863 645
1253 2 2 1 3 786 789 788
1254 2 2 1 3 784 924 593
1255 2 2 1 3 593 924 534
1256 2 2 1 3 528 573 527
1257 2 2 1 3 736 747 746
1258 2 2 1 3 736 746 735
1259 2 2 1 3 691 972 906
1260 2 2 1 3 521 924 511
1261 2 2 1 3 513 527 512
1262 2 2 1 3 446 543 444
1263 2 2 1 3 662 754 706
1264 2 2 1 3 724 874 734
1265 2 2 1 3 181 405 180
1266 2 2 1 3 609 650 610
1267 2 2 1 3 486 595 479
1268 2 2 1 3 495 512 494
1269 2 2 1 3 418 879 185
1270 2 2 1 3 419 897 896
1271 2 2 1 3 896 900 895
1272 2 2 1 3 416 890 193
1273 2 2 1 3 668 700 670
1274 2 2 1 3 662 706 663
1275 2 2 1 3 552 579 578
1276 2 2 1 3 848 849 846
1277 2 2 1 3 499 711 508
1278 2 2 1 3 643 741 740
1279 2 2 1 3 485 675 495
1280 2 2 1 3 496 504 497
1281 2 2 1 3 786 788 787
1282 2 2 1 3 672 756 720
1283 2 2 1 3 173 901 426
1284 2 2 1 3 624 625 611
1285 2 2 1 3 447 449 448
1286 2 2 1 3 194 416 193
1287 2 2 1 3 615 861 616
1288 2 2 1 3 645 646 637
1289 2 2 1 3 595 904 479
1290 2 2 1 3 705 735 704
1291 2 2 1 3 184 400 183
1292 2 2 1 3 100 836 101
1293 2 2 1 3 196 902 401
1294 2 2 1 3 858 859 855
1295 2 2 1 3 419 895 189
1296 2 2 1 3 449 833 813
1297 2 2 1 3 699 726 697
1298 2 2 1 3 490 496 491
1299 2 2 1 3 516 525 519
1300 2 2 1 3 450 517 448
1301 2 2 1 3 186 418 185
1302 2 2 1 3 538 556 555
1303 2 2 1 3 400 882 183
1304 2 2 1 3 449 450 448
1305 2 2 1 3 198 877 197
1306 2 2 1 3 589 835 653
1307 2 2 1 3 891 965 963
1308 2 2 1 3 195 852 194
1309 2 2 1 3 603 630 602
1310 2 2 1 3 188 394 187
1311 2 2 1 3 705 736 735
1312 2 2 1 3 741 743 742
1313 2 2 1 3 542 626 545
1314 2 2 1 3 633 696 631
1315 2 2 1 3 668 670 669
1316 2 2 1 3 449 451 450
1317 2 2 1 3 505 515 507
1318 2 2 1 3 190 419 189
1319 2 2 1 3 516 918 525
1320 2 2 1 3 628 917 692
1321 2 2 1 3 601 602 600
1322 2 2 1 3 662 663 661
1323 2 2 1 3 502 922 523
1324 2 2 1 3 792 793 791
1325 2 2 1 3 596 916 524
1326 2 2 1 3 472 919 470
1327 2 2 1 3 663 909 665
1328 2 2 1 3 790 791 788
1329 2 2 1 3 192 391 191
1330 2 2 1 3 600 921 597
1331 2 2 1 3 476 481 477
1332 2 2 1 3 585 780 563
1333 2 2 1 3 524 916 522
1334 2 2 1 3 876 966 515
1335 2 2 1 3 626 913 545
1336 2 2 1 3 834 837 706
1337 2 2 1 3 827 964 830
1338 2 2 1 3 185 879 184
1339 2 2 1 3 532 533 521
1340 2 2 1 3 451 452 450
1341 2 2 1 3 536 974 538
1342 2 2 1 3 604 919 472
1343 2 2 1 3 665 668 667
1344 2 2 1 3 618 641 617
1345 2 2 1 3 567 624 611
1346 2 2 1 3 615 616 582
1347 2 2 1 3 484 490 489
1348 2 2 1 3 474 476 475
1349 2 2 1 3 514 973 833
1350 2 2 1 3 609 610 566
1351 2 2 1 3 197 902 196
1352 2 2 1 3 189 895 188
1353 2 2 1 3 597 921 596
1354 2 2 1 3 625 705 704
1355 2 2 1 3 786 787 594
1356 2 2 1 3 451 453 452
1357 2 2 1 3 670 672 671
1358 2 2 1 3 193 890 192
1359 2 2 1 3 628 692 604
1360 2 2 1 3 488 929 483
1361 2 2 1 3 174 901 173
1362 2 2 1 3 523 922 541
1363 2 2 1 3 724 732 725
1364 2 2 1 3 743 745 744
1365 2 2 1 3 541 629 572
1366 2 2 1 3 599 600 597
1367 2 2 1 3 653 959 590
1368 2 2 1 3 520 521 511
1369 2 2 1 3 922 923 629
1370 2 2 1 3 650 651 610
1371 2 2 1 3 504 876 505
1372 2 2 1 3 190 899 419
1373 2 2 1 3 465 468 466
1374 2 2 1 3 638 848 846
1375 2 2 1 3 646 661 660
1376 2 2 1 3 922 945 923
1377 2 2 1 3 546 547 526
1378 2 2 1 3 668 669 667
1379 2 2 1 3 854 857 856
1380 2 2 1 3 672 720 673
1381 2 2 1 3 692 920 919
1382 2 2 1 3 544 876 504
1383 2 2 1 3 657 959 762
1384 2 2 1 3 471 474 473
1385 2 2 1 3 462 465 463
1386 2 2 1 3 569 914 607
1387 2 2 1 3 692 919 604
1388 2 2 1 3 730 737 689
1389 2 2 1 3 531 583 536
1390 2 2 1 3 453 454 452
1391 2 2 1 3 511 912 500
1392 2 2 1 3 581 582 580
1393 2 2 1 3 527 676 512
1394 2 2 1 3 813 833 815
1395 2 2 1 3 603 631 630
1396 2 2 1 3 841 842 840
1397 2 2 1 3 625 931 705
1398 2 2 1 3 498 925 454
1399 2 2 1 3 541 922 629
1400 2 2 1 3 453 455 454
1401 2 2 1 3 525 526 519
1402 2 2 1 3 579 580 578
1403 2 2 1 3 795 796 793
1404 2 2 1 3 540 596 524
1405 2 2 1 3 504 505 497
1406 2 2 1 3 920 949 919
1407 2 2 1 3 480 486 479
1408 2 2 1 3 670 671 669
1409 2 2 1 3 601 603 602
1410 2 2 1 3 891 892 482
1411 2 2 1 3 459 462 461
1412 2 2 1 3 522 929 488
1413 2 2 1 3 714 917 628
1414 2 2 1 3 487 492 486
1415 2 2 1 3 605 695 554
1416 2 2 1 3 493 499 492
1417 2 2 1 3 494 891 481
1418 2 2 1 3 496 497 491
1419 2 2 1 3 481 891 482
1420 2 2 1 3 120 392 121
1421 2 2 1 3 687 689 642
1422 2 2 1 3 500 912 499
1423 2 2 1 3 534 924 521
1424 2 2 1 3 509 511 500
1425 2 2 1 3 721 724 723
1426 2 2 1 3 90 393 91
1427 2 2 1 3 515 516 507
1428 2 2 1 3 437 439 438
1429 2 2 1 3 620 978 537
1430 2 2 1 3 490 491 489
1431 2 2 1 3 665 667 666
1432 2 2 1 3 454 925 452
1433 2 2 1 3 599 601 600
1434 2 2 1 3 112 764 113
1435 2 2 1 3 481 482 477
1436 2 2 1 3 872 873 676
1437 2 2 1 3 482 892 484
1438 2 2 1 3 663 665 664
1439 2 2 1 3 638 914 848
1440 2 2 1 3 706 909 663
1441 2 2 1 3 881 882 400
1442 2 2 1 3 916 929 522
1443 2 2 1 3 705 931 773
1444 2 2 1 3 456 498 454
1445 2 2 1 3 608 784 593
1446 2 2 1 3 515 918 516
1447 2 2 1 3 538 974 557
1448 2 2 1 3 770 771 722
1449 2 2 1 3 419 899 897
1450 2 2 1 3 476 477 475
1451 2 2 1 3 89 926 90
1452 2 2 1 3 90 926 393
1453 2 2 1 3 855 910 853
1454 2 2 1 3 441 587 443
1455 2 2 1 3 629 715 572
1456 2 2 1 3 607 914 638
1457 2 2 1 3 474 475 473
1458 2 2 1 3 672 673 671
1459 2 2 1 3 464 479 460
1460 2 2 1 3 799 800 798
1461 2 2 1 3 963 965 873
1462 2 2 1 3 468 469 466
1463 2 2 1 3 810 811 807
1464 2 2 1 3 720 721 673
1465 2 2 1 3 657 760 658
1466 2 2 1 3 445 514 447
1467 2 2 1 3 646 660 637
1468 2 2 1 3 610 944 566
1469 2 2 1 3 447 833 449
1470 2 2 1 3 865 866 864
1471 2 2 1 3 465 466 463
1472 2 2 1 3 501 679 510
1473 2 2 1 3 88 421 89
1474 2 2 1 3 665 666 664
1475 2 2 1 3 540 597 596
1476 2 2 1 3 118 422 119
1477 2 2 1 3 462 463 461
1478 2 2 1 3 663 664 661
1479 2 2 1 3 892 963 893
1480 2 2 1 3 122 423 123
1481 2 2 1 3 651 678 677
1482 2 2 1 3 624 931 625
1483 2 2 1 3 705 773 736
1484 2 2 1 3 727 758 709
1485 2 2 1 3 574 589 575
1486 2 2 1 3 695 938 554
1487 2 2 1 3 544 944 876
1488 2 2 1 3 732 733 725
1489 2 2 1 3 671 674 669
1490 2 2 1 3 455 456 454
1491 2 2 1 3 421 926 89
1492 2 2 1 3 771 939 722
1493 2 2 1 3 713 714 628
1494 2 2 1 3 837 909 706
1495 2 2 1 3 627 628 604
1496 2 2 1 3 859 910 855
1497 2 2 1 3 632 633 631
1498 2 2 1 3 565 618 617
1499 2 2 1 3 562 564 563
1500 2 2 1 3 724 725 723
1501 2 2 1 3 721 722 673
1502 2 2 1 3 905 937 904
1503 2 2 1 3 123 927 124
1504 2 2 1 3 501 951 679
1505 2 2 1 3 509 520 511
1506 2 2 1 3 464 480 479
1507 2 2 1 3 623 657 656
1508 2 2 1 3 455 457 456
1509 2 2 1 3 86 395 87
1510 2 2 1 3 83 932 84
1511 2 2 1 3 84 420 85
1512 2 2 1 3 82 398 83
1513 2 2 1 3 666 691 690
1514 2 2 1 3 669 930 667
1515 2 2 1 3 520 532 521
1516 2 2 1 3 492 970 486
1517 2 2 1 3 641 889 719
1518 2 2 1 3 116 399 117
1519 2 2 1 3 478 604 472
1520 2 2 1 3 677 944 610
1521 2 2 1 3 480 487 486
1522 2 2 1 3 608 928 784
1523 2 2 1 3 639 640 633
1524 2 2 1 3 589 653 590
1525 2 2 1 3 679 716 510
1526 2 2 1 3 81 933 82
1527 2 2 1 3 674 930 669
1528 2 2 1 3 487 493 492
1529 2 2 1 3 541 572 571
1530 2 2 1 3 482 484 483
1531 2 2 1 3 523 541 539
1532 2 2 1 3 505 507 506
1533 2 2 1 3 590 959 623
1534 2 2 1 3 493 500 499
1535 2 2 1 3 469 471 470
1536 2 2 1 3 666 690 664
1537 2 2 1 3 598 599 597
1538 2 2 1 3 566 944 544
1539 2 2 1 3 124 397 125
1540 2 2 1 3 457 459 458
1541 2 2 1 3 471 473 472
1542 2 2 1 3 547 552 551
1543 2 2 1 3 553 948 943
1544 2 2 1 3 80 424 81
1545 2 2 1 3 484 489 488
1546 2 2 1 3 721 723 722
1547 2 2 1 3 603 632 631
1548 2 2 1 3 478 685 627
1549 2 2 1 3 516 519 518
1550 2 2 1 3 841 843 842
1551 2 2 1 3 459 461 460
1552 2 2 1 3 539 540 524
1553 2 2 1 3 614 683 681
1554 2 2 1 3 681 682 680
1555 2 2 1 3 637 928 608
1556 2 2 1 3 437 710 439
1557 2 2 1 3 523 524 522
1558 2 2 1 3 627 713 628
1559 2 2 1 3 502 522 488
1560 2 2 1 3 651 677 610
1561 2 2 1 3 413 841 840
1562 2 2 1 3 553 943 576
1563 2 2 1 3 478 627 604
1564 2 2 1 3 614 680 571
1565 2 2 1 3 599 606 601
1566 2 2 1 3 644 955 729
1567 2 2 1 3 79 936 80
1568 2 2 1 3 691 778 690
1569 2 2 1 3 469 470 466
1570 2 2 1 3 480 550 487
1571 2 2 1 3 576 619 612
1572 2 2 1 3 475 935 473
1573 2 2 1 3 491 945 489
1574 2 2 1 3 540 598 597
1575 2 2 1 3 482 483 477
1576 2 2 1 3 423 927 123
1577 2 2 1 3 457 458 456
1578 2 2 1 3 532 568 533
1579 2 2 1 3 78 403 79
1580 2 2 1 3 671 939 674
1581 2 2 1 3 723 770 722
1582 2 2 1 3 459 460 458
1583 2 2 1 3 612 613 605
1584 2 2 1 3 660 928 637
1585 2 2 1 3 673 939 671
1586 2 2 1 3 461 464 460
1587 2 2 1 3 505 506 497
1588 2 2 1 3 760 761 658
1589 2 2 1 3 598 934 599
1590 2 2 1 3 541 571 539
1591 2 2 1 3 113 408 114
1592 2 2 1 3 493 501 500
1593 2 2 1 3 471 472 470
1594 2 2 1 3 502 945 922
1595 2 2 1 3 473 478 472
1596 2 2 1 3 644 729 694
1597 2 2 1 3 722 939 673
1598 2 2 1 3 552 578 577
1599 2 2 1 3 76 942 77
1600 2 2 1 3 501 509 500
1601 2 2 1 3 501 510 509
1602 2 2 1 3 484 488 483
1603 2 2 1 3 547 551 526
1604 2 2 1 3 576 605 554
1605 2 2 1 3 678 781 677
1606 2 2 1 3 523 539 524
1607 2 2 1 3 572 614 571
1608 2 2 1 3 489 502 488
1609 2 2 1 3 684 718 717
1610 2 2 1 3 632 639 633
1611 2 2 1 3 502 523 522
1612 2 2 1 3 683 738 681
1613 2 2 1 3 553 554 518
1614 2 2 1 3 581 950 643
1615 2 2 1 3 614 681 680
1616 2 2 1 3 741 779 743
1617 2 2 1 3 127 406 128
1618 2 2 1 3 632 684 639
1619 2 2 1 3 516 518 507
1620 2 2 1 3 75 409 76
1621 2 2 1 3 576 943 619
1622 2 2 1 3 676 965 512
1623 2 2 1 3 398 932 83
1624 2 2 1 3 84 932 420
1625 2 2 1 3 466 949 463
1626 2 2 1 3 945 957 923
1627 2 2 1 3 599 934 606
1628 2 2 1 3 919 949 470
1629 2 2 1 3 473 935 478
1630 2 2 1 3 601 940 603
1631 2 2 1 3 619 652 612
1632 2 2 1 3 805 810 807
1633 2 2 1 3 694 712 693
1634 2 2 1 3 520 549 532
1635 2 2 1 3 478 935 685
1636 2 2 1 3 82 933 398
1637 2 2 1 3 576 612 605
1638 2 2 1 3 489 945 502
1639 2 2 1 3 684 717 639
1640 2 2 1 3 519 553 518
1641 2 2 1 3 494 965 891
1642 2 2 1 3 813 815 814
1643 2 2 1 3 796 798 797
1644 2 2 1 3 124 927 397
1645 2 2 1 3 507 938 506
1646 2 2 1 3 618 642 641
1647 2 2 1 3 920 962 949
1648 2 2 1 3 128 941 129
1649 2 2 1 3 644 693 577
1650 2 2 1 3 553 576 554
1651 2 2 1 3 642 889 641
1652 2 2 1 3 661 967 660
1653 2 2 1 3 582 635 580
1654 2 2 1 3 873 965 676
1655 2 2 1 3 477 954 475
1656 2 2 1 3 810 840 811
1657 2 2 1 3 424 933 81
1658 2 2 1 3 552 577 551
1659 2 2 1 3 733 769 725
1660 2 2 1 3 651 964 678
1661 2 2 1 3 470 949 466
1662 2 2 1 3 540 946 598
1663 2 2 1 3 921 977 596
1664 2 2 1 3 578 644 577
1665 2 2 1 3 657 658 656
1666 2 2 1 3 929 954 483
1667 2 2 1 3 539 946 540
1668 2 2 1 3 694 731 712
1669 2 2 1 3 129 425 130
1670 2 2 1 3 72 414 73
1671 2 2 1 3 603 940 632
1672 2 2 1 3 606 940 601
1673 2 2 1 3 680 946 571
1674 2 2 1 3 687 730 689
1675 2 2 1 3 80 936 424
1676 2 2 1 3 518 938 507
1677 2 2 1 3 475 954 935
1678 2 2 1 3 497 957 491
1679 2 2 1 3 589 590 575
1680 2 2 1 3 483 954 477
1681 2 2 1 3 644 694 693
1682 2 2 1 3 550 951 487
1683 2 2 1 3 639 953 640
1684 2 2 1 3 802 915 710
1685 2 2 1 3 1000 1060 435
1686 2 2 1 3 526 948 519
1687 2 2 1 3 491 957 945
1688 2 2 1 3 493 951 501
1689 2 2 1 3 510 947 509
1690 2 2 1 3 606 969 940
1691 2 2 1 3 509 947 520
1692 2 2 1 3 571 946 539
1693 2 2 1 3 403 936 79
1694 2 2 1 3 554 938 518
1695 2 2 1 3 533 961 565
1696 2 2 1 3 916 977 975
1697 2 2 1 3 437 802 710
1698 2 2 1 3 506 957 497
1699 2 2 1 3 519 948 553
1700 2 2 1 3 487 951 493
1701 2 2 1 3 632 940 684
1702 2 2 1 3 602 985 600
1703 2 2 1 3 461 962 464
1704 2 2 1 3 666 972 691
1705 2 2 1 3 568 961 533
1706 2 2 1 3 796 797 793
1707 2 2 1 3 701 775 647
1708 2 2 1 3 930 972 667
1709 2 2 1 3 761 763 658
1710 2 2 1 3 833 973 815
1711 2 2 1 3 551 948 526
1712 2 2 1 3 725 952 723
1713 2 2 1 3 520 947 549
1714 2 2 1 3 535 978 588
1715 2 2 1 3 723 952 770
1716 2 2 1 3 643 950 741
1717 2 2 1 3 981 985 713
1718 2 2 1 3 917 982 692
1719 2 2 1 3 565 961 618
1720 2 2 1 3 946 968 598
1721 2 2 1 3 677 966 944
1722 2 2 1 3 682 968 680
1723 2 2 1 3 949 962 463
1724 2 2 1 3 717 953 639
1725 2 2 1 3 409 942 76
1726 2 2 1 3 686 688 687
1727 2 2 1 3 437 438 436
1728 2 2 1 3 690 967 664
1729 2 2 1 3 70 429 71
1730 2 2 1 3 623 959 657
1731 2 2 1 3 940 969 684
1732 2 2 1 3 130 960 131
1733 2 2 1 3 580 955 578
1734 2 2 1 3 463 962 461
1735 2 2 1 3 415 765 764
1736 2 2 1 3 558 560 559
1737 2 2 1 3 512 965 494
1738 2 2 1 3 781 966 677
1739 2 2 1 3 578 955 644
1740 2 2 1 3 623 656 655
1741 2 2 1 3 962 976 464
1742 2 2 1 3 686 687 642
1743 2 2 1 3 708 964 651
1744 2 2 1 3 891 963 892
1745 2 2 1 3 741 950 779
1746 2 2 1 3 680 968 946
1747 2 2 1 3 975 977 685
1748 2 2 1 3 406 941 128
1749 2 2 1 3 508 970 492
1750 2 2 1 3 769 952 725
1751 2 2 1 3 944 966 876
1752 2 2 1 3 664 967 661
1753 2 2 1 3 782 996 508
1754 2 2 1 3 590 623 622
1755 2 2 1 3 618 686 642
1756 2 2 1 3 635 955 580
1757 2 2 1 3 791 989 823
1758 2 2 1 3 921 985 981
1759 2 2 1 3 69 956 70
1760 2 2 1 3 656 757 655
1761 2 2 1 3 574 575 564
1762 2 2 1 3 701 1006 775
1763 2 2 1 3 452 986 450
1764 2 2 1 3 590 622 575
1765 2 2 1 3 537 978 535
1766 2 2 1 3 598 968 934
1767 2 2 1 3 480 976 550
1768 2 2 1 3 129 941 425
1769 2 2 1 3 658 958 656
1770 2 2 1 3 131 432 132
1771 2 2 1 3 623 655 622
1772 2 2 1 3 713 988 714
1773 2 2 1 3 693 971 577
1774 2 2 1 3 684 969 718
1775 2 2 1 3 698 978 620
1776 2 2 1 3 667 972 666
1777 2 2 1 3 618 961 686
1778 2 2 1 3 948 971 943
1779 2 2 1 3 685 981 627
1780 2 2 1 3 68 434 69
1781 2 2 1 3 917 987 982
1782 2 2 1 3 814 995 903
1783 2 2 1 3 551 971 948
1784 2 2 1 3 561 562 560
1785 2 2 1 3 920 976 962
1786 2 2 1 3 656 958 757
1787 2 2 1 3 577 971 551
1788 2 2 1 3 763 958 658
1789 2 2 1 3 954 975 935
1790 2 2 1 3 916 975 929
1791 2 2 1 3 425 960 130
1792 2 2 1 3 631 992 630
1793 2 2 1 3 506 979 957
1794 2 2 1 3 629 990 715
1795 2 2 1 3 568 980 961
1796 2 2 1 3 929 975 954
1797 2 2 1 3 976 982 550
1798 2 2 1 3 695 979 938
1799 2 2 1 3 693 984 971
1800 2 2 1 3 583 974 536
1801 2 2 1 3 921 981 977
1802 2 2 1 3 464 976 480
1803 2 2 1 3 596 977 916
1804 2 2 1 3 659 701 647
1805 2 2 1 3 935 975 685
1806 2 2 1 3 957 979 923
1807 2 2 1 3 977 981 685
1808 2 2 1 3 971 984 943
1809 2 2 1 3 70 956 429
1810 2 2 1 3 102 997 103
1811 2 2 1 3 627 981 713
1812 2 2 1 3 498 983 925
1813 2 2 1 3 793 989 791
1814 2 2 1 3 557 558 556
1815 2 2 1 3 712 984 693
1816 2 2 1 3 630 999 988
1817 2 2 1 3 131 960 432
1818 2 2 1 3 692 982 920
1819 2 2 1 3 564 801 584
1820 2 2 1 3 951 987 679
1821 2 2 1 3 613 994 605
1822 2 2 1 3 961 980 686
1823 2 2 1 3 938 979 506
1824 2 2 1 3 690 996 967
1825 2 2 1 3 818 1003 592
1826 2 2 1 3 985 988 713
1827 2 2 1 3 816 1092 730
1828 2 2 1 3 920 982 976
1829 2 2 1 3 538 557 556
1830 2 2 1 3 675 1004 818
1831 2 2 1 3 686 980 688
1832 2 2 1 3 562 574 564
1833 2 2 1 3 602 988 985
1834 2 2 1 3 982 987 550
1835 2 2 1 3 600 985 921
1836 2 2 1 3 821 1020 169
1837 2 2 1 3 925 986 452
1838 2 2 1 3 434 956 69
1839 2 2 1 3 990 994 715
1840 2 2 1 3 695 990 979
1841 2 2 1 3 987 993 679
1842 2 2 1 3 558 561 560
1843 2 2 1 3 943 984 619
1844 2 2 1 3 967 996 782
1845 2 2 1 3 801 1001 659
1846 2 2 1 3 979 990 923
1847 2 2 1 3 654 780 585
1848 2 2 1 3 655 1001 622
1849 2 2 1 3 550 987 951
1850 2 2 1 3 679 993 716
1851 2 2 1 3 917 993 987
1852 2 2 1 3 1018 1083 1017
1853 2 2 1 3 797 989 793
1854 2 2 1 3 697 698 620
1855 2 2 1 3 923 990 629
1856 2 2 1 3 674 991 930
1857 2 2 1 3 696 992 631
1858 2 2 1 3 790 1002 794
1859 2 2 1 3 592 1003 469
1860 2 2 1 3 485 1004 675
1861 2 2 1 3 474 1004 476
1862 2 2 1 3 758 759 709
1863 2 2 1 3 714 993 917
1864 2 2 1 3 659 1001 750
1865 2 2 1 3 471 1003 474
1866 2 2 1 3 884 1035 652
1867 2 2 1 3 574 1008 591
1868 2 2 1 3 605 994 695
1869 2 2 1 3 903 995 789
1870 2 2 1 3 980 1049 688
1871 2 2 1 3 695 994 990
1872 2 2 1 3 417 997 102
1873 2 2 1 3 622 1001 801
1874 2 2 1 3 778 996 690
1875 2 2 1 3 415 764 112
1876 2 2 1 3 584 801 659
1877 2 2 1 3 716 1005 510
1878 2 2 1 3 993 999 716
1879 2 2 1 3 761 1007 763
1880 2 2 1 3 696 1005 992
1881 2 2 1 3 712 1059 1044
1882 2 2 1 3 561 1008 562
1883 2 2 1 3 714 999 993
1884 2 2 1 3 702 1017 727
1885 2 2 1 3 412 437 436
1886 2 2 1 3 659 750 701
1887 2 2 1 3 988 999 714
1888 2 2 1 3 992 1005 716
1889 2 2 1 3 750 752 701
1890 2 2 1 3 110 433 111
1891 2 2 1 3 118 1011 422
1892 2 2 1 3 399 1011 117
1893 2 2 1 3 557 1009 558
1894 2 2 1 3 980 1056 1049
1895 2 2 1 3 995 1002 789
1896 2 2 1 3 108 427 109
1897 2 2 1 3 654 998 780
1898 2 2 1 3 789 1002 790
1899 2 2 1 3 765 768 767
1900 2 2 1 3 709 998 654
1901 2 2 1 3 476 1004 485
1902 2 2 1 3 469 1003 471
1903 2 2 1 3 829 1048 745
1904 2 2 1 3 759 998 709
1905 2 2 1 3 94 430 95
1906 2 2 1 3 510 1005 947
1907 2 2 1 3 887 1029 886
1908 2 2 1 3 652 1044 884
1909 2 2 1 3 1017 1083 430
1910 2 2 1 3 783 1007 761
1911 2 2 1 3 97 410 9
1912 2 2 1 3 849 1022 846
1913 2 2 1 3 947 1013 549
1914 2 2 1 3 393 1015 91
1915 2 2 1 3 765 767 764
1916 2 2 1 3 717 1045 953
1917 2 2 1 3 798 1012 797
1918 2 2 1 3 800 1012 798
1919 2 2 1 3 202 1016 201
1920 2 2 1 3 562 1008 574
1921 2 2 1 3 746 1028 774
1922 2 2 1 3 797 1012 820
1923 2 2 1 3 558 1009 561
1924 2 2 1 3 886 1019 880
1925 2 2 1 3 744 1024 942
1926 2 2 1 3 728 1018 1017
1927 2 2 1 3 586 1050 776
1928 2 2 1 3 117 1011 118
1929 2 2 1 3 696 1013 1005
1930 2 2 1 3 747 1028 746
1931 2 2 1 3 410 1076 1006
1932 2 2 1 3 774 1028 421
1933 2 2 1 3 114 1021 115
1934 2 2 1 3 752 1006 701
1935 2 2 1 3 766 1010 765
1936 2 2 1 3 717 1055 1045
1937 2 2 1 3 397 1022 125
1938 2 2 1 3 1066 1078 1032
1939 2 2 1 3 78 1024 403
1940 2 2 1 3 942 1024 77
1941 2 2 1 3 392 1062 838
1942 2 2 1 3 532 1025 568
1943 2 2 1 3 1006 1076 775
1944 2 2 1 3 395 1084 755
1945 2 2 1 3 755 1084 420
1946 2 2 1 3 843 1014 842
1947 2 2 1 3 169 1020 168
1948 2 2 1 3 968 1026 934
1949 2 2 1 3 737 1054 753
1950 2 2 1 3 809 1041 429
1951 2 2 1 3 842 1023 840
1952 2 2 1 3 703 1030 851
1953 2 2 1 3 715 1029 887
1954 2 2 1 3 1076 1087 1018
1955 2 2 1 3 964 1027 830
1956 2 2 1 3 765 1010 768
1957 2 2 1 3 688 1049 878
1958 2 2 1 3 1005 1013 947
1959 2 2 1 3 568 1056 980
1960 2 2 1 3 821 1067 1020
1961 2 2 1 3 811 1031 807
1962 2 2 1 3 728 1017 702
1963 2 2 1 3 883 1035 884
1964 2 2 1 3 816 1038 411
1965 2 2 1 3 719 1037 707
1966 2 2 1 3 96 1083 1018
1967 2 2 1 3 1018 1087 96
1968 2 2 1 3 881 1035 882
1969 2 2 1 3 414 1033 73
1970 2 2 1 3 753 1039 889
1971 2 2 1 3 91 1015 92
1972 2 2 1 3 201 1016 428
1973 2 2 1 3 681 1036 682
1974 2 2 1 3 878 1049 857
1975 2 2 1 3 848 1037 849
1976 2 2 1 3 994 1029 715
1977 2 2 1 3 718 1055 717
1978 2 2 1 3 808 1041 806
1979 2 2 1 3 875 1041 808
1980 2 2 1 3 733 1050 769
1981 2 2 1 3 953 1045 860
1982 2 2 1 3 894 1061 731
1983 2 2 1 3 93 1047 404
1984 2 2 1 3 612 1040 613
1985 2 2 1 3 1046 1090 754
1986 2 2 1 3 834 1043 392
1987 2 2 1 3 66 1020 67
1988 2 2 1 3 860 1045 416
1989 2 2 1 3 392 1043 121
1990 2 2 1 3 122 1043 423
1991 2 2 1 3 415 1058 766
1992 2 2 1 3 880 1019 881
1993 2 2 1 3 936 1079 830
1994 2 2 1 3 718 1064 1055
1995 2 2 1 3 619 1044 652
1996 2 2 1 3 731 1069 894
1997 2 2 1 3 933 1053 398
1998 2 2 1 3 859 1034 911
1999 2 2 1 3 829 1079 1048
2000 2 2 1 3 8 1032 94
2001 2 2 1 3 1044 1059 884
2002 2 2 1 3 115 1052 116
2003 2 2 1 3 125 1022 126
2004 2 2 1 3 408 1021 114
2005 2 2 1 3 840 1023 811
2006 2 2 1 3 728 1076 1018
2007 2 2 1 3 712 1044 984
2008 2 2 1 3 720 1057 874
2009 2 2 1 3 77 1024 78
2010 2 2 1 3 549 1025 532
2011 2 2 1 3 1014 1081 842
2012 2 2 1 3 812 1086 431
2013 2 2 1 3 682 1026 968
2014 2 2 1 3 408 1075 1021
2015 2 2 1 3 179 1061 894
2016 2 2 1 3 405 1061 180
2017 2 2 1 3 927 1046 847
2018 2 2 1 3 423 1090 1046
2019 2 2 1 3 867 1028 747
2020 2 2 1 3 899 1064 897
2021 2 2 1 3 404 1066 1032
2022 2 2 1 3 708 1027 964
2023 2 2 1 3 120 1062 392
2024 2 2 1 3 422 1062 119
2025 2 2 1 3 414 1063 875
2026 2 2 1 3 845 1074 847
2027 2 2 1 3 75 1065 409
2028 2 2 1 3 72 1063 414
2029 2 2 1 3 898 1085 896
2030 2 2 1 3 429 1063 71
2031 2 2 1 3 1013 1034 549
2032 2 2 1 3 694 1069 731
2033 2 2 1 3 582 1093 635
2034 2 2 1 3 86 1084 395
2035 2 2 1 3 420 1084 85
2036 2 2 1 3 404 1032 8
2037 2 2 1 3 12 1071 202
2038 2 2 1 3 94 1032 430
2039 2 2 1 3 68 1067 434
2040 2 2 1 3 168 1020 66
2041 2 2 1 3 435 1060 10
2042 2 2 1 3 132 1071 12
2043 2 2 1 3 955 1081 729
2044 2 2 1 3 934 1077 606
2045 2 2 1 3 613 1029 994
2046 2 2 1 3 1028 1042 421
2047 2 2 1 3 1064 1072 897
2048 2 2 1 3 1015 1047 92
2049 2 2 1 3 613 1040 1019
2050 2 2 1 3 897 1072 898
2051 2 2 1 3 1053 1082 398
2052 2 2 1 3 733 1075 767
2053 2 2 1 3 911 1034 1013
2054 2 2 1 3 704 1030 703
2055 2 2 1 3 1068 1070 427
2056 2 2 1 3 729 1081 1014
2057 2 2 1 3 1072 1077 898
2058 2 2 1 3 807 1031 808
2059 2 2 1 3 863 1046 754
2060 2 2 1 3 73 1033 74
2061 2 2 1 3 635 1093 1023
2062 2 2 1 3 1026 1085 898
2063 2 2 1 3 932 1082 851
2064 2 2 1 3 634 1051 1000
2065 2 2 1 3 10 1060 108
2066 2 2 1 3 941 1039 425
2067 2 2 1 3 847 1046 863
2068 2 2 1 3 708 1053 1027
2069 2 2 1 3 882 1035 883
2070 2 2 1 3 410 1088 9
2071 2 2 1 3 738 1036 681
2072 2 2 1 3 707 1037 848
2073 2 2 1 3 111 1058 11
2074 2 2 1 3 1067 1086 434
2075 2 2 1 3 1006 1088 410
2076 2 2 1 3 1010 1051 634
2077 2 2 1 3 549 1034 1025
2078 2 2 1 3 732 1075 733
2079 2 2 1 3 411 1038 878
2080 2 2 1 3 869 1042 867
2081 2 2 1 3 108 1060 427
2082 2 2 1 3 941 1091 1039
2083 2 2 1 3 889 1039 719
2084 2 2 1 3 867 1042 1028
2085 2 2 1 3 769 1050 586
2086 2 2 1 3 806 1041 809
2087 2 2 1 3 433 1058 111
2088 2 2 1 3 870 1089 1073
2089 2 2 1 3 652 1040 612
2090 2 2 1 3 11 1058 415
2091 2 2 1 3 397 1074 1022
2092 2 2 1 3 1019 1040 881
2093 2 2 1 3 1024 1048 403
2094 2 2 1 3 421 1042 926
2095 2 2 1 3 1039 1091 719
2096 2 2 1 3 428 1092 816
2097 2 2 1 3 9 1088 98
2098 2 2 1 3 1073 1089 393
2099 2 2 1 3 830 1079 829
2100 2 2 1 3 121 1043 122
2101 2 2 1 3 984 1044 619
2102 2 2 1 3 1033 1065 74
2103 2 2 1 3 416 1045 890
2104 2 2 1 3 423 1046 927
2105 2 2 1 3 1023 1093 811
2106 2 2 1 3 92 1047 93
2107 2 2 1 3 745 1048 744
2108 2 2 1 3 398 1082 932
2109 2 2 1 3 857 1049 856
2110 2 2 1 3 869 1073 1042
2111 2 2 1 3 1045 1055 890
2112 2 2 1 3 116 1052 399
2113 2 2 1 3 410 1087 1076
2114 2 2 1 3 731 1059 712
2115 2 2 1 3 95 1083 96
2116 2 2 1 3 96 1087 97
2117 2 2 1 3 682 1085 1026
2118 2 2 1 3 1020 1067 67
2119 2 2 1 3 1049 1056 856
2120 2 2 1 3 1048 1079 403
2121 2 2 1 3 1042 1073 926
2122 2 2 1 3 739 1053 708
2123 2 2 1 3 766 1051 1010
2124 2 2 1 3 890 1055 391
2125 2 2 1 3 399 1057 1011
2126 2 2 1 3 1022 1074 846
2127 2 2 1 3 960 1054 432
2128 2 2 1 3 856 1056 858
2129 2 2 1 3 756 1057 720
2130 2 2 1 3 884 1059 405
2131 2 2 1 3 202 1071 1016
2132 2 2 1 3 1055 1064 391
2133 2 2 1 3 744 1048 1024
2134 2 2 1 3 180 1061 179
2135 2 2 1 3 870 1073 869
2136 2 2 1 3 1017 1078 727
2137 2 2 1 3 119 1062 120
2138 2 2 1 3 391 1064 899
2139 2 2 1 3 739 1082 1053
2140 2 2 1 3 71 1063 72
2141 2 2 1 3 767 1075 408
2142 2 2 1 3 1011 1057 756
2143 2 2 1 3 727 1066 758
2144 2 2 1 3 74 1065 75
2145 2 2 1 3 727 1078 1066
2146 2 2 1 3 67 1067 68
2147 2 2 1 3 719 1091 1037
2148 2 2 1 3 775 1076 728
2149 2 2 1 3 729 1069 694
2150 2 2 1 3 109 1070 110
2151 2 2 1 3 432 1071 132
2152 2 2 1 3 1043 1090 423
2153 2 2 1 3 718 1072 1064
2154 2 2 1 3 926 1073 393
2155 2 2 1 3 846 1074 845
2156 2 2 1 3 969 1072 718
2157 2 2 1 3 726 1089 870
2158 2 2 1 3 393 1089 1015
2159 2 2 1 3 969 1077 1072
2160 2 2 1 3 110 1070 433
2161 2 2 1 3 427 1070 109
2162 2 2 1 3 1016 1071 432
2163 2 2 1 3 431 1086 821
2164 2 2 1 3 606 1077 969
2165 2 2 1 3 403 1079 936
2166 2 2 1 3 851 1082 739
2167 2 2 1 3 896 1085 900
2168 2 2 1 3 85 1084 86
2169 2 2 1 3 754 1090 834
2170 2 2 1 3 635 1081 955
2171 2 2 1 3 730 1092 737
2172 2 2 1 3 616 1093 582
2173 2 2 1 3 406 1091 941
2174 2 2 1 3 430 1083 95
2175 2 2 1 3 821 1086 1067
2176 2 2 1 3 430 1078 1017
2177 2 2 1 3 97 1087 410
2178 2 2 1 3 1015 1089 726
2179 2 2 1 3 1016 1080 428
2180 2 2 1 3 1051 1068 1000
2181 2 2 1 3 1037 1091 406
2182 2 2 1 3 1032 1078 430
2183 2 2 1 3 834 1090 1043
2184 2 2 1 3 737 1080 1054
2185 2 2 1 3 737 1092 1080
2186 2 2 1 3 1080 1092 428
$EndElements
