$MeshFormat
2.2 0 8
$EndMeshFormat
$PhysicalNames
7
0 6 "separation-inf"
0 7 "separation-sup"
1 4 "pressure"
1 5 "fixed"
2 1 "body"
2 2 "cover"
2 3 "scar"
$EndPhysicalNames
$Nodes
1094
1 0.6754664043757063 0.4998629534754574 0
2 0.6141515133169286 0.4966495761980856 0
3 0.5742063319267456 0.4945561379483682 0
4 0.4727903172005901 0.4892411498328348 0
5 0.3657340441691846 0.4358648610726302 0
6 0 0 0
7 0.06527036446661391 -1.301042606982605e-16 0
8 0.4040362663251333 0.4037254805883031 0
9 0.4754071150127369 0.4393096730951061 0
10 0.6780832021878531 0.4499314767377288 0
11 0.7306999999999999 0.4 0
12 0.7306999999999998 0 0
13 0.7806999999999999 0 0
14 0.7806999999999999 0.4 0
15 0.6601376816110118 0.4990596091561144 0
16 0.6448089588463174 0.4982562648367715 0
17 0.629480236081623 0.4974529205174286 0
18 0.6090418204678582 0.4822202464303537 1.197885362155364e-19
19 0.5952256417466959 0.4756302663781353 1.694065894508593e-19
20 0.5807963090103558 0.4807399619001524 1.19788536215536e-19
21 0.5573036628057197 0.4936703065957793 0
22 0.5404009936846939 0.4927844752431904 0
23 0.523498324563668 0.4918986438906015 0
24 0.5065956554426421 0.4910128125380127 0
25 0.4896929863216162 0.4901269811854237 0
26 0.4553304392647099 0.4872959338991283 0
27 0.4382177408617575 0.4833226788186971 0
28 0.4216869558889431 0.4773758855023666 0
29 0.4059648361705108 0.4695371257711422 0
30 0.3912670411160414 0.4599139234402445 0
31 0.3777951795327663 0.4486382794211359 0
32 0.3539361717766302 0.4218047042638357 0
33 0.3421382993840759 0.4077445474550412 0
34 0.3303404269915215 0.3936843906462466 0
35 0.3185425545989671 0.3796242338374521 0
36 0.3067446822064128 0.3655640770286576 0
37 0.2949468098138585 0.351503920219863 0
38 0.2831489374213041 0.3374437634110685 0
39 0.2713510650287497 0.3233836066022739 0
40 0.2595531926361954 0.3093234497934794 0
41 0.247755320243641 0.2952632929846847 0
42 0.2359574478510866 0.2812031361758902 0
43 0.2241595754585322 0.2671429793670956 0
44 0.2123617030659778 0.2530828225583009 0
45 0.2005638306734234 0.2390226657495064 0
46 0.188765958280869 0.2249625089407118 0
47 0.1769680858883146 0.2109023521319172 0
48 0.1651702134957603 0.1968421953231227 0
49 0.153372341103206 0.1827820385143283 0
50 0.1415744687106517 0.1687218817055337 0
51 0.1297765963180974 0.1546617248967392 0
52 0.1179787239255431 0.1406015680879448 0
53 0.1061808515329888 0.1265414112791503 0
54 0.09438297914043453 0.1124812544703558 0
55 0.08258510674788017 0.09842109766156132 0
56 0.07078723435532586 0.0843609408527668 0
57 0.05898936196277155 0.07030078404397233 0
58 0.04719148957021724 0.05624062723517786 0
59 0.03539361717766293 0.04218047042638334 0
60 0.02359574478510867 0.02812031361758888 0
61 0.01179787239255431 0.01406015680879436 0
62 0.0163175911166535 0 0
63 0.03263518223330703 0 0
64 0.04895277334996048 0 0
65 0.07695194728932159 0.0139215682961481 0
66 0.08863353011202912 0.02784313659229654 0
67 0.1003151129347367 0.04176470488844486 0
68 0.1119966957574442 0.05568627318459324 0
69 0.1236782785801517 0.06960784148074162 0
70 0.1353598614028593 0.08352940977689 0
71 0.1470414442255668 0.09745097807303832 0
72 0.1587230270482744 0.1113725463691868 0
73 0.1704046098709819 0.1252941146653351 0
74 0.1820861926936895 0.1392156829614835 0
75 0.1937677755163971 0.1531372512576319 0
76 0.2054493583391046 0.1670588195537803 0
77 0.2171309411618121 0.1809803878499286 0
78 0.2288125239845197 0.194901956146077 0
79 0.2404941068072272 0.2088235244422254 0
80 0.2521756896299348 0.2227450927383737 0
81 0.2638572724526423 0.2366666610345221 0
82 0.2755388552753499 0.2505882293306705 0
83 0.2872204380980575 0.264509797626819 0
84 0.2989020209207651 0.2784313659229674 0
85 0.3105836037434727 0.2923529342191159 0
86 0.3222651865661804 0.3062745025152643 0
87 0.333946769388888 0.3201960708114128 0
88 0.3456283522115955 0.3341176391075612 0
89 0.3573099350343032 0.3480392074037096 0
90 0.3689915178570107 0.361960775699858 0
91 0.3806731006797182 0.3758823439960064 0
92 0.3923546835024258 0.3898039122921548 0
93 0.4155632889104461 0.4153738503531371 0
94 0.4288380096997182 0.4249831456356997 0
95 0.4435039270820078 0.4322953023077403 0
96 0.459167177920325 0.4371139474530656 0
97 0.4938322138468384 0.4402752916080718 0
98 0.51225731268094 0.4412409101210375 0
99 0.5306824115150415 0.4422065286340032 0
100 0.549107510349143 0.4431721471469689 0
101 0.5675326091832444 0.4441377656599346 0
102 0.5859577080173459 0.4451033841729003 0
103 0.6043828068514474 0.446069002685866 0
104 0.6228079056855489 0.4470346211988317 0
105 0.6412330045196503 0.4480002397117974 0
106 0.6596581033537516 0.4489658582247631 0
107 0.6941459910307635 0.4481581283398828 0
108 0.7088041688926067 0.441354028713728 0
109 0.7205264959012098 0.4302299557431187 0
110 0.7280884205004792 0.4159479654649035 0
111 0.7306999999999999 0.3818181818181818 0
112 0.7306999999999999 0.3636363636363637 0
113 0.7306999999999999 0.3454545454545456 0
114 0.7306999999999999 0.3272727272727274 0
115 0.7306999999999999 0.3090909090909092 0
116 0.7306999999999999 0.290909090909091 0
117 0.7306999999999999 0.2727272727272728 0
118 0.7306999999999999 0.2545454545454546 0
119 0.7306999999999999 0.2363636363636365 0
120 0.7306999999999999 0.2181818181818183 0
121 0.7306999999999999 0.2000000000000001 0
122 0.7306999999999999 0.1818181818181819 0
123 0.7306999999999999 0.1636363636363637 0
124 0.7306999999999999 0.1454545454545455 0
125 0.7306999999999999 0.1272727272727273 0
126 0.7306999999999999 0.1090909090909091 0
127 0.7306999999999999 0.09090909090909099 0
128 0.7306999999999999 0.07272727272727275 0
129 0.7306999999999999 0.05454545454545456 0
130 0.7306999999999999 0.03636363636363638 0
131 0.7306999999999999 0.01818181818181819 0
132 0.7473666666666665 0 0
133 0.7640333333333333 0 0
134 0.7806999999999999 0.01818181818181816 0
135 0.7806999999999999 0.03636363636363633 0
136 0.7806999999999999 0.05454545454545447 0
137 0.7806999999999999 0.07272727272727263 0
138 0.7806999999999999 0.09090909090909081 0
139 0.7806999999999999 0.109090909090909 0
140 0.7806999999999999 0.1272727272727272 0
141 0.7806999999999999 0.1454545454545454 0
142 0.7806999999999999 0.1636363636363636 0
143 0.7806999999999999 0.1818181818181818 0
144 0.7806999999999999 0.2 0
145 0.7806999999999999 0.2181818181818181 0
146 0.7806999999999999 0.2363636363636363 0
147 0.7806999999999999 0.2545454545454545 0
148 0.7806999999999999 0.2727272727272727 0
149 0.7806999999999999 0.2909090909090909 0
150 0.7806999999999999 0.309090909090909 0
151 0.7806999999999999 0.3272727272727273 0
152 0.7806999999999999 0.3454545454545455 0
153 0.7806999999999999 0.3636363636363636 0
154 0.7806999999999999 0.3818181818181818 0
155 0.7790780848522558 0.4179374585937456 0
156 0.7742649515839531 0.4352930564713867 0
157 0.7664167300702113 0.4515038074910052 0
158 0.7557880032981501 0.4660438623999005 0
159 0.7427235491268263 0.4784415664919572 0
160 0.7276471562785896 0.4882947592858924 0
161 0.7110478773521176 0.4952838199287833 0
162 0.6934641647860601 0.499182035154126 0
163 0.6008364528535343 0.4959517634481798 0
164 0.58752139239014 0.495253950698274 0
165 0.08375452100920794 0 0
166 0.102238677551802 0 0
167 0.120722834094396 0 0
168 0.13920699063699 0 0
169 0.157691147179584 0 0
170 0.176175303722178 0 0
171 0.194659460264772 0 0
172 0.213143616807366 0 0
173 0.2316277733499601 0 0
174 0.2501119298925542 0 0
175 0.2685960864351482 0 0
176 0.2870802429777423 0 0
177 0.3055643995203364 0 0
178 0.3240485560629304 0 0
179 0.3425327126055245 0 0
180 0.3610168691481186 0 0
181 0.3795010256907126 0 0
182 0.3979851822333066 0 0
183 0.4164693387759007 0 0
184 0.4349534953184948 0 0
185 0.4534376518610889 0 0
186 0.4719218084036829 0 0
187 0.490405964946277 0 0
188 0.5088901214888711 0 0
189 0.5273742780314651 0 0
190 0.5458584345740591 0 0
191 0.5643425911166533 0 0
192 0.5828267476592474 0 0
193 0.6013109042018414 0 0
194 0.6197950607444355 0 0
195 0.6382792172870295 0 0
196 0.6567633738296236 0 0
197 0.6752475303722176 0 0
198 0.6937316869148117 0 0
199 0.7122158434574057 0 0
200 0.6684411484686288 0.4877958443833745 0
201 0.725625833699425 0.4473387503592153 0
202 0.4818091542114298 0.4759626393686353 0
203 0.4306209117154999 0.4399408461427731 0
204 0.6366368680985824 0.484669543939013 0
205 0.4009962701898639 0.4192821626681777 0
206 0.7425632177211687 0.4121663975801894 0
207 0.6875045614540021 0.4643142661441896 0
208 0.7556999999999999 0.01443375672974062 0
209 0.4466940934544007 0.4722340653868958 0
210 0.5158141424579658 0.4768175873637359 0
211 0.5513259864044933 0.4774476215175677 0
212 0.7471191771193572 0.3567832218143903 0
213 0.7457158425377117 0.2984222507192653 0
214 0.7464459164324442 0.09999999999999998 0
215 0.765544963890186 0.04551076034490542 0
216 0.7460454100068556 0.2461482429324227 0
217 0.7649540835675557 0.1545454545454544 0
218 0.7464459164324443 0.2090909090909092 0
219 0.3744574602860875 0.3929596756249573 0
220 0.3510942946406724 0.3651165390326605 0
221 0.3277311289952571 0.3372734024403636 0
222 0.304367963349842 0.3094302658480668 0
223 0.2810047977044269 0.2815871292557701 0
224 0.2576416320590114 0.2537439926634728 0
225 0.2342784664135966 0.2259008560711762 0
226 0.2109153007681814 0.1980577194788794 0
227 0.1875521351227665 0.1702145828865829 0
228 0.1641889694773511 0.1423714462942858 0
229 0.140825803831936 0.114528309701989 0
230 0.1174626381865209 0.08668517310969237 0
231 0.09409947254110562 0.05884203651739534 0
232 0.07085695086488719 0.03429751723518337 0
233 0.7073676030878153 0.4574504329283521 0
234 0.7366760245983811 0.4296377794084809 0
235 0.7650282073810991 0.3909090909090909 0
236 0.04220092769268269 0.02503024612361027 0
237 0.3711715940570379 0.4195198798813063 0
238 0.4034617890970649 0.4531485300020067 0
239 0.7464459164324443 0.06363636363636388 0
240 0.7464459164324443 0.1727272727272728 0
241 0.7648917958448196 0.2824264194151273 0
242 0.7649540835675556 0.1181818181818179 0
243 0.7644641848423276 0.3348996212377661 0
244 0.7464459164324443 0.1363636363636363 0
245 0.7649540835675556 0.1909090909090909 0
246 0.7648917958448196 0.2266644896757818 0
247 0.7649540835675557 0.08181818181818162 0
248 0.3484158161654076 0.3904972118480849 0
249 0.3248200713802987 0.3623768982304956 0
250 0.4650169387603798 0.4501940982110744 0
251 0.6694310904310774 0.4633348435543081 0
252 0.6547214233781914 0.4653241828783774 0
253 0.3012243265951901 0.3342565846129066 0
254 0.7239236035654188 0.4636016012352301 0
255 0.7420282955600258 0.4465507099891298 0
256 0.2776285818100813 0.3061362709953175 0
257 0.7007446937088786 0.4728579305984322 0
258 0.5022085131012963 0.4567147045221256 0
259 0.2540328370249724 0.2780159573777281 0
260 0.2304370922398638 0.2498956437601389 0
261 0.7523043329507345 0.4247016239386877 0
262 0.2068413474547549 0.2217753301425498 0
263 0.1832456026696466 0.1936550165249613 0
264 0.447645276694133 0.446066185330699 0
265 0.1596498578845374 0.1655347029073716 0
266 0.4331170029187661 0.4582644653510817 0
267 0.1360541130994291 0.1374143892897829 0
268 0.6287672069330451 0.4593903490522397 0
269 0.1124583683143207 0.1092940756721942 0
270 0.5400499256040762 0.4593096139590317 0
271 0.08886262352921148 0.08117376205460469 0
272 0.4151022889959038 0.4300563993842926 0
273 0.06499968311753235 0.05198589084953836 0
274 0.6067500753786557 0.4656580707699458 0
275 0.5759323872632833 0.4586110754169697 0
276 0.4832771567043242 0.4524166239332904 0
277 0.3889901711884431 0.4053902569144763 0
278 0.6887739470026235 0.4783089754052227 0
279 0.05542801983562951 0.01285459774075043 0
280 0.7460196705522604 0.3943343404587424 0
281 0.7498996321624447 0.3755671700662913 0
282 0.3973699617387969 0.4366003693821576 0
283 0.7618248152689803 0.40914346560542 0
284 0.5582566886838901 0.4594631629936421 0
285 0.7621897997991209 0.3643025797316298 0
286 0.5222881861563853 0.4589987938860431 0
287 0.0531734661410912 0.03946056939370923 0
288 0.3602747267841401 0.4049041653879324 0
289 0.1714243280847288 0.1795863420147291 0
290 0.100558261071936 0.09479285301944557 0
291 0.33659454158049 0.3764285373378533 0
292 0.2658350339678831 0.2921006399303319 0
293 0.2186158176549464 0.2358269692499071 0
294 0.2894030520102728 0.3201879101026746 0
295 0.242211562440055 0.263947282867497 0
296 0.3130265235380996 0.3483412671655102 0
297 0.1241338251042585 0.1228891161524022 0
298 0.1478285832996201 0.151466028397141 0
299 0.195047799612556 0.2077396990775644 0
300 0.07687705282155965 0.06618193172106562 0
301 0.7458550361098141 0.04551076034490564 0
302 0.7649540835675559 0.06363636363636355 0
303 0.7649540835675557 0.1727272727272726 0
304 0.7464459164324444 0.1545454545454544 0
305 0.7640115522373179 0.3187592696981141 0
306 0.7494522985674942 0.3270954145508125 0
307 0.7630238267844814 0.300462924903689 0
308 0.7464459164324442 0.1181818181818182 0
309 0.7649540835675555 0.1363636363636361 0
310 0.7459786589359243 0.2630582824047993 0
311 0.7621918328648886 0.2545454545454545 0
312 0.7476392988042589 0.281002499277808 0
313 0.7649540835675556 0.2090909090909091 0
314 0.7464459164324438 0.0818181818181819 0
315 0.7469223065599101 0.2274938666286309 0
316 0.7649540835675557 0.09999999999999976 0
317 0.7464459164324442 0.1909090909090909 0
318 0.269323214881719 0.2676655609596216 0
319 0.3394127118179648 0.3511949707365121 0
320 0.1758705523000594 0.156293014590433 0
321 0.1292490651284365 0.1010725461942601 0
322 0.2225968835908892 0.2119792877750279 0
323 0.3627758774633799 0.3790381073288088 0
324 0.1525073866546459 0.128449877998137 0
325 0.1058665942661593 0.07320640254041133 0
326 0.3160495461725502 0.323351834144215 0
327 0.2459600492363043 0.2398224243673245 0
328 0.1992337179454741 0.1841361511827301 0
329 0.292686380527135 0.2955086975519177 0
330 0.08252626251444173 0.04588921043863126 0
331 0.4988506027574826 0.4759627711205057 0
332 0.569548347352141 0.4718752521843587 0
333 0.5322295931452137 0.4762094559766951 0
334 0.6527976265071713 0.4830523896140568 0
335 0.5932991480713301 0.4599266040869123 0
336 0.4638748427572907 0.4744408839779652 0
337 0.7647064992764012 0.02739873203223897 0
338 0.7465672902027597 0.02725939090211665 0
339 0.3815961427817777 0.434722213522788 0
340 0.6219473057932596 0.4864653718254283 0
341 0.7400546442905171 0.4625467444964676 0
342 0.02696553458129969 0.01344891024500749 0
343 0.4185211408332091 0.4614444808503652 0
344 0.7146856527613735 0.4807171891201258 0
345 0.760171766846876 0.4373467335285162 0
346 0.04123648753857589 0.01026675082187367 0
347 0.4901457733080372 0.4647331650351147 0
348 0.7651507421054983 0.350814375855913 0
349 0.6390970367396577 0.4686285462062909 0
350 0.6213104369774256 0.4716726402438308 0
351 0.6637567843470954 0.4749831911605686 0
352 0.7636835977416485 0.2680508971526527 0
353 0.7635752242127456 0.2409601907818968 0
354 0.7450550054369269 0.3404895940859928 0
355 0.7448822092709338 0.3138888586524433 0
356 0.7675999571596406 0.3764795116352432 0
357 0.698813502461741 0.4863211603986003 0
358 0.5838579198306288 0.4692296951228947 0
359 0.4166111661226044 0.4458850409773597 0
360 0.4726464819067429 0.4630167266265923 0
361 0.7662886612188214 0.4244293885075183 0
362 0.7687905039668983 0.01236905823236278 0
363 0.7426094960331016 0.01236905823236278 0
364 0.433209976439917 0.4712937885201396 0
365 0.4545866411437182 0.4593589645309443 0
366 0.6177288411073911 0.4588034900883106 0
367 0.7288289400902728 0.4747343512019266 0
368 0.3753726817894818 0.4067618914479237 0
369 0.385916136957567 0.4203794623028049 0
370 0.7530284480924377 0.4522964334865144 0
371 0.05839812842356396 0.0270286644923618 0
372 0.3904224630027326 0.4472372584443203 0
373 0.5663499400431184 0.4850779487261961 0
374 0.6835079015630504 0.4890078519029685 0
375 0.7124407929301035 0.4686390163278222 0
376 0.747576103994921 0.4354916930002457 0
377 0.3614809701747538 0.3918497900474459 0
378 0.6757316679700556 0.476349275696852 0
379 0.7556999999999998 0.05456408718923478 0
380 0.7556999999999998 0.09090909090909083 0
381 0.7556999999999999 0.1454545454545453 0
382 0.7556999999999999 0.2000000000000001 0
383 0.7557 0.1636363636363635 0
384 0.7553176909928179 0.2905785235789724 0
385 0.7556999999999999 0.1818181818181819 0
386 0.7556999999999998 0.2181818181818183 0
387 0.7556999999999998 0.109090909090909 0
388 0.7557000000000001 0.07272727272727236 0
389 0.7556999999999999 0.1272727272727271 0
390 0.7557000000000011 0.03655797443011305 0
391 0.5946545934739043 0.4865265165265635 0
392 0.5181317129866028 0.01564087451850488 0
393 0.7141492064777983 0.2278781822108791 0
394 0.3746378798112069 0.3454367449906738 0
395 0.4446995934936007 0.01706715823878141 0
396 0.3285768516888198 0.2869953551078179 0
397 0.5218689133486881 0.4243828386394359 0
398 0.7154249217162673 0.1552584051740552 0
399 0.2803193130936348 0.233242248512912 0
400 0.7153729484926317 0.2995151893349079 0
401 0.3702711806855858 0.0160062219093085 0
402 0.5920563585032628 0.01599863382015415 0
403 0.5957586306550001 0.4295388797898623 0
404 0.2343172910948846 0.1783785078305933 0
405 0.4069064108421344 0.3858864234599538 0
406 0.3154031316543983 0.0149652196374811 0
407 0.7151230465456609 0.0992698456449872 0
408 0.2608943825298373 0.01940757401207743 0
409 0.7156105433095427 0.3560312053636202 0
410 0.2004077027634109 0.1340851520229819 0
411 0.4710385058856028 0.426295572983499 0
412 0.6471467210291334 0.01577693487148518 0
413 0.6512842273514963 0.4325840194443493 0
414 0.2037975389104157 0.01608480067097179 0
415 0.1653588549562214 0.09428588965570694 0
416 0.7160149874226985 0.3903388465761499 0
417 0.5551044179532111 0.015467803568392 0
418 0.5591563099287865 0.4276983527458808 0
419 0.4080993716730446 0.01668280566505598 0
420 0.4811575719026291 0.01600485859611289 0
421 0.3051371295747565 0.2650222006226535 0
422 0.3518439926052263 0.3170403074786102 0
423 0.7133468485938728 0.2619339275934379 0
424 0.717308880460119 0.1911356903822964 0
425 0.2582021044492658 0.2047748026324022 0
426 0.7149540835675555 0.06363636363636371 0
427 0.1668997558641011 0.01598830788370231 0
428 0.6964365765151267 0.4334740025484756 0
429 0.6849922849041411 0.01423617962990387 0
430 0.1439163341447535 0.0676981890372671 0
431 0.4293755986352136 0.4088244956425779 0
432 0.1299660266475212 0.0149127301555414 0
433 0.7164336111832417 0.02751208395361743 0
434 0.711314185759239 0.41633070649485 0
435 0.1175289188976459 0.03918414106933665 0
436 0.6687149242231727 0.4340731974371922 0
437 0.6612722417438637 0.4174351724017877 0
438 0.6430479591955227 0.4161585824214311 0
439 0.653277631497569 0.4009693880688874 0
440 0.6347095758726258 0.3998032307782303 0
441 0.6452164071690665 0.384438573211939 0
442 0.6266133955649891 0.3833297310298497 0
443 0.6371042504023093 0.3679984230087994 0
444 0.6186104239492084 0.3668410468421227 0
445 0.6290509094587113 0.351549503563119 0
446 0.6105869707621439 0.350388711404254 0
447 0.6210101492954511 0.3351162849088583 0
448 0.6027737501419907 0.3338486934047568 0
449 0.6130299731790818 0.3186678124399327 0
450 0.5948046473787814 0.3174092231769962 0
451 0.6049923071894902 0.3022545142943962 0
452 0.5867915463509366 0.3010022591236641 0
453 0.5969721143255367 0.2858535965835933 0
454 0.5787864351479034 0.284607881263223 0
455 0.5889741362142247 0.2694671870160767 0
456 0.5707771989762184 0.2682146499142181 0
457 0.5809749190480126 0.2530654514888685 0
458 0.5627493370794675 0.2518131174151222 0
459 0.5729672456677739 0.2366565855999203 0
460 0.5547244437458309 0.2354041102057597 0
461 0.5649441097772633 0.2202412188323849 0
462 0.5467018583160644 0.218985106530365 0
463 0.5364878767722465 0.2341487692793826 0
464 0.5284617808732804 0.217728318368675 0
465 0.5569236582022733 0.2038216557157331 0
466 0.5182541623149602 0.2328919334223431 0
467 0.5102230966862424 0.2164671420572678 0
468 0.5686205816366813 0.2997512534199903 0
469 0.5000197349359923 0.2316315133428676 0
470 0.4920272194603079 0.2151854307423656 0
471 0.5022043036428423 0.2000296141120163 0
472 0.4839943023502259 0.1987483144231871 0
473 0.4941745935500135 0.1835830406107181 0
474 0.4759042256011801 0.1823259181291833 0
475 0.4656729163727718 0.1975272416773822 0
476 0.457626554014883 0.1810790086027497 0
477 0.4473603463222683 0.1962406632700966 0
478 0.4393512806819061 0.1798227181995641 0
479 0.4861204696864719 0.1671303076253117 0
480 0.5751641547431859 0.2050797146525104 0
481 0.5671424010650652 0.1886456286527007 0
482 0.4291409423722622 0.1950205735964987 0
483 0.4210943666220351 0.1785782881269706 0
484 0.4313139488351966 0.1633767215384361 0
485 0.413035139713331 0.1621280313257044 0
486 0.437135043872601 0.211417150522093 0
487 0.5853904850059922 0.1898954756124046 0
488 0.5773583001010897 0.1734618982459268 0
489 0.4232650127836151 0.1469147117337825 0
490 0.4049704565959765 0.145664994680787 0
491 0.3947551515147279 0.1608837260322905 0
492 0.3866817368094698 0.1444216520121728 0
493 0.5956165808396614 0.1747151897057226 0
494 0.5875814959599073 0.1582786719115248 0
495 0.4189386835433594 0.2102041623963749 0
496 0.4269697636234038 0.226615915394651 0
497 0.3764666010329201 0.159634784723662 0
498 0.3683973131874022 0.1431783323849502 0
499 0.5992488663684132 0.2543075495521463 0
500 0.6058409822597659 0.1595455455280141 0
501 0.5978106993756606 0.1430904772450728 0
502 0.5795353584197865 0.1418236955538872 0
503 0.4151957934060567 0.1304400214089546 0
504 0.5080807166764392 0.2480922099577821 0
505 0.3581844302787427 0.1583866390793342 0
506 0.3501161787769276 0.1419349514306727 0
507 0.3603237888646836 0.1267229649422854 0
508 0.3420418688389644 0.125477008477946 0
509 0.6139038760364317 0.1759695675097901 0
510 0.589772513446149 0.126624901908622 0
511 0.5715295061098981 0.1253876119560645 0
512 0.6080560309012024 0.1278892698537456 0
513 0.4087517920405413 0.2253766572880777 0
514 0.4167778510633073 0.2417790892833424 0
515 0.592427817301998 0.3490466363537861 0
516 0.3318472568990442 0.1407066844190029 0
517 0.3237547893445024 0.1242405414258031 0
518 0.6232488215480347 0.3034057102208965 0
519 0.3339708346673889 0.1090096062907414 0
520 0.3156684215848738 0.1077792051813143 0
521 0.6000148920512423 0.1114213992201068 0
522 0.618305389910479 0.1126863005060268 0
523 0.4335097140695321 0.1316955579603906 0
524 0.4254327952910063 0.1152042821906516 0
525 0.4437626884190581 0.1164639984540737 0
526 0.3054513215401264 0.1230144304370872 0
527 0.2973691871935328 0.1065535191322224 0
528 0.3985456071962135 0.2405311665709676 0
529 0.4065858441492256 0.2569279291249774 0
530 0.4249108177286153 0.2581172752548014 0
531 0.4146309686681114 0.2732834218024811 0
532 0.4329134431400917 0.2744771708964988 0
533 0.6102450860891037 0.09643906158087912 0
534 0.6285458668241559 0.09753460639467798 0
535 0.6365894534085744 0.1139617873900975 0
536 0.4226697030771009 0.2895999695620235 0
537 0.4407466515095012 0.2908475768789661 0
538 0.430644753459446 0.3058810363634702 0
539 0.4486399897702432 0.3070976817078216 0
540 0.4356861999913871 0.09995956582386567 0
541 0.4540215931478333 0.101220014146076 0
542 0.4173468554041576 0.09870269207554144 0
543 0.3662465409321898 0.1748310514471519 0
544 0.6394092602734784 0.3362070580564867 0
545 0.3479843514437914 0.1735859943329039 0
546 0.3560297483160126 0.1900074246002708 0
547 0.2871630831659528 0.1217783858218226 0
548 0.2790650372644657 0.1053285976803794 0
549 0.2952767902204081 0.1382348398352046 0
550 0.5920787257794903 0.0955953731550474 0
551 0.559111426222189 0.1722057611941638 0
552 0.2892826201674087 0.09009494302650156 0
553 0.2709654810876704 0.08887016497511879 0
554 0.3258882137735917 0.09253366323234796 0
555 0.344209467910103 0.09376911858340947 0
556 0.4385794552881906 0.3221094898472303 0
557 0.4565177174072754 0.3233873827027751 0
558 0.4668233160672266 0.3084946928577554 0
559 0.4745047987892349 0.3246422161691789 0
560 0.4644702308742422 0.3398415578890909 0
561 0.4823946211681651 0.3410375955871858 0
562 0.4927774019703111 0.3261501886855946 0
563 0.5004293731574474 0.3423436082551084 0
564 0.4901328256430179 0.357261655809078 0
565 0.508201641596417 0.358672251101157 0
566 0.646820500728028 0.09878783492556387 0
567 0.3377927338211402 0.1887676445209722 0
568 0.3458294936392116 0.2051714762041175 0
569 0.621113945846369 0.08086338063886161 0
570 0.6548509383969683 0.1152257278663132 0
571 0.2688385854576117 0.1205472430909608 0
572 0.4276070009530205 0.08344470587054004 0
573 0.4088175611320189 0.08189281287094885 0
574 0.3883119645121779 0.2556737193272013 0
575 0.5185372645828888 0.3437861194287634 0
576 0.5263085337045565 0.3601556010799438 0
577 0.3361197860558596 0.07727433902301417 0
578 0.2811905063109921 0.07361845199332617 0
579 0.2628716331338543 0.07239792816736906 0
580 0.2526368941671572 0.08764956384056272 0
581 0.2445550463925669 0.07118242810909126 0
582 0.2343424293316432 0.08643159218284968 0
583 0.2261777121286861 0.07106606975639906 0
584 0.4513003995932348 0.2758401176872394 0
585 0.4979209772974452 0.3735138671695384 0
586 0.4801167126154459 0.3721896724863681 0
587 0.654987255873599 0.3687810455935016 0
588 0.6078572270073321 0.3822282307671348 0
589 0.4044393536909955 0.2884203561981266 0
590 0.5366945217480554 0.3451825555412005 0
591 0.5445089560472007 0.3616497108092052 0
592 0.5292445420856289 0.328725963431923 0
593 0.4819246670421677 0.2303834330048727 0
594 0.644624021422577 0.130393594493163 0
595 0.5525795307994574 0.2669762211795062 0
596 0.593459101673423 0.2062879460888248 0
597 0.4620827123110818 0.1177211205571382 0
598 0.4723591240678462 0.1024839010477245 0
599 0.4642888773814008 0.08596575719508892 0
600 0.4826352683376186 0.08722880949750611 0
601 0.4906922998285192 0.103742448495344 0
602 0.5009811919745466 0.0884981781549673 0
603 0.5090003687799884 0.1050090937794574 0
604 0.5193191389462597 0.08977024149355362 0
605 0.5044024467727148 0.1683920055742897 0
606 0.3544410684872037 0.07852338654445568 0
607 0.4937075251286727 0.0725121348554375 0
608 0.6628627101950162 0.1316643212892591 0
609 0.6526569646030936 0.1468137150704827 0
610 0.3276061734386475 0.2039290050570745 0
611 0.3195699500318299 0.1875353223923508 0
612 0.3356392801493034 0.2203211054331524 0
613 0.3459582305152993 0.06219821672546533 0
614 0.3631917598189104 0.06342689370429411 0
615 0.4190064346779039 0.06657035988302412 0
616 0.2160451458755739 0.08538720296786989 0
617 0.2079565079994137 0.06876241754426238 0
618 0.6650723397015643 0.1000640893104117 0
619 0.6570524338417663 0.08361475969271875 0
620 0.3279228617876496 0.06130473935455477 0
621 0.420663502802374 0.3208349514473955 0
622 0.4287355304596758 0.3371700223367923 0
623 0.5340788001431707 0.3765608527190252 0
624 0.5523251804822903 0.3781442862085766 0
625 0.353893447929733 0.2215689129349211 0
626 0.3436682646873483 0.2367052285326042 0
627 0.3743538104735525 0.1912671682912522 0
628 0.4963577021845897 0.1519301066729777 0
629 0.5146431689942486 0.1531886222535594 0
630 0.3989506037880441 0.09741650648179201 0
631 0.5272824893793515 0.106277628105843 0
632 0.5376535559222744 0.09101760692063637 0
633 0.5295962593965494 0.07451384311101761 0
634 0.5483112998479582 0.07581223640271156 0
635 0.6717866579793741 0.4034327716998293 0
636 0.2345058660005466 0.05481355580364256 0
637 0.6708792573875885 0.148077772247426 0
638 0.6606793240888781 0.1632168117198772 0
639 0.6810785036856387 0.1329416235465803 0
640 0.5399378344217499 0.05925890162323322 0
641 0.5598960918340833 0.06112298489332363 0
642 0.6752997696442686 0.08490122849682269 0
643 0.6672937008069031 0.06844328501989572 0
644 0.2241283544003734 0.1016714109364976 0
645 0.2730966722315193 0.05713021225914111 0
646 0.6788860677506056 0.1644699592732499 0
647 0.6686936546218786 0.1796051453712653 0
648 0.4878151896234865 0.3882087514721716 0
649 0.4701567051817768 0.38680045831649 0
650 0.2058833240002532 0.1004566069613958 0
651 0.3093917836198374 0.2026903601903246 0
652 0.3013628272224675 0.1863087214253296 0
653 0.3357300526781889 0.04671434509284939 0
654 0.5552888086698466 0.3464878766317316 0
655 0.4624835338172691 0.3709794180955753 0
656 0.5418698122941439 0.393335620154424 0
657 0.5601616005635202 0.3947211428940991 0
658 0.5705880544770752 0.3796370534861481 0
659 0.5784401211518856 0.3961967576145953 0
660 0.5055477548150382 0.3896910586590068 0
661 0.6504658026894874 0.1783822270139664 0
662 0.6585065647881281 0.1947468105132289 0
663 0.6766991322922835 0.1959909588899514 0
664 0.6665204758186659 0.2111176032541413 0
665 0.6483319732669719 0.2098741139459294 0
666 0.6563461987225921 0.2262466430075242 0
667 0.6381579546738687 0.2249995680656504 0
668 0.6461782234695351 0.241375873570026 0
669 0.6643614820470406 0.242622255489345 0
670 0.654188978664311 0.2577526642033928 0
671 0.6729139004212773 0.2587336812402551 0
672 0.6622923969297473 0.2740792350503941 0
673 0.6810301509089378 0.2750525391653744 0
674 0.6703367189209627 0.2904316786657662 0
675 0.6439478876478693 0.2728869758537932 0
676 0.4453862416755319 0.227754837669329 0
677 0.3905229685362094 0.2241205423556405 0
678 0.3115284131354042 0.1711443232862002 0
679 0.2932734072550303 0.1699133119277248 0
680 0.5612782963544871 0.1405685694886842 0
681 0.4377904752163224 0.06811911646497854 0
682 0.4293385420293325 0.05173972326220533 0
683 0.4489655096616612 0.05073955985387879 0
684 0.4092150215450059 0.04954188741689014 0
685 0.5215304547708792 0.05797839735703159 0
686 0.4780935504035729 0.1506791263774994 0
687 0.6490249147820658 0.06715130771365163 0
688 0.6598135151185764 0.05116232502528628 0
689 0.6430571999017458 0.04886020323042911 0
690 0.6776527533293234 0.05312236301949735 0
691 0.6301347961776372 0.2086460373552625 0
692 0.6199182845068114 0.2238254392630725 0
693 0.5226722813087813 0.1696660859529849 0
694 0.291421057297056 0.05835243011972852 0
695 0.2832760877299876 0.04264155456407065 0
696 0.3624999678860469 0.09502933708371675 0
697 0.5562725355828891 0.09246336395710586 0
698 0.4107448509689906 0.3357453356654027 0
699 0.4026586681222231 0.319678611812816 0
700 0.4189980749097779 0.3520779871260178 0
701 0.6825421982768618 0.2438775991516696 0
702 0.4955160585994633 0.4042983312833588 0
703 0.4528353411195971 0.3853930690344506 0
704 0.3257445645866734 0.2353161193507269 0
705 0.333628760877514 0.2523049701761066 0
706 0.3516942512939755 0.2531593352773627 0
707 0.6847012799292101 0.212363366454316 0
708 0.6829222158068504 0.1015506158481193 0
709 0.2919766541536865 0.2010754082022319 0
710 0.445041500502702 0.3697386917172544 0
711 0.6245535882623987 0.414957306929883 0
712 0.6241380448592618 0.1607765901506881 0
713 0.3011360087362132 0.04405576728912397 0
714 0.5066379606290327 0.1367215640928796 0
715 0.5248846513019132 0.1379862277315731 0
716 0.3902209224126196 0.08077748089034242 0
717 0.5533354044662663 0.124101567670646 0
718 0.5330481586899614 0.04326623387639583 0
719 0.5145083605516548 0.04210980849428914 0
720 0.6916786009004339 0.08718720134033209 0
721 0.6879740026450794 0.2913064261387001 0
722 0.6781804206733806 0.3067836087547001 0
723 0.6600440738579948 0.3056077312807093 0
724 0.6680482730083673 0.3219787417927451 0
725 0.6862396742479585 0.3232264146305458 0
726 0.6760730293610928 0.3383710449452717 0
727 0.4008741675490762 0.3498497154482206 0
728 0.436494315125029 0.3835870657438952 0
729 0.4605548655085555 0.4001156615333747 0
730 0.2631833280034824 0.04046156670965112 0
731 0.6695471703960899 0.03676023080255125 0
732 0.2904305263691943 0.02910074388508166 0
733 0.6946647186405462 0.338267654883473 0
734 0.6847881372194112 0.3555667223012874 0
735 0.702635587086981 0.3244677101820398 0
736 0.3413365744188008 0.268551535958686 0
737 0.3597033075623569 0.2695246204358954 0
738 0.6864794977358556 0.03912806261143509 0
739 0.4190915132499007 0.03435274523591125 0
740 0.2996387550010448 0.2176218509768456 0
741 0.2133918520703165 0.117185289677182 0
742 0.2320883298137158 0.118116752934156 0
743 0.2213072396006462 0.1339023470846546 0
744 0.240139438332589 0.1345826136932311 0
745 0.2303367775120169 0.1494579897997214 0
746 0.2485171903033138 0.1504464222626251 0
747 0.3497541339921794 0.285433966080313 0
748 0.3676684080544436 0.2858072448952882 0
749 0.194526407311858 0.1142695255566187 0
750 0.1867215798873195 0.09805367639910473 0
751 0.5133323799354836 0.4061216639468487 0
752 0.4086745609592976 0.3664816613031203 0
753 0.501084811020738 0.4237612037290804 0
754 0.6976932450609153 0.05423921178389379 0
755 0.6934616184030531 0.1976665873854251 0
756 0.3229602494002579 0.2669791253915804 0
757 0.6985599623764759 0.2766175907721445 0
758 0.549857743168592 0.4099785436673152 0
759 0.428078574525759 0.3678114254011554 0
760 0.4370081041707751 0.3534451567329102 0
761 0.588997738261922 0.3810539482669494 0
762 0.5968918346957305 0.3975438773517657 0
763 0.5810047992419715 0.3645387133584388 0
764 0.5862902633659324 0.412779556616009 0
765 0.7154929965240829 0.3732634134522392 0
766 0.7005660583378658 0.382574137582895 0
767 0.7016927169659805 0.4014831437665273 0
768 0.7004621665919301 0.3655311388286133 0
769 0.6843433806602209 0.3748753412498995 0
770 0.6658866714560776 0.3535122402472763 0
771 0.6497486621413294 0.3208676834247061 0
772 0.6415988862559342 0.3045350306887683 0
773 0.4466099083438478 0.3385470498808761 0
774 0.3700094404261289 0.2544162105762255 0
775 0.3409047163493326 0.3027091360435563 0
776 0.4779921982215783 0.4015791752941274 0
777 0.6666127793218029 0.3846002127793606 0
778 0.5315906003094938 0.4091309214272814 0
779 0.6117833036165757 0.2075013460057218 0
780 0.2504561842072697 0.119323293561577 0
781 0.4723919963073094 0.3561055956526948 0
782 0.3033951347006654 0.1546901607591404 0
783 0.6322368843312076 0.1771616812185437 0
784 0.6155002211350004 0.3988859373327472 0
785 0.6343867302884979 0.1455743084997165 0
786 0.5606221980520427 0.2833742451559562 0
787 0.5424446752067188 0.2821285941464579 0
788 0.5343604249253131 0.2657230780934369 0
789 0.5242737550538026 0.2809196033799939 0
790 0.5323214904913959 0.2972049771146113 0
791 0.5141789546019578 0.2959933775040093 0
792 0.5060933434568646 0.2797153913656614 0
793 0.4958108485938256 0.2948678231657694 0
794 0.4879394152325917 0.2785761385433786 0
795 0.5038970602408978 0.3111550499796814 0
796 0.4774760890661372 0.2936149324979203 0
797 0.4695389900565037 0.2772549416443559 0
798 0.4799215160944591 0.2622788894890869 0
799 0.4618446290618895 0.2608822883046048 0
800 0.4436254739282448 0.2591949119673887 0
801 0.4535857910305984 0.2442901820001284 0
802 0.5159457261668031 0.3749632034358065 0
803 0.6328599906193877 0.4314661747394851 0
804 0.1484380984266128 0.01579933498525571 0
805 0.1576539696435102 0.03191168394915078 0
806 0.1760690829203385 0.03196314545786882 0
807 0.1668329515477924 0.04740458089919619 0
808 0.1849018547528559 0.04767227404248381 0
809 0.1739885820470725 0.06298121866022299 0
810 0.1489834178246389 0.04848764268214856 0
811 0.1944452742632209 0.03206127489793059 0
812 0.2044534220410397 0.05013227948988447 0
813 0.1361705587079751 0.03262681163166781 0
814 0.5766129323028207 0.316121857128624 0
815 0.5582395884909154 0.3148719460206087 0
816 0.5660241509500069 0.3312949157773429 0
817 0.6667906247059877 0.01793373466879572 0
818 0.4352093231749503 0.2429587019282735 0
819 0.4636995579526765 0.2291940075632979 0
820 0.5996493014386507 0.3658614977225549 0
821 0.490011080077394 0.247045179484039 0
822 0.1115122326790288 0.01420331932474 0
823 0.5262936030497121 0.2493098801734747 0
824 0.5161847042259193 0.2645438125276474 0
825 0.5445325360620046 0.2505625293911137 0
826 0.2769693785391169 0.1370319711434778 0
827 0.2851227099020578 0.1535119642158358 0
828 0.2750353701804746 0.1687858656395878 0
829 0.2668593123620263 0.1522121566342692 0
830 0.2570458246346798 0.1660875473986994 0
831 0.2632824252217746 0.1849230402305243 0
832 0.2587086894144803 0.1357684536981477 0
833 0.2607206459018515 0.1041079937017137 0
834 0.5845001326746579 0.3325506167001927 0
835 0.7016886087244896 0.212846571957719 0
836 0.5474621775370716 0.3300518321113344 0
837 0.5403772481032908 0.4260948887101476 0
838 0.6929758562927264 0.2285401641911169 0
839 0.7033072533802845 0.2441981265345891 0
840 0.6931281344533019 0.2591711046086389 0
841 0.2128487102568642 0.03241396036181793 0
842 0.2222376003169436 0.01626862109681138 0
843 0.2323606146444641 0.03507922495440696 0
844 0.2410559440848896 0.01719820330506772 0
845 0.6473867278694795 0.3525286598071327 0
846 0.6883477781395383 0.1488450033040042 0
847 0.6982161527637915 0.1337857140442782 0
848 0.6985407832216133 0.1645155374728122 0
849 0.6906717733889143 0.117950630095552 0
850 0.7109611105451306 0.1184697484914679 0
851 0.3175435264409162 0.2190125211521959 0
852 0.3072406018499906 0.2341966859050516 0
853 0.5735856838231612 0.015908304894099 0
854 0.582823349082736 0.03197025149676558 0
855 0.6012668929159545 0.03198849318404229 0
856 0.5920412024342772 0.04795050966854447 0
857 0.6101861707787685 0.04781194937878913 0
858 0.6192165851128731 0.03168140052163493 0
859 0.5989270127697204 0.06384459459261876 0
860 0.581182841360003 0.06346991143642167 0
861 0.5641470035047705 0.03165265134100093 0
862 0.1981083221129199 0.08305535897387029 0
863 0.1798692260385313 0.07955787878215992 0
864 0.6864442977371382 0.1806777283684809 0
865 0.3964124332505528 0.2720633910089834 0
866 0.3863206466261905 0.2872107370881058 0
867 0.3781200629897101 0.2708178262791162 0
868 0.3763566528925389 0.301901050991494 0
869 0.3939590938601039 0.30374179994829 0
870 0.3850574346326489 0.3177794780095695 0
871 0.3936801443026469 0.3337930673166835 0
872 0.3802514279260829 0.2392826128661039 0
873 0.3721887795907717 0.2228431883953577 0
874 0.3824249447600523 0.2076934922314587 0
875 0.6986178680981916 0.3073269144721022 0
876 0.1623310602763236 0.07581449217461006 0
877 0.3399303227356746 0.1571594352086014 0
878 0.6288751468234561 0.01590548636254724 0
879 0.6364585537349644 0.03153841544959035 0
880 0.388891641401474 0.01611378109376577 0
881 0.3795379077726545 0.03180827756178795 0
882 0.3614420772829191 0.03135395981879269 0
883 0.3518558126875198 0.01549995100313062 0
884 0.333407021853778 0.0153473141871191 0
885 0.3259851975970359 0.03064287992349568 0
886 0.3989302196978334 0.03274549079021682 0
887 0.3892219649381038 0.04816458788384415 0
888 0.3993469403563399 0.06495578045863837 0
889 0.4257114170471979 0.017012663567399 0
890 0.6851687039956817 0.07001644640920135 0
891 0.5366212253646194 0.01532454902692848 0
892 0.4108936603132105 0.1937791169348979 0
893 0.402835518819213 0.1773329753666496 0
894 0.3845556650439467 0.1760786128171158 0
895 0.2797024778610385 0.01507457933645018 0
896 0.4627661727281815 0.0161781641124944 0
897 0.4719344361678633 0.03097445912743135 0
898 0.490344652646425 0.03024449615799962 0
899 0.4791132254654656 0.0471616487428691 0
900 0.4996361417739403 0.01488894707809496 0
901 0.4534586007538082 0.03199672955988825 0
902 0.185341069324171 0.01601625481841229 0
903 0.6104201580503039 0.01592900231472982 0
904 0.550423290206175 0.2984620035823475 0
905 0.583192675455794 0.221507748813546 0
906 0.6014997614230133 0.2227245921372296 0
907 0.6098474875641527 0.2390536212928004 0
908 0.6313409587822183 0.3197999299566081 0
909 0.633350941868812 0.2881470495223106 0
910 0.6745745818478496 0.2274612719246855 0
911 0.5731275735917497 0.04762978876363366 0
912 0.5684808726707835 0.07722280278241478 0
913 0.6160977842240395 0.1443350880570975 0
914 0.3641200374515557 0.206425277109563 0
915 0.6729097468624921 0.116566167992706 0
916 0.6141708936357699 0.4304840799766552 0
917 0.4518171733249949 0.1329590753887544 0
918 0.5329071716601435 0.1544708532967177 0
919 0.3135708241650582 0.1394775550486267 0
920 0.5124343408556831 0.1848500456578816 0
921 0.5306948194859482 0.1861291676195864 0
922 0.4803744514973054 0.1189743986212778 0
923 0.4070956284633878 0.113953522018712 0
924 0.3887614305156706 0.1127168483303458 0
925 0.6263432350258951 0.1291400581333079 0
926 0.6072555049553049 0.2706503337385808 0
927 0.3624083360287081 0.3319119542077859 0
928 0.7158431859218991 0.1730303933836485 0
929 0.6424272918100711 0.1619875556122125 0
930 0.4415486127901006 0.148172918986598 0
931 0.6359255443810539 0.2565564823634086 0
932 0.3619509353090067 0.2379959147637625 0
933 0.2952942738225748 0.2467948120273524 0
934 0.2688748054289867 0.2186583637297252 0
935 0.4758458819441022 0.06797329319666184 0
936 0.4678551045722288 0.1658843013388281 0
937 0.2467097472008581 0.1917461928132748 0
938 0.59128849258786 0.2378859248140852 0
939 0.3522593541483637 0.1102554521084165 0
940 0.6519284842468868 0.2892812835102903 0
941 0.5113839692887721 0.07332936738164531 0
942 0.7164203781508273 0.08160950877026185 0
943 0.2119710676818083 0.1501954900565537 0
944 0.3177859701797924 0.07614703700965947 0
945 0.32975006672994 0.1723636685741729 0
946 0.3968863059572056 0.1291946090245573 0
947 0.4459419972544039 0.08471291000773679 0
948 0.5817291454275645 0.1101545973947579 0
949 0.3075800358927972 0.09132845353895958 0
950 0.5204404231045381 0.2012984012638771 0
951 0.2423626579682304 0.102888003176198 0
952 0.5693320561665753 0.1570208720065314 0
953 0.6577587706849708 0.3372442380456031 0
954 0.5519529103329176 0.04492025063175442 0
955 0.4495843783541432 0.1646315104865501 0
956 0.2540783715905277 0.05692257544400398 0
957 0.130379033985435 0.05221514984762587 0
958 0.3785934620095712 0.1279598473277853 0
959 0.5682872287878464 0.4114824019227806 0
960 0.5630122161484558 0.3630066691422918 0
961 0.7155597729608891 0.04544339777443374 0
962 0.638887922510627 0.08230254257264746 0
963 0.5386855784159614 0.2025654844519937 0
964 0.3926608466803296 0.1925222609984131 0
965 0.2832015054181212 0.1850993214633948 0
966 0.4006988159789504 0.2089493720341438 0
967 0.3216703363942978 0.1559236378826241 0
968 0.6402973299941014 0.1935301375317481 0
969 0.4562900503625917 0.06907745757797695 0
970 0.5041108022776462 0.05733638075628211 0
971 0.60371021764721 0.1911232466776703 0
972 0.2994858024575834 0.07486235365171146 0
973 0.6278881756193421 0.2402403016812364 0
974 0.5740269654173191 0.3477040734928036 0
975 0.4589281450688437 0.2921490254979421 0
976 0.4598312743836809 0.1494199905641341 0
977 0.5489128906384505 0.1873948751729586 0
978 0.4700888268570445 0.1341930108065745 0
979 0.412547929995418 0.3046748584298499 0
980 0.3705229154359423 0.1115100068961983 0
981 0.6323772030453373 0.06457064677834029 0
982 0.4883726455873385 0.1354527364930067 0
983 0.5409043415429176 0.1709422298135688 0
984 0.6174399142328331 0.2555457859278794 0
985 0.309574759476873 0.06032963588408219 0
986 0.4986653318262543 0.1202382232129571 0
987 0.6152902240483334 0.2869812961460903 0
988 0.551113022044763 0.1557692324900746 0
989 0.5169189030477864 0.1215213979685573 0
990 0.498038462627278 0.2633752702279326 0
991 0.3806057742050747 0.09621259772616675 0
992 0.6257243832053112 0.2716878385415498 0
993 0.5455506385378008 0.1076371902921052 0
994 0.5430779275233747 0.1393026917775795 0
995 0.3720910538775869 0.07988689443498009 0
996 0.5402127127094031 0.3134726072651742 0
997 0.622011067967194 0.1923220027164561 0
998 0.5773421834844863 0.4286765242469799 0
999 0.4546922622568887 0.3549326532959157 0
1000 0.5351750023760822 0.1228044505910507 0
1001 0.6774752231368451 0.4195429635460491 0
1002 0.5236166494441907 0.3911855898861678 0
1003 0.521751781203422 0.3123767871163452 0
1004 0.4740120500142766 0.2138216199063309 0
1005 0.4555443593683544 0.2126592534347549 0
1006 0.5636902059241382 0.1089981002043732 0
1007 0.4831478328695581 0.4164218923801564 0
1008 0.6048876407553797 0.4138887631063865 0
1009 0.5108856771501864 0.3275629338381638 0
1010 0.4852149191212722 0.3098208172259833 0
1011 0.6856697218568568 0.3919226534786605 0
1012 0.715494922317466 0.2818181818181819 0
1013 0.4718312068765309 0.245678996641005 0
1014 0.5744810938856406 0.09411145122813336 0
1015 0.248750390608774 0.03153926611926633 0
1016 0.3872281975187952 0.3598464006908964 0
1017 0.7030262272274552 0.01675284724153375 0
1018 0.4427167361582123 0.4009702481174475 0
1019 0.4507795206399991 0.4149562742824835 0
1020 0.3715301649198666 0.04800238362414705 0
1021 0.09338706038860434 0.01339593230131797 0
1022 0.7132181580972801 0.3368626475664859 0
1023 0.7152191042382726 0.1375183123462356 0
1024 0.2203766808302471 0.0465066936419184 0
1025 0.2224770084694786 0.1647719497551164 0
1026 0.6033686940361092 0.08017818055165277 0
1027 0.4645806065426149 0.05532661724588406 0
1028 0.2744641872010513 0.2001069545082411 0
1029 0.3590183361269593 0.3014313253545083 0
1030 0.3809338010539046 0.06420233683270771 0
1031 0.3155746425400278 0.2500043743629441 0
1032 0.1920179364737434 0.06410350485852678 0
1033 0.4180848652806949 0.3984688777708744 0
1034 0.1758912134397194 0.1105065755367977 0
1035 0.5864198734169578 0.07907038562438146 0
1036 0.3437701018917312 0.03124456035677436 0
1037 0.4375597204315833 0.03608774235704515 0
1038 0.6993850833158798 0.1031618569654722 0
1039 0.6541321082713486 0.03221219889505955 0
1040 0.7019276660391525 0.0745996371415239 0
1041 0.353603731184486 0.04715672655372055 0
1042 0.1584336671310991 0.06071441388833421 0
1043 0.3686887493213272 0.3168676159450566 0
1044 0.7179011530013494 0.2090909090909092 0
1045 0.3182446914106952 0.04550126695774109 0
1046 0.5450377585649145 0.02951092000566585 0
1047 0.7031353803003727 0.1847309223053159 0
1048 0.3951673907004742 0.3755801483484263 0
1049 0.239664796461612 0.1640458259450932 0
1050 0.6261173288793274 0.04703808104090212 0
1051 0.670765103619713 0.368083900801153 0
1052 0.6876153494816655 0.4063108973679234 0
1053 0.7162797191275979 0.3158023651052433 0
1054 0.2848175024567461 0.2162840649745279 0
1055 0.7024949628046036 0.03558085011010348 0
1056 0.526696454821352 0.02851038060449473 0
1057 0.6155914880756268 0.06344555019929948 0
1058 0.7032653693443552 0.2907569003769364 0
1059 0.7178416855587709 0.4043253261166999 0
1060 0.307920312836096 0.02934467993760387 0
1061 0.6828784316444482 0.4371241189727036 0
1062 0.2976835152031344 0.01474753713276949 0
1063 0.7188697549712595 0.2452144025948791 0
1064 0.1498572659920082 0.08322643300023147 0
1065 0.5086833374862666 0.02786752370603363 0
1066 0.1848246406491436 0.1250560622249388 0
1067 0.4216875209828492 0.3820263887498163 0
1068 0.1046882709843212 0.02717261362705831 0
1069 0.6938371010214832 0.4196633667400923 0
1070 0.2753242025291542 0.02956570441214501 0
1071 0.706665461647442 0.4283305942487939 0
1072 0.7176864249240009 0.01305745713472861 0
1073 0.4977341593999564 0.04390224697342471 0
1074 0.3784357938902145 0.3318277984262912 0
1075 0.7028858479019517 0.1476399559985777 0
1076 0.7015591834469362 0.3513125379221101 0
1077 0.4667721502909787 0.414090724064744 0
1078 0.4896445779722798 0.05869362398307454 0
1079 0.430462905883799 0.395709590172131 0
1080 0.2484307457174313 0.1780252940728094 0
1081 0.6912709207809777 0.02675382743030991 0
1082 0.2463735840685007 0.04489869608709124 0
1083 0.2945946550227062 0.2302450092036686 0
1084 0.4385878725337969 0.4177532096133969 0
1085 0.3129009096177615 0.2783233337504555 0
1086 0.4631588297889626 0.04247636973964419 0
1087 0.1207295605421155 0.02556163872844919 0
1088 0.4582522563637826 0.4249503642183065 0
1089 0.4849823390789333 0.4302239493268435 0
1090 0.3881120656564598 0.3461287624738007 0
1091 0.7070260569182764 0.2005339916588756 0
1092 0.7051195348672794 0.08966374738296545 0
1093 0.6798160997046104 0.02696240702859914 0
1094 0.2182144068163138 0.05915656782809597 0
$EndNodes
$Elements
2188
1 15 2 6 1 1
2 15 2 7 14 14
3 1 2 4 1 1 15
4 1 2 4 1 15 16
5 1 2 4 1 16 17
6 1 2 4 1 17 2
7 1 2 4 3 3 21
8 1 2 4 3 21 22
9 1 2 4 3 22 23
10 1 2 4 3 23 24
11 1 2 4 3 24 25
12 1 2 4 3 25 4
13 1 2 4 4 4 26
14 1 2 4 4 26 27
15 1 2 4 4 27 28
16 1 2 4 4 28 29
17 1 2 4 4 29 30
18 1 2 4 4 30 31
19 1 2 4 4 31 5
20 1 2 4 5 5 32
21 1 2 4 5 32 33
22 1 2 4 5 33 34
23 1 2 4 5 34 35
24 1 2 4 5 35 36
25 1 2 4 5 36 37
26 1 2 4 5 37 38
27 1 2 4 5 38 39
28 1 2 4 5 39 40
29 1 2 4 5 40 41
30 1 2 4 5 41 42
31 1 2 4 5 42 43
32 1 2 4 5 43 44
33 1 2 4 5 44 45
34 1 2 4 5 45 46
35 1 2 4 5 46 47
36 1 2 4 5 47 48
37 1 2 4 5 48 49
38 1 2 4 5 49 50
39 1 2 4 5 50 51
40 1 2 4 5 51 52
41 1 2 4 5 52 53
42 1 2 4 5 53 54
43 1 2 4 5 54 55
44 1 2 4 5 55 56
45 1 2 4 5 56 57
46 1 2 4 5 57 58
47 1 2 4 5 58 59
48 1 2 4 5 59 60
49 1 2 4 5 60 61
50 1 2 4 5 61 6
51 1 2 5 6 6 62
52 1 2 5 6 62 63
53 1 2 5 6 63 64
54 1 2 5 6 64 7
55 1 2 5 12 12 132
56 1 2 5 12 132 133
57 1 2 5 12 133 13
58 1 2 4 13 13 134
59 1 2 4 13 134 135
60 1 2 4 13 135 136
61 1 2 4 13 136 137
62 1 2 4 13 137 138
63 1 2 4 13 138 139
64 1 2 4 13 139 140
65 1 2 4 13 140 141
66 1 2 4 13 141 142
67 1 2 4 13 142 143
68 1 2 4 13 143 144
69 1 2 4 13 144 145
70 1 2 4 13 145 146
71 1 2 4 13 146 147
72 1 2 4 13 147 148
73 1 2 4 13 148 149
74 1 2 4 13 149 150
75 1 2 4 13 150 151
76 1 2 4 13 151 152
77 1 2 4 13 152 153
78 1 2 4 13 153 154
79 1 2 4 13 154 14
80 1 2 4 14 14 155
81 1 2 4 14 155 156
82 1 2 4 14 156 157
83 1 2 4 14 157 158
84 1 2 4 14 158 159
85 1 2 4 14 159 160
86 1 2 4 14 160 161
87 1 2 4 14 161 162
88 1 2 4 14 162 1
89 1 2 4 15 2 163
90 1 2 4 15 163 164
91 1 2 4 15 164 3
92 1 2 5 16 7 165
93 1 2 5 16 165 166
94 1 2 5 16 166 167
95 1 2 5 16 167 168
96 1 2 5 16 168 169
97 1 2 5 16 169 170
98 1 2 5 16 170 171
99 1 2 5 16 171 172
100 1 2 5 16 172 173
101 1 2 5 16 173 174
102 1 2 5 16 174 175
103 1 2 5 16 175 176
104 1 2 5 16 176 177
105 1 2 5 16 177 178
106 1 2 5 16 178 179
107 1 2 5 16 179 180
108 1 2 5 16 180 181
109 1 2 5 16 181 182
110 1 2 5 16 182 183
111 1 2 5 16 183 184
112 1 2 5 16 184 185
113 1 2 5 16 185 186
114 1 2 5 16 186 187
115 1 2 5 16 187 188
116 1 2 5 16 188 189
117 1 2 5 16 189 190
118 1 2 5 16 190 191
119 1 2 5 16 191 192
120 1 2 5 16 192 193
121 1 2 5 16 193 194
122 1 2 5 16 194 195
123 1 2 5 16 195 196
124 1 2 5 16 196 197
125 1 2 5 16 197 198
126 1 2 5 16 198 199
127 1 2 5 16 199 12
128 2 2 2 1 305 355 307
129 2 2 2 1 147 353 146
130 2 2 2 1 148 352 147
131 2 2 2 1 307 355 213
132 2 2 2 1 147 352 311
133 2 2 2 1 311 353 147
134 2 2 2 1 210 331 258
135 2 2 2 1 220 323 248
136 2 2 2 1 248 291 220
137 2 2 2 1 258 286 210
138 2 2 2 1 340 350 204
139 2 2 2 1 348 354 243
140 2 2 2 1 291 319 220
141 2 2 2 1 212 354 348
142 2 2 2 1 249 319 291
143 2 2 2 1 221 319 249
144 2 2 2 1 249 296 221
145 2 2 2 1 296 326 221
146 2 2 2 1 253 326 296
147 2 2 2 1 270 284 211
148 2 2 2 1 252 349 105
149 2 2 2 1 222 326 253
150 2 2 2 1 253 294 222
151 2 2 2 1 204 350 349
152 2 2 2 1 294 329 222
153 2 2 2 1 256 329 294
154 2 2 2 1 270 333 286
155 2 2 2 1 223 329 256
156 2 2 2 1 256 292 223
157 2 2 2 1 286 333 210
158 2 2 2 1 292 318 223
159 2 2 2 1 259 318 292
160 2 2 2 1 105 349 268
161 2 2 2 1 259 295 224
162 2 2 2 1 224 318 259
163 2 2 2 1 280 281 235
164 2 2 2 1 295 327 224
165 2 2 2 1 260 327 295
166 2 2 2 1 260 293 225
167 2 2 2 1 201 341 254
168 2 2 2 1 225 327 260
169 2 2 2 1 255 341 201
170 2 2 2 1 293 322 225
171 2 2 2 1 262 322 293
172 2 2 2 1 155 283 14
173 2 2 2 1 211 333 270
174 2 2 2 1 262 299 226
175 2 2 2 1 226 322 262
176 2 2 2 1 263 328 299
177 2 2 2 1 299 328 226
178 2 2 2 1 263 289 227
179 2 2 2 1 227 328 263
180 2 2 2 1 265 320 289
181 2 2 2 1 289 320 227
182 2 2 2 1 265 298 228
183 2 2 2 1 212 281 112
184 2 2 2 1 228 320 265
185 2 2 2 1 267 324 298
186 2 2 2 1 298 324 228
187 2 2 2 1 267 297 229
188 2 2 2 1 229 324 267
189 2 2 2 1 269 321 297
190 2 2 2 1 297 321 229
191 2 2 2 1 233 257 207
192 2 2 2 1 269 290 230
193 2 2 2 1 266 365 209
194 2 2 2 1 230 321 269
195 2 2 2 1 271 325 290
196 2 2 2 1 14 283 235
197 2 2 2 1 273 287 232
198 2 2 2 1 290 325 230
199 2 2 2 1 349 350 268
200 2 2 2 1 65 371 279
201 2 2 2 1 271 300 231
202 2 2 2 1 231 325 271
203 2 2 2 1 273 330 300
204 2 2 2 1 235 283 280
205 2 2 2 1 300 330 231
206 2 2 2 1 201 254 233
207 2 2 2 1 232 330 273
208 2 2 2 1 206 261 234
209 2 2 2 1 281 356 235
210 2 2 2 1 234 255 201
211 2 2 2 1 107 233 207
212 2 2 2 1 212 285 281
213 2 2 2 1 201 233 108
214 2 2 2 1 206 234 110
215 2 2 2 1 109 234 201
216 2 2 2 1 232 371 65
217 2 2 2 1 106 252 105
218 2 2 2 1 61 6 62
219 2 2 2 1 264 365 266
220 2 2 2 1 266 359 203
221 2 2 2 1 272 359 282
222 2 2 2 1 343 359 266
223 2 2 2 1 284 332 211
224 2 2 2 1 282 359 238
225 2 2 2 1 258 276 97
226 2 2 2 1 10 251 106
227 2 2 2 1 251 252 106
228 2 2 2 1 332 358 20
229 2 2 2 1 112 281 111
230 2 2 2 1 274 335 103
231 2 2 2 1 280 283 206
232 2 2 2 1 92 277 219
233 2 2 2 1 65 279 7
234 2 2 2 1 111 280 11
235 2 2 2 1 111 281 280
236 2 2 2 1 209 364 266
237 2 2 2 1 272 282 205
238 2 2 2 1 103 366 274
239 2 2 2 1 264 266 203
240 2 2 2 1 334 349 252
241 2 2 2 1 275 358 332
242 2 2 2 1 93 272 205
243 2 2 2 1 203 272 94
244 2 2 2 1 250 264 96
245 2 2 2 1 95 264 203
246 2 2 2 1 100 284 270
247 2 2 2 1 336 365 360
248 2 2 2 1 97 276 9
249 2 2 2 1 257 278 207
250 2 2 2 1 8 277 92
251 2 2 2 1 212 348 285
252 2 2 2 1 258 347 276
253 2 2 2 1 146 353 246
254 2 2 2 1 306 355 305
255 2 2 2 1 241 352 148
256 2 2 2 1 243 354 306
257 2 2 2 1 252 351 334
258 2 2 2 1 102 275 101
259 2 2 2 1 275 284 101
260 2 2 2 1 236 287 59
261 2 2 2 1 155 361 283
262 2 2 2 1 98 286 258
263 2 2 2 1 105 268 104
264 2 2 2 1 32 237 5
265 2 2 2 1 60 236 59
266 2 2 2 1 278 378 207
267 2 2 2 1 206 283 261
268 2 2 2 1 248 288 33
269 2 2 2 1 207 378 251
270 2 2 2 1 270 286 99
271 2 2 2 1 275 332 284
272 2 2 2 1 62 342 61
273 2 2 2 1 102 335 275
274 2 2 2 1 14 235 154
275 2 2 2 1 98 258 97
276 2 2 2 1 337 338 208
277 2 2 2 1 100 270 99
278 2 2 2 1 58 287 273
279 2 2 2 1 101 284 100
280 2 2 2 1 59 287 58
281 2 2 2 1 27 209 26
282 2 2 2 1 30 238 29
283 2 2 2 1 63 342 62
284 2 2 2 1 99 286 98
285 2 2 2 1 209 365 336
286 2 2 2 1 4 202 25
287 2 2 2 1 271 290 55
288 2 2 2 1 259 292 41
289 2 2 2 1 48 289 263
290 2 2 2 1 38 294 253
291 2 2 2 1 44 293 260
292 2 2 2 1 34 291 248
293 2 2 2 1 42 295 259
294 2 2 2 1 269 297 53
295 2 2 2 1 273 300 57
296 2 2 2 1 253 296 37
297 2 2 2 1 50 298 265
298 2 2 2 1 263 299 47
299 2 2 2 1 265 289 49
300 2 2 2 1 249 291 35
301 2 2 2 1 54 290 269
302 2 2 2 1 52 297 267
303 2 2 2 1 262 293 45
304 2 2 2 1 267 298 51
305 2 2 2 1 40 292 256
306 2 2 2 1 260 295 43
307 2 2 2 1 36 296 249
308 2 2 2 1 256 294 39
309 2 2 2 1 46 299 262
310 2 2 2 1 56 300 271
311 2 2 2 1 50 265 49
312 2 2 2 1 44 260 43
313 2 2 2 1 42 259 41
314 2 2 2 1 52 267 51
315 2 2 2 1 48 263 47
316 2 2 2 1 58 273 57
317 2 2 2 1 46 262 45
318 2 2 2 1 54 269 53
319 2 2 2 1 34 248 33
320 2 2 2 1 38 253 37
321 2 2 2 1 40 256 39
322 2 2 2 1 56 271 55
323 2 2 2 1 36 249 35
324 2 2 2 1 32 288 237
325 2 2 2 1 33 288 32
326 2 2 2 1 55 290 54
327 2 2 2 1 41 292 40
328 2 2 2 1 39 294 38
329 2 2 2 1 45 293 44
330 2 2 2 1 49 289 48
331 2 2 2 1 35 291 34
332 2 2 2 1 57 300 56
333 2 2 2 1 53 297 52
334 2 2 2 1 43 295 42
335 2 2 2 1 47 299 46
336 2 2 2 1 37 296 36
337 2 2 2 1 51 298 50
338 2 2 2 1 116 312 213
339 2 2 2 1 123 304 240
340 2 2 2 1 121 317 218
341 2 2 2 1 144 313 245
342 2 2 2 1 118 310 117
343 2 2 2 1 141 309 140
344 2 2 2 1 151 305 150
345 2 2 2 1 310 312 117
346 2 2 2 1 116 213 115
347 2 2 2 1 117 312 116
348 2 2 2 1 216 310 118
349 2 2 2 1 129 239 128
350 2 2 2 1 130 301 129
351 2 2 2 1 140 242 139
352 2 2 2 1 152 243 151
353 2 2 2 1 123 240 122
354 2 2 2 1 124 304 123
355 2 2 2 1 125 244 124
356 2 2 2 1 121 218 120
357 2 2 2 1 144 245 143
358 2 2 2 1 145 313 144
359 2 2 2 1 146 246 145
360 2 2 2 1 217 309 141
361 2 2 2 1 136 302 215
362 2 2 2 1 149 307 241
363 2 2 2 1 142 303 217
364 2 2 2 1 125 308 244
365 2 2 2 1 214 308 126
366 2 2 2 1 129 301 239
367 2 2 2 1 138 316 247
368 2 2 2 1 140 309 242
369 2 2 2 1 150 307 149
370 2 2 2 1 305 307 150
371 2 2 2 1 119 216 118
372 2 2 2 1 126 308 125
373 2 2 2 1 142 217 141
374 2 2 2 1 139 316 138
375 2 2 2 1 149 241 148
376 2 2 2 1 242 316 139
377 2 2 2 1 138 247 137
378 2 2 2 1 143 303 142
379 2 2 2 1 127 214 126
380 2 2 2 1 244 304 124
381 2 2 2 1 245 303 143
382 2 2 2 1 136 215 135
383 2 2 2 1 243 306 305
384 2 2 2 1 122 317 121
385 2 2 2 1 240 317 122
386 2 2 2 1 218 315 120
387 2 2 2 1 113 212 112
388 2 2 2 1 246 313 145
389 2 2 2 1 247 302 137
390 2 2 2 1 243 305 151
391 2 2 2 1 216 311 310
392 2 2 2 1 120 315 119
393 2 2 2 1 137 302 136
394 2 2 2 1 127 314 214
395 2 2 2 1 128 314 127
396 2 2 2 1 119 315 216
397 2 2 2 1 239 314 128
398 2 2 2 1 107 207 10
399 2 2 2 1 83 318 82
400 2 2 2 1 89 319 88
401 2 2 2 1 72 229 71
402 2 2 2 1 84 223 83
403 2 2 2 1 70 230 69
404 2 2 2 1 74 228 73
405 2 2 2 1 88 221 87
406 2 2 2 1 90 220 89
407 2 2 2 1 92 219 91
408 2 2 2 1 66 232 65
409 2 2 2 1 68 231 67
410 2 2 2 1 76 227 75
411 2 2 2 1 80 225 79
412 2 2 2 1 78 226 77
413 2 2 2 1 82 224 81
414 2 2 2 1 86 222 85
415 2 2 2 1 91 323 90
416 2 2 2 1 79 322 78
417 2 2 2 1 81 327 80
418 2 2 2 1 71 321 70
419 2 2 2 1 87 326 86
420 2 2 2 1 77 328 76
421 2 2 2 1 85 329 84
422 2 2 2 1 69 325 68
423 2 2 2 1 75 320 74
424 2 2 2 1 67 330 66
425 2 2 2 1 73 324 72
426 2 2 2 1 277 368 219
427 2 2 2 1 207 251 10
428 2 2 2 1 202 331 25
429 2 2 2 1 223 318 83
430 2 2 2 1 82 318 224
431 2 2 2 1 78 322 226
432 2 2 2 1 88 319 221
433 2 2 2 1 72 324 229
434 2 2 2 1 68 325 231
435 2 2 2 1 227 320 75
436 2 2 2 1 220 319 89
437 2 2 2 1 219 323 91
438 2 2 2 1 226 328 77
439 2 2 2 1 80 327 225
440 2 2 2 1 90 323 220
441 2 2 2 1 86 326 222
442 2 2 2 1 229 321 71
443 2 2 2 1 225 322 79
444 2 2 2 1 222 329 85
445 2 2 2 1 70 321 230
446 2 2 2 1 224 327 81
447 2 2 2 1 221 326 87
448 2 2 2 1 84 329 223
449 2 2 2 1 66 330 232
450 2 2 2 1 230 325 69
451 2 2 2 1 74 320 228
452 2 2 2 1 76 328 227
453 2 2 2 1 231 330 67
454 2 2 2 1 228 324 73
455 2 2 2 1 282 369 205
456 2 2 2 1 285 356 281
457 2 2 2 1 25 331 24
458 2 2 2 1 60 342 236
459 2 2 2 1 15 200 1
460 2 2 2 1 93 205 8
461 2 2 2 1 9 250 96
462 2 2 2 1 95 203 94
463 2 2 2 1 94 272 93
464 2 2 2 1 96 264 95
465 2 2 2 1 108 233 107
466 2 2 2 1 200 378 374
467 2 2 2 1 22 211 21
468 2 2 2 1 24 210 23
469 2 2 2 1 23 333 22
470 2 2 2 1 24 331 210
471 2 2 2 1 11 206 110
472 2 2 2 1 109 201 108
473 2 2 2 1 16 334 15
474 2 2 2 1 110 234 109
475 2 2 2 1 7 279 64
476 2 2 2 1 131 338 130
477 2 2 2 1 135 337 134
478 2 2 2 1 15 334 200
479 2 2 2 1 205 277 8
480 2 2 2 1 22 333 211
481 2 2 2 1 210 333 23
482 2 2 2 1 17 204 16
483 2 2 2 1 9 276 250
484 2 2 2 1 236 346 279
485 2 2 2 1 11 280 206
486 2 2 2 1 103 335 102
487 2 2 2 1 61 342 60
488 2 2 2 1 26 336 4
489 2 2 2 1 133 208 132
490 2 2 2 1 2 340 17
491 2 2 2 1 18 340 2
492 2 2 2 1 5 339 31
493 2 2 2 1 339 369 282
494 2 2 2 1 204 349 334
495 2 2 2 1 202 360 347
496 2 2 2 1 4 336 202
497 2 2 2 1 331 347 258
498 2 2 2 1 204 334 16
499 2 2 2 1 19 274 18
500 2 2 2 1 209 336 26
501 2 2 2 1 237 339 5
502 2 2 2 1 374 378 278
503 2 2 2 1 153 356 285
504 2 2 2 1 285 348 153
505 2 2 2 1 250 365 264
506 2 2 2 1 337 390 338
507 2 2 2 1 130 338 301
508 2 2 2 1 215 337 135
509 2 2 2 1 203 359 272
510 2 2 2 1 332 373 211
511 2 2 2 1 161 357 344
512 2 2 2 1 279 371 236
513 2 2 2 1 246 353 315
514 2 2 2 1 312 352 241
515 2 2 2 1 306 354 114
516 2 2 2 1 114 355 306
517 2 2 2 1 211 373 21
518 2 2 2 1 19 335 274
519 2 2 2 1 154 356 153
520 2 2 2 1 153 348 152
521 2 2 2 1 342 346 236
522 2 2 2 1 310 352 312
523 2 2 2 1 315 353 216
524 2 2 2 1 114 354 113
525 2 2 2 1 115 355 114
526 2 2 2 1 238 372 282
527 2 2 2 1 347 360 276
528 2 2 2 1 200 374 1
529 2 2 2 1 1 374 162
530 2 2 2 1 12 363 131
531 2 2 2 1 134 362 13
532 2 2 2 1 344 375 367
533 2 2 2 1 159 341 158
534 2 2 2 1 251 351 252
535 2 2 2 1 344 357 257
536 2 2 2 1 360 365 250
537 2 2 2 1 367 375 254
538 2 2 2 1 104 366 103
539 2 2 2 1 17 340 204
540 2 2 2 1 279 346 64
541 2 2 2 1 13 362 133
542 2 2 2 1 132 363 12
543 2 2 2 1 29 343 28
544 2 2 2 1 277 369 368
545 2 2 2 1 20 373 332
546 2 2 2 1 370 376 345
547 2 2 2 1 368 369 237
548 2 2 2 1 236 371 287
549 2 2 2 1 27 364 209
550 2 2 2 1 30 372 238
551 2 2 2 1 339 372 31
552 2 2 2 1 255 376 370
553 2 2 2 1 3 373 20
554 2 2 2 1 282 372 339
555 2 2 2 1 287 371 232
556 2 2 2 1 238 343 29
557 2 2 2 1 335 358 275
558 2 2 2 1 18 350 340
559 2 2 2 1 274 350 18
560 2 2 2 1 343 364 28
561 2 2 2 1 162 357 161
562 2 2 2 1 283 361 261
563 2 2 2 1 161 344 160
564 2 2 2 1 266 364 343
565 2 2 2 1 131 363 338
566 2 2 2 1 337 362 134
567 2 2 2 1 334 351 200
568 2 2 2 1 21 373 3
569 2 2 2 1 157 345 156
570 2 2 2 1 254 375 233
571 2 2 2 1 268 366 104
572 2 2 2 1 238 359 343
573 2 2 2 1 261 376 234
574 2 2 2 1 234 376 255
575 2 2 2 1 233 375 257
576 2 2 2 1 64 346 63
577 2 2 2 1 219 368 288
578 2 2 2 1 248 377 288
579 2 2 2 1 152 348 243
580 2 2 2 1 288 368 237
581 2 2 2 1 288 377 219
582 2 2 2 1 202 347 331
583 2 2 2 1 235 356 154
584 2 2 2 1 336 360 202
585 2 2 2 1 338 363 208
586 2 2 2 1 208 362 337
587 2 2 2 1 315 386 246
588 2 2 2 1 213 384 307
589 2 2 2 1 241 384 312
590 2 2 2 1 341 367 254
591 2 2 2 1 113 354 212
592 2 2 2 1 216 353 311
593 2 2 2 1 311 352 310
594 2 2 2 1 213 355 115
595 2 2 2 1 257 357 278
596 2 2 2 1 255 370 341
597 2 2 2 1 156 361 155
598 2 2 2 1 160 367 159
599 2 2 2 1 20 358 19
600 2 2 2 1 323 377 248
601 2 2 2 1 28 364 27
602 2 2 2 1 158 370 157
603 2 2 2 1 31 372 30
604 2 2 2 1 19 358 335
605 2 2 2 1 380 387 214
606 2 2 2 1 316 387 380
607 2 2 2 1 303 385 383
608 2 2 2 1 383 385 240
609 2 2 2 1 301 379 239
610 2 2 2 1 304 383 240
611 2 2 2 1 244 389 381
612 2 2 2 1 302 379 215
613 2 2 2 1 317 385 382
614 2 2 2 1 312 384 213
615 2 2 2 1 217 381 309
616 2 2 2 1 245 385 303
617 2 2 2 1 381 389 309
618 2 2 2 1 317 382 218
619 2 2 2 1 382 385 245
620 2 2 2 1 218 386 315
621 2 2 2 1 382 386 218
622 2 2 2 1 214 387 308
623 2 2 2 1 303 383 217
624 2 2 2 1 307 384 241
625 2 2 2 1 309 389 242
626 2 2 2 1 313 382 245
627 2 2 2 1 316 380 247
628 2 2 2 1 380 388 247
629 2 2 2 1 242 387 316
630 2 2 2 1 308 389 244
631 2 2 2 1 244 381 304
632 2 2 2 1 314 388 380
633 2 2 2 1 246 386 313
634 2 2 2 1 314 380 214
635 2 2 2 1 313 386 382
636 2 2 2 1 247 388 302
637 2 2 2 1 240 385 317
638 2 2 2 1 239 388 314
639 2 2 2 1 387 389 308
640 2 2 2 1 381 383 304
641 2 2 2 1 242 389 387
642 2 2 2 1 302 388 379
643 2 2 2 1 217 383 381
644 2 2 2 1 379 388 239
645 2 2 2 1 159 367 341
646 2 2 2 1 341 370 158
647 2 2 2 1 219 377 323
648 2 2 2 1 237 369 339
649 2 2 2 1 379 390 215
650 2 2 2 1 301 390 379
651 2 2 2 1 63 346 342
652 2 2 2 1 276 360 250
653 2 2 2 1 261 361 345
654 2 2 2 1 205 369 277
655 2 2 2 1 133 362 208
656 2 2 2 1 208 363 132
657 2 2 2 1 344 367 160
658 2 2 2 1 345 361 156
659 2 2 2 1 157 370 345
660 2 2 2 1 215 390 337
661 2 2 2 1 338 390 301
662 2 2 2 1 350 366 268
663 2 2 2 1 257 375 344
664 2 2 2 1 357 374 278
665 2 2 2 1 345 376 261
666 2 2 2 1 274 366 350
667 2 2 2 1 162 374 357
668 2 2 2 1 251 378 351
669 2 2 2 1 351 378 200
670 2 2 3 2 164 3 20
671 2 2 3 2 18 2 163
672 2 2 3 2 20 391 164
673 2 2 3 2 163 391 18
674 2 2 3 2 19 391 20
675 2 2 3 2 18 391 19
676 2 2 3 2 164 391 163
677 2 2 1 3 769 1011 777
678 2 2 1 3 739 886 419
679 2 2 1 3 736 747 396
680 2 2 1 3 396 756 736
681 2 2 1 3 125 850 126
682 2 2 1 3 684 886 739
683 2 2 1 3 741 743 410
684 2 2 1 3 860 912 641
685 2 2 1 3 730 1015 408
686 2 2 1 3 863 1032 862
687 2 2 1 3 689 1039 688
688 2 2 1 3 408 1070 730
689 2 2 1 3 641 911 860
690 2 2 1 3 395 1037 889
691 2 2 1 3 434 1069 767
692 2 2 1 3 410 749 741
693 2 2 1 3 684 887 886
694 2 2 1 3 813 957 435
695 2 2 1 3 423 840 839
696 2 2 1 3 752 1016 727
697 2 2 1 3 777 1051 769
698 2 2 1 3 852 1031 933
699 2 2 1 3 126 850 407
700 2 2 1 3 752 1048 1016
701 2 2 1 3 641 954 911
702 2 2 1 3 97 753 98
703 2 2 1 3 1026 1057 569
704 2 2 1 3 809 1032 863
705 2 2 1 3 419 889 739
706 2 2 1 3 879 1039 689
707 2 2 1 3 911 954 861
708 2 2 1 3 933 1031 421
709 2 2 1 3 777 1011 635
710 2 2 1 3 757 840 423
711 2 2 1 3 425 937 831
712 2 2 1 3 415 863 750
713 2 2 1 3 671 840 673
714 2 2 1 3 393 839 838
715 2 2 1 3 756 1031 705
716 2 2 1 3 859 1057 1026
717 2 2 1 3 98 753 397
718 2 2 1 3 935 1027 899
719 2 2 1 3 889 1037 739
720 2 2 1 3 810 957 813
721 2 2 1 3 743 943 410
722 2 2 1 3 899 1078 935
723 2 2 1 3 750 1034 415
724 2 2 1 3 754 961 426
725 2 2 1 3 838 839 701
726 2 2 1 3 684 888 887
727 2 2 1 3 573 888 615
728 2 2 1 3 736 756 705
729 2 2 1 3 839 840 701
730 2 2 1 3 397 753 751
731 2 2 1 3 859 1035 860
732 2 2 1 3 1026 1035 859
733 2 2 1 3 125 1023 850
734 2 2 1 3 1022 1053 114
735 2 2 1 3 876 1064 430
736 2 2 1 3 393 838 835
737 2 2 1 3 430 1042 876
738 2 2 1 3 831 1028 425
739 2 2 1 3 636 1024 843
740 2 2 1 3 86 775 87
741 2 2 1 3 751 778 397
742 2 2 1 3 843 1082 636
743 2 2 1 3 887 1030 1020
744 2 2 1 3 747 775 396
745 2 2 1 3 1061 1069 428
746 2 2 1 3 398 928 848
747 2 2 1 3 1001 1069 1061
748 2 2 1 3 673 840 757
749 2 2 1 3 701 840 671
750 2 2 1 3 421 1031 756
751 2 2 1 3 752 1067 405
752 2 2 1 3 839 1063 423
753 2 2 1 3 97 1089 753
754 2 2 1 3 7 165 65
755 2 2 1 3 400 1053 875
756 2 2 1 3 634 912 697
757 2 2 1 3 901 1037 395
758 2 2 1 3 641 912 634
759 2 2 1 3 716 888 573
760 2 2 1 3 615 888 684
761 2 2 1 3 700 759 752
762 2 2 1 3 735 1053 1022
763 2 2 1 3 778 1002 656
764 2 2 1 3 106 436 10
765 2 2 1 3 882 1041 1036
766 2 2 1 3 862 1032 617
767 2 2 1 3 440 784 442
768 2 2 1 3 622 760 700
769 2 2 1 3 735 1022 733
770 2 2 1 3 1060 1062 406
771 2 2 1 3 405 1048 752
772 2 2 1 3 588 762 761
773 2 2 1 3 749 1034 750
774 2 2 1 3 700 760 759
775 2 2 1 3 435 1087 813
776 2 2 1 3 87 775 422
777 2 2 1 3 396 775 86
778 2 2 1 3 418 837 758
779 2 2 1 3 423 1012 757
780 2 2 1 3 688 1039 731
781 2 2 1 3 1022 1076 733
782 2 2 1 3 444 820 446
783 2 2 1 3 430 957 810
784 2 2 1 3 654 974 960
785 2 2 1 3 683 1037 901
786 2 2 1 3 1020 1030 614
787 2 2 1 3 434 1071 1069
788 2 2 1 3 916 1008 711
789 2 2 1 3 767 1059 434
790 2 2 1 3 732 1062 1060
791 2 2 1 3 816 974 654
792 2 2 1 3 795 1010 793
793 2 2 1 3 754 1055 961
794 2 2 1 3 654 836 816
795 2 2 1 3 768 769 734
796 2 2 1 3 758 959 418
797 2 2 1 3 593 1013 819
798 2 2 1 3 767 1069 1052
799 2 2 1 3 617 1032 812
800 2 2 1 3 816 836 815
801 2 2 1 3 875 1053 735
802 2 2 1 3 758 837 778
803 2 2 1 3 801 818 676
804 2 2 1 3 749 1066 1034
805 2 2 1 3 426 1040 754
806 2 2 1 3 622 773 760
807 2 2 1 3 751 1002 778
808 2 2 1 3 745 943 743
809 2 2 1 3 11 416 111
810 2 2 1 3 184 889 183
811 2 2 1 3 731 1039 817
812 2 2 1 3 560 999 773
813 2 2 1 3 442 784 588
814 2 2 1 3 711 784 440
815 2 2 1 3 588 784 762
816 2 2 1 3 959 998 418
817 2 2 1 3 562 1010 795
818 2 2 1 3 761 820 588
819 2 2 1 3 425 1028 934
820 2 2 1 3 711 1008 784
821 2 2 1 3 558 975 796
822 2 2 1 3 530 800 532
823 2 2 1 3 92 405 8
824 2 2 1 3 758 778 656
825 2 2 1 3 796 975 797
826 2 2 1 3 759 1067 752
827 2 2 1 3 800 818 801
828 2 2 1 3 699 871 870
829 2 2 1 3 764 998 959
830 2 2 1 3 819 1013 801
831 2 2 1 3 1036 1041 653
832 2 2 1 3 699 870 869
833 2 2 1 3 848 1075 398
834 2 2 1 3 778 837 397
835 2 2 1 3 446 820 515
836 2 2 1 3 515 820 763
837 2 2 1 3 588 820 444
838 2 2 1 3 592 1009 1003
839 2 2 1 3 112 765 409
840 2 2 1 3 863 876 809
841 2 2 1 3 960 974 763
842 2 2 1 3 174 844 173
843 2 2 1 3 403 998 764
844 2 2 1 3 781 999 560
845 2 2 1 3 797 975 584
846 2 2 1 3 765 768 409
847 2 2 1 3 763 974 515
848 2 2 1 3 589 979 869
849 2 2 1 3 926 992 987
850 2 2 1 3 561 781 560
851 2 2 1 3 931 984 973
852 2 2 1 3 1003 1009 795
853 2 2 1 3 829 830 746
854 2 2 1 3 584 799 797
855 2 2 1 3 410 1066 749
856 2 2 1 3 675 940 909
857 2 2 1 3 773 999 760
858 2 2 1 3 753 1089 1007
859 2 2 1 3 772 908 518
860 2 2 1 3 901 1086 683
861 2 2 1 3 183 889 419
862 2 2 1 3 395 889 184
863 2 2 1 3 544 953 845
864 2 2 1 3 544 908 771
865 2 2 1 3 771 908 772
866 2 2 1 3 676 819 801
867 2 2 1 3 836 996 815
868 2 2 1 3 413 436 106
869 2 2 1 3 771 953 544
870 2 2 1 3 173 844 842
871 2 2 1 3 587 845 770
872 2 2 1 3 408 844 174
873 2 2 1 3 530 818 800
874 2 2 1 3 866 868 748
875 2 2 1 3 499 938 907
876 2 2 1 3 532 800 584
877 2 2 1 3 845 953 770
878 2 2 1 3 557 773 556
879 2 2 1 3 592 996 836
880 2 2 1 3 774 867 737
881 2 2 1 3 574 867 774
882 2 2 1 3 103 916 104
883 2 2 1 3 764 1008 403
884 2 2 1 3 556 773 622
885 2 2 1 3 909 940 772
886 2 2 1 3 746 832 829
887 2 2 1 3 869 979 699
888 2 2 1 3 692 906 779
889 2 2 1 3 779 906 596
890 2 2 1 3 1004 1005 475
891 2 2 1 3 504 990 821
892 2 2 1 3 727 871 698
893 2 2 1 3 748 867 866
894 2 2 1 3 173 842 172
895 2 2 1 3 518 909 772
896 2 2 1 3 592 1003 996
897 2 2 1 3 408 1015 844
898 2 2 1 3 698 871 699
899 2 2 1 3 793 1010 796
900 2 2 1 3 812 1094 617
901 2 2 1 3 589 869 866
902 2 2 1 3 560 773 557
903 2 2 1 3 564 781 561
904 2 2 1 3 829 832 826
905 2 2 1 3 973 984 907
906 2 2 1 3 737 867 748
907 2 2 1 3 648 649 586
908 2 2 1 3 907 938 906
909 2 2 1 3 774 872 574
910 2 2 1 3 987 992 909
911 2 2 1 3 1028 1054 934
912 2 2 1 3 104 916 803
913 2 2 1 3 587 777 441
914 2 2 1 3 821 990 798
915 2 2 1 3 649 729 703
916 2 2 1 3 692 907 906
917 2 2 1 3 585 586 564
918 2 2 1 3 780 832 744
919 2 2 1 3 585 648 586
920 2 2 1 3 571 832 780
921 2 2 1 3 782 827 549
922 2 2 1 3 433 1055 1017
923 2 2 1 3 679 827 782
924 2 2 1 3 403 916 103
925 2 2 1 3 874 914 627
926 2 2 1 3 895 1070 408
927 2 2 1 3 993 1000 631
928 2 2 1 3 649 776 729
929 2 2 1 3 625 914 873
930 2 2 1 3 873 932 625
931 2 2 1 3 789 824 788
932 2 2 1 3 649 703 655
933 2 2 1 3 712 929 783
934 2 2 1 3 415 876 863
935 2 2 1 3 984 992 926
936 2 2 1 3 872 932 873
937 2 2 1 3 873 914 874
938 2 2 1 3 783 929 661
939 2 2 1 3 439 635 437
940 2 2 1 3 744 832 746
941 2 2 1 3 596 971 779
942 2 2 1 3 850 1038 407
943 2 2 1 3 811 902 414
944 2 2 1 3 105 803 413
945 2 2 1 3 878 879 858
946 2 2 1 3 679 828 827
947 2 2 1 3 439 777 635
948 2 2 1 3 875 1058 400
949 2 2 1 3 623 802 576
950 2 2 1 3 413 437 436
951 2 2 1 3 700 752 727
952 2 2 1 3 780 833 571
953 2 2 1 3 785 929 712
954 2 2 1 3 792 824 789
955 2 2 1 3 788 824 823
956 2 2 1 3 437 1001 436
957 2 2 1 3 627 964 874
958 2 2 1 3 622 700 698
959 2 2 1 3 172 842 414
960 2 2 1 3 866 869 868
961 2 2 1 3 774 932 872
962 2 2 1 3 931 992 984
963 2 2 1 3 104 803 105
964 2 2 1 3 403 1008 916
965 2 2 1 3 539 556 538
966 2 2 1 3 712 913 785
967 2 2 1 3 907 984 499
968 2 2 1 3 769 1051 734
969 2 2 1 3 827 829 826
970 2 2 1 3 795 1009 562
971 2 2 1 3 909 992 675
972 2 2 1 3 912 1014 697
973 2 2 1 3 509 997 971
974 2 2 1 3 549 919 782
975 2 2 1 3 102 998 403
976 2 2 1 3 556 622 621
977 2 2 1 3 648 776 649
978 2 2 1 3 786 904 787
979 2 2 1 3 858 903 878
980 2 2 1 3 703 728 710
981 2 2 1 3 584 800 799
982 2 2 1 3 649 655 586
983 2 2 1 3 894 964 627
984 2 2 1 3 810 813 805
985 2 2 1 3 717 1000 993
986 2 2 1 3 414 841 811
987 2 2 1 3 427 805 804
988 2 2 1 3 537 538 536
989 2 2 1 3 452 814 468
990 2 2 1 3 913 925 785
991 2 2 1 3 805 813 804
992 2 2 1 3 565 585 564
993 2 2 1 3 574 872 528
994 2 2 1 3 537 539 538
995 2 2 1 3 563 564 561
996 2 2 1 3 823 825 788
997 2 2 1 3 833 951 580
998 2 2 1 3 763 820 761
999 2 2 1 3 456 786 595
1000 2 2 1 3 849 915 708
1001 2 2 1 3 528 872 677
1002 2 2 1 3 468 904 786
1003 2 2 1 3 754 890 690
1004 2 2 1 3 516 967 919
1005 2 2 1 3 441 777 439
1006 2 2 1 3 427 804 169
1007 2 2 1 3 708 915 618
1008 2 2 1 3 819 1005 1004
1009 2 2 1 3 559 560 557
1010 2 2 1 3 824 990 504
1011 2 2 1 3 786 787 595
1012 2 2 1 3 814 815 468
1013 2 2 1 3 452 468 454
1014 2 2 1 3 497 894 543
1015 2 2 1 3 804 813 432
1016 2 2 1 3 787 904 790
1017 2 2 1 3 548 833 553
1018 2 2 1 3 414 902 171
1019 2 2 1 3 196 817 412
1020 2 2 1 3 518 987 909
1021 2 2 1 3 427 902 806
1022 2 2 1 3 432 822 167
1023 2 2 1 3 806 902 811
1024 2 2 1 3 466 823 504
1025 2 2 1 3 635 1001 437
1026 2 2 1 3 571 833 548
1027 2 2 1 3 468 786 454
1028 2 2 1 3 869 870 868
1029 2 2 1 3 487 971 596
1030 2 2 1 3 416 767 766
1031 2 2 1 3 919 967 782
1032 2 2 1 3 451 987 518
1033 2 2 1 3 532 536 531
1034 2 2 1 3 806 807 805
1035 2 2 1 3 661 968 783
1036 2 2 1 3 1055 1081 1017
1037 2 2 1 3 807 810 805
1038 2 2 1 3 823 824 504
1039 2 2 1 3 750 862 650
1040 2 2 1 3 178 884 406
1041 2 2 1 3 703 710 655
1042 2 2 1 3 878 903 194
1043 2 2 1 3 780 951 833
1044 2 2 1 3 512 925 913
1045 2 2 1 3 704 852 851
1046 2 2 1 3 884 885 406
1047 2 2 1 3 679 965 828
1048 2 2 1 3 543 894 627
1049 2 2 1 3 650 862 616
1050 2 2 1 3 168 804 432
1051 2 2 1 3 168 432 167
1052 2 2 1 3 530 532 531
1053 2 2 1 3 532 537 536
1054 2 2 1 3 427 806 805
1055 2 2 1 3 828 829 827
1056 2 2 1 3 556 621 538
1057 2 2 1 3 458 825 460
1058 2 2 1 3 459 938 457
1059 2 2 1 3 738 754 690
1060 2 2 1 3 595 825 458
1061 2 2 1 3 826 832 571
1062 2 2 1 3 544 845 445
1063 2 2 1 3 883 884 179
1064 2 2 1 3 647 864 663
1065 2 2 1 3 514 818 530
1066 2 2 1 3 100 837 418
1067 2 2 1 3 553 833 580
1068 2 2 1 3 392 900 188
1069 2 2 1 3 526 919 549
1070 2 2 1 3 663 864 755
1071 2 2 1 3 701 910 838
1072 2 2 1 3 589 866 865
1073 2 2 1 3 618 915 570
1074 2 2 1 3 872 873 677
1075 2 2 1 3 580 951 582
1076 2 2 1 3 466 504 469
1077 2 2 1 3 669 910 701
1078 2 2 1 3 808 809 807
1079 2 2 1 3 504 821 469
1080 2 2 1 3 402 854 853
1081 2 2 1 3 547 826 571
1082 2 2 1 3 644 650 616
1083 2 2 1 3 429 817 197
1084 2 2 1 3 741 749 650
1085 2 2 1 3 402 903 855
1086 2 2 1 3 589 865 531
1087 2 2 1 3 750 863 862
1088 2 2 1 3 855 903 858
1089 2 2 1 3 865 867 574
1090 2 2 1 3 582 644 616
1091 2 2 1 3 198 429 197
1092 2 2 1 3 491 894 497
1093 2 2 1 3 644 741 650
1094 2 2 1 3 469 821 593
1095 2 2 1 3 971 997 779
1096 2 2 1 3 445 845 443
1097 2 2 1 3 704 851 612
1098 2 2 1 3 412 879 878
1099 2 2 1 3 402 853 192
1100 2 2 1 3 180 883 179
1101 2 2 1 3 886 887 881
1102 2 2 1 3 175 895 408
1103 2 2 1 3 846 848 646
1104 2 2 1 3 531 865 529
1105 2 2 1 3 167 822 166
1106 2 2 1 3 443 845 587
1107 2 2 1 3 880 881 401
1108 2 2 1 3 460 825 463
1109 2 2 1 3 575 592 590
1110 2 2 1 3 880 886 881
1111 2 2 1 3 450 814 452
1112 2 2 1 3 851 852 740
1113 2 2 1 3 828 830 829
1114 2 2 1 3 530 531 529
1115 2 2 1 3 721 875 722
1116 2 2 1 3 463 823 466
1117 2 2 1 3 637 846 646
1118 2 2 1 3 179 884 178
1119 2 2 1 3 642 708 618
1120 2 2 1 3 666 910 669
1121 2 2 1 3 457 938 499
1122 2 2 1 3 506 877 516
1123 2 2 1 3 815 904 468
1124 2 2 1 3 793 796 794
1125 2 2 1 3 549 827 826
1126 2 2 1 3 585 660 648
1127 2 2 1 3 651 851 740
1128 2 2 1 3 549 826 547
1129 2 2 1 3 443 587 441
1130 2 2 1 3 518 908 449
1131 2 2 1 3 463 825 823
1132 2 2 1 3 806 808 807
1133 2 2 1 3 442 443 441
1134 2 2 1 3 582 616 583
1135 2 2 1 3 181 880 401
1136 2 2 1 3 402 855 854
1137 2 2 1 3 742 743 741
1138 2 2 1 3 791 793 792
1139 2 2 1 3 170 427 169
1140 2 2 1 3 526 549 547
1141 2 2 1 3 788 825 595
1142 2 2 1 3 828 831 830
1143 2 2 1 3 855 856 854
1144 2 2 1 3 172 414 171
1145 2 2 1 3 412 878 195
1146 2 2 1 3 676 818 496
1147 2 2 1 3 514 530 529
1148 2 2 1 3 893 894 491
1149 2 2 1 3 444 445 443
1150 2 2 1 3 905 938 459
1151 2 2 1 3 896 901 395
1152 2 2 1 3 485 893 491
1153 2 2 1 3 196 412 195
1154 2 2 1 3 442 444 443
1155 2 2 1 3 612 851 610
1156 2 2 1 3 631 989 603
1157 2 2 1 3 397 837 99
1158 2 2 1 3 857 859 856
1159 2 2 1 3 855 857 856
1160 2 2 1 3 496 818 514
1161 2 2 1 3 566 570 535
1162 2 2 1 3 853 861 417
1163 2 2 1 3 189 891 392
1164 2 2 1 3 622 698 621
1165 2 2 1 3 642 720 708
1166 2 2 1 3 639 846 637
1167 2 2 1 3 534 535 522
1168 2 2 1 3 568 914 625
1169 2 2 1 3 105 413 106
1170 2 2 1 3 570 608 594
1171 2 2 1 3 185 896 395
1172 2 2 1 3 444 446 445
1173 2 2 1 3 188 900 187
1174 2 2 1 3 646 864 647
1175 2 2 1 3 566 618 570
1176 2 2 1 3 821 1013 593
1177 2 2 1 3 639 847 846
1178 2 2 1 3 725 735 733
1179 2 2 1 3 547 571 548
1180 2 2 1 3 651 740 709
1181 2 2 1 3 608 637 609
1182 2 2 1 3 791 795 793
1183 2 2 1 3 446 447 445
1184 2 2 1 3 796 1010 558
1185 2 2 1 3 497 543 505
1186 2 2 1 3 98 397 99
1187 2 2 1 3 580 582 581
1188 2 2 1 3 658 763 761
1189 2 2 1 3 568 610 567
1190 2 2 1 3 546 914 568
1191 2 2 1 3 546 567 545
1192 2 2 1 3 744 745 743
1193 2 2 1 3 534 566 535
1194 2 2 1 3 419 886 880
1195 2 2 1 3 546 568 567
1196 2 2 1 3 543 546 545
1197 2 2 1 3 169 804 168
1198 2 2 1 3 749 750 650
1199 2 2 1 3 440 442 441
1200 2 2 1 3 712 783 509
1201 2 2 1 3 449 908 447
1202 2 2 1 3 637 646 638
1203 2 2 1 3 608 639 637
1204 2 2 1 3 881 882 401
1205 2 2 1 3 854 911 861
1206 2 2 1 3 543 545 505
1207 2 2 1 3 515 834 448
1208 2 2 1 3 610 851 651
1209 2 2 1 3 454 786 456
1210 2 2 1 3 175 408 174
1211 2 2 1 3 568 612 610
1212 2 2 1 3 790 791 789
1213 2 2 1 3 529 865 574
1214 2 2 1 3 440 441 439
1215 2 2 1 3 854 861 853
1216 2 2 1 3 413 803 438
1217 2 2 1 3 722 875 725
1218 2 2 1 3 456 595 458
1219 2 2 1 3 898 899 897
1220 2 2 1 3 100 418 101
1221 2 2 1 3 420 897 896
1222 2 2 1 3 500 509 493
1223 2 2 1 3 191 853 417
1224 2 2 1 3 446 448 447
1225 2 2 1 3 592 836 590
1226 2 2 1 3 197 817 196
1227 2 2 1 3 536 589 531
1228 2 2 1 3 461 905 459
1229 2 2 1 3 477 486 482
1230 2 2 1 3 651 709 652
1231 2 2 1 3 526 547 527
1232 2 2 1 3 626 704 612
1233 2 2 1 3 193 402 192
1234 2 2 1 3 570 594 535
1235 2 2 1 3 626 705 704
1236 2 2 1 3 755 835 707
1237 2 2 1 3 447 908 544
1238 2 2 1 3 608 609 594
1239 2 2 1 3 486 496 495
1240 2 2 1 3 176 895 175
1241 2 2 1 3 102 403 103
1242 2 2 1 3 469 593 470
1243 2 2 1 3 576 802 565
1244 2 2 1 3 500 913 712
1245 2 2 1 3 647 663 662
1246 2 2 1 3 480 905 461
1247 2 2 1 3 496 514 513
1248 2 2 1 3 448 449 447
1249 2 2 1 3 596 906 905
1250 2 2 1 3 637 638 609
1251 2 2 1 3 690 890 643
1252 2 2 1 3 486 495 482
1253 2 2 1 3 514 529 528
1254 2 2 1 3 848 864 646
1255 2 2 1 3 787 790 789
1256 2 2 1 3 785 925 594
1257 2 2 1 3 594 925 535
1258 2 2 1 3 529 574 528
1259 2 2 1 3 737 748 747
1260 2 2 1 3 737 747 736
1261 2 2 1 3 692 973 907
1262 2 2 1 3 522 925 512
1263 2 2 1 3 514 528 513
1264 2 2 1 3 447 544 445
1265 2 2 1 3 663 755 707
1266 2 2 1 3 725 875 735
1267 2 2 1 3 178 406 177
1268 2 2 1 3 610 651 611
1269 2 2 1 3 487 596 480
1270 2 2 1 3 496 513 495
1271 2 2 1 3 419 880 182
1272 2 2 1 3 420 898 897
1273 2 2 1 3 897 901 896
1274 2 2 1 3 417 891 190
1275 2 2 1 3 669 701 671
1276 2 2 1 3 663 707 664
1277 2 2 1 3 553 580 579
1278 2 2 1 3 849 850 847
1279 2 2 1 3 500 712 509
1280 2 2 1 3 644 742 741
1281 2 2 1 3 486 676 496
1282 2 2 1 3 497 505 498
1283 2 2 1 3 787 789 788
1284 2 2 1 3 673 757 721
1285 2 2 1 3 170 902 427
1286 2 2 1 3 625 626 612
1287 2 2 1 3 448 450 449
1288 2 2 1 3 191 417 190
1289 2 2 1 3 616 862 617
1290 2 2 1 3 646 647 638
1291 2 2 1 3 596 905 480
1292 2 2 1 3 706 736 705
1293 2 2 1 3 181 401 180
1294 2 2 1 3 99 837 100
1295 2 2 1 3 193 903 402
1296 2 2 1 3 859 860 856
1297 2 2 1 3 420 896 186
1298 2 2 1 3 450 834 814
1299 2 2 1 3 700 727 698
1300 2 2 1 3 491 497 492
1301 2 2 1 3 517 526 520
1302 2 2 1 3 451 518 449
1303 2 2 1 3 183 419 182
1304 2 2 1 3 539 557 556
1305 2 2 1 3 401 883 180
1306 2 2 1 3 450 451 449
1307 2 2 1 3 195 878 194
1308 2 2 1 3 590 836 654
1309 2 2 1 3 892 966 964
1310 2 2 1 3 192 853 191
1311 2 2 1 3 604 631 603
1312 2 2 1 3 185 395 184
1313 2 2 1 3 706 737 736
1314 2 2 1 3 742 744 743
1315 2 2 1 3 543 627 546
1316 2 2 1 3 634 697 632
1317 2 2 1 3 669 671 670
1318 2 2 1 3 450 452 451
1319 2 2 1 3 506 516 508
1320 2 2 1 3 187 420 186
1321 2 2 1 3 517 919 526
1322 2 2 1 3 629 918 693
1323 2 2 1 3 602 603 601
1324 2 2 1 3 663 664 662
1325 2 2 1 3 503 923 524
1326 2 2 1 3 793 794 792
1327 2 2 1 3 597 917 525
1328 2 2 1 3 473 920 471
1329 2 2 1 3 664 910 666
1330 2 2 1 3 791 792 789
1331 2 2 1 3 189 392 188
1332 2 2 1 3 601 922 598
1333 2 2 1 3 477 482 478
1334 2 2 1 3 586 781 564
1335 2 2 1 3 525 917 523
1336 2 2 1 3 877 967 516
1337 2 2 1 3 627 914 546
1338 2 2 1 3 835 838 707
1339 2 2 1 3 828 965 831
1340 2 2 1 3 182 880 181
1341 2 2 1 3 533 534 522
1342 2 2 1 3 452 453 451
1343 2 2 1 3 537 975 539
1344 2 2 1 3 605 920 473
1345 2 2 1 3 666 669 668
1346 2 2 1 3 619 642 618
1347 2 2 1 3 568 625 612
1348 2 2 1 3 616 617 583
1349 2 2 1 3 485 491 490
1350 2 2 1 3 475 477 476
1351 2 2 1 3 515 974 834
1352 2 2 1 3 610 611 567
1353 2 2 1 3 194 903 193
1354 2 2 1 3 186 896 185
1355 2 2 1 3 598 922 597
1356 2 2 1 3 626 706 705
1357 2 2 1 3 787 788 595
1358 2 2 1 3 452 454 453
1359 2 2 1 3 671 673 672
1360 2 2 1 3 190 891 189
1361 2 2 1 3 629 693 605
1362 2 2 1 3 489 930 484
1363 2 2 1 3 171 902 170
1364 2 2 1 3 524 923 542
1365 2 2 1 3 725 733 726
1366 2 2 1 3 744 746 745
1367 2 2 1 3 542 630 573
1368 2 2 1 3 600 601 598
1369 2 2 1 3 654 960 591
1370 2 2 1 3 521 522 512
1371 2 2 1 3 923 924 630
1372 2 2 1 3 651 652 611
1373 2 2 1 3 505 877 506
1374 2 2 1 3 187 900 420
1375 2 2 1 3 466 469 467
1376 2 2 1 3 639 849 847
1377 2 2 1 3 647 662 661
1378 2 2 1 3 923 946 924
1379 2 2 1 3 547 548 527
1380 2 2 1 3 669 670 668
1381 2 2 1 3 855 858 857
1382 2 2 1 3 673 721 674
1383 2 2 1 3 693 921 920
1384 2 2 1 3 545 877 505
1385 2 2 1 3 658 960 763
1386 2 2 1 3 472 475 474
1387 2 2 1 3 463 466 464
1388 2 2 1 3 570 915 608
1389 2 2 1 3 693 920 605
1390 2 2 1 3 731 738 690
1391 2 2 1 3 532 584 537
1392 2 2 1 3 454 455 453
1393 2 2 1 3 512 913 501
1394 2 2 1 3 582 583 581
1395 2 2 1 3 528 677 513
1396 2 2 1 3 814 834 816
1397 2 2 1 3 604 632 631
1398 2 2 1 3 842 843 841
1399 2 2 1 3 626 932 706
1400 2 2 1 3 499 926 455
1401 2 2 1 3 542 923 630
1402 2 2 1 3 454 456 455
1403 2 2 1 3 526 527 520
1404 2 2 1 3 580 581 579
1405 2 2 1 3 796 797 794
1406 2 2 1 3 541 597 525
1407 2 2 1 3 505 506 498
1408 2 2 1 3 921 950 920
1409 2 2 1 3 481 487 480
1410 2 2 1 3 671 672 670
1411 2 2 1 3 602 604 603
1412 2 2 1 3 892 893 483
1413 2 2 1 3 460 463 462
1414 2 2 1 3 523 930 489
1415 2 2 1 3 715 918 629
1416 2 2 1 3 488 493 487
1417 2 2 1 3 606 696 555
1418 2 2 1 3 494 500 493
1419 2 2 1 3 495 892 482
1420 2 2 1 3 497 498 492
1421 2 2 1 3 482 892 483
1422 2 2 1 3 119 393 120
1423 2 2 1 3 688 690 643
1424 2 2 1 3 501 913 500
1425 2 2 1 3 535 925 522
1426 2 2 1 3 510 512 501
1427 2 2 1 3 722 725 724
1428 2 2 1 3 89 394 90
1429 2 2 1 3 516 517 508
1430 2 2 1 3 438 440 439
1431 2 2 1 3 621 979 538
1432 2 2 1 3 491 492 490
1433 2 2 1 3 666 668 667
1434 2 2 1 3 455 926 453
1435 2 2 1 3 600 602 601
1436 2 2 1 3 111 765 112
1437 2 2 1 3 482 483 478
1438 2 2 1 3 873 874 677
1439 2 2 1 3 483 893 485
1440 2 2 1 3 664 666 665
1441 2 2 1 3 639 915 849
1442 2 2 1 3 707 910 664
1443 2 2 1 3 882 883 401
1444 2 2 1 3 917 930 523
1445 2 2 1 3 706 932 774
1446 2 2 1 3 457 499 455
1447 2 2 1 3 609 785 594
1448 2 2 1 3 516 919 517
1449 2 2 1 3 539 975 558
1450 2 2 1 3 771 772 723
1451 2 2 1 3 420 900 898
1452 2 2 1 3 477 478 476
1453 2 2 1 3 88 927 89
1454 2 2 1 3 89 927 394
1455 2 2 1 3 856 911 854
1456 2 2 1 3 442 588 444
1457 2 2 1 3 630 716 573
1458 2 2 1 3 608 915 639
1459 2 2 1 3 475 476 474
1460 2 2 1 3 673 674 672
1461 2 2 1 3 465 480 461
1462 2 2 1 3 800 801 799
1463 2 2 1 3 964 966 874
1464 2 2 1 3 469 470 467
1465 2 2 1 3 811 812 808
1466 2 2 1 3 721 722 674
1467 2 2 1 3 658 761 659
1468 2 2 1 3 446 515 448
1469 2 2 1 3 647 661 638
1470 2 2 1 3 611 945 567
1471 2 2 1 3 448 834 450
1472 2 2 1 3 866 867 865
1473 2 2 1 3 466 467 464
1474 2 2 1 3 502 680 511
1475 2 2 1 3 87 422 88
1476 2 2 1 3 666 667 665
1477 2 2 1 3 541 598 597
1478 2 2 1 3 117 423 118
1479 2 2 1 3 463 464 462
1480 2 2 1 3 664 665 662
1481 2 2 1 3 893 964 894
1482 2 2 1 3 121 424 122
1483 2 2 1 3 652 679 678
1484 2 2 1 3 625 932 626
1485 2 2 1 3 706 774 737
1486 2 2 1 3 728 759 710
1487 2 2 1 3 575 590 576
1488 2 2 1 3 696 939 555
1489 2 2 1 3 545 945 877
1490 2 2 1 3 733 734 726
1491 2 2 1 3 672 675 670
1492 2 2 1 3 456 457 455
1493 2 2 1 3 422 927 88
1494 2 2 1 3 772 940 723
1495 2 2 1 3 714 715 629
1496 2 2 1 3 838 910 707
1497 2 2 1 3 628 629 605
1498 2 2 1 3 860 911 856
1499 2 2 1 3 633 634 632
1500 2 2 1 3 566 619 618
1501 2 2 1 3 563 565 564
1502 2 2 1 3 725 726 724
1503 2 2 1 3 722 723 674
1504 2 2 1 3 906 938 905
1505 2 2 1 3 122 928 123
1506 2 2 1 3 502 952 680
1507 2 2 1 3 510 521 512
1508 2 2 1 3 465 481 480
1509 2 2 1 3 624 658 657
1510 2 2 1 3 456 458 457
1511 2 2 1 3 85 396 86
1512 2 2 1 3 82 933 83
1513 2 2 1 3 83 421 84
1514 2 2 1 3 81 399 82
1515 2 2 1 3 667 692 691
1516 2 2 1 3 670 931 668
1517 2 2 1 3 521 533 522
1518 2 2 1 3 493 971 487
1519 2 2 1 3 642 890 720
1520 2 2 1 3 115 400 116
1521 2 2 1 3 479 605 473
1522 2 2 1 3 678 945 611
1523 2 2 1 3 481 488 487
1524 2 2 1 3 609 929 785
1525 2 2 1 3 640 641 634
1526 2 2 1 3 590 654 591
1527 2 2 1 3 680 717 511
1528 2 2 1 3 80 934 81
1529 2 2 1 3 675 931 670
1530 2 2 1 3 488 494 493
1531 2 2 1 3 542 573 572
1532 2 2 1 3 483 485 484
1533 2 2 1 3 524 542 540
1534 2 2 1 3 506 508 507
1535 2 2 1 3 591 960 624
1536 2 2 1 3 494 501 500
1537 2 2 1 3 470 472 471
1538 2 2 1 3 667 691 665
1539 2 2 1 3 599 600 598
1540 2 2 1 3 567 945 545
1541 2 2 1 3 123 398 124
1542 2 2 1 3 458 460 459
1543 2 2 1 3 472 474 473
1544 2 2 1 3 548 553 552
1545 2 2 1 3 554 949 944
1546 2 2 1 3 79 425 80
1547 2 2 1 3 485 490 489
1548 2 2 1 3 722 724 723
1549 2 2 1 3 604 633 632
1550 2 2 1 3 479 686 628
1551 2 2 1 3 517 520 519
1552 2 2 1 3 842 844 843
1553 2 2 1 3 460 462 461
1554 2 2 1 3 540 541 525
1555 2 2 1 3 615 684 682
1556 2 2 1 3 682 683 681
1557 2 2 1 3 638 929 609
1558 2 2 1 3 438 711 440
1559 2 2 1 3 524 525 523
1560 2 2 1 3 628 714 629
1561 2 2 1 3 503 523 489
1562 2 2 1 3 652 678 611
1563 2 2 1 3 414 842 841
1564 2 2 1 3 554 944 577
1565 2 2 1 3 479 628 605
1566 2 2 1 3 615 681 572
1567 2 2 1 3 600 607 602
1568 2 2 1 3 645 956 730
1569 2 2 1 3 78 937 79
1570 2 2 1 3 692 779 691
1571 2 2 1 3 470 471 467
1572 2 2 1 3 481 551 488
1573 2 2 1 3 577 620 613
1574 2 2 1 3 476 936 474
1575 2 2 1 3 492 946 490
1576 2 2 1 3 541 599 598
1577 2 2 1 3 483 484 478
1578 2 2 1 3 424 928 122
1579 2 2 1 3 458 459 457
1580 2 2 1 3 533 569 534
1581 2 2 1 3 77 404 78
1582 2 2 1 3 672 940 675
1583 2 2 1 3 724 771 723
1584 2 2 1 3 460 461 459
1585 2 2 1 3 613 614 606
1586 2 2 1 3 661 929 638
1587 2 2 1 3 674 940 672
1588 2 2 1 3 462 465 461
1589 2 2 1 3 506 507 498
1590 2 2 1 3 761 762 659
1591 2 2 1 3 599 935 600
1592 2 2 1 3 542 572 540
1593 2 2 1 3 112 409 113
1594 2 2 1 3 494 502 501
1595 2 2 1 3 472 473 471
1596 2 2 1 3 503 946 923
1597 2 2 1 3 474 479 473
1598 2 2 1 3 645 730 695
1599 2 2 1 3 723 940 674
1600 2 2 1 3 553 579 578
1601 2 2 1 3 75 943 76
1602 2 2 1 3 502 510 501
1603 2 2 1 3 502 511 510
1604 2 2 1 3 485 489 484
1605 2 2 1 3 548 552 527
1606 2 2 1 3 577 606 555
1607 2 2 1 3 679 782 678
1608 2 2 1 3 524 540 525
1609 2 2 1 3 573 615 572
1610 2 2 1 3 490 503 489
1611 2 2 1 3 685 719 718
1612 2 2 1 3 633 640 634
1613 2 2 1 3 503 524 523
1614 2 2 1 3 684 739 682
1615 2 2 1 3 554 555 519
1616 2 2 1 3 582 951 644
1617 2 2 1 3 615 682 681
1618 2 2 1 3 742 780 744
1619 2 2 1 3 126 407 127
1620 2 2 1 3 633 685 640
1621 2 2 1 3 517 519 508
1622 2 2 1 3 74 410 75
1623 2 2 1 3 577 944 620
1624 2 2 1 3 677 966 513
1625 2 2 1 3 399 933 82
1626 2 2 1 3 83 933 421
1627 2 2 1 3 467 950 464
1628 2 2 1 3 946 958 924
1629 2 2 1 3 600 935 607
1630 2 2 1 3 920 950 471
1631 2 2 1 3 474 936 479
1632 2 2 1 3 602 941 604
1633 2 2 1 3 620 653 613
1634 2 2 1 3 806 811 808
1635 2 2 1 3 695 713 694
1636 2 2 1 3 521 550 533
1637 2 2 1 3 479 936 686
1638 2 2 1 3 81 934 399
1639 2 2 1 3 577 613 606
1640 2 2 1 3 490 946 503
1641 2 2 1 3 685 718 640
1642 2 2 1 3 520 554 519
1643 2 2 1 3 495 966 892
1644 2 2 1 3 814 816 815
1645 2 2 1 3 797 799 798
1646 2 2 1 3 123 928 398
1647 2 2 1 3 508 939 507
1648 2 2 1 3 619 643 642
1649 2 2 1 3 921 963 950
1650 2 2 1 3 127 942 128
1651 2 2 1 3 645 694 578
1652 2 2 1 3 554 577 555
1653 2 2 1 3 643 890 642
1654 2 2 1 3 662 968 661
1655 2 2 1 3 583 636 581
1656 2 2 1 3 874 966 677
1657 2 2 1 3 478 955 476
1658 2 2 1 3 811 841 812
1659 2 2 1 3 425 934 80
1660 2 2 1 3 553 578 552
1661 2 2 1 3 734 770 726
1662 2 2 1 3 652 965 679
1663 2 2 1 3 471 950 467
1664 2 2 1 3 541 947 599
1665 2 2 1 3 922 978 597
1666 2 2 1 3 579 645 578
1667 2 2 1 3 658 659 657
1668 2 2 1 3 930 955 484
1669 2 2 1 3 540 947 541
1670 2 2 1 3 695 732 713
1671 2 2 1 3 128 426 129
1672 2 2 1 3 71 415 72
1673 2 2 1 3 604 941 633
1674 2 2 1 3 607 941 602
1675 2 2 1 3 681 947 572
1676 2 2 1 3 688 731 690
1677 2 2 1 3 79 937 425
1678 2 2 1 3 519 939 508
1679 2 2 1 3 476 955 936
1680 2 2 1 3 498 958 492
1681 2 2 1 3 590 591 576
1682 2 2 1 3 484 955 478
1683 2 2 1 3 645 695 694
1684 2 2 1 3 551 952 488
1685 2 2 1 3 640 954 641
1686 2 2 1 3 803 916 711
1687 2 2 1 3 1001 1061 436
1688 2 2 1 3 527 949 520
1689 2 2 1 3 492 958 946
1690 2 2 1 3 494 952 502
1691 2 2 1 3 511 948 510
1692 2 2 1 3 607 970 941
1693 2 2 1 3 510 948 521
1694 2 2 1 3 572 947 540
1695 2 2 1 3 404 937 78
1696 2 2 1 3 555 939 519
1697 2 2 1 3 534 962 566
1698 2 2 1 3 917 978 976
1699 2 2 1 3 438 803 711
1700 2 2 1 3 507 958 498
1701 2 2 1 3 520 949 554
1702 2 2 1 3 488 952 494
1703 2 2 1 3 633 941 685
1704 2 2 1 3 603 986 601
1705 2 2 1 3 462 963 465
1706 2 2 1 3 667 973 692
1707 2 2 1 3 569 962 534
1708 2 2 1 3 797 798 794
1709 2 2 1 3 702 776 648
1710 2 2 1 3 931 973 668
1711 2 2 1 3 762 764 659
1712 2 2 1 3 834 974 816
1713 2 2 1 3 552 949 527
1714 2 2 1 3 726 953 724
1715 2 2 1 3 521 948 550
1716 2 2 1 3 536 979 589
1717 2 2 1 3 724 953 771
1718 2 2 1 3 644 951 742
1719 2 2 1 3 982 986 714
1720 2 2 1 3 918 983 693
1721 2 2 1 3 566 962 619
1722 2 2 1 3 947 969 599
1723 2 2 1 3 678 967 945
1724 2 2 1 3 683 969 681
1725 2 2 1 3 950 963 464
1726 2 2 1 3 718 954 640
1727 2 2 1 3 410 943 75
1728 2 2 1 3 687 689 688
1729 2 2 1 3 438 439 437
1730 2 2 1 3 691 968 665
1731 2 2 1 3 69 430 70
1732 2 2 1 3 624 960 658
1733 2 2 1 3 941 970 685
1734 2 2 1 3 129 961 130
1735 2 2 1 3 581 956 579
1736 2 2 1 3 464 963 462
1737 2 2 1 3 416 766 765
1738 2 2 1 3 559 561 560
1739 2 2 1 3 513 966 495
1740 2 2 1 3 782 967 678
1741 2 2 1 3 579 956 645
1742 2 2 1 3 624 657 656
1743 2 2 1 3 963 977 465
1744 2 2 1 3 687 688 643
1745 2 2 1 3 709 965 652
1746 2 2 1 3 892 964 893
1747 2 2 1 3 742 951 780
1748 2 2 1 3 681 969 947
1749 2 2 1 3 976 978 686
1750 2 2 1 3 407 942 127
1751 2 2 1 3 509 971 493
1752 2 2 1 3 770 953 726
1753 2 2 1 3 945 967 877
1754 2 2 1 3 665 968 662
1755 2 2 1 3 783 997 509
1756 2 2 1 3 591 624 623
1757 2 2 1 3 619 687 643
1758 2 2 1 3 636 956 581
1759 2 2 1 3 792 990 824
1760 2 2 1 3 922 986 982
1761 2 2 1 3 68 957 69
1762 2 2 1 3 657 758 656
1763 2 2 1 3 575 576 565
1764 2 2 1 3 702 1007 776
1765 2 2 1 3 453 987 451
1766 2 2 1 3 591 623 576
1767 2 2 1 3 538 979 536
1768 2 2 1 3 599 969 935
1769 2 2 1 3 481 977 551
1770 2 2 1 3 128 942 426
1771 2 2 1 3 659 959 657
1772 2 2 1 3 130 433 131
1773 2 2 1 3 624 656 623
1774 2 2 1 3 714 989 715
1775 2 2 1 3 694 972 578
1776 2 2 1 3 685 970 719
1777 2 2 1 3 699 979 621
1778 2 2 1 3 668 973 667
1779 2 2 1 3 619 962 687
1780 2 2 1 3 949 972 944
1781 2 2 1 3 686 982 628
1782 2 2 1 3 67 435 68
1783 2 2 1 3 918 988 983
1784 2 2 1 3 815 996 904
1785 2 2 1 3 552 972 949
1786 2 2 1 3 562 563 561
1787 2 2 1 3 921 977 963
1788 2 2 1 3 657 959 758
1789 2 2 1 3 578 972 552
1790 2 2 1 3 764 959 659
1791 2 2 1 3 955 976 936
1792 2 2 1 3 917 976 930
1793 2 2 1 3 426 961 129
1794 2 2 1 3 632 993 631
1795 2 2 1 3 507 980 958
1796 2 2 1 3 630 991 716
1797 2 2 1 3 569 981 962
1798 2 2 1 3 930 976 955
1799 2 2 1 3 977 983 551
1800 2 2 1 3 696 980 939
1801 2 2 1 3 694 985 972
1802 2 2 1 3 584 975 537
1803 2 2 1 3 922 982 978
1804 2 2 1 3 465 977 481
1805 2 2 1 3 597 978 917
1806 2 2 1 3 660 702 648
1807 2 2 1 3 936 976 686
1808 2 2 1 3 958 980 924
1809 2 2 1 3 978 982 686
1810 2 2 1 3 972 985 944
1811 2 2 1 3 69 957 430
1812 2 2 1 3 101 998 102
1813 2 2 1 3 628 982 714
1814 2 2 1 3 499 984 926
1815 2 2 1 3 794 990 792
1816 2 2 1 3 558 559 557
1817 2 2 1 3 713 985 694
1818 2 2 1 3 631 1000 989
1819 2 2 1 3 130 961 433
1820 2 2 1 3 693 983 921
1821 2 2 1 3 565 802 585
1822 2 2 1 3 952 988 680
1823 2 2 1 3 614 995 606
1824 2 2 1 3 962 981 687
1825 2 2 1 3 939 980 507
1826 2 2 1 3 691 997 968
1827 2 2 1 3 819 1004 593
1828 2 2 1 3 986 989 714
1829 2 2 1 3 817 1093 731
1830 2 2 1 3 921 983 977
1831 2 2 1 3 539 558 557
1832 2 2 1 3 676 1005 819
1833 2 2 1 3 687 981 689
1834 2 2 1 3 563 575 565
1835 2 2 1 3 603 989 986
1836 2 2 1 3 983 988 551
1837 2 2 1 3 601 986 922
1838 2 2 1 3 822 1021 166
1839 2 2 1 3 926 987 453
1840 2 2 1 3 435 957 68
1841 2 2 1 3 991 995 716
1842 2 2 1 3 696 991 980
1843 2 2 1 3 988 994 680
1844 2 2 1 3 559 562 561
1845 2 2 1 3 944 985 620
1846 2 2 1 3 968 997 783
1847 2 2 1 3 802 1002 660
1848 2 2 1 3 980 991 924
1849 2 2 1 3 655 781 586
1850 2 2 1 3 656 1002 623
1851 2 2 1 3 551 988 952
1852 2 2 1 3 680 994 717
1853 2 2 1 3 918 994 988
1854 2 2 1 3 1019 1084 1018
1855 2 2 1 3 798 990 794
1856 2 2 1 3 698 699 621
1857 2 2 1 3 924 991 630
1858 2 2 1 3 675 992 931
1859 2 2 1 3 697 993 632
1860 2 2 1 3 791 1003 795
1861 2 2 1 3 593 1004 470
1862 2 2 1 3 486 1005 676
1863 2 2 1 3 475 1005 477
1864 2 2 1 3 759 760 710
1865 2 2 1 3 715 994 918
1866 2 2 1 3 660 1002 751
1867 2 2 1 3 472 1004 475
1868 2 2 1 3 885 1036 653
1869 2 2 1 3 575 1009 592
1870 2 2 1 3 606 995 696
1871 2 2 1 3 904 996 790
1872 2 2 1 3 981 1050 689
1873 2 2 1 3 696 995 991
1874 2 2 1 3 418 998 101
1875 2 2 1 3 623 1002 802
1876 2 2 1 3 779 997 691
1877 2 2 1 3 416 765 111
1878 2 2 1 3 585 802 660
1879 2 2 1 3 717 1006 511
1880 2 2 1 3 994 1000 717
1881 2 2 1 3 762 1008 764
1882 2 2 1 3 697 1006 993
1883 2 2 1 3 713 1060 1045
1884 2 2 1 3 562 1009 563
1885 2 2 1 3 715 1000 994
1886 2 2 1 3 703 1018 728
1887 2 2 1 3 413 438 437
1888 2 2 1 3 660 751 702
1889 2 2 1 3 989 1000 715
1890 2 2 1 3 993 1006 717
1891 2 2 1 3 751 753 702
1892 2 2 1 3 109 434 110
1893 2 2 1 3 117 1012 423
1894 2 2 1 3 400 1012 116
1895 2 2 1 3 558 1010 559
1896 2 2 1 3 981 1057 1050
1897 2 2 1 3 996 1003 790
1898 2 2 1 3 107 428 108
1899 2 2 1 3 655 999 781
1900 2 2 1 3 790 1003 791
1901 2 2 1 3 766 769 768
1902 2 2 1 3 710 999 655
1903 2 2 1 3 477 1005 486
1904 2 2 1 3 470 1004 472
1905 2 2 1 3 830 1049 746
1906 2 2 1 3 760 999 710
1907 2 2 1 3 93 431 94
1908 2 2 1 3 511 1006 948
1909 2 2 1 3 888 1030 887
1910 2 2 1 3 653 1045 885
1911 2 2 1 3 1018 1084 431
1912 2 2 1 3 784 1008 762
1913 2 2 1 3 96 411 9
1914 2 2 1 3 850 1023 847
1915 2 2 1 3 948 1014 550
1916 2 2 1 3 394 1016 90
1917 2 2 1 3 766 768 765
1918 2 2 1 3 718 1046 954
1919 2 2 1 3 799 1013 798
1920 2 2 1 3 801 1013 799
1921 2 2 1 3 199 1017 198
1922 2 2 1 3 563 1009 575
1923 2 2 1 3 747 1029 775
1924 2 2 1 3 798 1013 821
1925 2 2 1 3 559 1010 562
1926 2 2 1 3 887 1020 881
1927 2 2 1 3 745 1025 943
1928 2 2 1 3 729 1019 1018
1929 2 2 1 3 587 1051 777
1930 2 2 1 3 116 1012 117
1931 2 2 1 3 697 1014 1006
1932 2 2 1 3 748 1029 747
1933 2 2 1 3 411 1077 1007
1934 2 2 1 3 775 1029 422
1935 2 2 1 3 113 1022 114
1936 2 2 1 3 753 1007 702
1937 2 2 1 3 767 1011 766
1938 2 2 1 3 718 1056 1046
1939 2 2 1 3 398 1023 124
1940 2 2 1 3 1067 1079 1033
1941 2 2 1 3 77 1025 404
1942 2 2 1 3 943 1025 76
1943 2 2 1 3 393 1063 839
1944 2 2 1 3 533 1026 569
1945 2 2 1 3 1007 1077 776
1946 2 2 1 3 396 1085 756
1947 2 2 1 3 756 1085 421
1948 2 2 1 3 844 1015 843
1949 2 2 1 3 166 1021 165
1950 2 2 1 3 969 1027 935
1951 2 2 1 3 738 1055 754
1952 2 2 1 3 810 1042 430
1953 2 2 1 3 843 1024 841
1954 2 2 1 3 704 1031 852
1955 2 2 1 3 716 1030 888
1956 2 2 1 3 1077 1088 1019
1957 2 2 1 3 965 1028 831
1958 2 2 1 3 766 1011 769
1959 2 2 1 3 689 1050 879
1960 2 2 1 3 1006 1014 948
1961 2 2 1 3 569 1057 981
1962 2 2 1 3 822 1068 1021
1963 2 2 1 3 812 1032 808
1964 2 2 1 3 729 1018 703
1965 2 2 1 3 884 1036 885
1966 2 2 1 3 817 1039 412
1967 2 2 1 3 720 1038 708
1968 2 2 1 3 95 1084 1019
1969 2 2 1 3 1019 1088 95
1970 2 2 1 3 882 1036 883
1971 2 2 1 3 415 1034 72
1972 2 2 1 3 754 1040 890
1973 2 2 1 3 90 1016 91
1974 2 2 1 3 198 1017 429
1975 2 2 1 3 682 1037 683
1976 2 2 1 3 879 1050 858
1977 2 2 1 3 849 1038 850
1978 2 2 1 3 995 1030 716
1979 2 2 1 3 719 1056 718
1980 2 2 1 3 809 1042 807
1981 2 2 1 3 876 1042 809
1982 2 2 1 3 734 1051 770
1983 2 2 1 3 954 1046 861
1984 2 2 1 3 895 1062 732
1985 2 2 1 3 92 1048 405
1986 2 2 1 3 613 1041 614
1987 2 2 1 3 1047 1091 755
1988 2 2 1 3 835 1044 393
1989 2 2 1 3 65 1021 66
1990 2 2 1 3 861 1046 417
1991 2 2 1 3 393 1044 120
1992 2 2 1 3 121 1044 424
1993 2 2 1 3 416 1059 767
1994 2 2 1 3 881 1020 882
1995 2 2 1 3 937 1080 831
1996 2 2 1 3 719 1065 1056
1997 2 2 1 3 620 1045 653
1998 2 2 1 3 732 1070 895
1999 2 2 1 3 934 1054 399
2000 2 2 1 3 860 1035 912
2001 2 2 1 3 830 1080 1049
2002 2 2 1 3 8 1033 93
2003 2 2 1 3 1045 1060 885
2004 2 2 1 3 114 1053 115
2005 2 2 1 3 124 1023 125
2006 2 2 1 3 409 1022 113
2007 2 2 1 3 841 1024 812
2008 2 2 1 3 729 1077 1019
2009 2 2 1 3 713 1045 985
2010 2 2 1 3 721 1058 875
2011 2 2 1 3 76 1025 77
2012 2 2 1 3 550 1026 533
2013 2 2 1 3 1015 1082 843
2014 2 2 1 3 813 1087 432
2015 2 2 1 3 683 1027 969
2016 2 2 1 3 409 1076 1022
2017 2 2 1 3 176 1062 895
2018 2 2 1 3 406 1062 177
2019 2 2 1 3 928 1047 848
2020 2 2 1 3 424 1091 1047
2021 2 2 1 3 868 1029 748
2022 2 2 1 3 900 1065 898
2023 2 2 1 3 405 1067 1033
2024 2 2 1 3 709 1028 965
2025 2 2 1 3 119 1063 393
2026 2 2 1 3 423 1063 118
2027 2 2 1 3 415 1064 876
2028 2 2 1 3 846 1075 848
2029 2 2 1 3 74 1066 410
2030 2 2 1 3 71 1064 415
2031 2 2 1 3 899 1086 897
2032 2 2 1 3 430 1064 70
2033 2 2 1 3 1014 1035 550
2034 2 2 1 3 695 1070 732
2035 2 2 1 3 583 1094 636
2036 2 2 1 3 85 1085 396
2037 2 2 1 3 421 1085 84
2038 2 2 1 3 405 1033 8
2039 2 2 1 3 12 1072 199
2040 2 2 1 3 93 1033 431
2041 2 2 1 3 67 1068 435
2042 2 2 1 3 165 1021 65
2043 2 2 1 3 436 1061 10
2044 2 2 1 3 131 1072 12
2045 2 2 1 3 956 1082 730
2046 2 2 1 3 935 1078 607
2047 2 2 1 3 614 1030 995
2048 2 2 1 3 1029 1043 422
2049 2 2 1 3 1065 1073 898
2050 2 2 1 3 1016 1048 91
2051 2 2 1 3 614 1041 1020
2052 2 2 1 3 898 1073 899
2053 2 2 1 3 1054 1083 399
2054 2 2 1 3 734 1076 768
2055 2 2 1 3 912 1035 1014
2056 2 2 1 3 705 1031 704
2057 2 2 1 3 1069 1071 428
2058 2 2 1 3 730 1082 1015
2059 2 2 1 3 1073 1078 899
2060 2 2 1 3 808 1032 809
2061 2 2 1 3 864 1047 755
2062 2 2 1 3 72 1034 73
2063 2 2 1 3 636 1094 1024
2064 2 2 1 3 1027 1086 899
2065 2 2 1 3 933 1083 852
2066 2 2 1 3 635 1052 1001
2067 2 2 1 3 10 1061 107
2068 2 2 1 3 942 1040 426
2069 2 2 1 3 848 1047 864
2070 2 2 1 3 709 1054 1028
2071 2 2 1 3 883 1036 884
2072 2 2 1 3 411 1089 9
2073 2 2 1 3 739 1037 682
2074 2 2 1 3 708 1038 849
2075 2 2 1 3 110 1059 11
2076 2 2 1 3 1068 1087 435
2077 2 2 1 3 1007 1089 411
2078 2 2 1 3 1011 1052 635
2079 2 2 1 3 550 1035 1026
2080 2 2 1 3 733 1076 734
2081 2 2 1 3 412 1039 879
2082 2 2 1 3 870 1043 868
2083 2 2 1 3 107 1061 428
2084 2 2 1 3 942 1092 1040
2085 2 2 1 3 890 1040 720
2086 2 2 1 3 868 1043 1029
2087 2 2 1 3 770 1051 587
2088 2 2 1 3 807 1042 810
2089 2 2 1 3 434 1059 110
2090 2 2 1 3 871 1090 1074
2091 2 2 1 3 653 1041 613
2092 2 2 1 3 11 1059 416
2093 2 2 1 3 398 1075 1023
2094 2 2 1 3 1020 1041 882
2095 2 2 1 3 1025 1049 404
2096 2 2 1 3 422 1043 927
2097 2 2 1 3 1040 1092 720
2098 2 2 1 3 429 1093 817
2099 2 2 1 3 9 1089 97
2100 2 2 1 3 1074 1090 394
2101 2 2 1 3 831 1080 830
2102 2 2 1 3 120 1044 121
2103 2 2 1 3 985 1045 620
2104 2 2 1 3 1034 1066 73
2105 2 2 1 3 417 1046 891
2106 2 2 1 3 424 1047 928
2107 2 2 1 3 1024 1094 812
2108 2 2 1 3 91 1048 92
2109 2 2 1 3 746 1049 745
2110 2 2 1 3 399 1083 933
2111 2 2 1 3 858 1050 857
2112 2 2 1 3 870 1074 1043
2113 2 2 1 3 1046 1056 891
2114 2 2 1 3 115 1053 400
2115 2 2 1 3 411 1088 1077
2116 2 2 1 3 732 1060 713
2117 2 2 1 3 94 1084 95
2118 2 2 1 3 95 1088 96
2119 2 2 1 3 683 1086 1027
2120 2 2 1 3 1021 1068 66
2121 2 2 1 3 1050 1057 857
2122 2 2 1 3 1049 1080 404
2123 2 2 1 3 1043 1074 927
2124 2 2 1 3 740 1054 709
2125 2 2 1 3 767 1052 1011
2126 2 2 1 3 891 1056 392
2127 2 2 1 3 400 1058 1012
2128 2 2 1 3 1023 1075 847
2129 2 2 1 3 961 1055 433
2130 2 2 1 3 857 1057 859
2131 2 2 1 3 757 1058 721
2132 2 2 1 3 885 1060 406
2133 2 2 1 3 199 1072 1017
2134 2 2 1 3 1056 1065 392
2135 2 2 1 3 745 1049 1025
2136 2 2 1 3 177 1062 176
2137 2 2 1 3 871 1074 870
2138 2 2 1 3 1018 1079 728
2139 2 2 1 3 118 1063 119
2140 2 2 1 3 392 1065 900
2141 2 2 1 3 740 1083 1054
2142 2 2 1 3 70 1064 71
2143 2 2 1 3 768 1076 409
2144 2 2 1 3 1012 1058 757
2145 2 2 1 3 728 1067 759
2146 2 2 1 3 73 1066 74
2147 2 2 1 3 728 1079 1067
2148 2 2 1 3 66 1068 67
2149 2 2 1 3 720 1092 1038
2150 2 2 1 3 776 1077 729
2151 2 2 1 3 730 1070 695
2152 2 2 1 3 108 1071 109
2153 2 2 1 3 433 1072 131
2154 2 2 1 3 1044 1091 424
2155 2 2 1 3 719 1073 1065
2156 2 2 1 3 927 1074 394
2157 2 2 1 3 847 1075 846
2158 2 2 1 3 970 1073 719
2159 2 2 1 3 727 1090 871
2160 2 2 1 3 394 1090 1016
2161 2 2 1 3 970 1078 1073
2162 2 2 1 3 109 1071 434
2163 2 2 1 3 428 1071 108
2164 2 2 1 3 1017 1072 433
2165 2 2 1 3 432 1087 822
2166 2 2 1 3 607 1078 970
2167 2 2 1 3 404 1080 937
2168 2 2 1 3 852 1083 740
2169 2 2 1 3 897 1086 901
2170 2 2 1 3 84 1085 85
2171 2 2 1 3 755 1091 835
2172 2 2 1 3 636 1082 956
2173 2 2 1 3 731 1093 738
2174 2 2 1 3 617 1094 583
2175 2 2 1 3 407 1092 942
2176 2 2 1 3 431 1084 94
2177 2 2 1 3 822 1087 1068
2178 2 2 1 3 431 1079 1018
2179 2 2 1 3 96 1088 411
2180 2 2 1 3 1016 1090 727
2181 2 2 1 3 1017 1081 429
2182 2 2 1 3 1052 1069 1001
2183 2 2 1 3 1038 1092 407
2184 2 2 1 3 1033 1079 431
2185 2 2 1 3 835 1091 1044
2186 2 2 1 3 738 1081 1055
2187 2 2 1 3 738 1093 1081
2188 2 2 1 3 1081 1093 429
$EndElements
