$MeshFormat
2.2 0 8
$EndMeshFormat
$PhysicalNames
7
0 6 "separation-inf"
0 7 "separation-sup"
1 4 "pressure"
1 5 "fixed"
2 1 "body"
2 2 "cover"
2 3 "scar"
$EndPhysicalNames
$Nodes
1116
1 0.6591601148908225 0.4489397597553123 0
2 0.6780832021878531 0.4499314767377288 0
3 0.5344313259771455 0.4424030009156841 0
4 0.4754071150127369 0.4393096730951061 0
5 0.4040362663251333 0.4037254805883031 0
6 0.06527036446661391 -1.301042606982605e-16 0
7 0.7306999999999998 0 0
8 0.7306999999999999 0.4 0
9 0.6754664043757063 0.4998629534754574 0
10 0.674069285402203 0.4997897335726619 0
11 0.7806999999999999 0 0
12 0.7806999999999999 0.4 0
13 0.5142885598414713 0.4914159805737919 0
14 0.4727903172005901 0.4892411498328348 0
15 0.3657340441691846 0.4358648610726302 0
16 0 0 0
17 0.6686216585393379 0.4494356182465206 0
18 0.6471763534888808 0.4356756318622019 9.866319198736404e-20
19 0.6325464657551676 0.4254036289157033 1.728809201105976e-19
20 0.6160009110925178 0.418636625392148 2.18947540521113e-19
21 0.5983657991212722 0.4157124942928608 2.345629700088831e-19
22 0.5805216392083956 0.4167772355421221 2.189475405211134e-19
23 0.5633593783461338 0.4217776873095346 1.728809201105982e-19
24 0.5477359179854977 0.4304641794665316 9.866319198736409e-20
25 0.4901631677538391 0.4400830050502506 0
26 0.5049192204949412 0.4408563370053951 0
27 0.5196752732360433 0.4416296689605396 0
28 0.4155632889104461 0.4153738503531371 0
29 0.4288380096997182 0.4249831456356997 0
30 0.4435039270820078 0.4322953023077403 0
31 0.459167177920325 0.4371139474530656 0
32 0.07695194728932159 0.0139215682961481 0
33 0.08863353011202912 0.02784313659229654 0
34 0.1003151129347367 0.04176470488844486 0
35 0.1119966957574442 0.05568627318459324 0
36 0.1236782785801517 0.06960784148074162 0
37 0.1353598614028593 0.08352940977689 0
38 0.1470414442255668 0.09745097807303832 0
39 0.1587230270482744 0.1113725463691868 0
40 0.1704046098709819 0.1252941146653351 0
41 0.1820861926936895 0.1392156829614835 0
42 0.1937677755163971 0.1531372512576319 0
43 0.2054493583391046 0.1670588195537803 0
44 0.2171309411618121 0.1809803878499286 0
45 0.2288125239845197 0.194901956146077 0
46 0.2404941068072272 0.2088235244422254 0
47 0.2521756896299348 0.2227450927383737 0
48 0.2638572724526423 0.2366666610345221 0
49 0.2755388552753499 0.2505882293306705 0
50 0.2872204380980575 0.264509797626819 0
51 0.2989020209207651 0.2784313659229674 0
52 0.3105836037434727 0.2923529342191159 0
53 0.3222651865661804 0.3062745025152643 0
54 0.333946769388888 0.3201960708114128 0
55 0.3456283522115955 0.3341176391075612 0
56 0.3573099350343032 0.3480392074037096 0
57 0.3689915178570107 0.361960775699858 0
58 0.3806731006797182 0.3758823439960064 0
59 0.3923546835024258 0.3898039122921548 0
60 0.08375452100920794 0 0
61 0.102238677551802 0 0
62 0.120722834094396 0 0
63 0.13920699063699 0 0
64 0.157691147179584 0 0
65 0.176175303722178 0 0
66 0.194659460264772 0 0
67 0.213143616807366 0 0
68 0.2316277733499601 0 0
69 0.2501119298925542 0 0
70 0.2685960864351482 0 0
71 0.2870802429777423 0 0
72 0.3055643995203364 0 0
73 0.3240485560629304 0 0
74 0.3425327126055245 0 0
75 0.3610168691481186 0 0
76 0.3795010256907126 0 0
77 0.3979851822333066 0 0
78 0.4164693387759007 0 0
79 0.4349534953184948 0 0
80 0.4534376518610889 0 0
81 0.4719218084036829 0 0
82 0.490405964946277 0 0
83 0.5088901214888711 0 0
84 0.5273742780314651 0 0
85 0.5458584345740591 0 0
86 0.5643425911166533 0 0
87 0.5828267476592474 0 0
88 0.6013109042018414 0 0
89 0.6197950607444355 0 0
90 0.6382792172870295 0 0
91 0.6567633738296236 0 0
92 0.6752475303722176 0 0
93 0.6937316869148117 0 0
94 0.7122158434574057 0 0
95 0.7306999999999999 0.3818181818181818 0
96 0.7306999999999999 0.3636363636363637 0
97 0.7306999999999999 0.3454545454545456 0
98 0.7306999999999999 0.3272727272727274 0
99 0.7306999999999999 0.3090909090909092 0
100 0.7306999999999999 0.290909090909091 0
101 0.7306999999999999 0.2727272727272728 0
102 0.7306999999999999 0.2545454545454546 0
103 0.7306999999999999 0.2363636363636365 0
104 0.7306999999999999 0.2181818181818183 0
105 0.7306999999999999 0.2000000000000001 0
106 0.7306999999999999 0.1818181818181819 0
107 0.7306999999999999 0.1636363636363637 0
108 0.7306999999999999 0.1454545454545455 0
109 0.7306999999999999 0.1272727272727273 0
110 0.7306999999999999 0.1090909090909091 0
111 0.7306999999999999 0.09090909090909099 0
112 0.7306999999999999 0.07272727272727275 0
113 0.7306999999999999 0.05454545454545456 0
114 0.7306999999999999 0.03636363636363638 0
115 0.7306999999999999 0.01818181818181819 0
116 0.6941459910307635 0.4481581283398828 0
117 0.7088041688926067 0.441354028713728 0
118 0.7205264959012098 0.4302299557431187 0
119 0.7280884205004792 0.4159479654649035 0
120 0.6729890936715953 0.4818566961870797 2.234518963583836e-19
121 0.667934398364422 0.4646168957683879 2.234518963583821e-19
122 0.7473666666666665 0 0
123 0.7640333333333333 0 0
124 0.7806999999999999 0.01818181818181816 0
125 0.7806999999999999 0.03636363636363633 0
126 0.7806999999999999 0.05454545454545447 0
127 0.7806999999999999 0.07272727272727263 0
128 0.7806999999999999 0.09090909090909081 0
129 0.7806999999999999 0.109090909090909 0
130 0.7806999999999999 0.1272727272727272 0
131 0.7806999999999999 0.1454545454545454 0
132 0.7806999999999999 0.1636363636363636 0
133 0.7806999999999999 0.1818181818181818 0
134 0.7806999999999999 0.2 0
135 0.7806999999999999 0.2181818181818181 0
136 0.7806999999999999 0.2363636363636363 0
137 0.7806999999999999 0.2545454545454545 0
138 0.7806999999999999 0.2727272727272727 0
139 0.7806999999999999 0.2909090909090909 0
140 0.7806999999999999 0.309090909090909 0
141 0.7806999999999999 0.3272727272727273 0
142 0.7806999999999999 0.3454545454545455 0
143 0.7806999999999999 0.3636363636363636 0
144 0.7806999999999999 0.3818181818181818 0
145 0.7790780848522558 0.4179374585937456 0
146 0.7742649515839531 0.4352930564713867 0
147 0.7664167300702113 0.4515038074910052 0
148 0.7557880032981501 0.4660438623999005 0
149 0.7427235491268263 0.4784415664919572 0
150 0.7276471562785896 0.4882947592858924 0
151 0.7110478773521176 0.4952838199287833 0
152 0.6934641647860601 0.499182035154126 0
153 0.5240664020105982 0.4570770935695845 2.234518963583834e-19
154 0.5172373470083924 0.4736940930250075 2.23451896358383e-19
155 0.5004558122945109 0.4906910369934729 0
156 0.4866230647475505 0.4899660934131539 0
157 0.4553304392647099 0.4872959338991283 0
158 0.4382177408617575 0.4833226788186971 0
159 0.4216869558889431 0.4773758855023666 0
160 0.4059648361705108 0.4695371257711422 0
161 0.3912670411160414 0.4599139234402445 0
162 0.3777951795327663 0.4486382794211359 0
163 0.3539361717766302 0.4218047042638357 0
164 0.3421382993840759 0.4077445474550412 0
165 0.3303404269915215 0.3936843906462466 0
166 0.3185425545989671 0.3796242338374521 0
167 0.3067446822064128 0.3655640770286576 0
168 0.2949468098138585 0.351503920219863 0
169 0.2831489374213041 0.3374437634110685 0
170 0.2713510650287497 0.3233836066022739 0
171 0.2595531926361954 0.3093234497934794 0
172 0.247755320243641 0.2952632929846847 0
173 0.2359574478510866 0.2812031361758902 0
174 0.2241595754585322 0.2671429793670956 0
175 0.2123617030659778 0.2530828225583009 0
176 0.2005638306734234 0.2390226657495064 0
177 0.188765958280869 0.2249625089407118 0
178 0.1769680858883146 0.2109023521319172 0
179 0.1651702134957603 0.1968421953231227 0
180 0.153372341103206 0.1827820385143283 0
181 0.1415744687106517 0.1687218817055337 0
182 0.1297765963180974 0.1546617248967392 0
183 0.1179787239255431 0.1406015680879448 0
184 0.1061808515329888 0.1265414112791503 0
185 0.09438297914043453 0.1124812544703558 0
186 0.08258510674788017 0.09842109766156132 0
187 0.07078723435532586 0.0843609408527668 0
188 0.05898936196277155 0.07030078404397233 0
189 0.04719148957021724 0.05624062723517786 0
190 0.03539361717766293 0.04218047042638334 0
191 0.02359574478510867 0.02812031361758888 0
192 0.01179787239255431 0.01406015680879436 0
193 0.0163175911166535 0 0
194 0.03263518223330703 0 0
195 0.04895277334996048 0 0
196 0.6563158714510106 0.4988593165727874 0
197 0.6385624574998182 0.497928899572913 0
198 0.6208090435486258 0.4969984825730385 0
199 0.6030556295974334 0.4960680655731641 0
200 0.585302215646241 0.4951376485732897 0
201 0.5675488016950486 0.4942072315734152 0
202 0.5497953877438562 0.4932768145735408 0
203 0.5320419737926638 0.4923463975736664 0
204 0.552249724393385 0.4433368236070596 0
205 0.5700681228096246 0.444270646298435 0
206 0.5878865212258642 0.4452044689898105 0
207 0.6057049196421036 0.446138291681186 0
208 0.6235233180583433 0.4470721143725614 0
209 0.6413417164745828 0.4480059370639369 0
210 0.5180185477937471 0.01621485107883458 0
211 0.3744453352107418 0.3464233421951757 0
212 0.7154051716649451 0.2280548839668027 0
213 0.5677268916412135 0.4054579567339835 0
214 0.4441882531859447 0.01600461654999452 0
215 0.3282820013656347 0.2893640053690557 0
216 0.7160645272277941 0.154418134392569 0
217 0.2810458263631375 0.2313223087988079 0
218 0.3702589474194156 0.01600774913341474 0
219 0.5924135638117335 0.01549400633969944 0
220 0.4833011890463028 0.4263503013422694 0
221 0.7151552766981411 0.2996837448879321 0
222 0.2349329203012351 0.1779547023822131 0
223 0.3118309109346166 0.01740798015817413 0
224 0.6071228632671664 0.4008002305830781 0
225 0.4096596057680048 0.3871451484686803 0
226 0.7145587795196433 0.09901865265384657 0
227 0.25901085314133 0.01530716251250736 0
228 0.1999834159100278 0.1360599196286809 0
229 0.6468467639037142 0.01219212117826418 0
230 0.7144972653919135 0.3523782610019032 0
231 0.2039015385360691 0.01600774913341474 0
232 0.6848965192269452 0.4380115956342909 0
233 0.1641454145333846 0.09468287347781068 0
234 0.6483955203293342 0.4175171713175591 0
235 0.4424045164135455 0.4164356421722166 0
236 0.5567981456821087 0.01578674929712826 0
237 0.7151413618160404 0.2636363271120253 0
238 0.4070352944052333 0.01578908584690542 0
239 0.4835897493713522 0.01613865488967986 0
240 0.3057290004356817 0.2617083562767138 0
241 0.3523418966771136 0.3178981021504451 0
242 0.7142380039189592 0.1897665254227993 0
243 0.2580473108495991 0.2059836280889361 0
244 0.7144090257405601 0.06496316671172314 0
245 0.7171445656319462 0.3911138181309433 0
246 0.5129669719842056 0.4284638864495899 0
247 0.1687965542291028 0.01885753381459426 0
248 0.6836978496884125 0.01757752979986543 0
249 0.1403272492922748 0.06621724664531353 0
250 0.1299660266557873 0.0149127380390271 0
251 0.6619559416464865 0.4343682526520705 0
252 0.6670878343829401 0.4161316807292946 0
253 0.6573422934673352 0.4013395252416345 0
254 0.6747474716174027 0.4001829108827414 0
255 0.6645635443325836 0.3855956842562658 0
256 0.6466640644627794 0.3872769715452173 0
257 0.6542433857037312 0.3710343052791038 0
258 0.6369095673758041 0.3715885387804844 0
259 0.6440534285141328 0.3561394061266412 0
260 0.6261074969833085 0.3570937908742605 0
261 0.6336885873710104 0.341404106218436 0
262 0.6157402993293645 0.3429628117933568 0
263 0.6233534456743405 0.3268000252706603 0
264 0.6053898936853191 0.3283284791116303 0
265 0.6130229338638001 0.312003213073703 0
266 0.5944668649969589 0.3135023962371875 0
267 0.6025865494172925 0.297208667821869 0
268 0.5834700321173403 0.2987978058044781 0
269 0.5921834685761393 0.2824011818345253 0
270 0.5735447204608766 0.2840553308481419 0
271 0.581881821034001 0.2675481195688913 0
272 0.5635898089548921 0.2691407359795377 0
273 0.5715677956291206 0.2526667906340984 0
274 0.5532052988761945 0.2542609224187951 0
275 0.5611684855072544 0.2377343688235916 0
276 0.542942273287206 0.239360272971296 0
277 0.5507364302472337 0.2228696229924519 0
278 0.5325985675396672 0.2244683740171031 0
279 0.5403295970739017 0.2079661775684525 0
280 0.5221951405781797 0.2095456598750759 0
281 0.5544776054313545 0.2856063011098831 0
282 0.5144815160464142 0.2260564433269537 0
283 0.5040622139658246 0.2111265283862275 0
284 0.5117570796571527 0.1946188326641646 0
285 0.4936045601680676 0.196198847427802 0
286 0.5584645016484245 0.2063875746518646 0
287 0.4963513346984725 0.2276192018758632 0
288 0.5013098865330139 0.1796731632686495 0
289 0.4831350047485963 0.1812562330578104 0
290 0.4908492681995203 0.1647283750437732 0
291 0.4726634214213143 0.1663300712226957 0
292 0.4649396092887079 0.1828536701773235 0
293 0.4544672945551624 0.1679110887465206 0
294 0.446741112369554 0.1844504555851002 0
295 0.4362685620551051 0.1695221487758756 0
296 0.4285490677227278 0.1860487819185085 0
297 0.4180656944209848 0.1710910560502563 0
298 0.509012494666762 0.1631525886402532 0
299 0.4256875849680409 0.1545836154643832 0
300 0.4075238567799541 0.1561493574791483 0
301 0.5898153573914451 0.2510632824658053 0
302 0.4802533613783305 0.1498143654181263 0
303 0.3998586036876129 0.1726906109972963 0
304 0.3893501445444858 0.1577231104747783 0
305 0.3968228296205389 0.1411853206329112 0
306 0.3788156719981171 0.1427625861327678 0
307 0.3711604464071196 0.1593503351167072 0
308 0.3606294088573485 0.1443590757719133 0
309 0.3682994616813204 0.1278155072595306 0
310 0.3501159220977806 0.1294271358657402 0
311 0.6207620562806054 0.2956553581504965 0
312 0.342469313441167 0.1460241331269799 0
313 0.331924606688399 0.1310248959815552 0
314 0.339531134838121 0.1145049208840331 0
315 0.3213662091826555 0.1160111517037947 0
316 0.4390276649978473 0.201001973270429 0
317 0.5865623587916107 0.3296868246079999 0
318 0.3137420384384767 0.1326552272890059 0
319 0.3031456597577575 0.1176442857211342 0
320 0.3108401807285023 0.1010317558026775 0
321 0.292602263359592 0.1026612521046615 0
322 0.5067754483272819 0.2425341866708943 0
323 0.488682014280064 0.2440906012404613 0
324 0.4990815812582228 0.2589562476949334 0
325 0.481014841161309 0.2604958464265378 0
326 0.4913802160682266 0.2753123182634177 0
327 0.473410313521698 0.2768379492135832 0
328 0.4836982335063399 0.2915665973393285 0
329 0.465933881138806 0.2931106499753316 0
330 0.4760957914602465 0.3077154356390073 0
331 0.4555823370699726 0.2784784222413669 0
332 0.4584473133081448 0.3092508194594072 0
333 0.4685590559157939 0.3237274577655881 0
334 0.4860506316349243 0.3222093827927419 0
335 0.478619682543546 0.3380481393965917 0
336 0.495924406186396 0.3365475429303464 0
337 0.4885797398525146 0.3522556470931805 0
338 0.5058379450404835 0.3508686500691111 0
339 0.4510242161500793 0.3253255754833622 0
340 0.4208558872098566 0.202599712021835 0
341 0.6413067672405468 0.3252446341906913 0
342 0.4408226099161265 0.3107565436448841 0
343 0.2848994482714692 0.1192675978091409 0
344 0.2743516274467795 0.1042954304811268 0
345 0.2820622236457387 0.08767843481809628 0
346 0.2637994421552355 0.08931438448357537 0
347 0.4711228528162983 0.3540484387299064 0
348 0.5132389595197439 0.3350901690538713 0
349 0.523176822934999 0.34954893210277 0
350 0.2666621150052818 0.1209034186680657 0
351 0.2771927945191925 0.1358581842064609 0
352 0.4984594387136297 0.3663485090671429 0
353 0.4313191628482436 0.2175319146203707 0
354 0.4131692352387826 0.2191241284178064 0
355 0.4333693724665806 0.3268661499029519 0
356 0.4231011132451091 0.3122781221636222 0
357 0.530671669386426 0.3336369924534156 0
358 0.5406367847700257 0.3481565323983299 0
359 0.5330569507540426 0.3640737059296408 0
360 0.4236097397695928 0.2339857327980664 0
361 0.4054731858638044 0.2355103173907451 0
362 0.3950314098224847 0.220705390129273 0
363 0.3873494723154514 0.2372097621125289 0
364 0.3768976250150349 0.2223230060973566 0
365 0.3984566955978182 0.2519400206681058 0
366 0.3692254059518048 0.238837884840284 0
367 0.3587639676051184 0.2239365860681879 0
368 0.6618673885903121 0.3547604032930843 0
369 0.5480476204239885 0.1914675940756344 0
370 0.5662093999036634 0.1898928921087397 0
371 0.555760831402542 0.1749478049019756 0
372 0.5739411551455254 0.1733756016510337 0
373 0.5634801391561863 0.1584162506400575 0
374 0.5816631145231718 0.1568417559700875 0
375 0.5921183296791098 0.171806530877005 0
376 0.5998446790882396 0.1552779254331243 0
377 0.5712059493520947 0.1418673402261517 0
378 0.610287760519879 0.17023773592165 0
379 0.6180180364582273 0.1537169105747982 0
380 0.6284546702224771 0.1686677210329839 0
381 0.636186047829747 0.1521550360204522 0
382 0.625750787596528 0.1372008590572107 0
383 0.6439268547746939 0.1356331821753674 0
384 0.6334804910391761 0.1206660059317221 0
385 0.62073522585024 0.1851797822827593 0
386 0.6388842475256876 0.18361064326259 0
387 0.6311701987217899 0.2001064542512598 0
388 0.6493173271678054 0.1985378724565862 0
389 0.6415956392959459 0.2150264336875639 0
390 0.6516688798752961 0.1191039388097602 0
391 0.6412190246391035 0.1041163688543089 0
392 0.6230037191206113 0.1056842134312335 0
393 0.6307507676251578 0.0891084649373961 0
394 0.6125031939923821 0.09068108749305753 0
395 0.6490066384229657 0.08755672416592547 0
396 0.6202670734900904 0.07407513269853683 0
397 0.6020311728993653 0.07566595461009784 0
398 0.6570635329837061 0.18203548464264 0
399 0.6130852731439685 0.2016760417391651 0
400 0.5530030611981653 0.1434472527029895 0
401 0.5607361371623332 0.1268806913730384 0
402 0.5425082252863109 0.1284625038822669 0
403 0.5502611036643339 0.1118742164980724 0
404 0.531999287413645 0.1134589530927822 0
405 0.5397721726043117 0.09684674427796303 0
406 0.5214842089333869 0.09843519158817293 0
407 0.5292585947209436 0.08180567815254713 0
408 0.5109668843727604 0.08339393619313795 0
409 0.5031955382056046 0.1000299622630944 0
410 0.4926722540163058 0.08498618999284696 0
411 0.4849090405214059 0.1016251240815251 0
412 0.4743786792353806 0.08658085811317456 0
413 0.4666247167979625 0.1032263988177789 0
414 0.4560834686788996 0.08818257164482729 0
415 0.4638722676870449 0.0718853838710114 0
416 0.4455972858486394 0.07381606514342787 0
417 0.4377850740939013 0.08990089551172098 0
418 0.4272378564546254 0.07486357503186991 0
419 0.4194674890295861 0.09142867911050379 0
420 0.4089189586991084 0.07636411858923625 0
421 0.5475567662824425 0.08022166909981304 0
422 0.5012971972339859 0.2900990563740466 0
423 0.2715177110512216 0.07267761340000112 0
424 0.25325024136525 0.07432479734702369 0
425 0.2897932628163769 0.07103573028684695 0
426 0.2455384579889835 0.09095753987741589 0
427 0.2349867433438615 0.07597306517507629 0
428 0.6597320843959585 0.21346362962354 0
429 0.652006015120789 0.2299326545484709 0
430 0.6621086600576485 0.1340708960427403 0
431 0.5014462763249836 0.06891656859207124 0
432 0.6072282183298156 0.3581651141912952 0
433 0.2272722842105331 0.09260420885713727 0
434 0.2167194369476839 0.07762410826648269 0
435 0.5370333714775876 0.06516138168319185 0
436 0.5553056067036881 0.06360682593637523 0
437 0.5506124976061417 0.3627120181857187 0
438 0.3510946044779665 0.2404475008999026 0
439 0.3406306671526197 0.2255482236845848 0
440 0.3483012098820655 0.2090352269898889 0
441 0.3300617196447095 0.2106204965551171 0
442 0.3615457737782881 0.2553456166468288 0
443 0.2244306689038588 0.06099052569257085 0
444 0.206149210727722 0.06264030034182261 0
445 0.6698532038231537 0.1175509103470737 0
446 0.6339031670554359 0.2314942674310199 0
447 0.6443131848752531 0.2463843140140265 0
448 0.6624002036456387 0.2448254692721988 0
449 0.6547100614553365 0.2612714890781068 0
450 0.4705491409935803 0.2456750508646816 0
451 0.2589801387172757 0.137493127355523 0
452 0.269494479755818 0.1524364364671733 0
453 0.3378211553366479 0.1941151476683909 0
454 0.3195184409952418 0.195688224088378 0
455 0.5789331114579366 0.1253320505153891 0
456 0.4300111507660473 0.1064594574309096 0
457 0.2089812445435514 0.09424096540980703 0
458 0.4011653650235326 0.09300910569277743 0
459 0.3906089574751012 0.07795074411531933 0
460 0.6094888224253383 0.05888767087309266 0
461 0.6280165626712012 0.05742836591892275 0
462 0.398369780669412 0.0612775517251688 0
463 0.3800714622902141 0.06313697871004309 0
464 0.3722943794831327 0.07960179652904392 0
465 0.3618464340885642 0.06492476585487211 0
466 0.2792341243148371 0.05601398493037679 0
467 0.4156069326278085 0.3284817006161084 0
468 0.4052856648971051 0.3138710845294425 0
469 0.4259155050850893 0.3430720636334263 0
470 0.4128371044212136 0.2976039618630584 0
471 0.3947975817410969 0.2992058717946195 0
472 0.2975353597208099 0.05437631425014111 0
473 0.6721066122911503 0.2601831910879676 0
474 0.6649961949429439 0.2762195007514578 0
475 0.435719951694189 0.06016994230404149 0
476 0.5482468717202944 0.3322362145338972 0
477 0.6802838395445943 0.1325162733480908 0
478 0.5381973046436714 0.317658850430509 0
479 0.3218711208887064 0.2277884789496311 0
480 0.5429157271255416 0.3786286633727987 0
481 0.6172130162504385 0.04221141123756589 0
482 0.6816972992126276 0.3845494940061644 0
483 0.2869616207535143 0.03932696216693521 0
484 0.626221073404604 0.2479504652293628 0
485 0.5170773037892367 0.2572849420707995 0
486 0.5767466047049685 0.2047796326666061 0
487 0.4494715397804069 0.2159310559892351 0
488 0.5253544811570836 0.3800037590242364 0
489 0.5352400395269021 0.3943965307989971 0
490 0.5171256119872318 0.3955662469828717 0
491 0.2378368411295978 0.1075806514693233 0
492 0.2877590691230155 0.1508331751094871 0
493 0.2800094612418509 0.1673720341201823 0
494 0.2984131963371648 0.1658048436046235 0
495 0.2904920036172332 0.1823018764865193 0
496 0.6725419536705438 0.1490314833252317 0
497 0.6158269072490928 0.2330763842984122 0
498 0.3559625319138591 0.192527656907139 0
499 0.6823166689565597 0.2444800905190724 0
500 0.3845623105102354 0.2058118885914212 0
501 0.3080758672783582 0.06940471109645574 0
502 0.3158478250467683 0.05274436928574194 0
503 0.3273666074858908 0.1791981549594781 0
504 0.5242629415361102 0.130050126344311 0
505 0.5943044983288536 0.09227321172088943 0
506 0.3543144539331893 0.08140957130705884 0
507 0.4954617483060912 0.116640020460377 0
508 0.5914712217846214 0.06059981779346008 0
509 0.6831734307775903 0.2745794141475224 0
510 0.6764168818546674 0.2912537367311267 0
511 0.6575744942848651 0.2926129486443895 0
512 0.6679901223988821 0.3074535624310283 0
513 0.3428592607065873 0.2569446082068303 0
514 0.353561640812585 0.2715273309580588 0
515 0.3726545288856771 0.2700894137653539 0
516 0.7114138105840287 0.4177828343899549 0
517 0.3879085726129067 0.04671940391329277 0
518 0.4083611154015149 0.3447789699843797 0
519 0.5448270877879811 0.04871913934380967 0
520 0.5269061119260735 0.05031897452805445 0
521 0.5627115240835836 0.04742711554608892 0
522 0.5558835032430549 0.3163606646956066 0
523 0.3653607251507796 0.2860545720571725 0
524 0.3875129726376416 0.3150253594551862 0
525 0.7171096134424683 0.02769820736444856 0
526 0.5615306384077982 0.3771995471165212 0
527 0.5686842771056873 0.3611881057689283 0
528 0.5795007665106024 0.3742391586060608 0
529 0.4068207724072305 0.04602749925511668 0
530 0.3649710459192927 0.09637904967812694 0
531 0.6860247809424268 0.3060124654341141 0
532 0.6782392692748079 0.3222816943162928 0
533 0.6957890843642254 0.3210523444815982 0
534 0.6884361950141231 0.3366041574041863 0
535 0.2138933618230661 0.04628470163351639 0
536 0.1956144971461963 0.04799934686453167 0
537 0.2321481883662052 0.04438199341175264 0
538 0.1878800346046959 0.06435547579293105 0
539 0.1780651464053723 0.04972587961646502 0
540 0.5376006164952094 0.1765279462572715 0
541 0.4025150659939662 0.2829832659357568 0
542 0.4203877358081444 0.2813712929425854 0
543 0.6873071667825885 0.1156608214607648 0
544 0.6774798144607658 0.1009791386701018 0
545 0.5657412310659627 0.0787493119752497 0
546 0.4189727640084971 0.3588512037007222 0
547 0.4362586666164516 0.3574451477641482 0
548 0.3261722141713337 0.06787919225298833 0
549 0.3338265689826037 0.05140147884167112 0
550 0.6992929255051711 0.1296886834274816 0
551 0.2518315885126186 0.1536930832711576 0
552 0.2408944887900931 0.1390733273965762 0
553 0.1700435927526045 0.06570940880887488 0
554 0.2687250429402795 0.04176539522642236 0
555 0.6358875098423119 0.04167431013559586 0
556 0.6463814467801866 0.05602264864014783 0
557 0.6549397002657823 0.0398700423261707 0
558 0.6648339374206371 0.05443776455318394 0
559 0.5881445482303009 0.4001689095189585 0
560 0.6026746169257878 0.3855383063127068 0
561 0.6844804980051596 0.4140579478881117 0
562 0.6316840702778266 0.4108439898624697 0
563 0.4289931743777988 0.3733658296261619 0
564 0.4461964002065383 0.3718112782366848 0
565 0.4399894829377251 0.3870804706153124 0
566 0.456217342517599 0.3858216572861868 0
567 0.5263833711141962 0.4091533851345122 0
568 0.2730805798101168 0.1833828364305631 0
569 0.2836942145780552 0.1982095221451865 0
570 0.162794085779293 0.04917585703927091 0
571 0.6239736556534973 0.0274157660314186 0
572 0.117528918905912 0.03918414895282241 0
573 0.1858340910495456 0.03179004871082808 0
574 0.4028939282296894 0.3601371060087281 0
575 0.6728623800409382 0.03745751335173036 0
576 0.6830705377955663 0.05272668743369668 0
577 0.6752150411946737 0.06935368348490351 0
578 0.5342742318220182 0.03340695172395924 0
579 0.2331343834615331 0.1556918336283111 0
580 0.2212639915968383 0.1385906365908122 0
581 0.6176393403981393 0.3864472387225892 0
582 0.5464416148432528 0.4114920626234521 0
583 0.5879707368268807 0.3588945073504128 0
584 0.2192818970244541 0.03005347333957681 0
585 0.6907868665799105 0.03614146472736934 0
586 0.2399045109574736 0.02764047667169167 0
587 0.694144889290955 0.06746037115930043 0
588 0.5659465146794073 0.330880490273128 0
589 0.3236680977844777 0.03494516698987737 0
590 0.342383390605205 0.03445099936635265 0
591 0.7053264257624487 0.3356941356108815 0
592 0.1806428294876976 0.08060508607743522 0
593 0.4636071248890445 0.3699639966440361 0
594 0.4728281800692022 0.3845298974756399 0
595 0.4658834448911183 0.399534267909266 0
596 0.482353967025996 0.3981380947682449 0
597 0.4899765515023673 0.3827517176276936 0
598 0.4994898654965932 0.3967426623167198 0
599 0.5459630184719122 0.3017880875605655 0
600 0.5281308570777556 0.3031327450657889 0
601 0.5362941684392173 0.2869801838156866 0
602 0.5449883701258655 0.2705672546886673 0
603 0.4911559803521274 0.4120399397380177 0
604 0.5082459214824706 0.4104470658764492 0
605 0.5749761775377238 0.3150351745601628 0
606 0.507571338728233 0.3814100963864834 0
607 0.6956279652993411 0.09897097848491493 0
608 0.514964888860607 0.03640851306704218 0
609 0.5004163760440267 0.02533976177334429 0
610 0.4987988185104424 0.04199156639078372 0
611 0.6620723193408505 0.01952187481272777 0
612 0.4095986714195534 0.2666496934085265 0
613 0.4272384156680058 0.2650887217124835 0
614 0.3839547310793259 0.2846563751190329 0
615 0.6599708689159796 0.3237758141776819 0
616 0.3768063733224141 0.3007194899903426 0
617 0.2742803894356359 0.02666756290632805 0
618 0.2920849965285351 0.02350005793474114 0
619 0.4811293230543828 0.3680425385270554 0
620 0.4536884282441717 0.3557713077835535 0
621 0.30124845785878 0.1971360823650178 0
622 0.2922822500581536 0.2142859863242151 0
623 0.2749053720643062 0.2117952730980969 0
624 0.3018162061273548 0.2305930343096717 0
625 0.4611410900748609 0.3397464171416593 0
626 0.6080949035782143 0.2495171267935316 0
627 0.6184627600731776 0.2644178956725226 0
628 0.4436422392985115 0.3414243884008799 0
629 0.5977212943377272 0.2345744861596409 0
630 0.5795597642052852 0.2359402114580645 0
631 0.4935664724522037 0.3062217388286901 0
632 0.7151315843898985 0.3730597616885331 0
633 0.6992696209648549 0.3634571986234147 0
634 0.5091351987713078 0.2736851871834864 0
635 0.3111330325954911 0.2126853837653385 0
636 0.3131412849692533 0.2448978966059396 0
637 0.3089874171056258 0.1807265391836935 0
638 0.3168230630941251 0.1642376626331317 0
639 0.6070026490540974 0.02728609594363285 0
640 0.7141551985122145 0.3193457779185561 0
641 0.6001306100319799 0.2659846727653898 0
642 0.5874443129190301 0.2196131874917134 0
643 0.5248146292845697 0.2409175466894781 0
644 0.6569596271018463 0.07093126020586021 0
645 0.4417592960252902 0.2323258618069952 0
646 0.4599453392421176 0.2308114276995943 0
647 0.4676595210999723 0.2143181561066869 0
648 0.4522790513441602 0.2472985452459502 0
649 0.7007165190805883 0.05070443538587638 0
650 0.7041317472939799 0.08279224105949079 0
651 0.1487542314970902 0.01627754850447105 0
652 0.135533485530329 0.03243196142493976 0
653 0.1552176803018458 0.03329062599753119 0
654 0.3802470482154733 0.2536912715251626 0
655 0.4753340198182977 0.4128709596299775 0
656 0.4593312553802836 0.4136828622329839 0
657 0.1985150043502716 0.07922381252751709 0
658 0.190717269790279 0.09587693927662366 0
659 0.2008345858430808 0.1113942726676487 0
660 0.2197376175582877 0.1092032919350097 0
661 0.1115122326800129 0.01420332026325022 0
662 0.3061342190784698 0.1492699987312441 0
663 0.2561115985388143 0.1059345290793748 0
664 0.2625579273826627 0.168473291381894 0
665 0.2553919691750809 0.1851709254001426 0
666 0.6470589151546581 0.2777166104214798 0
667 0.6391941711619991 0.2941162732072456 0
668 0.6287439544770811 0.2792821494889075 0
669 0.6495032058392808 0.3089457023935627 0
670 0.4117068480159676 0.1080005024432946 0
671 0.4223979275505753 0.1229951883105902 0
672 0.4406494917374594 0.1214385868673586 0
673 0.3935838880959482 0.1096546028019912 0
674 0.3830461672667678 0.09467708432339406 0
675 0.6543633955779963 0.1505900525979661 0
676 0.6648012265120206 0.1655358703357064 0
677 0.6827929182285943 0.1640985107740744 0
678 0.6751995935227149 0.1804916209254097 0
679 0.6962398133394727 0.1802374988491558 0
680 0.685648476660132 0.1954028309501682 0
681 0.6899230926269718 0.1472769898414124 0
682 0.6674927531795933 0.1969672586147632 0
683 0.677561986040464 0.2117721505269394 0
684 0.6945342371992163 0.2101977027485707 0
685 0.6703322121131288 0.3385618839833484 0
686 0.6824415900688349 0.3545642989962306 0
687 0.4771882866983348 0.1182352132092018 0
688 0.4588827098482338 0.1198615374692297 0
689 0.4695867615821742 0.1348458258187951 0
690 0.451406483752739 0.1364582596111467 0
691 0.4483394353204173 0.1048449079569709 0
692 0.5739055726023089 0.01584107291229481 0
693 0.5847662296037996 0.03096810437715369 0
694 0.5985367540709661 0.04467038033568016 0
695 0.7152061667553505 0.2817643730676723 0
696 0.6974699422541937 0.2904909628495026 0
697 0.3880388945801947 0.01583575697708706 0
698 0.6026122562728885 0.186734488781972 0
699 0.5844237352669768 0.188343629908158 0
700 0.2954788715313968 0.1342547448110789 0
701 0.425856010736161 0.0158641687618935 0
702 0.4353597206806415 0.03127888576511784 0
703 0.4538652511574938 0.0316583085538098 0
704 0.4626535387636174 0.0160228606478941 0
705 0.4718740124908737 0.03196765571681009 0
706 0.4628862851401251 0.04712693476318253 0
707 0.4810712708467844 0.04799435719130363 0
708 0.4103646172573912 0.1876534617769055 0
709 0.7150655827529935 0.245587421955556 0
710 0.6998039156311361 0.2539702168088722 0
711 0.332706409811596 0.01756031809777292 0
712 0.3516624787103885 0.01784187309990481 0
713 0.3604891666834973 0.03339991175801715 0
714 0.6998839719605612 0.2367000753973856 0
715 0.5137201597427498 0.1150543926150965 0
716 0.5060806094111898 0.131628964175789 0
717 0.3817085951583158 0.1743327492938275 0
718 0.6365849915733517 0.2628371539840677 0
719 0.3634592666361625 0.3320938918632694 0
720 0.3530486483614825 0.1610209360791258 0
721 0.4754047780663826 0.1977891882348062 0
722 0.6466203934534294 0.167096609268413 0
723 0.7126019864276372 0.2092985049927762 0
724 0.6047986545966052 0.1072601119897754 0
725 0.5966982463869153 0.3437574105989207 0
726 0.2302358193033759 0.123695811659941 0
727 0.5347958901474509 0.1450337641554303 0
728 0.5893977544836739 0.1403181261866613 0
729 0.3403413277895204 0.3038488848343497 0
730 0.5579948726911008 0.09531394681755007 0
731 0.6235156138743085 0.2166059562852185 0
732 0.4858856612195878 0.2127071957671161 0
733 0.7146741158549323 0.1721690148808162 0
734 0.6594006896173872 0.1025638760193975 0
735 0.3168301036704623 0.2754598773424738 0
736 0.4572073709338118 0.1993907498939302 0
737 0.3290174119852636 0.09945218242086229 0
738 0.2484535002474065 0.122446810938134 0
739 0.607581107329448 0.1387651604048331 0
740 0.6700699335174988 0.228417116491322 0
741 0.715421448629647 0.1189754595754642 0
742 0.392217648322599 0.1892764770585952 0
743 0.3664310788868126 0.2074305675977756 0
744 0.3321414173745829 0.2425384451111731 0
745 0.4781578469549567 0.2291587584307471 0
746 0.1776630796788207 0.1080186855132133 0
747 0.1515322773238302 0.08095750944878316 0
748 0.5207492952508871 0.3192097863051002 0
749 0.4169574465082868 0.06074447182072662 0
750 0.48268482608152 0.06788861171421134 0
751 0.304832450451122 0.03723499479426817 0
752 0.6385396026620153 0.072524458655428 0
753 0.3454518814207664 0.1776096794074022 0
754 0.5298972185497935 0.1930404313621139 0
755 0.5684499717792181 0.1103462594225078 0
756 0.4027001847268916 0.2041951763326394 0
757 0.128878108308748 0.05162126358206931 0
758 0.3003122675455365 0.08604174007567422 0
759 0.5193755842416756 0.06707775209326283 0
760 0.5453118520770981 0.1600053906130201 0
761 0.6856293390037923 0.08427209802132102 0
762 0.2609681364294446 0.05780967029475576 0
763 0.6310368559565384 0.31046834895421 0
764 0.6909763467155406 0.399548022375512 0
765 0.6672818583002385 0.08594279676125161 0
766 0.2426963782970479 0.05936958406201437 0
767 0.700013324273757 0.3827966656226704 0
768 0.615315033747646 0.1222485445127796 0
769 0.6518698754575184 0.3399810413316472 0
770 0.4305850278449607 0.296135369131138 0
771 0.5194600497782499 0.1781014690370688 0
772 0.6720771898554895 0.3695273545134277 0
773 0.4630599084732306 0.2621740170938381 0
774 0.56893206186385 0.2212579738815481 0
775 0.3184513009607921 0.08449135733320839 0
776 0.3978144365637917 0.3301099440409103 0
777 0.5157425032898695 0.3654904524811042 0
778 0.3740790362026034 0.1909033273110236 0
779 0.5271708522135699 0.1615885739870774 0
780 0.5971223864228885 0.123799211643287 0
781 0.2504779051913945 0.0435883355396221 0
782 0.5293868873987343 0.4258721375776821 0
783 0.5166370480312032 0.1465861974994891 0
784 0.5585708195400096 0.3466133479498052 0
785 0.3635685232440245 0.1759574473525375 0
786 0.586622679387712 0.1088077446507421 0
787 0.3243348431871536 0.1476769826004256 0
788 0.5549966550327997 0.3930960103653954 0
789 0.4984467587364999 0.1481809845961281 0
790 0.6054361024502141 0.2181182113228742 0
791 0.5034099105976522 0.3206867391567679 0
792 0.5950232131771571 0.2031632119630948 0
793 0.4878362543521034 0.1332242289464029 0
794 0.6104782331427127 0.2808249876222851 0
795 0.4482346307921436 0.2946287970689793 0
796 0.535063091283166 0.2556675437612193 0
797 0.3349170309759038 0.1626643909758923 0
798 0.4621294061965111 0.1514582112359554 0
799 0.4438464236098822 0.1529855241506815 0
800 0.5761709411582738 0.09382551548852147 0
801 0.5774054922217519 0.3451701144248658 0
802 0.4331632512257912 0.1380105322383544 0
803 0.5838557096937972 0.07721539044391179 0
804 0.4042975351034911 0.1246577593459559 0
805 0.4149821642080652 0.1395969622452239 0
806 0.3575672494493188 0.112954652702535 0
807 0.5733939797731924 0.06261127391404353 0
808 0.2936520130684371 0.2474448515453843 0
809 0.4497079490224737 0.4009501478826538 0
810 0.3350426593591938 0.2732836625639593 0
811 0.4984587418523145 0.4263734225769953 0
812 0.4379253189886484 0.279993481944577 0
813 0.7154061609862817 0.1363636363636362 0
814 0.5372820993492615 0.01574560695401206 0
815 0.3862454590171691 0.1262571638827103 0
816 0.4342769422224969 0.2486707878314431 0
817 0.1866852074673002 0.1235590169802976 0
818 0.3756188785716362 0.1112896767747147 0
819 0.510946685217284 0.3047689757884197 0
820 0.4162760833956844 0.2501852913900273 0
821 0.5270028533282451 0.2720123480282347 0
822 0.3469153946565312 0.09801913908505061 0
823 0.3364365130205934 0.08300268497345653 0
824 0.3912377901986357 0.2683350067369898 0
825 0.4450603289610858 0.2636173293449431 0
826 0.3439844685425944 0.06658381347828152 0
827 0.4193422096462003 0.4015566898212505 0
828 0.5188011600112993 0.2884464160426105 0
829 0.1858733895603334 0.01333106633176745 0
830 0.564719176210377 0.300273894096473 0
831 0.7028515288387093 0.01887928014121837 0
832 0.3781988123455818 0.03199625524325256 0
833 0.6997981415932373 0.2714283160098198 0
834 0.4163796974214759 0.03111899916240002 0
835 0.09338706038868805 0.01339593238112324 0
836 0.3470548472782483 0.2877728154592215 0
837 0.7007031725745542 0.1605649586242994 0
838 0.2144110860423221 0.1237887864964185 0
839 0.5512018286349505 0.03222362618257935 0
840 0.4677651896912333 0.4258679467968037 0
841 0.673826284592312 0.439893098118234 0
842 0.3518209080901898 0.05026376559835044 0
843 0.3242906210859602 0.259138807684515 0
844 0.3699313788073573 0.048670665287877 0
845 0.3915653950092299 0.3461144559574366 0
846 0.3969274210792153 0.03127252584697443 0
847 0.2037050771158662 0.03442706393637351 0
848 0.7168285512666301 0.04545454545454547 0
849 0.3590868504438658 0.3022458027669065 0
850 0.6870696638109023 0.2258794840145074 0
851 0.4339694338164986 0.4009954371548097 0
852 0.3698651361583807 0.316272846088825 0
853 0.2124502799197447 0.1527207185285967 0
854 0.3805503380446852 0.330620294325848 0
855 0.4443582831440291 0.04604172673627016 0
856 0.5808830644858447 0.04754601890964905 0
857 0.5098894135572585 0.05312841701993276 0
858 0.22478819804943 0.01433227819799954 0
859 0.4259326453093089 0.04589692084061214 0
860 0.5746258146420526 0.3902885917097557 0
861 0.5973450299921172 0.3705817544180738 0
862 0.220619576636686 0.166881292388566 0
863 0.3862784864044407 0.3610983883626701 0
864 0.6755741013609373 0.4277185473205594 0
865 0.6958112589730862 0.4287373241487837 0
866 0.398067998507914 0.3749811961183022 0
867 0.7062414772439412 0.4017818992557787 0
868 0.4871500454526959 0.03268639919238436 0
869 0.697994219440435 0.3485396103273233 0
870 0.1463868232672955 0.04956648620058141 0
871 0.7015345506065455 0.307015884430874 0
872 0.6177990414810743 0.3717943641921478 0
873 0.6105529824731384 0.01230883102233354 0
874 0.2410886530781496 0.01145598347643972 0
875 0.4139659437939583 0.3734677379008089 0
876 0.7006525035090835 0.196980612592694 0
877 0.5683777275154327 0.03163211453748238 0
878 0.4538479298574502 0.05998329674242908 0
879 0.2475697577666261 0.1681967672127437 0
880 0.4243199750566977 0.387268552264504 0
881 0.6870998048751128 0.3709790023523816 0
882 0.6323739930384735 0.3863353735071351 0
883 0.6290371390157325 0.01145803081631996 0
884 0.6411895769554069 0.4005921313346141 0
885 0.4703282632255542 0.05914001632305083 0
886 0.2584797403332227 0.0309937865713143 0
887 0.494415334415568 0.05585872088355415 0
888 0.1046882709854323 0.02717261468679655 0
889 0.2431517004152786 0.194731748558766 0
890 0.7018708257667859 0.1124181486441841 0
891 0.6982489091573245 0.4130714356063504 0
892 0.7189845840232135 0.4056262508657232 0
893 0.7056586158416613 0.03577558661469166 0
894 0.1701415115530319 0.03656798903573788 0
895 0.7183280259563827 0.01303915288913271 0
896 0.6867657023827924 0.261011635402698 0
897 0.1555703303912823 0.0646619625143639 0
898 0.7045245681695596 0.1451896030077682 0
899 0.7018961747821392 0.2224297849637123 0
900 0.7196958787121218 0.3361929491636805 0
901 0.6431167720055284 0.02741277443970602 0
902 0.4541503477353911 0.4256714830408368 0
903 0.2787179182378022 0.01147783686186871 0
904 0.2690238892954316 0.196908437032585 0
905 0.719415399797336 0.08200668395682686 0
906 0.1666411041134606 0.08005507589909711 0
907 0.4999623843967989 0.01081740540642401 0
908 0.4276322105685099 0.4125782960497066 0
909 0.1207295605421155 0.02556163872844919 0
910 0.5180737366507987 0.417498779493465 0
911 0.2963223212490392 0.009479735458528094 0
912 0.2655915395624906 0.2226868752181718 0
913 0.6227597281193765 0.3989409087181016 0
914 0.1779121801919639 0.09371361506731468 0
915 0.5881043888806333 0.384448319868587 0
916 0.7089260735269237 0.4297440752973912 0
917 0.7248629739429685 0.4439656797428516 0
918 0.7425632177211687 0.4121663975801894 0
919 0.6873326739916714 0.4600780094433206 0
920 0.7556999999999999 0.01443375672974062 0
921 0.7464459164324442 0.09999999999999998 0
922 0.7464459164324442 0.3727272727272728 0
923 0.7653545899931442 0.3006936974778772 0
924 0.7655449638901859 0.04551076034490542 0
925 0.7465082041551803 0.3369718739605819 0
926 0.7464459164324442 0.2454545454545455 0
927 0.7649540835675557 0.1545454545454544 0
928 0.7464459164324443 0.2090909090909092 0
929 0.7000461447593824 0.4625878332404981 0
930 0.7366760245983811 0.4296377794084809 0
931 0.7650282073810991 0.3909090909090909 0
932 0.7464459164324443 0.06363636363636388 0
933 0.7464459164324443 0.1727272727272728 0
934 0.7649540835675556 0.1181818181818179 0
935 0.7649540835675556 0.2636363636363637 0
936 0.7465082041551803 0.2812099442212364 0
937 0.7464459164324443 0.1363636363636363 0
938 0.7649540835675556 0.3545454545454546 0
939 0.7649540835675556 0.1909090909090909 0
940 0.7649540835675556 0.2272727272727273 0
941 0.7649540835675557 0.08181818181818162 0
942 0.7266522374347744 0.4703116236849178 0
943 0.7407920008034541 0.4467753478741009 0
944 0.7523043329507345 0.4247016239386877 0
945 0.6940582338248751 0.4749924236550112 0
946 0.74595737476887 0.3941163694754615 0
947 0.7618159158713531 0.4091123268935227 0
948 0.764733262954668 0.3728698322771291 0
949 0.7458550361098141 0.04551076034490564 0
950 0.7649540835675559 0.06363636363636355 0
951 0.7649540835675557 0.1727272727272726 0
952 0.7464459164324444 0.1545454545454544 0
953 0.7654213410640756 0.3176037369502538 0
954 0.7492081671351113 0.309090909090909 0
955 0.7464459164324443 0.2636363636363637 0
956 0.7464459164324442 0.1181818181818182 0
957 0.7649540835675555 0.1363636363636361 0
958 0.7644811686103796 0.3361485161792402 0
959 0.7649540835675557 0.2454545454545455 0
960 0.7649540835675556 0.2090909090909091 0
961 0.7464459164324438 0.0818181818181819 0
962 0.7644776934400896 0.2820393211740854 0
963 0.7464459164324442 0.3545454545454546 0
964 0.7464459164324441 0.2272727272727274 0
965 0.7649540835675557 0.09999999999999976 0
966 0.7464459164324442 0.1909090909090909 0
967 0.7104524485159852 0.4760475134099936 0
968 0.7647064992764012 0.02739873203223903 0
969 0.7465672902027597 0.0272593909021166 0
970 0.6840862305352609 0.4895034895649301 0
971 0.7411067354422486 0.4623380583567405 0
972 0.760171766846876 0.4373467335285162 0
973 0.7134026440980518 0.4571751764217296 0
974 0.680585034307243 0.471859277637098 0
975 0.7478364801607911 0.3226964454241036 0
976 0.7478247757872543 0.2955056453273514 0
977 0.6993329727855626 0.4871917257643374 0
978 0.7662877531170228 0.424426211087937 0
979 0.7687905039668983 0.01236905823236278 0
980 0.7426094960331016 0.01236905823236278 0
981 0.7555411903842704 0.3826556413472386 0
982 0.6765113934781055 0.4591842555666112 0
983 0.7526673371954892 0.4514928884626943 0
984 0.7292179542773229 0.4565955345315444 0
985 0.7478224046207191 0.4361422504872954 0
986 0.7557771154761624 0.3637148632730473 0
987 0.7556999999999998 0.05456408718923478 0
988 0.7556999999999998 0.09090909090909083 0
989 0.7556999999999999 0.1454545454545453 0
990 0.7556999999999999 0.2000000000000001 0
991 0.7556999999999998 0.2727272727272728 0
992 0.7556999999999999 0.3454545454545455 0
993 0.7556999999999999 0.2545454545454546 0
994 0.7556999999999999 0.2363636363636364 0
995 0.7557 0.1636363636363635 0
996 0.7556999999999999 0.1818181818181819 0
997 0.7556999999999999 0.2181818181818183 0
998 0.7556999999999998 0.109090909090909 0
999 0.7557000000000001 0.07272727272727236 0
1000 0.7556999999999999 0.1272727272727271 0
1001 0.755700000000001 0.03655797443011316 0
1002 0.4800043932906614 0.4777692637451313 0
1003 0.4280068359263919 0.437184028673621 0
1004 0.4653640076445277 0.4517227017180783 0
1005 0.4965631826053122 0.4533351482345079 0
1006 0.4009962701898638 0.4192821626681776 0
1007 0.3744574602860875 0.3929596756249573 0
1008 0.3510942946406724 0.3651165390326605 0
1009 0.3277311289952571 0.3372734024403636 0
1010 0.304367963349842 0.3094302658480668 0
1011 0.2810047977044269 0.2815871292557701 0
1012 0.2576416320590114 0.2537439926634728 0
1013 0.2342784664135965 0.2259008560711762 0
1014 0.2109153007681814 0.1980577194788794 0
1015 0.1875521351227665 0.1702145828865829 0
1016 0.1641889694773512 0.1423714462942859 0
1017 0.140825803831936 0.114528309701989 0
1018 0.1174626381865209 0.08668517310969237 0
1019 0.09409947254110562 0.05884203651739528 0
1020 0.07085695086488719 0.03429751723518343 0
1021 0.04220092769268258 0.02503024612361032 0
1022 0.3711715940570378 0.4195198798813063 0
1023 0.4386986830440744 0.4664893043255532 0
1024 0.4036715378251011 0.4531603092379121 0
1025 0.3484158161654076 0.3904972118480849 0
1026 0.3248200713802987 0.3623768982304956 0
1027 0.3012243265951901 0.3342565846129066 0
1028 0.2776285818100813 0.3061362709953175 0
1029 0.2540328370249724 0.2780159573777281 0
1030 0.2304370922398638 0.249895643760139 0
1031 0.2068413474547549 0.2217753301425498 0
1032 0.1832456026696466 0.1936550165249613 0
1033 0.1596498578845374 0.1655347029073715 0
1034 0.1360541130994291 0.1374143892897829 0
1035 0.4495759486319022 0.4499094162781791 0
1036 0.4565184142213543 0.464546526059499 0
1037 0.1124583683143207 0.1092940756721942 0
1038 0.08876645254356641 0.08072727446563233 0
1039 0.4146666096977192 0.4295969298061005 0
1040 0.06499506199374583 0.0519803836086643 0
1041 0.3889901711884431 0.4053902569144762 0
1042 0.05542801983562951 0.0128545977407506 0
1043 0.3973699617387969 0.4366003693821576 0
1044 0.4813230885643566 0.4526364905246384 0
1045 0.05317269595379337 0.03945965152023034 0
1046 0.3602747267841401 0.4049041653879324 0
1047 0.4891778324908239 0.4658264399367506 0
1048 0.4729351807295608 0.4650552288482332 0
1049 0.1714243280847288 0.1795863420147291 0
1050 0.1005097960226456 0.09457949736168669 0
1051 0.33659454158049 0.3764285373378533 0
1052 0.2658350339678831 0.2921006399303319 0
1053 0.2186158176549464 0.2358269692499071 0
1054 0.2894030520102728 0.3201879101026746 0
1055 0.242211562440055 0.263947282867497 0
1056 0.3129987967953812 0.3483082237202646 0
1057 0.1241338251042585 0.1228891161524022 0
1058 0.1478285832996201 0.151466028397141 0
1059 0.195047799612556 0.2077396990775644 0
1060 0.07685490161854169 0.06612731224194524 0
1061 0.269323214881719 0.2676655609596216 0
1062 0.3394127118179648 0.3511949707365121 0
1063 0.1292490651284365 0.1010725461942601 0
1064 0.1758705523000595 0.156293014590433 0
1065 0.1525073866546458 0.1284498779981372 0
1066 0.2225968835908892 0.2119792877750281 0
1067 0.3627758774633799 0.3790381073288088 0
1068 0.1057810553638147 0.07276360481354355 0
1069 0.3160495461725502 0.323351834144215 0
1070 0.2459600492363043 0.2398224243673245 0
1071 0.1992337179454741 0.1841361511827301 0
1072 0.292686380527135 0.2955086975519177 0
1073 0.08252398595604005 0.04588409762230516 0
1074 0.4941562898838016 0.4785583400342694 0
1075 0.5023885630473146 0.4674503096908316 0
1076 0.3815961427817776 0.4347222135227879 0
1077 0.4206392500501576 0.4605882628059276 0
1078 0.5108083314004337 0.4556737750809777 0
1079 0.02696553458129969 0.01344891024500749 0
1080 0.4644273361116595 0.4766156517002619 0
1081 0.04123648753857589 0.01026675082187367 0
1082 0.5057053144150981 0.4803619520634747 0
1083 0.4339835245260185 0.4496864009778936 0
1084 0.4163896199606976 0.4444693834806021 0
1085 0.4489852719630806 0.4757858078167446 0
1086 0.3753726817894819 0.4067618914479237 0
1087 0.3859161369575669 0.4203794623028049 0
1088 0.05839812842356407 0.0270286644923623 0
1089 0.3904224630027326 0.4472372584443203 0
1090 0.3614809701747538 0.3918497900474459 0
1091 0.5949846873798413 0.4802279495875933 0
1092 0.6286067088232038 0.4811861758181997 0
1093 0.5594765963804816 0.4779960025344966 0
1094 0.613805404676862 0.4620363887100895 0
1095 0.5781686078443828 0.4601687433273386 0
1096 0.6544269095791593 0.4800073343943033 0
1097 0.5347518065158583 0.4717436750681791 0
1098 0.5960083002664135 0.4605896632949873 0
1099 0.631450168194696 0.4638819640735347 0
1100 0.5601351251273654 0.4598783805673278 0
1101 0.5772312734286489 0.4792975325877188 0
1102 0.6127381013310338 0.4811583665874677 0
1103 0.6494907173648905 0.4629782964215833 0
1104 0.5426165240075764 0.4566846776949286 0
1105 0.5481280912742876 0.4695515359379199 0
1106 0.6405073922923535 0.4771965340561067 0
1107 0.5448387711414295 0.4809828851375605 0
1108 0.6043628509610743 0.4711247960524099 0
1109 0.5866090707119558 0.4702013684333322 0
1110 0.6206851850996438 0.4720131660502586 0
1111 0.5688541509881937 0.4692996832856803 0
1112 0.5975534369047326 0.4312132887865968 0
1113 0.6183885292642206 0.434320735166663 0
1114 0.5765076647664069 0.4321258520638789 0
1115 0.632595276608239 0.4380956094762133 0
1116 0.5619841616602096 0.4343950377490879 0
$EndNodes
$Elements
2232
1 15 2 6 9 9
2 15 2 7 12 12
3 1 2 5 6 6 60
4 1 2 5 6 60 61
5 1 2 5 6 61 62
6 1 2 5 6 62 63
7 1 2 5 6 63 64
8 1 2 5 6 64 65
9 1 2 5 6 65 66
10 1 2 5 6 66 67
11 1 2 5 6 67 68
12 1 2 5 6 68 69
13 1 2 5 6 69 70
14 1 2 5 6 70 71
15 1 2 5 6 71 72
16 1 2 5 6 72 73
17 1 2 5 6 73 74
18 1 2 5 6 74 75
19 1 2 5 6 75 76
20 1 2 5 6 76 77
21 1 2 5 6 77 78
22 1 2 5 6 78 79
23 1 2 5 6 79 80
24 1 2 5 6 80 81
25 1 2 5 6 81 82
26 1 2 5 6 82 83
27 1 2 5 6 83 84
28 1 2 5 6 84 85
29 1 2 5 6 85 86
30 1 2 5 6 86 87
31 1 2 5 6 87 88
32 1 2 5 6 88 89
33 1 2 5 6 89 90
34 1 2 5 6 90 91
35 1 2 5 6 91 92
36 1 2 5 6 92 93
37 1 2 5 6 93 94
38 1 2 5 6 94 7
39 1 2 4 9 9 10
40 1 2 5 11 7 122
41 1 2 5 11 122 123
42 1 2 5 11 123 11
43 1 2 4 12 11 124
44 1 2 4 12 124 125
45 1 2 4 12 125 126
46 1 2 4 12 126 127
47 1 2 4 12 127 128
48 1 2 4 12 128 129
49 1 2 4 12 129 130
50 1 2 4 12 130 131
51 1 2 4 12 131 132
52 1 2 4 12 132 133
53 1 2 4 12 133 134
54 1 2 4 12 134 135
55 1 2 4 12 135 136
56 1 2 4 12 136 137
57 1 2 4 12 137 138
58 1 2 4 12 138 139
59 1 2 4 12 139 140
60 1 2 4 12 140 141
61 1 2 4 12 141 142
62 1 2 4 12 142 143
63 1 2 4 12 143 144
64 1 2 4 12 144 12
65 1 2 4 13 12 145
66 1 2 4 13 145 146
67 1 2 4 13 146 147
68 1 2 4 13 147 148
69 1 2 4 13 148 149
70 1 2 4 13 149 150
71 1 2 4 13 150 151
72 1 2 4 13 151 152
73 1 2 4 13 152 9
74 1 2 4 15 13 155
75 1 2 4 15 155 156
76 1 2 4 15 156 14
77 1 2 4 16 14 157
78 1 2 4 16 157 158
79 1 2 4 16 158 159
80 1 2 4 16 159 160
81 1 2 4 16 160 161
82 1 2 4 16 161 162
83 1 2 4 16 162 15
84 1 2 4 17 15 163
85 1 2 4 17 163 164
86 1 2 4 17 164 165
87 1 2 4 17 165 166
88 1 2 4 17 166 167
89 1 2 4 17 167 168
90 1 2 4 17 168 169
91 1 2 4 17 169 170
92 1 2 4 17 170 171
93 1 2 4 17 171 172
94 1 2 4 17 172 173
95 1 2 4 17 173 174
96 1 2 4 17 174 175
97 1 2 4 17 175 176
98 1 2 4 17 176 177
99 1 2 4 17 177 178
100 1 2 4 17 178 179
101 1 2 4 17 179 180
102 1 2 4 17 180 181
103 1 2 4 17 181 182
104 1 2 4 17 182 183
105 1 2 4 17 183 184
106 1 2 4 17 184 185
107 1 2 4 17 185 186
108 1 2 4 17 186 187
109 1 2 4 17 187 188
110 1 2 4 17 188 189
111 1 2 4 17 189 190
112 1 2 4 17 190 191
113 1 2 4 17 191 192
114 1 2 4 17 192 16
115 1 2 5 18 16 193
116 1 2 5 18 193 194
117 1 2 5 18 194 195
118 1 2 5 18 195 6
119 1 2 4 19 10 196
120 1 2 4 19 196 197
121 1 2 4 19 197 198
122 1 2 4 19 198 199
123 1 2 4 19 199 200
124 1 2 4 19 200 201
125 1 2 4 19 201 202
126 1 2 4 19 202 203
127 1 2 4 19 203 13
128 2 2 1 1 679 733 242
129 2 2 1 1 509 696 510
130 2 2 1 1 23 582 213
131 2 2 1 1 228 817 659
132 2 2 1 1 659 838 228
133 2 2 1 1 248 585 575
134 2 2 1 1 1 251 17
135 2 2 1 1 116 865 117
136 2 2 1 1 231 847 573
137 2 2 1 1 659 746 658
138 2 2 1 1 573 829 231
139 2 2 1 1 24 782 582
140 2 2 1 1 526 860 788
141 2 2 1 1 659 817 746
142 2 2 1 1 24 582 23
143 2 2 1 1 575 611 248
144 2 2 1 1 242 876 679
145 2 2 1 1 589 751 223
146 2 2 1 1 639 693 219
147 2 2 1 1 510 696 531
148 2 2 1 1 639 694 693
149 2 2 1 1 223 751 618
150 2 2 1 1 861 872 560
151 2 2 1 1 652 757 572
152 2 2 1 1 573 894 247
153 2 2 1 1 247 829 573
154 2 2 1 1 248 831 585
155 2 2 1 1 624 635 479
156 2 2 1 1 557 901 611
157 2 2 1 1 27 782 3
158 2 2 1 1 582 788 213
159 2 2 1 1 622 624 217
160 2 2 1 1 232 865 116
161 2 2 1 1 560 872 581
162 2 2 1 1 246 782 27
163 2 2 1 1 831 893 585
164 2 2 1 1 223 711 589
165 2 2 1 1 607 761 650
166 2 2 1 1 864 865 232
167 2 2 1 1 578 608 210
168 2 2 1 1 92 611 91
169 2 2 1 1 788 860 213
170 2 2 1 1 561 865 864
171 2 2 1 1 814 839 578
172 2 2 1 1 210 814 578
173 2 2 1 1 236 839 814
174 2 2 1 1 217 623 622
175 2 2 1 1 582 782 567
176 2 2 1 1 611 901 229
177 2 2 1 1 579 853 580
178 2 2 1 1 607 650 226
179 2 2 1 1 588 605 317
180 2 2 1 1 579 862 853
181 2 2 1 1 317 605 266
182 2 2 1 1 589 711 590
183 2 2 1 1 583 725 432
184 2 2 1 1 228 838 580
185 2 2 1 1 499 714 710
186 2 2 1 1 244 650 587
187 2 2 1 1 234 252 251
188 2 2 1 1 479 636 624
189 2 2 1 1 883 901 571
190 2 2 1 1 509 833 696
191 2 2 1 1 580 853 228
192 2 2 1 1 229 901 883
193 2 2 1 1 268 830 270
194 2 2 1 1 604 811 603
195 2 2 1 1 650 761 587
196 2 2 1 1 622 635 624
197 2 2 1 1 557 611 575
198 2 2 1 1 240 808 636
199 2 2 1 1 559 560 224
200 2 2 1 1 246 811 604
201 2 2 1 1 266 605 268
202 2 2 1 1 636 808 624
203 2 2 1 1 587 649 244
204 2 2 1 1 75 712 74
205 2 2 1 1 248 611 92
206 2 2 1 1 91 611 229
207 2 2 1 1 679 837 733
208 2 2 1 1 834 846 238
209 2 2 1 1 605 830 268
210 2 2 1 1 352 606 597
211 2 2 1 1 599 601 281
212 2 2 1 1 521 877 856
213 2 2 1 1 601 602 281
214 2 2 1 1 18 251 1
215 2 2 1 1 19 562 234
216 2 2 1 1 584 858 586
217 2 2 1 1 513 843 744
218 2 2 1 1 317 801 588
219 2 2 1 1 836 849 729
220 2 2 1 1 21 559 224
221 2 2 1 1 213 559 22
222 2 2 1 1 586 874 227
223 2 2 1 1 858 874 586
224 2 2 1 1 652 870 757
225 2 2 1 1 583 801 725
226 2 2 1 1 222 862 579
227 2 2 1 1 654 824 515
228 2 2 1 1 227 886 586
229 2 2 1 1 60 32 6
230 2 2 1 1 567 604 490
231 2 2 1 1 579 879 222
232 2 2 1 1 347 619 593
233 2 2 1 1 584 847 231
234 2 2 1 1 218 713 712
235 2 2 1 1 593 619 594
236 2 2 1 1 432 861 583
237 2 2 1 1 515 614 523
238 2 2 1 1 855 859 702
239 2 2 1 1 460 694 481
240 2 2 1 1 856 877 693
241 2 2 1 1 598 606 490
242 2 2 1 1 597 619 352
243 2 2 1 1 231 858 584
244 2 2 1 1 614 616 523
245 2 2 1 1 523 849 836
246 2 2 1 1 845 854 776
247 2 2 1 1 490 604 598
248 2 2 1 1 710 896 499
249 2 2 1 1 525 893 831
250 2 2 1 1 572 909 652
251 2 2 1 1 515 824 614
252 2 2 1 1 741 813 550
253 2 2 1 1 725 801 317
254 2 2 1 1 74 712 711
255 2 2 1 1 218 712 75
256 2 2 1 1 234 251 18
257 2 2 1 1 593 620 347
258 2 2 1 1 3 782 24
259 2 2 1 1 870 897 249
260 2 2 1 1 784 801 527
261 2 2 1 1 686 869 633
262 2 2 1 1 711 712 590
263 2 2 1 1 767 867 764
264 2 2 1 1 884 913 882
265 2 2 1 1 562 913 884
266 2 2 1 1 594 619 597
267 2 2 1 1 529 846 834
268 2 2 1 1 220 655 603
269 2 2 1 1 528 860 526
270 2 2 1 1 707 887 750
271 2 2 1 1 245 867 767
272 2 2 1 1 750 885 707
273 2 2 1 1 251 841 17
274 2 2 1 1 20 913 562
275 2 2 1 1 562 884 234
276 2 2 1 1 224 913 20
277 2 2 1 1 99 640 221
278 2 2 1 1 2 232 116
279 2 2 1 1 218 832 713
280 2 2 1 1 352 777 606
281 2 2 1 1 258 882 872
282 2 2 1 1 648 825 816
283 2 2 1 1 281 602 272
284 2 2 1 1 270 830 281
285 2 2 1 1 508 694 460
286 2 2 1 1 597 606 598
287 2 2 1 1 606 777 488
288 2 2 1 1 481 694 639
289 2 2 1 1 633 881 686
290 2 2 1 1 272 602 274
291 2 2 1 1 547 620 564
292 2 2 1 1 213 860 559
293 2 2 1 1 475 859 855
294 2 2 1 1 567 910 604
295 2 2 1 1 490 606 488
296 2 2 1 1 603 811 220
297 2 2 1 1 821 828 634
298 2 2 1 1 560 581 224
299 2 2 1 1 685 686 368
300 2 2 1 1 685 769 615
301 2 2 1 1 98 640 99
302 2 2 1 1 239 907 609
303 2 2 1 1 686 772 368
304 2 2 1 1 564 620 593
305 2 2 1 1 863 866 58
306 2 2 1 1 613 820 816
307 2 2 1 1 588 801 784
308 2 2 1 1 341 669 615
309 2 2 1 1 368 769 685
310 2 2 1 1 234 253 252
311 2 2 1 1 471 616 614
312 2 2 1 1 810 843 513
313 2 2 1 1 615 769 341
314 2 2 1 1 524 616 471
315 2 2 1 1 59 225 5
316 2 2 1 1 624 808 217
317 2 2 1 1 669 763 667
318 2 2 1 1 632 767 633
319 2 2 1 1 872 882 581
320 2 2 1 1 365 824 654
321 2 2 1 1 668 794 627
322 2 2 1 1 550 890 741
323 2 2 1 1 514 810 513
324 2 2 1 1 612 820 613
325 2 2 1 1 341 763 669
326 2 2 1 1 527 801 583
327 2 2 1 1 479 635 441
328 2 2 1 1 744 843 636
329 2 2 1 1 479 744 636
330 2 2 1 1 608 609 210
331 2 2 1 1 667 763 311
332 2 2 1 1 222 879 665
333 2 2 1 1 602 796 274
334 2 2 1 1 311 668 667
335 2 2 1 1 591 900 230
336 2 2 1 1 8 245 95
337 2 2 1 1 618 911 223
338 2 2 1 1 494 638 637
339 2 2 1 1 621 637 454
340 2 2 1 1 816 825 613
341 2 2 1 1 355 628 469
342 2 2 1 1 547 628 620
343 2 2 1 1 311 794 668
344 2 2 1 1 211 854 845
345 2 2 1 1 352 619 337
346 2 2 1 1 335 625 333
347 2 2 1 1 642 774 486
348 2 2 1 1 441 635 454
349 2 2 1 1 469 628 547
350 2 2 1 1 494 637 495
351 2 2 1 1 564 566 565
352 2 2 1 1 281 830 599
353 2 2 1 1 454 635 621
354 2 2 1 1 492 700 662
355 2 2 1 1 632 633 230
356 2 2 1 1 665 889 222
357 2 2 1 1 499 850 714
358 2 2 1 1 301 641 271
359 2 2 1 1 275 630 273
360 2 2 1 1 230 869 591
361 2 2 1 1 594 595 566
362 2 2 1 1 626 641 301
363 2 2 1 1 603 655 596
364 2 2 1 1 271 641 269
365 2 2 1 1 349 777 338
366 2 2 1 1 489 490 488
367 2 2 1 1 339 628 355
368 2 2 1 1 274 796 276
369 2 2 1 1 570 897 870
370 2 2 1 1 337 619 347
371 2 2 1 1 243 889 665
372 2 2 1 1 96 632 230
373 2 2 1 1 338 777 352
374 2 2 1 1 494 662 638
375 2 2 1 1 301 629 626
376 2 2 1 1 365 820 612
377 2 2 1 1 713 842 590
378 2 2 1 1 564 565 563
379 2 2 1 1 674 818 530
380 2 2 1 1 609 868 239
381 2 2 1 1 333 625 339
382 2 2 1 1 450 648 646
383 2 2 1 1 630 774 642
384 2 2 1 1 495 637 621
385 2 2 1 1 327 773 325
386 2 2 1 1 547 564 563
387 2 2 1 1 865 916 117
388 2 2 1 1 594 596 595
389 2 2 1 1 254 561 252
390 2 2 1 1 665 904 243
391 2 2 1 1 514 836 810
392 2 2 1 1 336 337 335
393 2 2 1 1 598 603 596
394 2 2 1 1 671 805 804
395 2 2 1 1 593 594 566
396 2 2 1 1 601 828 821
397 2 2 1 1 273 630 301
398 2 2 1 1 328 330 329
399 2 2 1 1 547 563 546
400 2 2 1 1 492 662 494
401 2 2 1 1 489 567 490
402 2 2 1 1 330 333 332
403 2 2 1 1 491 726 660
404 2 2 1 1 469 547 546
405 2 2 1 1 334 335 333
406 2 2 1 1 326 328 327
407 2 2 1 1 662 700 318
408 2 2 1 1 646 745 450
409 2 2 1 1 625 628 339
410 2 2 1 1 432 872 861
411 2 2 1 1 712 713 590
412 2 2 1 1 612 824 365
413 2 2 1 1 564 593 566
414 2 2 1 1 587 761 577
415 2 2 1 1 331 773 327
416 2 2 1 1 307 785 720
417 2 2 1 1 620 625 347
418 2 2 1 1 480 488 359
419 2 2 1 1 347 625 335
420 2 2 1 1 699 792 486
421 2 2 1 1 395 752 644
422 2 2 1 1 486 792 642
423 2 2 1 1 608 610 609
424 2 2 1 1 275 774 630
425 2 2 1 1 254 764 561
426 2 2 1 1 644 752 556
427 2 2 1 1 721 732 647
428 2 2 1 1 491 660 433
429 2 2 1 1 276 643 278
430 2 2 1 1 337 347 335
431 2 2 1 1 328 631 330
432 2 2 1 1 422 631 328
433 2 2 1 1 689 793 302
434 2 2 1 1 687 793 689
435 2 2 1 1 301 630 629
436 2 2 1 1 450 773 648
437 2 2 1 1 235 809 656
438 2 2 1 1 577 765 644
439 2 2 1 1 326 634 422
440 2 2 1 1 326 422 328
441 2 2 1 1 570 870 653
442 2 2 1 1 270 281 272
443 2 2 1 1 454 637 503
444 2 2 1 1 457 659 658
445 2 2 1 1 330 334 333
446 2 2 1 1 457 658 657
447 2 2 1 1 313 787 318
448 2 2 1 1 334 336 335
449 2 2 1 1 324 326 325
450 2 2 1 1 627 794 641
451 2 2 1 1 330 631 334
452 2 2 1 1 323 745 287
453 2 2 1 1 804 805 305
454 2 2 1 1 651 653 652
455 2 2 1 1 247 653 651
456 2 2 1 1 647 736 721
457 2 2 1 1 324 634 326
458 2 2 1 1 457 657 434
459 2 2 1 1 689 798 690
460 2 2 1 1 338 352 337
461 2 2 1 1 253 254 252
462 2 2 1 1 761 765 577
463 2 2 1 1 325 773 450
464 2 2 1 1 688 690 672
465 2 2 1 1 247 894 653
466 2 2 1 1 596 655 595
467 2 2 1 1 365 654 363
468 2 2 1 1 637 638 503
469 2 2 1 1 388 682 428
470 2 2 1 1 278 643 282
471 2 2 1 1 328 329 327
472 2 2 1 1 330 332 329
473 2 2 1 1 469 546 518
474 2 2 1 1 353 645 360
475 2 2 1 1 247 651 64
476 2 2 1 1 627 718 668
477 2 2 1 1 680 684 683
478 2 2 1 1 583 861 528
479 2 2 1 1 434 657 444
480 2 2 1 1 651 652 250
481 2 2 1 1 480 489 488
482 2 2 1 1 647 745 646
483 2 2 1 1 729 849 241
484 2 2 1 1 576 649 587
485 2 2 1 1 676 678 398
486 2 2 1 1 322 324 323
487 2 2 1 1 450 745 323
488 2 2 1 1 697 832 218
489 2 2 1 1 276 796 643
490 2 2 1 1 798 799 690
491 2 2 1 1 312 797 787
492 2 2 1 1 348 748 357
493 2 2 1 1 672 691 688
494 2 2 1 1 680 683 682
495 2 2 1 1 299 802 799
496 2 2 1 1 732 745 647
497 2 2 1 1 485 634 324
498 2 2 1 1 682 683 428
499 2 2 1 1 250 661 62
500 2 2 1 1 372 699 370
501 2 2 1 1 464 674 530
502 2 2 1 1 398 682 388
503 2 2 1 1 326 327 325
504 2 2 1 1 433 660 457
505 2 2 1 1 350 663 344
506 2 2 1 1 398 722 676
507 2 2 1 1 721 736 292
508 2 2 1 1 417 691 456
509 2 2 1 1 678 682 398
510 2 2 1 1 504 716 715
511 2 2 1 1 239 705 704
512 2 2 1 1 344 663 346
513 2 2 1 1 63 651 250
514 2 2 1 1 491 738 726
515 2 2 1 1 63 250 62
516 2 2 1 1 538 592 553
517 2 2 1 1 370 699 486
518 2 2 1 1 282 322 287
519 2 2 1 1 239 704 81
520 2 2 1 1 566 809 565
521 2 2 1 1 663 738 491
522 2 2 1 1 720 785 753
523 2 2 1 1 353 360 354
524 2 2 1 1 576 587 577
525 2 2 1 1 636 843 240
526 2 2 1 1 19 234 18
527 2 2 1 1 322 323 287
528 2 2 1 1 585 649 576
529 2 2 1 1 646 648 645
530 2 2 1 1 484 718 627
531 2 2 1 1 456 691 672
532 2 2 1 1 615 669 512
533 2 2 1 1 459 674 464
534 2 2 1 1 322 485 324
535 2 2 1 1 363 654 366
536 2 2 1 1 568 665 664
537 2 2 1 1 576 577 558
538 2 2 1 1 219 693 692
539 2 2 1 1 538 553 539
540 2 2 1 1 487 645 353
541 2 2 1 1 355 469 467
542 2 2 1 1 357 748 478
543 2 2 1 1 316 353 340
544 2 2 1 1 568 664 493
545 2 2 1 1 550 681 477
546 2 2 1 1 318 787 662
547 2 2 1 1 532 685 615
548 2 2 1 1 361 365 363
549 2 2 1 1 414 691 417
550 2 2 1 1 575 576 558
551 2 2 1 1 666 718 449
552 2 2 1 1 496 676 675
553 2 2 1 1 221 696 695
554 2 2 1 1 93 248 92
555 2 2 1 1 404 715 406
556 2 2 1 1 375 699 372
557 2 2 1 1 219 692 87
558 2 2 1 1 287 745 732
559 2 2 1 1 496 675 430
560 2 2 1 1 657 658 592
561 2 2 1 1 351 700 492
562 2 2 1 1 62 661 61
563 2 2 1 1 558 644 556
564 2 2 1 1 790 792 399
565 2 2 1 1 359 777 349
566 2 2 1 1 504 715 404
567 2 2 1 1 343 700 351
568 2 2 1 1 668 718 666
569 2 2 1 1 444 657 538
570 2 2 1 1 433 457 434
571 2 2 1 1 676 722 675
572 2 2 1 1 221 695 100
573 2 2 1 1 512 669 511
574 2 2 1 1 316 487 353
575 2 2 1 1 557 558 556
576 2 2 1 1 324 325 323
577 2 2 1 1 457 660 659
578 2 2 1 1 426 491 433
579 2 2 1 1 698 699 375
580 2 2 1 1 517 844 832
581 2 2 1 1 333 339 332
582 2 2 1 1 670 673 458
583 2 2 1 1 442 515 514
584 2 2 1 1 556 752 461
585 2 2 1 1 708 756 742
586 2 2 1 1 534 686 685
587 2 2 1 1 432 725 262
588 2 2 1 1 73 711 223
589 2 2 1 1 76 697 218
590 2 2 1 1 353 354 340
591 2 2 1 1 65 247 64
592 2 2 1 1 67 231 66
593 2 2 1 1 493 664 452
594 2 2 1 1 534 685 532
595 2 2 1 1 687 689 688
596 2 2 1 1 532 615 512
597 2 2 1 1 91 229 90
598 2 2 1 1 81 704 80
599 2 2 1 1 515 523 514
600 2 2 1 1 346 663 426
601 2 2 1 1 78 701 238
602 2 2 1 1 742 756 500
603 2 2 1 1 452 551 451
604 2 2 1 1 378 698 375
605 2 2 1 1 687 688 413
606 2 2 1 1 419 670 458
607 2 2 1 1 510 512 511
608 2 2 1 1 510 511 474
609 2 2 1 1 487 646 645
610 2 2 1 1 351 451 350
611 2 2 1 1 442 654 515
612 2 2 1 1 464 530 506
613 2 2 1 1 456 671 670
614 2 2 1 1 452 664 551
615 2 2 1 1 444 538 536
616 2 2 1 1 426 433 427
617 2 2 1 1 683 740 428
618 2 2 1 1 553 570 539
619 2 2 1 1 282 643 322
620 2 2 1 1 705 706 703
621 2 2 1 1 351 452 451
622 2 2 1 1 551 579 552
623 2 2 1 1 214 702 701
624 2 2 1 1 380 722 386
625 2 2 1 1 575 585 576
626 2 2 1 1 343 351 350
627 2 2 1 1 96 230 97
628 2 2 1 1 417 456 419
629 2 2 1 1 409 507 411
630 2 2 1 1 360 361 354
631 2 2 1 1 386 722 398
632 2 2 1 1 386 387 385
633 2 2 1 1 64 651 63
634 2 2 1 1 429 447 446
635 2 2 1 1 430 675 383
636 2 2 1 1 511 669 667
637 2 2 1 1 297 708 303
638 2 2 1 1 496 677 676
639 2 2 1 1 630 642 629
640 2 2 1 1 411 687 413
641 2 2 1 1 70 227 69
642 2 2 1 1 495 568 493
643 2 2 1 1 428 429 389
644 2 2 1 1 388 389 387
645 2 2 1 1 495 569 568
646 2 2 1 1 456 670 419
647 2 2 1 1 705 707 706
648 2 2 1 1 689 690 688
649 2 2 1 1 484 627 626
650 2 2 1 1 319 700 343
651 2 2 1 1 86 692 236
652 2 2 1 1 439 744 479
653 2 2 1 1 473 474 449
654 2 2 1 1 214 703 702
655 2 2 1 1 447 718 484
656 2 2 1 1 343 350 344
657 2 2 1 1 644 765 395
658 2 2 1 1 492 493 452
659 2 2 1 1 477 681 496
660 2 2 1 1 507 687 411
661 2 2 1 1 487 736 647
662 2 2 1 1 88 219 87
663 2 2 1 1 294 316 296
664 2 2 1 1 303 742 717
665 2 2 1 1 448 449 447
666 2 2 1 1 380 386 385
667 2 2 1 1 627 641 626
668 2 2 1 1 103 709 212
669 2 2 1 1 494 495 493
670 2 2 1 1 380 385 378
671 2 2 1 1 622 623 569
672 2 2 1 1 456 672 671
673 2 2 1 1 715 716 507
674 2 2 1 1 99 221 100
675 2 2 1 1 346 426 424
676 2 2 1 1 101 695 237
677 2 2 1 1 477 496 430
678 2 2 1 1 308 720 312
679 2 2 1 1 579 580 552
680 2 2 1 1 677 678 676
681 2 2 1 1 366 654 442
682 2 2 1 1 406 715 409
683 2 2 1 1 509 510 474
684 2 2 1 1 543 550 477
685 2 2 1 1 445 477 430
686 2 2 1 1 318 700 319
687 2 2 1 1 73 223 72
688 2 2 1 1 447 484 446
689 2 2 1 1 238 697 77
690 2 2 1 1 429 446 389
691 2 2 1 1 386 388 387
692 2 2 1 1 304 717 307
693 2 2 1 1 74 711 73
694 2 2 1 1 287 732 283
695 2 2 1 1 538 657 592
696 2 2 1 1 405 730 403
697 2 2 1 1 390 430 383
698 2 2 1 1 316 736 487
699 2 2 1 1 387 399 385
700 2 2 1 1 313 318 315
701 2 2 1 1 316 340 296
702 2 2 1 1 214 701 79
703 2 2 1 1 388 428 389
704 2 2 1 1 86 236 85
705 2 2 1 1 555 556 461
706 2 2 1 1 511 667 666
707 2 2 1 1 433 434 427
708 2 2 1 1 426 663 491
709 2 2 1 1 709 714 212
710 2 2 1 1 621 622 569
711 2 2 1 1 679 680 678
712 2 2 1 1 577 644 558
713 2 2 1 1 319 343 321
714 2 2 1 1 474 666 449
715 2 2 1 1 76 218 75
716 2 2 1 1 551 552 451
717 2 2 1 1 677 679 678
718 2 2 1 1 531 532 512
719 2 2 1 1 264 725 317
720 2 2 1 1 307 720 308
721 2 2 1 1 446 731 389
722 2 2 1 1 366 442 438
723 2 2 1 1 383 675 381
724 2 2 1 1 464 506 465
725 2 2 1 1 78 238 77
726 2 2 1 1 458 674 459
727 2 2 1 1 445 543 477
728 2 2 1 1 237 710 709
729 2 2 1 1 429 448 447
730 2 2 1 1 264 317 266
731 2 2 1 1 387 731 399
732 2 2 1 1 101 237 102
733 2 2 1 1 376 378 375
734 2 2 1 1 303 717 304
735 2 2 1 1 237 709 102
736 2 2 1 1 87 692 86
737 2 2 1 1 80 214 79
738 2 2 1 1 557 575 558
739 2 2 1 1 419 458 420
740 2 2 1 1 379 380 378
741 2 2 1 1 598 604 603
742 2 2 1 1 82 239 81
743 2 2 1 1 538 539 536
744 2 2 1 1 100 695 101
745 2 2 1 1 497 731 446
746 2 2 1 1 374 375 372
747 2 2 1 1 308 312 310
748 2 2 1 1 336 338 337
749 2 2 1 1 84 210 83
750 2 2 1 1 421 730 405
751 2 2 1 1 289 721 292
752 2 2 1 1 417 419 418
753 2 2 1 1 351 492 452
754 2 2 1 1 492 494 493
755 2 2 1 1 442 514 513
756 2 2 1 1 370 486 286
757 2 2 1 1 449 718 447
758 2 2 1 1 459 464 463
759 2 2 1 1 56 211 57
760 2 2 1 1 77 697 76
761 2 2 1 1 304 307 306
762 2 2 1 1 511 666 474
763 2 2 1 1 495 621 569
764 2 2 1 1 680 682 678
765 2 2 1 1 436 545 421
766 2 2 1 1 704 705 703
767 2 2 1 1 496 681 677
768 2 2 1 1 448 473 449
769 2 2 1 1 390 445 430
770 2 2 1 1 79 701 78
771 2 2 1 1 381 722 380
772 2 2 1 1 292 736 294
773 2 2 1 1 442 513 438
774 2 2 1 1 409 715 507
775 2 2 1 1 675 722 381
776 2 2 1 1 262 725 264
777 2 2 1 1 473 509 474
778 2 2 1 1 413 691 414
779 2 2 1 1 411 413 412
780 2 2 1 1 376 379 378
781 2 2 1 1 409 411 410
782 2 2 1 1 356 770 342
783 2 2 1 1 379 381 380
784 2 2 1 1 56 719 211
785 2 2 1 1 414 417 416
786 2 2 1 1 285 721 289
787 2 2 1 1 103 212 104
788 2 2 1 1 283 732 285
789 2 2 1 1 297 303 300
790 2 2 1 1 621 635 622
791 2 2 1 1 241 719 55
792 2 2 1 1 318 319 315
793 2 2 1 1 426 427 424
794 2 2 1 1 402 727 504
795 2 2 1 1 80 704 214
796 2 2 1 1 343 344 321
797 2 2 1 1 102 709 103
798 2 2 1 1 374 376 375
799 2 2 1 1 484 626 497
800 2 2 1 1 294 296 295
801 2 2 1 1 673 674 458
802 2 2 1 1 366 438 367
803 2 2 1 1 394 724 505
804 2 2 1 1 312 313 310
805 2 2 1 1 439 479 441
806 2 2 1 1 361 363 362
807 2 2 1 1 406 409 408
808 2 2 1 1 552 738 451
809 2 2 1 1 710 714 709
810 2 2 1 1 260 432 262
811 2 2 1 1 282 287 283
812 2 2 1 1 400 760 727
813 2 2 1 1 545 730 421
814 2 2 1 1 212 723 104
815 2 2 1 1 438 439 367
816 2 2 1 1 289 292 291
817 2 2 1 1 302 793 789
818 2 2 1 1 292 294 293
819 2 2 1 1 386 398 388
820 2 2 1 1 285 732 721
821 2 2 1 1 296 708 297
822 2 2 1 1 555 557 556
823 2 2 1 1 389 731 387
824 2 2 1 1 307 308 306
825 2 2 1 1 55 719 56
826 2 2 1 1 533 534 532
827 2 2 1 1 385 698 378
828 2 2 1 1 544 607 543
829 2 2 1 1 22 559 21
830 2 2 1 1 641 794 269
831 2 2 1 1 402 504 404
832 2 2 1 1 400 727 402
833 2 2 1 1 510 531 512
834 2 2 1 1 303 304 300
835 2 2 1 1 688 691 413
836 2 2 1 1 394 505 397
837 2 2 1 1 104 723 105
838 2 2 1 1 54 241 55
839 2 2 1 1 374 728 376
840 2 2 1 1 278 282 280
841 2 2 1 1 105 723 242
842 2 2 1 1 504 783 716
843 2 2 1 1 502 548 501
844 2 2 1 1 340 708 296
845 2 2 1 1 392 724 394
846 2 2 1 1 296 297 295
847 2 2 1 1 458 459 420
848 2 2 1 1 350 738 663
849 2 2 1 1 742 778 717
850 2 2 1 1 667 668 666
851 2 2 1 1 464 465 463
852 2 2 1 1 395 734 391
853 2 2 1 1 363 366 364
854 2 2 1 1 472 501 425
855 2 2 1 1 428 740 429
856 2 2 1 1 419 420 418
857 2 2 1 1 105 242 106
858 2 2 1 1 214 704 703
859 2 2 1 1 484 497 446
860 2 2 1 1 366 367 364
861 2 2 1 1 417 418 416
862 2 2 1 1 726 738 552
863 2 2 1 1 413 414 412
864 2 2 1 1 53 729 54
865 2 2 1 1 438 744 439
866 2 2 1 1 411 412 410
867 2 2 1 1 392 768 724
868 2 2 1 1 282 283 280
869 2 2 1 1 399 698 385
870 2 2 1 1 54 729 241
871 2 2 1 1 409 410 408
872 2 2 1 1 626 629 497
873 2 2 1 1 448 499 473
874 2 2 1 1 708 742 303
875 2 2 1 1 393 395 391
876 2 2 1 1 294 295 293
877 2 2 1 1 106 733 107
878 2 2 1 1 445 544 543
879 2 2 1 1 441 454 453
880 2 2 1 1 439 441 440
881 2 2 1 1 650 905 226
882 2 2 1 1 292 293 291
883 2 2 1 1 382 383 381
884 2 2 1 1 487 647 646
885 2 2 1 1 470 770 356
886 2 2 1 1 363 364 362
887 2 2 1 1 384 390 383
888 2 2 1 1 451 738 350
889 2 2 1 1 52 215 53
890 2 2 1 1 50 240 51
891 2 2 1 1 48 217 49
892 2 2 1 1 51 735 52
893 2 2 1 1 373 374 372
894 2 2 1 1 531 533 532
895 2 2 1 1 294 736 316
896 2 2 1 1 319 321 320
897 2 2 1 1 313 315 314
898 2 2 1 1 439 440 367
899 2 2 1 1 361 362 354
900 2 2 1 1 478 600 599
901 2 2 1 1 304 306 305
902 2 2 1 1 369 370 286
903 2 2 1 1 242 733 106
904 2 2 1 1 580 726 552
905 2 2 1 1 308 310 309
906 2 2 1 1 371 372 370
907 2 2 1 1 107 216 108
908 2 2 1 1 297 300 299
909 2 2 1 1 46 243 47
910 2 2 1 1 548 775 501
911 2 2 1 1 344 346 345
912 2 2 1 1 109 741 110
913 2 2 1 1 20 562 19
914 2 2 1 1 502 549 548
915 2 2 1 1 459 463 462
916 2 2 1 1 279 286 277
917 2 2 1 1 401 455 377
918 2 2 1 1 283 285 284
919 2 2 1 1 434 444 443
920 2 2 1 1 304 305 300
921 2 2 1 1 215 729 53
922 2 2 1 1 379 382 381
923 2 2 1 1 472 502 501
924 2 2 1 1 44 222 45
925 2 2 1 1 454 503 453
926 2 2 1 1 285 289 288
927 2 2 1 1 289 291 290
928 2 2 1 1 414 416 415
929 2 2 1 1 441 453 440
930 2 2 1 1 346 424 423
931 2 2 1 1 308 309 306
932 2 2 1 1 297 299 295
933 2 2 1 1 302 798 689
934 2 2 1 1 435 436 421
935 2 2 1 1 377 728 374
936 2 2 1 1 313 314 310
937 2 2 1 1 407 421 405
938 2 2 1 1 364 500 362
939 2 2 1 1 283 284 280
940 2 2 1 1 453 498 440
941 2 2 1 1 319 320 315
942 2 2 1 1 278 280 279
943 2 2 1 1 290 298 288
944 2 2 1 1 273 301 271
945 2 2 1 1 513 744 438
946 2 2 1 1 110 226 111
947 2 2 1 1 429 740 448
948 2 2 1 1 367 743 364
949 2 2 1 1 486 774 286
950 2 2 1 1 466 554 483
951 2 2 1 1 519 521 436
952 2 2 1 1 276 278 277
953 2 2 1 1 369 540 371
954 2 2 1 1 41 228 42
955 2 2 1 1 274 276 275
956 2 2 1 1 406 408 407
957 2 2 1 1 390 734 445
958 2 2 1 1 325 450 323
959 2 2 1 1 376 739 379
960 2 2 1 1 459 462 420
961 2 2 1 1 400 402 401
962 2 2 1 1 52 735 215
963 2 2 1 1 240 735 51
964 2 2 1 1 448 740 499
965 2 2 1 1 469 518 467
966 2 2 1 1 517 529 462
967 2 2 1 1 279 369 286
968 2 2 1 1 369 371 370
969 2 2 1 1 272 274 273
970 2 2 1 1 344 345 321
971 2 2 1 1 107 733 216
972 2 2 1 1 404 406 405
973 2 2 1 1 520 608 578
974 2 2 1 1 373 400 377
975 2 2 1 1 21 224 20
976 2 2 1 1 418 475 416
977 2 2 1 1 414 415 412
978 2 2 1 1 23 213 22
979 2 2 1 1 402 404 403
980 2 2 1 1 481 555 461
981 2 2 1 1 373 377 374
982 2 2 1 1 444 536 535
983 2 2 1 1 544 761 607
984 2 2 1 1 460 461 396
985 2 2 1 1 270 272 271
986 2 2 1 1 435 520 519
987 2 2 1 1 268 270 269
988 2 2 1 1 501 758 425
989 2 2 1 1 340 756 708
990 2 2 1 1 440 743 367
991 2 2 1 1 267 311 265
992 2 2 1 1 39 746 40
993 2 2 1 1 533 591 534
994 2 2 1 1 410 431 408
995 2 2 1 1 455 728 377
996 2 2 1 1 371 373 372
997 2 2 1 1 285 288 284
998 2 2 1 1 266 268 267
999 2 2 1 1 434 443 427
1000 2 2 1 1 463 517 462
1001 2 2 1 1 728 739 376
1002 2 2 1 1 589 590 549
1003 2 2 1 1 289 290 288
1004 2 2 1 1 291 302 290
1005 2 2 1 1 400 401 377
1006 2 2 1 1 445 734 544
1007 2 2 1 1 498 743 440
1008 2 2 1 1 393 752 395
1009 2 2 1 1 541 542 470
1010 2 2 1 1 258 260 259
1011 2 2 1 1 394 397 396
1012 2 2 1 1 276 277 275
1013 2 2 1 1 382 384 383
1014 2 2 1 1 397 508 460
1015 2 2 1 1 278 279 277
1016 2 2 1 1 407 435 421
1017 2 2 1 1 481 639 571
1018 2 2 1 1 274 275 273
1019 2 2 1 1 315 737 314
1020 2 2 1 1 270 271 269
1021 2 2 1 1 268 269 267
1022 2 2 1 1 272 273 271
1023 2 2 1 1 402 403 401
1024 2 2 1 1 617 618 483
1025 2 2 1 1 112 244 113
1026 2 2 1 1 322 643 485
1027 2 2 1 1 38 233 39
1028 2 2 1 1 260 262 261
1029 2 2 1 1 502 589 549
1030 2 2 1 1 435 519 436
1031 2 2 1 1 264 266 265
1032 2 2 1 1 406 407 405
1033 2 2 1 1 612 613 542
1034 2 2 1 1 466 472 425
1035 2 2 1 1 392 394 393
1036 2 2 1 1 404 405 403
1037 2 2 1 1 262 264 263
1038 2 2 1 1 423 425 345
1039 2 2 1 1 384 391 390
1040 2 2 1 1 520 578 519
1041 2 2 1 1 266 267 265
1042 2 2 1 1 346 423 345
1043 2 2 1 1 263 341 261
1044 2 2 1 1 717 785 307
1045 2 2 1 1 554 617 483
1046 2 2 1 1 320 737 315
1047 2 2 1 1 420 749 418
1048 2 2 1 1 364 743 500
1049 2 2 1 1 321 758 320
1050 2 2 1 1 412 750 410
1051 2 2 1 1 262 263 261
1052 2 2 1 1 460 481 461
1053 2 2 1 1 500 756 362
1054 2 2 1 1 384 392 391
1055 2 2 1 1 264 265 263
1056 2 2 1 1 260 261 259
1057 2 2 1 1 397 460 396
1058 2 2 1 1 256 258 257
1059 2 2 1 1 391 734 390
1060 2 2 1 1 394 396 393
1061 2 2 1 1 258 259 257
1062 2 2 1 1 37 747 38
1063 2 2 1 1 423 466 425
1064 2 2 1 1 481 571 555
1065 2 2 1 1 466 483 472
1066 2 2 1 1 362 756 354
1067 2 2 1 1 379 739 382
1068 2 2 1 1 584 586 537
1069 2 2 1 1 110 741 226
1070 2 2 1 1 284 754 280
1071 2 2 1 1 533 640 591
1072 2 2 1 1 401 755 455
1073 2 2 1 1 392 393 391
1074 2 2 1 1 535 537 443
1075 2 2 1 1 280 754 279
1076 2 2 1 1 730 755 403
1077 2 2 1 1 369 754 540
1078 2 2 1 1 453 753 498
1079 2 2 1 1 345 758 321
1080 2 2 1 1 444 535 443
1081 2 2 1 1 539 573 536
1082 2 2 1 1 503 753 453
1083 2 2 1 1 720 797 312
1084 2 2 1 1 461 752 396
1085 2 2 1 1 462 749 420
1086 2 2 1 1 418 749 475
1087 2 2 1 1 472 751 502
1088 2 2 1 1 431 759 408
1089 2 2 1 1 529 749 462
1090 2 2 1 1 36 249 37
1091 2 2 1 1 415 750 412
1092 2 2 1 1 277 774 275
1093 2 2 1 1 540 760 371
1094 2 2 1 1 535 584 537
1095 2 2 1 1 410 750 431
1096 2 2 1 1 408 759 407
1097 2 2 1 1 373 760 400
1098 2 2 1 1 279 754 369
1099 2 2 1 1 799 802 690
1100 2 2 1 1 435 759 520
1101 2 2 1 1 466 762 554
1102 2 2 1 1 488 777 359
1103 2 2 1 1 354 756 340
1104 2 2 1 1 427 766 424
1105 2 2 1 1 424 762 423
1106 2 2 1 1 403 755 401
1107 2 2 1 1 425 758 345
1108 2 2 1 1 618 751 483
1109 2 2 1 1 371 760 373
1110 2 2 1 1 483 751 472
1111 2 2 1 1 35 757 36
1112 2 2 1 1 284 771 754
1113 2 2 1 1 407 759 435
1114 2 2 1 1 298 771 288
1115 2 2 1 1 396 752 393
1116 2 2 1 1 502 751 589
1117 2 2 1 1 259 368 257
1118 2 2 1 1 233 746 39
1119 2 2 1 1 672 802 671
1120 2 2 1 1 114 525 115
1121 2 2 1 1 789 793 716
1122 2 2 1 1 424 766 762
1123 2 2 1 1 358 359 349
1124 2 2 1 1 311 763 265
1125 2 2 1 1 443 766 427
1126 2 2 1 1 754 771 540
1127 2 2 1 1 478 748 600
1128 2 2 1 1 642 792 790
1129 2 2 1 1 423 762 466
1130 2 2 1 1 34 572 35
1131 2 2 1 1 265 763 263
1132 2 2 1 1 256 257 255
1133 2 2 1 1 329 331 327
1134 2 2 1 1 263 763 341
1135 2 2 1 1 395 765 734
1136 2 2 1 1 541 612 542
1137 2 2 1 1 312 787 313
1138 2 2 1 1 255 482 254
1139 2 2 1 1 455 786 780
1140 2 2 1 1 544 765 761
1141 2 2 1 1 734 765 544
1142 2 2 1 1 38 747 233
1143 2 2 1 1 298 783 779
1144 2 2 1 1 537 766 443
1145 2 2 1 1 437 480 359
1146 2 2 1 1 384 768 392
1147 2 2 1 1 594 597 596
1148 2 2 1 1 779 783 727
1149 2 2 1 1 95 632 96
1150 2 2 1 1 468 470 356
1151 2 2 1 1 286 774 277
1152 2 2 1 1 288 771 284
1153 2 2 1 1 739 768 382
1154 2 2 1 1 261 769 259
1155 2 2 1 1 546 574 518
1156 2 2 1 1 382 768 384
1157 2 2 1 1 778 785 717
1158 2 2 1 1 341 769 261
1159 2 2 1 1 542 770 470
1160 2 2 1 1 245 767 632
1161 2 2 1 1 758 775 320
1162 2 2 1 1 246 910 782
1163 2 2 1 1 507 793 687
1164 2 2 1 1 357 478 476
1165 2 2 1 1 478 599 522
1166 2 2 1 1 249 747 37
1167 2 2 1 1 655 656 595
1168 2 2 1 1 253 256 255
1169 2 2 1 1 471 541 470
1170 2 2 1 1 597 598 596
1171 2 2 1 1 501 775 758
1172 2 2 1 1 731 790 399
1173 2 2 1 1 500 778 742
1174 2 2 1 1 320 775 737
1175 2 2 1 1 298 779 771
1176 2 2 1 1 760 779 727
1177 2 2 1 1 527 583 528
1178 2 2 1 1 698 792 699
1179 2 2 1 1 471 614 541
1180 2 2 1 1 656 809 595
1181 2 2 1 1 787 797 638
1182 2 2 1 1 455 780 728
1183 2 2 1 1 743 778 500
1184 2 2 1 1 586 781 537
1185 2 2 1 1 259 769 368
1186 2 2 1 1 771 779 540
1187 2 2 1 1 36 757 249
1188 2 2 1 1 768 780 724
1189 2 2 1 1 468 471 470
1190 2 2 1 1 339 355 342
1191 2 2 1 1 480 788 489
1192 2 2 1 1 527 528 526
1193 2 2 1 1 368 772 257
1194 2 2 1 1 600 601 599
1195 2 2 1 1 468 524 471
1196 2 2 1 1 498 778 743
1197 2 2 1 1 257 772 255
1198 2 2 1 1 355 467 356
1199 2 2 1 1 530 818 806
1200 2 2 1 1 253 255 254
1201 2 2 1 1 780 786 724
1202 2 2 1 1 661 835 61
1203 2 2 1 1 255 772 482
1204 2 2 1 1 540 779 760
1205 2 2 1 1 572 757 35
1206 2 2 1 1 467 468 356
1207 2 2 1 1 728 780 739
1208 2 2 1 1 629 790 497
1209 2 2 1 1 642 790 629
1210 2 2 1 1 739 780 768
1211 2 2 1 1 358 437 359
1212 2 2 1 1 545 800 730
1213 2 2 1 1 617 903 618
1214 2 2 1 1 269 794 267
1215 2 2 1 1 437 526 480
1216 2 2 1 1 671 804 670
1217 2 2 1 1 727 783 504
1218 2 2 1 1 803 807 508
1219 2 2 1 1 482 764 254
1220 2 2 1 1 762 781 554
1221 2 2 1 1 291 798 302
1222 2 2 1 1 766 781 762
1223 2 2 1 1 498 785 778
1224 2 2 1 1 355 356 342
1225 2 2 1 1 478 522 476
1226 2 2 1 1 302 789 290
1227 2 2 1 1 522 588 476
1228 2 2 1 1 437 527 526
1229 2 2 1 1 503 797 753
1230 2 2 1 1 662 787 638
1231 2 2 1 1 299 799 295
1232 2 2 1 1 518 776 467
1233 2 2 1 1 29 235 30
1234 2 2 1 1 290 789 298
1235 2 2 1 1 523 836 514
1236 2 2 1 1 753 797 720
1237 2 2 1 1 537 781 766
1238 2 2 1 1 757 870 249
1239 2 2 1 1 468 776 524
1240 2 2 1 1 631 791 334
1241 2 2 1 1 467 776 468
1242 2 2 1 1 522 605 588
1243 2 2 1 1 783 789 716
1244 2 2 1 1 300 805 299
1245 2 2 1 1 357 476 358
1246 2 2 1 1 489 788 582
1247 2 2 1 1 724 786 505
1248 2 2 1 1 601 821 602
1249 2 2 1 1 397 803 508
1250 2 2 1 1 339 342 332
1251 2 2 1 1 755 786 455
1252 2 2 1 1 620 628 625
1253 2 2 1 1 753 785 498
1254 2 2 1 1 357 358 349
1255 2 2 1 1 497 790 731
1256 2 2 1 1 521 807 436
1257 2 2 1 1 314 806 310
1258 2 2 1 1 348 349 338
1259 2 2 1 1 217 808 49
1260 2 2 1 1 50 808 240
1261 2 2 1 1 716 793 507
1262 2 2 1 1 399 792 698
1263 2 2 1 1 348 357 349
1264 2 2 1 1 545 803 800
1265 2 2 1 1 482 767 764
1266 2 2 1 1 648 816 645
1267 2 2 1 1 267 794 311
1268 2 2 1 1 298 789 783
1269 2 2 1 1 638 797 503
1270 2 2 1 1 802 805 671
1271 2 2 1 1 489 582 567
1272 2 2 1 1 329 795 331
1273 2 2 1 1 336 348 338
1274 2 2 1 1 293 798 291
1275 2 2 1 1 588 784 476
1276 2 2 1 1 314 822 806
1277 2 2 1 1 358 784 437
1278 2 2 1 1 476 784 358
1279 2 2 1 1 485 821 634
1280 2 2 1 1 574 866 863
1281 2 2 1 1 526 788 480
1282 2 2 1 1 348 791 748
1283 2 2 1 1 643 796 485
1284 2 2 1 1 770 795 342
1285 2 2 1 1 236 814 85
1286 2 2 1 1 295 799 293
1287 2 2 1 1 293 799 798
1288 2 2 1 1 690 802 672
1289 2 2 1 1 84 814 210
1290 2 2 1 1 437 784 527
1291 2 2 1 1 613 812 542
1292 2 2 1 1 545 807 803
1293 2 2 1 1 241 852 719
1294 2 2 1 1 653 870 652
1295 2 2 1 1 684 876 723
1296 2 2 1 1 595 809 566
1297 2 2 1 1 361 820 365
1298 2 2 1 1 216 813 108
1299 2 2 1 1 755 800 786
1300 2 2 1 1 109 813 741
1301 2 2 1 1 730 800 755
1302 2 2 1 1 299 805 802
1303 2 2 1 1 786 800 505
1304 2 2 1 1 334 791 336
1305 2 2 1 1 342 795 332
1306 2 2 1 1 306 815 305
1307 2 2 1 1 670 804 673
1308 2 2 1 1 332 795 329
1309 2 2 1 1 903 911 618
1310 2 2 1 1 336 791 348
1311 2 2 1 1 505 803 397
1312 2 2 1 1 305 805 300
1313 2 2 1 1 795 812 331
1314 2 2 1 1 530 822 506
1315 2 2 1 1 41 817 228
1316 2 2 1 1 310 806 309
1317 2 2 1 1 746 817 40
1318 2 2 1 1 800 803 505
1319 2 2 1 1 673 818 674
1320 2 2 1 1 436 807 545
1321 2 2 1 1 49 808 50
1322 2 2 1 1 770 812 795
1323 2 2 1 1 631 819 791
1324 2 2 1 1 773 825 648
1325 2 2 1 1 822 823 506
1326 2 2 1 1 815 818 673
1327 2 2 1 1 849 852 241
1328 2 2 1 1 660 838 659
1329 2 2 1 1 806 822 530
1330 2 2 1 1 791 819 748
1331 2 2 1 1 590 842 549
1332 2 2 1 1 422 819 631
1333 2 2 1 1 548 823 775
1334 2 2 1 1 541 824 612
1335 2 2 1 1 305 815 804
1336 2 2 1 1 238 846 697
1337 2 2 1 1 735 810 215
1338 2 2 1 1 65 829 247
1339 2 2 1 1 231 829 66
1340 2 2 1 1 548 826 823
1341 2 2 1 1 639 873 571
1342 2 2 1 1 804 815 673
1343 2 2 1 1 118 516 119
1344 2 2 1 1 94 831 93
1345 2 2 1 1 549 826 548
1346 2 2 1 1 108 813 109
1347 2 2 1 1 211 863 57
1348 2 2 1 1 696 833 695
1349 2 2 1 1 634 828 422
1350 2 2 1 1 542 812 770
1351 2 2 1 1 237 833 710
1352 2 2 1 1 697 846 832
1353 2 2 1 1 645 816 360
1354 2 2 1 1 85 814 84
1355 2 2 1 1 816 820 360
1356 2 2 1 1 245 632 95
1357 2 2 1 1 701 834 238
1358 2 2 1 1 309 815 306
1359 2 2 1 1 40 817 41
1360 2 2 1 1 599 830 522
1361 2 2 1 1 309 818 815
1362 2 2 1 1 681 837 677
1363 2 2 1 1 360 820 361
1364 2 2 1 1 640 871 221
1365 2 2 1 1 580 838 726
1366 2 2 1 1 4 220 25
1367 2 2 1 1 873 883 571
1368 2 2 1 1 578 839 519
1369 2 2 1 1 225 827 5
1370 2 2 1 1 748 819 600
1371 2 2 1 1 737 822 314
1372 2 2 1 1 604 910 246
1373 2 2 1 1 737 823 822
1374 2 2 1 1 422 828 819
1375 2 2 1 1 602 821 796
1376 2 2 1 1 61 835 60
1377 2 2 1 1 823 826 506
1378 2 2 1 1 240 843 735
1379 2 2 1 1 5 827 28
1380 2 2 1 1 775 823 737
1381 2 2 1 1 806 818 309
1382 2 2 1 1 463 844 517
1383 2 2 1 1 851 880 565
1384 2 2 1 1 614 824 541
1385 2 2 1 1 613 825 812
1386 2 2 1 1 832 844 713
1387 2 2 1 1 649 848 244
1388 2 2 1 1 331 825 773
1389 2 2 1 1 796 821 485
1390 2 2 1 1 243 904 623
1391 2 2 1 1 723 876 242
1392 2 2 1 1 506 826 465
1393 2 2 1 1 623 912 243
1394 2 2 1 1 713 844 842
1395 2 2 1 1 217 912 623
1396 2 2 1 1 819 828 600
1397 2 2 1 1 810 836 215
1398 2 2 1 1 684 850 683
1399 2 2 1 1 661 888 835
1400 2 2 1 1 573 847 536
1401 2 2 1 1 535 847 584
1402 2 2 1 1 244 848 113
1403 2 2 1 1 861 915 528
1404 2 2 1 1 518 845 776
1405 2 2 1 1 114 848 525
1406 2 2 1 1 740 850 499
1407 2 2 1 1 244 905 650
1408 2 2 1 1 812 825 331
1409 2 2 1 1 767 881 633
1410 2 2 1 1 228 853 42
1411 2 2 1 1 733 837 216
1412 2 2 1 1 600 828 601
1413 2 2 1 1 827 880 851
1414 2 2 1 1 66 829 65
1415 2 2 1 1 723 899 684
1416 2 2 1 1 25 811 26
1417 2 2 1 1 93 831 248
1418 2 2 1 1 653 894 570
1419 2 2 1 1 522 830 605
1420 2 2 1 1 696 871 531
1421 2 2 1 1 703 855 702
1422 2 2 1 1 608 857 610
1423 2 2 1 1 67 858 231
1424 2 2 1 1 695 833 237
1425 2 2 1 1 31 840 4
1426 2 2 1 1 520 857 608
1427 2 2 1 1 219 873 639
1428 2 2 1 1 32 835 33
1429 2 2 1 1 726 838 660
1430 2 2 1 1 617 886 227
1431 2 2 1 1 431 857 759
1432 2 2 1 1 702 834 701
1433 2 2 1 1 44 862 222
1434 2 2 1 1 529 859 749
1435 2 2 1 1 58 866 59
1436 2 2 1 1 227 903 617
1437 2 2 1 1 215 836 729
1438 2 2 1 1 534 869 686
1439 2 2 1 1 677 837 679
1440 2 2 1 1 679 876 680
1441 2 2 1 1 258 872 260
1442 2 2 1 1 227 874 69
1443 2 2 1 1 88 873 219
1444 2 2 1 1 546 875 574
1445 2 2 1 1 665 879 664
1446 2 2 1 1 692 877 236
1447 2 2 1 1 551 879 579
1448 2 2 1 1 226 890 607
1449 2 2 1 1 533 871 640
1450 2 2 1 1 519 839 521
1451 2 2 1 1 26 246 27
1452 2 2 1 1 521 856 807
1453 2 2 1 1 652 909 250
1454 2 2 1 1 475 878 416
1455 2 2 1 1 776 854 524
1456 2 2 1 1 220 840 655
1457 2 2 1 1 809 851 565
1458 2 2 1 1 229 883 90
1459 2 2 1 1 609 907 210
1460 2 2 1 1 543 890 550
1461 2 2 1 1 554 886 617
1462 2 2 1 1 655 840 656
1463 2 2 1 1 223 911 72
1464 2 2 1 1 46 889 243
1465 2 2 1 1 568 904 665
1466 2 2 1 1 230 900 97
1467 2 2 1 1 222 889 45
1468 2 2 1 1 70 903 227
1469 2 2 1 1 842 844 465
1470 2 2 1 1 465 844 463
1471 2 2 1 1 212 899 723
1472 2 2 1 1 623 904 569
1473 2 2 1 1 499 896 473
1474 2 2 1 1 570 894 539
1475 2 2 1 1 82 907 239
1476 2 2 1 1 210 907 83
1477 2 2 1 1 48 912 217
1478 2 2 1 1 243 912 47
1479 2 2 1 1 549 842 826
1480 2 2 1 1 707 868 610
1481 2 2 1 1 845 863 211
1482 2 2 1 1 7 895 94
1483 2 2 1 1 571 901 555
1484 2 2 1 1 226 905 111
1485 2 2 1 1 34 888 572
1486 2 2 1 1 112 905 244
1487 2 2 1 1 60 835 32
1488 2 2 1 1 115 895 7
1489 2 2 1 1 220 811 25
1490 2 2 1 1 482 881 767
1491 2 2 1 1 616 849 523
1492 2 2 1 1 586 886 781
1493 2 2 1 1 832 846 517
1494 2 2 1 1 735 843 810
1495 2 2 1 1 574 845 518
1496 2 2 1 1 686 881 772
1497 2 2 1 1 234 884 253
1498 2 2 1 1 524 852 616
1499 2 2 1 1 705 868 707
1500 2 2 1 1 834 859 529
1501 2 2 1 1 517 846 529
1502 2 2 1 1 681 898 837
1503 2 2 1 1 536 847 535
1504 2 2 1 1 113 848 114
1505 2 2 1 1 633 869 230
1506 2 2 1 1 4 840 220
1507 2 2 1 1 826 842 465
1508 2 2 1 1 98 900 640
1509 2 2 1 1 683 850 740
1510 2 2 1 1 750 887 431
1511 2 2 1 1 252 864 251
1512 2 2 1 1 508 856 694
1513 2 2 1 1 236 877 839
1514 2 2 1 1 694 856 693
1515 2 2 1 1 42 853 43
1516 2 2 1 1 640 900 591
1517 2 2 1 1 741 890 226
1518 2 2 1 1 616 852 849
1519 2 2 1 1 833 896 710
1520 2 2 1 1 719 854 211
1521 2 2 1 1 235 851 809
1522 2 2 1 1 8 892 245
1523 2 2 1 1 26 811 246
1524 2 2 1 1 888 909 572
1525 2 2 1 1 853 862 43
1526 2 2 1 1 561 864 252
1527 2 2 1 1 706 855 703
1528 2 2 1 1 431 887 857
1529 2 2 1 1 837 898 216
1530 2 2 1 1 57 863 58
1531 2 2 1 1 855 878 475
1532 2 2 1 1 574 875 866
1533 2 2 1 1 68 858 67
1534 2 2 1 1 239 868 705
1535 2 2 1 1 759 857 520
1536 2 2 1 1 749 859 475
1537 2 2 1 1 656 902 235
1538 2 2 1 1 807 856 508
1539 2 2 1 1 559 915 560
1540 2 2 1 1 702 859 834
1541 2 2 1 1 43 862 44
1542 2 2 1 1 875 880 225
1543 2 2 1 1 509 896 833
1544 2 2 1 1 68 874 858
1545 2 2 1 1 610 868 609
1546 2 2 1 1 764 891 561
1547 2 2 1 1 782 910 567
1548 2 2 1 1 221 871 696
1549 2 2 1 1 591 869 534
1550 2 2 1 1 839 877 521
1551 2 2 1 1 235 902 30
1552 2 2 1 1 260 872 432
1553 2 2 1 1 531 871 533
1554 2 2 1 1 835 888 33
1555 2 2 1 1 865 891 516
1556 2 2 1 1 29 908 235
1557 2 2 1 1 563 875 546
1558 2 2 1 1 59 866 225
1559 2 2 1 1 89 873 88
1560 2 2 1 1 69 874 68
1561 2 2 1 1 680 876 684
1562 2 2 1 1 684 899 850
1563 2 2 1 1 693 877 692
1564 2 2 1 1 563 880 875
1565 2 2 1 1 664 879 551
1566 2 2 1 1 416 878 415
1567 2 2 1 1 516 916 865
1568 2 2 1 1 852 854 719
1569 2 2 1 1 249 897 747
1570 2 2 1 1 89 883 873
1571 2 2 1 1 94 895 831
1572 2 2 1 1 565 880 563
1573 2 2 1 1 897 906 747
1574 2 2 1 1 550 898 681
1575 2 2 1 1 610 887 707
1576 2 2 1 1 746 914 658
1577 2 2 1 1 2 841 232
1578 2 2 1 1 524 854 852
1579 2 2 1 1 827 908 28
1580 2 2 1 1 256 884 882
1581 2 2 1 1 256 882 258
1582 2 2 1 1 772 881 482
1583 2 2 1 1 878 885 415
1584 2 2 1 1 90 883 89
1585 2 2 1 1 561 891 865
1586 2 2 1 1 415 885 750
1587 2 2 1 1 706 885 878
1588 2 2 1 1 253 884 256
1589 2 2 1 1 707 885 706
1590 2 2 1 1 574 863 845
1591 2 2 1 1 45 889 46
1592 2 2 1 1 33 888 34
1593 2 2 1 1 607 890 543
1594 2 2 1 1 747 906 233
1595 2 2 1 1 225 880 827
1596 2 2 1 1 781 886 554
1597 2 2 1 1 906 914 233
1598 2 2 1 1 251 864 841
1599 2 2 1 1 585 893 649
1600 2 2 1 1 848 893 525
1601 2 2 1 1 813 898 550
1602 2 2 1 1 560 915 861
1603 2 2 1 1 553 897 570
1604 2 2 1 1 539 894 573
1605 2 2 1 1 473 896 509
1606 2 2 1 1 525 895 115
1607 2 2 1 1 581 913 224
1608 2 2 1 1 216 898 813
1609 2 2 1 1 553 906 897
1610 2 2 1 1 840 902 656
1611 2 2 1 1 119 892 8
1612 2 2 1 1 857 887 610
1613 2 2 1 1 714 899 212
1614 2 2 1 1 97 900 98
1615 2 2 1 1 555 901 557
1616 2 2 1 1 30 902 31
1617 2 2 1 1 71 903 70
1618 2 2 1 1 569 904 568
1619 2 2 1 1 233 914 746
1620 2 2 1 1 592 906 553
1621 2 2 1 1 831 895 525
1622 2 2 1 1 250 909 661
1623 2 2 1 1 71 911 903
1624 2 2 1 1 592 914 906
1625 2 2 1 1 111 905 112
1626 2 2 1 1 83 907 82
1627 2 2 1 1 658 914 592
1628 2 2 1 1 72 911 71
1629 2 2 1 1 47 912 48
1630 2 2 1 1 28 908 29
1631 2 2 1 1 235 908 851
1632 2 2 1 1 516 892 119
1633 2 2 1 1 118 916 516
1634 2 2 1 1 31 902 840
1635 2 2 1 1 117 916 118
1636 2 2 1 1 245 892 867
1637 2 2 1 1 851 908 827
1638 2 2 1 1 17 841 2
1639 2 2 1 1 661 909 888
1640 2 2 1 1 850 899 714
1641 2 2 1 1 866 875 225
1642 2 2 1 1 706 878 855
1643 2 2 1 1 867 891 764
1644 2 2 1 1 649 893 848
1645 2 2 1 1 860 915 559
1646 2 2 1 1 516 891 867
1647 2 2 1 1 841 864 232
1648 2 2 1 1 867 892 516
1649 2 2 1 1 882 913 581
1650 2 2 1 1 528 915 860
1651 2 2 2 2 100 976 99
1652 2 2 2 2 99 975 98
1653 2 2 2 2 99 976 954
1654 2 2 2 2 954 975 99
1655 2 2 2 2 967 973 942
1656 2 2 2 2 929 973 967
1657 2 2 2 2 145 947 12
1658 2 2 2 2 12 947 931
1659 2 2 2 2 922 946 95
1660 2 2 2 2 918 944 930
1661 2 2 2 2 930 943 917
1662 2 2 2 2 931 947 946
1663 2 2 2 2 922 981 946
1664 2 2 2 2 918 930 119
1665 2 2 2 2 118 930 917
1666 2 2 2 2 151 967 150
1667 2 2 2 2 973 984 942
1668 2 2 2 2 946 947 918
1669 2 2 2 2 117 973 116
1670 2 2 2 2 150 967 942
1671 2 2 2 2 95 946 8
1672 2 2 2 2 120 970 10
1673 2 2 2 2 2 982 17
1674 2 2 2 2 116 973 929
1675 2 2 2 2 9 970 152
1676 2 2 2 2 116 919 2
1677 2 2 2 2 936 976 100
1678 2 2 2 2 98 975 925
1679 2 2 2 2 17 982 121
1680 2 2 2 2 145 978 947
1681 2 2 2 2 970 974 945
1682 2 2 2 2 918 947 944
1683 2 2 2 2 150 942 149
1684 2 2 2 2 968 969 920
1685 2 2 2 2 12 931 144
1686 2 2 2 2 143 948 938
1687 2 2 2 2 931 948 144
1688 2 2 2 2 144 948 143
1689 2 2 2 2 101 955 936
1690 2 2 2 2 138 962 935
1691 2 2 2 2 107 952 933
1692 2 2 2 2 136 959 940
1693 2 2 2 2 105 966 928
1694 2 2 2 2 134 960 939
1695 2 2 2 2 953 954 923
1696 2 2 2 2 102 955 101
1697 2 2 2 2 131 957 130
1698 2 2 2 2 141 953 140
1699 2 2 2 2 101 936 100
1700 2 2 2 2 926 955 102
1701 2 2 2 2 113 932 112
1702 2 2 2 2 114 949 113
1703 2 2 2 2 130 934 129
1704 2 2 2 2 142 958 141
1705 2 2 2 2 107 933 106
1706 2 2 2 2 108 952 107
1707 2 2 2 2 109 937 108
1708 2 2 2 2 138 935 137
1709 2 2 2 2 143 938 142
1710 2 2 2 2 105 928 104
1711 2 2 2 2 134 939 133
1712 2 2 2 2 135 960 134
1713 2 2 2 2 136 940 135
1714 2 2 2 2 927 957 131
1715 2 2 2 2 140 953 923
1716 2 2 2 2 96 963 922
1717 2 2 2 2 126 950 924
1718 2 2 2 2 132 951 927
1719 2 2 2 2 140 923 139
1720 2 2 2 2 96 922 95
1721 2 2 2 2 141 958 953
1722 2 2 2 2 109 956 937
1723 2 2 2 2 921 956 110
1724 2 2 2 2 113 949 932
1725 2 2 2 2 128 965 941
1726 2 2 2 2 130 957 934
1727 2 2 2 2 925 963 97
1728 2 2 2 2 103 926 102
1729 2 2 2 2 110 956 109
1730 2 2 2 2 132 927 131
1731 2 2 2 2 139 962 138
1732 2 2 2 2 98 925 97
1733 2 2 2 2 129 965 128
1734 2 2 2 2 934 965 129
1735 2 2 2 2 128 941 127
1736 2 2 2 2 133 951 132
1737 2 2 2 2 111 921 110
1738 2 2 2 2 937 952 108
1739 2 2 2 2 939 951 133
1740 2 2 2 2 935 959 137
1741 2 2 2 2 938 958 142
1742 2 2 2 2 126 924 125
1743 2 2 2 2 137 959 136
1744 2 2 2 2 106 966 105
1745 2 2 2 2 933 966 106
1746 2 2 2 2 928 964 104
1747 2 2 2 2 97 963 96
1748 2 2 2 2 940 960 135
1749 2 2 2 2 923 962 139
1750 2 2 2 2 941 950 127
1751 2 2 2 2 104 964 103
1752 2 2 2 2 127 950 126
1753 2 2 2 2 111 961 921
1754 2 2 2 2 112 961 111
1755 2 2 2 2 103 964 926
1756 2 2 2 2 932 961 112
1757 2 2 2 2 8 918 119
1758 2 2 2 2 118 917 117
1759 2 2 2 2 119 930 118
1760 2 2 2 2 115 969 114
1761 2 2 2 2 125 968 124
1762 2 2 2 2 8 946 918
1763 2 2 2 2 123 920 122
1764 2 2 2 2 929 967 945
1765 2 2 2 2 968 1001 969
1766 2 2 2 2 114 969 949
1767 2 2 2 2 924 968 125
1768 2 2 2 2 929 945 919
1769 2 2 2 2 925 975 958
1770 2 2 2 2 962 976 936
1771 2 2 2 2 943 984 917
1772 2 2 2 2 923 976 962
1773 2 2 2 2 958 975 953
1774 2 2 2 2 120 974 970
1775 2 2 2 2 946 981 931
1776 2 2 2 2 151 977 967
1777 2 2 2 2 7 980 115
1778 2 2 2 2 124 979 11
1779 2 2 2 2 11 979 123
1780 2 2 2 2 122 980 7
1781 2 2 2 2 942 971 149
1782 2 2 2 2 983 985 972
1783 2 2 2 2 943 985 983
1784 2 2 2 2 121 974 120
1785 2 2 2 2 149 971 148
1786 2 2 2 2 116 929 919
1787 2 2 2 2 971 984 943
1788 2 2 2 2 947 978 944
1789 2 2 2 2 115 980 969
1790 2 2 2 2 968 979 124
1791 2 2 2 2 147 972 146
1792 2 2 2 2 945 977 970
1793 2 2 2 2 948 981 922
1794 2 2 2 2 944 985 930
1795 2 2 2 2 930 985 943
1796 2 2 2 2 931 981 948
1797 2 2 2 2 945 974 919
1798 2 2 2 2 922 986 948
1799 2 2 2 2 967 977 945
1800 2 2 2 2 943 983 971
1801 2 2 2 2 969 980 920
1802 2 2 2 2 920 979 968
1803 2 2 2 2 958 992 925
1804 2 2 2 2 936 991 962
1805 2 2 2 2 953 975 954
1806 2 2 2 2 954 976 923
1807 2 2 2 2 152 977 151
1808 2 2 2 2 146 978 145
1809 2 2 2 2 919 982 2
1810 2 2 2 2 148 983 147
1811 2 2 2 2 948 986 938
1812 2 2 2 2 963 992 986
1813 2 2 2 2 986 992 938
1814 2 2 2 2 917 973 117
1815 2 2 2 2 963 986 922
1816 2 2 2 2 988 998 921
1817 2 2 2 2 965 998 988
1818 2 2 2 2 951 996 995
1819 2 2 2 2 995 996 933
1820 2 2 2 2 949 987 932
1821 2 2 2 2 952 995 933
1822 2 2 2 2 937 1000 989
1823 2 2 2 2 955 993 991
1824 2 2 2 2 950 987 924
1825 2 2 2 2 966 996 990
1826 2 2 2 2 991 993 935
1827 2 2 2 2 927 989 957
1828 2 2 2 2 955 991 936
1829 2 2 2 2 939 996 951
1830 2 2 2 2 989 1000 957
1831 2 2 2 2 966 990 928
1832 2 2 2 2 990 996 939
1833 2 2 2 2 928 997 964
1834 2 2 2 2 990 997 928
1835 2 2 2 2 921 998 956
1836 2 2 2 2 926 993 955
1837 2 2 2 2 962 991 935
1838 2 2 2 2 925 992 963
1839 2 2 2 2 951 995 927
1840 2 2 2 2 957 1000 934
1841 2 2 2 2 938 992 958
1842 2 2 2 2 935 993 959
1843 2 2 2 2 959 994 940
1844 2 2 2 2 960 990 939
1845 2 2 2 2 965 988 941
1846 2 2 2 2 988 999 941
1847 2 2 2 2 934 998 965
1848 2 2 2 2 956 1000 937
1849 2 2 2 2 937 989 952
1850 2 2 2 2 993 994 959
1851 2 2 2 2 961 999 988
1852 2 2 2 2 940 997 960
1853 2 2 2 2 994 997 940
1854 2 2 2 2 926 994 993
1855 2 2 2 2 964 997 994
1856 2 2 2 2 961 988 921
1857 2 2 2 2 960 997 990
1858 2 2 2 2 941 999 950
1859 2 2 2 2 933 996 966
1860 2 2 2 2 932 999 961
1861 2 2 2 2 964 994 926
1862 2 2 2 2 998 1000 956
1863 2 2 2 2 989 995 952
1864 2 2 2 2 934 1000 998
1865 2 2 2 2 950 999 987
1866 2 2 2 2 927 995 989
1867 2 2 2 2 987 999 932
1868 2 2 2 2 987 1001 924
1869 2 2 2 2 949 1001 987
1870 2 2 2 2 971 983 148
1871 2 2 2 2 944 978 972
1872 2 2 2 2 123 979 920
1873 2 2 2 2 920 980 122
1874 2 2 2 2 972 978 146
1875 2 2 2 2 147 983 972
1876 2 2 2 2 917 984 973
1877 2 2 2 2 924 1001 968
1878 2 2 2 2 969 1001 949
1879 2 2 2 2 970 977 152
1880 2 2 2 2 942 984 971
1881 2 2 2 2 972 985 944
1882 2 2 2 2 121 982 974
1883 2 2 2 2 974 982 919
1884 2 2 2 2 1 17 121
1885 2 2 2 2 10 970 9
1886 2 2 2 3 1008 1067 1025
1887 2 2 2 3 1025 1051 1008
1888 2 2 2 3 1051 1062 1008
1889 2 2 2 3 1026 1062 1051
1890 2 2 2 3 1009 1062 1026
1891 2 2 2 3 1026 1056 1009
1892 2 2 2 3 1056 1069 1009
1893 2 2 2 3 1027 1069 1056
1894 2 2 2 3 1010 1069 1027
1895 2 2 2 3 1027 1054 1010
1896 2 2 2 3 1054 1072 1010
1897 2 2 2 3 1028 1072 1054
1898 2 2 2 3 1035 1036 1023
1899 2 2 2 3 1011 1072 1028
1900 2 2 2 3 1028 1052 1011
1901 2 2 2 3 1052 1061 1011
1902 2 2 2 3 1029 1061 1052
1903 2 2 2 3 1023 1083 1035
1904 2 2 2 3 1029 1055 1012
1905 2 2 2 3 1012 1061 1029
1906 2 2 2 3 1055 1070 1012
1907 2 2 2 3 1030 1070 1055
1908 2 2 2 3 1030 1053 1013
1909 2 2 2 3 1013 1070 1030
1910 2 2 2 3 1053 1066 1013
1911 2 2 2 3 1031 1066 1053
1912 2 2 2 3 1031 1059 1014
1913 2 2 2 3 1014 1066 1031
1914 2 2 2 3 1032 1071 1059
1915 2 2 2 3 1059 1071 1014
1916 2 2 2 3 1032 1049 1015
1917 2 2 2 3 1015 1071 1032
1918 2 2 2 3 1083 1084 1003
1919 2 2 2 3 1033 1064 1049
1920 2 2 2 3 1049 1064 1015
1921 2 2 2 3 1077 1084 1083
1922 2 2 2 3 1033 1058 1016
1923 2 2 2 3 1016 1064 1033
1924 2 2 2 3 1034 1065 1058
1925 2 2 2 3 1058 1065 1016
1926 2 2 2 3 1035 1083 30
1927 2 2 2 3 1034 1057 1017
1928 2 2 2 3 1017 1065 1034
1929 2 2 2 3 1037 1063 1057
1930 2 2 2 3 154 1078 153
1931 2 2 2 3 1057 1063 1017
1932 2 2 2 3 30 1083 1003
1933 2 2 2 3 1037 1050 1018
1934 2 2 2 3 1018 1063 1037
1935 2 2 2 3 1038 1068 1050
1936 2 2 2 3 1040 1045 1020
1937 2 2 2 3 1050 1068 1018
1938 2 2 2 3 1075 1078 154
1939 2 2 2 3 1038 1060 1019
1940 2 2 2 3 32 1088 1042
1941 2 2 2 3 1019 1068 1038
1942 2 2 2 3 1040 1073 1060
1943 2 2 2 3 1060 1073 1019
1944 2 2 2 3 1002 1048 1047
1945 2 2 2 3 1020 1073 1040
1946 2 2 2 3 1020 1088 32
1947 2 2 2 3 193 192 16
1948 2 2 2 3 1047 1048 1044
1949 2 2 2 3 1039 1084 1043
1950 2 2 2 3 1043 1084 1024
1951 2 2 2 3 153 27 3
1952 2 2 2 3 1005 1044 25
1953 2 2 2 3 1036 1085 1023
1954 2 2 2 3 59 1041 1007
1955 2 2 2 3 32 1042 6
1956 2 2 2 3 1039 1043 1006
1957 2 2 2 3 25 1044 4
1958 2 2 2 3 1005 1047 1044
1959 2 2 2 3 31 1035 30
1960 2 2 2 3 28 1039 1006
1961 2 2 2 3 1003 1039 29
1962 2 2 2 3 5 1041 59
1963 2 2 2 3 1021 1045 190
1964 2 2 2 3 4 1004 31
1965 2 2 2 3 4 1044 1004
1966 2 2 2 3 163 1022 15
1967 2 2 2 3 191 1021 190
1968 2 2 2 3 1025 1046 164
1969 2 2 2 3 193 1079 192
1970 2 2 2 3 189 1045 1040
1971 2 2 2 3 190 1045 189
1972 2 2 2 3 159 1023 158
1973 2 2 2 3 161 1024 160
1974 2 2 2 3 194 1079 193
1975 2 2 2 3 26 1005 25
1976 2 2 2 3 1038 1050 186
1977 2 2 2 3 179 1049 1032
1978 2 2 2 3 1029 1052 172
1979 2 2 2 3 169 1054 1027
1980 2 2 2 3 175 1053 1030
1981 2 2 2 3 165 1051 1025
1982 2 2 2 3 173 1055 1029
1983 2 2 2 3 167 1056 1026
1984 2 2 2 3 1037 1057 184
1985 2 2 2 3 181 1058 1033
1986 2 2 2 3 1032 1059 178
1987 2 2 2 3 187 1060 1038
1988 2 2 2 3 1033 1049 180
1989 2 2 2 3 1030 1055 174
1990 2 2 2 3 1026 1051 166
1991 2 2 2 3 185 1050 1037
1992 2 2 2 3 183 1057 1034
1993 2 2 2 3 1031 1053 176
1994 2 2 2 3 1034 1058 182
1995 2 2 2 3 171 1052 1028
1996 2 2 2 3 1027 1056 168
1997 2 2 2 3 1028 1054 170
1998 2 2 2 3 1040 1060 188
1999 2 2 2 3 177 1059 1031
2000 2 2 2 3 181 1033 180
2001 2 2 2 3 175 1030 174
2002 2 2 2 3 173 1029 172
2003 2 2 2 3 183 1034 182
2004 2 2 2 3 179 1032 178
2005 2 2 2 3 189 1040 188
2006 2 2 2 3 177 1031 176
2007 2 2 2 3 185 1037 184
2008 2 2 2 3 187 1038 186
2009 2 2 2 3 165 1025 164
2010 2 2 2 3 169 1027 168
2011 2 2 2 3 171 1028 170
2012 2 2 2 3 167 1026 166
2013 2 2 2 3 163 1046 1022
2014 2 2 2 3 164 1046 163
2015 2 2 2 3 186 1050 185
2016 2 2 2 3 172 1052 171
2017 2 2 2 3 170 1054 169
2018 2 2 2 3 176 1053 175
2019 2 2 2 3 180 1049 179
2020 2 2 2 3 166 1051 165
2021 2 2 2 3 184 1057 183
2022 2 2 2 3 178 1059 177
2023 2 2 2 3 174 1055 173
2024 2 2 2 3 168 1056 167
2025 2 2 2 3 182 1058 181
2026 2 2 2 3 188 1060 187
2027 2 2 2 3 50 1061 49
2028 2 2 2 3 56 1062 55
2029 2 2 2 3 39 1017 38
2030 2 2 2 3 51 1011 50
2031 2 2 2 3 41 1016 40
2032 2 2 2 3 37 1018 36
2033 2 2 2 3 55 1009 54
2034 2 2 2 3 57 1008 56
2035 2 2 2 3 59 1007 58
2036 2 2 2 3 33 1020 32
2037 2 2 2 3 35 1019 34
2038 2 2 2 3 47 1013 46
2039 2 2 2 3 46 1066 45
2040 2 2 2 3 45 1014 44
2041 2 2 2 3 43 1015 42
2042 2 2 2 3 49 1012 48
2043 2 2 2 3 53 1010 52
2044 2 2 2 3 58 1067 57
2045 2 2 2 3 48 1070 47
2046 2 2 2 3 38 1063 37
2047 2 2 2 3 54 1069 53
2048 2 2 2 3 44 1071 43
2049 2 2 2 3 52 1072 51
2050 2 2 2 3 36 1068 35
2051 2 2 2 3 42 1064 41
2052 2 2 2 3 34 1073 33
2053 2 2 2 3 40 1065 39
2054 2 2 2 3 1041 1086 1007
2055 2 2 2 3 1011 1061 50
2056 2 2 2 3 45 1066 1014
2057 2 2 2 3 39 1065 1017
2058 2 2 2 3 49 1061 1012
2059 2 2 2 3 55 1062 1009
2060 2 2 2 3 35 1068 1019
2061 2 2 2 3 1014 1071 44
2062 2 2 2 3 1008 1062 56
2063 2 2 2 3 1007 1067 58
2064 2 2 2 3 47 1070 1013
2065 2 2 2 3 1015 1064 42
2066 2 2 2 3 57 1067 1008
2067 2 2 2 3 53 1069 1010
2068 2 2 2 3 1017 1063 38
2069 2 2 2 3 1013 1066 46
2070 2 2 2 3 1010 1072 52
2071 2 2 2 3 37 1063 1018
2072 2 2 2 3 1012 1070 48
2073 2 2 2 3 1009 1069 54
2074 2 2 2 3 33 1073 1020
2075 2 2 2 3 51 1072 1011
2076 2 2 2 3 1018 1068 36
2077 2 2 2 3 41 1064 1016
2078 2 2 2 3 43 1071 1015
2079 2 2 2 3 1019 1073 34
2080 2 2 2 3 1016 1065 40
2081 2 2 2 3 1047 1074 1002
2082 2 2 2 3 1043 1087 1006
2083 2 2 2 3 191 1079 1021
2084 2 2 2 3 14 1002 156
2085 2 2 2 3 1047 1075 1074
2086 2 2 2 3 1044 1048 1004
2087 2 2 2 3 28 1006 5
2088 2 2 2 3 30 1003 29
2089 2 2 2 3 29 1039 28
2090 2 2 2 3 156 1074 155
2091 2 2 2 3 1002 1074 156
2092 2 2 2 3 6 1042 195
2093 2 2 2 3 1006 1041 5
2094 2 2 2 3 13 1082 154
2095 2 2 2 3 1004 1036 1035
2096 2 2 2 3 157 1080 14
2097 2 2 2 3 1021 1081 1042
2098 2 2 2 3 1004 1035 31
2099 2 2 2 3 1004 1048 1036
2100 2 2 2 3 192 1079 191
2101 2 2 2 3 1002 1080 1048
2102 2 2 2 3 14 1080 1002
2103 2 2 2 3 1005 1075 1047
2104 2 2 2 3 153 1078 27
2105 2 2 2 3 15 1076 162
2106 2 2 2 3 1076 1087 1043
2107 2 2 2 3 1077 1083 1023
2108 2 2 2 3 27 1078 26
2109 2 2 2 3 1022 1076 15
2110 2 2 2 3 1003 1084 1039
2111 2 2 2 3 1042 1088 1021
2112 2 2 2 3 1079 1081 1021
2113 2 2 2 3 159 1077 1023
2114 2 2 2 3 1024 1077 160
2115 2 2 2 3 1024 1089 1043
2116 2 2 2 3 26 1078 1005
2117 2 2 2 3 160 1077 159
2118 2 2 2 3 1048 1080 1036
2119 2 2 2 3 1042 1081 195
2120 2 2 2 3 1041 1087 1086
2121 2 2 2 3 1005 1078 1075
2122 2 2 2 3 1023 1085 158
2123 2 2 2 3 1075 1082 1074
2124 2 2 2 3 1086 1087 1022
2125 2 2 2 3 1021 1088 1045
2126 2 2 2 3 161 1089 1024
2127 2 2 2 3 1076 1089 162
2128 2 2 2 3 155 1082 13
2129 2 2 2 3 1043 1089 1076
2130 2 2 2 3 1080 1085 1036
2131 2 2 2 3 1045 1088 1020
2132 2 2 2 3 1024 1084 1077
2133 2 2 2 3 195 1081 194
2134 2 2 2 3 1007 1086 1046
2135 2 2 2 3 1025 1090 1046
2136 2 2 2 3 1046 1086 1022
2137 2 2 2 3 1046 1090 1007
2138 2 2 2 3 1074 1082 155
2139 2 2 2 3 158 1085 157
2140 2 2 2 3 1067 1090 1025
2141 2 2 2 3 162 1089 161
2142 2 2 2 3 157 1085 1080
2143 2 2 2 3 1007 1090 1067
2144 2 2 2 3 1022 1087 1076
2145 2 2 2 3 194 1081 1079
2146 2 2 2 3 154 1082 1075
2147 2 2 2 3 1006 1087 1041
2148 2 2 3 4 197 1106 1096
2149 2 2 3 4 1092 1106 197
2150 2 2 3 4 154 1097 203
2151 2 2 3 4 196 1096 120
2152 2 2 3 4 197 1096 196
2153 2 2 3 4 196 120 10
2154 2 2 3 4 154 203 13
2155 2 2 3 4 120 1096 121
2156 2 2 3 4 1096 1103 121
2157 2 2 3 4 1097 1107 203
2158 2 2 3 4 153 1097 154
2159 2 2 3 4 1094 1098 207
2160 2 2 3 4 208 1099 1094
2161 2 2 3 4 1095 1100 205
2162 2 2 3 4 206 1098 1095
2163 2 2 3 4 206 1095 205
2164 2 2 3 4 208 1094 207
2165 2 2 3 4 209 1099 208
2166 2 2 3 4 207 1098 206
2167 2 2 3 4 205 1100 204
2168 2 2 3 4 200 1091 199
2169 2 2 3 4 199 1102 198
2170 2 2 3 4 201 1101 200
2171 2 2 3 4 198 1092 197
2172 2 2 3 4 202 1093 201
2173 2 2 3 4 200 1101 1091
2174 2 2 3 4 198 1102 1092
2175 2 2 3 4 1093 1101 201
2176 2 2 3 4 1091 1102 199
2177 2 2 3 4 121 1103 1
2178 2 2 3 4 3 1104 153
2179 2 2 3 4 153 1104 1097
2180 2 2 3 4 209 1103 1099
2181 2 2 3 4 1100 1104 204
2182 2 2 3 4 1 1103 209
2183 2 2 3 4 204 1104 3
2184 2 2 3 4 1093 1105 1100
2185 2 2 3 4 1100 1111 1093
2186 2 2 3 4 1099 1106 1092
2187 2 2 3 4 1092 1110 1099
2188 2 2 3 4 202 1107 1093
2189 2 2 3 4 203 1107 202
2190 2 2 3 4 1100 1105 1104
2191 2 2 3 4 1103 1106 1099
2192 2 2 3 4 1094 1108 1098
2193 2 2 3 4 1099 1110 1094
2194 2 2 3 4 1095 1111 1100
2195 2 2 3 4 1098 1109 1095
2196 2 2 3 4 1091 1108 1102
2197 2 2 3 4 1101 1109 1091
2198 2 2 3 4 1091 1109 1108
2199 2 2 3 4 1102 1110 1092
2200 2 2 3 4 1093 1111 1101
2201 2 2 3 4 1108 1110 1102
2202 2 2 3 4 1101 1111 1109
2203 2 2 3 4 1109 1111 1095
2204 2 2 3 4 1094 1110 1108
2205 2 2 3 4 1108 1109 1098
2206 2 2 3 4 1096 1106 1103
2207 2 2 3 4 1104 1105 1097
2208 2 2 3 4 1093 1107 1105
2209 2 2 3 4 1105 1107 1097
2210 2 2 3 5 20 1112 21
2211 2 2 3 5 21 1112 22
2212 2 2 3 5 18 1 209
2213 2 2 3 5 204 3 24
2214 2 2 3 5 1112 1114 22
2215 2 2 3 5 20 1113 1112
2216 2 2 3 5 19 1115 1113
2217 2 2 3 5 1114 1116 23
2218 2 2 3 5 1113 1115 208
2219 2 2 3 5 205 1116 1114
2220 2 2 3 5 19 1113 20
2221 2 2 3 5 22 1114 23
2222 2 2 3 5 208 1115 209
2223 2 2 3 5 204 1116 205
2224 2 2 3 5 18 1115 19
2225 2 2 3 5 23 1116 24
2226 2 2 3 5 206 1112 207
2227 2 2 3 5 206 1114 1112
2228 2 2 3 5 1112 1113 207
2229 2 2 3 5 207 1113 208
2230 2 2 3 5 205 1114 206
2231 2 2 3 5 24 1116 204
2232 2 2 3 5 209 1115 18
$EndElements
