$MeshFormat
2.2 0 8
$EndMeshFormat
$PhysicalNames
7
0 6 "separation-inf"
0 7 "separation-sup"
1 4 "pressure"
1 5 "fixed"
2 1 "body"
2 2 "cover"
2 3 "scar"
$EndPhysicalNames
$Nodes
2648
1 0.6754664043757063 0.4998629534754574 0
2 0.5127354985907731 0.4913345880825523 0
3 0.4334809214558479 0.481840379184906 0
4 0.3657340441691846 0.4358648610726302 0
5 0 0 0
6 0.06527036446661391 -1.301042606982605e-16 0
7 0.4040362663251333 0.4037254805883031 0
8 0.4754071150127369 0.4393096730951061 0
9 0.6780832021878531 0.4499314767377288 0
10 0.7306999999999999 0.4 0
11 0.7306999999999998 0 0
12 0.7806999999999999 0 0
13 0.7806999999999999 0.4 0
14 0.4727903172005901 0.4892411498328348 0
15 0.6646176773233774 0.499294395782597 0
16 0.6537689502710485 0.4987258380897367 0
17 0.6429202232187197 0.4981572803968763 0
18 0.6320714961663909 0.497588722704016 0
19 0.621222769114062 0.4970201650111557 0
20 0.6103740420617332 0.4964516073182954 0
21 0.5995253150094043 0.495883049625435 0
22 0.5886765879570754 0.4953144919325747 0
23 0.5778278609047466 0.4947459342397144 0
24 0.5669791338524177 0.494177376546854 0
25 0.5561304068000887 0.4936088188539937 0
26 0.5452816797477599 0.4930402611611334 0
27 0.5344329526954309 0.492471703468273 0
28 0.523584225643102 0.4919031457754127 0
29 0.5118167470196918 0.4804697317277203 0
30 0.507998107114472 0.4702566422179411 0
31 0.5015633257964885 0.4614542108805077 0
32 0.4929905443500774 0.4547165090221165 0
33 0.4829167697733883 0.450544186666575 0
34 0.4720905414924229 0.4492472713767728 0
35 0.46131631057381 0.4509221314225388 0
36 0.4513946643809087 0.4554443150635896 0
37 0.4430628383253009 0.4624777980300574 0
38 0.4369399350328919 0.471499952059573 0
39 0.4237611714271652 0.4782441188001569 0
40 0.4143129431579019 0.4739852912682083 0
41 0.405181338974812 0.4690842266472953 0
42 0.396409949759055 0.4635643207965859 0
43 0.3880406468595468 0.4574519236930534 0
44 0.3801133822147162 0.4507762136464882 0
45 0.3726659976368152 0.4435690580131033 0
46 0.3584193632858009 0.4271475638511777 0
47 0.3511046824024172 0.4184302666297251 0
48 0.3437900015190336 0.4097129694082725 0
49 0.3364753206356498 0.4009956721868199 0
50 0.3291606397522662 0.3922783749653673 0
51 0.3218459588688825 0.3835610777439147 0
52 0.3145312779854988 0.3748437805224621 0
53 0.3072165971021151 0.3661264833010095 0
54 0.2999019162187315 0.357409186079557 0
55 0.2925872353353478 0.3486918888581043 0
56 0.2852725544519641 0.3399745916366518 0
57 0.2779578735685805 0.3312572944151992 0
58 0.2706431926851968 0.3225399971937466 0
59 0.2633285118018131 0.313822699972294 0
60 0.2560138309184294 0.3051054027508415 0
61 0.2486991500350458 0.2963881055293889 0
62 0.2413844691516621 0.2876708083079362 0
63 0.2340697882682784 0.2789535110864836 0
64 0.2267551073848947 0.270236213865031 0
65 0.219440426501511 0.2615189166435784 0
66 0.2121257456181273 0.2528016194221258 0
67 0.2048110647347436 0.2440843222006732 0
68 0.1974963838513599 0.2353670249792206 0
69 0.1901817029679762 0.2266497277577679 0
70 0.1828670220845925 0.2179324305363153 0
71 0.1755523412012088 0.2092151333148627 0
72 0.1682376603178251 0.2004978360934101 0
73 0.1609229794344414 0.1917805388719575 0
74 0.1536082985510577 0.1830632416505049 0
75 0.146293617667674 0.1743459444290522 0
76 0.1389789367842903 0.1656286472075996 0
77 0.1316642559009066 0.156911349986147 0
78 0.1243495750175229 0.1481940527646943 0
79 0.1170348941341392 0.1394767555432417 0
80 0.1097202132507555 0.1307594583217891 0
81 0.1024055323673718 0.1220421611003365 0
82 0.0950908514839881 0.113324863878884 0
83 0.08777617060060444 0.1046075666574313 0
84 0.08046148971722072 0.09589026943597867 0
85 0.07314680883383701 0.08717297221452608 0
86 0.06583212795045329 0.07845567499307343 0
87 0.05851744706706957 0.06973837777162079 0
88 0.05120276618368591 0.06102108055016819 0
89 0.04388808530030225 0.05230378332871566 0
90 0.03657340441691853 0.04358648610726296 0
91 0.02925872353353487 0.03486918888581042 0
92 0.0219440426501511 0.02615189166435772 0
93 0.01462936176676743 0.01743459444290513 0
94 0.007314680883383662 0.00871729722145248 0
95 0.01087839407776897 0 0
96 0.02175678815553795 0 0
97 0.03263518223330691 0 0
98 0.04351357631107589 0 0
99 0.0543919703888449 0 0
100 0.07263484059397318 0.008776640882354192 0
101 0.07999931672133226 0.01755328176470861 0
102 0.08736379284869139 0.02632992264706302 0
103 0.09472826897605052 0.03510656352941743 0
104 0.1020927451034097 0.0438832044117719 0
105 0.1094572212307687 0.05265984529412632 0
106 0.1168216973581279 0.06143648617648073 0
107 0.124186173485487 0.07021312705883515 0
108 0.1315506496128461 0.07898976794118961 0
109 0.1389151257402052 0.08776640882354403 0
110 0.1462796018675643 0.09654304970589844 0
111 0.1536440779949235 0.1053196905882529 0
112 0.1610085541222825 0.1140963314706073 0
113 0.1683730302496417 0.1228729723529617 0
114 0.1757375063770008 0.1316496132353161 0
115 0.1831019825043599 0.1404262541176706 0
116 0.190466458631719 0.149202895000025 0
117 0.1978309347590781 0.1579795358823794 0
118 0.2051954108864372 0.1667561767647338 0
119 0.2125598870137964 0.1755328176470882 0
120 0.2199243631411554 0.1843094585294426 0
121 0.2272888392685146 0.193086099411797 0
122 0.2346533153958736 0.2018627402941514 0
123 0.2420177915232327 0.2106393811765058 0
124 0.2493822676505918 0.2194160220588602 0
125 0.2567467437779509 0.2281926629412146 0
126 0.26411121990531 0.236969303823569 0
127 0.2714756960326691 0.2457459447059234 0
128 0.2788401721600282 0.2545225855882778 0
129 0.2862046482873873 0.2632992264706322 0
130 0.2935691244147464 0.2720758673529866 0
131 0.3009336005421055 0.280852508235341 0
132 0.3082980766694647 0.2896291491176956 0
133 0.3156625527968239 0.29840579000005 0
134 0.323027028924183 0.3071824308824044 0
135 0.3303915050515422 0.3159590717647589 0
136 0.3377559811789013 0.3247357126471133 0
137 0.3451204573062605 0.3335123535294678 0
138 0.3524849334336195 0.3422889944118223 0
139 0.3598494095609788 0.3510656352941767 0
140 0.3672138856883378 0.3598422761765311 0
141 0.3745783618156969 0.3686189170588855 0
142 0.381942837943056 0.3773955579412399 0
143 0.3893073140704152 0.3861721988235943 0
144 0.3966717901977742 0.3949488397059487 0
145 0.4110181034325398 0.4112289776368577 0
146 0.4187313157060478 0.4179784127077235 0
147 0.4270948769943219 0.4239028839861847 0
148 0.4360209293260504 0.4289401557798515 0
149 0.445415705844908 0.4330373122953815 0
150 0.4551805158164786 0.4361513135110431 0
151 0.4652127813597885 0.4382494473057628 0
152 0.4866668976335767 0.439899773297474 0
153 0.4979266802544164 0.440489873499842 0
154 0.5091864628752563 0.4410799737022099 0
155 0.520446245496096 0.4416700739045778 0
156 0.5317060281169358 0.4422601741069457 0
157 0.5429658107377755 0.4428502743093137 0
158 0.5542255933586153 0.4434403745116816 0
159 0.5654853759794551 0.4440304747140495 0
160 0.576745158600295 0.4446205749164174 0
161 0.5880049412211348 0.4452106751187854 0
162 0.5992647238419746 0.4458007753211533 0
163 0.6105245064628143 0.4463908755235212 0
164 0.6217842890836541 0.4469809757258891 0
165 0.6330440717044939 0.4475710759282571 0
166 0.6443038543253337 0.448161176130625 0
167 0.6555636369461734 0.4487512763329929 0
168 0.6668234195670132 0.4493413765353608 0
169 0.6896278447399321 0.4491964794299314 0
170 0.7006946012159873 0.4458281127934987 0
171 0.7106910947343958 0.4400066774005602 0
172 0.7190822370179006 0.432043780699251 0
173 0.7254188703833169 0.4223656574157815 0
174 0.7293618100730225 0.4114903542337509 0
175 0.7306999999999999 0.3885714285714286 0
176 0.7306999999999999 0.3771428571428571 0
177 0.7306999999999999 0.3657142857142857 0
178 0.7306999999999999 0.3542857142857143 0
179 0.7306999999999999 0.3428571428571428 0
180 0.7306999999999999 0.3314285714285714 0
181 0.7306999999999999 0.32 0
182 0.7306999999999999 0.3085714285714285 0
183 0.7306999999999999 0.2971428571428571 0
184 0.7306999999999999 0.2857142857142857 0
185 0.7306999999999999 0.2742857142857142 0
186 0.7306999999999999 0.2628571428571428 0
187 0.7306999999999999 0.2514285714285713 0
188 0.7306999999999999 0.2399999999999998 0
189 0.7306999999999999 0.2285714285714284 0
190 0.7306999999999999 0.2171428571428569 0
191 0.7306999999999999 0.2057142857142855 0
192 0.7306999999999999 0.194285714285714 0
193 0.7306999999999999 0.1828571428571427 0
194 0.7306999999999999 0.1714285714285712 0
195 0.7306999999999999 0.1599999999999998 0
196 0.7306999999999999 0.1485714285714284 0
197 0.7306999999999999 0.137142857142857 0
198 0.7306999999999999 0.1257142857142856 0
199 0.7306999999999999 0.1142857142857142 0
200 0.7306999999999999 0.1028571428571428 0
201 0.7306999999999999 0.09142857142857141 0
202 0.7306999999999999 0.08000000000000007 0
203 0.7306999999999999 0.06857142857142867 0
204 0.7306999999999999 0.05714285714285727 0
205 0.7306999999999999 0.04571428571428587 0
206 0.7306999999999999 0.03428571428571447 0
207 0.7306999999999999 0.02285714285714302 0
208 0.7306999999999999 0.01142857142857151 0
209 0.7406999999999998 0 0
210 0.7506999999999999 0 0
211 0.7606999999999999 0 0
212 0.7706999999999999 0 0
213 0.7806999999999999 0.01142857142857144 0
214 0.7806999999999999 0.02285714285714288 0
215 0.7806999999999999 0.03428571428571432 0
216 0.7806999999999999 0.04571428571428577 0
217 0.7806999999999999 0.0571428571428572 0
218 0.7806999999999999 0.06857142857142863 0
219 0.7806999999999999 0.08000000000000006 0
220 0.7806999999999999 0.0914285714285715 0
221 0.7806999999999999 0.1028571428571429 0
222 0.7806999999999999 0.1142857142857144 0
223 0.7806999999999999 0.1257142857142858 0
224 0.7806999999999999 0.1371428571428573 0
225 0.7806999999999999 0.1485714285714287 0
226 0.7806999999999999 0.1600000000000002 0
227 0.7806999999999999 0.1714285714285717 0
228 0.7806999999999999 0.1828571428571431 0
229 0.7806999999999999 0.1942857142857145 0
230 0.7806999999999999 0.205714285714286 0
231 0.7806999999999999 0.2171428571428574 0
232 0.7806999999999999 0.2285714285714288 0
233 0.7806999999999999 0.2400000000000002 0
234 0.7806999999999999 0.2514285714285716 0
235 0.7806999999999999 0.262857142857143 0
236 0.7806999999999999 0.2742857142857144 0
237 0.7806999999999999 0.2857142857142858 0
238 0.7806999999999999 0.2971428571428572 0
239 0.7806999999999999 0.3085714285714286 0
240 0.7806999999999999 0.32 0
241 0.7806999999999999 0.3314285714285714 0
242 0.7806999999999999 0.3428571428571427 0
243 0.7806999999999999 0.3542857142857141 0
244 0.7806999999999999 0.3657142857142855 0
245 0.7806999999999999 0.377142857142857 0
246 0.7806999999999999 0.3885714285714285 0
247 0.7800286514924181 0.4115680159360948 0
248 0.7780236201460451 0.4229807084675019 0
249 0.7747118274569218 0.4340848397122524 0
250 0.7701377407666337 0.4447313148315632 0
251 0.764362776200642 0.454777183921787 0
252 0.7574644740358012 0.4640875613985023 0
253 0.7495354575693756 0.4725374371012285 0
254 0.7406821894687915 0.4800133548011204 0
255 0.7310235423005802 0.4864149355743653 0
256 0.7206892024319744 0.4916562255869974 0
257 0.7098179287359266 0.4956668501944612 0
258 0.6985556894798641 0.4983929588598628 0
259 0.6870537024141186 0.4997979482035217 0
260 0.5027492032432274 0.490811228520123 0
261 0.4927629078956816 0.4902878689576936 0
262 0.4827766125481359 0.4897645093952642 0
263 0.4627991988048525 0.4883818748233219 0
264 0.4528878207072976 0.4868569536624319 0
265 0.4431004805129903 0.4846732017853821 0
266 0.07674328921718956 0 0
267 0.08821621396776522 0 0
268 0.09968913871834086 0 0
269 0.1111620634689165 0 0
270 0.1226349882194922 0 0
271 0.1341079129700678 0 0
272 0.1455808377206435 0 0
273 0.1570537624712191 0 0
274 0.1685266872217948 0 0
275 0.1799996119723704 0 0
276 0.1914725367229461 0 0
277 0.2029454614735217 0 0
278 0.2144183862240973 0 0
279 0.225891310974673 0 0
280 0.2373642357252487 0 0
281 0.2488371604758243 0 0
282 0.2603100852264 0 0
283 0.2717830099769756 0 0
284 0.2832559347275512 0 0
285 0.2947288594781268 0 0
286 0.3062017842287024 0 0
287 0.317674708979278 0 0
288 0.3291476337298536 0 0
289 0.3406205584804292 0 0
290 0.3520934832310048 0 0
291 0.3635664079815804 0 0
292 0.375039332732156 0 0
293 0.3865122574827317 0 0
294 0.3979851822333073 0 0
295 0.4094581069838829 0 0
296 0.4209310317344584 0 0
297 0.432403956485034 0 0
298 0.4438768812356096 0 0
299 0.4553498059861853 0 0
300 0.4668227307367609 0 0
301 0.4782956554873365 0 0
302 0.489768580237912 0 0
303 0.5012415049884876 0 0
304 0.5127144297390633 0 0
305 0.5241873544896389 0 0
306 0.5356602792402145 0 0
307 0.5471332039907901 0 0
308 0.5586061287413657 0 0
309 0.5700790534919413 0 0
310 0.5815519782425169 0 0
311 0.5930249029930925 0 0
312 0.6044978277436681 0 0
313 0.6159707524942437 0 0
314 0.6274436772448193 0 0
315 0.638916601995395 0 0
316 0.6503895267459706 0 0
317 0.6618624514965461 0 0
318 0.6733353762471217 0 0
319 0.6848083009976974 0 0
320 0.696281225748273 0 0
321 0.7077541504988486 0 0
322 0.7192270752494242 0 0
323 0.4180995433469085 0.4282346747753463 0
324 0.401182662336887 0.4128303063559866 0
325 0.7557139384887566 0.006819467089278386 0
326 0.670534426255076 0.4901834014029869 0
327 0.6488183241854583 0.4888355179305003 0
328 0.6272580733962431 0.4881519918819243 0
329 0.6048621286432796 0.4861640264523326 0
330 0.5848170663501476 0.4853154529478447 0
331 0.562240834475919 0.4839002459304286 0
332 0.5404409698620162 0.4826983265660861 0
333 0.4131767240303042 0.4631557006357489 0
334 0.3619696929734308 0.415949413738938 0
335 0.3485848277810649 0.4000136467828042 0
336 0.335078897531767 0.3811915768920597 0
337 0.7405459109314897 0.08571161262447546 0
338 0.770802566813892 0.2114285714285717 0
339 0.7708025668138921 0.3142857142857143 0
340 0.7402366411546339 0.1890382773473725 0
341 0.7690893136233589 0.29264505405285 0
342 0.7405974331861077 0.3371428571428571 0
343 0.770802566813892 0.3714285714285713 0
344 0.7405974331861077 0.1314285714285713 0
345 0.7402366411546339 0.1081045797954845 0
346 0.7406117818639242 0.06289855771302372 0
347 0.7405974331861077 0.04000000000000037 0
348 0.7708938235789037 0.245714285714286 0
349 0.7405974331861077 0.1657142857142855 0
350 0.770802566813892 0.2685714285714287 0
351 0.7403238380521538 0.3938118336130025 0
352 0.3190983610747276 0.3651855521374748 0
353 0.3048958667017662 0.3479312665211445 0
354 0.2902340555280607 0.3304564829657367 0
355 0.2755724056695876 0.3129815919275238 0
356 0.2609108560581356 0.2955066485581631 0
357 0.2452765295560879 0.2769774602316235 0
358 0.23064716778932 0.2595428657887178 0
359 0.2160178060225529 0.2421082713458129 0
360 0.2013884442557857 0.2246736769029077 0
361 0.1867590824890178 0.207239082460002 0
362 0.1721297207222504 0.1898044880170967 0
363 0.1575003589554838 0.1723698935741923 0
364 0.1428709971887159 0.1549352991312865 0
365 0.1282416354219481 0.1375007046883809 0
366 0.1142065344892867 0.1208515911379651 0
367 0.09941479707570144 0.1034253340131586 0
368 0.08396387751147483 0.08425337302034464 0
369 0.07012153198151194 0.06759222534530063 0
370 0.05465904633058505 0.05027048864452477 0
371 0.7114104780711588 0.4514263239629082 0
372 0.7318259193517606 0.4315324580467186 0
373 0.04005037566767966 0.03214073789317873 0
374 0.701950489909148 0.4873270839108289 0
375 0.7667208330242332 0.4261638788073037 0
376 0.3897801213506685 0.4490098631996203 0
377 0.3749574852418892 0.4344184938144698 0
378 0.6844988643219759 0.4594476369314081 0
379 0.6609328169502366 0.4590122552591668 0
380 0.638397392974781 0.4595125595907484 0
381 0.6156699471954907 0.4564052682863928 0
382 0.7402366411546339 0.2347525630616582 0
383 0.7708938235789035 0.1428571428571432 0
384 0.7405974331861078 0.3028571428571428 0
385 0.7708025668138921 0.3485714285714284 0
386 0.7708938235789036 0.09714285714285725 0
387 0.7422263521350545 0.2787941074067945 0
388 0.7690644454366885 0.07312662866883457 0
389 0.7708025668138919 0.1200000000000001 0
390 0.770802566813892 0.05142857142857171 0
391 0.7405974331861078 0.3599999999999999 0
392 0.770802566813892 0.1771428571428576 0
393 0.7405974331861078 0.257142857142857 0
394 0.3780911118352597 0.3885294857789972 0
395 0.3631831764591423 0.3705408122286014 0
396 0.5931971421211322 0.4551544341310277 0
397 0.7473250850019321 0.4613755547759476 0
398 0.3485902057304579 0.3529788923651214 0
399 0.3337874168917677 0.3355162594677956 0
400 0.3190584962583612 0.3179629567846473 0
401 0.3043295917201603 0.3004096547013254 0
402 0.5705518016042106 0.4540523108763778 0
403 0.2896006559666488 0.2828563926138423 0
404 0.2748715776471132 0.2653032371650101 0
405 0.2601422233732222 0.2477502284920189 0
406 0.5480610421367484 0.4528606565522682 0
407 0.2454126291041636 0.2301972371214281 0
408 0.2306833703232531 0.212643767205017 0
409 0.2159558845318618 0.1950889331626192 0
410 0.2012320199807094 0.1775321031989089 0
411 0.7710511893030273 0.4062319110129593 0
412 0.186511630514589 0.1599747490666521 0
413 0.1717876542923303 0.1424231638661872 0
414 0.1570647650192114 0.1248759619468447 0
415 0.1422992221690029 0.1073469567006446 0
416 0.1274449265582839 0.08986099518691026 0
417 0.1124478894537113 0.07236549235960138 0
418 0.06871628469364144 0.01954278473538928 0
419 0.09817418920307697 0.05464934826480577 0
420 0.08368990598077486 0.03787176103080425 0
421 0.7691077138332751 0.02972585570478153 0
422 0.7405974331861077 0.2114285714285711 0
423 0.721136727890013 0.4801626013376289 0
424 0.7576409634682908 0.4445386681213868 0
425 0.5186610318027736 0.4725670371538023 0
426 0.4372036065920218 0.439488494566838 0
427 0.04907507266323341 0.009756298438776678 0
428 0.5259156648392167 0.4518324510326274 0
429 0.4313836558119752 0.4627472858607399 0
430 0.7392621511191216 0.01694465175640825 0
431 0.6953589369762349 0.4581762557651109 0
432 0.6907099953386456 0.4688036977696283 0
433 0.6793890156395623 0.4696421810266569 0
434 0.702143403859382 0.4683944081524897 0
435 0.6853176385968014 0.4789528831371271 0
436 0.0253466223423271 0.01577650978964695 0
437 0.7368165740978669 0.421299417752577 0
438 0.7429182242160216 0.4310304886763793 0
439 0.738051382115667 0.4417723019456586 0
440 0.7483662959151266 0.42083962080575 0
441 0.7202748619128885 0.4456620934648762 0
442 0.7209051109766861 0.457124854887318 0
443 0.7431055046255777 0.4112534767949039 0
444 0.7542166942147334 0.4112537850041428 0
445 0.5111835132959448 0.4613416045199873 0
446 0.4361649142580142 0.4547582338850851 0
447 0.4276252403746804 0.4520017597127983 0
448 0.7552826412760106 0.4312306092574599 0
449 0.4269652283357452 0.4337322173669103 0
450 0.4176269194877493 0.4385293274479304 0
451 0.4088779883506487 0.4330404241174554 0
452 0.4086999901852281 0.4436154421908858 0
453 0.4001837136069059 0.4378193979307982 0
454 0.3999914859511401 0.4281008401922726 0
455 0.3909910822893107 0.433118357132074 0
456 0.3905612540712726 0.4235497148075977 0
457 0.4478542957311579 0.4407283558827185 0
458 0.3936092934860899 0.4054787817894936 0
459 0.3858806780918926 0.3975238916390817 0
460 0.3745461560607967 0.3994000787947023 0
461 0.3667776261602901 0.3905007986057083 0
462 0.3825621155213108 0.4076937491425296 0
463 0.3625086855513587 0.4018049527587285 0
464 0.4080476945312684 0.4217254340315246 0
465 0.7317055097860238 0.4509977796137408 0
466 0.7302937269757501 0.4629365333936935 0
467 0.06070236175126975 0.009615200726451834 0
468 0.05466789815778983 0.01957027055672989 0
469 0.06201316171173921 0.02925838213703591 0
470 0.04292388844061534 0.01919038797271549 0
471 0.07339142488972961 0.0301882591618382 0
472 0.07365743481361553 0.04233454886333271 0
473 0.08201906560216765 0.04878676114086072 0
474 0.071929872462004 0.05340008604379071 0
475 0.08086167208952688 0.06047039854423569 0
476 0.08183331667421456 0.07218419479652449 0
477 0.09225210820602181 0.06519000853619766 0
478 0.3718925626947743 0.4107107241533812 0
479 0.3787987194296376 0.4192726637226128 0
480 0.7403114352630171 0.02851651968522911 0
481 0.7500950103291179 0.03462742392056489 0
482 0.750542324861829 0.04553601799085233 0
483 0.760901286500357 0.04013629638926175 0
484 0.4179641075752339 0.4495376648108353 0
485 0.4080561471859814 0.4539713329000297 0
486 0.5027403416297508 0.4507942423911523 0
487 0.7501462861605244 0.02279118711361378 0
488 0.7718647318125501 0.01716914585939133 0
489 0.6729736082975729 0.4598971460464133 0
490 0.666070568871827 0.4690982709184579 0
491 0.6550265188295833 0.4681680421422315 0
492 0.6595466097343957 0.4783272676497063 0
493 0.6722811594706392 0.4787572965187412 0
494 0.6477966627126349 0.4763585131225089 0
495 0.6404210527224081 0.4825915798671103 0
496 0.6372052123308839 0.4727393587730435 0
497 0.649506094135659 0.4583685016104299 0
498 0.5368859894001757 0.4522891872741547 0
499 0.5419493582751451 0.4622408455746445 0
500 0.5530851229613863 0.462837858452608 0
501 0.547001173815772 0.4721794468468033 0
502 0.5361060670880897 0.4715642688957947 0
503 0.5291025087820111 0.4807584773096419 0
504 0.5578154423802961 0.4730263085546877 0
505 0.5642684423572937 0.4634705875578012 0
506 0.5684832231339583 0.4740201459292712 0
507 0.5315916289077421 0.4617915726103945 0
508 0.6268403671402161 0.4570549127135439 0
509 0.6205673535592733 0.4662632071214289 0
510 0.6096125758764972 0.4658370119380777 0
511 0.614375686502152 0.4758502870250421 0
512 0.6036252913200361 0.4751703121409409 0
513 0.5950198837538969 0.4812837798442917 0
514 0.5874482398534596 0.475459700420941 0
515 0.6257738988924805 0.4762988840465106 0
516 0.5988645909367912 0.4648906209476785 0
517 0.5818784052925586 0.4545357868424841 0
518 0.575007482088992 0.4643683260701958 0
519 0.03302006141473224 0.02412826170209392 0
520 0.04741327329283263 0.04133954650522764 0
521 0.3705408579589816 0.379518521007345 0
522 0.3590469044932126 0.3812419812953676 0
523 0.3525090481466311 0.3725063430443786 0
524 0.3477332956270363 0.3828641391025357 0
525 0.551427635200084 0.4828529032305967 0
526 0.1055449205392145 0.06342826585696698 0
527 0.1009713467663915 0.07432551235381457 0
528 0.1083069771538032 0.08310691615914989 0
529 0.09652921293078265 0.08426889412772587 0
530 0.1198273635224157 0.08121132208152226 0
531 0.1159629042071409 0.09186727664881711 0
532 0.1233714997711723 0.1006502366278371 0
533 0.1114919878419228 0.1019992303850598 0
534 0.134783859775382 0.09866277955359282 0
535 0.1309328453632286 0.1093630897421607 0
536 0.1383085894022414 0.1181357969449415 0
537 0.1264091200310582 0.1195073609250593 0
538 0.1496430923047917 0.1161373723250849 0
539 0.1457869415413122 0.1268470869674856 0
540 0.1531794999548693 0.1356056587056388 0
541 0.141112455556246 0.1368532789141929 0
542 0.1644206306770775 0.1336508361191721 0
543 0.1605574393056678 0.1443535607631145 0
544 0.1679114477866991 0.1531239880623483 0
545 0.156590745852517 0.1551779700464777 0
546 0.1791476573385994 0.1511949900987147 0
547 0.1752784927926202 0.1618895902123222 0
548 0.182624664676954 0.1706701192188125 0
549 0.1705148396297825 0.1718412907277065 0
550 0.1938652300892268 0.1687521021927709 0
551 0.1899940975129047 0.1794416325825229 0
552 0.1973416042666378 0.1882272538765113 0
553 0.1851997781258786 0.1893516008750255 0
554 0.2085765029979973 0.1863233073879639 0
555 0.2047147782975037 0.1969998697824575 0
556 0.2120667895397732 0.2057847771699633 0
557 0.1998912022218583 0.2068653772962463 0
558 0.2233017984770138 0.2038804717515862 0
559 0.2194434393435421 0.2145548657582474 0
560 0.2267975315350073 0.223339033740498 0
561 0.2145883017397647 0.2243786561516973 0
562 0.2380307268533707 0.2214344960514465 0
563 0.2341752498766537 0.2321075720814289 0
564 0.241529865815438 0.2408910896622198 0
565 0.229287509289001 0.2418910422296818 0
566 0.2527607641928178 0.2389871915944018 0
567 0.2489074729004939 0.249659096626933 0
568 0.2562618236802638 0.2584423918755204 0
569 0.2439866955367057 0.2594028963446205 0
570 0.2674906268352625 0.2565397547652588 0
571 0.2636390476188539 0.2672104276752601 0
572 0.2709929592272283 0.2759938115506296 0
573 0.2586851730056404 0.2769146815439474 0
574 0.2822294295472833 0.2740800113983021 0
575 0.2783714849851573 0.2847599231322555 0
576 0.2857237411616254 0.2935452602069322 0
577 0.2735508071207495 0.2946086775134534 0
578 0.2969586218980914 0.2916330214646592 0
579 0.2931019654731613 0.3023117762978044 0
580 0.3004539391423749 0.3110973803077542 0
581 0.2882536177056921 0.3121276119850911 0
582 0.3116876728912608 0.3091861856906682 0
583 0.3078321575052821 0.319863950916885 0
584 0.3151839526654477 0.3286497378628067 0
585 0.3029561987608093 0.329646781309246 0
586 0.3264167076408557 0.3267393881124129 0
587 0.3225621920618101 0.3374163135395469 0
588 0.3299138290020949 0.346202254453022 0
589 0.3176586261596681 0.3471661308446933 0
590 0.3411122342962238 0.3443372653212594 0
591 0.3368510273996138 0.3547446354614384 0
592 0.6045222477391167 0.4557464976913085 0
593 0.5592738864781799 0.4534408625255722 0
594 0.7406207818317949 0.05142754598571042 0
595 0.750402762398802 0.05717757633505538 0
596 0.7500769293293833 0.06817396303698087 0
597 0.7609304972113862 0.0626778161868452 0
598 0.7708025668138919 0.1657142857142862 0
599 0.7609963903927958 0.1714285714285721 0
600 0.7592892513595532 0.1587941074067948 0
601 0.7592049171179669 0.1840736254814218 0
602 0.7507183009305027 0.1763456461453532 0
603 0.7708177762747271 0.1314285714285717 0
604 0.7609989253029349 0.125714285714286 0
605 0.7592052792479868 0.1130692316614358 0
606 0.7507184768926115 0.1207972109975047 0
607 0.7593048229504084 0.1383487497360628 0
608 0.7708025668138921 0.2228571428571432 0
609 0.7609963903927959 0.2171428571428575 0
610 0.7592892513595533 0.2045083931210805 0
611 0.759204917117967 0.2297879111957074 0
612 0.7507183009305028 0.2220599318596385 0
613 0.7706245098675319 0.1997990179011327 0
614 0.7706397193283671 0.1540847321868469 0
615 0.7708177762747274 0.2571428571428573 0
616 0.760998925302935 0.2628571428571431 0
617 0.761183167656599 0.2738312205460223 0
618 0.7502055802127131 0.2681237399213214 0
619 0.7593048229504086 0.2502226788353661 0
620 0.7405974331861078 0.3714285714285714 0
621 0.750403609607204 0.3657142857142857 0
622 0.7503895984871648 0.3771428571428571 0
623 0.7503884001463687 0.3542857142857141 0
624 0.7603922995583235 0.3599999999999999 0
625 0.7403350311031514 0.1433116365968348 0
626 0.7402912974226588 0.1539069695026373 0
627 0.7512162835432259 0.148582249850945 0
628 0.7705280893785265 0.0855211047781394 0
629 0.7609051336277839 0.09142857142857197 0
630 0.7605131359302084 0.08079360219290643 0
631 0.7706257239764394 0.1083686814673822 0
632 0.7405796888151333 0.3485714285714285 0
633 0.7407776629125872 0.2912275893297038 0
634 0.7501641126284884 0.2975762089023232 0
635 0.7504201814798861 0.3086082782108387 0
636 0.7611780171061936 0.3033150792529405 0
637 0.7405849857040528 0.3142918558922826 0
638 0.7503890875448066 0.320007165207663 0
639 0.7405777288011971 0.3257165035166576 0
640 0.7504739525034957 0.3314301352635772 0
641 0.7603922995583237 0.3257142857142858 0
642 0.7603922995583234 0.3371428571428572 0
643 0.740534289349607 0.3827781627450242 0
644 0.7402748990979059 0.2453376001039174 0
645 0.7511817233123843 0.2400249833448801 0
646 0.7504234833495721 0.3884811674990766 0
647 0.7603994896030998 0.3828571428571428 0
648 0.758724703159027 0.3938931427806811 0
649 0.7503794221962804 0.3428574034963104 0
650 0.7705633636202723 0.2801269981474312 0
651 0.7603567285968901 0.283970043351112 0
652 0.7402748990979058 0.1996233143896317 0
653 0.7511794987994049 0.1943106976305944 0
654 0.7706256636214361 0.234488461389761 0
655 0.7405974331861077 0.0971428571428572 0
656 0.7512865069216488 0.1023995485657259 0
657 0.7705807780028742 0.1887406786589974 0
658 0.3257380192733081 0.3728677296676016 0
659 0.3369548901887442 0.3708831790459359 0
660 0.7495288765414383 0.4007722979222181 0
661 0.5730328130753073 0.4846933423928839 0
662 0.6596856992027471 0.4896148437101265 0
663 0.6162907909934318 0.4873406129386853 0
664 0.7613087028895523 0.02285842302796276 0
665 0.7404274351232321 0.07421565804916935 0
666 0.3702756656504506 0.4246165945674342 0
667 0.3560681660474283 0.361733806005943 0
668 0.06215191515594876 0.05892422849382423 0
669 0.7209216219533418 0.4685669047783786 0
670 0.03819907843015102 0.008651252056034064 0
671 0.3992013876809464 0.4467266875913467 0
672 0.149189713679984 0.1459595219499139 0
673 0.1637694764885441 0.1634095904889097 0
674 0.1501643856677073 0.164019927351049 0
675 0.5870576218230301 0.4656343926692192 0
676 0.1652856948234694 0.1815800080933954 0
677 0.1333964126013752 0.1279948891333036 0
678 0.1780053345629228 0.1806461925653328 0
679 0.1362381054608873 0.1467257012391026 0
680 0.1799270352494146 0.1990410734683208 0
681 0.0575792802027012 0.03911403765520133 0
682 0.7724423134295049 0.04025814470452299 0
683 0.1926989374105068 0.1981612958794044 0
684 0.7642470056838737 0.01016792217468826 0
685 0.2068472423724858 0.2154204882711823 0
686 0.1940516713024712 0.2163376927921663 0
687 0.3421526293861613 0.3915140184865035 0
688 0.2215312793954103 0.2329226595905124 0
689 0.2086799764361295 0.2337882964258732 0
690 0.3436014673965838 0.3647136016333486 0
691 0.6803303227944745 0.4892531041389575 0
692 0.2362165573743913 0.2504235606263973 0
693 0.3555143373614599 0.391632036678342 0
694 0.2233106168258947 0.2512369798493502 0
695 0.7471450201311921 0.01012562731525546 0
696 0.1186953023495408 0.1106952602063396 0
697 0.7499299886145955 0.07993838634910716 0
698 0.7587158875572533 0.05139125566611724 0
699 0.2509018138722375 0.2679239762641853 0
700 0.2379422879972121 0.2686847343708832 0
701 0.2657824416561394 0.2856367864833188 0
702 0.1212209727025753 0.1292846446444247 0
703 0.7724395018923933 0.06258946039970747 0
704 0.2528328935384933 0.2862812479488783 0
705 0.7591438603388577 0.3485714551672618 0
706 0.7625832934705525 0.1024817780531946 0
707 0.7724939795086889 0.3031920266611581 0
708 0.7617500889169202 0.1485575684534001 0
709 0.7711868346751827 0.3366470319906387 0
710 0.7401163004499035 0.2232122473339401 0
711 0.7508136761953308 0.2871784417726693 0
712 0.7616581916841092 0.2400124073552689 0
713 0.7520054431053285 0.2574096055494212 0
714 0.7518372723631555 0.1313281408484264 0
715 0.738885873106775 0.268240712322766 0
716 0.7591471843997246 0.3714285714285713 0
717 0.7727563402094797 0.325615120683842 0
718 0.7401163004499034 0.1774979616196543 0
719 0.7501249494510578 0.09094453481762049 0
720 0.7592282648521143 0.3143369338002928 0
721 0.7518354068056958 0.211529002008717 0
722 0.7617162007526981 0.1942859942685609 0
723 0.7720283621148086 0.3599999999999999 0
724 0.7518354068056957 0.1658147162944315 0
725 0.7401163080839668 0.1196448955232029 0
726 0.2805013791308569 0.3031753928910494 0
727 0.7718777291962187 0.3828571428571428 0
728 0.2683129651165954 0.3042000689355542 0
729 0.295193133283168 0.3206849168542141 0
730 0.282975713073381 0.3216746492235852 0
731 0.3098849359025896 0.3381944434738088 0
732 0.7698158469924271 0.3941073930360146 0
733 0.2976384744467563 0.339149242460782 0
734 0.3240513706217153 0.3556621831390541 0
735 0.3121371229797874 0.3565801336704889 0
736 0.353591578045461 0.4091822498636936 0
737 0.05074480682511529 0.02980293410261392 0
738 0.7305313695250251 0.4740747497630885 0
739 0.7120927026658547 0.4740982267874619 0
740 0.106884167601302 0.1120564067869573 0
741 0.3834835644018414 0.4398719420895721 0
742 0.4223234753957367 0.468345434824532 0
743 0.1037901924568702 0.0931854971031848 0
744 0.09152201763233203 0.0943568063401839 0
745 0.7119707092452446 0.4628135975053338 0
746 0.6960639761611999 0.4785233268063682 0
747 0.5149217608648071 0.4511841299037027 0
748 0.7477793010999821 0.4397976285288978 0
749 0.7449611299138073 0.4500346429902565 0
750 0.01741476798811603 0.007893597332030267 0
751 0.6915453032259344 0.4887078841761111 0
752 0.7695325861011287 0.4165154003796902 0
753 0.7118938797385977 0.4849467479469159 0
754 0.7647355810143853 0.4360868222752541 0
755 0.3825924177037364 0.428319604183065 0
756 0.629756844979527 0.466373784449055 0
757 0.09161410712791662 0.04585641211855507 0
758 0.7393898167952987 0.4680332790289699 0
759 0.09110997241777707 0.07604439656692141 0
760 0.4218411075584185 0.459104931080302 0
761 0.4259485827750499 0.4431491535629231 0
762 0.7543508857240947 0.454962722241576 0
763 0.7592039650931034 0.419813783141091 0
764 0.5214552837082034 0.4626080353883487 0
765 0.06438932197504221 0.04673952154885624 0
766 0.5198148056665206 0.4833689662317313 0
767 0.7609759664220817 0.4036313994542073 0
768 0.5778487597346545 0.4760008987631906 0
769 0.6456071018441772 0.4668522114030677 0
770 0.3905405743644308 0.4140618388709649 0
771 0.08898422844574205 0.05499058572093102 0
772 0.527383304057764 0.4698578782715964 0
773 0.3310491893257822 0.3640094801808089 0
774 0.4544263378204866 0.4453227362807248 0
775 0.7385167732763782 0.4582716969257271 0
776 0.02756207446320091 0.007285100823176016 0
777 0.7281879820368481 0.4404016827540491 0
778 0.40372959180697 0.461071302609268 0
779 0.07477222738050682 0.07838156248506717 0
780 0.7585770110790786 0.03115002976575793 0
781 0.4341212226421743 0.4474407769818011 0
782 0.5952801446865333 0.4732426469170917 0
783 0.7488489942193787 0.1576086862998655 0
784 0.7488462254215562 0.203323816518424 0
785 0.7488302244488034 0.2491848218201814 0
786 0.7527734333577322 0.2778375646219168 0
787 0.7488521788731063 0.1395392412051139 0
788 0.3970470193388623 0.455379722351183 0
789 0.748671746496011 0.1119651142242995 0
790 0.748578635293665 0.2306556876210071 0
791 0.7586093742826197 0.2937585640048417 0
792 0.7485784083025445 0.1849414019067215 0
793 0.7389558591562184 0.4028709960901318 0
794 0.7584201286264968 0.07210346224587999 0
795 0.7377076166660902 0.007638257023511841 0
796 0.7736508122573387 0.00767760801777051 0
797 0.637494708106861 0.4905657597018613 0
798 0.4921479832548308 0.446626538391626 0
799 0.06630289521527011 0.03680671710003985 0
800 0.7557121906707798 0.01455252534415974 0
801 0.7043509379450443 0.4572708664634464 0
802 0.4291744952727894 0.4725739027766762 0
803 0.6655119736657145 0.4842207023203903 0
804 0.3983369617971988 0.4205054125393201 0
805 0.3436421394394236 0.3748416572141849 0
806 0.7629960802268149 0.4114892557984181 0
807 0.03373612061120856 0.01583649358043293 0
808 0.3927098540962951 0.4410389374947918 0
809 0.4440720780734935 0.4496831738048126 0
810 0.6326414150607043 0.4817894760293273 0
811 0.4153370813139649 0.4563464840398893 0
812 0.7048288904668365 0.4786579587208129 0
813 0.594485982106189 0.4894447682482971 0
814 0.4685378730530093 0.4801710300995891 0
815 0.4914419141007906 0.4655096064649961 0
816 0.4683479051706247 0.46067697667247 0
817 0.4531665989429062 0.4674730647420012 0
818 0.4882230028982859 0.48137780371581 0
819 0.4991537737686507 0.4797147554121198 0
820 0.4491999814140385 0.4777335093490077 0
821 0.4783702168396367 0.4809411460993527 0
822 0.4738254021372026 0.4713667392122864 0
823 0.4637020628964053 0.4698202942373749 0
824 0.47936833004678 0.4615787473663251 0
825 0.4590676487438147 0.4796630000605444 0
826 0.4838076069259502 0.4724774538498277 0
827 0.4983547792626813 0.4702051790431521 0
828 0.4593830422835189 0.460043404269369 0
829 0.4450753603578128 0.4706965693766818 0
830 0.4919124081137533 0.4739714350651884 0
831 0.4866793895677591 0.4580872623800032 0
832 0.4418182823043186 0.4772456970972469 0
833 0.7214798307672777 0.2115874250446448 0
834 0.3637595103621023 0.3403375033508017 0
835 0.5185136098702136 0.009954945544958349 0
836 0.5265871785725449 0.4322138662150241 0
837 0.4493965302345105 0.0116613543074256 0
838 0.3195994235096237 0.2876862173802657 0
839 0.7218011281429466 0.2699511331394149 0
840 0.5774124305551065 0.009932774942334854 0
841 0.392465966562064 0.00981043722881686 0
842 0.2827576577566616 0.2438323954025456 0
843 0.7208788882369284 0.1542897600643758 0
844 0.5839689011687996 0.4341765761157225 0
845 0.4011455628452718 0.3839004031152622 0
846 0.3348835566037248 0.009935686712801539 0
847 0.2459064777273507 0.1999369793462087 0
848 0.7214314612461238 0.3255541496778901 0
849 0.6217072148695315 0.009935844289705731 0
850 0.2893029673964671 0.01033608550536402 0
851 0.7222518947676524 0.1065327171105573 0
852 0.2164784429141288 0.164766673794054 0
853 0.4813823225232688 0.4299727347123755 0
854 0.6279816379920702 0.4384113500523417 0
855 0.2431006981005364 0.009935844289705731 0
856 0.1869842092264352 0.1296939846059874 0
857 0.7209402463148059 0.3716616319363868 0
858 0.4359203084992684 0.4186913318082318 0
859 0.6679011264791396 0.009452450731408102 0
860 0.2089970006402017 0.009190875739876481 0
861 0.4853131884022024 0.008624168453443493 0
862 0.3416762999463753 0.3139924937853301 0
863 0.7208025668138921 0.0742857142857144 0
864 0.1648906346960147 0.1033903683226413 0
865 0.661497415379157 0.4390893503971935 0
866 0.1752382624379848 0.0100511918248089 0
867 0.720139942245994 0.4045932555568334 0
868 0.1428098322952418 0.077045799762686 0
869 0.7194953010004718 0.03938621817497001 0
870 0.1398443753453561 0.009935844289705731 0
871 0.6931137280290897 0.439262073084315 0
872 0.3858616204829051 0.3666338719621195 0
873 0.7213286466133405 0.3028746240450839 0
874 0.7195090102539782 0.3486822878754769 0
875 0.7215980358919917 0.2454499865610792 0
876 0.6905468471726951 0.009832935922596486 0
877 0.6446252554982878 0.00989369094679271 0
878 0.5992103675524136 0.01089060567176914 0
879 0.5523430928056301 0.009366979863108527 0
880 0.2660463351780887 0.009443057642788688 0
881 0.3578299456062926 0.009935844289705731 0
882 0.3119377632302221 0.009935524775286031 0
883 0.4149294103559122 0.009447386579679085 0
884 0.3048266675677227 0.2701157368526148 0
885 0.2680349577150052 0.2262633007964399 0
886 0.2017494906594105 0.1472133920293451 0
887 0.231207395168847 0.1823199555587628 0
888 0.7206411964872015 0.1900764185790578 0
889 0.1281047293858198 0.05944698320580133 0
890 0.7213877754229104 0.1317882513962896 0
891 0.5043154240769713 0.4311255736364619 0
892 0.5491067438142244 0.4333940666197599 0
893 0.6054056569184234 0.4363445676315996 0
894 0.4158279006566862 0.4009750207299969 0
895 0.1139276808406341 0.04168534119122663 0
896 0.4622826335198171 0.4287076669716521 0
897 0.116864360075654 0.009915846700189745 0
898 0.7130441475830309 0.009675206229135758 0
899 0.7134782642305083 0.4216007056861805 0
900 0.09864682487638277 0.02434041967638301 0
901 0.09398564824555689 0.00958201244059409 0
902 0.3932209952845459 0.3754042807298817 0
903 0.3975464004173372 0.3645786782331313 0
904 0.3898510736966264 0.3558672079156249 0
905 0.4012853913318957 0.3538643459070109 0
906 0.3937522286800379 0.3451194279229928 0
907 0.4050203689906386 0.3431381467388511 0
908 0.3976217150612902 0.3343745931499982 0
909 0.4089016939989518 0.332391222593343 0
910 0.4015495441157698 0.3236234537392103 0
911 0.4128001786041611 0.3216147291509043 0
912 0.4054622600928362 0.3128680047461844 0
913 0.4168287690884578 0.3109177705857256 0
914 0.4094098614254746 0.3021232761598793 0
915 0.4207893412001026 0.3002000152511468 0
916 0.4133358289393603 0.2913743301945645 0
917 0.4246978014006866 0.2894051712910409 0
918 0.4172517349996447 0.2806218615271951 0
919 0.4287298584774092 0.2786733252447731 0
920 0.4211457055045508 0.269849429263088 0
921 0.4325732200965392 0.2679052709101937 0
922 0.4250670248179312 0.2590932125604271 0
923 0.4363681023325509 0.2571176825392855 0
924 0.4438845806452272 0.2658825811275716 0
925 0.4476515092711657 0.25513235201136 0
926 0.4549889643591911 0.2638918246228319 0
927 0.4588854841845652 0.2531537217078837 0
928 0.4662366059745579 0.2619181025868499 0
929 0.4701525935213872 0.2511698242013513 0
930 0.4774928309691395 0.2599388401883968 0
931 0.4814116692089007 0.24919618428101 0
932 0.4289926866863575 0.2483368050656308 0
933 0.4887562841496226 0.2579609432413188 0
934 0.492671146155579 0.2472174029787766 0
935 0.485326800571895 0.2384542251469153 0
936 0.4965881837530299 0.2364743557901225 0
937 0.5000137379432645 0.2559806276778231 0
938 0.4892448195685974 0.2277105152245685 0
939 0.5005078613821041 0.2257304899918753 0
940 0.4931602860825609 0.2169645389093155 0
941 0.5044264370208089 0.2149849492804757 0
942 0.4970776916714559 0.2062178710517735 0
943 0.5083440060921174 0.2042380193236741 0
944 0.5156925050407357 0.2130054126362309 0
945 0.5196104781073743 0.2022586327921657 0
946 0.5269574159040886 0.2110257158307765 0
947 0.5308764755023025 0.2002795139632614 0
948 0.5382230381768184 0.2090462877085534 0
949 0.5421422045680784 0.1983005585212393 0
950 0.5009955816837695 0.1954702499810813 0
951 0.5494887128134247 0.2070669760105916 0
952 0.5534078675502534 0.1963214654780861 0
953 0.5460612607326758 0.1875547444794398 0
954 0.5573273728867013 0.1855755163265145 0
955 0.5499799855928 0.1768077191266425 0
956 0.5612478728710527 0.1748281869321702 0
957 0.4961022729559126 0.2667212599650194 0
958 0.5073547255142907 0.2647412494814877 0
959 0.5607217431328601 0.2051309545062917 0
960 0.5034430868293592 0.2754739764081111 0
961 0.5146892153918263 0.2734954489634692 0
962 0.5538991679541512 0.1660593655965273 0
963 0.5651685332475624 0.1640795834591826 0
964 0.5107794561290712 0.2842223266789323 0
965 0.5220207547070186 0.2822458977553667 0
966 0.5578188300490166 0.1553096771369448 0
967 0.5690888373301357 0.1533299240251259 0
968 0.576438119806254 0.1621001991960019 0
969 0.5803587541903392 0.1513510599945284 0
970 0.5181118076797073 0.2929668766801281 0
971 0.5293476970633877 0.2909920355128136 0
972 0.5877079492363358 0.1601211642222639 0
973 0.5916281943522045 0.1493725105773084 0
974 0.5617390504167044 0.1445583790797179 0
975 0.4897272309678155 0.1974504393179949 0
976 0.4936462617411012 0.1867002003528513 0
977 0.4823744021220662 0.1886810670873343 0
978 0.4862947905847558 0.1779275219066052 0
979 0.4750205228064994 0.1799093824356636 0
980 0.4789417916434415 0.1691539197472157 0
981 0.4676658064014384 0.1711360694123452 0
982 0.4715873747594322 0.160379010401368 0
983 0.460309950912673 0.1623612765745675 0
984 0.4642320306098057 0.1516028692893072 0
985 0.4529534302204952 0.1535855590406976 0
986 0.4568759670867182 0.142825822121228 0
987 0.4455958069802551 0.1448083774339868 0
988 0.5254413555670313 0.3017067601516316 0
989 0.5366711244219514 0.2997331644570854 0
990 0.4203340984191593 0.3302859530008142 0
991 0.4176957908379249 0.2503316085740961 0
992 0.5989761953920034 0.1581423395086918 0
993 0.6028976463226867 0.147393874309117 0
994 0.4495188260519768 0.1340475729406651 0
995 0.4382377795774951 0.1360314418652697 0
996 0.4608000460013861 0.1320646938262748 0
997 0.4343147361402281 0.1467920556131265 0
998 0.4269560142040415 0.138014726014299 0
999 0.4230327021711935 0.1487763539385702 0
1000 0.4156736926185308 0.1399990937601506 0
1001 0.4117499656370952 0.1507613353932883 0
1002 0.4043905137298007 0.1419829914736354 0
1003 0.4004665357161141 0.1527457371902066 0
1004 0.3931064621536821 0.1439645476144539 0
1005 0.3891826007085161 0.1547289335254271 0
1006 0.3818221086594318 0.1459484859099122 0
1007 0.377898271243275 0.1567130161863607 0
1008 0.370537512705722 0.1479324754665341 0
1009 0.3744618827811166 0.1371673888199927 0
1010 0.3631762556473539 0.1391516638572682 0
1011 0.5327761115040403 0.3104353717018257 0
1012 0.5439940490725321 0.3084676493083796 0
1013 0.4195924238229368 0.1292400416363267 0
1014 0.366613808069695 0.1586972883373602 0
1015 0.547899222949796 0.2977608407410183 0
1016 0.5552195023459823 0.3064979992140487 0
1017 0.5591270406266333 0.2957904868248175 0
1018 0.566449365309569 0.3045290997274913 0
1019 0.5703576520967782 0.2938197551004911 0
1020 0.5776803169864655 0.3025592214118437 0
1021 0.581589493783943 0.291846735114805 0
1022 0.5889105486165888 0.300589867420113 0
1023 0.5928196343931673 0.2898751602927203 0
1024 0.5850046721888466 0.3112986280965756 0
1025 0.5962298276231919 0.3093310110387704 0
1026 0.367101103242884 0.1283855595747584 0
1027 0.3558143900351877 0.1303701588135695 0
1028 0.5923266125134006 0.3200350214951058 0
1029 0.6035479090852323 0.3180666746829581 0
1030 0.5215697117901298 0.312406698404079 0
1031 0.5401388100566866 0.3191882016527072 0
1032 0.5955490682313578 0.1386243372867397 0
1033 0.6068194370002449 0.136645092486525 0
1034 0.5994698654317444 0.1278744355089984 0
1035 0.6107409057389094 0.125895224181423 0
1036 0.6102446894406356 0.1561635270793031 0
1037 0.4534420872693889 0.1232855376427665 0
1038 0.4647252590626422 0.1213025790436453 0
1039 0.3597392447205166 0.1196032484191983 0
1040 0.3484523021612103 0.1215881498098239 0
1041 0.3445275773069334 0.1323550864736663 0
1042 0.3371652221432578 0.1235730089016934 0
1043 0.5996454431031012 0.32877059459143 0
1044 0.6108658395552395 0.3268041346095775 0
1045 0.6147706913946156 0.3160988651315983 0
1046 0.3332405883012208 0.1343401496848243 0
1047 0.3258778453778374 0.1255579089712349 0
1048 0.6033908465377864 0.1171233008538107 0
1049 0.6146628426779303 0.1151445052531511 0
1050 0.3298033369706007 0.1147904075847139 0
1051 0.3185152081364476 0.1167751807882471 0
1052 0.4573659063435361 0.1125223700435117 0
1053 0.4686504535589698 0.1105391935344763 0
1054 0.6220797504556368 0.324832182883307 0
1055 0.6259884722248491 0.3141280620042747 0
1056 0.6181812806024992 0.3355374930191761 0
1057 0.6220118556135933 0.1239165626863904 0
1058 0.6259343337653512 0.1131664787310931 0
1059 0.3145905104899598 0.1275430769078574 0
1060 0.30722700763091 0.1187606782812891 0
1061 0.3111520191371665 0.1079920706142654 0
1062 0.2998632818125986 0.109977762182174 0
1063 0.3739743656375915 0.1674775989334912 0
1064 0.3626901218000525 0.1694618781403783 0
1065 0.6073124960382901 0.1063708371311506 0
1066 0.6063247800473781 0.1669102349999069 0
1067 0.6175903495246862 0.1649317918991428 0
1068 0.6136713537834031 0.1756763370046011 0
1069 0.6249347677210886 0.1736984767431979 0
1070 0.6210170883455455 0.1844406577762734 0
1071 0.6294579251735685 0.333494374711595 0
1072 0.6255033083521686 0.3442517138225394 0
1073 0.4059360678378661 0.2826353215196395 0
1074 0.4612901112719951 0.1017578669703917 0
1075 0.4725752725073724 0.09977457581085092 0
1076 0.3700503940512804 0.1782421117232637 0
1077 0.3587665185547501 0.1802262092128715 0
1078 0.6322781594146788 0.1824633345265378 0
1079 0.628361283805839 0.1932034748487996 0
1080 0.3037884430579403 0.0992084541502628 0
1081 0.2924997514126939 0.1011941068213897 0
1082 0.6332825199514749 0.1219379591107267 0
1083 0.6372048236642199 0.1111889599749802 0
1084 0.4996501212990905 0.2862984155281192 0
1085 0.366122126548006 0.1890045640158659 0
1086 0.5960382667672951 0.1083503274795981 0
1087 0.4828646926074137 0.1583973810393802 0
1088 0.4799354581241481 0.1085562683709852 0
1089 0.4838605881192498 0.09779191804134557 0
1090 0.4216314087151188 0.2395622591284382 0
1091 0.2885749911131721 0.1119634299710002 0
1092 0.2812108365543992 0.1031799383085513 0
1093 0.3548422872258279 0.1909899682902146 0
1094 0.3621975562124889 0.1997680299032955 0
1095 0.5999608283938854 0.09759491864571102 0
1096 0.5886827281035657 0.09957565163449272 0
1097 0.636783234607354 0.3422120036715792 0
1098 0.6327841913910902 0.3529787552969181 0
1099 0.6215178037473951 0.3549480834046204 0
1100 0.6396211259412807 0.1912261684696313 0
1101 0.6357036136539919 0.201964954644505 0
1102 0.643538752222533 0.1804865391767249 0
1103 0.2851355475201584 0.09241049185129441 0
1104 0.2738464181121929 0.09439678927767092 0
1105 0.4652151033261027 0.09099188866726277 0
1106 0.453928302480974 0.09297588173956406 0
1107 0.5854951417983286 0.2811317563656232 0
1108 0.5967321773791359 0.279156749249048 0
1109 0.4912180688937077 0.1065727622339314 0
1110 0.4951451741379111 0.09580907592844978 0
1111 0.3509186624564061 0.2017535974673244 0
1112 0.3435586986508147 0.192975655383605 0
1113 0.3582782834781785 0.2105329805209623 0
1114 0.4191088801310955 0.1595416661382792 0
1115 0.5926070880854034 0.08881764284098825 0
1116 0.5813266937947428 0.09079870659690736 0
1117 0.6038841746618638 0.08683976357912188 0
1118 0.2699219101342739 0.1051661444112599 0
1119 0.262557245336366 0.09638268885689649 0
1120 0.6440070693283337 0.3510246831165733 0
1121 0.6481701158692533 0.3402387438172535 0
1122 0.640035262281069 0.3617098155333253 0
1123 0.6445528135742544 0.1199597084633482 0
1124 0.6484743489585589 0.1092115769238751 0
1125 0.4324262049295022 0.2982736935414653 0
1126 0.5455621748718982 0.2178095578225147 0
1127 0.6244459854968362 0.2039423352629641 0
1128 0.6317868391625405 0.212702208924916 0
1129 0.6430427946552553 0.2107250311050986 0
1130 0.6391267140631631 0.221459807662443 0
1131 0.6204643047179919 0.2146918635003409 0
1132 0.2664808263474192 0.08561380256295492 0
1133 0.2551916649240443 0.08759980979805965 0
1134 0.6503799592579746 0.2194834063803813 0
1135 0.6464653632082918 0.230216067602882 0
1136 0.5504670426350267 0.1465392299811908 0
1137 0.5894069213025116 0.2704110678447053 0
1138 0.4637453396975707 0.1818931634442985 0
1139 0.3469959731122896 0.2125172479523296 0
1140 0.3543556750086788 0.2212965929574617 0
1141 0.4578537866076557 0.08220829052720108 0
1142 0.4465652756794606 0.08419286010880567 0
1143 0.6513960254277595 0.3597593328678357 0
1144 0.6473758189151175 0.3704248563942532 0
1145 0.5852520528999819 0.0800384102700587 0
1146 0.5739706016562384 0.08201955548418616 0
1147 0.588428236091682 0.3307358472806736 0
1148 0.3774202269710518 0.1870125830096688 0
1149 0.3710266257303405 0.1176188419232105 0
1150 0.3636641744376458 0.1088356625127319 0
1151 0.3749524351897183 0.1068512307111463 0
1152 0.3675893983198312 0.09806719382354989 0
1153 0.3788786169429568 0.09608249828592064 0
1154 0.3715149524386396 0.08729774781290656 0
1155 0.3828051859060096 0.08531287916321151 0
1156 0.2586332902366878 0.1071522929082999 0
1157 0.3754408573144854 0.07652733607214923 0
1158 0.3867321540672213 0.07454226552963961 0
1159 0.3641508537059952 0.07851302246545344 0
1160 0.2591155965624868 0.07682942046890123 0
1161 0.2478257017252301 0.07881572511497065 0
1162 0.5025023628204586 0.1045897025640319 0
1163 0.5064302769414801 0.09382668146013912 0
1164 0.4990706354337695 0.08504419350619552 0
1165 0.510356643441737 0.08306138939997931 0
1166 0.5029963178537062 0.07427808181196471 0
1167 0.5142840745423164 0.07229495094811195 0
1168 0.6558217461786914 0.1179807651461485 0
1169 0.6597424285862941 0.1072342771295894 0
1170 0.6523956510268989 0.09846370327737597 0
1171 0.6577238826549325 0.2282382101751456 0
1172 0.6538041178328117 0.23897081227988 0
1173 0.6616603496909296 0.2174988237645456 0
1174 0.6586183904183323 0.3684863246882755 0
1175 0.4504906829971275 0.07342405662382517 0
1176 0.6636646749161785 0.09648643723858508 0
1177 0.6563174458865304 0.0877147399987328 0
1178 0.5259340577171151 0.2715226333022229 0
1179 0.5137884787627188 0.1026077916307436 0
1180 0.5543879128925164 0.1357858835030269 0
1181 0.5098644045414413 0.1133711122068574 0
1182 0.577895639656183 0.07125729266322234 0
1183 0.6547033623172747 0.3791493056397112 0
1184 0.6434193872734 0.3810904441657006 0
1185 0.3430728105855281 0.2232806329157452 0
1186 0.3504325863834919 0.2320599142978289 0
1187 0.3793671182184191 0.0657558719451502 0
1188 0.3906595632991917 0.06377061718985333 0
1189 0.6006822419372981 0.2684244291579894 0
1190 0.5933228983681987 0.2596861859749923 0
1191 0.582072668300616 0.2616638198148061 0
1192 0.6659053089805596 0.3771861986999613 0
1193 0.4103549957168042 0.2415425025320443 0
1194 0.4142769294123013 0.2307838469552029 0
1195 0.4255556151354029 0.2288015094897055 0
1196 0.4181996718391777 0.2200244469916596 0
1197 0.6675892466037466 0.08573616258951483 0
1198 0.6602396847274351 0.0769636881985396 0
1199 0.4624320498111605 0.2726826416719711 0
1200 0.2517497319252425 0.06804479530508678 0
1201 0.2404598878800266 0.07003068165505966 0
1202 0.2365350953026406 0.08080239632370378 0
1203 0.2291692760743694 0.07201755611267258 0
1204 0.2630355591300405 0.06605896381249132 0
1205 0.2252448048949309 0.0827889430090531 0
1206 0.2178785980302034 0.07400443963600056 0
1207 0.671513407925125 0.0749846678112232 0
1208 0.5069224613400566 0.06351050532393515 0
1209 0.5182118307363149 0.06152711541308142 0
1210 0.6641625826010907 0.06621064279515504 0
1211 0.6528864573985114 0.06818985717430442 0
1212 0.6650619021899719 0.2369982765671165 0
1213 0.6611396359771152 0.2477257992423539 0
1214 0.6699599720956588 0.3665117120313154 0
1215 0.6670888647096668 0.1160035665880699 0
1216 0.6631679756835145 0.1267497574724403 0
1217 0.6498937853981153 0.2497028032126714 0
1218 0.6572281127750939 0.2584534253711206 0
1219 0.2218031918783084 0.06323295588310907 0
1220 0.2105121244943579 0.06521990989188342 0
1221 0.394169064035035 0.3149059233345012 0
1222 0.3940887561838105 0.08333868019492324 0
1223 0.5859863831288883 0.2509371144315526 0
1224 0.213954682850788 0.08477572531982347 0
1225 0.2213201335848419 0.09355910311276205 0
1226 0.6684701044953378 0.256479705752253 0
1227 0.6645584031759533 0.267204031171765 0
1228 0.6533172734101796 0.269178466093151 0
1229 0.6606476916983638 0.2779267125411294 0
1230 0.6718880048201881 0.2759528284686241 0
1231 0.6679766837719047 0.2866728422067197 0
1232 0.6620079461947647 0.3878579729835565 0
1233 0.6754371108825769 0.0642330908508314 0
1234 0.6731988338061392 0.3858950082150041 0
1235 0.604559313974572 0.2577147520682315 0
1236 0.3617148999667024 0.2300763744417235 0
1237 0.357791832113606 0.2408390703580184 0
1238 0.4123239207257069 0.3519165116646757 0
1239 0.5230399317423415 0.2217710152704513 0
1240 0.6023250491686967 0.1776964074175679 0
1241 0.6406311961456682 0.1307079986629452 0
1242 0.574738629301544 0.2529131718998697 0
1243 0.2659975121738583 0.1159350941483342 0
1244 0.2547070998497371 0.1179202824196687 0
1245 0.2620727301018839 0.1267034641849096 0
1246 0.351405960887869 0.1714461441180996 0
1247 0.3033028284818434 0.1295288538244309 0
1248 0.3106659995726929 0.1383107371734407 0
1249 0.2993793013169461 0.1402961683856787 0
1250 0.3067419620131329 0.1490778537634664 0
1251 0.2954555454806455 0.1510630502580232 0
1252 0.3028178596821809 0.1598445246910116 0
1253 0.2915318644831114 0.1618296819998505 0
1254 0.2988938662167477 0.1706109532344195 0
1255 0.5216295985899022 0.08109087521099334 0
1256 0.3695698365047681 0.2085256457906896 0
1257 0.6080444248329369 0.2771525312180841 0
1258 0.4975681126708358 0.1759474764724108 0
1259 0.3150775764507899 0.09722299652948818 0
1260 0.3077134238526935 0.08843854255624245 0
1261 0.3357129741134676 0.2145011716236377 0
1262 0.3317895722233466 0.2252648565361192 0
1263 0.3244294128842796 0.2164850381291078 0
1264 0.5891792422745229 0.06927646804508725 0
1265 0.5818218179834411 0.06049367385359822 0
1266 0.5931076390855585 0.05851297706379832 0
1267 0.5705362336775723 0.06247523425369977 0
1268 0.4819026054153716 0.2189374126403217 0
1269 0.4617805706052357 0.07143960679081535 0
1270 0.4544168265100829 0.062654142316664 0
1271 0.4431260189908013 0.06463910195526873 0
1272 0.3190036825759003 0.08645306551195453 0
1273 0.3116387344460899 0.07766774580419533 0
1274 0.4657066102375346 0.06067075415706197 0
1275 0.3229298690134756 0.0756819478385245 0
1276 0.3155643147969421 0.0668958549975463 0
1277 0.3268565300435601 0.06490985191769449 0
1278 0.5426301206800621 0.1680394409372191 0
1279 0.5700454222250612 0.09278081257136656 0
1280 0.4294787336957506 0.2180420878135211 0
1281 0.4221223149482012 0.2092650804867563 0
1282 0.287608289072151 0.1725959753666726 0
1283 0.2949700512271513 0.1813768470130038 0
1284 0.2802447998314131 0.1638142475178848 0
1285 0.3465095167017734 0.2428228376491419 0
1286 0.3538690264787973 0.2516015682525723 0
1287 0.3651509705941558 0.2496178155410609 0
1288 0.3612282931834583 0.2603800354409139 0
1289 0.2507829677655429 0.1286885142638383 0
1290 0.24438363119465 0.05925977964662721 0
1291 0.6568107577443287 0.05743270188215754 0
1292 0.64553020077264 0.05941288750273788 0
1293 0.6749359621034529 0.09450821559978695 0
1294 0.3832937795701363 0.0549833341307065 0
1295 0.3945870840872846 0.05299808970483211 0
1296 0.3720007316971329 0.05696890339507843 0
1297 0.6744334627971504 0.1247723422560255 0
1298 0.6705140336591234 0.1355161272693633 0
1299 0.3194902761409382 0.05612302111365974 0
1300 0.308197354003842 0.05810930238534723 0
1301 0.330783508012185 0.05413693459421159 0
1302 0.6792162441048971 0.2847002039670008 0
1303 0.6753050615470759 0.2954194215189786 0
1304 0.6692954269447033 0.3965736043688957 0
1305 0.6580613455954538 0.398516937065216 0
1306 0.5108490982504943 0.0527413845944803 0
1307 0.5221396643364179 0.05075808193908515 0
1308 0.2144368314374984 0.05444758734788879 0
1309 0.2031453434561352 0.0564350391582924 0
1310 0.1992202817627331 0.06720705421680651 0
1311 0.1918533233240566 0.05842252770254619 0
1312 0.4470525610602513 0.05386758112142914 0
1313 0.1957783120909984 0.04764990019475218 0
1314 0.1844867000652748 0.04963803105064768 0
1315 0.6640677182987522 0.2973915041632035 0
1316 0.6713946982126716 0.3061358564110508 0
1317 0.6494072785289011 0.2798999148263479 0
1318 0.5744627649318328 0.05170912317665599 0
1319 0.4872853322854079 0.1173467714554532 0
1320 0.3101809958869302 0.1686252640509715 0
1321 0.386235349113106 0.1048744832808378 0
1322 0.4426405571609204 0.09496073005632444 0
1323 0.6450445893801864 0.08969679403569986 0
1324 0.5431132551851683 0.1377670899465453 0
1325 0.547035432098496 0.1270114702308246 0
1326 0.4108428349697459 0.2112473890237556 0
1327 0.4029804876842155 0.232793473453565 0
1328 0.5786523666564447 0.2421842457577162 0
1329 0.372509878433019 0.2583961531253262 0
1330 0.3685869106481118 0.269158201261132 0
1331 0.4352769561653367 0.0861776387656219 0
1332 0.4019504493325539 0.06178501398835956 0
1333 0.4058806882136047 0.05101318092128976 0
1334 0.3205058164580979 0.2272490439158516 0
1335 0.3131458719994101 0.2184708499119014 0
1336 0.2836848311100767 0.1833618814698065 0
1337 0.1805622075905485 0.06041005267834254 0
1338 0.1731956914088933 0.05162616757514837 0
1339 0.3573057114300431 0.271141976037909 0
1340 0.3646644884545649 0.2799201154943566 0
1341 0.4147680621695455 0.2004999291108469 0
1342 0.4260471821142435 0.198512417586633 0
1343 0.5626886167091001 0.08400151333226713 0
1344 0.2100311761570386 0.09554593447920945 0
1345 0.2173954511303112 0.1043286460989921 0
1346 0.5294976917087432 0.05954278644742994 0
1347 0.5334299861368468 0.04877456676925368 0
1348 0.3425867944972733 0.2535855687661693 0
1349 0.683129001981319 0.2739792484952335 0
1350 0.3759275583550281 0.04619530520004478 0
1351 0.6804979144376453 0.394604907495557 0
1352 0.6817776846918094 0.1335384948996989 0
1353 0.6778581563831406 0.1442813266296793 0
1354 0.6665955110557433 0.1462591633448383 0
1355 0.6739393635830729 0.1550239925391088 0
1356 0.6840029459663424 0.3837802673864533 0
1357 0.6826304616827175 0.3041644767253731 0
1358 0.6787204861880595 0.3148797095879217 0
1359 0.6352141591855103 0.2321932298536384 0
1360 0.5899006906835499 0.2402090283960299 0
1361 0.5847610994238627 0.1103325829088271 0
1362 0.6827863736103191 0.07300644808793622 0
1363 0.6867106718388601 0.06225558224279026 0
1364 0.6793624568565703 0.0534817911107372 0
1365 0.6494566120518361 0.04865224046093442 0
1366 0.6381738322773517 0.05063235455100767 0
1367 0.6342482046394731 0.06139458534045461 0
1368 0.6856976051126935 0.1227959654885038 0
1369 0.312170178398934 0.04767159459473203 0
1370 0.3008267012250582 0.04938704018004564 0
1371 0.6420777992710863 0.2711539818057838 0
1372 0.6380975612920674 0.2819113416199627 0
1373 0.6601436707171887 0.3080791695976292 0
1374 0.5957399543598733 0.3394655758535571 0
1375 0.5845229225313259 0.3414283696385401 0
1376 0.5918325612566342 0.3501465349757932 0
1377 0.580629030825949 0.3521125931446337 0
1378 0.5879374672265736 0.3608220963700436 0
1379 0.5767512745341826 0.3627868207398146 0
1380 0.584042690962657 0.3714851191493276 0
1381 0.5728662775318438 0.3734470071346886 0
1382 0.5655751534438298 0.3647539057535723 0
1383 0.5616929769542237 0.3754104718097686 0
1384 0.5544043054000225 0.3667198090253279 0
1385 0.5505243696976279 0.377372937884456 0
1386 0.5432353571482873 0.3686849356488165 0
1387 0.5393558992510299 0.3793368130497322 0
1388 0.5320667391277651 0.3706513495755152 0
1389 0.5279209806437893 0.3813759725182122 0
1390 0.5208538359100083 0.3726262106035739 0
1391 0.516303619974236 0.3833899590923119 0
1392 0.5094126319766521 0.3746532383800911 0
1393 0.5135562919922694 0.363929195361351 0
1394 0.5023693319160323 0.3658965204950688 0
1395 0.4980328029375858 0.376558365645916 0
1396 0.4910720157083528 0.3678302372018171 0
1397 0.49509291755812 0.3571763655927463 0
1398 0.4839177240904101 0.3591517786687222 0
1399 0.479956485676171 0.3697762545915683 0
1400 0.4878281984876787 0.348470338635546 0
1401 0.4727741700718826 0.361125960446826 0
1402 0.4687777446544814 0.3717861716451271 0
1403 0.5801510528535795 0.3821432790715106 0
1404 0.5913220273434417 0.3801826563913855 0
1405 0.4616116827812584 0.3631298091874605 0
1406 0.4578144878959069 0.373701172487272 0
1407 0.4756423950323703 0.3804599966466687 0
1408 0.5578171414240584 0.3860649088301815 0
1409 0.4655029709644438 0.3524684613557482 0
1410 0.5874362297912833 0.3908317035307318 0
1411 0.5985943022314939 0.3888751796919369 0
1412 0.5349588084663615 0.389985587328437 0
1413 0.4543369704851523 0.3544856494011454 0
1414 0.4582118133744139 0.3438063276343519 0
1415 0.5582769857049372 0.3560561462816352 0
1416 0.5359527804405263 0.3599991686854921 0
1417 0.4990179888830178 0.3464953311377236 0
1418 0.4917174442427507 0.337794670110461 0
1419 0.5947103063380667 0.3995158388531024 0
1420 0.6058677313604178 0.3975623535541477 0
1421 0.5835582426534641 0.4014719671055415 0
1422 0.6765866448804252 0.4052935989614584 0
1423 0.5625417794519438 0.3152352290137744 0
1424 0.6904582168959623 0.2827285784745188 0
1425 0.5112776819456766 0.2539984840070759 0
1426 0.4515384280487239 0.2443842265329996 0
1427 0.568561681937263 0.1836435628195719 0
1428 0.6097521496554719 0.3869215681364352 0
1429 0.6170224074309149 0.3956093639782615 0
1430 0.6288593181924853 0.1629575493032346 0
1431 0.3170670077655172 0.2077103575471244 0
1432 0.2581485077386354 0.1374713578410944 0
1433 0.246861757377455 0.139457299386176 0
1434 0.2542244823873053 0.14823869570149 0
1435 0.2394912826870274 0.1306744005482612 0
1436 0.6131903828451425 0.2059214456542849 0
1437 0.2910463686998752 0.1921425464395989 0
1438 0.3965430186584448 0.1635088282302357 0
1439 0.4490303070810485 0.1643472760422525 0
1440 0.6508808539849791 0.1892492296243058 0
1441 0.3563015961459688 0.1000525393092668 0
1442 0.5674035392004984 0.2441600652484515 0
1443 0.5634904403404675 0.2548901179886897 0
1444 0.5561665677229641 0.2461411768372844 0
1445 0.4063914080989026 0.2523663391432406 0
1446 0.5235296841203793 0.1915132632774688 0
1447 0.4313519675071402 0.09694589891391614 0
1448 0.2969032637022634 0.06010684925037724 0
1449 0.2895348777338714 0.05132158623726252 0
1450 0.5518005697084027 0.2870536390116686 0
1451 0.4995587806808 0.05472522572898286 0
1452 0.503485676524567 0.0439544683752412 0
1453 0.4921935494966034 0.04593877444749589 0
1454 0.3646362377291782 0.04818215784162883 0
1455 0.5587671953054646 0.09476042087143222 0
1456 0.6268968738152109 0.05261575209362263 0
1457 0.5825657945350928 0.2314530895514591 0
1458 0.2797613881253881 0.1941274896878123 0
1459 0.2871227006588684 0.2029078944475984 0
1460 0.3534001272094369 0.281889966552306 0
1461 0.3607702076322428 0.2906679879147214 0
1462 0.3720275827748951 0.2886955541397558 0
1463 0.3681147519763746 0.2994588063528958 0
1464 0.2723997991841141 0.1853469903640616 0
1465 0.6852011848951406 0.1530462296664301 0
1466 0.6812830000643879 0.1637876029527483 0
1467 0.690252646232047 0.3130178965283908 0
1468 0.6860937192882771 0.3236407107214789 0
1469 0.6906364099058957 0.05150408165770909 0
1470 0.6832877256714771 0.0427293654947879 0
1471 0.630817410481566 0.04184949224836942 0
1472 0.6195452628749133 0.04383090347713192 0
1473 0.6131379289352044 0.4062466429254913 0
1474 0.624289439707476 0.4042959745292217 0
1475 0.3985150344603198 0.04222451648997444 0
1476 0.4098181603771887 0.04033057906620385 0
1477 0.1884107522373667 0.03886455753390133 0
1478 0.687806964239572 0.4033216766510489 0
1479 0.6925443002963911 0.1618099342540724 0
1480 0.6886252098250627 0.1725504225375228 0
1481 0.447060906077381 0.3458074677689071 0
1482 0.4509104550400198 0.3351257456867962 0
1483 0.4431869720928203 0.3564883370972739 0
1484 0.4620942828301535 0.3331351619612535 0
1485 0.4547741993034679 0.3244341360082093 0
1486 0.4659672713716329 0.3224311093651795 0
1487 0.4586439677478698 0.313720621721913 0
1488 0.4698649808001599 0.3117244663233684 0
1489 0.6748212636014674 0.3255962713576072 0
1490 0.6821453315096218 0.3343395030476175 0
1491 0.5260677061590152 0.03998767348187993 0
1492 0.5373434552119787 0.03801770161103057 0
1493 0.2934505787879216 0.0405561323270871 0
1494 0.2821649881147088 0.0425271859048677 0
1495 0.5938172139574482 0.2294778103706445 0
1496 0.5864805670888253 0.22071917317135 0
1497 0.6933755893203393 0.3323677390507263 0
1498 0.6894598228987951 0.3430782784113339 0
1499 0.3764322536891361 0.2476343728127492 0
1500 0.4625231249527397 0.303006020016413 0
1501 0.6773657244309761 0.1745279067870082 0
1502 0.6847073651456801 0.1832900175199875 0
1503 0.6626720816994526 0.1570062008409336 0
1504 0.2286834530797399 0.1023425415262139 0
1505 0.2880928115101852 0.1422813619300005 0
1506 0.3970294997993274 0.1332040762326137 0
1507 0.618676354769232 0.305392084587373 0
1508 0.3406029926858857 0.1431220715325702 0
1509 0.4917103717895549 0.07626183941629705 0
1510 0.4034882350596961 0.2024853640808479 0
1511 0.3302945640085789 0.08446785128940165 0
1512 0.3798676751073545 0.2671746706073749 0
1513 0.338146907064149 0.06292646131628521 0
1514 0.5656599285307943 0.1338097006642072 0
1515 0.5357598779423746 0.1289944328113632 0
1516 0.5318375482190636 0.1397493691826284 0
1517 0.5397040540986286 0.1182351426438392 0
1518 0.4239882312829338 0.08816275791571437 0
1519 0.4200639284351927 0.098931515699407 0
1520 0.6229684157254247 0.06337789075931655 0
1521 0.4132320826604424 0.05981165633309915 0
1522 0.4073965279130025 0.1917710216477488 0
1523 0.1997033515793519 0.03687630657103697 0
1524 0.552245012067305 0.2568679872144963 0
1525 0.5449554192324477 0.2481126625025837 0
1526 0.2429388348030295 0.1502247180845633 0
1527 0.250300906094235 0.1590055603984125 0
1528 0.3092219733672728 0.2292336618650316 0
1529 0.3165823290537729 0.2380130909586779 0
1530 0.1692725802145642 0.06239772507153846 0
1531 0.1619059739515973 0.05361446699496059 0
1532 0.1766381223419696 0.0711808566323664 0
1533 0.1658289333149889 0.04284281804831302 0
1534 0.154538395151814 0.04483096189098262 0
1535 0.158461931771897 0.03405853465951214 0
1536 0.1471702831079119 0.03604689333051164 0
1537 0.5514215983509467 0.08598845833134683 0
1538 0.2061074460169205 0.1063150070363107 0
1539 0.1987431679322541 0.09753285083729812 0
1540 0.2134713298062429 0.1150971978068273 0
1541 0.5407575761379481 0.05760379810752025 0
1542 0.5029008574723173 0.3358239762648514 0
1543 0.4955895881794291 0.3271239244339188 0
1544 0.4737525164794931 0.3010097326318898 0
1545 0.3685606789843933 0.03740680065875363 0
1546 0.3566811735891898 0.03926335043483992 0
1547 0.6946087621423391 0.04074306978911491 0
1548 0.6943717622492674 0.2720055916694932 0
1549 0.6964645630959156 0.151067638326732 0
1550 0.6998860743641691 0.1705734100996378 0
1551 0.4961212336348088 0.03516655025191345 0
1552 0.4848295087844772 0.03715171404376638 0
1553 0.5908259060882591 0.4101478164625511 0
1554 0.5797622342862345 0.4125706218605099 0
1555 0.1923680509174185 0.02827588087726368 0
1556 0.6940573532434305 0.07102882953846129 0
1557 0.7017023302529527 0.280756790412316 0
1558 0.6838968882605284 0.4140122986738728 0
1559 0.672633587529696 0.4159678680853647 0
1560 0.4434455230864166 0.3263365909307953 0
1561 0.6709108256069034 0.3363066743099955 0
1562 0.4358990238981068 0.3478121634604009 0
1563 0.4319198365074391 0.3584208485078482 0
1564 0.63082662477845 0.2731360490094902 0
1565 0.6209137837189715 0.3849659939658105 0
1566 0.6299062477949461 0.3034397499544119 0
1567 0.6373757313794057 0.3120522058512653 0
1568 0.4393192293490212 0.3671253599453214 0
1569 0.4280753602448903 0.3690465588918425 0
1570 0.4354393298407156 0.3776965844205603 0
1571 0.4241558427048795 0.3798665271954675 0
1572 0.4313629381077552 0.3884298273781484 0
1573 0.4425997024679827 0.3863107552334694 0
1574 0.6203997455470017 0.4149256703920353 0
1575 0.6315494477019066 0.4129784644894283 0
1576 0.6136444671704196 0.3762725608843641 0
1577 0.5771904445649012 0.3327008050181838 0
1578 0.5724286417222257 0.4035095080236442 0
1579 0.5686383292412179 0.414617390448406 0
1580 0.6734403976939372 0.185271828074578 0
1581 0.6807869675053141 0.1940306136185281 0
1582 0.6920479709792307 0.1920519537277166 0
1583 0.6881286766342664 0.2027908696771785 0
1584 0.6695208034244433 0.1960126127404717 0
1585 0.6548083592570929 0.1785053599744449 0
1586 0.5612951365118507 0.405497862832161 0
1587 0.4368340471476796 0.226820261115826 0
1588 0.4407557391974858 0.2160612037014418 0
1589 0.4481108998221036 0.2248354239823956 0
1590 0.4520315910983381 0.2140797563535483 0
1591 0.6636123704726872 0.3275762306815274 0
1592 0.3863671009836641 0.3363707201676981 0
1593 0.6901346682502247 0.08177722566407403 0
1594 0.6453399565702111 0.2906822277624054 0
1595 0.5078564651523977 0.2344942497923712 0
1596 0.5837470544044751 0.1709035247540217 0
1597 0.5661236497869744 0.1035408806696908 0
1598 0.4720827951189306 0.130082970781364 0
1599 0.2655130788473002 0.1462532059018685 0
1600 0.6930409502878221 0.131561467645775 0
1601 0.6969607852263725 0.1208195179977183 0
1602 0.5102231686174157 0.3445262898945479 0
1603 0.655332083689409 0.1482375977722382 0
1604 0.6513957830780306 0.1589947593122325 0
1605 0.4446776321102918 0.2053045532561577 0
1606 0.3180290851099744 0.1470924279181934 0
1607 0.2733610175345456 0.1247179303130286 0
1608 0.6896176369117266 0.1120535033153877 0
1609 0.4387163986422615 0.1057274561714462 0
1610 0.6354411480261548 0.4023471644224848 0
1611 0.6427247681416971 0.411034823343834 0
1612 0.63032202906728 0.07215623417386574 0
1613 0.5244834008139139 0.1309757146734449 0
1614 0.5205609422504516 0.1417315953283953 0
1615 0.5132061939971261 0.1329578945194504 0
1616 0.5092838519251929 0.1437137049751581 0
1617 0.5166388427224089 0.1524882328051873 0
1618 0.5019282397190719 0.1349380380330235 0
1619 0.3460266677351577 0.2731237845088101 0
1620 0.3995475669865798 0.2132455949363379 0
1621 0.3003477719457981 0.07965414354905764 0
1622 0.6011514493212843 0.2382346514440215 0
1623 0.3023322856508343 0.1901571505615605 0
1624 0.3798552785659803 0.03542086011550555 0
1625 0.2257286856677964 0.05246029364562677 0
1626 0.3018576691360771 0.2204583136708569 0
1627 0.2183620571088428 0.04367415116947632 0
1628 0.2296547104624577 0.04168626873050224 0
1629 0.2224025873113942 0.03355417336620214 0
1630 0.6347447997142996 0.262409128058102 0
1631 0.1810819561313628 0.03030520787300317 0
1632 0.5074138916099743 0.03318252903555091 0
1633 0.6440577583057113 0.1502276929635113 0
1634 0.6977865085892394 0.2914782791330347 0
1635 0.4784616497606766 0.1994293641102594 0
1636 0.4034591567234014 0.03095267768405041 0
1637 0.6298575617254745 0.1024190219857398 0
1638 0.5881987362154717 0.1298548376017064 0
1639 0.6870410581921708 0.2632552326781246 0
1640 0.6982860446788882 0.2612802440052061 0
1641 0.6909542026031653 0.2525319947400678 0
1642 0.6607370485655982 0.04667521594338997 0
1643 0.6533873259101279 0.03791188692252578 0
1644 0.6646686528459893 0.03591082096468617 0
1645 0.2856106568523294 0.06208620634068779 0
1646 0.6226675483110491 0.2946592877270849 0
1647 0.3053039333809089 0.2399998230067119 0
1648 0.4882718343109723 0.05670965468552791 0
1649 0.2684822338224329 0.1961146327229124 0
1650 0.5752391021483959 0.2227008653114 0
1651 0.5991280560618416 0.3588602788654326 0
1652 0.3607131557212643 0.05895741248894448 0
1653 0.5141260410051127 0.333835365013486 0
1654 0.521428074440661 0.3425504690988131 0
1655 0.4279170252548785 0.077395502050149 0
1656 0.5595820930478024 0.2656164475341383 0
1657 0.5475321336886908 0.09674735884473873 0
1658 0.3421500236365943 0.2838421142318664 0
1659 0.4593809363107187 0.2228551512308768 0
1660 0.5053651385300957 0.1544694748820556 0
1661 0.165357140482428 0.07317090583339431 0
1662 0.4166412476290762 0.07937899687180583 0
1663 0.3922054743184956 0.2044609998976768 0
1664 0.3882370946510356 0.2152751271892289 0
1665 0.4357604246663125 0.05585269378821772 0
1666 0.4396941306383199 0.04508228889491056 0
1667 0.4509819562552982 0.04309536865902347 0
1668 0.4435525620781702 0.03394361440435356 0
1669 0.4548360338503474 0.03189784441023924 0
1670 0.4622574139680126 0.0410444617945856 0
1671 0.4661841694935124 0.03026061587203188 0
1672 0.6004534800079862 0.06730926145729998 0
1673 0.555346833986997 0.07522727686630526 0
1674 0.432325074009649 0.03623494593301668 0
1675 0.5127206123340919 0.1632427119530674 0
1676 0.4559504964772713 0.2033393016204028 0
1677 0.6993874408978253 0.2008130842344223 0
1678 0.6954702572282545 0.2115494551797913 0
1679 0.68420508412259 0.2135333721467158 0
1680 0.6915471910602067 0.22229025907853 0
1681 0.5483541755985065 0.2675959742359787 0
1682 0.5601192307413013 0.2354027542569171 0
1683 0.3793828203454503 0.2974669878715269 0
1684 0.3754611439158881 0.3082264889490881 0
1685 0.3833034500659395 0.2867130175599373 0
1686 0.3641870653290216 0.3102209777046543 0
1687 0.4485999190357277 0.1945600523733282 0
1688 0.1506147417962734 0.05557486204180062 0
1689 0.4810780969837065 0.3097236003012676 0
1690 0.1727132248317086 0.08193495254999539 0
1691 0.1840029458906754 0.07996384743582535 0
1692 0.180079403291129 0.09073287156436349 0
1693 0.1948169834440583 0.108283985786889 0
1694 0.7017155271588914 0.04944643949466632 0
1695 0.5441218210023155 0.07719690408793822 0
1696 0.2389971243889753 0.1609486435593328 0
1697 0.2463564517463968 0.1697215502570445 0
1698 0.2576616555572642 0.1677766805526718 0
1699 0.2537220797696182 0.1784981233517574 0
1700 0.3126726579585924 0.2487428154894066 0
1701 0.2336217273475112 0.03114073861036681 0
1702 0.2409500480463405 0.03973924097328496 0
1703 0.5631747610562938 0.05369142047943654 0
1704 0.5671210734963412 0.04292987298187589 0
1705 0.5783953205793637 0.04094222504123668 0
1706 0.3715784043354269 0.3189671108892169 0
1707 0.2316285209529488 0.15216144162513 0
1708 0.4387548410636778 0.3967099480251779 0
1709 0.4496444247525488 0.3947735499115941 0
1710 0.3347658259919358 0.2750931605094221 0
1711 0.5791416046865984 0.2119595504658786 0
1712 0.5903985952256849 0.2099827933218957 0
1713 0.5830586585542678 0.201220849295982 0
1714 0.5943474550789976 0.1992289893002852 0
1715 0.4361317890583059 0.02559809125742701 0
1716 0.3725523319984435 0.02665435598706234 0
1717 0.5710341617908357 0.03215434599114964 0
1718 0.5823240250410264 0.03017139453855111 0
1719 0.5896750466011371 0.03896775453893697 0
1720 0.5597999938402811 0.0341485948457354 0
1721 0.5001456786953382 0.02442792611243061 0
1722 0.6234693911566423 0.03265906722609296 0
1723 0.6348356504349694 0.03062122367943176 0
1724 0.6121342209619448 0.03456751699431093 0
1725 0.5299967305258493 0.02923319126528529 0
1726 0.6873700793993892 0.03116657682186841 0
1727 0.7009356683573559 0.02992325327566381 0
1728 0.7024486259700911 0.2201784217055187 0
1729 0.6988140871371108 0.2310302832890628 0
1730 0.6875916270857743 0.2330380246439181 0
1731 0.2860973113523131 0.03178470772793096 0
1732 0.2750335633578119 0.03382641770813538 0
1733 0.2986231035457242 0.02854542321041775 0
1734 0.2709116766495592 0.04452482006575936 0
1735 0.2635030195137442 0.03572125597699877 0
1736 0.2250671239193575 0.02217606771296404 0
1737 0.2446743124822353 0.02942441116375094 0
1738 0.4252622086315634 0.0276964239494496 0
1739 0.6573789749426027 0.02760813803450174 0
1740 0.6092051981879367 0.4166534008424073 0
1741 0.7006894723319601 0.3411072968649663 0
1742 0.6967767137805544 0.351816485099242 0
1743 0.7012214342077356 0.07995195818080869 0
1744 0.6974469254294915 0.09057451473947586 0
1745 0.7085292676149558 0.08875099977772238 0
1746 0.6387453441578591 0.42127788526351 0
1747 0.6499634616589658 0.4197177170776406 0
1748 0.700645867749638 0.1099857459188012 0
1749 0.4169346416992127 0.3710866717842754 0
1750 0.6951279946766228 0.4120511409625752 0
1751 0.6988557416832871 0.401667350584958 0
1752 0.7106623003096667 0.2293859154057042 0
1753 0.5413237436830679 0.02763252015412765 0
1754 0.4512924093589037 0.3050022244744669 0
1755 0.4551276934179561 0.2943138317269445 0
1756 0.6855499631862483 0.3537864160808308 0
1757 0.6928663756698127 0.3625236223998415 0
1758 0.703650562631097 0.3600128892793393 0
1759 0.7002446726628864 0.3719944007030836 0
1760 0.6235070464925525 0.2643846347292136 0
1761 0.6274059855886748 0.2536639898511224 0
1762 0.6050997997989639 0.2274776846440202 0
1763 0.6124647109358473 0.2362562105884716 0
1764 0.5576510416261428 0.4159337417690078 0
1765 0.5501859125119666 0.4073542735462719 0
1766 0.6248129614503767 0.374323885629712 0
1767 0.5936159513375464 0.02818951019510829 0
1768 0.5869765645861644 0.1904805074786144 0
1769 0.3906706804077428 0.2954747910154489 0
1770 0.2473406623940746 0.1091381413120651 0
1771 0.5239924312474549 0.1612618089825016 0
1772 0.3352266684277614 0.2448070002664839 0
1773 0.3313268281665842 0.255558474216539 0
1774 0.4730679043170318 0.06945866449103222 0
1775 0.5200856825233608 0.1720107086601627 0
1776 0.2595937732366962 0.04650279239656113 0
1777 0.611414573984598 0.2966151959597296 0
1778 0.7019703212601273 0.2507643069982886 0
1779 0.3420696168933395 0.05215690395027905 0
1780 0.3347631121099676 0.04366971149487919 0
1781 0.5509613934052799 0.1162608614855504 0
1782 0.6190462934766051 0.07413687258642221 0
1783 0.6264134047158109 0.08290890677299867 0
1784 0.5211381671389054 0.1113933840160966 0
1785 0.5250556845895388 0.1006361939615471 0
1786 0.6043806230051756 0.0565514767465945 0
1787 0.5649024273445582 0.4252219038422564 0
1788 0.4805237284251979 0.3397797474596787 0
1789 0.1614288610686035 0.08389153542696748 0
1790 0.3013599528116123 0.2506924642440834 0
1791 0.3603026284129257 0.3209289273298232 0
1792 0.5252123112305522 0.3318633177171083 0
1793 0.5325460493026455 0.340631229166843 0
1794 0.1511565092429134 0.02562671802588029 0
1795 0.139952668609146 0.02782530609786216 0
1796 0.1359074013948921 0.03810452385678187 0
1797 0.1290471370638385 0.02944583955201924 0
1798 0.4849816379533661 0.2990054032230487 0
1799 0.4774721469396269 0.2902748653177125 0
1800 0.4921670943315484 0.3077844722973406 0
1801 0.4461486471497494 0.4048691301904783 0
1802 0.456763781659859 0.4032157131697504 0
1803 0.4604817099503744 0.3928811958334151 0
1804 0.4676192408470027 0.4014082876493117 0
1805 0.6795649928923784 0.424548845886004 0
1806 0.4523594650809795 0.4149508982652018 0
1807 0.5351646923363269 0.01910814709401754 0
1808 0.70470207034191 0.06947896768542516 0
1809 0.7028560307099522 0.189911240465574 0
1810 0.7090325089648118 0.2895089521224919 0
1811 0.7049812472825802 0.3001049001535996 0
1812 0.644964970417786 0.4296179640708002 0
1813 0.708223514216811 0.1188434635106946 0
1814 0.5469484720995266 0.4173706132860878 0
1815 0.5390086286013962 0.409307982025825 0
1816 0.2790481646674203 0.02383690572920272 0
1817 0.1620015892235247 0.02281166285157477 0
1818 0.563667322149638 0.02336413050091418 0
1819 0.2048844684555651 0.02612464960478178 0
1820 0.6159301592544597 0.4260197474949907 0
1821 0.7045970428469036 0.3303938549014744 0
1822 0.3818952906694041 0.02590230485818629 0
1823 0.4308637534586938 0.01802182504041228 0
1824 0.669037877969837 0.02675127488381079 0
1825 0.1959407839600744 0.017583250003194 0
1826 0.7107876504161688 0.1984148545130704 0
1827 0.3767794894539396 0.0171408675065946 0
1828 0.6163418416206797 0.02333285235628441 0
1829 0.5870051896390516 0.4210343248345985 0
1830 0.5351434783520286 0.4208804779299793 0
1831 0.5275239481775654 0.4112524515812186 0
1832 0.4274572185334508 0.3988889581329346 0
1833 0.4584135257528285 0.02091756913682735 0
1834 0.4701354277059436 0.01956109143905155 0
1835 0.6683443483276429 0.4289791659216687 0
1836 0.6768874042733736 0.4342865228600895 0
1837 0.7085956101468918 0.2592826789928467 0
1838 0.1550182163846878 0.01449819364197785 0
1839 0.5116669403569446 0.02013457187020778 0
1840 0.5855172225510612 0.01952964691619241 0
1841 0.7085883366408378 0.4106577291811172 0
1842 0.5020137872602319 0.01257348206460474 0
1843 0.4126309572378278 0.3819011090616106 0
1844 0.7117236600079729 0.3393091804337186 0
1845 0.7131550042667342 0.2786186751167473 0
1846 0.42417975134879 0.3497683339210738 0
1847 0.4051323621025327 0.3732370115028202 0
1848 0.4281542974142576 0.3390468513268022 0
1849 0.4438526565778796 0.296268543369169 0
1850 0.447659966186943 0.2855091184606915 0
1851 0.4400237482832302 0.3070275162663195 0
1852 0.4283937266963603 0.3089349756539083 0
1853 0.6814590795424714 0.3645051309541167 0
1854 0.6596394373983469 0.3382742997358834 0
1855 0.6669038712718655 0.3470524084960303 0
1856 0.652355562926159 0.3294582794356067 0
1857 0.6410181058684086 0.3311771330271126 0
1858 0.6195413845938303 0.2751088246243208 0
1859 0.6160227735752206 0.2556934693261296 0
1860 0.6564555930107097 0.4290133080599636 0
1861 0.6611230812806381 0.4183441484295294 0
1862 0.6466612879437367 0.4004116411477542 0
1863 0.471520890991599 0.3910259478547538 0
1864 0.4785687527936045 0.3995068960620575 0
1865 0.474694920044953 0.4100162640637749 0
1866 0.4857344581823432 0.4081520934652422 0
1867 0.4896544788685214 0.3976649737277518 0
1868 0.4968268758959051 0.4062856833600021 0
1869 0.5007595359098049 0.3957915665486856 0
1870 0.5079455480500046 0.404412007533181 0
1871 0.4928435976659047 0.4165508386899648 0
1872 0.5119228464473579 0.3940081285516844 0
1873 0.5192451056574157 0.4025456927105851 0
1874 0.515402931667275 0.4127187306883927 0
1875 0.4937652986508289 0.3872051710916954 0
1876 0.6451695648094136 0.3206238698439233 0
1877 0.6016978576367448 0.2079851756089363 0
1878 0.6556917700410515 0.3489953745614544 0
1879 0.436303714528779 0.2874913402121698 0
1880 0.641326213901217 0.3013659807791559 0
1881 0.4465083459677261 0.3757344036475457 0
1882 0.6321068012847164 0.3830197025750766 0
1883 0.6164544206711644 0.2254613074632153 0
1884 0.6238762039630488 0.2342073823878041 0
1885 0.5983432831551453 0.1884635848907739 0
1886 0.434980565606531 0.4082762387305872 0
1887 0.4227246240971593 0.4088780227967809 0
1888 0.4199497654940443 0.3903539386438284 0
1889 0.5308168056845607 0.4005272562789848 0
1890 0.5218320659934994 0.4214650649396688 0
1891 0.538386396358882 0.4329685029249035 0
1892 0.5155361339360449 0.4315374033875279 0
1893 0.3828807041033972 0.3169367547593439 0
1894 0.3945809593372435 0.2847318165262912 0
1895 0.5426066121539828 0.3986534588820698 0
1896 0.4504483250443345 0.3651406269648262 0
1897 0.3808991282741226 0.2064788218711368 0
1898 0.5058752021640007 0.1241707535026705 0
1899 0.4164856884829174 0.34109116987426 0
1900 0.4316734645761502 0.3280628957345774 0
1901 0.5651472961363719 0.3947648598541569 0
1902 0.7054830913990074 0.240474318935027 0
1903 0.6660840839527098 0.1765191827960464 0
1904 0.6360517518484893 0.3723745981472192 0
1905 0.617551001579203 0.3656202978204589 0
1906 0.5980561067223741 0.4186079336082156 0
1907 0.5955918670001582 0.4291330387149002 0
1908 0.5761341525542499 0.4246537846164215 0
1909 0.647463847513589 0.169745557129199 0
1910 0.4622400201312898 0.01025797450817262 0
1911 0.4469951656345078 0.02367361519881733 0
1912 0.6539816933308935 0.4092179164552195 0
1913 0.6507251889366755 0.3898035519304007 0
1914 0.7044930593486394 0.09925547726717338 0
1915 0.7150839099090072 0.09764193720142111 0
1916 0.7202728262074497 0.08685492678373535 0
1917 0.4554645033514945 0.2336059165894868 0
1918 0.4667280329862321 0.23164255114583 0
1919 0.665280296593635 0.407319012227614 0
1920 0.6934742031859554 0.1012889425133329 0
1921 0.6741065228619938 0.355809416068523 0
1922 0.6275524368663028 0.4232531463552897 0
1923 0.4628117388057103 0.2423866843551145 0
1924 0.4441909660817633 0.2356036565064143 0
1925 0.5175029888070344 0.3532396922959143 0
1926 0.6142484241293467 0.3462229218751093 0
1927 0.6069515106851827 0.3374983243736377 0
1928 0.5313529639769961 0.1700289678731339 0
1929 0.7209868296833634 0.3608281089106958 0
1930 0.3785139543220402 0.3578585444703472 0
1931 0.3711369208429485 0.3490867993137444 0
1932 0.3750674165953903 0.338358020749601 0
1933 0.6781793895559046 0.3450621160690552 0
1934 0.7019444177112137 0.00977226120800434 0
1935 0.7075611858210734 0.01975494473643813 0
1936 0.7201077889382155 0.01864870811174757 0
1937 0.7128648658428025 0.02918218782606208 0
1938 0.7061144203037437 0.0387268990786111 0
1939 0.5069994862632037 0.2950283907193554 0
1940 0.6019853290011414 0.4081831687933231 0
1941 0.4201983480211545 0.3602436975861255 0
1942 0.1874598254809619 0.09951811754231543 0
1943 0.1835264178333897 0.1102342263032517 0
1944 0.7212709714484137 0.3142624911344059 0
1945 0.7105001262366177 0.3203563701915711 0
1946 0.6527908538424383 0.2993546815669993 0
1947 0.6621499914800837 0.1872671513152496 0
1948 0.6582293310324726 0.1980075260475808 0
1949 0.6655917223074742 0.2067579587067532 0
1950 0.5737736433686214 0.3132665259693954 0
1951 0.5698653498099239 0.3239700928912388 0
1952 0.5586411811478276 0.3259366539429731 0
1953 0.5659653337200271 0.3346643397687493 0
1954 0.5547839275168324 0.3366475621206774 0
1955 0.5732723777497056 0.3433966235635583 0
1956 0.5474968404508191 0.3279446910078146 0
1957 0.1913740645319959 0.08874810194237792 0
1958 0.4771472555285691 0.3204285123353408 0
1959 0.5142629663955415 0.3037074236851049 0
1960 0.5104397903900774 0.3144446806375909 0
1961 0.7208813382845017 0.3828029533133117 0
1962 0.7109560203751832 0.3774960492415735 0
1963 0.7110205236676227 0.388134464903534 0
1964 0.7012437142256625 0.3834069846553687 0
1965 0.5952156538787855 0.3695283841982445 0
1966 0.5513386937542986 0.3172117373566163 0
1967 0.6794745649147992 0.009633250739748855 0
1968 0.6847253956446439 0.01912249714603464 0
1969 0.4922788182214182 0.277516091649631 0
1970 0.4848689130647683 0.2687054947931095 0
1971 0.4736146239844871 0.2706798793995787 0
1972 0.4699530688137902 0.2815203993686879 0
1973 0.5689917972550981 0.3841033939166921 0
1974 0.2611050222155323 0.1873036027785599 0
1975 0.2650268840894919 0.1765501651759007 0
1976 0.268954515018215 0.1657962334797593 0
1977 0.7197560508617383 0.2579204476467925 0
1978 0.6880391441511727 0.3731864212798432 0
1979 0.5708254467796556 0.2636406522846061 0
1980 0.566924864620327 0.2743625622352195 0
1981 0.6675173579679842 0.3168596366758227 0
1982 0.5343029324603297 0.2197904828038575 0
1983 0.5303797769332108 0.2305318847738159 0
1984 0.5191220419365752 0.2325133721431839 0
1985 0.52644951926623 0.2412872836516062 0
1986 0.5152015104406207 0.2432567325756618 0
1987 0.5225131217159251 0.2520444465480248 0
1988 0.5416171069016628 0.2285650976192682 0
1989 0.5117753032196471 0.2237508059669964 0
1990 0.7201846039072417 0.2901627122135314 0
1991 0.1054250358408103 0.009233271747634941 0
1992 0.1099617394175565 0.0203180722052706 0
1993 0.1063074414930255 0.03283141947500573 0
1994 0.6425355162507679 0.2409415554932707 0
1995 0.6560579805171678 0.009465212923896793 0
1996 0.6278204402939032 0.2234526332987263 0
1997 0.6788624322958305 0.08375614769865281 0
1998 0.5039611498520222 0.414527264988939 0
1999 0.3872192031560756 0.2759499970635525 0
2000 0.6097022296233064 0.1864394032820791 0
2001 0.6057306075213248 0.1972033020708669 0
2002 0.5811040829582376 0.322003533050285 0
2003 0.4329115692213381 0.2375796690672969 0
2004 0.6332115802624833 0.009990253949555161 0
2005 0.6276196677258756 0.0201972637834435 0
2006 0.6103025681431412 0.01249750334374855 0
2007 0.6393914696677893 0.01986443472617605 0
2008 0.6040387366228827 0.02363393388866142 0
2009 0.6416049400616878 0.07017197317513835 0
2010 0.646962125786285 0.1999872587444413 0
2011 0.1281309313694662 0.009831603548526247 0
2012 0.5567853224241477 0.2158769495281539 0
2013 0.676862730684422 0.2047749370500803 0
2014 0.6729425053394458 0.2155140676778495 0
2015 0.6690039374032211 0.2262578427063396 0
2016 0.6763209665137182 0.2350224217270664 0
2017 0.6802685519208259 0.2242759979967366 0
2018 0.5039347875650948 0.2452369754703052 0
2019 0.6587412220884206 0.1677561643243426 0
2020 0.647980371105668 0.1394753640610687 0
2021 0.6978460967860992 0.06033735920047922 0
2022 0.710239242564333 0.05846247335832644 0
2023 0.6567050304517619 0.2886546471778009 0
2024 0.5949971578254226 0.1689251686436035 0
2025 0.5279141965885253 0.1505058203502214 0
2026 0.5724873942175787 0.1728863211101864 0
2027 0.6085831416166316 0.2469803357863624 0
2028 0.6120595309010685 0.2664131068539949 0
2029 0.5410396268001966 0.2588536678219835 0
2030 0.5391910961986398 0.1485220239572256 0
2031 0.3837904697925623 0.2564121023381221 0
2032 0.3877315687702699 0.2456289758409332 0
2033 0.3803579030658193 0.2368693788020187 0
2034 0.3950992341672523 0.2543893380540359 0
2035 0.391635684276394 0.2348900789143474 0
2036 0.3842777661683173 0.2261124870303982 0
2037 0.3911489979691442 0.2651883397681524 0
2038 0.402428044608636 0.2632044996719777 0
2039 0.6180899643810035 0.1346661201865054 0
2040 0.6293599297578247 0.1326872666466762 0
2041 0.6254404991850475 0.1434377073952277 0
2042 0.6367128240786998 0.1414580198304647 0
2043 0.6327828641213609 0.1522101077209488 0
2044 0.6141697675504558 0.145414913671479 0
2045 0.5648498844360332 0.01168744563811563 0
2046 0.1579908189512752 0.06436974516864913 0
2047 0.4402755436069832 0.2463590652871645 0
2048 0.7213485571021513 0.2343775621925479 0
2049 0.7211331048466547 0.2231019843397754 0
2050 0.6312610818902114 0.2429309318531066 0
2051 0.1432532346782195 0.04679971948616191 0
2052 0.4274290109586744 0.1077123236292687 0
2053 0.4161418333540839 0.1096980684189687 0
2054 0.4087762928152242 0.1009178793813822 0
2055 0.4048556915526055 0.1116857606485506 0
2056 0.4347947712883762 0.1164924240423357 0
2057 0.1952953217773842 0.07797779905325186 0
2058 0.3293164495834128 0.145107050871028 0
2059 0.3366784296330236 0.1538885985124516 0
2060 0.3479647652569179 0.1519040755896156 0
2061 0.2929779378482535 0.07087034498297362 0
2062 0.281687794584254 0.0728571234903852 0
2063 0.5781622394092852 0.2723879507564491 0
2064 0.6822737150985476 0.1032872739371896 0
2065 0.4760075500030197 0.1193218316402381 0
2066 0.4833530114080463 0.1281213460148212 0
2067 0.4794249841541856 0.1388781090723238 0
2068 0.2021742194012912 0.1170440814922445 0
2069 0.2095334349002247 0.1258201919105958 0
2070 0.2208321675183164 0.1238716681059493 0
2071 0.2168951751335378 0.1345985862495636 0
2072 0.2281983569332207 0.1326516885041417 0
2073 0.232121785257613 0.1218894935006283 0
2074 0.2242594443364541 0.1433706368695166 0
2075 0.3253926359504641 0.1558735061061973 0
2076 0.332754170682454 0.1646546917459733 0
2077 0.3214686187624596 0.166639586344048 0
2078 0.3288300735319478 0.1754203874031257 0
2079 0.340115464556442 0.1734359752708055 0
2080 0.3175451902145958 0.1774051166897125 0
2081 0.3249100998107713 0.1861847220438411 0
2082 0.3136216225350235 0.1881707981880323 0
2083 0.314105192900857 0.1578588604789814 0
2084 0.2545735142791822 0.0097043464964926 0
2085 0.2608090408100663 0.01810266206221911 0
2086 0.365639408682811 0.2193091355312826 0
2087 0.3769366396187184 0.217299301243223 0
2088 0.2775190942454616 0.009935625989642149 0
2089 0.2065878750737016 0.07599151072212273 0
2090 0.4122242539090438 0.1204634463551209 0
2091 0.1875038590434747 0.009297943080652904 0
2092 0.301049976667063 0.009694531421979846 0
2093 0.3062014481509975 0.01987086389580867 0
2094 0.3176730262314014 0.01987081416512149 0
2095 0.3115433532706907 0.02949796621880563 0
2096 0.3229173541217487 0.02919111595419244 0
2097 0.3290640482958452 0.01976838000721021 0
2098 0.3343617686174448 0.02880941685556992 0
2099 0.3813358653881558 0.1762564602502889 0
2100 0.3887212742147395 0.1850196969448622 0
2101 0.392617444020195 0.174275196544273 0
2102 0.3852585942760297 0.1654933389450128 0
2103 0.4039082385211618 0.1722810053274232 0
2104 0.407826826370618 0.1615245213008505 0
2105 0.4151976144378681 0.1702955291676593 0
2106 0.4264700438154603 0.1683185307420297 0
2107 0.4225848849464043 0.1790590541735486 0
2108 0.4338591360424056 0.1770804370712091 0
2109 0.4377554386109137 0.166330314421082 0
2110 0.4451344680983603 0.1750923861854696 0
2111 0.4303924901256805 0.1575545522281969 0
2112 0.6030316697685061 0.3481808313338615 0
2113 0.3518898282395795 0.1411366271565391 0
2114 0.5177099225589364 0.09184780360651817 0
2115 0.23260952157438 0.09157328589012037 0
2116 0.2399734943272726 0.1003577969050276 0
2117 0.2439007078502329 0.08958645218792732 0
2118 0.463297972469612 0.2121195472518374 0
2119 0.3463571137036856 0.009935547552851587 0
2120 0.3529759779061373 0.01935851836973479 0
2121 0.3406330558159861 0.01980103906533009 0
2122 0.3470370150111706 0.03034171289683329 0
2123 0.2772863870827368 0.1139491463751267 0
2124 0.284650045796646 0.1227323663445448 0
2125 0.2807259104167686 0.1335001737188299 0
2126 0.7038728972326769 0.129427617746132 0
2127 0.7003120577506886 0.140299746447992 0
2128 0.7112963667353412 0.136688045291284 0
2129 0.7096231430264763 0.1492199460008077 0
2130 0.7038091247058074 0.1598309719443051 0
2131 0.7111464464363962 0.1685990511944246 0
2132 0.7067005089117914 0.1791458983997193 0
2133 0.7190425157709518 0.1778481296883738 0
2134 0.686187984393917 0.09253205335875203 0
2135 0.7062132645762116 0.2093461767953395 0
2136 0.4037189348399551 0.009898393135071237 0
2137 0.4088769254578895 0.01991735602918288 0
2138 0.3981955728453639 0.02036011475526084 0
2139 0.3219534130725164 0.1363252252544299 0
2140 0.2200699968887314 0.01051171287759944 0
2141 0.213244085903872 0.01894180819974411 0
2142 0.2315734593035691 0.0111935954266274 0
2143 0.5646302248801833 0.1944028267021311 0
2144 0.3062573352885472 0.1793910216229501 0
2145 0.6891090995174195 0.1422991506027179 0
2146 0.382310019376119 0.115638477418435 0
2147 0.4980234063567803 0.1456931894265785 0
2148 0.2959391498619908 0.1207463704747377 0
2149 0.2434112479369342 0.1199041382004105 0
2150 0.2984106644464518 0.2009222201767302 0
2151 0.251266918007556 0.09836957854737055 0
2152 0.2694366491443058 0.1354857340910274 0
2153 0.2767986502267006 0.1442682725864332 0
2154 0.4127083120467993 0.09015125792737944 0
2155 0.2355630328483559 0.1414233641696315 0
2156 0.4371415280594131 0.009205323051138858 0
2157 0.3233967895117208 0.009918400943403238 0
2158 0.2782499335952475 0.05330241983183803 0
2159 0.3901596861289337 0.09411117274440012 0
2160 0.4460818158554705 0.1145061903349672 0
2161 0.1879287004478947 0.0691936896198565 0
2162 0.4137209406343549 0.2611436874288702 0
2163 0.3343141853822843 0.3052185961886611 0
2164 0.3456006336823189 0.3032999677679985 0
2165 0.5255517721370846 0.07032438962749715 0
2166 0.3263677510212477 0.09523785167020382 0
2167 0.3376572241527651 0.09325366971104598 0
2168 0.3415828480942953 0.08248391791277876 0
2169 0.3342205842402532 0.07369707208097659 0
2170 0.3759445704668399 0.2779368909816731 0
2171 0.2758551637392518 0.2048796547805693 0
2172 0.2832085902060502 0.2136654590187017 0
2173 0.2645589525041297 0.2068191852276099 0
2174 0.3097021628313953 0.1989346141151693 0
2175 0.328353233813427 0.2057243483462443 0
2176 0.2841683246096014 0.1530487138140124 0
2177 0.3690740771434458 0.2388552670003621 0
2178 0.3980165412761731 0.07256360913928639 0
2179 0.3269620922808222 0.2964735054441051 0
2180 0.3783863751634272 0.1264020587456663 0
2181 0.2763198530509103 0.1745775822290143 0
2182 0.4691408406839903 0.08022590096148652 0
2183 0.6700142459698366 0.1657701750400313 0
2184 0.3122248888287807 0.2788988015353195 0
2185 0.3161433516674441 0.2682103598248652 0
2186 0.5774023922228096 0.1015583144826416 0
2187 0.5734831349542869 0.1123156871338573 0
2188 0.2979583012996621 0.2312131506660513 0
2189 0.2754187539550659 0.235051094454177 0
2190 0.344039852677164 0.1626696255408579 0
2191 0.3361960398696907 0.1841984754299221 0
2192 0.5730101854373251 0.1425814600456037 0
2193 0.6269309295807706 0.283850108495449 0
2194 0.395574067095898 0.2240606342877306 0
2195 0.2385464140624983 0.1911225621645866 0
2196 0.3337291490151072 0.1040227045495895 0
2197 0.4809045052230997 0.04792407845006735 0
2198 0.2091139667867692 0.1559900329116996 0
2199 0.2238429190414875 0.1735433146764087 0
2200 0.2026643813871938 0.08676198705901395 0
2201 0.3592529885051985 0.1499167066725445 0
2202 0.1943729476391159 0.1384470824090694 0
2203 0.3474814398493321 0.1822116249321296 0
2204 0.6959235718651007 0.1812974619342076 0
2205 0.224757803263041 0.1131091386964485 0
2206 0.3553296489762118 0.1606817401539798 0
2207 0.4416737015264368 0.1555696891298904 0
2208 0.6171024367886121 0.1951812136888418 0
2209 0.3224408401218933 0.1060068686227513 0
2210 0.3278662434718392 0.2360282469659945 0
2211 0.5332527390021228 0.280279738075641 0
2212 0.3391498260771834 0.2340437838242044 0
2213 0.2944861509275056 0.2116867395753403 0
2214 0.6215145813357785 0.1541859328448893 0
2215 0.4171655781939715 0.04904557327224845 0
2216 0.3729966034312553 0.2280945900466018 0
2217 0.4563995750280396 0.1731117897347801 0
2218 0.4334008379667463 0.2072854812599692 0
2219 0.3396364126781931 0.2037392706999125 0
2220 0.5049129799716602 0.1847257780451836 0
2221 0.1771260033531826 0.04089138615460719 0
2222 0.6865436251319392 0.2934474333032494 0
2223 0.2330938844202454 0.0612458725518617 0
2224 0.4069035929979864 0.222025897608042 0
2225 0.3499468737051121 0.2623635137798933 0
2226 0.5185958134192122 0.2627731226235652 0
2227 0.3857462439911107 0.135184203985676 0
2228 0.1354512880773128 0.06824169703237815 0
2229 0.3455089276627015 0.07171458674662667 0
2230 0.4681542364372104 0.140846067385232 0
2231 0.5352718492997619 0.1592747930311122 0
2232 0.5446838607818261 0.04684105204698563 0
2233 0.5289688512596169 0.08989563624912195 0
2234 0.5347960183099998 0.1895358740719752 0
2235 0.3239656274381133 0.2467704968558355 0
2236 0.5122629472019682 0.1934944040946102 0
2237 0.6361985837100976 0.1717239520544361 0
2238 0.290577475628695 0.2224405316418339 0
2239 0.1208126574090957 0.05065204501889431 0
2240 0.5977775189199545 0.2187099942019642 0
2241 0.2964240996167329 0.09042452528862299 0
2242 0.4817994250068687 0.418675051315002 0
2243 0.4707101449963383 0.4205112633022506 0
2244 0.3042734373988592 0.06888266838768126 0
2245 0.3523773526262734 0.1108211432775246 0
2246 0.4902166838131694 0.1671721931890804 0
2247 0.3235324963137029 0.04601667564111939 0
2248 0.3602270822699045 0.0892836167324732 0
2249 0.4392020098316131 0.07540867716261118 0
2250 0.3680779721114609 0.0677421800031105 0
2251 0.719918582845479 0.1191229148141359 0
2252 0.3605517988999352 0.0285009697390245 0
2253 0.3872213637137658 0.04420970490275372 0
2254 0.6185860282799112 0.1043967661886926 0
2255 0.6112330544901927 0.09562425934187579 0
2256 0.4755054186465316 0.1496261063568973 0
2257 0.6376897695378553 0.08092670530597557 0
2258 0.4765008264676699 0.08900994014927094 0
2259 0.2070701874937126 0.04566190684936722 0
2260 0.5808438732078693 0.1210853692362159 0
2261 0.4421597771595372 0.1252698843839954 0
2262 0.2920150078973967 0.1315142157797038 0
2263 0.4711005080164442 0.1906637504097698 0
2264 0.4877861250491434 0.08702770349985028 0
2265 0.3386789254238817 0.2643449204599187 0
2266 0.4583397703630324 0.05187351609538854 0
2267 0.4500038486258596 0.1037417492193676 0
2268 0.6592489574086223 0.1374939653580328 0
2269 0.5666149290602591 0.07323941970519787 0
2270 0.4889278510589186 0.02673795314735072 0
2271 0.5583072230872423 0.12503754941609 0
2272 0.5147769747622208 0.04197076256212018 0
2273 0.4373252564978063 0.1965368353552811 0
2274 0.6783531961248661 0.1140285955954421 0
2275 0.6091502954168704 0.2166503396658284 0
2276 0.4956356447424937 0.06549424046651336 0
2277 0.6710078921194116 0.1052589219874757 0
2278 0.720802566813892 0.06285714285714289 0
2279 0.5842798942189839 0.1406034926027465 0
2280 0.5965270838266041 0.07806366892401762 0
2281 0.4318404435538493 0.0666248910625899 0
2282 0.6543064723583029 0.2087454222535791 0
2283 0.5749599477024436 0.02138273901367699 0
2284 0.6680874286731158 0.05545707160963104 0
2285 0.6519005100160699 0.1287279265273307 0
2286 0.7048438805284719 0.26976313994983 0
2287 0.7206052977656966 0.05178006358635906 0
2288 0.4858160207359107 0.2081946029815616 0
2289 0.6459868558441275 0.2604311163660304 0
2290 0.5465463511361097 0.1572907551067034 0
2291 0.3410906858678678 0.1128059634485957 0
2292 0.5857497534944439 0.04972918936041559 0
2293 0.1697123639573185 0.0320506604055093 0
2294 0.2370185366953901 0.0504812053605686 0
2295 0.3896686071675137 0.1244220384521283 0
2296 0.5387120135049044 0.1787909497212961 0
2297 0.675799925174733 0.2652294743857049 0
2298 0.641126846767033 0.1004437687154293 0
2299 0.3912349576033233 0.031030839926388 0
2300 0.5921171145973383 0.1191034755981928 0
2301 0.2890585242651429 0.08164113736104223 0
2302 0.2113387758743946 0.03565541981685261 0
2303 0.7024564546331755 0.4208118795851233 0
2304 0.2615873169937579 0.1570184517493982 0
2305 0.5972506461821875 0.2489603446835317 0
2306 0.2777683792764767 0.08362770982414641 0
2307 0.6421200063751812 0.03981709912051712 0
2308 0.2728777809211647 0.1550331875082261 0
2309 0.6170717934021771 0.4372063928220009 0
2310 0.5713339854483052 0.2334339485612544 0
2311 0.2360454091076671 0.1111243956248005 0
2312 0.5592612683520306 0.06445957562847532 0
2313 0.5620857436104423 0.3453528818391978 0
2314 0.5509397478724676 0.3473566512177307 0
2315 0.5405749104102776 0.2890246977650969 0
2316 0.5970254657772323 0.0477599600724577 0
2317 0.6489638144987011 0.07894395964806511 0
2318 0.6941953802174416 0.3023011967585212 0
2319 0.5187616673889475 0.03083801422145155 0
2320 0.2669644985401814 0.05529011562322694 0
2321 0.707450852556614 0.3497393109761669 0
2322 0.3824481158534512 0.3471101200900014 0
2323 0.6074623729545729 0.3073551633704041 0
2324 0.6972764237611218 0.321651019074725 0
2325 0.7020123776362092 0.311170499239227 0
2326 0.6386380041143661 0.2516799208057173 0
2327 0.5062937812956483 0.3552105657962253 0
2328 0.3450165439337489 0.1020384431622403 0
2329 0.6281839463020235 0.3936592297675254 0
2330 0.4804267905566247 0.07824506592213099 0
2331 0.49304177608595 0.4313515419475963 0
2332 0.3322747861359225 0.1949616995357447 0
2333 0.3489423094529351 0.09126918305658882 0
2334 0.6720143312799743 0.04470161177919435 0
2335 0.430875408127035 0.1272537074288442 0
2336 0.3209881521486762 0.1969477566293594 0
2337 0.6797112727814177 0.2545080377945915 0
2338 0.5762892668145366 0.3927983350675268 0
2339 0.6154869575350317 0.2857825919407188 0
2340 0.6041054414992396 0.2878682295803827 0
2341 0.2704020881999619 0.0748444500117007 0
2342 0.5694585325271724 0.3540952209081548 0
2343 0.5539514818234581 0.396725189327803 0
2344 0.5742655234111125 0.2831086200444858 0
2345 0.5471079369088037 0.3580374323614346 0
2346 0.4843512169729122 0.06747819436938551 0
2347 0.5466567922025178 0.3880157720219768 0
2348 0.4235096169100251 0.1184766685851442 0
2349 0.6723855437080014 0.2457553430796339 0
2350 0.2743255173134036 0.06407337095382015 0
2351 0.5769285211913121 0.131833373888871 0
2352 0.3528682019569597 0.08050098901984348 0
2353 0.6024851863428936 0.3782276941045098 0
2354 0.2556694592418049 0.05727793225697869 0
2355 0.3057782545177262 0.2096971824995205 0
2356 0.4985632788122885 0.1153612175180659 0
2357 0.5630269116916775 0.2850780024733836 0
2358 0.3567933048382765 0.06973026627976536 0
2359 0.4083092950660255 0.1312226897017202 0
2360 0.6401263591535458 0.1609766030805937 0
2361 0.5171385415335281 0.1222022131748629 0
2362 0.4093014668710875 0.07057666621407921 0
2363 0.600157066511893 0.29860577127702 0
2364 0.5284190764540497 0.1202184535190735 0
2365 0.4769876897292633 0.05869333120789322 0
2366 0.6906599371068201 0.4221828319613724 0
2367 0.4740728850148064 0.2404307806325184 0
2368 0.6770942140903907 0.3751774564277823 0
2369 0.6759343548524052 0.03457459453542328 0
2370 0.5323855272087361 0.1094372299355779 0
2371 0.5556944539971203 0.2763392323804572 0
2372 0.5247818785118634 0.3619629177163334 0
2373 0.4696250559385115 0.04989171591102859 0
2374 0.2483071432026374 0.04849616083857078 0
2375 0.5274458895048442 0.180774967757929 0
2376 0.3494310931171289 0.06094571059634285 0
2377 0.4009453986229981 0.1224448200541028 0
2378 0.4779854534137702 0.22967717271779 0
2379 0.3532535466580636 0.05014915630155403 0
2380 0.569576110371261 0.1230637997365682 0
2381 0.6337740987360474 0.09167639823778784 0
2382 0.639377476377178 0.3917196161413687 0
2383 0.5161787261834304 0.1827535074375655 0
2384 0.3459900028982809 0.0413894024972889 0
2385 0.2519672170524618 0.03800012909781758 0
2386 0.5286714284641414 0.3513008483575494 0
2387 0.4706436101855481 0.2208999711410601 0
2388 0.4735492878104223 0.03911769945097482 0
2389 0.3935865143423605 0.1136649490495481 0
2390 0.683639091979192 0.2437803718961817 0
2391 0.5622185728779712 0.1142878650317716 0
2392 0.5548751932219002 0.1055196239203441 0
2393 0.4474147794065212 0.3157008234621754 0
2394 0.6225010878707863 0.09365090507046486 0
2395 0.4775590022661792 0.02872112609116445 0
2396 0.6924466109317322 0.3914556889071217 0
2397 0.3975104072096322 0.1029062860327834 0
2398 0.5368063992305453 0.06838535776480908 0
2399 0.5088202288509815 0.1739851858847855 0
2400 0.3999993300680681 0.1830295892427133 0
2401 0.3734862125626602 0.1977668202691643 0
2402 0.4766624210816754 0.3504631578855262 0
2403 0.4014345769367721 0.09213349899398604 0
2404 0.6151423792772812 0.08488007789569424 0
2405 0.4745570720091933 0.2101614048424911 0
2406 0.6947420702440629 0.2419365500837577 0
2407 0.5444690573441433 0.2783127654653673 0
2408 0.5014676848812073 0.1652105079639237 0
2409 0.4205739969894308 0.06861394539105214 0
2410 0.3990678310811626 0.2435694517120809 0
2411 0.4053651501572865 0.08135711822357672 0
2412 0.6102948224209436 0.3568943940328769 0
2413 0.5376721399060437 0.2393387873018333 0
2414 0.3984859607046031 0.2739496598172986 0
2415 0.6333981799019119 0.3227855878634377 0
2416 0.6077898847375294 0.07610049289138227 0
2417 0.4941153887452845 0.1564365939184316 0
2418 0.2571976389086637 0.1980614310758348 0
2419 0.2940279359617287 0.2419149206241752 0
2420 0.6063865312423479 0.3675672683176478 0
2421 0.4867649764453128 0.1476621754050219 0
2422 0.5528642971756738 0.2265808429740702 0
2423 0.402037665294292 0.2933812934140513 0
2424 0.4395239450153887 0.3370319524847132 0
2425 0.3981116000055113 0.3041347903315602 0
2426 0.1761947108752827 0.1015005588278854 0
2427 0.4400794209654276 0.2766469784685438 0
2428 0.3867793354688375 0.3061909560435782 0
2429 0.5909647333258309 0.1797406077048948 0
2430 0.3274316628429577 0.2662821522024433 0
2431 0.4245055691653562 0.05784742234561169 0
2432 0.490687098573602 0.1369234811767072 0
2433 0.6117145631674979 0.06534775886263233 0
2434 0.3902706136955704 0.3256512592783634 0
2435 0.4284198208603727 0.04705797504078912 0
2436 0.1540785464414151 0.07512076431958714 0
2437 0.6156365524607377 0.054593859479586 0
2438 0.4693663994310091 0.3418038135910095 0
2439 0.4946151405697832 0.1261532320690183 0
2440 0.4211364725365729 0.03839139665913871 0
2441 0.4672167118238363 0.2013876781996714 0
2442 0.6082753789968522 0.04572136149523059 0
2443 0.3568663224490474 0.3014338110376841 0
2444 0.5371374953484299 0.2695833113233612 0
2445 0.1736786747396175 0.02134425418735753 0
2446 0.3529516715528185 0.3121264322065639 0
2447 0.4598602832938449 0.1926146371662757 0
2448 0.4662700034791266 0.2923135137089902 0
2449 0.5289331411408875 0.3211239829104701 0
2450 0.452508585096181 0.1838434017713743 0
2451 0.4810673462314471 0.2794711514429037 0
2452 0.6007941333829326 0.03647333953078435 0
2453 0.5298207479854743 0.2608226566773088 0
2454 0.5178309545907165 0.3231467781497686 0
2455 0.4098434868380759 0.2718984526270585 0
2456 0.463592627697686 0.4116559407856836 0
2457 0.4412425889092645 0.1858262193406347 0
2458 0.5436302777794977 0.1074947781753752 0
2459 0.4299671136692209 0.1878075477539738 0
2460 0.6287921620496039 0.3636592393053756 0
2461 0.4186877970774283 0.1897853413221242 0
2462 0.1250242451771927 0.04004565308006203 0
2463 0.4113048304700139 0.181032124791727 0
2464 0.4535567076406209 0.3843328014968247 0
2465 0.5409753430118693 0.00930748161411854 0
2466 0.3961206883481234 0.1937591198569136 0
2467 0.1320712750088449 0.04875979123651841 0
2468 0.5488991269466823 0.2373568869153262 0
2469 0.3848238462919731 0.1957514964749539 0
2470 0.3052702457415398 0.03890774828195886 0
2471 0.1393450194848848 0.05751425924204562 0
2472 0.1467150411744006 0.06631118792785784 0
2473 0.4732428471221155 0.3311212561769288 0
2474 0.1501488171169899 0.08583222956110148 0
2475 0.5337417624843862 0.2500765840838901 0
2476 0.1575175638074033 0.0946037181488511 0
2477 0.4882925144639907 0.3184621278360326 0
2478 0.1687823823723594 0.0926371495201927 0
2479 0.536298004264719 0.09870177311774575 0
2480 0.484418711530833 0.3291347920335757 0
2481 0.5236169147083858 0.01991407215205543 0
2482 0.1722167875333112 0.1121695919915814 0
2483 0.5402035428743266 0.08796397864299216 0
2484 0.5640612410093782 0.224693094310851 0
2485 0.5480488762183353 0.06643139695884726 0
2486 0.1795895567269311 0.1209436208640334 0
2487 0.1908820838987423 0.1189777586997228 0
2488 0.5328803308489652 0.07914285693055867 0
2489 0.633940521515628 0.2927313399038128 0
2490 0.1982351314789053 0.1277422135384964 0
2491 0.2055953163311573 0.1365170741660143 0
2492 0.2129582695205432 0.1452945203501955 0
2493 0.22033172297191 0.1540727082162568 0
2494 0.2276973795896394 0.1628518558514478 0
2495 0.2350539376704625 0.1716297435962589 0
2496 0.5398195918952026 0.3493605921868338 0
2497 0.2424147296593798 0.1804089930664858 0
2498 0.5519824099407584 0.05567763277171206 0
2499 0.2532538950198883 0.2087292614481099 0
2500 0.2900474467721575 0.2526105982034454 0
2501 0.2498153937238406 0.1892219486305722 0
2502 0.6199356495949391 0.2449553866321661 0
2503 0.5559124047879848 0.0449298896743387 0
2504 0.2606647961014482 0.2174995092703281 0
2505 0.2974234308457859 0.2613789319007559 0
2506 0.2719674242985168 0.2155793148508442 0
2507 0.5485930709570306 0.03616021886644588 0
2508 0.3087575164002146 0.2594356102582728 0
2509 0.3235344752006992 0.2770028786024062 0
2510 0.3200496074123178 0.2574999848078938 0
2511 0.5679904483986233 0.2139563774910586 0
2512 0.2793578162513856 0.2243557650029733 0
2513 0.3308888022414643 0.2857800393633612 0
2514 0.5525349904503374 0.02562273085364508 0
2515 0.3490203424761464 0.322818305936224 0
2516 0.2867196279522846 0.2331374538733144 0
2517 0.3382516951172987 0.29455767230545 0
2518 0.3563581575220477 0.3316029066787134 0
2519 0.5719126677619418 0.2032252233837053 0
2520 0.3495225265536662 0.2926054519966448 0
2521 0.3677095656609476 0.3296679411378291 0
2522 0.3789789675623995 0.3276586344970087 0
2523 0.6460492070952357 0.02923539686083343 0
2524 0.4358227850110514 0.3175949681592033 0
2525 0.5758237871620691 0.192469487721026 0
2526 0.579760459872221 0.1817089164748481 0
2527 0.6487415267617632 0.3099209840238085 0
2528 0.5067069607272545 0.3251558478359278 0
2529 0.6562566756091993 0.3187530283763863 0
2530 0.5436647486621397 0.3386572518128954 0
2531 0.5363319834739551 0.3299014457113064 0
2532 0.662710025737376 0.357819699186165 0
2533 0.4083446676778021 0.3924707198000594 0
2534 0.4243088370658901 0.3195685487141888 0
2535 0.4645349661556429 0.3824306002912412 0
2536 0.28933205275163 0.02134752699412579 0
2537 0.1225654652654433 0.02009120870640158 0
2538 0.4993840917254166 0.3165089618354223 0
2539 0.495961755187625 0.2971359800389439 0
2540 0.4885866424804059 0.2883399655083791 0
2541 0.5032243396818531 0.3057735558736028 0
2542 0.4091053577765648 0.3625187288241784 0
2543 0.4513060753731838 0.2747282295906506 0
2544 0.45879147618036 0.2835112890879893 0
2545 0.4826740714743893 0.3890374097567074 0
2546 0.710066547925438 0.3993175378274868 0
2547 0.3651429871912238 0.01824071650063469 0
2548 0.4868571782466163 0.3784779058223955 0
2549 0.5050327893160776 0.3852677382183974 0
2550 0.6391988191900957 0.4389194893723355 0
2551 0.4146487972138425 0.02944006321979115 0
2552 0.0831505725989985 0.008646595976819382 0
2553 0.5603366328239888 0.4345545709011455 0
2554 0.6957345183395652 0.01973918671367175 0
2555 0.7207361903086172 0.3938580007650854 0
2556 0.4925544376043315 0.01629046716213939 0
2557 0.5713568517688047 0.4347296363482552 0
2558 0.7214385880191424 0.2010569304546876 0
2559 0.5235280278122869 0.3919720994133692 0
2560 0.7209734982098591 0.1429235037290696 0
2561 0.2376993624231903 0.02071764835419732 0
2562 0.7213206685087487 0.1655555220580571 0
2563 0.6508441589357103 0.01904387170339694 0
2564 0.2489503359132966 0.01906947116778435 0
2565 0.474089131867889 0.009656819499079816 0
2566 0.5887421599562556 0.009881353998067166 0
2567 0.6503677133435027 0.4394627375145098 0
2568 0.1851629600692395 0.02042071252589245 0
2569 0.1339400208180416 0.01928988946328558 0
2570 0.5298026682651894 0.009248199786938138 0
2571 0.7076497767945901 0.4301137629634592 0
2572 0.4443680450052373 0.4227833107521904 0
2573 0.453169096470734 0.4259106200098802 0
2574 0.7217713308565218 0.3368657876370221 0
2575 0.1639422162408234 0.009270741748091726 0
2576 0.4709989994823899 0.4313501570774294 0
2577 0.6048377976166704 0.4253517376584227 0
2578 0.1178056182096152 0.03073625570166438 0
2579 0.7115835463942444 0.07873440764986139 0
2580 0.3701915708155549 0.009014940379195091 0
2581 0.2674919579891693 0.02608676716551428 0
2582 0.7107095461111985 0.1075740060304174 0
2583 0.7116656068307005 0.3669781226076245 0
2584 0.7116339577586274 0.04756041873858663 0
2585 0.7122945563855128 0.3076747460195235 0
2586 0.5545561587941168 0.4254741716412678 0
2587 0.2562326472934956 0.02773411610568088 0
2588 0.4202080982046078 0.01867476601681306 0
2589 0.6627779259944748 0.01849499317206416 0
2590 0.7233081472633844 0.2797465040939387 0
2591 0.481514962367927 0.01861738857349715 0
2592 0.711967442046844 0.2495265289237013 0
2593 0.3169824579374678 0.03825213866052807 0
2594 0.5101140694927266 0.4223982005710653 0
2595 0.6827106550692362 0.4414445873692145 0
2596 0.4430511314568646 0.4139450106977507 0
2597 0.7193974447147359 0.4141415404147327 0
2598 0.1445644325599841 0.01788099728404818 0
2599 0.5462771205587292 0.01826903281565218 0
2600 0.1979268196316255 0.008351828616976475 0
2601 0.7027266276867485 0.3927964053756938 0
2602 0.7227735911562979 0.02887199425112746 0
2603 0.7127099961523514 0.2166438013137227 0
2604 0.3827912619281367 0.008772213978235355 0
2605 0.6335980529293566 0.4303559685915022 0
2606 0.4596723170545176 0.4199670321963199 0
2607 0.5942248876040319 0.0184250101339597 0
2608 0.4260796297163532 0.009224883448007204 0
2609 0.6743116907195712 0.01838095354216029 0
2610 0.6967954869093169 0.4303277549791808 0
2611 0.7131046625185029 0.1595063170738226 0
2612 0.499015088714739 0.4231899938658349 0
2613 0.6866220340467025 0.432008769356696 0
2614 0.712982194288222 0.1266661271305717 0
2615 0.5940039686119877 0.4384621892128525 0
2616 0.7136739690959155 0.2972795913532536 0
2617 0.711864067375756 0.1871155396454156 0
2618 0.4941782996986331 0.007497623536037501 0
2619 0.2723617039550848 0.01722935538123843 0
2620 0.09005464891353399 0.01719227017453451 0
2621 0.3284277649302589 0.03723338371762741 0
2622 0.7222937454932215 0.008394439083908578 0
2623 0.148412324896378 0.008463007043146287 0
2624 0.7123556963341218 0.3575077263042581 0
2625 0.7136176763874386 0.3304757017709097 0
2626 0.7020851714327853 0.4370713450148983 0
2627 0.7139848935196348 0.06862148911804083 0
2628 0.4283326406476998 0.4159205288425858 0
2629 0.5566347731014127 0.01773857115351968 0
2630 0.6927960033108034 0.3809716497711533 0
2631 0.6708683760463237 0.4410751379830568 0
2632 0.3883418244076184 0.01849796038813223 0
2633 0.2046700302748723 0.01719811907363827 0
2634 0.5448091385597825 0.4262121583683986 0
2635 0.6231451089520254 0.4306559764347361 0
2636 0.2975534486638216 0.01800072450488044 0
2637 0.7240042309034581 0.09708585852387741 0
2638 0.6787419608097056 0.02609162243026719 0
2639 0.7144813440782593 0.2399428850463881 0
2640 0.5098869268980468 0.008218818798129079 0
2641 0.09968878302333162 0.01603371751009181 0
2642 0.2832556308403023 0.01597111369806381 0
2643 0.4886594129236654 0.4236951304812542 0
2644 0.7143756970555207 0.2065614458764792 0
2645 0.2155520599914346 0.02784586393080113 0
2646 0.4396405528328842 0.01802321767663084 0
2647 0.3393467846937385 0.03664105481964447 0
2648 0.7132983495420457 0.2668758571894909 0
$EndNodes
$Elements
5296
1 15 2 6 1 1
2 15 2 7 13 13
3 1 2 4 1 1 15
4 1 2 4 1 15 16
5 1 2 4 1 16 17
6 1 2 4 1 17 18
7 1 2 4 1 18 19
8 1 2 4 1 19 20
9 1 2 4 1 20 21
10 1 2 4 1 21 22
11 1 2 4 1 22 23
12 1 2 4 1 23 24
13 1 2 4 1 24 25
14 1 2 4 1 25 26
15 1 2 4 1 26 27
16 1 2 4 1 27 28
17 1 2 4 1 28 2
18 1 2 4 3 3 39
19 1 2 4 3 39 40
20 1 2 4 3 40 41
21 1 2 4 3 41 42
22 1 2 4 3 42 43
23 1 2 4 3 43 44
24 1 2 4 3 44 45
25 1 2 4 3 45 4
26 1 2 4 4 4 46
27 1 2 4 4 46 47
28 1 2 4 4 47 48
29 1 2 4 4 48 49
30 1 2 4 4 49 50
31 1 2 4 4 50 51
32 1 2 4 4 51 52
33 1 2 4 4 52 53
34 1 2 4 4 53 54
35 1 2 4 4 54 55
36 1 2 4 4 55 56
37 1 2 4 4 56 57
38 1 2 4 4 57 58
39 1 2 4 4 58 59
40 1 2 4 4 59 60
41 1 2 4 4 60 61
42 1 2 4 4 61 62
43 1 2 4 4 62 63
44 1 2 4 4 63 64
45 1 2 4 4 64 65
46 1 2 4 4 65 66
47 1 2 4 4 66 67
48 1 2 4 4 67 68
49 1 2 4 4 68 69
50 1 2 4 4 69 70
51 1 2 4 4 70 71
52 1 2 4 4 71 72
53 1 2 4 4 72 73
54 1 2 4 4 73 74
55 1 2 4 4 74 75
56 1 2 4 4 75 76
57 1 2 4 4 76 77
58 1 2 4 4 77 78
59 1 2 4 4 78 79
60 1 2 4 4 79 80
61 1 2 4 4 80 81
62 1 2 4 4 81 82
63 1 2 4 4 82 83
64 1 2 4 4 83 84
65 1 2 4 4 84 85
66 1 2 4 4 85 86
67 1 2 4 4 86 87
68 1 2 4 4 87 88
69 1 2 4 4 88 89
70 1 2 4 4 89 90
71 1 2 4 4 90 91
72 1 2 4 4 91 92
73 1 2 4 4 92 93
74 1 2 4 4 93 94
75 1 2 4 4 94 5
76 1 2 5 5 5 95
77 1 2 5 5 95 96
78 1 2 5 5 96 97
79 1 2 5 5 97 98
80 1 2 5 5 98 99
81 1 2 5 5 99 6
82 1 2 5 11 11 209
83 1 2 5 11 209 210
84 1 2 5 11 210 211
85 1 2 5 11 211 212
86 1 2 5 11 212 12
87 1 2 4 12 12 213
88 1 2 4 12 213 214
89 1 2 4 12 214 215
90 1 2 4 12 215 216
91 1 2 4 12 216 217
92 1 2 4 12 217 218
93 1 2 4 12 218 219
94 1 2 4 12 219 220
95 1 2 4 12 220 221
96 1 2 4 12 221 222
97 1 2 4 12 222 223
98 1 2 4 12 223 224
99 1 2 4 12 224 225
100 1 2 4 12 225 226
101 1 2 4 12 226 227
102 1 2 4 12 227 228
103 1 2 4 12 228 229
104 1 2 4 12 229 230
105 1 2 4 12 230 231
106 1 2 4 12 231 232
107 1 2 4 12 232 233
108 1 2 4 12 233 234
109 1 2 4 12 234 235
110 1 2 4 12 235 236
111 1 2 4 12 236 237
112 1 2 4 12 237 238
113 1 2 4 12 238 239
114 1 2 4 12 239 240
115 1 2 4 12 240 241
116 1 2 4 12 241 242
117 1 2 4 12 242 243
118 1 2 4 12 243 244
119 1 2 4 12 244 245
120 1 2 4 12 245 246
121 1 2 4 12 246 13
122 1 2 4 13 13 247
123 1 2 4 13 247 248
124 1 2 4 13 248 249
125 1 2 4 13 249 250
126 1 2 4 13 250 251
127 1 2 4 13 251 252
128 1 2 4 13 252 253
129 1 2 4 13 253 254
130 1 2 4 13 254 255
131 1 2 4 13 255 256
132 1 2 4 13 256 257
133 1 2 4 13 257 258
134 1 2 4 13 258 259
135 1 2 4 13 259 1
136 1 2 4 14 2 260
137 1 2 4 14 260 261
138 1 2 4 14 261 262
139 1 2 4 14 262 14
140 1 2 4 15 14 263
141 1 2 4 15 263 264
142 1 2 4 15 264 265
143 1 2 4 15 265 3
144 1 2 5 16 6 266
145 1 2 5 16 266 267
146 1 2 5 16 267 268
147 1 2 5 16 268 269
148 1 2 5 16 269 270
149 1 2 5 16 270 271
150 1 2 5 16 271 272
151 1 2 5 16 272 273
152 1 2 5 16 273 274
153 1 2 5 16 274 275
154 1 2 5 16 275 276
155 1 2 5 16 276 277
156 1 2 5 16 277 278
157 1 2 5 16 278 279
158 1 2 5 16 279 280
159 1 2 5 16 280 281
160 1 2 5 16 281 282
161 1 2 5 16 282 283
162 1 2 5 16 283 284
163 1 2 5 16 284 285
164 1 2 5 16 285 286
165 1 2 5 16 286 287
166 1 2 5 16 287 288
167 1 2 5 16 288 289
168 1 2 5 16 289 290
169 1 2 5 16 290 291
170 1 2 5 16 291 292
171 1 2 5 16 292 293
172 1 2 5 16 293 294
173 1 2 5 16 294 295
174 1 2 5 16 295 296
175 1 2 5 16 296 297
176 1 2 5 16 297 298
177 1 2 5 16 298 299
178 1 2 5 16 299 300
179 1 2 5 16 300 301
180 1 2 5 16 301 302
181 1 2 5 16 302 303
182 1 2 5 16 303 304
183 1 2 5 16 304 305
184 1 2 5 16 305 306
185 1 2 5 16 306 307
186 1 2 5 16 307 308
187 1 2 5 16 308 309
188 1 2 5 16 309 310
189 1 2 5 16 310 311
190 1 2 5 16 311 312
191 1 2 5 16 312 313
192 1 2 5 16 313 314
193 1 2 5 16 314 315
194 1 2 5 16 315 316
195 1 2 5 16 316 317
196 1 2 5 16 317 318
197 1 2 5 16 318 319
198 1 2 5 16 319 320
199 1 2 5 16 320 321
200 1 2 5 16 321 322
201 1 2 5 16 322 11
202 2 2 2 1 435 691 493
203 2 2 2 1 524 693 687
204 2 2 2 1 687 693 335
205 2 2 2 1 102 471 101
206 2 2 2 1 695 800 487
207 2 2 2 1 630 719 697
208 2 2 2 1 641 709 642
209 2 2 2 1 641 717 709
210 2 2 2 1 629 719 630
211 2 2 2 1 327 494 492
212 2 2 2 1 727 732 647
213 2 2 2 1 492 662 327
214 2 2 2 1 647 732 648
215 2 2 2 1 483 682 390
216 2 2 2 1 390 698 483
217 2 2 2 1 675 768 518
218 2 2 2 1 430 695 487
219 2 2 2 1 352 735 734
220 2 2 2 1 664 800 684
221 2 2 2 1 734 735 589
222 2 2 2 1 463 478 334
223 2 2 2 1 597 698 390
224 2 2 2 1 390 703 597
225 2 2 2 1 514 768 675
226 2 2 2 1 35 151 34
227 2 2 2 1 479 666 478
228 2 2 2 1 474 475 369
229 2 2 2 1 426 809 781
230 2 2 2 1 353 733 731
231 2 2 2 1 731 733 585
232 2 2 2 1 335 693 463
233 2 2 2 1 666 755 377
234 2 2 2 1 664 684 488
235 2 2 2 1 463 736 335
236 2 2 2 1 483 780 421
237 2 2 2 1 419 526 477
238 2 2 2 1 493 691 326
239 2 2 2 1 421 682 483
240 2 2 2 1 354 730 729
241 2 2 2 1 428 764 747
242 2 2 2 1 627 708 600
243 2 2 2 1 602 718 349
244 2 2 2 1 612 710 422
245 2 2 2 1 422 721 612
246 2 2 2 1 653 722 610
247 2 2 2 1 349 724 602
248 2 2 2 1 636 707 339
249 2 2 2 1 645 712 619
250 2 2 2 1 339 720 636
251 2 2 2 1 618 715 393
252 2 2 2 1 656 706 605
253 2 2 2 1 393 713 618
254 2 2 2 1 385 723 624
255 2 2 2 1 641 720 339
256 2 2 2 1 339 717 641
257 2 2 2 1 624 705 385
258 2 2 2 1 343 716 624
259 2 2 2 1 642 709 385
260 2 2 2 1 387 715 618
261 2 2 2 1 385 705 642
262 2 2 2 1 624 723 343
263 2 2 2 1 341 707 636
264 2 2 2 1 606 714 344
265 2 2 2 1 611 712 645
266 2 2 2 1 601 722 653
267 2 2 2 1 344 725 606
268 2 2 2 1 629 706 656
269 2 2 2 1 656 719 629
270 2 2 2 1 607 708 627
271 2 2 2 1 729 730 581
272 2 2 2 1 600 783 627
273 2 2 2 1 610 784 653
274 2 2 2 1 619 785 645
275 2 2 2 1 618 786 387
276 2 2 2 1 627 787 607
277 2 2 2 1 605 789 656
278 2 2 2 1 645 790 611
279 2 2 2 1 636 791 341
280 2 2 2 1 653 792 601
281 2 2 2 1 647 716 343
282 2 2 2 1 343 727 647
283 2 2 2 1 526 527 477
284 2 2 2 1 515 663 511
285 2 2 2 1 479 755 666
286 2 2 2 1 355 728 726
287 2 2 2 1 328 663 515
288 2 2 2 1 726 728 577
289 2 2 2 1 418 469 468
290 2 2 2 1 457 809 426
291 2 2 2 1 496 756 380
292 2 2 2 1 380 769 496
293 2 2 2 1 690 773 591
294 2 2 2 1 470 737 373
295 2 2 2 1 478 666 334
296 2 2 2 1 747 764 445
297 2 2 2 1 597 703 388
298 2 2 2 1 329 512 511
299 2 2 2 1 356 704 701
300 2 2 2 1 511 663 329
301 2 2 2 1 701 704 573
302 2 2 2 1 388 794 597
303 2 2 2 1 420 471 102
304 2 2 2 1 334 736 463
305 2 2 2 1 741 755 455
306 2 2 2 1 357 700 699
307 2 2 2 1 699 700 569
308 2 2 2 1 659 773 690
309 2 2 2 1 781 809 446
310 2 2 2 1 418 468 467
311 2 2 2 1 358 694 692
312 2 2 2 1 692 694 565
313 2 2 2 1 353 731 589
314 2 2 2 1 589 735 353
315 2 2 2 1 359 689 688
316 2 2 2 1 688 689 561
317 2 2 2 1 34 8 33
318 2 2 2 1 354 729 585
319 2 2 2 1 585 733 354
320 2 2 2 1 524 687 336
321 2 2 2 1 8 152 33
322 2 2 2 1 360 686 685
323 2 2 2 1 373 519 470
324 2 2 2 1 685 686 557
325 2 2 2 1 475 476 369
326 2 2 2 1 101 471 418
327 2 2 2 1 355 726 581
328 2 2 2 1 581 730 355
329 2 2 2 1 377 755 741
330 2 2 2 1 336 805 524
331 2 2 2 1 680 683 361
332 2 2 2 1 369 668 474
333 2 2 2 1 553 683 680
334 2 2 2 1 356 701 577
335 2 2 2 1 479 770 456
336 2 2 2 1 332 502 501
337 2 2 2 1 577 728 356
338 2 2 2 1 504 506 331
339 2 2 2 1 676 678 362
340 2 2 2 1 34 151 8
341 2 2 2 1 549 678 676
342 2 2 2 1 357 699 573
343 2 2 2 1 28 503 27
344 2 2 2 1 573 704 357
345 2 2 2 1 363 674 673
346 2 2 2 1 673 674 545
347 2 2 2 1 433 493 490
348 2 2 2 1 358 692 569
349 2 2 2 1 424 749 748
350 2 2 2 1 364 679 672
351 2 2 2 1 437 438 372
352 2 2 2 1 569 700 358
353 2 2 2 1 99 467 427
354 2 2 2 1 672 679 541
355 2 2 2 1 359 688 565
356 2 2 2 1 439 749 465
357 2 2 2 1 365 702 677
358 2 2 2 1 454 464 451
359 2 2 2 1 565 694 359
360 2 2 2 1 424 762 749
361 2 2 2 1 433 490 489
362 2 2 2 1 360 685 561
363 2 2 2 1 451 464 323
364 2 2 2 1 677 702 537
365 2 2 2 1 561 689 360
366 2 2 2 1 172 777 441
367 2 2 2 1 459 462 460
368 2 2 2 1 361 683 557
369 2 2 2 1 30 445 425
370 2 2 2 1 462 478 460
371 2 2 2 1 503 766 425
372 2 2 2 1 35 774 151
373 2 2 2 1 366 740 696
374 2 2 2 1 424 748 448
375 2 2 2 1 26 525 25
376 2 2 2 1 448 754 424
377 2 2 2 1 557 686 361
378 2 2 2 1 435 493 433
379 2 2 2 1 31 486 445
380 2 2 2 1 362 678 553
381 2 2 2 1 168 489 379
382 2 2 2 1 553 680 362
383 2 2 2 1 425 772 503
384 2 2 2 1 363 673 549
385 2 2 2 1 143 459 394
386 2 2 2 1 506 661 331
387 2 2 2 1 549 676 363
388 2 2 2 1 696 740 533
389 2 2 2 1 170 431 169
390 2 2 2 1 332 503 502
391 2 2 2 1 364 672 545
392 2 2 2 1 174 443 437
393 2 2 2 1 172 441 171
394 2 2 2 1 173 437 372
395 2 2 2 1 6 467 99
396 2 2 2 1 27 503 332
397 2 2 2 1 486 747 445
398 2 2 2 1 545 674 364
399 2 2 2 1 365 677 541
400 2 2 2 1 24 661 23
401 2 2 2 1 501 525 332
402 2 2 2 1 367 743 533
403 2 2 2 1 417 527 526
404 2 2 2 1 749 775 465
405 2 2 2 1 367 744 743
406 2 2 2 1 94 5 95
407 2 2 2 1 366 696 537
408 2 2 2 1 490 493 492
409 2 2 2 1 541 679 365
410 2 2 2 1 468 737 470
411 2 2 2 1 417 528 527
412 2 2 2 1 515 756 496
413 2 2 2 1 331 525 504
414 2 2 2 1 732 767 648
415 2 2 2 1 489 490 379
416 2 2 2 1 485 788 671
417 2 2 2 1 456 755 479
418 2 2 2 1 459 460 394
419 2 2 2 1 259 751 258
420 2 2 2 1 778 788 485
421 2 2 2 1 411 767 732
422 2 2 2 1 467 468 427
423 2 2 2 1 174 793 443
424 2 2 2 1 537 702 366
425 2 2 2 1 520 737 681
426 2 2 2 1 426 761 449
427 2 2 2 1 325 800 695
428 2 2 2 1 743 744 529
429 2 2 2 1 445 764 425
430 2 2 2 1 443 660 444
431 2 2 2 1 460 478 463
432 2 2 2 1 496 810 515
433 2 2 2 1 462 770 479
434 2 2 2 1 25 525 331
435 2 2 2 1 332 525 26
436 2 2 2 1 533 740 367
437 2 2 2 1 416 532 531
438 2 2 2 1 170 801 431
439 2 2 2 1 684 800 325
440 2 2 2 1 9 489 168
441 2 2 2 1 420 472 471
442 2 2 2 1 368 779 476
443 2 2 2 1 476 759 368
444 2 2 2 1 449 450 323
445 2 2 2 1 108 530 107
446 2 2 2 1 477 771 419
447 2 2 2 1 23 661 330
448 2 2 2 1 331 661 24
449 2 2 2 1 330 514 513
450 2 2 2 1 372 777 172
451 2 2 2 1 4 666 377
452 2 2 2 1 375 754 448
453 2 2 2 1 93 750 436
454 2 2 2 1 144 459 143
455 2 2 2 1 418 471 469
456 2 2 2 1 329 513 512
457 2 2 2 1 46 666 4
458 2 2 2 1 448 763 375
459 2 2 2 1 416 531 530
460 2 2 2 1 368 759 529
461 2 2 2 1 475 477 476
462 2 2 2 1 145 464 324
463 2 2 2 1 323 464 146
464 2 2 2 1 255 738 254
465 2 2 2 1 505 518 506
466 2 2 2 1 147 449 323
467 2 2 2 1 100 467 6
468 2 2 2 1 529 744 368
469 2 2 2 1 437 440 438
470 2 2 2 1 438 439 372
471 2 2 2 1 493 803 492
472 2 2 2 1 402 518 505
473 2 2 2 1 681 737 469
474 2 2 2 1 462 479 478
475 2 2 2 1 327 495 494
476 2 2 2 1 504 525 501
477 2 2 2 1 426 449 148
478 2 2 2 1 416 530 108
479 2 2 2 1 107 530 417
480 2 2 2 1 415 536 535
481 2 2 2 1 426 781 761
482 2 2 2 1 110 534 109
483 2 2 2 1 461 522 521
484 2 2 2 1 490 491 379
485 2 2 2 1 142 521 141
486 2 2 2 1 528 529 527
487 2 2 2 1 739 745 669
488 2 2 2 1 149 457 426
489 2 2 2 1 533 743 531
490 2 2 2 1 742 760 429
491 2 2 2 1 415 535 534
492 2 2 2 1 7 458 144
493 2 2 2 1 468 470 427
494 2 2 2 1 455 808 741
495 2 2 2 1 373 737 520
496 2 2 2 1 417 530 528
497 2 2 2 1 505 593 402
498 2 2 2 1 396 592 516
499 2 2 2 1 429 447 446
500 2 2 2 1 258 751 374
501 2 2 2 1 166 497 380
502 2 2 2 1 458 462 459
503 2 2 2 1 460 461 394
504 2 2 2 1 516 675 396
505 2 2 2 1 532 533 531
506 2 2 2 1 154 486 153
507 2 2 2 1 429 802 742
508 2 2 2 1 109 534 416
509 2 2 2 1 415 534 110
510 2 2 2 1 450 451 323
511 2 2 2 1 141 521 395
512 2 2 2 1 420 473 472
513 2 2 2 1 91 519 373
514 2 2 2 1 167 497 166
515 2 2 2 1 421 488 214
516 2 2 2 1 208 430 207
517 2 2 2 1 480 481 347
518 2 2 2 1 418 467 100
519 2 2 2 1 394 521 142
520 2 2 2 1 430 487 480
521 2 2 2 1 502 507 499
522 2 2 2 1 750 776 436
523 2 2 2 1 416 534 532
524 2 2 2 1 429 446 37
525 2 2 2 1 414 540 539
526 2 2 2 1 206 480 347
527 2 2 2 1 482 595 594
528 2 2 2 1 490 492 491
529 2 2 2 1 423 738 255
530 2 2 2 1 112 538 111
531 2 2 2 1 36 809 774
532 2 2 2 1 480 487 481
533 2 2 2 1 437 443 440
534 2 2 2 1 498 507 428
535 2 2 2 1 169 378 9
536 2 2 2 1 408 560 559
537 2 2 2 1 407 564 563
538 2 2 2 1 499 507 498
539 2 2 2 1 205 594 204
540 2 2 2 1 522 693 524
541 2 2 2 1 405 568 567
542 2 2 2 1 404 572 571
543 2 2 2 1 399 588 587
544 2 2 2 1 400 584 583
545 2 2 2 1 403 576 575
546 2 2 2 1 401 580 579
547 2 2 2 1 430 480 207
548 2 2 2 1 409 556 555
549 2 2 2 1 378 489 9
550 2 2 2 1 458 459 144
551 2 2 2 1 517 518 402
552 2 2 2 1 433 489 378
553 2 2 2 1 38 429 37
554 2 2 2 1 402 593 159
555 2 2 2 1 156 498 428
556 2 2 2 1 162 592 396
557 2 2 2 1 410 552 551
558 2 2 2 1 414 539 538
559 2 2 2 1 214 488 213
560 2 2 2 1 440 448 438
561 2 2 2 1 432 433 378
562 2 2 2 1 536 537 535
563 2 2 2 1 215 421 214
564 2 2 2 1 408 559 558
565 2 2 2 1 407 563 562
566 2 2 2 1 405 567 566
567 2 2 2 1 404 571 570
568 2 2 2 1 398 591 590
569 2 2 2 1 399 587 586
570 2 2 2 1 400 583 582
571 2 2 2 1 401 579 578
572 2 2 2 1 403 575 574
573 2 2 2 1 409 555 554
574 2 2 2 1 124 562 123
575 2 2 2 1 122 558 121
576 2 2 2 1 126 566 125
577 2 2 2 1 128 570 127
578 2 2 2 1 138 590 137
579 2 2 2 1 136 586 135
580 2 2 2 1 134 582 133
581 2 2 2 1 130 574 129
582 2 2 2 1 132 578 131
583 2 2 2 1 93 436 92
584 2 2 2 1 447 760 484
585 2 2 2 1 160 517 402
586 2 2 2 1 380 508 165
587 2 2 2 1 120 554 119
588 2 2 2 1 395 667 140
589 2 2 2 1 412 548 547
590 2 2 2 1 410 551 550
591 2 2 2 1 111 538 415
592 2 2 2 1 414 538 112
593 2 2 2 1 413 544 543
594 2 2 2 1 415 538 536
595 2 2 2 1 406 499 498
596 2 2 2 1 379 497 167
597 2 2 2 1 118 550 117
598 2 2 2 1 509 511 510
599 2 2 2 1 492 494 491
600 2 2 2 1 500 501 499
601 2 2 2 1 204 594 346
602 2 2 2 1 508 509 381
603 2 2 2 1 412 547 546
604 2 2 2 1 443 793 660
605 2 2 2 1 408 558 122
606 2 2 2 1 407 562 124
607 2 2 2 1 510 592 381
608 2 2 2 1 406 593 500
609 2 2 2 1 405 566 126
610 2 2 2 1 404 570 128
611 2 2 2 1 501 502 499
612 2 2 2 1 398 590 138
613 2 2 2 1 399 586 136
614 2 2 2 1 400 582 134
615 2 2 2 1 403 574 130
616 2 2 2 1 401 578 132
617 2 2 2 1 518 768 506
618 2 2 2 1 537 696 535
619 2 2 2 1 409 554 120
620 2 2 2 1 114 542 113
621 2 2 2 1 413 543 542
622 2 2 2 1 500 593 505
623 2 2 2 1 516 592 510
624 2 2 2 1 116 546 115
625 2 2 2 1 410 550 118
626 2 2 2 1 491 497 379
627 2 2 2 1 511 512 510
628 2 2 2 1 509 515 511
629 2 2 2 1 509 510 381
630 2 2 2 1 347 594 205
631 2 2 2 1 473 474 472
632 2 2 2 1 500 504 501
633 2 2 2 1 91 373 90
634 2 2 2 1 460 463 461
635 2 2 2 1 406 500 499
636 2 2 2 1 406 498 157
637 2 2 2 1 412 546 116
638 2 2 2 1 495 496 494
639 2 2 2 1 443 444 440
640 2 2 2 1 156 428 155
641 2 2 2 1 413 542 114
642 2 2 2 1 123 562 408
643 2 2 2 1 247 411 13
644 2 2 2 1 125 566 407
645 2 2 2 1 121 558 409
646 2 2 2 1 127 570 405
647 2 2 2 1 137 590 399
648 2 2 2 1 135 586 400
649 2 2 2 1 129 574 404
650 2 2 2 1 133 582 401
651 2 2 2 1 131 578 403
652 2 2 2 1 540 541 539
653 2 2 2 1 396 517 161
654 2 2 2 1 164 508 381
655 2 2 2 1 463 693 461
656 2 2 2 1 119 554 410
657 2 2 2 1 560 561 559
658 2 2 2 1 564 565 563
659 2 2 2 1 568 569 567
660 2 2 2 1 572 573 571
661 2 2 2 1 588 589 587
662 2 2 2 1 584 585 583
663 2 2 2 1 576 577 575
664 2 2 2 1 580 581 579
665 2 2 2 1 556 557 555
666 2 2 2 1 436 519 92
667 2 2 2 1 530 531 528
668 2 2 2 1 552 553 551
669 2 2 2 1 373 520 90
670 2 2 2 1 117 550 412
671 2 2 2 1 166 380 165
672 2 2 2 1 162 396 161
673 2 2 2 1 168 379 167
674 2 2 2 1 164 381 163
675 2 2 2 1 160 402 159
676 2 2 2 1 158 406 157
677 2 2 2 1 89 520 370
678 2 2 2 1 113 542 414
679 2 2 2 1 461 521 394
680 2 2 2 1 521 522 395
681 2 2 2 1 548 549 547
682 2 2 2 1 414 542 540
683 2 2 2 1 421 664 488
684 2 2 2 1 544 545 543
685 2 2 2 1 157 498 156
686 2 2 2 1 115 546 413
687 2 2 2 1 408 562 560
688 2 2 2 1 407 566 564
689 2 2 2 1 446 809 37
690 2 2 2 1 405 570 568
691 2 2 2 1 404 574 572
692 2 2 2 1 399 590 588
693 2 2 2 1 400 586 584
694 2 2 2 1 403 578 576
695 2 2 2 1 401 582 580
696 2 2 2 1 450 452 451
697 2 2 2 1 409 558 556
698 2 2 2 1 516 782 675
699 2 2 2 1 534 535 532
700 2 2 2 1 469 737 468
701 2 2 2 1 165 508 164
702 2 2 2 1 161 517 160
703 2 2 2 1 523 667 395
704 2 2 2 1 410 554 552
705 2 2 2 1 101 418 100
706 2 2 2 1 431 432 378
707 2 2 2 1 207 480 206
708 2 2 2 1 538 539 536
709 2 2 2 1 505 506 504
710 2 2 2 1 473 475 474
711 2 2 2 1 481 483 482
712 2 2 2 1 412 550 548
713 2 2 2 1 105 526 419
714 2 2 2 1 432 435 433
715 2 2 2 1 413 546 544
716 2 2 2 1 522 524 523
717 2 2 2 1 522 523 395
718 2 2 2 1 542 543 540
719 2 2 2 1 562 563 560
720 2 2 2 1 566 567 564
721 2 2 2 1 570 571 568
722 2 2 2 1 574 575 572
723 2 2 2 1 590 591 588
724 2 2 2 1 586 587 584
725 2 2 2 1 578 579 576
726 2 2 2 1 582 583 580
727 2 2 2 1 558 559 556
728 2 2 2 1 4 377 45
729 2 2 2 1 44 376 43
730 2 2 2 1 41 333 40
731 2 2 2 1 554 555 552
732 2 2 2 1 594 595 346
733 2 2 2 1 417 526 106
734 2 2 2 1 550 551 548
735 2 2 2 1 546 547 544
736 2 2 2 1 381 592 163
737 2 2 2 1 434 745 739
738 2 2 2 1 158 593 406
739 2 2 2 1 139 398 138
740 2 2 2 1 123 408 122
741 2 2 2 1 143 394 142
742 2 2 2 1 121 409 120
743 2 2 2 1 119 410 118
744 2 2 2 1 117 412 116
745 2 2 2 1 113 414 112
746 2 2 2 1 137 399 136
747 2 2 2 1 103 420 102
748 2 2 2 1 115 413 114
749 2 2 2 1 133 401 132
750 2 2 2 1 111 415 110
751 2 2 2 1 135 400 134
752 2 2 2 1 129 404 128
753 2 2 2 1 127 405 126
754 2 2 2 1 105 419 104
755 2 2 2 1 109 416 108
756 2 2 2 1 107 417 106
757 2 2 2 1 141 395 140
758 2 2 2 1 125 407 124
759 2 2 2 1 131 403 130
760 2 2 2 1 453 454 451
761 2 2 2 1 106 526 105
762 2 2 2 1 163 592 162
763 2 2 2 1 159 593 158
764 2 2 2 1 90 520 89
765 2 2 2 1 92 519 91
766 2 2 2 1 595 596 346
767 2 2 2 1 256 423 255
768 2 2 2 1 251 424 250
769 2 2 2 1 253 397 252
770 2 2 2 1 258 374 257
771 2 2 2 1 249 375 248
772 2 2 2 1 455 456 454
773 2 2 2 1 595 597 596
774 2 2 2 1 223 603 389
775 2 2 2 1 628 630 388
776 2 2 2 1 386 628 220
777 2 2 2 1 224 603 223
778 2 2 2 1 220 628 219
779 2 2 2 1 603 607 604
780 2 2 2 1 638 640 639
781 2 2 2 1 225 614 383
782 2 2 2 1 638 641 640
783 2 2 2 1 226 614 225
784 2 2 2 1 230 613 229
785 2 2 2 1 629 630 628
786 2 2 2 1 598 614 226
787 2 2 2 1 603 604 389
788 2 2 2 1 182 637 181
789 2 2 2 1 338 613 230
790 2 2 2 1 386 629 628
791 2 2 2 1 232 654 608
792 2 2 2 1 608 611 609
793 2 2 2 1 195 626 349
794 2 2 2 1 638 639 637
795 2 2 2 1 228 657 392
796 2 2 2 1 219 628 388
797 2 2 2 1 221 631 386
798 2 2 2 1 237 650 236
799 2 2 2 1 605 631 389
800 2 2 2 1 632 649 623
801 2 2 2 1 235 615 234
802 2 2 2 1 604 605 389
803 2 2 2 1 177 620 176
804 2 2 2 1 613 657 229
805 2 2 2 1 639 640 342
806 2 2 2 1 391 623 621
807 2 2 2 1 600 614 598
808 2 2 2 1 615 619 348
809 2 2 2 1 391 620 177
810 2 2 2 1 622 643 620
811 2 2 2 1 384 637 182
812 2 2 2 1 175 643 351
813 2 2 2 1 233 654 232
814 2 2 2 1 609 610 338
815 2 2 2 1 601 602 599
816 2 2 2 1 222 631 221
817 2 2 2 1 229 657 228
818 2 2 2 1 227 598 226
819 2 2 2 1 389 631 222
820 2 2 2 1 641 642 640
821 2 2 2 1 383 603 224
822 2 2 2 1 634 636 635
823 2 2 2 1 192 652 191
824 2 2 2 1 232 608 231
825 2 2 2 1 340 653 652
826 2 2 2 1 228 392 227
827 2 2 2 1 382 644 188
828 2 2 2 1 350 650 617
829 2 2 2 1 382 645 644
830 2 2 2 1 183 384 182
831 2 2 2 1 238 341 237
832 2 2 2 1 243 385 242
833 2 2 2 1 608 609 338
834 2 2 2 1 637 639 181
835 2 2 2 1 236 350 235
836 2 2 2 1 634 635 384
837 2 2 2 1 342 649 632
838 2 2 2 1 201 655 200
839 2 2 2 1 604 606 605
840 2 2 2 1 181 639 180
841 2 2 2 1 185 387 184
842 2 2 2 1 179 632 178
843 2 2 2 1 245 343 244
844 2 2 2 1 608 654 611
845 2 2 2 1 623 624 621
846 2 2 2 1 178 391 177
847 2 2 2 1 202 337 201
848 2 2 2 1 620 643 176
849 2 2 2 1 176 643 175
850 2 2 2 1 240 339 239
851 2 2 2 1 191 422 190
852 2 2 2 1 198 344 197
853 2 2 2 1 200 345 199
854 2 2 2 1 204 346 203
855 2 2 2 1 206 347 205
856 2 2 2 1 391 632 623
857 2 2 2 1 195 349 194
858 2 2 2 1 196 626 195
859 2 2 2 1 337 655 201
860 2 2 2 1 221 386 220
861 2 2 2 1 234 348 233
862 2 2 2 1 599 600 598
863 2 2 2 1 219 388 218
864 2 2 2 1 223 389 222
865 2 2 2 1 187 393 186
866 2 2 2 1 188 644 187
867 2 2 2 1 189 382 188
868 2 2 2 1 217 390 216
869 2 2 2 1 231 608 338
870 2 2 2 1 175 351 10
871 2 2 2 1 193 340 192
872 2 2 2 1 231 338 230
873 2 2 2 1 225 383 224
874 2 2 2 1 610 613 338
875 2 2 2 1 191 652 422
876 2 2 2 1 341 651 650
877 2 2 2 1 625 627 626
878 2 2 2 1 387 633 184
879 2 2 2 1 340 652 192
880 2 2 2 1 642 649 640
881 2 2 2 1 180 639 342
882 2 2 2 1 236 650 350
883 2 2 2 1 635 637 384
884 2 2 2 1 392 598 227
885 2 2 2 1 234 615 348
886 2 2 2 1 650 651 617
887 2 2 2 1 180 342 179
888 2 2 2 1 350 616 615
889 2 2 2 1 633 634 384
890 2 2 2 1 350 617 616
891 2 2 2 1 184 633 183
892 2 2 2 1 341 650 237
893 2 2 2 1 635 638 637
894 2 2 2 1 392 601 599
895 2 2 2 1 611 612 609
896 2 2 2 1 350 615 235
897 2 2 2 1 617 618 616
898 2 2 2 1 342 632 179
899 2 2 2 1 392 657 601
900 2 2 2 1 392 599 598
901 2 2 2 1 616 619 615
902 2 2 2 1 178 632 391
903 2 2 2 1 655 656 345
904 2 2 2 1 187 644 393
905 2 2 2 1 391 621 620
906 2 2 2 1 625 626 196
907 2 2 2 1 348 654 233
908 2 2 2 1 621 622 620
909 2 2 2 1 640 649 342
910 2 2 2 1 383 607 603
911 2 2 2 1 200 655 345
912 2 2 2 1 183 633 384
913 2 2 2 1 197 625 196
914 2 2 2 1 344 625 197
915 2 2 2 1 452 453 451
916 2 2 2 1 173 372 172
917 2 2 2 1 171 371 170
918 2 2 2 1 174 437 173
919 2 2 2 1 171 441 371
920 2 2 2 1 169 431 378
921 2 2 2 1 441 465 442
922 2 2 2 1 465 466 442
923 2 2 2 1 441 442 371
924 2 2 2 1 622 647 646
925 2 2 2 1 53 352 52
926 2 2 2 1 55 353 54
927 2 2 2 1 57 354 56
928 2 2 2 1 87 369 86
929 2 2 2 1 52 658 51
930 2 2 2 1 47 334 46
931 2 2 2 1 51 336 50
932 2 2 2 1 61 356 60
933 2 2 2 1 77 364 76
934 2 2 2 1 69 360 68
935 2 2 2 1 75 363 74
936 2 2 2 1 63 357 62
937 2 2 2 1 85 368 84
938 2 2 2 1 71 361 70
939 2 2 2 1 83 367 82
940 2 2 2 1 73 362 72
941 2 2 2 1 65 358 64
942 2 2 2 1 67 359 66
943 2 2 2 1 79 365 78
944 2 2 2 1 81 366 80
945 2 2 2 1 89 370 88
946 2 2 2 1 49 335 48
947 2 2 2 1 59 355 58
948 2 2 2 1 622 646 643
949 2 2 2 1 643 646 351
950 2 2 2 1 453 455 454
951 2 2 2 1 512 516 510
952 2 2 2 1 500 505 504
953 2 2 2 1 145 324 7
954 2 2 2 1 147 323 146
955 2 2 2 1 481 482 347
956 2 2 2 1 146 464 145
957 2 2 2 1 51 658 336
958 2 2 2 1 352 658 52
959 2 2 2 1 30 425 29
960 2 2 2 1 658 659 336
961 2 2 2 1 647 648 646
962 2 2 2 1 484 485 452
963 2 2 2 1 646 660 351
964 2 2 2 1 596 665 346
965 2 2 2 1 202 665 337
966 2 2 2 1 346 665 203
967 2 2 2 1 482 594 347
968 2 2 2 1 450 484 452
969 2 2 2 1 431 434 432
970 2 2 2 1 19 328 18
971 2 2 2 1 15 326 1
972 2 2 2 1 21 329 20
973 2 2 2 1 27 332 26
974 2 2 2 1 23 330 22
975 2 2 2 1 25 331 24
976 2 2 2 1 16 662 15
977 2 2 2 1 17 327 16
978 2 2 2 1 20 663 19
979 2 2 2 1 595 698 597
980 2 2 2 1 648 660 646
981 2 2 2 1 31 445 30
982 2 2 2 1 398 690 591
983 2 2 2 1 148 449 147
984 2 2 2 1 99 427 98
985 2 2 2 1 203 665 202
986 2 2 2 1 435 751 691
987 2 2 2 1 483 698 482
988 2 2 2 1 10 793 174
989 2 2 2 1 140 667 139
990 2 2 2 1 691 751 259
991 2 2 2 1 541 677 539
992 2 2 2 1 37 809 36
993 2 2 2 1 215 682 421
994 2 2 2 1 461 693 522
995 2 2 2 1 517 675 518
996 2 2 2 1 15 662 326
997 2 2 2 1 329 663 20
998 2 2 2 1 327 662 16
999 2 2 2 1 19 663 328
1000 2 2 2 1 507 764 428
1001 2 2 2 1 87 668 369
1002 2 2 2 1 370 668 88
1003 2 2 2 1 32 486 31
1004 2 2 2 1 149 426 148
1005 2 2 2 1 557 683 555
1006 2 2 2 1 561 685 559
1007 2 2 2 1 553 678 551
1008 2 2 2 1 565 688 563
1009 2 2 2 1 545 672 543
1010 2 2 2 1 549 673 547
1011 2 2 2 1 569 692 567
1012 2 2 2 1 573 699 571
1013 2 2 2 1 577 701 575
1014 2 2 2 1 581 726 579
1015 2 2 2 1 585 729 583
1016 2 2 2 1 421 780 664
1017 2 2 2 1 589 731 587
1018 2 2 2 1 470 670 427
1019 2 2 2 1 139 667 398
1020 2 2 2 1 150 457 149
1021 2 2 2 1 452 671 453
1022 2 2 2 1 28 766 503
1023 2 2 2 1 334 666 46
1024 2 2 2 1 88 668 87
1025 2 2 2 1 427 670 98
1026 2 2 2 1 544 673 545
1027 2 2 2 1 98 670 97
1028 2 2 2 1 75 674 363
1029 2 2 2 1 364 674 76
1030 2 2 2 1 390 682 216
1031 2 2 2 1 73 676 362
1032 2 2 2 1 363 676 74
1033 2 2 2 1 94 750 93
1034 2 2 2 1 466 669 442
1035 2 2 2 1 548 678 549
1036 2 2 2 1 365 679 78
1037 2 2 2 1 77 679 364
1038 2 2 2 1 540 672 541
1039 2 2 2 1 362 680 72
1040 2 2 2 1 71 680 361
1041 2 2 2 1 552 683 553
1042 2 2 2 1 454 804 464
1043 2 2 2 1 69 686 360
1044 2 2 2 1 361 686 70
1045 2 2 2 1 659 805 336
1046 2 2 2 1 49 687 335
1047 2 2 2 1 336 687 50
1048 2 2 2 1 67 689 359
1049 2 2 2 1 360 689 68
1050 2 2 2 1 388 703 218
1051 2 2 2 1 217 703 390
1052 2 2 2 1 638 720 641
1053 2 2 2 1 345 725 199
1054 2 2 2 1 422 710 190
1055 2 2 2 1 600 708 614
1056 2 2 2 1 610 722 613
1057 2 2 2 1 619 712 348
1058 2 2 2 1 240 717 339
1059 2 2 2 1 193 718 340
1060 2 2 2 1 654 712 611
1061 2 2 2 1 623 705 624
1062 2 2 2 1 185 715 387
1063 2 2 2 1 343 723 244
1064 2 2 2 1 189 710 382
1065 2 2 2 1 624 716 621
1066 2 2 2 1 393 715 186
1067 2 2 2 1 605 706 631
1068 2 2 2 1 636 720 635
1069 2 2 2 1 385 709 242
1070 2 2 2 1 618 713 616
1071 2 2 2 1 339 707 239
1072 2 2 2 1 642 705 649
1073 2 2 2 1 602 724 599
1074 2 2 2 1 238 707 341
1075 2 2 2 1 243 723 385
1076 2 2 2 1 633 711 634
1077 2 2 2 1 604 714 606
1078 2 2 2 1 349 718 194
1079 2 2 2 1 612 721 609
1080 2 2 2 1 198 725 344
1081 2 2 2 1 657 722 601
1082 2 2 2 1 386 706 629
1083 2 2 2 1 655 719 656
1084 2 2 2 1 383 708 607
1085 2 2 2 1 556 685 557
1086 2 2 2 1 622 716 647
1087 2 2 2 1 359 694 66
1088 2 2 2 1 65 694 358
1089 2 2 2 1 245 727 343
1090 2 2 2 1 154 747 486
1091 2 2 2 1 485 671 452
1092 2 2 2 1 358 700 64
1093 2 2 2 1 63 700 357
1094 2 2 2 1 560 688 561
1095 2 2 2 1 79 702 365
1096 2 2 2 1 366 702 80
1097 2 2 2 1 61 704 356
1098 2 2 2 1 357 704 62
1099 2 2 2 1 564 692 565
1100 2 2 2 1 59 728 355
1101 2 2 2 1 356 728 60
1102 2 2 2 1 355 730 58
1103 2 2 2 1 57 730 354
1104 2 2 2 1 568 699 569
1105 2 2 2 1 55 733 353
1106 2 2 2 1 354 733 56
1107 2 2 2 1 572 701 573
1108 2 2 2 1 353 735 54
1109 2 2 2 1 53 735 352
1110 2 2 2 1 576 726 577
1111 2 2 2 1 580 729 581
1112 2 2 2 1 584 731 585
1113 2 2 2 1 588 734 589
1114 2 2 2 1 335 736 48
1115 2 2 2 1 47 736 334
1116 2 2 2 1 536 677 537
1117 2 2 2 1 482 698 595
1118 2 2 2 1 428 747 155
1119 2 2 2 1 675 782 514
1120 2 2 2 1 36 774 35
1121 2 2 2 1 81 740 366
1122 2 2 2 1 367 740 82
1123 2 2 2 1 211 325 210
1124 2 2 2 1 746 751 435
1125 2 2 2 1 212 684 211
1126 2 2 2 1 513 813 330
1127 2 2 2 1 83 744 367
1128 2 2 2 1 368 744 84
1129 2 2 2 1 464 804 324
1130 2 2 2 1 151 774 150
1131 2 2 2 1 596 697 665
1132 2 2 2 1 543 672 540
1133 2 2 2 1 328 810 797
1134 2 2 2 1 380 756 508
1135 2 2 2 1 396 675 517
1136 2 2 2 1 547 673 544
1137 2 2 2 1 76 674 75
1138 2 2 2 1 210 695 209
1139 2 2 2 1 1 691 259
1140 2 2 2 1 476 779 369
1141 2 2 2 1 539 677 536
1142 2 2 2 1 74 676 73
1143 2 2 2 1 520 681 370
1144 2 2 2 1 551 678 548
1145 2 2 2 1 78 679 77
1146 2 2 2 1 630 794 388
1147 2 2 2 1 375 763 752
1148 2 2 2 1 72 680 71
1149 2 2 2 1 555 683 552
1150 2 2 2 1 216 682 215
1151 2 2 2 1 532 696 533
1152 2 2 2 1 324 458 7
1153 2 2 2 1 509 756 515
1154 2 2 2 1 529 759 527
1155 2 2 2 1 523 690 667
1156 2 2 2 1 559 685 556
1157 2 2 2 1 497 769 380
1158 2 2 2 1 70 686 69
1159 2 2 2 1 697 719 337
1160 2 2 2 1 423 739 669
1161 2 2 2 1 432 746 435
1162 2 2 2 1 50 687 49
1163 2 2 2 1 563 688 560
1164 2 2 2 1 669 745 442
1165 2 2 2 1 68 689 67
1166 2 2 2 1 567 692 564
1167 2 2 2 1 535 696 532
1168 2 2 2 1 66 694 65
1169 2 2 2 1 665 697 337
1170 2 2 2 1 571 699 568
1171 2 2 2 1 420 757 473
1172 2 2 2 1 64 700 63
1173 2 2 2 1 326 691 1
1174 2 2 2 1 575 701 572
1175 2 2 2 1 80 702 79
1176 2 2 2 1 62 704 61
1177 2 2 2 1 601 792 602
1178 2 2 2 1 341 791 651
1179 2 2 2 1 606 789 605
1180 2 2 2 1 611 790 612
1181 2 2 2 1 218 703 217
1182 2 2 2 1 411 732 13
1183 2 2 2 1 607 714 604
1184 2 2 2 1 239 707 238
1185 2 2 2 1 242 709 241
1186 2 2 2 1 244 723 243
1187 2 2 2 1 348 712 654
1188 2 2 2 1 241 717 240
1189 2 2 2 1 190 710 189
1190 2 2 2 1 194 718 193
1191 2 2 2 1 609 721 610
1192 2 2 2 1 709 717 241
1193 2 2 2 1 387 711 633
1194 2 2 2 1 649 705 623
1195 2 2 2 1 631 706 386
1196 2 2 2 1 616 713 619
1197 2 2 2 1 621 716 622
1198 2 2 2 1 614 708 383
1199 2 2 2 1 186 715 185
1200 2 2 2 1 599 724 600
1201 2 2 2 1 635 720 638
1202 2 2 2 1 199 725 198
1203 2 2 2 1 337 719 655
1204 2 2 2 1 613 722 657
1205 2 2 2 1 579 726 576
1206 2 2 2 1 60 728 59
1207 2 2 2 1 246 727 245
1208 2 2 2 1 583 729 580
1209 2 2 2 1 58 730 57
1210 2 2 2 1 486 798 153
1211 2 2 2 1 587 731 584
1212 2 2 2 1 13 732 246
1213 2 2 2 1 246 732 727
1214 2 2 2 1 56 733 55
1215 2 2 2 1 591 734 588
1216 2 2 2 1 774 809 457
1217 2 2 2 1 103 757 420
1218 2 2 2 1 419 757 104
1219 2 2 2 1 54 735 53
1220 2 2 2 1 425 766 29
1221 2 2 2 1 48 736 47
1222 2 2 2 1 667 690 398
1223 2 2 2 1 345 789 725
1224 2 2 2 1 718 792 340
1225 2 2 2 1 710 790 382
1226 2 2 2 1 711 791 634
1227 2 2 2 1 32 798 486
1228 2 2 2 1 333 778 485
1229 2 2 2 1 330 768 514
1230 2 2 2 1 528 743 529
1231 2 2 2 1 503 772 502
1232 2 2 2 1 527 759 477
1233 2 2 2 1 82 740 81
1234 2 2 2 1 377 741 45
1235 2 2 2 1 44 741 376
1236 2 2 2 1 487 780 481
1237 2 2 2 1 370 765 668
1238 2 2 2 1 664 780 487
1239 2 2 2 1 531 743 528
1240 2 2 2 1 45 741 44
1241 2 2 2 1 211 684 325
1242 2 2 2 1 429 760 447
1243 2 2 2 1 325 695 210
1244 2 2 2 1 29 766 2
1245 2 2 2 1 661 768 330
1246 2 2 2 1 2 766 28
1247 2 2 2 1 333 742 40
1248 2 2 2 1 760 811 484
1249 2 2 2 1 40 742 39
1250 2 2 2 1 466 738 669
1251 2 2 2 1 669 738 423
1252 2 2 2 1 721 784 610
1253 2 2 2 1 713 785 619
1254 2 2 2 1 387 786 711
1255 2 2 2 1 724 783 600
1256 2 2 2 1 607 787 714
1257 2 2 2 1 668 765 474
1258 2 2 2 1 84 744 83
1259 2 2 2 1 442 745 371
1260 2 2 2 1 38 802 429
1261 2 2 2 1 725 789 606
1262 2 2 2 1 602 792 718
1263 2 2 2 1 612 790 710
1264 2 2 2 1 651 791 711
1265 2 2 2 1 440 763 448
1266 2 2 2 1 329 813 513
1267 2 2 2 1 484 761 447
1268 2 2 2 1 374 751 746
1269 2 2 2 1 434 746 432
1270 2 2 2 1 671 808 453
1271 2 2 2 1 494 769 491
1272 2 2 2 1 438 748 439
1273 2 2 2 1 591 773 734
1274 2 2 2 1 475 771 477
1275 2 2 2 1 496 769 494
1276 2 2 2 1 327 797 495
1277 2 2 2 1 352 773 658
1278 2 2 2 1 466 775 758
1279 2 2 2 1 85 779 368
1280 2 2 2 1 369 779 86
1281 2 2 2 1 626 783 349
1282 2 2 2 1 651 786 617
1283 2 2 2 1 644 785 393
1284 2 2 2 1 652 784 422
1285 2 2 2 1 344 787 625
1286 2 2 2 1 155 747 154
1287 2 2 2 1 596 794 697
1288 2 2 2 1 763 806 752
1289 2 2 2 1 450 761 484
1290 2 2 2 1 96 750 95
1291 2 2 2 1 660 793 351
1292 2 2 2 1 448 748 438
1293 2 2 2 1 21 813 329
1294 2 2 2 1 330 813 22
1295 2 2 2 1 376 808 671
1296 2 2 2 1 660 767 444
1297 2 2 2 1 328 797 18
1298 2 2 2 1 17 797 327
1299 2 2 2 1 371 801 170
1300 2 2 2 1 213 796 12
1301 2 2 2 1 11 795 208
1302 2 2 2 1 797 810 495
1303 2 2 2 1 670 807 776
1304 2 2 2 1 748 749 439
1305 2 2 2 1 697 794 630
1306 2 2 2 1 738 758 254
1307 2 2 2 1 670 776 97
1308 2 2 2 1 375 752 248
1309 2 2 2 1 248 752 247
1310 2 2 2 1 247 752 411
1311 2 2 2 1 424 754 250
1312 2 2 2 1 256 753 423
1313 2 2 2 1 249 754 375
1314 2 2 2 1 374 753 257
1315 2 2 2 1 250 754 249
1316 2 2 2 1 257 753 256
1317 2 2 2 1 455 755 456
1318 2 2 2 1 349 783 724
1319 2 2 2 1 711 786 651
1320 2 2 2 1 393 785 713
1321 2 2 2 1 422 784 721
1322 2 2 2 1 714 787 344
1323 2 2 2 1 758 775 397
1324 2 2 2 1 734 773 352
1325 2 2 2 1 508 756 509
1326 2 2 2 1 495 810 496
1327 2 2 2 1 648 767 660
1328 2 2 2 1 523 805 690
1329 2 2 2 1 254 758 253
1330 2 2 2 1 41 778 333
1331 2 2 2 1 423 753 739
1332 2 2 2 1 95 750 94
1333 2 2 2 1 251 762 424
1334 2 2 2 1 397 762 252
1335 2 2 2 1 376 788 43
1336 2 2 2 1 477 759 476
1337 2 2 2 1 104 757 103
1338 2 2 2 1 690 805 659
1339 2 2 2 1 449 761 450
1340 2 2 2 1 12 796 212
1341 2 2 2 1 209 795 11
1342 2 2 2 1 324 770 458
1343 2 2 2 1 253 758 397
1344 2 2 2 1 485 811 333
1345 2 2 2 1 324 804 770
1346 2 2 2 1 3 802 38
1347 2 2 2 1 466 758 738
1348 2 2 2 1 515 810 328
1349 2 2 2 1 671 788 376
1350 2 2 2 1 465 777 439
1351 2 2 2 1 431 801 434
1352 2 2 2 1 39 802 3
1353 2 2 2 1 739 812 434
1354 2 2 2 1 252 762 251
1355 2 2 2 1 474 765 472
1356 2 2 2 1 749 762 397
1357 2 2 2 1 741 808 376
1358 2 2 2 1 419 771 757
1359 2 2 2 1 444 763 440
1360 2 2 2 1 208 795 430
1361 2 2 2 1 488 796 213
1362 2 2 2 1 152 798 33
1363 2 2 2 1 326 803 493
1364 2 2 2 1 434 812 746
1365 2 2 2 1 458 770 462
1366 2 2 2 1 333 760 742
1367 2 2 2 1 33 798 32
1368 2 2 2 1 434 801 745
1369 2 2 2 1 765 799 472
1370 2 2 2 1 441 777 465
1371 2 2 2 1 514 782 513
1372 2 2 2 1 513 782 512
1373 2 2 2 1 491 769 497
1374 2 2 2 1 96 776 750
1375 2 2 2 1 506 768 661
1376 2 2 2 1 502 772 507
1377 2 2 2 1 776 807 436
1378 2 2 2 1 472 799 471
1379 2 2 2 1 447 781 446
1380 2 2 2 1 492 803 662
1381 2 2 2 1 439 777 372
1382 2 2 2 1 471 799 469
1383 2 2 2 1 473 771 475
1384 2 2 2 1 519 807 470
1385 2 2 2 1 681 799 765
1386 2 2 2 1 681 765 370
1387 2 2 2 1 658 773 659
1388 2 2 2 1 465 775 466
1389 2 2 2 1 97 776 96
1390 2 2 2 1 42 778 41
1391 2 2 2 1 481 780 483
1392 2 2 2 1 86 779 85
1393 2 2 2 1 512 782 516
1394 2 2 2 1 684 796 488
1395 2 2 2 1 150 774 457
1396 2 2 2 1 625 787 627
1397 2 2 2 1 645 785 644
1398 2 2 2 1 653 784 652
1399 2 2 2 1 627 783 626
1400 2 2 2 1 617 786 618
1401 2 2 2 1 43 788 42
1402 2 2 2 1 430 795 695
1403 2 2 2 1 656 789 345
1404 2 2 2 1 340 792 653
1405 2 2 2 1 634 791 636
1406 2 2 2 1 382 790 645
1407 2 2 2 1 397 775 749
1408 2 2 2 1 770 804 456
1409 2 2 2 1 487 800 664
1410 2 2 2 1 351 793 10
1411 2 2 2 1 153 798 152
1412 2 2 2 1 597 794 596
1413 2 2 2 1 18 797 17
1414 2 2 2 1 436 807 519
1415 2 2 2 1 470 807 670
1416 2 2 2 1 757 771 473
1417 2 2 2 1 456 804 454
1418 2 2 2 1 524 805 523
1419 2 2 2 1 662 803 326
1420 2 2 2 1 453 808 455
1421 2 2 2 1 22 813 21
1422 2 2 2 1 484 811 485
1423 2 2 2 1 42 788 778
1424 2 2 2 1 212 796 684
1425 2 2 2 1 695 795 209
1426 2 2 2 1 469 799 681
1427 2 2 2 1 752 806 411
1428 2 2 2 1 742 802 39
1429 2 2 2 1 745 801 371
1430 2 2 2 1 753 812 739
1431 2 2 2 1 764 772 425
1432 2 2 2 1 507 772 764
1433 2 2 2 1 374 812 753
1434 2 2 2 1 411 806 767
1435 2 2 2 1 746 812 374
1436 2 2 2 1 761 781 447
1437 2 2 2 1 444 806 763
1438 2 2 2 1 333 811 760
1439 2 2 2 1 767 806 444
1440 2 2 3 2 817 825 820
1441 2 2 3 2 823 825 817
1442 2 2 3 2 260 819 29
1443 2 2 3 2 34 824 816
1444 2 2 3 2 822 823 816
1445 2 2 3 2 818 819 261
1446 2 2 3 2 816 824 822
1447 2 2 3 2 33 824 34
1448 2 2 3 2 29 2 260
1449 2 2 3 2 261 819 260
1450 2 2 3 2 815 826 824
1451 2 2 3 2 824 831 815
1452 2 2 3 2 823 828 816
1453 2 2 3 2 824 826 822
1454 2 2 3 2 29 819 30
1455 2 2 3 2 817 828 823
1456 2 2 3 2 818 830 819
1457 2 2 3 2 31 815 32
1458 2 2 3 2 36 817 37
1459 2 2 3 2 34 816 35
1460 2 2 3 2 263 814 14
1461 2 2 3 2 262 818 261
1462 2 2 3 2 265 820 264
1463 2 2 3 2 14 821 262
1464 2 2 3 2 814 823 822
1465 2 2 3 2 814 821 14
1466 2 2 3 2 819 827 30
1467 2 2 3 2 814 822 821
1468 2 2 3 2 262 821 818
1469 2 2 3 2 820 829 817
1470 2 2 3 2 814 825 823
1471 2 2 3 2 264 825 263
1472 2 2 3 2 263 825 814
1473 2 2 3 2 820 825 264
1474 2 2 3 2 822 826 821
1475 2 2 3 2 821 826 818
1476 2 2 3 2 33 831 824
1477 2 2 3 2 31 827 815
1478 2 2 3 2 38 832 3
1479 2 2 3 2 30 827 31
1480 2 2 3 2 3 832 265
1481 2 2 3 2 36 828 817
1482 2 2 3 2 816 828 35
1483 2 2 3 2 817 829 37
1484 2 2 3 2 35 828 36
1485 2 2 3 2 815 830 826
1486 2 2 3 2 32 831 33
1487 2 2 3 2 819 830 827
1488 2 2 3 2 37 829 38
1489 2 2 3 2 815 831 32
1490 2 2 3 2 265 832 820
1491 2 2 3 2 826 830 818
1492 2 2 3 2 827 830 815
1493 2 2 3 2 820 832 829
1494 2 2 3 2 829 832 38
1495 2 2 1 3 1813 2582 2251
1496 2 2 1 3 1817 2575 2445
1497 2 2 1 3 2251 2582 851
1498 2 2 1 3 313 2006 312
1499 2 2 1 3 2045 2283 1818
1500 2 2 1 3 2122 2252 1546
1501 2 2 1 3 2129 2560 843
1502 2 2 1 3 2299 2632 2138
1503 2 2 1 3 1968 2554 1726
1504 2 2 1 3 1820 2309 893
1505 2 2 1 3 1935 1937 1727
1506 2 2 1 3 893 2577 1820
1507 2 2 1 3 1832 1887 894
1508 2 2 1 3 1828 2006 849
1509 2 2 1 3 840 2283 2045
1510 2 2 1 3 1726 2554 1727
1511 2 2 1 3 1829 1907 844
1512 2 2 1 3 849 2005 1828
1513 2 2 1 3 894 1887 145
1514 2 2 1 3 1822 2632 2299
1515 2 2 1 3 836 1890 1830
1516 2 2 1 3 1806 2573 2572
1517 2 2 1 3 1835 2631 865
1518 2 2 1 3 867 2597 1841
1519 2 2 1 3 2445 2575 866
1520 2 2 1 3 1636 2299 2138
1521 2 2 1 3 837 1910 1833
1522 2 2 1 3 844 1908 1829
1523 2 2 1 3 1554 1908 1579
1524 2 2 1 3 1830 1891 836
1525 2 2 1 3 103 1993 104
1526 2 2 1 3 2120 2252 2122
1527 2 2 1 3 2093 2095 1733
1528 2 2 1 3 2006 2008 878
1529 2 2 1 3 145 1887 146
1530 2 2 1 3 869 1938 1937
1531 2 2 1 3 2008 2607 878
1532 2 2 1 3 866 2568 2445
1533 2 2 1 3 1937 1938 1727
1534 2 2 1 3 1845 1990 1810
1535 2 2 1 3 2128 2560 2129
1536 2 2 1 3 853 2576 2243
1537 2 2 1 3 853 2243 2242
1538 2 2 1 3 849 2006 313
1539 2 2 1 3 312 2006 878
1540 2 2 1 3 894 1888 1832
1541 2 2 1 3 2091 2568 866
1542 2 2 1 3 1833 1911 837
1543 2 2 1 3 1839 2640 835
1544 2 2 1 3 1841 2597 899
1545 2 2 1 3 1836 2631 1835
1546 2 2 1 3 1724 2452 2008
1547 2 2 1 3 1841 2546 867
1548 2 2 1 3 865 1860 1835
1549 2 2 1 3 1722 2005 1723
1550 2 2 1 3 1845 2590 1990
1551 2 2 1 3 193 2133 194
1552 2 2 1 3 1668 1911 1669
1553 2 2 1 3 1546 2384 2122
1554 2 2 1 3 869 2584 1938
1555 2 2 1 3 2095 2470 1733
1556 2 2 1 3 207 1936 208
1557 2 2 1 3 273 2575 1838
1558 2 2 1 3 1735 2587 2581
1559 2 2 1 3 888 2558 1826
1560 2 2 1 3 1572 1888 1571
1561 2 2 1 3 835 2481 1839
1562 2 2 1 3 2537 2578 1992
1563 2 2 1 3 1838 2623 273
1564 2 2 1 3 1579 1908 1787
1565 2 2 1 3 1829 1908 1554
1566 2 2 1 3 2318 2325 1467
1567 2 2 1 3 280 2142 279
1568 2 2 1 3 299 1910 837
1569 2 2 1 3 2120 2547 2252
1570 2 2 1 3 1821 2324 1945
1571 2 2 1 3 2572 2596 1806
1572 2 2 1 3 104 1993 895
1573 2 2 1 3 900 1993 103
1574 2 2 1 3 156 1891 157
1575 2 2 1 3 1828 2005 1722
1576 2 2 1 3 1840 2283 840
1577 2 2 1 3 1826 2617 888
1578 2 2 1 3 1636 2138 2137
1579 2 2 1 3 2022 2287 2278
1580 2 2 1 3 874 2321 1844
1581 2 2 1 3 2324 2325 1945
1582 2 2 1 3 144 2533 7
1583 2 2 1 3 1842 2640 1839
1584 2 2 1 3 1736 2141 2140
1585 2 2 1 3 1889 1895 1815
1586 2 2 1 3 899 2303 1841
1587 2 2 1 3 154 1892 155
1588 2 2 1 3 1806 2606 2573
1589 2 2 1 3 835 2570 2481
1590 2 2 1 3 2008 2452 1767
1591 2 2 1 3 1412 2559 1389
1592 2 2 1 3 1831 1874 1873
1593 2 2 1 3 840 2566 1840
1594 2 2 1 3 2140 2142 1736
1595 2 2 1 3 1936 2622 208
1596 2 2 1 3 2581 2587 2085
1597 2 2 1 3 902 1847 845
1598 2 2 1 3 1838 2575 1817
1599 2 2 1 3 845 1847 1843
1600 2 2 1 3 1724 2008 1828
1601 2 2 1 3 1992 1993 900
1602 2 2 1 3 903 1847 902
1603 2 2 1 3 2133 2562 194
1604 2 2 1 3 2005 2007 1723
1605 2 2 1 3 1992 2578 1993
1606 2 2 1 3 843 2611 2129
1607 2 2 1 3 883 2608 2588
1608 2 2 1 3 1715 1911 1668
1609 2 2 1 3 1669 1911 1833
1610 2 2 1 3 1727 2554 1935
1611 2 2 1 3 859 2609 2589
1612 2 2 1 3 865 2567 1860
1613 2 2 1 3 1832 1888 1572
1614 2 2 1 3 888 2133 193
1615 2 2 1 3 2481 2570 1807
1616 2 2 1 3 266 100 6
1617 2 2 1 3 881 2547 2120
1618 2 2 1 3 2137 2551 1636
1619 2 2 1 3 1238 1899 1846
1620 2 2 1 3 202 1916 863
1621 2 2 1 3 1811 2325 2318
1622 2 2 1 3 1467 2325 2324
1623 2 2 1 3 279 2142 2140
1624 2 2 1 3 855 2142 280
1625 2 2 1 3 1571 1888 1843
1626 2 2 1 3 836 1891 156
1627 2 2 1 3 157 1891 892
1628 2 2 1 3 1391 2549 1392
1629 2 2 1 3 1831 1890 1874
1630 2 2 1 3 1843 2533 845
1631 2 2 1 3 1846 1899 1848
1632 2 2 1 3 1848 1899 990
1633 2 2 1 3 303 2640 1842
1634 2 2 1 3 300 1910 299
1635 2 2 1 3 2610 2613 2366
1636 2 2 1 3 189 2049 190
1637 2 2 1 3 9 2631 2595
1638 2 2 1 3 1412 1895 1889
1639 2 2 1 3 1560 2424 1900
1640 2 2 1 3 292 2604 2580
1641 2 2 1 3 891 1892 154
1642 2 2 1 3 1860 2567 1812
1643 2 2 1 3 7 2533 894
1644 2 2 1 3 2588 2608 1823
1645 2 2 1 3 2589 2609 1824
1646 2 2 1 3 1831 1889 1815
1647 2 2 1 3 1842 2618 303
1648 2 2 1 3 903 2542 1847
1649 2 2 1 3 905 2542 903
1650 2 2 1 3 1889 2559 1412
1651 2 2 1 3 155 1892 836
1652 2 2 1 3 1907 2577 893
1653 2 2 1 3 2022 2584 2287
1654 2 2 1 3 1569 1941 1563
1655 2 2 1 3 201 1916 202
1656 2 2 1 3 1407 2535 1402
1657 2 2 1 3 1846 1941 1238
1658 2 2 1 3 2565 2591 1834
1659 2 2 1 3 1873 1889 1831
1660 2 2 1 3 1908 2557 1787
1661 2 2 1 3 915 1852 913
1662 2 2 1 3 1872 2549 1391
1663 2 2 1 3 1849 1851 1125
1664 2 2 1 3 871 2613 2610
1665 2 2 1 3 1830 1890 1831
1666 2 2 1 3 2396 2630 1964
1667 2 2 1 3 921 2427 919
1668 2 2 1 3 1900 2424 1848
1669 2 2 1 3 1876 2415 1567
1670 2 2 1 3 1962 1964 1759
1671 2 2 1 3 1964 2601 2396
1672 2 2 1 3 893 2615 1907
1673 2 2 1 3 990 1900 1848
1674 2 2 1 3 1921 2532 1855
1675 2 2 1 3 1787 2557 2553
1676 2 2 1 3 919 2427 1879
1677 2 2 1 3 1963 2555 2546
1678 2 2 1 3 1071 1857 1097
1679 2 2 1 3 1844 2574 874
1680 2 2 1 3 1863 2535 1407
1681 2 2 1 3 1125 1879 1849
1682 2 2 1 3 2048 2049 189
1683 2 2 1 3 190 2049 833
1684 2 2 1 3 919 1879 917
1685 2 2 1 3 1978 2368 1853
1686 2 2 1 3 1828 2008 2006
1687 2 2 1 3 1214 1921 1853
1688 2 2 1 3 2604 2632 1827
1689 2 2 1 3 1853 2368 1214
1690 2 2 1 3 2524 2534 1852
1691 2 2 1 3 1125 1852 915
1692 2 2 1 3 1356 2368 1978
1693 2 2 1 3 1851 1852 1125
1694 2 2 1 3 1121 1878 1120
1695 2 2 1 3 1900 2534 2524
1696 2 2 1 3 1854 1878 1121
1697 2 2 1 3 1857 2415 1876
1698 2 2 1 3 1120 1878 1143
1699 2 2 1 3 1121 1856 1854
1700 2 2 1 3 1825 2568 2091
1701 2 2 1 3 1594 2489 1372
1702 2 2 1 3 2595 2631 1836
1703 2 2 1 3 900 2641 1992
1704 2 2 1 3 1594 1946 1880
1705 2 2 1 3 1563 1941 1846
1706 2 2 1 3 2546 2555 867
1707 2 2 1 3 1749 1941 1569
1708 2 2 1 3 1214 2532 1921
1709 2 2 1 3 1373 2529 2527
1710 2 2 1 3 2580 2604 1827
1711 2 2 1 3 874 2624 2321
1712 2 2 1 3 917 1879 1125
1713 2 2 1 3 1759 2583 1962
1714 2 2 1 3 1880 2489 1594
1715 2 2 1 3 2004 2007 2005
1716 2 2 1 3 877 2007 2004
1717 2 2 1 3 1900 2524 1560
1718 2 2 1 3 878 2607 2566
1719 2 2 1 3 839 2590 1845
1720 2 2 1 3 1389 2559 1391
1721 2 2 1 3 1257 2028 1858
1722 2 2 1 3 1097 1857 1121
1723 2 2 1 3 1818 2629 2045
1724 2 2 1 3 1835 1861 1559
1725 2 2 1 3 924 2427 921
1726 2 2 1 3 1969 2540 2451
1727 2 2 1 3 1763 2502 2027
1728 2 2 1 3 1972 2451 1799
1729 2 2 1 3 1859 2028 1235
1730 2 2 1 3 1884 1996 1359
1731 2 2 1 3 1235 2027 1859
1732 2 2 1 3 1395 2548 1396
1733 2 2 1 3 1752 2049 2048
1734 2 2 1 3 1883 1996 1884
1735 2 2 1 3 1131 1996 1883
1736 2 2 1 3 1733 2636 2093
1737 2 2 1 3 1406 2464 1881
1738 2 2 1 3 1860 1861 1835
1739 2 2 1 3 1777 2340 2339
1740 2 2 1 3 1827 2632 1822
1741 2 2 1 3 1747 1860 1812
1742 2 2 1 3 1877 2001 1436
1743 2 2 1 3 1240 2429 2024
1744 2 2 1 3 1199 2544 2543
1745 2 2 1 3 1071 2415 1857
1746 2 2 1 3 2543 2544 1850
1747 2 2 1 3 1402 2535 1406
1748 2 2 1 3 1240 2000 1885
1749 2 2 1 3 1799 2448 1972
1750 2 2 1 3 1875 2548 1395
1751 2 2 1 3 1305 1912 1862
1752 2 2 1 3 1646 2339 2193
1753 2 2 1 3 1747 1861 1860
1754 2 2 1 3 1547 1938 1694
1755 2 2 1 3 1567 2527 1876
1756 2 2 1 3 1121 1857 1856
1757 2 2 1 3 1882 1904 1184
1758 2 2 1 3 1727 1938 1547
1759 2 2 1 3 1184 1904 1144
1760 2 2 1 3 1885 2429 1240
1761 2 2 1 3 2240 2275 1762
1762 2 2 1 3 2091 2600 1825
1763 2 2 1 3 1392 2549 1395
1764 2 2 1 3 1858 2339 1257
1765 2 2 1 3 2027 2502 1859
1766 2 2 1 3 855 2561 2142
1767 2 2 1 3 1862 1913 1305
1768 2 2 1 3 845 2533 144
1769 2 2 1 3 1238 2542 905
1770 2 2 1 3 1189 2028 1257
1771 2 2 1 3 2000 2001 1885
1772 2 2 1 3 1913 2382 1184
1773 2 2 1 3 1405 1896 1413
1774 2 2 1 3 1714 2001 1877
1775 2 2 1 3 1359 2050 1884
1776 2 2 1 3 1852 2534 913
1777 2 2 1 3 1122 2460 1098
1778 2 2 1 3 1883 2275 1131
1779 2 2 1 3 1235 2028 1189
1780 2 2 1 3 861 2591 2565
1781 2 2 1 3 1855 2532 1878
1782 2 2 1 3 1861 1919 1559
1783 2 2 1 3 1804 2456 1802
1784 2 2 1 3 1881 1896 1406
1785 2 2 1 3 1907 2615 844
1786 2 2 1 3 2032 2410 2034
1787 2 2 1 3 1888 2533 1843
1788 2 2 1 3 1436 2275 1877
1789 2 2 1 3 1802 2456 1806
1790 2 2 1 3 1862 2382 1913
1791 2 2 1 3 1144 1904 1122
1792 2 2 1 3 2527 2529 1876
1793 2 2 1 3 1372 2489 2193
1794 2 2 1 3 1184 2382 1882
1795 2 2 1 3 1445 2038 2034
1796 2 2 1 3 1849 1879 1850
1797 2 2 1 3 1777 2339 1646
1798 2 2 1 3 2036 2087 1664
1799 2 2 1 3 8 853 152
1800 2 2 1 3 1946 2527 1880
1801 2 2 1 3 1031 2531 2449
1802 2 2 1 3 1570 1572 1571
1803 2 2 1 3 1994 2326 2050
1804 2 2 1 3 1897 2087 1256
1805 2 2 1 3 1664 2087 1897
1806 2 2 1 3 1858 2028 1760
1807 2 2 1 3 1760 2028 1859
1808 2 2 1 3 1570 1881 1573
1809 2 2 1 3 1708 1886 1832
1810 2 2 1 3 2034 2410 1445
1811 2 2 1 3 2339 2340 1257
1812 2 2 1 3 1885 2001 1714
1813 2 2 1 3 1406 1896 1405
1814 2 2 1 3 1886 1887 1832
1815 2 2 1 3 1596 2526 2026
1816 2 2 1 3 2418 2501 1974
1817 2 2 1 3 1413 1896 1483
1818 2 2 1 3 922 2162 991
1819 2 2 1 3 1305 1919 1912
1820 2 2 1 3 1762 2275 1883
1821 2 2 1 3 1877 2275 2240
1822 2 2 1 3 1845 2648 839
1823 2 2 1 3 1620 2224 2194
1824 2 2 1 3 1573 1708 1572
1825 2 2 1 3 1912 1919 1861
1826 2 2 1 3 1902 2406 1729
1827 2 2 1 3 1862 1912 1611
1828 2 2 1 3 174 867 10
1829 2 2 1 3 1904 2460 1122
1830 2 2 1 3 2024 2429 1596
1831 2 2 1 3 1801 1886 1708
1832 2 2 1 3 2193 2489 1646
1833 2 2 1 3 1570 1573 1572
1834 2 2 1 3 2185 2509 2184
1835 2 2 1 3 2242 2243 1865
1836 2 2 1 3 2193 2339 1858
1837 2 2 1 3 1708 1832 1572
1838 2 2 1 3 1568 1881 1570
1839 2 2 1 3 1568 1570 1569
1840 2 2 1 3 1445 2162 2038
1841 2 2 1 3 907 1899 1238
1842 2 2 1 3 1880 2527 1567
1843 2 2 1 3 2035 2194 1327
1844 2 2 1 3 1664 2194 2036
1845 2 2 1 3 2451 2540 1799
1846 2 2 1 3 2038 2455 2414
1847 2 2 1 3 1148 2469 2401
1848 2 2 1 3 1778 2406 1902
1849 2 2 1 3 2545 2548 1875
1850 2 2 1 3 1653 2454 1792
1851 2 2 1 3 862 2515 136
1852 2 2 1 3 1412 2347 1895
1853 2 2 1 3 1730 2390 2016
1854 2 2 1 3 1709 1801 1708
1855 2 2 1 3 2001 2208 1436
1856 2 2 1 3 1570 1571 1569
1857 2 2 1 3 2000 2208 2001
1858 2 2 1 3 2164 2446 862
1859 2 2 1 3 2426 2478 1692
1860 2 2 1 3 2443 2446 2164
1861 2 2 1 3 836 1892 1890
1862 2 2 1 3 2050 2326 1761
1863 2 2 1 3 990 2534 1900
1864 2 2 1 3 1893 2428 1221
1865 2 2 1 3 1878 2532 1143
1866 2 2 1 3 1611 1912 1747
1867 2 2 1 3 1399 1402 1401
1868 2 2 1 3 1905 2412 1099
1869 2 2 1 3 1894 2423 1769
1870 2 2 1 3 1221 2428 2425
1871 2 2 1 3 1099 2412 1926
1872 2 2 1 3 1884 2502 1763
1873 2 2 1 3 2016 2017 1730
1874 2 2 1 3 894 2533 1888
1875 2 2 1 3 1422 1919 1304
1876 2 2 1 3 2423 2425 1769
1877 2 2 1 3 1994 2050 1359
1878 2 2 1 3 1971 2451 1972
1879 2 2 1 3 2413 2475 1985
1880 2 2 1 3 1577 1953 1951
1881 2 2 1 3 1377 1955 1375
1882 2 2 1 3 2436 2472 2046
1883 2 2 1 3 920 2162 922
1884 2 2 1 3 2103 2463 2400
1885 2 2 1 3 2035 2410 2032
1886 2 2 1 3 991 2162 1445
1887 2 2 1 3 2194 2224 1327
1888 2 2 1 3 2007 2523 1723
1889 2 2 1 3 1792 2454 2449
1890 2 2 1 3 1886 2596 858
1891 2 2 1 3 2422 2468 1988
1892 2 2 1 3 1620 2194 1664
1893 2 2 1 3 1415 2314 2313
1894 2 2 1 3 1949 2014 1173
1895 2 2 1 3 169 871 170
1896 2 2 1 3 907 1238 905
1897 2 2 1 3 1857 1876 1856
1898 2 2 1 3 1373 2527 1946
1899 2 2 1 3 1402 1406 1405
1900 2 2 1 3 1577 1955 1953
1901 2 2 1 3 1894 2414 1073
1902 2 2 1 3 2014 2015 1173
1903 2 2 1 3 1580 1947 1903
1904 2 2 1 3 1747 1912 1861
1905 2 2 1 3 1131 2275 1436
1906 2 2 1 3 1903 1947 1585
1907 2 2 1 3 1173 2282 1949
1908 2 2 1 3 1408 1973 1901
1909 2 2 1 3 1304 1919 1305
1910 2 2 1 3 172 899 173
1911 2 2 1 3 1483 1568 1563
1912 2 2 1 3 1584 1949 1948
1913 2 2 1 3 2425 2428 1769
1914 2 2 1 3 1559 1919 1422
1915 2 2 1 3 1399 1407 1402
1916 2 2 1 3 1073 2423 1894
1917 2 2 1 3 2566 2607 1840
1918 2 2 1 3 1951 2002 1577
1919 2 2 1 3 2356 2439 1319
1920 2 2 1 3 1604 2360 1633
1921 2 2 1 3 1221 2434 1893
1922 2 2 1 3 1898 2356 1181
1923 2 2 1 3 1573 1709 1708
1924 2 2 1 3 1375 1955 1577
1925 2 2 1 3 2131 2562 2133
1926 2 2 1 3 1949 2282 1948
1927 2 2 1 3 1802 1806 1801
1928 2 2 1 3 1396 1399 1398
1929 2 2 1 3 1680 2017 1679
1930 2 2 1 3 1256 2401 1897
1931 2 2 1 3 1503 2183 2019
1932 2 2 1 3 1327 2410 2035
1933 2 2 1 3 2364 2370 1517
1934 2 2 1 3 1916 2579 863
1935 2 2 1 3 1784 2361 1181
1936 2 2 1 3 2398 2488 2165
1937 2 2 1 3 1797 2578 2537
1938 2 2 1 3 1232 1913 1183
1939 2 2 1 3 1955 2342 2313
1940 2 2 1 3 2313 2342 1415
1941 2 2 1 3 1784 2364 2361
1942 2 2 1 3 2343 2347 1408
1943 2 2 1 3 1584 1948 1947
1944 2 2 1 3 1879 2427 1850
1945 2 2 1 3 1895 2347 2343
1946 2 2 1 3 1909 2360 1604
1947 2 2 1 3 1784 2370 2364
1948 2 2 1 3 2414 2455 1073
1949 2 2 1 3 1584 1947 1580
1950 2 2 1 3 1171 2015 1212
1951 2 2 1 3 1305 1913 1232
1952 2 2 1 3 1415 2345 2314
1953 2 2 1 3 1926 2112 1927
1954 2 2 1 3 1181 2361 1898
1955 2 2 1 3 1729 2406 1730
1956 2 2 1 3 911 2534 990
1957 2 2 1 3 990 1899 909
1958 2 2 1 3 2449 2531 1792
1959 2 2 1 3 1173 2015 1171
1960 2 2 1 3 2043 2214 2041
1961 2 2 1 3 1043 1927 1374
1962 2 2 1 3 1748 1920 1914
1963 2 2 1 3 1585 2019 1903
1964 2 2 1 3 1805 1835 1559
1965 2 2 1 3 1805 1836 1835
1966 2 2 1 3 1183 1913 1184
1967 2 2 1 3 1399 1401 1398
1968 2 2 1 3 1387 2347 1412
1969 2 2 1 3 1679 2017 2014
1970 2 2 1 3 1914 1920 1744
1971 2 2 1 3 1906 1940 1740
1972 2 2 1 3 2036 2194 2035
1973 2 2 1 3 909 1899 907
1974 2 2 1 3 1044 1927 1043
1975 2 2 1 3 1987 2226 1425
1976 2 2 1 3 1419 1940 1553
1977 2 2 1 3 1950 2002 1951
1978 2 2 1 3 1426 1923 927
1979 2 2 1 3 927 1923 929
1980 2 2 1 3 1986 1987 1425
1981 2 2 1 3 1098 2460 1099
1982 2 2 1 3 1730 2406 2390
1983 2 2 1 3 1925 2327 1602
1984 2 2 1 3 1917 1923 1426
1985 2 2 1 3 1932 2322 1931
1986 2 2 1 3 847 2501 2418
1987 2 2 1 3 1604 2019 1909
1988 2 2 1 3 1901 2343 1408
1989 2 2 1 3 1425 2018 1986
1990 2 2 1 3 1393 2327 1925
1991 2 2 1 3 1730 2017 1680
1992 2 2 1 3 1031 1966 1956
1993 2 2 1 3 1684 2428 1893
1994 2 2 1 3 2173 2506 2504
1995 2 2 1 3 2015 2017 2016
1996 2 2 1 3 1592 2322 1932
1997 2 2 1 3 2019 2183 1903
1998 2 2 1 3 1426 1924 1917
1999 2 2 1 3 2504 2506 885
2000 2 2 1 3 143 902 845
2001 2 2 1 3 1403 2338 1973
2002 2 2 1 3 1430 2214 2043
2003 2 2 1 3 2313 2314 1954
2004 2 2 1 3 1503 2019 1604
2005 2 2 1 3 1926 2412 2112
2006 2 2 1 3 1383 1973 1408
2007 2 2 1 3 1293 2134 2064
2008 2 2 1 3 1483 1896 1568
2009 2 2 1 3 1377 2342 1955
2010 2 2 1 3 1746 1922 1575
2011 2 2 1 3 1952 1966 1423
2012 2 2 1 3 2362 2411 2178
2013 2 2 1 3 2015 2016 1212
2014 2 2 1 3 1553 1940 1906
2015 2 2 1 3 1402 1405 1401
2016 2 2 1 3 1973 2338 1901
2017 2 2 1 3 1633 2360 2043
2018 2 2 1 3 1986 2018 1595
2019 2 2 1 3 1420 1940 1419
2020 2 2 1 3 933 1970 930
2021 2 2 1 3 1490 1933 1561
2022 2 2 1 3 1970 1971 930
2023 2 2 1 3 857 1929 177
2024 2 2 1 3 1749 2542 1941
2025 2 2 1 3 1961 1962 857
2026 2 2 1 3 928 1971 1199
2027 2 2 1 3 2401 2469 1897
2028 2 2 1 3 1855 1933 1921
2029 2 2 1 3 176 1961 857
2030 2 2 1 3 2150 2355 2213
2031 2 2 1 3 834 1931 139
2032 2 2 1 3 1589 1924 1587
2033 2 2 1 3 2082 2336 2174
2034 2 2 1 3 2074 2155 1707
2035 2 2 1 3 1583 2013 1581
2036 2 2 1 3 2072 2155 2074
2037 2 2 1 3 2020 2042 1241
2038 2 2 1 3 1920 2134 1744
2039 2 2 1 3 2009 2317 2257
2040 2 2 1 3 1956 1966 1952
2041 2 2 1 3 1971 1972 1199
2042 2 2 1 3 1435 2155 2072
2043 2 2 1 3 1568 1569 1563
2044 2 2 1 3 1289 2149 1244
2045 2 2 1 3 1950 1951 1423
2046 2 2 1 3 1561 1933 1855
2047 2 2 1 3 1380 1965 1404
2048 2 2 1 3 1682 2468 2422
2049 2 2 1 3 140 1931 1930
2050 2 2 1 3 1056 1927 1044
2051 2 2 1 3 1599 2308 2304
2052 2 2 1 3 1558 1559 1422
2053 2 2 1 3 2072 2073 1435
2054 2 2 1 3 834 1932 1931
2055 2 2 1 3 1304 1305 1232
2056 2 2 1 3 855 2564 2561
2057 2 2 1 3 1183 1184 1144
2058 2 2 1 3 320 1934 876
2059 2 2 1 3 1692 1957 1942
2060 2 2 1 3 1378 1965 1380
2061 2 2 1 3 2042 2043 2041
2062 2 2 1 3 1574 1820 1740
2063 2 2 1 3 2064 2134 1920
2064 2 2 1 3 1898 2439 2356
2065 2 2 1 3 1691 1957 1692
2066 2 2 1 3 2429 2526 1596
2067 2 2 1 3 898 1936 1935
2068 2 2 1 3 1018 1950 1423
2069 2 2 1 3 1284 2181 1976
2070 2 2 1 3 1407 2545 1863
2071 2 2 1 3 182 1944 873
2072 2 2 1 3 2014 2017 2015
2073 2 2 1 3 1917 1924 1589
2074 2 2 1 3 1927 2112 1374
2075 2 2 1 3 1924 2003 1587
2076 2 2 1 3 1633 2042 2020
2077 2 2 1 3 864 2478 2426
2078 2 2 1 3 1997 2134 1293
2079 2 2 1 3 988 1959 970
2080 2 2 1 3 1928 2231 1278
2081 2 2 1 3 1953 2313 1954
2082 2 2 1 3 1574 1740 1473
2083 2 2 1 3 1553 1829 1554
2084 2 2 1 3 930 1971 928
2085 2 2 1 3 1419 1553 1421
2086 2 2 1 3 1030 1959 988
2087 2 2 1 3 1984 1986 1595
2088 2 2 1 3 1698 1975 1699
2089 2 2 1 3 1380 1403 1381
2090 2 2 1 3 143 845 144
2091 2 2 1 3 1378 1380 1379
2092 2 2 1 3 2030 2290 2231
2093 2 2 1 3 1699 1975 1974
2094 2 2 1 3 140 1930 141
2095 2 2 1 3 1376 1378 1377
2096 2 2 1 3 1098 1099 1072
2097 2 2 1 3 1024 2002 1950
2098 2 2 1 3 872 902 142
2099 2 2 1 3 2027 2305 1622
2100 2 2 1 3 1498 1933 1490
2101 2 2 1 3 1918 2367 1923
2102 2 2 1 3 1770 2311 2116
2103 2 2 1 3 1951 1953 1952
2104 2 2 1 3 1137 2063 1191
2105 2 2 1 3 1584 2013 1949
2106 2 2 1 3 1181 2356 1162
2107 2 2 1 3 1553 1554 1421
2108 2 2 1 3 2188 2238 1626
2109 2 2 1 3 2372 2386 1416
2110 2 2 1 3 1419 1421 1410
2111 2 2 1 3 1936 1937 1935
2112 2 2 1 3 1030 1960 1959
2113 2 2 1 3 1626 2238 2213
2114 2 2 1 3 1757 1978 1853
2115 2 2 1 3 1387 1412 1389
2116 2 2 1 3 1374 1376 1375
2117 2 2 1 3 1679 2014 2013
2118 2 2 1 3 1413 1483 1481
2119 2 2 1 3 1963 1964 1962
2120 2 2 1 3 1378 1379 1377
2121 2 2 1 3 2257 2317 1323
2122 2 2 1 3 1380 1381 1379
2123 2 2 1 3 1147 2002 1028
2124 2 2 1 3 1579 1787 1764
2125 2 2 1 3 1383 1408 1385
2126 2 2 1 3 139 1931 140
2127 2 2 1 3 1577 2002 1147
2128 2 2 1 3 1951 1952 1423
2129 2 2 1 3 1376 1377 1375
2130 2 2 1 3 1906 1907 1829
2131 2 2 1 3 1474 1574 1473
2132 2 2 1 3 1043 1374 1147
2133 2 2 1 3 1679 2013 1583
2134 2 2 1 3 1489 1981 1358
2135 2 2 1 3 1423 1966 1016
2136 2 2 1 3 1043 1147 1028
2137 2 2 1 3 1411 1419 1410
2138 2 2 1 3 1315 2023 1231
2139 2 2 1 3 898 1935 1934
2140 2 2 1 3 1512 2037 1999
2141 2 2 1 3 1374 1375 1147
2142 2 2 1 3 175 1961 176
2143 2 2 1 3 872 903 902
2144 2 2 1 3 1961 1963 1962
2145 2 2 1 3 178 1929 874
2146 2 2 1 3 1747 1812 1746
2147 2 2 1 3 1192 1232 1183
2148 2 2 1 3 1594 2023 1946
2149 2 2 1 3 1488 1958 1486
2150 2 2 1 3 1404 1410 1403
2151 2 2 1 3 958 960 957
2152 2 2 1 3 1174 1183 1144
2153 2 2 1 3 1953 1954 1952
2154 2 2 1 3 1654 1925 1602
2155 2 2 1 3 1439 2110 2109
2156 2 2 1 3 1197 1997 1293
2157 2 2 1 3 2089 2200 2057
2158 2 2 1 3 1381 1973 1383
2159 2 2 1 3 1581 2013 1584
2160 2 2 1 3 989 1011 988
2161 2 2 1 3 1591 1981 1489
2162 2 2 1 3 1278 2296 1928
2163 2 2 1 3 1595 1989 1984
2164 2 2 1 3 961 964 960
2165 2 2 1 3 971 988 970
2166 2 2 1 3 1439 2217 2110
2167 2 2 1 3 1097 1098 1072
2168 2 2 1 3 965 970 964
2169 2 2 1 3 941 1989 939
2170 2 2 1 3 1025 1028 1024
2171 2 2 1 3 1012 1031 1011
2172 2 2 1 3 1143 1144 1122
2173 2 2 1 3 1071 1072 1056
2174 2 2 1 3 1235 2305 2027
2175 2 2 1 3 1689 1958 1488
2176 2 2 1 3 176 857 177
2177 2 2 1 3 898 1934 321
2178 2 2 1 3 1029 1043 1028
2179 2 2 1 3 1976 2181 1975
2180 2 2 1 3 1691 2057 1957
2181 2 2 1 3 1435 2149 1289
2182 2 2 1 3 848 1945 1944
2183 2 2 1 3 2378 2387 1268
2184 2 2 1 3 1757 1853 1756
2185 2 2 1 3 1024 1950 1020
2186 2 2 1 3 2109 2207 1439
2187 2 2 1 3 925 926 924
2188 2 2 1 3 322 898 321
2189 2 2 1 3 1191 2063 1979
2190 2 2 1 3 1244 2149 1770
2191 2 2 1 3 1363 2021 1556
2192 2 2 1 3 2231 2290 1278
2193 2 2 1 3 2097 2121 2098
2194 2 2 1 3 318 1967 859
2195 2 2 1 3 1429 1473 1420
2196 2 2 1 3 897 1992 1991
2197 2 2 1 3 2111 2207 2109
2198 2 2 1 3 1982 1988 1983
2199 2 2 1 3 1126 1988 1982
2200 2 2 1 3 1120 1122 1098
2201 2 2 1 3 2174 2336 1431
2202 2 2 1 3 1072 1926 1056
2203 2 2 1 3 1505 2176 2153
2204 2 2 1 3 1759 1978 1757
2205 2 2 1 3 141 872 142
2206 2 2 1 3 1114 2106 2105
2207 2 2 1 3 972 2024 1596
2208 2 2 1 3 927 928 926
2209 2 2 1 3 1575 1922 1574
2210 2 2 1 3 939 1989 1595
2211 2 2 1 3 178 874 179
2212 2 2 1 3 1473 1940 1420
2213 2 2 1 3 1479 2130 1550
2214 2 2 1 3 846 2121 2097
2215 2 2 1 3 848 1944 181
2216 2 2 1 3 1694 2022 2021
2217 2 2 1 3 1107 2063 1137
2218 2 2 1 3 2053 2348 2090
2219 2 2 1 3 957 1970 933
2220 2 2 1 3 142 902 143
2221 2 2 1 3 2149 2311 1770
2222 2 2 1 3 187 1977 875
2223 2 2 1 3 1505 2153 2125
2224 2 2 1 3 1855 1878 1854
2225 2 2 1 3 2120 2122 2121
2226 2 2 1 3 2400 2463 1522
2227 2 2 1 3 2127 2129 1549
2228 2 2 1 3 1126 1982 948
2229 2 2 1 3 1234 1304 1232
2230 2 2 1 3 1698 1976 1975
2231 2 2 1 3 2082 2174 1623
2232 2 2 1 3 1611 1746 1575
2233 2 2 1 3 911 990 909
2234 2 2 1 3 1525 2475 2413
2235 2 2 1 3 1554 1579 1578
2236 2 2 1 3 876 1968 1967
2237 2 2 1 3 1602 2327 1417
2238 2 2 1 3 2073 2149 1435
2239 2 2 1 3 1241 2042 2040
2240 2 2 1 3 1381 1383 1382
2241 2 2 1 3 2213 2355 1626
2242 2 2 1 3 1231 2023 1229
2243 2 2 1 3 1946 2023 1315
2244 2 2 1 3 970 1939 964
2245 2 2 1 3 1553 1906 1829
2246 2 2 1 3 1556 2021 1808
2247 2 2 1 3 937 958 957
2248 2 2 1 3 1217 1994 1172
2249 2 2 1 3 1926 1927 1056
2250 2 2 1 3 1918 2378 2367
2251 2 2 1 3 1609 2160 2056
2252 2 2 1 3 1403 1973 1381
2253 2 2 1 3 180 848 181
2254 2 2 1 3 2304 2308 1976
2255 2 2 1 3 2116 2151 1770
2256 2 2 1 3 1054 1056 1044
2257 2 2 1 3 1191 1979 1242
2258 2 2 1 3 1742 1756 1498
2259 2 2 1 3 1359 1996 1130
2260 2 2 1 3 2079 2203 2191
2261 2 2 1 3 937 957 933
2262 2 2 1 3 2057 2200 1957
2263 2 2 1 3 970 1959 1939
2264 2 2 1 3 1207 1997 1197
2265 2 2 1 3 1579 1764 1586
2266 2 2 1 3 1490 1561 1489
2267 2 2 1 3 2121 2122 2098
2268 2 2 1 3 1114 2105 2104
2269 2 2 1 3 1853 1921 1756
2270 2 2 1 3 1358 1981 1316
2271 2 2 1 3 958 961 960
2272 2 2 1 3 1814 1830 1815
2273 2 2 1 3 1022 1024 1020
2274 2 2 1 3 1020 1950 1018
2275 2 2 1 3 1909 2019 1585
2276 2 2 1 3 897 1991 269
2277 2 2 1 3 1764 1814 1765
2278 2 2 1 3 964 1939 1084
2279 2 2 1 3 2130 2131 1550
2280 2 2 1 3 1018 1423 1016
2281 2 2 1 3 2004 2005 849
2282 2 2 1 3 1376 1651 1378
2283 2 2 1 3 1380 1404 1403
2284 2 2 1 3 1651 1965 1378
2285 2 2 1 3 859 1995 317
2286 2 2 1 3 1955 2313 1953
2287 2 2 1 3 2129 2130 1549
2288 2 2 1 3 1561 1855 1854
2289 2 2 1 3 2191 2203 1112
2290 2 2 1 3 923 2047 925
2291 2 2 1 3 1114 2111 2106
2292 2 2 1 3 1383 1385 1384
2293 2 2 1 3 2124 2262 2125
2294 2 2 1 3 182 873 183
2295 2 2 1 3 1574 1922 1820
2296 2 2 1 3 928 1199 926
2297 2 2 1 3 1123 2285 1241
2298 2 2 1 3 177 1929 178
2299 2 2 1 3 993 2044 1036
2300 2 2 1 3 1322 2267 1609
2301 2 2 1 3 1011 1030 988
2302 2 2 1 3 2160 2261 2056
2303 2 2 1 3 1483 1563 1562
2304 2 2 1 3 1361 2187 2186
2305 2 2 1 3 1411 1420 1419
2306 2 2 1 3 1549 2130 1479
2307 2 2 1 3 1101 2010 1129
2308 2 2 1 3 1392 1395 1394
2309 2 2 1 3 1474 1575 1574
2310 2 2 1 3 944 1989 941
2311 2 2 1 3 1547 1694 1469
2312 2 2 1 3 1742 1757 1756
2313 2 2 1 3 1587 2003 1195
2314 2 2 1 3 1999 2170 1512
2315 2 2 1 3 1241 2285 2020
2316 2 2 1 3 951 2012 1126
2317 2 2 1 3 1468 1489 1358
2318 2 2 1 3 1623 2144 2082
2319 2 2 1 3 923 925 924
2320 2 2 1 3 925 927 926
2321 2 2 1 3 1468 1490 1489
2322 2 2 1 3 1130 1996 1128
2323 2 2 1 3 1549 2145 2127
2324 2 2 1 3 873 1990 183
2325 2 2 1 3 964 1084 960
2326 2 2 1 3 2106 2111 2109
2327 2 2 1 3 961 965 964
2328 2 2 1 3 876 1967 319
2329 2 2 1 3 1100 2010 1101
2330 2 2 1 3 1385 1387 1386
2331 2 2 1 3 320 876 319
2332 2 2 1 3 923 924 921
2333 2 2 1 3 1979 1980 1656
2334 2 2 1 3 2079 2190 1246
2335 2 2 1 3 1361 2300 2260
2336 2 2 1 3 1241 2040 1082
2337 2 2 1 3 1001 2104 1003
2338 2 2 1 3 1033 2044 993
2339 2 2 1 3 1404 1411 1410
2340 2 2 1 3 2021 2022 1808
2341 2 2 1 3 965 971 970
2342 2 2 1 3 2036 2216 2087
2343 2 2 1 3 2117 2151 2116
2344 2 2 1 3 971 989 988
2345 2 2 1 3 1172 1994 1135
2346 2 2 1 3 1316 1981 1373
2347 2 2 1 3 1561 1854 1591
2348 2 2 1 3 2125 2262 1505
2349 2 2 1 3 956 2026 1427
2350 2 2 1 3 270 2011 897
2351 2 2 1 3 1316 1373 1315
2352 2 2 1 3 1448 2244 2061
2353 2 2 1 3 314 2004 849
2354 2 2 1 3 1982 1983 1239
2355 2 2 1 3 2087 2216 2086
2356 2 2 1 3 1443 1656 1524
2357 2 2 1 3 839 1977 186
2358 2 2 1 3 185 839 186
2359 2 2 1 3 1133 2117 1161
2360 2 2 1 3 1319 2066 2065
2361 2 2 1 3 1653 1654 1602
2362 2 2 1 3 2041 2214 2044
2363 2 2 1 3 961 2226 1178
2364 2 2 1 3 2060 2206 2190
2365 2 2 1 3 1211 2009 1292
2366 2 2 1 3 1028 2002 1024
2367 2 2 1 3 1426 2047 1924
2368 2 2 1 3 2080 2144 1320
2369 2 2 1 3 989 1012 1011
2370 2 2 1 3 1022 1025 1024
2371 2 2 1 3 1227 1229 1228
2372 2 2 1 3 1096 2186 1116
2373 2 2 1 3 1925 2386 2372
2374 2 2 1 3 1985 1987 1986
2375 2 2 1 3 1293 2277 1176
2376 2 2 1 3 2158 2350 2320
2377 2 2 1 3 1012 1966 1031
2378 2 2 1 3 1099 1926 1072
2379 2 2 1 3 2340 2363 1023
2380 2 2 1 3 1469 2021 1363
2381 2 2 1 3 2082 2144 2080
2382 2 2 1 3 1242 1979 1443
2383 2 2 1 3 1438 2103 2101
2384 2 2 1 3 1161 2117 1202
2385 2 2 1 3 1709 1802 1801
2386 2 2 1 3 1792 1793 1654
2387 2 2 1 3 1310 2161 1311
2388 2 2 1 3 1229 1317 1228
2389 2 2 1 3 2097 2157 846
2390 2 2 1 3 1246 2203 2079
2391 2 2 1 3 141 1930 872
2392 2 2 1 3 1595 2018 936
2393 2 2 1 3 1924 2047 2003
2394 2 2 1 3 1320 2083 2077
2395 2 2 1 3 1700 2510 2508
2396 2 2 1 3 1114 2104 1001
2397 2 2 1 3 1443 1979 1656
2398 2 2 1 3 1310 2089 2057
2399 2 2 1 3 1227 1228 1218
2400 2 2 1 3 1694 2021 1469
2401 2 2 1 3 1918 1923 1917
2402 2 2 1 3 2077 2080 1320
2403 2 2 1 3 1656 1681 1524
2404 2 2 1 3 1659 1918 1917
2405 2 2 1 3 1429 1474 1473
2406 2 2 1 3 1743 1745 1744
2407 2 2 1 3 1633 2043 2042
2408 2 2 1 3 181 1944 182
2409 2 2 1 3 1363 1556 1362
2410 2 2 1 3 1556 1743 1593
2411 2 2 1 3 1983 1985 1984
2412 2 2 1 3 321 1934 320
2413 2 2 1 3 963 2026 956
2414 2 2 1 3 925 2047 1426
2415 2 2 1 3 1317 1594 1372
2416 2 2 1 3 2190 2206 1246
2417 2 2 1 3 1025 1029 1028
2418 2 2 1 3 1060 2148 1062
2419 2 2 1 3 2061 2244 1621
2420 2 2 1 3 1588 1589 1587
2421 2 2 1 3 268 1991 901
2422 2 2 1 3 1292 2009 1367
2423 2 2 1 3 917 1125 915
2424 2 2 1 3 1361 2186 1096
2425 2 2 1 3 946 1982 1239
2426 2 2 1 3 1740 1940 1473
2427 2 2 1 3 2064 2277 1293
2428 2 2 1 3 1303 1315 1231
2429 2 2 1 3 1233 1362 1207
2430 2 2 1 3 2153 2308 1599
2431 2 2 1 3 1659 1917 1589
2432 2 2 1 3 1213 1218 1217
2433 2 2 1 3 1030 2454 1960
2434 2 2 1 3 1136 2030 1324
2435 2 2 1 3 1367 2009 1612
2436 2 2 1 3 1303 1316 1315
2437 2 2 1 3 268 901 267
2438 2 2 1 3 1612 1783 1782
2439 2 2 1 3 1053 2065 1038
2440 2 2 1 3 1038 2065 1598
2441 2 2 1 3 2101 2102 1438
2442 2 2 1 3 1217 2326 1994
2443 2 2 1 3 992 2024 972
2444 2 2 1 3 1756 1933 1498
2445 2 2 1 3 1101 1128 1127
2446 2 2 1 3 1128 1996 1131
2447 2 2 1 3 1617 2025 1771
2448 2 2 1 3 2031 2037 1512
2449 2 2 1 3 1069 1070 1068
2450 2 2 1 3 1078 1079 1070
2451 2 2 1 3 1353 2145 1465
2452 2 2 1 3 946 1239 944
2453 2 2 1 3 1688 2051 1534
2454 2 2 1 3 840 2045 309
2455 2 2 1 3 1590 1659 1589
2456 2 2 1 3 1531 2046 1688
2457 2 2 1 3 1071 1097 1072
2458 2 2 1 3 2260 2300 1638
2459 2 2 1 3 1082 2040 1057
2460 2 2 1 3 1230 1231 1229
2461 2 2 1 3 1512 2170 1330
2462 2 2 1 3 1029 1044 1043
2463 2 2 1 3 1067 1068 1066
2464 2 2 1 3 1556 1593 1362
2465 2 2 1 3 951 1126 948
2466 2 2 1 3 1811 2318 1634
2467 2 2 1 3 2090 2348 1013
2468 2 2 1 3 316 1995 877
2469 2 2 1 3 1100 1101 1079
2470 2 2 1 3 1129 1130 1128
2471 2 2 1 3 1948 2282 2010
2472 2 2 1 3 1385 2347 1387
2473 2 2 1 3 1743 1744 1593
2474 2 2 1 3 1135 1994 1359
2475 2 2 1 3 1054 1071 1056
2476 2 2 1 3 1367 1612 1520
2477 2 2 1 3 1798 1800 1689
2478 2 2 1 3 1561 1591 1489
2479 2 2 1 3 2013 2014 1949
2480 2 2 1 3 959 2012 951
2481 2 2 1 3 1542 1602 1417
2482 2 2 1 3 958 2226 961
2483 2 2 1 3 1226 1227 1218
2484 2 2 1 3 2106 2107 2105
2485 2 2 1 3 1745 1915 1914
2486 2 2 1 3 2003 2047 932
2487 2 2 1 3 1609 2267 2160
2488 2 2 1 3 1135 1359 1130
2489 2 2 1 3 2009 2257 1612
2490 2 2 1 3 1213 1217 1172
2491 2 2 1 3 1387 1389 1388
2492 2 2 1 3 2030 2231 2025
2493 2 2 1 3 948 1982 946
2494 2 2 1 3 1280 1587 1195
2495 2 2 1 3 1745 1914 1744
2496 2 2 1 3 1171 1172 1135
2497 2 2 1 3 1324 2030 1516
2498 2 2 1 3 1516 2030 2025
2499 2 2 1 3 1134 1135 1130
2500 2 2 1 3 1590 2118 1659
2501 2 2 1 3 1357 1358 1316
2502 2 2 1 3 2039 2044 1033
2503 2 2 1 3 929 930 928
2504 2 2 1 3 318 859 317
2505 2 2 1 3 2113 2201 2060
2506 2 2 1 3 1212 1213 1172
2507 2 2 1 3 937 2018 1425
2508 2 2 1 3 1771 1775 1675
2509 2 2 1 3 877 2004 315
2510 2 2 1 3 1931 2322 1930
2511 2 2 1 3 1233 1363 1362
2512 2 2 1 3 1983 1984 1239
2513 2 2 1 3 1035 2039 1033
2514 2 2 1 3 1003 2104 1438
2515 2 2 1 3 1133 2151 2117
2516 2 2 1 3 1229 2023 1317
2517 2 2 1 3 1763 2027 1622
2518 2 2 1 3 1745 1916 1915
2519 2 2 1 3 2075 2083 1606
2520 2 2 1 3 2131 2132 1550
2521 2 2 1 3 1247 2148 1060
2522 2 2 1 3 2067 2230 1598
2523 2 2 1 3 1976 2308 1284
2524 2 2 1 3 1329 2031 1512
2525 2 2 1 3 1465 2145 1549
2526 2 2 1 3 1057 2039 1035
2527 2 2 1 3 2040 2041 2039
2528 2 2 1 3 870 2011 271
2529 2 2 1 3 1771 1928 1775
2530 2 2 1 3 1128 1131 1127
2531 2 2 1 3 1280 1588 1587
2532 2 2 1 3 2061 2301 2062
2533 2 2 1 3 2077 2083 2075
2534 2 2 1 3 1057 2040 2039
2535 2 2 1 3 1101 1129 1128
2536 2 2 1 3 2057 2161 1310
2537 2 2 1 3 187 875 188
2538 2 2 1 3 275 2091 866
2539 2 2 1 3 1179 1181 1162
2540 2 2 1 3 880 2085 2084
2541 2 2 1 3 1440 2010 1100
2542 2 2 1 3 927 929 928
2543 2 2 1 3 316 877 315
2544 2 2 1 3 2065 2066 1598
2545 2 2 1 3 1729 1730 1680
2546 2 2 1 3 1556 1808 1743
2547 2 2 1 3 1063 2102 2099
2548 2 2 1 3 1036 1066 992
2549 2 2 1 3 1617 1771 1675
2550 2 2 1 3 2040 2042 2041
2551 2 2 1 3 1067 1069 1068
2552 2 2 1 3 1036 1067 1066
2553 2 2 1 3 1069 1078 1070
2554 2 2 1 3 1536 2051 1796
2555 2 2 1 3 2066 2067 1598
2556 2 2 1 3 1534 2051 1536
2557 2 2 1 3 1068 2000 1240
2558 2 2 1 3 1195 2003 1090
2559 2 2 1 3 1279 1597 1455
2560 2 2 1 3 270 897 269
2561 2 2 1 3 1985 1986 1984
2562 2 2 1 3 1215 1297 1216
2563 2 2 1 3 2106 2108 2107
2564 2 2 1 3 972 1596 968
2565 2 2 1 3 1614 2025 1617
2566 2 2 1 3 2140 2141 860
2567 2 2 1 3 1167 2165 1255
2568 2 2 1 3 1554 1578 1421
2569 2 2 1 3 952 2143 959
2570 2 2 1 3 1179 1784 1181
2571 2 2 1 3 1101 1127 1079
2572 2 2 1 3 1317 1372 1371
2573 2 2 1 3 1373 1946 1315
2574 2 2 1 3 1617 1675 1660
2575 2 2 1 3 1854 1856 1591
2576 2 2 1 3 1297 1298 1216
2577 2 2 1 3 1109 1319 1088
2578 2 2 1 3 1947 1948 1440
2579 2 2 1 3 1355 2183 1503
2580 2 2 1 3 1516 2025 1614
2581 2 2 1 3 939 1595 936
2582 2 2 1 3 1224 2089 1206
2583 2 2 1 3 1467 1468 1358
2584 2 2 1 3 1588 1590 1589
2585 2 2 1 3 1544 1689 1488
2586 2 2 1 3 319 1967 318
2587 2 2 1 3 1612 1782 1520
2588 2 2 1 3 1297 1352 1298
2589 2 2 1 3 1123 1241 1082
2590 2 2 1 3 1070 2000 1068
2591 2 2 1 3 1462 1683 1463
2592 2 2 1 3 1678 1680 1679
2593 2 2 1 3 1672 2280 1264
2594 2 2 1 3 1381 1382 1379
2595 2 2 1 3 882 2093 2092
2596 2 2 1 3 1197 1293 1176
2597 2 2 1 3 1685 1769 1683
2598 2 2 1 3 1050 2209 2196
2599 2 2 1 3 1609 2056 2052
2600 2 2 1 3 1622 2305 1360
2601 2 2 1 3 2196 2209 2166
2602 2 2 1 3 1362 1997 1207
2603 2 2 1 3 1088 2065 1053
2604 2 2 1 3 1225 2115 1504
2605 2 2 1 3 1375 1577 1147
2606 2 2 1 3 1317 2023 1594
2607 2 2 1 3 2058 2075 1606
2608 2 2 1 3 1215 1216 1168
2609 2 2 1 3 872 904 903
2610 2 2 1 3 1948 2010 1440
2611 2 2 1 3 1352 1353 1298
2612 2 2 1 3 314 849 313
2613 2 2 1 3 875 2048 188
2614 2 2 1 3 1078 1100 1079
2615 2 2 1 3 1809 2204 2132
2616 2 2 1 3 1690 1789 1661
2617 2 2 1 3 1062 2148 1091
2618 2 2 1 3 1497 1498 1490
2619 2 2 1 3 2099 2102 2101
2620 2 2 1 3 1058 1082 1057
2621 2 2 1 3 1979 2063 1980
2622 2 2 1 3 2132 2204 1550
2623 2 2 1 3 1532 1661 1530
2624 2 2 1 3 1372 2193 1564
2625 2 2 1 3 1068 1240 1066
2626 2 2 1 3 1361 2260 2187
2627 2 2 1 3 272 870 271
2628 2 2 1 3 1046 2139 1047
2629 2 2 1 3 937 1425 958
2630 2 2 1 3 186 1977 187
2631 2 2 1 3 2201 2206 2060
2632 2 2 1 3 1678 1679 1583
2633 2 2 1 3 880 2084 282
2634 2 2 1 3 1083 1123 1082
2635 2 2 1 3 960 1969 957
2636 2 2 1 3 1462 1685 1683
2637 2 2 1 3 1502 1581 1580
2638 2 2 1 3 2086 2216 1236
2639 2 2 1 3 932 2047 923
2640 2 2 1 3 1538 2068 1693
2641 2 2 1 3 1564 2193 1858
2642 2 2 1 3 1337 1530 1338
2643 2 2 1 3 1174 1192 1183
2644 2 2 1 3 1124 1168 1123
2645 2 2 1 3 183 1990 184
2646 2 2 1 3 1090 2003 932
2647 2 2 1 3 1205 2115 1225
2648 2 2 1 3 1352 2145 1353
2649 2 2 1 3 968 2026 963
2650 2 2 1 3 846 2157 288
2651 2 2 1 3 1614 1617 1616
2652 2 2 1 3 1169 1215 1168
2653 2 2 1 3 1140 2086 1236
2654 2 2 1 3 1954 1956 1952
2655 2 2 1 3 1462 2170 1685
2656 2 2 1 3 317 1995 316
2657 2 2 1 3 308 2045 879
2658 2 2 1 3 1329 1512 1330
2659 2 2 1 3 2127 2145 1600
2660 2 2 1 3 1049 1057 1035
2661 2 2 1 3 312 878 311
2662 2 2 1 3 1771 2231 1928
2663 2 2 1 3 1322 1609 1447
2664 2 2 1 3 278 2140 860
2665 2 2 1 3 1224 2200 2089
2666 2 2 1 3 1302 1303 1231
2667 2 2 1 3 1337 1532 1530
2668 2 2 1 3 1645 2158 1449
2669 2 2 1 3 1582 1583 1581
2670 2 2 1 3 1097 1120 1098
2671 2 2 1 3 1143 1174 1144
2672 2 2 1 3 1634 2222 1424
2673 2 2 1 3 2109 2110 2108
2674 2 2 1 3 850 2088 284
2675 2 2 1 3 1227 1230 1229
2676 2 2 1 3 1606 2139 2058
2677 2 2 1 3 868 2472 2436
2678 2 2 1 3 1685 2170 1999
2679 2 2 1 3 997 2207 2111
2680 2 2 1 3 2119 2121 846
2681 2 2 1 3 269 1991 268
2682 2 2 1 3 1368 1600 1352
2683 2 2 1 3 2094 2095 2093
2684 2 2 1 3 1153 2159 1321
2685 2 2 1 3 1091 2124 2123
2686 2 2 1 3 2126 2128 2127
2687 2 2 1 3 1340 1462 1461
2688 2 2 1 3 1536 1796 1795
2689 2 2 1 3 1596 2026 968
2690 2 2 1 3 1465 1466 1355
2691 2 2 1 3 1243 2123 1607
2692 2 2 1 3 2034 2038 2037
2693 2 2 1 3 1532 1690 1661
2694 2 2 1 3 882 2157 2094
2695 2 2 1 3 1480 1502 1501
2696 2 2 1 3 2099 2100 1148
2697 2 2 1 3 2052 2053 1519
2698 2 2 1 3 1206 2089 1220
2699 2 2 1 3 882 2092 286
2700 2 2 1 3 2136 2138 841
2701 2 2 1 3 310 840 309
2702 2 2 1 3 1465 1479 1466
2703 2 2 1 3 2115 2116 1504
2704 2 2 1 3 1752 1902 1729
2705 2 2 1 3 1581 1584 1580
2706 2 2 1 3 1220 2089 1310
2707 2 2 1 3 1213 1226 1218
2708 2 2 1 3 1728 1729 1680
2709 2 2 1 3 1129 1134 1130
2710 2 2 1 3 1448 2061 1645
2711 2 2 1 3 1070 2208 2000
2712 2 2 1 3 2126 2127 1600
2713 2 2 1 3 1225 1344 1224
2714 2 2 1 3 271 2011 270
2715 2 2 1 3 2094 2157 2097
2716 2 2 1 3 1158 2178 1222
2717 2 2 1 3 1762 1763 1622
2718 2 2 1 3 2131 2133 2132
2719 2 2 1 3 1353 1465 1355
2720 2 2 1 3 1007 2102 1063
2721 2 2 1 3 1127 2208 1079
2722 2 2 1 3 1319 2065 1088
2723 2 2 1 3 2061 2062 1645
2724 2 2 1 3 1601 2126 1600
2725 2 2 1 3 1531 1688 1534
2726 2 2 1 3 1748 1813 1601
2727 2 2 1 3 1530 2046 1531
2728 2 2 1 3 308 879 307
2729 2 2 1 3 1813 2126 1601
2730 2 2 1 3 1479 1480 1466
2731 2 2 1 3 1091 2148 2124
2732 2 2 1 3 1311 1337 1314
2733 2 2 1 3 1677 1678 1583
2734 2 2 1 3 1683 1684 1463
2735 2 2 1 3 1205 1225 1224
2736 2 2 1 3 1684 1893 1706
2737 2 2 1 3 275 866 274
2738 2 2 1 3 1685 1894 1769
2739 2 2 1 3 954 2143 952
2740 2 2 1 3 1438 2104 2103
2741 2 2 1 3 881 2120 2119
2742 2 2 1 3 1495 1622 1360
2743 2 2 1 3 1609 2052 1447
2744 2 2 1 3 1353 1355 1354
2745 2 2 1 3 1116 2186 1279
2746 2 2 1 3 1311 2161 1337
2747 2 2 1 3 1499 2031 1329
2748 2 2 1 3 1010 2113 1027
2749 2 2 1 3 882 2094 2093
2750 2 2 1 3 315 2004 314
2751 2 2 1 3 1134 1171 1135
2752 2 2 1 3 883 2137 2136
2753 2 2 1 3 1447 2052 1519
2754 2 2 1 3 1076 2099 1148
2755 2 2 1 3 1252 2083 1320
2756 2 2 1 3 289 2119 846
2757 2 2 1 3 1877 2240 1712
2758 2 2 1 3 1508 2113 2060
2759 2 2 1 3 1714 1877 1712
2760 2 2 1 3 1124 1169 1168
2761 2 2 1 3 1047 2139 1059
2762 2 2 1 3 1693 1943 1942
2763 2 2 1 3 2034 2037 2031
2764 2 2 1 3 1540 2068 1538
2765 2 2 1 3 1102 1440 1100
2766 2 2 1 3 1345 1538 1344
2767 2 2 1 3 1118 2123 1243
2768 2 2 1 3 956 1427 954
2769 2 2 1 3 1427 2143 954
2770 2 2 1 3 1502 1580 1501
2771 2 2 1 3 1300 2244 1448
2772 2 2 1 3 1202 2117 2115
2773 2 2 1 3 1171 1212 1172
2774 2 2 1 3 1225 1345 1344
2775 2 2 1 3 2137 2138 2136
2776 2 2 1 3 969 972 968
2777 2 2 1 3 2128 2129 2127
2778 2 2 1 3 1083 1124 1123
2779 2 2 1 3 931 933 930
2780 2 2 1 3 2032 2034 2031
2781 2 2 1 3 1538 1693 1539
2782 2 2 1 3 973 992 972
2783 2 2 1 3 2106 2109 2108
2784 2 2 1 3 1321 2146 1151
2785 2 2 1 3 993 1036 992
2786 2 2 1 3 2067 2256 2230
2787 2 2 1 3 1250 2083 1252
2788 2 2 1 3 1883 1884 1763
2789 2 2 1 3 2058 2139 1046
2790 2 2 1 3 305 835 304
2791 2 2 1 3 2094 2096 2095
2792 2 2 1 3 1564 1858 1760
2793 2 2 1 3 2123 2124 1607
2794 2 2 1 3 276 2091 275
2795 2 2 1 3 1110 1162 1109
2796 2 2 1 3 1089 1109 1088
2797 2 2 1 3 2120 2121 2119
2798 2 2 1 3 1719 2292 1705
2799 2 2 1 3 1163 1179 1162
2800 2 2 1 3 1205 1224 1206
2801 2 2 1 3 2186 2187 1597
2802 2 2 1 3 1287 1329 1288
2803 2 2 1 3 1676 2118 1590
2804 2 2 1 3 1502 1582 1581
2805 2 2 1 3 2104 2105 2103
2806 2 2 1 3 1329 1330 1288
2807 2 2 1 3 904 905 903
2808 2 2 1 3 934 2018 937
2809 2 2 1 3 1345 1540 1538
2810 2 2 1 3 1058 1083 1082
2811 2 2 1 3 2125 2152 1607
2812 2 2 1 3 1462 1463 1461
2813 2 2 1 3 1617 1660 1616
2814 2 2 1 3 294 2136 841
2815 2 2 1 3 1389 1391 1390
2816 2 2 1 3 1368 1601 1600
2817 2 2 1 3 1588 2218 1605
2818 2 2 1 3 1297 1368 1352
2819 2 2 1 3 1530 1531 1338
2820 2 2 1 3 967 968 963
2821 2 2 1 3 1443 1524 1444
2822 2 2 1 3 1540 2069 2068
2823 2 2 1 3 1287 1499 1329
2824 2 2 1 3 1220 1310 1309
2825 2 2 1 3 281 2084 855
2826 2 2 1 3 1585 1947 1440
2827 2 2 1 3 1283 2144 1623
2828 2 2 1 3 1027 2113 1041
2829 2 2 1 3 1141 2182 1105
2830 2 2 1 3 999 2111 1114
2831 2 2 1 3 1661 2046 1530
2832 2 2 1 3 1151 2146 1149
2833 2 2 1 3 1691 1692 1690
2834 2 2 1 3 947 948 946
2835 2 2 1 3 1094 1256 1113
2836 2 2 1 3 949 951 948
2837 2 2 1 3 1280 2218 1588
2838 2 2 1 3 952 959 951
2839 2 2 1 3 945 946 944
2840 2 2 1 3 2124 2125 1607
2841 2 2 1 3 1796 1797 1795
2842 2 2 1 3 1202 2115 1205
2843 2 2 1 3 309 2045 308
2844 2 2 1 3 1347 1541 1346
2845 2 2 1 3 934 937 933
2846 2 2 1 3 1296 2250 1652
2847 2 2 1 3 2041 2044 2039
2848 2 2 1 3 283 2088 880
2849 2 2 1 3 1076 1148 1085
2850 2 2 1 3 1479 1550 1480
2851 2 2 1 3 279 2140 278
2852 2 2 1 3 1243 1244 1156
2853 2 2 1 3 1113 2086 1140
2854 2 2 1 3 1063 2099 1076
2855 2 2 1 3 2053 2090 2055
2856 2 2 1 3 1118 1243 1156
2857 2 2 1 3 1436 2208 1127
2858 2 2 1 3 2125 2153 2152
2859 2 2 1 3 1266 1672 1264
2860 2 2 1 3 278 860 277
2861 2 2 1 3 1432 1433 1289
2862 2 2 1 3 281 855 280
2863 2 2 1 3 1923 2367 929
2864 2 2 1 3 1508 2059 2058
2865 2 2 1 3 1254 2144 1283
2866 2 2 1 3 1041 2113 1508
2867 2 2 1 3 1734 1776 1735
2868 2 2 1 3 1337 1338 1314
2869 2 2 1 3 1245 1432 1289
2870 2 2 1 3 1432 1434 1433
2871 2 2 1 3 2148 2262 2124
2872 2 2 1 3 285 2092 850
2873 2 2 1 3 1606 2083 1250
2874 2 2 1 3 2163 2164 862
2875 2 2 1 3 1480 1501 1466
2876 2 2 1 3 1448 1645 1449
2877 2 2 1 3 1049 1058 1057
2878 2 2 1 3 1353 1354 1298
2879 2 2 1 3 1508 2060 2059
2880 2 2 1 3 1434 1526 1433
2881 2 2 1 3 1236 1237 1186
2882 2 2 1 3 1256 2087 2086
2883 2 2 1 3 973 993 992
2884 2 2 1 3 302 861 301
2885 2 2 1 3 2218 2273 1605
2886 2 2 1 3 1499 2032 2031
2887 2 2 1 3 1538 1539 1344
2888 2 2 1 3 283 880 282
2889 2 2 1 3 1248 1250 1249
2890 2 2 1 3 2059 2076 2075
2891 2 2 1 3 1140 1236 1186
2892 2 2 1 3 1243 1245 1244
2893 2 2 1 3 1245 1289 1244
2894 2 2 1 3 1449 2158 1494
2895 2 2 1 3 1094 1113 1111
2896 2 2 1 3 1202 1205 1203
2897 2 2 1 3 1256 2086 1113
2898 2 2 1 3 1670 2266 1667
2899 2 2 1 3 1410 2338 1403
2900 2 2 1 3 2070 2071 2069
2901 2 2 1 3 1693 1942 1539
2902 2 2 1 3 1355 1503 1354
2903 2 2 1 3 1118 1156 1119
2904 2 2 1 3 1041 1508 1046
2905 2 2 1 3 1600 2145 1352
2906 2 2 1 3 1504 2205 1345
2907 2 2 1 3 1434 1527 1526
2908 2 2 1 3 837 2156 298
2909 2 2 1 3 1502 2204 1582
2910 2 2 1 3 2076 2078 2077
2911 2 2 1 3 1250 1252 1251
2912 2 2 1 3 285 850 284
2913 2 2 1 3 881 2119 290
2914 2 2 1 3 1003 1438 1005
2915 2 2 1 3 1026 2180 1009
2916 2 2 1 3 1085 1094 1093
2917 2 2 1 3 2072 2074 2071
2918 2 2 1 3 1059 1248 1247
2919 2 2 1 3 2063 2344 1980
2920 2 2 1 3 1527 1696 1526
2921 2 2 1 3 969 973 972
2922 2 2 1 3 1252 1254 1253
2923 2 2 1 3 1063 1076 1064
2924 2 2 1 3 2076 2079 2078
2925 2 2 1 3 1209 2165 1167
2926 2 2 1 3 1239 1989 944
2927 2 2 1 3 1076 1085 1077
2928 2 2 1 3 287 882 286
2929 2 2 1 3 1320 2144 1254
2930 2 2 1 3 1075 1088 1053
2931 2 2 1 3 1236 2177 1237
2932 2 2 1 3 1092 2123 1118
2933 2 2 1 3 1255 2114 1165
2934 2 2 1 3 1287 2177 1499
2935 2 2 1 3 1508 2058 1046
2936 2 2 1 3 1451 2276 1648
2937 2 2 1 3 1161 1202 1201
2938 2 2 1 3 1300 1448 1370
2939 2 2 1 3 2060 2190 2059
2940 2 2 1 3 1155 2159 1153
2941 2 2 1 3 1499 2177 2033
2942 2 2 1 3 1237 1287 1286
2943 2 2 1 3 2152 2153 1599
2944 2 2 1 3 1189 1257 1108
2945 2 2 1 3 2059 2075 2058
2946 2 2 1 3 965 2211 971
2947 2 2 1 3 1494 1734 1732
2948 2 2 1 3 1248 1249 1247
2949 2 2 1 3 1254 1283 1282
2950 2 2 1 3 1038 1598 996
2951 2 2 1 3 1248 1606 1250
2952 2 2 1 3 289 846 288
2953 2 2 1 3 883 2136 295
2954 2 2 1 3 997 2111 999
2955 2 2 1 3 1593 1997 1362
2956 2 2 1 3 138 834 139
2957 2 2 1 3 1252 1320 1254
2958 2 2 1 3 1250 1251 1249
2959 2 2 1 3 1678 1728 1680
2960 2 2 1 3 1527 1697 1696
2961 2 2 1 3 1215 2277 2274
2962 2 2 1 3 291 881 290
2963 2 2 1 3 1269 2182 1141
2964 2 2 1 3 1167 1255 1165
2965 2 2 1 3 1283 1437 1336
2966 2 2 1 3 2078 2081 2080
2967 2 2 1 3 1598 2230 996
2968 2 2 1 3 1494 2158 1734
2969 2 2 1 3 1091 2123 1092
2970 2 2 1 3 1437 2150 1459
2971 2 2 1 3 2099 2101 2100
2972 2 2 1 3 1310 1311 1309
2973 2 2 1 3 1092 1118 1104
2974 2 2 1 3 2076 2077 2075
2975 2 2 1 3 1007 1063 1014
2976 2 2 1 3 1120 1143 1122
2977 2 2 1 3 282 2084 281
2978 2 2 1 3 1252 1253 1251
2979 2 2 1 3 1317 1371 1228
2980 2 2 1 3 1330 2170 1340
2981 2 2 1 3 1465 1549 1479
2982 2 2 1 3 1333 1521 1332
2983 2 2 1 3 1225 1504 1345
2984 2 2 1 3 1557 1634 1424
2985 2 2 1 3 1582 2204 1809
2986 2 2 1 3 294 841 293
2987 2 2 1 3 1254 1282 1253
2988 2 2 1 3 1274 1774 1269
2989 2 2 1 3 999 1114 1001
2990 2 2 1 3 1511 2166 1272
2991 2 2 1 3 1433 2155 1435
2992 2 2 1 3 943 944 941
2993 2 2 1 3 936 2018 934
2994 2 2 1 3 1272 2166 1259
2995 2 2 1 3 1718 1719 1705
2996 2 2 1 3 2079 2191 2078
2997 2 2 1 3 296 883 295
2998 2 2 1 3 298 2156 297
2999 2 2 1 3 284 2088 283
3000 2 2 1 3 1153 1321 1151
3001 2 2 1 3 1296 1652 1454
3002 2 2 1 3 1242 1443 1442
3003 2 2 1 3 1283 1336 1282
3004 2 2 1 3 1432 2152 1599
3005 2 2 1 3 2076 2190 2079
3006 2 2 1 3 1149 2180 1026
3007 2 2 1 3 2097 2098 2096
3008 2 2 1 3 1582 1677 1583
3009 2 2 1 3 1518 2154 1662
3010 2 2 1 3 1307 1346 1209
3011 2 2 1 3 949 952 951
3012 2 2 1 3 188 2048 189
3013 2 2 1 3 2078 2080 2077
3014 2 2 1 3 1222 2159 1155
3015 2 2 1 3 1205 1206 1203
3016 2 2 1 3 1243 1607 1245
3017 2 2 1 3 299 837 298
3018 2 2 1 3 2044 2214 1036
3019 2 2 1 3 286 2092 285
3020 2 2 1 3 1623 2150 1437
3021 2 2 1 3 1607 2152 1245
3022 2 2 1 3 1062 1091 1081
3023 2 2 1 3 1283 1623 1437
3024 2 2 1 3 1696 1707 1526
3025 2 2 1 3 1698 1699 1697
3026 2 2 1 3 947 949 948
3027 2 2 1 3 2146 2180 1149
3028 2 2 1 3 290 2119 289
3029 2 2 1 3 1450 2371 2357
3030 2 2 1 3 1511 2167 2166
3031 2 2 1 3 1432 1599 1434
3032 2 2 1 3 1438 2102 1005
3033 2 2 1 3 978 2246 1258
3034 2 2 1 3 1330 1340 1339
3035 2 2 1 3 1113 1140 1139
3036 2 2 1 3 1322 1447 1331
3037 2 2 1 3 2177 2216 2033
3038 2 2 1 3 1437 1459 1458
3039 2 2 1 3 1346 2165 1209
3040 2 2 1 3 967 969 968
3041 2 2 1 3 1447 1519 1518
3042 2 2 1 3 1067 1430 1069
3043 2 2 1 3 1106 2267 1322
3044 2 2 1 3 295 2136 294
3045 2 2 1 3 1826 2135 1677
3046 2 2 1 3 2171 2173 1649
3047 2 2 1 3 1245 2152 1432
3048 2 2 1 3 1059 1247 1060
3049 2 2 1 3 2081 2082 2080
3050 2 2 1 3 1063 1064 1014
3051 2 2 1 3 1158 1222 1155
3052 2 2 1 3 2070 2072 2071
3053 2 2 1 3 1459 2172 2171
3054 2 2 1 3 135 2163 862
3055 2 2 1 3 1810 1811 1634
3056 2 2 1 3 1669 1670 1667
3057 2 2 1 3 1340 2170 1462
3058 2 2 1 3 1437 1458 1336
3059 2 2 1 3 945 947 946
3060 2 2 1 3 2025 2231 1771
3061 2 2 1 3 1188 2178 1158
3062 2 2 1 3 1041 1046 1042
3063 2 2 1 3 1579 1586 1578
3064 2 2 1 3 1451 1648 1453
3065 2 2 1 3 1433 1435 1289
3066 2 2 1 3 1662 2411 2362
3067 2 2 1 3 2053 2055 2054
3068 2 2 1 3 1455 1657 1537
3069 2 2 1 3 287 2157 882
3070 2 2 1 3 1540 2070 2069
3071 2 2 1 3 1094 1111 1093
3072 2 2 1 3 1196 1280 1195
3073 2 2 1 3 1118 1119 1104
3074 2 2 1 3 1076 1077 1064
3075 2 2 1 3 1527 1698 1697
3076 2 2 1 3 2033 2035 2032
3077 2 2 1 3 1244 1770 1156
3078 2 2 1 3 1532 1691 1690
3079 2 2 1 3 1211 2317 2009
3080 2 2 1 3 1085 1093 1077
3081 2 2 1 3 1119 2151 1133
3082 2 2 1 3 134 2163 135
3083 2 2 1 3 1287 1288 1286
3084 2 2 1 3 1459 2171 1458
3085 2 2 1 3 1136 2290 2030
3086 2 2 1 3 1005 2102 1007
3087 2 2 1 3 1059 2139 1248
3088 2 2 1 3 1728 1752 1729
3089 2 2 1 3 1106 1322 1142
3090 2 2 1 3 1279 1455 1343
3091 2 2 1 3 288 2157 287
3092 2 2 1 3 1066 2024 992
3093 2 2 1 3 2150 2213 1459
3094 2 2 1 3 1140 1186 1185
3095 2 2 1 3 1550 2204 1480
3096 2 2 1 3 1458 1649 1464
3097 2 2 1 3 1295 1332 1188
3098 2 2 1 3 1237 1286 1285
3099 2 2 1 3 1179 1785 1784
3100 2 2 1 3 1458 2171 1649
3101 2 2 1 3 1047 1059 1051
3102 2 2 1 3 2268 2285 1216
3103 2 2 1 3 1605 1676 1590
3104 2 2 1 3 1102 1585 1440
3105 2 2 1 3 1179 2114 1785
3106 2 2 1 3 135 862 136
3107 2 2 1 3 1691 2161 2057
3108 2 2 1 3 1758 1759 1757
3109 2 2 1 3 1027 1041 1040
3110 2 2 1 3 1635 2263 977
3111 2 2 1 3 1341 1342 1281
3112 2 2 1 3 1430 2237 1069
3113 2 2 1 3 1774 2182 1269
3114 2 2 1 3 1605 2273 1687
3115 2 2 1 3 1558 1805 1559
3116 2 2 1 3 1113 1139 1111
3117 2 2 1 3 1367 1520 1456
3118 2 2 1 3 1383 1384 1382
3119 2 2 1 3 1194 1195 1090
3120 2 2 1 3 1046 1047 1042
3121 2 2 1 3 1237 1285 1186
3122 2 2 1 3 1649 1974 1464
3123 2 2 1 3 1237 2177 1287
3124 2 2 1 3 1301 1513 1277
3125 2 2 1 3 1623 2174 2150
3126 2 2 1 3 1448 1449 1370
3127 2 2 1 3 1734 1735 1732
3128 2 2 1 3 1275 1511 1272
3129 2 2 1 3 1091 1092 1081
3130 2 2 1 3 2033 2216 2036
3131 2 2 1 3 1332 2178 1188
3132 2 2 1 3 1700 1790 1647
3133 2 2 1 3 2114 2233 1785
3134 2 2 1 3 134 2179 2163
3135 2 2 1 3 1458 1464 1336
3136 2 2 1 3 1282 1284 1253
3137 2 2 1 3 1007 1014 1008
3138 2 2 1 3 1251 1505 1249
3139 2 2 1 3 1010 2201 2113
3140 2 2 1 3 1202 1203 1201
3141 2 2 1 3 1248 2139 1606
3142 2 2 1 3 1303 1357 1316
3143 2 2 1 3 1593 2134 1997
3144 2 2 1 3 1163 2114 1179
3145 2 2 1 3 916 917 915
3146 2 2 1 3 1005 1007 1006
3147 2 2 1 3 1015 1016 1012
3148 2 2 1 3 1466 2183 1355
3149 2 2 1 3 1230 1302 1231
3150 2 2 1 3 2301 2306 2062
3151 2 2 1 3 1513 2169 1277
3152 2 2 1 3 1282 2181 1284
3153 2 2 1 3 1079 2208 1070
3154 2 2 1 3 1263 2175 1261
3155 2 2 1 3 1334 1529 1528
3156 2 2 1 3 914 915 913
3157 2 2 1 3 1279 2186 1597
3158 2 2 1 3 1529 1700 1647
3159 2 2 1 3 1330 1339 1288
3160 2 2 1 3 1089 1110 1109
3161 2 2 1 3 1340 1461 1460
3162 2 2 1 3 133 2179 134
3163 2 2 1 3 1059 1060 1051
3164 2 2 1 3 1110 1163 1162
3165 2 2 1 3 1764 1765 1586
3166 2 2 1 3 1608 1748 1601
3167 2 2 1 3 2115 2117 2116
3168 2 2 1 3 1529 2235 1700
3169 2 2 1 3 2210 2212 1772
3170 2 2 1 3 943 945 944
3171 2 2 1 3 1526 2155 1433
3172 2 2 1 3 1218 2289 1217
3173 2 2 1 3 1701 1702 1628
3174 2 2 1 3 1529 1647 1528
3175 2 2 1 3 1334 1335 1263
3176 2 2 1 3 1334 1528 1335
3177 2 2 1 3 2094 2097 2096
3178 2 2 1 3 1075 1089 1088
3179 2 2 1 3 1041 1042 1040
3180 2 2 1 3 1873 1874 1870
3181 2 2 1 3 1156 2151 1119
3182 2 2 1 3 1007 1008 1006
3183 2 2 1 3 1519 2154 1518
3184 2 2 1 3 1499 2033 2032
3185 2 2 1 3 1335 1431 1263
3186 2 2 1 3 1516 1614 1613
3187 2 2 1 3 1814 1815 1765
3188 2 2 1 3 2059 2190 2076
3189 2 2 1 3 1116 1279 1146
3190 2 2 1 3 1262 1334 1263
3191 2 2 1 3 1140 1185 1139
3192 2 2 1 3 1251 2176 1505
3193 2 2 1 3 1336 2181 1282
3194 2 2 1 3 1016 1966 1012
3195 2 2 1 3 1744 2134 1593
3196 2 2 1 3 1974 1975 1464
3197 2 2 1 3 1480 2204 1502
3198 2 2 1 3 1614 1616 1615
3199 2 2 1 3 2078 2191 2081
3200 2 2 1 3 1364 1469 1363
3201 2 2 1 3 1262 2212 2210
3202 2 2 1 3 1372 1564 1371
3203 2 2 1 3 1431 2175 1263
3204 2 2 1 3 991 1445 1193
3205 2 2 1 3 1528 1626 1335
3206 2 2 1 3 1707 2155 1526
3207 2 2 1 3 884 2185 2184
3208 2 2 1 3 912 913 911
3209 2 2 1 3 1464 2181 1336
3210 2 2 1 3 1086 1361 1096
3211 2 2 1 3 2167 2196 2166
3212 2 2 1 3 1685 1999 1894
3213 2 2 1 3 1078 1102 1100
3214 2 2 1 3 2053 2054 1519
3215 2 2 1 3 987 997 995
3216 2 2 1 3 910 911 909
3217 2 2 1 3 1772 2235 2210
3218 2 2 1 3 2430 2509 2185
3219 2 2 1 3 1324 1516 1515
3220 2 2 1 3 1347 2232 1541
3221 2 2 1 3 1206 1220 1219
3222 2 2 1 3 132 838 133
3223 2 2 1 3 2033 2036 2035
3224 2 2 1 3 1773 2235 1772
3225 2 2 1 3 131 2184 132
3226 2 2 1 3 1003 1005 1004
3227 2 2 1 3 1292 1367 1366
3228 2 2 1 3 130 884 131
3229 2 2 1 3 1334 2210 1529
3230 2 2 1 3 1253 2176 1251
3231 2 2 1 3 1262 1263 1261
3232 2 2 1 3 1342 2218 1281
3233 2 2 1 3 838 2179 133
3234 2 2 1 3 1468 1497 1490
3235 2 2 1 3 1333 2215 1521
3236 2 2 1 3 127 842 128
3237 2 2 1 3 1620 1664 1663
3238 2 2 1 3 2166 2209 1259
3239 2 2 1 3 1647 2188 1528
3240 2 2 1 3 126 2189 127
3241 2 2 1 3 1111 1112 1093
3242 2 2 1 3 1531 1534 1533
3243 2 2 1 3 983 1439 985
3244 2 2 1 3 1194 1196 1195
3245 2 2 1 3 1311 1314 1313
3246 2 2 1 3 1326 1620 1510
3247 2 2 1 3 125 885 126
3248 2 2 1 3 1881 2464 1573
3249 2 2 1 3 1975 2181 1464
3250 2 2 1 3 1185 1262 1261
3251 2 2 1 3 1495 1762 1622
3252 2 2 1 3 1266 1786 1672
3253 2 2 1 3 1511 2168 2167
3254 2 2 1 3 1077 1246 1064
3255 2 2 1 3 1580 1903 1501
3256 2 2 1 3 1196 1281 1280
3257 2 2 1 3 1119 1133 1132
3258 2 2 1 3 1284 2176 1253
3259 2 2 1 3 1285 2212 1186
3260 2 2 1 3 1477 2221 1631
3261 2 2 1 3 1295 1333 1332
3262 2 2 1 3 1286 1348 1285
3263 2 2 1 3 1001 1003 1002
3264 2 2 1 3 1809 1826 1677
3265 2 2 1 3 122 847 123
3266 2 2 1 3 1528 2188 1626
3267 2 2 1 3 908 909 907
3268 2 2 1 3 1092 1104 1103
3269 2 2 1 3 1344 2200 1224
3270 2 2 1 3 976 2220 950
3271 2 2 1 3 1503 1604 1603
3272 2 2 1 3 1005 1006 1004
3273 2 2 1 3 1447 1518 1331
3274 2 2 1 3 967 2192 969
3275 2 2 1 3 121 2195 122
3276 2 2 1 3 1942 1957 1539
3277 2 2 1 3 2332 2336 2081
3278 2 2 1 3 925 1426 927
3279 2 2 1 3 1677 2135 1678
3280 2 2 1 3 1511 2169 2168
3281 2 2 1 3 1014 2201 1008
3282 2 2 1 3 2070 2073 2072
3283 2 2 1 3 1762 1883 1763
3284 2 2 1 3 120 887 121
3285 2 2 1 3 2191 2332 2081
3286 2 2 1 3 1322 1331 1142
3287 2 2 1 3 1307 1347 1346
3288 2 2 1 3 1772 2212 1285
3289 2 2 1 3 918 919 917
3290 2 2 1 3 1684 1706 1686
3291 2 2 1 3 931 934 933
3292 2 2 1 3 119 2199 120
3293 2 2 1 3 1220 1309 1308
3294 2 2 1 3 1669 1671 1670
3295 2 2 1 3 2174 2355 2150
3296 2 2 1 3 1185 1261 1139
3297 2 2 1 3 1345 2205 1540
3298 2 2 1 3 1770 2151 1156
3299 2 2 1 3 1275 2169 1511
3300 2 2 1 3 118 852 119
3301 2 2 1 3 1301 1779 1513
3302 2 2 1 3 1425 2226 958
3303 2 2 1 3 1348 1773 1772
3304 2 2 1 3 1060 1062 1061
3305 2 2 1 3 1648 2197 1453
3306 2 2 1 3 117 2198 118
3307 2 2 1 3 1236 2216 2177
3308 2 2 1 3 1918 2387 2378
3309 2 2 1 3 1348 1772 1285
3310 2 2 1 3 980 2246 978
3311 2 2 1 3 999 1001 1000
3312 2 2 1 3 1459 2213 2172
3313 2 2 1 3 116 886 117
3314 2 2 1 3 1698 2304 1976
3315 2 2 1 3 1664 1897 1663
3316 2 2 1 3 1133 1161 1160
3317 2 2 1 3 1684 1686 1463
3318 2 2 1 3 1062 1081 1080
3319 2 2 1 3 115 2202 116
3320 2 2 1 3 132 2184 838
3321 2 2 1 3 1047 1051 1050
3322 2 2 1 3 914 916 915
3323 2 2 1 3 1340 1460 1339
3324 2 2 1 3 884 2184 131
3325 2 2 1 3 1620 1663 1510
3326 2 2 1 3 114 856 115
3327 2 2 1 3 1337 2161 1532
3328 2 2 1 3 1741 1742 1498
3329 2 2 1 3 1300 1370 1369
3330 2 2 1 3 1449 1494 1493
3331 2 2 1 3 1186 2212 1185
3332 2 2 1 3 1161 1201 1200
3333 2 2 1 3 1210 1233 1207
3334 2 2 1 3 1047 1050 1042
3335 2 2 1 3 1119 1132 1104
3336 2 2 1 3 997 999 998
3337 2 2 1 3 1262 2210 1334
3338 2 2 1 3 1534 1536 1535
3339 2 2 1 3 920 921 919
3340 2 2 1 3 1718 1767 1719
3341 2 2 1 3 1093 2203 1077
3342 2 2 1 3 1385 1386 1384
3343 2 2 1 3 1276 1300 1299
3344 2 2 1 3 1494 1732 1731
3345 2 2 1 3 1260 1621 1273
3346 2 2 1 3 1255 2233 2114
3347 2 2 1 3 1131 1436 1127
3348 2 2 1 3 912 914 913
3349 2 2 1 3 127 2189 842
3350 2 2 1 3 1008 1009 1006
3351 2 2 1 3 1477 1631 1555
3352 2 2 1 3 906 907 905
3353 2 2 1 3 1582 1809 1677
3354 2 2 1 3 1588 1605 1590
3355 2 2 1 3 1701 1737 1702
3356 2 2 1 3 2169 2229 2168
3357 2 2 1 3 1193 1194 1090
3358 2 2 1 3 916 918 917
3359 2 2 1 3 2320 2350 1204
3360 2 2 1 3 1658 1710 1619
3361 2 2 1 3 1185 2212 1262
3362 2 2 1 3 1008 1010 1009
3363 2 2 1 3 987 2207 997
3364 2 2 1 3 1064 2206 1014
3365 2 2 1 3 885 2189 126
3366 2 2 1 3 1060 1061 1051
3367 2 2 1 3 1501 2183 1466
3368 2 2 1 3 1193 1327 1194
3369 2 2 1 3 1003 1004 1002
3370 2 2 1 3 1368 1608 1601
3371 2 2 1 3 1539 2200 1344
3372 2 2 1 3 1112 2203 1093
3373 2 2 1 3 1008 2201 1010
3374 2 2 1 3 1326 1341 1281
3375 2 2 1 3 922 923 921
3376 2 2 1 3 1168 2285 1123
3377 2 2 1 3 1027 1040 1039
3378 2 2 1 3 2081 2336 2082
3379 2 2 1 3 1454 1546 1545
3380 2 2 1 3 1510 1522 1341
3381 2 2 1 3 1206 1219 1203
3382 2 2 1 3 2175 2219 1261
3383 2 2 1 3 1039 1149 1026
3384 2 2 1 3 1092 1103 1081
3385 2 2 1 3 982 1087 980
3386 2 2 1 3 1296 1454 1350
3387 2 2 1 3 1077 2203 1246
3388 2 2 1 3 1086 2300 1361
3389 2 2 1 3 1540 2205 2070
3390 2 2 1 3 111 864 112
3391 2 2 1 3 1150 1151 1149
3392 2 2 1 3 953 954 952
3393 2 2 1 3 1339 2225 1288
3394 2 2 1 3 1150 1441 1152
3395 2 2 1 3 1152 1153 1151
3396 2 2 1 3 1154 1159 1157
3397 2 2 1 3 1326 1510 1341
3398 2 2 1 3 1032 1033 993
3399 2 2 1 3 1010 1027 1026
3400 2 2 1 3 1311 1313 1309
3401 2 2 1 3 979 1138 981
3402 2 2 1 3 910 912 911
3403 2 2 1 3 1187 1296 1294
3404 2 2 1 3 1154 1155 1153
3405 2 2 1 3 2274 2277 2064
3406 2 2 1 3 1196 1326 1281
3407 2 2 1 3 1566 1567 1055
3408 2 2 1 3 929 931 930
3409 2 2 1 3 1503 1603 1354
3410 2 2 1 3 2176 2308 2153
3411 2 2 1 3 978 1258 976
3412 2 2 1 3 122 2195 847
3413 2 2 1 3 1660 2147 1616
3414 2 2 1 3 1460 1658 1619
3415 2 2 1 3 1246 2206 1064
3416 2 2 1 3 1455 1537 1343
3417 2 2 1 3 1258 2220 976
3418 2 2 1 3 1014 2206 2201
3419 2 2 1 3 1286 2225 1348
3420 2 2 1 3 1532 2161 1691
3421 2 2 1 3 1048 1049 1035
3422 2 2 1 3 1531 1533 1338
3423 2 2 1 3 1298 2268 1216
3424 2 2 1 3 1249 2262 1247
3425 2 2 1 3 1111 2219 1112
3426 2 2 1 3 1034 1035 1033
3427 2 2 1 3 887 2195 121
3428 2 2 1 3 1001 1002 1000
3429 2 2 1 3 994 996 986
3430 2 2 1 3 991 1193 1090
3431 2 2 1 3 1536 1795 1794
3432 2 2 1 3 1170 1176 1169
3433 2 2 1 3 1326 2224 1620
3434 2 2 1 3 1260 1272 1259
3435 2 2 1 3 966 967 963
3436 2 2 1 3 940 941 939
3437 2 2 1 3 1288 2225 1286
3438 2 2 1 3 1080 1259 1061
3439 2 2 1 3 2249 2281 1271
3440 2 2 1 3 908 910 909
3441 2 2 1 3 1449 1493 1370
3442 2 2 1 3 2070 2205 2073
3443 2 2 1 3 190 833 191
3444 2 2 1 3 1247 2262 2148
3445 2 2 1 3 935 936 934
3446 2 2 1 3 962 963 956
3447 2 2 1 3 120 2199 887
3448 2 2 1 3 1198 1207 1197
3449 2 2 1 3 1357 1467 1358
3450 2 2 1 3 1653 1792 1654
3451 2 2 1 3 1619 2225 1339
3452 2 2 1 3 1674 1738 1715
3453 2 2 1 3 1157 1158 1155
3454 2 2 1 3 1460 1619 1339
3455 2 2 1 3 987 995 994
3456 2 2 1 3 986 2230 984
3457 2 2 1 3 1273 1275 1272
3458 2 2 1 3 1655 2281 2249
3459 2 2 1 3 1882 2329 1565
3460 2 2 1 3 1957 2200 1539
3461 2 2 1 3 852 2199 119
3462 2 2 1 3 1276 1277 1275
3463 2 2 1 3 961 1178 965
3464 2 2 1 3 918 920 919
3465 2 2 1 3 1062 1080 1061
3466 2 2 1 3 938 939 936
3467 2 2 1 3 977 2263 979
3468 2 2 1 3 1299 1301 1277
3469 2 2 1 3 1475 1476 1333
3470 2 2 1 3 1277 2169 1275
3471 2 2 1 3 2210 2235 1529
3472 2 2 1 3 1608 1920 1748
3473 2 2 1 3 999 1000 998
3474 2 2 1 3 1133 1160 1132
3475 2 2 1 3 108 868 109
3476 2 2 1 3 997 998 995
3477 2 2 1 3 985 987 986
3478 2 2 1 3 1004 1506 1002
3479 2 2 1 3 1681 2029 1524
3480 2 2 1 3 1545 1624 1350
3481 2 2 1 3 920 922 921
3482 2 2 1 3 955 956 954
3483 2 2 1 3 922 932 923
3484 2 2 1 3 1513 2229 2169
3485 2 2 1 3 1612 2257 1783
3486 2 2 1 3 118 2198 852
3487 2 2 1 3 1164 1165 1163
3488 2 2 1 3 983 2217 1439
3489 2 2 1 3 1139 2219 1111
3490 2 2 1 3 1037 1038 996
3491 2 2 1 3 1731 1733 1493
3492 2 2 1 3 1928 2375 1775
3493 2 2 1 3 1300 1369 1299
3494 2 2 1 3 1187 1188 1158
3495 2 2 1 3 1134 1173 1171
3496 2 2 1 3 996 2230 986
3497 2 2 1 3 1439 2207 985
3498 2 2 1 3 1240 2024 1066
3499 2 2 1 3 1616 1618 1615
3500 2 2 1 3 1220 1308 1219
3501 2 2 1 3 1176 2277 1169
3502 2 2 1 3 1279 1343 1146
3503 2 2 1 3 1178 2211 965
3504 2 2 1 3 1051 2209 1050
3505 2 2 1 3 1716 1822 1624
3506 2 2 1 3 1215 2274 1297
3507 2 2 1 3 1614 1615 1613
3508 2 2 1 3 991 1090 932
3509 2 2 1 3 1294 1295 1188
3510 2 2 1 3 2010 2282 1129
3511 2 2 1 3 1518 1662 1655
3512 2 2 1 3 1261 2219 1139
3513 2 2 1 3 1039 1150 1149
3514 2 2 1 3 975 1635 977
3515 2 2 1 3 1494 1731 1493
3516 2 2 1 3 886 2198 117
3517 2 2 1 3 1516 1613 1515
3518 2 2 1 3 2180 2227 1009
3519 2 2 1 3 1165 2114 1163
3520 2 2 1 3 1327 2224 1194
3521 2 2 1 3 1080 1260 1259
3522 2 2 1 3 1010 1026 1009
3523 2 2 1 3 1921 1933 1756
3524 2 2 1 3 949 953 952
3525 2 2 1 3 1175 1269 1141
3526 2 2 1 3 1301 1780 1779
3527 2 2 1 3 1732 1816 1731
3528 2 2 1 3 1177 1197 1176
3529 2 2 1 3 1161 1200 1160
3530 2 2 1 3 1081 2241 1080
3531 2 2 1 3 1200 1204 1160
3532 2 2 1 3 983 985 984
3533 2 2 1 3 1666 1674 1668
3534 2 2 1 3 922 991 932
3535 2 2 1 3 1605 1687 1676
3536 2 2 1 3 1270 1274 1269
3537 2 2 1 3 985 2207 987
3538 2 2 1 3 1201 1290 1200
3539 2 2 1 3 1194 2224 1196
3540 2 2 1 3 1027 1039 1026
3541 2 2 1 3 1036 2214 1067
3542 2 2 1 3 2020 2285 2268
3543 2 2 1 3 2054 2154 1519
3544 2 2 1 3 192 888 193
3545 2 2 1 3 942 943 941
3546 2 2 1 3 1021 1022 1020
3547 2 2 1 3 973 1032 993
3548 2 2 1 3 1454 1545 1350
3549 2 2 1 3 1260 1273 1272
3550 2 2 1 3 1152 1154 1153
3551 2 2 1 3 1678 2135 1728
3552 2 2 1 3 1150 1152 1151
3553 2 2 1 3 107 2228 108
3554 2 2 1 3 116 2202 886
3555 2 2 1 3 1903 2183 1501
3556 2 2 1 3 1154 1157 1155
3557 2 2 1 3 1281 2218 1280
3558 2 2 1 3 1106 1142 1141
3559 2 2 1 3 1067 2214 1430
3560 2 2 1 3 1271 1665 1312
3561 2 2 1 3 1295 1475 1333
3562 2 2 1 3 1052 1053 1038
3563 2 2 1 3 1180 1514 974
3564 2 2 1 3 1296 1350 1294
3565 2 2 1 3 1557 1810 1634
3566 2 2 1 3 1476 2215 1333
3567 2 2 1 3 1734 2320 1776
3568 2 2 1 3 1175 1271 1270
3569 2 2 1 3 2116 2311 1504
3570 2 2 1 3 1273 1276 1275
3571 2 2 1 3 1666 1667 1312
3572 2 2 1 3 1716 1827 1822
3573 2 2 1 3 1276 1299 1277
3574 2 2 1 3 1668 1669 1667
3575 2 2 1 3 1453 2197 1552
3576 2 2 1 3 1348 2265 1773
3577 2 2 1 3 856 2202 115
3578 2 2 1 3 1616 2147 1618
3579 2 2 1 3 1833 1834 1671
3580 2 2 1 3 1627 1628 1625
3581 2 2 1 3 1074 1075 1053
3582 2 2 1 3 1629 1701 1628
3583 2 2 1 3 1604 1633 1603
3584 2 2 1 3 1443 1444 1442
3585 2 2 1 3 1138 2217 981
3586 2 2 1 3 1308 1625 1219
3587 2 2 1 3 1314 1477 1313
3588 2 2 1 3 2220 2236 950
3589 2 2 1 3 1545 1716 1624
3590 2 2 1 3 1517 1781 1325
3591 2 2 1 3 1157 1187 1158
3592 2 2 1 3 1518 1655 1331
3593 2 2 1 3 1074 1106 1105
3594 2 2 1 3 1061 2209 1051
3595 2 2 1 3 1166 1167 1165
3596 2 2 1 3 906 908 907
3597 2 2 1 3 1006 2227 1004
3598 2 2 1 3 1738 1823 1715
3599 2 2 1 3 1102 1909 1585
3600 2 2 1 3 2227 2295 1506
3601 2 2 1 3 1542 1653 1602
3602 2 2 1 3 945 1446 947
3603 2 2 1 3 1187 1294 1188
3604 2 2 1 3 904 906 905
3605 2 2 1 3 2213 2238 2172
3606 2 2 1 3 1470 1547 1469
3607 2 2 1 3 916 1073 918
3608 2 2 1 3 106 889 107
3609 2 2 1 3 1475 1636 1476
3610 2 2 1 3 1037 2160 1052
3611 2 2 1 3 1000 1013 998
3612 2 2 1 3 981 983 982
3613 2 2 1 3 1453 1552 1551
3614 2 2 1 3 1768 1885 1714
3615 2 2 1 3 1706 1791 1686
3616 2 2 1 3 1451 1453 1452
3617 2 2 1 3 1308 1627 1625
3618 2 2 1 3 1984 1989 1239
3619 2 2 1 3 1551 1632 1452
3620 2 2 1 3 1196 2224 1326
3621 2 2 1 3 1713 1714 1712
3622 2 2 1 3 994 1037 996
3623 2 2 1 3 1374 2112 1376
3624 2 2 1 3 105 2239 106
3625 2 2 1 3 1203 2223 1201
3626 2 2 1 3 1208 1451 1306
3627 2 2 1 3 1371 2289 1228
3628 2 2 1 3 1491 1492 1347
3629 2 2 1 3 1629 1736 1701
3630 2 2 1 3 1164 1509 1166
3631 2 2 1 3 981 2217 983
3632 2 2 1 3 1721 1839 1632
3633 2 2 1 3 1075 2258 1089
3634 2 2 1 3 1599 2304 1434
3635 2 2 1 3 1103 2241 1081
3636 2 2 1 3 1276 2244 1300
3637 2 2 1 3 1260 2241 1621
3638 2 2 1 3 1669 1833 1671
3639 2 2 1 3 1013 2348 2335
3640 2 2 1 3 1009 2227 1006
3641 2 2 1 3 1674 1715 1668
3642 2 2 1 3 1627 1629 1628
3643 2 2 1 3 104 895 105
3644 2 2 1 3 1115 1117 1095
3645 2 2 1 3 1017 1018 1016
3646 2 2 1 3 1833 1910 1834
3647 2 2 1 3 987 994 986
3648 2 2 1 3 1208 1209 1167
3649 2 2 1 3 1621 2244 1273
3650 2 2 1 3 1505 2262 1249
3651 2 2 1 3 1778 1837 1640
3652 2 2 1 3 195 843 196
3653 2 2 1 3 1306 1307 1209
3654 2 2 1 3 985 986 984
3655 2 2 1 3 1019 1020 1018
3656 2 2 1 3 1477 1523 1313
3657 2 2 1 3 1045 1054 1044
3658 2 2 1 3 1110 1164 1163
3659 2 2 1 3 1395 1396 1394
3660 2 2 1 3 1527 2304 1698
3661 2 2 1 3 1087 2246 980
3662 2 2 1 3 1702 2294 1628
3663 2 2 1 3 1338 2221 1314
3664 2 2 1 3 1555 1819 1523
3665 2 2 1 3 1142 1175 1141
3666 2 2 1 3 1175 1270 1269
3667 2 2 1 3 1725 1753 1492
3668 2 2 1 3 1080 2241 1260
3669 2 2 1 3 1201 2223 1290
3670 2 2 1 3 1040 2245 1039
3671 2 2 1 3 983 984 982
3672 2 2 1 3 2225 2265 1348
3673 2 2 1 3 1259 2209 1061
3674 2 2 1 3 1058 1637 1083
3675 2 2 1 3 1065 2255 2254
3676 2 2 1 3 1665 1666 1312
3677 2 2 1 3 1271 1312 1270
3678 2 2 1 3 1124 1170 1169
3679 2 2 1 3 1150 2245 1441
3680 2 2 1 3 1367 1456 1366
3681 2 2 1 3 1534 1535 1533
3682 2 2 1 3 1666 1668 1667
3683 2 2 1 3 1441 2248 1152
3684 2 2 1 3 1313 2259 1309
3685 2 2 1 3 1524 1525 1444
3686 2 2 1 3 947 2234 949
3687 2 2 1 3 1154 2248 1159
3688 2 2 1 3 1037 1052 1038
3689 2 2 1 3 1052 1074 1053
3690 2 2 1 3 1074 1105 1075
3691 2 2 1 3 1492 2232 1347
3692 2 2 1 3 981 982 980
3693 2 2 1 3 2182 2258 1105
3694 2 2 1 3 1192 1234 1232
3695 2 2 1 3 1182 1264 1145
3696 2 2 1 3 1164 1166 1165
3697 2 2 1 3 1354 2268 1298
3698 2 2 1 3 940 942 941
3699 2 2 1 3 1069 2237 1078
3700 2 2 1 3 910 1221 912
3701 2 2 1 3 1175 2249 1271
3702 2 2 1 3 1106 1141 1105
3703 2 2 1 3 1309 2259 1308
3704 2 2 1 3 935 938 936
3705 2 2 1 3 1611 1747 1746
3706 2 2 1 3 1633 2020 1603
3707 2 2 1 3 1307 1491 1347
3708 2 2 1 3 1555 1825 1819
3709 2 2 1 3 1159 2250 1157
3710 2 2 1 3 931 935 934
3711 2 2 1 3 1477 1555 1523
3712 2 2 1 3 982 2256 1087
3713 2 2 1 3 1187 2250 1296
3714 2 2 1 3 938 940 939
3715 2 2 1 3 1544 1798 1689
3716 2 2 1 3 979 981 980
3717 2 2 1 3 1546 2252 1545
3718 2 2 1 3 943 2236 945
3719 2 2 1 3 1004 2227 1506
3720 2 2 1 3 1453 1551 1452
3721 2 2 1 3 1226 2297 1227
3722 2 2 1 3 1711 1712 1496
3723 2 2 1 3 1169 2277 1215
3724 2 2 1 3 1618 1898 1615
3725 2 2 1 3 1365 1642 1291
3726 2 2 1 3 1704 1720 1717
3727 2 2 1 3 1721 1842 1839
3728 2 2 1 3 1219 2223 1203
3729 2 2 1 3 1537 1695 1673
3730 2 2 1 3 974 2192 967
3731 2 2 1 3 197 890 198
3732 2 2 1 3 1830 1831 1815
3733 2 2 1 3 953 955 954
3734 2 2 1 3 2230 2256 984
3735 2 2 1 3 1551 1721 1632
3736 2 2 1 3 1331 2249 1142
3737 2 2 1 3 2223 2294 1290
3738 2 2 1 3 2180 2295 2227
3739 2 2 1 3 1536 1794 1535
3740 2 2 1 3 1564 1760 1630
3741 2 2 1 3 1619 2265 2225
3742 2 2 1 3 1324 1515 1325
3743 2 2 1 3 1265 1266 1264
3744 2 2 1 3 1643 1644 1642
3745 2 2 1 3 1136 1324 1180
3746 2 2 1 3 1451 1452 1306
3747 2 2 1 3 1760 1859 1761
3748 2 2 1 3 1301 2247 1780
3749 2 2 1 3 1704 1705 1318
3750 2 2 1 3 1299 2247 1301
3751 2 2 1 3 942 950 943
3752 2 2 1 3 1710 2265 1619
3753 2 2 1 3 1166 1208 1167
3754 2 2 1 3 1717 1718 1705
3755 2 2 1 3 1495 2240 1762
3756 2 2 1 3 1297 2274 1368
3757 2 2 1 3 1524 2029 1525
3758 2 2 1 3 1208 1306 1209
3759 2 2 1 3 962 966 963
3760 2 2 1 3 1491 1725 1492
3761 2 2 1 3 1314 2221 1477
3762 2 2 1 3 1523 2259 1313
3763 2 2 1 3 1608 2064 1920
3764 2 2 1 3 1273 2244 1276
3765 2 2 1 3 1267 1703 1318
3766 2 2 1 3 966 974 967
3767 2 2 1 3 1533 2221 1338
3768 2 2 1 3 1078 2237 1102
3769 2 2 1 3 1182 1267 1265
3770 2 2 1 3 198 2251 199
3771 2 2 1 3 1039 2245 1150
3772 2 2 1 3 955 962 956
3773 2 2 1 3 1428 1429 1420
3774 2 2 1 3 966 1136 974
3775 2 2 1 3 1725 1807 1753
3776 2 2 1 3 1021 1023 1022
3777 2 2 1 3 969 2279 973
3778 2 2 1 3 1514 2192 974
3779 2 2 1 3 1969 1970 957
3780 2 2 1 3 1295 2253 1475
3781 2 2 1 3 1624 2253 1350
3782 2 2 1 3 2196 2291 1050
3783 2 2 1 3 1537 1673 1343
3784 2 2 1 3 1294 2253 1295
3785 2 2 1 3 1105 2258 1075
3786 2 2 1 3 1152 2248 1154
3787 2 2 1 3 1369 2247 1299
3788 2 2 1 3 955 1278 962
3789 2 2 1 3 1794 1817 1535
3790 2 2 1 3 1050 2291 1042
3791 2 2 1 3 1142 2249 1175
3792 2 2 1 3 979 980 978
3793 2 2 1 3 1603 2268 1354
3794 2 2 1 3 1457 1495 1360
3795 2 2 1 3 199 851 200
3796 2 2 1 3 1116 1146 1145
3797 2 2 1 3 1233 1364 1363
3798 2 2 1 3 1625 2223 1219
3799 2 2 1 3 1096 1116 1115
3800 2 2 1 3 1157 2250 1187
3801 2 2 1 3 979 2263 1138
3802 2 2 1 3 1548 1557 1424
3803 2 2 1 3 1545 2252 1716
3804 2 2 1 3 1324 1325 1180
3805 2 2 1 3 1136 1180 974
3806 2 2 1 3 1673 2312 2269
3807 2 2 1 3 1032 1034 1033
3808 2 2 1 3 1777 2363 2340
3809 2 2 1 3 1368 2274 1608
3810 2 2 1 3 1515 1517 1325
3811 2 2 1 3 1718 1840 1767
3812 2 2 1 3 102 900 103
3813 2 2 1 3 1342 2273 2218
3814 2 2 1 3 1350 2253 1294
3815 2 2 1 3 1722 1723 1471
3816 2 2 1 3 995 2261 994
3817 2 2 1 3 1302 2222 1303
3818 2 2 1 3 2073 2311 2149
3819 2 2 1 3 1034 1048 1035
3820 2 2 1 3 2016 2349 1212
3821 2 2 1 3 1228 2289 1218
3822 2 2 1 3 108 2228 868
3823 2 2 1 3 1117 2255 1095
3824 2 2 1 3 1720 1818 1717
3825 2 2 1 3 1132 2306 1104
3826 2 2 1 3 1713 1768 1714
3827 2 2 1 3 1630 2289 1371
3828 2 2 1 3 1794 1838 1817
3829 2 2 1 3 2192 2279 969
3830 2 2 1 3 938 1268 940
3831 2 2 1 3 1048 1065 1049
3832 2 2 1 3 975 2288 1635
3833 2 2 1 3 989 1015 1012
3834 2 2 1 3 1349 1424 1302
3835 2 2 1 3 1216 2285 1168
3836 2 2 1 3 1190 1235 1189
3837 2 2 1 3 1086 1096 1095
3838 2 2 1 3 1655 2249 1331
3839 2 2 1 3 1102 2237 1909
3840 2 2 1 3 1089 2264 1110
3841 2 2 1 3 1566 1880 1567
3842 2 2 1 3 1308 2259 1627
3843 2 2 1 3 1040 2291 2245
3844 2 2 1 3 1621 2301 2061
3845 2 2 1 3 1349 1639 1548
3846 2 2 1 3 1424 2222 1302
3847 2 2 1 3 945 2236 1446
3848 2 2 1 3 949 2234 953
3849 2 2 1 3 1032 1638 1034
3850 2 2 1 3 1182 1265 1264
3851 2 2 1 3 1387 1388 1386
3852 2 2 1 3 1095 2255 1065
3853 2 2 1 3 1019 1021 1020
3854 2 2 1 3 1270 2266 1274
3855 2 2 1 3 1625 2294 2223
3856 2 2 1 3 984 2256 982
3857 2 2 1 3 942 975 950
3858 2 2 1 3 1049 2254 1058
3859 2 2 1 3 1667 2266 1312
3860 2 2 1 3 1704 1717 1705
3861 2 2 1 3 1129 2282 1134
3862 2 2 1 3 2269 2312 1267
3863 2 2 1 3 950 2236 943
3864 2 2 1 3 1328 1360 1223
3865 2 2 1 3 977 979 978
3866 2 2 1 3 1711 1713 1712
3867 2 2 1 3 1703 1704 1318
3868 2 2 1 3 1267 1318 1265
3869 2 2 1 3 1644 2334 1642
3870 2 2 1 3 1446 2234 947
3871 2 2 1 3 1048 1086 1065
3872 2 2 1 3 889 2228 107
3873 2 2 1 3 2253 2299 1475
3874 2 2 1 3 1472 1724 1722
3875 2 2 1 3 1042 2291 1040
3876 2 2 1 3 1037 2261 2160
3877 2 2 1 3 1180 2271 1514
3878 2 2 1 3 1083 2298 1124
3879 2 2 1 3 1557 1845 1810
3880 2 2 1 3 1134 2282 1173
3881 2 2 1 3 203 2278 204
3882 2 2 1 3 1146 1182 1145
3883 2 2 1 3 1116 1145 1115
3884 2 2 1 3 1137 1191 1190
3885 2 2 1 3 1726 1727 1547
3886 2 2 1 3 1564 1630 1371
3887 2 2 1 3 1349 1548 1424
3888 2 2 1 3 1639 1641 1640
3889 2 2 1 3 1456 1472 1471
3890 2 2 1 3 1137 1189 1108
3891 2 2 1 3 1781 2271 1325
3892 2 2 1 3 1096 1115 1095
3893 2 2 1 3 1074 2267 1106
3894 2 2 1 3 2160 2267 1052
3895 2 2 1 3 977 978 976
3896 2 2 1 3 2258 2264 1089
3897 2 2 1 3 1230 1349 1302
3898 2 2 1 3 1343 2269 1146
3899 2 2 1 3 1552 2270 1551
3900 2 2 1 3 1641 1778 1640
3901 2 2 1 3 1164 2264 1509
3902 2 2 1 3 1760 1761 1630
3903 2 2 1 3 1271 2281 1665
3904 2 2 1 3 1107 1108 1023
3905 2 2 1 3 994 2261 1037
3906 2 2 1 3 1632 2272 1452
3907 2 2 1 3 1170 1177 1176
3908 2 2 1 3 973 2279 1032
3909 2 2 1 3 106 2239 889
3910 2 2 1 3 1086 1095 1065
3911 2 2 1 3 1739 1824 1644
3912 2 2 1 3 1103 2301 2241
3913 2 2 1 3 1507 1777 1646
3914 2 2 1 3 1624 2299 2253
3915 2 2 1 3 1110 2264 1164
3916 2 2 1 3 1307 2272 1491
3917 2 2 1 3 2205 2311 2073
3918 2 2 1 3 2020 2268 1603
3919 2 2 1 3 1719 2316 2292
3920 2 2 1 3 1306 2272 1307
3921 2 2 1 3 1822 2299 1624
3922 2 2 1 3 1874 1998 1870
3923 2 2 1 3 1312 2266 1270
3924 2 2 1 3 895 2239 105
3925 2 2 1 3 975 976 950
3926 2 2 1 3 1639 1640 1548
3927 2 2 1 3 1723 2307 1471
3928 2 2 1 3 1208 2276 1451
3929 2 2 1 3 1015 1017 1016
3930 2 2 1 3 1177 1198 1197
3931 2 2 1 3 1509 2276 1166
3932 2 2 1 3 1191 1242 1223
3933 2 2 1 3 1052 2267 1074
3934 2 2 1 3 906 1592 908
3935 2 2 1 3 1456 1471 1366
3936 2 2 1 3 975 977 976
3937 2 2 1 3 1242 1442 1328
3938 2 2 1 3 1210 2284 1233
3939 2 2 1 3 1608 2274 2064
3940 2 2 1 3 1868 1998 1871
3941 2 2 1 3 1365 1643 1642
3942 2 2 1 3 1021 1107 1023
3943 2 2 1 3 1642 2284 1291
3944 2 2 1 3 1115 2280 1117
3945 2 2 1 3 204 2287 205
3946 2 2 1 3 1292 1366 1365
3947 2 2 1 3 1551 2270 1721
3948 2 2 1 3 1065 2254 1049
3949 2 2 1 3 1017 1019 1018
3950 2 2 1 3 2146 2295 2180
3951 2 2 1 3 1523 2302 2259
3952 2 2 1 3 2241 2301 1621
3953 2 2 1 3 2259 2302 1627
3954 2 2 1 3 1452 2272 1306
3955 2 2 1 3 1257 2340 1108
3956 2 2 1 3 202 863 203
3957 2 2 1 3 1497 1741 1498
3958 2 2 1 3 1628 2294 1625
3959 2 2 1 3 1724 1828 1722
3960 2 2 1 3 1170 1323 1177
3961 2 2 1 3 1457 1650 1496
3962 2 2 1 3 1211 1292 1291
3963 2 2 1 3 1084 1969 960
3964 2 2 1 3 1303 2222 1357
3965 2 2 1 3 1434 2304 1527
3966 2 2 1 3 1104 2306 1103
3967 2 2 1 3 1198 1210 1207
3968 2 2 1 3 1472 1722 1471
3969 2 2 1 3 1182 2269 1267
3970 2 2 1 3 1457 1496 1495
3971 2 2 1 3 1284 2308 2176
3972 2 2 1 3 1264 2280 1145
3973 2 2 1 3 1712 2240 1496
3974 2 2 1 3 1325 2271 1180
3975 2 2 1 3 1496 2240 1495
3976 2 2 1 3 1166 2276 1208
3977 2 2 1 3 1673 2269 1343
3978 2 2 1 3 1146 2269 1182
3979 2 2 1 3 1504 2311 2205
3980 2 2 1 3 1837 2286 1640
3981 2 2 1 3 1650 1711 1496
3982 2 2 1 3 1045 1055 1054
3983 2 2 1 3 1137 1190 1189
3984 2 2 1 3 1058 2254 1637
3985 2 2 1 3 1226 2337 2297
3986 2 2 1 3 2257 2381 1783
3987 2 2 1 3 1774 2330 2182
3988 2 2 1 3 1328 1457 1360
3989 2 2 1 3 1742 1758 1757
3990 2 2 1 3 1444 1682 1442
3991 2 2 1 3 1107 1137 1108
3992 2 2 1 3 1718 2283 1840
3993 2 2 1 3 1824 2369 1644
3994 2 2 1 3 1717 2283 1718
3995 2 2 1 3 1475 2299 1636
3996 2 2 1 3 1191 1223 1190
3997 2 2 1 3 1637 2298 1083
3998 2 2 1 3 2412 2420 1651
3999 2 2 1 3 1029 1045 1044
4000 2 2 1 3 205 869 206
4001 2 2 1 3 1548 2286 1557
4002 2 2 1 3 1032 2279 1638
4003 2 2 1 3 1124 2298 1170
4004 2 2 1 3 1468 2324 1497
4005 2 2 1 3 2272 2319 1491
4006 2 2 1 3 1819 2302 1523
4007 2 2 1 3 1507 1566 1055
4008 2 2 1 3 1292 1365 1291
4009 2 2 1 3 1198 1211 1210
4010 2 2 1 3 966 2290 1136
4011 2 2 1 3 1557 2286 1845
4012 2 2 1 3 890 2251 198
4013 2 2 1 3 1234 1351 1304
4014 2 2 1 3 1839 2319 1632
4015 2 2 1 3 1705 2292 1318
4016 2 2 1 3 2221 2293 1631
4017 2 2 1 3 1754 2393 1851
4018 2 2 1 3 1766 1882 1565
4019 2 2 1 3 1627 2302 1629
4020 2 2 1 3 1278 2290 962
4021 2 2 1 3 1045 1507 1055
4022 2 2 1 3 1242 1328 1223
4023 2 2 1 3 1265 2292 1266
4024 2 2 1 3 1818 2283 1717
4025 2 2 1 3 872 1930 904
4026 2 2 1 3 1578 2338 1421
4027 2 2 1 3 1817 2293 1535
4028 2 2 1 3 1211 1291 1210
4029 2 2 1 3 1643 1739 1644
4030 2 2 1 3 1400 1788 1418
4031 2 2 1 3 1533 2293 2221
4032 2 2 1 3 1162 2356 1109
4033 2 2 1 3 1145 2280 1115
4034 2 2 1 3 962 2290 966
4035 2 2 1 3 199 2251 851
4036 2 2 1 3 1535 2293 1533
4037 2 2 1 3 1632 2319 2272
4038 2 2 1 3 1507 1646 1566
4039 2 2 1 3 955 2296 1278
4040 2 2 1 3 1640 2286 1548
4041 2 2 1 3 1103 2306 2301
4042 2 2 1 3 2211 2315 971
4043 2 2 1 3 1132 2341 2306
4044 2 2 1 3 2291 2328 2245
4045 2 2 1 3 1364 1470 1469
4046 2 2 1 3 940 2288 942
4047 2 2 1 3 1266 2316 1786
4048 2 2 1 3 1656 2371 1681
4049 2 2 1 3 1227 2297 1230
4050 2 2 1 3 1212 2349 1213
4051 2 2 1 3 155 836 156
4052 2 2 1 3 1478 1751 1750
4053 2 2 1 3 2043 2360 1430
4054 2 2 1 3 2261 2335 2056
4055 2 2 1 3 157 892 158
4056 2 2 1 3 2052 2348 2053
4057 2 2 1 3 953 2296 955
4058 2 2 1 3 1318 2292 1265
4059 2 2 1 3 1793 2386 1654
4060 2 2 1 3 2234 2296 953
4061 2 2 1 3 2167 2328 2196
4062 2 2 1 3 160 844 161
4063 2 2 1 3 1268 2288 940
4064 2 2 1 3 1233 2284 1364
4065 2 2 1 3 2357 2371 1980
4066 2 2 1 3 1645 2350 2158
4067 2 2 1 3 2320 2354 1776
4068 2 2 1 3 2158 2320 1734
4069 2 2 1 3 2335 2348 2056
4070 2 2 1 3 1190 2305 1235
4071 2 2 1 3 1267 2312 1703
4072 2 2 1 3 1638 2300 1034
4073 2 2 1 3 1048 2300 1086
4074 2 2 1 3 1483 1562 1481
4075 2 2 1 3 942 2288 975
4076 2 2 1 3 2167 2333 2328
4077 2 2 1 3 1389 1390 1388
4078 2 2 1 3 1291 2284 1210
4079 2 2 1 3 1634 2318 2222
4080 2 2 1 3 2292 2316 1266
4081 2 2 1 3 1376 2112 1651
4082 2 2 1 3 1870 1998 1868
4083 2 2 1 3 1170 2298 1323
4084 2 2 1 3 1230 2297 1349
4085 2 2 1 3 1112 2332 2191
4086 2 2 1 3 1360 2305 1223
4087 2 2 1 3 2344 2357 1980
4088 2 2 1 3 1610 1611 1575
4089 2 2 1 3 1349 2297 1639
4090 2 2 1 3 1034 2300 1048
4091 2 2 1 3 1470 1726 1547
4092 2 2 1 3 1491 2319 1725
4093 2 2 1 3 2219 2332 1112
4094 2 2 1 3 1774 2346 2330
4095 2 2 1 3 1411 1428 1420
4096 2 2 1 3 2375 2383 1775
4097 2 2 1 3 1471 2307 1366
4098 2 2 1 3 1507 2323 1777
4099 2 2 1 3 1204 2341 1160
4100 2 2 1 3 995 2335 2261
4101 2 2 1 3 1013 2335 998
4102 2 2 1 3 1015 1450 1017
4103 2 2 1 3 2297 2337 1639
4104 2 2 1 3 1204 2350 2341
4105 2 2 1 3 1400 1417 1397
4106 2 2 1 3 162 893 163
4107 2 2 1 3 1418 1542 1417
4108 2 2 1 3 1521 2362 1332
4109 2 2 1 3 1366 2307 1365
4110 2 2 1 3 2196 2328 2291
4111 2 2 1 3 1741 2321 1742
4112 2 2 1 3 1500 1544 1488
4113 2 2 1 3 1431 2355 2174
4114 2 2 1 3 1506 2377 2359
4115 2 2 1 3 1467 2324 1468
4116 2 2 1 3 2278 2287 204
4117 2 2 1 3 1335 2355 1431
4118 2 2 1 3 1497 2324 1821
4119 2 2 1 3 2159 2397 1321
4120 2 2 1 3 863 2278 203
4121 2 2 1 3 1391 1392 1390
4122 2 2 1 3 1682 2310 1442
4123 2 2 1 3 1442 2310 1328
4124 2 2 1 3 1409 2402 1401
4125 2 2 1 3 163 2309 164
4126 2 2 1 3 1223 2305 1190
4127 2 2 1 3 2168 2333 2167
4128 2 2 1 3 1457 2310 1650
4129 2 2 1 3 2328 2333 1441
4130 2 2 1 3 1474 1610 1575
4131 2 2 1 3 1365 2307 1643
4132 2 2 1 3 1497 1821 1741
4133 2 2 1 3 2245 2328 1441
4134 2 2 1 3 1754 1851 1849
4135 2 2 1 3 1357 2318 1467
4136 2 2 1 3 2306 2341 2062
4137 2 2 1 3 1821 1844 1741
4138 2 2 1 3 1323 2317 1177
4139 2 2 1 3 904 2322 906
4140 2 2 1 3 164 854 165
4141 2 2 1 3 2289 2326 1217
4142 2 2 1 3 1198 2317 1211
4143 2 2 1 3 1779 2379 2376
4144 2 2 1 3 1328 2310 1457
4145 2 2 1 3 1200 2354 1204
4146 2 2 1 3 1965 2353 1404
4147 2 2 1 3 1097 1121 1120
4148 2 2 1 3 2222 2318 1357
4149 2 2 1 3 205 2287 869
4150 2 2 1 3 989 2315 1015
4151 2 2 1 3 1544 1799 1798
4152 2 2 1 3 1177 2317 1198
4153 2 2 1 3 1013 2359 2090
4154 2 2 1 3 2175 2336 2332
4155 2 2 1 3 2276 2346 1648
4156 2 2 1 3 2258 2330 2264
4157 2 2 1 3 2250 2358 1652
4158 2 2 1 3 1901 2338 1578
4159 2 2 1 3 2229 2352 2168
4160 2 2 1 3 2175 2332 2219
4161 2 2 1 3 1786 2433 1672
4162 2 2 1 3 1379 2342 1377
4163 2 2 1 3 1868 1871 1866
4164 2 2 1 3 2264 2330 1509
4165 2 2 1 3 1421 2338 1410
4166 2 2 1 3 2229 2358 2352
4167 2 2 1 3 2381 2394 1783
4168 2 2 1 3 1107 2344 2063
4169 2 2 1 3 1428 1565 1429
4170 2 2 1 3 1506 2359 1002
4171 2 2 1 3 971 2315 989
4172 2 2 1 3 1431 2336 2175
4173 2 2 1 3 1761 2326 1630
4174 2 2 1 3 906 2322 1592
4175 2 2 1 3 998 2335 995
4176 2 2 1 3 1045 2323 1507
4177 2 2 1 3 1021 2344 1107
4178 2 2 1 3 1630 2326 2289
4179 2 2 1 3 1742 2321 1758
4180 2 2 1 3 1384 1415 1382
4181 2 2 1 3 1000 2359 1013
4182 2 2 1 3 1514 2351 2192
4183 2 2 1 3 1418 1543 1542
4184 2 2 1 3 1695 2488 2398
4185 2 2 1 3 1029 2323 1045
4186 2 2 1 3 1441 2333 2248
4187 2 2 1 3 2182 2330 2258
4188 2 2 1 3 1779 2376 1513
4189 2 2 1 3 1319 2439 2066
4190 2 2 1 3 1586 1901 1578
4191 2 2 1 3 1408 2347 1385
4192 2 2 1 3 1430 2360 2237
4193 2 2 1 3 1898 2361 1615
4194 2 2 1 3 1766 1904 1882
4195 2 2 1 3 2330 2346 1509
4196 2 2 1 3 1204 2354 2320
4197 2 2 1 3 1417 2327 1397
4198 2 2 1 3 1023 2363 1022
4199 2 2 1 3 1400 1418 1417
4200 2 2 1 3 1815 1895 1765
4201 2 2 1 3 1639 2337 1641
4202 2 2 1 3 1025 2323 1029
4203 2 2 1 3 1160 2341 1132
4204 2 2 1 3 1019 2344 1021
4205 2 2 1 3 1222 2403 2159
4206 2 2 1 3 1396 1398 1397
4207 2 2 1 3 1015 2315 1450
4208 2 2 1 3 2341 2350 2062
4209 2 2 1 3 1515 2364 1517
4210 2 2 1 3 1930 2322 904
4211 2 2 1 3 1174 1214 1192
4212 2 2 1 3 1844 2321 1741
4213 2 2 1 3 2255 2404 2394
4214 2 2 1 3 1988 2413 1983
4215 2 2 1 3 1108 2340 1023
4216 2 2 1 3 2159 2403 2397
4217 2 2 1 3 2118 2387 1659
4218 2 2 1 3 2056 2348 2052
4219 2 2 1 3 1213 2349 1226
4220 2 2 1 3 1388 1416 1386
4221 2 2 1 3 2066 2432 2067
4222 2 2 1 3 2168 2352 2333
4223 2 2 1 3 1563 1846 1562
4224 2 2 1 3 1791 2521 2518
4225 2 2 1 3 1786 2437 2433
4226 2 2 1 3 929 2367 931
4227 2 2 1 3 2062 2350 1645
4228 2 2 1 3 2220 2399 2383
4229 2 2 1 3 167 865 168
4230 2 2 1 3 1454 2379 1546
4231 2 2 1 3 1610 1862 1611
4232 2 2 1 3 1222 2411 2403
4233 2 2 1 3 1671 2388 1670
4234 2 2 1 3 1849 1850 1755
4235 2 2 1 3 153 891 154
4236 2 2 1 3 1428 1576 1565
4237 2 2 1 3 1396 1397 1394
4238 2 2 1 3 2354 2374 1776
4239 2 2 1 3 1670 2373 2266
4240 2 2 1 3 1226 2349 2337
4241 2 2 1 3 1392 1394 1393
4242 2 2 1 3 2346 2365 1648
4243 2 2 1 3 1702 2385 2374
4244 2 2 1 3 1356 2396 1351
4245 2 2 1 3 2178 2411 1222
4246 2 2 1 3 1487 1488 1486
4247 2 2 1 3 1925 2372 1393
4248 2 2 1 3 1509 2346 2276
4249 2 2 1 3 1648 2365 2197
4250 2 2 1 3 1487 1500 1488
4251 2 2 1 3 1638 2351 2260
4252 2 2 1 3 2284 2334 1364
4253 2 2 1 3 1392 1393 1390
4254 2 2 1 3 1321 2389 2146
4255 2 2 1 3 1394 2327 1393
4256 2 2 1 3 2352 2358 1159
4257 2 2 1 3 2192 2351 2279
4258 2 2 1 3 2248 2352 1159
4259 2 2 1 3 1514 2380 2351
4260 2 2 1 3 1398 1400 1397
4261 2 2 1 3 2333 2352 2248
4262 2 2 1 3 1576 1905 1766
4263 2 2 1 3 1109 2356 1319
4264 2 2 1 3 1576 1766 1565
4265 2 2 1 3 1644 2369 2334
4266 2 2 1 3 1642 2334 2284
4267 2 2 1 3 1626 2355 1335
4268 2 2 1 3 2323 2363 1777
4269 2 2 1 3 1455 2392 1657
4270 2 2 1 3 1351 1422 1304
4271 2 2 1 3 1401 2402 1398
4272 2 2 1 3 1404 2353 1411
4273 2 2 1 3 1671 2395 2388
4274 2 2 1 3 1429 2329 1474
4275 2 2 1 3 1290 2354 1200
4276 2 2 1 3 1774 2365 2346
4277 2 2 1 3 1541 2398 1346
4278 2 2 1 3 1702 2374 2294
4279 2 2 1 3 1364 2334 1470
4280 2 2 1 3 893 2309 163
4281 2 2 1 3 2103 2400 2101
4282 2 2 1 3 1450 2357 1017
4283 2 2 1 3 2279 2351 1638
4284 2 2 1 3 1565 2329 1429
4285 2 2 1 3 2359 2377 2090
4286 2 2 1 3 1487 1754 1500
4287 2 2 1 3 1754 1755 1500
4288 2 2 1 3 938 2378 1268
4289 2 2 1 3 2296 2375 1928
4290 2 2 1 3 1834 2395 1671
4291 2 2 1 3 152 2331 153
4292 2 2 1 3 2518 2521 834
4293 2 2 1 3 2365 2373 2197
4294 2 2 1 3 1017 2357 1019
4295 2 2 1 3 1397 2327 1394
4296 2 2 1 3 164 2309 854
4297 2 2 1 3 1942 2426 1692
4298 2 2 1 3 1019 2357 2344
4299 2 2 1 3 2234 2375 2296
4300 2 2 1 3 1159 2358 2250
4301 2 2 1 3 1382 2342 1379
4302 2 2 1 3 2066 2439 2432
4303 2 2 1 3 1025 2363 2323
4304 2 2 1 3 2379 2384 1546
4305 2 2 1 3 1002 2359 1000
4306 2 2 1 3 1234 1356 1351
4307 2 2 1 3 1615 2361 1613
4308 2 2 1 3 1094 2401 1256
4309 2 2 1 3 2012 2422 1126
4310 2 2 1 3 1474 2329 1610
4311 2 2 1 3 1148 2401 1085
4312 2 2 1 3 1765 2343 1586
4313 2 2 1 3 2237 2360 1909
4314 2 2 1 3 1754 1849 1755
4315 2 2 1 3 1999 2414 1894
4316 2 2 1 3 1386 2345 1384
4317 2 2 1 3 2038 2414 2037
4318 2 2 1 3 1332 2362 2178
4319 2 2 1 3 1400 2402 1788
4320 2 2 1 3 1411 2353 1428
4321 2 2 1 3 1521 2409 2362
4322 2 2 1 3 1970 2451 1971
4323 2 2 1 3 1406 2535 2464
4324 2 2 1 3 1613 2364 1515
4325 2 2 1 3 2437 2442 1472
4326 2 2 1 3 1274 2365 1774
4327 2 2 1 3 1022 2363 1025
4328 2 2 1 3 2220 2383 2236
4329 2 2 1 3 2361 2364 1613
4330 2 2 1 3 2358 2376 1652
4331 2 2 1 3 2351 2380 2260
4332 2 2 1 3 2255 2394 2254
4333 2 2 1 3 2090 2377 2055
4334 2 2 1 3 1980 2371 1656
4335 2 2 1 3 931 2367 935
4336 2 2 1 3 1290 2374 2354
4337 2 2 1 3 1751 1841 1750
4338 2 2 1 3 1415 2342 1382
4339 2 2 1 3 2446 2515 862
4340 2 2 1 3 2271 2380 1514
4341 2 2 1 3 1737 2385 1702
4342 2 2 1 3 1785 2370 1784
4343 2 2 1 3 1384 2345 1415
4344 2 2 1 3 2376 2379 1652
4345 2 2 1 3 1586 2343 1901
4346 2 2 1 3 1866 2242 1865
4347 2 2 1 3 2374 2385 1776
4348 2 2 1 3 1274 2373 2365
4349 2 2 1 3 1416 2345 1386
4350 2 2 1 3 1193 2410 1327
4351 2 2 1 3 1323 2381 2257
4352 2 2 1 3 1895 2343 1765
4353 2 2 1 3 1872 1873 1870
4354 2 2 1 3 2391 2392 1597
4355 2 2 1 3 1871 2242 1866
4356 2 2 1 3 2271 2391 2380
4357 2 2 1 3 1482 1484 1414
4358 2 2 1 3 1869 1870 1868
4359 2 2 1 3 1568 1896 1881
4360 2 2 1 3 2334 2369 1470
4361 2 2 1 3 1428 2353 1576
4362 2 2 1 3 2383 2399 1775
4363 2 2 1 3 2215 2431 1521
4364 2 2 1 3 1390 2372 1388
4365 2 2 1 3 1485 1486 1484
4366 2 2 1 3 1405 1413 1409
4367 2 2 1 3 2266 2373 1274
4368 2 2 1 3 1987 2453 2226
4369 2 2 1 3 1446 2375 2234
4370 2 2 1 3 2298 2381 1323
4371 2 2 1 3 1513 2376 2229
4372 2 2 1 3 1567 2415 1055
4373 2 2 1 3 2294 2374 1290
4374 2 2 1 3 1470 2369 1726
4375 2 2 1 3 1054 2415 1071
4376 2 2 1 3 1649 2418 1974
4377 2 2 1 3 1670 2388 2373
4378 2 2 1 3 2508 2510 2185
4379 2 2 1 3 2367 2378 935
4380 2 2 1 3 2295 2377 1506
4381 2 2 1 3 1485 1487 1486
4382 2 2 1 3 1647 2419 2188
4383 2 2 1 3 1662 2409 1655
4384 2 2 1 3 1388 2372 1416
4385 2 2 1 3 1652 2379 1454
4386 2 2 1 3 2229 2376 2358
4387 2 2 1 3 935 2378 938
4388 2 2 1 3 1351 2396 1478
4389 2 2 1 3 2215 2435 2431
4390 2 2 1 3 1781 2392 2391
4391 2 2 1 3 2349 2390 2337
4392 2 2 1 3 2371 2407 1681
4393 2 2 1 3 1672 2416 2280
4394 2 2 1 3 1905 2420 2412
4395 2 2 1 3 1683 2428 1684
4396 2 2 1 3 1393 2372 1390
4397 2 2 1 3 2394 2404 1783
4398 2 2 1 3 1321 2397 2389
4399 2 2 1 3 1865 2456 1804
4400 2 2 1 3 2377 2389 2055
4401 2 2 1 3 1446 2383 2375
4402 2 2 1 3 1214 2368 1192
4403 2 2 1 3 2260 2380 2187
4404 2 2 1 3 916 2423 1073
4405 2 2 1 3 1637 2381 2298
4406 2 2 1 3 2187 2391 1597
4407 2 2 1 3 1776 2385 1735
4408 2 2 1 3 1654 2386 1925
4409 2 2 1 3 1780 2384 1779
4410 2 2 1 3 1478 2396 1751
4411 2 2 1 3 2236 2383 1446
4412 2 2 1 3 2380 2391 2187
4413 2 2 1 3 1521 2431 2409
4414 2 2 1 3 1882 2382 2329
4415 2 2 1 3 2110 2457 2108
4416 2 2 1 3 1659 2387 1918
4417 2 2 1 3 1221 2425 912
4418 2 2 1 3 1192 2368 1234
4419 2 2 1 3 2067 2421 2256
4420 2 2 1 3 1099 2460 1905
4421 2 2 1 3 1779 2384 2379
4422 2 2 1 3 2295 2389 2377
4423 2 2 1 3 153 2331 891
4424 2 2 1 3 2435 2440 1674
4425 2 2 1 3 1268 2405 2288
4426 2 2 1 3 1706 2522 2521
4427 2 2 1 3 1610 2382 1862
4428 2 2 1 3 1661 2436 2046
4429 2 2 1 3 2512 2516 2189
4430 2 2 1 3 1651 2420 1965
4431 2 2 1 3 2197 2388 1552
4432 2 2 1 3 2329 2382 1610
4433 2 2 1 3 1011 2449 1030
4434 2 2 1 3 1851 2524 1852
4435 2 2 1 3 2265 2430 1773
4436 2 2 1 3 1637 2394 2381
4437 2 2 1 3 2016 2390 2349
4438 2 2 1 3 2373 2388 2197
4439 2 2 1 3 1666 2435 1674
4440 2 2 1 3 1597 2392 1455
4441 2 2 1 3 2388 2395 1552
4442 2 2 1 3 1482 1485 1484
4443 2 2 1 3 910 2434 1221
4444 2 2 1 3 2146 2389 2295
4445 2 2 1 3 1413 1481 1414
4446 2 2 1 3 2362 2409 1662
4447 2 2 1 3 1234 2368 1356
4448 2 2 1 3 1781 2391 2271
4449 2 2 1 3 1482 1560 1485
4450 2 2 1 3 1775 2399 1675
4451 2 2 1 3 1481 1482 1414
4452 2 2 1 3 2118 2405 2387
4453 2 2 1 3 1869 1872 1870
4454 2 2 1 3 2108 2459 2107
4455 2 2 1 3 1592 2434 908
4456 2 2 1 3 2055 2397 2054
4457 2 2 1 3 2254 2394 1637
4458 2 2 1 3 1552 2395 2270
4459 2 2 1 3 1456 2437 1472
4460 2 2 1 3 1351 1478 1422
4461 2 2 1 3 2457 2459 2108
4462 2 2 1 3 1463 2443 1461
4463 2 2 1 3 1541 2485 2398
4464 2 2 1 3 1346 2398 2165
4465 2 2 1 3 2459 2461 2107
4466 2 2 1 3 2101 2400 2100
4467 2 2 1 3 1937 2602 869
4468 2 2 1 3 2337 2390 1641
4469 2 2 1 3 1675 2408 1660
4470 2 2 1 3 2100 2469 1148
4471 2 2 1 3 1478 1558 1422
4472 2 2 1 3 1085 2401 1094
4473 2 2 1 3 1258 2399 2220
4474 2 2 1 3 2399 2408 1675
4475 2 2 1 3 1573 2464 1709
4476 2 2 1 3 2397 2403 2054
4477 2 2 1 3 2390 2406 1641
4478 2 2 1 3 1413 1414 1409
4479 2 2 1 3 2217 2450 2110
4480 2 2 1 3 2466 2469 2100
4481 2 2 1 3 1767 2452 1719
4482 2 2 1 3 1985 2475 1987
4483 2 2 1 3 1707 2493 2074
4484 2 2 1 3 2037 2414 1999
4485 2 2 1 3 1674 2440 1738
4486 2 2 1 3 1783 2404 1782
4487 2 2 1 3 1867 1875 1869
4488 2 2 1 3 2483 2488 1695
4489 2 2 1 3 2054 2403 2154
4490 2 2 1 3 1558 2366 1805
4491 2 2 1 3 1867 1869 1868
4492 2 2 1 3 1258 2408 2399
4493 2 2 1 3 2408 2417 1660
4494 2 2 1 3 1965 2420 2353
4495 2 2 1 3 1487 2393 1754
4496 2 2 1 3 1571 1843 1749
4497 2 2 1 3 1478 1750 1558
4498 2 2 1 3 2315 2407 1450
4499 2 2 1 3 2232 2498 1541
4500 2 2 1 3 2403 2411 2154
4501 2 2 1 3 1974 2501 1699
4502 2 2 1 3 2353 2420 1576
4503 2 2 1 3 2387 2405 1268
4504 2 2 1 3 1841 2303 1750
4505 2 2 1 3 2389 2397 2055
4506 2 2 1 3 1867 1868 1866
4507 2 2 1 3 2246 2408 1258
4508 2 2 1 3 2407 2444 1681
4509 2 2 1 3 1847 2542 1749
4510 2 2 1 3 1445 2410 1193
4511 2 2 1 3 2288 2405 1635
4512 2 2 1 3 1641 2406 1778
4513 2 2 1 3 2154 2411 1662
4514 2 2 1 3 1660 2417 2147
4515 2 2 1 3 1117 2404 2255
4516 2 2 1 3 2404 2416 1782
4517 2 2 1 3 1983 2413 1985
4518 2 2 1 3 1655 2409 2281
4519 2 2 1 3 1543 2480 2477
4520 2 2 1 3 1522 2463 2461
4521 2 2 1 3 1409 2438 2402
4522 2 2 1 3 1681 2444 2029
4523 2 2 1 3 1117 2416 2404
4524 2 2 1 3 2417 2421 2147
4525 2 2 1 3 2232 2503 2498
4526 2 2 1 3 2211 2407 2315
4527 2 2 1 3 1846 1848 1562
4528 2 2 1 3 1676 2441 2118
4529 2 2 1 3 920 2455 2162
4530 2 2 1 3 1988 2468 2413
4531 2 2 1 3 1544 2448 1799
4532 2 2 1 3 1450 2407 2371
4533 2 2 1 3 918 2455 920
4534 2 2 1 3 2246 2417 2408
4535 2 2 1 3 2118 2441 2405
4536 2 2 1 3 2189 2516 842
4537 2 2 1 3 2162 2455 2038
4538 2 2 1 3 1817 2445 2293
4539 2 2 1 3 1485 2393 1487
4540 2 2 1 3 1956 2531 1031
4541 2 2 1 3 1414 2438 1409
4542 2 2 1 3 2112 2412 1651
4543 2 2 1 3 1405 1409 1401
4544 2 2 1 3 1676 2447 2441
4545 2 2 1 3 1786 2442 2437
4546 2 2 1 3 1755 2448 1500
4547 2 2 1 3 1087 2417 2246
4548 2 2 1 3 2280 2416 1117
4549 2 2 1 3 1055 2415 1054
4550 2 2 1 3 2173 2418 1649
4551 2 2 1 3 1790 2419 1647
4552 2 2 1 3 2012 2484 2422
4553 2 2 1 3 1087 2421 2417
4554 2 2 1 3 2503 2507 1720
4555 2 2 1 3 2105 2463 2103
4556 2 2 1 3 1126 2422 1988
4557 2 2 1 3 1707 2494 2493
4558 2 2 1 3 1696 2494 1707
4559 2 2 1 3 1398 2402 1400
4560 2 2 1 3 2409 2431 2281
4561 2 2 1 3 1687 2447 1676
4562 2 2 1 3 914 2423 916
4563 2 2 1 3 2405 2441 1635
4564 2 2 1 3 2256 2421 1087
4565 2 2 1 3 1697 2495 1696
4566 2 2 1 3 1687 2450 2447
4567 2 2 1 3 1750 2366 1558
4568 2 2 1 3 1522 2461 1341
4569 2 2 1 3 914 2425 2423
4570 2 2 1 3 912 2425 914
4571 2 2 1 3 2458 2479 1657
4572 2 2 1 3 1696 2495 2494
4573 2 2 1 3 1541 2498 2485
4574 2 2 1 3 1943 2426 1942
4575 2 2 1 3 2211 2444 2407
4576 2 2 1 3 2173 2504 2499
4577 2 2 1 3 1699 2497 1697
4578 2 2 1 3 1571 1749 1569
4579 2 2 1 3 1790 2505 2500
4580 2 2 1 3 307 2465 306
4581 2 2 1 3 2026 2526 1427
4582 2 2 1 3 1562 2424 1481
4583 2 2 1 3 2067 2432 2421
4584 2 2 1 3 1697 2497 2495
4585 2 2 1 3 2444 2453 2029
4586 2 2 1 3 1560 2393 1485
4587 2 2 1 3 1958 2473 1486
4588 2 2 1 3 2400 2466 2100
4589 2 2 1 3 1769 2428 1683
4590 2 2 1 3 2506 2512 885
4591 2 2 1 3 2443 2520 1461
4592 2 2 1 3 2402 2438 1788
4593 2 2 1 3 959 2511 2012
4594 2 2 1 3 1576 2420 1905
4595 2 2 1 3 1427 2525 2143
4596 2 2 1 3 1510 2466 1522
4597 2 2 1 3 1768 2429 1885
4598 2 2 1 3 1864 1867 1866
4599 2 2 1 3 2069 2490 2068
4600 2 2 1 3 2303 2366 1750
4601 2 2 1 3 2454 2528 1960
4602 2 2 1 3 2143 2519 959
4603 2 2 1 3 1699 2501 2497
4604 2 2 1 3 1793 2496 2386
4605 2 2 1 3 1370 2470 1369
4606 2 2 1 3 1482 2424 1560
4607 2 2 1 3 1864 1865 1804
4608 2 2 1 3 1672 2433 2416
4609 2 2 1 3 885 2512 2189
4610 2 2 1 3 1793 2530 2496
4611 2 2 1 3 1972 2544 1199
4612 2 2 1 3 1782 2433 1520
4613 2 2 1 3 2071 2491 2069
4614 2 2 1 3 1800 2477 1689
4615 2 2 1 3 1733 2470 1493
4616 2 2 1 3 1710 2430 2265
4617 2 2 1 3 2147 2432 1618
4618 2 2 1 3 2215 2440 2435
4619 2 2 1 3 2505 2508 884
4620 2 2 1 3 1472 2442 1724
4621 2 2 1 3 1943 2486 2482
4622 2 2 1 3 2074 2492 2071
4623 2 2 1 3 2486 2487 856
4624 2 2 1 3 908 2434 910
4625 2 2 1 3 2281 2431 1665
4626 2 2 1 3 2431 2435 1665
4627 2 2 1 3 1864 1866 1865
4628 2 2 1 3 2069 2491 2490
4629 2 2 1 3 1525 2468 1444
4630 2 2 1 3 2433 2437 1520
4631 2 2 1 3 1427 2526 2525
4632 2 2 1 3 2184 2509 838
4633 2 2 1 3 1665 2435 1666
4634 2 2 1 3 2071 2492 2491
4635 2 2 1 3 2392 2458 1657
4636 2 2 1 3 2432 2439 1618
4637 2 2 1 3 1789 2436 1661
4638 2 2 1 3 868 2474 109
4639 2 2 1 3 2074 2493 2492
4640 2 2 1 3 1481 2424 1482
4641 2 2 1 3 2046 2472 1688
4642 2 2 1 3 2143 2525 2519
4643 2 2 1 3 2430 2510 1773
4644 2 2 1 3 1692 2478 1690
4645 2 2 1 3 959 2519 2511
4646 2 2 1 3 1520 2437 1456
4647 2 2 1 3 111 2476 864
4648 2 2 1 3 2509 2513 838
4649 2 2 1 3 1893 2522 1706
4650 2 2 1 3 838 2513 2179
4651 2 2 1 3 1618 2439 1898
4652 2 2 1 3 1905 2460 1766
4653 2 2 1 3 1476 2440 2215
4654 2 2 1 3 1635 2441 2263
4655 2 2 1 3 1688 2471 2051
4656 2 2 1 3 2233 2479 1785
4657 2 2 1 3 2476 2478 864
4658 2 2 1 3 864 2482 112
4659 2 2 1 3 1789 2476 2474
4660 2 2 1 3 2068 2487 1693
4661 2 2 1 3 1725 2481 1807
4662 2 2 1 3 2165 2488 1255
4663 2 2 1 3 1658 2520 2517
4664 2 2 1 3 1537 2483 1695
4665 2 2 1 3 114 2486 856
4666 2 2 1 3 2243 2456 1865
4667 2 2 1 3 2450 2457 2110
4668 2 2 1 3 1517 2458 1781
4669 2 2 1 3 2441 2447 2263
4670 2 2 1 3 1686 2443 1463
4671 2 2 1 3 2051 2467 1796
4672 2 2 1 3 1031 2449 1011
4673 2 2 1 3 1688 2472 2471
4674 2 2 1 3 1939 2539 1084
4675 2 2 1 3 1686 2446 2443
4676 2 2 1 3 2316 2442 1786
4677 2 2 1 3 1791 2446 1686
4678 2 2 1 3 1848 2424 1562
4679 2 2 1 3 1407 2548 2545
4680 2 2 1 3 1695 2485 1673
4681 2 2 1 3 1178 2444 2211
4682 2 2 1 3 2293 2445 1631
4683 2 2 1 3 1484 2438 1414
4684 2 2 1 3 1839 2481 2319
4685 2 2 1 3 1987 2475 2453
4686 2 2 1 3 1796 2462 1797
4687 2 2 1 3 2012 2511 2484
4688 2 2 1 3 1522 2466 2400
4689 2 2 1 3 2263 2447 1138
4690 2 2 1 3 1084 2540 1969
4691 2 2 1 3 1500 2448 1544
4692 2 2 1 3 2447 2450 1138
4693 2 2 1 3 2421 2432 2147
4694 2 2 1 3 2416 2433 1782
4695 2 2 1 3 1646 2489 1566
4696 2 2 1 3 2442 2452 1724
4697 2 2 1 3 136 2515 137
4698 2 2 1 3 2051 2471 2467
4699 2 2 1 3 2173 2499 2418
4700 2 2 1 3 1709 2464 1803
4701 2 2 1 3 1418 2480 1543
4702 2 2 1 3 1790 2500 2419
4703 2 2 1 3 1138 2450 2217
4704 2 2 1 3 2419 2516 2188
4705 2 2 1 3 1682 2484 2310
4706 2 2 1 3 1958 2480 2473
4707 2 2 1 3 1969 2451 1970
4708 2 2 1 3 2370 2458 1517
4709 2 2 1 3 1796 2467 2462
4710 2 2 1 3 2413 2468 1525
4711 2 2 1 3 847 2499 123
4712 2 2 1 3 842 2500 128
4713 2 2 1 3 2449 2454 1030
4714 2 2 1 3 1592 2522 2434
4715 2 2 1 3 1178 2453 2444
4716 2 2 1 3 2226 2453 1178
4717 2 2 1 3 125 2504 885
4718 2 2 1 3 130 2505 884
4719 2 2 1 3 1943 2482 2426
4720 2 2 1 3 844 2557 1908
4721 2 2 1 3 2068 2490 2487
4722 2 2 1 3 2539 2540 1084
4723 2 2 1 3 2171 2506 2173
4724 2 2 1 3 1704 2503 1720
4725 2 2 1 3 2427 2543 1850
4726 2 2 1 3 2235 2510 1700
4727 2 2 1 3 1753 2507 1492
4728 2 2 1 3 1954 2530 1956
4729 2 2 1 3 1073 2455 918
4730 2 2 1 3 2370 2479 2458
4731 2 2 1 3 2316 2452 2442
4732 2 2 1 3 1719 2452 2316
4733 2 2 1 3 2179 2517 2163
4734 2 2 1 3 2185 2510 2430
4735 2 2 1 3 2398 2485 1695
4736 2 2 1 3 1460 2520 1658
4737 2 2 1 3 2164 2520 2443
4738 2 2 1 3 2273 2457 1687
4739 2 2 1 3 2436 2474 868
4740 2 2 1 3 1395 2549 1875
4741 2 2 1 3 2426 2482 864
4742 2 2 1 3 2461 2463 2107
4743 2 2 1 3 1981 2529 1373
4744 2 2 1 3 1789 2474 2436
4745 2 2 1 3 1643 2523 1739
4746 2 2 1 3 2273 2459 2457
4747 2 2 1 3 2438 2473 1788
4748 2 2 1 3 138 2518 834
4749 2 2 1 3 1706 2521 1791
4750 2 2 1 3 1876 2529 1856
4751 2 2 1 3 1723 2523 2307
4752 2 2 1 3 1342 2461 2459
4753 2 2 1 3 1342 2459 2273
4754 2 2 1 3 2422 2484 1682
4755 2 2 1 3 1687 2457 2450
4756 2 2 1 3 842 2516 2419
4757 2 2 1 3 1341 2461 1342
4758 2 2 1 3 2233 2488 2483
4759 2 2 1 3 2233 2483 2479
4760 2 2 1 3 1542 2528 1653
4761 2 2 1 3 2418 2499 847
4762 2 2 1 3 2419 2500 842
4763 2 2 1 3 1484 2473 2438
4764 2 2 1 3 1766 2460 1904
4765 2 2 1 3 2513 2517 2179
4766 2 2 1 3 2477 2480 1958
4767 2 2 1 3 2107 2463 2105
4768 2 2 1 3 895 2462 2239
4769 2 2 1 3 879 2465 307
4770 2 2 1 3 851 2582 1915
4771 2 2 1 3 1856 2529 1591
4772 2 2 1 3 2434 2522 1893
4773 2 2 1 3 1663 2466 1510
4774 2 2 1 3 1781 2458 2392
4775 2 2 1 3 2462 2467 2239
4776 2 2 1 3 1663 2469 2466
4777 2 2 1 3 2239 2467 889
4778 2 2 1 3 2530 2531 1956
4779 2 2 1 3 1897 2469 1663
4780 2 2 1 3 2453 2475 2029
4781 2 2 1 3 1493 2470 1370
4782 2 2 1 3 1709 1803 1802
4783 2 2 1 3 884 2508 2185
4784 2 2 1 3 1444 2468 1682
4785 2 2 1 3 889 2471 2228
4786 2 2 1 3 2467 2471 889
4787 2 2 1 3 1843 1847 1749
4788 2 2 1 3 2228 2472 868
4789 2 2 1 3 2471 2472 2228
4790 2 2 1 3 109 2474 110
4791 2 2 1 3 2029 2475 1525
4792 2 2 1 3 2474 2476 110
4793 2 2 1 3 110 2476 111
4794 2 2 1 3 1143 2532 1174
4795 2 2 1 3 1689 2477 1958
4796 2 2 1 3 1863 1864 1804
4797 2 2 1 3 1943 2487 2486
4798 2 2 1 3 1690 2478 1789
4799 2 2 1 3 1486 2473 1484
4800 2 2 1 3 1789 2478 2476
4801 2 2 1 3 896 2606 2243
4802 2 2 1 3 1753 2514 2507
4803 2 2 1 3 1788 2480 1418
4804 2 2 1 3 2232 2507 2503
4805 2 2 1 3 112 2482 113
4806 2 2 1 3 2319 2481 1725
4807 2 2 1 3 1657 2483 1537
4808 2 2 1 3 2482 2486 113
4809 2 2 1 3 2473 2480 1788
4810 2 2 1 3 113 2486 114
4811 2 2 1 3 1673 2485 2312
4812 2 2 1 3 2310 2484 1650
4813 2 2 1 3 1761 2502 2050
4814 2 2 1 3 1816 2536 1731
4815 2 2 1 3 2011 2537 897
4816 2 2 1 3 1693 2487 1943
4817 2 2 1 3 1758 2583 1759
4818 2 2 1 3 1785 2479 2370
4819 2 2 1 3 1859 2502 1761
4820 2 2 1 3 1790 2508 2505
4821 2 2 1 3 1255 2488 2233
4822 2 2 1 3 1566 2489 1880
4823 2 2 1 3 856 2490 2202
4824 2 2 1 3 1416 2496 2345
4825 2 2 1 3 1560 2524 2393
4826 2 2 1 3 1653 2528 2454
4827 2 2 1 3 2521 2522 1932
4828 2 2 1 3 2490 2491 2202
4829 2 2 1 3 2202 2491 886
4830 2 2 1 3 1803 1804 1802
4831 2 2 1 3 2491 2492 886
4832 2 2 1 3 2345 2496 2314
4833 2 2 1 3 2485 2498 2312
4834 2 2 1 3 886 2492 2198
4835 2 2 1 3 2492 2493 2198
4836 2 2 1 3 2484 2511 1650
4837 2 2 1 3 2198 2493 852
4838 2 2 1 3 852 2494 2199
4839 2 2 1 3 2487 2490 856
4840 2 2 1 3 2493 2494 852
4841 2 2 1 3 2496 2530 2314
4842 2 2 1 3 2494 2495 2199
4843 2 2 1 3 2517 2520 2164
4844 2 2 1 3 2199 2495 887
4845 2 2 1 3 2495 2497 887
4846 2 2 1 3 2238 2516 2512
4847 2 2 1 3 887 2497 2195
4848 2 2 1 3 123 2499 124
4849 2 2 1 3 128 2500 129
4850 2 2 1 3 2497 2501 2195
4851 2 2 1 3 2195 2501 847
4852 2 2 1 3 2499 2504 124
4853 2 2 1 3 2498 2503 1703
4854 2 2 1 3 2500 2505 129
4855 2 2 1 3 2050 2502 1884
4856 2 2 1 3 2312 2498 1703
4857 2 2 1 3 124 2504 125
4858 2 2 1 3 1703 2503 1704
4859 2 2 1 3 129 2505 130
4860 2 2 1 3 137 2518 138
4861 2 2 1 3 2479 2483 1657
4862 2 2 1 3 1932 2522 1592
4863 2 2 1 3 2172 2506 2171
4864 2 2 1 3 2386 2496 1416
4865 2 2 1 3 1803 1863 1804
4866 2 2 1 3 1700 2508 1790
4867 2 2 1 3 2172 2512 2506
4868 2 2 1 3 1492 2507 2232
4869 2 2 1 3 1773 2510 2235
4870 2 2 1 3 1710 2513 2509
4871 2 2 1 3 2238 2512 2172
4872 2 2 1 3 1650 2511 1711
4873 2 2 1 3 1658 2513 1710
4874 2 2 1 3 2393 2524 1851
4875 2 2 1 3 1720 2514 1818
4876 2 2 1 3 2188 2516 2238
4877 2 2 1 3 2163 2517 2164
4878 2 2 1 3 834 2521 1932
4879 2 2 1 3 2511 2519 1711
4880 2 2 1 3 1461 2520 1460
4881 2 2 1 3 1711 2519 1713
4882 2 2 1 3 2519 2525 1713
4883 2 2 1 3 1713 2525 1768
4884 2 2 1 3 2307 2523 1643
4885 2 2 1 3 2525 2526 1768
4886 2 2 1 3 913 2534 911
4887 2 2 1 3 1959 2541 1939
4888 2 2 1 3 1658 2517 2513
4889 2 2 1 3 1396 2548 1399
4890 2 2 1 3 858 2628 1886
4891 2 2 1 3 1710 2509 2430
4892 2 2 1 3 2528 2538 1960
4893 2 2 1 3 1543 2528 1542
4894 2 2 1 3 1755 2544 2448
4895 2 2 1 3 1791 2515 2446
4896 2 2 1 3 1591 2529 1981
4897 2 2 1 3 1768 2526 2429
4898 2 2 1 3 2507 2514 1720
4899 2 2 1 3 2314 2530 1954
4900 2 2 1 3 926 2543 924
4901 2 2 1 3 1792 2531 1793
4902 2 2 1 3 1174 2532 1214
4903 2 2 1 3 2448 2544 1972
4904 2 2 1 3 1793 2531 2530
4905 2 2 1 3 1800 2541 2538
4906 2 2 1 3 1800 2538 2477
4907 2 2 1 3 2515 2518 137
4908 2 2 1 3 924 2543 2427
4909 2 2 1 3 2252 2547 1716
4910 2 2 1 3 1911 2646 837
4911 2 2 1 3 1791 2518 2515
4912 2 2 1 3 2550 2567 166
4913 2 2 1 3 1731 2536 1733
4914 2 2 1 3 1863 2545 1864
4915 2 2 1 3 867 2555 10
4916 2 2 1 3 1867 2545 1875
4917 2 2 1 3 897 2537 1992
4918 2 2 1 3 1939 2541 2539
4919 2 2 1 3 1543 2538 2528
4920 2 2 1 3 2142 2561 1736
4921 2 2 1 3 853 2331 152
4922 2 2 1 3 2538 2541 1960
4923 2 2 1 3 165 2550 166
4924 2 2 1 3 1636 2551 1476
4925 2 2 1 3 1875 2549 1869
4926 2 2 1 3 876 2554 1968
4927 2 2 1 3 1935 2554 1934
4928 2 2 1 3 2464 2535 1803
4929 2 2 1 3 1391 2559 1872
4930 2 2 1 3 1961 2555 1963
4931 2 2 1 3 1803 2535 1863
4932 2 2 1 3 2141 2645 1819
4933 2 2 1 3 892 2553 158
4934 2 2 1 3 10 2555 175
4935 2 2 1 3 837 2646 2156
4936 2 2 1 3 2270 2556 1721
4937 2 2 1 3 2243 2576 896
4938 2 2 1 3 890 2560 2128
4939 2 2 1 3 147 858 148
4940 2 2 1 3 833 2558 191
4941 2 2 1 3 160 2557 844
4942 2 2 1 3 192 2558 888
4943 2 2 1 3 2440 2551 1738
4944 2 2 1 3 2477 2538 1543
4945 2 2 1 3 1798 2539 1800
4946 2 2 1 3 1960 2541 1959
4947 2 2 1 3 1890 2594 1874
4948 2 2 1 3 1798 2540 2539
4949 2 2 1 3 1799 2540 1798
4950 2 2 1 3 843 2560 196
4951 2 2 1 3 197 2560 890
4952 2 2 1 3 1736 2561 1701
4953 2 2 1 3 1941 2542 1238
4954 2 2 1 3 195 2562 843
4955 2 2 1 3 172 2571 899
4956 2 2 1 3 1964 2630 1759
4957 2 2 1 3 1199 2543 926
4958 2 2 1 3 1892 2594 1890
4959 2 2 1 3 1850 2544 1755
4960 2 2 1 3 870 2569 2011
4961 2 2 1 3 2270 2591 2556
4962 2 2 1 3 1864 2545 1867
4963 2 2 1 3 1751 2546 1841
4964 2 2 1 3 2085 2564 2084
4965 2 2 1 3 150 896 151
4966 2 2 1 3 1993 2578 895
4967 2 2 1 3 171 2571 172
4968 2 2 1 3 2539 2541 1800
4969 2 2 1 3 1716 2547 1827
4970 2 2 1 3 1399 2548 1407
4971 2 2 1 3 860 2633 2600
4972 2 2 1 3 7 894 145
4973 2 2 1 3 1915 2637 851
4974 2 2 1 3 2465 2570 306
4975 2 2 1 3 300 2565 1910
4976 2 2 1 3 878 2566 311
4977 2 2 1 3 310 2566 840
4978 2 2 1 3 1759 2630 1978
4979 2 2 1 3 1869 2549 1872
4980 2 2 1 3 1812 2567 2550
4981 2 2 1 3 301 2565 300
4982 2 2 1 3 167 2567 865
4983 2 2 1 3 1555 2568 1825
4984 2 2 1 3 1807 2570 2465
4985 2 2 1 3 305 2570 835
4986 2 2 1 3 901 2552 267
4987 2 2 1 3 2551 2588 1738
4988 2 2 1 3 267 2552 266
4989 2 2 1 3 854 2550 165
4990 2 2 1 3 2445 2568 1631
4991 2 2 1 3 1820 2577 1740
4992 2 2 1 3 874 2574 179
4993 2 2 1 3 180 2574 848
4994 2 2 1 3 2278 2627 2022
4995 2 2 1 3 100 2552 101
4996 2 2 1 3 1906 2577 1907
4997 2 2 1 3 2325 2585 1945
4998 2 2 1 3 1872 2559 1873
4999 2 2 1 3 1476 2551 2440
5000 2 2 1 3 274 2575 273
5001 2 2 1 3 1929 2624 874
5002 2 2 1 3 877 2563 2007
5003 2 2 1 3 1934 2554 876
5004 2 2 1 3 158 2553 159
5005 2 2 1 3 1808 2579 1743
5006 2 2 1 3 1745 2579 1916
5007 2 2 1 3 891 2594 1892
5008 2 2 1 3 1873 2559 1889
5009 2 2 1 3 291 2580 881
5010 2 2 1 3 1995 2563 877
5011 2 2 1 3 1915 2582 1914
5012 2 2 1 3 175 2555 1961
5013 2 2 1 3 1736 2645 2141
5014 2 2 1 3 1721 2556 1842
5015 2 2 1 3 2553 2557 159
5016 2 2 1 3 1735 2581 1732
5017 2 2 1 3 1748 2582 1813
5018 2 2 1 3 857 2583 1929
5019 2 2 1 3 2251 2614 1813
5020 2 2 1 3 1801 2596 1886
5021 2 2 1 3 159 2557 160
5022 2 2 1 3 2287 2584 869
5023 2 2 1 3 1945 2585 1944
5024 2 2 1 3 191 2558 192
5025 2 2 1 3 895 2578 2462
5026 2 2 1 3 1764 2586 1814
5027 2 2 1 3 2556 2591 861
5028 2 2 1 3 196 2560 197
5029 2 2 1 3 2470 2593 1369
5030 2 2 1 3 1694 2584 2022
5031 2 2 1 3 1990 2590 184
5032 2 2 1 3 185 2590 839
5033 2 2 1 3 1701 2561 1737
5034 2 2 1 3 2137 2588 2551
5035 2 2 1 3 1902 2592 1778
5036 2 2 1 3 194 2562 195
5037 2 2 1 3 2385 2587 1735
5038 2 2 1 3 2095 2593 2470
5039 2 2 1 3 1977 2648 1837
5040 2 2 1 3 1834 2591 2395
5041 2 2 1 3 1807 2599 1753
5042 2 2 1 3 266 2552 100
5043 2 2 1 3 839 2648 1977
5044 2 2 1 3 1837 2592 1977
5045 2 2 1 3 1811 2585 2325
5046 2 2 1 3 1752 2603 2049
5047 2 2 1 3 1794 2598 1838
5048 2 2 1 3 276 2600 2091
5049 2 2 1 3 860 2600 277
5050 2 2 1 3 1812 2605 1746
5051 2 2 1 3 1886 2628 1887
5052 2 2 1 3 2243 2606 2456
5053 2 2 1 3 2007 2563 2523
5054 2 2 1 3 2465 2599 1807
5055 2 2 1 3 1977 2592 875
5056 2 2 1 3 2048 2639 1752
5057 2 2 1 3 1728 2603 1752
5058 2 2 1 3 881 2580 2547
5059 2 2 1 3 293 2604 292
5060 2 2 1 3 1823 2608 2156
5061 2 2 1 3 1967 2609 859
5062 2 2 1 3 8 2576 853
5063 2 2 1 3 2523 2563 1739
5064 2 2 1 3 2156 2608 297
5065 2 2 1 3 296 2608 883
5066 2 2 1 3 901 2620 2552
5067 2 2 1 3 2129 2611 2130
5068 2 2 1 3 2128 2614 890
5069 2 2 1 3 891 2612 2594
5070 2 2 1 3 2561 2564 1737
5071 2 2 1 3 2084 2564 855
5072 2 2 1 3 869 2602 206
5073 2 2 1 3 11 2622 322
5074 2 2 1 3 208 2622 11
5075 2 2 1 3 2126 2614 2128
5076 2 2 1 3 888 2617 2133
5077 2 2 1 3 844 2615 161
5078 2 2 1 3 162 2615 893
5079 2 2 1 3 898 2622 1936
5080 2 2 1 3 870 2598 2569
5081 2 2 1 3 861 2565 301
5082 2 2 1 3 2133 2617 2132
5083 2 2 1 3 1809 2617 1826
5084 2 2 1 3 302 2618 861
5085 2 2 1 3 880 2619 2085
5086 2 2 1 3 102 2620 900
5087 2 2 1 3 2366 2613 1805
5088 2 2 1 3 273 2623 272
5089 2 2 1 3 1995 2589 2563
5090 2 2 1 3 2286 2648 1845
5091 2 2 1 3 1992 2641 1991
5092 2 2 1 3 1797 2569 1795
5093 2 2 1 3 1629 2645 1736
5094 2 2 1 3 1910 2565 1834
5095 2 2 1 3 304 2640 303
5096 2 2 1 3 2092 2636 850
5097 2 2 1 3 1819 2645 2302
5098 2 2 1 3 851 2637 200
5099 2 2 1 3 168 2631 9
5100 2 2 1 3 1945 2625 1821
5101 2 2 1 3 311 2566 310
5102 2 2 1 3 2096 2593 2095
5103 2 2 1 3 850 2636 2536
5104 2 2 1 3 166 2567 167
5105 2 2 1 3 2537 2569 1797
5106 2 2 1 3 2550 2605 1812
5107 2 2 1 3 879 2599 2465
5108 2 2 1 3 1631 2568 1555
5109 2 2 1 3 1752 2639 1902
5110 2 2 1 3 1830 2634 1891
5111 2 2 1 3 2011 2569 2537
5112 2 2 1 3 306 2570 305
5113 2 2 1 3 2085 2587 2564
5114 2 2 1 3 1819 2633 2141
5115 2 2 1 3 899 2571 2303
5116 2 2 1 3 2600 2633 1825
5117 2 2 1 3 201 2637 1916
5118 2 2 1 3 2563 2589 1739
5119 2 2 1 3 1356 2630 2396
5120 2 2 1 3 1814 2634 1830
5121 2 2 1 3 179 2574 180
5122 2 2 1 3 861 2618 2556
5123 2 2 1 3 892 2586 2553
5124 2 2 1 3 148 2572 149
5125 2 2 1 3 1740 2577 1906
5126 2 2 1 3 866 2575 274
5127 2 2 1 3 2598 2623 1838
5128 2 2 1 3 1726 2638 1968
5129 2 2 1 3 151 2576 8
5130 2 2 1 3 149 2573 150
5131 2 2 1 3 2536 2636 1733
5132 2 2 1 3 2022 2627 1808
5133 2 2 1 3 1743 2579 1745
5134 2 2 1 3 2049 2603 833
5135 2 2 1 3 2462 2578 1797
5136 2 2 1 3 2096 2621 2593
5137 2 2 1 3 1811 2616 2585
5138 2 2 1 3 292 2580 291
5139 2 2 1 3 1916 2637 1915
5140 2 2 1 3 1938 2584 1694
5141 2 2 1 3 1887 2628 146
5142 2 2 1 3 1914 2582 1748
5143 2 2 1 3 1732 2581 1816
5144 2 2 1 3 1962 2583 857
5145 2 2 1 3 2574 2625 848
5146 2 2 1 3 883 2588 2137
5147 2 2 1 3 1944 2585 873
5148 2 2 1 3 858 2572 148
5149 2 2 1 3 879 2629 2599
5150 2 2 1 3 207 2602 1936
5151 2 2 1 3 859 2589 1995
5152 2 2 1 3 2620 2641 900
5153 2 2 1 3 2396 2601 1751
5154 2 2 1 3 2085 2619 2581
5155 2 2 1 3 2553 2586 1787
5156 2 2 1 3 1767 2607 2008
5157 2 2 1 3 2562 2611 843
5158 2 2 1 3 2547 2580 1827
5159 2 2 1 3 1751 2601 2546
5160 2 2 1 3 2546 2601 1963
5161 2 2 1 3 1787 2586 1764
5162 2 2 1 3 146 2628 147
5163 2 2 1 3 896 2576 151
5164 2 2 1 3 2564 2587 1737
5165 2 2 1 3 150 2573 896
5166 2 2 1 3 848 2625 1945
5167 2 2 1 3 1737 2587 2385
5168 2 2 1 3 2045 2629 879
5169 2 2 1 3 9 2595 169
5170 2 2 1 3 1738 2588 1823
5171 2 2 1 3 2569 2598 1795
5172 2 2 1 3 1739 2589 1824
5173 2 2 1 3 184 2590 185
5174 2 2 1 3 1990 2616 1810
5175 2 2 1 3 2603 2644 833
5176 2 2 1 3 1808 2627 2579
5177 2 2 1 3 2395 2591 2270
5178 2 2 1 3 1778 2592 1837
5179 2 2 1 3 169 2595 871
5180 2 2 1 3 1369 2593 2247
5181 2 2 1 3 2331 2612 891
5182 2 2 1 3 890 2614 2251
5183 2 2 1 3 2098 2621 2096
5184 2 2 1 3 1806 2596 1801
5185 2 2 1 3 1874 2594 1998
5186 2 2 1 3 899 2597 173
5187 2 2 1 3 174 2597 867
5188 2 2 1 3 2156 2646 1823
5189 2 2 1 3 2552 2620 101
5190 2 2 1 3 1824 2638 2369
5191 2 2 1 3 1823 2646 1715
5192 2 2 1 3 173 2597 174
5193 2 2 1 3 1795 2598 1794
5194 2 2 1 3 206 2602 207
5195 2 2 1 3 2586 2634 1814
5196 2 2 1 3 277 2600 276
5197 2 2 1 3 1963 2601 1964
5198 2 2 1 3 1936 2602 1937
5199 2 2 1 3 2242 2643 853
5200 2 2 1 3 1902 2639 2592
5201 2 2 1 3 2594 2612 1998
5202 2 2 1 3 2135 2603 1728
5203 2 2 1 3 2585 2616 873
5204 2 2 1 3 2456 2606 1806
5205 2 2 1 3 1753 2599 2514
5206 2 2 1 3 2556 2618 1842
5207 2 2 1 3 1746 2605 1922
5208 2 2 1 3 841 2604 293
5209 2 2 1 3 854 2635 2605
5210 2 2 1 3 1840 2607 1767
5211 2 2 1 3 2098 2647 2621
5212 2 2 1 3 2572 2573 149
5213 2 2 1 3 297 2608 296
5214 2 2 1 3 2583 2624 1929
5215 2 2 1 3 1968 2609 1967
5216 2 2 1 3 2593 2621 2247
5217 2 2 1 3 854 2605 2550
5218 2 2 1 3 2331 2643 2612
5219 2 2 1 3 2131 2611 2562
5220 2 2 1 3 871 2626 170
5221 2 2 1 3 2303 2610 2366
5222 2 2 1 3 2130 2611 2131
5223 2 2 1 3 1998 2612 1871
5224 2 2 1 3 2141 2633 860
5225 2 2 1 3 1805 2613 1836
5226 2 2 1 3 1978 2630 1356
5227 2 2 1 3 2384 2647 2122
5228 2 2 1 3 1844 2625 2574
5229 2 2 1 3 841 2632 2604
5230 2 2 1 3 1813 2614 2126
5231 2 2 1 3 873 2616 1990
5232 2 2 1 3 161 2615 162
5233 2 2 1 3 2369 2638 1726
5234 2 2 1 3 2605 2635 1922
5235 2 2 1 3 2135 2644 2603
5236 2 2 1 3 1810 2616 1811
5237 2 2 1 3 2132 2617 1809
5238 2 2 1 3 303 2618 302
5239 2 2 1 3 2088 2619 880
5240 2 2 1 3 2122 2647 2098
5241 2 2 1 3 858 2596 2572
5242 2 2 1 3 853 2643 2331
5243 2 2 1 3 1820 2635 2309
5244 2 2 1 3 101 2620 102
5245 2 2 1 3 1715 2646 1911
5246 2 2 1 3 2599 2629 2514
5247 2 2 1 3 833 2644 2558
5248 2 2 1 3 322 2622 898
5249 2 2 1 3 2247 2621 1780
5250 2 2 1 3 2612 2643 1871
5251 2 2 1 3 170 2626 171
5252 2 2 1 3 870 2623 2598
5253 2 2 1 3 1891 2634 892
5254 2 2 1 3 272 2623 870
5255 2 2 1 3 2619 2642 1816
5256 2 2 1 3 2321 2624 1758
5257 2 2 1 3 1821 2625 1844
5258 2 2 1 3 2309 2635 854
5259 2 2 1 3 863 2627 2278
5260 2 2 1 3 2088 2642 2619
5261 2 2 1 3 2573 2606 896
5262 2 2 1 3 2621 2647 1780
5263 2 2 1 3 2138 2632 841
5264 2 2 1 3 865 2631 168
5265 2 2 1 3 1825 2633 1819
5266 2 2 1 3 1922 2635 1820
5267 2 2 1 3 2514 2629 1818
5268 2 2 1 3 2093 2636 2092
5269 2 2 1 3 200 2637 201
5270 2 2 1 3 875 2639 2048
5271 2 2 1 3 1816 2642 2536
5272 2 2 1 3 835 2640 304
5273 2 2 1 3 1991 2641 901
5274 2 2 1 3 850 2642 2088
5275 2 2 1 3 1826 2644 2135
5276 2 2 1 3 2579 2627 863
5277 2 2 1 3 2302 2645 1629
5278 2 2 1 3 1837 2648 2286
5279 2 2 1 3 1871 2643 2242
5280 2 2 1 3 1780 2647 2384
5281 2 2 1 3 147 2628 858
5282 2 2 1 3 2536 2642 850
5283 2 2 1 3 2610 2626 871
5284 2 2 1 3 2571 2610 2303
5285 2 2 1 3 2558 2644 1826
5286 2 2 1 3 2609 2638 1824
5287 2 2 1 3 892 2634 2586
5288 2 2 1 3 901 2641 2620
5289 2 2 1 3 1758 2624 2583
5290 2 2 1 3 2592 2639 875
5291 2 2 1 3 171 2626 2571
5292 2 2 1 3 1836 2613 2595
5293 2 2 1 3 2581 2619 1816
5294 2 2 1 3 2595 2613 871
5295 2 2 1 3 2571 2626 2610
5296 2 2 1 3 1968 2638 2609
$EndElements
