$MeshFormat
2.2 0 8
$EndMeshFormat
$PhysicalNames
7
0 6 "separation-inf"
0 7 "separation-sup"
1 4 "pressure"
1 5 "fixed"
2 1 "body"
2 2 "cover"
2 3 "scar"
$EndPhysicalNames
$Nodes
2693
1 0.7011378322749323 0.4456321707997958 0
2 0.7306999999999999 0.4 0
3 0.6449624074743721 0.4481956894387059 0
4 0.4754071150127369 0.4393096730951061 0
5 0.4040362663251333 0.4037254805883031 0
6 0.06527036446661391 -1.301042606982605e-16 0
7 0.7306999999999998 0 0
8 0.7806999999999999 0.4 0
9 0.7335663632417884 0.4848831410681018 0
10 0.7806999999999999 0 0
11 0.6155486322904318 0.4967227961008811 0
12 0.4727903172005901 0.4892411498328348 0
13 0.3657340441691846 0.4358648610726302 0
14 0 0 0
15 0.6754664043757063 0.4998629534754574 0
16 0.6780832021878531 0.4499314767377288 0
17 0.7110003935895663 0.4397729323575389 0
18 0.7192679326009265 0.4318200341748778 0
19 0.7255052434402398 0.4221921193278344 0
20 0.7293839920919186 0.4113960042994904 0
21 0.6920215757523734 0.4421921090158071 0
22 0.6824687218444654 0.4402729580897661 0
23 0.6727312009567548 0.4399253303806352 0
24 0.6630658135815244 0.4411583936188734 0
25 0.6537274578868694 0.4439396291326084 0
26 0.486710801176846 0.4399020741846794 0
27 0.498014487340955 0.4404944752742528 0
28 0.509318173505064 0.4410868763638261 0
29 0.5206218596691731 0.4416792774533994 0
30 0.5319255458332821 0.4422716785429727 0
31 0.543229231997391 0.442864079632546 0
32 0.5545329181615001 0.4434564807221194 0
33 0.5658366043256092 0.4440488818116927 0
34 0.5771402904897182 0.444641282901266 0
35 0.5884439766538272 0.4452336839908393 0
36 0.5997476628179361 0.4458260850804127 0
37 0.6110513489820452 0.446418486169986 0
38 0.6223550351461541 0.4470108872595593 0
39 0.633658721310263 0.4476032883491326 0
40 0.4110181034325398 0.4112289776368577 0
41 0.4187313157060478 0.4179784127077235 0
42 0.4270948769943219 0.4239028839861847 0
43 0.4360209293260504 0.4289401557798515 0
44 0.445415705844908 0.4330373122953815 0
45 0.4551805158164786 0.4361513135110431 0
46 0.4652127813597885 0.4382494473057628 0
47 0.07263484059397318 0.008776640882354192 0
48 0.07999931672133226 0.01755328176470861 0
49 0.08736379284869139 0.02632992264706302 0
50 0.09472826897605052 0.03510656352941743 0
51 0.1020927451034097 0.0438832044117719 0
52 0.1094572212307687 0.05265984529412632 0
53 0.1168216973581279 0.06143648617648073 0
54 0.124186173485487 0.07021312705883515 0
55 0.1315506496128461 0.07898976794118961 0
56 0.1389151257402052 0.08776640882354403 0
57 0.1462796018675643 0.09654304970589844 0
58 0.1536440779949235 0.1053196905882529 0
59 0.1610085541222825 0.1140963314706073 0
60 0.1683730302496417 0.1228729723529617 0
61 0.1757375063770008 0.1316496132353161 0
62 0.1831019825043599 0.1404262541176706 0
63 0.190466458631719 0.149202895000025 0
64 0.1978309347590781 0.1579795358823794 0
65 0.2051954108864372 0.1667561767647338 0
66 0.2125598870137964 0.1755328176470882 0
67 0.2199243631411554 0.1843094585294426 0
68 0.2272888392685146 0.193086099411797 0
69 0.2346533153958736 0.2018627402941514 0
70 0.2420177915232327 0.2106393811765058 0
71 0.2493822676505918 0.2194160220588602 0
72 0.2567467437779509 0.2281926629412146 0
73 0.26411121990531 0.236969303823569 0
74 0.2714756960326691 0.2457459447059234 0
75 0.2788401721600282 0.2545225855882778 0
76 0.2862046482873873 0.2632992264706322 0
77 0.2935691244147464 0.2720758673529866 0
78 0.3009336005421055 0.280852508235341 0
79 0.3082980766694647 0.2896291491176956 0
80 0.3156625527968239 0.29840579000005 0
81 0.323027028924183 0.3071824308824044 0
82 0.3303915050515422 0.3159590717647589 0
83 0.3377559811789013 0.3247357126471133 0
84 0.3451204573062605 0.3335123535294678 0
85 0.3524849334336195 0.3422889944118223 0
86 0.3598494095609788 0.3510656352941767 0
87 0.3672138856883378 0.3598422761765311 0
88 0.3745783618156969 0.3686189170588855 0
89 0.381942837943056 0.3773955579412399 0
90 0.3893073140704152 0.3861721988235943 0
91 0.3966717901977742 0.3949488397059487 0
92 0.07674328921718956 0 0
93 0.08821621396776522 0 0
94 0.09968913871834086 0 0
95 0.1111620634689165 0 0
96 0.1226349882194922 0 0
97 0.1341079129700678 0 0
98 0.1455808377206435 0 0
99 0.1570537624712191 0 0
100 0.1685266872217948 0 0
101 0.1799996119723704 0 0
102 0.1914725367229461 0 0
103 0.2029454614735217 0 0
104 0.2144183862240973 0 0
105 0.225891310974673 0 0
106 0.2373642357252487 0 0
107 0.2488371604758243 0 0
108 0.2603100852264 0 0
109 0.2717830099769756 0 0
110 0.2832559347275512 0 0
111 0.2947288594781268 0 0
112 0.3062017842287024 0 0
113 0.317674708979278 0 0
114 0.3291476337298536 0 0
115 0.3406205584804292 0 0
116 0.3520934832310048 0 0
117 0.3635664079815804 0 0
118 0.375039332732156 0 0
119 0.3865122574827317 0 0
120 0.3979851822333073 0 0
121 0.4094581069838829 0 0
122 0.4209310317344584 0 0
123 0.432403956485034 0 0
124 0.4438768812356096 0 0
125 0.4553498059861853 0 0
126 0.4668227307367609 0 0
127 0.4782956554873365 0 0
128 0.489768580237912 0 0
129 0.5012415049884876 0 0
130 0.5127144297390633 0 0
131 0.5241873544896389 0 0
132 0.5356602792402145 0 0
133 0.5471332039907901 0 0
134 0.5586061287413657 0 0
135 0.5700790534919413 0 0
136 0.5815519782425169 0 0
137 0.5930249029930925 0 0
138 0.6044978277436681 0 0
139 0.6159707524942437 0 0
140 0.6274436772448193 0 0
141 0.638916601995395 0 0
142 0.6503895267459706 0 0
143 0.6618624514965461 0 0
144 0.6733353762471217 0 0
145 0.6848083009976974 0 0
146 0.696281225748273 0 0
147 0.7077541504988486 0 0
148 0.7192270752494242 0 0
149 0.7306999999999999 0.3885714285714286 0
150 0.7306999999999999 0.3771428571428571 0
151 0.7306999999999999 0.3657142857142857 0
152 0.7306999999999999 0.3542857142857143 0
153 0.7306999999999999 0.3428571428571428 0
154 0.7306999999999999 0.3314285714285714 0
155 0.7306999999999999 0.32 0
156 0.7306999999999999 0.3085714285714285 0
157 0.7306999999999999 0.2971428571428571 0
158 0.7306999999999999 0.2857142857142857 0
159 0.7306999999999999 0.2742857142857142 0
160 0.7306999999999999 0.2628571428571428 0
161 0.7306999999999999 0.2514285714285713 0
162 0.7306999999999999 0.2399999999999998 0
163 0.7306999999999999 0.2285714285714284 0
164 0.7306999999999999 0.2171428571428569 0
165 0.7306999999999999 0.2057142857142855 0
166 0.7306999999999999 0.194285714285714 0
167 0.7306999999999999 0.1828571428571427 0
168 0.7306999999999999 0.1714285714285712 0
169 0.7306999999999999 0.1599999999999998 0
170 0.7306999999999999 0.1485714285714284 0
171 0.7306999999999999 0.137142857142857 0
172 0.7306999999999999 0.1257142857142856 0
173 0.7306999999999999 0.1142857142857142 0
174 0.7306999999999999 0.1028571428571428 0
175 0.7306999999999999 0.09142857142857141 0
176 0.7306999999999999 0.08000000000000007 0
177 0.7306999999999999 0.06857142857142867 0
178 0.7306999999999999 0.05714285714285727 0
179 0.7306999999999999 0.04571428571428587 0
180 0.7306999999999999 0.03428571428571447 0
181 0.7306999999999999 0.02285714285714302 0
182 0.7306999999999999 0.01142857142857151 0
183 0.7800662683756857 0.4112403162362627 0
184 0.7781731058181761 0.422338165595201 0
185 0.7750445074671244 0.4331528869148025 0
186 0.7707201271568275 0.4435474075768995 0
187 0.7652547748184491 0.4533899808522288 0
188 0.7587177217842863 0.4625558557418064 0
189 0.7511918227990905 0.4709288581499915 0
190 0.7427724658666279 0.4784028633484537 0
191 0.7300641876755452 0.4749815938111659 0
192 0.7248891076415126 0.4658424243511175 0
193 0.718199690282656 0.4577456615920173 0
194 0.7102009028249355 0.4509393945546216 0
195 0.7406999999999998 0 0
196 0.7506999999999999 0 0
197 0.7606999999999999 0 0
198 0.7706999999999999 0 0
199 0.7806999999999999 0.01142857142857144 0
200 0.7806999999999999 0.02285714285714288 0
201 0.7806999999999999 0.03428571428571432 0
202 0.7806999999999999 0.04571428571428577 0
203 0.7806999999999999 0.0571428571428572 0
204 0.7806999999999999 0.06857142857142863 0
205 0.7806999999999999 0.08000000000000006 0
206 0.7806999999999999 0.0914285714285715 0
207 0.7806999999999999 0.1028571428571429 0
208 0.7806999999999999 0.1142857142857144 0
209 0.7806999999999999 0.1257142857142858 0
210 0.7806999999999999 0.1371428571428573 0
211 0.7806999999999999 0.1485714285714287 0
212 0.7806999999999999 0.1600000000000002 0
213 0.7806999999999999 0.1714285714285717 0
214 0.7806999999999999 0.1828571428571431 0
215 0.7806999999999999 0.1942857142857145 0
216 0.7806999999999999 0.205714285714286 0
217 0.7806999999999999 0.2171428571428574 0
218 0.7806999999999999 0.2285714285714288 0
219 0.7806999999999999 0.2400000000000002 0
220 0.7806999999999999 0.2514285714285716 0
221 0.7806999999999999 0.262857142857143 0
222 0.7806999999999999 0.2742857142857144 0
223 0.7806999999999999 0.2857142857142858 0
224 0.7806999999999999 0.2971428571428572 0
225 0.7806999999999999 0.3085714285714286 0
226 0.7806999999999999 0.32 0
227 0.7806999999999999 0.3314285714285714 0
228 0.7806999999999999 0.3428571428571427 0
229 0.7806999999999999 0.3542857142857141 0
230 0.7806999999999999 0.3657142857142855 0
231 0.7806999999999999 0.377142857142857 0
232 0.7806999999999999 0.3885714285714285 0
233 0.6369276936462979 0.4538763491725196 0
234 0.6299295268448116 0.4607938763845367 0
235 0.6241561315551741 0.4687622154925322 0
236 0.6197627904946201 0.4775670480086038 0
237 0.6168676680886563 0.4869715569040701 0
238 0.604567223437367 0.4961472848494929 0
239 0.5935858145843023 0.4955717735981048 0
240 0.5826044057312375 0.4949962623467166 0
241 0.5716229968781728 0.4944207510953284 0
242 0.560641588025108 0.4938452398439402 0
243 0.5496601791720432 0.4932697285925521 0
244 0.5386787703189786 0.4926942173411639 0
245 0.5276973614659138 0.4921187060897757 0
246 0.5167159526128491 0.4915431948383875 0
247 0.5057345437597843 0.4909676835869994 0
248 0.4947531349067196 0.4903921723356112 0
249 0.4837717260536549 0.4898166610842231 0
250 0.4616518426009693 0.4882399415442681 0
251 0.4506189191303074 0.4864116543310513 0
252 0.4397528741687219 0.483766450872658 0
253 0.4291141074889027 0.480319034742299 0
254 0.4187617555191849 0.4760885686759448 0
255 0.4087533626290231 0.4710985680547374 0
256 0.3991445612640485 0.4653767701928799 0
257 0.3899887627087093 0.4589549801575751 0
258 0.3813368601954087 0.4518688939780374 0
259 0.3732369460104371 0.4441579002262833 0
260 0.3584193632858009 0.4271475638511777 0
261 0.3511046824024172 0.4184302666297251 0
262 0.3437900015190336 0.4097129694082725 0
263 0.3364753206356498 0.4009956721868199 0
264 0.3291606397522662 0.3922783749653673 0
265 0.3218459588688825 0.3835610777439147 0
266 0.3145312779854988 0.3748437805224621 0
267 0.3072165971021151 0.3661264833010095 0
268 0.2999019162187315 0.357409186079557 0
269 0.2925872353353478 0.3486918888581043 0
270 0.2852725544519641 0.3399745916366518 0
271 0.2779578735685805 0.3312572944151992 0
272 0.2706431926851968 0.3225399971937466 0
273 0.2633285118018131 0.313822699972294 0
274 0.2560138309184294 0.3051054027508415 0
275 0.2486991500350458 0.2963881055293889 0
276 0.2413844691516621 0.2876708083079362 0
277 0.2340697882682784 0.2789535110864836 0
278 0.2267551073848947 0.270236213865031 0
279 0.219440426501511 0.2615189166435784 0
280 0.2121257456181273 0.2528016194221258 0
281 0.2048110647347436 0.2440843222006732 0
282 0.1974963838513599 0.2353670249792206 0
283 0.1901817029679762 0.2266497277577679 0
284 0.1828670220845925 0.2179324305363153 0
285 0.1755523412012088 0.2092151333148627 0
286 0.1682376603178251 0.2004978360934101 0
287 0.1609229794344414 0.1917805388719575 0
288 0.1536082985510577 0.1830632416505049 0
289 0.146293617667674 0.1743459444290522 0
290 0.1389789367842903 0.1656286472075996 0
291 0.1316642559009066 0.156911349986147 0
292 0.1243495750175229 0.1481940527646943 0
293 0.1170348941341392 0.1394767555432417 0
294 0.1097202132507555 0.1307594583217891 0
295 0.1024055323673718 0.1220421611003365 0
296 0.0950908514839881 0.113324863878884 0
297 0.08777617060060444 0.1046075666574313 0
298 0.08046148971722072 0.09589026943597867 0
299 0.07314680883383701 0.08717297221452608 0
300 0.06583212795045329 0.07845567499307343 0
301 0.05851744706706957 0.06973837777162079 0
302 0.05120276618368591 0.06102108055016819 0
303 0.04388808530030225 0.05230378332871566 0
304 0.03657340441691853 0.04358648610726296 0
305 0.02925872353353487 0.03486918888581042 0
306 0.0219440426501511 0.02615189166435772 0
307 0.01462936176676743 0.01743459444290513 0
308 0.007314680883383662 0.00871729722145248 0
309 0.01087839407776897 0 0
310 0.02175678815553795 0 0
311 0.03263518223330691 0 0
312 0.04351357631107589 0 0
313 0.0543919703888449 0 0
314 0.7246876556234401 0.4898058247150686 0
315 0.7153555924731543 0.4938029312459618 0
316 0.7056663540122592 0.4968332647768035 0
317 0.6957198016631073 0.4988655933983148 0
318 0.6856184488346833 0.4998789710652878 0
319 0.6654801090281606 0.499339593913028 0
320 0.6554938136806148 0.4988162343505986 0
321 0.6455075183330691 0.4982928747881692 0
322 0.6355212229855233 0.4977695152257399 0
323 0.6255349276379776 0.4972461556633105 0
324 0.6560026723788658 0.4487742852050469 0
325 0.6670429372833594 0.4493528809713878 0
326 0.6859630907431277 0.4497222271809058 0
327 0.6937121674326465 0.4482771529680943 0
328 0.7207435432902831 0.2103855053674244 0
329 0.3634387756766654 0.3406758426057821 0
330 0.5189323594088513 0.01030236960402831 0
331 0.5267867371440276 0.432186198623661 0
332 0.4496133436108974 0.009935844289705731 0
333 0.3195814622545182 0.2876404646967834 0
334 0.720802566813892 0.2685714285714285 0
335 0.5758174562166966 0.009935116167315683 0
336 0.3922487198580195 0.009935844289705731 0
337 0.2820292431015248 0.2441762117394179 0
338 0.720772412823364 0.154253957734284 0
339 0.5821078111490057 0.4341565179990097 0
340 0.4007242362432081 0.3839985326524965 0
341 0.3351262870486842 0.00998971523968345 0
342 0.2461144825679055 0.200645438456038 0
343 0.7217534342346644 0.3255912779831151 0
344 0.6217094832636751 0.009934901323537526 0
345 0.288584424977802 0.009238405507355441 0
346 0.6561862339158548 0.4344675136830677 0
347 0.7214778477252469 0.1086220159923019 0
348 0.2161902959625657 0.1646493819890977 0
349 0.4835449356948404 0.4316475895341165 0
350 0.2425673177146223 0.009965459691574474 0
351 0.1871601175336515 0.1293762646088085 0
352 0.7213172265663038 0.3714166768981927 0
353 0.4354917959162024 0.4192618012136907 0
354 0.6676044514633422 0.00993558446011189 0
355 0.2084048933849228 0.008931211502191116 0
356 0.4840321178626242 0.009935844289705675 0
357 0.3416745370792337 0.3139695687940791 0
358 0.7207765296720925 0.07381015004978192 0
359 0.6168003235578566 0.4372838072623332 0
360 0.1660581310709033 0.1023556173307503 0
361 0.6774064915124139 0.4316326442976064 0
362 0.1745279529961891 0.009782719005595908 0
363 0.1421902962182534 0.07667913310692182 0
364 0.7205207067459074 0.03991157013074914 0
365 0.7199138736643125 0.4046834081869619 0
366 0.1396108099638597 0.01056557027893062 0
367 0.3864674981624495 0.3672363961880521 0
368 0.7197262435090425 0.302072179180215 0
369 0.7207891646114465 0.3486431237717323 0
370 0.7197895730533741 0.2439628367689169 0
371 0.6905497540876254 0.009932850831291307 0
372 0.6446539490533039 0.009934764941783192 0
373 0.5987620899317495 0.009935026255093182 0
374 0.5528707923625445 0.00993550956489303 0
375 0.2660465476016877 0.009935844289705731 0
376 0.3578299456062926 0.009935844289705731 0
377 0.3121856048310701 0.009779987017552894 0
378 0.4151945693591707 0.009935844289705731 0
379 0.3049637365963982 0.2707186901021472 0
380 0.2686901879368024 0.2259251425962955 0
381 0.2017494906594105 0.1472133920293451 0
382 0.2304671000598024 0.1829414613270048 0
383 0.7210054558745103 0.1885588393916389 0
384 0.1281047293858198 0.05944698320580133 0
385 0.7208919578160774 0.1310793588751376 0
386 0.5493846165441815 0.4333707433421585 0
387 0.5041793648158096 0.4310013964445143 0
388 0.4145601026591192 0.4020119867750238 0
389 0.1136598121596579 0.04211012487216448 0
390 0.7078552308984318 0.4293294310824075 0
391 0.4624031059007795 0.4289639681674663 0
392 0.1168985258442043 0.009935844289705731 0
393 0.7130370991554613 0.009676453424774023 0
394 0.6396987068941782 0.4368190056078928 0
395 0.09864682487638277 0.02434041967638301 0
396 0.6876975305567119 0.4320869363283167 0
397 0.6830102108901935 0.4231296319755521 0
398 0.6730654924331778 0.4228931476316942 0
399 0.6782614787600091 0.4142381145408287 0
400 0.668417014654602 0.413774567482015 0
401 0.6736757913855801 0.4049195657617984 0
402 0.6626815036024545 0.405001054868318 0
403 0.6685953353416839 0.3956520783352993 0
404 0.657341582141284 0.3957667528885466 0
405 0.6631741029645657 0.3865395067436971 0
406 0.6520783518061085 0.3863412818043479 0
407 0.6583370993079936 0.3772102092928054 0
408 0.6468229354718759 0.3768313577401082 0
409 0.6531445676501335 0.3674697771777577 0
410 0.6412781116285324 0.3673410291641425 0
411 0.6476541322441889 0.3574821711164177 0
412 0.635818466917387 0.3576923071641754 0
413 0.6422754395125625 0.3477299302596351 0
414 0.6308808067133898 0.3476888630476256 0
415 0.6366911657692248 0.338106560811395 0
416 0.6255936795129557 0.3379771473155062 0
417 0.631269777069802 0.3284601035373907 0
418 0.6201249987227527 0.3285061892059821 0
419 0.6261143706286596 0.318800705660301 0
420 0.6146351356963866 0.3187376002590014 0
421 0.6207343575702392 0.3089248242198356 0
422 0.6091972233416273 0.3086540184200479 0
423 0.6150461995672298 0.2990623029222546 0
424 0.603697556980219 0.2988080845810764 0
425 0.6097815797548771 0.2892590086273787 0
426 0.5981016122216481 0.2890558103152299 0
427 0.6043425515846945 0.2793385807396753 0
428 0.5926132107107808 0.2791993396792251 0
429 0.5987347306834685 0.2693566707367143 0
430 0.5873329481046935 0.2691801376189352 0
431 0.5932749794380215 0.2594250640127787 0
432 0.5818854863383726 0.259258632003148 0
433 0.5878850261684239 0.2494691139569588 0
434 0.5764209994896481 0.2493434663190706 0
435 0.5824217578772529 0.2395483051380055 0
436 0.5709388334243775 0.2394295957380641 0
437 0.5767820721067372 0.229718216428975 0
438 0.5654108618299949 0.2295354836839334 0
439 0.5595680793789316 0.2392500386675523 0
440 0.5540702564162044 0.2294321556317486 0
441 0.559920106434124 0.2196288801890196 0
442 0.548579161060767 0.2194183542114467 0
443 0.542723594032595 0.2292521121725297 0
444 0.5372249002304736 0.2192184617545777 0
445 0.5811519909296311 0.2787392701868304 0
446 0.5313694241422877 0.2289561294384425 0
447 0.5258638775049856 0.2189958467926251 0
448 0.5317206153211658 0.2092579615838495 0
449 0.5203552604329101 0.2090525770848445 0
450 0.5144952881256315 0.218796024699308 0
451 0.5089828044018555 0.2088473263597724 0
452 0.5262158645393419 0.1993093478019825 0
453 0.5031187428309434 0.2186312948174412 0
454 0.4976044929162666 0.2086485185045639 0
455 0.4917372337320333 0.2184388616108729 0
456 0.4862201995650918 0.2084461992134244 0
457 0.4803526942221613 0.2182064039400302 0
458 0.474838520097787 0.2082411519066281 0
459 0.4858805628027276 0.2282682751209562 0
460 0.4807043830961276 0.1984725288175724 0
461 0.4693135953950113 0.1982778449338239 0
462 0.4751870635366443 0.188498141845986 0
463 0.4637855346032474 0.1883131479327047 0
464 0.4696654413298083 0.1785227550401911 0
465 0.4582608511437191 0.1783189769166435 0
466 0.4523810834440007 0.1881128904565991 0
467 0.4468542412585879 0.178114441813623 0
468 0.4641450955974905 0.1685442353320317 0
469 0.4409731981226431 0.1878948813792488 0
470 0.4354439320617998 0.1779067962987524 0
471 0.6031667435804949 0.3190727315272373 0
472 0.4295606936051111 0.1876903586510686 0
473 0.4240292424367461 0.177700783543293 0
474 0.5881859542060925 0.2299282058431159 0
475 0.4181451582778861 0.1874857273673873 0
476 0.4126113786040081 0.1774949845194762 0
477 0.4184982215197464 0.1677074560217968 0
478 0.4070767428966152 0.1675014462490133 0
479 0.4129678896542915 0.1577088351389663 0
480 0.4015407756503265 0.1575042246005403 0
481 0.4074340992051302 0.1477091633579448 0
482 0.3960036820891399 0.1475048211183596 0
483 0.3901117914652518 0.1573008561778134 0
484 0.3845729026198544 0.1472989578964787 0
485 0.3786793235048932 0.1570985419205295 0
486 0.3731392817385309 0.1470931297154245 0
487 0.4236793710638906 0.1974748097459412 0
488 0.4122601801390404 0.1972735960306971 0
489 0.4177971490040093 0.207268280079899 0
490 0.4018961621745689 0.1377092000213611 0
491 0.3672525488449856 0.1568906249422481 0
492 0.3617030121196179 0.1468891363643394 0
493 0.4063741023028554 0.2070638227143538 0
494 0.4119168147989423 0.2170648292094597 0
495 0.6106603008253216 0.2696938904418039 0
496 0.3675993011879645 0.1370852252694598 0
497 0.3561594836883311 0.1368800629194473 0
498 0.3620577219299298 0.1270744267563847 0
499 0.3506155207721718 0.1268686510288701 0
500 0.344716581396399 0.1366759712478871 0
501 0.3391719932740309 0.1266636451926674 0
502 0.6197124673383674 0.3478580068575297 0
503 0.4004874238449193 0.216856596613537 0
504 0.406029941040486 0.22685647077079 0
505 0.333271661620972 0.1364730203692814 0
506 0.3277259096412393 0.1264582270115067 0
507 0.3450738349551552 0.1168565485020036 0
508 0.6270511063214323 0.2994381174010851 0
509 0.3218250902724288 0.1362692731948398 0
510 0.3162780580487213 0.1262526262443591 0
511 0.3945986012198285 0.2266505499159033 0
512 0.400138719746161 0.2366474331081004 0
513 0.4755468427636028 0.1687470484983431 0
514 0.4700263165830437 0.1587674100466619 0
515 0.4814374208388645 0.1589744679186526 0
516 0.4759130864266075 0.1489916172405089 0
517 0.4873244626563136 0.1491972699984739 0
518 0.4817873329925643 0.1392058624894069 0
519 0.4932013190932199 0.1394116779066134 0
520 0.4876810972122296 0.1294261446800878 0
521 0.4991002347435386 0.1296298741651352 0
522 0.4935598549167032 0.1196344197913318 0
523 0.5049879340632204 0.1198417108341778 0
524 0.4821703983084797 0.1194346425222327 0
525 0.4994501907565083 0.1098431731887105 0
526 0.510875546479866 0.1100506066502643 0
527 0.516413332647285 0.1200480377705343 0
528 0.5222994631557956 0.1102586318559394 0
529 0.5278329830962003 0.1202535667440254 0
530 0.5337214137798787 0.1104674654215836 0
531 0.53925156834143 0.120460789386454 0
532 0.5451406723884173 0.1106784140128609 0
533 0.5506700893332306 0.1206692446345122 0
534 0.5565585266552429 0.1108880115572917 0
535 0.5620876930339692 0.1208760224627831 0
536 0.5679751619124942 0.1110962335339985 0
537 0.5734990990457097 0.1210813895813843 0
538 0.5793911794837837 0.1113079614751715 0
539 0.5849154639392825 0.1212903291104839 0
540 0.5908098734986172 0.1115082221695433 0
541 0.5963403454464448 0.1215020247416905 0
542 0.602229985760881 0.1117244311511069 0
543 0.6077616294008725 0.1217128399080949 0
544 0.6137266209342267 0.1119111761846028 0
545 0.6191901831504879 0.1219149786693096 0
546 0.6132939778252108 0.1317043455015159 0
547 0.6252752896972873 0.1121181607556511 0
548 0.6247654911575201 0.1318686876539844 0
549 0.6187764361027325 0.1417157276323709 0
550 0.6302934911254376 0.1418573763050396 0
551 0.608204253611633 0.1019357386517886 0
552 0.6242963651352873 0.1517047526986235 0
553 0.6358251596503973 0.1518894661628014 0
554 0.5396313101246559 0.10067857628208 0
555 0.3103899976512192 0.1360578856581079 0
556 0.3048318263468233 0.1260469806472465 0
557 0.310731773854957 0.1162340864041702 0
558 0.2992817882638571 0.1160313263317168 0
559 0.3159465717986537 0.1460474901109819 0
560 0.3051838682857631 0.1062149081136121 0
561 0.2937314513512423 0.1060116004688926 0
562 0.5053430499873158 0.1000497220948543 0
563 0.5739050505790771 0.1013159549998496 0
564 0.6298697137702383 0.1616019272059164 0
565 0.5675716948905918 0.1308961666802401 0
566 0.4115693263087397 0.2368577244378789 0
567 0.4056775838658803 0.2466432752931123 0
568 0.4171040028271737 0.2468508918212745 0
569 0.4112175975581004 0.2566389505266919 0
570 0.4226405477525114 0.2568406320163945 0
571 0.4167561585537022 0.2666317373406302 0
572 0.4281772440397779 0.2668327473394924 0
573 0.42229520567478 0.276622114797934 0
574 0.433711593550603 0.2768221315810772 0
575 0.4278305774856073 0.2866088661275183 0
576 0.4392436723266488 0.2868090696398784 0
577 0.4333646302626889 0.296592456000609 0
578 0.4447737199379353 0.2967926445515647 0
579 0.4388975081930757 0.3065721242201451 0
580 0.4503005277246552 0.3067724594572536 0
581 0.444431781903136 0.3165476758973718 0
582 0.4558350322272067 0.3167447624318614 0
583 0.4616990811177434 0.3069798706338204 0
584 0.4672218375335796 0.3169442432921197 0
585 0.4730880178944452 0.3071887716632789 0
586 0.4785972707329228 0.3171468552809467 0
587 0.4727397524463244 0.3268920667566046 0
588 0.4841051708268704 0.3270896911179713 0
589 0.484467115908954 0.3073975461012839 0
590 0.4782522074515068 0.3368289937384569 0
591 0.4896090980007737 0.3370265640344007 0
592 0.2996356122243462 0.09619338698226271 0
593 0.2881816799248987 0.09598824483937657 0
594 0.2822776317672873 0.1058082785379504 0
595 0.2767268296966674 0.09578351507903432 0
596 0.3887101747053786 0.2364482246391857 0
597 0.3831677661715551 0.2264461714125084 0
598 0.6413551196752312 0.1618860900254063 0
599 0.635316528800401 0.1715389805369732 0
600 0.6184500699258958 0.1614534342867335 0
601 0.642835302809084 0.3287527239646519 0
602 0.6419244491803817 0.1420771679624872 0
603 0.4837594231885709 0.3467719592001556 0
604 0.4951172325904856 0.3469627865262528 0
605 0.5009660986344037 0.3372268598880298 0
606 0.5064747097557429 0.3471578903334422 0
607 0.5123187049670764 0.3374299421445595 0
608 0.5178218685617555 0.3473523166063764 0
609 0.5236638339666211 0.3376324945626863 0
610 0.529159810014439 0.3475455471404753 0
611 0.6352396229058523 0.3774161480829075 0
612 0.2989459065590115 0.1358415751460168 0
613 0.4723386525439869 0.3466261746037744 0
614 0.27082219483569 0.1056014834757735 0
615 0.2652711661907273 0.09557827970425042 0
616 0.4053352576870942 0.2664483001845174 0
617 0.6467967704943411 0.171848533528578 0
618 0.6407876893817046 0.1815273352352423 0
619 0.3772753774287552 0.2362445020501558 0
620 0.371732648709413 0.2262389243299611 0
621 0.2940860521461849 0.08617008384468372 0
622 0.3055417069802431 0.08637559190261745 0
623 0.5233224504003892 0.3572663273312262 0
624 0.5346543767578702 0.3574569384441845 0
625 0.4892823002807231 0.3567121558873268 0
626 0.6522922006873035 0.1818086901034931 0
627 0.6464118048055288 0.1915692706304695 0
628 0.534997364178368 0.3378304181717806 0
629 0.5295065035668913 0.3279226346624664 0
630 0.4219541617325345 0.2964035905914424 0
631 0.4133291113243773 0.1379141203001747 0
632 0.4077902377544591 0.127911811375106 0
633 0.259366115704896 0.1053974065942317 0
634 0.2538141502708407 0.09537413572313186 0
635 0.2597201789750059 0.08555343327150272 0
636 0.2482617734426833 0.08534927888499744 0
637 0.4789574260552275 0.2974408374667777 0
638 0.4903328316073863 0.2976476529386944 0
639 0.5333659159666184 0.1302438428419368 0
640 0.3658398175666007 0.2360444959951686 0
641 0.3602952428318182 0.2260346898325631 0
642 0.2999913891527953 0.07635088079012531 0
643 0.3114494077783491 0.0765565882897653 0
644 0.6599784854386451 0.358008463280686 0
645 0.6578220764519049 0.191789440481397 0
646 0.6519522017002438 0.2015557975631234 0
647 0.2541686771966399 0.07552917800808301 0
648 0.2427096092212311 0.07532270058207075 0
649 0.2368026108585566 0.08514518268133597 0
650 0.2312499235848242 0.07511829423622052 0
651 0.5408319247756455 0.3281276716798126 0
652 0.5353499622713629 0.3182197040723294 0
653 0.4192248527762348 0.1281172857285814 0
654 0.4136853679165535 0.1181119847707915 0
655 0.6582990717548065 0.1720847976765669 0
656 0.5288204274822608 0.3671744313336114 0
657 0.5401471572973282 0.367368984154625 0
658 0.4251201186536552 0.1183184735521311 0
659 0.4195816042118124 0.1083102126735434 0
660 0.4081434464356795 0.1081042186492989 0
661 0.4140411826420514 0.09829975374340599 0
662 0.4254818121950109 0.09850654382209845 0
663 0.4025995895454295 0.09809384955997297 0
664 0.4199412535612814 0.08849417354912414 0
665 0.431385728669574 0.08870098537544946 0
666 0.4258424934576131 0.07868567227100054 0
667 0.4372897344817021 0.0788928450383844 0
668 0.4317463481243942 0.06887581668252651 0
669 0.4431934131734583 0.06908444014125581 0
670 0.4203044377264028 0.06866706458800154 0
671 0.6349034054154649 0.1912901625219735 0
672 0.225343064830435 0.08494077909197512 0
673 0.2197897070196571 0.07491388709976582 0
674 0.6634233184281703 0.201780784102971 0
675 0.6574871249834752 0.2115285313717877 0
676 0.4395924473738675 0.2670368190082887 0
677 0.3544001771895676 0.2358416964870854 0
678 0.348855678053813 0.2258327322057961 0
679 0.3599460766960869 0.2458514641454947 0
680 0.3547529247174235 0.216024133322239 0
681 0.3433117082223408 0.2158218612327123 0
682 0.4848261892127261 0.2876944752516858 0
683 0.4961933790051925 0.2879062315728265 0
684 0.4689677805381547 0.2180316770486559 0
685 0.2256970290284398 0.06509048739916162 0
686 0.2142354236180138 0.06488590092216695 0
687 0.4987628182127578 0.1494031109200198 0
688 0.2649176508921095 0.1154212506377729 0
689 0.253461507826451 0.1152167723938366 0
690 0.2590126941591318 0.1252400895333268 0
691 0.3374138187420478 0.2256291368853947 0
692 0.3318685018446695 0.2156180929708897 0
693 0.337767552937509 0.2058092785214864 0
694 0.3263232906004678 0.2056054527910307 0
695 0.6689328102914276 0.2118331380755801 0
696 0.6629860543649136 0.2214874918861042 0
697 0.6516122753136033 0.2212810234873391 0
698 0.6571157218514917 0.2312310207945959 0
699 0.3058985692880293 0.06653062468153648 0
700 0.3173573687148547 0.06673660656372787 0
701 0.5341899606673104 0.3770908880698647 0
702 0.5456201586805489 0.3772201073278477 0
703 0.5514719466473996 0.3675650009832714 0
704 0.556957190647047 0.3774223893648642 0
705 0.5627803999041606 0.3677680814323213 0
706 0.5682555337110903 0.3775895452327139 0
707 0.5227209776652402 0.376796280665694 0
708 0.6684609292862571 0.2314531347981879 0
709 0.6626160621397157 0.2411803236400913 0
710 0.5466693243741828 0.3184247602188417 0
711 0.541188066456698 0.3085173877543508 0
712 0.6457476258823389 0.2310206933581626 0
713 0.4487377808579648 0.07910122362727778 0
714 0.4546415825720232 0.06929323181848723 0
715 0.3727899290284075 0.1668949167618439 0
716 0.332222778893082 0.1957963717053637 0
717 0.3207770324034148 0.1955911818827155 0
718 0.2138824349695484 0.08473626569301818 0
719 0.219436193132806 0.0947629858123849 0
720 0.6749368901019268 0.3868861247661213 0
721 0.314876957410515 0.2054018494979989 0
722 0.3093300881672759 0.1953862312635772 0
723 0.4376619266944202 0.0590616430792601 0
724 0.5740661759201214 0.3679817968131729 0
725 0.579527416454061 0.3778504366476894 0
726 0.2475568944525186 0.12503582482679 0
727 0.2531081632540227 0.1350590655911208 0
728 0.4906928865849104 0.2779506207485712 0
729 0.5020515789415683 0.2781738473512299 0
730 0.6739802931988518 0.2413897344492619 0
731 0.6681145920021903 0.2511199027764709 0
732 0.5685965092709357 0.3581076128143173 0
733 0.6074065054339399 0.1414873169259261 0
734 0.6567509384242309 0.2509057633311408 0
735 0.662256593867754 0.2608471383680896 0
736 0.6736046512321573 0.2610553854269241 0
737 0.6677470986169809 0.2707784578871253 0
738 0.4285306581988358 0.2470662725461971 0
739 0.6457181139448159 0.39677018510687 0
740 0.2486153666502736 0.06550401498653624 0
741 0.3229078800608975 0.07676283230004283 0
742 0.3288157152008333 0.06694359812999467 0
743 0.334365774958148 0.07696896093926264 0
744 0.340273489466745 0.06715022373634605 0
745 0.3458232436654705 0.07717490718496323 0
746 0.3517305913850949 0.06735734558044215 0
747 0.4330246788176595 0.3163488254425749 0
748 0.4385531369792302 0.3263226534108958 0
749 0.427150873411767 0.3261248428541874 0
750 0.4326823137329187 0.3360997450758058 0
751 0.5086389821696367 0.2287060952594717 0
752 0.536874541237794 0.2389256952730394 0
753 0.5705565173049817 0.2590657925163808 0
754 0.2944391948579988 0.06632511454945766 0
755 0.5375864420530765 0.1995130243714215 0
756 0.5320791784823747 0.1895627716801924 0
757 0.5434548677162621 0.1897693414365725 0
758 0.5379445747905588 0.1798136844132219 0
759 0.549325080951296 0.1800206925603889 0
760 0.4413280427479652 0.1681244412215618 0
761 0.5207225542976074 0.1893674213080563 0
762 0.5994629326839506 0.2496798977807557 0
763 0.3949492590239491 0.2068593150741382 0
764 0.6694720128649657 0.1920529075649799 0
765 0.4645279554180053 0.1487751335964261 0
766 0.5826134976499904 0.2200154039212893 0
767 0.5941786085608096 0.2202620671526576 0
768 0.588482749647966 0.2102999621109606 0
769 0.5920609486354615 0.2992215234912317 0
770 0.573603043201278 0.3874073630048445 0
771 0.5849580977214273 0.3876412598632918 0
772 0.348503834039911 0.2456489868248284 0
773 0.3540502557213266 0.255659076877255 0
774 0.3572585813863302 0.07741249256638927 0
775 0.3631600520251786 0.06759639725877753 0
776 0.4369235702433233 0.09871552949934881 0
777 0.3558279872421491 0.1566723938380569 0
778 0.4939117295783017 0.09984297817578996 0
779 0.4998073901303463 0.09004455670686762 0
780 0.3461902552888907 0.05733036624068766 0
781 0.3232692171721692 0.05691631346854426 0
782 0.3003475741149969 0.05650310794592517 0
783 0.2888855541781826 0.0562978862663937 0
784 0.5394106375938332 0.3868944870750779 0
785 0.4212748949737136 0.335906134684313 0
786 0.4268167105628051 0.3458785629008307 0
787 0.4157383488072864 0.3259221742312831 0
788 0.2201438894279611 0.05506122872007096 0
789 0.2086806240653878 0.0548570205814789 0
790 0.2027725232546591 0.06468189948502023 0
791 0.1972175455507738 0.05465305481199534 0
792 0.1913092651014798 0.06447788561553025 0
793 0.1857544853788911 0.05444938755684187 0
794 0.6790564842972205 0.271004865998686 0
795 0.6732355850462682 0.2807023276856813 0
796 0.3259699223842636 0.2254273013091828 0
797 0.6798267821037757 0.2317010749778942 0
798 0.2079760877145557 0.09455870336858946 0
799 0.5907434605019234 0.3780605206317263 0
800 0.5961599763077579 0.3878390030400182 0
801 0.2135314338252642 0.1045846647237967 0
802 0.6509010592865632 0.2606401849152582 0
803 0.5798715139441621 0.3583267818998405 0
804 0.5744119897650332 0.348455090479054 0
805 0.4965571351428338 0.2682077495549017 0
806 0.4851868371097919 0.2679818656500555 0
807 0.507920773209354 0.2684290048237685 0
808 0.684528456066019 0.280928317566244 0
809 0.6787064306355318 0.2906249336955674 0
810 0.6673938169208757 0.2904097597719315 0
811 0.672865997847395 0.300311008321908 0
812 0.5525054362229909 0.3087232388322651 0
813 0.5470458970862921 0.2987722754877716 0
814 0.5438122312188771 0.1700602026470223 0
815 0.5551947869820066 0.1702678884188939 0
816 0.3654927500892374 0.2558611709426367 0
817 0.3595973432711929 0.2656692251066202 0
818 0.429224152779711 0.2075025181737594 0
819 0.5607068429809652 0.180229401209956 0
820 0.5665780559320502 0.1704764538546902 0
821 0.3436666893406658 0.1960006742935884 0
822 0.3266776176825055 0.18578163642009 0
823 0.6837458170881946 0.4054250189646662 0
824 0.3034290521503862 0.2051984231329613 0
825 0.2978815986791342 0.1951814195710775 0
826 0.3037833048048265 0.1853687053314495 0
827 0.2923340149069606 0.1851635355185028 0
828 0.4098583911596844 0.3357106847481794 0
829 0.4043302008891441 0.3257255982872352 0
830 0.1916626642366174 0.04462333065787627 0
831 0.1801986593031789 0.04441980172789217 0
832 0.3426065494709953 0.255457538754248 0
833 0.2416523689365176 0.1348548568929328 0
834 0.2472037169552635 0.1448777260344755 0
835 0.2586591060559955 0.1450818983314839 0
836 0.599914425350656 0.2105528548521995 0
837 0.5943209090525223 0.2005702029635633 0
838 0.6052860531251252 0.2204429738628193 0
839 0.5357034430457538 0.2986004641768604 0
840 0.5415918749894022 0.2887938657764698 0
841 0.5240210989295504 0.3180119307483728 0
842 0.4869968210614479 0.1689540693003372 0
843 0.3967071376822858 0.1078981272455876 0
844 0.430658559304839 0.1283236861341054 0
845 0.5324373659061203 0.169860466234455 0
846 0.3911602782426365 0.09788534601334775 0
847 0.6841820459949748 0.3005318028242011 0
848 0.6783389168697658 0.3102111478300054 0
849 0.4883886723018331 0.08984955769543812 0
850 0.4942693508482737 0.08003826212718468 0
851 0.5057071577352042 0.0802437750074938 0
852 0.5001647850714035 0.0702321548690687 0
853 0.5116063397417929 0.07043932093915051 0
854 0.5060638848204688 0.06042449932320754 0
855 0.5175090424368193 0.06063211961714382 0
856 0.4946183549689387 0.06021765131275048 0
857 0.5005199697313523 0.05040581528237187 0
858 0.4890697126139777 0.05019995914038033 0
859 0.5904322322433364 0.3974110401536108 0
860 0.6015928123813691 0.3975907835043486 0
861 0.1798472090799463 0.06427466398285758 0
862 0.6845241215424924 0.261516495256498 0
863 0.2527549869157091 0.1549000514171361 0
864 0.2642099918427371 0.1551039324584654 0
865 0.2866327182229301 0.194951844097993 0
866 0.2587747699745085 0.1646362640327454 0
867 0.5579939651256008 0.3186695999259642 0
868 0.2947955424728599 0.04647378666472668 0
869 0.2833313266678044 0.04626868415700891 0
870 0.6018830998380379 0.3782931591557971 0
871 0.6615610971506896 0.300092356181803 0
872 0.6560983788024746 0.2902076707417477 0
873 0.4382014034797094 0.3460722659128729 0
874 0.4323530324418631 0.3558326765187245 0
875 0.4436835652585385 0.3560172127111156 0
876 0.43787831661758 0.3657222382050539 0
877 0.4491484943877352 0.3659032356560313 0
878 0.4433924444936737 0.3755555986477224 0
879 0.4545729589965729 0.3757123627513518 0
880 0.4488526870701702 0.3853270464106324 0
881 0.4600011320003236 0.3854721807760886 0
882 0.4209771521873383 0.3556418932155777 0
883 0.6402432023698467 0.2210792038574134 0
884 0.6343844847712606 0.23081403174492 0
885 0.4506532498469407 0.2870146789686343 0
886 0.1854021769959744 0.07430210585731262 0
887 0.3710389780805938 0.2658701400593685 0
888 0.3651445360274376 0.275678600539234 0
889 0.3765848937251963 0.2758782533097905 0
890 0.3706911046787894 0.2856867875492746 0
891 0.382130430462526 0.285887154341993 0
892 0.3762370846690822 0.2956944005606912 0
893 0.3166402131995019 0.106420154574416 0
894 0.5230494806193691 0.07064824325442287 0
895 0.5289545791535959 0.06084111264982184 0
896 0.523414207170817 0.05084171467045273 0
897 0.5348611317209859 0.05105505492437812 0
898 0.5404031614678682 0.06105512822745862 0
899 0.5463098673808652 0.05124684985403422 0
900 0.5518516541571851 0.06126242446078733 0
901 0.5577577963186333 0.05145410041862475 0
902 0.5632990938660045 0.06147261086612649 0
903 0.5692050754952371 0.05166425190455581 0
904 0.5747445432938445 0.0616847697107451 0
905 0.5806518889107595 0.05187522240441667 0
906 0.5861911696908495 0.06189576448645673 0
907 0.592098655375779 0.05208600981333983 0
908 0.5976382780922928 0.06210967665852318 0
909 0.6035459074536208 0.05229679714750513 0
910 0.6090823865008872 0.06233062354351626 0
911 0.614992052534045 0.05250984769277245 0
912 0.6205337246945197 0.06252624165039355 0
913 0.6264393663428656 0.05271858682346031 0
914 0.6319825801938206 0.06273508236633091 0
915 0.6378861502102162 0.05292893905636842 0
916 0.6434290751437586 0.06294496392588422 0
917 0.6493319451598816 0.05313979442089029 0
918 0.6548718617104453 0.06315686809709919 0
919 0.6604805645249265 0.05351446540267413 0
920 0.6660075889946034 0.06353706834546974 0
921 0.6603603802693365 0.07319827453943406 0
922 0.6715333700452392 0.07355627435230017 0
923 0.6658891134917713 0.08321381804145916 0
924 0.6722605925313818 0.05352573965435192 0
925 0.6773223312486403 0.08342555788944206 0
926 0.6714661306668366 0.0931984487362259 0
927 0.6545101459800211 0.08297498967565808 0
928 0.6829037230306262 0.09340542717153655 0
929 0.6770135040863906 0.1031954052071041 0
930 0.6655865828142036 0.1029843154445781 0
931 0.6711231739810909 0.1129856195532182 0
932 0.6825492625343991 0.11319547125737 0
933 0.6766564565944654 0.1229853890078151 0
934 0.683240419092582 0.07219009834862644 0
935 0.6260746659567334 0.07254243693659201 0
936 0.659698813395958 0.112776543206321 0
937 0.4011910684933567 0.1772904106788281 0
938 0.3970566377959894 0.08807826078033554 0
939 0.5856640752938821 0.3486892572321633 0
940 0.5802157259830034 0.3388111316499213 0
941 0.549703442952603 0.160300727675118 0
942 0.55739306798483 0.07127766571014815 0
943 0.2982365491580024 0.1753499444320296 0
944 0.5917221776692948 0.07192373171324584 0
945 0.3876756823386578 0.2958801808249005 0
946 0.3817833841309251 0.3056845070836676 0
947 0.3539199066667915 0.2753572091697319 0
948 0.3984455680117512 0.3355212409148225 0
949 0.6551292403387434 0.04447872510508444 0
950 0.2145890484417672 0.04503152078942696 0
951 0.2260535703035508 0.04523587799456597 0
952 0.6324031394113485 0.04317572557197857 0
953 0.6095041500121965 0.04277271415865597 0
954 0.6896514093115834 0.310432324513188 0
955 0.6838046632846363 0.3201073997216737 0
956 0.5866065617094656 0.04237022173059707 0
957 0.4542735710380378 0.3950340235428466 0
958 0.4654447121464413 0.395243033188596 0
959 0.4712124442562413 0.3856257857421983 0
960 0.476663682654636 0.3954448317652796 0
961 0.4824749779925647 0.3858295355457264 0
962 0.4879546388001779 0.3956485284795196 0
963 0.5407685438070936 0.04122045915448336 0
964 0.6880804218206598 0.1231949327741645 0
965 0.6821855623528243 0.132982799601456 0
966 0.5636642392632418 0.04164358917313066 0
967 0.4321599369724138 0.3753758047097288 0
968 0.4949740315679936 0.04038430513471825 0
969 0.4835192806332146 0.04017762102030409 0
970 0.5958840153169271 0.4069421426891724 0
971 0.5844243473065415 0.4068108484840426 0
972 0.6069722061037814 0.4071820889907843 0
973 0.6126270775522988 0.3977808875221379 0
974 0.6179891995524275 0.4073319549654095 0
975 0.1739391590741836 0.07409815968716982 0
976 0.1683812608526147 0.06407008304123912 0
977 0.6725192669344606 0.3198843404761635 0
978 0.6779090198194074 0.3297518683774097 0
979 0.689231912400539 0.3299787864848001 0
980 0.6832676137108695 0.3395603448544509 0
981 0.2024118687055378 0.1041923593803913 0
982 0.5583244673254655 0.2988652848082072 0
983 0.6057549030626577 0.2008228316418039 0
984 0.600174020906464 0.1908304465426831 0
985 0.207607480817649 0.1144875402942841 0
986 0.4938951761221928 0.3861233520922068 0
987 0.4992703821922768 0.3958665322292534 0
988 0.5024264155970453 0.2584290503227178 0
989 0.5137951820912285 0.2586728628528188 0
990 0.670764896846357 0.1327733455422487 0
991 0.6762928450418231 0.1427686293395216 0
992 0.6877127436972 0.1429784781793598 0
993 0.6818211105346904 0.152764224295036 0
994 0.5631169517544994 0.3482018485635134 0
995 0.5192742141349482 0.2686679499471957 0
996 0.5016985330986388 0.2978751892100755 0
997 0.3513488071388478 0.08723040660717662 0
998 0.2701278522100964 0.1452468182235171 0
999 0.2361008893443963 0.1248324909995565 0
1000 0.2301962113371114 0.1346511735595 0
1001 0.265624741577053 0.07573618062774651 0
1002 0.3734964508939624 0.1272814344916977 0
1003 0.3679570308485789 0.1172710596508372 0
1004 0.5829422200924119 0.2003625870807836 0
1005 0.3856100580425583 0.08787235899763923 0
1006 0.3915110046134981 0.07806050678687204 0
1007 0.28678619647222 0.1751448921489773 0
1008 0.292689168384449 0.1653307757287467 0
1009 0.4601632581293696 0.07932126705877129 0
1010 0.4660535347730474 0.06952944955238283 0
1011 0.460536337746576 0.05949051317788445 0
1012 0.3703421440711996 0.3054986093058916 0
1013 0.6013061544970699 0.4167896287535599 0
1014 0.4431968377893251 0.3948742266437923 0
1015 0.6929532610754887 0.1531288146074253 0
1016 0.68730054559392 0.1627841847754602 0
1017 0.2204986000784171 0.03520457697066859 0
1018 0.231963913898082 0.03540922586536721 0
1019 0.4934338288373772 0.4055414675969491 0
1020 0.5047590361207472 0.4057453214591045 0
1021 0.375889761952385 0.3154897495588649 0
1022 0.1860962144264975 0.03521519860757727 0
1023 0.1746421463571709 0.03438902474311051 0
1024 0.6999352631109262 0.164028594060812 0
1025 0.6928737005333072 0.1727503865761535 0
1026 0.6942173844704939 0.3395757258991222 0
1027 0.6886885248587138 0.3493559843952727 0
1028 0.6939767234850474 0.1134058082305199 0
1029 0.6595573371779047 0.4150820458439462 0
1030 0.695510589897406 0.3007410063137279 0
1031 0.2412996098207008 0.1546965486778603 0
1032 0.4708361936661598 0.4050367992857982 0
1033 0.2892335369326012 0.03689106152913424 0
1034 0.3007052636893699 0.03672339907663102 0
1035 0.2777676498195266 0.03676050402776787 0
1036 0.2718653450367816 0.04615121150863072 0
1037 0.266313954195867 0.0361368593664978 0
1038 0.666663046278223 0.3294258245292107 0
1039 0.1794949353057792 0.08412506563312522 0
1040 0.5914698890121444 0.3390035483603412 0
1041 0.6502795576612627 0.2998850333563948 0
1042 0.6448103318284135 0.2900115277454707 0
1043 0.2264084778484381 0.02537644196427224 0
1044 0.5860187089684483 0.3291579967598107 0
1045 0.6236210076271301 0.3979818426538859 0
1046 0.6289076337592517 0.4075555307277426 0
1047 0.6288164615704013 0.2208353090410553 0
1048 0.6230204391588262 0.2306043875251798 0
1049 0.6285319807080716 0.2405466799215333 0
1050 0.7009850165767281 0.3106634295844353 0
1051 0.5968910236231971 0.3489248481138724 0
1052 0.6116723753476215 0.1910292815557681 0
1053 0.6062151765794979 0.1810373513991132 0
1054 0.5946405613672276 0.1808692792798819 0
1055 0.6006930575180069 0.1711162594944251 0
1056 0.7002860985542457 0.143030913419915 0
1057 0.5251542727580398 0.258803761503132 0
1058 0.6648742080347446 0.1425581038633673 0
1059 0.4603773785801423 0.3661191941362674 0
1060 0.6174739151102709 0.2009719448748749 0
1061 0.5302177039040331 0.288672987922745 0
1062 0.5306565264152803 0.2688267363219011 0
1063 0.536511872191201 0.2589943657104684 0
1064 0.5420066991417739 0.2690313993785234 0
1065 0.5196602981987444 0.2488902728763155 0
1066 0.6557500024237524 0.3097659113710565 0
1067 0.3644507871449947 0.3153101737611778 0
1068 0.4495708048307236 0.3462732908668854 0
1069 0.6814515749413499 0.1725446099896656 0
1070 0.6869827349554392 0.1825286603884528 0
1071 0.6182979600664607 0.3883650232138038 0
1072 0.4039831350147352 0.3453293619788683 0
1073 0.3927712061222567 0.3451586675958351 0
1074 0.3935681474156461 0.2860901836066798 0
1075 0.5903862669284661 0.131303608910567 0
1076 0.4542807889830988 0.08911820567732981 0
1077 0.5105854695586536 0.3960960159988691 0
1078 0.5160818414689223 0.4059453342435931 0
1079 0.4734498169473651 0.2874839768388764 0
1080 0.5068245977237955 0.3274976403752028 0
1081 0.6593461135909453 0.1325650728299313 0
1082 0.3284584332278393 0.08678736759238614 0
1083 0.6541636179674186 0.1027749192691183 0
1084 0.6482944899033944 0.11255866906559 0
1085 0.6427424203644339 0.1025657928876591 0
1086 0.3769331683522697 0.2560634542251909 0
1087 0.2704683279149803 0.1254457897741965 0
1088 0.399111424610044 0.2960866097967318 0
1089 0.1687339388854229 0.04421615296586423 0
1090 0.163166009527474 0.03482793114425681 0
1091 0.1572672011000008 0.04411931326568508 0
1092 0.1517220624585128 0.03347896380844395 0
1093 0.1589750365279082 0.02489344799312199 0
1094 0.4866036235050933 0.1887066137161791 0
1095 0.4465127657372067 0.1979342586291861 0
1096 0.309685806869172 0.1755562689738842 0
1097 0.4365536175387774 0.1185265248473438 0
1098 0.4420902001632316 0.128530173102283 0
1099 0.4479849070048635 0.1187348919741021 0
1100 0.4361957681664264 0.1383255466118944 0
1101 0.4535205531590966 0.1287358073736624 0
1102 0.3388300867589047 0.1464672346862122 0
1103 0.2249923643632131 0.1047883487902022 0
1104 0.1975591681705995 0.03548404030639285 0
1105 0.1919369482900061 0.02514071228235315 0
1106 0.2375140150460148 0.0454428605862387 0
1107 0.3089769979413948 0.2152152103536062 0
1108 0.2975273838863413 0.2150115783842088 0
1109 0.303075317206278 0.2250264662326566 0
1110 0.4243987072134616 0.1579129220413097 0
1111 0.5489577955246792 0.1997202603540674 0
1112 0.3776272202080652 0.2164318666757324 0
1113 0.3370599977516051 0.2454463060647907 0
1114 0.3313055954315481 0.2551757536350454 0
1115 0.3379073016768337 0.2651044631251414 0
1116 0.482528849934941 0.09965233741641905 0
1117 0.3256388931687109 0.2452299076446438 0
1118 0.5064283995914045 0.04059166957317406 0
1119 0.5008805673419867 0.03056527194850173 0
1120 0.5123388476866884 0.03077333915334968 0
1121 0.3963597767015287 0.1277055947426356 0
1122 0.6853568741905686 0.2416056790533054 0
1123 0.6912295899804165 0.2319008612539718 0
1124 0.6968038223394729 0.2411221897637761 0
1125 0.7026280704291601 0.231999650160797 0
1126 0.6970977586496391 0.2221770267803483 0
1127 0.5034750427546807 0.1988978542569822 0
1128 0.2604135248237434 0.04589513659139893 0
1129 0.5243816002339561 0.2983921522554134 0
1130 0.2434118405586275 0.0361271537509722 0
1131 0.379721486481977 0.09768018047037885 0
1132 0.5478577229695101 0.2592917516004637 0
1133 0.5533487196372835 0.2692358806243272 0
1134 0.4102082354146632 0.3159466238380531 0
1135 0.4594038782774462 0.1189481441762407 0
1136 0.3870621100264531 0.3353237107691661 0
1137 0.5720541905147573 0.180462100010473 0
1138 0.5779194700930265 0.1707149061092783 0
1139 0.572443403471337 0.1607242321469682 0
1140 0.5838022292976801 0.1609411573634095 0
1141 0.5783406379961464 0.1509739650644842 0
1142 0.5670253383500513 0.1507577713682612 0
1143 0.5661767319632143 0.1902119918842356 0
1144 0.145806627796993 0.04374265751005757 0
1145 0.1402625723076619 0.03305623371723532 0
1146 0.1513606646685689 0.05384404952331912 0
1147 0.4771021736889741 0.376077108196543 0
1148 0.6980090442440026 0.1829554266528757 0
1149 0.6924425219706244 0.1925559946768983 0
1150 0.6991577775739324 0.1231965055350641 0
1151 0.3588978002076423 0.3052983482871472 0
1152 0.168587594057707 0.08361421693265508 0
1153 0.6237678658592857 0.4172932400542802 0
1154 0.6341194884036666 0.4170445935826428 0
1155 0.700865112701515 0.34918955759781 0
1156 0.6940597277412602 0.3592600817677662 0
1157 0.6830664937012245 0.3590438899604056 0
1158 0.6884860006830962 0.3688220102619648 0
1159 0.699473885222082 0.3687826653362583 0
1160 0.6938490358713011 0.3784843278018067 0
1161 0.2916451286645082 0.2246619865622129 0
1162 0.2858844953864693 0.2146709984942609 0
1163 0.4487780474436682 0.4044142350990232 0
1164 0.6768950250238204 0.3685916197721295 0
1165 0.3187254139882422 0.2565844413945474 0
1166 0.3143786098972305 0.2450883974217125 0
1167 0.6999609498713245 0.3300504358538402 0
1168 0.6441936764241332 0.3095706148108034 0
1169 0.6028588889012068 0.3389923860174648 0
1170 0.6171849049341701 0.240339417495593 0
1171 0.6226462104300071 0.2503079367000459 0
1172 0.7046141637890325 0.3777943697071288 0
1173 0.6991803107213855 0.3880458789621113 0
1174 0.6176381336975427 0.1811705094445023 0
1175 0.5219074203674799 0.3962921706469559 0
1176 0.5274051914520563 0.4061384882741188 0
1177 0.589781603933506 0.1511653474056653 0
1178 0.7110901120301257 0.3879983788251037 0
1179 0.7043268773992226 0.3978171993336813 0
1180 0.59650386175617 0.3684915277937676 0
1181 0.6074903323219276 0.3688457414932101 0
1182 0.5747662159522402 0.3289120108862787 0
1183 0.5805677091930086 0.3193034671140753 0
1184 0.5463163992937374 0.3380273890525194 0
1185 0.6506194695450875 0.2803146713838151 0
1186 0.63932979537 0.2801330376958504 0
1187 0.6340130614740103 0.2504743234228954 0
1188 0.6281919771162817 0.2602580315365901 0
1189 0.6346462363347377 0.2110704636019925 0
1190 0.5188888358336116 0.2884268074156694 0
1191 0.405000960537597 0.2862944681500814 0
1192 0.4538800820161938 0.1089396188146511 0
1193 0.1965709219014836 0.09432340707708281 0
1194 0.1906731996179007 0.1057867934188525 0
1195 0.2246446270825748 0.1246281360322454 0
1196 0.2187397347048212 0.1344472978825404 0
1197 0.2245245121230049 0.1443416020474845 0
1198 0.2659578392396252 0.05589061177582139 0
1199 0.2829798422608228 0.06612090226461492 0
1200 0.4029587864201304 0.07826813656435017 0
1201 0.3974125334402865 0.06824765977960312 0
1202 0.3859730009982817 0.06804731397085112 0
1203 0.3918680173544042 0.05822516227113361 0
1204 0.4033217639039228 0.05843144124159422 0
1205 0.3977733277143782 0.04840654785902093 0
1206 0.3863157740812211 0.04819966600945735 0
1207 0.4092301721267891 0.04861249013547325 0
1208 0.4036808523274666 0.03858544413589593 0
1209 0.4151412072351123 0.03879270186035177 0
1210 0.4095859909438329 0.02898389705337279 0
1211 0.4210479024232854 0.02922831293665068 0
1212 0.4266004792949151 0.03904256268171702 0
1213 0.4325107779165484 0.02941169082519224 0
1214 0.4380626182085176 0.039253527295533 0
1215 0.4439751936219762 0.02953053512842058 0
1216 0.449524462694608 0.03944666545490905 0
1217 0.4554358421497391 0.02978846799304713 0
1218 0.4609183492351757 0.03972653155473221 0
1219 0.4669016550741262 0.02980359255571319 0
1220 0.398141051308436 0.02886271447697641 0
1221 0.3793908516050548 0.1174877804959448 0
1222 0.4649146757885491 0.1289800886910892 0
1223 0.3741611457606918 0.0876682712895902 0
1224 0.3682787122383298 0.09748331323152987 0
1225 0.3987881701115306 0.3157945292620726 0
1226 0.2812464982442564 0.1651322898906893 0
1227 0.2871447372746174 0.1553337250822827 0
1228 0.2753862929303504 0.1745936650678118 0
1229 0.2986025200583716 0.1555734996271659 0
1230 0.4656734751883124 0.0893638743662038 0
1231 0.4828895526611464 0.07984961793425882 0
1232 0.4652931598351781 0.109164971411421 0
1233 0.4832151461204066 0.06001666293370456 0
1234 0.3821336130522465 0.3462003902079221 0
1235 0.2976731221786203 0.2340694455446434 0
1236 0.7034918081567427 0.192968761210046 0
1237 0.697925255985256 0.202537023052518 0
1238 0.6866176899450513 0.2022972934650762 0
1239 0.6924073467418778 0.4239876074583233 0
1240 0.2938280701554852 0.02634219411285682 0
1241 0.3063899935575534 0.02718827395176016 0
1242 0.3121330146541187 0.03692810159199739 0
1243 0.3180325328269 0.02750104144483162 0
1244 0.3236222030415244 0.03715225247842097 0
1245 0.3295325428100356 0.02769002988131969 0
1246 0.3350972400934419 0.0373583585541023 0
1247 0.3410055931174721 0.02789361636292143 0
1248 0.3465661298621008 0.03756405713384259 0
1249 0.3524735969527912 0.02806149720867313 0
1250 0.3580341311809864 0.03776451801388325 0
1251 0.3639396476708524 0.02826063840491222 0
1252 0.3694644596030524 0.03801332796897028 0
1253 0.3753814349472169 0.02815877689103302 0
1254 0.3635398178879988 0.04777706485476341 0
1255 0.134542425905852 0.04269239519926066 0
1256 0.1290351648934051 0.03286735995907708 0
1257 0.3992353414782147 0.3546226684774307 0
1258 0.6301466458548142 0.4266575207315438 0
1259 0.2739191744101602 0.02748907011055057 0
1260 0.2607601494356682 0.026025862530479 0
1261 0.5215857496129358 0.4153967769420814 0
1262 0.5329104506905749 0.4155117359946815 0
1263 0.5387285360753368 0.406289496527505 0
1264 0.5442301597917536 0.4157579458046809 0
1265 0.5500470380493468 0.4064863604962873 0
1266 0.5555453138022679 0.4159565028339872 0
1267 0.5613592005588027 0.4066268750222742 0
1268 0.5668450632038877 0.4165051346463988 0
1269 0.5561212921889888 0.3968248152759388 0
1270 0.2137020783545642 0.02520479907367101 0
1271 0.5051092961466528 0.02061094846711431 0
1272 0.4989376175021976 0.4149301991107734 0
1273 0.4875527280636393 0.4145619222756097 0
1274 0.3071250077432908 0.2532118912422913 0
1275 0.4382097451182814 0.4037845529337586 0
1276 0.432350315154106 0.3945933160523992 0
1277 0.7082596267667377 0.2226249246276082 0
1278 0.3701546133015954 0.3247529409713338 0
1279 0.4613514006937675 0.01977200009856478 0
1280 0.7048824202069741 0.113546975403042 0
1281 0.699292760011837 0.1036970247167439 0
1282 0.4269645001080768 0.01914577654563715 0
1283 0.3595467673386542 0.3241940671238024 0
1284 0.3698585113767026 0.01802888893840682 0
1285 0.4945290149080698 0.0204533439470197 0
1286 0.7138729736687925 0.2326631668569797 0
1287 0.6876635419622515 0.3876006503095476 0
1288 0.6397777103276451 0.4070995732274602 0
1289 0.09397878274501681 0.009578798619199358 0
1290 0.4728155239031586 0.01998037034541578 0
1291 0.4039877109746672 0.0185613141373871 0
1292 0.1345237781579161 0.02263100851623795 0
1293 0.1231171355353238 0.02232615510758018 0
1294 0.5610296991845549 0.4262907190644813 0
1295 0.6293075301154167 0.3881232633472121 0
1296 0.6439876847705395 0.4172341354547809 0
1297 0.7071127871676791 0.3011003989454875 0
1298 0.7014208651885901 0.2910376746019969 0
1299 0.7127911971319131 0.2913898793676415 0
1300 0.7069399753586509 0.281019355976203 0
1301 0.7101681140485693 0.203776924226327 0
1302 0.2213664860363971 0.01554190885921442 0
1303 0.6715658297855212 0.3586227076612089 0
1304 0.5726323048105323 0.4263128634053716 0
1305 0.5383986712987363 0.4259263148722442 0
1306 0.3466534823082212 0.01758527566427764 0
1307 0.4268941765123718 0.4042515652517397 0
1308 0.6236226692231807 0.3784158939681773 0
1309 0.6293087441192483 0.3680921907050514 0
1310 0.3829304160063104 0.0188070408271217 0
1311 0.3237426154213178 0.01736848271513297 0
1312 0.3015515564611261 0.01711819360690181 0
1313 0.6665662612340969 0.4308967823101748 0
1314 0.49314750330721 0.4249192441179956 0
1315 0.7192435994410777 0.2809280953610907 0
1316 0.1735878314777634 0.09394718494958926 0
1317 0.6974768837766584 0.4317557947082959 0
1318 0.7098129863788628 0.1829518510645326 0
1319 0.7106198586936321 0.1245293463869032 0
1320 0.6112312842678658 0.2500416878857101 0
1321 0.6172291702296324 0.2206589359181223 0
1322 0.6058028449321462 0.2400315321786987 0
1323 0.6647847355398209 0.3680006248575714 0
1324 0.6660789084084436 0.348432643062333 0
1325 0.6541668960106636 0.348097768382898 0
1326 0.5728585405757433 0.4068328183942264 0
1327 0.6289526453975979 0.4377923938715865 0
1328 0.2803433290719342 0.2247529313991585 0
1329 0.2742841409041982 0.2149028592418867 0
1330 0.2605270727359386 0.2158127420514921 0
1331 0.2682417412279501 0.2044833188416741 0
1332 0.6493979526047466 0.3194018852322509 0
1333 0.2328942740041997 0.01620951906748525 0
1334 0.2573955828147197 0.2041452450495089 0
1335 0.2561037492861805 0.1942454449063507 0
1336 0.2680324633891293 0.192123051744552 0
1337 0.2465978206431472 0.1883081682687428 0
1338 0.2579366776920092 0.1832051166784665 0
1339 0.2463736897900701 0.176919722381059 0
1340 0.6082871563020119 0.3487529585035004 0
1341 0.6331722979953847 0.2898352361639169 0
1342 0.6277406885211451 0.2799723154248207 0
1343 0.5423688271479932 0.2493268486801661 0
1344 0.5537132359375446 0.2495898290578836 0
1345 0.6580893163430858 0.4248782586502377 0
1346 0.64815877257173 0.4281107578255731 0
1347 0.5255172721178044 0.2387168473293212 0
1348 0.7119018960345797 0.3113282899753791 0
1349 0.5918297263056631 0.3192812916698944 0
1350 0.5863453759469304 0.3092687677224073 0
1351 0.5751196643831515 0.3090596336947984 0
1352 0.5808332126947856 0.2995202351195535 0
1353 0.6534377147030582 0.1423380106586074 0
1354 0.6589136246447714 0.1523551430702543 0
1355 0.6058315530840136 0.4366154175607448 0
1356 0.6102930811711256 0.4272197768982489 0
1357 0.647917167428221 0.1322892529945697 0
1358 0.6363719701803863 0.1320262744819898 0
1359 0.6367852781940587 0.1123365942730147 0
1360 0.6248816476243603 0.3576975302603817 0
1361 0.6313089393738073 0.1023518308011783 0
1362 0.6372063179616159 0.09256651103617219 0
1363 0.6257779153104375 0.09235793584726198 0
1364 0.5844053814858244 0.1411408698028574 0
1365 0.5474950117703246 0.2789626165116447 0
1366 0.5588394291887533 0.2789081707202632 0
1367 0.5647884275405038 0.2689393679044687 0
1368 0.6337424232593555 0.2702117876843834 0
1369 0.6022851280646059 0.3588065733903349 0
1370 0.6134397906624967 0.3589833650862752 0
1371 0.682245388569892 0.3781864212784169 0
1372 0.7209301977743665 0.3600249946787155 0
1373 0.7106805632503312 0.3670917493784465 0
1374 0.7112914001772317 0.3546847879792099 0
1375 0.7113846185558115 0.3432696896497356 0
1376 0.6473551149024404 0.15212509134099 0
1377 0.5865424962940737 0.2889064995848492 0
1378 0.5751809730029007 0.2884058158063285 0
1379 0.5166184367043474 0.3864796558221179 0
1380 0.6921899799741289 0.3983824415619877 0
1381 0.6996203485342789 0.4073042440388815 0
1382 0.6755711321585348 0.1823174807366977 0
1383 0.6699138135369291 0.1723140157124038 0
1384 0.5946088541286817 0.435740605161101 0
1385 0.5905739475094285 0.4257259644036351 0
1386 0.5528461738618682 0.2888812753137119 0
1387 0.5696198569260464 0.2983617602054517 0
1388 0.5361146404742921 0.2788415074558995 0
1389 0.6345720077363067 0.3976101189251889 0
1390 0.6516247315530728 0.4080968785549584 0
1391 0.7211208129912327 0.3371843584820293 0
1392 0.2807302184357374 0.2048803021905719 0
1393 0.6611585456409869 0.3196437720723376 0
1394 0.6548448762988637 0.3290262680627946 0
1395 0.6404971453422151 0.3870432742752228 0
1396 0.7214591026823055 0.3826664491693457 0
1397 0.4597026400812823 0.4047484947749272 0
1398 0.4533438073717302 0.4154880061097224 0
1399 0.4649875844786739 0.4142582119599904 0
1400 0.4761852585430958 0.4142766140244855 0
1401 0.4820835307947607 0.405289463728835 0
1402 0.6222831763045764 0.2700226369031256 0
1403 0.6159328002972261 0.2796805276758347 0
1404 0.6166630587547635 0.2599552660147524 0
1405 0.6395297480994694 0.2604204644664389 0
1406 0.677185976265794 0.3489517803507444 0
1407 0.5942046292247722 0.2396962878647739 0
1408 0.4377538042681976 0.3851344887537078 0
1409 0.4267287719924812 0.3849927167485236 0
1410 0.4211512165195893 0.3754587853517578 0
1411 0.4153828040954531 0.3850861915363079 0
1412 0.4097027013852421 0.3746533568672151 0
1413 0.3981878235038225 0.3721632591954707 0
1414 0.4046384453654449 0.3643634743602658 0
1415 0.426811162597584 0.3657191670453638 0
1416 0.6453874841005791 0.2506929205844245 0
1417 0.5247468933313851 0.2786780595649062 0
1418 0.6670323044778417 0.3099847560422123 0
1419 0.6564312458659255 0.2705919194232522 0
1420 0.3994605072313192 0.2762940446485557 0
1421 0.6316727889205696 0.08256269691385582 0
1422 0.6480512161919956 0.3383526586946086 0
1423 0.4436175645523124 0.0492385492859656 0
1424 0.4613696327373116 0.3267000251248475 0
1425 0.449975300714948 0.3265133973624818 0
1426 0.4554952095264907 0.3364763677689167 0
1427 0.4441000884522073 0.3362868586943439 0
1428 0.4609145970671638 0.3464588919871346 0
1429 0.5675998746074096 0.3969996928510153 0
1430 0.6387860567358671 0.2996797513465129 0
1431 0.632312979504605 0.30929337039898 0
1432 0.5521472581855351 0.3283372389484724 0
1433 0.5576326885976141 0.3382714825017865 0
1434 0.5518072995343075 0.3479639325625764 0
1435 0.5634812286952267 0.3286409842310647 0
1436 0.6512485244850715 0.2409625955751949 0
1437 0.5779721361691126 0.4161689492735869 0
1438 0.4899698665982024 0.3173423293613089 0
1439 0.6405314679259457 0.2013269648907136 0
1440 0.6290336736283807 0.2010877225810812 0
1441 0.6232562900759694 0.1910886276114923 0
1442 0.6293097802195542 0.1812778828768821 0
1443 0.6230582366270651 0.2108126645831003 0
1444 0.6018781790203441 0.1315025567980672 0
1445 0.5959075645596623 0.1413143505163671 0
1446 0.6013242013231259 0.1513897821807702 0
1447 0.612886222682774 0.1515610548518438 0
1448 0.6069045510898232 0.1612871098605716 0
1449 0.5973065317057027 0.3291820626715328 0
1450 0.6088306034264083 0.3287572548951356 0
1451 0.4561766313704043 0.2969990251409409 0
1452 0.4958361974237727 0.3075995225470439 0
1453 0.5071994192590048 0.307846411101888 0
1454 0.4451261206854292 0.2770213932150992 0
1455 0.4510026976531893 0.267243622665405 0
1456 0.4454744031977834 0.2572594322105247 0
1457 0.4568798537108257 0.2574652047412158 0
1458 0.4513552771993758 0.2474867159760353 0
1459 0.4627569365644203 0.2476910512909494 0
1460 0.4572336148649829 0.2377141210424536 0
1461 0.44583195451311 0.2375077590718035 0
1462 0.4517059548986483 0.2277359604513414 0
1463 0.4403042012024275 0.2275283075789096 0
1464 0.4624051694984894 0.2674464396767714 0
1465 0.4461803177148438 0.2177537402812743 0
1466 0.4686303025099977 0.2378868377582907 0
1467 0.4741545545965698 0.2478863619846839 0
1468 0.4800211053522693 0.2380700991587061 0
1469 0.4855433991371098 0.2481129056548522 0
1470 0.4914091129819482 0.2383122375333638 0
1471 0.4969279601395676 0.2483436823537601 0
1472 0.5028003974070991 0.2385354528814784 0
1473 0.4796772549951167 0.257872307160941 0
1474 0.4347732028240457 0.2175415591885111 0
1475 0.4288923080856678 0.2273269465432564 0
1476 0.440641628414333 0.2077309669234892 0
1477 0.4520492641645466 0.2079373763882128 0
1478 0.4233455661168401 0.2172910634914744 0
1479 0.4565326493309488 0.2772377486166133 0
1480 0.4679359257340097 0.2774158810722726 0
1481 0.7019411774372853 0.009889019862726611 0
1482 0.6962715213606331 0.01985401393254255 0
1483 0.6848212169568092 0.01986361391880087 0
1484 0.6905566423436182 0.02978459423606872 0
1485 0.6791009959844198 0.02979393184724533 0
1486 0.7020106130627665 0.02978030873158605 0
1487 0.6962909237156568 0.03969959569032755 0
1488 0.7080586505781029 0.03973121055398265 0
1489 0.7020226091871441 0.04960966631199415 0
1490 0.6908494227152147 0.04945877097046181 0
1491 0.6963516196153213 0.05895786429670136 0
1492 0.7076571233825357 0.05936168306544781 0
1493 0.702033288155283 0.06942368481894301 0
1494 0.6843253393602927 0.05906604699146312 0
1495 0.7134616709561539 0.0297824255071667 0
1496 0.7134598557665218 0.04997958202037622 0
1497 0.7198245892054418 0.06128013956173317 0
1498 0.673351564388799 0.01986654673767874 0
1499 0.6676154384108595 0.02923255643921796 0
1500 0.6733827052709593 0.03972219766373769 0
1501 0.6810497860847302 0.1923059781470241 0
1502 0.6751474348183104 0.2020880600779154 0
1503 0.6803524432010544 0.2120853678611903 0
1504 0.5482225322951824 0.2395275232894263 0
1505 0.5310199545715426 0.2487832233200272 0
1506 0.5459800195144111 0.3576629343155671 0
1507 0.3873437928012398 0.3156497177426031 0
1508 0.2136537377571086 0.1448488254131495 0
1509 0.207144230818838 0.1352682097215845 0
1510 0.1951438493433486 0.1376843626850069 0
1511 0.1998211061406957 0.1246641926873274 0
1512 0.190294298945178 0.1183386957510127 0
1513 0.2092884475367844 0.1556853271807221 0
1514 0.5447815515933103 0.130449861470976 0
1515 0.5388926642309987 0.1402284015525729 0
1516 0.5274850231204121 0.1400249674681284 0
1517 0.5329507810836909 0.1500523738317248 0
1518 0.5215770626650615 0.1498405576456113 0
1519 0.5160652671961468 0.1398292151719405 0
1520 0.550273582780745 0.1404673549853925 0
1521 0.5101973887791118 0.1496062570461351 0
1522 0.5156856676298389 0.1596420412984738 0
1523 0.5043230003128498 0.1593849676873427 0
1524 0.5098112304364816 0.1694124396128767 0
1525 0.4984505574803592 0.1691586272649604 0
1526 0.5039302088624013 0.179160767277628 0
1527 0.4925289805613121 0.1789357401875153 0
1528 0.5046438913728301 0.1396205774831593 0
1529 0.5561793335069487 0.1306660198900701 0
1530 0.4928825134270988 0.1591787521816311 0
1531 0.5592147442841149 0.2593012608024271 0
1532 0.4620521391398964 0.2872199034039305 0
1533 0.5404934354567481 0.3477320594814488 0
1534 0.5013301090606389 0.3175608809927756 0
1535 0.5119840593078068 0.357078317965926 0
1536 0.5006379076117101 0.3568956415846125 0
1537 0.5061550154102932 0.3667484771267061 0
1538 0.4946869303873095 0.3666241814962717 0
1539 0.4834533438941869 0.3664560101574025 0
1540 0.4999623016896368 0.3764542572182847 0
1541 0.4777573043871227 0.3565512431026817 0
1542 0.4682788109898228 0.2576678915963332 0
1543 0.5548251124980269 0.1899821500456513 0
1544 0.5602999510857314 0.199947480062164 0
1545 0.4247652804846368 0.1381202535247125 0
1546 0.4302995149039267 0.1481175709939863 0
1547 0.4417218572639346 0.1483269721507968 0
1548 0.5459465806448358 0.07106808467643955 0
1549 0.5514896941262415 0.08107949271297871 0
1550 0.5400366920879895 0.08086944386800932 0
1551 0.5629243224154908 0.08128737572905204 0
1552 0.5570159534766699 0.0910901928273597 0
1553 0.5455933382369911 0.09087930932503058 0
1554 0.4476159868109916 0.1385344427954325 0
1555 0.5688342452789391 0.0714904343751635 0
1556 0.5743657931186323 0.08150653204810177 0
1557 0.5802769660454536 0.071705016332819 0
1558 0.5858107112868913 0.08172394130574812 0
1559 0.5972419416667613 0.08193900808545573 0
1560 0.5913083753851861 0.09173969990029629 0
1561 0.6031636917944458 0.07214505493493362 0
1562 0.6086997591843284 0.08218094579475138 0
1563 0.5798498066631409 0.09152147316775949 0
1564 0.6146123022487032 0.07236610771301355 0
1565 0.7076514008655039 0.01980853377363162 0
1566 0.5638237907675459 0.308788907806905 0
1567 0.1850711291958189 0.09441415216278981 0
1568 0.1783964661126655 0.1035593653459059 0
1569 0.3291928817419106 0.04709450729285758 0
1570 0.4737990965735145 0.2676459847234376 0
1571 0.3824761419956919 0.2660691788530459 0
1572 0.3883649344838652 0.2562556476552033 0
1573 0.6759021137067245 0.1625511240515951 0
1574 0.6644602668606184 0.1623461477927294 0
1575 0.670377361470562 0.1525572287354173 0
1576 0.4428295376044373 0.08890883227319779 0
1577 0.3828229108916909 0.2462538312532061 0
1578 0.3713850168374402 0.2460531531019755 0
1579 0.1909702160361645 0.08436681242453681 0
1580 0.3782040338300523 0.357599171358593 0
1581 0.6489670041094374 0.07296125417759725 0
1582 0.3399137762485215 0.08699556810569781 0
1583 0.3340059677262203 0.09681252101981641 0
1584 0.3454405922373575 0.09703686432290942 0
1585 0.3225506730657811 0.09660489100683095 0
1586 0.3280905707887114 0.1066288549374715 0
1587 0.1054295858854787 0.009236069042321882 0
1588 0.1100585009682288 0.02085818355205632 0
1589 0.1284279512004084 0.01187377988216776 0
1590 0.1462238790221162 0.02018195250804589 0
1591 0.1557184602755065 0.01302097466229979 0
1592 0.1062712898363691 0.0331903662030496 0
1593 0.5105267692744146 0.1298346124671961 0
1594 0.6561268534592138 0.009934386514821036 0
1595 0.6503898012353976 0.01986664585343456 0
1596 0.6389224444765685 0.01986706918276171 0
1597 0.644655962935987 0.0297974300318275 0
1598 0.6331925982955408 0.02979784348427861 0
1599 0.6561191649927909 0.02979689795523943 0
1600 0.6274507388253479 0.01986710838902672 0
1601 0.621729459523473 0.02980073717525439 0
1602 0.6618678789917338 0.01977210299341731 0
1603 0.7206356883438642 0.2568525571595991 0
1604 0.711046574308616 0.2625278163537332 0
1605 0.7105421384010535 0.251682019650369 0
1606 0.7016659612577364 0.2576009046529746 0
1607 0.7014749932859541 0.2694821166250444 0
1608 0.4340615804178626 0.2570529600922594 0
1609 0.4154095011315495 0.3454820665064006 0
1610 0.6851592711237082 0.03952364595515717 0
1611 0.2024193513115544 0.08453035923593577 0
1612 0.3521028621504373 0.04754617464928984 0
1613 0.1385707797306711 0.05465879872059098 0
1614 0.145620168406729 0.06402857500322878 0
1615 0.1571537338502424 0.06381221375066698 0
1616 0.6201965534099491 0.08238175469244852 0
1617 0.6142648409618856 0.09213751110543011 0
1618 0.3880235618531737 0.2760753293429897 0
1619 0.6115846925888696 0.2304095343486539 0
1620 0.6114527839175679 0.2107103676221534 0
1621 0.5332886280004405 0.3965688074711912 0
1622 0.3169993003166613 0.08658117946798444 0
1623 0.6102341134365917 0.009934601265726428 0
1624 0.6044971791638732 0.01986762186763835 0
1625 0.5930296425601942 0.01986792597191173 0
1626 0.5987633973229068 0.02979924076854046 0
1627 0.5872988668992531 0.02979925211897666 0
1628 0.6102278822253673 0.02979913993746386 0
1629 0.5815579717832265 0.01986778748575546 0
1630 0.5758349754185994 0.02980146904114189 0
1631 0.615974809406388 0.0198673516597746 0
1632 0.264565650409295 0.1352570900487131 0
1633 0.2760199210899288 0.1354518777202586 0
1634 0.2819243923805758 0.1256469996303034 0
1635 0.2874761868567303 0.135650688481653 0
1636 0.2763747951973222 0.1156280760341892 0
1637 0.6538327417224477 0.1225452022603974 0
1638 0.5643425060949758 0.009934888648663487 0
1639 0.5586054850312576 0.01986818718384198 0
1640 0.5471367112939243 0.0198663072822739 0
1641 0.5528712385321088 0.02980006838538946 0
1642 0.5643361477207236 0.02980018138087448 0
1643 0.5700824237109132 0.01986793831793215 0
1644 0.5414002548841876 0.009935547533271638 0
1645 0.5356649349414129 0.01986691138272434 0
1646 0.5300054821982092 0.009996161700557338 0
1647 0.525229331296422 0.02079670848614162 0
1648 0.5299288488500504 0.02980233468119736 0
1649 0.5102651926261587 0.4149674829155751 0
1650 0.5157510995643847 0.425548147634583 0
1651 0.6790772649779148 0.009932989564181427 0
1652 0.5171478797916396 0.08045200257308349 0
1653 0.5285870938229372 0.08066002646367409 0
1654 0.5226757859045361 0.09046111915043403 0
1655 0.534496264632766 0.0708570065233044 0
1656 0.5112454956766315 0.0902531671812371 0
1657 0.1628248965487954 0.05404168476493698 0
1658 0.1628166589165889 0.07371878259454784 0
1659 0.1591484630649848 0.08409793905482355 0
1660 0.4206850313427279 0.04882671834939217 0
1661 0.1742905956151465 0.05424593188974342 0
1662 0.2544846663924806 0.00945370817777591 0
1663 0.2488371604635164 0.01987062134309353 0
1664 0.3381227368597061 0.1859871028389913 0
1665 0.3495654377781424 0.1861936889581656 0
1666 0.3325779746214582 0.1759731644964064 0
1667 0.3551090672520056 0.1962049403594403 0
1668 0.361006236351976 0.1864098024246683 0
1669 0.3665485283932549 0.1964102401415164 0
1670 0.3724449204373886 0.1866115190929384 0
1671 0.3779855679120295 0.1966135155658419 0
1672 0.3838841051408381 0.1868324016117009 0
1673 0.3554678529203278 0.1764076605326635 0
1674 0.3894181827783444 0.1968436725955045 0
1675 0.3720877021581099 0.2064176722202537 0
1676 0.349211603616866 0.2060119110712785 0
1677 0.3606512544865577 0.2062143288761063 0
1678 0.3440228786649043 0.1761948107314728 0
1679 0.338482519525631 0.1661875523044029 0
1680 0.3270342539775373 0.1659662000250415 0
1681 0.2308964272049621 0.09496706066147725 0
1682 0.236450441925803 0.1049919348125622 0
1683 0.2423554070526621 0.09517157152041184 0
1684 0.3041402525955759 0.1655490167696589 0
1685 0.2774514050860815 0.009351765705943926 0
1686 0.2832555566422099 0.01987077900254092 0
1687 0.1857803361763513 0.009306543124327993 0
1688 0.1799996119723698 0.01987024283199085 0
1689 0.1671025484336899 0.01746637846753962 0
1690 0.1971702618804452 0.009059825262505261 0
1691 0.2029454614884053 0.01987050053821598 0
1692 0.4590184573019606 0.1387684541084543 0
1693 0.6600412063128781 0.09298751499789926 0
1694 0.4363222312253048 0.009709101413014454 0
1695 0.2774245069656829 0.05610741907694666 0
1696 0.5872914125533578 0.009934128441913381 0
1697 0.2128416637854493 0.1246840854489125 0
1698 0.3343099136523693 0.3051933332860147 0
1699 0.347451859892252 0.3033773182232262 0
1700 0.3385383353074662 0.294457952057725 0
1701 0.3493086288492634 0.2918581945785395 0
1702 0.3417960979064555 0.2839674898529312 0
1703 0.3308840310095733 0.2858583814735692 0
1704 0.4972641719873981 0.2284820362039307 0
1705 0.4310174093734331 0.1085180875757019 0
1706 0.6331837478914365 0.009933761053282308 0
1707 0.2357866980219042 0.144652533876527 0
1708 0.2300652366369255 0.1543706371691872 0
1709 0.2363572557839588 0.1634912242269631 0
1710 0.2473562381286922 0.165532319528705 0
1711 0.3842281947434231 0.1670868094208112 0
1712 0.3122352884674001 0.2789684556284911 0
1713 0.3161355564259967 0.2680965526599961 0
1714 0.323319135495485 0.276823761998703 0
1715 0.2083277990909608 0.07470927499497637 0
1716 0.298259252424155 0.2608124311355833 0
1717 0.2981941767436135 0.2507515154178102 0
1718 0.6885676888427876 0.08350237615203576 0
1719 0.3661906357352268 0.2162248563017549 0
1720 0.3062511839483261 0.04670402419704101 0
1721 0.2316068626805381 0.05526621665604675 0
1722 0.2230085330157956 0.1739991547777677 0
1723 0.7201151995191072 0.01865810729954986 0
1724 0.1968668886317989 0.0745113896022187 0
1725 0.2878289224826701 0.1158286731159918 0
1726 0.3270005539908224 0.2964563920660911 0
1727 0.463105521857996 0.2279119986298847 0
1728 0.3273801523983832 0.1462608845388965 0
1729 0.7199305524850339 0.2227927850400541 0
1730 0.7209068141153028 0.1998078680748892 0
1731 0.2390900371510489 0.02567017060369486 0
1732 0.3221809556572752 0.1164404113985416 0
1733 0.7205929230634744 0.1771349301961112 0
1734 0.7106466030116844 0.1708415933166173 0
1735 0.7206556790248412 0.1657142857142855 0
1736 0.4810778525527455 0.178723522913348 0
1737 0.2420049012844033 0.115013893296715 0
1738 0.120503477502918 0.05089966313873051 0
1739 0.3152306625108873 0.1855750889127755 0
1740 0.2885347500311924 0.07614604905022604 0
1741 0.5219499556234671 0.1300382593782294 0
1742 0.2031240712958558 0.04494177865619908 0
1743 0.271175823034801 0.08576012025583474 0
1744 0.7208180970918369 0.1427830868129395 0
1745 0.7110836082375576 0.1370135426412059 0
1746 0.3211322255381228 0.1757661009309741 0
1747 0.2479091528881353 0.1051941207626006 0
1748 0.3155874868499039 0.165757072605564 0
1749 0.2371567931125008 0.06529580338182012 0
1750 0.4579210912183839 0.1981057718958974 0
1751 0.7209479218262774 0.09715128837966946 0
1752 0.7208103256672338 0.08569401928887632 0
1753 0.7111798383180602 0.09081289915797158 0
1754 0.4174623883705653 0.2270782014151713 0
1755 0.7108345224961812 0.1598728278517756 0
1756 0.3110918956787161 0.09639835200795399 0
1757 0.2919807306056196 0.2049942959446466 0
1758 0.2794304370639044 0.1857098182276738 0
1759 0.4776176982041286 0.04999476989771023 0
1760 0.3204230936718334 0.2154164849831036 0
1761 0.4188674848263924 0.1479122567148208 0
1762 0.4350967022216208 0.1976975535834422 0
1763 0.3790344413736299 0.1372923908075198 0
1764 0.4668516752954641 0.3366637533299558 0
1765 0.311807273708671 0.05671267690262338 0
1766 0.3145240397374413 0.2252263092567483 0
1767 0.3804509073945005 0.05803028208394795 0
1768 0.6883472865796723 0.1034177592449931 0
1769 0.3565152565519516 0.1170678536612689 0
1770 0.6652363789151143 0.1227770675796463 0
1771 0.4274968050311913 0.3063777172682927 0
1772 0.3588848188158003 0.2861480734809974 0
1773 0.3800680342691817 0.07785942368316418 0
1774 0.5082966726794559 0.2486964715573426 0
1775 0.2826308920394368 0.0859652651654898 0
1776 0.3429583132820653 0.2356389949896514 0
1777 0.6933944221105244 0.1329223530752045 0
1778 0.4067295942910692 0.187280965132271 0
1779 0.3485656979316228 0.2652997028199334 0
1780 0.3956571949799829 0.1672925555186131 0
1781 0.3502770852480499 0.146673832541809 0
1782 0.3904659084548221 0.1375020445980387 0
1783 0.543085578016787 0.2094652988682696 0
1784 0.5650683221909109 0.2492811224830144 0
1785 0.6937268961579738 0.09386625528457493 0
1786 0.7002506005325649 0.08381572632734108 0
1787 0.5174477621366206 0.3669034886545531 0
1788 0.4358338719727496 0.1581126645478841 0
1789 0.4472435359930945 0.1583300549843722 0
1790 0.4424532014279254 0.1087264761887574 0
1791 0.2088152888930441 0.03572297360000154 0
1792 0.3835216154106345 0.2066364637097193 0
1793 0.4084997415795223 0.08828604102132803 0
1794 0.3922564125402934 0.03845017610212348 0
1795 0.2430631775906763 0.05547476865232004 0
1796 0.3890617603833083 0.216652740126845 0
1797 0.3652606471181899 0.2959183931391797 0
1798 0.4910526530483882 0.2581829203758964 0
1799 0.6440104742876835 0.0443432742667314 0
1800 0.4527452925403909 0.168334497405267 0
1801 0.6209830081305102 0.04311875226186601 0
1802 0.400843418300289 0.1970651987424637 0
1803 0.5771149491383355 0.2101014139013315 0
1804 0.5980810244218769 0.04272676896474897 0
1805 0.5748260785386324 0.04111078651727829 0
1806 0.4887602033090649 0.07004112850843858 0
1807 0.4022519879389527 0.1179060876832306 0
1808 0.5522167773487937 0.04143443301764088 0
1809 0.4893221428281351 0.03045848847288141 0
1810 0.3177126290444534 0.04691797932191411 0
1811 0.4954674901407808 0.3272906609616149 0
1812 0.5282011045015776 0.1004655255956272 0
1813 0.5167734076176205 0.1002564620880594 0
1814 0.4299154044087308 0.1679197902356751 0
1815 0.511965416080974 0.05061658998519014 0
1816 0.3336302866777695 0.1166487589889901 0
1817 0.2305476711914179 0.1148106566677957 0
1818 0.5200069302607179 0.2288598443043962 0
1819 0.6398795453240538 0.2407484345786901 0
1820 0.4880481615551143 0.1096464583450152 0
1821 0.4147723367244214 0.05863551665425676 0
1822 0.6486261446936177 0.09277460990859276 0
1823 0.3509740625234415 0.1070638180087375 0
1824 0.4483596223909608 0.0989242044213966 0
1825 0.5148495584667623 0.1991065827969423 0
1826 0.2190275401775947 0.1146639053262061 0
1827 0.6460787514379754 0.2113069974620616 0
1828 0.4793223119543394 0.2777411667147116 0
1829 0.3315195919332966 0.2354337738344511 0
1830 0.2933827572328236 0.1258440386207125 0
1831 0.6050045477755652 0.2596920794787525 0
1832 0.4675737552957937 0.2972318055772369 0
1833 0.5611017280850336 0.1605258478015332 0
1834 0.3347294413802009 0.05712342384303715 0
1835 0.4920928940942979 0.1986854486931299 0
1836 0.5544419660127156 0.2096685460012863 0
1837 0.5181694620163669 0.3277143491914048 0
1838 0.5126819377760263 0.3177903603100383 0
1839 0.5174521203145442 0.0410577233725854 0
1840 0.5572967822238541 0.3578887730984561 0
1841 0.39425291380858 0.2464415431069951 0
1842 0.5910936019260522 0.3586212228186292 0
1843 0.51415504769186 0.2388585517600208 0
1844 0.2770788638923644 0.07594062264218704 0
1845 0.5383439058317767 0.1600856866675416 0
1846 0.340648102862299 0.04731059685785977 0
1847 0.399792200043604 0.2564484667637026 0
1848 0.4597699509162803 0.09915333503140278 0
1849 0.544304952950328 0.1502937596762696 0
1850 0.6638950512424074 0.1820612220459231 0
1851 0.6619234794096212 0.2805034809787516 0
1852 0.637535406703775 0.07274652450265079 0
1853 0.4144002170423809 0.07847683221511137 0
1854 0.5887871188469347 0.1906143215934094 0
1855 0.4105374833199609 0.2962600214157575 0
1856 0.4399541819443992 0.247281857432659 0
1857 0.3939049128581035 0.2662630838156957 0
1858 0.416416174624179 0.2864168758961914 0
1859 0.5265819052627201 0.1796180536690293 0
1860 0.5341107851050356 0.09066595496548741 0
1861 0.57126010497965 0.2198219486268835 0
1862 0.4108774996043756 0.2764438571172574 0
1863 0.3576247170599783 0.05756506689849561 0
1864 0.4216224364382941 0.3161529968368784 0
1865 0.2715235890529233 0.06591872391217557 0
1866 0.4321399739055471 0.04902402044074144 0
1867 0.5760763907184644 0.2688560420132841 0
1868 0.5414038279876496 0.02978482693991868 0
1869 0.3849279283589589 0.1274954271304915 0
1870 0.2600696380720858 0.06571282149586605 0
1871 0.6072513101279867 0.3880812521885088 0
1872 0.3201093521668898 0.23523930351494 0
1873 0.5298689674560412 0.3083142834810001 0
1874 0.4088564350164819 0.06845848311434144 0
1875 0.6920486410120597 0.2520662559836758 0
1876 0.6795663938559541 0.2514214116574474 0
1877 0.4490980070225409 0.0592823402676364 0
1878 0.6430863013948395 0.08276443103575448 0
1879 0.3395358858181093 0.1068412276299882 0
1880 0.4744930685096443 0.2280325436690003 0
1881 0.4550053021812558 0.04949710015964298 0
1882 0.3908197874182012 0.1176960261989983 0
1883 0.5689374667912694 0.3385487580519365 0
1884 0.3091174521151601 0.234708770154032 0
1885 0.4262183424196523 0.05884846329902982 0
1886 0.5616331320578537 0.1407158398332501 0
1887 0.597716262465066 0.3090510695686492 0
1888 0.4344173307857113 0.2372986517035146 0
1889 0.4575790644719121 0.2179234747837865 0
1890 0.2545129691722277 0.05568913424914429 0
1891 0.5510476790414498 0.1008980620426192 0
1892 0.6308153215921811 0.1220945786375366 0
1893 0.4229906807698275 0.237080767048262 0
1894 0.579004344702732 0.1310575770176201 0
1895 0.454952460129776 0.3562609732338101 0
1896 0.5624682226823101 0.1011076215129485 0
1897 0.2489643448916742 0.04574527158805697 0
1898 0.5075403009832118 0.2881400788961971 0
1899 0.5093721430246294 0.1891530984166244 0
1900 0.4980004821337358 0.1889232537580098 0
1901 0.2548585575439773 0.03645938430733431 0
1902 0.3852792191088931 0.1076855362480331 0
1903 0.2754157438317878 0.2352049375000431 0
1904 0.4663039285287545 0.3563798621534413 0
1905 0.5684237816447453 0.09129810586957077 0
1906 0.3738448727405057 0.1074849478297155 0
1907 0.5853141995778061 0.3682399921534382 0
1908 0.3953101609391368 0.18706403912424 0
1909 0.5133939193216168 0.2784322581039298 0
1910 0.5185394115433357 0.3080875878264289 0
1911 0.6900418093389238 0.2908228137362716 0
1912 0.6450922902377335 0.2703853442614997 0
1913 0.4586351121770339 0.1585580241615361 0
1914 0.3624077564848618 0.1072798259797952 0
1915 0.6950158519823598 0.320302273098482 0
1916 0.5657779181562242 0.2098936531076417 0
1917 0.3897759926426146 0.1770709835023845 0
1918 0.3531030455687107 0.3149180880409364 0
1919 0.4531271508275034 0.1485488469661697 0
1920 0.5789793559426227 0.3971838371251719 0
1921 0.7057137197543157 0.3204879215229138 0
1922 0.3783405819870079 0.1768582387026239 0
1923 0.4160910148246724 0.3061937618680239 0
1924 0.6957725087279196 0.2807667199019439 0
1925 0.585327139370567 0.1015280162338243 0
1926 0.3669060428704574 0.1766481145062522 0
1927 0.5967467606594391 0.1017396589716227 0
1928 0.3613805254827444 0.1666645196952842 0
1929 0.4704144177155171 0.1390046578173301 0
1930 0.4634448859809659 0.2080862161595008 0
1931 0.3568674501241249 0.0972719517333076 0
1932 0.349931755736458 0.1664340541724906 0
1933 0.3627641666937409 0.08745855823197679 0
1934 0.6027166404397704 0.09191754159829024 0
1935 0.7112141315948707 0.0787100049434134 0
1936 0.4762961351254054 0.1292185659652794 0
1937 0.3443933210076245 0.1564478321465554 0
1938 0.5716329480170126 0.2001783369575315 0
1939 0.3686641829576932 0.07764523555684666 0
1940 0.7111227073334324 0.1485116375186027 0
1941 0.5951727911985885 0.1611057813407833 0
1942 0.4707868437072129 0.1191984448515729 0
1943 0.3745614742301895 0.06784104215564735 0
1944 0.3329335972738987 0.156227051620308 0
1945 0.5130413501586264 0.2981280377842787 0
1946 0.3690413233322719 0.05780231037172784 0
1947 0.4766622690988892 0.1094329604268491 0
1948 0.3932269485925657 0.3058399271061918 0
1949 0.4046605461455728 0.3060202455478052 0
1950 0.6127389573852952 0.3786064965202022 0
1951 0.3214873999615036 0.1560123105534678 0
1952 0.3100423374706445 0.1558151644200148 0
1953 0.3044950831030572 0.1458211907675478 0
1954 0.281569075102608 0.1453958520076927 0
1955 0.2756942195302934 0.1551969484475405 0
1956 0.2930431650804424 0.1455915296429994 0
1957 0.2698935564346447 0.1648844784809776 0
1958 0.392901602591015 0.3255712364782543 0
1959 0.5774949091041127 0.1904369546378737 0
1960 0.3814397737059705 0.3254126218936258 0
1961 0.4711536463033367 0.09941078290269745 0
1962 0.515259735146675 0.1794045938070996 0
1963 0.5692920956861289 0.3188957672765144 0
1964 0.3749508106997907 0.04805022713405011 0
1965 0.3742876637145792 0.3362443561851773 0
1966 0.4657458834774625 0.3758928277473358 0
1967 0.3808560174872096 0.03821475814765357 0
1968 0.5833571830346326 0.1806921910594454 0
1969 0.5211314862416748 0.1696483105404107 0
1970 0.3870193589977106 0.02876201945381229 0
1971 0.6423361615034482 0.1223084286188498 0
1972 0.528959270811453 0.04111392821361948 0
1973 0.5270210448930273 0.1598549060363696 0
1974 0.5892642154181937 0.1709065957745373 0
1975 0.7094189668054746 0.4070160743798705 0
1976 0.7063832004239572 0.418017732247028 0
1977 0.7168986993845955 0.4153634453459192 0
1978 0.4770294136513036 0.08964255988946868 0
1979 0.6528633280553682 0.1621076339057542 0
1980 0.4715355440979 0.0795998651124582 0
1981 0.4773904422906585 0.06982689728712094 0
1982 0.5556736961961024 0.1505102168899708 0
1983 0.6802444160211074 0.3958858196047642 0
1984 0.4718560618378377 0.05976740067377928 0
1985 0.6197596433148795 0.1021353922243188 0
1986 0.5729967549138666 0.1409236982944522 0
1987 0.6743797845027318 0.2217794842504422 0
1988 0.6718648325333616 0.3392665010559869 0
1989 0.2642275724774736 0.1742740904433981 0
1990 0.4663370918363219 0.04979800121672984 0
1991 0.7108285687161537 0.1032427204648451 0
1992 0.4717900020927739 0.366246040915612 0
1993 0.4722422082666354 0.03996129008292454 0
1994 0.68843434937244 0.4144556492225497 0
1995 0.691698443047315 0.2123231896020149 0
1996 0.478111933100995 0.03021408783527108 0
1997 0.6857641335808221 0.2219945007876436 0
1998 0.7029856979276726 0.2125558105263458 0
1999 0.6902289531293797 0.2713100409059032 0
2000 0.1351838815753054 0.06800745913734635 0
2001 0.1794255764031798 0.1211816650269255 0
2002 0.6124785638207528 0.1711604260973513 0
2003 0.5622797138487317 0.3871813436379832 0
2004 0.6131585562993865 0.4171922056719007 0
2005 0.1564559036788515 0.09461901578031828 0
2006 0.4078497958763654 0.3930148156869222 0
2007 0.5508232525542027 0.3870816651863282 0
2008 0.4884359373457896 0.3763227871792608 0
2009 0.5447365640770249 0.3966909386720547 0
2010 0.5280226768331087 0.3866870482918169 0
2011 0.5075927009472421 0.0100326031730793 0
2012 0.5053359014701402 0.3862294851441478 0
2013 0.5113733991793797 0.3766019407719173 0
2014 0.6238760371077817 0.1712770472660737 0
2015 0.3708258878246639 0.3493333614738108 0
2016 0.1724976609459488 0.1126510899966527 0
2017 0.4959060456419635 0.009651383731840824 0
2018 0.7212316026385756 0.3937413723990897 0
2019 0.600306263229395 0.2302529367900634 0
2020 0.7111888679805923 0.3306263543862609 0
2021 0.7213120254075737 0.1200000000000004 0
2022 0.6214541120762158 0.2895412513692151 0
2023 0.08310454183714888 0.008625048436857019 0
2024 0.4837621465205966 0.02220842697805875 0
2025 0.6376873431735051 0.3190465672673963 0
2026 0.564258979066273 0.288562559783984 0
2027 0.4209480176378888 0.3940995858172844 0
2028 0.6384980424885927 0.4264438046912871 0
2029 0.6142346323672838 0.3384739904658531 0
2030 0.6602782959535918 0.3387669439646386 0
2031 0.472084067225822 0.009330333962646042 0
2032 0.6005227180780639 0.4284182785554579 0
2033 0.4610442696506867 0.007807635670183277 0
2034 0.7079260432690269 0.2414072712824497 0
2035 0.3343101644493418 0.2752846234735371 0
2036 0.4497894619551102 0.02151270498028357 0
2037 0.3267172116252369 0.2657230338281887 0
2038 0.5700493650744211 0.2787352044025265 0
2039 0.6180685018874575 0.3693261363778076 0
2040 0.2863140748076067 0.2340577416276579 0
2041 0.410098482670667 0.3552871781349806 0
2042 0.4394467639004558 0.02004081846749806 0
2043 0.6700622069180032 0.3775690844517903 0
2044 0.426363257782409 0.007758144449671489 0
2045 0.4730997487296298 0.4302115922040724 0
2046 0.5895951032093739 0.4158103502538344 0
2047 0.4445118668141043 0.4228421913799881 0
2048 0.4533474280613384 0.4261835181618658 0
2049 0.4270194796356361 0.4143184600387402 0
2050 0.1175303175242353 0.03211074460987656 0
2051 0.7221052249892518 0.3142857142857142 0
2052 0.415563193454311 0.3651873091625268 0
2053 0.4424511396393392 0.4128378018360094 0
2054 0.4153561347618067 0.02117102899255074 0
2055 0.7123011324020447 0.06851713248786384 0
2056 0.1525125815002456 0.07497256212723946 0
2057 0.4037748578818095 0.007686600543359678 0
2058 0.3889370757888116 0.3558082482778895 0
2059 0.3928654514290288 0.02098578663700063 0
2060 0.6929366328076422 0.07502868316859762 0
2061 0.2198955178582737 0.1542325217020076 0
2062 0.3490122898518125 0.3242525146765283 0
2063 0.3793153513021315 0.009147027026374766 0
2064 0.6754734620048198 0.06437504553844225 0
2065 0.56989016810824 0.4352314177423309 0
2066 0.288920552262635 0.2533202401933455 0
2067 0.7226322080164066 0.291449459353218 0
2068 0.3691219097997727 0.007422352050897418 0
2069 0.1645261742446755 0.008329945894370416 0
2070 0.2371411630548457 0.1922971031987638 0
2071 0.6811954662003114 0.04825928024703435 0
2072 0.7118932062698984 0.2725358610223626 0
2073 0.358151036782972 0.02037442890119506 0
2074 0.7029635960397678 0.1540111288985311 0
2075 0.5601348012648171 0.4364796485365566 0
2076 0.6647061820551269 0.04523473175212572 0
2077 0.3464647513349265 0.007502167038733354 0
2078 0.2690026887105734 0.1819811484323805 0
2079 0.3352121041411462 0.02010542397266701 0
2080 0.1241218299351264 0.04191869368478862 0
2081 0.6485467157486009 0.4383065191375696 0
2082 0.5497176921242988 0.4234604451835104 0
2083 0.7230995154442337 0.02909899201606458 0
2084 0.4196446355891429 0.409957880482017 0
2085 0.2264180332153599 0.1640146443534248 0
2086 0.3235753700020407 0.007427636994473796 0
2087 0.7035875163365788 0.3600692711405564 0
2088 0.1981615908453923 0.1134939163063736 0
2089 0.3445497022332479 0.2747737891643592 0
2090 0.3123804606195935 0.01979119574723587 0
2091 0.7231092122833637 0.2339348618172251 0
2092 0.7132146152404152 0.1941154709995875 0
2093 0.7029083530339785 0.1321385322116586 0
2094 0.5379449605635237 0.4353238030027165 0
2095 0.7231406440820454 0.05109272649800356 0
2096 0.3001504392427139 0.007849567825776838 0
2097 0.1824805837107695 0.1123479568051226 0
2098 0.3030654235919115 0.2433775531568655 0
2099 0.7135265274547099 0.3985285696416987 0
2100 0.2926994321143186 0.2432921179466234 0
2101 0.7020368449042766 0.1743682611920965 0
2102 0.1492503286783509 0.08577968476645759 0
2103 0.2836007975919966 0.02947072175657006 0
2104 0.7138271458808996 0.377270748802442 0
2105 0.5270865416621319 0.4229138348134502 0
2106 0.3560782354232556 0.3332119181832205 0
2107 0.2549337896125508 0.1729135026128748 0
2108 0.6939472853469918 0.2626812214697943 0
2109 0.7124175069036593 0.2144271899575519 0
2110 0.23299136003464 0.1733449462555253 0
2111 0.2702904266747734 0.01827060756358356 0
2112 0.6204958555490548 0.4280855458048429 0
2113 0.2769779084512739 0.1958658284094612 0
2114 0.4703856501894363 0.4215148770511314 0
2115 0.5212499241520433 0.03239058205121981 0
2116 0.2600837901136253 0.01671132878092751 0
2117 0.5153320215865116 0.4344756100335521 0
2118 0.09004835173943992 0.01718932239342064 0
2119 0.2493915490305677 0.02883063850711476 0
2120 0.515329627876784 0.02160345628897586 0
2121 0.7222937454932216 0.008394439083908634 0
2122 0.703367596941369 0.3385340417887241 0
2123 0.7141379611532944 0.1144327865094292 0
2124 0.3908203789413895 0.3774245016060949 0
2125 0.3954932368597487 0.3628388092998218 0
2126 0.292716267823772 0.01742816258268992 0
2127 0.7017973212558699 0.248775728266649 0
2128 0.5044758114877639 0.4222391181033151 0
2129 0.7029993179503548 0.09535921809479903 0
2130 0.4812832909552962 0.4220473029045674 0
2131 0.2308175550638015 0.007406694323521368 0
2132 0.6652706400236661 0.421431718634434 0
2133 0.6910234897150046 0.06647455691937426 0
2134 0.5817310402407898 0.4242969302590883 0
2135 0.4598359618752638 0.4208600809122736 0
2136 0.2201548485993843 0.006615016059760337 0
2137 0.6616388094345773 0.03674878644619195 0
2138 0.1293839972815486 0.05059536674429627 0
2139 0.7145326285986807 0.3204639116306766 0
2140 0.4927010551258432 0.4337410107207206 0
2141 0.3505108279124106 0.2833147173654841 0
2142 0.2394601589058085 0.1816287329503684 0
2143 0.7000629151280686 0.4238428640434059 0
2144 0.6500796934179462 0.03688025919097426 0
2145 0.2034187670170609 0.02847112580365047 0
2146 0.6522835684832665 0.4186804152658993 0
2147 0.6386340775377446 0.03666753529418326 0
2148 0.1914728820365243 0.01625069641029642 0
2149 0.696191913799418 0.416123754720975 0
2150 0.1481263244994822 0.008093533670117115 0
2151 0.3563677140832653 0.2970112757117649 0
2152 0.6271533509524299 0.03641122186507095 0
2153 0.1803384491438089 0.02856525804293636 0
2154 0.61568225725641 0.03628646575877853 0
2155 0.1652070134732009 0.09183628670108346 0
2156 0.3649588724144591 0.3320116253746002 0
2157 0.09968878302333162 0.01603371751009181 0
2158 0.170703966993737 0.02666871387049269 0
2159 0.3091555168284874 0.2622361391049221 0
2160 0.6042149748675112 0.03618294372956121 0
2161 0.634594840988754 0.4323536344760484 0
2162 0.2129012862701047 0.01666285518903604 0
2163 0.2410177892245666 0.1706000099981332 0
2164 0.2408471973333469 0.01792894267646206 0
2165 0.5927554782662668 0.03608117352389573 0
2166 0.6914103157126139 0.4075647655687054 0
2167 0.2508399698023022 0.2104466638051256 0
2168 0.2626496045306336 0.1986639371310184 0
2169 0.7027281065413439 0.4381269237269561 0
2170 0.5815680443765875 0.03560861383094988 0
2171 0.4343715751720493 0.4112360242798732 0
2172 0.7152110935413286 0.4238015688737573 0
2173 0.7557139384887566 0.006819467089278386 0
2174 0.7289325986323135 0.4560692337453761 0
2175 0.7708763540831728 0.3942857142857142 0
2176 0.7405459109314897 0.08571161262447546 0
2177 0.7402366411546339 0.1890382773473725 0
2178 0.7708025668138921 0.3142857142857143 0
2179 0.770802566813892 0.2114285714285717 0
2180 0.7707991012121846 0.3485597765694718 0
2181 0.7690893136233589 0.2902120888042929 0
2182 0.7405974331861077 0.1314285714285713 0
2183 0.7402366411546339 0.1081045797954845 0
2184 0.7405974331861077 0.04000000000000037 0
2185 0.7406117818639242 0.06289855771302372 0
2186 0.770802566813892 0.3714285714285713 0
2187 0.7708025668138921 0.2685714285714287 0
2188 0.7691736478649454 0.2469201783074915 0
2189 0.7405974331861077 0.1657142857142855 0
2190 0.7646739648230454 0.4364249374523427 0
2191 0.7398848883515852 0.4068421616336854 0
2192 0.7402366411546339 0.2347525630616582 0
2193 0.7708938235789035 0.1428571428571432 0
2194 0.7405061764210961 0.3028571428571428 0
2195 0.7708938235789036 0.09714285714285725 0
2196 0.7423317892502441 0.3269146706339591 0
2197 0.7405974331861078 0.28 0
2198 0.7690644454366885 0.07312662866883457 0
2199 0.7708025668138919 0.1200000000000001 0
2200 0.770802566813892 0.05142857142857171 0
2201 0.7423144175267999 0.3818697040353761 0
2202 0.7405974331861078 0.36 0
2203 0.770802566813892 0.1771428571428576 0
2204 0.7405974331861078 0.2571428571428571 0
2205 0.7305365068307212 0.4330859849381005 0
2206 0.7691077138332751 0.02972585570478153 0
2207 0.7695086676247175 0.4151497140474351 0
2208 0.7540483677990837 0.4523116643035465 0
2209 0.7405974331861077 0.2114285714285711 0
2210 0.7392621511191216 0.01694465175640825 0
2211 0.7399123969299661 0.4185953378058711 0
2212 0.7492701173251842 0.4137100909580347 0
2213 0.7502412851337436 0.402141109004529 0
2214 0.7482902959992134 0.4246569568413615 0
2215 0.7354950526675008 0.4635513586245305 0
2216 0.7399618302074544 0.4537585536236227 0
2217 0.7211637647720145 0.4417089106869089 0
2218 0.7584811104001485 0.4195909734630828 0
2219 0.7327947304817161 0.4449510946339633 0
2220 0.7447973044323319 0.4443624765050968 0
2221 0.7403114352630171 0.02851651968522911 0
2222 0.7500950103291179 0.03462742392056489 0
2223 0.750542324861829 0.04553601799085233 0
2224 0.760901286500357 0.04013629638926175 0
2225 0.7501462861605244 0.02279118711361378 0
2226 0.7718647318125501 0.01716914585939133 0
2227 0.7708319018436398 0.3828736899834688 0
2228 0.7611840185968932 0.3767389903291627 0
2229 0.7608859116976289 0.3657515602574486 0
2230 0.7504351019024968 0.3711746215789007 0
2231 0.7611771299448916 0.38697478999463 0
2232 0.7597976719887721 0.409088094970192 0
2233 0.7406311702435041 0.3946921905478984 0
2234 0.7406207818317949 0.05142754598571042 0
2235 0.750402762398802 0.05717757633505538 0
2236 0.7500769293293833 0.06817396303698087 0
2237 0.7609304972113862 0.0626778161868452 0
2238 0.7707953738551137 0.3599983890769277 0
2239 0.7609949989562733 0.3542723982822086 0
2240 0.760939947618498 0.3428235895707157 0
2241 0.75100772490194 0.3485007693256805 0
2242 0.7510485748963919 0.3370722684585477 0
2243 0.7612993994887473 0.3318650242815036 0
2244 0.7708025668138919 0.1657142857142862 0
2245 0.7609963903927958 0.1714285714285721 0
2246 0.7592892513595532 0.1587941074067948 0
2247 0.7592049171179669 0.1840736254814218 0
2248 0.7507183009305027 0.1763456461453532 0
2249 0.7708177762747271 0.1314285714285717 0
2250 0.7609989253029349 0.125714285714286 0
2251 0.7592052792479868 0.1130692316614358 0
2252 0.7507184768926115 0.1207972109975047 0
2253 0.7593048229504084 0.1383487497360628 0
2254 0.7708025668138921 0.2228571428571432 0
2255 0.7609963903927959 0.2171428571428575 0
2256 0.7592892513595533 0.2045083931210805 0
2257 0.759204917117967 0.2297879111957074 0
2258 0.7507183009305028 0.2220599318596385 0
2259 0.7706245098675319 0.1997990179011327 0
2260 0.7706397193283671 0.1540847321868469 0
2261 0.7403350311031514 0.1433116365968348 0
2262 0.7402912974226588 0.1539069695026373 0
2263 0.7512162835432259 0.148582249850945 0
2264 0.7705280893785265 0.0855211047781394 0
2265 0.7609051336277839 0.09142857142857197 0
2266 0.7605131359302084 0.08079360219290643 0
2267 0.7706257239764394 0.1083686814673822 0
2268 0.7404909669602608 0.2914285714285714 0
2269 0.7501163299697673 0.2852474369383418 0
2270 0.7504948663722157 0.2742857142857144 0
2271 0.761180762232072 0.2795424057085831 0
2272 0.7405974331861078 0.2685714285714286 0
2273 0.7504036096072041 0.2628571428571429 0
2274 0.7502172548284242 0.2518830651682636 0
2275 0.7611947215623034 0.2575905457929645 0
2276 0.7408712830692952 0.3144857784389932 0
2277 0.7504948663722155 0.3085714285714286 0
2278 0.7404910325902302 0.245867842800225 0
2279 0.751328294534734 0.2403007359436267 0
2280 0.7706082813804815 0.3026543957530965 0
2281 0.7605975988591315 0.2979277535689303 0
2282 0.7402748990979058 0.1996233143896317 0
2283 0.7511794987994049 0.1943106976305944 0
2284 0.7703389676691097 0.2346894434886286 0
2285 0.7405974331861077 0.0971428571428572 0
2286 0.7512865069216488 0.1023995485657259 0
2287 0.7705807780028742 0.1887406786589974 0
2288 0.7498356676782916 0.3197777506357167 0
2289 0.7708769002296699 0.3372021800683498 0
2290 0.7709718809543623 0.3257967639579586 0
2291 0.7613087028895523 0.02285842302796276 0
2292 0.7404274351232321 0.07421565804916935 0
2293 0.7549934374002373 0.4405080446227961 0
2294 0.7514313462576144 0.3908165664849161 0
2295 0.7469731774387606 0.4621062953479342 0
2296 0.7724423134295049 0.04025814470452299 0
2297 0.7642470056838737 0.01016792217468826 0
2298 0.7404004026197176 0.3379013428339521 0
2299 0.7471450201311921 0.01012562731525546 0
2300 0.7499299886145955 0.07993838634910716 0
2301 0.7587158875572533 0.05139125566611724 0
2302 0.7389493905230808 0.3711802936942839 0
2303 0.7724395018923933 0.06258946039970747 0
2304 0.752182824350725 0.3599703037847204 0
2305 0.7386811121415531 0.3487089938604979 0
2306 0.7619404556705009 0.3086137932219854 0
2307 0.7625832934705525 0.1024817780531946 0
2308 0.7500035988562619 0.2967872184020623 0
2309 0.7617500889169202 0.1485575684534001 0
2310 0.7724945285338646 0.279665184616861 0
2311 0.7401163004499035 0.2232122473339401 0
2312 0.7614526742178541 0.2400000000000003 0
2313 0.7518372723631555 0.1313281408484264 0
2314 0.7401163004499034 0.1774979616196543 0
2315 0.7501249494510578 0.09094453481762049 0
2316 0.7725141872482282 0.2574735733915199 0
2317 0.7518354068056958 0.211529002008717 0
2318 0.7617162007526981 0.1942859942685609 0
2319 0.7518354068056957 0.1658147162944315 0
2320 0.7588153053175375 0.2685694474431667 0
2321 0.7401163080839668 0.1196448955232029 0
2322 0.7608218218250051 0.3198632181260869 0
2323 0.7704310123364465 0.4047901326948213 0
2324 0.7669734665561749 0.4260352013252909 0
2325 0.7606591332907735 0.3980160679058005 0
2326 0.7472315516930775 0.4345409206508043 0
2327 0.7567739711453162 0.4302928390592797 0
2328 0.7398429347879841 0.4289562257482075 0
2329 0.741299341289505 0.4699941938564152 0
2330 0.7531022771042185 0.3811519956883519 0
2331 0.7585770110790786 0.03115002976575793 0
2332 0.7488489942193787 0.1576086862998655 0
2333 0.7488462254215562 0.203323816518424 0
2334 0.7587441276427627 0.2478788281983729 0
2335 0.7488521788731063 0.1395392412051139 0
2336 0.748671746496011 0.1119651142242995 0
2337 0.7585646042673376 0.2891070348631168 0
2338 0.7486747524644434 0.2308805958086603 0
2339 0.7485784083025445 0.1849414019067215 0
2340 0.7528921685821464 0.3277719072572984 0
2341 0.7584201286264968 0.07210346224587999 0
2342 0.7377076166660902 0.007638257023511841 0
2343 0.7736508122573387 0.00767760801777051 0
2344 0.7557121906707798 0.01455252534415974 0
2345 0.7223693557163582 0.4508859918252853 0
2346 0.7622735087073981 0.445360547097656 0
2347 0.7390406056451662 0.4371793404952345 0
2348 0.733036214816166 0.4228451344239008 0
2349 0.4471507703324099 0.4432622801210896 0
2350 0.4185057947780565 0.4276896499136217 0
2351 0.4695778625630968 0.447681212626351 0
2352 0.4013326952233094 0.4140252368730261 0
2353 0.4903828320110402 0.4804217972933995 0
2354 0.5117236555501826 0.481745260176596 0
2355 0.5337131438430697 0.4818874424871475 0
2356 0.5566195492818375 0.4838426781939948 0
2357 0.5775711949386818 0.4855012949568371 0
2358 0.417450618232461 0.4656742442487605 0
2359 0.362043190648651 0.4159104249811892 0
2360 0.3483368246612324 0.3997414190085118 0
2361 0.3350657303870395 0.381140759165369 0
2362 0.3190983611797864 0.365185552087524 0
2363 0.3048958670551034 0.3479312662927697 0
2364 0.290234056032276 0.3304564829030365 0
2365 0.2755724057660857 0.3129815925826974 0
2366 0.2609108545008979 0.2955066505751921 0
2367 0.2452765295560879 0.2769774602316235 0
2368 0.23064716778932 0.2595428657887178 0
2369 0.2160178060225528 0.2421082713458128 0
2370 0.2013884442557857 0.2246736769029078 0
2371 0.1867590824890178 0.207239082460002 0
2372 0.1721297207222504 0.1898044880170967 0
2373 0.1575003589554836 0.1723698935741923 0
2374 0.1428709971887159 0.1549352991312865 0
2375 0.1282416354219481 0.1375007046883809 0
2376 0.1142052935442189 0.1208522913050196 0
2377 0.09941322239120842 0.1034250150546885 0
2378 0.08396391372502654 0.08425245075234483 0
2379 0.0701215319815115 0.06759222534530041 0
2380 0.05465904633058427 0.05027048864452471 0
2381 0.04005037566767977 0.03214073789317873 0
2382 0.595112915751843 0.4559007218357856 0
2383 0.4478828808902432 0.4751028123066506 0
2384 0.3899611597981045 0.4474446959255021 0
2385 0.610166477220081 0.4796311423470084 0
2386 0.5024283963989533 0.4512951029730768 0
2387 0.5263467050673396 0.4519981234470093 0
2388 0.4686090285056298 0.4810106060993046 0
2389 0.3781136252391371 0.3885732439593289 0
2390 0.5486967731489527 0.4534888709060161 0
2391 0.3785919974728901 0.4325668011638094 0
2392 0.3631427714995159 0.3705168070321099 0
2393 0.3485883236139445 0.3529684738914982 0
2394 0.3337874171971412 0.335516259256218 0
2395 0.5722104383996177 0.4536902488578373 0
2396 0.3190584967663687 0.3179629565456193 0
2397 0.3043295920079057 0.3004096548091762 0
2398 0.289600654929328 0.282856393763547 0
2399 0.2748715737948052 0.265303239905785 0
2400 0.2601422166106528 0.2477502318284892 0
2401 0.2454126245073301 0.2301972363802596 0
2402 0.2306833820456909 0.2126437532362685 0
2403 0.2159559329103808 0.1950888978062173 0
2404 0.2012321095219035 0.17753205712446 0
2405 0.186511700133187 0.1599747508565242 0
2406 0.1717875223828164 0.1424233340425117 0
2407 0.1570644358888361 0.1248761899120183 0
2408 0.14229853621675 0.1073473206920506 0
2409 0.1274438421016989 0.08986133156825971 0
2410 0.1124464741736585 0.07236295117202723 0
2411 0.06871628469364144 0.01954278473538928 0
2412 0.09817418920307697 0.05464934826480577 0
2413 0.08368990598077442 0.03787176103080392 0
2414 0.0490750726632333 0.009756298438776345 0
2415 0.0253466223423271 0.0157765097896469 0
2416 0.6156377392072506 0.4563132847267132 0
2417 0.6144245639560794 0.4683372990147327 0
2418 0.6033768638862963 0.4721178339422694 0
2419 0.6005862894856775 0.4817110462487749 0
2420 0.5933927693349165 0.4737717609727854 0
2421 0.458902676428622 0.4460741275724789 0
2422 0.4633154279543594 0.4560106290140523 0
2423 0.4738281052173172 0.457330838981867 0
2424 0.4525452206335933 0.4543884734333506 0
2425 0.4419539047059189 0.4527413398047401 0
2426 0.4354779411111863 0.4434777805195118 0
2427 0.4313595949356058 0.4523439554224364 0
2428 0.4355085664481165 0.4617055577851981 0
2429 0.4254543525982084 0.4432463099245074 0
2430 0.4569112435409521 0.4647531370143001 0
2431 0.4206328689993443 0.4514610173772063 0
2432 0.4148804660450085 0.4428999543103178 0
2433 0.4105578966489443 0.4517698466384855 0
2434 0.4048820016368985 0.4423653351270764 0
2435 0.4094113073213063 0.4215518322585904 0
2436 0.399127372134408 0.4244446577970826 0
2437 0.3910490291985761 0.4168103835546005 0
2438 0.3884644251067718 0.4271644910262905 0
2439 0.3806741953629846 0.4198106885132736 0
2440 0.383152622348956 0.4090823231171611 0
2441 0.6055395071655405 0.462109258840347 0
2442 0.3972738318812083 0.4341408209572011 0
2443 0.3937106528032713 0.4061331278985727 0
2444 0.3859202284300176 0.3976095640678089 0
2445 0.3745829756289408 0.3994713092728885 0
2446 0.3668000362619314 0.39062718221576 0
2447 0.3627043539739122 0.401743306982949 0
2448 0.06070236175126964 0.009615200726451778 0
2449 0.05466789815778972 0.01957027055672989 0
2450 0.0620131617117391 0.02925838213703624 0
2451 0.04292388844061501 0.01919038797271466 0
2452 0.07339142488972994 0.03018825916183776 0
2453 0.07365743481361398 0.04233454886333221 0
2454 0.0820190656021661 0.04878676114086067 0
2455 0.07192987246200133 0.0534000860437891 0
2456 0.08086167208952555 0.06047039854423475 0
2457 0.08183359926396749 0.07218451507834595 0
2458 0.0922517461753869 0.06518838725513804 0
2459 0.5899296704427861 0.4850807270391471 0
2460 0.3697952893612673 0.4237945228527734 0
2461 0.3719129246158777 0.4104046687238745 0
2462 0.4802527287791277 0.4488126711782818 0
2463 0.4844926420657103 0.4587742235321215 0
2464 0.4776071458745817 0.4672069568372652 0
2465 0.4883931054982183 0.4690197666965781 0
2466 0.4954159735338974 0.4602978798311658 0
2467 0.4979681686889758 0.4713865652613568 0
2468 0.5070896146384067 0.4631324297694388 0
2469 0.5145672458015087 0.45192826796164 0
2470 0.520533054357482 0.4615583527524157 0
2471 0.532286436605178 0.4606884202147586 0
2472 0.5271403624417574 0.4707684319906789 0
2473 0.5399970551579373 0.4695764928601447 0
2474 0.5452552943775733 0.4816264135783903 0
2475 0.5533528734439949 0.4717657009792772 0
2476 0.5640558580936356 0.4760198566047421 0
2477 0.5624200580247881 0.4659638872272063 0
2478 0.572835685623581 0.4699040129236571 0
2479 0.5159826037614503 0.472128861421887 0
2480 0.5221621799458704 0.4816986495007455 0
2481 0.5605597476051424 0.4541863549206646 0
2482 0.5831447593293178 0.4545257133838699 0
2483 0.5880080413025488 0.4644532887966953 0
2484 0.03302006141473279 0.02412826170209409 0
2485 0.04741327329283251 0.04133954650522781 0
2486 0.3705846088426796 0.3794880913457609 0
2487 0.3589300202967406 0.3811968398672413 0
2488 0.3524636795612531 0.3724267154214922 0
2489 0.3475990648135475 0.3826940056587613 0
2490 0.4913211758332985 0.4498984587418576 0
2491 0.1055375094145738 0.0634194336225502 0
2492 0.1009691510007502 0.07432217961177728 0
2493 0.1083046403231257 0.0831047736281465 0
2494 0.09652792755848527 0.08426766796200474 0
2495 0.1198257023905079 0.08121121561684752 0
2496 0.1159598197779171 0.09186677024135737 0
2497 0.1233682657907335 0.100650401878591 0
2498 0.1114888408481954 0.1019987743093155 0
2499 0.1347818985527113 0.09866372582044081 0
2500 0.1309307338985692 0.1093637867546422 0
2501 0.1383066653955419 0.1181364691010942 0
2502 0.1264071869519224 0.1195077233634937 0
2503 0.1496419398250348 0.1161380846083605 0
2504 0.1457858644222946 0.1268477395422963 0
2505 0.1531789171730632 0.1356063764969055 0
2506 0.1411116696864047 0.1368536128560679 0
2507 0.1644202893571794 0.1336512109228897 0
2508 0.160557219240327 0.1443539893859392 0
2509 0.1679114841758674 0.1531243024683621 0
2510 0.1565908398251066 0.1551788757698327 0
2511 0.1791476873525119 0.1511950688676108 0
2512 0.1752786284730884 0.1618897199985591 0
2513 0.1826248679095005 0.1706701431312267 0
2514 0.170514991465321 0.1718413780992448 0
2515 0.1938653589235548 0.1687520480878599 0
2516 0.1899942652391571 0.179441607632997 0
2517 0.1973417484762197 0.188227183787212 0
2518 0.1851999202921917 0.1893516010477439 0
2519 0.2085765983045549 0.1863232284046811 0
2520 0.204714868483178 0.1969998120301269 0
2521 0.2120668424255241 0.2057847170233707 0
2522 0.1998912675864624 0.2068653526639635 0
2523 0.223301832305408 0.203880434237168 0
2524 0.219443460669573 0.2145548300456564 0
2525 0.2267975314686315 0.223339007799582 0
2526 0.2145883117422703 0.2243786376052907 0
2527 0.2380307259430349 0.2214344896173602 0
2528 0.2341752409849415 0.2321075610655486 0
2529 0.2415298510514843 0.2408910867182281 0
2530 0.229287498779511 0.2418910349478798 0
2531 0.2527607540645426 0.2389871971765808 0
2532 0.2489074602359274 0.2496590982017546 0
2533 0.2562618124978893 0.258442396873131 0
2534 0.2439866848238571 0.2594028959462954 0
2535 0.2674906193988349 0.2565397608004485 0
2536 0.2636390404896518 0.2672104319419706 0
2537 0.2709929548532062 0.2759938161710738 0
2538 0.258685167814621 0.2769146832649407 0
2539 0.2822294269040881 0.2740800140074947 0
2540 0.2783714831306705 0.2847599258675994 0
2541 0.2857237409609195 0.2935452623129973 0
2542 0.2735508059077579 0.2946086792596531 0
2543 0.2969586218330174 0.2916330221134498 0
2544 0.2931019660276289 0.3023117772448459 0
2545 0.3004539402039677 0.3110973806289489 0
2546 0.288253618433632 0.3121276127021917 0
2547 0.3116876735788205 0.3091861854563678 0
2548 0.3078321584402324 0.3198639508763606 0
2549 0.3151839535264572 0.3286497375197671 0
2550 0.30295619964667 0.3296467813706596 0
2551 0.3264167081809101 0.326739387753551 0
2552 0.3225621926163059 0.3374163132449158 0
2553 0.3299138293597382 0.3462022541027447 0
2554 0.3176586266276293 0.3471661306923538 0
2555 0.3411122345659492 0.3443372649911974 0
2556 0.3368506628048498 0.354742865683174 0
2557 0.3257380192733081 0.3728677296676016 0
2558 0.3369548901887442 0.3708831790459358 0
2559 0.4790159159844029 0.4784119504805294 0
2560 0.06215191515594753 0.05892422849382484 0
2561 0.4091424166427997 0.4327153079000953 0
2562 0.4460112929871046 0.4636412259673488 0
2563 0.3560535057132245 0.3617147642032587 0
2564 0.0381990784301508 0.008651252056033842 0
2565 0.4606719826556928 0.4761684985361032 0
2566 0.5010619282736077 0.4815952081035706 0
2567 0.1491893324103759 0.1459597919970801 0
2568 0.1637696458604476 0.1634098516064475 0
2569 0.1501641928654509 0.1640201493412099 0
2570 0.1652857549681447 0.1815800292652437 0
2571 0.1333952223738283 0.1279954247525838 0
2572 0.1780055050902759 0.1806462452970013 0
2573 0.1362379109376457 0.1467258019039428 0
2574 0.1799270972408266 0.19904105508846 0
2575 0.05757928020270031 0.03911403765520149 0
2576 0.1926990408012911 0.1981612857391805 0
2577 0.3420872474399604 0.3914311022406375 0
2578 0.2068472779147431 0.2154204561933073 0
2579 0.1940517179010151 0.2163376553896418 0
2580 0.2215312814292645 0.2329226460960488 0
2581 0.2086799909388253 0.2337882829239915 0
2582 0.3435969425729736 0.3646726254785053 0
2583 0.3555016079643695 0.3916069034754074 0
2584 0.2362165490525173 0.2504235592972428 0
2585 0.2233106148683319 0.2512369800091691 0
2586 0.1186931644800484 0.1106956673365347 0
2587 0.2509018070158793 0.2679239789968233 0
2588 0.2379422825302304 0.2686847382045809 0
2589 0.2657824384857351 0.2856367892991687 0
2590 0.2528328903280486 0.2862812504923469 0
2591 0.1212200470657702 0.1292851756533947 0
2592 0.2805013788396023 0.3031753941591721 0
2593 0.268312964622431 0.3042000698833084 0
2594 0.2951931339769108 0.3206849170135964 0
2595 0.282975713410447 0.3216746494684113 0
2596 0.30988493650753 0.3381944432434127 0
2597 0.2976384748381486 0.3391492423841058 0
2598 0.3240513100732957 0.3556618880397772 0
2599 0.3121371130427769 0.3565800844154985 0
2600 0.4673151936650013 0.4656061293172814 0
2601 0.548314274400772 0.4632546726056031 0
2602 0.3535958106410492 0.4091076774021295 0
2603 0.05074480682511595 0.02980293410261525 0
2604 0.3826012579606592 0.4420481696491884 0
2605 0.1068828175191718 0.1120564621641298 0
2606 0.3999539345727934 0.4527881414344123 0
2607 0.437565331905496 0.4725508107585661 0
2608 0.4273769653060513 0.4693116783743367 0
2609 0.1037886048755839 0.09318445597048053 0
2610 0.09152257450599155 0.09435572595974345 0
2611 0.4287149177416798 0.4341668815520759 0
2612 0.01741476798811603 0.007893597332030267 0
2613 0.5371231158953613 0.4512359246754551 0
2614 0.6276388033649098 0.4542366337596244 0
2615 0.09161410712791607 0.04585641211855546 0
2616 0.09110926754472337 0.0760430401319222 0
2617 0.4082118113738917 0.4611362167942041 0
2618 0.5969031485290927 0.4651043114299839 0
2619 0.5818375531583674 0.4742903426637124 0
2620 0.5671788820459926 0.4853353783592068 0
2621 0.06438932197504077 0.04673952154885619 0
2622 0.6082542698494871 0.4882574311958633 0
2623 0.424594218347249 0.4596898101612761 0
2624 0.605023609040934 0.4532948249733463 0
2625 0.5785634054075373 0.4629388644964674 0
2626 0.08898415603961429 0.05499026146471891 0
2627 0.3310483643488263 0.3640023066670863 0
2628 0.0275620744632008 0.007285100823175961 0
2629 0.07477222738050737 0.07838156248506667 0
2630 0.5413208686457686 0.4589243614485612 0
2631 0.5726958347720517 0.4782101771016312 0
2632 0.4199161427027114 0.4359149049367774 0
2633 0.6222969367589506 0.4614952847115072 0
2634 0.5067651941825246 0.4739976649465699 0
2635 0.06630289521526833 0.03680671710004058 0
2636 0.3885124125630038 0.4360531062910881 0
2637 0.5693178670121333 0.4613366736851666 0
2638 0.3437860840787997 0.3748269089386457 0
2639 0.4385400265682559 0.4361475677099248 0
2640 0.03373612061120812 0.01583649358043249 0
2641 0.5993778390940294 0.4897904489234074 0
2642 0.4157738321611307 0.4577974175986308 0
2643 0.5558419586550496 0.4610417873211146 0
2644 0.4706438533370617 0.4736808282540967 0
2645 0.3966011755748651 0.4423992038201417 0
2646 0.6913906473303371 0.4561281452269466 0
2647 0.6706193901413492 0.4911256106541843 0
2648 0.6511030163988748 0.489755607358064 0
2649 0.6989330296226163 0.489235462073122 0
2650 0.6735410056951139 0.4571773134219406 0
2651 0.6402025008398131 0.4637512388044784 0
2652 0.7138525988956775 0.4679253638701917 0
2653 0.6293320556055559 0.4777405529917261 0
2654 0.716669473488771 0.4838360307288159 0
2655 0.7004931419832733 0.4546312971953961 0
2656 0.6970666672589558 0.4631354317939119 0
2657 0.68777984829148 0.4640652865777788 0
2658 0.6932137256685258 0.4713076231161143 0
2659 0.6839937913296086 0.4723079345347211 0
2660 0.6903559315364239 0.4818710782858383 0
2661 0.6811498299336204 0.4820437529529829 0
2662 0.674744312418729 0.473375945480606 0
2663 0.702637119741979 0.470276953588277 0
2664 0.6500090041528395 0.4575205881478933 0
2665 0.6495792505218647 0.468238887160013 0
2666 0.6572729603714998 0.4652159308119214 0
2667 0.6588727667166395 0.4745317202673917 0
2668 0.6483094318213314 0.4784602988873771 0
2669 0.6324239207530583 0.4877112997204682 0
2670 0.6855749549750964 0.4884377843287801 0
2671 0.6825818289676326 0.4569972404732375 0
2672 0.660899559953508 0.4906666745820458 0
2673 0.6647846427836175 0.4831385341086449 0
2674 0.6412056085590178 0.4892023417431159 0
2675 0.6790265903400055 0.4648239166222088 0
2676 0.66583756421657 0.46946676464669 0
2677 0.6990554713006316 0.4790460843864159 0
2678 0.7102233527434055 0.4771701912993458 0
2679 0.6387158592856081 0.4798632896504613 0
2680 0.7076505456068063 0.4866539940850775 0
2681 0.7070750201645796 0.460775683765736 0
2682 0.656339073334257 0.4826728058574924 0
2683 0.634305084564689 0.4706047191912355 0
2684 0.7204872568902727 0.4746724082690497 0
2685 0.6630321284908167 0.4589325060642641 0
2686 0.6247842725159737 0.4854473226576357 0
2687 0.6787460604807922 0.4925802540361545 0
2688 0.7249325700600823 0.4816112720604186 0
2689 0.673083519201328 0.4830076977957166 0
2690 0.6712363202322471 0.4647552892471419 0
2691 0.6920478186057646 0.4922892500320374 0
2692 0.6422224254066613 0.4721836867387131 0
2693 0.6680952473862727 0.4761181110133316 0
$EndNodes
$Elements
5386
1 15 2 7 8 8
2 15 2 6 15 15
3 1 2 5 6 6 92
4 1 2 5 6 92 93
5 1 2 5 6 93 94
6 1 2 5 6 94 95
7 1 2 5 6 95 96
8 1 2 5 6 96 97
9 1 2 5 6 97 98
10 1 2 5 6 98 99
11 1 2 5 6 99 100
12 1 2 5 6 100 101
13 1 2 5 6 101 102
14 1 2 5 6 102 103
15 1 2 5 6 103 104
16 1 2 5 6 104 105
17 1 2 5 6 105 106
18 1 2 5 6 106 107
19 1 2 5 6 107 108
20 1 2 5 6 108 109
21 1 2 5 6 109 110
22 1 2 5 6 110 111
23 1 2 5 6 111 112
24 1 2 5 6 112 113
25 1 2 5 6 113 114
26 1 2 5 6 114 115
27 1 2 5 6 115 116
28 1 2 5 6 116 117
29 1 2 5 6 117 118
30 1 2 5 6 118 119
31 1 2 5 6 119 120
32 1 2 5 6 120 121
33 1 2 5 6 121 122
34 1 2 5 6 122 123
35 1 2 5 6 123 124
36 1 2 5 6 124 125
37 1 2 5 6 125 126
38 1 2 5 6 126 127
39 1 2 5 6 127 128
40 1 2 5 6 128 129
41 1 2 5 6 129 130
42 1 2 5 6 130 131
43 1 2 5 6 131 132
44 1 2 5 6 132 133
45 1 2 5 6 133 134
46 1 2 5 6 134 135
47 1 2 5 6 135 136
48 1 2 5 6 136 137
49 1 2 5 6 137 138
50 1 2 5 6 138 139
51 1 2 5 6 139 140
52 1 2 5 6 140 141
53 1 2 5 6 141 142
54 1 2 5 6 142 143
55 1 2 5 6 143 144
56 1 2 5 6 144 145
57 1 2 5 6 145 146
58 1 2 5 6 146 147
59 1 2 5 6 147 148
60 1 2 5 6 148 7
61 1 2 4 8 8 183
62 1 2 4 8 183 184
63 1 2 4 8 184 185
64 1 2 4 8 185 186
65 1 2 4 8 186 187
66 1 2 4 8 187 188
67 1 2 4 8 188 189
68 1 2 4 8 189 190
69 1 2 4 8 190 9
70 1 2 5 10 7 195
71 1 2 5 10 195 196
72 1 2 5 10 196 197
73 1 2 5 10 197 198
74 1 2 5 10 198 10
75 1 2 4 11 10 199
76 1 2 4 11 199 200
77 1 2 4 11 200 201
78 1 2 4 11 201 202
79 1 2 4 11 202 203
80 1 2 4 11 203 204
81 1 2 4 11 204 205
82 1 2 4 11 205 206
83 1 2 4 11 206 207
84 1 2 4 11 207 208
85 1 2 4 11 208 209
86 1 2 4 11 209 210
87 1 2 4 11 210 211
88 1 2 4 11 211 212
89 1 2 4 11 212 213
90 1 2 4 11 213 214
91 1 2 4 11 214 215
92 1 2 4 11 215 216
93 1 2 4 11 216 217
94 1 2 4 11 217 218
95 1 2 4 11 218 219
96 1 2 4 11 219 220
97 1 2 4 11 220 221
98 1 2 4 11 221 222
99 1 2 4 11 222 223
100 1 2 4 11 223 224
101 1 2 4 11 224 225
102 1 2 4 11 225 226
103 1 2 4 11 226 227
104 1 2 4 11 227 228
105 1 2 4 11 228 229
106 1 2 4 11 229 230
107 1 2 4 11 230 231
108 1 2 4 11 231 232
109 1 2 4 11 232 8
110 1 2 4 13 11 238
111 1 2 4 13 238 239
112 1 2 4 13 239 240
113 1 2 4 13 240 241
114 1 2 4 13 241 242
115 1 2 4 13 242 243
116 1 2 4 13 243 244
117 1 2 4 13 244 245
118 1 2 4 13 245 246
119 1 2 4 13 246 247
120 1 2 4 13 247 248
121 1 2 4 13 248 249
122 1 2 4 13 249 12
123 1 2 4 14 12 250
124 1 2 4 14 250 251
125 1 2 4 14 251 252
126 1 2 4 14 252 253
127 1 2 4 14 253 254
128 1 2 4 14 254 255
129 1 2 4 14 255 256
130 1 2 4 14 256 257
131 1 2 4 14 257 258
132 1 2 4 14 258 259
133 1 2 4 14 259 13
134 1 2 4 15 13 260
135 1 2 4 15 260 261
136 1 2 4 15 261 262
137 1 2 4 15 262 263
138 1 2 4 15 263 264
139 1 2 4 15 264 265
140 1 2 4 15 265 266
141 1 2 4 15 266 267
142 1 2 4 15 267 268
143 1 2 4 15 268 269
144 1 2 4 15 269 270
145 1 2 4 15 270 271
146 1 2 4 15 271 272
147 1 2 4 15 272 273
148 1 2 4 15 273 274
149 1 2 4 15 274 275
150 1 2 4 15 275 276
151 1 2 4 15 276 277
152 1 2 4 15 277 278
153 1 2 4 15 278 279
154 1 2 4 15 279 280
155 1 2 4 15 280 281
156 1 2 4 15 281 282
157 1 2 4 15 282 283
158 1 2 4 15 283 284
159 1 2 4 15 284 285
160 1 2 4 15 285 286
161 1 2 4 15 286 287
162 1 2 4 15 287 288
163 1 2 4 15 288 289
164 1 2 4 15 289 290
165 1 2 4 15 290 291
166 1 2 4 15 291 292
167 1 2 4 15 292 293
168 1 2 4 15 293 294
169 1 2 4 15 294 295
170 1 2 4 15 295 296
171 1 2 4 15 296 297
172 1 2 4 15 297 298
173 1 2 4 15 298 299
174 1 2 4 15 299 300
175 1 2 4 15 300 301
176 1 2 4 15 301 302
177 1 2 4 15 302 303
178 1 2 4 15 303 304
179 1 2 4 15 304 305
180 1 2 4 15 305 306
181 1 2 4 15 306 307
182 1 2 4 15 307 308
183 1 2 4 15 308 14
184 1 2 5 16 14 309
185 1 2 5 16 309 310
186 1 2 5 16 310 311
187 1 2 5 16 311 312
188 1 2 5 16 312 313
189 1 2 5 16 313 6
190 1 2 4 17 9 314
191 1 2 4 17 314 315
192 1 2 4 17 315 316
193 1 2 4 17 316 317
194 1 2 4 17 317 318
195 1 2 4 17 318 15
196 1 2 4 18 15 319
197 1 2 4 18 319 320
198 1 2 4 18 320 321
199 1 2 4 18 321 322
200 1 2 4 18 322 323
201 1 2 4 18 323 11
202 2 2 1 1 1630 1805 1642
203 2 2 1 1 1642 1805 966
204 2 2 1 1 20 1977 365
205 2 2 1 1 1145 1590 1092
206 2 2 1 1 1641 1642 966
207 2 2 1 1 966 1808 1641
208 2 2 1 1 394 2028 1346
209 2 2 1 1 1153 2112 2004
210 2 2 1 1 1335 1338 1336
211 2 2 1 1 1346 2081 394
212 2 2 1 1 1285 2017 1271
213 2 2 1 1 1271 2017 2011
214 2 2 1 1 2004 2112 1356
215 2 2 1 1 1808 1868 1641
216 2 2 1 1 963 1868 1808
217 2 2 1 1 1338 2078 1336
218 2 2 1 1 1613 2000 384
219 2 2 1 1 1648 1868 963
220 2 2 1 1 963 1972 1648
221 2 2 1 1 358 1497 177
222 2 2 1 1 330 2120 2011
223 2 2 1 1 2011 2120 1271
224 2 2 1 1 1013 2004 1356
225 2 2 1 1 19 1977 20
226 2 2 1 1 1356 2032 1013
227 2 2 1 1 1288 1389 739
228 2 2 1 1 985 1697 1511
229 2 2 1 1 370 2034 1286
230 2 2 1 1 1493 1935 1786
231 2 2 1 1 1614 2000 1613
232 2 2 1 1 1297 1299 368
233 2 2 1 1 356 2017 1285
234 2 2 1 1 1285 2024 356
235 2 2 1 1 410 1309 412
236 2 2 1 1 1965 2015 329
237 2 2 1 1 1029 2146 1390
238 2 2 1 1 720 1371 1287
239 2 2 1 1 1279 2031 1290
240 2 2 1 1 1279 2033 2031
241 2 2 1 1 97 1589 96
242 2 2 1 1 340 1412 1411
243 2 2 1 1 1293 1588 392
244 2 2 1 1 1390 2146 1296
245 2 2 1 1 2036 2042 332
246 2 2 1 1 332 2042 1694
247 2 2 1 1 1371 2043 1164
248 2 2 1 1 50 1592 51
249 2 2 1 1 1013 2032 1385
250 2 2 1 1 332 2033 1279
251 2 2 1 1 1398 2048 2047
252 2 2 1 1 1279 2036 332
253 2 2 1 1 1292 1589 366
254 2 2 1 1 71 1330 72
255 2 2 1 1 392 1589 1293
256 2 2 1 1 1591 1689 1093
257 2 2 1 1 644 1323 409
258 2 2 1 1 1300 1924 1607
259 2 2 1 1 1303 1323 644
260 2 2 1 1 361 1313 398
261 2 2 1 1 1385 2046 1013
262 2 2 1 1 366 1590 1292
263 2 2 1 1 739 1390 1288
264 2 2 1 1 823 1983 1380
265 2 2 1 1 1159 1373 1172
266 2 2 1 1 1292 1590 1145
267 2 2 1 1 1092 1590 1093
268 2 2 1 1 1151 1918 1699
269 2 2 1 1 23 1313 361
270 2 2 1 1 1287 1983 720
271 2 2 1 1 1293 2050 1588
272 2 2 1 1 2056 2102 363
273 2 2 1 1 1024 1755 1734
274 2 2 1 1 1290 2031 356
275 2 2 1 1 1591 2069 1689
276 2 2 1 1 1411 2006 340
277 2 2 1 1 1659 2102 2056
278 2 2 1 1 1286 2091 370
279 2 2 1 1 356 2024 1290
280 2 2 1 1 1234 2015 1965
281 2 2 1 1 1295 1308 611
282 2 2 1 1 159 1315 334
283 2 2 1 1 1360 2039 1370
284 2 2 1 1 1316 1568 360
285 2 2 1 1 1304 2065 1294
286 2 2 1 1 2065 2075 1294
287 2 2 1 1 378 2044 1282
288 2 2 1 1 2006 2027 388
289 2 2 1 1 1282 2054 378
290 2 2 1 1 1411 2027 2006
291 2 2 1 1 1714 2037 2035
292 2 2 1 1 1588 2050 1592
293 2 2 1 1 720 2043 1371
294 2 2 1 1 158 1315 159
295 2 2 1 1 644 1324 1303
296 2 2 1 1 1373 2104 1172
297 2 2 1 1 409 1323 407
298 2 2 1 1 394 2161 2028
299 2 2 1 1 177 1497 178
300 2 2 1 1 1389 1395 739
301 2 2 1 1 181 1723 182
302 2 2 1 1 402 1390 404
303 2 2 1 1 336 2057 1291
304 2 2 1 1 1301 1730 328
305 2 2 1 1 62 1510 63
306 2 2 1 1 1291 2059 336
307 2 2 1 1 611 1395 1295
308 2 2 1 1 2047 2053 1398
309 2 2 1 1 1511 2088 985
310 2 2 1 1 1284 2063 1310
311 2 2 1 1 1309 2039 1360
312 2 2 1 1 1284 2068 2063
313 2 2 1 1 413 1325 411
314 2 2 1 1 1309 1360 412
315 2 2 1 1 611 1309 410
316 2 2 1 1 381 1510 1509
317 2 2 1 1 368 1348 1297
318 2 2 1 1 96 1589 392
319 2 2 1 1 366 1589 97
320 2 2 1 1 72 1330 380
321 2 2 1 1 1786 2060 1493
322 2 2 1 1 1694 2042 1282
323 2 2 1 1 1734 2101 1024
324 2 2 1 1 1282 2044 1694
325 2 2 1 1 358 2055 1497
326 2 2 1 1 385 1745 1319
327 2 2 1 1 1380 1983 1287
328 2 2 1 1 1745 1940 1056
329 2 2 1 1 51 1592 389
330 2 2 1 1 376 2068 1284
331 2 2 1 1 395 1592 50
332 2 2 1 1 1284 2073 376
333 2 2 1 1 381 1509 1508
334 2 2 1 1 1568 2016 360
335 2 2 1 1 1511 1697 1509
336 2 2 1 1 1976 2172 390
337 2 2 1 1 1699 1918 357
338 2 2 1 1 502 1370 1340
339 2 2 1 1 1360 1370 502
340 2 2 1 1 1352 1387 1378
341 2 2 1 1 1352 1378 1377
342 2 2 1 1 882 2052 2041
343 2 2 1 1 380 1330 1329
344 2 2 1 1 1394 2030 1422
345 2 2 1 1 1332 2025 1168
346 2 2 1 1 420 1450 471
347 2 2 1 1 403 1983 401
348 2 2 1 1 471 1450 1449
349 2 2 1 1 1169 2029 1340
350 2 2 1 1 378 2054 1291
351 2 2 1 1 328 2109 1301
352 2 2 1 1 341 2077 1306
353 2 2 1 1 1291 2057 378
354 2 2 1 1 1488 1495 364
355 2 2 1 1 1306 2079 341
356 2 2 1 1 1299 2067 368
357 2 2 1 1 1336 2078 1758
358 2 2 1 1 380 1329 1328
359 2 2 1 1 1723 2121 182
360 2 2 1 1 2035 2037 1115
361 2 2 1 1 1607 2072 1300
362 2 2 1 1 1288 1390 1296
363 2 2 1 1 426 1377 428
364 2 2 1 1 508 1431 421
365 2 2 1 1 934 2064 1494
366 2 2 1 1 1430 1431 508
367 2 2 1 1 365 1977 1975
368 2 2 1 1 339 2065 1304
369 2 2 1 1 1977 2172 1976
370 2 2 1 1 1588 1592 395
371 2 2 1 1 1332 1394 601
372 2 2 1 1 1029 1390 402
373 2 2 1 1 1194 2088 1512
374 2 2 1 1 1758 2113 1336
375 2 2 1 1 71 2167 1330
376 2 2 1 1 1351 1566 1387
377 2 2 1 1 1394 1422 601
378 2 2 1 1 406 1395 408
379 2 2 1 1 1494 2133 934
380 2 2 1 1 1341 2022 1342
381 2 2 1 1 1260 2111 1259
382 2 2 1 1 1304 2134 339
383 2 2 1 1 1260 2116 2111
384 2 2 1 1 1494 2064 924
385 2 2 1 1 377 2086 1311
386 2 2 1 1 1512 2097 1194
387 2 2 1 1 1311 2090 377
388 2 2 1 1 924 2071 1494
389 2 2 1 1 1392 1757 1162
390 2 2 1 1 495 1403 427
391 2 2 1 1 363 2000 1614
392 2 2 1 1 1924 1999 1607
393 2 2 1 1 1402 1403 495
394 2 2 1 1 364 1496 1488
395 2 2 1 1 1295 1395 1389
396 2 2 1 1 1422 2030 1325
397 2 2 1 1 421 1431 419
398 2 2 1 1 1366 2038 2026
399 2 2 1 1 767 2019 474
400 2 2 1 1 63 1510 381
401 2 2 1 1 351 1510 62
402 2 2 1 1 1336 2113 1331
403 2 2 1 1 1341 1430 508
404 2 2 1 1 2062 2106 84
405 2 2 1 1 1500 2071 924
406 2 2 1 1 418 1450 420
407 2 2 1 1 1493 2055 1935
408 2 2 1 1 411 1325 644
409 2 2 1 1 6 92 47
410 2 2 1 1 1155 1375 1374
411 2 2 1 1 924 2076 1500
412 2 2 1 1 601 2025 1332
413 2 2 1 1 404 1390 739
414 2 2 1 1 471 1449 1349
415 2 2 1 1 388 2027 1307
416 2 2 1 1 413 1422 1325
417 2 2 1 1 340 1413 1412
418 2 2 1 1 1340 2029 502
419 2 2 1 1 1713 2159 1165
420 2 2 1 1 1294 2075 386
421 2 2 1 1 427 1403 425
422 2 2 1 1 1413 2124 367
423 2 2 1 1 1318 1733 383
424 2 2 1 1 351 1512 1511
425 2 2 1 1 435 1407 433
426 2 2 1 1 386 2082 1294
427 2 2 1 1 1310 2063 336
428 2 2 1 1 1308 1309 611
429 2 2 1 1 1165 2037 1713
430 2 2 1 1 1350 1352 769
431 2 2 1 1 1605 2034 370
432 2 2 1 1 336 2059 1310
433 2 2 1 1 1786 1935 1753
434 2 2 1 1 1614 2056 363
435 2 2 1 1 367 2125 1413
436 2 2 1 1 508 2022 1341
437 2 2 1 1 1055 2002 1053
438 2 2 1 1 495 1404 1402
439 2 2 1 1 64 1513 65
440 2 2 1 1 1716 1717 1274
441 2 2 1 1 2041 2052 1414
442 2 2 1 1 2046 2134 1437
443 2 2 1 1 1240 2103 1686
444 2 2 1 1 24 1313 23
445 2 2 1 1 769 1377 426
446 2 2 1 1 1349 1887 471
447 2 2 1 1 1351 1387 1352
448 2 2 1 1 351 1511 1510
449 2 2 1 1 428 1377 445
450 2 2 1 1 769 1887 1350
451 2 2 1 1 401 1983 823
452 2 2 1 1 1302 2131 1333
453 2 2 1 1 1318 1734 1733
454 2 2 1 1 1293 1589 1292
455 2 2 1 1 1302 2136 2131
456 2 2 1 1 21 2169 1
457 2 2 1 1 1283 2106 2062
458 2 2 1 1 762 1322 1320
459 2 2 1 1 739 1395 406
460 2 2 1 1 1580 2015 1234
461 2 2 1 1 1164 2043 1323
462 2 2 1 1 1745 2093 1319
463 2 2 1 1 671 1442 618
464 2 2 1 1 396 1317 21
465 2 2 1 1 1686 2126 1240
466 2 2 1 1 2153 2158 1688
467 2 2 1 1 1699 2151 1151
468 2 2 1 1 1688 2158 1689
469 2 2 1 1 1331 2113 1392
470 2 2 1 1 971 1437 1326
471 2 2 1 1 1396 2018 1178
472 2 2 1 1 865 1757 1392
473 2 2 1 1 1321 1619 838
474 2 2 1 1 408 1395 611
475 2 2 1 1 1305 2082 386
476 2 2 1 1 359 1327 38
477 2 2 1 1 22 396 21
478 2 2 1 1 720 1983 403
479 2 2 1 1 39 394 3
480 2 2 1 1 1329 1392 1162
481 2 2 1 1 91 2006 5
482 2 2 1 1 1387 1566 982
483 2 2 1 1 386 2094 1305
484 2 2 1 1 1060 1441 1440
485 2 2 1 1 1052 1441 1060
486 2 2 1 1 784 2010 701
487 2 2 1 1 376 2073 1306
488 2 2 1 1 2114 2130 2045
489 2 2 1 1 474 2019 1407
490 2 2 1 1 1398 2135 2048
491 2 2 1 1 1307 2084 388
492 2 2 1 1 1306 2077 376
493 2 2 1 1 1326 1920 971
494 2 2 1 1 2096 2126 345
495 2 2 1 1 1429 1920 1326
496 2 2 1 1 1350 1887 1349
497 2 2 1 1 1540 2008 1538
498 2 2 1 1 1305 2094 331
499 2 2 1 1 1174 1441 1052
500 2 2 1 1 1157 1406 1027
501 2 2 1 1 1277 1729 1286
502 2 2 1 1 1663 2116 1260
503 2 2 1 1 331 2105 1305
504 2 2 1 1 1320 1831 762
505 2 2 1 1 433 1407 762
506 2 2 1 1 440 1504 443
507 2 2 1 1 474 1407 435
508 2 2 1 1 1260 2119 1663
509 2 2 1 1 644 1325 1324
510 2 2 1 1 2026 2038 1378
511 2 2 1 1 1539 1992 1541
512 2 2 1 1 65 1513 348
513 2 2 1 1 1056 2093 1745
514 2 2 1 1 1448 2002 1055
515 2 2 1 1 770 1920 1429
516 2 2 1 1 838 1620 1321
517 2 2 1 1 342 1335 1334
518 2 2 1 1 1057 1505 1063
519 2 2 1 1 431 1831 429
520 2 2 1 1 1317 2169 21
521 2 2 1 1 1590 1591 1093
522 2 2 1 1 1319 2021 385
523 2 2 1 1 1488 1496 1489
524 2 2 1 1 1489 1496 1492
525 2 2 1 1 381 1513 64
526 2 2 1 1 983 1620 836
527 2 2 1 1 1234 2058 1580
528 2 2 1 1 1312 2126 2096
529 2 2 1 1 1818 1843 751
530 2 2 1 1 359 2112 1327
531 2 2 1 1 1989 2078 1338
532 2 2 1 1 1440 1443 1060
533 2 2 1 1 1385 2134 2046
534 2 2 1 1 1324 1406 1303
535 2 2 1 1 1328 1903 380
536 2 2 1 1 1441 1442 671
537 2 2 1 1 1501 1502 764
538 2 2 1 1 1047 1443 1189
539 2 2 1 1 395 2157 1588
540 2 2 1 1 37 1355 359
541 2 2 1 1 764 1502 674
542 2 2 1 1 618 1442 599
543 2 2 1 1 1168 2025 1431
544 2 2 1 1 341 2079 1311
545 2 2 1 1 422 1887 424
546 2 2 1 1 1574 1979 1354
547 2 2 1 1 1541 1904 613
548 2 2 1 1 1330 1331 1329
549 2 2 1 1 551 1985 544
550 2 2 1 1 1448 1941 1446
551 2 2 1 1 548 1358 550
552 2 2 1 1 1311 2086 341
553 2 2 1 1 1346 2028 1296
554 2 2 1 1 1621 2010 784
555 2 2 1 1 1512 2088 1511
556 2 2 1 1 1359 1971 1892
557 2 2 1 1 980 1988 978
558 2 2 1 1 1940 2074 1056
559 2 2 1 1 1367 1531 753
560 2 2 1 1 753 1867 1367
561 2 2 1 1 1075 1445 1364
562 2 2 1 1 1355 1356 359
563 2 2 1 1 1382 1501 764
564 2 2 1 1 1364 1445 1177
565 2 2 1 1 1450 2029 1169
566 2 2 1 1 1239 1317 396
567 2 2 1 1 986 2008 1540
568 2 2 1 1 552 1447 549
569 2 2 1 1 1342 2022 1403
570 2 2 1 1 1147 1992 1539
571 2 2 1 1 1382 1850 1383
572 2 2 1 1 971 2046 1437
573 2 2 1 1 99 2069 1591
574 2 2 1 1 1531 1784 753
575 2 2 1 1 674 1502 695
576 2 2 1 1 1303 1406 1157
577 2 2 1 1 764 1850 1382
578 2 2 1 1 655 1574 1383
579 2 2 1 1 602 1376 553
580 2 2 1 1 1383 1850 655
581 2 2 1 1 1344 1784 1531
582 2 2 1 1 1353 1376 602
583 2 2 1 1 1327 2112 1258
584 2 2 1 1 2098 2100 1235
585 2 2 1 1 1281 1991 1280
586 2 2 1 1 1055 1941 1448
587 2 2 1 1 751 1843 1472
588 2 2 1 1 1753 2129 1786
589 2 2 1 1 1188 1404 1171
590 2 2 1 1 1315 2072 334
591 2 2 1 1 553 1376 598
592 2 2 1 1 390 2143 1976
593 2 2 1 1 602 1357 1353
594 2 2 1 1 439 1784 1344
595 2 2 1 1 838 2019 767
596 2 2 1 1 1027 1406 980
597 2 2 1 1 762 1407 1322
598 2 2 1 1 443 1504 752
599 2 2 1 1 1344 1504 439
600 2 2 1 1 5 2006 388
601 2 2 1 1 1650 2105 331
602 2 2 1 1 1540 2013 2012
603 2 2 1 1 1269 2009 2007
604 2 2 1 1 37 359 38
605 2 2 1 1 1343 1505 752
606 2 2 1 1 752 1504 1343
607 2 2 1 1 439 1504 440
608 2 2 1 1 1313 2132 398
609 2 2 1 1 1174 2014 1442
610 2 2 1 1 1053 2002 1174
611 2 2 1 1 2007 2009 784
612 2 2 1 1 1340 1370 1369
613 2 2 1 1 495 1831 1404
614 2 2 1 1 2012 2013 1379
615 2 2 1 1 1340 1369 1051
616 2 2 1 1 1352 1377 769
617 2 2 1 1 1270 2145 1691
618 2 2 1 1 1258 2112 1153
619 2 2 1 1 1413 1414 1412
620 2 2 1 1 1238 1503 1502
621 2 2 1 1 1713 2037 1714
622 2 2 1 1 547 1361 1359
623 2 2 1 1 655 1979 1574
624 2 2 1 1 1404 1831 1320
625 2 2 1 1 1171 1404 1320
626 2 2 1 1 1063 1505 1343
627 2 2 1 1 331 2117 1650
628 2 2 1 1 1359 1892 547
629 2 2 1 1 2045 2130 349
630 2 2 1 1 1541 1992 1904
631 2 2 1 1 1065 1505 1057
632 2 2 1 1 1347 1505 1065
633 2 2 1 1 429 1831 495
634 2 2 1 1 412 1360 414
635 2 2 1 1 733 1446 1445
636 2 2 1 1 1189 1443 1440
637 2 2 1 1 1065 1843 1347
638 2 2 1 1 762 1831 431
639 2 2 1 1 836 1620 838
640 2 2 1 1 1277 2109 1729
641 2 2 1 1 1496 1497 1492
642 2 2 1 1 1060 1620 983
643 2 2 1 1 17 390 18
644 2 2 1 1 1445 1446 1177
645 2 2 1 1 414 1360 502
646 2 2 1 1 1051 1842 939
647 2 2 1 1 1347 1843 1818
648 2 2 1 1 550 1358 602
649 2 2 1 1 1321 1443 1047
650 2 2 1 1 1402 1404 1188
651 2 2 1 1 813 1386 982
652 2 2 1 1 1400 1401 1273
653 2 2 1 1 1369 1842 1051
654 2 2 1 1 733 1447 1446
655 2 2 1 1 1174 1442 1441
656 2 2 1 1 153 1391 154
657 2 2 1 1 1892 1971 1358
658 2 2 1 1 154 1391 343
659 2 2 1 1 840 1386 813
660 2 2 1 1 878 1408 967
661 2 2 1 1 471 1887 422
662 2 2 1 1 840 1388 1365
663 2 2 1 1 1365 1386 840
664 2 2 1 1 1894 1986 565
665 2 2 1 1 1408 1409 967
666 2 2 1 1 802 1912 1405
667 2 2 1 1 1062 1417 995
668 2 2 1 1 1617 1985 551
669 2 2 1 1 988 1798 1471
670 2 2 1 1 36 1384 1355
671 2 2 1 1 1650 2117 387
672 2 2 1 1 1566 1963 867
673 2 2 1 1 1886 1982 1520
674 2 2 1 1 424 1887 769
675 2 2 1 1 352 1372 151
676 2 2 1 1 1287 1371 1160
677 2 2 1 1 613 1904 1428
678 2 2 1 1 600 1447 552
679 2 2 1 1 352 1373 1372
680 2 2 1 1 459 1470 1468
681 2 2 1 1 1471 1798 1469
682 2 2 1 1 377 2090 1312
683 2 2 1 1 150 1396 352
684 2 2 1 1 1237 1998 1995
685 2 2 1 1 549 1447 733
686 2 2 1 1 20 365 2
687 2 2 1 1 1380 2166 823
688 2 2 1 1 1388 1417 1062
689 2 2 1 1 1466 1880 1468
690 2 2 1 1 548 1892 1358
691 2 2 1 1 453 1704 455
692 2 2 1 1 1406 1988 980
693 2 2 1 1 1617 1934 1562
694 2 2 1 1 1468 1880 459
695 2 2 1 1 387 2128 1650
696 2 2 1 1 1312 2096 377
697 2 2 1 1 1364 1894 1075
698 2 2 1 1 1447 1448 1446
699 2 2 1 1 1397 1399 1398
700 2 2 1 1 349 2130 1314
701 2 2 1 1 1397 1398 1163
702 2 2 1 1 1517 1973 1518
703 2 2 1 1 1188 1405 1368
704 2 2 1 1 1688 2148 1105
705 2 2 1 1 1368 1402 1188
706 2 2 1 1 1105 2153 1688
707 2 2 1 1 1173 1380 1287
708 2 2 1 1 1510 1511 1509
709 2 2 1 1 1237 1995 1238
710 2 2 1 1 602 1358 1357
711 2 2 1 1 394 2081 3
712 2 2 1 1 2002 2014 1174
713 2 2 1 1 4 349 26
714 2 2 1 1 1269 2003 1429
715 2 2 1 1 1066 1393 1332
716 2 2 1 1 1288 1296 1154
717 2 2 1 1 1734 1735 1733
718 2 2 1 1 1435 1883 1433
719 2 2 1 1 957 1397 1163
720 2 2 1 1 168 1735 169
721 2 2 1 1 1269 2007 2003
722 2 2 1 1 36 1355 37
723 2 2 1 1 1160 1371 1158
724 2 2 1 1 342 1337 1335
725 2 2 1 1 1405 1912 1368
726 2 2 1 1 1257 2041 1414
727 2 2 1 1 1421 1616 935
728 2 2 1 1 1064 1388 1062
729 2 2 1 1 1472 1704 751
730 2 2 1 1 1179 1381 1380
731 2 2 1 1 1502 1503 695
732 2 2 1 1 1046 1154 1153
733 2 2 1 1 1163 1275 1014
734 2 2 1 1 1038 1394 1393
735 2 2 1 1 1845 1849 941
736 2 2 1 1 1393 1394 1332
737 2 2 1 1 1517 1849 1845
738 2 2 1 1 1591 2150 99
739 2 2 1 1 1179 1380 1173
740 2 2 1 1 957 1014 880
741 2 2 1 1 1330 2167 1334
742 2 2 1 1 1095 1477 1476
743 2 2 1 1 1182 1883 1435
744 2 2 1 1 1417 1909 995
745 2 2 1 1 1472 1774 1471
746 2 2 1 1 1365 1388 1064
747 2 2 1 1 994 1434 1433
748 2 2 1 1 1276 1409 1408
749 2 2 1 1 876 1415 874
750 2 2 1 1 874 1415 882
751 2 2 1 1 806 1570 1473
752 2 2 1 1 1426 1428 1068
753 2 2 1 1 1155 2122 1375
754 2 2 1 1 1354 1979 1376
755 2 2 1 1 551 1934 1617
756 2 2 1 1 1094 1736 1527
757 2 2 1 1 939 1842 803
758 2 2 1 1 701 2010 707
759 2 2 1 1 1476 1762 1095
760 2 2 1 1 459 1704 1470
761 2 2 1 1 1472 1843 1774
762 2 2 1 1 1331 1392 1329
763 2 2 1 1 1068 1427 1426
764 2 2 1 1 1433 1883 994
765 2 2 1 1 1330 1334 1331
766 2 2 1 1 463 1750 466
767 2 2 1 1 957 1163 1014
768 2 2 1 1 1428 1764 613
769 2 2 1 1 1273 1401 1019
770 2 2 1 1 150 352 151
771 2 2 1 1 803 1907 724
772 2 2 1 1 1538 2008 1539
773 2 2 1 1 544 1985 547
774 2 2 1 1 1471 1774 988
775 2 2 1 1 1426 1764 1428
776 2 2 1 1 1045 1046 974
777 2 2 1 1 751 1704 453
778 2 2 1 1 880 1408 878
779 2 2 1 1 1046 1153 974
780 2 2 1 1 1351 1963 1566
781 2 2 1 1 1173 1287 1160
782 2 2 1 1 369 1391 153
783 2 2 1 1 1372 1374 369
784 2 2 1 1 860 972 970
785 2 2 1 1 1527 1736 842
786 2 2 1 1 1066 1418 1393
787 2 2 1 1 877 878 876
788 2 2 1 1 1434 1840 1506
789 2 2 1 1 1154 1258 1153
790 2 2 1 1 455 1704 459
791 2 2 1 1 149 1396 150
792 2 2 1 1 1469 1798 1473
793 2 2 1 1 152 1372 369
794 2 2 1 1 977 1418 848
795 2 2 1 1 3 2081 25
796 2 2 1 1 1032 1399 1397
797 2 2 1 1 1158 1371 1164
798 2 2 1 1 1061 1388 840
799 2 2 1 1 994 1840 1434
800 2 2 1 1 1525 1527 842
801 2 2 1 1 1477 1930 1889
802 2 2 1 1 1301 1998 1237
803 2 2 1 1 875 876 874
804 2 2 1 1 1428 1895 1068
805 2 2 1 1 879 880 878
806 2 2 1 1 1473 1798 806
807 2 2 1 1 1616 1617 1562
808 2 2 1 1 1727 1880 1466
809 2 2 1 1 1405 1416 802
810 2 2 1 1 1364 1986 1894
811 2 2 1 1 1079 1532 1480
812 2 2 1 1 973 974 972
813 2 2 1 1 995 1909 807
814 2 2 1 1 1431 2025 419
815 2 2 1 1 802 1416 734
816 2 2 1 1 1172 1173 1160
817 2 2 1 1 860 973 972
818 2 2 1 1 818 1762 1476
819 2 2 1 1 1061 1417 1388
820 2 2 1 1 1474 1478 818
821 2 2 1 1 1733 1735 168
822 2 2 1 1 1142 1982 1886
823 2 2 1 1 1374 1375 369
824 2 2 1 1 1046 1389 1288
825 2 2 1 1 1727 1889 684
826 2 2 1 1 1377 1378 445
827 2 2 1 1 339 1385 1384
828 2 2 1 1 818 1476 1474
829 2 2 1 1 1570 1828 1480
830 2 2 1 1 1159 1160 1158
831 2 2 1 1 1156 1158 1157
832 2 2 1 1 169 1735 338
833 2 2 1 1 1158 1164 1157
834 2 2 1 1 1238 1995 1503
835 2 2 1 1 1095 1750 1477
836 2 2 1 1 35 1384 36
837 2 2 1 1 806 1828 1570
838 2 2 1 1 842 1530 1525
839 2 2 1 1 799 800 771
840 2 2 1 1 684 1880 1727
841 2 2 1 1 339 1384 35
842 2 2 1 1 1363 1616 1421
843 2 2 1 1 1898 1945 996
844 2 2 1 1 800 860 859
845 2 2 1 1 1599 1602 1499
846 2 2 1 1 1393 1418 977
847 2 2 1 1 935 1616 1564
848 2 2 1 1 912 1564 910
849 2 2 1 1 1032 1397 958
850 2 2 1 1 725 799 771
851 2 2 1 1 860 1871 973
852 2 2 1 1 875 877 876
853 2 2 1 1 1845 1973 1517
854 2 2 1 1 151 1372 152
855 2 2 1 1 873 875 874
856 2 2 1 1 1403 2022 425
857 2 2 1 1 1521 1523 687
858 2 2 1 1 603 1541 613
859 2 2 1 1 1275 1307 1276
860 2 2 1 1 1156 1157 1027
861 2 2 1 1 1419 1851 1185
862 2 2 1 1 873 874 786
863 2 2 1 1 725 771 770
864 2 2 1 1 461 1750 463
865 2 2 1 1 554 1860 1553
866 2 2 1 1 1046 1288 1154
867 2 2 1 1 351 2001 1512
868 2 2 1 1 848 1418 811
869 2 2 1 1 152 369 153
870 2 2 1 1 1416 1436 734
871 2 2 1 1 563 1905 1563
872 2 2 1 1 1189 1440 1439
873 2 2 1 1 687 1528 1521
874 2 2 1 1 1045 1389 1046
875 2 2 1 1 466 1750 1095
876 2 2 1 1 946 1948 1507
877 2 2 1 1 935 1564 912
878 2 2 1 1 1373 1374 1372
879 2 2 1 1 1155 1156 1027
880 2 2 1 1 972 1013 970
881 2 2 1 1 1523 1530 687
882 2 2 1 1 1921 2020 1167
883 2 2 1 1 737 1851 1419
884 2 2 1 1 1686 2103 1259
885 2 2 1 1 1480 1828 1079
886 2 2 1 1 877 879 878
887 2 2 1 1 624 1533 1506
888 2 2 1 1 517 1530 515
889 2 2 1 1 1526 1900 1527
890 2 2 1 1 1019 1401 962
891 2 2 1 1 1941 1974 1140
892 2 2 1 1 960 1032 958
893 2 2 1 1 646 1827 1439
894 2 2 1 1 1026 1027 980
895 2 2 1 1 1506 1533 1434
896 2 2 1 1 910 1564 1561
897 2 2 1 1 1499 1602 1498
898 2 2 1 1 581 1425 748
899 2 2 1 1 1899 1900 1526
900 2 2 1 1 1553 1860 1550
901 2 2 1 1 1889 1930 684
902 2 2 1 1 1475 1478 1474
903 2 2 1 1 1420 1857 616
904 2 2 1 1 1498 1602 354
905 2 2 1 1 1692 1919 1554
906 2 2 1 1 973 1871 1071
907 2 2 1 1 1425 1427 748
908 2 2 1 1 1560 1925 1563
909 2 2 1 1 1178 1179 1173
910 2 2 1 1 1563 1905 1556
911 2 2 1 1 1842 1907 803
912 2 2 1 1 1376 1979 598
913 2 2 1 1 958 1397 957
914 2 2 1 1 1538 1539 625
915 2 2 1 1 1628 1631 1601
916 2 2 1 1 1788 1814 1110
917 2 2 1 1 978 1038 977
918 2 2 1 1 610 1533 624
919 2 2 1 1 910 1561 908
920 2 2 1 1 973 1045 974
921 2 2 1 1 750 1427 873
922 2 2 1 1 1321 1620 1443
923 2 2 1 1 1259 2111 1686
924 2 2 1 1 1164 1323 1303
925 2 2 1 1 1337 1338 1335
926 2 2 1 1 1426 1427 1425
927 2 2 1 1 1855 1858 630
928 2 2 1 1 1419 1912 802
929 2 2 1 1 415 1422 413
930 2 2 1 1 494 1754 504
931 2 2 1 1 1642 1643 1630
932 2 2 1 1 1927 1934 551
933 2 2 1 1 1190 1909 1417
934 2 2 1 1 881 957 880
935 2 2 1 1 1480 1532 1479
936 2 2 1 1 1436 1819 712
937 2 2 1 1 1475 1754 1478
938 2 2 1 1 955 978 977
939 2 2 1 1 799 870 800
940 2 2 1 1 867 1435 1432
941 2 2 1 1 1536 1538 625
942 2 2 1 1 1439 1827 1189
943 2 2 1 1 1552 1891 1553
944 2 2 1 1 1896 1905 563
945 2 2 1 1 955 977 848
946 2 2 1 1 935 1852 1421
947 2 2 1 1 1792 1796 1112
948 2 2 1 1 586 587 584
949 2 2 1 1 1560 1927 1925
950 2 2 1 1 1191 1858 1855
951 2 2 1 1 724 725 706
952 2 2 1 1 1066 1332 1168
953 2 2 1 1 1525 1530 1523
954 2 2 1 1 1267 1429 1326
955 2 2 1 1 1580 2058 367
956 2 2 1 1 515 1530 842
957 2 2 1 1 1527 1900 1094
958 2 2 1 1 978 1988 1038
959 2 2 1 1 1532 1832 1451
960 2 2 1 1 878 967 876
961 2 2 1 1 1473 1570 1542
962 2 2 1 1 1042 1430 1341
963 2 2 1 1 723 1866 1423
964 2 2 1 1 979 980 978
965 2 2 1 1 811 871 810
966 2 2 1 1 1464 1479 1455
967 2 2 1 1 1375 2020 1391
968 2 2 1 1 1443 1620 1060
969 2 2 1 1 1169 1340 1051
970 2 2 1 1 625 1541 603
971 2 2 1 1 944 1559 1558
972 2 2 1 1 867 1432 710
973 2 2 1 1 1420 1862 1191
974 2 2 1 1 1449 1450 1169
975 2 2 1 1 1416 1819 1436
976 2 2 1 1 1079 1832 1532
977 2 2 1 1 944 1558 1557
978 2 2 1 1 523 1593 521
979 2 2 1 1 687 1530 517
980 2 2 1 1 1032 1401 1400
981 2 2 1 1 1478 1754 494
982 2 2 1 1 1601 1631 1600
983 2 2 1 1 1066 1168 1041
984 2 2 1 1 521 1593 1528
985 2 2 1 1 818 1478 489
986 2 2 1 1 860 970 859
987 2 2 1 1 1354 1575 1574
988 2 2 1 1 1600 1631 344
989 2 2 1 1 1464 1480 1479
990 2 2 1 1 735 1419 802
991 2 2 1 1 960 1401 1032
992 2 2 1 1 1618 1857 1420
993 2 2 1 1 1552 1896 1891
994 2 2 1 1 1898 1909 1190
995 2 2 1 1 1470 1704 1472
996 2 2 1 1 1630 1643 1629
997 2 2 1 1 354 1651 1498
998 2 2 1 1 1428 1904 1895
999 2 2 1 1 1075 1894 539
1000 2 2 1 1 1788 1789 760
1001 2 2 1 1 521 1528 519
1002 2 2 1 1 871 1066 1041
1003 2 2 1 1 519 1528 687
1004 2 2 1 1 705 724 706
1005 2 2 1 1 1267 1326 1268
1006 2 2 1 1 1156 1159 1158
1007 2 2 1 1 1191 1862 1858
1008 2 2 1 1 1521 1528 1519
1009 2 2 1 1 809 811 810
1010 2 2 1 1 1040 1051 939
1011 2 2 1 1 1080 1811 1534
1012 2 2 1 1 944 1557 906
1013 2 2 1 1 1629 1643 335
1014 2 2 1 1 489 1478 494
1015 2 2 1 1 1584 1879 1583
1016 2 2 1 1 1453 1838 1534
1017 2 2 1 1 1877 1881 1011
1018 2 2 1 1 604 1536 625
1019 2 2 1 1 1040 1169 1051
1020 2 2 1 1 703 705 704
1021 2 2 1 1 698 1436 712
1022 2 2 1 1 763 1792 1674
1023 2 2 1 1 1546 1788 1110
1024 2 2 1 1 1653 1655 1550
1025 2 2 1 1 1040 1449 1169
1026 2 2 1 1 541 1444 1075
1027 2 2 1 1 1552 1905 1896
1028 2 2 1 1 1550 1860 1653
1029 2 2 1 1 1168 1431 1430
1030 2 2 1 1 657 1506 703
1031 2 2 1 1 828 1609 1072
1032 2 2 1 1 1159 1172 1160
1033 2 2 1 1 616 1862 1420
1034 2 2 1 1 580 1451 583
1035 2 2 1 1 871 1041 872
1036 2 2 1 1 737 1419 735
1037 2 2 1 1 867 1963 1435
1038 2 2 1 1 733 1445 1444
1039 2 2 1 1 1444 1445 1075
1040 2 2 1 1 847 848 811
1041 2 2 1 1 1675 1792 1112
1042 2 2 1 1 1424 1764 1426
1043 2 2 1 1 1326 1437 1268
1044 2 2 1 1 1528 1593 1519
1045 2 2 1 1 1429 2003 770
1046 2 2 1 1 600 1448 1447
1047 2 2 1 1 748 1427 750
1048 2 2 1 1 760 1814 1788
1049 2 2 1 1 1455 1479 1454
1050 2 2 1 1 705 706 704
1051 2 2 1 1 906 1557 904
1052 2 2 1 1 809 810 795
1053 2 2 1 1 1534 1811 1438
1054 2 2 1 1 365 2018 2
1055 2 2 1 1 780 1846 1612
1056 2 2 1 1 1323 2043 407
1057 2 2 1 1 732 803 724
1058 2 2 1 1 1789 1800 760
1059 2 2 1 1 800 859 771
1060 2 2 1 1 765 1919 1692
1061 2 2 1 1 589 1452 1438
1062 2 2 1 1 587 1764 1424
1063 2 2 1 1 811 1418 871
1064 2 2 1 1 1275 1276 1014
1065 2 2 1 1 1548 1655 898
1066 2 2 1 1 908 1561 944
1067 2 2 1 1 804 939 803
1068 2 2 1 1 1514 1529 1520
1069 2 2 1 1 914 1852 935
1070 2 2 1 1 576 1454 885
1071 2 2 1 1 1604 1606 1605
1072 2 2 1 1 1604 1607 1606
1073 2 2 1 1 1481 1482 371
1074 2 2 1 1 1454 1479 885
1075 2 2 1 1 1143 1544 1543
1076 2 2 1 1 735 802 734
1077 2 2 1 1 1550 1655 1548
1078 2 2 1 1 609 610 608
1079 2 2 1 1 586 588 587
1080 2 2 1 1 582 1425 581
1081 2 2 1 1 709 1436 698
1082 2 2 1 1 609 628 610
1083 2 2 1 1 870 1871 800
1084 2 2 1 1 763 1796 1792
1085 2 2 1 1 1423 1866 1214
1086 2 2 1 1 731 735 734
1087 2 2 1 1 1573 1575 993
1088 2 2 1 1 628 1533 610
1089 2 2 1 1 1467 1542 1459
1090 2 2 1 1 696 698 697
1091 2 2 1 1 1506 1840 703
1092 2 2 1 1 734 1436 709
1093 2 2 1 1 1586 1732 893
1094 2 2 1 1 864 1957 866
1095 2 2 1 1 1645 1648 1647
1096 2 2 1 1 1423 1881 1877
1097 2 2 1 1 1190 1945 1898
1098 2 2 1 1 1112 1719 1675
1099 2 2 1 1 1634 1830 1635
1100 2 2 1 1 750 873 786
1101 2 2 1 1 1507 1948 1225
1102 2 2 1 1 587 1424 584
1103 2 2 1 1 504 1754 566
1104 2 2 1 1 1574 1575 1573
1105 2 2 1 1 873 1427 1068
1106 2 2 1 1 1452 1534 1438
1107 2 2 1 1 601 1422 415
1108 2 2 1 1 703 704 702
1109 2 2 1 1 651 1184 628
1110 2 2 1 1 1581 1878 1852
1111 2 2 1 1 1473 1542 1467
1112 2 2 1 1 1585 1586 893
1113 2 2 1 1 757 1543 1111
1114 2 2 1 1 393 1565 1481
1115 2 2 1 1 1432 1433 1184
1116 2 2 1 1 1110 1761 1546
1117 2 2 1 1 1070 1501 1382
1118 2 2 1 1 578 1451 580
1119 2 2 1 1 1432 1435 1433
1120 2 2 1 1 448 1783 444
1121 2 2 1 1 646 1439 627
1122 2 2 1 1 891 1618 1074
1123 2 2 1 1 812 867 710
1124 2 2 1 1 146 1481 371
1125 2 2 1 1 1674 1802 763
1126 2 2 1 1 1254 1863 1612
1127 2 2 1 1 954 955 848
1128 2 2 1 1 1194 1568 1567
1129 2 2 1 1 1553 1891 554
1130 2 2 1 1 710 1432 651
1131 2 2 1 1 1026 1155 1027
1132 2 2 1 1 1181 1950 870
1133 2 2 1 1 936 1637 1084
1134 2 2 1 1 1269 1429 1267
1135 2 2 1 1 698 712 697
1136 2 2 1 1 1049 1171 1170
1137 2 2 1 1 344 1706 1600
1138 2 2 1 1 527 1593 523
1139 2 2 1 1 533 1529 1514
1140 2 2 1 1 1558 1563 1556
1141 2 2 1 1 1038 1393 977
1142 2 2 1 1 1187 1188 1171
1143 2 2 1 1 1537 1540 1538
1144 2 2 1 1 675 1827 646
1145 2 2 1 1 696 697 675
1146 2 2 1 1 736 737 735
1147 2 2 1 1 794 795 737
1148 2 2 1 1 752 1505 1347
1149 2 2 1 1 131 1646 330
1150 2 2 1 1 871 872 810
1151 2 2 1 1 1194 1567 1193
1152 2 2 1 1 651 1432 1184
1153 2 2 1 1 1612 1846 1248
1154 2 2 1 1 759 1543 757
1155 2 2 1 1 657 703 702
1156 2 2 1 1 1585 1756 1622
1157 2 2 1 1 1539 1541 625
1158 2 2 1 1 1615 1657 976
1159 2 2 1 1 731 734 709
1160 2 2 1 1 1171 1320 1170
1161 2 2 1 1 543 1444 541
1162 2 2 1 1 1866 1885 1660
1163 2 2 1 1 1646 1647 330
1164 2 2 1 1 1559 1560 1558
1165 2 2 1 1 976 1658 1615
1166 2 2 1 1 1322 1619 1170
1167 2 2 1 1 1479 1532 885
1168 2 2 1 1 334 1604 1603
1169 2 2 1 1 335 1696 1629
1170 2 2 1 1 1423 1877 723
1171 2 2 1 1 1230 1848 1076
1172 2 2 1 1 893 1756 1585
1173 2 2 1 1 1577 1578 619
1174 2 2 1 1 574 1454 576
1175 2 2 1 1 607 609 608
1176 2 2 1 1 585 586 584
1177 2 2 1 1 1514 1515 639
1178 2 2 1 1 1508 1513 381
1179 2 2 1 1 1170 1619 1048
1180 2 2 1 1 481 1761 479
1181 2 2 1 1 1049 1170 1048
1182 2 2 1 1 871 1418 1066
1183 2 2 1 1 596 1577 619
1184 2 2 1 1 589 1438 586
1185 2 2 1 1 705 732 724
1186 2 2 1 1 940 1040 939
1187 2 2 1 1 1645 1647 1646
1188 2 2 1 1 1152 1658 975
1189 2 2 1 1 884 1049 1048
1190 2 2 1 1 561 1725 594
1191 2 2 1 1 624 1506 657
1192 2 2 1 1 1676 1677 680
1193 2 2 1 1 641 1719 620
1194 2 2 1 1 1567 1579 1193
1195 2 2 1 1 1543 1544 1111
1196 2 2 1 1 795 1851 737
1197 2 2 1 1 1871 1950 1071
1198 2 2 1 1 585 589 586
1199 2 2 1 1 1487 1610 1484
1200 2 2 1 1 800 1871 860
1201 2 2 1 1 1595 1602 1599
1202 2 2 1 1 588 590 587
1203 2 2 1 1 942 1555 1551
1204 2 2 1 1 1604 1605 1603
1205 2 2 1 1 1133 1531 1367
1206 2 2 1 1 1267 1268 1266
1207 2 2 1 1 580 582 581
1208 2 2 1 1 1490 1610 1487
1209 2 2 1 1 629 651 628
1210 2 2 1 1 444 1783 442
1211 2 2 1 1 982 1566 812
1212 2 2 1 1 1132 1133 1064
1213 2 2 1 1 1074 1618 1420
1214 2 2 1 1 627 1439 671
1215 2 2 1 1 1057 1062 995
1216 2 2 1 1 1133 1366 1365
1217 2 2 1 1 1063 1064 1062
1218 2 2 1 1 1100 1554 1547
1219 2 2 1 1 531 1514 639
1220 2 2 1 1 1483 1651 371
1221 2 2 1 1 88 1580 367
1222 2 2 1 1 996 1453 1452
1223 2 2 1 1 874 882 786
1224 2 2 1 1 801 1826 985
1225 2 2 1 1 627 671 618
1226 2 2 1 1 1337 1339 1338
1227 2 2 1 1 807 1909 729
1228 2 2 1 1 1439 1440 671
1229 2 2 1 1 393 1723 1565
1230 2 2 1 1 676 1608 1456
1231 2 2 1 1 683 996 638
1232 2 2 1 1 1555 1556 1551
1233 2 2 1 1 885 1451 578
1234 2 2 1 1 1042 1341 1186
1235 2 2 1 1 1783 1836 442
1236 2 2 1 1 1263 1265 1264
1237 2 2 1 1 580 581 579
1238 2 2 1 1 90 340 91
1239 2 2 1 1 1635 1830 612
1240 2 2 1 1 931 1770 936
1241 2 2 1 1 665 1576 776
1242 2 2 1 1 610 624 623
1243 2 2 1 1 781 1810 1569
1244 2 2 1 1 144 1651 354
1245 2 2 1 1 1265 1267 1266
1246 2 2 1 1 695 696 675
1247 2 2 1 1 607 608 606
1248 2 2 1 1 572 1608 676
1249 2 2 1 1 708 709 698
1250 2 2 1 1 989 995 807
1251 2 2 1 1 902 1555 942
1252 2 2 1 1 851 1656 779
1253 2 2 1 1 975 1658 976
1254 2 2 1 1 1498 1651 1483
1255 2 2 1 1 442 1836 441
1256 2 2 1 1 1594 1602 1595
1257 2 2 1 1 1168 1430 1041
1258 2 2 1 1 1464 1570 1480
1259 2 2 1 1 1459 1542 1457
1260 2 2 1 1 583 584 582
1261 2 2 1 1 1342 1403 1402
1262 2 2 1 1 927 1581 921
1263 2 2 1 1 1268 1437 1304
1264 2 2 1 1 616 1857 1847
1265 2 2 1 1 393 1481 147
1266 2 2 1 1 1569 1810 1244
1267 2 2 1 1 1451 1832 583
1268 2 2 1 1 1486 1488 1487
1269 2 2 1 1 885 1532 1451
1270 2 2 1 1 1470 1471 1469
1271 2 2 1 1 576 885 578
1272 2 2 1 1 1563 1925 563
1273 2 2 1 1 1482 1486 1484
1274 2 2 1 1 148 393 147
1275 2 2 1 1 712 884 883
1276 2 2 1 1 1133 1367 1366
1277 2 2 1 1 578 580 579
1278 2 2 1 1 1542 1570 1464
1279 2 2 1 1 1468 1469 1467
1280 2 2 1 1 1132 1531 1133
1281 2 2 1 1 1057 1063 1062
1282 2 2 1 1 1152 1659 1658
1283 2 2 1 1 1063 1132 1064
1284 2 2 1 1 564 600 552
1285 2 2 1 1 1238 1502 1501
1286 2 2 1 1 333 1714 1703
1287 2 2 1 1 1058 1575 1354
1288 2 2 1 1 732 804 803
1289 2 2 1 1 464 1736 462
1290 2 2 1 1 1366 1386 1365
1291 2 2 1 1 989 1057 995
1292 2 2 1 1 1486 1487 1484
1293 2 2 1 1 1016 1573 993
1294 2 2 1 1 1603 1605 370
1295 2 2 1 1 1424 1426 1425
1296 2 2 1 1 676 1454 574
1297 2 2 1 1 1237 1238 1149
1298 2 2 1 1 638 1452 589
1299 2 2 1 1 1137 1143 819
1300 2 2 1 1 653 1545 631
1301 2 2 1 1 626 627 618
1302 2 2 1 1 606 1536 604
1303 2 2 1 1 1482 1484 1483
1304 2 2 1 1 1187 1405 1188
1305 2 2 1 1 583 585 584
1306 2 2 1 1 1457 1464 1455
1307 2 2 1 1 667 1576 665
1308 2 2 1 1 1565 1723 1495
1309 2 2 1 1 1433 1434 1184
1310 2 2 1 1 392 1588 1587
1311 2 2 1 1 479 1761 1110
1312 2 2 1 1 676 1455 1454
1313 2 2 1 1 354 1602 1594
1314 2 2 1 1 550 552 549
1315 2 2 1 1 620 1719 1112
1316 2 2 1 1 605 607 606
1317 2 2 1 1 898 1655 895
1318 2 2 1 1 549 733 546
1319 2 2 1 1 610 623 608
1320 2 2 1 1 819 1543 759
1321 2 2 1 1 921 1581 918
1322 2 2 1 1 548 549 546
1323 2 2 1 1 1812 1860 554
1324 2 2 1 1 1457 1542 1464
1325 2 2 1 1 469 1762 472
1326 2 2 1 1 1344 1531 1132
1327 2 2 1 1 1133 1365 1064
1328 2 2 1 1 1514 1520 1515
1329 2 2 1 1 889 1618 891
1330 2 2 1 1 1438 1811 588
1331 2 2 1 1 730 731 709
1332 2 2 1 1 531 639 529
1333 2 2 1 1 572 676 574
1334 2 2 1 1 1349 1449 1044
1335 2 2 1 1 594 1725 1636
1336 2 2 1 1 1488 1489 1487
1337 2 2 1 1 738 1608 570
1338 2 2 1 1 1470 1472 1471
1339 2 2 1 1 1582 1584 1583
1340 2 2 1 1 936 1770 1637
1341 2 2 1 1 1482 1483 371
1342 2 2 1 1 1466 1467 1459
1343 2 2 1 1 1424 1425 582
1344 2 2 1 1 779 1656 562
1345 2 2 1 1 904 1557 1555
1346 2 2 1 1 462 1736 1094
1347 2 2 1 1 1049 1187 1171
1348 2 2 1 1 617 618 599
1349 2 2 1 1 1468 1470 1469
1350 2 2 1 1 1041 1042 872
1351 2 2 1 1 1149 1501 1070
1352 2 2 1 1 1180 1181 870
1353 2 2 1 1 738 1856 1608
1354 2 2 1 1 586 1438 588
1355 2 2 1 1 997 1584 1582
1356 2 2 1 1 1560 1563 1558
1357 2 2 1 1 1551 1552 1549
1358 2 2 1 1 1098 1554 1100
1359 2 2 1 1 1486 1565 1495
1360 2 2 1 1 884 1048 1047
1361 2 2 1 1 576 578 577
1362 2 2 1 1 1639 1643 1642
1363 2 2 1 1 645 646 627
1364 2 2 1 1 132 1646 131
1365 2 2 1 1 1515 1517 1516
1366 2 2 1 1 533 1514 531
1367 2 2 1 1 1466 1468 1467
1368 2 2 1 1 1143 1543 819
1369 2 2 1 1 574 576 575
1370 2 2 1 1 1560 1934 1927
1371 2 2 1 1 996 1452 638
1372 2 2 1 1 1677 1719 680
1373 2 2 1 1 1624 1631 1628
1374 2 2 1 1 997 1582 745
1375 2 2 1 1 1044 1449 1040
1376 2 2 1 1 605 606 604
1377 2 2 1 1 140 1706 344
1378 2 2 1 1 1486 1495 1488
1379 2 2 1 1 1369 1370 1181
1380 2 2 1 1 572 574 573
1381 2 2 1 1 1041 1430 1042
1382 2 2 1 1 580 583 582
1383 2 2 1 1 1265 1269 1267
1384 2 2 1 1 1852 1878 1421
1385 2 2 1 1 598 599 564
1386 2 2 1 1 1070 1382 1069
1387 2 2 1 1 812 1566 867
1388 2 2 1 1 640 1578 679
1389 2 2 1 1 1657 1661 976
1390 2 2 1 1 674 675 646
1391 2 2 1 1 942 1549 1548
1392 2 2 1 1 553 564 552
1393 2 2 1 1 1595 1597 1596
1394 2 2 1 1 1653 1654 1652
1395 2 2 1 1 1522 1524 1523
1396 2 2 1 1 88 367 89
1397 2 2 1 1 537 565 535
1398 2 2 1 1 902 942 900
1399 2 2 1 1 558 1725 561
1400 2 2 1 1 392 1587 95
1401 2 2 1 1 886 1579 1039
1402 2 2 1 1 614 1636 688
1403 2 2 1 1 1624 1626 1625
1404 2 2 1 1 1639 1641 1640
1405 2 2 1 1 594 1636 614
1406 2 2 1 1 944 1561 1559
1407 2 2 1 1 354 1594 143
1408 2 2 1 1 1095 1762 469
1409 2 2 1 1 1238 1501 1149
1410 2 2 1 1 1363 1617 1616
1411 2 2 1 1 808 809 795
1412 2 2 1 1 804 940 939
1413 2 2 1 1 1164 1303 1157
1414 2 2 1 1 991 1575 1058
1415 2 2 1 1 568 738 570
1416 2 2 1 1 637 638 589
1417 2 2 1 1 904 1555 902
1418 2 2 1 1 1453 1534 1452
1419 2 2 1 1 1265 1266 1264
1420 2 2 1 1 1025 1069 1016
1421 2 2 1 1 1074 1191 1088
1422 2 2 1 1 798 1611 718
1423 2 2 1 1 1549 1553 1550
1424 2 2 1 1 1074 1088 945
1425 2 2 1 1 535 1529 533
1426 2 2 1 1 541 1075 539
1427 2 2 1 1 136 1696 335
1428 2 2 1 1 1039 1579 1567
1429 2 2 1 1 1456 1457 1455
1430 2 2 1 1 344 1631 1623
1431 2 2 1 1 914 935 912
1432 2 2 1 1 1595 1599 1597
1433 2 2 1 1 922 923 921
1434 2 2 1 1 891 1074 945
1435 2 2 1 1 942 1551 1549
1436 2 2 1 1 1652 1656 851
1437 2 2 1 1 1594 1595 372
1438 2 2 1 1 1076 1824 1576
1439 2 2 1 1 1577 1841 1572
1440 2 2 1 1 1089 1661 1657
1441 2 2 1 1 1518 1522 1521
1442 2 2 1 1 565 1529 535
1443 2 2 1 1 920 921 918
1444 2 2 1 1 570 572 571
1445 2 2 1 1 887 1571 889
1446 2 2 1 1 1469 1473 1467
1447 2 2 1 1 1101 1692 1554
1448 2 2 1 1 908 944 906
1449 2 2 1 1 1485 1500 1499
1450 2 2 1 1 900 1548 898
1451 2 2 1 1 1654 1813 1656
1452 2 2 1 1 711 812 710
1453 2 2 1 1 528 529 527
1454 2 2 1 1 1524 1526 1525
1455 2 2 1 1 705 1840 732
1456 2 2 1 1 652 710 651
1457 2 2 1 1 1515 1516 639
1458 2 2 1 1 146 371 145
1459 2 2 1 1 1715 1724 790
1460 2 2 1 1 1009 1076 713
1461 2 2 1 1 161 1603 370
1462 2 2 1 1 1585 1622 1082
1463 2 2 1 1 757 1111 755
1464 2 2 1 1 1537 1538 1536
1465 2 2 1 1 1101 1554 1098
1466 2 2 1 1 681 1676 680
1467 2 2 1 1 545 546 543
1468 2 2 1 1 1098 1100 844
1469 2 2 1 1 1009 1230 1076
1470 2 2 1 1 920 922 921
1471 2 2 1 1 680 1719 641
1472 2 2 1 1 1834 1846 780
1473 2 2 1 1 872 1851 810
1474 2 2 1 1 1639 1642 1641
1475 2 2 1 1 894 1652 853
1476 2 2 1 1 725 770 706
1477 2 2 1 1 1100 1547 1546
1478 2 2 1 1 894 1653 1652
1479 2 2 1 1 133 1644 132
1480 2 2 1 1 1624 1628 1626
1481 2 2 1 1 530 531 529
1482 2 2 1 1 1516 1741 639
1483 2 2 1 1 1263 1264 1262
1484 2 2 1 1 335 1643 1638
1485 2 2 1 1 154 343 155
1486 2 2 1 1 515 842 513
1487 2 2 1 1 693 1676 681
1488 2 2 1 1 682 683 638
1489 2 2 1 1 918 1581 916
1490 2 2 1 1 1354 1376 1353
1491 2 2 1 1 1645 1868 1648
1492 2 2 1 1 1623 1624 373
1493 2 2 1 1 619 1578 640
1494 2 2 1 1 1571 1618 889
1495 2 2 1 1 1626 1627 1625
1496 2 2 1 1 1552 1553 1549
1497 2 2 1 1 87 1580 88
1498 2 2 1 1 965 991 990
1499 2 2 1 1 1058 1354 1353
1500 2 2 1 1 1086 1572 1571
1501 2 2 1 1 1484 1610 1485
1502 2 2 1 1 1082 1622 741
1503 2 2 1 1 590 1764 587
1504 2 2 1 1 750 786 785
1505 2 2 1 1 1638 1639 374
1506 2 2 1 1 942 1548 900
1507 2 2 1 1 1623 1631 1624
1508 2 2 1 1 1847 1857 1572
1509 2 2 1 1 1546 1761 1545
1510 2 2 1 1 991 1058 990
1511 2 2 1 1 1176 1621 1263
1512 2 2 1 1 1612 1863 780
1513 2 2 1 1 1595 1596 372
1514 2 2 1 1 1458 1459 1457
1515 2 2 1 1 1535 1537 1536
1516 2 2 1 1 1638 1643 1639
1517 2 2 1 1 1823 1879 1584
1518 2 2 1 1 1597 1598 1596
1519 2 2 1 1 993 1575 991
1520 2 2 1 1 609 629 628
1521 2 2 1 1 1675 1719 1677
1522 2 2 1 1 1549 1550 1548
1523 2 2 1 1 929 931 930
1524 2 2 1 1 624 657 656
1525 2 2 1 1 546 1444 543
1526 2 2 1 1 1087 1633 1632
1527 2 2 1 1 1596 1706 372
1528 2 2 1 1 548 550 549
1529 2 2 1 1 1216 1423 1214
1530 2 2 1 1 728 729 683
1531 2 2 1 1 1025 1070 1069
1532 2 2 1 1 1624 1625 373
1533 2 2 1 1 1481 1565 1482
1534 2 2 1 1 713 1576 667
1535 2 2 1 1 1672 1674 1671
1536 2 2 1 1 156 368 157
1537 2 2 1 1 344 1623 139
1538 2 2 1 1 1094 1900 1835
1539 2 2 1 1 723 1885 1866
1540 2 2 1 1 532 533 531
1541 2 2 1 1 1670 1672 1671
1542 2 2 1 1 1639 1640 374
1543 2 2 1 1 1489 1491 1490
1544 2 2 1 1 1460 1466 1459
1545 2 2 1 1 925 926 923
1546 2 2 1 1 965 990 933
1547 2 2 1 1 631 1761 481
1548 2 2 1 1 1382 1383 1069
1549 2 2 1 1 636 1683 649
1550 2 2 1 1 545 548 546
1551 2 2 1 1 570 1608 572
1552 2 2 1 1 816 1086 887
1553 2 2 1 1 1821 1874 1204
1554 2 2 1 1 1087 1632 690
1555 2 2 1 1 1097 1098 844
1556 2 2 1 1 1700 1701 1699
1557 2 2 1 1 805 807 729
1558 2 2 1 1 1086 1571 887
1559 2 2 1 1 988 989 807
1560 2 2 1 1 565 1886 1529
1561 2 2 1 1 813 982 812
1562 2 2 1 1 853 1652 851
1563 2 2 1 1 1484 1485 1483
1564 2 2 1 1 776 1824 1790
1565 2 2 1 1 1135 1222 1101
1566 2 2 1 1 1625 1696 373
1567 2 2 1 1 931 936 930
1568 2 2 1 1 1670 1671 1669
1569 2 2 1 1 745 1582 743
1570 2 2 1 1 1087 1634 1633
1571 2 2 1 1 1600 1706 1596
1572 2 2 1 1 985 1826 1697
1573 2 2 1 1 147 1481 146
1574 2 2 1 1 1099 1101 1098
1575 2 2 1 1 679 1578 816
1576 2 2 1 1 712 883 697
1577 2 2 1 1 1665 1678 1673
1578 2 2 1 1 568 570 569
1579 2 2 1 1 696 708 698
1580 2 2 1 1 928 929 926
1581 2 2 1 1 1654 1860 1812
1582 2 2 1 1 1485 1610 1500
1583 2 2 1 1 1144 1613 1255
1584 2 2 1 1 891 945 892
1585 2 2 1 1 566 568 567
1586 2 2 1 1 94 1587 1289
1587 2 2 1 1 1489 1492 1491
1588 2 2 1 1 1183 1349 1044
1589 2 2 1 1 1664 1678 1665
1590 2 2 1 1 1664 1665 821
1591 2 2 1 1 923 927 921
1592 2 2 1 1 1343 1344 1132
1593 2 2 1 1 1517 1518 1516
1594 2 2 1 1 634 1683 636
1595 2 2 1 1 922 925 923
1596 2 2 1 1 979 1026 980
1597 2 2 1 1 1561 1562 1559
1598 2 2 1 1 1193 1611 798
1599 2 2 1 1 1668 1670 1669
1600 2 2 1 1 1629 1696 1625
1601 2 2 1 1 1611 1724 1715
1602 2 2 1 1 1146 1657 1615
1603 2 2 1 1 534 535 533
1604 2 2 1 1 94 1289 93
1605 2 2 1 1 1476 1477 1465
1606 2 2 1 1 929 930 926
1607 2 2 1 1 831 1661 1089
1608 2 2 1 1 783 1695 869
1609 2 2 1 1 519 687 517
1610 2 2 1 1 923 1693 927
1611 2 2 1 1 932 933 931
1612 2 2 1 1 930 1693 926
1613 2 2 1 1 159 334 160
1614 2 2 1 1 774 997 745
1615 2 2 1 1 967 1415 876
1616 2 2 1 1 1703 1726 333
1617 2 2 1 1 1212 1660 1209
1618 2 2 1 1 1654 1656 1652
1619 2 2 1 1 334 1603 160
1620 2 2 1 1 964 965 933
1621 2 2 1 1 1665 1667 821
1622 2 2 1 1 1644 1646 132
1623 2 2 1 1 844 1545 653
1624 2 2 1 1 529 1741 527
1625 2 2 1 1 1100 1546 1545
1626 2 2 1 1 1176 1263 1262
1627 2 2 1 1 1668 1669 1667
1628 2 2 1 1 335 1638 135
1629 2 2 1 1 1582 1583 1082
1630 2 2 1 1 1091 1657 1146
1631 2 2 1 1 526 527 523
1632 2 2 1 1 1665 1668 1667
1633 2 2 1 1 785 1609 828
1634 2 2 1 1 1252 1254 1250
1635 2 2 1 1 658 844 653
1636 2 2 1 1 142 1594 372
1637 2 2 1 1 1083 1693 930
1638 2 2 1 1 605 1080 607
1639 2 2 1 1 1014 1408 880
1640 2 2 1 1 889 891 890
1641 2 2 1 1 1453 1910 1838
1642 2 2 1 1 1790 1824 1192
1643 2 2 1 1 731 736 735
1644 2 2 1 1 1482 1565 1486
1645 2 2 1 1 1524 1525 1523
1646 2 2 1 1 1199 1695 783
1647 2 2 1 1 1522 1523 1521
1648 2 2 1 1 1492 1493 1491
1649 2 2 1 1 581 748 747
1650 2 2 1 1 714 1009 713
1651 2 2 1 1 1185 1851 872
1652 2 2 1 1 1698 1726 1700
1653 2 2 1 1 1076 1576 713
1654 2 2 1 1 1209 1660 1207
1655 2 2 1 1 604 625 603
1656 2 2 1 1 487 818 489
1657 2 2 1 1 513 1736 464
1658 2 2 1 1 919 920 918
1659 2 2 1 1 743 1082 741
1660 2 2 1 1 550 553 552
1661 2 2 1 1 1545 1761 631
1662 2 2 1 1 755 1783 448
1663 2 2 1 1 1440 1441 671
1664 2 2 1 1 917 918 916
1665 2 2 1 1 776 1705 662
1666 2 2 1 1 576 577 575
1667 2 2 1 1 1460 1727 1466
1668 2 2 1 1 1519 1741 1516
1669 2 2 1 1 743 1582 1082
1670 2 2 1 1 1236 1237 1149
1671 2 2 1 1 144 354 143
1672 2 2 1 1 1687 1688 362
1673 2 2 1 1 1058 1353 1081
1674 2 2 1 1 574 575 573
1675 2 2 1 1 1698 1700 1699
1676 2 2 1 1 1746 1748 1680
1677 2 2 1 1 899 900 898
1678 2 2 1 1 1192 1848 1232
1679 2 2 1 1 1086 1578 1577
1680 2 2 1 1 716 1664 821
1681 2 2 1 1 1015 1016 993
1682 2 2 1 1 946 1507 1021
1683 2 2 1 1 992 993 991
1684 2 2 1 1 1683 1747 1682
1685 2 2 1 1 345 1686 1685
1686 2 2 1 1 1146 1613 1144
1687 2 2 1 1 572 573 571
1688 2 2 1 1 578 579 577
1689 2 2 1 1 1583 1586 1585
1690 2 2 1 1 1096 1748 1746
1691 2 2 1 1 1698 1699 357
1692 2 2 1 1 1246 1569 1244
1693 2 2 1 1 925 928 926
1694 2 2 1 1 915 916 914
1695 2 2 1 1 1091 1146 1144
1696 2 2 1 1 815 819 759
1697 2 2 1 1 1146 1614 1613
1698 2 2 1 1 1700 1702 1701
1699 2 2 1 1 1049 1819 1187
1700 2 2 1 1 805 1798 988
1701 2 2 1 1 901 902 900
1702 2 2 1 1 1250 1612 1248
1703 2 2 1 1 1622 1756 622
1704 2 2 1 1 1634 1635 1633
1705 2 2 1 1 1579 1611 1193
1706 2 2 1 1 887 889 888
1707 2 2 1 1 1320 1322 1170
1708 2 2 1 1 665 776 662
1709 2 2 1 1 688 1636 1087
1710 2 2 1 1 1086 1577 1572
1711 2 2 1 1 617 626 618
1712 2 2 1 1 101 1687 362
1713 2 2 1 1 816 1578 1086
1714 2 2 1 1 102 1690 1687
1715 2 2 1 1 142 372 141
1716 2 2 1 1 591 603 590
1717 2 2 1 1 820 1137 819
1718 2 2 1 1 1489 1490 1487
1719 2 2 1 1 676 1456 1455
1720 2 2 1 1 998 1955 864
1721 2 2 1 1 96 392 95
1722 2 2 1 1 624 656 623
1723 2 2 1 1 928 1785 1768
1724 2 2 1 1 138 1623 373
1725 2 2 1 1 690 1632 727
1726 2 2 1 1 1713 1714 1712
1727 2 2 1 1 1681 1682 1103
1728 2 2 1 1 1586 1816 1732
1729 2 2 1 1 913 914 912
1730 2 2 1 1 1734 1755 1735
1731 2 2 1 1 943 1684 1096
1732 2 2 1 1 584 1424 582
1733 2 2 1 1 371 1651 145
1734 2 2 1 1 504 566 512
1735 2 2 1 1 732 1840 994
1736 2 2 1 1 886 975 861
1737 2 2 1 1 1611 1715 718
1738 2 2 1 1 1217 1218 1216
1739 2 2 1 1 746 774 745
1740 2 2 1 1 886 1724 1579
1741 2 2 1 1 1144 1255 1145
1742 2 2 1 1 657 702 701
1743 2 2 1 1 719 1681 1103
1744 2 2 1 1 1688 1689 362
1745 2 2 1 1 884 1047 883
1746 2 2 1 1 1667 1677 1676
1747 2 2 1 1 792 886 861
1748 2 2 1 1 816 887 817
1749 2 2 1 1 598 617 599
1750 2 2 1 1 1557 1558 1556
1751 2 2 1 1 936 1084 1083
1752 2 2 1 1 809 847 811
1753 2 2 1 1 903 904 902
1754 2 2 1 1 140 344 139
1755 2 2 1 1 1148 1149 1070
1756 2 2 1 1 355 1691 1690
1757 2 2 1 1 649 1683 1681
1758 2 2 1 1 741 1622 643
1759 2 2 1 1 911 912 910
1760 2 2 1 1 1254 1612 1250
1761 2 2 1 1 897 898 895
1762 2 2 1 1 855 894 853
1763 2 2 1 1 1215 1216 1214
1764 2 2 1 1 929 932 931
1765 2 2 1 1 1754 1893 566
1766 2 2 1 1 98 366 97
1767 2 2 1 1 886 1039 975
1768 2 2 1 1 1036 1198 1128
1769 2 2 1 1 821 1676 693
1770 2 2 1 1 1640 1645 1644
1771 2 2 1 1 1627 1630 1629
1772 2 2 1 1 716 821 693
1773 2 2 1 1 375 1662 108
1774 2 2 1 1 1662 1663 350
1775 2 2 1 1 1700 1726 1703
1776 2 2 1 1 1039 1152 975
1777 2 2 1 1 669 713 667
1778 2 2 1 1 1091 1144 1092
1779 2 2 1 1 744 745 743
1780 2 2 1 1 1024 1025 1016
1781 2 2 1 1 163 1729 164
1782 2 2 1 1 143 1594 142
1783 2 2 1 1 134 1638 374
1784 2 2 1 1 1084 1359 1085
1785 2 2 1 1 742 743 741
1786 2 2 1 1 138 373 137
1787 2 2 1 1 905 906 904
1788 2 2 1 1 1089 1657 1091
1789 2 2 1 1 1674 1792 1671
1790 2 2 1 1 1074 1420 1191
1791 2 2 1 1 1213 1214 1212
1792 2 2 1 1 345 1685 110
1793 2 2 1 1 1682 1747 1737
1794 2 2 1 1 907 908 906
1795 2 2 1 1 161 370 162
1796 2 2 1 1 909 910 908
1797 2 2 1 1 1268 1294 1266
1798 2 2 1 1 95 1587 94
1799 2 2 1 1 1564 1616 1562
1800 2 2 1 1 1100 1545 844
1801 2 2 1 1 1089 1091 1090
1802 2 2 1 1 553 598 564
1803 2 2 1 1 1039 1316 1152
1804 2 2 1 1 626 645 627
1805 2 2 1 1 1102 1728 505
1806 2 2 1 1 712 1819 884
1807 2 2 1 1 1251 1252 1250
1808 2 2 1 1 472 1762 487
1809 2 2 1 1 136 335 135
1810 2 2 1 1 1583 1585 1082
1811 2 2 1 1 658 1097 844
1812 2 2 1 1 1249 1250 1248
1813 2 2 1 1 1456 1458 1457
1814 2 2 1 1 919 924 920
1815 2 2 1 1 657 701 656
1816 2 2 1 1 1598 1601 1600
1817 2 2 1 1 955 979 978
1818 2 2 1 1 835 998 864
1819 2 2 1 1 672 1681 719
1820 2 2 1 1 134 374 133
1821 2 2 1 1 101 362 100
1822 2 2 1 1 1671 1675 1669
1823 2 2 1 1 835 864 863
1824 2 2 1 1 1008 1684 943
1825 2 2 1 1 528 530 529
1826 2 2 1 1 1567 1568 1316
1827 2 2 1 1 160 1603 161
1828 2 2 1 1 1048 1321 1047
1829 2 2 1 1 688 1087 690
1830 2 2 1 1 869 1695 1036
1831 2 2 1 1 1069 1573 1016
1832 2 2 1 1 526 528 527
1833 2 2 1 1 1097 1099 1098
1834 2 2 1 1 868 1720 782
1835 2 2 1 1 1760 1766 1107
1836 2 2 1 1 1841 1847 1572
1837 2 2 1 1 1229 1684 1008
1838 2 2 1 1 1264 1305 1262
1839 2 2 1 1 139 1623 138
1840 2 2 1 1 355 1690 103
1841 2 2 1 1 932 964 933
1842 2 2 1 1 1888 1893 1475
1843 2 2 1 1 131 330 130
1844 2 2 1 1 1247 1248 1246
1845 2 2 1 1 102 1687 101
1846 2 2 1 1 1222 1692 1101
1847 2 2 1 1 792 861 793
1848 2 2 1 1 1491 1494 1490
1849 2 2 1 1 332 1694 124
1850 2 2 1 1 679 816 773
1851 2 2 1 1 536 537 535
1852 2 2 1 1 379 1713 1712
1853 2 2 1 1 672 719 718
1854 2 2 1 1 1245 1246 1244
1855 2 2 1 1 1569 1846 1834
1856 2 2 1 1 1211 1212 1209
1857 2 2 1 1 167 1733 168
1858 2 2 1 1 1058 1081 990
1859 2 2 1 1 700 741 643
1860 2 2 1 1 1667 1676 821
1861 2 2 1 1 585 637 589
1862 2 2 1 1 107 1662 350
1863 2 2 1 1 1593 1741 1519
1864 2 2 1 1 1665 1673 1668
1865 2 2 1 1 1094 1835 460
1866 2 2 1 1 822 1664 716
1867 2 2 1 1 649 1681 672
1868 2 2 1 1 1175 1621 1176
1869 2 2 1 1 1243 1244 1242
1870 2 2 1 1 719 801 798
1871 2 2 1 1 1146 1615 1614
1872 2 2 1 1 1681 1683 1682
1873 2 2 1 1 831 1089 1023
1874 2 2 1 1 643 1622 622
1875 2 2 1 1 801 985 981
1876 2 2 1 1 135 1638 134
1877 2 2 1 1 727 835 834
1878 2 2 1 1 1458 1460 1459
1879 2 2 1 1 801 981 798
1880 2 2 1 1 109 1685 375
1881 2 2 1 1 1099 1135 1101
1882 2 2 1 1 1526 1527 1525
1883 2 2 1 1 926 1693 923
1884 2 2 1 1 702 784 701
1885 2 2 1 1 796 1766 1760
1886 2 2 1 1 1725 1830 1634
1887 2 2 1 1 124 1694 123
1888 2 2 1 1 719 798 718
1889 2 2 1 1 925 1718 928
1890 2 2 1 1 788 1721 685
1891 2 2 1 1 104 355 103
1892 2 2 1 1 1048 1619 1321
1893 2 2 1 1 1255 1256 1145
1894 2 2 1 1 107 350 106
1895 2 2 1 1 965 992 991
1896 2 2 1 1 943 1096 826
1897 2 2 1 1 486 1763 484
1898 2 2 1 1 808 1924 1911
1899 2 2 1 1 1768 1785 1281
1900 2 2 1 1 835 863 834
1901 2 2 1 1 719 1103 801
1902 2 2 1 1 128 356 127
1903 2 2 1 1 1632 1633 998
1904 2 2 1 1 374 1644 133
1905 2 2 1 1 981 1194 1193
1906 2 2 1 1 733 1444 546
1907 2 2 1 1 109 375 108
1908 2 2 1 1 570 571 569
1909 2 2 1 1 933 1770 931
1910 2 2 1 1 614 688 633
1911 2 2 1 1 568 569 567
1912 2 2 1 1 1227 1229 1008
1913 2 2 1 1 530 532 531
1914 2 2 1 1 103 1690 102
1915 2 2 1 1 111 345 110
1916 2 2 1 1 727 1632 835
1917 2 2 1 1 975 976 861
1918 2 2 1 1 790 792 791
1919 2 2 1 1 113 377 112
1920 2 2 1 1 1666 1678 1664
1921 2 2 1 1 76 1716 77
1922 2 2 1 1 895 1655 894
1923 2 2 1 1 115 341 114
1924 2 2 1 1 1039 1567 1316
1925 2 2 1 1 1000 1707 1197
1926 2 2 1 1 1034 1720 868
1927 2 2 1 1 85 329 86
1928 2 2 1 1 566 567 512
1929 2 2 1 1 164 1729 328
1930 2 2 1 1 527 1741 1593
1931 2 2 1 1 117 376 116
1932 2 2 1 1 1144 1145 1092
1933 2 2 1 1 1712 1714 333
1934 2 2 1 1 1241 1242 1034
1935 2 2 1 1 108 1662 107
1936 2 2 1 1 945 946 892
1937 2 2 1 1 864 866 863
1938 2 2 1 1 120 336 119
1939 2 2 1 1 688 690 689
1940 2 2 1 1 122 378 121
1941 2 2 1 1 110 1685 109
1942 2 2 1 1 1018 1106 951
1943 2 2 1 1 125 332 124
1944 2 2 1 1 1707 1708 1197
1945 2 2 1 1 1353 1357 1081
1946 2 2 1 1 686 1715 790
1947 2 2 1 1 1176 1262 1261
1948 2 2 1 1 951 1721 788
1949 2 2 1 1 686 790 789
1950 2 2 1 1 793 1661 831
1951 2 2 1 1 1176 1261 1078
1952 2 2 1 1 1087 1636 1634
1953 2 2 1 1 746 775 774
1954 2 2 1 1 621 1740 642
1955 2 2 1 1 137 1696 136
1956 2 2 1 1 1091 1092 1090
1957 2 2 1 1 145 1651 144
1958 2 2 1 1 1824 1848 1192
1959 2 2 1 1 1036 1128 1037
1960 2 2 1 1 672 718 673
1961 2 2 1 1 1036 1695 1198
1962 2 2 1 1 1031 1709 1708
1963 2 2 1 1 1000 1197 1196
1964 2 2 1 1 922 934 925
1965 2 2 1 1 591 605 604
1966 2 2 1 1 792 1724 886
1967 2 2 1 1 790 1724 792
1968 2 2 1 1 1555 1557 1556
1969 2 2 1 1 645 674 646
1970 2 2 1 1 981 1193 798
1971 2 2 1 1 688 689 633
1972 2 2 1 1 77 1716 379
1973 2 2 1 1 835 1632 998
1974 2 2 1 1 1078 1649 1020
1975 2 2 1 1 690 727 726
1976 2 2 1 1 505 1728 509
1977 2 2 1 1 1031 1708 1707
1978 2 2 1 1 1096 1739 826
1979 2 2 1 1 894 1655 1653
1980 2 2 1 1 714 1010 1009
1981 2 2 1 1 1197 1508 1196
1982 2 2 1 1 82 357 83
1983 2 2 1 1 822 1666 1664
1984 2 2 1 1 141 1706 140
1985 2 2 1 1 936 1083 930
1986 2 2 1 1 869 1036 1035
1987 2 2 1 1 1089 1090 1023
1988 2 2 1 1 842 1736 513
1989 2 2 1 1 742 744 743
1990 2 2 1 1 500 1102 505
1991 2 2 1 1 82 1698 357
1992 2 2 1 1 833 1707 1000
1993 2 2 1 1 532 534 533
1994 2 2 1 1 717 1739 822
1995 2 2 1 1 727 834 833
1996 2 2 1 1 669 714 713
1997 2 2 1 1 1031 1710 1709
1998 2 2 1 1 690 726 689
1999 2 2 1 1 744 746 745
2000 2 2 1 1 1508 1509 1196
2001 2 2 1 1 609 1837 629
2002 2 2 1 1 81 1698 82
2003 2 2 1 1 1242 1720 1034
2004 2 2 1 1 700 742 741
2005 2 2 1 1 1110 1814 477
2006 2 2 1 1 989 1065 1057
2007 2 2 1 1 934 1718 925
2008 2 2 1 1 81 1726 1698
2009 2 2 1 1 1106 1721 951
2010 2 2 1 1 727 833 726
2011 2 2 1 1 889 890 888
2012 2 2 1 1 1640 1644 374
2013 2 2 1 1 863 1031 834
2014 2 2 1 1 372 1706 141
2015 2 2 1 1 1544 1836 1111
2016 2 2 1 1 636 649 648
2017 2 2 1 1 891 892 890
2018 2 2 1 1 754 1199 783
2019 2 2 1 1 373 1696 137
2020 2 2 1 1 1520 1849 1515
2021 2 2 1 1 1000 1196 1195
2022 2 2 1 1 792 793 791
2023 2 2 1 1 634 1747 1683
2024 2 2 1 1 629 652 651
2025 2 2 1 1 581 747 579
2026 2 2 1 1 649 672 650
2027 2 2 1 1 834 1707 833
2028 2 2 1 1 678 680 641
2029 2 2 1 1 1249 1251 1250
2030 2 2 1 1 637 682 638
2031 2 2 1 1 917 919 918
2032 2 2 1 1 79 333 80
2033 2 2 1 1 1018 1130 1106
2034 2 2 1 1 1247 1249 1248
2035 2 2 1 1 642 1740 754
2036 2 2 1 1 1175 1176 1078
2037 2 2 1 1 78 1712 79
2038 2 2 1 1 674 695 675
2039 2 2 1 1 833 1000 999
2040 2 2 1 1 77 379 78
2041 2 2 1 1 790 791 789
2042 2 2 1 1 887 888 817
2043 2 2 1 1 1251 1253 1252
2044 2 2 1 1 1666 1679 1678
2045 2 2 1 1 333 1726 80
2046 2 2 1 1 74 337 75
2047 2 2 1 1 863 1710 1031
2048 2 2 1 1 1272 1273 1019
2049 2 2 1 1 682 728 683
2050 2 2 1 1 1063 1343 1132
2051 2 2 1 1 383 1733 167
2052 2 2 1 1 1020 1649 1272
2053 2 2 1 1 1031 1707 834
2054 2 2 1 1 1243 1245 1244
2055 2 2 1 1 72 380 73
2056 2 2 1 1 1245 1247 1246
2057 2 2 1 1 542 543 541
2058 2 2 1 1 1226 1227 1008
2059 2 2 1 1 1261 1649 1078
2060 2 2 1 1 866 1710 863
2061 2 2 1 1 483 1780 1711
2062 2 2 1 1 816 817 773
2063 2 2 1 1 992 1015 993
2064 2 2 1 1 670 1874 1821
2065 2 2 1 1 620 1112 597
2066 2 2 1 1 1509 1697 1196
2067 2 2 1 1 69 342 70
2068 2 2 1 1 776 1790 1705
2069 2 2 1 1 825 826 722
2070 2 2 1 1 1217 1219 1218
2071 2 2 1 1 1007 1008 943
2072 2 2 1 1 658 1705 1097
2073 2 2 1 1 534 536 535
2074 2 2 1 1 509 559 555
2075 2 2 1 1 485 1711 715
2076 2 2 1 1 1241 1243 1242
2077 2 2 1 1 67 382 68
2078 2 2 1 1 915 917 916
2079 2 2 1 1 855 895 894
2080 2 2 1 1 1341 1342 1186
2081 2 2 1 1 722 1739 717
2082 2 2 1 1 856 1233 858
2083 2 2 1 1 66 1722 67
2084 2 2 1 1 833 999 726
2085 2 2 1 1 1196 1697 1195
2086 2 2 1 1 1000 1195 999
2087 2 2 1 1 778 1116 849
2088 2 2 1 1 65 348 66
2089 2 2 1 1 483 1711 485
2090 2 2 1 1 1579 1724 1611
2091 2 2 1 1 728 805 729
2092 2 2 1 1 614 633 615
2093 2 2 1 1 692 693 681
2094 2 2 1 1 861 1661 793
2095 2 2 1 1 1462 1727 1460
2096 2 2 1 1 1215 1217 1216
2097 2 2 1 1 805 988 807
2098 2 2 1 1 1213 1215 1214
2099 2 2 1 1 828 1072 948
2100 2 2 1 1 63 381 64
2101 2 2 1 1 1815 1839 896
2102 2 2 1 1 561 594 593
2103 2 2 1 1 724 1907 725
2104 2 2 1 1 1547 1789 1788
2105 2 2 1 1 544 545 543
2106 2 2 1 1 79 1712 333
2107 2 2 1 1 379 1712 78
2108 2 2 1 1 899 901 900
2109 2 2 1 1 778 1820 1116
2110 2 2 1 1 61 351 62
2111 2 2 1 1 1084 1085 1083
2112 2 2 1 1 859 1920 771
2113 2 2 1 1 485 715 491
2114 2 2 1 1 1383 1574 1573
2115 2 2 1 1 1682 1817 1103
2116 2 2 1 1 827 943 826
2117 2 2 1 1 462 1094 460
2118 2 2 1 1 443 752 446
2119 2 2 1 1 1103 1826 801
2120 2 2 1 1 633 634 615
2121 2 2 1 1 639 1741 529
2122 2 2 1 1 1131 1224 1223
2123 2 2 1 1 694 716 693
2124 2 2 1 1 479 1110 477
2125 2 2 1 1 736 794 737
2126 2 2 1 1 897 899 898
2127 2 2 1 1 1485 1499 1498
2128 2 2 1 1 538 539 537
2129 2 2 1 1 717 822 716
2130 2 2 1 1 1561 1564 1562
2131 2 2 1 1 1003 1221 1002
2132 2 2 1 1 496 1763 486
2133 2 2 1 1 1036 1037 1035
2134 2 2 1 1 1669 1677 1667
2135 2 2 1 1 1627 1629 1625
2136 2 2 1 1 672 673 650
2137 2 2 1 1 594 614 595
2138 2 2 1 1 1211 1213 1212
2139 2 2 1 1 1015 1024 1016
2140 2 2 1 1 80 1726 81
2141 2 2 1 1 1636 1725 1634
2142 2 2 1 1 560 893 557
2143 2 2 1 1 58 360 59
2144 2 2 1 1 174 1751 175
2145 2 2 1 1 1684 1748 1096
2146 2 2 1 1 1244 1810 1242
2147 2 2 1 1 1359 1361 1085
2148 2 2 1 1 718 1715 673
2149 2 2 1 1 913 915 914
2150 2 2 1 1 540 541 539
2151 2 2 1 1 649 650 648
2152 2 2 1 1 1007 1226 1008
2153 2 2 1 1 726 1737 689
2154 2 2 1 1 555 612 556
2155 2 2 1 1 466 1095 469
2156 2 2 1 1 1028 1150 964
2157 2 2 1 1 1700 1703 1702
2158 2 2 1 1 928 1768 929
2159 2 2 1 1 901 903 902
2160 2 2 1 1 1112 1796 597
2161 2 2 1 1 1518 1521 1519
2162 2 2 1 1 1744 1745 385
2163 2 2 1 1 793 831 830
2164 2 2 1 1 164 328 165
2165 2 2 1 1 633 1747 634
2166 2 2 1 1 67 1722 382
2167 2 2 1 1 721 1107 824
2168 2 2 1 1 911 913 912
2169 2 2 1 1 846 1131 1005
2170 2 2 1 1 498 1002 496
2171 2 2 1 1 510 1732 506
2172 2 2 1 1 514 515 513
2173 2 2 1 1 1660 1821 1207
2174 2 2 1 1 472 487 475
2175 2 2 1 1 348 1722 66
2176 2 2 1 1 555 556 510
2177 2 2 1 1 1081 1770 990
2178 2 2 1 1 450 751 453
2179 2 2 1 1 55 363 56
2180 2 2 1 1 509 1728 559
2181 2 2 1 1 621 622 592
2182 2 2 1 1 831 1023 1022
2183 2 2 1 1 827 1007 943
2184 2 2 1 1 1765 1810 781
2185 2 2 1 1 1693 1822 927
2186 2 2 1 1 165 1730 166
2187 2 2 1 1 1645 1646 1644
2188 2 2 1 1 647 1001 635
2189 2 2 1 1 806 1798 805
2190 2 2 1 1 999 1737 726
2191 2 2 1 1 468 513 464
2192 2 2 1 1 1598 1600 1596
2193 2 2 1 1 686 789 788
2194 2 2 1 1 825 827 826
2195 2 2 1 1 1302 1333 1043
2196 2 2 1 1 544 547 545
2197 2 2 1 1 509 555 510
2198 2 2 1 1 1017 1018 951
2199 2 2 1 1 1280 1319 1150
2200 2 2 1 1 1107 1109 1108
2201 2 2 1 1 660 843 663
2202 2 2 1 1 166 383 167
2203 2 2 1 1 1007 1228 1226
2204 2 2 1 1 1017 1270 1043
2205 2 2 1 1 950 951 788
2206 2 2 1 1 976 1661 861
2207 2 2 1 1 614 615 595
2208 2 2 1 1 909 911 910
2209 2 2 1 1 689 1747 633
2210 2 2 1 1 673 686 685
2211 2 2 1 1 634 636 635
2212 2 2 1 1 642 643 622
2213 2 2 1 1 754 1740 1199
2214 2 2 1 1 793 830 791
2215 2 2 1 1 905 907 906
2216 2 2 1 1 903 905 904
2217 2 2 1 1 632 653 631
2218 2 2 1 1 654 658 653
2219 2 2 1 1 1328 1329 1162
2220 2 2 1 1 1022 1104 830
2221 2 2 1 1 965 1777 992
2222 2 2 1 1 916 1852 914
2223 2 2 1 1 634 635 615
2224 2 2 1 1 1535 1536 606
2225 2 2 1 1 1018 1731 1130
2226 2 2 1 1 907 909 908
2227 2 2 1 1 542 544 543
2228 2 2 1 1 636 648 647
2229 2 2 1 1 1256 1293 1292
2230 2 2 1 1 1749 1795 740
2231 2 2 1 1 53 384 54
2232 2 2 1 1 1096 1746 1739
2233 2 2 1 1 497 500 499
2234 2 2 1 1 556 557 510
2235 2 2 1 1 1268 1304 1294
2236 2 2 1 1 824 825 722
2237 2 2 1 1 487 1762 818
2238 2 2 1 1 1184 1533 628
2239 2 2 1 1 699 700 643
2240 2 2 1 1 52 1738 53
2241 2 2 1 1 1033 1034 868
2242 2 2 1 1 1261 1650 1649
2243 2 2 1 1 1812 1813 1654
2244 2 2 1 1 673 685 650
2245 2 2 1 1 826 1739 722
2246 2 2 1 1 673 1715 686
2247 2 2 1 1 1037 1260 1259
2248 2 2 1 1 1240 1241 1034
2249 2 2 1 1 603 613 590
2250 2 2 1 1 594 595 593
2251 2 2 1 1 1571 1857 1618
2252 2 2 1 1 1737 1747 689
2253 2 2 1 1 815 820 819
2254 2 2 1 1 51 389 52
2255 2 2 1 1 708 730 709
2256 2 2 1 1 678 681 680
2257 2 2 1 1 856 1806 1233
2258 2 2 1 1 452 755 448
2259 2 2 1 1 862 1876 1875
2260 2 2 1 1 1076 1848 1824
2261 2 2 1 1 169 338 170
2262 2 2 1 1 831 1022 830
2263 2 2 1 1 1017 1043 1018
2264 2 2 1 1 869 1035 1033
2265 2 2 1 1 1109 1235 1161
2266 2 2 1 1 1052 1060 983
2267 2 2 1 1 1270 1302 1043
2268 2 2 1 1 490 631 481
2269 2 2 1 1 686 788 685
2270 2 2 1 1 789 950 788
2271 2 2 1 1 561 593 592
2272 2 2 1 1 692 694 693
2273 2 2 1 1 950 1017 951
2274 2 2 1 1 1474 1476 1465
2275 2 2 1 1 1107 1108 824
2276 2 2 1 1 487 489 488
2277 2 2 1 1 1256 1292 1145
2278 2 2 1 1 893 1732 557
2279 2 2 1 1 556 558 557
2280 2 2 1 1 783 869 868
2281 2 2 1 1 932 1028 964
2282 2 2 1 1 1028 1280 1150
2283 2 2 1 1 1092 1093 1090
2284 2 2 1 1 588 1811 591
2285 2 2 1 1 558 561 560
2286 2 2 1 1 694 717 716
2287 2 2 1 1 1022 1105 1104
2288 2 2 1 1 721 722 717
2289 2 2 1 1 836 838 767
2290 2 2 1 1 1037 1259 1035
2291 2 2 1 1 170 1744 171
2292 2 2 1 1 1118 1839 1815
2293 2 2 1 1 1463 1465 1462
2294 2 2 1 1 1569 1834 781
2295 2 2 1 1 825 865 827
2296 2 2 1 1 636 647 635
2297 2 2 1 1 1161 1162 1108
2298 2 2 1 1 664 665 662
2299 2 2 1 1 1006 1200 938
2300 2 2 1 1 500 1781 1102
2301 2 2 1 1 509 510 506
2302 2 2 1 1 615 1743 595
2303 2 2 1 1 721 824 722
2304 2 2 1 1 1641 1868 1640
2305 2 2 1 1 621 642 622
2306 2 2 1 1 648 740 647
2307 2 2 1 1 1666 1680 1679
2308 2 2 1 1 1675 1677 1669
2309 2 2 1 1 661 662 659
2310 2 2 1 1 754 783 782
2311 2 2 1 1 505 509 506
2312 2 2 1 1 642 754 699
2313 2 2 1 1 1383 1573 1069
2314 2 2 1 1 500 505 501
2315 2 2 1 1 171 385 172
2316 2 2 1 1 1284 1310 1253
2317 2 2 1 1 540 542 541
2318 2 2 1 1 1043 1731 1018
2319 2 2 1 1 608 1535 606
2320 2 2 1 1 1028 1281 1280
2321 2 2 1 1 1343 1504 1344
2322 2 2 1 1 1203 1204 1201
2323 2 2 1 1 560 1756 893
2324 2 2 1 1 591 1811 605
2325 2 2 1 1 791 1742 789
2326 2 2 1 1 1333 1731 1043
2327 2 2 1 1 480 483 482
2328 2 2 1 1 1243 1311 1245
2329 2 2 1 1 700 781 742
2330 2 2 1 1 557 1732 510
2331 2 2 1 1 1192 1232 1135
2332 2 2 1 1 455 459 457
2333 2 2 1 1 694 721 717
2334 2 2 1 1 1161 1328 1162
2335 2 2 1 1 1205 1207 1204
2336 2 2 1 1 1165 1166 1117
2337 2 2 1 1 1077 1175 1078
2338 2 2 1 1 1033 1240 1034
2339 2 2 1 1 1637 1770 1081
2340 2 2 1 1 1109 1161 1108
2341 2 2 1 1 650 1749 648
2342 2 2 1 1 1114 1117 1113
2343 2 2 1 1 869 1033 868
2344 2 2 1 1 1735 1755 338
2345 2 2 1 1 1240 1312 1241
2346 2 2 1 1 175 1752 176
2347 2 2 1 1 1148 1236 1149
2348 2 2 1 1 593 621 592
2349 2 2 1 1 832 1115 1114
2350 2 2 1 1 561 592 560
2351 2 2 1 1 558 560 557
2352 2 2 1 1 774 1933 997
2353 2 2 1 1 622 1756 592
2354 2 2 1 1 832 1113 772
2355 2 2 1 1 328 1730 165
2356 2 2 1 1 492 1781 497
2357 2 2 1 1 1025 1148 1070
2358 2 2 1 1 642 699 643
2359 2 2 1 1 498 1003 1002
2360 2 2 1 1 1461 1462 1460
2361 2 2 1 1 640 679 677
2362 2 2 1 1 1247 1306 1249
2363 2 2 1 1 516 517 515
2364 2 2 1 1 1001 1743 635
2365 2 2 1 1 783 868 782
2366 2 2 1 1 744 780 746
2367 2 2 1 1 677 678 641
2368 2 2 1 1 173 347 174
2369 2 2 1 1 1131 1223 1005
2370 2 2 1 1 789 1742 950
2371 2 2 1 1 990 1770 933
2372 2 2 1 1 629 1837 841
2373 2 2 1 1 992 1777 1056
2374 2 2 1 1 691 692 681
2375 2 2 1 1 1817 1826 1103
2376 2 2 1 1 489 494 493
2377 2 2 1 1 666 667 665
2378 2 2 1 1 721 1760 1107
2379 2 2 1 1 49 395 50
2380 2 2 1 1 1187 1819 1416
2381 2 2 1 1 822 1746 1666
2382 2 2 1 1 1251 1284 1253
2383 2 2 1 1 754 782 699
2384 2 2 1 1 829 1134 787
2385 2 2 1 1 777 1781 492
2386 2 2 1 1 1233 1759 858
2387 2 2 1 1 679 773 772
2388 2 2 1 1 678 691 681
2389 2 2 1 1 1721 1795 1749
2390 2 2 1 1 1248 1846 1246
2391 2 2 1 1 660 1807 843
2392 2 2 1 1 1208 1209 1207
2393 2 2 1 1 166 1730 383
2394 2 2 1 1 1720 1810 1765
2395 2 2 1 1 501 507 499
2396 2 2 1 1 1272 1314 1273
2397 2 2 1 1 1721 1749 685
2398 2 2 1 1 843 846 663
2399 2 2 1 1 830 1742 791
2400 2 2 1 1 500 501 499
2401 2 2 1 1 1739 1746 822
2402 2 2 1 1 820 1138 1137
2403 2 2 1 1 505 506 501
2404 2 2 1 1 691 796 692
2405 2 2 1 1 1104 1742 830
2406 2 2 1 1 1111 1783 755
2407 2 2 1 1 450 1818 751
2408 2 2 1 1 635 1743 615
2409 2 2 1 1 648 1749 740
2410 2 2 1 1 1210 1211 1209
2411 2 2 1 1 494 504 503
2412 2 2 1 1 1165 1274 1166
2413 2 2 1 1 940 1044 1040
2414 2 2 1 1 1080 1837 607
2415 2 2 1 1 1295 1389 1045
2416 2 2 1 1 1222 1929 1692
2417 2 2 1 1 497 499 498
2418 2 2 1 1 1007 1758 1228
2419 2 2 1 1 1072 1257 1073
2420 2 2 1 1 832 1779 1115
2421 2 2 1 1 1200 1793 938
2422 2 2 1 1 659 1705 658
2423 2 2 1 1 536 538 537
2424 2 2 1 1 591 604 603
2425 2 2 1 1 850 851 779
2426 2 2 1 1 827 1758 1007
2427 2 2 1 1 1002 1763 496
2428 2 2 1 1 504 512 511
2429 2 2 1 1 1185 1912 1419
2430 2 2 1 1 668 669 667
2431 2 2 1 1 1279 1290 1219
2432 2 2 1 1 1077 1379 1175
2433 2 2 1 1 685 1749 650
2434 2 2 1 1 964 1777 965
2435 2 2 1 1 1357 1637 1081
2436 2 2 1 1 1114 1165 1117
2437 2 2 1 1 640 641 620
2438 2 2 1 1 711 813 812
2439 2 2 1 1 1666 1746 1680
2440 2 2 1 1 485 491 486
2441 2 2 1 1 487 488 475
2442 2 2 1 1 832 1114 1113
2443 2 2 1 1 463 466 465
2444 2 2 1 1 492 496 486
2445 2 2 1 1 888 947 817
2446 2 2 1 1 490 632 631
2447 2 2 1 1 497 498 496
2448 2 2 1 1 480 482 481
2449 2 2 1 1 824 1757 825
2450 2 2 1 1 1208 1220 1210
2451 2 2 1 1 53 1738 384
2452 2 2 1 1 662 1705 659
2453 2 2 1 1 518 519 517
2454 2 2 1 1 825 1757 865
2455 2 2 1 1 1751 1752 175
2456 2 2 1 1 1165 2159 1274
2457 2 2 1 1 748 750 749
2458 2 2 1 1 1751 1753 1752
2459 2 2 1 1 773 832 772
2460 2 2 1 1 1203 1206 1205
2461 2 2 1 1 946 1021 1012
2462 2 2 1 1 852 853 851
2463 2 2 1 1 538 540 539
2464 2 2 1 1 679 772 677
2465 2 2 1 1 1774 1843 1065
2466 2 2 1 1 1107 1766 1109
2467 2 2 1 1 1006 1201 1200
2468 2 2 1 1 1547 1788 1546
2469 2 2 1 1 476 477 473
2470 2 2 1 1 640 677 641
2471 2 2 1 1 1718 1785 928
2472 2 2 1 1 632 654 653
2473 2 2 1 1 1720 1765 782
2474 2 2 1 1 491 777 492
2475 2 2 1 1 756 757 755
2476 2 2 1 1 389 1738 52
2477 2 2 1 1 1732 1816 506
2478 2 2 1 1 1211 1282 1213
2479 2 2 1 1 654 659 658
2480 2 2 1 1 347 1751 174
2481 2 2 1 1 987 1077 1020
2482 2 2 1 1 483 485 484
2483 2 2 1 1 666 670 668
2484 2 2 1 1 1203 1205 1204
2485 2 2 1 1 1006 1202 1201
2486 2 2 1 1 1150 1777 964
2487 2 2 1 1 592 1756 560
2488 2 2 1 1 478 480 479
2489 2 2 1 1 492 497 496
2490 2 2 1 1 1718 1786 1785
2491 2 2 1 1 468 514 513
2492 2 2 1 1 476 937 478
2493 2 2 1 1 1742 1791 950
2494 2 2 1 1 865 1758 827
2495 2 2 1 1 596 597 511
2496 2 2 1 1 968 1118 857
2497 2 2 1 1 1017 1791 1270
2498 2 2 1 1 595 1775 593
2499 2 2 1 1 1162 1757 1108
2500 2 2 1 1 699 1765 700
2501 2 2 1 1 992 1056 1015
2502 2 2 1 1 701 707 656
2503 2 2 1 1 1202 1767 1203
2504 2 2 1 1 846 1005 938
2505 2 2 1 1 29 331 30
2506 2 2 1 1 1214 1866 1212
2507 2 2 1 1 896 897 895
2508 2 2 1 1 520 521 519
2509 2 2 1 1 1485 1498 1483
2510 2 2 1 1 593 1775 621
2511 2 2 1 1 1077 1078 1020
2512 2 2 1 1 489 493 488
2513 2 2 1 1 494 503 493
2514 2 2 1 1 664 666 665
2515 2 2 1 1 700 1765 781
2516 2 2 1 1 31 386 32
2517 2 2 1 1 1108 1757 824
2518 2 2 1 1 491 492 486
2519 2 2 1 1 661 664 662
2520 2 2 1 1 846 938 663
2521 2 2 1 1 504 511 503
2522 2 2 1 1 176 358 177
2523 2 2 1 1 338 1744 170
2524 2 2 1 1 512 596 511
2525 2 2 1 1 1217 1279 1219
2526 2 2 1 1 1361 1363 1362
2527 2 2 1 1 692 1760 694
2528 2 2 1 1 621 1775 1740
2529 2 2 1 1 1099 1192 1135
2530 2 2 1 1 34 339 35
2531 2 2 1 1 571 616 569
2532 2 2 1 1 1205 1208 1207
2533 2 2 1 1 522 523 521
2534 2 2 1 1 1119 1120 1118
2535 2 2 1 1 596 1841 1577
2536 2 2 1 1 775 1939 774
2537 2 2 1 1 476 478 477
2538 2 2 1 1 652 711 710
2539 2 2 1 1 927 1878 1581
2540 2 2 1 1 1518 1519 1516
2541 2 2 1 1 485 486 484
2542 2 2 1 1 503 763 493
2543 2 2 1 1 525 526 523
2544 2 2 1 1 619 620 597
2545 2 2 1 1 550 602 553
2546 2 2 1 1 1743 1775 595
2547 2 2 1 1 482 490 481
2548 2 2 1 1 854 855 853
2549 2 2 1 1 619 640 620
2550 2 2 1 1 1208 1210 1209
2551 2 2 1 1 714 1011 1010
2552 2 2 1 1 796 1760 692
2553 2 2 1 1 1005 1006 938
2554 2 2 1 1 480 481 479
2555 2 2 1 1 1202 1203 1201
2556 2 2 1 1 478 479 477
2557 2 2 1 1 1067 1151 1012
2558 2 2 1 1 1220 1291 1210
2559 2 2 1 1 1236 1301 1237
2560 2 2 1 1 171 1744 385
2561 2 2 1 1 654 660 659
2562 2 2 1 1 483 484 482
2563 2 2 1 1 542 551 544
2564 2 2 1 1 929 1768 932
2565 2 2 1 1 666 668 667
2566 2 2 1 1 1104 1791 1742
2567 2 2 1 1 988 1774 989
2568 2 2 1 1 752 1347 446
2569 2 2 1 1 1875 1876 1122
2570 2 2 1 1 1695 1865 1198
2571 2 2 1 1 678 1776 691
2572 2 2 1 1 571 1862 616
2573 2 2 1 1 660 663 661
2574 2 2 1 1 999 1817 1737
2575 2 2 1 1 694 1760 721
2576 2 2 1 1 463 465 464
2577 2 2 1 1 946 1012 892
2578 2 2 1 1 497 1781 500
2579 2 2 1 1 179 364 180
2580 2 2 1 1 1361 1362 1085
2581 2 2 1 1 475 476 473
2582 2 2 1 1 782 1765 699
2583 2 2 1 1 890 1772 888
2584 2 2 1 1 668 723 669
2585 2 2 1 1 1119 1285 1271
2586 2 2 1 1 1463 1474 1465
2587 2 2 1 1 432 753 434
2588 2 2 1 1 1671 1792 1675
2589 2 2 1 1 932 1768 1028
2590 2 2 1 1 490 1121 632
2591 2 2 1 1 1028 1768 1281
2592 2 2 1 1 596 619 597
2593 2 2 1 1 1021 1278 1067
2594 2 2 1 1 1576 1824 776
2595 2 2 1 1 660 661 659
2596 2 2 1 1 514 516 515
2597 2 2 1 1 507 1769 499
2598 2 2 1 1 1203 1767 1206
2599 2 2 1 1 458 460 456
2600 2 2 1 1 585 1832 637
2601 2 2 1 1 858 969 968
2602 2 2 1 1 1004 1854 837
2603 2 2 1 1 461 463 462
2604 2 2 1 1 677 1776 678
2605 2 2 1 1 758 759 757
2606 2 2 1 1 1458 1461 1460
2607 2 2 1 1 1113 1776 772
2608 2 2 1 1 850 852 851
2609 2 2 1 1 703 1840 705
2610 2 2 1 1 1656 1813 562
2611 2 2 1 1 817 1779 773
2612 2 2 1 1 1278 1283 1067
2613 2 2 1 1 1461 1463 1462
2614 2 2 1 1 525 778 562
2615 2 2 1 1 858 1759 969
2616 2 2 1 1 950 1791 1017
2617 2 2 1 1 499 1769 498
2618 2 2 1 1 1136 1960 1958
2619 2 2 1 1 469 472 470
2620 2 2 1 1 855 896 895
2621 2 2 1 1 472 475 473
2622 2 2 1 1 856 858 857
2623 2 2 1 1 917 949 919
2624 2 2 1 1 773 1779 832
2625 2 2 1 1 470 760 467
2626 2 2 1 1 778 849 779
2627 2 2 1 1 852 856 854
2628 2 2 1 1 577 630 575
2629 2 2 1 1 849 1231 850
2630 2 2 1 1 1106 1795 1721
2631 2 2 1 1 556 1830 558
2632 2 2 1 1 1737 1817 1682
2633 2 2 1 1 498 1769 1003
2634 2 2 1 1 913 952 915
2635 2 2 1 1 516 518 517
2636 2 2 1 1 814 815 759
2637 2 2 1 1 1020 1272 1019
2638 2 2 1 1 466 469 467
2639 2 2 1 1 465 468 464
2640 2 2 1 1 1223 1773 1005
2641 2 2 1 1 458 461 460
2642 2 2 1 1 909 953 911
2643 2 2 1 1 897 963 899
2644 2 2 1 1 530 554 532
2645 2 2 1 1 463 464 462
2646 2 2 1 1 518 520 519
2647 2 2 1 1 829 1225 1134
2648 2 2 1 1 968 1119 1118
2649 2 2 1 1 1119 1271 1120
2650 2 2 1 1 1021 1067 1012
2651 2 2 1 1 901 966 903
2652 2 2 1 1 617 655 626
2653 2 2 1 1 461 462 460
2654 2 2 1 1 520 522 521
2655 2 2 1 1 905 956 907
2656 2 2 1 1 1534 1838 1080
2657 2 2 1 1 1139 1142 1141
2658 2 2 1 1 436 439 438
2659 2 2 1 1 522 525 523
2660 2 2 1 1 1363 1421 1362
2661 2 2 1 1 884 1819 1049
2662 2 2 1 1 525 562 526
2663 2 2 1 1 520 524 522
2664 2 2 1 1 852 854 853
2665 2 2 1 1 480 1780 483
2666 2 2 1 1 472 473 470
2667 2 2 1 1 1705 1790 1097
2668 2 2 1 1 772 1776 677
2669 2 2 1 1 858 968 857
2670 2 2 1 1 478 1780 480
2671 2 2 1 1 888 1772 947
2672 2 2 1 1 605 1811 1080
2673 2 2 1 1 947 1779 817
2674 2 2 1 1 558 1830 1725
2675 2 2 1 1 469 470 467
2676 2 2 1 1 984 1054 1053
2677 2 2 1 1 849 850 779
2678 2 2 1 1 452 756 755
2679 2 2 1 1 457 684 458
2680 2 2 1 1 506 1816 501
2681 2 2 1 1 1463 1475 1474
2682 2 2 1 1 1776 1829 691
2683 2 2 1 1 810 1851 795
2684 2 2 1 1 536 563 538
2685 2 2 1 1 466 467 465
2686 2 2 1 1 1006 1773 1202
2687 2 2 1 1 1005 1773 1006
2688 2 2 1 1 778 779 562
2689 2 2 1 1 856 857 854
2690 2 2 1 1 1183 1350 1349
2691 2 2 1 1 457 458 456
2692 2 2 1 1 1218 1881 1216
2693 2 2 1 1 1139 1140 1138
2694 2 2 1 1 514 765 516
2695 2 2 1 1 176 1752 358
2696 2 2 1 1 637 1832 1079
2697 2 2 1 1 781 1834 742
2698 2 2 1 1 1242 1810 1720
2699 2 2 1 1 1097 1790 1099
2700 2 2 1 1 1583 1879 1586
2701 2 2 1 1 1195 1817 999
2702 2 2 1 1 475 1778 476
2703 2 2 1 1 454 1127 451
2704 2 2 1 1 476 1778 937
2705 2 2 1 1 482 1782 490
2706 2 2 1 1 1208 1794 1220
2707 2 2 1 1 937 1780 478
2708 2 2 1 1 501 1816 507
2709 2 2 1 1 1206 1794 1205
2710 2 2 1 1 744 1834 780
2711 2 2 1 1 488 1778 475
2712 2 2 1 1 1672 1908 1674
2713 2 2 1 1 1117 1829 1113
2714 2 2 1 1 484 1782 482
2715 2 2 1 1 1141 1177 1140
2716 2 2 1 1 1131 1906 1224
2717 2 2 1 1 938 1793 663
2718 2 2 1 1 1113 1829 1776
2719 2 2 1 1 447 450 449
2720 2 2 1 1 1072 1073 948
2721 2 2 1 1 1080 1838 1837
2722 2 2 1 1 892 1797 890
2723 2 2 1 1 447 448 444
2724 2 2 1 1 455 457 456
2725 2 2 1 1 436 438 437
2726 2 2 1 1 837 1854 984
2727 2 2 1 1 663 1793 661
2728 2 2 1 1 1763 1782 484
2729 2 2 1 1 453 455 454
2730 2 2 1 1 1535 1787 1537
2731 2 2 1 1 449 452 448
2732 2 2 1 1 440 443 442
2733 2 2 1 1 1221 1869 1002
2734 2 2 1 1 1195 1826 1817
2735 2 2 1 1 1083 1822 1693
2736 2 2 1 1 768 1004 837
2737 2 2 1 1 607 1837 609
2738 2 2 1 1 1434 1533 1184
2739 2 2 1 1 1697 1826 1195
2740 2 2 1 1 661 1793 664
2741 2 2 1 1 820 1139 1138
2742 2 2 1 1 512 1841 596
2743 2 2 1 1 987 1020 1019
2744 2 2 1 1 756 758 757
2745 2 2 1 1 1205 1794 1208
2746 2 2 1 1 748 749 747
2747 2 2 1 1 1608 1856 1456
2748 2 2 1 1 623 1535 608
2749 2 2 1 1 1151 1797 1012
2750 2 2 1 1 597 1796 511
2751 2 2 1 1 511 1796 503
2752 2 2 1 1 728 806 805
2753 2 2 1 1 450 453 451
2754 2 2 1 1 697 1827 675
2755 2 2 1 1 1047 1189 883
2756 2 2 1 1 758 845 814
2757 2 2 1 1 911 1801 913
2758 2 2 1 1 794 808 795
2759 2 2 1 1 989 1774 1065
2760 2 2 1 1 915 1799 917
2761 2 2 1 1 890 1797 1772
2762 2 2 1 1 1477 1889 1465
2763 2 2 1 1 766 1803 768
2764 2 2 1 1 612 1830 556
2765 2 2 1 1 758 814 759
2766 2 2 1 1 907 1804 909
2767 2 2 1 1 1099 1790 1192
2768 2 2 1 1 1139 1141 1140
2769 2 2 1 1 583 1832 585
2770 2 2 1 1 1148 1318 1236
2771 2 2 1 1 503 1796 763
2772 2 2 1 1 1118 1815 857
2773 2 2 1 1 433 762 431
2774 2 2 1 1 490 1782 1121
2775 2 2 1 1 1190 1417 1061
2776 2 2 1 1 742 1834 744
2777 2 2 1 1 637 1079 682
2778 2 2 1 1 1207 1821 1204
2779 2 2 1 1 440 441 438
2780 2 2 1 1 814 941 815
2781 2 2 1 1 434 436 435
2782 2 2 1 1 1518 1973 1522
2783 2 2 1 1 455 456 454
2784 2 2 1 1 507 1823 1769
2785 2 2 1 1 903 1805 905
2786 2 2 1 1 526 1813 528
2787 2 2 1 1 493 1802 488
2788 2 2 1 1 763 1802 493
2789 2 2 1 1 839 840 813
2790 2 2 1 1 1012 1797 892
2791 2 2 1 1 453 454 451
2792 2 2 1 1 445 1867 430
2793 2 2 1 1 1522 1969 1524
2794 2 2 1 1 654 1807 660
2795 2 2 1 1 899 1808 901
2796 2 2 1 1 645 764 674
2797 2 2 1 1 577 1771 630
2798 2 2 1 1 753 1784 434
2799 2 2 1 1 855 1815 896
2800 2 2 1 1 588 591 590
2801 2 2 1 1 1743 1844 1775
2802 2 2 1 1 447 449 448
2803 2 2 1 1 632 1807 654
2804 2 2 1 1 579 1771 577
2805 2 2 1 1 1515 1849 1517
2806 2 2 1 1 443 446 444
2807 2 2 1 1 738 1893 1888
2808 2 2 1 1 854 1815 855
2809 2 2 1 1 1166 1872 1117
2810 2 2 1 1 1943 1946 1767
2811 2 2 1 1 562 1813 526
2812 2 2 1 1 1141 1364 1177
2813 2 2 1 1 691 1829 796
2814 2 2 1 1 969 1809 968
2815 2 2 1 1 436 437 435
2816 2 2 1 1 450 451 449
2817 2 2 1 1 1085 1822 1083
2818 2 2 1 1 1121 1807 632
2819 2 2 1 1 1119 1809 1285
2820 2 2 1 1 780 1863 746
2821 2 2 1 1 616 1847 569
2822 2 2 1 1 567 1841 512
2823 2 2 1 1 27 387 28
2824 2 2 1 1 477 1814 473
2825 2 2 1 1 528 1812 530
2826 2 2 1 1 430 1867 432
2827 2 2 1 1 1520 1982 1849
2828 2 2 1 1 839 1129 1061
2829 2 2 1 1 1844 1865 1199
2830 2 2 1 1 1740 1844 1199
2831 2 2 1 1 437 474 435
2832 2 2 1 1 666 1853 670
2833 2 2 1 1 573 1862 571
2834 2 2 1 1 1246 1846 1569
2835 2 2 1 1 575 1858 573
2836 2 2 1 1 1362 1822 1085
2837 2 2 1 1 452 761 756
2838 2 2 1 1 774 1939 1933
2839 2 2 1 1 747 1771 579
2840 2 2 1 1 1231 1806 850
2841 2 2 1 1 434 435 433
2842 2 2 1 1 1054 1055 1053
2843 2 2 1 1 1187 1416 1405
2844 2 2 1 1 465 1800 468
2845 2 2 1 1 569 1847 567
2846 2 2 1 1 750 785 749
2847 2 2 1 1 768 1803 1004
2848 2 2 1 1 1191 1855 1088
2849 2 2 1 1 1053 1174 1052
2850 2 2 1 1 443 444 442
2851 2 2 1 1 1123 1126 1125
2852 2 2 1 1 917 1799 949
2853 2 2 1 1 446 447 444
2854 2 2 1 1 1775 1844 1740
2855 2 2 1 1 440 442 441
2856 2 2 1 1 984 1052 983
2857 2 2 1 1 852 1806 856
2858 2 2 1 1 467 1800 465
2859 2 2 1 1 488 1802 1778
2860 2 2 1 1 913 1801 952
2861 2 2 1 1 1073 1234 1136
2862 2 2 1 1 847 954 848
2863 2 2 1 1 470 1814 760
2864 2 2 1 1 952 1799 915
2865 2 2 1 1 850 1806 852
2866 2 2 1 1 473 1814 470
2867 2 2 1 1 953 1801 911
2868 2 2 1 1 1200 1853 1793
2869 2 2 1 1 1572 1857 1571
2870 2 2 1 1 968 1809 1119
2871 2 2 1 1 1462 1889 1727
2872 2 2 1 1 439 440 438
2873 2 2 1 1 1853 1874 670
2874 2 2 1 1 656 1787 623
2875 2 2 1 1 828 948 829
2876 2 2 1 1 1166 1884 1872
2877 2 2 1 1 909 1804 953
2878 2 2 1 1 740 1870 647
2879 2 2 1 1 984 1053 1052
2880 2 2 1 1 956 1804 907
2881 2 2 1 1 1042 1186 1185
2882 2 2 1 1 857 1815 854
2883 2 2 1 1 963 1808 899
2884 2 2 1 1 966 1805 903
2885 2 2 1 1 1456 1856 1458
2886 2 2 1 1 797 1122 730
2887 2 2 1 1 905 1805 956
2888 2 2 1 1 768 836 767
2889 2 2 1 1 1134 1864 787
2890 2 2 1 1 1822 1878 927
2891 2 2 1 1 1581 1852 916
2892 2 2 1 1 434 1784 436
2893 2 2 1 1 901 1808 966
2894 2 2 1 1 525 1820 778
2895 2 2 1 1 1073 1136 948
2896 2 2 1 1 1120 1839 1118
2897 2 2 1 1 786 1609 785
2898 2 2 1 1 873 1068 875
2899 2 2 1 1 436 1784 439
2900 2 2 1 1 1936 1942 524
2901 2 2 1 1 729 1898 683
2902 2 2 1 1 1001 1865 1844
2903 2 2 1 1 707 1787 656
2904 2 2 1 1 1204 1874 1201
2905 2 2 1 1 530 1812 554
2906 2 2 1 1 1001 1844 1743
2907 2 2 1 1 738 1888 1856
2908 2 2 1 1 731 1876 736
2909 2 2 1 1 432 434 433
2910 2 2 1 1 760 1800 467
2911 2 2 1 1 828 829 787
2912 2 2 1 1 1653 1860 1654
2913 2 2 1 1 837 983 836
2914 2 2 1 1 1782 1869 1121
2915 2 2 1 1 524 1820 522
2916 2 2 1 1 567 1847 1841
2917 2 2 1 1 1342 1402 1368
2918 2 2 1 1 1837 1838 841
2919 2 2 1 1 522 1820 525
2920 2 2 1 1 837 984 983
2921 2 2 1 1 839 1061 840
2922 2 2 1 1 566 1893 568
2923 2 2 1 1 1793 1853 664
2924 2 2 1 1 987 1019 962
2925 2 2 1 1 1660 1885 1821
2926 2 2 1 1 528 1813 1812
2927 2 2 1 1 1475 1893 1754
2928 2 2 1 1 785 787 749
2929 2 2 1 1 732 994 804
2930 2 2 1 1 1347 1818 446
2931 2 2 1 1 630 1858 575
2932 2 2 1 1 664 1853 666
2933 2 2 1 1 1129 1190 1061
2934 2 2 1 1 1071 1950 1308
2935 2 2 1 1 815 1833 820
2936 2 2 1 1 629 841 652
2937 2 2 1 1 2136 2162 355
2938 2 2 1 1 682 1828 728
2939 2 2 1 1 1139 1833 1142
2940 2 2 1 1 740 1890 1870
2941 2 2 1 1 545 1892 548
2942 2 2 1 1 1109 1884 1235
2943 2 2 1 1 1763 1869 1782
2944 2 2 1 1 768 837 836
2945 2 2 1 1 460 1835 456
2946 2 2 1 1 941 1833 815
2947 2 2 1 1 746 1863 775
2948 2 2 1 1 711 839 813
2949 2 2 1 1 785 828 787
2950 2 2 1 1 766 767 474
2951 2 2 1 1 766 768 767
2952 2 2 1 1 997 1931 1584
2953 2 2 1 1 1222 1936 1929
2954 2 2 1 1 1458 1856 1461
2955 2 2 1 1 565 1986 1886
2956 2 2 1 1 723 1877 669
2957 2 2 1 1 1953 1956 612
2958 2 2 1 1 1906 1914 1224
2959 2 2 1 1 1200 1874 1853
2960 2 2 1 1 1865 1870 1198
2961 2 2 1 1 454 1835 1127
2962 2 2 1 1 1199 1865 1695
2963 2 2 1 1 449 1825 452
2964 2 2 1 1 714 1877 1011
2965 2 2 1 1 447 1818 450
2966 2 2 1 1 984 1854 1054
2967 2 2 1 1 1816 1879 507
2968 2 2 1 1 1111 1836 1783
2969 2 2 1 1 655 1850 626
2970 2 2 1 1 1123 1124 1122
2971 2 2 1 1 456 1835 454
2972 2 2 1 1 446 1818 447
2973 2 2 1 1 1042 1185 872
2974 2 2 1 1 428 445 430
2975 2 2 1 1 1212 1866 1660
2976 2 2 1 1 986 987 962
2977 2 2 1 1 1127 1825 451
2978 2 2 1 1 1529 1886 1520
2979 2 2 1 1 820 1833 1139
2980 2 2 1 1 437 766 474
2981 2 2 1 1 451 1825 449
2982 2 2 1 1 883 1827 697
2983 2 2 1 1 708 797 730
2984 2 2 1 1 1362 1878 1822
2985 2 2 1 1 1126 1277 1125
2986 2 2 1 1 1913 1919 765
2987 2 2 1 1 1672 1917 1908
2988 2 2 1 1 1277 1286 1125
2989 2 2 1 1 432 433 431
2990 2 2 1 1 1298 1300 1299
2991 2 2 1 1 728 1828 806
2992 2 2 1 1 424 769 426
2993 2 2 1 1 775 1943 1939
2994 2 2 1 1 626 1850 645
2995 2 2 1 1 797 1123 1122
2996 2 2 1 1 1079 1828 682
2997 2 2 1 1 1640 1868 1645
2998 2 2 1 1 1858 1862 573
2999 2 2 1 1 613 1764 590
3000 2 2 1 1 623 1787 1535
3001 2 2 1 1 845 1845 814
3002 2 2 1 1 539 1894 537
3003 2 2 1 1 670 1885 668
3004 2 2 1 1 457 1880 684
3005 2 2 1 1 799 1180 870
3006 2 2 1 1 452 1825 761
3007 2 2 1 1 647 1870 1001
3008 2 2 1 1 1182 1183 1044
3009 2 2 1 1 814 1845 941
3010 2 2 1 1 1556 1905 1551
3011 2 2 1 1 1130 1897 1106
3012 2 2 1 1 1955 1957 864
3013 2 2 1 1 1189 1827 883
3014 2 2 1 1 1586 1879 1816
3015 2 2 1 1 1117 1872 1829
3016 2 2 1 1 1180 1369 1181
3017 2 2 1 1 441 1861 438
3018 2 2 1 1 1351 1352 1350
3019 2 2 1 1 796 1872 1766
3020 2 2 1 1 1928 1932 777
3021 2 2 1 1 839 1873 1129
3022 2 2 1 1 758 1859 845
3023 2 2 1 1 1937 1944 1102
3024 2 2 1 1 645 1850 764
3025 2 2 1 1 438 1861 437
3026 2 2 1 1 1821 1885 670
3027 2 2 1 1 1123 1125 1124
3028 2 2 1 1 432 1867 753
3029 2 2 1 1 879 881 880
3030 2 2 1 1 1198 1890 1128
3031 2 2 1 1 1071 1295 1045
3032 2 2 1 1 1342 1368 1186
3033 2 2 1 1 756 1859 758
3034 2 2 1 1 1872 1884 1766
3035 2 2 1 1 1829 1872 796
3036 2 2 1 1 74 1903 337
3037 2 2 1 1 380 1903 73
3038 2 2 1 1 1522 1973 1969
3039 2 2 1 1 1201 1874 1200
3040 2 2 1 1 736 1876 862
3041 2 2 1 1 1002 1869 1763
3042 2 2 1 1 430 432 431
3043 2 2 1 1 669 1877 714
3044 2 2 1 1 761 1859 756
3045 2 2 1 1 1252 1964 1254
3046 2 2 1 1 940 1182 1044
3047 2 2 1 1 1463 1888 1475
3048 2 2 1 1 429 495 427
3049 2 2 1 1 846 1902 1131
3050 2 2 1 1 1037 1901 1260
3051 2 2 1 1 730 1876 731
3052 2 2 1 1 1216 1881 1423
3053 2 2 1 1 459 1880 457
3054 2 2 1 1 1870 1890 1198
3055 2 2 1 1 766 1861 1803
3056 2 2 1 1 1911 1924 1298
3057 2 2 1 1 430 431 429
3058 2 2 1 1 1221 1882 1869
3059 2 2 1 1 554 1891 532
3060 2 2 1 1 1183 1351 1350
3061 2 2 1 1 384 2138 1613
3062 2 2 1 1 1554 1919 1547
3063 2 2 1 1 428 430 429
3064 2 2 1 1 1807 1882 843
3065 2 2 1 1 962 1401 960
3066 2 2 1 1 1253 1967 1252
3067 2 2 1 1 747 1864 1771
3068 2 2 1 1 1524 1962 1526
3069 2 2 1 1 736 862 794
3070 2 2 1 1 1421 1878 1362
3071 2 2 1 1 1310 1970 1253
3072 2 2 1 1 1001 1870 1865
3073 2 2 1 1 420 471 422
3074 2 2 1 1 1300 1315 1299
3075 2 2 1 1 1172 1178 1173
3076 2 2 1 1 426 428 427
3077 2 2 1 1 1882 1902 843
3078 2 2 1 1 428 429 427
3079 2 2 1 1 652 1873 711
3080 2 2 1 1 749 1864 747
3081 2 2 1 1 1122 1876 730
3082 2 2 1 1 959 1147 961
3083 2 2 1 1 437 1861 766
3084 2 2 1 1 1917 1922 1711
3085 2 2 1 1 961 986 962
3086 2 2 1 1 1221 1902 1882
3087 2 2 1 1 507 1879 1823
3088 2 2 1 1 536 1896 563
3089 2 2 1 1 711 1873 839
3090 2 2 1 1 1835 1900 1127
3091 2 2 1 1 1130 1901 1897
3092 2 2 1 1 1856 1888 1461
3093 2 2 1 1 1030 1298 1297
3094 2 2 1 1 1890 1897 1128
3095 2 2 1 1 787 1864 749
3096 2 2 1 1 426 427 425
3097 2 2 1 1 1055 1974 1941
3098 2 2 1 1 1121 1882 1807
3099 2 2 1 1 1766 1884 1109
3100 2 2 1 1 424 426 425
3101 2 2 1 1 1495 2083 364
3102 2 2 1 1 1252 1967 1964
3103 2 2 1 1 668 1885 723
3104 2 2 1 1 841 1873 652
3105 2 2 1 1 1978 1980 1231
3106 2 2 1 1 1124 1875 1122
3107 2 2 1 1 423 508 421
3108 2 2 1 1 1465 1889 1462
3109 2 2 1 1 1461 1888 1463
3110 2 2 1 1 1869 1882 1121
3111 2 2 1 1 1032 1400 1399
3112 2 2 1 1 424 425 423
3113 2 2 1 1 422 424 423
3114 2 2 1 1 532 1891 534
3115 2 2 1 1 1915 1921 1167
3116 2 2 1 1 1143 1938 1544
3117 2 2 1 1 1544 1916 1836
3118 2 2 1 1 1795 1890 740
3119 2 2 1 1 422 423 421
3120 2 2 1 1 420 422 421
3121 2 2 1 1 996 1945 1453
3122 2 2 1 1 547 1892 545
3123 2 2 1 1 568 1893 738
3124 2 2 1 1 1298 1299 1297
3125 2 2 1 1 537 1894 565
3126 2 2 1 1 514 1913 765
3127 2 2 1 1 955 1915 979
3128 2 2 1 1 1067 1918 1151
3129 2 2 1 1 997 1933 1931
3130 2 2 1 1 1795 1897 1890
3131 2 2 1 1 1823 1914 1769
3132 2 2 1 1 994 1883 804
3133 2 2 1 1 804 1883 940
3134 2 2 1 1 1800 1913 468
3135 2 2 1 1 1780 1917 1711
3136 2 2 1 1 534 1896 536
3137 2 2 1 1 420 421 419
3138 2 2 1 1 1789 1913 1800
3139 2 2 1 1 1802 1908 1778
3140 2 2 1 1 1750 1930 1477
3141 2 2 1 1 1648 2115 1647
3142 2 2 1 1 418 420 419
3143 2 2 1 1 1891 1896 534
3144 2 2 1 1 1446 1941 1177
3145 2 2 1 1 1253 1970 1967
3146 2 2 1 1 683 1898 996
3147 2 2 1 1 1673 1926 1668
3148 2 2 1 1 1674 1908 1802
3149 2 2 1 1 1789 1919 1913
3150 2 2 1 1 877 1059 879
3151 2 2 1 1 1128 1901 1037
3152 2 2 1 1 961 962 960
3153 2 2 1 1 73 1903 74
3154 2 2 1 1 414 502 416
3155 2 2 1 1 1106 1897 1795
3156 2 2 1 1 1409 1410 967
3157 2 2 1 1 1186 1912 1185
3158 2 2 1 1 843 1902 846
3159 2 2 1 1 416 418 417
3160 2 2 1 1 418 419 417
3161 2 2 1 1 940 1883 1182
3162 2 2 1 1 1679 1932 1678
3163 2 2 1 1 808 1911 809
3164 2 2 1 1 1902 1906 1131
3165 2 2 1 1 1551 1905 1552
3166 2 2 1 1 408 611 410
3167 2 2 1 1 1297 1348 1050
3168 2 2 1 1 1358 1971 1357
3169 2 2 1 1 417 601 415
3170 2 2 1 1 1897 1901 1128
3171 2 2 1 1 563 1925 538
3172 2 2 1 1 491 1928 777
3173 2 2 1 1 1030 1050 954
3174 2 2 1 1 1375 1391 369
3175 2 2 1 1 729 1909 1898
3176 2 2 1 1 1003 1906 1221
3177 2 2 1 1 416 417 415
3178 2 2 1 1 1219 1993 1218
3179 2 2 1 1 1981 1984 1233
3180 2 2 1 1 1050 1921 1915
3181 2 2 1 1 1254 1946 1863
3182 2 2 1 1 414 416 415
3183 2 2 1 1 542 1927 551
3184 2 2 1 1 1672 1922 1917
3185 2 2 1 1 458 1930 461
3186 2 2 1 1 1692 1929 765
3187 2 2 1 1 461 1930 1750
3188 2 2 1 1 158 2067 1315
3189 2 2 1 1 1873 1910 1129
3190 2 2 1 1 1947 1961 1116
3191 2 2 1 1 847 1030 954
3192 2 2 1 1 1127 1899 1825
3193 2 2 1 1 1180 1842 1369
3194 2 2 1 1 1030 1297 1050
3195 2 2 1 1 1825 1899 761
3196 2 2 1 1 765 1929 516
3197 2 2 1 1 1771 1923 630
3198 2 2 1 1 418 2029 1450
3199 2 2 1 1 1003 1914 1906
3200 2 2 1 1 771 1920 770
3201 2 2 1 1 1778 1908 937
3202 2 2 1 1 1753 1935 1752
3203 2 2 1 1 841 1910 1873
3204 2 2 1 1 1755 1940 338
3205 2 2 1 1 414 415 413
3206 2 2 1 1 1290 1996 1219
3207 2 2 1 1 468 1913 514
3208 2 2 1 1 1219 1996 1993
3209 2 2 1 1 1836 1916 441
3210 2 2 1 1 1769 1914 1003
3211 2 2 1 1 412 414 413
3212 2 2 1 1 1781 1937 1102
3213 2 2 1 1 1230 1961 1848
3214 2 2 1 1 441 1916 1861
3215 2 2 1 1 630 1923 1855
3216 2 2 1 1 1137 1959 1143
3217 2 2 1 1 1562 1934 1559
3218 2 2 1 1 520 1936 524
3219 2 2 1 1 1975 1976 1381
3220 2 2 1 1 1838 1910 841
3221 2 2 1 1 338 1940 1744
3222 2 2 1 1 1435 1963 1182
3223 2 2 1 1 1232 1942 1135
3224 2 2 1 1 1908 1917 937
3225 2 2 1 1 882 1609 786
3226 2 2 1 1 547 1985 1361
3227 2 2 1 1 1222 1942 1936
3228 2 2 1 1 1202 1943 1767
3229 2 2 1 1 400 1029 402
3230 2 2 1 1 945 1948 946
3231 2 2 1 1 1367 2038 1366
3232 2 2 1 1 959 961 960
3233 2 2 1 1 973 1071 1045
3234 2 2 1 1 1861 1916 1803
3235 2 2 1 1 1524 1969 1962
3236 2 2 1 1 1127 1900 1899
3237 2 2 1 1 1368 1912 1186
3238 2 2 1 1 1409 1411 1410
3239 2 2 1 1 1673 1932 1928
3240 2 2 1 1 1314 2140 349
3241 2 2 1 1 1221 1906 1902
3242 2 2 1 1 954 1915 955
3243 2 2 1 1 1314 2128 387
3244 2 2 1 1 937 1917 1780
3245 2 2 1 1 1283 1918 1067
3246 2 2 1 1 1823 1931 1914
3247 2 2 1 1 1547 1919 1789
3248 2 2 1 1 412 413 411
3249 2 2 1 1 1229 1952 1684
3250 2 2 1 1 410 412 411
3251 2 2 1 1 775 1946 1943
3252 2 2 1 1 1544 1938 1916
3253 2 2 1 1 1711 1922 715
3254 2 2 1 1 1633 1954 998
3255 2 2 1 1 1679 1944 1937
3256 2 2 1 1 1030 1911 1298
3257 2 2 1 1 404 739 406
3258 2 2 1 1 1225 1958 1507
3259 2 2 1 1 1068 1895 875
3260 2 2 1 1 555 1953 612
3261 2 2 1 1 979 1915 1167
3262 2 2 1 1 1922 1926 715
3263 2 2 1 1 979 1167 1026
3264 2 2 1 1 809 1911 847
3265 2 2 1 1 1453 1945 1910
3266 2 2 1 1 1820 1947 1116
3267 2 2 1 1 1958 1960 1507
3268 2 2 1 1 1071 1308 1295
3269 2 2 1 1 1987 1997 797
3270 2 2 1 1 1670 1922 1672
3271 2 2 1 1 1084 1971 1359
3272 2 2 1 1 971 1920 859
3273 2 2 1 1 411 644 409
3274 2 2 1 1 1895 1904 1059
3275 2 2 1 1 1134 1923 1864
3276 2 2 1 1 1138 1968 1137
3277 2 2 1 1 410 411 409
3278 2 2 1 1 1143 1959 1938
3279 2 2 1 1 1134 1949 1923
3280 2 2 1 1 1673 1928 1926
3281 2 2 1 1 1670 1926 1922
3282 2 2 1 1 875 1895 877
3283 2 2 1 1 538 1925 540
3284 2 2 1 1 725 1907 799
3285 2 2 1 1 1179 1975 1381
3286 2 2 1 1 829 1958 1225
3287 2 2 1 1 408 410 409
3288 2 2 1 1 877 1895 1059
3289 2 2 1 1 1136 1958 948
3290 2 2 1 1 959 960 958
3291 2 2 1 1 1668 1926 1670
3292 2 2 1 1 1021 1960 1278
3293 2 2 1 1 1298 1924 1300
3294 2 2 1 1 1229 1956 1953
3295 2 2 1 1 1923 1949 1855
3296 2 2 1 1 784 2009 1621
3297 2 2 1 1 1137 1968 1959
3298 2 2 1 1 972 2004 1013
3299 2 2 1 1 799 1907 1180
3300 2 2 1 1 1914 1931 1224
3301 2 2 1 1 540 1927 542
3302 2 2 1 1 1925 1927 540
3303 2 2 1 1 1864 1923 1771
3304 2 2 1 1 1138 1974 1968
3305 2 2 1 1 1679 1937 1932
3306 2 2 1 1 1050 1915 954
3307 2 2 1 1 847 1911 1030
3308 2 2 1 1 881 958 957
3309 2 2 1 1 715 1928 491
3310 2 2 1 1 2115 2120 1647
3311 2 2 1 1 1357 1971 1637
3312 2 2 1 1 1140 1974 1138
3313 2 2 1 1 1916 1938 1803
3314 2 2 1 1 516 1929 518
3315 2 2 1 1 684 1930 458
3316 2 2 1 1 1910 1945 1129
3317 2 2 1 1 1348 1921 1050
3318 2 2 1 1 1678 1932 1673
3319 2 2 1 1 1559 1934 1560
3320 2 2 1 1 1182 1963 1183
3321 2 2 1 1 707 2010 1379
3322 2 2 1 1 387 2140 1314
3323 2 2 1 1 2058 2125 367
3324 2 2 1 1 1584 1931 1823
3325 2 2 1 1 1224 1933 1223
3326 2 2 1 1 1232 1961 1947
3327 2 2 1 1 897 1972 963
3328 2 2 1 1 408 409 407
3329 2 2 1 1 1526 1962 1899
3330 2 2 1 1 1929 1936 518
3331 2 2 1 1 1010 1980 1009
3332 2 2 1 1 849 1978 1231
3333 2 2 1 1 1153 2004 974
3334 2 2 1 1 1921 2139 2020
3335 2 2 1 1 518 1936 520
3336 2 2 1 1 1296 2028 1154
3337 2 2 1 1 1933 1939 1223
3338 2 2 1 1 1180 1907 1842
3339 2 2 1 1 598 1979 617
3340 2 2 1 1 1088 1949 1948
3341 2 2 1 1 1102 1944 1728
3342 2 2 1 1 1752 1935 358
3343 2 2 1 1 777 1937 1781
3344 2 2 1 1 1503 1987 695
3345 2 2 1 1 1177 1941 1140
3346 2 2 1 1 1223 1939 1773
3347 2 2 1 1 1899 1962 761
3348 2 2 1 1 1744 1940 1745
3349 2 2 1 1 1931 1933 1224
3350 2 2 1 1 1839 1972 896
3351 2 2 1 1 870 1950 1871
3352 2 2 1 1 1951 1952 559
3353 2 2 1 1 1135 1942 1222
3354 2 2 1 1 1728 1951 559
3355 2 2 1 1 1803 1938 1004
3356 2 2 1 1 1539 2008 1147
3357 2 2 1 1 38 1327 39
3358 2 2 1 1 1948 1949 1225
3359 2 2 1 1 1635 1956 1954
3360 2 2 1 1 1680 1944 1679
3361 2 2 1 1 1218 1990 1881
3362 2 2 1 1 1939 1943 1773
3363 2 2 1 1 1773 1943 1202
3364 2 2 1 1 1410 1415 967
3365 2 2 1 1 1944 1951 1728
3366 2 2 1 1 1926 1928 715
3367 2 2 1 1 1379 2013 707
3368 2 2 1 1 970 971 859
3369 2 2 1 1 1806 1981 1233
3370 2 2 1 1 1954 1956 1227
3371 2 2 1 1 1229 1953 1952
3372 2 2 1 1 1226 1955 1227
3373 2 2 1 1 1088 1948 945
3374 2 2 1 1 1232 1947 1942
3375 2 2 1 1 1129 1945 1190
3376 2 2 1 1 1230 1980 1978
3377 2 2 1 1 1855 1949 1088
3378 2 2 1 1 406 408 407
3379 2 2 1 1 524 1947 1820
3380 2 2 1 1 695 1987 696
3381 2 2 1 1 361 398 397
3382 2 2 1 1 1748 1952 1951
3383 2 2 1 1 1748 1951 1680
3384 2 2 1 1 1680 1951 1944
3385 2 2 1 1 1863 1946 775
3386 2 2 1 1 1225 1949 1134
3387 2 2 1 1 959 1966 1147
3388 2 2 1 1 1276 1408 1014
3389 2 2 1 1 1142 1986 1141
3390 2 2 1 1 1540 2012 986
3391 2 2 1 1 612 1956 1635
3392 2 2 1 1 1938 1959 1004
3393 2 2 1 1 1849 1982 941
3394 2 2 1 1 941 1982 1833
3395 2 2 1 1 1684 1952 1748
3396 2 2 1 1 1635 1954 1633
3397 2 2 1 1 559 1953 555
3398 2 2 1 1 1954 1955 998
3399 2 2 1 1 1886 1986 1142
3400 2 2 1 1 881 959 958
3401 2 2 1 1 1932 1937 777
3402 2 2 1 1 1227 1956 1229
3403 2 2 1 1 1228 1957 1226
3404 2 2 1 1 1010 1984 1981
3405 2 2 1 1 1178 2104 1396
3406 2 2 1 1 1355 2032 1356
3407 2 2 1 1 948 1958 829
3408 2 2 1 1 1004 1959 1854
3409 2 2 1 1 1751 1991 1753
3410 2 2 1 1 405 720 403
3411 2 2 1 1 708 1987 797
3412 2 2 1 1 1254 1964 1946
3413 2 2 1 1 1507 1960 1021
3414 2 2 1 1 1647 2120 330
3415 2 2 1 1 1230 1978 1961
3416 2 2 1 1 1226 1957 1955
3417 2 2 1 1 1848 1961 1232
3418 2 2 1 1 1234 1965 1136
3419 2 2 1 1 406 407 405
3420 2 2 1 1 1767 1964 1206
3421 2 2 1 1 1637 1971 1084
3422 2 2 1 1 1960 1965 1278
3423 2 2 1 1 761 1962 1859
3424 2 2 1 1 1964 1967 1206
3425 2 2 1 1 1959 1968 1854
3426 2 2 1 1 1183 1963 1351
3427 2 2 1 1 1206 1967 1794
3428 2 2 1 1 1411 1412 1410
3429 2 2 1 1 1942 1947 524
3430 2 2 1 1 1059 1966 879
3431 2 2 1 1 1123 1997 1126
3432 2 2 1 1 23 361 22
3433 2 2 1 1 1794 1970 1220
3434 2 2 1 1 1969 1973 845
3435 2 2 1 1 1854 1968 1054
3436 2 2 1 1 1967 1970 1794
3437 2 2 1 1 1859 1969 845
3438 2 2 1 1 1957 1989 866
3439 2 2 1 1 1968 1974 1054
3440 2 2 1 1 896 1972 897
3441 2 2 1 1 1227 1955 1954
3442 2 2 1 1 1952 1953 559
3443 2 2 1 1 1010 1981 1980
3444 2 2 1 1 55 2000 363
3445 2 2 1 1 384 2000 54
3446 2 2 1 1 1962 1969 1859
3447 2 2 1 1 1116 1978 849
3448 2 2 1 1 879 1966 881
3449 2 2 1 1 25 346 24
3450 2 2 1 1 845 1973 1845
3451 2 2 1 1 1054 1974 1055
3452 2 2 1 1 617 1979 655
3453 2 2 1 1 599 2014 564
3454 2 2 1 1 1946 1964 1767
3455 2 2 1 1 404 406 405
3456 2 2 1 1 1503 1997 1987
3457 2 2 1 1 881 1966 959
3458 2 2 1 1 1442 2014 599
3459 2 2 1 1 1009 1980 1230
3460 2 2 1 1 1386 2026 982
3461 2 2 1 1 1218 1993 1990
3462 2 2 1 1 61 2001 351
3463 2 2 1 1 862 1999 794
3464 2 2 1 1 1361 1985 1363
3465 2 2 1 1 1233 1984 1759
3466 2 2 1 1 1231 1981 1806
3467 2 2 1 1 57 2005 58
3468 2 2 1 1 1324 1988 1406
3469 2 2 1 1 770 2003 706
3470 2 2 1 1 1537 2013 1540
3471 2 2 1 1 702 2007 784
3472 2 2 1 1 1833 1982 1142
3473 2 2 1 1 1265 2009 1269
3474 2 2 1 1 1621 2009 1263
3475 2 2 1 1 1136 1965 1960
3476 2 2 1 1 404 405 403
3477 2 2 1 1 1961 1978 1116
3478 2 2 1 1 1011 1984 1010
3479 2 2 1 1 1966 1992 1147
3480 2 2 1 1 1363 1985 1617
3481 2 2 1 1 1619 2019 838
3482 2 2 1 1 330 2011 130
3483 2 2 1 1 1379 2010 1175
3484 2 2 1 1 1141 1986 1364
3485 2 2 1 1 2 2018 149
3486 2 2 1 1 1147 2008 961
3487 2 2 1 1 1274 2159 1716
3488 2 2 1 1 1126 1997 1995
3489 2 2 1 1 346 1313 24
3490 2 2 1 1 1995 1998 1126
3491 2 2 1 1 986 2012 987
3492 2 2 1 1 1077 2012 1379
3493 2 2 1 1 1325 2030 1324
3494 2 2 1 1 696 1987 708
3495 2 2 1 1 87 2015 1580
3496 2 2 1 1 329 2015 86
3497 2 2 1 1 383 2092 1318
3498 2 2 1 1 808 1999 1924
3499 2 2 1 1 982 2026 1387
3500 2 2 1 1 707 2013 1787
3501 2 2 1 1 1691 2162 1270
3502 2 2 1 1 398 399 397
3503 2 2 1 1 1975 1977 1976
3504 2 2 1 1 1980 1981 1231
3505 2 2 1 1 1991 2123 1280
3506 2 2 1 1 1984 1990 1759
3507 2 2 1 1 1059 1992 1966
3508 2 2 1 1 347 1991 1751
3509 2 2 1 1 1717 2100 2098
3510 2 2 1 1 1881 1990 1011
3511 2 2 1 1 1385 2032 1384
3512 2 2 1 1 402 404 403
3513 2 2 1 1 360 2016 59
3514 2 2 1 1 1011 1990 1984
3515 2 2 1 1 128 2017 356
3516 2 2 1 1 1759 1993 969
3517 2 2 1 1 1993 1996 969
3518 2 2 1 1 1729 2109 328
3519 2 2 1 1 969 1996 1809
3520 2 2 1 1 1904 1992 1059
3521 2 2 1 1 329 2156 1965
3522 2 2 1 1 797 1997 1123
3523 2 2 1 1 1228 1989 1957
3524 2 2 1 1 385 2021 172
3525 2 2 1 1 173 2021 347
3526 2 2 1 1 402 403 401
3527 2 2 1 1 1126 1998 1277
3528 2 2 1 1 39 1327 394
3529 2 2 1 1 401 823 399
3530 2 2 1 1 1409 2027 1411
3531 2 2 1 1 398 400 399
3532 2 2 1 1 794 1999 808
3533 2 2 1 1 1308 2039 1309
3534 2 2 1 1 54 2000 55
3535 2 2 1 1 1990 1993 1759
3536 2 2 1 1 425 2022 423
3537 2 2 1 1 1331 2168 1336
3538 2 2 1 1 1336 2168 1335
3539 2 2 1 1 1710 2107 1339
3540 2 2 1 1 974 2004 972
3541 2 2 1 1 346 1345 1313
3542 2 2 1 1 361 397 396
3543 2 2 1 1 1809 2024 1285
3544 2 2 1 1 1995 1997 1503
3545 2 2 1 1 1663 2119 1731
3546 2 2 1 1 400 401 399
3547 2 2 1 1 400 402 401
3548 2 2 1 1 60 2001 61
3549 2 2 1 1 600 2002 1448
3550 2 2 1 1 1370 2039 1181
3551 2 2 1 1 346 1346 1345
3552 2 2 1 1 42 353 43
3553 2 2 1 1 706 2003 704
3554 2 2 1 1 360 2155 1316
3555 2 2 1 1 419 2025 417
3556 2 2 1 1 1307 2027 1276
3557 2 2 1 1 58 2005 360
3558 2 2 1 1 2003 2007 704
3559 2 2 1 1 704 2007 702
3560 2 2 1 1 961 2008 986
3561 2 2 1 1 1263 2009 1265
3562 2 2 1 1 361 396 22
3563 2 2 1 1 416 2029 418
3564 2 2 1 1 1175 2010 1621
3565 2 2 1 1 356 2031 127
3566 2 2 1 1 1302 2162 2136
3567 2 2 1 1 399 1994 397
3568 2 2 1 1 130 2011 129
3569 2 2 1 1 1038 2030 1394
3570 2 2 1 1 1289 2023 93
3571 2 2 1 1 987 2012 1077
3572 2 2 1 1 368 2051 1348
3573 2 2 1 1 1415 2052 882
3574 2 2 1 1 340 2006 91
3575 2 2 1 1 1787 2013 1537
3576 2 2 1 1 1414 2125 1257
3577 2 2 1 1 60 2016 2001
3578 2 2 1 1 564 2014 600
3579 2 2 1 1 1324 2030 1988
3580 2 2 1 1 125 2033 332
3581 2 2 1 1 86 2015 87
3582 2 2 1 1 397 1239 396
3583 2 2 1 1 1714 2035 1703
3584 2 2 1 1 1163 2053 1275
3585 2 2 1 1 2011 2017 129
3586 2 2 1 1 1407 2019 1322
3587 2 2 1 1 1125 2034 1124
3588 2 2 1 1 45 391 46
3589 2 2 1 1 1391 2020 343
3590 2 2 1 1 149 2018 1396
3591 2 2 1 1 366 2150 1590
3592 2 2 1 1 1290 2024 1996
3593 2 2 1 1 1322 2019 1619
3594 2 2 1 1 5 388 40
3595 2 2 1 1 1217 2036 1279
3596 2 2 1 1 1114 2037 1165
3597 2 2 1 1 882 2041 1609
3598 2 2 1 1 59 2016 60
3599 2 2 1 1 1072 2041 1257
3600 2 2 1 1 129 2017 128
3601 2 2 1 1 1333 2131 350
3602 2 2 1 1 1282 2042 1213
3603 2 2 1 1 1513 2061 348
3604 2 2 1 1 397 1994 1239
3605 2 2 1 1 1366 2026 1386
3606 2 2 1 1 823 1994 399
3607 2 2 1 1 1950 2039 1308
3608 2 2 1 1 1716 2066 1717
3609 2 2 1 1 172 2021 173
3610 2 2 1 1 2020 2139 343
3611 2 2 1 1 1029 2132 1345
3612 2 2 1 1 1694 2044 123
3613 2 2 1 1 122 2044 378
3614 2 2 1 1 423 2022 508
3615 2 2 1 1 1334 2167 342
3616 2 2 1 1 1235 2040 1161
3617 2 2 1 1 1875 2127 1606
3618 2 2 1 1 343 2051 155
3619 2 2 1 1 156 2051 368
3620 2 2 1 1 93 2023 92
3621 2 2 1 1 1387 2026 1378
3622 2 2 1 1 1013 2046 970
3623 2 2 1 1 600 2014 2002
3624 2 2 1 1 1211 2054 1282
3625 2 2 1 1 1291 2054 1210
3626 2 2 1 1 1701 2151 1699
3627 2 2 1 1 1276 2027 1409
3628 2 2 1 1 1172 2104 1178
3629 2 2 1 1 47 2023 48
3630 2 2 1 1 1659 2056 1658
3631 2 2 1 1 1615 2056 1614
3632 2 2 1 1 120 2057 336
3633 2 2 1 1 378 2057 121
3634 2 2 1 1 407 2043 405
3635 2 2 1 1 1289 2118 2023
3636 2 2 1 1 352 2104 1373
3637 2 2 1 1 417 2025 601
3638 2 2 1 1 390 2169 1317
3639 2 2 1 1 2018 2099 1178
3640 2 2 1 1 1105 2148 1691
3641 2 2 1 1 1691 2145 1105
3642 2 2 1 1 1414 2052 1412
3643 2 2 1 1 1374 2087 1155
3644 2 2 1 1 1772 2151 1701
3645 2 2 1 1 1384 2032 1355
3646 2 2 1 1 1220 2059 1291
3647 2 2 1 1 1718 2060 1786
3648 2 2 1 1 1508 2061 1513
3649 2 2 1 1 1073 2058 1234
3650 2 2 1 1 1197 2061 1508
3651 2 2 1 1 357 2062 83
3652 2 2 1 1 1154 2028 1258
3653 2 2 1 1 1918 2062 357
3654 2 2 1 1 336 2063 119
3655 2 2 1 1 1124 2127 1875
3656 2 2 1 1 364 2095 1496
3657 2 2 1 1 1717 2098 1274
3658 2 2 1 1 924 2064 920
3659 2 2 1 1 502 2029 416
3660 2 2 1 1 342 2070 1337
3661 2 2 1 1 922 2064 934
3662 2 2 1 1 46 2045 4
3663 2 2 1 1 1497 2055 1492
3664 2 2 1 1 34 2065 339
3665 2 2 1 1 368 2067 157
3666 2 2 1 1 340 2124 1413
3667 2 2 1 1 76 2066 1716
3668 2 2 1 1 337 2066 75
3669 2 2 1 1 1996 2024 1809
3670 2 2 1 1 1412 2052 1410
3671 2 2 1 1 1590 2150 1591
3672 2 2 1 1 117 2068 376
3673 2 2 1 1 57 2102 2005
3674 2 2 1 1 1689 2069 362
3675 2 2 1 1 100 2069 99
3676 2 2 1 1 1604 2072 1607
3677 2 2 1 1 1310 2059 1970
3678 2 2 1 1 1729 2091 1286
3679 2 2 1 1 1318 2101 1734
3680 2 2 1 1 1610 2071 1500
3681 2 2 1 1 69 2070 342
3682 2 2 1 1 382 2070 68
3683 2 2 1 1 1494 2071 1490
3684 2 2 1 1 1935 2055 358
3685 2 2 1 1 1314 2130 1273
3686 2 2 1 1 1306 2073 1249
3687 2 2 1 1 1251 2073 1284
3688 2 2 1 1 386 2075 32
3689 2 2 1 1 127 2031 126
3690 2 2 1 1 1056 2074 1015
3691 2 2 1 1 1606 2108 1875
3692 2 2 1 1 919 2076 924
3693 2 2 1 1 115 2077 341
3694 2 2 1 1 376 2077 116
3695 2 2 1 1 2061 2085 348
3696 2 2 1 1 1378 2038 445
3697 2 2 1 1 1758 2078 1228
3698 2 2 1 1 347 2123 1991
3699 2 2 1 1 1024 2074 1755
3700 2 2 1 1 866 2107 1710
3701 2 2 1 1 445 2038 1867
3702 2 2 1 1 1311 2079 1245
3703 2 2 1 1 1247 2079 1306
3704 2 2 1 1 1689 2158 1093
3705 2 2 1 1 1264 2082 1305
3706 2 2 1 1 2031 2033 126
3707 2 2 1 1 1294 2082 1266
3708 2 2 1 1 113 2086 377
3709 2 2 1 1 341 2086 114
3710 2 2 1 1 1988 2030 1038
3711 2 2 1 1 981 2088 1194
3712 2 2 1 1 1779 2089 1115
3713 2 2 1 1 337 2100 2066
3714 2 2 1 1 1312 2090 1241
3715 2 2 1 1 163 2091 1729
3716 2 2 1 1 1243 2090 1311
3717 2 2 1 1 370 2091 162
3718 2 2 1 1 1319 2093 1150
3719 2 2 1 1 1777 2093 1056
3720 2 2 1 1 331 2094 30
3721 2 2 1 1 31 2094 386
3722 2 2 1 1 1318 2092 1236
3723 2 2 1 1 111 2096 345
3724 2 2 1 1 377 2096 112
3725 2 2 1 1 126 2033 125
3726 2 2 1 1 1839 2115 1972
3727 2 2 1 1 2005 2102 1659
3728 2 2 1 1 1274 2098 1166
3729 2 2 1 1 1301 2109 1998
3730 2 2 1 1 364 2083 180
3731 2 2 1 1 1024 2101 1025
3732 2 2 1 1 363 2102 56
3733 2 2 1 1 1884 2098 1235
3734 2 2 1 1 84 2106 85
3735 2 2 1 1 1305 2105 1262
3736 2 2 1 1 1261 2105 1650
3737 2 2 1 1 1259 2103 1035
3738 2 2 1 1 2085 2110 1722
3739 2 2 1 1 179 2095 364
3740 2 2 1 1 1255 2080 1256
3741 2 2 1 1 1033 2103 1240
3742 2 2 1 1 1286 2034 1125
3743 2 2 1 1 7 2121 148
3744 2 2 1 1 1148 2101 1318
3745 2 2 1 1 182 2121 7
3746 2 2 1 1 1686 2111 1685
3747 2 2 1 1 1703 2035 1702
3748 2 2 1 1 1500 2137 1499
3749 2 2 1 1 393 2121 1723
3750 2 2 1 1 1875 2108 862
3751 2 2 1 1 400 2132 1029
3752 2 2 1 1 1662 2116 1663
3753 2 2 1 1 90 2124 340
3754 2 2 1 1 367 2124 89
3755 2 2 1 1 29 2117 331
3756 2 2 1 1 387 2117 28
3757 2 2 1 1 49 2118 395
3758 2 2 1 1 1731 2119 1130
3759 2 2 1 1 1972 2115 1648
3760 2 2 1 1 1650 2128 1649
3761 2 2 1 1 1786 2129 1785
3762 2 2 1 1 350 2131 106
3763 2 2 1 1 1493 2133 1491
3764 2 2 1 1 1272 2128 1314
3765 2 2 1 1 342 2167 70
3766 2 2 1 1 1588 2157 1587
3767 2 2 1 1 104 2136 355
3768 2 2 1 1 1181 2039 1950
3769 2 2 1 1 1716 2159 379
3770 2 2 1 1 1152 2155 1659
3771 2 2 1 1 1687 2148 1688
3772 2 2 1 1 2110 2163 2142
3773 2 2 1 1 1691 2148 1690
3774 2 2 1 1 99 2150 98
3775 2 2 1 1 1093 2158 1090
3776 2 2 1 1 1413 2125 1414
3777 2 2 1 1 1105 2145 1104
3778 2 2 1 1 1022 2153 1105
3779 2 2 1 1 27 2140 387
3780 2 2 1 1 1791 2145 1270
3781 2 2 1 1 1161 2040 1328
3782 2 2 1 1 92 2023 47
3783 2 2 1 1 1592 2050 389
3784 2 2 1 1 1867 2038 1367
3785 2 2 1 1 1901 2119 1260
3786 2 2 1 1 1797 2151 1772
3787 2 2 1 1 1215 2036 1217
3788 2 2 1 1 1026 2122 1155
3789 2 2 1 1 1317 2143 390
3790 2 2 1 1 1115 2037 1114
3791 2 2 1 1 1328 2040 1903
3792 2 2 1 1 1609 2041 1072
3793 2 2 1 1 1215 2042 2036
3794 2 2 1 1 1903 2040 337
3795 2 2 1 1 1300 2072 1315
3796 2 2 1 1 1239 2143 1317
3797 2 2 1 1 1159 2087 1373
3798 2 2 1 1 1213 2042 1215
3799 2 2 1 1 1 2169 17
3800 2 2 1 1 391 2045 46
3801 2 2 1 1 1659 2155 2005
3802 2 2 1 1 1155 2087 1156
3803 2 2 1 1 1283 2062 1918
3804 2 2 1 1 391 2135 2114
3805 2 2 1 1 405 2043 720
3806 2 2 1 1 123 2044 122
3807 2 2 1 1 1398 2053 1163
3808 2 2 1 1 1256 2050 1293
3809 2 2 1 1 4 2045 349
3810 2 2 1 1 1709 2110 2085
3811 2 2 1 1 1375 2122 2020
3812 2 2 1 1 1194 2097 1568
3813 2 2 1 1 970 2046 971
3814 2 2 1 1 1315 2067 1299
3815 2 2 1 1 1731 2164 1663
3816 2 2 1 1 155 2051 156
3817 2 2 1 1 1255 2138 2080
3818 2 2 1 1 346 2081 1346
3819 2 2 1 1 43 2047 44
3820 2 2 1 1 41 2049 42
3821 2 2 1 1 1410 2052 1415
3822 2 2 1 1 1210 2054 1211
3823 2 2 1 1 1115 2089 2035
3824 2 2 1 1 1345 2132 1313
3825 2 2 1 1 349 2140 26
3826 2 2 1 1 2016 2097 2001
3827 2 2 1 1 44 2048 45
3828 2 2 1 1 1492 2055 1493
3829 2 2 1 1 1658 2056 1615
3830 2 2 1 1 121 2057 120
3831 2 2 1 1 17 2169 390
3832 2 2 1 1 1178 2099 1179
3833 2 2 1 1 1257 2058 1073
3834 2 2 1 1 1257 2125 2058
3835 2 2 1 1 934 2060 1718
3836 2 2 1 1 353 2053 2047
3837 2 2 1 1 1708 2061 1197
3838 2 2 1 1 1296 2146 1346
3839 2 2 1 1 83 2062 84
3840 2 2 1 1 181 2083 1723
3841 2 2 1 1 1339 2163 1710
3842 2 2 1 1 1991 2129 1753
3843 2 2 1 1 865 2113 1758
3844 2 2 1 1 348 2085 1722
3845 2 2 1 1 353 2047 43
3846 2 2 1 1 2118 2157 395
3847 2 2 1 1 1970 2059 1220
3848 2 2 1 1 42 2049 353
3849 2 2 1 1 1568 2097 2016
3850 2 2 1 1 119 2063 118
3851 2 2 1 1 2060 2133 1493
3852 2 2 1 1 2005 2155 360
3853 2 2 1 1 2063 2068 118
3854 2 2 1 1 920 2064 922
3855 2 2 1 1 19 2172 1977
3856 2 2 1 1 33 2065 34
3857 2 2 1 1 1235 2100 2040
3858 2 2 1 1 1281 2129 1991
3859 2 2 1 1 1258 2161 1327
3860 2 2 1 1 75 2066 76
3861 2 2 1 1 157 2067 158
3862 2 2 1 1 2076 2137 1500
3863 2 2 1 1 118 2068 117
3864 2 2 1 1 1275 2171 1307
3865 2 2 1 1 362 2069 100
3866 2 2 1 1 350 2164 1333
3867 2 2 1 1 45 2048 391
3868 2 2 1 1 68 2070 69
3869 2 2 1 1 2023 2118 48
3870 2 2 1 1 1965 2156 1278
3871 2 2 1 1 33 2075 2065
3872 2 2 1 1 1613 2138 1255
3873 2 2 1 1 1490 2071 1610
3874 2 2 1 1 1708 2085 2061
3875 2 2 1 1 334 2072 1604
3876 2 2 1 1 2066 2100 1717
3877 2 2 1 1 1249 2073 1251
3878 2 2 1 1 1015 2074 1024
3879 2 2 1 1 1156 2087 1159
3880 2 2 1 1 1301 2092 1730
3881 2 2 1 1 339 2134 1385
3882 2 2 1 1 1497 2095 178
3883 2 2 1 1 1630 2170 1805
3884 2 2 1 1 32 2075 33
3885 2 2 1 1 949 2076 919
3886 2 2 1 1 1755 2074 1940
3887 2 2 1 1 2053 2171 1275
3888 2 2 1 1 116 2077 115
3889 2 2 1 1 2020 2122 1167
3890 2 2 1 1 2142 2163 1339
3891 2 2 1 1 1701 2141 1772
3892 2 2 1 1 388 2084 40
3893 2 2 1 1 389 2080 1738
3894 2 2 1 1 1345 2146 1029
3895 2 2 1 1 391 2114 2045
3896 2 2 1 1 1381 2166 1380
3897 2 2 1 1 1245 2079 1247
3898 2 2 1 1 180 2083 181
3899 2 2 1 1 1307 2171 2049
3900 2 2 1 1 382 2142 2070
3901 2 2 1 1 1723 2083 1495
3902 2 2 1 1 1266 2082 1264
3903 2 2 1 1 1179 2099 1975
3904 2 2 1 1 1373 2087 1374
3905 2 2 1 1 40 2084 41
3906 2 2 1 1 1228 2078 1989
3907 2 2 1 1 1709 2085 1708
3908 2 2 1 1 114 2086 113
3909 2 2 1 1 18 2172 19
3910 2 2 1 1 2049 2084 1307
3911 2 2 1 1 1730 2092 383
3912 2 2 1 1 985 2088 981
3913 2 2 1 1 947 2089 1779
3914 2 2 1 1 1496 2095 1497
3915 2 2 1 1 1975 2099 365
3916 2 2 1 1 1396 2104 352
3917 2 2 1 1 25 2081 346
3918 2 2 1 1 1241 2090 1243
3919 2 2 1 1 2047 2048 44
3920 2 2 1 1 162 2091 163
3921 2 2 1 1 1356 2112 359
3922 2 2 1 1 1236 2092 1301
3923 2 2 1 1 1150 2093 1777
3924 2 2 1 1 178 2095 179
3925 2 2 1 1 30 2094 31
3926 2 2 1 1 1335 2168 1334
3927 2 2 1 1 112 2096 111
3928 2 2 1 1 1166 2098 1884
3929 2 2 1 1 355 2162 1691
3930 2 2 1 1 1339 2107 1338
3931 2 2 1 1 2089 2141 1702
3932 2 2 1 1 1280 2123 1319
3933 2 2 1 1 2040 2100 337
3934 2 2 1 1 1273 2130 1400
3935 2 2 1 1 1976 2149 1381
3936 2 2 1 1 1392 2113 865
3937 2 2 1 1 2114 2135 1399
3938 2 2 1 1 1025 2101 1148
3939 2 2 1 1 56 2102 57
3940 2 2 1 1 1035 2103 1033
3941 2 2 1 1 1262 2105 1261
3942 2 2 1 1 2080 2138 1738
3943 2 2 1 1 1334 2168 1331
3944 2 2 1 1 85 2106 329
3945 2 2 1 1 862 2108 1999
3946 2 2 1 1 949 2144 2137
3947 2 2 1 1 1607 2108 1606
3948 2 2 1 1 947 2141 2089
3949 2 2 1 1 1399 2135 1398
3950 2 2 1 1 1722 2110 382
3951 2 2 1 1 1685 2111 375
3952 2 2 1 1 1400 2130 2114
3953 2 2 1 1 2111 2116 375
3954 2 2 1 1 2034 2127 1124
3955 2 2 1 1 1400 2114 1399
3956 2 2 1 1 1799 2144 949
3957 2 2 1 1 1338 2107 1989
3958 2 2 1 1 1799 2147 2144
3959 2 2 1 1 390 2172 18
3960 2 2 1 1 375 2116 1662
3961 2 2 1 1 41 2084 2049
3962 2 2 1 1 28 2117 29
3963 2 2 1 1 1120 2115 1839
3964 2 2 1 1 345 2126 1686
3965 2 2 1 1 48 2118 49
3966 2 2 1 1 2001 2097 1512
3967 2 2 1 1 1120 2120 2115
3968 2 2 1 1 952 2147 1799
3969 2 2 1 1 952 2152 2147
3970 2 2 1 1 1989 2107 866
3971 2 2 1 1 148 2121 393
3972 2 2 1 1 1271 2120 1120
3973 2 2 1 1 1801 2154 2152
3974 2 2 1 1 2110 2142 382
3975 2 2 1 1 2021 2123 347
3976 2 2 1 1 1801 2152 952
3977 2 2 1 1 1130 2119 1901
3978 2 2 1 1 1278 2156 1283
3979 2 2 1 1 343 2139 2051
3980 2 2 1 1 1606 2127 1605
3981 2 2 1 1 89 2124 90
3982 2 2 1 1 1999 2108 1607
3983 2 2 1 1 1240 2126 1312
3984 2 2 1 1 1499 2137 1599
3985 2 2 1 1 1167 2122 1026
3986 2 2 1 1 1649 2128 1272
3987 2 2 1 1 953 2160 2154
3988 2 2 1 1 1785 2129 1281
3989 2 2 1 1 365 2099 2018
3990 2 2 1 1 106 2131 105
3991 2 2 1 1 953 2154 1801
3992 2 2 1 1 1437 2134 1304
3993 2 2 1 1 1346 2146 1345
3994 2 2 1 1 1998 2109 1277
3995 2 2 1 1 1491 2133 1494
3996 2 2 1 1 2131 2136 105
3997 2 2 1 1 1702 2141 1701
3998 2 2 1 1 2137 2144 1599
3999 2 2 1 1 105 2136 104
4000 2 2 1 1 2035 2089 1702
4001 2 2 1 1 1327 2161 394
4002 2 2 1 1 1804 2160 953
4003 2 2 1 1 1804 2165 2160
4004 2 2 1 1 1738 2138 384
4005 2 2 1 1 26 2140 27
4006 2 2 1 1 1772 2141 947
4007 2 2 1 1 956 2170 2165
4008 2 2 1 1 956 2165 1804
4009 2 2 1 1 1337 2142 1339
4010 2 2 1 1 1319 2123 2021
4011 2 2 1 1 1348 2139 1921
4012 2 2 1 1 1599 2144 1597
4013 2 2 1 1 1104 2145 1791
4014 2 2 1 1 2144 2147 1597
4015 2 2 1 1 398 2132 400
4016 2 2 1 1 1805 2170 956
4017 2 2 1 1 1601 2154 1628
4018 2 2 1 1 1597 2147 1598
4019 2 2 1 1 1690 2148 1687
4020 2 2 1 1 1333 2164 1731
4021 2 2 1 1 2152 2154 1601
4022 2 2 1 1 2147 2152 1598
4023 2 2 1 1 98 2150 366
4024 2 2 1 1 1598 2152 1601
4025 2 2 1 1 2154 2160 1628
4026 2 2 1 1 1151 2151 1797
4027 2 2 1 1 1023 2153 1022
4028 2 2 1 1 1023 2158 2153
4029 2 2 1 1 1316 2155 1152
4030 2 2 1 1 1587 2157 1289
4031 2 2 1 1 379 2159 1713
4032 2 2 1 1 1090 2158 1023
4033 2 2 1 1 1628 2160 1626
4034 2 2 1 1 2160 2165 1626
4035 2 2 1 1 1710 2163 1709
4036 2 2 1 1 1270 2162 1302
4037 2 2 1 1 1626 2165 1627
4038 2 2 1 1 1663 2164 350
4039 2 2 1 1 2165 2170 1627
4040 2 2 1 1 70 2167 71
4041 2 2 1 1 1627 2170 1630
4042 2 2 1 1 2050 2080 389
4043 2 2 1 1 1256 2080 2050
4044 2 2 1 1 353 2171 2053
4045 2 2 1 1 934 2133 2060
4046 2 2 1 1 2149 2166 1381
4047 2 2 1 1 2028 2161 1258
4048 2 2 1 1 1605 2127 2034
4049 2 2 1 1 1994 2149 1239
4050 2 2 1 1 2070 2142 1337
4051 2 2 1 1 1289 2157 2118
4052 2 2 1 1 823 2166 1994
4053 2 2 1 1 2048 2135 391
4054 2 2 1 1 1994 2166 2149
4055 2 2 1 1 2051 2139 1348
4056 2 2 1 1 949 2137 2076
4057 2 2 1 1 1239 2149 2143
4058 2 2 1 1 2143 2149 1976
4059 2 2 1 1 1283 2156 2106
4060 2 2 1 1 2049 2171 353
4061 2 2 1 1 2106 2156 329
4062 2 2 1 1 1709 2163 2110
4063 2 2 2 2 2294 2325 2213
4064 2 2 2 2 2299 2344 2225
4065 2 2 2 2 2266 2315 2300
4066 2 2 2 2 2265 2315 2266
4067 2 2 2 2 2277 2322 2288
4068 2 2 2 2 2306 2322 2277
4069 2 2 2 2 2224 2296 2200
4070 2 2 2 2 2200 2301 2224
4071 2 2 2 2 2241 2298 2242
4072 2 2 2 2 2241 2305 2298
4073 2 2 2 2 2210 2299 2225
4074 2 2 2 2 2216 2220 2208
4075 2 2 2 2 2291 2344 2297
4076 2 2 2 2 2237 2301 2200
4077 2 2 2 2 2200 2303 2237
4078 2 2 2 2 2231 2325 2294
4079 2 2 2 2 2291 2297 2226
4080 2 2 2 2 2202 2304 2230
4081 2 2 2 2 2241 2304 2202
4082 2 2 2 2 2230 2302 2202
4083 2 2 2 2 2202 2305 2241
4084 2 2 2 2 2224 2331 2206
4085 2 2 2 2 2206 2296 2224
4086 2 2 2 2 2263 2309 2246
4087 2 2 2 2 2248 2314 2189
4088 2 2 2 2 2258 2311 2209
4089 2 2 2 2 2209 2317 2258
4090 2 2 2 2 2283 2318 2256
4091 2 2 2 2 2189 2319 2248
4092 2 2 2 2 2286 2307 2251
4093 2 2 2 2 2277 2308 2281
4094 2 2 2 2 2187 2310 2271
4095 2 2 2 2 2281 2306 2277
4096 2 2 2 2 2271 2320 2187
4097 2 2 2 2 2271 2310 2181
4098 2 2 2 2 2187 2320 2275
4099 2 2 2 2 2275 2316 2187
4100 2 2 2 2 2188 2316 2275
4101 2 2 2 2 2252 2313 2182
4102 2 2 2 2 2247 2318 2283
4103 2 2 2 2 2257 2312 2279
4104 2 2 2 2 2182 2321 2252
4105 2 2 2 2 2265 2307 2286
4106 2 2 2 2 2286 2315 2265
4107 2 2 2 2 2253 2309 2263
4108 2 2 2 2 2246 2332 2263
4109 2 2 2 2 2256 2333 2283
4110 2 2 2 2 2275 2334 2188
4111 2 2 2 2 2263 2335 2253
4112 2 2 2 2 2251 2336 2286
4113 2 2 2 2 2181 2337 2271
4114 2 2 2 2 2279 2338 2257
4115 2 2 2 2 2283 2339 2247
4116 2 2 2 2 2208 2295 2216
4117 2 2 2 2 2242 2298 2196
4118 2 2 2 2 2196 2340 2242
4119 2 2 2 2 2201 2302 2230
4120 2 2 2 2 2230 2330 2201
4121 2 2 2 2 2237 2303 2198
4122 2 2 2 2 2198 2341 2237
4123 2 2 2 2 17 2217 194
4124 2 2 2 2 2217 2345 194
4125 2 2 2 2 191 2329 190
4126 2 2 2 2 2205 2219 2217
4127 2 2 2 2 2174 2345 2219
4128 2 2 2 2 2215 2329 191
4129 2 2 2 2 190 9 191
4130 2 2 2 2 2174 2219 2216
4131 2 2 2 2 2205 2217 18
4132 2 2 2 2 2201 2233 149
4133 2 2 2 2 2233 2294 2213
4134 2 2 2 2 2211 2348 20
4135 2 2 2 2 2173 2344 2299
4136 2 2 2 2 20 2348 19
4137 2 2 2 2 2219 2345 2217
4138 2 2 2 2 2218 2232 2207
4139 2 2 2 2 192 2215 191
4140 2 2 2 2 2297 2344 2173
4141 2 2 2 2 2216 2295 2215
4142 2 2 2 2 149 2233 2
4143 2 2 2 2 194 1 17
4144 2 2 2 2 2232 2323 2207
4145 2 2 2 2 2219 2220 2216
4146 2 2 2 2 2324 2327 2218
4147 2 2 2 2 2220 2293 2208
4148 2 2 2 2 2201 2294 2233
4149 2 2 2 2 2232 2325 2323
4150 2 2 2 2 2207 2324 2218
4151 2 2 2 2 18 2217 17
4152 2 2 2 2 2206 2226 200
4153 2 2 2 2 182 2210 181
4154 2 2 2 2 2221 2222 2184
4155 2 2 2 2 2210 2225 2221
4156 2 2 2 2 2190 2327 2324
4157 2 2 2 2 180 2221 2184
4158 2 2 2 2 2223 2235 2234
4159 2 2 2 2 2221 2225 2222
4160 2 2 2 2 179 2234 178
4161 2 2 2 2 2210 2221 181
4162 2 2 2 2 200 2226 199
4163 2 2 2 2 201 2206 200
4164 2 2 2 2 19 2205 18
4165 2 2 2 2 194 2345 193
4166 2 2 2 2 178 2234 2185
4167 2 2 2 2 2184 2234 179
4168 2 2 2 2 2191 2212 2211
4169 2 2 2 2 2212 2214 2211
4170 2 2 2 2 188 2208 187
4171 2 2 2 2 8 2175 232
4172 2 2 2 2 2212 2232 2218
4173 2 2 2 2 2191 2211 20
4174 2 2 2 2 2212 2218 2214
4175 2 2 2 2 2229 2239 2238
4176 2 2 2 2 230 2238 229
4177 2 2 2 2 2206 2291 2226
4178 2 2 2 2 2227 2228 2186
4179 2 2 2 2 231 2227 2186
4180 2 2 2 2 181 2221 180
4181 2 2 2 2 2227 2231 2228
4182 2 2 2 2 2222 2224 2223
4183 2 2 2 2 229 2238 2180
4184 2 2 2 2 2 2191 20
4185 2 2 2 2 2186 2238 230
4186 2 2 2 2 2 2233 2191
4187 2 2 2 2 2213 2232 2212
4188 2 2 2 2 2234 2235 2185
4189 2 2 2 2 2289 2290 227
4190 2 2 2 2 2191 2213 2212
4191 2 2 2 2 2235 2236 2185
4192 2 2 2 2 2235 2237 2236
4193 2 2 2 2 2238 2239 2180
4194 2 2 2 2 2239 2240 2180
4195 2 2 2 2 2239 2241 2240
4196 2 2 2 2 2241 2242 2240
4197 2 2 2 2 2242 2243 2240
4198 2 2 2 2 209 2249 2199
4199 2 2 2 2 2264 2266 2198
4200 2 2 2 2 2195 2264 206
4201 2 2 2 2 210 2249 209
4202 2 2 2 2 206 2264 205
4203 2 2 2 2 2249 2253 2250
4204 2 2 2 2 211 2260 2193
4205 2 2 2 2 212 2260 211
4206 2 2 2 2 216 2259 215
4207 2 2 2 2 2265 2266 2264
4208 2 2 2 2 2244 2260 212
4209 2 2 2 2 2249 2250 2199
4210 2 2 2 2 2179 2259 216
4211 2 2 2 2 2195 2265 2264
4212 2 2 2 2 2204 2272 160
4213 2 2 2 2 218 2284 2254
4214 2 2 2 2 2254 2257 2255
4215 2 2 2 2 225 2280 224
4216 2 2 2 2 169 2262 2189
4217 2 2 2 2 214 2287 2203
4218 2 2 2 2 205 2264 2198
4219 2 2 2 2 207 2267 2195
4220 2 2 2 2 2192 2279 2278
4221 2 2 2 2 2251 2267 2199
4222 2 2 2 2 2250 2251 2199
4223 2 2 2 2 159 2272 2197
4224 2 2 2 2 2259 2287 215
4225 2 2 2 2 2204 2274 2273
4226 2 2 2 2 2246 2260 2244
4227 2 2 2 2 2278 2279 2274
4228 2 2 2 2 219 2284 218
4229 2 2 2 2 2255 2256 2179
4230 2 2 2 2 2247 2248 2245
4231 2 2 2 2 208 2267 207
4232 2 2 2 2 215 2287 214
4233 2 2 2 2 160 2272 159
4234 2 2 2 2 213 2244 212
4235 2 2 2 2 2204 2278 2274
4236 2 2 2 2 2199 2267 208
4237 2 2 2 2 2193 2249 210
4238 2 2 2 2 2178 2280 225
4239 2 2 2 2 166 2282 165
4240 2 2 2 2 218 2254 217
4241 2 2 2 2 2177 2283 2282
4242 2 2 2 2 214 2203 213
4243 2 2 2 2 2192 2278 162
4244 2 2 2 2 2194 2277 2276
4245 2 2 2 2 2254 2255 2179
4246 2 2 2 2 157 2194 156
4247 2 2 2 2 224 2181 223
4248 2 2 2 2 229 2180 228
4249 2 2 2 2 222 2187 221
4250 2 2 2 2 2250 2252 2251
4251 2 2 2 2 155 2196 154
4252 2 2 2 2 156 2276 155
4253 2 2 2 2 175 2285 174
4254 2 2 2 2 2197 2269 2268
4255 2 2 2 2 2270 2271 2269
4256 2 2 2 2 159 2197 158
4257 2 2 2 2 231 2186 230
4258 2 2 2 2 2254 2284 2257
4259 2 2 2 2 2274 2275 2273
4260 2 2 2 2 150 2201 149
4261 2 2 2 2 152 2202 151
4262 2 2 2 2 176 2176 175
4263 2 2 2 2 226 2178 225
4264 2 2 2 2 2204 2273 2272
4265 2 2 2 2 165 2209 164
4266 2 2 2 2 172 2182 171
4267 2 2 2 2 174 2183 173
4268 2 2 2 2 178 2185 177
4269 2 2 2 2 180 2184 179
4270 2 2 2 2 169 2189 168
4271 2 2 2 2 170 2262 169
4272 2 2 2 2 2176 2285 175
4273 2 2 2 2 207 2195 206
4274 2 2 2 2 220 2188 219
4275 2 2 2 2 2245 2246 2244
4276 2 2 2 2 205 2198 204
4277 2 2 2 2 209 2199 208
4278 2 2 2 2 161 2204 160
4279 2 2 2 2 162 2278 161
4280 2 2 2 2 163 2192 162
4281 2 2 2 2 203 2200 202
4282 2 2 2 2 217 2254 2179
4283 2 2 2 2 167 2177 166
4284 2 2 2 2 217 2179 216
4285 2 2 2 2 211 2193 210
4286 2 2 2 2 2256 2259 2179
4287 2 2 2 2 165 2282 2209
4288 2 2 2 2 224 2280 2181
4289 2 2 2 2 2261 2263 2262
4290 2 2 2 2 2197 2268 158
4291 2 2 2 2 2177 2282 166
4292 2 2 2 2 2203 2244 213
4293 2 2 2 2 2276 2288 2196
4294 2 2 2 2 2280 2281 2181
4295 2 2 2 2 2197 2270 2269
4296 2 2 2 2 2197 2272 2270
4297 2 2 2 2 155 2276 2196
4298 2 2 2 2 2194 2276 156
4299 2 2 2 2 158 2268 157
4300 2 2 2 2 2203 2247 2245
4301 2 2 2 2 2257 2258 2255
4302 2 2 2 2 2272 2273 2270
4303 2 2 2 2 2203 2287 2247
4304 2 2 2 2 2203 2245 2244
4305 2 2 2 2 161 2278 2204
4306 2 2 2 2 2285 2286 2183
4307 2 2 2 2 2261 2262 170
4308 2 2 2 2 2188 2284 219
4309 2 2 2 2 2277 2288 2276
4310 2 2 2 2 2193 2253 2249
4311 2 2 2 2 174 2285 2183
4312 2 2 2 2 157 2268 2194
4313 2 2 2 2 171 2261 170
4314 2 2 2 2 2182 2261 171
4315 2 2 2 2 2228 2229 2186
4316 2 2 2 2 2228 2230 2229
4317 2 2 2 2 2229 2238 2186
4318 2 2 2 2 2191 2233 2213
4319 2 2 2 2 232 2227 231
4320 2 2 2 2 2175 2231 2227
4321 2 2 2 2 2243 2290 2289
4322 2 2 2 2 2240 2289 2180
4323 2 2 2 2 2180 2289 228
4324 2 2 2 2 2222 2223 2184
4325 2 2 2 2 227 2290 226
4326 2 2 2 2 228 2289 227
4327 2 2 2 2 2243 2289 2240
4328 2 2 2 2 186 2190 185
4329 2 2 2 2 184 2207 183
4330 2 2 2 2 2175 2227 232
4331 2 2 2 2 2236 2292 2185
4332 2 2 2 2 176 2292 2176
4333 2 2 2 2 2185 2292 177
4334 2 2 2 2 2223 2234 2184
4335 2 2 2 2 226 2290 2178
4336 2 2 2 2 2235 2301 2237
4337 2 2 2 2 177 2292 176
4338 2 2 2 2 2224 2301 2223
4339 2 2 2 2 201 2296 2206
4340 2 2 2 2 188 2295 2208
4341 2 2 2 2 2295 2329 2215
4342 2 2 2 2 189 2295 188
4343 2 2 2 2 2206 2331 2291
4344 2 2 2 2 193 2174 192
4345 2 2 2 2 2239 2304 2241
4346 2 2 2 2 2230 2304 2229
4347 2 2 2 2 2200 2296 202
4348 2 2 2 2 2196 2298 154
4349 2 2 2 2 150 2302 2201
4350 2 2 2 2 2202 2302 151
4351 2 2 2 2 2198 2303 204
4352 2 2 2 2 203 2303 2200
4353 2 2 2 2 152 2305 2202
4354 2 2 2 2 2183 2321 173
4355 2 2 2 2 2209 2311 164
4356 2 2 2 2 2246 2309 2260
4357 2 2 2 2 2256 2318 2259
4358 2 2 2 2 167 2314 2177
4359 2 2 2 2 2280 2306 2281
4360 2 2 2 2 2194 2308 2277
4361 2 2 2 2 220 2316 2188
4362 2 2 2 2 2284 2312 2257
4363 2 2 2 2 163 2311 2192
4364 2 2 2 2 2275 2320 2273
4365 2 2 2 2 2251 2307 2267
4366 2 2 2 2 2187 2316 221
4367 2 2 2 2 2269 2308 2268
4368 2 2 2 2 2248 2319 2245
4369 2 2 2 2 222 2310 2187
4370 2 2 2 2 2270 2320 2271
4371 2 2 2 2 2181 2310 223
4372 2 2 2 2 2250 2313 2252
4373 2 2 2 2 2189 2314 168
4374 2 2 2 2 2258 2317 2255
4375 2 2 2 2 172 2321 2182
4376 2 2 2 2 2287 2318 2247
4377 2 2 2 2 2195 2307 2265
4378 2 2 2 2 2285 2315 2286
4379 2 2 2 2 2193 2309 2253
4380 2 2 2 2 2174 2216 2215
4381 2 2 2 2 2174 2215 192
4382 2 2 2 2 2243 2322 2290
4383 2 2 2 2 2223 2301 2235
4384 2 2 2 2 2213 2325 2232
4385 2 2 2 2 197 2173 196
4386 2 2 2 2 198 2297 197
4387 2 2 2 2 2236 2300 2292
4388 2 2 2 2 196 2299 195
4389 2 2 2 2 2266 2341 2198
4390 2 2 2 2 202 2296 201
4391 2 2 2 2 2288 2340 2196
4392 2 2 2 2 2300 2315 2176
4393 2 2 2 2 2229 2304 2239
4394 2 2 2 2 154 2298 153
4395 2 2 2 2 2292 2300 2176
4396 2 2 2 2 2298 2305 153
4397 2 2 2 2 2247 2339 2248
4398 2 2 2 2 2281 2337 2181
4399 2 2 2 2 2252 2336 2251
4400 2 2 2 2 2257 2338 2258
4401 2 2 2 2 151 2302 150
4402 2 2 2 2 204 2303 203
4403 2 2 2 2 153 2305 152
4404 2 2 2 2 2253 2313 2250
4405 2 2 2 2 2268 2308 2194
4406 2 2 2 2 223 2310 222
4407 2 2 2 2 2178 2306 2280
4408 2 2 2 2 164 2311 163
4409 2 2 2 2 168 2314 167
4410 2 2 2 2 2255 2317 2256
4411 2 2 2 2 221 2316 220
4412 2 2 2 2 2267 2307 2195
4413 2 2 2 2 2273 2320 2270
4414 2 2 2 2 2260 2309 2193
4415 2 2 2 2 2188 2312 2284
4416 2 2 2 2 2245 2319 2246
4417 2 2 2 2 173 2321 172
4418 2 2 2 2 2176 2315 2285
4419 2 2 2 2 2259 2318 2287
4420 2 2 2 2 2178 2322 2306
4421 2 2 2 2 2290 2322 2178
4422 2 2 2 2 2214 2328 2211
4423 2 2 2 2 2183 2336 2321
4424 2 2 2 2 2314 2339 2177
4425 2 2 2 2 2311 2338 2192
4426 2 2 2 2 2269 2337 2308
4427 2 2 2 2 2293 2327 2190
4428 2 2 2 2 183 2323 8
4429 2 2 2 2 2243 2340 2322
4430 2 2 2 2 2225 2331 2222
4431 2 2 2 2 2291 2331 2225
4432 2 2 2 2 197 2297 2173
4433 2 2 2 2 2207 2323 183
4434 2 2 2 2 2173 2299 196
4435 2 2 2 2 2201 2330 2294
4436 2 2 2 2 2317 2333 2256
4437 2 2 2 2 2188 2334 2312
4438 2 2 2 2 2319 2332 2246
4439 2 2 2 2 2253 2335 2313
4440 2 2 2 2 2321 2336 2252
4441 2 2 2 2 2248 2339 2314
4442 2 2 2 2 2258 2338 2311
4443 2 2 2 2 2308 2337 2281
4444 2 2 2 2 2231 2330 2228
4445 2 2 2 2 8 2323 2175
4446 2 2 2 2 2279 2334 2274
4447 2 2 2 2 2262 2332 2189
4448 2 2 2 2 2282 2333 2209
4449 2 2 2 2 2182 2335 2261
4450 2 2 2 2 2322 2340 2288
4451 2 2 2 2 2236 2341 2300
4452 2 2 2 2 199 2343 10
4453 2 2 2 2 7 2342 182
4454 2 2 2 2 2326 2327 2293
4455 2 2 2 2 2323 2325 2175
4456 2 2 2 2 2300 2341 2266
4457 2 2 2 2 2294 2330 2231
4458 2 2 2 2 185 2324 184
4459 2 2 2 2 2175 2325 2231
4460 2 2 2 2 2190 2324 185
4461 2 2 2 2 184 2324 2207
4462 2 2 2 2 2189 2332 2319
4463 2 2 2 2 2312 2334 2279
4464 2 2 2 2 2209 2333 2317
4465 2 2 2 2 2313 2335 2182
4466 2 2 2 2 10 2343 198
4467 2 2 2 2 195 2342 7
4468 2 2 2 2 2205 2347 2219
4469 2 2 2 2 2208 2346 187
4470 2 2 2 2 186 2346 2190
4471 2 2 2 2 2220 2326 2293
4472 2 2 2 2 2293 2346 2208
4473 2 2 2 2 182 2342 2210
4474 2 2 2 2 2226 2343 199
4475 2 2 2 2 2190 2346 2293
4476 2 2 2 2 2328 2348 2211
4477 2 2 2 2 2218 2327 2214
4478 2 2 2 2 189 2329 2295
4479 2 2 2 2 190 2329 189
4480 2 2 2 2 2222 2331 2224
4481 2 2 2 2 2228 2330 2230
4482 2 2 2 2 2297 2343 2226
4483 2 2 2 2 2261 2335 2263
4484 2 2 2 2 2283 2333 2282
4485 2 2 2 2 2263 2332 2262
4486 2 2 2 2 2274 2334 2275
4487 2 2 2 2 2210 2342 2299
4488 2 2 2 2 2192 2338 2279
4489 2 2 2 2 2286 2336 2183
4490 2 2 2 2 2177 2339 2283
4491 2 2 2 2 2271 2337 2269
4492 2 2 2 2 2225 2344 2291
4493 2 2 2 2 2242 2340 2243
4494 2 2 2 2 19 2348 2205
4495 2 2 2 2 2237 2341 2236
4496 2 2 2 2 2219 2347 2220
4497 2 2 2 2 187 2346 186
4498 2 2 2 2 193 2345 2174
4499 2 2 2 2 2214 2327 2326
4500 2 2 2 2 198 2343 2297
4501 2 2 2 2 2299 2342 195
4502 2 2 2 2 2326 2328 2214
4503 2 2 2 2 2328 2347 2205
4504 2 2 2 2 2220 2347 2326
4505 2 2 2 2 2326 2347 2328
4506 2 2 2 2 2205 2348 2328
4507 2 2 2 3 244 2474 243
4508 2 2 2 3 2489 2583 2577
4509 2 2 2 3 2577 2583 2360
4510 2 2 2 3 49 2452 48
4511 2 2 2 3 2472 2480 2479
4512 2 2 2 3 2614 2633 2416
4513 2 2 2 3 2391 2439 2438
4514 2 2 2 3 2470 2479 2468
4515 2 2 2 3 2472 2473 2355
4516 2 2 2 3 2469 2470 2468
4517 2 2 2 3 2465 2559 2464
4518 2 2 2 3 2362 2599 2598
4519 2 2 2 3 2383 2562 2430
4520 2 2 2 3 2360 2583 2447
4521 2 2 2 3 2598 2599 2554
4522 2 2 2 3 2447 2602 2360
4523 2 2 2 3 2455 2456 2379
4524 2 2 2 3 2363 2597 2596
4525 2 2 2 3 2596 2597 2550
4526 2 2 2 3 2473 2474 2355
4527 2 2 2 3 2412 2491 2458
4528 2 2 2 3 2416 2633 2417
4529 2 2 2 3 2447 2461 2359
4530 2 2 2 3 2364 2595 2594
4531 2 2 2 3 2594 2595 2546
4532 2 2 2 3 38 2614 2416
4533 2 2 2 3 2430 2565 2383
4534 2 2 2 3 2417 2441 2416
4535 2 2 2 3 2472 2479 2470
4536 2 2 2 3 2365 2593 2592
4537 2 2 2 3 2491 2492 2458
4538 2 2 2 3 2592 2593 2542
4539 2 2 2 3 2411 2450 2449
4540 2 2 2 3 2582 2627 2556
4541 2 2 2 3 2451 2603 2381
4542 2 2 2 3 2353 2559 2465
4543 2 2 2 3 2366 2590 2589
4544 2 2 2 3 2357 2619 2459
4545 2 2 2 3 2589 2590 2538
4546 2 2 2 3 2413 2452 49
4547 2 2 2 3 2473 2475 2474
4548 2 2 2 3 29 2469 28
4549 2 2 2 3 251 2565 250
4550 2 2 2 3 2367 2588 2587
4551 2 2 2 3 2460 2461 2439
4552 2 2 2 3 2587 2588 2534
4553 2 2 2 3 2359 2602 2447
4554 2 2 2 3 243 2474 2356
4555 2 2 2 3 2355 2474 244
4556 2 2 2 3 2421 2424 2349
4557 2 2 2 3 2558 2627 2582
4558 2 2 2 3 2411 2449 2448
4559 2 2 2 3 2368 2585 2584
4560 2 2 2 3 2584 2585 2530
4561 2 2 2 3 2391 2460 2439
4562 2 2 2 3 2363 2596 2554
4563 2 2 2 3 2554 2599 2363
4564 2 2 2 3 2369 2581 2580
4565 2 2 2 3 2424 2425 2349
4566 2 2 2 3 2580 2581 2526
4567 2 2 2 3 2562 2607 2428
4568 2 2 2 3 2383 2607 2562
4569 2 2 2 3 2600 2644 2565
4570 2 2 2 3 2473 2601 2475
4571 2 2 2 3 2436 2561 2442
4572 2 2 2 3 2364 2594 2550
4573 2 2 2 3 2550 2597 2364
4574 2 2 2 3 2441 2618 2382
4575 2 2 2 3 2370 2579 2578
4576 2 2 2 3 2381 2484 2451
4577 2 2 2 3 2578 2579 2522
4578 2 2 2 3 2456 2457 2379
4579 2 2 2 3 48 2452 2411
4580 2 2 2 3 2365 2592 2546
4581 2 2 2 3 2611 2639 2426
4582 2 2 2 3 2382 2624 2441
4583 2 2 2 3 2429 2611 2426
4584 2 2 2 3 2546 2595 2365
4585 2 2 2 3 2574 2576 2371
4586 2 2 2 3 2379 2560 2455
4587 2 2 2 3 2489 2577 2361
4588 2 2 2 3 2518 2576 2574
4589 2 2 2 3 2366 2589 2542
4590 2 2 2 3 2542 2593 2366
4591 2 2 2 3 2465 2467 2353
4592 2 2 2 3 2570 2572 2372
4593 2 2 2 3 2514 2572 2570
4594 2 2 2 3 2361 2638 2489
4595 2 2 2 3 2367 2587 2538
4596 2 2 2 3 2538 2590 2367
4597 2 2 2 3 2373 2569 2568
4598 2 2 2 3 2568 2569 2510
4599 2 2 2 3 2368 2584 2534
4600 2 2 2 3 2387 2469 29
4601 2 2 2 3 2374 2573 2567
4602 2 2 2 3 2534 2588 2368
4603 2 2 2 3 313 2448 2414
4604 2 2 2 3 2567 2573 2506
4605 2 2 2 3 2606 2645 2434
4606 2 2 2 3 2369 2580 2530
4607 2 2 2 3 2433 2606 2434
4608 2 2 2 3 2375 2591 2571
4609 2 2 2 3 2359 2461 2460
4610 2 2 2 3 2417 2633 235
4611 2 2 2 3 2530 2585 2369
4612 2 2 2 3 246 2480 245
4613 2 2 2 3 2435 2561 2436
4614 2 2 2 3 2370 2578 2526
4615 2 2 2 3 2467 2566 2353
4616 2 2 2 3 2565 2644 2388
4617 2 2 2 3 2430 2600 2565
4618 2 2 2 3 2571 2591 2502
4619 2 2 2 3 2440 2445 2444
4620 2 2 2 3 2479 2480 2354
4621 2 2 2 3 2526 2581 2370
4622 2 2 2 3 2371 2576 2522
4623 2 2 2 3 2376 2605 2586
4624 2 2 2 3 2459 2619 2420
4625 2 2 2 3 28 2469 2386
4626 2 2 2 3 2522 2579 2371
4627 2 2 2 3 2372 2572 2518
4628 2 2 2 3 250 2565 2388
4629 2 2 2 3 2383 2565 251
4630 2 2 2 3 2440 2461 2445
4631 2 2 2 3 2518 2574 2372
4632 2 2 2 3 2373 2568 2514
4633 2 2 2 3 45 2421 2349
4634 2 2 2 3 40 2435 2352
4635 2 2 2 3 2514 2570 2373
4636 2 2 2 3 2586 2605 2498
4637 2 2 2 3 39 2614 38
4638 2 2 2 3 2374 2567 2510
4639 2 2 2 3 90 2444 2389
4640 2 2 2 3 6 2448 313
4641 2 2 2 3 2435 2436 2352
4642 2 2 2 3 2442 2561 2434
4643 2 2 2 3 2510 2569 2374
4644 2 2 2 3 2375 2571 2506
4645 2 2 2 3 2377 2609 2498
4646 2 2 2 3 260 2460 13
4647 2 2 2 3 2410 2492 2491
4648 2 2 2 3 14 309 308
4649 2 2 2 3 2377 2610 2609
4650 2 2 2 3 2376 2586 2502
4651 2 2 2 3 2438 2636 2391
4652 2 2 2 3 2506 2573 2375
4653 2 2 2 3 2449 2603 2451
4654 2 2 2 3 2410 2493 2492
4655 2 2 2 3 2444 2445 2389
4656 2 2 2 3 2357 2459 240
4657 2 2 2 3 2386 2468 2466
4658 2 2 2 3 2355 2480 2472
4659 2 2 2 3 2448 2449 2414
4660 2 2 2 3 2481 2637 2477
4661 2 2 2 3 2439 2461 2440
4662 2 2 2 3 2502 2591 2376
4663 2 2 2 3 2485 2603 2575
4664 2 2 2 3 254 2608 253
4665 2 2 2 3 2434 2561 2432
4666 2 2 2 3 2466 2490 2386
4667 2 2 2 3 2561 2632 2432
4668 2 2 2 3 2609 2610 2494
4669 2 2 2 3 245 2480 2355
4670 2 2 2 3 2354 2480 246
4671 2 2 2 3 2636 2645 2384
4672 2 2 2 3 2424 2562 2425
4673 2 2 2 3 13 2460 2391
4674 2 2 2 3 2498 2605 2377
4675 2 2 2 3 2409 2497 2496
4676 2 2 2 3 2413 2453 2452
4677 2 2 2 3 2378 2629 2457
4678 2 2 2 3 2604 2636 2384
4679 2 2 2 3 2457 2616 2378
4680 2 2 2 3 2445 2461 2447
4681 2 2 2 3 240 2459 239
4682 2 2 2 3 55 2495 54
4683 2 2 2 3 2458 2626 2412
4684 2 2 2 3 236 2417 235
4685 2 2 2 3 307 2612 2415
4686 2 2 2 3 2411 2452 2450
4687 2 2 2 3 2425 2426 2349
4688 2 2 2 3 2409 2496 2495
4689 2 2 2 3 2395 2637 2481
4690 2 2 2 3 2386 2469 2468
4691 2 2 2 3 2378 2616 2494
4692 2 2 2 3 2456 2458 2457
4693 2 2 2 3 2359 2460 260
4694 2 2 2 3 2387 2470 2469
4695 2 2 2 3 2440 2443 2437
4696 2 2 2 3 91 2444 90
4697 2 2 2 3 2425 2562 2428
4698 2 2 2 3 2446 2487 2486
4699 2 2 2 3 46 2421 45
4700 2 2 2 3 41 2435 40
4701 2 2 2 3 2440 2444 2443
4702 2 2 2 3 5 2443 91
4703 2 2 2 3 47 2448 6
4704 2 2 2 3 89 2486 88
4705 2 2 2 3 2494 2610 2378
4706 2 2 2 3 2559 2644 2464
4707 2 2 2 3 2575 2603 2450
4708 2 2 2 3 2358 2608 254
4709 2 2 2 3 2474 2475 2356
4710 2 2 2 3 2408 2501 2500
4711 2 2 2 3 4 2462 2351
4712 2 2 2 3 2409 2495 55
4713 2 2 2 3 54 2495 2410
4714 2 2 2 3 57 2499 56
4715 2 2 2 3 2479 2634 2468
4716 2 2 2 3 38 2416 37
4717 2 2 2 3 2384 2645 2606
4718 2 2 2 3 2468 2634 2467
4719 2 2 2 3 2493 2494 2492
4720 2 2 2 3 2351 2462 2423
4721 2 2 2 3 2498 2609 2496
4722 2 2 2 3 2408 2500 2499
4723 2 2 2 3 2477 2643 2481
4724 2 2 2 3 2487 2583 2489
4725 2 2 2 3 88 2486 2392
4726 2 2 2 3 2449 2451 2414
4727 2 2 2 3 2445 2446 2389
4728 2 2 2 3 2381 2603 2485
4729 2 2 2 3 2410 2495 2493
4730 2 2 2 3 2437 2443 2352
4731 2 2 2 3 2441 2624 2416
4732 2 2 2 3 2389 2486 89
4733 2 2 2 3 2386 2490 27
4734 2 2 2 3 2497 2498 2496
4735 2 2 2 3 2463 2490 2466
4736 2 2 2 3 56 2499 2409
4737 2 2 2 3 2408 2499 57
4738 2 2 2 3 26 2462 4
4739 2 2 2 3 2413 2454 2453
4740 2 2 2 3 305 2484 2381
4741 2 2 2 3 2436 2437 2352
4742 2 2 2 3 2411 2448 47
4743 2 2 2 3 2612 2628 2415
4744 2 2 2 3 2382 2483 2482
4745 2 2 2 3 2409 2499 2497
4746 2 2 2 3 2407 2505 2504
4747 2 2 2 3 250 2388 12
4748 2 2 2 3 2447 2583 2446
4749 2 2 2 3 59 2503 58
4750 2 2 2 3 2387 2471 2470
4751 2 2 2 3 2402 2525 2524
4752 2 2 2 3 2401 2529 2528
4753 2 2 2 3 2400 2533 2532
4754 2 2 2 3 2399 2537 2536
4755 2 2 2 3 2394 2553 2552
4756 2 2 2 3 2396 2549 2548
4757 2 2 2 3 2398 2541 2540
4758 2 2 2 3 2397 2545 2544
4759 2 2 2 3 2403 2521 2520
4760 2 2 2 3 2443 2444 91
4761 2 2 2 3 2392 2563 87
4762 2 2 2 3 2607 2608 2428
4763 2 2 2 3 2407 2504 2503
4764 2 2 2 3 2404 2517 2516
4765 2 2 2 3 2501 2502 2500
4766 2 2 2 3 2402 2524 2523
4767 2 2 2 3 2401 2528 2527
4768 2 2 2 3 2400 2532 2531
4769 2 2 2 3 2399 2536 2535
4770 2 2 2 3 2393 2556 2555
4771 2 2 2 3 2394 2552 2551
4772 2 2 2 3 2396 2548 2547
4773 2 2 2 3 2397 2544 2543
4774 2 2 2 3 2398 2540 2539
4775 2 2 2 3 71 2527 70
4776 2 2 2 3 2403 2520 2519
4777 2 2 2 3 69 2523 68
4778 2 2 2 3 73 2531 72
4779 2 2 2 3 75 2535 74
4780 2 2 2 3 85 2555 84
4781 2 2 2 3 83 2551 82
4782 2 2 2 3 81 2547 80
4783 2 2 2 3 77 2539 76
4784 2 2 2 3 79 2543 78
4785 2 2 2 3 307 2415 306
4786 2 2 2 3 67 2519 66
4787 2 2 2 3 13 2391 259
4788 2 2 2 3 258 2384 257
4789 2 2 2 3 252 2383 251
4790 2 2 2 3 2405 2513 2512
4791 2 2 2 3 2404 2516 2515
4792 2 2 2 3 2462 2490 2463
4793 2 2 2 3 255 2358 254
4794 2 2 2 3 58 2503 2408
4795 2 2 2 3 2407 2503 59
4796 2 2 2 3 2406 2509 2508
4797 2 2 2 3 2471 2472 2470
4798 2 2 2 3 2408 2503 2501
4799 2 2 2 3 2475 2476 2356
4800 2 2 2 3 65 2515 64
4801 2 2 2 3 32 2481 2390
4802 2 2 2 3 2382 2482 35
4803 2 2 2 3 2405 2512 2511
4804 2 2 2 3 253 2608 2607
4805 2 2 2 3 2402 2523 69
4806 2 2 2 3 2401 2527 71
4807 2 2 2 3 2400 2531 73
4808 2 2 2 3 2502 2586 2500
4809 2 2 2 3 2399 2535 75
4810 2 2 2 3 2393 2555 85
4811 2 2 2 3 2394 2551 83
4812 2 2 2 3 2396 2547 81
4813 2 2 2 3 2398 2539 77
4814 2 2 2 3 2397 2543 79
4815 2 2 2 3 61 2507 60
4816 2 2 2 3 2403 2519 67
4817 2 2 2 3 2406 2508 2507
4818 2 2 2 3 2446 2583 2487
4819 2 2 2 3 63 2511 62
4820 2 2 2 3 2445 2447 2446
4821 2 2 2 3 2404 2515 65
4822 2 2 2 3 2454 2455 2453
4823 2 2 2 3 305 2381 304
4824 2 2 2 3 2350 2632 2561
4825 2 2 2 3 2405 2511 63
4826 2 2 2 3 2406 2507 61
4827 2 2 2 3 70 2527 2402
4828 2 2 2 3 72 2531 2401
4829 2 2 2 3 68 2523 2403
4830 2 2 2 3 74 2535 2400
4831 2 2 2 3 84 2555 2394
4832 2 2 2 3 82 2551 2396
4833 2 2 2 3 2505 2506 2504
4834 2 2 2 3 76 2539 2399
4835 2 2 2 3 80 2547 2397
4836 2 2 2 3 78 2543 2398
4837 2 2 2 3 42 2611 2350
4838 2 2 2 3 66 2519 2404
4839 2 2 2 3 2525 2526 2524
4840 2 2 2 3 2529 2530 2528
4841 2 2 2 3 2533 2534 2532
4842 2 2 2 3 2537 2538 2536
4843 2 2 2 3 2553 2554 2552
4844 2 2 2 3 2549 2550 2548
4845 2 2 2 3 2541 2542 2540
4846 2 2 2 3 2545 2546 2544
4847 2 2 2 3 2521 2522 2520
4848 2 2 2 3 2471 2473 2472
4849 2 2 2 3 2486 2487 2392
4850 2 2 2 3 2415 2484 306
4851 2 2 2 3 2495 2496 2493
4852 2 2 2 3 2517 2518 2516
4853 2 2 2 3 2381 2485 304
4854 2 2 2 3 303 2485 2380
4855 2 2 2 3 64 2515 2405
4856 2 2 2 3 34 2482 2395
4857 2 2 2 3 2395 2481 33
4858 2 2 2 3 2446 2486 2389
4859 2 2 2 3 60 2507 2407
4860 2 2 2 3 2425 2427 2426
4861 2 2 2 3 2513 2514 2512
4862 2 2 2 3 2407 2507 2505
4863 2 2 2 3 2509 2510 2508
4864 2 2 2 3 2388 2559 12
4865 2 2 2 3 62 2511 2406
4866 2 2 2 3 32 2390 31
4867 2 2 2 3 34 2395 33
4868 2 2 2 3 36 2382 35
4869 2 2 2 3 30 2387 29
4870 2 2 2 3 28 2386 27
4871 2 2 2 3 2402 2527 2525
4872 2 2 2 3 2401 2531 2529
4873 2 2 2 3 2400 2535 2533
4874 2 2 2 3 2399 2539 2537
4875 2 2 2 3 2394 2555 2553
4876 2 2 2 3 2396 2551 2549
4877 2 2 2 3 2398 2543 2541
4878 2 2 2 3 2397 2547 2545
4879 2 2 2 3 2403 2523 2521
4880 2 2 2 3 2488 2563 2392
4881 2 2 2 3 2499 2500 2497
4882 2 2 2 3 2450 2603 2449
4883 2 2 2 3 2404 2519 2517
4884 2 2 2 3 48 2411 47
4885 2 2 2 3 2503 2504 2501
4886 2 2 2 3 2477 2478 2476
4887 2 2 2 3 33 2481 32
4888 2 2 2 3 35 2482 34
4889 2 2 2 3 2454 2456 2455
4890 2 2 2 3 2405 2515 2513
4891 2 2 2 3 2410 2491 53
4892 2 2 2 3 2487 2488 2392
4893 2 2 2 3 2406 2511 2509
4894 2 2 2 3 2487 2489 2488
4895 2 2 2 3 2507 2508 2505
4896 2 2 2 3 2527 2528 2525
4897 2 2 2 3 2531 2532 2529
4898 2 2 2 3 2535 2536 2533
4899 2 2 2 3 2539 2540 2537
4900 2 2 2 3 2555 2556 2553
4901 2 2 2 3 2551 2552 2549
4902 2 2 2 3 2543 2544 2541
4903 2 2 2 3 2547 2548 2545
4904 2 2 2 3 2523 2524 2521
4905 2 2 2 3 2519 2520 2517
4906 2 2 2 3 52 2491 2412
4907 2 2 2 3 2515 2516 2513
4908 2 2 2 3 2511 2512 2509
4909 2 2 2 3 86 2393 85
4910 2 2 2 3 72 2401 71
4911 2 2 2 3 90 2389 89
4912 2 2 2 3 68 2403 67
4913 2 2 2 3 66 2404 65
4914 2 2 2 3 64 2405 63
4915 2 2 2 3 60 2407 59
4916 2 2 2 3 84 2394 83
4917 2 2 2 3 70 2402 69
4918 2 2 2 3 62 2406 61
4919 2 2 2 3 80 2397 79
4920 2 2 2 3 82 2396 81
4921 2 2 2 3 54 2410 53
4922 2 2 2 3 76 2399 75
4923 2 2 2 3 58 2408 57
4924 2 2 2 3 74 2400 73
4925 2 2 2 3 50 2413 49
4926 2 2 2 3 52 2412 51
4927 2 2 2 3 56 2409 55
4928 2 2 2 3 88 2392 87
4929 2 2 2 3 78 2398 77
4930 2 2 2 3 2427 2429 2426
4931 2 2 2 3 53 2491 52
4932 2 2 2 3 304 2485 303
4933 2 2 2 3 306 2484 305
4934 2 2 2 3 267 2362 266
4935 2 2 2 3 269 2363 268
4936 2 2 2 3 271 2364 270
4937 2 2 2 3 266 2557 265
4938 2 2 2 3 261 2359 260
4939 2 2 2 3 265 2361 264
4940 2 2 2 3 275 2366 274
4941 2 2 2 3 291 2374 290
4942 2 2 2 3 283 2370 282
4943 2 2 2 3 277 2367 276
4944 2 2 2 3 301 2379 300
4945 2 2 2 3 281 2369 280
4946 2 2 2 3 285 2371 284
4947 2 2 2 3 299 2378 298
4948 2 2 2 3 293 2375 292
4949 2 2 2 3 295 2376 294
4950 2 2 2 3 303 2380 302
4951 2 2 2 3 287 2372 286
4952 2 2 2 3 289 2373 288
4953 2 2 2 3 279 2368 278
4954 2 2 2 3 297 2377 296
4955 2 2 2 3 263 2360 262
4956 2 2 2 3 273 2365 272
4957 2 2 2 3 11 2622 237
4958 2 2 2 3 265 2557 2361
4959 2 2 2 3 2362 2557 266
4960 2 2 2 3 2557 2558 2361
4961 2 2 2 3 2475 2477 2476
4962 2 2 2 3 249 2353 248
4963 2 2 2 3 241 2357 240
4964 2 2 2 3 243 2356 242
4965 2 2 2 3 247 2354 246
4966 2 2 2 3 245 2355 244
4967 2 2 2 3 2431 2432 2429
4968 2 2 2 3 238 2622 11
4969 2 2 2 3 2433 2434 2432
4970 2 2 2 3 2393 2582 2556
4971 2 2 2 3 2466 2468 2467
4972 2 2 2 3 313 2414 312
4973 2 2 2 3 12 2559 249
4974 2 2 2 3 2466 2467 2465
4975 2 2 2 3 2506 2571 2504
4976 2 2 2 3 27 2490 26
4977 2 2 2 3 301 2560 2379
4978 2 2 2 3 2380 2560 302
4979 2 2 2 3 40 2352 5
4980 2 2 2 3 4 2351 46
4981 2 2 2 3 45 2349 44
4982 2 2 2 3 42 2350 41
4983 2 2 2 3 2436 2442 2438
4984 2 2 2 3 87 2563 86
4985 2 2 2 3 2522 2576 2520
4986 2 2 2 3 2463 2464 2423
4987 2 2 2 3 2526 2578 2524
4988 2 2 2 3 2427 2431 2429
4989 2 2 2 3 2518 2572 2516
4990 2 2 2 3 2530 2580 2528
4991 2 2 2 3 2436 2438 2437
4992 2 2 2 3 2510 2567 2508
4993 2 2 2 3 2514 2568 2512
4994 2 2 2 3 2534 2584 2532
4995 2 2 2 3 2462 2463 2423
4996 2 2 2 3 2431 2433 2432
4997 2 2 2 3 2538 2587 2536
4998 2 2 2 3 2351 2421 46
4999 2 2 2 3 2350 2435 41
5000 2 2 2 3 2558 2638 2361
5001 2 2 2 3 2542 2589 2540
5002 2 2 2 3 2463 2466 2465
5003 2 2 2 3 2546 2592 2544
5004 2 2 2 3 2550 2594 2548
5005 2 2 2 3 2351 2423 2422
5006 2 2 2 3 2554 2596 2552
5007 2 2 2 3 2451 2564 2414
5008 2 2 2 3 2357 2631 2619
5009 2 2 2 3 2425 2428 2427
5010 2 2 2 3 2422 2424 2421
5011 2 2 2 3 302 2560 301
5012 2 2 2 3 249 2559 2353
5013 2 2 2 3 247 2566 2354
5014 2 2 2 3 2353 2566 248
5015 2 2 2 3 2351 2422 2421
5016 2 2 2 3 2414 2564 312
5017 2 2 2 3 2422 2430 2424
5018 2 2 2 3 2463 2465 2464
5019 2 2 2 3 2509 2568 2510
5020 2 2 2 3 312 2564 311
5021 2 2 2 3 289 2569 2373
5022 2 2 2 3 2374 2569 290
5023 2 2 2 3 2439 2440 2437
5024 2 2 2 3 287 2570 2372
5025 2 2 2 3 2373 2570 288
5026 2 2 2 3 308 2612 307
5027 2 2 2 3 2513 2572 2514
5028 2 2 2 3 2375 2573 292
5029 2 2 2 3 291 2573 2374
5030 2 2 2 3 86 2563 2393
5031 2 2 2 3 2438 2439 2437
5032 2 2 2 3 2505 2567 2506
5033 2 2 2 3 2372 2574 286
5034 2 2 2 3 285 2574 2371
5035 2 2 2 3 2350 2561 2435
5036 2 2 2 3 2517 2576 2518
5037 2 2 2 3 263 2577 2360
5038 2 2 2 3 2361 2577 264
5039 2 2 2 3 283 2579 2370
5040 2 2 2 3 2371 2579 284
5041 2 2 2 3 281 2581 2369
5042 2 2 2 3 2370 2581 282
5043 2 2 2 3 2521 2578 2522
5044 2 2 2 3 2369 2585 280
5045 2 2 2 3 279 2585 2368
5046 2 2 2 3 2419 2459 2420
5047 2 2 2 3 277 2588 2367
5048 2 2 2 3 2368 2588 278
5049 2 2 2 3 2525 2580 2526
5050 2 2 2 3 275 2590 2366
5051 2 2 2 3 2367 2590 276
5052 2 2 2 3 293 2591 2375
5053 2 2 2 3 2376 2591 294
5054 2 2 2 3 2529 2584 2530
5055 2 2 2 3 273 2593 2365
5056 2 2 2 3 2366 2593 274
5057 2 2 2 3 2365 2595 272
5058 2 2 2 3 271 2595 2364
5059 2 2 2 3 2533 2587 2534
5060 2 2 2 3 269 2597 2363
5061 2 2 2 3 2364 2597 270
5062 2 2 2 3 2537 2589 2538
5063 2 2 2 3 2363 2599 268
5064 2 2 2 3 267 2599 2362
5065 2 2 2 3 2541 2592 2542
5066 2 2 2 3 2545 2594 2546
5067 2 2 2 3 2352 2443 5
5068 2 2 2 3 2549 2596 2550
5069 2 2 2 3 2553 2598 2554
5070 2 2 2 3 2430 2562 2424
5071 2 2 2 3 2360 2602 262
5072 2 2 2 3 261 2602 2359
5073 2 2 2 3 237 2385 236
5074 2 2 2 3 248 2566 247
5075 2 2 2 3 2501 2571 2502
5076 2 2 2 3 2426 2639 2349
5077 2 2 2 3 295 2605 2376
5078 2 2 2 3 2377 2605 296
5079 2 2 2 3 2416 2624 37
5080 2 2 2 3 2385 2419 2418
5081 2 2 2 3 2419 2420 2418
5082 2 2 2 3 234 2614 233
5083 2 2 2 3 2475 2643 2477
5084 2 2 2 3 26 2490 2462
5085 2 2 2 3 2387 2613 2471
5086 2 2 2 3 297 2610 2377
5087 2 2 2 3 2378 2610 298
5088 2 2 2 3 2349 2639 44
5089 2 2 2 3 2418 2441 2417
5090 2 2 2 3 2508 2567 2505
5091 2 2 2 3 2390 2613 31
5092 2 2 2 3 30 2613 2387
5093 2 2 2 3 2512 2568 2509
5094 2 2 2 3 290 2569 289
5095 2 2 2 3 2457 2629 2379
5096 2 2 2 3 2504 2571 2501
5097 2 2 2 3 288 2570 287
5098 2 2 2 3 2485 2575 2380
5099 2 2 2 3 2516 2572 2513
5100 2 2 2 3 292 2573 291
5101 2 2 2 3 2385 2417 236
5102 2 2 2 3 286 2574 285
5103 2 2 2 3 2520 2576 2517
5104 2 2 2 3 2497 2586 2498
5105 2 2 2 3 264 2577 263
5106 2 2 2 3 2524 2578 2521
5107 2 2 2 3 2420 2619 2483
5108 2 2 2 3 284 2579 283
5109 2 2 2 3 2494 2616 2492
5110 2 2 2 3 2423 2600 2422
5111 2 2 2 3 2528 2580 2525
5112 2 2 2 3 282 2581 281
5113 2 2 2 3 2532 2584 2529
5114 2 2 2 3 2385 2418 2417
5115 2 2 2 3 2500 2586 2497
5116 2 2 2 3 280 2585 279
5117 2 2 2 3 2464 2600 2423
5118 2 2 2 3 2536 2587 2533
5119 2 2 2 3 2413 2615 2454
5120 2 2 2 3 278 2588 277
5121 2 2 2 3 2540 2589 2537
5122 2 2 2 3 276 2590 275
5123 2 2 2 3 2601 2643 2475
5124 2 2 2 3 294 2591 293
5125 2 2 2 3 2544 2592 2541
5126 2 2 2 3 274 2593 273
5127 2 2 2 3 2548 2594 2545
5128 2 2 2 3 272 2595 271
5129 2 2 2 3 2552 2596 2549
5130 2 2 2 3 270 2597 269
5131 2 2 2 3 2556 2598 2553
5132 2 2 2 3 50 2615 2413
5133 2 2 2 3 2412 2615 51
5134 2 2 2 3 268 2599 267
5135 2 2 2 3 2488 2582 2563
5136 2 2 2 3 2391 2604 259
5137 2 2 2 3 2384 2606 257
5138 2 2 2 3 258 2604 2384
5139 2 2 2 3 252 2607 2383
5140 2 2 2 3 262 2602 261
5141 2 2 2 3 2563 2582 2393
5142 2 2 2 3 2493 2609 2494
5143 2 2 2 3 2422 2600 2430
5144 2 2 2 3 2483 2618 2420
5145 2 2 2 3 2492 2616 2458
5146 2 2 2 3 257 2606 256
5147 2 2 2 3 259 2604 258
5148 2 2 2 3 253 2607 252
5149 2 2 2 3 36 2624 2382
5150 2 2 2 3 296 2605 295
5151 2 2 2 3 2380 2621 2560
5152 2 2 2 3 2476 2620 2356
5153 2 2 2 3 2496 2609 2493
5154 2 2 2 3 2356 2620 242
5155 2 2 2 3 241 2620 2357
5156 2 2 2 3 2482 2625 2395
5157 2 2 2 3 2560 2621 2455
5158 2 2 2 3 298 2610 297
5159 2 2 2 3 234 2633 2614
5160 2 2 2 3 2556 2627 2598
5161 2 2 2 3 2456 2626 2458
5162 2 2 2 3 255 2617 2358
5163 2 2 2 3 2362 2627 2557
5164 2 2 2 3 43 2611 42
5165 2 2 2 3 299 2629 2378
5166 2 2 2 3 2379 2629 300
5167 2 2 2 3 43 2639 2611
5168 2 2 2 3 2420 2618 2418
5169 2 2 2 3 310 2612 309
5170 2 2 2 3 31 2613 30
5171 2 2 2 3 2564 2640 2628
5172 2 2 2 3 2433 2617 2606
5173 2 2 2 3 2391 2636 2604
5174 2 2 2 3 2434 2645 2442
5175 2 2 2 3 2428 2623 2427
5176 2 2 2 3 2564 2628 311
5177 2 2 2 3 2382 2618 2483
5178 2 2 2 3 2619 2625 2483
5179 2 2 2 3 2478 2625 2619
5180 2 2 2 3 2598 2627 2362
5181 2 2 2 3 309 2612 308
5182 2 2 2 3 2458 2616 2457
5183 2 2 2 3 51 2615 50
5184 2 2 2 3 2459 2641 239
5185 2 2 2 3 2608 2623 2428
5186 2 2 2 3 2606 2617 256
5187 2 2 2 3 2385 2622 2419
5188 2 2 2 3 2488 2638 2582
5189 2 2 2 3 2419 2641 2459
5190 2 2 2 3 2481 2643 2390
5191 2 2 2 3 2582 2638 2558
5192 2 2 2 3 256 2617 255
5193 2 2 2 3 2611 2632 2350
5194 2 2 2 3 2455 2621 2453
5195 2 2 2 3 242 2620 241
5196 2 2 2 3 2471 2630 2473
5197 2 2 2 3 2388 2644 2559
5198 2 2 2 3 233 2614 39
5199 2 2 2 3 2412 2626 2615
5200 2 2 2 3 2418 2618 2441
5201 2 2 2 3 2619 2631 2478
5202 2 2 2 3 2432 2632 2429
5203 2 2 2 3 2390 2643 2601
5204 2 2 2 3 2442 2645 2636
5205 2 2 2 3 2620 2631 2357
5206 2 2 2 3 2625 2637 2395
5207 2 2 2 3 2473 2630 2601
5208 2 2 2 3 2621 2635 2453
5209 2 2 2 3 2427 2623 2431
5210 2 2 2 3 310 2628 2612
5211 2 2 2 3 2483 2625 2482
5212 2 2 2 3 37 2624 36
5213 2 2 2 3 2390 2630 2613
5214 2 2 2 3 2628 2640 2415
5215 2 2 2 3 2453 2635 2452
5216 2 2 2 3 237 2622 2385
5217 2 2 2 3 2358 2623 2608
5218 2 2 2 3 2354 2634 2479
5219 2 2 2 3 2452 2635 2450
5220 2 2 2 3 2454 2626 2456
5221 2 2 2 3 2484 2640 2451
5222 2 2 2 3 2575 2635 2621
5223 2 2 2 3 2575 2621 2380
5224 2 2 2 3 2557 2627 2558
5225 2 2 2 3 311 2628 310
5226 2 2 2 3 300 2629 299
5227 2 2 2 3 2358 2642 2623
5228 2 2 2 3 2478 2631 2476
5229 2 2 2 3 2623 2642 2431
5230 2 2 2 3 2566 2634 2354
5231 2 2 2 3 2415 2640 2484
5232 2 2 2 3 2451 2640 2564
5233 2 2 2 3 235 2633 234
5234 2 2 2 3 2615 2626 2454
5235 2 2 2 3 2429 2632 2611
5236 2 2 2 3 239 2641 238
5237 2 2 2 3 2477 2637 2478
5238 2 2 2 3 2489 2638 2488
5239 2 2 2 3 44 2639 43
5240 2 2 2 3 2601 2630 2390
5241 2 2 2 3 2467 2634 2566
5242 2 2 2 3 2442 2636 2438
5243 2 2 2 3 2431 2642 2433
5244 2 2 2 3 2622 2641 2419
5245 2 2 2 3 2450 2635 2575
5246 2 2 2 3 2476 2631 2620
5247 2 2 2 3 2617 2642 2358
5248 2 2 2 3 2613 2630 2471
5249 2 2 2 3 2464 2644 2600
5250 2 2 2 3 2433 2642 2617
5251 2 2 2 3 238 2641 2622
5252 2 2 2 3 2478 2637 2625
5253 2 2 2 3 233 39 3
5254 2 2 3 4 2649 2691 2660
5255 2 2 3 4 237 2686 323
5256 2 2 3 4 233 2664 2651
5257 2 2 3 4 2648 2674 2668
5258 2 2 3 4 2660 2677 2649
5259 2 2 3 4 234 2683 235
5260 2 2 3 4 3 2664 233
5261 2 2 3 4 323 11 237
5262 2 2 3 4 2674 2679 2668
5263 2 2 3 4 2664 2685 2666
5264 2 2 3 4 2677 2680 2649
5265 2 2 3 4 2652 2684 2678
5266 2 2 3 4 2652 2678 2663
5267 2 2 3 4 327 2655 2646
5268 2 2 3 4 2678 2680 2677
5269 2 2 3 4 324 2685 2664
5270 2 2 3 4 2678 2684 2654
5271 2 2 3 4 323 2686 2669
5272 2 2 3 4 2660 2691 2670
5273 2 2 3 4 2653 2679 2669
5274 2 2 3 4 193 2681 194
5275 2 2 3 4 1 2655 327
5276 2 2 3 4 2667 2693 2673
5277 2 2 3 4 2673 2682 2667
5278 2 2 3 4 2664 2665 2651
5279 2 2 3 4 2685 2690 2676
5280 2 2 3 4 2651 2683 234
5281 2 2 3 4 235 2683 2653
5282 2 2 3 4 2655 2656 2646
5283 2 2 3 4 2663 2681 2652
5284 2 2 3 4 16 2671 2650
5285 2 2 3 4 16 2650 325
5286 2 2 3 4 2666 2685 2676
5287 2 2 3 4 2687 2689 2661
5288 2 2 3 4 2669 2679 2674
5289 2 2 3 4 2670 2687 2661
5290 2 2 3 4 194 2655 1
5291 2 2 3 4 2671 2675 2650
5292 2 2 3 4 194 2681 2655
5293 2 2 3 4 2668 2682 2648
5294 2 2 3 4 2652 2681 193
5295 2 2 3 4 2669 2686 2653
5296 2 2 3 4 2657 2671 2646
5297 2 2 3 4 324 2664 3
5298 2 2 3 4 2657 2675 2671
5299 2 2 3 4 2664 2666 2665
5300 2 2 3 4 318 2687 2670
5301 2 2 3 4 319 2672 2647
5302 2 2 3 4 2655 2681 2656
5303 2 2 3 4 2661 2689 2662
5304 2 2 3 4 2666 2667 2665
5305 2 2 3 4 2656 2657 2646
5306 2 2 3 4 2672 2673 2647
5307 2 2 3 4 317 2649 316
5308 2 2 3 4 319 2647 15
5309 2 2 3 4 2676 2693 2667
5310 2 2 3 4 2689 2693 2662
5311 2 2 3 4 2670 2691 318
5312 2 2 3 4 2646 2671 326
5313 2 2 3 4 2648 2672 320
5314 2 2 3 4 320 2672 319
5315 2 2 3 4 192 2652 193
5316 2 2 3 4 321 2674 2648
5317 2 2 3 4 2667 2668 2665
5318 2 2 3 4 2656 2681 2663
5319 2 2 3 4 2669 2674 322
5320 2 2 3 4 323 2669 322
5321 2 2 3 4 321 2648 320
5322 2 2 3 4 2659 2675 2657
5323 2 2 3 4 322 2674 321
5324 2 2 3 4 233 2651 234
5325 2 2 3 4 235 2653 236
5326 2 2 3 4 315 2654 314
5327 2 2 3 4 2661 2662 2659
5328 2 2 3 4 2660 2661 2659
5329 2 2 3 4 2666 2676 2667
5330 2 2 3 4 327 2646 326
5331 2 2 3 4 2650 2690 2685
5332 2 2 3 4 2658 2660 2659
5333 2 2 3 4 2660 2670 2661
5334 2 2 3 4 2658 2659 2657
5335 2 2 3 4 2672 2682 2673
5336 2 2 3 4 2662 2675 2659
5337 2 2 3 4 2654 2680 2678
5338 2 2 3 4 2656 2658 2657
5339 2 2 3 4 2658 2677 2660
5340 2 2 3 4 326 2671 16
5341 2 2 3 4 2656 2663 2658
5342 2 2 3 4 325 2685 324
5343 2 2 3 4 2663 2678 2677
5344 2 2 3 4 2649 2680 316
5345 2 2 3 4 2663 2677 2658
5346 2 2 3 4 2665 2692 2651
5347 2 2 3 4 2667 2682 2668
5348 2 2 3 4 316 2680 315
5349 2 2 3 4 15 2687 318
5350 2 2 3 4 315 2680 2654
5351 2 2 3 4 2648 2682 2672
5352 2 2 3 4 9 2688 191
5353 2 2 3 4 318 2691 317
5354 2 2 3 4 192 2684 2652
5355 2 2 3 4 314 2688 9
5356 2 2 3 4 191 2684 192
5357 2 2 3 4 2653 2683 2679
5358 2 2 3 4 2653 2686 236
5359 2 2 3 4 2647 2689 2687
5360 2 2 3 4 2684 2688 2654
5361 2 2 3 4 2651 2692 2683
5362 2 2 3 4 2675 2690 2650
5363 2 2 3 4 2647 2687 15
5364 2 2 3 4 2676 2690 2662
5365 2 2 3 4 2662 2690 2675
5366 2 2 3 4 236 2686 237
5367 2 2 3 4 317 2691 2649
5368 2 2 3 4 2654 2688 314
5369 2 2 3 4 2673 2689 2647
5370 2 2 3 4 2650 2685 325
5371 2 2 3 4 2673 2693 2689
5372 2 2 3 4 2679 2692 2668
5373 2 2 3 4 2668 2692 2665
5374 2 2 3 4 2662 2693 2676
5375 2 2 3 4 191 2688 2684
5376 2 2 3 4 2683 2692 2679
5377 2 2 3 5 22 16 23
5378 2 2 3 5 22 326 16
5379 2 2 3 5 24 23 325
5380 2 2 3 5 21 1 327
5381 2 2 3 5 324 3 25
5382 2 2 3 5 23 16 325
5383 2 2 3 5 21 326 22
5384 2 2 3 5 327 326 21
5385 2 2 3 5 25 24 324
5386 2 2 3 5 324 24 325
$EndElements
