$MeshFormat
2.2 0 8
$EndMeshFormat
$PhysicalNames
7
0 6 "separation-inf"
0 7 "separation-sup"
1 4 "pressure"
1 5 "fixed"
2 1 "body"
2 2 "cover"
2 3 "scar"
$EndPhysicalNames
$Nodes
2691
1 0.508527909726218 0.441045460394129 0
2 0.6780832021878531 0.4499314767377288 0
3 0.4488050389059886 0.4342438187600408 0
4 0.4040362663251333 0.4037254805883031 0
5 0.06527036446661391 -1.301042606982605e-16 0
6 0.7306999999999998 0 0
7 0.7306999999999999 0.4 0
8 0.4147111614221852 0.4741808821038802 0
9 0.3657340441691846 0.4358648610726302 0
10 0 0 0
11 0.6754664043757063 0.4998629534754574 0
12 0.5327080892858647 0.4923813072074111 0
13 0.7806999999999999 0 0
14 0.7806999999999999 0.4 0
15 0.4754071150127369 0.4393096730951061 0
16 0.4727903172005901 0.4892411498328348 0
17 0.519831595890327 0.4416378614837023 0
18 0.5311352820544361 0.4422302625732756 0
19 0.5424389682185451 0.4428226636628489 0
20 0.5537426543826541 0.4434150647524222 0
21 0.5650463405467632 0.4440074658419956 0
22 0.5763500267108722 0.4445998669315689 0
23 0.5876537128749812 0.4451922680211422 0
24 0.5989573990390903 0.4457846691107155 0
25 0.6102610852031993 0.4463770702002888 0
26 0.6215647713673083 0.4469694712898621 0
27 0.6328684575314172 0.4475618723794355 0
28 0.6441721436955262 0.4481542734690088 0
29 0.6554758298596352 0.4487466745585821 0
30 0.6667795160237442 0.4493390756481555 0
31 0.499597122530253 0.4355625210498866 0
32 0.4898485670515895 0.4317171017136275 0
33 0.4795796326797703 0.429626510730311 0
34 0.4691035834805098 0.429354523659062 0
35 0.4587400017635158 0.4309094377362513 0
36 0.4115364271967661 0.4117281004186315 0
37 0.4198678734661512 0.4188612161690933 0
38 0.4289303825525584 0.4250390204965163 0
39 0.4386149376035512 0.430187197913178 0
40 0.07263484059397318 0.008776640882354192 0
41 0.07999931672133226 0.01755328176470861 0
42 0.08736379284869139 0.02632992264706302 0
43 0.09472826897605052 0.03510656352941743 0
44 0.1020927451034097 0.0438832044117719 0
45 0.1094572212307687 0.05265984529412632 0
46 0.1168216973581279 0.06143648617648073 0
47 0.124186173485487 0.07021312705883515 0
48 0.1315506496128461 0.07898976794118961 0
49 0.1389151257402052 0.08776640882354403 0
50 0.1462796018675643 0.09654304970589844 0
51 0.1536440779949235 0.1053196905882529 0
52 0.1610085541222825 0.1140963314706073 0
53 0.1683730302496417 0.1228729723529617 0
54 0.1757375063770008 0.1316496132353161 0
55 0.1831019825043599 0.1404262541176706 0
56 0.190466458631719 0.149202895000025 0
57 0.1978309347590781 0.1579795358823794 0
58 0.2051954108864372 0.1667561767647338 0
59 0.2125598870137964 0.1755328176470882 0
60 0.2199243631411554 0.1843094585294426 0
61 0.2272888392685146 0.193086099411797 0
62 0.2346533153958736 0.2018627402941514 0
63 0.2420177915232327 0.2106393811765058 0
64 0.2493822676505918 0.2194160220588602 0
65 0.2567467437779509 0.2281926629412146 0
66 0.26411121990531 0.236969303823569 0
67 0.2714756960326691 0.2457459447059234 0
68 0.2788401721600282 0.2545225855882778 0
69 0.2862046482873873 0.2632992264706322 0
70 0.2935691244147464 0.2720758673529866 0
71 0.3009336005421055 0.280852508235341 0
72 0.3082980766694647 0.2896291491176956 0
73 0.3156625527968239 0.29840579000005 0
74 0.323027028924183 0.3071824308824044 0
75 0.3303915050515422 0.3159590717647589 0
76 0.3377559811789013 0.3247357126471133 0
77 0.3451204573062605 0.3335123535294678 0
78 0.3524849334336195 0.3422889944118223 0
79 0.3598494095609788 0.3510656352941767 0
80 0.3672138856883378 0.3598422761765311 0
81 0.3745783618156969 0.3686189170588855 0
82 0.381942837943056 0.3773955579412399 0
83 0.3893073140704152 0.3861721988235943 0
84 0.3966717901977742 0.3949488397059487 0
85 0.07674328921718956 0 0
86 0.08821621396776522 0 0
87 0.09968913871834086 0 0
88 0.1111620634689165 0 0
89 0.1226349882194922 0 0
90 0.1341079129700678 0 0
91 0.1455808377206435 0 0
92 0.1570537624712191 0 0
93 0.1685266872217948 0 0
94 0.1799996119723704 0 0
95 0.1914725367229461 0 0
96 0.2029454614735217 0 0
97 0.2144183862240973 0 0
98 0.225891310974673 0 0
99 0.2373642357252487 0 0
100 0.2488371604758243 0 0
101 0.2603100852264 0 0
102 0.2717830099769756 0 0
103 0.2832559347275512 0 0
104 0.2947288594781268 0 0
105 0.3062017842287024 0 0
106 0.317674708979278 0 0
107 0.3291476337298536 0 0
108 0.3406205584804292 0 0
109 0.3520934832310048 0 0
110 0.3635664079815804 0 0
111 0.375039332732156 0 0
112 0.3865122574827317 0 0
113 0.3979851822333073 0 0
114 0.4094581069838829 0 0
115 0.4209310317344584 0 0
116 0.432403956485034 0 0
117 0.4438768812356096 0 0
118 0.4553498059861853 0 0
119 0.4668227307367609 0 0
120 0.4782956554873365 0 0
121 0.489768580237912 0 0
122 0.5012415049884876 0 0
123 0.5127144297390633 0 0
124 0.5241873544896389 0 0
125 0.5356602792402145 0 0
126 0.5471332039907901 0 0
127 0.5586061287413657 0 0
128 0.5700790534919413 0 0
129 0.5815519782425169 0 0
130 0.5930249029930925 0 0
131 0.6044978277436681 0 0
132 0.6159707524942437 0 0
133 0.6274436772448193 0 0
134 0.638916601995395 0 0
135 0.6503895267459706 0 0
136 0.6618624514965461 0 0
137 0.6733353762471217 0 0
138 0.6848083009976974 0 0
139 0.696281225748273 0 0
140 0.7077541504988486 0 0
141 0.7192270752494242 0 0
142 0.7306999999999999 0.3885714285714286 0
143 0.7306999999999999 0.3771428571428571 0
144 0.7306999999999999 0.3657142857142857 0
145 0.7306999999999999 0.3542857142857143 0
146 0.7306999999999999 0.3428571428571428 0
147 0.7306999999999999 0.3314285714285714 0
148 0.7306999999999999 0.32 0
149 0.7306999999999999 0.3085714285714285 0
150 0.7306999999999999 0.2971428571428571 0
151 0.7306999999999999 0.2857142857142857 0
152 0.7306999999999999 0.2742857142857142 0
153 0.7306999999999999 0.2628571428571428 0
154 0.7306999999999999 0.2514285714285713 0
155 0.7306999999999999 0.2399999999999998 0
156 0.7306999999999999 0.2285714285714284 0
157 0.7306999999999999 0.2171428571428569 0
158 0.7306999999999999 0.2057142857142855 0
159 0.7306999999999999 0.194285714285714 0
160 0.7306999999999999 0.1828571428571427 0
161 0.7306999999999999 0.1714285714285712 0
162 0.7306999999999999 0.1599999999999998 0
163 0.7306999999999999 0.1485714285714284 0
164 0.7306999999999999 0.137142857142857 0
165 0.7306999999999999 0.1257142857142856 0
166 0.7306999999999999 0.1142857142857142 0
167 0.7306999999999999 0.1028571428571428 0
168 0.7306999999999999 0.09142857142857141 0
169 0.7306999999999999 0.08000000000000007 0
170 0.7306999999999999 0.06857142857142867 0
171 0.7306999999999999 0.05714285714285727 0
172 0.7306999999999999 0.04571428571428587 0
173 0.7306999999999999 0.03428571428571447 0
174 0.7306999999999999 0.02285714285714302 0
175 0.7306999999999999 0.01142857142857151 0
176 0.6896278447399321 0.4491964794299314 0
177 0.7006946012159873 0.4458281127934987 0
178 0.7106910947343958 0.4400066774005602 0
179 0.7190822370179006 0.432043780699251 0
180 0.7254188703833169 0.4223656574157815 0
181 0.7293618100730225 0.4114903542337509 0
182 0.4392883487013142 0.4394654719703133 0
183 0.4308682249651775 0.4463163530062271 0
184 0.4238202701700181 0.4545722229122686 0
185 0.4183751737721974 0.4639628554744837 0
186 0.4055010951112039 0.4692698230282135 0
187 0.3966548508869512 0.4637301672787797 0
188 0.3882152618010851 0.4575887375788573 0
189 0.3802231919023614 0.4508752704097058 0
190 0.3727173383750483 0.4436222720280787 0
191 0.3584193632858009 0.4271475638511777 0
192 0.3511046824024172 0.4184302666297251 0
193 0.3437900015190336 0.4097129694082725 0
194 0.3364753206356498 0.4009956721868199 0
195 0.3291606397522662 0.3922783749653673 0
196 0.3218459588688825 0.3835610777439147 0
197 0.3145312779854988 0.3748437805224621 0
198 0.3072165971021151 0.3661264833010095 0
199 0.2999019162187315 0.357409186079557 0
200 0.2925872353353478 0.3486918888581043 0
201 0.2852725544519641 0.3399745916366518 0
202 0.2779578735685805 0.3312572944151992 0
203 0.2706431926851968 0.3225399971937466 0
204 0.2633285118018131 0.313822699972294 0
205 0.2560138309184294 0.3051054027508415 0
206 0.2486991500350458 0.2963881055293889 0
207 0.2413844691516621 0.2876708083079362 0
208 0.2340697882682784 0.2789535110864836 0
209 0.2267551073848947 0.270236213865031 0
210 0.219440426501511 0.2615189166435784 0
211 0.2121257456181273 0.2528016194221258 0
212 0.2048110647347436 0.2440843222006732 0
213 0.1974963838513599 0.2353670249792206 0
214 0.1901817029679762 0.2266497277577679 0
215 0.1828670220845925 0.2179324305363153 0
216 0.1755523412012088 0.2092151333148627 0
217 0.1682376603178251 0.2004978360934101 0
218 0.1609229794344414 0.1917805388719575 0
219 0.1536082985510577 0.1830632416505049 0
220 0.146293617667674 0.1743459444290522 0
221 0.1389789367842903 0.1656286472075996 0
222 0.1316642559009066 0.156911349986147 0
223 0.1243495750175229 0.1481940527646943 0
224 0.1170348941341392 0.1394767555432417 0
225 0.1097202132507555 0.1307594583217891 0
226 0.1024055323673718 0.1220421611003365 0
227 0.0950908514839881 0.113324863878884 0
228 0.08777617060060444 0.1046075666574313 0
229 0.08046148971722072 0.09589026943597867 0
230 0.07314680883383701 0.08717297221452608 0
231 0.06583212795045329 0.07845567499307343 0
232 0.05851744706706957 0.06973837777162079 0
233 0.05120276618368591 0.06102108055016819 0
234 0.04388808530030225 0.05230378332871566 0
235 0.03657340441691853 0.04358648610726296 0
236 0.02925872353353487 0.03486918888581042 0
237 0.0219440426501511 0.02615189166435772 0
238 0.01462936176676743 0.01743459444290513 0
239 0.007314680883383662 0.00871729722145248 0
240 0.01087839407776897 0 0
241 0.02175678815553795 0 0
242 0.03263518223330691 0 0
243 0.04351357631107589 0 0
244 0.0543919703888449 0 0
245 0.6644849955226415 0.4992874422240692 0
246 0.6535035866695768 0.498711930972681 0
247 0.642522177816512 0.4981364197212928 0
248 0.6315407689634474 0.4975609084699046 0
249 0.6205593601103826 0.4969853972185165 0
250 0.6095779512573178 0.4964098859671283 0
251 0.5985965424042531 0.4958343747157401 0
252 0.5876151335511883 0.4952588634643519 0
253 0.5766337246981236 0.4946833522129638 0
254 0.5656523158450588 0.4941078409615756 0
255 0.5546709069919942 0.4935323297101874 0
256 0.5436894981389294 0.4929568184587992 0
257 0.5324155613519536 0.4825456095342258 0
258 0.5305193375920811 0.4728899968264317 0
259 0.5270704193257737 0.4636741689144777 0
260 0.5221615695413673 0.4551459970643943 0
261 0.5159248179189342 0.4475348571687875 0
262 0.7406999999999998 0 0
263 0.7506999999999999 0 0
264 0.7606999999999999 0 0
265 0.7706999999999999 0 0
266 0.7806999999999999 0.01142857142857144 0
267 0.7806999999999999 0.02285714285714288 0
268 0.7806999999999999 0.03428571428571432 0
269 0.7806999999999999 0.04571428571428577 0
270 0.7806999999999999 0.0571428571428572 0
271 0.7806999999999999 0.06857142857142863 0
272 0.7806999999999999 0.08000000000000006 0
273 0.7806999999999999 0.0914285714285715 0
274 0.7806999999999999 0.1028571428571429 0
275 0.7806999999999999 0.1142857142857144 0
276 0.7806999999999999 0.1257142857142858 0
277 0.7806999999999999 0.1371428571428573 0
278 0.7806999999999999 0.1485714285714287 0
279 0.7806999999999999 0.1600000000000002 0
280 0.7806999999999999 0.1714285714285717 0
281 0.7806999999999999 0.1828571428571431 0
282 0.7806999999999999 0.1942857142857145 0
283 0.7806999999999999 0.205714285714286 0
284 0.7806999999999999 0.2171428571428574 0
285 0.7806999999999999 0.2285714285714288 0
286 0.7806999999999999 0.2400000000000002 0
287 0.7806999999999999 0.2514285714285716 0
288 0.7806999999999999 0.262857142857143 0
289 0.7806999999999999 0.2742857142857144 0
290 0.7806999999999999 0.2857142857142858 0
291 0.7806999999999999 0.2971428571428572 0
292 0.7806999999999999 0.3085714285714286 0
293 0.7806999999999999 0.32 0
294 0.7806999999999999 0.3314285714285714 0
295 0.7806999999999999 0.3428571428571427 0
296 0.7806999999999999 0.3542857142857141 0
297 0.7806999999999999 0.3657142857142855 0
298 0.7806999999999999 0.377142857142857 0
299 0.7806999999999999 0.3885714285714285 0
300 0.7800286514924181 0.4115680159360948 0
301 0.7780236201460451 0.4229807084675019 0
302 0.7747118274569218 0.4340848397122524 0
303 0.7701377407666337 0.4447313148315632 0
304 0.764362776200642 0.454777183921787 0
305 0.7574644740358012 0.4640875613985023 0
306 0.7495354575693756 0.4725374371012285 0
307 0.7406821894687915 0.4800133548011204 0
308 0.7310235423005802 0.4864149355743653 0
309 0.7206892024319744 0.4916562255869974 0
310 0.7098179287359266 0.4956668501944612 0
311 0.6985556894798641 0.4983929588598628 0
312 0.6870537024141186 0.4997979482035217 0
313 0.4575071507440449 0.436734120688223 0
314 0.4663987920308341 0.4384273629516379 0
315 0.4864473799172306 0.4398882688614471 0
316 0.4974876448217243 0.440466864627788 0
317 0.5227217939383189 0.4918579476449817 0
318 0.5127354985907732 0.4913345880825523 0
319 0.5027492032432275 0.490811228520123 0
320 0.4927629078956817 0.4902878689576936 0
321 0.4827766125481359 0.4897645093952642 0
322 0.4627614424959829 0.4883773469960903 0
323 0.4528130836848892 0.4868428633216209 0
324 0.442990041314644 0.4846446090656605 0
325 0.4333365515937557 0.481792483649382 0
326 0.4238960871825292 0.4782993310787308 0
327 0.4865246047661547 0.4217786481861787 0
328 0.7207424850149182 0.2110085744151525 0
329 0.3650230720445906 0.339133617179589 0
330 0.5188863890310622 0.00974539991654888 0
331 0.448642547660426 0.009422405084839103 0
332 0.3194246190273307 0.2877728050010496 0
333 0.7212254568010581 0.268571205543559 0
334 0.5610308232814658 0.4341698218487164 0
335 0.5758155711048876 0.009735322410081904 0
336 0.3912515878325003 0.01035698575594279 0
337 0.281883775351039 0.2443145231916476 0
338 0.721078778594399 0.1538757230915159 0
339 0.3351556268544142 0.01002102106168551 0
340 0.7217880397542886 0.3261031297793713 0
341 0.2459363474235652 0.1998732373234716 0
342 0.6056276062872589 0.4352131635876057 0
343 0.3932258699707475 0.3754060549705601 0
344 0.6217072148695315 0.009935844289705731 0
345 0.2901072432314454 0.009143601250214684 0
346 0.7211146740244522 0.1091229183805956 0
347 0.2163517785144409 0.1643480870912111 0
348 0.2429733383793787 0.009862255519072216 0
349 0.7194627234155506 0.3716531619537747 0
350 0.1877731677563602 0.1296845085421777 0
351 0.6505108724546851 0.4384728117011025 0
352 0.4216371173742934 0.4080433801733862 0
353 0.6676025546501538 0.009935613885929673 0
354 0.2083551382698551 0.01005836855465936 0
355 0.4832032937458206 0.01020423634822504 0
356 0.3416756838048873 0.3139714101736432 0
357 0.7206745611643709 0.07601970287358217 0
358 0.1653906065689187 0.1059862815112195 0
359 0.5264368827609931 0.4324857212964569 0
360 0.1733899856912732 0.009307074390437209 0
361 0.7066790909230136 0.4286226431549273 0
362 0.1426706564494293 0.07690839973724767 0
363 0.4625500531477281 0.4214081880129482 0
364 0.7214422159044694 0.04056512712562427 0
365 0.139801870980904 0.009362302926695043 0
366 0.377045309591807 0.3585784719394045 0
367 0.7209853302809919 0.2460292324775974 0
368 0.7203897584118978 0.2906787863374776 0
369 0.7209425223164222 0.394040476569864 0
370 0.720802566813892 0.3485714285714285 0
371 0.6901192711756667 0.009391901170542227 0
372 0.644890715852973 0.01054878400544257 0
373 0.5991561155118496 0.01003820834923996 0
374 0.5532244626094512 0.00889212137699924 0
375 0.2671451826624304 0.009513673578612103 0
376 0.3581578782830379 0.01048663802861738 0
377 0.3122114256960849 0.009539999405539512 0
378 0.4146223007917237 0.009094162573192288 0
379 0.3046904781232183 0.2709686731767295 0
380 0.2678823620487405 0.2262400714671916 0
381 0.2015334099494373 0.1473947052733883 0
382 0.2334660098170475 0.1815633506322028 0
383 0.5821533886745851 0.4346398753068096 0
384 0.6282182236047857 0.4366321935971914 0
385 0.7214125478515975 0.188606335097305 0
386 0.1287969014540983 0.05879273899550058 0
387 0.7208019794520553 0.1314283134287549 0
388 0.6730764362480426 0.4398965694776322 0
389 0.1141134325005578 0.04149476560767079 0
390 0.4076561270858875 0.3930188856056351 0
391 0.4382311125040731 0.4192260385063384 0
392 0.1168982061543001 0.009402720829806921 0
393 0.7127481211690255 0.0102211330901949 0
394 0.6918139508359863 0.4383316658581207 0
395 0.7166041189998237 0.4132057525487088 0
396 0.09864682487638277 0.02434041967638301 0
397 0.5087770241878569 0.4303568052766313 0
398 0.4735981365407747 0.4193594369510218 0
399 0.48168021120237 0.4112348092143884 0
400 0.4920491599235487 0.4124544076188124 0
401 0.4874429529699788 0.4027546558094482 0
402 0.498162925277661 0.4035380374217492 0
403 0.4934141890735902 0.3938056809878073 0
404 0.5042727425024681 0.3945765409676084 0
405 0.4996200310827242 0.384826417390373 0
406 0.5103968095852077 0.3855349230511227 0
407 0.505775926441524 0.3757746220665837 0
408 0.5165651007229857 0.3764749356713376 0
409 0.5119359534912213 0.3666914650207287 0
410 0.5227401131532926 0.3673857946190412 0
411 0.5181216498952348 0.357595435297791 0
412 0.5289367041751625 0.3582822668807024 0
413 0.5241715651804779 0.3483861238602063 0
414 0.5351767301680248 0.3491884513017157 0
415 0.5305072070937562 0.339333062111157 0
416 0.5414227205654828 0.3400612707748958 0
417 0.536608794795333 0.330099123534136 0
418 0.5256171973464029 0.3297947436966963 0
419 0.5317273234209487 0.320210231197486 0
420 0.5206059440912318 0.3198085891310007 0
421 0.5268547609858658 0.310223291046579 0
422 0.5158243366877973 0.3093018866693356 0
423 0.5219895358842468 0.3001349589706465 0
424 0.5109893752356004 0.2996606049116011 0
425 0.5172073027058522 0.2900521393673379 0
426 0.5060214368566451 0.2896088496365467 0
427 0.5122602401774645 0.2800934427654204 0
428 0.5008898427160926 0.2794140249635998 0
429 0.5074339009786505 0.2699609870085543 0
430 0.4959658199590625 0.2693118860974708 0
431 0.5025262894106721 0.2598869832545892 0
432 0.491337606849525 0.259080219229631 0
433 0.4976972339696392 0.2497597159273732 0
434 0.4864882218122123 0.2489533092584717 0
435 0.4927989750092429 0.2396489553818275 0
436 0.4815870486460531 0.2388395986695457 0
437 0.5040127368141516 0.2404621245257 0
438 0.4991108630445084 0.2303406809924182 0
439 0.5103336170848123 0.23115860890645 0
440 0.5054285555916611 0.2210244427111875 0
441 0.5166645937308989 0.2218423089169097 0
442 0.5117532033059724 0.2116978592784369 0
443 0.5230012465183631 0.2125165631706102 0
444 0.5328686806240936 0.3008587489745741 0
445 0.5180844319274146 0.2023615311491379 0
446 0.5068535921855239 0.2015638093599121 0
447 0.5293422428238157 0.2031809604378757 0
448 0.5244219315660905 0.193015593967258 0
449 0.5356911833199112 0.1938358097989706 0
450 0.5307657518637583 0.183661131940219 0
451 0.5420459667743772 0.1844817479635998 0
452 0.5469712228304886 0.1946640557859394 0
453 0.5533345739569213 0.1853050962004735 0
454 0.5581183373836675 0.1954152165401158 0
455 0.5484022982006119 0.1751143234483505 0
456 0.5596997453938201 0.1759381812743108 0
457 0.5547636335514232 0.1657371303446454 0
458 0.566070477133085 0.1665617678837163 0
459 0.4752799145396891 0.24814995602137 0
460 0.4703618732654308 0.2380276551141214 0
461 0.5611305589052517 0.1563520593495951 0
462 0.5724472660499488 0.157177431102858 0
463 0.4640438808797765 0.2473608601123117 0
464 0.4591240481871999 0.2372199703805275 0
465 0.4944138538655231 0.2895797036093282 0
466 0.567502865552142 0.1469598478017711 0
467 0.5562586175627918 0.1461899920930461 0
468 0.5788288550467013 0.1477858198402885 0
469 0.5837728723296907 0.1580098026994777 0
470 0.5901592958971883 0.1486145655848048 0
471 0.5949586993701707 0.1585725530378813 0
472 0.4527968728046209 0.2465634630644395 0
473 0.4478719415279296 0.2364109950579873 0
474 0.58521123023829 0.1383846648196362 0
475 0.5965507359767681 0.1392167804947244 0
476 0.4944809201170407 0.3757850196607292 0
477 0.4415401492877221 0.2457560621183129 0
478 0.4366058383232173 0.2355954885487296 0
479 0.4429920630806559 0.2262409760666256 0
480 0.4317073140525213 0.225450200595911 0
481 0.4380730160497353 0.2160636618957871 0
482 0.4267676293622493 0.2153555140732273 0
483 0.4331293752359359 0.2058788179957587 0
484 0.4217860927328073 0.2051626152197144 0
485 0.4281812273737889 0.195681623833275 0
486 0.4168340822737197 0.1948853747267281 0
487 0.4232345608609186 0.1854547578701926 0
488 0.4118776152437618 0.1846616600713088 0
489 0.4182798927171406 0.1752308674311477 0
490 0.4069163748767851 0.1744419039140662 0
491 0.413280512356154 0.1650438859562705 0
492 0.4019452954631889 0.1642256717407307 0
493 0.4083217714485581 0.1548138405712493 0
494 0.3969792520802466 0.1539952155281454 0
495 0.4196591939376345 0.1556294200339524 0
496 0.3906008736420449 0.163411923115229 0
497 0.3856309377416176 0.1531770105689898 0
498 0.414707833126652 0.1454013895738136 0
499 0.4260711052900434 0.1462174639671021 0
500 0.3792464532234899 0.1626040277762106 0
501 0.3742722726336799 0.1523579212260503 0
502 0.4210955516867724 0.1359820625228211 0
503 0.4324827901945663 0.1368030425617462 0
504 0.4104548498433461 0.2044936509794913 0
505 0.3678846091501262 0.1617892738100932 0
506 0.3629066545851783 0.151538056778475 0
507 0.3693009927171281 0.1421020407267304 0
508 0.357928360977498 0.1412814502645701 0
509 0.3643277708470231 0.1318386311630104 0
510 0.3529475444121539 0.1310181773166968 0
511 0.5915955007834572 0.128972764260226 0
512 0.602946499705918 0.1298059796907381 0
513 0.4274806645292977 0.1265548521470886 0
514 0.4388573016169325 0.1273797832016071 0
515 0.3465488956525274 0.1404649927752374 0
516 0.3415638893409044 0.1301997499382052 0
517 0.4253430090518537 0.2349301366526014 0
518 0.5476344157934254 0.330889935969691 0
519 0.5524621047532798 0.3408749436286189 0
520 0.558709336715482 0.3316903746700947 0
521 0.5635465240919272 0.3417065617725079 0
522 0.5698113984049209 0.3325027211116957 0
523 0.5746595785781718 0.3425392548274726 0
524 0.5809371500933984 0.333316496360392 0
525 0.5857919938989734 0.343371521647958 0
526 0.5920822574221354 0.3341326876077114 0
527 0.5871797660392032 0.3240538777120617 0
528 0.5983698661718486 0.3248767498411144 0
529 0.5934558018887384 0.3147755427886224 0
530 0.6031947195872585 0.3349290052923027 0
531 0.6046250087172301 0.3155722337714879 0
532 0.5997794250283605 0.3054945830115846 0
533 0.6109420902401681 0.3062816937835663 0
534 0.6060855426953101 0.2961893408257692 0
535 0.3593481492920079 0.1215716252835754 0
536 0.617262550787118 0.2969740535120184 0
537 0.6124008516801241 0.2868678391507493 0
538 0.5979899883921845 0.1195563800345292 0
539 0.6093460951444492 0.1203869421965061 0
540 0.6143039236389931 0.1306434298069348 0
541 0.6220904476640743 0.3068921419066372 0
542 0.4338668167585925 0.1171255564200697 0
543 0.4452235379678521 0.1179466064962921 0
544 0.3351618827965059 0.1396518174736892 0
545 0.3301748790633656 0.1293788271269715 0
546 0.6207069478125797 0.1212192699621439 0
547 0.6256639614384341 0.1314765696039009 0
548 0.6235345491115846 0.2874775045720516 0
549 0.6187503435744611 0.2775510126641731 0
550 0.6074924985238104 0.2767283049597165 0
551 0.6138332193220478 0.2673961541540573 0
552 0.6157494846135771 0.1109628333963456 0
553 0.6250588346008378 0.2681892590864485 0
554 0.6201654427218688 0.2580400352631027 0
555 0.6271153585909999 0.1117933906379685 0
556 0.323769770885223 0.1388339042639085 0
557 0.3187815384124977 0.1285560004082971 0
558 0.3251860432929613 0.1190995856064464 0
559 0.3137900778408963 0.1182739990993273 0
560 0.3201990419489589 0.1088111122993822 0
561 0.308797410445949 0.1079871811271821 0
562 0.4402534748206727 0.107691442217386 0
563 0.4516211151792962 0.1085147933859751 0
564 0.4565953751625962 0.1187676413740493 0
565 0.4629892061673942 0.1093383019561061 0
566 0.3023841166826028 0.1174545478678225 0
567 0.2973906571443163 0.1071642046996917 0
568 0.4464725324237619 0.2561164899700802 0
569 0.6313690541106352 0.2588102337887406 0
570 0.6264981949417889 0.2486683343938857 0
571 0.4288845414110172 0.1068698341302138 0
572 0.6221535808882696 0.1015294025993431 0
573 0.6335272073121485 0.1023618448446857 0
574 0.4679621187477337 0.1195897421143949 0
575 0.4743539909563511 0.1101625170991724 0
576 0.469383846975518 0.09990449734875151 0
577 0.4807592143570517 0.1007315006882361 0
578 0.6025775812785734 0.2665791979866159 0
579 0.3287591718475263 0.1491103095679626 0
580 0.586632828033296 0.1187265285971579 0
581 0.6377050647873974 0.249433698750566 0
582 0.6328449399424206 0.2392910137077096 0
583 0.521515252699018 0.2319642916065148 0
584 0.4346302786482465 0.1862511503385762 0
585 0.3173636120682857 0.1482929249573079 0
586 0.3223548565658607 0.1585720742825029 0
587 0.2909744122696756 0.1166361133920182 0
588 0.2859797887065858 0.1063416581781118 0
589 0.4352799738222465 0.09742836623455131 0
590 0.4238977440332645 0.09660720912016429 0
591 0.3152131363663923 0.09851991741086091 0
592 0.6425092307117696 0.2593000687138119 0
593 0.5795032610213008 0.3526051754954254 0
594 0.479319180600462 0.1204144378496438 0
595 0.6286901058627788 0.09217798410456879 0
596 0.6176255084266292 0.09132184664050064 0
597 0.639770079452047 0.09280617491187193 0
598 0.6444803532672603 0.1027415408489937 0
599 0.6439589718130369 0.2397905865629217 0
600 0.6392269928191167 0.2299274153212114 0
601 0.509460607392743 0.3197468137465339 0
602 0.2795614376794385 0.1158170319467874 0
603 0.2745641249139402 0.1055206109375232 0
604 0.2809848825616379 0.09604368630273535 0
605 0.2695659260749476 0.09522167640058216 0
606 0.4757832982001665 0.09046596731679746 0
607 0.4871676674586818 0.0912950938294656 0
608 0.4303023622043157 0.08715839129940645 0
609 0.4189119957283428 0.08633678153940494 0
610 0.6279129052948367 0.229101867818822 0
611 0.6342805877978817 0.2197205353691396 0
612 0.6455979513671625 0.2205379640591993 0
613 0.6406485191981325 0.2103200125392137 0
614 0.3109561074865677 0.1577549964524838 0
615 0.3159489649956447 0.1680371042526181 0
616 0.2759889025537258 0.0857430006303902 0
617 0.2645672901781346 0.08492018977334859 0
618 0.2581445369437044 0.0944017239415037 0
619 0.2531446150409731 0.08409837484107985 0
620 0.4729278754044489 0.1298406613922166 0
621 0.6350388081038862 0.08269225543600861 0
622 0.6461661653750758 0.08311656522182448 0
623 0.6518831239614779 0.2110742673665895 0
624 0.6470057088913895 0.2008996306301423 0
625 0.4842780175857544 0.1306623455302902 0
626 0.4778979642074325 0.1400782527099957 0
627 0.5272309632166342 0.3777320398292424 0
628 0.4821898531646145 0.08102913219730845 0
629 0.4935731879101121 0.08185873066751953 0
630 0.49854995272078 0.09212579811573002 0
631 0.5049565220822456 0.08268620420425787 0
632 0.5099279203933673 0.09295378209134597 0
633 0.5163372532720688 0.08351782110295392 0
634 0.6229657757839477 0.2189027727847973 0
635 0.2467207907124759 0.09358185018700382 0
636 0.241719576171412 0.08327651011984827 0
637 0.3728628417546956 0.1720372917323894 0
638 0.425321609494821 0.07688172022779943 0
639 0.4139278320790054 0.07605959915859795 0
640 0.3045465814236895 0.1672200038531051 0
641 0.3095414954292018 0.1775036363153834 0
642 0.521307892494578 0.09378297206292896 0
643 0.5277173100744257 0.08434447631557618 0
644 0.4999885225966149 0.07243421043501264 0
645 0.270990994561499 0.07543893197210705 0
646 0.6582397574263728 0.201648481538771 0
647 0.6533776833593208 0.1914786135187971 0
648 0.6631046083545199 0.2114285174800333 0
649 0.6415005443081004 0.07323431963195176 0
650 0.6527864341047666 0.07375710044119582 0
651 0.320941671470592 0.1783208492873581 0
652 0.3145370406306151 0.1877867102476923 0
653 0.3259346397114438 0.1886033548980924 0
654 0.31953133767278 0.1980658664454323 0
655 0.3309271324441078 0.1988809664218487 0
656 0.3245243067121307 0.2083420864241685 0
657 0.3359195317529927 0.2091581144172986 0
658 0.5884934960556619 0.3046418487326014 0
659 0.2352951934903188 0.09276007334932218 0
660 0.2302928430997345 0.08245346007197651 0
661 0.2402972578181253 0.1030657945785919 0
662 0.2367171640590857 0.07296923679752398 0
663 0.225289865665421 0.07214508934168684 0
664 0.4075185988650639 0.0855183527477813 0
665 0.4025304524136846 0.0752431950839641 0
666 0.489235268818056 0.1408999813694284 0
667 0.4828538739473932 0.1503042611253151 0
668 0.3295165898507307 0.2186154839081504 0
669 0.3409052894084924 0.2194353914822829 0
670 0.5326849958489003 0.09461267171072762 0
671 0.5390946193607449 0.08517307134531199 0
672 0.5341216854675835 0.07490073565496935 0
673 0.5455109713216735 0.07572890817947919 0
674 0.526279909754874 0.1040467640831868 0
675 0.4766670814155426 0.4018885589318821 0
676 0.6646876682207242 0.1922755665007169 0
677 0.6597720265370307 0.1820633265892328 0
678 0.6484330253954652 0.1812541624779046 0
679 0.6548148476503133 0.1718242442010347 0
680 0.3266108356395211 0.09935085615728845 0
681 0.3216302829262612 0.08905328048139249 0
682 0.3330261655940599 0.08989181048221595 0
683 0.328047749077462 0.07958178864489168 0
684 0.3394512197364301 0.08041614119098472 0
685 0.3344654449633323 0.07010897905641972 0
686 0.3230642585193533 0.06928861772591799 0
687 0.3458478599385585 0.07094839343093456 0
688 0.5183919574349521 0.2705331520647163 0
689 0.2188646146412794 0.08163189138205007 0
690 0.2138597729376931 0.07132319496822681 0
691 0.6661772250052818 0.1726467357415903 0
692 0.6612056003904024 0.1623950162774053 0
693 0.4203380382465866 0.06659862485019696 0
694 0.4317375237431113 0.06742313733172078 0
695 0.5405340277599877 0.06544969989764232 0
696 0.5519301272692858 0.06628106088215124 0
697 0.2981357791809536 0.1766873700996852 0
698 0.2931400601967598 0.1663999819073721 0
699 0.3345145631538647 0.2289048873266328 0
700 0.3458952181015348 0.2297006953101779 0
701 0.352287795569273 0.2202540933620957 0
702 0.3572699240520095 0.230512626964381 0
703 0.3508798983291318 0.2399549450681741 0
704 0.3622491990421639 0.2407692540993015 0
705 0.3558627423304809 0.2502069724051948 0
706 0.367228346357801 0.2510182581113758 0
707 0.3608446788693511 0.260456837133345 0
708 0.3722112431176715 0.2612695913380221 0
709 0.2202872632240646 0.06183430346202551 0
710 0.2088556645663877 0.06101231671459395 0
711 0.373613875959445 0.2415821653663871 0
712 0.3707319670713691 0.1223935150196984 0
713 0.6479649966777377 0.06379617384770697 0
714 0.6592346664194786 0.06454097781951007 0
715 0.6371869459947151 0.06289959959561725 0
716 0.6641924209931798 0.07474098833531034 0
717 0.6706149433117559 0.0653879276085706 0
718 0.5569032378638126 0.07656245963803721 0
719 0.5633244606255714 0.06711467869460735 0
720 0.3658236593455029 0.2707079084816271 0
721 0.3771897513971237 0.2715244413741272 0
722 0.6756021799493659 0.07545954356571227 0
723 0.3408816079126969 0.06063463532598723 0
724 0.352266432798241 0.06147445966404685 0
725 0.202428386249394 0.07050214183152781 0
726 0.1974233998370655 0.06019063338790326 0
727 0.3708033578693957 0.2809589515063771 0
728 0.3821681704137916 0.2817647141622341 0
729 0.3885490191169645 0.2723388932833946 0
730 0.3935239721449597 0.2825777506175595 0
731 0.3871493519090257 0.2920008117627381 0
732 0.398498197209974 0.2928118836080171 0
733 0.3921339596071169 0.3022314738316956 0
734 0.4034769062618733 0.3030247409312598 0
735 0.4098262801791719 0.2936210900757947 0
736 0.4147896259367372 0.3038240437282177 0
737 0.4084498540095309 0.3132339922445362 0
738 0.4197507195954989 0.3139977704868639 0
739 0.4260730083397665 0.3046267019258557 0
740 0.4310204093891394 0.3147846952973244 0
741 0.4247140804234341 0.3241380987893462 0
742 0.43595814505764 0.324921546375329 0
743 0.4296570985186317 0.3342754614213353 0
744 0.440893727118612 0.3350354191658769 0
745 0.4471702622432039 0.3257204497140015 0
746 0.4346183000575613 0.3443525543139561 0
747 0.4520835812295832 0.3358032124811616 0
748 0.4583506101245683 0.326518398748889 0
749 0.4632446364589393 0.3365850035076765 0
750 0.6724586923876653 0.1631346245193357 0
751 0.6675779004104261 0.1529405541245683 0
752 0.3998942733665741 0.2731562452881001 0
753 0.537649716034647 0.104876556243072 0
754 0.4570100147701244 0.3458474419179211 0
755 0.4373244271356292 0.3054399355394075 0
756 0.5683010025713533 0.07736651829516145 0
757 0.5747232337748398 0.06794479355612487 0
758 0.4715244440068297 0.1494873980482364 0
759 0.4764776710345043 0.1597048005407669 0
760 0.3636586964490243 0.2210712723400654 0
761 0.4267523465402686 0.05713483628492239 0
762 0.4381600715184906 0.05795914817970216 0
763 0.3508268075109519 0.08126219193254969 0
764 0.2288710008341462 0.1022446934110384 0
765 0.233873348032313 0.1125512777910994 0
766 0.5341571011222049 0.2131863858695979 0
767 0.6166051558141431 0.2282860078415325 0
768 0.6116754407190393 0.2181017318684398 0
769 0.6053576687346549 0.2275434085957875 0
770 0.618017603469967 0.2087015479794468 0
771 0.6067255263368319 0.2079025031251578 0
772 0.5434581214825158 0.1649161121323768 0
773 0.4153460145273453 0.0563113420182475 0
774 0.4654836776102343 0.2278719294403054 0
775 0.4445824800268008 0.2066457259444783 0
776 0.5068731862625784 0.3575514798913826 0
777 0.4846016075434118 0.2690956622682473 0
778 0.4161421048132696 0.1257419783894741 0
779 0.5906564465539549 0.3534434311888857 0
780 0.5842670810918152 0.3627397407283867 0
781 0.5955135703269978 0.3635404015839744 0
782 0.5891100373717972 0.3728530486856817 0
783 0.6003853421404199 0.3736494235151608 0
784 0.5940800162714737 0.3829169300923856 0
785 0.6052777691764564 0.3838588735975615 0
786 0.6116097988248659 0.3744850279193531 0
787 0.6164981667261678 0.3847168431321921 0
788 0.6228440268794724 0.3753050445243473 0
789 0.6277336647499566 0.385456066741064 0
790 0.6340898912105489 0.376113415617174 0
791 0.6389526424074792 0.3863741748904563 0
792 0.6453401068101812 0.376958195550933 0
793 0.6404055697703359 0.3667456673866514 0
794 0.6517006092043541 0.3675980258136741 0
795 0.6566153572654909 0.3778342008901084 0
796 0.5825904773431395 0.382444594101375 0
797 0.6467501298184809 0.3573908860095595 0
798 0.6580636843529952 0.3582466828565701 0
799 0.6531415017332479 0.3480554618674269 0
800 0.6644395242006734 0.3488922390265014 0
801 0.6594954693472128 0.338674324445449 0
802 0.6708027547995995 0.3395207350306842 0
803 0.6658670537476148 0.3293008937810751 0
804 0.6757396423959342 0.3497705050606703 0
805 0.3081303489552238 0.1972546831213964 0
806 0.5396501519673578 0.3595083342887158 0
807 0.3961420478005733 0.08469074476784427 0
808 0.4941854238696768 0.1511250880040009 0
809 0.5005658137444562 0.1417257995368171 0
810 0.5312395583351461 0.114300234722151 0
811 0.5697463114482356 0.05766213475195842 0
812 0.5811494588927566 0.0584965032964942 0
813 0.6436216910659256 0.1713390774048371 0
814 0.5708698624541547 0.1765214603791011 0
815 0.6130659999752484 0.1984966427941415 0
816 0.4184388924381752 0.3334929275053906 0
817 0.2867261453219762 0.1758708350519557 0
818 0.2817291652942645 0.1655790127834991 0
819 0.6772605507285194 0.1730435167265687 0
820 0.6542305527051948 0.05428431391705435 0
821 0.5469543445509348 0.05599361419748949 0
822 0.535549058102724 0.05516309583624129 0
823 0.5149369768989073 0.395465162196254 0
824 0.6771830062215882 0.3301624731811515 0
825 0.6722514681073867 0.3199258898686598 0
826 0.1909943653938507 0.06968167292279015 0
827 0.1859897515235286 0.05936931941614076 0
828 0.1960023716877835 0.07999146281597597 0
829 0.6820144735710738 0.06620763530014462 0
830 0.6770366811462798 0.05595400144436807 0
831 0.5989560489701993 0.393292028664772 0
832 0.6789057671312638 0.1537288676797193 0
833 0.6739813523621667 0.1435004479146068 0
834 0.3444981464122092 0.2494078320856042 0
835 0.6212936486596586 0.3950891934168233 0
836 0.1924185366601784 0.0498777811909053 0
837 0.1809833243250987 0.04905622209851557 0
838 0.3181226307426668 0.2178174689932148 0
839 0.4323973802652542 0.2952770882407668 0
840 0.4436430882113362 0.2960897138813846 0
841 0.347302329273048 0.05115709190272094 0
842 0.3587302604731314 0.05197842893005533 0
843 0.3358866405935388 0.05033031291660334 0
844 0.4695036171624686 0.3273168503846097 0
845 0.2152837252385791 0.05152259029148487 0
846 0.226716710624241 0.05234465784005482 0
847 0.43316987358307 0.04766508718249157 0
848 0.4445832906023903 0.04849053451975383 0
849 0.3586814662861932 0.210818894458433 0
850 0.4651548160437366 0.1588881521382008 0
851 0.4701106539169128 0.1691003572482722 0
852 0.3700471437658426 0.2116333372071341 0
853 0.2824160041588917 0.07626369345489603 0
854 0.2774184311378403 0.06595649697765543 0
855 0.6417996051004662 0.3471408661803341 0
856 0.5194882006634484 0.1828424581378389 0
857 0.6609250130856106 0.3190797181993235 0
858 0.6673057433392566 0.3097038694387177 0
859 0.6786294080783637 0.3105341280909418 0
860 0.6736815366243295 0.3003158385219055 0
861 0.6623606723423576 0.2994907936691182 0
862 0.6687303239313354 0.2901028570403561 0
863 0.6800549094013688 0.2909189564001433 0
864 0.6750996922612099 0.2806991872136557 0
865 0.3594300249683143 0.2801491945532965 0
866 0.4814236651228312 0.1699170343734848 0
867 0.4750581906372534 0.1793032362816048 0
868 0.3807742262385854 0.3014332301924528 0
869 0.4681275063648995 0.3466191758426961 0
870 0.4619290311118697 0.3558403510674516 0
871 0.5795615072469142 0.07828859197471666 0
872 0.4352188121715549 0.2554225558579972 0
873 0.3857637689979301 0.3116700218649796 0
874 0.6626121777739853 0.1426889962097581 0
875 0.6690102654300909 0.133241049437252 0
876 0.6803948815920372 0.1340607679828894 0
877 0.6754119708067572 0.1237910569486449 0
878 0.3614977088931223 0.1712243056850943 0
879 0.2224468566771688 0.1117297797903701 0
880 0.2274493342620814 0.1220359527792221 0
881 0.2388752646775575 0.1228572504090772 0
882 0.288145329084755 0.156106129694745 0
883 0.2767323370015817 0.1552848621562712 0
884 0.270314145507813 0.1647600968052818 0
885 0.2653238678459467 0.154468703849253 0
886 0.4708060062792719 0.08019844537065202 0
887 0.4772621400860148 0.07074728554430643 0
888 0.3911321349982133 0.07441848952350644 0
889 0.6869875313356762 0.07649745460346763 0
890 0.5761703047228603 0.04820252591095314 0
891 0.5875760267268707 0.04903846365156933 0
892 0.5925550155389586 0.05933600527115224 0
893 0.5989830802915062 0.04987769607758402 0
894 0.6801956841626963 0.08545080009206601 0
895 0.1795579259459192 0.06886095247146828 0
896 0.5419745937648972 0.04570107089607245 0
897 0.5305658556129204 0.04486999404897474 0
898 0.6868012203978635 0.1246111088395039 0
899 0.2324516576541302 0.1323410118222154 0
900 0.6017504697090621 0.1976869888293382 0
901 0.5954553333931845 0.207122383180152 0
902 0.5055072271884722 0.1519438771250163 0
903 0.542613726045147 0.1151090342510684 0
904 0.5118921539942876 0.1425552824643652 0
905 0.5069702676331008 0.1323261533830851 0
906 0.3949267641538485 0.2629280043526189 0
907 0.4646135819236627 0.3172469376627617 0
908 0.5962441299124012 0.2759120172756982 0
909 0.5913295308957206 0.2657700009008661 0
910 0.5849983533948342 0.2750923055490607 0
911 0.5800892332302683 0.2649605156747031 0
912 0.5737643747173857 0.2742739613775109 0
913 0.5688573516746944 0.2641502518077357 0
914 0.575174637293736 0.2548269728881329 0
915 0.5639407786833222 0.2540201590309384 0
916 0.5702587575071998 0.2446887161653307 0
917 0.562537495758056 0.2734597184514117 0
918 0.5590164402028159 0.243882107596839 0
919 0.5653360266652296 0.234543400446277 0
920 0.5527029725909578 0.2532121568791855 0
921 0.5674438155436601 0.2835724018092877 0
922 0.5617486977837156 0.08672995695068381 0
923 0.4310956890554839 0.1564433838383457 0
924 0.4011884981859191 0.09495884586546183 0
925 0.3657499817920356 0.11214507474034 0
926 0.6192614806986143 0.1409006042021211 0
927 0.2659899053530657 0.06513288401602468 0
928 0.2724165324740438 0.05564753176790044 0
929 0.2838471264773024 0.05647230479833132 0
930 0.2788457889061601 0.04616151400330493 0
931 0.2902760008503063 0.04698684758807042 0
932 0.2674142122905039 0.04533652863664123 0
933 0.6864332375686978 0.2815151895509909 0
934 0.681473447888256 0.2712891742627294 0
935 0.4005388026420338 0.1838549870491225 0
936 0.5649594298730536 0.3224768617883121 0
937 0.392013950821235 0.1437544448328027 0
938 0.4941969343494715 0.2202119532941565 0
939 0.5727806726270737 0.3619631994268935 0
940 0.6179234782755817 0.365102057089187 0
941 0.4757759312088558 0.3180347536411421 0
942 0.4806440989233238 0.3281079613426816 0
943 0.4708850602396272 0.3079756475490801 0
944 0.384744950292834 0.08386899843944795 0
945 0.2217128304234451 0.04203117805929424 0
946 0.2331443826515454 0.04285515024499598 0
947 0.6884403913125092 0.05678860911159139 0
948 0.6834633712162794 0.04649760331425701 0
949 0.6918974668871472 0.08673923482704171 0
950 0.5930306526037539 0.1093031234694269 0
951 0.6574135831016789 0.2892867594657939 0
952 0.5626592240494883 0.1368134066496714 0
953 0.5360445473705416 0.1244847514862191 0
954 0.6039598384749392 0.060175554974499 0
955 0.6103936394890103 0.05071581090497684 0
956 0.6304392712304974 0.1416106134518157 0
957 0.6578096517695572 0.1323364499824707 0
958 0.6081075911857665 0.1882858620783877 0
959 0.1874133573028332 0.03956357339737859 0
960 0.1759772962619804 0.03874184595248964 0
961 0.1695477035596736 0.04823505022159891 0
962 0.1645411304919192 0.03792063083511371 0
963 0.3744885337395084 0.3108274928042093 0
964 0.2589051956869705 0.1639472115431728 0
965 0.2638960033576568 0.1742397921065158 0
966 0.6926404980315788 0.135961320951191 0
967 0.6241875803746282 0.1511333413295358 0
968 0.342313157708384 0.04084848295020732 0
969 0.3308950118876443 0.04002848324684322 0
970 0.6913938073159311 0.2917439332187018 0
971 0.1581118793572525 0.0474137210870782 0
972 0.1531043817481899 0.03709953491789009 0
973 0.6054143711877646 0.04041291262024771 0
974 0.6168302975842781 0.04125239984040802 0
975 0.5369904122046927 0.03539971413519055 0
976 0.5484006413104277 0.03623452190510712 0
977 0.4387247333738717 0.2859387635932196 0
978 0.4499718454556431 0.2867380516869518 0
979 0.4637524809890158 0.1784877838940869 0
980 0.4686984495687402 0.1886856545705893 0
981 0.3650741456720983 0.201385803318503 0
982 0.3764341669384949 0.2022074490490283 0
983 0.3814048476385826 0.2124472165794794 0
984 0.4062582861676867 0.2636963466189526 0
985 0.4012932221249538 0.2534846290861811 0
986 0.4601950893203762 0.1486719239437558 0
987 0.6510510271514975 0.2986641589743707 0
988 0.3373316963627068 0.1894120403811875 0
989 0.5976514072895531 0.2564344189487391 0
990 0.2681461024870689 0.1149974838396201 0
991 0.5035234586868138 0.1023916228182147 0
992 0.3102286813377508 0.08822496588339268 0
993 0.354363527240269 0.1113039243741321 0
994 0.3337563518079539 0.1593711528714045 0
995 0.6194262869625926 0.1890939020224569 0
996 0.2959750669122111 0.1269183056791542 0
997 0.2952765715880681 0.05729738654681682 0
998 0.4416809989135553 0.08798705373282173 0
999 0.4395905011626898 0.03819038525552243 0
1000 0.4510084915498804 0.0390178581208907 0
1001 0.4281722632555766 0.03736572067244937 0
1002 0.5241411857826568 0.05433561797656866 0
1003 0.5191555941722461 0.04404179316239426 0
1004 0.2717357995799768 0.1449866646644586 0
1005 0.2603244724653833 0.1442068519909285 0
1006 0.4559944823327993 0.04931486635921178 0
1007 0.462425753747985 0.03984500658845413 0
1008 0.3016973630971698 0.04781650037493496 0
1009 0.5765905418072036 0.2353523130228058 0
1010 0.5717774782269243 0.2252703674733452 0
1011 0.2160223170970377 0.12121521425351 0
1012 0.2110195318146199 0.1109085114475872 0
1013 0.5562112219807167 0.2827444442446927 0
1014 0.5611264581385287 0.2928503807128268 0
1015 0.3771350730310577 0.1129733146664523 0
1016 0.4862924322083125 0.1801643682049712 0
1017 0.3797629213362625 0.07361462045702527 0
1018 0.3861423768434187 0.06413030488146237 0
1019 0.5825873271467805 0.0388503444738818 0
1020 0.6144582686814143 0.1790618234144547 0
1021 0.6701370071518298 0.2704747267895933 0
1022 0.6765081044718896 0.261059898722403 0
1023 0.6895052629473573 0.2615024102241099 0
1024 0.6828842220119856 0.2516443481030863 0
1025 0.6715395884582013 0.2508305239835583 0
1026 0.6779134798608083 0.2414095885824581 0
1027 0.6890334732980812 0.2420646519079973 0
1028 0.684250448748705 0.2319545242612273 0
1029 0.6956035248916476 0.2327611963377814 0
1030 0.6906545175701495 0.2225346358513706 0
1031 0.5817783725156107 0.1085494037064904 0
1032 0.5168326312573164 0.152757892066496 0
1033 0.47300504560539 0.356607179999084 0
1034 0.4667949780044204 0.3657974085485463 0
1035 0.4557620125355014 0.3650446393527496 0
1036 0.4606198289427725 0.3749682212218934 0
1037 0.449608714982323 0.3742207205081255 0
1038 0.4544530612769059 0.3841220871311085 0
1039 0.4434656342325267 0.3833815364278054 0
1040 0.4385911138429568 0.3734756911435598 0
1041 0.4483283112101542 0.3932518405130374 0
1042 0.2967045303735366 0.03750071211859773 0
1043 0.5477764701594097 0.2430840278129216 0
1044 0.5414738035834039 0.2524105333750118 0
1045 0.5607704380036895 0.224491230285938 0
1046 0.2275259816742692 0.032837520401509 0
1047 0.2386024902925315 0.03226684334002267 0
1048 0.681799896620833 0.1145631338397493 0
1049 0.693178480573587 0.11568922376097 0
1050 0.5904453606269042 0.1968846280059907 0
1051 0.670422889568138 0.1135571699305105 0
1052 0.2738438834779949 0.03584831259136784 0
1053 0.4328286889415163 0.3827327563725479 0
1054 0.4276822211905327 0.3726380069833154 0
1055 0.6948713903335733 0.04733588488381812 0
1056 0.6898619065543585 0.03745128522868196 0
1057 0.6772623836805142 0.03644679488312541 0
1058 0.6977778547871231 0.2823314542695062 0
1059 0.6998465393620207 0.05763455864394851 0
1060 0.3794000858104157 0.3211137053718851 0
1061 0.4820472751152803 0.3087605541854108 0
1062 0.471614731618505 0.37573318382565 0
1063 0.4345958414212836 0.02788476887047908 0
1064 0.477156689403027 0.2987015719500816 0
1065 0.2166063450562157 0.03176713403084275 0
1066 0.1595342679680115 0.02760540842593795 0
1067 0.4573988919025078 0.1878735907016671 0
1068 0.4623475763914902 0.1980620705035902 0
1069 0.4736344805005797 0.1988744366505594 0
1070 0.4524456101571681 0.1776749774343966 0
1071 0.4792149437339253 0.3474075279590089 0
1072 0.5232192435313562 0.1433802877888753 0
1073 0.4112257618117537 0.2738896235011989 0
1074 0.5843269205717886 0.2062641112417543 0
1075 0.546388816956262 0.2625260533185784 0
1076 0.3907554272658774 0.3219160833636753 0
1077 0.3843826700575664 0.3313620579533386 0
1078 0.3957337590721774 0.3321592563336871 0
1079 0.5198612060619356 0.1134720459331058 0
1080 0.499039787183732 0.1614260467736917 0
1081 0.5490140422037237 0.105704214897313 0
1082 0.6461240346795569 0.2884775673600466 0
1083 0.5975334349628264 0.06959581300854317 0
1084 0.1631185006411501 0.05772702231951132 0
1085 0.2381442922510862 0.05317214087727873 0
1086 0.5883889769398636 0.1678304178758855 0
1087 0.3821162273606639 0.1232187164148124 0
1088 0.4431200921106667 0.06826065389916502 0
1089 0.4538324389103071 0.1580736622651392 0
1090 0.4906745670649859 0.1212454715565179 0
1091 0.3607458847272461 0.101884585267807 0
1092 0.2917237316062393 0.1861617411424379 0
1093 0.2803111720706036 0.1853451813116243 0
1094 0.2853093793058153 0.1956390669697009 0
1095 0.2734389039412292 0.1951047390473957 0
1096 0.2788945449419687 0.2051187704925778 0
1097 0.2903106500106903 0.205934902144251 0
1098 0.5537237443599995 0.1161774474301674 0
1099 0.3059664695740337 0.1474721280074381 0
1100 0.4175329657677421 0.1060509880805799 0
1101 0.6152295709727559 0.2478662031470852 0
1102 0.4673987469252761 0.05014270526760223 0
1103 0.4738440725338798 0.04067494919936721 0
1104 0.4688529728395918 0.03036845953796852 0
1105 0.4802755011248108 0.03119920160382039 0
1106 0.4852676670912988 0.04150610811226663 0
1107 0.4916982577001332 0.03203107889595175 0
1108 0.2624137122824438 0.03502464233883718 0
1109 0.46895145362841 0.2579082946422838 0
1110 0.3644171382619513 0.2904001436505476 0
1111 0.3530784997103753 0.2889376453857874 0
1112 0.3480506415500373 0.279220162446325 0
1113 0.3565682623001848 0.3000058013552163 0
1114 0.5127329779333741 0.05351006691085808 0
1115 0.5711705173120015 0.03818145417452168 0
1116 0.1519294710675997 0.05678597652276973 0
1117 0.3244886865305575 0.04951153573393108 0
1118 0.6665935773580941 0.2405886326255073 0
1119 0.3877839478270261 0.2030281029882685 0
1120 0.3927474148544647 0.213263369759487 0
1121 0.3863741944282947 0.2226760944588199 0
1122 0.3977108596803489 0.2234900101145238 0
1123 0.3828112279637342 0.1927390859382883 0
1124 0.3913394527361793 0.2329011040126213 0
1125 0.4026744238682633 0.2337101448708024 0
1126 0.308109712905351 0.03852719609696797 0
1127 0.6018093587266764 0.3542761413914651 0
1128 0.5571151261964946 0.3510367689625341 0
1129 0.4658594818119429 0.06991754283411511 0
1130 0.608937151881738 0.07042474511720587 0
1131 0.3885183127876078 0.1137955746299503 0
1132 0.3934836158263842 0.1240472129950317 0
1133 0.4126666527008339 0.2541909045395125 0
1134 0.5829308176424269 0.2260066494979198 0
1135 0.5878140255141553 0.2361717223524988 0
1136 0.5258358142008301 0.1734799779579005 0
1137 0.6118560128776402 0.03084711000384177 0
1138 0.6232772504132412 0.03167232564101052 0
1139 0.6282538859411847 0.04203217188931208 0
1140 0.6345594482166895 0.03266214250404903 0
1141 0.2667459950126059 0.2058912400952343 0
1142 0.3733805049190638 0.08304905711347788 0
1143 0.3684555143181565 0.3202158391851878 0
1144 0.5882043937559953 0.09913621401913841 0
1145 0.6000241896210005 0.03021481131532572 0
1146 0.3417178880820712 0.2880779199550898 0
1147 0.3363157296705704 0.2779808391308618 0
1148 0.6524595080421539 0.2791742886254605 0
1149 0.6983765873019218 0.0773618946390916 0
1150 0.7033458365196761 0.08765866966259162 0
1151 0.2529016011896094 0.1737096117900643 0
1152 0.2482436984936449 0.1633554531372041 0
1153 0.5753353377918554 0.1179450794910362 0
1154 0.5599670118822009 0.106744757510685 0
1155 0.55189715154872 0.2048583283420668 0
1156 0.7017035838757946 0.2235038224168582 0
1157 0.6969961134026444 0.2131244758040497 0
1158 0.6857039441464903 0.2122796013622129 0
1159 0.6920656747209334 0.2028487324204648 0
1160 0.562774858337152 0.2051571483076036 0
1161 0.5793017280290689 0.1961149755459286 0
1162 0.4839311529280946 0.3573093088606161 0
1163 0.4901437903124186 0.348103737546968 0
1164 0.635171514491198 0.1515571094692168 0
1165 0.2838968377705993 0.21541531453416 0
1166 0.2953112608573891 0.2162298689253539 0
1167 0.2230830249222849 0.02178664810168685 0
1168 0.1823942433999602 0.02942921925386704 0
1169 0.1938411808882305 0.03010060027420641 0
1170 0.6025048246613022 0.0799241155792359 0
1171 0.7032872540605443 0.2038286831309005 0
1172 0.6984515009223737 0.1933942243140173 0
1173 0.6869917431921265 0.1928984363040785 0
1174 0.6934433098465517 0.1833211571105145 0
1175 0.6364540078647445 0.1317005050075228 0
1176 0.7012060572962312 0.2443430874130627 0
1177 0.4450574999472299 0.276401813630672 0
1178 0.4563041947243905 0.277177129751608 0
1179 0.4337922980114244 0.2757929457528707 0
1180 0.3373109747422394 0.03061518778436567 0
1181 0.3487455855149179 0.03136378268629308 0
1182 0.325366327050052 0.03006195980745485 0
1183 0.2570682593774405 0.1837495670928208 0
1184 0.5028154308827147 0.4132750762884949 0
1185 0.70104495847423 0.0377704221437557 0
1186 0.302837112916955 0.02836805716397628 0
1187 0.3896444740204202 0.3414563151899892 0
1188 0.4007471392477548 0.3423628386369986 0
1189 0.3946639808211856 0.3522506079398858 0
1190 0.4056718636995041 0.3525951267269942 0
1191 0.6602064722031313 0.2501229656126739 0
1192 0.4591911484026531 0.3936285052622139 0
1193 0.4531417466095043 0.4030975198191402 0
1194 0.4424835624368433 0.4022740625832366 0
1195 0.6397442954459731 0.2979585885913503 0
1196 0.6446963292751645 0.3080572995852576 0
1197 0.6282433289525839 0.1611235734934708 0
1198 0.6172413773843672 0.1602157383888533 0
1199 0.4090707373580915 0.2242743056546187 0
1200 0.3664799732976772 0.1815501198073836 0
1201 0.5723253627997338 0.2936724340927495 0
1202 0.5660284540677306 0.3029492304507835 0
1203 0.5548969696938897 0.3021561629978513 0
1204 0.4672875571216615 0.2082320090043441 0
1205 0.4488642693254814 0.1478578155644715 0
1206 0.3899423242317949 0.2526305939169815 0
1207 0.1894632048139195 0.01985470535580608 0
1208 0.3551115042559325 0.1807163128768832 0
1209 0.3537027628626964 0.2005268916883027 0
1210 0.4597346111049602 0.3071255300476824 0
1211 0.5899169437843136 0.2852372211873758 0
1212 0.204651460549493 0.120292357805499 0
1213 0.1995962910777716 0.1101351186055373 0
1214 0.2060176427175098 0.1006104839279248 0
1215 0.1945892815021805 0.09979098954001364 0
1216 0.1881591154521359 0.109340910491302 0
1217 0.1833929195897737 0.09886298798733195 0
1218 0.4552177274645911 0.1384433671335097 0
1219 0.4611842873276858 0.2875800175745525 0
1220 0.4673539401230913 0.2783631442209464 0
1221 0.3493771282678468 0.1010240754251606 0
1222 0.3501307835820349 0.1704218414881341 0
1223 0.5177333100089091 0.06379887662509554 0
1224 0.6257922207827245 0.1797933930759226 0
1225 0.2559895288916186 0.04451572127645653 0
1226 0.5994519177991597 0.09992366020403076 0
1227 0.3429786141187713 0.1104775273321318 0
1228 0.3066872361960015 0.05813616788982046 0
1229 0.3002623567068712 0.06761346881343455 0
1230 0.243881107137491 0.1331501153336824 0
1231 0.2374551841557038 0.1426328137956395 0
1232 0.2260285750711479 0.1418232951680585 0
1233 0.2310312736195298 0.1521299774641786 0
1234 0.2503070459818481 0.1236583091906154 0
1235 0.635688540208864 0.2000996302747222 0
1236 0.4594409619956048 0.07937984640091389 0
1237 0.2731453526558615 0.1252911271786184 0
1238 0.343054508962221 0.2690439631174315 0
1239 0.3316537027055136 0.268223887004557 0
1240 0.3834775207361061 0.1035778083686192 0
1241 0.4231426682262182 0.02744261064867159 0
1242 0.4167411033723752 0.03660719792992329 0
1243 0.4120779627344739 0.02695367766879453 0
1244 0.4053696005378988 0.03585238039592598 0
1245 0.4337217155766834 0.3634911579460644 0
1246 0.4226248007849451 0.362789367994318 0
1247 0.4166586022956904 0.3725118986383619 0
1248 0.3998559236834437 0.1146519565215601 0
1249 0.3684960511113786 0.07274313028944712 0
1250 0.4966233297333045 0.04238884671545207 0
1251 0.4901888976391084 0.0518623979047752 0
1252 0.5030430654352267 0.03292480777393725 0
1253 0.4983645368326054 0.0220932605206472 0
1254 0.4784614483047469 0.2091697401760278 0
1255 0.4847888080157609 0.1998430449512268 0
1256 0.1484289513432205 0.02700922816263041 0
1257 0.1417229642671772 0.03631615026623047 0
1258 0.1374658737109499 0.02647873547703283 0
1259 0.5147911716900105 0.1726056689343821 0
1260 0.5084189496953436 0.18208283484637 0
1261 0.7023800907068674 0.2927452164412915 0
1262 0.6962917646629301 0.3020078801996214 0
1263 0.7072761992850293 0.3030228480985356 0
1264 0.7012298433170299 0.3122715447271124 0
1265 0.5351710689240106 0.2617221801595775 0
1266 0.5401656119499747 0.271782010267957 0
1267 0.5302580920611327 0.2516155856102409 0
1268 0.2894296535331168 0.2254528421272975 0
1269 0.300401126556485 0.2264827786967945 0
1270 0.5279879656314785 0.153781558835865 0
1271 0.5342534646975305 0.1443933366772728 0
1272 0.6410924344915792 0.2786156041893448 0
1273 0.5433206607153365 0.02628221784786888 0
1274 0.5542447594103102 0.02752119456354629 0
1275 0.5319801551802972 0.02571291303424539 0
1276 0.291627434572549 0.02762665337084769 0
1277 0.5517414204542319 0.1358984976942735 0
1278 0.694952566445549 0.02703154516386369 0
1279 0.7077401891559554 0.02840964503504551 0
1280 0.5861162418608322 0.1869135308973119 0
1281 0.6517961948853185 0.1418135368110067 0
1282 0.5773594403428746 0.09820256524505422 0
1283 0.5767422448020789 0.0291108210195461 0
1284 0.1569194543538874 0.06710694536179462 0
1285 0.2097668607078406 0.1301598792325198 0
1286 0.6771927889877212 0.1046135599416689 0
1287 0.6656862320222591 0.1032535706415151 0
1288 0.6594456503462782 0.112752865625702 0
1289 0.6965215767080487 0.0970524701026807 0
1290 0.6393220690825815 0.04314809408418446 0
1291 0.6461097510911384 0.03347190063698785 0
1292 0.1301815468343476 0.03441601961327789 0
1293 0.4011925769071291 0.02609583828599532 0
1294 0.3940432415084515 0.0350368219385635 0
1295 0.3989322296860586 0.0452471280459984 0
1296 0.3875047862472608 0.0444127233621453 0
1297 0.3824932272670862 0.03410804401067458 0
1298 0.3760370816728986 0.04356843751955775 0
1299 0.3710582890374412 0.03325396935026886 0
1300 0.377301370798145 0.02385546059690752 0
1301 0.4302633195953766 0.01823412195269525 0
1302 0.1252240270548192 0.02514440809033713 0
1303 0.7046034479821078 0.1837034754852339 0
1304 0.6998431609490765 0.173675281595764 0
1305 0.7111419116725082 0.1745856915840327 0
1306 0.7067025718051837 0.1648116788372358 0
1307 0.6948935499781852 0.1638092851860397 0
1308 0.70128904678157 0.1539732341547302 0
1309 0.6031411873979653 0.1780694443504394 0
1310 0.1552358119265913 0.01767304594485813 0
1311 0.5094646133976439 0.02402353344515584 0
1312 0.7083460575134394 0.09731853498777121 0
1313 0.7145380651030833 0.087493604939823 0
1314 0.4662776671483996 0.4130771910328223 0
1315 0.5370165743287656 0.01753872238701948 0
1316 0.2688242732274356 0.02579090794315331 0
1317 0.2563195119339468 0.02434061461714432 0
1318 0.710121039091194 0.2839109541202133 0
1319 0.7040009040104187 0.2735396673405789 0
1320 0.133454249690531 0.04578068183524669 0
1321 0.3656802581427493 0.02049358539073842 0
1322 0.4508848616622537 0.4239726980278727 0
1323 0.7117723817247495 0.3127864220723624 0
1324 0.7055417168658895 0.3220684568044453 0
1325 0.6947830599963695 0.3215803022409023 0
1326 0.6997321557674905 0.3318392367398906 0
1327 0.09397878274501681 0.009578798619199358 0
1328 0.6285653865274032 0.02144037333298732 0
1329 0.2460535943228723 0.1829025475369749 0
1330 0.3995079901370488 0.3630458128800404 0
1331 0.3434097752472213 0.02097661612543084 0
1332 0.3779922786468388 0.3406873296722657 0
1333 0.2196054505594661 0.1513100469693932 0
1334 0.4759087460685684 0.02056486724852502 0
1335 0.4638534361383048 0.02005917531290674 0
1336 0.294178239011069 0.2358721618041139 0
1337 0.3053770582588745 0.2367942250888785 0
1338 0.2989556850232148 0.2460904387764044 0
1339 0.3103311936364529 0.2470890240242114 0
1340 0.3167378823933571 0.2376156801211171 0
1341 0.321727948872148 0.2478926699610781 0
1342 0.315803025883267 0.2579152698836131 0
1343 0.7031603152947544 0.01832049472924474 0
1344 0.606493763307593 0.02053884346091361 0
1345 0.4980968278916288 0.4246801502051354 0
1346 0.3746191078781368 0.01226224034475232 0
1347 0.2004587755651623 0.02051362828759312 0
1348 0.507285734077807 0.01186798311836951 0
1349 0.4882865243329331 0.2993833408320365 0
1350 0.4933669656809507 0.30929788354196 0
1351 0.1769559165689981 0.1074208674349364 0
1352 0.5949576756018076 0.08962263884837257 0
1353 0.7193307323811029 0.3029902004229088 0
1354 0.4468476744899211 0.4123045101144692 0
1355 0.4626040368772664 0.2676852923618871 0
1356 0.4952103302394658 0.3574412738417216 0
1357 0.4401141105978793 0.2660887145870643 0
1358 0.4288480539164117 0.2649520436287763 0
1359 0.7116268740495683 0.331840393371131 0
1360 0.7044996927514351 0.3419348255685884 0
1361 0.6933893416390636 0.3412685160436995 0
1362 0.6983583515662014 0.351548623949392 0
1363 0.1800044849573138 0.1192929605679974 0
1364 0.2965693126637 0.01862191345792957 0
1365 0.4830686545856893 0.2892304735258777 0
1366 0.4416713401691987 0.01883170393940214 0
1367 0.5597360811264238 0.3122020130228603 0
1368 0.5486819863066095 0.311459095082345 0
1369 0.4121504423891738 0.3430231796870421 0
1370 0.4720711663316843 0.2184886847127059 0
1371 0.4997403663808677 0.2994116072669523 0
1372 0.4559659883201518 0.2074334128076319 0
1373 0.7106001633461404 0.3528984556917407 0
1374 0.7031135420380967 0.3621180485301475 0
1375 0.6919647043327763 0.3610580837602332 0
1376 0.6969170676972007 0.3713273971926916 0
1377 0.6856109242841448 0.3704372475195867 0
1378 0.6905547241698173 0.3807019713085004 0
1379 0.6792083522428383 0.379853900889019 0
1380 0.684147550263067 0.3901201061044022 0
1381 0.6949264557117891 0.3913021490786764 0
1382 0.6889801122871275 0.4004549287359721 0
1383 0.6777071568226213 0.3995581664137475 0
1384 0.682659750668844 0.4098313829030468 0
1385 0.6713033569564104 0.4089680532680945 0
1386 0.6663677068808119 0.398703510493564 0
1387 0.6599663447894093 0.4081026816678539 0
1388 0.6648935121430306 0.4183476145140838 0
1389 0.6535642055966118 0.4174873761532119 0
1390 0.6486475451450219 0.4072573657811248 0
1391 0.6422581015014251 0.4166288415548462 0
1392 0.6939759249438683 0.4107237527442283 0
1393 0.6373690359814095 0.4063120074041961 0
1394 0.630963385851805 0.4157585418875053 0
1395 0.6742693220415942 0.3695758424771799 0
1396 0.6875940613658571 0.4201012413709361 0
1397 0.6356886300308766 0.4261017015737151 0
1398 0.6243121640934909 0.4253087883646082 0
1399 0.619629684194599 0.4149547700413618 0
1400 0.6131538564808255 0.4243776317698516 0
1401 0.6084392110119363 0.4140270488402825 0
1402 0.6016545257167361 0.4237124336926517 0
1403 0.597280174787192 0.4131346464503681 0
1404 0.5907607489895241 0.4225510946331053 0
1405 0.5860291702994234 0.4123022345679223 0
1406 0.5795064260142742 0.4216948029414978 0
1407 0.5751187897073174 0.4112945643453946 0
1408 0.5812207889256986 0.4021165402793738 0
1409 0.5698526625151528 0.4012890278478564 0
1410 0.5636435659247627 0.4118696193852585 0
1411 0.5585647760427538 0.4005400401290842 0
1412 0.5520714737366994 0.4096381453035096 0
1413 0.5473925740657891 0.3996399595244727 0
1414 0.5537379325854855 0.3903798211423561 0
1415 0.541139263798291 0.4083434269621609 0
1416 0.5448386507488486 0.4181290455049215 0
1417 0.5362947095902875 0.3985129873980605 0
1418 0.5300665848864805 0.4067542921641085 0
1419 0.658333307925445 0.4278381645617597 0
1420 0.5712766101037942 0.4285728113642033 0
1421 0.7078942389503432 0.3718416566920796 0
1422 0.5628845607348728 0.4230750875001016 0
1423 0.576223232950401 0.3918736854452917 0
1424 0.614909119177191 0.404598790993992 0
1425 0.6438064354964357 0.3967423748314139 0
1426 0.5876837065054118 0.392554473756687 0
1427 0.5713294826261847 0.3815499864597552 0
1428 0.5942033292743292 0.4340752303690262 0
1429 0.6697954738262411 0.4285869752716317 0
1430 0.6990262329795377 0.419856316428508 0
1431 0.7046954619637361 0.4108572001588647 0
1432 0.6730516185753767 0.0944015343310548 0
1433 0.661864521892699 0.09322263897211014 0
1434 0.3941708699211685 0.1936087504719506 0
1435 0.4005390786222738 0.3843149533325329 0
1436 0.4048535964798958 0.3735310839190171 0
1437 0.3865186401591696 0.3636442694204149 0
1438 0.4117057716817778 0.3825725102696391 0
1439 0.4176543674228137 0.3917750937017088 0
1440 0.4460926757217127 0.1870643252519661 0
1441 0.4411128590217711 0.176842942437867 0
1442 0.4297316807147061 0.1759896411360476 0
1443 0.4891548073671919 0.2793635495259231 0
1444 0.610004614090952 0.1690261452938824 0
1445 0.3778388350237616 0.1823511192980727 0
1446 0.6169960318574004 0.4356496164963896 0
1447 0.701902272008582 0.1074236235070568 0
1448 0.5772301508027723 0.3037811714153139 0
1449 0.4076630867356151 0.2441025053767388 0
1450 0.4190127087770233 0.2446837133948284 0
1451 0.5372866735714414 0.4334232219853757 0
1452 0.5321503089082936 0.4228538433733285 0
1453 0.5184146746409795 0.4239882335120131 0
1454 0.5486268754908362 0.4341780702163922 0
1455 0.3600937405636785 0.1910453364276947 0
1456 0.1665403767089451 0.01857624330898044 0
1457 0.5295033701295819 0.1339512353046294 0
1458 0.4425073064332758 0.157258988778282 0
1459 0.4653170407975719 0.3847383753721252 0
1460 0.4769156635220841 0.3848633277499017 0
1461 0.4830341433310515 0.3757122399517156 0
1462 0.3963108683774654 0.2431696703761267 0
1463 0.6393415141977538 0.4370393042280181 0
1464 0.4514124078984582 0.2664054761983304 0
1465 0.3437338791748321 0.1798898438965308 0
1466 0.4021054152944306 0.3227369700183792 0
1467 0.5925158650116127 0.4028102577566853 0
1468 0.564953948086704 0.390867126797344 0
1469 0.5600968148051114 0.3807547954816098 0
1470 0.5489300681232525 0.3801821922597602 0
1471 0.5550349063306566 0.3708340983918909 0
1472 0.5442527576809727 0.3698871391642363 0
1473 0.5662721229457925 0.3714480895333933 0
1474 0.5426555489732845 0.3895087774003801 0
1475 0.5317687041169199 0.3880442640400038 0
1476 0.3281313092064197 0.238436635928558 0
1477 0.5513065846893574 0.2726313126925789 0
1478 0.5450101332024734 0.2819092844911787 0
1479 0.5340362997481629 0.2812863477853546 0
1480 0.5499917193070092 0.2920601316585325 0
1481 0.4777566325308604 0.3663438044796854 0
1482 0.4071002324855527 0.3328570989343551 0
1483 0.4235549748623687 0.3436399682833597 0
1484 0.4458933093822925 0.3450902393923735 0
1485 0.3800083712820931 0.2320907782630905 0
1486 0.5777249790009671 0.3721664431559142 0
1487 0.4854520687074831 0.338148626147832 0
1488 0.4964281409927593 0.3389189536065187 0
1489 0.4374871974827471 0.1470381205149703 0
1490 0.4736031525892915 0.2685140897204258 0
1491 0.6727928425968638 0.3892794701935063 0
1492 0.6614267229402925 0.3884565620311548 0
1493 0.4048600816650777 0.2833794621158905 0
1494 0.4161796113592925 0.2841124751374089 0
1495 0.4225396361733641 0.2744574544036882 0
1496 0.4422576823026929 0.3155890892464734 0
1497 0.4869553795372328 0.3187854375897664 0
1498 0.4980859220917634 0.319601282488613 0
1499 0.4917469259368265 0.3289115713134352 0
1500 0.5028770432130872 0.3296824814991822 0
1501 0.50800046377607 0.339189129547714 0
1502 0.5144566070432838 0.3295380393846338 0
1503 0.4925718246410925 0.1708813322300258 0
1504 0.6102789709566515 0.2376923090357775 0
1505 0.4508722078912017 0.3550873455518018 0
1506 0.3971142219061266 0.3124688803757543 0
1507 0.601173304301977 0.2860558065299963 0
1508 0.4377413076670363 0.392699318117418 0
1509 0.4312142932841348 0.4029166186720948 0
1510 0.5576223333921083 0.2633332753634048 0
1511 0.7208087410123262 0.2799893059746159 0
1512 0.4140354427453901 0.2344909326739107 0
1513 0.5552277291256453 0.09621757828841071 0
1514 0.7208818021579615 0.2571846519356233 0
1515 0.7109250721988457 0.2514392513599193 0
1516 0.7100649747777034 0.2639884708771556 0
1517 0.70071907392626 0.2566314086608852 0
1518 0.6806645002842149 0.36017160237233 0
1519 0.4549079760627994 0.296864532495222 0
1520 0.6261260551729629 0.4053793772770763 0
1521 0.3686375019223633 0.2313223180570546 0
1522 0.5835845207629985 0.2945205411436042 0
1523 0.5821141843689194 0.3139120593797046 0
1524 0.3487194432882531 0.1901910031038964 0
1525 0.6559875554305632 0.3088701116794603 0
1526 0.6496163319314154 0.3182340273326301 0
1527 0.6383356310553203 0.3174680290729593 0
1528 0.6432446867383659 0.3275839664177514 0
1529 0.6319725732600601 0.3268167555811358 0
1530 0.636887502934671 0.3369288857191267 0
1531 0.6256014404522141 0.3361505345870983 0
1532 0.6206574548036871 0.3262567186741673 0
1533 0.6305176956104065 0.3462416741708929 0
1534 0.6192673534496747 0.3455372197309494 0
1535 0.6354309438322084 0.3564745860753198 0
1536 0.6481828469026258 0.3378046960152913 0
1537 0.6545552336254742 0.32844627103192 0
1538 0.3785889259562099 0.2518226115256087 0
1539 0.4040822406305042 0.2140490595689298 0
1540 0.655074865847488 0.3977278612443544 0
1541 0.6651848602526428 0.260248741100121 0
1542 0.6588326601103975 0.2697690567635787 0
1543 0.687044525304211 0.3507169137154386 0
1544 0.5148984066304266 0.1032165940196182 0
1545 0.5084809003374917 0.1126513008669635 0
1546 0.5134460990619021 0.12290403539574 0
1547 0.4971247292434352 0.1118251713751708 0
1548 0.3423180422834058 0.1996944975173751 0
1549 0.3017199087877374 0.2067393351310756 0
1550 0.5365490345563342 0.2423000746015889 0
1551 0.5428411594564978 0.2329611078474406 0
1552 0.3636440463599515 0.0623427196445609 0
1553 0.5782298343460176 0.2157843944164617 0
1554 0.5892528896858418 0.2165671731301083 0
1555 0.1931206219087869 0.1196039321352729 0
1556 0.3117310340244378 0.227345570570332 0
1557 0.6127923769983239 0.1501405786268995 0
1558 0.3811666262517619 0.0538574645779919 0
1559 0.4921399618070878 0.1015594881216839 0
1560 0.4788256842801661 0.05098221745185982 0
1561 0.4837144239724832 0.06131291725160282 0
1562 0.7207780937734066 0.3594929584366394 0
1563 0.2488930862984178 0.1434261803039029 0
1564 0.4510074671799762 0.1972454447980708 0
1565 0.4494641076109765 0.2168380860717208 0
1566 0.719091123768641 0.2340063481938003 0
1567 0.7201892068529784 0.2216249921423062 0
1568 0.4799582702103976 0.1895362273666178 0
1569 0.4911208866524377 0.1904842916549569 0
1570 0.3842160954112662 0.1728972456877721 0
1571 0.6078903997061584 0.1400259619253413 0
1572 0.3557605869277733 0.09159240073929564 0
1573 0.6564900417778844 0.1520361254204445 0
1574 0.5389745020341237 0.2914503594328754 0
1575 0.6790020027725565 0.009843217680034266 0
1576 0.6728586564271797 0.01953843129779953 0
1577 0.6618716500555286 0.01986965035695099 0
1578 0.6683183145464002 0.02898096986721233 0
1579 0.6561672662649084 0.01003773180557488 0
1580 0.6506898648741316 0.02053772597739001 0
1581 0.6848083014697499 0.01986510702911853 0
1582 0.1681619929807093 0.06802056670253043 0
1583 0.1620811163113626 0.07734178240056627 0
1584 0.1731983874044428 0.07831621434027314 0
1585 0.1666722683499123 0.08773218030213237 0
1586 0.1552695813742136 0.08701790301040846 0
1587 0.1845778656525304 0.0791645833324619 0
1588 0.3714553482432408 0.1918798189731618 0
1589 0.6152301816244398 0.0609141381195718 0
1590 0.6198680676606743 0.0714029567265837 0
1591 0.4502303214604132 0.1281996610328957 0
1592 0.6637787957664343 0.2799178126497397 0
1593 0.7208659999981442 0.3833132325006472 0
1594 0.7118215464810501 0.3887357459726328 0
1595 0.7112318094489222 0.4006297204680571 0
1596 0.3849645994795925 0.2423473184281706 0
1597 0.1054295326038279 0.009147215132338682 0
1598 0.1115309529004893 0.02024848851379085 0
1599 0.1065828053448529 0.03299083803328201 0
1600 0.2888434538287029 0.06678283436414018 0
1601 0.2938369172273494 0.07709165932635764 0
1602 0.487758707633205 0.1605597605078809 0
1603 0.3757057362670336 0.1326602979587401 0
1604 0.4857147483757642 0.1109877419032856 0
1605 0.245301230065075 0.113366966276859 0
1606 0.2517234278632861 0.1038825744363456 0
1607 0.2617321563021938 0.1244619316424788 0
1608 0.3401522722949302 0.1499135550468356 0
1609 0.327351062684351 0.1688414954730598 0
1610 0.6794361570282753 0.2217804418848712 0
1611 0.6336434542409621 0.01091118168941452 0
1612 0.6173959142513182 0.02075892454612666 0
1613 0.6884561879287106 0.3309965434607057 0
1614 0.1464280922632629 0.04658007226179794 0
1615 0.1404701842486235 0.0564453714665199 0
1616 0.1209493673508742 0.05001295092452307 0
1617 0.1357351729808777 0.06783816255147623 0
1618 0.1283667385865124 0.009096997971342724 0
1619 0.1745598664960133 0.05854485553829419 0
1620 0.3891767887890642 0.18330211267426 0
1621 0.5873543788700757 0.009726035868342864 0
1622 0.5939266451394204 0.01986346912243109 0
1623 0.4495490306202606 0.05879292777202216 0
1624 0.7054441001981135 0.04743498759363796 0
1625 0.7115208414603528 0.05732159338867593 0
1626 0.5644016072308562 0.009374364886205688 0
1627 0.4396039173644102 0.1964611813603542 0
1628 0.5541470521037916 0.2337590446778239 0
1629 0.5496027247997851 0.2236773044515956 0
1630 0.7044815618529298 0.06764783667726415 0
1631 0.4103406315724504 0.04606220151316781 0
1632 0.4039232474941434 0.05550886055678211 0
1633 0.255324041144687 0.01165293189736993 0
1634 0.2789843645102152 0.009434295773586898 0
1635 0.5861066663158985 0.06875599121605658 0
1636 0.2074353570161952 0.0808108799803971 0
1637 0.3240242944883616 0.01001992955209763 0
1638 0.3176747089726334 0.01987090432081512 0
1639 0.403375728127038 0.008954167976323479 0
1640 0.2196576154987487 0.01023941813613105 0
1641 0.2310300591295236 0.01237115961910001 0
1642 0.2395510344236734 0.0210567307484788 0
1643 0.3557579296527478 0.3310116307426511 0
1644 0.3485987064773597 0.3225404693209122 0
1645 0.3523919567852595 0.3115907261769015 0
1646 0.3446705437357594 0.3036723931362679 0
1647 0.3338117820775013 0.3055636791485489 0
1648 0.3263327857741529 0.2969245981944422 0
1649 0.6844971321445468 0.09574811547921647 0
1650 0.3037064293295395 0.2559775074891513 0
1651 0.6382611117629093 0.112462656865494 0
1652 0.312216632569797 0.2788630052646621 0
1653 0.3242308639103483 0.2762116430312413 0
1654 0.2610478417054642 0.2171870190245785 0
1655 0.2725680641057432 0.2156352997862565 0
1656 0.2549485901258003 0.2073570488151687 0
1657 0.2597440976946942 0.1956948147246272 0
1658 0.274751019964437 0.2353011136940505 0
1659 0.2091139667867692 0.1559900329116996 0
1660 0.2242035974798636 0.1733771984209336 0
1661 0.233852137826847 0.1709885710039362 0
1662 0.3784395971632065 0.09331138591778082 0
1663 0.1942884527813733 0.1386930129182923 0
1664 0.6466161052844662 0.4272613666287756 0
1665 0.5291376319047311 0.06462140670836247 0
1666 0.7212223813208232 0.1998846850354317 0
1667 0.7107999632259933 0.1939844959271015 0
1668 0.4211206040217151 0.2944396526680704 0
1669 0.2174445028980053 0.1014250544288139 0
1670 0.2874068623065256 0.08656791136192415 0
1671 0.2238686443204737 0.09193880783147335 0
1672 0.221053567544804 0.1314301295437971 0
1673 0.2831498901066908 0.1458099347997771 0
1674 0.6216506594067277 0.05139221451696252 0
1675 0.664023172801385 0.1229704755307719 0
1676 0.6532774569501471 0.1223311640654421 0
1677 0.2317156588536265 0.06265847500584409 0
1678 0.7191856401282545 0.1656263678455747 0
1679 0.198846689762779 0.04039172266491209 0
1680 0.7208025668138925 0.1428571428571425 0
1681 0.7112634542631893 0.1375613390989108 0
1682 0.7094913097000584 0.1256682189540091 0
1683 0.720802566813893 0.1200000000000004 0
1684 0.2609895110806553 0.05482645169774503 0
1685 0.2545662363157513 0.06431200666255865 0
1686 0.2038514703014989 0.05070099239301562 0
1687 0.1710514907116059 0.02871545513336027 0
1688 0.307382530579144 0.1277360436739617 0
1689 0.6730575097386764 0.2312437391166405 0
1690 0.6616574578194454 0.2307104599408757 0
1691 0.5538324363389153 0.3216679169886612 0
1692 0.6933578474560219 0.06702299816258467 0
1693 0.4125442897355376 0.09577964293287955 0
1694 0.2845611818130587 0.1261016499659963 0
1695 0.4154568020232417 0.2146802157069073 0
1696 0.6806343601195528 0.2023747973931024 0
1697 0.5802605827654307 0.1281520392299937 0
1698 0.5151825083322294 0.2412675393990893 0
1699 0.2595674896013167 0.07461670926319874 0
1700 0.292398695845157 0.09686771405776345 0
1701 0.2150290748662509 0.14009561431644 0
1702 0.5709406447606293 0.3130348757930869 0
1703 0.178431244681332 0.08850301162252211 0
1704 0.7192686310606189 0.02878398343628907 0
1705 0.7216906009350607 0.05155254865714537 0
1706 0.3323394530970583 0.1791270094280823 0
1707 0.29456003955292 0.1466419331417042 0
1708 0.457713530752049 0.2570066460582222 0
1709 0.2631453275685507 0.1046996261714751 0
1710 0.3835680046622688 0.2620856892984589 0
1711 0.2967215114039348 0.196450140911462 0
1712 0.2852617901473221 0.03674755725795775 0
1713 0.6848856996479055 0.1446425763610415 0
1714 0.3515350087342433 0.1507219633160286 0
1715 0.3870851476106389 0.1334792518043664 0
1716 0.3984429087097521 0.1343132361371768 0
1717 0.6977591929447027 0.125474803436543 0
1718 0.6656394251693016 0.05510954072413998 0
1719 0.6606797623422486 0.04513918005112227 0
1720 0.2753126573265468 0.1750539451588257 0
1721 0.3052467718155767 0.07792203337666581 0
1722 0.70960930196937 0.2148010447582211 0
1723 0.6420589885162498 0.1906810134275826 0
1724 0.6502504958028023 0.1616529324217144 0
1725 0.2124430767846539 0.09111831860652564 0
1726 0.4644126081808452 0.08964493562238696 0
1727 0.3031316512010281 0.1869740469730096 0
1728 0.6618197643389867 0.4391390035817263 0
1729 0.6819987757950323 0.4308086374851827 0
1730 0.6835422652864402 0.3207605336439159 0
1731 0.596854841531411 0.1875204899017557 0
1732 0.3895947349688554 0.0230005328436263 0
1733 0.3123757589538042 0.138015304689361 0
1734 0.6708634851883871 0.1826664672914523 0
1735 0.210262684906438 0.04121838846432935 0
1736 0.5277433790533116 0.2225881397144327 0
1737 0.2995524312197876 0.1569325288428081 0
1738 0.4089344015248535 0.06578417696589733 0
1739 0.3750240691980498 0.2218661616787236 0
1740 0.7092277821447405 0.07740483707932744 0
1741 0.5256324493374439 0.03471431115221685 0
1742 0.3038071180366156 0.09769385625447391 0
1743 0.3294787668732549 0.05981303673065402 0
1744 0.5533769255338494 0.04653621519638296 0
1745 0.3479646808588837 0.1207515902080831 0
1746 0.3991254962287065 0.203750302514189 0
1747 0.5504744264808104 0.08600190024037557 0
1748 0.6317536876658374 0.1217994829833127 0
1749 0.3537334452080773 0.04167649840954168 0
1750 0.6215616229870995 0.2384842893241354 0
1751 0.5087908872612374 0.2505369857433709 0
1752 0.347302481360509 0.2099813138209647 0
1753 0.4587976261026323 0.1682817187194866 0
1754 0.6293290953826601 0.2095097560049174 0
1755 0.3955657051373972 0.1736889740301968 0
1756 0.3565197924384429 0.1609741129488183 0
1757 0.4867080794508337 0.02172383337014427 0
1758 0.5773224174886252 0.1671223538921078 0
1759 0.4574210946255911 0.0297010073769145 0
1760 0.5939272693628866 0.03972399125522258 0
1761 0.5406039979732364 0.2038703700255335 0
1762 0.4367037461296353 0.07771044662582072 0
1763 0.2010121352455797 0.09030004481653242 0
1764 0.5583511441728187 0.05682753473973445 0
1765 0.2567258817113371 0.1141778152595657 0
1766 0.4033730593820642 0.1445773351455787 0
1767 0.2481432059974709 0.07379517917463002 0
1768 0.3131241324382746 0.2075427679861934 0
1769 0.2802334412805859 0.02685400011047906 0
1770 0.4461098617095 0.02897087675835258 0
1771 0.6763741551259026 0.4194406508021626 0
1772 0.6291904125816185 0.3659217846524819 0
1773 0.5498644396884156 0.1555637318167304 0
1774 0.4217634605826192 0.04684599578290877 0
1775 0.2682951822946952 0.1848646732403016 0
1776 0.20527504865611 0.03089671334642596 0
1777 0.5643908419292815 0.1859780592926856 0
1778 0.1896065714121882 0.08946703951672552 0
1779 0.5440242548424119 0.09543099878753525 0
1780 0.685000314578191 0.3011474335754081 0
1781 0.4466483748481341 0.09825711511515101 0
1782 0.6089097413476907 0.2572354837767394 0
1783 0.4956152341323073 0.1314955362747147 0
1784 0.6928107139752442 0.2721066466579685 0
1785 0.6718226556064425 0.04628566943827361 0
1786 0.6043936892578893 0.1101403347297856 0
1787 0.4225172134433369 0.1163108459729778 0
1788 0.5948562969936652 0.2953690022981592 0
1789 0.4665581770594256 0.1392556904732926 0
1790 0.3067350155678318 0.2170262983838274 0
1791 0.5738952050359429 0.13756888251208 0
1792 0.6693734194796311 0.3591109714774353 0
1793 0.5864092595346675 0.255637521729845 0
1794 0.2431386572978607 0.06348542171649413 0
1795 0.4134259510485599 0.3233783686615077 0
1796 0.4615819325498682 0.1290161272533932 0
1797 0.3806681729652222 0.1429218278529467 0
1798 0.2117065482150964 0.02140455170592143 0
1799 0.5132435673607183 0.1922418180354785 0
1800 0.4580171834887686 0.09908312970805977 0
1801 0.7070084942592599 0.233604998120345 0
1802 0.3757855173379138 0.2911960559419484 0
1803 0.5135344850641317 0.2604600899787494 0
1804 0.5371817185419128 0.1743430576418826 0
1805 0.4055087824771167 0.1941136333766974 0
1806 0.4303241913354682 0.2451661385929824 0
1807 0.3544478779786775 0.2698701449119589 0
1808 0.6101395247682381 0.394256513104552 0
1809 0.6039722232469894 0.2470881640258486 0
1810 0.4879287955655574 0.2295551845215139 0
1811 0.2988189228049146 0.08739596555900758 0
1812 0.6067075384028761 0.3643583533255874 0
1813 0.50053943671303 0.2109047455011245 0
1814 0.5786722285004876 0.2843948108599315 0
1815 0.6014757799261811 0.1492008520695288 0
1816 0.5814938319431449 0.2454999268229891 0
1817 0.3231256682285795 0.2281226211413342 0
1818 0.3730127695503726 0.3305713694441187 0
1819 0.576074305600728 0.32328730319999 0
1820 0.5680793176542107 0.3518713984794042 0
1821 0.6243759233189493 0.1993029053657515 0
1822 0.5020519662455372 0.1220746114753654 0
1823 0.2495653365320119 0.05399966810836621 0
1824 0.3365756317427064 0.1199250028027252 0
1825 0.5227385645502509 0.07407575239803288 0
1826 0.4743644785585066 0.3373641908640841 0
1827 0.4800436594937566 0.2586169218567382 0
1828 0.5647679720545065 0.04741586640510476 0
1829 0.447487911912531 0.1674654990406133 0
1830 0.2444066379286834 0.04350330055160556 0
1831 0.3395083751929481 0.2391668132545244 0
1832 0.3009759863411947 0.1371941689764695 0
1833 0.5689714913363085 0.1273625207581072 0
1834 0.6678995664315514 0.3789845752291505 0
1835 0.3315856837813517 0.1096427366045131 0
1836 0.2505800783893988 0.03453666889978885 0
1837 0.6108663737340465 0.100753970753218 0
1838 0.3166479298686076 0.078758546375859 0
1839 0.6899127759865541 0.3113836370796503 0
1840 0.7026308390110689 0.3824895494090513 0
1841 0.5969290726128886 0.344194734564048 0
1842 0.4534422705516129 0.316412953288154 0
1843 0.3494845510048278 0.2596374316146818 0
1844 0.5427034691534782 0.320894097517662 0
1845 0.3331256058794932 0.2486584392669787 0
1846 0.3451468508573586 0.160165594798835 0
1847 0.3379978150706897 0.1001980669882562 0
1848 0.4246787560340271 0.1658368774201553 0
1849 0.3467323116428214 0.01015257253756979 0
1850 0.4438695793546486 0.137628221204869 0
1851 0.5113650931587301 0.07326000951334055 0
1852 0.3692703895664315 0.3006080414449174 0
1853 0.4609412429941133 0.05961685621398283 0
1854 0.6629807389194464 0.3684654901426701 0
1855 0.5182708025252144 0.1331779309669419 0
1856 0.4274703833799293 0.2850670947780246 0
1857 0.2895657204790784 0.1363718538911846 0
1858 0.3444066205179586 0.09073078112641048 0
1859 0.3387430635339316 0.1696361563260078 0
1860 0.4530433362897082 0.08881730064055732 0
1861 0.4485268756105892 0.3062773143091157 0
1862 0.4723326126020464 0.06044998628143822 0
1863 0.5460236222262187 0.3503274175630533 0
1864 0.6307431650900168 0.1899065417055632 0
1865 0.5596744410136583 0.03750525231844171 0
1866 0.3975328419413077 0.06496604588496252 0
1867 0.5705340188319903 0.01897779363298185 0
1868 0.3116657526377434 0.06845382896779378 0
1869 0.4767704098019139 0.2287246636932196 0
1870 0.5063674739841424 0.06296891899112933 0
1871 0.4608059655231144 0.2176293736199247 0
1872 0.2781500523562677 0.1355501028952882 0
1873 0.524766498106343 0.1237109585420088 0
1874 0.510336974482414 0.1622161208014189 0
1875 0.4447411524892596 0.364284786772091 0
1876 0.318080279225194 0.0589853077251874 0
1877 0.609442534026462 0.3255876123028098 0
1878 0.6371175822948457 0.1807275515008717 0
1879 0.3925152805006171 0.05466950211584448 0
1880 0.2667353847615094 0.1347324567358409 0
1881 0.4480729939503393 0.07854907751616796 0
1882 0.6129884845491416 0.3549550396979645 0
1883 0.4886355251321246 0.07160178708506282 0
1884 0.4542903005900185 0.2270352217728486 0
1885 0.5927314377403147 0.2463016680578916 0
1886 0.5213944859985722 0.1632077118341519 0
1887 0.650222868633347 0.3871936749370313 0
1888 0.3130952631837075 0.04870158402008784 0
1889 0.2553122088244739 0.1339393075329082 0
1890 0.4097666982552921 0.1351687889768735 0
1891 0.6333564766228783 0.3074974560692317 0
1892 0.3194137174015384 0.03946124892895991 0
1893 0.2540250598197181 0.1537148333216573 0
1894 0.7109364712591297 0.1143369157095824 0
1895 0.2428824142111315 0.1528081567288404 0
1896 0.454497300580488 0.06908615077272784 0
1897 0.4048045067535035 0.1248982634327309 0
1898 0.68207375262361 0.3403729748827285 0
1899 0.4660222627935166 0.2978741362491791 0
1900 0.6325469137446504 0.395892199093505 0
1901 0.6348539226392993 0.2877965158426798 0
1902 0.4361023671952992 0.1666395554418852 0
1903 0.4111781083823649 0.1154766187735347 0
1904 0.5089427030738829 0.4043800565935135 0
1905 0.5136494073949279 0.4141794805163561 0
1906 0.5613912892435252 0.3613993004947351 0
1907 0.6080662713615574 0.3449229149812504 0
1908 0.6242197280497719 0.3557053935694659 0
1909 0.4721126260892176 0.2885900493597074 0
1910 0.4720332553455497 0.009938268429957486 0
1911 0.5990478789133775 0.2369782544674288 0
1912 0.4062159358328934 0.1052056802438848 0
1913 0.3948488844662681 0.1043821041533529 0
1914 0.5941452785947631 0.2267707568083376 0
1915 0.3380922963920281 0.2588378789791743 0
1916 0.3898069164408179 0.09413164791875117 0
1917 0.6538015543782286 0.2598132825913509 0
1918 0.5471250434946744 0.1255280030623576 0
1919 0.6004683910781222 0.2173573328062822 0
1920 0.6106885576742498 0.01009231258648713 0
1921 0.3720997798223562 0.1027252551206966 0
1922 0.4114299102120886 0.36226332505046 0
1923 0.3670858299554653 0.09246603593347308 0
1924 0.4950695396617877 0.06218114215537923 0
1925 0.3273810570501926 0.2578727057081233 0
1926 0.6553038869036498 0.2399200238133607 0
1927 0.2277930367986886 0.1629561335779432 0
1928 0.4397758722135737 0.3543294620440728 0
1929 0.5728147691429397 0.08775448578062273 0
1930 0.5014823190730555 0.05270642562797906 0
1931 0.2397188422534527 0.1917849764505438 0
1932 0.362108932212365 0.08216032956507069 0
1933 0.5908516826406464 0.07913678807234642 0
1934 0.5078959090508345 0.04323887469495613 0
1935 0.7114142102839123 0.1481394633370272 0
1936 0.35715204863477 0.07183523759251442 0
1937 0.6744201946199591 0.2118917006304279 0
1938 0.1969997632157736 0.009778020379460295 0
1939 0.514326023715017 0.03389057746367352 0
1940 0.6065546710924532 0.09034461272508293 0
1941 0.3748816978776917 0.06334891533978748 0
1942 0.5207071447208957 0.02505848054553139 0
1943 0.613309967131131 0.0809609515958975 0
1944 0.4287015174171456 0.3536234715425733 0
1945 0.4203968224322246 0.2248635508928628 0
1946 0.4176271701952479 0.2642992079462589 0
1947 0.6326697712364252 0.05246393389523446 0
1948 0.688558613595565 0.1731063735850072 0
1949 0.3698907147342507 0.05295442346090562 0
1950 0.4831672729752807 0.2194455409729396 0
1951 0.614371628946809 0.3355640009280964 0
1952 0.519307877944057 0.4051900950714458 0
1953 0.3648845757700691 0.04263057475347981 0
1954 0.4895056149494221 0.2101279187062125 0
1955 0.5377728356838184 0.3109488239588586 0
1956 0.3598309573717221 0.03190626683399278 0
1957 0.5380442648717085 0.3788933385644551 0
1958 0.3545909704187674 0.02172696491387904 0
1959 0.4958337727737772 0.2007514151542979 0
1960 0.5439071159698896 0.3015012620684162 0
1961 0.3708421005531089 0.3493197573793521 0
1962 0.6157975940100234 0.3162610979191762 0
1963 0.2906326952704248 0.2528838374261457 0
1964 0.5021583570523374 0.1914819589845411 0
1965 0.4239495981827567 0.2547857606600593 0
1966 0.3150017883705909 0.2687784143110327 0
1967 0.6270350295693407 0.3168653665372179 0
1968 0.4173555848942043 0.3529890732141246 0
1969 0.5210159292989687 0.3866795105926432 0
1970 0.6284737070451546 0.2974327100823282 0
1971 0.6582312471889914 0.02991021429374818 0
1972 0.6037066572877282 0.4036865476351086 0
1973 0.4973357228993834 0.1811903219636733 0
1974 0.5037490717653293 0.171733720924927 0
1975 0.629652594046062 0.2781319516844802 0
1976 0.5334758258441881 0.3686148188910655 0
1977 0.3313676942597665 0.02046994023751958 0
1978 0.5280204277492677 0.2908007012969813 0
1979 0.7206141488416679 0.09732088565417862 0
1980 0.7215951458323312 0.3372233816580724 0
1981 0.5232156484308212 0.2805911933634712 0
1982 0.5324689361908892 0.1641231988636604 0
1983 0.7215393474143742 0.06314257405288359 0
1984 0.6360334612931505 0.2687505392882984 0
1985 0.460200085864657 0.009783318865874691 0
1986 0.5388918821075622 0.1547368295104554 0
1987 0.5293096455578714 0.2709425834222731 0
1988 0.7000247103051519 0.4014548506170679 0
1989 0.647462023847629 0.2692982772506828 0
1990 0.08310454183714888 0.008625048436857019 0
1991 0.5452421972531076 0.1452241456420191 0
1992 0.524405813708575 0.2609586733421217 0
1993 0.7021048861646036 0.1426501482691448 0
1994 0.5406516738999447 0.1349133283111286 0
1995 0.6489141967995355 0.2497301043407809 0
1996 0.5196039008800301 0.2511594256509331 0
1997 0.1847744553091835 0.00982653052491278 0
1998 0.7212365284426374 0.01716083308348104 0
1999 0.3634159342562869 0.3101737213906567 0
2000 0.5306573373842559 0.008721514703036448 0
2001 0.6501780655013254 0.230344550194793 0
2002 0.5505779756075376 0.3604988431441942 0
2003 0.5258857383467288 0.2418474049116658 0
2004 0.5881267463991289 0.0294127722557409 0
2005 0.5454900021717338 0.2135909053306307 0
2006 0.4705287711775369 0.3936955371248063 0
2007 0.6568302666531338 0.2209081847685188 0
2008 0.5321759306788175 0.2324856277138942 0
2009 0.5564821341239532 0.2144767322211518 0
2010 0.668084365702335 0.2213271739702279 0
2011 0.482859141611498 0.3934714575987109 0
2012 0.5581465257332068 0.1266610732085591 0
2013 0.6692559614627396 0.2020925509091298 0
2014 0.5386683828803918 0.2230815784879319 0
2015 0.5645332915577106 0.1172686718955133 0
2016 0.4883873481229981 0.3847440238898729 0
2017 0.6756369897296337 0.1926259563458315 0
2018 0.5708471715933635 0.1075643445567424 0
2019 0.5045779289116205 0.3095033464374993 0
2020 0.4893198192542485 0.3664751877165771 0
2021 0.7213803098943695 0.1774246214258405 0
2022 0.5663274699784566 0.0972022813886998 0
2023 0.6821257820467972 0.1829436512272422 0
2024 0.4140818104547772 0.40129657986406 0
2025 0.5005993559676798 0.3666198413662871 0
2026 0.5672818896762564 0.2150341071447823 0
2027 0.5017598829888262 0.3482147683265884 0
2028 0.6834379688664298 0.1635255469738179 0
2029 0.5839154295469072 0.0888540650575857 0
2030 0.2479833029777708 0.01889628481134631 0
2031 0.6895289499390179 0.1543626530654429 0
2032 0.6401824992470829 0.02303533685522785 0
2033 0.4783157980496489 0.278859494770188 0
2034 0.5136412882231689 0.3481714506405685 0
2035 0.6242224831349968 0.08191156528992805 0
2036 0.4529830610279463 0.01946141455638167 0
2037 0.6306273624399329 0.07223954657581505 0
2038 0.5734979029051115 0.2055069818685627 0
2039 0.5817459767191427 0.1771252271596245 0
2040 0.6262054980604859 0.06188539823829753 0
2041 0.4224271699166029 0.3825200197559856 0
2042 0.6436292459102285 0.05383683662739924 0
2043 0.4944286215555778 0.01098155222623098 0
2044 0.6499191622690184 0.04465241133801123 0
2045 0.568775370589262 0.1958085079996859 0
2046 0.5193990547771933 0.3390687582068293 0
2047 0.2788754268611915 0.2253577421876425 0
2048 0.6060943632721701 0.1590908535425336 0
2049 0.3141676654011137 0.02969568587350035 0
2050 0.575200003596957 0.186410293545723 0
2051 0.5255651304559368 0.3967743852437526 0
2052 0.1779356261058146 0.01928487132789403 0
2053 0.3827085193170162 0.01517892049759328 0
2054 0.5927257063018904 0.1778920322290412 0
2055 0.4292196910537107 0.4147517643224116 0
2056 0.6210363842116531 0.1703307074103159 0
2057 0.5992189245621686 0.1684135743882773 0
2058 0.5820832675245969 0.01947103571818753 0
2059 0.6324062145851587 0.1709730356578338 0
2060 0.6456780328729255 0.1517353528362593 0
2061 0.6470920620121228 0.1320263446893806 0
2062 0.1988934757011105 0.1294136227023039 0
2063 0.3303146659652567 0.286825949541225 0
2064 0.6550615862313025 0.1029395554705417 0
2065 0.6392962839829957 0.1614321781855904 0
2066 0.6575331397929414 0.0834330619718735 0
2067 0.6410449352789377 0.1417666711592845 0
2068 0.6687399275610432 0.08445142787802123 0
2069 0.1183846077122264 0.03287158646065791 0
2070 0.6891820245072198 0.1058483544385571 0
2071 0.6425944044716168 0.1221694474862451 0
2072 0.6488534271715857 0.1125662050604032 0
2073 0.4376882952288134 0.008821082476188291 0
2074 0.6508126410018876 0.09304325623286924 0
2075 0.1623924846285407 0.008679999708595565 0
2076 0.5651620064067829 0.02818121852951166 0
2077 0.1731609453261767 0.097463969744576 0
2078 0.4573132484244489 0.4126560398464756 0
2079 0.1466721788311639 0.06680011748800246 0
2080 0.692669617895983 0.2512371812618283 0
2081 0.7219739636059143 0.3147740112340466 0
2082 0.7217680521676381 0.4038732607640762 0
2083 0.7015124883204558 0.008605634335931645 0
2084 0.4652842838428666 0.4038837525847467 0
2085 0.2376461828797753 0.16158968235046 0
2086 0.6827482793590847 0.4413373976604091 0
2087 0.4256520647665811 0.009199436374114356 0
2088 0.7111909504181644 0.03767647703945887 0
2089 0.3833220830709142 0.3507680313395528 0
2090 0.3010448291215707 0.009052185204880492 0
2091 0.5076000135785235 0.4213029473073168 0
2092 0.2967495450123428 0.2627138931675424 0
2093 0.3077308852875108 0.01931791288461637 0
2094 0.1510826794053206 0.008466052444698557 0
2095 0.1600695135802849 0.09667717914374796 0
2096 0.249704228214405 0.1908010286256877 0
2097 0.4375992667537366 0.4102945988397101 0
2098 0.4278670987440926 0.3926640313844428 0
2099 0.5594715987094502 0.01858978830440822 0
2100 0.3585996758805465 0.3203457403494575 0
2101 0.7119720415689136 0.2418621403629598 0
2102 0.7005282117271927 0.4362166401449698 0
2103 0.6937033411703847 0.4286489089442891 0
2104 0.7115061449824123 0.2253942519427504 0
2105 0.7157449236277821 0.422945236989031 0
2106 0.7130590032283182 0.2049032080136637 0
2107 0.1517629248492688 0.07662918686000508 0
2108 0.2859741132838413 0.01877800524833911 0
2109 0.4191183567515043 0.01806843372822603 0
2110 0.1448909042064561 0.01778292746187865 0
2111 0.7125894402164469 0.02041359205374182 0
2112 0.7118995639752183 0.2946696010840854 0
2113 0.7134049583652985 0.2742843691869725 0
2114 0.2045828185743085 0.1386755277666551 0
2115 0.285024685698902 0.2350104842646304 0
2116 0.5481124662314694 0.01764308190453368 0
2117 0.6847290240700051 0.02922767486558686 0
2118 0.7026518682208266 0.1334631661419597 0
2119 0.5527063362656175 0.4257045674292162 0
2120 0.7124031090648567 0.3638347044028927 0
2121 0.5247784052086317 0.4146419458162641 0
2122 0.702653545297212 0.1177185570736323 0
2123 0.336735265642344 0.2961001624671117 0
2124 0.7235062617010833 0.08571428571428596 0
2125 0.1330642014492867 0.01742392876830223 0
2126 0.4083162702839519 0.01760968692547382 0
2127 0.2743994269833093 0.01831975661522833 0
2128 0.7139533943762383 0.3425396239407892 0
2129 0.5166367300292751 0.4337028678871213 0
2130 0.71371474311059 0.0682779234441907 0
2131 0.7122007833282131 0.1574472104945796 0
2132 0.5419673872974911 0.008799240061931501 0
2133 0.6941573424556439 0.01775657293707966 0
2134 0.09004835173943992 0.01718932239342064 0
2135 0.7138331092155729 0.1834911119349027 0
2136 0.42249632718435 0.3994131391444538 0
2137 0.5553788435465293 0.4177230332482628 0
2138 0.7222937454932216 0.008394439083908634 0
2139 0.3985288044531139 0.01708453493445683 0
2140 0.2430288057468438 0.1736070443924794 0
2141 0.6989605574272545 0.2657474300201458 0
2142 0.5710318824078383 0.4195090954650614 0
2143 0.170346518493431 0.1139338826675445 0
2144 0.1230168252290815 0.01626330883471594 0
2145 0.7125237400848763 0.3796904901310353 0
2146 0.2636084838633103 0.0184220572009533 0
2147 0.6657509881010703 0.03778065739941783 0
2148 0.7125049400436322 0.1056965913758872 0
2149 0.5258266854278709 0.0174280125186293 0
2150 0.5345946427101091 0.4141445107641567 0
2151 0.364454055143396 0.3283314910224259 0
2152 0.7039232781054735 0.3933644284989012 0
2153 0.693929090128846 0.1464053766714933 0
2154 0.1469645617755556 0.0845999731620109 0
2155 0.707878306769397 0.4196861776322214 0
2156 0.3820261610485082 0.007559629319657701 0
2157 0.6772137916221436 0.02712908500404387 0
2158 0.5431034486302291 0.4268529956977494 0
2159 0.7143554411779923 0.04632441890133804 0
2160 0.6555435924827185 0.03803414271131911 0
2161 0.2461866984950744 0.02688038985052854 0
2162 0.1232383850071546 0.04042441888819581 0
2163 0.3667315453507715 0.008351288234091481 0
2164 0.09992688897303137 0.01610084886702651 0
2165 0.5157125119219486 0.01779104452539382 0
2166 0.3086664664850516 0.263073293655498 0
2167 0.4730354325134163 0.4096756544095192 0
2168 0.2910299994725588 0.2437645225830305 0
2169 0.3469171127839613 0.2950939337423876 0
2170 0.2099645296422717 0.1473980970005478 0
2171 0.3233380100254795 0.2657551783545503 0
2172 0.2314288949897442 0.02444363281605882 0
2173 0.5711218938597256 0.4375934582775695 0
2174 0.714340454173835 0.3211909746743601 0
2175 0.3904222279883892 0.4455235514225034 0
2176 0.3703924039997858 0.425237870730425 0
2177 0.3570803021320573 0.4072847712177519 0
2178 0.3403673810400754 0.3903023241105069 0
2179 0.3268888970621905 0.3741431960615509 0
2180 0.3122268223320636 0.3566686137536556 0
2181 0.2975649290924346 0.3391938795662552 0
2182 0.2829032394517872 0.3217190002142543 0
2183 0.2682417347703836 0.3042440313646607 0
2184 0.2535802845257947 0.2867691008158658 0
2185 0.237961848672704 0.2682601630101706 0
2186 0.2233324869059368 0.2508255685672656 0
2187 0.208703125139169 0.2333909741243599 0
2188 0.1940737633724018 0.2159563796814548 0
2189 0.1794444016056348 0.1985217852385503 0
2190 0.1648150398388671 0.1810871907956445 0
2191 0.1501856780720993 0.1636525963527389 0
2192 0.1355563163053326 0.1462180019098345 0
2193 0.1209269545385646 0.1287834074669286 0
2194 0.1062975927717974 0.1113488130240236 0
2195 0.09166823100502985 0.09391421858111798 0
2196 0.07689580256198447 0.07534405678404632 0
2197 0.06273375025481709 0.05883428599445684 0
2198 0.04643423299681837 0.0408052210796091 0
2199 0.4011759926344813 0.4149829261533994 0
2200 0.3851912401426187 0.3970215611609924 0
2201 0.370680721030164 0.3792882696092363 0
2202 0.3558808270225574 0.3618461994594993 0
2203 0.04916998445579457 0.009770578096162219 0
2204 0.3411518710889823 0.3442929147490858 0
2205 0.326422939827961 0.3267396112733805 0
2206 0.3116940578572385 0.3091862810070383 0
2207 0.2969652215616825 0.291632945101214 0
2208 0.2822363329043324 0.27407968984446 0
2209 0.2675071382009654 0.2565266741479348 0
2210 0.252777298656406 0.2389740211279036 0
2211 0.2380468008750786 0.2214214968834568 0
2212 0.2233168207208822 0.2038680250445898 0
2213 0.2085906090876091 0.1863115124832625 0
2214 0.1938728006765281 0.168750121162991 0
2215 0.1791565701808296 0.1511840515696032 0
2216 0.1644526902432627 0.1336325231292115 0
2217 0.1497327671168893 0.1160926674900697 0
2218 0.1349965698398723 0.09853255267657773 0
2219 0.1202738006915244 0.08098217278910491 0
2220 0.1055444232878086 0.06343492905155107 0
2221 0.4196628525259374 0.4451043872566662 0
2222 0.09080971307571806 0.04587270738245158 0
2223 0.07618697433523813 0.02900016965011598 0
2224 0.03234456396985497 0.02474659492974346 0
2225 0.4070711213117696 0.4583477942188949 0
2226 0.02625533501246613 0.00982273092771685 0
2227 0.4169848313587127 0.4292827112937876 0
2228 0.409014192494329 0.4223783062542834 0
2229 0.3985614620674311 0.4255438951394904 0
2230 0.3886273789024771 0.4185672981092911 0
2231 0.3903576254127401 0.428536085477887 0
2232 0.4059474308239185 0.4344848325962247 0
2233 0.06022530639590229 0.009886899170926666 0
2234 0.05414583089413927 0.01935618561514518 0
2235 0.4321397920149718 0.4355623405644495 0
2236 0.06584475197713091 0.02104869773771545 0
2237 0.06581477085250675 0.03282328674187301 0
2238 0.07417778609859094 0.03995839930902378 0
2239 0.06405786697981541 0.0442875516017453 0
2240 0.07322686095416697 0.05150722009937447 0
2241 0.07455099837393875 0.06326503195468103 0
2242 0.08462700223064545 0.05646321417622885 0
2243 0.3927456979561232 0.4061379031809326 0
2244 0.3799758796915026 0.4092850854264561 0
2245 0.3740584992798471 0.3983459712615565 0
2246 0.3694952271769377 0.4087204034513833 0
2247 0.3789412412976776 0.4190097208736389 0
2248 0.3984103068971291 0.4529194147751037 0
2249 0.4085268516984512 0.4463837168992237 0
2250 0.04266130844140437 0.01969061739255695 0
2251 0.04912106428506857 0.02930381273104932 0
2252 0.1570953496643184 0.1248600422464102 0
2253 0.145877207946073 0.126806420664739 0
2254 0.1385165421291371 0.1180288631992906 0
2255 0.1345670469295555 0.1288334899807968 0
2256 0.1423744457776922 0.1073014749014778 0
2257 0.1311539519132756 0.1092428275859381 0
2258 0.1237826174811602 0.1004642401587279 0
2259 0.1198186908830617 0.1112612559523538 0
2260 0.153242049647718 0.1355639395755515 0
2261 0.1605940989275306 0.1443281910033701 0
2262 0.1492752195837019 0.1463591083925773 0
2263 0.1718193981474532 0.142394728940318 0
2264 0.1679442224627703 0.1530964854433045 0
2265 0.1752781902376794 0.1618745173422219 0
2266 0.1639533773852105 0.1638855190656072 0
2267 0.186521870303619 0.1599518034576802 0
2268 0.1826390476550911 0.170652052536714 0
2269 0.1899781779222075 0.1794416892083414 0
2270 0.1778560933279228 0.1805895008489361 0
2271 0.2012130687222147 0.1775434001944924 0
2272 0.1973474291343341 0.188219721051391 0
2273 0.2046969850110925 0.197007248652467 0
2274 0.1925393006668231 0.1981069567280066 0
2275 0.2159343594430148 0.1951052063771757 0
2276 0.2120738488733385 0.2057792179429614 0
2277 0.2194282156029661 0.21456458753105 0
2278 0.2072355892018551 0.2156225482652264 0
2279 0.2306636667054881 0.2126598440889756 0
2280 0.2268071502944546 0.2233331071734735 0
2281 0.2341626952601708 0.2321167813336302 0
2282 0.2219364513053815 0.2331357076659979 0
2283 0.2453951087867514 0.2302117137651949 0
2284 0.241541165448856 0.2408842511765326 0
2285 0.2488961919712408 0.2496672918535312 0
2286 0.2366371668382207 0.2506474662525597 0
2287 0.2601259370555582 0.2477634746009897 0
2288 0.256273733299243 0.2584349235020943 0
2289 0.2636279460102079 0.2672180311633661 0
2290 0.2513363993571586 0.2681589181255675 0
2291 0.2748650436052091 0.2653034138580634 0
2292 0.2710064669483292 0.2759839948569301 0
2293 0.2783588153965969 0.2847691456812943 0
2294 0.2661995872466293 0.2858492677811028 0
2295 0.2895942371353962 0.2828563435671901 0
2296 0.2857369500426435 0.2935356595167172 0
2297 0.2930889562153755 0.3023211605190455 0
2298 0.2809023821358992 0.3033680385162949 0
2299 0.3043232034117198 0.3004095357619165 0
2300 0.3004671093424294 0.3110877694387219 0
2301 0.3078189496121873 0.319873491847835 0
2302 0.2956049394365248 0.3208871275519045 0
2303 0.3190521791932578 0.3179627771331024 0
2304 0.3151971668963834 0.3286400952571197 0
2305 0.3225488743034751 0.3374259783414446 0
2306 0.3103074025911561 0.3384064213338304 0
2307 0.3337812065565759 0.3355160023599916 0
2308 0.3299271282566645 0.346192557605293 0
2309 0.337278690486113 0.354978576224438 0
2310 0.3250097593288482 0.35592586592012 0
2311 0.348510258820718 0.3530692113578964 0
2312 0.3446569475281607 0.3637451444003045 0
2313 0.3520083480092167 0.3725312946008472 0
2314 0.3406647152189022 0.3746139446798453 0
2315 0.3632056558314048 0.3706672011112829 0
2316 0.3589245487040188 0.3810615530653073 0
2317 0.1276465492525615 0.08974515485579615 0
2318 0.1164249790201329 0.09169186975855304 0
2319 0.1090552336929255 0.0829233870189654 0
2320 0.1051050207331645 0.09371911522684939 0
2321 0.112917787270144 0.07219631027144452 0
2322 0.1016926887416506 0.07414538299216011 0
2323 0.09399875332245011 0.06541573567187731 0
2324 0.08990227894622393 0.07564576917614108 0
2325 0.09775497637513342 0.05462160599800114 0
2326 0.347682061923459 0.3990196213319595 0
2327 0.358898932838895 0.3970350707102934 0
2328 0.3766371264760589 0.4348816413184648 0
2329 0.03804410365714361 0.009257901215624476 0
2330 0.3779933838734584 0.3878971484900952 0
2331 0.08458080564085468 0.08541691958191261 0
2332 0.09773585201642354 0.08461748672865288 0
2333 0.05442209703777856 0.04964829589632647 0
2334 0.09912185210257984 0.1029641655343161 0
2335 0.1124808148198664 0.1021711433844637 0
2336 0.1137532065219674 0.1204208238205069 0
2337 0.1272169276642409 0.1197105366635417 0
2338 0.1283852823190165 0.1378789933834969 0
2339 0.1419416207215555 0.1372394268597503 0
2340 0.1430173286617779 0.1553297119806765 0
2341 0.3627423860597604 0.4172400035792083 0
2342 0.1566406113395857 0.15475039169556 0
2343 0.1576409374085349 0.1727840566349541 0
2344 0.1709699187155178 0.1720845451744837 0
2345 0.1726061708827252 0.1903076649963938 0
2346 0.3655453036967716 0.3908369724051294 0
2347 0.1853465812239573 0.1893991264699243 0
2348 0.1995027502523744 0.2066692074899211 0
2349 0.1867369981624608 0.2076124108567673 0
2350 0.2141867433896034 0.2241730356412613 0
2351 0.2013632897728759 0.2250649015707286 0
2352 0.22887318473482 0.2416740289390106 0
2353 0.215994011609055 0.2425137128442829 0
2354 0.2435593277313466 0.2591740610654066 0
2355 0.2306261489983912 0.2599611701884162 0
2356 0.2584372070794337 0.2768826241720335 0
2357 0.2455132596405348 0.277554232610954 0
2358 0.273155691670724 0.2944205407402153 0
2359 0.2609817131945011 0.2954627414970125 0
2360 0.2878473212487094 0.3119300748128707 0
2361 0.2756443970156315 0.3129373070123536 0
2362 0.3025390183559966 0.3294396578385116 0
2363 0.2903070923928813 0.3304119252037961 0
2364 0.3172308456137087 0.34694919269854 0
2365 0.3049698585305738 0.3478865303816571 0
2366 0.3320815710496916 0.3646534040307705 0
2367 0.3196591541434013 0.3653935572649281 0
2368 0.08358172060143643 0.06761304697699838 0
2369 0.3485592132735244 0.3825644234093414 0
2370 0.3317855183884634 0.382979783512237 0
2371 0.3816597119249282 0.4422718120112544 0
2372 0.3958955794345755 0.4352457859442582 0
2373 0.01616691197918485 0.007194924518414969 0
2374 0.0841065583814381 0.0370878015114105 0
2375 0.03939888294060001 0.03216698685433872 0
2376 0.05639962508188878 0.03736019761871084 0
2377 0.3995077386756553 0.4434309367399185 0
2378 0.414528263787797 0.4379627793053664 0
2379 0.4154912538956747 0.4536741953523075 0
2380 0.08137281495433912 0.04625904655039098 0
2381 0.0258405077776106 0.01888385856840669 0
2382 0.06752930754475606 0.0696040505950139 0
2383 0.3529710984412568 0.3904281099245615 0
2384 0.05854771833934447 0.0272930176616612 0
2385 0.3707718730848365 0.4171927399473978 0
2386 0.4229970662522579 0.4368036594360132 0
2387 0.3816936341946384 0.4270440520657772 0
2388 0.365759571052944 0.4008446794090598 0
2389 0.3867360387083345 0.4358331080888322 0
2390 0.03331489854801528 0.01641838068409562 0
2391 0.7557139384887566 0.006819467089278386 0
2392 0.6704741073130398 0.4900650188136658 0
2393 0.6485112896069103 0.4889139963108896 0
2394 0.6282039336929797 0.4889064039363828 0
2395 0.6045856541946514 0.4866119513053368 0
2396 0.5826228364885219 0.4854609288025604 0
2397 0.5597602473151696 0.4843960088571523 0
2398 0.7405459109314897 0.08571161262447546 0
2399 0.7422263521350545 0.1873655359782231 0
2400 0.7708025668138921 0.3142857142857143 0
2401 0.7690893136233589 0.29264505405285 0
2402 0.7405974331861077 0.3371428571428571 0
2403 0.7406900387145237 0.2219171169410136 0
2404 0.770802566813892 0.3714285714285713 0
2405 0.7405974331861077 0.1314285714285713 0
2406 0.7402366411546339 0.1081045797954845 0
2407 0.7406117818639242 0.06289855771302372 0
2408 0.7405974331861077 0.04000000000000037 0
2409 0.770802566813892 0.2457142857142859 0
2410 0.7405974331861077 0.1657142857142855 0
2411 0.770802566813892 0.2685714285714287 0
2412 0.7403238380521538 0.3938118336130025 0
2413 0.7114127861978498 0.4514243179266135 0
2414 0.7318259193517606 0.4315324580467186 0
2415 0.7019545012408666 0.4873299370824335 0
2416 0.7667208330242332 0.4261638788073037 0
2417 0.6844971866729074 0.4594647208892827 0
2418 0.6608565986388125 0.4590447881404987 0
2419 0.6382667948548743 0.4594915703909308 0
2420 0.7690893136233589 0.2012164826242787 0
2421 0.7708938235789035 0.1428571428571432 0
2422 0.7405974331861078 0.3028571428571428 0
2423 0.7708025668138921 0.3485714285714284 0
2424 0.7708938235789036 0.09714285714285725 0
2425 0.7422263521350545 0.2787941074067945 0
2426 0.7690644454366885 0.07312662866883457 0
2427 0.7708025668138919 0.1200000000000001 0
2428 0.770802566813892 0.05142857142857171 0
2429 0.7405974331861078 0.3599999999999999 0
2430 0.770802566813892 0.1771428571428576 0
2431 0.742006222171358 0.2575324232054506 0
2432 0.6154151227777451 0.4564403417613705 0
2433 0.7473250850019321 0.4613755547759475 0
2434 0.5928334046891538 0.4552750530703258 0
2435 0.5704510655560113 0.4536007868952616 0
2436 0.7710511893030273 0.4062319110129593 0
2437 0.5367760195475852 0.4652952320362562 0
2438 0.7691077138332751 0.02972585570478153 0
2439 0.7711633588453658 0.223323991633087 0
2440 0.7211408055369278 0.4801624617095035 0
2441 0.7576409634682908 0.4445386681213868 0
2442 0.7392621511191216 0.01694465175640825 0
2443 0.547720775578746 0.4511883461828336 0
2444 0.6953692652602856 0.4581874790139013 0
2445 0.6906988243426937 0.4687638244366839 0
2446 0.6793832545637254 0.4696855163980771 0
2447 0.7022415965115707 0.4683614988607075 0
2448 0.6853248832057985 0.4789433853114925 0
2449 0.7368165740978669 0.421299417752577 0
2450 0.7429182242160216 0.4310304886763793 0
2451 0.738051382115667 0.4417723019456586 0
2452 0.7483662959151266 0.42083962080575 0
2453 0.7202752466006703 0.4456617591254938 0
2454 0.7209065660455672 0.4571227075051644 0
2455 0.7431055046255777 0.4112534767949039 0
2456 0.7542166942147334 0.4112537850041428 0
2457 0.5312133793455647 0.4544954561451775 0
2458 0.5403564866221817 0.4746194318435655 0
2459 0.5464212365682488 0.4670940346033605 0
2460 0.7552826412760106 0.4312306092574599 0
2461 0.5510704174471309 0.476885559800351 0
2462 0.5573655871975077 0.468307379006819 0
2463 0.7317057726084042 0.4509974250820927 0
2464 0.7302940132909604 0.4629361164080599 0
2465 0.5590168671450357 0.452334943970715 0
2466 0.7403114352630171 0.02851651968522911 0
2467 0.7500950103291179 0.03462742392056489 0
2468 0.750542324861829 0.04553601799085233 0
2469 0.760901286500357 0.04013629638926175 0
2470 0.7501462861605244 0.02279118711361378 0
2471 0.7718647318125501 0.01716914585939133 0
2472 0.6729381950597912 0.4599182289545273 0
2473 0.6661036693070829 0.4691501121854936 0
2474 0.6549598060608723 0.4682339536167087 0
2475 0.6594762304802783 0.4784752897363626 0
2476 0.6722847090385838 0.4787194231450193 0
2477 0.6476595528419811 0.4763486981614471 0
2478 0.6379564971118059 0.4827468282826032 0
2479 0.6383126912937278 0.4720916263933958 0
2480 0.6493710075214744 0.4583911715685338 0
2481 0.6041244903994087 0.4558485565712845 0
2482 0.5979830803835267 0.4652906557650855 0
2483 0.586998202932918 0.4646050571899371 0
2484 0.5915921617660191 0.4748160552183241 0
2485 0.5801119680331104 0.4733690944978791 0
2486 0.5716465848425749 0.4820043745815373 0
2487 0.5702225273668071 0.4704822168138449 0
2488 0.602605185278469 0.4754492668411242 0
2489 0.581885874811622 0.4544525432744501 0
2490 0.6266806030379664 0.4570400297588284 0
2491 0.6202617379331137 0.4663786169979917 0
2492 0.6090962955726615 0.4658992356836885 0
2493 0.6138574487887855 0.4760835313822873 0
2494 0.6263905463527507 0.4770975318206749 0
2495 0.7406207818317949 0.05142754598571042 0
2496 0.750402762398802 0.05717757633505538 0
2497 0.7500769293293833 0.06817396303698087 0
2498 0.7609304972113862 0.0626778161868452 0
2499 0.7708025668138919 0.1657142857142862 0
2500 0.7609963903927958 0.1714285714285721 0
2501 0.7592892513595532 0.1587941074067948 0
2502 0.7611827451715758 0.1824026491174511 0
2503 0.7502052784376965 0.1766951684927503 0
2504 0.7708177762747271 0.1314285714285717 0
2505 0.7609989253029349 0.125714285714286 0
2506 0.7592052792479868 0.1130692316614358 0
2507 0.7507184768926115 0.1207972109975047 0
2508 0.7593048229504084 0.1383487497360628 0
2509 0.7706397193283671 0.1540847321868469 0
2510 0.770802566813892 0.2571428571428573 0
2511 0.7609963903927959 0.2628571428571431 0
2512 0.7611827451715758 0.2738312205460223 0
2513 0.750085565205426 0.2680003167559347 0
2514 0.7610115998536311 0.2514285714285717 0
2515 0.7609228779987587 0.2400000000000003 0
2516 0.7495977814330255 0.2469758306021477 0
2517 0.7507885889390042 0.2354607077556575 0
2518 0.7405974331861078 0.3714285714285714 0
2519 0.750403609607204 0.3657142857142857 0
2520 0.7503895984871648 0.3771428571428571 0
2521 0.7503884001463687 0.3542857142857142 0
2522 0.7603922995583235 0.3599999999999999 0
2523 0.7403350311031514 0.1433116365968348 0
2524 0.7402912974226588 0.1539069695026373 0
2525 0.7512162835432259 0.148582249850945 0
2526 0.7705280893785265 0.0855211047781394 0
2527 0.7609051336277839 0.09142857142857197 0
2528 0.7605131359302084 0.08079360219290643 0
2529 0.7706257239764394 0.1083686814673822 0
2530 0.7405796888151333 0.3485714285714285 0
2531 0.7406128674408436 0.2112719004425497 0
2532 0.7512228882254853 0.2159890099729579 0
2533 0.7502579836920761 0.2059627147975761 0
2534 0.7603922995583234 0.2114285714285709 0
2535 0.7407776629125872 0.2912275893297038 0
2536 0.7501641126284884 0.2975762089023232 0
2537 0.7504201814798861 0.3086082782108387 0
2538 0.7611780171061936 0.3033150792529405 0
2539 0.7405849857040528 0.3142918558922826 0
2540 0.7503890875448066 0.320007165207663 0
2541 0.7405777288011971 0.3257165035166576 0
2542 0.7504739525034957 0.3314301352635772 0
2543 0.7603922995583237 0.3257142857142858 0
2544 0.7603922995583234 0.3371428571428572 0
2545 0.7614707749773377 0.2297787664976313 0
2546 0.740534289349607 0.3827781627450242 0
2547 0.7504234833495721 0.3884811674990766 0
2548 0.7603994896030998 0.3828571428571428 0
2549 0.758724703159027 0.3938931427806811 0
2550 0.7407407548416867 0.1998143109173438 0
2551 0.7503794221962804 0.3428574034963104 0
2552 0.7705632932061018 0.2801269981474312 0
2553 0.7603566464470244 0.283970043351112 0
2554 0.770959929772559 0.2345647454027389 0
2555 0.7405974331861077 0.0971428571428572 0
2556 0.7512865069216488 0.1023995485657259 0
2557 0.7705632932061018 0.18869842671886 0
2558 0.7603566464470246 0.1925414719225406 0
2559 0.7495288765414383 0.4007722979222181 0
2560 0.659492698459975 0.4894895075622777 0
2561 0.6167304578227841 0.4870648347341031 0
2562 0.5936042453415866 0.4860364400539486 0
2563 0.7613087028895523 0.02285842302796276 0
2564 0.7404274351232321 0.07421565804916935 0
2565 0.7209276757052266 0.468564557164727 0
2566 0.7724423134295049 0.04025814470452299 0
2567 0.7642470056838737 0.01016792217468826 0
2568 0.7471450201311921 0.01012562731525546 0
2569 0.7499299886145955 0.07993838634910716 0
2570 0.7587158875572533 0.05139125566611724 0
2571 0.6803252194813235 0.4892342144383539 0
2572 0.7724395018923933 0.06258946039970747 0
2573 0.7508231563358011 0.1957215987341039 0
2574 0.7591438603388577 0.3485714551672618 0
2575 0.7625832934705525 0.1024817780531946 0
2576 0.7724939795086889 0.3031920266611581 0
2577 0.7617500889169202 0.1485575684534001 0
2578 0.7711868346751827 0.3366470319906387 0
2579 0.7707612195422675 0.2131283563902668 0
2580 0.7508136625036865 0.2871784417726693 0
2581 0.7527395118112473 0.2573588569698495 0
2582 0.7518372723631555 0.1313281408484264 0
2583 0.7394025606719877 0.2683732230934134 0
2584 0.7416578078456383 0.2400000000000003 0
2585 0.7591471843997246 0.3714285714285713 0
2586 0.7727563402094797 0.325615120683842 0
2587 0.7388858127517717 0.1768121408941945 0
2588 0.7501249494510578 0.09094453481762049 0
2589 0.7592282648521143 0.3143369338002928 0
2590 0.7720283621148086 0.3599999999999999 0
2591 0.7520017614501262 0.16598103412085 0
2592 0.7401163080839668 0.1196448955232029 0
2593 0.7718777291962187 0.3828571428571428 0
2594 0.7698158469924271 0.3941073930360146 0
2595 0.7305313695250251 0.4740747497630885 0
2596 0.7121176283325596 0.4740929024264385 0
2597 0.7119941669831916 0.4628058930077622 0
2598 0.6960893719667944 0.4785211572381953 0
2599 0.7477793010999821 0.4397976285288978 0
2600 0.7449611674598616 0.4500345923428782 0
2601 0.6915505612981276 0.4887032668556433 0
2602 0.7695325861011287 0.4165154003796902 0
2603 0.7119019996190459 0.4849481031215729 0
2604 0.7647355810143853 0.4360868222752541 0
2605 0.5416496869499663 0.4838559773116632 0
2606 0.5240533289501258 0.4482088868870674 0
2607 0.6299824746944865 0.4664198750723643 0
2608 0.7393898645145004 0.4680332095313643 0
2609 0.5756093262160172 0.4629833517903257 0
2610 0.7543508932333055 0.4549627121121004 0
2611 0.5643032369486307 0.461352711093027 0
2612 0.7592039650931033 0.419813783141091 0
2613 0.5503948869421251 0.4858085163728114 0
2614 0.7609759664220817 0.4036313994542073 0
2615 0.5525185264769619 0.4596213312481629 0
2616 0.5624845215914551 0.4758578172709971 0
2617 0.5421061403568923 0.4578889655571416 0
2618 0.645630237865746 0.4666547682884664 0
2619 0.7385168639053563 0.4582715695454035 0
2620 0.7281881115388805 0.440401544979843 0
2621 0.7585770110790786 0.03115002976575793 0
2622 0.7488325353314227 0.1577550680856282 0
2623 0.7398140328002138 0.2316957159933057 0
2624 0.7526734502345878 0.2775546359595614 0
2625 0.7488521788731063 0.1395392412051139 0
2626 0.738999421563431 0.2481148520921503 0
2627 0.7527743184322798 0.1864061083351829 0
2628 0.7618847076270575 0.2199136124383335 0
2629 0.7509785052139371 0.2257924882664833 0
2630 0.748671746496011 0.1119651142242995 0
2631 0.7586093672970868 0.2937585640048417 0
2632 0.7583527965108121 0.2017818606883425 0
2633 0.7389558591562184 0.4028709960901318 0
2634 0.7584201286264968 0.07210346224587999 0
2635 0.7377076166660902 0.007638257023511841 0
2636 0.7736508122573387 0.00767760801777051 0
2637 0.6374585021390448 0.4915372148094703 0
2638 0.5382305542719432 0.4496617134355751 0
2639 0.7557121906707798 0.01455252534415974 0
2640 0.7043587491063757 0.4572693741629223 0
2641 0.6654319363229693 0.4841873098143313 0
2642 0.7629960802268149 0.4114892557984182 0
2643 0.7048610195341675 0.4786507197458696 0
2644 0.4706153016891294 0.4464901560123002 0
2645 0.4992147863227556 0.4811701041292296 0
2646 0.4491277560774195 0.4776752200141164 0
2647 0.4782367075507404 0.4808544441533806 0
2648 0.4912033102405253 0.448715336044053 0
2649 0.4415038411467346 0.4499783587494292 0
2650 0.5120032909343804 0.4571279106392331 0
2651 0.5198473926353707 0.4721506279906836 0
2652 0.4311921683602306 0.4720483326289089 0
2653 0.4497874635104977 0.4432438938372719 0
2654 0.4512834489623422 0.4533281135503835 0
2655 0.4431334517554624 0.460287894632592 0
2656 0.4526352452496563 0.4634237252959384 0
2657 0.4602364121607927 0.4575110310252297 0
2658 0.4617918629138839 0.4668192512614804 0
2659 0.4686930715719455 0.4612342481764912 0
2660 0.4719750504271117 0.4720931352285597 0
2661 0.4783922922202531 0.4644351967936491 0
2662 0.5162599870975902 0.4826465476809294 0
2663 0.4630211235552714 0.4768550914840124 0
2664 0.4804712606525065 0.4476198880381861 0
2665 0.4603576591276853 0.44702625737615 0
2666 0.503278092752387 0.4503012334334833 0
2667 0.5025506983105965 0.4609858866642647 0
2668 0.5105180007687293 0.4668381453296722 0
2669 0.5011575454313679 0.4706199082316873 0
2670 0.4932286247931974 0.4643046147004328 0
2671 0.5091782561734426 0.4763685842927041 0
2672 0.4882141803704678 0.4814085420827487 0
2673 0.4825353495643464 0.4730115428676195 0
2674 0.4335997703739925 0.4570147494449838 0
2675 0.4855288015336119 0.4573845457584184 0
2676 0.4397256874895834 0.4749349435913401 0
2677 0.491687777687735 0.472705941764112 0
2678 0.4750626287439339 0.4551021930578414 0
2679 0.5183201346411243 0.4629873699876922 0
2680 0.4454919488831599 0.4685326208783495 0
2681 0.4699506511494823 0.4814352326729203 0
2682 0.5243528145230629 0.4804181459354505 0
2683 0.4275776419362795 0.4634652849378311 0
2684 0.4365070461699372 0.4654933897201495 0
2685 0.5080718247848417 0.4847861723940226 0
2686 0.4547972155255065 0.4719762553451646 0
2687 0.4669930146586974 0.4534727771296025 0
2688 0.4231504465346844 0.4703913372447669 0
2689 0.4953201520435324 0.4566175077037263 0
2690 0.456510397733678 0.4804112483469501 0
2691 0.4857761796442742 0.4657209385729542 0
$EndNodes
$Elements
5382
1 15 2 6 11 11
2 15 2 7 14 14
3 1 2 5 5 5 85
4 1 2 5 5 85 86
5 1 2 5 5 86 87
6 1 2 5 5 87 88
7 1 2 5 5 88 89
8 1 2 5 5 89 90
9 1 2 5 5 90 91
10 1 2 5 5 91 92
11 1 2 5 5 92 93
12 1 2 5 5 93 94
13 1 2 5 5 94 95
14 1 2 5 5 95 96
15 1 2 5 5 96 97
16 1 2 5 5 97 98
17 1 2 5 5 98 99
18 1 2 5 5 99 100
19 1 2 5 5 100 101
20 1 2 5 5 101 102
21 1 2 5 5 102 103
22 1 2 5 5 103 104
23 1 2 5 5 104 105
24 1 2 5 5 105 106
25 1 2 5 5 106 107
26 1 2 5 5 107 108
27 1 2 5 5 108 109
28 1 2 5 5 109 110
29 1 2 5 5 110 111
30 1 2 5 5 111 112
31 1 2 5 5 112 113
32 1 2 5 5 113 114
33 1 2 5 5 114 115
34 1 2 5 5 115 116
35 1 2 5 5 116 117
36 1 2 5 5 117 118
37 1 2 5 5 118 119
38 1 2 5 5 119 120
39 1 2 5 5 120 121
40 1 2 5 5 121 122
41 1 2 5 5 122 123
42 1 2 5 5 123 124
43 1 2 5 5 124 125
44 1 2 5 5 125 126
45 1 2 5 5 126 127
46 1 2 5 5 127 128
47 1 2 5 5 128 129
48 1 2 5 5 129 130
49 1 2 5 5 130 131
50 1 2 5 5 131 132
51 1 2 5 5 132 133
52 1 2 5 5 133 134
53 1 2 5 5 134 135
54 1 2 5 5 135 136
55 1 2 5 5 136 137
56 1 2 5 5 137 138
57 1 2 5 5 138 139
58 1 2 5 5 139 140
59 1 2 5 5 140 141
60 1 2 5 5 141 6
61 1 2 4 9 8 186
62 1 2 4 9 186 187
63 1 2 4 9 187 188
64 1 2 4 9 188 189
65 1 2 4 9 189 190
66 1 2 4 9 190 9
67 1 2 4 10 9 191
68 1 2 4 10 191 192
69 1 2 4 10 192 193
70 1 2 4 10 193 194
71 1 2 4 10 194 195
72 1 2 4 10 195 196
73 1 2 4 10 196 197
74 1 2 4 10 197 198
75 1 2 4 10 198 199
76 1 2 4 10 199 200
77 1 2 4 10 200 201
78 1 2 4 10 201 202
79 1 2 4 10 202 203
80 1 2 4 10 203 204
81 1 2 4 10 204 205
82 1 2 4 10 205 206
83 1 2 4 10 206 207
84 1 2 4 10 207 208
85 1 2 4 10 208 209
86 1 2 4 10 209 210
87 1 2 4 10 210 211
88 1 2 4 10 211 212
89 1 2 4 10 212 213
90 1 2 4 10 213 214
91 1 2 4 10 214 215
92 1 2 4 10 215 216
93 1 2 4 10 216 217
94 1 2 4 10 217 218
95 1 2 4 10 218 219
96 1 2 4 10 219 220
97 1 2 4 10 220 221
98 1 2 4 10 221 222
99 1 2 4 10 222 223
100 1 2 4 10 223 224
101 1 2 4 10 224 225
102 1 2 4 10 225 226
103 1 2 4 10 226 227
104 1 2 4 10 227 228
105 1 2 4 10 228 229
106 1 2 4 10 229 230
107 1 2 4 10 230 231
108 1 2 4 10 231 232
109 1 2 4 10 232 233
110 1 2 4 10 233 234
111 1 2 4 10 234 235
112 1 2 4 10 235 236
113 1 2 4 10 236 237
114 1 2 4 10 237 238
115 1 2 4 10 238 239
116 1 2 4 10 239 10
117 1 2 5 11 10 240
118 1 2 5 11 240 241
119 1 2 5 11 241 242
120 1 2 5 11 242 243
121 1 2 5 11 243 244
122 1 2 5 11 244 5
123 1 2 4 12 11 245
124 1 2 4 12 245 246
125 1 2 4 12 246 247
126 1 2 4 12 247 248
127 1 2 4 12 248 249
128 1 2 4 12 249 250
129 1 2 4 12 250 251
130 1 2 4 12 251 252
131 1 2 4 12 252 253
132 1 2 4 12 253 254
133 1 2 4 12 254 255
134 1 2 4 12 255 256
135 1 2 4 12 256 12
136 1 2 5 14 6 262
137 1 2 5 14 262 263
138 1 2 5 14 263 264
139 1 2 5 14 264 265
140 1 2 5 14 265 13
141 1 2 4 15 13 266
142 1 2 4 15 266 267
143 1 2 4 15 267 268
144 1 2 4 15 268 269
145 1 2 4 15 269 270
146 1 2 4 15 270 271
147 1 2 4 15 271 272
148 1 2 4 15 272 273
149 1 2 4 15 273 274
150 1 2 4 15 274 275
151 1 2 4 15 275 276
152 1 2 4 15 276 277
153 1 2 4 15 277 278
154 1 2 4 15 278 279
155 1 2 4 15 279 280
156 1 2 4 15 280 281
157 1 2 4 15 281 282
158 1 2 4 15 282 283
159 1 2 4 15 283 284
160 1 2 4 15 284 285
161 1 2 4 15 285 286
162 1 2 4 15 286 287
163 1 2 4 15 287 288
164 1 2 4 15 288 289
165 1 2 4 15 289 290
166 1 2 4 15 290 291
167 1 2 4 15 291 292
168 1 2 4 15 292 293
169 1 2 4 15 293 294
170 1 2 4 15 294 295
171 1 2 4 15 295 296
172 1 2 4 15 296 297
173 1 2 4 15 297 298
174 1 2 4 15 298 299
175 1 2 4 15 299 14
176 1 2 4 16 14 300
177 1 2 4 16 300 301
178 1 2 4 16 301 302
179 1 2 4 16 302 303
180 1 2 4 16 303 304
181 1 2 4 16 304 305
182 1 2 4 16 305 306
183 1 2 4 16 306 307
184 1 2 4 16 307 308
185 1 2 4 16 308 309
186 1 2 4 16 309 310
187 1 2 4 16 310 311
188 1 2 4 16 311 312
189 1 2 4 16 312 11
190 1 2 4 19 12 317
191 1 2 4 19 317 318
192 1 2 4 19 318 319
193 1 2 4 19 319 320
194 1 2 4 19 320 321
195 1 2 4 19 321 16
196 1 2 4 20 16 322
197 1 2 4 20 322 323
198 1 2 4 20 323 324
199 1 2 4 20 324 325
200 1 2 4 20 325 326
201 1 2 4 20 326 8
202 2 2 1 1 372 2032 1611
203 2 2 1 1 330 1348 123
204 2 2 1 1 397 2091 1453
205 2 2 1 1 45 1616 46
206 2 2 1 1 383 1406 1404
207 2 2 1 1 1302 2069 1598
208 2 2 1 1 123 1348 122
209 2 2 1 1 1437 2089 1189
210 2 2 1 1 1431 1595 395
211 2 2 1 1 376 2163 1321
212 2 2 1 1 1184 1345 400
213 2 2 1 1 391 1322 39
214 2 2 1 1 1320 1615 386
215 2 2 1 1 386 1616 1320
216 2 2 1 1 63 1656 64
217 2 2 1 1 400 1345 327
218 2 2 1 1 1567 1722 328
219 2 2 1 1 1657 1775 1095
220 2 2 1 1 1637 1977 1638
221 2 2 1 1 1453 2129 397
222 2 2 1 1 1313 1740 357
223 2 2 1 1 1611 2032 1328
224 2 2 1 1 1321 1958 376
225 2 2 1 1 2077 2095 1585
226 2 2 1 1 357 2124 1313
227 2 2 1 1 358 2095 2077
228 2 2 1 1 382 2140 1329
229 2 2 1 1 1641 2172 1167
230 2 2 1 1 342 1402 1400
231 2 2 1 1 1757 2043 1253
232 2 2 1 1 1330 1436 343
233 2 2 1 1 53 1363 54
234 2 2 1 1 33 398 327
235 2 2 1 1 398 399 327
236 2 2 1 1 1404 1428 383
237 2 2 1 1 1333 1927 347
238 2 2 1 1 1640 1641 1167
239 2 2 1 1 43 1599 44
240 2 2 1 1 1567 2104 1722
241 2 2 1 1 1306 1678 1305
242 2 2 1 1 344 1611 1328
243 2 2 1 1 81 1437 82
244 2 2 1 1 343 1437 1330
245 2 2 1 1 329 1818 1332
246 2 2 1 1 376 1958 1849
247 2 2 1 1 1595 2082 395
248 2 2 1 1 1654 1656 1141
249 2 2 1 1 361 2103 1430
250 2 2 1 1 1515 1517 1176
251 2 2 1 1 2102 2103 361
252 2 2 1 1 366 2089 1437
253 2 2 1 1 1638 1977 1182
254 2 2 1 1 1141 1655 1654
255 2 2 1 1 1330 1922 1436
256 2 2 1 1 420 1502 601
257 2 2 1 1 1317 2030 1633
258 2 2 1 1 1732 2053 336
259 2 2 1 1 46 1616 386
260 2 2 1 1 389 1616 45
261 2 2 1 1 1330 1437 1189
262 2 2 1 1 384 1398 1397
263 2 2 1 1 1642 2172 1641
264 2 2 1 1 1344 1622 373
265 2 2 1 1 1633 2146 1317
266 2 2 1 1 336 2139 1732
267 2 2 1 1 1329 1931 382
268 2 2 1 1 1598 2144 1302
269 2 2 1 1 1400 1446 342
270 2 2 1 1 391 1354 1322
271 2 2 1 1 1321 2163 1346
272 2 2 1 1 601 1502 1500
273 2 2 1 1 1328 1612 344
274 2 2 1 1 39 1322 3
275 2 2 1 1 1849 1958 1331
276 2 2 1 1 1598 2069 1599
277 2 2 1 1 1183 1775 1657
278 2 2 1 1 1167 1798 1640
279 2 2 1 1 1318 1511 368
280 2 2 1 1 341 1657 1656
281 2 2 1 1 355 2043 1757
282 2 2 1 1 383 1420 1406
283 2 2 1 1 64 1656 1654
284 2 2 1 1 341 1656 63
285 2 2 1 1 342 1428 1402
286 2 2 1 1 1650 1963 1338
287 2 2 1 1 54 1363 350
288 2 2 1 1 1447 2070 1289
289 2 2 1 1 23 1428 24
290 2 2 1 1 1661 2140 382
291 2 2 1 1 1145 1622 1344
292 2 2 1 1 1452 2150 1416
293 2 2 1 1 1640 1798 354
294 2 2 1 1 1729 1771 1396
295 2 2 1 1 1416 2158 1452
296 2 2 1 1 1306 2131 1678
297 2 2 1 1 1193 2084 2078
298 2 2 1 1 1397 1463 384
299 2 2 1 1 355 1757 1334
300 2 2 1 1 1650 2092 1963
301 2 2 1 1 1141 1657 1095
302 2 2 1 1 351 1664 1419
303 2 2 1 1 428 1443 430
304 2 2 1 1 339 1849 1331
305 2 2 1 1 1332 1961 329
306 2 2 1 1 1233 1927 1333
307 2 2 1 1 1436 1922 1247
308 2 2 1 1 1580 1971 1291
309 2 2 1 1 82 1437 343
310 2 2 1 1 44 1599 389
311 2 2 1 1 396 1599 43
312 2 2 1 1 426 1371 465
313 2 2 1 1 418 1502 420
314 2 2 1 1 465 1371 1349
315 2 2 1 1 366 1437 81
316 2 2 1 1 1460 2011 2006
317 2 2 1 1 384 1446 1398
318 2 2 1 1 894 1649 1432
319 2 2 1 1 1432 1649 1286
320 2 2 1 1 1419 1728 351
321 2 2 1 1 149 1353 150
322 2 2 1 1 1645 1646 1113
323 2 2 1 1 1331 1977 339
324 2 2 1 1 2006 2011 675
325 2 2 1 1 777 2033 1490
326 2 2 1 1 1801 2104 1566
327 2 2 1 1 1580 2032 372
328 2 2 1 1 1291 2032 1580
329 2 2 1 1 341 2096 1657
330 2 2 1 1 1509 2055 352
331 2 2 1 1 1334 1910 355
332 2 2 1 1 47 1617 48
333 2 2 1 1 601 1500 1498
334 2 2 1 1 368 2112 1318
335 2 2 1 1 25 1446 26
336 2 2 1 1 150 1353 368
337 2 2 1 1 1350 2019 1498
338 2 2 1 1 1429 1728 1419
339 2 2 1 1 1332 2089 1961
340 2 2 1 1 347 1659 1333
341 2 2 1 1 1517 2080 1176
342 2 2 1 1 339 1977 1637
343 2 2 1 1 354 1798 1347
344 2 2 1 1 1612 1920 344
345 2 2 1 1 1152 2140 2085
346 2 2 1 1 388 1728 1429
347 2 2 1 1 1335 2036 1985
348 2 2 1 1 1344 1920 1612
349 2 2 1 1 1023 2080 1517
350 2 2 1 1 1453 2091 1905
351 2 2 1 1 1598 1599 396
352 2 2 1 1 53 2143 1363
353 2 2 1 1 1356 2025 2020
354 2 2 1 1 330 2165 1348
355 2 2 1 1 1463 1664 351
356 2 2 1 1 2020 2025 476
357 2 2 1 1 1443 2033 777
358 2 2 1 1 1704 2088 1279
359 2 2 1 1 370 1562 1373
360 2 2 1 1 1985 2036 331
361 2 2 1 1 1147 1653 1239
362 2 2 1 1 1128 2002 1863
363 2 2 1 1 1517 2141 1023
364 2 2 1 1 1049 2070 1447
365 2 2 1 1 1109 1827 1490
366 2 2 1 1 1509 2097 2055
367 2 2 1 1 1301 2109 2087
368 2 2 1 1 939 1906 1820
369 2 2 1 1 1347 1938 354
370 2 2 1 1 383 1428 23
371 2 2 1 1 1322 2078 363
372 2 2 1 1 24 1428 342
373 2 2 1 1 2027 2034 776
374 2 2 1 1 1109 1490 1355
375 2 2 1 1 2078 2084 1314
376 2 2 1 1 424 1371 426
377 2 2 1 1 2116 2132 374
378 2 2 1 1 1355 1708 1109
379 2 2 1 1 1207 2052 1997
380 2 2 1 1 1335 1910 1334
381 2 2 1 1 1349 1365 465
382 2 2 1 1 5 85 40
383 2 2 1 1 2085 2140 1661
384 2 2 1 1 373 1920 1344
385 2 2 1 1 1961 2089 366
386 2 2 1 1 2087 2109 378
387 2 2 1 1 1501 2034 2027
388 2 2 1 1 1402 1428 1404
389 2 2 1 1 1566 2101 1801
390 2 2 1 1 27 1463 28
391 2 2 1 1 568 1357 872
392 2 2 1 1 1177 1464 1178
393 2 2 1 1 1429 1771 1729
394 2 2 1 1 430 1443 777
395 2 2 1 1 1278 2117 1581
396 2 2 1 1 1053 2098 2041
397 2 2 1 1 1997 2052 360
398 2 2 1 1 2004 2058 1622
399 2 2 1 1 1335 1985 1910
400 2 2 1 1 1398 1446 1400
401 2 2 1 1 1253 2043 1348
402 2 2 1 1 1315 2132 2116
403 2 2 1 1 465 1443 428
404 2 2 1 1 1498 2019 601
405 2 2 1 1 1460 2016 2011
406 2 2 1 1 1193 1354 1194
407 2 2 1 1 1461 2016 1460
408 2 2 1 1 2076 2099 1867
409 2 2 1 1 1581 2133 1278
410 2 2 1 1 1348 2043 122
411 2 2 1 1 1397 1664 1463
412 2 2 1 1 34 398 33
413 2 2 1 1 48 1617 362
414 2 2 1 1 386 1617 47
415 2 2 1 1 1933 2029 871
416 2 2 1 1 342 1446 25
417 2 2 1 1 26 1446 384
418 2 2 1 1 1283 2058 2004
419 2 2 1 1 377 2093 2090
420 2 2 1 1 1396 2103 1729
421 2 2 1 1 1303 1667 1172
422 2 2 1 1 1172 1667 1171
423 2 2 1 1 1207 1938 1347
424 2 2 1 1 327 1345 32
425 2 2 1 1 1473 1906 939
426 2 2 1 1 1408 1467 1405
427 2 2 1 1 2121 2150 1452
428 2 2 1 1 1357 1358 872
429 2 2 1 1 1170 1943 1940
430 2 2 1 1 1418 2051 1417
431 2 2 1 1 1096 1655 1141
432 2 2 1 1 1940 1943 596
433 2 2 1 1 1343 2083 393
434 2 2 1 1 1274 2099 2076
435 2 2 1 1 35 1322 363
436 2 2 1 1 1346 2163 111
437 2 2 1 1 1165 1655 1096
438 2 2 1 1 1184 2091 1345
439 2 2 1 1 1113 1999 1645
440 2 2 1 1 1174 2023 1948
441 2 2 1 1 796 1426 1423
442 2 2 1 1 1615 1617 386
443 2 2 1 1 1047 2172 1642
444 2 2 1 1 31 1345 397
445 2 2 1 1 1354 2078 1322
446 2 2 1 1 1147 2063 1653
447 2 2 1 1 1423 1427 796
448 2 2 1 1 1247 1438 1436
449 2 2 1 1 627 1957 1475
450 2 2 1 1 784 1426 796
451 2 2 1 1 1207 1997 1938
452 2 2 1 1 1490 1827 777
453 2 2 1 1 627 1976 1957
454 2 2 1 1 1729 2103 394
455 2 2 1 1 831 1426 784
456 2 2 1 1 2147 2160 1971
457 2 2 1 1 1578 2147 1971
458 2 2 1 1 1191 1995 1926
459 2 2 1 1 1520 1900 1393
460 2 2 1 1 1179 1358 1357
461 2 2 1 1 1678 2021 1305
462 2 2 1 1 399 400 327
463 2 2 1 1 1464 1708 1355
464 2 2 1 1 1495 1856 1494
465 2 2 1 1 1501 2046 2034
466 2 2 1 1 1453 2121 1452
467 2 2 1 1 835 1520 1424
468 2 2 1 1 1279 2111 1704
469 2 2 1 1 675 2167 2084
470 2 2 1 1 1616 2162 1320
471 2 2 1 1 568 1464 1357
472 2 2 1 1 1642 2161 1047
473 2 2 1 1 111 2156 1346
474 2 2 1 1 334 1422 1420
475 2 2 1 1 1562 2120 1373
476 2 2 1 1 329 2151 1818
477 2 2 1 1 1178 1464 1355
478 2 2 1 1 384 1463 27
479 2 2 1 1 1502 2046 1501
480 2 2 1 1 28 1463 351
481 2 2 1 1 1357 1464 1177
482 2 2 1 1 835 1900 1520
483 2 2 1 1 1352 1933 1170
484 2 2 1 1 1414 1470 1469
485 2 2 1 1 1820 1906 1128
486 2 2 1 1 1176 2101 1515
487 2 2 1 1 1170 1940 1352
488 2 2 1 1 1313 1979 1312
489 2 2 1 1 1179 1495 1358
490 2 2 1 1 1906 2002 1128
491 2 2 1 1 364 2088 1704
492 2 2 1 1 1425 1887 1540
493 2 2 1 1 791 1887 1425
494 2 2 1 1 782 1486 780
495 2 2 1 1 1874 1974 1080
496 2 2 1 1 1199 1945 1512
497 2 2 1 1 787 1808 785
498 2 2 1 1 1137 1612 1138
499 2 2 1 1 1957 1976 1472
500 2 2 1 1 1461 2020 476
501 2 2 1 1 1431 1988 1595
502 2 2 1 1 1473 1486 1427
503 2 2 1 1 1426 1467 1408
504 2 2 1 1 1320 2162 1292
505 2 2 1 1 1411 1468 1409
506 2 2 1 1 1874 1886 1259
507 2 2 1 1 1405 1467 1403
508 2 2 1 1 1586 2095 50
509 2 2 1 1 476 2016 1461
510 2 2 1 1 1403 1972 1401
511 2 2 1 1 1475 1969 627
512 2 2 1 1 1190 1922 1330
513 2 2 1 1 1369 1968 1190
514 2 2 1 1 1195 1970 1901
515 2 2 1 1 1414 1469 1468
516 2 2 1 1 2041 2098 1439
517 2 2 1 1 1259 1886 1136
518 2 2 1 1 396 2164 1598
519 2 2 1 1 484 1695 504
520 2 2 1 1 1145 2004 1622
521 2 2 1 1 1450 1512 517
522 2 2 1 1 939 1486 1473
523 2 2 1 1 504 1695 1539
524 2 2 1 1 1566 2104 1567
525 2 2 1 1 1424 1808 835
526 2 2 1 1 393 2111 1343
527 2 2 1 1 1179 1856 1495
528 2 2 1 1 1182 2049 1638
529 2 2 1 1 1363 1555 350
530 2 2 1 1 2090 2093 1364
531 2 2 1 1 1542 1989 1917
532 2 2 1 1 1352 2029 1933
533 2 2 1 1 1656 1657 1141
534 2 2 1 1 1213 1555 1216
535 2 2 1 1 1469 1473 1427
536 2 2 1 1 1531 1951 1532
537 2 2 1 1 517 1806 1450
538 2 2 1 1 2026 2038 1553
539 2 2 1 1 358 2077 1351
540 2 2 1 1 1073 1495 1494
541 2 2 1 1 940 1908 1772
542 2 2 1 1 1590 2040 2037
543 2 2 1 1 2037 2040 715
544 2 2 1 1 775 1564 1372
545 2 2 1 1 1717 2122 1682
546 2 2 1 1 1417 1474 1413
547 2 2 1 1 1625 2159 1705
548 2 2 1 1 780 1486 939
549 2 2 1 1 675 2084 2006
550 2 2 1 1 1981 1987 1479
551 2 2 1 1 2083 2133 371
552 2 2 1 1 796 1486 782
553 2 2 1 1 1480 1960 1574
554 2 2 1 1 2066 2068 1433
555 2 2 1 1 1371 2019 1350
556 2 2 1 1 1154 2022 2018
557 2 2 1 1 1433 2068 1432
558 2 2 1 1 2018 2022 1282
559 2 2 1 1 50 2154 1586
560 2 2 1 1 1372 1565 775
561 2 2 1 1 1414 1468 1411
562 2 2 1 1 831 1467 1426
563 2 2 1 1 1369 1482 816
564 2 2 1 1 688 1987 1981
565 2 2 1 1 1344 1612 1137
566 2 2 1 1 785 1808 831
567 2 2 1 1 1138 1612 1328
568 2 2 1 1 1365 1443 465
569 2 2 1 1 1393 1900 1425
570 2 2 1 1 343 1436 1435
571 2 2 1 1 835 1808 787
572 2 2 1 1 1948 2023 819
573 2 2 1 1 1133 1965 1946
574 2 2 1 1 795 1834 1492
575 2 2 1 1 1356 2027 776
576 2 2 1 1 1409 1468 1423
577 2 2 1 1 1288 2072 2064
578 2 2 1 1 1863 2002 806
579 2 2 1 1 816 1483 1369
580 2 2 1 1 343 1435 83
581 2 2 1 1 1367 1691 1368
582 2 2 1 1 1570 1755 1620
583 2 2 1 1 1512 1945 517
584 2 2 1 1 481 1565 479
585 2 2 1 1 1289 2070 1649
586 2 2 1 1 1724 2065 2060
587 2 2 1 1 489 1442 487
588 2 2 1 1 584 1441 1440
589 2 2 1 1 1926 1995 599
590 2 2 1 1 1417 1475 1474
591 2 2 1 1 1281 2067 2061
592 2 2 1 1 1123 1588 1445
593 2 2 1 1 1691 1844 1368
594 2 2 1 1 485 1627 483
595 2 2 1 1 84 390 4
596 2 2 1 1 1871 1884 1565
597 2 2 1 1 1367 1702 936
598 2 2 1 1 793 1535 797
599 2 2 1 1 1429 1729 388
600 2 2 1 1 1445 1588 1200
601 2 2 1 1 923 1902 1848
602 2 2 1 1 776 2025 1356
603 2 2 1 1 2066 2074 622
604 2 2 1 1 482 1695 484
605 2 2 1 1 1354 2097 1194
606 2 2 1 1 2007 2010 1690
607 2 2 1 1 1259 1974 1874
608 2 2 1 1 1540 1887 1492
609 2 2 1 1 1425 1900 791
610 2 2 1 1 1200 1588 1455
611 2 2 1 1 1197 2056 1198
612 2 2 1 1 1448 1522 658
613 2 2 1 1 1539 1746 504
614 2 2 1 1 2005 2009 1629
615 2 2 1 1 936 1691 1367
616 2 2 1 1 1436 1438 1435
617 2 2 1 1 775 1627 1564
618 2 2 1 1 775 1565 481
619 2 2 1 1 1527 1967 1891
620 2 2 1 1 1413 1474 1414
621 2 2 1 1 2005 2014 766
622 2 2 1 1 648 2010 2007
623 2 2 1 1 1952 2051 1418
624 2 2 1 1 1200 1455 1208
625 2 2 1 1 527 1523 529
626 2 2 1 1 774 1871 1370
627 2 2 1 1 1467 1972 1403
628 2 2 1 1 1522 1788 658
629 2 2 1 1 1991 1994 1277
630 2 2 1 1 1472 1976 806
631 2 2 1 1 1212 1555 1213
632 2 2 1 1 1216 1555 1363
633 2 2 1 1 20 1454 334
634 2 2 1 1 942 1499 1487
635 2 2 1 1 1523 1819 1702
636 2 2 1 1 1434 1805 1746
637 2 2 1 1 2039 2050 814
638 2 2 1 1 658 1523 1448
639 2 2 1 1 1882 1907 1534
640 2 2 1 1 1414 1474 1470
641 2 2 1 1 1434 1620 935
642 2 2 1 1 1746 1805 504
643 2 2 1 1 1370 1869 774
644 2 2 1 1 1702 1819 936
645 2 2 1 1 1206 1462 985
646 2 2 1 1 1901 1970 548
647 2 2 1 1 1423 1468 1427
648 2 2 1 1 901 1554 1074
649 2 2 1 1 774 1884 1871
650 2 2 1 1 1487 1499 1488
651 2 2 1 1 1427 1486 796
652 2 2 1 1 1197 2059 2056
653 2 2 1 1 1470 1471 1469
654 2 2 1 1 1629 2009 1045
655 2 2 1 1 487 1442 584
656 2 2 1 1 1206 1596 1462
657 2 2 1 1 1624 2159 1625
658 2 2 1 1 1074 1554 1553
659 2 2 1 1 1271 1994 1991
660 2 2 1 1 1190 1968 1922
661 2 2 1 1 1498 1500 1499
662 2 2 1 1 1492 1887 795
663 2 2 1 1 1211 1788 1522
664 2 2 1 1 2048 2057 471
665 2 2 1 1 1475 1957 1474
666 2 2 1 1 1834 1854 1395
667 2 2 1 1 584 1442 1441
668 2 2 1 1 1440 1627 584
669 2 2 1 1 804 1543 1518
670 2 2 1 1 795 1854 1834
671 2 2 1 1 855 1533 1530
672 2 2 1 1 1449 1462 1125
673 2 2 1 1 529 1523 658
674 2 2 1 1 1209 1548 1524
675 2 2 1 1 1538 1596 1206
676 2 2 1 1 17 359 18
677 2 2 1 1 2092 2166 379
678 2 2 1 1 345 2108 1634
679 2 2 1 1 935 1805 1434
680 2 2 1 1 1620 1755 935
681 2 2 1 1 1682 2118 1717
682 2 2 1 1 1772 1908 1535
683 2 2 1 1 1530 1536 855
684 2 2 1 1 1574 1960 444
685 2 2 1 1 985 1462 1449
686 2 2 1 1 1482 1795 816
687 2 2 1 1 1210 1861 1519
688 2 2 1 1 746 1483 743
689 2 2 1 1 1445 1620 1123
690 2 2 1 1 984 1946 1073
691 2 2 1 1 1543 1898 1361
692 2 2 1 1 797 1535 855
693 2 2 1 1 1125 1512 1449
694 2 2 1 1 483 1627 775
695 2 2 1 1 1848 1902 1442
696 2 2 1 1 806 2002 1472
697 2 2 1 1 1455 1524 1208
698 2 2 1 1 1570 1620 1445
699 2 2 1 1 1351 2143 358
700 2 2 1 1 923 1489 1458
701 2 2 1 1 1395 1792 1518
702 2 2 1 1 499 1489 923
703 2 2 1 1 584 1627 485
704 2 2 1 1 1466 1795 1482
705 2 2 1 1 1546 1822 1545
706 2 2 1 1 359 1451 18
707 2 2 1 1 489 1848 1442
708 2 2 1 1 1552 1936 724
709 2 2 1 1 793 1772 1535
710 2 2 1 1 1203 1480 1014
711 2 2 1 1 905 1822 1546
712 2 2 1 1 1457 1873 953
713 2 2 1 1 359 1453 1452
714 2 2 1 1 1532 1951 1877
715 2 2 1 1 942 1826 844
716 2 2 1 1 887 1862 1561
717 2 2 1 1 1340 1817 1476
718 2 2 1 1 743 1483 816
719 2 2 1 1 503 1489 499
720 2 2 1 1 1518 1792 804
721 2 2 1 1 1199 1512 1125
722 2 2 1 1 1534 1908 1882
723 2 2 1 1 514 1850 503
724 2 2 1 1 1395 1854 1792
725 2 2 1 1 1220 1909 1219
726 2 2 1 1 1519 1861 840
727 2 2 1 1 1458 1902 923
728 2 2 1 1 1476 1817 699
729 2 2 1 1 1013 1478 1477
730 2 2 1 1 1492 1834 1491
731 2 2 1 1 1882 1908 940
732 2 2 1 1 1565 1884 479
733 2 2 1 1 2059 2065 813
734 2 2 1 1 1209 1524 1455
735 2 2 1 1 1917 1989 592
736 2 2 1 1 359 1452 1451
737 2 2 1 1 1013 1480 1478
738 2 2 1 1 1435 1438 390
739 2 2 1 1 1466 1506 737
740 2 2 1 1 1038 1459 1192
741 2 2 1 1 1013 1477 917
742 2 2 1 1 1646 2169 1113
743 2 2 1 1 1438 1439 390
744 2 2 1 1 1192 1193 1041
745 2 2 1 1 1372 1871 1565
746 2 2 1 1 1219 1899 1519
747 2 2 1 1 503 1850 1489
748 2 2 1 1 1561 1862 1560
749 2 2 1 1 1487 1826 942
750 2 2 1 1 1014 1480 1013
751 2 2 1 1 754 1484 747
752 2 2 1 1 771 1919 901
753 2 2 1 1 1076 1506 1466
754 2 2 1 1 1188 1482 1369
755 2 2 1 1 855 1535 1533
756 2 2 1 1 1062 1460 1459
757 2 2 1 1 19 1454 20
758 2 2 1 1 804 1898 1543
759 2 2 1 1 944 1916 1662
760 2 2 1 1 1465 1524 988
761 2 2 1 1 1609 1859 1706
762 2 2 1 1 1499 1500 1488
763 2 2 1 1 1073 1494 1493
764 2 2 1 1 1470 1472 1471
765 2 2 1 1 1536 1537 801
766 2 2 1 1 1564 1627 1440
767 2 2 1 1 801 1537 803
768 2 2 1 1 763 1858 684
769 2 2 1 1 1497 1499 942
770 2 2 1 1 1524 1548 988
771 2 2 1 1 988 1706 1465
772 2 2 1 1 1528 1536 1530
773 2 2 1 1 1451 1454 19
774 2 2 1 1 1162 1481 1033
775 2 2 1 1 953 1873 810
776 2 2 1 1 799 1536 801
777 2 2 1 1 340 1980 1359
778 2 2 1 1 82 343 83
779 2 2 1 1 855 1536 799
780 2 2 1 1 754 1505 1484
781 2 2 1 1 527 1819 1523
782 2 2 1 1 1038 1192 1041
783 2 2 1 1 1206 1710 1538
784 2 2 1 1 1613 1730 1325
785 2 2 1 1 1523 1702 1448
786 2 2 1 1 1062 1459 1036
787 2 2 1 1 1036 1459 1038
788 2 2 1 1 824 1730 1613
789 2 2 1 1 1230 1889 1563
790 2 2 1 1 747 1484 744
791 2 2 1 1 873 1506 1076
792 2 2 1 1 1390 1540 1387
793 2 2 1 1 1528 1537 1536
794 2 2 1 1 1078 1482 1188
795 2 2 1 1 1033 1034 870
796 2 2 1 1 399 401 400
797 2 2 1 1 1468 1469 1427
798 2 2 1 1 1073 1493 752
799 2 2 1 1 1477 1510 917
800 2 2 1 1 38 391 39
801 2 2 1 1 1211 1814 910
802 2 2 1 1 711 1521 1485
803 2 2 1 1 1449 1512 1450
804 2 2 1 1 1219 1909 1899
805 2 2 1 1 1301 2073 1366
806 2 2 1 1 1415 1418 1417
807 2 2 1 1 941 1497 942
808 2 2 1 1 869 870 754
809 2 2 1 1 1415 1417 1413
810 2 2 1 1 1412 1413 1411
811 2 2 1 1 1412 1415 1413
812 2 2 1 1 1345 2091 397
813 2 2 1 1 737 1795 1466
814 2 2 1 1 1853 1896 1623
815 2 2 1 1 1038 1041 1039
816 2 2 1 1 1522 1814 1211
817 2 2 1 1 1425 1540 1390
818 2 2 1 1 1380 1491 1379
819 2 2 1 1 1090 1604 1547
820 2 2 1 1 1538 1710 708
821 2 2 1 1 1503 1602 1080
822 2 2 1 1 1036 1038 1037
823 2 2 1 1 1855 1873 1457
824 2 2 1 1 1480 1574 1478
825 2 2 1 1 176 394 177
826 2 2 1 1 688 1992 1987
827 2 2 1 1 834 1845 1831
828 2 2 1 1 1325 1839 1264
829 2 2 1 1 1993 2153 966
830 2 2 1 1 744 1484 746
831 2 2 1 1 1188 1190 1189
832 2 2 1 1 869 1033 870
833 2 2 1 1 760 1739 1521
834 2 2 1 1 1410 1412 1411
835 2 2 1 1 711 1596 1538
836 2 2 1 1 1591 1796 1218
837 2 2 1 1 1188 1369 1190
838 2 2 1 1 752 1493 730
839 2 2 1 1 1556 1790 838
840 2 2 1 1 749 869 754
841 2 2 1 1 1556 1817 1340
842 2 2 1 1 1485 1596 711
843 2 2 1 1 1034 1062 1036
844 2 2 1 1 1410 1411 1409
845 2 2 1 1 1518 1543 1375
846 2 2 1 1 857 1526 1525
847 2 2 1 1 1500 1501 1488
848 2 2 1 1 844 1826 749
849 2 2 1 1 1545 1822 1547
850 2 2 1 1 1079 1546 1545
851 2 2 1 1 749 754 747
852 2 2 1 1 857 1537 1526
853 2 2 1 1 920 1510 1075
854 2 2 1 1 2108 2127 1634
855 2 2 1 1 1021 1592 1542
856 2 2 1 1 1507 1788 1211
857 2 2 1 1 1296 1879 1558
858 2 2 1 1 534 1507 537
859 2 2 1 1 1561 1883 887
860 2 2 1 1 1715 1797 1603
861 2 2 1 1 803 1537 857
862 2 2 1 1 788 1772 790
863 2 2 1 1 1466 1482 1078
864 2 2 1 1 1831 1845 1476
865 2 2 1 1 1504 1750 1101
866 2 2 1 1 1079 1545 1544
867 2 2 1 1 1407 1409 1408
868 2 2 1 1 1706 1859 1465
869 2 2 1 1 742 744 743
870 2 2 1 1 1034 1036 1035
871 2 2 1 1 739 740 738
872 2 2 1 1 1491 1834 1379
873 2 2 1 1 1548 1752 657
874 2 2 1 1 1715 1716 937
875 2 2 1 1 1572 1858 763
876 2 2 1 1 1385 1386 1383
877 2 2 1 1 1547 1604 1559
878 2 2 1 1 1078 1188 1187
879 2 2 1 1 1521 1739 1485
880 2 2 1 1 80 366 81
881 2 2 1 1 180 395 181
882 2 2 1 1 745 747 744
883 2 2 1 1 1385 1387 1386
884 2 2 1 1 368 1511 151
885 2 2 1 1 1387 1540 1386
886 2 2 1 1 1542 1592 1148
887 2 2 1 1 1513 1747 922
888 2 2 1 1 1076 1466 1078
889 2 2 1 1 1891 1967 541
890 2 2 1 1 83 1435 84
891 2 2 1 1 748 749 747
892 2 2 1 1 740 742 741
893 2 2 1 1 1514 1515 367
894 2 2 1 1 1546 1873 1855
895 2 2 1 1 744 746 743
896 2 2 1 1 537 1507 550
897 2 2 1 1 742 1496 745
898 2 2 1 1 1209 1752 1548
899 2 2 1 1 1409 1423 1408
900 2 2 1 1 564 1796 1591
901 2 2 1 1 1591 1850 514
902 2 2 1 1 1073 1946 1495
903 2 2 1 1 1498 1499 1497
904 2 2 1 1 463 1708 472
905 2 2 1 1 1350 1498 1497
906 2 2 1 1 1407 1410 1409
907 2 2 1 1 154 1514 367
908 2 2 1 1 149 2081 1353
909 2 2 1 1 178 361 179
910 2 2 1 1 773 1632 1631
911 2 2 1 1 1071 1162 1033
912 2 2 1 1 901 1919 1554
913 2 2 1 1 735 736 734
914 2 2 1 1 1367 1368 1203
915 2 2 1 1 736 739 738
916 2 2 1 1 1080 1602 808
917 2 2 1 1 1123 1620 1434
918 2 2 1 1 857 1525 858
919 2 2 1 1 1242 1774 1631
920 2 2 1 1 699 1831 1476
921 2 2 1 1 940 1772 788
922 2 2 1 1 755 1496 740
923 2 2 1 1 1471 1473 1469
924 2 2 1 1 1076 1078 1077
925 2 2 1 1 1386 1492 1491
926 2 2 1 1 732 735 734
927 2 2 1 1 1075 1510 1477
928 2 2 1 1 1407 1408 1405
929 2 2 1 1 915 1510 920
930 2 2 1 1 607 1559 577
931 2 2 1 1 1163 1356 1162
932 2 2 1 1 1496 1861 1842
933 2 2 1 1 1394 1520 1393
934 2 2 1 1 736 738 737
935 2 2 1 1 1383 1491 1380
936 2 2 1 1 1193 1194 1041
937 2 2 1 1 740 1496 742
938 2 2 1 1 1202 1367 1203
939 2 2 1 1 1546 1855 905
940 2 2 1 1 1061 1497 941
941 2 2 1 1 742 745 744
942 2 2 1 1 1202 1203 1014
943 2 2 1 1 1705 1983 1625
944 2 2 1 1 921 1014 1013
945 2 2 1 1 760 1521 702
946 2 2 1 1 1563 1889 1005
947 2 2 1 1 1109 1708 463
948 2 2 1 1 1350 1497 1061
949 2 2 1 1 941 942 844
950 2 2 1 1 1021 1542 1541
951 2 2 1 1 1202 1702 1367
952 2 2 1 1 1406 1407 1405
953 2 2 1 1 739 755 740
954 2 2 1 1 568 1708 1464
955 2 2 1 1 921 1013 917
956 2 2 1 1 1016 1569 1568
957 2 2 1 1 937 1797 1715
958 2 2 1 1 1079 1544 674
959 2 2 1 1 1526 1537 1528
960 2 2 1 1 1075 1266 1265
961 2 2 1 1 1514 1516 1515
962 2 2 1 1 1190 1330 1189
963 2 2 1 1 540 1571 512
964 2 2 1 1 742 743 741
965 2 2 1 1 674 1544 642
966 2 2 1 1 739 1668 839
967 2 2 1 1 18 1451 19
968 2 2 1 1 1516 1517 1515
969 2 2 1 1 1530 1531 1529
970 2 2 1 1 1032 1886 1874
971 2 2 1 1 1269 1790 1556
972 2 2 1 1 1129 1862 887
973 2 2 1 1 1249 1936 1552
974 2 2 1 1 1478 1479 1266
975 2 2 1 1 1531 1532 1529
976 2 2 1 1 987 1195 1082
977 2 2 1 1 773 1738 1632
978 2 2 1 1 1389 1390 1387
979 2 2 1 1 1349 1350 1061
980 2 2 1 1 912 921 917
981 2 2 1 1 1075 1265 1044
982 2 2 1 1 736 1668 739
983 2 2 1 1 570 1750 582
984 2 2 1 1 1379 1395 1377
985 2 2 1 1 1528 1529 1527
986 2 2 1 1 1716 1766 937
987 2 2 1 1 732 734 733
988 2 2 1 1 1730 1839 1325
989 2 2 1 1 920 1075 1044
990 2 2 1 1 1034 1035 870
991 2 2 1 1 1526 1527 1196
992 2 2 1 1 1388 1389 1387
993 2 2 1 1 746 1944 1483
994 2 2 1 1 745 748 747
995 2 2 1 1 922 1747 718
996 2 2 1 1 1208 1524 1465
997 2 2 1 1 1391 1393 1390
998 2 2 1 1 1178 1219 978
999 2 2 1 1 1413 1414 1411
1000 2 2 1 1 1549 1711 805
1001 2 2 1 1 152 1511 333
1002 2 2 1 1 1558 1879 1018
1003 2 2 1 1 740 741 738
1004 2 2 1 1 1021 1541 1022
1005 2 2 1 1 908 1211 910
1006 2 2 1 1 1386 1491 1383
1007 2 2 1 1 1188 1189 1187
1008 2 2 1 1 1477 1478 1266
1009 2 2 1 1 1559 1604 577
1010 2 2 1 1 1493 1494 735
1011 2 2 1 1 1519 1899 1210
1012 2 2 1 1 1631 1774 773
1013 2 2 1 1 1384 1385 1383
1014 2 2 1 1 861 987 951
1015 2 2 1 1 1462 1596 1124
1016 2 2 1 1 333 1514 153
1017 2 2 1 1 939 1820 593
1018 2 2 1 1 984 1073 752
1019 2 2 1 1 1033 1481 1034
1020 2 2 1 1 1122 1539 1199
1021 2 2 1 1 748 844 749
1022 2 2 1 1 1525 1526 1196
1023 2 2 1 1 333 1516 1514
1024 2 2 1 1 1201 1202 1014
1025 2 2 1 1 978 1519 840
1026 2 2 1 1 729 752 730
1027 2 2 1 1 1069 1568 1255
1028 2 2 1 1 912 917 913
1029 2 2 1 1 152 333 153
1030 2 2 1 1 1605 1765 1234
1031 2 2 1 1 1577 1580 1579
1032 2 2 1 1 1533 1534 1531
1033 2 2 1 1 1389 1391 1390
1034 2 2 1 1 1494 1668 735
1035 2 2 1 1 910 912 911
1036 2 2 1 1 1178 1220 1219
1037 2 2 1 1 987 1082 951
1038 2 2 1 1 1219 1519 978
1039 2 2 1 1 512 1571 475
1040 2 2 1 1 980 1568 1069
1041 2 2 1 1 864 1592 1021
1042 2 2 1 1 1560 1862 1102
1043 2 2 1 1 1587 1778 1703
1044 2 2 1 1 987 1525 1196
1045 2 2 1 1 1101 1750 570
1046 2 2 1 1 1385 1771 1388
1047 2 2 1 1 906 984 752
1048 2 2 1 1 917 1510 913
1049 2 2 1 1 1401 1424 1399
1050 2 2 1 1 913 1510 915
1051 2 2 1 1 1038 1039 1037
1052 2 2 1 1 908 910 909
1053 2 2 1 1 1404 1405 1403
1054 2 2 1 1 695 1665 822
1055 2 2 1 1 1386 1540 1492
1056 2 2 1 1 1385 1388 1387
1057 2 2 1 1 1377 1518 1375
1058 2 2 1 1 1016 1568 867
1059 2 2 1 1 721 729 728
1060 2 2 1 1 1069 1254 1204
1061 2 2 1 1 706 1538 708
1062 2 2 1 1 729 730 728
1063 2 2 1 1 1254 1370 1204
1064 2 2 1 1 630 1559 607
1065 2 2 1 1 985 1133 984
1066 2 2 1 1 135 1579 372
1067 2 2 1 1 1155 1761 452
1068 2 2 1 1 1069 1204 1068
1069 2 2 1 1 1078 1187 1077
1070 2 2 1 1 1349 1371 1350
1071 2 2 1 1 733 1506 873
1072 2 2 1 1 1375 1543 1362
1073 2 2 1 1 704 711 706
1074 2 2 1 1 1662 1916 1240
1075 2 2 1 1 666 667 626
1076 2 2 1 1 1449 1450 1133
1077 2 2 1 1 730 1493 732
1078 2 2 1 1 812 1635 757
1079 2 2 1 1 920 1044 1043
1080 2 2 1 1 858 1525 861
1081 2 2 1 1 1400 1401 1399
1082 2 2 1 1 1579 1580 372
1083 2 2 1 1 797 855 799
1084 2 2 1 1 1388 1771 1429
1085 2 2 1 1 980 1069 1068
1086 2 2 1 1 1842 1861 1210
1087 2 2 1 1 1122 1199 1125
1088 2 2 1 1 1025 1191 1118
1089 2 2 1 1 1393 1425 1390
1090 2 2 1 1 838 1817 1556
1091 2 2 1 1 655 1548 657
1092 2 2 1 1 873 1076 1060
1093 2 2 1 1 767 1504 769
1094 2 2 1 1 1119 1120 983
1095 2 2 1 1 1703 1778 1217
1096 2 2 1 1 741 1795 738
1097 2 2 1 1 866 1016 867
1098 2 2 1 1 1391 1394 1393
1099 2 2 1 1 1398 1399 1394
1100 2 2 1 1 987 1196 1195
1101 2 2 1 1 20 334 21
1102 2 2 1 1 1124 1596 1485
1103 2 2 1 1 1395 1518 1377
1104 2 2 1 1 838 1790 1768
1105 2 2 1 1 625 626 620
1106 2 2 1 1 701 702 700
1107 2 2 1 1 757 1635 871
1108 2 2 1 1 150 368 151
1109 2 2 1 1 349 1562 144
1110 2 2 1 1 866 1602 1503
1111 2 2 1 1 1337 1556 1340
1112 2 2 1 1 1103 1560 1102
1113 2 2 1 1 808 1602 667
1114 2 2 1 1 1402 1403 1401
1115 2 2 1 1 1122 1125 1124
1116 2 2 1 1 866 867 851
1117 2 2 1 1 1120 1122 1121
1118 2 2 1 1 550 908 578
1119 2 2 1 1 1528 1530 1529
1120 2 2 1 1 1120 1539 1122
1121 2 2 1 1 759 1602 866
1122 2 2 1 1 902 1080 808
1123 2 2 1 1 828 1587 826
1124 2 2 1 1 711 1538 706
1125 2 2 1 1 1360 1361 1326
1126 2 2 1 1 869 1071 1033
1127 2 2 1 1 157 1567 328
1128 2 2 1 1 666 808 667
1129 2 2 1 1 625 666 626
1130 2 2 1 1 1234 1765 1607
1131 2 2 1 1 701 760 702
1132 2 2 1 1 1575 1581 1576
1133 2 2 1 1 590 1693 609
1134 2 2 1 1 926 1571 540
1135 2 2 1 1 861 1525 987
1136 2 2 1 1 1376 1377 1375
1137 2 2 1 1 1544 1545 991
1138 2 2 1 1 1768 1790 1549
1139 2 2 1 1 667 759 758
1140 2 2 1 1 1097 1711 1549
1141 2 2 1 1 669 701 700
1142 2 2 1 1 903 953 810
1143 2 2 1 1 1022 1541 1025
1144 2 2 1 1 1557 1815 1571
1145 2 2 1 1 1071 1163 1162
1146 2 2 1 1 753 810 674
1147 2 2 1 1 767 1750 1504
1148 2 2 1 1 759 866 851
1149 2 2 1 1 1526 1528 1527
1150 2 2 1 1 736 737 734
1151 2 2 1 1 1568 1569 1255
1152 2 2 1 1 1575 1576 353
1153 2 2 1 1 472 1708 568
1154 2 2 1 1 729 906 752
1155 2 2 1 1 1389 1664 1391
1156 2 2 1 1 915 920 918
1157 2 2 1 1 1362 1543 1361
1158 2 2 1 1 672 1665 695
1159 2 2 1 1 982 983 852
1160 2 2 1 1 982 1119 983
1161 2 2 1 1 642 1544 632
1162 2 2 1 1 1484 1928 746
1163 2 2 1 1 1062 1461 1460
1164 2 2 1 1 901 1074 1050
1165 2 2 1 1 356 1645 1644
1166 2 2 1 1 767 769 768
1167 2 2 1 1 1391 1664 1397
1168 2 2 1 1 154 367 155
1169 2 2 1 1 550 1507 908
1170 2 2 1 1 957 1676 1675
1171 2 2 1 1 332 1648 73
1172 2 2 1 1 632 991 630
1173 2 2 1 1 136 1579 135
1174 2 2 1 1 1025 1541 1191
1175 2 2 1 1 1530 1533 1531
1176 2 2 1 1 1075 1477 1266
1177 2 2 1 1 1086 1758 469
1178 2 2 1 1 1118 1689 1026
1179 2 2 1 1 1789 1796 620
1180 2 2 1 1 564 1591 543
1181 2 2 1 1 980 1068 1067
1182 2 2 1 1 906 985 984
1183 2 2 1 1 867 980 979
1184 2 2 1 1 1500 1502 1501
1185 2 2 1 1 1324 1325 1264
1186 2 2 1 1 1853 1862 1129
1187 2 2 1 1 1229 1601 1600
1188 2 2 1 1 759 851 850
1189 2 2 1 1 1118 1690 1689
1190 2 2 1 1 702 1521 704
1191 2 2 1 1 1100 1693 590
1192 2 2 1 1 594 625 620
1193 2 2 1 1 1076 1077 1060
1194 2 2 1 1 496 1570 500
1195 2 2 1 1 1388 1419 1389
1196 2 2 1 1 670 674 642
1197 2 2 1 1 367 1566 155
1198 2 2 1 1 594 620 574
1199 2 2 1 1 988 1548 655
1200 2 2 1 1 1340 1476 1341
1201 2 2 1 1 632 1544 991
1202 2 2 1 1 356 1646 1645
1203 2 2 1 1 610 767 634
1204 2 2 1 1 74 1648 1647
1205 2 2 1 1 1251 1561 1560
1206 2 2 1 1 762 1623 1088
1207 2 2 1 1 653 988 655
1208 2 2 1 1 756 922 718
1209 2 2 1 1 839 840 755
1210 2 2 1 1 1803 1992 688
1211 2 2 1 1 1197 1198 967
1212 2 2 1 1 858 861 860
1213 2 2 1 1 753 903 810
1214 2 2 1 1 861 951 862
1215 2 2 1 1 433 1751 431
1216 2 2 1 1 1130 1170 1083
1217 2 2 1 1 151 1511 152
1218 2 2 1 1 1250 1251 1106
1219 2 2 1 1 803 857 825
1220 2 2 1 1 875 1675 877
1221 2 2 1 1 637 1570 1445
1222 2 2 1 1 36 352 37
1223 2 2 1 1 730 732 731
1224 2 2 1 1 985 1449 1133
1225 2 2 1 1 790 1772 793
1226 2 2 1 1 994 1609 586
1227 2 2 1 1 500 1570 637
1228 2 2 1 1 784 796 782
1229 2 2 1 1 729 1710 906
1230 2 2 1 1 1576 1578 1577
1231 2 2 1 1 669 700 699
1232 2 2 1 1 1589 1590 1130
1233 2 2 1 1 141 393 140
1234 2 2 1 1 74 1647 75
1235 2 2 1 1 670 753 674
1236 2 2 1 1 1374 1375 1362
1237 2 2 1 1 977 978 840
1238 2 2 1 1 895 1584 1582
1239 2 2 1 1 692 1573 751
1240 2 2 1 1 1002 1223 1114
1241 2 2 1 1 810 1079 674
1242 2 2 1 1 543 1591 514
1243 2 2 1 1 77 1644 1643
1244 2 2 1 1 1101 1809 1504
1245 2 2 1 1 1707 1737 882
1246 2 2 1 1 371 1581 1575
1247 2 2 1 1 780 939 593
1248 2 2 1 1 137 1575 353
1249 2 2 1 1 1326 1613 1325
1250 2 2 1 1 1337 1340 1339
1251 2 2 1 1 1478 1574 1479
1252 2 2 1 1 392 1598 1597
1253 2 2 1 1 653 1706 988
1254 2 2 1 1 732 1493 735
1255 2 2 1 1 704 1521 711
1256 2 2 1 1 1082 1272 1148
1257 2 2 1 1 1129 1896 1853
1258 2 2 1 1 1120 1746 1539
1259 2 2 1 1 954 1083 892
1260 2 2 1 1 1177 1178 978
1261 2 2 1 1 1269 1556 1337
1262 2 2 1 1 657 669 668
1263 2 2 1 1 1106 1560 1103
1264 2 2 1 1 1062 1481 1461
1265 2 2 1 1 1398 1400 1399
1266 2 2 1 1 667 758 626
1267 2 2 1 1 153 1514 154
1268 2 2 1 1 906 1710 1206
1269 2 2 1 1 1399 1520 1394
1270 2 2 1 1 849 852 760
1271 2 2 1 1 771 901 900
1272 2 2 1 1 957 1675 875
1273 2 2 1 1 1545 1547 991
1274 2 2 1 1 1355 1490 1220
1275 2 2 1 1 826 1587 895
1276 2 2 1 1 867 1568 980
1277 2 2 1 1 637 1445 1200
1278 2 2 1 1 1116 1615 1614
1279 2 2 1 1 1557 1571 926
1280 2 2 1 1 1630 1692 1059
1281 2 2 1 1 702 704 703
1282 2 2 1 1 653 655 654
1283 2 2 1 1 929 1600 854
1284 2 2 1 1 1123 1434 1119
1285 2 2 1 1 509 1603 507
1286 2 2 1 1 981 982 852
1287 2 2 1 1 854 1600 853
1288 2 2 1 1 1340 1341 1339
1289 2 2 1 1 954 1589 1130
1290 2 2 1 1 809 902 808
1291 2 2 1 1 708 1710 721
1292 2 2 1 1 912 913 911
1293 2 2 1 1 145 1562 370
1294 2 2 1 1 1131 1132 1087
1295 2 2 1 1 565 574 564
1296 2 2 1 1 1404 1406 1405
1297 2 2 1 1 1360 1362 1361
1298 2 2 1 1 1120 1121 983
1299 2 2 1 1 751 1573 874
1300 2 2 1 1 1721 1811 1601
1301 2 2 1 1 454 1155 452
1302 2 2 1 1 908 909 578
1303 2 2 1 1 955 1674 1589
1304 2 2 1 1 1087 1715 1603
1305 2 2 1 1 921 1201 1014
1306 2 2 1 1 1088 1762 694
1307 2 2 1 1 1122 1124 1121
1308 2 2 1 1 1652 1653 332
1309 2 2 1 1 874 1573 1281
1310 2 2 1 1 1600 1601 853
1311 2 2 1 1 441 1736 583
1312 2 2 1 1 655 657 656
1313 2 2 1 1 22 383 23
1314 2 2 1 1 1576 1577 353
1315 2 2 1 1 1609 1706 651
1316 2 2 1 1 704 706 705
1317 2 2 1 1 515 1608 544
1318 2 2 1 1 967 1557 926
1319 2 2 1 1 954 1130 1083
1320 2 2 1 1 1251 1560 1106
1321 2 2 1 1 1149 1692 1630
1322 2 2 1 1 910 911 909
1323 2 2 1 1 1087 1603 712
1324 2 2 1 1 1747 1779 671
1325 2 2 1 1 651 653 652
1326 2 2 1 1 1582 1619 895
1327 2 2 1 1 721 728 727
1328 2 2 1 1 1244 1295 1294
1329 2 2 1 1 1265 1267 1044
1330 2 2 1 1 373 1622 1621
1331 2 2 1 1 78 1643 329
1332 2 2 1 1 992 1811 1721
1333 2 2 1 1 392 1597 88
1334 2 2 1 1 1067 1564 1440
1335 2 2 1 1 618 1606 635
1336 2 2 1 1 84 1435 390
1337 2 2 1 1 874 1281 957
1338 2 2 1 1 1296 1558 1298
1339 2 2 1 1 1097 1549 1166
1340 2 2 1 1 895 1587 1584
1341 2 2 1 1 143 349 144
1342 2 2 1 1 73 1648 74
1343 2 2 1 1 1400 1402 1401
1344 2 2 1 1 664 924 807
1345 2 2 1 1 1324 1326 1325
1346 2 2 1 1 661 1606 1605
1347 2 2 1 1 712 1603 509
1348 2 2 1 1 474 1697 511
1349 2 2 1 1 77 1643 78
1350 2 2 1 1 145 370 146
1351 2 2 1 1 1015 1087 712
1352 2 2 1 1 1099 1737 1707
1353 2 2 1 1 904 1032 902
1354 2 2 1 1 706 708 707
1355 2 2 1 1 1030 1610 1158
1356 2 2 1 1 867 979 851
1357 2 2 1 1 579 1608 994
1358 2 2 1 1 1069 1255 1254
1359 2 2 1 1 575 594 574
1360 2 2 1 1 667 1602 759
1361 2 2 1 1 147 340 148
1362 2 2 1 1 544 1608 579
1363 2 2 1 1 499 923 495
1364 2 2 1 1 1204 1372 1068
1365 2 2 1 1 1116 1614 971
1366 2 2 1 1 892 1635 812
1367 2 2 1 1 767 768 634
1368 2 2 1 1 1539 1695 1199
1369 2 2 1 1 371 1575 138
1370 2 2 1 1 759 850 758
1371 2 2 1 1 1238 1807 1112
1372 2 2 1 1 1198 1557 967
1373 2 2 1 1 139 371 138
1374 2 2 1 1 1074 1161 1050
1375 2 2 1 1 1164 1197 967
1376 2 2 1 1 1378 1379 1377
1377 2 2 1 1 822 1665 1002
1378 2 2 1 1 1434 1746 1119
1379 2 2 1 1 708 721 720
1380 2 2 1 1 1566 1567 156
1381 2 2 1 1 1574 1978 1479
1382 2 2 1 1 615 1609 651
1383 2 2 1 1 89 1618 392
1384 2 2 1 1 133 1611 344
1385 2 2 1 1 633 642 632
1386 2 2 1 1 1228 1229 997
1387 2 2 1 1 631 632 630
1388 2 2 1 1 956 967 926
1389 2 2 1 1 1631 1632 1295
1390 2 2 1 1 1242 1631 1244
1391 2 2 1 1 901 1050 900
1392 2 2 1 1 1025 1118 1026
1393 2 2 1 1 816 1795 741
1394 2 2 1 1 1201 1448 1202
1395 2 2 1 1 156 1567 157
1396 2 2 1 1 1382 1383 1380
1397 2 2 1 1 1235 1723 624
1398 2 2 1 1 920 1043 918
1399 2 2 1 1 563 564 543
1400 2 2 1 1 1072 1270 1032
1401 2 2 1 1 1624 1625 1059
1402 2 2 1 1 864 1021 934
1403 2 2 1 1 1125 1462 1124
1404 2 2 1 1 454 1160 1155
1405 2 2 1 1 635 1606 661
1406 2 2 1 1 1361 1613 1326
1407 2 2 1 1 661 1605 765
1408 2 2 1 1 687 763 684
1409 2 2 1 1 800 1792 798
1410 2 2 1 1 1295 1296 1294
1411 2 2 1 1 1055 1624 1059
1412 2 2 1 1 971 1614 972
1413 2 2 1 1 980 1067 979
1414 2 2 1 1 1402 1404 1403
1415 2 2 1 1 471 1086 469
1416 2 2 1 1 1051 1288 1287
1417 2 2 1 1 848 1623 762
1418 2 2 1 1 908 1507 1211
1419 2 2 1 1 910 1814 912
1420 2 2 1 1 1007 1102 1006
1421 2 2 1 1 684 1858 682
1422 2 2 1 1 579 994 586
1423 2 2 1 1 657 1752 669
1424 2 2 1 1 1081 1098 903
1425 2 2 1 1 1092 1727 1711
1426 2 2 1 1 827 1619 837
1427 2 2 1 1 1337 1339 1338
1428 2 2 1 1 1107 1250 1106
1429 2 2 1 1 144 1562 145
1430 2 2 1 1 989 1809 1782
1431 2 2 1 1 643 670 642
1432 2 2 1 1 840 1861 755
1433 2 2 1 1 87 1597 1327
1434 2 2 1 1 586 1609 615
1435 2 2 1 1 1666 1667 385
1436 2 2 1 1 866 1503 1016
1437 2 2 1 1 129 1621 335
1438 2 2 1 1 1022 1025 1024
1439 2 2 1 1 87 1327 86
1440 2 2 1 1 1513 1779 1747
1441 2 2 1 1 348 1642 1641
1442 2 2 1 1 547 926 540
1443 2 2 1 1 1637 1638 377
1444 2 2 1 1 583 1698 439
1445 2 2 1 1 1185 1624 1055
1446 2 2 1 1 155 1566 156
1447 2 2 1 1 1015 1131 1087
1448 2 2 1 1 895 1619 827
1449 2 2 1 1 828 1778 1587
1450 2 2 1 1 582 1750 610
1451 2 2 1 1 335 1626 128
1452 2 2 1 1 1006 1623 848
1453 2 2 1 1 1654 1655 380
1454 2 2 1 1 842 1552 724
1455 2 2 1 1 1008 1228 997
1456 2 2 1 1 856 1799 1260
1457 2 2 1 1 1030 1158 1157
1458 2 2 1 1 997 1600 929
1459 2 2 1 1 1257 1320 1292
1460 2 2 1 1 629 630 607
1461 2 2 1 1 982 1588 1123
1462 2 2 1 1 356 1644 76
1463 2 2 1 1 852 1739 760
1464 2 2 1 1 76 1644 77
1465 2 2 1 1 1269 1337 1336
1466 2 2 1 1 1158 1696 1159
1467 2 2 1 1 615 651 641
1468 2 2 1 1 1218 1796 1789
1469 2 2 1 1 1152 1895 1893
1470 2 2 1 1 143 1593 349
1471 2 2 1 1 1147 1238 1112
1472 2 2 1 1 762 1088 694
1473 2 2 1 1 719 756 718
1474 2 2 1 1 701 849 760
1475 2 2 1 1 1229 1721 1601
1476 2 2 1 1 1097 1166 1165
1477 2 2 1 1 137 353 136
1478 2 2 1 1 1140 1290 1139
1479 2 2 1 1 702 703 700
1480 2 2 1 1 881 1234 1230
1481 2 2 1 1 1105 1106 1103
1482 2 2 1 1 372 1611 134
1483 2 2 1 1 1289 1649 949
1484 2 2 1 1 1000 1006 848
1485 2 2 1 1 1397 1398 1394
1486 2 2 1 1 907 941 844
1487 2 2 1 1 735 1668 736
1488 2 2 1 1 1131 1248 1132
1489 2 2 1 1 982 1123 1119
1490 2 2 1 1 609 1693 664
1491 2 2 1 1 1026 1689 1028
1492 2 2 1 1 365 1618 90
1493 2 2 1 1 961 1084 971
1494 2 2 1 1 1419 1664 1389
1495 2 2 1 1 1159 1173 1172
1496 2 2 1 1 353 1579 136
1497 2 2 1 1 1159 1696 1173
1498 2 2 1 1 479 1884 473
1499 2 2 1 1 1424 1520 1399
1500 2 2 1 1 1614 1615 1320
1501 2 2 1 1 1084 1284 1116
1502 2 2 1 1 837 1619 961
1503 2 2 1 1 889 894 722
1504 2 2 1 1 135 372 134
1505 2 2 1 1 949 1649 894
1506 2 2 1 1 931 997 929
1507 2 2 1 1 1551 1629 1628
1508 2 2 1 1 653 654 652
1509 2 2 1 1 757 871 756
1510 2 2 1 1 580 1153 1031
1511 2 2 1 1 861 862 860
1512 2 2 1 1 89 392 88
1513 2 2 1 1 1084 1116 971
1514 2 2 1 1 881 1230 899
1515 2 2 1 1 974 1674 955
1516 2 2 1 1 877 1675 1051
1517 2 2 1 1 893 954 892
1518 2 2 1 1 955 1589 954
1519 2 2 1 1 1312 1447 1289
1520 2 2 1 1 439 1698 437
1521 2 2 1 1 1695 1945 1199
1522 2 2 1 1 348 1641 99
1523 2 2 1 1 1166 1269 1268
1524 2 2 1 1 972 1614 1257
1525 2 2 1 1 1121 1739 983
1526 2 2 1 1 138 1575 137
1527 2 2 1 1 1055 1059 947
1528 2 2 1 1 849 981 852
1529 2 2 1 1 813 1724 679
1530 2 2 1 1 1257 1292 1258
1531 2 2 1 1 1675 1676 1288
1532 2 2 1 1 1625 1630 1059
1533 2 2 1 1 594 1090 625
1534 2 2 1 1 1230 1563 1231
1535 2 2 1 1 373 1621 130
1536 2 2 1 1 576 1726 606
1537 2 2 1 1 1028 1610 1030
1538 2 2 1 1 689 1636 690
1539 2 2 1 1 133 344 132
1540 2 2 1 1 97 1640 354
1541 2 2 1 1 1711 1727 805
1542 2 2 1 1 91 365 90
1543 2 2 1 1 511 1697 580
1544 2 2 1 1 375 1633 101
1545 2 2 1 1 981 1588 982
1546 2 2 1 1 1229 1600 997
1547 2 2 1 1 958 1731 1309
1548 2 2 1 1 669 699 668
1549 2 2 1 1 1150 1289 949
1550 2 2 1 1 127 1626 374
1551 2 2 1 1 131 373 130
1552 2 2 1 1 690 1636 725
1553 2 2 1 1 765 881 880
1554 2 2 1 1 1423 1426 1408
1555 2 2 1 1 1603 1797 507
1556 2 2 1 1 1681 1682 387
1557 2 2 1 1 345 1634 103
1558 2 2 1 1 1085 1677 846
1559 2 2 1 1 1606 1765 1605
1560 2 2 1 1 88 1597 87
1561 2 2 1 1 1138 1139 974
1562 2 2 1 1 1244 1631 1295
1563 2 2 1 1 1582 1583 1284
1564 2 2 1 1 573 1651 555
1565 2 2 1 1 696 718 673
1566 2 2 1 1 1083 1635 892
1567 2 2 1 1 725 1636 828
1568 2 2 1 1 961 1619 1084
1569 2 2 1 1 1585 1586 1583
1570 2 2 1 1 919 1628 1045
1571 2 2 1 1 765 1605 881
1572 2 2 1 1 129 335 128
1573 2 2 1 1 1084 1619 1582
1574 2 2 1 1 725 828 826
1575 2 2 1 1 805 1768 1549
1576 2 2 1 1 1084 1582 1284
1577 2 2 1 1 90 1618 89
1578 2 2 1 1 1002 1114 1003
1579 2 2 1 1 588 1700 567
1580 2 2 1 1 339 1637 107
1581 2 2 1 1 127 374 126
1582 2 2 1 1 94 360 93
1583 2 2 1 1 891 892 812
1584 2 2 1 1 946 1085 846
1585 2 2 1 1 1094 1097 1096
1586 2 2 1 1 134 1611 133
1587 2 2 1 1 1304 1307 1306
1588 2 2 1 1 666 809 808
1589 2 2 1 1 1601 1670 853
1590 2 2 1 1 961 971 962
1591 2 2 1 1 98 1641 1640
1592 2 2 1 1 1257 1614 1320
1593 2 2 1 1 124 330 123
1594 2 2 1 1 1064 1349 1061
1595 2 2 1 1 1584 1585 1583
1596 2 2 1 1 1036 1037 1035
1597 2 2 1 1 881 899 880
1598 2 2 1 1 98 1640 97
1599 2 2 1 1 996 1694 587
1600 2 2 1 1 786 1812 940
1601 2 2 1 1 113 1639 336
1602 2 2 1 1 655 656 654
1603 2 2 1 1 1496 1842 745
1604 2 2 1 1 927 1685 1684
1605 2 2 1 1 714 716 650
1606 2 2 1 1 100 1633 348
1607 2 2 1 1 972 1257 1256
1608 2 2 1 1 889 949 894
1609 2 2 1 1 130 1621 129
1610 2 2 1 1 496 1755 1570
1611 2 2 1 1 128 1626 127
1612 2 2 1 1 102 1634 375
1613 2 2 1 1 161 1678 162
1614 2 2 1 1 651 652 641
1615 2 2 1 1 563 565 564
1616 2 2 1 1 97 354 96
1617 2 2 1 1 100 348 99
1618 2 2 1 1 943 1061 941
1619 2 2 1 1 594 1604 1090
1620 2 2 1 1 1059 1692 947
1621 2 2 1 1 1582 1584 1583
1622 2 2 1 1 991 1559 630
1623 2 2 1 1 121 355 120
1624 2 2 1 1 979 1753 851
1625 2 2 1 1 1660 1661 382
1626 2 2 1 1 64 1654 65
1627 2 2 1 1 102 375 101
1628 2 2 1 1 106 1637 377
1629 2 2 1 1 1230 1231 899
1630 2 2 1 1 104 345 103
1631 2 2 1 1 1132 1716 1715
1632 2 2 1 1 717 722 716
1633 2 2 1 1 1001 1774 1242
1634 2 2 1 1 106 377 105
1635 2 2 1 1 1242 1244 1243
1636 2 2 1 1 108 339 107
1637 2 2 1 1 378 1639 114
1638 2 2 1 1 931 1008 997
1639 2 2 1 1 99 1641 98
1640 2 2 1 1 78 329 79
1641 2 2 1 1 881 1605 1234
1642 2 2 1 1 110 376 109
1643 2 2 1 1 837 961 960
1644 2 2 1 1 534 1788 1507
1645 2 2 1 1 657 668 656
1646 2 2 1 1 101 1633 100
1647 2 2 1 1 113 336 112
1648 2 2 1 1 574 1796 564
1649 2 2 1 1 927 1684 928
1650 2 2 1 1 115 378 114
1651 2 2 1 1 1296 1298 1297
1652 2 2 1 1 826 895 827
1653 2 2 1 1 103 1634 102
1654 2 2 1 1 118 331 117
1655 2 2 1 1 107 1637 106
1656 2 2 1 1 822 1002 897
1657 2 2 1 1 1150 1312 1289
1658 2 2 1 1 956 1164 967
1659 2 2 1 1 1244 1294 1293
1660 2 2 1 1 1216 1363 1351
1661 2 2 1 1 114 1639 113
1662 2 2 1 1 65 1654 380
1663 2 2 1 1 1292 1302 1258
1664 2 2 1 1 1001 1242 1241
1665 2 2 1 1 565 575 574
1666 2 2 1 1 547 956 926
1667 2 2 1 1 618 1709 1606
1668 2 2 1 1 1216 1351 1217
1669 2 2 1 1 356 1647 1646
1670 2 2 1 1 1374 1376 1375
1671 2 2 1 1 1002 1665 1223
1672 2 2 1 1 75 356 76
1673 2 2 1 1 75 1647 356
1674 2 2 1 1 857 858 825
1675 2 2 1 1 874 957 875
1676 2 2 1 1 971 972 962
1677 2 2 1 1 635 661 659
1678 2 2 1 1 1051 1287 1286
1679 2 2 1 1 1213 1216 1215
1680 2 2 1 1 883 1673 882
1681 2 2 1 1 1257 1258 1256
1682 2 2 1 1 661 765 764
1683 2 2 1 1 1011 1285 1212
1684 2 2 1 1 678 813 679
1685 2 2 1 1 829 889 722
1686 2 2 1 1 765 880 879
1687 2 2 1 1 1082 1148 951
1688 2 2 1 1 994 1859 1609
1689 2 2 1 1 1034 1481 1062
1690 2 2 1 1 928 1684 932
1691 2 2 1 1 725 826 726
1692 2 2 1 1 598 1651 573
1693 2 2 1 1 1337 1338 1336
1694 2 2 1 1 809 904 902
1695 2 2 1 1 690 725 710
1696 2 2 1 1 1094 1711 1097
1697 2 2 1 1 72 332 73
1698 2 2 1 1 71 1652 72
1699 2 2 1 1 70 379 71
1700 2 2 1 1 961 962 960
1701 2 2 1 1 899 1672 880
1702 2 2 1 1 67 337 68
1703 2 2 1 1 1232 1672 899
1704 2 2 1 1 66 1658 67
1705 2 2 1 1 932 1225 1108
1706 2 2 1 1 65 380 66
1707 2 2 1 1 1216 1217 1215
1708 2 2 1 1 62 341 63
1709 2 2 1 1 1139 1674 974
1710 2 2 1 1 60 382 61
1711 2 2 1 1 59 1660 60
1712 2 2 1 1 1213 1214 1012
1713 2 2 1 1 877 1051 1048
1714 2 2 1 1 880 1011 879
1715 2 2 1 1 58 347 59
1716 2 2 1 1 765 879 764
1717 2 2 1 1 602 1237 990
1718 2 2 1 1 587 1694 602
1719 2 2 1 1 57 1659 58
1720 2 2 1 1 714 717 716
1721 2 2 1 1 856 1260 1259
1722 2 2 1 1 1680 1681 387
1723 2 2 1 1 751 874 833
1724 2 2 1 1 1231 1233 1232
1725 2 2 1 1 56 381 57
1726 2 2 1 1 660 689 663
1727 2 2 1 1 483 775 481
1728 2 2 1 1 1212 1213 1012
1729 2 2 1 1 55 1663 56
1730 2 2 1 1 604 1700 588
1731 2 2 1 1 72 1652 332
1732 2 2 1 1 843 1117 969
1733 2 2 1 1 379 1652 71
1734 2 2 1 1 54 350 55
1735 2 2 1 1 1213 1215 1214
1736 2 2 1 1 730 731 728
1737 2 2 1 1 1004 1673 883
1738 2 2 1 1 631 633 632
1739 2 2 1 1 1011 1672 1285
1740 2 2 1 1 24 342 25
1741 2 2 1 1 1149 1150 949
1742 2 2 1 1 67 1658 337
1743 2 2 1 1 1028 1689 1610
1744 2 2 1 1 753 1081 903
1745 2 2 1 1 575 1604 594
1746 2 2 1 1 886 1236 1129
1747 2 2 1 1 380 1658 66
1748 2 2 1 1 633 643 642
1749 2 2 1 1 1051 1675 1288
1750 2 2 1 1 1011 1212 1012
1751 2 2 1 1 661 764 659
1752 2 2 1 1 51 358 52
1753 2 2 1 1 1007 1103 1102
1754 2 2 1 1 885 1004 883
1755 2 2 1 1 692 1724 1573
1756 2 2 1 1 162 1678 338
1757 2 2 1 1 717 829 722
1758 2 2 1 1 1782 1809 1101
1759 2 2 1 1 566 996 587
1760 2 2 1 1 1011 1012 879
1761 2 2 1 1 826 827 726
1762 2 2 1 1 1097 1165 1096
1763 2 2 1 1 1287 1433 1432
1764 2 2 1 1 606 1726 886
1765 2 2 1 1 682 1847 680
1766 2 2 1 1 853 1670 616
1767 2 2 1 1 629 631 630
1768 2 2 1 1 1231 1232 899
1769 2 2 1 1 157 328 158
1770 2 2 1 1 60 1660 382
1771 2 2 1 1 580 1697 1153
1772 2 2 1 1 1166 1790 1269
1773 2 2 1 1 879 1669 764
1774 2 2 1 1 347 1660 59
1775 2 2 1 1 616 1670 604
1776 2 2 1 1 48 362 49
1777 2 2 1 1 1485 1739 1121
1778 2 2 1 1 725 726 710
1779 2 2 1 1 1000 1007 1006
1780 2 2 1 1 591 680 560
1781 2 2 1 1 945 946 846
1782 2 2 1 1 58 1659 347
1783 2 2 1 1 624 1723 647
1784 2 2 1 1 158 1666 159
1785 2 2 1 1 1587 1703 1584
1786 2 2 1 1 1361 1898 1613
1787 2 2 1 1 1107 1252 1250
1788 2 2 1 1 381 1659 57
1789 2 2 1 1 637 1200 878
1790 2 2 1 1 818 882 698
1791 2 2 1 1 1150 1313 1312
1792 2 2 1 1 645 853 616
1793 2 2 1 1 689 690 663
1794 2 2 1 1 944 1662 1142
1795 2 2 1 1 928 929 854
1796 2 2 1 1 437 1751 433
1797 2 2 1 1 681 682 680
1798 2 2 1 1 159 385 160
1799 2 2 1 1 56 1663 381
1800 2 2 1 1 1140 1291 1290
1801 2 2 1 1 972 1256 1066
1802 2 2 1 1 605 618 617
1803 2 2 1 1 977 1177 978
1804 2 2 1 1 664 807 665
1805 2 2 1 1 664 1693 924
1806 2 2 1 1 609 664 639
1807 2 2 1 1 1166 1268 1165
1808 2 2 1 1 880 1672 1011
1809 2 2 1 1 350 1663 55
1810 2 2 1 1 944 1142 1017
1811 2 2 1 1 959 1679 836
1812 2 2 1 1 1046 1047 946
1813 2 2 1 1 889 1149 949
1814 2 2 1 1 1168 1169 959
1815 2 2 1 1 1042 1126 1008
1816 2 2 1 1 845 846 709
1817 2 2 1 1 1577 1579 353
1818 2 2 1 1 837 960 959
1819 2 2 1 1 807 944 888
1820 2 2 1 1 46 386 47
1821 2 2 1 1 918 1628 919
1822 2 2 1 1 1105 1107 1106
1823 2 2 1 1 1233 1333 1232
1824 2 2 1 1 1307 1308 1306
1825 2 2 1 1 1178 1355 1220
1826 2 2 1 1 932 1684 1225
1827 2 2 1 1 618 635 619
1828 2 2 1 1 1207 1347 1169
1829 2 2 1 1 1214 1669 1012
1830 2 2 1 1 1012 1669 879
1831 2 2 1 1 683 684 682
1832 2 2 1 1 685 687 684
1833 2 2 1 1 635 659 636
1834 2 2 1 1 827 837 836
1835 2 2 1 1 647 678 677
1836 2 2 1 1 990 1709 603
1837 2 2 1 1 44 389 45
1838 2 2 1 1 768 771 770
1839 2 2 1 1 718 1747 673
1840 2 2 1 1 162 338 163
1841 2 2 1 1 804 1792 800
1842 2 2 1 1 771 900 815
1843 2 2 1 1 651 1706 653
1844 2 2 1 1 500 637 505
1845 2 2 1 1 613 1235 624
1846 2 2 1 1 689 1725 1636
1847 2 2 1 1 597 598 573
1848 2 2 1 1 487 584 485
1849 2 2 1 1 1173 1174 1172
1850 2 2 1 1 972 1066 962
1851 2 2 1 1 1232 1701 1672
1852 2 2 1 1 930 931 929
1853 2 2 1 1 1169 1679 959
1854 2 2 1 1 1310 1456 1066
1855 2 2 1 1 723 724 687
1856 2 2 1 1 829 1692 889
1857 2 2 1 1 704 705 703
1858 2 2 1 1 1628 1629 1045
1859 2 2 1 1 660 1671 689
1860 2 2 1 1 764 1671 659
1861 2 2 1 1 690 710 709
1862 2 2 1 1 163 1680 164
1863 2 2 1 1 1021 1022 934
1864 2 2 1 1 839 977 840
1865 2 2 1 1 566 1688 996
1866 2 2 1 1 732 733 731
1867 2 2 1 1 827 836 726
1868 2 2 1 1 544 579 556
1869 2 2 1 1 1584 1703 1585
1870 2 2 1 1 441 583 439
1871 2 2 1 1 904 1072 1032
1872 2 2 1 1 571 1100 590
1873 2 2 1 1 1168 1207 1169
1874 2 2 1 1 1237 1607 990
1875 2 2 1 1 843 1743 1117
1876 2 2 1 1 739 839 755
1877 2 2 1 1 701 1752 849
1878 2 2 1 1 960 1168 959
1879 2 2 1 1 1138 1140 1139
1880 2 2 1 1 164 387 165
1881 2 2 1 1 837 959 836
1882 2 2 1 1 1391 1397 1394
1883 2 2 1 1 697 1727 1092
1884 2 2 1 1 690 709 663
1885 2 2 1 1 885 1005 1004
1886 2 2 1 1 1296 1297 1294
1887 2 2 1 1 603 1709 605
1888 2 2 1 1 610 634 611
1889 2 2 1 1 663 1677 662
1890 2 2 1 1 945 1065 1046
1891 2 2 1 1 459 1109 463
1892 2 2 1 1 882 1737 698
1893 2 2 1 1 1669 1671 764
1894 2 2 1 1 850 1089 986
1895 2 2 1 1 947 1692 829
1896 2 2 1 1 845 945 846
1897 2 2 1 1 889 1692 1149
1898 2 2 1 1 165 1683 166
1899 2 2 1 1 1269 1336 1268
1900 2 2 1 1 1151 1152 964
1901 2 2 1 1 1158 1159 1157
1902 2 2 1 1 958 1309 1020
1903 2 2 1 1 945 1046 946
1904 2 2 1 1 328 1666 158
1905 2 2 1 1 1256 1310 1066
1906 2 2 1 1 1333 1701 1232
1907 2 2 1 1 710 845 709
1908 2 2 1 1 786 940 788
1909 2 2 1 1 719 757 756
1910 2 2 1 1 884 965 964
1911 2 2 1 1 893 955 954
1912 2 2 1 1 643 671 670
1913 2 2 1 1 1630 1740 1149
1914 2 2 1 1 696 719 718
1915 2 2 1 1 659 660 636
1916 2 2 1 1 166 346 167
1917 2 2 1 1 925 1015 712
1918 2 2 1 1 721 1710 729
1919 2 2 1 1 1341 1342 1339
1920 2 2 1 1 1070 1753 979
1921 2 2 1 1 1051 1286 1048
1922 2 2 1 1 635 636 619
1923 2 2 1 1 618 619 617
1924 2 2 1 1 42 396 43
1925 2 2 1 1 1056 1185 1055
1926 2 2 1 1 1065 1167 1046
1927 2 2 1 1 818 883 882
1928 2 2 1 1 443 1736 441
1929 2 2 1 1 948 1055 947
1930 2 2 1 1 602 1694 1237
1931 2 2 1 1 159 1666 385
1932 2 2 1 1 660 663 662
1933 2 2 1 1 962 1687 960
1934 2 2 1 1 891 893 892
1935 2 2 1 1 846 1677 709
1936 2 2 1 1 660 662 636
1937 2 2 1 1 679 1724 692
1938 2 2 1 1 1287 1432 1286
1939 2 2 1 1 965 1183 1151
1940 2 2 1 1 453 1777 454
1941 2 2 1 1 1147 1239 1238
1942 2 2 1 1 706 707 705
1943 2 2 1 1 659 1671 660
1944 2 2 1 1 726 1686 710
1945 2 2 1 1 579 586 585
1946 2 2 1 1 645 854 853
1947 2 2 1 1 1108 1317 1316
1948 2 2 1 1 927 1699 1685
1949 2 2 1 1 697 1092 817
1950 2 2 1 1 1278 1279 1185
1951 2 2 1 1 1025 1026 1024
1952 2 2 1 1 1089 1458 1205
1953 2 2 1 1 709 1677 663
1954 2 2 1 1 1672 1701 1285
1955 2 2 1 1 559 566 561
1956 2 2 1 1 960 1687 1168
1957 2 2 1 1 931 1042 1008
1958 2 2 1 1 1132 1715 1087
1959 2 2 1 1 535 712 509
1960 2 2 1 1 928 930 929
1961 2 2 1 1 932 1108 1052
1962 2 2 1 1 1494 1856 1668
1963 2 2 1 1 1072 1271 1270
1964 2 2 1 1 1679 1686 836
1965 2 2 1 1 1218 1850 1591
1966 2 2 1 1 1670 1700 604
1967 2 2 1 1 1081 1154 1098
1968 2 2 1 1 142 1593 143
1969 2 2 1 1 862 1592 864
1970 2 2 1 1 1298 1299 1297
1971 2 2 1 1 928 932 930
1972 2 2 1 1 1456 1687 1066
1973 2 2 1 1 1359 1360 1326
1974 2 2 1 1 171 1705 172
1975 2 2 1 1 1636 1763 828
1976 2 2 1 1 884 1720 965
1977 2 2 1 1 884 885 883
1978 2 2 1 1 1455 1588 981
1979 2 2 1 1 1066 1687 962
1980 2 2 1 1 1547 1822 1090
1981 2 2 1 1 515 1714 1608
1982 2 2 1 1 1068 1564 1067
1983 2 2 1 1 710 1686 845
1984 2 2 1 1 605 617 616
1985 2 2 1 1 447 766 443
1986 2 2 1 1 841 842 724
1987 2 2 1 1 602 990 603
1988 2 2 1 1 965 1151 964
1989 2 2 1 1 1092 1094 1093
1990 2 2 1 1 1242 1243 1241
1991 2 2 1 1 1673 1707 882
1992 2 2 1 1 1183 1329 1151
1993 2 2 1 1 550 578 551
1994 2 2 1 1 645 927 854
1995 2 2 1 1 818 884 883
1996 2 2 1 1 529 658 532
1997 2 2 1 1 830 947 829
1998 2 2 1 1 617 645 616
1999 2 2 1 1 932 1052 930
2000 2 2 1 1 591 681 680
2001 2 2 1 1 586 615 614
2002 2 2 1 1 1244 1293 1243
2003 2 2 1 1 836 1686 726
2004 2 2 1 1 1108 1316 1052
2005 2 2 1 1 1304 1306 1305
2006 2 2 1 1 884 964 885
2007 2 2 1 1 927 928 854
2008 2 2 1 1 582 610 600
2009 2 2 1 1 898 966 876
2010 2 2 1 1 874 875 833
2011 2 2 1 1 459 1827 1109
2012 2 2 1 1 169 357 170
2013 2 2 1 1 338 1680 163
2014 2 2 1 1 1209 1455 981
2015 2 2 1 1 1682 1683 387
2016 2 2 1 1 605 616 604
2017 2 2 1 1 1547 1559 991
2018 2 2 1 1 566 587 567
2019 2 2 1 1 913 915 914
2020 2 2 1 1 1067 1440 1070
2021 2 2 1 1 554 1101 570
2022 2 2 1 1 1042 1276 1186
2023 2 2 1 1 1042 1186 1126
2024 2 2 1 1 603 604 588
2025 2 2 1 1 615 641 640
2026 2 2 1 1 993 1227 1221
2027 2 2 1 1 587 602 588
2028 2 2 1 1 546 547 540
2029 2 2 1 1 1002 1003 897
2030 2 2 1 1 708 720 707
2031 2 2 1 1 539 540 512
2032 2 2 1 1 605 1709 618
2033 2 2 1 1 1094 1096 1095
2034 2 2 1 1 1149 1740 1150
2035 2 2 1 1 930 1712 931
2036 2 2 1 1 1180 1181 968
2037 2 2 1 1 164 1680 387
2038 2 2 1 1 603 605 604
2039 2 2 1 1 849 1752 1209
2040 2 2 1 1 626 1789 620
2041 2 2 1 1 172 364 173
2042 2 2 1 1 493 495 491
2043 2 2 1 1 1823 1830 1225
2044 2 2 1 1 1092 1093 817
2045 2 2 1 1 537 550 549
2046 2 2 1 1 26 384 27
2047 2 2 1 1 369 1594 1593
2048 2 2 1 1 1058 1319 1318
2049 2 2 1 1 685 723 687
2050 2 2 1 1 877 1048 898
2051 2 2 1 1 683 685 684
2052 2 2 1 1 681 683 682
2053 2 2 1 1 557 1688 559
2054 2 2 1 1 734 1506 733
2055 2 2 1 1 458 814 456
2056 2 2 1 1 387 1683 165
2057 2 2 1 1 571 1787 1100
2058 2 2 1 1 498 499 495
2059 2 2 1 1 1276 1364 1186
2060 2 2 1 1 619 1699 617
2061 2 2 1 1 697 698 640
2062 2 2 1 1 831 1972 1467
2063 2 2 1 1 1119 1746 1120
2064 2 2 1 1 721 727 720
2065 2 2 1 1 468 469 462
2066 2 2 1 1 1089 1829 1458
2067 2 2 1 1 1725 1763 1636
2068 2 2 1 1 579 585 556
2069 2 2 1 1 906 1206 985
2070 2 2 1 1 566 567 561
2071 2 2 1 1 602 603 588
2072 2 2 1 1 817 818 698
2073 2 2 1 1 1142 1249 1017
2074 2 2 1 1 1048 1049 898
2075 2 2 1 1 587 588 567
2076 2 2 1 1 1297 1732 1294
2077 2 2 1 1 1094 1095 1093
2078 2 2 1 1 944 1017 888
2079 2 2 1 1 1096 1141 1095
2080 2 2 1 1 502 503 499
2081 2 2 1 1 1090 1783 625
2082 2 2 1 1 513 514 503
2083 2 2 1 1 664 665 639
2084 2 2 1 1 713 714 650
2085 2 2 1 1 166 1683 346
2086 2 2 1 1 641 697 640
2087 2 2 1 1 807 888 665
2088 2 2 1 1 1015 1240 1131
2089 2 2 1 1 843 969 968
2090 2 2 1 1 615 640 614
2091 2 2 1 1 586 614 585
2092 2 2 1 1 559 561 560
2093 2 2 1 1 559 1688 566
2094 2 2 1 1 1174 1304 1303
2095 2 2 1 1 617 1699 645
2096 2 2 1 1 561 591 560
2097 2 2 1 1 931 1712 1042
2098 2 2 1 1 945 1735 1065
2099 2 2 1 1 969 1182 1180
2100 2 2 1 1 723 841 724
2101 2 2 1 1 508 515 510
2102 2 2 1 1 983 1739 852
2103 2 2 1 1 542 543 514
2104 2 2 1 1 173 1704 174
2105 2 2 1 1 723 843 841
2106 2 2 1 1 875 877 876
2107 2 2 1 1 1052 1712 930
2108 2 2 1 1 1669 1725 1671
2109 2 2 1 1 877 898 876
2110 2 2 1 1 886 1726 1236
2111 2 2 1 1 683 686 685
2112 2 2 1 1 591 992 681
2113 2 2 1 1 1554 1919 1914
2114 2 2 1 1 470 471 469
2115 2 2 1 1 1214 1725 1669
2116 2 2 1 1 693 694 638
2117 2 2 1 1 559 560 558
2118 2 2 1 1 645 1699 927
2119 2 2 1 1 697 817 698
2120 2 2 1 1 717 830 829
2121 2 2 1 1 761 762 694
2122 2 2 1 1 654 805 652
2123 2 2 1 1 557 558 545
2124 2 2 1 1 614 1099 585
2125 2 2 1 1 608 998 589
2126 2 2 1 1 1092 1711 1094
2127 2 2 1 1 647 1723 678
2128 2 2 1 1 1304 1305 1303
2129 2 2 1 1 1763 1778 828
2130 2 2 1 1 1671 1725 689
2131 2 2 1 1 678 679 677
2132 2 2 1 1 1339 1650 1338
2133 2 2 1 1 1042 1712 1276
2134 2 2 1 1 613 1754 1235
2135 2 2 1 1 1686 1735 845
2136 2 2 1 1 1261 1262 970
2137 2 2 1 1 1180 1331 1181
2138 2 2 1 1 455 772 457
2139 2 2 1 1 456 1777 453
2140 2 2 1 1 562 563 543
2141 2 2 1 1 472 568 477
2142 2 2 1 1 1043 1628 918
2143 2 2 1 1 1299 1321 1300
2144 2 2 1 1 535 925 712
2145 2 2 1 1 669 1752 701
2146 2 2 1 1 915 918 916
2147 2 2 1 1 1698 1751 437
2148 2 2 1 1 1263 1264 1262
2149 2 2 1 1 1301 1366 1063
2150 2 2 1 1 1665 1825 1223
2151 2 2 1 1 451 452 449
2152 2 2 1 1 610 1750 767
2153 2 2 1 1 637 878 505
2154 2 2 1 1 662 1794 1767
2155 2 2 1 1 1321 1346 1300
2156 2 2 1 1 969 1180 968
2157 2 2 1 1 843 968 841
2158 2 2 1 1 1104 1105 1103
2159 2 2 1 1 572 596 595
2160 2 2 1 1 1347 1776 1169
2161 2 2 1 1 847 848 762
2162 2 2 1 1 1608 1846 994
2163 2 2 1 1 965 1775 1183
2164 2 2 1 1 576 577 575
2165 2 2 1 1 810 1873 1079
2166 2 2 1 1 1150 1740 1313
2167 2 2 1 1 1679 1735 1686
2168 2 2 1 1 453 454 452
2169 2 2 1 1 1448 1702 1202
2170 2 2 1 1 1200 1208 878
2171 2 2 1 1 1253 1311 1252
2172 2 2 1 1 999 1000 848
2173 2 2 1 1 1137 1138 974
2174 2 2 1 1 557 559 558
2175 2 2 1 1 875 876 833
2176 2 2 1 1 1323 1324 1264
2177 2 2 1 1 547 1175 956
2178 2 2 1 1 818 1720 884
2179 2 2 1 1 1294 1732 1293
2180 2 2 1 1 1085 1794 1677
2181 2 2 1 1 973 974 955
2182 2 2 1 1 666 1783 809
2183 2 2 1 1 1299 1300 1297
2184 2 2 1 1 845 1735 945
2185 2 2 1 1 768 770 634
2186 2 2 1 1 919 1045 1010
2187 2 2 1 1 544 556 545
2188 2 2 1 1 1214 1763 1725
2189 2 2 1 1 649 715 713
2190 2 2 1 1 714 1718 717
2191 2 2 1 1 606 607 577
2192 2 2 1 1 1651 1748 555
2193 2 2 1 1 830 948 947
2194 2 2 1 1 793 797 794
2195 2 2 1 1 750 819 691
2196 2 2 1 1 797 799 798
2197 2 2 1 1 1044 1550 1043
2198 2 2 1 1 506 507 501
2199 2 2 1 1 649 650 622
2200 2 2 1 1 492 496 494
2201 2 2 1 1 621 622 597
2202 2 2 1 1 898 1717 966
2203 2 2 1 1 850 1753 1089
2204 2 2 1 1 506 1714 508
2205 2 2 1 1 628 629 607
2206 2 2 1 1 1080 1974 1503
2207 2 2 1 1 858 860 859
2208 2 2 1 1 1309 1444 1020
2209 2 2 1 1 948 1056 1055
2210 2 2 1 1 851 1753 850
2211 2 2 1 1 478 479 473
2212 2 2 1 1 515 544 516
2213 2 2 1 1 508 509 507
2214 2 2 1 1 539 546 540
2215 2 2 1 1 510 535 509
2216 2 2 1 1 1161 1280 1050
2217 2 2 1 1 790 793 792
2218 2 2 1 1 595 597 573
2219 2 2 1 1 1056 1278 1185
2220 2 2 1 1 850 986 758
2221 2 2 1 1 817 1720 818
2222 2 2 1 1 508 510 509
2223 2 2 1 1 713 820 714
2224 2 2 1 1 896 1744 821
2225 2 2 1 1 751 833 832
2226 2 2 1 1 1300 1732 1297
2227 2 2 1 1 921 1814 1201
2228 2 2 1 1 890 891 812
2229 2 2 1 1 556 557 545
2230 2 2 1 1 900 958 815
2231 2 2 1 1 577 1604 575
2232 2 2 1 1 833 1713 832
2233 2 2 1 1 1093 1720 817
2234 2 2 1 1 849 1209 981
2235 2 2 1 1 1273 1274 976
2236 2 2 1 1 461 467 466
2237 2 2 1 1 973 1145 1137
2238 2 2 1 1 1001 1241 1063
2239 2 2 1 1 811 812 757
2240 2 2 1 1 1487 1488 1163
2241 2 2 1 1 1049 1717 898
2242 2 2 1 1 671 1779 670
2243 2 2 1 1 535 993 925
2244 2 2 1 1 975 976 896
2245 2 2 1 1 1376 1378 1377
2246 2 2 1 1 847 1001 999
2247 2 2 1 1 1031 1282 1144
2248 2 2 1 1 771 815 770
2249 2 2 1 1 1134 1135 1009
2250 2 2 1 1 1221 1572 1091
2251 2 2 1 1 966 1713 876
2252 2 2 1 1 692 751 750
2253 2 2 1 1 544 545 516
2254 2 2 1 1 766 1736 443
2255 2 2 1 1 609 639 638
2256 2 2 1 1 1017 1018 888
2257 2 2 1 1 693 773 761
2258 2 2 1 1 567 1742 561
2259 2 2 1 1 679 692 691
2260 2 2 1 1 172 1705 364
2261 2 2 1 1 695 696 673
2262 2 2 1 1 672 673 671
2263 2 2 1 1 662 1767 636
2264 2 2 1 1 515 516 510
2265 2 2 1 1 862 864 863
2266 2 2 1 1 1700 1742 567
2267 2 2 1 1 1373 1374 1362
2268 2 2 1 1 993 1091 925
2269 2 2 1 1 580 1031 950
2270 2 2 1 1 511 580 538
2271 2 2 1 1 641 1727 697
2272 2 2 1 1 493 498 495
2273 2 2 1 1 864 934 933
2274 2 2 1 1 1107 1253 1252
2275 2 2 1 1 572 573 555
2276 2 2 1 1 1382 1384 1383
2277 2 2 1 1 890 1115 1019
2278 2 2 1 1 993 1745 1227
2279 2 2 1 1 952 1833 1791
2280 2 2 1 1 993 1221 1091
2281 2 2 1 1 1039 1508 1053
2282 2 2 1 1 1278 1343 1279
2283 2 2 1 1 561 1742 591
2284 2 2 1 1 753 1779 1081
2285 2 2 1 1 652 1727 641
2286 2 2 1 1 1138 1328 1140
2287 2 2 1 1 1104 1335 1334
2288 2 2 1 1 1241 1301 1063
2289 2 2 1 1 1159 1172 1171
2290 2 2 1 1 990 1765 1709
2291 2 2 1 1 488 935 490
2292 2 2 1 1 1124 1485 1121
2293 2 2 1 1 668 838 656
2294 2 2 1 1 420 601 422
2295 2 2 1 1 28 351 29
2296 2 2 1 1 1253 1348 1311
2297 2 2 1 1 492 494 493
2298 2 2 1 1 468 470 469
2299 2 2 1 1 1791 1833 1697
2300 2 2 1 1 695 822 821
2301 2 2 1 1 693 761 694
2302 2 2 1 1 1089 1205 986
2303 2 2 1 1 1215 1763 1214
2304 2 2 1 1 951 1592 862
2305 2 2 1 1 1007 1104 1103
2306 2 2 1 1 502 513 503
2307 2 2 1 1 876 1713 833
2308 2 2 1 1 975 1275 1273
2309 2 2 1 1 506 508 507
2310 2 2 1 1 1067 1070 979
2311 2 2 1 1 1174 1303 1172
2312 2 2 1 1 498 502 499
2313 2 2 1 1 893 973 955
2314 2 2 1 1 644 1870 1851
2315 2 2 1 1 1735 1776 1065
2316 2 2 1 1 822 897 896
2317 2 2 1 1 1144 1226 950
2318 2 2 1 1 731 1802 728
2319 2 2 1 1 558 1835 1824
2320 2 2 1 1 1458 1489 1205
2321 2 2 1 1 948 1057 1056
2322 2 2 1 1 513 542 514
2323 2 2 1 1 606 886 628
2324 2 2 1 1 539 552 546
2325 2 2 1 1 508 1714 515
2326 2 2 1 1 590 609 608
2327 2 2 1 1 591 1742 992
2328 2 2 1 1 1030 1157 1156
2329 2 2 1 1 799 801 800
2330 2 2 1 1 619 1767 1699
2331 2 2 1 1 610 611 600
2332 2 2 1 1 629 644 631
2333 2 2 1 1 1022 1024 1023
2334 2 2 1 1 692 750 691
2335 2 2 1 1 649 713 650
2336 2 2 1 1 751 832 750
2337 2 2 1 1 621 649 622
2338 2 2 1 1 1181 1749 968
2339 2 2 1 1 679 691 677
2340 2 2 1 1 761 847 762
2341 2 2 1 1 542 562 543
2342 2 2 1 1 719 811 757
2343 2 2 1 1 1607 1765 990
2344 2 2 1 1 490 492 491
2345 2 2 1 1 565 576 575
2346 2 2 1 1 595 621 597
2347 2 2 1 1 552 555 546
2348 2 2 1 1 646 648 623
2349 2 2 1 1 1208 1222 878
2350 2 2 1 1 820 1718 714
2351 2 2 1 1 1052 1769 1712
2352 2 2 1 1 572 595 573
2353 2 2 1 1 973 1137 974
2354 2 2 1 1 1275 1315 1273
2355 2 2 1 1 643 672 671
2356 2 2 1 1 1026 1028 1027
2357 2 2 1 1 1372 1564 1068
2358 2 2 1 1 847 999 848
2359 2 2 1 1 467 1277 952
2360 2 2 1 1 1208 1465 1222
2361 2 2 1 1 639 693 638
2362 2 2 1 1 886 1129 887
2363 2 2 1 1 1709 1765 1606
2364 2 2 1 1 1699 1767 1685
2365 2 2 1 1 1029 1176 1027
2366 2 2 1 1 1001 1063 999
2367 2 2 1 1 634 1754 611
2368 2 2 1 1 841 1749 842
2369 2 2 1 1 1767 1794 1685
2370 2 2 1 1 609 638 608
2371 2 2 1 1 805 1727 652
2372 2 2 1 1 1104 1334 1105
2373 2 2 1 1 492 493 491
2374 2 2 1 1 923 1848 495
2375 2 2 1 1 546 1748 547
2376 2 2 1 1 542 571 562
2377 2 2 1 1 1347 1798 1776
2378 2 2 1 1 1145 1344 1137
2379 2 2 1 1 636 1767 619
2380 2 2 1 1 1720 1775 965
2381 2 2 1 1 468 474 470
2382 2 2 1 1 698 1737 640
2383 2 2 1 1 500 505 501
2384 2 2 1 1 490 491 489
2385 2 2 1 1 976 1744 896
2386 2 2 1 1 723 1743 843
2387 2 2 1 1 640 1737 614
2388 2 2 1 1 1215 1778 1763
2389 2 2 1 1 364 1704 173
2390 2 2 1 1 1679 1776 1735
2391 2 2 1 1 1370 1871 1204
2392 2 2 1 1 1712 1769 1276
2393 2 2 1 1 464 774 460
2394 2 2 1 1 502 778 513
2395 2 2 1 1 585 1733 556
2396 2 2 1 1 576 606 577
2397 2 2 1 1 1342 1650 1339
2398 2 2 1 1 820 1719 1718
2399 2 2 1 1 1240 1916 1913
2400 2 2 1 1 511 512 475
2401 2 2 1 1 890 1019 891
2402 2 2 1 1 538 539 512
2403 2 2 1 1 474 475 470
2404 2 2 1 1 447 1761 766
2405 2 2 1 1 557 1733 1688
2406 2 2 1 1 606 628 607
2407 2 2 1 1 448 856 450
2408 2 2 1 1 870 1505 754
2409 2 2 1 1 571 590 589
2410 2 2 1 1 1440 1441 1070
2411 2 2 1 1 505 506 501
2412 2 2 1 1 552 572 555
2413 2 2 1 1 442 446 445
2414 2 2 1 1 686 1743 685
2415 2 2 1 1 811 890 812
2416 2 2 1 1 1217 1778 1215
2417 2 2 1 1 474 1791 1697
2418 2 2 1 1 451 453 452
2419 2 2 1 1 496 500 497
2420 2 2 1 1 1028 1030 1029
2421 2 2 1 1 1081 1513 1154
2422 2 2 1 1 1115 1283 1019
2423 2 2 1 1 909 989 578
2424 2 2 1 1 625 1783 666
2425 2 2 1 1 695 821 696
2426 2 2 1 1 670 1779 753
2427 2 2 1 1 685 1743 723
2428 2 2 1 1 975 1273 976
2429 2 2 1 1 614 1737 1099
2430 2 2 1 1 672 695 673
2431 2 2 1 1 1031 1144 950
2432 2 2 1 1 1102 1853 1006
2433 2 2 1 1 717 1718 830
2434 2 2 1 1 1050 1731 900
2435 2 2 1 1 1018 1879 1866
2436 2 2 1 1 1360 1373 1362
2437 2 2 1 1 801 803 802
2438 2 2 1 1 1264 1839 1262
2439 2 2 1 1 477 478 473
2440 2 2 1 1 550 551 549
2441 2 2 1 1 1744 1764 821
2442 2 2 1 1 429 688 427
2443 2 2 1 1 809 1783 905
2444 2 2 1 1 1316 1769 1052
2445 2 2 1 1 673 1747 671
2446 2 2 1 1 1324 1359 1326
2447 2 2 1 1 665 1738 639
2448 2 2 1 1 1146 1147 1112
2449 2 2 1 1 822 896 821
2450 2 2 1 1 458 1758 814
2451 2 2 1 1 590 608 589
2452 2 2 1 1 488 490 489
2453 2 2 1 1 547 1748 1175
2454 2 2 1 1 1099 1733 585
2455 2 2 1 1 466 468 462
2456 2 2 1 1 474 511 475
2457 2 2 1 1 897 975 896
2458 2 2 1 1 500 501 497
2459 2 2 1 1 647 677 676
2460 2 2 1 1 900 1731 958
2461 2 2 1 1 958 1020 995
2462 2 2 1 1 1378 1380 1379
2463 2 2 1 1 556 1733 557
2464 2 2 1 1 803 825 824
2465 2 2 1 1 497 937 494
2466 2 2 1 1 1144 1352 1226
2467 2 2 1 1 886 887 628
2468 2 2 1 1 571 589 562
2469 2 2 1 1 1093 1775 1720
2470 2 2 1 1 580 950 538
2471 2 2 1 1 1412 1416 1415
2472 2 2 1 1 809 905 904
2473 2 2 1 1 694 1762 638
2474 2 2 1 1 511 538 512
2475 2 2 1 1 624 647 646
2476 2 2 1 1 496 497 494
2477 2 2 1 1 913 914 911
2478 2 2 1 1 1159 1171 1157
2479 2 2 1 1 488 489 487
2480 2 2 1 1 472 473 464
2481 2 2 1 1 613 624 623
2482 2 2 1 1 455 1804 772
2483 2 2 1 1 1081 1779 1513
2484 2 2 1 1 1003 1741 897
2485 2 2 1 1 608 1762 998
2486 2 2 1 1 469 1758 462
2487 2 2 1 1 727 1110 865
2488 2 2 1 1 1169 1776 1679
2489 2 2 1 1 700 1831 699
2490 2 2 1 1 968 1749 841
2491 2 2 1 1 1742 1811 992
2492 2 2 1 1 1549 1790 1166
2493 2 2 1 1 677 1734 676
2494 2 2 1 1 958 995 815
2495 2 2 1 1 461 462 458
2496 2 2 1 1 864 933 863
2497 2 2 1 1 1157 1722 1156
2498 2 2 1 1 770 1754 634
2499 2 2 1 1 568 872 477
2500 2 2 1 1 1026 1027 1024
2501 2 2 1 1 554 1782 1101
2502 2 2 1 1 1022 1023 934
2503 2 2 1 1 1095 1775 1093
2504 2 2 1 1 1388 1429 1419
2505 2 2 1 1 435 437 433
2506 2 2 1 1 620 1796 574
2507 2 2 1 1 1020 1224 995
2508 2 2 1 1 451 455 453
2509 2 2 1 1 862 863 860
2510 2 2 1 1 1450 1965 1133
2511 2 2 1 1 457 458 456
2512 2 2 1 1 510 1745 535
2513 2 2 1 1 891 1760 893
2514 2 2 1 1 486 487 485
2515 2 2 1 1 1205 1218 986
2516 2 2 1 1 1072 1457 1271
2517 2 2 1 1 1111 1112 865
2518 2 2 1 1 1000 1759 1007
2519 2 2 1 1 814 1777 456
2520 2 2 1 1 455 456 453
2521 2 2 1 1 1105 1757 1107
2522 2 2 1 1 1684 1823 1225
2523 2 2 1 1 578 1782 551
2524 2 2 1 1 555 1748 546
2525 2 2 1 1 819 1734 691
2526 2 2 1 1 933 970 863
2527 2 2 1 1 705 834 703
2528 2 2 1 1 738 1795 737
2529 2 2 1 1 581 592 569
2530 2 2 1 1 516 1745 510
2531 2 2 1 1 860 1780 859
2532 2 2 1 1 461 466 462
2533 2 2 1 1 467 952 466
2534 2 2 1 1 7 369 142
2535 2 2 1 1 1261 1263 1262
2536 2 2 1 1 452 1761 449
2537 2 2 1 1 1047 1830 946
2538 2 2 1 1 696 1764 719
2539 2 2 1 1 748 907 844
2540 2 2 1 1 484 504 486
2541 2 2 1 1 611 613 612
2542 2 2 1 1 1550 1551 1043
2543 2 2 1 1 457 461 458
2544 2 2 1 1 639 1738 693
2545 2 2 1 1 691 1734 677
2546 2 2 1 1 1201 1814 1522
2547 2 2 1 1 654 1768 805
2548 2 2 1 1 463 464 460
2549 2 2 1 1 856 1259 1136
2550 2 2 1 1 915 916 914
2551 2 2 1 1 455 457 456
2552 2 2 1 1 933 1058 970
2553 2 2 1 1 1179 1357 1177
2554 2 2 1 1 1280 1731 1050
2555 2 2 1 1 484 485 483
2556 2 2 1 1 521 1128 519
2557 2 2 1 1 647 676 646
2558 2 2 1 1 1058 1784 1319
2559 2 2 1 1 693 1738 773
2560 2 2 1 1 658 1788 532
2561 2 2 1 1 998 1781 589
2562 2 2 1 1 918 919 916
2563 2 2 1 1 1064 1365 1349
2564 2 2 1 1 624 646 623
2565 2 2 1 1 1700 1811 1742
2566 2 2 1 1 369 1595 1594
2567 2 2 1 1 1028 1029 1027
2568 2 2 1 1 1374 1421 1376
2569 2 2 1 1 1262 1780 970
2570 2 2 1 1 486 488 487
2571 2 2 1 1 656 1768 654
2572 2 2 1 1 450 451 449
2573 2 2 1 1 943 1064 1061
2574 2 2 1 1 535 1745 993
2575 2 2 1 1 1677 1794 662
2576 2 2 1 1 789 835 787
2577 2 2 1 1 1334 1757 1105
2578 2 2 1 1 506 1756 1714
2579 2 2 1 1 999 1770 1000
2580 2 2 1 1 878 1756 505
2581 2 2 1 1 1776 1798 1065
2582 2 2 1 1 611 1754 613
2583 2 2 1 1 1366 1770 1063
2584 2 2 1 1 1110 1113 1111
2585 2 2 1 1 1019 1760 891
2586 2 2 1 1 783 786 785
2587 2 2 1 1 1030 1156 1029
2588 2 2 1 1 758 1789 626
2589 2 2 1 1 613 623 612
2590 2 2 1 1 1058 1318 1261
2591 2 2 1 1 680 1835 560
2592 2 2 1 1 772 1773 457
2593 2 2 1 1 448 449 447
2594 2 2 1 1 1601 1811 1670
2595 2 2 1 1 445 447 443
2596 2 2 1 1 858 859 825
2597 2 2 1 1 611 612 600
2598 2 2 1 1 490 1755 492
2599 2 2 1 1 1065 1798 1167
2600 2 2 1 1 482 483 481
2601 2 2 1 1 1228 1868 1229
2602 2 2 1 1 733 873 868
2603 2 2 1 1 562 1781 563
2604 2 2 1 1 1263 1323 1264
2605 2 2 1 1 448 450 449
2606 2 2 1 1 975 1741 1275
2607 2 2 1 1 897 1741 975
2608 2 2 1 1 1058 1261 970
2609 2 2 1 1 1085 1830 1823
2610 2 2 1 1 821 1764 696
2611 2 2 1 1 442 443 441
2612 2 2 1 1 484 486 485
2613 2 2 1 1 505 1756 506
2614 2 2 1 1 973 1760 1145
2615 2 2 1 1 1107 1757 1253
2616 2 2 1 1 1135 1816 1009
2617 2 2 1 1 935 1755 490
2618 2 2 1 1 1171 1722 1157
2619 2 2 1 1 638 1762 608
2620 2 2 1 1 868 1802 731
2621 2 2 1 1 492 1755 496
2622 2 2 1 1 863 1780 860
2623 2 2 1 1 442 445 443
2624 2 2 1 1 582 600 599
2625 2 2 1 1 478 517 480
2626 2 2 1 1 445 448 447
2627 2 2 1 1 563 1800 565
2628 2 2 1 1 907 943 941
2629 2 2 1 1 1832 1857 996
2630 2 2 1 1 727 865 720
2631 2 2 1 1 482 484 483
2632 2 2 1 1 1104 1759 1335
2633 2 2 1 1 1007 1759 1104
2634 2 2 1 1 461 1773 467
2635 2 2 1 1 462 1758 458
2636 2 2 1 1 893 1760 973
2637 2 2 1 1 847 1774 1001
2638 2 2 1 1 773 1774 761
2639 2 2 1 1 728 1802 727
2640 2 2 1 1 856 1136 450
2641 2 2 1 1 1824 1835 1227
2642 2 2 1 1 838 1768 656
2643 2 2 1 1 1000 1770 1759
2644 2 2 1 1 1222 1756 878
2645 2 2 1 1 989 1782 578
2646 2 2 1 1 1384 1771 1385
2647 2 2 1 1 1108 1836 1317
2648 2 2 1 1 438 439 437
2649 2 2 1 1 440 441 439
2650 2 2 1 1 1571 1815 475
2651 2 2 1 1 1148 1592 951
2652 2 2 1 1 440 442 441
2653 2 2 1 1 797 798 794
2654 2 2 1 1 799 800 798
2655 2 2 1 1 536 541 533
2656 2 2 1 1 369 1593 142
2657 2 2 1 1 793 794 792
2658 2 2 1 1 719 1764 811
2659 2 2 1 1 1263 1353 1323
2660 2 2 1 1 438 938 440
2661 2 2 1 1 551 554 553
2662 2 2 1 1 108 1849 339
2663 2 2 1 1 376 1849 109
2664 2 2 1 1 438 440 439
2665 2 2 1 1 1234 1889 1230
2666 2 2 1 1 480 481 479
2667 2 2 1 1 1110 1852 1113
2668 2 2 1 1 1111 1146 1112
2669 2 2 1 1 1267 1550 1044
2670 2 2 1 1 1032 1874 902
2671 2 2 1 1 554 570 569
2672 2 2 1 1 570 582 581
2673 2 2 1 1 1063 1770 999
2674 2 2 1 1 551 553 549
2675 2 2 1 1 576 1800 1726
2676 2 2 1 1 986 1789 758
2677 2 2 1 1 948 1785 1057
2678 2 2 1 1 825 1730 824
2679 2 2 1 1 912 1814 921
2680 2 2 1 1 934 1784 933
2681 2 2 1 1 472 477 473
2682 2 2 1 1 423 444 421
2683 2 2 1 1 478 480 479
2684 2 2 1 1 494 1766 493
2685 2 2 1 1 565 1800 576
2686 2 2 1 1 1010 1553 1134
2687 2 2 1 1 919 1009 916
2688 2 2 1 1 873 1060 963
2689 2 2 1 1 1551 1628 1043
2690 2 2 1 1 463 472 464
2691 2 2 1 1 682 1858 1847
2692 2 2 1 1 1553 1554 1134
2693 2 2 1 1 507 1797 501
2694 2 2 1 1 539 1786 552
2695 2 2 1 1 1226 1786 950
2696 2 2 1 1 761 1774 847
2697 2 2 1 1 558 1824 545
2698 2 2 1 1 1110 1111 865
2699 2 2 1 1 520 936 522
2700 2 2 1 1 480 482 481
2701 2 2 1 1 449 1761 447
2702 2 2 1 1 434 435 433
2703 2 2 1 1 801 802 800
2704 2 2 1 1 435 438 437
2705 2 2 1 1 582 599 581
2706 2 2 1 1 830 1785 948
2707 2 2 1 1 733 868 731
2708 2 2 1 1 859 1730 825
2709 2 2 1 1 779 1127 781
2710 2 2 1 1 743 816 741
2711 2 2 1 1 589 1781 562
2712 2 2 1 1 1781 1800 563
2713 2 2 1 1 668 1817 838
2714 2 2 1 1 491 1848 489
2715 2 2 1 1 1070 1829 1753
2716 2 2 1 1 538 1786 539
2717 2 2 1 1 1091 1923 1921
2718 2 2 1 1 537 549 548
2719 2 2 1 1 919 1010 1009
2720 2 2 1 1 493 1766 498
2721 2 2 1 1 1023 1784 934
2722 2 2 1 1 803 824 802
2723 2 2 1 1 475 1815 470
2724 2 2 1 1 1688 1832 996
2725 2 2 1 1 554 569 553
2726 2 2 1 1 937 1766 494
2727 2 2 1 1 1718 1785 830
2728 2 2 1 1 459 463 460
2729 2 2 1 1 1010 1134 1009
2730 2 2 1 1 783 785 784
2731 2 2 1 1 977 1179 1177
2732 2 2 1 1 432 433 431
2733 2 2 1 1 468 1791 474
2734 2 2 1 1 570 581 569
2735 2 2 1 1 699 1817 668
2736 2 2 1 1 1719 1785 1718
2737 2 2 1 1 430 431 429
2738 2 2 1 1 1201 1522 1448
2739 2 2 1 1 802 804 800
2740 2 2 1 1 513 1787 542
2741 2 2 1 1 542 1787 571
2742 2 2 1 1 950 1786 538
2743 2 2 1 1 524 527 526
2744 2 2 1 1 457 1773 461
2745 2 2 1 1 459 460 436
2746 2 2 1 1 933 1784 1058
2747 2 2 1 1 466 1791 468
2748 2 2 1 1 1670 1811 1700
2749 2 2 1 1 470 1815 471
2750 2 2 1 1 778 1787 513
2751 2 2 1 1 551 1782 554
2752 2 2 1 1 428 429 427
2753 2 2 1 1 426 427 425
2754 2 2 1 1 1441 1829 1070
2755 2 2 1 1 683 1838 686
2756 2 2 1 1 774 1869 460
2757 2 2 1 1 785 831 784
2758 2 2 1 1 528 530 526
2759 2 2 1 1 970 1780 863
2760 2 2 1 1 1029 1801 1176
2761 2 2 1 1 424 425 423
2762 2 2 1 1 501 1797 497
2763 2 2 1 1 783 784 782
2764 2 2 1 1 992 1838 681
2765 2 2 1 1 434 436 435
2766 2 2 1 1 534 537 536
2767 2 2 1 1 727 1802 1110
2768 2 2 1 1 1745 1824 1227
2769 2 2 1 1 1825 1851 1223
2770 2 2 1 1 1721 1838 992
2771 2 2 1 1 781 783 782
2772 2 2 1 1 786 788 787
2773 2 2 1 1 572 1837 596
2774 2 2 1 1 430 777 432
2775 2 2 1 1 1685 1823 1684
2776 2 2 1 1 434 459 436
2777 2 2 1 1 525 593 523
2778 2 2 1 1 672 1825 1665
2779 2 2 1 1 781 782 780
2780 2 2 1 1 890 1828 1115
2781 2 2 1 1 873 963 868
2782 2 2 1 1 488 1805 935
2783 2 2 1 1 1218 1789 986
2784 2 2 1 1 537 548 536
2785 2 2 1 1 1060 1143 963
2786 2 2 1 1 788 790 789
2787 2 2 1 1 497 1797 937
2788 2 2 1 1 643 1825 672
2789 2 2 1 1 790 792 791
2790 2 2 1 1 1381 1382 1380
2791 2 2 1 1 422 423 421
2792 2 2 1 1 432 434 433
2793 2 2 1 1 786 787 785
2794 2 2 1 1 516 1824 1745
2795 2 2 1 1 430 432 431
2796 2 2 1 1 952 1791 466
2797 2 2 1 1 794 795 792
2798 2 2 1 1 446 1799 445
2799 2 2 1 1 911 1793 909
2800 2 2 1 1 448 1799 856
2801 2 2 1 1 478 1806 517
2802 2 2 1 1 1786 1837 552
2803 2 2 1 1 720 1807 707
2804 2 2 1 1 1295 1879 1296
2805 2 2 1 1 1085 1823 1794
2806 2 2 1 1 788 789 787
2807 2 2 1 1 1504 1911 769
2808 2 2 1 1 426 465 428
2809 2 2 1 1 633 1825 643
2810 2 2 1 1 1187 1332 1077
2811 2 2 1 1 1112 1807 865
2812 2 2 1 1 1876 1888 1117
2813 2 2 1 1 29 1728 30
2814 2 2 1 1 737 1506 734
2815 2 2 1 1 790 791 789
2816 2 2 1 1 415 417 416
2817 2 2 1 1 815 1821 770
2818 2 2 1 1 1238 1843 1807
2819 2 2 1 1 428 430 429
2820 2 2 1 1 1751 1803 431
2821 2 2 1 1 1196 1891 1195
2822 2 2 1 1 1186 2093 2049
2823 2 2 1 1 1707 1857 1832
2824 2 2 1 1 995 1821 815
2825 2 2 1 1 545 1824 516
2826 2 2 1 1 451 1804 455
2827 2 2 1 1 909 1793 989
2828 2 2 1 1 914 1793 911
2829 2 2 1 1 518 1691 520
2830 2 2 1 1 1378 1381 1380
2831 2 2 1 1 450 1804 451
2832 2 2 1 1 532 534 533
2833 2 2 1 1 529 532 531
2834 2 2 1 1 534 536 533
2835 2 2 1 1 1226 1837 1786
2836 2 2 1 1 678 1878 813
2837 2 2 1 1 477 1806 478
2838 2 2 1 1 770 1821 1754
2839 2 2 1 1 1047 1836 1830
2840 2 2 1 1 420 421 419
2841 2 2 1 1 486 1805 488
2842 2 2 1 1 749 1826 869
2843 2 2 1 1 1846 1859 994
2844 2 2 1 1 1090 1822 1783
2845 2 2 1 1 779 780 593
2846 2 2 1 1 527 529 528
2847 2 2 1 1 946 1830 1085
2848 2 2 1 1 1156 1801 1029
2849 2 2 1 1 504 1805 486
2850 2 2 1 1 703 1831 700
2851 2 2 1 1 426 428 427
2852 2 2 1 1 413 415 414
2853 2 2 1 1 442 1813 446
2854 2 2 1 1 522 524 523
2855 2 2 1 1 779 781 780
2856 2 2 1 1 445 1799 448
2857 2 2 1 1 1744 1828 1764
2858 2 2 1 1 1838 1868 686
2859 2 2 1 1 424 426 425
2860 2 2 1 1 524 526 525
2861 2 2 1 1 1071 1487 1163
2862 2 2 1 1 1851 1870 1223
2863 2 2 1 1 1754 1821 1235
2864 2 2 1 1 411 413 412
2865 2 2 1 1 1764 1828 811
2866 2 2 1 1 1379 1834 1395
2867 2 2 1 1 1136 1804 450
2868 2 2 1 1 429 1803 688
2869 2 2 1 1 1794 1823 1685
2870 2 2 1 1 1707 1832 1099
2871 2 2 1 1 532 533 531
2872 2 2 1 1 532 1788 534
2873 2 2 1 1 409 411 410
2874 2 2 1 1 529 531 528
2875 2 2 1 1 422 424 423
2876 2 2 1 1 1623 1896 1088
2877 2 2 1 1 865 1807 720
2878 2 2 1 1 520 522 521
2879 2 2 1 1 1274 1865 976
2880 2 2 1 1 1225 1836 1108
2881 2 2 1 1 834 1831 703
2882 2 2 1 1 440 1813 442
2883 2 2 1 1 520 1691 936
2884 2 2 1 1 1783 1822 905
2885 2 2 1 1 431 1803 429
2886 2 2 1 1 1392 1396 1384
2887 2 2 1 1 644 1851 631
2888 2 2 1 1 1978 1981 1479
2889 2 2 1 1 1227 1847 1221
2890 2 2 1 1 1753 1829 1089
2891 2 2 1 1 521 1820 1128
2892 2 2 1 1 524 525 523
2893 2 2 1 1 811 1828 890
2894 2 2 1 1 527 528 526
2895 2 2 1 1 560 1835 558
2896 2 2 1 1 415 416 414
2897 2 2 1 1 415 418 417
2898 2 2 1 1 1979 2148 1312
2899 2 2 1 1 409 776 411
2900 2 2 1 1 1890 1897 778
2901 2 2 1 1 435 1810 438
2902 2 2 1 1 872 1806 477
2903 2 2 1 1 522 523 521
2904 2 2 1 1 1392 1431 1430
2905 2 2 1 1 420 422 421
2906 2 2 1 1 1738 1866 1632
2907 2 2 1 1 525 779 593
2908 2 2 1 1 705 1843 834
2909 2 2 1 1 681 1838 683
2910 2 2 1 1 1780 1839 859
2911 2 2 1 1 783 1812 786
2912 2 2 1 1 1476 1845 1341
2913 2 2 1 1 1128 1863 519
2914 2 2 1 1 1668 1856 839
2915 2 2 1 1 1077 1818 1060
2916 2 2 1 1 1866 1879 1632
2917 2 2 1 1 1697 1833 1153
2918 2 2 1 1 755 1861 1496
2919 2 2 1 1 938 1813 440
2920 2 2 1 1 1396 1771 1384
2921 2 2 1 1 407 409 408
2922 2 2 1 1 916 1816 914
2923 2 2 1 1 1018 1866 888
2924 2 2 1 1 413 414 412
2925 2 2 1 1 1756 1846 1714
2926 2 2 1 1 1127 1812 781
2927 2 2 1 1 907 1210 943
2928 2 2 1 1 1733 1832 1688
2929 2 2 1 1 995 1864 1821
2930 2 2 1 1 781 1812 783
2931 2 2 1 1 1205 1850 1218
2932 2 2 1 1 351 1728 29
2933 2 2 1 1 552 1837 572
2934 2 2 1 1 1099 1832 1733
2935 2 2 1 1 436 1810 435
2936 2 2 1 1 707 1843 705
2937 2 2 1 1 1005 1893 1563
2938 2 2 1 1 1222 1846 1756
2939 2 2 1 1 411 412 410
2940 2 2 1 1 905 1855 904
2941 2 2 1 1 665 1866 1738
2942 2 2 1 1 438 1810 938
2943 2 2 1 1 1421 1840 1376
2944 2 2 1 1 1009 1816 916
2945 2 2 1 1 418 419 417
2946 2 2 1 1 1072 1855 1457
2947 2 2 1 1 1254 1950 1370
2948 2 2 1 1 1893 1895 1563
2949 2 2 1 1 1088 1881 1762
2950 2 2 1 1 418 420 419
2951 2 2 1 1 1194 1509 1508
2952 2 2 1 1 1376 1840 1378
2953 2 2 1 1 1060 1818 1143
2954 2 2 1 1 1860 1881 1236
2955 2 2 1 1 417 518 416
2956 2 2 1 1 1864 1878 1723
2957 2 2 1 1 520 521 519
2958 2 2 1 1 405 407 406
2959 2 2 1 1 859 1839 1730
2960 2 2 1 1 1830 1836 1225
2961 2 2 1 1 914 1816 1793
2962 2 2 1 1 839 1856 977
2963 2 2 1 1 1126 1888 1008
2964 2 2 1 1 1382 1392 1384
2965 2 2 1 1 1714 1846 1608
2966 2 2 1 1 409 410 408
2967 2 2 1 1 1726 1860 1236
2968 2 2 1 1 680 1847 1835
2969 2 2 1 1 633 1851 1825
2970 2 2 1 1 1039 1053 1040
2971 2 2 1 1 1807 1843 707
2972 2 2 1 1 473 1884 464
2973 2 2 1 1 109 1849 108
2974 2 2 1 1 1228 1876 1868
2975 2 2 1 1 1721 1868 1838
2976 2 2 1 1 1082 1901 1272
2977 2 2 1 1 1262 1839 1780
2978 2 2 1 1 1235 1864 1723
2979 2 2 1 1 394 2086 1729
2980 2 2 1 1 495 1848 491
2981 2 2 1 1 1239 1925 1915
2982 2 2 1 1 745 1842 748
2983 2 2 1 1 631 1851 633
2984 2 2 1 1 402 1904 1184
2985 2 2 1 1 996 1857 1694
2986 2 2 1 1 629 1883 644
2987 2 2 1 1 593 1820 523
2988 2 2 1 1 1743 1876 1117
2989 2 2 1 1 460 1869 436
2990 2 2 1 1 1442 1902 1441
2991 2 2 1 1 1821 1864 1235
2992 2 2 1 1 1255 1954 1254
2993 2 2 1 1 1569 1959 1255
2994 2 2 1 1 30 388 2
2995 2 2 1 1 1828 1865 1115
2996 2 2 1 1 444 1960 1955
2997 2 2 1 1 1228 1888 1876
2998 2 2 1 1 1102 1862 1853
2999 2 2 1 1 1489 1850 1205
3000 2 2 1 1 1006 1853 1623
3001 2 2 1 1 1835 1847 1227
3002 2 2 1 1 936 1819 522
3003 2 2 1 1 1332 1818 1077
3004 2 2 1 1 518 520 519
3005 2 2 1 1 1378 1840 1381
3006 2 2 1 1 522 1819 524
3007 2 2 1 1 904 1855 1072
3008 2 2 1 1 1781 1860 1800
3009 2 2 1 1 1248 1897 1132
3010 2 2 1 1 1224 1878 1864
3011 2 2 1 1 1152 1893 964
3012 2 2 1 1 885 1893 1005
3013 2 2 1 1 518 519 416
3014 2 2 1 1 1231 1895 1233
3015 2 2 1 1 887 1883 628
3016 2 2 1 1 798 1854 794
3017 2 2 1 1 530 1841 526
3018 2 2 1 1 1392 1430 1396
3019 2 2 1 1 969 1892 1182
3020 2 2 1 1 1808 1972 831
3021 2 2 1 1 524 1819 527
3022 2 2 1 1 1792 1854 798
3023 2 2 1 1 1041 1508 1039
3024 2 2 1 1 432 1827 434
3025 2 2 1 1 777 1827 432
3026 2 2 1 1 434 1827 459
3027 2 2 1 1 1857 1872 1694
3028 2 2 1 1 1221 1858 1572
3029 2 2 1 1 523 1820 521
3030 2 2 1 1 335 1867 1626
3031 2 2 1 1 1222 1859 1846
3032 2 2 1 1 1744 1865 1828
3033 2 2 1 1 748 1842 907
3034 2 2 1 1 1673 1857 1707
3035 2 2 1 1 407 408 406
3036 2 2 1 1 779 1841 1127
3037 2 2 1 1 414 806 412
3038 2 2 1 1 1465 1859 1222
3039 2 2 1 1 1683 1894 346
3040 2 2 1 1 1079 1873 1546
3041 2 2 1 1 405 476 407
3042 2 2 1 1 998 1881 1860
3043 2 2 1 1 1035 1505 870
3044 2 2 1 1 502 1890 778
3045 2 2 1 1 888 1866 665
3046 2 2 1 1 794 1854 795
3047 2 2 1 1 869 1826 1071
3048 2 2 1 1 526 1841 525
3049 2 2 1 1 1847 1858 1221
3050 2 2 1 1 1800 1860 1726
3051 2 2 1 1 1673 1872 1857
3052 2 2 1 1 998 1860 1781
3053 2 2 1 1 977 1856 1179
3054 2 2 1 1 1223 1870 1114
3055 2 2 1 1 1694 1872 1237
3056 2 2 1 1 419 1844 417
3057 2 2 1 1 1224 1864 995
3058 2 2 1 1 1872 1880 1237
3059 2 2 1 1 1802 1852 1110
3060 2 2 1 1 1229 1868 1721
3061 2 2 1 1 868 1852 1802
3062 2 2 1 1 1766 1890 498
3063 2 2 1 1 1946 1965 1358
3064 2 2 1 1 1534 1951 1531
3065 2 2 1 1 525 1841 779
3066 2 2 1 1 976 1865 1744
3067 2 2 1 1 1204 1871 1372
3068 2 2 1 1 902 1874 1080
3069 2 2 1 1 1716 1890 1766
3070 2 2 1 1 963 1852 868
3071 2 2 1 1 1004 1872 1673
3072 2 2 1 1 1039 1040 1037
3073 2 2 1 1 531 1877 528
3074 2 2 1 1 410 627 408
3075 2 2 1 1 1071 1826 1487
3076 2 2 1 1 1237 1880 1607
3077 2 2 1 1 1004 1880 1872
3078 2 2 1 1 795 1887 792
3079 2 2 1 1 989 1885 1809
3080 2 2 1 1 907 1842 1210
3081 2 2 1 1 1632 1879 1295
3082 2 2 1 1 436 1869 1810
3083 2 2 1 1 1903 1912 1100
3084 2 2 1 1 1542 1917 1541
3085 2 2 1 1 528 1877 530
3086 2 2 1 1 405 406 404
3087 2 2 1 1 406 823 404
3088 2 2 1 1 1005 1880 1004
3089 2 2 1 1 686 1876 1743
3090 2 2 1 1 417 1844 518
3091 2 2 1 1 1812 1882 940
3092 2 2 1 1 355 1910 120
3093 2 2 1 1 1716 1897 1890
3094 2 2 1 1 628 1883 629
3095 2 2 1 1 1613 1898 824
3096 2 2 1 1 1254 1954 1950
3097 2 2 1 1 1723 1878 678
3098 2 2 1 1 1918 1994 953
3099 2 2 1 1 1569 1964 1959
3100 2 2 1 1 464 1884 774
3101 2 2 1 1 404 1904 402
3102 2 2 1 1 1239 1915 1238
3103 2 2 1 1 1251 1924 1561
3104 2 2 1 1 1693 1912 924
3105 2 2 1 1 518 1844 1691
3106 2 2 1 1 30 1728 388
3107 2 2 1 1 1270 1886 1032
3108 2 2 1 1 1270 1986 1982
3109 2 2 1 1 1762 1881 998
3110 2 2 1 1 1868 1876 686
3111 2 2 1 1 402 1184 400
3112 2 2 1 1 1607 1889 1234
3113 2 2 1 1 1527 1891 1196
3114 2 2 1 1 1904 1905 1184
3115 2 2 1 1 824 1898 802
3116 2 2 1 1 1880 1889 1607
3117 2 2 1 1 792 1887 791
3118 2 2 1 1 1127 1882 1812
3119 2 2 1 1 1135 1885 1816
3120 2 2 1 1 1008 1888 1228
3121 2 2 1 1 403 405 404
3122 2 2 1 1 791 1900 789
3123 2 2 1 1 1054 1245 1040
3124 2 2 1 1 903 1918 953
3125 2 2 1 1 1054 1247 1246
3126 2 2 1 1 416 1863 414
3127 2 2 1 1 1787 1903 1100
3128 2 2 1 1 1401 1972 1424
3129 2 2 1 1 498 1890 502
3130 2 2 1 1 1005 1889 1880
3131 2 2 1 1 1793 1885 989
3132 2 2 1 1 1891 1970 1195
3133 2 2 1 1 33 327 32
3134 2 2 1 1 1816 1885 1793
3135 2 2 1 1 1250 1930 1251
3136 2 2 1 1 1126 1892 1888
3137 2 2 1 1 331 2036 1366
3138 2 2 1 1 1914 1919 769
3139 2 2 1 1 1117 1892 969
3140 2 2 1 1 1088 1896 1881
3141 2 2 1 1 964 1893 885
3142 2 2 1 1 395 2155 1431
3143 2 2 1 1 519 1863 416
3144 2 2 1 1 1271 1986 1270
3145 2 2 1 1 1563 1895 1231
3146 2 2 1 1 1240 1913 1131
3147 2 2 1 1 1682 1894 1683
3148 2 2 1 1 807 1916 944
3149 2 2 1 1 1054 1246 1245
3150 2 2 1 1 1210 1899 943
3151 2 2 1 1 1441 1902 1829
3152 2 2 1 1 1194 1508 1041
3153 2 2 1 1 344 1920 132
3154 2 2 1 1 131 1920 373
3155 2 2 1 1 1913 1916 924
3156 2 2 1 1 1911 1914 769
3157 2 2 1 1 399 675 401
3158 2 2 1 1 1248 1912 1903
3159 2 2 1 1 1252 1934 1250
3160 2 2 1 1 1191 1926 1118
3161 2 2 1 1 1053 1054 1040
3162 2 2 1 1 1236 1896 1129
3163 2 2 1 1 768 1919 771
3164 2 2 1 1 1250 1934 1930
3165 2 2 1 1 1037 1875 1035
3166 2 2 1 1 1132 1897 1716
3167 2 2 1 1 414 1863 806
3168 2 2 1 1 1319 2141 1516
3169 2 2 1 1 1343 2133 2083
3170 2 2 1 1 1248 1903 1897
3171 2 2 1 1 1240 1921 1662
3172 2 2 1 1 1829 1902 1458
3173 2 2 1 1 1255 1959 1954
3174 2 2 1 1 1270 1982 1886
3175 2 2 1 1 1881 1896 1236
3176 2 2 1 1 1015 1921 1240
3177 2 2 1 1 1554 1914 1134
3178 2 2 1 1 1127 1907 1882
3179 2 2 1 1 1195 1901 1082
3180 2 2 1 1 802 1898 804
3181 2 2 1 1 1650 2166 2092
3182 2 2 1 1 1311 1939 1252
3183 2 2 1 1 1091 1921 925
3184 2 2 1 1 943 1899 1064
3185 2 2 1 1 789 1900 835
3186 2 2 1 1 1931 2096 341
3187 2 2 1 1 1885 1911 1809
3188 2 2 1 1 1941 1949 1558
3189 2 2 1 1 1252 1939 1934
3190 2 2 1 1 1245 1875 1040
3191 2 2 1 1 1928 1944 746
3192 2 2 1 1 1040 1875 1037
3193 2 2 1 1 756 1929 922
3194 2 2 1 1 1341 1925 1342
3195 2 2 1 1 1535 1908 1533
3196 2 2 1 1 1921 1923 1662
3197 2 2 1 1 1901 1975 1272
3198 2 2 1 1 1035 1875 1505
3199 2 2 1 1 418 2046 1502
3200 2 2 1 1 1888 1892 1117
3201 2 2 1 1 1533 1908 1534
3202 2 2 1 1 778 1903 1787
3203 2 2 1 1 541 1967 1962
3204 2 2 1 1 1635 1933 871
3205 2 2 1 1 1301 2087 2073
3206 2 2 1 1 1471 1906 1473
3207 2 2 1 1 401 402 400
3208 2 2 1 1 347 1927 1660
3209 2 2 1 1 403 404 402
3210 2 2 1 1 1170 1933 1083
3211 2 2 1 1 1251 1930 1924
3212 2 2 1 1 1883 1924 644
3213 2 2 1 1 1271 1991 1986
3214 2 2 1 1 1610 1937 1158
3215 2 2 1 1 1135 1911 1885
3216 2 2 1 1 32 1345 31
3217 2 2 1 1 62 1931 341
3218 2 2 1 1 382 1931 61
3219 2 2 1 1 1311 1942 1939
3220 2 2 1 1 120 1910 119
3221 2 2 1 1 35 363 34
3222 2 2 1 1 1899 1909 1064
3223 2 2 1 1 1064 1909 1365
3224 2 2 1 1 1680 1935 1681
3225 2 2 1 1 401 403 402
3226 2 2 1 1 1964 1973 1260
3227 2 2 1 1 724 1936 687
3228 2 2 1 1 1897 1903 778
3229 2 2 1 1 1057 2147 1578
3230 2 2 1 1 354 1938 96
3231 2 2 1 1 1552 1941 1249
3232 2 2 1 1 1915 1925 1845
3233 2 2 1 1 1912 1913 924
3234 2 2 1 1 1100 1912 1693
3235 2 2 1 1 1130 1943 1170
3236 2 2 1 1 823 1904 404
3237 2 2 1 1 1277 1994 1918
3238 2 2 1 1 1249 1941 1017
3239 2 2 1 1 530 1907 1841
3240 2 2 1 1 1561 1924 1883
3241 2 2 1 1 1841 1907 1127
3242 2 2 1 1 1352 1940 1226
3243 2 2 1 1 1932 1936 1249
3244 2 2 1 1 1131 1913 1248
3245 2 2 1 1 1809 1911 1504
3246 2 2 1 1 1203 1960 1480
3247 2 2 1 1 1139 1947 1674
3248 2 2 1 1 363 398 34
3249 2 2 1 1 1843 1915 834
3250 2 2 1 1 1134 1914 1135
3251 2 2 1 1 834 1915 1845
3252 2 2 1 1 592 1989 1984
3253 2 2 1 1 3 1322 35
3254 2 2 1 1 1174 1948 1304
3255 2 2 1 1 1541 1917 1191
3256 2 2 1 1 1133 1946 984
3257 2 2 1 1 1098 1918 903
3258 2 2 1 1 924 1916 807
3259 2 2 1 1 1483 1968 1369
3260 2 2 1 1 80 1961 366
3261 2 2 1 1 482 1945 1695
3262 2 2 1 1 480 1945 482
3263 2 2 1 1 769 1919 768
3264 2 2 1 1 1837 1940 596
3265 2 2 1 1 1552 1949 1941
3266 2 2 1 1 132 1920 131
3267 2 2 1 1 1154 2015 1098
3268 2 2 1 1 872 1965 1806
3269 2 2 1 1 1975 1984 1272
3270 2 2 1 1 1944 1968 1483
3271 2 2 1 1 925 1921 1015
3272 2 2 1 1 349 2145 1421
3273 2 2 1 1 1238 1915 1843
3274 2 2 1 1 1154 2018 2015
3275 2 2 1 1 1098 2015 2012
3276 2 2 1 1 1806 1965 1450
3277 2 2 1 1 1135 1914 1911
3278 2 2 1 1 424 2019 1371
3279 2 2 1 1 1572 1923 1091
3280 2 2 1 1 1490 2033 1220
3281 2 2 1 1 1292 2069 1302
3282 2 2 1 1 1018 1941 1558
3283 2 2 1 1 1907 1951 1534
3284 2 2 1 1 1662 1923 1142
3285 2 2 1 1 1505 1928 1484
3286 2 2 1 1 763 1936 1932
3287 2 2 1 1 1118 1926 1690
3288 2 2 1 1 363 1314 398
3289 2 2 1 1 1844 1955 1368
3290 2 2 1 1 1329 2096 1931
3291 2 2 1 1 1142 1932 1249
3292 2 2 1 1 1248 1913 1912
3293 2 2 1 1 329 1961 79
3294 2 2 1 1 1247 1922 1246
3295 2 2 1 1 444 1955 421
3296 2 2 1 1 1577 1971 1580
3297 2 2 1 1 1845 1925 1341
3298 2 2 1 1 644 1924 1870
3299 2 2 1 1 1503 1973 1016
3300 2 2 1 1 337 1963 68
3301 2 2 1 1 1529 1967 1527
3302 2 2 1 1 1629 2014 2005
3303 2 2 1 1 1160 2038 2026
3304 2 2 1 1 1366 2073 331
3305 2 2 1 1 1875 1928 1505
3306 2 2 1 1 1660 1927 1661
3307 2 2 1 1 1955 1960 1368
3308 2 2 1 1 31 397 1
3309 2 2 1 1 379 1966 1652
3310 2 2 1 1 871 1929 756
3311 2 2 1 1 419 1955 1844
3312 2 2 1 1 1245 1928 1875
3313 2 2 1 1 1353 2112 368
3314 2 2 1 1 1869 1950 1810
3315 2 2 1 1 1098 2012 1918
3316 2 2 1 1 541 1962 533
3317 2 2 1 1 1634 2127 375
3318 2 2 1 1 61 1931 62
3319 2 2 1 1 1799 1964 1260
3320 2 2 1 1 1924 1930 1870
3321 2 2 1 1 531 1962 1877
3322 2 2 1 1 763 1932 1572
3323 2 2 1 1 1610 2010 1937
3324 2 2 1 1 2001 2007 1690
3325 2 2 1 1 1930 1934 1114
3326 2 2 1 1 1358 1965 872
3327 2 2 1 1 1193 2078 1354
3328 2 2 1 1 1370 1950 1869
3329 2 2 1 1 1083 1933 1635
3330 2 2 1 1 530 1951 1907
3331 2 2 1 1 1114 1934 1003
3332 2 2 1 1 1363 2143 1351
3333 2 2 1 1 536 1970 541
3334 2 2 1 1 1917 1995 1191
3335 2 2 1 1 687 1936 763
3336 2 2 1 1 338 1935 1680
3337 2 2 1 1 1585 2095 1586
3338 2 2 1 1 1158 1937 1696
3339 2 2 1 1 1870 1930 1114
3340 2 2 1 1 1934 1939 1003
3341 2 2 1 1 1 2129 17
3342 2 2 1 1 1572 1932 1923
3343 2 2 1 1 96 1938 95
3344 2 2 1 1 1146 2063 1147
3345 2 2 1 1 1877 1962 1532
3346 2 2 1 1 1923 1932 1142
3347 2 2 1 1 1410 2142 1422
3348 2 2 1 1 1003 1939 1741
3349 2 2 1 1 549 1975 548
3350 2 2 1 1 1460 2006 1459
3351 2 2 1 1 1929 2022 922
3352 2 2 1 1 1017 1941 1018
3353 2 2 1 1 1180 1977 1331
3354 2 2 1 1 1310 2075 1456
3355 2 2 1 1 444 1978 1574
3356 2 2 1 1 541 1970 1891
3357 2 2 1 1 370 1980 146
3358 2 2 1 1 1226 1940 1837
3359 2 2 1 1 147 1980 340
3360 2 2 1 1 167 1979 168
3361 2 2 1 1 1553 2038 1074
3362 2 2 1 1 1495 1946 1358
3363 2 2 1 1 1479 1987 1266
3364 2 2 1 1 1590 1943 1130
3365 2 2 1 1 406 1969 823
3366 2 2 1 1 1939 1942 1741
3367 2 2 1 1 627 1969 408
3368 2 2 1 1 423 1978 444
3369 2 2 1 1 1696 2017 1173
3370 2 2 1 1 1741 1942 1275
3371 2 2 1 1 2013 2017 1696
3372 2 2 1 1 118 1985 331
3373 2 2 1 1 688 1981 427
3374 2 2 1 1 171 1983 1705
3375 2 2 1 1 357 1983 170
3376 2 2 1 1 517 1945 480
3377 2 2 1 1 1173 2023 1174
3378 2 2 1 1 1245 1944 1928
3379 2 2 1 1 548 1975 1901
3380 2 2 1 1 1590 2037 2035
3381 2 2 1 1 806 1976 412
3382 2 2 1 1 2060 2065 1164
3383 2 2 1 1 2064 2072 598
3384 2 2 1 1 1290 1947 1139
3385 2 2 1 1 1962 1967 1532
3386 2 2 1 1 592 1984 569
3387 2 2 1 1 1926 2001 1690
3388 2 2 1 1 1291 2044 1290
3389 2 2 1 1 410 1976 627
3390 2 2 1 1 2061 2067 1175
3391 2 2 1 1 1246 1944 1245
3392 2 2 1 1 467 1991 1277
3393 2 2 1 1 2017 2023 1173
3394 2 2 1 1 1148 1989 1542
3395 2 2 1 1 1969 2051 823
3396 2 2 1 1 1569 1973 1964
3397 2 2 1 1 1381 1988 1382
3398 2 2 1 1 1304 1948 1307
3399 2 2 1 1 1280 2050 2039
3400 2 2 1 1 823 1952 1904
3401 2 2 1 1 1433 2074 2066
3402 2 2 1 1 871 2029 1929
3403 2 2 1 1 1290 2044 2042
3404 2 2 1 1 966 2118 1993
3405 2 2 1 1 1136 1982 1804
3406 2 2 1 1 1392 1988 1431
3407 2 2 1 1 391 2097 1354
3408 2 2 1 1 1474 1957 1470
3409 2 2 1 1 1444 2048 1198
3410 2 2 1 1 1947 2040 1674
3411 2 2 1 1 1421 2120 349
3412 2 2 1 1 1558 1949 1298
3413 2 2 1 1 1356 2020 1162
3414 2 2 1 1 1886 1982 1136
3415 2 2 1 1 842 1949 1552
3416 2 2 1 1 1417 2051 1475
3417 2 2 1 1 1481 2020 1461
3418 2 2 1 1 1949 1953 1298
3419 2 2 1 1 94 1997 360
3420 2 2 1 1 1307 2031 1308
3421 2 2 1 1 1617 2079 362
3422 2 2 1 1 1298 1953 1299
3423 2 2 1 1 842 1953 1949
3424 2 2 1 1 1910 1985 119
3425 2 2 1 1 581 1995 592
3426 2 2 1 1 2127 2146 375
3427 2 2 1 1 174 1998 175
3428 2 2 1 1 1470 1957 1472
3429 2 2 1 1 1299 1956 1321
3430 2 2 1 1 125 2000 124
3431 2 2 1 1 2028 2031 1307
3432 2 2 1 1 1810 1950 938
3433 2 2 1 1 1956 1958 1321
3434 2 2 1 1 1749 1953 842
3435 2 2 1 1 1444 2057 2048
3436 2 2 1 1 1950 1954 938
3437 2 2 1 1 1516 2113 1319
3438 2 2 1 1 1937 2010 648
3439 2 2 1 1 1877 1951 530
3440 2 2 1 1 1953 1956 1299
3441 2 2 1 1 421 1955 419
3442 2 2 1 1 600 2001 599
3443 2 2 1 1 1181 1958 1956
3444 2 2 1 1 1904 1952 1905
3445 2 2 1 1 1181 1956 1749
3446 2 2 1 1 1749 1956 1953
3447 2 2 1 1 1282 2022 1929
3448 2 2 1 1 1761 2005 766
3449 2 2 1 1 1143 1999 963
3450 2 2 1 1 938 1954 1813
3451 2 2 1 1 1283 2004 1019
3452 2 2 1 1 1457 1994 1271
3453 2 2 1 1 1503 1974 1973
3454 2 2 1 1 1331 1958 1181
3455 2 2 1 1 648 2007 623
3456 2 2 1 1 1690 2010 1689
3457 2 2 1 1 1937 2013 1696
3458 2 2 1 1 1760 2004 1145
3459 2 2 1 1 1472 2002 1471
3460 2 2 1 1 1852 1999 1113
3461 2 2 1 1 1198 2056 1444
3462 2 2 1 1 1439 2024 390
3463 2 2 1 1 1368 1960 1203
3464 2 2 1 1 1813 1959 446
3465 2 2 1 1 1246 1968 1944
3466 2 2 1 1 345 2090 1364
3467 2 2 1 1 1327 1990 86
3468 2 2 1 1 1954 1959 1813
3469 2 2 1 1 1959 1964 446
3470 2 2 1 1 646 2013 648
3471 2 2 1 1 1590 2035 1943
3472 2 2 1 1 1163 2027 1356
3473 2 2 1 1 360 2052 1456
3474 2 2 1 1 592 1995 1917
3475 2 2 1 1 79 1961 80
3476 2 2 1 1 397 2129 1
3477 2 2 1 1 161 2021 1678
3478 2 2 1 1 68 1963 69
3479 2 2 1 1 1031 2018 1282
3480 2 2 1 1 1165 2047 1655
3481 2 2 1 1 385 2021 160
3482 2 2 1 1 533 1962 531
3483 2 2 1 1 1277 2012 952
3484 2 2 1 1 1751 1996 1803
3485 2 2 1 1 1310 2094 2075
3486 2 2 1 1 446 1964 1799
3487 2 2 1 1 1432 2068 894
3488 2 2 1 1 1652 1966 1653
3489 2 2 1 1 1984 1989 1272
3490 2 2 1 1 1045 2026 1010
3491 2 2 1 1 1513 2022 1154
3492 2 2 1 1 750 2028 819
3493 2 2 1 1 1633 2030 348
3494 2 2 1 1 422 2019 424
3495 2 2 1 1 1532 1967 1529
3496 2 2 1 1 1197 2065 2059
3497 2 2 1 1 405 2016 476
3498 2 2 1 1 1290 2042 1947
3499 2 2 1 1 599 2001 1926
3500 2 2 1 1 1282 2029 1144
3501 2 2 1 1 408 1969 406
3502 2 2 1 1 1140 2032 1291
3503 2 2 1 1 409 2025 776
3504 2 2 1 1 548 1970 536
3505 2 2 1 1 1649 2070 1286
3506 2 2 1 1 1247 2041 1438
3507 2 2 1 1 1578 1971 1577
3508 2 2 1 1 1016 1973 1569
3509 2 2 1 1 1938 1997 95
3510 2 2 1 1 715 2040 1947
3511 2 2 1 1 476 2025 407
3512 2 2 1 1 1424 1972 1808
3513 2 2 1 1 1198 2048 1557
3514 2 2 1 1 596 2035 595
3515 2 2 1 1 1948 2028 1307
3516 2 2 1 1 1260 1974 1259
3517 2 2 1 1 1420 2173 334
3518 2 2 1 1 1589 2040 1590
3519 2 2 1 1 1918 2012 1277
3520 2 2 1 1 649 2037 715
3521 2 2 1 1 1758 2039 814
3522 2 2 1 1 1365 2033 1443
3523 2 2 1 1 1186 2049 1126
3524 2 2 1 1 1501 2027 1488
3525 2 2 1 1 122 2043 121
3526 2 2 1 1 776 2034 411
3527 2 2 1 1 1366 2036 1770
3528 2 2 1 1 553 1975 549
3529 2 2 1 1 715 2042 713
3530 2 2 1 1 1759 2036 1335
3531 2 2 1 1 412 1976 410
3532 2 2 1 1 1364 2108 345
3533 2 2 1 1 648 2013 1937
3534 2 2 1 1 1182 1977 1180
3535 2 2 1 1 425 1978 423
3536 2 2 1 1 1168 2052 1207
3537 2 2 1 1 1922 1968 1246
3538 2 2 1 1 1456 2052 1687
3539 2 2 1 1 1475 2051 1969
3540 2 2 1 1 346 1979 167
3541 2 2 1 1 1815 2048 471
3542 2 2 1 1 1622 2058 1621
3543 2 2 1 1 1300 2053 1732
3544 2 2 1 1 415 2046 418
3545 2 2 1 1 1280 2054 1731
3546 2 2 1 1 1444 2056 1020
3547 2 2 1 1 1929 2029 1282
3548 2 2 1 1 953 1994 1457
3549 2 2 1 1 1456 2075 360
3550 2 2 1 1 425 1981 1978
3551 2 2 1 1 2049 2093 1638
3552 2 2 1 1 553 1984 1975
3553 2 2 1 1 125 2132 2000
3554 2 2 1 1 1516 2141 1517
3555 2 2 1 1 1724 2060 1573
3556 2 2 1 1 1555 2062 350
3557 2 2 1 1 383 2173 1420
3558 2 2 1 1 146 1980 147
3559 2 2 1 1 1867 2058 1283
3560 2 2 1 1 350 2062 1663
3561 2 2 1 1 427 1981 425
3562 2 2 1 1 1281 2061 957
3563 2 2 1 1 335 2058 1867
3564 2 2 1 1 1653 2063 332
3565 2 2 1 1 1878 2059 813
3566 2 2 1 1 170 1983 171
3567 2 2 1 1 454 2045 1160
3568 2 2 1 1 1804 1982 772
3569 2 2 1 1 1982 1986 772
3570 2 2 1 1 1288 2064 1287
3571 2 2 1 1 119 1985 118
3572 2 2 1 1 675 2011 401
3573 2 2 1 1 819 2028 1948
3574 2 2 1 1 569 1984 553
3575 2 2 1 1 1266 1987 1265
3576 2 2 1 1 1682 2122 1894
3577 2 2 1 1 375 2146 1633
3578 2 2 1 1 1987 1992 1265
3579 2 2 1 1 772 1986 1773
3580 2 2 1 1 1909 2033 1365
3581 2 2 1 1 36 2024 352
3582 2 2 1 1 86 1990 85
3583 2 2 1 1 1943 2035 596
3584 2 2 1 1 650 2066 622
3585 2 2 1 1 1382 1988 1392
3586 2 2 1 1 359 2129 1453
3587 2 2 1 1 894 2068 722
3588 2 2 1 1 1272 1989 1148
3589 2 2 1 1 4 2024 36
3590 2 2 1 1 956 2067 1164
3591 2 2 1 1 1892 2049 1182
3592 2 2 1 1 1615 2079 1617
3593 2 2 1 1 1773 1991 467
3594 2 2 1 1 1286 2070 1048
3595 2 2 1 1 1265 1992 1267
3596 2 2 1 1 1986 1991 1773
3597 2 2 1 1 40 1990 41
3598 2 2 1 1 1935 1993 1681
3599 2 2 1 1 331 2073 117
3600 2 2 1 1 2079 2107 362
3601 2 2 1 1 1973 1974 1260
3602 2 2 1 1 1192 2084 1193
3603 2 2 1 1 1748 2071 1175
3604 2 2 1 1 597 2074 598
3605 2 2 1 1 1698 1996 1751
3606 2 2 1 1 1947 2042 715
3607 2 2 1 1 1327 2134 1990
3608 2 2 1 1 1979 2124 168
3609 2 2 1 1 1722 2106 328
3610 2 2 1 1 1667 2106 1171
3611 2 2 1 1 583 2003 1698
3612 2 2 1 1 1698 2003 1996
3613 2 2 1 1 360 2075 93
3614 2 2 1 1 1703 2077 1585
3615 2 2 1 1 599 1995 581
3616 2 2 1 1 1736 2008 583
3617 2 2 1 1 95 1997 94
3618 2 2 1 1 1115 2076 1283
3619 2 2 1 1 583 2008 2003
3620 2 2 1 1 1459 2006 1192
3621 2 2 1 1 1116 2079 1615
3622 2 2 1 1 1704 1998 174
3623 2 2 1 1 1803 1996 1992
3624 2 2 1 1 1351 2077 1217
3625 2 2 1 1 1283 2076 1867
3626 2 2 1 1 1359 2174 340
3627 2 2 1 1 124 2000 330
3628 2 2 1 1 1736 2014 2008
3629 2 2 1 1 1054 2041 1247
3630 2 2 1 1 1146 2123 2063
3631 2 2 1 1 1704 2111 1998
3632 2 2 1 1 1996 2003 1267
3633 2 2 1 1 612 2001 600
3634 2 2 1 1 1155 2005 1761
3635 2 2 1 1 963 1999 1852
3636 2 2 1 1 340 2081 148
3637 2 2 1 1 1594 2152 1840
3638 2 2 1 1 1176 2080 1027
3639 2 2 1 1 1024 2080 1023
3640 2 2 1 1 766 2014 1736
3641 2 2 1 1 1274 2076 1865
3642 2 2 1 1 393 2083 140
3643 2 2 1 1 1840 2152 1381
3644 2 2 1 1 1155 2009 2005
3645 2 2 1 1 1303 2135 1667
3646 2 2 1 1 139 2083 371
3647 2 2 1 1 1267 2003 1550
3648 2 2 1 1 1019 2004 1760
3649 2 2 1 1 1220 2033 1909
3650 2 2 1 1 612 2007 2001
3651 2 2 1 1 1308 1993 1935
3652 2 2 1 1 390 2024 4
3653 2 2 1 1 623 2007 612
3654 2 2 1 1 115 2087 378
3655 2 2 1 1 1185 2088 1624
3656 2 2 1 1 104 2090 345
3657 2 2 1 1 377 2090 105
3658 2 2 1 1 2003 2008 1550
3659 2 2 1 1 1285 2062 1212
3660 2 2 1 1 369 2082 1595
3661 2 2 1 1 1655 2047 380
3662 2 2 1 1 70 2092 379
3663 2 2 1 1 2084 2167 1314
3664 2 2 1 1 1550 2008 1551
3665 2 2 1 1 1160 2009 1155
3666 2 2 1 1 1471 2002 1906
3667 2 2 1 1 1895 2085 1233
3668 2 2 1 1 1689 2010 1610
3669 2 2 1 1 91 2094 365
3670 2 2 1 1 1187 2089 1332
3671 2 2 1 1 50 2095 51
3672 2 2 1 1 401 2011 403
3673 2 2 1 1 2008 2014 1551
3674 2 2 1 1 1162 2020 1481
3675 2 2 1 1 367 2101 1566
3676 2 2 1 1 1302 2125 1258
3677 2 2 1 1 952 2012 1833
3678 2 2 1 1 2009 2026 1045
3679 2 2 1 1 1551 2014 1629
3680 2 2 1 1 1644 2100 1643
3681 2 2 1 1 676 2013 646
3682 2 2 1 1 2012 2015 1833
3683 2 2 1 1 676 2017 2013
3684 2 2 1 1 2094 2110 365
3685 2 2 1 1 403 2016 405
3686 2 2 1 1 1867 2099 1626
3687 2 2 1 1 2011 2016 403
3688 2 2 1 1 2015 2018 1153
3689 2 2 1 1 1422 2137 1410
3690 2 2 1 1 1681 2118 1682
3691 2 2 1 1 380 2047 1658
3692 2 2 1 1 1734 2017 676
3693 2 2 1 1 922 2022 1513
3694 2 2 1 1 1153 2018 1031
3695 2 2 1 1 2000 2132 1315
3696 2 2 1 1 1833 2015 1153
3697 2 2 1 1 601 2019 422
3698 2 2 1 1 1722 2104 1156
3699 2 2 1 1 160 2021 161
3700 2 2 1 1 1586 2107 1583
3701 2 2 1 1 1734 2023 2017
3702 2 2 1 1 1508 2098 1053
3703 2 2 1 1 333 2113 1516
3704 2 2 1 1 407 2025 409
3705 2 2 1 1 1276 2108 1364
3706 2 2 1 1 819 2023 1734
3707 2 2 1 1 1241 2109 1301
3708 2 2 1 1 1488 2027 1163
3709 2 2 1 1 1010 2026 1553
3710 2 2 1 1 1233 2085 1927
3711 2 2 1 1 1732 2139 1293
3712 2 2 1 1 1258 2110 1256
3713 2 2 1 1 832 2028 750
3714 2 2 1 1 1053 2041 1054
3715 2 2 1 1 1313 2124 1979
3716 2 2 1 1 1143 2100 1999
3717 2 2 1 1 832 2031 2028
3718 2 2 1 1 1263 2112 1353
3719 2 2 1 1 1420 2142 1406
3720 2 2 1 1 1144 2029 1352
3721 2 2 1 1 348 2030 1642
3722 2 2 1 1 1318 2112 1261
3723 2 2 1 1 1056 2117 1278
3724 2 2 1 1 1713 2031 832
3725 2 2 1 1 1647 2123 1646
3726 2 2 1 1 1328 2032 1140
3727 2 2 1 1 1302 2144 2125
3728 2 2 1 1 1373 2120 1374
3729 2 2 1 1 6 2138 141
3730 2 2 1 1 169 2124 357
3731 2 2 1 1 175 2138 6
3732 2 2 1 1 1643 2151 329
3733 2 2 1 1 398 2167 399
3734 2 2 1 1 374 2132 126
3735 2 2 1 1 1407 2142 1410
3736 2 2 1 1 1353 2081 1323
3737 2 2 1 1 411 2034 413
3738 2 2 1 1 334 2173 21
3739 2 2 1 1 1801 2101 1176
3740 2 2 1 1 1578 2157 1057
3741 2 2 1 1 42 2134 396
3742 2 2 1 1 22 2173 383
3743 2 2 1 1 392 2144 1598
3744 2 2 1 1 1593 2145 349
3745 2 2 1 1 1678 2131 338
3746 2 2 1 1 1151 2140 1152
3747 2 2 1 1 358 2143 52
3748 2 2 1 1 595 2035 621
3749 2 2 1 1 1046 2172 1047
3750 2 2 1 1 1416 2150 1415
3751 2 2 1 1 1293 2126 1243
3752 2 2 1 1 1598 2164 1597
3753 2 2 1 1 1324 2174 1359
3754 2 2 1 1 1438 2041 1439
3755 2 2 1 1 111 2163 110
3756 2 2 1 1 336 2156 112
3757 2 2 1 1 49 2154 50
3758 2 2 1 1 2035 2037 621
3759 2 2 1 1 1348 2165 1311
3760 2 2 1 1 1086 2039 1758
3761 2 2 1 1 1074 2038 1161
3762 2 2 1 1 1770 2036 1759
3763 2 2 1 1 1992 1996 1267
3764 2 2 1 1 1023 2141 1784
3765 2 2 1 1 85 1990 40
3766 2 2 1 1 1963 2092 69
3767 2 2 1 1 621 2037 649
3768 2 2 1 1 1113 2169 1111
3769 2 2 1 1 1785 2147 1057
3770 2 2 1 1 1674 2040 1589
3771 2 2 1 1 1275 2149 1315
3772 2 2 1 1 1452 2158 1451
3773 2 2 1 1 1308 2131 1306
3774 2 2 1 1 1777 2045 454
3775 2 2 1 1 1657 2096 1183
3776 2 2 1 1 2119 2158 1416
3777 2 2 1 1 2034 2046 413
3778 2 2 1 1 2039 2054 1280
3779 2 2 1 1 713 2042 820
3780 2 2 1 1 1777 2050 2045
3781 2 2 1 1 1836 2161 1317
3782 2 2 1 1 121 2043 355
3783 2 2 1 1 2042 2044 820
3784 2 2 1 1 814 2050 1777
3785 2 2 1 1 820 2044 1719
3786 2 2 1 1 1599 2069 389
3787 2 2 1 1 1557 2048 1815
3788 2 2 1 1 1160 2045 2038
3789 2 2 1 1 1666 2106 1667
3790 2 2 1 1 413 2046 415
3791 2 2 1 1 38 2055 391
3792 2 2 1 1 1268 2047 1165
3793 2 2 1 1 2045 2050 1161
3794 2 2 1 1 1161 2050 1280
3795 2 2 1 1 966 2153 1713
3796 2 2 1 1 1687 2052 1168
3797 2 2 1 1 1418 2150 2121
3798 2 2 1 1 1086 2057 2054
3799 2 2 1 1 1731 2054 1309
3800 2 2 1 1 1346 2053 1300
3801 2 2 1 1 352 2055 37
3802 2 2 1 1 2054 2057 1309
3803 2 2 1 1 471 2057 1086
3804 2 2 1 1 1126 2049 1892
3805 2 2 1 1 37 2055 38
3806 2 2 1 1 1020 2056 1224
3807 2 2 1 1 1935 2131 1308
3808 2 2 1 1 1667 2135 385
3809 2 2 1 1 1309 2057 1444
3810 2 2 1 1 1621 2058 335
3811 2 2 1 1 1925 2171 1342
3812 2 2 1 1 1573 2060 1281
3813 2 2 1 1 2056 2059 1224
3814 2 2 1 1 349 2120 1562
3815 2 2 1 1 823 2051 1952
3816 2 2 1 1 1581 2157 1576
3817 2 2 1 1 1164 2067 2060
3818 2 2 1 1 1224 2059 1878
3819 2 2 1 1 957 2061 1676
3820 2 2 1 1 1212 2062 1555
3821 2 2 1 1 332 2063 1648
3822 2 2 1 1 1175 2071 2061
3823 2 2 1 1 1701 2114 1285
3824 2 2 1 1 1160 2026 2009
3825 2 2 1 1 813 2065 1724
3826 2 2 1 1 1315 2116 1273
3827 2 2 1 1 1287 2064 1433
3828 2 2 1 1 598 2074 2064
3829 2 2 1 1 1999 2100 1645
3830 2 2 1 1 176 2086 394
3831 2 2 1 1 1422 2142 1420
3832 2 2 1 1 1258 2125 2110
3833 2 2 1 1 1164 2065 1197
3834 2 2 1 1 1318 2113 1511
3835 2 2 1 1 2 2086 176
3836 2 2 1 1 346 2148 1979
3837 2 2 1 1 716 2066 650
3838 2 2 1 1 716 2068 2066
3839 2 2 1 1 1175 2067 956
3840 2 2 1 1 2071 2072 1676
3841 2 2 1 1 181 2082 7
3842 2 2 1 1 722 2068 716
3843 2 2 1 1 1676 2072 1288
3844 2 2 1 1 2047 2115 1658
3845 2 2 1 1 1048 2070 1049
3846 2 2 1 1 1651 2071 1748
3847 2 2 1 1 1651 2072 2071
3848 2 2 1 1 1315 2149 2000
3849 2 2 1 1 1740 2130 357
3850 2 2 1 1 1653 2171 1239
3851 2 2 1 1 1342 2171 1966
3852 2 2 1 1 395 2082 181
3853 2 2 1 1 598 2072 1651
3854 2 2 1 1 117 2073 116
3855 2 2 1 1 1293 2139 2126
3856 2 2 1 1 622 2074 597
3857 2 2 1 1 1373 2128 370
3858 2 2 1 1 1317 2161 2030
3859 2 2 1 1 1194 2097 1509
3860 2 2 1 1 93 2075 92
3861 2 2 1 1 2053 2156 336
3862 2 2 1 1 394 2103 2102
3863 2 2 1 1 1865 2076 1115
3864 2 2 1 1 1217 2077 1703
3865 2 2 1 1 2073 2087 116
3866 2 2 1 1 1284 2079 1116
3867 2 2 1 1 1268 2115 2047
3868 2 2 1 1 2000 2149 330
3869 2 2 1 1 1630 2130 1740
3870 2 2 1 1 1638 2093 377
3871 2 2 1 1 2134 2164 396
3872 2 2 1 1 1701 2170 2114
3873 2 2 1 1 1360 2128 1373
3874 2 2 1 1 1027 2080 1024
3875 2 2 1 1 2038 2045 1161
3876 2 2 1 1 2075 2094 92
3877 2 2 1 1 2149 2165 330
3878 2 2 1 1 2123 2169 1646
3879 2 2 1 1 363 2078 1314
3880 2 2 1 1 1927 2085 1661
3881 2 2 1 1 148 2081 149
3882 2 2 1 1 1086 2054 2039
3883 2 2 1 1 7 2082 369
3884 2 2 1 1 1717 2118 966
3885 2 2 1 1 2105 2155 395
3886 2 2 1 1 1183 2096 1329
3887 2 2 1 1 140 2083 139
3888 2 2 1 1 2063 2123 1648
3889 2 2 1 1 1410 2137 1412
3890 2 2 1 1 1729 2086 388
3891 2 2 1 1 1291 2160 2044
3892 2 2 1 1 116 2087 115
3893 2 2 1 1 389 2162 1616
3894 2 2 1 1 1152 2085 1895
3895 2 2 1 1 1279 2088 1185
3896 2 2 1 1 2031 2153 1308
3897 2 2 1 1 105 2090 104
3898 2 2 1 1 388 2086 2
3899 2 2 1 1 1189 2089 1187
3900 2 2 1 1 1312 2148 1447
3901 2 2 1 1 1990 2134 41
3902 2 2 1 1 1292 2162 2069
3903 2 2 1 1 1314 2167 398
3904 2 2 1 1 1840 2145 1594
3905 2 2 1 1 1421 2145 1840
3906 2 2 1 1 69 2092 70
3907 2 2 1 1 1905 2091 1184
3908 2 2 1 1 2100 2151 1643
3909 2 2 1 1 1284 2107 2079
3910 2 2 1 1 1447 2148 1894
3911 2 2 1 1 1416 2137 2119
3912 2 2 1 1 1364 2093 1186
3913 2 2 1 1 92 2094 91
3914 2 2 1 1 51 2095 358
3915 2 2 1 1 1310 2110 2094
3916 2 2 1 1 1586 2154 2107
3917 2 2 1 1 328 2106 1666
3918 2 2 1 1 1285 2114 2062
3919 2 2 1 1 352 2136 1509
3920 2 2 1 1 340 2174 2081
3921 2 2 1 1 1447 2122 1049
3922 2 2 1 1 1626 2099 374
3923 2 2 1 1 1509 2098 1508
3924 2 2 1 1 1359 2128 1360
3925 2 2 1 1 1645 2100 1644
3926 2 2 1 1 1515 2101 367
3927 2 2 1 1 1625 2130 1630
3928 2 2 1 1 394 2102 177
3929 2 2 1 1 2060 2067 1281
3930 2 2 1 1 178 2102 361
3931 2 2 1 1 180 2105 395
3932 2 2 1 1 361 2105 179
3933 2 2 1 1 1319 2113 1318
3934 2 2 1 1 1966 2171 1653
3935 2 2 1 1 1273 2116 1274
3936 2 2 1 1 177 2102 178
3937 2 2 1 1 2030 2161 1642
3938 2 2 1 1 179 2105 180
3939 2 2 1 1 1658 2115 337
3940 2 2 1 1 1156 2104 1801
3941 2 2 1 1 1171 2106 1722
3942 2 2 1 1 1430 2103 1396
3943 2 2 1 1 2061 2071 1676
3944 2 2 1 1 334 2119 1422
3945 2 2 1 1 1454 2119 334
3946 2 2 1 1 1583 2107 1284
3947 2 2 1 1 1412 2137 1416
3948 2 2 1 1 1769 2108 1276
3949 2 2 1 1 1243 2109 1241
3950 2 2 1 1 2064 2074 1433
3951 2 2 1 1 1905 2121 1453
3952 2 2 1 1 378 2126 1639
3953 2 2 1 1 385 2135 2021
3954 2 2 1 1 1256 2110 1310
3955 2 2 1 1 1894 2122 1447
3956 2 2 1 1 2117 2157 1581
3957 2 2 1 1 1343 2111 1279
3958 2 2 1 1 2006 2084 1192
3959 2 2 1 1 1511 2113 333
3960 2 2 1 1 1261 2112 1263
3961 2 2 1 1 17 2129 359
3962 2 2 1 1 1430 2155 361
3963 2 2 1 1 1663 2114 381
3964 2 2 1 1 1659 2170 1333
3965 2 2 1 1 1336 2115 1268
3966 2 2 1 1 1057 2117 1056
3967 2 2 1 1 1769 2127 2108
3968 2 2 1 1 1454 2158 2119
3969 2 2 1 1 1333 2170 1701
3970 2 2 1 1 1439 2136 2024
3971 2 2 1 1 1998 2111 393
3972 2 2 1 1 1278 2133 1343
3973 2 2 1 1 1980 2128 1359
3974 2 2 1 1 1952 2121 1905
3975 2 2 1 1 1374 2120 1421
3976 2 2 1 1 1308 2153 1993
3977 2 2 1 1 2115 2168 337
3978 2 2 1 1 1648 2123 1647
3979 2 2 1 1 1983 2130 1625
3980 2 2 1 1 1971 2160 1291
3981 2 2 1 1 1049 2122 1717
3982 2 2 1 1 168 2124 169
3983 2 2 1 1 370 2128 1980
3984 2 2 1 1 365 2125 1618
3985 2 2 1 1 1998 2138 175
3986 2 2 1 1 1316 2127 1769
3987 2 2 1 1 357 2130 1983
3988 2 2 1 1 1595 2152 1594
3989 2 2 1 1 2062 2114 1663
3990 2 2 1 1 126 2132 125
3991 2 2 1 1 1346 2156 2053
3992 2 2 1 1 371 2133 1581
3993 2 2 1 1 2125 2144 1618
3994 2 2 1 1 2114 2170 381
3995 2 2 1 1 1336 2168 2115
3996 2 2 1 1 1316 2146 2127
3997 2 2 1 1 41 2134 42
3998 2 2 1 1 2088 2159 1624
3999 2 2 1 1 1305 2135 1303
4000 2 2 1 1 141 2138 393
4001 2 2 1 1 1639 2139 336
4002 2 2 1 1 1406 2142 1407
4003 2 2 1 1 1329 2140 1151
4004 2 2 1 1 1784 2141 1319
4005 2 2 1 1 52 2143 53
4006 2 2 1 1 1594 2145 1593
4007 2 2 1 1 1618 2144 392
4008 2 2 1 1 2055 2097 391
4009 2 2 1 1 1317 2146 1316
4010 2 2 1 1 1415 2150 1418
4011 2 2 1 1 1894 2148 346
4012 2 2 1 1 1719 2147 1785
4013 2 2 1 1 1418 2121 1952
4014 2 2 1 1 338 2131 1935
4015 2 2 1 1 1451 2158 1454
4016 2 2 1 1 1818 2151 1143
4017 2 2 1 1 1576 2157 1578
4018 2 2 1 1 337 2168 1963
4019 2 2 1 1 1381 2152 1988
4020 2 2 1 1 379 2166 1966
4021 2 2 1 1 362 2154 49
4022 2 2 1 1 2110 2125 365
4023 2 2 1 1 112 2156 111
4024 2 2 1 1 1431 2155 1430
4025 2 2 1 1 1705 2159 364
4026 2 2 1 1 1993 2118 1681
4027 2 2 1 1 2021 2135 1305
4028 2 2 1 1 110 2163 376
4029 2 2 1 1 1597 2164 1327
4030 2 2 1 1 1047 2161 1836
4031 2 2 1 1 1342 2166 1650
4032 2 2 1 1 1338 2168 1336
4033 2 2 1 1 381 2170 1659
4034 2 2 1 1 21 2173 22
4035 2 2 1 1 1167 2172 1046
4036 2 2 1 1 1111 2169 1146
4037 2 2 1 1 399 2167 675
4038 2 2 1 1 1719 2160 2147
4039 2 2 1 1 1323 2174 1324
4040 2 2 1 1 1988 2152 1595
4041 2 2 1 1 1942 2149 1275
4042 2 2 1 1 393 2138 1998
4043 2 2 1 1 2126 2139 1639
4044 2 2 1 1 1239 2171 1925
4045 2 2 1 1 1963 2168 1338
4046 2 2 1 1 2081 2174 1323
4047 2 2 1 1 1311 2165 1942
4048 2 2 1 1 1966 2166 1342
4049 2 2 1 1 1942 2165 2149
4050 2 2 1 1 2024 2136 352
4051 2 2 1 1 1143 2151 2100
4052 2 2 1 1 1274 2116 2099
4053 2 2 1 1 1146 2169 2123
4054 2 2 1 1 2069 2162 389
4055 2 2 1 1 2107 2154 362
4056 2 2 1 1 1327 2164 2134
4057 2 2 1 1 1713 2153 2031
4058 2 2 1 1 2109 2126 378
4059 2 2 1 1 2099 2116 374
4060 2 2 1 1 2044 2160 1719
4061 2 2 1 1 1509 2136 2098
4062 2 2 1 1 2098 2136 1439
4063 2 2 1 1 1243 2126 2109
4064 2 2 1 1 364 2159 2088
4065 2 2 1 1 2119 2137 1422
4066 2 2 1 1 361 2155 2105
4067 2 2 1 1 1057 2157 2117
4068 2 2 2 2 41 2236 40
4069 2 2 2 2 2242 2325 2323
4070 2 2 2 2 2179 2367 2366
4071 2 2 2 2 2366 2367 2310
4072 2 2 2 2 2178 2370 2314
4073 2 2 2 2 2314 2369 2178
4074 2 2 2 2 2180 2365 2364
4075 2 2 2 2 2364 2365 2306
4076 2 2 2 2 2250 2375 2224
4077 2 2 2 2 2239 2240 2197
4078 2 2 2 2 2181 2363 2362
4079 2 2 2 2 186 2225 185
4080 2 2 2 2 2362 2363 2302
4081 2 2 2 2 2251 2375 2250
4082 2 2 2 2 2222 2325 2242
4083 2 2 2 2 238 2373 2226
4084 2 2 2 2 2182 2361 2360
4085 2 2 2 2 2346 2383 2316
4086 2 2 2 2 2360 2361 2298
4087 2 2 2 2 2223 2236 41
4088 2 2 2 2 2327 2383 2346
4089 2 2 2 2 2183 2359 2358
4090 2 2 2 2 2358 2359 2294
4091 2 2 2 2 2184 2357 2356
4092 2 2 2 2 2333 2376 2239
4093 2 2 2 2 2356 2357 2290
4094 2 2 2 2 2226 2381 238
4095 2 2 2 2 8 186 185
4096 2 2 2 2 2179 2366 2314
4097 2 2 2 2 2230 2247 2244
4098 2 2 2 2 2185 2355 2354
4099 2 2 2 2 2314 2370 2179
4100 2 2 2 2 2354 2355 2286
4101 2 2 2 2 2180 2364 2310
4102 2 2 2 2 2310 2367 2180
4103 2 2 2 2 2186 2353 2352
4104 2 2 2 2 2352 2353 2282
4105 2 2 2 2 2198 2376 2333
4106 2 2 2 2 2197 2333 2239
4107 2 2 2 2 2181 2362 2306
4108 2 2 2 2 2230 2244 2243
4109 2 2 2 2 2306 2365 2181
4110 2 2 2 2 2187 2351 2350
4111 2 2 2 2 2350 2351 2278
4112 2 2 2 2 2249 2377 2232
4113 2 2 2 2 2246 2341 2177
4114 2 2 2 2 2182 2360 2302
4115 2 2 2 2 187 2225 186
4116 2 2 2 2 2302 2363 2182
4117 2 2 2 2 2188 2349 2348
4118 2 2 2 2 2348 2349 2274
4119 2 2 2 2 2183 2358 2298
4120 2 2 2 2 2227 2232 2228
4121 2 2 2 2 2298 2361 2183
4122 2 2 2 2 2177 2388 2246
4123 2 2 2 2 2345 2347 2189
4124 2 2 2 2 2270 2347 2345
4125 2 2 2 2 2184 2356 2294
4126 2 2 2 2 2232 2378 2249
4127 2 2 2 2 2294 2359 2184
4128 2 2 2 2 40 2236 2233
4129 2 2 2 2 2228 2229 2199
4130 2 2 2 2 2343 2344 2190
4131 2 2 2 2 2266 2344 2343
4132 2 2 2 2 2185 2354 2290
4133 2 2 2 2 2227 2378 2232
4134 2 2 2 2 2262 2342 2340
4135 2 2 2 2 2340 2342 2191
4136 2 2 2 2 2290 2357 2185
4137 2 2 2 2 36 2228 2199
4138 2 2 2 2 187 2248 2225
4139 2 2 2 2 2186 2352 2286
4140 2 2 2 2 2255 2339 2338
4141 2 2 2 2 2338 2339 2192
4142 2 2 2 2 244 2233 2203
4143 2 2 2 2 2286 2355 2186
4144 2 2 2 2 2187 2350 2282
4145 2 2 2 2 2259 2337 2336
4146 2 2 2 2 2336 2337 2193
4147 2 2 2 2 2240 2241 2197
4148 2 2 2 2 2282 2353 2187
4149 2 2 2 2 2188 2348 2278
4150 2 2 2 2 4 2243 84
4151 2 2 2 2 2320 2335 2334
4152 2 2 2 2 2334 2335 2194
4153 2 2 2 2 2278 2351 2188
4154 2 2 2 2 2372 2377 2175
4155 2 2 2 2 2175 2389 2372
4156 2 2 2 2 2189 2347 2274
4157 2 2 2 2 2324 2332 2331
4158 2 2 2 2 84 2243 2200
4159 2 2 2 2 2331 2332 2195
4160 2 2 2 2 2274 2349 2189
4161 2 2 2 2 2190 2344 2270
4162 2 2 2 2 2270 2345 2190
4163 2 2 2 2 2191 2342 2266
4164 2 2 2 2 2266 2343 2191
4165 2 2 2 2 2323 2368 2242
4166 2 2 2 2 2192 2339 2262
4167 2 2 2 2 2262 2340 2192
4168 2 2 2 2 2247 2385 2244
4169 2 2 2 2 2193 2337 2255
4170 2 2 2 2 2241 2368 2196
4171 2 2 2 2 239 10 240
4172 2 2 2 2 2255 2338 2193
4173 2 2 2 2 2194 2335 2259
4174 2 2 2 2 2233 2234 2203
4175 2 2 2 2 2259 2336 2194
4176 2 2 2 2 2244 2385 2246
4177 2 2 2 2 5 2233 244
4178 2 2 2 2 2195 2332 2320
4179 2 2 2 2 2249 2378 2221
4180 2 2 2 2 2320 2334 2195
4181 2 2 2 2 2231 2387 2230
4182 2 2 2 2 182 39 3
4183 2 2 2 2 2196 2382 2241
4184 2 2 2 2 2223 2237 2236
4185 2 2 2 2 2230 2387 2247
4186 2 2 2 2 2324 2331 2196
4187 2 2 2 2 2387 2389 2328
4188 2 2 2 2 2243 2244 2200
4189 2 2 2 2 2235 2386 38
4190 2 2 2 2 2196 2368 2324
4191 2 2 2 2 38 2386 2227
4192 2 2 2 2 188 2248 187
4193 2 2 2 2 2175 2248 188
4194 2 2 2 2 2199 2243 4
4195 2 2 2 2 37 2228 36
4196 2 2 2 2 2228 2232 2229
4197 2 2 2 2 2231 2389 2387
4198 2 2 2 2 2221 2379 2249
4199 2 2 2 2 2229 2230 2199
4200 2 2 2 2 2225 2379 185
4201 2 2 2 2 2240 2242 2241
4202 2 2 2 2 2328 2389 2371
4203 2 2 2 2 191 2176 9
4204 2 2 2 2 2198 2375 2251
4205 2 2 2 2 2234 2250 2203
4206 2 2 2 2 2177 2341 192
4207 2 2 2 2 2223 2238 2237
4208 2 2 2 2 183 2235 182
4209 2 2 2 2 2244 2245 2200
4210 2 2 2 2 40 2233 5
4211 2 2 2 2 2229 2231 2230
4212 2 2 2 2 2233 2236 2234
4213 2 2 2 2 2200 2330 83
4214 2 2 2 2 2212 2277 2276
4215 2 2 2 2 2211 2281 2280
4216 2 2 2 2 2210 2285 2284
4217 2 2 2 2 2209 2289 2288
4218 2 2 2 2 2204 2309 2308
4219 2 2 2 2 2202 2313 2312
4220 2 2 2 2 2205 2305 2304
4221 2 2 2 2 2206 2301 2300
4222 2 2 2 2 2207 2297 2296
4223 2 2 2 2 2208 2293 2292
4224 2 2 2 2 2213 2273 2272
4225 2 2 2 2 2242 2380 2222
4226 2 2 2 2 2212 2276 2275
4227 2 2 2 2 2211 2280 2279
4228 2 2 2 2 63 2279 62
4229 2 2 2 2 2210 2284 2283
4230 2 2 2 2 61 2275 60
4231 2 2 2 2 2209 2288 2287
4232 2 2 2 2 2204 2308 2307
4233 2 2 2 2 2202 2312 2311
4234 2 2 2 2 2201 2316 2315
4235 2 2 2 2 2205 2304 2303
4236 2 2 2 2 2206 2300 2299
4237 2 2 2 2 2207 2296 2295
4238 2 2 2 2 2208 2292 2291
4239 2 2 2 2 2213 2272 2271
4240 2 2 2 2 65 2283 64
4241 2 2 2 2 67 2287 66
4242 2 2 2 2 79 2311 78
4243 2 2 2 2 77 2307 76
4244 2 2 2 2 81 2315 80
4245 2 2 2 2 75 2303 74
4246 2 2 2 2 73 2299 72
4247 2 2 2 2 69 2291 68
4248 2 2 2 2 71 2295 70
4249 2 2 2 2 2214 2269 2268
4250 2 2 2 2 59 2271 58
4251 2 2 2 2 183 2386 2235
4252 2 2 2 2 2244 2246 2245
4253 2 2 2 2 2245 2330 2200
4254 2 2 2 2 2214 2268 2267
4255 2 2 2 2 2212 2275 61
4256 2 2 2 2 2211 2279 63
4257 2 2 2 2 2210 2283 65
4258 2 2 2 2 2209 2287 67
4259 2 2 2 2 2204 2307 77
4260 2 2 2 2 2202 2311 79
4261 2 2 2 2 2201 2315 81
4262 2 2 2 2 2205 2303 75
4263 2 2 2 2 2206 2299 73
4264 2 2 2 2 2207 2295 71
4265 2 2 2 2 2208 2291 69
4266 2 2 2 2 2238 2239 2237
4267 2 2 2 2 2213 2271 59
4268 2 2 2 2 2327 2388 2177
4269 2 2 2 2 57 2267 56
4270 2 2 2 2 237 2224 236
4271 2 2 2 2 2214 2267 57
4272 2 2 2 2 62 2279 2212
4273 2 2 2 2 60 2275 2213
4274 2 2 2 2 64 2283 2211
4275 2 2 2 2 66 2287 2210
4276 2 2 2 2 78 2311 2204
4277 2 2 2 2 80 2315 2202
4278 2 2 2 2 76 2307 2205
4279 2 2 2 2 74 2303 2206
4280 2 2 2 2 72 2299 2207
4281 2 2 2 2 68 2291 2209
4282 2 2 2 2 70 2295 2208
4283 2 2 2 2 2277 2278 2276
4284 2 2 2 2 2281 2282 2280
4285 2 2 2 2 2285 2286 2284
4286 2 2 2 2 58 2271 2214
4287 2 2 2 2 2289 2290 2288
4288 2 2 2 2 2309 2310 2308
4289 2 2 2 2 2313 2314 2312
4290 2 2 2 2 2305 2306 2304
4291 2 2 2 2 2301 2302 2300
4292 2 2 2 2 2297 2298 2296
4293 2 2 2 2 2293 2294 2292
4294 2 2 2 2 2273 2274 2272
4295 2 2 2 2 2215 2264 2263
4296 2 2 2 2 50 2256 2218
4297 2 2 2 2 2254 2257 2256
4298 2 2 2 2 2258 2318 2317
4299 2 2 2 2 2215 2263 55
4300 2 2 2 2 46 2321 2220
4301 2 2 2 2 44 2325 2222
4302 2 2 2 2 2215 2265 2264
4303 2 2 2 2 2269 2270 2268
4304 2 2 2 2 2321 2322 2220
4305 2 2 2 2 2256 2257 2218
4306 2 2 2 2 2319 2322 2321
4307 2 2 2 2 2212 2279 2277
4308 2 2 2 2 2211 2283 2281
4309 2 2 2 2 2210 2287 2285
4310 2 2 2 2 2232 2377 2372
4311 2 2 2 2 2209 2291 2289
4312 2 2 2 2 2204 2311 2309
4313 2 2 2 2 2202 2315 2313
4314 2 2 2 2 2205 2307 2305
4315 2 2 2 2 2206 2303 2301
4316 2 2 2 2 2207 2299 2297
4317 2 2 2 2 2208 2295 2293
4318 2 2 2 2 2213 2275 2273
4319 2 2 2 2 56 2267 2215
4320 2 2 2 2 2176 2328 9
4321 2 2 2 2 2227 2228 37
4322 2 2 2 2 51 2256 50
4323 2 2 2 2 2258 2317 2218
4324 2 2 2 2 38 2227 37
4325 2 2 2 2 2252 2260 2253
4326 2 2 2 2 2252 2253 2217
4327 2 2 2 2 2265 2266 2264
4328 2 2 2 2 2238 2240 2239
4329 2 2 2 2 2214 2271 2269
4330 2 2 2 2 55 2263 54
4331 2 2 2 2 47 2321 46
4332 2 2 2 2 45 2325 44
4333 2 2 2 2 52 2252 2217
4334 2 2 2 2 2218 2317 49
4335 2 2 2 2 2322 2323 2220
4336 2 2 2 2 2322 2324 2323
4337 2 2 2 2 2257 2258 2218
4338 2 2 2 2 2257 2259 2258
4339 2 2 2 2 2253 2255 2254
4340 2 2 2 2 2318 2320 2319
4341 2 2 2 2 2261 2262 2260
4342 2 2 2 2 39 2235 38
4343 2 2 2 2 2216 2260 2252
4344 2 2 2 2 2317 2318 2219
4345 2 2 2 2 2253 2254 2217
4346 2 2 2 2 2279 2280 2277
4347 2 2 2 2 2283 2284 2281
4348 2 2 2 2 2287 2288 2285
4349 2 2 2 2 2291 2292 2289
4350 2 2 2 2 2311 2312 2309
4351 2 2 2 2 2315 2316 2313
4352 2 2 2 2 2307 2308 2305
4353 2 2 2 2 2303 2304 2301
4354 2 2 2 2 2299 2300 2297
4355 2 2 2 2 2295 2296 2293
4356 2 2 2 2 2275 2276 2273
4357 2 2 2 2 2318 2319 2219
4358 2 2 2 2 2216 2261 2260
4359 2 2 2 2 2271 2272 2269
4360 2 2 2 2 48 2317 2219
4361 2 2 2 2 2216 2252 53
4362 2 2 2 2 80 2202 79
4363 2 2 2 2 82 2201 81
4364 2 2 2 2 72 2207 71
4365 2 2 2 2 76 2205 75
4366 2 2 2 2 70 2208 69
4367 2 2 2 2 48 2219 47
4368 2 2 2 2 66 2210 65
4369 2 2 2 2 50 2218 49
4370 2 2 2 2 42 2223 41
4371 2 2 2 2 84 2200 83
4372 2 2 2 2 60 2213 59
4373 2 2 2 2 44 2222 43
4374 2 2 2 2 52 2217 51
4375 2 2 2 2 74 2206 73
4376 2 2 2 2 46 2220 45
4377 2 2 2 2 64 2211 63
4378 2 2 2 2 54 2216 53
4379 2 2 2 2 58 2214 57
4380 2 2 2 2 62 2212 61
4381 2 2 2 2 78 2204 77
4382 2 2 2 2 56 2215 55
4383 2 2 2 2 68 2209 67
4384 2 2 2 2 2217 2256 51
4385 2 2 2 2 9 2328 190
4386 2 2 2 2 2267 2268 2265
4387 2 2 2 2 49 2317 48
4388 2 2 2 2 53 2252 52
4389 2 2 2 2 2220 2325 45
4390 2 2 2 2 2215 2267 2265
4391 2 2 2 2 2263 2264 2261
4392 2 2 2 2 54 2263 2216
4393 2 2 2 2 2219 2321 47
4394 2 2 2 2 2221 2386 183
4395 2 2 2 2 2323 2325 2220
4396 2 2 2 2 2254 2256 2217
4397 2 2 2 2 2216 2263 2261
4398 2 2 2 2 2319 2321 2219
4399 2 2 2 2 2326 2327 2177
4400 2 2 2 2 184 2221 183
4401 2 2 2 2 2248 2249 2225
4402 2 2 2 2 36 2199 4
4403 2 2 2 2 195 2178 194
4404 2 2 2 2 231 2196 230
4405 2 2 2 2 207 2184 206
4406 2 2 2 2 229 2195 228
4407 2 2 2 2 235 2198 234
4408 2 2 2 2 227 2194 226
4409 2 2 2 2 219 2190 218
4410 2 2 2 2 211 2186 210
4411 2 2 2 2 213 2187 212
4412 2 2 2 2 223 2192 222
4413 2 2 2 2 197 2179 196
4414 2 2 2 2 199 2180 198
4415 2 2 2 2 205 2183 204
4416 2 2 2 2 215 2188 214
4417 2 2 2 2 225 2193 224
4418 2 2 2 2 193 2177 192
4419 2 2 2 2 194 2326 193
4420 2 2 2 2 203 2182 202
4421 2 2 2 2 209 2185 208
4422 2 2 2 2 233 2197 232
4423 2 2 2 2 221 2191 220
4424 2 2 2 2 217 2189 216
4425 2 2 2 2 201 2181 200
4426 2 2 2 2 193 2326 2177
4427 2 2 2 2 2178 2326 194
4428 2 2 2 2 185 2379 184
4429 2 2 2 2 2234 2251 2250
4430 2 2 2 2 2230 2243 2199
4431 2 2 2 2 2201 2346 2316
4432 2 2 2 2 189 2175 188
4433 2 2 2 2 244 2203 243
4434 2 2 2 2 242 2226 241
4435 2 2 2 2 243 2329 242
4436 2 2 2 2 2322 2332 2324
4437 2 2 2 2 83 2330 82
4438 2 2 2 2 2278 2348 2276
4439 2 2 2 2 2274 2347 2272
4440 2 2 2 2 2320 2332 2319
4441 2 2 2 2 2257 2337 2259
4442 2 2 2 2 2282 2350 2280
4443 2 2 2 2 2318 2335 2320
4444 2 2 2 2 2255 2337 2254
4445 2 2 2 2 2259 2335 2258
4446 2 2 2 2 2286 2352 2284
4447 2 2 2 2 2270 2344 2268
4448 2 2 2 2 2250 2329 2203
4449 2 2 2 2 2290 2354 2288
4450 2 2 2 2 2294 2356 2292
4451 2 2 2 2 2298 2358 2296
4452 2 2 2 2 2262 2339 2260
4453 2 2 2 2 2302 2360 2300
4454 2 2 2 2 2253 2339 2255
4455 2 2 2 2 2306 2362 2304
4456 2 2 2 2 2196 2331 230
4457 2 2 2 2 229 2331 2195
4458 2 2 2 2 2310 2364 2308
4459 2 2 2 2 2314 2366 2312
4460 2 2 2 2 2198 2333 234
4461 2 2 2 2 233 2333 2197
4462 2 2 2 2 227 2334 2194
4463 2 2 2 2 2195 2334 228
4464 2 2 2 2 2266 2342 2264
4465 2 2 2 2 2203 2329 243
4466 2 2 2 2 2261 2342 2262
4467 2 2 2 2 2194 2336 226
4468 2 2 2 2 225 2336 2193
4469 2 2 2 2 242 2329 2226
4470 2 2 2 2 223 2338 2192
4471 2 2 2 2 2193 2338 224
4472 2 2 2 2 221 2340 2191
4473 2 2 2 2 2192 2340 222
4474 2 2 2 2 2265 2344 2266
4475 2 2 2 2 2191 2343 220
4476 2 2 2 2 219 2343 2190
4477 2 2 2 2 239 2373 238
4478 2 2 2 2 217 2345 2189
4479 2 2 2 2 2190 2345 218
4480 2 2 2 2 2269 2347 2270
4481 2 2 2 2 215 2349 2188
4482 2 2 2 2 2189 2349 216
4483 2 2 2 2 192 2341 191
4484 2 2 2 2 2188 2351 214
4485 2 2 2 2 213 2351 2187
4486 2 2 2 2 2273 2348 2274
4487 2 2 2 2 2187 2353 212
4488 2 2 2 2 211 2353 2186
4489 2 2 2 2 209 2355 2185
4490 2 2 2 2 2186 2355 210
4491 2 2 2 2 82 2330 2201
4492 2 2 2 2 2277 2350 2278
4493 2 2 2 2 2185 2357 208
4494 2 2 2 2 207 2357 2184
4495 2 2 2 2 2184 2359 206
4496 2 2 2 2 205 2359 2183
4497 2 2 2 2 2281 2352 2282
4498 2 2 2 2 2239 2376 2237
4499 2 2 2 2 203 2361 2182
4500 2 2 2 2 2183 2361 204
4501 2 2 2 2 2285 2354 2286
4502 2 2 2 2 2182 2363 202
4503 2 2 2 2 201 2363 2181
4504 2 2 2 2 2289 2356 2290
4505 2 2 2 2 2319 2332 2322
4506 2 2 2 2 199 2365 2180
4507 2 2 2 2 2181 2365 200
4508 2 2 2 2 2293 2358 2294
4509 2 2 2 2 197 2367 2179
4510 2 2 2 2 2180 2367 198
4511 2 2 2 2 2179 2370 196
4512 2 2 2 2 195 2370 2178
4513 2 2 2 2 2297 2360 2298
4514 2 2 2 2 2301 2362 2302
4515 2 2 2 2 2305 2364 2306
4516 2 2 2 2 2309 2366 2310
4517 2 2 2 2 2313 2369 2314
4518 2 2 2 2 230 2331 229
4519 2 2 2 2 2258 2335 2318
4520 2 2 2 2 2254 2337 2257
4521 2 2 2 2 234 2333 233
4522 2 2 2 2 228 2334 227
4523 2 2 2 2 226 2336 225
4524 2 2 2 2 2260 2339 2253
4525 2 2 2 2 224 2338 223
4526 2 2 2 2 2251 2376 2198
4527 2 2 2 2 222 2340 221
4528 2 2 2 2 2264 2342 2261
4529 2 2 2 2 220 2343 219
4530 2 2 2 2 2268 2344 2265
4531 2 2 2 2 218 2345 217
4532 2 2 2 2 2223 2374 2238
4533 2 2 2 2 2272 2347 2269
4534 2 2 2 2 2242 2368 2241
4535 2 2 2 2 2276 2348 2273
4536 2 2 2 2 216 2349 215
4537 2 2 2 2 2280 2350 2277
4538 2 2 2 2 214 2351 213
4539 2 2 2 2 42 2374 2223
4540 2 2 2 2 2222 2374 43
4541 2 2 2 2 2224 2375 236
4542 2 2 2 2 2284 2352 2281
4543 2 2 2 2 212 2353 211
4544 2 2 2 2 2288 2354 2285
4545 2 2 2 2 210 2355 209
4546 2 2 2 2 2292 2356 2289
4547 2 2 2 2 208 2357 207
4548 2 2 2 2 2296 2358 2293
4549 2 2 2 2 2241 2382 2197
4550 2 2 2 2 191 2341 2176
4551 2 2 2 2 206 2359 205
4552 2 2 2 2 2300 2360 2297
4553 2 2 2 2 204 2361 203
4554 2 2 2 2 2304 2362 2301
4555 2 2 2 2 202 2363 201
4556 2 2 2 2 2308 2364 2305
4557 2 2 2 2 200 2365 199
4558 2 2 2 2 2312 2366 2309
4559 2 2 2 2 2324 2368 2323
4560 2 2 2 2 198 2367 197
4561 2 2 2 2 2316 2369 2313
4562 2 2 2 2 196 2370 195
4563 2 2 2 2 2245 2346 2330
4564 2 2 2 2 235 2375 2198
4565 2 2 2 2 2330 2346 2201
4566 2 2 2 2 2232 2372 2229
4567 2 2 2 2 2229 2372 2231
4568 2 2 2 2 2226 2373 241
4569 2 2 2 2 238 2381 237
4570 2 2 2 2 2247 2387 2176
4571 2 2 2 2 190 2371 189
4572 2 2 2 2 189 2371 2175
4573 2 2 2 2 2328 2371 190
4574 2 2 2 2 2316 2383 2369
4575 2 2 2 2 2197 2382 232
4576 2 2 2 2 231 2382 2196
4577 2 2 2 2 2178 2383 2326
4578 2 2 2 2 241 2373 240
4579 2 2 2 2 182 2235 39
4580 2 2 2 2 43 2374 42
4581 2 2 2 2 2369 2383 2178
4582 2 2 2 2 2175 2377 2248
4583 2 2 2 2 240 2373 239
4584 2 2 2 2 2176 2387 2328
4585 2 2 2 2 236 2375 235
4586 2 2 2 2 2240 2380 2242
4587 2 2 2 2 2222 2380 2374
4588 2 2 2 2 2371 2389 2175
4589 2 2 2 2 2248 2377 2249
4590 2 2 2 2 2245 2388 2346
4591 2 2 2 2 2346 2388 2327
4592 2 2 2 2 2234 2384 2251
4593 2 2 2 2 184 2379 2221
4594 2 2 2 2 2237 2384 2236
4595 2 2 2 2 2176 2385 2247
4596 2 2 2 2 2238 2380 2240
4597 2 2 2 2 2249 2379 2225
4598 2 2 2 2 237 2381 2224
4599 2 2 2 2 2236 2384 2234
4600 2 2 2 2 2224 2390 2250
4601 2 2 2 2 2374 2380 2238
4602 2 2 2 2 232 2382 231
4603 2 2 2 2 2326 2383 2327
4604 2 2 2 2 2329 2390 2226
4605 2 2 2 2 2250 2390 2329
4606 2 2 2 2 2246 2388 2245
4607 2 2 2 2 2251 2384 2376
4608 2 2 2 2 2341 2385 2176
4609 2 2 2 2 2246 2385 2341
4610 2 2 2 2 2372 2389 2231
4611 2 2 2 2 2376 2384 2237
4612 2 2 2 2 2226 2390 2381
4613 2 2 2 2 2378 2386 2221
4614 2 2 2 2 2227 2386 2378
4615 2 2 2 2 2381 2390 2224
4616 2 2 2 3 2478 2494 2479
4617 2 2 2 3 2448 2571 2476
4618 2 2 2 3 2394 2494 2478
4619 2 2 2 3 254 2486 253
4620 2 2 2 3 2568 2639 2470
4621 2 2 2 3 2528 2588 2569
4622 2 2 2 3 2543 2578 2544
4623 2 2 2 3 2543 2586 2578
4624 2 2 2 3 2527 2588 2528
4625 2 2 2 3 2593 2594 2548
4626 2 2 2 3 2548 2594 2549
4627 2 2 2 3 2469 2566 2428
4628 2 2 2 3 2428 2570 2469
4629 2 2 2 3 2442 2568 2470
4630 2 2 2 3 2563 2639 2567
4631 2 2 2 3 2498 2570 2428
4632 2 2 2 3 2428 2572 2498
4633 2 2 2 3 2393 2477 2475
4634 2 2 2 3 2475 2560 2393
4635 2 2 2 3 2563 2567 2471
4636 2 2 2 3 2469 2621 2438
4637 2 2 2 3 2438 2566 2469
4638 2 2 2 3 2525 2577 2501
4639 2 2 2 3 2503 2587 2410
4640 2 2 2 3 2410 2591 2503
4641 2 2 2 3 2538 2576 2400
4642 2 2 2 3 2400 2589 2538
4643 2 2 2 3 2513 2583 2431
4644 2 2 2 3 2556 2575 2506
4645 2 2 2 3 2431 2581 2513
4646 2 2 2 3 2423 2590 2522
4647 2 2 2 3 2543 2589 2400
4648 2 2 2 3 2400 2586 2543
4649 2 2 2 3 2522 2574 2423
4650 2 2 2 3 2404 2585 2522
4651 2 2 2 3 2544 2578 2423
4652 2 2 2 3 2425 2583 2513
4653 2 2 2 3 2423 2574 2544
4654 2 2 2 3 2522 2590 2404
4655 2 2 2 3 2401 2576 2538
4656 2 2 2 3 2507 2582 2405
4657 2 2 2 3 2516 2581 2431
4658 2 2 2 3 2405 2592 2507
4659 2 2 2 3 2399 2587 2503
4660 2 2 2 3 2420 2579 2534
4661 2 2 2 3 2527 2575 2556
4662 2 2 2 3 2556 2588 2527
4663 2 2 2 3 2508 2577 2525
4664 2 2 2 3 2501 2622 2525
4665 2 2 2 3 2513 2624 2425
4666 2 2 2 3 2431 2626 2516
4667 2 2 2 3 2503 2627 2399
4668 2 2 2 3 2525 2625 2508
4669 2 2 2 3 2506 2630 2556
4670 2 2 2 3 2538 2631 2401
4671 2 2 2 3 2534 2632 2420
4672 2 2 2 3 2548 2585 2404
4673 2 2 2 3 2404 2593 2548
4674 2 2 2 3 2476 2571 2392
4675 2 2 2 3 2498 2572 2426
4676 2 2 2 3 2426 2634 2498
4677 2 2 2 3 2397 2486 254
4678 2 2 2 3 2494 2561 2493
4679 2 2 2 3 2394 2561 2494
4680 2 2 2 3 2488 2493 2395
4681 2 2 2 3 2479 2607 2419
4682 2 2 2 3 2488 2562 2484
4683 2 2 2 3 2395 2562 2488
4684 2 2 2 3 2419 2618 2479
4685 2 2 2 3 2493 2561 2395
4686 2 2 2 3 2396 2485 2484
4687 2 2 2 3 2484 2562 2396
4688 2 2 2 3 2457 2606 18
4689 2 2 2 3 2403 2629 2623
4690 2 2 2 3 2623 2629 2517
4691 2 2 2 3 253 2486 2396
4692 2 2 2 3 2441 2600 2599
4693 2 2 2 3 2449 2450 2414
4694 2 2 2 3 2451 2600 2463
4695 2 2 2 3 2446 2476 2473
4696 2 2 2 3 2441 2610 2600
4697 2 2 2 3 2446 2473 2472
4698 2 2 2 3 179 2620 2453
4699 2 2 2 3 2494 2607 2479
4700 2 2 2 3 2441 2599 2460
4701 2 2 2 3 2460 2604 2441
4702 2 2 2 3 2459 2617 2615
4703 2 2 2 3 2448 2476 2446
4704 2 2 2 3 30 2472 2418
4705 2 2 2 3 177 2444 176
4706 2 2 2 3 18 2606 17
4707 2 2 2 3 181 2455 2449
4708 2 2 2 3 179 2453 178
4709 2 2 2 3 180 2449 2414
4710 2 2 2 3 257 2605 12
4711 2 2 2 3 2600 2619 2463
4712 2 2 2 3 2594 2614 2549
4713 2 2 2 3 2473 2476 2475
4714 2 2 2 3 2436 2614 2594
4715 2 2 2 3 2472 2473 2418
4716 2 2 2 3 2615 2617 2443
4717 2 2 2 3 181 2633 2455
4718 2 2 2 3 312 2601 311
4719 2 2 2 3 2461 2616 2397
4720 2 2 2 3 12 2605 256
4721 2 2 2 3 2391 2639 2568
4722 2 2 2 3 2455 2559 2456
4723 2 2 2 3 2609 2611 2435
4724 2 2 2 3 2487 2611 2609
4725 2 2 2 3 2462 2611 2487
4726 2 2 2 3 2567 2639 2391
4727 2 2 2 3 177 2640 2444
4728 2 2 2 3 2 2472 30
4729 2 2 2 3 258 2458 257
4730 2 2 2 3 2414 2620 179
4731 2 2 2 3 2416 2604 2460
4732 2 2 2 3 2460 2612 2416
4733 2 2 2 3 2476 2641 2475
4734 2 2 2 3 2478 2637 2394
4735 2 2 2 3 2487 2616 2462
4736 2 2 2 3 308 2595 307
4737 2 2 2 3 18 2638 2457
4738 2 2 2 3 2449 2452 2450
4739 2 2 2 3 2450 2451 2414
4740 2 2 2 3 2397 2613 2461
4741 2 2 2 3 2473 2474 2418
4742 2 2 2 3 2396 2486 2485
4743 2 2 2 3 2596 2597 2565
4744 2 2 2 3 259 2457 2437
4745 2 2 2 3 2435 2465 21
4746 2 2 2 3 20 2443 19
4747 2 2 2 3 2491 2494 2493
4748 2 2 2 3 260 2606 2457
4749 2 2 2 3 20 2465 2443
4750 2 2 2 3 311 2601 2415
4751 2 2 2 3 28 2480 2419
4752 2 2 2 3 2438 2471 267
4753 2 2 2 3 175 2442 174
4754 2 2 2 3 2491 2493 2492
4755 2 2 2 3 2466 2467 2408
4756 2 2 2 3 2442 2470 2466
4757 2 2 2 3 2481 2492 2482
4758 2 2 2 3 22 2489 2435
4759 2 2 2 3 29 2480 28
4760 2 2 2 3 2482 2492 2488
4761 2 2 2 3 173 2466 2408
4762 2 2 2 3 2468 2496 2495
4763 2 2 2 3 2440 2595 308
4764 2 2 2 3 2466 2470 2467
4765 2 2 2 3 2449 2455 2452
4766 2 2 2 3 172 2495 171
4767 2 2 2 3 2442 2466 174
4768 2 2 2 3 2473 2475 2474
4769 2 2 2 3 176 2417 2
4770 2 2 2 3 2417 2472 2
4771 2 2 2 3 267 2471 266
4772 2 2 2 3 2452 2460 2450
4773 2 2 2 3 268 2438 267
4774 2 2 2 3 2393 2478 2477
4775 2 2 2 3 2486 2487 2485
4776 2 2 2 3 2492 2493 2488
4777 2 2 2 3 23 2489 22
4778 2 2 2 3 2446 2472 2417
4779 2 2 2 3 2481 2482 2434
4780 2 2 2 3 2445 2446 2417
4781 2 2 2 3 2418 2480 29
4782 2 2 2 3 171 2495 2407
4783 2 2 2 3 2419 2490 27
4784 2 2 2 3 24 2481 2434
4785 2 2 2 3 2455 2633 2559
4786 2 2 2 3 2432 2492 2481
4787 2 2 2 3 2484 2485 2483
4788 2 2 2 3 2475 2477 2474
4789 2 2 2 3 2482 2484 2483
4790 2 2 2 3 2474 2480 2418
4791 2 2 2 3 2490 2491 2432
4792 2 2 2 3 2408 2495 172
4793 2 2 2 3 2461 2605 2458
4794 2 2 2 3 2482 2483 2434
4795 2 2 2 3 2455 2456 2452
4796 2 2 2 3 300 2436 14
4797 2 2 2 3 2482 2488 2484
4798 2 2 2 3 2491 2492 2432
4799 2 2 2 3 21 2465 20
4800 2 2 2 3 2432 2481 25
4801 2 2 2 3 26 2490 2432
4802 2 2 2 3 2438 2563 2471
4803 2 2 2 3 30 2418 29
4804 2 2 2 3 28 2419 27
4805 2 2 2 3 26 2432 25
4806 2 2 2 3 22 2435 21
4807 2 2 2 3 24 2434 23
4808 2 2 2 3 2434 2489 23
4809 2 2 2 3 174 2466 173
4810 2 2 2 3 27 2490 26
4811 2 2 2 3 25 2481 24
4812 2 2 2 3 2444 2445 2417
4813 2 2 2 3 2467 2469 2468
4814 2 2 2 3 2445 2448 2446
4815 2 2 2 3 2495 2496 2407
4816 2 2 2 3 2496 2497 2407
4817 2 2 2 3 2462 2616 2461
4818 2 2 2 3 309 2440 308
4819 2 2 2 3 304 2441 303
4820 2 2 2 3 306 2433 305
4821 2 2 2 3 311 2415 310
4822 2 2 2 3 302 2416 301
4823 2 2 2 3 2496 2498 2497
4824 2 2 2 3 276 2504 2427
4825 2 2 2 3 2526 2528 2426
4826 2 2 2 3 2424 2526 273
4827 2 2 2 3 277 2504 276
4828 2 2 2 3 273 2526 272
4829 2 2 2 3 2504 2508 2505
4830 2 2 2 3 2540 2542 2541
4831 2 2 2 3 278 2509 2421
4832 2 2 2 3 2540 2543 2542
4833 2 2 2 3 279 2509 278
4834 2 2 2 3 2527 2528 2526
4835 2 2 2 3 2499 2509 279
4836 2 2 2 3 2504 2505 2427
4837 2 2 2 3 149 2539 148
4838 2 2 2 3 2424 2527 2526
4839 2 2 2 3 2531 2532 2403
4840 2 2 2 3 162 2524 2410
4841 2 2 2 3 157 2531 2403
4842 2 2 2 3 2540 2541 2539
4843 2 2 2 3 281 2557 2430
4844 2 2 2 3 2439 2554 2545
4845 2 2 2 3 272 2526 2426
4846 2 2 2 3 274 2529 2424
4847 2 2 2 3 290 2552 289
4848 2 2 2 3 2506 2529 2427
4849 2 2 2 3 2530 2551 2521
4850 2 2 2 3 2533 2534 2532
4851 2 2 2 3 288 2510 287
4852 2 2 2 3 2505 2506 2427
4853 2 2 2 3 144 2518 143
4854 2 2 2 3 2541 2542 2402
4855 2 2 2 3 2429 2521 2519
4856 2 2 2 3 2501 2509 2499
4857 2 2 2 3 2510 2514 2409
4858 2 2 2 3 2429 2518 144
4859 2 2 2 3 2520 2546 2518
4860 2 2 2 3 2422 2539 149
4861 2 2 2 3 142 2546 2412
4862 2 2 2 3 286 2554 285
4863 2 2 2 3 2502 2503 2500
4864 2 2 2 3 275 2529 274
4865 2 2 2 3 282 2557 281
4866 2 2 2 3 280 2499 279
4867 2 2 2 3 2427 2529 275
4868 2 2 2 3 2516 2517 2515
4869 2 2 2 3 2543 2544 2542
4870 2 2 2 3 2421 2504 277
4871 2 2 2 3 2514 2516 2515
4872 2 2 2 3 2536 2538 2537
4873 2 2 2 3 157 2403 156
4874 2 2 2 3 283 2420 282
4875 2 2 2 3 281 2430 280
4876 2 2 2 3 285 2439 284
4877 2 2 2 3 2411 2552 2512
4878 2 2 2 3 150 2422 149
4879 2 2 2 3 291 2401 290
4880 2 2 2 3 296 2423 295
4881 2 2 2 3 2539 2541 148
4882 2 2 2 3 289 2411 288
4883 2 2 2 3 2514 2515 2409
4884 2 2 2 3 2536 2537 2422
4885 2 2 2 3 2402 2551 2530
4886 2 2 2 3 2505 2507 2506
4887 2 2 2 3 168 2555 167
4888 2 2 2 3 148 2541 147
4889 2 2 2 3 152 2425 151
4890 2 2 2 3 2531 2550 2533
4891 2 2 2 3 146 2530 145
4892 2 2 2 3 298 2404 297
4893 2 2 2 3 2521 2522 2519
4894 2 2 2 3 145 2429 144
4895 2 2 2 3 169 2398 168
4896 2 2 2 3 143 2546 142
4897 2 2 2 3 2518 2546 143
4898 2 2 2 3 293 2400 292
4899 2 2 2 3 158 2531 157
4900 2 2 2 3 165 2405 164
4901 2 2 2 3 167 2406 166
4902 2 2 2 3 171 2407 170
4903 2 2 2 3 173 2408 172
4904 2 2 2 3 2429 2530 2521
4905 2 2 2 3 162 2410 161
4906 2 2 2 3 163 2524 162
4907 2 2 2 3 2398 2555 168
4908 2 2 2 3 274 2424 273
4909 2 2 2 3 287 2409 286
4910 2 2 2 3 2500 2501 2499
4911 2 2 2 3 272 2426 271
4912 2 2 2 3 276 2427 275
4913 2 2 2 3 154 2431 153
4914 2 2 2 3 2545 2554 2515
4915 2 2 2 3 270 2428 269
4916 2 2 2 3 142 2412 7
4917 2 2 2 3 160 2399 159
4918 2 2 2 3 278 2421 277
4919 2 2 2 3 158 2550 2531
4920 2 2 2 3 2401 2553 2552
4921 2 2 2 3 2430 2557 2502
4922 2 2 2 3 2523 2525 2524
4923 2 2 2 3 2425 2535 151
4924 2 2 2 3 2399 2550 159
4925 2 2 2 3 285 2554 2439
4926 2 2 2 3 2544 2551 2542
4927 2 2 2 3 147 2541 2402
4928 2 2 2 3 2420 2557 282
4929 2 2 2 3 289 2552 2411
4930 2 2 2 3 2537 2539 2422
4931 2 2 2 3 2531 2533 2532
4932 2 2 2 3 2430 2499 280
4933 2 2 2 3 159 2550 158
4934 2 2 2 3 287 2510 2409
4935 2 2 2 3 2552 2553 2512
4936 2 2 2 3 147 2402 146
4937 2 2 2 3 2515 2554 2409
4938 2 2 2 3 2411 2511 2510
4939 2 2 2 3 2535 2536 2422
4940 2 2 2 3 2411 2512 2511
4941 2 2 2 3 2517 2545 2515
4942 2 2 2 3 151 2535 150
4943 2 2 2 3 2401 2552 290
4944 2 2 2 3 2537 2540 2539
4945 2 2 2 3 2430 2502 2500
4946 2 2 2 3 2409 2554 286
4947 2 2 2 3 2411 2510 288
4948 2 2 2 3 2512 2513 2511
4949 2 2 2 3 2402 2530 146
4950 2 2 2 3 2430 2500 2499
4951 2 2 2 3 2511 2514 2510
4952 2 2 2 3 145 2530 2429
4953 2 2 2 3 2555 2556 2406
4954 2 2 2 3 2523 2524 163
4955 2 2 2 3 2429 2519 2518
4956 2 2 2 3 2519 2520 2518
4957 2 2 2 3 2542 2551 2402
4958 2 2 2 3 2421 2508 2504
4959 2 2 2 3 167 2555 2406
4960 2 2 2 3 150 2535 2422
4961 2 2 2 3 2557 2558 2502
4962 2 2 2 3 2420 2558 2557
4963 2 2 2 3 164 2523 163
4964 2 2 2 3 2405 2523 164
4965 2 2 2 3 180 2414 179
4966 2 2 2 3 178 2413 177
4967 2 2 2 3 181 2449 180
4968 2 2 2 3 178 2453 2413
4969 2 2 2 3 176 2444 2417
4970 2 2 2 3 2453 2463 2454
4971 2 2 2 3 2463 2464 2454
4972 2 2 2 3 2453 2454 2413
4973 2 2 2 3 2483 2489 2434
4974 2 2 2 3 2520 2548 2547
4975 2 2 2 3 2520 2547 2546
4976 2 2 2 3 2546 2547 2412
4977 2 2 2 3 2447 2597 2596
4978 2 2 2 3 2467 2468 2408
4979 2 2 2 3 2478 2479 2477
4980 2 2 2 3 2548 2549 2547
4981 2 2 2 3 2547 2559 2412
4982 2 2 2 3 2497 2564 2407
4983 2 2 2 3 247 2393 246
4984 2 2 2 3 245 2392 11
4985 2 2 2 3 255 2397 254
4986 2 2 2 3 249 2394 248
4987 2 2 2 3 250 2561 249
4988 2 2 2 3 253 2396 252
4989 2 2 2 3 246 2560 245
4990 2 2 2 3 251 2395 250
4991 2 2 2 3 252 2562 251
4992 2 2 2 3 169 2564 2398
4993 2 2 2 3 2407 2564 170
4994 2 2 2 3 2468 2495 2408
4995 2 2 2 3 2444 2447 2445
4996 2 2 2 3 2496 2570 2498
4997 2 2 2 3 2549 2559 2547
4998 2 2 2 3 249 2561 2394
4999 2 2 2 3 245 2560 2392
5000 2 2 2 3 251 2562 2395
5001 2 2 2 3 2393 2560 246
5002 2 2 2 3 2395 2561 250
5003 2 2 2 3 2396 2562 252
5004 2 2 2 3 170 2564 169
5005 2 2 2 3 2469 2570 2468
5006 2 2 2 3 7 2633 181
5007 2 2 2 3 268 2566 2438
5008 2 2 2 3 2571 2601 312
5009 2 2 2 3 2438 2621 2563
5010 2 2 2 3 2428 2566 269
5011 2 2 2 3 2464 2565 2454
5012 2 2 2 3 2426 2572 271
5013 2 2 2 3 270 2572 2428
5014 2 2 2 3 2540 2589 2543
5015 2 2 2 3 2406 2592 166
5016 2 2 2 3 2501 2577 2509
5017 2 2 2 3 2439 2579 284
5018 2 2 2 3 293 2586 2400
5019 2 2 2 3 160 2587 2399
5020 2 2 2 3 2521 2574 2522
5021 2 2 2 3 2514 2581 2516
5022 2 2 2 3 152 2583 2425
5023 2 2 2 3 2404 2590 297
5024 2 2 2 3 2522 2585 2519
5025 2 2 2 3 2431 2583 153
5026 2 2 2 3 2506 2575 2529
5027 2 2 2 3 2538 2589 2537
5028 2 2 2 3 2423 2578 295
5029 2 2 2 3 2513 2581 2511
5030 2 2 2 3 2400 2576 292
5031 2 2 2 3 283 2579 2420
5032 2 2 2 3 2544 2574 2551
5033 2 2 2 3 2503 2591 2500
5034 2 2 2 3 2550 2573 2533
5035 2 2 2 3 291 2576 2401
5036 2 2 2 3 296 2590 2423
5037 2 2 2 3 2535 2580 2536
5038 2 2 2 3 2505 2582 2507
5039 2 2 2 3 2410 2587 161
5040 2 2 2 3 165 2592 2405
5041 2 2 2 3 2424 2575 2527
5042 2 2 2 3 2555 2588 2556
5043 2 2 2 3 2421 2577 2508
5044 2 2 2 3 2520 2585 2548
5045 2 2 2 3 298 2593 2404
5046 2 2 2 3 2458 2605 257
5047 2 2 2 3 2448 2601 2571
5048 2 2 2 3 259 2437 258
5049 2 2 2 3 2468 2570 2496
5050 2 2 2 3 2397 2616 2486
5051 2 2 2 3 2491 2607 2494
5052 2 2 2 3 2437 2458 258
5053 2 2 2 3 264 2391 263
5054 2 2 2 3 2598 2601 2448
5055 2 2 2 3 261 2606 260
5056 2 2 2 3 2489 2609 2435
5057 2 2 2 3 265 2567 264
5058 2 2 2 3 2459 2462 2461
5059 2 2 2 3 2497 2569 2564
5060 2 2 2 3 2459 2461 2458
5061 2 2 2 3 263 2568 262
5062 2 2 2 3 2437 2617 2459
5063 2 2 2 3 2528 2634 2426
5064 2 2 2 3 2416 2612 2602
5065 2 2 2 3 11 2571 312
5066 2 2 2 3 260 2457 259
5067 2 2 2 3 2419 2607 2490
5068 2 2 2 3 269 2566 268
5069 2 2 2 3 2569 2588 2398
5070 2 2 2 3 2445 2598 2448
5071 2 2 2 3 2565 2597 2454
5072 2 2 2 3 2564 2569 2398
5073 2 2 2 3 2437 2459 2458
5074 2 2 2 3 2440 2596 2565
5075 2 2 2 3 2487 2609 2485
5076 2 2 2 3 2628 2629 2532
5077 2 2 2 3 2401 2631 2553
5078 2 2 2 3 2420 2632 2558
5079 2 2 2 3 2507 2630 2506
5080 2 2 2 3 2534 2628 2532
5081 2 2 2 3 2532 2629 2403
5082 2 2 2 3 271 2572 270
5083 2 2 2 3 2436 2594 14
5084 2 2 2 3 2508 2582 2505
5085 2 2 2 3 2399 2573 2550
5086 2 2 2 3 292 2576 291
5087 2 2 2 3 295 2578 294
5088 2 2 2 3 297 2590 296
5089 2 2 2 3 284 2579 283
5090 2 2 2 3 294 2586 293
5091 2 2 2 3 2516 2584 2517
5092 2 2 2 3 161 2587 160
5093 2 2 2 3 2578 2586 294
5094 2 2 2 3 2425 2580 2535
5095 2 2 2 3 2551 2574 2521
5096 2 2 2 3 2529 2575 2424
5097 2 2 2 3 2511 2581 2514
5098 2 2 2 3 2519 2585 2520
5099 2 2 2 3 2509 2577 2421
5100 2 2 2 3 153 2583 152
5101 2 2 2 3 2500 2591 2501
5102 2 2 2 3 2537 2589 2540
5103 2 2 2 3 166 2592 165
5104 2 2 2 3 2398 2588 2555
5105 2 2 2 3 299 2593 298
5106 2 2 2 3 2392 2571 11
5107 2 2 2 3 14 2594 299
5108 2 2 2 3 299 2594 2593
5109 2 2 2 3 2480 2618 2419
5110 2 2 2 3 2485 2609 2483
5111 2 2 2 3 2406 2630 2592
5112 2 2 2 3 2439 2628 2579
5113 2 2 2 3 2580 2631 2536
5114 2 2 2 3 2573 2632 2533
5115 2 2 2 3 2470 2621 2467
5116 2 2 2 3 2563 2621 2470
5117 2 2 2 3 264 2567 2391
5118 2 2 2 3 2391 2568 263
5119 2 2 2 3 2464 2595 2565
5120 2 2 2 3 2565 2595 2440
5121 2 2 2 3 2399 2627 2573
5122 2 2 2 3 2584 2623 2517
5123 2 2 2 3 2425 2624 2580
5124 2 2 2 3 2516 2626 2584
5125 2 2 2 3 2591 2622 2501
5126 2 2 2 3 2508 2625 2582
5127 2 2 2 3 2592 2630 2507
5128 2 2 2 3 2579 2628 2534
5129 2 2 2 3 2558 2632 2573
5130 2 2 2 3 2553 2631 2580
5131 2 2 2 3 2454 2597 2413
5132 2 2 2 3 2415 2601 2598
5133 2 2 2 3 2452 2612 2460
5134 2 2 2 3 2450 2599 2451
5135 2 2 2 3 2486 2616 2487
5136 2 2 2 3 2447 2598 2445
5137 2 2 2 3 2464 2619 2608
5138 2 2 2 3 2524 2622 2410
5139 2 2 2 3 2553 2624 2512
5140 2 2 2 3 155 2626 154
5141 2 2 2 3 156 2623 155
5142 2 2 2 3 2558 2627 2502
5143 2 2 2 3 2405 2625 2523
5144 2 2 2 3 2477 2618 2474
5145 2 2 2 3 2497 2634 2569
5146 2 2 2 3 2612 2642 2602
5147 2 2 2 3 2479 2618 2477
5148 2 2 2 3 2393 2637 2478
5149 2 2 2 3 2461 2613 2605
5150 2 2 2 3 2559 2633 2412
5151 2 2 2 3 2460 2599 2450
5152 2 2 2 3 247 2637 2393
5153 2 2 2 3 2394 2637 248
5154 2 2 2 3 2559 2614 2456
5155 2 2 2 3 266 2636 13
5156 2 2 2 3 6 2635 175
5157 2 2 2 3 2413 2640 177
5158 2 2 2 3 2599 2600 2451
5159 2 2 2 3 2569 2634 2528
5160 2 2 2 3 2595 2608 307
5161 2 2 2 3 2416 2602 301
5162 2 2 2 3 301 2602 300
5163 2 2 2 3 300 2602 2436
5164 2 2 2 3 2441 2604 303
5165 2 2 2 3 309 2603 2440
5166 2 2 2 3 302 2604 2416
5167 2 2 2 3 2415 2603 310
5168 2 2 2 3 303 2604 302
5169 2 2 2 3 310 2603 309
5170 2 2 2 3 2573 2627 2558
5171 2 2 2 3 2410 2622 2591
5172 2 2 2 3 2580 2624 2553
5173 2 2 2 3 155 2623 2584
5174 2 2 2 3 2584 2626 155
5175 2 2 2 3 2582 2625 2405
5176 2 2 2 3 2608 2619 2433
5177 2 2 2 3 2549 2614 2559
5178 2 2 2 3 2457 2617 2437
5179 2 2 2 3 307 2608 306
5180 2 2 2 3 2490 2607 2491
5181 2 2 2 3 2440 2603 2596
5182 2 2 2 3 304 2610 2441
5183 2 2 2 3 2433 2610 305
5184 2 2 2 3 13 2636 265
5185 2 2 2 3 262 2635 6
5186 2 2 2 3 2435 2611 2465
5187 2 2 2 3 306 2608 2433
5188 2 2 2 3 2464 2608 2595
5189 2 2 2 3 255 2613 2397
5190 2 2 2 3 256 2613 255
5191 2 2 2 3 2463 2620 2451
5192 2 2 2 3 2444 2640 2447
5193 2 2 2 3 2483 2609 2489
5194 2 2 2 3 305 2610 304
5195 2 2 2 3 2596 2643 2447
5196 2 2 2 3 2600 2610 2433
5197 2 2 2 3 17 2606 261
5198 2 2 2 3 2443 2638 19
5199 2 2 2 3 2456 2612 2452
5200 2 2 2 3 175 2635 2442
5201 2 2 2 3 2471 2636 266
5202 2 2 2 3 2465 2615 2443
5203 2 2 2 3 2447 2643 2598
5204 2 2 2 3 2462 2615 2611
5205 2 2 2 3 19 2638 18
5206 2 2 2 3 2447 2640 2597
5207 2 2 2 3 2611 2615 2465
5208 2 2 2 3 2453 2620 2463
5209 2 2 2 3 2392 2641 2476
5210 2 2 2 3 2474 2618 2480
5211 2 2 2 3 2451 2620 2414
5212 2 2 2 3 2459 2615 2462
5213 2 2 2 3 2463 2619 2464
5214 2 2 2 3 2467 2621 2469
5215 2 2 2 3 2605 2613 256
5216 2 2 2 3 2567 2636 2471
5217 2 2 2 3 2523 2625 2525
5218 2 2 2 3 2502 2627 2503
5219 2 2 2 3 2403 2623 156
5220 2 2 2 3 2525 2622 2524
5221 2 2 2 3 154 2626 2431
5222 2 2 2 3 2512 2624 2513
5223 2 2 2 3 2442 2635 2568
5224 2 2 2 3 2545 2629 2628
5225 2 2 2 3 2545 2628 2439
5226 2 2 2 3 2556 2630 2406
5227 2 2 2 3 2517 2629 2545
5228 2 2 2 3 2536 2631 2538
5229 2 2 2 3 2533 2632 2534
5230 2 2 2 3 2433 2619 2600
5231 2 2 2 3 2470 2639 2563
5232 2 2 2 3 2412 2633 7
5233 2 2 2 3 2498 2634 2497
5234 2 2 2 3 248 2637 247
5235 2 2 2 3 2560 2641 2392
5236 2 2 2 3 2475 2641 2560
5237 2 2 2 3 265 2636 2567
5238 2 2 2 3 2568 2635 262
5239 2 2 2 3 2602 2642 2436
5240 2 2 2 3 2617 2638 2443
5241 2 2 2 3 2597 2640 2413
5242 2 2 2 3 2603 2643 2596
5243 2 2 2 3 2415 2643 2603
5244 2 2 2 3 2436 2642 2614
5245 2 2 2 3 2598 2643 2415
5246 2 2 2 3 2456 2642 2612
5247 2 2 2 3 2457 2638 2617
5248 2 2 2 3 2614 2642 2456
5249 2 2 2 3 261 1 17
5250 2 2 3 4 2654 2665 2657
5251 2 2 3 4 317 2682 257
5252 2 2 3 4 2662 2671 2651
5253 2 2 3 4 2660 2673 2647
5254 2 2 3 4 2650 2666 261
5255 2 2 3 4 261 2666 1
5256 2 2 3 4 257 12 317
5257 2 2 3 4 2651 2671 2668
5258 2 2 3 4 2653 2665 2654
5259 2 2 3 4 2662 2682 317
5260 2 2 3 4 182 2653 2649
5261 2 2 3 4 2661 2673 2660
5262 2 2 3 4 2653 2654 2649
5263 2 2 3 4 2669 2671 2645
5264 2 2 3 4 2665 2687 2657
5265 2 2 3 4 2647 2681 2660
5266 2 2 3 4 3 2653 182
5267 2 2 3 4 2650 2667 2666
5268 2 2 3 4 15 2664 2644
5269 2 2 3 4 2661 2678 2675
5270 2 2 3 4 315 2664 15
5271 2 2 3 4 2671 2685 2645
5272 2 2 3 4 2651 2682 2662
5273 2 2 3 4 2645 2677 2669
5274 2 2 3 4 1 2666 316
5275 2 2 3 4 2654 2655 2649
5276 2 2 3 4 2650 2668 2667
5277 2 2 3 4 2663 2681 322
5278 2 2 3 4 2654 2656 2655
5279 2 2 3 4 2648 2664 315
5280 2 2 3 4 2654 2657 2656
5281 2 2 3 4 316 2666 2648
5282 2 2 3 4 322 2690 2663
5283 2 2 3 4 2659 2678 2661
5284 2 2 3 4 2668 2669 2667
5285 2 2 3 4 2647 2672 321
5286 2 2 3 4 182 2649 183
5287 2 2 3 4 316 2648 315
5288 2 2 3 4 2676 2684 2680
5289 2 2 3 4 2644 2665 314
5290 2 2 3 4 2668 2671 2669
5291 2 2 3 4 324 2646 323
5292 2 2 3 4 16 2647 321
5293 2 2 3 4 2657 2658 2656
5294 2 2 3 4 2649 2674 183
5295 2 2 3 4 320 2672 2645
5296 2 2 3 4 321 2672 320
5297 2 2 3 4 2662 2685 2671
5298 2 2 3 4 318 2662 317
5299 2 2 3 4 320 2645 319
5300 2 2 3 4 2669 2670 2667
5301 2 2 3 4 258 2651 259
5302 2 2 3 4 2660 2663 2658
5303 2 2 3 4 2644 2687 2665
5304 2 2 3 4 183 2674 184
5305 2 2 3 4 15 2644 314
5306 2 2 3 4 2657 2659 2658
5307 2 2 3 4 2648 2675 2664
5308 2 2 3 4 260 2650 261
5309 2 2 3 4 2668 2679 2651
5310 2 2 3 4 326 2652 325
5311 2 2 3 4 2659 2660 2658
5312 2 2 3 4 2647 2673 2672
5313 2 2 3 4 2675 2678 2664
5314 2 2 3 4 313 2665 2653
5315 2 2 3 4 2659 2661 2660
5316 2 2 3 4 314 2665 313
5317 2 2 3 4 2660 2681 2663
5318 2 2 3 4 2652 2684 2676
5319 2 2 3 4 2655 2674 2649
5320 2 2 3 4 313 2653 3
5321 2 2 3 4 2672 2677 2645
5322 2 2 3 4 324 2676 2646
5323 2 2 3 4 2664 2678 2644
5324 2 2 3 4 2675 2689 2670
5325 2 2 3 4 325 2676 324
5326 2 2 3 4 318 2685 2662
5327 2 2 3 4 2645 2685 319
5328 2 2 3 4 2652 2676 325
5329 2 2 3 4 322 2681 16
5330 2 2 3 4 2663 2686 2658
5331 2 2 3 4 2667 2689 2666
5332 2 2 3 4 2666 2689 2648
5333 2 2 3 4 2669 2677 2670
5334 2 2 3 4 323 2690 322
5335 2 2 3 4 185 2688 8
5336 2 2 3 4 2650 2679 2668
5337 2 2 3 4 2680 2686 2646
5338 2 2 3 4 2676 2680 2646
5339 2 2 3 4 8 2688 326
5340 2 2 3 4 2673 2677 2672
5341 2 2 3 4 2670 2691 2675
5342 2 2 3 4 259 2679 260
5343 2 2 3 4 2651 2679 259
5344 2 2 3 4 2656 2680 2655
5345 2 2 3 4 2677 2691 2670
5346 2 2 3 4 260 2679 2650
5347 2 2 3 4 2663 2690 2686
5348 2 2 3 4 2673 2691 2677
5349 2 2 3 4 258 2682 2651
5350 2 2 3 4 2683 2684 2652
5351 2 2 3 4 2648 2689 2675
5352 2 2 3 4 16 2681 2647
5353 2 2 3 4 2680 2684 2655
5354 2 2 3 4 2656 2686 2680
5355 2 2 3 4 184 2683 185
5356 2 2 3 4 257 2682 258
5357 2 2 3 4 2657 2687 2659
5358 2 2 3 4 319 2685 318
5359 2 2 3 4 2658 2686 2656
5360 2 2 3 4 2655 2684 2674
5361 2 2 3 4 2646 2690 323
5362 2 2 3 4 2670 2689 2667
5363 2 2 3 4 326 2688 2652
5364 2 2 3 4 2652 2688 2683
5365 2 2 3 4 2674 2683 184
5366 2 2 3 4 2675 2691 2661
5367 2 2 3 4 2674 2684 2683
5368 2 2 3 4 2686 2690 2646
5369 2 2 3 4 2661 2691 2673
5370 2 2 3 4 2678 2687 2644
5371 2 2 3 4 2659 2687 2678
5372 2 2 3 4 2683 2688 185
5373 2 2 3 5 33 315 15
5374 2 2 3 5 32 315 33
5375 2 2 3 5 34 33 15
5376 2 2 3 5 314 34 15
5377 2 2 3 5 31 1 316
5378 2 2 3 5 35 313 3
5379 2 2 3 5 32 31 316
5380 2 2 3 5 316 315 32
5381 2 2 3 5 35 34 314
5382 2 2 3 5 314 313 35
$EndElements
