$MeshFormat
2.2 0 8
$EndMeshFormat
$PhysicalNames
7
0 6 "separation-inf"
0 7 "separation-sup"
1 4 "pressure"
1 5 "fixed"
2 1 "body"
2 2 "cover"
2 3 "scar"
$EndPhysicalNames
$Nodes
2670
1 0.5377715094695754 0.4425780525149203 0
2 0.6780832021878531 0.4499314767377288 0
3 0.426849881326252 0.4237470558114971 0
4 0.4040362663251333 0.4037254805883031 0
5 0.06527036446661391 -1.301042606982605e-16 0
6 0.7306999999999998 0 0
7 0.7306999999999999 0.4 0
8 0.3969093791546687 0.4639017883319789 0
9 0.3657340441691846 0.4358648610726302 0
10 0 0 0
11 0.6754664043757063 0.4998629534754574 0
12 0.552680679980956 0.4934280263322698 0
13 0.7806999999999999 0 0
14 0.7806999999999999 0.4 0
15 0.4754071150127369 0.4393096730951061 0
16 0.4727903172005901 0.4892411498328348 0
17 0.5485647166017507 0.4431437005320594 0
18 0.5593579237339258 0.4437093485491985 0
19 0.5701511308661009 0.4442749965663376 0
20 0.5809443379982762 0.4448406445834767 0
21 0.5917375451304513 0.4454062926006158 0
22 0.6025307522626265 0.4459719406177549 0
23 0.6133239593948018 0.4465375886348941 0
24 0.6241171665269769 0.4471032366520332 0
25 0.6349103736591521 0.4476688846691723 0
26 0.6457035807913273 0.4482345326863114 0
27 0.6564967879235025 0.4488001807034505 0
28 0.6672899950556779 0.4493658287205897 0
29 0.5305250394860758 0.4338633398127748 0
30 0.5221197475230626 0.4262601423459714 0
31 0.5127243403255483 0.4199210676267719 0
32 0.5025273977279194 0.4149733503386318 0
33 0.4917335875754207 0.4115162985463506 0
34 0.4805595577352673 0.4096193004351076 0
35 0.4692295876508499 0.4093204315861022 0
36 0.4579710867188248 0.4106256907428547 0
37 0.4470100298433732 0.4135088794074782 0
38 0.4365664217828651 0.4179121276836021 0
39 0.4109486618694385 0.4111615600543561 0
40 0.4185794185904361 0.4178584281172148 0
41 0.07263484059397318 0.008776640882354192 0
42 0.07999931672133226 0.01755328176470861 0
43 0.08736379284869139 0.02632992264706302 0
44 0.09472826897605052 0.03510656352941743 0
45 0.1020927451034097 0.0438832044117719 0
46 0.1094572212307687 0.05265984529412632 0
47 0.1168216973581279 0.06143648617648073 0
48 0.124186173485487 0.07021312705883515 0
49 0.1315506496128461 0.07898976794118961 0
50 0.1389151257402052 0.08776640882354403 0
51 0.1462796018675643 0.09654304970589844 0
52 0.1536440779949235 0.1053196905882529 0
53 0.1610085541222825 0.1140963314706073 0
54 0.1683730302496417 0.1228729723529617 0
55 0.1757375063770008 0.1316496132353161 0
56 0.1831019825043599 0.1404262541176706 0
57 0.190466458631719 0.149202895000025 0
58 0.1978309347590781 0.1579795358823794 0
59 0.2051954108864372 0.1667561767647338 0
60 0.2125598870137964 0.1755328176470882 0
61 0.2199243631411554 0.1843094585294426 0
62 0.2272888392685146 0.193086099411797 0
63 0.2346533153958736 0.2018627402941514 0
64 0.2420177915232327 0.2106393811765058 0
65 0.2493822676505918 0.2194160220588602 0
66 0.2567467437779509 0.2281926629412146 0
67 0.26411121990531 0.236969303823569 0
68 0.2714756960326691 0.2457459447059234 0
69 0.2788401721600282 0.2545225855882778 0
70 0.2862046482873873 0.2632992264706322 0
71 0.2935691244147464 0.2720758673529866 0
72 0.3009336005421055 0.280852508235341 0
73 0.3082980766694647 0.2896291491176956 0
74 0.3156625527968239 0.29840579000005 0
75 0.323027028924183 0.3071824308824044 0
76 0.3303915050515422 0.3159590717647589 0
77 0.3377559811789013 0.3247357126471133 0
78 0.3451204573062605 0.3335123535294678 0
79 0.3524849334336195 0.3422889944118223 0
80 0.3598494095609788 0.3510656352941767 0
81 0.3672138856883378 0.3598422761765311 0
82 0.3745783618156969 0.3686189170588855 0
83 0.381942837943056 0.3773955579412399 0
84 0.3893073140704152 0.3861721988235943 0
85 0.3966717901977742 0.3949488397059487 0
86 0.07674328921718956 0 0
87 0.08821621396776522 0 0
88 0.09968913871834086 0 0
89 0.1111620634689165 0 0
90 0.1226349882194922 0 0
91 0.1341079129700678 0 0
92 0.1455808377206435 0 0
93 0.1570537624712191 0 0
94 0.1685266872217948 0 0
95 0.1799996119723704 0 0
96 0.1914725367229461 0 0
97 0.2029454614735217 0 0
98 0.2144183862240973 0 0
99 0.225891310974673 0 0
100 0.2373642357252487 0 0
101 0.2488371604758243 0 0
102 0.2603100852264 0 0
103 0.2717830099769756 0 0
104 0.2832559347275512 0 0
105 0.2947288594781268 0 0
106 0.3062017842287024 0 0
107 0.317674708979278 0 0
108 0.3291476337298536 0 0
109 0.3406205584804292 0 0
110 0.3520934832310048 0 0
111 0.3635664079815804 0 0
112 0.375039332732156 0 0
113 0.3865122574827317 0 0
114 0.3979851822333073 0 0
115 0.4094581069838829 0 0
116 0.4209310317344584 0 0
117 0.432403956485034 0 0
118 0.4438768812356096 0 0
119 0.4553498059861853 0 0
120 0.4668227307367609 0 0
121 0.4782956554873365 0 0
122 0.489768580237912 0 0
123 0.5012415049884876 0 0
124 0.5127144297390633 0 0
125 0.5241873544896389 0 0
126 0.5356602792402145 0 0
127 0.5471332039907901 0 0
128 0.5586061287413657 0 0
129 0.5700790534919413 0 0
130 0.5815519782425169 0 0
131 0.5930249029930925 0 0
132 0.6044978277436681 0 0
133 0.6159707524942437 0 0
134 0.6274436772448193 0 0
135 0.638916601995395 0 0
136 0.6503895267459706 0 0
137 0.6618624514965461 0 0
138 0.6733353762471217 0 0
139 0.6848083009976974 0 0
140 0.696281225748273 0 0
141 0.7077541504988486 0 0
142 0.7192270752494242 0 0
143 0.7306999999999999 0.3885714285714286 0
144 0.7306999999999999 0.3771428571428571 0
145 0.7306999999999999 0.3657142857142857 0
146 0.7306999999999999 0.3542857142857143 0
147 0.7306999999999999 0.3428571428571428 0
148 0.7306999999999999 0.3314285714285714 0
149 0.7306999999999999 0.32 0
150 0.7306999999999999 0.3085714285714285 0
151 0.7306999999999999 0.2971428571428571 0
152 0.7306999999999999 0.2857142857142857 0
153 0.7306999999999999 0.2742857142857142 0
154 0.7306999999999999 0.2628571428571428 0
155 0.7306999999999999 0.2514285714285713 0
156 0.7306999999999999 0.2399999999999998 0
157 0.7306999999999999 0.2285714285714284 0
158 0.7306999999999999 0.2171428571428569 0
159 0.7306999999999999 0.2057142857142855 0
160 0.7306999999999999 0.194285714285714 0
161 0.7306999999999999 0.1828571428571427 0
162 0.7306999999999999 0.1714285714285712 0
163 0.7306999999999999 0.1599999999999998 0
164 0.7306999999999999 0.1485714285714284 0
165 0.7306999999999999 0.137142857142857 0
166 0.7306999999999999 0.1257142857142856 0
167 0.7306999999999999 0.1142857142857142 0
168 0.7306999999999999 0.1028571428571428 0
169 0.7306999999999999 0.09142857142857141 0
170 0.7306999999999999 0.08000000000000007 0
171 0.7306999999999999 0.06857142857142867 0
172 0.7306999999999999 0.05714285714285727 0
173 0.7306999999999999 0.04571428571428587 0
174 0.7306999999999999 0.03428571428571447 0
175 0.7306999999999999 0.02285714285714302 0
176 0.7306999999999999 0.01142857142857151 0
177 0.6896278447399321 0.4491964794299314 0
178 0.7006946012159873 0.4458281127934987 0
179 0.7106910947343958 0.4400066774005602 0
180 0.7190822370179006 0.432043780699251 0
181 0.7254188703833169 0.4223656574157815 0
182 0.7293618100730225 0.4114903542337509 0
183 0.4189030626355761 0.4301127827367835 0
184 0.4118291703729912 0.4374363375325867 0
185 0.4057427954107787 0.4455990850117842 0
186 0.4007425317040154 0.4544687957992123 0
187 0.3883967084602796 0.4577304634833577 0
188 0.380337266628596 0.4509779669006093 0
189 0.3727706526749383 0.4436774760941884 0
190 0.3584193632858009 0.4271475638511777 0
191 0.3511046824024172 0.4184302666297251 0
192 0.3437900015190336 0.4097129694082725 0
193 0.3364753206356498 0.4009956721868199 0
194 0.3291606397522662 0.3922783749653673 0
195 0.3218459588688825 0.3835610777439147 0
196 0.3145312779854988 0.3748437805224621 0
197 0.3072165971021151 0.3661264833010095 0
198 0.2999019162187315 0.357409186079557 0
199 0.2925872353353478 0.3486918888581043 0
200 0.2852725544519641 0.3399745916366518 0
201 0.2779578735685805 0.3312572944151992 0
202 0.2706431926851968 0.3225399971937466 0
203 0.2633285118018131 0.313822699972294 0
204 0.2560138309184294 0.3051054027508415 0
205 0.2486991500350458 0.2963881055293889 0
206 0.2413844691516621 0.2876708083079362 0
207 0.2340697882682784 0.2789535110864836 0
208 0.2267551073848947 0.270236213865031 0
209 0.219440426501511 0.2615189166435784 0
210 0.2121257456181273 0.2528016194221258 0
211 0.2048110647347436 0.2440843222006732 0
212 0.1974963838513599 0.2353670249792206 0
213 0.1901817029679762 0.2266497277577679 0
214 0.1828670220845925 0.2179324305363153 0
215 0.1755523412012088 0.2092151333148627 0
216 0.1682376603178251 0.2004978360934101 0
217 0.1609229794344414 0.1917805388719575 0
218 0.1536082985510577 0.1830632416505049 0
219 0.146293617667674 0.1743459444290522 0
220 0.1389789367842903 0.1656286472075996 0
221 0.1316642559009066 0.156911349986147 0
222 0.1243495750175229 0.1481940527646943 0
223 0.1170348941341392 0.1394767555432417 0
224 0.1097202132507555 0.1307594583217891 0
225 0.1024055323673718 0.1220421611003365 0
226 0.0950908514839881 0.113324863878884 0
227 0.08777617060060444 0.1046075666574313 0
228 0.08046148971722072 0.09589026943597867 0
229 0.07314680883383701 0.08717297221452608 0
230 0.06583212795045329 0.07845567499307343 0
231 0.05851744706706957 0.06973837777162079 0
232 0.05120276618368591 0.06102108055016819 0
233 0.04388808530030225 0.05230378332871566 0
234 0.03657340441691853 0.04358648610726296 0
235 0.02925872353353487 0.03486918888581042 0
236 0.0219440426501511 0.02615189166435772 0
237 0.01462936176676743 0.01743459444290513 0
238 0.007314680883383662 0.00871729722145248 0
239 0.01087839407776897 0 0
240 0.02175678815553795 0 0
241 0.03263518223330691 0 0
242 0.04351357631107589 0 0
243 0.0543919703888449 0 0
244 0.6643040657943653 0.4992779600988039 0
245 0.6531417272130244 0.4986929667221505 0
246 0.6419793886316835 0.4981079733454971 0
247 0.6308170500503426 0.4975229799688437 0
248 0.6196547114690016 0.4969379865921903 0
249 0.6084923728876607 0.4963529932155369 0
250 0.5973300343063198 0.4957679998388835 0
251 0.5861676957249788 0.4951830064622301 0
252 0.5750053571436379 0.4945980130855766 0
253 0.563843018562297 0.4940130197089232 0
254 0.5525171232922139 0.4826353652141361 0
255 0.5509021863799684 0.4719629585703292 0
256 0.5478652682332362 0.4616050913684697 0
257 0.5434616541839485 0.4517503225682276 0
258 0.7406999999999998 0 0
259 0.7506999999999999 0 0
260 0.7606999999999999 0 0
261 0.7706999999999999 0 0
262 0.7806999999999999 0.01142857142857144 0
263 0.7806999999999999 0.02285714285714288 0
264 0.7806999999999999 0.03428571428571432 0
265 0.7806999999999999 0.04571428571428577 0
266 0.7806999999999999 0.0571428571428572 0
267 0.7806999999999999 0.06857142857142863 0
268 0.7806999999999999 0.08000000000000006 0
269 0.7806999999999999 0.0914285714285715 0
270 0.7806999999999999 0.1028571428571429 0
271 0.7806999999999999 0.1142857142857144 0
272 0.7806999999999999 0.1257142857142858 0
273 0.7806999999999999 0.1371428571428573 0
274 0.7806999999999999 0.1485714285714287 0
275 0.7806999999999999 0.1600000000000002 0
276 0.7806999999999999 0.1714285714285717 0
277 0.7806999999999999 0.1828571428571431 0
278 0.7806999999999999 0.1942857142857145 0
279 0.7806999999999999 0.205714285714286 0
280 0.7806999999999999 0.2171428571428574 0
281 0.7806999999999999 0.2285714285714288 0
282 0.7806999999999999 0.2400000000000002 0
283 0.7806999999999999 0.2514285714285716 0
284 0.7806999999999999 0.262857142857143 0
285 0.7806999999999999 0.2742857142857144 0
286 0.7806999999999999 0.2857142857142858 0
287 0.7806999999999999 0.2971428571428572 0
288 0.7806999999999999 0.3085714285714286 0
289 0.7806999999999999 0.32 0
290 0.7806999999999999 0.3314285714285714 0
291 0.7806999999999999 0.3428571428571427 0
292 0.7806999999999999 0.3542857142857141 0
293 0.7806999999999999 0.3657142857142855 0
294 0.7806999999999999 0.377142857142857 0
295 0.7806999999999999 0.3885714285714285 0
296 0.7800286514924181 0.4115680159360948 0
297 0.7780236201460451 0.4229807084675019 0
298 0.7747118274569218 0.4340848397122524 0
299 0.7701377407666337 0.4447313148315632 0
300 0.764362776200642 0.454777183921787 0
301 0.7574644740358012 0.4640875613985023 0
302 0.7495354575693756 0.4725374371012285 0
303 0.7406821894687915 0.4800133548011204 0
304 0.7310235423005802 0.4864149355743653 0
305 0.7206892024319744 0.4916562255869974 0
306 0.7098179287359266 0.4956668501944612 0
307 0.6985556894798641 0.4983929588598628 0
308 0.6870537024141186 0.4997979482035217 0
309 0.4358131717789422 0.4288362702389832 0
310 0.4452527130492738 0.432975804009099 0
311 0.4550682188096304 0.4361216784339018 0
312 0.4651554084601172 0.438240471529826 0
313 0.4858011807555433 0.4398544029984084 0
314 0.4961952464983498 0.4403991329017108 0
315 0.5065893122411562 0.4409438628050132 0
316 0.5169833779839625 0.4414885927083155 0
317 0.527377443726769 0.4420333226116179 0
318 0.5412677710123324 0.4928299011180648 0
319 0.5298548620437087 0.4922317759038598 0
320 0.518441953075085 0.4916336506896548 0
321 0.5070290441064613 0.4910355254754498 0
322 0.4956161351378375 0.4904374002612448 0
323 0.4842032261692139 0.4898392750470398 0
324 0.4612724081073332 0.4881910265934556 0
325 0.4498696457149202 0.486256601996685 0
326 0.4386498207070204 0.4834493764107154 0
327 0.4276796361843173 0.4797860391021591 0
328 0.4170243111071973 0.4752883690165129 0
329 0.4067471925618171 0.4699831052999182 0
330 0.4874092006742046 0.4013234590386845 0
331 0.5184390578974898 0.009377296340425278 0
332 0.7199471004366995 0.2116646985100372 0
333 0.3490401868813249 0.3227474561404318 0
334 0.4496133436108974 0.009935844289705731 0
335 0.3123249564314028 0.2794768673100371 0
336 0.7208002119278962 0.2685740131830451 0
337 0.5760212669282666 0.01038259765241989 0
338 0.3914359688362168 0.01016103432460269 0
339 0.7209475296171113 0.1546749894067149 0
340 0.2753007345914318 0.2349275827865976 0
341 0.5868308071168065 0.4357762770272752 0
342 0.3347954096447793 0.01035691376692749 0
343 0.7191938745289078 0.3262152328726645 0
344 0.2390041612326841 0.1932481108733538 0
345 0.3796315239679686 0.356433598244595 0
346 0.6206123708759776 0.01033717466885165 0
347 0.2889917992576468 0.009935792209574301 0
348 0.7211989396399581 0.1092145991161145 0
349 0.6299482974426558 0.4370691925524568 0
350 0.2091761005179164 0.1567639733596655 0
351 0.5231970184524884 0.4156185859290714 0
352 0.2431006544482519 0.009600077874137192 0
353 0.7208970119294799 0.3717997936825929 0
354 0.1782275423327689 0.1203596603230777 0
355 0.6675960212543378 0.009937866965318287 0
356 0.2086819983500535 0.009347821825251679 0
357 0.4835985978387577 0.009685062932090482 0
358 0.7201464661653696 0.07650251517627299 0
359 0.4005903460981066 0.3841826958529145 0
360 0.6623839774874878 0.440348365145789 0
361 0.157230939095367 0.09457543044481309 0
362 0.4615691202915913 0.4006001206514658 0
363 0.1742631495970824 0.009935844289705731 0
364 0.720139942245994 0.4045932555568334 0
365 0.1353422471589997 0.0673667647013742 0
366 0.7215972945355366 0.0383679391398557 0
367 0.5528469773883179 0.4334216629427067 0
368 0.139844503269123 0.009449420979039336 0
369 0.6921090493099702 0.4386205784374637 0
370 0.4379252732354951 0.4068069090530627 0
371 0.7208046780690508 0.3028735233465559 0
372 0.7212328264601227 0.3493743115900559 0
373 0.6905530699850335 0.009936903915168771 0
374 0.7210252966779093 0.2457142283494142 0
375 0.5428582601907652 0.01128870770759494 0
376 0.7205752768650845 0.1887660302927053 0
377 0.644952644366957 0.009758467357339207 0
378 0.5987236387522545 0.00983264450218152 0
379 0.2660463737567821 0.00988865516284787 0
380 0.3581008951895138 0.009348265292354108 0
381 0.3135126428744756 0.01070046381136158 0
382 0.4155778423339321 0.00971442513392351 0
383 0.3343137096407566 0.3051925841559124 0
384 0.3632825642961113 0.3401879529497444 0
385 0.296284851687595 0.2611000016353872 0
386 0.2615165867453595 0.2157869287749059 0
387 0.2234911223542588 0.174012921692721 0
388 0.194384167154176 0.1397625843446961 0
389 0.7212749526228838 0.1317363429761912 0
390 0.6082673309479116 0.4369722156356243 0
391 0.1210417317890916 0.0508813828143298 0
392 0.1168980330977261 0.009917243001868581 0
393 0.4130591540220878 0.4009213169537171 0
394 0.10658230365022 0.03303249837644162 0
395 0.7130441397806289 0.009675201679835876 0
396 0.7147315924203896 0.4223300445855082 0
397 0.09405295955469362 0.009202957208623519 0
398 0.5320985888490102 0.4216166122629002 0
399 0.5333427337367918 0.4102912860067842 0
400 0.5224386036822006 0.404790160403946 0
401 0.5339492190328771 0.3990617597070764 0
402 0.5247534329854253 0.3928082344558339 0
403 0.5347718511680946 0.3877518644331064 0
404 0.5255152438716462 0.3814118497838273 0
405 0.5356506040706172 0.3764946654927527 0
406 0.526365846714004 0.3701374204493287 0
407 0.536541531725751 0.3652647502749413 0
408 0.527234364225281 0.3588823719327139 0
409 0.5376090611897579 0.3540172436563149 0
410 0.5281372425361364 0.3476126451485923 0
411 0.5385323082444937 0.3427416688848561 0
412 0.5290276615698819 0.3363221898030966 0
413 0.5392446538624488 0.3314356000367544 0
414 0.5298790220966535 0.3250212695694004 0
415 0.5400965737310296 0.3201313356945202 0
416 0.5307518837548484 0.3137148243068869 0
417 0.5409740262301205 0.3088231170026087 0
418 0.5316297969774965 0.3024033972127308 0
419 0.5418454987472505 0.2975255115281406 0
420 0.5325056548803317 0.2910893197174219 0
421 0.5427286549827668 0.2862098884881398 0
422 0.5333814259103564 0.2797664020644216 0
423 0.5437236146781632 0.2748776244518912 0
424 0.5342847390237158 0.2684403615280638 0
425 0.5446314990746168 0.2635474646083725 0
426 0.5351702219112091 0.2571203686136613 0
427 0.5455861077613862 0.2522806464930338 0
428 0.5360720550065377 0.2457975176014859 0
429 0.5464706282161612 0.2410157302493122 0
430 0.5369048067683897 0.2344289743666003 0
431 0.5472611078865743 0.2296671047416782 0
432 0.5378027100698196 0.2231059273088993 0
433 0.5275201504795948 0.2280318096871058 0
434 0.5480800968513277 0.2182102251934409 0
435 0.5284030103440716 0.2166496975146592 0
436 0.5181257568749089 0.2215510692577155 0
437 0.5190084402646475 0.2101947913141255 0
438 0.5087396424963901 0.2151084697128589 0
439 0.5096129978024033 0.2037443825885427 0
440 0.499331264006034 0.2087149010081328 0
441 0.5002107081302778 0.1973008470496481 0
442 0.4899199808788333 0.2022112034005633 0
443 0.5104998844897003 0.1923752084332787 0
444 0.4908039133819602 0.1908384770519323 0
445 0.4805081819133349 0.1957586976104455 0
446 0.4813938682203863 0.1843799619280089 0
447 0.4710943004906306 0.1893030800739119 0
448 0.4796038126539258 0.2072610196166616 0
449 0.4719798471349943 0.1779195410002355 0
450 0.4616766103943751 0.1828446132646305 0
451 0.5490966448441182 0.3379486223129685 0
452 0.5222206720378049 0.2960829106525082 0
453 0.5530654835453992 0.2813403166540417 0
454 0.4625700904654798 0.1714728575876765 0
455 0.4522567953642068 0.1763865066324575 0
456 0.4728598143950106 0.1665540826994071 0
457 0.5575213631474305 0.2247668763277822 0
458 0.5583530427095718 0.2133039208542334 0
459 0.4531247771393241 0.1650492587950841 0
460 0.4428288020990419 0.1699305397475932 0
461 0.441945979126914 0.1813166876024017 0
462 0.4325190641649616 0.1748529103576072 0
463 0.4334050644141282 0.1634558175477182 0
464 0.4230906539941551 0.1683858387015326 0
465 0.5677213132563377 0.2197105451800085 0
466 0.5686133804184893 0.2083615075038315 0
467 0.4316415627824652 0.1862486261150049 0
468 0.4239777738277709 0.1569857261823967 0
469 0.4136599006139917 0.1619178785718275 0
470 0.4145464709723659 0.1505145937620161 0
471 0.4042259947929519 0.1554483638548144 0
472 0.5780425126177965 0.2148252169415161 0
473 0.57889734661061 0.2034489923953093 0
474 0.4051130551845358 0.1440422978230821 0
475 0.3947900537521887 0.1489774681594129 0
476 0.3939038211975959 0.1603851238699505 0
477 0.3844663564452654 0.153914029862224 0
478 0.4154361510195269 0.1391081128343106 0
479 0.385352829000506 0.1425039183525575 0
480 0.3750267569441144 0.1474411199493701 0
481 0.5883027162999558 0.2098994765619142 0
482 0.5891767720961197 0.1985338978600009 0
483 0.3759136416535088 0.1360289153261413 0
484 0.3655852688138749 0.140967192061721 0
485 0.383580080235606 0.1653234314454717 0
486 0.5797778254312682 0.1920831900058146 0
487 0.5900610985090734 0.1871687065802982 0
488 0.5806615646340625 0.180716157602334 0
489 0.5909511152320909 0.1757997025978245 0
490 0.5815472560861795 0.1693436905713162 0
491 0.5918414134007188 0.1644252615120353 0
492 0.5824397248123196 0.1579801702332236 0
493 0.5927494445016097 0.1530483317155356 0
494 0.5833132210753222 0.1466263227347331 0
495 0.5936402583299754 0.1416692531779634 0
496 0.5841913348508424 0.1352338052775878 0
497 0.5945136997203073 0.1302830782199434 0
498 0.366472538123958 0.1295525870269082 0
499 0.3561425810003424 0.1344918767557728 0
500 0.5985705076271419 0.2049836023496147 0
501 0.5976932117067965 0.2163473232802163 0
502 0.5850923805981001 0.1238197307115253 0
503 0.6021867387755309 0.1595227652177547 0
504 0.5954040656604982 0.1188899979638126 0
505 0.3569942700976721 0.1231271540659113 0
506 0.346692519820437 0.1280238269453347 0
507 0.5747660762645591 0.1287699303390908 0
508 0.3458104597596661 0.1394341948206296 0
509 0.3363667567951694 0.132956170665686 0
510 0.3671723299360574 0.1182648650799059 0
511 0.5187612165487926 0.3412065516408704 0
512 0.3372528570415081 0.121538290994259 0
513 0.3269227213462723 0.1264816757300391 0
514 0.6048241579964856 0.1253549058733249 0
515 0.5462821797886537 0.3716311085909193 0
516 0.6057161843312014 0.1139631978151656 0
517 0.575670149155595 0.1173534947297156 0
518 0.5653580590404663 0.1222813954427587 0
519 0.6079633639816511 0.2114342276740894 0
520 0.6071556193315238 0.2228680124098582 0
521 0.3278079876538083 0.1150583302870734 0
522 0.317474525905691 0.1200048181993709 0
523 0.6151390458924813 0.120431626224725 0
524 0.6160304360306761 0.1090360956896116 0
525 0.3354821195305544 0.1443748173516003 0
526 0.5662506090880627 0.1108803563019104 0
527 0.5559314797102797 0.1158144830828626 0
528 0.6173672242836716 0.2178975949965467 0
529 0.6164705018317903 0.2292493825718832 0
530 0.318360086554711 0.1085788892342129 0
531 0.3080241386996148 0.1135218182652632 0
532 0.5568232987818589 0.1044109591828387 0
533 0.5465022326313353 0.1093460876955032 0
534 0.6267538389507286 0.2243457321624364 0
535 0.6259106762322548 0.2357323787456884 0
536 0.3071388443536475 0.1249484362661299 0
537 0.297688125213886 0.1184646497999982 0
538 0.2985743958764133 0.107041153470953 0
539 0.2882376817458607 0.1119839489517273 0
540 0.6254544706459996 0.1155064861280346 0
541 0.6263466174920721 0.1041083679249409 0
542 0.6276822675923741 0.2130097719408502 0
543 0.2891242063474226 0.1005599376225688 0
544 0.2787863890450564 0.1055039290236852 0
545 0.5473947142464546 0.09794041213166349 0
546 0.5370746689792858 0.1028712611459263 0
547 0.6169201141834719 0.0976366545080084 0
548 0.5577115929842609 0.09301385040098575 0
549 0.6272409543717331 0.09270765162007333 0
550 0.3286961878946944 0.1036355906597233 0
551 0.5078286726762828 0.2266201887794417 0
552 0.2796734417288029 0.09407826870781222 0
553 0.269333938422591 0.09902324569259124 0
554 0.6361754399651794 0.230835575891875 0
555 0.6352680415400789 0.2421767964785496 0
556 0.6250560394129462 0.2471563898769869 0
557 0.6343283625303868 0.2535305212377251 0
558 0.6241224439548726 0.2584962577287019 0
559 0.633388371542696 0.2649309956473311 0
560 0.6231931049804407 0.2698020231057652 0
561 0.6325400297083179 0.2762876419748648 0
562 0.6223063287574702 0.2811455154230568 0
563 0.6316897354629558 0.2875880895578697 0
564 0.6214289999001823 0.292479946960914 0
565 0.6308041805423171 0.2989213727390025 0
566 0.6205432709539357 0.3038201841798477 0
567 0.6299161762106845 0.3102585212257167 0
568 0.6196583027827587 0.3151558785167482 0
569 0.6290232347406275 0.3215794332506575 0
570 0.6187860932878242 0.3264630130089728 0
571 0.6281290689087529 0.3328743060915897 0
572 0.6179147734204747 0.3377483796370859 0
573 0.6272212410395688 0.3441280307163367 0
574 0.6170537763297107 0.3489768299904704 0
575 0.6263170624821294 0.3553371335810264 0
576 0.6364727160221555 0.3505128143489842 0
577 0.2900125651826494 0.08913375823174141 0
578 0.6355675351584922 0.3617125693044413 0
579 0.6161846554274385 0.3601664586069571 0
580 0.6357710701395127 0.1105804272669263 0
581 0.6348797359781889 0.1219775502799162 0
582 0.5379667482669696 0.0914665893019625 0
583 0.5276389593577683 0.09640104416888273 0
584 0.2967977525189419 0.1298888511568575 0
585 0.5361787392169379 0.1142807553942565 0
586 0.639269207446529 0.3166879953384201 0
587 0.6418285101708805 0.2827538230170141 0
588 0.2702215638013555 0.08759623297226982 0
589 0.259881279630573 0.09254164992114133 0
590 0.6178097987169759 0.08623381183580381 0
591 0.5285330819010835 0.08499049896901667 0
592 0.5182033099504701 0.08992646147019784 0
593 0.6456919646309369 0.3568903436619536 0
594 0.6448127592730868 0.3680617109274429 0
595 0.6281352495175843 0.08130261879630912 0
596 0.6451948811931915 0.1170518773272031 0
597 0.6443029152900708 0.1284476827031936 0
598 0.2684470967421391 0.1104496652601901 0
599 0.6444634961124751 0.2486387853563669 0
600 0.5720912554765922 0.1629257399637907 0
601 0.2607692780968611 0.08111381510347926 0
602 0.2504287582007883 0.08605903506111201 0
603 0.5190938101672234 0.07851398584448349 0
604 0.5087665523833627 0.08345155364123086 0
605 0.5078763099067849 0.09486279435478084 0
606 0.4984390988868669 0.08838820362119004 0
607 0.4975503677220251 0.09979862948299134 0
608 0.4881105405396945 0.09332438656909375 0
609 0.4890034630651882 0.08191184781023475 0
610 0.4786710397815023 0.08684917249622337 0
611 0.4777823788242664 0.09826269326210091 0
612 0.4683414942002881 0.09178730702093768 0
613 0.469230196457857 0.08037181943448513 0
614 0.4588978076172876 0.08531157786034083 0
615 0.529425905119882 0.07357852329854725 0
616 0.6187001144572708 0.07482548642469922 0
617 0.2513160163517905 0.07463063426860306 0
618 0.2409750447249459 0.07957648796835748 0
619 0.6549096519446501 0.3632480683225596 0
620 0.6540088907444046 0.3744021562707872 0
621 0.6103183762809511 0.3087313182381841 0
622 0.6139306305625004 0.2634546664498241 0
623 0.6546173830552012 0.1235227956951926 0
624 0.6537243589162895 0.1349167972581797 0
625 0.6555099114307852 0.1121274018774546 0
626 0.4597861457845446 0.07389288939355809 0
627 0.4494507554464691 0.07883514828309468 0
628 0.2400879624779959 0.09100453339952219 0
629 0.2306337570879573 0.08452285232819129 0
630 0.2315212014787116 0.07309428937873652 0
631 0.2211797171975202 0.07804064620912909 0
632 0.467452096495786 0.1032003245731563 0
633 0.2616575389103994 0.06968505047407103 0
634 0.6439458241357781 0.3791982046571948 0
635 0.6290271011872705 0.06989308984013665 0
636 0.6069339442433339 0.3538308473211281 0
637 0.6060775686941471 0.3650088055951152 0
638 0.4503374422085692 0.06741386702103003 0
639 0.4400022662266673 0.07235675293753158 0
640 0.4391135727798238 0.08377911802008642 0
641 0.429666089295006 0.07730092158770052 0
642 0.5199833363231504 0.06709963365543342 0
643 0.222067108045632 0.0666115255838271 0
644 0.2117258500803521 0.0715577812253041 0
645 0.6384635736291369 0.07637174167736444 0
646 0.6393555100235784 0.06496129282903662 0
647 0.6487919096722694 0.07144052809606455 0
648 0.524883862458235 0.2620089040150755 0
649 0.4305529722824467 0.06587769654089726 0
650 0.420216639524422 0.07082194431571903 0
651 0.4193307148566618 0.08224556247142029 0
652 0.4098800471979206 0.07576721462363856 0
653 0.655829285918479 0.3520856118468338 0
654 0.6531248728540309 0.3855366259887869 0
655 0.6631832932430797 0.3807474875305615 0
656 0.4606749716288254 0.06247133723378956 0
657 0.6649330958142015 0.1185988912451341 0
658 0.6658270593719495 0.1072046213618721 0
659 0.4107655444906697 0.06434221471228674 0
660 0.40042773135704 0.06928855691115698 0
661 0.619591132620227 0.06341352175286313 0
662 0.6092615203791858 0.06834820275329778 0
663 0.5303164531506654 0.06216306277145744 0
664 0.5968430777105801 0.3586832650665629 0
665 0.5960016118127016 0.369835536738331 0
666 0.605194911380729 0.376139811791961 0
667 0.595164632729967 0.3809543371971978 0
668 0.2297456266702941 0.09595075011189036 0
669 0.6496861688666049 0.06003029372177171 0
670 0.6591170152550736 0.06650833536665207 0
671 0.6043177555262722 0.3872357752428541 0
672 0.4089960018045133 0.08719043264329313 0
673 0.6430661187711311 0.3902926244476623 0
674 0.6622892959483548 0.3918712116368651 0
675 0.6723554391948783 0.3870764979644862 0
676 0.2126128268568011 0.0601284245921887 0
677 0.2022712338312049 0.06507517041002941 0
678 0.5443601517061175 0.3940431025542921 0
679 0.6120708765389974 0.2860499969239138 0
680 0.643412432018191 0.1398412809681584 0
681 0.6528314764124452 0.1463087928584613 0
682 0.6425230761139918 0.1512319797325202 0
683 0.651939556203542 0.1576983153878721 0
684 0.6622490155623227 0.1527763684821853 0
685 0.6613564478859078 0.1641658425528149 0
686 0.6416364465750608 0.1626250892642171 0
687 0.6086024643034962 0.3313731753485701 0
688 0.597081574748216 0.227903166756661 0
689 0.4768932443575796 0.1096747490080068 0
690 0.4665654604599833 0.11461147826281 0
691 0.5205016197027863 0.3186060572990191 0
692 0.5504925750991585 0.3153371793024411 0
693 0.555011801954276 0.127223580164927 0
694 0.3449250890567587 0.1508511597670139 0
695 0.3345942604119072 0.1557925777314984 0
696 0.3440380885690504 0.1622681097448624 0
697 0.3337073327888866 0.1672100372964507 0
698 0.3431514070566398 0.1736854533746713 0
699 0.3328208015197879 0.1786274457015187 0
700 0.3422653465030581 0.1851039151408644 0
701 0.3319342915832217 0.1900452194275533 0
702 0.3413791718348033 0.1965217549230055 0
703 0.3224871527464619 0.1835715684824107 0
704 0.3310437790455179 0.2014703926177495 0
705 0.3404926891549732 0.207940700519567 0
706 0.3508235196891223 0.2029988858784681 0
707 0.3499376158822236 0.2144154856047991 0
708 0.3602674473389527 0.2094748897627819 0
709 0.3593816377833922 0.2208899784995558 0
710 0.3697095549940649 0.2159505632610462 0
711 0.3688241213934806 0.2273636917343335 0
712 0.3791505435061542 0.2224250069495516 0
713 0.3782648631415511 0.2338362261383671 0
714 0.3885894986230718 0.2288979565570028 0
715 0.3877041587336115 0.240306907240513 0
716 0.3980257274177448 0.2353699705322932 0
717 0.3971408704153349 0.2467759786991708 0
718 0.407456140332491 0.2418458112849945 0
719 0.4065747229999472 0.2532442073338303 0
720 0.4168859333753664 0.2483157901065947 0
721 0.4160062107119316 0.2597079392500453 0
722 0.4263156761725705 0.2547762226169636 0
723 0.4254333595401991 0.2661666437385815 0
724 0.435735485521077 0.2612378698757802 0
725 0.4348521785525425 0.27262269088262 0
726 0.4245537574150114 0.2775518068422823 0
727 0.4339711267588358 0.2840064760464719 0
728 0.4236739272508428 0.2889334776380816 0
729 0.4330868781762658 0.2953885077207186 0
730 0.4451500864098752 0.2676966394027348 0
731 0.3962601369745973 0.2581765649904938 0
732 0.4227940118012519 0.3003120155105027 0
733 0.4322092380430416 0.3067626460898772 0
734 0.4424959925526813 0.3018403697681113 0
735 0.4416187242817807 0.3132073730262963 0
736 0.3679475973718489 0.238773268422904 0
737 0.45189870526264 0.3082853528273851 0
738 0.4510191349937788 0.3196475865589003 0
739 0.4407430000243142 0.3245707807569387 0
740 0.4501437164745085 0.331006179683828 0
741 0.4271760641994721 0.2433657212846385 0
742 0.4398688354331662 0.3359303621757352 0
743 0.4604133466146104 0.3260866794259489 0
744 0.4595393286113584 0.3374374476542902 0
745 0.3396110857159266 0.2193538265719605 0
746 0.4133748596650443 0.2938606536809182 0
747 0.4124958858818716 0.3052461283618547 0
748 0.4030722937903765 0.2987909577613264 0
749 0.3894750977631283 0.2174887427761278 0
750 0.4021906682617452 0.3101812682518298 0
751 0.3927628343751442 0.303723428366737 0
752 0.4698027951356508 0.3325234875333341 0
753 0.4689253636687747 0.3438672741162023 0
754 0.4083158367765349 0.2303967275883919 0
755 0.4586663571214032 0.3487828616748078 0
756 0.4680559581734339 0.3552033713282878 0
757 0.4460351655048156 0.2563158456317402 0
758 0.4554447153972239 0.2627727873449996 0
759 0.4563307073002128 0.2513981218810656 0
760 0.4657374944447856 0.2578517154047963 0
761 0.4648520483283211 0.2692227771639761 0
762 0.4751375720022146 0.2643032533481488 0
763 0.4742532714484766 0.2756664222797796 0
764 0.4706797098899095 0.3211758839264477 0
765 0.2522031913775278 0.06320100224923425 0
766 0.2625465636496734 0.0582548088964015 0
767 0.3242621169143872 0.1607337962486908 0
768 0.5670603709686782 0.2312445084437817 0
769 0.4127743929184189 0.1733200987525571 0
770 0.4410624353802508 0.1927109957389674 0
771 0.4916927469085522 0.1794584292382402 0
772 0.5962936373777918 0.1074945947284177 0
773 0.5591931465621116 0.2019461080945317 0
774 0.5549143025276431 0.2586897060843549 0
775 0.6088678158409786 0.2000916294026652 0
776 0.5170010675222811 0.3638322215758198 0
777 0.6716658933924301 0.159244160789176 0
778 0.6707734160767032 0.1706330277447017 0
779 0.6604650269332881 0.1755536133824746 0
780 0.6698802156286259 0.1820196558208863 0
781 0.6650627007634996 0.358444682153971 0
782 0.6659831686494797 0.3472476780238889 0
783 0.2229541211621998 0.05518144759038224 0
784 0.4013128554393297 0.05786193607544032 0
785 0.3909743458645613 0.06280917108048328 0
786 0.476006657170674 0.1210849979012225 0
787 0.2013845342858135 0.07650396310394764 0
788 0.3862415009156411 0.1310913920252392 0
789 0.4342948806457488 0.1520538451462652 0
790 0.3900901091108833 0.07423532441639474 0
791 0.3806353810674177 0.06775707898844535 0
792 0.3815201714486636 0.05632926377145814 0
793 0.3711806442480169 0.06127747463481509 0
794 0.370296416595055 0.07270564502601123 0
795 0.3608417184449317 0.06622642613064889 0
796 0.4184446779255452 0.0936676767437491 0
797 0.1919302030870337 0.07002181710405053 0
798 0.1928166143118571 0.05859258523298605 0
799 0.5943229765308525 0.3920411871940271 0
800 0.6101525117684625 0.05693295280973398 0
801 0.5998191146076057 0.06186977821020045 0
802 0.6600158459099943 0.05509772016740278 0
803 0.6694470355485238 0.06157594571811009 0
804 0.4512241982331345 0.05599044701142009 0
805 0.5208752757314471 0.05568221169937548 0
806 0.4577848492058082 0.3601483847697488 0
807 0.1824748548455031 0.06353958751793681 0
808 0.6402560709051013 0.05354867605582958 0
809 0.4615620680650027 0.05104780790537439 0
810 0.6752096520842257 0.3536266634657759 0
811 0.6761522974699767 0.3423869233819034 0
812 0.4116520838017059 0.05291512564185485 0
813 0.3617250060018667 0.05479712784563606 0
814 0.3513849682173918 0.05974691057319936 0
815 0.6752498677961573 0.1136748267047629 0
816 0.6761441445980834 0.1022794709516917 0
817 0.671441286409983 0.3981812397071655 0
818 0.6704145358969793 0.05030688599686461 0
819 0.6797887392650532 0.05666686476628369 0
820 0.5851630413349541 0.3857699296918968 0
821 0.5843259549433542 0.3968339223013389 0
822 0.183304083906325 0.05219393063819422 0
823 0.531273830150126 0.05088230887999245 0
824 0.5406628029036677 0.05724959099392235 0
825 0.5867646696769112 0.3635165228408512 0
826 0.5875935311605336 0.3523569870826384 0
827 0.2530910077322378 0.05177087304712807 0
828 0.6614091750777413 0.4029636083183075 0
829 0.6810834285440548 0.1657114340656527 0
830 0.6819761050190141 0.1543214718270391 0
831 0.4845320276841706 0.2707531112780674 0
832 0.4836509009352127 0.282109277966853 0
833 0.4666232440441104 0.246478838865487 0
834 0.4572176709305847 0.240024726605654 0
835 0.6007098885310718 0.05045194670210124 0
836 0.5903759130402546 0.05538993650221974 0
837 0.659573818774301 0.1869400422703438 0
838 0.668987007884036 0.1934054816837011 0
839 0.3705912727860275 0.2045295159244068 0
840 0.478303386948489 0.3502934826848093 0
841 0.4800603895440992 0.3276102688941831 0
842 0.5894856708771827 0.06680706870531877 0
843 0.3522681418401404 0.04831647621235391 0
844 0.341927055936676 0.05326682014611728 0
845 0.3410998235816881 0.064674459888094 0
846 0.3315820266972487 0.05818605312310798 0
847 0.6034636849617183 0.3982927186719089 0
848 0.4656843268156151 0.1260211078285193 0
849 0.456226453428435 0.1195582506128448 0
850 0.6792943128462082 0.1884856380645103 0
851 0.6783993805075973 0.1998704178341096 0
852 0.6680947422709457 0.2047891687162273 0
853 0.6775056440874846 0.211253664913458 0
854 0.3599585675063286 0.0776542885756808 0
855 0.6815395029538438 0.393408962866012 0
856 0.4774357323596824 0.3616192620116784 0
857 0.1730097234024344 0.05707109634417507 0
858 0.1934059512836416 0.04756242947617612 0
859 0.2634347522863288 0.04682329200643004 0
860 0.2728908893705012 0.0533086756885261 0
861 0.4854241640332405 0.2593826286970518 0
862 0.5416226215346848 0.04597090673184745 0
863 0.1910437483767829 0.08145034645480176 0
864 0.332468997443774 0.04678651295892805 0
865 0.3219340198715737 0.05152003905352531 0
866 0.3211851987102121 0.06307117153572844 0
867 0.4307585119748617 0.1976443335691128 0
868 0.4401771853874362 0.20410803039373 0
869 0.3626096620937079 0.04336625959710505 0
870 0.5800511095633551 0.06033521764828154 0
871 0.5809664945640842 0.04892415910231745 0
872 0.4081121702911912 0.09861168797857151 0
873 0.3117864243645825 0.05668929253016669 0
874 0.3918830345911052 0.3151199813002774 0
875 0.4013120451913842 0.3215706614704165 0
876 0.3824496319551448 0.3086590205825638 0
877 0.3833316947059967 0.2972566614225614 0
878 0.6110460360471971 0.04551424014808914 0
879 0.4021977242311463 0.04643347048135743 0
880 0.5774822932975235 0.3571919076225291 0
881 0.578325203824777 0.3459983083090493 0
882 0.1738376955739503 0.04572738976763513 0
883 0.6807591431922549 0.04540159931307519 0
884 0.6705290613913609 0.4092636968764307 0
885 0.3730433329135054 0.3021490754217146 0
886 0.3739008455547591 0.2907776771829959 0
887 0.6608644949407642 0.04460882355372281 0
888 0.6671997571489643 0.2161698755063999 0
889 0.676611899268454 0.2226345190596125 0
890 0.4809392314119452 0.3162701439713695 0
891 0.1635510945451836 0.0505932816142623 0
892 0.3125840011512352 0.04497075218744101 0
893 0.6788727667580637 0.06806133693722061 0
894 0.6331141217993493 0.1447766127579316 0
895 0.5069868322114361 0.106272556458328 0
896 0.3525961079258154 0.1801630706645938 0
897 0.20049737993376 0.08793192878434075 0
898 0.2392001536419939 0.102432013221183 0
899 0.2288592197198183 0.107377293533705 0
900 0.2383123911738139 0.113858586616518 0
901 0.2279737750993161 0.118803327894106 0
902 0.2374252630322456 0.1252843547524514 0
903 0.2185177026457548 0.1123219954111752 0
904 0.4710136480369582 0.05752924238744273 0
905 0.4719013893583833 0.04610465187203527 0
906 0.4813521881616809 0.05258730808860673 0
907 0.529288278373011 0.2052812452190744 0
908 0.4939223169491956 0.2771973851205124 0
909 0.4930249812077645 0.2885680751539698 0
910 0.4751169305971245 0.1324936721506482 0
911 0.4854379662422856 0.1275567099805699 0
912 0.6669305292618453 0.3360077756890562 0
913 0.6770959865947518 0.3311386131703588 0
914 0.6863878951724074 0.3375478575341802 0
915 0.6872994022467434 0.326257934911634 0
916 0.6780330704546406 0.3198465152151629 0
917 0.6882174746678099 0.3149513677125637 0
918 0.6789126852718596 0.308512273075469 0
919 0.6891266306938431 0.3036242555749955 0
920 0.6797576664283939 0.2971709412037996 0
921 0.6900279552529648 0.2922831084897444 0
922 0.6806464665961074 0.2858229655127053 0
923 0.6824631394882308 0.3822867439044001 0
924 0.4175590362478538 0.1050873963648681 0
925 0.3694120875674157 0.08413266427535893 0
926 0.6695945982645586 0.302094950904406 0
927 0.3192470130035155 0.09715475896312481 0
928 0.4845481103821865 0.1389626291763409 0
929 0.4948667835762162 0.1340274280452993 0
930 0.4939799715106005 0.145425539661004 0
931 0.5042933920242925 0.140494750254038 0
932 0.5034080190518986 0.1518899813169556 0
933 0.5137168785364628 0.1469604061768844 0
934 0.5128308762202474 0.1583507731983805 0
935 0.5231369112609709 0.1534236752876579 0
936 0.5222511431537011 0.1648101675110232 0
937 0.5325537185432325 0.1598850349976013 0
938 0.5316683984747943 0.1712675599898584 0
939 0.3591417360320004 0.08908549471871807 0
940 0.1642245380085844 0.03947434147062695 0
941 0.4521110830919522 0.04456455772670442 0
942 0.5215839199976882 0.04435454282901713 0
943 0.2737794287843223 0.04187617563486606 0
944 0.690793705804739 0.2809202953796842 0
945 0.6815271430891162 0.274465480473856 0
946 0.691643930381866 0.2695565842491553 0
947 0.682419276282058 0.2631020892576151 0
948 0.6721588439306538 0.2680041362540585 0
949 0.6730591713570578 0.2566392728230513 0
950 0.6833618426031008 0.2517380085995576 0
951 0.6855671332251541 0.1087496520206227 0
952 0.6846727425176978 0.1201461620111779 0
953 0.6864606356492136 0.09735100020755461 0
954 0.6869154986328424 0.2177179742243521 0
955 0.6916892600616104 0.3886176671284514 0
956 0.1540684412570229 0.04414950494609476 0
957 0.6901237762999481 0.05174187032989508 0
958 0.5140978687575408 0.3873131213609603 0
959 0.6926012657573707 0.3774368448150729 0
960 0.4125389563343819 0.04148591100044818 0
961 0.4822594783215444 0.04119961411785927 0
962 0.6909519310758917 0.04043580638002342 0
963 0.6887069437418935 0.1949530550495588 0
964 0.6907350058682848 0.3997685441855909 0
965 0.4725002890976134 0.03539132260467703 0
966 0.3910040585229694 0.326516123148023 0
967 0.4004349147419851 0.3329689899882951 0
968 0.5751703650335114 0.390582368617296 0
969 0.5743595163170313 0.4016256798920131 0
970 0.253933784769596 0.04040747990909266 0
971 0.1626757528470778 0.06200657598104609 0
972 0.3642340951913873 0.2952401117604289 0
973 0.3648764766424392 0.2837803891187904 0
974 0.22708440008022 0.1302294543090987 0
975 0.2365356357654228 0.1367103172393103 0
976 0.2468757706149819 0.1317655169478192 0
977 0.2459885214993236 0.1431904053989823 0
978 0.2563265109908022 0.138246356127374 0
979 0.2554393818683386 0.1496707038283883 0
980 0.2657766416861456 0.1447269544421822 0
981 0.2648896487832146 0.156150675631134 0
982 0.2752261842701645 0.1512074020064466 0
983 0.2743392910114096 0.162630497207357 0
984 0.284675151858002 0.1576874872516686 0
985 0.2837881489470189 0.1691097825618425 0
986 0.2734526424678821 0.1740530345464885 0
987 0.2829013186254855 0.1805319864997805 0
988 0.2725662526472806 0.1854753899263145 0
989 0.2820147020432392 0.1919541254990183 0
990 0.2545529868247561 0.1610944518096803 0
991 0.6134309293860093 0.3935099642742843 0
992 0.6126313472064624 0.4046371475573645 0
993 0.6026970588716278 0.4094652196460606 0
994 0.4903161116304531 0.322699667823848 0
995 0.4675111205612775 0.2351063680369556 0
996 0.6914249569178141 0.1607452408065004 0
997 0.6921237662640064 0.1493330612175249 0
998 0.5419674589718201 0.1663441308536361 0
999 0.4581035693123498 0.2286489269340953 0
1000 0.4876740653938205 0.356710910286146 0
1001 0.4868038015536822 0.3680294761892128 0
1002 0.4765705112431248 0.372938929180504 0
1003 0.6577864289493424 0.2097030571350365 0
1004 0.5334504716306647 0.1484986981383963 0
1005 0.4298735685553541 0.2090301860179061 0
1006 0.4204433443424742 0.2025879034173838 0
1007 0.4733666988269262 0.2870365209471721 0
1008 0.5146182775289462 0.1355595907130712 0
1009 0.5410815838823338 0.1777229683859896 0
1010 0.6662742736673001 0.2274840359479848 0
1011 0.2923497222376236 0.1870106087866974 0
1012 0.2914630000778226 0.1984328347955472 0
1013 0.2941235908915053 0.1641667787897708 0
1014 0.4304626986536029 0.3294915278095849 0
1015 0.4295898994833565 0.3408574192248151 0
1016 0.3062442202095477 0.1363793247639143 0
1017 0.6564105175236588 0.1007331601639597 0
1018 0.4039566338945011 0.2874001517719011 0
1019 0.5105514207851899 0.06061937706919018 0
1020 0.57915295122344 0.07174517039056666 0
1021 0.5885938032915723 0.07822186590335167 0
1022 0.3748514263500947 0.2792839583085944 0
1023 0.3654265096352432 0.2728081364534473 0
1024 0.35538241216551 0.2772331633477441 0
1025 0.3559731530235568 0.2663292865394848 0
1026 0.3456183730766508 0.2711987750561518 0
1027 0.3464699796731432 0.2599164352259505 0
1028 0.5697390234140591 0.0652709561071132 0
1029 0.1901573328420614 0.09287755207203052 0
1030 0.4647856478213361 0.1374352485684004 0
1031 0.3363469635282686 0.2645521005574007 0
1032 0.3370495542735335 0.2534141670366448 0
1033 0.3295467668251915 0.09226666639037417 0
1034 0.6016004506099086 0.03903081084385152 0
1035 0.4072170469456191 0.1100082589813239 0
1036 0.3977793712890435 0.1035518052727583 0
1037 0.6605157751874229 0.4139999507016105 0
1038 0.3531513796368234 0.03688436796055289 0
1039 0.3108905335299774 0.06809351372704214 0
1040 0.3016920031908641 0.06156220670364931 0
1041 0.3269337589929325 0.2580436314877584 0
1042 0.32762868050274 0.2469604598121915 0
1043 0.2359230530600371 0.1477359574992672 0
1044 0.6825609329963004 0.03378650810744976 0
1045 0.7003153267356136 0.2873985061761569 0
1046 0.1547380351424955 0.03303573282740319 0
1047 0.1448026611024399 0.03738874989134661 0
1048 0.6949900368147766 0.1152225514751868 0
1049 0.4030828751753779 0.03500293429887141 0
1050 0.3345714561606127 0.2748567798736669 0
1051 0.372214293900826 0.3134879228295536 0
1052 0.6119393766574879 0.03409210630141113 0
1053 0.3634946318993708 0.0319337367997517 0
1054 0.174281728518764 0.03253341863250181 0
1055 0.5422567007068797 0.416365686816154 0
1056 0.6966190255224505 0.3326946153452095 0
1057 0.6956766759717118 0.3439737309493367 0
1058 0.2811282814662654 0.20337597907208 0
1059 0.2905765889689765 0.2098543397867625 0
1060 0.3009110152461942 0.2049115054640133 0
1061 0.300024695790959 0.2163325728758906 0
1062 0.1807047150540527 0.08639653603875497 0
1063 0.5681937618694518 0.3508545269750031 0
1064 0.569045413289198 0.3396193528206159 0
1065 0.5791750737880093 0.3347566268742571 0
1066 0.5673684174052255 0.3620496373745136 0
1067 0.5698970600536707 0.3283614374406559 0
1068 0.580065774812124 0.3234737934611142 0
1069 0.5706363553698534 0.3170635867590892 0
1070 0.5809541018463914 0.3121793157423749 0
1071 0.5714847339150706 0.3057587990840311 0
1072 0.581832409082369 0.300870570075371 0
1073 0.5723199055773522 0.2944414469604854 0
1074 0.5827063436077488 0.2895509563956397 0
1075 0.5731855112926185 0.283116776005143 0
1076 0.5835839658274125 0.2782230666194108 0
1077 0.5742075212003381 0.2717969545953722 0
1078 0.5845002028047154 0.2668927687774313 0
1079 0.5751130876356159 0.2604611330862778 0
1080 0.5853792886600123 0.2555508819683894 0
1081 0.7018679892687296 0.3837981528212058 0
1082 0.6227053139540866 0.3998329457916591 0
1083 0.6221642679445227 0.4110038746964804 0
1084 0.6234793945651007 0.3887664515460821 0
1085 0.1798183648273958 0.0978228457910652 0
1086 0.6514354916743026 0.4077285688909091 0
1087 0.6505581233353513 0.4187008792385667 0
1088 0.6695894683782903 0.420214545138496 0
1089 0.6984717979567783 0.3100782923709789 0
1090 0.5513784400684294 0.1728008000306715 0
1091 0.5522652717326619 0.1614217733971213 0
1092 0.5835182810661862 0.4078651850503081 0
1093 0.5735435132530929 0.4126402082556215 0
1094 0.5644153619844197 0.4064258700802685 0
1095 0.6860206805488254 0.2290972895062618 0
1096 0.6959642585038547 0.2247076570977019 0
1097 0.695370027033843 0.2356499042632819 0
1098 0.4911948855506573 0.3113637147759275 0
1099 0.4392902367201654 0.2155205950292651 0
1100 0.4495950648155151 0.2106118250584216 0
1101 0.4527791734363283 0.29692316795656 0
1102 0.4289530131138433 0.2204452235409158 0
1103 0.3103585160081024 0.2113894550030146 0
1104 0.309472375216776 0.2228102803721909 0
1105 0.2991384241729554 0.2277534795407452 0
1106 0.4894350376885581 0.3340396193422213 0
1107 0.6770407278625054 0.09087994918249603 0
1108 0.6142732968195185 0.1318306703314874 0
1109 0.4769169307575905 0.2415614497404245 0
1110 0.477804043100643 0.2301898343339754 0
1111 0.4872072171819186 0.2366420366767351 0
1112 0.2761145944375687 0.1397818541280004 0
1113 0.6501602634605431 0.1804753393830082 0
1114 0.6492696957425034 0.1918585517409334 0
1115 0.6398593510560273 0.1853966602366207 0
1116 0.4278899029571747 0.1001445183108778 0
1117 0.4270045619070691 0.1115619714017925 0
1118 0.4373349318549848 0.1066185572992856 0
1119 0.4364502066718099 0.1180342730767128 0
1120 0.1996099096641474 0.09935888078622634 0
1121 0.4621827600604316 0.3033611496785433 0
1122 0.3543692962371825 0.1573244705666413 0
1123 0.308606553777149 0.234213869008712 0
1124 0.6828465233837161 0.1429207797857766 0
1125 0.2631170812814315 0.1789964861043602 0
1126 0.2622307268645931 0.1904190761048825 0
1127 0.3930234127656761 0.1718053663194805 0
1128 0.3826954926759775 0.1767414446695965 0
1129 0.3921381160503022 0.1832344958892757 0
1130 0.372950305105299 0.03841738779869486 0
1131 0.3738880863358237 0.02731852511680477 0
1132 0.6940940705689731 0.1266172180263905 0
1133 0.6905056455990383 0.1721717914638065 0
1134 0.7008492405752206 0.1672051085786938 0
1135 0.6999257644742582 0.1786384690117138 0
1136 0.421990079295543 0.04797020220711101 0
1137 0.4230942567317103 0.03699561933518214 0
1138 0.2134998256103564 0.04869751304957864 0
1139 0.2238423787228194 0.04374985275248233 0
1140 0.2147837747028236 0.03729595340199765 0
1141 0.2247971541946936 0.03232200913513739 0
1142 0.3732555666412118 0.1702631830230796 0
1143 0.3723674102998745 0.1816790938973836 0
1144 0.4389958439663098 0.347289778990195 0
1145 0.4287150244766785 0.3522239951978027 0
1146 0.4381196701820267 0.3586558119135013 0
1147 0.4278553508256298 0.3636122332932264 0
1148 0.4372472390313715 0.3700262519703451 0
1149 0.4184449405093483 0.3572319237448603 0
1150 0.4270271285598544 0.3749554844920097 0
1151 0.4361079083031098 0.3807958163252181 0
1152 0.4465614795371039 0.3763661270389524 0
1153 0.6987611786400024 0.2138388790152761 0
1154 0.6074868359401118 0.09116631607078945 0
1155 0.5703515218086865 0.185651566262908 0
1156 0.6003634545688534 0.1822661048675628 0
1157 0.5765585881347218 0.1059594736854571 0
1158 0.6213829127036045 0.04057708325388487 0
1159 0.4478074493841711 0.2335661192135773 0
1160 0.4916920602731302 0.04764490771157009 0
1161 0.4926027614324895 0.03626257454528037 0
1162 0.6582273507054991 0.07791979014019729 0
1163 0.687358048793316 0.08595434442859484 0
1164 0.696782083646582 0.09242519350370876 0
1165 0.6976790211778929 0.08102835392285712 0
1166 0.3756656632278486 0.2679631516140807 0
1167 0.4907994090111316 0.05907076078704193 0
1168 0.3473401567946975 0.2485562322941109 0
1169 0.5782861995820883 0.08316518107120691 0
1170 0.5509910012026731 0.05231964459121868 0
1171 0.5518957862969068 0.04089946932583177 0
1172 0.5436105953464057 0.03454585454553938 0
1173 0.5530267001395108 0.02947034295008166 0
1174 0.6796389372537429 0.4155724504423154 0
1175 0.5622534834122597 0.03593751348294116 0
1176 0.3851082957798047 0.2744359595125132 0
1177 0.5032912517034382 0.2836387467814147 0
1178 0.50418714294472 0.2722928659473268 0
1179 0.5023675418072211 0.2950502708948401 0
1180 0.5500892970475681 0.06371288535551373 0
1181 0.3189664722871096 0.2292561809161023 0
1182 0.2832203435824699 0.04832881309196885 0
1183 0.2843428369940491 0.03738498737088014 0
1184 0.4996767567755015 0.3291243182310369 0
1185 0.4987866118728126 0.340468746600997 0
1186 0.5308485106376963 0.1826579671448251 0
1187 0.5902265728410548 0.3186041710510909 0
1188 0.4058371664422664 0.1327408737740942 0
1189 0.5120208596076555 0.1697519465839905 0
1190 0.368526756202716 0.09553293608585151 0
1191 0.3788639506990785 0.09061157394831554 0
1192 0.3583898585603325 0.1004957795210072 0
1193 0.5402658722670994 0.1891100549021937 0
1194 0.4931793912965579 0.1568365085133861 0
1195 0.662793147010645 0.2615861409060326 0
1196 0.5921070361694843 0.2959782868414667 0
1197 0.5938796927531704 0.2733225686467194 0
1198 0.2982239924904733 0.239105860383261 0
1199 0.6619335868654034 0.2729151564218806 0
1200 0.7047607700255241 0.2322300376980218 0
1201 0.3497739950603348 0.08261673468939323 0
1202 0.3901266734689368 0.3379150557046864 0
1203 0.3995581846781407 0.3443748582791539 0
1204 0.378039533848753 0.1020080448794196 0
1205 0.6638838550172468 0.2501536702025028 0
1206 0.3173783973479208 0.2519265111722587 0
1207 0.2823472128973741 0.05979440049279156 0
1208 0.4859061333327357 0.3792827110667527 0
1209 0.4961459071161399 0.3744245624027393 0
1210 0.2757194644676917 0.02985726090040841 0
1211 0.7003230080216729 0.04679617913547884 0
1212 0.7013904322798381 0.03581395294625339 0
1213 0.6995109179900116 0.05819962821663427 0
1214 0.4454051153000347 0.3881239294048372 0
1215 0.4558707243852846 0.3827316905404748 0
1216 0.7064479733708253 0.08744830494030059 0
1217 0.2805847248343437 0.2142978715496494 0
1218 0.1426151191120276 0.04932877414487902 0
1219 0.557858403810062 0.3556640566557895 0
1220 0.47548574412448 0.3847398468936381 0
1221 0.6415103450521351 0.4124578626724541 0
1222 0.5618325177424003 0.2992735850011143 0
1223 0.7025251567037927 0.3725316237909887 0
1224 0.6934521198499394 0.3661501151557773 0
1225 0.7035193391886805 0.3613039177517621 0
1226 0.4257752829529119 0.3876056078516945 0
1227 0.575995650584011 0.2491195884116163 0
1228 0.7103304074973781 0.1734581774193436 0
1229 0.6224196163473362 0.02944620651007135 0
1230 0.6317478999664897 0.03568845051611247 0
1231 0.4881173450030901 0.2252185150729124 0
1232 0.5135713871420835 0.2787299640696319 0
1233 0.3793832552592346 0.3309552707990868 0
1234 0.5759722582553655 0.3795084010504705 0
1235 0.5656611152526594 0.3842125884822382 0
1236 0.4818170705184159 0.3049336894278193 0
1237 0.3112486176772767 0.1999616307846172 0
1238 0.3201343927520113 0.08572996632992541 0
1239 0.4957627869261392 0.1226198741819163 0
1240 0.4607908988879323 0.1942369134545892 0
1241 0.2950106849254401 0.1527449860477166 0
1242 0.3044591194952794 0.1592247116706175 0
1243 0.3035714092006977 0.1706453776808421 0
1244 0.4201726066286037 0.3344356460683512 0
1245 0.2572141424599332 0.1268215552051619 0
1246 0.2099499878998548 0.09441417326988188 0
1247 0.5877236202584617 0.08963374534130458 0
1248 0.2486531042952894 0.1089141706949166 0
1249 0.5636059368026552 0.4174476122423013 0
1250 0.5718801225396956 0.4247499587103066 0
1251 0.6389653055581453 0.1967679226966536 0
1252 0.6295563975812337 0.1903062599864376 0
1253 0.6304494044852355 0.1789358940130838 0
1254 0.6201298965437906 0.1838461224953433 0
1255 0.6210378093698142 0.1724762836810219 0
1256 0.2427485904526434 0.05671819108254017 0
1257 0.3096344444607229 0.09075310749692739 0
1258 0.2341957282352647 0.03880343782661472 0
1259 0.3927417529623977 0.03995206458472017 0
1260 0.4417727970245844 0.04950961236303308 0
1261 0.4426581249043248 0.0380815747464705 0
1262 0.4528741578478718 0.03331896625154251 0
1263 0.4210466349097906 0.3230554568132387 0
1264 0.5020328540609839 0.04270181180658639 0
1265 0.5029226429964094 0.03128099300442699 0
1266 0.586236497363696 0.2442401630783373 0
1267 0.5955845300490427 0.2506419072223544 0
1268 0.7044124654462257 0.121695259048208 0
1269 0.7029559868615577 0.1325696000830009 0
1270 0.67426816517699 0.3648376556503014 0
1271 0.4262350355763831 0.1229938514284858 0
1272 0.435693667908706 0.1294676568852017 0
1273 0.7099752763501009 0.05352747942059832 0
1274 0.5628617812950008 0.02448370149285917 0
1275 0.5736679182578651 0.02976188688319148 0
1276 0.3970057092944244 0.1149636136912883 0
1277 0.4431527381812866 0.02698088738024379 0
1278 0.234938139807858 0.0282479198886923 0
1279 0.2255103733535896 0.02014331075385967 0
1280 0.3389131184856075 0.09886273886808405 0
1281 0.3303045079026902 0.08086671356001029 0
1282 0.3008063110639095 0.07304329683408595 0
1283 0.6527115378150872 0.2665393806493948 0
1284 0.2935819297680559 0.04341522841518014 0
1285 0.294470581508033 0.03198174913044483 0
1286 0.6402259259093632 0.4227583940209343 0
1287 0.3937843188920552 0.02884838715178306 0
1288 0.4950628022353706 0.384984408902222 0
1289 0.632622285383315 0.02421458622481837 0
1290 0.6433500468202404 0.02984534835554103 0
1291 0.6787218351834776 0.4266379588360654 0
1292 0.6888725743849462 0.4214583206205578 0
1293 0.7056766226713919 0.3391085191016013 0
1294 0.6026363912984112 0.02791066040382073 0
1295 0.5923877740286687 0.03304077563777269 0
1296 0.7055876176060434 0.09885183054690011 0
1297 0.704259289157261 0.2432778001037178 0
1298 0.4038117640328179 0.02357064466225889 0
1299 0.4942084152074979 0.02427636155764601 0
1300 0.504253255849766 0.01971413419962953 0
1301 0.5132673137895625 0.02633105425938359 0
1302 0.648257250785633 0.4298441875304549 0
1303 0.4172822450434367 0.3800922414191825 0
1304 0.1450513170855815 0.02660056724439441 0
1305 0.1352885819284791 0.03185348099081731 0
1306 0.1559069124143392 0.02098452811424967 0
1307 0.3536993696375101 0.02594036738894057 0
1308 0.3434592599796781 0.03046966100835824 0
1309 0.2531582058559613 0.183391169399188 0
1310 0.3167530330982254 0.262792987781616 0
1311 0.2516859394040309 0.195258279464566 0
1312 0.2613444244994835 0.2018420265679257 0
1313 0.7086621739512653 0.06409018833658164 0
1314 0.3800500233422145 0.3432138197507854 0
1315 0.5536676568834235 0.01801314831660911 0
1316 0.498961507789805 0.4039708805285714 0
1317 0.4749455101125699 0.397865606419146 0
1318 0.4488747282755651 0.4015652147032511 0
1319 0.7067634830093716 0.3269173240318518 0
1320 0.5414925354288243 0.4274591557131244 0
1321 0.7161019528169756 0.09285582541642917 0
1322 0.5105239761379756 0.4047887019037057 0
1323 0.5540546636405161 0.4113236935610083 0
1324 0.28709360793474 0.2335902355157192 0
1325 0.288118970254297 0.2452219085293602 0
1326 0.3443361705839305 0.01926940273909716 0
1327 0.3338084324167399 0.02331061750677177 0
1328 0.3241446375148989 0.01683907364612536 0
1329 0.3233349561414096 0.02803511132949243 0
1330 0.554742017564795 0.4002040056894628 0
1331 0.1687144335657431 0.09253982434781849 0
1332 0.1710357807902466 0.08002292751886364 0
1333 0.1700330632580022 0.1048843452072699 0
1334 0.5929650349650292 0.02103735762902087 0
1335 0.4542882709686125 0.02094922515096337 0
1336 0.7110623346764815 0.1608707628226401 0
1337 0.5569277827224774 0.366815703867638 0
1338 0.5524199393528351 0.4220767782437275 0
1339 0.5601441107854616 0.3218621321008651 0
1340 0.6314805294084596 0.4170788075503224 0
1341 0.6323046285828091 0.4061979154970404 0
1342 0.6217740598469638 0.4214600262844973 0
1343 0.6121743004850135 0.4156403625452874 0
1344 0.6024603701428324 0.4200686484826495 0
1345 0.5636779914359341 0.01148710269267045 0
1346 0.5648622493919675 0.2653748232704798 0
1347 0.6943905807621804 0.2470119386871206 0
1348 0.7027233372028919 0.2545590748591936 0
1349 0.5766970569064092 0.2377728747743433 0
1350 0.4280356000418759 0.4124630940620635 0
1351 0.4291011837493883 0.3999649317227741 0
1352 0.5062574685128866 0.3961575425984997 0
1353 0.7095358124319961 0.1847449668056495 0
1354 0.6338600794482079 0.3839945255831474 0
1355 0.5665039985228894 0.2427650637825806 0
1356 0.5144554820573976 0.2673897273546052 0
1357 0.5050830627131211 0.260950810140633 0
1358 0.4786925803418947 0.2188191968725292 0
1359 0.544301069787927 0.4052964275318168 0
1360 0.5545291876624701 0.3887640375854323 0
1361 0.7193054450024479 0.0597317190934471 0
1362 0.5927736433862354 0.4140677845108821 0
1363 0.592496196722658 0.4260615553229192 0
1364 0.6328068408904104 0.3950915698257771 0
1365 0.6246037517177881 0.3776512101957781 0
1366 0.577329354627944 0.2263136114997588 0
1367 0.4975284805128263 0.2316301634206671 0
1368 0.4966395619156406 0.2430761147323744 0
1369 0.5069389102502446 0.2381118058415896 0
1370 0.5172133270593621 0.233100545753394 0
1371 0.5163455834289999 0.2445027387968391 0
1372 0.4662448526339931 0.3779459861171215 0
1373 0.5964126820832625 0.2393607622513401 0
1374 0.6057429905160431 0.2457711744640396 0
1375 0.7114231747589116 0.3785420322295538 0
1376 0.7111504726417905 0.3900883777653599 0
1377 0.1792961273751851 0.1093206617632835 0
1378 0.4890017437567504 0.2138323280041056 0
1379 0.4693009821949102 0.2122346061453064 0
1380 0.6522837575907803 0.3966516488110507 0
1381 0.5617245453912761 0.1678614637154587 0
1382 0.5626242497457254 0.1564924496572261 0
1383 0.5531628938562545 0.1500416843316121 0
1384 0.5635266324019531 0.1451198544826666 0
1385 0.4176458596679331 0.3686677557257875 0
1386 0.4082042875823307 0.3622808709399317 0
1387 0.4065904576986545 0.3744687629054466 0
1388 0.3969321265146875 0.3656500581974076 0
1389 0.3987948205861607 0.3551519878830258 0
1390 0.492090218787977 0.2999982009859746 0
1391 0.5014532561514289 0.3064405724599446 0
1392 0.511747768311584 0.3015472260451975 0
1393 0.5935150837036015 0.4031216310360415 0
1394 0.4486966709341936 0.2221210356700804 0
1395 0.4383760102415578 0.2270285183598962 0
1396 0.4279581506906799 0.2318397121175932 0
1397 0.560789508507929 0.1792567899730336 0
1398 0.3329558366395995 0.03491152814555215 0
1399 0.4590004780809337 0.217165527836516 0
1400 0.6591169283217184 0.4244387248700842 0
1401 0.4186176406534027 0.2254256713672688 0
1402 0.5059990580856761 0.2495431753834452 0
1403 0.6383700849950477 0.3279904454268632 0
1404 0.6485840993389641 0.3231091700631114 0
1405 0.6495110297510768 0.3118075100093659 0
1406 0.6475847793269099 0.334430695652733 0
1407 0.6587008526917785 0.3183011877805244 0
1408 0.6191929133646491 0.1951951583291442 0
1409 0.6152971229358176 0.3713183898921218 0
1410 0.7211613081388846 0.3608954811376752 0
1411 0.4630764797449539 0.2919760582305963 0
1412 0.4536710110276359 0.2855311640441421 0
1413 0.5540680984202235 0.1386447153303448 0
1414 0.5826410611542633 0.418836952899957 0
1415 0.4649799791905276 0.3894291279857705 0
1416 0.6106889232287828 0.1773697278272443 0
1417 0.6116017630658389 0.1659982993133308 0
1418 0.6219224296958374 0.1610967188177009 0
1419 0.6125199553616141 0.1546244155762881 0
1420 0.603131704620478 0.1481223018269602 0
1421 0.5569067223824042 0.2363379345571403 0
1422 0.7211827188170026 0.3382030674674203 0
1423 0.4098593496028905 0.3394051266014098 0
1424 0.4885483798983258 0.3453803059848968 0
1425 0.4979019684584856 0.351800093036986 0
1426 0.5081574267751032 0.3469070363701 0
1427 0.6373941956104445 0.339278843495079 0
1428 0.7085719297412192 0.07565225062780168 0
1429 0.7208109421115265 0.3143002207267457 0
1430 0.7094106085671587 0.3083119394595177 0
1431 0.710760361239181 0.2968121895400061 0
1432 0.7208184378594397 0.2914029214750003 0
1433 0.4459142877069355 0.1245083082783719 0
1434 0.4451367945876917 0.1359377608542591 0
1435 0.3206978803346877 0.2064362536264494 0
1436 0.7208661215618453 0.2799974551510783 0
1437 0.7108848716558505 0.2739343571797159 0
1438 0.7115395526874564 0.2617010168184971 0
1439 0.6986450887402572 0.06944408595891594 0
1440 0.6134470436076628 0.1432485738389426 0
1441 0.4475169807606346 0.3651012204215762 0
1442 0.3139088249345849 0.1656998563213807 0
1443 0.4970195605610143 0.3631189913588296 0
1444 0.5063855489759426 0.369534146059086 0
1445 0.455364378159255 0.1309745471449453 0
1446 0.4545834442097899 0.1423979918507873 0
1447 0.4640966833501487 0.148846537375148 0
1448 0.474305211068879 0.1439068605970026 0
1449 0.6347274921872441 0.3728801124982661 0
1450 0.6095006309782695 0.3200924747829401 0
1451 0.4467857582847292 0.1130895729080302 0
1452 0.4476630711497958 0.1016735920788238 0
1453 0.5471551555693405 0.3604263762636863 0
1454 0.5483496476999138 0.3492163590963458 0
1455 0.4827622295256101 0.2934734194280409 0
1456 0.4442632884042244 0.2790802830331372 0
1457 0.6779487351008638 0.07947664250608699 0
1458 0.5980482253775271 0.08469430165687064 0
1459 0.4966579422525506 0.1112096124790326 0
1460 0.5060902701694232 0.1176827670867665 0
1461 0.5164193559156007 0.1127458140925742 0
1462 0.5155258593486759 0.1241518083655825 0
1463 0.5258515337874019 0.1192158720943227 0
1464 0.5249476677290373 0.1306224624751577 0
1465 0.5352726276906662 0.1256873628420029 0
1466 0.5343516683926092 0.1370992654982854 0
1467 0.5267456408696913 0.1078092642575356 0
1468 0.3053496501066184 0.1478039932085302 0
1469 0.6254252572129668 0.3664996717280102 0
1470 0.2959022345004287 0.1413194496036444 0
1471 0.3156947121094437 0.1428581309941541 0
1472 0.2864573316035473 0.1348281178556817 0
1473 0.3629293455467108 0.1751998286414126 0
1474 0.6483772878749625 0.2032368764453817 0
1475 0.6380775478396644 0.2081527231747244 0
1476 0.7019468143199258 0.009888466906137705 0
1477 0.7076670107236525 0.01927205909143176 0
1478 0.7201229080325603 0.01857970507901091 0
1479 0.7122669300687537 0.02986385901130029 0
1480 0.6964153258650017 0.01917567513773993 0
1481 0.6841576717565439 0.02144676394332623 0
1482 0.6789621540950777 0.0101998691833578 0
1483 0.6733224843297314 0.01987768027633335 0
1484 0.6618522446565117 0.01986350777611978 0
1485 0.6667456191004856 0.02876670204390119 0
1486 0.6558094672780467 0.02872283188451563 0
1487 0.5005547183881517 0.3177892762846237 0
1488 0.5099366376396903 0.3242207760369918 0
1489 0.4724795236827128 0.2984114406134526 0
1490 0.387596924441844 0.1085110380071369 0
1491 0.6474559878551562 0.214609055317967 0
1492 0.6568832447197916 0.2210833308607749 0
1493 0.6559103385080156 0.2323650029181995 0
1494 0.6465569939070126 0.2259889705002318 0
1495 0.3883590393806112 0.09707946869898665 0
1496 0.4545581280535872 0.2741485627327299 0
1497 0.4791792254806496 0.3389524064259412 0
1498 0.6111995602205422 0.2973951006794424 0
1499 0.4863222227476185 0.2480074329979108 0
1500 0.5505405438667931 0.1841719420290294 0
1501 0.549762938124102 0.195531835103981 0
1502 0.6712636775213877 0.2793639202947481 0
1503 0.6610029452591217 0.2842645579462669 0
1504 0.6130387083783333 0.2747628869230723 0
1505 0.521460147640151 0.1762100445399036 0
1506 0.6586814969160151 0.1983221963319373 0
1507 0.3858883324118295 0.3671120363956872 0
1508 0.6077720648982939 0.342618683968666 0
1509 0.5985180347681759 0.3362923018527333 0
1510 0.4504840303392319 0.1991802598458547 0
1511 0.4598968071059953 0.2056854288350569 0
1512 0.2090626475419924 0.1058404854776552 0
1513 0.1987936095146664 0.1106821546638068 0
1514 0.2081890172766013 0.1172491087502405 0
1515 0.1978365866693694 0.1222106224043928 0
1516 0.2076041975850514 0.1282333055288327 0
1517 0.4837797983278833 0.1503801684253168 0
1518 0.502628765345185 0.1633000850152606 0
1519 0.6510509949122594 0.1690893008268112 0
1520 0.6990545774182768 0.1899721447033664 0
1521 0.7087151358263503 0.1959119727847993 0
1522 0.7194151259204271 0.1999999999999998 0
1523 0.39890062161058 0.2239569150725229 0
1524 0.3997788427580603 0.2125514551101884 0
1525 0.3903618414711387 0.20608068365717 0
1526 0.4006768218239437 0.2011445888131143 0
1527 0.3912462620312477 0.1946618508900119 0
1528 0.4015719863699239 0.1897340530977206 0
1529 0.4100996611574846 0.2075697710892088 0
1530 0.3818067546904807 0.1881700666344612 0
1531 0.3714759987387948 0.1931000700134946 0
1532 0.4024801943976663 0.1783238898396241 0
1533 0.4118959224786891 0.1847573892499847 0
1534 0.3842296538919674 0.2858320821242813 0
1535 0.1054418594524588 0.009809000797536715 0
1536 0.09772523159755575 0.01847574014038467 0
1537 0.1094921403371535 0.02132330378531488 0
1538 0.1175909547421251 0.03058153245715023 0
1539 0.1137619425216152 0.04190175449991834 0
1540 0.1260070391286704 0.03912103066961614 0
1541 0.1313710768279558 0.04956216564091598 0
1542 0.6478947903991744 0.08285091868950151 0
1543 0.6375633176971578 0.08778000878543613 0
1544 0.5688710491900968 0.07669447475539615 0
1545 0.4612928220607229 0.314733092265021 0
1546 0.4957181105984297 0.2544553922545986 0
1547 0.4366172343040181 0.2498531060830702 0
1548 0.5989310624092528 0.07328342750071359 0
1549 0.5455968664198584 0.1207591724042303 0
1550 0.6245768437239785 0.1269042971549605 0
1551 0.4639629395716502 0.2805969175663994 0
1552 0.4485621652217242 0.09025476888532336 0
1553 0.4872205705642736 0.1047369388285717 0
1554 0.4167391447993285 0.1164892098324529 0
1555 0.4760252903499469 0.2529315524333159 0
1556 0.480460665129456 0.06401117236827331 0
1557 0.3646992633458285 0.1523803297241013 0
1558 0.4057046754907047 0.2646337126834857 0
1559 0.5301661271083684 0.01006712779163998 0
1560 0.5350026595955609 0.02030524524809529 0
1561 0.5228679616781354 0.02080956480925311 0
1562 0.5299252683267263 0.02979880731081719 0
1563 0.6340013828972529 0.1333751298494407 0
1564 0.6327542216500397 0.01180344010459933 0
1565 0.5397612143004479 0.06864798895159763 0
1566 0.5491747617766533 0.07513693583274589 0
1567 0.5173117347019586 0.1013363224670499 0
1568 0.3563223030060262 0.331505154794377 0
1569 0.3620167464927666 0.319794245448221 0
1570 0.3528746642100633 0.3117081576172908 0
1571 0.3677162360817293 0.3299631042238948 0
1572 0.1283715170351878 0.009819086208952499 0
1573 0.1530588076987817 0.05552794411871409 0
1574 0.1526912977213706 0.06633015080320936 0
1575 0.1618529963838431 0.07330628058464389 0
1576 0.1519849201163964 0.07614806195764284 0
1577 0.1721066264859993 0.06848585087446413 0
1578 0.4287769733079936 0.08872354652405395 0
1579 0.4568636805548905 0.3714711426620286 0
1580 0.7211810472678031 0.2570047756896647 0
1581 0.6094820781587865 0.01014049960571423 0
1582 0.4151341653513805 0.2710951942307557 0
1583 0.6743538965992014 0.1250699892697155 0
1584 0.587306621261073 0.01018700387599869 0
1585 0.5813877595791085 0.01987979781960192 0
1586 0.6573218256512685 0.08932938997494994 0
1587 0.3945351650313031 0.2809176363914961 0
1588 0.3165868694519192 0.1314284470785494 0
1589 0.3797512239440427 0.07918344698032942 0
1590 0.3130206968269035 0.1771208218390136 0
1591 0.3026847483034906 0.1820663309780325 0
1592 0.3121346977046452 0.1885398061083623 0
1593 0.6757188011565292 0.2340144320229844 0
1594 0.5644217246901744 0.133718677464543 0
1595 0.5738799581423589 0.1401759922700314 0
1596 0.7210780787790559 0.2342868793271604 0
1597 0.7212570823170451 0.2228972809541998 0
1598 0.7109077364055746 0.2171440531641761 0
1599 0.3517107348735229 0.1915748775339507 0
1600 0.4492690351049422 0.3423586139214854 0
1601 0.4898972037332273 0.07049661109951266 0
1602 0.6411752634355684 0.04212601434906871 0
1603 0.301798135608459 0.1934898588726738 0
1604 0.3198123865024279 0.2178597078555157 0
1605 0.3293029267148388 0.2242899687346762 0
1606 0.3416626705957219 0.3139246603555604 0
1607 0.3452899267267306 0.3030806589065801 0
1608 0.3384951012221758 0.2942758714554268 0
1609 0.348353947263248 0.2931483794547714 0
1610 0.3269076801812688 0.2964596611797387 0
1611 0.1513173000959311 0.009935844289704177 0
1612 0.1627894839388883 0.009935416526491159 0
1613 0.1684787465364244 0.02056674669474745 0
1614 0.1800945913965327 0.02055637469522165 0
1615 0.1867895704719978 0.03014585551899385 0
1616 0.1917968704340589 0.01984032505731659 0
1617 0.1979219485276559 0.02940595186427553 0
1618 0.3773884850666961 0.2452373290249317 0
1619 0.367089602009719 0.2501547435516152 0
1620 0.2720016653422799 0.06473947800273244 0
1621 0.2813702898616535 0.07134028931710129 0
1622 0.4953164373800696 0.01162717862412355 0
1623 0.4724873299643021 0.009893310409832767 0
1624 0.4782956555232955 0.01986986477207681 0
1625 0.4668408114923344 0.01973432357465582 0
1626 0.4609003821265155 0.01008545057085969 0
1627 0.6640369944519575 0.1299935369642711 0
1628 0.2545736844177414 0.009871713578769703 0
1629 0.2603411555525755 0.01919303248244519 0
1630 0.248849502251334 0.01860071183358192 0
1631 0.5637624474852394 0.2766331054463422 0
1632 0.2775192887532386 0.00988086078509115 0
1633 0.2825130484748456 0.01956667975664561 0
1634 0.2946348141219226 0.02121717361960651 0
1635 0.3006407310871896 0.01018743103465608 0
1636 0.3068738493708415 0.02077647512370279 0
1637 0.2495417754701375 0.0974866736513908 0
1638 0.2589942630865921 0.1039686717705743 0
1639 0.1894138073807222 0.1041958279754455 0
1640 0.3506053414272309 0.07117932300886798 0
1641 0.6409629031346408 0.2940925673131576 0
1642 0.2176846787035989 0.1236686286349395 0
1643 0.2168014795283244 0.1350840411138257 0
1644 0.2056591345575278 0.1381414587275804 0
1645 0.215848610640678 0.146598829528384 0
1646 0.2215863583262151 0.1574146595061922 0
1647 0.2265254510325552 0.1411734853856193 0
1648 0.4571118301609016 0.1081390323150077 0
1649 0.1972630690596201 0.009733092260247045 0
1650 0.2200912969056855 0.009383059879389477 0
1651 0.2315536175639551 0.009497493171551297 0
1652 0.3195098632267129 0.2878177203037174 0
1653 0.3234367938277963 0.2779967159154214 0
1654 0.7047775234278655 0.1102572458824206 0
1655 0.4036389873395493 0.01157602007434239 0
1656 0.2778977271229149 0.1169301309999123 0
1657 0.2675618778837905 0.1218742902176612 0
1658 0.2451475733722858 0.1545484453164604 0
1659 0.2443255958019973 0.1660357017417395 0
1660 0.233700450998686 0.1589388384057012 0
1661 0.2108379978092508 0.08298661620195419 0
1662 0.2202912492505126 0.08946856706734085 0
1663 0.3693028703568683 0.009935844289705398 0
1664 0.3806388140505834 0.009938763463420042 0
1665 0.4267307597857349 0.009898853221760984 0
1666 0.4208779560373738 0.01958974095810995 0
1667 0.4328353482752292 0.02028470723688303 0
1668 0.4382228186182109 0.009571899339945233 0
1669 0.3215910698486352 0.1950041451745237 0
1670 0.266665660709208 0.1333024840901766 0
1671 0.2932364148969338 0.175588230224587 0
1672 0.2581056737005012 0.1153947635632818 0
1673 0.2477643908794609 0.1203398246300248 0
1674 0.3490524158633662 0.2258315177663888 0
1675 0.3378959196636763 0.2420593538027297 0
1676 0.399542975247147 0.08071352313340618 0
1677 0.3800340771275127 0.2110106882064274 0
1678 0.1815493214399364 0.07498617758481202 0
1679 0.30630795950583 0.2692875603156354 0
1680 0.6407492522655569 0.1740138083760425 0
1681 0.6631417555248255 0.141386269656695 0
1682 0.2681657471598495 0.226473112864112 0
1683 0.2331762321479769 0.1826771417551125 0
1684 0.2716797060616701 0.1968975298619193 0
1685 0.3585133205183098 0.2322907530259875 0
1686 0.3611531308617769 0.198060256799539 0
1687 0.2640032296840593 0.1675737194541423 0
1688 0.1881314494142634 0.1286318029292786 0
1689 0.386827710273391 0.2517047239852175 0
1690 0.3380858421745401 0.1101985509546752 0
1691 0.2855643635991919 0.1462615494821931 0
1692 0.470120902894146 0.06895219907655431 0
1693 0.5656711407759121 0.2540249423288994 0
1694 0.5543910188694059 0.2700310999950431 0
1695 0.562564561615935 0.2879335754030179 0
1696 0.4863298612522505 0.11614714706322 0
1697 0.3720647865529496 0.04984835512249186 0
1698 0.6641122748101866 0.3696110945347943 0
1699 0.680190046978207 0.1770980039851985 0
1700 0.2418620942652399 0.06814769797791342 0
1701 0.28959498574112 0.2212242874747861 0
1702 0.3809169892819874 0.1995902750463032 0
1703 0.6958347671994778 0.103821630294875 0
1704 0.4211025459733276 0.05939721634675676 0
1705 0.3552553263689422 0.1459082039493133 0
1706 0.2707936116997721 0.208319173242144 0
1707 0.2537483727071562 0.1724255015873717 0
1708 0.3233742419013377 0.1721537563846079 0
1709 0.215113861672098 0.02599767659690011 0
1710 0.2194044056213712 0.1008955441452748 0
1711 0.7211926296197253 0.1429733173019128 0
1712 0.7115188128715807 0.1492758013944855 0
1713 0.7013950281449067 0.155303711544543 0
1714 0.7213422108394777 0.1208470452908467 0
1715 0.2646121993570738 0.0358169137856244 0
1716 0.2710968795968524 0.07618785962654889 0
1717 0.5051928949289489 0.1290893697744457 0
1718 0.203108526646344 0.05371166936132865 0
1719 0.670389306510933 0.2907215022845999 0
1720 0.6602439367850621 0.2956703471783025 0
1721 0.314800721887164 0.1542787253815224 0
1722 0.3741408156092988 0.1588521135477982 0
1723 0.2805053967066553 0.08273288623566577 0
1724 0.3637759372754957 0.01985238362243358 0
1725 0.3428102614934053 0.04183561541540026 0
1726 0.3088834651040002 0.1021113672508718 0
1727 0.2439334014595976 0.1768585725411275 0
1728 0.5240369791797819 0.1420273497149088 0
1729 0.5613073864964725 0.04736179238702959 0
1730 0.3475411449790884 0.1166630054503334 0
1731 0.4143188067024882 0.02900338509463574 0
1732 0.4580047441409639 0.09672776712226494 0
1733 0.4513694582488185 0.1877793294231502 0
1734 0.672558087479349 0.1478552366822276 0
1735 0.3918583999838297 0.05138139812202908 0
1736 0.5388581764846621 0.08006032324438944 0
1737 0.3986664927728187 0.09213421882574446 0
1738 0.6880666209347994 0.2065090944707259 0
1739 0.6460886197587443 0.1056566647608188 0
1740 0.4033446194477169 0.1668667868680423 0
1741 0.3767316576351598 0.124699826571414 0
1742 0.4437036213506419 0.1585494946003221 0
1743 0.4222143265795842 0.1797913541065295 0
1744 0.6366640474528346 0.09918213014038074 0
1745 0.389209398624406 0.08565839522745067 0
1746 0.2324079237830237 0.06166461480703667 0
1747 0.6896128818429803 0.1835531837130257 0
1748 0.6204856380082631 0.05199721825500347 0
1749 0.3301636640371986 0.2128813772374159 0
1750 0.4622564470141055 0.03995320974157235 0
1751 0.2033201011961661 0.04074053711045394 0
1752 0.6561737353474763 0.009902380708433078 0
1753 0.4408879387367634 0.06093408175609727 0
1754 0.3956780548433324 0.1375700988991672 0
1755 0.4248650080736905 0.1455845222757342 0
1756 0.3251492822438204 0.1493179043300041 0
1757 0.6083729262133873 0.07975859104036243 0
1758 0.6837685964794117 0.1315383486035064 0
1759 0.6012640770640088 0.1708931214209559 0
1760 0.6136225757622765 0.02134524267896831 0
1761 0.5711942753174544 0.1742925680148069 0
1762 0.5913189026009076 0.0440637511493035 0
1763 0.5096591690875466 0.07203895036668118 0
1764 0.5694928775409427 0.197013760417094 0
1765 0.4433779117259953 0.2904616614281902 0
1766 0.4702041717649007 0.2007156772103041 0
1767 0.6313380225914378 0.1675569733099869 0
1768 0.2873464691670265 0.1234099321974762 0
1769 0.599460900063492 0.1936285497042849 0
1770 0.5911795599684295 0.3072905601819253 0
1771 0.4684021289320015 0.2236940766932297 0
1772 0.5010958344173093 0.1859215434906172 0
1773 0.2994106736792667 0.09566949623764165 0
1774 0.4822696333814544 0.1730162485674927 0
1775 0.3534803937646109 0.1687397803674298 0
1776 0.5859834984823264 0.112424045293419 0
1777 0.3892483458794545 0.3493124911761324 0
1778 0.6928633335203337 0.1378952170272688 0
1779 0.5513116279543464 0.3040479665335016 0
1780 0.4948054438054431 0.2658502198725151 0
1781 0.5671351696772322 0.09948959936543683 0
1782 0.4483921227235208 0.3537227786152191 0
1783 0.3638168700437666 0.1637905872825426 0
1784 0.4382234362119162 0.09519901685307519 0
1785 0.6066041626512401 0.1025659056005613 0
1786 0.2770038090539815 0.1283590851489816 0
1787 0.5428575041289666 0.1549650046626395 0
1788 0.3824040970365472 0.04490056148409816 0
1789 0.6299218855140761 0.05847973573478615 0
1790 0.233297592943323 0.05023471805864849 0
1791 0.549797620342439 0.3266607160370054 0
1792 0.5609836534777152 0.3105572081301737 0
1793 0.6322244660934153 0.1561729822560556 0
1794 0.5947275456607877 0.2619819232079179 0
1795 0.5386713528787246 0.2117698004323394 0
1796 0.5198934272131708 0.1988341783897792 0
1797 0.414256935667266 0.2824785372019468 0
1798 0.3936480459482148 0.2923201529730506 0
1799 0.4469207955368119 0.2449395148311387 0
1800 0.4314387040264179 0.05445377637823157 0
1801 0.381574087267101 0.3200586068668737 0
1802 0.2436322435903449 0.04529818968392008 0
1803 0.4671592640284888 0.3665545126782282 0
1804 0.6925562897830833 0.2584229520514719 0
1805 0.6983247944380397 0.2013954642077383 0
1806 0.6851215658321003 0.2404693878829265 0
1807 0.4795639118435628 0.07543213704754731 0
1808 0.5929866295106596 0.2846536853844127 0
1809 0.5594847927966016 0.33315913242194 0
1810 0.6734509756530769 0.1364606934936987 0
1811 0.2440695969193695 0.03463966064208968 0
1812 0.411617230489951 0.3166233349273255 0
1813 0.6740790430747147 0.2452723574109281 0
1814 0.4313339275276948 0.3181275204918685 0
1815 0.3833238685574327 0.03358162705484907 0
1816 0.6503895235645344 0.01985444215182064 0
1817 0.6039587814438174 0.1367468931086024 0
1818 0.597177768044187 0.09609857479137462 0
1819 0.5482800589083401 0.0865444914763181 0
1820 0.4715651862706897 0.3098142333137756 0
1821 0.4323615333443255 0.04310159578551082 0
1822 0.6308158603400167 0.04706461567584691 0
1823 0.4993325147809924 0.07697567280658602 0
1824 0.6994611967587548 0.2990064467168363 0
1825 0.6469905197471397 0.09425537875250783 0
1826 0.3260398411504928 0.1379006236472718 0
1827 0.6968725805480378 0.3211867916940506 0
1828 0.3620411721512193 0.1866214897456827 0
1829 0.4107404635941009 0.3280098693115061 0
1830 0.4332152380833725 0.03159878968303609 0
1831 0.6401179373539807 0.3054188702319369 0
1832 0.5868617100474662 0.101032509260935 0
1833 0.4090301948095582 0.3507051387802707 0
1834 0.6853604312025156 0.3487868671097043 0
1835 0.5760375999846313 0.4352106290101361 0
1836 0.5975300969348312 0.4365835185192305 0
1837 0.6183728803257496 0.4374310252205553 0
1838 0.5767002797815062 0.3683597156592033 0
1839 0.4219206765138288 0.3116811693264499 0
1840 0.6413503795121636 0.4389338349620979 0
1841 0.6504470695156923 0.04897249304170215 0
1842 0.5011250669801727 0.05413449230720868 0
1843 0.3847938339642032 0.02091814527896896 0
1844 0.6667281813594698 0.09580935847049743 0
1845 0.3078441034970678 0.2455035878665086 0
1846 0.5114197583485309 0.04920816669795869 0
1847 0.4374759507261185 0.2384321153149857 0
1848 0.5002280747678204 0.06555908966164536 0
1849 0.5119772735157108 0.03775814850635389 0
1850 0.41931061482021 0.3457982130409003 0
1851 0.5437600475298271 0.1435670108466034 0
1852 0.6685326532473989 0.07298843741825878 0
1853 0.6731764641742083 0.440301461164388 0
1854 0.6143105531045339 0.3824508649699371 0
1855 0.6676324429392348 0.08440354983942111 0
1856 0.4048367937165034 0.2760167552927763 0
1857 0.5446715237461656 0.1321555138429852 0
1858 0.6882815398915495 0.07451445375873711 0
1859 0.6422345304269281 0.401403365024149 0
1860 0.6892038048241472 0.06310470666128115 0
1861 0.4177413234054685 0.2368858455770382 0
1862 0.4110086832185552 0.1961628278549837 0
1863 0.609783983935091 0.1887328821043741 0
1864 0.6237175585656756 0.1383062044008785 0
1865 0.7008713540507657 0.3949778018946661 0
1866 0.6997865578870545 0.4060212448819466 0
1867 0.6182871033332416 0.2065460002793235 0
1868 0.6228242625205924 0.1497042512746329 0
1869 0.6286409764845066 0.2016532145957203 0
1870 0.5774290865298559 0.09456724536559113 0
1871 0.5859610822652342 0.3746574071963251 0
1872 0.4213270585627716 0.1911987390521666 0
1873 0.5652443928524561 0.434644980992997 0
1874 0.5072562901135322 0.3581464479749881 0
1875 0.3954047924897072 0.2695433765656937 0
1876 0.5158014390586446 0.3755111463397633 0
1877 0.6371170126850192 0.2194903048313475 0
1878 0.5266429761943927 0.2394352623982287 0
1879 0.5665555194569595 0.3731467341027692 0
1880 0.505058333289209 0.3800332699005726 0
1881 0.5600867673204439 0.1905927053125428 0
1882 0.5680035253814966 0.08810408347986592 0
1883 0.3859670205237787 0.2630715852397253 0
1884 0.5179283693871414 0.3525215036988664 0
1885 0.3567979267105834 0.2550345751226778 0
1886 0.5976931358165329 0.3475187802816114 0
1887 0.50898907173018 0.3355394344019292 0
1888 0.35765020247101 0.2436657643861215 0
1889 0.5585814263393014 0.08162676030526433 0
1890 0.5648129273024811 0.3953024250577851 0
1891 0.587574215008141 0.2213925622235863 0
1892 0.5489245304644106 0.2068770175948393 0
1893 0.3765355243973239 0.2566057347703526 0
1894 0.5196393144706832 0.3299778023912722 0
1895 0.5108001832720718 0.3128252987671235 0
1896 0.6732952269347665 0.3759639723389229 0
1897 0.6805579922334875 0.4045135969082372 0
1898 0.5126128097473653 0.290066203633665 0
1899 0.3662480631673791 0.2614826046752764 0
1900 0.4195194388580166 0.21401237865852 0
1901 0.5586714440515576 0.3444103417137772 0
1902 0.5231565642405128 0.2847141446148611 0
1903 0.1858149715304352 0.01001093938374847 0
1904 0.524039525212305 0.2733862582501982 0
1905 0.6465960817434199 0.345725436851678 0
1906 0.5603732620715747 0.05879534762876759 0
1907 0.6455119077667592 0.2373018863149551 0
1908 0.3482101634453516 0.2371851437819809 0
1909 0.5706640000622474 0.05386210807538477 0
1910 0.4984517100790245 0.220142371741974 0
1911 0.3387672283571178 0.230709455862029 0
1912 0.5594663363476275 0.07021178388277699 0
1913 0.5213872358598963 0.3073854417191648 0
1914 0.571788696270731 0.0422320563397372 0
1915 0.1344500993440806 0.02007183946002089 0
1916 0.5729791736090453 0.1515534215569453 0
1917 0.5818728948314573 0.03754487810755835 0
1918 0.5257302928263419 0.2508385930844938 0
1919 0.122635748260696 0.0197660844865265 0
1920 0.4092053403023466 0.2189854864810168 0
1921 0.328454271669973 0.2356496613922479 0
1922 0.3181464131803267 0.2405850450280035 0
1923 0.4633577816209918 0.160181845867772 0
1924 0.5884268389347166 0.341131416883501 0
1925 0.5522247240980164 0.2927218072679926 0
1926 0.6897056242682008 0.4107371978438609 0
1927 0.5153214186132994 0.2560594630416489 0
1928 0.4064744949524917 0.1214008032372613 0
1929 0.5453828729534127 0.3827698561398424 0
1930 0.4155828160973201 0.3908276860459487 0
1931 0.6567807625073543 0.340835704833818 0
1932 0.539499767579406 0.2004367521344918 0
1933 0.5892560542502708 0.3298654969007166 0
1934 0.5300813469216681 0.193988743465142 0
1935 0.3677320882436695 0.1068958300534853 0
1936 0.7209783877616394 0.1771428571428568 0
1937 0.5206814769658239 0.1875590400218257 0
1938 0.3307016803950001 0.06951179194541035 0
1939 0.5993840300664082 0.3250307431209932 0
1940 0.6577418389828084 0.3295827424612816 0
1941 0.3202807610200959 0.0744294331266413 0
1942 0.3103102193152819 0.07943156987639194 0
1943 0.5112724515648595 0.1810886294302742 0
1944 0.501865620537409 0.1746537529945327 0
1945 0.6833902318438613 0.3711145678760622 0
1946 0.667896681678862 0.3247148803852224 0
1947 0.2925611201049548 0.05482566016608625 0
1948 0.4924470606932245 0.1681784375709683 0
1949 0.3036933924113083 0.03844985392599226 0
1950 0.483031725377318 0.1617431857043327 0
1951 0.4735855680697097 0.155290234796003 0
1952 0.7044275999698678 0.3502382677401787 0
1953 0.4827990817492545 0.02879052403656784 0
1954 0.606509961760784 0.2343978604294887 0
1955 0.5562882189273712 0.37791172890309 0
1956 0.5868885634562782 0.2328305234306712 0
1957 0.6002963690092614 0.3136899804031659 0
1958 0.6842970879036844 0.3599888349182205 0
1959 0.4538847087562274 0.1537336491447857 0
1960 0.6688329523847035 0.313424707035736 0
1961 0.271681332087418 0.01948007119571077 0
1962 0.6595441593640615 0.3070478178931928 0
1963 0.6127027129247771 0.4272738310723224 0
1964 0.6011805685169589 0.3023732321143618 0
1965 0.4444395122699039 0.1473354027297585 0
1966 0.6536683686677607 0.2550644028118014 0
1967 0.4350057238629559 0.1408692774511067 0
1968 0.6547427745889199 0.243527727222446 0
1969 0.6020639314226932 0.291042324122416 0
1970 0.4255705721165189 0.1343866201207633 0
1971 0.4160748109623897 0.1278864476603429 0
1972 0.6502409551022852 0.300639231013284 0
1973 0.6029603473303051 0.2797127810237545 0
1974 0.3631461484961253 0.3071006512900686 0
1975 0.6038386155625609 0.2683852589453973 0
1976 0.6944555423477332 0.3550736222708299 0
1977 0.3963657225701734 0.1263323339597283 0
1978 0.6426376241521032 0.2713806567426393 0
1979 0.6148835622029907 0.252171100352259 0
1980 0.6047558950045131 0.2570643509830348 0
1981 0.3869181910160708 0.1199065491212369 0
1982 0.6435329601367515 0.2600141237408764 0
1983 0.3445337516381122 0.2824682196603742 0
1984 0.6510368574442398 0.2892086521835318 0
1985 0.6519201886925778 0.2778345930732657 0
1986 0.6157622886594682 0.240746381073391 0
1987 0.3773651208535925 0.1133810256187665 0
1988 0.5561884564964792 0.2475819568936582 0
1989 0.7109670365897564 0.2849751126991257 0
1990 0.3576982020125405 0.111932102772768 0
1991 0.348268099398806 0.1054651581115391 0
1992 0.6984447794280672 0.4168987854505791 0
1993 0.6980292379387364 0.4282711597111078 0
1994 0.1436483963421489 0.06056916382032068 0
1995 0.3490827397534758 0.09403978391102008 0
1996 0.33969800773341 0.08750598672900917 0
1997 0.3405729757527102 0.07615711819619153 0
1998 0.4852347980625498 0.3903974922947616 0
1999 0.3705281866282987 0.3483976449584366 0
2000 0.2971857266947276 0.2502185254580105 0
2001 0.3001318510864747 0.08440337874050713 0
2002 0.6651804765776282 0.2386336372973647 0
2003 0.2907082408419597 0.07793164894252319 0
2004 0.3220761410242661 0.03921699402601242 0
2005 0.3125765234103442 0.03168070257697253 0
2006 0.2915539456186332 0.0665714457427703 0
2007 0.3026838640662144 0.05005925396676469 0
2008 0.6667136822635884 0.4308334160794156 0
2009 0.2517036522325269 0.2073683320481529 0
2010 0.2544497862309498 0.02872099977679066 0
2011 0.7105413180724385 0.4004623642253521 0
2012 0.2046439916690228 0.02030886127036607 0
2013 0.6304756514058173 0.4270593069762885 0
2014 0.08287808282683362 0.008399172813855715 0
2015 0.5073035667447724 0.009555094498682193 0
2016 0.2343502021170798 0.1706075920678513 0
2017 0.3071151651735759 0.2568418193942784 0
2018 0.1841379839902409 0.04095129097871625 0
2019 0.1276340456929256 0.05984193371891144 0
2020 0.3312424410427798 0.2856458280647242 0
2021 0.7207864432587683 0.1662625597033544 0
2022 0.6515596655279255 0.4397499336749288 0
2023 0.1602333477765979 0.08409012194217935 0
2024 0.7108822798507785 0.04222074818387817 0
2025 0.4390464129686891 0.3971578549358938 0
2026 0.7092611360028178 0.4121968257769829 0
2027 0.1888075000608773 0.11511287277626 0
2028 0.6929165873359895 0.0295379572438082 0
2029 0.7079545840102137 0.2069567469835014 0
2030 0.7211860092000023 0.3835237759749103 0
2031 0.7003736751780438 0.2759739045282217 0
2032 0.53239006279913 0.03860924162925827 0
2033 0.6712684349180854 0.03804777702793394 0
2034 0.4065744538255409 0.3932504411663245 0
2035 0.2786894608523173 0.2246801775903789 0
2036 0.4553399334886006 0.3924900166571599 0
2037 0.3923460327360238 0.376144326069713 0
2038 0.7222280131248686 0.08461025984862242 0
2039 0.7022478754565816 0.1435867080682801 0
2040 0.3466431490557765 0.008926554248445462 0
2041 0.6827789727394888 0.4360194691142991 0
2042 0.4628405467499083 0.02928154087071455 0
2043 0.7016202761481987 0.2656913149477093 0
2044 0.7120086416204076 0.3183931865765691 0
2045 0.6518004897342129 0.03834229818186252 0
2046 0.1418905271638524 0.07741612351982119 0
2047 0.711611449643177 0.3674104759015982 0
2048 0.2159504214722188 0.1658489320874418 0
2049 0.2004914916356465 0.1482689785462071 0
2050 0.5605066402561724 0.4264494545113457 0
2051 0.72134688882312 0.04984658578585976 0
2052 0.711867419077457 0.1379504474706458 0
2053 0.545091824357635 0.02309301020703119 0
2054 0.5528696663660778 0.008110833692780928 0
2055 0.5715233434992351 0.01919901730814855 0
2056 0.316088521862394 0.02160636529753096 0
2057 0.7207362903600375 0.3945398670156474 0
2058 0.3550971246975631 0.3004468841384043 0
2059 0.6242134650372749 0.01945647072981072 0
2060 0.2374894923647123 0.01806263039485967 0
2061 0.6042555121341134 0.01800530897856822 0
2062 0.5211345333819215 0.03277116990792606 0
2063 0.6407192868199909 0.01882911019684474 0
2064 0.581977157503611 0.4281270745941188 0
2065 0.7197826702251081 0.4145952275137714 0
2066 0.5162962598520098 0.3975056647270697 0
2067 0.1358717407584609 0.04126669653183951 0
2068 0.3954464962583487 0.01904202871341609 0
2069 0.2438129719576696 0.201675368771346 0
2070 0.7082989580219947 0.4303507203113135 0
2071 0.7120142570324131 0.1275609150000042 0
2072 0.1931151110939404 0.03776121298972313 0
2073 0.1494224102933307 0.08608986606564983 0
2074 0.7122652220605352 0.356007058567495 0
2075 0.3258044346327984 0.2683371155931488 0
2076 0.7229748473617309 0.02865306154296371 0
2077 0.1640609137754124 0.02957612223553641 0
2078 0.289326873816807 0.2548724495363336 0
2079 0.7128083971270741 0.2508914936149628 0
2080 0.6033179494285332 0.4293128299111935 0
2081 0.3744799083965949 0.0175927323542665 0
2082 0.4201497827202319 0.4066344521227769 0
2083 0.1713876634675761 0.11430679422344 0
2084 0.3024498321644899 0.02882119087534374 0
2085 0.2073118074155748 0.03096552078102505 0
2086 0.4438766223167602 0.01731199129132166 0
2087 0.7125616096344478 0.116009835152553 0
2088 0.2713969648524188 0.2175679753514087 0
2089 0.4117575506983391 0.01854400768619541 0
2090 0.3234111713545664 0.007277271610109992 0
2091 0.7020390896702747 0.4366432086210896 0
2092 0.5126381531281506 0.01711510027366026 0
2093 0.4955651478348564 0.3943841660210855 0
2094 0.5428713509542528 0.43603661014766 0
2095 0.3723638462774124 0.337796027471183 0
2096 0.2266281349979872 0.1652459540672749 0
2097 0.3899719680454672 0.3585399188495588 0
2098 0.7133626218639301 0.2395727260680829 0
2099 0.1455808377206438 0.01704350967265333 0
2100 0.4093761455983864 0.384659297584578 0
2101 0.583909654665194 0.02866738165352523 0
2102 0.1268121933596688 0.02801339807913078 0
2103 0.2267167848116343 0.1503723540650328 0
2104 0.712692860782065 0.3449034004018037 0
2105 0.0885770681926572 0.01641457249285638 0
2106 0.2144183862240978 0.01687164050754619 0
2107 0.4871667401742903 0.01836923986654382 0
2108 0.4250682879074161 0.02783483772138423 0
2109 0.2656048975976798 0.02661625937777296 0
2110 0.7222937454932216 0.008394439083908634 0
2111 0.7134455823043633 0.1047217023143989 0
2112 0.2863374151554312 0.02826517078983848 0
2113 0.3728592073089003 0.3225878932455176 0
2114 0.7020232300423611 0.02656903694805629 0
2115 0.6572934200363481 0.4330594413216713 0
2116 0.3558389523169869 0.2871101895558745 0
2117 0.7057531407624011 0.4220095071670983 0
2118 0.7126382635645062 0.2280915056111337 0
2119 0.1987729456353656 0.1311535344685466 0
2120 0.420733643908388 0.3971907989393823 0
2121 0.7128298134034941 0.3340091926522275 0
2122 0.7225332159988308 0.1001404294612492 0
2123 0.6885410147107732 0.4303415370290201 0
2124 0.2794615290711595 0.242556359446721 0
2125 0.6377231088662878 0.4310362786592633 0
2126 0.6226547203891927 0.430058676421224 0
2127 0.3530117646463831 0.01687887304791336 0
2128 0.4345183236563624 0.3900432582917377 0
2129 0.4725602324880496 0.02616469079189138 0
2130 0.3167846021889545 0.271780477943029 0
2131 0.1443385171073116 0.06877664977207709 0
2132 0.7046064414278924 0.2232024265172619 0
2133 0.6756995218094262 0.02788035960322965 0
2134 0.09927022519292172 0.02769323512123978 0
2135 0.1614635492628926 0.1020623648106011 0
2136 0.7141077795000866 0.08285083823206663 0
2137 0.2445181271405857 0.1858435682653967 0
2138 0.683501553585015 0.4440041540103365 0
2139 0.7040832509615196 0.3164180845536566 0
2140 0.243721528802796 0.02568639780028342 0
2141 0.5147886133687257 0.4121591862810941 0
2142 0.1356025395563264 0.05737797540823536 0
2143 0.6618347964903876 0.03558356057729395 0
2144 0.5373694718008574 0.02882625270895789 0
2145 0.5028564335916155 0.3884322343386645 0
2146 0.7172299672072159 0.06846767086745309 0
2147 0.400898149353366 0.4129157574168961 0
2148 0.3637501442102523 0.4155392501433546 0
2149 0.3476820619234591 0.3990196213319595 0
2150 0.3330527001566918 0.3815850268890544 0
2151 0.3195578510864291 0.3654059162230952 0
2152 0.3048958670551032 0.3479312662927699 0
2153 0.2902340560322757 0.3304564829030366 0
2154 0.2755724057660855 0.3129815925826972 0
2155 0.2609108545008985 0.2955066505751919 0
2156 0.2452765295560879 0.2769774602316235 0
2157 0.23064716778932 0.2595428657887178 0
2158 0.2160178060225529 0.2421082713458129 0
2159 0.2013884442557857 0.2246736769029078 0
2160 0.1867590824890178 0.207239082460002 0
2161 0.1721297207222504 0.1898044880170967 0
2162 0.1575003589554836 0.1723698935741923 0
2163 0.1428709971887159 0.1549352991312865 0
2164 0.1282416354219481 0.1375007046883809 0
2165 0.1142052935442193 0.120852291305018 0
2166 0.09941322239121009 0.1034250150546883 0
2167 0.08396391372502721 0.08425245075234683 0
2168 0.07012153198151194 0.06759222534530063 0
2169 0.05465904633058505 0.05027048864452494 0
2170 0.04005037566767966 0.03214073789317873 0
2171 0.3756827641355617 0.4342552773938644 0
2172 0.3787003127228676 0.3886121290363946 0
2173 0.3632433008014123 0.3706220858586228 0
2174 0.3485163585476952 0.3530695513489415 0
2175 0.3337874171971409 0.3355162592562183 0
2176 0.3190584967663684 0.3179629565456195 0
2177 0.3043295920079054 0.3004096548091763 0
2178 0.2896006549293281 0.2828563937635468 0
2179 0.2748715737948055 0.2653032399057847 0
2180 0.2601422166106535 0.2477502318284888 0
2181 0.2454126245073307 0.2301972363802592 0
2182 0.2306833820456913 0.2126437532362681 0
2183 0.2159559329103812 0.195088897806217 0
2184 0.2012321095219036 0.17753205712446 0
2185 0.1865117001331869 0.1599747508565243 0
2186 0.1717875223828164 0.1424233340425116 0
2187 0.1570644358888362 0.1248761899120182 0
2188 0.1422985362167507 0.1073473206920501 0
2189 0.1274438421017003 0.08986133156825904 0
2190 0.1124464741736605 0.07236295117202718 0
2191 0.06871628469364144 0.01954278473538928 0
2192 0.09817418920307697 0.05464934826480577 0
2193 0.08368990598077508 0.03787176103080403 0
2194 0.4010992007586272 0.437267988431551 0
2195 0.04907507266323341 0.009756298438776678 0
2196 0.0253466223423271 0.01577650978964695 0
2197 0.4099391168709016 0.4242180742123539 0
2198 0.3902023977696622 0.447566539563554 0
2199 0.3939420025600944 0.4056956073610539 0
2200 0.3909062733906652 0.4157305915413346 0
2201 0.3837833246183633 0.4081073027922515 0
2202 0.3808719317762448 0.4180725181602984 0
2203 0.3887997047780295 0.4264444669121557 0
2204 0.3733685327592112 0.4104078285428758 0
2205 0.3766367882962526 0.3999615091586226 0
2206 0.3656488890747233 0.4038181599419768 0
2207 0.06070236175126964 0.009615200726451778 0
2208 0.05466789815778983 0.01957027055672989 0
2209 0.06201316171173921 0.02925838213703585 0
2210 0.04292388844061534 0.01919038797271549 0
2211 0.07339142488972972 0.0301882591618382 0
2212 0.07365743481361553 0.04233454886333265 0
2213 0.08201906560216832 0.0487867611408605 0
2214 0.07192987246200444 0.0534000860437906 0
2215 0.08086167208952733 0.06047039854423575 0
2216 0.08183359926396838 0.07218451507834944 0
2217 0.09225174617538845 0.06518838725514042 0
2218 0.3996287746900536 0.4223388478215662 0
2219 0.3550035528342499 0.4076780291732204 0
2220 0.03302006141473224 0.02412826170209392 0
2221 0.04741327329283263 0.04133954650522775 0
2222 0.1055375094145738 0.0634194336225502 0
2223 0.1009691510007523 0.07432217961177995 0
2224 0.1083046403231296 0.08310477362814728 0
2225 0.09652792755848782 0.08426766796200841 0
2226 0.1198257023905107 0.08121121561684663 0
2227 0.1159598197779202 0.0918667702413572 0
2228 0.1233682657907366 0.1006504018785904 0
2229 0.1114888408481977 0.1019987743093158 0
2230 0.1347818985527141 0.09866372582043936 0
2231 0.1309307338985705 0.1093637867546405 0
2232 0.1383066653955433 0.1181364691010933 0
2233 0.1264071869519229 0.1195077233634924 0
2234 0.1496419398250355 0.11613808460836 0
2235 0.145785864422295 0.1268477395422956 0
2236 0.1531789171730633 0.135606376496905 0
2237 0.1411116696864048 0.1368536128560676 0
2238 0.1644202893571796 0.1336512109228895 0
2239 0.160557219240327 0.1443539893859389 0
2240 0.1679114841758671 0.153124302468362 0
2241 0.1565908398251061 0.1551788757698322 0
2242 0.1791476873525117 0.1511950688676108 0
2243 0.1752786284730884 0.1618897199985591 0
2244 0.1826248679095002 0.1706701431312267 0
2245 0.1705149914653207 0.1718413780992447 0
2246 0.1938653589235547 0.1687520480878599 0
2247 0.1899942652391571 0.1794416076329971 0
2248 0.1973417484762206 0.1882271837872121 0
2249 0.185199920292192 0.189351601047744 0
2250 0.2085765983045554 0.1863232284046805 0
2251 0.2047148684831787 0.1969998120301267 0
2252 0.2120668424255248 0.2057847170233702 0
2253 0.1998912675864633 0.2068653526639637 0
2254 0.2233018323054086 0.2038804342371674 0
2255 0.2194434606695737 0.214554830045656 0
2256 0.2267975314686324 0.2233390077995814 0
2257 0.2145883117422709 0.2243786376052908 0
2258 0.2380307259430355 0.2214344896173595 0
2259 0.2341752409849422 0.2321075610655482 0
2260 0.2415298510514856 0.2408910867182275 0
2261 0.2292874987795122 0.2418910349478798 0
2262 0.2527607540645435 0.23898719717658 0
2263 0.2489074602359285 0.2496590982017542 0
2264 0.25626181249789 0.2584423968731303 0
2265 0.2439866848238579 0.2594028959462952 0
2266 0.2674906193988354 0.256539760800448 0
2267 0.2636390404896523 0.26721043194197 0
2268 0.270992954853207 0.2759938161710733 0
2269 0.2586851678146216 0.2769146832649406 0
2270 0.2822294269040885 0.2740800140074943 0
2271 0.278371483130671 0.2847599258675991 0
2272 0.2857237409609193 0.2935452623129968 0
2273 0.2735508059077585 0.2946086792596529 0
2274 0.2969586218330172 0.2916330221134497 0
2275 0.2931019660276285 0.3023117772448457 0
2276 0.3004539402039673 0.3110973806289492 0
2277 0.2882536184336317 0.3121276127021916 0
2278 0.3116876735788201 0.3091861854563682 0
2279 0.307832158440232 0.3198639508763608 0
2280 0.3151839535264567 0.3286497375197673 0
2281 0.3029561996466697 0.3296467813706596 0
2282 0.3264167081809097 0.3267393877535514 0
2283 0.3225621926163055 0.3374163132449162 0
2284 0.329913829359738 0.3462022541027452 0
2285 0.317658626627629 0.3471661306923539 0
2286 0.341145750668192 0.3442925960791125 0
2287 0.3372920785109988 0.354968825785418 0
2288 0.3446435552281895 0.3637549072423635 0
2289 0.3333002415522102 0.3658372681151331 0
2290 0.3558745529652606 0.3618457186630881 0
2291 0.3520237139639529 0.3725193973402517 0
2292 0.3593718558495769 0.3813004409423315 0
2293 0.3480429441340983 0.3833789015153801 0
2294 0.3707371217619765 0.3794487034126545 0
2295 0.3664174813156066 0.3920557832413237 0
2296 0.3693756091552106 0.4262314257760502 0
2297 0.06215191515594853 0.05892422849382439 0
2298 0.03819907843015102 0.008651252056034064 0
2299 0.149189332410376 0.14595979199708 0
2300 0.1637696458604474 0.1634098516064474 0
2301 0.1501641928654515 0.1640201493412095 0
2302 0.1652857549681445 0.1815800292652436 0
2303 0.1333952223738289 0.127995424752583 0
2304 0.1780055050902755 0.1806462452970011 0
2305 0.1362379109376458 0.1467258019039427 0
2306 0.1799270972408268 0.1990410550884602 0
2307 0.05757928020270109 0.03911403765520138 0
2308 0.1926990408012921 0.198161285739181 0
2309 0.2068472779147437 0.215420456193307 0
2310 0.1940517179010155 0.2163376553896414 0
2311 0.2215312814292651 0.2329226460960487 0
2312 0.2086799909388254 0.2337882829239913 0
2313 0.2362165490525182 0.2504235592972425 0
2314 0.2233106148683327 0.2512369800091685 0
2315 0.1186931644800499 0.1106956673365336 0
2316 0.2509018070158799 0.2679239789968229 0
2317 0.2379422825302311 0.2686847382045804 0
2318 0.2657824384857357 0.2856367892991685 0
2319 0.3558482476034573 0.3913745399141467 0
2320 0.2528328903280489 0.2862812504923465 0
2321 0.1212200470657711 0.1292851756533939 0
2322 0.2805013788396024 0.3031753941591718 0
2323 0.2683129646224313 0.3042000698833082 0
2324 0.2951931339769105 0.3206849170135965 0
2325 0.2829757134104467 0.3216746494684113 0
2326 0.3388827333204331 0.3914515193777163 0
2327 0.3098849365075296 0.338194443243413 0
2328 0.2976384748381484 0.3391492423841059 0
2329 0.324733379153442 0.3558958650404928 0
2330 0.3123273728739083 0.3566558079382131 0
2331 0.3422126310070285 0.3734151002204366 0
2332 0.3244576059299424 0.3742466138987319 0
2333 0.05074480682511529 0.02980293410261392 0
2334 0.3823936460239051 0.4412751623530819 0
2335 0.3914810023593608 0.4371792605689662 0
2336 0.1068828175191728 0.1120564621641294 0
2337 0.1037886048755863 0.09318445597048119 0
2338 0.09152257450599244 0.09435572595974367 0
2339 0.3865069220776279 0.3972495978129776 0
2340 0.01741476798811603 0.007893597332030267 0
2341 0.09161410712791684 0.04585641211855507 0
2342 0.09110926754472493 0.07604304013192503 0
2343 0.06438932197504232 0.04673952154885619 0
2344 0.3976422702027799 0.4435434666569716 0
2345 0.08898415603961551 0.05499026146471947 0
2346 0.02756207446320091 0.007285100823176016 0
2347 0.3836259343515477 0.4331131176149249 0
2348 0.07477222738050693 0.07838156248506711 0
2349 0.3797725544608815 0.4264114208465564 0
2350 0.3966728866952056 0.4305334004632179 0
2351 0.4038338298775558 0.4303589296922551 0
2352 0.06630289521527011 0.03680671710003947 0
2353 0.03373612061120856 0.01583649358043293 0
2354 0.358064933094972 0.399350416730351 0
2355 0.4071791734705961 0.4174373854683508 0
2356 0.3730335210822168 0.4184727394872824 0
2357 0.7556692808091066 0.006810073492015345 0
2358 0.6720573106341352 0.4581035443753168 0
2359 0.6506103188049721 0.4578645482596521 0
2360 0.6282273034669492 0.4556936975964763 0
2361 0.6082742989129895 0.455923643889275 0
2362 0.5850452436510696 0.455050298788092 0
2363 0.7405974331861077 0.08571428571428585 0
2364 0.7402366411546341 0.1881045797954843 0
2365 0.7708025668138921 0.3142857142857143 0
2366 0.770802566813892 0.2114285714285717 0
2367 0.7711633588453659 0.3490382773473725 0
2368 0.7690893136233589 0.29264505405285 0
2369 0.7405974331861077 0.1314285714285713 0
2370 0.7405974331861077 0.1085714285714285 0
2371 0.7405974331861077 0.05142857142857132 0
2372 0.770802566813892 0.3714285714285713 0
2373 0.7708938235789037 0.245714285714286 0
2374 0.7423132114004856 0.16450031262217 0
2375 0.770802566813892 0.2685714285714287 0
2376 0.7405974331861078 0.3942857142857143 0
2377 0.7208546292028025 0.4446739856337284 0
2378 0.6989090204718198 0.4570031657015515 0
2379 0.7367844294830768 0.4197170225937611 0
2380 0.6591864160982217 0.489324874338361 0
2381 0.6369505280820744 0.4881564735928292 0
2382 0.6145252074133571 0.4876327577120179 0
2383 0.6812047527135344 0.4899730122383534 0
2384 0.5930830033129997 0.4858384660838347 0
2385 0.7707725974105903 0.07427304988136174 0
2386 0.7402366411546339 0.2347525630616582 0
2387 0.770802566813892 0.1428571428571431 0
2388 0.7405974331861077 0.3028571428571428 0
2389 0.7707834309423764 0.09713909759635092 0
2390 0.7405974331861077 0.3257142857142857 0
2391 0.7422263521350545 0.2787941074067945 0
2392 0.7707959677451021 0.119999374411002 0
2393 0.7422263521350545 0.3612058925932055 0
2394 0.77081913513886 0.03998866106825899 0
2395 0.7696878170251982 0.1771438175213507 0
2396 0.7405974331861078 0.257142857142857 0
2397 0.7303089343106779 0.4748495113738813 0
2398 0.7586832493809106 0.446115501735908 0
2399 0.7694677913204879 0.4152354447010965 0
2400 0.5607853126966683 0.4756629435097248 0
2401 0.7422692912717076 0.02976165511052364 0
2402 0.7405974331861077 0.2114285714285711 0
2403 0.770881875445995 0.3941483477054332 0
2404 0.7461821587852066 0.4614457695629157 0
2405 0.7107825036838891 0.4839017376013096 0
2406 0.5642646617475706 0.4533393641225391 0
2407 0.7720923779584143 0.01698676834395091 0
2408 0.7103055286060169 0.4510808718193517 0
2409 0.7103897750888746 0.464214912915802 0
2410 0.6983692825590655 0.4688255986136634 0
2411 0.7210693439615057 0.4562019135646766 0
2412 0.730876519501056 0.4492834386693065 0
2413 0.7326948032936318 0.4305659950951884 0
2414 0.7440505180459318 0.428919389069511 0
2415 0.7480964077651157 0.4173757947320796 0
2416 0.7556556000661322 0.4271719977475236 0
2417 0.6889786375043295 0.4626548251223147 0
2418 0.6880405972957619 0.4737836939095903 0
2419 0.6976665975011817 0.4802524466959658 0
2420 0.7414359317107181 0.4062864014774791 0
2421 0.7539578661589059 0.4069330211225982 0
2422 0.7326969870672372 0.4605661761045573 0
2423 0.5595097220855662 0.4635925836121353 0
2424 0.5694634010098336 0.4691543615756607 0
2425 0.5703857301854852 0.4792019992516395 0
2426 0.5794114120054 0.47287883603313 0
2427 0.7220292993660347 0.4686859294920228 0
2428 0.7394791028278149 0.4413223377124764 0
2429 0.771044579188224 0.02856355716518499 0
2430 0.7612624552896173 0.03472968552625 0
2431 0.7610686390920273 0.04574577161174515 0
2432 0.7505085565916089 0.04027694608728627 0
2433 0.7611893556582338 0.02283436024489299 0
2434 0.5778445730480212 0.4626463009452113 0
2435 0.5873341671894742 0.4658294308396619 0
2436 0.596339086840816 0.4583397510392095 0
2437 0.6048041138378151 0.4663738263834615 0
2438 0.6147358589009304 0.4640367394896194 0
2439 0.6121143760495737 0.4733939703640437 0
2440 0.6225003387901834 0.471516986905692 0
2441 0.6011046795716157 0.4771392185977505 0
2442 0.677706861899563 0.466843824674343 0
2443 0.7395129353031378 0.01716510621826922 0
2444 0.6480817153558124 0.4887562818085275 0
2445 0.6430236690474481 0.478865216190179 0
2446 0.6309124445430131 0.4772951801570092 0
2447 0.63832891794999 0.4695493325731861 0
2448 0.6489045299201065 0.4688444195665846 0
2449 0.6258510102919683 0.4874787573622985 0
2450 0.6541506176784665 0.479443610376024 0
2451 0.6652160266801632 0.4799960341566969 0
2452 0.6599731609811786 0.4712937600484126 0
2453 0.580423204330216 0.4845892652334167 0
2454 0.7708183227339522 0.05141984004916489 0
2455 0.7609859021893826 0.05711363800530944 0
2456 0.770800191433138 0.06283898339866872 0
2457 0.760876960241412 0.06854974838628614 0
2458 0.7609452117836004 0.07997494410212364 0
2459 0.7509433736201547 0.07426819634118459 0
2460 0.7509024910123121 0.06283814208922434 0
2461 0.7707866505079182 0.08570178322203947 0
2462 0.7609767052810467 0.09141314793192468 0
2463 0.7609782903340866 0.1028527856149923 0
2464 0.7509482385722266 0.0971672490102668 0
2465 0.7708029808205814 0.1085681936240619 0
2466 0.760997690766536 0.1142847659137428 0
2467 0.7610008962858559 0.1257180125813565 0
2468 0.7509789807583517 0.1200228449080187 0
2469 0.7708154024794325 0.1314291498536337 0
2470 0.7610122090300109 0.1371460312502405 0
2471 0.7609240314354727 0.1485757102192102 0
2472 0.751000988910287 0.1428682114902717 0
2473 0.7510110141541324 0.1542969401407499 0
2474 0.7609132465241146 0.1600029862790392 0
2475 0.7708025668138921 0.2228571428571432 0
2476 0.7609963903927959 0.2171428571428575 0
2477 0.761011599853631 0.2057142857142862 0
2478 0.759204917117967 0.2297879111957074 0
2479 0.7507183009305028 0.2220599318596385 0
2480 0.7708203111848664 0.2000000000000003 0
2481 0.7608332298655048 0.1952257402018437 0
2482 0.7508722902244236 0.2006629959046287 0
2483 0.7408232642165918 0.176862720164847 0
2484 0.7514327341077697 0.1721644398340398 0
2485 0.7506157665577022 0.1818905539770957 0
2486 0.7405974331861077 0.3371428571428571 0
2487 0.7504948663722156 0.3314285714285714 0
2488 0.7522081195627488 0.3440736254814213 0
2489 0.750403609607204 0.32 0
2490 0.7603922995583234 0.3257142857142856 0
2491 0.7708177762747274 0.2571428571428573 0
2492 0.760998925302935 0.2628571428571431 0
2493 0.761183167656599 0.2738312205460223 0
2494 0.7502055802127131 0.2681237399213214 0
2495 0.7593048229504086 0.2502226788353661 0
2496 0.7708626988191377 0.3600778081293239 0
2497 0.7611775577116148 0.3661817474755318 0
2498 0.7609505376417559 0.377220767436398 0
2499 0.7510077004416763 0.3714285714285712 0
2500 0.7510077004416763 0.3828571428571427 0
2501 0.7600662169838549 0.3545774815243319 0
2502 0.7410632051110094 0.3489751577743425 0
2503 0.7596789053200648 0.3369004699379509 0
2504 0.7407776629125872 0.2912275893297038 0
2505 0.7501641126284884 0.2975762089023232 0
2506 0.7504528026878651 0.3085902294078623 0
2507 0.7611813458008854 0.3033132375383512 0
2508 0.7405860964132028 0.3142873129962954 0
2509 0.7402748990979059 0.2453376001039174 0
2510 0.7511817233123843 0.2400249833448801 0
2511 0.770802566813892 0.3828571428571428 0
2512 0.7705633636202723 0.2801269981474312 0
2513 0.7603567285968901 0.283970043351112 0
2514 0.7706256636214361 0.234488461389761 0
2515 0.7708701507001817 0.1891827533602248 0
2516 0.7610602610013376 0.388486718719325 0
2517 0.7708074784541725 0.1542876354987474 0
2518 0.7708818938867752 0.1652611805027009 0
2519 0.6614035259371475 0.4584301962767913 0
2520 0.6394590424782598 0.45909177299205 0
2521 0.5538373244309996 0.4528567351254382 0
2522 0.7499852478409605 0.02285714285714369 0
2523 0.6706013983194661 0.4896441712428569 0
2524 0.6773354724245826 0.4793086865881022 0
2525 0.7392829373364042 0.04020959608948321 0
2526 0.7642249065378754 0.01013753463214162 0
2527 0.740383400568474 0.1535191782050216 0
2528 0.7471195629578423 0.01016626613022287 0
2529 0.7521966089368558 0.0514031039377757 0
2530 0.7499473257821457 0.3542857142857142 0
2531 0.7718744832608401 0.3257142857142856 0
2532 0.7724946452476272 0.3031916583182402 0
2533 0.7707035351623656 0.337002877369451 0
2534 0.7401163004499035 0.2232122473339401 0
2535 0.7592334150526314 0.3143341730120043 0
2536 0.740377412642091 0.3721959708468037 0
2537 0.7508136761953308 0.2871784417726693 0
2538 0.7616581916841092 0.2400124073552689 0
2539 0.7520054431053285 0.2574096055494212 0
2540 0.738885873106775 0.268240712322766 0
2541 0.7401229812293495 0.1996390726415526 0
2542 0.7515552410317461 0.2114285714285721 0
2543 0.738676509253975 0.3830106227407893 0
2544 0.7593397370266713 0.1770973977832556 0
2545 0.7617166932441198 0.3995242889711123 0
2546 0.7386763645329737 0.14270604936763 0
2547 0.7522477898824566 0.1314330893096285 0
2548 0.7387147694261134 0.1200045689816037 0
2549 0.7515743761667304 0.3948343997891632 0
2550 0.7525107682702011 0.1085715087457253 0
2551 0.7387086209888883 0.0971477355163391 0
2552 0.7401776714441056 0.07378830478008214 0
2553 0.7528821924886272 0.0857075646199571 0
2554 0.7386155191285051 0.06275386080243273 0
2555 0.6037597421384966 0.4872826945878312 0
2556 0.7066097686429084 0.4744604070154201 0
2557 0.7711187365678107 0.4049260779127453 0
2558 0.7588315803862699 0.4161267647852569 0
2559 0.7510177237330218 0.4377949861870561 0
2560 0.7477590366170465 0.4486381593406002 0
2561 0.6922470054346305 0.4900997082200063 0
2562 0.5746185150540992 0.4534241233082942 0
2563 0.5894765143894107 0.4760602384078975 0
2564 0.7218700713863819 0.4811757237428593 0
2565 0.7398811454402577 0.4698824497887407 0
2566 0.7630214229959197 0.4359854344085875 0
2567 0.7669911421600395 0.4254784177132799 0
2568 0.6183088322338123 0.4546767029253591 0
2569 0.7018139449670984 0.4896627403143212 0
2570 0.6693463882425653 0.4721086667549907 0
2571 0.5614034523247938 0.4851154748703266 0
2572 0.62974261376992 0.4657892716482315 0
2573 0.7398540213517864 0.4536819754614031 0
2574 0.7548903390039213 0.4550128351919426 0
2575 0.6198176354711077 0.4800246359743515 0
2576 0.5693441720133605 0.4604070604522205 0
2577 0.596029883855961 0.4691446495349553 0
2578 0.7285974583686412 0.4395779075619902 0
2579 0.6807901050103915 0.4581329026341818 0
2580 0.7527851572834133 0.03095199252664382 0
2581 0.6870199672372406 0.4828694329776489 0
2582 0.7612335494584781 0.1854582764434291 0
2583 0.7488302244488034 0.2491848218201814 0
2584 0.7527734333577322 0.2778375646219168 0
2585 0.7527984827047393 0.3618761903119516 0
2586 0.7620488000343425 0.1688066737270515 0
2587 0.762961904822071 0.4082178610318821 0
2588 0.7495244313677965 0.1916105624210931 0
2589 0.7625852570206852 0.345309503427035 0
2590 0.748578635293665 0.2306556876210071 0
2591 0.7586096168988508 0.2937584297690845 0
2592 0.753284852994951 0.1636586314943578 0
2593 0.7736815912977102 0.007645974724144855 0
2594 0.7377350252296471 0.007620961282805927 0
2595 0.7556376707608038 0.01456107547128332 0
2596 0.5700792813181961 0.4876865165475833 0
2597 0.7152924333801048 0.4748815385590783 0
2598 0.622702989432359 0.4623426797130757 0
2599 0.6092774623258992 0.4813572996841371 0
2600 0.6665081214825652 0.4642848652416762 0
2601 0.6557171330108181 0.4636768826616414 0
2602 0.4364613159846473 0.4392498351181934 0
2603 0.4794206842005455 0.449474864878696 0
2604 0.4584628580122877 0.4459316989938406 0
2605 0.5010596137531498 0.4501305355242538 0
2606 0.5217185514371958 0.4509567778167556 0
2607 0.4361645725972673 0.4714006696661732 0
2608 0.4679354054322119 0.4788004115136589 0
2609 0.4904276722836711 0.480254468556235 0
2610 0.5134985211934839 0.4801727560360555 0
2611 0.4154035679497342 0.4463649897280843 0
2612 0.5407297977144542 0.4699756609773884 0
2613 0.4148224993304704 0.463919354063374 0
2614 0.5360793081581661 0.482646969413055 0
2615 0.4479272570483214 0.4432932984510524 0
2616 0.4511146984289203 0.4538626472394861 0
2617 0.4618904638505816 0.4559395230416926 0
2618 0.4544637287508321 0.4641737912526235 0
2619 0.4402253287349811 0.4509316139489309 0
2620 0.4302060188545153 0.4481684989348367 0
2621 0.4329419609066001 0.4590100523021525 0
2622 0.4651391005902621 0.4665708807814656 0
2623 0.4724404336409356 0.4579797750297098 0
2624 0.4759136368381834 0.4687247081588609 0
2625 0.48370907049156 0.4594132124265816 0
2626 0.4437272615813898 0.4619756051354119 0
2627 0.4262140221504774 0.4384313760340915 0
2628 0.5324829208766217 0.4513031795803371 0
2629 0.526392947510377 0.4603705598595611 0
2630 0.5155785875430411 0.4595402081189158 0
2631 0.5199502584919831 0.4699155221977613 0
2632 0.5090858835072863 0.4688982606482982 0
2633 0.5021744105683204 0.4787033825566884 0
2634 0.4983917855343624 0.468604486779071 0
2635 0.5247241208830937 0.4806280152239728 0
2636 0.4904481733577216 0.4496184071704027 0
2637 0.4796404659588206 0.4793504681498733 0
2638 0.4689559163837039 0.4477671371493927 0
2639 0.4468299016902361 0.473584080974183 0
2640 0.5112184141387806 0.4503213128169066 0
2641 0.487517130194849 0.4694860155770423 0
2642 0.4575850317142993 0.4762627988520119 0
2643 0.4256216980036499 0.4675028755417447 0
2644 0.4222654438842713 0.4552221707608146 0
2645 0.5053062548206335 0.4593221830300351 0
2646 0.530215202278695 0.471139977383152 0
2647 0.5368579651328889 0.4610241319561893 0
2648 0.4108066413953422 0.454496756263991 0
2649 0.5449027912405922 0.4786085699547431 0
2650 0.4944053380253793 0.4594291400845644 0
2651 0.4060056488292628 0.4613539599516949 0
2652 0.4286831458198813 0.4313231759316958 0
2653 0.4189385112995192 0.4399186375670033 0
2654 0.5454895347368521 0.4860297664064538 0
2655 0.4231777185665392 0.4459482139948927 0
2656 0.4808897943271436 0.4303790803658079 0
2657 0.4605118756152945 0.4287198478646668 0
2658 0.5008889741057421 0.4319167418645272 0
2659 0.4750625539571448 0.4194314253348205 0
2660 0.4960080329166324 0.4220980288493493 0
2661 0.5123117435254182 0.43177130392951 0
2662 0.4545163980289905 0.4204574478306241 0
2663 0.4708219952235569 0.4297684358750887 0
2664 0.4907544789705922 0.4305798258098201 0
2665 0.4858346675803669 0.4206039932235427 0
2666 0.4646546522612004 0.4193126647050615 0
2667 0.445127555171589 0.4235325858115406 0
2668 0.5218634704490577 0.4350833402816379 0
2669 0.5048920977202521 0.424136098521758 0
2670 0.4520953521349557 0.4283614727899664 0
$EndNodes
$Elements
5340
1 15 2 6 11 11
2 15 2 7 14 14
3 1 2 5 5 5 86
4 1 2 5 5 86 87
5 1 2 5 5 87 88
6 1 2 5 5 88 89
7 1 2 5 5 89 90
8 1 2 5 5 90 91
9 1 2 5 5 91 92
10 1 2 5 5 92 93
11 1 2 5 5 93 94
12 1 2 5 5 94 95
13 1 2 5 5 95 96
14 1 2 5 5 96 97
15 1 2 5 5 97 98
16 1 2 5 5 98 99
17 1 2 5 5 99 100
18 1 2 5 5 100 101
19 1 2 5 5 101 102
20 1 2 5 5 102 103
21 1 2 5 5 103 104
22 1 2 5 5 104 105
23 1 2 5 5 105 106
24 1 2 5 5 106 107
25 1 2 5 5 107 108
26 1 2 5 5 108 109
27 1 2 5 5 109 110
28 1 2 5 5 110 111
29 1 2 5 5 111 112
30 1 2 5 5 112 113
31 1 2 5 5 113 114
32 1 2 5 5 114 115
33 1 2 5 5 115 116
34 1 2 5 5 116 117
35 1 2 5 5 117 118
36 1 2 5 5 118 119
37 1 2 5 5 119 120
38 1 2 5 5 120 121
39 1 2 5 5 121 122
40 1 2 5 5 122 123
41 1 2 5 5 123 124
42 1 2 5 5 124 125
43 1 2 5 5 125 126
44 1 2 5 5 126 127
45 1 2 5 5 127 128
46 1 2 5 5 128 129
47 1 2 5 5 129 130
48 1 2 5 5 130 131
49 1 2 5 5 131 132
50 1 2 5 5 132 133
51 1 2 5 5 133 134
52 1 2 5 5 134 135
53 1 2 5 5 135 136
54 1 2 5 5 136 137
55 1 2 5 5 137 138
56 1 2 5 5 138 139
57 1 2 5 5 139 140
58 1 2 5 5 140 141
59 1 2 5 5 141 142
60 1 2 5 5 142 6
61 1 2 4 9 8 187
62 1 2 4 9 187 188
63 1 2 4 9 188 189
64 1 2 4 9 189 9
65 1 2 4 10 9 190
66 1 2 4 10 190 191
67 1 2 4 10 191 192
68 1 2 4 10 192 193
69 1 2 4 10 193 194
70 1 2 4 10 194 195
71 1 2 4 10 195 196
72 1 2 4 10 196 197
73 1 2 4 10 197 198
74 1 2 4 10 198 199
75 1 2 4 10 199 200
76 1 2 4 10 200 201
77 1 2 4 10 201 202
78 1 2 4 10 202 203
79 1 2 4 10 203 204
80 1 2 4 10 204 205
81 1 2 4 10 205 206
82 1 2 4 10 206 207
83 1 2 4 10 207 208
84 1 2 4 10 208 209
85 1 2 4 10 209 210
86 1 2 4 10 210 211
87 1 2 4 10 211 212
88 1 2 4 10 212 213
89 1 2 4 10 213 214
90 1 2 4 10 214 215
91 1 2 4 10 215 216
92 1 2 4 10 216 217
93 1 2 4 10 217 218
94 1 2 4 10 218 219
95 1 2 4 10 219 220
96 1 2 4 10 220 221
97 1 2 4 10 221 222
98 1 2 4 10 222 223
99 1 2 4 10 223 224
100 1 2 4 10 224 225
101 1 2 4 10 225 226
102 1 2 4 10 226 227
103 1 2 4 10 227 228
104 1 2 4 10 228 229
105 1 2 4 10 229 230
106 1 2 4 10 230 231
107 1 2 4 10 231 232
108 1 2 4 10 232 233
109 1 2 4 10 233 234
110 1 2 4 10 234 235
111 1 2 4 10 235 236
112 1 2 4 10 236 237
113 1 2 4 10 237 238
114 1 2 4 10 238 10
115 1 2 5 11 10 239
116 1 2 5 11 239 240
117 1 2 5 11 240 241
118 1 2 5 11 241 242
119 1 2 5 11 242 243
120 1 2 5 11 243 5
121 1 2 4 12 11 244
122 1 2 4 12 244 245
123 1 2 4 12 245 246
124 1 2 4 12 246 247
125 1 2 4 12 247 248
126 1 2 4 12 248 249
127 1 2 4 12 249 250
128 1 2 4 12 250 251
129 1 2 4 12 251 252
130 1 2 4 12 252 253
131 1 2 4 12 253 12
132 1 2 5 14 6 258
133 1 2 5 14 258 259
134 1 2 5 14 259 260
135 1 2 5 14 260 261
136 1 2 5 14 261 13
137 1 2 4 15 13 262
138 1 2 4 15 262 263
139 1 2 4 15 263 264
140 1 2 4 15 264 265
141 1 2 4 15 265 266
142 1 2 4 15 266 267
143 1 2 4 15 267 268
144 1 2 4 15 268 269
145 1 2 4 15 269 270
146 1 2 4 15 270 271
147 1 2 4 15 271 272
148 1 2 4 15 272 273
149 1 2 4 15 273 274
150 1 2 4 15 274 275
151 1 2 4 15 275 276
152 1 2 4 15 276 277
153 1 2 4 15 277 278
154 1 2 4 15 278 279
155 1 2 4 15 279 280
156 1 2 4 15 280 281
157 1 2 4 15 281 282
158 1 2 4 15 282 283
159 1 2 4 15 283 284
160 1 2 4 15 284 285
161 1 2 4 15 285 286
162 1 2 4 15 286 287
163 1 2 4 15 287 288
164 1 2 4 15 288 289
165 1 2 4 15 289 290
166 1 2 4 15 290 291
167 1 2 4 15 291 292
168 1 2 4 15 292 293
169 1 2 4 15 293 294
170 1 2 4 15 294 295
171 1 2 4 15 295 14
172 1 2 4 16 14 296
173 1 2 4 16 296 297
174 1 2 4 16 297 298
175 1 2 4 16 298 299
176 1 2 4 16 299 300
177 1 2 4 16 300 301
178 1 2 4 16 301 302
179 1 2 4 16 302 303
180 1 2 4 16 303 304
181 1 2 4 16 304 305
182 1 2 4 16 305 306
183 1 2 4 16 306 307
184 1 2 4 16 307 308
185 1 2 4 16 308 11
186 1 2 4 19 12 318
187 1 2 4 19 318 319
188 1 2 4 19 319 320
189 1 2 4 19 320 321
190 1 2 4 19 321 322
191 1 2 4 19 322 323
192 1 2 4 19 323 16
193 1 2 4 20 16 324
194 1 2 4 20 324 325
195 1 2 4 20 325 326
196 1 2 4 20 326 327
197 1 2 4 20 327 328
198 1 2 4 20 328 329
199 1 2 4 20 329 8
200 2 2 1 1 1613 1614 1054
201 2 2 1 1 1312 1706 386
202 2 2 1 1 346 1760 1581
203 2 2 1 1 1220 1998 1317
204 2 2 1 1 1314 1777 345
205 2 2 1 1 359 2037 1387
206 2 2 1 1 332 2029 1522
207 2 2 1 1 386 2009 1312
208 2 2 1 1 1089 1824 1430
209 2 2 1 1 129 1345 128
210 2 2 1 1 350 2049 1645
211 2 2 1 1 346 2059 1760
212 2 2 1 1 1317 1998 330
213 2 2 1 1 1299 1622 1300
214 2 2 1 1 1608 2020 1983
215 2 2 1 1 1645 2049 1644
216 2 2 1 1 1317 1415 1220
217 2 2 1 1 1320 1338 367
218 2 2 1 1 1387 2037 1388
219 2 2 1 1 1430 1824 1431
220 2 2 1 1 1853 2008 1291
221 2 2 1 1 1688 2027 1515
222 2 2 1 1 1569 1974 1051
223 2 2 1 1 1291 2041 1853
224 2 2 1 1 1614 1615 1054
225 2 2 1 1 1290 1816 1486
226 2 2 1 1 1315 2053 375
227 2 2 1 1 367 2094 1320
228 2 2 1 1 345 1999 1314
229 2 2 1 1 1054 2077 1613
230 2 2 1 1 338 1843 1664
231 2 2 1 1 376 1521 1353
232 2 2 1 1 34 1317 330
233 2 2 1 1 36 1318 362
234 2 2 1 1 1326 1327 342
235 2 2 1 1 1537 1538 394
236 2 2 1 1 376 1522 1521
237 2 2 1 1 1318 2025 1214
238 2 2 1 1 394 2134 1537
239 2 2 1 1 1299 2107 1622
240 2 2 1 1 2046 2073 50
241 2 2 1 1 144 2030 353
242 2 2 1 1 171 2146 1361
243 2 2 1 1 337 1345 129
244 2 2 1 1 1214 2036 1318
245 2 2 1 1 1045 2031 1989
246 2 2 1 1 1335 1626 1625
247 2 2 1 1 1431 1824 1045
248 2 2 1 1 1327 1328 342
249 2 2 1 1 171 1361 172
250 2 2 1 1 1989 2031 1437
251 2 2 1 1 1835 1873 1250
252 2 2 1 1 2024 2051 1273
253 2 2 1 1 354 2027 1688
254 2 2 1 1 1289 2059 1564
255 2 2 1 1 175 1478 176
256 2 2 1 1 1351 2120 1226
257 2 2 1 1 1045 1989 1431
258 2 2 1 1 1376 2057 2011
259 2 2 1 1 1983 2020 1050
260 2 2 1 1 1576 2073 2046
261 2 2 1 1 1873 2050 1250
262 2 2 1 1 40 1350 3
263 2 2 1 1 375 2054 1315
264 2 2 1 1 1353 1936 376
265 2 2 1 1 1336 1712 339
266 2 2 1 1 334 1626 1335
267 2 2 1 1 1679 2017 1310
268 2 2 1 1 1153 2029 1598
269 2 2 1 1 1481 2028 1044
270 2 2 1 1 338 2068 1843
271 2 2 1 1 1321 2038 169
272 2 2 1 1 1226 2128 1351
273 2 2 1 1 3 1350 38
274 2 2 1 1 1598 2029 332
275 2 2 1 1 942 2062 2032
276 2 2 1 1 1228 1936 1353
277 2 2 1 1 1323 1338 1055
278 2 2 1 1 401 1359 399
279 2 2 1 1 1570 1974 1569
280 2 2 1 1 1249 1338 1323
281 2 2 1 1 1328 2056 381
282 2 2 1 1 1522 2029 1521
283 2 2 1 1 1537 2134 1536
284 2 2 1 1 1235 1890 1360
285 2 2 1 1 1646 2103 1660
286 2 2 1 1 1660 2096 1646
287 2 2 1 1 1363 1836 341
288 2 2 1 1 398 1320 29
289 2 2 1 1 169 2122 1321
290 2 2 1 1 2058 2116 972
291 2 2 1 1 1609 2116 2058
292 2 2 1 1 1751 2072 1617
293 2 2 1 1 865 2004 864
294 2 2 1 1 1598 2132 1153
295 2 2 1 1 1318 2036 362
296 2 2 1 1 1345 2054 128
297 2 2 1 1 1617 2085 1751
298 2 2 1 1 1275 2055 1585
299 2 2 1 1 1055 1359 1323
300 2 2 1 1 1564 2063 1289
301 2 2 1 1 515 1955 1929
302 2 2 1 1 1319 2044 343
303 2 2 1 1 1336 1713 1712
304 2 2 1 1 1331 2135 361
305 2 2 1 1 2031 2043 1437
306 2 2 1 1 353 2030 1375
307 2 2 1 1 1044 2133 1481
308 2 2 1 1 1228 2021 1936
309 2 2 1 1 1324 2124 340
310 2 2 1 1 1612 1613 1306
311 2 2 1 1 1478 2110 176
312 2 2 1 1 381 2090 1328
313 2 2 1 1 1585 2101 1275
314 2 2 1 1 1479 2024 1212
315 2 2 1 1 1486 2045 1290
316 2 2 1 1 1437 2043 1438
317 2 2 1 1 1611 1612 1306
318 2 2 1 1 1709 2085 2012
319 2 2 1 1 678 1360 1330
320 2 2 1 1 366 2051 2024
321 2 2 1 1 1336 2021 1228
322 2 2 1 1 159 1522 160
323 2 2 1 1 1727 2137 1683
324 2 2 1 1 2011 2057 364
325 2 2 1 1 1051 2113 1569
326 2 2 1 1 343 2121 1319
327 2 2 1 1 1636 2056 2005
328 2 2 1 1 53 2135 1333
329 2 2 1 1 1210 1961 1633
330 2 2 1 1 358 2146 171
331 2 2 1 1 1330 1359 678
332 2 2 1 1 1333 2083 53
333 2 2 1 1 1320 2094 29
334 2 2 1 1 1312 2009 1311
335 2 2 1 1 1311 2069 344
336 2 2 1 1 1363 2080 1836
337 2 2 1 1 1360 1890 1330
338 2 2 1 1 1337 1955 515
339 2 2 1 1 45 1539 46
340 2 2 1 1 515 1453 1337
341 2 2 1 1 1334 1584 378
342 2 2 1 1 400 2141 1322
343 2 2 1 1 1608 1983 1609
344 2 2 1 1 390 1963 1837
345 2 2 1 1 2005 2084 1636
346 2 2 1 1 5 86 41
347 2 2 1 1 1316 1322 32
348 2 2 1 1 1337 1453 1219
349 2 2 1 1 1322 2066 400
350 2 2 1 1 344 2137 1311
351 2 2 1 1 1298 2068 1655
352 2 2 1 1 2032 2062 1562
353 2 2 1 1 340 2035 1324
354 2 2 1 1 1333 2135 1331
355 2 2 1 1 399 1359 1055
356 2 2 1 1 1561 2062 1301
357 2 2 1 1 1277 1830 1667
358 2 2 1 1 2012 2106 1709
359 2 2 1 1 411 1454 409
360 2 2 1 1 1536 2134 43
361 2 2 1 1 1290 2063 1816
362 2 2 1 1 385 2017 1679
363 2 2 1 1 1308 1725 1398
364 2 2 1 1 678 1359 401
365 2 2 1 1 429 1988 427
366 2 2 1 1 1538 1540 1539
367 2 2 1 1 1809 1901 451
368 2 2 1 1 1650 1651 1279
369 2 2 1 1 1305 1915 1304
370 2 2 1 1 69 2124 1325
371 2 2 1 1 366 2024 1479
372 2 2 1 1 43 2105 1536
373 2 2 1 1 363 1614 1613
374 2 2 1 1 375 2053 1560
375 2 2 1 1 1791 1809 451
376 2 2 1 1 364 2026 2011
377 2 2 1 1 30 398 29
378 2 2 1 1 1683 2137 344
379 2 2 1 1 362 1415 1317
380 2 2 1 1 1082 1341 1083
381 2 2 1 1 1083 1341 1340
382 2 2 1 1 2039 2052 1712
383 2 2 1 1 864 2004 1398
384 2 2 1 1 1683 2016 1727
385 2 2 1 1 1339 1809 1791
386 2 2 1 1 363 1613 1612
387 2 2 1 1 2009 2069 1311
388 2 2 1 1 1302 2022 1840
389 2 2 1 1 1339 1791 692
390 2 2 1 1 1350 2082 1351
391 2 2 1 1 1073 1695 1075
392 2 2 1 1 29 2094 1
393 2 2 1 1 1777 2097 345
394 2 2 1 1 361 2023 1331
395 2 2 1 1 992 1343 993
396 2 2 1 1 1655 2089 1298
397 2 2 1 1 1929 1955 1360
398 2 2 1 1 33 1316 32
399 2 2 1 1 35 1317 34
400 2 2 1 1 37 1318 36
401 2 2 1 1 1325 2078 69
402 2 2 1 1 1633 2112 1210
403 2 2 1 1 1340 1342 1083
404 2 2 1 1 332 1522 159
405 2 2 1 1 160 1522 376
406 2 2 1 1 457 1421 431
407 2 2 1 1 1343 1963 1344
408 2 2 1 1 1779 1925 1222
409 2 2 1 1 1269 2052 2039
410 2 2 1 1 1949 2005 892
411 2 2 1 1 342 2040 1326
412 2 2 1 1 1360 1955 1235
413 2 2 1 1 1840 2125 1302
414 2 2 1 1 1540 2102 1305
415 2 2 1 1 1249 2050 1338
416 2 2 1 1 774 1693 1346
417 2 2 1 1 1250 2050 1249
418 2 2 1 1 1614 1616 1615
419 2 2 1 1 1334 1585 1584
420 2 2 1 1 1343 1344 993
421 2 2 1 1 46 1539 391
422 2 2 1 1 394 1539 45
423 2 2 1 1 673 1859 1364
424 2 2 1 1 2082 2120 1351
425 2 2 1 1 1622 2015 1300
426 2 2 1 1 364 2065 2026
427 2 2 1 1 1069 1792 1071
428 2 2 1 1 143 2030 144
429 2 2 1 1 892 2005 2004
430 2 2 1 1 1453 1454 1219
431 2 2 1 1 1663 1724 380
432 2 2 1 1 1082 1364 1341
433 2 2 1 1 409 1454 1453
434 2 2 1 1 1706 2088 386
435 2 2 1 1 451 1901 1454
436 2 2 1 1 1325 2124 1324
437 2 2 1 1 1538 2102 1540
438 2 2 1 1 451 1454 411
439 2 2 1 1 363 1903 1614
440 2 2 1 1 892 2004 865
441 2 2 1 1 1625 2042 1335
442 2 2 1 1 520 1954 688
443 2 2 1 1 425 1694 423
444 2 2 1 1 1398 1725 864
445 2 2 1 1 1327 1329 1328
446 2 2 1 1 1212 2114 1479
447 2 2 1 1 1308 1398 1327
448 2 2 1 1 692 1792 1339
449 2 2 1 1 1876 1880 1444
450 2 2 1 1 1562 2062 1561
451 2 2 1 1 958 1880 1876
452 2 2 1 1 1564 2059 346
453 2 2 1 1 1614 1903 1616
454 2 2 1 1 1963 2126 1837
455 2 2 1 1 1349 1355 768
456 2 2 1 1 768 1366 1349
457 2 2 1 1 1538 1539 394
458 2 2 1 1 1222 1792 1779
459 2 2 1 1 1421 1988 429
460 2 2 1 1 1222 1695 1073
461 2 2 1 1 1310 2130 1679
462 2 2 1 1 1075 1695 1631
463 2 2 1 1 1444 1874 776
464 2 2 1 1 1083 1343 992
465 2 2 1 1 453 1694 1631
466 2 2 1 1 1222 1925 1695
467 2 2 1 1 1891 1956 1366
468 2 2 1 1 2032 2144 1172
469 2 2 1 1 1426 1884 1874
470 2 2 1 1 1346 1694 774
471 2 2 1 1 339 2021 1336
472 2 2 1 1 1874 1884 776
473 2 2 1 1 950 1806 1347
474 2 2 1 1 776 1876 1444
475 2 2 1 1 1348 1804 1347
476 2 2 1 1 1347 1804 950
477 2 2 1 1 1845 2017 2000
478 2 2 1 1 950 1813 1806
479 2 2 1 1 1364 1859 1341
480 2 2 1 1 431 1421 429
481 2 2 1 1 1806 1813 1593
482 2 2 1 1 768 1421 457
483 2 2 1 1 1426 1887 511
484 2 2 1 1 1488 1894 1887
485 2 2 1 1 1887 1894 511
486 2 2 1 1 1918 1927 1371
487 2 2 1 1 1562 2144 2032
488 2 2 1 1 1537 1919 1538
489 2 2 1 1 1392 1913 1895
490 2 2 1 1 1895 1913 691
491 2 2 1 1 511 1884 1426
492 2 2 1 1 1354 1364 1084
493 2 2 1 1 1084 1365 1354
494 2 2 1 1 1571 2113 1233
495 2 2 1 1 1339 1792 1069
496 2 2 1 1 1323 1359 1330
497 2 2 1 1 1071 1792 1222
498 2 2 1 1 688 1954 1373
499 2 2 1 1 1392 1898 452
500 2 2 1 1 1631 1695 453
501 2 2 1 1 1231 1910 1367
502 2 2 1 1 1915 2099 1304
503 2 2 1 1 1488 1895 691
504 2 2 1 1 1667 2086 1277
505 2 2 1 1 691 1894 1488
506 2 2 1 1 1316 1352 1322
507 2 2 1 1 551 1369 1367
508 2 2 1 1 1947 2006 1207
509 2 2 1 1 1515 2119 1688
510 2 2 1 1 996 1713 1134
511 2 2 1 1 1365 1854 1409
512 2 2 1 1 423 1694 453
513 2 2 1 1 845 1997 1938
514 2 2 1 1 774 1694 425
515 2 2 1 1 551 1370 1369
516 2 2 1 1 1204 1987 1935
517 2 2 1 1 673 1364 1354
518 2 2 1 1 1322 2141 32
519 2 2 1 1 440 1378 442
520 2 2 1 1 678 1929 1360
521 2 2 1 1 1367 1910 551
522 2 2 1 1 1554 1971 1928
523 2 2 1 1 1232 1902 1898
524 2 2 1 1 1898 1902 452
525 2 2 1 1 427 1988 774
526 2 2 1 1 452 1913 1392
527 2 2 1 1 442 1378 448
528 2 2 1 1 1358 1379 448
529 2 2 1 1 1615 2018 1054
530 2 2 1 1 448 1378 1358
531 2 2 1 1 1651 2060 1279
532 2 2 1 1 1084 1854 1365
533 2 2 1 1 38 1350 370
534 2 2 1 1 1281 1941 1938
535 2 2 1 1 1238 1942 1941
536 2 2 1 1 1238 1941 1281
537 2 2 1 1 1257 1942 1238
538 2 2 1 1 1362 1414 1092
539 2 2 1 1 1500 1881 1501
540 2 2 1 1 1634 2084 1285
541 2 2 1 1 1356 1904 1232
542 2 2 1 1 1232 1904 1902
543 2 2 1 1 1342 1343 1083
544 2 2 1 1 1366 1956 1349
545 2 2 1 1 1350 1351 370
546 2 2 1 1 1401 1861 754
547 2 2 1 1 1100 1511 1399
548 2 2 1 1 1399 1511 1379
549 2 2 1 1 1363 1414 1362
550 2 2 1 1 1494 1877 1491
551 2 2 1 1 654 1380 673
552 2 2 1 1 433 1370 436
553 2 2 1 1 1428 2146 358
554 2 2 1 1 1100 1394 1099
555 2 2 1 1 1396 1847 741
556 2 2 1 1 1100 1399 1394
557 2 2 1 1 1384 1916 1382
558 2 2 1 1 1099 1395 1102
559 2 2 1 1 1394 1395 1099
560 2 2 1 1 465 1366 768
561 2 2 1 1 1616 1617 1615
562 2 2 1 1 1344 2080 1363
563 2 2 1 1 472 1366 465
564 2 2 1 1 1501 1881 773
565 2 2 1 1 436 1370 551
566 2 2 1 1 1344 1362 993
567 2 2 1 1 1380 1859 673
568 2 2 1 1 1449 1469 578
569 2 2 1 1 648 1904 1356
570 2 2 1 1 496 1595 507
571 2 2 1 1 1389 1777 1203
572 2 2 1 1 1402 1546 1368
573 2 2 1 1 1355 1421 768
574 2 2 1 1 1179 1391 1390
575 2 2 1 1 1381 1761 1397
576 2 2 1 1 648 1927 1918
577 2 2 1 1 1968 2002 1205
578 2 2 1 1 1397 1761 1155
579 2 2 1 1 1448 1951 1447
580 2 2 1 1 1179 1390 909
581 2 2 1 1 1631 1694 1346
582 2 2 1 1 997 1713 996
583 2 2 1 1 1134 1713 1336
584 2 2 1 1 600 1761 1381
585 2 2 1 1 1779 1792 692
586 2 2 1 1 1396 1861 1401
587 2 2 1 1 32 2141 31
588 2 2 1 1 1381 1382 600
589 2 2 1 1 1409 1469 1365
590 2 2 1 1 799 1393 821
591 2 2 1 1 1966 1968 1205
592 2 2 1 1 1327 1398 1329
593 2 2 1 1 806 1803 1579
594 2 2 1 1 351 398 30
595 2 2 1 1 182 364 7
596 2 2 1 1 1316 2093 1352
597 2 2 1 1 1215 1579 1372
598 2 2 1 1 1092 1393 1362
599 2 2 1 1 1379 1771 1399
600 2 2 1 1 674 1380 654
601 2 2 1 1 1358 1771 1379
602 2 2 1 1 1408 1863 1254
603 2 2 1 1 1151 1226 1150
604 2 2 1 1 1385 1386 1149
605 2 2 1 1 177 369 178
606 2 2 1 1 1084 1364 1082
607 2 2 1 1 403 1929 678
608 2 2 1 1 1372 1415 1215
609 2 2 1 1 1179 1392 1391
610 2 2 1 1 554 1877 1494
611 2 2 1 1 821 1393 1092
612 2 2 1 1 1357 1546 1402
613 2 2 1 1 1395 1847 1396
614 2 2 1 1 1371 1927 1402
615 2 2 1 1 1365 1469 1449
616 2 2 1 1 693 1594 1413
617 2 2 1 1 1413 1594 1384
618 2 2 1 1 1378 1910 1231
619 2 2 1 1 847 1393 799
620 2 2 1 1 1379 1766 448
621 2 2 1 1 529 1954 520
622 2 2 1 1 1489 1820 1121
623 2 2 1 1 1087 1400 1302
624 2 2 1 1 1123 1922 1845
625 2 2 1 1 1382 1916 600
626 2 2 1 1 1511 1766 1379
627 2 2 1 1 775 1863 1408
628 2 2 1 1 1147 1385 1149
629 2 2 1 1 1423 1850 1833
630 2 2 1 1 688 1956 1891
631 2 2 1 1 1148 1150 1147
632 2 2 1 1 1037 1400 1087
633 2 2 1 1 1440 1817 1108
634 2 2 1 1 1395 1396 1102
635 2 2 1 1 1416 1759 1417
636 2 2 1 1 1390 1455 909
637 2 2 1 1 1156 1759 1416
638 2 2 1 1 1203 1833 1389
639 2 2 1 1 495 1420 493
640 2 2 1 1 1949 2007 1284
641 2 2 1 1 806 1579 1441
642 2 2 1 1 599 1968 1966
643 2 2 1 1 494 1595 496
644 2 2 1 1 351 399 398
645 2 2 1 1 1369 1402 1368
646 2 2 1 1 507 1595 1594
647 2 2 1 1 1900 1920 1529
648 2 2 1 1 31 351 30
649 2 2 1 1 1417 1759 503
650 2 2 1 1 1236 1489 1455
651 2 2 1 1 1645 1646 350
652 2 2 1 1 1370 1371 1369
653 2 2 1 1 884 1037 828
654 2 2 1 1 1093 1414 1250
655 2 2 1 1 503 1419 1417
656 2 2 1 1 1127 1740 1532
657 2 2 1 1 180 396 181
658 2 2 1 1 1236 1455 1390
659 2 2 1 1 1301 2092 1561
660 2 2 1 1 1428 1439 1313
661 2 2 1 1 2000 2017 385
662 2 2 1 1 769 1743 1533
663 2 2 1 1 1179 1898 1392
664 2 2 1 1 1411 1551 1007
665 2 2 1 1 1356 1927 648
666 2 2 1 1 1313 1439 1213
667 2 2 1 1 1344 1363 1362
668 2 2 1 1 1397 1881 1500
669 2 2 1 1 1579 1803 1372
670 2 2 1 1 1878 1918 1371
671 2 2 1 1 1420 1817 1440
672 2 2 1 1 353 1410 145
673 2 2 1 1 1833 1850 1149
674 2 2 1 1 1370 1878 1371
675 2 2 1 1 741 1861 1396
676 2 2 1 1 472 1891 1366
677 2 2 1 1 571 1427 573
678 2 2 1 1 1037 1086 828
679 2 2 1 1 440 1910 1378
680 2 2 1 1 1413 1857 693
681 2 2 1 1 1236 1820 1489
682 2 2 1 1 769 1533 1532
683 2 2 1 1 573 1427 576
684 2 2 1 1 1093 1250 1249
685 2 2 1 1 637 1409 666
686 2 2 1 1 1406 1427 1403
687 2 2 1 1 569 1403 571
688 2 2 1 1 1441 1782 806
689 2 2 1 1 1412 1551 1411
690 2 2 1 1 1092 1414 1093
691 2 2 1 1 1129 1528 1527
692 2 2 1 1 399 1055 398
693 2 2 1 1 493 1420 503
694 2 2 1 1 828 1380 674
695 2 2 1 1 148 1422 343
696 2 2 1 1 1406 1905 1427
697 2 2 1 1 1037 1087 1086
698 2 2 1 1 1185 1425 1424
699 2 2 1 1 1539 1540 391
700 2 2 1 1 654 673 634
701 2 2 1 1 542 1869 1475
702 2 2 1 1 1234 1879 1838
703 2 2 1 1 1935 1987 510
704 2 2 1 1 671 847 799
705 2 2 1 1 1423 1829 1244
706 2 2 1 1 817 828 674
707 2 2 1 1 671 799 667
708 2 2 1 1 821 1092 969
709 2 2 1 1 1365 1449 1354
710 2 2 1 1 453 1925 421
711 2 2 1 1 1493 1907 1494
712 2 2 1 1 666 671 667
713 2 2 1 1 1527 1530 1129
714 2 2 1 1 1595 1916 1384
715 2 2 1 1 620 634 594
716 2 2 1 1 1496 1551 1412
717 2 2 1 1 1185 1424 1106
718 2 2 1 1 1466 1728 1464
719 2 2 1 1 573 575 574
720 2 2 1 1 594 1449 578
721 2 2 1 1 1403 1427 571
722 2 2 1 1 1087 1302 1286
723 2 2 1 1 1604 1749 1605
724 2 2 1 1 992 993 847
725 2 2 1 1 1491 1877 1475
726 2 2 1 1 825 1871 1838
727 2 2 1 1 1055 1338 1320
728 2 2 1 1 1004 1728 1466
729 2 2 1 1 1546 1780 861
730 2 2 1 1 433 1878 1370
731 2 2 1 1 1605 1749 745
732 2 2 1 1 1146 1782 1441
733 2 2 1 1 1185 1426 1425
734 2 2 1 1 571 573 572
735 2 2 1 1 1226 1303 1150
736 2 2 1 1 620 654 634
737 2 2 1 1 1088 1400 1037
738 2 2 1 1 575 579 574
739 2 2 1 1 1148 1151 1150
740 2 2 1 1 1435 1669 704
741 2 2 1 1 1928 1971 1188
742 2 2 1 1 1030 1447 1446
743 2 2 1 1 578 1469 575
744 2 2 1 1 1237 1669 1435
745 2 2 1 1 666 667 665
746 2 2 1 1 1235 1879 1234
747 2 2 1 1 1411 1489 1121
748 2 2 1 1 1087 1286 1221
749 2 2 1 1 1532 1740 769
750 2 2 1 1 1007 1489 1411
751 2 2 1 1 579 1409 637
752 2 2 1 1 1092 1093 969
753 2 2 1 1 637 666 665
754 2 2 1 1 1030 1446 1445
755 2 2 1 1 967 1829 1423
756 2 2 1 1 1429 1430 371
757 2 2 1 1 1432 1436 152
758 2 2 1 1 1594 1595 1384
759 2 2 1 1 579 1469 1409
760 2 2 1 1 569 571 570
761 2 2 1 1 1424 1497 1106
762 2 2 1 1 687 1450 570
763 2 2 1 1 1599 1828 1686
764 2 2 1 1 573 574 572
765 2 2 1 1 1464 1728 1008
766 2 2 1 1 1462 1464 1008
767 2 2 1 1 848 1445 849
768 2 2 1 1 1867 1869 542
769 2 2 1 1 150 1429 371
770 2 2 1 1 503 1420 1419
771 2 2 1 1 991 992 847
772 2 2 1 1 1862 1872 1006
773 2 2 1 1 1401 1920 1900
774 2 2 1 1 151 1432 152
775 2 2 1 1 1127 1532 1129
776 2 2 1 1 773 1892 1501
777 2 2 1 1 1254 1863 1416
778 2 2 1 1 495 1817 1420
779 2 2 1 1 1030 1445 848
780 2 2 1 1 1082 1083 992
781 2 2 1 1 849 1445 1433
782 2 2 1 1 1938 1997 1281
783 2 2 1 1 1388 2037 1507
784 2 2 1 1 693 1857 1549
785 2 2 1 1 1456 1496 1412
786 2 2 1 1 636 1508 574
787 2 2 1 1 1550 1864 1108
788 2 2 1 1 407 1453 515
789 2 2 1 1 146 1410 372
790 2 2 1 1 481 1891 472
791 2 2 1 1 571 572 570
792 2 2 1 1 1499 1546 861
793 2 2 1 1 1462 1717 1460
794 2 2 1 1 153 1436 336
795 2 2 1 1 527 1549 533
796 2 2 1 1 1433 1451 849
797 2 2 1 1 1270 1698 781
798 2 2 1 1 993 1393 847
799 2 2 1 1 1128 1530 1143
800 2 2 1 1 1040 2006 1947
801 2 2 1 1 1008 1717 1462
802 2 2 1 1 1531 1702 839
803 2 2 1 1 574 1508 572
804 2 2 1 1 1616 1903 1649
805 2 2 1 1 378 2061 1334
806 2 2 1 1 144 353 145
807 2 2 1 1 1838 1871 1234
808 2 2 1 1 570 1450 568
809 2 2 1 1 569 570 568
810 2 2 1 1 372 1422 147
811 2 2 1 1 1055 1320 398
812 2 2 1 1 1439 1860 1213
813 2 2 1 1 1108 1864 1440
814 2 2 1 1 1409 1854 666
815 2 2 1 1 1150 1385 1147
816 2 2 1 1 579 637 636
817 2 2 1 1 1357 1780 1546
818 2 2 1 1 861 1555 1499
819 2 2 1 1 884 1088 1037
820 2 2 1 1 1475 1869 1251
821 2 2 1 1 1129 1530 1128
822 2 2 1 1 1066 1879 1337
823 2 2 1 1 576 578 575
824 2 2 1 1 1481 1483 1482
825 2 2 1 1 928 1448 910
826 2 2 1 1 1443 1444 1209
827 2 2 1 1 1436 1437 336
828 2 2 1 1 1001 1443 1209
829 2 2 1 1 1106 1497 841
830 2 2 1 1 593 594 578
831 2 2 1 1 1213 1860 957
832 2 2 1 1 146 372 147
833 2 2 1 1 1129 1532 1528
834 2 2 1 1 1460 1717 1239
835 2 2 1 1 1845 1922 1206
836 2 2 1 1 799 821 820
837 2 2 1 1 522 1588 536
838 2 2 1 1 1459 1460 1239
839 2 2 1 1 407 515 405
840 2 2 1 1 926 1720 1719
841 2 2 1 1 586 1403 569
842 2 2 1 1 567 569 568
843 2 2 1 1 1087 1221 1086
844 2 2 1 1 920 1719 922
845 2 2 1 1 1592 1669 1237
846 2 2 1 1 1586 1825 1542
847 2 2 1 1 1412 1765 1456
848 2 2 1 1 1456 1765 727
849 2 2 1 1 138 1482 355
850 2 2 1 1 343 1429 149
851 2 2 1 1 1010 1492 888
852 2 2 1 1 139 1482 138
853 2 2 1 1 152 1436 153
854 2 2 1 1 673 1354 634
855 2 2 1 1 894 1868 1864
856 2 2 1 1 1442 1708 1590
857 2 2 1 1 585 1465 1463
858 2 2 1 1 1371 1402 1369
859 2 2 1 1 637 665 664
860 2 2 1 1 703 1592 1590
861 2 2 1 1 1155 1881 1397
862 2 2 1 1 1435 1749 1604
863 2 2 1 1 1152 1579 1215
864 2 2 1 1 655 674 654
865 2 2 1 1 817 884 828
866 2 2 1 1 148 343 149
867 2 2 1 1 1404 1406 1403
868 2 2 1 1 1529 1862 1006
869 2 2 1 1 1458 1757 1154
870 2 2 1 1 1548 1757 1458
871 2 2 1 1 1286 1340 1221
872 2 2 1 1 690 1648 632
873 2 2 1 1 839 1686 1531
874 2 2 1 1 1408 1869 1867
875 2 2 1 1 703 1669 1592
876 2 2 1 1 1590 1708 703
877 2 2 1 1 1191 1495 1204
878 2 2 1 1 893 1852 803
879 2 2 1 1 1010 1493 1492
880 2 2 1 1 1240 1766 1511
881 2 2 1 1 693 1549 527
882 2 2 1 1 619 620 594
883 2 2 1 1 1240 1511 1510
884 2 2 1 1 1552 1732 1452
885 2 2 1 1 704 1749 1435
886 2 2 1 1 671 991 847
887 2 2 1 1 1468 1470 1016
888 2 2 1 1 1492 1494 1491
889 2 2 1 1 1396 1401 1102
890 2 2 1 1 1016 1470 584
891 2 2 1 1 767 1708 1442
892 2 2 1 1 1204 1495 1490
893 2 2 1 1 1677 1702 1525
894 2 2 1 1 1686 1828 1531
895 2 2 1 1 145 1410 146
896 2 2 1 1 1475 1877 542
897 2 2 1 1 575 1469 579
898 2 2 1 1 1587 1798 1534
899 2 2 1 1 1239 1696 1459
900 2 2 1 1 1768 1786 1656
901 2 2 1 1 1463 1467 585
902 2 2 1 1 1530 1531 1143
903 2 2 1 1 1533 1872 1862
904 2 2 1 1 1472 1691 1112
905 2 2 1 1 928 1517 1448
906 2 2 1 1 1387 1388 1386
907 2 2 1 1 533 1549 585
908 2 2 1 1 1442 1721 767
909 2 2 1 1 1530 1702 1531
910 2 2 1 1 991 1082 992
911 2 2 1 1 1408 1867 775
912 2 2 1 1 738 1545 743
913 2 2 1 1 742 1600 1144
914 2 2 1 1 910 1448 1030
915 2 2 1 1 841 1497 752
916 2 2 1 1 1471 1826 1756
917 2 2 1 1 1385 1387 1386
918 2 2 1 1 84 359 85
919 2 2 1 1 926 1719 920
920 2 2 1 1 1000 1443 1001
921 2 2 1 1 573 576 575
922 2 2 1 1 1457 1852 893
923 2 2 1 1 1118 1451 1119
924 2 2 1 1 1146 1441 1148
925 2 2 1 1 371 1432 151
926 2 2 1 1 1721 1756 767
927 2 2 1 1 1552 1784 640
928 2 2 1 1 1851 1857 1413
929 2 2 1 1 1423 1833 1203
930 2 2 1 1 1499 1555 1109
931 2 2 1 1 1482 1483 355
932 2 2 1 1 1119 1451 1433
933 2 2 1 1 1441 1579 1152
934 2 2 1 1 1093 1249 1094
935 2 2 1 1 147 1422 148
936 2 2 1 1 1018 1798 1587
937 2 2 1 1 1148 1441 1152
938 2 2 1 1 1348 2043 1804
939 2 2 1 1 150 371 151
940 2 2 1 1 1459 1696 1553
941 2 2 1 1 1001 1209 1208
942 2 2 1 1 1016 1471 1468
943 2 2 1 1 1695 1925 453
944 2 2 1 1 1601 1807 1556
945 2 2 1 1 1452 1732 1648
946 2 2 1 1 513 1588 522
947 2 2 1 1 743 1545 764
948 2 2 1 1 1471 1756 1721
949 2 2 1 1 1540 1541 391
950 2 2 1 1 1191 1745 1495
951 2 2 1 1 1030 1448 1447
952 2 2 1 1 1144 1782 1146
953 2 2 1 1 536 1588 1016
954 2 2 1 1 1017 1825 1586
955 2 2 1 1 1209 1288 1208
956 2 2 1 1 922 1719 1502
957 2 2 1 1 840 1000 856
958 2 2 1 1 559 1982 1978
959 2 2 1 1 761 1496 758
960 2 2 1 1 1043 1647 975
961 2 2 1 1 140 1476 373
962 2 2 1 1 1602 1822 1230
963 2 2 1 1 1588 1826 1471
964 2 2 1 1 1391 1487 1098
965 2 2 1 1 770 1733 1510
966 2 2 1 1 1347 1806 1097
967 2 2 1 1 395 1478 1477
968 2 2 1 1 821 969 968
969 2 2 1 1 1510 1733 1240
970 2 2 1 1 1458 1818 1247
971 2 2 1 1 1470 1472 584
972 2 2 1 1 345 1507 82
973 2 2 1 1 1425 1443 1000
974 2 2 1 1 1470 1691 1472
975 2 2 1 1 621 1498 566
976 2 2 1 1 849 1648 690
977 2 2 1 1 567 586 569
978 2 2 1 1 1452 1784 1552
979 2 2 1 1 1003 1491 1474
980 2 2 1 1 1858 1860 1439
981 2 2 1 1 888 1492 1003
982 2 2 1 1 615 1736 591
983 2 2 1 1 1476 1480 373
984 2 2 1 1 896 1775 1473
985 2 2 1 1 1066 1337 1219
986 2 2 1 1 585 1549 1465
987 2 2 1 1 753 840 756
988 2 2 1 1 679 1504 562
989 2 2 1 1 975 1647 974
990 2 2 1 1 1244 1850 1423
991 2 2 1 1 1514 1642 1516
992 2 2 1 1 403 678 401
993 2 2 1 1 428 1918 1878
994 2 2 1 1 1525 1702 1527
995 2 2 1 1 1455 1489 1007
996 2 2 1 1 572 687 570
997 2 2 1 1 1000 1001 856
998 2 2 1 1 1467 1567 583
999 2 2 1 1 1478 1479 1477
1000 2 2 1 1 903 1642 1514
1001 2 2 1 1 1589 1745 1191
1002 2 2 1 1 546 1467 583
1003 2 2 1 1 840 856 756
1004 2 2 1 1 1474 1506 1003
1005 2 2 1 1 1430 1431 371
1006 2 2 1 1 1186 1505 938
1007 2 2 1 1 1185 1887 1426
1008 2 2 1 1 149 1429 150
1009 2 2 1 1 1397 1500 1090
1010 2 2 1 1 581 1563 1550
1011 2 2 1 1 583 1567 592
1012 2 2 1 1 373 1482 139
1013 2 2 1 1 1184 1185 1106
1014 2 2 1 1 566 1498 564
1015 2 2 1 1 724 1547 757
1016 2 2 1 1 903 1514 1512
1017 2 2 1 1 994 1106 841
1018 2 2 1 1 395 1477 1476
1019 2 2 1 1 609 1807 1601
1020 2 2 1 1 909 1455 832
1021 2 2 1 1 1189 1518 934
1022 2 2 1 1 1424 1425 1000
1023 2 2 1 1 562 1504 560
1024 2 2 1 1 994 1184 1106
1025 2 2 1 1 743 752 744
1026 2 2 1 1 585 1467 546
1027 2 2 1 1 1146 1148 1147
1028 2 2 1 1 738 743 740
1029 2 2 1 1 1657 1670 1245
1030 2 2 1 1 1007 1551 763
1031 2 2 1 1 725 1456 727
1032 2 2 1 1 963 1747 1520
1033 2 2 1 1 974 1647 1643
1034 2 2 1 1 634 1449 594
1035 2 2 1 1 568 1450 621
1036 2 2 1 1 758 1496 730
1037 2 2 1 1 1519 1680 686
1038 2 2 1 1 1194 1517 930
1039 2 2 1 1 1437 1438 336
1040 2 2 1 1 1520 1747 1135
1041 2 2 1 1 737 1545 738
1042 2 2 1 1 762 1555 861
1043 2 2 1 1 355 1752 137
1044 2 2 1 1 808 1822 1602
1045 2 2 1 1 734 737 735
1046 2 2 1 1 752 753 744
1047 2 2 1 1 729 734 733
1048 2 2 1 1 839 1702 1677
1049 2 2 1 1 567 568 566
1050 2 2 1 1 743 744 740
1051 2 2 1 1 899 1710 668
1052 2 2 1 1 1642 1643 1516
1053 2 2 1 1 1527 1702 1530
1054 2 2 1 1 722 1547 724
1055 2 2 1 1 761 1551 1496
1056 2 2 1 1 763 1551 761
1057 2 2 1 1 922 1502 945
1058 2 2 1 1 1177 1179 909
1059 2 2 1 1 1472 1786 1768
1060 2 2 1 1 1493 1494 1492
1061 2 2 1 1 535 1986 529
1062 2 2 1 1 724 725 723
1063 2 2 1 1 967 1423 1203
1064 2 2 1 1 737 738 735
1065 2 2 1 1 908 1177 909
1066 2 2 1 1 908 909 832
1067 2 2 1 1 760 1555 762
1068 2 2 1 1 896 1828 1599
1069 2 2 1 1 938 1505 936
1070 2 2 1 1 395 1476 141
1071 2 2 1 1 82 1507 83
1072 2 2 1 1 716 1523 754
1073 2 2 1 1 734 735 733
1074 2 2 1 1 1510 1511 1100
1075 2 2 1 1 579 636 574
1076 2 2 1 1 656 1692 626
1077 2 2 1 1 831 908 832
1078 2 2 1 1 142 395 141
1079 2 2 1 1 724 730 725
1080 2 2 1 1 930 1517 928
1081 2 2 1 1 722 723 721
1082 2 2 1 1 842 1548 1021
1083 2 2 1 1 722 724 723
1084 2 2 1 1 1767 1793 686
1085 2 2 1 1 837 1506 1114
1086 2 2 1 1 392 1537 1535
1087 2 2 1 1 934 1518 932
1088 2 2 1 1 974 1643 1642
1089 2 2 1 1 595 1543 549
1090 2 2 1 1 74 1610 75
1091 2 2 1 1 1575 1577 1332
1092 2 2 1 1 831 832 763
1093 2 2 1 1 756 1803 806
1094 2 2 1 1 730 1456 725
1095 2 2 1 1 1021 1548 1458
1096 2 2 1 1 1502 1503 1199
1097 2 2 1 1 1113 1519 779
1098 2 2 1 1 383 1608 1607
1099 2 2 1 1 799 820 667
1100 2 2 1 1 81 345 82
1101 2 2 1 1 762 831 763
1102 2 2 1 1 1521 1805 1520
1103 2 2 1 1 1648 1732 632
1104 2 2 1 1 762 763 761
1105 2 2 1 1 564 1498 679
1106 2 2 1 1 1420 1440 1419
1107 2 2 1 1 730 1496 1456
1108 2 2 1 1 760 762 761
1109 2 2 1 1 1758 1810 1583
1110 2 2 1 1 868 1510 1100
1111 2 2 1 1 1367 1369 1368
1112 2 2 1 1 720 722 721
1113 2 2 1 1 1418 1793 1767
1114 2 2 1 1 1118 1452 1451
1115 2 2 1 1 764 841 752
1116 2 2 1 1 1438 1580 336
1117 2 2 1 1 1535 1537 1536
1118 2 2 1 1 760 761 758
1119 2 2 1 1 1367 1368 1111
1120 2 2 1 1 1392 1895 1391
1121 2 2 1 1 1451 1648 849
1122 2 2 1 1 1484 1752 355
1123 2 2 1 1 838 1506 837
1124 2 2 1 1 1244 1829 1263
1125 2 2 1 1 807 1678 1577
1126 2 2 1 1 336 1580 154
1127 2 2 1 1 568 621 566
1128 2 2 1 1 1672 1673 1248
1129 2 2 1 1 1569 1571 1568
1130 2 2 1 1 890 994 841
1131 2 2 1 1 1416 1863 1156
1132 2 2 1 1 1101 1121 737
1133 2 2 1 1 392 1535 89
1134 2 2 1 1 1245 1672 1657
1135 2 2 1 1 1597 1598 332
1136 2 2 1 1 591 1736 582
1137 2 2 1 1 1461 1467 1463
1138 2 2 1 1 1487 1488 1184
1139 2 2 1 1 698 1775 896
1140 2 2 1 1 840 1497 1424
1141 2 2 1 1 1568 1571 384
1142 2 2 1 1 565 566 564
1143 2 2 1 1 563 564 562
1144 2 2 1 1 1003 1492 1491
1145 2 2 1 1 1122 1705 1557
1146 2 2 1 1 832 1455 1007
1147 2 2 1 1 1459 1553 607
1148 2 2 1 1 714 1523 716
1149 2 2 1 1 560 1504 622
1150 2 2 1 1 645 1543 595
1151 2 2 1 1 158 1597 332
1152 2 2 1 1 561 562 560
1153 2 2 1 1 1009 1193 1186
1154 2 2 1 1 945 1502 948
1155 2 2 1 1 1483 1484 355
1156 2 2 1 1 753 1497 840
1157 2 2 1 1 1494 1907 554
1158 2 2 1 1 886 1534 877
1159 2 2 1 1 1480 1481 373
1160 2 2 1 1 720 721 719
1161 2 2 1 1 333 1569 1568
1162 2 2 1 1 1263 1829 1812
1163 2 2 1 1 1362 1393 993
1164 2 2 1 1 523 1550 1108
1165 2 2 1 1 1483 1485 1484
1166 2 2 1 1 1211 1213 957
1167 2 2 1 1 757 758 730
1168 2 2 1 1 1144 1146 1145
1169 2 2 1 1 1271 1554 1117
1170 2 2 1 1 559 560 558
1171 2 2 1 1 1001 1208 1002
1172 2 2 1 1 806 1782 755
1173 2 2 1 1 1565 1736 615
1174 2 2 1 1 779 1519 685
1175 2 2 1 1 592 1567 605
1176 2 2 1 1 875 1829 967
1177 2 2 1 1 586 1404 1403
1178 2 2 1 1 840 1424 1000
1179 2 2 1 1 1500 1501 1193
1180 2 2 1 1 752 1497 753
1181 2 2 1 1 1178 1232 1177
1182 2 2 1 1 880 1066 1063
1183 2 2 1 1 948 1502 1199
1184 2 2 1 1 936 1505 1189
1185 2 2 1 1 383 1607 1606
1186 2 2 1 1 1591 1603 1011
1187 2 2 1 1 607 1553 608
1188 2 2 1 1 1211 1273 1213
1189 2 2 1 1 998 1009 938
1190 2 2 1 1 753 756 755
1191 2 2 1 1 564 679 562
1192 2 2 1 1 759 760 758
1193 2 2 1 1 1577 1678 1332
1194 2 2 1 1 1559 1561 331
1195 2 2 1 1 1584 1585 337
1196 2 2 1 1 1468 1721 1242
1197 2 2 1 1 937 938 936
1198 2 2 1 1 852 1506 838
1199 2 2 1 1 557 558 556
1200 2 2 1 1 1542 1543 645
1201 2 2 1 1 629 1662 631
1202 2 2 1 1 935 936 934
1203 2 2 1 1 1114 1506 1474
1204 2 2 1 1 933 934 932
1205 2 2 1 1 932 1518 1194
1206 2 2 1 1 626 1692 613
1207 2 2 1 1 1471 1721 1468
1208 2 2 1 1 1390 1391 1098
1209 2 2 1 1 1237 1603 1592
1210 2 2 1 1 1532 1533 1528
1211 2 2 1 1 565 567 566
1212 2 2 1 1 1466 1857 1851
1213 2 2 1 1 868 1100 1099
1214 2 2 1 1 1009 1186 938
1215 2 2 1 1 1535 1536 397
1216 2 2 1 1 563 1641 565
1217 2 2 1 1 931 932 930
1218 2 2 1 1 1117 1554 924
1219 2 2 1 1 74 1652 1610
1220 2 2 1 1 1021 1247 1169
1221 2 2 1 1 738 740 739
1222 2 2 1 1 729 733 732
1223 2 2 1 1 1608 1609 1607
1224 2 2 1 1 1110 1111 1109
1225 2 2 1 1 770 1510 868
1226 2 2 1 1 125 1559 331
1227 2 2 1 1 727 729 728
1228 2 2 1 1 140 373 139
1229 2 2 1 1 561 563 562
1230 2 2 1 1 563 565 564
1231 2 2 1 1 668 1710 1662
1232 2 2 1 1 694 1705 1122
1233 2 2 1 1 1231 1367 1111
1234 2 2 1 1 948 1199 1195
1235 2 2 1 1 929 930 928
1236 2 2 1 1 962 1211 957
1237 2 2 1 1 718 720 719
1238 2 2 1 1 553 1638 589
1239 2 2 1 1 662 1757 1548
1240 2 2 1 1 1090 1500 1009
1241 2 2 1 1 1465 1466 1464
1242 2 2 1 1 1273 1361 1313
1243 2 2 1 1 1109 1555 833
1244 2 2 1 1 725 727 726
1245 2 2 1 1 971 1574 1573
1246 2 2 1 1 90 1572 392
1247 2 2 1 1 889 1593 1010
1248 2 2 1 1 1656 1786 1657
1249 2 2 1 1 786 910 848
1250 2 2 1 1 1592 1603 1591
1251 2 2 1 1 1121 1545 737
1252 2 2 1 1 911 928 910
1253 2 2 1 1 1180 1566 1565
1254 2 2 1 1 559 561 560
1255 2 2 1 1 597 1563 581
1256 2 2 1 1 936 1189 934
1257 2 2 1 1 895 1460 1459
1258 2 2 1 1 1111 1499 1109
1259 2 2 1 1 1463 1464 1462
1260 2 2 1 1 811 1834 810
1261 2 2 1 1 689 786 690
1262 2 2 1 1 842 1021 1020
1263 2 2 1 1 1021 1169 1020
1264 2 2 1 1 640 1578 641
1265 2 2 1 1 668 1662 629
1266 2 2 1 1 134 1564 346
1267 2 2 1 1 1445 1446 1434
1268 2 2 1 1 560 622 558
1269 2 2 1 1 1461 1462 1460
1270 2 2 1 1 1381 1397 1090
1271 2 2 1 1 721 1582 1558
1272 2 2 1 1 1461 1567 1467
1273 2 2 1 1 663 1565 615
1274 2 2 1 1 1477 1480 1476
1275 2 2 1 1 1885 1899 1025
1276 2 2 1 1 1534 1798 877
1277 2 2 1 1 749 1523 714
1278 2 2 1 1 1114 1251 1115
1279 2 2 1 1 741 1547 722
1280 2 2 1 1 555 556 535
1281 2 2 1 1 716 718 717
1282 2 2 1 1 716 754 718
1283 2 2 1 1 971 1573 891
1284 2 2 1 1 647 1542 645
1285 2 2 1 1 557 559 558
1286 2 2 1 1 1016 1588 1471
1287 2 2 1 1 1199 1283 1195
1288 2 2 1 1 720 741 722
1289 2 2 1 1 807 1577 857
1290 2 2 1 1 801 1548 842
1291 2 2 1 1 743 764 752
1292 2 2 1 1 88 1535 397
1293 2 2 1 1 995 1109 833
1294 2 2 1 1 1512 1710 903
1295 2 2 1 1 1560 1562 1561
1296 2 2 1 1 1124 1778 997
1297 2 2 1 1 932 1194 930
1298 2 2 1 1 346 1581 133
1299 2 2 1 1 572 1508 687
1300 2 2 1 1 375 1560 1559
1301 2 2 1 1 837 1114 1113
1302 2 2 1 1 1474 1475 1251
1303 2 2 1 1 605 895 607
1304 2 2 1 1 79 384 80
1305 2 2 1 1 88 397 87
1306 2 2 1 1 540 1550 523
1307 2 2 1 1 1346 1693 1079
1308 2 2 1 1 683 686 682
1309 2 2 1 1 1022 1534 886
1310 2 2 1 1 903 1710 899
1311 2 2 1 1 1098 1487 994
1312 2 2 1 1 1273 1313 1213
1313 2 2 1 1 1433 1434 1272
1314 2 2 1 1 1112 1786 1472
1315 2 2 1 1 824 1565 663
1316 2 2 1 1 1296 1703 1164
1317 2 2 1 1 1252 1408 1254
1318 2 2 1 1 714 716 715
1319 2 2 1 1 780 837 779
1320 2 2 1 1 461 1733 770
1321 2 2 1 1 611 689 632
1322 2 2 1 1 75 1610 383
1323 2 2 1 1 1166 1176 1022
1324 2 2 1 1 1180 1565 824
1325 2 2 1 1 888 1003 852
1326 2 2 1 1 1119 1272 1271
1327 2 2 1 1 819 893 803
1328 2 2 1 1 734 1101 737
1329 2 2 1 1 1009 1500 1193
1330 2 2 1 1 1176 1534 1022
1331 2 2 1 1 670 1162 647
1332 2 2 1 1 889 1010 888
1333 2 2 1 1 76 1606 77
1334 2 2 1 1 1625 1626 1623
1335 2 2 1 1 640 1784 1578
1336 2 2 1 1 1485 1486 1484
1337 2 2 1 1 130 1584 337
1338 2 2 1 1 1245 1673 1672
1339 2 2 1 1 581 1550 540
1340 2 2 1 1 718 719 717
1341 2 2 1 1 381 1636 1635
1342 2 2 1 1 790 1589 791
1343 2 2 1 1 1118 1119 1117
1344 2 2 1 1 1600 1782 1144
1345 2 2 1 1 141 1476 140
1346 2 2 1 1 998 1090 1009
1347 2 2 1 1 910 1030 848
1348 2 2 1 1 895 1459 607
1349 2 2 1 1 608 1553 611
1350 2 2 1 1 1003 1506 852
1351 2 2 1 1 1251 1252 1115
1352 2 2 1 1 931 933 932
1353 2 2 1 1 334 1668 118
1354 2 2 1 1 555 557 556
1355 2 2 1 1 868 1099 1005
1356 2 2 1 1 598 1638 553
1357 2 2 1 1 712 714 713
1358 2 2 1 1 933 935 934
1359 2 2 1 1 1368 1546 1499
1360 2 2 1 1 937 998 938
1361 2 2 1 1 786 848 690
1362 2 2 1 1 520 688 501
1363 2 2 1 1 924 1554 1035
1364 2 2 1 1 929 931 930
1365 2 2 1 1 935 937 936
1366 2 2 1 1 1114 1115 1113
1367 2 2 1 1 1095 1593 889
1368 2 2 1 1 796 924 872
1369 2 2 1 1 681 682 680
1370 2 2 1 1 786 911 910
1371 2 2 1 1 689 690 632
1372 2 2 1 1 1162 1542 647
1373 2 2 1 1 837 1113 779
1374 2 2 1 1 1680 1767 686
1375 2 2 1 1 1116 1117 924
1376 2 2 1 1 1122 1783 1775
1377 2 2 1 1 742 1144 1015
1378 2 2 1 1 1297 1347 1097
1379 2 2 1 1 1011 1671 1591
1380 2 2 1 1 764 890 841
1381 2 2 1 1 518 1594 693
1382 2 2 1 1 906 1556 904
1383 2 2 1 1 911 929 928
1384 2 2 1 1 1638 1672 1248
1385 2 2 1 1 1368 1499 1111
1386 2 2 1 1 853 888 852
1387 2 2 1 1 727 1765 729
1388 2 2 1 1 1623 1626 120
1389 2 2 1 1 770 868 867
1390 2 2 1 1 1433 1445 1434
1391 2 2 1 1 1526 1529 1524
1392 2 2 1 1 1170 1180 824
1393 2 2 1 1 1560 1561 1559
1394 2 2 1 1 333 1568 78
1395 2 2 1 1 716 717 715
1396 2 2 1 1 1463 1465 1464
1397 2 2 1 1 724 757 730
1398 2 2 1 1 796 1578 1116
1399 2 2 1 1 1167 1556 906
1400 2 2 1 1 1160 1167 906
1401 2 2 1 1 381 1635 106
1402 2 2 1 1 611 1553 689
1403 2 2 1 1 895 1461 1460
1404 2 2 1 1 1113 1680 1519
1405 2 2 1 1 832 1007 763
1406 2 2 1 1 1461 1463 1462
1407 2 2 1 1 651 796 672
1408 2 2 1 1 883 957 819
1409 2 2 1 1 683 1519 686
1410 2 2 1 1 1758 1778 1124
1411 2 2 1 1 383 1606 76
1412 2 2 1 1 904 1692 656
1413 2 2 1 1 842 1020 870
1414 2 2 1 1 122 1622 357
1415 2 2 1 1 1643 1644 1516
1416 2 2 1 1 1101 1411 1121
1417 2 2 1 1 710 712 711
1418 2 2 1 1 79 1568 384
1419 2 2 1 1 749 1524 1523
1420 2 2 1 1 1124 1810 1758
1421 2 2 1 1 1216 1321 1296
1422 2 2 1 1 596 597 581
1423 2 2 1 1 623 1627 624
1424 2 2 1 1 1719 1720 1503
1425 2 2 1 1 1119 1433 1272
1426 2 2 1 1 1818 1832 1247
1427 2 2 1 1 681 683 682
1428 2 2 1 1 624 680 597
1429 2 2 1 1 787 1661 897
1430 2 2 1 1 896 1599 700
1431 2 2 1 1 851 852 838
1432 2 2 1 1 357 1624 1623
1433 2 2 1 1 778 779 685
1434 2 2 1 1 890 1098 994
1435 2 2 1 1 1119 1271 1117
1436 2 2 1 1 1775 1783 1473
1437 2 2 1 1 476 1740 1127
1438 2 2 1 1 374 1596 156
1439 2 2 1 1 908 1178 1177
1440 2 2 1 1 1114 1474 1251
1441 2 2 1 1 1621 1716 1620
1442 2 2 1 1 92 1611 368
1443 2 2 1 1 363 1612 94
1444 2 2 1 1 994 1487 1184
1445 2 2 1 1 712 749 714
1446 2 2 1 1 641 1578 651
1447 2 2 1 1 682 894 680
1448 2 2 1 1 138 355 137
1449 2 2 1 1 1162 1586 1542
1450 2 2 1 1 762 861 831
1451 2 2 1 1 714 715 713
1452 2 2 1 1 1596 1597 157
1453 2 2 1 1 925 1190 939
1454 2 2 1 1 780 838 837
1455 2 2 1 1 1474 1491 1475
1456 2 2 1 1 375 1559 126
1457 2 2 1 1 580 581 540
1458 2 2 1 1 833 1555 760
1459 2 2 1 1 377 1564 135
1460 2 2 1 1 924 1035 872
1461 2 2 1 1 672 1676 652
1462 2 2 1 1 1553 1696 689
1463 2 2 1 1 1191 1204 1190
1464 2 2 1 1 1116 1118 1117
1465 2 2 1 1 333 1570 1569
1466 2 2 1 1 153 336 154
1467 2 2 1 1 589 1638 1637
1468 2 2 1 1 796 872 672
1469 2 2 1 1 815 1583 657
1470 2 2 1 1 576 593 578
1471 2 2 1 1 708 710 709
1472 2 2 1 1 786 1696 911
1473 2 2 1 1 814 1640 845
1474 2 2 1 1 796 1116 924
1475 2 2 1 1 757 759 758
1476 2 2 1 1 712 1677 749
1477 2 2 1 1 1021 1458 1247
1478 2 2 1 1 90 392 89
1479 2 2 1 1 1176 1587 1534
1480 2 2 1 1 1654 1703 1296
1481 2 2 1 1 778 780 779
1482 2 2 1 1 685 1519 683
1483 2 2 1 1 747 1839 1812
1484 2 2 1 1 790 1745 1589
1485 2 2 1 1 967 1203 1202
1486 2 2 1 1 662 1548 801
1487 2 2 1 1 794 925 854
1488 2 2 1 1 155 374 156
1489 2 2 1 1 624 681 680
1490 2 2 1 1 706 708 707
1491 2 2 1 1 925 1589 1191
1492 2 2 1 1 523 1108 514
1493 2 2 1 1 801 842 836
1494 2 2 1 1 749 1677 1525
1495 2 2 1 1 971 1575 1574
1496 2 2 1 1 875 967 966
1497 2 2 1 1 1583 1627 657
1498 2 2 1 1 125 331 124
1499 2 2 1 1 759 833 760
1500 2 2 1 1 897 1661 1246
1501 2 2 1 1 368 1572 91
1502 2 2 1 1 136 377 135
1503 2 2 1 1 1665 1666 382
1504 2 2 1 1 1513 1639 1120
1505 2 2 1 1 712 713 711
1506 2 2 1 1 891 1573 956
1507 2 2 1 1 631 1662 1661
1508 2 2 1 1 651 1578 796
1509 2 2 1 1 987 1671 1011
1510 2 2 1 1 132 1581 378
1511 2 2 1 1 157 1597 158
1512 2 2 1 1 628 1637 898
1513 2 2 1 1 1190 1192 939
1514 2 2 1 1 1665 1667 1666
1515 2 2 1 1 708 839 710
1516 2 2 1 1 379 1629 1628
1517 2 2 1 1 1575 1576 1574
1518 2 2 1 1 1269 1778 1132
1519 2 2 1 1 925 939 854
1520 2 2 1 1 155 1580 374
1521 2 2 1 1 1604 1605 1181
1522 2 2 1 1 1152 1214 1151
1523 2 2 1 1 956 1218 1047
1524 2 2 1 1 1624 1625 1623
1525 2 2 1 1 898 1637 1248
1526 2 2 1 1 347 1633 1632
1527 2 2 1 1 158 332 159
1528 2 2 1 1 378 1584 131
1529 2 2 1 1 791 1589 794
1530 2 2 1 1 1599 1686 706
1531 2 2 1 1 127 375 126
1532 2 2 1 1 956 1573 1218
1533 2 2 1 1 839 1677 710
1534 2 2 1 1 952 1583 815
1535 2 2 1 1 614 1732 1552
1536 2 2 1 1 911 1696 1239
1537 2 2 1 1 118 1668 117
1538 2 2 1 1 657 1627 623
1539 2 2 1 1 725 726 723
1540 2 2 1 1 702 1599 706
1541 2 2 1 1 627 1552 640
1542 2 2 1 1 106 1635 105
1543 2 2 1 1 598 1672 1638
1544 2 2 1 1 694 1122 696
1545 2 2 1 1 1167 1601 1556
1546 2 2 1 1 1104 1604 1181
1547 2 2 1 1 857 971 891
1548 2 2 1 1 134 346 133
1549 2 2 1 1 1353 1520 1135
1550 2 2 1 1 1216 1296 1164
1551 2 2 1 1 925 1191 1190
1552 2 2 1 1 756 806 755
1553 2 2 1 1 708 1686 839
1554 2 2 1 1 750 875 874
1555 2 2 1 1 721 1558 719
1556 2 2 1 1 995 1110 1109
1557 2 2 1 1 89 1535 88
1558 2 2 1 1 1121 1820 1545
1559 2 2 1 1 1178 1356 1232
1560 2 2 1 1 132 378 131
1561 2 2 1 1 352 1651 100
1562 2 2 1 1 123 1622 122
1563 2 2 1 1 1011 1603 1012
1564 2 2 1 1 1207 1621 1620
1565 2 2 1 1 383 1610 1608
1566 2 2 1 1 754 1920 1401
1567 2 2 1 1 1110 1231 1111
1568 2 2 1 1 1657 1672 598
1569 2 2 1 1 1165 1216 1164
1570 2 2 1 1 605 607 606
1571 2 2 1 1 98 1650 356
1572 2 2 1 1 794 1589 925
1573 2 2 1 1 710 711 709
1574 2 2 1 1 740 1600 742
1575 2 2 1 1 507 1594 518
1576 2 2 1 1 357 1623 121
1577 2 2 1 1 766 1620 633
1578 2 2 1 1 130 337 129
1579 2 2 1 1 753 755 744
1580 2 2 1 1 93 1612 1611
1581 2 2 1 1 860 1620 766
1582 2 2 1 1 518 693 527
1583 2 2 1 1 951 952 815
1584 2 2 1 1 698 896 700
1585 2 2 1 1 1048 1132 952
1586 2 2 1 1 1629 1630 1628
1587 2 2 1 1 623 624 597
1588 2 2 1 1 853 889 888
1589 2 2 1 1 379 1628 102
1590 2 2 1 1 154 1580 155
1591 2 2 1 1 1207 1620 860
1592 2 2 1 1 1628 1630 352
1593 2 2 1 1 851 853 852
1594 2 2 1 1 1085 1333 1331
1595 2 2 1 1 1152 1215 1214
1596 2 2 1 1 347 1634 1633
1597 2 2 1 1 897 1029 863
1598 2 2 1 1 461 770 467
1599 2 2 1 1 91 1572 90
1600 2 2 1 1 126 1559 125
1601 2 2 1 1 92 368 91
1602 2 2 1 1 787 863 797
1603 2 2 1 1 708 709 707
1604 2 2 1 1 948 1195 949
1605 2 2 1 1 1020 1544 1028
1606 2 2 1 1 93 1611 92
1607 2 2 1 1 704 1669 701
1608 2 2 1 1 611 632 612
1609 2 2 1 1 702 706 705
1610 2 2 1 1 347 1632 104
1611 2 2 1 1 122 357 121
1612 2 2 1 1 330 1316 33
1613 2 2 1 1 592 605 604
1614 2 2 1 1 156 1596 157
1615 2 2 1 1 580 596 581
1616 2 2 1 1 701 1669 703
1617 2 2 1 1 1029 1085 1062
1618 2 2 1 1 1242 1721 1442
1619 2 2 1 1 787 897 863
1620 2 2 1 1 700 1599 702
1621 2 2 1 1 465 768 457
1622 2 2 1 1 857 1577 971
1623 2 2 1 1 1637 1638 1248
1624 2 2 1 1 1252 1254 1253
1625 2 2 1 1 1182 1207 860
1626 2 2 1 1 338 1664 113
1627 2 2 1 1 135 1564 134
1628 2 2 1 1 945 948 947
1629 2 2 1 1 651 672 652
1630 2 2 1 1 1127 1129 1128
1631 2 2 1 1 644 1661 787
1632 2 2 1 1 335 1653 1652
1633 2 2 1 1 1120 1639 1029
1634 2 2 1 1 111 1663 380
1635 2 2 1 1 119 1626 334
1636 2 2 1 1 116 1665 382
1637 2 2 1 1 1169 1544 1020
1638 2 2 1 1 133 1581 132
1639 2 2 1 1 356 1649 97
1640 2 2 1 1 1525 1526 1524
1641 2 2 1 1 1001 1002 856
1642 2 2 1 1 984 1013 985
1643 2 2 1 1 1242 1442 1243
1644 2 2 1 1 898 899 668
1645 2 2 1 1 533 585 546
1646 2 2 1 1 897 1120 1029
1647 2 2 1 1 1085 1639 1377
1648 2 2 1 1 1085 1331 1062
1649 2 2 1 1 608 611 610
1650 2 2 1 1 120 1626 119
1651 2 2 1 1 1237 1435 1103
1652 2 2 1 1 794 854 795
1653 2 2 1 1 706 707 705
1654 2 2 1 1 1512 1513 1120
1655 2 2 1 1 641 651 650
1656 2 2 1 1 1442 1590 1243
1657 2 2 1 1 982 984 983
1658 2 2 1 1 602 1637 628
1659 2 2 1 1 95 363 94
1660 2 2 1 1 1643 1645 1644
1661 2 2 1 1 644 787 677
1662 2 2 1 1 1290 1602 1230
1663 2 2 1 1 1353 1521 1520
1664 2 2 1 1 984 985 983
1665 2 2 1 1 628 898 668
1666 2 2 1 1 1035 1276 1036
1667 2 2 1 1 1737 1745 1676
1668 2 2 1 1 898 900 899
1669 2 2 1 1 596 623 597
1670 2 2 1 1 866 1039 873
1671 2 2 1 1 131 1584 130
1672 2 2 1 1 1242 1243 1013
1673 2 2 1 1 1039 1282 1040
1674 2 2 1 1 990 1658 979
1675 2 2 1 1 1495 1745 1737
1676 2 2 1 1 652 1676 660
1677 2 2 1 1 1060 1237 1103
1678 2 2 1 1 684 685 683
1679 2 2 1 1 1606 1607 1570
1680 2 2 1 1 778 1699 780
1681 2 2 1 1 900 901 899
1682 2 2 1 1 1029 1062 863
1683 2 2 1 1 1062 1678 863
1684 2 2 1 1 99 1651 1650
1685 2 2 1 1 694 696 695
1686 2 2 1 1 508 694 525
1687 2 2 1 1 1514 1515 1513
1688 2 2 1 1 628 668 629
1689 2 2 1 1 1243 1671 1013
1690 2 2 1 1 791 794 793
1691 2 2 1 1 1658 1660 1043
1692 2 2 1 1 1512 1514 1513
1693 2 2 1 1 1591 1671 1243
1694 2 2 1 1 1241 1242 1013
1695 2 2 1 1 1029 1639 1085
1696 2 2 1 1 979 1658 977
1697 2 2 1 1 1023 1166 1022
1698 2 2 1 1 780 1699 850
1699 2 2 1 1 114 1655 338
1700 2 2 1 1 614 1552 627
1701 2 2 1 1 1135 1747 1133
1702 2 2 1 1 1621 1723 1716
1703 2 2 1 1 954 1095 889
1704 2 2 1 1 1060 1103 1061
1705 2 2 1 1 990 1659 1658
1706 2 2 1 1 1085 1377 1333
1707 2 2 1 1 1661 1662 1246
1708 2 2 1 1 476 1127 485
1709 2 2 1 1 814 845 844
1710 2 2 1 1 868 1005 867
1711 2 2 1 1 99 1650 98
1712 2 2 1 1 536 1016 584
1713 2 2 1 1 98 356 97
1714 2 2 1 1 602 628 618
1715 2 2 1 1 846 866 865
1716 2 2 1 1 117 1665 116
1717 2 2 1 1 101 1628 352
1718 2 2 1 1 1452 1648 1451
1719 2 2 1 1 787 797 677
1720 2 2 1 1 1332 1678 1062
1721 2 2 1 1 627 640 639
1722 2 2 1 1 1104 1181 1123
1723 2 2 1 1 1099 1102 1005
1724 2 2 1 1 987 1011 989
1725 2 2 1 1 982 983 981
1726 2 2 1 1 1079 1693 1227
1727 2 2 1 1 121 1623 120
1728 2 2 1 1 660 790 785
1729 2 2 1 1 1268 1269 1132
1730 2 2 1 1 112 1664 1663
1731 2 2 1 1 112 1663 111
1732 2 2 1 1 1020 1028 870
1733 2 2 1 1 1165 1428 1216
1734 2 2 1 1 1254 1416 1255
1735 2 2 1 1 1527 1528 1526
1736 2 2 1 1 521 1690 512
1737 2 2 1 1 951 1048 952
1738 2 2 1 1 978 980 979
1739 2 2 1 1 103 1632 379
1740 2 2 1 1 985 1671 987
1741 2 2 1 1 818 819 803
1742 2 2 1 1 978 979 977
1743 2 2 1 1 587 1641 563
1744 2 2 1 1 985 987 986
1745 2 2 1 1 900 902 901
1746 2 2 1 1 1103 1604 1104
1747 2 2 1 1 696 698 697
1748 2 2 1 1 94 1612 93
1749 2 2 1 1 902 974 901
1750 2 2 1 1 1012 1060 1059
1751 2 2 1 1 1514 1516 1515
1752 2 2 1 1 101 352 100
1753 2 2 1 1 802 803 670
1754 2 2 1 1 97 1649 96
1755 2 2 1 1 73 1652 74
1756 2 2 1 1 519 520 501
1757 2 2 1 1 1096 1097 1095
1758 2 2 1 1 1032 1675 1168
1759 2 2 1 1 1246 1512 1120
1760 2 2 1 1 103 379 102
1761 2 2 1 1 160 376 161
1762 2 2 1 1 1656 1657 598
1763 2 2 1 1 980 982 981
1764 2 2 1 1 669 670 647
1765 2 2 1 1 842 870 836
1766 2 2 1 1 508 1705 694
1767 2 2 1 1 901 1642 903
1768 2 2 1 1 980 981 979
1769 2 2 1 1 1077 1631 1346
1770 2 2 1 1 797 1678 807
1771 2 2 1 1 105 347 104
1772 2 2 1 1 1542 1825 1543
1773 2 2 1 1 976 978 977
1774 2 2 1 1 1012 1603 1060
1775 2 2 1 1 1635 1636 1634
1776 2 2 1 1 977 1658 1043
1777 2 2 1 1 628 629 618
1778 2 2 1 1 589 1637 602
1779 2 2 1 1 1435 1604 1103
1780 2 2 1 1 107 381 106
1781 2 2 1 1 1103 1104 1061
1782 2 2 1 1 810 1270 781
1783 2 2 1 1 901 903 899
1784 2 2 1 1 1032 1168 1027
1785 2 2 1 1 976 977 975
1786 2 2 1 1 1011 1012 989
1787 2 2 1 1 382 1655 115
1788 2 2 1 1 898 1248 900
1789 2 2 1 1 109 342 108
1790 2 2 1 1 984 1241 1013
1791 2 2 1 1 1556 1692 904
1792 2 2 1 1 100 1651 99
1793 2 2 1 1 1060 1061 1059
1794 2 2 1 1 977 1043 975
1795 2 2 1 1 902 975 974
1796 2 2 1 1 528 529 520
1797 2 2 1 1 111 380 110
1798 2 2 1 1 1557 1705 484
1799 2 2 1 1 1248 1673 900
1800 2 2 1 1 646 647 645
1801 2 2 1 1 974 1642 901
1802 2 2 1 1 544 1656 598
1803 2 2 1 1 78 1568 79
1804 2 2 1 1 605 1567 895
1805 2 2 1 1 102 1628 101
1806 2 2 1 1 114 338 113
1807 2 2 1 1 734 1765 1101
1808 2 2 1 1 534 535 529
1809 2 2 1 1 985 986 983
1810 2 2 1 1 1297 1348 1347
1811 2 2 1 1 116 382 115
1812 2 2 1 1 1590 1592 1591
1813 2 2 1 1 671 1854 991
1814 2 2 1 1 104 1632 103
1815 2 2 1 1 1134 1135 1133
1816 2 2 1 1 1241 1468 1242
1817 2 2 1 1 119 334 118
1818 2 2 1 1 544 598 553
1819 2 2 1 1 105 1635 347
1820 2 2 1 1 660 1676 790
1821 2 2 1 1 973 1022 886
1822 2 2 1 1 710 1677 712
1823 2 2 1 1 1699 1747 850
1824 2 2 1 1 961 1160 906
1825 2 2 1 1 980 1112 982
1826 2 2 1 1 777 778 685
1827 2 2 1 1 113 1664 112
1828 2 2 1 1 1013 1671 985
1829 2 2 1 1 1543 1744 549
1830 2 2 1 1 631 1661 644
1831 2 2 1 1 698 700 699
1832 2 2 1 1 905 906 904
1833 2 2 1 1 335 1652 73
1834 2 2 1 1 1047 1305 1304
1835 2 2 1 1 1048 1268 1132
1836 2 2 1 1 115 1655 114
1837 2 2 1 1 1060 1603 1237
1838 2 2 1 1 1091 1381 1090
1839 2 2 1 1 891 956 940
1840 2 2 1 1 902 976 975
1841 2 2 1 1 1659 1660 1658
1842 2 2 1 1 883 962 957
1843 2 2 1 1 554 555 535
1844 2 2 1 1 680 1563 597
1845 2 2 1 1 962 1212 1211
1846 2 2 1 1 897 1246 1120
1847 2 2 1 1 981 990 979
1848 2 2 1 1 1039 1040 873
1849 2 2 1 1 539 1656 544
1850 2 2 1 1 738 739 735
1851 2 2 1 1 770 867 467
1852 2 2 1 1 1161 1264 1160
1853 2 2 1 1 1590 1591 1243
1854 2 2 1 1 880 1838 1066
1855 2 2 1 1 694 695 525
1856 2 2 1 1 857 891 882
1857 2 2 1 1 990 1707 1659
1858 2 2 1 1 866 873 865
1859 2 2 1 1 996 1133 829
1860 2 2 1 1 807 857 822
1861 2 2 1 1 500 501 481
1862 2 2 1 1 850 851 838
1863 2 2 1 1 987 989 988
1864 2 2 1 1 986 1687 983
1865 2 2 1 1 797 807 798
1866 2 2 1 1 550 1690 521
1867 2 2 1 1 1208 1220 1002
1868 2 2 1 1 863 1678 797
1869 2 2 1 1 1643 1647 1645
1870 2 2 1 1 1227 1355 1349
1871 2 2 1 1 1164 1703 953
1872 2 2 1 1 1033 1280 550
1873 2 2 1 1 845 846 844
1874 2 2 1 1 939 1201 854
1875 2 2 1 1 980 1670 1112
1876 2 2 1 1 77 1606 333
1877 2 2 1 1 681 684 683
1878 2 2 1 1 1126 1312 1311
1879 2 2 1 1 536 584 537
1880 2 2 1 1 987 988 986
1881 2 2 1 1 117 1668 1665
1882 2 2 1 1 956 1047 1046
1883 2 2 1 1 976 1245 978
1884 2 2 1 1 1012 1059 1058
1885 2 2 1 1 984 1691 1241
1886 2 2 1 1 1472 1768 584
1887 2 2 1 1 696 697 695
1888 2 2 1 1 978 1670 980
1889 2 2 1 1 971 1577 1575
1890 2 2 1 1 706 1686 708
1891 2 2 1 1 1104 1123 1105
1892 2 2 1 1 794 795 793
1893 2 2 1 1 522 536 531
1894 2 2 1 1 800 1748 661
1895 2 2 1 1 1228 1353 1135
1896 2 2 1 1 1126 1311 1309
1897 2 2 1 1 1125 1687 986
1898 2 2 1 1 809 904 656
1899 2 2 1 1 902 1673 976
1900 2 2 1 1 1112 1691 982
1901 2 2 1 1 1077 1346 1079
1902 2 2 1 1 1331 1332 1062
1903 2 2 1 1 1245 1670 978
1904 2 2 1 1 700 702 701
1905 2 2 1 1 644 677 676
1906 2 2 1 1 698 699 697
1907 2 2 1 1 1126 1684 1312
1908 2 2 1 1 629 631 630
1909 2 2 1 1 976 1673 1245
1910 2 2 1 1 347 1635 1634
1911 2 2 1 1 77 333 78
1912 2 2 1 1 900 1673 902
1913 2 2 1 1 651 652 650
1914 2 2 1 1 1183 1284 1182
1915 2 2 1 1 943 1182 860
1916 2 2 1 1 790 791 785
1917 2 2 1 1 631 644 643
1918 2 2 1 1 484 1705 499
1919 2 2 1 1 75 383 76
1920 2 2 1 1 1203 1777 1202
1921 2 2 1 1 981 1687 990
1922 2 2 1 1 713 736 711
1923 2 2 1 1 1252 1253 1115
1924 2 2 1 1 1012 1058 989
1925 2 2 1 1 1118 1784 1452
1926 2 2 1 1 1035 1036 872
1927 2 2 1 1 1163 1164 953
1928 2 2 1 1 1132 1758 952
1929 2 2 1 1 1289 1290 1230
1930 2 2 1 1 72 335 73
1931 2 2 1 1 715 1618 713
1932 2 2 1 1 988 1126 1125
1933 2 2 1 1 71 1679 72
1934 2 2 1 1 70 385 71
1935 2 2 1 1 1053 1130 869
1936 2 2 1 1 1241 1691 1470
1937 2 2 1 1 1133 1699 829
1938 2 2 1 1 1127 1128 485
1939 2 2 1 1 960 1136 812
1940 2 2 1 1 689 1696 786
1941 2 2 1 1 602 618 617
1942 2 2 1 1 67 340 68
1943 2 2 1 1 1665 1668 1667
1944 2 2 1 1 66 1682 67
1945 2 2 1 1 1229 1230 1158
1946 2 2 1 1 702 705 704
1947 2 2 1 1 859 860 766
1948 2 2 1 1 65 386 66
1949 2 2 1 1 862 1170 824
1950 2 2 1 1 1126 1309 1125
1951 2 2 1 1 727 728 726
1952 2 2 1 1 795 1640 814
1953 2 2 1 1 1104 1105 1061
1954 2 2 1 1 983 1687 981
1955 2 2 1 1 508 525 509
1956 2 2 1 1 816 951 815
1957 2 2 1 1 1300 1301 1265
1958 2 2 1 1 989 1684 988
1959 2 2 1 1 850 1747 963
1960 2 2 1 1 62 344 63
1961 2 2 1 1 1276 1490 1036
1962 2 2 1 1 499 508 506
1963 2 2 1 1 700 701 699
1964 2 2 1 1 625 657 623
1965 2 2 1 1 61 1683 62
1966 2 2 1 1 1163 1165 1164
1967 2 2 1 1 1042 1675 1032
1968 2 2 1 1 988 1684 1126
1969 2 2 1 1 982 1691 984
1970 2 2 1 1 1280 1690 550
1971 2 2 1 1 60 387 61
1972 2 2 1 1 1059 1217 1058
1973 2 2 1 1 848 849 690
1974 2 2 1 1 536 537 531
1975 2 2 1 1 765 1256 827
1976 2 2 1 1 709 1674 707
1977 2 2 1 1 707 745 705
1978 2 2 1 1 1058 1684 989
1979 2 2 1 1 605 606 604
1980 2 2 1 1 58 350 59
1981 2 2 1 1 640 641 639
1982 2 2 1 1 719 731 717
1983 2 2 1 1 1627 1681 624
1984 2 2 1 1 589 602 601
1985 2 2 1 1 611 612 610
1986 2 2 1 1 553 589 588
1987 2 2 1 1 682 1793 894
1988 2 2 1 1 1227 1693 1355
1989 2 2 1 1 1141 1258 1139
1990 2 2 1 1 56 388 57
1991 2 2 1 1 1399 1771 999
1992 2 2 1 1 729 732 728
1993 2 2 1 1 1246 1710 1512
1994 2 2 1 1 988 1125 986
1995 2 2 1 1 635 645 595
1996 2 2 1 1 72 1679 335
1997 2 2 1 1 55 1688 56
1998 2 2 1 1 996 1134 1133
1999 2 2 1 1 797 798 677
2000 2 2 1 1 1241 1470 1468
2001 2 2 1 1 1309 1707 1125
2002 2 2 1 1 385 1679 71
2003 2 2 1 1 684 777 685
2004 2 2 1 1 629 630 618
2005 2 2 1 1 1198 1325 1324
2006 2 2 1 1 54 354 55
2007 2 2 1 1 823 824 663
2008 2 2 1 1 544 553 552
2009 2 2 1 1 607 608 606
2010 2 2 1 1 1525 1527 1526
2011 2 2 1 1 755 1782 1600
2012 2 2 1 1 749 1525 1524
2013 2 2 1 1 480 1557 484
2014 2 2 1 1 702 704 701
2015 2 2 1 1 1125 1707 1687
2016 2 2 1 1 780 850 838
2017 2 2 1 1 1123 1198 1105
2018 2 2 1 1 1308 1327 1326
2019 2 2 1 1 954 1096 1095
2020 2 2 1 1 67 1682 340
2021 2 2 1 1 713 1618 736
2022 2 2 1 1 541 580 540
2023 2 2 1 1 386 1682 66
2024 2 2 1 1 1171 1729 1170
2025 2 2 1 1 681 1681 684
2026 2 2 1 1 777 829 778
2027 2 2 1 1 846 865 864
2028 2 2 1 1 436 551 438
2029 2 2 1 1 1274 1275 1175
2030 2 2 1 1 51 361 52
2031 2 2 1 1 539 544 543
2032 2 2 1 1 1502 1719 1503
2033 2 2 1 1 707 1674 745
2034 2 2 1 1 1134 1228 1135
2035 2 2 1 1 894 1563 680
2036 2 2 1 1 1812 1839 1263
2037 2 2 1 1 701 703 699
2038 2 2 1 1 709 1685 1674
2039 2 2 1 1 719 1558 731
2040 2 2 1 1 1061 1701 1059
2041 2 2 1 1 62 1683 344
2042 2 2 1 1 807 822 798
2043 2 2 1 1 1075 1631 1077
2044 2 2 1 1 1052 1158 878
2045 2 2 1 1 624 1681 681
2046 2 2 1 1 537 539 538
2047 2 2 1 1 1662 1710 1246
2048 2 2 1 1 1198 1324 1105
2049 2 2 1 1 814 844 843
2050 2 2 1 1 658 815 657
2051 2 2 1 1 1059 1701 1217
2052 2 2 1 1 857 882 822
2053 2 2 1 1 387 1683 61
2054 2 2 1 1 854 1640 795
2055 2 2 1 1 943 1183 1182
2056 2 2 1 1 911 1239 929
2057 2 2 1 1 859 943 860
2058 2 2 1 1 1183 1285 1284
2059 2 2 1 1 1038 1308 1307
2060 2 2 1 1 631 643 630
2061 2 2 1 1 618 1700 617
2062 2 2 1 1 508 509 506
2063 2 2 1 1 891 940 882
2064 2 2 1 1 1105 1701 1061
2065 2 2 1 1 1101 1765 1412
2066 2 2 1 1 895 1567 1461
2067 2 2 1 1 1146 1147 1145
2068 2 2 1 1 644 676 643
2069 2 2 1 1 1687 1707 990
2070 2 2 1 1 715 1689 1618
2071 2 2 1 1 1620 1716 633
2072 2 2 1 1 1173 1175 1171
2073 2 2 1 1 1618 1619 736
2074 2 2 1 1 1443 1874 1444
2075 2 2 1 1 1041 1042 1032
2076 2 2 1 1 448 1766 445
2077 2 2 1 1 1684 1706 1312
2078 2 2 1 1 471 476 475
2079 2 2 1 1 1058 1706 1684
2080 2 2 1 1 524 540 523
2081 2 2 1 1 48 365 49
2082 2 2 1 1 596 625 623
2083 2 2 1 1 476 485 477
2084 2 2 1 1 765 1700 1256
2085 2 2 1 1 795 814 813
2086 2 2 1 1 791 793 792
2087 2 2 1 1 697 767 695
2088 2 2 1 1 973 1023 1022
2089 2 2 1 1 927 1257 1238
2090 2 2 1 1 908 1780 1178
2091 2 2 1 1 830 1124 997
2092 2 2 1 1 602 617 601
2093 2 2 1 1 1130 1697 869
2094 2 2 1 1 1116 1784 1118
2095 2 2 1 1 873 892 865
2096 2 2 1 1 589 601 588
2097 2 2 1 1 696 1775 698
2098 2 2 1 1 875 966 874
2099 2 2 1 1 1141 1278 1258
2100 2 2 1 1 672 1737 1676
2101 2 2 1 1 553 588 552
2102 2 2 1 1 522 531 530
2103 2 2 1 1 1136 1704 812
2104 2 2 1 1 879 1259 1049
2105 2 2 1 1 931 1008 933
2106 2 2 1 1 1217 1706 1058
2107 2 2 1 1 956 1046 940
2108 2 2 1 1 56 1688 388
2109 2 2 1 1 1195 1205 949
2110 2 2 1 1 500 519 501
2111 2 2 1 1 537 538 531
2112 2 2 1 1 1254 1255 1253
2113 2 2 1 1 499 1705 508
2114 2 2 1 1 1053 1131 1130
2115 2 2 1 1 1324 1701 1105
2116 2 2 1 1 740 742 739
2117 2 2 1 1 861 1780 831
2118 2 2 1 1 409 1453 407
2119 2 2 1 1 1048 1654 1268
2120 2 2 1 1 354 1688 55
2121 2 2 1 1 544 552 543
2122 2 2 1 1 1175 1729 1171
2123 2 2 1 1 1707 1727 1659
2124 2 2 1 1 630 1700 618
2125 2 2 1 1 137 1752 136
2126 2 2 1 1 530 550 521
2127 2 2 1 1 539 543 538
2128 2 2 1 1 552 577 543
2129 2 2 1 1 846 864 844
2130 2 2 1 1 617 633 601
2131 2 2 1 1 163 339 164
2132 2 2 1 1 1041 1206 1042
2133 2 2 1 1 555 599 557
2134 2 2 1 1 513 522 521
2135 2 2 1 1 960 1137 1136
2136 2 2 1 1 905 961 906
2137 2 2 1 1 652 660 659
2138 2 2 1 1 339 1712 1711
2139 2 2 1 1 617 765 633
2140 2 2 1 1 765 766 633
2141 2 2 1 1 1128 1143 1142
2142 2 2 1 1 830 996 829
2143 2 2 1 1 1047 1304 1046
2144 2 2 1 1 943 1210 1183
2145 2 2 1 1 798 1718 677
2146 2 2 1 1 660 785 784
2147 2 2 1 1 961 1161 1160
2148 2 2 1 1 447 1240 450
2149 2 2 1 1 878 1748 800
2150 2 2 1 1 948 949 947
2151 2 2 1 1 809 905 904
2152 2 2 1 1 1416 1417 1255
2153 2 2 1 1 777 830 829
2154 2 2 1 1 676 783 643
2155 2 2 1 1 676 1138 783
2156 2 2 1 1 765 827 766
2157 2 2 1 1 561 587 563
2158 2 2 1 1 850 963 851
2159 2 2 1 1 827 859 766
2160 2 2 1 1 1200 1297 1097
2161 2 2 1 1 516 523 514
2162 2 2 1 1 853 954 889
2163 2 2 1 1 1141 1279 1278
2164 2 2 1 1 1031 1032 1027
2165 2 2 1 1 935 1004 937
2166 2 2 1 1 509 513 512
2167 2 2 1 1 827 970 859
2168 2 2 1 1 1041 1310 1206
2169 2 2 1 1 830 997 996
2170 2 2 1 1 829 1699 778
2171 2 2 1 1 834 995 833
2172 2 2 1 1 1138 1139 783
2173 2 2 1 1 519 528 520
2174 2 2 1 1 1308 1326 1307
2175 2 2 1 1 1026 1027 1025
2176 2 2 1 1 927 1033 550
2177 2 2 1 1 1138 1140 1139
2178 2 2 1 1 164 1711 165
2179 2 2 1 1 1165 1439 1428
2180 2 2 1 1 641 650 649
2181 2 2 1 1 677 1718 676
2182 2 2 1 1 1394 1399 999
2183 2 2 1 1 46 391 47
2184 2 2 1 1 601 1716 588
2185 2 2 1 1 509 512 506
2186 2 2 1 1 528 534 529
2187 2 2 1 1 711 1685 709
2188 2 2 1 1 1238 1281 1033
2189 2 2 1 1 1140 1141 1139
2190 2 2 1 1 816 953 951
2191 2 2 1 1 333 1606 1570
2192 2 2 1 1 699 1708 697
2193 2 2 1 1 1201 1640 854
2194 2 2 1 1 795 813 793
2195 2 2 1 1 1140 1709 1141
2196 2 2 1 1 1557 1783 1122
2197 2 2 1 1 1024 1025 1023
2198 2 2 1 1 504 514 497
2199 2 2 1 1 617 1700 765
2200 2 2 1 1 464 769 469
2201 2 2 1 1 476 477 475
2202 2 2 1 1 1161 1265 1264
2203 2 2 1 1 843 869 813
2204 2 2 1 1 522 530 521
2205 2 2 1 1 791 792 785
2206 2 2 1 1 1657 1786 1670
2207 2 2 1 1 814 843 813
2208 2 2 1 1 822 858 798
2209 2 2 1 1 505 510 498
2210 2 2 1 1 844 1725 843
2211 2 2 1 1 1031 1041 1032
2212 2 2 1 1 804 1260 941
2213 2 2 1 1 499 506 505
2214 2 2 1 1 1566 1736 1565
2215 2 2 1 1 703 1708 699
2216 2 2 1 1 165 389 166
2217 2 2 1 1 1144 1145 1015
2218 2 2 1 1 705 1749 704
2219 2 2 1 1 530 927 550
2220 2 2 1 1 793 1697 792
2221 2 2 1 1 801 836 835
2222 2 2 1 1 662 801 800
2223 2 2 1 1 1134 1336 1228
2224 2 2 1 1 483 788 479
2225 2 2 1 1 539 1768 1656
2226 2 2 1 1 736 1685 711
2227 2 2 1 1 998 1091 1090
2228 2 2 1 1 951 1703 1048
2229 2 2 1 1 1036 1737 872
2230 2 2 1 1 1038 1053 869
2231 2 2 1 1 484 499 498
2232 2 2 1 1 1128 1142 485
2233 2 2 1 1 637 664 636
2234 2 2 1 1 658 816 815
2235 2 2 1 1 927 1238 1033
2236 2 2 1 1 1143 1473 1142
2237 2 2 1 1 513 521 512
2238 2 2 1 1 1097 1806 1095
2239 2 2 1 1 493 503 491
2240 2 2 1 1 1026 1050 1031
2241 2 2 1 1 547 1154 590
2242 2 2 1 1 1034 1295 1294
2243 2 2 1 1 818 883 819
2244 2 2 1 1 1556 1807 1692
2245 2 2 1 1 455 461 460
2246 2 2 1 1 166 1714 167
2247 2 2 1 1 697 1708 767
2248 2 2 1 1 34 330 33
2249 2 2 1 1 843 1038 869
2250 2 2 1 1 940 1054 882
2251 2 2 1 1 802 818 803
2252 2 2 1 1 461 467 462
2253 2 2 1 1 1115 1680 1113
2254 2 2 1 1 1259 1287 1049
2255 2 2 1 1 646 669 647
2256 2 2 1 1 625 658 657
2257 2 2 1 1 616 662 661
2258 2 2 1 1 1038 1307 1053
2259 2 2 1 1 652 659 650
2260 2 2 1 1 669 802 670
2261 2 2 1 1 633 1716 601
2262 2 2 1 1 1490 1495 1036
2263 2 2 1 1 480 1722 1557
2264 2 2 1 1 1141 1709 1279
2265 2 2 1 1 534 554 535
2266 2 2 1 1 858 1718 798
2267 2 2 1 1 1309 1727 1707
2268 2 2 1 1 612 614 613
2269 2 2 1 1 784 812 659
2270 2 2 1 1 627 639 638
2271 2 2 1 1 477 479 475
2272 2 2 1 1 953 1703 951
2273 2 2 1 1 1026 1031 1027
2274 2 2 1 1 642 1019 805
2275 2 2 1 1 723 1582 721
2276 2 2 1 1 584 1768 537
2277 2 2 1 1 477 480 479
2278 2 2 1 1 474 478 470
2279 2 2 1 1 44 394 45
2280 2 2 1 1 614 627 626
2281 2 2 1 1 499 505 498
2282 2 2 1 1 167 348 168
2283 2 2 1 1 1358 1378 1231
2284 2 2 1 1 717 1689 715
2285 2 2 1 1 750 1812 875
2286 2 2 1 1 859 1715 943
2287 2 2 1 1 1024 1026 1025
2288 2 2 1 1 660 784 659
2289 2 2 1 1 480 484 483
2290 2 2 1 1 506 1730 505
2291 2 2 1 1 813 1697 793
2292 2 2 1 1 1287 1298 1049
2293 2 2 1 1 620 655 654
2294 2 2 1 1 1236 1390 1098
2295 2 2 1 1 864 1725 844
2296 2 2 1 1 1038 1725 1308
2297 2 2 1 1 823 862 824
2298 2 2 1 1 486 1155 488
2299 2 2 1 1 468 789 463
2300 2 2 1 1 879 960 812
2301 2 2 1 1 1304 1306 1046
2302 2 2 1 1 1481 1482 373
2303 2 2 1 1 608 610 609
2304 2 2 1 1 635 646 645
2305 2 2 1 1 872 1737 672
2306 2 2 1 1 970 1715 859
2307 2 2 1 1 445 1766 447
2308 2 2 1 1 641 649 639
2309 2 2 1 1 676 1718 1138
2310 2 2 1 1 650 1704 649
2311 2 2 1 1 490 600 492
2312 2 2 1 1 1526 1862 1529
2313 2 2 1 1 592 604 603
2314 2 2 1 1 785 1735 784
2315 2 2 1 1 485 1722 477
2316 2 2 1 1 1842 1848 1167
2317 2 2 1 1 1048 1703 1654
2318 2 2 1 1 538 1726 531
2319 2 2 1 1 973 1024 1023
2320 2 2 1 1 1486 1816 1484
2321 2 2 1 1 531 1726 530
2322 2 2 1 1 830 1734 1124
2323 2 2 1 1 484 498 483
2324 2 2 1 1 927 1726 1257
2325 2 2 1 1 862 1171 1170
2326 2 2 1 1 1091 1382 1381
2327 2 2 1 1 413 1791 451
2328 2 2 1 1 943 1715 1210
2329 2 2 1 1 784 879 812
2330 2 2 1 1 879 1049 960
2331 2 2 1 1 1690 1730 512
2332 2 2 1 1 1495 1737 1036
2333 2 2 1 1 843 1725 1038
2334 2 2 1 1 1107 1163 953
2335 2 2 1 1 533 546 545
2336 2 2 1 1 480 483 479
2337 2 2 1 1 552 1723 577
2338 2 2 1 1 512 1730 506
2339 2 2 1 1 1261 1262 941
2340 2 2 1 1 1229 1289 1230
2341 2 2 1 1 788 1754 479
2342 2 2 1 1 527 533 532
2343 2 2 1 1 588 1723 552
2344 2 2 1 1 1260 1261 941
2345 2 2 1 1 858 1751 1718
2346 2 2 1 1 442 448 445
2347 2 2 1 1 518 527 526
2348 2 2 1 1 546 583 582
2349 2 2 1 1 1052 1229 1158
2350 2 2 1 1 963 1738 851
2351 2 2 1 1 954 1153 1096
2352 2 2 1 1 496 507 502
2353 2 2 1 1 1716 1723 588
2354 2 2 1 1 583 592 591
2355 2 2 1 1 638 656 626
2356 2 2 1 1 1718 1751 1138
2357 2 2 1 1 454 456 449
2358 2 2 1 1 1096 1200 1097
2359 2 2 1 1 507 518 517
2360 2 2 1 1 1173 1274 1175
2361 2 2 1 1 1070 1187 1068
2362 2 2 1 1 471 475 474
2363 2 2 1 1 869 1697 813
2364 2 2 1 1 659 1704 650
2365 2 2 1 1 524 541 540
2366 2 2 1 1 804 809 656
2367 2 2 1 1 1277 1335 1262
2368 2 2 1 1 473 482 481
2369 2 2 1 1 967 1202 966
2370 2 2 1 1 1583 1810 1627
2371 2 2 1 1 879 1735 1259
2372 2 2 1 1 482 500 481
2373 2 2 1 1 767 1756 695
2374 2 2 1 1 489 1156 487
2375 2 2 1 1 461 462 460
2376 2 2 1 1 612 613 610
2377 2 2 1 1 477 1722 480
2378 2 2 1 1 473 481 472
2379 2 2 1 1 1053 1724 1131
2380 2 2 1 1 466 472 465
2381 2 2 1 1 446 771 444
2382 2 2 1 1 1142 1722 485
2383 2 2 1 1 1178 1780 1357
2384 2 2 1 1 870 871 836
2385 2 2 1 1 792 1735 785
2386 2 2 1 1 816 1107 953
2387 2 2 1 1 596 1739 625
2388 2 2 1 1 684 1734 777
2389 2 2 1 1 466 473 472
2390 2 2 1 1 729 1765 734
2391 2 2 1 1 929 1717 931
2392 2 2 1 1 339 1711 164
2393 2 2 1 1 1220 1415 1372
2394 2 2 1 1 783 1746 643
2395 2 2 1 1 458 465 457
2396 2 2 1 1 1681 1734 684
2397 2 2 1 1 462 463 460
2398 2 2 1 1 1307 1724 1053
2399 2 2 1 1 530 1726 927
2400 2 2 1 1 972 973 886
2401 2 2 1 1 777 1734 830
2402 2 2 1 1 905 965 961
2403 2 2 1 1 580 1739 596
2404 2 2 1 1 1299 1300 1265
2405 2 2 1 1 1133 1747 1699
2406 2 2 1 1 630 1746 1700
2407 2 2 1 1 1261 1277 1262
2408 2 2 1 1 614 626 613
2409 2 2 1 1 627 638 626
2410 2 2 1 1 643 1746 630
2411 2 2 1 1 464 469 468
2412 2 2 1 1 745 1749 705
2413 2 2 1 1 1417 1419 1418
2414 2 2 1 1 469 471 470
2415 2 2 1 1 1253 1680 1115
2416 2 2 1 1 851 1738 853
2417 2 2 1 1 462 464 463
2418 2 2 1 1 541 1744 580
2419 2 2 1 1 1158 1748 878
2420 2 2 1 1 1444 1880 1209
2421 2 2 1 1 952 1758 1583
2422 2 2 1 1 784 1735 879
2423 2 2 1 1 471 1740 476
2424 2 2 1 1 608 609 606
2425 2 2 1 1 458 466 465
2426 2 2 1 1 1161 1299 1265
2427 2 2 1 1 1258 1790 1139
2428 2 2 1 1 136 1752 377
2429 2 2 1 1 516 524 523
2430 2 2 1 1 695 1756 525
2431 2 2 1 1 804 941 809
2432 2 2 1 1 1239 1717 929
2433 2 2 1 1 639 1753 638
2434 2 2 1 1 474 1188 478
2435 2 2 1 1 427 774 425
2436 2 2 1 1 603 615 591
2437 2 2 1 1 441 443 439
2438 2 2 1 1 417 692 415
2439 2 2 1 1 638 804 656
2440 2 2 1 1 170 358 171
2441 2 2 1 1 1071 1222 1073
2442 2 2 1 1 731 1689 717
2443 2 2 1 1 1005 1006 867
2444 2 2 1 1 434 457 431
2445 2 2 1 1 504 516 514
2446 2 2 1 1 1108 1817 514
2447 2 2 1 1 547 1785 1154
2448 2 2 1 1 625 1017 658
2449 2 2 1 1 464 468 463
2450 2 2 1 1 1107 1457 1163
2451 2 2 1 1 165 1711 389
2452 2 2 1 1 812 1704 659
2453 2 2 1 1 1240 1733 450
2454 2 2 1 1 1676 1745 790
2455 2 2 1 1 853 1738 954
2456 2 2 1 1 469 470 468
2457 2 2 1 1 1417 1418 1255
2458 2 2 1 1 471 474 470
2459 2 2 1 1 632 1732 612
2460 2 2 1 1 931 1717 1008
2461 2 2 1 1 642 663 615
2462 2 2 1 1 960 1731 1137
2463 2 2 1 1 759 834 833
2464 2 2 1 1 1295 1334 1294
2465 2 2 1 1 1386 1833 1149
2466 2 2 1 1 1700 1746 1256
2467 2 2 1 1 577 1773 543
2468 2 2 1 1 1154 1818 1458
2469 2 2 1 1 801 835 800
2470 2 2 1 1 805 823 663
2471 2 2 1 1 769 1740 469
2472 2 2 1 1 510 1741 498
2473 2 2 1 1 783 1790 1746
2474 2 2 1 1 662 800 661
2475 2 2 1 1 1132 1778 1758
2476 2 2 1 1 545 548 532
2477 2 2 1 1 538 1773 1726
2478 2 2 1 1 1802 1811 970
2479 2 2 1 1 933 1728 935
2480 2 2 1 1 1138 1751 1140
2481 2 2 1 1 473 486 482
2482 2 2 1 1 546 582 545
2483 2 2 1 1 486 1764 1155
2484 2 2 1 1 533 545 532
2485 2 2 1 1 592 603 591
2486 2 2 1 1 1298 1731 1049
2487 2 2 1 1 583 591 582
2488 2 2 1 1 862 1172 1171
2489 2 2 1 1 1049 1731 960
2490 2 2 1 1 483 1741 788
2491 2 2 1 1 389 1714 166
2492 2 2 1 1 173 366 174
2493 2 2 1 1 455 460 459
2494 2 2 1 1 805 942 823
2495 2 2 1 1 1173 1315 1274
2496 2 2 1 1 1172 1173 1171
2497 2 2 1 1 450 455 454
2498 2 2 1 1 1578 1784 1116
2499 2 2 1 1 612 1732 614
2500 2 2 1 1 464 1743 769
2501 2 2 1 1 458 773 466
2502 2 2 1 1 455 1733 461
2503 2 2 1 1 1008 1728 933
2504 2 2 1 1 836 1762 835
2505 2 2 1 1 642 805 663
2506 2 2 1 1 1315 1345 1274
2507 2 2 1 1 527 532 526
2508 2 2 1 1 528 542 534
2509 2 2 1 1 804 1753 1260
2510 2 2 1 1 834 999 995
2511 2 2 1 1 918 926 920
2512 2 2 1 1 423 453 421
2513 2 2 1 1 1520 1805 963
2514 2 2 1 1 518 526 517
2515 2 2 1 1 424 648 426
2516 2 2 1 1 603 642 615
2517 2 2 1 1 835 878 800
2518 2 2 1 1 467 1743 462
2519 2 2 1 1 649 1753 639
2520 2 2 1 1 1122 1775 696
2521 2 2 1 1 1266 1267 1080
2522 2 2 1 1 455 459 454
2523 2 2 1 1 526 1157 517
2524 2 2 1 1 809 1750 905
2525 2 2 1 1 434 458 457
2526 2 2 1 1 1101 1412 1411
2527 2 2 1 1 415 1791 413
2528 2 2 1 1 524 547 541
2529 2 2 1 1 1726 1773 1257
2530 2 2 1 1 1110 1358 1231
2531 2 2 1 1 1373 1374 1267
2532 2 2 1 1 547 549 541
2533 2 2 1 1 507 517 502
2534 2 2 1 1 1670 1786 1112
2535 2 2 1 1 498 1741 483
2536 2 2 1 1 935 1728 1004
2537 2 2 1 1 638 1753 804
2538 2 2 1 1 167 1714 348
2539 2 2 1 1 537 1768 539
2540 2 2 1 1 460 1742 459
2541 2 2 1 1 1034 1052 878
2542 2 2 1 1 616 635 595
2543 2 2 1 1 500 775 519
2544 2 2 1 1 590 595 549
2545 2 2 1 1 1746 1790 1256
2546 2 2 1 1 954 1738 1153
2547 2 2 1 1 885 886 877
2548 2 2 1 1 1070 1770 1187
2549 2 2 1 1 469 1740 471
2550 2 2 1 1 1383 1384 1382
2551 2 2 1 1 831 1780 908
2552 2 2 1 1 479 1754 475
2553 2 2 1 1 450 454 449
2554 2 2 1 1 1262 1750 941
2555 2 2 1 1 646 808 669
2556 2 2 1 1 1227 1349 1266
2557 2 2 1 1 492 493 491
2558 2 2 1 1 494 495 493
2559 2 2 1 1 496 497 495
2560 2 2 1 1 1154 1757 590
2561 2 2 1 1 502 504 497
2562 2 2 1 1 490 491 489
2563 2 2 1 1 447 1766 1240
2564 2 2 1 1 1205 2002 1813
2565 2 2 1 1 835 1034 878
2566 2 2 1 1 616 1757 662
2567 2 2 1 1 547 590 549
2568 2 2 1 1 1079 1227 1080
2569 2 2 1 1 447 450 449
2570 2 2 1 1 1034 1294 1052
2571 2 2 1 1 590 616 595
2572 2 2 1 1 616 661 635
2573 2 2 1 1 462 1743 464
2574 2 2 1 1 580 1744 1739
2575 2 2 1 1 1814 1839 733
2576 2 2 1 1 492 494 493
2577 2 2 1 1 802 887 818
2578 2 2 1 1 494 496 495
2579 2 2 1 1 490 492 491
2580 2 2 1 1 504 772 516
2581 2 2 1 1 1405 1407 1404
2582 2 2 1 1 496 502 497
2583 2 2 1 1 1078 1197 1076
2584 2 2 1 1 885 972 886
2585 2 2 1 1 949 950 947
2586 2 2 1 1 941 1750 809
2587 2 2 1 1 549 1744 541
2588 2 2 1 1 1547 1799 757
2589 2 2 1 1 789 1742 463
2590 2 2 1 1 437 907 435
2591 2 2 1 1 1641 1831 565
2592 2 2 1 1 543 1773 538
2593 2 2 1 1 1722 1783 1557
2594 2 2 1 1 503 1759 491
2595 2 2 1 1 418 452 420
2596 2 2 1 1 478 1755 470
2597 2 2 1 1 1142 1783 1722
2598 2 2 1 1 876 1051 885
2599 2 2 1 1 1034 1762 1295
2600 2 2 1 1 625 1739 1017
2601 2 2 1 1 1091 1383 1382
2602 2 2 1 1 475 1754 474
2603 2 2 1 1 744 1600 740
2604 2 2 1 1 642 1763 1019
2605 2 2 1 1 1155 1761 488
2606 2 2 1 1 468 1755 789
2607 2 2 1 1 890 1236 1098
2608 2 2 1 1 490 1761 600
2609 2 2 1 1 827 1802 970
2610 2 2 1 1 426 428 427
2611 2 2 1 1 876 877 751
2612 2 2 1 1 883 1044 962
2613 2 2 1 1 420 422 421
2614 2 2 1 1 450 1733 455
2615 2 2 1 1 445 447 446
2616 2 2 1 1 871 1762 836
2617 2 2 1 1 1178 1357 1356
2618 2 2 1 1 488 490 489
2619 2 2 1 1 442 445 444
2620 2 2 1 1 430 432 431
2621 2 2 1 1 1383 1413 1384
2622 2 2 1 1 1389 1833 1386
2623 2 2 1 1 424 426 425
2624 2 2 1 1 428 430 429
2625 2 2 1 1 463 1742 460
2626 2 2 1 1 604 1763 603
2627 2 2 1 1 422 424 423
2628 2 2 1 1 1004 1787 937
2629 2 2 1 1 1931 1940 912
2630 2 2 1 1 418 420 419
2631 2 2 1 1 432 434 431
2632 2 2 1 1 416 418 417
2633 2 2 1 1 445 446 444
2634 2 2 1 1 447 449 446
2635 2 2 1 1 430 433 432
2636 2 2 1 1 442 444 441
2637 2 2 1 1 488 489 487
2638 2 2 1 1 686 1793 682
2639 2 2 1 1 1056 1057 914
2640 2 2 1 1 905 1750 965
2641 2 2 1 1 914 1834 811
2642 2 2 1 1 1454 1901 1219
2643 2 2 1 1 486 487 482
2644 2 2 1 1 440 442 441
2645 2 2 1 1 1230 1822 1158
2646 2 2 1 1 1484 1816 1752
2647 2 2 1 1 792 1788 1735
2648 2 2 1 1 937 1787 998
2649 2 2 1 1 430 431 429
2650 2 2 1 1 945 947 946
2651 2 2 1 1 1159 1394 999
2652 2 2 1 1 428 429 427
2653 2 2 1 1 750 874 751
2654 2 2 1 1 426 427 425
2655 2 2 1 1 998 1787 1091
2656 2 2 1 1 747 750 748
2657 2 2 1 1 414 691 416
2658 2 2 1 1 1743 1872 1533
2659 2 2 1 1 1227 1266 1080
2660 2 2 1 1 1077 1079 1078
2661 2 2 1 1 893 1860 1858
2662 2 2 1 1 474 1754 1188
2663 2 2 1 1 1266 1373 1267
2664 2 2 1 1 1220 1372 1002
2665 2 2 1 1 489 1759 1156
2666 2 2 1 1 732 747 746
2667 2 2 1 1 1473 1783 1142
2668 2 2 1 1 470 1755 468
2669 2 2 1 1 414 416 415
2670 2 2 1 1 424 425 423
2671 2 2 1 1 1255 1767 1253
2672 2 2 1 1 486 488 487
2673 2 2 1 1 413 451 411
2674 2 2 1 1 1864 1868 1440
2675 2 2 1 1 1159 1395 1394
2676 2 2 1 1 1426 1874 1425
2677 2 2 1 1 834 1159 999
2678 2 2 1 1 440 441 439
2679 2 2 1 1 422 423 421
2680 2 2 1 1 420 421 419
2681 2 2 1 1 835 1762 1034
2682 2 2 1 1 1697 1788 792
2683 2 2 1 1 748 1018 746
2684 2 2 1 1 1139 1790 783
2685 2 2 1 1 417 1779 692
2686 2 2 1 1 1130 1788 1697
2687 2 2 1 1 726 1582 723
2688 2 2 1 1 1735 1788 1259
2689 2 2 1 1 438 440 439
2690 2 2 1 1 436 438 437
2691 2 2 1 1 1566 1819 1736
2692 2 2 1 1 1079 1080 1078
2693 2 2 1 1 418 419 417
2694 2 2 1 1 497 1817 495
2695 2 2 1 1 438 439 437
2696 2 2 1 1 436 437 435
2697 2 2 1 1 635 1789 646
2698 2 2 1 1 1692 1807 613
2699 2 2 1 1 446 1774 771
2700 2 2 1 1 1202 1777 1314
2701 2 2 1 1 491 1759 489
2702 2 2 1 1 482 1769 500
2703 2 2 1 1 456 1774 449
2704 2 2 1 1 1052 1760 1229
2705 2 2 1 1 416 417 415
2706 2 2 1 1 771 1772 444
2707 2 2 1 1 613 1807 610
2708 2 2 1 1 433 436 435
2709 2 2 1 1 876 885 877
2710 2 2 1 1 593 619 594
2711 2 2 1 1 590 1757 616
2712 2 2 1 1 1202 1314 1233
2713 2 2 1 1 466 1764 473
2714 2 2 1 1 999 1771 995
2715 2 2 1 1 603 1763 642
2716 2 2 1 1 1418 1767 1255
2717 2 2 1 1 1253 1767 1680
2718 2 2 1 1 441 1772 443
2719 2 2 1 1 1258 1811 1802
2720 2 2 1 1 874 876 751
2721 2 2 1 1 995 1771 1110
2722 2 2 1 1 1466 1851 1004
2723 2 2 1 1 1258 1802 1790
2724 2 2 1 1 1075 1077 1076
2725 2 2 1 1 876 1801 1051
2726 2 2 1 1 1748 1789 661
2727 2 2 1 1 661 1789 635
2728 2 2 1 1 750 751 748
2729 2 2 1 1 742 1015 1014
2730 2 2 1 1 1294 1760 1052
2731 2 2 1 1 410 1884 511
2732 2 2 1 1 1202 1233 966
2733 2 2 1 1 950 1804 947
2734 2 2 1 1 1473 1828 896
2735 2 2 1 1 649 1800 1753
2736 2 2 1 1 433 435 432
2737 2 2 1 1 488 1761 490
2738 2 2 1 1 1074 1196 1072
2739 2 2 1 1 692 1791 415
2740 2 2 1 1 735 1814 733
2741 2 2 1 1 1156 1769 487
2742 2 2 1 1 1091 1787 1383
2743 2 2 1 1 732 746 728
2744 2 2 1 1 757 1799 759
2745 2 2 1 1 1256 1802 827
2746 2 2 1 1 1077 1078 1076
2747 2 2 1 1 1136 1800 1704
2748 2 2 1 1 646 1789 808
2749 2 2 1 1 747 748 746
2750 2 2 1 1 1785 1818 1154
2751 2 2 1 1 586 1831 1405
2752 2 2 1 1 1095 1806 1593
2753 2 2 1 1 567 1831 586
2754 2 2 1 1 487 1769 482
2755 2 2 1 1 513 1826 1588
2756 2 2 1 1 548 1781 532
2757 2 2 1 1 1244 1263 1014
2758 2 2 1 1 665 825 664
2759 2 2 1 1 1734 1810 1124
2760 2 2 1 1 414 415 413
2761 2 2 1 1 444 1772 441
2762 2 2 1 1 449 1774 446
2763 2 2 1 1 1704 1800 649
2764 2 2 1 1 500 1769 775
2765 2 2 1 1 1753 1800 1260
2766 2 2 1 1 473 1764 486
2767 2 2 1 1 773 1764 466
2768 2 2 1 1 502 1776 504
2769 2 2 1 1 516 1785 524
2770 2 2 1 1 1354 1449 634
2771 2 2 1 1 517 1776 502
2772 2 2 1 1 526 1781 1157
2773 2 2 1 1 1157 1776 517
2774 2 2 1 1 856 1803 756
2775 2 2 1 1 532 1781 526
2776 2 2 1 1 755 1600 744
2777 2 2 1 1 509 1826 513
2778 2 2 1 1 1110 1771 1358
2779 2 2 1 1 504 1776 772
2780 2 2 1 1 524 1785 547
2781 2 2 1 1 759 1799 834
2782 2 2 1 1 1790 1802 1256
2783 2 2 1 1 610 1807 609
2784 2 2 1 1 1788 1815 1259
2785 2 2 1 1 1267 1794 1080
2786 2 2 1 1 443 1796 439
2787 2 2 1 1 419 1779 417
2788 2 2 1 1 1131 1815 1130
2789 2 2 1 1 1681 1810 1734
2790 2 2 1 1 1130 1815 1788
2791 2 2 1 1 772 1785 516
2792 2 2 1 1 947 1804 946
2793 2 2 1 1 1073 1075 1074
2794 2 2 1 1 922 945 944
2795 2 2 1 1 1078 1794 1197
2796 2 2 1 1 742 1014 739
2797 2 2 1 1 1075 1076 1074
2798 2 2 1 1 1601 1823 609
2799 2 2 1 1 1756 1826 525
2800 2 2 1 1 963 1805 1738
2801 2 2 1 1 1545 1820 764
2802 2 2 1 1 1264 1842 1160
2803 2 2 1 1 1627 1810 1681
2804 2 2 1 1 772 1818 1785
2805 2 2 1 1 1431 1432 371
2806 2 2 1 1 893 1858 1457
2807 2 2 1 1 1147 1149 1145
2808 2 2 1 1 437 1796 907
2809 2 2 1 1 1278 1811 1258
2810 2 2 1 1 1015 1244 1014
2811 2 2 1 1 412 414 413
2812 2 2 1 1 966 1801 874
2813 2 2 1 1 944 1045 921
2814 2 2 1 1 1137 1821 1136
2815 2 2 1 1 432 1795 434
2816 2 2 1 1 1531 1828 1143
2817 2 2 1 1 1738 1805 1153
2818 2 2 1 1 1789 1822 808
2819 2 2 1 1 1080 1794 1078
2820 2 2 1 1 439 1796 437
2821 2 2 1 1 1846 1849 942
2822 2 2 1 1 949 1813 950
2823 2 2 1 1 945 946 944
2824 2 2 1 1 604 1823 1763
2825 2 2 1 1 1263 1839 1814
2826 2 2 1 1 1844 1855 1107
2827 2 2 1 1 1205 1813 949
2828 2 2 1 1 907 1795 435
2829 2 2 1 1 874 1801 876
2830 2 2 1 1 609 1823 606
2831 2 2 1 1 1196 1770 1072
2832 2 2 1 1 834 1799 1159
2833 2 2 1 1 920 922 921
2834 2 2 1 1 877 1798 751
2835 2 2 1 1 728 1797 726
2836 2 2 1 1 1197 1808 1076
2837 2 2 1 1 1071 1073 1072
2838 2 2 1 1 582 1819 545
2839 2 2 1 1 435 1795 432
2840 2 2 1 1 1136 1821 1800
2841 2 2 1 1 1073 1074 1072
2842 2 2 1 1 1800 1821 1260
2843 2 2 1 1 1019 1848 1842
2844 2 2 1 1 1264 1849 1846
2845 2 2 1 1 1067 1339 1069
2846 2 2 1 1 748 1798 1018
2847 2 2 1 1 1086 1380 828
2848 2 2 1 1 1259 1815 1287
2849 2 2 1 1 764 1820 890
2850 2 2 1 1 1736 1819 582
2851 2 2 1 1 991 1854 1084
2852 2 2 1 1 1748 1822 1789
2853 2 2 1 1 1066 1219 1063
2854 2 2 1 1 362 1317 35
2855 2 2 1 1 1563 1864 1550
2856 2 2 1 1 1233 1801 966
2857 2 2 1 1 803 1852 670
2858 2 2 1 1 957 1860 819
2859 2 2 1 1 922 944 921
2860 2 2 1 1 751 1798 748
2861 2 2 1 1 747 1812 750
2862 2 2 1 1 1018 1797 746
2863 2 2 1 1 919 1089 917
2864 2 2 1 1 1508 1509 687
2865 2 2 1 1 1137 1830 1821
2866 2 2 1 1 1074 1808 1196
2867 2 2 1 1 514 1817 497
2868 2 2 1 1 1586 1844 1017
2869 2 2 1 1 746 1797 728
2870 2 2 1 1 36 362 35
2871 2 2 1 1 410 511 412
2872 2 2 1 1 1071 1072 1070
2873 2 2 1 1 1752 1816 377
2874 2 2 1 1 1602 1841 808
2875 2 2 1 1 754 1861 718
2876 2 2 1 1 406 776 408
2877 2 2 1 1 1002 1803 856
2878 2 2 1 1 38 370 37
2879 2 2 1 1 1372 1803 1002
2880 2 2 1 1 412 413 411
2881 2 2 1 1 726 1797 1582
2882 2 2 1 1 1744 1825 1739
2883 2 2 1 1 720 1861 741
2884 2 2 1 1 1301 1849 1265
2885 2 2 1 1 1076 1808 1074
2886 2 2 1 1 545 1819 548
2887 2 2 1 1 606 1823 604
2888 2 2 1 1 1143 1828 1473
2889 2 2 1 1 1019 1846 805
2890 2 2 1 1 1508 1886 1509
2891 2 2 1 1 525 1826 509
2892 2 2 1 1 1793 1868 894
2893 2 2 1 1 1072 1770 1070
2894 2 2 1 1 739 1814 735
2895 2 2 1 1 1260 1821 1261
2896 2 2 1 1 816 1844 1107
2897 2 2 1 1 741 1847 1547
2898 2 2 1 1 1247 1870 1169
2899 2 2 1 1 1169 1882 1544
2900 2 2 1 1 410 412 411
2901 2 2 1 1 410 411 409
2902 2 2 1 1 808 1841 669
2903 2 2 1 1 1017 1844 658
2904 2 2 1 1 890 1820 1236
2905 2 2 1 1 802 1841 887
2906 2 2 1 1 1823 1848 1763
2907 2 2 1 1 1373 1956 688
2908 2 2 1 1 1069 1071 1070
2909 2 2 1 1 1543 1825 1744
2910 2 2 1 1 1263 1814 1014
2911 2 2 1 1 920 921 919
2912 2 2 1 1 918 920 919
2913 2 2 1 1 1056 1293 1057
2914 2 2 1 1 1812 1829 875
2915 2 2 1 1 1776 1832 772
2916 2 2 1 1 1739 1825 1017
2917 2 2 1 1 1157 1832 1776
2918 2 2 1 1 1158 1822 1748
2919 2 2 1 1 1821 1830 1261
2920 2 2 1 1 732 1839 747
2921 2 2 1 1 408 409 407
2922 2 2 1 1 370 1318 37
2923 2 2 1 1 408 410 409
2924 2 2 1 1 1167 1848 1601
2925 2 2 1 1 1852 1855 1162
2926 2 2 1 1 781 1698 619
2927 2 2 1 1 1261 1830 1277
2928 2 2 1 1 1014 1814 739
2929 2 2 1 1 565 1831 567
2930 2 2 1 1 913 916 915
2931 2 2 1 1 1582 1856 1558
2932 2 2 1 1 1165 1858 1439
2933 2 2 1 1 406 407 405
2934 2 2 1 1 1388 1389 1386
2935 2 2 1 1 586 1405 1404
2936 2 2 1 1 406 408 407
2937 2 2 1 1 1093 1094 969
2938 2 2 1 1 1447 1951 1923
2939 2 2 1 1 733 1839 732
2940 2 2 1 1 916 918 917
2941 2 2 1 1 959 1224 1223
2942 2 2 1 1 1799 1847 1159
2943 2 2 1 1 1457 1858 1163
2944 2 2 1 1 1882 1889 1544
2945 2 2 1 1 1856 1875 1558
2946 2 2 1 1 1383 1851 1413
2947 2 2 1 1 1045 1824 921
2948 2 2 1 1 404 406 405
2949 2 2 1 1 1056 1319 1293
2950 2 2 1 1 404 405 403
2951 2 2 1 1 1605 1921 1181
2952 2 2 1 1 1586 1855 1844
2953 2 2 1 1 1549 1857 1465
2954 2 2 1 1 1547 1847 1799
2955 2 2 1 1 915 1056 914
2956 2 2 1 1 918 919 917
2957 2 2 1 1 1160 1842 1167
2958 2 2 1 1 1064 1809 1067
2959 2 2 1 1 669 1841 802
2960 2 2 1 1 1181 1922 1123
2961 2 2 1 1 1069 1070 1068
2962 2 2 1 1 1015 1850 1244
2963 2 2 1 1 1057 1834 914
2964 2 2 1 1 821 968 820
2965 2 2 1 1 772 1832 1818
2966 2 2 1 1 1375 1376 1081
2967 2 2 1 1 926 1962 1720
2968 2 2 1 1 1921 1922 1181
2969 2 2 1 1 1067 1809 1339
2970 2 2 1 1 919 1824 1089
2971 2 2 1 1 745 1911 1605
2972 2 2 1 1 1457 1855 1852
2973 2 2 1 1 658 1844 816
2974 2 2 1 1 1251 1869 1252
2975 2 2 1 1 1601 1848 1823
2976 2 2 1 1 916 917 915
2977 2 2 1 1 1909 1914 871
2978 2 2 1 1 1123 1845 1198
2979 2 2 1 1 1149 1850 1145
2980 2 2 1 1 1842 1846 1019
2981 2 2 1 1 1264 1846 1842
2982 2 2 1 1 402 404 403
2983 2 2 1 1 913 914 811
2984 2 2 1 1 921 1824 919
2985 2 2 1 1 1004 1851 1787
2986 2 2 1 1 805 1846 942
2987 2 2 1 1 1352 2145 958
2988 2 2 1 1 1131 1843 1815
2989 2 2 1 1 1067 1069 1068
2990 2 2 1 1 20 341 21
2991 2 2 1 1 402 958 404
2992 2 2 1 1 1162 1855 1586
2993 2 2 1 1 655 675 674
2994 2 2 1 1 1488 1887 1184
2995 2 2 1 1 21 1836 22
2996 2 2 1 1 402 403 401
2997 2 2 1 1 666 1854 671
2998 2 2 1 1 1487 1895 1488
2999 2 2 1 1 1159 1847 1395
3000 2 2 1 1 1265 1849 1264
3001 2 2 1 1 528 1867 542
3002 2 2 1 1 1145 1850 1015
3003 2 2 1 1 820 1871 667
3004 2 2 1 1 22 390 23
3005 2 2 1 1 913 915 914
3006 2 2 1 1 775 1867 519
3007 2 2 1 1 782 810 781
3008 2 2 1 1 1763 1848 1019
3009 2 2 1 1 880 1063 881
3010 2 2 1 1 1064 1065 881
3011 2 2 1 1 1815 1843 1287
3012 2 2 1 1 670 1852 1162
3013 2 2 1 1 675 817 674
3014 2 2 1 1 23 1837 24
3015 2 2 1 1 467 1872 1743
3016 2 2 1 1 1089 1827 917
3017 2 2 1 1 1006 1872 867
3018 2 2 1 1 782 912 811
3019 2 2 1 1 665 1871 825
3020 2 2 1 1 1067 1068 1065
3021 2 2 1 1 1232 1898 1177
3022 2 2 1 1 24 349 25
3023 2 2 1 1 964 1897 855
3024 2 2 1 1 619 1698 620
3025 2 2 1 1 915 1827 1056
3026 2 2 1 1 1479 2076 366
3027 2 2 1 1 1340 1341 1221
3028 2 2 1 1 1587 1856 1018
3029 2 2 1 1 1587 1875 1856
3030 2 2 1 1 1224 1225 1223
3031 2 2 1 1 1528 1862 1526
3032 2 2 1 1 1619 1899 1885
3033 2 2 1 1 1056 1827 1319
3034 2 2 1 1 501 1891 481
3035 2 2 1 1 1787 1851 1383
3036 2 2 1 1 1168 1885 1027
3037 2 2 1 1 782 811 810
3038 2 2 1 1 1870 1882 1169
3039 2 2 1 1 917 1827 915
3040 2 2 1 1 825 880 826
3041 2 2 1 1 991 1084 1082
3042 2 2 1 1 1465 1857 1466
3043 2 2 1 1 25 1840 26
3044 2 2 1 1 653 781 619
3045 2 2 1 1 1064 1067 1065
3046 2 2 1 1 1249 1323 1094
3047 2 2 1 1 1063 1064 881
3048 2 2 1 1 1305 2067 1540
3049 2 2 1 1 1163 1858 1165
3050 2 2 1 1 542 1877 534
3051 2 2 1 1 774 1988 1693
3052 2 2 1 1 1107 1855 1457
3053 2 2 1 1 1156 1863 1769
3054 2 2 1 1 1018 1856 1797
3055 2 2 1 1 1797 1856 1582
3056 2 2 1 1 912 913 811
3057 2 2 1 1 430 1878 433
3058 2 2 1 1 1618 1893 1619
3059 2 2 1 1 819 1860 893
3060 2 2 1 1 718 1861 720
3061 2 2 1 1 1401 1900 1102
3062 2 2 1 1 825 1838 880
3063 2 2 1 1 1533 1862 1528
3064 2 2 1 1 1649 1903 96
3065 2 2 1 1 95 1903 363
3066 2 2 1 1 1148 1152 1151
3067 2 2 1 1 1157 1870 1832
3068 2 2 1 1 19 1835 20
3069 2 2 1 1 1888 1908 1685
3070 2 2 1 1 351 400 399
3071 2 2 1 1 653 782 781
3072 2 2 1 1 1832 1870 1247
3073 2 2 1 1 1025 1899 1023
3074 2 2 1 1 458 1892 773
3075 2 2 1 1 1102 1900 1005
3076 2 2 1 1 880 881 826
3077 2 2 1 1 414 1894 691
3078 2 2 1 1 1729 1906 1170
3079 2 2 1 1 1649 2012 1616
3080 2 2 1 1 1952 1976 1057
3081 2 2 1 1 406 1876 776
3082 2 2 1 1 1440 1868 1419
3083 2 2 1 1 1769 1863 775
3084 2 2 1 1 1764 1881 1155
3085 2 2 1 1 554 1907 555
3086 2 2 1 1 1419 1868 1418
3087 2 2 1 1 1006 1900 1529
3088 2 2 1 1 1795 1892 434
3089 2 2 1 1 1523 1920 754
3090 2 2 1 1 424 1904 648
3091 2 2 1 1 955 964 855
3092 2 2 1 1 452 1902 420
3093 2 2 1 1 959 1223 1081
3094 2 2 1 1 894 1864 1563
3095 2 2 1 1 27 360 28
3096 2 2 1 1 667 1871 665
3097 2 2 1 1 400 402 401
3098 2 2 1 1 825 826 664
3099 2 2 1 1 593 653 619
3100 2 2 1 1 519 1867 528
3101 2 2 1 1 1223 1375 1081
3102 2 2 1 1 1275 1914 1175
3103 2 2 1 1 392 1919 1537
3104 2 2 1 1 1233 2095 1571
3105 2 2 1 1 968 1235 1234
3106 2 2 1 1 511 1894 412
3107 2 2 1 1 736 1888 1685
3108 2 2 1 1 959 1081 955
3109 2 2 1 1 1234 1871 820
3110 2 2 1 1 1566 1912 1889
3111 2 2 1 1 408 1884 410
3112 2 2 1 1 438 1910 440
3113 2 2 1 1 400 401 399
3114 2 2 1 1 1252 1869 1408
3115 2 2 1 1 1566 1889 1819
3116 2 2 1 1 1427 1905 576
3117 2 2 1 1 1729 1914 1909
3118 2 2 1 1 1176 1875 1587
3119 2 2 1 1 1418 1868 1793
3120 2 2 1 1 1425 1874 1443
3121 2 2 1 1 1906 1912 1180
3122 2 2 1 1 867 1872 467
3123 2 2 1 1 418 1913 452
3124 2 2 1 1 691 1913 416
3125 2 2 1 1 620 1698 655
3126 2 2 1 1 1065 1933 1924
3127 2 2 1 1 958 1876 404
3128 2 2 1 1 1529 1920 1524
3129 2 2 1 1 1376 1865 1081
3130 2 2 1 1 494 1916 1595
3131 2 2 1 1 1781 1870 1157
3132 2 2 1 1 923 959 955
3133 2 2 1 1 341 1836 21
3134 2 2 1 1 1558 1875 731
3135 2 2 1 1 1176 1883 1875
3136 2 2 1 1 404 1876 406
3137 2 2 1 1 1619 1888 736
3138 2 2 1 1 492 1916 494
3139 2 2 1 1 22 1836 390
3140 2 2 1 1 1166 1883 1176
3141 2 2 1 1 426 1918 428
3142 2 2 1 1 428 1878 430
3143 2 2 1 1 675 923 855
3144 2 2 1 1 390 1837 23
3145 2 2 1 1 1939 1957 1450
3146 2 2 1 1 1209 1880 1288
3147 2 2 1 1 1641 1984 1972
3148 2 2 1 1 1221 1859 1086
3149 2 2 1 1 18 1873 19
3150 2 2 1 1 1094 1890 969
3151 2 2 1 1 1875 1883 731
3152 2 2 1 1 534 1877 554
3153 2 2 1 1 1270 1896 1698
3154 2 2 1 1 24 1837 349
3155 2 2 1 1 675 855 817
3156 2 2 1 1 1838 1879 1066
3157 2 2 1 1 1168 1908 1888
3158 2 2 1 1 1219 1901 1063
3159 2 2 1 1 1893 1899 1619
3160 2 2 1 1 923 955 855
3161 2 2 1 1 1064 1901 1809
3162 2 2 1 1 968 1234 820
3163 2 2 1 1 349 1840 25
3164 2 2 1 1 870 1909 871
3165 2 2 1 1 773 1881 1764
3166 2 2 1 1 1406 1931 1905
3167 2 2 1 1 1666 2108 1731
3168 2 2 1 1 1391 1895 1487
3169 2 2 1 1 1166 1893 1883
3170 2 2 1 1 731 1883 1689
3171 2 2 1 1 20 1835 341
3172 2 2 1 1 548 1882 1781
3173 2 2 1 1 636 1886 1508
3174 2 2 1 1 1781 1882 1870
3175 2 2 1 1 1027 1885 1025
3176 2 2 1 1 1889 1912 1544
3177 2 2 1 1 548 1889 1882
3178 2 2 1 1 459 1923 454
3179 2 2 1 1 1184 1887 1185
3180 2 2 1 1 1028 1912 1906
3181 2 2 1 1 1174 1291 1088
3182 2 2 1 1 1865 1866 964
3183 2 2 1 1 776 1884 408
3184 2 2 1 1 1168 1888 1885
3185 2 2 1 1 688 1891 501
3186 2 2 1 1 412 1894 414
3187 2 2 1 1 434 1892 458
3188 2 2 1 1 1883 1893 1689
3189 2 2 1 1 1689 1893 1618
3190 2 2 1 1 1675 1908 1168
3191 2 2 1 1 1886 1924 1509
3192 2 2 1 1 1341 1859 1221
3193 2 2 1 1 1028 1909 870
3194 2 2 1 1 1501 1932 1193
3195 2 2 1 1 1675 1911 1908
3196 2 2 1 1 1177 1898 1179
3197 2 2 1 1 1795 1932 1892
3198 2 2 1 1 1180 1912 1566
3199 2 2 1 1 1081 1865 955
3200 2 2 1 1 1023 1899 1166
3201 2 2 1 1 420 1902 422
3202 2 2 1 1 884 1174 1088
3203 2 2 1 1 1086 1859 1380
3204 2 2 1 1 421 1925 419
3205 2 2 1 1 1762 1917 1295
3206 2 2 1 1 955 1865 964
3207 2 2 1 1 1819 1889 548
3208 2 2 1 1 1406 1940 1931
3209 2 2 1 1 576 1905 593
3210 2 2 1 1 969 1890 968
3211 2 2 1 1 422 1904 424
3212 2 2 1 1 1005 1900 1006
3213 2 2 1 1 96 1903 95
3214 2 2 1 1 17 367 18
3215 2 2 1 1 1616 2012 1617
3216 2 2 1 1 1554 1928 1035
3217 2 2 1 1 1186 1937 1505
3218 2 2 1 1 1193 1934 1186
3219 2 2 1 1 1902 1904 422
3220 2 2 1 1 1297 2079 1348
3221 2 2 1 1 1932 1934 1193
3222 2 2 1 1 28 1853 2
3223 2 2 1 1 1170 1906 1180
3224 2 2 1 1 405 1929 403
3225 2 2 1 1 555 1907 599
3226 2 2 1 1 1979 1986 556
3227 2 2 1 1 664 1886 636
3228 2 2 1 1 1731 2089 1666
3229 2 2 1 1 1323 1330 1094
3230 2 2 1 1 1685 1908 1674
3231 2 2 1 1 1885 1888 1619
3232 2 2 1 1 551 1910 438
3233 2 2 1 1 1962 1972 1720
3234 2 2 1 1 1063 1901 1064
3235 2 2 1 1 1729 1909 1906
3236 2 2 1 1 1908 1911 1674
3237 2 2 1 1 871 1917 1762
3238 2 2 1 1 1505 1943 1189
3239 2 2 1 1 1544 1912 1028
3240 2 2 1 1 1674 1911 745
3241 2 2 1 1 416 1913 418
3242 2 2 1 1 1204 1935 1190
3243 2 2 1 1 1189 1944 1518
3244 2 2 1 1 1937 1943 1505
3245 2 2 1 1 826 1886 664
3246 2 2 1 1 1911 1921 1605
3247 2 2 1 1 1330 1890 1094
3248 2 2 1 1 1187 1933 1068
3249 2 2 1 1 459 1959 1923
3250 2 2 1 1 368 1915 1572
3251 2 2 1 1 19 1873 1835
3252 2 2 1 1 1866 1926 964
3253 2 2 1 1 593 1905 653
3254 2 2 1 1 1166 1899 1893
3255 2 2 1 1 376 1936 161
3256 2 2 1 1 1175 1914 1729
3257 2 2 1 1 1235 1955 1879
3258 2 2 1 1 1065 1924 881
3259 2 2 1 1 845 1938 846
3260 2 2 1 1 1934 1937 1186
3261 2 2 1 1 1915 1919 1572
3262 2 2 1 1 968 1890 1235
3263 2 2 1 1 1518 1948 1194
3264 2 2 1 1 600 1916 492
3265 2 2 1 1 1275 1917 1914
3266 2 2 1 1 1944 1948 1518
3267 2 2 1 1 1194 1950 1517
3268 2 2 1 1 1924 1933 1509
3269 2 2 1 1 648 1918 426
3270 2 2 1 1 855 1897 817
3271 2 2 1 1 1943 1944 1189
3272 2 2 1 1 1892 1932 1501
3273 2 2 1 1 817 1897 884
3274 2 2 1 1 1572 1919 392
3275 2 2 1 1 687 1939 1450
3276 2 2 1 1 1906 1909 1028
3277 2 2 1 1 1524 1920 1523
3278 2 2 1 1 655 1896 675
3279 2 2 1 1 1407 1940 1404
3280 2 2 1 1 1950 1951 1517
3281 2 2 1 1 1303 1387 1385
3282 2 2 1 1 1303 1385 1150
3283 2 2 1 1 1698 1896 655
3284 2 2 1 1 1402 1927 1357
3285 2 2 1 1 892 2007 1949
3286 2 2 1 1 1174 1292 1291
3287 2 2 1 1 1948 1950 1194
3288 2 2 1 1 1182 1947 1207
3289 2 2 1 1 387 2016 1683
3290 2 2 1 1 782 1931 912
3291 2 2 1 1 1569 2113 1571
3292 2 2 1 1 1042 1921 1675
3293 2 2 1 1 1042 1922 1921
3294 2 2 1 1 1206 1922 1042
3295 2 2 1 1 1050 2020 1653
3296 2 2 1 1 454 1923 456
3297 2 2 1 1 360 1853 28
3298 2 2 1 1 1517 1951 1448
3299 2 2 1 1 675 1896 923
3300 2 2 1 1 884 1897 1174
3301 2 2 1 1 826 1924 1886
3302 2 2 1 1 1636 2084 1634
3303 2 2 1 1 1447 1959 1446
3304 2 2 1 1 1675 1921 1911
3305 2 2 1 1 1914 1917 871
3306 2 2 1 1 367 1873 18
3307 2 2 1 1 959 1945 1224
3308 2 2 1 1 1978 1982 1283
3309 2 2 1 1 419 1925 1779
3310 2 2 1 1 1446 1965 1434
3311 2 2 1 1 965 1953 961
3312 2 2 1 1 1161 1953 1299
3313 2 2 1 1 1286 2013 1340
3314 2 2 1 1 1187 1957 1939
3315 2 2 1 1 1946 1960 916
3316 2 2 1 1 1266 1956 1373
3317 2 2 1 1 1965 1967 1434
3318 2 2 1 1 379 1961 1629
3319 2 2 1 1 881 1924 826
3320 2 2 1 1 1633 1961 1632
3321 2 2 1 1 1434 1967 1272
3322 2 2 1 1 1387 2100 359
3323 2 2 1 1 1272 1970 1271
3324 2 2 1 1 918 1960 926
3325 2 2 1 1 1970 1971 1271
3326 2 2 1 1 1923 1959 1447
3327 2 2 1 1 1905 1931 653
3328 2 2 1 1 1271 1971 1554
3329 2 2 1 1 515 1929 405
3330 2 2 1 1 1959 1965 1446
3331 2 2 1 1 1357 1927 1356
3332 2 2 1 1 1035 1928 1276
3333 2 2 1 1 1967 1970 1272
3334 2 2 1 1 1195 1966 1205
3335 2 2 1 1 1431 1989 1432
3336 2 2 1 1 1436 1989 1437
3337 2 2 1 1 1834 1958 810
3338 2 2 1 1 1977 1981 1276
3339 2 2 1 1 1225 1976 1952
3340 2 2 1 1 1276 1981 1490
3341 2 2 1 1 1490 1987 1204
3342 2 2 1 1 907 1932 1795
3343 2 2 1 1 907 1934 1932
3344 2 2 1 1 913 1946 916
3345 2 2 1 1 1682 2035 340
3346 2 2 1 1 1270 1945 1896
3347 2 2 1 1 1981 1987 1490
3348 2 2 1 1 653 1931 782
3349 2 2 1 1 1051 1974 885
3350 2 2 1 1 1641 1972 1831
3351 2 2 1 1 558 1979 556
3352 2 2 1 1 1199 1985 1283
3353 2 2 1 1 1190 1935 1192
3354 2 2 1 1 559 1978 561
3355 2 2 1 1 1374 1980 1267
3356 2 2 1 1 1796 1934 907
3357 2 2 1 1 599 1982 557
3358 2 2 1 1 1024 1983 1026
3359 2 2 1 1 1754 1977 1188
3360 2 2 1 1 1945 1958 1224
3361 2 2 1 1 1068 1933 1065
3362 2 2 1 1 161 1936 162
3363 2 2 1 1 964 1926 1897
3364 2 2 1 1 1760 2061 1581
3365 2 2 1 1 1280 1995 1991
3366 2 2 1 1 1507 2097 1388
3367 2 2 1 1 912 1946 913
3368 2 2 1 1 846 1938 866
3369 2 2 1 1 1896 1945 923
3370 2 2 1 1 1990 1991 1192
3371 2 2 1 1 1796 1937 1934
3372 2 2 1 1 1938 1941 866
3373 2 2 1 1 505 1990 510
3374 2 2 1 1 443 1937 1796
3375 2 2 1 1 1574 1994 1573
3376 2 2 1 1 1281 1997 1996
3377 2 2 1 1 1404 1940 1406
3378 2 2 1 1 866 1941 1039
3379 2 2 1 1 1288 1998 1208
3380 2 2 1 1 443 1943 1937
3381 2 2 1 1 1941 1942 1039
3382 2 2 1 1 1280 1991 1690
3383 2 2 1 1 81 1999 345
3384 2 2 1 1 1644 2049 388
3385 2 2 1 1 939 1995 1201
3386 2 2 1 1 1039 1942 1282
3387 2 2 1 1 384 1999 80
3388 2 2 1 1 1407 1960 1946
3389 2 2 1 1 1281 1996 1033
3390 2 2 1 1 1273 2051 1361
3391 2 2 1 1 1640 1997 845
3392 2 2 1 1 1297 2098 2079
3393 2 2 1 1 353 2047 1410
3394 2 2 1 1 1834 1976 1958
3395 2 2 1 1 1593 2002 1010
3396 2 2 1 1 1772 1943 443
3397 2 2 1 1 2001 2003 1282
3398 2 2 1 1 1174 1926 1292
3399 2 2 1 1 1509 1939 687
3400 2 2 1 1 1187 1939 1933
3401 2 2 1 1 1897 1926 1174
3402 2 2 1 1 1995 1996 1201
3403 2 2 1 1 1813 2002 1593
3404 2 2 1 1 1879 1955 1337
3405 2 2 1 1 1480 2028 1481
3406 2 2 1 1 1773 2001 1257
3407 2 2 1 1 529 1986 1954
3408 2 2 1 1 1040 2007 873
3409 2 2 1 1 1772 1944 1943
3410 2 2 1 1 1845 2000 1198
3411 2 2 1 1 1621 2003 1723
3412 2 2 1 1 1621 2006 2003
3413 2 2 1 1 771 1944 1772
3414 2 2 1 1 1972 1984 1720
3415 2 2 1 1 1377 2027 354
3416 2 2 1 1 1226 1930 1303
3417 2 2 1 1 771 1948 1944
3418 2 2 1 1 1207 2006 1621
3419 2 2 1 1 1493 1968 1907
3420 2 2 1 1 1284 1947 1182
3421 2 2 1 1 362 2036 1415
3422 2 2 1 1 1407 1946 1940
3423 2 2 1 1 1774 1948 771
3424 2 2 1 1 1928 1977 1276
3425 2 2 1 1 923 1945 959
3426 2 2 1 1 1057 1976 1834
3427 2 2 1 1 65 2009 386
3428 2 2 1 1 1285 1949 1284
3429 2 2 1 1 1774 1950 1948
3430 2 2 1 1 456 1950 1774
3431 2 2 1 1 1493 2002 1968
3432 2 2 1 1 1450 1957 621
3433 2 2 1 1 970 2010 1715
3434 2 2 1 1 456 1951 1950
3435 2 2 1 1 1188 1977 1928
3436 2 2 1 1 1960 1962 926
3437 2 2 1 1 1374 1986 1979
3438 2 2 1 1 621 1964 1498
3439 2 2 1 1 1342 1963 1343
3440 2 2 1 1 1907 1968 599
3441 2 2 1 1 961 1953 1161
3442 2 2 1 1 1373 1954 1374
3443 2 2 1 1 679 1973 1504
3444 2 2 1 1 1935 1990 1192
3445 2 2 1 1 1349 1956 1266
3446 2 2 1 1 1270 1958 1945
3447 2 2 1 1 1293 1952 1057
3448 2 2 1 1 1498 1969 679
3449 2 2 1 1 1964 1969 1498
3450 2 2 1 1 1770 1957 1187
3451 2 2 1 1 1979 1980 1374
3452 2 2 1 1 1415 2036 1215
3453 2 2 1 1 1291 2008 1088
3454 2 2 1 1 1940 1946 912
3455 2 2 1 1 556 1986 535
3456 2 2 1 1 1504 1975 622
3457 2 2 1 1 1973 1975 1504
3458 2 2 1 1 510 1990 1935
3459 2 2 1 1 331 2015 124
3460 2 2 1 1 123 2015 1622
3461 2 2 1 1 1933 1939 1509
3462 2 2 1 1 810 1958 1270
3463 2 2 1 1 1957 1964 621
3464 2 2 1 1 1742 1959 459
3465 2 2 1 1 1315 2054 1345
3466 2 2 1 1 1632 1961 379
3467 2 2 1 1 1659 2016 1660
3468 2 2 1 1 1724 2127 380
3469 2 2 1 1 916 1960 918
3470 2 2 1 1 1541 2019 391
3471 2 2 1 1 1975 1980 622
3472 2 2 1 1 1969 1973 679
3473 2 2 1 1 822 2018 858
3474 2 2 1 1 1054 2018 882
3475 2 2 1 1 1355 1988 1421
3476 2 2 1 1 48 2019 365
3477 2 2 1 1 391 2019 47
3478 2 2 1 1 1610 2020 1608
3479 2 2 1 1 1226 2120 1930
3480 2 2 1 1 1405 1962 1407
3481 2 2 1 1 1770 1964 1957
3482 2 2 1 1 1942 2001 1282
3483 2 2 1 1 1438 2043 1348
3484 2 2 1 1 1742 1965 1959
3485 2 2 1 1 1575 2023 1576
3486 2 2 1 1 587 1985 1984
3487 2 2 1 1 1283 1985 1978
3488 2 2 1 1 1331 2023 1332
3489 2 2 1 1 1653 2020 1652
3490 2 2 1 1 587 1984 1641
3491 2 2 1 1 163 2021 339
3492 2 2 1 1 1196 1964 1770
3493 2 2 1 1 1693 1988 1355
3494 2 2 1 1 1257 2001 1942
3495 2 2 1 1 1211 2024 1273
3496 2 2 1 1 958 2145 1880
3497 2 2 1 1 789 1965 1742
3498 2 2 1 1 1196 1969 1964
3499 2 2 1 1 1283 1966 1195
3500 2 2 1 1 1923 1951 456
3501 2 2 1 1 789 1967 1965
3502 2 2 1 1 1655 2068 338
3503 2 2 1 1 358 2136 1428
3504 2 2 1 1 1755 1967 789
3505 2 2 1 1 1958 1976 1224
3506 2 2 1 1 1808 1969 1196
3507 2 2 1 1 1947 2007 1040
3508 2 2 1 1 1755 1970 1967
3509 2 2 1 1 478 1970 1755
3510 2 2 1 1 478 1971 1970
3511 2 2 1 1 1405 1972 1962
3512 2 2 1 1 1966 1982 599
3513 2 2 1 1 1188 1971 478
3514 2 2 1 1 1376 2011 1865
3515 2 2 1 1 885 1974 972
3516 2 2 1 1 1197 1975 1973
3517 2 2 1 1 1831 1972 1405
3518 2 2 1 1 1197 1973 1808
3519 2 2 1 1 370 2025 1318
3520 2 2 1 1 1808 1973 1969
3521 2 2 1 1 1639 2027 1377
3522 2 2 1 1 1515 2027 1513
3523 2 2 1 1 1284 2007 1947
3524 2 2 1 1 1250 2064 1835
3525 2 2 1 1 381 2056 1636
3526 2 2 1 1 1840 2022 26
3527 2 2 1 1 1992 1993 1292
3528 2 2 1 1 788 1977 1754
3529 2 2 1 1 1794 1975 1197
3530 2 2 1 1 788 1981 1977
3531 2 2 1 1 360 2008 1853
3532 2 2 1 1 561 1978 587
3533 2 2 1 1 557 1982 559
3534 2 2 1 1 622 1979 558
3535 2 2 1 1 1026 1983 1050
3536 2 2 1 1 1741 1981 788
3537 2 2 1 1 1224 1976 1225
3538 2 2 1 1 962 2028 1212
3539 2 2 1 1 1984 1985 1503
3540 2 2 1 1 27 2022 360
3541 2 2 1 1 397 2014 87
3542 2 2 1 1 1720 1984 1503
3543 2 2 1 1 1267 1980 1794
3544 2 2 1 1 1503 1985 1199
3545 2 2 1 1 1794 1980 1975
3546 2 2 1 1 1279 2106 1650
3547 2 2 1 1 1741 1987 1981
3548 2 2 1 1 1340 2013 1342
3549 2 2 1 1 510 1987 1741
3550 2 2 1 1 1432 1989 1436
3551 2 2 1 1 341 2064 1363
3552 2 2 1 1 4 393 39
3553 2 2 1 1 1730 1990 505
3554 2 2 1 1 1991 1995 1192
3555 2 2 1 1 2093 2145 1352
3556 2 2 1 1 958 2066 1352
3557 2 2 1 1 1407 1962 1960
3558 2 2 1 1 1730 1991 1990
3559 2 2 1 1 1866 1992 1926
3560 2 2 1 1 1302 2125 1286
3561 2 2 1 1 1690 1991 1730
3562 2 2 1 1 1805 2029 1153
3563 2 2 1 1 1573 1994 1218
3564 2 2 1 1 1996 1997 1201
3565 2 2 1 1 1192 1995 939
3566 2 2 1 1 1279 2060 1278
3567 2 2 1 1 1206 2017 1845
3568 2 2 1 1 1328 2090 342
3569 2 2 1 1 1936 2021 162
3570 2 2 1 1 1033 1996 1280
3571 2 2 1 1 944 2031 1045
3572 2 2 1 1 1398 2004 1329
3573 2 2 1 1 1201 1997 1640
3574 2 2 1 1 1208 1998 1220
3575 2 2 1 1 1280 1996 1995
3576 2 2 1 1 80 1999 81
3577 2 2 1 1 942 2032 823
3578 2 2 1 1 862 2032 1172
3579 2 2 1 1 1198 2000 1325
3580 2 2 1 1 577 2001 1773
3581 2 2 1 1 359 2034 85
3582 2 2 1 1 1010 2002 1493
3583 2 2 1 1 1866 2026 1992
3584 2 2 1 1 577 2003 2001
3585 2 2 1 1 1723 2003 577
3586 2 2 1 1 2003 2006 1282
3587 2 2 1 1 887 2033 818
3588 2 2 1 1 883 2033 1044
3589 2 2 1 1 1282 2006 1040
3590 2 2 1 1 873 2007 892
3591 2 2 1 1 1324 2035 1701
3592 2 2 1 1 622 1980 1979
3593 2 2 1 1 84 2037 359
3594 2 2 1 1 1200 2098 1297
3595 2 2 1 1 1507 2037 83
3596 2 2 1 1 1283 1982 1966
3597 2 2 1 1 388 2119 1644
3598 2 2 1 1 1629 2010 1630
3599 2 2 1 1 1285 2112 1634
3600 2 2 1 1 1613 2077 1306
3601 2 2 1 1 1410 2074 372
3602 2 2 1 1 1978 1985 587
3603 2 2 1 1 64 2009 65
3604 2 2 1 1 1088 2008 1400
3605 2 2 1 1 1361 2051 172
3606 2 2 1 1 1954 1986 1374
3607 2 2 1 1 169 2038 170
3608 2 2 1 1 1811 2010 970
3609 2 2 1 1 1926 1992 1292
3610 2 2 1 1 1335 2086 334
3611 2 2 1 1 2048 2096 387
3612 2 2 1 1 1269 2039 1778
3613 2 2 1 1 2012 2085 1617
3614 2 2 1 1 356 2012 1649
3615 2 2 1 1 109 2040 342
3616 2 2 1 1 380 2040 110
3617 2 2 1 1 1865 2011 1866
3618 2 2 1 1 343 2044 1429
3619 2 2 1 1 1375 2047 353
3620 2 2 1 1 1289 2063 1290
3621 2 2 1 1 87 2014 86
3622 2 2 1 1 85 2034 4
3623 2 2 1 1 1335 2042 1262
3624 2 2 1 1 1750 2042 965
3625 2 2 1 1 2004 2005 1329
3626 2 2 1 1 41 2014 42
3627 2 2 1 1 124 2015 123
3628 2 2 1 1 1200 2118 2098
3629 2 2 1 1 1290 2045 1602
3630 2 2 1 1 1348 2079 1438
3631 2 2 1 1 397 2105 2014
3632 2 2 1 1 1727 2016 1659
3633 2 2 1 1 1653 2075 1050
3634 2 2 1 1 1953 2107 1299
3635 2 2 1 1 1310 2017 1206
3636 2 2 1 1 882 2018 822
3637 2 2 1 1 49 2046 50
3638 2 2 1 1 47 2019 48
3639 2 2 1 1 1646 2048 350
3640 2 2 1 1 1646 2096 2048
3641 2 2 1 1 1963 2080 1344
3642 2 2 1 1 60 2048 387
3643 2 2 1 1 350 2048 59
3644 2 2 1 1 384 2095 1999
3645 2 2 1 1 26 2022 27
3646 2 2 1 1 2033 2133 1044
3647 2 2 1 1 1652 2020 1610
3648 2 2 1 1 1332 2023 1575
3649 2 2 1 1 1841 2045 887
3650 2 2 1 1 162 2021 163
3651 2 2 1 1 58 2049 350
3652 2 2 1 1 388 2049 57
3653 2 2 1 1 1223 2047 1375
3654 2 2 1 1 172 2051 173
3655 2 2 1 1 1541 2067 1218
3656 2 2 1 1 1843 2081 1664
3657 2 2 1 1 1212 2024 1211
3658 2 2 1 1 1682 2088 2035
3659 2 2 1 1 1388 2097 1389
3660 2 2 1 1 1712 2052 1711
3661 2 2 1 1 2030 2057 1376
3662 2 2 1 1 354 2083 1377
3663 2 2 1 1 1172 2053 1173
3664 2 2 1 1 997 2039 1713
3665 2 2 1 1 1713 2039 1712
3666 2 2 1 1 127 2054 375
3667 2 2 1 1 858 2072 1751
3668 2 2 1 1 1351 2025 370
3669 2 2 1 1 1274 2055 1275
3670 2 2 1 1 2047 2074 1410
3671 2 2 1 1 1576 2131 1574
3672 2 2 1 1 1338 2050 367
3673 2 2 1 1 1624 2107 1953
3674 2 2 1 1 1513 2027 1639
3675 2 2 1 1 1024 2116 1983
3676 2 2 1 1 1760 2059 1229
3677 2 2 1 1 1630 2060 352
3678 2 2 1 1 2074 2104 372
3679 2 2 1 1 1334 2061 1294
3680 2 2 1 1 1044 2028 962
3681 2 2 1 1 377 2063 1564
3682 2 2 1 1 1218 2067 1047
3683 2 2 1 1 1849 2062 942
3684 2 2 1 1 344 2069 63
3685 2 2 1 1 50 2073 51
3686 2 2 1 1 402 2066 958
3687 2 2 1 1 1306 2099 1611
3688 2 2 1 1 1843 2068 1287
3689 2 2 1 1 1561 2092 331
3690 2 2 1 1 1041 2075 1310
3691 2 2 1 1 1050 2075 1031
3692 2 2 1 1 70 2078 385
3693 2 2 1 1 1306 2077 1046
3694 2 2 1 1 940 2077 1054
3695 2 2 1 1 1438 2079 1580
3696 2 2 1 1 1430 2139 1089
3697 2 2 1 1 1313 2146 1428
3698 2 2 1 1 1334 2101 1585
3699 2 2 1 1 1521 2029 1805
3700 2 2 1 1 54 2083 354
3701 2 2 1 1 389 2071 1714
3702 2 2 1 1 1714 2087 348
3703 2 2 1 1 337 2055 1345
3704 2 2 1 1 1751 2085 1140
3705 2 2 1 1 1999 2095 1314
3706 2 2 1 1 1375 2030 1376
3707 2 2 1 1 946 2031 944
3708 2 2 1 1 1668 2086 1667
3709 2 2 1 1 2010 2109 1715
3710 2 2 1 1 1607 2058 1570
3711 2 2 1 1 4 2034 393
3712 2 2 1 1 382 2089 1655
3713 2 2 1 1 393 2034 1930
3714 2 2 1 1 107 2090 381
3715 2 2 1 1 342 2090 108
3716 2 2 1 1 1481 2133 1483
3717 2 2 1 1 366 2076 174
3718 2 2 1 1 1295 2101 1334
3719 2 2 1 1 351 2141 400
3720 2 2 1 1 1645 2103 1646
3721 2 2 1 1 6 2110 142
3722 2 2 1 1 1709 2106 1279
3723 2 2 1 1 176 2110 6
3724 2 2 1 1 40 2082 1350
3725 2 2 1 1 1647 2103 1645
3726 2 2 1 1 395 2110 1478
3727 2 2 1 1 823 2032 862
3728 2 2 1 1 1660 2103 1043
3729 2 2 1 1 1983 2116 1609
3730 2 2 1 1 1622 2107 357
3731 2 2 1 1 1321 2111 1296
3732 2 2 1 1 372 2104 1422
3733 2 2 1 1 1210 2112 1183
3734 2 2 1 1 1731 2108 1137
3735 2 2 1 1 1634 2112 1633
3736 2 2 1 1 1479 2114 1477
3737 2 2 1 1 1597 2118 1598
3738 2 2 1 1 1216 2136 1321
3739 2 2 1 1 1644 2119 1516
3740 2 2 1 1 1311 2137 1309
3741 2 2 1 1 818 2033 883
3742 2 2 1 1 52 2135 53
3743 2 2 1 1 972 2116 973
3744 2 2 1 1 360 2115 2008
3745 2 2 1 1 1214 2128 1151
3746 2 2 1 1 43 2134 44
3747 2 2 1 1 68 2124 69
3748 2 2 1 1 168 2122 169
3749 2 2 1 1 1233 2113 1801
3750 2 2 1 1 1679 2130 335
3751 2 2 1 1 1153 2132 1096
3752 2 2 1 1 1307 2127 1724
3753 2 2 1 1 368 2099 1915
3754 2 2 1 1 86 2014 41
3755 2 2 1 1 2087 2111 348
3756 2 2 1 1 2011 2026 1866
3757 2 2 1 1 1701 2035 1217
3758 2 2 1 1 1298 2089 1731
3759 2 2 1 1 1688 2119 388
3760 2 2 1 1 1215 2036 1214
3761 2 2 1 1 1827 2139 1319
3762 2 2 1 1 2118 2132 1598
3763 2 2 1 1 1485 2133 2033
3764 2 2 1 1 2023 2073 1576
3765 2 2 1 1 17 2094 367
3766 2 2 1 1 385 2078 2000
3767 2 2 1 1 1570 2058 1974
3768 2 2 1 1 946 2043 2031
3769 2 2 1 1 1303 2100 1387
3770 2 2 1 1 83 2037 84
3771 2 2 1 1 1663 2081 1724
3772 2 2 1 1 64 2069 2009
3773 2 2 1 1 170 2038 358
3774 2 2 1 1 2005 2056 1329
3775 2 2 1 1 2104 2121 1422
3776 2 2 1 1 1629 2109 2010
3777 2 2 1 1 1363 2064 1414
3778 2 2 1 1 2026 2117 1992
3779 2 2 1 1 1275 2101 1917
3780 2 2 1 1 1218 2142 1541
3781 2 2 1 1 345 2097 1507
3782 2 2 1 1 2008 2115 1400
3783 2 2 1 1 1351 2128 2025
3784 2 2 1 1 1778 2039 997
3785 2 2 1 1 110 2040 109
3786 2 2 1 1 1422 2121 343
3787 2 2 1 1 1321 2122 2111
3788 2 2 1 1 2046 2131 1576
3789 2 2 1 1 2071 2087 1714
3790 2 2 1 1 1724 2081 1131
3791 2 2 1 1 1352 2066 1322
3792 2 2 1 1 2025 2128 1214
3793 2 2 1 1 1262 2042 1750
3794 2 2 1 1 356 2106 2012
3795 2 2 1 1 1804 2043 946
3796 2 2 1 1 1429 2044 1430
3797 2 2 1 1 7 2057 143
3798 2 2 1 1 2010 2140 1630
3799 2 2 1 1 1811 2140 2010
3800 2 2 1 1 1837 2126 349
3801 2 2 1 1 1377 2083 1333
3802 2 2 1 1 1414 2064 1250
3803 2 2 1 1 1304 2099 1306
3804 2 2 1 1 1830 2108 1667
3805 2 2 1 1 1321 2136 2038
3806 2 2 1 1 1277 2086 1335
3807 2 2 1 1 365 2046 49
3808 2 2 1 1 1602 2045 1841
3809 2 2 1 1 361 2073 2023
3810 2 2 1 1 2026 2065 396
3811 2 2 1 1 2045 2143 887
3812 2 2 1 1 1225 2047 1223
3813 2 2 1 1 1915 2102 1919
3814 2 2 1 1 1994 2142 1218
3815 2 2 1 1 59 2048 60
3816 2 2 1 1 1585 2055 337
3817 2 2 1 1 1342 2126 1963
3818 2 2 1 1 965 2129 1953
3819 2 2 1 1 1305 2102 1915
3820 2 2 1 1 1288 2093 1998
3821 2 2 1 1 2035 2088 1217
3822 2 2 1 1 1536 2105 397
3823 2 2 1 1 57 2049 58
3824 2 2 1 1 1319 2139 2044
3825 2 2 1 1 175 2076 1478
3826 2 2 1 1 1329 2056 1328
3827 2 2 1 1 386 2088 1682
3828 2 2 1 1 1853 2138 2
3829 2 2 1 1 173 2051 366
3830 2 2 1 1 2075 2130 1310
3831 2 2 1 1 39 2082 40
3832 2 2 1 1 2028 2114 1212
3833 2 2 1 1 349 2126 2013
3834 2 2 1 1 364 2057 7
3835 2 2 1 1 1711 2052 389
3836 2 2 1 1 1667 2108 1666
3837 2 2 1 1 367 2050 1873
3838 2 2 1 1 1953 2129 1624
3839 2 2 1 1 1609 2058 1607
3840 2 2 1 1 1173 2053 1315
3841 2 2 1 1 128 2054 127
3842 2 2 1 1 1345 2055 1274
3843 2 2 1 1 1268 2071 1269
3844 2 2 1 1 1581 2061 378
3845 2 2 1 1 349 2125 1840
3846 2 2 1 1 396 2117 2026
3847 2 2 1 1 2014 2105 42
3848 2 2 1 1 1131 2081 1843
3849 2 2 1 1 2070 2091 1993
3850 2 2 1 1 2018 2072 858
3851 2 2 1 1 1229 2059 1289
3852 2 2 1 1 1998 2093 330
3853 2 2 1 1 177 2138 369
3854 2 2 1 1 352 2060 1651
3855 2 2 1 1 359 2100 2034
3856 2 2 1 1 396 2065 181
3857 2 2 1 1 182 2065 364
3858 2 2 1 1 1294 2061 1760
3859 2 2 1 1 143 2057 2030
3860 2 2 1 1 180 2070 396
3861 2 2 1 1 1301 2062 1849
3862 2 2 1 1 1816 2063 377
3863 2 2 1 1 1292 2123 1291
3864 2 2 1 1 369 2091 178
3865 2 2 1 1 380 2127 2040
3866 2 2 1 1 1540 2067 1541
3867 2 2 1 1 1314 2095 1233
3868 2 2 1 1 1047 2067 1305
3869 2 2 1 1 181 2065 182
3870 2 2 1 1 2019 2142 365
3871 2 2 1 1 1617 2072 1615
3872 2 2 1 1 400 2066 402
3873 2 2 1 1 1835 2064 341
3874 2 2 1 1 179 2070 180
3875 2 2 1 1 393 2120 2082
3876 2 2 1 1 63 2069 64
3877 2 2 1 1 1287 2068 1298
3878 2 2 1 1 2042 2129 965
3879 2 2 1 1 174 2076 175
3880 2 2 1 1 51 2073 361
3881 2 2 1 1 2013 2125 349
3882 2 2 1 1 1478 2076 1479
3883 2 2 1 1 1974 2058 972
3884 2 2 1 1 1031 2075 1041
3885 2 2 1 1 69 2078 70
3886 2 2 1 1 1046 2077 940
3887 2 2 1 1 887 2143 2033
3888 2 2 1 1 1836 2080 390
3889 2 2 1 1 1225 2074 2047
3890 2 2 1 1 1580 2079 374
3891 2 2 1 1 1993 2091 369
3892 2 2 1 1 1664 2081 1663
3893 2 2 1 1 53 2083 54
3894 2 2 1 1 1949 2084 2005
3895 2 2 1 1 1480 2114 2028
3896 2 2 1 1 1140 2085 1709
3897 2 2 1 1 331 2092 2015
3898 2 2 1 1 2 2138 177
3899 2 2 1 1 1993 2117 2070
3900 2 2 1 1 2000 2078 1325
3901 2 2 1 1 1952 2074 1225
3902 2 2 1 1 2079 2098 374
3903 2 2 1 1 390 2080 1963
3904 2 2 1 1 365 2142 1994
3905 2 2 1 1 334 2086 1668
3906 2 2 1 1 1486 2143 2045
3907 2 2 1 1 2041 2138 1853
3908 2 2 1 1 1389 2097 1777
3909 2 2 1 1 1654 2087 1268
3910 2 2 1 1 1615 2072 2018
3911 2 2 1 1 1630 2140 2060
3912 2 2 1 1 1217 2088 1706
3913 2 2 1 1 178 2091 179
3914 2 2 1 1 1666 2089 382
3915 2 2 1 1 108 2090 107
3916 2 2 1 1 1952 2104 2074
3917 2 2 1 1 1285 2084 1949
3918 2 2 1 1 1300 2092 1301
3919 2 2 1 1 330 2093 1316
3920 2 2 1 1 2016 2096 1660
3921 2 2 1 1 1571 2095 384
3922 2 2 1 1 1 2094 17
3923 2 2 1 1 369 2123 1993
3924 2 2 1 1 393 2082 39
3925 2 2 1 1 1654 2111 2087
3926 2 2 1 1 374 2098 1596
3927 2 2 1 1 1993 2123 1292
3928 2 2 1 1 1611 2099 368
3929 2 2 1 1 1715 2109 1210
3930 2 2 1 1 1043 2103 1647
3931 2 2 1 1 1286 2125 2013
3932 2 2 1 1 1917 2101 1295
3933 2 2 1 1 42 2105 43
3934 2 2 1 1 1650 2106 356
3935 2 2 1 1 357 2107 1624
3936 2 2 1 1 1400 2115 1302
3937 2 2 1 1 2022 2115 360
3938 2 2 1 1 1961 2109 1629
3939 2 2 1 1 2098 2118 1596
3940 2 2 1 1 1919 2102 1538
3941 2 2 1 1 142 2110 395
3942 2 2 1 1 1137 2108 1830
3943 2 2 1 1 1296 2111 1654
3944 2 2 1 1 1268 2087 2071
3945 2 2 1 1 1183 2112 1285
3946 2 2 1 1 1801 2113 1051
3947 2 2 1 1 1200 2132 2118
3948 2 2 1 1 1477 2114 1480
3949 2 2 1 1 1172 2144 2053
3950 2 2 1 1 1930 2120 393
3951 2 2 1 1 1293 2121 2104
3952 2 2 1 1 973 2116 1024
3953 2 2 1 1 2015 2092 1300
3954 2 2 1 1 1596 2118 1597
3955 2 2 1 1 1516 2119 1515
3956 2 2 1 1 2038 2136 358
3957 2 2 1 1 1151 2128 1226
3958 2 2 1 1 1930 2100 1303
3959 2 2 1 1 1210 2109 1961
3960 2 2 1 1 1291 2123 2041
3961 2 2 1 1 1992 2117 1993
3962 2 2 1 1 348 2122 168
3963 2 2 1 1 31 2141 351
3964 2 2 1 1 1293 2104 1952
3965 2 2 1 1 1319 2121 1293
3966 2 2 1 1 340 2124 68
3967 2 2 1 1 1326 2127 1307
3968 2 2 1 1 1624 2129 1625
3969 2 2 1 1 2033 2143 1485
3970 2 2 1 1 369 2138 2041
3971 2 2 1 1 1574 2131 1994
3972 2 2 1 1 335 2130 1653
3973 2 2 1 1 1483 2133 1485
3974 2 2 1 1 1096 2132 1200
3975 2 2 1 1 1269 2071 2052
3976 2 2 1 1 2040 2127 1326
3977 2 2 1 1 44 2134 394
3978 2 2 1 1 1428 2136 1216
3979 2 2 1 1 361 2135 52
3980 2 2 1 1 1309 2137 1727
3981 2 2 1 1 1485 2143 1486
3982 2 2 1 1 1361 2146 1313
3983 2 2 1 1 1560 2144 1562
3984 2 2 1 1 1278 2140 1811
3985 2 2 1 1 1089 2139 1827
3986 2 2 1 1 387 2096 2016
3987 2 2 1 1 1880 2145 1288
3988 2 2 1 1 1625 2129 2042
3989 2 2 1 1 2111 2122 348
3990 2 2 1 1 1653 2130 2075
3991 2 2 1 1 2034 2100 1930
3992 2 2 1 1 1302 2115 2022
3993 2 2 1 1 2044 2139 1430
3994 2 2 1 1 2052 2071 389
3995 2 2 1 1 1994 2131 365
3996 2 2 1 1 2013 2126 1342
3997 2 2 1 1 179 2091 2070
3998 2 2 1 1 1541 2142 2019
3999 2 2 1 1 1288 2145 2093
4000 2 2 1 1 2060 2140 1278
4001 2 2 1 1 2041 2123 369
4002 2 2 1 1 365 2131 2046
4003 2 2 1 1 2070 2117 396
4004 2 2 1 1 2053 2144 1560
4005 2 2 2 2 43 2211 42
4006 2 2 2 2 2150 2332 2289
4007 2 2 2 2 2289 2331 2150
4008 2 2 2 2 2151 2330 2329
4009 2 2 2 2 2149 2326 2293
4010 2 2 2 2 2293 2319 2149
4011 2 2 2 2 2329 2330 2285
4012 2 2 2 2 2214 2215 2168
4013 2 2 2 2 2152 2328 2327
4014 2 2 2 2 2327 2328 2281
4015 2 2 2 2 2192 2222 2217
4016 2 2 2 2 2153 2325 2324
4017 2 2 2 2 2324 2325 2277
4018 2 2 2 2 187 2198 186
4019 2 2 2 2 2154 2323 2322
4020 2 2 2 2 2222 2223 2217
4021 2 2 2 2 2322 2323 2273
4022 2 2 2 2 2191 2209 2208
4023 2 2 2 2 2210 2333 2170
4024 2 2 2 2 2155 2320 2318
4025 2 2 2 2 2318 2320 2269
4026 2 2 2 2 2193 2211 43
4027 2 2 2 2 2148 2206 2204
4028 2 2 2 2 184 2197 183
4029 2 2 2 2 2150 2331 2293
4030 2 2 2 2 2293 2326 2150
4031 2 2 2 2 2156 2317 2316
4032 2 2 2 2 2316 2317 2265
4033 2 2 2 2 2151 2329 2289
4034 2 2 2 2 2191 2208 2207
4035 2 2 2 2 184 2351 2197
4036 2 2 2 2 2289 2332 2151
4037 2 2 2 2 2157 2314 2313
4038 2 2 2 2 2313 2314 2261
4039 2 2 2 2 2152 2327 2285
4040 2 2 2 2 2285 2330 2152
4041 2 2 2 2 2158 2312 2311
4042 2 2 2 2 2311 2312 2257
4043 2 2 2 2 2153 2324 2281
4044 2 2 2 2 2148 2219 2206
4045 2 2 2 2 2281 2328 2153
4046 2 2 2 2 2159 2310 2309
4047 2 2 2 2 2170 2220 2210
4048 2 2 2 2 2309 2310 2253
4049 2 2 2 2 2215 2216 2168
4050 2 2 2 2 42 2211 2191
4051 2 2 2 2 2154 2322 2277
4052 2 2 2 2 2277 2325 2154
4053 2 2 2 2 2306 2308 2160
4054 2 2 2 2 2168 2297 2214
4055 2 2 2 2 2206 2295 2205
4056 2 2 2 2 2249 2308 2306
4057 2 2 2 2 2155 2318 2273
4058 2 2 2 2 84 2339 2172
4059 2 2 2 2 2205 2295 2172
4060 2 2 2 2 2273 2323 2155
4061 2 2 2 2 2302 2304 2161
4062 2 2 2 2 2245 2304 2302
4063 2 2 2 2 2156 2316 2269
4064 2 2 2 2 183 2197 40
4065 2 2 2 2 2269 2320 2156
4066 2 2 2 2 2162 2301 2300
4067 2 2 2 2 2300 2301 2241
4068 2 2 2 2 2157 2313 2265
4069 2 2 2 2 8 187 186
4070 2 2 2 2 2163 2305 2299
4071 2 2 2 2 2265 2317 2157
4072 2 2 2 2 243 2207 2195
4073 2 2 2 2 2299 2305 2237
4074 2 2 2 2 2158 2311 2261
4075 2 2 2 2 2164 2321 2303
4076 2 2 2 2 2261 2314 2158
4077 2 2 2 2 2159 2309 2257
4078 2 2 2 2 2303 2321 2233
4079 2 2 2 2 2257 2312 2159
4080 2 2 2 2 2160 2308 2253
4081 2 2 2 2 2172 2339 2205
4082 2 2 2 2 2198 2344 186
4083 2 2 2 2 2165 2336 2315
4084 2 2 2 2 2253 2310 2160
4085 2 2 2 2 2161 2304 2249
4086 2 2 2 2 3 183 40
4087 2 2 2 2 2249 2306 2161
4088 2 2 2 2 2162 2300 2245
4089 2 2 2 2 2245 2302 2162
4090 2 2 2 2 2315 2336 2229
4091 2 2 2 2 2163 2299 2241
4092 2 2 2 2 5 2207 243
4093 2 2 2 2 2241 2301 2163
4094 2 2 2 2 2164 2303 2237
4095 2 2 2 2 2166 2337 2229
4096 2 2 2 2 2190 2223 2222
4097 2 2 2 2 238 10 239
4098 2 2 2 2 2166 2338 2337
4099 2 2 2 2 2165 2315 2233
4100 2 2 2 2 2237 2305 2164
4101 2 2 2 2 2208 2333 2210
4102 2 2 2 2 2190 2224 2223
4103 2 2 2 2 2207 2208 2195
4104 2 2 2 2 2233 2321 2165
4105 2 2 2 2 2221 2333 2307
4106 2 2 2 2 2337 2338 2225
4107 2 2 2 2 2229 2336 2166
4108 2 2 2 2 2189 2228 2227
4109 2 2 2 2 2193 2212 2211
4110 2 2 2 2 2167 2348 2216
4111 2 2 2 2 2216 2342 2167
4112 2 2 2 2 49 2226 48
4113 2 2 2 2 2217 2345 2192
4114 2 2 2 2 237 2340 2196
4115 2 2 2 2 2191 2211 2209
4116 2 2 2 2 192 2219 191
4117 2 2 2 2 2189 2227 2226
4118 2 2 2 2 9 2296 2171
4119 2 2 2 2 2167 2342 2225
4120 2 2 2 2 2215 2217 2216
4121 2 2 2 2 190 2296 9
4122 2 2 2 2 4 2199 85
4123 2 2 2 2 41 2207 5
4124 2 2 2 2 2225 2338 2167
4125 2 2 2 2 2307 2333 2209
4126 2 2 2 2 2188 2232 2231
4127 2 2 2 2 2189 2226 49
4128 2 2 2 2 48 2226 2190
4129 2 2 2 2 2218 2355 2197
4130 2 2 2 2 51 2230 50
4131 2 2 2 2 2194 2351 184
4132 2 2 2 2 2224 2225 2223
4133 2 2 2 2 2149 2219 192
4134 2 2 2 2 191 2219 2148
4135 2 2 2 2 2197 2351 2218
4136 2 2 2 2 2229 2337 2227
4137 2 2 2 2 2188 2231 2230
4138 2 2 2 2 2208 2210 2195
4139 2 2 2 2 2170 2333 2221
4140 2 2 2 2 2190 2226 2224
4141 2 2 2 2 2228 2229 2227
4142 2 2 2 2 50 2230 2189
4143 2 2 2 2 2188 2230 51
4144 2 2 2 2 2193 2213 2212
4145 2 2 2 2 235 2220 2170
4146 2 2 2 2 85 2339 84
4147 2 2 2 2 2191 2207 41
4148 2 2 2 2 2340 2346 2196
4149 2 2 2 2 2200 2218 2203
4150 2 2 2 2 2189 2230 2228
4151 2 2 2 2 2187 2236 2235
4152 2 2 2 2 2173 2292 2291
4153 2 2 2 2 53 2234 52
4154 2 2 2 2 2203 2350 2335
4155 2 2 2 2 2182 2256 2255
4156 2 2 2 2 2181 2260 2259
4157 2 2 2 2 2180 2264 2263
4158 2 2 2 2 2179 2268 2267
4159 2 2 2 2 2174 2288 2287
4160 2 2 2 2 2175 2284 2283
4161 2 2 2 2 2176 2280 2279
4162 2 2 2 2 2178 2272 2271
4163 2 2 2 2 2177 2276 2275
4164 2 2 2 2 2183 2252 2251
4165 2 2 2 2 2172 2295 2294
4166 2 2 2 2 2206 2354 2295
4167 2 2 2 2 2200 2203 2202
4168 2 2 2 2 2187 2235 2234
4169 2 2 2 2 2184 2248 2247
4170 2 2 2 2 2232 2233 2231
4171 2 2 2 2 83 2294 82
4172 2 2 2 2 2182 2255 2254
4173 2 2 2 2 2181 2259 2258
4174 2 2 2 2 2180 2263 2262
4175 2 2 2 2 2179 2267 2266
4176 2 2 2 2 2173 2291 2290
4177 2 2 2 2 2174 2287 2286
4178 2 2 2 2 2175 2283 2282
4179 2 2 2 2 2176 2279 2278
4180 2 2 2 2 2177 2275 2274
4181 2 2 2 2 2178 2271 2270
4182 2 2 2 2 65 2258 64
4183 2 2 2 2 2183 2251 2250
4184 2 2 2 2 63 2254 62
4185 2 2 2 2 67 2262 66
4186 2 2 2 2 69 2266 68
4187 2 2 2 2 81 2290 80
4188 2 2 2 2 79 2286 78
4189 2 2 2 2 77 2282 76
4190 2 2 2 2 75 2278 74
4191 2 2 2 2 71 2270 70
4192 2 2 2 2 73 2274 72
4193 2 2 2 2 237 2196 236
4194 2 2 2 2 61 2250 60
4195 2 2 2 2 2185 2244 2243
4196 2 2 2 2 2184 2247 2246
4197 2 2 2 2 52 2234 2188
4198 2 2 2 2 2187 2234 53
4199 2 2 2 2 2172 2294 83
4200 2 2 2 2 2186 2240 2239
4201 2 2 2 2 2188 2234 2232
4202 2 2 2 2 59 2246 58
4203 2 2 2 2 188 2198 187
4204 2 2 2 2 2185 2243 2242
4205 2 2 2 2 2182 2254 63
4206 2 2 2 2 2181 2258 65
4207 2 2 2 2 2180 2262 67
4208 2 2 2 2 2233 2315 2231
4209 2 2 2 2 2179 2266 69
4210 2 2 2 2 2173 2290 81
4211 2 2 2 2 2174 2286 79
4212 2 2 2 2 2175 2282 77
4213 2 2 2 2 2176 2278 75
4214 2 2 2 2 2178 2270 71
4215 2 2 2 2 2177 2274 73
4216 2 2 2 2 55 2238 54
4217 2 2 2 2 2183 2250 61
4218 2 2 2 2 2186 2239 2238
4219 2 2 2 2 2335 2347 2203
4220 2 2 2 2 57 2242 56
4221 2 2 2 2 2184 2246 59
4222 2 2 2 2 2292 2293 2291
4223 2 2 2 2 2213 2214 2212
4224 2 2 2 2 235 2170 234
4225 2 2 2 2 2185 2242 57
4226 2 2 2 2 2186 2238 55
4227 2 2 2 2 64 2258 2182
4228 2 2 2 2 66 2262 2181
4229 2 2 2 2 62 2254 2183
4230 2 2 2 2 68 2266 2180
4231 2 2 2 2 80 2290 2174
4232 2 2 2 2 78 2286 2175
4233 2 2 2 2 76 2282 2176
4234 2 2 2 2 2236 2237 2235
4235 2 2 2 2 70 2270 2179
4236 2 2 2 2 74 2278 2177
4237 2 2 2 2 72 2274 2178
4238 2 2 2 2 60 2250 2184
4239 2 2 2 2 2256 2257 2255
4240 2 2 2 2 2260 2261 2259
4241 2 2 2 2 2264 2265 2263
4242 2 2 2 2 2268 2269 2267
4243 2 2 2 2 2288 2289 2287
4244 2 2 2 2 2284 2285 2283
4245 2 2 2 2 2280 2281 2279
4246 2 2 2 2 2272 2273 2271
4247 2 2 2 2 2276 2277 2275
4248 2 2 2 2 2252 2253 2251
4249 2 2 2 2 82 2294 2173
4250 2 2 2 2 2196 2220 236
4251 2 2 2 2 2226 2227 2224
4252 2 2 2 2 2248 2249 2247
4253 2 2 2 2 2170 2221 234
4254 2 2 2 2 233 2221 2169
4255 2 2 2 2 58 2246 2185
4256 2 2 2 2 54 2238 2187
4257 2 2 2 2 2294 2295 2292
4258 2 2 2 2 9 2171 189
4259 2 2 2 2 2244 2245 2243
4260 2 2 2 2 2187 2238 2236
4261 2 2 2 2 2173 2294 2292
4262 2 2 2 2 2240 2241 2239
4263 2 2 2 2 56 2242 2186
4264 2 2 2 2 2147 2218 2200
4265 2 2 2 2 2182 2258 2256
4266 2 2 2 2 2181 2262 2260
4267 2 2 2 2 2180 2266 2264
4268 2 2 2 2 2179 2270 2268
4269 2 2 2 2 2174 2290 2288
4270 2 2 2 2 2175 2286 2284
4271 2 2 2 2 2176 2282 2280
4272 2 2 2 2 2178 2274 2272
4273 2 2 2 2 2177 2278 2276
4274 2 2 2 2 2183 2254 2252
4275 2 2 2 2 2230 2231 2228
4276 2 2 2 2 2209 2333 2208
4277 2 2 2 2 2184 2250 2248
4278 2 2 2 2 42 2191 41
4279 2 2 2 2 2234 2235 2232
4280 2 2 2 2 2213 2215 2214
4281 2 2 2 2 2185 2246 2244
4282 2 2 2 2 2190 2222 47
4283 2 2 2 2 2186 2242 2240
4284 2 2 2 2 2197 2355 40
4285 2 2 2 2 2238 2239 2236
4286 2 2 2 2 2258 2259 2256
4287 2 2 2 2 2262 2263 2260
4288 2 2 2 2 2266 2267 2264
4289 2 2 2 2 2270 2271 2268
4290 2 2 2 2 2290 2291 2288
4291 2 2 2 2 2286 2287 2284
4292 2 2 2 2 2282 2283 2280
4293 2 2 2 2 2274 2275 2272
4294 2 2 2 2 2278 2279 2276
4295 2 2 2 2 2254 2255 2252
4296 2 2 2 2 2250 2251 2248
4297 2 2 2 2 46 2222 2192
4298 2 2 2 2 2246 2247 2244
4299 2 2 2 2 2242 2243 2240
4300 2 2 2 2 80 2174 79
4301 2 2 2 2 84 2172 83
4302 2 2 2 2 62 2183 61
4303 2 2 2 2 60 2184 59
4304 2 2 2 2 58 2185 57
4305 2 2 2 2 54 2187 53
4306 2 2 2 2 78 2175 77
4307 2 2 2 2 64 2182 63
4308 2 2 2 2 44 2193 43
4309 2 2 2 2 56 2186 55
4310 2 2 2 2 74 2177 73
4311 2 2 2 2 76 2176 75
4312 2 2 2 2 48 2190 47
4313 2 2 2 2 70 2179 69
4314 2 2 2 2 52 2188 51
4315 2 2 2 2 68 2180 67
4316 2 2 2 2 46 2192 45
4317 2 2 2 2 50 2189 49
4318 2 2 2 2 82 2173 81
4319 2 2 2 2 66 2181 65
4320 2 2 2 2 72 2178 71
4321 2 2 2 2 47 2222 46
4322 2 2 2 2 234 2221 233
4323 2 2 2 2 236 2220 235
4324 2 2 2 2 197 2151 196
4325 2 2 2 2 199 2152 198
4326 2 2 2 2 201 2153 200
4327 2 2 2 2 231 2168 230
4328 2 2 2 2 191 2148 190
4329 2 2 2 2 195 2150 194
4330 2 2 2 2 203 2154 202
4331 2 2 2 2 205 2155 204
4332 2 2 2 2 221 2163 220
4333 2 2 2 2 213 2159 212
4334 2 2 2 2 207 2156 206
4335 2 2 2 2 215 2160 214
4336 2 2 2 2 229 2167 228
4337 2 2 2 2 223 2164 222
4338 2 2 2 2 225 2165 224
4339 2 2 2 2 217 2161 216
4340 2 2 2 2 219 2162 218
4341 2 2 2 2 209 2157 208
4342 2 2 2 2 211 2158 210
4343 2 2 2 2 227 2166 226
4344 2 2 2 2 233 2169 232
4345 2 2 2 2 193 2149 192
4346 2 2 2 2 185 2194 184
4347 2 2 2 2 39 2147 4
4348 2 2 2 2 186 2344 185
4349 2 2 2 2 243 2195 242
4350 2 2 2 2 2237 2303 2235
4351 2 2 2 2 231 2297 2168
4352 2 2 2 2 2169 2297 232
4353 2 2 2 2 2253 2308 2251
4354 2 2 2 2 2257 2309 2255
4355 2 2 2 2 2249 2304 2247
4356 2 2 2 2 2261 2311 2259
4357 2 2 2 2 2241 2299 2239
4358 2 2 2 2 2245 2300 2243
4359 2 2 2 2 2265 2313 2263
4360 2 2 2 2 2269 2316 2267
4361 2 2 2 2 2273 2318 2271
4362 2 2 2 2 2277 2322 2275
4363 2 2 2 2 2281 2324 2279
4364 2 2 2 2 2285 2327 2283
4365 2 2 2 2 2210 2298 2195
4366 2 2 2 2 2293 2331 2291
4367 2 2 2 2 2289 2329 2287
4368 2 2 2 2 2148 2296 190
4369 2 2 2 2 232 2297 231
4370 2 2 2 2 2200 2202 2201
4371 2 2 2 2 2195 2298 242
4372 2 2 2 2 2240 2300 2241
4373 2 2 2 2 242 2298 241
4374 2 2 2 2 219 2301 2162
4375 2 2 2 2 2163 2301 220
4376 2 2 2 2 2162 2302 218
4377 2 2 2 2 217 2302 2161
4378 2 2 2 2 238 2340 237
4379 2 2 2 2 2244 2304 2245
4380 2 2 2 2 2164 2305 222
4381 2 2 2 2 221 2305 2163
4382 2 2 2 2 2236 2299 2237
4383 2 2 2 2 2161 2306 216
4384 2 2 2 2 215 2306 2160
4385 2 2 2 2 2147 2200 2199
4386 2 2 2 2 2248 2308 2249
4387 2 2 2 2 213 2310 2159
4388 2 2 2 2 2160 2310 214
4389 2 2 2 2 40 2355 39
4390 2 2 2 2 211 2312 2158
4391 2 2 2 2 2159 2312 212
4392 2 2 2 2 2292 2319 2293
4393 2 2 2 2 2252 2309 2253
4394 2 2 2 2 2158 2314 210
4395 2 2 2 2 209 2314 2157
4396 2 2 2 2 207 2317 2156
4397 2 2 2 2 2157 2317 208
4398 2 2 2 2 2256 2311 2257
4399 2 2 2 2 205 2320 2155
4400 2 2 2 2 2156 2320 206
4401 2 2 2 2 223 2321 2164
4402 2 2 2 2 2165 2321 224
4403 2 2 2 2 2260 2313 2261
4404 2 2 2 2 2155 2323 204
4405 2 2 2 2 203 2323 2154
4406 2 2 2 2 2204 2206 2205
4407 2 2 2 2 193 2326 2149
4408 2 2 2 2 2150 2326 194
4409 2 2 2 2 2154 2325 202
4410 2 2 2 2 201 2325 2153
4411 2 2 2 2 2264 2316 2265
4412 2 2 2 2 199 2328 2152
4413 2 2 2 2 2153 2328 200
4414 2 2 2 2 2268 2318 2269
4415 2 2 2 2 2152 2330 198
4416 2 2 2 2 197 2330 2151
4417 2 2 2 2 195 2332 2150
4418 2 2 2 2 2151 2332 196
4419 2 2 2 2 2272 2322 2273
4420 2 2 2 2 2276 2324 2277
4421 2 2 2 2 2147 2199 4
4422 2 2 2 2 2280 2327 2281
4423 2 2 2 2 2284 2329 2285
4424 2 2 2 2 2288 2331 2289
4425 2 2 2 2 2232 2303 2233
4426 2 2 2 2 225 2336 2165
4427 2 2 2 2 2166 2336 226
4428 2 2 2 2 2204 2356 2148
4429 2 2 2 2 2200 2201 2199
4430 2 2 2 2 227 2338 2166
4431 2 2 2 2 2167 2338 228
4432 2 2 2 2 2204 2205 2201
4433 2 2 2 2 2202 2204 2201
4434 2 2 2 2 2239 2299 2236
4435 2 2 2 2 2243 2300 2240
4436 2 2 2 2 220 2301 219
4437 2 2 2 2 2216 2348 2168
4438 2 2 2 2 2235 2303 2232
4439 2 2 2 2 218 2302 217
4440 2 2 2 2 2221 2307 2169
4441 2 2 2 2 2247 2304 2244
4442 2 2 2 2 222 2305 221
4443 2 2 2 2 216 2306 215
4444 2 2 2 2 2251 2308 2248
4445 2 2 2 2 2295 2354 2319
4446 2 2 2 2 2228 2315 2229
4447 2 2 2 2 2255 2309 2252
4448 2 2 2 2 214 2310 213
4449 2 2 2 2 2225 2342 2223
4450 2 2 2 2 2259 2311 2256
4451 2 2 2 2 212 2312 211
4452 2 2 2 2 2295 2319 2292
4453 2 2 2 2 2263 2313 2260
4454 2 2 2 2 2231 2315 2228
4455 2 2 2 2 210 2314 209
4456 2 2 2 2 2267 2316 2264
4457 2 2 2 2 2193 2341 2213
4458 2 2 2 2 208 2317 207
4459 2 2 2 2 2271 2318 2268
4460 2 2 2 2 206 2320 205
4461 2 2 2 2 224 2321 223
4462 2 2 2 2 2275 2322 2272
4463 2 2 2 2 204 2323 203
4464 2 2 2 2 2279 2324 2276
4465 2 2 2 2 202 2325 201
4466 2 2 2 2 2283 2327 2280
4467 2 2 2 2 194 2326 193
4468 2 2 2 2 200 2328 199
4469 2 2 2 2 2287 2329 2284
4470 2 2 2 2 44 2341 2193
4471 2 2 2 2 2192 2341 45
4472 2 2 2 2 198 2330 197
4473 2 2 2 2 2291 2331 2288
4474 2 2 2 2 196 2332 195
4475 2 2 2 2 188 2334 2198
4476 2 2 2 2 2171 2334 189
4477 2 2 2 2 2224 2337 2225
4478 2 2 2 2 2223 2342 2217
4479 2 2 2 2 2334 2335 2198
4480 2 2 2 2 189 2334 188
4481 2 2 2 2 226 2336 225
4482 2 2 2 2 2169 2343 2297
4483 2 2 2 2 2227 2337 2224
4484 2 2 2 2 2297 2343 2214
4485 2 2 2 2 228 2338 227
4486 2 2 2 2 2215 2345 2217
4487 2 2 2 2 2147 2355 2218
4488 2 2 2 2 229 2348 2167
4489 2 2 2 2 2168 2348 230
4490 2 2 2 2 2199 2339 85
4491 2 2 2 2 2296 2349 2171
4492 2 2 2 2 240 2340 239
4493 2 2 2 2 2205 2339 2201
4494 2 2 2 2 2298 2353 2346
4495 2 2 2 2 2298 2346 241
4496 2 2 2 2 2201 2339 2199
4497 2 2 2 2 239 2340 238
4498 2 2 2 2 2217 2342 2216
4499 2 2 2 2 45 2341 44
4500 2 2 2 2 2214 2343 2212
4501 2 2 2 2 2296 2356 2349
4502 2 2 2 2 2192 2345 2341
4503 2 2 2 2 2218 2350 2203
4504 2 2 2 2 2148 2356 2296
4505 2 2 2 2 2343 2352 2212
4506 2 2 2 2 2149 2354 2219
4507 2 2 2 2 240 2346 2340
4508 2 2 2 2 2346 2353 2196
4509 2 2 2 2 2212 2352 2211
4510 2 2 2 2 185 2344 2194
4511 2 2 2 2 2211 2352 2209
4512 2 2 2 2 2213 2345 2215
4513 2 2 2 2 2220 2353 2210
4514 2 2 2 2 2307 2352 2343
4515 2 2 2 2 2307 2343 2169
4516 2 2 2 2 2194 2344 2335
4517 2 2 2 2 241 2346 240
4518 2 2 2 2 2335 2344 2198
4519 2 2 2 2 230 2348 229
4520 2 2 2 2 2203 2349 2202
4521 2 2 2 2 2319 2354 2149
4522 2 2 2 2 2334 2347 2335
4523 2 2 2 2 2196 2353 2220
4524 2 2 2 2 2210 2353 2298
4525 2 2 2 2 2219 2354 2206
4526 2 2 2 2 2341 2345 2213
4527 2 2 2 2 2349 2356 2202
4528 2 2 2 2 39 2355 2147
4529 2 2 2 2 2335 2350 2194
4530 2 2 2 2 2171 2347 2334
4531 2 2 2 2 2202 2356 2204
4532 2 2 2 2 2209 2352 2307
4533 2 2 2 2 2347 2349 2203
4534 2 2 2 2 2171 2349 2347
4535 2 2 2 2 2350 2351 2194
4536 2 2 2 2 2218 2351 2350
4537 2 2 2 3 2448 2520 2359
4538 2 2 2 3 2447 2520 2448
4539 2 2 2 3 2420 2549 2421
4540 2 2 2 3 2411 2427 2409
4541 2 2 2 3 2433 2595 2526
4542 2 2 2 3 2379 2420 2415
4543 2 2 2 3 22 2436 21
4544 2 2 2 3 2408 2411 2409
4545 2 2 2 3 2433 2526 2407
4546 2 2 2 3 2531 2533 2490
4547 2 2 2 3 2490 2533 2503
4548 2 2 2 3 2500 2536 2499
4549 2 2 2 3 2500 2543 2536
4550 2 2 2 3 2473 2527 2472
4551 2 2 2 3 2527 2546 2472
4552 2 2 2 3 2397 2427 2422
4553 2 2 2 3 2459 2552 2460
4554 2 2 2 3 2552 2554 2460
4555 2 2 2 3 2376 2549 2420
4556 2 2 2 3 2528 2595 2522
4557 2 2 2 3 2401 2580 2432
4558 2 2 2 3 2432 2525 2401
4559 2 2 2 3 2371 2525 2432
4560 2 2 2 3 2432 2529 2371
4561 2 2 2 3 2443 2528 2522
4562 2 2 2 3 2369 2547 2472
4563 2 2 2 3 2472 2546 2369
4564 2 2 2 3 2479 2534 2402
4565 2 2 2 3 2402 2542 2479
4566 2 2 2 3 2365 2535 2507
4567 2 2 2 3 2507 2532 2365
4568 2 2 2 3 2510 2538 2495
4569 2 2 2 3 2494 2540 2396
4570 2 2 2 3 2396 2539 2494
4571 2 2 2 3 2376 2543 2500
4572 2 2 2 3 2365 2531 2490
4573 2 2 2 3 2490 2535 2365
4574 2 2 2 3 2501 2530 2488
4575 2 2 2 3 2391 2540 2494
4576 2 2 2 3 2368 2532 2507
4577 2 2 2 3 2478 2538 2510
4578 2 2 2 3 2499 2536 2393
4579 2 2 2 3 2482 2542 2402
4580 2 2 2 3 2402 2541 2482
4581 2 2 2 3 2370 2550 2468
4582 2 2 2 3 2495 2583 2510
4583 2 2 2 3 2494 2584 2391
4584 2 2 2 3 2393 2585 2499
4585 2 2 2 3 2468 2548 2370
4586 2 2 2 3 2488 2589 2501
4587 2 2 2 3 2510 2590 2478
4588 2 2 2 3 2507 2591 2368
4589 2 2 2 3 2500 2549 2376
4590 2 2 2 3 2374 2527 2473
4591 2 2 2 3 2473 2592 2374
4592 2 2 2 3 2363 2553 2464
4593 2 2 2 3 2464 2551 2363
4594 2 2 2 3 2363 2552 2459
4595 2 2 2 3 2459 2553 2363
4596 2 2 2 3 2369 2548 2468
4597 2 2 2 3 2468 2547 2369
4598 2 2 2 3 2370 2551 2464
4599 2 2 2 3 2464 2550 2370
4600 2 2 2 3 2371 2529 2460
4601 2 2 2 3 2460 2554 2371
4602 2 2 2 3 182 2420 2379
4603 2 2 2 3 2420 2421 2415
4604 2 2 2 3 2423 2521 2406
4605 2 2 2 3 2361 2436 22
4606 2 2 2 3 256 2521 2423
4607 2 2 2 3 21 2436 2362
4608 2 2 2 3 2422 2427 2411
4609 2 2 2 3 2481 2588 2582
4610 2 2 2 3 2582 2588 2485
4611 2 2 2 3 2451 2524 2523
4612 2 2 2 3 2419 2556 2405
4613 2 2 2 3 2377 2411 2408
4614 2 2 2 3 2408 2409 2378
4615 2 2 2 3 2405 2569 2419
4616 2 2 2 3 2558 2567 2416
4617 2 2 2 3 2416 2566 2559
4618 2 2 2 3 2413 2578 180
4619 2 2 2 3 2422 2565 2397
4620 2 2 2 3 2378 2417 177
4621 2 2 2 3 2447 2572 2520
4622 2 2 2 3 181 2413 180
4623 2 2 2 3 178 2408 2378
4624 2 2 2 3 2377 2408 179
4625 2 2 2 3 2417 2579 177
4626 2 2 2 3 2428 2573 2412
4627 2 2 2 3 252 2453 251
4628 2 2 2 3 2397 2564 2427
4629 2 2 2 3 2520 2572 2360
4630 2 2 2 3 2526 2595 2357
4631 2 2 2 3 2384 2563 2441
4632 2 2 2 3 2560 2573 2428
4633 2 2 2 3 2362 2436 2435
4634 2 2 2 3 2451 2570 2524
4635 2 2 2 3 2523 2524 2383
4636 2 2 2 3 2564 2597 2427
4637 2 2 2 3 18 2521 17
4638 2 2 2 3 2441 2555 2384
4639 2 2 2 3 2427 2597 2409
4640 2 2 2 3 2362 2435 2434
4641 2 2 2 3 2399 2567 2558
4642 2 2 2 3 2357 2595 2528
4643 2 2 2 3 2406 2576 2423
4644 2 2 2 3 256 2423 255
4645 2 2 2 3 2559 2566 2398
4646 2 2 2 3 17 2521 257
4647 2 2 2 3 180 2578 2377
4648 2 2 2 3 251 2453 2384
4649 2 2 2 3 2404 2565 2422
4650 2 2 2 3 2440 2572 2446
4651 2 2 2 3 7 2420 182
4652 2 2 2 3 2409 2597 2556
4653 2 2 2 3 2361 2437 2436
4654 2 2 2 3 2409 2410 2378
4655 2 2 2 3 1 17 257
4656 2 2 2 3 2377 2412 2411
4657 2 2 2 3 2446 2572 2447
4658 2 2 2 3 2429 2433 2407
4659 2 2 2 3 2416 2567 2566
4660 2 2 2 3 252 2596 2453
4661 2 2 2 3 2410 2417 2378
4662 2 2 2 3 263 2429 2407
4663 2 2 2 3 175 2443 2401
4664 2 2 2 3 257 2521 256
4665 2 2 2 3 2421 2549 2545
4666 2 2 2 3 2382 2449 248
4667 2 2 2 3 2430 2433 2429
4668 2 2 2 3 2422 2573 2404
4669 2 2 2 3 11 2383 308
4670 2 2 2 3 263 2407 262
4671 2 2 2 3 177 2579 2
4672 2 2 2 3 2410 2418 2417
4673 2 2 2 3 176 2443 175
4674 2 2 2 3 2448 2450 2445
4675 2 2 2 3 2418 2442 2417
4676 2 2 2 3 248 2449 247
4677 2 2 2 3 2381 2445 2444
4678 2 2 2 3 2412 2422 2411
4679 2 2 2 3 175 2401 174
4680 2 2 2 3 2445 2450 2444
4681 2 2 2 3 2361 2438 2437
4682 2 2 2 3 2448 2452 2450
4683 2 2 2 3 2450 2452 2451
4684 2 2 2 3 264 2429 263
4685 2 2 2 3 2394 2429 264
4686 2 2 2 3 2381 2444 246
4687 2 2 2 3 2446 2447 2445
4688 2 2 2 3 2385 2458 2457
4689 2 2 2 3 244 2523 11
4690 2 2 2 3 2394 2430 2429
4691 2 2 2 3 2389 2463 2462
4692 2 2 2 3 2381 2446 2445
4693 2 2 2 3 269 2461 268
4694 2 2 2 3 2444 2450 2380
4695 2 2 2 3 2385 2457 2456
4696 2 2 2 3 2447 2448 2445
4697 2 2 2 3 267 2456 266
4698 2 2 2 3 2389 2462 2461
4699 2 2 2 3 245 2444 2380
4700 2 2 2 3 2457 2460 2455
4701 2 2 2 3 247 2381 246
4702 2 2 2 3 251 2384 250
4703 2 2 2 3 245 2380 244
4704 2 2 2 3 249 2382 248
4705 2 2 2 3 2385 2456 267
4706 2 2 2 3 247 2449 2381
4707 2 2 2 3 11 2523 2383
4708 2 2 2 3 271 2465 270
4709 2 2 2 3 2392 2467 2466
4710 2 2 2 3 2389 2461 269
4711 2 2 2 3 268 2461 2385
4712 2 2 2 3 266 2456 2454
4713 2 2 2 3 2424 2434 2426
4714 2 2 2 3 246 2444 245
4715 2 2 2 3 2392 2466 2465
4716 2 2 2 3 2442 2600 2358
4717 2 2 2 3 254 2571 12
4718 2 2 2 3 2458 2459 2457
4719 2 2 2 3 2463 2464 2462
4720 2 2 2 3 2450 2451 2380
4721 2 2 2 3 2392 2465 271
4722 2 2 2 3 270 2465 2389
4723 2 2 2 3 2406 2521 18
4724 2 2 2 3 2385 2461 2458
4725 2 2 2 3 2431 2432 2430
4726 2 2 2 3 2389 2465 2463
4727 2 2 2 3 273 2469 272
4728 2 2 2 3 2467 2468 2466
4729 2 2 2 3 2387 2471 2470
4730 2 2 2 3 266 2454 265
4731 2 2 2 3 2392 2469 2467
4732 2 2 2 3 272 2469 2392
4733 2 2 2 3 2387 2469 273
4734 2 2 2 3 2387 2470 2469
4735 2 2 2 3 2459 2460 2457
4736 2 2 2 3 275 2518 2517
4737 2 2 2 3 2471 2472 2470
4738 2 2 2 3 306 2405 305
4739 2 2 2 3 302 2404 301
4740 2 2 2 3 304 2397 303
4741 2 2 2 3 297 2399 296
4742 2 2 2 3 300 2398 299
4743 2 2 2 3 2434 2435 2426
4744 2 2 2 3 2471 2473 2472
4745 2 2 2 3 2461 2462 2458
4746 2 2 2 3 2471 2474 2473
4747 2 2 2 3 2465 2466 2463
4748 2 2 2 3 2517 2518 2474
4749 2 2 2 3 2469 2470 2467
4750 2 2 2 3 278 2515 277
4751 2 2 2 3 2480 2515 278
4752 2 2 2 3 279 2480 278
4753 2 2 2 3 2483 2485 2364
4754 2 2 2 3 161 2483 2364
4755 2 2 2 3 281 2514 2475
4756 2 2 2 3 2475 2478 2476
4757 2 2 2 3 277 2515 2395
4758 2 2 2 3 2366 2480 279
4759 2 2 2 3 2488 2502 2486
4760 2 2 2 3 286 2512 285
4761 2 2 2 3 284 2491 283
4762 2 2 2 3 293 2496 292
4763 2 2 2 3 2487 2488 2486
4764 2 2 2 3 2372 2496 293
4765 2 2 2 3 2390 2487 2486
4766 2 2 2 3 2496 2501 2367
4767 2 2 2 3 2489 2508 2506
4768 2 2 2 3 2491 2495 2373
4769 2 2 2 3 2498 2500 2499
4770 2 2 2 3 294 2511 2372
4771 2 2 2 3 2476 2477 2366
4772 2 2 2 3 282 2514 281
4773 2 2 2 3 2498 2499 2497
4774 2 2 2 3 2374 2484 2483
4775 2 2 2 3 2484 2485 2483
4776 2 2 2 3 2372 2511 2498
4777 2 2 2 3 2498 2516 2500
4778 2 2 2 3 2505 2507 2506
4779 2 2 2 3 281 2475 280
4780 2 2 2 3 162 2483 161
4781 2 2 2 3 277 2395 276
4782 2 2 2 3 2489 2490 2487
4783 2 2 2 3 2390 2486 148
4784 2 2 2 3 2386 2509 156
4785 2 2 2 3 2475 2476 2366
4786 2 2 2 3 2375 2512 2493
4787 2 2 2 3 2386 2510 2509
4788 2 2 2 3 151 2388 150
4789 2 2 2 3 287 2368 286
4790 2 2 2 3 292 2367 291
4791 2 2 2 3 2390 2508 2489
4792 2 2 2 3 285 2375 284
4793 2 2 2 3 2505 2506 2388
4794 2 2 2 3 149 2390 148
4795 2 2 2 3 14 2403 295
4796 2 2 2 3 150 2508 149
4797 2 2 2 3 153 2391 152
4798 2 2 2 3 2372 2497 2496
4799 2 2 2 3 147 2502 146
4800 2 2 2 3 294 2372 293
4801 2 2 2 3 2475 2514 2478
4802 2 2 2 3 146 2393 145
4803 2 2 2 3 170 2363 169
4804 2 2 2 3 289 2365 288
4805 2 2 2 3 159 2402 158
4806 2 2 2 3 2477 2481 2480
4807 2 2 2 3 166 2369 165
4808 2 2 2 3 168 2370 167
4809 2 2 2 3 173 2371 172
4810 2 2 2 3 163 2374 162
4811 2 2 2 3 268 2385 267
4812 2 2 2 3 270 2389 269
4813 2 2 2 3 283 2373 282
4814 2 2 2 3 265 2394 264
4815 2 2 2 3 272 2392 271
4816 2 2 2 3 155 2396 154
4817 2 2 2 3 156 2509 155
4818 2 2 2 3 157 2386 156
4819 2 2 2 3 2374 2483 162
4820 2 2 2 3 280 2475 2366
4821 2 2 2 3 2477 2480 2366
4822 2 2 2 3 143 2376 7
4823 2 2 2 3 161 2364 160
4824 2 2 2 3 280 2366 279
4825 2 2 2 3 274 2387 273
4826 2 2 2 3 2390 2489 2487
4827 2 2 2 3 2477 2482 2481
4828 2 2 2 3 2481 2515 2480
4829 2 2 2 3 2368 2513 2512
4830 2 2 2 3 2391 2504 152
4831 2 2 2 3 2506 2508 2388
4832 2 2 2 3 285 2512 2375
4833 2 2 2 3 292 2496 2367
4834 2 2 2 3 2490 2503 2487
4835 2 2 2 3 283 2491 2373
4836 2 2 2 3 295 2511 294
4837 2 2 2 3 2512 2513 2493
4838 2 2 2 3 2375 2492 2491
4839 2 2 2 3 2504 2505 2388
4840 2 2 2 3 2403 2516 2511
4841 2 2 2 3 2487 2503 2488
4842 2 2 2 3 148 2486 147
4843 2 2 2 3 2375 2493 2492
4844 2 2 2 3 152 2504 151
4845 2 2 2 3 2368 2512 286
4846 2 2 2 3 149 2508 2390
4847 2 2 2 3 2403 2511 295
4848 2 2 2 3 2478 2479 2476
4849 2 2 2 3 2388 2508 150
4850 2 2 2 3 2375 2491 284
4851 2 2 2 3 2493 2494 2492
4852 2 2 2 3 2486 2502 147
4853 2 2 2 3 2372 2498 2497
4854 2 2 2 3 2492 2495 2491
4855 2 2 2 3 2497 2501 2496
4856 2 2 2 3 146 2502 2393
4857 2 2 2 3 155 2509 2396
4858 2 2 2 3 2373 2514 282
4859 2 2 2 3 2511 2516 2498
4860 2 2 2 3 151 2504 2388
4861 2 2 2 3 2387 2517 2471
4862 2 2 2 3 2456 2457 2455
4863 2 2 2 3 275 2517 274
4864 2 2 2 3 2471 2517 2474
4865 2 2 2 3 2379 2415 2414
4866 2 2 2 3 180 2377 179
4867 2 2 2 3 178 2378 177
4868 2 2 2 3 182 2379 181
4869 2 2 2 3 276 2518 275
4870 2 2 2 3 179 2408 178
4871 2 2 2 3 2454 2456 2455
4872 2 2 2 3 274 2517 2387
4873 2 2 2 3 2379 2413 181
4874 2 2 2 3 2415 2416 2414
4875 2 2 2 3 2414 2428 2413
4876 2 2 2 3 2379 2414 2413
4877 2 2 2 3 2395 2518 276
4878 2 2 2 3 2381 2449 2446
4879 2 2 2 3 12 2571 253
4880 2 2 2 3 265 2454 2394
4881 2 2 2 3 2410 2419 2418
4882 2 2 2 3 19 2406 18
4883 2 2 2 3 2443 2522 2401
4884 2 2 2 3 2454 2455 2431
4885 2 2 2 3 2438 2439 2437
4886 2 2 2 3 2438 2440 2439
4887 2 2 2 3 255 2423 2400
4888 2 2 2 3 28 2519 27
4889 2 2 2 3 21 2362 20
4890 2 2 2 3 25 2360 24
4891 2 2 2 3 26 2520 25
4892 2 2 2 3 27 2359 26
4893 2 2 2 3 23 2361 22
4894 2 2 2 3 2 2358 28
4895 2 2 2 3 2394 2431 2430
4896 2 2 2 3 2376 2420 7
4897 2 2 2 3 2394 2454 2431
4898 2 2 2 3 2423 2424 2400
4899 2 2 2 3 2439 2441 2437
4900 2 2 2 3 255 2400 254
4901 2 2 2 3 2424 2426 2425
4902 2 2 2 3 27 2519 2359
4903 2 2 2 3 2359 2520 26
4904 2 2 2 3 25 2520 2360
4905 2 2 2 3 2358 2519 28
4906 2 2 2 3 2401 2525 174
4907 2 2 2 3 2380 2523 244
4908 2 2 2 3 2426 2453 2425
4909 2 2 2 3 2424 2425 2400
4910 2 2 2 3 2460 2529 2455
4911 2 2 2 3 2451 2523 2380
4912 2 2 2 3 173 2525 2371
4913 2 2 2 3 2464 2553 2462
4914 2 2 2 3 2468 2550 2466
4915 2 2 2 3 249 2555 2382
4916 2 2 2 3 2384 2555 250
4917 2 2 2 3 2446 2575 2440
4918 2 2 2 3 2472 2547 2470
4919 2 2 2 3 163 2527 2374
4920 2 2 2 3 2477 2542 2482
4921 2 2 2 3 2507 2535 2506
4922 2 2 2 3 2402 2534 158
4923 2 2 2 3 2495 2538 2373
4924 2 2 2 3 289 2531 2365
4925 2 2 2 3 159 2541 2402
4926 2 2 2 3 2514 2538 2478
4927 2 2 2 3 153 2540 2391
4928 2 2 2 3 157 2534 2386
4929 2 2 2 3 2393 2536 145
4930 2 2 2 3 143 2543 2376
4931 2 2 2 3 2396 2540 154
4932 2 2 2 3 2367 2533 291
4933 2 2 2 3 2488 2530 2502
4934 2 2 2 3 2494 2539 2492
4935 2 2 2 3 2365 2532 288
4936 2 2 2 3 2489 2535 2490
4937 2 2 2 3 2364 2541 160
4938 2 2 2 3 287 2532 2368
4939 2 2 2 3 2504 2537 2505
4940 2 2 2 3 2479 2542 2476
4941 2 2 2 3 2369 2546 165
4942 2 2 2 3 2370 2548 167
4943 2 2 2 3 166 2548 2369
4944 2 2 2 3 2516 2549 2500
4945 2 2 2 3 2431 2529 2432
4946 2 2 2 3 168 2551 2370
4947 2 2 2 3 2363 2551 169
4948 2 2 2 3 2467 2547 2468
4949 2 2 2 3 2522 2580 2401
4950 2 2 2 3 170 2552 2363
4951 2 2 2 3 2371 2554 172
4952 2 2 2 3 2418 2524 2442
4953 2 2 2 3 2463 2550 2464
4954 2 2 2 3 2458 2553 2459
4955 2 2 2 3 2560 2574 2404
4956 2 2 2 3 260 2357 259
4957 2 2 2 3 2453 2596 2425
4958 2 2 2 3 2570 2600 2442
4959 2 2 2 3 2524 2570 2442
4960 2 2 2 3 2421 2558 2415
4961 2 2 2 3 2434 2562 2362
4962 2 2 2 3 261 2526 260
4963 2 2 2 3 259 2528 258
4964 2 2 2 3 2415 2558 2416
4965 2 2 2 3 174 2525 173
4966 2 2 2 3 2416 2559 2414
4967 2 2 2 3 19 2562 2406
4968 2 2 2 3 2410 2556 2419
4969 2 2 2 3 2374 2592 2484
4970 2 2 2 3 2403 2545 2516
4971 2 2 2 3 2368 2591 2513
4972 2 2 2 3 2482 2588 2481
4973 2 2 2 3 2503 2589 2488
4974 2 2 2 3 2478 2590 2479
4975 2 2 2 3 164 2527 163
4976 2 2 2 3 2506 2535 2489
4977 2 2 2 3 290 2531 289
4978 2 2 2 3 288 2532 287
4979 2 2 2 3 291 2533 290
4980 2 2 2 3 145 2536 144
4981 2 2 2 3 2373 2538 2514
4982 2 2 2 3 158 2534 157
4983 2 2 2 3 2476 2542 2477
4984 2 2 2 3 2391 2537 2504
4985 2 2 2 3 2536 2543 144
4986 2 2 2 3 2492 2539 2495
4987 2 2 2 3 2502 2530 2393
4988 2 2 2 3 144 2543 143
4989 2 2 2 3 154 2540 153
4990 2 2 2 3 290 2533 2531
4991 2 2 2 3 160 2541 159
4992 2 2 2 3 2484 2544 2485
4993 2 2 2 3 164 2546 2527
4994 2 2 2 3 2455 2529 2431
4995 2 2 2 3 165 2546 164
4996 2 2 2 3 2362 2562 20
4997 2 2 2 3 2453 2563 2384
4998 2 2 2 3 2470 2547 2467
4999 2 2 2 3 167 2548 166
5000 2 2 2 3 2466 2550 2463
5001 2 2 2 3 169 2551 168
5002 2 2 2 3 2426 2563 2453
5003 2 2 2 3 171 2552 170
5004 2 2 2 3 2462 2553 2458
5005 2 2 2 3 171 2554 2552
5006 2 2 2 3 2484 2592 2586
5007 2 2 2 3 172 2554 171
5008 2 2 2 3 2364 2588 2541
5009 2 2 2 3 2534 2590 2386
5010 2 2 2 3 2367 2589 2533
5011 2 2 2 3 2537 2591 2505
5012 2 2 2 3 2404 2573 2560
5013 2 2 2 3 2409 2556 2410
5014 2 2 2 3 250 2555 249
5015 2 2 2 3 2449 2575 2446
5016 2 2 2 3 296 2557 14
5017 2 2 2 3 2361 2568 2438
5018 2 2 2 3 23 2568 2361
5019 2 2 2 3 2360 2568 24
5020 2 2 2 3 2403 2557 2545
5021 2 2 2 3 2430 2580 2433
5022 2 2 2 3 2398 2560 2559
5023 2 2 2 3 260 2526 2357
5024 2 2 2 3 2357 2528 259
5025 2 2 2 3 2399 2557 296
5026 2 2 2 3 2433 2580 2522
5027 2 2 2 3 2484 2586 2544
5028 2 2 2 3 2539 2583 2495
5029 2 2 2 3 2530 2585 2393
5030 2 2 2 3 2391 2584 2537
5031 2 2 2 3 2544 2582 2485
5032 2 2 2 3 2559 2560 2428
5033 2 2 2 3 14 2557 2403
5034 2 2 2 3 2563 2577 2441
5035 2 2 2 3 2541 2588 2482
5036 2 2 2 3 2479 2590 2534
5037 2 2 2 3 2533 2589 2503
5038 2 2 2 3 2513 2591 2537
5039 2 2 2 3 2545 2549 2516
5040 2 2 2 3 2423 2576 2424
5041 2 2 2 3 2436 2577 2435
5042 2 2 2 3 2515 2582 2395
5043 2 2 2 3 2513 2584 2493
5044 2 2 2 3 2509 2583 2396
5045 2 2 2 3 2497 2585 2501
5046 2 2 2 3 2395 2586 2518
5047 2 2 2 3 2425 2571 2400
5048 2 2 2 3 2437 2577 2436
5049 2 2 2 3 262 2593 13
5050 2 2 2 3 6 2594 176
5051 2 2 2 3 2383 2561 308
5052 2 2 2 3 2414 2559 2428
5053 2 2 2 3 308 2561 307
5054 2 2 2 3 20 2562 19
5055 2 2 2 3 2561 2581 2419
5056 2 2 2 3 2419 2569 2561
5057 2 2 2 3 2398 2566 299
5058 2 2 2 3 2405 2564 305
5059 2 2 2 3 302 2565 2404
5060 2 2 2 3 304 2564 2397
5061 2 2 2 3 2397 2565 303
5062 2 2 2 3 297 2567 2399
5063 2 2 2 3 299 2566 298
5064 2 2 2 3 303 2565 302
5065 2 2 2 3 305 2564 304
5066 2 2 2 3 298 2567 297
5067 2 2 2 3 2435 2563 2426
5068 2 2 2 3 2395 2582 2544
5069 2 2 2 3 2501 2585 2530
5070 2 2 2 3 2537 2584 2513
5071 2 2 2 3 2396 2583 2539
5072 2 2 2 3 2575 2599 2439
5073 2 2 2 3 2544 2586 2395
5074 2 2 2 3 2358 2579 2442
5075 2 2 2 3 2359 2601 2448
5076 2 2 2 3 2419 2581 2418
5077 2 2 2 3 306 2569 2405
5078 2 2 2 3 2440 2575 2439
5079 2 2 2 3 13 2593 261
5080 2 2 2 3 258 2594 6
5081 2 2 2 3 2442 2579 2417
5082 2 2 2 3 2404 2574 301
5083 2 2 2 3 300 2574 2398
5084 2 2 2 3 2412 2578 2428
5085 2 2 2 3 24 2568 23
5086 2 2 2 3 2398 2574 2560
5087 2 2 2 3 307 2569 306
5088 2 2 2 3 2452 2570 2451
5089 2 2 2 3 2407 2593 262
5090 2 2 2 3 176 2594 2443
5091 2 2 2 3 2382 2599 2575
5092 2 2 2 3 2566 2567 298
5093 2 2 2 3 2562 2576 2406
5094 2 2 2 3 2400 2571 254
5095 2 2 2 3 2412 2573 2422
5096 2 2 2 3 2561 2569 307
5097 2 2 2 3 2382 2575 2449
5098 2 2 2 3 2428 2578 2413
5099 2 2 2 3 2438 2598 2440
5100 2 2 2 3 301 2574 300
5101 2 2 2 3 2424 2576 2434
5102 2 2 2 3 2377 2578 2412
5103 2 2 2 3 2432 2580 2430
5104 2 2 2 3 2441 2577 2437
5105 2 2 2 3 2448 2601 2452
5106 2 2 2 3 2 2579 2358
5107 2 2 2 3 2510 2583 2509
5108 2 2 2 3 2499 2585 2497
5109 2 2 2 3 2493 2584 2494
5110 2 2 2 3 2481 2582 2515
5111 2 2 2 3 2518 2586 2474
5112 2 2 2 3 2545 2587 2421
5113 2 2 2 3 2526 2593 2407
5114 2 2 2 3 2586 2592 2474
5115 2 2 2 3 2485 2588 2364
5116 2 2 2 3 2505 2591 2507
5117 2 2 2 3 2501 2589 2367
5118 2 2 2 3 2386 2590 2510
5119 2 2 2 3 2474 2592 2473
5120 2 2 2 3 2425 2596 2571
5121 2 2 2 3 2443 2594 2528
5122 2 2 2 3 2555 2599 2382
5123 2 2 2 3 2439 2599 2441
5124 2 2 2 3 2557 2587 2545
5125 2 2 2 3 253 2596 252
5126 2 2 2 3 2360 2598 2568
5127 2 2 2 3 2524 2581 2383
5128 2 2 2 3 2418 2581 2524
5129 2 2 2 3 2522 2595 2433
5130 2 2 2 3 2435 2577 2563
5131 2 2 2 3 2434 2576 2562
5132 2 2 2 3 2452 2601 2600
5133 2 2 2 3 2421 2587 2558
5134 2 2 2 3 2519 2601 2359
5135 2 2 2 3 2556 2597 2405
5136 2 2 2 3 2358 2600 2519
5137 2 2 2 3 2600 2601 2519
5138 2 2 2 3 2399 2587 2557
5139 2 2 2 3 2441 2599 2555
5140 2 2 2 3 261 2593 2526
5141 2 2 2 3 2528 2594 258
5142 2 2 2 3 2405 2597 2564
5143 2 2 2 3 2558 2587 2399
5144 2 2 2 3 2383 2581 2561
5145 2 2 2 3 2440 2598 2572
5146 2 2 2 3 2568 2598 2438
5147 2 2 2 3 2571 2596 253
5148 2 2 2 3 2452 2600 2570
5149 2 2 2 3 2572 2598 2360
5150 2 2 3 4 2625 2650 2641
5151 2 2 3 4 2609 2634 2633
5152 2 2 3 4 325 2642 324
5153 2 2 3 4 322 2633 321
5154 2 2 3 4 2609 2641 2634
5155 2 2 3 4 2639 2642 325
5156 2 2 3 4 2610 2632 2631
5157 2 2 3 4 314 2636 313
5158 2 2 3 4 326 2639 325
5159 2 2 3 4 2629 2647 2646
5160 2 2 3 4 2641 2650 2634
5161 2 2 3 4 2614 2646 2612
5162 2 2 3 4 2615 2619 2602
5163 2 2 3 4 2619 2620 2602
5164 2 2 3 4 2609 2633 322
5165 2 2 3 4 2610 2633 2632
5166 2 2 3 4 321 2633 2610
5167 2 2 3 4 2631 2635 2610
5168 2 2 3 4 320 2635 319
5169 2 2 3 4 2621 2626 2607
5170 2 2 3 4 2622 2624 2608
5171 2 2 3 4 324 2642 2608
5172 2 2 3 4 2613 2648 2644
5173 2 2 3 4 313 2636 2603
5174 2 2 3 4 2607 2639 326
5175 2 2 3 4 2605 2636 314
5176 2 2 3 4 2646 2647 2612
5177 2 2 3 4 2607 2643 2621
5178 2 2 3 4 2612 2649 2614
5179 2 2 3 4 2644 2648 2611
5180 2 2 3 4 2603 2625 2623
5181 2 2 3 4 2636 2650 2625
5182 2 2 3 4 319 2635 2614
5183 2 2 3 4 2610 2635 320
5184 2 2 3 4 310 2615 2602
5185 2 2 3 4 2624 2637 2608
5186 2 2 3 4 2624 2641 2637
5187 2 2 3 4 2623 2638 2603
5188 2 2 3 4 2618 2626 2616
5189 2 2 3 4 2635 2646 2614
5190 2 2 3 4 328 2643 327
5191 2 2 3 4 2603 2636 2625
5192 2 2 3 4 2620 2627 2602
5193 2 2 3 4 2643 2644 2621
5194 2 2 3 4 2608 2642 2622
5195 2 2 3 4 317 2628 2606
5196 2 2 3 4 2604 2638 2617
5197 2 2 3 4 2633 2634 2632
5198 2 2 3 4 2637 2641 2609
5199 2 2 3 4 2613 2644 2643
5200 2 2 3 4 16 2637 323
5201 2 2 3 4 2616 2626 2619
5202 2 2 3 4 1 2628 317
5203 2 2 3 4 2613 2643 328
5204 2 2 3 4 2618 2639 2626
5205 2 2 3 4 311 2615 310
5206 2 2 3 4 2608 2637 16
5207 2 2 3 4 2617 2638 2623
5208 2 2 3 4 2619 2621 2620
5209 2 2 3 4 2628 2647 2629
5210 2 2 3 4 327 2643 2607
5211 2 2 3 4 2628 2629 2606
5212 2 2 3 4 323 2637 2609
5213 2 2 3 4 2625 2641 2624
5214 2 2 3 4 2626 2639 2607
5215 2 2 3 4 312 2638 2604
5216 2 2 3 4 329 2613 328
5217 2 2 3 4 324 2608 16
5218 2 2 3 4 327 2607 326
5219 2 2 3 4 319 2614 318
5220 2 2 3 4 257 2628 1
5221 2 2 3 4 321 2610 320
5222 2 2 3 4 323 2609 322
5223 2 2 3 4 2603 2638 15
5224 2 2 3 4 2623 2625 2624
5225 2 2 3 4 2629 2630 2606
5226 2 2 3 4 2617 2623 2622
5227 2 2 3 4 2634 2645 2632
5228 2 2 3 4 255 2612 256
5229 2 2 3 4 313 2603 15
5230 2 2 3 4 2623 2624 2622
5231 2 2 3 4 2619 2626 2621
5232 2 2 3 4 310 2602 309
5233 2 2 3 4 184 2611 185
5234 2 2 3 4 315 2605 314
5235 2 2 3 4 317 2606 316
5236 2 2 3 4 2629 2646 2631
5237 2 2 3 4 2627 2652 2602
5238 2 2 3 4 312 2604 311
5239 2 2 3 4 15 2638 312
5240 2 2 3 4 2613 2651 2648
5241 2 2 3 4 2631 2632 2630
5242 2 2 3 4 2604 2615 311
5243 2 2 3 4 2629 2631 2630
5244 2 2 3 4 2616 2619 2615
5245 2 2 3 4 316 2640 315
5246 2 2 3 4 2617 2622 2618
5247 2 2 3 4 2604 2617 2616
5248 2 2 3 4 2604 2616 2615
5249 2 2 3 4 2606 2640 316
5250 2 2 3 4 315 2640 2605
5251 2 2 3 4 2617 2618 2616
5252 2 2 3 4 2602 2652 309
5253 2 2 3 4 2630 2640 2606
5254 2 2 3 4 2621 2644 2620
5255 2 2 3 4 2631 2646 2635
5256 2 2 3 4 2618 2642 2639
5257 2 2 3 4 2640 2645 2605
5258 2 2 3 4 2622 2642 2618
5259 2 2 3 4 2630 2645 2640
5260 2 2 3 4 2632 2645 2630
5261 2 2 3 4 2627 2653 183
5262 2 2 3 4 183 2652 2627
5263 2 2 3 4 329 2651 2613
5264 2 2 3 4 256 2647 257
5265 2 2 3 4 8 2651 329
5266 2 2 3 4 2612 2647 256
5267 2 2 3 4 257 2647 2628
5268 2 2 3 4 2605 2650 2636
5269 2 2 3 4 185 2648 186
5270 2 2 3 4 2611 2655 2644
5271 2 2 3 4 2611 2648 185
5272 2 2 3 4 255 2649 2612
5273 2 2 3 4 183 2653 184
5274 2 2 3 4 3 2652 183
5275 2 2 3 4 318 2654 12
5276 2 2 3 4 2634 2650 2645
5277 2 2 3 4 254 2649 255
5278 2 2 3 4 186 2651 8
5279 2 2 3 4 2645 2650 2605
5280 2 2 3 4 12 2654 254
5281 2 2 3 4 2614 2654 318
5282 2 2 3 4 2620 2655 2627
5283 2 2 3 4 2644 2655 2620
5284 2 2 3 4 309 2652 3
5285 2 2 3 4 184 2653 2611
5286 2 2 3 4 2648 2651 186
5287 2 2 3 4 2649 2654 2614
5288 2 2 3 4 254 2654 2649
5289 2 2 3 4 2627 2655 2653
5290 2 2 3 4 2653 2655 2611
5291 2 2 3 5 2656 2665 2664
5292 2 2 3 5 2664 2665 2660
5293 2 2 3 5 2663 2666 2659
5294 2 2 3 5 2657 2666 2663
5295 2 2 3 5 29 1 317
5296 2 2 3 5 2659 2665 2656
5297 2 2 3 5 2656 2663 2659
5298 2 2 3 5 30 2661 31
5299 2 2 3 5 3 38 309
5300 2 2 3 5 32 2660 33
5301 2 2 3 5 34 2659 35
5302 2 2 3 5 2661 2669 31
5303 2 2 3 5 2658 2664 2660
5304 2 2 3 5 15 2656 313
5305 2 2 3 5 314 2658 315
5306 2 2 3 5 311 2657 312
5307 2 2 3 5 29 2668 30
5308 2 2 3 5 30 2668 2661
5309 2 2 3 5 38 2667 309
5310 2 2 3 5 315 2661 316
5311 2 2 3 5 309 2667 310
5312 2 2 3 5 2660 2669 2658
5313 2 2 3 5 2658 2661 315
5314 2 2 3 5 36 2662 37
5315 2 2 3 5 2656 2664 313
5316 2 2 3 5 314 2664 2658
5317 2 2 3 5 312 2663 15
5318 2 2 3 5 2658 2669 2661
5319 2 2 3 5 2662 2666 2657
5320 2 2 3 5 2661 2668 316
5321 2 2 3 5 2660 2665 33
5322 2 2 3 5 34 2665 2659
5323 2 2 3 5 313 2664 314
5324 2 2 3 5 2659 2666 35
5325 2 2 3 5 2657 2663 312
5326 2 2 3 5 37 2667 38
5327 2 2 3 5 15 2663 2656
5328 2 2 3 5 316 2668 317
5329 2 2 3 5 33 2665 34
5330 2 2 3 5 35 2666 36
5331 2 2 3 5 32 2669 2660
5332 2 2 3 5 2662 2667 37
5333 2 2 3 5 36 2666 2662
5334 2 2 3 5 317 2668 29
5335 2 2 3 5 311 2670 2657
5336 2 2 3 5 2657 2670 2662
5337 2 2 3 5 31 2669 32
5338 2 2 3 5 310 2670 311
5339 2 2 3 5 2667 2670 310
5340 2 2 3 5 2662 2670 2667
$EndElements
