$MeshFormat
2.2 0 8
$EndMeshFormat
$PhysicalNames
7
0 6 "separation-inf"
0 7 "separation-sup"
1 4 "pressure"
1 5 "fixed"
2 1 "body"
2 2 "cover"
2 3 "scar"
$EndPhysicalNames
$Nodes
1112
1 0.6501615880133084 0.438454443484864 0
2 0.6786065617502824 0.439945181390183 0
3 0.5444765719795185 0.4329157264910412 0
4 0.4759304745751662 0.4293233777475604 0
5 0.411696710756323 0.3972976044914376 0
6 0.07832443735993684 -1.734723475976807e-16 0
7 0.7206999999999998 0 0
8 0.7207 0.4 0
9 0.6754664043757063 0.4998629534754574 0
10 0.674069285402203 0.4997897335726619 0
11 0.7806999999999999 0 0
12 0.7806999999999999 0.4 0
13 0.5142885598414713 0.4914159805737919 0
14 0.4727903172005901 0.4892411498328348 0
15 0.3657340441691846 0.4358648610726302 0
16 0 0 0
17 0.6643840748817954 0.4391998124375235 0
18 0.6372550596108071 0.4281903476843344 1.158566063733295e-19
19 0.622518263767347 0.4207905469669453 1.959423039545429e-19
20 0.6065773557513534 0.4165694536545905 2.368543073329884e-19
21 0.5901096496124355 0.4157064177459642 2.368543073329887e-19
22 0.5738148431612283 0.4182381088494912 1.95942303954543e-19
23 0.5583852872298598 0.4240569580612905 1.158566063733297e-19
24 0.4930669989262544 0.4302214649334306 0
25 0.5102035232773425 0.4311195521193008 0
26 0.5273400476284305 0.432017639305171 0
27 0.4249222551991461 0.4101252433989161 0
28 0.4404829074571483 0.4199908121638312 0
29 0.4577265352985337 0.4264808541219037 0
30 0.09023058998123634 0.01418920016040826 0
31 0.1021367426025359 0.02837840032081673 0
32 0.1140428952238354 0.04256760048122532 0
33 0.1259490478451349 0.0567568006416338 0
34 0.1378552004664345 0.07094600080204233 0
35 0.149761353087734 0.08513520096245086 0
36 0.1616675057090335 0.0993244011228594 0
37 0.173573658330333 0.1135136012832679 0
38 0.1854798109516325 0.1277028014436764 0
39 0.1973859635729321 0.1418920016040849 0
40 0.2092921161942316 0.1560812017644935 0
41 0.2211982688155311 0.1702704019249019 0
42 0.2331044214368306 0.1844596020853105 0
43 0.2450105740581301 0.198648802245719 0
44 0.2569167266794297 0.2128380024061275 0
45 0.2688228793007292 0.227027202566536 0
46 0.2807290319220287 0.2412164027269445 0
47 0.2926351845433281 0.2554056028873529 0
48 0.3045413371646276 0.2695948030477613 0
49 0.316447489785927 0.2837840032081698 0
50 0.3283536424072264 0.2979732033685782 0
51 0.3402597950285259 0.3121624035289866 0
52 0.3521659476498253 0.3263516036893951 0
53 0.3640721002711248 0.3405408038498036 0
54 0.3759782528924244 0.354730004010212 0
55 0.3878844055137239 0.3689192041706206 0
56 0.3997905581350234 0.3831084043310291 0
57 0.09667802486393864 0 0
58 0.1150316123679404 0 0
59 0.1333851998719423 0 0
60 0.151738787375944 0 0
61 0.1700923748799458 0 0
62 0.1884459623839476 0 0
63 0.2067995498879495 0 0
64 0.2251531373919513 0 0
65 0.2435067248959531 0 0
66 0.2618603123999549 0 0
67 0.2802138999039567 0 0
68 0.2985674874079585 0 0
69 0.3169210749119603 0 0
70 0.3352746624159621 0 0
71 0.3536282499199639 0 0
72 0.3719818374239657 0 0
73 0.3903354249279674 0 0
74 0.4086890124319691 0 0
75 0.4270425999359708 0 0
76 0.4453961874399726 0 0
77 0.4637497749439743 0 0
78 0.482103362447976 0 0
79 0.5004569499519776 0 0
80 0.5188105374559795 0 0
81 0.5371641249599813 0 0
82 0.5555177124639832 0 0
83 0.5738712999679849 0 0
84 0.5922248874719869 0 0
85 0.6105784749759887 0 0
86 0.6289320624799905 0 0
87 0.6472856499839923 0 0
88 0.6656392374879941 0 0
89 0.683992824991996 0 0
90 0.7023464124959978 0 0
91 0.7207 0.3818181818181818 0
92 0.7207 0.3636363636363637 0
93 0.7207 0.3454545454545456 0
94 0.7207 0.3272727272727274 0
95 0.7207 0.3090909090909092 0
96 0.7207 0.290909090909091 0
97 0.7207 0.2727272727272728 0
98 0.7207 0.2545454545454546 0
99 0.7207 0.2363636363636365 0
100 0.7207 0.2181818181818183 0
101 0.7207 0.2000000000000001 0
102 0.7207 0.1818181818181819 0
103 0.7207 0.1636363636363637 0
104 0.7207 0.1454545454545455 0
105 0.7207 0.1272727272727273 0
106 0.7207 0.1090909090909091 0
107 0.7207 0.09090909090909099 0
108 0.7207 0.07272727272727275 0
109 0.7207 0.05454545454545456 0
110 0.7207 0.03636363636363638 0
111 0.7207 0.01818181818181819 0
112 0.6945446822830998 0.4375276534368993 0
113 0.7082341830277502 0.4290149748404914 0
114 0.717451648405956 0.4157897542553707 0
115 0.6731614896536332 0.4828845983454041 1.86930835429902e-19
116 0.668716660705876 0.4665490173731939 2.501853475435632e-19
117 0.6609338488789946 0.4515145386611864 1.869308354299028e-19
118 0.7356999999999998 0 0
119 0.7506999999999998 0 0
120 0.7656999999999998 0 0
121 0.7806999999999999 0.01818181818181816 0
122 0.7806999999999999 0.03636363636363633 0
123 0.7806999999999999 0.05454545454545447 0
124 0.7806999999999999 0.07272727272727263 0
125 0.7806999999999999 0.09090909090909081 0
126 0.7806999999999999 0.109090909090909 0
127 0.7806999999999999 0.1272727272727272 0
128 0.7806999999999999 0.1454545454545454 0
129 0.7806999999999999 0.1636363636363636 0
130 0.7806999999999999 0.1818181818181818 0
131 0.7806999999999999 0.2 0
132 0.7806999999999999 0.2181818181818181 0
133 0.7806999999999999 0.2363636363636363 0
134 0.7806999999999999 0.2545454545454545 0
135 0.7806999999999999 0.2727272727272727 0
136 0.7806999999999999 0.2909090909090909 0
137 0.7806999999999999 0.309090909090909 0
138 0.7806999999999999 0.3272727272727273 0
139 0.7806999999999999 0.3454545454545455 0
140 0.7806999999999999 0.3636363636363636 0
141 0.7806999999999999 0.3818181818181818 0
142 0.7790780848522558 0.4179374585937456 0
143 0.7742649515839531 0.4352930564713867 0
144 0.7664167300702113 0.4515038074910052 0
145 0.7557880032981501 0.4660438623999005 0
146 0.7427235491268263 0.4784415664919572 0
147 0.7276471562785896 0.4882947592858924 0
148 0.7110478773521176 0.4952838199287833 0
149 0.6934641647860601 0.499182035154126 0
150 0.5323981710070648 0.444778269225279 1.86930835429902e-19
151 0.5230864632819036 0.4589168621296536 2.501853475435632e-19
152 0.5169584503965832 0.4746983439406814 1.869308354299025e-19
153 0.5004558122945109 0.4906910369934729 0
154 0.4866230647475505 0.4899660934131539 0
155 0.4553304392647099 0.4872959338991283 0
156 0.4382177408617575 0.4833226788186971 0
157 0.4216869558889431 0.4773758855023666 0
158 0.4059648361705108 0.4695371257711422 0
159 0.3912670411160414 0.4599139234402445 0
160 0.3777951795327663 0.4486382794211359 0
161 0.3539361717766302 0.4218047042638357 0
162 0.3421382993840759 0.4077445474550412 0
163 0.3303404269915215 0.3936843906462466 0
164 0.3185425545989671 0.3796242338374521 0
165 0.3067446822064128 0.3655640770286576 0
166 0.2949468098138585 0.351503920219863 0
167 0.2831489374213041 0.3374437634110685 0
168 0.2713510650287497 0.3233836066022739 0
169 0.2595531926361954 0.3093234497934794 0
170 0.247755320243641 0.2952632929846847 0
171 0.2359574478510866 0.2812031361758902 0
172 0.2241595754585322 0.2671429793670956 0
173 0.2123617030659778 0.2530828225583009 0
174 0.2005638306734234 0.2390226657495064 0
175 0.188765958280869 0.2249625089407118 0
176 0.1769680858883146 0.2109023521319172 0
177 0.1651702134957603 0.1968421953231227 0
178 0.153372341103206 0.1827820385143283 0
179 0.1415744687106517 0.1687218817055337 0
180 0.1297765963180974 0.1546617248967392 0
181 0.1179787239255431 0.1406015680879448 0
182 0.1061808515329888 0.1265414112791503 0
183 0.09438297914043453 0.1124812544703558 0
184 0.08258510674788017 0.09842109766156132 0
185 0.07078723435532586 0.0843609408527668 0
186 0.05898936196277155 0.07030078404397233 0
187 0.04719148957021724 0.05624062723517786 0
188 0.03539361717766293 0.04218047042638334 0
189 0.02359574478510867 0.02812031361758888 0
190 0.01179787239255431 0.01406015680879436 0
191 0.01566488747198735 0 0
192 0.03132977494397473 0 0
193 0.04699466241596211 0 0
194 0.0626595498879495 0 0
195 0.6563158714510106 0.4988593165727874 0
196 0.6385624574998182 0.497928899572913 0
197 0.6208090435486258 0.4969984825730385 0
198 0.6030556295974334 0.4960680655731641 0
199 0.585302215646241 0.4951376485732897 0
200 0.5675488016950486 0.4942072315734152 0
201 0.5497953877438562 0.4932768145735408 0
202 0.5320419737926638 0.4923463975736664 0
203 0.5620907413184835 0.4338388459900116 0
204 0.5797049106574484 0.434761965488982 0
205 0.5973190799964134 0.4356850849879526 0
206 0.6149332493353784 0.436608204486923 0
207 0.6325474186743434 0.4375313239858935 0
208 0.7055680983384799 0.2090940632398133 0
209 0.5096390559671095 0.015891416244394 0
210 0.369536136254367 0.3236723434296223 0
211 0.5803361571809789 0.4006705392009777 0
212 0.3222448746764706 0.2668445173176538 0
213 0.4362204981310052 0.01589673401144964 0
214 0.5830480937199859 0.01589467302904618 0
215 0.2742226561192854 0.2078947351296454 0
216 0.7056073798983759 0.2811389940141961 0
217 0.3633774568924476 0.01548063604155003 0
218 0.7057356440794621 0.1355559903895643 0
219 0.5013751479446676 0.4175577917857445 0
220 0.2379855932290048 0.1686189679868914 0
221 0.4050894988482346 0.36588555821077 0
222 0.3089944417160135 0.01522069283626915 0
223 0.6155128732297439 0.4059014321777381 0
224 0.6377946357595388 0.01584281412937383 0
225 0.2037127031726225 0.1244831575700115 0
226 0.7044057588257493 0.3358332937446783 0
227 0.2527647798365032 0.01443325007775098 0
228 0.7068526066270449 0.08238743658164793 0
229 0.6721408267642343 0.4272554619807529 0
230 0.4555885454052286 0.4085638785274113 0
231 0.1673925815708851 0.08241413679490223 0
232 0.7059939316402781 0.3722920192886457 0
233 0.2994210307397192 0.2387262266504762 0
234 0.3465985922476377 0.294764322765543 0
235 0.5472977901247511 0.01839462959649657 0
236 0.4729352135599625 0.0158932525591281 0
237 0.3995122186799683 0.01467232837869459 0
238 0.7049599200322575 0.2455121514903399 0
239 0.7046107909941195 0.1720302761795051 0
240 0.2138029240488621 0.01775106902959395 0
241 0.6735352847726053 0.01521049430675148 0
242 0.1794631012855936 0.01748425842521084 0
243 0.7051501391185389 0.404743314399007 0
244 0.1445406765625724 0.05408667325693095 0
245 0.7047720603197768 0.04752054791891558 0
246 0.5368361105265209 0.4176867301270716 0
247 0.4266163681081946 0.3944765535199396 0
248 0.5514541437760024 0.4071046484047798 0
249 0.5356968183004971 0.3998156164487109 0
250 0.5489418300975981 0.390085715099318 0
251 0.5331362101287788 0.383652309648622 0
252 0.5465872419726749 0.3733520335727472 0
253 0.5306659679055241 0.3667852947493251 0
254 0.5440860176563928 0.3562004298930905 0
255 0.528156598217941 0.3496160941597251 0
256 0.5410649730606376 0.3389923462655051 0
257 0.5255672573211425 0.3322811217819652 0
258 0.5385697535667996 0.3215724261166877 0
259 0.5230651884879249 0.3148273155975416 0
260 0.5369534402125119 0.3039156072630498 0
261 0.5207682889644327 0.2972091979702806 0
262 0.5347063605579698 0.2862380631664678 0
263 0.518301473471751 0.2794817689816514 0
264 0.5323827203950058 0.2684942352179104 0
265 0.5158485349331219 0.2617111780161834 0
266 0.529960831223228 0.2506917670702854 0
267 0.5133783467793143 0.2439004899659095 0
268 0.5267906994469107 0.2329582236736723 0
269 0.5107170228261477 0.2260876830833583 0
270 0.5241889588930214 0.2151257789604055 0
271 0.5081795017992496 0.2082312780952206 0
272 0.5224285218030897 0.1971486564128491 0
273 0.5058073556494129 0.1903344339058939 0
274 0.4915853837489308 0.2014264019617944 0
275 0.4891356637024634 0.1834697607955139 0
276 0.4747975061908531 0.1946271921641446 0
277 0.472343910170313 0.1766094512952531 0
278 0.5200954170914921 0.1792325350770818 0
279 0.5368505906490179 0.1860431312160423 0
280 0.4579627613927408 0.1878124330194176 0
281 0.4554569097557389 0.1698019262356169 0
282 0.5453577161453428 0.2369559840136943 0
283 0.5344203766976393 0.1681353717467681 0
284 0.5538873415194068 0.3116143683258185 0
285 0.4411122402969392 0.1809894857199431 0
286 0.4386061969464189 0.1629067052163692 0
287 0.5511797109193359 0.1749377860156771 0
288 0.5487336374936798 0.1570135768763025 0
289 0.4242562197824737 0.1742037898162496 0
290 0.4217033398006301 0.1560266152418868 0
291 0.443604859094854 0.1990441827752419 0
292 0.501724291493396 0.2734002305316479 0
293 0.5655122057955824 0.1638259226612396 0
294 0.4699688947433087 0.1584746726170497 0
295 0.4072923351700337 0.1673662355470467 0
296 0.4047163104405154 0.1491777401146799 0
297 0.5630719938583292 0.1458981542082027 0
298 0.5465343815998053 0.1388820393136678 0
299 0.3902722727904635 0.1604410831123277 0
300 0.3877381586533178 0.1422688272584172 0
301 0.5793913954012173 0.152764066407807 0
302 0.5818031970539439 0.1699810482360503 0
303 0.4192228757213816 0.1378472689920583 0
304 0.577374843543882 0.1348185458132595 0
305 0.3732722673134287 0.1535493436820696 0
306 0.3707399758176393 0.1353721618385362 0
307 0.3929097639051969 0.1787316610051953 0
308 0.5092468160162595 0.3259451969007724 0
309 0.3562578488009053 0.1466594381376559 0
310 0.353730486717605 0.1284751745182393 0
311 0.5937301537414136 0.1414799904804587 0
312 0.5916788986191743 0.1236004495776951 0
313 0.3682168572542505 0.1171914381487273 0
314 0.3512046602705596 0.1102852534030912 0
315 0.3367108418076753 0.1215681712014133 0
316 0.6085462675773884 0.1302327382739735 0
317 0.6060698052545571 0.1123572054126632 0
318 0.5895405978893196 0.1053765308173173 0
319 0.3341771560456739 0.1033721005134571 0
320 0.3196742092097689 0.1146574421260929 0
321 0.3171460612216787 0.09642577629462318 0
322 0.3026334733031373 0.1077246695388752 0
323 0.365658751545349 0.09898082871004105 0
324 0.3051449056826122 0.1258995214512171 0
325 0.6229331518440816 0.1192077569404122 0
326 0.6285807768290055 0.1389543752645138 0
327 0.6204510279910961 0.1011918954601972 0
328 0.3000989479424298 0.08949369314430983 0
329 0.2855753319225566 0.1008137858687823 0
330 0.5478801773848461 0.2754513565594226 0
331 0.3587983179568747 0.1648492077991728 0
332 0.4967711198655069 0.2373767823781724 0
333 0.5585816840211385 0.344797928956465 0
334 0.514465074708667 0.3603931704985915 0
335 0.3316344788515811 0.08509536857266375 0
336 0.2830365585959749 0.08259101305155464 0
337 0.6369197533184202 0.1081192386145931 0
338 0.6347795925047987 0.09002388110891862 0
339 0.6179433922845307 0.08314194128417707 0
340 0.2685154954170395 0.0938804108585975 0
341 0.2659696915637366 0.07565753485610355 0
342 0.2514375514866348 0.08697888543231708 0
343 0.2542119224954005 0.1053685656241197 0
344 0.2488973154467795 0.06872957043164274 0
345 0.23436066979849 0.08005213900353592 0
346 0.3826989908959961 0.1059098171850814 0
347 0.3801406813471457 0.08769902261377244 0
348 0.3971805484758703 0.09464405753641886 0
349 0.3946486143519505 0.07642921618206266 0
350 0.4116608922899384 0.08337061836763032 0
351 0.5540028367456424 0.1915688460247391 0
352 0.3417593994079078 0.1579510509494065 0
353 0.3443072531631309 0.1761721659903302 0
354 0.3272411714420647 0.1692552552839182 0
355 0.3297881872990568 0.1874944685052821 0
356 0.3468639693123852 0.1944036327639735 0
357 0.5178093115920155 0.1611848722798625 0
358 0.3775821569388774 0.06939116494196562 0
359 0.6323435710480663 0.07194744074401049 0
360 0.6154457767113211 0.06506109576614111 0
361 0.2975452220418904 0.07124048210359879 0
362 0.6492447235498509 0.07883162185642806 0
363 0.4091548665262293 0.06516019086277058 0
364 0.4261357223953213 0.07210360219493639 0
365 0.4286630963972848 0.09027568209013853 0
366 0.4431163403217589 0.0790108396049084 0
367 0.4456412010405169 0.09715292199855363 0
368 0.4600840455420117 0.08590691501676684 0
369 0.4625908252178387 0.1040358584645318 0
370 0.4770272585535954 0.09279857070398634 0
371 0.4741167834240282 0.075675730726597 0
372 0.4913194337445975 0.08193056360724266 0
373 0.4939353396891005 0.09975132295878919 0
374 0.5083791533555765 0.08852726098471631 0
375 0.5054520476732595 0.07172619103481803 0
376 0.5228993460936409 0.07766677335939676 0
377 0.3127076810685546 0.1805782158254858 0
378 0.2318210568092634 0.06179804452724336 0
379 0.2175847009022405 0.07237559105858465 0
380 0.646769144435552 0.06075239254831954 0
381 0.5253440843838815 0.09542067108702712 0
382 0.539769626897352 0.08421635451550813 0
383 0.5374253600978491 0.06629741930502364 0
384 0.5542213817404357 0.0729858887977366 0
385 0.3323393358546097 0.2057400188919034 0
386 0.3494234220991211 0.2126573859741929 0
387 0.4406055926281615 0.06084879554019451 0
388 0.2634340601017023 0.05741707145325692 0
389 0.6636739223781023 0.06763765755599671 0
390 0.6635428574260888 0.08319193469769426 0
391 0.3348878669307563 0.2240020630365863 0
392 0.351983750043471 0.2309133715231152 0
393 0.3665075677018069 0.2195765520627627 0
394 0.3690726246915635 0.2378170754731627 0
395 0.3835842120149314 0.226488813059152 0
396 0.3861477920737026 0.2447044924639359 0
397 0.4006360933126262 0.2333878210455111 0
398 0.4031932467867033 0.2515724561111251 0
399 0.4176370285422382 0.2403299313244852 0
400 0.4201812726628654 0.2584596149095539 0
401 0.4057885270355628 0.2697148140362663 0
402 0.422772605761723 0.2765501731279328 0
403 0.4371379565503194 0.2653034725134121 0
404 0.4396987375369022 0.2833642955832603 0
405 0.42535706523811 0.2946119205995453 0
406 0.4422495122482675 0.3013874479533693 0
407 0.4279295428146707 0.3126316372498893 0
408 0.4448155185290735 0.3193843912982987 0
409 0.4590735195574933 0.3081787225521492 0
410 0.4616184642113267 0.3261067373346472 0
411 0.4474053981545788 0.3372777970961245 0
412 0.4641680821633715 0.3439788997455968 0
413 0.4540281522227525 0.2721143298312342 0
414 0.4514872287156445 0.2541064683584728 0
415 0.3719152093885967 0.255401272841084 0
416 0.4109952526227661 0.3058613014489878 0
417 0.4500184741886438 0.3551449520997036 0
418 0.4667498123844836 0.3617842232079105 0
419 0.4135873900104029 0.3239319896536401 0
420 0.2147901380897062 0.05474055506747066 0
421 0.5517397746541473 0.05487167494818085 0
422 0.5684692574049391 0.0619544385048148 0
423 0.536080930423561 0.04879895902078135 0
424 0.542243444120668 0.1022460033648436 0
425 0.3980809911492674 0.2151957836803712 0
426 0.4481663883546277 0.1152745664757387 0
427 0.4651018280701076 0.1221505808928727 0
428 0.4774272761326252 0.2127303734787506 0
429 0.3101764650021993 0.162337327800243 0
430 0.2956210329650666 0.1736500347432542 0
431 0.2930787375592011 0.1553954800419028 0
432 0.2785173408475091 0.1667170280444937 0
433 0.2759621165104343 0.1484343016757275 0
434 0.5277351536838065 0.1134738516406623 0
435 0.5615906622305256 0.3800629107200205 0
436 0.6011152902547869 0.07626263664249139 0
437 0.1445207169134199 0.01650009834353572 0
438 0.4682548224032209 0.2609352470344982 0
439 0.4707241432227411 0.2790150778353532 0
440 0.4757493376823687 0.3149699584481421 0
441 0.4807876641296338 0.350677462626848 0
442 0.4832938935458873 0.3684238643861125 0
443 0.2180511777116025 0.09106343873209832 0
444 0.6613383171489581 0.04974098109382763 0
445 0.2006569461016575 0.06549737231489194 0
446 0.1977411697336771 0.04779578219427283 0
447 0.598530643320012 0.05817870923314572 0
448 0.6129541827661658 0.04695731881490173 0
449 0.2290619363386314 0.04406928169666618 0
450 0.4335181129772897 0.3484565655898895 0
451 0.4693478388169006 0.3794732454867542 0
452 0.4858347542375994 0.3860630202691785 0
453 0.4658233421568159 0.2426897998956077 0
454 0.4489882056812627 0.2361053826666537 0
455 0.5656760916171961 0.04487741719872168 0
456 0.4506461116095771 0.1334357770621395 0
457 0.5207167799709325 0.3941426578569547 0
458 0.3996999799724632 0.1128307000102749 0
459 0.5708616754559123 0.08002923611078716 0
460 0.2989198609851258 0.1918039210390481 0
461 0.3180786569069707 0.2164054213269797 0
462 0.1836706039687237 0.05878993261841031 0
463 0.6777827635916689 0.05730330803452938 0
464 0.6516714433613632 0.4216229253337749 0
465 0.6451175320547547 0.04348867085028491 0
466 0.3381118839775892 0.2423905804541619 0
467 0.6401014634363793 0.4127580434518578 0
468 0.6550764686817102 0.4066395765775216 0
469 0.6434014204914106 0.3963667029446687 0
470 0.658589507901752 0.3908916806315215 0
471 0.6459408226324865 0.3798119047495214 0
472 0.6620415317118382 0.3743253744852032 0
473 0.6491622205072665 0.3630375630850883 0
474 0.6329018750160975 0.3686647365152957 0
475 0.6361468263592954 0.3516719108494551 0
476 0.6197948497240824 0.3573554527330935 0
477 0.623034255123821 0.340256625586913 0
478 0.6395220599606141 0.3345786599995964 0
479 0.6261760308829446 0.3230185886007856 0
480 0.6429486096998029 0.3173220777229643 0
481 0.6294667708699495 0.3056861112645767 0
482 0.6463283735034452 0.2999399295108559 0
483 0.6329465412383946 0.2883122543259928 0
484 0.6158827914366167 0.2941399930180328 0
485 0.6194871324803907 0.2766357624972841 0
486 0.6363520572874192 0.270787559358743 0
487 0.6228437705046792 0.2590667835119132 0
488 0.6396918536248692 0.2531767983742276 0
489 0.6262053847538597 0.2414260794089026 0
490 0.6431066720598695 0.235524855646599 0
491 0.6295716835713219 0.2237323440737915 0
492 0.6125051531278826 0.2296476008332385 0
493 0.6466490027134254 0.2178560273574365 0
494 0.6329872290133024 0.206003182314002 0
495 0.6500927743734338 0.2000972296751507 0
496 0.6056505771944499 0.2649913749411205 0
497 0.6097225649958914 0.3288355200482029 0
498 0.653527937833683 0.2658918440261109 0
499 0.6597503933998206 0.311618901635431 0
500 0.636420760423294 0.1882432132998474 0
501 0.6535428697028213 0.1823152497400807 0
502 0.6600414225103453 0.2303238484430327 0
503 0.6654984340395861 0.3575016236685972 0
504 0.619307424038209 0.1941711411439589 0
505 0.6672316474983655 0.1941933649013372 0
506 0.6227268978160314 0.1763843177416826 0
507 0.6706107080519748 0.176366845049366 0
508 0.656963261323432 0.164487863640888 0
509 0.6740454446407262 0.1585296353515667 0
510 0.6606076205330718 0.1472693068664468 0
511 0.6629965621894363 0.2943725348960327 0
512 0.6760033601445355 0.3058019631740899 0
513 0.6729305022315512 0.3232704775064438 0
514 0.6707085414962678 0.4010839042931744 0
515 0.6164834104943526 0.3740844254179846 0
516 0.6034996071887303 0.363023003833942 0
517 0.5998535553648824 0.3786817264889924 0
518 0.5876103032796889 0.3680528841581384 0
519 0.5904661132123604 0.3517009224818789 0
520 0.6769015945807427 0.1406620025614845 0
521 0.6642607305037883 0.1292465082092872 0
522 0.6802880114745953 0.1227680929883521 0
523 0.6779394533157984 0.3689840067267215 0
524 0.6814984853961882 0.351952320660757 0
525 0.6826199361709336 0.1881426468049579 0
526 0.6793806844275943 0.2060277438832081 0
527 0.5961321477667646 0.0410631934414829 0
528 0.6082683164782074 0.03012671503183234 0
529 0.6800705179127146 0.2883397279606804 0
530 0.4357204338867001 0.3660942118581735 0
531 0.3964629190833827 0.3155398883313325 0
532 0.3939978593375152 0.2978049647108656 0
533 0.3992029811690933 0.3352837471079982 0
534 0.6062146992257573 0.1827961952276051 0
535 0.602291380001601 0.2001775753990509 0
536 0.6093280952195901 0.1664077672826102 0
537 0.1805789464628433 0.04099648214610757 0
538 0.6675016092976407 0.1112033403151325 0
539 0.6854963484447916 0.1061595369211207 0
540 0.691181799778076 0.3170245178910702 0
541 0.6940172367366838 0.4214158587287022 0
542 0.6433521546437239 0.1530457185099217 0
543 0.1199454609551945 0.02556534523631976 0
544 0.6000459360887702 0.4032343923617135 0
545 0.2624059667435354 0.1592716250924598 0
546 0.260180372431811 0.140796029193205 0
547 0.2738426240660236 0.1300469956509402 0
548 0.2644927264219794 0.1767470229596821 0
549 0.6771949593728918 0.04219222462846672 0
550 0.6915985761665435 0.1525141112311571 0
551 0.1960275256636079 0.02934585672180373 0
552 0.1640089934382412 0.02927600371544187 0
553 0.499816117788272 0.3750723619829831 0
554 0.1646531124333761 0.05124420427455689 0
555 0.6963836373516155 0.1194337647755417 0
556 0.4715597153537004 0.3970394660491488 0
557 0.5742820311348819 0.3570923977324708 0
558 0.5769364066742453 0.340028856878303 0
559 0.5649368411784921 0.3270794461400701 0
560 0.580425039359489 0.3232944851800081 0
561 0.4890993739857509 0.4039985216506918 0
562 0.5847407446580908 0.3828026014332662 0
563 0.4825406394139879 0.2490073151307539 0
564 0.5878967138177569 0.1877649176334658 0
565 0.5851679525489707 0.2064134737581076 0
566 0.7060965154839434 0.3545820281523102 0
567 0.5447289206268864 0.1202875674818866 0
568 0.5591196737794764 0.1091091854506185 0
569 0.4632385298369562 0.2242873401922066 0
570 0.446328623834123 0.2175433189634949 0
571 0.4732773907409412 0.2970245455999379 0
572 0.4900170035142326 0.3038646777384822 0
573 0.4675379039450679 0.1403332522878003 0
574 0.4820184834821668 0.1290323218541704 0
575 0.4845214956221633 0.1471019545323867 0
576 0.4988518664363717 0.1359387264522899 0
577 0.4868466240073679 0.1653200016476982 0
578 0.4337253283117971 0.1265379244989711 0
579 0.6304540567376695 0.385208628728693 0
580 0.4782285591136128 0.3328527769403208 0
581 0.4949399570756497 0.3396305247070938 0
582 0.4362397167786424 0.1446570811495932 0
583 0.5186252006949 0.4182659188304249 0
584 0.5040801660835179 0.3903956082438859 0
585 0.7051032309363902 0.2635427402680197 0
586 0.6893225053142419 0.2546027112838094 0
587 0.6892241612975383 0.236510360647226 0
588 0.6742413348412005 0.2426837258799248 0
589 0.6713547240344461 0.2601764106184868 0
590 0.487505603582576 0.2860363764350463 0
591 0.5988078774578602 0.2179243358827635 0
592 0.581706177070802 0.2238611890535206 0
593 0.5683809443265639 0.2130205553883632 0
594 0.5644143619385795 0.2300034833973119 0
595 0.5782394349473513 0.2415659522482219 0
596 0.5509743762383024 0.2179150390955023 0
597 0.5613542424688032 0.2476604898464219 0
598 0.5752983764600432 0.2591579441753771 0
599 0.5920438602729435 0.2532661136474875 0
600 0.5885881146519796 0.2709013897703812 0
601 0.5728762310521881 0.2767914704364201 0
602 0.5850659556253976 0.2885185268082342 0
603 0.5675349063938201 0.2961107291844344 0
604 0.6022072869463749 0.2825623534069832 0
605 0.5989638075229086 0.3000569992660712 0
606 0.7049540835675556 0.3000000000000001 0
607 0.7055022626414539 0.2273002845612329 0
608 0.4150929755957574 0.2221451355996599 0
609 0.412536413370543 0.2038535821873569 0
610 0.3955098041435365 0.1969864528954642 0
611 0.4167014384383925 0.1197319013189899 0
612 0.4528494334281097 0.3723564674344884 0
613 0.4964254469340686 0.117818784248037 0
614 0.5132661125692712 0.1246949033795441 0
615 0.515487069101581 0.1429910648214507 0
616 0.4565085759215163 0.2901807365592174 0
617 0.6885373478208092 0.2729040742729641 0
618 0.595432719176 0.235600480000578 0
619 0.4294293687988496 0.2106676996085727 0
620 0.2121829935742522 0.03660350262639722 0
621 0.1312250927095331 0.04038900476690355 0
622 0.5108475484359508 0.1066144657164627 0
623 0.4022156314144672 0.130989843335734 0
624 0.4141937720843681 0.1015613081167612 0
625 0.2463203846304759 0.05057336327717643 0
626 0.26149266151267 0.03998391566672699 0
627 0.2780403771966318 0.04623763469565684 0
628 0.2757401288111975 0.02922837500767805 0
629 0.2920521896912749 0.03585286746706928 0
630 0.2949378129731837 0.05321276506499639 0
631 0.3090301634662889 0.04283719841604416 0
632 0.2444887736065864 0.0313136947189544 0
633 0.6802526352704606 0.07530248160485992 0
634 0.69381672525338 0.06249737381466247 0
635 0.6549366293288904 0.0153141776251926 0
636 0.3639473299440169 0.2013455646012231 0
637 0.311957060591829 0.0601275939294757 0
638 0.32643069297702 0.04882071662398696 0
639 0.3217198684014718 0.02952753333040514 0
640 0.3404120165937535 0.03769188612907631 0
641 0.343547612933959 0.05549687008874715 0
642 0.3577304073806096 0.04476402954683811 0
643 0.3375192497808263 0.0205458110909183 0
644 0.3604884028692186 0.06250319585506825 0
645 0.3749928017903978 0.05124406027841799 0
646 0.373057836082045 0.03175593712421243 0
647 0.3909854747333939 0.04072141575740496 0
648 0.3630156555049382 0.08066739519978278 0
649 0.3923497369520993 0.05832139891751487 0
650 0.4069267481072382 0.04748669788016036 0
651 0.314575235333693 0.0781919345381541 0
652 0.3613690062203986 0.1830908133500622 0
653 0.5565795725741614 0.09102168476870476 0
654 0.6537448538488905 0.09781592113742749 0
655 0.6923588914474239 0.01714724417664942 0
656 0.1797969413646553 0.09619376689953785 0
657 0.1862248549626761 0.07871833297172809 0
658 0.1984149078722659 0.09388981398428586 0
659 0.191836185351787 0.1104797107349236 0
660 0.2100390904192121 0.1070951232287622 0
661 0.2213585301030701 0.1217416317761159 0
662 0.2155174676084578 0.1387365781367178 0
663 0.2327736742897302 0.135873157471227 0
664 0.2395140962738174 0.1178331219552179 0
665 0.2268752854722405 0.153384421776348 0
666 0.2881331105701204 0.2217193216419759 0
667 0.5669695446196729 0.01647615623069482 0
668 0.3108722278975722 0.2521876288276946 0
669 0.3583499327813784 0.3090362658351422 0
670 0.3648296530902859 0.2915458440536536 0
671 0.3533604775800138 0.2779865648660926 0
672 0.3782023237140851 0.3074235362059242 0
673 0.3347153672256927 0.2805772547962335 0
674 0.3410686044390315 0.2621630481535888 0
675 0.3887844162392663 0.2627690572114401 0
676 0.3727045830322347 0.274731770974096 0
677 0.3810183286954743 0.2082791202694035 0
678 0.5279907307591534 0.01589271029726047 0
679 0.5178329476813661 0.03121273951162273 0
680 0.500311808785685 0.03168422903735008 0
681 0.5088991425939495 0.0454902469995947 0
682 0.4917782153450306 0.0470737549691212 0
683 0.482146341662129 0.031793597753911 0
684 0.4751341064964288 0.04738934794276611 0
685 0.2804926207591653 0.0643796876672626 0
686 0.5687878616930637 0.1808257748743694 0
687 0.6376324708905526 0.1240156263697831 0
688 0.4795109948331747 0.1109256461316989 0
689 0.4099022053949379 0.1855531148876649 0
690 0.4912654553958067 0.01587708259913057 0
691 0.5403023754997731 0.2051487977999843 0
692 0.4570943166834187 0.06841719115009531 0
693 0.3784285554392201 0.1900210609582624 0
694 0.4178659902578089 0.01541874059936887 0
695 0.4273245290885513 0.03007713978541082 0
696 0.4455793443846233 0.03110996542661293 0
697 0.4546051325338757 0.0157802755080253 0
698 0.3814333664890601 0.01466800471418817 0
699 0.3852182656680224 0.1240937979627952 0
700 0.2901836952250524 0.01744788548913051 0
701 0.7056474438179213 0.1908669479062445 0
702 0.4641643947134831 0.03160711326994764 0
703 0.4556652449936288 0.0494414772981262 0
704 0.3247193007982528 0.1510391176196407 0
705 0.2341880556645571 0.01534205377890896 0
706 0.4311818707711645 0.1084223840831922 0
707 0.6561089379251686 0.3289232047326224 0
708 0.3545575064478595 0.2491605185901632 0
709 0.7047617920713449 0.1024397316925518 0
710 0.6398575884814905 0.1705120216898781 0
711 0.6299996500688708 0.05399100690265801 0
712 0.2370633294178466 0.0980113827582203 0
713 0.3154319620556333 0.1986926454843297 0
714 0.3392335459373337 0.1397547179495471 0
715 0.5492209342680532 0.03670658028582269 0
716 0.2804624545600833 0.1879302651700484 0
717 0.4176234905384151 0.3416701700650398 0
718 0.6159117912016961 0.2119426966078009 0
719 0.6037743950314713 0.0942886967254174 0
720 0.4345818858954532 0.2472579391040434 0
721 0.3758416972709305 0.1717805283178484 0
722 0.3188687560888229 0.2356891247725454 0
723 0.6091650731261666 0.2473343909946435 0
724 0.3486226521257447 0.09200662959035716 0
725 0.3290317152040748 0.06689521914935576 0
726 0.6633925808817542 0.2120379459593968 0
727 0.2906474897347291 0.1371437513215398 0
728 0.4941515162120388 0.2193627538403262 0
729 0.4605599260803588 0.2060074734322094 0
730 0.628691757818349 0.0334052185593417 0
731 0.4230986315448835 0.0554679968179207 0
732 0.6258820025284477 0.1587878346068729 0
733 0.3222049319017504 0.1328413322144296 0
734 0.4308132421707385 0.330558758492147 0
735 0.3460510995050159 0.07370955321771 0
736 0.453045856919304 0.1516594655728818 0
737 0.1560156048126488 0.06779743642994418 0
738 0.4084406391877128 0.2877749796246291 0
739 0.6746434410807722 0.3855348692581939 0
740 0.6891800219346811 0.3974632049331378 0
741 0.612838890275144 0.311631993833808 0
742 0.3022569527012413 0.2092763610992139 0
743 0.4320368138223367 0.2290753133177768 0
744 0.3076619717797908 0.1441094217414955 0
745 0.5465432026070364 0.257564955468968 0
746 0.6496064052981495 0.2828691676823424 0
747 0.5034508631298491 0.1723405517246354 0
748 0.4554340913336887 0.3905401009113367 0
749 0.6067017819556779 0.346018607637623 0
750 0.288157336312884 0.1189387337016695 0
751 0.3916149275083489 0.2806192470070257 0
752 0.4971176019665952 0.3574323041816769 0
753 0.271246648021255 0.1120100270323036 0
754 0.6525516860935842 0.346071964071749 0
755 0.5011393792326372 0.1541551745762652 0
756 0.6864706706258528 0.3349021455995457 0
757 0.5640213732379167 0.396328861616313 0
758 0.5321405420487544 0.149971850809499 0
759 0.5119096883059743 0.3434097486189724 0
760 0.4268068844564329 0.1923853091658382 0
761 0.581562296973117 0.30570750851495 0
762 0.5171467194309487 0.378406900496727 0
763 0.5298584758078049 0.1316241798189423 0
764 0.5935122136900362 0.3346555238385324 0
765 0.4922162945337117 0.3215391776083784 0
766 0.5609910573347413 0.127666994667194 0
767 0.5069650396223758 0.3083250015066498 0
768 0.5753277841029529 0.1163525244498032 0
769 0.4799920706029885 0.2309090608193029 0
770 0.5043024056432288 0.2911198641362821 0
771 0.6763569300231467 0.224287217042892 0
772 0.499151965227515 0.2555339872361782 0
773 0.6691764527186551 0.3404369560399525 0
774 0.4847708409050827 0.2676306114224065 0
775 0.5731592600527267 0.09821518872214818 0
776 0.6869414204790103 0.1709769049596422 0
777 0.691099854708961 0.3794713348627838 0
778 0.5504709303316155 0.2928955341192184 0
779 0.2616739352952767 0.1945536511006674 0
780 0.6569939908174023 0.247962913831397 0
781 0.3929027914290853 0.3523779307436635 0
782 0.4199817962730129 0.378190282552208 0
783 0.3809930812083265 0.3383417301228826 0
784 0.2571771779136258 0.123011670489712 0
785 0.5873839017831204 0.08731927011270102 0
786 0.5850322287615428 0.06926697606981241 0
787 0.5823455924684332 0.05166196950830498 0
788 0.5961708021360977 0.3173636717802621 0
789 0.1074145716153622 0.01308122639342846 0
790 0.7060069009008373 0.02816013527868733 0
791 0.6099939191469315 0.149298091579379 0
792 0.4712112620106912 0.4137201176394564 0
793 0.612817290799732 0.3898720033484382 0
794 0.7061189502547157 0.3888914826228853 0
795 0.4869057531252653 0.06328293112727273 0
796 0.6196036161017613 0.01560127398252564 0
797 0.5190691913557884 0.05887561842351285 0
798 0.6005649581894265 0.0149342279469421 0
799 0.681583596534058 0.4143824559190772 0
800 0.6628897855121381 0.03157635455266072 0
801 0.5589339139105909 0.362977098403137 0
802 0.2457866812761547 0.1516183913218822 0
803 0.4073853134140947 0.03090726305668134 0
804 0.7083883284342762 0.317844289599877 0
805 0.1471194495368117 0.03625424395496268 0
806 0.6660584115912205 0.2777845674935469 0
807 0.5782982841770211 0.03236132284283683 0
808 0.4202867505816923 0.3589521054375337 0
809 0.1971120822202653 0.01309050601751283 0
810 0.708669002248025 0.1538382573782272 0
811 0.6513387455720868 0.11815272132074 0
812 0.6921947115020538 0.03535215236345524 0
813 0.1619647947786288 0.01265207209683772 0
814 0.6916537368192367 0.217203278229062 0
815 0.6905349641946302 0.09008097954127542 0
816 0.594659803840286 0.1591755549224027 0
817 0.5707333640270436 0.1973716372301732 0
818 0.4360771400878574 0.04506297514012669 0
819 0.5334446782020505 0.03255917565490968 0
820 0.6928464021080778 0.3622301181335116 0
821 0.5606208342678324 0.2666282078354744 0
822 0.4404783529102746 0.4007997765940812 0
823 0.569669285084865 0.3127613074690562 0
824 0.3240858594452468 0.01305880745151849 0
825 0.2489384739327521 0.1832630786927817 0
826 0.2706299522044933 0.01398252900848851 0
827 0.6658630035775979 0.4157719452894295 0
828 0.3541204989117301 0.02852659082372649 0
829 0.486136651488506 0.4189642547513768 0
830 0.4388884233142571 0.3829883765920896 0
831 0.2254119942074865 0.02855430884715432 0
832 0.6890332538835687 0.2995880156146096 0
833 0.380269869336494 0.290425072590313 0
834 0.6477271228985688 0.1360859429057633 0
835 0.6842544485919696 0.4285607158239077 0
836 0.358683838555894 0.2635552838356889 0
837 0.5735221423430896 0.3719149874581565 0
838 0.3258341876216789 0.2517235595710008 0
839 0.509698748192243 0.4049890409421281 0
840 0.6901814927305918 0.1341867923892199 0
841 0.3053517014013749 0.2243632910982382 0
842 0.170788595693803 0.06740556051265201 0
843 0.2250907630582596 0.1070412842934971 0
844 0.5373454094568585 0.2224146566560485 0
845 0.6298267660423907 0.4022203036504311 0
846 0.2887990069871712 0.2037249208159863 0
847 0.7080491931132477 0.06482651929956085 0
848 0.6458280276139043 0.02806951117893131 0
849 0.6934234517702852 0.198858810313578 0
850 0.125257838282791 0.0128635710358988 0
851 0.2044245202217898 0.0800889486849935 0
852 0.5614925289613388 0.02976322123091452 0
853 0.7072354735115093 0.01341914937942001 0
854 0.5642110499878297 0.409504986060778 0
855 0.6944501721032974 0.3460989991098517 0
856 0.4700569085406719 0.06138462558286267 0
857 0.5920673335459071 0.02661929833483251 0
858 0.6727411659649934 0.09699275344299868 0
859 0.6891522440079543 0.04897312135200582 0
860 0.7054014958983136 0.4172159837915109 0
861 0.2476199962826411 0.1331936576769594 0
862 0.5508423472331204 0.3288418639390041 0
863 0.3848794882858509 0.324052249039552 0
864 0.3903354249279666 0.02609912674067177 0
865 0.5009872782578536 0.05766740223745609 0
866 0.559772775634077 0.2831430305262364 0
867 0.5955446661295223 0.1733216727990496 0
868 0.6943713426612148 0.4095283951479123 0
869 0.2610232591942901 0.0257883528959198 0
870 0.30468061289301 0.02905965367182028 0
871 0.2526658804841193 0.1701908800560849 0
872 0.5563259347124789 0.2058254762343029 0
873 0.4077560422384676 0.3524187188126731 0
874 0.6796347265214225 0.02829569400559667 0
875 0.1336137116795501 0.02631445266752414 0
876 0.661285768397384 0.428696926666606 0
877 0.6933054919953919 0.2876005493152086 0
878 0.7104493285544342 0.1184761071932675 0
879 0.3495580351832249 0.01277049304355848 0
880 0.5722853745269185 0.3869817209971678 0
881 0.695404723375458 0.1824317114450572 0
882 0.5243054689753879 0.4062912195075112 0
883 0.418746808103736 0.04187539225505821 0
884 0.5222447359554185 0.04434943521747409 0
885 0.6940337648897714 0.07584546659904678 0
886 0.5949222899583776 0.3906865080425722 0
887 0.7087616285741664 0.4451267695486886 0
888 0.7327501525076424 0.4107080321285512 0
889 0.7364459164324443 0.1 0
890 0.736247152995069 0.3729900795552957 0
891 0.7650722208471387 0.3002046197705058 0
892 0.7649540835675557 0.1727272727272726 0
893 0.7364459164324444 0.1363636363636363 0
894 0.7649540835675557 0.04545454545454525 0
895 0.7358196893405408 0.3362174793847037 0
896 0.7364459164324443 0.2454545454545455 0
897 0.7364459164324444 0.2090909090909092 0
898 0.7502933721590659 0.4509327564170352 0
899 0.6848735973736712 0.4705499559316611 0
900 0.7650282073810991 0.3909090909090909 0
901 0.7649540835675557 0.08181818181818168 0
902 0.7358196893405409 0.2819643387971146 0
903 0.7364459164324444 0.06363636363636382 0
904 0.7362031484226667 0.02631609846368688 0
905 0.7649540835675556 0.1181818181818179 0
906 0.7649540835675556 0.2636363636363637 0
907 0.7649540835675556 0.3545454545454546 0
908 0.7649540835675556 0.2272727272727273 0
909 0.7140630656701239 0.4772320320770155 0
910 0.7577193739231011 0.01270586544152313 0
911 0.7242962927142206 0.4303849237239608 0
912 0.7614708937207718 0.4216713780958679 0
913 0.7364459164324444 0.1727272727272728 0
914 0.7252294190036174 0.4479953767846989 0
915 0.7357680232211545 0.3941951800126222 0
916 0.7440243441802258 0.4243872231003551 0
917 0.7506575474644286 0.4046854712163999 0
918 0.690761906159533 0.4513919786536171 0
919 0.7028623362607649 0.4629006457187809 0
920 0.7652511838301083 0.3730920896945452 0
921 0.7359074197248527 0.04529510731970549 0
922 0.7649540835675557 0.1363636363636366 0
923 0.7649540835675559 0.06363636363636355 0
924 0.7650919103937358 0.3180113017063967 0
925 0.7499837800702231 0.3090965929734232 0
926 0.7359972824933014 0.3545668323412979 0
927 0.7364459164324445 0.1545454545454544 0
928 0.7653438307956502 0.3361305971805603 0
929 0.7361389527571314 0.2636487919508988 0
930 0.7649540835675556 0.1909090909090909 0
931 0.7649540835675557 0.2454545454545455 0
932 0.7649540835675556 0.2090909090909091 0
933 0.7364459164324444 0.1181818181818181 0
934 0.7653405492045506 0.2820569048837719 0
935 0.7364459164324443 0.08181818181818185 0
936 0.7364459164324443 0.2272727272727274 0
937 0.7364459164324444 0.1909090909090909 0
938 0.7649540835675555 0.0999999999999997 0
939 0.7649540835675558 0.1545454545454545 0
940 0.6747127749583588 0.4531917474078941 0
941 0.7651268917074919 0.02627545337579501 0
942 0.7436671985629972 0.01231343928843592 0
943 0.7493846808617393 0.3839441599858229 0
944 0.7505985905704277 0.03689339499035083 0
945 0.7503152490629621 0.3271820558135746 0
946 0.7503114205400127 0.2910082881920147 0
947 0.7504223972912956 0.364098860262827 0
948 0.7507 0.0545454545454549 0
949 0.7507 0.1272727272727273 0
950 0.7505441159016318 0.2728100236676031 0
951 0.7507 0.2363636363636364 0
952 0.7506999999999999 0.1090909090909089 0
953 0.7506999999999999 0.2545454545454546 0
954 0.7507 0.1818181818181818 0
955 0.7506999999999999 0.2 0
956 0.7507 0.09090909090909072 0
957 0.7506999999999999 0.2181818181818183 0
958 0.7507 0.1636363636363636 0
959 0.7507000000000001 0.07272727272727258 0
960 0.7504754220918842 0.345456879921403 0
961 0.7507 0.1454545454545455 0
962 0.7351864224734274 0.300021346780984 0
963 0.7354508568245256 0.3181468518860537 0
964 0.7673869466837111 0.4070406797630209 0
965 0.68490735036554 0.4867196208885329 0
966 0.698536398634713 0.48197801828315 0
967 0.7190974567372603 0.4624505147318653 0
968 0.7369938399937866 0.4599606303910766 0
969 0.7557490916827869 0.4372901576189761 0
970 0.7387420142871486 0.4409080577442323 0
971 0.7278008212490926 0.4739076117738723 0
972 0.7506736004552403 0.02306452473223231 0
973 0.7313940693971327 0.01136227118678823 0
974 0.7699892531261185 0.01143262739982726 0
975 0.4801584633956256 0.4786064237012883 0
976 0.05187389153973021 0.03951864964188978 0
977 0.4064933847841512 0.4522932401288392 0
978 0.4354397325327867 0.466308135030053 0
979 0.3722845426408667 0.4201023005013627 0
980 0.4655388238909997 0.4428941752373017 0
981 0.3484158161654076 0.3904972118480848 0
982 0.3248200713802987 0.3623768982304956 0
983 0.3012243265951901 0.3342565846129066 0
984 0.2776285818100814 0.3061362709953175 0
985 0.2540328370249725 0.2780159573777282 0
986 0.2304370922398638 0.249895643760139 0
987 0.2068413474547549 0.2217753301425498 0
988 0.1832456026696465 0.1936550165249611 0
989 0.1596498578845376 0.1655347029073717 0
990 0.1360541130994289 0.1374143892897829 0
991 0.1124583683143207 0.1092940756721942 0
992 0.08702071412552437 0.08164160080542182 0
993 0.5076290205556226 0.462712569050698 0
994 0.4065393887092193 0.4148922457001998 0
995 0.09569830939009882 0.04556767589976074 0
996 0.381901175201433 0.3863250573118305 0
997 0.357893371637064 0.3578819794347076 0
998 0.334576563129825 0.3294315267086652 0
999 0.3108113892171908 0.3011601793406701 0
1000 0.2870472479147343 0.2728879655098553 0
1001 0.2632805206063865 0.2446105727175202 0
1002 0.2395137396284384 0.2163332249593261 0
1003 0.2157527479107114 0.1880583683131264 0
1004 0.1919964074192323 0.1597869577028085 0
1005 0.1682420305551221 0.1315138994134888 0
1006 0.1444840849137334 0.1032364868057568 0
1007 0.120727171882523 0.07495820773520595 0
1008 0.4470552841372406 0.4386788274029462 0
1009 0.4304253444267331 0.4320092962391885 0
1010 0.05482710615195652 0.01356619049816565 0
1011 0.4829721549526429 0.4444590023151907 0
1012 0.473106055713128 0.4574083833983383 0
1013 0.452510252141775 0.457181797677948 0
1014 0.07051734083434991 0.01668536890892836 0
1015 0.3944634845696683 0.4007114740434217 0
1016 0.4903291424716565 0.4585661634505295 0
1017 0.08375303416065882 0.03089374415698093 0
1018 0.078935106286112 0.04919115481008324 0
1019 0.04179221098257657 0.02561979674204889 0
1020 0.5007298226559554 0.4454282626975727 0
1021 0.4951415063296216 0.4751889925251001 0
1022 0.359812101418871 0.4052678616457803 0
1023 0.3699800243267138 0.3719807274903261 0
1024 0.1083240445419295 0.06041207585218411 0
1025 0.275416106385209 0.258791731456104 0
1026 0.1567003699982658 0.1175881414456115 0
1027 0.1804401173711396 0.1458307324559202 0
1028 0.2279222428474711 0.202312482218455 0
1029 0.2516676113283794 0.2305528061851218 0
1030 0.3229128829787304 0.3152660867236826 0
1031 0.346118454085846 0.3436790876121146 0
1032 0.2991641078265235 0.2870298461066648 0
1033 0.2041796470578193 0.1740722813136151 0
1034 0.1329612325410535 0.08934381384227885 0
1035 0.09075967965614429 0.06387445282160281 0
1036 0.4661704106157705 0.4726892712054768 0
1037 0.1714477302770923 0.1795948597161673 0
1038 0.2658307094175269 0.2920761141865225 0
1039 0.09991984025938783 0.09572710433385456 0
1040 0.3366179437728533 0.3764370550392904 0
1041 0.2894264542026356 0.3201964278041126 0
1042 0.1242562407068742 0.1233542324809888 0
1043 0.2186392198473089 0.2358354869513452 0
1044 0.3130221989877441 0.348316741421701 0
1045 0.1478519854919832 0.1514745460985775 0
1046 0.242234964632418 0.2639558005689344 0
1047 0.1950434750621988 0.2077151733337561 0
1048 0.3899285139636703 0.4184023186952024 0
1049 0.4029471436867275 0.4344541498329533 0
1050 0.5177069309390965 0.4440531488931092 0
1051 0.3772350464244946 0.4032535215595928 0
1052 0.3650661685348726 0.3886628356844389 0
1053 0.420352345103552 0.4606564624361613 0
1054 0.3531900213702456 0.3744290100090762 0
1055 0.02641752783028328 0.01377268291408945 0
1056 0.06736402339358838 0.03626560382217103 0
1057 0.3413471160798454 0.3602970880552231 0
1058 0.3295626355643566 0.3462012136495119 0
1059 0.3177960905239668 0.3321159875520999 0
1060 0.4343066727106927 0.4501919425571525 0
1061 0.3059679292465012 0.3180464861131068 0
1062 0.2940892087302253 0.3041018277239628 0
1063 0.2822525174951614 0.2900533642950041 0
1064 0.3847416999869892 0.4344829119345491 0
1065 0.2703148432815895 0.2763336055240059 0
1066 0.2585328207454963 0.2621314075194965 0
1067 0.2466509678124925 0.248270460338225 0
1068 0.2348630827415505 0.2340494356237885 0
1069 0.2229901907120047 0.2202047153124843 0
1070 0.2112171657448702 0.2058775028801001 0
1071 0.1993325119801276 0.1921363704467866 0
1072 0.1875571450694949 0.1777789946943471 0
1073 0.1756779316168602 0.1640654257411303 0
1074 0.1639033251666641 0.1496753578360421 0
1075 0.1520264496222024 0.1359918811955161 0
1076 0.1402478724907078 0.1215725702832292 0
1077 0.4495337150833599 0.4733595633262606 0
1078 0.06308080504080482 0.0543876288628905 0
1079 0.128378065996155 0.1079157368099451 0
1080 0.1165498781279793 0.09349761238653848 0
1081 0.1041261907579061 0.07877617096873868 0
1082 0.07492881690444719 0.06729276036612292 0
1083 0.04027225646495058 0.01059173403086078 0
1084 0.4161879499568414 0.4268973714759988 0
1085 0.4184521401114497 0.4427504104450489 0
1086 0.5068946698835619 0.4789413846167488 0
1087 0.39317288073631 0.4461953815633944 0
1088 0.05650618794989748 0.02636355345323738 0
1089 0.4805532038416463 0.4665906457076994 0
1090 0.6210725487946069 0.4537315788817866 0
1091 0.5717962737780787 0.4511644365675651 0
1092 0.594968299108009 0.4802392734832962 0
1093 0.5399866975608827 0.4599117409800814 0
1094 0.6518050145212052 0.4657718906551385 0
1095 0.5616580421705455 0.4787914170778934 0
1096 0.6282677105478703 0.4822666162785163 0
1097 0.5456152652922056 0.4762135754886545 0
1098 0.6445014060086403 0.4813933675925038 0
1099 0.5776240327233277 0.479499088186761 0
1100 0.5869103673705677 0.4644526978034765 0
1101 0.6046113297336977 0.4653467166016041 0
1102 0.6122945382330024 0.4812850555301288 0
1103 0.5522614906603991 0.4478890552498646 0
1104 0.6408534791224905 0.452531034244126 0
1105 0.6324036347602983 0.4665003952008141 0
1106 0.5592017813704075 0.4626694949146314 0
1107 0.5909620999286076 0.4501381641487855 0
1108 0.6057796615577408 0.4483019498214104 0
1109 0.5315377700648478 0.4724173840225475 0
1110 0.658900088468073 0.4790916381078055 0
1111 0.6192239982909566 0.4694388503287741 0
1112 0.5719787398152658 0.4669930315122145 0
$EndNodes
$Elements
2224
1 15 2 6 9 9
2 15 2 7 12 12
3 1 2 5 6 6 57
4 1 2 5 6 57 58
5 1 2 5 6 58 59
6 1 2 5 6 59 60
7 1 2 5 6 60 61
8 1 2 5 6 61 62
9 1 2 5 6 62 63
10 1 2 5 6 63 64
11 1 2 5 6 64 65
12 1 2 5 6 65 66
13 1 2 5 6 66 67
14 1 2 5 6 67 68
15 1 2 5 6 68 69
16 1 2 5 6 69 70
17 1 2 5 6 70 71
18 1 2 5 6 71 72
19 1 2 5 6 72 73
20 1 2 5 6 73 74
21 1 2 5 6 74 75
22 1 2 5 6 75 76
23 1 2 5 6 76 77
24 1 2 5 6 77 78
25 1 2 5 6 78 79
26 1 2 5 6 79 80
27 1 2 5 6 80 81
28 1 2 5 6 81 82
29 1 2 5 6 82 83
30 1 2 5 6 83 84
31 1 2 5 6 84 85
32 1 2 5 6 85 86
33 1 2 5 6 86 87
34 1 2 5 6 87 88
35 1 2 5 6 88 89
36 1 2 5 6 89 90
37 1 2 5 6 90 7
38 1 2 4 9 9 10
39 1 2 5 11 7 118
40 1 2 5 11 118 119
41 1 2 5 11 119 120
42 1 2 5 11 120 11
43 1 2 4 12 11 121
44 1 2 4 12 121 122
45 1 2 4 12 122 123
46 1 2 4 12 123 124
47 1 2 4 12 124 125
48 1 2 4 12 125 126
49 1 2 4 12 126 127
50 1 2 4 12 127 128
51 1 2 4 12 128 129
52 1 2 4 12 129 130
53 1 2 4 12 130 131
54 1 2 4 12 131 132
55 1 2 4 12 132 133
56 1 2 4 12 133 134
57 1 2 4 12 134 135
58 1 2 4 12 135 136
59 1 2 4 12 136 137
60 1 2 4 12 137 138
61 1 2 4 12 138 139
62 1 2 4 12 139 140
63 1 2 4 12 140 141
64 1 2 4 12 141 12
65 1 2 4 13 12 142
66 1 2 4 13 142 143
67 1 2 4 13 143 144
68 1 2 4 13 144 145
69 1 2 4 13 145 146
70 1 2 4 13 146 147
71 1 2 4 13 147 148
72 1 2 4 13 148 149
73 1 2 4 13 149 9
74 1 2 4 15 13 153
75 1 2 4 15 153 154
76 1 2 4 15 154 14
77 1 2 4 16 14 155
78 1 2 4 16 155 156
79 1 2 4 16 156 157
80 1 2 4 16 157 158
81 1 2 4 16 158 159
82 1 2 4 16 159 160
83 1 2 4 16 160 15
84 1 2 4 17 15 161
85 1 2 4 17 161 162
86 1 2 4 17 162 163
87 1 2 4 17 163 164
88 1 2 4 17 164 165
89 1 2 4 17 165 166
90 1 2 4 17 166 167
91 1 2 4 17 167 168
92 1 2 4 17 168 169
93 1 2 4 17 169 170
94 1 2 4 17 170 171
95 1 2 4 17 171 172
96 1 2 4 17 172 173
97 1 2 4 17 173 174
98 1 2 4 17 174 175
99 1 2 4 17 175 176
100 1 2 4 17 176 177
101 1 2 4 17 177 178
102 1 2 4 17 178 179
103 1 2 4 17 179 180
104 1 2 4 17 180 181
105 1 2 4 17 181 182
106 1 2 4 17 182 183
107 1 2 4 17 183 184
108 1 2 4 17 184 185
109 1 2 4 17 185 186
110 1 2 4 17 186 187
111 1 2 4 17 187 188
112 1 2 4 17 188 189
113 1 2 4 17 189 190
114 1 2 4 17 190 16
115 1 2 5 18 16 191
116 1 2 5 18 191 192
117 1 2 5 18 192 193
118 1 2 5 18 193 194
119 1 2 5 18 194 6
120 1 2 4 19 10 195
121 1 2 4 19 195 196
122 1 2 4 19 196 197
123 1 2 4 19 197 198
124 1 2 4 19 198 199
125 1 2 4 19 199 200
126 1 2 4 19 200 201
127 1 2 4 19 201 202
128 1 2 4 19 202 13
129 2 2 1 1 815 858 633
130 2 2 1 1 537 552 242
131 2 2 1 1 552 805 437
132 2 2 1 1 242 551 537
133 2 2 1 1 246 248 23
134 2 2 1 1 633 858 390
135 2 2 1 1 240 620 551
136 2 2 1 1 215 779 716
137 2 2 1 1 716 846 215
138 2 2 1 1 437 813 552
139 2 2 1 1 282 596 594
140 2 2 1 1 498 780 589
141 2 2 1 1 3 246 23
142 2 2 1 1 740 794 243
143 2 2 1 1 529 806 617
144 2 2 1 1 551 809 240
145 2 2 1 1 617 806 589
146 2 2 1 1 542 732 326
147 2 2 1 1 561 839 219
148 2 2 1 1 822 830 748
149 2 2 1 1 226 756 540
150 2 2 1 1 584 839 561
151 2 2 1 1 793 845 223
152 2 2 1 1 214 807 667
153 2 2 1 1 326 834 542
154 2 2 1 1 239 776 550
155 2 2 1 1 579 845 793
156 2 2 1 1 589 780 588
157 2 2 1 1 554 805 552
158 2 2 1 1 550 810 239
159 2 2 1 1 540 804 226
160 2 2 1 1 530 830 782
161 2 2 1 1 807 852 667
162 2 2 1 1 241 874 800
163 2 2 1 1 521 834 811
164 2 2 1 1 537 554 552
165 2 2 1 1 811 834 687
166 2 2 1 1 730 796 224
167 2 2 1 1 502 771 588
168 2 2 1 1 800 874 549
169 2 2 1 1 244 805 554
170 2 2 1 1 594 597 282
171 2 2 1 1 782 808 530
172 2 2 1 1 606 804 540
173 2 2 1 1 247 830 822
174 2 2 1 1 540 832 606
175 2 2 1 1 777 794 740
176 2 2 1 1 531 672 532
177 2 2 1 1 553 762 584
178 2 2 1 1 19 845 467
179 2 2 1 1 584 762 457
180 2 2 1 1 682 795 684
181 2 2 1 1 333 558 557
182 2 2 1 1 243 868 740
183 2 2 1 1 603 823 284
184 2 2 1 1 282 844 596
185 2 2 1 1 588 771 587
186 2 2 1 1 284 778 603
187 2 2 1 1 799 835 229
188 2 2 1 1 241 800 635
189 2 2 1 1 795 856 684
190 2 2 1 1 671 676 670
191 2 2 1 1 782 830 247
192 2 2 1 1 564 686 302
193 2 2 1 1 224 848 730
194 2 2 1 1 531 863 672
195 2 2 1 1 791 816 311
196 2 2 1 1 687 834 326
197 2 2 1 1 233 722 668
198 2 2 1 1 554 737 244
199 2 2 1 1 466 708 674
200 2 2 1 1 553 752 334
201 2 2 1 1 544 793 223
202 2 2 1 1 443 660 658
203 2 2 1 1 334 762 553
204 2 2 1 1 229 827 799
205 2 2 1 1 6 57 30
206 2 2 1 1 333 559 558
207 2 2 1 1 19 467 18
208 2 2 1 1 581 759 752
209 2 2 1 1 752 759 334
210 2 2 1 1 211 544 21
211 2 2 1 1 732 791 326
212 2 2 1 1 539 709 555
213 2 2 1 1 20 544 223
214 2 2 1 1 223 845 19
215 2 2 1 1 805 875 437
216 2 2 1 1 211 886 544
217 2 2 1 1 561 792 556
218 2 2 1 1 387 703 692
219 2 2 1 1 528 796 730
220 2 2 1 1 235 852 715
221 2 2 1 1 230 748 556
222 2 2 1 1 796 798 85
223 2 2 1 1 647 803 650
224 2 2 1 1 564 817 686
225 2 2 1 1 654 858 538
226 2 2 1 1 588 780 502
227 2 2 1 1 453 769 563
228 2 2 1 1 581 765 308
229 2 2 1 1 605 788 761
230 2 2 1 1 557 801 333
231 2 2 1 1 246 249 248
232 2 2 1 1 218 810 550
233 2 2 1 1 243 794 8
234 2 2 1 1 716 779 548
235 2 2 1 1 308 759 581
236 2 2 1 1 572 767 765
237 2 2 1 1 536 816 791
238 2 2 1 1 639 870 222
239 2 2 1 1 658 851 443
240 2 2 1 1 765 767 308
241 2 2 1 1 664 712 343
242 2 2 1 1 217 698 646
243 2 2 1 1 563 769 332
244 2 2 1 1 8 794 91
245 2 2 1 1 671 836 676
246 2 2 1 1 230 822 748
247 2 2 1 1 538 811 654
248 2 2 1 1 572 770 767
249 2 2 1 1 54 783 781
250 2 2 1 1 550 840 218
251 2 2 1 1 556 792 230
252 2 2 1 1 703 856 692
253 2 2 1 1 569 729 428
254 2 2 1 1 233 841 722
255 2 2 1 1 590 770 572
256 2 2 1 1 242 809 551
257 2 2 1 1 570 729 569
258 2 2 1 1 715 819 235
259 2 2 1 1 445 657 462
260 2 2 1 1 222 824 639
261 2 2 1 1 590 774 292
262 2 2 1 1 772 774 563
263 2 2 1 1 589 806 498
264 2 2 1 1 18 464 1
265 2 2 1 1 291 729 570
266 2 2 1 1 292 774 772
267 2 2 1 1 559 862 284
268 2 2 1 1 761 788 560
269 2 2 1 1 674 838 466
270 2 2 1 1 647 864 803
271 2 2 1 1 666 846 742
272 2 2 1 1 570 619 291
273 2 2 1 1 484 605 604
274 2 2 1 1 561 829 792
275 2 2 1 1 479 741 481
276 2 2 1 1 568 775 768
277 2 2 1 1 562 886 211
278 2 2 1 1 484 604 485
279 2 2 1 1 768 775 318
280 2 2 1 1 292 770 590
281 2 2 1 1 528 798 796
282 2 2 1 1 485 604 496
283 2 2 1 1 93 566 226
284 2 2 1 1 496 600 599
285 2 2 1 1 298 763 567
286 2 2 1 1 496 604 600
287 2 2 1 1 628 700 629
288 2 2 1 1 573 575 294
289 2 2 1 1 609 760 619
290 2 2 1 1 618 723 599
291 2 2 1 1 575 577 294
292 2 2 1 1 599 723 496
293 2 2 1 1 739 740 514
294 2 2 1 1 597 745 282
295 2 2 1 1 218 840 555
296 2 2 1 1 573 736 456
297 2 2 1 1 221 808 782
298 2 2 1 1 559 560 558
299 2 2 1 1 295 689 307
300 2 2 1 1 357 755 615
301 2 2 1 1 632 705 227
302 2 2 1 1 569 769 453
303 2 2 1 1 215 846 666
304 2 2 1 1 91 232 92
305 2 2 1 1 484 741 605
306 2 2 1 1 294 736 573
307 2 2 1 1 307 689 610
308 2 2 1 1 615 755 576
309 2 2 1 1 497 741 479
310 2 2 1 1 567 763 434
311 2 2 1 1 568 766 567
312 2 2 1 1 232 566 92
313 2 2 1 1 781 783 533
314 2 2 1 1 470 739 514
315 2 2 1 1 545 871 802
316 2 2 1 1 568 768 766
317 2 2 1 1 284 823 559
318 2 2 1 1 26 246 3
319 2 2 1 1 552 813 242
320 2 2 1 1 756 773 513
321 2 2 1 1 277 577 275
322 2 2 1 1 619 743 608
323 2 2 1 1 539 815 709
324 2 2 1 1 290 582 286
325 2 2 1 1 294 577 277
326 2 2 1 1 492 723 618
327 2 2 1 1 570 743 619
328 2 2 1 1 323 648 347
329 2 2 1 1 644 645 358
330 2 2 1 1 481 741 484
331 2 2 1 1 555 878 218
332 2 2 1 1 553 584 452
333 2 2 1 1 645 649 358
334 2 2 1 1 667 852 235
335 2 2 1 1 245 847 634
336 2 2 1 1 647 650 649
337 2 2 1 1 469 579 471
338 2 2 1 1 28 230 29
339 2 2 1 1 610 693 307
340 2 2 1 1 758 763 298
341 2 2 1 1 412 580 441
342 2 2 1 1 571 616 439
343 2 2 1 1 303 582 290
344 2 2 1 1 619 760 291
345 2 2 1 1 289 689 295
346 2 2 1 1 492 618 591
347 2 2 1 1 580 581 441
348 2 2 1 1 406 616 409
349 2 2 1 1 335 735 724
350 2 2 1 1 471 579 474
351 2 2 1 1 578 582 303
352 2 2 1 1 303 611 578
353 2 2 1 1 249 250 248
354 2 2 1 1 452 561 556
355 2 2 1 1 442 553 452
356 2 2 1 1 652 721 693
357 2 2 1 1 474 579 515
358 2 2 1 1 439 590 571
359 2 2 1 1 347 648 358
360 2 2 1 1 96 606 216
361 2 2 1 1 790 812 655
362 2 2 1 1 349 649 363
363 2 2 1 1 517 562 518
364 2 2 1 1 373 622 613
365 2 2 1 1 515 517 516
366 2 2 1 1 112 541 113
367 2 2 1 1 332 772 563
368 2 2 1 1 219 583 25
369 2 2 1 1 614 622 434
370 2 2 1 1 358 649 349
371 2 2 1 1 442 452 451
372 2 2 1 1 585 586 238
373 2 2 1 1 452 584 561
374 2 2 1 1 567 766 298
375 2 2 1 1 358 648 644
376 2 2 1 1 410 580 412
377 2 2 1 1 441 442 418
378 2 2 1 1 98 585 238
379 2 2 1 1 409 616 571
380 2 2 1 1 613 622 614
381 2 2 1 1 456 736 582
382 2 2 1 1 100 607 208
383 2 2 1 1 5 247 27
384 2 2 1 1 99 607 100
385 2 2 1 1 93 226 94
386 2 2 1 1 55 221 56
387 2 2 1 1 474 515 476
388 2 2 1 1 390 858 654
389 2 2 1 1 724 735 648
390 2 2 1 1 615 763 758
391 2 2 1 1 404 616 406
392 2 2 1 1 412 441 418
393 2 2 1 1 328 651 321
394 2 2 1 1 92 566 93
395 2 2 1 1 647 649 645
396 2 2 1 1 693 721 307
397 2 2 1 1 727 744 431
398 2 2 1 1 323 724 648
399 2 2 1 1 440 580 410
400 2 2 1 1 524 773 756
401 2 2 1 1 615 758 357
402 2 2 1 1 586 617 589
403 2 2 1 1 409 410 408
404 2 2 1 1 585 617 586
405 2 2 1 1 651 725 335
406 2 2 1 1 725 735 335
407 2 2 1 1 591 718 492
408 2 2 1 1 29 792 4
409 2 2 1 1 611 706 578
410 2 2 1 1 96 216 97
411 2 2 1 1 409 440 410
412 2 2 1 1 216 585 97
413 2 2 1 1 649 650 363
414 2 2 1 1 375 865 797
415 2 2 1 1 406 409 408
416 2 2 1 1 613 688 373
417 2 2 1 1 216 617 585
418 2 2 1 1 624 706 611
419 2 2 1 1 350 624 348
420 2 2 1 1 321 651 335
421 2 2 1 1 600 602 601
422 2 2 1 1 95 606 96
423 2 2 1 1 480 707 478
424 2 2 1 1 114 243 8
425 2 2 1 1 41 665 220
426 2 2 1 1 717 734 450
427 2 2 1 1 410 412 411
428 2 2 1 1 608 743 399
429 2 2 1 1 365 624 350
430 2 2 1 1 397 608 399
431 2 2 1 1 403 404 402
432 2 2 1 1 684 703 702
433 2 2 1 1 442 752 553
434 2 2 1 1 604 605 602
435 2 2 1 1 403 413 404
436 2 2 1 1 361 685 630
437 2 2 1 1 602 603 601
438 2 2 1 1 400 403 402
439 2 2 1 1 677 693 610
440 2 2 1 1 658 660 659
441 2 2 1 1 543 621 32
442 2 2 1 1 412 418 417
443 2 2 1 1 438 439 413
444 2 2 1 1 581 752 441
445 2 2 1 1 373 688 370
446 2 2 1 1 406 408 407
447 2 2 1 1 361 651 328
448 2 2 1 1 452 556 451
449 2 2 1 1 652 693 636
450 2 2 1 1 491 718 494
451 2 2 1 1 595 598 597
452 2 2 1 1 684 702 683
453 2 2 1 1 420 620 449
454 2 2 1 1 300 623 296
455 2 2 1 1 397 399 398
456 2 2 1 1 586 589 588
457 2 2 1 1 599 600 598
458 2 2 1 1 582 736 286
459 2 2 1 1 600 601 598
460 2 2 1 1 399 400 398
461 2 2 1 1 571 572 440
462 2 2 1 1 300 699 623
463 2 2 1 1 683 702 236
464 2 2 1 1 238 607 99
465 2 2 1 1 419 734 717
466 2 2 1 1 630 637 361
467 2 2 1 1 212 674 673
468 2 2 1 1 425 608 397
469 2 2 1 1 413 616 404
470 2 2 1 1 453 563 438
471 2 2 1 1 374 622 373
472 2 2 1 1 470 514 468
473 2 2 1 1 747 755 357
474 2 2 1 1 636 677 393
475 2 2 1 1 595 618 599
476 2 2 1 1 404 406 405
477 2 2 1 1 414 438 413
478 2 2 1 1 625 626 388
479 2 2 1 1 595 597 594
480 2 2 1 1 98 238 99
481 2 2 1 1 670 672 669
482 2 2 1 1 625 632 626
483 2 2 1 1 348 624 458
484 2 2 1 1 609 619 608
485 2 2 1 1 89 655 241
486 2 2 1 1 344 625 388
487 2 2 1 1 592 595 594
488 2 2 1 1 324 744 727
489 2 2 1 1 600 604 602
490 2 2 1 1 40 665 41
491 2 2 1 1 658 659 656
492 2 2 1 1 515 516 476
493 2 2 1 1 212 673 49
494 2 2 1 1 439 616 413
495 2 2 1 1 397 398 396
496 2 2 1 1 425 609 608
497 2 2 1 1 395 397 396
498 2 2 1 1 492 718 491
499 2 2 1 1 656 659 37
500 2 2 1 1 395 677 425
501 2 2 1 1 386 636 393
502 2 2 1 1 400 402 401
503 2 2 1 1 234 670 669
504 2 2 1 1 512 513 499
505 2 2 1 1 296 623 303
506 2 2 1 1 97 585 98
507 2 2 1 1 595 599 598
508 2 2 1 1 669 672 210
509 2 2 1 1 425 677 610
510 2 2 1 1 389 633 390
511 2 2 1 1 535 591 565
512 2 2 1 1 87 635 224
513 2 2 1 1 395 425 397
514 2 2 1 1 439 774 590
515 2 2 1 1 306 699 300
516 2 2 1 1 517 518 516
517 2 2 1 1 591 592 565
518 2 2 1 1 424 567 434
519 2 2 1 1 434 763 614
520 2 2 1 1 31 543 32
521 2 2 1 1 33 621 244
522 2 2 1 1 410 411 408
523 2 2 1 1 442 451 418
524 2 2 1 1 336 685 361
525 2 2 1 1 592 618 595
526 2 2 1 1 303 623 611
527 2 2 1 1 574 575 573
528 2 2 1 1 393 395 394
529 2 2 1 1 591 618 592
530 2 2 1 1 424 434 381
531 2 2 1 1 623 699 458
532 2 2 1 1 236 690 683
533 2 2 1 1 580 765 581
534 2 2 1 1 586 588 587
535 2 2 1 1 586 587 238
536 2 2 1 1 537 551 446
537 2 2 1 1 287 686 351
538 2 2 1 1 331 652 353
539 2 2 1 1 427 573 456
540 2 2 1 1 365 706 624
541 2 2 1 1 39 662 40
542 2 2 1 1 535 718 591
543 2 2 1 1 356 652 636
544 2 2 1 1 614 615 576
545 2 2 1 1 338 654 337
546 2 2 1 1 234 671 670
547 2 2 1 1 231 657 656
548 2 2 1 1 611 623 458
549 2 2 1 1 353 652 356
550 2 2 1 1 463 633 389
551 2 2 1 1 446 620 420
552 2 2 1 1 459 653 384
553 2 2 1 1 369 427 426
554 2 2 1 1 368 369 367
555 2 2 1 1 362 654 338
556 2 2 1 1 90 655 89
557 2 2 1 1 382 424 381
558 2 2 1 1 627 685 388
559 2 2 1 1 535 565 564
560 2 2 1 1 427 574 573
561 2 2 1 1 458 624 611
562 2 2 1 1 576 755 575
563 2 2 1 1 390 654 362
564 2 2 1 1 414 453 438
565 2 2 1 1 630 685 627
566 2 2 1 1 636 693 677
567 2 2 1 1 499 707 480
568 2 2 1 1 427 688 574
569 2 2 1 1 366 367 365
570 2 2 1 1 463 634 633
571 2 2 1 1 376 381 374
572 2 2 1 1 386 393 392
573 2 2 1 1 574 576 575
574 2 2 1 1 403 414 413
575 2 2 1 1 504 535 534
576 2 2 1 1 420 449 378
577 2 2 1 1 395 396 394
578 2 2 1 1 356 636 386
579 2 2 1 1 592 594 593
580 2 2 1 1 389 390 362
581 2 2 1 1 372 373 370
582 2 2 1 1 662 665 40
583 2 2 1 1 378 625 344
584 2 2 1 1 33 244 34
585 2 2 1 1 678 679 209
586 2 2 1 1 659 660 225
587 2 2 1 1 551 620 446
588 2 2 1 1 241 635 88
589 2 2 1 1 449 632 625
590 2 2 1 1 49 673 50
591 2 2 1 1 626 627 388
592 2 2 1 1 409 571 440
593 2 2 1 1 89 241 88
594 2 2 1 1 282 745 266
595 2 2 1 1 574 688 613
596 2 2 1 1 368 370 369
597 2 2 1 1 679 681 680
598 2 2 1 1 32 621 33
599 2 2 1 1 661 664 663
600 2 2 1 1 231 656 36
601 2 2 1 1 449 625 378
602 2 2 1 1 272 691 270
603 2 2 1 1 458 699 346
604 2 2 1 1 626 628 627
605 2 2 1 1 526 726 505
606 2 2 1 1 370 688 369
607 2 2 1 1 348 458 346
608 2 2 1 1 366 368 367
609 2 2 1 1 427 456 426
610 2 2 1 1 35 231 36
611 2 2 1 1 215 666 45
612 2 2 1 1 657 658 656
613 2 2 1 1 344 388 341
614 2 2 1 1 369 426 367
615 2 2 1 1 424 653 568
616 2 2 1 1 214 667 83
617 2 2 1 1 252 435 250
618 2 2 1 1 38 659 225
619 2 2 1 1 422 459 384
620 2 2 1 1 404 405 402
621 2 2 1 1 381 622 374
622 2 2 1 1 364 365 350
623 2 2 1 1 48 668 212
624 2 2 1 1 679 680 209
625 2 2 1 1 660 661 225
626 2 2 1 1 546 547 433
627 2 2 1 1 364 366 365
628 2 2 1 1 52 669 210
629 2 2 1 1 323 346 313
630 2 2 1 1 347 348 346
631 2 2 1 1 424 568 567
632 2 2 1 1 372 374 373
633 2 2 1 1 393 394 392
634 2 2 1 1 376 382 381
635 2 2 1 1 341 685 336
636 2 2 1 1 38 225 39
637 2 2 1 1 382 653 424
638 2 2 1 1 87 224 86
639 2 2 1 1 393 677 395
640 2 2 1 1 399 720 400
641 2 2 1 1 336 361 328
642 2 2 1 1 80 678 209
643 2 2 1 1 681 682 680
644 2 2 1 1 535 564 534
645 2 2 1 1 513 707 499
646 2 2 1 1 293 686 287
647 2 2 1 1 637 651 361
648 2 2 1 1 680 690 209
649 2 2 1 1 628 629 627
650 2 2 1 1 78 690 236
651 2 2 1 1 639 643 640
652 2 2 1 1 46 666 233
653 2 2 1 1 279 691 272
654 2 2 1 1 592 593 565
655 2 2 1 1 37 659 38
656 2 2 1 1 325 687 326
657 2 2 1 1 88 635 87
658 2 2 1 1 462 537 446
659 2 2 1 1 82 667 235
660 2 2 1 1 388 685 341
661 2 2 1 1 36 656 37
662 2 2 1 1 631 639 638
663 2 2 1 1 323 347 346
664 2 2 1 1 213 696 695
665 2 2 1 1 233 668 47
666 2 2 1 1 640 642 641
667 2 2 1 1 41 220 42
668 2 2 1 1 44 215 45
669 2 2 1 1 642 644 641
670 2 2 1 1 84 214 83
671 2 2 1 1 683 690 680
672 2 2 1 1 594 596 593
673 2 2 1 1 301 302 293
674 2 2 1 1 287 351 279
675 2 2 1 1 642 645 644
676 2 2 1 1 445 446 420
677 2 2 1 1 412 417 411
678 2 2 1 1 434 622 381
679 2 2 1 1 234 669 51
680 2 2 1 1 302 686 293
681 2 2 1 1 702 703 696
682 2 2 1 1 349 350 348
683 2 2 1 1 673 674 671
684 2 2 1 1 46 233 47
685 2 2 1 1 235 678 81
686 2 2 1 1 225 662 39
687 2 2 1 1 337 687 325
688 2 2 1 1 82 235 81
689 2 2 1 1 444 463 389
690 2 2 1 1 689 760 609
691 2 2 1 1 48 212 49
692 2 2 1 1 52 210 53
693 2 2 1 1 50 234 51
694 2 2 1 1 613 614 576
695 2 2 1 1 639 640 638
696 2 2 1 1 331 721 652
697 2 2 1 1 45 666 46
698 2 2 1 1 577 747 275
699 2 2 1 1 661 663 662
700 2 2 1 1 83 667 82
701 2 2 1 1 313 699 306
702 2 2 1 1 325 326 316
703 2 2 1 1 629 631 630
704 2 2 1 1 347 349 348
705 2 2 1 1 80 209 79
706 2 2 1 1 371 372 370
707 2 2 1 1 47 668 48
708 2 2 1 1 631 638 637
709 2 2 1 1 51 669 52
710 2 2 1 1 363 364 350
711 2 2 1 1 646 647 645
712 2 2 1 1 369 688 427
713 2 2 1 1 321 335 319
714 2 2 1 1 640 641 638
715 2 2 1 1 539 555 522
716 2 2 1 1 379 420 378
717 2 2 1 1 675 676 415
718 2 2 1 1 81 678 80
719 2 2 1 1 642 646 645
720 2 2 1 1 345 378 344
721 2 2 1 1 456 582 578
722 2 2 1 1 314 323 313
723 2 2 1 1 403 720 414
724 2 2 1 1 351 691 279
725 2 2 1 1 406 407 405
726 2 2 1 1 494 718 504
727 2 2 1 1 310 313 306
728 2 2 1 1 571 590 572
729 2 2 1 1 631 637 630
730 2 2 1 1 375 376 374
731 2 2 1 1 79 690 78
732 2 2 1 1 342 344 341
733 2 2 1 1 264 330 262
734 2 2 1 1 349 363 350
735 2 2 1 1 384 653 382
736 2 2 1 1 78 236 77
737 2 2 1 1 367 706 365
738 2 2 1 1 380 389 362
739 2 2 1 1 364 387 366
740 2 2 1 1 368 371 370
741 2 2 1 1 682 684 683
742 2 2 1 1 340 341 336
743 2 2 1 1 329 336 328
744 2 2 1 1 209 690 79
745 2 2 1 1 629 630 627
746 2 2 1 1 213 697 696
747 2 2 1 1 425 610 609
748 2 2 1 1 400 401 398
749 2 2 1 1 697 702 696
750 2 2 1 1 648 735 644
751 2 2 1 1 77 697 76
752 2 2 1 1 383 384 382
753 2 2 1 1 525 526 505
754 2 2 1 1 50 673 234
755 2 2 1 1 236 697 77
756 2 2 1 1 574 613 576
757 2 2 1 1 359 362 338
758 2 2 1 1 310 314 313
759 2 2 1 1 213 695 694
760 2 2 1 1 661 662 225
761 2 2 1 1 346 699 313
762 2 2 1 1 421 422 384
763 2 2 1 1 454 569 453
764 2 2 1 1 76 213 75
765 2 2 1 1 545 546 433
766 2 2 1 1 347 358 349
767 2 2 1 1 414 720 454
768 2 2 1 1 356 386 385
769 2 2 1 1 322 328 321
770 2 2 1 1 75 694 74
771 2 2 1 1 353 356 355
772 2 2 1 1 327 337 325
773 2 2 1 1 74 237 73
774 2 2 1 1 432 433 431
775 2 2 1 1 296 303 290
776 2 2 1 1 236 702 697
777 2 2 1 1 73 698 72
778 2 2 1 1 538 539 522
779 2 2 1 1 663 665 662
780 2 2 1 1 354 704 352
781 2 2 1 1 72 217 71
782 2 2 1 1 682 683 680
783 2 2 1 1 610 689 609
784 2 2 1 1 396 675 415
785 2 2 1 1 508 542 510
786 2 2 1 1 520 550 509
787 2 2 1 1 386 392 391
788 2 2 1 1 577 755 747
789 2 2 1 1 68 700 67
790 2 2 1 1 387 692 366
791 2 2 1 1 339 436 360
792 2 2 1 1 504 534 506
793 2 2 1 1 445 462 446
794 2 2 1 1 69 222 68
795 2 2 1 1 368 692 371
796 2 2 1 1 76 697 213
797 2 2 1 1 100 208 101
798 2 2 1 1 456 578 426
799 2 2 1 1 433 727 431
800 2 2 1 1 101 701 102
801 2 2 1 1 366 692 368
802 2 2 1 1 417 612 530
803 2 2 1 1 494 504 500
804 2 2 1 1 102 239 103
805 2 2 1 1 372 375 374
806 2 2 1 1 430 431 429
807 2 2 1 1 345 379 378
808 2 2 1 1 444 549 463
809 2 2 1 1 411 734 408
810 2 2 1 1 104 218 105
811 2 2 1 1 339 719 436
812 2 2 1 1 379 445 420
813 2 2 1 1 342 345 344
814 2 2 1 1 315 319 314
815 2 2 1 1 320 321 319
816 2 2 1 1 521 522 520
817 2 2 1 1 66 227 65
818 2 2 1 1 429 704 354
819 2 2 1 1 377 429 354
820 2 2 1 1 521 538 522
821 2 2 1 1 213 694 75
822 2 2 1 1 340 342 341
823 2 2 1 1 329 340 336
824 2 2 1 1 234 673 671
825 2 2 1 1 317 325 316
826 2 2 1 1 74 694 237
827 2 2 1 1 312 316 311
828 2 2 1 1 376 383 382
829 2 2 1 1 322 329 328
830 2 2 1 1 65 705 64
831 2 2 1 1 237 698 73
832 2 2 1 1 396 415 394
833 2 2 1 1 304 311 301
834 2 2 1 1 72 698 217
835 2 2 1 1 462 554 537
836 2 2 1 1 309 310 306
837 2 2 1 1 510 521 520
838 2 2 1 1 64 240 63
839 2 2 1 1 383 421 384
840 2 2 1 1 359 380 362
841 2 2 1 1 310 315 314
842 2 2 1 1 510 520 509
843 2 2 1 1 327 338 337
844 2 2 1 1 380 444 389
845 2 2 1 1 650 731 363
846 2 2 1 1 432 545 433
847 2 2 1 1 297 301 293
848 2 2 1 1 335 724 319
849 2 2 1 1 244 737 34
850 2 2 1 1 62 242 61
851 2 2 1 1 508 710 542
852 2 2 1 1 421 455 422
853 2 2 1 1 356 385 355
854 2 2 1 1 222 700 68
855 2 2 1 1 508 510 509
856 2 2 1 1 107 228 108
857 2 2 1 1 278 279 272
858 2 2 1 1 314 724 323
859 2 2 1 1 436 447 360
860 2 2 1 1 430 432 431
861 2 2 1 1 426 706 367
862 2 2 1 1 305 306 300
863 2 2 1 1 208 701 101
864 2 2 1 1 320 322 321
865 2 2 1 1 288 293 287
866 2 2 1 1 315 320 319
867 2 2 1 1 534 536 506
868 2 2 1 1 268 282 266
869 2 2 1 1 320 324 322
870 2 2 1 1 283 287 279
871 2 2 1 1 102 701 239
872 2 2 1 1 432 548 545
873 2 2 1 1 35 737 231
874 2 2 1 1 340 343 342
875 2 2 1 1 386 391 385
876 2 2 1 1 501 508 507
877 2 2 1 1 638 725 637
878 2 2 1 1 392 466 391
879 2 2 1 1 106 709 107
880 2 2 1 1 637 725 651
881 2 2 1 1 256 333 254
882 2 2 1 1 383 423 421
883 2 2 1 1 508 509 507
884 2 2 1 1 504 506 500
885 2 2 1 1 317 327 325
886 2 2 1 1 377 430 429
887 2 2 1 1 312 317 316
888 2 2 1 1 761 823 603
889 2 2 1 1 304 312 311
890 2 2 1 1 507 525 505
891 2 2 1 1 472 739 470
892 2 2 1 1 345 443 379
893 2 2 1 1 281 294 277
894 2 2 1 1 312 318 317
895 2 2 1 1 305 331 309
896 2 2 1 1 377 460 430
897 2 2 1 1 288 298 297
898 2 2 1 1 297 304 301
899 2 2 1 1 327 339 338
900 2 2 1 1 447 448 360
901 2 2 1 1 274 428 276
902 2 2 1 1 578 706 426
903 2 2 1 1 527 528 448
904 2 2 1 1 489 492 491
905 2 2 1 1 339 359 338
906 2 2 1 1 305 309 306
907 2 2 1 1 299 300 296
908 2 2 1 1 60 437 59
909 2 2 1 1 447 527 448
910 2 2 1 1 398 675 396
911 2 2 1 1 504 718 535
912 2 2 1 1 227 705 65
913 2 2 1 1 331 353 352
914 2 2 1 1 339 360 359
915 2 2 1 1 400 720 403
916 2 2 1 1 309 714 310
917 2 2 1 1 331 352 309
918 2 2 1 1 288 297 293
919 2 2 1 1 391 461 385
920 2 2 1 1 353 355 354
921 2 2 1 1 295 307 299
922 2 2 1 1 355 377 354
923 2 2 1 1 380 465 444
924 2 2 1 1 428 769 569
925 2 2 1 1 363 731 364
926 2 2 1 1 485 496 487
927 2 2 1 1 283 288 287
928 2 2 1 1 353 354 352
929 2 2 1 1 704 714 352
930 2 2 1 1 605 761 602
931 2 2 1 1 295 296 290
932 2 2 1 1 501 505 495
933 2 2 1 1 278 283 279
934 2 2 1 1 109 245 110
935 2 2 1 1 414 454 453
936 2 2 1 1 64 705 240
937 2 2 1 1 501 507 505
938 2 2 1 1 644 735 641
939 2 2 1 1 267 269 268
940 2 2 1 1 269 271 270
941 2 2 1 1 271 273 272
942 2 2 1 1 392 708 466
943 2 2 1 1 394 708 392
944 2 2 1 1 273 278 272
945 2 2 1 1 271 272 270
946 2 2 1 1 25 583 26
947 2 2 1 1 299 305 300
948 2 2 1 1 269 270 268
949 2 2 1 1 265 267 266
950 2 2 1 1 310 714 315
951 2 2 1 1 289 290 286
952 2 2 1 1 267 268 266
953 2 2 1 1 295 299 296
954 2 2 1 1 107 709 228
955 2 2 1 1 280 291 285
956 2 2 1 1 352 714 309
957 2 2 1 1 342 712 345
958 2 2 1 1 454 570 569
959 2 2 1 1 500 501 495
960 2 2 1 1 494 500 495
961 2 2 1 1 493 502 490
962 2 2 1 1 641 725 638
963 2 2 1 1 415 708 394
964 2 2 1 1 271 274 273
965 2 2 1 1 285 286 281
966 2 2 1 1 289 295 290
967 2 2 1 1 684 856 703
968 2 2 1 1 274 728 428
969 2 2 1 1 343 712 342
970 2 2 1 1 359 711 380
971 2 2 1 1 547 727 433
972 2 2 1 1 265 266 264
973 2 2 1 1 432 716 548
974 2 2 1 1 506 710 500
975 2 2 1 1 345 712 443
976 2 2 1 1 587 607 238
977 2 2 1 1 448 711 360
978 2 2 1 1 319 724 314
979 2 2 1 1 448 730 711
980 2 2 1 1 360 711 359
981 2 2 1 1 377 713 460
982 2 2 1 1 430 716 432
983 2 2 1 1 385 713 355
984 2 2 1 1 285 289 286
985 2 2 1 1 423 715 421
986 2 2 1 1 24 219 25
987 2 2 1 1 421 715 455
988 2 2 1 1 460 716 430
989 2 2 1 1 267 332 269
990 2 2 1 1 355 713 377
991 2 2 1 1 278 357 283
992 2 2 1 1 488 498 486
993 2 2 1 1 318 719 317
994 2 2 1 1 711 730 465
995 2 2 1 1 501 710 508
996 2 2 1 1 280 281 277
997 2 2 1 1 327 719 339
998 2 2 1 1 280 285 281
999 2 2 1 1 317 719 327
1000 2 2 1 1 500 710 501
1001 2 2 1 1 380 711 465
1002 2 2 1 1 450 734 411
1003 2 2 1 1 461 713 385
1004 2 2 1 1 260 284 258
1005 2 2 1 1 305 721 331
1006 2 2 1 1 274 275 273
1007 2 2 1 1 494 495 493
1008 2 2 1 1 512 540 513
1009 2 2 1 1 276 277 275
1010 2 2 1 1 307 721 299
1011 2 2 1 1 738 751 401
1012 2 2 1 1 407 419 416
1013 2 2 1 1 491 494 493
1014 2 2 1 1 466 722 391
1015 2 2 1 1 391 722 461
1016 2 2 1 1 401 675 398
1017 2 2 1 1 299 721 305
1018 2 2 1 1 489 723 492
1019 2 2 1 1 274 276 275
1020 2 2 1 1 320 733 324
1021 2 2 1 1 276 280 277
1022 2 2 1 1 364 731 387
1023 2 2 1 1 263 292 265
1024 2 2 1 1 481 484 483
1025 2 2 1 1 431 744 429
1026 2 2 1 1 496 723 487
1027 2 2 1 1 505 726 495
1028 2 2 1 1 489 491 490
1029 2 2 1 1 428 729 276
1030 2 2 1 1 402 738 401
1031 2 2 1 1 263 265 264
1032 2 2 1 1 710 732 542
1033 2 2 1 1 487 489 488
1034 2 2 1 1 418 612 417
1035 2 2 1 1 714 733 315
1036 2 2 1 1 491 493 490
1037 2 2 1 1 536 732 506
1038 2 2 1 1 720 743 454
1039 2 2 1 1 493 726 502
1040 2 2 1 1 528 730 448
1041 2 2 1 1 419 717 533
1042 2 2 1 1 506 732 710
1043 2 2 1 1 286 736 281
1044 2 2 1 1 477 497 479
1045 2 2 1 1 269 728 271
1046 2 2 1 1 489 490 488
1047 2 2 1 1 704 733 714
1048 2 2 1 1 419 533 531
1049 2 2 1 1 315 733 320
1050 2 2 1 1 408 734 407
1051 2 2 1 1 417 530 450
1052 2 2 1 1 454 743 570
1053 2 2 1 1 280 729 291
1054 2 2 1 1 498 746 486
1055 2 2 1 1 495 726 493
1056 2 2 1 1 485 487 486
1057 2 2 1 1 487 723 489
1058 2 2 1 1 487 488 486
1059 2 2 1 1 547 750 727
1060 2 2 1 1 407 416 405
1061 2 2 1 1 531 532 416
1062 2 2 1 1 484 485 483
1063 2 2 1 1 733 744 324
1064 2 2 1 1 485 486 483
1065 2 2 1 1 271 728 274
1066 2 2 1 1 263 264 262
1067 2 2 1 1 276 729 280
1068 2 2 1 1 281 736 294
1069 2 2 1 1 547 753 750
1070 2 2 1 1 407 734 419
1071 2 2 1 1 332 728 269
1072 2 2 1 1 511 529 512
1073 2 2 1 1 474 476 475
1074 2 2 1 1 518 557 519
1075 2 2 1 1 419 531 416
1076 2 2 1 1 399 743 720
1077 2 2 1 1 641 735 725
1078 2 2 1 1 417 450 411
1079 2 2 1 1 511 512 499
1080 2 2 1 1 34 737 35
1081 2 2 1 1 704 744 733
1082 2 2 1 1 482 499 480
1083 2 2 1 1 261 262 260
1084 2 2 1 1 261 263 262
1085 2 2 1 1 266 745 264
1086 2 2 1 1 22 211 21
1087 2 2 1 1 516 749 476
1088 2 2 1 1 324 750 322
1089 2 2 1 1 26 583 246
1090 2 2 1 1 275 747 273
1091 2 2 1 1 572 765 440
1092 2 2 1 1 727 750 324
1093 2 2 1 1 5 782 247
1094 2 2 1 1 707 754 478
1095 2 2 1 1 451 612 418
1096 2 2 1 1 340 753 343
1097 2 2 1 1 278 747 357
1098 2 2 1 1 532 751 738
1099 2 2 1 1 481 483 482
1100 2 2 1 1 257 308 259
1101 2 2 1 1 264 745 330
1102 2 2 1 1 429 744 704
1103 2 2 1 1 259 261 260
1104 2 2 1 1 675 751 676
1105 2 2 1 1 259 260 258
1106 2 2 1 1 713 742 460
1107 2 2 1 1 405 738 402
1108 2 2 1 1 482 511 499
1109 2 2 1 1 471 474 473
1110 2 2 1 1 441 752 442
1111 2 2 1 1 461 742 713
1112 2 2 1 1 519 749 516
1113 2 2 1 1 481 482 480
1114 2 2 1 1 575 755 577
1115 2 2 1 1 479 481 480
1116 2 2 1 1 273 747 278
1117 2 2 1 1 249 251 250
1118 2 2 1 1 257 258 256
1119 2 2 1 1 257 259 258
1120 2 2 1 1 479 480 478
1121 2 2 1 1 240 831 620
1122 2 2 1 1 21 544 20
1123 2 2 1 1 476 477 475
1124 2 2 1 1 503 523 472
1125 2 2 1 1 477 479 478
1126 2 2 1 1 532 738 416
1127 2 2 1 1 20 223 19
1128 2 2 1 1 477 478 475
1129 2 2 1 1 477 749 497
1130 2 2 1 1 416 738 405
1131 2 2 1 1 253 334 255
1132 2 2 1 1 288 758 298
1133 2 2 1 1 518 519 516
1134 2 2 1 1 486 746 483
1135 2 2 1 1 255 257 256
1136 2 2 1 1 322 750 329
1137 2 2 1 1 255 256 254
1138 2 2 1 1 249 457 251
1139 2 2 1 1 557 558 519
1140 2 2 1 1 289 760 689
1141 2 2 1 1 285 760 289
1142 2 2 1 1 357 758 283
1143 2 2 1 1 483 746 482
1144 2 2 1 1 563 774 438
1145 2 2 1 1 750 753 329
1146 2 2 1 1 401 751 675
1147 2 2 1 1 482 746 511
1148 2 2 1 1 329 753 340
1149 2 2 1 1 251 252 250
1150 2 2 1 1 253 255 254
1151 2 2 1 1 474 475 473
1152 2 2 1 1 253 254 252
1153 2 2 1 1 556 748 451
1154 2 2 1 1 653 775 568
1155 2 2 1 1 523 739 472
1156 2 2 1 1 767 770 261
1157 2 2 1 1 257 759 308
1158 2 2 1 1 476 749 477
1159 2 2 1 1 435 757 250
1160 2 2 1 1 251 253 252
1161 2 2 1 1 298 766 297
1162 2 2 1 1 503 524 523
1163 2 2 1 1 312 768 318
1164 2 2 1 1 56 782 5
1165 2 2 1 1 451 748 612
1166 2 2 1 1 526 771 726
1167 2 2 1 1 467 468 464
1168 2 2 1 1 602 761 603
1169 2 2 1 1 330 778 262
1170 2 2 1 1 283 758 288
1171 2 2 1 1 250 757 248
1172 2 2 1 1 550 776 509
1173 2 2 1 1 513 773 707
1174 2 2 1 1 291 760 285
1175 2 2 1 1 255 759 257
1176 2 2 1 1 540 756 513
1177 2 2 1 1 507 776 525
1178 2 2 1 1 579 793 515
1179 2 2 1 1 292 772 265
1180 2 2 1 1 267 772 332
1181 2 2 1 1 263 770 292
1182 2 2 1 1 478 754 475
1183 2 2 1 1 797 865 681
1184 2 2 1 1 614 763 615
1185 2 2 1 1 473 503 472
1186 2 2 1 1 43 779 44
1187 2 2 1 1 228 885 847
1188 2 2 1 1 475 754 473
1189 2 2 1 1 560 764 558
1190 2 2 1 1 259 767 261
1191 2 2 1 1 334 759 255
1192 2 2 1 1 260 778 284
1193 2 2 1 1 440 765 580
1194 2 2 1 1 545 802 546
1195 2 2 1 1 802 871 220
1196 2 2 1 1 471 473 472
1197 2 2 1 1 664 843 712
1198 2 2 1 1 728 769 428
1199 2 2 1 1 473 754 503
1200 2 2 1 1 502 780 490
1201 2 2 1 1 546 784 547
1202 2 2 1 1 646 828 217
1203 2 2 1 1 488 780 498
1204 2 2 1 1 536 791 732
1205 2 2 1 1 700 870 629
1206 2 2 1 1 53 783 54
1207 2 2 1 1 253 762 334
1208 2 2 1 1 54 781 55
1209 2 2 1 1 471 472 470
1210 2 2 1 1 343 784 664
1211 2 2 1 1 749 764 497
1212 2 2 1 1 297 766 304
1213 2 2 1 1 230 792 29
1214 2 2 1 1 519 764 749
1215 2 2 1 1 741 788 605
1216 2 2 1 1 541 835 799
1217 2 2 1 1 558 764 519
1218 2 2 1 1 457 762 251
1219 2 2 1 1 766 768 304
1220 2 2 1 1 739 777 740
1221 2 2 1 1 308 767 259
1222 2 2 1 1 251 762 253
1223 2 2 1 1 304 768 312
1224 2 2 1 1 261 770 263
1225 2 2 1 1 707 773 754
1226 2 2 1 1 544 886 793
1227 2 2 1 1 539 858 815
1228 2 2 1 1 438 774 439
1229 2 2 1 1 219 829 561
1230 2 2 1 1 265 772 267
1231 2 2 1 1 459 775 653
1232 2 2 1 1 332 769 728
1233 2 2 1 1 31 789 543
1234 2 2 1 1 318 785 719
1235 2 2 1 1 657 842 462
1236 2 2 1 1 469 471 470
1237 2 2 1 1 643 824 70
1238 2 2 1 1 726 771 502
1239 2 2 1 1 754 773 503
1240 2 2 1 1 316 791 311
1241 2 2 1 1 110 790 111
1242 2 2 1 1 469 470 468
1243 2 2 1 1 509 776 507
1244 2 2 1 1 686 817 351
1245 2 2 1 1 459 786 785
1246 2 2 1 1 467 469 468
1247 2 2 1 1 262 778 260
1248 2 2 1 1 523 777 739
1249 2 2 1 1 226 804 94
1250 2 2 1 1 503 773 524
1251 2 2 1 1 422 786 459
1252 2 2 1 1 372 795 375
1253 2 2 1 1 18 467 464
1254 2 2 1 1 44 779 215
1255 2 2 1 1 86 796 85
1256 2 2 1 1 95 804 606
1257 2 2 1 1 422 787 786
1258 2 2 1 1 455 787 422
1259 2 2 1 1 85 798 84
1260 2 2 1 1 753 784 343
1261 2 2 1 1 375 797 376
1262 2 2 1 1 730 848 465
1263 2 2 1 1 490 780 488
1264 2 2 1 1 333 801 254
1265 2 2 1 1 383 797 423
1266 2 2 1 1 663 802 665
1267 2 2 1 1 221 782 56
1268 2 2 1 1 252 801 435
1269 2 2 1 1 775 785 318
1270 2 2 1 1 55 781 221
1271 2 2 1 1 465 800 444
1272 2 2 1 1 17 229 2
1273 2 2 1 1 695 803 694
1274 2 2 1 1 30 789 31
1275 2 2 1 1 222 870 700
1276 2 2 1 1 232 794 777
1277 2 2 1 1 459 785 775
1278 2 2 1 1 210 783 53
1279 2 2 1 1 43 825 779
1280 2 2 1 1 812 874 655
1281 2 2 1 1 847 885 634
1282 2 2 1 1 719 785 436
1283 2 2 1 1 632 831 705
1284 2 2 1 1 511 806 529
1285 2 2 1 1 70 879 643
1286 2 2 1 1 785 786 436
1287 2 2 1 1 634 859 245
1288 2 2 1 1 764 788 497
1289 2 2 1 1 587 814 607
1290 2 2 1 1 547 784 753
1291 2 2 1 1 560 788 764
1292 2 2 1 1 436 786 447
1293 2 2 1 1 786 787 447
1294 2 2 1 1 498 806 746
1295 2 2 1 1 447 787 527
1296 2 2 1 1 654 811 337
1297 2 2 1 1 58 789 57
1298 2 2 1 1 240 809 63
1299 2 2 1 1 62 809 242
1300 2 2 1 1 239 810 103
1301 2 2 1 1 104 810 218
1302 2 2 1 1 248 854 23
1303 2 2 1 1 497 788 741
1304 2 2 1 1 387 818 703
1305 2 2 1 1 91 794 232
1306 2 2 1 1 242 813 61
1307 2 2 1 1 245 790 110
1308 2 2 1 1 60 813 437
1309 2 2 1 1 326 791 316
1310 2 2 1 1 468 827 464
1311 2 2 1 1 311 816 301
1312 2 2 1 1 235 819 678
1313 2 2 1 1 565 817 564
1314 2 2 1 1 450 808 717
1315 2 2 1 1 779 825 548
1316 2 2 1 1 789 850 543
1317 2 2 1 1 771 814 587
1318 2 2 1 1 211 880 562
1319 2 2 1 1 628 826 700
1320 2 2 1 1 220 825 42
1321 2 2 1 1 676 833 670
1322 2 2 1 1 521 811 538
1323 2 2 1 1 698 864 646
1324 2 2 1 1 515 793 517
1325 2 2 1 1 70 824 69
1326 2 2 1 1 700 826 67
1327 2 2 1 1 66 826 227
1328 2 2 1 1 643 828 640
1329 2 2 1 1 642 828 646
1330 2 2 1 1 333 862 559
1331 2 2 1 1 449 831 632
1332 2 2 1 1 740 799 514
1333 2 2 1 1 371 795 372
1334 2 2 1 1 212 838 674
1335 2 2 1 1 562 837 518
1336 2 2 1 1 224 796 86
1337 2 2 1 1 817 872 351
1338 2 2 1 1 24 829 219
1339 2 2 1 1 231 842 657
1340 2 2 1 1 7 853 90
1341 2 2 1 1 111 853 7
1342 2 2 1 1 227 869 632
1343 2 2 1 1 523 820 777
1344 2 2 1 1 510 834 521
1345 2 2 1 1 596 844 691
1346 2 2 1 1 676 836 415
1347 2 2 1 1 376 797 383
1348 2 2 1 1 84 798 214
1349 2 2 1 1 57 789 30
1350 2 2 1 1 661 843 664
1351 2 2 1 1 555 840 522
1352 2 2 1 1 520 840 550
1353 2 2 1 1 512 832 540
1354 2 2 1 1 708 836 674
1355 2 2 1 1 691 844 270
1356 2 2 1 1 748 830 612
1357 2 2 1 1 632 869 626
1358 2 2 1 1 469 845 579
1359 2 2 1 1 228 847 108
1360 2 2 1 1 268 844 282
1361 2 2 1 1 722 841 461
1362 2 2 1 1 444 800 549
1363 2 2 1 1 109 847 245
1364 2 2 1 1 460 846 716
1365 2 2 1 1 549 859 463
1366 2 2 1 1 443 851 379
1367 2 2 1 1 631 870 639
1368 2 2 1 1 71 879 70
1369 2 2 1 1 254 801 252
1370 2 2 1 1 437 850 59
1371 2 2 1 1 218 878 105
1372 2 2 1 1 284 862 258
1373 2 2 1 1 106 878 709
1374 2 2 1 1 672 863 210
1375 2 2 1 1 709 878 555
1376 2 2 1 1 665 802 220
1377 2 2 1 1 742 841 666
1378 2 2 1 1 256 862 333
1379 2 2 1 1 694 803 237
1380 2 2 1 1 646 864 647
1381 2 2 1 1 94 804 95
1382 2 2 1 1 703 818 696
1383 2 2 1 1 799 827 514
1384 2 2 1 1 717 873 533
1385 2 2 1 1 621 805 244
1386 2 2 1 1 533 863 531
1387 2 2 1 1 598 821 597
1388 2 2 1 1 633 885 815
1389 2 2 1 1 423 819 715
1390 2 2 1 1 777 820 232
1391 2 2 1 1 445 851 657
1392 2 2 1 1 22 854 211
1393 2 2 1 1 246 882 249
1394 2 2 1 1 722 838 668
1395 2 2 1 1 801 837 435
1396 2 2 1 1 597 821 745
1397 2 2 1 1 746 806 511
1398 2 2 1 1 211 854 757
1399 2 2 1 1 757 880 211
1400 2 2 1 1 527 857 528
1401 2 2 1 1 2 835 112
1402 2 2 1 1 583 882 246
1403 2 2 1 1 657 851 658
1404 2 2 1 1 455 807 787
1405 2 2 1 1 464 876 1
1406 2 2 1 1 783 863 533
1407 2 2 1 1 533 873 781
1408 2 2 1 1 793 886 517
1409 2 2 1 1 601 821 598
1410 2 2 1 1 530 808 450
1411 2 2 1 1 696 818 695
1412 2 2 1 1 751 833 676
1413 2 2 1 1 1 876 17
1414 2 2 1 1 666 841 233
1415 2 2 1 1 63 809 62
1416 2 2 1 1 674 836 671
1417 2 2 1 1 103 810 104
1418 2 2 1 1 337 811 687
1419 2 2 1 1 827 876 464
1420 2 2 1 1 455 852 807
1421 2 2 1 1 606 877 216
1422 2 2 1 1 437 875 850
1423 2 2 1 1 526 814 771
1424 2 2 1 1 61 813 60
1425 2 2 1 1 524 820 523
1426 2 2 1 1 232 820 566
1427 2 2 1 1 371 856 795
1428 2 2 1 1 787 807 527
1429 2 2 1 1 607 814 208
1430 2 2 1 1 457 839 584
1431 2 2 1 1 663 861 802
1432 2 2 1 1 28 822 230
1433 2 2 1 1 466 838 722
1434 2 2 1 1 601 866 821
1435 2 2 1 1 423 884 819
1436 2 2 1 1 812 859 549
1437 2 2 1 1 709 815 228
1438 2 2 1 1 301 816 302
1439 2 2 1 1 23 854 22
1440 2 2 1 1 247 822 27
1441 2 2 1 1 514 827 468
1442 2 2 1 1 593 817 565
1443 2 2 1 1 678 819 679
1444 2 2 1 1 528 857 798
1445 2 2 1 1 639 824 643
1446 2 2 1 1 803 864 237
1447 2 2 1 1 731 818 387
1448 2 2 1 1 562 880 837
1449 2 2 1 1 621 875 805
1450 2 2 1 1 559 823 560
1451 2 2 1 1 302 867 564
1452 2 2 1 1 557 837 801
1453 2 2 1 1 745 821 330
1454 2 2 1 1 27 822 28
1455 2 2 1 1 672 833 532
1456 2 2 1 1 69 824 222
1457 2 2 1 1 42 825 43
1458 2 2 1 1 691 872 596
1459 2 2 1 1 67 826 66
1460 2 2 1 1 560 823 761
1461 2 2 1 1 640 828 642
1462 2 2 1 1 351 872 691
1463 2 2 1 1 821 866 330
1464 2 2 1 1 705 831 240
1465 2 2 1 1 526 849 814
1466 2 2 1 1 4 829 24
1467 2 2 1 1 635 848 224
1468 2 2 1 1 643 879 828
1469 2 2 1 1 112 835 541
1470 2 2 1 1 620 831 449
1471 2 2 1 1 532 833 751
1472 2 2 1 1 226 855 756
1473 2 2 1 1 612 830 530
1474 2 2 1 1 245 812 790
1475 2 2 1 1 524 855 820
1476 2 2 1 1 664 861 663
1477 2 2 1 1 58 850 789
1478 2 2 1 1 443 843 660
1479 2 2 1 1 818 883 695
1480 2 2 1 1 566 855 226
1481 2 2 1 1 814 849 208
1482 2 2 1 1 712 843 443
1483 2 2 1 1 564 867 534
1484 2 2 1 1 214 857 807
1485 2 2 1 1 462 842 554
1486 2 2 1 1 529 832 512
1487 2 2 1 1 792 829 4
1488 2 2 1 1 554 842 737
1489 2 2 1 1 819 884 679
1490 2 2 1 1 670 833 672
1491 2 2 1 1 593 872 817
1492 2 2 1 1 534 867 536
1493 2 2 1 1 219 839 583
1494 2 2 1 1 820 855 566
1495 2 2 1 1 826 869 227
1496 2 2 1 1 542 834 510
1497 2 2 1 1 731 883 818
1498 2 2 1 1 802 861 546
1499 2 2 1 1 518 837 557
1500 2 2 1 1 668 838 212
1501 2 2 1 1 415 836 708
1502 2 2 1 1 525 849 526
1503 2 2 1 1 784 861 664
1504 2 2 1 1 522 840 520
1505 2 2 1 1 737 842 231
1506 2 2 1 1 660 843 661
1507 2 2 1 1 797 884 423
1508 2 2 1 1 790 853 111
1509 2 2 1 1 461 841 742
1510 2 2 1 1 108 847 109
1511 2 2 1 1 270 844 268
1512 2 2 1 1 465 848 800
1513 2 2 1 1 655 874 241
1514 2 2 1 1 742 846 460
1515 2 2 1 1 695 883 803
1516 2 2 1 1 59 850 58
1517 2 2 1 1 208 849 701
1518 2 2 1 1 617 877 529
1519 2 2 1 1 90 853 655
1520 2 2 1 1 525 881 849
1521 2 2 1 1 379 851 445
1522 2 2 1 1 220 871 825
1523 2 2 1 1 715 852 455
1524 2 2 1 1 541 860 113
1525 2 2 1 1 229 835 2
1526 2 2 1 1 216 877 617
1527 2 2 1 1 114 860 243
1528 2 2 1 1 517 886 562
1529 2 2 1 1 800 848 635
1530 2 2 1 1 603 866 601
1531 2 2 1 1 546 861 784
1532 2 2 1 1 467 845 469
1533 2 2 1 1 692 856 371
1534 2 2 1 1 849 881 701
1535 2 2 1 1 113 860 114
1536 2 2 1 1 756 855 524
1537 2 2 1 1 832 877 606
1538 2 2 1 1 463 859 634
1539 2 2 1 1 538 858 539
1540 2 2 1 1 808 873 717
1541 2 2 1 1 757 854 248
1542 2 2 1 1 795 865 375
1543 2 2 1 1 681 865 682
1544 2 2 1 1 330 866 778
1545 2 2 1 1 258 862 256
1546 2 2 1 1 237 864 698
1547 2 2 1 1 543 875 621
1548 2 2 1 1 776 881 525
1549 2 2 1 1 626 869 628
1550 2 2 1 1 629 870 631
1551 2 2 1 1 548 871 545
1552 2 2 1 1 596 872 593
1553 2 2 1 1 634 885 633
1554 2 2 1 1 679 884 681
1555 2 2 1 1 740 868 799
1556 2 2 1 1 105 878 106
1557 2 2 1 1 217 879 71
1558 2 2 1 1 701 881 239
1559 2 2 1 1 229 876 827
1560 2 2 1 1 249 882 457
1561 2 2 1 1 650 883 731
1562 2 2 1 1 778 866 603
1563 2 2 1 1 435 880 757
1564 2 2 1 1 655 853 790
1565 2 2 1 1 239 881 776
1566 2 2 1 1 681 884 797
1567 2 2 1 1 210 863 783
1568 2 2 1 1 850 875 543
1569 2 2 1 1 781 873 221
1570 2 2 1 1 828 879 217
1571 2 2 1 1 536 867 816
1572 2 2 1 1 803 883 650
1573 2 2 1 1 17 876 229
1574 2 2 1 1 798 857 214
1575 2 2 1 1 682 865 795
1576 2 2 1 1 837 880 435
1577 2 2 1 1 799 868 541
1578 2 2 1 1 245 859 812
1579 2 2 1 1 807 857 527
1580 2 2 1 1 221 873 808
1581 2 2 1 1 628 869 826
1582 2 2 1 1 815 885 228
1583 2 2 1 1 816 867 302
1584 2 2 1 1 549 874 812
1585 2 2 1 1 541 868 860
1586 2 2 1 1 825 871 548
1587 2 2 1 1 860 868 243
1588 2 2 1 1 529 877 832
1589 2 2 1 1 839 882 583
1590 2 2 1 1 457 882 839
1591 2 2 2 2 916 917 912
1592 2 2 2 2 887 919 918
1593 2 2 2 2 888 916 911
1594 2 2 2 2 917 943 900
1595 2 2 2 2 911 914 887
1596 2 2 2 2 899 940 918
1597 2 2 2 2 918 919 899
1598 2 2 2 2 888 911 114
1599 2 2 2 2 113 911 887
1600 2 2 2 2 890 915 91
1601 2 2 2 2 17 940 117
1602 2 2 2 2 887 918 112
1603 2 2 2 2 1 17 117
1604 2 2 2 2 888 917 916
1605 2 2 2 2 914 970 968
1606 2 2 2 2 2 940 17
1607 2 2 2 2 919 966 899
1608 2 2 2 2 969 970 916
1609 2 2 2 2 116 940 899
1610 2 2 2 2 968 970 898
1611 2 2 2 2 912 969 916
1612 2 2 2 2 915 943 917
1613 2 2 2 2 890 943 915
1614 2 2 2 2 900 964 917
1615 2 2 2 2 887 967 919
1616 2 2 2 2 914 967 887
1617 2 2 2 2 91 915 8
1618 2 2 2 2 909 966 919
1619 2 2 2 2 917 964 912
1620 2 2 2 2 145 968 898
1621 2 2 2 2 9 965 149
1622 2 2 2 2 149 966 148
1623 2 2 2 2 146 968 145
1624 2 2 2 2 943 947 920
1625 2 2 2 2 898 970 969
1626 2 2 2 2 115 965 9
1627 2 2 2 2 117 940 116
1628 2 2 2 2 148 966 909
1629 2 2 2 2 890 947 943
1630 2 2 2 2 899 966 965
1631 2 2 2 2 112 918 2
1632 2 2 2 2 143 912 142
1633 2 2 2 2 148 909 147
1634 2 2 2 2 145 898 144
1635 2 2 2 2 900 943 920
1636 2 2 2 2 928 960 945
1637 2 2 2 2 946 950 934
1638 2 2 2 2 12 900 141
1639 2 2 2 2 140 920 907
1640 2 2 2 2 116 899 115
1641 2 2 2 2 904 921 110
1642 2 2 2 2 111 904 110
1643 2 2 2 2 110 921 109
1644 2 2 2 2 109 921 903
1645 2 2 2 2 900 920 141
1646 2 2 2 2 141 920 140
1647 2 2 2 2 135 934 906
1648 2 2 2 2 105 933 893
1649 2 2 2 2 127 922 905
1650 2 2 2 2 133 931 908
1651 2 2 2 2 131 932 930
1652 2 2 2 2 913 937 102
1653 2 2 2 2 106 933 105
1654 2 2 2 2 924 925 891
1655 2 2 2 2 98 929 97
1656 2 2 2 2 138 924 137
1657 2 2 2 2 126 938 125
1658 2 2 2 2 97 902 96
1659 2 2 2 2 897 936 100
1660 2 2 2 2 109 903 108
1661 2 2 2 2 127 905 126
1662 2 2 2 2 139 928 138
1663 2 2 2 2 105 893 104
1664 2 2 2 2 135 906 134
1665 2 2 2 2 101 897 100
1666 2 2 2 2 102 937 101
1667 2 2 2 2 103 913 102
1668 2 2 2 2 104 927 103
1669 2 2 2 2 131 930 130
1670 2 2 2 2 132 932 131
1671 2 2 2 2 133 908 132
1672 2 2 2 2 140 907 139
1673 2 2 2 2 92 926 890
1674 2 2 2 2 107 935 889
1675 2 2 2 2 137 924 891
1676 2 2 2 2 123 923 894
1677 2 2 2 2 108 935 107
1678 2 2 2 2 896 929 98
1679 2 2 2 2 92 890 91
1680 2 2 2 2 99 936 896
1681 2 2 2 2 125 938 901
1682 2 2 2 2 905 938 126
1683 2 2 2 2 137 891 136
1684 2 2 2 2 138 928 924
1685 2 2 2 2 97 929 902
1686 2 2 2 2 895 926 93
1687 2 2 2 2 130 930 892
1688 2 2 2 2 101 937 897
1689 2 2 2 2 103 927 913
1690 2 2 2 2 99 896 98
1691 2 2 2 2 136 934 135
1692 2 2 2 2 94 895 93
1693 2 2 2 2 125 901 124
1694 2 2 2 2 100 936 99
1695 2 2 2 2 128 922 127
1696 2 2 2 2 130 892 129
1697 2 2 2 2 107 889 106
1698 2 2 2 2 893 927 104
1699 2 2 2 2 123 894 122
1700 2 2 2 2 906 931 134
1701 2 2 2 2 907 928 139
1702 2 2 2 2 134 931 133
1703 2 2 2 2 889 933 106
1704 2 2 2 2 901 923 124
1705 2 2 2 2 93 926 92
1706 2 2 2 2 908 932 132
1707 2 2 2 2 891 934 136
1708 2 2 2 2 903 935 108
1709 2 2 2 2 124 923 123
1710 2 2 2 2 892 939 129
1711 2 2 2 2 129 939 128
1712 2 2 2 2 128 939 922
1713 2 2 2 2 899 965 115
1714 2 2 2 2 122 941 121
1715 2 2 2 2 8 888 114
1716 2 2 2 2 113 887 112
1717 2 2 2 2 114 911 113
1718 2 2 2 2 919 967 909
1719 2 2 2 2 902 950 946
1720 2 2 2 2 945 960 895
1721 2 2 2 2 928 945 924
1722 2 2 2 2 891 946 934
1723 2 2 2 2 902 962 96
1724 2 2 2 2 94 963 895
1725 2 2 2 2 916 970 911
1726 2 2 2 2 8 915 888
1727 2 2 2 2 911 970 914
1728 2 2 2 2 894 941 122
1729 2 2 2 2 915 917 888
1730 2 2 2 2 119 942 118
1731 2 2 2 2 120 910 119
1732 2 2 2 2 904 944 921
1733 2 2 2 2 914 968 967
1734 2 2 2 2 944 948 921
1735 2 2 2 2 894 948 944
1736 2 2 2 2 912 964 142
1737 2 2 2 2 918 940 2
1738 2 2 2 2 920 947 907
1739 2 2 2 2 926 960 947
1740 2 2 2 2 946 962 902
1741 2 2 2 2 895 963 945
1742 2 2 2 2 924 945 925
1743 2 2 2 2 925 946 891
1744 2 2 2 2 947 960 907
1745 2 2 2 2 926 947 890
1746 2 2 2 2 7 973 111
1747 2 2 2 2 921 948 903
1748 2 2 2 2 925 963 962
1749 2 2 2 2 933 952 949
1750 2 2 2 2 949 952 905
1751 2 2 2 2 954 958 892
1752 2 2 2 2 931 953 951
1753 2 2 2 2 913 958 954
1754 2 2 2 2 922 949 905
1755 2 2 2 2 896 953 929
1756 2 2 2 2 927 958 913
1757 2 2 2 2 930 954 892
1758 2 2 2 2 923 948 894
1759 2 2 2 2 935 956 889
1760 2 2 2 2 933 949 893
1761 2 2 2 2 897 957 936
1762 2 2 2 2 934 950 906
1763 2 2 2 2 950 953 906
1764 2 2 2 2 905 952 938
1765 2 2 2 2 951 953 896
1766 2 2 2 2 889 956 952
1767 2 2 2 2 935 959 956
1768 2 2 2 2 949 961 893
1769 2 2 2 2 952 956 938
1770 2 2 2 2 929 953 950
1771 2 2 2 2 936 957 951
1772 2 2 2 2 903 959 935
1773 2 2 2 2 930 955 954
1774 2 2 2 2 932 957 955
1775 2 2 2 2 892 958 939
1776 2 2 2 2 936 951 896
1777 2 2 2 2 937 955 897
1778 2 2 2 2 955 957 897
1779 2 2 2 2 907 960 928
1780 2 2 2 2 893 961 927
1781 2 2 2 2 932 955 930
1782 2 2 2 2 901 959 923
1783 2 2 2 2 889 952 933
1784 2 2 2 2 931 951 908
1785 2 2 2 2 908 957 932
1786 2 2 2 2 913 954 937
1787 2 2 2 2 929 950 902
1788 2 2 2 2 906 953 931
1789 2 2 2 2 895 960 926
1790 2 2 2 2 951 957 908
1791 2 2 2 2 938 956 901
1792 2 2 2 2 954 955 937
1793 2 2 2 2 939 961 922
1794 2 2 2 2 956 959 901
1795 2 2 2 2 948 959 903
1796 2 2 2 2 958 961 939
1797 2 2 2 2 923 959 948
1798 2 2 2 2 922 961 949
1799 2 2 2 2 927 961 958
1800 2 2 2 2 962 963 95
1801 2 2 2 2 96 962 95
1802 2 2 2 2 95 963 94
1803 2 2 2 2 121 974 11
1804 2 2 2 2 142 964 12
1805 2 2 2 2 894 944 941
1806 2 2 2 2 910 974 941
1807 2 2 2 2 941 974 121
1808 2 2 2 2 12 964 900
1809 2 2 2 2 143 969 912
1810 2 2 2 2 898 969 144
1811 2 2 2 2 910 942 119
1812 2 2 2 2 965 966 149
1813 2 2 2 2 945 963 925
1814 2 2 2 2 925 962 946
1815 2 2 2 2 144 969 143
1816 2 2 2 2 118 973 7
1817 2 2 2 2 11 974 120
1818 2 2 2 2 111 973 904
1819 2 2 2 2 146 971 968
1820 2 2 2 2 147 971 146
1821 2 2 2 2 909 971 147
1822 2 2 2 2 941 972 910
1823 2 2 2 2 904 973 942
1824 2 2 2 2 944 972 941
1825 2 2 2 2 968 971 967
1826 2 2 2 2 967 971 909
1827 2 2 2 2 904 972 944
1828 2 2 2 2 942 972 904
1829 2 2 2 2 942 973 118
1830 2 2 2 2 120 974 910
1831 2 2 2 2 910 972 942
1832 2 2 2 2 9 10 115
1833 2 2 2 3 978 1060 1013
1834 2 2 2 3 1009 1084 27
1835 2 2 2 3 28 1009 27
1836 2 2 2 3 1020 1050 993
1837 2 2 2 3 1013 1060 1008
1838 2 2 2 3 979 1064 15
1839 2 2 2 3 993 1050 151
1840 2 2 2 3 154 1021 153
1841 2 2 2 3 975 1021 154
1842 2 2 2 3 1024 1081 1035
1843 2 2 2 3 1056 1078 976
1844 2 2 2 3 14 1036 975
1845 2 2 2 3 1018 1078 1056
1846 2 2 2 3 993 1086 1021
1847 2 2 2 3 1013 1077 978
1848 2 2 2 3 155 1036 14
1849 2 2 2 3 16 191 190
1850 2 2 2 3 1008 1009 28
1851 2 2 2 3 1035 1081 992
1852 2 2 2 3 1011 1012 980
1853 2 2 2 3 194 1014 1010
1854 2 2 2 3 152 1086 993
1855 2 2 2 3 1048 1064 979
1856 2 2 2 3 6 1014 194
1857 2 2 2 3 150 26 3
1858 2 2 2 3 1049 1085 977
1859 2 2 2 3 1084 1085 1049
1860 2 2 2 3 975 1089 1021
1861 2 2 2 3 1016 1020 993
1862 2 2 2 3 29 1008 28
1863 2 2 2 3 56 1015 996
1864 2 2 2 3 4 1011 980
1865 2 2 2 3 15 1064 160
1866 2 2 2 3 1011 1020 1016
1867 2 2 2 3 980 1013 1008
1868 2 2 2 3 979 1051 1048
1869 2 2 2 3 1011 1016 1012
1870 2 2 2 3 1048 1051 1015
1871 2 2 2 3 993 1021 1016
1872 2 2 2 3 1021 1089 1016
1873 2 2 2 3 30 1014 6
1874 2 2 2 3 5 1015 56
1875 2 2 2 3 1018 1082 1078
1876 2 2 2 3 191 1055 190
1877 2 2 2 3 4 980 29
1878 2 2 2 3 1014 1088 1010
1879 2 2 2 3 1035 1082 1018
1880 2 2 2 3 1036 1089 975
1881 2 2 2 3 995 1018 1017
1882 2 2 2 3 1012 1013 980
1883 2 2 2 3 192 1055 191
1884 2 2 2 3 995 1017 31
1885 2 2 2 3 151 1050 150
1886 2 2 2 3 152 993 151
1887 2 2 2 3 189 1055 1019
1888 2 2 2 3 1024 1035 995
1889 2 2 2 3 188 976 187
1890 2 2 2 3 188 1019 976
1891 2 2 2 3 24 1020 1011
1892 2 2 2 3 161 979 15
1893 2 2 2 3 189 1019 188
1894 2 2 2 3 25 1020 24
1895 2 2 2 3 1012 1036 1013
1896 2 2 2 3 24 1011 4
1897 2 2 2 3 980 1008 29
1898 2 2 2 3 981 1022 162
1899 2 2 2 3 995 1035 1018
1900 2 2 2 3 996 1023 55
1901 2 2 2 3 27 994 5
1902 2 2 2 3 32 1024 995
1903 2 2 2 3 46 1025 1001
1904 2 2 2 3 1001 1029 45
1905 2 2 2 3 38 1027 1005
1906 2 2 2 3 1002 1028 43
1907 2 2 2 3 52 1031 998
1908 2 2 2 3 50 1030 999
1909 2 2 2 3 36 1026 1006
1910 2 2 2 3 1003 1033 41
1911 2 2 2 3 48 1032 1000
1912 2 2 2 3 34 1034 1007
1913 2 2 2 3 994 1015 5
1914 2 2 2 3 54 1023 997
1915 2 2 2 3 1007 1024 33
1916 2 2 2 3 42 1028 1003
1917 2 2 2 3 1000 1025 47
1918 2 2 2 3 1004 1027 39
1919 2 2 2 3 999 1032 49
1920 2 2 2 3 1005 1026 37
1921 2 2 2 3 44 1029 1002
1922 2 2 2 3 998 1030 51
1923 2 2 2 3 1006 1034 35
1924 2 2 2 3 997 1031 53
1925 2 2 2 3 40 1033 1004
1926 2 2 2 3 56 996 55
1927 2 2 2 3 32 995 31
1928 2 2 2 3 40 1004 39
1929 2 2 2 3 38 1005 37
1930 2 2 2 3 50 999 49
1931 2 2 2 3 42 1003 41
1932 2 2 2 3 36 1006 35
1933 2 2 2 3 34 1007 33
1934 2 2 2 3 54 997 53
1935 2 2 2 3 44 1002 43
1936 2 2 2 3 52 998 51
1937 2 2 2 3 46 1001 45
1938 2 2 2 3 48 1000 47
1939 2 2 2 3 1018 1056 1017
1940 2 2 2 3 55 1023 54
1941 2 2 2 3 33 1024 32
1942 2 2 2 3 39 1027 38
1943 2 2 2 3 47 1025 46
1944 2 2 2 3 45 1029 44
1945 2 2 2 3 53 1031 52
1946 2 2 2 3 49 1032 48
1947 2 2 2 3 43 1028 42
1948 2 2 2 3 35 1034 34
1949 2 2 2 3 51 1030 50
1950 2 2 2 3 41 1033 40
1951 2 2 2 3 37 1026 36
1952 2 2 2 3 170 1038 169
1953 2 2 2 3 179 989 178
1954 2 2 2 3 184 1039 183
1955 2 2 2 3 171 985 170
1956 2 2 2 3 169 984 168
1957 2 2 2 3 177 988 176
1958 2 2 2 3 183 991 182
1959 2 2 2 3 175 987 174
1960 2 2 2 3 164 1040 163
1961 2 2 2 3 167 983 166
1962 2 2 2 3 173 986 172
1963 2 2 2 3 185 992 184
1964 2 2 2 3 163 981 162
1965 2 2 2 3 166 1044 165
1966 2 2 2 3 181 990 180
1967 2 2 2 3 165 982 164
1968 2 2 2 3 180 1045 179
1969 2 2 2 3 178 1037 177
1970 2 2 2 3 168 1041 167
1971 2 2 2 3 182 1042 181
1972 2 2 2 3 172 1046 171
1973 2 2 2 3 174 1043 173
1974 2 2 2 3 176 1047 175
1975 2 2 2 3 31 1017 30
1976 2 2 2 3 162 1022 161
1977 2 2 2 3 994 1049 1048
1978 2 2 2 3 989 1037 178
1979 2 2 2 3 169 1038 984
1980 2 2 2 3 183 1039 991
1981 2 2 2 3 986 1046 172
1982 2 2 2 3 982 1040 164
1983 2 2 2 3 984 1041 168
1984 2 2 2 3 992 1039 184
1985 2 2 2 3 165 1044 982
1986 2 2 2 3 987 1043 174
1987 2 2 2 3 163 1040 981
1988 2 2 2 3 985 1038 170
1989 2 2 2 3 990 1045 180
1990 2 2 2 3 179 1045 989
1991 2 2 2 3 181 1042 990
1992 2 2 2 3 983 1044 166
1993 2 2 2 3 167 1041 983
1994 2 2 2 3 991 1042 182
1995 2 2 2 3 175 1047 987
1996 2 2 2 3 177 1037 988
1997 2 2 2 3 171 1046 985
1998 2 2 2 3 173 1043 986
1999 2 2 2 3 988 1047 176
2000 2 2 2 3 1015 1051 996
2001 2 2 2 3 1007 1081 1024
2002 2 2 2 3 159 977 158
2003 2 2 2 3 157 978 156
2004 2 2 2 3 1034 1080 1007
2005 2 2 2 3 161 1022 979
2006 2 2 2 3 1055 1083 1019
2007 2 2 2 3 994 1048 1015
2008 2 2 2 3 1080 1081 1007
2009 2 2 2 3 1006 1079 1034
2010 2 2 2 3 1079 1080 1034
2011 2 2 2 3 1026 1076 1006
2012 2 2 2 3 1076 1079 1006
2013 2 2 2 3 194 1010 193
2014 2 2 2 3 1005 1075 1026
2015 2 2 2 3 14 975 154
2016 2 2 2 3 30 1017 1014
2017 2 2 2 3 25 1050 1020
2018 2 2 2 3 1027 1074 1005
2019 2 2 2 3 1075 1076 1026
2020 2 2 2 3 190 1055 189
2021 2 2 2 3 1012 1089 1036
2022 2 2 2 3 1074 1075 1005
2023 2 2 2 3 26 1050 25
2024 2 2 2 3 1004 1073 1027
2025 2 2 2 3 976 1078 187
2026 2 2 2 3 1073 1074 1027
2027 2 2 2 3 1033 1072 1004
2028 2 2 2 3 1003 1071 1033
2029 2 2 2 3 1072 1073 1004
2030 2 2 2 3 1071 1072 1033
2031 2 2 2 3 1028 1070 1003
2032 2 2 2 3 1002 1069 1028
2033 2 2 2 3 1056 1088 1014
2034 2 2 2 3 1070 1071 1003
2035 2 2 2 3 1069 1070 1028
2036 2 2 2 3 1029 1068 1002
2037 2 2 2 3 1001 1067 1029
2038 2 2 2 3 1068 1069 1002
2039 2 2 2 3 1025 1066 1001
2040 2 2 2 3 150 1050 26
2041 2 2 2 3 1067 1068 1029
2042 2 2 2 3 977 1087 1049
2043 2 2 2 3 27 1084 994
2044 2 2 2 3 992 1082 1035
2045 2 2 2 3 185 1082 992
2046 2 2 2 3 1021 1086 153
2047 2 2 2 3 1000 1065 1025
2048 2 2 2 3 1008 1060 1009
2049 2 2 2 3 1066 1067 1001
2050 2 2 2 3 1032 1063 1000
2051 2 2 2 3 1065 1066 1025
2052 2 2 2 3 999 1062 1032
2053 2 2 2 3 1063 1065 1000
2054 2 2 2 3 1030 1061 999
2055 2 2 2 3 13 1086 152
2056 2 2 2 3 1062 1063 1032
2057 2 2 2 3 998 1059 1030
2058 2 2 2 3 1022 1051 979
2059 2 2 2 3 1031 1058 998
2060 2 2 2 3 1061 1062 999
2061 2 2 2 3 1009 1085 1084
2062 2 2 2 3 1059 1061 1030
2063 2 2 2 3 1022 1052 1051
2064 2 2 2 3 996 1052 1023
2065 2 2 2 3 997 1057 1031
2066 2 2 2 3 1052 1054 1023
2067 2 2 2 3 1058 1059 998
2068 2 2 2 3 1023 1054 997
2069 2 2 2 3 1051 1052 996
2070 2 2 2 3 1057 1058 1031
2071 2 2 2 3 1036 1077 1013
2072 2 2 2 3 981 1052 1022
2073 2 2 2 3 1054 1057 997
2074 2 2 2 3 1053 1060 978
2075 2 2 2 3 1019 1083 1010
2076 2 2 2 3 981 1054 1052
2077 2 2 2 3 155 1077 1036
2078 2 2 2 3 1017 1056 1014
2079 2 2 2 3 158 1053 157
2080 2 2 2 3 1040 1054 981
2081 2 2 2 3 156 1077 155
2082 2 2 2 3 1040 1057 1054
2083 2 2 2 3 982 1057 1040
2084 2 2 2 3 1044 1058 982
2085 2 2 2 3 982 1058 1057
2086 2 2 2 3 157 1053 978
2087 2 2 2 3 977 1053 158
2088 2 2 2 3 1044 1059 1058
2089 2 2 2 3 983 1059 1044
2090 2 2 2 3 1041 1061 983
2091 2 2 2 3 983 1061 1059
2092 2 2 2 3 1041 1062 1061
2093 2 2 2 3 1049 1064 1048
2094 2 2 2 3 984 1062 1041
2095 2 2 2 3 1038 1063 984
2096 2 2 2 3 984 1063 1062
2097 2 2 2 3 1038 1065 1063
2098 2 2 2 3 985 1065 1038
2099 2 2 2 3 1046 1066 985
2100 2 2 2 3 985 1066 1065
2101 2 2 2 3 193 1083 192
2102 2 2 2 3 1016 1089 1012
2103 2 2 2 3 1046 1067 1066
2104 2 2 2 3 986 1067 1046
2105 2 2 2 3 1043 1068 986
2106 2 2 2 3 986 1068 1067
2107 2 2 2 3 987 1069 1043
2108 2 2 2 3 1043 1069 1068
2109 2 2 2 3 1047 1070 987
2110 2 2 2 3 987 1070 1069
2111 2 2 2 3 988 1071 1047
2112 2 2 2 3 1047 1071 1070
2113 2 2 2 3 1037 1072 988
2114 2 2 2 3 988 1072 1071
2115 2 2 2 3 989 1073 1037
2116 2 2 2 3 1037 1073 1072
2117 2 2 2 3 1045 1074 989
2118 2 2 2 3 989 1074 1073
2119 2 2 2 3 990 1075 1045
2120 2 2 2 3 1045 1075 1074
2121 2 2 2 3 187 1078 186
2122 2 2 2 3 1042 1076 990
2123 2 2 2 3 990 1076 1075
2124 2 2 2 3 160 1087 159
2125 2 2 2 3 991 1079 1042
2126 2 2 2 3 1042 1079 1076
2127 2 2 2 3 1010 1088 1019
2128 2 2 2 3 1039 1080 991
2129 2 2 2 3 991 1080 1079
2130 2 2 2 3 992 1081 1039
2131 2 2 2 3 1039 1081 1080
2132 2 2 2 3 978 1077 156
2133 2 2 2 3 1010 1083 193
2134 2 2 2 3 1078 1082 186
2135 2 2 2 3 186 1082 185
2136 2 2 2 3 1053 1085 1060
2137 2 2 2 3 1019 1088 976
2138 2 2 2 3 994 1084 1049
2139 2 2 2 3 192 1083 1055
2140 2 2 2 3 1064 1087 160
2141 2 2 2 3 153 1086 13
2142 2 2 2 3 159 1087 977
2143 2 2 2 3 1049 1087 1064
2144 2 2 2 3 977 1085 1053
2145 2 2 2 3 1060 1085 1009
2146 2 2 2 3 976 1088 1056
2147 2 2 3 4 1093 1106 1097
2148 2 2 3 4 1098 1105 1094
2149 2 2 3 4 152 1109 202
2150 2 2 3 4 195 1110 115
2151 2 2 3 4 1096 1105 1098
2152 2 2 3 4 1097 1106 1095
2153 2 2 3 4 10 195 115
2154 2 2 3 4 202 13 152
2155 2 2 3 4 1107 1108 1101
2156 2 2 3 4 1100 1107 1101
2157 2 2 3 4 1101 1108 1090
2158 2 2 3 4 1091 1107 1100
2159 2 2 3 4 1090 1111 1101
2160 2 2 3 4 1100 1112 1091
2161 2 2 3 4 202 1109 1097
2162 2 2 3 4 1098 1110 195
2163 2 2 3 4 3 1103 150
2164 2 2 3 4 117 1104 1
2165 2 2 3 4 150 1103 1093
2166 2 2 3 4 1094 1104 117
2167 2 2 3 4 1103 1106 1093
2168 2 2 3 4 1094 1105 1104
2169 2 2 3 4 197 1102 1096
2170 2 2 3 4 1095 1099 200
2171 2 2 3 4 201 1097 1095
2172 2 2 3 4 1096 1098 196
2173 2 2 3 4 197 1096 196
2174 2 2 3 4 201 1095 200
2175 2 2 3 4 198 1102 197
2176 2 2 3 4 196 1098 195
2177 2 2 3 4 202 1097 201
2178 2 2 3 4 199 1099 1092
2179 2 2 3 4 200 1099 199
2180 2 2 3 4 1092 1102 198
2181 2 2 3 4 1099 1100 1092
2182 2 2 3 4 1101 1102 1092
2183 2 2 3 4 199 1092 198
2184 2 2 3 4 203 1103 3
2185 2 2 3 4 1 1104 207
2186 2 2 3 4 1100 1101 1092
2187 2 2 3 4 207 1090 206
2188 2 2 3 4 204 1091 203
2189 2 2 3 4 1091 1103 203
2190 2 2 3 4 207 1104 1090
2191 2 2 3 4 150 1093 151
2192 2 2 3 4 116 1094 117
2193 2 2 3 4 204 1107 1091
2194 2 2 3 4 1090 1108 206
2195 2 2 3 4 1102 1111 1096
2196 2 2 3 4 1095 1112 1099
2197 2 2 3 4 1091 1106 1103
2198 2 2 3 4 1104 1105 1090
2199 2 2 3 4 205 1107 204
2200 2 2 3 4 206 1108 205
2201 2 2 3 4 205 1108 1107
2202 2 2 3 4 1096 1111 1105
2203 2 2 3 4 1106 1112 1095
2204 2 2 3 4 1097 1109 1093
2205 2 2 3 4 1094 1110 1098
2206 2 2 3 4 116 1110 1094
2207 2 2 3 4 1093 1109 151
2208 2 2 3 4 1091 1112 1106
2209 2 2 3 4 1105 1111 1090
2210 2 2 3 4 115 1110 116
2211 2 2 3 4 151 1109 152
2212 2 2 3 4 1101 1111 1102
2213 2 2 3 4 1099 1112 1100
2214 2 2 3 5 205 20 206
2215 2 2 3 5 204 21 205
2216 2 2 3 5 21 20 205
2217 2 2 3 5 22 21 204
2218 2 2 3 5 20 19 206
2219 2 2 3 5 18 1 207
2220 2 2 3 5 203 3 23
2221 2 2 3 5 19 18 207
2222 2 2 3 5 206 19 207
2223 2 2 3 5 22 203 23
2224 2 2 3 5 204 203 22
$EndElements
