$MeshFormat
2.2 0 8
$EndMeshFormat
$PhysicalNames
7
0 6 "separation-inf"
0 7 "separation-sup"
1 4 "pressure"
1 5 "fixed"
2 1 "body"
2 2 "cover"
2 3 "scar"
$EndPhysicalNames
$Nodes
2746
1 0.6299165151474654 0.4474071676345211 0
2 0.6780832021878531 0.4499314767377288 0
3 0.5636749257205028 0.4439355930364754 0
4 0.4754071150127369 0.4393096730951061 0
5 0.4040362663251333 0.4037254805883031 0
6 0.06527036446661391 -1.301042606982605e-16 0
7 0.7306999999999998 0 0
8 0.7306999999999999 0.4 0
9 0.5342611505365626 0.4924626996986507 0
10 0.4727903172005901 0.4892411498328348 0
11 0.3657340441691846 0.4358648610726302 0
12 0 0 0
13 0.6754664043757063 0.4998629534754574 0
14 0.6540966947071116 0.4987430144478031 0
15 0.7806999999999999 0 0
16 0.7806999999999999 0.4 0
17 0.639549852555543 0.4479120294551626 0
18 0.6491831899636205 0.4484168912758041 0
19 0.658816527371698 0.4489217530964457 0
20 0.6684498647797755 0.4494266149170872 0
21 0.6213898970446328 0.4421279763257023 1.189100617380543e-19
22 0.6121030869594984 0.4383427109609741 2.000784558283985e-19
23 0.6023155296337028 0.4361571202510251 2.412375858189816e-19
24 0.5923006603123673 0.4356322631900841 2.412375858189814e-19
25 0.5823382638114483 0.4367828026790326 2.000784558283976e-19
26 0.57270665987202 0.4395765959771763 1.189100617380528e-19
27 0.4864405913512077 0.4398879130877772 0
28 0.4974740676896784 0.4404661530804485 0
29 0.5085075440281491 0.4410443930731196 0
30 0.5195410203666199 0.4416226330657907 0
31 0.5305744967050906 0.442200873058462 0
32 0.5416079730435613 0.4427791130511331 0
33 0.5526414493820321 0.4433573530438042 0
34 0.4110181034325398 0.4112289776368577 0
35 0.4187313157060478 0.4179784127077235 0
36 0.4270948769943219 0.4239028839861847 0
37 0.4360209293260504 0.4289401557798515 0
38 0.445415705844908 0.4330373122953815 0
39 0.4551805158164786 0.4361513135110431 0
40 0.4652127813597885 0.4382494473057628 0
41 0.07263484059397318 0.008776640882354192 0
42 0.07999931672133226 0.01755328176470861 0
43 0.08736379284869139 0.02632992264706302 0
44 0.09472826897605052 0.03510656352941743 0
45 0.1020927451034097 0.0438832044117719 0
46 0.1094572212307687 0.05265984529412632 0
47 0.1168216973581279 0.06143648617648073 0
48 0.124186173485487 0.07021312705883515 0
49 0.1315506496128461 0.07898976794118961 0
50 0.1389151257402052 0.08776640882354403 0
51 0.1462796018675643 0.09654304970589844 0
52 0.1536440779949235 0.1053196905882529 0
53 0.1610085541222825 0.1140963314706073 0
54 0.1683730302496417 0.1228729723529617 0
55 0.1757375063770008 0.1316496132353161 0
56 0.1831019825043599 0.1404262541176706 0
57 0.190466458631719 0.149202895000025 0
58 0.1978309347590781 0.1579795358823794 0
59 0.2051954108864372 0.1667561767647338 0
60 0.2125598870137964 0.1755328176470882 0
61 0.2199243631411554 0.1843094585294426 0
62 0.2272888392685146 0.193086099411797 0
63 0.2346533153958736 0.2018627402941514 0
64 0.2420177915232327 0.2106393811765058 0
65 0.2493822676505918 0.2194160220588602 0
66 0.2567467437779509 0.2281926629412146 0
67 0.26411121990531 0.236969303823569 0
68 0.2714756960326691 0.2457459447059234 0
69 0.2788401721600282 0.2545225855882778 0
70 0.2862046482873873 0.2632992264706322 0
71 0.2935691244147464 0.2720758673529866 0
72 0.3009336005421055 0.280852508235341 0
73 0.3082980766694647 0.2896291491176956 0
74 0.3156625527968239 0.29840579000005 0
75 0.323027028924183 0.3071824308824044 0
76 0.3303915050515422 0.3159590717647589 0
77 0.3377559811789013 0.3247357126471133 0
78 0.3451204573062605 0.3335123535294678 0
79 0.3524849334336195 0.3422889944118223 0
80 0.3598494095609788 0.3510656352941767 0
81 0.3672138856883378 0.3598422761765311 0
82 0.3745783618156969 0.3686189170588855 0
83 0.381942837943056 0.3773955579412399 0
84 0.3893073140704152 0.3861721988235943 0
85 0.3966717901977742 0.3949488397059487 0
86 0.07674328921718956 0 0
87 0.08821621396776522 0 0
88 0.09968913871834086 0 0
89 0.1111620634689165 0 0
90 0.1226349882194922 0 0
91 0.1341079129700678 0 0
92 0.1455808377206435 0 0
93 0.1570537624712191 0 0
94 0.1685266872217948 0 0
95 0.1799996119723704 0 0
96 0.1914725367229461 0 0
97 0.2029454614735217 0 0
98 0.2144183862240973 0 0
99 0.225891310974673 0 0
100 0.2373642357252487 0 0
101 0.2488371604758243 0 0
102 0.2603100852264 0 0
103 0.2717830099769756 0 0
104 0.2832559347275512 0 0
105 0.2947288594781268 0 0
106 0.3062017842287024 0 0
107 0.317674708979278 0 0
108 0.3291476337298536 0 0
109 0.3406205584804292 0 0
110 0.3520934832310048 0 0
111 0.3635664079815804 0 0
112 0.375039332732156 0 0
113 0.3865122574827317 0 0
114 0.3979851822333073 0 0
115 0.4094581069838829 0 0
116 0.4209310317344584 0 0
117 0.432403956485034 0 0
118 0.4438768812356096 0 0
119 0.4553498059861853 0 0
120 0.4668227307367609 0 0
121 0.4782956554873365 0 0
122 0.489768580237912 0 0
123 0.5012415049884876 0 0
124 0.5127144297390633 0 0
125 0.5241873544896389 0 0
126 0.5356602792402145 0 0
127 0.5471332039907901 0 0
128 0.5586061287413657 0 0
129 0.5700790534919413 0 0
130 0.5815519782425169 0 0
131 0.5930249029930925 0 0
132 0.6044978277436681 0 0
133 0.6159707524942437 0 0
134 0.6274436772448193 0 0
135 0.638916601995395 0 0
136 0.6503895267459706 0 0
137 0.6618624514965461 0 0
138 0.6733353762471217 0 0
139 0.6848083009976974 0 0
140 0.696281225748273 0 0
141 0.7077541504988486 0 0
142 0.7192270752494242 0 0
143 0.7306999999999999 0.3885714285714286 0
144 0.7306999999999999 0.3771428571428571 0
145 0.7306999999999999 0.3657142857142857 0
146 0.7306999999999999 0.3542857142857143 0
147 0.7306999999999999 0.3428571428571428 0
148 0.7306999999999999 0.3314285714285714 0
149 0.7306999999999999 0.32 0
150 0.7306999999999999 0.3085714285714285 0
151 0.7306999999999999 0.2971428571428571 0
152 0.7306999999999999 0.2857142857142857 0
153 0.7306999999999999 0.2742857142857142 0
154 0.7306999999999999 0.2628571428571428 0
155 0.7306999999999999 0.2514285714285713 0
156 0.7306999999999999 0.2399999999999998 0
157 0.7306999999999999 0.2285714285714284 0
158 0.7306999999999999 0.2171428571428569 0
159 0.7306999999999999 0.2057142857142855 0
160 0.7306999999999999 0.194285714285714 0
161 0.7306999999999999 0.1828571428571427 0
162 0.7306999999999999 0.1714285714285712 0
163 0.7306999999999999 0.1599999999999998 0
164 0.7306999999999999 0.1485714285714284 0
165 0.7306999999999999 0.137142857142857 0
166 0.7306999999999999 0.1257142857142856 0
167 0.7306999999999999 0.1142857142857142 0
168 0.7306999999999999 0.1028571428571428 0
169 0.7306999999999999 0.09142857142857141 0
170 0.7306999999999999 0.08000000000000007 0
171 0.7306999999999999 0.06857142857142867 0
172 0.7306999999999999 0.05714285714285727 0
173 0.7306999999999999 0.04571428571428587 0
174 0.7306999999999999 0.03428571428571447 0
175 0.7306999999999999 0.02285714285714302 0
176 0.7306999999999999 0.01142857142857151 0
177 0.6896278447399321 0.4491964794299314 0
178 0.7006946012159873 0.4458281127934987 0
179 0.7106910947343958 0.4400066774005602 0
180 0.7190822370179006 0.432043780699251 0
181 0.7254188703833169 0.4223656574157815 0
182 0.7293618100730225 0.4114903542337509 0
183 0.5556402118948757 0.4496162527682383 1.369460180141941e-19
184 0.5486420451069507 0.456533779963648 2.206152452541063e-19
185 0.5428686498013049 0.4645021190903019 2.48757293081198e-19
186 0.5384753087316153 0.4733069516291974 2.206152452541058e-19
187 0.5355801863341011 0.4827114605049581 1.369460180141938e-19
188 0.5240160116472339 0.4919257747210147 0
189 0.5137708727579051 0.4913888497433788 0
190 0.5035257338685764 0.4908519247657428 0
191 0.4932805949792477 0.4903149997881068 0
192 0.4830354560899189 0.4897780748104708 0
193 0.4616518426009693 0.4882399415442681 0
194 0.4506189191303074 0.4864116543310513 0
195 0.4397528741687219 0.483766450872658 0
196 0.4291141074889027 0.480319034742299 0
197 0.4187617555191849 0.4760885686759448 0
198 0.4087533626290231 0.4710985680547374 0
199 0.3991445612640485 0.4653767701928799 0
200 0.3899887627087093 0.4589549801575751 0
201 0.3813368601954087 0.4518688939780374 0
202 0.3732369460104371 0.4441579002262833 0
203 0.3584193632858009 0.4271475638511777 0
204 0.3511046824024172 0.4184302666297251 0
205 0.3437900015190336 0.4097129694082725 0
206 0.3364753206356498 0.4009956721868199 0
207 0.3291606397522662 0.3922783749653673 0
208 0.3218459588688825 0.3835610777439147 0
209 0.3145312779854988 0.3748437805224621 0
210 0.3072165971021151 0.3661264833010095 0
211 0.2999019162187315 0.357409186079557 0
212 0.2925872353353478 0.3486918888581043 0
213 0.2852725544519641 0.3399745916366518 0
214 0.2779578735685805 0.3312572944151992 0
215 0.2706431926851968 0.3225399971937466 0
216 0.2633285118018131 0.313822699972294 0
217 0.2560138309184294 0.3051054027508415 0
218 0.2486991500350458 0.2963881055293889 0
219 0.2413844691516621 0.2876708083079362 0
220 0.2340697882682784 0.2789535110864836 0
221 0.2267551073848947 0.270236213865031 0
222 0.219440426501511 0.2615189166435784 0
223 0.2121257456181273 0.2528016194221258 0
224 0.2048110647347436 0.2440843222006732 0
225 0.1974963838513599 0.2353670249792206 0
226 0.1901817029679762 0.2266497277577679 0
227 0.1828670220845925 0.2179324305363153 0
228 0.1755523412012088 0.2092151333148627 0
229 0.1682376603178251 0.2004978360934101 0
230 0.1609229794344414 0.1917805388719575 0
231 0.1536082985510577 0.1830632416505049 0
232 0.146293617667674 0.1743459444290522 0
233 0.1389789367842903 0.1656286472075996 0
234 0.1316642559009066 0.156911349986147 0
235 0.1243495750175229 0.1481940527646943 0
236 0.1170348941341392 0.1394767555432417 0
237 0.1097202132507555 0.1307594583217891 0
238 0.1024055323673718 0.1220421611003365 0
239 0.0950908514839881 0.113324863878884 0
240 0.08777617060060444 0.1046075666574313 0
241 0.08046148971722072 0.09589026943597867 0
242 0.07314680883383701 0.08717297221452608 0
243 0.06583212795045329 0.07845567499307343 0
244 0.05851744706706957 0.06973837777162079 0
245 0.05120276618368591 0.06102108055016819 0
246 0.04388808530030225 0.05230378332871566 0
247 0.03657340441691853 0.04358648610726296 0
248 0.02925872353353487 0.03486918888581042 0
249 0.0219440426501511 0.02615189166435772 0
250 0.01462936176676743 0.01743459444290513 0
251 0.007314680883383662 0.00871729722145248 0
252 0.01087839407776897 0 0
253 0.02175678815553795 0 0
254 0.03263518223330691 0 0
255 0.04351357631107589 0 0
256 0.0543919703888449 0 0
257 0.6647815495414089 0.4993029839616302 0
258 0.653804166773557 0.4889073167777908 1.369460180141943e-19
259 0.6519079430200283 0.4792517040904778 2.206152452541064e-19
260 0.6484590247470208 0.4700358761548697 2.48757293081198e-19
261 0.6435501749486444 0.461507704284557 2.206152452541055e-19
262 0.6373134233379623 0.4538965644068842 1.369460180141937e-19
263 0.7406999999999998 0 0
264 0.7506999999999999 0 0
265 0.7606999999999999 0 0
266 0.7706999999999999 0 0
267 0.7806999999999999 0.01142857142857144 0
268 0.7806999999999999 0.02285714285714288 0
269 0.7806999999999999 0.03428571428571432 0
270 0.7806999999999999 0.04571428571428577 0
271 0.7806999999999999 0.0571428571428572 0
272 0.7806999999999999 0.06857142857142863 0
273 0.7806999999999999 0.08000000000000006 0
274 0.7806999999999999 0.0914285714285715 0
275 0.7806999999999999 0.1028571428571429 0
276 0.7806999999999999 0.1142857142857144 0
277 0.7806999999999999 0.1257142857142858 0
278 0.7806999999999999 0.1371428571428573 0
279 0.7806999999999999 0.1485714285714287 0
280 0.7806999999999999 0.1600000000000002 0
281 0.7806999999999999 0.1714285714285717 0
282 0.7806999999999999 0.1828571428571431 0
283 0.7806999999999999 0.1942857142857145 0
284 0.7806999999999999 0.205714285714286 0
285 0.7806999999999999 0.2171428571428574 0
286 0.7806999999999999 0.2285714285714288 0
287 0.7806999999999999 0.2400000000000002 0
288 0.7806999999999999 0.2514285714285716 0
289 0.7806999999999999 0.262857142857143 0
290 0.7806999999999999 0.2742857142857144 0
291 0.7806999999999999 0.2857142857142858 0
292 0.7806999999999999 0.2971428571428572 0
293 0.7806999999999999 0.3085714285714286 0
294 0.7806999999999999 0.32 0
295 0.7806999999999999 0.3314285714285714 0
296 0.7806999999999999 0.3428571428571427 0
297 0.7806999999999999 0.3542857142857141 0
298 0.7806999999999999 0.3657142857142855 0
299 0.7806999999999999 0.377142857142857 0
300 0.7806999999999999 0.3885714285714285 0
301 0.7800286514924181 0.4115680159360948 0
302 0.7780236201460451 0.4229807084675019 0
303 0.7747118274569218 0.4340848397122524 0
304 0.7701377407666337 0.4447313148315632 0
305 0.764362776200642 0.454777183921787 0
306 0.7574644740358012 0.4640875613985023 0
307 0.7495354575693756 0.4725374371012285 0
308 0.7406821894687915 0.4800133548011204 0
309 0.7310235423005802 0.4864149355743653 0
310 0.7206892024319744 0.4916562255869974 0
311 0.7098179287359266 0.4956668501944612 0
312 0.6985556894798641 0.4983929588598628 0
313 0.6870537024141186 0.4997979482035217 0
314 0.5747151906249965 0.4445141888028163 0
315 0.5857554555294904 0.4450927845691573 0
316 0.5967957204339842 0.4456713803354982 0
317 0.6078359853384779 0.4462499761018392 0
318 0.6188762502429717 0.4468285718681801 0
319 0.6432025543279708 0.4981720767433347 0
320 0.63230841394883 0.4976011390388663 0
321 0.6214142735696893 0.4970302013343979 0
322 0.6105201331905484 0.4964592636299295 0
323 0.5996259928114076 0.4958883259254611 0
324 0.5887318524322668 0.4953173882209927 0
325 0.5778377120531261 0.4947464505165243 0
326 0.5669435716739852 0.4941755128120559 0
327 0.5560494312948444 0.4936045751075875 0
328 0.5451552909157036 0.4930336374031191 0
329 0.7213239234476455 0.2113493420969534 0
330 0.3635983274158502 0.3402384979741843 0
331 0.5184508921143511 0.009935844289705731 0
332 0.5257159627161865 0.4330487110640279 0
333 0.4497088348649799 0.008920620119623746 0
334 0.5859031897906201 0.4277956299012003 0
335 0.3192356522121512 0.2876609534579961 0
336 0.7210515873687126 0.2695176589967677 0
337 0.5742727721378575 0.01018776442577068 0
338 0.3922497204166484 0.009935821949262291 0
339 0.2818697014995776 0.2438298268768148 0
340 0.7201861617774638 0.1542375358161739 0
341 0.3995240270726039 0.3849146295123722 0
342 0.3348817174583355 0.00993754444178846 0
343 0.2455194460165864 0.1997214976164491 0
344 0.720802566813892 0.3257142857142857 0
345 0.6211487763685889 0.009368379509125058 0
346 0.288992462585464 0.00985579485652055 0
347 0.7210241885805437 0.1085714285714288 0
348 0.2164939233013415 0.1648128654835058 0
349 0.481406509857273 0.4303891550967838 0
350 0.6197473916615874 0.4322337346502619 0
351 0.2436299816833772 0.01082623204141586 0
352 0.1861545567528653 0.1298087856705143 0
353 0.7205293719304814 0.3713547189259534 0
354 0.6637907555503509 0.4405143437789855 0
355 0.4353565015695373 0.4199634416802884 0
356 0.6675994515771054 0.009050264207405623 0
357 0.208826070704886 0.008483161777400827 0
358 0.484652841063677 0.009440107304571621 0
359 0.3411601748938469 0.3126754585510607 0
360 0.719501533183739 0.07468989622335714 0
361 0.1649271100226148 0.1033301876175728 0
362 0.1742639596128223 0.00993563410518894 0
363 0.7216545875413958 0.405486458488857 0
364 0.1437937256384353 0.07737424986146196 0
365 0.7226099140840693 0.04049025663630151 0
366 0.14054207743479 0.009684046158250359 0
367 0.692244131901549 0.4379282038659553 0
368 0.7202498259382631 0.3008200590515917 0
369 0.7218607052572825 0.3480335460654261 0
370 0.7210746498018421 0.2461794284167947 0
371 0.3860416082041463 0.3661632671387218 0
372 0.6900302597399726 0.00957412673422009 0
373 0.6455737449213441 0.009790593352523136 0
374 0.598728253727225 0.009916187903302842 0
375 0.5530886690532701 0.009968438466221752 0
376 0.2645516780524605 0.01095232118642542 0
377 0.3577437594575307 0.0100233989893575 0
378 0.3119374098922236 0.009935811473016365 0
379 0.4146392327911505 0.009615428399789017 0
380 0.3046114290844084 0.2681594426031469 0
381 0.2672620692707692 0.2266331613083945 0
382 0.2026418729791142 0.1478335128577336 0
383 0.2312074800046405 0.1823198576967087 0
384 0.7210811303541395 0.1887441697163543 0
385 0.1281047293858198 0.05944698320580133 0
386 0.7211076189838683 0.1314285714285713 0
387 0.5035148290852406 0.4301940540886826 0
388 0.5470898836948295 0.4341091701357357 0
389 0.644480136580398 0.4401018016974215 0
390 0.4141498589742786 0.4013240963008601 0
391 0.1146006680897936 0.04179693708332582 0
392 0.4609206304874157 0.429118850819226 0
393 0.1168982220589841 0.009731877182529658 0
394 0.7134906128741365 0.009935844289705731 0
395 0.7079905950451032 0.4287582866656207 0
396 0.09864682487638277 0.02434041967638301 0
397 0.5641580023417962 0.4311815963128143 0
398 0.6287967577854319 0.4362942061867378 0
399 0.6278577900208629 0.4260349283774088 0
400 0.6182578979026171 0.4222156944592335 0
401 0.6268572080782652 0.4158568820210775 0
402 0.6168263202399319 0.4120340660962765 0
403 0.6255691166238859 0.4056215771181738 0
404 0.6153850107161676 0.4017663697401546 0
405 0.6233237268430097 0.3954092009216177 0
406 0.6140766086209226 0.3913736456007902 0
407 0.6218876250495518 0.3850051346152049 0
408 0.6126150133933232 0.3808903270499805 0
409 0.6211648048401122 0.3743573709792322 0
410 0.611269311028239 0.3703007192210937 0
411 0.6200941031756459 0.3636637498813386 0
412 0.6098294149733312 0.3596078073383464 0
413 0.6187479781043904 0.3529520252325697 0
414 0.6083447688070625 0.3488585544923081 0
415 0.6169836289609951 0.3422065954117496 0
416 0.6067812886007999 0.3380710739402137 0
417 0.6154336163166227 0.3313711654520919 0
418 0.6052876719963864 0.3272394825464907 0
419 0.5966385519809464 0.3339445303404432 0
420 0.595139758606694 0.3230969989111796 0
421 0.5864822716787605 0.3298191898014472 0
422 0.5849759799014844 0.3189425669905249 0
423 0.593682501604506 0.3122305671183816 0
424 0.5834767196744164 0.3080461582162274 0
425 0.5747779075089954 0.3148024174145935 0
426 0.5732367581939601 0.3038783259512964 0
427 0.5819834860343751 0.297117266171786 0
428 0.5717190506480447 0.2929285229889312 0
429 0.580491982544552 0.2861570323758793 0
430 0.5702264985998223 0.2819635921088441 0
431 0.5789856249578271 0.2751716049544072 0
432 0.5687159344211271 0.2709869135550033 0
433 0.559952953384623 0.2777882677529231 0
434 0.5584317075603009 0.2667914407761603 0
435 0.567199137125406 0.2599762591087381 0
436 0.5569089729260629 0.2557703355436184 0
437 0.5656970193480976 0.2489431140724275 0
438 0.5553863070533924 0.2447296024223214 0
439 0.5641991308838056 0.2378936697396904 0
440 0.5538654017846794 0.2336732912925779 0
441 0.5626900921656147 0.2268255678945664 0
442 0.5523420824237013 0.2226019727044792 0
443 0.5435108878479402 0.2294605136289427 0
444 0.5419814153591415 0.2183739360599738 0
445 0.5331340861953535 0.2252469011556004 0
446 0.5316037659150441 0.214140054020691 0
447 0.5228166366236857 0.2208405739209974 0
448 0.5212216767658961 0.2098684125372385 0
449 0.5611773135784617 0.2157432838443272 0
450 0.5123898841448842 0.2165333069890646 0
451 0.5108100550263741 0.2056029049595604 0
452 0.5018878096134858 0.2124641166677754 0
453 0.5003705220562743 0.2013742546613757 0
454 0.4914670712206746 0.2082916401559298 0
455 0.4899326430682658 0.197136287743081 0
456 0.5196770715407124 0.1987818087132867 0
457 0.4810196804830302 0.2040597557827118 0
458 0.4794757025807718 0.1928722606609048 0
459 0.4931873988787994 0.2193742392345343 0
460 0.4705518391146729 0.1998051429528427 0
461 0.4690073378006893 0.1886036897838543 0
462 0.4600701541847512 0.195543663277217 0
463 0.4585239176897612 0.1843281536227673 0
464 0.4779432352718349 0.1816680387029806 0
465 0.4495781072728103 0.1912770203301709 0
466 0.4480307505809917 0.1800493839167426 0
467 0.4390736730998249 0.1870050803543718 0
468 0.4375242849387892 0.1757652266447314 0
469 0.4511297458907219 0.2025018669513 0
470 0.4288950061037772 0.1826821995301841 0
471 0.4270636196224351 0.1714704123888412 0
472 0.4359900895535916 0.1645112394796454 0
473 0.4254694224163363 0.160218474538032 0
474 0.4164903208430336 0.1671910608838567 0
475 0.4149297170570941 0.1559270621055523 0
476 0.405943896378693 0.162904753686858 0
477 0.4043908093531686 0.1516299162815776 0
478 0.3953964732969114 0.1586129218589242 0
479 0.3938422914080306 0.1473284197285191 0
480 0.5715376021941372 0.2199756430238209 0
481 0.5700253788994526 0.2088781714880717 0
482 0.4344420029260491 0.1532491468238331 0
483 0.3851559907998465 0.1542101695217269 0
484 0.3832716511250434 0.1431726353596492 0
485 0.5804077705347698 0.2131173091035256 0
486 0.5788883713356361 0.2020023098429798 0
487 0.374542047072748 0.1497869600938124 0
488 0.3726999787678618 0.1388050530458262 0
489 0.3871742626874144 0.1649736115417034 0
490 0.3636495466005744 0.1455628209172897 0
491 0.3620697908310646 0.1345748769022859 0
492 0.5892859366928161 0.2062465862465252 0
493 0.5877658841361609 0.1951126106395443 0
494 0.3918349623948709 0.136504164048425 0
495 0.353427480174569 0.1412930331370145 0
496 0.3515393687593731 0.1302940796942821 0
497 0.5981731132855505 0.1993642827202999 0
498 0.5964515909057425 0.1882419927821983 0
499 0.5861729863180727 0.1839817994166392 0
500 0.5950870771043418 0.1770615198851859 0
501 0.584683843754359 0.1728023699649847 0
502 0.5935951028981106 0.1658820627255397 0
503 0.5831145865795548 0.1616169608452931 0
504 0.5920671591613902 0.1546930810240549 0
505 0.5815699531593321 0.1504193603825209 0
506 0.5905361501108267 0.1434919453842676 0
507 0.5800722840153315 0.1392225942550938 0
508 0.5890121220432103 0.1322832412792101 0
509 0.5785275649662652 0.1280036407961584 0
510 0.3426251649364117 0.137042170125364 0
511 0.3409635899076133 0.1258930922040116 0
512 0.5994924213042114 0.1365602491805742 0
513 0.5979622062787889 0.1253349685688965 0
514 0.6049738013392792 0.1811701211949575 0
515 0.3318719146268513 0.1326658817633795 0
516 0.3303154651833538 0.1216614723770976 0
517 0.5892652654796424 0.2793705478501332 0
518 0.3553550071490866 0.151875708942201 0
519 0.359829382454159 0.123621154259832 0
520 0.5644810971383201 0.3107002126576764 0
521 0.5496587493314464 0.2736142997660292 0
522 0.6084599656456831 0.1296208338917921 0
523 0.6069236554940596 0.1183814068317447 0
524 0.3216664211710161 0.1283637308642676 0
525 0.3198579514238147 0.1171695170891401 0
526 0.5695791456775927 0.1349473922146923 0
527 0.5680344261263701 0.1237241831801748 0
528 0.3108613809987001 0.1240971891076091 0
529 0.3092359762777854 0.1128421960382879 0
530 0.6174317867959165 0.1226726402742652 0
531 0.6158942485242297 0.1114207781460955 0
532 0.328395183299389 0.1104943659882125 0
533 0.5590778872285643 0.130679012713103 0
534 0.5575341796621702 0.1194436836333024 0
535 0.3235875003643007 0.1389202215823855 0
536 0.5485778448335078 0.1264025379052217 0
537 0.5470290140813472 0.1151612827125466 0
538 0.5559942325839271 0.1081971329296739 0
539 0.5454771955959057 0.1039087578761363 0
540 0.5365039468381362 0.1108796017759492 0
541 0.6028157994575254 0.3768906891609187 0
542 0.5349355016474784 0.09965284683069231 0
543 0.5259674020022489 0.106598170504783 0
544 0.3000970023918226 0.1197020043254923 0
545 0.2986234898808427 0.1084961459650758 0
546 0.6255902161688901 0.3355387398479437 0
547 0.5243983917578726 0.09536482548787184 0
548 0.5154236903812583 0.1023143741828219 0
549 0.6299408730298077 0.3679278603824244 0
550 0.6240919917596496 0.3246468699267349 0
551 0.6260008936578334 0.115414115348516 0
552 0.6245482236576022 0.1043848717332195 0
553 0.6273353952072115 0.1263392023150277 0
554 0.6142922436392466 0.1001455866519306 0
555 0.2895805187157618 0.1155127485193183 0
556 0.288037097931693 0.1042010208457553 0
557 0.6342007141748019 0.3987407218645587 0
558 0.5992931060371245 0.2105495237513939 0
559 0.5544531128720276 0.0969367219625476 0
560 0.2970789475177776 0.09717691695967551 0
561 0.2863932082264817 0.09306681546448464 0
562 0.2774202643409281 0.09991915325901046 0
563 0.5138523590051773 0.09107801897295398 0
564 0.5048743844933069 0.09802560808318728 0
565 0.6343386400895701 0.3288985700324181 0
566 0.6327998422591828 0.3178930324364421 0
567 0.275824364796329 0.08866055086013985 0
568 0.2668169254257419 0.09559209044659911 0
569 0.6232701834174881 0.09316861167404117 0
570 0.6336035136410775 0.09731829385604301 0
571 0.6127743252477743 0.088878520220945 0
572 0.2910976048438429 0.1267976030833604 0
573 0.5033140694741995 0.08675633790501169 0
574 0.4943207086288198 0.09372826071637796 0
575 0.4927468415288906 0.08247822901761492 0
576 0.4837568894738747 0.08943471913301193 0
577 0.2651694479141252 0.08445500563109182 0
578 0.2565180932773015 0.09114552592372072 0
579 0.6430944005895176 0.3221709377246082 0
580 0.6415462514996072 0.3111135079637775 0
581 0.5226903965537063 0.08414751146603294 0
582 0.4958839123018113 0.1050053678262793 0
583 0.6322806836354173 0.08617863381313717 0
584 0.6428819554850677 0.09034377025122492 0
585 0.2950324147852937 0.08622467800042072 0
586 0.2546038409974719 0.08013119589149964 0
587 0.2456956170250539 0.08682510581356762 0
588 0.4821779976642309 0.0781872015852465 0
589 0.4731876551181926 0.08513775885904729 0
590 0.2585503219993722 0.1018325511674466 0
591 0.2440014220482255 0.07569148246498714 0
592 0.2348846461336723 0.08245388873559645 0
593 0.6413329399249197 0.07918913722006887 0
594 0.6518083459557883 0.3153257161695064 0
595 0.6503010420118454 0.304304704697884 0
596 0.6534218473093552 0.326604747343465 0
597 0.4716125563511789 0.07388199060244111 0
598 0.4626151951332378 0.08083562376091763 0
599 0.65189273442764 0.08349420079750097 0
600 0.6529461582216496 0.09459741980066388 0
601 0.5246342467245099 0.2317214224774078 0
602 0.550122541409547 0.1376360072182862 0
603 0.4641840014195171 0.09212563509624694 0
604 0.4536062567752566 0.08783115222169935 0
605 0.4520433801959179 0.07651974175030957 0
606 0.4430244939045105 0.08353115588293658 0
607 0.4414608759597186 0.07221282856002686 0
608 0.4324419353568897 0.07922714290196625 0
609 0.233318482898088 0.07146230391714337 0
610 0.4909958003872959 0.07126405006410763 0
611 0.2243628936888755 0.07828533026093715 0
612 0.2628315109842879 0.07350463492805048 0
613 0.6503483629524439 0.07221770369766883 0
614 0.4340060499007102 0.09054504052373369 0
615 0.4234236057886311 0.08624280681241708 0
616 0.421855798192501 0.07492310253142909 0
617 0.4128342242674871 0.08194113226517863 0
618 0.4112646464272131 0.07061730221683299 0
619 0.4022407942949273 0.07763869535531864 0
620 0.6398002513407379 0.06792642239767455 0
621 0.4006708096211899 0.06630906834923467 0
622 0.3916403703750241 0.07333398044392592 0
623 0.2227970211229285 0.06696248557943224 0
624 0.6400635842735327 0.3001475693097334 0
625 0.6488064360638284 0.2932780683960726 0
626 0.6591207219128374 0.2974950984689003 0
627 0.657619914591999 0.2864381354336281 0
628 0.6472774336209666 0.282213832573546 0
629 0.6561110824158771 0.2753578384124525 0
630 0.6457412297891475 0.2711285506361648 0
631 0.6545784714622638 0.264263089272603 0
632 0.6442044496201125 0.2600249717187224 0
633 0.6530567673006284 0.2531480840140199 0
634 0.3900713591234277 0.06199945614885849 0
635 0.3810379024703412 0.06902729004048797 0
636 0.2137605614856589 0.07396362438601456 0
637 0.6609129038872914 0.07653201023920669 0
638 0.2121998246374147 0.06260914744927853 0
639 0.6426764568056522 0.2489103947850914 0
640 0.6515557728162779 0.2420168410014014 0
641 0.6619285605479759 0.246239882857302 0
642 0.6604481069746193 0.2351080342424268 0
643 0.6500140210119038 0.230855379444848 0
644 0.6589180681297269 0.2239360065926557 0
645 0.6484736491604205 0.2196760590808292 0
646 0.6573855007558046 0.2127498651063602 0
647 0.5741027563433214 0.1685820927336115 0
648 0.2264477145676352 0.0891548914619722 0
649 0.6679669092218936 0.2906589517702694 0
650 0.2033053659322371 0.06925444654493373 0
651 0.65936803629465 0.06522623995605148 0
652 0.2016139752075743 0.0582154333274989 0
653 0.6693811192406631 0.2282202261968467 0
654 0.6338133789455404 0.2557926082660263 0
655 0.3794682110951038 0.05768843187135897 0
656 0.3704344471997544 0.06471811195282456 0
657 0.4249919724508324 0.09755886810866671 0
658 0.3932217406234447 0.08466223127874706 0
659 0.6699413748909899 0.06954572918873936 0
660 0.646925944774486 0.2084916738235534 0
661 0.6558478001764225 0.2015535914693298 0
662 0.2311976078102052 0.0601211342412889 0
663 0.1926010635068948 0.06470031979975044 0
664 0.6683939367472915 0.0582275391135037 0
665 0.4096980053732673 0.05928845893768875 0
666 0.4355773451511488 0.1018465834565708 0
667 0.2053029601885142 0.07992496906071178 0
668 0.517008556331122 0.1135765385980477 0
669 0.6714810091723866 0.08086125186854187 0
670 0.4081326690097698 0.1739974703236037 0
671 0.4504832647680646 0.06520007639472136 0
672 0.4307002704657497 0.1937287368001633 0
673 0.472191994562203 0.2107754033701041 0
674 0.4569869077368881 0.1730974027219453 0
675 0.5879789410869563 0.3406757766003347 0
676 0.6025324188865236 0.1589644729052178 0
677 0.4988306748462805 0.1902583200032614 0
678 0.5769853899709966 0.1167822822385353 0
679 0.5815978525975862 0.2242449903822314 0
680 0.666322102042916 0.2058212099564804 0
681 0.6647839927858843 0.1946077050020428 0
682 0.6542957211012403 0.1903409604928804 0
683 0.6632396741052332 0.1833849724129377 0
684 0.6527442557749454 0.1791139505088569 0
685 0.6616917637089577 0.1721498686668383 0
686 0.6722002658427988 0.1764283007752608 0
687 0.6706506240566571 0.165180983793714 0
688 0.5778276675591651 0.3365560195307136 0
689 0.5793199994018744 0.3474202035377215 0
690 0.5691645163893566 0.3432907084919912 0
691 0.5706675126154166 0.3541505580164654 0
692 0.5605030121823162 0.3500255575862798 0
693 0.5620097516866189 0.3608824402603659 0
694 0.5518519689831527 0.3567641486909436 0
695 0.5533421738129911 0.3676519712696732 0
696 0.5431894614264039 0.363544064195267 0
697 0.5416952196845539 0.3526564946524365 0
698 0.5330544088311994 0.359388895292888 0
699 0.5315454948967148 0.3485331903456084 0
700 0.5229052461297703 0.355266607565383 0
701 0.5213936539392617 0.3444102474844305 0
702 0.5127472628239943 0.3511505521967196 0
703 0.5112345765824688 0.3402800016602193 0
704 0.5025452914534017 0.3470742010286693 0
705 0.5010452263866673 0.3361463906041251 0
706 0.4923146538136484 0.3429751188662958 0
707 0.4908350201031082 0.3319779311395138 0
708 0.4820736824894603 0.3388060712924035 0
709 0.4805719389193266 0.3277801261144115 0
710 0.4717934066607263 0.334623599151896 0
711 0.470249119316238 0.3235910792196135 0
712 0.4790606475163328 0.3167381193528302 0
713 0.468708707611743 0.3125351849530926 0
714 0.459891650455279 0.3194029484417523 0
715 0.4583415318523381 0.3083129965023865 0
716 0.4494947905442306 0.3151959316310528 0
717 0.4479478936650789 0.3040782410865576 0
718 0.4775302177476968 0.3056872995990865 0
719 0.4733209728461639 0.3456351796284969 0
720 0.4390756425275053 0.3109862471728925 0
721 0.4375221755944203 0.2998361475585224 0
722 0.4464096686142706 0.2929261152200957 0
723 0.4359734505395764 0.2886670165993103 0
724 0.4270695678301768 0.2955896235910376 0
725 0.425514323918683 0.2844050510654759 0
726 0.4165870036940829 0.2913404141124412 0
727 0.4150323725089778 0.2801299534936964 0
728 0.5040258813247778 0.3580389504634242 0
729 0.4344431870331225 0.2774753933652723 0
730 0.4406274028636162 0.3221240507548065 0
731 0.5097422668853484 0.3293855289107146 0
732 0.4061065791823246 0.2870812846371684 0
733 0.4045311528041691 0.2758568632332118 0
734 0.5345240608294051 0.3703835684507755 0
735 0.39562502312825 0.2827630282565667 0
736 0.3940458775796377 0.2715493983457296 0
737 0.4029899199342198 0.2645937142612168 0
738 0.3924633750396043 0.2603028466824138 0
739 0.3835041330413162 0.2671371446399498 0
740 0.3819365477839833 0.2559637528302054 0
741 0.3909160018818625 0.2490228726867252 0
742 0.380373043052427 0.2447217791008252 0
743 0.3713716506262861 0.2517230702033804 0
744 0.3698166773138877 0.2404326817780809 0
745 0.3788214331076954 0.2334416554727254 0
746 0.3682653978257283 0.2291417420590954 0
747 0.3592552949093127 0.2361331566803708 0
748 0.3577065312814591 0.2248286815236746 0
749 0.3486887121470089 0.2318275214918222 0
750 0.3471380594777194 0.2205134974904162 0
751 0.4076984083929563 0.2982480547039492 0
752 0.3381155527820363 0.2275228973776854 0
753 0.3365593005069618 0.2162024849360643 0
754 0.3455877285143921 0.2091965169081772 0
755 0.3350071556707357 0.2048834635759035 0
756 0.3259764974300539 0.2118877989268576 0
757 0.3244241606413252 0.2005605928733613 0
758 0.3772716314029912 0.2221542604554075 0
759 0.3153898896680709 0.2075701756741155 0
760 0.3138375189120154 0.1962407678884455 0
761 0.5634822974958893 0.371730236696385 0
762 0.3228734314595311 0.1892308959825279 0
763 0.3122863984040652 0.1849102790976299 0
764 0.3032472876769063 0.1919182848430639 0
765 0.3016947199324086 0.1805857343135758 0
766 0.5548682867633825 0.3784765848848764 0
767 0.5649127382316512 0.3825335010651954 0
768 0.3878230433049341 0.2264564753856435 0
769 0.3502433302342644 0.2431371055084668 0
770 0.6649249415025708 0.2684532717174996 0
771 0.5596003938311911 0.2046790042010146 0
772 0.6694605683237154 0.3017564606549206 0
773 0.5877548591091823 0.2683620924595765 0
774 0.5300318647196076 0.3376907962416735 0
775 0.6052768913009192 0.3980859112435038 0
776 0.6369108241411648 0.2779405321495546 0
777 0.3720045921650541 0.07605649033838807 0
778 0.3614009585461036 0.07174817433143765 0
779 0.3598283295933639 0.06040912342123533 0
780 0.3507929157219753 0.06744130291002082 0
781 0.3492189587220346 0.05609905072644683 0
782 0.3401814263737677 0.06313229832360379 0
783 0.4133830142795804 0.1446483056751434 0
784 0.2926529101243927 0.187595551497361 0
785 0.2911001378396181 0.1762589022952304 0
786 0.1909881204356534 0.05384086908450075 0
787 0.5563876627299933 0.389183566744954 0
788 0.6322825972268269 0.2446802083793449 0
789 0.6578213203966332 0.05391854419332509 0
790 0.6511861692921693 0.1678809434103706 0
791 0.6752738808659531 0.1988828978589318 0
792 0.3440360633800335 0.197879043084312 0
793 0.3169438997422645 0.2188992205055636 0
794 0.3386076431724215 0.05178725990280303 0
795 0.3296513566001369 0.05861634401306037 0
796 0.3862757452317142 0.2151729496554082 0
797 0.3968263472627315 0.2195964578991206 0
798 0.6789742093016841 0.06254927516057263 0
799 0.678335106721896 0.2948987686791822 0
800 0.6798381445765352 0.3060181640046736 0
801 0.2100785335485422 0.05120585064125038 0
802 0.6774258686435808 0.05122378116787396 0
803 0.6811733803997526 0.1694648103265357 0
804 0.6796202006304907 0.1582062514264847 0
805 0.6690920688441708 0.1539220830702837 0
806 0.6780655355306838 0.1469408396893581 0
807 0.6675279756419329 0.1426569982210047 0
808 0.6765088874896099 0.135669795898638 0
809 0.5663594849099033 0.393256550880467 0
810 0.1818131485028198 0.06071006405920176 0
811 0.1804447366477229 0.04969645064825512 0
812 0.3885042218614283 0.05065966124948496 0
813 0.3778967918660696 0.04634622506460373 0
814 0.3280072976689216 0.04744046007347291 0
815 0.3190189983052343 0.0542242537722154 0
816 0.6234282504372353 0.251564738587801 0
817 0.3629742721271959 0.08308479178903944 0
818 0.331467944759244 0.06989487707818609 0
819 0.2820563833775852 0.1832719479172113 0
820 0.2805037410318371 0.1719312245972106 0
821 0.3063526941030983 0.2145810943010219 0
822 0.6659658693919558 0.131385889437617 0
823 0.674950299245126 0.1243941156146687 0
824 0.6380181816347952 0.215418497586803 0
825 0.6364674620593977 0.2042378544039992 0
826 0.321323690478971 0.1779026040697402 0
827 0.2895491018165424 0.1649182367485689 0
828 0.2789519163307227 0.1605889805874605 0
829 0.2699043755004265 0.167604083272555 0
830 0.2683528181331001 0.1562598847768673 0
831 0.6361104620892002 0.4198146422625378 0
832 0.4265597009124568 0.1088658137365607 0
833 0.437207002976184 0.1131200941342329 0
834 0.1894106889400344 0.0425954840332346 0
835 0.6218923104794157 0.2404549068273839 0
836 0.6422434837340578 0.1748427521586088 0
837 0.6406828318687284 0.1636167279785116 0
838 0.5578800851025147 0.3998544054816328 0
839 0.5478617641024066 0.3958286098684228 0
840 0.6880088171741714 0.05554770090607675 0
841 0.1712996517829765 0.05662531448749752 0
842 0.1694715193430862 0.04549478122057204 0
843 0.41598235284538 0.1045717013814963 0
844 0.5396241323436011 0.1333619745060698 0
845 0.541173762226917 0.1445881596419683 0
846 0.5306775769789999 0.140317536985624 0
847 0.5322260133753973 0.151538612122205 0
848 0.5217335818108035 0.1472696554216926 0
849 0.5232839028807569 0.1584865792051355 0
850 0.5337655467192726 0.1627518484668724 0
851 0.5127915335171083 0.1542206040812921 0
852 0.3546129461633459 0.2021924145672308 0
853 0.353060745102154 0.1908819532267161 0
854 0.3636311148367627 0.1951938849455821 0
855 0.2809465491462904 0.1219501884031459 0
856 0.439894699296997 0.0608897060773973 0
857 0.4489257489170009 0.05387143353946261 0
858 0.4383267778895512 0.04955938408344396 0
859 0.5466024668717958 0.2515686361649345 0
860 0.4878787727313664 0.309888340096851 0
861 0.4863493469334073 0.2988410865815226 0
862 0.4966838907443506 0.3030468417375202 0
863 0.4951673780092314 0.2919928693240922 0
864 0.4848227473384056 0.2877762893871156 0
865 0.4936569886739506 0.280920173357806 0
866 0.4832955986329245 0.2766938368680485 0
867 0.5054417199221106 0.2963284998462349 0
868 0.4921503445139075 0.2698264385931735 0
869 0.4817680916026176 0.2655915813167213 0
870 0.5023602332573952 0.2740569959863363 0
871 0.4906377599269994 0.2587132194193995 0
872 0.4802379889030416 0.2544721095300543 0
873 0.4713624007124909 0.2613598630322592 0
874 0.4698256840950036 0.2502179459533636 0
875 0.463032129719798 0.3414673714077019 0
876 0.4645797433578962 0.3524745515945141 0
877 0.4542944910779284 0.3483164504683997 0
878 0.4558539870143317 0.3592956844592269 0
879 0.4661024785857645 0.3634211937191261 0
880 0.4455574936127313 0.3551452505778394 0
881 0.4574153855626388 0.3702324641565559 0
882 0.4676400159180435 0.3743413210515514 0
883 0.4589658180629776 0.3811331033290455 0
884 0.4691846587520574 0.3852348997641847 0
885 0.4486935852855091 0.3772323201391515 0
886 0.460508912965646 0.392025975198014 0
887 0.4707020573203112 0.396133530025512 0
888 0.4794060925446768 0.3893441401734488 0
889 0.5511794523803005 0.2846236399873258 0
890 0.5408817918957748 0.2804445026064007 0
891 0.5423945287086785 0.2914600459858449 0
892 0.6037975326510807 0.09586132102049927 0
893 0.6022467811452198 0.08458026257131285 0
894 0.5932518161203638 0.09156277792821066 0
895 0.591704283930004 0.08028251452672974 0
896 0.6007034835231214 0.07329405832825886 0
897 0.5901416087940405 0.06898727901540219 0
898 0.5991599196054692 0.06199223450372449 0
899 0.5887436651147433 0.05788294220513146 0
900 0.5795970786864034 0.0647173886334742 0
901 0.5782216770477884 0.05169083161321603 0
902 0.5690316219964854 0.06011184354318716 0
903 0.5674393641423193 0.04906878738573511 0
904 0.5584180240943926 0.05603678437475956 0
905 0.5977878892905459 0.05091250967837502 0
906 0.5568569391453204 0.04474973673852262 0
907 0.5478316449503791 0.05176918073552006 0
908 0.5462700211271186 0.04044207800451771 0
909 0.5372371903346118 0.04745964542803771 0
910 0.4301842150148877 0.317908183260076 0
911 0.4317398092314999 0.3290784001080275 0
912 0.4212832304807871 0.324843234392762 0
913 0.4228427821638355 0.3360280501213301 0
914 0.4123709142880301 0.3317850929719797 0
915 0.4139349056648464 0.3429906311737869 0
916 0.4034407989329822 0.3387400925965796 0
917 0.5112361309963538 0.143003899607785 0
918 0.5022874952603584 0.1499546664221151 0
919 0.5007336088066547 0.1387264869706987 0
920 0.4917771696580547 0.1456838139798028 0
921 0.6082159027330654 0.05503302371785718 0
922 0.6066682111604967 0.04371861977180747 0
923 0.617229283350595 0.04800545929615857 0
924 0.6357920353453601 0.3397553192738613 0
925 0.5979400842868567 0.2725771892450349 0
926 0.5995322963652872 0.2835814659019433 0
927 0.5589687467765427 0.3391941546662838 0
928 0.4902192577362849 0.1344533382284041 0
929 0.4812597526716553 0.1414139165470084 0
930 0.4797010143189332 0.130169414369699 0
931 0.4707329244019481 0.137136435024751 0
932 0.4691677742560986 0.1258910135033686 0
933 0.6225808047115613 0.3137442215685903 0
934 0.6130641813774524 0.2472842674863213 0
935 0.4018777260515266 0.3275144924759675 0
936 0.4609274531917561 0.2571233448989041 0
937 0.4593930261307302 0.2459559914019147 0
938 0.6895551558179757 0.066874931674406 0
939 0.5493771010233803 0.06308941822681158 0
940 0.1727719036125757 0.06788451844969517 0
941 0.3952759099501556 0.2082156814832158 0
942 0.3476482229049983 0.04475149758430186 0
943 0.450477643779553 0.2528752322875634 0
944 0.4489410046324654 0.2416868874470471 0
945 0.4400118078855644 0.2486190143470299 0
946 0.4384711443120986 0.2374080886209452 0
947 0.4295886693591903 0.2443433955766359 0
948 0.4279888075049067 0.2331308069873535 0
949 0.6855019871532286 0.1286823705951949 0
950 0.6839409896301504 0.1173910372549066 0
951 0.3173904009294541 0.0431080681971433 0
952 0.3083139170164955 0.05010283505326935 0
953 0.2593031895864886 0.1632760988753373 0
954 0.2577512633520845 0.1519292241742214 0
955 0.4602411601977205 0.1327402984113132 0
956 0.2836097329848746 0.1946089415213015 0
957 0.6864611639550959 0.04421760233726207 0
958 0.4809194821510336 0.4002634136913709 0
959 0.4896349378775209 0.3934713387929126 0
960 0.3060445877422809 0.09022334154434963 0
961 0.5946995245109996 0.03894080082982954 0
962 0.3066267742846863 0.03914430772239008 0
963 0.2976882611923835 0.04592175339193616 0
964 0.6569939835847783 0.1383853098796201 0
965 0.6554249741456417 0.1271061808656335 0
966 0.4473616367224139 0.04253642039398486 0
967 0.4579618018435577 0.04685220471313345 0
968 0.436759268993732 0.03822162889186609 0
969 0.3079085212271253 0.2259146797162023 0
970 0.1606404577785178 0.05236102726865532 0
971 0.1586848418034855 0.04106722849756816 0
972 0.6887267282983471 0.2991626044164399 0
973 0.6872204423452003 0.2880152672385364 0
974 0.6902239914048416 0.3103045696938408 0
975 0.6813241460943695 0.3171472437246643 0
976 0.6915870861688918 0.3214609706529515 0
977 0.6828051835786165 0.3283174002278529 0
978 0.6930497633118574 0.3326042416959896 0
979 0.6843042853888759 0.3394433502121105 0
980 0.6886014428752892 0.1512321457906216 0
981 0.4057536308178965 0.2127762631950398 0
982 0.3620814317398295 0.1838866852369276 0
983 0.5678312246948183 0.4038653141606705 0
984 0.2488490857109952 0.1585817759015433 0
985 0.2471727803394158 0.1475383348201512 0
986 0.2562041833654057 0.1405711190372287 0
987 0.2456011403710604 0.136238784344153 0
988 0.2365482201354999 0.1432566264837064 0
989 0.2349933362968631 0.1319149420118284 0
990 0.5762210927755388 0.3973392266370854 0
991 0.6758725029212376 0.03989158654237823 0
992 0.3726459724833669 0.1882010155796826 0
993 0.5356767454384724 0.03612707508855928 0
994 0.5266453688015262 0.04314743288710865 0
995 0.3515137272214934 0.1795717529481875 0
996 0.5735272608072005 0.3758799767623336 0
997 0.4911694617445366 0.404401947762409 0
998 0.4998655405325911 0.3976004934318531 0
999 0.4763614786069836 0.3675498936155983 0
1000 0.4983229689624518 0.3866867049144959 0
1001 0.5085404590286187 0.3908158590492051 0
1002 0.51008025071472 0.4017132192619672 0
1003 0.5187390760091766 0.3949187017413155 0
1004 0.6946553306781764 0.3437026464185867 0
1005 0.6857947768661499 0.3505226256147237 0
1006 0.6754907279124818 0.3462949829129474 0
1007 0.6769908773075843 0.3573392531982498 0
1008 0.6872434501479489 0.3615378740853701 0
1009 0.6784718730298979 0.3683242248857126 0
1010 0.6886691126088497 0.372512253991734 0
1011 0.6799000248848113 0.3792103666070291 0
1012 0.6697795288869294 0.3750514869993335 0
1013 0.6712544789092026 0.3858587891528739 0
1014 0.6812867153453995 0.3900142262623894 0
1015 0.6726763896804654 0.3966308913536442 0
1016 0.6826688802826144 0.400759007888262 0
1017 0.6740927974240998 0.4072405263933063 0
1018 0.6667801987031364 0.3531762657508359 0
1019 0.6612643392120116 0.3817277759176768 0
1020 0.6642855074512414 0.4031591302533684 0
1021 0.6912828566332438 0.3942289615101511 0
1022 0.6656402307175178 0.4136227051942848 0
1023 0.5516340718244532 0.1488827591547341 0
1024 0.5282060000071411 0.05447638363238771 0
1025 0.5176174730996079 0.05016773423261256 0
1026 0.5160505950382295 0.03883790237339574 0
1027 0.5070211050415505 0.04586026452828201 0
1028 0.5054516232855941 0.03452559960904816 0
1029 0.4964880910020968 0.04154063199764335 0
1030 0.4744793579702756 0.2835588758168439 0
1031 0.5705876261160421 0.07168383336344325 0
1032 0.6839904732742295 0.4113948543331243 0
1033 0.5248310072284402 0.1696928594353393 0
1034 0.5353001412403574 0.1739517553844909 0
1035 0.5038448701058126 0.1611794402151426 0
1036 0.3868238957746183 0.03959235566841107 0
1037 0.3761929144516519 0.03532400265928137 0
1038 0.4828254850819981 0.1526598322503751 0
1039 0.419200129174622 0.2400110562726234 0
1040 0.4619291459678982 0.1439688699447124 0
1041 0.3929215392937409 0.3344839145544526 0
1042 0.3913573528392814 0.3232256732409077 0
1043 0.698591568482227 0.05987374200470397 0
1044 0.6941451030973813 0.1217372920876809 0
1045 0.6925238725373573 0.1104457842355315 0
1046 0.2973124428613907 0.2215948923504532 0
1047 0.6079753713039031 0.2766809280770657 0
1048 0.6096766188527823 0.2877855205681893 0
1049 0.4175497355887304 0.1158769357283906 0
1050 0.4069749588956336 0.1115832180672851 0
1051 0.5202786867601348 0.4057860058256197 0
1052 0.5656150931605821 0.03766821308609991 0
1053 0.2609843458756936 0.1743059853808845 0
1054 0.4891149429478447 0.2475894468408967 0
1055 0.4995153893431572 0.2518355294355734 0
1056 0.5493725901287106 0.4065190346532798 0
1057 0.2992513313985111 0.05719351222922853 0
1058 0.2886580275233458 0.05292740292564369 0
1059 0.2870899287802813 0.04157881325745694 0
1060 0.2780450495582762 0.04861819250212629 0
1061 0.2767334423806913 0.03760133378986802 0
1062 0.2674682733513626 0.04436236966378365 0
1063 0.6115105346612369 0.2362231102986771 0
1064 0.6026693699086434 0.2430802760220274 0
1065 0.4683081167402592 0.2390486885232878 0
1066 0.5322261853776939 0.2872607961014271 0
1067 0.5337079584286005 0.2982792232172363 0
1068 0.530591141716714 0.2762514453438296 0
1069 0.4563988993835576 0.03551172193994528 0
1070 0.4669613531906341 0.03977499401926871 0
1071 0.6317408008558296 0.1705734983166852 0
1072 0.6301850384307449 0.1593507771705251 0
1073 0.4474142029969483 0.2304762607742967 0
1074 0.6275687570253686 0.2111626999635704 0
1075 0.626015200978741 0.1999873490873253 0
1076 0.6823031603673971 0.1061013970471083 0
1077 0.6919989276595855 0.09949482534526199 0
1078 0.4042579897343842 0.201266348494427 0
1079 0.4620356322295404 0.4028793435655148 0
1080 0.4519293605822129 0.3987908573005158 0
1081 0.6976383453141686 0.2922888158285503 0
1082 0.6961259203669561 0.2811214972119895 0
1083 0.6156726599935238 0.03667201508808748 0
1084 0.6262605301992047 0.04098713686242006 0
1085 0.3262211149782774 0.03661208726616222 0
1086 0.2878544386041034 0.1539284052053378 0
1087 0.2985700296026497 0.1579670329936528 0
1088 0.2546489470054052 0.1292330981768778 0
1089 0.4654330989746625 0.02847520431434136 0
1090 0.6090523446955425 0.4183361459977846 0
1091 0.4050140754091844 0.349959344768163 0
1092 0.4155101005156188 0.3542046254878012 0
1093 0.225938743493402 0.138934917766389 0
1094 0.2243865239414465 0.1275854769725971 0
1095 0.2334412719353573 0.1205675772261359 0
1096 0.222834801089775 0.1162345944196633 0
1097 0.2137793121976701 0.1232540539773725 0
1098 0.2122277830493187 0.1119016848221428 0
1099 0.1499884778285462 0.04802925869806784 0
1100 0.148258176519254 0.037066562597665 0
1101 0.1575602561306277 0.02961992530386653 0
1102 0.6559622613333674 0.4096483765095748 0
1103 0.6573869024681083 0.4199594260034141 0
1104 0.697324117609521 0.3658130497824251 0
1105 0.2666755104809533 0.03146734714878707 0
1106 0.2569461564883574 0.03975567070369956 0
1107 0.4586358722919103 0.1215864239809278 0
1108 0.5808137698265962 0.3582963201792778 0
1109 0.706565448040775 0.2854012533087754 0
1110 0.6545376802860012 0.399247341075983 0
1111 0.6597114168793187 0.3709292722050288 0
1112 0.65151473882453 0.3776237201028525 0
1113 0.6497035729248185 0.366801791915855 0
1114 0.5171986122036343 0.3840449521177694 0
1115 0.7005294129299704 0.3149690694633161 0
1116 0.5069422166550414 0.307200989471929 0
1117 0.5191846258304333 0.0614915871888207 0
1118 0.5439307355088023 0.3024626482626462 0
1119 0.5353079582675179 0.3092536271282116 0
1120 0.5454687962641432 0.3134264546423757 0
1121 0.5442286528663998 0.1670225508280019 0
1122 0.5457607118260948 0.1782088093788018 0
1123 0.3735783050696376 0.08738818673420057 0
1124 0.3645465443448374 0.09441710792337166 0
1125 0.3751616173505609 0.09871111825779982 0
1126 0.3539463162900889 0.09011281469006793 0
1127 0.3937335735560645 0.1969066175316868 0
1128 0.4675352389551866 0.1146727606059071 0
1129 0.4684463649853503 0.05111338201491084 0
1130 0.5827065811003999 0.0872672829257497 0
1131 0.3185011427326135 0.2302331483467329 0
1132 0.3094638110846976 0.2372499359072415 0
1133 0.3200595220561064 0.2415706151915783 0
1134 0.2730097056653652 0.1902875297932863 0
1135 0.2745621023436157 0.2016271881181222 0
1136 0.3975139192861155 0.04368439537873037 0
1137 0.6991975576901106 0.3771241983779081 0
1138 0.6391232815828548 0.1523890677303905 0
1139 0.455226938105539 0.09912157155779971 0
1140 0.6095040202340932 0.1408658575681775 0
1141 0.69600361596646 0.1329886361146596 0
1142 0.4496555844495352 0.1285617450820931 0
1143 0.4277278258059127 0.04524819512297462 0
1144 0.426153070291898 0.03390785887045233 0
1145 0.4066040401894085 0.3611796852280886 0
1146 0.4171000023071689 0.3653881523751009 0
1147 0.6827145967078608 0.1807130774539701 0
1148 0.6917024370740861 0.1737533791149945 0
1149 0.6932372341459667 0.1850056344726274 0
1150 0.5744518445070959 0.2421264070696917 0
1151 0.4625205426943447 0.2682316214143128 0
1152 0.5964126444199558 0.1141044579384529 0
1153 0.6768131578493425 0.2101105482427434 0
1154 0.5404568292878038 0.2072888212187828 0
1155 0.5274400010506206 0.3880813689444389 0
1156 0.6857771833012751 0.2031649403883522 0
1157 0.6873228198993032 0.2144055828201036 0
1158 0.6958333088788903 0.2077355014330419 0
1159 0.6976188573507111 0.2191036547091177 0
1160 0.6888252115953488 0.2257251691824638 0
1161 0.6992903918583995 0.2300470707587339 0
1162 0.6902305334443455 0.2368461127321496 0
1163 0.5775823218134526 0.4081154855217763 0
1164 0.6187641340240309 0.05931702773776304 0
1165 0.394881057430418 0.03097683076549618 0
1166 0.5649401258816688 0.1012439797679924 0
1167 0.4991426506528108 0.127513743295814 0
1168 0.6857089295635961 0.2768688775674851 0
1169 0.6946037544947028 0.2699489529304908 0
1170 0.6841794874036142 0.2656941224029904 0
1171 0.3554885204996978 0.1014052796281785 0
1172 0.3983765104269315 0.231017217317216 0
1173 0.3045667092299571 0.07881628764998 0
1174 0.2902248288407697 0.06425763828779407 0
1175 0.2583740609763044 0.05127383186555173 0
1176 0.4979204486796985 0.2408918046221108 0
1177 0.6849146560025517 0.03287982492625652 0
1178 0.6955092087253265 0.03720915218961046 0
1179 0.4312082481856273 0.2554794903825084 0
1180 0.5298132909302125 0.06579183252695309 0
1181 0.4759972058916081 0.0327924785484538 0
1182 0.6928570790065512 0.258846361884882 0
1183 0.6825894258685932 0.2546329204603276 0
1184 0.5370074634699163 0.1851704395783753 0
1185 0.6249819627882839 0.262617998662058 0
1186 0.7000227465738456 0.07121624091745293 0
1187 0.7020759911555894 0.1780639130588522 0
1188 0.7006642825776278 0.166773324365053 0
1189 0.4535936586224311 0.4095566043419486 0
1190 0.4448389576168055 0.1577194107013429 0
1191 0.4948886124954706 0.03020625928981813 0
1192 0.4350390856215698 0.02725882993480139 0
1193 0.5220180165954822 0.2830924270373887 0
1194 0.3108780304961328 0.2484047492936323 0
1195 0.3217990344536524 0.2524585593818566 0
1196 0.360396812815028 0.1729150945566102 0
1197 0.2552248353195851 0.02863590152564366 0
1198 0.2462004890486418 0.03564054650607235 0
1199 0.7021116785850757 0.2421823999611752 0
1200 0.6011242826348387 0.2320106646285014 0
1201 0.2962961286365685 0.1473384223369405 0
1202 0.2825504620594419 0.1325832770519193 0
1203 0.5693179328717844 0.41437050912322 0
1204 0.2317416140485107 0.109579417600802 0
1205 0.5860126970962898 0.4014118389313593 0
1206 0.5848342133946857 0.3907233494950154 0
1207 0.4089906661208147 0.1229376649782118 0
1208 0.3982471027192424 0.1185928292281984 0
1209 0.3964445617907675 0.1072884900700474 0
1210 0.3874070892161151 0.1142795910662878 0
1211 0.5082656229837698 0.2451217182702928 0
1212 0.5099077747767775 0.2560853640880148 0
1213 0.5182314263756671 0.2493650379331807 0
1214 0.3449931049128173 0.09693951884183749 0
1215 0.3805508038133799 0.3297749439311707 0
1216 0.3808114378716573 0.3189377784447278 0
1217 0.38423546411692 0.3417761856730668 0
1218 0.3897886662363737 0.3119768020634399 0
1219 0.3792539487753015 0.3076560119485118 0
1220 0.370716441425558 0.3139229990404115 0
1221 0.3691774241697857 0.3031752803126076 0
1222 0.3777660016742452 0.2963640053332921 0
1223 0.3672301299701581 0.2920175207684378 0
1224 0.3576108362514385 0.300554776056965 0
1225 0.356497479377034 0.2879789789276674 0
1226 0.3475463380535042 0.2947413743388898 0
1227 0.3459783054913711 0.2834621423384798 0
1228 0.355001435402676 0.2764623836965103 0
1229 0.344435991759491 0.2721063706702636 0
1230 0.3534655767744275 0.2651272236481643 0
1231 0.342923758523395 0.260902918787366 0
1232 0.3339571574508793 0.2681744933476921 0
1233 0.3149066002499492 0.08345019852597052 0
1234 0.6670163248423124 0.4237452031879262 0
1235 0.1394947411259527 0.04356336258023835 0
1236 0.1376933163097154 0.03277209622268473 0
1237 0.6910982041149023 0.078201888742296 0
1238 0.7027623836551504 0.08315892678094322 0
1239 0.7033024932944899 0.3369695963470885 0
1240 0.4196074773492906 0.1272046455262983 0
1241 0.6215224460962535 0.1667507708913303 0
1242 0.6099729801380125 0.2251248938220254 0
1243 0.628623095554499 0.1481239224839528 0
1244 0.5116310642459964 0.412605753440096 0
1245 0.6248775102951561 0.0298709699435844 0
1246 0.6353290186816304 0.03400855998261632 0
1247 0.6368128682904211 0.04532801821211674 0
1248 0.6458558364550827 0.03831364979756235 0
1249 0.5447133182749558 0.02910745641122886 0
1250 0.5341117904920989 0.02478724677421751 0
1251 0.4870730967980399 0.236996797391676 0
1252 0.6467476807919688 0.1340803956033507 0
1253 0.6450410065485469 0.1228034693695926 0
1254 0.6540571127861454 0.1160540627501878 0
1255 0.2855180171769086 0.0302203798172338 0
1256 0.6652450438911297 0.3421276067404576 0
1257 0.6564821689162637 0.3489002050499947 0
1258 0.6232406095586321 0.1778107225816233 0
1259 0.6141034084954271 0.02532455970633568 0
1260 0.425955302917509 0.3584505499859102 0
1261 0.4275238921199622 0.3695871226781288 0
1262 0.4188896425938824 0.3764745472520441 0
1263 0.4290849443213934 0.3806875841699268 0
1264 0.4175305327167201 0.2288369066201275 0
1265 0.4264519388522619 0.2218896018780956 0
1266 0.5037835936948072 0.02345213246584793 0
1267 0.5392406971697858 0.4026383868428491 0
1268 0.5406658329118814 0.4138750296805218 0
1269 0.4825059812834259 0.4109689687089668 0
1270 0.7017972206520922 0.1052163120975141 0
1271 0.6744129600781213 0.02874755058812239 0
1272 0.5997008187251871 0.3555555644824668 0
1273 0.4145453625050243 0.206199182620199 0
1274 0.4130593689896976 0.1948343153934206 0
1275 0.5546750047393175 0.1712912688829983 0
1276 0.5562031023070264 0.1824582653643809 0
1277 0.2034891761488627 0.1188782408851188 0
1278 0.2016731571186186 0.1075613587720784 0
1279 0.5962000969990418 0.261351605269265 0
1280 0.6307374854893094 0.2335489801522207 0
1281 0.375726778243891 0.2108646743038036 0
1282 0.6349127384007269 0.1930458083132326 0
1283 0.6621469972344937 0.3197345423594335 0
1284 0.5291172175809037 0.1290897679262055 0
1285 0.3433526315154047 0.08577431265565394 0
1286 0.3344537007894672 0.09276229706894767 0
1287 0.49301864333554 0.414547743752912 0
1288 0.3319091477707102 0.1822334132401895 0
1289 0.3303605030802804 0.170904149547305 0
1290 0.3197745091181278 0.1665752718009884 0
1291 0.3286695460363868 0.1599165793764163 0
1292 0.3164198374327322 0.09484251503218294 0
1293 0.3307091736454343 0.2457758312697147 0
1294 0.295759164754988 0.2102591013366044 0
1295 0.2868594199461072 0.217258424545426 0
1296 0.4526849576207058 0.337334955896115 0
1297 0.367110165314807 0.04188723532626387 0
1298 0.3657098390835531 0.03068548576795455 0
1299 0.3749683031087909 0.02246668855848194 0
1300 0.6010413281543781 0.2945907255284702 0
1301 0.5843068632267219 0.09856198492056578 0
1302 0.4171208048848281 0.04093788330526693 0
1303 0.4150793911748264 0.0284874351530186 0
1304 0.4197401257488312 0.3136720611279569 0
1305 0.5633735925189997 0.08998387462073182 0
1306 0.5528176566208992 0.0856825371374485 0
1307 0.1519834191109375 0.05932344723733007 0
1308 0.5858874285308909 0.2572070967447382 0
1309 0.4333391427070122 0.3402411148327757 0
1310 0.5660453667655495 0.3216009714172406 0
1311 0.339003522039264 0.1640152622696256 0
1312 0.3639913370027745 0.2695332503040995 0
1313 0.210677013994896 0.100548544252179 0
1314 0.6653123202233857 0.03560968025223943 0
1315 0.7110198539754392 0.1716640508931784 0
1316 0.3071367046050201 0.1510896176386568 0
1317 0.5206487453746308 0.2717625831128234 0
1318 0.5294656943479389 0.2649619137911635 0
1319 0.4980615156050644 0.05287370776116684 0
1320 0.242088445004092 0.113662373701273 0
1321 0.5368717212307084 0.3202308051342658 0
1322 0.5269177194293639 0.315934787569047 0
1323 0.5471267256043827 0.3243232874917816 0
1324 0.6111776423373095 0.2988024577713153 0
1325 0.6197203546810227 0.2919155560612186 0
1326 0.3761274168855864 0.2851528659378111 0
1327 0.5510213268880584 0.4169992622030935 0
1328 0.702808279463905 0.1895834885050605 0
1329 0.4875700386727039 0.04850750662792935 0
1330 0.4430294328986694 0.1463435287905174 0
1331 0.4323237330660856 0.1422351880324667 0
1332 0.7040548230581353 0.2629407042813789 0
1333 0.5874796352162746 0.4117438611426253 0
1334 0.5155100931757066 0.3006199575252558 0
1335 0.5925023602172967 0.2391119905231046 0
1336 0.2276195635924399 0.1499701727675877 0
1337 0.1936867284047227 0.1145110749941392 0
1338 0.1912082833846049 0.1032212363439139 0
1339 0.1825889524913905 0.1108925835626001 0
1340 0.1811932179647415 0.09868865284741318 0
1341 0.1892373722066849 0.09189655826079601 0
1342 0.178669876418131 0.08776523552375154 0
1343 0.5060660073649684 0.2343081238768522 0
1344 0.3470509627187691 0.1082345654974904 0
1345 0.2639191917133669 0.1986919964223078 0
1346 0.2661130288226075 0.2095706539907544 0
1347 0.6173659534257494 0.20727941412968 0
1348 0.312988688750139 0.07203054230816569 0
1349 0.6160581372669772 0.1961524316126299 0
1350 0.7083584536925327 0.2230144499377349 0
1351 0.3369598525775375 0.290429855806941 0
1352 0.3005048483925932 0.2444016333710131 0
1353 0.4432849722857859 0.4051826324933121 0
1354 0.4418507292354666 0.3947556979115829 0
1355 0.4331512694505342 0.4011126938010224 0
1356 0.704041885059695 0.3480887869545212 0
1357 0.2047233150847247 0.1302745241066381 0
1358 0.6440917987309558 0.02752168850663506 0
1359 0.7038339912520915 0.1245010563035096 0
1360 0.7057394588564724 0.1355245035877719 0
1361 0.6445077020017217 0.1121255087689359 0
1362 0.5218484035878019 0.4167168981451366 0
1363 0.2652522906307997 0.1335638885243928 0
1364 0.263452760122369 0.1225039704873537 0
1365 0.6943322331312167 0.02634518809780317 0
1366 0.7042834307338653 0.03024514798812228 0
1367 0.6817681237176126 0.09521295024294529 0
1368 0.6721817262073526 0.1022003409177225 0
1369 0.4637572480297538 0.4131751410783491 0
1370 0.710889627850022 0.06525709469083718 0
1371 0.7076292923901647 0.05287171115166833 0
1372 0.3365343028805763 0.1537347534172289 0
1373 0.2894937168819403 0.2285254166629272 0
1374 0.3047446969997268 0.140465208629979 0
1375 0.2395770854225322 0.1034307835327255 0
1376 0.1864978994877996 0.08123122806890815 0
1377 0.6462392291530235 0.4056820178213439 0
1378 0.6638143364056553 0.0250957529197563 0
1379 0.4216554347320605 0.3870628833388632 0
1380 0.1270108193781576 0.03989661492642899 0
1381 0.1283916855391493 0.02904162898168405 0
1382 0.5951477072374703 0.4264716422262204 0
1383 0.5754669176826117 0.4296302884090235 0
1384 0.455217966420996 0.02467914265032978 0
1385 0.464077594504798 0.01802426487663544 0
1386 0.09397878274501681 0.009578798619199358 0
1387 0.2152893353919699 0.1460265117646328 0
1388 0.3019789331084083 0.2556082560543672 0
1389 0.2445998444831637 0.02432163855485836 0
1390 0.2356858808790853 0.03103815200147908 0
1391 0.2371281705475493 0.04272529030080202 0
1392 0.2265031044041681 0.03841183364207984 0
1393 0.2250786990537758 0.02667638521088911 0
1394 0.2158771553444623 0.03409896481789848 0
1395 0.7080787436054915 0.296598214616451 0
1396 0.3959658317835689 0.3571229920447693 0
1397 0.7165660576181375 0.2887907659559492 0
1398 0.6586542916948318 0.4308250071157161 0
1399 0.6512035975966773 0.425016303227414 0
1400 0.5958260823893882 0.405265606000065 0
1401 0.2146309818752518 0.02334885180748497 0
1402 0.2053969805370546 0.02962421298875861 0
1403 0.2235893729110595 0.01638273626284836 0
1404 0.644748237364271 0.3941967146668567 0
1405 0.636386178167645 0.3888835148034762 0
1406 0.2536489927449667 0.01727629386044738 0
1407 0.7035232752538295 0.01915865617181328 0
1408 0.7136108825009096 0.0231852416119509 0
1409 0.6411039219684034 0.3729925117396958 0
1410 0.7078035938036109 0.3692778154338119 0
1411 0.7091996038216877 0.3811026763547726 0
1412 0.7144316212739066 0.3620600361772662 0
1413 0.513033230811501 0.4233551977434651 0
1414 0.4922472298576864 0.01821010703592268 0
1415 0.338672313645267 0.3009634297289834 0
1416 0.5790682848500475 0.4193646563960697 0
1417 0.709936764451082 0.1602200526381295 0
1418 0.5432702741366144 0.01790535482929384 0
1419 0.5340617740339313 0.01318813521885476 0
1420 0.5541009456972833 0.02202588397197652 0
1421 0.5637824065593214 0.01581127652369113 0
1422 0.7182124763328452 0.05719851518848973 0
1423 0.3982672035947817 0.3681981376619219 0
1424 0.3855233258121831 0.3535215090744783 0
1425 0.709749935410217 0.3084635169547794 0
1426 0.4364075681774473 0.3625997442725537 0
1427 0.6549838534717527 0.3379501573441896 0
1428 0.6462845081405889 0.3442921137585011 0
1429 0.6636994037764967 0.3309503428791901 0
1430 0.5980787987565718 0.4162381692021703 0
1431 0.7211988985227408 0.3840209687261469 0
1432 0.7126201256699896 0.3915250151703374 0
1433 0.7017606964211806 0.3897554425957723 0
1434 0.7062531615211428 0.4003169654092853 0
1435 0.6395114257781715 0.3622000024918703 0
1436 0.6288045308818636 0.3571495316671821 0
1437 0.5021696835634986 0.01271884964001468 0
1438 0.2342418254200587 0.01916988490345928 0
1439 0.5235572554892732 0.0189904460433985 0
1440 0.447901055976843 0.1173787692775152 0
1441 0.6753348795980559 0.4177188595347168 0
1442 0.676677796888333 0.4272047246286144 0
1443 0.5258783022513651 0.3771962658549362 0
1444 0.5157087347000695 0.373056574235883 0
1445 0.5361332936405393 0.3812178228102034 0
1446 0.6319328945835252 0.3804180422608701 0
1447 0.6108239061533409 0.4284778392657602 0
1448 0.720209160793734 0.3141446678506211 0
1449 0.7106441065881063 0.3204541107224619 0
1450 0.4349511132580646 0.3513113794739612 0
1451 0.5651424504137664 0.1755373523513538 0
1452 0.5666527118876193 0.1867216766991978 0
1453 0.5635944424326604 0.1643518496645365 0
1454 0.6465024860807185 0.4162392288182638 0
1455 0.5725590565992396 0.1573784259609315 0
1456 0.4382037607367366 0.3734111770780827 0
1457 0.5593929019555223 0.4104494510509989 0
1458 0.5609342520472471 0.4210881806840968 0
1459 0.6724626408378616 0.3240277678072154 0
1460 0.536552732928904 0.4331349110654201 0
1461 0.5312895562043335 0.4222158107453111 0
1462 0.575685858164793 0.1797516800234003 0
1463 0.7213542139361104 0.3367199500733529 0
1464 0.5721152526762926 0.3650389765969678 0
1465 0.5822015719740518 0.369237570338135 0
1466 0.5909565867944723 0.3623854133545857 0
1467 0.5924378723350785 0.3731520226941025 0
1468 0.5836069650540707 0.3799832886249094 0
1469 0.5937974108743282 0.3838218822246683 0
1470 0.5950372044032 0.3944538317695426 0
1471 0.6061325069501895 0.408450675385426 0
1472 0.5894856867590462 0.3515145341825956 0
1473 0.4722536787200929 0.4068751791391373 0
1474 0.4743218832331096 0.4187768649725323 0
1475 0.5557812633637221 0.3175054694793455 0
1476 0.13587987468678 0.02088947133399266 0
1477 0.6797868743827874 0.2325111620318734 0
1478 0.6291639203005889 0.2223608115662467 0
1479 0.6361887484993558 0.4098628358242272 0
1480 0.7212671408938524 0.2573834673166765 0
1481 0.7106917877375031 0.2523274095354329 0
1482 0.4470219633982325 0.3663194401139017 0
1483 0.3857912799935157 0.1029991109105827 0
1484 0.4422514718868069 0.3332068046666737 0
1485 0.5541959342001758 0.3065770261187181 0
1486 0.5629385760166427 0.2997361572547768 0
1487 0.3741910123638534 0.1995201531668905 0
1488 0.4087816840200995 0.3717308242628599 0
1489 0.4981665599101708 0.3140961024873596 0
1490 0.5082862767233207 0.3183303416485103 0
1491 0.4893438900029648 0.3209548670792514 0
1492 0.6582116282236243 0.360102952894612 0
1493 0.6023908129875019 0.3055287810821228 0
1494 0.5447092856412846 0.3744600706633003 0
1495 0.6146182234425144 0.258437764010933 0
1496 0.4244222245378145 0.3472043918459276 0
1497 0.6353573103010491 0.2668775825827404 0
1498 0.6265593907929001 0.2737403931853394 0
1499 0.4881072079584513 0.3825579207761574 0
1500 0.4968073386765748 0.3757903829604317 0
1501 0.6272277035340417 0.3462172502055036 0
1502 0.5474618729492378 0.1894102675730834 0
1503 0.7208971414430966 0.2357753297852545 0
1504 0.7197865890084767 0.2235583783549983 0
1505 0.5209477193092589 0.07283555638667255 0
1506 0.5103491954905943 0.06854793149562854 0
1507 0.5605965952454195 0.1419186262916531 0
1508 0.5388016535652156 0.05878204048903674 0
1509 0.5404069877431589 0.07009337662096132 0
1510 0.5509711969013298 0.07441190607565218 0
1511 0.5421004464784901 0.08141137246587482 0
1512 0.5599951821942218 0.06738909713045693 0
1513 0.6334038148508604 0.1818602072240155 0
1514 0.5143427398673455 0.1654359440293326 0
1515 0.5160961440003237 0.1766815220103992 0
1516 0.5266196666197784 0.1809391746777431 0
1517 0.3893703423621284 0.23778702846904 0
1518 0.3998820659966262 0.2422758530886174 0
1519 0.5009337513934302 0.262868554220123 0
1520 0.3832018236118446 0.1925274884025245 0
1521 0.3811618248072227 0.1816021816842336 0
1522 0.3920273349910798 0.1859241155084772 0
1523 0.4893028519773225 0.05991572921824551 0
1524 0.4281433293587603 0.1201618309722851 0
1525 0.4389111462299118 0.1242440551992359 0
1526 0.4748369066523352 0.356619186492079 0
1527 0.4850864075635362 0.3607697224275672 0
1528 0.4835670401098481 0.349809834801064 0
1529 0.5427042918924466 0.1558140728007695 0
1530 0.402561747605644 0.190342460657781 0
1531 0.5243897492180334 0.366216106131772 0
1532 0.3493759979100642 0.1687055882676516 0
1533 0.3655328359310597 0.2808176738796366 0
1534 0.3651787230358498 0.2065137886607161 0
1535 0.3561660372201846 0.2135090569454763 0
1536 0.4003173434935723 0.316312021036309 0
1537 0.5086909133853758 0.05718399468451041 0
1538 0.4446052996796606 0.09482756391525893 0
1539 0.6585711867966663 0.1496589324981434 0
1540 0.317605626039598 0.1557221318558388 0
1541 0.5064626248671276 0.1092902470393321 0
1542 0.3089943257006365 0.1623644622200179 0
1543 0.3826131454398145 0.08035793152791393 0
1544 0.6447818016618795 0.3334202620450033 0
1545 0.3290992712550688 0.2345229929006425 0
1546 0.3706362296652623 0.1770656774783854 0
1547 0.3682590047016356 0.1667282449347846 0
1548 0.6787461139206393 0.009757985096608968 0
1549 0.4503614194458098 0.3879461394975665 0
1550 0.3661603235805583 0.1055109660743767 0
1551 0.3768430656669083 0.1098013133519755 0
1552 0.3788827776552935 0.1211020750975695 0
1553 0.4933397433378047 0.1569190997324131 0
1554 0.4951348290645164 0.1681847029558151 0
1555 0.4846781518059466 0.1639362795797072 0
1556 0.4741726948648389 0.1596794864958765 0
1557 0.505693939364716 0.17244683107484 0
1558 0.4723727692650586 0.1483718770087325 0
1559 0.4638148817682894 0.1553680974105057 0
1560 0.4594981329351432 0.05817344083809478 0
1561 0.6277686463637879 0.05232588255210902 0
1562 0.4747878139432545 0.09641741469123083 0
1563 0.4853582711255304 0.1007157754563395 0
1564 0.4869640703282685 0.1119990959840607 0
1565 0.1054295352546086 0.009202074524459092 0
1566 0.1099684097817681 0.0203098921698967 0
1567 0.1069021929823867 0.03255392424455661 0
1568 0.4144098834539651 0.09326021458101974 0
1569 0.4038236508290319 0.08896160946902104 0
1570 0.5948479030802861 0.1028499973570103 0
1571 0.5289666023263797 0.3989128334911179 0
1572 0.6562856960048603 0.009751001017662353 0
1573 0.4549656786314878 0.4203063302694321 0
1574 0.6332385806973849 0.01140361295798203 0
1575 0.1287831608257161 0.009826422245605926 0
1576 0.1463732854707194 0.01724250112153164 0
1577 0.6734332203495225 0.1131684781142611 0
1578 0.1622478928267119 0.06369102020377165 0
1579 0.1636767055116964 0.07486976445865545 0
1580 0.153545566631624 0.07057152897628194 0
1581 0.1552897426424927 0.08192854019338208 0
1582 0.1653754923512792 0.08639980481879594 0
1583 0.6100875989954193 0.009289650216372014 0
1584 0.5907485873848843 0.2903532802337715 0
1585 0.1401190614009674 0.05631912068975653 0
1586 0.2664263926821034 0.1449618965925156 0
1587 0.5870259438987575 0.009973845791892755 0
1588 0.5815528532463521 0.01986963431958555 0
1589 0.592574148092839 0.01963964121266892 0
1590 0.5872890046466097 0.02979469469720974 0
1591 0.5751653185509475 0.03080377343067298 0
1592 0.5824207714061181 0.0400726587478375 0
1593 0.2478705227611631 0.0467586056483672 0
1594 0.2499595040300774 0.05809513191158244 0
1595 0.2690591534906651 0.05539750798534332 0
1596 0.4014211503576689 0.2534011540473459 0
1597 0.4119124741090027 0.2578627021872184 0
1598 0.4134751186512482 0.2689602216247814 0
1599 0.2797151995513366 0.05970852058160714 0
1600 0.2818111120195217 0.07104745057487027 0
1601 0.2772702768402437 0.01001198186624458 0
1602 0.2717830099670526 0.01987073049141547 0
1603 0.1857354561603231 0.009935576886650588 0
1604 0.1799996329732858 0.01986997123490664 0
1605 0.1915351070008333 0.01907202314539252 0
1606 0.1675564490032273 0.02181009027338549 0
1607 0.1757133757506242 0.02896341067893704 0
1608 0.1972433349956607 0.009442755339464037 0
1609 0.1628116233327276 0.009952497895106216 0
1610 0.187022500482946 0.02988756425106148 0
1611 0.3004653833177868 0.009922153077752516 0
1612 0.3075017858787152 0.02013844500131146 0
1613 0.3186002452461876 0.0198376772779939 0
1614 0.3235641518193275 0.009930501953364257 0
1615 0.3294586893486846 0.01940864085204541 0
1616 0.3406150158024188 0.01987361167557894 0
1617 0.346340027411396 0.009952205357973143 0
1618 0.3516303382602197 0.01931378307984855 0
1619 0.3464156678185749 0.03075391355830104 0
1620 0.2951818979757369 0.0219264527178924 0
1621 0.2161473408261863 0.08476338477496004 0
1622 0.4036288681107399 0.009882053005722979 0
1623 0.3983314925813554 0.01973698667959334 0
1624 0.3870939251300016 0.0201653324886798 0
1625 0.4093096334788027 0.01961044782033444 0
1626 0.3808376581139759 0.01065388463270239 0
1627 0.3689573461929636 0.0103136816028373 0
1628 0.6805795520849374 0.07372355536334912 0
1629 0.3700574342380026 0.3494696949418539 0
1630 0.3563781867824538 0.3315172594689653 0
1631 0.3679965599423554 0.3305083032429966 0
1632 0.3617626954011197 0.320503301542632 0
1633 0.3490572414205778 0.3227528481909644 0
1634 0.3529776362294511 0.3120035912468613 0
1635 0.2691448272229813 0.1065108332819594 0
1636 0.4258620549556748 0.01111236127554666 0
1637 0.4381319708977166 0.009615775954399386 0
1638 0.6097324100488801 0.06631124743948785 0
1639 0.6202950101880421 0.07062928394702855 0
1640 0.3334568387477859 0.1935590314145939 0
1641 0.3277316277128028 0.2968206849020134 0
1642 0.3121186876313137 0.2785452389343164 0
1643 0.3155912919873306 0.268837727808856 0
1644 0.3242886531374477 0.2759098382004018 0
1645 0.2907324774002025 0.2521664165582946 0
1646 0.2744873356189781 0.2354772739071911 0
1647 0.3076124104782276 0.1015685792550136 0
1648 0.2545319940185231 0.2075645840661121 0
1649 0.2385024908016156 0.1910712155551677 0
1650 0.2427974077704047 0.1805822286607065 0
1651 0.2362812338993177 0.1720254017251071 0
1652 0.2494206253930794 0.189010769526487 0
1653 0.2093491731547193 0.1563334446201635 0
1654 0.2242516977577259 0.1734398331524413 0
1655 0.1957543449473188 0.1375231906786308 0
1656 0.1995311441497276 0.09664485721327615 0
1657 0.2382959692107543 0.1541267742428032 0
1658 0.2289561872793009 0.1619380625843986 0
1659 0.2153315893587053 0.1346058711254866 0
1660 0.7210662356646461 0.2002418323049202 0
1661 0.7129081432368797 0.2062933289363199 0
1662 0.2524560006563364 0.1183728349716364 0
1663 0.2767943275007232 0.1497158865711584 0
1664 0.1354393380596138 0.06811586277179166 0
1665 0.2212835428877049 0.1048823547039263 0
1666 0.1208943145915925 0.05071703091976232 0
1667 0.2438715235448525 0.1249982684053175 0
1668 0.720948884730081 0.1428419650814227 0
1669 0.7214011561854812 0.1200000000000001 0
1670 0.7108307761745627 0.1144741589048092 0
1671 0.7055645355033963 0.04187566092394174 0
1672 0.7210616397023872 0.09714293387671874 0
1673 0.7209554401099773 0.08634723494476615 0
1674 0.7109048646087578 0.09142857140994742 0
1675 0.1991605346633315 0.04659631794620511 0
1676 0.6969607643717303 0.04859926158554395 0
1677 0.2487619738282536 0.1703286034976325 0
1678 0.2960844550127176 0.03470207693715832 0
1679 0.2204818486419272 0.05557643851629424 0
1680 0.3418160284589594 0.07442087876616477 0
1681 0.4293027368232948 0.05658234307868593 0
1682 0.279494837868491 0.1109160814368343 0
1683 0.66283134252062 0.3925167424924381 0
1684 0.6618295784510891 0.08773775722982297 0
1685 0.6337460079516136 0.02262778675634292 0
1686 0.4610603785608774 0.06951542204422012 0
1687 0.5348119469505043 0.2360861170351932 0
1688 0.6183063908615681 0.1337875691807032 0
1689 0.2714782167625521 0.1788939256454271 0
1690 0.3107027335925849 0.1735984035252462 0
1691 0.3275318367740029 0.2232077179955747 0
1692 0.352380520443288 0.07876371252373077 0
1693 0.6199347474556971 0.1554691752729636 0
1694 0.3149355904986482 0.03079900004720981 0
1695 0.3882421084262505 0.3007278932424043 0
1696 0.3667184113847026 0.2178478591894941 0
1697 0.3847348016375838 0.2038921851642523 0
1698 0.6385338536699262 0.2890666772455059 0
1699 0.4415804522438352 0.2597945714202785 0
1700 0.5038183894532778 0.2853679966629278 0
1701 0.3047992777087078 0.2032492757533381 0
1702 0.3370306651336875 0.04014767799986008 0
1703 0.3570478501730793 0.0374394984004574 0
1704 0.3688320794699589 0.05335347556525122 0
1705 0.3331100638624867 0.08141066591007939 0
1706 0.3001018414140735 0.1692821286827153 0
1707 0.4699826041310695 0.06256176724256401 0
1708 0.5903553364038169 0.2174024917916308 0
1709 0.4568152814871195 0.2972110995321628 0
1710 0.4552993067083738 0.2860635955660813 0
1711 0.4448786423016633 0.2817589216486041 0
1712 0.5811699108146423 0.07598581836357721 0
1713 0.3978198779829043 0.169564135709556 0
1714 0.550332607720674 0.3459296202701549 0
1715 0.4188541829676203 0.1782805368460044 0
1716 0.2991402870625024 0.2329122142176115 0
1717 0.3608123908096815 0.2474266077540536 0
1718 0.6737766905339214 0.2615448327548904 0
1719 0.3991027489526534 0.05497812178455669 0
1720 0.3424910735643795 0.1865667797312692 0
1721 0.2608722491507888 0.1868452998833681 0
1722 0.6843440853165187 0.02044007041749113 0
1723 0.405410556789582 0.1002755283267548 0
1724 0.445830382290986 0.03135786051060024 0
1725 0.4308737287812558 0.06790706047114214 0
1726 0.4741397494863628 0.02216612798196294 0
1727 0.3180169750406736 0.1061008720792325 0
1728 0.4254115997635898 0.02273996309688819 0
1729 0.5250874599890476 0.03156667105036443 0
1730 0.3354107622566556 0.279105168145259 0
1731 0.6644422922029787 0.1201527730698161 0
1732 0.6601362437910288 0.1609020138689805 0
1733 0.4026908512036926 0.1406360479751512 0
1734 0.5275382823690572 0.1178498145199734 0
1735 0.5185972194514918 0.1248279386042806 0
1736 0.4238719386023492 0.1490085058699004 0
1737 0.5380650730077589 0.1221241632243278 0
1738 0.4369397047568196 0.2261835181522598 0
1739 0.4348697270523608 0.2149720229479026 0
1740 0.4452668369779731 0.2192667704868037 0
1741 0.4556304696281928 0.2237700681134512 0
1742 0.4938129714568279 0.3539284533661997 0
1743 0.6668605834641183 0.04692535164112932 0
1744 0.4464282131485706 0.1689347965211667 0
1745 0.6496259467299477 0.1566514705627803 0
1746 0.6438293624873691 0.1860853480952892 0
1747 0.4616755722948966 0.2066200128314136 0
1748 0.2942060446641532 0.1989288167904142 0
1749 0.440631585332267 0.1982317936136092 0
1750 0.6488113574607781 0.06093121552086189 0
1751 0.3582809343630403 0.04898998017065948 0
1752 0.2766613974071864 0.2126859952677128 0
1753 0.5142106155886377 0.3621293986746419 0
1754 0.384195961935385 0.09167941033173332 0
1755 0.6112563712102035 0.07760083947721874 0
1756 0.6453798381666072 0.1972925394330474 0
1757 0.5748449715471002 0.386660252710139 0
1758 0.545075221483291 0.2404802371482111 0
1759 0.6380234571453027 0.1412904797923835 0
1760 0.4883966998492943 0.1859591416033313 0
1761 0.4520815888885958 0.2639843244692802 0
1762 0.6053321061997563 0.0321565799933472 0
1763 0.5438500938537939 0.09269167932648276 0
1764 0.4674668247229158 0.1773966160475614 0
1765 0.4825750015210158 0.2151353680612541 0
1766 0.4742357529288274 0.2218536260703504 0
1767 0.6737396299521634 0.1876609408454549 0
1768 0.5552980187084322 0.03343542705758124 0
1769 0.340775661931032 0.1753328243340381 0
1770 0.5070108221510883 0.3799070124554091 0
1771 0.6630675112535186 0.1091171703166837 0
1772 0.5981440047191908 0.3447539269411873 0
1773 0.5014530835165176 0.4083816612854642 0
1774 0.5201729826152228 0.1360526824858593 0
1775 0.4239522172617647 0.2732550043038542 0
1776 0.6768279645321248 0.2837729719139387 0
1777 0.6870513338728198 0.1399642389921907 0
1778 0.6053828958506816 0.1071402022842827 0
1779 0.424535388398669 0.2108507818479727 0
1780 0.6006938626393988 0.147802198920182 0
1781 0.5874752102890385 0.1210645081734803 0
1782 0.2852763103501542 0.2058947445965968 0
1783 0.6038925512039808 0.1701553572408399 0
1784 0.5394302591189399 0.2693831395223536 0
1785 0.4914870200856836 0.4308189428254928 0
1786 0.5092513042384774 0.1945455579797824 0
1787 0.4576596701337723 0.2350096139495674 0
1788 0.566485719006088 0.1124964138070141 0
1789 0.5055169911528172 0.3689708685666613 0
1790 0.6395916693069952 0.2266087049656871 0
1791 0.6901445570618536 0.1624919090544241 0
1792 0.4160358956667047 0.2175091926647623 0
1793 0.6974387440551502 0.1439599346957912 0
1794 0.4202856225615589 0.06359929712383289 0
1795 0.6411430004428276 0.237770084788099 0
1796 0.6248178200011664 0.188876689911696 0
1797 0.5508010693903496 0.2115533962455975 0
1798 0.3397039016287614 0.238763112947704 0
1799 0.6203531839280966 0.2293525589186439 0
1800 0.5762976580476055 0.3256929824626521 0
1801 0.5300668818230005 0.2030590422057822 0
1802 0.5728255933294495 0.2310767661033471 0
1803 0.5144830046746852 0.02750992313550671 0
1804 0.3948230832158043 0.09598421688467013 0
1805 0.4787129924282319 0.2433456782725012 0
1806 0.5481456250399176 0.2625916267649211 0
1807 0.6783481882916015 0.2213273992122696 0
1808 0.6850090075965074 0.4216725277508135 0
1809 0.693629417734226 0.415598474959603 0
1810 0.6956178079713882 0.427311438459091 0
1811 0.6217812779908839 0.0819004515168465 0
1812 0.5774160867695254 0.2641456717202574 0
1813 0.6678613560516757 0.217027542551226 0
1814 0.7048822215184863 0.2748101283058946 0
1815 0.5531447466144161 0.1601196575709667 0
1816 0.4671776339910573 0.301473884636986 0
1817 0.4760157045064538 0.2946300027053628 0
1818 0.4729334527050116 0.2724597528822874 0
1819 0.4187095019969155 0.05227219713153819 0
1820 0.5711427336748784 0.1461366633327975 0
1821 0.4975361942439093 0.1162752872378248 0
1822 0.6313253606012186 0.3069657249565439 0
1823 0.410825713361427 0.3206057518206673 0
1824 0.4286269980400563 0.3067488978371813 0
1825 0.6991578594938394 0.3036311318288962 0
1826 0.5684101784586572 0.1977882646537569 0
1827 0.5772626650501566 0.1908930568792531 0
1828 0.3945168392247633 0.3459340064519183 0
1829 0.5579294402159216 0.1936151396560735 0
1830 0.5401675327223626 0.341851610340547 0
1831 0.519883548895179 0.3335607357327616 0
1832 0.6606351665093479 0.3085708309671369 0
1833 0.6188966048336629 0.2183663955613758 0
1834 0.670814155389144 0.2393417223474777 0
1835 0.4081204376260458 0.04797339219490288 0
1836 0.56143985658905 0.288783269651113 0
1837 0.6139433874803277 0.3205413386656768 0
1838 0.5303816298267195 0.410024160788426 0
1839 0.6664629824793966 0.2795619895016384 0
1840 0.5922205726400103 0.3013111297251266 0
1841 0.6842453636215807 0.1919452980123665 0
1842 0.6481809227719197 0.1454092760111114 0
1843 0.4778950165936948 0.3784475003115007 0
1844 0.6479401892877029 0.3553330593184248 0
1845 0.4658780662664654 0.103414858110956 0
1846 0.6709766238402503 0.3128565859289605 0
1847 0.6958333144211875 0.3547967645603075 0
1848 0.5030398791872711 0.418686944710103 0
1849 0.6740075134071685 0.3352417662381795 0
1850 0.4614749500633182 0.3304463347831359 0
1851 0.4510708705723261 0.3262851710289227 0
1852 0.5365110093796115 0.2471446955919342 0
1853 0.4061341671016666 0.03660415689094765 0
1854 0.7210580633686677 0.1771487438829268 0
1855 0.6307972289761218 0.07492216361120124 0
1856 0.5526798472339416 0.2956071312100708 0
1857 0.4462572034137107 0.1061241337508258 0
1858 0.5096699574196166 0.1317892603419414 0
1859 0.5381054606989422 0.2582931041116506 0
1860 0.5859089951330657 0.1098250752867417 0
1861 0.5676074521865768 0.3324517634414981 0
1862 0.6991055988138756 0.1555215433028553 0
1863 0.6039364880083697 0.3875860478415674 0
1864 0.4953114248434222 0.3648616213926653 0
1865 0.4865948123737772 0.3716628402473201 0
1866 0.6011683005523056 0.3663153693752523 0
1867 0.418175588215184 0.3025025587171924 0
1868 0.6902579733159292 0.3836821844090206 0
1869 0.6683242538384152 0.3641539093222955 0
1870 0.6942094099874749 0.1962490850442521 0
1871 0.6292778858322092 0.06363669785359288 0
1872 0.4995698733352634 0.3251485269782458 0
1873 0.5758253228403569 0.2531576060079277 0
1874 0.5754152413128676 0.1055475619916896 0
1875 0.7150318977980571 0.2784049452990847 0
1876 0.6735083844231839 0.4416800830390504 0
1877 0.6544370818297357 0.4403266072675029 0
1878 0.5621119410651779 0.1531313303292699 0
1879 0.1575837744485132 0.09436243379419157 0
1880 0.5080695338276797 0.1205455025195402 0
1881 0.7097463037653279 0.1470640560378574 0
1882 0.6038208836945789 0.3164102520288056 0
1883 0.6382950676091738 0.05663985237963748 0
1884 0.6753134993358707 0.2726493443097405 0
1885 0.465660334880116 0.2903766995171626 0
1886 0.4730125759599074 0.01077805040853086 0
1887 0.4446083136208969 0.01933843770941479 0
1888 0.4886110336765165 0.1232391927991035 0
1889 0.6532269035353333 0.3882731101994996 0
1890 0.6379756476045276 0.4315114751176036 0
1891 0.647322333677445 0.04963537644682653 0
1892 0.6919216372823651 0.405032538610355 0
1893 0.4092467260166326 0.3094122588487264 0
1894 0.6563337131957084 0.04265811451857326 0
1895 0.5738374483836036 0.09426354932389891 0
1896 0.5487579169492421 0.3351410456572627 0
1897 0.5722705651810003 0.08298412688187173 0
1898 0.4641368891841449 0.2793072550552727 0
1899 0.6634255849564467 0.2573396691710562 0
1900 0.5573696773620233 0.3283712473744844 0
1901 0.4780875230460417 0.1189680107431282 0
1902 0.5647569899326289 0.02649525862737967 0
1903 0.4438464450272082 0.3442593259859608 0
1904 0.6547897172520746 0.03130683526821409 0
1905 0.5616693032554154 0.07868922920160076 0
1906 0.543312313371912 0.4244227478972395 0
1907 0.3987329902782014 0.3051285283539972 0
1908 0.476456210412205 0.1076990032516619 0
1909 0.4569057291682759 0.1103830862139887 0
1910 0.5463682010080697 0.3851726856725153 0
1911 0.3971719649226083 0.2939208837886824 0
1912 0.6722760154445221 0.250418452664896 0
1913 0.3866891502059231 0.2895673759428989 0
1914 0.6047508594998415 0.02022135928733537 0
1915 0.4537042477485094 0.2750451169917117 0
1916 0.4303339448628826 0.1312362043539542 0
1917 0.385056802964807 0.2783218094610416 0
1918 0.6283012825651236 0.2849917135969142 0
1919 0.533279085240243 0.08843879504520297 0
1920 0.7098695337364177 0.2339312073074957 0
1921 0.3745427979236116 0.273946660670531 0
1922 0.5315396543758449 0.07711974075194966 0
1923 0.3893072899088903 0.1254705431873846 0
1924 0.5491822009014875 0.2004907473390855 0
1925 0.5376684265496336 0.3919752846049246 0
1926 0.4432543498402592 0.2707816240963605 0
1927 0.7207385137871681 0.1657634809968173 0
1928 0.6125111315686818 0.3097183566564848 0
1929 0.5121359258926361 0.07984564031011132 0
1930 0.3577077352476337 0.112436341625687 0
1931 0.6164076936074498 0.2697280180979684 0
1932 0.5387730576468239 0.1962683680573131 0
1933 0.5016002089611347 0.07556610681137022 0
1934 0.4327963825244365 0.2665233297715418 0
1935 0.5385865681293387 0.3311091702322356 0
1936 0.3098952002262183 0.06122469081081955 0
1937 0.440019224245662 0.3841633103295509 0
1938 0.3006638495421217 0.06833847995381265 0
1939 0.3730084063472299 0.262752054633561 0
1940 0.604351743401745 0.2539926002325553 0
1941 0.5039807686415689 0.2233641697564279 0
1942 0.1787337605647995 0.1215638117460087 0
1943 0.2922127228920048 0.07530420833814422 0
1944 0.4998334143011313 0.06422525333917162 0
1945 0.6811876923408637 0.2436050763019412 0
1946 0.5942672845168459 0.2502101263574392 0
1947 0.2606505373237185 0.0623027817653381 0
1948 0.3624512879546383 0.2584342210882456 0
1949 0.5284327720286481 0.3269194788370941 0
1950 0.5283899668225192 0.1920743513679323 0
1951 0.4804719150891881 0.0668928672631619 0
1952 0.4223600178115423 0.2622718653458173 0
1953 0.6916230991153958 0.2480238371735854 0
1954 0.6212167850357088 0.3028961437551245 0
1955 0.4844548110650019 0.2261765797127017 0
1956 0.3518973725582903 0.2541272147719624 0
1957 0.4207562627321851 0.2511193037359166 0
1958 0.4067791639995071 0.3936324586098091 0
1959 0.3413476286116531 0.2498810505075571 0
1960 0.4315842792643159 0.3908614482382982 0
1961 0.5179406871839732 0.1877908177440598 0
1962 0.4788552151823319 0.0554695582767748 0
1963 0.4103489895261028 0.2467364238044318 0
1964 0.4773474427749669 0.04405034272954073 0
1965 0.4088272857188436 0.2356162158711716 0
1966 0.5183789317076748 0.3225318567203438 0
1967 0.4861942907655752 0.03716902667759603 0
1968 0.3326084195917112 0.2567432461997339 0
1969 0.6298602034710887 0.2959972308208401 0
1970 0.4842467134292744 0.02642089034566403 0
1971 0.507525209597489 0.1835873707680946 0
1972 0.4072250337683047 0.224225375594573 0
1973 0.5169372491623834 0.3116058300250492 0
1974 0.2828887139522869 0.01968740425487897 0
1975 0.3339246857647585 0.02902126525022913 0
1976 0.4970451165758978 0.1792794119588466 0
1977 0.4866008984433153 0.1750685942927621 0
1978 0.6181067853005303 0.2808070215977826 0
1979 0.08310454183714888 0.008625048436857019 0
1980 0.4761251767002806 0.1708108450367174 0
1981 0.6525821987300144 0.019701225672204 0
1982 0.4656735127556496 0.1665964453018903 0
1983 0.5110310065423448 0.2666937777982401 0
1984 0.5196998378105073 0.2602974227883263 0
1985 0.4552039613675475 0.1622176972650166 0
1986 0.6062488688402519 0.2654613508221371 0
1987 0.4234272443155767 0.397016352691926 0
1988 0.4228930845476583 0.4078408324376886 0
1989 0.7092081788855473 0.07554311906851852 0
1990 0.2043581285313815 0.01862344334959581 0
1991 0.5254096675974949 0.3049500437409428 0
1992 0.4533843820794818 0.150796704902678 0
1993 0.4515170605334367 0.1393657971155688 0
1994 0.4440059911985021 0.4149768226412604 0
1995 0.4409618170067536 0.1353310864289727 0
1996 0.523887752149362 0.2940386857606758 0
1997 0.5138762443638754 0.2898220897517023 0
1998 0.2600542614126158 0.2179392410715365 0
1999 0.7015914320258051 0.3260321676761138 0
2000 0.6435205196433399 0.1014952798351883 0
2001 0.5122921059311677 0.2784659783915698 0
2002 0.5841164350825899 0.2463559996501654 0
2003 0.278166307028135 0.224805796932444 0
2004 0.6832451808204429 0.4415963884161844 0
2005 0.1715322816448638 0.1128343502439927 0
2006 0.5825626992903021 0.2353555443958584 0
2007 0.6824273592116855 0.08430825554553867 0
2008 0.6930137762280631 0.08861937510168938 0
2009 0.5913426070775899 0.2285560295087498 0
2010 0.3662824861440266 0.1563178612000522 0
2011 0.1794135897627356 0.0390692909495356 0
2012 0.1976591583101949 0.03570359901184272 0
2013 0.637551808232182 0.3505036157422216 0
2014 0.4219109502519278 0.1383594570128532 0
2015 0.5280450909530559 0.2537108059614158 0
2016 0.6001967051516187 0.2216292969825359 0
2017 0.3742776254673657 0.3399836186586933 0
2018 0.7015694304829087 0.4092476289788309 0
2019 0.703917373180469 0.4195319500112378 0
2020 0.7120245123196618 0.4102331477566437 0
2021 0.4113016698312097 0.1340772722911858 0
2022 0.33404307014686 0.1433629205503383 0
2023 0.7116220122356955 0.1834745937263835 0
2024 0.3811819327812384 0.1323883759977212 0
2025 0.4003954236964534 0.1297030869514262 0
2026 0.3014823442234827 0.1303940462536244 0
2027 0.29362574958709 0.1369886202205101 0
2028 0.526472045114597 0.2428165845682953 0
2029 0.4102317398939584 0.3833330056272765 0
2030 0.3704684255577984 0.1277389599230583 0
2031 0.2375214182693736 0.09322018892643746 0
2032 0.4705814678418083 0.429548813924772 0
2033 0.1831182648752587 0.07134571345698815 0
2034 0.173705932809906 0.07844209450201428 0
2035 0.6089169832084561 0.2147496708283822 0
2036 0.5163325661844731 0.2383594733467391 0
2037 0.151752194670245 0.009353225132643694 0
2038 0.7217315943502411 0.0167541853432594 0
2039 0.1229214329632053 0.01993850767453853 0
2040 0.5143700182806817 0.2275211783945815 0
2041 0.3683152850270586 0.1167018017220832 0
2042 0.7053408536379283 0.358891031336448 0
2043 0.3494882189909195 0.1197018759294423 0
2044 0.4956129099235184 0.2303269980657795 0
2045 0.7118583847633183 0.3309735341454924 0
2046 0.60746365605362 0.2036664800489181 0
2047 0.3387636716454795 0.114830616505653 0
2048 0.156142047377567 0.01926484504050296 0
2049 0.3367061857830024 0.1038249038291165 0
2050 0.6058450281416516 0.1926407944156192 0
2051 0.4765779404729498 0.2329275748866404 0
2052 0.3265804913320921 0.09968805907255757 0
2053 0.6146803248070916 0.1851957988589883 0
2054 0.700408976913793 0.2526258594626469 0
2055 0.7114741000526142 0.1020623109055069 0
2056 0.324974456477809 0.08831906713716114 0
2057 0.3210488201415435 0.06494165990965228 0
2058 0.2842453493134038 0.08230739450238211 0
2059 0.7014741310776696 0.008969678814640392 0
2060 0.3230827623735286 0.0766745018115359 0
2061 0.1310197832786159 0.04966703837927278 0
2062 0.6694213434001977 0.4331487990777795 0
2063 0.2734973358375422 0.07761703641898948 0
2064 0.2525133458211891 0.06965965169866772 0
2065 0.4660209228818656 0.2282046988830039 0
2066 0.7220815305607642 0.0286526353706168 0
2067 0.4851866118805293 0.4211155201149545 0
2068 0.2712608082011787 0.06659632204236648 0
2069 0.3121347078495508 0.2589905998103267 0
2070 0.2417053336234379 0.06463202077770031 0
2071 0.239364368579799 0.05326227311212772 0
2072 0.6132074510974036 0.1743649518955048 0
2073 0.2287009023809894 0.04874461135932062 0
2074 0.2179984813534147 0.04411891096246029 0
2075 0.1182973007531003 0.03125445711009267 0
2076 0.2075385883520146 0.04001555626381942 0
2077 0.6117730880488073 0.1631195074888942 0
2078 0.4637998970748277 0.2170791152872399 0
2079 0.6722368573462514 0.01824551925927226 0
2080 0.6101752186722931 0.1521457798699647 0
2081 0.4532839762002827 0.2124934177624334 0
2082 0.514666336933449 0.4330224830174466 0
2083 0.4427496981584085 0.208064449603337 0
2084 0.588374705474039 0.0478999486148779 0
2085 0.2310450275421083 0.008768988400403743 0
2086 0.4324472572274444 0.2040199721961942 0
2087 0.7121401485780829 0.1947328434405171 0
2088 0.6190719407709468 0.1450881843977505 0
2089 0.6852631003901957 0.4317411630164614 0
2090 0.643152145740618 0.3837312689622084 0
2091 0.628153648304094 0.137368295850816 0
2092 0.3921339620691876 0.376467746981386 0
2093 0.6373154361781618 0.1297451322846455 0
2094 0.3243608418379845 0.2633586259282429 0
2095 0.6358414786106583 0.1187547227141813 0
2096 0.1710243978636046 0.09487060820664411 0
2097 0.6241826116315844 0.01964343492323373 0
2098 0.5121792879354939 0.01727507100699899 0
2099 0.6346703885353722 0.1082487987093474 0
2100 0.6533898535645847 0.1055490956616215 0
2101 0.3844350593094437 0.02966172858560712 0
2102 0.6624167107775438 0.09874492698988813 0
2103 0.7218291192174205 0.3948535915963545 0
2104 0.672017417922945 0.09151091379907661 0
2105 0.5426428400909641 0.008212385702874081 0
2106 0.7014476461736847 0.4359665438369452 0
2107 0.2913001464821708 0.2396196705600549 0
2108 0.5536075960792479 0.4269219232816923 0
2109 0.195832106348806 0.1256104218862922 0
2110 0.7125340672286691 0.3422108993062629 0
2111 0.7018206748627134 0.09460704702068257 0
2112 0.2525726383650225 0.1799215923168752 0
2113 0.2192080568934551 0.1554162530683093 0
2114 0.2622923548092452 0.02178832883561532 0
2115 0.4228163392657893 0.1998420309531597 0
2116 0.4212358925967803 0.1892300403512645 0
2117 0.3044018506663086 0.02942075471604005 0
2118 0.4608540333486716 0.008611945178278901 0
2119 0.7148940990433313 0.4212531563910736 0
2120 0.410820873066562 0.184733971853503 0
2121 0.5719060680854214 0.02063354146542001 0
2122 0.6361437819346731 0.4406453360182893 0
2123 0.7139080315479592 0.2626242209805367 0
2124 0.3791324304083833 0.1712168339417341 0
2125 0.4003493168139556 0.1804512243209747 0
2126 0.3576498961074056 0.1622885117324672 0
2127 0.700626192742697 0.115274920725809 0
2128 0.3896754532385224 0.1758057740815779 0
2129 0.3473201059779188 0.1580512125037426 0
2130 0.2545736228511121 0.007710515691463249 0
2131 0.3767577036356758 0.1605389468723023 0
2132 0.1449762221683156 0.06634084190732442 0
2133 0.3258149394962095 0.149306736365859 0
2134 0.3155209618135262 0.1450351942593154 0
2135 0.4446801589922246 0.4242483775298879 0
2136 0.3626930433781577 0.02004836173486374 0
2137 0.2739035410096966 0.1383251808360441 0
2138 0.2723856164191768 0.1271716130851744 0
2139 0.7053520414242274 0.2121409700129481 0
2140 0.7139886351484391 0.03541451086541136 0
2141 0.2851707745662707 0.1431466320369851 0
2142 0.3452035374690595 0.1475963904309244 0
2143 0.295719917905214 0.262793052286079 0
2144 0.2504982572632037 0.1079667945597189 0
2145 0.1669870392370952 0.03430164010811926 0
2146 0.7155406661727951 0.04722359196919668 0
2147 0.1972998812137059 0.0859232773407535 0
2148 0.3135939126716201 0.1346249445340355 0
2149 0.2294476450186866 0.1000466983454151 0
2150 0.2070172313572733 0.1393684589730813 0
2151 0.2402288899857243 0.1634001235902969 0
2152 0.7038752219282434 0.2011225362286899 0
2153 0.4327346612413552 0.01772225507855196 0
2154 0.3475934598147015 0.304187725984552 0
2155 0.2711110799712562 0.1170241908350587 0
2156 0.2610515755232409 0.1127231067349206 0
2157 0.4934016394688973 0.008721443918128124 0
2158 0.2483503234206695 0.09740528422976807 0
2159 0.2188104348696336 0.09578894997778276 0
2160 0.2080780425974346 0.09102195860485973 0
2161 0.4341922134885125 0.4108346421094896 0
2162 0.3287932555585507 0.2857786618044765 0
2163 0.1947855321222516 0.07510604444338281 0
2164 0.3624490066954706 0.3100319896398955 0
2165 0.4047471483534138 0.02708317146187805 0
2166 0.5894585236888366 0.4201232104425242 0
2167 0.5965496751937619 0.02852652332876932 0
2168 0.1463432681818924 0.02711318059469203 0
2169 0.2764735529174078 0.02793459702857876 0
2170 0.2547179709906603 0.1969732961263706 0
2171 0.4522325379545029 0.4285724368849941 0
2172 0.3767699072277271 0.3585906187427682 0
2173 0.3240207015267961 0.02728065900128618 0
2174 0.2201548485993843 0.007123162975141706 0
2175 0.3566993477427169 0.02764820850828503 0
2176 0.5560708670136677 0.435619279629134 0
2177 0.7222299520878817 0.06532944667366869 0
2178 0.7127867210611186 0.3524799822516963 0
2179 0.09004835173943992 0.01718932239342064 0
2180 0.7206707758721457 0.4141657548572213 0
2181 0.5695672590482916 0.4229707076359724 0
2182 0.6416586447683489 0.01839509616464879 0
2183 0.6486602060798689 0.4325596331000591 0
2184 0.1478520801875335 0.08774549868525805 0
2185 0.7126281658050231 0.2424835033777955 0
2186 0.71345803396458 0.1264613463504934 0
2187 0.7234565608134879 0.3597365803927332 0
2188 0.4268959139862575 0.4159943352086531 0
2189 0.6158808257944619 0.01669637265055091 0
2190 0.7236150935704291 0.2806923419796236 0
2191 0.5735161104771648 0.04217465660011022 0
2192 0.3319259102031026 0.3071037537311291 0
2193 0.5642445108584533 0.00675829735045741 0
2194 0.2696514127882628 0.2183269697141685 0
2195 0.5214045555533847 0.4250820530042982 0
2196 0.1737421318507184 0.1042171716543966 0
2197 0.7227829239915108 0.007903362125117164 0
2198 0.373089842688659 0.322803420132898 0
2199 0.4655512618679693 0.4218245595825073 0
2200 0.6034671860670975 0.4235816292752816 0
2201 0.6981541233835062 0.3987824986297142 0
2202 0.7140383948731188 0.2166392376074101 0
2203 0.510066851183365 0.008152476384969576 0
2204 0.7236991722508055 0.05016384366391191 0
2205 0.6779309548371116 0.4351819256904037 0
2206 0.6946343737666252 0.0173911816158786 0
2207 0.4955884241288312 0.4230372579499982 0
2208 0.1971943749724819 0.02658216854933021 0
2209 0.6435329640789845 0.424783983585917 0
2210 0.4548933485520684 0.0159148821068566 0
2211 0.6618614530268618 0.01604761247598807 0
2212 0.09968878302333162 0.01603371751009181 0
2213 0.4177208290323123 0.01804529297537155 0
2214 0.4017877233301262 0.3769288688091633 0
2215 0.2830634415021604 0.2344515969878864 0
2216 0.7127924008776817 0.08297073736976324 0
2217 0.4820131920789431 0.01798134254023059 0
2218 0.1873992209125167 0.1204773355719109 0
2219 0.7145274659113823 0.136898587425697 0
2220 0.5266293941990153 0.008051810639107204 0
2221 0.7121232337717343 0.2702925110991139 0
2222 0.4152334048953573 0.3933264243398307 0
2223 0.3786891980199073 0.3484066572242368 0
2224 0.7249517901370944 0.2914285714285715 0
2225 0.6288328307255268 0.3895006403132937 0
2226 0.2145901124987434 0.0147581484247622 0
2227 0.7148763012539221 0.4004830356842956 0
2228 0.4783778773158137 0.4806370617781942 0
2229 0.4480121964674963 0.4432011006066694 0
2230 0.4180559262397379 0.4282470980377422 0
2231 0.4989087153484921 0.4805968990430246 0
2232 0.4011764593340682 0.4138824050359154 0
2233 0.4179116145916351 0.465712116538646 0
2234 0.3614414775370477 0.4161217719625199 0
2235 0.3476886845407001 0.3988275314508408 0
2236 0.3337004095189263 0.3812722551992698 0
2237 0.3180097922835036 0.3632823616877634 0
2238 0.3030953722893573 0.3472974181572914 0
2239 0.2891646148563898 0.3292812435603389 0
2240 0.2755468248047149 0.3124264837614417 0
2241 0.2609108545008982 0.2955066505751918 0
2242 0.2452765295560879 0.2769774602316235 0
2243 0.23064716778932 0.2595428657887178 0
2244 0.2160178060225529 0.2421082713458129 0
2245 0.2013884442557857 0.2246736769029078 0
2246 0.1867590824890178 0.207239082460002 0
2247 0.1721297207222504 0.1898044880170967 0
2248 0.1575003589554836 0.1723698935741923 0
2249 0.1428709971887159 0.1549352991312865 0
2250 0.1282416354219481 0.1375007046883809 0
2251 0.1142052935442189 0.1208522913050196 0
2252 0.09941322239120842 0.1034250150546885 0
2253 0.08396391372502654 0.08425245075234483 0
2254 0.4560190145766082 0.4781984967627574 0
2255 0.0701215319815115 0.06759222534530041 0
2256 0.05465904633058427 0.05027048864452471 0
2257 0.04005037566767977 0.03214073789317873 0
2258 0.5148343214967888 0.4516740225798198 0
2259 0.4694652735100532 0.4476721850251463 0
2260 0.4912765099595098 0.4495498806933978 0
2261 0.3917995420969444 0.4479191697002213 0
2262 0.5289622608582469 0.475348490015632 0
2263 0.3775234054287024 0.3899448495816872 0
2264 0.3766674776714535 0.4335136770528312 0
2265 0.3626810160789025 0.370206717046249 0
2266 0.4380466539996984 0.4739536306196525 0
2267 0.3492457809616667 0.3532584063827273 0
2268 0.3321656023549256 0.3351096845467315 0
2269 0.3198158761700249 0.3182930801375922 0
2270 0.305030422193902 0.2998337138438026 0
2271 0.2896006549293281 0.2828563937635469 0
2272 0.2748715737948056 0.2653032399057846 0
2273 0.2601422166106533 0.247750231828489 0
2274 0.2454126245073303 0.2301972363802596 0
2275 0.2306833820456909 0.2126437532362685 0
2276 0.2159559329103808 0.1950888978062173 0
2277 0.2012321095219035 0.17753205712446 0
2278 0.186511700133187 0.1599747508565242 0
2279 0.1717875223828164 0.1424233340425117 0
2280 0.1570644358888361 0.1248761899120183 0
2281 0.14229853621675 0.1073473206920506 0
2282 0.1274438421016989 0.08986133156825971 0
2283 0.1124464741736585 0.07236295117202723 0
2284 0.06871628469364144 0.01954278473538928 0
2285 0.09817418920307697 0.05464934826480577 0
2286 0.08368990598077442 0.03787176103080392 0
2287 0.0490750726632333 0.009756298438776345 0
2288 0.0253466223423271 0.0157765097896469 0
2289 0.5334720595732694 0.4509226635789854 0
2290 0.532276091045195 0.4665953940191702 0
2291 0.5222210320937584 0.4683354144618298 0
2292 0.5189969248517677 0.4779736896494692 0
2293 0.5118666935277585 0.4705460153299219 0
2294 0.5257726124873956 0.4582469120854888 0
2295 0.4270672163315477 0.4339422036311544 0
2296 0.4176581399557067 0.4387871534091821 0
2297 0.4260892681975656 0.4441169953850801 0
2298 0.4069783255537388 0.4335956335108189 0
2299 0.4099542831542854 0.4439148228020902 0
2300 0.4587939977691773 0.4460221186200742 0
2301 0.4507252715771569 0.4534482338397427 0
2302 0.4630823438014624 0.4559131376308153 0
2303 0.4737855836963221 0.4571211240258601 0
2304 0.4407664905490502 0.4509228002064401 0
2305 0.4674129609637452 0.4645585104617029 0
2306 0.4786356544011189 0.4659336612127435 0
2307 0.4553497371223054 0.462945613445734 0
2308 0.4436265867401335 0.4606197972189274 0
2309 0.4340408039075916 0.4570956700038153 0
2310 0.4091180533809448 0.4214686705349304 0
2311 0.3990785728431551 0.424891329467067 0
2312 0.3909136535085074 0.4174432156696216 0
2313 0.3959469113659678 0.4359510158470282 0
2314 0.3888641275157249 0.4284140042424673 0
2315 0.3802725384895769 0.4213553001621821 0
2316 0.3826464765488662 0.4102234505319223 0
2317 0.4365314140218409 0.4406225328883247 0
2318 0.3933573118987573 0.4065765143464963 0
2319 0.3856030872862712 0.3984235426098693 0
2320 0.3744473240113649 0.4018862819214847 0
2321 0.3654902135577693 0.3927030655660327 0
2322 0.3639299558519266 0.405504756592084 0
2323 0.369872198577227 0.3798655650741367 0
2324 0.3570375132624995 0.3816267788937375 0
2325 0.3517532770614198 0.3706734427588498 0
2326 0.3455990141287694 0.3796764420675932 0
2327 0.3393830115381206 0.3688497336482734 0
2328 0.3260355781416752 0.3717999260518849 0
2329 0.328572399525574 0.36050793158383 0
2330 0.3194470772130487 0.3526882604718256 0
2331 0.3299983620537136 0.348880919645792 0
2332 0.3214310078319987 0.3412673048539446 0
2333 0.3220498674861435 0.3299170201799947 0
2334 0.3117570868368528 0.3269860474868648 0
2335 0.307613394597383 0.316581346703247 0
2336 0.3002570027149265 0.3254217206795462 0
2337 0.2964794282536514 0.3143495922600369 0
2338 0.06070236175126964 0.009615200726451778 0
2339 0.05466789815778972 0.01957027055672989 0
2340 0.0620131617117391 0.02925838213703624 0
2341 0.04292388844061501 0.01919038797271466 0
2342 0.07339142488972994 0.03018825916183776 0
2343 0.07365743481361398 0.04233454886333221 0
2344 0.0820190656021661 0.04878676114086067 0
2345 0.07192987246200133 0.0534000860437891 0
2346 0.08086167208952555 0.06047039854423475 0
2347 0.08183359926396749 0.07218451507834595 0
2348 0.0922517461753869 0.06518838725513804 0
2349 0.4848468837799071 0.4580721944004889 0
2350 0.4893988116446656 0.4670303474529205 0
2351 0.5026984199923229 0.4503611674644268 0
2352 0.5069733156874335 0.4605081234187657 0
2353 0.4960217380631096 0.4592892272557912 0
2354 0.5002195259757185 0.4696682392525674 0
2355 0.3694739947670055 0.4246200642165707 0
2356 0.3414162953172294 0.3453063966399098 0
2357 0.03302006141473279 0.02412826170209409 0
2358 0.04741327329283251 0.04133954650522781 0
2359 0.1055375094145738 0.0634194336225502 0
2360 0.1009691510007502 0.07432217961177728 0
2361 0.1083046403231257 0.0831047736281465 0
2362 0.09652792755848527 0.08426766796200474 0
2363 0.1198257023905079 0.08121121561684752 0
2364 0.1159598197779171 0.09186677024135737 0
2365 0.1233682657907335 0.100650401878591 0
2366 0.1114888408481954 0.1019987743093155 0
2367 0.1347818985527113 0.09866372582044081 0
2368 0.1309307338985692 0.1093637867546422 0
2369 0.1383066653955419 0.1181364691010942 0
2370 0.1264071869519224 0.1195077233634937 0
2371 0.1496419398250348 0.1161380846083605 0
2372 0.1457858644222946 0.1268477395422963 0
2373 0.1531789171730632 0.1356063764969055 0
2374 0.1411116696864047 0.1368536128560679 0
2375 0.1644202893571794 0.1336512109228897 0
2376 0.160557219240327 0.1443539893859392 0
2377 0.1679114841758674 0.1531243024683621 0
2378 0.1565908398251066 0.1551788757698327 0
2379 0.1791476873525119 0.1511950688676108 0
2380 0.1752786284730884 0.1618897199985591 0
2381 0.1826248679095005 0.1706701431312267 0
2382 0.170514991465321 0.1718413780992448 0
2383 0.1938653589235548 0.1687520480878599 0
2384 0.1899942652391571 0.179441607632997 0
2385 0.1973417484762197 0.188227183787212 0
2386 0.1851999202921917 0.1893516010477439 0
2387 0.2085765983045549 0.1863232284046811 0
2388 0.204714868483178 0.1969998120301269 0
2389 0.2120668424255241 0.2057847170233707 0
2390 0.1998912675864624 0.2068653526639635 0
2391 0.223301832305408 0.203880434237168 0
2392 0.219443460669573 0.2145548300456564 0
2393 0.2267975314686314 0.223339007799582 0
2394 0.2145883117422702 0.2243786376052907 0
2395 0.2380307259430349 0.2214344896173602 0
2396 0.2341752409849416 0.2321075610655486 0
2397 0.2415298510514847 0.2408910867182281 0
2398 0.2292874987795111 0.2418910349478798 0
2399 0.2527607540645429 0.2389871971765807 0
2400 0.2489074602359278 0.2496590982017545 0
2401 0.2562618124978902 0.2584423968731307 0
2402 0.2439866848238577 0.2594028959462954 0
2403 0.2674906193988356 0.2565397608004477 0
2404 0.2636390404896526 0.2672104319419703 0
2405 0.2709929548532068 0.2759938161710733 0
2406 0.2586851678146216 0.2769146832649407 0
2407 0.2822294269040884 0.2740800140074944 0
2408 0.2783714831306708 0.284759925867599 0
2409 0.2857237409609195 0.2935452623129969 0
2410 0.2735508059077583 0.2946086792596528 0
2411 0.29708865535226 0.2915193391467438 0
2412 0.2940209233031129 0.3031895791426301 0
2413 0.2818499339730061 0.3205639463388863 0
2414 0.3401355964316857 0.3901004961860039 0
2415 0.2962375386170988 0.3378707250224219 0
2416 0.4884034853325723 0.4816989615514474 0
2417 0.5102375912197396 0.4817619762451045 0
2418 0.4802036595516228 0.4486021617212961 0
2419 0.06215191515594753 0.05892422849382484 0
2420 0.3855349911104012 0.4393554056983279 0
2421 0.4671654399837778 0.4800134784335232 0
2422 0.0381990784301508 0.008651252056033842 0
2423 0.3555906380378923 0.391290271519576 0
2424 0.1491893324103759 0.1459597919970801 0
2425 0.1637696458604476 0.1634098516064475 0
2426 0.1501641928654509 0.1640201493412099 0
2427 0.1652857549681447 0.1815800292652437 0
2428 0.1333952223738283 0.1279954247525838 0
2429 0.1780055050902759 0.1806462452970013 0
2430 0.1362379109376457 0.1467258019039428 0
2431 0.1799270972408266 0.19904105508846 0
2432 0.05757928020270031 0.03911403765520149 0
2433 0.1926990408012911 0.1981612857391805 0
2434 0.2068472779147431 0.2154204561933073 0
2435 0.1940517179010151 0.2163376553896418 0
2436 0.2215312814292645 0.2329226460960488 0
2437 0.2086799909388252 0.2337882829239915 0
2438 0.2362165490525175 0.2504235592972428 0
2439 0.223310614868332 0.2512369800091689 0
2440 0.1186931644800484 0.1106956673365347 0
2441 0.2509018070158799 0.2679239789968231 0
2442 0.2379422825302308 0.2686847382045807 0
2443 0.2657824384857356 0.2856367892991685 0
2444 0.2528328903280489 0.2862812504923466 0
2445 0.1212200470657702 0.1292851756533947 0
2446 0.281598313471687 0.3035733422723444 0
2447 0.2684915235675502 0.304173876431961 0
2448 0.05074480682511595 0.02980293410261525 0
2449 0.372035294534298 0.4132852708977939 0
2450 0.446482982535184 0.4780804854039685 0
2451 0.4277141644819811 0.470520316579037 0
2452 0.4172392860744893 0.4488648924044753 0
2453 0.4084442343418986 0.453166210702958 0
2454 0.1068828175191718 0.1120564621641298 0
2455 0.1037886048755839 0.09318445597048053 0
2456 0.3394150081407495 0.356470799702173 0
2457 0.09152257450599155 0.09435572595974345 0
2458 0.3065167941278507 0.3364656117175792 0
2459 0.5483644962496873 0.4492543588326741 0
2460 0.01741476798811603 0.007893597332030267 0
2461 0.356896176361345 0.3610217772250875 0
2462 0.09161410712791607 0.04585641211855546 0
2463 0.09110926754472337 0.0760430401319222 0
2464 0.3539511699019728 0.4079939246325831 0
2465 0.3100057342002148 0.3558320456194639 0
2466 0.3989559013457308 0.4548712063881165 0
2467 0.3131802743324995 0.3079667539862609 0
2468 0.4252410721744491 0.4531899034460841 0
2469 0.5270730537158511 0.4838986235853585 0
2470 0.5163378238083693 0.4616609382459818 0
2471 0.5248389021258328 0.4489334208737094 0
2472 0.06438932197504077 0.04673952154885619 0
2473 0.4004790118001301 0.4441870193481974 0
2474 0.08898415603961429 0.05499026146471891 0
2475 0.4837703759065399 0.4742453216339251 0
2476 0.4726552765817765 0.4725662745551246 0
2477 0.0275620744632008 0.007285100823175961 0
2478 0.3473386508126603 0.3620548319434223 0
2479 0.07477222738050737 0.07838156248506667 0
2480 0.287206007792464 0.3118191677206202 0
2481 0.3125945547148193 0.3446851736715733 0
2482 0.4480342591241177 0.4687209978895448 0
2483 0.5357243692320465 0.4590044052437383 0
2484 0.5053081315179272 0.4756432824676546 0
2485 0.2905416179680952 0.3206982791307373 0
2486 0.4324807473890048 0.4494774609367338 0
2487 0.4605693509196634 0.4700096138106585 0
2488 0.4095045048593602 0.4623722587887607 0
2489 0.5189282123785481 0.4855009618863991 0
2490 0.4929747256035634 0.4745095167135874 0
2491 0.3032379609356139 0.308538520340498 0
2492 0.06630289521526833 0.03680671710004058 0
2493 0.41673360921754 0.4572598878778851 0
2494 0.4264133780603537 0.4614896391665415 0
2495 0.3481895100138019 0.3875527012461324 0
2496 0.3289465624820235 0.3245091471288789 0
2497 0.3149685464902655 0.3352256207872208 0
2498 0.03373612061120812 0.01583649358043249 0
2499 0.5417799321678034 0.4538327399600801 0
2500 0.4366471807612966 0.4652474289013782 0
2501 0.3568792995730977 0.3992931504664614 0
2502 0.7557139384887566 0.006819467089278386 0
2503 0.6810651031406388 0.4900362551935095 0
2504 0.7405459109314897 0.08571161262447546 0
2505 0.7402366411546339 0.1890382773473725 0
2506 0.7708025668138921 0.3142857142857143 0
2507 0.770802566813892 0.2114285714285717 0
2508 0.7690893136233589 0.29264505405285 0
2509 0.7405974331861077 0.3371428571428571 0
2510 0.770802566813892 0.3714285714285713 0
2511 0.7405974331861077 0.1314285714285713 0
2512 0.7402366411546339 0.1081045797954845 0
2513 0.7406117818639242 0.06289855771302372 0
2514 0.7405974331861077 0.04000000000000037 0
2515 0.7708938235789037 0.245714285714286 0
2516 0.7405974331861077 0.1657142857142855 0
2517 0.770802566813892 0.2685714285714287 0
2518 0.7404078759770309 0.3939573915686522 0
2519 0.7208546607744064 0.4446739868351784 0
2520 0.6989082439461093 0.4570031521707036 0
2521 0.7367844294827152 0.4197170225937114 0
2522 0.6723510171047878 0.4581274163002847 0
2523 0.7402366411546339 0.2347525630616582 0
2524 0.7708938235789035 0.1428571428571432 0
2525 0.7405974331861078 0.3028571428571428 0
2526 0.7708025668138921 0.3485714285714284 0
2527 0.7708938235789036 0.09714285714285725 0
2528 0.7422263521350545 0.2787941074067945 0
2529 0.7690644454366885 0.07312662866883457 0
2530 0.7708025668138919 0.1200000000000001 0
2531 0.770802566813892 0.05142857142857171 0
2532 0.7405974331861078 0.3599999999999999 0
2533 0.770802566813892 0.1771428571428576 0
2534 0.7405974331861078 0.257142857142857 0
2535 0.7213172820667363 0.4800857797231265 0
2536 0.7586832493806933 0.4461155017352785 0
2537 0.7704904636330544 0.4142813087114228 0
2538 0.7691077138332751 0.02972585570478153 0
2539 0.7405974331861077 0.2114285714285711 0
2540 0.770802566813892 0.3942857142857143 0
2541 0.7461821587852066 0.4614457695629157 0
2542 0.7023275863273474 0.4872704920193836 0
2543 0.6614801474684914 0.4811522052826123 0
2544 0.7392621511191216 0.01694465175640825 0
2545 0.7103054044469991 0.4510808697644521 0
2546 0.7211771550409207 0.455905128887687 0
2547 0.7090919495746908 0.4628642456683366 0
2548 0.6980897594741146 0.4684440863907511 0
2549 0.7308945300226496 0.4492340096115985 0
2550 0.7326948058671819 0.4305659974577298 0
2551 0.7440505184744657 0.4289193894628632 0
2552 0.7480964078361817 0.4173757947980234 0
2553 0.7556556000645156 0.4271719977486666 0
2554 0.6890654724935812 0.4625068491787848 0
2555 0.6880241193449602 0.4734930605558806 0
2556 0.6534460220198126 0.4634593498066339 0
2557 0.659583799523079 0.4708170105550099 0
2558 0.6682209090124088 0.4742226943659071 0
2559 0.7409527814516744 0.4064715859311552 0
2560 0.7536322567991769 0.4058764916311701 0
2561 0.7081464073315706 0.4754434752947678 0
2562 0.7328494841712445 0.4614687907177545 0
2563 0.7204855215615211 0.4679531502842251 0
2564 0.6784619953073632 0.4681465612984884 0
2565 0.7311643353516509 0.4731497725977478 0
2566 0.6714786701237159 0.484092111243443 0
2567 0.7394816907040563 0.4413152803527671 0
2568 0.6621308229620464 0.4611783596719787 0
2569 0.7403114352630171 0.02851651968522911 0
2570 0.7500950103291179 0.03462742392056489 0
2571 0.750542324861829 0.04553601799085233 0
2572 0.760901286500357 0.04013629638926175 0
2573 0.7501462861605244 0.02279118711361378 0
2574 0.7718647318125501 0.01716914585939133 0
2575 0.7406207818317949 0.05142754598571042 0
2576 0.750402762398802 0.05717757633505538 0
2577 0.7500769293293833 0.06817396303698087 0
2578 0.7609304972113862 0.0626778161868452 0
2579 0.7708025668138919 0.1657142857142862 0
2580 0.7609963903927958 0.1714285714285721 0
2581 0.7592892513595532 0.1587941074067948 0
2582 0.7592049171179669 0.1840736254814218 0
2583 0.7507183009305027 0.1763456461453532 0
2584 0.7708177762747271 0.1314285714285717 0
2585 0.7609989253029349 0.125714285714286 0
2586 0.7592052792479868 0.1130692316614358 0
2587 0.7507184768926115 0.1207972109975047 0
2588 0.7593048229504084 0.1383487497360628 0
2589 0.7708025668138921 0.2228571428571432 0
2590 0.7609963903927959 0.2171428571428575 0
2591 0.7592892513595533 0.2045083931210805 0
2592 0.759204917117967 0.2297879111957074 0
2593 0.7507183009305028 0.2220599318596385 0
2594 0.7706245098675319 0.1997990179011327 0
2595 0.7706397193283671 0.1540847321868469 0
2596 0.7708177762747274 0.2571428571428573 0
2597 0.760998925302935 0.2628571428571431 0
2598 0.761183167656599 0.2738312205460223 0
2599 0.7502055802127131 0.2681237399213214 0
2600 0.7593048229504086 0.2502226788353661 0
2601 0.7405974331861078 0.3714285714285714 0
2602 0.750403609607204 0.3657142857142857 0
2603 0.7503884001463688 0.3771428571428571 0
2604 0.7503884001463687 0.3542857142857142 0
2605 0.7603922995583235 0.3599999999999999 0
2606 0.7403350311031514 0.1433116365968348 0
2607 0.7402912974226588 0.1539069695026373 0
2608 0.7512162835432259 0.148582249850945 0
2609 0.7705280893785265 0.0855211047781394 0
2610 0.7609051336277839 0.09142857142857197 0
2611 0.7605131359302084 0.08079360219290643 0
2612 0.7706257239764394 0.1083686814673822 0
2613 0.7405796888151333 0.3485714285714285 0
2614 0.7407776629125872 0.2912275893297038 0
2615 0.7501641126284884 0.2975762089023232 0
2616 0.7504201814798861 0.3086082782108387 0
2617 0.7611780171061936 0.3033150792529405 0
2618 0.7405849857040528 0.3142918558922826 0
2619 0.7503890875448066 0.320007165207663 0
2620 0.7405777288011971 0.3257165035166576 0
2621 0.7504739525034957 0.3314301352635772 0
2622 0.7603922995583237 0.3257142857142858 0
2623 0.7603922995583234 0.3371428571428572 0
2624 0.7405480959469538 0.3828024224042992 0
2625 0.7402748990979059 0.2453376001039174 0
2626 0.7511817233123843 0.2400249833448801 0
2627 0.7501863947436085 0.388072996548743 0
2628 0.7603922995583235 0.3828571428571428 0
2629 0.7503794221962804 0.3428574034963104 0
2630 0.7705633636202723 0.2801269981474312 0
2631 0.7603567285968901 0.283970043351112 0
2632 0.7402748990979058 0.1996233143896317 0
2633 0.7511794987994049 0.1943106976305944 0
2634 0.7706256636214361 0.234488461389761 0
2635 0.7405974331861077 0.0971428571428572 0
2636 0.7512865069216488 0.1023995485657259 0
2637 0.7705807780028742 0.1887406786589974 0
2638 0.7613087028895523 0.02285842302796276 0
2639 0.7404274351232321 0.07421565804916935 0
2640 0.7724423134295049 0.04025814470452299 0
2641 0.7642470056838737 0.01016792217468826 0
2642 0.7471450201311921 0.01012562731525546 0
2643 0.7499299886145955 0.07993838634910716 0
2644 0.7587158875572533 0.05139125566611724 0
2645 0.7724395018923933 0.06258946039970747 0
2646 0.7591438603388577 0.3485714551672618 0
2647 0.7625832934705525 0.1024817780531946 0
2648 0.7724939795086889 0.3031920266611581 0
2649 0.7617500889169202 0.1485575684534001 0
2650 0.7711868346751827 0.3366470319906387 0
2651 0.7401163004499035 0.2232122473339401 0
2652 0.7508136761953308 0.2871784417726693 0
2653 0.7616581916841092 0.2400124073552689 0
2654 0.7520054431053285 0.2574096055494212 0
2655 0.7518372723631555 0.1313281408484264 0
2656 0.738885873106775 0.268240712322766 0
2657 0.7584758351368224 0.3714285714285713 0
2658 0.7727563402094797 0.325615120683842 0
2659 0.7401163004499034 0.1774979616196543 0
2660 0.7501249494510578 0.09094453481762049 0
2661 0.7592282648521143 0.3143369338002928 0
2662 0.7518354068056958 0.211529002008717 0
2663 0.7617162007526981 0.1942859942685609 0
2664 0.7720283621148086 0.3599999999999999 0
2665 0.7518354068056957 0.1658147162944315 0
2666 0.7726794866372215 0.3828571428571428 0
2667 0.7401163080839668 0.1196448955232029 0
2668 0.7581999381193839 0.3954957757872792 0
2669 0.764828587683548 0.4038522457032771 0
2670 0.6917442680494379 0.4903499308420527 0
2671 0.758942807734309 0.4158501317534495 0
2672 0.6441116894862564 0.4530269402646807 0
2673 0.7510178809431035 0.4377945575559126 0
2674 0.747759036616103 0.448638159338922 0
2675 0.7122032560677449 0.4853933121518711 0
2676 0.7630214491972943 0.4359853629701492 0
2677 0.7671261333338923 0.4253318890872351 0
2678 0.679061565250203 0.4785094584343151 0
2679 0.6963140221359343 0.4791954482914069 0
2680 0.6631348085145684 0.4907087105431205 0
2681 0.7400827250692539 0.4697230249561534 0
2682 0.6703346803920971 0.4660680594110502 0
2683 0.681275798647524 0.4577558737606521 0
2684 0.7486758494181749 0.3979748482934 0
2685 0.739863096724374 0.4537260341308489 0
2686 0.7548903390036892 0.4550128351914811 0
2687 0.6872418155842348 0.4823168306634329 0
2688 0.7286015848772389 0.439566610991305 0
2689 0.7585770110790786 0.03115002976575793 0
2690 0.7735196699235185 0.4051751759061171 0
2691 0.7488489942193787 0.1576086862998655 0
2692 0.7488462254215562 0.203323816518424 0
2693 0.7488302244488034 0.2491848218201814 0
2694 0.7527734333577322 0.2778375646219168 0
2695 0.7488521788731063 0.1395392412051139 0
2696 0.6724452043485202 0.4923264869893172 0
2697 0.748671746496011 0.1119651142242995 0
2698 0.748578635293665 0.2306556876210071 0
2699 0.7586093742826197 0.2937585640048417 0
2700 0.7485784083025445 0.1849414019067215 0
2701 0.7584201286264968 0.07210346224587999 0
2702 0.6535139061720926 0.455845535626739 0
2703 0.7377076166660902 0.007638257023511841 0
2704 0.7736508122573387 0.00767760801777051 0
2705 0.7557121906707798 0.01455252534415974 0
2706 0.6633589164525698 0.4544077509870729 0
2707 0.6337657828287638 0.4629135985693394 0
2708 0.5585164718071479 0.4588166366219236 0
2709 0.5837302052660995 0.4845030848382648 0
2710 0.6057432317312939 0.4857099744018689 0
2711 0.5797053209950194 0.4543087056762649 0
2712 0.613019201062724 0.4559896616893967 0
2713 0.6273557903153076 0.4878810678659024 0
2714 0.5619909480404628 0.4844554416390919 0
2715 0.6412397260082168 0.4776013815793028 0
2716 0.5479362085459905 0.4731685950204034 0
2717 0.568225818897039 0.4537362718746399 0
2718 0.5740710811610408 0.4631388244110841 0
2719 0.5846634149292083 0.4640792455435636 0
2720 0.578500196193101 0.4731955121955361 0
2721 0.589602840796935 0.4742851474082121 0
2722 0.5955725710140525 0.4648796491380027 0
2723 0.5676207163300313 0.4723931938154353 0
2724 0.601025075002996 0.4749486188701571 0
2725 0.6249474674973092 0.45664279650887 0
2726 0.6181000792277508 0.4655568081483405 0
2727 0.6071770676360928 0.465406335703401 0
2728 0.6126823751535303 0.4750792433488478 0
2729 0.6239077725321365 0.4747693403578548 0
2730 0.5729391847830343 0.4831350868865301 0
2731 0.6165597144670234 0.4854389474439416 0
2732 0.5947431996734998 0.4851087566108261 0
2733 0.5521201111726635 0.4832565966564837 0
2734 0.63711887136699 0.4876962002773251 0
2735 0.5906987286684715 0.4549591381856942 0
2736 0.6018070247637598 0.45558232076165 0
2737 0.5570044038964993 0.4741958061461315 0
2738 0.6325374926950738 0.4795091951035728 0
2739 0.5526362937840055 0.4657386048735194 0
2740 0.6397420120158774 0.4686492412786385 0
2741 0.6454546522993525 0.4863257358936462 0
2742 0.5438534211400148 0.4810954482428323 0
2743 0.6316953515467414 0.4711876458051235 0
2744 0.5608499835461399 0.4672146923987084 0
2745 0.5657533447555378 0.4610682445629218 0
2746 0.6262656056128302 0.4654202466276574 0
$EndNodes
$Elements
5492
1 15 2 6 13 13
2 15 2 7 16 16
3 1 2 5 6 6 86
4 1 2 5 6 86 87
5 1 2 5 6 87 88
6 1 2 5 6 88 89
7 1 2 5 6 89 90
8 1 2 5 6 90 91
9 1 2 5 6 91 92
10 1 2 5 6 92 93
11 1 2 5 6 93 94
12 1 2 5 6 94 95
13 1 2 5 6 95 96
14 1 2 5 6 96 97
15 1 2 5 6 97 98
16 1 2 5 6 98 99
17 1 2 5 6 99 100
18 1 2 5 6 100 101
19 1 2 5 6 101 102
20 1 2 5 6 102 103
21 1 2 5 6 103 104
22 1 2 5 6 104 105
23 1 2 5 6 105 106
24 1 2 5 6 106 107
25 1 2 5 6 107 108
26 1 2 5 6 108 109
27 1 2 5 6 109 110
28 1 2 5 6 110 111
29 1 2 5 6 111 112
30 1 2 5 6 112 113
31 1 2 5 6 113 114
32 1 2 5 6 114 115
33 1 2 5 6 115 116
34 1 2 5 6 116 117
35 1 2 5 6 117 118
36 1 2 5 6 118 119
37 1 2 5 6 119 120
38 1 2 5 6 120 121
39 1 2 5 6 121 122
40 1 2 5 6 122 123
41 1 2 5 6 123 124
42 1 2 5 6 124 125
43 1 2 5 6 125 126
44 1 2 5 6 126 127
45 1 2 5 6 127 128
46 1 2 5 6 128 129
47 1 2 5 6 129 130
48 1 2 5 6 130 131
49 1 2 5 6 131 132
50 1 2 5 6 132 133
51 1 2 5 6 133 134
52 1 2 5 6 134 135
53 1 2 5 6 135 136
54 1 2 5 6 136 137
55 1 2 5 6 137 138
56 1 2 5 6 138 139
57 1 2 5 6 139 140
58 1 2 5 6 140 141
59 1 2 5 6 141 142
60 1 2 5 6 142 7
61 1 2 4 10 9 188
62 1 2 4 10 188 189
63 1 2 4 10 189 190
64 1 2 4 10 190 191
65 1 2 4 10 191 192
66 1 2 4 10 192 10
67 1 2 4 11 10 193
68 1 2 4 11 193 194
69 1 2 4 11 194 195
70 1 2 4 11 195 196
71 1 2 4 11 196 197
72 1 2 4 11 197 198
73 1 2 4 11 198 199
74 1 2 4 11 199 200
75 1 2 4 11 200 201
76 1 2 4 11 201 202
77 1 2 4 11 202 11
78 1 2 4 12 11 203
79 1 2 4 12 203 204
80 1 2 4 12 204 205
81 1 2 4 12 205 206
82 1 2 4 12 206 207
83 1 2 4 12 207 208
84 1 2 4 12 208 209
85 1 2 4 12 209 210
86 1 2 4 12 210 211
87 1 2 4 12 211 212
88 1 2 4 12 212 213
89 1 2 4 12 213 214
90 1 2 4 12 214 215
91 1 2 4 12 215 216
92 1 2 4 12 216 217
93 1 2 4 12 217 218
94 1 2 4 12 218 219
95 1 2 4 12 219 220
96 1 2 4 12 220 221
97 1 2 4 12 221 222
98 1 2 4 12 222 223
99 1 2 4 12 223 224
100 1 2 4 12 224 225
101 1 2 4 12 225 226
102 1 2 4 12 226 227
103 1 2 4 12 227 228
104 1 2 4 12 228 229
105 1 2 4 12 229 230
106 1 2 4 12 230 231
107 1 2 4 12 231 232
108 1 2 4 12 232 233
109 1 2 4 12 233 234
110 1 2 4 12 234 235
111 1 2 4 12 235 236
112 1 2 4 12 236 237
113 1 2 4 12 237 238
114 1 2 4 12 238 239
115 1 2 4 12 239 240
116 1 2 4 12 240 241
117 1 2 4 12 241 242
118 1 2 4 12 242 243
119 1 2 4 12 243 244
120 1 2 4 12 244 245
121 1 2 4 12 245 246
122 1 2 4 12 246 247
123 1 2 4 12 247 248
124 1 2 4 12 248 249
125 1 2 4 12 249 250
126 1 2 4 12 250 251
127 1 2 4 12 251 12
128 1 2 5 13 12 252
129 1 2 5 13 252 253
130 1 2 5 13 253 254
131 1 2 5 13 254 255
132 1 2 5 13 255 256
133 1 2 5 13 256 6
134 1 2 4 14 13 257
135 1 2 4 14 257 14
136 1 2 5 16 7 263
137 1 2 5 16 263 264
138 1 2 5 16 264 265
139 1 2 5 16 265 266
140 1 2 5 16 266 15
141 1 2 4 17 15 267
142 1 2 4 17 267 268
143 1 2 4 17 268 269
144 1 2 4 17 269 270
145 1 2 4 17 270 271
146 1 2 4 17 271 272
147 1 2 4 17 272 273
148 1 2 4 17 273 274
149 1 2 4 17 274 275
150 1 2 4 17 275 276
151 1 2 4 17 276 277
152 1 2 4 17 277 278
153 1 2 4 17 278 279
154 1 2 4 17 279 280
155 1 2 4 17 280 281
156 1 2 4 17 281 282
157 1 2 4 17 282 283
158 1 2 4 17 283 284
159 1 2 4 17 284 285
160 1 2 4 17 285 286
161 1 2 4 17 286 287
162 1 2 4 17 287 288
163 1 2 4 17 288 289
164 1 2 4 17 289 290
165 1 2 4 17 290 291
166 1 2 4 17 291 292
167 1 2 4 17 292 293
168 1 2 4 17 293 294
169 1 2 4 17 294 295
170 1 2 4 17 295 296
171 1 2 4 17 296 297
172 1 2 4 17 297 298
173 1 2 4 17 298 299
174 1 2 4 17 299 300
175 1 2 4 17 300 16
176 1 2 4 18 16 301
177 1 2 4 18 301 302
178 1 2 4 18 302 303
179 1 2 4 18 303 304
180 1 2 4 18 304 305
181 1 2 4 18 305 306
182 1 2 4 18 306 307
183 1 2 4 18 307 308
184 1 2 4 18 308 309
185 1 2 4 18 309 310
186 1 2 4 18 310 311
187 1 2 4 18 311 312
188 1 2 4 18 312 313
189 1 2 4 18 313 13
190 1 2 4 20 14 319
191 1 2 4 20 319 320
192 1 2 4 20 320 321
193 1 2 4 20 321 322
194 1 2 4 20 322 323
195 1 2 4 20 323 324
196 1 2 4 20 324 325
197 1 2 4 20 325 326
198 1 2 4 20 326 327
199 1 2 4 20 327 328
200 1 2 4 20 328 9
201 2 2 1 1 1380 1666 391
202 2 2 1 1 2039 2075 1566
203 2 2 1 1 1504 1920 1350
204 2 2 1 1 1503 1920 1504
205 2 2 1 1 942 1702 1619
206 2 2 1 1 34 1988 35
207 2 2 1 1 353 1411 1410
208 2 2 1 1 390 1988 34
209 2 2 1 1 1165 1624 1623
210 2 2 1 1 557 1404 1377
211 2 2 1 1 1346 1648 1345
212 2 2 1 1 1890 2183 389
213 2 2 1 1 391 2075 1380
214 2 2 1 1 831 1479 1454
215 2 2 1 1 1648 2170 1345
216 2 2 1 1 1620 1678 1255
217 2 2 1 1 1165 2101 1624
218 2 2 1 1 349 2032 1474
219 2 2 1 1 112 1627 111
220 2 2 1 1 1377 1479 557
221 2 2 1 1 1387 1653 382
222 2 2 1 1 1651 1677 1650
223 2 2 1 1 353 1431 1411
224 2 2 1 1 1613 1694 1612
225 2 2 1 1 397 2108 1458
226 2 2 1 1 1606 2145 1101
227 2 2 1 1 1890 2209 2183
228 2 2 1 1 1433 1868 1137
229 2 2 1 1 1370 2177 360
230 2 2 1 1 360 1989 1370
231 2 2 1 1 1409 2090 1446
232 2 2 1 1 1461 1838 1268
233 2 2 1 1 1395 1397 368
234 2 2 1 1 44 1567 45
235 2 2 1 1 1585 1664 385
236 2 2 1 1 1474 2067 349
237 2 2 1 1 1694 2117 1612
238 2 2 1 1 1299 1626 1624
239 2 2 1 1 1299 1627 1626
240 2 2 1 1 340 1881 1668
241 2 2 1 1 1446 2090 1405
242 2 2 1 1 2183 2209 1399
243 2 2 1 1 961 1592 1590
244 2 2 1 1 382 2150 1387
245 2 2 1 1 1651 2151 1677
246 2 2 1 1 1619 1703 942
247 2 2 1 1 1388 2069 380
248 2 2 1 1 25 1383 334
249 2 2 1 1 1620 2117 1678
250 2 2 1 1 351 1406 1389
251 2 2 1 1 1383 1416 334
252 2 2 1 1 1994 2161 1353
253 2 2 1 1 1454 1479 1377
254 2 2 1 1 371 1424 1396
255 2 2 1 1 1566 2075 1567
256 2 2 1 1 394 1408 1407
257 2 2 1 1 1381 2075 2039
258 2 2 1 1 1101 2168 2048
259 2 2 1 1 1021 1868 1433
260 2 2 1 1 368 1425 1395
261 2 2 1 1 1400 1470 775
262 2 2 1 1 1217 1828 1424
263 2 2 1 1 2048 2168 1576
264 2 2 1 1 1434 2227 2020
265 2 2 1 1 1389 1438 351
266 2 2 1 1 1435 2013 1844
267 2 2 1 1 1476 2039 1575
268 2 2 1 1 1215 2017 1631
269 2 2 1 1 1298 2136 1299
270 2 2 1 1 1458 2181 397
271 2 2 1 1 380 2143 1388
272 2 2 1 1 842 2145 2011
273 2 2 1 1 1631 2198 1215
274 2 2 1 1 1644 2094 1232
275 2 2 1 1 1626 1627 112
276 2 2 1 1 111 1627 377
277 2 2 1 1 1393 1438 1390
278 2 2 1 1 397 2176 2108
279 2 2 1 1 413 1436 411
280 2 2 1 1 1362 1838 1461
281 2 2 1 1 355 2161 1994
282 2 2 1 1 1417 1881 340
283 2 2 1 1 354 1877 1398
284 2 2 1 1 1396 1423 371
285 2 2 1 1 1430 1471 1090
286 2 2 1 1 1101 2048 1606
287 2 2 1 1 1333 1416 1163
288 2 2 1 1 376 2114 1406
289 2 2 1 1 1607 2145 1606
290 2 2 1 1 961 2084 1592
291 2 2 1 1 2012 2076 1675
292 2 2 1 1 402 1471 404
293 2 2 1 1 389 2122 1890
294 2 2 1 1 45 1567 391
295 2 2 1 1 396 1567 44
296 2 2 1 1 1232 1730 1644
297 2 2 1 1 372 1722 1548
298 2 2 1 1 1434 2020 2018
299 2 2 1 1 1481 2054 1199
300 2 2 1 1 1424 1828 1396
301 2 2 1 1 1376 2034 2033
302 2 2 1 1 1342 2034 1376
303 2 2 1 1 1470 1863 775
304 2 2 1 1 1268 1906 1461
305 2 2 1 1 1199 2185 1481
306 2 2 1 1 1382 2200 23
307 2 2 1 1 403 1479 401
308 2 2 1 1 775 1471 1400
309 2 2 1 1 348 1658 1654
310 2 2 1 1 1406 2130 376
311 2 2 1 1 350 1447 400
312 2 2 1 1 1411 1433 1137
313 2 2 1 1 1105 2114 1602
314 2 2 1 1 1374 2027 2026
315 2 2 1 1 1201 2027 1374
316 2 2 1 1 1410 1412 353
317 2 2 1 1 1602 2169 1105
318 2 2 1 1 1879 2096 361
319 2 2 1 1 1585 2132 1664
320 2 2 1 1 2011 2145 1607
321 2 2 1 1 2055 2111 1674
322 2 2 1 1 1702 1975 1619
323 2 2 1 1 1270 2055 1670
324 2 2 1 1 487 2131 2010
325 2 2 1 1 587 2158 2031
326 2 2 1 1 510 2142 2022
327 2 2 1 1 1158 2152 2139
328 2 2 1 1 528 2148 2026
329 2 2 1 1 1592 2084 901
330 2 2 1 1 1195 2094 2069
331 2 2 1 1 1881 2219 1668
332 2 2 1 1 1297 1751 1703
333 2 2 1 1 23 2200 1447
334 2 2 1 1 1388 1645 1352
335 2 2 1 1 1469 1863 1470
336 2 2 1 1 1270 2111 2055
337 2 2 1 1 1255 1974 1620
338 2 2 1 1 1566 1567 396
339 2 2 1 1 1476 1575 366
340 2 2 1 1 1670 2127 1270
341 2 2 1 1 1299 2136 1627
342 2 2 1 1 1409 1446 549
343 2 2 1 1 2140 2146 1671
344 2 2 1 1 901 2191 1592
345 2 2 1 1 549 1435 1409
346 2 2 1 1 340 1927 1417
347 2 2 1 1 1436 2013 1435
348 2 2 1 1 1163 1416 1203
349 2 2 1 1 1398 2062 354
350 2 2 1 1 21 398 1
351 2 2 1 1 1381 2039 1476
352 2 2 1 1 1332 2054 1481
353 2 2 1 1 2139 2152 1661
354 2 2 1 1 1582 2096 1879
355 2 2 1 1 1390 1438 1389
356 2 2 1 1 1403 1438 1393
357 2 2 1 1 1645 2107 1352
358 2 2 1 1 1580 1581 364
359 2 2 1 1 834 2012 1675
360 2 2 1 1 1634 2154 1224
361 2 2 1 1 2007 2104 669
362 2 2 1 1 2007 2008 1367
363 2 2 1 1 1224 2164 1634
364 2 2 1 1 395 2106 1810
365 2 2 1 1 6 86 41
366 2 2 1 1 459 2044 1955
367 2 2 1 1 1367 2008 1077
368 2 2 1 1 1721 2170 1652
369 2 2 1 1 557 1405 1404
370 2 2 1 1 1481 2123 1332
371 2 2 1 1 1090 1471 402
372 2 2 1 1 1425 1449 1115
373 2 2 1 1 413 1501 1436
374 2 2 1 1 1407 2059 394
375 2 2 1 1 2000 2099 570
376 2 2 1 1 1685 2097 1574
377 2 2 1 1 411 1436 549
378 2 2 1 1 1572 1981 373
379 2 2 1 1 1655 2109 1357
380 2 2 1 1 387 1848 1413
381 2 2 1 1 2020 2227 363
382 2 2 1 1 1348 1938 1936
383 2 2 1 1 1987 1988 390
384 2 2 1 1 1173 1943 1938
385 2 2 1 1 1173 1938 1348
386 2 2 1 1 585 1943 1173
387 2 2 1 1 1208 2025 1923
388 2 2 1 1 1810 2019 395
389 2 2 1 1 365 2146 2140
390 2 2 1 1 400 1447 1090
391 2 2 1 1 401 1479 831
392 2 2 1 1 175 2066 2038
393 2 2 1 1 404 1471 775
394 2 2 1 1 1380 2061 1666
395 2 2 1 1 385 2061 1585
396 2 2 1 1 1357 2150 1655
397 2 2 1 1 1654 1658 1651
398 2 2 1 1 1643 2094 1644
399 2 2 1 1 2069 2094 1643
400 2 2 1 1 1582 2034 1342
401 2 2 1 1 2031 2158 1375
402 2 2 1 1 1397 2224 368
403 2 2 1 1 375 1420 1418
404 2 2 1 1 24 1382 23
405 2 2 1 1 369 2187 2178
406 2 2 1 1 384 2087 2023
407 2 2 1 1 2178 2187 1412
408 2 2 1 1 2026 2148 1374
409 2 2 1 1 1419 2220 126
410 2 2 1 1 2022 2142 1372
411 2 2 1 1 557 1479 403
412 2 2 1 1 2010 2131 1547
413 2 2 1 1 26 1383 25
414 2 2 1 1 22 1447 350
415 2 2 1 1 1448 1449 1425
416 2 2 1 1 541 1863 1469
417 2 2 1 1 1415 1641 1351
418 2 2 1 1 149 1448 150
419 2 2 1 1 1454 2209 831
420 2 2 1 1 1703 1751 942
421 2 2 1 1 1297 1703 1298
422 2 2 1 1 1421 2193 337
423 2 2 1 1 1359 2186 1360
424 2 2 1 1 126 2105 1419
425 2 2 1 1 1612 2117 1620
426 2 2 1 1 1582 1879 1581
427 2 2 1 1 2147 2160 1656
428 2 2 1 1 372 2206 1722
429 2 2 1 1 1424 2223 1217
430 2 2 1 1 2144 2156 1662
431 2 2 1 1 1417 1927 1315
432 2 2 1 1 1540 2134 2133
433 2 2 1 1 2137 2141 1663
434 2 2 1 1 1532 2129 2126
435 2 2 1 1 2186 2219 1360
436 2 2 1 1 1400 1471 1430
437 2 2 1 1 541 1469 1467
438 2 2 1 1 1844 2013 1428
439 2 2 1 1 834 2011 1610
440 2 2 1 1 1426 1482 1456
441 2 2 1 1 1456 1482 885
442 2 2 1 1 2124 2128 1521
443 2 2 1 1 1981 2182 373
444 2 2 1 1 1333 2166 1416
445 2 2 1 1 1115 1825 1425
446 2 2 1 1 337 2121 1421
447 2 2 1 1 1425 1825 1395
448 2 2 1 1 1052 1902 1591
449 2 2 1 1 380 2069 1643
450 2 2 1 1 1090 2200 1430
451 2 2 1 1 1591 2191 1052
452 2 2 1 1 667 2160 2147
453 2 2 1 1 1420 1902 1768
454 2 2 1 1 2020 2119 2019
455 2 2 1 1 1762 1914 1259
456 2 2 1 1 981 1972 797
457 2 2 1 1 596 1429 1427
458 2 2 1 1 590 2156 2144
459 2 2 1 1 375 1421 1420
460 2 2 1 1 880 1482 1426
461 2 2 1 1 1467 1866 541
462 2 2 1 1 579 1544 565
463 2 2 1 1 1574 2097 345
464 2 2 1 1 1466 1866 1467
465 2 2 1 1 1495 1986 1940
466 2 2 1 1 85 1958 5
467 2 2 1 1 344 1448 149
468 2 2 1 1 1309 1903 1450
469 2 2 1 1 924 1544 1428
470 2 2 1 1 2126 2129 518
471 2 2 1 1 2133 2134 535
472 2 2 1 1 1345 2170 1721
473 2 2 1 1 398 2122 1
474 2 2 1 1 1283 1429 596
475 2 2 1 1 1202 2141 2137
476 2 2 1 1 489 2128 2124
477 2 2 1 1 2070 2071 1594
478 2 2 1 1 1468 1469 1206
479 2 2 1 1 1367 2104 2007
480 2 2 1 1 662 2071 2070
481 2 2 1 1 2063 2068 1600
482 2 2 1 1 1955 2044 1251
483 2 2 1 1 612 2068 2063
484 2 2 1 1 1610 2012 834
485 2 2 1 1 1263 1960 1379
486 2 2 1 1 1490 1973 1966
487 2 2 1 1 150 1448 368
488 2 2 1 1 2030 2041 1552
489 2 2 1 1 1279 1946 1940
490 2 2 1 1 397 2181 1383
491 2 2 1 1 1426 1450 880
492 2 2 1 1 1361 2099 2000
493 2 2 1 1 1983 2001 870
494 2 2 1 1 1498 1978 1931
495 2 2 1 1 2047 2049 1344
496 2 2 1 1 1342 2096 1582
497 2 2 1 1 2065 2078 1766
498 2 2 1 1 532 2049 2047
499 2 2 1 1 1923 2025 494
500 2 2 1 1 1308 1946 1279
501 2 2 1 1 1466 1472 1272
502 2 2 1 1 1469 1470 1206
503 2 2 1 1 2091 2093 1759
504 2 2 1 1 1983 1984 1317
505 2 2 1 1 1155 1925 1571
506 2 2 1 1 1359 2127 1670
507 2 2 1 1 1283 1459 1429
508 2 2 1 1 396 2212 1566
509 2 2 1 1 1273 1792 981
510 2 2 1 1 1779 1792 1273
511 2 2 1 1 519 2041 2030
512 2 2 1 1 1741 2078 2065
513 2 2 1 1 349 2067 1785
514 2 2 1 1 1440 1525 833
515 2 2 1 1 1317 1984 1318
516 2 2 1 1 1142 1525 1440
517 2 2 1 1 1698 1969 1918
518 2 2 1 1 394 2038 1408
519 2 2 1 1 1427 1544 596
520 2 2 1 1 2038 2066 1408
521 2 2 1 1 1272 1866 1466
522 2 2 1 1 1421 1902 1420
523 2 2 1 1 1402 2076 2012
524 2 2 1 1 1468 1757 996
525 2 2 1 1 1450 1903 880
526 2 2 1 1 565 1544 924
527 2 2 1 1 348 2113 1658
528 2 2 1 1 1206 1757 1468
529 2 2 1 1 1670 2186 1359
530 2 2 1 1 1652 2112 1721
531 2 2 1 1 1456 1937 1263
532 2 2 1 1 177 367 178
533 2 2 1 1 2050 2053 1349
534 2 2 1 1 734 1445 1443
535 2 2 1 1 144 1431 353
536 2 2 1 1 1444 1531 1443
537 2 2 1 1 1413 2082 387
538 2 2 1 1 514 2053 2050
539 2 2 1 1 1267 1838 1571
540 2 2 1 1 1443 1531 734
541 2 2 1 1 1444 1789 1753
542 2 2 1 1 409 1446 407
543 2 2 1 1 1268 1838 1267
544 2 2 1 1 2023 2087 1328
545 2 2 1 1 1444 1753 1531
546 2 2 1 1 339 2107 1645
547 2 2 1 1 368 1448 1425
548 2 2 1 1 695 1494 696
549 2 2 1 1 1205 1470 1400
550 2 2 1 1 1431 1432 1411
551 2 2 1 1 596 1544 579
552 2 2 1 1 1018 1492 1257
553 2 2 1 1 1753 1789 728
554 2 2 1 1 1512 1905 1510
555 2 2 1 1 1490 1872 1489
556 2 2 1 1 5 1958 390
557 2 2 1 1 818 2060 2057
558 2 2 1 1 1056 1457 1327
559 2 2 1 1 553 2093 2091
560 2 2 1 1 549 1446 409
561 2 2 1 1 1007 1869 1018
562 2 2 1 1 143 1431 144
563 2 2 1 1 1457 1458 1327
564 2 2 1 1 1306 1511 1510
565 2 2 1 1 1422 2177 1370
566 2 2 1 1 704 1742 706
567 2 2 1 1 1792 1972 981
568 2 2 1 1 182 363 8
569 2 2 1 1 1306 1763 1511
570 2 2 1 1 352 2109 1655
571 2 2 1 1 351 2130 1406
572 2 2 1 1 1206 1470 1205
573 2 2 1 1 977 1849 1459
574 2 2 1 1 1257 1844 1428
575 2 2 1 1 1768 1902 1052
576 2 2 1 1 1789 1864 728
577 2 2 1 1 1966 1973 1322
578 2 2 1 1 1234 1398 1103
579 2 2 1 1 731 1872 1490
580 2 2 1 1 1810 2106 367
581 2 2 1 1 1581 2184 364
582 2 2 1 1 1571 1925 1267
583 2 2 1 1 2036 2040 601
584 2 2 1 1 1108 1466 1465
585 2 2 1 1 1451 1453 647
586 2 2 1 1 549 1436 1435
587 2 2 1 1 833 1857 1440
588 2 2 1 1 1108 1472 1466
589 2 2 1 1 1609 2048 2037
590 2 2 1 1 503 1455 505
591 2 2 1 1 1820 1878 1507
592 2 2 1 1 734 1494 1445
593 2 2 1 1 1017 1022 1020
594 2 2 1 1 2015 2028 1852
595 2 2 1 1 1319 1944 1523
596 2 2 1 1 647 1462 1451
597 2 2 1 1 1360 2219 1881
598 2 2 1 1 179 395 180
599 2 2 1 1 1826 1829 1452
600 2 2 1 1 1022 1103 1102
601 2 2 1 1 1310 1475 520
602 2 2 1 1 1459 1849 1429
603 2 2 1 1 1432 1433 1411
604 2 2 1 1 1450 1496 1309
605 2 2 1 1 1492 1844 1257
606 2 2 1 1 1022 1234 1103
607 2 2 1 1 766 1494 695
608 2 2 1 1 1326 1921 1917
609 2 2 1 1 771 1829 1826
610 2 2 1 1 1428 1544 1427
611 2 2 1 1 1017 1020 1015
612 2 2 1 1 1108 1465 1464
613 2 2 1 1 1102 1454 1377
614 2 2 1 1 1573 2135 1994
615 2 2 1 1 1940 1986 1279
616 2 2 1 1 1180 1922 1505
617 2 2 1 1 1139 1909 1857
618 2 2 1 1 1475 1485 520
619 2 2 1 1 1960 1987 1379
620 2 2 1 1 1016 1017 1015
621 2 2 1 1 499 1462 501
622 2 2 1 1 1990 2226 1401
623 2 2 1 1 1465 1468 996
624 2 2 1 1 706 1742 1528
625 2 2 1 1 1022 1441 1234
626 2 2 1 1 1203 1458 1457
627 2 2 1 1 1462 1827 1452
628 2 2 1 1 344 1449 1448
629 2 2 1 1 696 1494 734
630 2 2 1 1 1014 1015 1013
631 2 2 1 1 1510 1905 1306
632 2 2 1 1 1020 1683 1015
633 2 2 1 1 1261 1456 1263
634 2 2 1 1 1931 1978 1047
635 2 2 1 1 1018 1869 1492
636 2 2 1 1 728 1742 704
637 2 2 1 1 1472 1772 1272
638 2 2 1 1 1269 1473 958
639 2 2 1 1 1346 1998 1648
640 2 2 1 1 501 1462 647
641 2 2 1 1 332 1461 1460
642 2 2 1 1 647 1455 503
643 2 2 1 1 1493 1840 1300
644 2 2 1 1 990 1163 983
645 2 2 1 1 32 388 33
646 2 2 1 1 1205 1333 1163
647 2 2 1 1 1398 1399 1103
648 2 2 1 1 761 1464 996
649 2 2 1 1 1110 1889 1683
650 2 2 1 1 1573 2171 2135
651 2 2 1 1 1022 1102 1020
652 2 2 1 1 148 1463 344
653 2 2 1 1 1400 1430 1333
654 2 2 1 1 1432 1434 1433
655 2 2 1 1 2032 2199 1474
656 2 2 1 1 1453 1455 647
657 2 2 1 1 1011 1013 1012
658 2 2 1 1 809 983 838
659 2 2 1 1 693 1464 761
660 2 2 1 1 426 1486 428
661 2 2 1 1 1019 1889 1112
662 2 2 1 1 1917 1921 739
663 2 2 1 1 1110 1683 1020
664 2 2 1 1 1918 1969 1325
665 2 2 1 1 1937 1960 1263
666 2 2 1 1 767 809 787
667 2 2 1 1 809 990 983
668 2 2 1 1 1464 1465 996
669 2 2 1 1 546 1501 415
670 2 2 1 1 1079 1080 886
671 2 2 1 1 423 1840 1493
672 2 2 1 1 1484 1851 1296
673 2 2 1 1 1836 1856 889
674 2 2 1 1 761 767 766
675 2 2 1 1 653 1807 1477
676 2 2 1 1 332 1460 31
677 2 2 1 1 1452 1827 1826
678 2 2 1 1 730 1851 1484
679 2 2 1 1 1483 1551 1125
680 2 2 1 1 1013 1019 1012
681 2 2 1 1 366 1576 1476
682 2 2 1 1 1210 1551 1483
683 2 2 1 1 675 1772 1472
684 2 2 1 1 1385 1886 1726
685 2 2 1 1 1079 1189 1080
686 2 2 1 1 712 1491 709
687 2 2 1 1 1467 1469 1468
688 2 2 1 1 1466 1467 1465
689 2 2 1 1 32 1460 388
690 2 2 1 1 1455 1878 1820
691 2 2 1 1 1426 1456 1261
692 2 2 1 1 4 349 27
693 2 2 1 1 1163 1203 983
694 2 2 1 1 1005 1007 1006
695 2 2 1 1 1478 1790 1280
696 2 2 1 1 2057 2060 1348
697 2 2 1 1 1013 1683 1019
698 2 2 1 1 1459 1846 975
699 2 2 1 1 977 1459 975
700 2 2 1 1 1879 2184 1581
701 2 2 1 1 1263 1379 1262
702 2 2 1 1 1404 1889 1110
703 2 2 1 1 1467 1468 1465
704 2 2 1 1 1283 1846 1459
705 2 2 1 1 1011 1012 1009
706 2 2 1 1 728 1864 1742
707 2 2 1 1 1562 1908 1845
708 2 2 1 1 1525 1995 1916
709 2 2 1 1 1455 1820 505
710 2 2 1 1 809 1757 990
711 2 2 1 1 706 1528 708
712 2 2 1 1 1080 1549 886
713 2 2 1 1 1260 1261 1146
714 2 2 1 1 1992 1993 1040
715 2 2 1 1 1480 1481 370
716 2 2 1 1 1451 1462 1452
717 2 2 1 1 333 1887 1637
718 2 2 1 1 1655 2150 382
719 2 2 1 1 1007 1018 1006
720 2 2 1 1 885 1937 1456
721 2 2 1 1 1220 2198 1632
722 2 2 1 1 1010 1011 1009
723 2 2 1 1 990 1205 1163
724 2 2 1 1 1189 1353 1080
725 2 2 1 1 155 1480 370
726 2 2 1 1 1369 1573 1189
727 2 2 1 1 1170 1884 1718
728 2 2 1 1 1092 1496 1260
729 2 2 1 1 776 1498 1497
730 2 2 1 1 1017 1441 1022
731 2 2 1 1 415 1501 413
732 2 2 1 1 1261 1263 1262
733 2 2 1 1 1674 2111 1238
734 2 2 1 1 1520 1522 1127
735 2 2 1 1 709 1491 707
736 2 2 1 1 1005 1006 979
737 2 2 1 1 1541 1880 1821
738 2 2 1 1 838 1457 1056
739 2 2 1 1 1260 1426 1261
740 2 2 1 1 2019 2119 395
741 2 2 1 1 1269 1474 1473
742 2 2 1 1 1513 1746 1282
743 2 2 1 1 520 1486 426
744 2 2 1 1 1260 1496 1450
745 2 2 1 1 369 1463 147
746 2 2 1 1 1522 1530 1127
747 2 2 1 1 1009 1869 1007
748 2 2 1 1 144 353 145
749 2 2 1 1 666 1857 833
750 2 2 1 1 1205 1400 1333
751 2 2 1 1 964 1842 1252
752 2 2 1 1 1513 1796 1258
753 2 2 1 1 1520 1697 1487
754 2 2 1 1 1210 1552 1551
755 2 2 1 1 1574 2182 1685
756 2 2 1 1 1008 1009 1007
757 2 2 1 1 1092 1260 1146
758 2 2 1 1 761 996 767
759 2 2 1 1 996 1757 767
760 2 2 1 1 1242 1833 1799
761 2 2 1 1 1441 1442 1234
762 2 2 1 1 1477 1807 1160
763 2 2 1 1 1309 1496 913
764 2 2 1 1 1416 2166 334
765 2 2 1 1 146 369 147
766 2 2 1 1 1127 1697 1520
767 2 2 1 1 1486 1856 1836
768 2 2 1 1 1004 1005 979
769 2 2 1 1 1125 1754 1483
770 2 2 1 1 1011 1014 1013
771 2 2 1 1 887 1079 886
772 2 2 1 1 958 1473 887
773 2 2 1 1 1489 1872 1491
774 2 2 1 1 1120 1485 1475
775 2 2 1 1 879 881 878
776 2 2 1 1 824 1790 1478
777 2 2 1 1 1484 1903 1309
778 2 2 1 1 1857 1909 1440
779 2 2 1 1 708 1528 719
780 2 2 1 1 693 761 695
781 2 2 1 1 1118 1485 1120
782 2 2 1 1 776 1497 630
783 2 2 1 1 1108 1464 691
784 2 2 1 1 876 879 878
785 2 2 1 1 148 344 149
786 2 2 1 1 1505 1922 581
787 2 2 1 1 689 1108 691
788 2 2 1 1 860 1491 712
789 2 2 1 1 990 1757 1206
790 2 2 1 1 767 787 766
791 2 2 1 1 1523 1944 610
792 2 2 1 1 902 1512 904
793 2 2 1 1 150 368 151
794 2 2 1 1 876 1526 879
795 2 2 1 1 336 1480 154
796 2 2 1 1 879 1526 999
797 2 2 1 1 761 766 695
798 2 2 1 1 892 1778 1570
799 2 2 1 1 883 1549 885
800 2 2 1 1 1799 1833 1478
801 2 2 1 1 153 336 154
802 2 2 1 1 691 1464 693
803 2 2 1 1 1031 1512 902
804 2 2 1 1 883 885 881
805 2 2 1 1 1261 1262 1146
806 2 2 1 1 1487 1697 1281
807 2 2 1 1 719 876 875
808 2 2 1 1 924 1501 546
809 2 2 1 1 1718 1884 770
810 2 2 1 1 499 1827 1462
811 2 2 1 1 1092 1146 1145
812 2 2 1 1 1018 1257 1256
813 2 2 1 1 630 1497 632
814 2 2 1 1 1116 1490 1489
815 2 2 1 1 517 1584 429
816 2 2 1 1 1281 1534 1487
817 2 2 1 1 1019 1112 1111
818 2 2 1 1 1129 1964 1962
819 2 2 1 1 836 1746 1513
820 2 2 1 1 1311 1769 1289
821 2 2 1 1 911 1484 1309
822 2 2 1 1 882 883 881
823 2 2 1 1 730 1484 911
824 2 2 1 1 876 878 877
825 2 2 1 1 1056 1327 1268
826 2 2 1 1 939 1510 1509
827 2 2 1 1 1514 1557 1035
828 2 2 1 1 939 1509 1508
829 2 2 1 1 689 1472 1108
830 2 2 1 1 1526 1528 1527
831 2 2 1 1 1343 2040 2036
832 2 2 1 1 847 1529 850
833 2 2 1 1 1515 1557 1514
834 2 2 1 1 809 838 787
835 2 2 1 1 1015 1683 1013
836 2 2 1 1 1005 1008 1007
837 2 2 1 1 1486 1836 428
838 2 2 1 1 1354 1549 1080
839 2 2 1 1 1257 1428 1427
840 2 2 1 1 1489 1491 860
841 2 2 1 1 1123 1754 1125
842 2 2 1 1 884 886 883
843 2 2 1 1 158 1504 329
844 2 2 1 1 1079 1369 1189
845 2 2 1 1 675 1472 689
846 2 2 1 1 1014 1016 1015
847 2 2 1 1 871 1519 868
848 2 2 1 1 868 1519 870
849 2 2 1 1 147 1463 148
850 2 2 1 1 867 1116 862
851 2 2 1 1 1324 1493 1300
852 2 2 1 1 862 1489 860
853 2 2 1 1 1114 1155 1003
854 2 2 1 1 915 1496 1092
855 2 2 1 1 978 979 977
856 2 2 1 1 1570 1778 1152
857 2 2 1 1 886 1549 883
858 2 2 1 1 850 1529 1121
859 2 2 1 1 1556 1559 1558
860 2 2 1 1 939 1508 907
861 2 2 1 1 816 1495 934
862 2 2 1 1 1116 1489 862
863 2 2 1 1 1172 1518 1517
864 2 2 1 1 1184 1516 1034
865 2 2 1 1 719 1526 876
866 2 2 1 1 1861 1900 1310
867 2 2 1 1 931 1558 1040
868 2 2 1 1 911 1309 913
869 2 2 1 1 1532 1769 1311
870 2 2 1 1 1120 1321 1119
871 2 2 1 1 1048 1300 926
872 2 2 1 1 1526 1527 999
873 2 2 1 1 1281 1696 1534
874 2 2 1 1 1499 1500 1000
875 2 2 1 1 155 370 156
876 2 2 1 1 915 1092 1091
877 2 2 1 1 1032 1441 1017
878 2 2 1 1 429 1584 427
879 2 2 1 1 1460 1906 388
880 2 2 1 1 1120 1323 1321
881 2 2 1 1 84 341 85
882 2 2 1 1 767 1757 809
883 2 2 1 1 1118 1120 1119
884 2 2 1 1 1443 1445 1155
885 2 2 1 1 1118 1119 1067
886 2 2 1 1 1592 2191 1591
887 2 2 1 1 654 1185 816
888 2 2 1 1 1162 1477 1160
889 2 2 1 1 1497 1498 1185
890 2 2 1 1 1485 1486 520
891 2 2 1 1 750 1535 748
892 2 2 1 1 891 1118 1067
893 2 2 1 1 867 1334 1116
894 2 2 1 1 370 1503 156
895 2 2 1 1 1071 1513 1258
896 2 2 1 1 1003 1571 1051
897 2 2 1 1 1122 1502 1184
898 2 2 1 1 1185 1495 816
899 2 2 1 1 1317 2001 1983
900 2 2 1 1 1517 1518 741
901 2 2 1 1 1534 1696 1535
902 2 2 1 1 742 1517 741
903 2 2 1 1 526 1507 533
904 2 2 1 1 359 1634 1633
905 2 2 1 1 1034 1516 1033
906 2 2 1 1 1078 1530 1274
907 2 2 1 1 1001 1003 1002
908 2 2 1 1 359 1633 77
909 2 2 1 1 754 1535 750
910 2 2 1 1 959 1000 998
911 2 2 1 1 904 1512 939
912 2 2 1 1 1112 1409 1113
913 2 2 1 1 959 1499 1000
914 2 2 1 1 658 1804 1754
915 2 2 1 1 929 1558 931
916 2 2 1 1 1000 1001 998
917 2 2 1 1 1131 1691 1545
918 2 2 1 1 1316 1542 1087
919 2 2 1 1 1027 1537 1319
920 2 2 1 1 863 1700 867
921 2 2 1 1 1558 1559 1040
922 2 2 1 1 1048 1324 1300
923 2 2 1 1 1223 1533 1326
924 2 2 1 1 1211 1212 1055
925 2 2 1 1 632 1497 654
926 2 2 1 1 1225 1533 1223
927 2 2 1 1 1001 1114 1003
928 2 2 1 1 999 1865 1843
929 2 2 1 1 1510 1511 1509
930 2 2 1 1 1284 1735 1734
931 2 2 1 1 824 1478 1074
932 2 2 1 1 693 695 694
933 2 2 1 1 1821 1880 1167
934 2 2 1 1 1728 2213 1636
935 2 2 1 1 1415 2192 1641
936 2 2 1 1 895 1712 897
937 2 2 1 1 1102 1377 1110
938 2 2 1 1 907 1508 909
939 2 2 1 1 154 1480 155
940 2 2 1 1 851 1514 1035
941 2 2 1 1 1540 1542 1316
942 2 2 1 1 1807 1813 1153
943 2 2 1 1 845 1529 847
944 2 2 1 1 1630 1631 330
945 2 2 1 1 959 998 997
946 2 2 1 1 850 1034 1033
947 2 2 1 1 745 1517 742
948 2 2 1 1 1211 1213 1212
949 2 2 1 1 1127 1530 1078
950 2 2 1 1 1145 1488 1423
951 2 2 1 1 1505 1929 1506
952 2 2 1 1 1055 1519 871
953 2 2 1 1 1049 1524 1240
954 2 2 1 1 1035 1557 1554
955 2 2 1 1 1252 1842 1759
956 2 2 1 1 1161 1162 1160
957 2 2 1 1 1276 1502 1122
958 2 2 1 1 1545 1691 752
959 2 2 1 1 913 1496 915
960 2 2 1 1 1035 1554 1553
961 2 2 1 1 1630 1632 1631
962 2 2 1 1 1280 1799 1478
963 2 2 1 1 1445 1925 1155
964 2 2 1 1 847 850 849
965 2 2 1 1 861 862 860
966 2 2 1 1 1035 1553 918
967 2 2 1 1 1282 1796 1513
968 2 2 1 1 1033 1516 1515
969 2 2 1 1 691 693 692
970 2 2 1 1 976 977 975
971 2 2 1 1 1589 1590 1588
972 2 2 1 1 1122 1184 1034
973 2 2 1 1 926 1584 517
974 2 2 1 1 1071 1258 1241
975 2 2 1 1 836 1513 1071
976 2 2 1 1 82 371 83
977 2 2 1 1 850 1033 849
978 2 2 1 1 891 1067 1066
979 2 2 1 1 695 696 694
980 2 2 1 1 624 1698 625
981 2 2 1 1 654 1497 1185
982 2 2 1 1 1477 1834 653
983 2 2 1 1 733 1598 727
984 2 2 1 1 1130 1712 895
985 2 2 1 1 1596 1597 737
986 2 2 1 1 668 1541 548
987 2 2 1 1 718 860 712
988 2 2 1 1 1139 1538 604
989 2 2 1 1 1008 1010 1009
990 2 2 1 1 643 1795 1790
991 2 2 1 1 1121 1122 1034
992 2 2 1 1 582 1564 1563
993 2 2 1 1 1741 1787 1073
994 2 2 1 1 708 719 710
995 2 2 1 1 602 1023 845
996 2 2 1 1 1686 1707 597
997 2 2 1 1 1570 1860 1301
998 2 2 1 1 1587 1589 1588
999 2 2 1 1 1734 1735 668
1000 2 2 1 1 1212 1519 1055
1001 2 2 1 1 816 934 835
1002 2 2 1 1 888 1499 959
1003 2 2 1 1 1275 1276 1122
1004 2 2 1 1 654 816 788
1005 2 2 1 1 1597 1598 737
1006 2 2 1 1 582 1563 574
1007 2 2 1 1 682 1756 1746
1008 2 2 1 1 77 1633 78
1009 2 2 1 1 1218 1536 1042
1010 2 2 1 1 619 1569 658
1011 2 2 1 1 604 1538 606
1012 2 2 1 1 882 1843 884
1013 2 2 1 1 737 1598 733
1014 2 2 1 1 350 398 21
1015 2 2 1 1 526 1820 1507
1016 2 2 1 1 1451 1452 1276
1017 2 2 1 1 1503 1504 157
1018 2 2 1 1 1590 1592 1591
1019 2 2 1 1 923 1561 1164
1020 2 2 1 1 31 1460 32
1021 2 2 1 1 1435 1844 1113
1022 2 2 1 1 1042 1536 935
1023 2 2 1 1 1180 1505 1117
1024 2 2 1 1 157 1504 158
1025 2 2 1 1 879 882 881
1026 2 2 1 1 1074 1347 1075
1027 2 2 1 1 1024 1180 1117
1028 2 2 1 1 1159 1160 1157
1029 2 2 1 1 824 1074 825
1030 2 2 1 1 934 1064 1063
1031 2 2 1 1 1023 1529 845
1032 2 2 1 1 1023 1815 1529
1033 2 2 1 1 889 891 890
1034 2 2 1 1 797 1172 768
1035 2 2 1 1 485 1708 679
1036 2 2 1 1 807 1539 964
1037 2 2 1 1 1230 1312 1228
1038 2 2 1 1 939 1512 1510
1039 2 2 1 1 1740 1741 1073
1040 2 2 1 1 833 1525 1524
1041 2 2 1 1 1528 1742 1527
1042 2 2 1 1 658 1543 622
1043 2 2 1 1 1321 1322 1119
1044 2 2 1 1 836 1071 837
1045 2 2 1 1 653 1813 1807
1046 2 2 1 1 533 1507 602
1047 2 2 1 1 675 689 688
1048 2 2 1 1 602 845 844
1049 2 2 1 1 1542 1706 1087
1050 2 2 1 1 329 1661 1660
1051 2 2 1 1 693 694 692
1052 2 2 1 1 632 654 639
1053 2 2 1 1 666 833 832
1054 2 2 1 1 1590 1591 1588
1055 2 2 1 1 894 1301 1130
1056 2 2 1 1 863 867 862
1057 2 2 1 1 974 975 800
1058 2 2 1 1 1527 1865 999
1059 2 2 1 1 978 1004 979
1060 2 2 1 1 1018 1256 1006
1061 2 2 1 1 628 776 630
1062 2 2 1 1 845 847 846
1063 2 2 1 1 1114 1443 1155
1064 2 2 1 1 698 1531 700
1065 2 2 1 1 1754 1804 1483
1066 2 2 1 1 625 1698 628
1067 2 2 1 1 1746 1756 1282
1068 2 2 1 1 377 1618 1617
1069 2 2 1 1 1071 1241 1072
1070 2 2 1 1 1003 1051 1002
1071 2 2 1 1 1508 1509 1180
1072 2 2 1 1 757 1640 755
1073 2 2 1 1 832 1524 1049
1074 2 2 1 1 1790 1795 1280
1075 2 2 1 1 1228 1533 1225
1076 2 2 1 1 992 1520 1487
1077 2 2 1 1 1560 1707 1686
1078 2 2 1 1 645 824 660
1079 2 2 1 1 1494 1910 1445
1080 2 2 1 1 540 1737 1734
1081 2 2 1 1 1507 1878 1023
1082 2 2 1 1 1272 1772 414
1083 2 2 1 1 1033 1515 1514
1084 2 2 1 1 833 1524 832
1085 2 2 1 1 1587 1588 337
1086 2 2 1 1 796 797 768
1087 2 2 1 1 941 981 797
1088 2 2 1 1 622 1543 635
1089 2 2 1 1 1078 1273 981
1090 2 2 1 1 1049 1240 1207
1091 2 2 1 1 698 700 699
1092 2 2 1 1 1120 1475 1323
1093 2 2 1 1 900 1031 902
1094 2 2 1 1 1024 1117 1025
1095 2 2 1 1 798 1628 659
1096 2 2 1 1 1087 1706 827
1097 2 2 1 1 1518 1596 741
1098 2 2 1 1 522 1688 1140
1099 2 2 1 1 772 1846 1832
1100 2 2 1 1 614 666 657
1101 2 2 1 1 852 1535 754
1102 2 2 1 1 755 1640 792
1103 2 2 1 1 847 849 848
1104 2 2 1 1 1176 1211 1055
1105 2 2 1 1 659 1628 669
1106 2 2 1 1 892 1570 894
1107 2 2 1 1 850 1121 1034
1108 2 2 1 1 684 836 790
1109 2 2 1 1 1312 1533 1228
1110 2 2 1 1 1064 1335 1200
1111 2 2 1 1 857 1560 671
1112 2 2 1 1 414 1772 416
1113 2 2 1 1 666 832 657
1114 2 2 1 1 142 394 141
1115 2 2 1 1 1521 1522 1520
1116 2 2 1 1 853 854 852
1117 2 2 1 1 758 768 745
1118 2 2 1 1 330 1629 80
1119 2 2 1 1 823 1577 950
1120 2 2 1 1 138 1548 356
1121 2 2 1 1 1319 1523 1329
1122 2 2 1 1 904 939 907
1123 2 2 1 1 992 1487 854
1124 2 2 1 1 898 1638 896
1125 2 2 1 1 393 1566 1565
1126 2 2 1 1 374 1589 1587
1127 2 2 1 1 909 1508 1024
1128 2 2 1 1 80 1629 81
1129 2 2 1 1 156 1503 157
1130 2 2 1 1 964 1252 965
1131 2 2 1 1 967 1560 857
1132 2 2 1 1 1371 1676 1671
1133 2 2 1 1 589 1562 603
1134 2 2 1 1 564 1541 582
1135 2 2 1 1 918 1553 920
1136 2 2 1 1 1125 1551 1550
1137 2 2 1 1 548 1541 564
1138 2 2 1 1 909 1024 994
1139 2 2 1 1 110 1617 109
1140 2 2 1 1 1031 1905 1512
1141 2 2 1 1 1129 1560 967
1142 2 2 1 1 865 1700 863
1143 2 2 1 1 982 992 854
1144 2 2 1 1 533 602 536
1145 2 2 1 1 1155 1571 1003
1146 2 2 1 1 1123 1125 1124
1147 2 2 1 1 419 675 421
1148 2 2 1 1 1671 1676 1178
1149 2 2 1 1 606 1538 614
1150 2 2 1 1 1084 1561 923
1151 2 2 1 1 792 852 754
1152 2 2 1 1 1300 1584 926
1153 2 2 1 1 79 1630 330
1154 2 2 1 1 805 1539 807
1155 2 2 1 1 1289 1769 1288
1156 2 2 1 1 1131 1545 1133
1157 2 2 1 1 574 1563 576
1158 2 2 1 1 560 1647 545
1159 2 2 1 1 1161 1199 1162
1160 2 2 1 1 1141 1793 1777
1161 2 2 1 1 1734 1737 1284
1162 2 2 1 1 1545 1798 1293
1163 2 2 1 1 1027 1319 1029
1164 2 2 1 1 920 1553 1038
1165 2 2 1 1 377 1617 110
1166 2 2 1 1 1133 1293 1195
1167 2 2 1 1 78 1630 79
1168 2 2 1 1 649 1776 799
1169 2 2 1 1 1133 1545 1293
1170 2 2 1 1 576 1563 1562
1171 2 2 1 1 1125 1550 1124
1172 2 2 1 1 1190 1744 472
1173 2 2 1 1 851 1035 918
1174 2 2 1 1 602 1507 1023
1175 2 2 1 1 1124 1550 1171
1176 2 2 1 1 614 1538 666
1177 2 2 1 1 950 1577 1076
1178 2 2 1 1 1247 1561 1084
1179 2 2 1 1 1643 1644 1642
1180 2 2 1 1 1639 1755 1638
1181 2 2 1 1 1070 1129 967
1182 2 2 1 1 1038 1558 929
1183 2 2 1 1 992 1546 1521
1184 2 2 1 1 777 1123 817
1185 2 2 1 1 1500 1770 1000
1186 2 2 1 1 543 668 548
1187 2 2 1 1 393 1565 89
1188 2 2 1 1 1151 1761 936
1189 2 2 1 1 342 1616 1615
1190 2 2 1 1 807 964 822
1191 2 2 1 1 356 1572 137
1192 2 2 1 1 738 1596 737
1193 2 2 1 1 1121 1275 1122
1194 2 2 1 1 1123 1124 817
1195 2 2 1 1 1078 1274 1273
1196 2 2 1 1 603 1139 604
1197 2 2 1 1 832 1049 843
1198 2 2 1 1 1025 1537 1027
1199 2 2 1 1 796 941 797
1200 2 2 1 1 941 1078 981
1201 2 2 1 1 792 853 852
1202 2 2 1 1 921 1638 898
1203 2 2 1 1 684 1746 836
1204 2 2 1 1 758 796 768
1205 2 2 1 1 1543 1754 1123
1206 2 2 1 1 826 1288 762
1207 2 2 1 1 342 1615 1614
1208 2 2 1 1 1011 1868 1014
1209 2 2 1 1 372 1548 139
1210 2 2 1 1 545 1647 529
1211 2 2 1 1 140 372 139
1212 2 2 1 1 979 1849 977
1213 2 2 1 1 1047 1048 926
1214 2 2 1 1 564 582 574
1215 2 2 1 1 992 1521 1520
1216 2 2 1 1 768 1517 745
1217 2 2 1 1 635 1543 777
1218 2 2 1 1 1216 1218 1042
1219 2 2 1 1 1054 1055 871
1220 2 2 1 1 357 1608 97
1221 2 2 1 1 868 870 865
1222 2 2 1 1 1291 1311 1289
1223 2 2 1 1 1246 1247 1084
1224 2 2 1 1 1275 1451 1276
1225 2 2 1 1 90 1575 393
1226 2 2 1 1 1024 1508 1180
1227 2 2 1 1 134 1574 345
1228 2 2 1 1 1622 1625 1623
1229 2 2 1 1 853 982 854
1230 2 2 1 1 1285 1705 1680
1231 2 2 1 1 1418 2105 375
1232 2 2 1 1 1223 1326 1222
1233 2 2 1 1 894 1570 1301
1234 2 2 1 1 1019 1111 1012
1235 2 2 1 1 982 1546 992
1236 2 2 1 1 1618 1619 1616
1237 2 2 1 1 920 1038 929
1238 2 2 1 1 940 1579 1578
1239 2 2 1 1 689 691 690
1240 2 2 1 1 923 1164 921
1241 2 2 1 1 1622 1623 338
1242 2 2 1 1 1505 1506 1117
1243 2 2 1 1 1254 1771 1731
1244 2 2 1 1 1555 1556 1038
1245 2 2 1 1 1623 1624 338
1246 2 2 1 1 342 1614 108
1247 2 2 1 1 576 1562 589
1248 2 2 1 1 1286 1705 1285
1249 2 2 1 1 1164 1639 1638
1250 2 2 1 1 345 1583 133
1251 2 2 1 1 1186 1237 938
1252 2 2 1 1 1049 1207 1050
1253 2 2 1 1 113 1626 112
1254 2 2 1 1 1201 1316 1087
1255 2 2 1 1 854 1534 852
1256 2 2 1 1 614 657 615
1257 2 2 1 1 1174 1600 1599
1258 2 2 1 1 1174 1599 1058
1259 2 2 1 1 1076 1368 1367
1260 2 2 1 1 1731 1771 1577
1261 2 2 1 1 1738 1740 1073
1262 2 2 1 1 940 1578 841
1263 2 2 1 1 1186 1238 1237
1264 2 2 1 1 1001 1002 998
1265 2 2 1 1 1227 1228 1225
1266 2 2 1 1 1229 1230 1228
1267 2 2 1 1 1159 1161 1160
1268 2 2 1 1 1076 1577 1368
1269 2 2 1 1 1175 1594 1593
1270 2 2 1 1 1219 1695 1218
1271 2 2 1 1 826 1289 1288
1272 2 2 1 1 1553 1555 1038
1273 2 2 1 1 777 1543 1123
1274 2 2 1 1 589 603 598
1275 2 2 1 1 1175 1593 1106
1276 2 2 1 1 1233 1292 960
1277 2 2 1 1 931 1040 955
1278 2 2 1 1 88 1565 1386
1279 2 2 1 1 1291 1372 1311
1280 2 2 1 1 380 1643 1642
1281 2 2 1 1 741 1596 738
1282 2 2 1 1 1172 1965 1518
1283 2 2 1 1 74 1641 75
1284 2 2 1 1 130 1587 337
1285 2 2 1 1 897 1712 900
1286 2 2 1 1 645 1790 824
1287 2 2 1 1 88 1386 87
1288 2 2 1 1 1347 1349 1075
1289 2 2 1 1 1024 1025 994
1290 2 2 1 1 1074 1075 825
1291 2 2 1 1 1578 1580 1307
1292 2 2 1 1 1086 1087 827
1293 2 2 1 1 1319 1329 1029
1294 2 2 1 1 1642 1644 335
1295 2 2 1 1 1604 1610 1607
1296 2 2 1 1 378 1612 1611
1297 2 2 1 1 335 1641 74
1298 2 2 1 1 1535 1696 748
1299 2 2 1 1 94 1609 93
1300 2 2 1 1 790 1732 685
1301 2 2 1 1 777 817 778
1302 2 2 1 1 762 1640 757
1303 2 2 1 1 136 1572 373
1304 2 2 1 1 379 1625 1622
1305 2 2 1 1 1222 1695 1219
1306 2 2 1 1 836 837 790
1307 2 2 1 1 1124 1171 1126
1308 2 2 1 1 602 844 536
1309 2 2 1 1 1172 1517 768
1310 2 2 1 1 378 1613 1612
1311 2 2 1 1 1603 1604 362
1312 2 2 1 1 606 614 608
1313 2 2 1 1 1062 1595 1175
1314 2 2 1 1 845 846 844
1315 2 2 1 1 138 356 137
1316 2 2 1 1 954 1586 830
1317 2 2 1 1 1071 1072 837
1318 2 2 1 1 109 1617 342
1319 2 2 1 1 373 1574 135
1320 2 2 1 1 1201 1374 1316
1321 2 2 1 1 824 825 660
1322 2 2 1 1 97 1608 96
1323 2 2 1 1 1680 1692 1285
1324 2 2 1 1 108 1614 107
1325 2 2 1 1 1612 1620 1611
1326 2 2 1 1 1086 1201 1087
1327 2 2 1 1 925 926 517
1328 2 2 1 1 1171 1344 1214
1329 2 2 1 1 1604 1607 1606
1330 2 2 1 1 1099 1585 1235
1331 2 2 1 1 116 1636 379
1332 2 2 1 1 366 1575 91
1333 2 2 1 1 1320 1667 1095
1334 2 2 1 1 95 1603 362
1335 2 2 1 1 543 1734 668
1336 2 2 1 1 1198 1593 1391
1337 2 2 1 1 333 1637 118
1338 2 2 1 1 719 1528 1526
1339 2 2 1 1 635 777 656
1340 2 2 1 1 136 373 135
1341 2 2 1 1 619 658 622
1342 2 2 1 1 1106 1593 1198
1343 2 2 1 1 1579 1580 1578
1344 2 2 1 1 1605 1610 1604
1345 2 2 1 1 1058 1599 1060
1346 2 2 1 1 1005 1847 1008
1347 2 2 1 1 90 393 89
1348 2 2 1 1 805 1732 1539
1349 2 2 1 1 132 1583 374
1350 2 2 1 1 1057 1174 1058
1351 2 2 1 1 1604 1606 362
1352 2 2 1 1 1579 1581 1580
1353 2 2 1 1 1164 1638 921
1354 2 2 1 1 617 1569 619
1355 2 2 1 1 1777 1793 980
1356 2 2 1 1 970 1307 1099
1357 2 2 1 1 1407 1408 1366
1358 2 2 1 1 1601 1602 376
1359 2 2 1 1 117 1636 116
1360 2 2 1 1 139 1548 138
1361 2 2 1 1 840 938 798
1362 2 2 1 1 841 1578 970
1363 2 2 1 1 1033 1514 849
1364 2 2 1 1 1363 1586 986
1365 2 2 1 1 374 1587 131
1366 2 2 1 1 648 1621 611
1367 2 2 1 1 1196 1547 1546
1368 2 2 1 1 986 1586 954
1369 2 2 1 1 938 1628 798
1370 2 2 1 1 1617 1618 1616
1371 2 2 1 1 1196 1546 982
1372 2 2 1 1 134 345 133
1373 2 2 1 1 960 1647 560
1374 2 2 1 1 1060 1599 1595
1375 2 2 1 1 1611 1620 346
1376 2 2 1 1 782 818 795
1377 2 2 1 1 92 366 91
1378 2 2 1 1 1307 1585 1099
1379 2 2 1 1 1088 1363 986
1380 2 2 1 1 828 1663 1086
1381 2 2 1 1 117 1637 1636
1382 2 2 1 1 1603 1605 1604
1383 2 2 1 1 952 1057 963
1384 2 2 1 1 137 1572 136
1385 2 2 1 1 132 374 131
1386 2 2 1 1 1060 1595 1062
1387 2 2 1 1 1221 1222 1219
1388 2 2 1 1 1062 1175 1106
1389 2 2 1 1 346 1601 104
1390 2 2 1 1 1487 1534 854
1391 2 2 1 1 89 1565 88
1392 2 2 1 1 1568 1569 617
1393 2 2 1 1 1051 1838 1362
1394 2 2 1 1 1198 1391 1390
1395 2 2 1 1 970 1578 1307
1396 2 2 1 1 1650 1652 1649
1397 2 2 1 1 378 1611 106
1398 2 2 1 1 130 337 129
1399 2 2 1 1 810 940 841
1400 2 2 1 1 832 843 657
1401 2 2 1 1 91 1575 90
1402 2 2 1 1 1252 1253 965
1403 2 2 1 1 1241 1693 1072
1404 2 2 1 1 128 375 127
1405 2 2 1 1 611 1621 636
1406 2 2 1 1 95 362 94
1407 2 2 1 1 1554 1555 1553
1408 2 2 1 1 135 1574 134
1409 2 2 1 1 1235 1380 1236
1410 2 2 1 1 1534 1535 852
1411 2 2 1 1 780 1692 1680
1412 2 2 1 1 1614 1615 1613
1413 2 2 1 1 934 1063 835
1414 2 2 1 1 1579 1582 1581
1415 2 2 1 1 96 1603 95
1416 2 2 1 1 133 1583 132
1417 2 2 1 1 125 331 124
1418 2 2 1 1 1371 1422 1370
1419 2 2 1 1 114 1622 338
1420 2 2 1 1 816 835 788
1421 2 2 1 1 1088 1364 1363
1422 2 2 1 1 964 965 822
1423 2 2 1 1 1160 1807 1157
1424 2 2 1 1 131 1587 130
1425 2 2 1 1 793 1691 1131
1426 2 2 1 1 888 959 958
1427 2 2 1 1 168 1672 169
1428 2 2 1 1 103 1601 376
1429 2 2 1 1 782 1680 818
1430 2 2 1 1 554 1778 892
1431 2 2 1 1 383 1651 1650
1432 2 2 1 1 636 1621 667
1433 2 2 1 1 1204 1320 1095
1434 2 2 1 1 98 357 97
1435 2 2 1 1 101 351 100
1436 2 2 1 1 2067 2207 1785
1437 2 2 1 1 1290 1291 1289
1438 2 2 1 1 718 861 860
1439 2 2 1 1 105 1611 346
1440 2 2 1 1 1257 1427 1256
1441 2 2 1 1 122 358 121
1442 2 2 1 1 530 1688 522
1443 2 2 1 1 362 1609 94
1444 2 2 1 1 1099 1235 1100
1445 2 2 1 1 1669 1670 347
1446 2 2 1 1 103 376 102
1447 2 2 1 1 1391 1392 1390
1448 2 2 1 1 636 667 650
1449 2 2 1 1 445 1687 601
1450 2 2 1 1 696 698 697
1451 2 2 1 1 482 1190 472
1452 2 2 1 1 1662 1667 1320
1453 2 2 1 1 105 346 104
1454 2 2 1 1 1140 1780 512
1455 2 2 1 1 592 648 611
1456 2 2 1 1 763 826 762
1457 2 2 1 1 107 378 106
1458 2 2 1 1 1043 1186 938
1459 2 2 1 1 69 1645 70
1460 2 2 1 1 970 1099 971
1461 2 2 1 1 1672 1674 1673
1462 2 2 1 1 109 342 108
1463 2 2 1 1 379 1622 115
1464 2 2 1 1 892 894 893
1465 2 2 1 1 79 330 80
1466 2 2 1 1 111 377 110
1467 2 2 1 1 96 1608 1603
1468 2 2 1 1 338 1626 113
1469 2 2 1 1 1586 1663 830
1470 2 2 1 1 755 792 754
1471 2 2 1 1 118 1637 117
1472 2 2 1 1 841 970 842
1473 2 2 1 1 114 338 113
1474 2 2 1 1 1237 1628 938
1475 2 2 1 1 1288 1640 762
1476 2 2 1 1 116 379 115
1477 2 2 1 1 104 1601 103
1478 2 2 1 1 1001 1770 1114
1479 2 2 1 1 615 1568 617
1480 2 2 1 1 1057 1058 963
1481 2 2 1 1 119 333 118
1482 2 2 1 1 106 1611 105
1483 2 2 1 1 383 1650 1649
1484 2 2 1 1 985 986 954
1485 2 2 1 1 1131 1133 1132
1486 2 2 1 1 1452 1829 1276
1487 2 2 1 1 1845 1908 1128
1488 2 2 1 1 1624 1626 338
1489 2 2 1 1 1246 1248 1247
1490 2 2 1 1 115 1622 114
1491 2 2 1 1 1002 1773 998
1492 2 2 1 1 849 1514 851
1493 2 2 1 1 1337 1339 1338
1494 2 2 1 1 760 762 757
1495 2 2 1 1 847 848 846
1496 2 2 1 1 828 1086 827
1497 2 2 1 1 1124 1126 817
1498 2 2 1 1 342 1617 1616
1499 2 2 1 1 64 1648 65
1500 2 2 1 1 810 841 811
1501 2 2 1 1 339 1645 69
1502 2 2 1 1 663 810 786
1503 2 2 1 1 946 1738 1073
1504 2 2 1 1 76 359 77
1505 2 2 1 1 995 1196 982
1506 2 2 1 1 1173 1233 960
1507 2 2 1 1 793 1131 969
1508 2 2 1 1 1292 1647 960
1509 2 2 1 1 1204 1375 1320
1510 2 2 1 1 1097 1357 1277
1511 2 2 1 1 820 827 785
1512 2 2 1 1 700 702 701
1513 2 2 1 1 1097 1659 1357
1514 2 2 1 1 1606 1609 362
1515 2 2 1 1 799 1776 973
1516 2 2 1 1 830 1663 828
1517 2 2 1 1 568 1635 590
1518 2 2 1 1 1049 1050 843
1519 2 2 1 1 650 663 652
1520 2 2 1 1 1649 1652 343
1521 2 2 1 1 1135 1782 1752
1522 2 2 1 1 107 1614 378
1523 2 2 1 1 1277 1337 1278
1524 2 2 1 1 1178 1676 957
1525 2 2 1 1 777 778 656
1526 2 2 1 1 1260 1450 1426
1527 2 2 1 1 654 788 639
1528 2 2 1 1 987 1088 986
1529 2 2 1 1 1339 1340 1338
1530 2 2 1 1 1394 1402 1401
1531 2 2 1 1 1392 1394 1393
1532 2 2 1 1 568 590 578
1533 2 2 1 1 562 1635 568
1534 2 2 1 1 343 1648 64
1535 2 2 1 1 73 335 74
1536 2 2 1 1 1337 1338 1278
1537 2 2 1 1 72 1642 73
1538 2 2 1 1 1094 1095 989
1539 2 2 1 1 71 380 72
1540 2 2 1 1 753 754 750
1541 2 2 1 1 68 339 69
1542 2 2 1 1 67 1646 68
1543 2 2 1 1 585 960 560
1544 2 2 1 1 66 381 67
1545 2 2 1 1 1603 1608 1605
1546 2 2 1 1 746 758 745
1547 2 2 1 1 378 1614 1613
1548 2 2 1 1 1288 1720 1640
1549 2 2 1 1 63 343 64
1550 2 2 1 1 1633 1634 1632
1551 2 2 1 1 1096 1204 1095
1552 2 2 1 1 62 1649 63
1553 2 2 1 1 61 383 62
1554 2 2 1 1 840 1043 938
1555 2 2 1 1 1097 1277 1098
1556 2 2 1 1 1103 1454 1102
1557 2 2 1 1 60 1654 61
1558 2 2 1 1 1096 1665 1204
1559 2 2 1 1 894 1130 895
1560 2 2 1 1 1043 1370 1186
1561 2 2 1 1 59 348 60
1562 2 2 1 1 603 604 598
1563 2 2 1 1 58 1653 59
1564 2 2 1 1 1198 1390 1389
1565 2 2 1 1 1278 1313 1098
1566 2 2 1 1 614 615 608
1567 2 2 1 1 57 382 58
1568 2 2 1 1 988 1336 1093
1569 2 2 1 1 991 1743 1314
1570 2 2 1 1 1106 1198 1197
1571 2 2 1 1 56 1655 57
1572 2 2 1 1 73 1642 335
1573 2 2 1 1 636 650 638
1574 2 2 1 1 380 1642 72
1575 2 2 1 1 1133 1195 1194
1576 2 2 1 1 55 352 56
1577 2 2 1 1 1380 1381 1236
1578 2 2 1 1 1171 1214 1126
1579 2 2 1 1 985 987 986
1580 2 2 1 1 1114 1770 1444
1581 2 2 1 1 1235 1236 1100
1582 2 2 1 1 1094 1097 1096
1583 2 2 1 1 1365 1366 1178
1584 2 2 1 1 611 636 623
1585 2 2 1 1 970 971 842
1586 2 2 1 1 551 553 530
1587 2 2 1 1 1277 1278 1098
1588 2 2 1 1 68 1646 339
1589 2 2 1 1 628 1698 776
1590 2 2 1 1 592 611 609
1591 2 2 1 1 1207 1208 1050
1592 2 2 1 1 554 892 571
1593 2 2 1 1 1099 1100 971
1594 2 2 1 1 1336 1387 1093
1595 2 2 1 1 383 1654 1651
1596 2 2 1 1 381 1646 67
1597 2 2 1 1 1340 1341 1338
1598 2 2 1 1 1094 1096 1095
1599 2 2 1 1 52 361 53
1600 2 2 1 1 1097 1098 1096
1601 2 2 1 1 1340 1342 1341
1602 2 2 1 1 1062 1106 1105
1603 2 2 1 1 810 811 786
1604 2 2 1 1 841 842 811
1605 2 2 1 1 1098 1665 1096
1606 2 2 1 1 663 786 652
1607 2 2 1 1 1088 1662 1364
1608 2 2 1 1 1060 1062 1061
1609 2 2 1 1 1569 1804 658
1610 2 2 1 1 63 1649 343
1611 2 2 1 1 659 669 637
1612 2 2 1 1 1338 1656 1278
1613 2 2 1 1 383 1649 62
1614 2 2 1 1 1278 1656 1313
1615 2 2 1 1 1094 1659 1097
1616 2 2 1 1 1387 1659 1093
1617 2 2 1 1 158 329 159
1618 2 2 1 1 61 1654 383
1619 2 2 1 1 1058 1060 1059
1620 2 2 1 1 78 1633 1630
1621 2 2 1 1 1929 1933 1506
1622 2 2 1 1 1093 1094 989
1623 2 2 1 1 348 1654 60
1624 2 2 1 1 1657 1658 1336
1625 2 2 1 1 587 592 591
1626 2 2 1 1 891 1066 890
1627 2 2 1 1 1392 1393 1390
1628 2 2 1 1 49 364 50
1629 2 2 1 1 1342 1376 1341
1630 2 2 1 1 59 1653 348
1631 2 2 1 1 1672 1673 169
1632 2 2 1 1 159 1660 160
1633 2 2 1 1 522 1140 512
1634 2 2 1 1 1093 1659 1094
1635 2 2 1 1 1341 1656 1338
1636 2 2 1 1 826 1290 1289
1637 2 2 1 1 382 1653 58
1638 2 2 1 1 696 734 698
1639 2 2 1 1 1043 1371 1370
1640 2 2 1 1 1394 1401 1393
1641 2 2 1 1 988 1093 989
1642 2 2 1 1 988 1657 1336
1643 2 2 1 1 160 384 161
1644 2 2 1 1 48 1664 49
1645 2 2 1 1 57 1655 382
1646 2 2 1 1 685 1732 687
1647 2 2 1 1 1313 1665 1098
1648 2 2 1 1 443 1758 1687
1649 2 2 1 1 952 963 962
1650 2 2 1 1 650 652 638
1651 2 2 1 1 544 572 555
1652 2 2 1 1 984 985 954
1653 2 2 1 1 352 1655 56
1654 2 2 1 1 820 828 827
1655 2 2 1 1 1227 1229 1228
1656 2 2 1 1 1095 1667 989
1657 2 2 1 1 984 1657 985
1658 2 2 1 1 599 600 584
1659 2 2 1 1 47 385 48
1660 2 2 1 1 1366 1671 1178
1661 2 2 1 1 46 1666 47
1662 2 2 1 1 347 1672 168
1663 2 2 1 1 1832 1846 1283
1664 2 2 1 1 988 989 987
1665 2 2 1 1 987 1667 1088
1666 2 2 1 1 636 638 623
1667 2 2 1 1 717 1709 715
1668 2 2 1 1 849 851 848
1669 2 2 1 1 1198 1389 1197
1670 2 2 1 1 611 623 609
1671 2 2 1 1 744 745 742
1672 2 2 1 1 45 391 46
1673 2 2 1 1 592 609 591
1674 2 2 1 1 169 1673 170
1675 2 2 1 1 163 340 164
1676 2 2 1 1 679 1802 480
1677 2 2 1 1 985 988 987
1678 2 2 1 1 815 952 951
1679 2 2 1 1 985 1657 988
1680 2 2 1 1 562 1682 1635
1681 2 2 1 1 1088 1667 1662
1682 2 2 1 1 1106 1197 1105
1683 2 2 1 1 1136 1719 812
1684 2 2 1 1 164 1668 165
1685 2 2 1 1 585 1173 960
1686 2 2 1 1 1126 1692 817
1687 2 2 1 1 652 801 638
1688 2 2 1 1 1401 1403 1393
1689 2 2 1 1 1177 1178 957
1690 2 2 1 1 1173 1348 1233
1691 2 2 1 1 811 834 786
1692 2 2 1 1 719 875 710
1693 2 2 1 1 578 587 586
1694 2 2 1 1 795 815 814
1695 2 2 1 1 568 578 577
1696 2 2 1 1 829 1053 953
1697 2 2 1 1 572 1202 855
1698 2 2 1 1 1036 1136 812
1699 2 2 1 1 760 763 762
1700 2 2 1 1 1062 1105 1061
1701 2 2 1 1 1176 1343 1211
1702 2 2 1 1 1229 1231 1230
1703 2 2 1 1 165 386 166
1704 2 2 1 1 623 662 609
1705 2 2 1 1 1292 1727 1647
1706 2 2 1 1 953 984 954
1707 2 2 1 1 1058 1059 963
1708 2 2 1 1 1100 1101 971
1709 2 2 1 1 1290 1540 1291
1710 2 2 1 1 1060 1061 1059
1711 2 2 1 1 166 1669 167
1712 2 2 1 1 562 568 567
1713 2 2 1 1 497 558 492
1714 2 2 1 1 1389 1406 1197
1715 2 2 1 1 329 1660 159
1716 2 2 1 1 1690 1706 1542
1717 2 2 1 1 587 591 586
1718 2 2 1 1 953 954 830
1719 2 2 1 1 586 612 577
1720 2 2 1 1 829 830 828
1721 2 2 1 1 1064 1200 1063
1722 2 2 1 1 1069 1070 967
1723 2 2 1 1 813 1297 1037
1724 2 2 1 1 167 347 168
1725 2 2 1 1 989 1667 987
1726 2 2 1 1 827 1706 785
1727 2 2 1 1 43 396 44
1728 2 2 1 1 782 795 794
1729 2 2 1 1 49 1664 364
1730 2 2 1 1 778 780 779
1731 2 2 1 1 160 1660 384
1732 2 2 1 1 780 782 781
1733 2 2 1 1 515 535 524
1734 2 2 1 1 991 1314 1271
1735 2 2 1 1 900 902 901
1736 2 2 1 1 820 829 828
1737 2 2 1 1 861 863 862
1738 2 2 1 1 973 1168 1082
1739 2 2 1 1 966 967 857
1740 2 2 1 1 556 562 561
1741 2 2 1 1 578 586 577
1742 2 2 1 1 740 741 738
1743 2 2 1 1 829 953 830
1744 2 2 1 1 568 577 567
1745 2 2 1 1 897 900 899
1746 2 2 1 1 485 679 480
1747 2 2 1 1 1061 1255 1059
1748 2 2 1 1 819 820 785
1749 2 2 1 1 1074 1833 1347
1750 2 2 1 1 963 1678 962
1751 2 2 1 1 829 1689 1053
1752 2 2 1 1 1027 1029 1028
1753 2 2 1 1 1381 1476 1236
1754 2 2 1 1 385 1664 48
1755 2 2 1 1 952 962 951
1756 2 2 1 1 1117 1537 1025
1757 2 2 1 1 826 1690 1290
1758 2 2 1 1 904 907 906
1759 2 2 1 1 1250 1439 1419
1760 2 2 1 1 786 1675 652
1761 2 2 1 1 1025 1027 1026
1762 2 2 1 1 902 904 903
1763 2 2 1 1 572 855 555
1764 2 2 1 1 556 560 545
1765 2 2 1 1 443 1687 445
1766 2 2 1 1 1143 1302 1144
1767 2 2 1 1 784 785 765
1768 2 2 1 1 1059 1678 963
1769 2 2 1 1 1214 1286 1285
1770 2 2 1 1 753 755 754
1771 2 2 1 1 784 956 819
1772 2 2 1 1 853 995 982
1773 2 2 1 1 492 1708 485
1774 2 2 1 1 47 1666 385
1775 2 2 1 1 490 518 495
1776 2 2 1 1 635 656 655
1777 2 2 1 1 561 585 560
1778 2 2 1 1 1046 1294 821
1779 2 2 1 1 425 1310 520
1780 2 2 1 1 1285 1692 1126
1781 2 2 1 1 652 1675 801
1782 2 2 1 1 815 951 814
1783 2 2 1 1 391 1666 46
1784 2 2 1 1 687 805 804
1785 2 2 1 1 562 567 561
1786 2 2 1 1 1089 1181 1070
1787 2 2 1 1 1135 1346 1345
1788 2 2 1 1 823 1731 1577
1789 2 2 1 1 474 670 476
1790 2 2 1 1 622 635 634
1791 2 2 1 1 950 1076 1045
1792 2 2 1 1 544 555 545
1793 2 2 1 1 657 1568 615
1794 2 2 1 1 834 1675 786
1795 2 2 1 1 907 909 908
1796 2 2 1 1 802 840 798
1797 2 2 1 1 433 889 521
1798 2 2 1 1 909 994 993
1799 2 2 1 1 995 1532 1196
1800 2 2 1 1 956 1135 1134
1801 2 2 1 1 1135 1345 1134
1802 2 2 1 1 1131 1132 969
1803 2 2 1 1 870 1700 865
1804 2 2 1 1 953 1677 984
1805 2 2 1 1 784 819 785
1806 2 2 1 1 170 360 171
1807 2 2 1 1 340 1668 164
1808 2 2 1 1 1053 1677 953
1809 2 2 1 1 780 1680 782
1810 2 2 1 1 556 561 560
1811 2 2 1 1 858 1143 968
1812 2 2 1 1 1076 1367 1077
1813 2 2 1 1 765 1706 1690
1814 2 2 1 1 553 1688 530
1815 2 2 1 1 795 814 794
1816 2 2 1 1 445 601 447
1817 2 2 1 1 555 556 545
1818 2 2 1 1 638 1679 623
1819 2 2 1 1 951 1085 814
1820 2 2 1 1 801 1679 638
1821 2 2 1 1 528 544 529
1822 2 2 1 1 956 1134 819
1823 2 2 1 1 623 1679 662
1824 2 2 1 1 525 532 516
1825 2 2 1 1 758 1281 796
1826 2 2 1 1 165 1668 386
1827 2 2 1 1 764 765 763
1828 2 2 1 1 856 1681 858
1829 2 2 1 1 615 617 616
1830 2 2 1 1 778 779 656
1831 2 2 1 1 1092 1145 1091
1832 2 2 1 1 1133 1194 1132
1833 2 2 1 1 669 1684 637
1834 2 2 1 1 173 365 174
1835 2 2 1 1 782 794 781
1836 2 2 1 1 911 913 912
1837 2 2 1 1 941 1127 1078
1838 2 2 1 1 780 781 779
1839 2 2 1 1 817 1692 778
1840 2 2 1 1 1290 1690 1542
1841 2 2 1 1 617 619 618
1842 2 2 1 1 736 737 733
1843 2 2 1 1 1255 1678 1059
1844 2 2 1 1 544 545 529
1845 2 2 1 1 619 622 621
1846 2 2 1 1 482 1330 1190
1847 2 2 1 1 764 784 765
1848 2 2 1 1 386 1669 166
1849 2 2 1 1 691 692 690
1850 2 2 1 1 858 1681 1143
1851 2 2 1 1 763 1690 826
1852 2 2 1 1 1290 1542 1540
1853 2 2 1 1 794 942 781
1854 2 2 1 1 599 1684 600
1855 2 2 1 1 604 606 605
1856 2 2 1 1 1297 1298 1037
1857 2 2 1 1 1036 1165 1136
1858 2 2 1 1 528 529 525
1859 2 2 1 1 1560 1686 671
1860 2 2 1 1 756 793 759
1861 2 2 1 1 820 1689 829
1862 2 2 1 1 1054 1176 1055
1863 2 2 1 1 524 528 525
1864 2 2 1 1 759 760 757
1865 2 2 1 1 1680 1705 818
1866 2 2 1 1 167 1669 347
1867 2 2 1 1 1214 1285 1126
1868 2 2 1 1 170 1673 360
1869 2 2 1 1 1129 1707 1560
1870 2 2 1 1 606 608 607
1871 2 2 1 1 496 519 491
1872 2 2 1 1 478 489 483
1873 2 2 1 1 805 807 806
1874 2 2 1 1 760 764 763
1875 2 2 1 1 1046 1295 1294
1876 2 2 1 1 974 976 975
1877 2 2 1 1 1208 1210 1209
1878 2 2 1 1 1046 1373 1295
1879 2 2 1 1 700 1753 702
1880 2 2 1 1 976 978 977
1881 2 2 1 1 778 1692 780
1882 2 2 1 1 793 969 821
1883 2 2 1 1 855 1682 555
1884 2 2 1 1 900 1712 1031
1885 2 2 1 1 1765 1766 673
1886 2 2 1 1 635 655 634
1887 2 2 1 1 565 924 546
1888 2 2 1 1 948 1738 946
1889 2 2 1 1 819 1689 820
1890 2 2 1 1 515 524 516
1891 2 2 1 1 1043 1676 1371
1892 2 2 1 1 840 1676 1043
1893 2 2 1 1 555 1682 556
1894 2 2 1 1 556 1682 562
1895 2 2 1 1 661 1756 682
1896 2 2 1 1 656 1704 655
1897 2 2 1 1 524 525 516
1898 2 2 1 1 1264 1265 948
1899 2 2 1 1 655 812 634
1900 2 2 1 1 807 822 808
1901 2 2 1 1 873 1818 1151
1902 2 2 1 1 558 1708 492
1903 2 2 1 1 969 1046 821
1904 2 2 1 1 661 682 681
1905 2 2 1 1 793 821 759
1906 2 2 1 1 1310 1900 1475
1907 2 2 1 1 537 1737 540
1908 2 2 1 1 957 1676 840
1909 2 2 1 1 756 757 755
1910 2 2 1 1 507 526 509
1911 2 2 1 1 510 515 511
1912 2 2 1 1 1739 1740 1738
1913 2 2 1 1 1177 1365 1178
1914 2 2 1 1 1221 1223 1222
1915 2 2 1 1 622 634 621
1916 2 2 1 1 1365 1407 1366
1917 2 2 1 1 1418 1420 1249
1918 2 2 1 1 589 598 597
1919 2 2 1 1 1298 1299 1037
1920 2 2 1 1 515 516 511
1921 2 2 1 1 576 589 588
1922 2 2 1 1 484 494 479
1923 2 2 1 1 684 790 685
1924 2 2 1 1 501 647 503
1925 2 2 1 1 1134 1689 819
1926 2 2 1 1 802 957 840
1927 2 2 1 1 419 1772 675
1928 2 2 1 1 1302 1303 1144
1929 2 2 1 1 1245 1246 1084
1930 2 2 1 1 615 616 608
1931 2 2 1 1 813 1037 1036
1932 2 2 1 1 765 1690 763
1933 2 2 1 1 1314 1378 1271
1934 2 2 1 1 1216 1219 1218
1935 2 2 1 1 655 813 812
1936 2 2 1 1 813 1704 1297
1937 2 2 1 1 495 510 496
1938 2 2 1 1 1864 1865 1527
1939 2 2 1 1 813 1036 812
1940 2 2 1 1 467 672 470
1941 2 2 1 1 843 1568 657
1942 2 2 1 1 966 1069 967
1943 2 2 1 1 756 759 757
1944 2 2 1 1 1253 1361 1254
1945 2 2 1 1 1752 1782 1295
1946 2 2 1 1 892 893 571
1947 2 2 1 1 744 746 745
1948 2 2 1 1 1194 1388 1352
1949 2 2 1 1 526 533 527
1950 2 2 1 1 510 511 496
1951 2 2 1 1 1630 1633 1632
1952 2 2 1 1 1226 1227 1225
1953 2 2 1 1 617 618 616
1954 2 2 1 1 1689 1721 1053
1955 2 2 1 1 962 1694 951
1956 2 2 1 1 619 621 618
1957 2 2 1 1 559 1166 538
1958 2 2 1 1 752 753 750
1959 2 2 1 1 873 1151 936
1960 2 2 1 1 753 756 755
1961 2 2 1 1 621 665 618
1962 2 2 1 1 1044 1141 949
1963 2 2 1 1 797 1972 1172
1964 2 2 1 1 1143 1144 968
1965 2 2 1 1 779 1704 656
1966 2 2 1 1 945 1699 1179
1967 2 2 1 1 1194 1352 1132
1968 2 2 1 1 1083 1084 923
1969 2 2 1 1 894 895 893
1970 2 2 1 1 700 701 699
1971 2 2 1 1 582 1821 1564
1972 2 2 1 1 785 1706 765
1973 2 2 1 1 490 495 491
1974 2 2 1 1 548 564 563
1975 2 2 1 1 574 576 575
1976 2 2 1 1 564 574 573
1977 2 2 1 1 922 923 921
1978 2 2 1 1 533 536 534
1979 2 2 1 1 543 548 547
1980 2 2 1 1 951 1694 1085
1981 2 2 1 1 1076 1077 1045
1982 2 2 1 1 959 997 958
1983 2 2 1 1 495 496 491
1984 2 2 1 1 1208 1209 1050
1985 2 2 1 1 1072 1243 1138
1986 2 2 1 1 1294 1701 821
1987 2 2 1 1 876 877 875
1988 2 2 1 1 792 1720 853
1989 2 2 1 1 604 605 598
1990 2 2 1 1 936 1761 943
1991 2 2 1 1 945 1179 947
1992 2 2 1 1 637 1684 599
1993 2 2 1 1 471 472 468
1994 2 2 1 1 1025 1026 994
1995 2 2 1 1 943 1699 945
1996 2 2 1 1 655 1704 813
1997 2 2 1 1 1168 1170 1169
1998 2 2 1 1 606 607 605
1999 2 2 1 1 740 742 741
2000 2 2 1 1 746 1696 758
2001 2 2 1 1 682 684 683
2002 2 2 1 1 487 490 488
2003 2 2 1 1 1300 1840 1584
2004 2 2 1 1 1069 1089 1070
2005 2 2 1 1 1568 1723 1569
2006 2 2 1 1 490 491 488
2007 2 2 1 1 1359 1360 1141
2008 2 2 1 1 999 1843 882
2009 2 2 1 1 477 783 475
2010 2 2 1 1 537 540 539
2011 2 2 1 1 1210 1483 1209
2012 2 2 1 1 1029 1191 1028
2013 2 2 1 1 1072 1693 1243
2014 2 2 1 1 1085 1702 814
2015 2 2 1 1 752 1691 753
2016 2 2 1 1 722 1709 717
2017 2 2 1 1 607 671 605
2018 2 2 1 1 466 674 463
2019 2 2 1 1 760 1701 764
2020 2 2 1 1 1027 1028 1026
2021 2 2 1 1 613 637 599
2022 2 2 1 1 651 659 637
2023 2 2 1 1 664 798 659
2024 2 2 1 1 955 1142 1107
2025 2 2 1 1 457 673 460
2026 2 2 1 1 905 921 898
2027 2 2 1 1 759 1701 760
2028 2 2 1 1 1506 1537 1117
2029 2 2 1 1 814 1702 794
2030 2 2 1 1 747 769 749
2031 2 2 1 1 540 543 542
2032 2 2 1 1 400 1090 402
2033 2 2 1 1 1134 1721 1689
2034 2 2 1 1 487 488 484
2035 2 2 1 1 483 487 484
2036 2 2 1 1 1246 1358 1248
2037 2 2 1 1 1170 1183 1182
2038 2 2 1 1 1144 1192 968
2039 2 2 1 1 794 1702 942
2040 2 2 1 1 473 482 472
2041 2 2 1 1 1384 1385 1089
2042 2 2 1 1 645 660 646
2043 2 2 1 1 593 599 584
2044 2 2 1 1 889 890 521
2045 2 2 1 1 900 901 899
2046 2 2 1 1 598 1686 597
2047 2 2 1 1 1046 1716 1373
2048 2 2 1 1 474 1715 670
2049 2 2 1 1 608 1725 607
2050 2 2 1 1 929 931 930
2051 2 2 1 1 931 955 932
2052 2 2 1 1 907 908 906
2053 2 2 1 1 1647 1727 529
2054 2 2 1 1 858 968 966
2055 2 2 1 1 821 1701 759
2056 2 2 1 1 1077 1270 1045
2057 2 2 1 1 796 1697 941
2058 2 2 1 1 529 1727 525
2059 2 2 1 1 756 1691 793
2060 2 2 1 1 946 1073 944
2061 2 2 1 1 462 469 465
2062 2 2 1 1 749 750 748
2063 2 2 1 1 1345 1721 1134
2064 2 2 1 1 670 1713 476
2065 2 2 1 1 853 1720 995
2066 2 2 1 1 802 991 957
2067 2 2 1 1 909 993 908
2068 2 2 1 1 904 906 903
2069 2 2 1 1 856 857 671
2070 2 2 1 1 902 903 901
2071 2 2 1 1 858 966 857
2072 2 2 1 1 784 1748 956
2073 2 2 1 1 856 858 857
2074 2 2 1 1 969 1716 1046
2075 2 2 1 1 920 929 928
2076 2 2 1 1 851 918 917
2077 2 2 1 1 1640 1720 792
2078 2 2 1 1 749 752 750
2079 2 2 1 1 589 597 588
2080 2 2 1 1 1069 1384 1089
2081 2 2 1 1 753 1691 756
2082 2 2 1 1 918 920 919
2083 2 2 1 1 651 789 664
2084 2 2 1 1 607 856 671
2085 2 2 1 1 991 1177 957
2086 2 2 1 1 1414 1437 1266
2087 2 2 1 1 1229 1232 1231
2088 2 2 1 1 748 1696 746
2089 2 2 1 1 758 1696 1281
2090 2 2 1 1 1132 1716 969
2091 2 2 1 1 747 748 746
2092 2 2 1 1 1284 1774 1735
2093 2 2 1 1 664 802 798
2094 2 2 1 1 471 474 473
2095 2 2 1 1 1288 1769 1720
2096 2 2 1 1 452 459 454
2097 2 2 1 1 994 1729 993
2098 2 2 1 1 722 1711 1710
2099 2 2 1 1 658 1754 1543
2100 2 2 1 1 878 1482 880
2101 2 2 1 1 605 1686 598
2102 2 2 1 1 525 1727 532
2103 2 2 1 1 610 1944 1933
2104 2 2 1 1 483 484 479
2105 2 2 1 1 991 1271 1177
2106 2 2 1 1 1281 1697 796
2107 2 2 1 1 1253 1254 965
2108 2 2 1 1 807 808 806
2109 2 2 1 1 583 584 570
2110 2 2 1 1 1598 1775 727
2111 2 2 1 1 576 588 575
2112 2 2 1 1 1701 1748 764
2113 2 2 1 1 822 823 808
2114 2 2 1 1 474 476 475
2115 2 2 1 1 593 620 613
2116 2 2 1 1 1048 1325 1324
2117 2 2 1 1 476 478 477
2118 2 2 1 1 478 483 479
2119 2 2 1 1 675 688 421
2120 2 2 1 1 1245 1685 1246
2121 2 2 1 1 941 1697 1127
2122 2 2 1 1 1224 1225 1223
2123 2 2 1 1 455 677 453
2124 2 2 1 1 478 1713 489
2125 2 2 1 1 805 806 804
2126 2 2 1 1 856 1725 1681
2127 2 2 1 1 471 473 472
2128 2 2 1 1 478 479 477
2129 2 2 1 1 730 911 910
2130 2 2 1 1 1250 1419 1418
2131 2 2 1 1 476 477 475
2132 2 2 1 1 1107 1128 932
2133 2 2 1 1 588 610 575
2134 2 2 1 1 461 464 458
2135 2 2 1 1 616 1725 608
2136 2 2 1 1 482 1331 1330
2137 2 2 1 1 725 729 723
2138 2 2 1 1 1294 1748 1701
2139 2 2 1 1 1191 1266 1028
2140 2 2 1 1 651 664 659
2141 2 2 1 1 1420 1768 1249
2142 2 2 1 1 1860 1874 1301
2143 2 2 1 1 613 651 637
2144 2 2 1 1 569 570 552
2145 2 2 1 1 744 747 746
2146 2 2 1 1 474 475 473
2147 2 2 1 1 574 575 573
2148 2 2 1 1 1556 1558 1038
2149 2 2 1 1 564 573 563
2150 2 2 1 1 736 738 737
2151 2 2 1 1 1089 1726 1181
2152 2 2 1 1 1166 1788 538
2153 2 2 1 1 1191 1414 1266
2154 2 2 1 1 1250 1729 1439
2155 2 2 1 1 548 563 547
2156 2 2 1 1 803 1147 686
2157 2 2 1 1 1352 1716 1132
2158 2 2 1 1 942 1751 781
2159 2 2 1 1 1083 1245 1084
2160 2 2 1 1 593 613 599
2161 2 2 1 1 812 1719 634
2162 2 2 1 1 922 1083 923
2163 2 2 1 1 1083 1259 1245
2164 2 2 1 1 747 749 748
2165 2 2 1 1 1142 1440 1107
2166 2 2 1 1 1732 1745 1539
2167 2 2 1 1 696 697 694
2168 2 2 1 1 846 1284 844
2169 2 2 1 1 1539 1842 964
2170 2 2 1 1 1072 1138 837
2171 2 2 1 1 526 527 509
2172 2 2 1 1 470 1715 471
2173 2 2 1 1 1246 1685 1358
2174 2 2 1 1 721 722 717
2175 2 2 1 1 950 1045 1044
2176 2 2 1 1 543 547 542
2177 2 2 1 1 1026 1729 994
2178 2 2 1 1 956 1782 1135
2179 2 2 1 1 905 961 922
2180 2 2 1 1 531 554 552
2181 2 2 1 1 1044 1359 1141
2182 2 2 1 1 581 1922 1919
2183 2 2 1 1 607 1725 856
2184 2 2 1 1 884 1843 888
2185 2 2 1 1 905 922 921
2186 2 2 1 1 30 332 31
2187 2 2 1 1 687 1732 805
2188 2 2 1 1 1050 1723 843
2189 2 2 1 1 1226 1351 1227
2190 2 2 1 1 955 1107 932
2191 2 2 1 1 634 1719 621
2192 2 2 1 1 583 593 584
2193 2 2 1 1 536 537 534
2194 2 2 1 1 436 859 438
2195 2 2 1 1 743 744 742
2196 2 2 1 1 533 534 527
2197 2 2 1 1 1500 1789 1770
2198 2 2 1 1 508 512 506
2199 2 2 1 1 493 499 498
2200 2 2 1 1 563 581 547
2201 2 2 1 1 640 1795 643
2202 2 2 1 1 993 1249 908
2203 2 2 1 1 671 1686 605
2204 2 2 1 1 640 643 642
2205 2 2 1 1 1170 1718 1183
2206 2 2 1 1 779 1751 1704
2207 2 2 1 1 470 471 468
2208 2 2 1 1 1188 1417 1315
2209 2 2 1 1 531 551 530
2210 2 2 1 1 643 645 644
2211 2 2 1 1 554 571 569
2212 2 2 1 1 791 1153 680
2213 2 2 1 1 621 1719 665
2214 2 2 1 1 993 1250 1249
2215 2 2 1 1 1156 1157 1153
2216 2 2 1 1 895 897 896
2217 2 2 1 1 559 1305 1166
2218 2 2 1 1 1224 1226 1225
2219 2 2 1 1 928 1167 919
2220 2 2 1 1 1000 1770 1001
2221 2 2 1 1 823 949 808
2222 2 2 1 1 467 470 468
2223 2 2 1 1 931 932 930
2224 2 2 1 1 937 1065 874
2225 2 2 1 1 540 542 539
2226 2 2 1 1 925 1047 926
2227 2 2 1 1 425 1800 1310
2228 2 2 1 1 906 1052 903
2229 2 2 1 1 1141 1777 949
2230 2 2 1 1 897 899 898
2231 2 2 1 1 764 1748 784
2232 2 2 1 1 451 456 448
2233 2 2 1 1 684 685 683
2234 2 2 1 1 929 930 928
2235 2 2 1 1 975 1846 800
2236 2 2 1 1 1265 1738 948
2237 2 2 1 1 740 743 742
2238 2 2 1 1 1148 1149 1147
2239 2 2 1 1 1275 1453 1451
2240 2 2 1 1 1075 1282 825
2241 2 2 1 1 1250 1418 1249
2242 2 2 1 1 895 896 893
2243 2 2 1 1 843 1723 1568
2244 2 2 1 1 504 676 502
2245 2 2 1 1 537 538 534
2246 2 2 1 1 739 740 738
2247 2 2 1 1 687 804 803
2248 2 2 1 1 781 1751 779
2249 2 2 1 1 467 468 466
2250 2 2 1 1 476 1713 478
2251 2 2 1 1 1536 1823 935
2252 2 2 1 1 1303 1728 1144
2253 2 2 1 1 1748 1782 956
2254 2 2 1 1 920 928 919
2255 2 2 1 1 465 467 466
2256 2 2 1 1 471 1715 474
2257 2 2 1 1 1704 1751 1297
2258 2 2 1 1 523 530 522
2259 2 2 1 1 743 1717 744
2260 2 2 1 1 722 1710 1709
2261 2 2 1 1 540 1734 543
2262 2 2 1 1 513 1152 523
2263 2 2 1 1 1243 1759 1138
2264 2 2 1 1 1177 1722 1365
2265 2 2 1 1 851 917 848
2266 2 2 1 1 1135 1752 1346
2267 2 2 1 1 918 919 917
2268 2 2 1 1 698 699 697
2269 2 2 1 1 1187 1328 1149
2270 2 2 1 1 823 950 949
2271 2 2 1 1 1762 2167 1914
2272 2 2 1 1 1385 1726 1089
2273 2 2 1 1 559 1306 1305
2274 2 2 1 1 494 1733 479
2275 2 2 1 1 569 583 570
2276 2 2 1 1 531 552 551
2277 2 2 1 1 998 1773 997
2278 2 2 1 1 899 905 898
2279 2 2 1 1 1158 1159 1157
2280 2 2 1 1 1209 1723 1050
2281 2 2 1 1 440 443 442
2282 2 2 1 1 1192 1724 968
2283 2 2 1 1 889 1856 891
2284 2 2 1 1 897 898 896
2285 2 2 1 1 966 1724 1069
2286 2 2 1 1 968 1724 966
2287 2 2 1 1 539 559 538
2288 2 2 1 1 1144 1728 1192
2289 2 2 1 1 682 1746 684
2290 2 2 1 1 513 522 512
2291 2 2 1 1 554 569 552
2292 2 2 1 1 537 539 538
2293 2 2 1 1 1639 1811 1755
2294 2 2 1 1 1227 1730 1229
2295 2 2 1 1 1226 1415 1351
2296 2 2 1 1 965 1731 822
2297 2 2 1 1 523 531 530
2298 2 2 1 1 465 466 463
2299 2 2 1 1 416 419 418
2300 2 2 1 1 507 509 508
2301 2 2 1 1 950 1044 949
2302 2 2 1 1 747 1717 769
2303 2 2 1 1 467 1749 672
2304 2 2 1 1 734 1531 698
2305 2 2 1 1 603 1845 1139
2306 2 2 1 1 1271 1722 1177
2307 2 2 1 1 462 465 463
2308 2 2 1 1 505 507 506
2309 2 2 1 1 1265 1739 1738
2310 2 2 1 1 682 683 681
2311 2 2 1 1 933 1822 566
2312 2 2 1 1 822 1731 823
2313 2 2 1 1 1114 1444 1443
2314 2 2 1 1 503 505 504
2315 2 2 1 1 993 1729 1250
2316 2 2 1 1 477 1733 783
2317 2 2 1 1 1188 1315 1187
2318 2 2 1 1 503 504 502
2319 2 2 1 1 493 498 497
2320 2 2 1 1 462 463 461
2321 2 2 1 1 888 958 887
2322 2 2 1 1 440 442 441
2323 2 2 1 1 736 739 738
2324 2 2 1 1 505 506 504
2325 2 2 1 1 1069 1724 1384
2326 2 2 1 1 507 508 506
2327 2 2 1 1 1112 1113 1111
2328 2 2 1 1 1220 1221 1219
2329 2 2 1 1 806 980 804
2330 2 2 1 1 752 1798 1545
2331 2 2 1 1 744 1717 747
2332 2 2 1 1 1531 1753 700
2333 2 2 1 1 783 1736 475
2334 2 2 1 1 1148 1188 1187
2335 2 2 1 1 995 1769 1532
2336 2 2 1 1 460 462 461
2337 2 2 1 1 660 661 646
2338 2 2 1 1 501 503 502
2339 2 2 1 1 1244 1773 1002
2340 2 2 1 1 1720 1769 995
2341 2 2 1 1 438 440 439
2342 2 2 1 1 473 1736 482
2343 2 2 1 1 466 1744 674
2344 2 2 1 1 632 639 633
2345 2 2 1 1 685 687 686
2346 2 2 1 1 500 514 498
2347 2 2 1 1 566 1822 580
2348 2 2 1 1 460 461 458
2349 2 2 1 1 630 632 631
2350 2 2 1 1 430 433 432
2351 2 2 1 1 802 1743 991
2352 2 2 1 1 580 624 595
2353 2 2 1 1 472 1744 468
2354 2 2 1 1 1039 1264 948
2355 2 2 1 1 457 460 458
2356 2 2 1 1 882 884 883
2357 2 2 1 1 1770 1789 1444
2358 2 2 1 1 479 1733 477
2359 2 2 1 1 430 432 431
2360 2 2 1 1 872 1054 871
2361 2 2 1 1 436 438 437
2362 2 2 1 1 513 523 522
2363 2 2 1 1 879 999 882
2364 2 2 1 1 501 502 500
2365 2 2 1 1 665 1794 618
2366 2 2 1 1 1294 1782 1748
2367 2 2 1 1 527 678 509
2368 2 2 1 1 508 513 512
2369 2 2 1 1 1143 1819 1302
2370 2 2 1 1 869 871 868
2371 2 2 1 1 1638 1755 896
2372 2 2 1 1 1577 1771 1368
2373 2 2 1 1 943 1761 1699
2374 2 2 1 1 844 1737 536
2375 2 2 1 1 673 1747 460
2376 2 2 1 1 1113 1844 1492
2377 2 2 1 1 1221 1224 1223
2378 2 2 1 1 1351 1730 1227
2379 2 2 1 1 997 1287 1269
2380 2 2 1 1 789 1743 664
2381 2 2 1 1 457 458 455
2382 2 2 1 1 482 1736 1331
2383 2 2 1 1 428 430 429
2384 2 2 1 1 726 751 732
2385 2 2 1 1 499 501 500
2386 2 2 1 1 505 1820 507
2387 2 2 1 1 475 1736 473
2388 2 2 1 1 499 500 498
2389 2 2 1 1 454 457 455
2390 2 2 1 1 439 1150 437
2391 2 2 1 1 729 1711 723
2392 2 2 1 1 469 1749 465
2393 2 2 1 1 664 1743 802
2394 2 2 1 1 1229 1730 1232
2395 2 2 1 1 1264 1792 1265
2396 2 2 1 1 713 718 712
2397 2 2 1 1 947 948 946
2398 2 2 1 1 947 1039 948
2399 2 2 1 1 1349 1796 1075
2400 2 2 1 1 486 493 492
2401 2 2 1 1 536 1737 537
2402 2 2 1 1 893 1755 571
2403 2 2 1 1 674 1764 463
2404 2 2 1 1 723 1711 722
2405 2 2 1 1 1254 1731 965
2406 2 2 1 1 803 1148 1147
2407 2 2 1 1 1265 1779 1739
2408 2 2 1 1 911 912 910
2409 2 2 1 1 1153 1813 680
2410 2 2 1 1 625 628 627
2411 2 2 1 1 1216 1220 1219
2412 2 2 1 1 837 1745 790
2413 2 2 1 1 628 630 629
2414 2 2 1 1 1066 1193 1068
2415 2 2 1 1 454 455 453
2416 2 2 1 1 651 1750 789
2417 2 2 1 1 645 646 644
2418 2 2 1 1 442 449 441
2419 2 2 1 1 462 1747 469
2420 2 2 1 1 449 480 441
2421 2 2 1 1 687 803 686
2422 2 2 1 1 1295 1782 1294
2423 2 2 1 1 457 1765 673
2424 2 2 1 1 973 1776 1168
2425 2 2 1 1 620 1750 613
2426 2 2 1 1 1265 1792 1779
2427 2 2 1 1 1317 1318 1068
2428 2 2 1 1 493 497 492
2429 2 2 1 1 689 690 688
2430 2 2 1 1 616 1794 1725
2431 2 2 1 1 692 927 690
2432 2 2 1 1 428 1836 430
2433 2 2 1 1 452 454 453
2434 2 2 1 1 1051 1362 1244
2435 2 2 1 1 1529 1815 1121
2436 2 2 1 1 749 1798 752
2437 2 2 1 1 450 452 451
2438 2 2 1 1 446 1154 444
2439 2 2 1 1 685 686 683
2440 2 2 1 1 735 736 733
2441 2 2 1 1 1538 1857 666
2442 2 2 1 1 440 441 439
2443 2 2 1 1 864 865 863
2444 2 2 1 1 1215 1216 1042
2445 2 2 1 1 1168 1169 1082
2446 2 2 1 1 465 1749 467
2447 2 2 1 1 459 1765 454
2448 2 2 1 1 791 1156 1153
2449 2 2 1 1 452 453 451
2450 2 2 1 1 835 1280 788
2451 2 2 1 1 613 1750 651
2452 2 2 1 1 468 1744 466
2453 2 2 1 1 702 1753 728
2454 2 2 1 1 422 425 424
2455 2 2 1 1 694 1714 692
2456 2 2 1 1 450 451 448
2457 2 2 1 1 1200 1242 1063
2458 2 2 1 1 866 868 865
2459 2 2 1 1 1148 1187 1149
2460 2 2 1 1 945 947 946
2461 2 2 1 1 447 450 448
2462 2 2 1 1 732 733 727
2463 2 2 1 1 725 1775 729
2464 2 2 1 1 1284 1737 844
2465 2 2 1 1 1159 1350 1161
2466 2 2 1 1 1409 1435 1113
2467 2 2 1 1 661 681 680
2468 2 2 1 1 1239 1356 1004
2469 2 2 1 1 455 1760 677
2470 2 2 1 1 461 1764 464
2471 2 2 1 1 945 946 944
2472 2 2 1 1 618 1794 616
2473 2 2 1 1 711 712 709
2474 2 2 1 1 790 1745 1732
2475 2 2 1 1 692 1714 927
2476 2 2 1 1 1054 1251 1176
2477 2 2 1 1 721 723 722
2478 2 2 1 1 1725 1794 1681
2479 2 2 1 1 1170 1182 1169
2480 2 2 1 1 416 418 417
2481 2 2 1 1 438 439 437
2482 2 2 1 1 1083 1762 1259
2483 2 2 1 1 825 1756 660
2484 2 2 1 1 1138 1745 837
2485 2 2 1 1 447 448 446
2486 2 2 1 1 486 492 485
2487 2 2 1 1 961 1762 922
2488 2 2 1 1 773 1308 1279
2489 2 2 1 1 445 447 446
2490 2 2 1 1 464 1760 458
2491 2 2 1 1 460 1747 462
2492 2 2 1 1 997 1269 958
2493 2 2 1 1 887 1473 1079
2494 2 2 1 1 1073 1787 944
2495 2 2 1 1 1710 1885 1709
2496 2 2 1 1 493 1827 499
2497 2 2 1 1 769 1798 749
2498 2 2 1 1 702 703 701
2499 2 2 1 1 1360 1793 1141
2500 2 2 1 1 908 1768 906
2501 2 2 1 1 896 1755 893
2502 2 2 1 1 481 486 485
2503 2 2 1 1 922 1762 1083
2504 2 2 1 1 660 1756 661
2505 2 2 1 1 1723 1804 1569
2506 2 2 1 1 943 945 944
2507 2 2 1 1 643 644 642
2508 2 2 1 1 1266 1803 1028
2509 2 2 1 1 913 915 914
2510 2 2 1 1 445 446 444
2511 2 2 1 1 869 872 871
2512 2 2 1 1 431 517 429
2513 2 2 1 1 848 1774 846
2514 2 2 1 1 443 445 444
2515 2 2 1 1 481 485 480
2516 2 2 1 1 449 481 480
2517 2 2 1 1 726 727 725
2518 2 2 1 1 643 1790 645
2519 2 2 1 1 732 735 733
2520 2 2 1 1 869 873 872
2521 2 2 1 1 443 444 442
2522 2 2 1 1 1249 1768 908
2523 2 2 1 1 463 1764 461
2524 2 2 1 1 661 680 646
2525 2 2 1 1 1475 1900 1323
2526 2 2 1 1 449 771 481
2527 2 2 1 1 681 791 680
2528 2 2 1 1 906 1768 1052
2529 2 2 1 1 542 1763 539
2530 2 2 1 1 1026 1803 1729
2531 2 2 1 1 649 772 626
2532 2 2 1 1 539 1763 559
2533 2 2 1 1 1209 1804 1723
2534 2 2 1 1 943 944 937
2535 2 2 1 1 937 1787 1065
2536 2 2 1 1 1075 1796 1282
2537 2 2 1 1 726 732 727
2538 2 2 1 1 808 1777 806
2539 2 2 1 1 1916 1995 1331
2540 2 2 1 1 559 1763 1306
2541 2 2 1 1 1028 1803 1026
2542 2 2 1 1 846 1774 1284
2543 2 2 1 1 531 1778 554
2544 2 2 1 1 677 1786 453
2545 2 2 1 1 1066 1068 890
2546 2 2 1 1 436 437 435
2547 2 2 1 1 716 730 720
2548 2 2 1 1 1156 1158 1157
2549 2 2 1 1 936 943 937
2550 2 2 1 1 639 640 633
2551 2 2 1 1 1742 1864 1527
2552 2 2 1 1 430 431 429
2553 2 2 1 1 454 1765 457
2554 2 2 1 1 458 1760 455
2555 2 2 1 1 799 800 772
2556 2 2 1 1 1041 1217 1215
2557 2 2 1 1 28 387 29
2558 2 2 1 1 438 1758 440
2559 2 2 1 1 1282 1756 825
2560 2 2 1 1 949 1777 808
2561 2 2 1 1 866 869 868
2562 2 2 1 1 433 521 434
2563 2 2 1 1 1193 1317 1068
2564 2 2 1 1 512 1780 506
2565 2 2 1 1 1147 1767 686
2566 2 2 1 1 451 1786 456
2567 2 2 1 1 665 1819 1794
2568 2 2 1 1 1121 1815 1275
2569 2 2 1 1 569 1811 583
2570 2 2 1 1 913 914 912
2571 2 2 1 1 594 596 579
2572 2 2 1 1 773 925 517
2573 2 2 1 1 973 1082 1081
2574 2 2 1 1 523 1778 531
2575 2 2 1 1 1152 1778 523
2576 2 2 1 1 917 1774 848
2577 2 2 1 1 890 1784 521
2578 2 2 1 1 936 937 874
2579 2 2 1 1 873 936 874
2580 2 2 1 1 644 653 642
2581 2 2 1 1 1632 2198 1631
2582 2 2 1 1 1483 1804 1209
2583 2 2 1 1 997 1773 1287
2584 2 2 1 1 972 974 800
2585 2 2 1 1 683 1767 681
2586 2 2 1 1 1353 1355 1354
2587 2 2 1 1 534 1788 527
2588 2 2 1 1 1729 1803 1439
2589 2 2 1 1 1380 2075 1381
2590 2 2 1 1 727 1775 725
2591 2 2 1 1 509 1781 508
2592 2 2 1 1 506 1780 504
2593 2 2 1 1 538 1788 534
2594 2 2 1 1 980 1791 804
2595 2 2 1 1 804 1791 803
2596 2 2 1 1 881 1482 878
2597 2 2 1 1 640 642 641
2598 2 2 1 1 1016 1032 1017
2599 2 2 1 1 640 641 633
2600 2 2 1 1 504 1780 676
2601 2 2 1 1 873 874 872
2602 2 2 1 1 861 864 863
2603 2 2 1 1 436 1806 859
2604 2 2 1 1 632 633 631
2605 2 2 1 1 859 1758 438
2606 2 2 1 1 806 1777 980
2607 2 2 1 1 912 1304 910
2608 2 2 1 1 513 1781 1152
2609 2 2 1 1 702 728 704
2610 2 2 1 1 433 434 432
2611 2 2 1 1 1755 1811 571
2612 2 2 1 1 1051 1244 1002
2613 2 2 1 1 799 973 972
2614 2 2 1 1 1041 1042 935
2615 2 2 1 1 502 1783 500
2616 2 2 1 1 434 436 435
2617 2 2 1 1 676 1783 502
2618 2 2 1 1 161 1854 162
2619 2 2 1 1 630 631 629
2620 2 2 1 1 884 887 886
2621 2 2 1 1 1182 1332 1169
2622 2 2 1 1 508 1781 513
2623 2 2 1 1 864 1030 866
2624 2 2 1 1 428 429 427
2625 2 2 1 1 571 1811 569
2626 2 2 1 1 434 435 432
2627 2 2 1 1 419 421 420
2628 2 2 1 1 697 1714 694
2629 2 2 1 1 440 1758 443
2630 2 2 1 1 421 422 420
2631 2 2 1 1 1109 1395 1081
2632 2 2 1 1 1149 1841 1147
2633 2 2 1 1 678 1781 509
2634 2 2 1 1 724 726 725
2635 2 2 1 1 1256 1849 1006
2636 2 2 1 1 724 725 723
2637 2 2 1 1 864 866 865
2638 2 2 1 1 721 724 723
2639 2 2 1 1 419 420 418
2640 2 2 1 1 456 1801 448
2641 2 2 1 1 431 773 517
2642 2 2 1 1 453 1786 451
2643 2 2 1 1 412 1272 414
2644 2 2 1 1 668 1880 1541
2645 2 2 1 1 527 1788 678
2646 2 2 1 1 681 1767 791
2647 2 2 1 1 1008 1847 1104
2648 2 2 1 1 1819 1835 1302
2649 2 2 1 1 1146 1488 1145
2650 2 2 1 1 1148 1791 1188
2651 2 2 1 1 425 426 424
2652 2 2 1 1 500 1783 514
2653 2 2 1 1 773 1279 925
2654 2 2 1 1 1157 1807 1153
2655 2 2 1 1 915 1091 916
2656 2 2 1 1 1709 1816 715
2657 2 2 1 1 1794 1819 1681
2658 2 2 1 1 838 1056 839
2659 2 2 1 1 628 629 627
2660 2 2 1 1 711 713 712
2661 2 2 1 1 788 1795 639
2662 2 2 1 1 27 1785 28
2663 2 2 1 1 416 1772 419
2664 2 2 1 1 944 1787 937
2665 2 2 1 1 1063 1799 835
2666 2 2 1 1 426 428 427
2667 2 2 1 1 974 1115 976
2668 2 2 1 1 1065 1805 874
2669 2 2 1 1 1184 1950 1516
2670 2 2 1 1 1118 1856 1485
2671 2 2 1 1 916 935 914
2672 2 2 1 1 983 1457 838
2673 2 2 1 1 1136 1835 1719
2674 2 2 1 1 1911 1913 735
2675 2 2 1 1 639 1795 640
2676 2 2 1 1 631 770 629
2677 2 2 1 1 720 721 717
2678 2 2 1 1 1707 1962 1951
2679 2 2 1 1 1041 1215 1042
2680 2 2 1 1 422 424 423
2681 2 2 1 1 486 1827 493
2682 2 2 1 1 803 1791 1148
2683 2 2 1 1 1199 1953 1162
2684 2 2 1 1 433 1836 889
2685 2 2 1 1 1362 1413 1244
2686 2 2 1 1 1541 1821 582
2687 2 2 1 1 1136 1853 1835
2688 2 2 1 1 1318 1784 1068
2689 2 2 1 1 448 1801 446
2690 2 2 1 1 624 625 595
2691 2 2 1 1 426 427 424
2692 2 2 1 1 425 520 426
2693 2 2 1 1 1502 1932 1184
2694 2 2 1 1 1275 1815 1453
2695 2 2 1 1 401 831 399
2696 2 2 1 1 716 717 715
2697 2 2 1 1 439 1802 1150
2698 2 2 1 1 1850 1851 714
2699 2 2 1 1 872 1805 1054
2700 2 2 1 1 686 1767 683
2701 2 2 1 1 701 774 699
2702 2 2 1 1 580 595 594
2703 2 2 1 1 446 1801 1154
2704 2 2 1 1 973 1081 972
2705 2 2 1 1 978 1239 1004
2706 2 2 1 1 507 1820 526
2707 2 2 1 1 730 910 720
2708 2 2 1 1 1068 1784 890
2709 2 2 1 1 1485 1856 1486
2710 2 2 1 1 705 731 703
2711 2 2 1 1 1276 1829 1502
2712 2 2 1 1 480 1802 441
2713 2 2 1 1 1296 1851 1850
2714 2 2 1 1 1561 1871 1164
2715 2 2 1 1 716 720 717
2716 2 2 1 1 1681 1819 1143
2717 2 2 1 1 481 1826 486
2718 2 2 1 1 434 1806 436
2719 2 2 1 1 442 1797 449
2720 2 2 1 1 1104 1137 1010
2721 2 2 1 1 441 1802 439
2722 2 2 1 1 1054 1805 1251
2723 2 2 1 1 649 799 772
2724 2 2 1 1 1328 1870 1149
2725 2 2 1 1 799 972 800
2726 2 2 1 1 1280 1795 788
2727 2 2 1 1 915 916 914
2728 2 2 1 1 422 423 420
2729 2 2 1 1 550 933 566
2730 2 2 1 1 1242 1799 1063
2731 2 2 1 1 702 704 703
2732 2 2 1 1 1478 1833 1074
2733 2 2 1 1 835 1799 1280
2734 2 2 1 1 1429 1849 1256
2735 2 2 1 1 916 1041 935
2736 2 2 1 1 711 714 713
2737 2 2 1 1 1571 1838 1051
2738 2 2 1 1 444 1797 442
2739 2 2 1 1 713 1816 718
2740 2 2 1 1 1145 1423 1396
2741 2 2 1 1 1056 1268 1267
2742 2 2 1 1 521 1806 434
2743 2 2 1 1 1353 1354 1080
2744 2 2 1 1 1014 1868 1021
2745 2 2 1 1 1821 1888 1564
2746 2 2 1 1 772 1832 626
2747 2 2 1 1 884 888 887
2748 2 2 1 1 625 626 595
2749 2 2 1 1 404 775 406
2750 2 2 1 1 714 715 713
2751 2 2 1 1 1784 1806 521
2752 2 2 1 1 625 627 626
2753 2 2 1 1 416 417 415
2754 2 2 1 1 594 1283 596
2755 2 2 1 1 627 649 626
2756 2 2 1 1 714 716 715
2757 2 2 1 1 1188 1862 1417
2758 2 2 1 1 771 1826 481
2759 2 2 1 1 1154 1797 444
2760 2 2 1 1 927 1900 1861
2761 2 2 1 1 874 1805 872
2762 2 2 1 1 1248 1891 1247
2763 2 2 1 1 593 1855 620
2764 2 2 1 1 1835 1853 1302
2765 2 2 1 1 580 1822 624
2766 2 2 1 1 646 1813 644
2767 2 2 1 1 653 1834 642
2768 2 2 1 1 688 1800 421
2769 2 2 1 1 580 594 579
2770 2 2 1 1 1247 1883 1561
2771 2 2 1 1 642 1834 641
2772 2 2 1 1 1082 1109 1081
2773 2 2 1 1 1172 1972 1965
2774 2 2 1 1 449 1797 771
2775 2 2 1 1 1811 1855 583
2776 2 2 1 1 680 1813 646
2777 2 2 1 1 414 416 415
2778 2 2 1 1 665 1835 1819
2779 2 2 1 1 432 1812 431
2780 2 2 1 1 1138 1842 1745
2781 2 2 1 1 421 1800 422
2782 2 2 1 1 1719 1835 665
2783 2 2 1 1 1745 1842 1539
2784 2 2 1 1 1169 1814 1082
2785 2 2 1 1 1244 1848 1773
2786 2 2 1 1 710 711 709
2787 2 2 1 1 869 1818 873
2788 2 2 1 1 878 880 877
2789 2 2 1 1 422 1800 425
2790 2 2 1 1 566 580 579
2791 2 2 1 1 417 546 415
2792 2 2 1 1 1167 1858 919
2793 2 2 1 1 888 1843 1499
2794 2 2 1 1 718 1817 861
2795 2 2 1 1 1109 1397 1395
2796 2 2 1 1 644 1813 653
2797 2 2 1 1 716 1851 730
2798 2 2 1 1 1395 1825 1081
2799 2 2 1 1 1843 1865 1499
2800 2 2 1 1 1845 1909 1139
2801 2 2 1 1 773 1812 1308
2802 2 2 1 1 1826 1827 486
2803 2 2 1 1 866 1818 869
2804 2 2 1 1 52 1879 361
2805 2 2 1 1 1562 1845 603
2806 2 2 1 1 1862 1881 1417
2807 2 2 1 1 1248 1894 1891
2808 2 2 1 1 974 1825 1115
2809 2 2 1 1 1413 1848 1244
2810 2 2 1 1 435 1812 432
2811 2 2 1 1 1427 1429 1256
2812 2 2 1 1 1030 1818 866
2813 2 2 1 1 1165 1853 1136
2814 2 2 1 1 1004 1847 1005
2815 2 2 1 1 1767 1841 791
2816 2 2 1 1 715 1816 713
2817 2 2 1 1 972 1825 974
2818 2 2 1 1 1590 2167 961
2819 2 2 1 1 427 1840 424
2820 2 2 1 1 1549 1937 885
2821 2 2 1 1 726 1867 751
2822 2 2 1 1 1145 1396 1091
2823 2 2 1 1 1213 2028 2015
2824 2 2 1 1 708 710 709
2825 2 2 1 1 1147 1841 1767
2826 2 2 1 1 1816 1817 718
2827 2 2 1 1 424 1840 423
2828 2 2 1 1 1683 1889 1019
2829 2 2 1 1 708 709 707
2830 2 2 1 1 917 1858 1774
2831 2 2 1 1 861 1817 864
2832 2 2 1 1 864 1817 1030
2833 2 2 1 1 704 705 703
2834 2 2 1 1 1041 1828 1217
2835 2 2 1 1 430 1836 433
2836 2 2 1 1 1168 1884 1170
2837 2 2 1 1 875 1850 710
2838 2 2 1 1 1102 1110 1020
2839 2 2 1 1 121 1886 120
2840 2 2 1 1 1759 1842 1138
2841 2 2 1 1 885 1482 881
2842 2 2 1 1 649 1839 1776
2843 2 2 1 1 431 1812 773
2844 2 2 1 1 1332 1814 1169
2845 2 2 1 1 721 1824 724
2846 2 2 1 1 1304 1824 910
2847 2 2 1 1 28 1785 387
2848 2 2 1 1 912 1823 1304
2849 2 2 1 1 699 1830 697
2850 2 2 1 1 1006 1849 979
2851 2 2 1 1 720 1824 721
2852 2 2 1 1 706 707 705
2853 2 2 1 1 1639 1855 1811
2854 2 2 1 1 1453 1878 1455
2855 2 2 1 1 566 579 565
2856 2 2 1 1 22 350 21
2857 2 2 1 1 791 1841 1156
2858 2 2 1 1 1855 1871 620
2859 2 2 1 1 1262 1488 1146
2860 2 2 1 1 1758 1852 1687
2861 2 2 1 1 629 1839 627
2862 2 2 1 1 706 708 707
2863 2 2 1 1 417 550 546
2864 2 2 1 1 1584 1840 427
2865 2 2 1 1 990 1206 1205
2866 2 2 1 1 627 1839 649
2867 2 2 1 1 1829 1924 1502
2868 2 2 1 1 704 706 705
2869 2 2 1 1 1356 1847 1004
2870 2 2 1 1 1150 1873 437
2871 2 2 1 1 1957 1963 1039
2872 2 2 1 1 550 565 546
2873 2 2 1 1 1500 1865 1864
2874 2 2 1 1 1516 1961 1515
2875 2 2 1 1 1081 1825 972
2876 2 2 1 1 1091 1828 916
2877 2 2 1 1 910 1824 720
2878 2 2 1 1 418 1837 417
2879 2 2 1 1 1082 1814 1109
2880 2 2 1 1 550 566 565
2881 2 2 1 1 914 1823 912
2882 2 2 1 1 1302 1853 1303
2883 2 2 1 1 1149 1870 1841
2884 2 2 1 1 859 1859 1852
2885 2 2 1 1 1774 1858 1735
2886 2 2 1 1 1710 1898 1885
2887 2 2 1 1 1304 1867 1824
2888 2 2 1 1 1079 1473 1369
2889 2 2 1 1 770 1839 629
2890 2 2 1 1 1824 1867 724
2891 2 2 1 1 774 1830 699
2892 2 2 1 1 859 1852 1758
2893 2 2 1 1 1515 1971 1557
2894 2 2 1 1 384 1854 161
2895 2 2 1 1 877 1296 875
2896 2 2 1 1 697 1830 1714
2897 2 2 1 1 935 1823 914
2898 2 2 1 1 1402 1990 1401
2899 2 2 1 1 1561 1883 1871
2900 2 2 1 1 891 1856 1118
2901 2 2 1 1 1139 1857 1538
2902 2 2 1 1 711 1850 714
2903 2 2 1 1 916 1828 1041
2904 2 2 1 1 1924 1932 1502
2905 2 2 1 1 1056 1267 839
2906 2 2 1 1 1499 1865 1500
2907 2 2 1 1 800 1846 772
2908 2 2 1 1 703 1831 701
2909 2 2 1 1 1023 1878 1815
2910 2 2 1 1 1806 1859 859
2911 2 2 1 1 595 1832 594
2912 2 2 1 1 641 1912 1899
2913 2 2 1 1 927 1861 690
2914 2 2 1 1 583 1855 593
2915 2 2 1 1 626 1832 595
2916 2 2 1 1 1410 1411 1137
2917 2 2 1 1 1152 1860 1570
2918 2 2 1 1 1296 1850 875
2919 2 2 1 1 1773 1848 1287
2920 2 2 1 1 1950 1961 1516
2921 2 2 1 1 1396 1828 1091
2922 2 2 1 1 1536 1893 1823
2923 2 2 1 1 1784 1859 1806
2924 2 2 1 1 408 541 410
2925 2 2 1 1 1167 1880 1858
2926 2 2 1 1 919 1858 917
2927 2 2 1 1 731 1831 703
2928 2 2 1 1 1712 1897 1031
2929 2 2 1 1 928 1888 1167
2930 2 2 1 1 1010 1868 1011
2931 2 2 1 1 1128 1908 1901
2932 2 2 1 1 838 839 787
2933 2 2 1 1 1536 1907 1893
2934 2 2 1 1 1793 1862 980
2935 2 2 1 1 980 1862 1791
2936 2 2 1 1 701 1831 774
2937 2 2 1 1 710 1850 711
2938 2 2 1 1 1008 1104 1010
2939 2 2 1 1 414 415 413
2940 2 2 1 1 1377 1404 1110
2941 2 2 1 1 1800 1861 1310
2942 2 2 1 1 1113 1492 1111
2943 2 2 1 1 594 1832 1283
2944 2 2 1 1 1137 1868 1010
2945 2 2 1 1 412 414 413
2946 2 2 1 1 399 1890 398
2947 2 2 1 1 1493 1882 423
2948 2 2 1 1 1166 1874 1788
2949 2 2 1 1 714 1851 716
2950 2 2 1 1 23 1447 22
2951 2 2 1 1 1162 1945 1477
2952 2 2 1 1 770 1884 1839
2953 2 2 1 1 1491 1872 707
2954 2 2 1 1 1812 1873 1308
2955 2 2 1 1 1166 1895 1874
2956 2 2 1 1 688 1861 1800
2957 2 2 1 1 1330 1993 1992
2958 2 2 1 1 1203 1457 983
2959 2 2 1 1 550 1837 933
2960 2 2 1 1 411 549 409
2961 2 2 1 1 690 1861 688
2962 2 2 1 1 1791 1862 1188
2963 2 2 1 1 1012 1869 1009
2964 2 2 1 1 1695 1907 1218
2965 2 2 1 1 1473 1474 1369
2966 2 2 1 1 1888 1901 1564
2967 2 2 1 1 435 1873 1812
2968 2 2 1 1 1247 1891 1883
2969 2 2 1 1 1841 1870 1156
2970 2 2 1 1 1698 1918 776
2971 2 2 1 1 1793 1881 1862
2972 2 2 1 1 1164 1871 1639
2973 2 2 1 1 1639 1871 1855
2974 2 2 1 1 1500 1864 1789
2975 2 2 1 1 1724 1887 1384
2976 2 2 1 1 1399 1454 1103
2977 2 2 1 1 1894 1904 1314
2978 2 2 1 1 724 1867 726
2979 2 2 1 1 1167 1888 1821
2980 2 2 1 1 412 1866 1272
2981 2 2 1 1 678 1860 1781
2982 2 2 1 1 1781 1860 1152
2983 2 2 1 1 1104 1410 1137
2984 2 2 1 1 1318 1859 1784
2985 2 2 1 1 1743 1894 1314
2986 2 2 1 1 412 413 411
2987 2 2 1 1 1839 1884 1776
2988 2 2 1 1 1624 2101 1299
2989 2 2 1 1 410 412 411
2990 2 2 1 1 417 1837 550
2991 2 2 1 1 678 1874 1860
2992 2 2 1 1 1563 1908 1562
2993 2 2 1 1 33 2176 3
2994 2 2 1 1 1156 1870 1158
2995 2 2 1 1 831 1890 399
2996 2 2 1 1 423 1882 420
2997 2 2 1 1 707 1872 705
2998 2 2 1 1 1815 1878 1453
2999 2 2 1 1 705 1872 731
3000 2 2 1 1 1910 1925 1445
3001 2 2 1 1 1874 1895 1301
3002 2 2 1 1 1858 1880 1735
3003 2 2 1 1 1128 1901 932
3004 2 2 1 1 420 1882 418
3005 2 2 1 1 437 1873 435
3006 2 2 1 1 405 557 403
3007 2 2 1 1 418 1882 1837
3008 2 2 1 1 1557 1976 1554
3009 2 2 1 1 51 1879 52
3010 2 2 1 1 1735 1880 668
3011 2 2 1 1 1788 1874 678
3012 2 2 1 1 410 411 409
3013 2 2 1 1 1326 1913 1222
3014 2 2 1 1 1714 1896 927
3015 2 2 1 1 1602 2114 376
3016 2 2 1 1 1871 1883 620
3017 2 2 1 1 350 399 398
3018 2 2 1 1 1533 1921 1326
3019 2 2 1 1 1109 1875 1397
3020 2 2 1 1 1323 1900 1896
3021 2 2 1 1 1525 1916 1524
3022 2 2 1 1 1971 1976 1557
3023 2 2 1 1 775 1863 406
3024 2 2 1 1 359 2192 1415
3025 2 2 1 1 408 410 409
3026 2 2 1 1 770 1899 1718
3027 2 2 1 1 1854 1927 162
3028 2 2 1 1 1107 1909 1128
3029 2 2 1 1 663 2163 2033
3030 2 2 1 1 1415 2154 359
3031 2 2 1 1 1293 1968 1195
3032 2 2 1 1 1893 1907 751
3033 2 2 1 1 1695 1913 1911
3034 2 2 1 1 1895 1897 1130
3035 2 2 1 1 25 334 24
3036 2 2 1 1 620 1883 1750
3037 2 2 1 1 641 1899 633
3038 2 2 1 1 358 1886 121
3039 2 2 1 1 1583 1914 374
3040 2 2 1 1 1932 1950 1184
3041 2 2 1 1 1360 1881 1793
3042 2 2 1 1 631 1899 770
3043 2 2 1 1 1554 1977 1555
3044 2 2 1 1 541 1866 410
3045 2 2 1 1 1814 1875 1109
3046 2 2 1 1 410 1866 412
3047 2 2 1 1 1323 1935 1321
3048 2 2 1 1 1495 1940 934
3049 2 2 1 1 1321 1949 1322
3050 2 2 1 1 1556 1982 1559
3051 2 2 1 1 1192 1887 1724
3052 2 2 1 1 1301 1895 1130
3053 2 2 1 1 400 402 401
3054 2 2 1 1 1111 1869 1012
3055 2 2 1 1 408 409 407
3056 2 2 1 1 1961 1971 1515
3057 2 2 1 1 1763 1919 1511
3058 2 2 1 1 930 1888 928
3059 2 2 1 1 1498 1931 1185
3060 2 2 1 1 1314 1904 1378
3061 2 2 1 1 406 408 407
3062 2 2 1 1 1818 1898 1151
3063 2 2 1 1 1128 1909 1845
3064 2 2 1 1 1776 1884 1168
3065 2 2 1 1 402 403 401
3066 2 2 1 1 1509 1922 1180
3067 2 2 1 1 1823 1893 1304
3068 2 2 1 1 1709 1885 1816
3069 2 2 1 1 1315 1927 1854
3070 2 2 1 1 1021 1892 1016
3071 2 2 1 1 1296 1903 1484
3072 2 2 1 1 732 1911 735
3073 2 2 1 1 402 404 403
3074 2 2 1 1 19 354 20
3075 2 2 1 1 1899 1912 1718
3076 2 2 1 1 334 1382 24
3077 2 2 1 1 408 1863 541
3078 2 2 1 1 1977 1980 1555
3079 2 2 1 1 1327 1906 1268
3080 2 2 1 1 1305 1897 1895
3081 2 2 1 1 1014 1021 1016
3082 2 2 1 1 1324 1928 1493
3083 2 2 1 1 1919 1922 1511
3084 2 2 1 1 1816 1885 1817
3085 2 2 1 1 1016 1892 1032
3086 2 2 1 1 406 407 405
3087 2 2 1 1 1750 1891 789
3088 2 2 1 1 1492 1869 1111
3089 2 2 1 1 1883 1891 1750
3090 2 2 1 1 1891 1894 789
3091 2 2 1 1 357 2226 1990
3092 2 2 1 1 1248 1904 1894
3093 2 2 1 1 581 1919 547
3094 2 2 1 1 1550 1930 1171
3095 2 2 1 1 404 406 405
3096 2 2 1 1 163 1927 340
3097 2 2 1 1 1817 1885 1030
3098 2 2 1 1 172 2177 1422
3099 2 2 1 1 1898 1915 1151
3100 2 2 1 1 581 1929 1505
3101 2 2 1 1 1885 1898 1030
3102 2 2 1 1 542 1919 1763
3103 2 2 1 1 331 2220 1439
3104 2 2 1 1 1555 1980 1556
3105 2 2 1 1 18 1877 19
3106 2 2 1 1 1901 1908 1564
3107 2 2 1 1 789 1894 1743
3108 2 2 1 1 766 1910 1494
3109 2 2 1 1 1130 1897 1712
3110 2 2 1 1 930 1901 1888
3111 2 2 1 1 1350 1920 1161
3112 2 2 1 1 1305 1895 1166
3113 2 2 1 1 1976 1977 1554
3114 2 2 1 1 1441 1808 1442
3115 2 2 1 1 404 405 403
3116 2 2 1 1 1208 1923 1210
3117 2 2 1 1 1162 1953 1945
3118 2 2 1 1 1537 1944 1319
3119 2 2 1 1 1032 1808 1441
3120 2 2 1 1 1306 1905 1305
3121 2 2 1 1 1461 1906 1460
3122 2 2 1 1 1867 1893 751
3123 2 2 1 1 877 1903 1296
3124 2 2 1 1 1597 1952 1598
3125 2 2 1 1 406 1863 408
3126 2 2 1 1 815 1936 952
3127 2 2 1 1 736 1917 739
3128 2 2 1 1 1897 1905 1031
3129 2 2 1 1 563 1929 581
3130 2 2 1 1 17 389 18
3131 2 2 1 1 1933 1944 1506
3132 2 2 1 1 400 401 399
3133 2 2 1 1 350 400 399
3134 2 2 1 1 450 1941 452
3135 2 2 1 1 633 1899 631
3136 2 2 1 1 1982 1985 1559
3137 2 2 1 1 787 1910 766
3138 2 2 1 1 1830 1896 1714
3139 2 2 1 1 54 1942 55
3140 2 2 1 1 610 1933 575
3141 2 2 1 1 932 1901 930
3142 2 2 1 1 1935 1949 1321
3143 2 2 1 1 1449 1999 1115
3144 2 2 1 1 1358 1904 1248
3145 2 2 1 1 1962 1964 1329
3146 2 2 1 1 1595 1947 1175
3147 2 2 1 1 1030 1898 1818
3148 2 2 1 1 1218 1907 1536
3149 2 2 1 1 739 1939 740
3150 2 2 1 1 1304 1893 1867
3151 2 2 1 1 1710 1915 1898
3152 2 2 1 1 1896 1900 927
3153 2 2 1 1 751 1911 732
3154 2 2 1 1 1324 1954 1928
3155 2 2 1 1 1116 1973 1490
3156 2 2 1 1 610 1951 1523
3157 2 2 1 1 1564 1908 1563
3158 2 2 1 1 1695 1911 1907
3159 2 2 1 1 1440 1909 1107
3160 2 2 1 1 1980 1982 1556
3161 2 2 1 1 588 1951 610
3162 2 2 1 1 1809 1810 1808
3163 2 2 1 1 1151 1915 1761
3164 2 2 1 1 1070 1964 1129
3165 2 2 1 1 776 1918 1498
3166 2 2 1 1 1951 1962 1523
3167 2 2 1 1 880 1903 877
3168 2 2 1 1 1798 1959 1293
3169 2 2 1 1 1707 1951 597
3170 2 2 1 1 735 1917 736
3171 2 2 1 1 20 1876 2
3172 2 2 1 1 1190 1992 1985
3173 2 2 1 1 1518 1963 1596
3174 2 2 1 1 459 1955 1765
3175 2 2 1 1 947 1957 1039
3176 2 2 1 1 1325 1954 1324
3177 2 2 1 1 771 1924 1829
3178 2 2 1 1 1329 1967 1029
3179 2 2 1 1 2037 2048 1576
3180 2 2 1 1 1797 1924 771
3181 2 2 1 1 1718 1912 1183
3182 2 2 1 1 839 1910 787
3183 2 2 1 1 1222 1913 1695
3184 2 2 1 1 1524 1916 1240
3185 2 2 1 1 1305 1905 1897
3186 2 2 1 1 374 1914 1589
3187 2 2 1 1 1834 1912 641
3188 2 2 1 1 1326 1917 1913
3189 2 2 1 1 1620 1974 346
3190 2 2 1 1 1711 1915 1710
3191 2 2 1 1 624 1969 1698
3192 2 2 1 1 1601 1974 1602
3193 2 2 1 1 1439 2220 1419
3194 2 2 1 1 1240 2021 1207
3195 2 2 1 1 1915 1926 1761
3196 2 2 1 1 1700 2001 1997
3197 2 2 1 1 1207 2025 1208
3198 2 2 1 1 1490 1966 731
3199 2 2 1 1 1949 1966 1322
3200 2 2 1 1 2014 2021 1240
3201 2 2 1 1 1032 1892 1809
3202 2 2 1 1 349 1785 27
3203 2 2 1 1 1331 1995 1330
3204 2 2 1 1 54 2005 1942
3205 2 2 1 1 1597 1963 1957
3206 2 2 1 1 1882 1928 1837
3207 2 2 1 1 1519 1983 870
3208 2 2 1 1 1325 1969 1954
3209 2 2 1 1 547 1919 542
3210 2 2 1 1 1926 1934 1699
3211 2 2 1 1 1907 1911 751
3212 2 2 1 1 1161 1920 1199
3213 2 2 1 1 1761 1926 1699
3214 2 2 1 1 1312 1921 1533
3215 2 2 1 1 1616 1975 1615
3216 2 2 1 1 1210 1923 1552
3217 2 2 1 1 1388 2143 1645
3218 2 2 1 1 2021 2025 1207
3219 2 2 1 1 1999 2045 1239
3220 2 2 1 1 2029 2214 1488
3221 2 2 1 1 1112 2090 1409
3222 2 2 1 1 19 1877 354
3223 2 2 1 1 1355 1988 1987
3224 2 2 1 1 1189 1994 1353
3225 2 2 1 1 1511 1922 1509
3226 2 2 1 1 1711 1926 1915
3227 2 2 1 1 839 1925 1910
3228 2 2 1 1 36 355 37
3229 2 2 1 1 3 397 26
3230 2 2 1 1 397 1383 26
3231 2 2 1 1 367 2089 1810
3232 2 2 1 1 1230 1948 1312
3233 2 2 1 1 1048 1978 1325
3234 2 2 1 1 3 2176 397
3235 2 2 1 1 1830 1935 1896
3236 2 2 1 1 162 1927 163
3237 2 2 1 1 1330 1995 1993
3238 2 2 1 1 1699 1934 1179
3239 2 2 1 1 1921 1939 739
3240 2 2 1 1 1597 1957 1952
3241 2 2 1 1 1231 1956 1230
3242 2 2 1 1 1423 2092 371
3243 2 2 1 1 1154 1924 1797
3244 2 2 1 1 729 1926 1711
3245 2 2 1 1 1312 1948 1939
3246 2 2 1 1 729 1934 1926
3247 2 2 1 1 1171 1930 1344
3248 2 2 1 1 389 1877 18
3249 2 2 1 1 1493 1928 1882
3250 2 2 1 1 1185 1931 1495
3251 2 2 1 1 1231 1959 1956
3252 2 2 1 1 573 1929 563
3253 2 2 1 1 1405 2090 1404
3254 2 2 1 1 1154 1932 1924
3255 2 2 1 1 1913 1917 735
3256 2 2 1 1 1354 1937 1549
3257 2 2 1 1 1267 1925 839
3258 2 2 1 1 1896 1935 1323
3259 2 2 1 1 1230 1956 1948
3260 2 2 1 1 573 1933 1929
3261 2 2 1 1 2043 2047 1344
3262 2 2 1 1 1032 1809 1808
3263 2 2 1 1 575 1933 573
3264 2 2 1 1 1410 2042 1412
3265 2 2 1 1 2 2004 177
3266 2 2 1 1 952 1936 1057
3267 2 2 1 1 1414 2217 358
3268 2 2 1 1 1775 1934 729
3269 2 2 1 1 1238 2216 1674
3270 2 2 1 1 1936 1938 1057
3271 2 2 1 1 1370 1989 1186
3272 2 2 1 1 1801 1932 1154
3273 2 2 1 1 354 1876 20
3274 2 2 1 1 1190 1985 1744
3275 2 2 1 1 1940 1946 1064
3276 2 2 1 1 1837 1928 933
3277 2 2 1 1 1608 1990 1605
3278 2 2 1 1 1057 1938 1174
3279 2 2 1 1 934 1940 1064
3280 2 2 1 1 1322 1991 1119
3281 2 2 1 1 1234 2062 1398
3282 2 2 1 1 1938 1943 1174
3283 2 2 1 1 2137 2138 1202
3284 2 2 1 1 740 1939 743
3285 2 2 1 1 55 1942 352
3286 2 2 1 1 452 1941 459
3287 2 2 1 1 2024 2030 1552
3288 2 2 1 1 1174 1943 1600
3289 2 2 1 1 1916 2014 1240
3290 2 2 1 1 1040 1993 955
3291 2 2 1 1 1202 2138 855
3292 2 2 1 1 925 1986 1047
3293 2 2 1 1 1928 1954 933
3294 2 2 1 1 774 1935 1830
3295 2 2 1 1 1506 1944 1537
3296 2 2 1 1 39 392 40
3297 2 2 1 1 450 2040 1941
3298 2 2 1 1 1934 1952 1179
3299 2 2 1 1 1959 1968 1293
3300 2 2 1 1 1064 1946 1335
3301 2 2 1 1 662 2073 2071
3302 2 2 1 1 1939 1948 743
3303 2 2 1 1 1550 2041 1930
3304 2 2 1 1 1175 1947 1594
3305 2 2 1 1 2058 2063 1600
3306 2 2 1 1 1679 2074 2073
3307 2 2 1 1 774 1949 1935
3308 2 2 1 1 1679 2073 662
3309 2 2 1 1 743 1948 1717
3310 2 2 1 1 801 2076 2074
3311 2 2 1 1 801 2074 1679
3312 2 2 1 1 1386 1979 87
3313 2 2 1 1 1675 2076 801
3314 2 2 1 1 1648 1998 65
3315 2 2 1 1 2064 2070 1594
3316 2 2 1 1 597 1951 588
3317 2 2 1 1 66 1998 381
3318 2 2 1 1 2002 2006 1335
3319 2 2 1 1 1700 1997 867
3320 2 2 1 1 1066 1996 1193
3321 2 2 1 1 1801 1950 1932
3322 2 2 1 1 1183 1953 1182
3323 2 2 1 1 456 1950 1801
3324 2 2 1 1 371 2172 1424
3325 2 2 1 1 1775 1952 1934
3326 2 2 1 1 1598 1952 1775
3327 2 2 1 1 1765 1955 1766
3328 2 2 1 1 1948 1956 1717
3329 2 2 1 1 1477 1945 1834
3330 2 2 1 1 933 1954 1822
3331 2 2 1 1 456 1961 1950
3332 2 2 1 1 1518 1965 1963
3333 2 2 1 1 1595 2068 1947
3334 2 2 1 1 1717 1956 769
3335 2 2 1 1 1179 1957 947
3336 2 2 1 1 1956 1959 769
3337 2 2 1 1 1831 1949 774
3338 2 2 1 1 1325 1978 1918
3339 2 2 1 1 815 2057 1936
3340 2 2 1 1 1355 1960 1354
3341 2 2 1 1 584 2000 570
3342 2 2 1 1 1912 1945 1183
3343 2 2 1 1 1337 2218 1339
3344 2 2 1 1 769 1959 1798
3345 2 2 1 1 1834 1945 1912
3346 2 2 1 1 1523 1962 1329
3347 2 2 1 1 358 2157 1414
3348 2 2 1 1 1945 1953 1183
3349 2 2 1 1 1596 1963 1597
3350 2 2 1 1 1312 1939 1921
3351 2 2 1 1 1129 1962 1707
3352 2 2 1 1 1181 1964 1070
3353 2 2 1 1 341 1958 85
3354 2 2 1 1 1964 1967 1329
3355 2 2 1 1 1269 2067 1474
3356 2 2 1 1 1942 2005 1339
3357 2 2 1 1 1786 1961 456
3358 2 2 1 1 553 2095 2093
3359 2 2 1 1 1877 2183 1398
3360 2 2 1 1 1115 1999 976
3361 2 2 1 1 1954 1969 1822
3362 2 2 1 1 1628 2007 669
3363 2 2 1 1 1295 2003 1752
3364 2 2 1 1 361 2005 53
3365 2 2 1 1 978 1999 1239
3366 2 2 1 1 5 390 34
3367 2 2 1 1 1833 2035 1347
3368 2 2 1 1 1918 1978 1498
3369 2 2 1 1 1039 1965 1264
3370 2 2 1 1 551 2095 553
3371 2 2 1 1 1029 1967 1191
3372 2 2 1 1 2051 2065 1766
3373 2 2 1 1 1232 1968 1231
3374 2 2 1 1 1181 1970 1967
3375 2 2 1 1 1967 1970 1191
3376 2 2 1 1 1241 2077 1693
3377 2 2 1 1 1923 2024 1552
3378 2 2 1 1 1347 2046 1349
3379 2 2 1 1 1552 2041 1551
3380 2 2 1 1 1726 1970 1181
3381 2 2 1 1 1930 2043 1344
3382 2 2 1 1 1965 1972 1264
3383 2 2 1 1 1191 1970 1414
3384 2 2 1 1 487 2010 490
3385 2 2 1 1 330 2017 1629
3386 2 2 1 1 842 2011 811
3387 2 2 1 1 679 2006 1802
3388 2 2 1 1 1264 1972 1792
3389 2 2 1 1 677 1971 1786
3390 2 2 1 1 1786 1971 1961
3391 2 2 1 1 2077 2080 1693
3392 2 2 1 1 1334 1973 1116
3393 2 2 1 1 731 1966 1831
3394 2 2 1 1 2046 2050 1349
3395 2 2 1 1 1822 1969 624
3396 2 2 1 1 510 2022 515
3397 2 2 1 1 677 1976 1971
3398 2 2 1 1 1428 2013 924
3399 2 2 1 1 1740 2081 1741
3400 2 2 1 1 1831 1966 1949
3401 2 2 1 1 1741 2081 2078
3402 2 2 1 1 1740 2083 2081
3403 2 2 1 1 346 1974 1601
3404 2 2 1 1 1708 2009 679
3405 2 2 1 1 2035 2046 1347
3406 2 2 1 1 1047 1986 1931
3407 2 2 1 1 1619 1975 1616
3408 2 2 1 1 1736 2014 1331
3409 2 2 1 1 1354 1960 1937
3410 2 2 1 1 484 2024 494
3411 2 2 1 1 528 2026 544
3412 2 2 1 1 1315 2023 1187
3413 2 2 1 1 1904 1981 1378
3414 2 2 1 1 679 2009 2006
3415 2 2 1 1 1931 1986 1495
3416 2 2 1 1 1258 2072 1241
3417 2 2 1 1 1722 2079 1548
3418 2 2 1 1 1952 1957 1179
3419 2 2 1 1 1677 2112 1650
3420 2 2 1 1 1085 1975 1702
3421 2 2 1 1 1387 2113 1653
3422 2 2 1 1 366 2037 1576
3423 2 2 1 1 587 2031 592
3424 2 2 1 1 1943 2058 1600
3425 2 2 1 1 1941 2040 1343
3426 2 2 1 1 1501 2013 1436
3427 2 2 1 1 1930 2041 519
3428 2 2 1 1 1330 1992 1190
3429 2 2 1 1 1438 2085 351
3430 2 2 1 1 519 2030 491
3431 2 2 1 1 1739 2083 1740
3432 2 2 1 1 663 2033 810
3433 2 2 1 1 1760 1976 677
3434 2 2 1 1 1579 2034 1582
3435 2 2 1 1 1339 2218 1942
3436 2 2 1 1 1854 2023 1315
3437 2 2 1 1 1609 2037 93
3438 2 2 1 1 393 2039 1566
3439 2 2 1 1 1852 2028 1687
3440 2 2 1 1 92 2037 366
3441 2 2 1 1 1708 2016 2009
3442 2 2 1 1 1941 2044 459
3443 2 2 1 1 558 2016 1708
3444 2 2 1 1 1605 2208 1610
3445 2 2 1 1 1231 1968 1959
3446 2 2 1 1 601 2040 447
3447 2 2 1 1 1947 2064 1594
3448 2 2 1 1 1985 1992 1559
3449 2 2 1 1 1217 2017 1215
3450 2 2 1 1 1142 1995 1525
3451 2 2 1 1 1636 2153 1728
3452 2 2 1 1 496 2043 519
3453 2 2 1 1 1412 2187 353
3454 2 2 1 1 1873 2002 1308
3455 2 2 1 1 532 2047 516
3456 2 2 1 1 1344 2049 1214
3457 2 2 1 1 1140 2088 2080
3458 2 2 1 1 1739 2086 2083
3459 2 2 1 1 1176 2044 1343
3460 2 2 1 1 1334 1996 1991
3461 2 2 1 1 1404 2090 1889
3462 2 2 1 1 1779 2086 1739
3463 2 2 1 1 1906 2108 388
3464 2 2 1 1 381 2003 1646
3465 2 2 1 1 1760 1977 1976
3466 2 2 1 1 1936 2057 1348
3467 2 2 1 1 1946 2002 1335
3468 2 2 1 1 1890 2122 398
3469 2 2 1 1 464 1977 1760
3470 2 2 1 1 1973 1991 1322
3471 2 2 1 1 514 2050 498
3472 2 2 1 1 394 2059 141
3473 2 2 1 1 87 1979 86
3474 2 2 1 1 464 1980 1977
3475 2 2 1 1 140 2059 372
3476 2 2 1 1 1672 2055 1674
3477 2 2 1 1 1670 2055 347
3478 2 2 1 1 2033 2163 1376
3479 2 2 1 1 1947 2068 612
3480 2 2 1 1 924 2013 1501
3481 2 2 1 1 1437 2157 123
3482 2 2 1 1 1047 1978 1048
3483 2 2 1 1 818 2057 795
3484 2 2 1 1 341 2214 2029
3485 2 2 1 1 1318 2015 1859
3486 2 2 1 1 561 2058 585
3487 2 2 1 1 1349 2053 1796
3488 2 2 1 1 1600 2068 1599
3489 2 2 1 1 612 2063 577
3490 2 2 1 1 1886 2217 1726
3491 2 2 1 1 1356 2042 1847
3492 2 2 1 1 586 2064 612
3493 2 2 1 1 41 1979 42
3494 2 2 1 1 174 2066 175
3495 2 2 1 1 2072 2077 1241
3496 2 2 1 1 1963 1965 1039
3497 2 2 1 1 1764 1980 464
3498 2 2 1 1 1741 2065 1787
3499 2 2 1 1 1195 2069 1194
3500 2 2 1 1 1439 2098 331
3501 2 2 1 1 1594 2071 1593
3502 2 2 1 1 1996 1997 1193
3503 2 2 1 1 662 2070 609
3504 2 2 1 1 143 2103 1431
3505 2 2 1 1 1431 2103 1432
3506 2 2 1 1 1331 2014 1916
3507 2 2 1 1 1766 2078 673
3508 2 2 1 1 1955 2051 1766
3509 2 2 1 1 1262 2029 1488
3510 2 2 1 1 1182 2054 1332
3511 2 2 1 1 1809 2019 1810
3512 2 2 1 1 1274 2115 1273
3513 2 2 1 1 1386 2179 1979
3514 2 2 1 1 1805 2051 1251
3515 2 2 1 1 1759 2093 1252
3516 2 2 1 1 84 2092 341
3517 2 2 1 1 1212 1983 1519
3518 2 2 1 1 1212 1984 1983
3519 2 2 1 1 494 2024 1923
3520 2 2 1 1 1997 2001 1193
3521 2 2 1 1 1764 1982 1980
3522 2 2 1 1 351 2085 100
3523 2 2 1 1 870 2001 1700
3524 2 2 1 1 674 1982 1764
3525 2 2 1 1 371 2092 83
3526 2 2 1 1 1660 2087 384
3527 2 2 1 1 1140 2080 1780
3528 2 2 1 1 1610 2011 1607
3529 2 2 1 1 1274 2116 2115
3530 2 2 1 1 387 2207 1848
3531 2 2 1 1 30 2082 332
3532 2 2 1 1 905 2084 961
3533 2 2 1 1 901 2084 899
3534 2 2 1 1 1585 2061 1235
3535 2 2 1 1 674 1985 1982
3536 2 2 1 1 1181 1967 1964
3537 2 2 1 1 1213 1984 1212
3538 2 2 1 1 387 2082 29
3539 2 2 1 1 2116 2120 1715
3540 2 2 1 1 1308 2002 1946
3541 2 2 1 1 1744 1985 674
3542 2 2 1 1 1449 2045 1999
3543 2 2 1 1 1327 2108 1906
3544 2 2 1 1 1186 1989 1238
3545 2 2 1 1 1279 1986 925
3546 2 2 1 1 1358 1981 1904
3547 2 2 1 1 519 2043 1930
3548 2 2 1 1 558 2035 2016
3549 2 2 1 1 1104 2042 1410
3550 2 2 1 1 123 2203 1437
3551 2 2 1 1 1259 2097 1245
3552 2 2 1 1 364 2132 1580
3553 2 2 1 1 1437 2098 1266
3554 2 2 1 1 357 1990 1608
3555 2 2 1 1 1887 2153 1637
3556 2 2 1 1 1119 1991 1067
3557 2 2 1 1 1573 1994 1189
3558 2 2 1 1 1343 2044 1941
3559 2 2 1 1 1559 1992 1040
3560 2 2 1 1 1405 2225 1446
3561 2 2 1 1 1299 2101 1037
3562 2 2 1 1 1036 2101 1165
3563 2 2 1 1 1886 2118 120
3564 2 2 1 1 40 2032 4
3565 2 2 1 1 1658 2151 1651
3566 2 2 1 1 1480 2123 1481
3567 2 2 1 1 375 2105 127
3568 2 2 1 1 1361 2100 1254
3569 2 2 1 1 955 1993 1142
3570 2 2 1 1 1991 1996 1067
3571 2 2 1 1 1277 2109 1337
3572 2 2 1 1 1343 2036 1211
3573 2 2 1 1 2003 2215 1646
3574 2 2 1 1 1803 2098 1439
3575 2 2 1 1 585 2058 1943
3576 2 2 1 1 1716 2107 1373
3577 2 2 1 1 1067 1996 1066
3578 2 2 1 1 175 2038 176
3579 2 2 1 1 1311 2129 1532
3580 2 2 1 1 1988 2188 35
3581 2 2 1 1 1463 2045 344
3582 2 2 1 1 1353 2161 1355
3583 2 2 1 1 612 2064 1947
3584 2 2 1 1 1658 2113 1336
3585 2 2 1 1 1199 2054 1953
3586 2 2 1 1 358 2217 1886
3587 2 2 1 1 1197 2114 1105
3588 2 2 1 1 1385 2118 1886
3589 2 2 1 1 1721 2112 1053
3590 2 2 1 1 119 2118 333
3591 2 2 1 1 470 2116 1715
3592 2 2 1 1 962 2117 1694
3593 2 2 1 1 1334 1991 1973
3594 2 2 1 1 2018 2020 2019
3595 2 2 1 1 1546 2124 1521
3596 2 2 1 1 1316 2134 1540
3597 2 2 1 1 867 1997 1334
3598 2 2 1 1 65 1998 66
3599 2 2 1 1 1292 2052 1727
3600 2 2 1 1 1196 2126 1547
3601 2 2 1 1 1251 2051 1955
3602 2 2 1 1 1233 2056 1292
3603 2 2 1 1 1993 1995 1142
3604 2 2 1 1 101 2130 351
3605 2 2 1 1 376 2130 102
3606 2 2 1 1 1378 2079 1271
3607 2 2 1 1 1307 2132 1585
3608 2 2 1 1 1270 2127 1045
3609 2 2 1 1 1291 2133 1372
3610 2 2 1 1 1298 2175 2136
3611 2 2 1 1 1586 2137 1663
3612 2 2 1 1 1233 2060 2056
3613 2 2 1 1 1044 2127 1359
3614 2 2 1 1 1688 2088 1140
3615 2 2 1 1 1810 2089 1808
3616 2 2 1 1 1086 2141 1201
3617 2 2 1 1 1348 2060 1233
3618 2 2 1 1 1292 2056 2052
3619 2 2 1 1 1645 2143 70
3620 2 2 1 1 1320 2144 1662
3621 2 2 1 1 1355 1987 1960
3622 2 2 1 1 71 2143 380
3623 2 2 1 1 1876 2004 2
3624 2 2 1 1 976 1999 978
3625 2 2 1 1 971 2145 842
3626 2 2 1 1 1623 2165 1165
3627 2 2 1 1 375 2193 1421
3628 2 2 1 1 1341 2147 1656
3629 2 2 1 1 1204 2149 1375
3630 2 2 1 1 373 2182 1574
3631 2 2 1 1 1387 2150 1659
3632 2 2 1 1 1158 2139 1159
3633 2 2 1 1 1657 2151 1658
3634 2 2 1 1 1671 2146 1371
3635 2 2 1 1 1677 2151 984
3636 2 2 1 1 353 2187 145
3637 2 2 1 1 1403 2085 1438
3638 2 2 1 1 1688 2091 2088
3639 2 2 1 1 1573 2199 392
3640 2 2 1 1 123 2157 122
3641 2 2 1 1 146 2187 369
3642 2 2 1 1 1224 2154 1226
3643 2 2 1 1 667 2163 650
3644 2 2 1 1 1875 2190 1397
3645 2 2 1 1 553 2091 1688
3646 2 2 1 1 1576 2168 1476
3647 2 2 1 1 557 2225 1405
3648 2 2 1 1 370 2185 1503
3649 2 2 1 1 369 2110 1463
3650 2 2 1 1 384 2023 1854
3651 2 2 1 1 600 2000 584
3652 2 2 1 1 1150 2006 2002
3653 2 2 1 1 354 2062 1876
3654 2 2 1 1 82 2172 371
3655 2 2 1 1 1373 2003 1295
3656 2 2 1 1 1100 2168 1101
3657 2 2 1 1 1476 2168 1236
3658 2 2 1 1 368 2224 151
3659 2 2 1 1 1984 2015 1318
3660 2 2 1 1 1193 2001 1317
3661 2 2 1 1 1105 2169 1061
3662 2 2 1 1 1221 2164 1224
3663 2 2 1 1 1629 2172 81
3664 2 2 1 1 1610 2208 2012
3665 2 2 1 1 1 2122 17
3666 2 2 1 1 1150 2002 1873
3667 2 2 1 1 153 2190 336
3668 2 2 1 1 343 2170 1648
3669 2 2 1 1 1077 2111 1270
3670 2 2 1 1 1583 2189 1914
3671 2 2 1 1 1446 2225 407
3672 2 2 1 1 1369 2199 1573
3673 2 2 1 1 98 2174 357
3674 2 2 1 1 171 2177 172
3675 2 2 1 1 1192 2153 1887
3676 2 2 1 1 53 2005 54
3677 2 2 1 1 1303 2165 1625
3678 2 2 1 1 43 2179 396
3679 2 2 1 1 1669 2186 1670
3680 2 2 1 1 570 2099 552
3681 2 2 1 1 336 2190 1875
3682 2 2 1 1 364 2184 50
3683 2 2 1 1 1802 2006 1150
3684 2 2 1 1 1237 2007 1628
3685 2 2 1 1 126 2220 125
3686 2 2 1 1 1887 2210 1384
3687 2 2 1 1 1641 2192 75
3688 2 2 1 1 1237 2008 2007
3689 2 2 1 1 337 2193 129
3690 2 2 1 1 128 2193 375
3691 2 2 1 1 1566 2212 1565
3692 2 2 1 1 76 2192 359
3693 2 2 1 1 1636 2213 379
3694 2 2 1 1 2006 2009 1335
3695 2 2 1 1 124 2203 123
3696 2 2 1 1 1673 2216 360
3697 2 2 1 1 1238 2008 1237
3698 2 2 1 1 1373 2215 2003
3699 2 2 1 1 1211 2036 1213
3700 2 2 1 1 903 2191 901
3701 2 2 1 1 1853 2165 1303
3702 2 2 1 1 2125 2128 1713
3703 2 2 1 1 86 1979 41
3704 2 2 1 1 1215 2198 1216
3705 2 2 1 1 1722 2206 1365
3706 2 2 1 1 1335 2009 1200
3707 2 2 1 1 1715 2120 670
3708 2 2 1 1 359 2154 1634
3709 2 2 1 1 490 2010 518
3710 2 2 1 1 1968 2094 1195
3711 2 2 1 1 333 2210 1887
3712 2 2 1 1 1975 2173 1615
3713 2 2 1 1 811 2011 834
3714 2 2 1 1 1334 1997 1996
3715 2 2 1 1 1914 2189 1259
3716 2 2 1 1 51 2184 1879
3717 2 2 1 1 2190 2224 1397
3718 2 2 1 1 1684 2102 600
3719 2 2 1 1 600 2102 2100
3720 2 2 1 1 1629 2223 2172
3721 2 2 1 1 1914 2167 1589
3722 2 2 1 1 670 2125 1713
3723 2 2 1 1 2009 2016 1200
3724 2 2 1 1 1503 2185 1920
3725 2 2 1 1 1684 2104 2102
3726 2 2 1 1 783 2014 1736
3727 2 2 1 1 1383 2181 1416
3728 2 2 1 1 1631 2017 330
3729 2 2 1 1 1859 2015 1852
3730 2 2 1 1 783 2021 2014
3731 2 2 1 1 669 2104 1684
3732 2 2 1 1 1200 2016 1242
3733 2 2 1 1 2120 2125 670
3734 2 2 1 1 2003 2194 1752
3735 2 2 1 1 515 2022 535
3736 2 2 1 1 392 2032 40
3737 2 2 1 1 1332 2221 1814
3738 2 2 1 1 1733 2021 783
3739 2 2 1 1 1461 2195 1362
3740 2 2 1 1 1187 2023 1328
3741 2 2 1 1 1727 2052 532
3742 2 2 1 1 1213 2015 1984
3743 2 2 1 1 488 2024 484
3744 2 2 1 1 1733 2025 2021
3745 2 2 1 1 494 2025 1733
3746 2 2 1 1 363 2103 8
3747 2 2 1 1 544 2026 572
3748 2 2 1 1 1430 2200 1382
3749 2 2 1 1 2026 2027 572
3750 2 2 1 1 1713 2128 489
3751 2 2 1 1 1730 2162 1644
3752 2 2 1 1 572 2027 1202
3753 2 2 1 1 488 2030 2024
3754 2 2 1 1 1567 2075 391
3755 2 2 1 1 405 2225 557
3756 2 2 1 1 1422 2204 172
3757 2 2 1 1 483 2131 487
3758 2 2 1 1 1687 2028 601
3759 2 2 1 1 177 2004 367
3760 2 2 1 1 592 2031 648
3761 2 2 1 1 491 2030 488
3762 2 2 1 1 1416 2181 1203
3763 2 2 1 1 810 2033 940
3764 2 2 1 1 2033 2034 940
3765 2 2 1 1 1350 2202 1504
3766 2 2 1 1 940 2034 1579
3767 2 2 1 1 1379 2029 1262
3768 2 2 1 1 1920 2185 1199
3769 2 2 1 1 1408 2140 1366
3770 2 2 1 1 1242 2035 1833
3771 2 2 1 1 4 2032 349
3772 2 2 1 1 344 2045 1449
3773 2 2 1 1 1892 2018 1809
3774 2 2 1 1 93 2037 92
3775 2 2 1 1 1575 2039 393
3776 2 2 1 1 1625 2213 1303
3777 2 2 1 1 1551 2041 1550
3778 2 2 1 1 1796 2053 1258
3779 2 2 1 1 2000 2100 1361
3780 2 2 1 1 2147 2163 667
3781 2 2 1 1 447 2040 450
3782 2 2 1 1 1303 2213 1728
3783 2 2 1 1 511 2043 496
3784 2 2 1 1 558 2046 2035
3785 2 2 1 1 495 2142 510
3786 2 2 1 1 1632 2164 1220
3787 2 2 1 1 511 2047 2043
3788 2 2 1 1 2016 2035 1242
3789 2 2 1 1 1251 2044 1176
3790 2 2 1 1 497 2046 558
3791 2 2 1 1 1847 2042 1104
3792 2 2 1 1 1664 2132 364
3793 2 2 1 1 516 2047 511
3794 2 2 1 1 1606 2048 1609
3795 2 2 1 1 1785 2207 387
3796 2 2 1 1 1214 2049 1286
3797 2 2 1 1 497 2050 2046
3798 2 2 1 1 498 2050 497
3799 2 2 1 1 524 2148 528
3800 2 2 1 1 1235 2061 1380
3801 2 2 1 1 1085 2173 1975
3802 2 2 1 1 1271 2079 1722
3803 2 2 1 1 1889 2090 1112
3804 2 2 1 1 360 2216 1989
3805 2 2 1 1 1591 2121 1588
3806 2 2 1 1 1065 2051 1805
3807 2 2 1 1 1641 2162 1351
3808 2 2 1 1 1635 2156 590
3809 2 2 1 1 1065 2065 2051
3810 2 2 1 1 1682 2155 1635
3811 2 2 1 1 2052 2056 1286
3812 2 2 1 1 347 2055 1672
3813 2 2 1 1 795 2057 815
3814 2 2 1 1 1286 2056 1705
3815 2 2 1 1 567 2058 561
3816 2 2 1 1 2080 2088 1693
3817 2 2 1 1 141 2059 140
3818 2 2 1 1 2155 2156 1635
3819 2 2 1 1 578 2158 587
3820 2 2 1 1 2056 2060 1705
3821 2 2 1 1 1547 2126 2010
3822 2 2 1 1 648 2159 1621
3823 2 2 1 1 567 2063 2058
3824 2 2 1 1 341 2029 1958
3825 2 2 1 1 1666 2061 385
3826 2 2 1 1 1705 2060 818
3827 2 2 1 1 1442 2062 1234
3828 2 2 1 1 2059 2206 372
3829 2 2 1 1 2159 2160 1621
3830 2 2 1 1 1621 2160 667
3831 2 2 1 1 577 2063 567
3832 2 2 1 1 591 2064 586
3833 2 2 1 1 1599 2068 1595
3834 2 2 1 1 365 2066 174
3835 2 2 1 1 1382 2166 1430
3836 2 2 1 1 1783 2072 514
3837 2 2 1 1 1287 2067 1269
3838 2 2 1 1 591 2070 2064
3839 2 2 1 1 1787 2065 1065
3840 2 2 1 1 2149 2159 648
3841 2 2 1 1 1194 2069 1388
3842 2 2 1 1 1433 2201 1021
3843 2 2 1 1 1372 2133 2022
3844 2 2 1 1 609 2070 591
3845 2 2 1 1 1593 2071 1391
3846 2 2 1 1 1358 2182 1981
3847 2 2 1 1 369 2178 2110
3848 2 2 1 1 2071 2073 1391
3849 2 2 1 1 1902 2121 1591
3850 2 2 1 1 1619 2175 1703
3851 2 2 1 1 1391 2073 1392
3852 2 2 1 1 2062 2205 1876
3853 2 2 1 1 2073 2074 1392
3854 2 2 1 1 1392 2074 1394
3855 2 2 1 1 1201 2141 2027
3856 2 2 1 1 2074 2076 1394
3857 2 2 1 1 1634 2164 1632
3858 2 2 1 1 1394 2076 1402
3859 2 2 1 1 1403 2174 2085
3860 2 2 1 1 1378 2211 2079
3861 2 2 1 1 673 2078 1747
3862 2 2 1 1 329 2202 1661
3863 2 2 1 1 1548 2079 356
3864 2 2 1 1 2008 2111 1077
3865 2 2 1 1 676 2077 1783
3866 2 2 1 1 676 2080 2077
3867 2 2 1 1 1375 2149 2031
3868 2 2 1 1 1328 2152 1870
3869 2 2 1 1 2078 2081 1747
3870 2 2 1 1 1747 2081 469
3871 2 2 1 1 1618 2175 1619
3872 2 2 1 1 2081 2083 469
3873 2 2 1 1 1780 2080 676
3874 2 2 1 1 1974 2169 1602
3875 2 2 1 1 29 2082 30
3876 2 2 1 1 367 2106 178
3877 2 2 1 1 2017 2223 1629
3878 2 2 1 1 100 2085 99
3879 2 2 1 1 335 2162 1641
3880 2 2 1 1 899 2084 905
3881 2 2 1 1 1783 2077 2072
3882 2 2 1 1 469 2083 1749
3883 2 2 1 1 961 2167 1762
3884 2 2 1 1 600 2100 2000
3885 2 2 1 1 552 2099 551
3886 2 2 1 1 1661 2087 1660
3887 2 2 1 1 1749 2086 672
3888 2 2 1 1 381 2194 2003
3889 2 2 1 1 2083 2086 1749
3890 2 2 1 1 2082 2195 332
3891 2 2 1 1 1693 2088 1243
3892 2 2 1 1 1419 2105 1418
3893 2 2 1 1 7 2197 142
3894 2 2 1 1 363 2180 2020
3895 2 2 1 1 2088 2091 1243
3896 2 2 1 1 1398 2183 1399
3897 2 2 1 1 1953 2054 1182
3898 2 2 1 1 1613 2173 1694
3899 2 2 1 1 176 2197 7
3900 2 2 1 1 1808 2089 1442
3901 2 2 1 1 1243 2091 1759
3902 2 2 1 1 173 2204 365
3903 2 2 1 1 1588 2121 337
3904 2 2 1 1 83 2092 84
3905 2 2 1 1 2018 2019 1809
3906 2 2 1 1 2179 2212 396
3907 2 2 1 1 1252 2093 1253
3908 2 2 1 1 2093 2095 1253
3909 2 2 1 1 1213 2036 2028
3910 2 2 1 1 1253 2095 1361
3911 2 2 1 1 2004 2089 367
3912 2 2 1 1 1340 2096 1342
3913 2 2 1 1 1245 2097 1685
3914 2 2 1 1 179 2106 395
3915 2 2 1 1 1627 2136 377
3916 2 2 1 1 1238 2111 2008
3917 2 2 1 1 1273 2115 1779
3918 2 2 1 1 392 2171 1573
3919 2 2 1 1 1266 2098 1803
3920 2 2 1 1 1254 2100 1771
3921 2 2 1 1 1399 2209 1454
3922 2 2 1 1 2100 2102 1771
3923 2 2 1 1 1037 2101 1036
3924 2 2 1 1 395 2119 180
3925 2 2 1 1 1653 2113 348
3926 2 2 1 1 1650 2112 1652
3927 2 2 1 1 1463 2110 2045
3928 2 2 1 1 1274 2120 2116
3929 2 2 1 1 1644 2162 335
3930 2 2 1 1 2010 2126 518
3931 2 2 1 1 1892 2201 2018
3932 2 2 1 1 1458 2108 1327
3933 2 2 1 1 332 2195 1461
3934 2 2 1 1 2102 2104 1368
3935 2 2 1 1 1771 2102 1368
3936 2 2 1 1 8 2103 143
3937 2 2 1 1 1979 2179 42
3938 2 2 1 1 1368 2104 1367
3939 2 2 1 1 1255 2169 1974
3940 2 2 1 1 127 2105 126
3941 2 2 1 1 2123 2221 1332
3942 2 2 1 1 355 2135 37
3943 2 2 1 1 532 2052 2049
3944 2 2 1 1 1357 2109 1277
3945 2 2 1 1 1870 2152 1158
3946 2 2 1 1 2018 2201 1434
3947 2 2 1 1 1352 2107 1716
3948 2 2 1 1 178 2106 179
3949 2 2 1 1 535 2148 524
3950 2 2 1 1 1366 2140 1671
3951 2 2 1 1 518 2142 495
3952 2 2 1 1 855 2155 1682
3953 2 2 1 1 489 2131 483
3954 2 2 1 1 1239 2110 1356
3955 2 2 1 1 590 2158 578
3956 2 2 1 1 1414 2157 1437
3957 2 2 1 1 2022 2133 535
3958 2 2 1 1 334 2166 1382
3959 2 2 1 1 2028 2036 601
3960 2 2 1 1 1970 2217 1414
3961 2 2 1 1 1053 2112 1677
3962 2 2 1 1 2085 2174 99
3963 2 2 1 1 1336 2113 1387
3964 2 2 1 1 1406 2114 1197
3965 2 2 1 1 1232 2094 1968
3966 2 2 1 1 182 2180 363
3967 2 2 1 1 180 2119 181
3968 2 2 1 1 672 2116 470
3969 2 2 1 1 39 2171 392
3970 2 2 1 1 336 2123 1480
3971 2 2 1 1 1678 2117 962
3972 2 2 1 1 36 2188 355
3973 2 2 1 1 2115 2116 672
3974 2 2 1 1 120 2118 119
3975 2 2 1 1 1287 2207 2067
3976 2 2 1 1 1530 2120 1274
3977 2 2 1 1 1356 2178 2042
3978 2 2 1 1 1522 2128 2125
3979 2 2 1 1 2027 2141 1202
3980 2 2 1 1 2066 2140 1408
3981 2 2 1 1 1637 2153 1636
3982 2 2 1 1 2079 2211 356
3983 2 2 1 1 1547 2124 1546
3984 2 2 1 1 1522 2125 1530
3985 2 2 1 1 1532 2126 1196
3986 2 2 1 1 2031 2149 648
3987 2 2 1 1 1530 2125 2120
3988 2 2 1 1 1521 2128 1522
3989 2 2 1 1 1045 2127 1044
3990 2 2 1 1 1625 2165 1623
3991 2 2 1 1 1372 2129 1311
3992 2 2 1 1 102 2130 101
3993 2 2 1 1 2049 2052 1286
3994 2 2 1 1 1580 2132 1307
3995 2 2 1 1 1540 2133 1291
3996 2 2 1 1 377 2136 1618
3997 2 2 1 1 1374 2134 1316
3998 2 2 1 1 37 2135 38
3999 2 2 1 1 1339 2196 1340
4000 2 2 1 1 1363 2137 1586
4001 2 2 1 1 1989 2216 1238
4002 2 2 1 1 1363 2138 2137
4003 2 2 1 1 17 2122 389
4004 2 2 1 1 1364 2138 1363
4005 2 2 1 1 1663 2141 1086
4006 2 2 1 1 1421 2121 1902
4007 2 2 1 1 1379 2222 2029
4008 2 2 1 1 1159 2139 1350
4009 2 2 1 1 70 2143 71
4010 2 2 1 1 1217 2223 2017
4011 2 2 1 1 1407 2206 2059
4012 2 2 1 1 1375 2144 1320
4013 2 2 1 1 2045 2110 1239
4014 2 2 1 1 1434 2201 1433
4015 2 2 1 1 1101 2145 971
4016 2 2 1 1 1371 2146 1422
4017 2 2 1 1 1376 2147 1341
4018 2 2 1 1 514 2072 2053
4019 2 2 1 1 1665 2149 1204
4020 2 2 1 1 1430 2166 1333
4021 2 2 1 1 1659 2150 1357
4022 2 2 1 1 984 2151 1657
4023 2 2 1 1 2029 2222 1958
4024 2 2 1 1 1728 2153 1192
4025 2 2 1 1 1226 2154 1415
4026 2 2 1 1 1665 2159 2149
4027 2 2 1 1 1662 2156 1364
4028 2 2 1 1 1442 2205 2062
4029 2 2 1 1 1355 2161 1988
4030 2 2 1 1 1364 2156 2155
4031 2 2 1 1 1994 2135 355
4032 2 2 1 1 122 2157 358
4033 2 2 1 1 2172 2223 1424
4034 2 2 1 1 2053 2072 1258
4035 2 2 1 1 1313 2159 1665
4036 2 2 1 1 1313 2160 2159
4037 2 2 1 1 1437 2203 2098
4038 2 2 1 1 1656 2160 1313
4039 2 2 1 1 1615 2173 1613
4040 2 2 1 1 650 2163 663
4041 2 2 1 1 1351 2162 1730
4042 2 2 1 1 1220 2164 1221
4043 2 2 1 1 1589 2167 1590
4044 2 2 1 1 388 2176 33
4045 2 2 1 1 2118 2210 333
4046 2 2 1 1 1165 2165 1853
4047 2 2 1 1 1236 2168 1100
4048 2 2 1 1 1203 2181 1458
4049 2 2 1 1 1061 2169 1255
4050 2 2 1 1 2174 2226 357
4051 2 2 1 1 1703 2175 1298
4052 2 2 1 1 1652 2170 343
4053 2 2 1 1 2110 2178 1356
4054 2 2 1 1 38 2171 39
4055 2 2 1 1 81 2172 82
4056 2 2 1 1 1447 2200 1090
4057 2 2 1 1 2087 2152 1328
4058 2 2 1 1 1694 2173 1085
4059 2 2 1 1 99 2174 98
4060 2 2 1 1 142 2197 394
4061 2 2 1 1 360 2177 171
4062 2 2 1 1 1413 2195 2082
4063 2 2 1 1 1752 2194 1346
4064 2 2 1 1 2096 2196 361
4065 2 2 1 1 392 2199 2032
4066 2 2 1 1 181 2180 182
4067 2 2 1 1 2109 2218 1337
4068 2 2 1 1 551 2099 2095
4069 2 2 1 1 1259 2189 2097
4070 2 2 1 1 1661 2202 2139
4071 2 2 1 1 42 2179 43
4072 2 2 1 1 2092 2214 341
4073 2 2 1 1 2107 2215 1373
4074 2 2 1 1 1481 2185 370
4075 2 2 1 1 1504 2202 329
4076 2 2 1 1 172 2204 173
4077 2 2 1 1 1685 2182 1358
4078 2 2 1 1 50 2184 51
4079 2 2 1 1 386 2186 1669
4080 2 2 1 1 345 2189 1583
4081 2 2 1 1 145 2187 146
4082 2 2 1 1 1779 2115 2086
4083 2 2 1 1 152 2190 153
4084 2 2 1 1 1052 2191 903
4085 2 2 1 1 361 2196 2005
4086 2 2 1 1 1998 2194 381
4087 2 2 1 1 75 2192 76
4088 2 2 1 1 35 2188 36
4089 2 2 1 1 129 2193 128
4090 2 2 1 1 386 2219 2186
4091 2 2 1 1 365 2204 2146
4092 2 2 1 1 1376 2163 2147
4093 2 2 1 1 152 2224 2190
4094 2 2 1 1 1216 2198 1220
4095 2 2 1 1 1362 2195 1413
4096 2 2 1 1 1981 2211 1378
4097 2 2 1 1 1474 2199 1369
4098 2 2 1 1 2095 2099 1361
4099 2 2 1 1 2020 2180 2119
4100 2 2 1 1 2005 2196 1339
4101 2 2 1 1 331 2203 124
4102 2 2 1 1 1990 2208 1605
4103 2 2 1 1 1488 2214 1423
4104 2 2 1 1 1365 2206 1407
4105 2 2 1 1 2042 2178 1412
4106 2 2 1 1 355 2188 2161
4107 2 2 1 1 356 2211 1572
4108 2 2 1 1 1432 2227 1434
4109 2 2 1 1 1565 2212 1386
4110 2 2 1 1 389 2183 1877
4111 2 2 1 1 379 2213 1625
4112 2 2 1 1 2004 2205 2089
4113 2 2 1 1 1384 2210 1385
4114 2 2 1 1 363 2227 2103
4115 2 2 1 1 1646 2215 339
4116 2 2 1 1 1674 2216 1673
4117 2 2 1 1 151 2224 152
4118 2 2 1 1 1668 2219 386
4119 2 2 1 1 125 2220 331
4120 2 2 1 1 1401 2226 1403
4121 2 2 1 1 1848 2207 1287
4122 2 2 1 1 1875 2221 336
4123 2 2 1 1 390 2222 1987
4124 2 2 1 1 2086 2115 672
4125 2 2 1 1 1021 2201 1892
4126 2 2 1 1 831 2209 1890
4127 2 2 1 1 407 2225 405
4128 2 2 1 1 1814 2221 1875
4129 2 2 1 1 1572 2211 1981
4130 2 2 1 1 1958 2222 390
4131 2 2 1 1 2135 2171 38
4132 2 2 1 1 365 2140 2066
4133 2 2 1 1 2108 2176 388
4134 2 2 1 1 1346 2194 1998
4135 2 2 1 1 1987 2222 1379
4136 2 2 1 1 2124 2131 489
4137 2 2 1 1 2129 2142 518
4138 2 2 1 1 2134 2148 535
4139 2 2 1 1 2138 2155 855
4140 2 2 1 1 2144 2158 590
4141 2 2 1 1 1661 2152 2087
4142 2 2 1 1 1942 2218 352
4143 2 2 1 1 1340 2196 2096
4144 2 2 1 1 1726 2217 1970
4145 2 2 1 1 394 2197 2038
4146 2 2 1 1 1547 2131 2124
4147 2 2 1 1 1386 2212 2179
4148 2 2 1 1 2103 2227 1432
4149 2 2 1 1 1402 2208 1990
4150 2 2 1 1 1876 2205 2004
4151 2 2 1 1 1372 2142 2129
4152 2 2 1 1 2119 2180 181
4153 2 2 1 1 2098 2203 331
4154 2 2 1 1 1374 2148 2134
4155 2 2 1 1 2136 2175 1618
4156 2 2 1 1 1364 2155 2138
4157 2 2 1 1 1375 2158 2144
4158 2 2 1 1 2012 2208 1402
4159 2 2 1 1 2038 2197 176
4160 2 2 1 1 1385 2210 2118
4161 2 2 1 1 2097 2189 345
4162 2 2 1 1 2161 2188 1988
4163 2 2 1 1 2089 2205 1442
4164 2 2 1 1 1423 2214 2092
4165 2 2 1 1 339 2215 2107
4166 2 2 1 1 352 2218 2109
4167 2 2 1 1 2139 2202 1350
4168 2 2 1 1 336 2221 2123
4169 2 2 1 1 2146 2204 1422
4170 2 2 1 1 1403 2226 2174
4171 2 2 2 2 43 2342 42
4172 2 2 2 2 209 2328 208
4173 2 2 2 2 2356 2456 2331
4174 2 2 2 2 2328 2329 2327
4175 2 2 2 2 2321 2324 2323
4176 2 2 2 2 2329 2456 2327
4177 2 2 2 2 2321 2423 2324
4178 2 2 2 2 2320 2321 2263
4179 2 2 2 2 2332 2333 2268
4180 2 2 2 2 2345 2346 2255
4181 2 2 2 2 202 2420 201
4182 2 2 2 2 2331 2332 2268
4183 2 2 2 2 2319 2320 2263
4184 2 2 2 2 2285 2359 2348
4185 2 2 2 2 2298 2311 2310
4186 2 2 2 2 2240 2447 2446
4187 2 2 2 2 2359 2360 2348
4188 2 2 2 2 2446 2447 2410
4189 2 2 2 2 2284 2340 2339
4190 2 2 2 2 83 2323 82
4191 2 2 2 2 2298 2313 2311
4192 2 2 2 2 2341 2448 2257
4193 2 2 2 2 2241 2444 2443
4194 2 2 2 2 2293 2354 2352
4195 2 2 2 2 2443 2444 2406
4196 2 2 2 2 2286 2342 43
4197 2 2 2 2 2264 2315 2314
4198 2 2 2 2 2242 2442 2441
4199 2 2 2 2 2441 2442 2402
4200 2 2 2 2 2331 2456 2329
4201 2 2 2 2 2284 2339 2338
4202 2 2 2 2 2243 2439 2438
4203 2 2 2 2 2438 2439 2398
4204 2 2 2 2 2322 2449 2234
4205 2 2 2 2 2320 2449 2322
4206 2 2 2 2 208 2328 2236
4207 2 2 2 2 2237 2328 209
4208 2 2 2 2 2244 2437 2436
4209 2 2 2 2 2261 2420 2313
4210 2 2 2 2 2436 2437 2394
4211 2 2 2 2 2236 2327 2326
4212 2 2 2 2 2313 2473 2261
4213 2 2 2 2 84 2319 2263
4214 2 2 2 2 2245 2435 2434
4215 2 2 2 2 2257 2357 2341
4216 2 2 2 2 2434 2435 2390
4217 2 2 2 2 2236 2328 2327
4218 2 2 2 2 2346 2347 2255
4219 2 2 2 2 42 2342 2284
4220 2 2 2 2 85 2319 84
4221 2 2 2 2 2431 2433 2246
4222 2 2 2 2 2255 2419 2345
4223 2 2 2 2 2240 2480 2413
4224 2 2 2 2 2386 2433 2431
4225 2 2 2 2 2421 2487 2476
4226 2 2 2 2 2241 2443 2410
4227 2 2 2 2 2410 2447 2241
4228 2 2 2 2 2298 2473 2313
4229 2 2 2 2 2427 2429 2247
4230 2 2 2 2 2302 2307 2301
4231 2 2 2 2 2382 2429 2427
4232 2 2 2 2 2242 2441 2406
4233 2 2 2 2 2482 2487 2254
4234 2 2 2 2 2453 2488 2466
4235 2 2 2 2 2406 2444 2242
4236 2 2 2 2 2264 2420 202
4237 2 2 2 2 201 2420 2261
4238 2 2 2 2 2299 2473 2298
4239 2 2 2 2 2248 2426 2425
4240 2 2 2 2 2336 2458 2415
4241 2 2 2 2 2425 2426 2378
4242 2 2 2 2 82 2323 2265
4243 2 2 2 2 2243 2438 2402
4244 2 2 2 2 2249 2430 2424
4245 2 2 2 2 2294 2470 2258
4246 2 2 2 2 2453 2473 2299
4247 2 2 2 2 2402 2442 2243
4248 2 2 2 2 2466 2488 199
4249 2 2 2 2 256 2338 2287
4250 2 2 2 2 2258 2471 2294
4251 2 2 2 2 2424 2430 2374
4252 2 2 2 2 2244 2436 2398
4253 2 2 2 2 2466 2473 2453
4254 2 2 2 2 2250 2445 2428
4255 2 2 2 2 2398 2439 2244
4256 2 2 2 2 2300 2302 2301
4257 2 2 2 2 2263 2323 83
4258 2 2 2 2 2476 2487 2305
4259 2 2 2 2 2245 2434 2394
4260 2 2 2 2 2428 2445 2370
4261 2 2 2 2 2394 2437 2245
4262 2 2 2 2 2246 2433 2390
4263 2 2 2 2 2336 2415 2239
4264 2 2 2 2 2251 2454 2440
4265 2 2 2 2 2264 2355 2315
4266 2 2 2 2 2390 2435 2246
4267 2 2 2 2 2352 2354 2353
4268 2 2 2 2 2247 2429 2386
4269 2 2 2 2 2450 2482 2254
4270 2 2 2 2 2304 2317 2229
4271 2 2 2 2 2386 2431 2247
4272 2 2 2 2 2248 2425 2382
4273 2 2 2 2 39 2300 2229
4274 2 2 2 2 2267 2456 2356
4275 2 2 2 2 2305 2307 2302
4276 2 2 2 2 2314 2420 2264
4277 2 2 2 2 2349 2353 2350
4278 2 2 2 2 2382 2427 2248
4279 2 2 2 2 2298 2310 2230
4280 2 2 2 2 2440 2454 2366
4281 2 2 2 2 2295 2317 2297
4282 2 2 2 2 2249 2424 2378
4283 2 2 2 2 6 2338 256
4284 2 2 2 2 2300 2301 2229
4285 2 2 2 2 2378 2426 2249
4286 2 2 2 2 2250 2428 2374
4287 2 2 2 2 2252 2455 2366
4288 2 2 2 2 2283 2360 2359
4289 2 2 2 2 12 252 251
4290 2 2 2 2 2252 2457 2455
4291 2 2 2 2 2251 2440 2370
4292 2 2 2 2 2374 2430 2250
4293 2 2 2 2 2292 2417 2293
4294 2 2 2 2 2339 2448 2341
4295 2 2 2 2 2283 2361 2360
4296 2 2 2 2 2446 2480 2240
4297 2 2 2 2 2260 2353 2349
4298 2 2 2 2 2318 2319 85
4299 2 2 2 2 33 2459 32
4300 2 2 2 2 2289 2483 2294
4301 2 2 2 2 2338 2339 2287
4302 2 2 2 2 2370 2445 2251
4303 2 2 2 2 2358 2448 2432
4304 2 2 2 2 2307 2308 2301
4305 2 2 2 2 203 2355 11
4306 2 2 2 2 2455 2457 2362
4307 2 2 2 2 5 2318 85
4308 2 2 2 2 2304 2486 2317
4309 2 2 2 2 2294 2471 2289
4310 2 2 2 2 2326 2414 2236
4311 2 2 2 2 2317 2486 2297
4312 2 2 2 2 2293 2484 2354
4313 2 2 2 2 2268 2356 2331
4314 2 2 2 2 2314 2315 2312
4315 2 2 2 2 2334 2458 2336
4316 2 2 2 2 79 2356 78
4317 2 2 2 2 2366 2454 2252
4318 2 2 2 2 2282 2365 2364
4319 2 2 2 2 2320 2322 2321
4320 2 2 2 2 2286 2343 2342
4321 2 2 2 2 2253 2479 2347
4322 2 2 2 2 2321 2323 2263
4323 2 2 2 2 2347 2463 2253
4324 2 2 2 2 186 2290 185
4325 2 2 2 2 11 2355 2264
4326 2 2 2 2 49 2363 48
4327 2 2 2 2 2311 2314 2312
4328 2 2 2 2 2348 2474 2285
4329 2 2 2 2 2260 2418 27
4330 2 2 2 2 2353 2354 2350
4331 2 2 2 2 250 2460 2288
4332 2 2 2 2 2333 2334 2269
4333 2 2 2 2 2284 2342 2340
4334 2 2 2 2 2282 2364 2363
4335 2 2 2 2 2307 2487 2482
4336 2 2 2 2 2313 2314 2311
4337 2 2 2 2 2253 2463 2362
4338 2 2 2 2 2349 2418 2260
4339 2 2 2 2 2313 2420 2314
4340 2 2 2 2 2346 2348 2347
4341 2 2 2 2 2295 2296 2230
4342 2 2 2 2 2310 2311 2232
4343 2 2 2 2 2305 2487 2307
4344 2 2 2 2 40 2300 39
4345 2 2 2 2 41 2338 6
4346 2 2 2 2 2362 2457 2253
4347 2 2 2 2 78 2356 2268
4348 2 2 2 2 2267 2356 79
4349 2 2 2 2 2432 2448 2340
4350 2 2 2 2 2237 2329 2328
4351 2 2 2 2 2323 2324 2265
4352 2 2 2 2 2281 2369 2368
4353 2 2 2 2 2282 2363 49
4354 2 2 2 2 48 2363 2283
4355 2 2 2 2 27 2418 4
4356 2 2 2 2 51 2367 50
4357 2 2 2 2 2234 2355 203
4358 2 2 2 2 34 2310 2232
4359 2 2 2 2 2230 2310 35
4360 2 2 2 2 36 2295 2230
4361 2 2 2 2 2229 2317 38
4362 2 2 2 2 37 2317 2295
4363 2 2 2 2 2361 2362 2360
4364 2 2 2 2 2366 2455 2364
4365 2 2 2 2 2281 2368 2367
4366 2 2 2 2 32 2289 31
4367 2 2 2 2 2258 2352 2351
4368 2 2 2 2 2339 2341 2287
4369 2 2 2 2 2257 2448 2358
4370 2 2 2 2 2283 2363 2361
4371 2 2 2 2 2316 2319 2318
4372 2 2 2 2 2234 2464 2322
4373 2 2 2 2 2301 2304 2229
4374 2 2 2 2 2365 2366 2364
4375 2 2 2 2 50 2367 2282
4376 2 2 2 2 2281 2367 51
4377 2 2 2 2 9 2469 187
4378 2 2 2 2 2286 2344 2343
4379 2 2 2 2 2258 2351 29
4380 2 2 2 2 248 2357 2257
4381 2 2 2 2 2284 2338 41
4382 2 2 2 2 2352 2353 2351
4383 2 2 2 2 2460 2477 2288
4384 2 2 2 2 2334 2335 2269
4385 2 2 2 2 2351 2353 2260
4386 2 2 2 2 2282 2367 2365
4387 2 2 2 2 2280 2373 2372
4388 2 2 2 2 2417 2484 2293
4389 2 2 2 2 188 2469 9
4390 2 2 2 2 2232 2318 5
4391 2 2 2 2 53 2371 52
4392 2 2 2 2 2275 2393 2392
4393 2 2 2 2 2274 2397 2396
4394 2 2 2 2 2273 2401 2400
4395 2 2 2 2 2272 2405 2404
4396 2 2 2 2 2271 2409 2408
4397 2 2 2 2 2276 2389 2388
4398 2 2 2 2 2280 2372 2371
4399 2 2 2 2 2277 2385 2384
4400 2 2 2 2 2369 2370 2368
4401 2 2 2 2 2275 2392 2391
4402 2 2 2 2 2274 2396 2395
4403 2 2 2 2 2273 2400 2399
4404 2 2 2 2 2272 2404 2403
4405 2 2 2 2 2270 2412 2411
4406 2 2 2 2 2271 2408 2407
4407 2 2 2 2 2324 2325 2265
4408 2 2 2 2 65 2395 64
4409 2 2 2 2 2276 2388 2387
4410 2 2 2 2 63 2391 62
4411 2 2 2 2 67 2399 66
4412 2 2 2 2 69 2403 68
4413 2 2 2 2 71 2407 70
4414 2 2 2 2 73 2411 72
4415 2 2 2 2 250 2288 249
4416 2 2 2 2 2237 2330 2329
4417 2 2 2 2 28 2351 2260
4418 2 2 2 2 61 2387 60
4419 2 2 2 2 196 2266 195
4420 2 2 2 2 11 2264 202
4421 2 2 2 2 201 2261 200
4422 2 2 2 2 2278 2381 2380
4423 2 2 2 2 2277 2384 2383
4424 2 2 2 2 194 2254 193
4425 2 2 2 2 198 2233 197
4426 2 2 2 2 52 2371 2281
4427 2 2 2 2 2280 2371 53
4428 2 2 2 2 2254 2487 2421
4429 2 2 2 2 2279 2377 2376
4430 2 2 2 2 2316 2318 2312
4431 2 2 2 2 2281 2371 2369
4432 2 2 2 2 59 2383 58
4433 2 2 2 2 28 2260 27
4434 2 2 2 2 30 2258 29
4435 2 2 2 2 2278 2380 2379
4436 2 2 2 2 2275 2391 63
4437 2 2 2 2 2274 2395 65
4438 2 2 2 2 2273 2399 67
4439 2 2 2 2 2370 2440 2368
4440 2 2 2 2 2272 2403 69
4441 2 2 2 2 2271 2407 71
4442 2 2 2 2 2270 2411 73
4443 2 2 2 2 55 2375 54
4444 2 2 2 2 2276 2387 61
4445 2 2 2 2 2279 2376 2375
4446 2 2 2 2 2315 2316 2312
4447 2 2 2 2 57 2379 56
4448 2 2 2 2 2277 2383 59
4449 2 2 2 2 2344 2345 2343
4450 2 2 2 2 248 2257 247
4451 2 2 2 2 2278 2379 57
4452 2 2 2 2 2279 2375 55
4453 2 2 2 2 64 2395 2275
4454 2 2 2 2 66 2399 2274
4455 2 2 2 2 62 2391 2276
4456 2 2 2 2 68 2403 2273
4457 2 2 2 2 2334 2336 2335
4458 2 2 2 2 2373 2374 2372
4459 2 2 2 2 70 2407 2272
4460 2 2 2 2 72 2411 2271
4461 2 2 2 2 60 2387 2277
4462 2 2 2 2 29 2351 28
4463 2 2 2 2 2393 2394 2392
4464 2 2 2 2 2397 2398 2396
4465 2 2 2 2 2401 2402 2400
4466 2 2 2 2 2405 2406 2404
4467 2 2 2 2 2409 2410 2408
4468 2 2 2 2 2389 2390 2388
4469 2 2 2 2 4 2418 2259
4470 2 2 2 2 2288 2357 249
4471 2 2 2 2 185 2499 184
4472 2 2 2 2 2363 2364 2361
4473 2 2 2 2 2385 2386 2384
4474 2 2 2 2 2257 2358 247
4475 2 2 2 2 246 2358 2256
4476 2 2 2 2 58 2383 2278
4477 2 2 2 2 54 2375 2280
4478 2 2 2 2 2324 2326 2325
4479 2 2 2 2 2381 2382 2380
4480 2 2 2 2 2280 2375 2373
4481 2 2 2 2 2294 2483 2290
4482 2 2 2 2 2377 2378 2376
4483 2 2 2 2 56 2379 2279
4484 2 2 2 2 2296 2298 2230
4485 2 2 2 2 2275 2395 2393
4486 2 2 2 2 2274 2399 2397
4487 2 2 2 2 2273 2403 2401
4488 2 2 2 2 2272 2407 2405
4489 2 2 2 2 2271 2411 2409
4490 2 2 2 2 2276 2391 2389
4491 2 2 2 2 2295 2297 2296
4492 2 2 2 2 2367 2368 2365
4493 2 2 2 2 2340 2448 2339
4494 2 2 2 2 2277 2387 2385
4495 2 2 2 2 42 2284 41
4496 2 2 2 2 2371 2372 2369
4497 2 2 2 2 2344 2346 2345
4498 2 2 2 2 2278 2383 2381
4499 2 2 2 2 2283 2359 47
4500 2 2 2 2 2349 2350 2306
4501 2 2 2 2 2303 2349 2306
4502 2 2 2 2 2336 2337 2335
4503 2 2 2 2 2279 2379 2377
4504 2 2 2 2 2326 2327 2325
4505 2 2 2 2 2375 2376 2373
4506 2 2 2 2 2330 2331 2329
4507 2 2 2 2 2395 2396 2393
4508 2 2 2 2 2399 2400 2397
4509 2 2 2 2 2403 2404 2401
4510 2 2 2 2 2407 2408 2405
4511 2 2 2 2 2411 2412 2409
4512 2 2 2 2 2391 2392 2389
4513 2 2 2 2 2387 2388 2385
4514 2 2 2 2 2303 2306 2305
4515 2 2 2 2 46 2359 2285
4516 2 2 2 2 2383 2384 2381
4517 2 2 2 2 2379 2380 2377
4518 2 2 2 2 80 2267 79
4519 2 2 2 2 84 2263 83
4520 2 2 2 2 62 2276 61
4521 2 2 2 2 60 2277 59
4522 2 2 2 2 58 2278 57
4523 2 2 2 2 54 2280 53
4524 2 2 2 2 78 2268 77
4525 2 2 2 2 64 2275 63
4526 2 2 2 2 56 2279 55
4527 2 2 2 2 74 2270 73
4528 2 2 2 2 76 2269 75
4529 2 2 2 2 48 2283 47
4530 2 2 2 2 70 2272 69
4531 2 2 2 2 52 2281 51
4532 2 2 2 2 68 2273 67
4533 2 2 2 2 44 2286 43
4534 2 2 2 2 46 2285 45
4535 2 2 2 2 50 2282 49
4536 2 2 2 2 82 2265 81
4537 2 2 2 2 66 2274 65
4538 2 2 2 2 72 2271 71
4539 2 2 2 2 47 2359 46
4540 2 2 2 2 247 2358 246
4541 2 2 2 2 249 2357 248
4542 2 2 2 2 10 2228 192
4543 2 2 2 2 2330 2332 2331
4544 2 2 2 2 204 2234 203
4545 2 2 2 2 207 2414 206
4546 2 2 2 2 210 2237 209
4547 2 2 2 2 212 2238 211
4548 2 2 2 2 214 2239 213
4549 2 2 2 2 216 2240 215
4550 2 2 2 2 218 2241 217
4551 2 2 2 2 234 2249 233
4552 2 2 2 2 226 2245 225
4553 2 2 2 2 220 2242 219
4554 2 2 2 2 244 2255 243
4555 2 2 2 2 228 2246 227
4556 2 2 2 2 242 2253 241
4557 2 2 2 2 236 2250 235
4558 2 2 2 2 238 2251 237
4559 2 2 2 2 246 2256 245
4560 2 2 2 2 230 2247 229
4561 2 2 2 2 232 2248 231
4562 2 2 2 2 222 2243 221
4563 2 2 2 2 215 2413 214
4564 2 2 2 2 224 2244 223
4565 2 2 2 2 240 2252 239
4566 2 2 2 2 206 2235 205
4567 2 2 2 2 208 2236 207
4568 2 2 2 2 213 2415 212
4569 2 2 2 2 2240 2413 215
4570 2 2 2 2 206 2414 2235
4571 2 2 2 2 2236 2414 207
4572 2 2 2 2 214 2413 2239
4573 2 2 2 2 212 2415 2238
4574 2 2 2 2 2239 2415 213
4575 2 2 2 2 2311 2312 2232
4576 2 2 2 2 2228 2416 192
4577 2 2 2 2 192 2416 191
4578 2 2 2 2 193 2421 10
4579 2 2 2 2 190 2417 189
4580 2 2 2 2 2259 2418 2303
4581 2 2 2 2 256 2287 255
4582 2 2 2 2 2374 2428 2372
4583 2 2 2 2 10 2421 2228
4584 2 2 2 2 2412 2491 2337
4585 2 2 2 2 191 2231 190
4586 2 2 2 2 244 2419 2255
4587 2 2 2 2 2256 2419 245
4588 2 2 2 2 34 2232 5
4589 2 2 2 2 39 2229 38
4590 2 2 2 2 36 2230 35
4591 2 2 2 2 4 2259 40
4592 2 2 2 2 2316 2320 2319
4593 2 2 2 2 35 2310 34
4594 2 2 2 2 37 2295 36
4595 2 2 2 2 38 2317 37
4596 2 2 2 2 2301 2308 2304
4597 2 2 2 2 2390 2433 2388
4598 2 2 2 2 2394 2434 2392
4599 2 2 2 2 2386 2429 2384
4600 2 2 2 2 2398 2436 2396
4601 2 2 2 2 2378 2424 2376
4602 2 2 2 2 191 2416 2231
4603 2 2 2 2 2382 2425 2380
4604 2 2 2 2 2402 2438 2400
4605 2 2 2 2 2316 2449 2320
4606 2 2 2 2 2231 2417 190
4607 2 2 2 2 2406 2441 2404
4608 2 2 2 2 2259 2300 40
4609 2 2 2 2 2308 2309 2304
4610 2 2 2 2 2410 2443 2408
4611 2 2 2 2 187 2262 186
4612 2 2 2 2 2341 2422 2287
4613 2 2 2 2 2262 2292 2291
4614 2 2 2 2 2296 2299 2298
4615 2 2 2 2 245 2419 244
4616 2 2 2 2 2259 2303 2302
4617 2 2 2 2 2287 2422 255
4618 2 2 2 2 2377 2425 2378
4619 2 2 2 2 255 2422 254
4620 2 2 2 2 232 2426 2248
4621 2 2 2 2 2249 2426 233
4622 2 2 2 2 2259 2302 2300
4623 2 2 2 2 2292 2293 2291
4624 2 2 2 2 230 2427 2247
4625 2 2 2 2 2248 2427 231
4626 2 2 2 2 251 2460 250
4627 2 2 2 2 2381 2429 2382
4628 2 2 2 2 2250 2430 235
4629 2 2 2 2 234 2430 2249
4630 2 2 2 2 184 2459 183
4631 2 2 2 2 2303 2305 2302
4632 2 2 2 2 2373 2424 2374
4633 2 2 2 2 2247 2431 229
4634 2 2 2 2 228 2431 2246
4635 2 2 2 2 2385 2433 2386
4636 2 2 2 2 226 2435 2245
4637 2 2 2 2 2246 2435 227
4638 2 2 2 2 224 2437 2244
4639 2 2 2 2 2245 2437 225
4640 2 2 2 2 2303 2418 2349
4641 2 2 2 2 2389 2434 2390
4642 2 2 2 2 2244 2439 223
4643 2 2 2 2 222 2439 2243
4644 2 2 2 2 220 2442 2242
4645 2 2 2 2 2243 2442 221
4646 2 2 2 2 2393 2436 2394
4647 2 2 2 2 218 2444 2241
4648 2 2 2 2 2242 2444 219
4649 2 2 2 2 236 2445 2250
4650 2 2 2 2 2251 2445 237
4651 2 2 2 2 2397 2438 2398
4652 2 2 2 2 2241 2447 217
4653 2 2 2 2 216 2447 2240
4654 2 2 2 2 2401 2441 2402
4655 2 2 2 2 2405 2443 2406
4656 2 2 2 2 2409 2446 2410
4657 2 2 2 2 2483 2499 185
4658 2 2 2 2 2352 2470 2293
4659 2 2 2 2 2262 2290 186
4660 2 2 2 2 2369 2428 2370
4661 2 2 2 2 238 2454 2251
4662 2 2 2 2 2252 2454 239
4663 2 2 2 2 2312 2318 2232
4664 2 2 2 2 2291 2294 2290
4665 2 2 2 2 2262 2291 2290
4666 2 2 2 2 2289 2471 31
4667 2 2 2 2 2231 2490 2354
4668 2 2 2 2 2354 2484 2231
4669 2 2 2 2 2322 2501 2321
4670 2 2 2 2 2333 2496 2268
4671 2 2 2 2 2269 2496 2333
4672 2 2 2 2 240 2457 2252
4673 2 2 2 2 2253 2457 241
4674 2 2 2 2 2376 2424 2373
4675 2 2 2 2 2380 2425 2377
4676 2 2 2 2 233 2426 232
4677 2 2 2 2 2254 2421 193
4678 2 2 2 2 2347 2479 2255
4679 2 2 2 2 2372 2428 2369
4680 2 2 2 2 231 2427 230
4681 2 2 2 2 2358 2432 2256
4682 2 2 2 2 2384 2429 2381
4683 2 2 2 2 235 2430 234
4684 2 2 2 2 229 2431 228
4685 2 2 2 2 2388 2433 2385
4686 2 2 2 2 2365 2440 2366
4687 2 2 2 2 2392 2434 2389
4688 2 2 2 2 227 2435 226
4689 2 2 2 2 2362 2463 2360
4690 2 2 2 2 2325 2461 2265
4691 2 2 2 2 2396 2436 2393
4692 2 2 2 2 225 2437 224
4693 2 2 2 2 2400 2438 2397
4694 2 2 2 2 2368 2440 2365
4695 2 2 2 2 2265 2461 81
4696 2 2 2 2 80 2461 2267
4697 2 2 2 2 223 2439 222
4698 2 2 2 2 2404 2441 2401
4699 2 2 2 2 2286 2462 2344
4700 2 2 2 2 221 2442 220
4701 2 2 2 2 2408 2443 2405
4702 2 2 2 2 219 2444 218
4703 2 2 2 2 237 2445 236
4704 2 2 2 2 2412 2446 2409
4705 2 2 2 2 217 2447 216
4706 2 2 2 2 2307 2482 2308
4707 2 2 2 2 44 2462 2286
4708 2 2 2 2 2285 2462 45
4709 2 2 2 2 2266 2500 2482
4710 2 2 2 2 2266 2450 195
4711 2 2 2 2 196 2451 2266
4712 2 2 2 2 194 2450 2254
4713 2 2 2 2 2233 2451 197
4714 2 2 2 2 30 2471 2258
4715 2 2 2 2 2458 2497 2481
4716 2 2 2 2 2321 2501 2423
4717 2 2 2 2 2355 2449 2315
4718 2 2 2 2 2237 2465 2330
4719 2 2 2 2 2292 2489 2417
4720 2 2 2 2 2235 2464 205
4721 2 2 2 2 204 2464 2234
4722 2 2 2 2 2361 2455 2362
4723 2 2 2 2 2238 2465 211
4724 2 2 2 2 210 2465 2237
4725 2 2 2 2 2335 2467 2269
4726 2 2 2 2 2360 2463 2348
4727 2 2 2 2 2270 2491 2412
4728 2 2 2 2 195 2450 194
4729 2 2 2 2 197 2451 196
4730 2 2 2 2 2269 2467 75
4731 2 2 2 2 74 2467 2270
4732 2 2 2 2 239 2454 238
4733 2 2 2 2 2256 2472 2419
4734 2 2 2 2 2452 2453 2299
4735 2 2 2 2 2364 2455 2361
4736 2 2 2 2 2315 2449 2316
4737 2 2 2 2 2297 2452 2296
4738 2 2 2 2 2290 2483 185
4739 2 2 2 2 2419 2472 2345
4740 2 2 2 2 241 2457 240
4741 2 2 2 2 2258 2470 2352
4742 2 2 2 2 2296 2452 2299
4743 2 2 2 2 2494 2500 2451
4744 2 2 2 2 2415 2458 2238
4745 2 2 2 2 2234 2449 2355
4746 2 2 2 2 2480 2485 2413
4747 2 2 2 2 2346 2474 2348
4748 2 2 2 2 2268 2496 77
4749 2 2 2 2 76 2496 2269
4750 2 2 2 2 242 2479 2253
4751 2 2 2 2 2255 2479 243
4752 2 2 2 2 253 2460 252
4753 2 2 2 2 2417 2489 189
4754 2 2 2 2 2293 2470 2291
4755 2 2 2 2 2262 2469 2292
4756 2 2 2 2 2266 2482 2450
4757 2 2 2 2 200 2466 199
4758 2 2 2 2 2422 2498 2477
4759 2 2 2 2 2239 2485 2336
4760 2 2 2 2 2337 2480 2412
4761 2 2 2 2 2422 2477 254
4762 2 2 2 2 81 2461 80
4763 2 2 2 2 2309 2500 2494
4764 2 2 2 2 252 2460 251
4765 2 2 2 2 199 2488 198
4766 2 2 2 2 2481 2497 2332
4767 2 2 2 2 32 2499 2289
4768 2 2 2 2 2348 2463 2347
4769 2 2 2 2 45 2462 44
4770 2 2 2 2 183 2459 33
4771 2 2 2 2 2414 2495 2235
4772 2 2 2 2 2332 2497 2333
4773 2 2 2 2 2324 2495 2326
4774 2 2 2 2 205 2464 204
4775 2 2 2 2 2261 2466 200
4776 2 2 2 2 211 2465 210
4777 2 2 2 2 2458 2481 2238
4778 2 2 2 2 2306 2476 2305
4779 2 2 2 2 2345 2472 2343
4780 2 2 2 2 2235 2495 2423
4781 2 2 2 2 2482 2500 2308
4782 2 2 2 2 2336 2485 2337
4783 2 2 2 2 2423 2495 2324
4784 2 2 2 2 2285 2474 2462
4785 2 2 2 2 75 2467 74
4786 2 2 2 2 2327 2478 2325
4787 2 2 2 2 2459 2499 32
4788 2 2 2 2 2350 2475 2306
4789 2 2 2 2 2238 2481 2465
4790 2 2 2 2 2261 2473 2466
4791 2 2 2 2 31 2471 30
4792 2 2 2 2 187 2469 2262
4793 2 2 2 2 2467 2491 2270
4794 2 2 2 2 2291 2470 2294
4795 2 2 2 2 2472 2492 2343
4796 2 2 2 2 2475 2476 2306
4797 2 2 2 2 2326 2495 2414
4798 2 2 2 2 253 2477 2460
4799 2 2 2 2 2451 2500 2266
4800 2 2 2 2 2416 2490 2231
4801 2 2 2 2 2231 2484 2417
4802 2 2 2 2 2477 2498 2288
4803 2 2 2 2 2343 2492 2342
4804 2 2 2 2 2354 2490 2350
4805 2 2 2 2 2333 2497 2334
4806 2 2 2 2 2297 2468 2452
4807 2 2 2 2 2456 2478 2327
4808 2 2 2 2 2342 2492 2340
4809 2 2 2 2 2344 2474 2346
4810 2 2 2 2 2357 2498 2341
4811 2 2 2 2 2432 2492 2472
4812 2 2 2 2 2461 2478 2267
4813 2 2 2 2 2432 2472 2256
4814 2 2 2 2 2228 2475 2416
4815 2 2 2 2 2468 2494 2493
4816 2 2 2 2 254 2477 253
4817 2 2 2 2 2235 2501 2464
4818 2 2 2 2 2421 2476 2228
4819 2 2 2 2 243 2479 242
4820 2 2 2 2 2228 2476 2475
4821 2 2 2 2 2330 2481 2332
4822 2 2 2 2 198 2488 2233
4823 2 2 2 2 2309 2486 2304
4824 2 2 2 2 189 2489 188
4825 2 2 2 2 2413 2485 2239
4826 2 2 2 2 2337 2491 2335
4827 2 2 2 2 2288 2498 2357
4828 2 2 2 2 2341 2498 2422
4829 2 2 2 2 2462 2474 2344
4830 2 2 2 2 77 2496 76
4831 2 2 2 2 2469 2489 2292
4832 2 2 2 2 2412 2480 2446
4833 2 2 2 2 2452 2493 2453
4834 2 2 2 2 2465 2481 2330
4835 2 2 2 2 2308 2500 2309
4836 2 2 2 2 2493 2494 2233
4837 2 2 2 2 2267 2478 2456
4838 2 2 2 2 2340 2492 2432
4839 2 2 2 2 2233 2494 2451
4840 2 2 2 2 2337 2485 2480
4841 2 2 2 2 2423 2501 2235
4842 2 2 2 2 2335 2491 2467
4843 2 2 2 2 2325 2478 2461
4844 2 2 2 2 2468 2493 2452
4845 2 2 2 2 2334 2497 2458
4846 2 2 2 2 2475 2490 2416
4847 2 2 2 2 2464 2501 2322
4848 2 2 2 2 2350 2490 2475
4849 2 2 2 2 2468 2486 2309
4850 2 2 2 2 2297 2486 2468
4851 2 2 2 2 188 2489 2469
4852 2 2 2 2 2309 2494 2468
4853 2 2 2 2 2289 2499 2483
4854 2 2 2 2 2453 2493 2488
4855 2 2 2 2 2488 2493 2233
4856 2 2 2 2 184 2499 2459
4857 2 2 2 2 33 3 183
4858 2 2 2 3 2546 2563 2547
4859 2 2 2 3 2521 2559 2552
4860 2 2 2 3 258 2680 14
4861 2 2 2 3 2546 2547 2545
4862 2 2 2 3 2642 2705 2573
4863 2 2 2 3 2611 2660 2643
4864 2 2 2 3 2622 2650 2623
4865 2 2 2 3 2622 2658 2650
4866 2 2 2 3 2610 2660 2611
4867 2 2 2 3 2561 2563 2535
4868 2 2 2 3 2572 2640 2531
4869 2 2 2 3 2531 2644 2572
4870 2 2 2 3 1 17 262
4871 2 2 2 3 2544 2642 2573
4872 2 2 2 3 2638 2705 2641
4873 2 2 2 3 2578 2644 2531
4874 2 2 2 3 2531 2645 2578
4875 2 2 2 3 2638 2641 2574
4876 2 2 2 3 2572 2689 2538
4877 2 2 2 3 2538 2640 2572
4878 2 2 2 3 2608 2649 2581
4879 2 2 2 3 2583 2659 2516
4880 2 2 2 3 2593 2651 2539
4881 2 2 2 3 2539 2662 2593
4882 2 2 2 3 2633 2663 2591
4883 2 2 2 3 2516 2665 2583
4884 2 2 2 3 2617 2648 2506
4885 2 2 2 3 2626 2653 2600
4886 2 2 2 3 2506 2661 2617
4887 2 2 2 3 2599 2656 2534
4888 2 2 2 3 2636 2647 2586
4889 2 2 2 3 2534 2654 2599
4890 2 2 2 3 2510 2666 2628
4891 2 2 2 3 2526 2664 2605
4892 2 2 2 3 2622 2661 2506
4893 2 2 2 3 2506 2658 2622
4894 2 2 2 3 2605 2646 2526
4895 2 2 2 3 2510 2657 2605
4896 2 2 2 3 2623 2650 2526
4897 2 2 2 3 2528 2656 2599
4898 2 2 2 3 2628 2657 2510
4899 2 2 2 3 2526 2646 2623
4900 2 2 2 3 2605 2664 2510
4901 2 2 2 3 2628 2666 2540
4902 2 2 2 3 2508 2648 2617
4903 2 2 2 3 2587 2655 2511
4904 2 2 2 3 2592 2653 2626
4905 2 2 2 3 2582 2663 2633
4906 2 2 2 3 2511 2667 2587
4907 2 2 2 3 2610 2647 2636
4908 2 2 2 3 2636 2660 2610
4909 2 2 2 3 2588 2649 2608
4910 2 2 2 3 2581 2691 2608
4911 2 2 2 3 2591 2692 2633
4912 2 2 2 3 2600 2693 2626
4913 2 2 2 3 2599 2694 2528
4914 2 2 2 3 2608 2695 2588
4915 2 2 2 3 2586 2697 2636
4916 2 2 2 3 2626 2698 2592
4917 2 2 2 3 2617 2699 2508
4918 2 2 2 3 2633 2700 2582
4919 2 2 2 3 2540 2668 2628
4920 2 2 2 3 182 2559 2521
4921 2 2 2 3 14 2680 257
4922 2 2 2 3 2578 2645 2529
4923 2 2 2 3 2559 2560 2552
4924 2 2 2 3 2529 2701 2578
4925 2 2 2 3 2672 2702 261
4926 2 2 2 3 2668 2669 2560
4927 2 2 2 3 259 2557 2543
4928 2 2 2 3 2557 2558 2543
4929 2 2 2 3 2560 2684 2668
4930 2 2 2 3 2562 2565 2563
4931 2 2 2 3 2562 2563 2546
4932 2 2 2 3 2547 2563 2561
4933 2 2 2 3 261 2702 2556
4934 2 2 2 3 2545 2547 2520
4935 2 2 2 3 2519 2546 2545
4936 2 2 2 3 2568 2682 2557
4937 2 2 2 3 2554 2683 177
4938 2 2 2 3 2535 2565 309
4939 2 2 2 3 2520 2554 177
4940 2 2 2 3 2671 2677 2553
4941 2 2 2 3 2557 2682 2558
4942 2 2 2 3 2553 2676 2673
4943 2 2 2 3 2550 2688 180
4944 2 2 2 3 309 2565 308
4945 2 2 2 3 2535 2675 2561
4946 2 2 2 3 181 2550 180
4947 2 2 2 3 178 2545 2520
4948 2 2 2 3 2519 2545 179
4949 2 2 2 3 2537 2671 2669
4950 2 2 2 3 2567 2685 2549
4951 2 2 2 3 2669 2671 2560
4952 2 2 2 3 2702 2706 2568
4953 2 2 2 3 2556 2702 2568
4954 2 2 2 3 2563 2565 2535
4955 2 2 2 3 2674 2685 2567
4956 2 2 2 3 2502 2705 2642
4957 2 2 2 3 2564 2678 2558
4958 2 2 2 3 2566 2678 2503
4959 2 2 2 3 260 2557 259
4960 2 2 2 3 262 2672 261
4961 2 2 2 3 2641 2705 2502
4962 2 2 2 3 2522 2683 2564
4963 2 2 2 3 2537 2677 2671
4964 2 2 2 3 2673 2676 2536
4965 2 2 2 3 177 2683 2
4966 2 2 2 3 2561 2675 2542
4967 2 2 2 3 180 2688 2519
4968 2 2 2 3 2542 2679 2561
4969 2 2 2 3 8 2559 182
4970 2 2 2 3 2541 2681 2562
4971 2 2 2 3 13 2503 313
4972 2 2 2 3 2547 2548 2520
4973 2 2 2 3 2548 2554 2520
4974 2 2 2 3 2519 2549 2546
4975 2 2 2 3 2555 2564 2554
4976 2 2 2 3 2548 2555 2554
4977 2 2 2 3 2553 2677 2676
4978 2 2 2 3 2558 2566 2543
4979 2 2 2 3 18 2672 17
4980 2 2 2 3 2558 2678 2566
4981 2 2 2 3 2543 2680 258
4982 2 2 2 3 2562 2685 2541
4983 2 2 2 3 2538 2574 268
4984 2 2 2 3 176 2544 175
4985 2 2 2 3 2569 2570 2514
4986 2 2 2 3 2544 2573 2569
4987 2 2 2 3 174 2569 2514
4988 2 2 2 3 2571 2576 2575
4989 2 2 2 3 2564 2682 2522
4990 2 2 2 3 2569 2573 2570
4991 2 2 2 3 173 2575 172
4992 2 2 2 3 2544 2569 175
4993 2 2 2 3 2547 2561 2548
4994 2 2 2 3 268 2574 267
4995 2 2 2 3 2549 2562 2546
4996 2 2 2 3 269 2538 268
4997 2 2 2 3 172 2575 2513
4998 2 2 2 3 2514 2575 173
4999 2 2 2 3 261 2556 260
5000 2 2 2 3 2670 2687 2679
5001 2 2 2 3 2538 2638 2574
5002 2 2 2 3 175 2569 174
5003 2 2 2 3 2570 2572 2571
5004 2 2 2 3 2575 2576 2513
5005 2 2 2 3 2576 2577 2513
5006 2 2 2 3 312 2542 311
5007 2 2 2 3 307 2541 306
5008 2 2 2 3 302 2537 301
5009 2 2 2 3 310 2535 309
5010 2 2 2 3 305 2536 304
5011 2 2 2 3 2576 2578 2577
5012 2 2 2 3 277 2584 2530
5013 2 2 2 3 2609 2611 2529
5014 2 2 2 3 2527 2609 274
5015 2 2 2 3 278 2584 277
5016 2 2 2 3 274 2609 273
5017 2 2 2 3 2584 2588 2585
5018 2 2 2 3 2619 2621 2620
5019 2 2 2 3 279 2595 2524
5020 2 2 2 3 2619 2622 2621
5021 2 2 2 3 280 2595 279
5022 2 2 2 3 284 2594 283
5023 2 2 2 3 2610 2611 2609
5024 2 2 2 3 2579 2595 280
5025 2 2 2 3 2584 2585 2530
5026 2 2 2 3 150 2618 149
5027 2 2 2 3 2507 2594 284
5028 2 2 2 3 2527 2610 2609
5029 2 2 2 3 286 2634 2589
5030 2 2 2 3 2589 2592 2590
5031 2 2 2 3 163 2607 2516
5032 2 2 2 3 2619 2620 2618
5033 2 2 2 3 282 2637 2533
5034 2 2 2 3 273 2609 2529
5035 2 2 2 3 275 2612 2527
5036 2 2 2 3 291 2630 290
5037 2 2 2 3 2586 2612 2530
5038 2 2 2 3 2613 2629 2604
5039 2 2 2 3 289 2596 288
5040 2 2 2 3 2585 2586 2530
5041 2 2 2 3 145 2601 144
5042 2 2 2 3 2594 2637 283
5043 2 2 2 3 2620 2621 2509
5044 2 2 2 3 2532 2604 2602
5045 2 2 2 3 2581 2595 2579
5046 2 2 2 3 2596 2600 2515
5047 2 2 2 3 2532 2601 145
5048 2 2 2 3 2525 2618 150
5049 2 2 2 3 2603 2624 2601
5050 2 2 2 3 143 2624 2518
5051 2 2 2 3 287 2634 286
5052 2 2 2 3 2590 2591 2507
5053 2 2 2 3 2582 2583 2580
5054 2 2 2 3 276 2612 275
5055 2 2 2 3 283 2637 282
5056 2 2 2 3 281 2579 280
5057 2 2 2 3 2530 2612 276
5058 2 2 2 3 2622 2623 2621
5059 2 2 2 3 2524 2584 278
5060 2 2 2 3 2615 2617 2616
5061 2 2 2 3 160 2632 159
5062 2 2 2 3 286 2589 285
5063 2 2 2 3 2505 2633 2632
5064 2 2 2 3 282 2533 281
5065 2 2 2 3 2523 2625 156
5066 2 2 2 3 2589 2590 2507
5067 2 2 2 3 2517 2630 2598
5068 2 2 2 3 2523 2626 2625
5069 2 2 2 3 151 2525 150
5070 2 2 2 3 292 2508 291
5071 2 2 2 3 297 2526 296
5072 2 2 2 3 2618 2620 149
5073 2 2 2 3 290 2517 289
5074 2 2 2 3 2615 2616 2525
5075 2 2 2 3 2509 2629 2613
5076 2 2 2 3 2585 2587 2586
5077 2 2 2 3 169 2635 168
5078 2 2 2 3 16 2540 300
5079 2 2 2 3 149 2620 148
5080 2 2 2 3 153 2528 152
5081 2 2 2 3 147 2613 146
5082 2 2 2 3 299 2510 298
5083 2 2 2 3 2589 2634 2592
5084 2 2 2 3 2604 2605 2602
5085 2 2 2 3 146 2532 145
5086 2 2 2 3 170 2504 169
5087 2 2 2 3 144 2624 143
5088 2 2 2 3 2601 2624 144
5089 2 2 2 3 294 2506 293
5090 2 2 2 3 159 2539 158
5091 2 2 2 3 166 2511 165
5092 2 2 2 3 168 2512 167
5093 2 2 2 3 172 2513 171
5094 2 2 2 3 174 2514 173
5095 2 2 2 3 2532 2613 2604
5096 2 2 2 3 163 2516 162
5097 2 2 2 3 164 2607 163
5098 2 2 2 3 2504 2635 169
5099 2 2 2 3 275 2527 274
5100 2 2 2 3 288 2515 287
5101 2 2 2 3 2580 2581 2579
5102 2 2 2 3 273 2529 272
5103 2 2 2 3 277 2530 276
5104 2 2 2 3 155 2534 154
5105 2 2 2 3 156 2625 155
5106 2 2 2 3 157 2523 156
5107 2 2 2 3 271 2531 270
5108 2 2 2 3 285 2589 2507
5109 2 2 2 3 143 2518 8
5110 2 2 2 3 161 2505 160
5111 2 2 2 3 285 2507 284
5112 2 2 2 3 2603 2627 2624
5113 2 2 2 3 279 2524 278
5114 2 2 2 3 2591 2594 2507
5115 2 2 2 3 2624 2627 2518
5116 2 2 2 3 2603 2628 2627
5117 2 2 2 3 159 2632 2539
5118 2 2 2 3 2508 2631 2630
5119 2 2 2 3 2606 2608 2607
5120 2 2 2 3 2528 2614 152
5121 2 2 2 3 2505 2632 160
5122 2 2 2 3 2623 2629 2621
5123 2 2 2 3 148 2620 2509
5124 2 2 2 3 290 2630 2517
5125 2 2 2 3 2616 2618 2525
5126 2 2 2 3 2533 2579 281
5127 2 2 2 3 288 2596 2515
5128 2 2 2 3 2630 2631 2598
5129 2 2 2 3 148 2509 147
5130 2 2 2 3 2517 2597 2596
5131 2 2 2 3 2614 2615 2525
5132 2 2 2 3 2517 2598 2597
5133 2 2 2 3 152 2614 151
5134 2 2 2 3 2508 2630 291
5135 2 2 2 3 2616 2619 2618
5136 2 2 2 3 2533 2582 2580
5137 2 2 2 3 2592 2593 2590
5138 2 2 2 3 2517 2596 289
5139 2 2 2 3 2598 2599 2597
5140 2 2 2 3 2509 2613 147
5141 2 2 2 3 2533 2637 2582
5142 2 2 2 3 2533 2580 2579
5143 2 2 2 3 2597 2600 2596
5144 2 2 2 3 146 2613 2532
5145 2 2 2 3 155 2625 2534
5146 2 2 2 3 2635 2636 2512
5147 2 2 2 3 2606 2607 164
5148 2 2 2 3 2532 2602 2601
5149 2 2 2 3 2515 2634 287
5150 2 2 2 3 2602 2603 2601
5151 2 2 2 3 2621 2629 2509
5152 2 2 2 3 2524 2588 2584
5153 2 2 2 3 168 2635 2512
5154 2 2 2 3 151 2614 2525
5155 2 2 2 3 165 2606 164
5156 2 2 2 3 2511 2606 165
5157 2 2 2 3 2521 2552 2551
5158 2 2 2 3 180 2519 179
5159 2 2 2 3 178 2520 177
5160 2 2 2 3 182 2521 181
5161 2 2 2 3 179 2545 178
5162 2 2 2 3 2521 2550 181
5163 2 2 2 3 2552 2553 2551
5164 2 2 2 3 2551 2567 2550
5165 2 2 2 3 2521 2551 2550
5166 2 2 2 3 2570 2571 2514
5167 2 2 2 3 2577 2639 2513
5168 2 2 2 3 170 2639 2504
5169 2 2 2 3 2513 2639 171
5170 2 2 2 3 2571 2575 2514
5171 2 2 2 3 2518 2559 8
5172 2 2 2 3 2556 2568 2557
5173 2 2 2 3 2576 2644 2578
5174 2 2 2 3 2556 2557 260
5175 2 2 2 3 171 2639 170
5176 2 2 2 3 2572 2644 2571
5177 2 2 2 3 269 2640 2538
5178 2 2 2 3 2538 2689 2638
5179 2 2 2 3 2 2522 20
5180 2 2 2 3 2670 2679 2542
5181 2 2 2 3 2531 2640 270
5182 2 2 2 3 2559 2684 2560
5183 2 2 2 3 259 2543 258
5184 2 2 2 3 2529 2645 272
5185 2 2 2 3 271 2645 2531
5186 2 2 2 3 2619 2661 2622
5187 2 2 2 3 2512 2667 167
5188 2 2 2 3 2539 2651 158
5189 2 2 2 3 2581 2649 2595
5190 2 2 2 3 2591 2663 2594
5191 2 2 2 3 2600 2653 2515
5192 2 2 2 3 294 2658 2506
5193 2 2 2 3 161 2659 2505
5194 2 2 2 3 2634 2653 2592
5195 2 2 2 3 2604 2646 2605
5196 2 2 2 3 153 2656 2528
5197 2 2 2 3 2510 2664 298
5198 2 2 2 3 157 2651 2523
5199 2 2 2 3 299 2666 2510
5200 2 2 2 3 2605 2657 2602
5201 2 2 2 3 2534 2656 154
5202 2 2 2 3 2586 2647 2612
5203 2 2 2 3 2617 2661 2616
5204 2 2 2 3 2540 2666 300
5205 2 2 2 3 2526 2650 296
5206 2 2 2 3 2599 2654 2597
5207 2 2 2 3 2506 2648 293
5208 2 2 2 3 2623 2646 2629
5209 2 2 2 3 2583 2665 2580
5210 2 2 2 3 292 2648 2508
5211 2 2 2 3 297 2664 2526
5212 2 2 2 3 2614 2652 2615
5213 2 2 2 3 2585 2655 2587
5214 2 2 2 3 2603 2657 2628
5215 2 2 2 3 2516 2659 162
5216 2 2 2 3 2593 2662 2590
5217 2 2 2 3 166 2667 2511
5218 2 2 2 3 2637 2663 2582
5219 2 2 2 3 2527 2647 2610
5220 2 2 2 3 2635 2660 2636
5221 2 2 2 3 2524 2649 2588
5222 2 2 2 3 2674 2686 2541
5223 2 2 2 3 2558 2682 2564
5224 2 2 2 3 2571 2644 2576
5225 2 2 2 3 265 2502 264
5226 2 2 2 3 266 2641 265
5227 2 2 2 3 2560 2671 2552
5228 2 2 2 3 2577 2643 2639
5229 2 2 2 3 264 2642 263
5230 2 2 2 3 2564 2683 2554
5231 2 2 2 3 2611 2701 2529
5232 2 2 2 3 2552 2671 2553
5233 2 2 2 3 270 2640 269
5234 2 2 2 3 2553 2673 2551
5235 2 2 2 3 2643 2660 2504
5236 2 2 2 3 2639 2643 2504
5237 2 2 2 3 2582 2700 2583
5238 2 2 2 3 2508 2699 2631
5239 2 2 2 3 2587 2697 2586
5240 2 2 2 3 2592 2698 2593
5241 2 2 2 3 272 2645 271
5242 2 2 2 3 2588 2655 2585
5243 2 2 2 3 293 2648 292
5244 2 2 2 3 296 2650 295
5245 2 2 2 3 298 2664 297
5246 2 2 2 3 2515 2653 2634
5247 2 2 2 3 295 2658 294
5248 2 2 2 3 158 2651 157
5249 2 2 2 3 162 2659 161
5250 2 2 2 3 2590 2662 2591
5251 2 2 2 3 2650 2658 295
5252 2 2 2 3 2528 2652 2614
5253 2 2 2 3 2629 2646 2604
5254 2 2 2 3 2612 2647 2527
5255 2 2 2 3 2597 2654 2600
5256 2 2 2 3 2602 2657 2603
5257 2 2 2 3 2595 2649 2524
5258 2 2 2 3 154 2656 153
5259 2 2 2 3 2580 2665 2581
5260 2 2 2 3 2616 2661 2619
5261 2 2 2 3 300 2666 299
5262 2 2 2 3 167 2667 166
5263 2 2 2 3 2504 2660 2635
5264 2 2 2 3 2594 2663 2637
5265 2 2 2 3 2562 2681 2565
5266 2 2 2 3 2678 2687 2503
5267 2 2 2 3 2540 2669 2668
5268 2 2 2 3 2512 2697 2667
5269 2 2 2 3 2659 2700 2505
5270 2 2 2 3 2651 2698 2523
5271 2 2 2 3 2652 2699 2615
5272 2 2 2 3 2541 2685 2674
5273 2 2 2 3 2573 2689 2570
5274 2 2 2 3 2638 2689 2573
5275 2 2 2 3 265 2641 2502
5276 2 2 2 3 2628 2668 2627
5277 2 2 2 3 2536 2674 2673
5278 2 2 2 3 2502 2642 264
5279 2 2 2 3 2669 2690 2537
5280 2 2 2 3 2561 2679 2548
5281 2 2 2 3 2662 2692 2591
5282 2 2 2 3 2654 2693 2600
5283 2 2 2 3 2528 2694 2652
5284 2 2 2 3 2665 2691 2581
5285 2 2 2 3 2588 2695 2655
5286 2 2 2 3 2673 2674 2567
5287 2 2 2 3 2503 2670 313
5288 2 2 2 3 2667 2697 2587
5289 2 2 2 3 2583 2700 2659
5290 2 2 2 3 2593 2698 2651
5291 2 2 2 3 2631 2699 2652
5292 2 2 2 3 2518 2684 2559
5293 2 2 2 3 2568 2706 2522
5294 2 2 2 3 2607 2691 2516
5295 2 2 2 3 2631 2694 2598
5296 2 2 2 3 2625 2693 2534
5297 2 2 2 3 2632 2692 2539
5298 2 2 2 3 2511 2695 2606
5299 2 2 2 3 257 2696 13
5300 2 2 2 3 2577 2701 2643
5301 2 2 2 3 313 2670 312
5302 2 2 2 3 312 2670 2542
5303 2 2 2 3 267 2704 15
5304 2 2 2 3 7 2703 176
5305 2 2 2 3 2565 2681 308
5306 2 2 2 3 2551 2673 2567
5307 2 2 2 3 2643 2701 2611
5308 2 2 2 3 2555 2678 2564
5309 2 2 2 3 2536 2676 304
5310 2 2 2 3 2542 2675 311
5311 2 2 2 3 310 2675 2535
5312 2 2 2 3 302 2677 2537
5313 2 2 2 3 304 2676 303
5314 2 2 2 3 311 2675 310
5315 2 2 2 3 303 2677 302
5316 2 2 2 3 2522 2706 20
5317 2 2 2 3 2516 2691 2665
5318 2 2 2 3 2652 2694 2631
5319 2 2 2 3 2534 2693 2654
5320 2 2 2 3 2539 2692 2662
5321 2 2 2 3 2655 2695 2511
5322 2 2 2 3 17 2672 262
5323 2 2 2 3 16 2690 2540
5324 2 2 2 3 2668 2684 2627
5325 2 2 2 3 15 2704 266
5326 2 2 2 3 263 2703 7
5327 2 2 2 3 2540 2690 2669
5328 2 2 2 3 2503 2696 2566
5329 2 2 2 3 308 2681 307
5330 2 2 2 3 2541 2686 306
5331 2 2 2 3 305 2686 2536
5332 2 2 2 3 2549 2688 2567
5333 2 2 2 3 2537 2690 301
5334 2 2 2 3 2548 2679 2555
5335 2 2 2 3 2536 2686 2674
5336 2 2 2 3 2522 2682 2568
5337 2 2 2 3 2680 2696 257
5338 2 2 2 3 176 2703 2544
5339 2 2 2 3 2574 2704 267
5340 2 2 2 3 2566 2680 2543
5341 2 2 2 3 2676 2677 303
5342 2 2 2 3 13 2696 2503
5343 2 2 2 3 2679 2687 2555
5344 2 2 2 3 307 2681 2541
5345 2 2 2 3 2549 2685 2562
5346 2 2 2 3 2627 2684 2518
5347 2 2 2 3 18 2702 2672
5348 2 2 2 3 2567 2688 2550
5349 2 2 2 3 2 2683 2522
5350 2 2 2 3 306 2686 305
5351 2 2 2 3 2519 2688 2549
5352 2 2 2 3 301 2690 16
5353 2 2 2 3 2570 2689 2572
5354 2 2 2 3 2641 2704 2574
5355 2 2 2 3 2606 2695 2608
5356 2 2 2 3 2626 2693 2625
5357 2 2 2 3 2633 2692 2632
5358 2 2 2 3 2608 2691 2607
5359 2 2 2 3 2598 2694 2599
5360 2 2 2 3 2544 2703 2642
5361 2 2 2 3 2636 2697 2512
5362 2 2 2 3 2505 2700 2633
5363 2 2 2 3 2615 2699 2617
5364 2 2 2 3 2523 2698 2626
5365 2 2 2 3 2573 2705 2638
5366 2 2 2 3 2578 2701 2577
5367 2 2 2 3 19 2702 18
5368 2 2 2 3 19 2706 2702
5369 2 2 2 3 20 2706 19
5370 2 2 2 3 2503 2687 2670
5371 2 2 2 3 266 2704 2641
5372 2 2 2 3 2642 2703 263
5373 2 2 2 3 2555 2687 2678
5374 2 2 2 3 2566 2696 2680
5375 2 2 3 4 2724 2728 2710
5376 2 2 3 4 187 2742 328
5377 2 2 3 4 319 2741 258
5378 2 2 3 4 183 2717 2708
5379 2 2 3 4 2707 2725 262
5380 2 2 3 4 9 187 328
5381 2 2 3 4 319 258 14
5382 2 2 3 4 3 2717 183
5383 2 2 3 4 262 2725 1
5384 2 2 3 4 2713 2731 2729
5385 2 2 3 4 2720 2721 2709
5386 2 2 3 4 2728 2731 2710
5387 2 2 3 4 2723 2730 2714
5388 2 2 3 4 326 2730 325
5389 2 2 3 4 2709 2730 2720
5390 2 2 3 4 322 2731 321
5391 2 2 3 4 2729 2738 2713
5392 2 2 3 4 324 2732 323
5393 2 2 3 4 2714 2737 2723
5394 2 2 3 4 2721 2732 2709
5395 2 2 3 4 2729 2731 2728
5396 2 2 3 4 2714 2730 326
5397 2 2 3 4 2710 2732 2724
5398 2 2 3 4 328 2742 2733
5399 2 2 3 4 2734 2741 319
5400 2 2 3 4 325 2730 2709
5401 2 2 3 4 2727 2728 2724
5402 2 2 3 4 321 2731 2713
5403 2 2 3 4 2710 2731 322
5404 2 2 3 4 323 2732 2710
5405 2 2 3 4 2709 2732 324
5406 2 2 3 4 2716 2739 2737
5407 2 2 3 4 314 2717 3
5408 2 2 3 4 2715 2743 2740
5409 2 2 3 4 2716 2737 2733
5410 2 2 3 4 2722 2727 2724
5411 2 2 3 4 2739 2744 2737
5412 2 2 3 4 2720 2730 2723
5413 2 2 3 4 2738 2743 2715
5414 2 2 3 4 2722 2736 2727
5415 2 2 3 4 2734 2738 2715
5416 2 2 3 4 1 2725 318
5417 2 2 3 4 2724 2732 2721
5418 2 2 3 4 2711 2717 314
5419 2 2 3 4 327 2733 2714
5420 2 2 3 4 2707 2746 2725
5421 2 2 3 4 2727 2736 2712
5422 2 2 3 4 2725 2726 2712
5423 2 2 3 4 2712 2736 317
5424 2 2 3 4 2713 2734 320
5425 2 2 3 4 317 2736 316
5426 2 2 3 4 2733 2737 2714
5427 2 2 3 4 328 2733 327
5428 2 2 3 4 2711 2718 2717
5429 2 2 3 4 2726 2729 2728
5430 2 2 3 4 318 2725 2712
5431 2 2 3 4 320 2734 319
5432 2 2 3 4 321 2713 320
5433 2 2 3 4 327 2714 326
5434 2 2 3 4 316 2736 2735
5435 2 2 3 4 2720 2723 2718
5436 2 2 3 4 2717 2745 2708
5437 2 2 3 4 316 2735 315
5438 2 2 3 4 315 2711 314
5439 2 2 3 4 318 2712 317
5440 2 2 3 4 2726 2728 2727
5441 2 2 3 4 2735 2736 2722
5442 2 2 3 4 2722 2724 2721
5443 2 2 3 4 2719 2720 2718
5444 2 2 3 4 315 2735 2711
5445 2 2 3 4 2719 2735 2722
5446 2 2 3 4 325 2709 324
5447 2 2 3 4 323 2710 322
5448 2 2 3 4 2719 2721 2720
5449 2 2 3 4 2719 2722 2721
5450 2 2 3 4 2711 2735 2719
5451 2 2 3 4 2726 2727 2712
5452 2 2 3 4 183 2708 184
5453 2 2 3 4 261 2707 262
5454 2 2 3 4 2711 2719 2718
5455 2 2 3 4 259 2715 260
5456 2 2 3 4 185 2716 186
5457 2 2 3 4 2713 2738 2734
5458 2 2 3 4 2715 2741 2734
5459 2 2 3 4 2723 2745 2718
5460 2 2 3 4 2733 2742 2716
5461 2 2 3 4 2744 2745 2723
5462 2 2 3 4 184 2739 185
5463 2 2 3 4 260 2740 261
5464 2 2 3 4 2725 2746 2726
5465 2 2 3 4 261 2740 2707
5466 2 2 3 4 2708 2739 184
5467 2 2 3 4 185 2739 2716
5468 2 2 3 4 2715 2740 260
5469 2 2 3 4 2726 2746 2729
5470 2 2 3 4 258 2741 259
5471 2 2 3 4 186 2742 187
5472 2 2 3 4 259 2741 2715
5473 2 2 3 4 2716 2742 186
5474 2 2 3 4 2718 2745 2717
5475 2 2 3 4 2708 2744 2739
5476 2 2 3 4 2737 2744 2723
5477 2 2 3 4 2729 2743 2738
5478 2 2 3 4 2729 2746 2743
5479 2 2 3 4 2740 2743 2707
5480 2 2 3 4 2708 2745 2744
5481 2 2 3 4 2743 2746 2707
5482 2 2 3 5 316 315 24
5483 2 2 3 5 316 23 317
5484 2 2 3 5 24 315 25
5485 2 2 3 5 23 22 317
5486 2 2 3 5 24 23 316
5487 2 2 3 5 21 1 318
5488 2 2 3 5 314 3 26
5489 2 2 3 5 22 21 318
5490 2 2 3 5 317 22 318
5491 2 2 3 5 26 25 314
5492 2 2 3 5 25 315 314
$EndElements
