$MeshFormat
2.2 0 8
$EndMeshFormat
$PhysicalNames
7
0 6 "separation-inf"
0 7 "separation-sup"
1 4 "pressure"
1 5 "fixed"
2 1 "body"
2 2 "cover"
2 3 "scar"
$EndPhysicalNames
$Nodes
2646
1 0.6754664043757063 0.4998629534754574 0
2 0.6141515133169286 0.4966495761980856 0
3 0.5742063319267456 0.4945561379483682 0
4 0.4727903172005901 0.4892411498328348 0
5 0.3657340441691846 0.4358648610726302 0
6 0 0 0
7 0.06527036446661391 -1.301042606982605e-16 0
8 0.4040362663251333 0.4037254805883031 0
9 0.4754071150127369 0.4393096730951061 0
10 0.6780832021878531 0.4499314767377288 0
11 0.7306999999999999 0.4 0
12 0.7306999999999998 0 0
13 0.7806999999999999 0 0
14 0.7806999999999999 0.4 0
15 0.6652472558659099 0.4993273905958954 0
16 0.6550281073561137 0.4987918277163335 0
17 0.6448089588463174 0.4982562648367715 0
18 0.6345898103365211 0.4977207019572095 0
19 0.6243706618267248 0.4971851390776476 0
20 0.6119990676431163 0.4865230756099655 8.470305982969448e-20
21 0.6050717039289476 0.4788294461083853 1.467104069686226e-19
22 0.5952256417466959 0.4756302663781353 1.694065894508593e-19
23 0.5850991119823691 0.477782726917939 1.467104069686224e-19
24 0.5774054938226977 0.4847101032285738 8.470305982969398e-20
25 0.5629378858460617 0.4939655837133089 0
26 0.5516694397653777 0.4933750294782496 0
27 0.5404009936846939 0.4927844752431904 0
28 0.5291325476040099 0.4921939210081311 0
29 0.5178641015233258 0.4916033667730719 0
30 0.506595655442642 0.4910128125380126 0
31 0.495327209361958 0.4904222583029534 0
32 0.484058763281274 0.4898317040678941 0
33 0.4616518426009693 0.4882399415442681 0
34 0.4506189191303074 0.4864116543310513 0
35 0.4397528741687219 0.483766450872658 0
36 0.4291141074889027 0.480319034742299 0
37 0.4187617555191849 0.4760885686759448 0
38 0.4087533626290231 0.4710985680547374 0
39 0.3991445612640485 0.4653767701928799 0
40 0.3899887627087093 0.4589549801575751 0
41 0.3813368601954087 0.4518688939780374 0
42 0.3732369460104371 0.4441579002262833 0
43 0.3584193632858009 0.4271475638511777 0
44 0.3511046824024172 0.4184302666297251 0
45 0.3437900015190336 0.4097129694082725 0
46 0.3364753206356498 0.4009956721868199 0
47 0.3291606397522662 0.3922783749653673 0
48 0.3218459588688825 0.3835610777439147 0
49 0.3145312779854988 0.3748437805224621 0
50 0.3072165971021151 0.3661264833010095 0
51 0.2999019162187315 0.357409186079557 0
52 0.2925872353353478 0.3486918888581043 0
53 0.2852725544519641 0.3399745916366518 0
54 0.2779578735685805 0.3312572944151992 0
55 0.2706431926851968 0.3225399971937466 0
56 0.2633285118018131 0.313822699972294 0
57 0.2560138309184294 0.3051054027508415 0
58 0.2486991500350458 0.2963881055293889 0
59 0.2413844691516621 0.2876708083079362 0
60 0.2340697882682784 0.2789535110864836 0
61 0.2267551073848947 0.270236213865031 0
62 0.219440426501511 0.2615189166435784 0
63 0.2121257456181273 0.2528016194221258 0
64 0.2048110647347436 0.2440843222006732 0
65 0.1974963838513599 0.2353670249792206 0
66 0.1901817029679762 0.2266497277577679 0
67 0.1828670220845925 0.2179324305363153 0
68 0.1755523412012088 0.2092151333148627 0
69 0.1682376603178251 0.2004978360934101 0
70 0.1609229794344414 0.1917805388719575 0
71 0.1536082985510577 0.1830632416505049 0
72 0.146293617667674 0.1743459444290522 0
73 0.1389789367842903 0.1656286472075996 0
74 0.1316642559009066 0.156911349986147 0
75 0.1243495750175229 0.1481940527646943 0
76 0.1170348941341392 0.1394767555432417 0
77 0.1097202132507555 0.1307594583217891 0
78 0.1024055323673718 0.1220421611003365 0
79 0.0950908514839881 0.113324863878884 0
80 0.08777617060060444 0.1046075666574313 0
81 0.08046148971722072 0.09589026943597867 0
82 0.07314680883383701 0.08717297221452608 0
83 0.06583212795045329 0.07845567499307343 0
84 0.05851744706706957 0.06973837777162079 0
85 0.05120276618368591 0.06102108055016819 0
86 0.04388808530030225 0.05230378332871566 0
87 0.03657340441691853 0.04358648610726296 0
88 0.02925872353353487 0.03486918888581042 0
89 0.0219440426501511 0.02615189166435772 0
90 0.01462936176676743 0.01743459444290513 0
91 0.007314680883383662 0.00871729722145248 0
92 0.01087839407776897 0 0
93 0.02175678815553795 0 0
94 0.03263518223330691 0 0
95 0.04351357631107589 0 0
96 0.0543919703888449 0 0
97 0.07263484059397318 0.008776640882354192 0
98 0.07999931672133226 0.01755328176470861 0
99 0.08736379284869139 0.02632992264706302 0
100 0.09472826897605052 0.03510656352941743 0
101 0.1020927451034097 0.0438832044117719 0
102 0.1094572212307687 0.05265984529412632 0
103 0.1168216973581279 0.06143648617648073 0
104 0.124186173485487 0.07021312705883515 0
105 0.1315506496128461 0.07898976794118961 0
106 0.1389151257402052 0.08776640882354403 0
107 0.1462796018675643 0.09654304970589844 0
108 0.1536440779949235 0.1053196905882529 0
109 0.1610085541222825 0.1140963314706073 0
110 0.1683730302496417 0.1228729723529617 0
111 0.1757375063770008 0.1316496132353161 0
112 0.1831019825043599 0.1404262541176706 0
113 0.190466458631719 0.149202895000025 0
114 0.1978309347590781 0.1579795358823794 0
115 0.2051954108864372 0.1667561767647338 0
116 0.2125598870137964 0.1755328176470882 0
117 0.2199243631411554 0.1843094585294426 0
118 0.2272888392685146 0.193086099411797 0
119 0.2346533153958736 0.2018627402941514 0
120 0.2420177915232327 0.2106393811765058 0
121 0.2493822676505918 0.2194160220588602 0
122 0.2567467437779509 0.2281926629412146 0
123 0.26411121990531 0.236969303823569 0
124 0.2714756960326691 0.2457459447059234 0
125 0.2788401721600282 0.2545225855882778 0
126 0.2862046482873873 0.2632992264706322 0
127 0.2935691244147464 0.2720758673529866 0
128 0.3009336005421055 0.280852508235341 0
129 0.3082980766694647 0.2896291491176956 0
130 0.3156625527968239 0.29840579000005 0
131 0.323027028924183 0.3071824308824044 0
132 0.3303915050515422 0.3159590717647589 0
133 0.3377559811789013 0.3247357126471133 0
134 0.3451204573062605 0.3335123535294678 0
135 0.3524849334336195 0.3422889944118223 0
136 0.3598494095609788 0.3510656352941767 0
137 0.3672138856883378 0.3598422761765311 0
138 0.3745783618156969 0.3686189170588855 0
139 0.381942837943056 0.3773955579412399 0
140 0.3893073140704152 0.3861721988235943 0
141 0.3966717901977742 0.3949488397059487 0
142 0.4110181034325398 0.4112289776368577 0
143 0.4187313157060478 0.4179784127077235 0
144 0.4270948769943219 0.4239028839861847 0
145 0.4360209293260504 0.4289401557798515 0
146 0.445415705844908 0.4330373122953815 0
147 0.4551805158164786 0.4361513135110431 0
148 0.4652127813597885 0.4382494473057628 0
149 0.4866668976335767 0.439899773297474 0
150 0.4979266802544164 0.440489873499842 0
151 0.5091864628752563 0.4410799737022099 0
152 0.520446245496096 0.4416700739045778 0
153 0.5317060281169358 0.4422601741069457 0
154 0.5429658107377755 0.4428502743093137 0
155 0.5542255933586153 0.4434403745116816 0
156 0.5654853759794551 0.4440304747140495 0
157 0.576745158600295 0.4446205749164174 0
158 0.5880049412211348 0.4452106751187854 0
159 0.5992647238419746 0.4458007753211533 0
160 0.6105245064628143 0.4463908755235212 0
161 0.6217842890836541 0.4469809757258891 0
162 0.6330440717044939 0.4475710759282571 0
163 0.6443038543253337 0.448161176130625 0
164 0.6555636369461734 0.4487512763329929 0
165 0.6668234195670132 0.4493413765353608 0
166 0.6896278447399321 0.4491964794299314 0
167 0.7006946012159873 0.4458281127934987 0
168 0.7106910947343958 0.4400066774005602 0
169 0.7190822370179006 0.432043780699251 0
170 0.7254188703833169 0.4223656574157815 0
171 0.7293618100730225 0.4114903542337509 0
172 0.7306999999999999 0.3885714285714286 0
173 0.7306999999999999 0.3771428571428571 0
174 0.7306999999999999 0.3657142857142857 0
175 0.7306999999999999 0.3542857142857143 0
176 0.7306999999999999 0.3428571428571428 0
177 0.7306999999999999 0.3314285714285714 0
178 0.7306999999999999 0.32 0
179 0.7306999999999999 0.3085714285714285 0
180 0.7306999999999999 0.2971428571428571 0
181 0.7306999999999999 0.2857142857142857 0
182 0.7306999999999999 0.2742857142857142 0
183 0.7306999999999999 0.2628571428571428 0
184 0.7306999999999999 0.2514285714285713 0
185 0.7306999999999999 0.2399999999999998 0
186 0.7306999999999999 0.2285714285714284 0
187 0.7306999999999999 0.2171428571428569 0
188 0.7306999999999999 0.2057142857142855 0
189 0.7306999999999999 0.194285714285714 0
190 0.7306999999999999 0.1828571428571427 0
191 0.7306999999999999 0.1714285714285712 0
192 0.7306999999999999 0.1599999999999998 0
193 0.7306999999999999 0.1485714285714284 0
194 0.7306999999999999 0.137142857142857 0
195 0.7306999999999999 0.1257142857142856 0
196 0.7306999999999999 0.1142857142857142 0
197 0.7306999999999999 0.1028571428571428 0
198 0.7306999999999999 0.09142857142857141 0
199 0.7306999999999999 0.08000000000000007 0
200 0.7306999999999999 0.06857142857142867 0
201 0.7306999999999999 0.05714285714285727 0
202 0.7306999999999999 0.04571428571428587 0
203 0.7306999999999999 0.03428571428571447 0
204 0.7306999999999999 0.02285714285714302 0
205 0.7306999999999999 0.01142857142857151 0
206 0.7406999999999998 0 0
207 0.7506999999999999 0 0
208 0.7606999999999999 0 0
209 0.7706999999999999 0 0
210 0.7806999999999999 0.01142857142857144 0
211 0.7806999999999999 0.02285714285714288 0
212 0.7806999999999999 0.03428571428571432 0
213 0.7806999999999999 0.04571428571428577 0
214 0.7806999999999999 0.0571428571428572 0
215 0.7806999999999999 0.06857142857142863 0
216 0.7806999999999999 0.08000000000000006 0
217 0.7806999999999999 0.0914285714285715 0
218 0.7806999999999999 0.1028571428571429 0
219 0.7806999999999999 0.1142857142857144 0
220 0.7806999999999999 0.1257142857142858 0
221 0.7806999999999999 0.1371428571428573 0
222 0.7806999999999999 0.1485714285714287 0
223 0.7806999999999999 0.1600000000000002 0
224 0.7806999999999999 0.1714285714285717 0
225 0.7806999999999999 0.1828571428571431 0
226 0.7806999999999999 0.1942857142857145 0
227 0.7806999999999999 0.205714285714286 0
228 0.7806999999999999 0.2171428571428574 0
229 0.7806999999999999 0.2285714285714288 0
230 0.7806999999999999 0.2400000000000002 0
231 0.7806999999999999 0.2514285714285716 0
232 0.7806999999999999 0.262857142857143 0
233 0.7806999999999999 0.2742857142857144 0
234 0.7806999999999999 0.2857142857142858 0
235 0.7806999999999999 0.2971428571428572 0
236 0.7806999999999999 0.3085714285714286 0
237 0.7806999999999999 0.32 0
238 0.7806999999999999 0.3314285714285714 0
239 0.7806999999999999 0.3428571428571427 0
240 0.7806999999999999 0.3542857142857141 0
241 0.7806999999999999 0.3657142857142855 0
242 0.7806999999999999 0.377142857142857 0
243 0.7806999999999999 0.3885714285714285 0
244 0.7800286514924181 0.4115680159360948 0
245 0.7780236201460451 0.4229807084675019 0
246 0.7747118274569218 0.4340848397122524 0
247 0.7701377407666337 0.4447313148315632 0
248 0.764362776200642 0.454777183921787 0
249 0.7574644740358012 0.4640875613985023 0
250 0.7495354575693756 0.4725374371012285 0
251 0.7406821894687915 0.4800133548011204 0
252 0.7310235423005802 0.4864149355743653 0
253 0.7206892024319744 0.4916562255869974 0
254 0.7098179287359266 0.4956668501944612 0
255 0.6985556894798641 0.4983929588598628 0
256 0.6870537024141186 0.4997979482035217 0
257 0.6041652179693829 0.4961262166356563 0
258 0.5941789226218371 0.4956028570732269 0
259 0.5841926272742914 0.4950794975107976 0
260 0.07674328921718956 0 0
261 0.08821621396776522 0 0
262 0.09968913871834086 0 0
263 0.1111620634689165 0 0
264 0.1226349882194922 0 0
265 0.1341079129700678 0 0
266 0.1455808377206435 0 0
267 0.1570537624712191 0 0
268 0.1685266872217948 0 0
269 0.1799996119723704 0 0
270 0.1914725367229461 0 0
271 0.2029454614735217 0 0
272 0.2144183862240973 0 0
273 0.225891310974673 0 0
274 0.2373642357252487 0 0
275 0.2488371604758243 0 0
276 0.2603100852264 0 0
277 0.2717830099769756 0 0
278 0.2832559347275512 0 0
279 0.2947288594781268 0 0
280 0.3062017842287024 0 0
281 0.317674708979278 0 0
282 0.3291476337298536 0 0
283 0.3406205584804292 0 0
284 0.3520934832310048 0 0
285 0.3635664079815804 0 0
286 0.375039332732156 0 0
287 0.3865122574827317 0 0
288 0.3979851822333073 0 0
289 0.4094581069838829 0 0
290 0.4209310317344584 0 0
291 0.432403956485034 0 0
292 0.4438768812356096 0 0
293 0.4553498059861853 0 0
294 0.4668227307367609 0 0
295 0.4782956554873365 0 0
296 0.489768580237912 0 0
297 0.5012415049884876 0 0
298 0.5127144297390633 0 0
299 0.5241873544896389 0 0
300 0.5356602792402145 0 0
301 0.5471332039907901 0 0
302 0.5586061287413657 0 0
303 0.5700790534919413 0 0
304 0.5815519782425169 0 0
305 0.5930249029930925 0 0
306 0.6044978277436681 0 0
307 0.6159707524942437 0 0
308 0.6274436772448193 0 0
309 0.638916601995395 0 0
310 0.6503895267459706 0 0
311 0.6618624514965461 0 0
312 0.6733353762471217 0 0
313 0.6848083009976974 0 0
314 0.696281225748273 0 0
315 0.7077541504988486 0 0
316 0.7192270752494242 0 0
317 0.4471480809602904 0.4432604899135982 0
318 0.4185105971026891 0.427683592083232 0
319 0.6715255744079137 0.4908785541680615 0
320 0.4695755198167234 0.4476817483915935 0
321 0.4013326954116195 0.4140252368168917 0
322 0.6494973658124704 0.4902173669874197 0
323 0.7557139384887566 0.006819467089278386 0
324 0.558875120555097 0.4528045009538612 0
325 0.4917857471779675 0.4499460811893957 0
326 0.5143053124196472 0.4511262815941315 0
327 0.5368672799530805 0.4522956860972913 0
328 0.4174449347645048 0.4656718119512068 0
329 0.3620431907117103 0.4159104249657337 0
330 0.3483368246679022 0.3997414190101147 0
331 0.3350657303850101 0.3811407591580185 0
332 0.7405459109314897 0.08571161262447546 0
333 0.7711633588453659 0.3138188655097702 0
334 0.770802566813892 0.2114285714285717 0
335 0.7711633588453659 0.3490382773473725 0
336 0.7690893136233589 0.2902120888042929 0
337 0.7711633588453658 0.1766760083669134 0
338 0.7406117818639242 0.06289855771302372 0
339 0.770802566813892 0.3714285714285713 0
340 0.7708025668138921 0.2685714285714287 0
341 0.7691736478649455 0.2469201783074914 0
342 0.7691736478649454 0.1187941074067944 0
343 0.7405974331861077 0.04000000000000037 0
344 0.770802566813892 0.1542857142857145 0
345 0.7405974331861078 0.3942857142857144 0
346 0.3190983611797865 0.3651855520875241 0
347 0.3048958670551033 0.3479312662927699 0
348 0.2902340560322754 0.3304564829030366 0
349 0.2755724057660854 0.3129815925826973 0
350 0.2609108545008982 0.2955066505751918 0
351 0.2452765295560879 0.2769774602316235 0
352 0.23064716778932 0.2595428657887178 0
353 0.2160178060225529 0.2421082713458129 0
354 0.2013884442557857 0.2246736769029078 0
355 0.1867590824890178 0.207239082460002 0
356 0.1721297207222504 0.1898044880170967 0
357 0.1575003589554836 0.1723698935741923 0
358 0.1428709971887159 0.1549352991312865 0
359 0.1282416354219481 0.1375007046883809 0
360 0.1142052935442189 0.1208522913050196 0
361 0.09941322239120842 0.1034250150546885 0
362 0.08396391372502654 0.08425245075234483 0
363 0.0701215319815115 0.06759222534530041 0
364 0.05465904633058427 0.05027048864452471 0
365 0.7214339881481026 0.4439105165253313 0
366 0.6976494209760318 0.4575402380556357 0
367 0.7367844377438775 0.4197170237314782 0
368 0.04005037566767977 0.03214073789317873 0
369 0.6389731485675235 0.4571902945672603 0
370 0.6303599002380071 0.4862685177369094 0
371 0.4477082591662033 0.4752162066754256 0
372 0.3899607906493948 0.4474445743810243 0
373 0.6601973919887296 0.4584322248320897 0
374 0.5471368597040926 0.4837117695424692 0
375 0.4791194564211347 0.4786556923600046 0
376 0.5014681334442618 0.4809579473159535 0
377 0.5235684658381821 0.4823893781833167 0
378 0.7402366411546339 0.1995331512240558 0
379 0.7405974331861077 0.1428571428571426 0
380 0.7403350311031515 0.2347402080254064 0
381 0.7417130021647024 0.3028571428571429 0
382 0.7711633588453658 0.09667600836691326 0
383 0.7405974331861077 0.3257142857142857 0
384 0.7405974331861077 0.1085714285714284 0
385 0.7405974331861078 0.28 0
386 0.7690644454366885 0.07312662866883457 0
387 0.770802566813892 0.05142857142857171 0
388 0.7422263521350545 0.3612058925932055 0
389 0.7405974331861077 0.1657142857142855 0
390 0.7405974331861078 0.2571428571428571 0
391 0.3781136252487213 0.3885732439653807 0
392 0.3785919979979447 0.4325668011261277 0
393 0.3631427714936952 0.3705168070295171 0
394 0.7216622073575978 0.4799705667898388 0
395 0.6903670779513588 0.4899001087799043 0
396 0.7585502806484111 0.4447529833565714 0
397 0.7694677918268905 0.4152354423993523 0
398 0.3485883236136801 0.3529684738900171 0
399 0.3337874171971411 0.3355162592562181 0
400 0.3190584967663684 0.3179629565456195 0
401 0.3043295920079055 0.3004096548091763 0
402 0.2896006549293281 0.2828563937635469 0
403 0.2748715737948056 0.2653032399057846 0
404 0.2601422166106533 0.247750231828489 0
405 0.2454126245073303 0.2301972363802596 0
406 0.2306833820456909 0.2126437532362685 0
407 0.2159559329103808 0.1950888978062173 0
408 0.2012321095219035 0.17753205712446 0
409 0.186511700133187 0.1599747508565242 0
410 0.1717875223828164 0.1424233340425117 0
411 0.1570644358888361 0.1248761899120183 0
412 0.14229853621675 0.1073473206920506 0
413 0.1274438421016989 0.08986133156825971 0
414 0.6151982351968286 0.476677014179589 0
415 0.1124464741736585 0.07236295117202723 0
416 0.06871628469364144 0.01954278473538928 0
417 0.09817418920307697 0.05464934826480577 0
418 0.08368990598077442 0.03787176103080392 0
419 0.7691077138332751 0.02972585570478153 0
420 0.7708818756941794 0.3941483472755651 0
421 0.7463404095326092 0.461194257089203 0
422 0.5755526647575734 0.4748743561441596 0
423 0.0490750726632333 0.009756298438776345 0
424 0.6029192437554903 0.4687029162661891 0
425 0.588298291356419 0.4679366646199508 0
426 0.6142521062815695 0.464805059673115 0
427 0.6237994805214645 0.469936336215025 0
428 0.5785851756018325 0.4628513103456704 0
429 0.7392621511191216 0.01694465175640825 0
430 0.5680134814191153 0.46676762389211 0
431 0.5631629879451752 0.4765608357044666 0
432 0.5569735133116406 0.4700194013583147 0
433 0.6869010266086075 0.4600906776187338 0
434 0.6953227627528374 0.4681843253038138 0
435 0.6843881887874357 0.4713415296791035 0
436 0.7057026689745942 0.4655682483868914 0
437 0.7036175336689134 0.4764690627806006 0
438 0.0253466223423271 0.0157765097896469 0
439 0.7324794626817044 0.4303683032378819 0
440 0.7440845693303595 0.428975024646469 0
441 0.7481020911191311 0.4173850585297452 0
442 0.739157636914846 0.4392101252012834 0
443 0.7556556369991223 0.4271719716318749 0
444 0.6762913889232655 0.4637522105160809 0
445 0.6750447840497246 0.4735977091263093 0
446 0.596255958195347 0.4587970001229024 0
447 0.7134826189156536 0.4505103735789021 0
448 0.7244200473985691 0.4544853647065598 0
449 0.7414367448633776 0.4062877235053358 0
450 0.7539589502543271 0.406934780328904 0
451 0.4589003735383747 0.4460745701243263 0
452 0.4633446371256813 0.456056833115198 0
453 0.4737369931224645 0.4571358032217353 0
454 0.467742147938681 0.4652950325733301 0
455 0.4525469630227385 0.4543834114862519 0
456 0.4419437673146026 0.4527385416272248 0
457 0.4354745424748068 0.4434694007657548 0
458 0.431347915287377 0.4523310918474481 0
459 0.4354959331177021 0.461704715754842 0
460 0.4254519214394381 0.4432295957827681 0
461 0.420621264460166 0.4514419185175897 0
462 0.4148796118617785 0.442877047148276 0
463 0.4105538181818421 0.4517521932971272 0
464 0.4048793711002826 0.4423256671442047 0
465 0.4791500956774555 0.466247092851898 0
466 0.4094395885547218 0.4212678063047764 0
467 0.3991339932195911 0.424394607813863 0
468 0.3910495927701276 0.4168061277475004 0
469 0.3884644263133338 0.4271644907494906 0
470 0.3806741964695218 0.4198106889486851 0
471 0.3831526472928665 0.4090821389554142 0
472 0.6229946115942749 0.4597576506563211 0
473 0.3972754058812429 0.4341281158589719 0
474 0.6802385914862734 0.4825692020502899 0
475 0.3937107509234411 0.4061323878951098 0
476 0.3859202430907006 0.3976094540491119 0
477 0.3745829790515771 0.3994712842789185 0
478 0.3668000362807457 0.3906271822391733 0
479 0.3627043542104122 0.4017433057090583 0
480 0.06070236175126975 0.009615200726451834 0
481 0.05466789815778972 0.01957027055672989 0
482 0.0620131617117391 0.02925838213703624 0
483 0.04292388844061501 0.01919038797271466 0
484 0.07339142488972994 0.03018825916183776 0
485 0.07365743481361398 0.04233454886333221 0
486 0.0820190656021661 0.04878676114086067 0
487 0.07192987246200133 0.0534000860437891 0
488 0.08086167208952555 0.06047039854423475 0
489 0.08183359926396749 0.07218451507834595 0
490 0.0922517461753869 0.06518838725513804 0
491 0.6495012204540925 0.4581674778246039 0
492 0.6437415890234384 0.4672909963758976 0
493 0.6543951069536437 0.4678852399575466 0
494 0.6484662271273097 0.4771824231105625 0
495 0.6592883964868758 0.4778069956604524 0
496 0.6376527311566117 0.4766646496616357 0
497 0.7403114352630171 0.02851651968522911 0
498 0.7500950103291179 0.03462742392056489 0
499 0.750542324861829 0.04553601799085233 0
500 0.760901286500357 0.04013629638926175 0
501 0.3697952897805202 0.4237945227810314 0
502 0.3719129249807012 0.4104046689694932 0
503 0.7501462861605244 0.02279118711361378 0
504 0.7718647318125501 0.01716914585939133 0
505 0.570154931487574 0.4551537630555691 0
506 0.5480444833674999 0.4524565743978205 0
507 0.5419329634075445 0.4620058971525269 0
508 0.5316725596752288 0.461951059427844 0
509 0.5361375727940172 0.4715047616671139 0
510 0.03302006141473279 0.02412826170209409 0
511 0.04741327329283251 0.04133954650522781 0
512 0.3705846088435343 0.3794880913492725 0
513 0.3589300202792904 0.3811968398614388 0
514 0.3524636795544727 0.3724267154102627 0
515 0.3475990647935296 0.382694005634129 0
516 0.490169982140537 0.4803857576364131 0
517 0.496629339655455 0.4711248745486885 0
518 0.5076550758497871 0.4715561324201611 0
519 0.5024237952717679 0.4614485347350283 0
520 0.1055375094145738 0.0634194336225502 0
521 0.1009691510007502 0.07432217961177728 0
522 0.1083046403231257 0.0831047736281465 0
523 0.09652792755848527 0.08426766796200474 0
524 0.1198257023905079 0.08121121561684752 0
525 0.1159598197779171 0.09186677024135737 0
526 0.1233682657907335 0.100650401878591 0
527 0.1114888408481954 0.1019987743093155 0
528 0.1347818985527113 0.09866372582044081 0
529 0.1309307338985692 0.1093637867546422 0
530 0.1383066653955419 0.1181364691010942 0
531 0.1264071869519224 0.1195077233634937 0
532 0.1496419398250348 0.1161380846083605 0
533 0.1457858644222946 0.1268477395422963 0
534 0.1531789171730632 0.1356063764969055 0
535 0.1411116696864047 0.1368536128560679 0
536 0.1644202893571794 0.1336512109228897 0
537 0.160557219240327 0.1443539893859392 0
538 0.1679114841758674 0.1531243024683621 0
539 0.1565908398251066 0.1551788757698327 0
540 0.1791476873525119 0.1511950688676108 0
541 0.1752786284730884 0.1618897199985591 0
542 0.1826248679095005 0.1706701431312267 0
543 0.170514991465321 0.1718413780992448 0
544 0.1938653589235548 0.1687520480878599 0
545 0.1899942652391571 0.179441607632997 0
546 0.1973417484762197 0.188227183787212 0
547 0.1851999202921917 0.1893516010477439 0
548 0.2085765983045549 0.1863232284046811 0
549 0.204714868483178 0.1969998120301269 0
550 0.2120668424255241 0.2057847170233707 0
551 0.1998912675864624 0.2068653526639635 0
552 0.223301832305408 0.203880434237168 0
553 0.219443460669573 0.2145548300456564 0
554 0.2267975314686314 0.223339007799582 0
555 0.2145883117422702 0.2243786376052907 0
556 0.2380307259430349 0.2214344896173602 0
557 0.2341752409849416 0.2321075610655486 0
558 0.2415298510514847 0.2408910867182281 0
559 0.2292874987795111 0.2418910349478798 0
560 0.2527607540645429 0.2389871971765807 0
561 0.2489074602359278 0.2496590982017545 0
562 0.2562618124978902 0.2584423968731307 0
563 0.2439866848238577 0.2594028959462954 0
564 0.2674906193988356 0.2565397608004477 0
565 0.2636390404896526 0.2672104319419703 0
566 0.2709929548532068 0.2759938161710733 0
567 0.2586851678146216 0.2769146832649407 0
568 0.2822294269040884 0.2740800140074944 0
569 0.2783714831306708 0.284759925867599 0
570 0.2857237409609195 0.2935452623129969 0
571 0.2735508059077583 0.2946086792596528 0
572 0.2969586218330172 0.2916330221134497 0
573 0.2931019660276286 0.3023117772448457 0
574 0.3004539402039669 0.3110973806289491 0
575 0.2882536184336316 0.3121276127021916 0
576 0.31168767357882 0.3091861854563682 0
577 0.3078321584402317 0.3198639508763609 0
578 0.3151839535264568 0.3286497375197675 0
579 0.3029561996466694 0.3296467813706598 0
580 0.3264167081809099 0.3267393877535513 0
581 0.3225621926163056 0.3374163132449162 0
582 0.3299138293597382 0.3462022541027451 0
583 0.3176586266276292 0.3471661306923541 0
584 0.3411122345659492 0.3443372649911977 0
585 0.3368506628048021 0.354742865682925 0
586 0.5126787873601355 0.4815980396187185 0
587 0.5178908326889364 0.4719461799738882 0
588 0.7406207818317949 0.05142754598571042 0
589 0.750402762398802 0.05717757633505538 0
590 0.7500769293293833 0.06817396303698087 0
591 0.7609304972113862 0.0626778161868452 0
592 0.7708025668138921 0.2228571428571431 0
593 0.7609963903927959 0.2171428571428575 0
594 0.7592892513595535 0.2297773211646343 0
595 0.7602103278658751 0.2066853500671598 0
596 0.7508446059496222 0.2120929139264922 0
597 0.7405974331861077 0.3371428571428571 0
598 0.7504948663722156 0.3314285714285714 0
599 0.7522081195627488 0.3440736254814213 0
600 0.7505874719006316 0.3209400259161291 0
601 0.7605807366902351 0.326377281618914 0
602 0.740537301180862 0.1884936204421044 0
603 0.750336280226067 0.1940190353751648 0
604 0.7505510188753991 0.1837397542666262 0
605 0.7603922995583232 0.1885714285714281 0
606 0.7708626988191376 0.165636477584962 0
607 0.7610064123936701 0.1599870319784464 0
608 0.7610132701871102 0.148569267234503 0
609 0.7510077004416762 0.1542857142857145 0
610 0.7610050850318257 0.1703708979521352 0
611 0.7708626988191377 0.3600778081293239 0
612 0.7611775577116148 0.3661817474755318 0
613 0.7609505376417559 0.377220767436398 0
614 0.7510077004416763 0.3714285714285712 0
615 0.7510077004416763 0.3828571428571427 0
616 0.7600662169838549 0.3545774815243319 0
617 0.7405974331861079 0.1199999999999998 0
618 0.7502324642892594 0.1138312205460218 0
619 0.7516462113488825 0.1256865524426122 0
620 0.7521706335508979 0.1015757325557655 0
621 0.7603922995583234 0.1085714285714281 0
622 0.7705730119229368 0.08544329664881539 0
623 0.7609051336277839 0.09142857142857197 0
624 0.7605158644618174 0.08078887623752962 0
625 0.7410632051110094 0.3489751577743425 0
626 0.7410619892175675 0.2227598663557621 0
627 0.7405209592662505 0.2909740776888793 0
628 0.7504948663722155 0.2857142857142858 0
629 0.750403609607204 0.2742857142857144 0
630 0.7612100764807901 0.2795900433387815 0
631 0.7405822237252725 0.2685714285714286 0
632 0.7503858652362296 0.2628571428571429 0
633 0.7502142974332617 0.2518830651682636 0
634 0.7611926091371874 0.2575905457929645 0
635 0.7599019605240481 0.3370373760683963 0
636 0.7706223370874126 0.1312275893297038 0
637 0.7707905512860331 0.1428232856178441 0
638 0.7594286770047882 0.1358991454143993 0
639 0.7689900556573719 0.1989222408547035 0
640 0.7405363935209865 0.314896879011428 0
641 0.7405069380157894 0.2458657836275164 0
642 0.7513623618663821 0.2402865738782631 0
643 0.7405269219325961 0.1309694554769335 0
644 0.7705771566207156 0.3025765876237725 0
645 0.7599703977896055 0.2978767702223747 0
646 0.7607848255647447 0.3076044440944963 0
647 0.770802566813892 0.3828571428571428 0
648 0.7703530233760408 0.2346876784834497 0
649 0.7610602613944613 0.3884867180611511 0
650 0.7407768839084401 0.09692884324432594 0
651 0.7403343678528077 0.1777314847625758 0
652 0.5262011288141545 0.451524132611 0
653 0.3257380192733081 0.3728677296676016 0
654 0.3369548901887443 0.3708831790459359 0
655 0.4800117942186465 0.4485918248504709 0
656 0.7613087028895523 0.02285842302796276 0
657 0.7404274351232321 0.07421565804916935 0
658 0.6602535709175373 0.4888294959107065 0
659 0.6399532694380621 0.4885405924954856 0
660 0.5355314952721101 0.4820970540261948 0
661 0.06215191515594753 0.05892422849382484 0
662 0.5031255995998111 0.4488181489441215 0
663 0.5134383705563706 0.46257680878309 0
664 0.4091495614128625 0.4326543995369182 0
665 0.3560535057110767 0.3617147642007057 0
666 0.4909840215254643 0.4615269131050018 0
667 0.0381990784301508 0.008651252056033842 0
668 0.4563028290284259 0.4669175211519244 0
669 0.4621762983159765 0.4748492274527994 0
670 0.4461573986766766 0.4637676190106799 0
671 0.6660573840446414 0.4687589183955409 0
672 0.1491893324103759 0.1459597919970801 0
673 0.1637696458604476 0.1634098516064475 0
674 0.1501641928654509 0.1640201493412099 0
675 0.1652857549681447 0.1815800292652437 0
676 0.1333952223738283 0.1279954247525838 0
677 0.1780055050902759 0.1806462452970013 0
678 0.1362379109376457 0.1467258019039428 0
679 0.1799270972408266 0.19904105508846 0
680 0.05757928020270031 0.03911403765520149 0
681 0.7724423134295049 0.04025814470452299 0
682 0.1926990408012911 0.1981612857391805 0
683 0.7642470056838737 0.01016792217468826 0
684 0.3420872474395149 0.3914311022368353 0
685 0.2068472779147431 0.2154204561933073 0
686 0.1940517179010151 0.2163376553896418 0
687 0.2215312814292645 0.2329226460960488 0
688 0.2086799909388252 0.2337882829239915 0
689 0.3435969425722526 0.3646726254726517 0
690 0.3555016079834879 0.3916069034253372 0
691 0.2362165490525175 0.2504235592972428 0
692 0.223310614868332 0.2512369800091689 0
693 0.7471450201311921 0.01012562731525546 0
694 0.7499299886145955 0.07993838634910716 0
695 0.1186931644800484 0.1106956673365347 0
696 0.7587158875572533 0.05139125566611724 0
697 0.2509018070158799 0.2679239789968231 0
698 0.2379422825302308 0.2686847382045807 0
699 0.2657824384857356 0.2856367892991685 0
700 0.7724395018923933 0.06258946039970747 0
701 0.2528328903280489 0.2862812504923466 0
702 0.1212200470657702 0.1292851756533947 0
703 0.7707446765479363 0.1868947641895636 0
704 0.7518956987496325 0.222733228093226 0
705 0.7520618266536017 0.3028105285776599 0
706 0.7499473257821457 0.3542857142857142 0
707 0.7519022439303633 0.1654185156870176 0
708 0.7713501074039619 0.3257142857142856 0
709 0.7704366786038478 0.3370051873576887 0
710 0.7725003913836082 0.2796747121429007 0
711 0.7401787516533167 0.2109174464802382 0
712 0.7403774126420909 0.3721959708468037 0
713 0.7615428866521647 0.2400058829647167 0
714 0.7707752752491986 0.106873408614912 0
715 0.7520111452510934 0.1431059214586783 0
716 0.7503861404421923 0.09039120696159442 0
717 0.772513764763205 0.2574735733915199 0
718 0.7393716378851911 0.1542857142857142 0
719 0.738676509253975 0.3830106227407893 0
720 0.7619377520733228 0.1257760864310712 0
721 0.7587989454550607 0.2685789749692064 0
722 0.7617168233040423 0.3995244960492382 0
723 0.2805013788396023 0.3031753941591718 0
724 0.2683129646224312 0.3042000698833082 0
725 0.2951931339769104 0.3206849170135965 0
726 0.7515744641570268 0.3948345424908954 0
727 0.2829757134104467 0.3216746494684113 0
728 0.3098849365075296 0.3381944432434131 0
729 0.2976384748381483 0.3391492423841059 0
730 0.3240513100732877 0.3556618880397358 0
731 0.3121371130427756 0.3565800844154917 0
732 0.6247255780101703 0.4799760788535133 0
733 0.5466210905639279 0.4726418393610073 0
734 0.3535958107022951 0.4091076771445809 0
735 0.05074480682511595 0.02980293410261525 0
736 0.3826012054077104 0.4420481522932136 0
737 0.1068828175191718 0.1120564621641298 0
738 0.3999539154032691 0.4527776336831538 0
739 0.437559869503097 0.4725805013368373 0
740 0.4273696713644433 0.4693159472131586 0
741 0.1037886048755839 0.09318445597048053 0
742 0.5577246188458291 0.4851648057879004 0
743 0.09152257450599155 0.09435572595974345 0
744 0.5824280745871646 0.4531462752003284 0
745 0.7711187446795651 0.4049260897117572 0
746 0.6330196261513393 0.4662320661302248 0
747 0.7322438274009598 0.4474327486019145 0
748 0.7353322535794771 0.4579260023371525 0
749 0.7258349515818916 0.4673597427269766 0
750 0.7149729691718058 0.4611715038946668 0
751 0.7380016103679145 0.4688804200025143 0
752 0.7451623197352273 0.448913132963351 0
753 0.6926057054174591 0.4788893758000188 0
754 0.4287167994391988 0.4341602192471004 0
755 0.01741476798811603 0.007893597332030267 0
756 0.6062876650708469 0.4565913470359461 0
757 0.7588318781133382 0.4161272287838049 0
758 0.7506499098509162 0.4376682340784994 0
759 0.7137968653073459 0.4726580888606286 0
760 0.7014570791964004 0.4877411968600771 0
761 0.7119438846738984 0.4844173738377494 0
762 0.7629379653823172 0.4357372183079972 0
763 0.766981246630618 0.4254489200323947 0
764 0.7543760520305381 0.4547450237458829 0
765 0.7314409002153551 0.4765278039789631 0
766 0.09161410712791607 0.04585641211855546 0
767 0.6809302701270742 0.492601753335447 0
768 0.09110926754472337 0.0760430401319222 0
769 0.6201341593719626 0.4872132336092851 0
770 0.4082159126804147 0.4611240438718806 0
771 0.4696316268302695 0.4807142629085156 0
772 0.6687347168988277 0.4804068125518934 0
773 0.5523182266691741 0.4618822973401948 0
774 0.6147496792241635 0.4549981486084178 0
775 0.5684983305240138 0.4849719704211296 0
776 0.4872105790840093 0.4715880661004012 0
777 0.06438932197504077 0.04673952154885619 0
778 0.4245829790002486 0.4596831715055404 0
779 0.4830665195455455 0.4569433507190777 0
780 0.08898415603961429 0.05499026146471891 0
781 0.6695679135302395 0.4578457598839234 0
782 0.331048364348697 0.3640023066660624 0
783 0.0275620744632008 0.007285100823175961 0
784 0.07477222738050737 0.07838156248506667 0
785 0.5276633289262722 0.4728175184956808 0
786 0.5221189096344349 0.4604008733081156 0
787 0.7585770110790786 0.03115002976575793 0
788 0.7587168784651293 0.1181722100745173 0
789 0.7493548829734235 0.2945184958606906 0
790 0.748900051924826 0.1347511062897851 0
791 0.7501690203527395 0.3111723350354068 0
792 0.758756291922934 0.2478779833921844 0
793 0.7527984827047393 0.3618761903119516 0
794 0.7488862005906325 0.2309758817670466 0
795 0.7500590398316369 0.1739937809231678 0
796 0.587760454358135 0.4594048136556985 0
797 0.7629619075594848 0.4082178509442999 0
798 0.7580509705714547 0.1979298660879642 0
799 0.7491636314836814 0.2030736559217232 0
800 0.762582976650291 0.3453167512466249 0
801 0.7618846781589147 0.3173467325279478 0
802 0.7587750879595506 0.2886274787729073 0
803 0.7629216273263836 0.1007481785629354 0
804 0.7611867984802648 0.180045375565879 0
805 0.4199283621697314 0.4359039604051035 0
806 0.758420327499063 0.07210311778849099 0
807 0.7377076166660902 0.007638257023511841 0
808 0.7736508122573387 0.00767760801777051 0
809 0.06630289521526833 0.03680671710004058 0
810 0.7557121906707798 0.01455252534415974 0
811 0.4718085806298387 0.47299027355027 0
812 0.5612670546885202 0.46132551732001 0
813 0.4547553957247716 0.479374238194048 0
814 0.7066006628527799 0.4564472051080424 0
815 0.3885123485605891 0.4360522819030241 0
816 0.6303184797494263 0.4552870803977622 0
817 0.7290165861328977 0.4388094665168493 0
818 0.5907428304407512 0.4524719078837736 0
819 0.6299114632155186 0.4758155297194617 0
820 0.343786084079311 0.3748269089188864 0
821 0.5536597891080504 0.4773402399853607 0
822 0.4385412720863298 0.4361433332845576 0
823 0.03373612061120812 0.01583649358043249 0
824 0.4157618421553272 0.4577871580753602 0
825 0.3965999363958317 0.4423923336487662 0
826 0.653178965166325 0.4829061716833722 0
827 0.6449100370253813 0.4828204730749159 0
828 0.5970054338919959 0.4850042089413653 0
829 0.5888512052233145 0.4856349433416729 0
830 0.6045671353593187 0.4884572468138095 0
831 0.7214798307672777 0.2115874250446448 0
832 0.3637595103621023 0.3403375033508017 0
833 0.5185136098702136 0.009954945544958349 0
834 0.5265871785725449 0.4322138662150241 0
835 0.4493965302345105 0.0116613543074256 0
836 0.3195994235096237 0.2876862173802657 0
837 0.7218011281429466 0.2699511331394149 0
838 0.5774124305551065 0.009932774942334854 0
839 0.392465966562064 0.00981043722881686 0
840 0.2827576577566616 0.2438323954025456 0
841 0.7208788882369284 0.1542897600643758 0
842 0.5839689011687996 0.4341765761157225 0
843 0.4011455628452718 0.3839004031152622 0
844 0.3348835566037248 0.009935686712801539 0
845 0.2459064777273507 0.1999369793462087 0
846 0.7214314612461238 0.3255541496778901 0
847 0.6217072148695315 0.009935844289705731 0
848 0.2893029673964671 0.01033608550536402 0
849 0.7222518947676524 0.1065327171105573 0
850 0.2164784429141288 0.164766673794054 0
851 0.4813823225232688 0.4299727347123755 0
852 0.6279816379920702 0.4384113500523417 0
853 0.2431006981005364 0.009935844289705731 0
854 0.1869842092264352 0.1296939846059874 0
855 0.7209402463148059 0.3716616319363868 0
856 0.4359203084992684 0.4186913318082318 0
857 0.6679011264791396 0.009452450731408102 0
858 0.2089970006402017 0.009190875739876481 0
859 0.4853131884022024 0.008624168453443493 0
860 0.3416762999463753 0.3139924937853301 0
861 0.7208025668138921 0.0742857142857144 0
862 0.1648906346960147 0.1033903683226413 0
863 0.661497415379157 0.4390893503971935 0
864 0.1752382624379848 0.0100511918248089 0
865 0.720139942245994 0.4045932555568334 0
866 0.1428098322952418 0.077045799762686 0
867 0.7194953010004718 0.03938621817497001 0
868 0.1398443753453561 0.009935844289705731 0
869 0.6931137280290897 0.439262073084315 0
870 0.3858616204829051 0.3666338719621195 0
871 0.7213286466133405 0.3028746240450839 0
872 0.7195090102539782 0.3486822878754769 0
873 0.7215980358919917 0.2454499865610792 0
874 0.6905468471726951 0.009832935922596486 0
875 0.6446252554982878 0.00989369094679271 0
876 0.5992103675524136 0.01089060567176914 0
877 0.5523430928056301 0.009366979863108527 0
878 0.2660463351780887 0.009443057642788688 0
879 0.3578299456062926 0.009935844289705731 0
880 0.3119377632302221 0.009935524775286031 0
881 0.4149294103559122 0.009447386579679085 0
882 0.3048266675677227 0.2701157368526148 0
883 0.2680349577150052 0.2262633007964399 0
884 0.2017494906594105 0.1472133920293451 0
885 0.231207395168847 0.1823199555587628 0
886 0.7206411964872015 0.1900764185790578 0
887 0.1281047293858198 0.05944698320580133 0
888 0.7213877754229104 0.1317882513962896 0
889 0.5043154240769713 0.4311255736364619 0
890 0.5491067438142244 0.4333940666197599 0
891 0.6054056569184234 0.4363445676315996 0
892 0.4158279006566862 0.4009750207299969 0
893 0.1139276808406341 0.04168534119122663 0
894 0.4622826335198171 0.4287076669716521 0
895 0.116864360075654 0.009915846700189745 0
896 0.7130441475830309 0.009675206229135758 0
897 0.7134782642305083 0.4216007056861805 0
898 0.09864682487638277 0.02434041967638301 0
899 0.09397878274501681 0.009578798619199358 0
900 0.3932209952845459 0.3754042807298817 0
901 0.3975464004173372 0.3645786782331313 0
902 0.3898510736966264 0.3558672079156249 0
903 0.4012853913318957 0.3538643459070109 0
904 0.3937522286800379 0.3451194279229928 0
905 0.4050203689906386 0.3431381467388511 0
906 0.3976217150612902 0.3343745931499982 0
907 0.4089016939989518 0.332391222593343 0
908 0.4015495441157698 0.3236234537392103 0
909 0.4128001786041611 0.3216147291509043 0
910 0.4054622600928362 0.3128680047461844 0
911 0.4168287690884578 0.3109177705857256 0
912 0.4094098614254746 0.3021232761598793 0
913 0.4207893412001026 0.3002000152511468 0
914 0.4133358289393603 0.2913743301945645 0
915 0.4246978014006866 0.2894051712910409 0
916 0.4172517349996447 0.2806218615271951 0
917 0.4287298584774092 0.2786733252447731 0
918 0.4211457055045508 0.269849429263088 0
919 0.4325732200965392 0.2679052709101937 0
920 0.4250670248179312 0.2590932125604271 0
921 0.4363681023325509 0.2571176825392855 0
922 0.4438845806452272 0.2658825811275716 0
923 0.4476515092711657 0.25513235201136 0
924 0.4549889643591911 0.2638918246228319 0
925 0.4588854841845652 0.2531537217078837 0
926 0.4662366059745579 0.2619181025868499 0
927 0.4701525935213872 0.2511698242013513 0
928 0.4774928309691395 0.2599388401883968 0
929 0.4814116692089007 0.24919618428101 0
930 0.4289926866863575 0.2483368050656308 0
931 0.4887562841496226 0.2579609432413188 0
932 0.492671146155579 0.2472174029787766 0
933 0.485326800571895 0.2384542251469153 0
934 0.4965881837530299 0.2364743557901225 0
935 0.5000137379432645 0.2559806276778231 0
936 0.4892448195685974 0.2277105152245685 0
937 0.5005078613821041 0.2257304899918753 0
938 0.4931602860825609 0.2169645389093155 0
939 0.5044264370208089 0.2149849492804757 0
940 0.4970776916714559 0.2062178710517735 0
941 0.5083440060921174 0.2042380193236741 0
942 0.5156925050407357 0.2130054126362309 0
943 0.5196104781073743 0.2022586327921657 0
944 0.5269574159040886 0.2110257158307765 0
945 0.5308764755023025 0.2002795139632614 0
946 0.5382230381768184 0.2090462877085534 0
947 0.5421422045680784 0.1983005585212393 0
948 0.5009955816837695 0.1954702499810813 0
949 0.5494887128134247 0.2070669760105916 0
950 0.5534078675502534 0.1963214654780861 0
951 0.5460612607326758 0.1875547444794398 0
952 0.5573273728867013 0.1855755163265145 0
953 0.5499799855928 0.1768077191266425 0
954 0.5612478728710527 0.1748281869321702 0
955 0.4961022729559126 0.2667212599650194 0
956 0.5073547255142907 0.2647412494814877 0
957 0.5607217431328601 0.2051309545062917 0
958 0.5034430868293592 0.2754739764081111 0
959 0.5146892153918263 0.2734954489634692 0
960 0.5538991679541512 0.1660593655965273 0
961 0.5651685332475624 0.1640795834591826 0
962 0.5107794561290712 0.2842223266789323 0
963 0.5220207547070186 0.2822458977553667 0
964 0.5578188300490166 0.1553096771369448 0
965 0.5690888373301357 0.1533299240251259 0
966 0.576438119806254 0.1621001991960019 0
967 0.5803587541903392 0.1513510599945284 0
968 0.5181118076797073 0.2929668766801281 0
969 0.5293476970633877 0.2909920355128136 0
970 0.5877079492363358 0.1601211642222639 0
971 0.5916281943522045 0.1493725105773084 0
972 0.5617390504167044 0.1445583790797179 0
973 0.4897272309678155 0.1974504393179949 0
974 0.4936462617411012 0.1867002003528513 0
975 0.4823744021220662 0.1886810670873343 0
976 0.4862947905847558 0.1779275219066052 0
977 0.4750205228064994 0.1799093824356636 0
978 0.4789417916434415 0.1691539197472157 0
979 0.4676658064014384 0.1711360694123452 0
980 0.4715873747594322 0.160379010401368 0
981 0.460309950912673 0.1623612765745675 0
982 0.4642320306098057 0.1516028692893072 0
983 0.4529534302204952 0.1535855590406976 0
984 0.4568759670867182 0.142825822121228 0
985 0.4455958069802551 0.1448083774339868 0
986 0.5254413555670313 0.3017067601516316 0
987 0.5366711244219514 0.2997331644570854 0
988 0.4203340984191593 0.3302859530008142 0
989 0.4176957908379249 0.2503316085740961 0
990 0.5989761953920034 0.1581423395086918 0
991 0.6028976463226867 0.147393874309117 0
992 0.4495188260519768 0.1340475729406651 0
993 0.4382377795774951 0.1360314418652697 0
994 0.4608000460013861 0.1320646938262748 0
995 0.4343147361402281 0.1467920556131265 0
996 0.4269560142040415 0.138014726014299 0
997 0.4230327021711935 0.1487763539385702 0
998 0.4156736926185308 0.1399990937601506 0
999 0.4117499656370952 0.1507613353932883 0
1000 0.4043905137298007 0.1419829914736354 0
1001 0.4004665357161141 0.1527457371902066 0
1002 0.3931064621536821 0.1439645476144539 0
1003 0.3891826007085161 0.1547289335254271 0
1004 0.3818221086594318 0.1459484859099122 0
1005 0.377898271243275 0.1567130161863607 0
1006 0.370537512705722 0.1479324754665341 0
1007 0.3744618827811166 0.1371673888199927 0
1008 0.3631762556473539 0.1391516638572682 0
1009 0.5327761115040403 0.3104353717018257 0
1010 0.5439940490725321 0.3084676493083796 0
1011 0.4195924238229368 0.1292400416363267 0
1012 0.366613808069695 0.1586972883373602 0
1013 0.547899222949796 0.2977608407410183 0
1014 0.5552195023459823 0.3064979992140487 0
1015 0.5591270406266333 0.2957904868248175 0
1016 0.566449365309569 0.3045290997274913 0
1017 0.5703576520967782 0.2938197551004911 0
1018 0.5776803169864655 0.3025592214118437 0
1019 0.581589493783943 0.291846735114805 0
1020 0.5889105486165888 0.300589867420113 0
1021 0.5928196343931673 0.2898751602927203 0
1022 0.5850046721888466 0.3112986280965756 0
1023 0.5962298276231919 0.3093310110387704 0
1024 0.367101103242884 0.1283855595747584 0
1025 0.3558143900351877 0.1303701588135695 0
1026 0.5923266125134006 0.3200350214951058 0
1027 0.6035479090852323 0.3180666746829581 0
1028 0.5215697117901298 0.312406698404079 0
1029 0.5401388100566866 0.3191882016527072 0
1030 0.5955490682313578 0.1386243372867397 0
1031 0.6068194370002449 0.136645092486525 0
1032 0.5994698654317444 0.1278744355089984 0
1033 0.6107409057389094 0.125895224181423 0
1034 0.6102446894406356 0.1561635270793031 0
1035 0.4534420872693889 0.1232855376427665 0
1036 0.4647252590626422 0.1213025790436453 0
1037 0.3597392447205166 0.1196032484191983 0
1038 0.3484523021612103 0.1215881498098239 0
1039 0.3445275773069334 0.1323550864736663 0
1040 0.3371652221432578 0.1235730089016934 0
1041 0.5996454431031012 0.32877059459143 0
1042 0.6108658395552395 0.3268041346095775 0
1043 0.6147706913946156 0.3160988651315983 0
1044 0.3332405883012208 0.1343401496848243 0
1045 0.3258778453778374 0.1255579089712349 0
1046 0.6033908465377864 0.1171233008538107 0
1047 0.6146628426779303 0.1151445052531511 0
1048 0.3298033369706007 0.1147904075847139 0
1049 0.3185152081364476 0.1167751807882471 0
1050 0.4573659063435361 0.1125223700435117 0
1051 0.4686504535589698 0.1105391935344763 0
1052 0.6220797504556368 0.324832182883307 0
1053 0.6259884722248491 0.3141280620042747 0
1054 0.6181812806024992 0.3355374930191761 0
1055 0.6220118556135933 0.1239165626863904 0
1056 0.6259343337653512 0.1131664787310931 0
1057 0.3145905104899598 0.1275430769078574 0
1058 0.30722700763091 0.1187606782812891 0
1059 0.3111520191371665 0.1079920706142654 0
1060 0.2998632818125986 0.109977762182174 0
1061 0.3739743656375915 0.1674775989334912 0
1062 0.3626901218000525 0.1694618781403783 0
1063 0.6073124960382901 0.1063708371311506 0
1064 0.6063247800473781 0.1669102349999069 0
1065 0.6175903495246862 0.1649317918991428 0
1066 0.6136713537834031 0.1756763370046011 0
1067 0.6249347677210886 0.1736984767431979 0
1068 0.6210170883455455 0.1844406577762734 0
1069 0.6294579251735685 0.333494374711595 0
1070 0.6255033083521686 0.3442517138225394 0
1071 0.4059360678378661 0.2826353215196395 0
1072 0.4612901112719951 0.1017578669703917 0
1073 0.4725752725073724 0.09977457581085092 0
1074 0.3700503940512804 0.1782421117232637 0
1075 0.3587665185547501 0.1802262092128715 0
1076 0.6322781594146788 0.1824633345265378 0
1077 0.628361283805839 0.1932034748487996 0
1078 0.3037884430579403 0.0992084541502628 0
1079 0.2924997514126939 0.1011941068213897 0
1080 0.6332825199514749 0.1219379591107267 0
1081 0.6372048236642199 0.1111889599749802 0
1082 0.4996501212990905 0.2862984155281192 0
1083 0.366122126548006 0.1890045640158659 0
1084 0.5960382667672951 0.1083503274795981 0
1085 0.4828646926074137 0.1583973810393802 0
1086 0.4799354581241481 0.1085562683709852 0
1087 0.4838605881192498 0.09779191804134557 0
1088 0.4216314087151188 0.2395622591284382 0
1089 0.2885749911131721 0.1119634299710002 0
1090 0.2812108365543992 0.1031799383085513 0
1091 0.3548422872258279 0.1909899682902146 0
1092 0.3621975562124889 0.1997680299032955 0
1093 0.5999608283938854 0.09759491864571102 0
1094 0.5886827281035657 0.09957565163449272 0
1095 0.636783234607354 0.3422120036715792 0
1096 0.6327841913910902 0.3529787552969181 0
1097 0.6215178037473951 0.3549480834046204 0
1098 0.6396211259412807 0.1912261684696313 0
1099 0.6357036136539919 0.201964954644505 0
1100 0.643538752222533 0.1804865391767249 0
1101 0.2851355475201584 0.09241049185129441 0
1102 0.2738464181121929 0.09439678927767092 0
1103 0.4652151033261027 0.09099188866726277 0
1104 0.453928302480974 0.09297588173956406 0
1105 0.5854951417983286 0.2811317563656232 0
1106 0.5967321773791359 0.279156749249048 0
1107 0.4912180688937077 0.1065727622339314 0
1108 0.4951451741379111 0.09580907592844978 0
1109 0.3509186624564061 0.2017535974673244 0
1110 0.3435586986508147 0.192975655383605 0
1111 0.3582782834781785 0.2105329805209623 0
1112 0.4191088801310955 0.1595416661382792 0
1113 0.5926070880854034 0.08881764284098825 0
1114 0.5813266937947428 0.09079870659690736 0
1115 0.6038841746618638 0.08683976357912188 0
1116 0.2699219101342739 0.1051661444112599 0
1117 0.262557245336366 0.09638268885689649 0
1118 0.6440070693283337 0.3510246831165733 0
1119 0.6481701158692533 0.3402387438172535 0
1120 0.640035262281069 0.3617098155333253 0
1121 0.6445528135742544 0.1199597084633482 0
1122 0.6484743489585589 0.1092115769238751 0
1123 0.4324262049295022 0.2982736935414653 0
1124 0.5455621748718982 0.2178095578225147 0
1125 0.6244459854968362 0.2039423352629641 0
1126 0.6317868391625405 0.212702208924916 0
1127 0.6430427946552553 0.2107250311050986 0
1128 0.6391267140631631 0.221459807662443 0
1129 0.6204643047179919 0.2146918635003409 0
1130 0.2664808263474192 0.08561380256295492 0
1131 0.2551916649240443 0.08759980979805965 0
1132 0.6503799592579746 0.2194834063803813 0
1133 0.6464653632082918 0.230216067602882 0
1134 0.5504670426350267 0.1465392299811908 0
1135 0.5894069213025116 0.2704110678447053 0
1136 0.4637453396975707 0.1818931634442985 0
1137 0.3469959731122896 0.2125172479523296 0
1138 0.3543556750086788 0.2212965929574617 0
1139 0.4578537866076557 0.08220829052720108 0
1140 0.4465652756794606 0.08419286010880567 0
1141 0.6513960254277595 0.3597593328678357 0
1142 0.6473758189151175 0.3704248563942532 0
1143 0.5852520528999819 0.0800384102700587 0
1144 0.5739706016562384 0.08201955548418616 0
1145 0.588428236091682 0.3307358472806736 0
1146 0.3774202269710518 0.1870125830096688 0
1147 0.3710266257303405 0.1176188419232105 0
1148 0.3636641744376458 0.1088356625127319 0
1149 0.3749524351897183 0.1068512307111463 0
1150 0.3675893983198312 0.09806719382354989 0
1151 0.3788786169429568 0.09608249828592064 0
1152 0.3715149524386396 0.08729774781290656 0
1153 0.3828051859060096 0.08531287916321151 0
1154 0.2586332902366878 0.1071522929082999 0
1155 0.3754408573144854 0.07652733607214923 0
1156 0.3867321540672213 0.07454226552963961 0
1157 0.3641508537059952 0.07851302246545344 0
1158 0.2591155965624868 0.07682942046890123 0
1159 0.2478257017252301 0.07881572511497065 0
1160 0.5025023628204586 0.1045897025640319 0
1161 0.5064302769414801 0.09382668146013912 0
1162 0.4990706354337695 0.08504419350619552 0
1163 0.510356643441737 0.08306138939997931 0
1164 0.5029963178537062 0.07427808181196471 0
1165 0.5142840745423164 0.07229495094811195 0
1166 0.6558217461786914 0.1179807651461485 0
1167 0.6597424285862941 0.1072342771295894 0
1168 0.6523956510268989 0.09846370327737597 0
1169 0.6577238826549325 0.2282382101751456 0
1170 0.6538041178328117 0.23897081227988 0
1171 0.6616603496909296 0.2174988237645456 0
1172 0.6586183904183323 0.3684863246882755 0
1173 0.4504906829971275 0.07342405662382517 0
1174 0.6636646749161785 0.09648643723858508 0
1175 0.6563174458865304 0.0877147399987328 0
1176 0.5259340577171151 0.2715226333022229 0
1177 0.5137884787627188 0.1026077916307436 0
1178 0.5543879128925164 0.1357858835030269 0
1179 0.5098644045414413 0.1133711122068574 0
1180 0.577895639656183 0.07125729266322234 0
1181 0.6547033623172747 0.3791493056397112 0
1182 0.6434193872734 0.3810904441657006 0
1183 0.3430728105855281 0.2232806329157452 0
1184 0.3504325863834919 0.2320599142978289 0
1185 0.3793671182184191 0.0657558719451502 0
1186 0.3906595632991917 0.06377061718985333 0
1187 0.6006822419372981 0.2684244291579894 0
1188 0.5933228983681987 0.2596861859749923 0
1189 0.582072668300616 0.2616638198148061 0
1190 0.6659053089805596 0.3771861986999613 0
1191 0.4103549957168042 0.2415425025320443 0
1192 0.4142769294123013 0.2307838469552029 0
1193 0.4255556151354029 0.2288015094897055 0
1194 0.4181996718391777 0.2200244469916596 0
1195 0.6675892466037466 0.08573616258951483 0
1196 0.6602396847274351 0.0769636881985396 0
1197 0.4624320498111605 0.2726826416719711 0
1198 0.2517497319252425 0.06804479530508678 0
1199 0.2404598878800266 0.07003068165505966 0
1200 0.2365350953026406 0.08080239632370378 0
1201 0.2291692760743694 0.07201755611267258 0
1202 0.2630355591300405 0.06605896381249132 0
1203 0.2252448048949309 0.0827889430090531 0
1204 0.2178785980302034 0.07400443963600056 0
1205 0.671513407925125 0.0749846678112232 0
1206 0.5069224613400566 0.06351050532393515 0
1207 0.5182118307363149 0.06152711541308142 0
1208 0.6641625826010907 0.06621064279515504 0
1209 0.6528864573985114 0.06818985717430442 0
1210 0.6650619021899719 0.2369982765671165 0
1211 0.6611396359771152 0.2477257992423539 0
1212 0.6699599720956588 0.3665117120313154 0
1213 0.6670888647096668 0.1160035665880699 0
1214 0.6631679756835145 0.1267497574724403 0
1215 0.6498937853981153 0.2497028032126714 0
1216 0.6572281127750939 0.2584534253711206 0
1217 0.2218031918783084 0.06323295588310907 0
1218 0.2105121244943579 0.06521990989188342 0
1219 0.394169064035035 0.3149059233345012 0
1220 0.3940887561838105 0.08333868019492324 0
1221 0.5859863831288883 0.2509371144315526 0
1222 0.213954682850788 0.08477572531982347 0
1223 0.2213201335848419 0.09355910311276205 0
1224 0.6684701044953378 0.256479705752253 0
1225 0.6645584031759533 0.267204031171765 0
1226 0.6533172734101796 0.269178466093151 0
1227 0.6606476916983638 0.2779267125411294 0
1228 0.6718880048201881 0.2759528284686241 0
1229 0.6679766837719047 0.2866728422067197 0
1230 0.6620079461947647 0.3878579729835565 0
1231 0.6754371108825769 0.0642330908508314 0
1232 0.6731988338061392 0.3858950082150041 0
1233 0.604559313974572 0.2577147520682315 0
1234 0.3617148999667024 0.2300763744417235 0
1235 0.357791832113606 0.2408390703580184 0
1236 0.4123239207257069 0.3519165116646757 0
1237 0.5230399317423415 0.2217710152704513 0
1238 0.6023250491686967 0.1776964074175679 0
1239 0.6406311961456682 0.1307079986629452 0
1240 0.574738629301544 0.2529131718998697 0
1241 0.2659975121738583 0.1159350941483342 0
1242 0.2547070998497371 0.1179202824196687 0
1243 0.2620727301018839 0.1267034641849096 0
1244 0.351405960887869 0.1714461441180996 0
1245 0.3033028284818434 0.1295288538244309 0
1246 0.3106659995726929 0.1383107371734407 0
1247 0.2993793013169461 0.1402961683856787 0
1248 0.3067419620131329 0.1490778537634664 0
1249 0.2954555454806455 0.1510630502580232 0
1250 0.3028178596821809 0.1598445246910116 0
1251 0.2915318644831114 0.1618296819998505 0
1252 0.2988938662167477 0.1706109532344195 0
1253 0.5216295985899022 0.08109087521099334 0
1254 0.3695698365047681 0.2085256457906896 0
1255 0.6080444248329369 0.2771525312180841 0
1256 0.4975681126708358 0.1759474764724108 0
1257 0.3150775764507899 0.09722299652948818 0
1258 0.3077134238526935 0.08843854255624245 0
1259 0.3357129741134676 0.2145011716236377 0
1260 0.3317895722233466 0.2252648565361192 0
1261 0.3244294128842796 0.2164850381291078 0
1262 0.5891792422745229 0.06927646804508725 0
1263 0.5818218179834411 0.06049367385359822 0
1264 0.5931076390855585 0.05851297706379832 0
1265 0.5705362336775723 0.06247523425369977 0
1266 0.4819026054153716 0.2189374126403217 0
1267 0.4617805706052357 0.07143960679081535 0
1268 0.4544168265100829 0.062654142316664 0
1269 0.4431260189908013 0.06463910195526873 0
1270 0.3190036825759003 0.08645306551195453 0
1271 0.3116387344460899 0.07766774580419533 0
1272 0.4657066102375346 0.06067075415706197 0
1273 0.3229298690134756 0.0756819478385245 0
1274 0.3155643147969421 0.0668958549975463 0
1275 0.3268565300435601 0.06490985191769449 0
1276 0.5426301206800621 0.1680394409372191 0
1277 0.5700454222250612 0.09278081257136656 0
1278 0.4294787336957506 0.2180420878135211 0
1279 0.4221223149482012 0.2092650804867563 0
1280 0.287608289072151 0.1725959753666726 0
1281 0.2949700512271513 0.1813768470130038 0
1282 0.2802447998314131 0.1638142475178848 0
1283 0.3465095167017734 0.2428228376491419 0
1284 0.3538690264787973 0.2516015682525723 0
1285 0.3651509705941558 0.2496178155410609 0
1286 0.3612282931834583 0.2603800354409139 0
1287 0.2507829677655429 0.1286885142638383 0
1288 0.24438363119465 0.05925977964662721 0
1289 0.6568107577443287 0.05743270188215754 0
1290 0.64553020077264 0.05941288750273788 0
1291 0.6749359621034529 0.09450821559978695 0
1292 0.3832937795701363 0.0549833341307065 0
1293 0.3945870840872846 0.05299808970483211 0
1294 0.3720007316971329 0.05696890339507843 0
1295 0.6744334627971504 0.1247723422560255 0
1296 0.6705140336591234 0.1355161272693633 0
1297 0.3194902761409382 0.05612302111365974 0
1298 0.308197354003842 0.05810930238534723 0
1299 0.330783508012185 0.05413693459421159 0
1300 0.6792162441048971 0.2847002039670008 0
1301 0.6753050615470759 0.2954194215189786 0
1302 0.6692954269447033 0.3965736043688957 0
1303 0.6580613455954538 0.398516937065216 0
1304 0.5108490982504943 0.0527413845944803 0
1305 0.5221396643364179 0.05075808193908515 0
1306 0.2144368314374984 0.05444758734788879 0
1307 0.2031453434561352 0.0564350391582924 0
1308 0.1992202817627331 0.06720705421680651 0
1309 0.1918533233240566 0.05842252770254619 0
1310 0.4470525610602513 0.05386758112142914 0
1311 0.1957783120909984 0.04764990019475218 0
1312 0.1844867000652748 0.04963803105064768 0
1313 0.6640677182987522 0.2973915041632035 0
1314 0.6713946982126716 0.3061358564110508 0
1315 0.6494072785289011 0.2798999148263479 0
1316 0.5744627649318328 0.05170912317665599 0
1317 0.4872853322854079 0.1173467714554532 0
1318 0.3101809958869302 0.1686252640509715 0
1319 0.386235349113106 0.1048744832808378 0
1320 0.4426405571609204 0.09496073005632444 0
1321 0.6450445893801864 0.08969679403569986 0
1322 0.5431132551851683 0.1377670899465453 0
1323 0.547035432098496 0.1270114702308246 0
1324 0.4108428349697459 0.2112473890237556 0
1325 0.4029804876842155 0.232793473453565 0
1326 0.5786523666564447 0.2421842457577162 0
1327 0.372509878433019 0.2583961531253262 0
1328 0.3685869106481118 0.269158201261132 0
1329 0.4352769561653367 0.0861776387656219 0
1330 0.4019504493325539 0.06178501398835956 0
1331 0.4058806882136047 0.05101318092128976 0
1332 0.3205058164580979 0.2272490439158516 0
1333 0.3131458719994101 0.2184708499119014 0
1334 0.2836848311100767 0.1833618814698065 0
1335 0.1805622075905485 0.06041005267834254 0
1336 0.1731956914088933 0.05162616757514837 0
1337 0.3573057114300431 0.271141976037909 0
1338 0.3646644884545649 0.2799201154943566 0
1339 0.4147680621695455 0.2004999291108469 0
1340 0.4260471821142435 0.198512417586633 0
1341 0.5626886167091001 0.08400151333226713 0
1342 0.2100311761570386 0.09554593447920945 0
1343 0.2173954511303112 0.1043286460989921 0
1344 0.5294976917087432 0.05954278644742994 0
1345 0.5334299861368468 0.04877456676925368 0
1346 0.3425867944972733 0.2535855687661693 0
1347 0.683129001981319 0.2739792484952335 0
1348 0.3759275583550281 0.04619530520004478 0
1349 0.6804979144376453 0.394604907495557 0
1350 0.6817776846918094 0.1335384948996989 0
1351 0.6778581563831406 0.1442813266296793 0
1352 0.6665955110557433 0.1462591633448383 0
1353 0.6739393635830729 0.1550239925391088 0
1354 0.6840029459663424 0.3837802673864533 0
1355 0.6826304616827175 0.3041644767253731 0
1356 0.6787204861880595 0.3148797095879217 0
1357 0.6352141591855103 0.2321932298536384 0
1358 0.5899006906835499 0.2402090283960299 0
1359 0.5847610994238627 0.1103325829088271 0
1360 0.6827863736103191 0.07300644808793622 0
1361 0.6867106718388601 0.06225558224279026 0
1362 0.6793624568565703 0.0534817911107372 0
1363 0.6494566120518361 0.04865224046093442 0
1364 0.6381738322773517 0.05063235455100767 0
1365 0.6342482046394731 0.06139458534045461 0
1366 0.6856976051126935 0.1227959654885038 0
1367 0.312170178398934 0.04767159459473203 0
1368 0.3008267012250582 0.04938704018004564 0
1369 0.6420777992710863 0.2711539818057838 0
1370 0.6380975612920674 0.2819113416199627 0
1371 0.6601436707171887 0.3080791695976292 0
1372 0.5957399543598733 0.3394655758535571 0
1373 0.5845229225313259 0.3414283696385401 0
1374 0.5918325612566342 0.3501465349757932 0
1375 0.580629030825949 0.3521125931446337 0
1376 0.5879374672265736 0.3608220963700436 0
1377 0.5767512745341826 0.3627868207398146 0
1378 0.584042690962657 0.3714851191493276 0
1379 0.5728662775318438 0.3734470071346886 0
1380 0.5655751534438298 0.3647539057535723 0
1381 0.5616929769542237 0.3754104718097686 0
1382 0.5544043054000225 0.3667198090253279 0
1383 0.5505243696976279 0.377372937884456 0
1384 0.5432353571482873 0.3686849356488165 0
1385 0.5393558992510299 0.3793368130497322 0
1386 0.5320667391277651 0.3706513495755152 0
1387 0.5279209806437893 0.3813759725182122 0
1388 0.5208538359100083 0.3726262106035739 0
1389 0.516303619974236 0.3833899590923119 0
1390 0.5094126319766521 0.3746532383800911 0
1391 0.5135562919922694 0.363929195361351 0
1392 0.5023693319160323 0.3658965204950688 0
1393 0.4980328029375858 0.376558365645916 0
1394 0.4910720157083528 0.3678302372018171 0
1395 0.49509291755812 0.3571763655927463 0
1396 0.4839177240904101 0.3591517786687222 0
1397 0.479956485676171 0.3697762545915683 0
1398 0.4878281984876787 0.348470338635546 0
1399 0.4727741700718826 0.361125960446826 0
1400 0.4687777446544814 0.3717861716451271 0
1401 0.5801510528535795 0.3821432790715106 0
1402 0.5913220273434417 0.3801826563913855 0
1403 0.4616116827812584 0.3631298091874605 0
1404 0.4578144878959069 0.373701172487272 0
1405 0.4756423950323703 0.3804599966466687 0
1406 0.5578171414240584 0.3860649088301815 0
1407 0.4655029709644438 0.3524684613557482 0
1408 0.5874362297912833 0.3908317035307318 0
1409 0.5985943022314939 0.3888751796919369 0
1410 0.5349588084663615 0.389985587328437 0
1411 0.4543369704851523 0.3544856494011454 0
1412 0.4582118133744139 0.3438063276343519 0
1413 0.5582769857049372 0.3560561462816352 0
1414 0.5359527804405263 0.3599991686854921 0
1415 0.4990179888830178 0.3464953311377236 0
1416 0.4917174442427507 0.337794670110461 0
1417 0.5947103063380667 0.3995158388531024 0
1418 0.6058677313604178 0.3975623535541477 0
1419 0.5835582426534641 0.4014719671055415 0
1420 0.6765866448804252 0.4052935989614584 0
1421 0.5625417794519438 0.3152352290137744 0
1422 0.6904582168959623 0.2827285784745188 0
1423 0.5112776819456766 0.2539984840070759 0
1424 0.4515384280487239 0.2443842265329996 0
1425 0.568561681937263 0.1836435628195719 0
1426 0.6097521496554719 0.3869215681364352 0
1427 0.6170224074309149 0.3956093639782615 0
1428 0.6288593181924853 0.1629575493032346 0
1429 0.3170670077655172 0.2077103575471244 0
1430 0.2581485077386354 0.1374713578410944 0
1431 0.246861757377455 0.139457299386176 0
1432 0.2542244823873053 0.14823869570149 0
1433 0.2394912826870274 0.1306744005482612 0
1434 0.6131903828451425 0.2059214456542849 0
1435 0.2910463686998752 0.1921425464395989 0
1436 0.3965430186584448 0.1635088282302357 0
1437 0.4490303070810485 0.1643472760422525 0
1438 0.6508808539849791 0.1892492296243058 0
1439 0.3563015961459688 0.1000525393092668 0
1440 0.5674035392004984 0.2441600652484515 0
1441 0.5634904403404675 0.2548901179886897 0
1442 0.5561665677229641 0.2461411768372844 0
1443 0.4063914080989026 0.2523663391432406 0
1444 0.5235296841203793 0.1915132632774688 0
1445 0.4313519675071402 0.09694589891391614 0
1446 0.2969032637022634 0.06010684925037724 0
1447 0.2895348777338714 0.05132158623726252 0
1448 0.5518005697084027 0.2870536390116686 0
1449 0.4995587806808 0.05472522572898286 0
1450 0.503485676524567 0.0439544683752412 0
1451 0.4921935494966034 0.04593877444749589 0
1452 0.3646362377291782 0.04818215784162883 0
1453 0.5587671953054646 0.09476042087143222 0
1454 0.6268968738152109 0.05261575209362263 0
1455 0.5825657945350928 0.2314530895514591 0
1456 0.2797613881253881 0.1941274896878123 0
1457 0.2871227006588684 0.2029078944475984 0
1458 0.3534001272094369 0.281889966552306 0
1459 0.3607702076322428 0.2906679879147214 0
1460 0.3720275827748951 0.2886955541397558 0
1461 0.3681147519763746 0.2994588063528958 0
1462 0.2723997991841141 0.1853469903640616 0
1463 0.6852011848951406 0.1530462296664301 0
1464 0.6812830000643879 0.1637876029527483 0
1465 0.690252646232047 0.3130178965283908 0
1466 0.6860937192882771 0.3236407107214789 0
1467 0.6906364099058957 0.05150408165770909 0
1468 0.6832877256714771 0.0427293654947879 0
1469 0.630817410481566 0.04184949224836942 0
1470 0.6195452628749133 0.04383090347713192 0
1471 0.6131379289352044 0.4062466429254913 0
1472 0.624289439707476 0.4042959745292217 0
1473 0.3985150344603198 0.04222451648997444 0
1474 0.4098181603771887 0.04033057906620385 0
1475 0.1884107522373667 0.03886455753390133 0
1476 0.687806964239572 0.4033216766510489 0
1477 0.6925443002963911 0.1618099342540724 0
1478 0.6886252098250627 0.1725504225375228 0
1479 0.447060906077381 0.3458074677689071 0
1480 0.4509104550400198 0.3351257456867962 0
1481 0.4431869720928203 0.3564883370972739 0
1482 0.4620942828301535 0.3331351619612535 0
1483 0.4547741993034679 0.3244341360082093 0
1484 0.4659672713716329 0.3224311093651795 0
1485 0.4586439677478698 0.313720621721913 0
1486 0.4698649808001599 0.3117244663233684 0
1487 0.6748212636014674 0.3255962713576072 0
1488 0.6821453315096218 0.3343395030476175 0
1489 0.5260677061590152 0.03998767348187993 0
1490 0.5373434552119787 0.03801770161103057 0
1491 0.2934505787879216 0.0405561323270871 0
1492 0.2821649881147088 0.0425271859048677 0
1493 0.5938172139574482 0.2294778103706445 0
1494 0.5864805670888253 0.22071917317135 0
1495 0.6933755893203393 0.3323677390507263 0
1496 0.6894598228987951 0.3430782784113339 0
1497 0.3764322536891361 0.2476343728127492 0
1498 0.4625231249527397 0.303006020016413 0
1499 0.6773657244309761 0.1745279067870082 0
1500 0.6847073651456801 0.1832900175199875 0
1501 0.6626720816994526 0.1570062008409336 0
1502 0.2286834530797399 0.1023425415262139 0
1503 0.2880928115101852 0.1422813619300005 0
1504 0.3970294997993274 0.1332040762326137 0
1505 0.618676354769232 0.305392084587373 0
1506 0.3406029926858857 0.1431220715325702 0
1507 0.4917103717895549 0.07626183941629705 0
1508 0.4034882350596961 0.2024853640808479 0
1509 0.3302945640085789 0.08446785128940165 0
1510 0.3798676751073545 0.2671746706073749 0
1511 0.338146907064149 0.06292646131628521 0
1512 0.5656599285307943 0.1338097006642072 0
1513 0.5357598779423746 0.1289944328113632 0
1514 0.5318375482190636 0.1397493691826284 0
1515 0.5397040540986286 0.1182351426438392 0
1516 0.4239882312829338 0.08816275791571437 0
1517 0.4200639284351927 0.098931515699407 0
1518 0.6229684157254247 0.06337789075931655 0
1519 0.4132320826604424 0.05981165633309915 0
1520 0.4073965279130025 0.1917710216477488 0
1521 0.1997033515793519 0.03687630657103697 0
1522 0.552245012067305 0.2568679872144963 0
1523 0.5449554192324477 0.2481126625025837 0
1524 0.2429388348030295 0.1502247180845633 0
1525 0.250300906094235 0.1590055603984125 0
1526 0.3092219733672728 0.2292336618650316 0
1527 0.3165823290537729 0.2380130909586779 0
1528 0.1692725802145642 0.06239772507153846 0
1529 0.1619059739515973 0.05361446699496059 0
1530 0.1766381223419696 0.0711808566323664 0
1531 0.1658289333149889 0.04284281804831302 0
1532 0.154538395151814 0.04483096189098262 0
1533 0.158461931771897 0.03405853465951214 0
1534 0.1471702831079119 0.03604689333051164 0
1535 0.5514215983509467 0.08598845833134683 0
1536 0.2061074460169205 0.1063150070363107 0
1537 0.1987431679322541 0.09753285083729812 0
1538 0.2134713298062429 0.1150971978068273 0
1539 0.5407575761379481 0.05760379810752025 0
1540 0.5029008574723173 0.3358239762648514 0
1541 0.4955895881794291 0.3271239244339188 0
1542 0.4737525164794931 0.3010097326318898 0
1543 0.3685606789843933 0.03740680065875363 0
1544 0.3566811735891898 0.03926335043483992 0
1545 0.6946087621423391 0.04074306978911491 0
1546 0.6943717622492674 0.2720055916694932 0
1547 0.6964645630959156 0.151067638326732 0
1548 0.6998860743641691 0.1705734100996378 0
1549 0.4961212336348088 0.03516655025191345 0
1550 0.4848295087844772 0.03715171404376638 0
1551 0.5908259060882591 0.4101478164625511 0
1552 0.5797622342862345 0.4125706218605099 0
1553 0.1923680509174185 0.02827588087726368 0
1554 0.6940573532434305 0.07102882953846129 0
1555 0.7017023302529527 0.280756790412316 0
1556 0.6838968882605284 0.4140122986738728 0
1557 0.672633587529696 0.4159678680853647 0
1558 0.4434455230864166 0.3263365909307953 0
1559 0.6709108256069034 0.3363066743099955 0
1560 0.4358990238981068 0.3478121634604009 0
1561 0.4319198365074391 0.3584208485078482 0
1562 0.63082662477845 0.2731360490094902 0
1563 0.6209137837189715 0.3849659939658105 0
1564 0.6299062477949461 0.3034397499544119 0
1565 0.6373757313794057 0.3120522058512653 0
1566 0.4393192293490212 0.3671253599453214 0
1567 0.4280753602448903 0.3690465588918425 0
1568 0.4354393298407156 0.3776965844205603 0
1569 0.4241558427048795 0.3798665271954675 0
1570 0.4313629381077552 0.3884298273781484 0
1571 0.4425997024679827 0.3863107552334694 0
1572 0.6203997455470017 0.4149256703920353 0
1573 0.6315494477019066 0.4129784644894283 0
1574 0.6136444671704196 0.3762725608843641 0
1575 0.5771904445649012 0.3327008050181838 0
1576 0.5724286417222257 0.4035095080236442 0
1577 0.5686383292412179 0.414617390448406 0
1578 0.6734403976939372 0.185271828074578 0
1579 0.6807869675053141 0.1940306136185281 0
1580 0.6920479709792307 0.1920519537277166 0
1581 0.6881286766342664 0.2027908696771785 0
1582 0.6695208034244433 0.1960126127404717 0
1583 0.6548083592570929 0.1785053599744449 0
1584 0.5612951365118507 0.405497862832161 0
1585 0.4368340471476796 0.226820261115826 0
1586 0.4407557391974858 0.2160612037014418 0
1587 0.4481108998221036 0.2248354239823956 0
1588 0.4520315910983381 0.2140797563535483 0
1589 0.6636123704726872 0.3275762306815274 0
1590 0.3863671009836641 0.3363707201676981 0
1591 0.6901346682502247 0.08177722566407403 0
1592 0.6453399565702111 0.2906822277624054 0
1593 0.5078564651523977 0.2344942497923712 0
1594 0.5837470544044751 0.1709035247540217 0
1595 0.5661236497869744 0.1035408806696908 0
1596 0.4720827951189306 0.130082970781364 0
1597 0.2655130788473002 0.1462532059018685 0
1598 0.6930409502878221 0.131561467645775 0
1599 0.6969607852263725 0.1208195179977183 0
1600 0.5102231686174157 0.3445262898945479 0
1601 0.655332083689409 0.1482375977722382 0
1602 0.6513957830780306 0.1589947593122325 0
1603 0.4446776321102918 0.2053045532561577 0
1604 0.3180290851099744 0.1470924279181934 0
1605 0.2733610175345456 0.1247179303130286 0
1606 0.6896176369117266 0.1120535033153877 0
1607 0.4387163986422615 0.1057274561714462 0
1608 0.6354411480261548 0.4023471644224848 0
1609 0.6427247681416971 0.411034823343834 0
1610 0.63032202906728 0.07215623417386574 0
1611 0.5244834008139139 0.1309757146734449 0
1612 0.5205609422504516 0.1417315953283953 0
1613 0.5132061939971261 0.1329578945194504 0
1614 0.5092838519251929 0.1437137049751581 0
1615 0.5166388427224089 0.1524882328051873 0
1616 0.5019282397190719 0.1349380380330235 0
1617 0.3460266677351577 0.2731237845088101 0
1618 0.3995475669865798 0.2132455949363379 0
1619 0.3003477719457981 0.07965414354905764 0
1620 0.6011514493212843 0.2382346514440215 0
1621 0.3023322856508343 0.1901571505615605 0
1622 0.3798552785659803 0.03542086011550555 0
1623 0.2257286856677964 0.05246029364562677 0
1624 0.3018576691360771 0.2204583136708569 0
1625 0.2183620571088428 0.04367415116947632 0
1626 0.2296547104624577 0.04168626873050224 0
1627 0.2224025873113942 0.03355417336620214 0
1628 0.6347447997142996 0.262409128058102 0
1629 0.1810819561313628 0.03030520787300317 0
1630 0.5074138916099743 0.03318252903555091 0
1631 0.6440577583057113 0.1502276929635113 0
1632 0.6977865085892394 0.2914782791330347 0
1633 0.4784616497606766 0.1994293641102594 0
1634 0.4034591567234014 0.03095267768405041 0
1635 0.6298575617254745 0.1024190219857398 0
1636 0.5881987362154717 0.1298548376017064 0
1637 0.6870410581921708 0.2632552326781246 0
1638 0.6982860446788882 0.2612802440052061 0
1639 0.6909542026031653 0.2525319947400678 0
1640 0.6607370485655982 0.04667521594338997 0
1641 0.6533873259101279 0.03791188692252578 0
1642 0.6646686528459893 0.03591082096468617 0
1643 0.2856106568523294 0.06208620634068779 0
1644 0.6226675483110491 0.2946592877270849 0
1645 0.3053039333809089 0.2399998230067119 0
1646 0.4882718343109723 0.05670965468552791 0
1647 0.2684822338224329 0.1961146327229124 0
1648 0.5752391021483959 0.2227008653114 0
1649 0.5991280560618416 0.3588602788654326 0
1650 0.3607131557212643 0.05895741248894448 0
1651 0.5141260410051127 0.333835365013486 0
1652 0.521428074440661 0.3425504690988131 0
1653 0.4279170252548785 0.077395502050149 0
1654 0.5595820930478024 0.2656164475341383 0
1655 0.5475321336886908 0.09674735884473873 0
1656 0.3421500236365943 0.2838421142318664 0
1657 0.4593809363107187 0.2228551512308768 0
1658 0.5053651385300957 0.1544694748820556 0
1659 0.165357140482428 0.07317090583339431 0
1660 0.4166412476290762 0.07937899687180583 0
1661 0.3922054743184956 0.2044609998976768 0
1662 0.3882370946510356 0.2152751271892289 0
1663 0.4357604246663125 0.05585269378821772 0
1664 0.4396941306383199 0.04508228889491056 0
1665 0.4509819562552982 0.04309536865902347 0
1666 0.4435525620781702 0.03394361440435356 0
1667 0.4548360338503474 0.03189784441023924 0
1668 0.4622574139680126 0.0410444617945856 0
1669 0.4661841694935124 0.03026061587203188 0
1670 0.6004534800079862 0.06730926145729998 0
1671 0.555346833986997 0.07522727686630526 0
1672 0.432325074009649 0.03623494593301668 0
1673 0.5127206123340919 0.1632427119530674 0
1674 0.4559504964772713 0.2033393016204028 0
1675 0.6993874408978253 0.2008130842344223 0
1676 0.6954702572282545 0.2115494551797913 0
1677 0.68420508412259 0.2135333721467158 0
1678 0.6915471910602067 0.22229025907853 0
1679 0.5483541755985065 0.2675959742359787 0
1680 0.5601192307413013 0.2354027542569171 0
1681 0.3793828203454503 0.2974669878715269 0
1682 0.3754611439158881 0.3082264889490881 0
1683 0.3833034500659395 0.2867130175599373 0
1684 0.3641870653290216 0.3102209777046543 0
1685 0.4485999190357277 0.1945600523733282 0
1686 0.1506147417962734 0.05557486204180062 0
1687 0.4810780969837065 0.3097236003012676 0
1688 0.1727132248317086 0.08193495254999539 0
1689 0.1840029458906754 0.07996384743582535 0
1690 0.180079403291129 0.09073287156436349 0
1691 0.1948169834440583 0.108283985786889 0
1692 0.7017155271588914 0.04944643949466632 0
1693 0.5441218210023155 0.07719690408793822 0
1694 0.2389971243889753 0.1609486435593328 0
1695 0.2463564517463968 0.1697215502570445 0
1696 0.2576616555572642 0.1677766805526718 0
1697 0.2537220797696182 0.1784981233517574 0
1698 0.3126726579585924 0.2487428154894066 0
1699 0.2336217273475112 0.03114073861036681 0
1700 0.2409500480463405 0.03973924097328496 0
1701 0.5631747610562938 0.05369142047943654 0
1702 0.5671210734963412 0.04292987298187589 0
1703 0.5783953205793637 0.04094222504123668 0
1704 0.3715784043354269 0.3189671108892169 0
1705 0.2316285209529488 0.15216144162513 0
1706 0.4387548410636778 0.3967099480251779 0
1707 0.4496444247525488 0.3947735499115941 0
1708 0.3347658259919358 0.2750931605094221 0
1709 0.5791416046865984 0.2119595504658786 0
1710 0.5903985952256849 0.2099827933218957 0
1711 0.5830586585542678 0.201220849295982 0
1712 0.5943474550789976 0.1992289893002852 0
1713 0.4361317890583059 0.02559809125742701 0
1714 0.3725523319984435 0.02665435598706234 0
1715 0.5710341617908357 0.03215434599114964 0
1716 0.5823240250410264 0.03017139453855111 0
1717 0.5896750466011371 0.03896775453893697 0
1718 0.5597999938402811 0.0341485948457354 0
1719 0.5001456786953382 0.02442792611243061 0
1720 0.6234693911566423 0.03265906722609296 0
1721 0.6348356504349694 0.03062122367943176 0
1722 0.6121342209619448 0.03456751699431093 0
1723 0.5299967305258493 0.02923319126528529 0
1724 0.6873700793993892 0.03116657682186841 0
1725 0.7009356683573559 0.02992325327566381 0
1726 0.7024486259700911 0.2201784217055187 0
1727 0.6988140871371108 0.2310302832890628 0
1728 0.6875916270857743 0.2330380246439181 0
1729 0.2860973113523131 0.03178470772793096 0
1730 0.2750335633578119 0.03382641770813538 0
1731 0.2986231035457242 0.02854542321041775 0
1732 0.2709116766495592 0.04452482006575936 0
1733 0.2635030195137442 0.03572125597699877 0
1734 0.2250671239193575 0.02217606771296404 0
1735 0.2446743124822353 0.02942441116375094 0
1736 0.4252622086315634 0.0276964239494496 0
1737 0.6573789749426027 0.02760813803450174 0
1738 0.6092051981879367 0.4166534008424073 0
1739 0.7006894723319601 0.3411072968649663 0
1740 0.6967767137805544 0.351816485099242 0
1741 0.7012214342077356 0.07995195818080869 0
1742 0.6974469254294915 0.09057451473947586 0
1743 0.7085292676149558 0.08875099977772238 0
1744 0.6387453441578591 0.42127788526351 0
1745 0.6499634616589658 0.4197177170776406 0
1746 0.700645867749638 0.1099857459188012 0
1747 0.4169346416992127 0.3710866717842754 0
1748 0.6951279946766228 0.4120511409625752 0
1749 0.6988557416832871 0.401667350584958 0
1750 0.7106623003096667 0.2293859154057042 0
1751 0.5413237436830679 0.02763252015412765 0
1752 0.4512924093589037 0.3050022244744669 0
1753 0.4551276934179561 0.2943138317269445 0
1754 0.6855499631862483 0.3537864160808308 0
1755 0.6928663756698127 0.3625236223998415 0
1756 0.703650562631097 0.3600128892793393 0
1757 0.7002446726628864 0.3719944007030836 0
1758 0.6235070464925525 0.2643846347292136 0
1759 0.6274059855886748 0.2536639898511224 0
1760 0.6050997997989639 0.2274776846440202 0
1761 0.6124647109358473 0.2362562105884716 0
1762 0.5576510416261428 0.4159337417690078 0
1763 0.5501859125119666 0.4073542735462719 0
1764 0.6248129614503767 0.374323885629712 0
1765 0.5936159513375464 0.02818951019510829 0
1766 0.5869765645861644 0.1904805074786144 0
1767 0.3906706804077428 0.2954747910154489 0
1768 0.2473406623940746 0.1091381413120651 0
1769 0.5239924312474549 0.1612618089825016 0
1770 0.3352266684277614 0.2448070002664839 0
1771 0.3313268281665842 0.255558474216539 0
1772 0.4730679043170318 0.06945866449103222 0
1773 0.5200856825233608 0.1720107086601627 0
1774 0.2595937732366962 0.04650279239656113 0
1775 0.611414573984598 0.2966151959597296 0
1776 0.7019703212601273 0.2507643069982886 0
1777 0.3420696168933395 0.05215690395027905 0
1778 0.3347631121099676 0.04366971149487919 0
1779 0.5509613934052799 0.1162608614855504 0
1780 0.6190462934766051 0.07413687258642221 0
1781 0.6264134047158109 0.08290890677299867 0
1782 0.5211381671389054 0.1113933840160966 0
1783 0.5250556845895388 0.1006361939615471 0
1784 0.6043806230051756 0.0565514767465945 0
1785 0.5649024273445582 0.4252219038422564 0
1786 0.4805237284251979 0.3397797474596787 0
1787 0.1614288610686035 0.08389153542696748 0
1788 0.3013599528116123 0.2506924642440834 0
1789 0.3603026284129257 0.3209289273298232 0
1790 0.5252123112305522 0.3318633177171083 0
1791 0.5325460493026455 0.340631229166843 0
1792 0.1511565092429134 0.02562671802588029 0
1793 0.139952668609146 0.02782530609786216 0
1794 0.1359074013948921 0.03810452385678187 0
1795 0.1290471370638385 0.02944583955201924 0
1796 0.4849816379533661 0.2990054032230487 0
1797 0.4774721469396269 0.2902748653177125 0
1798 0.4921670943315484 0.3077844722973406 0
1799 0.4461486471497494 0.4048691301904783 0
1800 0.456763781659859 0.4032157131697504 0
1801 0.4604817099503744 0.3928811958334151 0
1802 0.4676192408470027 0.4014082876493117 0
1803 0.6795649928923784 0.424548845886004 0
1804 0.4523594650809795 0.4149508982652018 0
1805 0.5351646923363269 0.01910814709401754 0
1806 0.70470207034191 0.06947896768542516 0
1807 0.7028560307099522 0.189911240465574 0
1808 0.7090325089648118 0.2895089521224919 0
1809 0.7049812472825802 0.3001049001535996 0
1810 0.644964970417786 0.4296179640708002 0
1811 0.708223514216811 0.1188434635106946 0
1812 0.5469484720995266 0.4173706132860878 0
1813 0.5390086286013962 0.409307982025825 0
1814 0.2790481646674203 0.02383690572920272 0
1815 0.1620015892235247 0.02281166285157477 0
1816 0.563667322149638 0.02336413050091418 0
1817 0.2048844684555651 0.02612464960478178 0
1818 0.6159301592544597 0.4260197474949907 0
1819 0.7045970428469036 0.3303938549014744 0
1820 0.3818952906694041 0.02590230485818629 0
1821 0.4308637534586938 0.01802182504041228 0
1822 0.669037877969837 0.02675127488381079 0
1823 0.1959407839600744 0.017583250003194 0
1824 0.7107876504161688 0.1984148545130704 0
1825 0.3767794894539396 0.0171408675065946 0
1826 0.6163418416206797 0.02333285235628441 0
1827 0.5870051896390516 0.4210343248345985 0
1828 0.5351434783520286 0.4208804779299793 0
1829 0.5275239481775654 0.4112524515812186 0
1830 0.4274572185334508 0.3988889581329346 0
1831 0.4584135257528285 0.02091756913682735 0
1832 0.4701354277059436 0.01956109143905155 0
1833 0.6683443483276429 0.4289791659216687 0
1834 0.6768874042733736 0.4342865228600895 0
1835 0.7085956101468918 0.2592826789928467 0
1836 0.1550182163846878 0.01449819364197785 0
1837 0.5116669403569446 0.02013457187020778 0
1838 0.5855172225510612 0.01952964691619241 0
1839 0.7085883366408378 0.4106577291811172 0
1840 0.5020137872602319 0.01257348206460474 0
1841 0.4126309572378278 0.3819011090616106 0
1842 0.7117236600079729 0.3393091804337186 0
1843 0.7131550042667342 0.2786186751167473 0
1844 0.42417975134879 0.3497683339210738 0
1845 0.4051323621025327 0.3732370115028202 0
1846 0.4281542974142576 0.3390468513268022 0
1847 0.4438526565778796 0.296268543369169 0
1848 0.447659966186943 0.2855091184606915 0
1849 0.4400237482832302 0.3070275162663195 0
1850 0.4283937266963603 0.3089349756539083 0
1851 0.6814590795424714 0.3645051309541167 0
1852 0.6596394373983469 0.3382742997358834 0
1853 0.6669038712718655 0.3470524084960303 0
1854 0.652355562926159 0.3294582794356067 0
1855 0.6410181058684086 0.3311771330271126 0
1856 0.6195413845938303 0.2751088246243208 0
1857 0.6160227735752206 0.2556934693261296 0
1858 0.6564555930107097 0.4290133080599636 0
1859 0.6611230812806381 0.4183441484295294 0
1860 0.6466612879437367 0.4004116411477542 0
1861 0.471520890991599 0.3910259478547538 0
1862 0.4785687527936045 0.3995068960620575 0
1863 0.474694920044953 0.4100162640637749 0
1864 0.4857344581823432 0.4081520934652422 0
1865 0.4896544788685214 0.3976649737277518 0
1866 0.4968268758959051 0.4062856833600021 0
1867 0.5007595359098049 0.3957915665486856 0
1868 0.5079455480500046 0.404412007533181 0
1869 0.4928435976659047 0.4165508386899648 0
1870 0.5119228464473579 0.3940081285516844 0
1871 0.5192451056574157 0.4025456927105851 0
1872 0.515402931667275 0.4127187306883927 0
1873 0.4937652986508289 0.3872051710916954 0
1874 0.6451695648094136 0.3206238698439233 0
1875 0.6016978576367448 0.2079851756089363 0
1876 0.6556917700410515 0.3489953745614544 0
1877 0.436303714528779 0.2874913402121698 0
1878 0.641326213901217 0.3013659807791559 0
1879 0.4465083459677261 0.3757344036475457 0
1880 0.6321068012847164 0.3830197025750766 0
1881 0.6164544206711644 0.2254613074632153 0
1882 0.6238762039630488 0.2342073823878041 0
1883 0.5983432831551453 0.1884635848907739 0
1884 0.434980565606531 0.4082762387305872 0
1885 0.4227246240971593 0.4088780227967809 0
1886 0.4199497654940443 0.3903539386438284 0
1887 0.5308168056845607 0.4005272562789848 0
1888 0.5218320659934994 0.4214650649396688 0
1889 0.538386396358882 0.4329685029249035 0
1890 0.5155361339360449 0.4315374033875279 0
1891 0.3828807041033972 0.3169367547593439 0
1892 0.3945809593372435 0.2847318165262912 0
1893 0.5426066121539828 0.3986534588820698 0
1894 0.4504483250443345 0.3651406269648262 0
1895 0.3808991282741226 0.2064788218711368 0
1896 0.5058752021640007 0.1241707535026705 0
1897 0.4164856884829174 0.34109116987426 0
1898 0.4316734645761502 0.3280628957345774 0
1899 0.5651472961363719 0.3947648598541569 0
1900 0.7054830913990074 0.240474318935027 0
1901 0.6660840839527098 0.1765191827960464 0
1902 0.6360517518484893 0.3723745981472192 0
1903 0.617551001579203 0.3656202978204589 0
1904 0.5980561067223741 0.4186079336082156 0
1905 0.5955918670001582 0.4291330387149002 0
1906 0.5761341525542499 0.4246537846164215 0
1907 0.647463847513589 0.169745557129199 0
1908 0.4622400201312898 0.01025797450817262 0
1909 0.4469951656345078 0.02367361519881733 0
1910 0.6539816933308935 0.4092179164552195 0
1911 0.6507251889366755 0.3898035519304007 0
1912 0.7044930593486394 0.09925547726717338 0
1913 0.7150839099090072 0.09764193720142111 0
1914 0.7202728262074497 0.08685492678373535 0
1915 0.4554645033514945 0.2336059165894868 0
1916 0.4667280329862321 0.23164255114583 0
1917 0.665280296593635 0.407319012227614 0
1918 0.6934742031859554 0.1012889425133329 0
1919 0.6741065228619938 0.355809416068523 0
1920 0.6275524368663028 0.4232531463552897 0
1921 0.4628117388057103 0.2423866843551145 0
1922 0.4441909660817633 0.2356036565064143 0
1923 0.5175029888070344 0.3532396922959143 0
1924 0.6142484241293467 0.3462229218751093 0
1925 0.6069515106851827 0.3374983243736377 0
1926 0.5313529639769961 0.1700289678731339 0
1927 0.7209868296833634 0.3608281089106958 0
1928 0.3785139543220402 0.3578585444703472 0
1929 0.3711369208429485 0.3490867993137444 0
1930 0.3750674165953903 0.338358020749601 0
1931 0.6781793895559046 0.3450621160690552 0
1932 0.7019444177112137 0.00977226120800434 0
1933 0.7075611858210734 0.01975494473643813 0
1934 0.7201077889382155 0.01864870811174757 0
1935 0.7128648658428025 0.02918218782606208 0
1936 0.7061144203037437 0.0387268990786111 0
1937 0.5069994862632037 0.2950283907193554 0
1938 0.6019853290011414 0.4081831687933231 0
1939 0.4201983480211545 0.3602436975861255 0
1940 0.1874598254809619 0.09951811754231543 0
1941 0.1835264178333897 0.1102342263032517 0
1942 0.7212709714484137 0.3142624911344059 0
1943 0.7105001262366177 0.3203563701915711 0
1944 0.6527908538424383 0.2993546815669993 0
1945 0.6621499914800837 0.1872671513152496 0
1946 0.6582293310324726 0.1980075260475808 0
1947 0.6655917223074742 0.2067579587067532 0
1948 0.5737736433686214 0.3132665259693954 0
1949 0.5698653498099239 0.3239700928912388 0
1950 0.5586411811478276 0.3259366539429731 0
1951 0.5659653337200271 0.3346643397687493 0
1952 0.5547839275168324 0.3366475621206774 0
1953 0.5732723777497056 0.3433966235635583 0
1954 0.5474968404508191 0.3279446910078146 0
1955 0.1913740645319959 0.08874810194237792 0
1956 0.4771472555285691 0.3204285123353408 0
1957 0.5142629663955415 0.3037074236851049 0
1958 0.5104397903900774 0.3144446806375909 0
1959 0.7208813382845017 0.3828029533133117 0
1960 0.7109560203751832 0.3774960492415735 0
1961 0.7110205236676227 0.388134464903534 0
1962 0.7012437142256625 0.3834069846553687 0
1963 0.5952156538787855 0.3695283841982445 0
1964 0.5513386937542986 0.3172117373566163 0
1965 0.6794745649147992 0.009633250739748855 0
1966 0.6847253956446439 0.01912249714603464 0
1967 0.4922788182214182 0.277516091649631 0
1968 0.4848689130647683 0.2687054947931095 0
1969 0.4736146239844871 0.2706798793995787 0
1970 0.4699530688137902 0.2815203993686879 0
1971 0.5689917972550981 0.3841033939166921 0
1972 0.2611050222155323 0.1873036027785599 0
1973 0.2650268840894919 0.1765501651759007 0
1974 0.268954515018215 0.1657962334797593 0
1975 0.7197560508617383 0.2579204476467925 0
1976 0.6880391441511727 0.3731864212798432 0
1977 0.5708254467796556 0.2636406522846061 0
1978 0.566924864620327 0.2743625622352195 0
1979 0.6675173579679842 0.3168596366758227 0
1980 0.5343029324603297 0.2197904828038575 0
1981 0.5303797769332108 0.2305318847738159 0
1982 0.5191220419365752 0.2325133721431839 0
1983 0.52644951926623 0.2412872836516062 0
1984 0.5152015104406207 0.2432567325756618 0
1985 0.5225131217159251 0.2520444465480248 0
1986 0.5416171069016628 0.2285650976192682 0
1987 0.5117753032196471 0.2237508059669964 0
1988 0.7201846039072417 0.2901627122135314 0
1989 0.1054238915907203 0.009232736110735829 0
1990 0.109961575953258 0.02031799568571357 0
1991 0.1063074142489758 0.03283140672174623 0
1992 0.6425355162507679 0.2409415554932707 0
1993 0.6560579805171678 0.009465212923896793 0
1994 0.6278204402939032 0.2234526332987263 0
1995 0.6788624322958305 0.08375614769865281 0
1996 0.5039611498520222 0.414527264988939 0
1997 0.3872192031560756 0.2759499970635525 0
1998 0.6097022296233064 0.1864394032820791 0
1999 0.6057306075213248 0.1972033020708669 0
2000 0.5811040829582376 0.322003533050285 0
2001 0.4329115692213381 0.2375796690672969 0
2002 0.6332115802624833 0.009990253949555161 0
2003 0.6276196677258756 0.0201972637834435 0
2004 0.6103025681431412 0.01249750334374855 0
2005 0.6393914696677893 0.01986443472617605 0
2006 0.6040387366228827 0.02363393388866142 0
2007 0.6416049400616878 0.07017197317513835 0
2008 0.646962125786285 0.1999872587444413 0
2009 0.1281309313694662 0.009831603548526247 0
2010 0.5567853224241477 0.2158769495281539 0
2011 0.676862730684422 0.2047749370500803 0
2012 0.6729425053394458 0.2155140676778495 0
2013 0.6690039374032211 0.2262578427063396 0
2014 0.6763209665137182 0.2350224217270664 0
2015 0.6802685519208259 0.2242759979967366 0
2016 0.5039347875650948 0.2452369754703052 0
2017 0.6587412220884206 0.1677561643243426 0
2018 0.647980371105668 0.1394753640610687 0
2019 0.6978460967860992 0.06033735920047922 0
2020 0.710239242564333 0.05846247335832644 0
2021 0.6567050304517619 0.2886546471778009 0
2022 0.5949971578254226 0.1689251686436035 0
2023 0.5279141965885253 0.1505058203502214 0
2024 0.5724873942175787 0.1728863211101864 0
2025 0.6085831416166316 0.2469803357863624 0
2026 0.6120595309010685 0.2664131068539949 0
2027 0.5410396268001966 0.2588536678219835 0
2028 0.5391910961986398 0.1485220239572256 0
2029 0.3837904697925623 0.2564121023381221 0
2030 0.3877315687702699 0.2456289758409332 0
2031 0.3803579030658193 0.2368693788020187 0
2032 0.3950992341672523 0.2543893380540359 0
2033 0.391635684276394 0.2348900789143474 0
2034 0.3842777661683173 0.2261124870303982 0
2035 0.3911489979691442 0.2651883397681524 0
2036 0.402428044608636 0.2632044996719777 0
2037 0.6180899643810035 0.1346661201865054 0
2038 0.6293599297578247 0.1326872666466762 0
2039 0.6254404991850475 0.1434377073952277 0
2040 0.6367128240786998 0.1414580198304647 0
2041 0.6327828641213609 0.1522101077209488 0
2042 0.6141697675504558 0.145414913671479 0
2043 0.5648498844360332 0.01168744563811563 0
2044 0.1579908189512752 0.06436974516864913 0
2045 0.4402755436069832 0.2463590652871645 0
2046 0.7213485571021513 0.2343775621925479 0
2047 0.7211331048466547 0.2231019843397754 0
2048 0.6312610818902114 0.2429309318531066 0
2049 0.1432532346782195 0.04679971948616191 0
2050 0.4274290109586744 0.1077123236292687 0
2051 0.4161418333540839 0.1096980684189687 0
2052 0.4087762928152242 0.1009178793813822 0
2053 0.4048556915526055 0.1116857606485506 0
2054 0.4347947712883762 0.1164924240423357 0
2055 0.1952953217773842 0.07797779905325186 0
2056 0.3293164495834128 0.145107050871028 0
2057 0.3366784296330236 0.1538885985124516 0
2058 0.3479647652569179 0.1519040755896156 0
2059 0.2929779378482535 0.07087034498297362 0
2060 0.281687794584254 0.0728571234903852 0
2061 0.5781622394092852 0.2723879507564491 0
2062 0.6822737150985476 0.1032872739371896 0
2063 0.4760075500030197 0.1193218316402381 0
2064 0.4833530114080463 0.1281213460148212 0
2065 0.4794249841541856 0.1388781090723238 0
2066 0.2021742194012912 0.1170440814922445 0
2067 0.2095334349002247 0.1258201919105958 0
2068 0.2208321675183164 0.1238716681059493 0
2069 0.2168951751335378 0.1345985862495636 0
2070 0.2281983569332207 0.1326516885041417 0
2071 0.232121785257613 0.1218894935006283 0
2072 0.2242594443364541 0.1433706368695166 0
2073 0.3253926359504641 0.1558735061061973 0
2074 0.332754170682454 0.1646546917459733 0
2075 0.3214686187624596 0.166639586344048 0
2076 0.3288300735319478 0.1754203874031257 0
2077 0.340115464556442 0.1734359752708055 0
2078 0.3175451902145958 0.1774051166897125 0
2079 0.3249100998107713 0.1861847220438411 0
2080 0.3136216225350235 0.1881707981880323 0
2081 0.314105192900857 0.1578588604789814 0
2082 0.2545735142791822 0.0097043464964926 0
2083 0.2608090408100663 0.01810266206221911 0
2084 0.365639408682811 0.2193091355312826 0
2085 0.3769366396187184 0.217299301243223 0
2086 0.2775190942454616 0.009935625989642149 0
2087 0.2065878750737016 0.07599151072212273 0
2088 0.4122242539090438 0.1204634463551209 0
2089 0.1875038590434747 0.009297943080652904 0
2090 0.301049976667063 0.009694531421979846 0
2091 0.3062014481509975 0.01987086389580867 0
2092 0.3176730262314014 0.01987081416512149 0
2093 0.3115433532706907 0.02949796621880563 0
2094 0.3229173541217487 0.02919111595419244 0
2095 0.3290640482958452 0.01976838000721021 0
2096 0.3343617686174448 0.02880941685556992 0
2097 0.3813358653881558 0.1762564602502889 0
2098 0.3887212742147395 0.1850196969448622 0
2099 0.392617444020195 0.174275196544273 0
2100 0.3852585942760297 0.1654933389450128 0
2101 0.4039082385211618 0.1722810053274232 0
2102 0.407826826370618 0.1615245213008505 0
2103 0.4151976144378681 0.1702955291676593 0
2104 0.4264700438154603 0.1683185307420297 0
2105 0.4225848849464043 0.1790590541735486 0
2106 0.4338591360424056 0.1770804370712091 0
2107 0.4377554386109137 0.166330314421082 0
2108 0.4451344680983603 0.1750923861854696 0
2109 0.4303924901256805 0.1575545522281969 0
2110 0.6030316697685061 0.3481808313338615 0
2111 0.3518898282395795 0.1411366271565391 0
2112 0.5177099225589364 0.09184780360651817 0
2113 0.23260952157438 0.09157328589012037 0
2114 0.2399734943272726 0.1003577969050276 0
2115 0.2439007078502329 0.08958645218792732 0
2116 0.463297972469612 0.2121195472518374 0
2117 0.3463571137036856 0.009935547552851587 0
2118 0.3529759779061373 0.01935851836973479 0
2119 0.3406330558159861 0.01980103906533009 0
2120 0.3470370150111706 0.03034171289683329 0
2121 0.2772863870827368 0.1139491463751267 0
2122 0.284650045796646 0.1227323663445448 0
2123 0.2807259104167686 0.1335001737188299 0
2124 0.7038728972326769 0.129427617746132 0
2125 0.7003120577506886 0.140299746447992 0
2126 0.7112963667353412 0.136688045291284 0
2127 0.7096231430264763 0.1492199460008077 0
2128 0.7038091247058074 0.1598309719443051 0
2129 0.7111464464363962 0.1685990511944246 0
2130 0.7067005089117914 0.1791458983997193 0
2131 0.7190425157709518 0.1778481296883738 0
2132 0.686187984393917 0.09253205335875203 0
2133 0.7062132645762116 0.2093461767953395 0
2134 0.4037189348399551 0.009898393135071237 0
2135 0.4088769254578895 0.01991735602918288 0
2136 0.3981955728453639 0.02036011475526084 0
2137 0.3219534130725164 0.1363252252544299 0
2138 0.2200699968887314 0.01051171287759944 0
2139 0.213244085903872 0.01894180819974411 0
2140 0.2315734593035691 0.0111935954266274 0
2141 0.5646302248801833 0.1944028267021311 0
2142 0.3062573352885472 0.1793910216229501 0
2143 0.6891090995174195 0.1422991506027179 0
2144 0.382310019376119 0.115638477418435 0
2145 0.4980234063567803 0.1456931894265785 0
2146 0.2959391498619908 0.1207463704747377 0
2147 0.2434112479369342 0.1199041382004105 0
2148 0.2984106644464518 0.2009222201767302 0
2149 0.251266918007556 0.09836957854737055 0
2150 0.2694366491443058 0.1354857340910274 0
2151 0.2767986502267006 0.1442682725864332 0
2152 0.4127083120467993 0.09015125792737944 0
2153 0.2355630328483559 0.1414233641696315 0
2154 0.4371415280594131 0.009205323051138858 0
2155 0.3233967895117208 0.009918400943403238 0
2156 0.2782499335952475 0.05330241983183803 0
2157 0.3901596861289337 0.09411117274440012 0
2158 0.4460818158554705 0.1145061903349672 0
2159 0.1879287004478947 0.0691936896198565 0
2160 0.4137209406343549 0.2611436874288702 0
2161 0.3343141853822843 0.3052185961886611 0
2162 0.3456006336823189 0.3032999677679985 0
2163 0.5255517721370846 0.07032438962749715 0
2164 0.3263677510212477 0.09523785167020382 0
2165 0.3376572241527651 0.09325366971104598 0
2166 0.3415828480942953 0.08248391791277876 0
2167 0.3342205842402532 0.07369707208097659 0
2168 0.3759445704668399 0.2779368909816731 0
2169 0.2758551637392518 0.2048796547805693 0
2170 0.2832085902060502 0.2136654590187017 0
2171 0.2645589525041297 0.2068191852276099 0
2172 0.3097021628313953 0.1989346141151693 0
2173 0.328353233813427 0.2057243483462443 0
2174 0.2841683246096014 0.1530487138140124 0
2175 0.3690740771434458 0.2388552670003621 0
2176 0.3980165412761731 0.07256360913928639 0
2177 0.3269620922808222 0.2964735054441051 0
2178 0.3783863751634272 0.1264020587456663 0
2179 0.2763198530509103 0.1745775822290143 0
2180 0.4691408406839903 0.08022590096148652 0
2181 0.6700142459698366 0.1657701750400313 0
2182 0.3122248888287807 0.2788988015353195 0
2183 0.3161433516674441 0.2682103598248652 0
2184 0.5774023922228096 0.1015583144826416 0
2185 0.5734831349542869 0.1123156871338573 0
2186 0.2979583012996621 0.2312131506660513 0
2187 0.2754187539550659 0.235051094454177 0
2188 0.344039852677164 0.1626696255408579 0
2189 0.3361960398696907 0.1841984754299221 0
2190 0.5730101854373251 0.1425814600456037 0
2191 0.6269309295807706 0.283850108495449 0
2192 0.395574067095898 0.2240606342877306 0
2193 0.2385464140624983 0.1911225621645866 0
2194 0.3337291490151072 0.1040227045495895 0
2195 0.4809045052230997 0.04792407845006735 0
2196 0.2091139667867692 0.1559900329116996 0
2197 0.2238429190414875 0.1735433146764087 0
2198 0.2026643813871938 0.08676198705901395 0
2199 0.3592529885051985 0.1499167066725445 0
2200 0.1943729476391159 0.1384470824090694 0
2201 0.3474814398493321 0.1822116249321296 0
2202 0.6959235718651007 0.1812974619342076 0
2203 0.224757803263041 0.1131091386964485 0
2204 0.3553296489762118 0.1606817401539798 0
2205 0.4416737015264368 0.1555696891298904 0
2206 0.6171024367886121 0.1951812136888418 0
2207 0.3224408401218933 0.1060068686227513 0
2208 0.3278662434718392 0.2360282469659945 0
2209 0.5332527390021228 0.280279738075641 0
2210 0.3391498260771834 0.2340437838242044 0
2211 0.2944861509275056 0.2116867395753403 0
2212 0.6215145813357785 0.1541859328448893 0
2213 0.4171655781939715 0.04904557327224845 0
2214 0.3729966034312553 0.2280945900466018 0
2215 0.4563995750280396 0.1731117897347801 0
2216 0.4334008379667463 0.2072854812599692 0
2217 0.3396364126781931 0.2037392706999125 0
2218 0.5049129799716602 0.1847257780451836 0
2219 0.1771260033531826 0.04089138615460719 0
2220 0.6865436251319392 0.2934474333032494 0
2221 0.2330938844202454 0.0612458725518617 0
2222 0.4069035929979864 0.222025897608042 0
2223 0.3499468737051121 0.2623635137798933 0
2224 0.5185958134192122 0.2627731226235652 0
2225 0.3857462439911107 0.135184203985676 0
2226 0.1354512880773128 0.06824169703237815 0
2227 0.3455089276627015 0.07171458674662667 0
2228 0.4681542364372104 0.140846067385232 0
2229 0.5352718492997619 0.1592747930311122 0
2230 0.5446838607818261 0.04684105204698563 0
2231 0.5289688512596169 0.08989563624912195 0
2232 0.5347960183099998 0.1895358740719752 0
2233 0.3239656274381133 0.2467704968558355 0
2234 0.5122629472019682 0.1934944040946102 0
2235 0.6361985837100976 0.1717239520544361 0
2236 0.290577475628695 0.2224405316418339 0
2237 0.1208126574090957 0.05065204501889431 0
2238 0.5977775189199545 0.2187099942019642 0
2239 0.2964240996167329 0.09042452528862299 0
2240 0.4817994250068687 0.418675051315002 0
2241 0.4707101449963383 0.4205112633022506 0
2242 0.3042734373988592 0.06888266838768126 0
2243 0.3523773526262734 0.1108211432775246 0
2244 0.4902166838131694 0.1671721931890804 0
2245 0.3235324963137029 0.04601667564111939 0
2246 0.3602270822699045 0.0892836167324732 0
2247 0.4392020098316131 0.07540867716261118 0
2248 0.3680779721114609 0.0677421800031105 0
2249 0.719918582845479 0.1191229148141359 0
2250 0.3605517988999352 0.0285009697390245 0
2251 0.3872213637137658 0.04420970490275372 0
2252 0.6185860282799112 0.1043967661886926 0
2253 0.6112330544901927 0.09562425934187579 0
2254 0.4755054186465316 0.1496261063568973 0
2255 0.6376897695378553 0.08092670530597557 0
2256 0.4765008264676699 0.08900994014927094 0
2257 0.2070701874937126 0.04566190684936722 0
2258 0.5808438732078693 0.1210853692362159 0
2259 0.4421597771595372 0.1252698843839954 0
2260 0.2920150078973967 0.1315142157797038 0
2261 0.4711005080164442 0.1906637504097698 0
2262 0.4877861250491434 0.08702770349985028 0
2263 0.3386789254238817 0.2643449204599187 0
2264 0.4583397703630324 0.05187351609538854 0
2265 0.4500038486258596 0.1037417492193676 0
2266 0.6592489574086223 0.1374939653580328 0
2267 0.5666149290602591 0.07323941970519787 0
2268 0.4889278510589186 0.02673795314735072 0
2269 0.5583072230872423 0.12503754941609 0
2270 0.5147769747622208 0.04197076256212018 0
2271 0.4373252564978063 0.1965368353552811 0
2272 0.6783531961248661 0.1140285955954421 0
2273 0.6091502954168704 0.2166503396658284 0
2274 0.4956356447424937 0.06549424046651336 0
2275 0.6710078921194116 0.1052589219874757 0
2276 0.720802566813892 0.06285714285714289 0
2277 0.5842798942189839 0.1406034926027465 0
2278 0.5965270838266041 0.07806366892401762 0
2279 0.4318404435538493 0.0666248910625899 0
2280 0.6543064723583029 0.2087454222535791 0
2281 0.5749599477024436 0.02138273901367699 0
2282 0.6680874286731158 0.05545707160963104 0
2283 0.6519005100160699 0.1287279265273307 0
2284 0.7048438805284719 0.26976313994983 0
2285 0.7206052977656966 0.05178006358635906 0
2286 0.4858160207359107 0.2081946029815616 0
2287 0.6459868558441275 0.2604311163660304 0
2288 0.5465463511361097 0.1572907551067034 0
2289 0.3410906858678678 0.1128059634485957 0
2290 0.5857497534944439 0.04972918936041559 0
2291 0.1697123639573185 0.0320506604055093 0
2292 0.2370185366953901 0.0504812053605686 0
2293 0.3896686071675137 0.1244220384521283 0
2294 0.5387120135049044 0.1787909497212961 0
2295 0.675799925174733 0.2652294743857049 0
2296 0.641126846767033 0.1004437687154293 0
2297 0.3912349576033233 0.031030839926388 0
2298 0.5921171145973383 0.1191034755981928 0
2299 0.2890585242651429 0.08164113736104223 0
2300 0.2113387758743946 0.03565541981685261 0
2301 0.7024564546331755 0.4208118795851233 0
2302 0.2615873169937579 0.1570184517493982 0
2303 0.5972506461821875 0.2489603446835317 0
2304 0.2777683792764767 0.08362770982414641 0
2305 0.6421200063751812 0.03981709912051712 0
2306 0.2728777809211647 0.1550331875082261 0
2307 0.6170717934021771 0.4372063928220009 0
2308 0.5713339854483052 0.2334339485612544 0
2309 0.2360454091076671 0.1111243956248005 0
2310 0.5592612683520306 0.06445957562847532 0
2311 0.5620857436104423 0.3453528818391978 0
2312 0.5509397478724676 0.3473566512177307 0
2313 0.5405749104102776 0.2890246977650969 0
2314 0.5970254657772323 0.0477599600724577 0
2315 0.6489638144987011 0.07894395964806511 0
2316 0.6941953802174416 0.3023011967585212 0
2317 0.5187616673889475 0.03083801422145155 0
2318 0.2669644985401814 0.05529011562322694 0
2319 0.707450852556614 0.3497393109761669 0
2320 0.3824481158534512 0.3471101200900014 0
2321 0.6074623729545729 0.3073551633704041 0
2322 0.6972764237611218 0.321651019074725 0
2323 0.7020123776362092 0.311170499239227 0
2324 0.6386380041143661 0.2516799208057173 0
2325 0.5062937812956483 0.3552105657962253 0
2326 0.3450165439337489 0.1020384431622403 0
2327 0.6281839463020235 0.3936592297675254 0
2328 0.4804267905566247 0.07824506592213099 0
2329 0.49304177608595 0.4313515419475963 0
2330 0.3322747861359225 0.1949616995357447 0
2331 0.3489423094529351 0.09126918305658882 0
2332 0.6720143312799743 0.04470161177919435 0
2333 0.430875408127035 0.1272537074288442 0
2334 0.3209881521486762 0.1969477566293594 0
2335 0.6797112727814177 0.2545080377945915 0
2336 0.5762892668145366 0.3927983350675268 0
2337 0.6154869575350317 0.2857825919407188 0
2338 0.6041054414992396 0.2878682295803827 0
2339 0.2704020881999619 0.0748444500117007 0
2340 0.5694585325271724 0.3540952209081548 0
2341 0.5539514818234581 0.396725189327803 0
2342 0.5742655234111125 0.2831086200444858 0
2343 0.5471079369088037 0.3580374323614346 0
2344 0.4843512169729122 0.06747819436938551 0
2345 0.5466567922025178 0.3880157720219768 0
2346 0.4235096169100251 0.1184766685851442 0
2347 0.6723855437080014 0.2457553430796339 0
2348 0.2743255173134036 0.06407337095382015 0
2349 0.5769285211913121 0.131833373888871 0
2350 0.3528682019569597 0.08050098901984348 0
2351 0.6024851863428936 0.3782276941045098 0
2352 0.2556694592418049 0.05727793225697869 0
2353 0.3057782545177262 0.2096971824995205 0
2354 0.4985632788122885 0.1153612175180659 0
2355 0.5630269116916775 0.2850780024733836 0
2356 0.3567933048382765 0.06973026627976536 0
2357 0.4083092950660255 0.1312226897017202 0
2358 0.6401263591535458 0.1609766030805937 0
2359 0.5171385415335281 0.1222022131748629 0
2360 0.4093014668710875 0.07057666621407921 0
2361 0.600157066511893 0.29860577127702 0
2362 0.5284190764540497 0.1202184535190735 0
2363 0.4769876897292633 0.05869333120789322 0
2364 0.6906599371068201 0.4221828319613724 0
2365 0.4740728850148064 0.2404307806325184 0
2366 0.6770942140903907 0.3751774564277823 0
2367 0.6759343548524052 0.03457459453542328 0
2368 0.5323855272087361 0.1094372299355779 0
2369 0.5556944539971203 0.2763392323804572 0
2370 0.5247818785118634 0.3619629177163334 0
2371 0.4696250559385115 0.04989171591102859 0
2372 0.2483071432026374 0.04849616083857078 0
2373 0.5274458895048442 0.180774967757929 0
2374 0.3494310931171289 0.06094571059634285 0
2375 0.4009453986229981 0.1224448200541028 0
2376 0.4779854534137702 0.22967717271779 0
2377 0.3532535466580636 0.05014915630155403 0
2378 0.569576110371261 0.1230637997365682 0
2379 0.6337740987360474 0.09167639823778784 0
2380 0.639377476377178 0.3917196161413687 0
2381 0.5161787261834304 0.1827535074375655 0
2382 0.3459900028982809 0.0413894024972889 0
2383 0.2519672170524618 0.03800012909781758 0
2384 0.5286714284641414 0.3513008483575494 0
2385 0.4706436101855481 0.2208999711410601 0
2386 0.4735492878104223 0.03911769945097482 0
2387 0.3935865143423605 0.1136649490495481 0
2388 0.683639091979192 0.2437803718961817 0
2389 0.5622185728779712 0.1142878650317716 0
2390 0.5548751932219002 0.1055196239203441 0
2391 0.4474147794065212 0.3157008234621754 0
2392 0.6225010878707863 0.09365090507046486 0
2393 0.4775590022661792 0.02872112609116445 0
2394 0.6924466109317322 0.3914556889071217 0
2395 0.3975104072096322 0.1029062860327834 0
2396 0.5368063992305453 0.06838535776480908 0
2397 0.5088202288509815 0.1739851858847855 0
2398 0.3999993300680681 0.1830295892427133 0
2399 0.3734862125626602 0.1977668202691643 0
2400 0.4766624210816754 0.3504631578855262 0
2401 0.4014345769367721 0.09213349899398604 0
2402 0.6151423792772812 0.08488007789569424 0
2403 0.4745570720091933 0.2101614048424911 0
2404 0.6947420702440629 0.2419365500837577 0
2405 0.5444690573441433 0.2783127654653673 0
2406 0.5014676848812073 0.1652105079639237 0
2407 0.4205739969894308 0.06861394539105214 0
2408 0.3990678310811626 0.2435694517120809 0
2409 0.4053651501572865 0.08135711822357672 0
2410 0.6102948224209436 0.3568943940328769 0
2411 0.5376721399060437 0.2393387873018333 0
2412 0.3984859607046031 0.2739496598172986 0
2413 0.6333981799019119 0.3227855878634377 0
2414 0.6077898847375294 0.07610049289138227 0
2415 0.4941153887452845 0.1564365939184316 0
2416 0.2571976389086637 0.1980614310758348 0
2417 0.2940279359617287 0.2419149206241752 0
2418 0.6063865312423479 0.3675672683176478 0
2419 0.4867649764453128 0.1476621754050219 0
2420 0.5528642971756738 0.2265808429740702 0
2421 0.402037665294292 0.2933812934140513 0
2422 0.4395239450153887 0.3370319524847132 0
2423 0.3981116000055113 0.3041347903315602 0
2424 0.1761947108752827 0.1015005588278854 0
2425 0.4400794209654276 0.2766469784685438 0
2426 0.3867793354688375 0.3061909560435782 0
2427 0.5909647333258309 0.1797406077048948 0
2428 0.3274316628429577 0.2662821522024433 0
2429 0.4245055691653562 0.05784742234561169 0
2430 0.490687098573602 0.1369234811767072 0
2431 0.6117145631674979 0.06534775886263233 0
2432 0.3902706136955704 0.3256512592783634 0
2433 0.4284198208603727 0.04705797504078912 0
2434 0.1540785464414151 0.07512076431958714 0
2435 0.6156365524607377 0.054593859479586 0
2436 0.4693663994310091 0.3418038135910095 0
2437 0.4946151405697832 0.1261532320690183 0
2438 0.4211364725365729 0.03839139665913871 0
2439 0.4672167118238363 0.2013876781996714 0
2440 0.6082753789968522 0.04572136149523059 0
2441 0.3568663224490474 0.3014338110376841 0
2442 0.5371374953484299 0.2695833113233612 0
2443 0.1736786747396175 0.02134425418735753 0
2444 0.3529516715528185 0.3121264322065639 0
2445 0.4598602832938449 0.1926146371662757 0
2446 0.4662700034791266 0.2923135137089902 0
2447 0.5289331411408875 0.3211239829104701 0
2448 0.452508585096181 0.1838434017713743 0
2449 0.4810673462314471 0.2794711514429037 0
2450 0.6007941333829326 0.03647333953078435 0
2451 0.5298207479854743 0.2608226566773088 0
2452 0.5178309545907165 0.3231467781497686 0
2453 0.4098434868380759 0.2718984526270585 0
2454 0.463592627697686 0.4116559407856836 0
2455 0.4412425889092645 0.1858262193406347 0
2456 0.5436302777794977 0.1074947781753752 0
2457 0.4299671136692209 0.1878075477539738 0
2458 0.6287921620496039 0.3636592393053756 0
2459 0.4186877970774283 0.1897853413221242 0
2460 0.1250242451771927 0.04004565308006203 0
2461 0.4113048304700139 0.181032124791727 0
2462 0.4535567076406209 0.3843328014968247 0
2463 0.5409753430118693 0.00930748161411854 0
2464 0.3961206883481234 0.1937591198569136 0
2465 0.1320712750088449 0.04875979123651841 0
2466 0.5488991269466823 0.2373568869153262 0
2467 0.3848238462919731 0.1957514964749539 0
2468 0.3052702457415398 0.03890774828195886 0
2469 0.1393450194848848 0.05751425924204562 0
2470 0.1467150411744006 0.06631118792785784 0
2471 0.4732428471221155 0.3311212561769288 0
2472 0.1501488171169899 0.08583222956110148 0
2473 0.5337417624843862 0.2500765840838901 0
2474 0.1575175638074033 0.0946037181488511 0
2475 0.4882925144639907 0.3184621278360326 0
2476 0.1687823823723594 0.0926371495201927 0
2477 0.536298004264719 0.09870177311774575 0
2478 0.484418711530833 0.3291347920335757 0
2479 0.5236169147083858 0.01991407215205543 0
2480 0.1722167875333112 0.1121695919915814 0
2481 0.5402035428743266 0.08796397864299216 0
2482 0.5640612410093782 0.224693094310851 0
2483 0.5480488762183353 0.06643139695884726 0
2484 0.1795895567269311 0.1209436208640334 0
2485 0.1908820838987423 0.1189777586997228 0
2486 0.5328803308489652 0.07914285693055867 0
2487 0.633940521515628 0.2927313399038128 0
2488 0.1982351314789053 0.1277422135384964 0
2489 0.2055953163311573 0.1365170741660143 0
2490 0.2129582695205432 0.1452945203501955 0
2491 0.22033172297191 0.1540727082162568 0
2492 0.2276973795896394 0.1628518558514478 0
2493 0.2350539376704625 0.1716297435962589 0
2494 0.5398195918952026 0.3493605921868338 0
2495 0.2424147296593798 0.1804089930664858 0
2496 0.5519824099407584 0.05567763277171206 0
2497 0.2532538950198883 0.2087292614481099 0
2498 0.2900474467721575 0.2526105982034454 0
2499 0.2498153937238406 0.1892219486305722 0
2500 0.6199356495949391 0.2449553866321661 0
2501 0.5559124047879848 0.0449298896743387 0
2502 0.2606647961014482 0.2174995092703281 0
2503 0.2974234308457859 0.2613789319007559 0
2504 0.2719674242985168 0.2155793148508442 0
2505 0.5485930709570306 0.03616021886644588 0
2506 0.3087575164002146 0.2594356102582728 0
2507 0.3235344752006992 0.2770028786024062 0
2508 0.3200496074123178 0.2574999848078938 0
2509 0.5679904483986233 0.2139563774910586 0
2510 0.2793578162513856 0.2243557650029733 0
2511 0.3308888022414643 0.2857800393633612 0
2512 0.5525349904503374 0.02562273085364508 0
2513 0.3490203424761464 0.322818305936224 0
2514 0.2867196279522846 0.2331374538733144 0
2515 0.3382516951172987 0.29455767230545 0
2516 0.3563581575220477 0.3316029066787134 0
2517 0.5719126677619418 0.2032252233837053 0
2518 0.3495225265536662 0.2926054519966448 0
2519 0.3677095656609476 0.3296679411378291 0
2520 0.3789789675623995 0.3276586344970087 0
2521 0.6460492070952357 0.02923539686083343 0
2522 0.4358227850110514 0.3175949681592033 0
2523 0.5758237871620691 0.192469487721026 0
2524 0.579760459872221 0.1817089164748481 0
2525 0.6487415267617632 0.3099209840238085 0
2526 0.5067069607272545 0.3251558478359278 0
2527 0.6562566756091993 0.3187530283763863 0
2528 0.5436647486621397 0.3386572518128954 0
2529 0.5363319834739551 0.3299014457113064 0
2530 0.662710025737376 0.357819699186165 0
2531 0.4083446676778021 0.3924707198000594 0
2532 0.4243088370658901 0.3195685487141888 0
2533 0.4645349661556429 0.3824306002912412 0
2534 0.28933205275163 0.02134752699412579 0
2535 0.1225654380213935 0.02009119595314202 0
2536 0.4993840917254166 0.3165089618354223 0
2537 0.495961755187625 0.2971359800389439 0
2538 0.4885866424804059 0.2883399655083791 0
2539 0.5032243396818531 0.3057735558736028 0
2540 0.4091053577765648 0.3625187288241784 0
2541 0.4513060753731838 0.2747282295906506 0
2542 0.45879147618036 0.2835112890879893 0
2543 0.4826740714743893 0.3890374097567074 0
2544 0.710066547925438 0.3993175378274868 0
2545 0.3651429871912238 0.01824071650063469 0
2546 0.4868571782466163 0.3784779058223955 0
2547 0.5050327893160776 0.3852677382183974 0
2548 0.6391988191900957 0.4389194893723355 0
2549 0.4146487972138425 0.02944006321979115 0
2550 0.08310454183714888 0.008625048436857019 0
2551 0.5603366328239888 0.4345545709011455 0
2552 0.6957345183395652 0.01973918671367175 0
2553 0.7207361903086172 0.3938580007650854 0
2554 0.4925544376043315 0.01629046716213939 0
2555 0.5713568517688047 0.4347296363482552 0
2556 0.7214385880191424 0.2010569304546876 0
2557 0.5235280278122869 0.3919720994133692 0
2558 0.7209734982098591 0.1429235037290696 0
2559 0.2376993624231903 0.02071764835419732 0
2560 0.7213206685087487 0.1655555220580571 0
2561 0.6508441589357103 0.01904387170339694 0
2562 0.2489503359132966 0.01906947116778435 0
2563 0.474089131867889 0.009656819499079816 0
2564 0.5887421599562556 0.009881353998067166 0
2565 0.6503677133435027 0.4394627375145098 0
2566 0.1851629600692395 0.02042071252589245 0
2567 0.1339400162773665 0.01928988733774228 0
2568 0.5298026682651894 0.009248199786938138 0
2569 0.7076497767945901 0.4301137629634592 0
2570 0.4443680450052373 0.4227833107521904 0
2571 0.453169096470734 0.4259106200098802 0
2572 0.7217713308565218 0.3368657876370221 0
2573 0.1639422162408234 0.009270741748091726 0
2574 0.4709989994823899 0.4313501570774294 0
2575 0.6048377976166704 0.4253517376584227 0
2576 0.1178055818842155 0.03073623869731829 0
2577 0.7115835463942444 0.07873440764986139 0
2578 0.3701915708155549 0.009014940379195091 0
2579 0.2674919579891693 0.02608676716551428 0
2580 0.7107095461111985 0.1075740060304174 0
2581 0.7116656068307005 0.3669781226076245 0
2582 0.7116339577586274 0.04756041873858663 0
2583 0.7122945563855128 0.3076747460195235 0
2584 0.5545561587941168 0.4254741716412678 0
2585 0.2562326472934956 0.02773411610568088 0
2586 0.4202080982046078 0.01867476601681306 0
2587 0.6627779259944748 0.01849499317206416 0
2588 0.7233081472633844 0.2797465040939387 0
2589 0.481514962367927 0.01861738857349715 0
2590 0.711967442046844 0.2495265289237013 0
2591 0.3169824579374678 0.03825213866052807 0
2592 0.5101140694927266 0.4223982005710653 0
2593 0.6827106550692362 0.4414445873692145 0
2594 0.4430511314568646 0.4139450106977507 0
2595 0.7193974447147359 0.4141415404147327 0
2596 0.1445644320194276 0.01788099703100732 0
2597 0.5462771205587292 0.01826903281565218 0
2598 0.1979268196316255 0.008351828616976475 0
2599 0.7027266276867485 0.3927964053756938 0
2600 0.7227735911562979 0.02887199425112746 0
2601 0.7127099961523514 0.2166438013137227 0
2602 0.3827912619281367 0.008772213978235355 0
2603 0.6335980529293566 0.4303559685915022 0
2604 0.4596723170545176 0.4199670321963199 0
2605 0.5942248876040319 0.0184250101339597 0
2606 0.4260796297163532 0.009224883448007204 0
2607 0.6743116907195712 0.01838095354216029 0
2608 0.6967954869093169 0.4303277549791808 0
2609 0.7131046625185029 0.1595063170738226 0
2610 0.499015088714739 0.4231899938658349 0
2611 0.6866220340467025 0.432008769356696 0
2612 0.712982194288222 0.1266661271305717 0
2613 0.5940039686119877 0.4384621892128525 0
2614 0.7136739690959155 0.2972795913532536 0
2615 0.711864067375756 0.1871155396454156 0
2616 0.4941782996986331 0.007497623536037501 0
2617 0.2723617039550848 0.01722935538123843 0
2618 0.09004835173943992 0.01718932239342064 0
2619 0.3284277649302589 0.03723338371762741 0
2620 0.7222937454932215 0.008394439083908578 0
2621 0.1484123247882668 0.008463006992538102 0
2622 0.7123556963341218 0.3575077263042581 0
2623 0.7136176763874386 0.3304757017709097 0
2624 0.7020851714327853 0.4370713450148983 0
2625 0.7139848935196348 0.06862148911804083 0
2626 0.4283326406476998 0.4159205288425858 0
2627 0.5566347731014127 0.01773857115351968 0
2628 0.6927960033108034 0.3809716497711533 0
2629 0.6708683760463237 0.4410751379830568 0
2630 0.3883418244076184 0.01849796038813223 0
2631 0.2046700302748723 0.01719811907363827 0
2632 0.5448091385597825 0.4262121583683986 0
2633 0.6231451089520254 0.4306559764347361 0
2634 0.2975534486638216 0.01800072450488044 0
2635 0.7240042309034581 0.09708585852387741 0
2636 0.6787419608097056 0.02609162243026719 0
2637 0.7144813440782593 0.2399428850463881 0
2638 0.5098869268980468 0.008218818798129079 0
2639 0.09968878302333162 0.01603371751009181 0
2640 0.2832556308403023 0.01597111369806381 0
2641 0.4886594129236654 0.4236951304812542 0
2642 0.7143756970555207 0.2065614458764792 0
2643 0.2155520599914346 0.02784586393080113 0
2644 0.4396405528328842 0.01802321767663084 0
2645 0.3393467846937385 0.03664105481964447 0
2646 0.7132983495420457 0.2668758571894909 0
$EndNodes
$Elements
5292
1 15 2 6 1 1
2 15 2 7 14 14
3 1 2 4 1 1 15
4 1 2 4 1 15 16
5 1 2 4 1 16 17
6 1 2 4 1 17 18
7 1 2 4 1 18 19
8 1 2 4 1 19 2
9 1 2 4 3 3 25
10 1 2 4 3 25 26
11 1 2 4 3 26 27
12 1 2 4 3 27 28
13 1 2 4 3 28 29
14 1 2 4 3 29 30
15 1 2 4 3 30 31
16 1 2 4 3 31 32
17 1 2 4 3 32 4
18 1 2 4 4 4 33
19 1 2 4 4 33 34
20 1 2 4 4 34 35
21 1 2 4 4 35 36
22 1 2 4 4 36 37
23 1 2 4 4 37 38
24 1 2 4 4 38 39
25 1 2 4 4 39 40
26 1 2 4 4 40 41
27 1 2 4 4 41 42
28 1 2 4 4 42 5
29 1 2 4 5 5 43
30 1 2 4 5 43 44
31 1 2 4 5 44 45
32 1 2 4 5 45 46
33 1 2 4 5 46 47
34 1 2 4 5 47 48
35 1 2 4 5 48 49
36 1 2 4 5 49 50
37 1 2 4 5 50 51
38 1 2 4 5 51 52
39 1 2 4 5 52 53
40 1 2 4 5 53 54
41 1 2 4 5 54 55
42 1 2 4 5 55 56
43 1 2 4 5 56 57
44 1 2 4 5 57 58
45 1 2 4 5 58 59
46 1 2 4 5 59 60
47 1 2 4 5 60 61
48 1 2 4 5 61 62
49 1 2 4 5 62 63
50 1 2 4 5 63 64
51 1 2 4 5 64 65
52 1 2 4 5 65 66
53 1 2 4 5 66 67
54 1 2 4 5 67 68
55 1 2 4 5 68 69
56 1 2 4 5 69 70
57 1 2 4 5 70 71
58 1 2 4 5 71 72
59 1 2 4 5 72 73
60 1 2 4 5 73 74
61 1 2 4 5 74 75
62 1 2 4 5 75 76
63 1 2 4 5 76 77
64 1 2 4 5 77 78
65 1 2 4 5 78 79
66 1 2 4 5 79 80
67 1 2 4 5 80 81
68 1 2 4 5 81 82
69 1 2 4 5 82 83
70 1 2 4 5 83 84
71 1 2 4 5 84 85
72 1 2 4 5 85 86
73 1 2 4 5 86 87
74 1 2 4 5 87 88
75 1 2 4 5 88 89
76 1 2 4 5 89 90
77 1 2 4 5 90 91
78 1 2 4 5 91 6
79 1 2 5 6 6 92
80 1 2 5 6 92 93
81 1 2 5 6 93 94
82 1 2 5 6 94 95
83 1 2 5 6 95 96
84 1 2 5 6 96 7
85 1 2 5 12 12 206
86 1 2 5 12 206 207
87 1 2 5 12 207 208
88 1 2 5 12 208 209
89 1 2 5 12 209 13
90 1 2 4 13 13 210
91 1 2 4 13 210 211
92 1 2 4 13 211 212
93 1 2 4 13 212 213
94 1 2 4 13 213 214
95 1 2 4 13 214 215
96 1 2 4 13 215 216
97 1 2 4 13 216 217
98 1 2 4 13 217 218
99 1 2 4 13 218 219
100 1 2 4 13 219 220
101 1 2 4 13 220 221
102 1 2 4 13 221 222
103 1 2 4 13 222 223
104 1 2 4 13 223 224
105 1 2 4 13 224 225
106 1 2 4 13 225 226
107 1 2 4 13 226 227
108 1 2 4 13 227 228
109 1 2 4 13 228 229
110 1 2 4 13 229 230
111 1 2 4 13 230 231
112 1 2 4 13 231 232
113 1 2 4 13 232 233
114 1 2 4 13 233 234
115 1 2 4 13 234 235
116 1 2 4 13 235 236
117 1 2 4 13 236 237
118 1 2 4 13 237 238
119 1 2 4 13 238 239
120 1 2 4 13 239 240
121 1 2 4 13 240 241
122 1 2 4 13 241 242
123 1 2 4 13 242 243
124 1 2 4 13 243 14
125 1 2 4 14 14 244
126 1 2 4 14 244 245
127 1 2 4 14 245 246
128 1 2 4 14 246 247
129 1 2 4 14 247 248
130 1 2 4 14 248 249
131 1 2 4 14 249 250
132 1 2 4 14 250 251
133 1 2 4 14 251 252
134 1 2 4 14 252 253
135 1 2 4 14 253 254
136 1 2 4 14 254 255
137 1 2 4 14 255 256
138 1 2 4 14 256 1
139 1 2 4 15 2 257
140 1 2 4 15 257 258
141 1 2 4 15 258 259
142 1 2 4 15 259 3
143 1 2 5 16 7 260
144 1 2 5 16 260 261
145 1 2 5 16 261 262
146 1 2 5 16 262 263
147 1 2 5 16 263 264
148 1 2 5 16 264 265
149 1 2 5 16 265 266
150 1 2 5 16 266 267
151 1 2 5 16 267 268
152 1 2 5 16 268 269
153 1 2 5 16 269 270
154 1 2 5 16 270 271
155 1 2 5 16 271 272
156 1 2 5 16 272 273
157 1 2 5 16 273 274
158 1 2 5 16 274 275
159 1 2 5 16 275 276
160 1 2 5 16 276 277
161 1 2 5 16 277 278
162 1 2 5 16 278 279
163 1 2 5 16 279 280
164 1 2 5 16 280 281
165 1 2 5 16 281 282
166 1 2 5 16 282 283
167 1 2 5 16 283 284
168 1 2 5 16 284 285
169 1 2 5 16 285 286
170 1 2 5 16 286 287
171 1 2 5 16 287 288
172 1 2 5 16 288 289
173 1 2 5 16 289 290
174 1 2 5 16 290 291
175 1 2 5 16 291 292
176 1 2 5 16 292 293
177 1 2 5 16 293 294
178 1 2 5 16 294 295
179 1 2 5 16 295 296
180 1 2 5 16 296 297
181 1 2 5 16 297 298
182 1 2 5 16 298 299
183 1 2 5 16 299 300
184 1 2 5 16 300 301
185 1 2 5 16 301 302
186 1 2 5 16 302 303
187 1 2 5 16 303 304
188 1 2 5 16 304 305
189 1 2 5 16 305 306
190 1 2 5 16 306 307
191 1 2 5 16 307 308
192 1 2 5 16 308 309
193 1 2 5 16 309 310
194 1 2 5 16 310 311
195 1 2 5 16 311 312
196 1 2 5 16 312 313
197 1 2 5 16 313 314
198 1 2 5 16 314 315
199 1 2 5 16 315 316
200 1 2 5 16 316 12
201 2 2 2 1 669 813 668
202 2 2 2 1 668 813 371
203 2 2 2 1 424 426 414
204 2 2 2 1 394 759 749
205 2 2 2 1 160 756 159
206 2 2 2 1 422 428 425
207 2 2 2 1 449 726 450
208 2 2 2 1 425 446 424
209 2 2 2 1 367 449 441
210 2 2 2 1 159 756 446
211 2 2 2 1 515 690 684
212 2 2 2 1 496 659 370
213 2 2 2 1 752 758 396
214 2 2 2 1 684 690 330
215 2 2 2 1 370 819 496
216 2 2 2 1 99 484 98
217 2 2 2 1 326 663 519
218 2 2 2 1 519 662 326
219 2 2 2 1 21 424 414
220 2 2 2 1 422 425 23
221 2 2 2 1 732 819 370
222 2 2 2 1 22 425 424
223 2 2 2 1 519 666 325
224 2 2 2 1 325 662 519
225 2 2 2 1 693 810 503
226 2 2 2 1 624 716 694
227 2 2 2 1 708 709 601
228 2 2 2 1 601 709 635
229 2 2 2 1 615 712 614
230 2 2 2 1 615 719 712
231 2 2 2 1 623 716 624
232 2 2 2 1 345 726 449
233 2 2 2 1 500 681 387
234 2 2 2 1 387 696 500
235 2 2 2 1 392 470 469
236 2 2 2 1 371 670 668
237 2 2 2 1 319 772 474
238 2 2 2 1 429 693 503
239 2 2 2 1 346 731 730
240 2 2 2 1 656 810 683
241 2 2 2 1 330 690 479
242 2 2 2 1 730 731 583
243 2 2 2 1 591 696 387
244 2 2 2 1 387 700 591
245 2 2 2 1 479 734 330
246 2 2 2 1 487 488 363
247 2 2 2 1 347 729 728
248 2 2 2 1 660 733 374
249 2 2 2 1 728 729 579
250 2 2 2 1 509 733 660
251 2 2 2 1 396 764 752
252 2 2 2 1 656 683 504
253 2 2 2 1 500 787 419
254 2 2 2 1 417 520 490
255 2 2 2 1 479 502 329
256 2 2 2 1 419 681 500
257 2 2 2 1 348 727 725
258 2 2 2 1 605 703 639
259 2 2 2 1 379 715 609
260 2 2 2 1 621 714 342
261 2 2 2 1 609 718 379
262 2 2 2 1 340 710 630
263 2 2 2 1 345 719 615
264 2 2 2 1 630 721 340
265 2 2 2 1 630 710 336
266 2 2 2 1 340 721 634
267 2 2 2 1 616 706 599
268 2 2 2 1 634 717 340
269 2 2 2 1 626 711 596
270 2 2 2 1 619 720 638
271 2 2 2 1 596 704 626
272 2 2 2 1 341 717 634
273 2 2 2 1 609 707 389
274 2 2 2 1 614 712 388
275 2 2 2 1 594 713 642
276 2 2 2 1 389 718 609
277 2 2 2 1 620 716 623
278 2 2 2 1 725 727 575
279 2 2 2 1 342 788 621
280 2 2 2 1 638 790 619
281 2 2 2 1 634 792 341
282 2 2 2 1 388 793 614
283 2 2 2 1 642 794 594
284 2 2 2 1 639 798 605
285 2 2 2 1 336 802 630
286 2 2 2 1 599 800 616
287 2 2 2 1 623 803 620
288 2 2 2 1 615 726 345
289 2 2 2 1 446 818 159
290 2 2 2 1 433 444 10
291 2 2 2 1 785 786 508
292 2 2 2 1 349 724 723
293 2 2 2 1 587 786 785
294 2 2 2 1 520 521 490
295 2 2 2 1 723 724 571
296 2 2 2 1 416 482 481
297 2 2 2 1 749 765 394
298 2 2 2 1 171 449 367
299 2 2 2 1 496 827 659
300 2 2 2 1 689 782 585
301 2 2 2 1 483 735 368
302 2 2 2 1 591 700 386
303 2 2 2 1 350 701 699
304 2 2 2 1 449 450 441
305 2 2 2 1 699 701 567
306 2 2 2 1 386 806 591
307 2 2 2 1 418 484 99
308 2 2 2 1 351 698 697
309 2 2 2 1 501 502 470
310 2 2 2 1 697 698 563
311 2 2 2 1 329 734 479
312 2 2 2 1 451 455 317
313 2 2 2 1 654 782 689
314 2 2 2 1 416 481 480
315 2 2 2 1 352 692 691
316 2 2 2 1 691 692 559
317 2 2 2 1 392 501 470
318 2 2 2 1 347 728 583
319 2 2 2 1 583 731 347
320 2 2 2 1 353 688 687
321 2 2 2 1 687 688 555
322 2 2 2 1 455 456 317
323 2 2 2 1 467 664 473
324 2 2 2 1 670 739 459
325 2 2 2 1 371 739 670
326 2 2 2 1 348 725 579
327 2 2 2 1 749 759 750
328 2 2 2 1 579 729 348
329 2 2 2 1 354 686 685
330 2 2 2 1 368 510 483
331 2 2 2 1 685 686 551
332 2 2 2 1 488 489 363
333 2 2 2 1 98 484 416
334 2 2 2 1 349 723 575
335 2 2 2 1 795 804 604
336 2 2 2 1 791 801 600
337 2 2 2 1 754 822 457
338 2 2 2 1 610 804 795
339 2 2 2 1 646 801 791
340 2 2 2 1 474 772 445
341 2 2 2 1 575 727 349
342 2 2 2 1 460 754 457
343 2 2 2 1 679 682 355
344 2 2 2 1 363 661 487
345 2 2 2 1 515 684 331
346 2 2 2 1 547 682 679
347 2 2 2 1 350 699 571
348 2 2 2 1 571 724 350
349 2 2 2 1 675 677 356
350 2 2 2 1 543 677 675
351 2 2 2 1 331 820 515
352 2 2 2 1 24 775 422
353 2 2 2 1 351 697 567
354 2 2 2 1 414 769 20
355 2 2 2 1 671 772 495
356 2 2 2 1 567 701 351
357 2 2 2 1 357 674 673
358 2 2 2 1 673 674 539
359 2 2 2 1 732 769 414
360 2 2 2 1 352 691 563
361 2 2 2 1 465 779 666
362 2 2 2 1 430 505 428
363 2 2 2 1 666 776 465
364 2 2 2 1 358 678 672
365 2 2 2 1 738 825 464
366 2 2 2 1 563 698 352
367 2 2 2 1 96 480 423
368 2 2 2 1 672 678 535
369 2 2 2 1 463 738 464
370 2 2 2 1 445 772 671
371 2 2 2 1 353 687 559
372 2 2 2 1 359 702 676
373 2 2 2 1 329 502 501
374 2 2 2 1 559 692 353
375 2 2 2 1 474 767 319
376 2 2 2 1 466 664 467
377 2 2 2 1 354 685 555
378 2 2 2 1 757 763 443
379 2 2 2 1 676 702 531
380 2 2 2 1 443 762 758
381 2 2 2 1 471 477 476
382 2 2 2 1 422 775 431
383 2 2 2 1 555 688 354
384 2 2 2 1 437 760 753
385 2 2 2 1 166 433 10
386 2 2 2 1 355 682 551
387 2 2 2 1 442 758 752
388 2 2 2 1 360 737 695
389 2 2 2 1 507 773 733
390 2 2 2 1 444 781 10
391 2 2 2 1 551 686 355
392 2 2 2 1 356 677 547
393 2 2 2 1 471 502 477
394 2 2 2 1 547 679 356
395 2 2 2 1 357 673 543
396 2 2 2 1 147 451 317
397 2 2 2 1 142 466 321
398 2 2 2 1 669 771 33
399 2 2 2 1 543 675 357
400 2 2 2 1 695 737 527
401 2 2 2 1 358 672 539
402 2 2 2 1 168 447 167
403 2 2 2 1 170 439 169
404 2 2 2 1 140 476 391
405 2 2 2 1 7 480 96
406 2 2 2 1 466 467 321
407 2 2 2 1 539 674 358
408 2 2 2 1 473 664 464
409 2 2 2 1 359 676 535
410 2 2 2 1 361 741 527
411 2 2 2 1 43 501 5
412 2 2 2 1 415 521 520
413 2 2 2 1 6 92 91
414 2 2 2 1 33 813 669
415 2 2 2 1 361 743 741
416 2 2 2 1 360 695 531
417 2 2 2 1 469 815 392
418 2 2 2 1 535 678 359
419 2 2 2 1 481 735 483
420 2 2 2 1 415 522 521
421 2 2 2 1 160 774 756
422 2 2 2 1 476 477 391
423 2 2 2 1 480 481 423
424 2 2 2 1 430 812 505
425 2 2 2 1 470 502 471
426 2 2 2 1 531 702 360
427 2 2 2 1 511 735 680
428 2 2 2 1 37 740 36
429 2 2 2 1 323 810 693
430 2 2 2 1 464 664 462
431 2 2 2 1 741 743 523
432 2 2 2 1 664 805 462
433 2 2 2 1 733 773 432
434 2 2 2 1 815 825 372
435 2 2 2 1 455 670 456
436 2 2 2 1 5 501 392
437 2 2 2 1 426 427 414
438 2 2 2 1 495 772 658
439 2 2 2 1 251 751 250
440 2 2 2 1 422 430 428
441 2 2 2 1 527 737 361
442 2 2 2 1 413 526 525
443 2 2 2 1 683 810 323
444 2 2 2 1 418 485 484
445 2 2 2 1 362 784 489
446 2 2 2 1 736 815 372
447 2 2 2 1 397 763 757
448 2 2 2 1 447 814 167
449 2 2 2 1 472 746 427
450 2 2 2 1 489 768 362
451 2 2 2 1 753 760 395
452 2 2 2 1 758 762 396
453 2 2 2 1 477 502 479
454 2 2 2 1 439 817 169
455 2 2 2 1 105 524 104
456 2 2 2 1 490 780 417
457 2 2 2 1 759 761 437
458 2 2 2 1 90 755 438
459 2 2 2 1 465 776 375
460 2 2 2 1 416 484 482
461 2 2 2 1 11 449 171
462 2 2 2 1 456 457 317
463 2 2 2 1 413 525 524
464 2 2 2 1 362 768 523
465 2 2 2 1 488 490 489
466 2 2 2 1 329 501 43
467 2 2 2 1 471 475 468
468 2 2 2 1 141 476 140
469 2 2 2 1 456 670 459
470 2 2 2 1 478 513 512
471 2 2 2 1 148 451 147
472 2 2 2 1 143 466 142
473 2 2 2 1 471 476 475
474 2 2 2 1 8 475 141
475 2 2 2 1 97 480 7
476 2 2 2 1 139 512 138
477 2 2 2 1 523 743 362
478 2 2 2 1 680 735 482
479 2 2 2 1 445 671 444
480 2 2 2 1 328 740 37
481 2 2 2 1 412 530 529
482 2 2 2 1 413 524 105
483 2 2 2 1 104 524 415
484 2 2 2 1 658 826 495
485 2 2 2 1 437 761 760
486 2 2 2 1 107 528 106
487 2 2 2 1 493 494 492
488 2 2 2 1 372 825 738
489 2 2 2 1 443 763 762
490 2 2 2 1 491 492 369
491 2 2 2 1 522 523 521
492 2 2 2 1 491 493 492
493 2 2 2 1 472 816 746
494 2 2 2 1 9 655 320
495 2 2 2 1 435 445 444
496 2 2 2 1 527 741 525
497 2 2 2 1 747 752 748
498 2 2 2 1 412 529 528
499 2 2 2 1 513 690 515
500 2 2 2 1 138 512 393
501 2 2 2 1 481 483 423
502 2 2 2 1 477 478 391
503 2 2 2 1 368 735 511
504 2 2 2 1 415 524 522
505 2 2 2 1 163 491 369
506 2 2 2 1 468 475 321
507 2 2 2 1 391 512 139
508 2 2 2 1 156 505 324
509 2 2 2 1 450 726 722
510 2 2 2 1 526 527 525
511 2 2 2 1 494 496 492
512 2 2 2 1 106 528 413
513 2 2 2 1 412 528 107
514 2 2 2 1 250 751 421
515 2 2 2 1 418 486 485
516 2 2 2 1 88 510 368
517 2 2 2 1 467 468 321
518 2 2 2 1 373 493 491
519 2 2 2 1 435 444 433
520 2 2 2 1 419 504 211
521 2 2 2 1 205 429 204
522 2 2 2 1 493 495 494
523 2 2 2 1 497 498 343
524 2 2 2 1 416 480 97
525 2 2 2 1 429 503 497
526 2 2 2 1 505 744 428
527 2 2 2 1 755 783 438
528 2 2 2 1 413 528 526
529 2 2 2 1 411 534 533
530 2 2 2 1 479 690 478
531 2 2 2 1 203 497 343
532 2 2 2 1 499 589 588
533 2 2 2 1 109 532 108
534 2 2 2 1 497 503 498
535 2 2 2 1 375 811 465
536 2 2 2 1 434 435 433
537 2 2 2 1 406 554 553
538 2 2 2 1 405 558 557
539 2 2 2 1 202 588 201
540 2 2 2 1 404 562 561
541 2 2 2 1 403 566 565
542 2 2 2 1 399 582 581
543 2 2 2 1 400 578 577
544 2 2 2 1 402 570 569
545 2 2 2 1 401 574 573
546 2 2 2 1 429 497 204
547 2 2 2 1 407 550 549
548 2 2 2 1 373 491 164
549 2 2 2 1 475 476 141
550 2 2 2 1 393 665 137
551 2 2 2 1 739 740 459
552 2 2 2 1 157 505 156
553 2 2 2 1 411 533 532
554 2 2 2 1 408 546 545
555 2 2 2 1 149 655 9
556 2 2 2 1 211 504 210
557 2 2 2 1 530 531 529
558 2 2 2 1 212 419 211
559 2 2 2 1 406 553 552
560 2 2 2 1 405 557 556
561 2 2 2 1 404 561 560
562 2 2 2 1 156 324 155
563 2 2 2 1 403 565 564
564 2 2 2 1 398 585 584
565 2 2 2 1 399 581 580
566 2 2 2 1 400 577 576
567 2 2 2 1 401 573 572
568 2 2 2 1 402 569 568
569 2 2 2 1 163 369 162
570 2 2 2 1 165 373 164
571 2 2 2 1 121 556 120
572 2 2 2 1 407 549 548
573 2 2 2 1 119 552 118
574 2 2 2 1 435 474 445
575 2 2 2 1 123 560 122
576 2 2 2 1 125 564 124
577 2 2 2 1 135 584 134
578 2 2 2 1 133 580 132
579 2 2 2 1 131 576 130
580 2 2 2 1 127 568 126
581 2 2 2 1 129 572 128
582 2 2 2 1 90 438 89
583 2 2 2 1 117 548 116
584 2 2 2 1 506 507 327
585 2 2 2 1 5 392 42
586 2 2 2 1 41 372 40
587 2 2 2 1 35 371 34
588 2 2 2 1 409 542 541
589 2 2 2 1 408 545 544
590 2 2 2 1 154 506 327
591 2 2 2 1 38 328 37
592 2 2 2 1 108 532 412
593 2 2 2 1 411 532 109
594 2 2 2 1 410 538 537
595 2 2 2 1 412 532 530
596 2 2 2 1 115 544 114
597 2 2 2 1 201 588 338
598 2 2 2 1 324 506 155
599 2 2 2 1 409 541 540
600 2 2 2 1 406 552 119
601 2 2 2 1 405 556 121
602 2 2 2 1 404 560 123
603 2 2 2 1 531 695 529
604 2 2 2 1 403 564 125
605 2 2 2 1 398 584 135
606 2 2 2 1 399 580 133
607 2 2 2 1 400 576 131
608 2 2 2 1 402 568 127
609 2 2 2 1 401 572 129
610 2 2 2 1 320 655 453
611 2 2 2 1 111 536 110
612 2 2 2 1 407 548 117
613 2 2 2 1 410 537 536
614 2 2 2 1 366 433 166
615 2 2 2 1 36 740 739
616 2 2 2 1 478 690 513
617 2 2 2 1 113 540 112
618 2 2 2 1 477 479 478
619 2 2 2 1 164 491 163
620 2 2 2 1 408 544 115
621 2 2 2 1 343 588 202
622 2 2 2 1 486 487 485
623 2 2 2 1 88 368 87
624 2 2 2 1 422 431 430
625 2 2 2 1 409 540 113
626 2 2 2 1 410 536 111
627 2 2 2 1 120 556 406
628 2 2 2 1 122 560 405
629 2 2 2 1 118 552 407
630 2 2 2 1 124 564 404
631 2 2 2 1 134 584 399
632 2 2 2 1 132 580 400
633 2 2 2 1 534 535 533
634 2 2 2 1 126 568 403
635 2 2 2 1 130 576 401
636 2 2 2 1 128 572 402
637 2 2 2 1 318 805 664
638 2 2 2 1 116 548 408
639 2 2 2 1 144 754 318
640 2 2 2 1 554 555 553
641 2 2 2 1 558 559 557
642 2 2 2 1 562 563 561
643 2 2 2 1 566 567 565
644 2 2 2 1 582 583 581
645 2 2 2 1 578 579 577
646 2 2 2 1 570 571 569
647 2 2 2 1 574 575 573
648 2 2 2 1 550 551 549
649 2 2 2 1 4 375 32
650 2 2 2 1 512 513 393
651 2 2 2 1 438 510 89
652 2 2 2 1 524 525 522
653 2 2 2 1 546 547 545
654 2 2 2 1 368 511 87
655 2 2 2 1 518 587 586
656 2 2 2 1 86 511 364
657 2 2 2 1 114 544 409
658 2 2 2 1 478 512 391
659 2 2 2 1 110 536 411
660 2 2 2 1 30 586 29
661 2 2 2 1 456 458 457
662 2 2 2 1 542 543 541
663 2 2 2 1 411 536 534
664 2 2 2 1 31 516 376
665 2 2 2 1 516 517 376
666 2 2 2 1 419 656 504
667 2 2 2 1 538 539 537
668 2 2 2 1 112 540 410
669 2 2 2 1 406 556 554
670 2 2 2 1 405 560 558
671 2 2 2 1 404 564 562
672 2 2 2 1 442 752 747
673 2 2 2 1 403 568 566
674 2 2 2 1 399 584 582
675 2 2 2 1 400 580 578
676 2 2 2 1 402 572 570
677 2 2 2 1 401 576 574
678 2 2 2 1 407 552 550
679 2 2 2 1 514 665 393
680 2 2 2 1 528 529 526
681 2 2 2 1 27 374 26
682 2 2 2 1 482 735 481
683 2 2 2 1 508 652 327
684 2 2 2 1 408 548 546
685 2 2 2 1 98 416 97
686 2 2 2 1 204 497 203
687 2 2 2 1 29 586 377
688 2 2 2 1 532 533 530
689 2 2 2 1 426 472 427
690 2 2 2 1 486 488 487
691 2 2 2 1 498 500 499
692 2 2 2 1 409 544 542
693 2 2 2 1 415 520 103
694 2 2 2 1 513 514 393
695 2 2 2 1 410 540 538
696 2 2 2 1 513 515 514
697 2 2 2 1 161 816 472
698 2 2 2 1 376 586 30
699 2 2 2 1 366 434 433
700 2 2 2 1 536 537 534
701 2 2 2 1 155 506 154
702 2 2 2 1 556 557 554
703 2 2 2 1 560 561 558
704 2 2 2 1 564 565 562
705 2 2 2 1 568 569 566
706 2 2 2 1 584 585 582
707 2 2 2 1 580 581 578
708 2 2 2 1 572 573 570
709 2 2 2 1 576 577 574
710 2 2 2 1 552 553 550
711 2 2 2 1 548 549 546
712 2 2 2 1 588 589 338
713 2 2 2 1 102 520 417
714 2 2 2 1 544 545 542
715 2 2 2 1 540 541 538
716 2 2 2 1 458 460 457
717 2 2 2 1 136 398 135
718 2 2 2 1 140 391 139
719 2 2 2 1 118 407 117
720 2 2 2 1 116 408 115
721 2 2 2 1 114 409 113
722 2 2 2 1 110 411 109
723 2 2 2 1 134 399 133
724 2 2 2 1 120 406 119
725 2 2 2 1 112 410 111
726 2 2 2 1 130 401 129
727 2 2 2 1 132 400 131
728 2 2 2 1 104 415 103
729 2 2 2 1 126 403 125
730 2 2 2 1 108 412 107
731 2 2 2 1 124 404 123
732 2 2 2 1 100 418 99
733 2 2 2 1 102 417 101
734 2 2 2 1 106 413 105
735 2 2 2 1 138 393 137
736 2 2 2 1 122 405 121
737 2 2 2 1 128 402 127
738 2 2 2 1 586 587 377
739 2 2 2 1 103 520 102
740 2 2 2 1 87 511 86
741 2 2 2 1 89 510 88
742 2 2 2 1 589 590 338
743 2 2 2 1 250 421 249
744 2 2 2 1 245 397 244
745 2 2 2 1 253 394 252
746 2 2 2 1 256 395 255
747 2 2 2 1 248 396 247
748 2 2 2 1 517 519 518
749 2 2 2 1 517 518 376
750 2 2 2 1 29 377 28
751 2 2 2 1 31 376 30
752 2 2 2 1 589 591 590
753 2 2 2 1 622 624 386
754 2 2 2 1 195 643 194
755 2 2 2 1 382 622 217
756 2 2 2 1 617 643 195
757 2 2 2 1 217 622 216
758 2 2 2 1 194 643 379
759 2 2 2 1 606 610 607
760 2 2 2 1 223 606 344
761 2 2 2 1 227 639 226
762 2 2 2 1 623 624 622
763 2 2 2 1 334 639 227
764 2 2 2 1 344 637 222
765 2 2 2 1 224 606 223
766 2 2 2 1 644 646 645
767 2 2 2 1 608 638 637
768 2 2 2 1 382 623 622
769 2 2 2 1 390 631 183
770 2 2 2 1 236 644 235
771 2 2 2 1 599 625 597
772 2 2 2 1 216 622 386
773 2 2 2 1 380 642 641
774 2 2 2 1 241 611 240
775 2 2 2 1 182 631 385
776 2 2 2 1 598 599 597
777 2 2 2 1 339 611 241
778 2 2 2 1 383 598 597
779 2 2 2 1 390 633 632
780 2 2 2 1 641 642 633
781 2 2 2 1 611 616 335
782 2 2 2 1 608 637 344
783 2 2 2 1 613 615 614
784 2 2 2 1 242 647 339
785 2 2 2 1 384 650 620
786 2 2 2 1 613 614 612
787 2 2 2 1 196 617 195
788 2 2 2 1 183 631 182
789 2 2 2 1 390 641 633
790 2 2 2 1 339 647 613
791 2 2 2 1 607 609 608
792 2 2 2 1 333 644 236
793 2 2 2 1 606 607 344
794 2 2 2 1 613 649 615
795 2 2 2 1 189 378 188
796 2 2 2 1 225 337 224
797 2 2 2 1 229 592 228
798 2 2 2 1 600 601 598
799 2 2 2 1 383 597 177
800 2 2 2 1 380 641 185
801 2 2 2 1 180 381 179
802 2 2 2 1 235 336 234
803 2 2 2 1 240 335 239
804 2 2 2 1 592 593 334
805 2 2 2 1 383 640 600
806 2 2 2 1 233 340 232
807 2 2 2 1 602 651 604
808 2 2 2 1 178 383 177
809 2 2 2 1 385 628 627
810 2 2 2 1 629 630 628
811 2 2 2 1 14 420 243
812 2 2 2 1 179 640 178
813 2 2 2 1 182 385 181
814 2 2 2 1 339 612 611
815 2 2 2 1 607 608 344
816 2 2 2 1 604 605 603
817 2 2 2 1 176 625 175
818 2 2 2 1 242 339 241
819 2 2 2 1 633 634 632
820 2 2 2 1 175 388 174
821 2 2 2 1 199 332 198
822 2 2 2 1 337 606 224
823 2 2 2 1 237 333 236
824 2 2 2 1 390 632 631
825 2 2 2 1 620 621 618
826 2 2 2 1 197 384 196
827 2 2 2 1 201 338 200
828 2 2 2 1 203 343 202
829 2 2 2 1 618 619 617
830 2 2 2 1 192 389 191
831 2 2 2 1 194 379 193
832 2 2 2 1 218 382 217
833 2 2 2 1 231 341 230
834 2 2 2 1 216 386 215
835 2 2 2 1 220 342 219
836 2 2 2 1 184 390 183
837 2 2 2 1 185 641 184
838 2 2 2 1 186 380 185
839 2 2 2 1 223 344 222
840 2 2 2 1 214 387 213
841 2 2 2 1 637 638 636
842 2 2 2 1 228 592 334
843 2 2 2 1 595 639 334
844 2 2 2 1 172 345 11
845 2 2 2 1 228 334 227
846 2 2 2 1 190 651 602
847 2 2 2 1 222 637 221
848 2 2 2 1 602 604 603
849 2 2 2 1 197 650 384
850 2 2 2 1 235 644 336
851 2 2 2 1 383 600 598
852 2 2 2 1 229 648 592
853 2 2 2 1 593 596 595
854 2 2 2 1 385 627 181
855 2 2 2 1 592 594 593
856 2 2 2 1 187 626 186
857 2 2 2 1 240 611 335
858 2 2 2 1 593 595 334
859 2 2 2 1 384 620 618
860 2 2 2 1 601 635 598
861 2 2 2 1 243 647 242
862 2 2 2 1 191 651 190
863 2 2 2 1 644 645 336
864 2 2 2 1 385 629 628
865 2 2 2 1 420 649 647
866 2 2 2 1 619 643 617
867 2 2 2 1 177 597 176
868 2 2 2 1 385 631 629
869 2 2 2 1 598 635 599
870 2 2 2 1 181 627 180
871 2 2 2 1 337 610 606
872 2 2 2 1 178 640 383
873 2 2 2 1 420 647 243
874 2 2 2 1 381 640 179
875 2 2 2 1 341 648 230
876 2 2 2 1 631 632 629
877 2 2 2 1 220 636 342
878 2 2 2 1 221 636 220
879 2 2 2 1 597 625 176
880 2 2 2 1 339 613 612
881 2 2 2 1 186 626 380
882 2 2 2 1 612 616 611
883 2 2 2 1 175 625 388
884 2 2 2 1 384 617 196
885 2 2 2 1 184 641 390
886 2 2 2 1 221 637 636
887 2 2 2 1 230 648 229
888 2 2 2 1 384 618 617
889 2 2 2 1 647 649 613
890 2 2 2 1 190 602 189
891 2 2 2 1 333 646 644
892 2 2 2 1 602 603 378
893 2 2 2 1 592 648 594
894 2 2 2 1 389 651 191
895 2 2 2 1 198 650 197
896 2 2 2 1 189 602 378
897 2 2 2 1 180 627 381
898 2 2 2 1 332 650 198
899 2 2 2 1 32 516 31
900 2 2 2 1 152 326 151
901 2 2 2 1 154 327 153
902 2 2 2 1 153 652 152
903 2 2 2 1 150 325 149
904 2 2 2 1 152 652 326
905 2 2 2 1 327 652 153
906 2 2 2 1 367 441 440
907 2 2 2 1 169 365 168
908 2 2 2 1 167 366 166
909 2 2 2 1 171 367 170
910 2 2 2 1 518 586 376
911 2 2 2 1 365 447 168
912 2 2 2 1 367 439 170
913 2 2 2 1 441 443 440
914 2 2 2 1 507 509 508
915 2 2 2 1 440 442 439
916 2 2 2 1 375 516 32
917 2 2 2 1 367 440 439
918 2 2 2 1 365 448 447
919 2 2 2 1 50 346 49
920 2 2 2 1 52 347 51
921 2 2 2 1 54 348 53
922 2 2 2 1 49 653 48
923 2 2 2 1 44 329 43
924 2 2 2 1 56 349 55
925 2 2 2 1 58 350 57
926 2 2 2 1 74 358 73
927 2 2 2 1 66 354 65
928 2 2 2 1 60 351 59
929 2 2 2 1 84 363 83
930 2 2 2 1 68 355 67
931 2 2 2 1 82 362 81
932 2 2 2 1 76 359 75
933 2 2 2 1 78 360 77
934 2 2 2 1 86 364 85
935 2 2 2 1 70 356 69
936 2 2 2 1 72 357 71
937 2 2 2 1 62 352 61
938 2 2 2 1 64 353 63
939 2 2 2 1 80 361 79
940 2 2 2 1 46 330 45
941 2 2 2 1 48 331 47
942 2 2 2 1 507 508 327
943 2 2 2 1 498 499 343
944 2 2 2 1 509 785 508
945 2 2 2 1 436 437 434
946 2 2 2 1 48 653 331
947 2 2 2 1 346 653 49
948 2 2 2 1 493 671 495
949 2 2 2 1 653 654 331
950 2 2 2 1 256 767 395
951 2 2 2 1 590 657 338
952 2 2 2 1 199 657 332
953 2 2 2 1 338 657 200
954 2 2 2 1 499 588 343
955 2 2 2 1 461 462 460
956 2 2 2 1 345 449 11
957 2 2 2 1 27 660 374
958 2 2 2 1 366 436 434
959 2 2 2 1 519 663 518
960 2 2 2 1 589 696 591
961 2 2 2 1 463 464 462
962 2 2 2 1 398 689 585
963 2 2 2 1 96 423 95
964 2 2 2 1 472 774 161
965 2 2 2 1 200 657 199
966 2 2 2 1 377 660 28
967 2 2 2 1 500 696 499
968 2 2 2 1 535 676 533
969 2 2 2 1 212 681 419
970 2 2 2 1 150 662 325
971 2 2 2 1 326 662 151
972 2 2 2 1 84 661 363
973 2 2 2 1 364 661 85
974 2 2 2 1 19 370 18
975 2 2 2 1 21 414 20
976 2 2 2 1 142 321 8
977 2 2 2 1 9 320 148
978 2 2 2 1 147 317 146
979 2 2 2 1 144 318 143
980 2 2 2 1 467 473 469
981 2 2 2 1 137 665 136
982 2 2 2 1 474 753 395
983 2 2 2 1 18 659 17
984 2 2 2 1 24 422 23
985 2 2 2 1 394 761 759
986 2 2 2 1 17 322 16
987 2 2 2 1 16 658 15
988 2 2 2 1 15 319 1
989 2 2 2 1 551 682 549
990 2 2 2 1 663 786 587
991 2 2 2 1 458 461 460
992 2 2 2 1 555 685 553
993 2 2 2 1 547 677 545
994 2 2 2 1 559 687 557
995 2 2 2 1 467 469 468
996 2 2 2 1 539 672 537
997 2 2 2 1 543 673 541
998 2 2 2 1 395 767 474
999 2 2 2 1 563 691 561
1000 2 2 2 1 461 463 462
1001 2 2 2 1 518 663 587
1002 2 2 2 1 567 697 565
1003 2 2 2 1 320 451 148
1004 2 2 2 1 318 466 143
1005 2 2 2 1 654 820 331
1006 2 2 2 1 571 699 569
1007 2 2 2 1 575 723 573
1008 2 2 2 1 579 725 577
1009 2 2 2 1 419 787 656
1010 2 2 2 1 583 728 581
1011 2 2 2 1 483 667 423
1012 2 2 2 1 456 459 458
1013 2 2 2 1 22 424 21
1014 2 2 2 1 28 660 27
1015 2 2 2 1 325 655 149
1016 2 2 2 1 23 425 22
1017 2 2 2 1 452 455 451
1018 2 2 2 1 748 749 448
1019 2 2 2 1 85 661 84
1020 2 2 2 1 157 744 505
1021 2 2 2 1 151 662 150
1022 2 2 2 1 496 746 492
1023 2 2 2 1 423 667 95
1024 2 2 2 1 517 666 519
1025 2 2 2 1 538 673 539
1026 2 2 2 1 95 667 94
1027 2 2 2 1 507 733 509
1028 2 2 2 1 387 681 213
1029 2 2 2 1 72 674 357
1030 2 2 2 1 358 674 73
1031 2 2 2 1 320 452 451
1032 2 2 2 1 370 659 18
1033 2 2 2 1 470 471 468
1034 2 2 2 1 70 675 356
1035 2 2 2 1 357 675 71
1036 2 2 2 1 91 755 90
1037 2 2 2 1 542 677 543
1038 2 2 2 1 359 678 75
1039 2 2 2 1 74 678 358
1040 2 2 2 1 136 665 398
1041 2 2 2 1 469 470 468
1042 2 2 2 1 534 672 535
1043 2 2 2 1 17 659 322
1044 2 2 2 1 431 432 430
1045 2 2 2 1 356 679 69
1046 2 2 2 1 68 679 355
1047 2 2 2 1 15 658 319
1048 2 2 2 1 322 658 16
1049 2 2 2 1 546 682 547
1050 2 2 2 1 46 684 330
1051 2 2 2 1 331 684 47
1052 2 2 2 1 66 686 354
1053 2 2 2 1 355 686 67
1054 2 2 2 1 64 688 353
1055 2 2 2 1 354 688 65
1056 2 2 2 1 386 700 215
1057 2 2 2 1 214 700 387
1058 2 2 2 1 218 714 382
1059 2 2 2 1 639 703 226
1060 2 2 2 1 609 715 608
1061 2 2 2 1 237 708 333
1062 2 2 2 1 638 720 636
1063 2 2 2 1 593 704 596
1064 2 2 2 1 187 711 626
1065 2 2 2 1 192 718 389
1066 2 2 2 1 231 717 341
1067 2 2 2 1 607 707 609
1068 2 2 2 1 388 712 174
1069 2 2 2 1 634 721 632
1070 2 2 2 1 379 718 193
1071 2 2 2 1 172 719 345
1072 2 2 2 1 335 709 239
1073 2 2 2 1 599 706 625
1074 2 2 2 1 340 717 232
1075 2 2 2 1 378 711 188
1076 2 2 2 1 233 710 340
1077 2 2 2 1 225 703 337
1078 2 2 2 1 629 721 630
1079 2 2 2 1 336 710 234
1080 2 2 2 1 648 713 594
1081 2 2 2 1 342 714 219
1082 2 2 2 1 650 716 620
1083 2 2 2 1 550 685 551
1084 2 2 2 1 318 664 466
1085 2 2 2 1 424 756 426
1086 2 2 2 1 353 692 63
1087 2 2 2 1 62 692 352
1088 2 2 2 1 649 726 615
1089 2 2 2 1 60 698 351
1090 2 2 2 1 352 698 61
1091 2 2 2 1 554 687 555
1092 2 2 2 1 58 701 350
1093 2 2 2 1 351 701 59
1094 2 2 2 1 76 702 359
1095 2 2 2 1 360 702 77
1096 2 2 2 1 558 691 559
1097 2 2 2 1 350 724 57
1098 2 2 2 1 56 724 349
1099 2 2 2 1 349 727 55
1100 2 2 2 1 54 727 348
1101 2 2 2 1 562 697 563
1102 2 2 2 1 52 729 347
1103 2 2 2 1 348 729 53
1104 2 2 2 1 566 699 567
1105 2 2 2 1 347 731 51
1106 2 2 2 1 50 731 346
1107 2 2 2 1 570 723 571
1108 2 2 2 1 446 756 424
1109 2 2 2 1 574 725 575
1110 2 2 2 1 321 475 8
1111 2 2 2 1 578 728 579
1112 2 2 2 1 582 730 583
1113 2 2 2 1 453 454 452
1114 2 2 2 1 330 734 45
1115 2 2 2 1 44 734 329
1116 2 2 2 1 453 465 454
1117 2 2 2 1 530 676 531
1118 2 2 2 1 499 696 589
1119 2 2 2 1 671 781 444
1120 2 2 2 1 26 742 25
1121 2 2 2 1 373 671 493
1122 2 2 2 1 320 453 452
1123 2 2 2 1 457 822 317
1124 2 2 2 1 78 737 360
1125 2 2 2 1 361 737 79
1126 2 2 2 1 452 668 455
1127 2 2 2 1 208 323 207
1128 2 2 2 1 454 668 452
1129 2 2 2 1 668 670 455
1130 2 2 2 1 427 732 414
1131 2 2 2 1 209 683 208
1132 2 2 2 1 448 750 447
1133 2 2 2 1 80 743 361
1134 2 2 2 1 362 743 81
1135 2 2 2 1 450 757 441
1136 2 2 2 1 454 669 668
1137 2 2 2 1 435 753 474
1138 2 2 2 1 317 822 146
1139 2 2 2 1 590 694 657
1140 2 2 2 1 537 672 534
1141 2 2 2 1 541 673 538
1142 2 2 2 1 73 674 72
1143 2 2 2 1 207 693 206
1144 2 2 2 1 489 784 363
1145 2 2 2 1 533 676 530
1146 2 2 2 1 71 675 70
1147 2 2 2 1 511 680 364
1148 2 2 2 1 545 677 542
1149 2 2 2 1 624 806 386
1150 2 2 2 1 75 678 74
1151 2 2 2 1 428 796 425
1152 2 2 2 1 69 679 68
1153 2 2 2 1 549 682 546
1154 2 2 2 1 441 757 443
1155 2 2 2 1 1 767 256
1156 2 2 2 1 213 681 212
1157 2 2 2 1 526 695 527
1158 2 2 2 1 47 684 46
1159 2 2 2 1 553 685 550
1160 2 2 2 1 443 758 440
1161 2 2 2 1 67 686 66
1162 2 2 2 1 523 768 521
1163 2 2 2 1 694 716 332
1164 2 2 2 1 557 687 554
1165 2 2 2 1 65 688 64
1166 2 2 2 1 561 691 558
1167 2 2 2 1 529 695 526
1168 2 2 2 1 325 779 655
1169 2 2 2 1 63 692 62
1170 2 2 2 1 657 694 332
1171 2 2 2 1 565 697 562
1172 2 2 2 1 418 766 486
1173 2 2 2 1 437 753 434
1174 2 2 2 1 61 698 60
1175 2 2 2 1 569 699 566
1176 2 2 2 1 420 722 649
1177 2 2 2 1 59 701 58
1178 2 2 2 1 77 702 76
1179 2 2 2 1 595 799 798
1180 2 2 2 1 604 804 605
1181 2 2 2 1 645 802 336
1182 2 2 2 1 620 803 621
1183 2 2 2 1 596 799 595
1184 2 2 2 1 635 800 599
1185 2 2 2 1 600 801 601
1186 2 2 2 1 595 798 639
1187 2 2 2 1 215 700 214
1188 2 2 2 1 610 707 607
1189 2 2 2 1 608 715 638
1190 2 2 2 1 238 708 237
1191 2 2 2 1 234 710 233
1192 2 2 2 1 239 709 238
1193 2 2 2 1 174 712 173
1194 2 2 2 1 188 711 187
1195 2 2 2 1 226 703 225
1196 2 2 2 1 594 704 593
1197 2 2 2 1 341 713 648
1198 2 2 2 1 232 717 231
1199 2 2 2 1 712 719 173
1200 2 2 2 1 632 721 629
1201 2 2 2 1 625 706 388
1202 2 2 2 1 173 719 172
1203 2 2 2 1 193 718 192
1204 2 2 2 1 219 714 218
1205 2 2 2 1 238 709 708
1206 2 2 2 1 636 720 342
1207 2 2 2 1 646 705 645
1208 2 2 2 1 332 716 650
1209 2 2 2 1 573 723 570
1210 2 2 2 1 57 724 56
1211 2 2 2 1 577 725 574
1212 2 2 2 1 55 727 54
1213 2 2 2 1 581 728 578
1214 2 2 2 1 53 729 52
1215 2 2 2 1 585 730 582
1216 2 2 2 1 100 766 418
1217 2 2 2 1 417 766 101
1218 2 2 2 1 51 731 50
1219 2 2 2 1 514 689 665
1220 2 2 2 1 392 736 42
1221 2 2 2 1 41 736 372
1222 2 2 2 1 372 738 40
1223 2 2 2 1 35 739 371
1224 2 2 2 1 789 802 645
1225 2 2 2 1 45 734 44
1226 2 2 2 1 506 773 507
1227 2 2 2 1 714 803 382
1228 2 2 2 1 708 801 333
1229 2 2 2 1 335 800 709
1230 2 2 2 1 378 799 711
1231 2 2 2 1 703 804 337
1232 2 2 2 1 742 775 25
1233 2 2 2 1 658 772 319
1234 2 2 2 1 665 689 398
1235 2 2 2 1 748 752 421
1236 2 2 2 1 522 741 523
1237 2 2 2 1 20 769 2
1238 2 2 2 1 521 768 490
1239 2 2 2 1 244 745 14
1240 2 2 2 1 375 776 516
1241 2 2 2 1 2 769 19
1242 2 2 2 1 505 812 324
1243 2 2 2 1 42 736 41
1244 2 2 2 1 40 738 39
1245 2 2 2 1 36 739 35
1246 2 2 2 1 79 737 78
1247 2 2 2 1 747 748 448
1248 2 2 2 1 251 765 751
1249 2 2 2 1 503 787 498
1250 2 2 2 1 364 777 661
1251 2 2 2 1 420 745 722
1252 2 2 2 1 525 741 522
1253 2 2 2 1 656 787 503
1254 2 2 2 1 208 683 323
1255 2 2 2 1 323 693 207
1256 2 2 2 1 666 779 325
1257 2 2 2 1 397 745 244
1258 2 2 2 1 374 742 26
1259 2 2 2 1 646 791 705
1260 2 2 2 1 720 788 342
1261 2 2 2 1 594 794 704
1262 2 2 2 1 705 789 645
1263 2 2 2 1 706 793 388
1264 2 2 2 1 341 792 713
1265 2 2 2 1 610 795 707
1266 2 2 2 1 715 790 638
1267 2 2 2 1 25 775 3
1268 2 2 2 1 492 746 369
1269 2 2 2 1 661 777 487
1270 2 2 2 1 81 743 80
1271 2 2 2 1 33 771 4
1272 2 2 2 1 377 785 660
1273 2 2 2 1 162 816 161
1274 2 2 2 1 14 745 420
1275 2 2 2 1 652 786 326
1276 2 2 2 1 601 801 708
1277 2 2 2 1 711 799 596
1278 2 2 2 1 621 803 714
1279 2 2 2 1 709 800 635
1280 2 2 2 1 605 804 703
1281 2 2 2 1 722 726 649
1282 2 2 2 1 10 781 165
1283 2 2 2 1 517 776 666
1284 2 2 2 1 158 744 157
1285 2 2 2 1 434 753 435
1286 2 2 2 1 749 750 448
1287 2 2 2 1 585 782 730
1288 2 2 2 1 660 785 509
1289 2 2 2 1 488 780 490
1290 2 2 2 1 38 770 328
1291 2 2 2 1 346 782 653
1292 2 2 2 1 82 784 362
1293 2 2 2 1 363 784 83
1294 2 2 2 1 643 790 379
1295 2 2 2 1 642 792 633
1296 2 2 2 1 626 794 380
1297 2 2 2 1 627 789 381
1298 2 2 2 1 381 791 640
1299 2 2 2 1 612 793 616
1300 2 2 2 1 618 788 619
1301 2 2 2 1 389 795 651
1302 2 2 2 1 145 754 144
1303 2 2 2 1 365 747 448
1304 2 2 2 1 748 751 749
1305 2 2 2 1 326 786 663
1306 2 2 2 1 167 814 366
1307 2 2 2 1 145 822 754
1308 2 2 2 1 3 775 24
1309 2 2 2 1 590 806 694
1310 2 2 2 1 431 775 742
1311 2 2 2 1 93 755 92
1312 2 2 2 1 421 751 748
1313 2 2 2 1 210 808 13
1314 2 2 2 1 12 807 205
1315 2 2 2 1 161 774 160
1316 2 2 2 1 667 823 783
1317 2 2 2 1 463 770 738
1318 2 2 2 1 169 817 365
1319 2 2 2 1 373 781 671
1320 2 2 2 1 440 758 442
1321 2 2 2 1 392 815 736
1322 2 2 2 1 431 821 432
1323 2 2 2 1 750 814 447
1324 2 2 2 1 694 806 624
1325 2 2 2 1 459 778 458
1326 2 2 2 1 322 827 826
1327 2 2 2 1 436 759 437
1328 2 2 2 1 667 783 94
1329 2 2 2 1 395 760 255
1330 2 2 2 1 396 762 247
1331 2 2 2 1 253 761 394
1332 2 2 2 1 245 763 397
1333 2 2 2 1 255 760 254
1334 2 2 2 1 247 762 246
1335 2 2 2 1 254 761 253
1336 2 2 2 1 246 763 245
1337 2 2 2 1 425 796 446
1338 2 2 2 1 421 764 249
1339 2 2 2 1 248 764 396
1340 2 2 2 1 464 825 473
1341 2 2 2 1 249 764 248
1342 2 2 2 1 379 790 715
1343 2 2 2 1 705 791 381
1344 2 2 2 1 713 792 642
1345 2 2 2 1 616 793 706
1346 2 2 2 1 704 794 626
1347 2 2 2 1 707 795 389
1348 2 2 2 1 381 789 705
1349 2 2 2 1 619 788 720
1350 2 2 2 1 730 782 346
1351 2 2 2 1 252 765 251
1352 2 2 2 1 454 811 669
1353 2 2 2 1 394 765 252
1354 2 2 2 1 92 755 91
1355 2 2 2 1 34 813 33
1356 2 2 2 1 742 821 431
1357 2 2 2 1 490 768 489
1358 2 2 2 1 101 766 100
1359 2 2 2 1 746 816 369
1360 2 2 2 1 740 778 459
1361 2 2 2 1 13 808 209
1362 2 2 2 1 206 807 12
1363 2 2 2 1 744 818 796
1364 2 2 2 1 738 770 39
1365 2 2 2 1 659 827 322
1366 2 2 2 1 158 818 744
1367 2 2 2 1 514 820 689
1368 2 2 2 1 426 774 472
1369 2 2 2 1 750 759 436
1370 2 2 2 1 752 764 421
1371 2 2 2 1 39 770 38
1372 2 2 2 1 689 820 654
1373 2 2 2 1 324 773 506
1374 2 2 2 1 4 771 375
1375 2 2 2 1 442 817 439
1376 2 2 2 1 370 769 732
1377 2 2 2 1 751 765 749
1378 2 2 2 1 436 814 750
1379 2 2 2 1 19 769 370
1380 2 2 2 1 754 805 318
1381 2 2 2 1 319 767 1
1382 2 2 2 1 453 779 465
1383 2 2 2 1 487 777 485
1384 2 2 2 1 417 780 766
1385 2 2 2 1 205 807 429
1386 2 2 2 1 504 808 210
1387 2 2 2 1 744 796 428
1388 2 2 2 1 516 776 517
1389 2 2 2 1 322 826 658
1390 2 2 2 1 760 761 254
1391 2 2 2 1 762 763 246
1392 2 2 2 1 669 811 771
1393 2 2 2 1 473 825 815
1394 2 2 2 1 462 805 460
1395 2 2 2 1 777 809 485
1396 2 2 2 1 458 778 461
1397 2 2 2 1 756 774 426
1398 2 2 2 1 747 817 442
1399 2 2 2 1 93 783 755
1400 2 2 2 1 496 819 746
1401 2 2 2 1 432 812 430
1402 2 2 2 1 783 823 438
1403 2 2 2 1 485 809 484
1404 2 2 2 1 165 781 373
1405 2 2 2 1 328 778 740
1406 2 2 2 1 484 809 482
1407 2 2 2 1 486 780 488
1408 2 2 2 1 510 823 483
1409 2 2 2 1 655 779 453
1410 2 2 2 1 680 809 777
1411 2 2 2 1 680 777 364
1412 2 2 2 1 653 782 654
1413 2 2 2 1 94 783 93
1414 2 2 2 1 508 786 652
1415 2 2 2 1 494 827 496
1416 2 2 2 1 498 787 500
1417 2 2 2 1 83 784 82
1418 2 2 2 1 495 826 494
1419 2 2 2 1 587 785 377
1420 2 2 2 1 826 827 494
1421 2 2 2 1 328 824 778
1422 2 2 2 1 683 808 504
1423 2 2 2 1 628 789 627
1424 2 2 2 1 614 793 612
1425 2 2 2 1 633 792 634
1426 2 2 2 1 640 791 600
1427 2 2 2 1 621 788 618
1428 2 2 2 1 380 794 642
1429 2 2 2 1 651 795 604
1430 2 2 2 1 619 790 643
1431 2 2 2 1 722 797 450
1432 2 2 2 1 628 802 789
1433 2 2 2 1 369 816 162
1434 2 2 2 1 429 807 693
1435 2 2 2 1 778 824 461
1436 2 2 2 1 798 799 603
1437 2 2 2 1 603 799 378
1438 2 2 2 1 605 798 603
1439 2 2 2 1 630 802 628
1440 2 2 2 1 333 801 646
1441 2 2 2 1 616 800 335
1442 2 2 2 1 382 803 623
1443 2 2 2 1 337 804 610
1444 2 2 2 1 503 810 656
1445 2 2 2 1 371 813 34
1446 2 2 2 1 591 806 590
1447 2 2 2 1 745 797 722
1448 2 2 2 1 438 823 510
1449 2 2 2 1 159 818 158
1450 2 2 2 1 483 823 667
1451 2 2 2 1 766 780 486
1452 2 2 2 1 515 820 514
1453 2 2 2 1 460 805 754
1454 2 2 2 1 366 814 436
1455 2 2 2 1 146 822 145
1456 2 2 2 1 465 811 454
1457 2 2 2 1 450 797 757
1458 2 2 2 1 473 815 469
1459 2 2 2 1 461 824 463
1460 2 2 2 1 397 797 745
1461 2 2 2 1 209 808 683
1462 2 2 2 1 733 821 374
1463 2 2 2 1 693 807 206
1464 2 2 2 1 482 809 680
1465 2 2 2 1 757 797 397
1466 2 2 2 1 770 824 328
1467 2 2 2 1 374 821 742
1468 2 2 2 1 773 812 432
1469 2 2 2 1 432 821 733
1470 2 2 2 1 746 819 427
1471 2 2 2 1 771 811 375
1472 2 2 2 1 427 819 732
1473 2 2 2 1 365 817 747
1474 2 2 2 1 796 818 446
1475 2 2 2 1 463 824 770
1476 2 2 2 1 324 812 773
1477 2 2 3 2 828 829 22
1478 2 2 3 2 22 829 23
1479 2 2 3 2 258 829 828
1480 2 2 3 2 259 3 24
1481 2 2 3 2 258 830 257
1482 2 2 3 2 257 830 2
1483 2 2 3 2 828 830 258
1484 2 2 3 2 2 830 20
1485 2 2 3 2 259 829 258
1486 2 2 3 2 24 829 259
1487 2 2 3 2 21 828 22
1488 2 2 3 2 21 830 828
1489 2 2 3 2 23 829 24
1490 2 2 3 2 20 830 21
1491 2 2 1 3 1811 2580 2249
1492 2 2 1 3 1815 2573 2443
1493 2 2 1 3 2249 2580 849
1494 2 2 1 3 307 2004 306
1495 2 2 1 3 2043 2281 1816
1496 2 2 1 3 2120 2250 1544
1497 2 2 1 3 2127 2558 841
1498 2 2 1 3 2297 2630 2136
1499 2 2 1 3 1966 2552 1724
1500 2 2 1 3 1818 2307 891
1501 2 2 1 3 1933 1935 1725
1502 2 2 1 3 891 2575 1818
1503 2 2 1 3 1830 1885 892
1504 2 2 1 3 1826 2004 847
1505 2 2 1 3 838 2281 2043
1506 2 2 1 3 1724 2552 1725
1507 2 2 1 3 1827 1905 842
1508 2 2 1 3 847 2003 1826
1509 2 2 1 3 892 1885 142
1510 2 2 1 3 1820 2630 2297
1511 2 2 1 3 834 1888 1828
1512 2 2 1 3 1804 2571 2570
1513 2 2 1 3 1833 2629 863
1514 2 2 1 3 865 2595 1839
1515 2 2 1 3 2443 2573 864
1516 2 2 1 3 1634 2297 2136
1517 2 2 1 3 835 1908 1831
1518 2 2 1 3 842 1906 1827
1519 2 2 1 3 1552 1906 1577
1520 2 2 1 3 1828 1889 834
1521 2 2 1 3 100 1991 101
1522 2 2 1 3 2118 2250 2120
1523 2 2 1 3 2091 2093 1731
1524 2 2 1 3 2004 2006 876
1525 2 2 1 3 142 1885 143
1526 2 2 1 3 867 1936 1935
1527 2 2 1 3 2006 2605 876
1528 2 2 1 3 864 2566 2443
1529 2 2 1 3 1935 1936 1725
1530 2 2 1 3 1843 1988 1808
1531 2 2 1 3 2126 2558 2127
1532 2 2 1 3 851 2574 2241
1533 2 2 1 3 851 2241 2240
1534 2 2 1 3 847 2004 307
1535 2 2 1 3 306 2004 876
1536 2 2 1 3 892 1886 1830
1537 2 2 1 3 2089 2566 864
1538 2 2 1 3 1831 1909 835
1539 2 2 1 3 1837 2638 833
1540 2 2 1 3 1839 2595 897
1541 2 2 1 3 1834 2629 1833
1542 2 2 1 3 1722 2450 2006
1543 2 2 1 3 1839 2544 865
1544 2 2 1 3 863 1858 1833
1545 2 2 1 3 1720 2003 1721
1546 2 2 1 3 1843 2588 1988
1547 2 2 1 3 190 2131 191
1548 2 2 1 3 1666 1909 1667
1549 2 2 1 3 1544 2382 2120
1550 2 2 1 3 867 2582 1936
1551 2 2 1 3 2093 2468 1731
1552 2 2 1 3 204 1934 205
1553 2 2 1 3 267 2573 1836
1554 2 2 1 3 1733 2585 2579
1555 2 2 1 3 886 2556 1824
1556 2 2 1 3 1570 1886 1569
1557 2 2 1 3 833 2479 1837
1558 2 2 1 3 2535 2576 1990
1559 2 2 1 3 1836 2621 267
1560 2 2 1 3 1577 1906 1785
1561 2 2 1 3 1827 1906 1552
1562 2 2 1 3 2316 2323 1465
1563 2 2 1 3 274 2140 273
1564 2 2 1 3 293 1908 835
1565 2 2 1 3 2118 2545 2250
1566 2 2 1 3 1819 2322 1943
1567 2 2 1 3 2570 2594 1804
1568 2 2 1 3 101 1991 893
1569 2 2 1 3 898 1991 100
1570 2 2 1 3 153 1889 154
1571 2 2 1 3 1826 2003 1720
1572 2 2 1 3 1838 2281 838
1573 2 2 1 3 1824 2615 886
1574 2 2 1 3 1634 2136 2135
1575 2 2 1 3 2020 2285 2276
1576 2 2 1 3 872 2319 1842
1577 2 2 1 3 2322 2323 1943
1578 2 2 1 3 141 2531 8
1579 2 2 1 3 1840 2638 1837
1580 2 2 1 3 1734 2139 2138
1581 2 2 1 3 1887 1893 1813
1582 2 2 1 3 897 2301 1839
1583 2 2 1 3 151 1890 152
1584 2 2 1 3 1804 2604 2571
1585 2 2 1 3 833 2568 2479
1586 2 2 1 3 2006 2450 1765
1587 2 2 1 3 1410 2557 1387
1588 2 2 1 3 1829 1872 1871
1589 2 2 1 3 838 2564 1838
1590 2 2 1 3 2138 2140 1734
1591 2 2 1 3 1934 2620 205
1592 2 2 1 3 2579 2585 2083
1593 2 2 1 3 900 1845 843
1594 2 2 1 3 1836 2573 1815
1595 2 2 1 3 843 1845 1841
1596 2 2 1 3 1722 2006 1826
1597 2 2 1 3 1990 1991 898
1598 2 2 1 3 901 1845 900
1599 2 2 1 3 2131 2560 191
1600 2 2 1 3 2003 2005 1721
1601 2 2 1 3 1990 2576 1991
1602 2 2 1 3 841 2609 2127
1603 2 2 1 3 881 2606 2586
1604 2 2 1 3 1713 1909 1666
1605 2 2 1 3 1667 1909 1831
1606 2 2 1 3 1725 2552 1933
1607 2 2 1 3 857 2607 2587
1608 2 2 1 3 863 2565 1858
1609 2 2 1 3 1830 1886 1570
1610 2 2 1 3 886 2131 190
1611 2 2 1 3 2479 2568 1805
1612 2 2 1 3 260 97 7
1613 2 2 1 3 879 2545 2118
1614 2 2 1 3 2135 2549 1634
1615 2 2 1 3 1236 1897 1844
1616 2 2 1 3 199 1914 861
1617 2 2 1 3 1809 2323 2316
1618 2 2 1 3 1465 2323 2322
1619 2 2 1 3 273 2140 2138
1620 2 2 1 3 853 2140 274
1621 2 2 1 3 1569 1886 1841
1622 2 2 1 3 834 1889 153
1623 2 2 1 3 154 1889 890
1624 2 2 1 3 1389 2547 1390
1625 2 2 1 3 1829 1888 1872
1626 2 2 1 3 1841 2531 843
1627 2 2 1 3 1844 1897 1846
1628 2 2 1 3 1846 1897 988
1629 2 2 1 3 297 2638 1840
1630 2 2 1 3 294 1908 293
1631 2 2 1 3 2608 2611 2364
1632 2 2 1 3 186 2047 187
1633 2 2 1 3 10 2629 2593
1634 2 2 1 3 1410 1893 1887
1635 2 2 1 3 1558 2422 1898
1636 2 2 1 3 286 2602 2578
1637 2 2 1 3 889 1890 151
1638 2 2 1 3 1858 2565 1810
1639 2 2 1 3 8 2531 892
1640 2 2 1 3 2586 2606 1821
1641 2 2 1 3 2587 2607 1822
1642 2 2 1 3 1829 1887 1813
1643 2 2 1 3 1840 2616 297
1644 2 2 1 3 901 2540 1845
1645 2 2 1 3 903 2540 901
1646 2 2 1 3 1887 2557 1410
1647 2 2 1 3 152 1890 834
1648 2 2 1 3 1905 2575 891
1649 2 2 1 3 2020 2582 2285
1650 2 2 1 3 1567 1939 1561
1651 2 2 1 3 198 1914 199
1652 2 2 1 3 1405 2533 1400
1653 2 2 1 3 1844 1939 1236
1654 2 2 1 3 2563 2589 1832
1655 2 2 1 3 1871 1887 1829
1656 2 2 1 3 1906 2555 1785
1657 2 2 1 3 913 1850 911
1658 2 2 1 3 1870 2547 1389
1659 2 2 1 3 1847 1849 1123
1660 2 2 1 3 869 2611 2608
1661 2 2 1 3 1828 1888 1829
1662 2 2 1 3 2394 2628 1962
1663 2 2 1 3 919 2425 917
1664 2 2 1 3 1898 2422 1846
1665 2 2 1 3 1874 2413 1565
1666 2 2 1 3 1960 1962 1757
1667 2 2 1 3 1962 2599 2394
1668 2 2 1 3 891 2613 1905
1669 2 2 1 3 988 1898 1846
1670 2 2 1 3 1919 2530 1853
1671 2 2 1 3 1785 2555 2551
1672 2 2 1 3 917 2425 1877
1673 2 2 1 3 1961 2553 2544
1674 2 2 1 3 1069 1855 1095
1675 2 2 1 3 1842 2572 872
1676 2 2 1 3 1861 2533 1405
1677 2 2 1 3 1123 1877 1847
1678 2 2 1 3 2046 2047 186
1679 2 2 1 3 187 2047 831
1680 2 2 1 3 917 1877 915
1681 2 2 1 3 1976 2366 1851
1682 2 2 1 3 1826 2006 2004
1683 2 2 1 3 1212 1919 1851
1684 2 2 1 3 2602 2630 1825
1685 2 2 1 3 1851 2366 1212
1686 2 2 1 3 2522 2532 1850
1687 2 2 1 3 1123 1850 913
1688 2 2 1 3 1354 2366 1976
1689 2 2 1 3 1849 1850 1123
1690 2 2 1 3 1119 1876 1118
1691 2 2 1 3 1898 2532 2522
1692 2 2 1 3 1852 1876 1119
1693 2 2 1 3 1855 2413 1874
1694 2 2 1 3 1118 1876 1141
1695 2 2 1 3 1119 1854 1852
1696 2 2 1 3 1823 2566 2089
1697 2 2 1 3 1592 2487 1370
1698 2 2 1 3 2593 2629 1834
1699 2 2 1 3 898 2639 1990
1700 2 2 1 3 1592 1944 1878
1701 2 2 1 3 1561 1939 1844
1702 2 2 1 3 2544 2553 865
1703 2 2 1 3 1747 1939 1567
1704 2 2 1 3 1212 2530 1919
1705 2 2 1 3 1371 2527 2525
1706 2 2 1 3 2578 2602 1825
1707 2 2 1 3 872 2622 2319
1708 2 2 1 3 915 1877 1123
1709 2 2 1 3 1757 2581 1960
1710 2 2 1 3 1878 2487 1592
1711 2 2 1 3 2002 2005 2003
1712 2 2 1 3 875 2005 2002
1713 2 2 1 3 1898 2522 1558
1714 2 2 1 3 876 2605 2564
1715 2 2 1 3 837 2588 1843
1716 2 2 1 3 1387 2557 1389
1717 2 2 1 3 1255 2026 1856
1718 2 2 1 3 1095 1855 1119
1719 2 2 1 3 1816 2627 2043
1720 2 2 1 3 1833 1859 1557
1721 2 2 1 3 922 2425 919
1722 2 2 1 3 1967 2538 2449
1723 2 2 1 3 1761 2500 2025
1724 2 2 1 3 1970 2449 1797
1725 2 2 1 3 1857 2026 1233
1726 2 2 1 3 1882 1994 1357
1727 2 2 1 3 1233 2025 1857
1728 2 2 1 3 1393 2546 1394
1729 2 2 1 3 1750 2047 2046
1730 2 2 1 3 1881 1994 1882
1731 2 2 1 3 1129 1994 1881
1732 2 2 1 3 1731 2634 2091
1733 2 2 1 3 1404 2462 1879
1734 2 2 1 3 1858 1859 1833
1735 2 2 1 3 1775 2338 2337
1736 2 2 1 3 1825 2630 1820
1737 2 2 1 3 1745 1858 1810
1738 2 2 1 3 1875 1999 1434
1739 2 2 1 3 1238 2427 2022
1740 2 2 1 3 1197 2542 2541
1741 2 2 1 3 1069 2413 1855
1742 2 2 1 3 2541 2542 1848
1743 2 2 1 3 1400 2533 1404
1744 2 2 1 3 1238 1998 1883
1745 2 2 1 3 1797 2446 1970
1746 2 2 1 3 1873 2546 1393
1747 2 2 1 3 1303 1910 1860
1748 2 2 1 3 1644 2337 2191
1749 2 2 1 3 1745 1859 1858
1750 2 2 1 3 1545 1936 1692
1751 2 2 1 3 1565 2525 1874
1752 2 2 1 3 1119 1855 1854
1753 2 2 1 3 1880 1902 1182
1754 2 2 1 3 1725 1936 1545
1755 2 2 1 3 1182 1902 1142
1756 2 2 1 3 1883 2427 1238
1757 2 2 1 3 2238 2273 1760
1758 2 2 1 3 2089 2598 1823
1759 2 2 1 3 1390 2547 1393
1760 2 2 1 3 1856 2337 1255
1761 2 2 1 3 2025 2500 1857
1762 2 2 1 3 853 2559 2140
1763 2 2 1 3 1860 1911 1303
1764 2 2 1 3 843 2531 141
1765 2 2 1 3 1236 2540 903
1766 2 2 1 3 1187 2026 1255
1767 2 2 1 3 1998 1999 1883
1768 2 2 1 3 1911 2380 1182
1769 2 2 1 3 1403 1894 1411
1770 2 2 1 3 1712 1999 1875
1771 2 2 1 3 1357 2048 1882
1772 2 2 1 3 1850 2532 911
1773 2 2 1 3 1120 2458 1096
1774 2 2 1 3 1881 2273 1129
1775 2 2 1 3 1233 2026 1187
1776 2 2 1 3 859 2589 2563
1777 2 2 1 3 1853 2530 1876
1778 2 2 1 3 1859 1917 1557
1779 2 2 1 3 1802 2454 1800
1780 2 2 1 3 1879 1894 1404
1781 2 2 1 3 1905 2613 842
1782 2 2 1 3 2030 2408 2032
1783 2 2 1 3 1886 2531 1841
1784 2 2 1 3 1434 2273 1875
1785 2 2 1 3 1800 2454 1804
1786 2 2 1 3 1860 2380 1911
1787 2 2 1 3 1142 1902 1120
1788 2 2 1 3 2525 2527 1874
1789 2 2 1 3 1370 2487 2191
1790 2 2 1 3 1182 2380 1880
1791 2 2 1 3 1443 2036 2032
1792 2 2 1 3 1847 1877 1848
1793 2 2 1 3 1775 2337 1644
1794 2 2 1 3 2034 2085 1662
1795 2 2 1 3 9 851 149
1796 2 2 1 3 1944 2525 1878
1797 2 2 1 3 1029 2529 2447
1798 2 2 1 3 1568 1570 1569
1799 2 2 1 3 1992 2324 2048
1800 2 2 1 3 1895 2085 1254
1801 2 2 1 3 1662 2085 1895
1802 2 2 1 3 1856 2026 1758
1803 2 2 1 3 1758 2026 1857
1804 2 2 1 3 1568 1879 1571
1805 2 2 1 3 1706 1884 1830
1806 2 2 1 3 2032 2408 1443
1807 2 2 1 3 2337 2338 1255
1808 2 2 1 3 1883 1999 1712
1809 2 2 1 3 1404 1894 1403
1810 2 2 1 3 1884 1885 1830
1811 2 2 1 3 1594 2524 2024
1812 2 2 1 3 2416 2499 1972
1813 2 2 1 3 1411 1894 1481
1814 2 2 1 3 920 2160 989
1815 2 2 1 3 1303 1917 1910
1816 2 2 1 3 1760 2273 1881
1817 2 2 1 3 1875 2273 2238
1818 2 2 1 3 1843 2646 837
1819 2 2 1 3 1618 2222 2192
1820 2 2 1 3 1571 1706 1570
1821 2 2 1 3 1910 1917 1859
1822 2 2 1 3 1900 2404 1727
1823 2 2 1 3 1860 1910 1609
1824 2 2 1 3 171 865 11
1825 2 2 1 3 1902 2458 1120
1826 2 2 1 3 2022 2427 1594
1827 2 2 1 3 1799 1884 1706
1828 2 2 1 3 2191 2487 1644
1829 2 2 1 3 1568 1571 1570
1830 2 2 1 3 2183 2507 2182
1831 2 2 1 3 2240 2241 1863
1832 2 2 1 3 2191 2337 1856
1833 2 2 1 3 1706 1830 1570
1834 2 2 1 3 1566 1879 1568
1835 2 2 1 3 1566 1568 1567
1836 2 2 1 3 1443 2160 2036
1837 2 2 1 3 905 1897 1236
1838 2 2 1 3 1878 2525 1565
1839 2 2 1 3 2033 2192 1325
1840 2 2 1 3 1662 2192 2034
1841 2 2 1 3 2449 2538 1797
1842 2 2 1 3 2036 2453 2412
1843 2 2 1 3 1146 2467 2399
1844 2 2 1 3 1776 2404 1900
1845 2 2 1 3 2543 2546 1873
1846 2 2 1 3 1651 2452 1790
1847 2 2 1 3 860 2513 133
1848 2 2 1 3 1410 2345 1893
1849 2 2 1 3 1728 2388 2014
1850 2 2 1 3 1707 1799 1706
1851 2 2 1 3 1999 2206 1434
1852 2 2 1 3 1568 1569 1567
1853 2 2 1 3 1998 2206 1999
1854 2 2 1 3 2162 2444 860
1855 2 2 1 3 2424 2476 1690
1856 2 2 1 3 2441 2444 2162
1857 2 2 1 3 834 1890 1888
1858 2 2 1 3 2048 2324 1759
1859 2 2 1 3 988 2532 1898
1860 2 2 1 3 1891 2426 1219
1861 2 2 1 3 1876 2530 1141
1862 2 2 1 3 1609 1910 1745
1863 2 2 1 3 1397 1400 1399
1864 2 2 1 3 1903 2410 1097
1865 2 2 1 3 1892 2421 1767
1866 2 2 1 3 1219 2426 2423
1867 2 2 1 3 1097 2410 1924
1868 2 2 1 3 1882 2500 1761
1869 2 2 1 3 2014 2015 1728
1870 2 2 1 3 892 2531 1886
1871 2 2 1 3 1420 1917 1302
1872 2 2 1 3 2421 2423 1767
1873 2 2 1 3 1992 2048 1357
1874 2 2 1 3 1969 2449 1970
1875 2 2 1 3 2411 2473 1983
1876 2 2 1 3 1575 1951 1949
1877 2 2 1 3 1375 1953 1373
1878 2 2 1 3 2434 2470 2044
1879 2 2 1 3 918 2160 920
1880 2 2 1 3 2101 2461 2398
1881 2 2 1 3 2033 2408 2030
1882 2 2 1 3 989 2160 1443
1883 2 2 1 3 2192 2222 1325
1884 2 2 1 3 2005 2521 1721
1885 2 2 1 3 1790 2452 2447
1886 2 2 1 3 1884 2594 856
1887 2 2 1 3 2420 2466 1986
1888 2 2 1 3 1618 2192 1662
1889 2 2 1 3 1413 2312 2311
1890 2 2 1 3 1947 2012 1171
1891 2 2 1 3 166 869 167
1892 2 2 1 3 905 1236 903
1893 2 2 1 3 1855 1874 1854
1894 2 2 1 3 1371 2525 1944
1895 2 2 1 3 1400 1404 1403
1896 2 2 1 3 1575 1953 1951
1897 2 2 1 3 1892 2412 1071
1898 2 2 1 3 2012 2013 1171
1899 2 2 1 3 1578 1945 1901
1900 2 2 1 3 1745 1910 1859
1901 2 2 1 3 1129 2273 1434
1902 2 2 1 3 1901 1945 1583
1903 2 2 1 3 1171 2280 1947
1904 2 2 1 3 1406 1971 1899
1905 2 2 1 3 1302 1917 1303
1906 2 2 1 3 169 897 170
1907 2 2 1 3 1481 1566 1561
1908 2 2 1 3 1582 1947 1946
1909 2 2 1 3 2423 2426 1767
1910 2 2 1 3 1557 1917 1420
1911 2 2 1 3 1397 1405 1400
1912 2 2 1 3 1071 2421 1892
1913 2 2 1 3 2564 2605 1838
1914 2 2 1 3 1949 2000 1575
1915 2 2 1 3 2354 2437 1317
1916 2 2 1 3 1602 2358 1631
1917 2 2 1 3 1219 2432 1891
1918 2 2 1 3 1896 2354 1179
1919 2 2 1 3 1571 1707 1706
1920 2 2 1 3 1373 1953 1575
1921 2 2 1 3 2129 2560 2131
1922 2 2 1 3 1947 2280 1946
1923 2 2 1 3 1800 1804 1799
1924 2 2 1 3 1394 1397 1396
1925 2 2 1 3 1678 2015 1677
1926 2 2 1 3 1254 2399 1895
1927 2 2 1 3 1501 2181 2017
1928 2 2 1 3 1325 2408 2033
1929 2 2 1 3 2362 2368 1515
1930 2 2 1 3 1914 2577 861
1931 2 2 1 3 1782 2359 1179
1932 2 2 1 3 2396 2486 2163
1933 2 2 1 3 1795 2576 2535
1934 2 2 1 3 1230 1911 1181
1935 2 2 1 3 1953 2340 2311
1936 2 2 1 3 2311 2340 1413
1937 2 2 1 3 1782 2362 2359
1938 2 2 1 3 2341 2345 1406
1939 2 2 1 3 1582 1946 1945
1940 2 2 1 3 1877 2425 1848
1941 2 2 1 3 1893 2345 2341
1942 2 2 1 3 1907 2358 1602
1943 2 2 1 3 1782 2368 2362
1944 2 2 1 3 2412 2453 1071
1945 2 2 1 3 1582 1945 1578
1946 2 2 1 3 1169 2013 1210
1947 2 2 1 3 1303 1911 1230
1948 2 2 1 3 1413 2343 2312
1949 2 2 1 3 1924 2110 1925
1950 2 2 1 3 1179 2359 1896
1951 2 2 1 3 1727 2404 1728
1952 2 2 1 3 909 2532 988
1953 2 2 1 3 988 1897 907
1954 2 2 1 3 2447 2529 1790
1955 2 2 1 3 1171 2013 1169
1956 2 2 1 3 2041 2212 2039
1957 2 2 1 3 1041 1925 1372
1958 2 2 1 3 1746 1918 1912
1959 2 2 1 3 1583 2017 1901
1960 2 2 1 3 1803 1833 1557
1961 2 2 1 3 1803 1834 1833
1962 2 2 1 3 1181 1911 1182
1963 2 2 1 3 1397 1399 1396
1964 2 2 1 3 1385 2345 1410
1965 2 2 1 3 1677 2015 2012
1966 2 2 1 3 1912 1918 1742
1967 2 2 1 3 1904 1938 1738
1968 2 2 1 3 2034 2192 2033
1969 2 2 1 3 907 1897 905
1970 2 2 1 3 1042 1925 1041
1971 2 2 1 3 1985 2224 1423
1972 2 2 1 3 1417 1938 1551
1973 2 2 1 3 1948 2000 1949
1974 2 2 1 3 1424 1921 925
1975 2 2 1 3 925 1921 927
1976 2 2 1 3 1984 1985 1423
1977 2 2 1 3 1096 2458 1097
1978 2 2 1 3 1728 2404 2388
1979 2 2 1 3 1923 2325 1600
1980 2 2 1 3 1915 1921 1424
1981 2 2 1 3 1930 2320 1929
1982 2 2 1 3 845 2499 2416
1983 2 2 1 3 1602 2017 1907
1984 2 2 1 3 1899 2341 1406
1985 2 2 1 3 1423 2016 1984
1986 2 2 1 3 1391 2325 1923
1987 2 2 1 3 1728 2015 1678
1988 2 2 1 3 1029 1964 1954
1989 2 2 1 3 1682 2426 1891
1990 2 2 1 3 2171 2504 2502
1991 2 2 1 3 2013 2015 2014
1992 2 2 1 3 1590 2320 1930
1993 2 2 1 3 2017 2181 1901
1994 2 2 1 3 1424 1922 1915
1995 2 2 1 3 2502 2504 883
1996 2 2 1 3 140 900 843
1997 2 2 1 3 1401 2336 1971
1998 2 2 1 3 1428 2212 2041
1999 2 2 1 3 2311 2312 1952
2000 2 2 1 3 1501 2017 1602
2001 2 2 1 3 1924 2410 2110
2002 2 2 1 3 1381 1971 1406
2003 2 2 1 3 1291 2132 2062
2004 2 2 1 3 1481 1894 1566
2005 2 2 1 3 1375 2340 1953
2006 2 2 1 3 1744 1920 1573
2007 2 2 1 3 1950 1964 1421
2008 2 2 1 3 2360 2409 2176
2009 2 2 1 3 2013 2014 1210
2010 2 2 1 3 1551 1938 1904
2011 2 2 1 3 1400 1403 1399
2012 2 2 1 3 1971 2336 1899
2013 2 2 1 3 1631 2358 2041
2014 2 2 1 3 1984 2016 1593
2015 2 2 1 3 1418 1938 1417
2016 2 2 1 3 931 1968 928
2017 2 2 1 3 1488 1931 1559
2018 2 2 1 3 1968 1969 928
2019 2 2 1 3 855 1927 174
2020 2 2 1 3 1747 2540 1939
2021 2 2 1 3 1959 1960 855
2022 2 2 1 3 926 1969 1197
2023 2 2 1 3 2399 2467 1895
2024 2 2 1 3 1853 1931 1919
2025 2 2 1 3 173 1959 855
2026 2 2 1 3 2148 2353 2211
2027 2 2 1 3 832 1929 136
2028 2 2 1 3 1587 1922 1585
2029 2 2 1 3 2080 2334 2172
2030 2 2 1 3 2072 2153 1705
2031 2 2 1 3 1581 2011 1579
2032 2 2 1 3 2070 2153 2072
2033 2 2 1 3 2018 2040 1239
2034 2 2 1 3 1918 2132 1742
2035 2 2 1 3 2007 2315 2255
2036 2 2 1 3 1954 1964 1950
2037 2 2 1 3 1969 1970 1197
2038 2 2 1 3 1433 2153 2070
2039 2 2 1 3 1566 1567 1561
2040 2 2 1 3 1287 2147 1242
2041 2 2 1 3 1948 1949 1421
2042 2 2 1 3 1559 1931 1853
2043 2 2 1 3 1378 1963 1402
2044 2 2 1 3 1680 2466 2420
2045 2 2 1 3 137 1929 1928
2046 2 2 1 3 1054 1925 1042
2047 2 2 1 3 1597 2306 2302
2048 2 2 1 3 1556 1557 1420
2049 2 2 1 3 2070 2071 1433
2050 2 2 1 3 832 1930 1929
2051 2 2 1 3 1302 1303 1230
2052 2 2 1 3 853 2562 2559
2053 2 2 1 3 1181 1182 1142
2054 2 2 1 3 314 1932 874
2055 2 2 1 3 1690 1955 1940
2056 2 2 1 3 1376 1963 1378
2057 2 2 1 3 2040 2041 2039
2058 2 2 1 3 1572 1818 1738
2059 2 2 1 3 2062 2132 1918
2060 2 2 1 3 1896 2437 2354
2061 2 2 1 3 1689 1955 1690
2062 2 2 1 3 2427 2524 1594
2063 2 2 1 3 896 1934 1933
2064 2 2 1 3 1016 1948 1421
2065 2 2 1 3 1282 2179 1974
2066 2 2 1 3 1405 2543 1861
2067 2 2 1 3 179 1942 871
2068 2 2 1 3 2012 2015 2013
2069 2 2 1 3 1915 1922 1587
2070 2 2 1 3 1925 2110 1372
2071 2 2 1 3 1922 2001 1585
2072 2 2 1 3 1631 2040 2018
2073 2 2 1 3 862 2476 2424
2074 2 2 1 3 1995 2132 1291
2075 2 2 1 3 986 1957 968
2076 2 2 1 3 1926 2229 1276
2077 2 2 1 3 1951 2311 1952
2078 2 2 1 3 1572 1738 1471
2079 2 2 1 3 1551 1827 1552
2080 2 2 1 3 928 1969 926
2081 2 2 1 3 1417 1551 1419
2082 2 2 1 3 1028 1957 986
2083 2 2 1 3 1982 1984 1593
2084 2 2 1 3 1696 1973 1697
2085 2 2 1 3 1378 1401 1379
2086 2 2 1 3 140 843 141
2087 2 2 1 3 1376 1378 1377
2088 2 2 1 3 2028 2288 2229
2089 2 2 1 3 1697 1973 1972
2090 2 2 1 3 137 1928 138
2091 2 2 1 3 1374 1376 1375
2092 2 2 1 3 1096 1097 1070
2093 2 2 1 3 1022 2000 1948
2094 2 2 1 3 870 900 139
2095 2 2 1 3 2025 2303 1620
2096 2 2 1 3 1496 1931 1488
2097 2 2 1 3 1916 2365 1921
2098 2 2 1 3 1768 2309 2114
2099 2 2 1 3 1949 1951 1950
2100 2 2 1 3 1135 2061 1189
2101 2 2 1 3 1582 2011 1947
2102 2 2 1 3 1179 2354 1160
2103 2 2 1 3 1551 1552 1419
2104 2 2 1 3 2186 2236 1624
2105 2 2 1 3 2370 2384 1414
2106 2 2 1 3 1417 1419 1408
2107 2 2 1 3 1934 1935 1933
2108 2 2 1 3 1028 1958 1957
2109 2 2 1 3 1624 2236 2211
2110 2 2 1 3 1755 1976 1851
2111 2 2 1 3 1385 1410 1387
2112 2 2 1 3 1372 1374 1373
2113 2 2 1 3 1677 2012 2011
2114 2 2 1 3 1411 1481 1479
2115 2 2 1 3 1961 1962 1960
2116 2 2 1 3 1376 1377 1375
2117 2 2 1 3 2255 2315 1321
2118 2 2 1 3 1378 1379 1377
2119 2 2 1 3 1145 2000 1026
2120 2 2 1 3 1577 1785 1762
2121 2 2 1 3 1381 1406 1383
2122 2 2 1 3 136 1929 137
2123 2 2 1 3 1575 2000 1145
2124 2 2 1 3 1949 1950 1421
2125 2 2 1 3 1374 1375 1373
2126 2 2 1 3 1904 1905 1827
2127 2 2 1 3 1472 1572 1471
2128 2 2 1 3 1041 1372 1145
2129 2 2 1 3 1677 2011 1581
2130 2 2 1 3 1487 1979 1356
2131 2 2 1 3 1421 1964 1014
2132 2 2 1 3 1041 1145 1026
2133 2 2 1 3 1409 1417 1408
2134 2 2 1 3 1313 2021 1229
2135 2 2 1 3 896 1933 1932
2136 2 2 1 3 1510 2035 1997
2137 2 2 1 3 1372 1373 1145
2138 2 2 1 3 172 1959 173
2139 2 2 1 3 870 901 900
2140 2 2 1 3 1959 1961 1960
2141 2 2 1 3 175 1927 872
2142 2 2 1 3 1745 1810 1744
2143 2 2 1 3 1190 1230 1181
2144 2 2 1 3 1592 2021 1944
2145 2 2 1 3 1486 1956 1484
2146 2 2 1 3 1402 1408 1401
2147 2 2 1 3 956 958 955
2148 2 2 1 3 1172 1181 1142
2149 2 2 1 3 1951 1952 1950
2150 2 2 1 3 1652 1923 1600
2151 2 2 1 3 1437 2108 2107
2152 2 2 1 3 1195 1995 1291
2153 2 2 1 3 2087 2198 2055
2154 2 2 1 3 1379 1971 1381
2155 2 2 1 3 1579 2011 1582
2156 2 2 1 3 987 1009 986
2157 2 2 1 3 1589 1979 1487
2158 2 2 1 3 1276 2294 1926
2159 2 2 1 3 1593 1987 1982
2160 2 2 1 3 959 962 958
2161 2 2 1 3 969 986 968
2162 2 2 1 3 1437 2215 2108
2163 2 2 1 3 1095 1096 1070
2164 2 2 1 3 963 968 962
2165 2 2 1 3 939 1987 937
2166 2 2 1 3 1023 1026 1022
2167 2 2 1 3 1010 1029 1009
2168 2 2 1 3 1141 1142 1120
2169 2 2 1 3 1069 1070 1054
2170 2 2 1 3 1233 2303 2025
2171 2 2 1 3 1687 1956 1486
2172 2 2 1 3 173 855 174
2173 2 2 1 3 896 1932 315
2174 2 2 1 3 1027 1041 1026
2175 2 2 1 3 1974 2179 1973
2176 2 2 1 3 1689 2055 1955
2177 2 2 1 3 1433 2147 1287
2178 2 2 1 3 846 1943 1942
2179 2 2 1 3 2376 2385 1266
2180 2 2 1 3 1755 1851 1754
2181 2 2 1 3 1022 1948 1018
2182 2 2 1 3 2107 2205 1437
2183 2 2 1 3 923 924 922
2184 2 2 1 3 316 896 315
2185 2 2 1 3 1189 2061 1977
2186 2 2 1 3 1242 2147 1768
2187 2 2 1 3 1361 2019 1554
2188 2 2 1 3 2229 2288 1276
2189 2 2 1 3 2095 2119 2096
2190 2 2 1 3 312 1965 857
2191 2 2 1 3 1427 1471 1418
2192 2 2 1 3 895 1990 1989
2193 2 2 1 3 2109 2205 2107
2194 2 2 1 3 1980 1986 1981
2195 2 2 1 3 1124 1986 1980
2196 2 2 1 3 1118 1120 1096
2197 2 2 1 3 2172 2334 1429
2198 2 2 1 3 1070 1924 1054
2199 2 2 1 3 1503 2174 2151
2200 2 2 1 3 1757 1976 1755
2201 2 2 1 3 138 870 139
2202 2 2 1 3 1112 2104 2103
2203 2 2 1 3 970 2022 1594
2204 2 2 1 3 925 926 924
2205 2 2 1 3 1573 1920 1572
2206 2 2 1 3 937 1987 1593
2207 2 2 1 3 175 872 176
2208 2 2 1 3 1471 1938 1418
2209 2 2 1 3 1477 2128 1548
2210 2 2 1 3 844 2119 2095
2211 2 2 1 3 846 1942 178
2212 2 2 1 3 1692 2020 2019
2213 2 2 1 3 1105 2061 1135
2214 2 2 1 3 2051 2346 2088
2215 2 2 1 3 955 1968 931
2216 2 2 1 3 139 900 140
2217 2 2 1 3 2147 2309 1768
2218 2 2 1 3 184 1975 873
2219 2 2 1 3 1503 2151 2123
2220 2 2 1 3 1853 1876 1852
2221 2 2 1 3 2118 2120 2119
2222 2 2 1 3 2398 2461 1520
2223 2 2 1 3 2125 2127 1547
2224 2 2 1 3 1124 1980 946
2225 2 2 1 3 1232 1302 1230
2226 2 2 1 3 1696 1974 1973
2227 2 2 1 3 2080 2172 1621
2228 2 2 1 3 1609 1744 1573
2229 2 2 1 3 909 988 907
2230 2 2 1 3 1523 2473 2411
2231 2 2 1 3 1552 1577 1576
2232 2 2 1 3 874 1966 1965
2233 2 2 1 3 1600 2325 1415
2234 2 2 1 3 2071 2147 1433
2235 2 2 1 3 1239 2040 2038
2236 2 2 1 3 1379 1381 1380
2237 2 2 1 3 2211 2353 1624
2238 2 2 1 3 1229 2021 1227
2239 2 2 1 3 1944 2021 1313
2240 2 2 1 3 968 1937 962
2241 2 2 1 3 1551 1904 1827
2242 2 2 1 3 1554 2019 1806
2243 2 2 1 3 935 956 955
2244 2 2 1 3 1215 1992 1170
2245 2 2 1 3 1924 1925 1054
2246 2 2 1 3 1916 2376 2365
2247 2 2 1 3 1607 2158 2054
2248 2 2 1 3 1401 1971 1379
2249 2 2 1 3 177 846 178
2250 2 2 1 3 2302 2306 1974
2251 2 2 1 3 2114 2149 1768
2252 2 2 1 3 1052 1054 1042
2253 2 2 1 3 1189 1977 1240
2254 2 2 1 3 1740 1754 1496
2255 2 2 1 3 1357 1994 1128
2256 2 2 1 3 2077 2201 2189
2257 2 2 1 3 935 955 931
2258 2 2 1 3 2055 2198 1955
2259 2 2 1 3 968 1957 1937
2260 2 2 1 3 1205 1995 1195
2261 2 2 1 3 1577 1762 1584
2262 2 2 1 3 1488 1559 1487
2263 2 2 1 3 2119 2120 2096
2264 2 2 1 3 1112 2103 2102
2265 2 2 1 3 1851 1919 1754
2266 2 2 1 3 1356 1979 1314
2267 2 2 1 3 956 959 958
2268 2 2 1 3 1812 1828 1813
2269 2 2 1 3 1020 1022 1018
2270 2 2 1 3 1018 1948 1016
2271 2 2 1 3 1907 2017 1583
2272 2 2 1 3 895 1989 263
2273 2 2 1 3 1762 1812 1763
2274 2 2 1 3 962 1937 1082
2275 2 2 1 3 2128 2129 1548
2276 2 2 1 3 1016 1421 1014
2277 2 2 1 3 2002 2003 847
2278 2 2 1 3 1374 1649 1376
2279 2 2 1 3 1378 1402 1401
2280 2 2 1 3 1649 1963 1376
2281 2 2 1 3 857 1993 311
2282 2 2 1 3 1953 2311 1951
2283 2 2 1 3 2127 2128 1547
2284 2 2 1 3 1559 1853 1852
2285 2 2 1 3 2189 2201 1110
2286 2 2 1 3 921 2045 923
2287 2 2 1 3 1112 2109 2104
2288 2 2 1 3 1381 1383 1382
2289 2 2 1 3 2122 2260 2123
2290 2 2 1 3 179 871 180
2291 2 2 1 3 1572 1920 1818
2292 2 2 1 3 926 1197 924
2293 2 2 1 3 1121 2283 1239
2294 2 2 1 3 174 1927 175
2295 2 2 1 3 991 2042 1034
2296 2 2 1 3 1320 2265 1607
2297 2 2 1 3 1009 1028 986
2298 2 2 1 3 2158 2259 2054
2299 2 2 1 3 1481 1561 1560
2300 2 2 1 3 1359 2185 2184
2301 2 2 1 3 1409 1418 1417
2302 2 2 1 3 1547 2128 1477
2303 2 2 1 3 1099 2008 1127
2304 2 2 1 3 1390 1393 1392
2305 2 2 1 3 1472 1573 1572
2306 2 2 1 3 942 1987 939
2307 2 2 1 3 1545 1692 1467
2308 2 2 1 3 1740 1755 1754
2309 2 2 1 3 1585 2001 1193
2310 2 2 1 3 1997 2168 1510
2311 2 2 1 3 1239 2283 2018
2312 2 2 1 3 949 2010 1124
2313 2 2 1 3 1466 1487 1356
2314 2 2 1 3 1621 2142 2080
2315 2 2 1 3 921 923 922
2316 2 2 1 3 923 925 924
2317 2 2 1 3 1466 1488 1487
2318 2 2 1 3 1128 1994 1126
2319 2 2 1 3 1547 2143 2125
2320 2 2 1 3 871 1988 180
2321 2 2 1 3 962 1082 958
2322 2 2 1 3 2104 2109 2107
2323 2 2 1 3 959 963 962
2324 2 2 1 3 874 1965 313
2325 2 2 1 3 1098 2008 1099
2326 2 2 1 3 1383 1385 1384
2327 2 2 1 3 314 874 313
2328 2 2 1 3 921 922 919
2329 2 2 1 3 1977 1978 1654
2330 2 2 1 3 2077 2188 1244
2331 2 2 1 3 1359 2298 2258
2332 2 2 1 3 1239 2038 1080
2333 2 2 1 3 999 2102 1001
2334 2 2 1 3 1031 2042 991
2335 2 2 1 3 1402 1409 1408
2336 2 2 1 3 2019 2020 1806
2337 2 2 1 3 963 969 968
2338 2 2 1 3 2034 2214 2085
2339 2 2 1 3 2115 2149 2114
2340 2 2 1 3 969 987 986
2341 2 2 1 3 1170 1992 1133
2342 2 2 1 3 1314 1979 1371
2343 2 2 1 3 1559 1852 1589
2344 2 2 1 3 2123 2260 1503
2345 2 2 1 3 954 2024 1425
2346 2 2 1 3 264 2009 895
2347 2 2 1 3 1314 1371 1313
2348 2 2 1 3 1446 2242 2059
2349 2 2 1 3 308 2002 847
2350 2 2 1 3 1980 1981 1237
2351 2 2 1 3 2085 2214 2084
2352 2 2 1 3 1441 1654 1522
2353 2 2 1 3 837 1975 183
2354 2 2 1 3 182 837 183
2355 2 2 1 3 1131 2115 1159
2356 2 2 1 3 1317 2064 2063
2357 2 2 1 3 1651 1652 1600
2358 2 2 1 3 2039 2212 2042
2359 2 2 1 3 959 2224 1176
2360 2 2 1 3 2058 2204 2188
2361 2 2 1 3 1209 2007 1290
2362 2 2 1 3 1026 2000 1022
2363 2 2 1 3 1424 2045 1922
2364 2 2 1 3 2078 2142 1318
2365 2 2 1 3 987 1010 1009
2366 2 2 1 3 1020 1023 1022
2367 2 2 1 3 1225 1227 1226
2368 2 2 1 3 1094 2184 1114
2369 2 2 1 3 1923 2384 2370
2370 2 2 1 3 1983 1985 1984
2371 2 2 1 3 1291 2275 1174
2372 2 2 1 3 2156 2348 2318
2373 2 2 1 3 1010 1964 1029
2374 2 2 1 3 1097 1924 1070
2375 2 2 1 3 2338 2361 1021
2376 2 2 1 3 1467 2019 1361
2377 2 2 1 3 2080 2142 2078
2378 2 2 1 3 1240 1977 1441
2379 2 2 1 3 1436 2101 2099
2380 2 2 1 3 1159 2115 1200
2381 2 2 1 3 1707 1800 1799
2382 2 2 1 3 1790 1791 1652
2383 2 2 1 3 1308 2159 1309
2384 2 2 1 3 1227 1315 1226
2385 2 2 1 3 2095 2155 844
2386 2 2 1 3 1244 2201 2077
2387 2 2 1 3 138 1928 870
2388 2 2 1 3 1593 2016 934
2389 2 2 1 3 1922 2045 2001
2390 2 2 1 3 1318 2081 2075
2391 2 2 1 3 1698 2508 2506
2392 2 2 1 3 1112 2102 999
2393 2 2 1 3 1441 1977 1654
2394 2 2 1 3 1308 2087 2055
2395 2 2 1 3 1225 1226 1216
2396 2 2 1 3 1692 2019 1467
2397 2 2 1 3 1916 1921 1915
2398 2 2 1 3 2075 2078 1318
2399 2 2 1 3 1654 1679 1522
2400 2 2 1 3 1657 1916 1915
2401 2 2 1 3 1427 1472 1471
2402 2 2 1 3 1741 1743 1742
2403 2 2 1 3 1631 2041 2040
2404 2 2 1 3 178 1942 179
2405 2 2 1 3 1361 1554 1360
2406 2 2 1 3 1554 1741 1591
2407 2 2 1 3 1981 1983 1982
2408 2 2 1 3 315 1932 314
2409 2 2 1 3 961 2024 954
2410 2 2 1 3 923 2045 1424
2411 2 2 1 3 1315 1592 1370
2412 2 2 1 3 2188 2204 1244
2413 2 2 1 3 1023 1027 1026
2414 2 2 1 3 1058 2146 1060
2415 2 2 1 3 2059 2242 1619
2416 2 2 1 3 1586 1587 1585
2417 2 2 1 3 262 1989 899
2418 2 2 1 3 1290 2007 1365
2419 2 2 1 3 915 1123 913
2420 2 2 1 3 1359 2184 1094
2421 2 2 1 3 944 1980 1237
2422 2 2 1 3 1738 1938 1471
2423 2 2 1 3 2062 2275 1291
2424 2 2 1 3 1301 1313 1229
2425 2 2 1 3 1231 1360 1205
2426 2 2 1 3 2151 2306 1597
2427 2 2 1 3 1657 1915 1587
2428 2 2 1 3 1211 1216 1215
2429 2 2 1 3 1028 2452 1958
2430 2 2 1 3 1134 2028 1322
2431 2 2 1 3 1365 2007 1610
2432 2 2 1 3 1301 1314 1313
2433 2 2 1 3 262 899 261
2434 2 2 1 3 1610 1781 1780
2435 2 2 1 3 1051 2063 1036
2436 2 2 1 3 1036 2063 1596
2437 2 2 1 3 2099 2100 1436
2438 2 2 1 3 1215 2324 1992
2439 2 2 1 3 990 2022 970
2440 2 2 1 3 1754 1931 1496
2441 2 2 1 3 1099 1126 1125
2442 2 2 1 3 1126 1994 1129
2443 2 2 1 3 1615 2023 1769
2444 2 2 1 3 2029 2035 1510
2445 2 2 1 3 1067 1068 1066
2446 2 2 1 3 1076 1077 1068
2447 2 2 1 3 1351 2143 1463
2448 2 2 1 3 944 1237 942
2449 2 2 1 3 1686 2049 1532
2450 2 2 1 3 838 2043 303
2451 2 2 1 3 1588 1657 1587
2452 2 2 1 3 1529 2044 1686
2453 2 2 1 3 1069 1095 1070
2454 2 2 1 3 2258 2298 1636
2455 2 2 1 3 1080 2038 1055
2456 2 2 1 3 1228 1229 1227
2457 2 2 1 3 1510 2168 1328
2458 2 2 1 3 1027 1042 1041
2459 2 2 1 3 1065 1066 1064
2460 2 2 1 3 1554 1591 1360
2461 2 2 1 3 949 1124 946
2462 2 2 1 3 1809 2316 1632
2463 2 2 1 3 2088 2346 1011
2464 2 2 1 3 310 1993 875
2465 2 2 1 3 1098 1099 1077
2466 2 2 1 3 1127 1128 1126
2467 2 2 1 3 1946 2280 2008
2468 2 2 1 3 1383 2345 1385
2469 2 2 1 3 1741 1742 1591
2470 2 2 1 3 1133 1992 1357
2471 2 2 1 3 1052 1069 1054
2472 2 2 1 3 1365 1610 1518
2473 2 2 1 3 1796 1798 1687
2474 2 2 1 3 1559 1589 1487
2475 2 2 1 3 2011 2012 1947
2476 2 2 1 3 957 2010 949
2477 2 2 1 3 1540 1600 1415
2478 2 2 1 3 956 2224 959
2479 2 2 1 3 1224 1225 1216
2480 2 2 1 3 2104 2105 2103
2481 2 2 1 3 1743 1913 1912
2482 2 2 1 3 2001 2045 930
2483 2 2 1 3 1607 2265 2158
2484 2 2 1 3 1133 1357 1128
2485 2 2 1 3 2007 2255 1610
2486 2 2 1 3 1211 1215 1170
2487 2 2 1 3 1385 1387 1386
2488 2 2 1 3 2028 2229 2023
2489 2 2 1 3 946 1980 944
2490 2 2 1 3 1278 1585 1193
2491 2 2 1 3 1743 1912 1742
2492 2 2 1 3 1169 1170 1133
2493 2 2 1 3 1322 2028 1514
2494 2 2 1 3 1514 2028 2023
2495 2 2 1 3 1132 1133 1128
2496 2 2 1 3 1588 2116 1657
2497 2 2 1 3 1355 1356 1314
2498 2 2 1 3 2037 2042 1031
2499 2 2 1 3 927 928 926
2500 2 2 1 3 312 857 311
2501 2 2 1 3 2111 2199 2058
2502 2 2 1 3 1210 1211 1170
2503 2 2 1 3 935 2016 1423
2504 2 2 1 3 1769 1773 1673
2505 2 2 1 3 875 2002 309
2506 2 2 1 3 1929 2320 1928
2507 2 2 1 3 1231 1361 1360
2508 2 2 1 3 1981 1982 1237
2509 2 2 1 3 1033 2037 1031
2510 2 2 1 3 1001 2102 1436
2511 2 2 1 3 1131 2149 2115
2512 2 2 1 3 1227 2021 1315
2513 2 2 1 3 1761 2025 1620
2514 2 2 1 3 1743 1914 1913
2515 2 2 1 3 2073 2081 1604
2516 2 2 1 3 2129 2130 1548
2517 2 2 1 3 1245 2146 1058
2518 2 2 1 3 2065 2228 1596
2519 2 2 1 3 1974 2306 1282
2520 2 2 1 3 1327 2029 1510
2521 2 2 1 3 1463 2143 1547
2522 2 2 1 3 1055 2037 1033
2523 2 2 1 3 2038 2039 2037
2524 2 2 1 3 868 2009 265
2525 2 2 1 3 1769 1926 1773
2526 2 2 1 3 1126 1129 1125
2527 2 2 1 3 1278 1586 1585
2528 2 2 1 3 2059 2299 2060
2529 2 2 1 3 2075 2081 2073
2530 2 2 1 3 1055 2038 2037
2531 2 2 1 3 1099 1127 1126
2532 2 2 1 3 2055 2159 1308
2533 2 2 1 3 184 873 185
2534 2 2 1 3 269 2089 864
2535 2 2 1 3 1177 1179 1160
2536 2 2 1 3 878 2083 2082
2537 2 2 1 3 1438 2008 1098
2538 2 2 1 3 925 927 926
2539 2 2 1 3 310 875 309
2540 2 2 1 3 2063 2064 1596
2541 2 2 1 3 1727 1728 1678
2542 2 2 1 3 1554 1806 1741
2543 2 2 1 3 1061 2100 2097
2544 2 2 1 3 1034 1064 990
2545 2 2 1 3 1615 1769 1673
2546 2 2 1 3 2038 2040 2039
2547 2 2 1 3 1065 1067 1066
2548 2 2 1 3 1034 1065 1064
2549 2 2 1 3 1067 1076 1068
2550 2 2 1 3 1534 2049 1794
2551 2 2 1 3 2064 2065 1596
2552 2 2 1 3 1532 2049 1534
2553 2 2 1 3 1066 1998 1238
2554 2 2 1 3 1193 2001 1088
2555 2 2 1 3 1277 1595 1453
2556 2 2 1 3 264 895 263
2557 2 2 1 3 1983 1984 1982
2558 2 2 1 3 1213 1295 1214
2559 2 2 1 3 2104 2106 2105
2560 2 2 1 3 970 1594 966
2561 2 2 1 3 1612 2023 1615
2562 2 2 1 3 2138 2139 858
2563 2 2 1 3 1165 2163 1253
2564 2 2 1 3 1552 1576 1419
2565 2 2 1 3 950 2141 957
2566 2 2 1 3 1177 1782 1179
2567 2 2 1 3 1099 1125 1077
2568 2 2 1 3 1315 1370 1369
2569 2 2 1 3 1371 1944 1313
2570 2 2 1 3 1615 1673 1658
2571 2 2 1 3 1852 1854 1589
2572 2 2 1 3 1295 1296 1214
2573 2 2 1 3 1107 1317 1086
2574 2 2 1 3 1945 1946 1438
2575 2 2 1 3 1353 2181 1501
2576 2 2 1 3 1514 2023 1612
2577 2 2 1 3 937 1593 934
2578 2 2 1 3 1222 2087 1204
2579 2 2 1 3 1465 1466 1356
2580 2 2 1 3 1586 1588 1587
2581 2 2 1 3 1542 1687 1486
2582 2 2 1 3 313 1965 312
2583 2 2 1 3 1610 1780 1518
2584 2 2 1 3 1295 1350 1296
2585 2 2 1 3 1121 1239 1080
2586 2 2 1 3 1068 1998 1066
2587 2 2 1 3 1460 1681 1461
2588 2 2 1 3 1676 1678 1677
2589 2 2 1 3 1670 2278 1262
2590 2 2 1 3 1379 1380 1377
2591 2 2 1 3 880 2091 2090
2592 2 2 1 3 1195 1291 1174
2593 2 2 1 3 1683 1767 1681
2594 2 2 1 3 1048 2207 2194
2595 2 2 1 3 1607 2054 2050
2596 2 2 1 3 1620 2303 1358
2597 2 2 1 3 2194 2207 2164
2598 2 2 1 3 1360 1995 1205
2599 2 2 1 3 1086 2063 1051
2600 2 2 1 3 1223 2113 1502
2601 2 2 1 3 1373 1575 1145
2602 2 2 1 3 1315 2021 1592
2603 2 2 1 3 2056 2073 1604
2604 2 2 1 3 1213 1214 1166
2605 2 2 1 3 870 902 901
2606 2 2 1 3 1946 2008 1438
2607 2 2 1 3 1350 1351 1296
2608 2 2 1 3 308 847 307
2609 2 2 1 3 873 2046 185
2610 2 2 1 3 1076 1098 1077
2611 2 2 1 3 1807 2202 2130
2612 2 2 1 3 1688 1787 1659
2613 2 2 1 3 1060 2146 1089
2614 2 2 1 3 1495 1496 1488
2615 2 2 1 3 2097 2100 2099
2616 2 2 1 3 1056 1080 1055
2617 2 2 1 3 1977 2061 1978
2618 2 2 1 3 2130 2202 1548
2619 2 2 1 3 1530 1659 1528
2620 2 2 1 3 1370 2191 1562
2621 2 2 1 3 1066 1238 1064
2622 2 2 1 3 1359 2258 2185
2623 2 2 1 3 266 868 265
2624 2 2 1 3 1044 2137 1045
2625 2 2 1 3 935 1423 956
2626 2 2 1 3 183 1975 184
2627 2 2 1 3 2199 2204 2058
2628 2 2 1 3 1676 1677 1581
2629 2 2 1 3 878 2082 276
2630 2 2 1 3 1081 1121 1080
2631 2 2 1 3 958 1967 955
2632 2 2 1 3 1460 1683 1681
2633 2 2 1 3 1500 1579 1578
2634 2 2 1 3 2084 2214 1234
2635 2 2 1 3 930 2045 921
2636 2 2 1 3 1536 2066 1691
2637 2 2 1 3 1562 2191 1856
2638 2 2 1 3 1335 1528 1336
2639 2 2 1 3 1172 1190 1181
2640 2 2 1 3 1122 1166 1121
2641 2 2 1 3 180 1988 181
2642 2 2 1 3 1088 2001 930
2643 2 2 1 3 1203 2113 1223
2644 2 2 1 3 1350 2143 1351
2645 2 2 1 3 966 2024 961
2646 2 2 1 3 844 2155 282
2647 2 2 1 3 1612 1615 1614
2648 2 2 1 3 1167 1213 1166
2649 2 2 1 3 1138 2084 1234
2650 2 2 1 3 1952 1954 1950
2651 2 2 1 3 1460 2168 1683
2652 2 2 1 3 311 1993 310
2653 2 2 1 3 302 2043 877
2654 2 2 1 3 1327 1510 1328
2655 2 2 1 3 2125 2143 1598
2656 2 2 1 3 1047 1055 1033
2657 2 2 1 3 306 876 305
2658 2 2 1 3 1769 2229 1926
2659 2 2 1 3 1320 1607 1445
2660 2 2 1 3 272 2138 858
2661 2 2 1 3 1222 2198 2087
2662 2 2 1 3 1300 1301 1229
2663 2 2 1 3 1335 1530 1528
2664 2 2 1 3 1643 2156 1447
2665 2 2 1 3 1580 1581 1579
2666 2 2 1 3 1095 1118 1096
2667 2 2 1 3 1141 1172 1142
2668 2 2 1 3 1632 2220 1422
2669 2 2 1 3 2107 2108 2106
2670 2 2 1 3 848 2086 278
2671 2 2 1 3 1225 1228 1227
2672 2 2 1 3 1604 2137 2056
2673 2 2 1 3 866 2470 2434
2674 2 2 1 3 1683 2168 1997
2675 2 2 1 3 995 2205 2109
2676 2 2 1 3 2117 2119 844
2677 2 2 1 3 263 1989 262
2678 2 2 1 3 1366 1598 1350
2679 2 2 1 3 2092 2093 2091
2680 2 2 1 3 1151 2157 1319
2681 2 2 1 3 1089 2122 2121
2682 2 2 1 3 2124 2126 2125
2683 2 2 1 3 1338 1460 1459
2684 2 2 1 3 1534 1794 1793
2685 2 2 1 3 1594 2024 966
2686 2 2 1 3 1463 1464 1353
2687 2 2 1 3 1241 2121 1605
2688 2 2 1 3 2032 2036 2035
2689 2 2 1 3 1530 1688 1659
2690 2 2 1 3 880 2155 2092
2691 2 2 1 3 1478 1500 1499
2692 2 2 1 3 2097 2098 1146
2693 2 2 1 3 2050 2051 1517
2694 2 2 1 3 1204 2087 1218
2695 2 2 1 3 880 2090 280
2696 2 2 1 3 2134 2136 839
2697 2 2 1 3 304 838 303
2698 2 2 1 3 1463 1477 1464
2699 2 2 1 3 2113 2114 1502
2700 2 2 1 3 1750 1900 1727
2701 2 2 1 3 1579 1582 1578
2702 2 2 1 3 1218 2087 1308
2703 2 2 1 3 1211 1224 1216
2704 2 2 1 3 1726 1727 1678
2705 2 2 1 3 1127 1132 1128
2706 2 2 1 3 1446 2059 1643
2707 2 2 1 3 1068 2206 1998
2708 2 2 1 3 2124 2125 1598
2709 2 2 1 3 1223 1342 1222
2710 2 2 1 3 265 2009 264
2711 2 2 1 3 2092 2155 2095
2712 2 2 1 3 1156 2176 1220
2713 2 2 1 3 1760 1761 1620
2714 2 2 1 3 2129 2131 2130
2715 2 2 1 3 1351 1463 1353
2716 2 2 1 3 1005 2100 1061
2717 2 2 1 3 1125 2206 1077
2718 2 2 1 3 1317 2063 1086
2719 2 2 1 3 2059 2060 1643
2720 2 2 1 3 1599 2124 1598
2721 2 2 1 3 1529 1686 1532
2722 2 2 1 3 1746 1811 1599
2723 2 2 1 3 1528 2044 1529
2724 2 2 1 3 302 877 301
2725 2 2 1 3 1811 2124 1599
2726 2 2 1 3 1477 1478 1464
2727 2 2 1 3 1089 2146 2122
2728 2 2 1 3 1309 1335 1312
2729 2 2 1 3 1675 1676 1581
2730 2 2 1 3 1681 1682 1461
2731 2 2 1 3 1203 1223 1222
2732 2 2 1 3 1682 1891 1704
2733 2 2 1 3 269 864 268
2734 2 2 1 3 1683 1892 1767
2735 2 2 1 3 952 2141 950
2736 2 2 1 3 1436 2102 2101
2737 2 2 1 3 879 2118 2117
2738 2 2 1 3 1493 1620 1358
2739 2 2 1 3 1607 2050 1445
2740 2 2 1 3 1351 1353 1352
2741 2 2 1 3 1114 2184 1277
2742 2 2 1 3 1309 2159 1335
2743 2 2 1 3 1497 2029 1327
2744 2 2 1 3 1008 2111 1025
2745 2 2 1 3 880 2092 2091
2746 2 2 1 3 309 2002 308
2747 2 2 1 3 1132 1169 1133
2748 2 2 1 3 881 2135 2134
2749 2 2 1 3 1445 2050 1517
2750 2 2 1 3 1074 2097 1146
2751 2 2 1 3 1250 2081 1318
2752 2 2 1 3 283 2117 844
2753 2 2 1 3 1875 2238 1710
2754 2 2 1 3 1506 2111 2058
2755 2 2 1 3 1712 1875 1710
2756 2 2 1 3 1122 1167 1166
2757 2 2 1 3 1045 2137 1057
2758 2 2 1 3 1691 1941 1940
2759 2 2 1 3 2032 2035 2029
2760 2 2 1 3 1538 2066 1536
2761 2 2 1 3 1100 1438 1098
2762 2 2 1 3 1343 1536 1342
2763 2 2 1 3 1116 2121 1241
2764 2 2 1 3 954 1425 952
2765 2 2 1 3 1425 2141 952
2766 2 2 1 3 1500 1578 1499
2767 2 2 1 3 1298 2242 1446
2768 2 2 1 3 1200 2115 2113
2769 2 2 1 3 1169 1210 1170
2770 2 2 1 3 1223 1343 1342
2771 2 2 1 3 2135 2136 2134
2772 2 2 1 3 967 970 966
2773 2 2 1 3 2126 2127 2125
2774 2 2 1 3 1081 1122 1121
2775 2 2 1 3 929 931 928
2776 2 2 1 3 2030 2032 2029
2777 2 2 1 3 1536 1691 1537
2778 2 2 1 3 971 990 970
2779 2 2 1 3 2104 2107 2106
2780 2 2 1 3 1319 2144 1149
2781 2 2 1 3 991 1034 990
2782 2 2 1 3 2065 2254 2228
2783 2 2 1 3 1248 2081 1250
2784 2 2 1 3 1881 1882 1761
2785 2 2 1 3 2056 2137 1044
2786 2 2 1 3 299 833 298
2787 2 2 1 3 2092 2094 2093
2788 2 2 1 3 1562 1856 1758
2789 2 2 1 3 2121 2122 1605
2790 2 2 1 3 270 2089 269
2791 2 2 1 3 1108 1160 1107
2792 2 2 1 3 1087 1107 1086
2793 2 2 1 3 2118 2119 2117
2794 2 2 1 3 1717 2290 1703
2795 2 2 1 3 1161 1177 1160
2796 2 2 1 3 1203 1222 1204
2797 2 2 1 3 2184 2185 1595
2798 2 2 1 3 1285 1327 1286
2799 2 2 1 3 1674 2116 1588
2800 2 2 1 3 1500 1580 1579
2801 2 2 1 3 2102 2103 2101
2802 2 2 1 3 1327 1328 1286
2803 2 2 1 3 902 903 901
2804 2 2 1 3 932 2016 935
2805 2 2 1 3 1343 1538 1536
2806 2 2 1 3 1056 1081 1080
2807 2 2 1 3 2123 2150 1605
2808 2 2 1 3 1460 1461 1459
2809 2 2 1 3 1615 1658 1614
2810 2 2 1 3 288 2134 839
2811 2 2 1 3 1387 1389 1388
2812 2 2 1 3 1366 1599 1598
2813 2 2 1 3 1586 2216 1603
2814 2 2 1 3 1295 1366 1350
2815 2 2 1 3 1528 1529 1336
2816 2 2 1 3 965 966 961
2817 2 2 1 3 1441 1522 1442
2818 2 2 1 3 1538 2067 2066
2819 2 2 1 3 1285 1497 1327
2820 2 2 1 3 1218 1308 1307
2821 2 2 1 3 275 2082 853
2822 2 2 1 3 1583 1945 1438
2823 2 2 1 3 1281 2142 1621
2824 2 2 1 3 1025 2111 1039
2825 2 2 1 3 1139 2180 1103
2826 2 2 1 3 997 2109 1112
2827 2 2 1 3 1659 2044 1528
2828 2 2 1 3 1149 2144 1147
2829 2 2 1 3 1689 1690 1688
2830 2 2 1 3 945 946 944
2831 2 2 1 3 1092 1254 1111
2832 2 2 1 3 947 949 946
2833 2 2 1 3 1278 2216 1586
2834 2 2 1 3 950 957 949
2835 2 2 1 3 943 944 942
2836 2 2 1 3 2122 2123 1605
2837 2 2 1 3 1794 1795 1793
2838 2 2 1 3 1200 2113 1203
2839 2 2 1 3 303 2043 302
2840 2 2 1 3 1345 1539 1344
2841 2 2 1 3 932 935 931
2842 2 2 1 3 1294 2248 1650
2843 2 2 1 3 2039 2042 2037
2844 2 2 1 3 277 2086 878
2845 2 2 1 3 1074 1146 1083
2846 2 2 1 3 1477 1548 1478
2847 2 2 1 3 273 2138 272
2848 2 2 1 3 1241 1242 1154
2849 2 2 1 3 1111 2084 1138
2850 2 2 1 3 1061 2097 1074
2851 2 2 1 3 2051 2088 2053
2852 2 2 1 3 1116 1241 1154
2853 2 2 1 3 1434 2206 1125
2854 2 2 1 3 2123 2151 2150
2855 2 2 1 3 1264 1670 1262
2856 2 2 1 3 272 858 271
2857 2 2 1 3 1430 1431 1287
2858 2 2 1 3 275 853 274
2859 2 2 1 3 1921 2365 927
2860 2 2 1 3 1506 2057 2056
2861 2 2 1 3 1252 2142 1281
2862 2 2 1 3 1039 2111 1506
2863 2 2 1 3 1732 1774 1733
2864 2 2 1 3 1335 1336 1312
2865 2 2 1 3 1243 1430 1287
2866 2 2 1 3 1430 1432 1431
2867 2 2 1 3 2146 2260 2122
2868 2 2 1 3 279 2090 848
2869 2 2 1 3 1604 2081 1248
2870 2 2 1 3 2161 2162 860
2871 2 2 1 3 1478 1499 1464
2872 2 2 1 3 1446 1643 1447
2873 2 2 1 3 1047 1056 1055
2874 2 2 1 3 1351 1352 1296
2875 2 2 1 3 1506 2058 2057
2876 2 2 1 3 1432 1524 1431
2877 2 2 1 3 1234 1235 1184
2878 2 2 1 3 1254 2085 2084
2879 2 2 1 3 971 991 990
2880 2 2 1 3 296 859 295
2881 2 2 1 3 2216 2271 1603
2882 2 2 1 3 1497 2030 2029
2883 2 2 1 3 1536 1537 1342
2884 2 2 1 3 277 878 276
2885 2 2 1 3 1246 1248 1247
2886 2 2 1 3 2057 2074 2073
2887 2 2 1 3 1138 1234 1184
2888 2 2 1 3 1241 1243 1242
2889 2 2 1 3 1243 1287 1242
2890 2 2 1 3 1447 2156 1492
2891 2 2 1 3 1092 1111 1109
2892 2 2 1 3 1200 1203 1201
2893 2 2 1 3 1254 2084 1111
2894 2 2 1 3 1668 2264 1665
2895 2 2 1 3 1408 2336 1401
2896 2 2 1 3 2068 2069 2067
2897 2 2 1 3 1691 1940 1537
2898 2 2 1 3 1353 1501 1352
2899 2 2 1 3 1116 1154 1117
2900 2 2 1 3 1039 1506 1044
2901 2 2 1 3 1598 2143 1350
2902 2 2 1 3 1502 2203 1343
2903 2 2 1 3 1432 1525 1524
2904 2 2 1 3 835 2154 292
2905 2 2 1 3 1500 2202 1580
2906 2 2 1 3 2074 2076 2075
2907 2 2 1 3 1248 1250 1249
2908 2 2 1 3 279 848 278
2909 2 2 1 3 879 2117 284
2910 2 2 1 3 1001 1436 1003
2911 2 2 1 3 1024 2178 1007
2912 2 2 1 3 1083 1092 1091
2913 2 2 1 3 2070 2072 2069
2914 2 2 1 3 1057 1246 1245
2915 2 2 1 3 2061 2342 1978
2916 2 2 1 3 1525 1694 1524
2917 2 2 1 3 967 971 970
2918 2 2 1 3 1250 1252 1251
2919 2 2 1 3 1061 1074 1062
2920 2 2 1 3 2074 2077 2076
2921 2 2 1 3 1207 2163 1165
2922 2 2 1 3 1237 1987 942
2923 2 2 1 3 1074 1083 1075
2924 2 2 1 3 281 880 280
2925 2 2 1 3 1318 2142 1252
2926 2 2 1 3 1073 1086 1051
2927 2 2 1 3 1234 2175 1235
2928 2 2 1 3 1090 2121 1116
2929 2 2 1 3 1253 2112 1163
2930 2 2 1 3 1285 2175 1497
2931 2 2 1 3 1506 2056 1044
2932 2 2 1 3 1449 2274 1646
2933 2 2 1 3 1159 1200 1199
2934 2 2 1 3 1298 1446 1368
2935 2 2 1 3 2058 2188 2057
2936 2 2 1 3 1153 2157 1151
2937 2 2 1 3 1497 2175 2031
2938 2 2 1 3 1235 1285 1284
2939 2 2 1 3 2150 2151 1597
2940 2 2 1 3 1187 1255 1106
2941 2 2 1 3 2057 2073 2056
2942 2 2 1 3 963 2209 969
2943 2 2 1 3 1492 1732 1730
2944 2 2 1 3 1246 1247 1245
2945 2 2 1 3 1252 1281 1280
2946 2 2 1 3 1036 1596 994
2947 2 2 1 3 1246 1604 1248
2948 2 2 1 3 283 844 282
2949 2 2 1 3 881 2134 289
2950 2 2 1 3 995 2109 997
2951 2 2 1 3 1591 1995 1360
2952 2 2 1 3 135 832 136
2953 2 2 1 3 1250 1318 1252
2954 2 2 1 3 1248 1249 1247
2955 2 2 1 3 1676 1726 1678
2956 2 2 1 3 1525 1695 1694
2957 2 2 1 3 1213 2275 2272
2958 2 2 1 3 285 879 284
2959 2 2 1 3 1267 2180 1139
2960 2 2 1 3 1165 1253 1163
2961 2 2 1 3 1281 1435 1334
2962 2 2 1 3 2076 2079 2078
2963 2 2 1 3 1596 2228 994
2964 2 2 1 3 1492 2156 1732
2965 2 2 1 3 1089 2121 1090
2966 2 2 1 3 1435 2148 1457
2967 2 2 1 3 2097 2099 2098
2968 2 2 1 3 1308 1309 1307
2969 2 2 1 3 1090 1116 1102
2970 2 2 1 3 2074 2075 2073
2971 2 2 1 3 1005 1061 1012
2972 2 2 1 3 1118 1141 1120
2973 2 2 1 3 276 2082 275
2974 2 2 1 3 1250 1251 1249
2975 2 2 1 3 1315 1369 1226
2976 2 2 1 3 1328 2168 1338
2977 2 2 1 3 1463 1547 1477
2978 2 2 1 3 1331 1519 1330
2979 2 2 1 3 1223 1502 1343
2980 2 2 1 3 1555 1632 1422
2981 2 2 1 3 1580 2202 1807
2982 2 2 1 3 288 839 287
2983 2 2 1 3 1252 1280 1251
2984 2 2 1 3 1272 1772 1267
2985 2 2 1 3 997 1112 999
2986 2 2 1 3 1509 2164 1270
2987 2 2 1 3 1431 2153 1433
2988 2 2 1 3 941 942 939
2989 2 2 1 3 934 2016 932
2990 2 2 1 3 1270 2164 1257
2991 2 2 1 3 1716 1717 1703
2992 2 2 1 3 2077 2189 2076
2993 2 2 1 3 290 881 289
2994 2 2 1 3 292 2154 291
2995 2 2 1 3 278 2086 277
2996 2 2 1 3 1151 1319 1149
2997 2 2 1 3 1294 1650 1452
2998 2 2 1 3 1240 1441 1440
2999 2 2 1 3 1281 1334 1280
3000 2 2 1 3 1430 2150 1597
3001 2 2 1 3 2074 2188 2077
3002 2 2 1 3 1147 2178 1024
3003 2 2 1 3 2095 2096 2094
3004 2 2 1 3 1580 1675 1581
3005 2 2 1 3 1516 2152 1660
3006 2 2 1 3 1305 1344 1207
3007 2 2 1 3 947 950 949
3008 2 2 1 3 185 2046 186
3009 2 2 1 3 2076 2078 2075
3010 2 2 1 3 1220 2157 1153
3011 2 2 1 3 1203 1204 1201
3012 2 2 1 3 1241 1605 1243
3013 2 2 1 3 293 835 292
3014 2 2 1 3 2042 2212 1034
3015 2 2 1 3 280 2090 279
3016 2 2 1 3 1621 2148 1435
3017 2 2 1 3 1605 2150 1243
3018 2 2 1 3 1060 1089 1079
3019 2 2 1 3 1281 1621 1435
3020 2 2 1 3 1694 1705 1524
3021 2 2 1 3 1696 1697 1695
3022 2 2 1 3 945 947 946
3023 2 2 1 3 2144 2178 1147
3024 2 2 1 3 284 2117 283
3025 2 2 1 3 1448 2369 2355
3026 2 2 1 3 1509 2165 2164
3027 2 2 1 3 1430 1597 1432
3028 2 2 1 3 1436 2100 1003
3029 2 2 1 3 976 2244 1256
3030 2 2 1 3 1328 1338 1337
3031 2 2 1 3 1111 1138 1137
3032 2 2 1 3 1320 1445 1329
3033 2 2 1 3 2175 2214 2031
3034 2 2 1 3 1435 1457 1456
3035 2 2 1 3 1344 2163 1207
3036 2 2 1 3 965 967 966
3037 2 2 1 3 1445 1517 1516
3038 2 2 1 3 1065 1428 1067
3039 2 2 1 3 1104 2265 1320
3040 2 2 1 3 289 2134 288
3041 2 2 1 3 1824 2133 1675
3042 2 2 1 3 2169 2171 1647
3043 2 2 1 3 1243 2150 1430
3044 2 2 1 3 1057 1245 1058
3045 2 2 1 3 2079 2080 2078
3046 2 2 1 3 1061 1062 1012
3047 2 2 1 3 1156 1220 1153
3048 2 2 1 3 2068 2070 2069
3049 2 2 1 3 1457 2170 2169
3050 2 2 1 3 132 2161 860
3051 2 2 1 3 1808 1809 1632
3052 2 2 1 3 1667 1668 1665
3053 2 2 1 3 1338 2168 1460
3054 2 2 1 3 1435 1456 1334
3055 2 2 1 3 943 945 944
3056 2 2 1 3 2023 2229 1769
3057 2 2 1 3 1186 2176 1156
3058 2 2 1 3 1039 1044 1040
3059 2 2 1 3 1577 1584 1576
3060 2 2 1 3 1449 1646 1451
3061 2 2 1 3 1431 1433 1287
3062 2 2 1 3 1660 2409 2360
3063 2 2 1 3 2051 2053 2052
3064 2 2 1 3 1453 1655 1535
3065 2 2 1 3 281 2155 880
3066 2 2 1 3 1538 2068 2067
3067 2 2 1 3 1092 1109 1091
3068 2 2 1 3 1194 1278 1193
3069 2 2 1 3 1116 1117 1102
3070 2 2 1 3 1074 1075 1062
3071 2 2 1 3 1525 1696 1695
3072 2 2 1 3 2031 2033 2030
3073 2 2 1 3 1242 1768 1154
3074 2 2 1 3 1530 1689 1688
3075 2 2 1 3 1209 2315 2007
3076 2 2 1 3 1083 1091 1075
3077 2 2 1 3 1117 2149 1131
3078 2 2 1 3 131 2161 132
3079 2 2 1 3 1285 1286 1284
3080 2 2 1 3 1457 2169 1456
3081 2 2 1 3 1134 2288 2028
3082 2 2 1 3 1003 2100 1005
3083 2 2 1 3 1057 2137 1246
3084 2 2 1 3 1726 1750 1727
3085 2 2 1 3 1104 1320 1140
3086 2 2 1 3 1277 1453 1341
3087 2 2 1 3 282 2155 281
3088 2 2 1 3 1064 2022 990
3089 2 2 1 3 2148 2211 1457
3090 2 2 1 3 1138 1184 1183
3091 2 2 1 3 1548 2202 1478
3092 2 2 1 3 1456 1647 1462
3093 2 2 1 3 1293 1330 1186
3094 2 2 1 3 1235 1284 1283
3095 2 2 1 3 1177 1783 1782
3096 2 2 1 3 1456 2169 1647
3097 2 2 1 3 1045 1057 1049
3098 2 2 1 3 2266 2283 1214
3099 2 2 1 3 1603 1674 1588
3100 2 2 1 3 1100 1583 1438
3101 2 2 1 3 1177 2112 1783
3102 2 2 1 3 132 860 133
3103 2 2 1 3 1689 2159 2055
3104 2 2 1 3 1756 1757 1755
3105 2 2 1 3 1025 1039 1038
3106 2 2 1 3 1633 2261 975
3107 2 2 1 3 1339 1340 1279
3108 2 2 1 3 1428 2235 1067
3109 2 2 1 3 1772 2180 1267
3110 2 2 1 3 1603 2271 1685
3111 2 2 1 3 1556 1803 1557
3112 2 2 1 3 1111 1137 1109
3113 2 2 1 3 1365 1518 1454
3114 2 2 1 3 1381 1382 1380
3115 2 2 1 3 1192 1193 1088
3116 2 2 1 3 1044 1045 1040
3117 2 2 1 3 1235 1283 1184
3118 2 2 1 3 1647 1972 1462
3119 2 2 1 3 1235 2175 1285
3120 2 2 1 3 1299 1511 1275
3121 2 2 1 3 1621 2172 2148
3122 2 2 1 3 1446 1447 1368
3123 2 2 1 3 1732 1733 1730
3124 2 2 1 3 1273 1509 1270
3125 2 2 1 3 1089 1090 1079
3126 2 2 1 3 2031 2214 2034
3127 2 2 1 3 1330 2176 1186
3128 2 2 1 3 1698 1788 1645
3129 2 2 1 3 2112 2231 1783
3130 2 2 1 3 131 2177 2161
3131 2 2 1 3 1456 1462 1334
3132 2 2 1 3 1280 1282 1251
3133 2 2 1 3 1005 1012 1006
3134 2 2 1 3 1249 1503 1247
3135 2 2 1 3 1008 2199 2111
3136 2 2 1 3 1200 1201 1199
3137 2 2 1 3 1246 2137 1604
3138 2 2 1 3 1301 1355 1314
3139 2 2 1 3 1591 2132 1995
3140 2 2 1 3 1161 2112 1177
3141 2 2 1 3 914 915 913
3142 2 2 1 3 1003 1005 1004
3143 2 2 1 3 1013 1014 1010
3144 2 2 1 3 1464 2181 1353
3145 2 2 1 3 1228 1300 1229
3146 2 2 1 3 2299 2304 2060
3147 2 2 1 3 1511 2167 1275
3148 2 2 1 3 1280 2179 1282
3149 2 2 1 3 1077 2206 1068
3150 2 2 1 3 1261 2173 1259
3151 2 2 1 3 1332 1527 1526
3152 2 2 1 3 912 913 911
3153 2 2 1 3 1277 2184 1595
3154 2 2 1 3 1527 1698 1645
3155 2 2 1 3 1328 1337 1286
3156 2 2 1 3 1087 1108 1107
3157 2 2 1 3 1338 1459 1458
3158 2 2 1 3 130 2177 131
3159 2 2 1 3 1057 1058 1049
3160 2 2 1 3 1108 1161 1160
3161 2 2 1 3 1762 1763 1584
3162 2 2 1 3 1606 1746 1599
3163 2 2 1 3 2113 2115 2114
3164 2 2 1 3 1527 2233 1698
3165 2 2 1 3 2208 2210 1770
3166 2 2 1 3 941 943 942
3167 2 2 1 3 1524 2153 1431
3168 2 2 1 3 1216 2287 1215
3169 2 2 1 3 1699 1700 1626
3170 2 2 1 3 1527 1645 1526
3171 2 2 1 3 1332 1333 1261
3172 2 2 1 3 1332 1526 1333
3173 2 2 1 3 2092 2095 2094
3174 2 2 1 3 1073 1087 1086
3175 2 2 1 3 1039 1040 1038
3176 2 2 1 3 1871 1872 1868
3177 2 2 1 3 1154 2149 1117
3178 2 2 1 3 1005 1006 1004
3179 2 2 1 3 1517 2152 1516
3180 2 2 1 3 1497 2031 2030
3181 2 2 1 3 1333 1429 1261
3182 2 2 1 3 1514 1612 1611
3183 2 2 1 3 1812 1813 1763
3184 2 2 1 3 2057 2188 2074
3185 2 2 1 3 1114 1277 1144
3186 2 2 1 3 1260 1332 1261
3187 2 2 1 3 1138 1183 1137
3188 2 2 1 3 1249 2174 1503
3189 2 2 1 3 1334 2179 1280
3190 2 2 1 3 1014 1964 1010
3191 2 2 1 3 1742 2132 1591
3192 2 2 1 3 1972 1973 1462
3193 2 2 1 3 1478 2202 1500
3194 2 2 1 3 1612 1614 1613
3195 2 2 1 3 2076 2189 2079
3196 2 2 1 3 1362 1467 1361
3197 2 2 1 3 1260 2210 2208
3198 2 2 1 3 1370 1562 1369
3199 2 2 1 3 1429 2173 1261
3200 2 2 1 3 989 1443 1191
3201 2 2 1 3 1526 1624 1333
3202 2 2 1 3 1705 2153 1524
3203 2 2 1 3 882 2183 2182
3204 2 2 1 3 910 911 909
3205 2 2 1 3 1462 2179 1334
3206 2 2 1 3 1084 1359 1094
3207 2 2 1 3 2165 2194 2164
3208 2 2 1 3 1683 1997 1892
3209 2 2 1 3 1076 1100 1098
3210 2 2 1 3 2051 2052 1517
3211 2 2 1 3 985 995 993
3212 2 2 1 3 908 909 907
3213 2 2 1 3 1770 2233 2208
3214 2 2 1 3 2428 2507 2183
3215 2 2 1 3 1322 1514 1513
3216 2 2 1 3 1345 2230 1539
3217 2 2 1 3 1204 1218 1217
3218 2 2 1 3 129 836 130
3219 2 2 1 3 2031 2034 2033
3220 2 2 1 3 1771 2233 1770
3221 2 2 1 3 128 2182 129
3222 2 2 1 3 1001 1003 1002
3223 2 2 1 3 1290 1365 1364
3224 2 2 1 3 127 882 128
3225 2 2 1 3 1332 2208 1527
3226 2 2 1 3 1251 2174 1249
3227 2 2 1 3 1260 1261 1259
3228 2 2 1 3 1340 2216 1279
3229 2 2 1 3 836 2177 130
3230 2 2 1 3 1466 1495 1488
3231 2 2 1 3 1331 2213 1519
3232 2 2 1 3 124 840 125
3233 2 2 1 3 1618 1662 1661
3234 2 2 1 3 2164 2207 1257
3235 2 2 1 3 1645 2186 1526
3236 2 2 1 3 123 2187 124
3237 2 2 1 3 1109 1110 1091
3238 2 2 1 3 1529 1532 1531
3239 2 2 1 3 981 1437 983
3240 2 2 1 3 1192 1194 1193
3241 2 2 1 3 1309 1312 1311
3242 2 2 1 3 1324 1618 1508
3243 2 2 1 3 122 883 123
3244 2 2 1 3 1879 2462 1571
3245 2 2 1 3 1973 2179 1462
3246 2 2 1 3 1183 1260 1259
3247 2 2 1 3 1493 1760 1620
3248 2 2 1 3 1264 1784 1670
3249 2 2 1 3 1509 2166 2165
3250 2 2 1 3 1075 1244 1062
3251 2 2 1 3 1578 1901 1499
3252 2 2 1 3 1194 1279 1278
3253 2 2 1 3 1117 1131 1130
3254 2 2 1 3 1282 2174 1251
3255 2 2 1 3 1283 2210 1184
3256 2 2 1 3 1475 2219 1629
3257 2 2 1 3 1293 1331 1330
3258 2 2 1 3 1284 1346 1283
3259 2 2 1 3 999 1001 1000
3260 2 2 1 3 1807 1824 1675
3261 2 2 1 3 119 845 120
3262 2 2 1 3 1526 2186 1624
3263 2 2 1 3 906 907 905
3264 2 2 1 3 1090 1102 1101
3265 2 2 1 3 1342 2198 1222
3266 2 2 1 3 974 2218 948
3267 2 2 1 3 1501 1602 1601
3268 2 2 1 3 1003 1004 1002
3269 2 2 1 3 1445 1516 1329
3270 2 2 1 3 965 2190 967
3271 2 2 1 3 118 2193 119
3272 2 2 1 3 1940 1955 1537
3273 2 2 1 3 2330 2334 2079
3274 2 2 1 3 923 1424 925
3275 2 2 1 3 1675 2133 1676
3276 2 2 1 3 1509 2167 2166
3277 2 2 1 3 1012 2199 1006
3278 2 2 1 3 2068 2071 2070
3279 2 2 1 3 1760 1881 1761
3280 2 2 1 3 117 885 118
3281 2 2 1 3 2189 2330 2079
3282 2 2 1 3 1320 1329 1140
3283 2 2 1 3 1305 1345 1344
3284 2 2 1 3 1770 2210 1283
3285 2 2 1 3 916 917 915
3286 2 2 1 3 1682 1704 1684
3287 2 2 1 3 929 932 931
3288 2 2 1 3 116 2197 117
3289 2 2 1 3 1218 1307 1306
3290 2 2 1 3 1667 1669 1668
3291 2 2 1 3 2172 2353 2148
3292 2 2 1 3 1183 1259 1137
3293 2 2 1 3 1343 2203 1538
3294 2 2 1 3 1768 2149 1154
3295 2 2 1 3 1273 2167 1509
3296 2 2 1 3 115 850 116
3297 2 2 1 3 1299 1777 1511
3298 2 2 1 3 1423 2224 956
3299 2 2 1 3 1346 1771 1770
3300 2 2 1 3 1058 1060 1059
3301 2 2 1 3 1646 2195 1451
3302 2 2 1 3 114 2196 115
3303 2 2 1 3 1234 2214 2175
3304 2 2 1 3 1916 2385 2376
3305 2 2 1 3 1346 1770 1283
3306 2 2 1 3 978 2244 976
3307 2 2 1 3 997 999 998
3308 2 2 1 3 1457 2211 2170
3309 2 2 1 3 113 884 114
3310 2 2 1 3 1696 2302 1974
3311 2 2 1 3 1662 1895 1661
3312 2 2 1 3 1131 1159 1158
3313 2 2 1 3 1682 1684 1461
3314 2 2 1 3 1060 1079 1078
3315 2 2 1 3 112 2200 113
3316 2 2 1 3 129 2182 836
3317 2 2 1 3 1045 1049 1048
3318 2 2 1 3 912 914 913
3319 2 2 1 3 1338 1458 1337
3320 2 2 1 3 882 2182 128
3321 2 2 1 3 1618 1661 1508
3322 2 2 1 3 111 854 112
3323 2 2 1 3 1335 2159 1530
3324 2 2 1 3 1739 1740 1496
3325 2 2 1 3 1298 1368 1367
3326 2 2 1 3 1447 1492 1491
3327 2 2 1 3 1184 2210 1183
3328 2 2 1 3 1159 1199 1198
3329 2 2 1 3 1208 1231 1205
3330 2 2 1 3 1045 1048 1040
3331 2 2 1 3 1117 1130 1102
3332 2 2 1 3 995 997 996
3333 2 2 1 3 1260 2208 1332
3334 2 2 1 3 1532 1534 1533
3335 2 2 1 3 918 919 917
3336 2 2 1 3 1716 1765 1717
3337 2 2 1 3 1091 2201 1075
3338 2 2 1 3 1383 1384 1382
3339 2 2 1 3 1274 1298 1297
3340 2 2 1 3 1492 1730 1729
3341 2 2 1 3 1258 1619 1271
3342 2 2 1 3 1253 2231 2112
3343 2 2 1 3 1129 1434 1125
3344 2 2 1 3 910 912 911
3345 2 2 1 3 124 2187 840
3346 2 2 1 3 1006 1007 1004
3347 2 2 1 3 1475 1629 1553
3348 2 2 1 3 904 905 903
3349 2 2 1 3 1580 1807 1675
3350 2 2 1 3 1586 1603 1588
3351 2 2 1 3 1699 1735 1700
3352 2 2 1 3 2167 2227 2166
3353 2 2 1 3 1191 1192 1088
3354 2 2 1 3 914 916 915
3355 2 2 1 3 2318 2348 1202
3356 2 2 1 3 1656 1708 1617
3357 2 2 1 3 1183 2210 1260
3358 2 2 1 3 1006 1008 1007
3359 2 2 1 3 985 2205 995
3360 2 2 1 3 1062 2204 1012
3361 2 2 1 3 883 2187 123
3362 2 2 1 3 1058 1059 1049
3363 2 2 1 3 1499 2181 1464
3364 2 2 1 3 1191 1325 1192
3365 2 2 1 3 1001 1002 1000
3366 2 2 1 3 1366 1606 1599
3367 2 2 1 3 1537 2198 1342
3368 2 2 1 3 1110 2201 1091
3369 2 2 1 3 1006 2199 1008
3370 2 2 1 3 1324 1339 1279
3371 2 2 1 3 920 921 919
3372 2 2 1 3 1166 2283 1121
3373 2 2 1 3 1025 1038 1037
3374 2 2 1 3 2079 2334 2080
3375 2 2 1 3 1452 1544 1543
3376 2 2 1 3 1508 1520 1339
3377 2 2 1 3 1204 1217 1201
3378 2 2 1 3 2173 2217 1259
3379 2 2 1 3 1037 1147 1024
3380 2 2 1 3 1090 1101 1079
3381 2 2 1 3 980 1085 978
3382 2 2 1 3 1294 1452 1348
3383 2 2 1 3 1075 2201 1244
3384 2 2 1 3 1084 2298 1359
3385 2 2 1 3 1538 2203 2068
3386 2 2 1 3 108 862 109
3387 2 2 1 3 1148 1149 1147
3388 2 2 1 3 951 952 950
3389 2 2 1 3 1337 2223 1286
3390 2 2 1 3 1148 1439 1150
3391 2 2 1 3 1150 1151 1149
3392 2 2 1 3 1152 1157 1155
3393 2 2 1 3 1324 1508 1339
3394 2 2 1 3 1030 1031 991
3395 2 2 1 3 1008 1025 1024
3396 2 2 1 3 1309 1311 1307
3397 2 2 1 3 977 1136 979
3398 2 2 1 3 908 910 909
3399 2 2 1 3 1185 1294 1292
3400 2 2 1 3 1152 1153 1151
3401 2 2 1 3 2272 2275 2062
3402 2 2 1 3 1194 1324 1279
3403 2 2 1 3 1564 1565 1053
3404 2 2 1 3 927 929 928
3405 2 2 1 3 1501 1601 1352
3406 2 2 1 3 2174 2306 2151
3407 2 2 1 3 976 1256 974
3408 2 2 1 3 119 2193 845
3409 2 2 1 3 1658 2145 1614
3410 2 2 1 3 1458 1656 1617
3411 2 2 1 3 1244 2204 1062
3412 2 2 1 3 1453 1535 1341
3413 2 2 1 3 1256 2218 974
3414 2 2 1 3 1012 2204 2199
3415 2 2 1 3 1284 2223 1346
3416 2 2 1 3 1530 2159 1689
3417 2 2 1 3 1046 1047 1033
3418 2 2 1 3 1529 1531 1336
3419 2 2 1 3 1296 2266 1214
3420 2 2 1 3 1247 2260 1245
3421 2 2 1 3 1109 2217 1110
3422 2 2 1 3 1032 1033 1031
3423 2 2 1 3 885 2193 118
3424 2 2 1 3 999 1000 998
3425 2 2 1 3 992 994 984
3426 2 2 1 3 989 1191 1088
3427 2 2 1 3 1534 1793 1792
3428 2 2 1 3 1168 1174 1167
3429 2 2 1 3 1324 2222 1618
3430 2 2 1 3 1258 1270 1257
3431 2 2 1 3 964 965 961
3432 2 2 1 3 938 939 937
3433 2 2 1 3 1286 2223 1284
3434 2 2 1 3 1078 1257 1059
3435 2 2 1 3 2247 2279 1269
3436 2 2 1 3 906 908 907
3437 2 2 1 3 1447 1491 1368
3438 2 2 1 3 2068 2203 2071
3439 2 2 1 3 187 831 188
3440 2 2 1 3 1245 2260 2146
3441 2 2 1 3 933 934 932
3442 2 2 1 3 960 961 954
3443 2 2 1 3 117 2197 885
3444 2 2 1 3 1196 1205 1195
3445 2 2 1 3 1355 1465 1356
3446 2 2 1 3 1651 1790 1652
3447 2 2 1 3 1617 2223 1337
3448 2 2 1 3 1672 1736 1713
3449 2 2 1 3 1155 1156 1153
3450 2 2 1 3 1458 1617 1337
3451 2 2 1 3 985 993 992
3452 2 2 1 3 984 2228 982
3453 2 2 1 3 1271 1273 1270
3454 2 2 1 3 1653 2279 2247
3455 2 2 1 3 1880 2327 1563
3456 2 2 1 3 1955 2198 1537
3457 2 2 1 3 850 2197 116
3458 2 2 1 3 1274 1275 1273
3459 2 2 1 3 959 1176 963
3460 2 2 1 3 916 918 917
3461 2 2 1 3 1060 1078 1059
3462 2 2 1 3 936 937 934
3463 2 2 1 3 975 2261 977
3464 2 2 1 3 1297 1299 1275
3465 2 2 1 3 1473 1474 1331
3466 2 2 1 3 1275 2167 1273
3467 2 2 1 3 2208 2233 1527
3468 2 2 1 3 1606 1918 1746
3469 2 2 1 3 997 998 996
3470 2 2 1 3 1131 1158 1130
3471 2 2 1 3 105 866 106
3472 2 2 1 3 995 996 993
3473 2 2 1 3 983 985 984
3474 2 2 1 3 1002 1504 1000
3475 2 2 1 3 1679 2027 1522
3476 2 2 1 3 1543 1622 1348
3477 2 2 1 3 918 920 919
3478 2 2 1 3 953 954 952
3479 2 2 1 3 920 930 921
3480 2 2 1 3 1511 2227 2167
3481 2 2 1 3 1610 2255 1781
3482 2 2 1 3 115 2196 850
3483 2 2 1 3 1162 1163 1161
3484 2 2 1 3 981 2215 1437
3485 2 2 1 3 1137 2217 1109
3486 2 2 1 3 1035 1036 994
3487 2 2 1 3 1729 1731 1491
3488 2 2 1 3 1926 2373 1773
3489 2 2 1 3 1298 1367 1297
3490 2 2 1 3 1185 1186 1156
3491 2 2 1 3 1132 1171 1169
3492 2 2 1 3 994 2228 984
3493 2 2 1 3 1437 2205 983
3494 2 2 1 3 1238 2022 1064
3495 2 2 1 3 1614 1616 1613
3496 2 2 1 3 1218 1306 1217
3497 2 2 1 3 1174 2275 1167
3498 2 2 1 3 1277 1341 1144
3499 2 2 1 3 1176 2209 963
3500 2 2 1 3 1049 2207 1048
3501 2 2 1 3 1714 1820 1622
3502 2 2 1 3 1213 2272 1295
3503 2 2 1 3 1612 1613 1611
3504 2 2 1 3 989 1088 930
3505 2 2 1 3 1292 1293 1186
3506 2 2 1 3 2008 2280 1127
3507 2 2 1 3 1516 1660 1653
3508 2 2 1 3 1259 2217 1137
3509 2 2 1 3 1037 1148 1147
3510 2 2 1 3 973 1633 975
3511 2 2 1 3 1492 1729 1491
3512 2 2 1 3 884 2196 114
3513 2 2 1 3 1514 1611 1513
3514 2 2 1 3 2178 2225 1007
3515 2 2 1 3 1163 2112 1161
3516 2 2 1 3 1325 2222 1192
3517 2 2 1 3 1078 1258 1257
3518 2 2 1 3 1008 1024 1007
3519 2 2 1 3 1919 1931 1754
3520 2 2 1 3 947 951 950
3521 2 2 1 3 1173 1267 1139
3522 2 2 1 3 1299 1778 1777
3523 2 2 1 3 1730 1814 1729
3524 2 2 1 3 1175 1195 1174
3525 2 2 1 3 1159 1198 1158
3526 2 2 1 3 1079 2239 1078
3527 2 2 1 3 1198 1202 1158
3528 2 2 1 3 981 983 982
3529 2 2 1 3 1664 1672 1666
3530 2 2 1 3 920 989 930
3531 2 2 1 3 1603 1685 1674
3532 2 2 1 3 1268 1272 1267
3533 2 2 1 3 983 2205 985
3534 2 2 1 3 1199 1288 1198
3535 2 2 1 3 1192 2222 1194
3536 2 2 1 3 1025 1037 1024
3537 2 2 1 3 1034 2212 1065
3538 2 2 1 3 2018 2283 2266
3539 2 2 1 3 2052 2152 1517
3540 2 2 1 3 189 886 190
3541 2 2 1 3 940 941 939
3542 2 2 1 3 1019 1020 1018
3543 2 2 1 3 971 1030 991
3544 2 2 1 3 1452 1543 1348
3545 2 2 1 3 1258 1271 1270
3546 2 2 1 3 1150 1152 1151
3547 2 2 1 3 1676 2133 1726
3548 2 2 1 3 1148 1150 1149
3549 2 2 1 3 104 2226 105
3550 2 2 1 3 113 2200 884
3551 2 2 1 3 1901 2181 1499
3552 2 2 1 3 1152 1155 1153
3553 2 2 1 3 1279 2216 1278
3554 2 2 1 3 1104 1140 1139
3555 2 2 1 3 1065 2212 1428
3556 2 2 1 3 1269 1663 1310
3557 2 2 1 3 1293 1473 1331
3558 2 2 1 3 1050 1051 1036
3559 2 2 1 3 1178 1512 972
3560 2 2 1 3 1294 1348 1292
3561 2 2 1 3 1555 1808 1632
3562 2 2 1 3 1474 2213 1331
3563 2 2 1 3 1732 2318 1774
3564 2 2 1 3 1173 1269 1268
3565 2 2 1 3 2114 2309 1502
3566 2 2 1 3 1271 1274 1273
3567 2 2 1 3 1664 1665 1310
3568 2 2 1 3 1714 1825 1820
3569 2 2 1 3 1274 1297 1275
3570 2 2 1 3 1666 1667 1665
3571 2 2 1 3 1451 2195 1550
3572 2 2 1 3 1346 2263 1771
3573 2 2 1 3 854 2200 112
3574 2 2 1 3 1614 2145 1616
3575 2 2 1 3 1831 1832 1669
3576 2 2 1 3 1625 1626 1623
3577 2 2 1 3 1072 1073 1051
3578 2 2 1 3 1627 1699 1626
3579 2 2 1 3 1602 1631 1601
3580 2 2 1 3 1441 1442 1440
3581 2 2 1 3 1136 2215 979
3582 2 2 1 3 1306 1623 1217
3583 2 2 1 3 1312 1475 1311
3584 2 2 1 3 2218 2234 948
3585 2 2 1 3 1543 1714 1622
3586 2 2 1 3 1515 1779 1323
3587 2 2 1 3 1155 1185 1156
3588 2 2 1 3 1516 1653 1329
3589 2 2 1 3 1072 1104 1103
3590 2 2 1 3 1059 2207 1049
3591 2 2 1 3 1164 1165 1163
3592 2 2 1 3 904 906 905
3593 2 2 1 3 1004 2225 1002
3594 2 2 1 3 1736 1821 1713
3595 2 2 1 3 1100 1907 1583
3596 2 2 1 3 2225 2293 1504
3597 2 2 1 3 1540 1651 1600
3598 2 2 1 3 943 1444 945
3599 2 2 1 3 1185 1292 1186
3600 2 2 1 3 902 904 903
3601 2 2 1 3 2211 2236 2170
3602 2 2 1 3 1468 1545 1467
3603 2 2 1 3 914 1071 916
3604 2 2 1 3 103 887 104
3605 2 2 1 3 1473 1634 1474
3606 2 2 1 3 1035 2158 1050
3607 2 2 1 3 998 1011 996
3608 2 2 1 3 979 981 980
3609 2 2 1 3 1451 1550 1549
3610 2 2 1 3 1766 1883 1712
3611 2 2 1 3 1704 1789 1684
3612 2 2 1 3 1449 1451 1450
3613 2 2 1 3 1306 1625 1623
3614 2 2 1 3 1982 1987 1237
3615 2 2 1 3 1549 1630 1450
3616 2 2 1 3 1194 2222 1324
3617 2 2 1 3 1711 1712 1710
3618 2 2 1 3 992 1035 994
3619 2 2 1 3 1372 2110 1374
3620 2 2 1 3 102 2237 103
3621 2 2 1 3 1201 2221 1199
3622 2 2 1 3 1206 1449 1304
3623 2 2 1 3 1369 2287 1226
3624 2 2 1 3 1489 1490 1345
3625 2 2 1 3 1627 1734 1699
3626 2 2 1 3 1162 1507 1164
3627 2 2 1 3 979 2215 981
3628 2 2 1 3 1719 1837 1630
3629 2 2 1 3 1073 2256 1087
3630 2 2 1 3 1597 2302 1432
3631 2 2 1 3 1101 2239 1079
3632 2 2 1 3 1274 2242 1298
3633 2 2 1 3 1258 2239 1619
3634 2 2 1 3 1667 1831 1669
3635 2 2 1 3 1011 2346 2333
3636 2 2 1 3 1007 2225 1004
3637 2 2 1 3 1672 1713 1666
3638 2 2 1 3 1625 1627 1626
3639 2 2 1 3 101 893 102
3640 2 2 1 3 1113 1115 1093
3641 2 2 1 3 1015 1016 1014
3642 2 2 1 3 1831 1908 1832
3643 2 2 1 3 985 992 984
3644 2 2 1 3 1206 1207 1165
3645 2 2 1 3 1619 2242 1271
3646 2 2 1 3 1503 2260 1247
3647 2 2 1 3 1776 1835 1638
3648 2 2 1 3 192 841 193
3649 2 2 1 3 1304 1305 1207
3650 2 2 1 3 983 984 982
3651 2 2 1 3 1017 1018 1016
3652 2 2 1 3 1475 1521 1311
3653 2 2 1 3 1043 1052 1042
3654 2 2 1 3 1108 1162 1161
3655 2 2 1 3 1393 1394 1392
3656 2 2 1 3 1525 2302 1696
3657 2 2 1 3 1085 2244 978
3658 2 2 1 3 1700 2292 1626
3659 2 2 1 3 1336 2219 1312
3660 2 2 1 3 1553 1817 1521
3661 2 2 1 3 1140 1173 1139
3662 2 2 1 3 1173 1268 1267
3663 2 2 1 3 1723 1751 1490
3664 2 2 1 3 1078 2239 1258
3665 2 2 1 3 1199 2221 1288
3666 2 2 1 3 1038 2243 1037
3667 2 2 1 3 981 982 980
3668 2 2 1 3 2223 2263 1346
3669 2 2 1 3 1257 2207 1059
3670 2 2 1 3 1056 1635 1081
3671 2 2 1 3 1063 2253 2252
3672 2 2 1 3 1663 1664 1310
3673 2 2 1 3 1269 1310 1268
3674 2 2 1 3 1122 1168 1167
3675 2 2 1 3 1148 2243 1439
3676 2 2 1 3 1365 1454 1364
3677 2 2 1 3 1532 1533 1531
3678 2 2 1 3 1664 1666 1665
3679 2 2 1 3 1439 2246 1150
3680 2 2 1 3 1311 2257 1307
3681 2 2 1 3 1522 1523 1442
3682 2 2 1 3 945 2232 947
3683 2 2 1 3 1152 2246 1157
3684 2 2 1 3 1035 1050 1036
3685 2 2 1 3 1050 1072 1051
3686 2 2 1 3 1072 1103 1073
3687 2 2 1 3 1490 2230 1345
3688 2 2 1 3 979 980 978
3689 2 2 1 3 2180 2256 1103
3690 2 2 1 3 1190 1232 1230
3691 2 2 1 3 1180 1262 1143
3692 2 2 1 3 1162 1164 1163
3693 2 2 1 3 1352 2266 1296
3694 2 2 1 3 938 940 939
3695 2 2 1 3 1067 2235 1076
3696 2 2 1 3 908 1219 910
3697 2 2 1 3 1173 2247 1269
3698 2 2 1 3 1104 1139 1103
3699 2 2 1 3 1307 2257 1306
3700 2 2 1 3 933 936 934
3701 2 2 1 3 1609 1745 1744
3702 2 2 1 3 1631 2018 1601
3703 2 2 1 3 1305 1489 1345
3704 2 2 1 3 1553 1823 1817
3705 2 2 1 3 1157 2248 1155
3706 2 2 1 3 929 933 932
3707 2 2 1 3 1475 1553 1521
3708 2 2 1 3 980 2254 1085
3709 2 2 1 3 1185 2248 1294
3710 2 2 1 3 936 938 937
3711 2 2 1 3 1542 1796 1687
3712 2 2 1 3 977 979 978
3713 2 2 1 3 1544 2250 1543
3714 2 2 1 3 941 2234 943
3715 2 2 1 3 1002 2225 1504
3716 2 2 1 3 1451 1549 1450
3717 2 2 1 3 1224 2295 1225
3718 2 2 1 3 1709 1710 1494
3719 2 2 1 3 1167 2275 1213
3720 2 2 1 3 1616 1896 1613
3721 2 2 1 3 1363 1640 1289
3722 2 2 1 3 1702 1718 1715
3723 2 2 1 3 1719 1840 1837
3724 2 2 1 3 1217 2221 1201
3725 2 2 1 3 1535 1693 1671
3726 2 2 1 3 972 2190 965
3727 2 2 1 3 194 888 195
3728 2 2 1 3 1828 1829 1813
3729 2 2 1 3 951 953 952
3730 2 2 1 3 2228 2254 982
3731 2 2 1 3 1549 1719 1630
3732 2 2 1 3 1329 2247 1140
3733 2 2 1 3 2221 2292 1288
3734 2 2 1 3 2178 2293 2225
3735 2 2 1 3 1534 1792 1533
3736 2 2 1 3 1562 1758 1628
3737 2 2 1 3 1617 2263 2223
3738 2 2 1 3 1322 1513 1323
3739 2 2 1 3 1263 1264 1262
3740 2 2 1 3 1641 1642 1640
3741 2 2 1 3 1134 1322 1178
3742 2 2 1 3 1449 1450 1304
3743 2 2 1 3 1758 1857 1759
3744 2 2 1 3 1299 2245 1778
3745 2 2 1 3 1702 1703 1316
3746 2 2 1 3 1297 2245 1299
3747 2 2 1 3 940 948 941
3748 2 2 1 3 1708 2263 1617
3749 2 2 1 3 1164 1206 1165
3750 2 2 1 3 1715 1716 1703
3751 2 2 1 3 1493 2238 1760
3752 2 2 1 3 1295 2272 1366
3753 2 2 1 3 1522 2027 1523
3754 2 2 1 3 1206 1304 1207
3755 2 2 1 3 960 964 961
3756 2 2 1 3 1489 1723 1490
3757 2 2 1 3 1312 2219 1475
3758 2 2 1 3 1521 2257 1311
3759 2 2 1 3 1606 2062 1918
3760 2 2 1 3 1271 2242 1274
3761 2 2 1 3 1265 1701 1316
3762 2 2 1 3 964 972 965
3763 2 2 1 3 1531 2219 1336
3764 2 2 1 3 1076 2235 1100
3765 2 2 1 3 1180 1265 1263
3766 2 2 1 3 195 2249 196
3767 2 2 1 3 1037 2243 1148
3768 2 2 1 3 953 960 954
3769 2 2 1 3 1426 1427 1418
3770 2 2 1 3 964 1134 972
3771 2 2 1 3 1723 1805 1751
3772 2 2 1 3 1019 1021 1020
3773 2 2 1 3 967 2277 971
3774 2 2 1 3 1512 2190 972
3775 2 2 1 3 1967 1968 955
3776 2 2 1 3 1293 2251 1473
3777 2 2 1 3 1622 2251 1348
3778 2 2 1 3 2194 2289 1048
3779 2 2 1 3 1535 1671 1341
3780 2 2 1 3 1292 2251 1293
3781 2 2 1 3 1103 2256 1073
3782 2 2 1 3 1150 2246 1152
3783 2 2 1 3 1367 2245 1297
3784 2 2 1 3 953 1276 960
3785 2 2 1 3 1792 1815 1533
3786 2 2 1 3 1048 2289 1040
3787 2 2 1 3 1140 2247 1173
3788 2 2 1 3 977 978 976
3789 2 2 1 3 1601 2266 1352
3790 2 2 1 3 1455 1493 1358
3791 2 2 1 3 196 849 197
3792 2 2 1 3 1114 1144 1143
3793 2 2 1 3 1231 1362 1361
3794 2 2 1 3 1623 2221 1217
3795 2 2 1 3 1094 1114 1113
3796 2 2 1 3 1155 2248 1185
3797 2 2 1 3 977 2261 1136
3798 2 2 1 3 1546 1555 1422
3799 2 2 1 3 1543 2250 1714
3800 2 2 1 3 1322 1323 1178
3801 2 2 1 3 1134 1178 972
3802 2 2 1 3 1671 2310 2267
3803 2 2 1 3 1030 1032 1031
3804 2 2 1 3 1775 2361 2338
3805 2 2 1 3 1366 2272 1606
3806 2 2 1 3 1513 1515 1323
3807 2 2 1 3 1716 1838 1765
3808 2 2 1 3 99 898 100
3809 2 2 1 3 1340 2271 2216
3810 2 2 1 3 1348 2251 1292
3811 2 2 1 3 1720 1721 1469
3812 2 2 1 3 993 2259 992
3813 2 2 1 3 1300 2220 1301
3814 2 2 1 3 2071 2309 2147
3815 2 2 1 3 1032 1046 1033
3816 2 2 1 3 2014 2347 1210
3817 2 2 1 3 1226 2287 1216
3818 2 2 1 3 105 2226 866
3819 2 2 1 3 1115 2253 1093
3820 2 2 1 3 1718 1816 1715
3821 2 2 1 3 1130 2304 1102
3822 2 2 1 3 1711 1766 1712
3823 2 2 1 3 1628 2287 1369
3824 2 2 1 3 1792 1836 1815
3825 2 2 1 3 2190 2277 967
3826 2 2 1 3 936 1266 938
3827 2 2 1 3 1046 1063 1047
3828 2 2 1 3 973 2286 1633
3829 2 2 1 3 987 1013 1010
3830 2 2 1 3 1347 1422 1300
3831 2 2 1 3 1214 2283 1166
3832 2 2 1 3 1188 1233 1187
3833 2 2 1 3 1084 1094 1093
3834 2 2 1 3 1653 2247 1329
3835 2 2 1 3 1100 2235 1907
3836 2 2 1 3 1087 2262 1108
3837 2 2 1 3 1564 1878 1565
3838 2 2 1 3 1306 2257 1625
3839 2 2 1 3 1038 2289 2243
3840 2 2 1 3 1619 2299 2059
3841 2 2 1 3 1347 1637 1546
3842 2 2 1 3 1422 2220 1300
3843 2 2 1 3 943 2234 1444
3844 2 2 1 3 947 2232 951
3845 2 2 1 3 1030 1636 1032
3846 2 2 1 3 1180 1263 1262
3847 2 2 1 3 1385 1386 1384
3848 2 2 1 3 1093 2253 1063
3849 2 2 1 3 1017 1019 1018
3850 2 2 1 3 1268 2264 1272
3851 2 2 1 3 1623 2292 2221
3852 2 2 1 3 982 2254 980
3853 2 2 1 3 940 973 948
3854 2 2 1 3 1047 2252 1056
3855 2 2 1 3 1665 2264 1310
3856 2 2 1 3 1702 1715 1703
3857 2 2 1 3 1127 2280 1132
3858 2 2 1 3 2267 2310 1265
3859 2 2 1 3 948 2234 941
3860 2 2 1 3 1326 1358 1221
3861 2 2 1 3 975 977 976
3862 2 2 1 3 1709 1711 1710
3863 2 2 1 3 1701 1702 1316
3864 2 2 1 3 1265 1316 1263
3865 2 2 1 3 1642 2332 1640
3866 2 2 1 3 1444 2232 945
3867 2 2 1 3 1046 1084 1063
3868 2 2 1 3 887 2226 104
3869 2 2 1 3 2251 2297 1473
3870 2 2 1 3 1470 1722 1720
3871 2 2 1 3 1040 2289 1038
3872 2 2 1 3 1035 2259 2158
3873 2 2 1 3 1178 2269 1512
3874 2 2 1 3 1081 2296 1122
3875 2 2 1 3 1555 1843 1808
3876 2 2 1 3 1132 2280 1171
3877 2 2 1 3 200 2276 201
3878 2 2 1 3 1144 1180 1143
3879 2 2 1 3 1114 1143 1113
3880 2 2 1 3 1135 1189 1188
3881 2 2 1 3 1724 1725 1545
3882 2 2 1 3 1562 1628 1369
3883 2 2 1 3 1347 1546 1422
3884 2 2 1 3 1637 1639 1638
3885 2 2 1 3 1454 1470 1469
3886 2 2 1 3 1135 1187 1106
3887 2 2 1 3 1779 2269 1323
3888 2 2 1 3 1094 1113 1093
3889 2 2 1 3 1072 2265 1104
3890 2 2 1 3 2158 2265 1050
3891 2 2 1 3 975 976 974
3892 2 2 1 3 2256 2262 1087
3893 2 2 1 3 1228 1347 1300
3894 2 2 1 3 1341 2267 1144
3895 2 2 1 3 1550 2268 1549
3896 2 2 1 3 1639 1776 1638
3897 2 2 1 3 1162 2262 1507
3898 2 2 1 3 1758 1759 1628
3899 2 2 1 3 1269 2279 1663
3900 2 2 1 3 1105 1106 1021
3901 2 2 1 3 992 2259 1035
3902 2 2 1 3 1630 2270 1450
3903 2 2 1 3 1168 1175 1174
3904 2 2 1 3 971 2277 1030
3905 2 2 1 3 103 2237 887
3906 2 2 1 3 1084 1093 1063
3907 2 2 1 3 1737 1822 1642
3908 2 2 1 3 1101 2299 2239
3909 2 2 1 3 1505 1775 1644
3910 2 2 1 3 1622 2297 2251
3911 2 2 1 3 1108 2262 1162
3912 2 2 1 3 1305 2270 1489
3913 2 2 1 3 2203 2309 2071
3914 2 2 1 3 2018 2266 1601
3915 2 2 1 3 1717 2314 2290
3916 2 2 1 3 1304 2270 1305
3917 2 2 1 3 1820 2297 1622
3918 2 2 1 3 1872 1996 1868
3919 2 2 1 3 1310 2264 1268
3920 2 2 1 3 893 2237 102
3921 2 2 1 3 973 974 948
3922 2 2 1 3 1637 1638 1546
3923 2 2 1 3 1721 2305 1469
3924 2 2 1 3 1206 2274 1449
3925 2 2 1 3 1013 1015 1014
3926 2 2 1 3 1175 1196 1195
3927 2 2 1 3 1507 2274 1164
3928 2 2 1 3 1189 1240 1221
3929 2 2 1 3 1050 2265 1072
3930 2 2 1 3 904 1590 906
3931 2 2 1 3 1454 1469 1364
3932 2 2 1 3 973 975 974
3933 2 2 1 3 1240 1440 1326
3934 2 2 1 3 1208 2282 1231
3935 2 2 1 3 1606 2272 2062
3936 2 2 1 3 1866 1996 1869
3937 2 2 1 3 1363 1641 1640
3938 2 2 1 3 1019 1105 1021
3939 2 2 1 3 1640 2282 1289
3940 2 2 1 3 1113 2278 1115
3941 2 2 1 3 201 2285 202
3942 2 2 1 3 1290 1364 1363
3943 2 2 1 3 1549 2268 1719
3944 2 2 1 3 1063 2252 1047
3945 2 2 1 3 1015 1017 1016
3946 2 2 1 3 2144 2293 2178
3947 2 2 1 3 1521 2300 2257
3948 2 2 1 3 2239 2299 1619
3949 2 2 1 3 2257 2300 1625
3950 2 2 1 3 1450 2270 1304
3951 2 2 1 3 1255 2338 1106
3952 2 2 1 3 199 861 200
3953 2 2 1 3 1495 1739 1496
3954 2 2 1 3 1626 2292 1623
3955 2 2 1 3 1722 1826 1720
3956 2 2 1 3 1168 1321 1175
3957 2 2 1 3 1455 1648 1494
3958 2 2 1 3 1209 1290 1289
3959 2 2 1 3 1082 1967 958
3960 2 2 1 3 1301 2220 1355
3961 2 2 1 3 1432 2302 1525
3962 2 2 1 3 1102 2304 1101
3963 2 2 1 3 1196 1208 1205
3964 2 2 1 3 1470 1720 1469
3965 2 2 1 3 1180 2267 1265
3966 2 2 1 3 1455 1494 1493
3967 2 2 1 3 1282 2306 2174
3968 2 2 1 3 1262 2278 1143
3969 2 2 1 3 1710 2238 1494
3970 2 2 1 3 1323 2269 1178
3971 2 2 1 3 1494 2238 1493
3972 2 2 1 3 1164 2274 1206
3973 2 2 1 3 1671 2267 1341
3974 2 2 1 3 1144 2267 1180
3975 2 2 1 3 1502 2309 2203
3976 2 2 1 3 1835 2284 1638
3977 2 2 1 3 1648 1709 1494
3978 2 2 1 3 1043 1053 1052
3979 2 2 1 3 1135 1188 1187
3980 2 2 1 3 1056 2252 1635
3981 2 2 1 3 1224 2335 2295
3982 2 2 1 3 2255 2379 1781
3983 2 2 1 3 1772 2328 2180
3984 2 2 1 3 1326 1455 1358
3985 2 2 1 3 1740 1756 1755
3986 2 2 1 3 1442 1680 1440
3987 2 2 1 3 1105 1135 1106
3988 2 2 1 3 1716 2281 1838
3989 2 2 1 3 1822 2367 1642
3990 2 2 1 3 1715 2281 1716
3991 2 2 1 3 1473 2297 1634
3992 2 2 1 3 1189 1221 1188
3993 2 2 1 3 1635 2296 1081
3994 2 2 1 3 2410 2418 1649
3995 2 2 1 3 1027 1043 1042
3996 2 2 1 3 202 867 203
3997 2 2 1 3 1546 2284 1555
3998 2 2 1 3 1030 2277 1636
3999 2 2 1 3 1122 2296 1168
4000 2 2 1 3 1466 2322 1495
4001 2 2 1 3 2270 2317 1489
4002 2 2 1 3 1817 2300 1521
4003 2 2 1 3 1505 1564 1053
4004 2 2 1 3 1290 1363 1289
4005 2 2 1 3 1196 1209 1208
4006 2 2 1 3 964 2288 1134
4007 2 2 1 3 1555 2284 1843
4008 2 2 1 3 888 2249 195
4009 2 2 1 3 1232 1349 1302
4010 2 2 1 3 1837 2317 1630
4011 2 2 1 3 1703 2290 1316
4012 2 2 1 3 2219 2291 1629
4013 2 2 1 3 1752 2391 1849
4014 2 2 1 3 1764 1880 1563
4015 2 2 1 3 1625 2300 1627
4016 2 2 1 3 1276 2288 960
4017 2 2 1 3 1043 1505 1053
4018 2 2 1 3 1240 1326 1221
4019 2 2 1 3 1263 2290 1264
4020 2 2 1 3 1816 2281 1715
4021 2 2 1 3 870 1928 902
4022 2 2 1 3 1576 2336 1419
4023 2 2 1 3 1815 2291 1533
4024 2 2 1 3 1209 1289 1208
4025 2 2 1 3 1641 1737 1642
4026 2 2 1 3 1398 1786 1416
4027 2 2 1 3 1531 2291 2219
4028 2 2 1 3 1160 2354 1107
4029 2 2 1 3 1143 2278 1113
4030 2 2 1 3 960 2288 964
4031 2 2 1 3 196 2249 849
4032 2 2 1 3 1533 2291 1531
4033 2 2 1 3 1630 2317 2270
4034 2 2 1 3 1505 1644 1564
4035 2 2 1 3 953 2294 1276
4036 2 2 1 3 1638 2284 1546
4037 2 2 1 3 1101 2304 2299
4038 2 2 1 3 2209 2313 969
4039 2 2 1 3 1130 2339 2304
4040 2 2 1 3 2289 2326 2243
4041 2 2 1 3 1362 1468 1467
4042 2 2 1 3 938 2286 940
4043 2 2 1 3 1264 2314 1784
4044 2 2 1 3 1654 2369 1679
4045 2 2 1 3 1225 2295 1228
4046 2 2 1 3 1210 2347 1211
4047 2 2 1 3 152 834 153
4048 2 2 1 3 1476 1749 1748
4049 2 2 1 3 2041 2358 1428
4050 2 2 1 3 2259 2333 2054
4051 2 2 1 3 154 890 155
4052 2 2 1 3 2050 2346 2051
4053 2 2 1 3 951 2294 953
4054 2 2 1 3 1316 2290 1263
4055 2 2 1 3 1791 2384 1652
4056 2 2 1 3 2232 2294 951
4057 2 2 1 3 2165 2326 2194
4058 2 2 1 3 157 842 158
4059 2 2 1 3 1266 2286 938
4060 2 2 1 3 1231 2282 1362
4061 2 2 1 3 2355 2369 1978
4062 2 2 1 3 1643 2348 2156
4063 2 2 1 3 2318 2352 1774
4064 2 2 1 3 2156 2318 1732
4065 2 2 1 3 2333 2346 2054
4066 2 2 1 3 1188 2303 1233
4067 2 2 1 3 1265 2310 1701
4068 2 2 1 3 1636 2298 1032
4069 2 2 1 3 1046 2298 1084
4070 2 2 1 3 1481 1560 1479
4071 2 2 1 3 940 2286 973
4072 2 2 1 3 2165 2331 2326
4073 2 2 1 3 1387 1388 1386
4074 2 2 1 3 1289 2282 1208
4075 2 2 1 3 1632 2316 2220
4076 2 2 1 3 2290 2314 1264
4077 2 2 1 3 1374 2110 1649
4078 2 2 1 3 1868 1996 1866
4079 2 2 1 3 1168 2296 1321
4080 2 2 1 3 1228 2295 1347
4081 2 2 1 3 1110 2330 2189
4082 2 2 1 3 1358 2303 1221
4083 2 2 1 3 2342 2355 1978
4084 2 2 1 3 1608 1609 1573
4085 2 2 1 3 1347 2295 1637
4086 2 2 1 3 1032 2298 1046
4087 2 2 1 3 1468 1724 1545
4088 2 2 1 3 1489 2317 1723
4089 2 2 1 3 2217 2330 1110
4090 2 2 1 3 1772 2344 2328
4091 2 2 1 3 1409 1426 1418
4092 2 2 1 3 2373 2381 1773
4093 2 2 1 3 1469 2305 1364
4094 2 2 1 3 1505 2321 1775
4095 2 2 1 3 1202 2339 1158
4096 2 2 1 3 993 2333 2259
4097 2 2 1 3 1011 2333 996
4098 2 2 1 3 1013 1448 1015
4099 2 2 1 3 2295 2335 1637
4100 2 2 1 3 1202 2348 2339
4101 2 2 1 3 1398 1415 1395
4102 2 2 1 3 159 891 160
4103 2 2 1 3 1416 1540 1415
4104 2 2 1 3 1519 2360 1330
4105 2 2 1 3 1364 2305 1363
4106 2 2 1 3 2194 2326 2289
4107 2 2 1 3 1739 2319 1740
4108 2 2 1 3 1498 1542 1486
4109 2 2 1 3 1429 2353 2172
4110 2 2 1 3 1504 2375 2357
4111 2 2 1 3 1465 2322 1466
4112 2 2 1 3 2276 2285 201
4113 2 2 1 3 1333 2353 1429
4114 2 2 1 3 1495 2322 1819
4115 2 2 1 3 2157 2395 1319
4116 2 2 1 3 861 2276 200
4117 2 2 1 3 1389 1390 1388
4118 2 2 1 3 1680 2308 1440
4119 2 2 1 3 1440 2308 1326
4120 2 2 1 3 1407 2400 1399
4121 2 2 1 3 160 2307 161
4122 2 2 1 3 1221 2303 1188
4123 2 2 1 3 2166 2331 2165
4124 2 2 1 3 1455 2308 1648
4125 2 2 1 3 2326 2331 1439
4126 2 2 1 3 1472 1608 1573
4127 2 2 1 3 1363 2305 1641
4128 2 2 1 3 1495 1819 1739
4129 2 2 1 3 2243 2326 1439
4130 2 2 1 3 1752 1849 1847
4131 2 2 1 3 1355 2316 1465
4132 2 2 1 3 2304 2339 2060
4133 2 2 1 3 1819 1842 1739
4134 2 2 1 3 1321 2315 1175
4135 2 2 1 3 902 2320 904
4136 2 2 1 3 161 852 162
4137 2 2 1 3 2287 2324 1215
4138 2 2 1 3 1196 2315 1209
4139 2 2 1 3 1777 2377 2374
4140 2 2 1 3 1326 2308 1455
4141 2 2 1 3 1198 2352 1202
4142 2 2 1 3 1963 2351 1402
4143 2 2 1 3 1095 1119 1118
4144 2 2 1 3 2220 2316 1355
4145 2 2 1 3 202 2285 867
4146 2 2 1 3 987 2313 1013
4147 2 2 1 3 1542 1797 1796
4148 2 2 1 3 1175 2315 1196
4149 2 2 1 3 1011 2357 2088
4150 2 2 1 3 2173 2334 2330
4151 2 2 1 3 2274 2344 1646
4152 2 2 1 3 2256 2328 2262
4153 2 2 1 3 2248 2356 1650
4154 2 2 1 3 1899 2336 1576
4155 2 2 1 3 2227 2350 2166
4156 2 2 1 3 2173 2330 2217
4157 2 2 1 3 1784 2431 1670
4158 2 2 1 3 1377 2340 1375
4159 2 2 1 3 1866 1869 1864
4160 2 2 1 3 2262 2328 1507
4161 2 2 1 3 1419 2336 1408
4162 2 2 1 3 2227 2356 2350
4163 2 2 1 3 2379 2392 1781
4164 2 2 1 3 1105 2342 2061
4165 2 2 1 3 1426 1563 1427
4166 2 2 1 3 1504 2357 1000
4167 2 2 1 3 969 2313 987
4168 2 2 1 3 1429 2334 2173
4169 2 2 1 3 1759 2324 1628
4170 2 2 1 3 904 2320 1590
4171 2 2 1 3 996 2333 993
4172 2 2 1 3 1043 2321 1505
4173 2 2 1 3 1019 2342 1105
4174 2 2 1 3 1628 2324 2287
4175 2 2 1 3 1740 2319 1756
4176 2 2 1 3 1382 1413 1380
4177 2 2 1 3 998 2357 1011
4178 2 2 1 3 1512 2349 2190
4179 2 2 1 3 1416 1541 1540
4180 2 2 1 3 1693 2486 2396
4181 2 2 1 3 1027 2321 1043
4182 2 2 1 3 1439 2331 2246
4183 2 2 1 3 2180 2328 2256
4184 2 2 1 3 1777 2374 1511
4185 2 2 1 3 1317 2437 2064
4186 2 2 1 3 1584 1899 1576
4187 2 2 1 3 1406 2345 1383
4188 2 2 1 3 1428 2358 2235
4189 2 2 1 3 1896 2359 1613
4190 2 2 1 3 1764 1902 1880
4191 2 2 1 3 2328 2344 1507
4192 2 2 1 3 1202 2352 2318
4193 2 2 1 3 1415 2325 1395
4194 2 2 1 3 1021 2361 1020
4195 2 2 1 3 1398 1416 1415
4196 2 2 1 3 1813 1893 1763
4197 2 2 1 3 1637 2335 1639
4198 2 2 1 3 1023 2321 1027
4199 2 2 1 3 1158 2339 1130
4200 2 2 1 3 1017 2342 1019
4201 2 2 1 3 1220 2401 2157
4202 2 2 1 3 1394 1396 1395
4203 2 2 1 3 1013 2313 1448
4204 2 2 1 3 2339 2348 2060
4205 2 2 1 3 1513 2362 1515
4206 2 2 1 3 1928 2320 902
4207 2 2 1 3 1172 1212 1190
4208 2 2 1 3 1842 2319 1739
4209 2 2 1 3 2253 2402 2392
4210 2 2 1 3 1986 2411 1981
4211 2 2 1 3 1106 2338 1021
4212 2 2 1 3 2157 2401 2395
4213 2 2 1 3 2116 2385 1657
4214 2 2 1 3 2054 2346 2050
4215 2 2 1 3 1211 2347 1224
4216 2 2 1 3 1386 1414 1384
4217 2 2 1 3 2064 2430 2065
4218 2 2 1 3 2166 2350 2331
4219 2 2 1 3 1561 1844 1560
4220 2 2 1 3 1789 2519 2516
4221 2 2 1 3 1784 2435 2431
4222 2 2 1 3 927 2365 929
4223 2 2 1 3 2060 2348 1643
4224 2 2 1 3 2218 2397 2381
4225 2 2 1 3 164 863 165
4226 2 2 1 3 1452 2377 1544
4227 2 2 1 3 1608 1860 1609
4228 2 2 1 3 1220 2409 2401
4229 2 2 1 3 1669 2386 1668
4230 2 2 1 3 1847 1848 1753
4231 2 2 1 3 150 889 151
4232 2 2 1 3 1426 1574 1563
4233 2 2 1 3 1394 1395 1392
4234 2 2 1 3 2352 2372 1774
4235 2 2 1 3 1668 2371 2264
4236 2 2 1 3 1224 2347 2335
4237 2 2 1 3 1390 1392 1391
4238 2 2 1 3 2344 2363 1646
4239 2 2 1 3 1700 2383 2372
4240 2 2 1 3 1354 2394 1349
4241 2 2 1 3 2176 2409 1220
4242 2 2 1 3 1485 1486 1484
4243 2 2 1 3 1923 2370 1391
4244 2 2 1 3 1507 2344 2274
4245 2 2 1 3 1646 2363 2195
4246 2 2 1 3 1485 1498 1486
4247 2 2 1 3 1636 2349 2258
4248 2 2 1 3 2282 2332 1362
4249 2 2 1 3 1390 1391 1388
4250 2 2 1 3 1319 2387 2144
4251 2 2 1 3 1392 2325 1391
4252 2 2 1 3 2350 2356 1157
4253 2 2 1 3 2190 2349 2277
4254 2 2 1 3 2246 2350 1157
4255 2 2 1 3 1512 2378 2349
4256 2 2 1 3 1396 1398 1395
4257 2 2 1 3 2331 2350 2246
4258 2 2 1 3 1574 1903 1764
4259 2 2 1 3 1107 2354 1317
4260 2 2 1 3 1574 1764 1563
4261 2 2 1 3 1642 2367 2332
4262 2 2 1 3 1640 2332 2282
4263 2 2 1 3 1624 2353 1333
4264 2 2 1 3 2321 2361 1775
4265 2 2 1 3 1453 2390 1655
4266 2 2 1 3 1349 1420 1302
4267 2 2 1 3 1399 2400 1396
4268 2 2 1 3 1402 2351 1409
4269 2 2 1 3 1669 2393 2386
4270 2 2 1 3 1427 2327 1472
4271 2 2 1 3 1288 2352 1198
4272 2 2 1 3 1772 2363 2344
4273 2 2 1 3 1539 2396 1344
4274 2 2 1 3 1700 2372 2292
4275 2 2 1 3 1362 2332 1468
4276 2 2 1 3 891 2307 160
4277 2 2 1 3 2101 2398 2099
4278 2 2 1 3 1448 2355 1015
4279 2 2 1 3 2277 2349 1636
4280 2 2 1 3 1563 2327 1427
4281 2 2 1 3 2357 2375 2088
4282 2 2 1 3 1485 1752 1498
4283 2 2 1 3 1752 1753 1498
4284 2 2 1 3 936 2376 1266
4285 2 2 1 3 2294 2373 1926
4286 2 2 1 3 1832 2393 1669
4287 2 2 1 3 149 2329 150
4288 2 2 1 3 2516 2519 832
4289 2 2 1 3 2363 2371 2195
4290 2 2 1 3 1015 2355 1017
4291 2 2 1 3 1395 2325 1392
4292 2 2 1 3 161 2307 852
4293 2 2 1 3 1940 2424 1690
4294 2 2 1 3 1017 2355 2342
4295 2 2 1 3 2232 2373 2294
4296 2 2 1 3 1157 2356 2248
4297 2 2 1 3 1380 2340 1377
4298 2 2 1 3 2064 2437 2430
4299 2 2 1 3 1023 2361 2321
4300 2 2 1 3 2377 2382 1544
4301 2 2 1 3 1000 2357 998
4302 2 2 1 3 1232 1354 1349
4303 2 2 1 3 1613 2359 1611
4304 2 2 1 3 1092 2399 1254
4305 2 2 1 3 2010 2420 1124
4306 2 2 1 3 1472 2327 1608
4307 2 2 1 3 1146 2399 1083
4308 2 2 1 3 1763 2341 1584
4309 2 2 1 3 2235 2358 1907
4310 2 2 1 3 1752 1847 1753
4311 2 2 1 3 1997 2412 1892
4312 2 2 1 3 1384 2343 1382
4313 2 2 1 3 2036 2412 2035
4314 2 2 1 3 1330 2360 2176
4315 2 2 1 3 1398 2400 1786
4316 2 2 1 3 1409 2351 1426
4317 2 2 1 3 1519 2407 2360
4318 2 2 1 3 1968 2449 1969
4319 2 2 1 3 1404 2533 2462
4320 2 2 1 3 1611 2362 1513
4321 2 2 1 3 2435 2440 1470
4322 2 2 1 3 1272 2363 1772
4323 2 2 1 3 1020 2361 1023
4324 2 2 1 3 2218 2381 2234
4325 2 2 1 3 2359 2362 1611
4326 2 2 1 3 2356 2374 1650
4327 2 2 1 3 2349 2378 2258
4328 2 2 1 3 2253 2392 2252
4329 2 2 1 3 2088 2375 2053
4330 2 2 1 3 1978 2369 1654
4331 2 2 1 3 929 2365 933
4332 2 2 1 3 1288 2372 2352
4333 2 2 1 3 1749 1839 1748
4334 2 2 1 3 1413 2340 1380
4335 2 2 1 3 2444 2513 860
4336 2 2 1 3 2269 2378 1512
4337 2 2 1 3 1735 2383 1700
4338 2 2 1 3 1783 2368 1782
4339 2 2 1 3 1382 2343 1413
4340 2 2 1 3 2374 2377 1650
4341 2 2 1 3 1584 2341 1899
4342 2 2 1 3 1864 2240 1863
4343 2 2 1 3 2372 2383 1774
4344 2 2 1 3 1272 2371 2363
4345 2 2 1 3 1414 2343 1384
4346 2 2 1 3 1191 2408 1325
4347 2 2 1 3 1321 2379 2255
4348 2 2 1 3 1893 2341 1763
4349 2 2 1 3 1870 1871 1868
4350 2 2 1 3 2389 2390 1595
4351 2 2 1 3 1869 2240 1864
4352 2 2 1 3 2269 2389 2378
4353 2 2 1 3 1480 1482 1412
4354 2 2 1 3 1867 1868 1866
4355 2 2 1 3 1566 1894 1879
4356 2 2 1 3 2332 2367 1468
4357 2 2 1 3 1426 2351 1574
4358 2 2 1 3 2381 2397 1773
4359 2 2 1 3 2213 2429 1519
4360 2 2 1 3 1388 2370 1386
4361 2 2 1 3 1483 1484 1482
4362 2 2 1 3 1403 1411 1407
4363 2 2 1 3 2264 2371 1272
4364 2 2 1 3 1985 2451 2224
4365 2 2 1 3 1444 2373 2232
4366 2 2 1 3 2296 2379 1321
4367 2 2 1 3 1511 2374 2227
4368 2 2 1 3 1565 2413 1053
4369 2 2 1 3 2292 2372 1288
4370 2 2 1 3 1468 2367 1724
4371 2 2 1 3 1052 2413 1069
4372 2 2 1 3 1647 2416 1972
4373 2 2 1 3 1668 2386 2371
4374 2 2 1 3 2506 2508 2183
4375 2 2 1 3 2365 2376 933
4376 2 2 1 3 2293 2375 1504
4377 2 2 1 3 1483 1485 1484
4378 2 2 1 3 1645 2417 2186
4379 2 2 1 3 1660 2407 1653
4380 2 2 1 3 1386 2370 1414
4381 2 2 1 3 1650 2377 1452
4382 2 2 1 3 2227 2374 2356
4383 2 2 1 3 933 2376 936
4384 2 2 1 3 1349 2394 1476
4385 2 2 1 3 2213 2433 2429
4386 2 2 1 3 1779 2390 2389
4387 2 2 1 3 2347 2388 2335
4388 2 2 1 3 2369 2405 1679
4389 2 2 1 3 1670 2414 2278
4390 2 2 1 3 1903 2418 2410
4391 2 2 1 3 1681 2426 1682
4392 2 2 1 3 1391 2370 1388
4393 2 2 1 3 2392 2402 1781
4394 2 2 1 3 1319 2395 2387
4395 2 2 1 3 1863 2454 1802
4396 2 2 1 3 2375 2387 2053
4397 2 2 1 3 1444 2381 2373
4398 2 2 1 3 1212 2366 1190
4399 2 2 1 3 2258 2378 2185
4400 2 2 1 3 914 2421 1071
4401 2 2 1 3 1635 2379 2296
4402 2 2 1 3 2185 2389 1595
4403 2 2 1 3 1774 2383 1733
4404 2 2 1 3 1652 2384 1923
4405 2 2 1 3 1778 2382 1777
4406 2 2 1 3 1476 2394 1749
4407 2 2 1 3 2234 2381 1444
4408 2 2 1 3 2378 2389 2185
4409 2 2 1 3 1519 2429 2407
4410 2 2 1 3 1880 2380 2327
4411 2 2 1 3 2108 2455 2106
4412 2 2 1 3 1657 2385 1916
4413 2 2 1 3 1219 2423 910
4414 2 2 1 3 1190 2366 1232
4415 2 2 1 3 2065 2419 2254
4416 2 2 1 3 1097 2458 1903
4417 2 2 1 3 1777 2382 2377
4418 2 2 1 3 2293 2387 2375
4419 2 2 1 3 150 2329 889
4420 2 2 1 3 2433 2438 1672
4421 2 2 1 3 1266 2403 2286
4422 2 2 1 3 1704 2520 2519
4423 2 2 1 3 1608 2380 1860
4424 2 2 1 3 1659 2434 2044
4425 2 2 1 3 2510 2514 2187
4426 2 2 1 3 1649 2418 1963
4427 2 2 1 3 2195 2386 1550
4428 2 2 1 3 2327 2380 1608
4429 2 2 1 3 1009 2447 1028
4430 2 2 1 3 1849 2522 1850
4431 2 2 1 3 2263 2428 1771
4432 2 2 1 3 1635 2392 2379
4433 2 2 1 3 2014 2388 2347
4434 2 2 1 3 2371 2386 2195
4435 2 2 1 3 1664 2433 1672
4436 2 2 1 3 1595 2390 1453
4437 2 2 1 3 2386 2393 1550
4438 2 2 1 3 1480 1483 1482
4439 2 2 1 3 908 2432 1219
4440 2 2 1 3 2144 2387 2293
4441 2 2 1 3 1411 1479 1412
4442 2 2 1 3 2360 2407 1660
4443 2 2 1 3 1232 2366 1354
4444 2 2 1 3 1779 2389 2269
4445 2 2 1 3 1480 1558 1483
4446 2 2 1 3 1773 2397 1673
4447 2 2 1 3 1479 1480 1412
4448 2 2 1 3 2116 2403 2385
4449 2 2 1 3 1867 1870 1868
4450 2 2 1 3 2106 2457 2105
4451 2 2 1 3 1590 2432 906
4452 2 2 1 3 2053 2395 2052
4453 2 2 1 3 2252 2392 1635
4454 2 2 1 3 1550 2393 2268
4455 2 2 1 3 1454 2435 1470
4456 2 2 1 3 1349 1476 1420
4457 2 2 1 3 2455 2457 2106
4458 2 2 1 3 1461 2441 1459
4459 2 2 1 3 1539 2483 2396
4460 2 2 1 3 1344 2396 2163
4461 2 2 1 3 2457 2459 2105
4462 2 2 1 3 2099 2398 2098
4463 2 2 1 3 1935 2600 867
4464 2 2 1 3 2335 2388 1639
4465 2 2 1 3 1673 2406 1658
4466 2 2 1 3 2098 2467 1146
4467 2 2 1 3 1476 1556 1420
4468 2 2 1 3 1083 2399 1092
4469 2 2 1 3 1256 2397 2218
4470 2 2 1 3 2397 2406 1673
4471 2 2 1 3 1571 2462 1707
4472 2 2 1 3 2395 2401 2052
4473 2 2 1 3 2388 2404 1639
4474 2 2 1 3 1411 1412 1407
4475 2 2 1 3 2215 2448 2108
4476 2 2 1 3 2464 2467 2098
4477 2 2 1 3 1765 2450 1717
4478 2 2 1 3 1983 2473 1985
4479 2 2 1 3 1705 2491 2072
4480 2 2 1 3 2035 2412 1997
4481 2 2 1 3 1672 2438 1736
4482 2 2 1 3 1781 2402 1780
4483 2 2 1 3 1865 1873 1867
4484 2 2 1 3 2481 2486 1693
4485 2 2 1 3 2052 2401 2152
4486 2 2 1 3 1556 2364 1803
4487 2 2 1 3 1865 1867 1866
4488 2 2 1 3 1256 2406 2397
4489 2 2 1 3 2406 2415 1658
4490 2 2 1 3 1963 2418 2351
4491 2 2 1 3 1485 2391 1752
4492 2 2 1 3 1569 1841 1747
4493 2 2 1 3 1476 1748 1556
4494 2 2 1 3 2313 2405 1448
4495 2 2 1 3 2230 2496 1539
4496 2 2 1 3 2401 2409 2152
4497 2 2 1 3 1972 2499 1697
4498 2 2 1 3 2351 2418 1574
4499 2 2 1 3 2385 2403 1266
4500 2 2 1 3 1839 2301 1748
4501 2 2 1 3 2387 2395 2053
4502 2 2 1 3 1865 1866 1864
4503 2 2 1 3 2244 2406 1256
4504 2 2 1 3 2405 2442 1679
4505 2 2 1 3 1845 2540 1747
4506 2 2 1 3 1443 2408 1191
4507 2 2 1 3 2286 2403 1633
4508 2 2 1 3 1639 2404 1776
4509 2 2 1 3 2152 2409 1660
4510 2 2 1 3 1658 2415 2145
4511 2 2 1 3 1115 2402 2253
4512 2 2 1 3 2402 2414 1780
4513 2 2 1 3 1981 2411 1983
4514 2 2 1 3 1653 2407 2279
4515 2 2 1 3 1541 2478 2475
4516 2 2 1 3 1520 2461 2459
4517 2 2 1 3 1407 2436 2400
4518 2 2 1 3 1679 2442 2027
4519 2 2 1 3 1115 2414 2402
4520 2 2 1 3 2415 2419 2145
4521 2 2 1 3 2230 2501 2496
4522 2 2 1 3 2209 2405 2313
4523 2 2 1 3 1844 1846 1560
4524 2 2 1 3 1674 2439 2116
4525 2 2 1 3 918 2453 2160
4526 2 2 1 3 1986 2466 2411
4527 2 2 1 3 1542 2446 1797
4528 2 2 1 3 1448 2405 2369
4529 2 2 1 3 916 2453 918
4530 2 2 1 3 2244 2415 2406
4531 2 2 1 3 2116 2439 2403
4532 2 2 1 3 2187 2514 840
4533 2 2 1 3 2160 2453 2036
4534 2 2 1 3 1815 2443 2291
4535 2 2 1 3 1483 2391 1485
4536 2 2 1 3 1954 2529 1029
4537 2 2 1 3 1412 2436 1407
4538 2 2 1 3 2110 2410 1649
4539 2 2 1 3 1403 1407 1399
4540 2 2 1 3 1674 2445 2439
4541 2 2 1 3 1784 2440 2435
4542 2 2 1 3 1753 2446 1498
4543 2 2 1 3 1085 2415 2244
4544 2 2 1 3 2278 2414 1115
4545 2 2 1 3 1053 2413 1052
4546 2 2 1 3 2171 2416 1647
4547 2 2 1 3 1788 2417 1645
4548 2 2 1 3 2010 2482 2420
4549 2 2 1 3 1085 2419 2415
4550 2 2 1 3 2501 2505 1718
4551 2 2 1 3 2103 2461 2101
4552 2 2 1 3 1124 2420 1986
4553 2 2 1 3 1705 2492 2491
4554 2 2 1 3 1694 2492 1705
4555 2 2 1 3 1396 2400 1398
4556 2 2 1 3 2407 2429 2279
4557 2 2 1 3 1685 2445 1674
4558 2 2 1 3 912 2421 914
4559 2 2 1 3 2403 2439 1633
4560 2 2 1 3 2254 2419 1085
4561 2 2 1 3 1695 2493 1694
4562 2 2 1 3 1685 2448 2445
4563 2 2 1 3 1748 2364 1556
4564 2 2 1 3 1520 2459 1339
4565 2 2 1 3 912 2423 2421
4566 2 2 1 3 910 2423 912
4567 2 2 1 3 2456 2477 1655
4568 2 2 1 3 1694 2493 2492
4569 2 2 1 3 1539 2496 2483
4570 2 2 1 3 1941 2424 1940
4571 2 2 1 3 2209 2442 2405
4572 2 2 1 3 2171 2502 2497
4573 2 2 1 3 1697 2495 1695
4574 2 2 1 3 1569 1747 1567
4575 2 2 1 3 1788 2503 2498
4576 2 2 1 3 301 2463 300
4577 2 2 1 3 2024 2524 1425
4578 2 2 1 3 1560 2422 1479
4579 2 2 1 3 2065 2430 2419
4580 2 2 1 3 1695 2495 2493
4581 2 2 1 3 2442 2451 2027
4582 2 2 1 3 1558 2391 1483
4583 2 2 1 3 1956 2471 1484
4584 2 2 1 3 2398 2464 2098
4585 2 2 1 3 1767 2426 1681
4586 2 2 1 3 2504 2510 883
4587 2 2 1 3 2441 2518 1459
4588 2 2 1 3 2400 2436 1786
4589 2 2 1 3 957 2509 2010
4590 2 2 1 3 1574 2418 1903
4591 2 2 1 3 1425 2523 2141
4592 2 2 1 3 1508 2464 1520
4593 2 2 1 3 1766 2427 1883
4594 2 2 1 3 1862 1865 1864
4595 2 2 1 3 2067 2488 2066
4596 2 2 1 3 2301 2364 1748
4597 2 2 1 3 2452 2526 1958
4598 2 2 1 3 2141 2517 957
4599 2 2 1 3 1697 2499 2495
4600 2 2 1 3 1791 2494 2384
4601 2 2 1 3 1368 2468 1367
4602 2 2 1 3 1480 2422 1558
4603 2 2 1 3 1862 1863 1802
4604 2 2 1 3 1670 2431 2414
4605 2 2 1 3 883 2510 2187
4606 2 2 1 3 1791 2528 2494
4607 2 2 1 3 1970 2542 1197
4608 2 2 1 3 1780 2431 1518
4609 2 2 1 3 2069 2489 2067
4610 2 2 1 3 1798 2475 1687
4611 2 2 1 3 1731 2468 1491
4612 2 2 1 3 1708 2428 2263
4613 2 2 1 3 2145 2430 1616
4614 2 2 1 3 2213 2438 2433
4615 2 2 1 3 2503 2506 882
4616 2 2 1 3 1470 2440 1722
4617 2 2 1 3 1941 2484 2480
4618 2 2 1 3 2072 2490 2069
4619 2 2 1 3 2484 2485 854
4620 2 2 1 3 906 2432 908
4621 2 2 1 3 2279 2429 1663
4622 2 2 1 3 2429 2433 1663
4623 2 2 1 3 1862 1864 1863
4624 2 2 1 3 2067 2489 2488
4625 2 2 1 3 1523 2466 1442
4626 2 2 1 3 2431 2435 1518
4627 2 2 1 3 1425 2524 2523
4628 2 2 1 3 2182 2507 836
4629 2 2 1 3 1663 2433 1664
4630 2 2 1 3 2069 2490 2489
4631 2 2 1 3 2390 2456 1655
4632 2 2 1 3 2430 2437 1616
4633 2 2 1 3 1787 2434 1659
4634 2 2 1 3 866 2472 106
4635 2 2 1 3 2072 2491 2490
4636 2 2 1 3 1479 2422 1480
4637 2 2 1 3 2044 2470 1686
4638 2 2 1 3 2141 2523 2517
4639 2 2 1 3 2428 2508 1771
4640 2 2 1 3 1690 2476 1688
4641 2 2 1 3 957 2517 2509
4642 2 2 1 3 1518 2435 1454
4643 2 2 1 3 108 2474 862
4644 2 2 1 3 2507 2511 836
4645 2 2 1 3 1891 2520 1704
4646 2 2 1 3 836 2511 2177
4647 2 2 1 3 1616 2437 1896
4648 2 2 1 3 1903 2458 1764
4649 2 2 1 3 1474 2438 2213
4650 2 2 1 3 1633 2439 2261
4651 2 2 1 3 1686 2469 2049
4652 2 2 1 3 2231 2477 1783
4653 2 2 1 3 2474 2476 862
4654 2 2 1 3 862 2480 109
4655 2 2 1 3 1787 2474 2472
4656 2 2 1 3 2066 2485 1691
4657 2 2 1 3 1723 2479 1805
4658 2 2 1 3 2163 2486 1253
4659 2 2 1 3 1656 2518 2515
4660 2 2 1 3 1535 2481 1693
4661 2 2 1 3 111 2484 854
4662 2 2 1 3 2241 2454 1863
4663 2 2 1 3 2448 2455 2108
4664 2 2 1 3 1515 2456 1779
4665 2 2 1 3 2439 2445 2261
4666 2 2 1 3 1684 2441 1461
4667 2 2 1 3 2049 2465 1794
4668 2 2 1 3 1029 2447 1009
4669 2 2 1 3 1686 2470 2469
4670 2 2 1 3 1937 2537 1082
4671 2 2 1 3 1684 2444 2441
4672 2 2 1 3 2314 2440 1784
4673 2 2 1 3 1789 2444 1684
4674 2 2 1 3 1846 2422 1560
4675 2 2 1 3 1405 2546 2543
4676 2 2 1 3 1693 2483 1671
4677 2 2 1 3 1176 2442 2209
4678 2 2 1 3 2291 2443 1629
4679 2 2 1 3 1482 2436 1412
4680 2 2 1 3 1837 2479 2317
4681 2 2 1 3 1985 2473 2451
4682 2 2 1 3 1794 2460 1795
4683 2 2 1 3 2010 2509 2482
4684 2 2 1 3 1520 2464 2398
4685 2 2 1 3 2261 2445 1136
4686 2 2 1 3 1082 2538 1967
4687 2 2 1 3 1498 2446 1542
4688 2 2 1 3 2445 2448 1136
4689 2 2 1 3 2419 2430 2145
4690 2 2 1 3 2414 2431 1780
4691 2 2 1 3 1644 2487 1564
4692 2 2 1 3 2440 2450 1722
4693 2 2 1 3 133 2513 134
4694 2 2 1 3 2049 2469 2465
4695 2 2 1 3 2171 2497 2416
4696 2 2 1 3 1707 2462 1801
4697 2 2 1 3 1416 2478 1541
4698 2 2 1 3 1788 2498 2417
4699 2 2 1 3 1136 2448 2215
4700 2 2 1 3 2417 2514 2186
4701 2 2 1 3 1680 2482 2308
4702 2 2 1 3 1956 2478 2471
4703 2 2 1 3 1967 2449 1968
4704 2 2 1 3 2368 2456 1515
4705 2 2 1 3 1794 2465 2460
4706 2 2 1 3 2411 2466 1523
4707 2 2 1 3 845 2497 120
4708 2 2 1 3 840 2498 125
4709 2 2 1 3 2447 2452 1028
4710 2 2 1 3 1590 2520 2432
4711 2 2 1 3 1176 2451 2442
4712 2 2 1 3 2224 2451 1176
4713 2 2 1 3 122 2502 883
4714 2 2 1 3 127 2503 882
4715 2 2 1 3 1941 2480 2424
4716 2 2 1 3 842 2555 1906
4717 2 2 1 3 2066 2488 2485
4718 2 2 1 3 2537 2538 1082
4719 2 2 1 3 2169 2504 2171
4720 2 2 1 3 1702 2501 1718
4721 2 2 1 3 2425 2541 1848
4722 2 2 1 3 2233 2508 1698
4723 2 2 1 3 1751 2505 1490
4724 2 2 1 3 1952 2528 1954
4725 2 2 1 3 1071 2453 916
4726 2 2 1 3 2368 2477 2456
4727 2 2 1 3 2314 2450 2440
4728 2 2 1 3 1717 2450 2314
4729 2 2 1 3 2177 2515 2161
4730 2 2 1 3 2183 2508 2428
4731 2 2 1 3 2396 2483 1693
4732 2 2 1 3 1458 2518 1656
4733 2 2 1 3 2162 2518 2441
4734 2 2 1 3 2271 2455 1685
4735 2 2 1 3 2434 2472 866
4736 2 2 1 3 1393 2547 1873
4737 2 2 1 3 2424 2480 862
4738 2 2 1 3 2459 2461 2105
4739 2 2 1 3 1979 2527 1371
4740 2 2 1 3 1787 2472 2434
4741 2 2 1 3 1641 2521 1737
4742 2 2 1 3 2271 2457 2455
4743 2 2 1 3 2436 2471 1786
4744 2 2 1 3 135 2516 832
4745 2 2 1 3 1704 2519 1789
4746 2 2 1 3 1874 2527 1854
4747 2 2 1 3 1721 2521 2305
4748 2 2 1 3 1340 2459 2457
4749 2 2 1 3 1340 2457 2271
4750 2 2 1 3 2420 2482 1680
4751 2 2 1 3 1685 2455 2448
4752 2 2 1 3 840 2514 2417
4753 2 2 1 3 1339 2459 1340
4754 2 2 1 3 2231 2486 2481
4755 2 2 1 3 2231 2481 2477
4756 2 2 1 3 1540 2526 1651
4757 2 2 1 3 2416 2497 845
4758 2 2 1 3 2417 2498 840
4759 2 2 1 3 1482 2471 2436
4760 2 2 1 3 1764 2458 1902
4761 2 2 1 3 2511 2515 2177
4762 2 2 1 3 2475 2478 1956
4763 2 2 1 3 2105 2461 2103
4764 2 2 1 3 893 2460 2237
4765 2 2 1 3 877 2463 301
4766 2 2 1 3 849 2580 1913
4767 2 2 1 3 1854 2527 1589
4768 2 2 1 3 2432 2520 1891
4769 2 2 1 3 1661 2464 1508
4770 2 2 1 3 1779 2456 2390
4771 2 2 1 3 2460 2465 2237
4772 2 2 1 3 1661 2467 2464
4773 2 2 1 3 2237 2465 887
4774 2 2 1 3 2528 2529 1954
4775 2 2 1 3 1895 2467 1661
4776 2 2 1 3 2451 2473 2027
4777 2 2 1 3 1491 2468 1368
4778 2 2 1 3 1707 1801 1800
4779 2 2 1 3 882 2506 2183
4780 2 2 1 3 1442 2466 1680
4781 2 2 1 3 887 2469 2226
4782 2 2 1 3 2465 2469 887
4783 2 2 1 3 1841 1845 1747
4784 2 2 1 3 2226 2470 866
4785 2 2 1 3 2469 2470 2226
4786 2 2 1 3 106 2472 107
4787 2 2 1 3 2027 2473 1523
4788 2 2 1 3 2472 2474 107
4789 2 2 1 3 107 2474 108
4790 2 2 1 3 1141 2530 1172
4791 2 2 1 3 1687 2475 1956
4792 2 2 1 3 1861 1862 1802
4793 2 2 1 3 1941 2485 2484
4794 2 2 1 3 1688 2476 1787
4795 2 2 1 3 1484 2471 1482
4796 2 2 1 3 1787 2476 2474
4797 2 2 1 3 894 2604 2241
4798 2 2 1 3 1751 2512 2505
4799 2 2 1 3 1786 2478 1416
4800 2 2 1 3 2230 2505 2501
4801 2 2 1 3 109 2480 110
4802 2 2 1 3 2317 2479 1723
4803 2 2 1 3 1655 2481 1535
4804 2 2 1 3 2480 2484 110
4805 2 2 1 3 2471 2478 1786
4806 2 2 1 3 110 2484 111
4807 2 2 1 3 1671 2483 2310
4808 2 2 1 3 2308 2482 1648
4809 2 2 1 3 1759 2500 2048
4810 2 2 1 3 1814 2534 1729
4811 2 2 1 3 2009 2535 895
4812 2 2 1 3 1691 2485 1941
4813 2 2 1 3 1756 2581 1757
4814 2 2 1 3 1783 2477 2368
4815 2 2 1 3 1857 2500 1759
4816 2 2 1 3 1788 2506 2503
4817 2 2 1 3 1253 2486 2231
4818 2 2 1 3 1564 2487 1878
4819 2 2 1 3 854 2488 2200
4820 2 2 1 3 1414 2494 2343
4821 2 2 1 3 1558 2522 2391
4822 2 2 1 3 1651 2526 2452
4823 2 2 1 3 2519 2520 1930
4824 2 2 1 3 2488 2489 2200
4825 2 2 1 3 2200 2489 884
4826 2 2 1 3 1801 1802 1800
4827 2 2 1 3 2489 2490 884
4828 2 2 1 3 2343 2494 2312
4829 2 2 1 3 2483 2496 2310
4830 2 2 1 3 884 2490 2196
4831 2 2 1 3 2490 2491 2196
4832 2 2 1 3 2482 2509 1648
4833 2 2 1 3 2196 2491 850
4834 2 2 1 3 850 2492 2197
4835 2 2 1 3 2485 2488 854
4836 2 2 1 3 2491 2492 850
4837 2 2 1 3 2494 2528 2312
4838 2 2 1 3 2492 2493 2197
4839 2 2 1 3 2515 2518 2162
4840 2 2 1 3 2197 2493 885
4841 2 2 1 3 2493 2495 885
4842 2 2 1 3 2236 2514 2510
4843 2 2 1 3 885 2495 2193
4844 2 2 1 3 120 2497 121
4845 2 2 1 3 125 2498 126
4846 2 2 1 3 2495 2499 2193
4847 2 2 1 3 2193 2499 845
4848 2 2 1 3 2497 2502 121
4849 2 2 1 3 2496 2501 1701
4850 2 2 1 3 2498 2503 126
4851 2 2 1 3 2048 2500 1882
4852 2 2 1 3 2310 2496 1701
4853 2 2 1 3 121 2502 122
4854 2 2 1 3 1701 2501 1702
4855 2 2 1 3 126 2503 127
4856 2 2 1 3 134 2516 135
4857 2 2 1 3 2477 2481 1655
4858 2 2 1 3 1930 2520 1590
4859 2 2 1 3 2170 2504 2169
4860 2 2 1 3 2384 2494 1414
4861 2 2 1 3 1801 1861 1802
4862 2 2 1 3 1698 2506 1788
4863 2 2 1 3 2170 2510 2504
4864 2 2 1 3 1490 2505 2230
4865 2 2 1 3 1771 2508 2233
4866 2 2 1 3 1708 2511 2507
4867 2 2 1 3 2236 2510 2170
4868 2 2 1 3 1648 2509 1709
4869 2 2 1 3 1656 2511 1708
4870 2 2 1 3 2391 2522 1849
4871 2 2 1 3 1718 2512 1816
4872 2 2 1 3 2186 2514 2236
4873 2 2 1 3 2161 2515 2162
4874 2 2 1 3 832 2519 1930
4875 2 2 1 3 2509 2517 1709
4876 2 2 1 3 1459 2518 1458
4877 2 2 1 3 1709 2517 1711
4878 2 2 1 3 2517 2523 1711
4879 2 2 1 3 1711 2523 1766
4880 2 2 1 3 2305 2521 1641
4881 2 2 1 3 2523 2524 1766
4882 2 2 1 3 911 2532 909
4883 2 2 1 3 1957 2539 1937
4884 2 2 1 3 1656 2515 2511
4885 2 2 1 3 1394 2546 1397
4886 2 2 1 3 856 2626 1884
4887 2 2 1 3 1708 2507 2428
4888 2 2 1 3 2526 2536 1958
4889 2 2 1 3 1541 2526 1540
4890 2 2 1 3 1753 2542 2446
4891 2 2 1 3 1789 2513 2444
4892 2 2 1 3 1589 2527 1979
4893 2 2 1 3 1766 2524 2427
4894 2 2 1 3 2505 2512 1718
4895 2 2 1 3 2312 2528 1952
4896 2 2 1 3 924 2541 922
4897 2 2 1 3 1790 2529 1791
4898 2 2 1 3 1172 2530 1212
4899 2 2 1 3 2446 2542 1970
4900 2 2 1 3 1791 2529 2528
4901 2 2 1 3 1798 2539 2536
4902 2 2 1 3 1798 2536 2475
4903 2 2 1 3 2513 2516 134
4904 2 2 1 3 922 2541 2425
4905 2 2 1 3 2250 2545 1714
4906 2 2 1 3 1909 2644 835
4907 2 2 1 3 1789 2516 2513
4908 2 2 1 3 2548 2565 163
4909 2 2 1 3 1729 2534 1731
4910 2 2 1 3 1861 2543 1862
4911 2 2 1 3 865 2553 11
4912 2 2 1 3 1865 2543 1873
4913 2 2 1 3 895 2535 1990
4914 2 2 1 3 1937 2539 2537
4915 2 2 1 3 1541 2536 2526
4916 2 2 1 3 2140 2559 1734
4917 2 2 1 3 851 2329 149
4918 2 2 1 3 2536 2539 1958
4919 2 2 1 3 162 2548 163
4920 2 2 1 3 1634 2549 1474
4921 2 2 1 3 1873 2547 1867
4922 2 2 1 3 874 2552 1966
4923 2 2 1 3 1933 2552 1932
4924 2 2 1 3 2462 2533 1801
4925 2 2 1 3 1389 2557 1870
4926 2 2 1 3 1959 2553 1961
4927 2 2 1 3 1801 2533 1861
4928 2 2 1 3 2139 2643 1817
4929 2 2 1 3 890 2551 155
4930 2 2 1 3 11 2553 172
4931 2 2 1 3 835 2644 2154
4932 2 2 1 3 2268 2554 1719
4933 2 2 1 3 2241 2574 894
4934 2 2 1 3 888 2558 2126
4935 2 2 1 3 144 856 145
4936 2 2 1 3 831 2556 188
4937 2 2 1 3 157 2555 842
4938 2 2 1 3 189 2556 886
4939 2 2 1 3 2438 2549 1736
4940 2 2 1 3 2475 2536 1541
4941 2 2 1 3 1796 2537 1798
4942 2 2 1 3 1958 2539 1957
4943 2 2 1 3 1888 2592 1872
4944 2 2 1 3 1796 2538 2537
4945 2 2 1 3 1797 2538 1796
4946 2 2 1 3 841 2558 193
4947 2 2 1 3 194 2558 888
4948 2 2 1 3 1734 2559 1699
4949 2 2 1 3 1939 2540 1236
4950 2 2 1 3 192 2560 841
4951 2 2 1 3 169 2569 897
4952 2 2 1 3 1962 2628 1757
4953 2 2 1 3 1197 2541 924
4954 2 2 1 3 1890 2592 1888
4955 2 2 1 3 899 2550 261
4956 2 2 1 3 1848 2542 1753
4957 2 2 1 3 868 2567 2009
4958 2 2 1 3 2268 2589 2554
4959 2 2 1 3 1862 2543 1865
4960 2 2 1 3 1749 2544 1839
4961 2 2 1 3 2083 2562 2082
4962 2 2 1 3 147 894 148
4963 2 2 1 3 1991 2576 893
4964 2 2 1 3 168 2569 169
4965 2 2 1 3 2537 2539 1798
4966 2 2 1 3 1714 2545 1825
4967 2 2 1 3 1397 2546 1405
4968 2 2 1 3 858 2631 2598
4969 2 2 1 3 8 892 142
4970 2 2 1 3 1913 2635 849
4971 2 2 1 3 2463 2568 300
4972 2 2 1 3 294 2563 1908
4973 2 2 1 3 876 2564 305
4974 2 2 1 3 304 2564 838
4975 2 2 1 3 1757 2628 1976
4976 2 2 1 3 1867 2547 1870
4977 2 2 1 3 1810 2565 2548
4978 2 2 1 3 295 2563 294
4979 2 2 1 3 164 2565 863
4980 2 2 1 3 1553 2566 1823
4981 2 2 1 3 1805 2568 2463
4982 2 2 1 3 299 2568 833
4983 2 2 1 3 2549 2586 1736
4984 2 2 1 3 852 2548 162
4985 2 2 1 3 2443 2566 1629
4986 2 2 1 3 1818 2575 1738
4987 2 2 1 3 872 2572 176
4988 2 2 1 3 177 2572 846
4989 2 2 1 3 2276 2625 2020
4990 2 2 1 3 1904 2575 1905
4991 2 2 1 3 2323 2583 1943
4992 2 2 1 3 1870 2557 1871
4993 2 2 1 3 1474 2549 2438
4994 2 2 1 3 261 2550 260
4995 2 2 1 3 268 2573 267
4996 2 2 1 3 1927 2622 872
4997 2 2 1 3 875 2561 2005
4998 2 2 1 3 97 2550 98
4999 2 2 1 3 1932 2552 874
5000 2 2 1 3 155 2551 156
5001 2 2 1 3 1806 2577 1741
5002 2 2 1 3 1743 2577 1914
5003 2 2 1 3 889 2592 1890
5004 2 2 1 3 1871 2557 1887
5005 2 2 1 3 285 2578 879
5006 2 2 1 3 1993 2561 875
5007 2 2 1 3 1913 2580 1912
5008 2 2 1 3 172 2553 1959
5009 2 2 1 3 899 2618 2550
5010 2 2 1 3 1734 2643 2139
5011 2 2 1 3 1719 2554 1840
5012 2 2 1 3 2551 2555 156
5013 2 2 1 3 1733 2579 1730
5014 2 2 1 3 1746 2580 1811
5015 2 2 1 3 855 2581 1927
5016 2 2 1 3 2249 2612 1811
5017 2 2 1 3 1799 2594 1884
5018 2 2 1 3 156 2555 157
5019 2 2 1 3 2285 2582 867
5020 2 2 1 3 1943 2583 1942
5021 2 2 1 3 188 2556 189
5022 2 2 1 3 893 2576 2460
5023 2 2 1 3 1762 2584 1812
5024 2 2 1 3 2554 2589 859
5025 2 2 1 3 193 2558 194
5026 2 2 1 3 2468 2591 1367
5027 2 2 1 3 1692 2582 2020
5028 2 2 1 3 1988 2588 181
5029 2 2 1 3 182 2588 837
5030 2 2 1 3 1699 2559 1735
5031 2 2 1 3 2135 2586 2549
5032 2 2 1 3 1900 2590 1776
5033 2 2 1 3 191 2560 192
5034 2 2 1 3 2383 2585 1733
5035 2 2 1 3 2093 2591 2468
5036 2 2 1 3 1975 2646 1835
5037 2 2 1 3 1832 2589 2393
5038 2 2 1 3 1805 2597 1751
5039 2 2 1 3 837 2646 1975
5040 2 2 1 3 1835 2590 1975
5041 2 2 1 3 1809 2583 2323
5042 2 2 1 3 1750 2601 2047
5043 2 2 1 3 1792 2596 1836
5044 2 2 1 3 270 2598 2089
5045 2 2 1 3 858 2598 271
5046 2 2 1 3 1810 2603 1744
5047 2 2 1 3 1884 2626 1885
5048 2 2 1 3 2241 2604 2454
5049 2 2 1 3 2005 2561 2521
5050 2 2 1 3 2463 2597 1805
5051 2 2 1 3 1975 2590 873
5052 2 2 1 3 2046 2637 1750
5053 2 2 1 3 1726 2601 1750
5054 2 2 1 3 879 2578 2545
5055 2 2 1 3 287 2602 286
5056 2 2 1 3 1821 2606 2154
5057 2 2 1 3 1965 2607 857
5058 2 2 1 3 9 2574 851
5059 2 2 1 3 2521 2561 1737
5060 2 2 1 3 2154 2606 291
5061 2 2 1 3 290 2606 881
5062 2 2 1 3 2127 2609 2128
5063 2 2 1 3 2126 2612 888
5064 2 2 1 3 889 2610 2592
5065 2 2 1 3 2559 2562 1735
5066 2 2 1 3 2082 2562 853
5067 2 2 1 3 867 2600 203
5068 2 2 1 3 12 2620 316
5069 2 2 1 3 205 2620 12
5070 2 2 1 3 2124 2612 2126
5071 2 2 1 3 886 2615 2131
5072 2 2 1 3 842 2613 158
5073 2 2 1 3 159 2613 891
5074 2 2 1 3 896 2620 1934
5075 2 2 1 3 868 2596 2567
5076 2 2 1 3 859 2563 295
5077 2 2 1 3 2131 2615 2130
5078 2 2 1 3 1807 2615 1824
5079 2 2 1 3 296 2616 859
5080 2 2 1 3 878 2617 2083
5081 2 2 1 3 99 2618 898
5082 2 2 1 3 2364 2611 1803
5083 2 2 1 3 267 2621 266
5084 2 2 1 3 1993 2587 2561
5085 2 2 1 3 2284 2646 1843
5086 2 2 1 3 1990 2639 1989
5087 2 2 1 3 1795 2567 1793
5088 2 2 1 3 1627 2643 1734
5089 2 2 1 3 1908 2563 1832
5090 2 2 1 3 298 2638 297
5091 2 2 1 3 2090 2634 848
5092 2 2 1 3 1817 2643 2300
5093 2 2 1 3 849 2635 197
5094 2 2 1 3 260 2550 97
5095 2 2 1 3 165 2629 10
5096 2 2 1 3 1943 2623 1819
5097 2 2 1 3 305 2564 304
5098 2 2 1 3 2094 2591 2093
5099 2 2 1 3 848 2634 2534
5100 2 2 1 3 163 2565 164
5101 2 2 1 3 2535 2567 1795
5102 2 2 1 3 2548 2603 1810
5103 2 2 1 3 877 2597 2463
5104 2 2 1 3 1629 2566 1553
5105 2 2 1 3 1750 2637 1900
5106 2 2 1 3 1828 2632 1889
5107 2 2 1 3 2009 2567 2535
5108 2 2 1 3 300 2568 299
5109 2 2 1 3 2083 2585 2562
5110 2 2 1 3 1817 2631 2139
5111 2 2 1 3 897 2569 2301
5112 2 2 1 3 2598 2631 1823
5113 2 2 1 3 198 2635 1914
5114 2 2 1 3 2561 2587 1737
5115 2 2 1 3 1354 2628 2394
5116 2 2 1 3 1812 2632 1828
5117 2 2 1 3 176 2572 177
5118 2 2 1 3 859 2616 2554
5119 2 2 1 3 890 2584 2551
5120 2 2 1 3 145 2570 146
5121 2 2 1 3 1738 2575 1904
5122 2 2 1 3 864 2573 268
5123 2 2 1 3 2596 2621 1836
5124 2 2 1 3 1724 2636 1966
5125 2 2 1 3 148 2574 9
5126 2 2 1 3 146 2571 147
5127 2 2 1 3 2534 2634 1731
5128 2 2 1 3 2020 2625 1806
5129 2 2 1 3 1741 2577 1743
5130 2 2 1 3 2047 2601 831
5131 2 2 1 3 2460 2576 1795
5132 2 2 1 3 2094 2619 2591
5133 2 2 1 3 1809 2614 2583
5134 2 2 1 3 286 2578 285
5135 2 2 1 3 1914 2635 1913
5136 2 2 1 3 1936 2582 1692
5137 2 2 1 3 1885 2626 143
5138 2 2 1 3 1912 2580 1746
5139 2 2 1 3 1730 2579 1814
5140 2 2 1 3 1960 2581 855
5141 2 2 1 3 2572 2623 846
5142 2 2 1 3 881 2586 2135
5143 2 2 1 3 1942 2583 871
5144 2 2 1 3 856 2570 145
5145 2 2 1 3 877 2627 2597
5146 2 2 1 3 204 2600 1934
5147 2 2 1 3 857 2587 1993
5148 2 2 1 3 2618 2639 898
5149 2 2 1 3 2394 2599 1749
5150 2 2 1 3 2083 2617 2579
5151 2 2 1 3 2551 2584 1785
5152 2 2 1 3 1765 2605 2006
5153 2 2 1 3 2560 2609 841
5154 2 2 1 3 2545 2578 1825
5155 2 2 1 3 1749 2599 2544
5156 2 2 1 3 2544 2599 1961
5157 2 2 1 3 1785 2584 1762
5158 2 2 1 3 143 2626 144
5159 2 2 1 3 894 2574 148
5160 2 2 1 3 2562 2585 1735
5161 2 2 1 3 147 2571 894
5162 2 2 1 3 846 2623 1943
5163 2 2 1 3 1735 2585 2383
5164 2 2 1 3 2043 2627 877
5165 2 2 1 3 10 2593 166
5166 2 2 1 3 1736 2586 1821
5167 2 2 1 3 2567 2596 1793
5168 2 2 1 3 1737 2587 1822
5169 2 2 1 3 2550 2618 98
5170 2 2 1 3 181 2588 182
5171 2 2 1 3 1988 2614 1808
5172 2 2 1 3 2601 2642 831
5173 2 2 1 3 1806 2625 2577
5174 2 2 1 3 2393 2589 2268
5175 2 2 1 3 1776 2590 1835
5176 2 2 1 3 166 2593 869
5177 2 2 1 3 1367 2591 2245
5178 2 2 1 3 2329 2610 889
5179 2 2 1 3 888 2612 2249
5180 2 2 1 3 2096 2619 2094
5181 2 2 1 3 1804 2594 1799
5182 2 2 1 3 1872 2592 1996
5183 2 2 1 3 897 2595 170
5184 2 2 1 3 171 2595 865
5185 2 2 1 3 2154 2644 1821
5186 2 2 1 3 1822 2636 2367
5187 2 2 1 3 1821 2644 1713
5188 2 2 1 3 170 2595 171
5189 2 2 1 3 1793 2596 1792
5190 2 2 1 3 203 2600 204
5191 2 2 1 3 2584 2632 1812
5192 2 2 1 3 271 2598 270
5193 2 2 1 3 1961 2599 1962
5194 2 2 1 3 1934 2600 1935
5195 2 2 1 3 2240 2641 851
5196 2 2 1 3 1900 2637 2590
5197 2 2 1 3 2592 2610 1996
5198 2 2 1 3 2133 2601 1726
5199 2 2 1 3 2583 2614 871
5200 2 2 1 3 2454 2604 1804
5201 2 2 1 3 1751 2597 2512
5202 2 2 1 3 2554 2616 1840
5203 2 2 1 3 1744 2603 1920
5204 2 2 1 3 839 2602 287
5205 2 2 1 3 852 2633 2603
5206 2 2 1 3 1838 2605 1765
5207 2 2 1 3 2096 2645 2619
5208 2 2 1 3 2570 2571 146
5209 2 2 1 3 291 2606 290
5210 2 2 1 3 2581 2622 1927
5211 2 2 1 3 1966 2607 1965
5212 2 2 1 3 2591 2619 2245
5213 2 2 1 3 852 2603 2548
5214 2 2 1 3 2329 2641 2610
5215 2 2 1 3 2129 2609 2560
5216 2 2 1 3 869 2624 167
5217 2 2 1 3 2301 2608 2364
5218 2 2 1 3 2128 2609 2129
5219 2 2 1 3 1996 2610 1869
5220 2 2 1 3 2139 2631 858
5221 2 2 1 3 1803 2611 1834
5222 2 2 1 3 1976 2628 1354
5223 2 2 1 3 2382 2645 2120
5224 2 2 1 3 1842 2623 2572
5225 2 2 1 3 839 2630 2602
5226 2 2 1 3 1811 2612 2124
5227 2 2 1 3 871 2614 1988
5228 2 2 1 3 158 2613 159
5229 2 2 1 3 2367 2636 1724
5230 2 2 1 3 2603 2633 1920
5231 2 2 1 3 2133 2642 2601
5232 2 2 1 3 1808 2614 1809
5233 2 2 1 3 2130 2615 1807
5234 2 2 1 3 297 2616 296
5235 2 2 1 3 2086 2617 878
5236 2 2 1 3 2120 2645 2096
5237 2 2 1 3 856 2594 2570
5238 2 2 1 3 851 2641 2329
5239 2 2 1 3 1818 2633 2307
5240 2 2 1 3 98 2618 99
5241 2 2 1 3 1713 2644 1909
5242 2 2 1 3 2597 2627 2512
5243 2 2 1 3 831 2642 2556
5244 2 2 1 3 316 2620 896
5245 2 2 1 3 2245 2619 1778
5246 2 2 1 3 2610 2641 1869
5247 2 2 1 3 167 2624 168
5248 2 2 1 3 868 2621 2596
5249 2 2 1 3 1889 2632 890
5250 2 2 1 3 266 2621 868
5251 2 2 1 3 2617 2640 1814
5252 2 2 1 3 2319 2622 1756
5253 2 2 1 3 1819 2623 1842
5254 2 2 1 3 2307 2633 852
5255 2 2 1 3 861 2625 2276
5256 2 2 1 3 2086 2640 2617
5257 2 2 1 3 2571 2604 894
5258 2 2 1 3 2619 2645 1778
5259 2 2 1 3 2136 2630 839
5260 2 2 1 3 863 2629 165
5261 2 2 1 3 1823 2631 1817
5262 2 2 1 3 1920 2633 1818
5263 2 2 1 3 2512 2627 1816
5264 2 2 1 3 2091 2634 2090
5265 2 2 1 3 197 2635 198
5266 2 2 1 3 873 2637 2046
5267 2 2 1 3 1814 2640 2534
5268 2 2 1 3 833 2638 298
5269 2 2 1 3 1989 2639 899
5270 2 2 1 3 848 2640 2086
5271 2 2 1 3 1824 2642 2133
5272 2 2 1 3 2577 2625 861
5273 2 2 1 3 2300 2643 1627
5274 2 2 1 3 1835 2646 2284
5275 2 2 1 3 1869 2641 2240
5276 2 2 1 3 1778 2645 2382
5277 2 2 1 3 144 2626 856
5278 2 2 1 3 2534 2640 848
5279 2 2 1 3 2608 2624 869
5280 2 2 1 3 2569 2608 2301
5281 2 2 1 3 2556 2642 1824
5282 2 2 1 3 2607 2636 1822
5283 2 2 1 3 890 2632 2584
5284 2 2 1 3 899 2639 2618
5285 2 2 1 3 1756 2622 2581
5286 2 2 1 3 2590 2637 873
5287 2 2 1 3 168 2624 2569
5288 2 2 1 3 1834 2611 2593
5289 2 2 1 3 2579 2617 1814
5290 2 2 1 3 2593 2611 869
5291 2 2 1 3 2569 2624 2608
5292 2 2 1 3 1966 2636 2607
$EndElements
