$MeshFormat
2.2 0 8
$EndMeshFormat
$PhysicalNames
7
0 6 "separation-inf"
0 7 "separation-sup"
1 4 "pressure"
1 5 "fixed"
2 1 "body"
2 2 "cover"
2 3 "scar"
$EndPhysicalNames
$Nodes
2700
1 0.7186695260760292 0.4325317550950105 0
2 0.7306999999999999 0.4 0
3 0.6157188077310146 0.4466630973179146 0
4 0.4754071150127369 0.4393096730951061 0
5 0.4040362663251333 0.4037254805883031 0
6 0.06527036446661391 -1.301042606982605e-16 0
7 0.7306999999999998 0 0
8 0.7806999999999999 0.4 0
9 0.7503618819231822 0.4717441440601294 0
10 0.7806999999999999 0 0
11 0.5955760415953403 0.4956760769760223 0
12 0.4727903172005901 0.4892411498328348 0
13 0.3657340441691846 0.4358648610726302 0
14 0 0 0
15 0.6754664043757063 0.4998629534754574 0
16 0.6780832021878531 0.4499314767377288 0
17 0.7238070685172224 0.4253333899005143 0
18 0.7275960355669936 0.4173424867910939 0
19 0.729917891961916 0.4088090357488864 0
20 0.7087509465926447 0.427115862472388 0
21 0.6981681838889475 0.4231516165888394 0
22 0.687132413872557 0.4207181228014367 0
23 0.6758638520783701 0.4198639407607765 0
24 0.6645873593325318 0.4206061154174791 0
25 0.6535279547209875 0.4229298368952266 0
26 0.6429063254000078 0.4267887360174764 0
27 0.6329344228490934 0.4321058095906988 0
28 0.6238112334417307 0.4387749569803865 0
29 0.4862003221449122 0.4398753211122453 0
30 0.4969935292770874 0.4404409691293844 0
31 0.5077867364092625 0.4410066171465234 0
32 0.5185799435414378 0.4415722651636626 0
33 0.529373150673613 0.4421379131808017 0
34 0.5401663578057883 0.4427035611979408 0
35 0.5509595649379635 0.44326920921508 0
36 0.5617527720701387 0.443834857232219 0
37 0.572545979202314 0.4444005052493582 0
38 0.5833391863344891 0.4449661532664973 0
39 0.5941323934666642 0.4455318012836364 0
40 0.6049256005988395 0.4460974493007756 0
41 0.4110181034325398 0.4112289776368577 0
42 0.4187313157060478 0.4179784127077235 0
43 0.4270948769943219 0.4239028839861847 0
44 0.4360209293260504 0.4289401557798515 0
45 0.445415705844908 0.4330373122953815 0
46 0.4551805158164786 0.4361513135110431 0
47 0.4652127813597885 0.4382494473057628 0
48 0.07263484059397318 0.008776640882354192 0
49 0.07999931672133226 0.01755328176470861 0
50 0.08736379284869139 0.02632992264706302 0
51 0.09472826897605052 0.03510656352941743 0
52 0.1020927451034097 0.0438832044117719 0
53 0.1094572212307687 0.05265984529412632 0
54 0.1168216973581279 0.06143648617648073 0
55 0.124186173485487 0.07021312705883515 0
56 0.1315506496128461 0.07898976794118961 0
57 0.1389151257402052 0.08776640882354403 0
58 0.1462796018675643 0.09654304970589844 0
59 0.1536440779949235 0.1053196905882529 0
60 0.1610085541222825 0.1140963314706073 0
61 0.1683730302496417 0.1228729723529617 0
62 0.1757375063770008 0.1316496132353161 0
63 0.1831019825043599 0.1404262541176706 0
64 0.190466458631719 0.149202895000025 0
65 0.1978309347590781 0.1579795358823794 0
66 0.2051954108864372 0.1667561767647338 0
67 0.2125598870137964 0.1755328176470882 0
68 0.2199243631411554 0.1843094585294426 0
69 0.2272888392685146 0.193086099411797 0
70 0.2346533153958736 0.2018627402941514 0
71 0.2420177915232327 0.2106393811765058 0
72 0.2493822676505918 0.2194160220588602 0
73 0.2567467437779509 0.2281926629412146 0
74 0.26411121990531 0.236969303823569 0
75 0.2714756960326691 0.2457459447059234 0
76 0.2788401721600282 0.2545225855882778 0
77 0.2862046482873873 0.2632992264706322 0
78 0.2935691244147464 0.2720758673529866 0
79 0.3009336005421055 0.280852508235341 0
80 0.3082980766694647 0.2896291491176956 0
81 0.3156625527968239 0.29840579000005 0
82 0.323027028924183 0.3071824308824044 0
83 0.3303915050515422 0.3159590717647589 0
84 0.3377559811789013 0.3247357126471133 0
85 0.3451204573062605 0.3335123535294678 0
86 0.3524849334336195 0.3422889944118223 0
87 0.3598494095609788 0.3510656352941767 0
88 0.3672138856883378 0.3598422761765311 0
89 0.3745783618156969 0.3686189170588855 0
90 0.381942837943056 0.3773955579412399 0
91 0.3893073140704152 0.3861721988235943 0
92 0.3966717901977742 0.3949488397059487 0
93 0.07674328921718956 0 0
94 0.08821621396776522 0 0
95 0.09968913871834086 0 0
96 0.1111620634689165 0 0
97 0.1226349882194922 0 0
98 0.1341079129700678 0 0
99 0.1455808377206435 0 0
100 0.1570537624712191 0 0
101 0.1685266872217948 0 0
102 0.1799996119723704 0 0
103 0.1914725367229461 0 0
104 0.2029454614735217 0 0
105 0.2144183862240973 0 0
106 0.225891310974673 0 0
107 0.2373642357252487 0 0
108 0.2488371604758243 0 0
109 0.2603100852264 0 0
110 0.2717830099769756 0 0
111 0.2832559347275512 0 0
112 0.2947288594781268 0 0
113 0.3062017842287024 0 0
114 0.317674708979278 0 0
115 0.3291476337298536 0 0
116 0.3406205584804292 0 0
117 0.3520934832310048 0 0
118 0.3635664079815804 0 0
119 0.375039332732156 0 0
120 0.3865122574827317 0 0
121 0.3979851822333073 0 0
122 0.4094581069838829 0 0
123 0.4209310317344584 0 0
124 0.432403956485034 0 0
125 0.4438768812356096 0 0
126 0.4553498059861853 0 0
127 0.4668227307367609 0 0
128 0.4782956554873365 0 0
129 0.489768580237912 0 0
130 0.5012415049884876 0 0
131 0.5127144297390633 0 0
132 0.5241873544896389 0 0
133 0.5356602792402145 0 0
134 0.5471332039907901 0 0
135 0.5586061287413657 0 0
136 0.5700790534919413 0 0
137 0.5815519782425169 0 0
138 0.5930249029930925 0 0
139 0.6044978277436681 0 0
140 0.6159707524942437 0 0
141 0.6274436772448193 0 0
142 0.638916601995395 0 0
143 0.6503895267459706 0 0
144 0.6618624514965461 0 0
145 0.6733353762471217 0 0
146 0.6848083009976974 0 0
147 0.696281225748273 0 0
148 0.7077541504988486 0 0
149 0.7192270752494242 0 0
150 0.7306999999999999 0.3885714285714286 0
151 0.7306999999999999 0.3771428571428571 0
152 0.7306999999999999 0.3657142857142857 0
153 0.7306999999999999 0.3542857142857143 0
154 0.7306999999999999 0.3428571428571428 0
155 0.7306999999999999 0.3314285714285714 0
156 0.7306999999999999 0.32 0
157 0.7306999999999999 0.3085714285714285 0
158 0.7306999999999999 0.2971428571428571 0
159 0.7306999999999999 0.2857142857142857 0
160 0.7306999999999999 0.2742857142857142 0
161 0.7306999999999999 0.2628571428571428 0
162 0.7306999999999999 0.2514285714285713 0
163 0.7306999999999999 0.2399999999999998 0
164 0.7306999999999999 0.2285714285714284 0
165 0.7306999999999999 0.2171428571428569 0
166 0.7306999999999999 0.2057142857142855 0
167 0.7306999999999999 0.194285714285714 0
168 0.7306999999999999 0.1828571428571427 0
169 0.7306999999999999 0.1714285714285712 0
170 0.7306999999999999 0.1599999999999998 0
171 0.7306999999999999 0.1485714285714284 0
172 0.7306999999999999 0.137142857142857 0
173 0.7306999999999999 0.1257142857142856 0
174 0.7306999999999999 0.1142857142857142 0
175 0.7306999999999999 0.1028571428571428 0
176 0.7306999999999999 0.09142857142857141 0
177 0.7306999999999999 0.08000000000000007 0
178 0.7306999999999999 0.06857142857142867 0
179 0.7306999999999999 0.05714285714285727 0
180 0.7306999999999999 0.04571428571428587 0
181 0.7306999999999999 0.03428571428571447 0
182 0.7306999999999999 0.02285714285714302 0
183 0.7306999999999999 0.01142857142857151 0
184 0.7800474496810171 0.4114054479034254 0
185 0.7780983151624449 0.4226620432335004 0
186 0.7748780346113199 0.4336228760927589 0
187 0.770428635929659 0.4441448965816285 0
188 0.7648081882480425 0.454090781743582 0
189 0.7580900440650196 0.4633307277679193 0
190 0.746151128687555 0.4623973726183832 0
191 0.7407796817038556 0.4536658128209073 0
192 0.7343357439748229 0.4456928431270014 0
193 0.726925129568601 0.4386093854036939 0
194 0.7406999999999998 0 0
195 0.7506999999999999 0 0
196 0.7606999999999999 0 0
197 0.7706999999999999 0 0
198 0.7806999999999999 0.01142857142857144 0
199 0.7806999999999999 0.02285714285714288 0
200 0.7806999999999999 0.03428571428571432 0
201 0.7806999999999999 0.04571428571428577 0
202 0.7806999999999999 0.0571428571428572 0
203 0.7806999999999999 0.06857142857142863 0
204 0.7806999999999999 0.08000000000000006 0
205 0.7806999999999999 0.0914285714285715 0
206 0.7806999999999999 0.1028571428571429 0
207 0.7806999999999999 0.1142857142857144 0
208 0.7806999999999999 0.1257142857142858 0
209 0.7806999999999999 0.1371428571428573 0
210 0.7806999999999999 0.1485714285714287 0
211 0.7806999999999999 0.1600000000000002 0
212 0.7806999999999999 0.1714285714285717 0
213 0.7806999999999999 0.1828571428571431 0
214 0.7806999999999999 0.1942857142857145 0
215 0.7806999999999999 0.205714285714286 0
216 0.7806999999999999 0.2171428571428574 0
217 0.7806999999999999 0.2285714285714288 0
218 0.7806999999999999 0.2400000000000002 0
219 0.7806999999999999 0.2514285714285716 0
220 0.7806999999999999 0.262857142857143 0
221 0.7806999999999999 0.2742857142857144 0
222 0.7806999999999999 0.2857142857142858 0
223 0.7806999999999999 0.2971428571428572 0
224 0.7806999999999999 0.3085714285714286 0
225 0.7806999999999999 0.32 0
226 0.7806999999999999 0.3314285714285714 0
227 0.7806999999999999 0.3428571428571427 0
228 0.7806999999999999 0.3542857142857141 0
229 0.7806999999999999 0.3657142857142855 0
230 0.7806999999999999 0.377142857142857 0
231 0.7806999999999999 0.3885714285714285 0
232 0.6091010709314085 0.4551903386333956 0
233 0.6036914765020934 0.4645308189696326 0
234 0.5995885029693864 0.4745145003042513 0
235 0.5968668425846753 0.4849596355140799 0
236 0.5844137030139994 0.495091083599369 0
237 0.5732513644326585 0.4945060902227156 0
238 0.5620890258513176 0.4939210968460622 0
239 0.5509266872699766 0.4933361034694088 0
240 0.5397643486886358 0.4927511100927554 0
241 0.5286020101072949 0.4921661167161019 0
242 0.5174396715259539 0.4915811233394485 0
243 0.5062773329446131 0.4909961299627951 0
244 0.4951149943632721 0.4904111365861417 0
245 0.4839526557819311 0.4898261432094883 0
246 0.4616518426009693 0.4882399415442681 0
247 0.4506189191303074 0.4864116543310513 0
248 0.4397528741687219 0.483766450872658 0
249 0.4291141074889027 0.480319034742299 0
250 0.4187617555191849 0.4760885686759448 0
251 0.4087533626290231 0.4710985680547374 0
252 0.3991445612640485 0.4653767701928799 0
253 0.3899887627087093 0.4589549801575751 0
254 0.3813368601954087 0.4518688939780374 0
255 0.3732369460104371 0.4441579002262833 0
256 0.3584193632858009 0.4271475638511777 0
257 0.3511046824024172 0.4184302666297251 0
258 0.3437900015190336 0.4097129694082725 0
259 0.3364753206356498 0.4009956721868199 0
260 0.3291606397522662 0.3922783749653673 0
261 0.3218459588688825 0.3835610777439147 0
262 0.3145312779854988 0.3748437805224621 0
263 0.3072165971021151 0.3661264833010095 0
264 0.2999019162187315 0.357409186079557 0
265 0.2925872353353478 0.3486918888581043 0
266 0.2852725544519641 0.3399745916366518 0
267 0.2779578735685805 0.3312572944151992 0
268 0.2706431926851968 0.3225399971937466 0
269 0.2633285118018131 0.313822699972294 0
270 0.2560138309184294 0.3051054027508415 0
271 0.2486991500350458 0.2963881055293889 0
272 0.2413844691516621 0.2876708083079362 0
273 0.2340697882682784 0.2789535110864836 0
274 0.2267551073848947 0.270236213865031 0
275 0.219440426501511 0.2615189166435784 0
276 0.2121257456181273 0.2528016194221258 0
277 0.2048110647347436 0.2440843222006732 0
278 0.1974963838513599 0.2353670249792206 0
279 0.1901817029679762 0.2266497277577679 0
280 0.1828670220845925 0.2179324305363153 0
281 0.1755523412012088 0.2092151333148627 0
282 0.1682376603178251 0.2004978360934101 0
283 0.1609229794344414 0.1917805388719575 0
284 0.1536082985510577 0.1830632416505049 0
285 0.146293617667674 0.1743459444290522 0
286 0.1389789367842903 0.1656286472075996 0
287 0.1316642559009066 0.156911349986147 0
288 0.1243495750175229 0.1481940527646943 0
289 0.1170348941341392 0.1394767555432417 0
290 0.1097202132507555 0.1307594583217891 0
291 0.1024055323673718 0.1220421611003365 0
292 0.0950908514839881 0.113324863878884 0
293 0.08777617060060444 0.1046075666574313 0
294 0.08046148971722072 0.09589026943597867 0
295 0.07314680883383701 0.08717297221452608 0
296 0.06583212795045329 0.07845567499307343 0
297 0.05851744706706957 0.06973837777162079 0
298 0.05120276618368591 0.06102108055016819 0
299 0.04388808530030225 0.05230378332871566 0
300 0.03657340441691853 0.04358648610726296 0
301 0.02925872353353487 0.03486918888581042 0
302 0.0219440426501511 0.02615189166435772 0
303 0.01462936176676743 0.01743459444290513 0
304 0.007314680883383662 0.00871729722145248 0
305 0.01087839407776897 0 0
306 0.02175678815553795 0 0
307 0.03263518223330691 0 0
308 0.04351357631107589 0 0
309 0.0543919703888449 0 0
310 0.7426255840365401 0.4785189279201734 0
311 0.7342344354755231 0.4844633898107164 0
312 0.7252771709590597 0.489514668235361 0
313 0.7158485117691599 0.4936193469343448 0
314 0.7060481640922894 0.4967340197508113 0
315 0.6959797646463762 0.4988257496422432 0
316 0.6857497847432312 0.4998724169831041 0
317 0.6640534954070825 0.4992648282612523 0
318 0.6526405864384588 0.4986667030470474 0
319 0.641227677469835 0.4980685778328424 0
320 0.6298147685012112 0.4974704526186374 0
321 0.6184018595325876 0.4968723274044324 0
322 0.606988950563964 0.4962742021902274 0
323 0.6261128734738211 0.447207827221217 0
324 0.6365069392166275 0.4477525571245193 0
325 0.6469010049594339 0.4482972870278217 0
326 0.6572950707022404 0.4488420169311241 0
327 0.6676891364450468 0.4493867468344264 0
328 0.6894705909039799 0.4492247573401335 0
329 0.7004013052165585 0.4459549624389358 0
330 0.7103061956242951 0.4402923464277766 0
331 0.7207830287484018 0.2110309851760919 0
332 0.3632338138720086 0.3403030018336083 0
333 0.5177208819562166 0.0120372027638756 0
334 0.5248985673224772 0.431514044540539 0
335 0.4505461851809022 0.0103842214088814 0
336 0.3190632697458633 0.2881090295383364 0
337 0.721558301356842 0.2693783205373348 0
338 0.5752993249776676 0.01006958514198991 0
339 0.3923651377798812 0.009543903767724182 0
340 0.2810581429906049 0.2451323605175719 0
341 0.7210322812582987 0.1537891744225671 0
342 0.4007789472846516 0.3841693878076771 0
343 0.6329362889066023 0.4211227969744094 0
344 0.3347576300665072 0.009862733084508024 0
345 0.2459366500385523 0.1998734278172939 0
346 0.6217073476210565 0.009654748248850153 0
347 0.7208622671060727 0.3141852874884442 0
348 0.2890024762084807 0.01157983971997079 0
349 0.7216676631443579 0.1080890964343989 0
350 0.4816104605665269 0.4308189335703668 0
351 0.2167828890040975 0.1643165863397224 0
352 0.567639241188669 0.4347704896760175 0
353 0.2434020599239079 0.007753472974667996 0
354 0.1872231139518394 0.1301273613138708 0
355 0.6692693123524653 0.4107284285749883 0
356 0.4348341730924373 0.4188334054257797 0
357 0.6669783890948623 0.01097415260525142 0
358 0.2108753957516354 0.01078467167336572 0
359 0.4838097191217883 0.009423928327651931 0
360 0.3420074944265291 0.3151776599189758 0
361 0.7221025300744224 0.07327028271712316 0
362 0.7210992007972878 0.3490627586251357 0
363 0.1638067977424966 0.1036166818813569 0
364 0.1744669434138664 0.0100679525431856 0
365 0.1423197102302937 0.07741460008182155 0
366 0.7216173593212849 0.03899629773622343 0
367 0.7215848960144363 0.383410259749199 0
368 0.1398439058093851 0.009858677826983686 0
369 0.6003912792359432 0.4360628205970101 0
370 0.3854804893380504 0.36650416554053 0
371 0.7197561921023825 0.2460804075784596 0
372 0.7214442024801357 0.2922199803997279 0
373 0.6904703226298058 0.009027105051165218 0
374 0.6454153010606013 0.01120055776583745 0
375 0.5992376949352286 0.01087394575867706 0
376 0.5533401453653396 0.009171514688997295 0
377 0.2663024001218957 0.009785146053249594 0
378 0.3582183911090313 0.009711392235079608 0
379 0.3119380821337526 0.009865048263499931 0
380 0.4151412450069637 0.009904917921135681 0
381 0.3048175405219047 0.2706531521871209 0
382 0.267916754230623 0.2261619292900497 0
383 0.2021397509236644 0.1474006346282436 0
384 0.231225015840096 0.182429203883138 0
385 0.7208025668138921 0.1885714285714284 0
386 0.128813819594114 0.06026614143689307 0
387 0.7210959714895494 0.1311776940412818 0
388 0.5028799983956178 0.4313766015731829 0
389 0.5462325144310594 0.4336737107315194 0
390 0.413770777913088 0.4001325623551573 0
391 0.7223961524324105 0.4042272249435134 0
392 0.6932217826813863 0.4109797296011402 0
393 0.1133757771311009 0.04189370144109178 0
394 0.4618400790280078 0.4291495415255688 0
395 0.116896103564353 0.009935585199317087 0
396 0.7140752796348335 0.009170375729141811 0
397 0.09798793202847744 0.02465916728732565 0
398 0.7195761397232023 0.4180795484085501 0
399 0.09397878274501681 0.009578798619199358 0
400 0.6426637187600183 0.4157904624724036 0
401 0.6337148050871573 0.4095505387019261 0
402 0.6428865578101841 0.4042998016493357 0
403 0.6336130454521303 0.3983380427868824 0
404 0.6438126094832135 0.393063901391367 0
405 0.6340059994430663 0.3871145086628427 0
406 0.644289643337967 0.3818427677866395 0
407 0.6347779700845944 0.3759072806058291 0
408 0.6244060760406227 0.3813219224258859 0
409 0.625244478592536 0.3700060602762401 0
410 0.6150310038359648 0.3754803741430843 0
411 0.6157533149720791 0.3641149940797789 0
412 0.6058944062045192 0.3693804153872644 0
413 0.606319983073438 0.3581825531644656 0
414 0.5964781280212111 0.3634348077610238 0
415 0.5968659541494181 0.3522570226409898 0
416 0.5870149418446836 0.3575180676147092 0
417 0.5873847793639928 0.346351766630953 0
418 0.5972430417183034 0.3410870485601801 0
419 0.5877495566403704 0.3351800948868044 0
420 0.5778810227497559 0.3404486022000174 0
421 0.5782529567070465 0.3292731624414931 0
422 0.5683510868165547 0.3345538385145381 0
423 0.5687501481213088 0.3233604403375112 0
424 0.5786193130541639 0.3180780463836562 0
425 0.5691117533751775 0.3121546557405823 0
426 0.5592135535075349 0.3174498600151345 0
427 0.5595802823016486 0.306230336392182 0
428 0.5694849372494518 0.3009360219622199 0
429 0.5599447843917168 0.2950013992351286 0
430 0.5698601918825784 0.2897034045263113 0
431 0.560310357851441 0.2837640283244472 0
432 0.5503914253164912 0.2890670817646239 0
433 0.550752563941478 0.2778171620341137 0
434 0.5606849054311488 0.2725082750461213 0
435 0.5511180059335974 0.2665537633307254 0
436 0.5610620515123811 0.2612415523488521 0
437 0.5514851644618803 0.2552819076910395 0
438 0.5415345252611152 0.2606004782020614 0
439 0.5418998213499687 0.249316106801986 0
440 0.5518619694476281 0.2439931835820275 0
441 0.5422685697171149 0.2380203803689647 0
442 0.5522415289220737 0.2326948357058451 0
443 0.5426392116863872 0.2267172090087556 0
444 0.5326609621746201 0.2320480533377139 0
445 0.533024159432935 0.220741244334682 0
446 0.5230401752307104 0.2260701589832792 0
447 0.5429864077031736 0.2154057236092212 0
448 0.5234042306982865 0.2147547004257 0
449 0.5134105966317932 0.2200897216522619 0
450 0.5137838181083025 0.2087549192475535 0
451 0.5037754924316782 0.2141010109604323 0
452 0.5041466904965283 0.2027564023921881 0
453 0.4941321130264406 0.2081080522115444 0
454 0.4945035098318883 0.1967548046749323 0
455 0.4844804725069909 0.2021102079924555 0
456 0.5045148724024793 0.1914195181666306 0
457 0.484852228658196 0.1907480182394656 0
458 0.4748218682571217 0.1961077653865899 0
459 0.4751216205982391 0.1848533389805196 0
460 0.4651444605485196 0.1901200130040768 0
461 0.4938848668171699 0.2192640136790717 0
462 0.4654424482714672 0.1788612404347343 0
463 0.4554684356684823 0.1841159245059548 0
464 0.4557623352701663 0.1728571181112856 0
465 0.4457889148661474 0.178104427757756 0
466 0.4649695388886058 0.1672075025284616 0
467 0.4551150501683414 0.1954736940274839 0
468 0.4461350345604716 0.1667576591689879 0
469 0.4361139433114423 0.1720735126413276 0
470 0.4364081186056387 0.1608021249782984 0
471 0.4264199606699002 0.1660609623728214 0
472 0.4267925839824628 0.1546582857520569 0
473 0.4167385948577931 0.1600180194442701 0
474 0.4163711691509024 0.1714193926196197 0
475 0.4066744689083553 0.1653923266041552 0
476 0.4070477109680076 0.1539797874098628 0
477 0.3969755876045885 0.1593617204648555 0
478 0.3972529552790226 0.1480988435687285 0
479 0.3872566554818752 0.1533552515985422 0
480 0.4063040000887188 0.1768031249403547 0
481 0.3875314609984587 0.1420925577259587 0
482 0.3775442277198616 0.1473304143238825 0
483 0.377814486850428 0.1360710970874148 0
484 0.3678281152678221 0.1413021773966439 0
485 0.3869184452117903 0.1305076693129699 0
486 0.3681696634490076 0.1299273848141649 0
487 0.3581242591253057 0.1352473091571036 0
488 0.3674772634735241 0.1527006136142357 0
489 0.3583990685815404 0.123976385102695 0
490 0.3484030580367848 0.129216183979272 0
491 0.4365210373525454 0.1494021181640607 0
492 0.6256961399701351 0.3588161157011139 0
493 0.3487771855816572 0.1177813180574285 0
494 0.3386999873287655 0.1231507189385431 0
495 0.3383285322352361 0.1345844665216327 0
496 0.3286115472238214 0.1285377203563844 0
497 0.3289858579242307 0.1170963195046116 0
498 0.31889036899721 0.1224933865686894 0
499 0.3584935828007712 0.112547303498797 0
500 0.3192645825134477 0.1110482403633865 0
501 0.309166039243932 0.1164481126683143 0
502 0.3282396271882467 0.1399763482086918 0
503 0.3095404542594858 0.1050005353728343 0
504 0.2994404054431499 0.1103995995163999 0
505 0.2998145511957805 0.09895175749611002 0
506 0.289712994210495 0.1043518155201689 0
507 0.2990654307652432 0.1218514356502373 0
508 0.3099165959982149 0.0935521470165927 0
509 0.2900866869440168 0.09290216744780677 0
510 0.2799828883551532 0.09830369964799857 0
511 0.2803571913610142 0.08685184262180928 0
512 0.2702525289343692 0.09225375527456003 0
513 0.2698785242374909 0.1037060391206043 0
514 0.260147715730884 0.09765603785707927 0
515 0.2605211003434849 0.08620364622045856 0
516 0.2504154255729483 0.09160601481167185 0
517 0.2507889218638547 0.08015235981669538 0
518 0.2406822125626652 0.08555545835055983 0
519 0.5866563020325273 0.3686785834158119 0
520 0.2410560436660786 0.07410033558323115 0
521 0.2309478991501276 0.07950420096154986 0
522 0.2597741208753431 0.109108290704496 0
523 0.2511641965130829 0.06869799930563947 0
524 0.2313221244456104 0.0680481090277959 0
525 0.2212131608504878 0.07345241860120522 0
526 0.2305731461917018 0.09095971579473816 0
527 0.22158739979265 0.06199544980338545 0
528 0.2114784306281042 0.06740036821620926 0
529 0.644780336902478 0.3706184992163438 0
530 0.6543126431365475 0.3765682108168483 0
531 0.6547239958396904 0.3653216111191149 0
532 0.6642814086886017 0.3712857819342099 0
533 0.6646745938812328 0.3600064983445055 0
534 0.6742535406058565 0.3659903001199131 0
535 0.6746448707894303 0.3546998342713968 0
536 0.6650559904582722 0.3487155274434877 0
537 0.6750281671999898 0.3434045792493059 0
538 0.665431728857354 0.3374175385794244 0
539 0.6754151085526773 0.3320983791919587 0
540 0.6658096595281665 0.3261090066121707 0
541 0.6758035100161223 0.3207780220370391 0
542 0.6661886791083366 0.3147878037760386 0
543 0.6562024034934766 0.3201247953813147 0
544 0.656573201751376 0.3088048151585089 0
545 0.6665649907483298 0.3034622184405685 0
546 0.6569428863824219 0.297474679054731 0
547 0.6469609792297908 0.3028252740860445 0
548 0.6473194070828177 0.2914947621659066 0
549 0.6573126664227938 0.286146101795721 0
550 0.6477948843259141 0.2801640986805085 0
551 0.6577019947732521 0.2748084610146308 0
552 0.6481916442751472 0.2688033603146553 0
553 0.6580805774124305 0.2634605013844265 0
554 0.6484479614898504 0.2574472925749421 0
555 0.6584342994940441 0.2521055817879848 0
556 0.6487709095089917 0.2461161964364182 0
557 0.6387671409461937 0.2514622026463131 0
558 0.6391193556763223 0.2401203721000898 0
559 0.6491350563552465 0.2347586299568349 0
560 0.6394727771855346 0.2287615300871887 0
561 0.6494979433379243 0.2233942894897054 0
562 0.6398292309082204 0.2173950465808072 0
563 0.6498610964391512 0.2120278612374219 0
564 0.6401927753494537 0.2060252867454423 0
565 0.6502342349486605 0.2006604437506316 0
566 0.6405565205540618 0.1946504465967323 0
567 0.6305223253878482 0.2000252171167311 0
568 0.6308832161452385 0.1886502090352713 0
569 0.6409186548672701 0.1832699834256141 0
570 0.631240527105001 0.1772682948195023 0
571 0.6412790022204085 0.1718861643960835 0
572 0.6315968453229243 0.165881762360004 0
573 0.621782445338438 0.1712255274548017 0
574 0.6219794927203192 0.1598217354036253 0
575 0.6319701500798203 0.1544845415294611 0
576 0.6222817026979759 0.1484738154436958 0
577 0.6123772969525106 0.1539761197845078 0
578 0.6126372499495695 0.1424410870060078 0
579 0.6226378699068063 0.137078882727262 0
580 0.6129432235026866 0.1310718288426628 0
581 0.6029255856974779 0.1364124361504921 0
582 0.6229827095301762 0.1256861284669121 0
583 0.603243896615876 0.1250597188956464 0
584 0.5931902901774631 0.1304538568743946 0
585 0.593538881984757 0.1190568319469281 0
586 0.5834818989791026 0.1244546903594216 0
587 0.5838351256350942 0.1130485957032987 0
588 0.5737771577364595 0.1184480102170777 0
589 0.5938899607413631 0.107656694940005 0
590 0.5741315314905908 0.1070360093348691 0
591 0.5640711419695961 0.1124374743228453 0
592 0.5644252628359105 0.1010204286509787 0
593 0.5543597688964281 0.1064227881410663 0
594 0.5734281548268786 0.1298556420014861 0
595 0.554713373900334 0.09500377578384034 0
596 0.544647230546865 0.1004075033919378 0
597 0.54429409388731 0.1118271651467618 0
598 0.5346306320306401 0.1057322555659217 0
599 0.5349406259122029 0.09437892570157463 0
600 0.5248719687866332 0.09978536766872803 0
601 0.5647826748899086 0.08960013230874858 0
602 0.5252183280469768 0.08837003073160643 0
603 0.5151441571440374 0.09378212089943672 0
604 0.5250012622709045 0.1115038804553279 0
605 0.5154813244764742 0.08237823835634922 0
606 0.5054194209314848 0.08776831663049611 0
607 0.6294998670120615 0.234261497006242 0
608 0.5255509386577795 0.07695458214102152 0
609 0.5056756576423983 0.07639364572944218 0
610 0.4956971196182248 0.08174483049178394 0
611 0.4953466557300831 0.09317735266544674 0
612 0.4856173790817868 0.08716267832347308 0
613 0.4859706730113941 0.07572405482256839 0
614 0.4758868846986616 0.08114675915483194 0
615 0.4852700145724265 0.09859636902793001 0
616 0.6378682960249727 0.2857966992403747 0
617 0.476222070826899 0.06973072566795935 0
618 0.4661538661210078 0.07512658074194456 0
619 0.6595329288646873 0.2180635548539638 0
620 0.4665056071563375 0.06368525250121088 0
621 0.4564236885667053 0.06909922879607955 0
622 0.4560738047825916 0.08054093396103401 0
623 0.4463417957243175 0.07451782632227177 0
624 0.4459926003769157 0.08595591826036952 0
625 0.4362592508014192 0.07993442378871551 0
626 0.435911719278014 0.09137324939372071 0
627 0.4261772756642897 0.0853521441576825 0
628 0.4265265992855853 0.07391024101554938 0
629 0.4164395659024317 0.07933083434127886 0
630 0.4167879558482959 0.06788580750546003 0
631 0.4066998547350906 0.07330763490007364 0
632 0.4456421709088512 0.09739300589335653 0
633 0.4070482591458238 0.061859104319543 0
634 0.3969596152457742 0.06728239871708652 0
635 0.6680757171011329 0.2581088783708377 0
636 0.4171399372925489 0.05643572478696984 0
637 0.4355661133695015 0.1028091390638428 0
638 0.3966118221850644 0.07873090783293424 0
639 0.3868699277258242 0.07270695121835008 0
640 0.3872174967407485 0.06125631274463555 0
641 0.3771261989569904 0.06668216527724635 0
642 0.4765246386251143 0.05834264884345031 0
643 0.605234879716309 0.380728117823978 0
644 0.5931497278082846 0.1420196029524461 0
645 0.2111045147239671 0.07885688205650609 0
646 0.2013697171127106 0.07280525854058839 0
647 0.2017431932363039 0.06134870024562644 0
648 0.1916344232852288 0.06675372447275651 0
649 0.5771888967076401 0.362773947692442 0
650 0.5768258322398383 0.3739050996621361 0
651 0.5673826321438056 0.3680247883478295 0
652 0.567001388894143 0.3791240546509763 0
653 0.5575945134152687 0.3732578453079327 0
654 0.5569773774401405 0.3845004442729337 0
655 0.5477848986429255 0.3784958188789175 0
656 0.5481860211788201 0.3674120587027667 0
657 0.5384302660350822 0.3726254200683421 0
658 0.5387870457353858 0.3615823974781697 0
659 0.5289823212699218 0.3668955434876975 0
660 0.5293897286283757 0.355766034421161 0
661 0.5195813485159981 0.3610800974764781 0
662 0.5199918772924021 0.3499454696885376 0
663 0.5102827519182678 0.3550804694804672 0
664 0.5106062243260919 0.3440627077896026 0
665 0.500860728962033 0.3492159643802118 0
666 0.5012012115280721 0.3381563131998943 0
667 0.4913638770877364 0.3434085510776911 0
668 0.4917316825319351 0.3322543955709071 0
669 0.4818655514943371 0.3375371924460376 0
670 0.4822520886591984 0.3262967456879755 0
671 0.472341258264721 0.3316370967716328 0
672 0.4727239759047928 0.3203544649188167 0
673 0.4627969570043893 0.3257058736395292 0
674 0.4631591169867246 0.3144389927468408 0
675 0.4532282363343419 0.3197657961206191 0
676 0.453588372503816 0.3084878961733614 0
677 0.4635359820653189 0.3031681061330952 0
678 0.4539553582824137 0.2971989472015747 0
679 0.443985774903099 0.3025272414176677 0
680 0.4443536790834939 0.2912156666486324 0
681 0.4343626716267356 0.2965565077042694 0
682 0.4347338783611078 0.2852202681645254 0
683 0.4247287757713376 0.2905703990239962 0
684 0.4250971942506047 0.2792230310212804 0
685 0.4814889646094824 0.3487258720834756 0
686 0.4150831786509951 0.2845876926603994 0
687 0.4154533216710916 0.2732137710708141 0
688 0.4351152266918937 0.2738794446011767 0
689 0.4054179831987189 0.2785892226723148 0
690 0.4057929446537919 0.267196981279672 0
691 0.4639266515996479 0.2918810623656724 0
692 0.3957422258274841 0.2725671410156449 0
693 0.3961149486743475 0.2611781167183849 0
694 0.4061717812677664 0.2558072915685038 0
695 0.3964902585605148 0.2497865009011072 0
696 0.3864312363565681 0.2551572091076275 0
697 0.3868074987387032 0.2437530227025815 0
698 0.3767401828795769 0.2491319087981716 0
699 0.3771178850843599 0.2377231647937849 0
700 0.4528694842270016 0.3310413362614255 0
701 0.4243769825773038 0.3019211572259355 0
702 0.492211022350165 0.3209887298391453 0
703 0.5096618954369643 0.3662043766002411 0
704 0.3670455796838556 0.2431018148925331 0
705 0.3674242926734735 0.2316848898206461 0
706 0.3573443353901764 0.2370678262241779 0
707 0.3577239402157969 0.2256442221518589 0
708 0.4065492046834012 0.2444150009532383 0
709 0.3476385109455468 0.2310309653423209 0
710 0.3480162938978452 0.2196046157088716 0
711 0.395375778533281 0.2839693802823974 0
712 0.3581038572269606 0.2142181617959283 0
713 0.3483950935593286 0.2081771059813919 0
714 0.3383066123004531 0.2135631127852408 0
715 0.3386857359203828 0.2021315938293971 0
716 0.3285945363363956 0.2075193245730118 0
717 0.3666704636240305 0.254516361587064 0
718 0.3289739426641524 0.1960844177160543 0
719 0.31887947032674 0.2014735915766289 0
720 0.3192589200847671 0.1900352754250915 0
721 0.3091621446618161 0.1954262120493916 0
722 0.3095418659794446 0.1839854493728341 0
723 0.2994429443526947 0.1893773055887514 0
724 0.299822691440255 0.1779342721620832 0
725 0.53784522071882 0.383839679047923 0
726 0.3584818258747268 0.2027920033932778 0
727 0.576415523520884 0.3849919670272515 0
728 0.3681893661064158 0.2088322562269807 0
729 0.4567852415516028 0.05765562948813852 0
730 0.6326823228018045 0.1316950272362543 0
731 0.6330383776295363 0.1202902086116279 0
732 0.6427398886705843 0.1263040754952632 0
733 0.6430967231695655 0.1148944932661062 0
734 0.6527978599935711 0.1209113993744754 0
735 0.6531652799419483 0.1095051332205433 0
736 0.6434529331736438 0.1034831422354019 0
737 0.6535152087909771 0.09808350346612704 0
738 0.6438057131019149 0.09206453362750155 0
739 0.6538777366648102 0.08666225649715836 0
740 0.6441600070147658 0.08064087271186021 0
741 0.6542376249974646 0.07523637208988054 0
742 0.644515563748103 0.06921308561631717 0
743 0.6344384985424811 0.07461956875571335 0
744 0.6636096145707578 0.09269229270782825 0
745 0.6545939426651908 0.06380610363685052 0
746 0.6347938752198498 0.06318769204350549 0
747 0.6247131366916741 0.06859821774426195 0
748 0.6250692113349544 0.05716071425659919 0
749 0.6149851706628996 0.06257289732290661 0
750 0.3282166435209438 0.218952692775689 0
751 0.2904621324128603 0.0814503949024093 0
752 0.6524414485516815 0.1323200660288489 0
753 0.6625013145105049 0.1269249389572733 0
754 0.6621416808387868 0.1383319015165596 0
755 0.6509613113922668 0.1778909438062927 0
756 0.3293634119065546 0.1056501757012286 0
757 0.3871933650005855 0.2323392059798175 0
758 0.6643187496745555 0.06983157419769592 0
759 0.6646768401092674 0.05840127035747905 0
760 0.4358530751485675 0.1832160255701002 0
761 0.4744533963355045 0.2074766693537294 0
762 0.3472628627201577 0.2424577816522754 0
763 0.5237589943010501 0.203439254393333 0
764 0.4846055292671446 0.1791649485138929 0
765 0.531938862781651 0.2546421630451955 0
766 0.5131437833054057 0.2312689802002469 0
767 0.5496859787306547 0.3115291251583455 0
768 0.6208523324575264 0.1940284937475959 0
769 0.5410176178092677 0.2830390516061694 0
770 0.5794072953118931 0.2956467174991244 0
771 0.5618405898891562 0.2386735302477928 0
772 0.5622206583454944 0.227363759592877 0
773 0.5718289784502895 0.2333464497569443 0
774 0.5722084750674437 0.2220286962161738 0
775 0.6673209775902406 0.2807991139545236 0
776 0.5976179256799501 0.3299018359653381 0
777 0.5797866147449073 0.2844045054406052 0
778 0.3293554383015542 0.1846468059555907 0
779 0.5893438908432113 0.2903536606582102 0
780 0.5897246013202037 0.2790932431523002 0
781 0.2316971400166495 0.05659085172994061 0
782 0.3774734749992084 0.05522939361270846 0
783 0.3673816731366548 0.06065587843042847 0
784 0.5109805907017193 0.3329634855895522 0
785 0.2897220614878905 0.1833274392027638 0
786 0.2901019100109715 0.1718823533593848 0
787 0.1920077389702847 0.05529654991133831 0
788 0.4067567081201648 0.1427890083909884 0
789 0.6722030248997425 0.1329418849318763 0
790 0.6718439547301834 0.1443478601746453 0
791 0.4160932096527681 0.0907734073862223 0
792 0.5817961055116312 0.2280195460809055 0
793 0.5822028726977371 0.2166938776222832 0
794 0.5725824893056589 0.2107009184729397 0
795 0.445293189022824 0.108823919870728 0
796 0.6743992461972822 0.06442793130913599 0
797 0.3868996254520708 0.1647590041573614 0
798 0.5825882814054854 0.2053595877408127 0
799 0.5729536741487914 0.1993613716392932 0
800 0.5829697720104829 0.1940162096999222 0
801 0.5733270818409147 0.1880134035738548 0
802 0.6747602228106079 0.05299385102097898 0
803 0.2799997467393632 0.1772761336466954 0
804 0.280379703010901 0.1658296284961253 0
805 0.3087851366801182 0.2068640630216364 0
806 0.1818980515589755 0.06070196094959185 0
807 0.6153397185221102 0.05113286719072535 0
808 0.6052552048441655 0.05654630245335168 0
809 0.6549616219029 0.05237341541420443 0
810 0.2009966344129424 0.0842613549236898 0
811 0.4073967638893259 0.05040828831542588 0
812 0.2219610326068158 0.05053704929160596 0
813 0.3670351021452688 0.07210872657490963 0
814 0.3572904240076366 0.06608313540010985 0
815 0.3576354228030311 0.0546293300702424 0
816 0.3475424516209565 0.06005741930882674 0
817 0.6049013828163988 0.06798486661571002 0
818 0.5951717157791279 0.06195947308606031 0
819 0.5955243605617668 0.05052042820006675 0
820 0.5854601429390287 0.05593488176984784 0
821 0.633734917002939 0.09746895768034208 0
822 0.5813763484067169 0.2393367742532155 0
823 0.2702762279469515 0.1712240233875086 0
824 0.2706562536830316 0.1597761725327741 0
825 0.583351131045216 0.1826641438323006 0
826 0.5737053593242588 0.1766592722940539 0
827 0.5636804866710103 0.1820133933322802 0
828 0.5640553944978919 0.1706520936427054 0
829 0.5540260155443899 0.1760095266936608 0
830 0.5543626191120918 0.164705246087502 0
831 0.5443608961232721 0.1700135533366373 0
832 0.5446965832055225 0.1587054112795031 0
833 0.534695767743548 0.1640116041264844 0
834 0.5350700246780917 0.1526318856500236 0
835 0.5250328471953346 0.1579909051520859 0
836 0.3478874301307769 0.0486014240082373 0
837 0.3377929183453381 0.05403062069944353 0
838 0.182068774103698 0.04957076581915382 0
839 0.1721278033683067 0.05470425891733566 0
840 0.6844856629781902 0.05902043181837185 0
841 0.6841245997030119 0.07045713563051614 0
842 0.2904832137934245 0.1604364886121259 0
843 0.6254275826459315 0.04571944400064282 0
844 0.5915968949906026 0.2227019966492874 0
845 0.6842410113784535 0.3606858992999407 0
846 0.6838448164926721 0.3719931261393136 0
847 0.6819060653126613 0.1389586840166708 0
848 0.6815497017543121 0.1503683525148395 0
849 0.6822899146412605 0.1275596341650549 0
850 0.3865245738609328 0.08415492531113233 0
851 0.2797331467803287 0.188564805569863 0
852 0.684855314978365 0.04760296718092932 0
853 0.3374482965145569 0.06548742347695025 0
854 0.3276984999658926 0.05946072205212322 0
855 0.3280430495059227 0.04800346291468416 0
856 0.3180686610738606 0.0532381801839022 0
857 0.5296107101445132 0.3446385412984558 0
858 0.6854216289936144 0.3267737531028866 0
859 0.6858100129501861 0.3154387687360717 0
860 0.6233840504175294 0.4149953369050449 0
861 0.4174890451410321 0.04498369088650295 0
862 0.4352206727461637 0.1142397724492232 0
863 0.5992938967467205 0.2850496146556338 0
864 0.5996713334535261 0.2737735022017823 0
865 0.3569455746853354 0.07753547922486081 0
866 0.52540848867646 0.1466023345360549 0
867 0.5153631127542011 0.1519669082455604 0
868 0.1913963832762431 0.0423254356394745 0
869 0.3684312273143509 0.1976272384018542 0
870 0.3782477149273854 0.2034849048851821 0
871 0.2320727963712064 0.04513158874183043 0
872 0.3097799406639601 0.1727717338289426 0
873 0.4949938284646078 0.1046060829711613 0
874 0.4849258636150395 0.1100179467563361 0
875 0.4946424222540955 0.1160282984931196 0
876 0.4845775035935607 0.1214350612744916 0
877 0.6554779157891514 0.3428377990724909 0
878 0.2605514210165485 0.1651712835252394 0
879 0.2607883339503049 0.1539525844128969 0
880 0.2702396647560615 0.1489521836485042 0
881 0.4162268100186765 0.2504372004363166 0
882 0.4166017090720132 0.239052260237256 0
883 0.4262741239259305 0.245071399967971 0
884 0.426654538680716 0.2336864883595219 0
885 0.4363118995142437 0.2397447875631585 0
886 0.4169854990557536 0.2276640802769209 0
887 0.4270378156777104 0.2222983460390717 0
888 0.4173652315493946 0.2162732787481317 0
889 0.3580997049849486 0.191947197027409 0
890 0.3379621409564441 0.1460177148869545 0
891 0.2807312344368346 0.07539880447466452 0
892 0.4735170558799398 0.2978563747584556 0
893 0.4738950107553211 0.286565763235362 0
894 0.4834919897312885 0.2925203040275661 0
895 0.4838656955075746 0.2812443280212136 0
896 0.4742695943760953 0.275271367138426 0
897 0.4842502234650297 0.2699485164221019 0
898 0.4746438529765694 0.2639666138334085 0
899 0.4934452272936927 0.2872236998208619 0
900 0.4846358735786485 0.2586407247442104 0
901 0.4750275503319273 0.252652672804427 0
902 0.4940100461580184 0.2647660585001342 0
903 0.5550664212301105 0.0835804084165126 0
904 0.3856895843787358 0.277943473299529 0
905 0.3853202318404521 0.2893458175975604 0
906 0.3756261639057168 0.2833216565350565 0
907 0.3752647136479097 0.2947289179263078 0
908 0.3849561664634197 0.3007515104534529 0
909 0.3655698537780039 0.2887343229523081 0
910 0.6684473427297785 0.2467446610638798 0
911 0.6781066943524756 0.2527518099156752 0
912 0.6784751782490083 0.2413764172026847 0
913 0.4432771103907606 0.3250987958004377 0
914 0.4429187806689159 0.3363878913363683 0
915 0.4333069132098397 0.3304328881600552 0
916 0.432963465219844 0.34173854817041 0
917 0.4425390139450822 0.347683875602839 0
918 0.4233623803785188 0.3357868218862062 0
919 0.4326265495932836 0.3530199650614974 0
920 0.4421739500519372 0.3589541606279161 0
921 0.4323084187249824 0.3642495749512598 0
922 0.4418245509874583 0.3701071074591848 0
923 0.4227164778208697 0.3583595407744005 0
924 0.4515929251032434 0.3648579178895094 0
925 0.451228303163184 0.3759618153587536 0
926 0.4610796931515537 0.3706772473286808 0
927 0.4606237107080024 0.3817418429040335 0
928 0.4704520983329339 0.3765239568853588 0
929 0.4699570215465419 0.3875416512302702 0
930 0.4796529739555015 0.382406310442263 0
931 0.4792532699742301 0.393353703782755 0
932 0.4889252857810595 0.3881940080681746 0
933 0.4602536665636514 0.3927179325511745 0
934 0.4415212417367215 0.3811695209159637 0
935 0.488559176346696 0.3991552549832574 0
936 0.4982212208799157 0.3939933356187001 0
937 0.5989057926216714 0.2963050345708526 0
938 0.6071270404047034 0.3358237402043209 0
939 0.4650266942228485 0.2579830026679601 0
940 0.5948368733501379 0.07339665832797915 0
941 0.6045479781107889 0.07941947983862307 0
942 0.607511283044108 0.3246283483356368 0
943 0.6170340836080974 0.3305543108279382 0
944 0.6174277662893887 0.3193505703309381 0
945 0.4654554395438001 0.2466019414122642 0
946 0.374955423001627 0.3060515934731243 0
947 0.3846030597792516 0.3121423292043425 0
948 0.5857947543243081 0.04449195639091641 0
949 0.5757299285104434 0.04990584998735093 0
950 0.357981408360994 0.04317262493708551 0
951 0.1722929797960199 0.04358163930149722 0
952 0.1623792166563613 0.04867127042935526 0
953 0.1626861962692566 0.03752803566484886 0
954 0.6204923663125264 0.2053976618307642 0
955 0.5446022075885065 0.1470518317065789 0
956 0.1815242315626228 0.07215887369093443 0
957 0.4450615522926473 0.1201085607044146 0
958 0.2508020086200885 0.1591561257841672 0
959 0.2511234990720724 0.1478010539733575 0
960 0.2695047604826761 0.1151579192242995 0
961 0.6156936739630526 0.03968856527789866 0
962 0.69384661777709 0.3666847802994475 0
963 0.6934487979135633 0.3780101716085467 0
964 0.2907150113612356 0.07019417128664102 0
965 0.2810356289476553 0.06405649494479404 0
966 0.3183119479110377 0.04194274013015109 0
967 0.3083399352564647 0.04717270627980585 0
968 0.675210049235296 0.04153985311323766 0
969 0.1526617978713493 0.04262166063809636 0
970 0.6878068634061851 0.2479258013960801 0
971 0.6896843045229922 0.2369076906727823 0
972 0.6877151991404417 0.258854611642633 0
973 0.5155383741483479 0.1404849171390366 0
974 0.5047671032193628 0.1454857364035106 0
975 0.4075650738106167 0.03924856936054089 0
976 0.2223345441039811 0.03907702241812172 0
977 0.6942376995389494 0.3553616352852236 0
978 0.6945732804557294 0.05361465954935529 0
979 0.6949429229813202 0.04219820557856868 0
980 0.5837330814305374 0.1713036044473762 0
981 0.5640565668462223 0.1592039718095878 0
982 0.6916118124851125 0.1449758476500186 0
983 0.6911460510476081 0.1563837132294679 0
984 0.6811599511180807 0.161775454989975 0
985 0.6907631490842334 0.1677947688487176 0
986 0.6807797515990692 0.1731749510019903 0
987 0.6904598691190746 0.1792051600887664 0
988 0.6804735733154069 0.1846047544714096 0
989 0.6901176332580943 0.1906164996155311 0
990 0.6834428730730023 0.3833139717454562 0
991 0.4748541096540432 0.1154316632576553 0
992 0.4745156602407808 0.1268446101146033 0
993 0.6800918980419075 0.1960084514729647 0
994 0.6897839787267689 0.2020221594017169 0
995 0.6513250842741879 0.1665050115347965 0
996 0.5484877456973541 0.3563380940077508 0
997 0.3946526048099032 0.3067709254663356 0
998 0.3942804314085788 0.3181531340248714 0
999 0.4272338640650638 0.05101274417943613 0
1000 0.4275830272234951 0.03955992082689214 0
1001 0.5536546047484601 0.1873709706087914 0
1002 0.5343358835845871 0.1753773346581209 0
1003 0.6269212595339304 0.3252693532575466 0
1004 0.4788867726639726 0.4042992601588815 0
1005 0.5149919517908371 0.1633553126843846 0
1006 0.5901000596852123 0.2678209767310407 0
1007 0.6000483704844872 0.2624850443818434 0
1008 0.6096443673463304 0.2684550226719024 0
1009 0.6099059128323641 0.2571476996084353 0
1010 0.5651308509004277 0.07818933711608711 0
1011 0.5554080998377053 0.07217049869719805 0
1012 0.5493192108183704 0.3227422163323648 0
1013 0.5399083840083571 0.316846214976516 0
1014 0.3482320059050147 0.03714277328138293 0
1015 0.3179963642933772 0.06470778655766624 0
1016 0.5758598241606414 0.03878599773010083 0
1017 0.5659385160467051 0.04393039745605054 0
1018 0.6088636566150016 0.2910124461613363 0
1019 0.4849366566246807 0.2474670806500893 0
1020 0.5931950755756455 0.1773088370721483 0
1021 0.4274190877390854 0.2109082575185873 0
1022 0.4370925869864675 0.2169342775041754 0
1023 0.4177424528788378 0.2048801758299485 0
1024 0.4075855279933693 0.2104336872875394 0
1025 0.3778868245025312 0.1926101733958936 0
1026 0.4978727665780518 0.4049509983593791 0
1027 0.5075307519491358 0.3997945743065475 0
1028 0.5926072456783031 0.2000206031671048 0
1029 0.2595481657157852 0.1203228481989164 0
1030 0.2497962275195325 0.1141584924557341 0
1031 0.2414119244130611 0.1525622343689062 0
1032 0.2413712369524854 0.1417878295503224 0
1033 0.3088334666564936 0.03639691735024009 0
1034 0.2985150224036073 0.04141452798190637 0
1035 0.3280109314187925 0.1511849337088566 0
1036 0.3182724276066685 0.1450371998330951 0
1037 0.3376110913888029 0.1574206431358259 0
1038 0.4223066182714581 0.3700939106152924 0
1039 0.6260024383221288 0.03378086104139111 0
1040 0.2317368127518916 0.1464246305072097 0
1041 0.2317534579005401 0.1355578044246949 0
1042 0.4126508538936605 0.3641398433795787 0
1043 0.2605500718587745 0.1762381237590222 0
1044 0.3842328385209988 0.3235544010800956 0
1045 0.3939161932220151 0.3295514507516267 0
1046 0.6949988124483353 0.3214289977876499 0
1047 0.6950681982749574 0.3096868217439567 0
1048 0.7005982620512302 0.1738180177814702 0
1049 0.4842269175096158 0.1328495919650242 0
1050 0.4741685006938399 0.1382548461385081 0
1051 0.4838749692168862 0.1442578547228419 0
1052 0.5861696956424605 0.03436770016729351 0
1053 0.5663183279489612 0.03243055051272736 0
1054 0.5562209944881387 0.03785836619157817 0
1055 0.2324472706041585 0.03367082578847946 0
1056 0.2421856393969833 0.03972614998266011 0
1057 0.1620452667706854 0.06006605465454218 0
1058 0.5257574172640835 0.1351920624812866 0
1059 0.4354506868641564 0.1256284773568775 0
1060 0.4252483884488798 0.1196473768070907 0
1061 0.489427145477394 0.3770589303901943 0
1062 0.4616365639618298 0.3594407022278917 0
1063 0.6974116698628091 0.2540423277862009 0
1064 0.6973630130041161 0.2648998735461894 0
1065 0.1521918111102685 0.03024244587868408 0
1066 0.1425192629999216 0.03681955733159326 0
1067 0.3184247214102081 0.03165216545109062 0
1068 0.5078932038381641 0.3888361772426961 0
1069 0.5174413818916056 0.3945323484150193 0
1070 0.5168663593065996 0.4055724442105321 0
1071 0.5268103091045082 0.4003847906431588 0
1072 0.493080812507416 0.2984798486216624 0
1073 0.5030149194489377 0.2931939616635273 0
1074 0.5026427711716523 0.3044479701447799 0
1075 0.5125722780908972 0.2991521150068456 0
1076 0.5129558541195104 0.2878988762344779 0
1077 0.512137345475602 0.3102934888917409 0
1078 0.6797588101281296 0.2074146512956574 0
1079 0.4359199481792183 0.2511778821768853 0
1080 0.4644605353523796 0.1322511188843468 0
1081 0.4641139358558551 0.1436600236453685 0
1082 0.4043424714964681 0.3127365595543503 0
1083 0.388062655683008 0.1984517536137424 0
1084 0.4553698024039591 0.1034105133381714 0
1085 0.693053656335053 0.3893250704676334 0
1086 0.3962636356819966 0.09017755208549239 0
1087 0.3861801018848759 0.09559969613023461 0
1088 0.3959153793993309 0.1016208545754182 0
1089 0.3858342284088276 0.107041023079725 0
1090 0.5559047687866051 0.04931419523884634 0
1091 0.5461397942442159 0.04327097901268823 0
1092 0.5464847909242314 0.03182049364791251 0
1093 0.5363929993672251 0.03724253314870241 0
1094 0.5360451841083863 0.04868858765403489 0
1095 0.52630174014995 0.04266467999827889 0
1096 0.5367427766566139 0.02578858352203489 0
1097 0.6451651382872572 0.3594181501886946 0
1098 0.6703658497980113 0.1899579647623758 0
1099 0.3668015600660757 0.08338363362722057 0
1100 0.3572326474776049 0.08886000418165624 0
1101 0.2107303232541466 0.09031259427386745 0
1102 0.2006235615465586 0.0957164407806752 0
1103 0.2103562940861171 0.1017672635493932 0
1104 0.2002499585558338 0.1071704939715523 0
1105 0.2099824459882672 0.1132209854276484 0
1106 0.190517423904155 0.1011202270572817 0
1107 0.2200885185199948 0.107818109452269 0
1108 0.6243542975866223 0.08003082864909217 0
1109 0.3469628361033624 0.08294133957969685 0
1110 0.5259489858610163 0.05410724704099401 0
1111 0.5162104361649346 0.0480865938553659 0
1112 0.5165595204239676 0.03663692903979854 0
1113 0.5064671670727122 0.04206118764684313 0
1114 0.5069165520434069 0.03079548697363665 0
1115 0.4967378595411992 0.03606486573061046 0
1116 0.5945085931618804 0.08484050907390916 0
1117 0.6873859948677914 0.2701537858479663 0
1118 0.6970489784244169 0.2761777563009437 0
1119 0.6869861254829753 0.2814864408618558 0
1120 0.5061165542771917 0.05350490131523433 0
1121 0.3875649550472475 0.04980365869610937 0
1122 0.3778205433658454 0.04377434066469321 0
1123 0.5402692713376851 0.3056308583299622 0
1124 0.3375525404644906 0.2364194933404038 0
1125 0.3371768227308861 0.2478520765301397 0
1126 0.3274618520387235 0.2418098001841848 0
1127 0.3270856804580892 0.2532448916273852 0
1128 0.3368034157732265 0.259287111678243 0
1129 0.3173678612501412 0.2472004962389935 0
1130 0.3261889913591655 0.264654224317996 0
1131 0.3358697970127569 0.2708453197523327 0
1132 0.3464216567023192 0.2653422550657898 0
1133 0.6233386256482035 0.1142827944654756 0
1134 0.6196293385369857 0.2631326481349482 0
1135 0.387913851586497 0.03834720111204459 0
1136 0.3783143626458689 0.03259038983902207 0
1137 0.3177458486260898 0.2357656177824606 0
1138 0.3077408818172703 0.2410052777259698 0
1139 0.5315754072980396 0.2659355344853954 0
1140 0.5220449210222035 0.2598593719044053 0
1141 0.4373246376449306 0.04558978745584202 0
1142 0.4376785769273941 0.03413489352925542 0
1143 0.447420473104289 0.04016538815622039 0
1144 0.635552732079934 0.0402245382976732 0
1145 0.3080440695772707 0.2296941994213395 0
1146 0.6638762717599279 0.3825491442481626 0
1147 0.6520830107640209 0.1437292308936161 0
1148 0.5629478997933004 0.2047078416206201 0
1149 0.3460338768900114 0.2767646024133144 0
1150 0.5677325728502479 0.3569061850165434 0
1151 0.365933414964326 0.2773202888598875 0
1152 0.5980062793172667 0.3187129505895816 0
1153 0.6272145462766678 0.3140123622688761 0
1154 0.3879163834459441 0.2095702128998685 0
1155 0.6949637721160863 0.3327742031274905 0
1156 0.6860500947650134 0.3040523035752082 0
1157 0.6966866104455961 0.2875316775532906 0
1158 0.6790525315016711 0.2301934889223242 0
1159 0.4131109903298528 0.3524140867419576 0
1160 0.6893564986654264 0.2133465734751351 0
1161 0.6265609714933708 0.3364915618259826 0
1162 0.6042269068656712 0.09086218825975767 0
1163 0.42369257352684 0.3244678480138822 0
1164 0.6004146827344162 0.2511765058966511 0
1165 0.6363919079592771 0.331137729180474 0
1166 0.5356904888679404 0.06014040093684259 0
1167 0.5261984397177796 0.411317459931236 0
1168 0.5358623408892281 0.4062914406686309 0
1169 0.6103305635928709 0.245835749415704 0
1170 0.7037073466836676 0.3613626291953391 0
1171 0.6998722754593693 0.1966339111322168 0
1172 0.3585937811491521 0.03001024635423949 0
1173 0.5155222646609128 0.1289630752352645 0
1174 0.3839833424488909 0.3347798821780904 0
1175 0.3940043874744362 0.3403957443381329 0
1176 0.5935429654621143 0.1659390340473182 0
1177 0.583758078426669 0.1597742326720179 0
1178 0.6191282480437977 0.2744319330479553 0
1179 0.4159900291850942 0.1828057785824396 0
1180 0.1732403463695561 0.03129294476174044 0
1181 0.5225125809998785 0.2938624150167007 0
1182 0.2227084251601265 0.02761551572844001 0
1183 0.2125963000946817 0.03302265317719055 0
1184 0.7039385508858699 0.326932169691056 0
1185 0.4546678452864201 0.1376487687804966 0
1186 0.2691152343923207 0.1264938003386448 0
1187 0.2998016369316117 0.02900230929134928 0
1188 0.2888693015634762 0.03520321423608475 0
1189 0.4266619973074835 0.02771329823626956 0
1190 0.3764297262665809 0.100923952765073 0
1191 0.4265739406972547 0.1432774461445516 0
1192 0.3001521775694622 0.07626248971080707 0
1193 0.3838887114076873 0.3466741615986804 0
1194 0.3956687740634258 0.1128968070264407 0
1195 0.4056784361658114 0.1076079121854557 0
1196 0.4054522730759585 0.1188752129661346 0
1197 0.3484884901311677 0.1064476055909239 0
1198 0.516854360124075 0.4159761423300274 0
1199 0.518256815208867 0.3834273059221847 0
1200 0.2216458552343638 0.1409541149437158 0
1201 0.4369014063850401 0.2053719714909837 0
1202 0.4464769123499819 0.2113668524267447 0
1203 0.4466466955940867 0.2229166468371476 0
1204 0.4561070752289196 0.2173735492130143 0
1205 0.653245699860537 0.4006888521379287 0
1206 0.683419400583792 0.394049670936846 0
1207 0.6160478586736432 0.02824035433806638 0
1208 0.406501521110619 0.1883073511491994 0
1209 0.3969150214368445 0.1823315854763107 0
1210 0.3479180630465221 0.02724544365464493 0
1211 0.3282538349779648 0.1626728621445149 0
1212 0.6361841785137171 0.02861614799924017 0
1213 0.6456692724894473 0.03483858628292036 0
1214 0.5351814551891647 0.4166078930334816 0
1215 0.5450144626475604 0.4119450747187527 0
1216 0.5457909425254392 0.4011367780256546 0
1217 0.5548128573149289 0.4069798852517325 0
1218 0.5541090713390818 0.4174539815015763 0
1219 0.5639905075570523 0.4126782872726195 0
1220 0.5648218445345334 0.4018431619389165 0
1221 0.5737450845292635 0.4076248832303489 0
1222 0.2197146817411954 0.1192715816012194 0
1223 0.2095668066582158 0.124595935798119 0
1224 0.401748872386263 0.3573615061812921 0
1225 0.239732410214578 0.162073942029294 0
1226 0.4562393132885716 0.2289743429035901 0
1227 0.4657474733324255 0.2233916798903772 0
1228 0.3379325319946581 0.168954192938256 0
1229 0.3474284196501761 0.1635051447717437 0
1230 0.3476271911058225 0.1749736427332632 0
1231 0.357022519684407 0.1695406673789113 0
1232 0.6610085904588653 0.1725130219152149 0
1233 0.4046989058473531 0.3013709986358054 0
1234 0.4136955025989639 0.3299092268206896 0
1235 0.5048116839196559 0.1108032216776036 0
1236 0.7011733525841377 0.1514848411116754 0
1237 0.701522038195616 0.1398189700432424 0
1238 0.2298204816757502 0.1138687339970726 0
1239 0.2792322900338278 0.1211868657351802 0
1240 0.6613844711796135 0.1611247379637132 0
1241 0.2709880878490006 0.06936659546685042 0
1242 0.2713714868714115 0.05789146785218535 0
1243 0.3369347173775721 0.03013367510563053 0
1244 0.5223476420664243 0.2486602623757584 0
1245 0.5123673935436915 0.2540111242137056 0
1246 0.5125374536200724 0.2653092169317124 0
1247 0.4369661099605358 0.05704385704061782 0
1248 0.5453480818291884 0.07756875605785185 0
1249 0.6061633360054582 0.03404153051314163 0
1250 0.5395003064384516 0.3280268362014229 0
1251 0.548996096002672 0.3339321073100389 0
1252 0.5302874352157607 0.3221408011162041 0
1253 0.2791135221599759 0.132598203561098 0
1254 0.5706313448958711 0.2672033696553629 0
1255 0.571015140548972 0.2559262539789826 0
1256 0.4977451417913744 0.02560084985277405 0
1257 0.4871853015287196 0.03035906890101092 0
1258 0.704087025618586 0.3386875709259772 0
1259 0.5654194665209719 0.0667838012672019 0
1260 0.574822114819618 0.08422915847473467 0
1261 0.4553986537138145 0.2519910849111661 0
1262 0.4550403554966435 0.26332592691648 0
1263 0.5733971837435984 0.4182629466142475 0
1264 0.5829082500304993 0.4131319265345847 0
1265 0.5834396458842359 0.4024525750118517 0
1266 0.592619834743272 0.4079944029590559 0
1267 0.583385133175668 0.4249198186119 0
1268 0.5936500020662963 0.3973630314702581 0
1269 0.602676509981059 0.4032416406499561 0
1270 0.6019915032715187 0.4158136573557069 0
1271 0.486752337673812 0.04154543986150544 0
1272 0.4769859802763089 0.03549410686837784 0
1273 0.6008037227235838 0.239902549272559 0
1274 0.6105545527361774 0.2343455516940579 0
1275 0.6084103097092005 0.302252123870387 0
1276 0.6183175298123993 0.2969855246191723 0
1277 0.636015423665944 0.3423840296811713 0
1278 0.4547081997635211 0.1495348571873401 0
1279 0.4475789331532015 0.02902574411663533 0
1280 0.4574310874354861 0.03485108875583742 0
1281 0.5223581134319941 0.2823461654810264 0
1282 0.628945985886405 0.2687497156140038 0
1283 0.3765000379636728 0.112868809957952 0
1284 0.2427689367040586 0.02865410112221523 0
1285 0.2523339087787497 0.03438512539109917 0
1286 0.2519270580097036 0.04579175123586543 0
1287 0.2616286391957461 0.04058336351545189 0
1288 0.2617864782300166 0.02859686249657445 0
1289 0.1426922796022554 0.04771151436277177 0
1290 0.1328421316752845 0.04189842832622864 0
1291 0.1332245224629681 0.0319991286357264 0
1292 0.7042046244298441 0.04819375783786356 0
1293 0.7042015225817542 0.05960059744101415 0
1294 0.7050148201617618 0.03676674985966161 0
1295 0.6953848345362528 0.03080211096845642 0
1296 0.2995059602395938 0.06455125998565603 0
1297 0.2892134094686264 0.0472765577136296 0
1298 0.3360578460897185 0.2821616030113289 0
1299 0.3457573429006936 0.2881869724419532 0
1300 0.3360388095472041 0.2933443315286378 0
1301 0.6109525433460398 0.199811112082587 0
1302 0.6106114781133283 0.2112357487489737 0
1303 0.6115251314703672 0.1885217406563982 0
1304 0.6201699555258461 0.216813674551269 0
1305 0.6026715961347585 0.1714617166577164 0
1306 0.2983094693763615 0.2344914466587406 0
1307 0.2983752523778161 0.2235642028789509 0
1308 0.2881249350652718 0.2287488368811462 0
1309 0.2889327742046881 0.2178779758174623 0
1310 0.30727091905903 0.2525968240754519 0
1311 0.7027663345786528 0.3840135862047888 0
1312 0.7026747510080528 0.3950361700112219 0
1313 0.4569102795077605 0.02167783450879257 0
1314 0.1903945833587316 0.1121707091167709 0
1315 0.3882639473354438 0.02688785032983776 0
1316 0.3772007544793634 0.02072135132604153 0
1317 0.2597526943518211 0.1317087233016001 0
1318 0.2408307100801881 0.1305022090126281 0
1319 0.706727207537171 0.2821699401662967 0
1320 0.7042132306277179 0.02478753478739937 0
1321 0.4775239804751636 0.02494890902520053 0
1322 0.7053469482493019 0.2932116713756303 0
1323 0.7074850557250528 0.2594106271638044 0
1324 0.7134495869947498 0.05503881557251972 0
1325 0.2795016992579603 0.04118363810467679 0
1326 0.2801326528714344 0.02895318778279982 0
1327 0.3764556176883875 0.3287486900156084 0
1328 0.7131183015255136 0.3326299017391511 0
1329 0.1811097442631185 0.1064778709267464 0
1330 0.1813779074192963 0.09507751258018893 0
1331 0.5171028295372302 0.02512036439932636 0
1332 0.4027336775525175 0.3694787215859496 0
1333 0.3456403582362979 0.2990639816016626 0
1334 0.680564188928945 0.4107865156198039 0
1335 0.7052639519156543 0.4156044100751822 0
1336 0.6055962362712852 0.02178297752031039 0
1337 0.6119911802637308 0.4370254784908688 0
1338 0.6074142505606633 0.4271534907534024 0
1339 0.5047166776109862 0.1223652115331926 0
1340 0.4942688978525723 0.1390503573096085 0
1341 0.4941655930907753 0.1505748894912662 0
1342 0.4837027038488392 0.1555885971492327 0
1343 0.4939922115470839 0.1619196601332591 0
1344 0.6587043830970143 0.4114462574914799 0
1345 0.6460504238188932 0.02351028632648094 0
1346 0.6557302259390092 0.02947952550717153 0
1347 0.6560755722441369 0.0180242830943888 0
1348 0.6661129102741012 0.02368579651471581 0
1349 0.6764544577450343 0.01894879894912688 0
1350 0.6209608089537745 0.4274459154916658 0
1351 0.6122407473008138 0.4091050819514532 0
1352 0.6129900046754647 0.3981333450095032 0
1353 0.7068555815350805 0.247782949027969 0
1354 0.5954403583258283 0.4263171947341612 0
1355 0.2218408574851034 0.1530306065902998 0
1356 0.7113503801638805 0.1472646592334968 0
1357 0.5934004478200003 0.1540565949676869 0
1358 0.5252814889626479 0.1233284170196448 0
1359 0.5351865445185966 0.1293736728875073 0
1360 0.1807808978778681 0.1195526618078904 0
1361 0.4843063777940082 0.1673230903771342 0
1362 0.5048513428516799 0.1339656440178655 0
1363 0.610425505313866 0.2225704827813045 0
1364 0.4364422895140987 0.1375873408485998 0
1365 0.4259581853491918 0.131548121962377 0
1366 0.4645528311751844 0.1554106245797044 0
1367 0.2129237883745408 0.02170616965571848 0
1368 0.2031483163700852 0.02751260055769317 0
1369 0.2224909969366444 0.01635788694540397 0
1370 0.3583756747006884 0.1007115730372634 0
1371 0.5086584340135116 0.3775819829472827 0
1372 0.3477704702442985 0.09478068840008536 0
1373 0.3377849280652221 0.08894461416766652 0
1374 0.5476224872822988 0.01901904168750757 0
1375 0.536577958082149 0.01368797411906875 0
1376 0.675776418909892 0.03003069381039569 0
1377 0.4657917575037095 0.2351002520578643 0
1378 0.4751822229008237 0.2296802557777596 0
1379 0.4558620965957374 0.2404949445718028 0
1380 0.529900981056955 0.3334865257567595 0
1381 0.5021828717083989 0.3156915077300654 0
1382 0.4037730302137904 0.3353049731478422 0
1383 0.5456264679668916 0.06615189385337983 0
1384 0.5150203811552715 0.1172295977678549 0
1385 0.5114479798864799 0.3216028886631477 0
1386 0.4320335462686877 0.3754663742998702 0
1387 0.4318266174860795 0.3864346989989197 0
1388 0.4411893427419354 0.3921430507767086 0
1389 0.4317885869719795 0.3969964187995443 0
1390 0.441093599942437 0.4026418816318196 0
1391 0.4222302159228447 0.3916957808827256 0
1392 0.4313844389637829 0.4078452931816756 0
1393 0.4505413124543702 0.3978240599125368 0
1394 0.4503884223205566 0.408343591777535 0
1395 0.6933799322569811 0.3995416096191682 0
1396 0.6230481886442231 0.4037443517824469 0
1397 0.6231910984802085 0.3926099923233732 0
1398 0.6606573567842823 0.1839121600187218 0
1399 0.4508929295613108 0.3869263704031951 0
1400 0.5127763346327268 0.2765741860656747 0
1401 0.4695947455905429 0.3985046679940574 0
1402 0.4691893566443495 0.40940349538082 0
1403 0.4782752121808669 0.4147564187995044 0
1404 0.4598712930676017 0.4035523831794731 0
1405 0.4592913486247284 0.4138474470367017 0
1406 0.4508278044908991 0.4181588567403588 0
1407 0.3932085358246276 0.3753997458573364 0
1408 0.4115857223402754 0.3776526609785122 0
1409 0.4126219525791864 0.388315756179791 0
1410 0.5286427497583389 0.3778902299415312 0
1411 0.5281421154860575 0.3889614427305091 0
1412 0.5189450187934677 0.3723172987276262 0
1413 0.4995802014065819 0.3709393957191182 0
1414 0.4548713659182594 0.1260878861272214 0
1415 0.5072650886392279 0.4106067688168606 0
1416 0.4976346249190219 0.415444990278448 0
1417 0.4881552245983737 0.409943374850956 0
1418 0.4874661118525436 0.4213891502671152 0
1419 0.5664263512057279 0.3903219787956405 0
1420 0.5961357753444412 0.3745965870310278 0
1421 0.5955135949421663 0.3858618660175016 0
1422 0.5859508299124315 0.3800090942578394 0
1423 0.5466838004396778 0.3900208095304702 0
1424 0.4524798870668374 0.3423272598279836 0
1425 0.3555329077101899 0.294082514752514 0
1426 0.3553520316106953 0.3044500630236304 0
1427 0.5588379085754984 0.3286540785823239 0
1428 0.5585060794414705 0.3398510581049756 0
1429 0.5487842597234773 0.3451793480509772 0
1430 0.4624302542791564 0.336974642353653 0
1431 0.4621016156016318 0.3482175977889181 0
1432 0.47197004486011 0.3428705622783842 0
1433 0.4716294204199667 0.3540463755279914 0
1434 0.4811639151628189 0.359849304680731 0
1435 0.4710056724810448 0.3653580024316522 0
1436 0.4908842950194384 0.3546056286326605 0
1437 0.4156768079616176 0.1253853404771061 0
1438 0.6707225414839043 0.1785507183245665 0
1439 0.660309614350575 0.195314473853999 0
1440 0.6700169615016234 0.2013626914820139 0
1441 0.6696307644044814 0.2127438747822692 0
1442 0.4155519968699527 0.1136583690012151 0
1443 0.4063016227302714 0.1310167741462592 0
1444 0.5680543308295004 0.3457527636375574 0
1445 0.4926662394861678 0.3097037072462268 0
1446 0.4826955127766096 0.3149657926453937 0
1447 0.7217364895453973 0.2810592526915918 0
1448 0.4143895891821227 0.3072902406299419 0
1449 0.7215607957770785 0.258157744883472 0
1450 0.7120870792375178 0.2370137121064156 0
1451 0.7011374840383069 0.2375844014093996 0
1452 0.7057132602158369 0.2280814539832595 0
1453 0.7171136492944189 0.2273600908019021 0
1454 0.7107121263828279 0.2170699438598787 0
1455 0.7104834733280712 0.205491025014712 0
1456 0.3786689426147301 0.3577715111872368 0
1457 0.7212253576107477 0.3033715648607808 0
1458 0.7122494062606761 0.3090880833870704 0
1459 0.6142705931274894 0.08544350763736164 0
1460 0.613940555609317 0.0968716108195537 0
1461 0.6735260759149783 0.3884611100346776 0
1462 0.6240133803585333 0.09145540270177843 0
1463 0.720454539577704 0.1999566542911758 0
1464 0.3712230676581826 0.3491578206908468 0
1465 0.3950159985374329 0.2953686323458384 0
1466 0.6558365294969544 0.3315197452046552 0
1467 0.4258910034191881 0.256467291830448 0
1468 0.4355033667353831 0.2625600104233707 0
1469 0.4158349718192063 0.2618326237383185 0
1470 0.3574106975508777 0.1581064177917121 0
1471 0.3671102189600098 0.164138014107618 0
1472 0.3669610100189469 0.1754951671787098 0
1473 0.3768255342912952 0.1700835393288906 0
1474 0.3577554244786874 0.1466728580085234 0
1475 0.3978706584891779 0.2044045041251796 0
1476 0.6462560396462803 0.3256795262657682 0
1477 0.6466078777067709 0.3142630703406566 0
1478 0.4740594881439417 0.1495831510414624 0
1479 0.7029537270288425 0.01166456732849863 0
1480 0.4367138330280906 0.2283197353102512 0
1481 0.721198696842114 0.372043815608499 0
1482 0.7212411066536101 0.3607336114887451 0
1483 0.6941957207094885 0.0650413671246578 0
1484 0.6938498495475983 0.07648189525193883 0
1485 0.6837671209216621 0.08188697497662945 0
1486 0.6934923961032765 0.08791177405825945 0
1487 0.6834133731341457 0.09331710297590468 0
1488 0.6931348864589222 0.0993398912092579 0
1489 0.7032114325202988 0.09393617942983667 0
1490 0.6830599949783587 0.104740814212946 0
1491 0.6927764412591971 0.1107607053777596 0
1492 0.6733381437968096 0.09872030252960717 0
1493 0.6729843786816009 0.1101460234738517 0
1494 0.6632777756289286 0.1041317269683781 0
1495 0.6736893363151032 0.08728928645148781 0
1496 0.70354345946744 0.07101783401012796 0
1497 0.6301653402125978 0.2114031233568467 0
1498 0.6298332941688691 0.2227661039516579 0
1499 0.5831844859898916 0.1358838053792591 0
1500 0.5733444115000335 0.1415293424978291 0
1501 0.5634423483799215 0.1352388815471686 0
1502 0.5632511170413962 0.1468339295333398 0
1503 0.5830486737691616 0.1475026325943956 0
1504 0.56372680575197 0.1238567604093541 0
1505 0.5536802435880628 0.1292563613620475 0
1506 0.5540607916524656 0.1177633494355754 0
1507 0.6146287598326455 0.07400829963465927 0
1508 0.5439984947001262 0.1813732346851826 0
1509 0.5436523631120559 0.1927270056575135 0
1510 0.5533030236361922 0.1987152540012862 0
1511 0.5340232155274752 0.1867455588140519 0
1512 0.5243717952891824 0.180762757148081 0
1513 0.5246661855819691 0.169382339992061 0
1514 0.5147120199045476 0.1747645670136654 0
1515 0.5048897226193347 0.1686372764290706 0
1516 0.494294739617897 0.1274445664865798 0
1517 0.6777157134754132 0.2641310740053994 0
1518 0.5050829141193736 0.09922692014803208 0
1519 0.5149887278993126 0.1053885181028306 0
1520 0.2890052785672094 0.1272407807518026 0
1521 0.289230496265255 0.1387713774312541 0
1522 0.298804207974865 0.13330982882152 0
1523 0.2989991164257765 0.1447630246279569 0
1524 0.3088103680481977 0.1278961496681484 0
1525 0.6423811226059459 0.1377107654057337 0
1526 0.6420129584178222 0.1491082349735079 0
1527 0.5220365304910541 0.3050735051747366 0
1528 0.3778768848168467 0.2148929291977351 0
1529 0.3875683617149676 0.2209496066499591 0
1530 0.3678026139303692 0.2202642472576979 0
1531 0.3468732867572292 0.2538930347596582 0
1532 0.4557217815968864 0.09197984289765238 0
1533 0.4654542301090202 0.09800252875291765 0
1534 0.4650971918888994 0.1094321129468981 0
1535 0.4658038812797562 0.08656837537613943 0
1536 0.4050551771805352 0.2899688179533929 0
1537 0.4258343224926603 0.09679228866782497 0
1538 0.1054291821721701 0.009236025860590413 0
1539 0.1093570999781311 0.02038287327093158 0
1540 0.1217935989151271 0.01956768355934235 0
1541 0.1164586737544148 0.03018300522236728 0
1542 0.1282310117073845 0.00979465990948275 0
1543 0.406009955267189 0.09619054963502521 0
1544 0.4063530072374234 0.08475181436350449 0
1545 0.4963732268752168 0.04748812975173738 0
1546 0.4961181851884646 0.05895558023831371 0
1547 0.7031545331315251 0.08248666997415333 0
1548 0.7126740292205064 0.08937996655920766 0
1549 0.712925974368986 0.09996315003496398 0
1550 0.3864082221220346 0.1187106652472247 0
1551 0.6214949283751799 0.1827315396225268 0
1552 0.633181376044011 0.009935130440031859 0
1553 0.6266192350019681 0.02104561613320405 0
1554 0.1523212550147887 0.05398961749271847 0
1555 0.1419514721346433 0.05940454728509509 0
1556 0.152449784896204 0.06492830951405992 0
1557 0.1619656043889286 0.07129177976543921 0
1558 0.1718286771160146 0.06608109567697107 0
1559 0.171467175993666 0.07752176019090162 0
1560 0.1615327504990096 0.08421174782548341 0
1561 0.172465715641978 0.08936580977493003 0
1562 0.588958095442669 0.3016055054667133 0
1563 0.4571156564249227 0.04626122457037668 0
1564 0.6102334150024132 0.009935339040933633 0
1565 0.5952815261505628 0.01987382841871949 0
1566 0.5873096642816193 0.01235080588514248 0
1567 0.5786500620694637 0.01904042159859143 0
1568 0.5679364633491411 0.02044414801865757 0
1569 0.3768000279296131 0.07810273548788338 0
1570 0.279608675015854 0.109750927231378 0
1571 0.2208383440054811 0.0849087932283682 0
1572 0.6714873263769008 0.1557638491441886 0
1573 0.2301945415160335 0.1024154977775062 0
1574 0.2399112768844264 0.1083278153244732 0
1575 0.299104672349712 0.0529723811088661 0
1576 0.4755406841635268 0.09258179544293466 0
1577 0.3472173602324529 0.07150746344438097 0
1578 0.1513162539869936 0.009922658742236856 0
1579 0.146023258664596 0.01951052126756131 0
1580 0.1570509285704726 0.01987005229899691 0
1581 0.1628225803880637 0.00995538115254091 0
1582 0.1685209066640359 0.01987162333082609 0
1583 0.1799526077436974 0.02069085972536255 0
1584 0.1851796061160352 0.03110162386441073 0
1585 0.1932143568645263 0.02184726994180508 0
1586 0.1866805275898347 0.01075697308963419 0
1587 0.1912601817060212 0.07821003174644681 0
1588 0.2418110172124609 0.05118705671805202 0
1589 0.2403032730504516 0.09698720553232282 0
1590 0.2539367316273302 0.01121508605430638 0
1591 0.1814976346311695 0.08366675766406906 0
1592 0.2775190942454616 0.009935625989642149 0
1593 0.2714478541813684 0.02096452745755095 0
1594 0.2001618092181356 0.1181407325762972 0
1595 0.1985240119805148 0.1282709108700509 0
1596 0.2086892649463424 0.1363961326526776 0
1597 0.3004649857584794 0.009935650245205097 0
1598 0.3062035345545938 0.01905805987368059 0
1599 0.5058546413357052 0.009848976295975531 0
1600 0.4947913157275352 0.009288983720658339 0
1601 0.3233900138306921 0.009841137838996539 0
1602 0.3299130592575454 0.01947362795752461 0
1603 0.3466626793360071 0.009589053428376737 0
1604 0.3565782269517984 0.2599100595598326 0
1605 0.5158947191236074 0.05953667427911002 0
1606 0.4037324529307794 0.009865059709298518 0
1607 0.4099351829740535 0.01906427223761331 0
1608 0.3980737287130427 0.0207493422583559 0
1609 0.4726143788536119 0.009028007493195933 0
1610 0.4616030311425008 0.01001234610920393 0
1611 0.3558741882580544 0.3313641708272753 0
1612 0.3490625915299335 0.3230667143751974 0
1613 0.3603176899538865 0.3207603122444002 0
1614 0.3697278482318592 0.01001087688231111 0
1615 0.3645774760344638 0.01948513993899004 0
1616 0.4261646326743335 0.009690159330504322 0
1617 0.4382472702936291 0.01150265458539168 0
1618 0.3274217332732788 0.07088582233417901 0
1619 0.318392091986587 0.07684550966681053 0
1620 0.3281824022292787 0.08303178565175462 0
1621 0.4447340631907186 0.2798972436716882 0
1622 0.3357410548505349 0.3050997938993907 0
1623 0.3390679690416871 0.1906960839659814 0
1624 0.2500580066055976 0.1029739761142963 0
1625 0.1910012824681409 0.08967286475652159 0
1626 0.3121731439153504 0.2791124231493224 0
1627 0.324915406040136 0.2773837755966598 0
1628 0.2983530866098108 0.2597813942258421 0
1629 0.2895938650282595 0.2519908011735716 0
1630 0.2606465015011786 0.2174196129427719 0
1631 0.2714050595857991 0.2152391332238937 0
1632 0.2644901130440929 0.2066265883850116 0
1633 0.2758600847655747 0.2050310618649085 0
1634 0.2697988011971005 0.1951310196376843 0
1635 0.2572202068334504 0.1978845626161746 0
1636 0.2532822550985164 0.2086432658327697 0
1637 0.2493915593175893 0.1894967545307061 0
1638 0.2772540385442705 0.2349435547294723 0
1639 0.2204635279289125 0.09636366234602378 0
1640 0.2528094973716966 0.02349337157778597 0
1641 0.2384977736615544 0.1911797278314176 0
1642 0.242601120363305 0.1808663333228889 0
1643 0.2091139667867692 0.1559900329116996 0
1644 0.2284004247216546 0.1634090180292212 0
1645 0.2240688285419005 0.17357294583626 0
1646 0.2804572616627032 0.1547910618872731 0
1647 0.5851395463445187 0.06738242608027362 0
1648 0.2890319874223036 0.0238869605832126 0
1649 0.6291942812191669 0.2458037420063112 0
1650 0.2122242272604443 0.0444838497310861 0
1651 0.3000384135416367 0.1667551566212943 0
1652 0.3091950679316733 0.161708161407744 0
1653 0.3195594490935746 0.1787235151347682 0
1654 0.6740436770286713 0.07585891702318226 0
1655 0.427342434311209 0.1995304236648772 0
1656 0.1568605229021819 0.09511169616942788 0
1657 0.7208794957541279 0.1771428970750279 0
1658 0.7108747683073582 0.1825510474812796 0
1659 0.7208939375486981 0.1656552739991194 0
1660 0.7110209554938316 0.1586679426357486 0
1661 0.7028188519661579 0.1058453381725107 0
1662 0.7020226678782803 0.1178386871523655 0
1663 0.6920979544111656 0.1223533763615457 0
1664 0.211851926587639 0.05594306326292298 0
1665 0.2491628188945242 0.1708067290606745 0
1666 0.2893405927754802 0.1157992241400164 0
1667 0.1225758641238028 0.0496914031617251 0
1668 0.6166336880492875 0.3417516793568312 0
1669 0.7212392588735363 0.1198777984126134 0
1670 0.7115578146212668 0.1245090584641086 0
1671 0.2896466404648068 0.1942879227658403 0
1672 0.4268796859489022 0.06246363116768927 0
1673 0.3766238625668427 0.08935365072773527 0
1674 0.232809695403069 0.02229068276148405 0
1675 0.3487758324441411 0.1967489685204707 0
1676 0.2515454637578143 0.05724022218356944 0
1677 0.2701356563279458 0.1826876749284165 0
1678 0.2414303056548809 0.06264506157033556 0
1679 0.4945010685965891 0.2533431190351321 0
1680 0.494415718399242 0.2420500269655126 0
1681 0.5633081593426975 0.1933632180086465 0
1682 0.2706240832795255 0.08080442817793548 0
1683 0.1497843125528769 0.08619427112739675 0
1684 0.3196397390284395 0.09960345894538553 0
1685 0.5046949491702659 0.1569899638978419 0
1686 0.3378794562264105 0.04240984921026669 0
1687 0.637403783006857 0.297172202584112 0
1688 0.3000027910673964 0.08772650382592662 0
1689 0.7213920704270403 0.0273501840240678 0
1690 0.2991193798620806 0.2007313674685421 0
1691 0.3375029260696921 0.07713307477577142 0
1692 0.6639627898752272 0.08126178316120558 0
1693 0.3185041079183471 0.2129058202779424 0
1694 0.2019520333966268 0.04963813344239926 0
1695 0.3677279430465183 0.04920130376286208 0
1696 0.3771961526781839 0.1587168799256513 0
1697 0.6505922935605175 0.1892733253711304 0
1698 0.4157775752871795 0.1022082137820076 0
1699 0.4169064562222069 0.03442731358224838 0
1700 0.3185400039913196 0.1338805836976976 0
1701 0.5625841430247316 0.2160390585536982 0
1702 0.6669428959477649 0.2921307691646459 0
1703 0.6553531051352607 0.0409253036623749 0
1704 0.3973071590876143 0.05583174331554575 0
1705 0.6333919686417641 0.1088821219964116 0
1706 0.3774973425427214 0.2263130243530381 0
1707 0.3972584862649529 0.2269901222694198 0
1708 0.3968727248869908 0.2383816450114443 0
1709 0.493722679346748 0.2760827770126722 0
1710 0.3390831629224101 0.1117007080202109 0
1711 0.3763686513048168 0.2605372709887868 0
1712 0.3967187623103013 0.1708012947282774 0
1713 0.5266834677326087 0.03120174231516587 0
1714 0.6688379212074461 0.235424321896875 0
1715 0.3084156848837729 0.1393426975511763 0
1716 0.5775427573909702 0.3516252221320371 0
1717 0.6323276877516959 0.1430918778859858 0
1718 0.4260523926368961 0.1773594546813462 0
1719 0.3379289660448298 0.2249920192035115 0
1720 0.5744783383113372 0.09563735208677432 0
1721 0.4379185272065251 0.02302478975957833 0
1722 0.6351578815951233 0.05173664669377126 0
1723 0.5569418386678388 0.02642782230863755 0
1724 0.3171019429026878 0.258085707504935 0
1725 0.6340844689345427 0.08604669402104803 0
1726 0.2608925127581193 0.07475401454022923 0
1727 0.5433078480070977 0.2040706072143815 0
1728 0.6551152060938527 0.3540953923353571 0
1729 0.6056420288129052 0.0451686535984866 0
1730 0.4255331782023896 0.1082258599618675 0
1731 0.6769405976068126 0.2868003842317678 0
1732 0.3277421777731986 0.03704398396857728 0
1733 0.6035869276116484 0.1136736986606418 0
1734 0.3480440865173172 0.1406287619261853 0
1735 0.5450001914777033 0.08898722918552282 0
1736 0.202488731048846 0.03843120186394711 0
1737 0.44550706709952 0.1893495842628983 0
1738 0.6132876450600528 0.1196778379790596 0
1739 0.5035356997059826 0.2252377379565919 0
1740 0.5631457835756313 0.4245102990386141 0
1741 0.4647915450812603 0.2014715979231115 0
1742 0.4168096901706125 0.1488004589405302 0
1743 0.4841815035757818 0.2133583516273718 0
1744 0.4520267137145297 0.3536311528764535 0
1745 0.5841781459507092 0.1016615596141665 0
1746 0.3680751356133768 0.03774625486201438 0
1747 0.5141445572224683 0.1974337911946811 0
1748 0.3569624591878746 0.2484911464459236 0
1749 0.4677943755358681 0.4204362010100788 0
1750 0.5500574283609092 0.3003050560811025 0
1751 0.4946244773335102 0.1851919884005495 0
1752 0.5739280950125557 0.165310389095234 0
1753 0.397625432256109 0.04442648455484788 0
1754 0.5790073516801828 0.3068701686917216 0
1755 0.6448758721927152 0.05777684416701767 0
1756 0.6587956372607444 0.240756919070632 0
1757 0.6370426106073135 0.3085524599125288 0
1758 0.7071084177165223 0.2707903597879847 0
1759 0.4366086759022079 0.06849616718489465 0
1760 0.5406916855567494 0.2943897558047487 0
1761 0.2612686866997672 0.06329905825379589 0
1762 0.3477019767570509 0.1520585900868242 0
1763 0.3977413055097385 0.0331548041883728 0
1764 0.4340058630147222 0.3078777399672351 0
1765 0.5928850212610055 0.1886688942246105 0
1766 0.32783918861698 0.2303791318499113 0
1767 0.592111021723106 0.2113564127046658 0
1768 0.5350465071074051 0.1411154780488924 0
1769 0.5904604723826002 0.2565261693927848 0
1770 0.4646694189203149 0.269297544499175 0
1771 0.5272187627014144 0.01949013585019799 0
1772 0.5412746582354669 0.2717519654297967 0
1773 0.3860591467464465 0.2665520353260679 0
1774 0.6092358752226216 0.2797391287707764 0
1775 0.4550232602914175 0.1148290687152544 0
1776 0.5323003357312522 0.2433433848638102 0
1777 0.6676953650260971 0.2694592531365589 0
1778 0.5614498118175985 0.2499592315314986 0
1779 0.513182627891535 0.4319486182829423 0
1780 0.6352026112924826 0.364724589411933 0
1781 0.4648062858754605 0.1208440508013368 0
1782 0.2614564564009917 0.05207707076328588 0
1783 0.596123472387335 0.03975298288221973 0
1784 0.6761622230091384 0.3094402776670723 0
1785 0.6416461777722826 0.1604986858909271 0
1786 0.4069330696146526 0.233026778736288 0
1787 0.535283036564953 0.08297401390733433 0
1788 0.5526095596680936 0.2213800250171594 0
1789 0.5702398810650191 0.2784586862805178 0
1790 0.3181292810068022 0.224335167813218 0
1791 0.4466951779379392 0.06307478856506576 0
1792 0.5032135424818753 0.2820587069903616 0
1793 0.4254739698847232 0.2678732062441563 0
1794 0.3869196201013434 0.1761937430303539 0
1795 0.6236866879930911 0.1028734475358257 0
1796 0.6067226919686619 0.3469987151555478 0
1797 0.4643066055847347 0.280593930353438 0
1798 0.6850202783739847 0.338086826126704 0
1799 0.3729664543320511 0.3186908593419942 0
1800 0.4751903490004926 0.1040104026974453 0
1801 0.5881196041445845 0.3239945192390456 0
1802 0.5656974275924624 0.05535145614917214 0
1803 0.4543328708956044 0.2859080585253524 0
1804 0.6617736572145964 0.1497251803528487 0
1805 0.4470503961232632 0.05162084929019328 0
1806 0.6591523549128367 0.2294140271459635 0
1807 0.6846230178728129 0.3493868845376631 0
1808 0.6452533476971046 0.04632157456569741 0
1809 0.4987842485661045 0.3827673049976943 0
1810 0.6628720203281345 0.1155271190849406 0
1811 0.6136271846537351 0.1082806732018369 0
1812 0.5227055135176867 0.2373524042950398 0
1813 0.5714023337176728 0.2446473284855392 0
1814 0.5458168849997875 0.05470954975677444 0
1815 0.6725802219903846 0.1215416684945126 0
1816 0.3084225721709046 0.2182673457764344 0
1817 0.6826943410989118 0.116145646698801 0
1818 0.4436291741323093 0.3138190907244758 0
1819 0.673851647470981 0.3772624488832515 0
1820 0.7032435439615067 0.3726882049222864 0
1821 0.3760082339367263 0.2719290008264342 0
1822 0.4941224515611318 0.2305017541461052 0
1823 0.6710648178205852 0.1671447368516377 0
1824 0.2986975854650728 0.2122406212455193 0
1825 0.4668162517333978 0.05232856879895686 0
1826 0.6765291705910256 0.2981148416474105 0
1827 0.4221977808080313 0.3813622250531206 0
1828 0.4072971991397113 0.2216662557597274 0
1829 0.665062832045639 0.0469583041739508 0
1830 0.6917121972206687 0.1336505627183482 0
1831 0.6517042266037539 0.1551151802682349 0
1832 0.6599309334181965 0.2066954833267166 0
1833 0.6187033788572013 0.2857107713319559 0
1834 0.5364576110447468 0.4330043527513829 0
1835 0.5129756517186943 0.2425482618784599 0
1836 0.287710549710421 0.205738878491763 0
1837 0.446340371244217 0.2343314789547412 0
1838 0.6773407956748884 0.2754716753396786 0
1839 0.5529647454543656 0.2100549360398225 0
1840 0.5891794904025793 0.4355260453601141 0
1841 0.5256658428876853 0.06554586494030046 0
1842 0.5579481759489882 0.3621802899949371 0
1843 0.6538339506192566 0.3880785159559395 0
1844 0.535579917738797 0.07156366091794825 0
1845 0.3900206197682092 0.3569277780328208 0
1846 0.6655409235898664 0.03543657946364115 0
1847 0.501625893117795 0.326942886765452 0
1848 0.5058132400431071 0.06494560859600734 0
1849 0.3662953321393559 0.2659229277651453 0
1850 0.4147221015349413 0.2959515510215786 0
1851 0.3561878980144574 0.2713286240112919 0
1852 0.5801687158344624 0.2731519559386938 0
1853 0.4752123546926444 0.2413909382025688 0
1854 0.4731136017621649 0.3091001647460714 0
1855 0.5570586617438329 0.4344254539787391 0
1856 0.1056667494952642 0.03268475252715097 0
1857 0.3558358823762804 0.2827362209052116 0
1858 0.3976364791595707 0.2156250697452405 0
1859 0.4336752252524153 0.31915150681785 0
1860 0.6161936834897385 0.3529222504492393 0
1861 0.4230472741240817 0.3470866908274455 0
1862 0.3652391879431731 0.3001173081653132 0
1863 0.6039143749141885 0.1022732159256634 0
1864 0.5884906265217921 0.3128029642305776 0
1865 0.5984468938125194 0.3075254581890752 0
1866 0.5333707857109606 0.2094390787975124 0
1867 0.580546477756737 0.2618784094736111 0
1868 0.5942061978593809 0.0962650739602281 0
1869 0.6945249673621855 0.3440645429766354 0
1870 0.454702803290287 0.2746180874831171 0
1871 0.5432981812996189 0.4234700866122348 0
1872 0.5582521940818398 0.351034623135457 0
1873 0.6865597422478644 0.2927992564243445 0
1874 0.6633220747648568 0.393875953322772 0
1875 0.5845100921966643 0.09025677384713615 0
1876 0.403923632168852 0.3240829698206429 0
1877 0.6956918319346584 0.2982700454176808 0
1878 0.5337094151311348 0.1980949839156443 0
1879 0.4831310483526788 0.303745765448579 0
1880 0.4240439627605068 0.3132189389366609 0
1881 0.5848341527984734 0.07882301096723954 0
1882 0.445092467028212 0.2686118563674986 0
1883 0.626126523745917 0.3476477034501154 0
1884 0.7036585867568144 0.3500523517943789 0
1885 0.6994100800513884 0.2080341541616792 0
1886 0.4921570387667742 0.4313943126957492 0
1887 0.5751440446723519 0.07281242178910918 0
1888 0.6692562726312082 0.2240908432071842 0
1889 0.607944023761987 0.3134499532454738 0
1890 0.5809252220955723 0.2506253456339046 0
1891 0.6793276564909633 0.2187375033518282 0
1892 0.5240811046068238 0.1921094606197014 0
1893 0.4945155670977848 0.1734914752256483 0
1894 0.6889027134424702 0.2247116965326843 0
1895 0.5754448361211648 0.0613601914330506 0
1896 0.5556455192840707 0.0607468991604288 0
1897 0.6738909886650294 0.4005914342214218 0
1898 0.6385984359740789 0.2628419648617888 0
1899 0.635633239878208 0.3535438927128129 0
1900 0.5783885918768827 0.4353584836674793 0
1901 0.4134306436769269 0.3411985107083169 0
1902 0.5144394501612666 0.1861130763926696 0
1903 0.6290726143170501 0.2572981130515294 0
1904 0.5390613433340997 0.3504519003742093 0
1905 0.6853375673195846 0.03612733617276931 0
1906 0.5908745230493204 0.2452856725437263 0
1907 0.4454979292121309 0.2572958308278669 0
1908 0.5393088410573035 0.3392633366386718 0
1909 0.3811804796979671 0.009690467604374531 0
1910 0.5046160182531538 0.179936316938039 0
1911 0.6199770860356694 0.2283740450944453 0
1912 0.4458994942763315 0.2458845229205656 0
1913 0.5156802871385087 0.07095910234037184 0
1914 0.5912914010124206 0.2340095432837451 0
1915 0.6455936023075116 0.3482727678438492 0
1916 0.4140146219556256 0.3186176306293613 0
1917 0.6177893625278652 0.3081884175083488 0
1918 0.1353539708336998 0.06855252303152137 0
1919 0.4959346119290465 0.07043764147961495 0
1920 0.4862137573772116 0.0644328627623133 0
1921 0.6459285698108531 0.3369719328747348 0
1922 0.5076594596599742 0.4220828901720518 0
1923 0.4864957249605202 0.05293820604282212 0
1924 0.4767856765195598 0.04694542954762693 0
1925 0.685598542138306 0.02529115722035741 0
1926 0.7129849683615416 0.06647022160951277 0
1927 0.5202493402959272 0.3388332078634755 0
1928 0.467103829961268 0.04092257556919116 0
1929 0.7123381566668225 0.389455186040135 0
1930 0.7132313081375079 0.3996805527358647 0
1931 0.4802335624029007 0.3712728447310116 0
1932 0.700110303495972 0.1854541370838873 0
1933 0.6367390402883734 0.3198190835376417 0
1934 0.4673373065562604 0.02943704769197608 0
1935 0.42556617835547 0.1885810563017686 0
1936 0.403590358942317 0.3465135602073732 0
1937 0.490154380996963 0.3658544015125939 0
1938 0.4159459823969434 0.1939896749229853 0
1939 0.6009141812220384 0.2284748585931641 0
1940 0.5257684316376775 0.4208815308009885 0
1941 0.6123573146381502 0.1656221172323936 0
1942 0.6985729043423657 0.2199699661967509 0
1943 0.4204663073940685 0.01846257470618629 0
1944 0.6027603809093688 0.1477339407909545 0
1945 0.5735644904326731 0.1533590830337341 0
1946 0.3181730009384507 0.02078116090490256 0
1947 0.5002373756233748 0.3603167060542155 0
1948 0.3774403591920542 0.1816052423123126 0
1949 0.6939016579906713 0.01962401290886678 0
1950 0.710943757820729 0.1936997966724039 0
1951 0.3570808175857133 0.180785180687825 0
1952 0.5540931132866327 0.1527910695994463 0
1953 0.133697516664852 0.02091940347261911 0
1954 0.7110587616025981 0.1707184448996417 0
1955 0.6139167357982414 0.4193805717896842 0
1956 0.5538872316338687 0.1411688591300807 0
1957 0.2320507703790393 0.009691626841100032 0
1958 0.3088753394553336 0.1504484238637233 0
1959 0.6276019474339434 0.3027608907530123 0
1960 0.1983077273342366 0.01026127546836286 0
1961 0.5367102129833311 0.3952812203442492 0
1962 0.2691823878987969 0.1377857623806732 0
1963 0.2396368799658075 0.1194145821992644 0
1964 0.2291968834932667 0.1248549810935402 0
1965 0.2190893815952098 0.1302545419827473 0
1966 0.5442590288964719 0.1229588633540104 0
1967 0.5347755084277619 0.1174540424048624 0
1968 0.08310454183714888 0.008625048436857019 0
1969 0.6280150522398085 0.2914764611307522 0
1970 0.5559188622434079 0.3958005096358913 0
1971 0.5207129606155354 0.3274604433013489 0
1972 0.3637110950982683 0.3107944009610714 0
1973 0.6285643308697695 0.280060770943266 0
1974 0.7216529149143768 0.0167461271469892 0
1975 0.7009600886439399 0.1631446214177869 0
1976 0.5212569493000336 0.3162667338804357 0
1977 0.7222534868173962 0.3943377436092725 0
1978 0.6383272628927146 0.2744027682757662 0
1979 0.5748344001782295 0.396542504732886 0
1980 0.2789450620942187 0.2229817688373268 0
1981 0.53091944411577 0.311029276135436 0
1982 0.6196311387392915 0.2516157359865854 0
1983 0.5849673327507072 0.391203506419598 0
1984 0.619864581555873 0.2400393868672243 0
1985 0.5313467173215286 0.2997543257892794 0
1986 0.5316506671949348 0.2766870563125515 0
1987 0.5315962303857256 0.2883464616684127 0
1988 0.5221006042771403 0.2708532219529763 0
1989 0.4747315838154185 0.1729561801413102 0
1990 0.7213197625661926 0.3253868618747376 0
1991 0.4743870872776663 0.1613448576362176 0
1992 0.3417683407613799 0.01913843779823199 0
1993 0.6036176507300054 0.3924801369336603 0
1994 0.5032662831768815 0.2706954427079339 0
1995 0.2597949529530553 0.1869236651934184 0
1996 0.5642040041609488 0.009262051587290487 0
1997 0.7211087633166846 0.1422639010384585 0
1998 0.4553669532801786 0.1613052900572359 0
1999 0.1936836603568207 0.1390252571767523 0
2000 0.4458485433749731 0.1554975914289087 0
2001 0.6136042863498241 0.3872108029022144 0
2002 0.5033376428218477 0.2593817107470482 0
2003 0.4452642257768876 0.1313398568670471 0
2004 0.5035283349397157 0.2478759225972498 0
2005 0.5036066336392766 0.2363921174201075 0
2006 0.4847191321356273 0.2357973471268069 0
2007 0.7121131002827988 0.3202412444535759 0
2008 0.6009318147905104 0.2172232152832255 0
2009 0.7038846028183035 0.4050534879260629 0
2010 0.17139877998194 0.1115714682523511 0
2011 0.4163461591715188 0.1371361916769688 0
2012 0.2981098531124184 0.2456493629760758 0
2013 0.3161328840877022 0.2690092157217509 0
2014 0.601320304386018 0.2058529067409199 0
2015 0.3967648363159616 0.1363370671647569 0
2016 0.6017088638293305 0.1944980687432375 0
2017 0.4714294622933557 0.4302308747232913 0
2018 0.7140997888970693 0.4105216926915654 0
2019 0.6024452676676026 0.1828590382292837 0
2020 0.3962523622532404 0.1247240326439644 0
2021 0.2125547342290667 0.1462547198479863 0
2022 0.6120461139374161 0.1770702799755201 0
2023 0.3774129545090359 0.1248250448734078 0
2024 0.6027932304039265 0.1600137905301978 0
2025 0.3677955632552291 0.1187650593133661 0
2026 0.4690474520191337 0.01848812224139912 0
2027 0.1233249197245606 0.03793194231842123 0
2028 0.4885037430397176 0.0188983156258114 0
2029 0.3670735797207031 0.0945006939230274 0
2030 0.7017811032192295 0.1289680412597884 0
2031 0.3262609983726815 0.2968040265824449 0
2032 0.3386489714621424 0.1007174765736799 0
2033 0.544443627222152 0.1351541777481862 0
2034 0.3744836428053525 0.3392903380548471 0
2035 0.5077694658596508 0.0202791250312831 0
2036 0.3289385788237809 0.09491045931668041 0
2037 0.319170103013049 0.08874340111270629 0
2038 0.4208381160023654 0.4088405512684509 0
2039 0.4844643984268077 0.2240457927499105 0
2040 0.3094825145932677 0.08255936053298341 0
2041 0.474820305097247 0.2178484924248739 0
2042 0.4651658022054546 0.2118197381961574 0
2043 0.3086719851133407 0.05887245532395213 0
2044 0.4554863415862939 0.2056792431690857 0
2045 0.2901723772862586 0.05905832454571258 0
2046 0.4458083243191919 0.1996574392835455 0
2047 0.2804820703280357 0.05309307511019623 0
2048 0.4361486606530564 0.193877425725464 0
2049 0.2709046109231531 0.04712972094702117 0
2050 0.7120387051420975 0.1126871881118269 0
2051 0.234956496221385 0.172574036597976 0
2052 0.4073176255384791 0.1998161045412365 0
2053 0.7118896528654223 0.3784023822172458 0
2054 0.3976178663583947 0.1939899219425091 0
2055 0.6792763544356041 0.008797395245449202 0
2056 0.3876905691030132 0.1877383056553763 0
2057 0.4454950263405046 0.1436596725379984 0
2058 0.3676499905997576 0.1866783665006674 0
2059 0.3482906512759347 0.1863933823043101 0
2060 0.6636864917479806 0.4034661851497182 0
2061 0.3385752058413239 0.1804091557534223 0
2062 0.2997374286891744 0.1564068366509019 0
2063 0.328829749982548 0.1741566459782508 0
2064 0.3190417256407761 0.1675775902676143 0
2065 0.3186082211718682 0.156438195204258 0
2066 0.2603424133594469 0.1431674944381652 0
2067 0.3673604385741272 0.1069032505774164 0
2068 0.289957739712305 0.1502688979593486 0
2069 0.5282730472939268 0.009043062546628455 0
2070 0.2798594450262645 0.1439984729430628 0
2071 0.3090335156326048 0.0706331436296459 0
2072 0.2506003161283039 0.1365844698927574 0
2073 0.6160061081354731 0.01815988713401517 0
2074 0.2500274989602397 0.1254485541768167 0
2075 0.2709003224432798 0.03456855005067921 0
2076 0.7223483458537228 0.09690749818527983 0
2077 0.1519928290381601 0.07542014260562457 0
2078 0.7116773027548983 0.1356452618097165 0
2079 0.7120024302958055 0.3670896867367874 0
2080 0.2616312003772901 0.0189113673111872 0
2081 0.7220713841268638 0.2358051278116411 0
2082 0.6561442481284234 0.008039798693095512 0
2083 0.369352301984445 0.02811067646406146 0
2084 0.5912690159093572 0.4176354000390817 0
2085 0.7216775760947186 0.08467049599155513 0
2086 0.6374901028878381 0.01886154773295889 0
2087 0.1950854787351471 0.03224362637346612 0
2088 0.7122027430625703 0.3556442281990077 0
2089 0.4524665949950526 0.4277944325162575 0
2090 0.4072074967317957 0.02907605032851557 0
2091 0.7126895160583591 0.07788257847694668 0
2092 0.1336705167775027 0.05161974783563072 0
2093 0.4462402390684037 0.01912304887585592 0
2094 0.55857502551708 0.01701265463123158 0
2095 0.1627609737961594 0.02765890638175161 0
2096 0.7124039414586395 0.3444959483671994 0
2097 0.573416352884988 0.4277073885679753 0
2098 0.4418761707725588 0.4127136892963147 0
2099 0.7227564570512679 0.06254004615519659 0
2100 0.3947235195219609 0.364765838749458 0
2101 0.5764593894079891 0.0285163012987637 0
2102 0.1814270415635205 0.0397461872022235 0
2103 0.6966209700525297 0.2299381347480801 0
2104 0.2811570929155622 0.0186594747539961 0
2105 0.2968593789118803 0.01864116646773928 0
2106 0.7217980163083062 0.3384558967389158 0
2107 0.7229275106290902 0.05114967355266203 0
2108 0.4265765841517911 0.4154801093139628 0
2109 0.4234799152941592 0.4006153936547113 0
2110 0.7227172017163184 0.4117959977167218 0
2111 0.2806313099478548 0.2131399627540679 0
2112 0.2201548485993843 0.00732304925624605 0
2113 0.596433910470661 0.02935709890573224 0
2114 0.2438668384341182 0.01863069247018045 0
2115 0.443467966060019 0.4240739200130945 0
2116 0.3873573755719759 0.01756912667518684 0
2117 0.3536752014817278 0.01886819832548592 0
2118 0.5526755739309308 0.4265716173060806 0
2119 0.7038012442963092 0.3149526431494939 0
2120 0.429760991907685 0.01861377584291979 0
2121 0.7123374601484177 0.04293401174531269 0
2122 0.2518365527785298 0.1803023317101734 0
2123 0.3532504620324807 0.3143201346924295 0
2124 0.3284672659591207 0.2875605532514816 0
2125 0.3666011472501322 0.3294923066346682 0
2126 0.308376222496425 0.2616617097284207 0
2127 0.1912737580429317 0.1216090004188148 0
2128 0.1730965669626278 0.1003896559242893 0
2129 0.7164630277246624 0.4245205487890526 0
2130 0.7041465007409023 0.3041246113564721 0
2131 0.712180952764833 0.0312671446475456 0
2132 0.497791810363957 0.4244649005222007 0
2133 0.5440668147921583 0.008375706099114644 0
2134 0.08949977405022758 0.01734638587640452 0
2135 0.2036939169390048 0.01842239745938906 0
2136 0.7225481469057854 0.00815354356564324 0
2137 0.7120331967264497 0.01900055440771137 0
2138 0.2890922050741864 0.2390428848404608 0
2139 0.4768689703342119 0.4234487487511296 0
2140 0.5179204993628012 0.4246889159356364 0
2141 0.2807943598600491 0.197558161736461 0
2142 0.1415921728801243 0.02781245321244052 0
2143 0.7128419609633234 0.2986879115018264 0
2144 0.3102872720982716 0.02737812257425259 0
2145 0.722490719089512 0.2199331773448556 0
2146 0.3952052789366773 0.3494534600049609 0
2147 0.4055759468599667 0.3942584053273754 0
2148 0.7131481405696332 0.2878039375364829 0
2149 0.533120849298737 0.4250955815477254 0
2150 0.1441413645992133 0.06865295999761756 0
2151 0.3268591742080404 0.0281220109996409 0
2152 0.6849683603732976 0.01625634280021621 0
2153 0.1254252574287321 0.02803287287695821 0
2154 0.7135126520943434 0.2763788575988311 0
2155 0.2328457568597362 0.1553602352030093 0
2156 0.09968878302333162 0.01603371751009181 0
2157 0.4582301972435359 0.4219395557340919 0
2158 0.6961657252241134 0.2452613602416779 0
2159 0.4997223301213056 0.01682051401351237 0
2160 0.7138593804090592 0.2648493163236193 0
2161 0.3463982802313076 0.3076223266272178 0
2162 0.7128307709706466 0.4191684124873477 0
2163 0.6847915951323094 0.4025945677407117 0
2164 0.6499331018463075 0.4107594639789404 0
2165 0.4782957355795051 0.01582458862002523 0
2166 0.4162354881259216 0.02574870181816663 0
2167 0.1657025448829391 0.09520143546995263 0
2168 0.7134050729439538 0.2539046552938582 0
2169 0.5867173746704594 0.02391769271237387 0
2170 0.7361471491489573 0.4150865478919323 0
2171 0.7708045029426587 0.3942857142857142 0
2172 0.7556692808091066 0.006810073492015345 0
2173 0.7405974331861077 0.08571428571428585 0
2174 0.7402366411546341 0.1881045797954843 0
2175 0.7708938235789038 0.3142857142857143 0
2176 0.770802566813892 0.2114285714285717 0
2177 0.7707326619721802 0.3488929706514665 0
2178 0.7690893136233589 0.2902120888042929 0
2179 0.7405974331861077 0.1314285714285713 0
2180 0.7405974331861077 0.1085714285714285 0
2181 0.7405974331861077 0.05142857142857132 0
2182 0.770802566813892 0.3714285714285713 0
2183 0.7708025668138921 0.2685714285714287 0
2184 0.7691736478649454 0.2469201783074915 0
2185 0.7423132114004856 0.16450031262217 0
2186 0.7635021645123881 0.4362866037215164 0
2187 0.7711091556566164 0.4140827294071413 0
2188 0.7393308900526899 0.3948238658179332 0
2189 0.7707725974105903 0.07427304988136174 0
2190 0.7402366411546339 0.2347525630616582 0
2191 0.770802566813892 0.1428571428571431 0
2192 0.7405061764210961 0.3028571428571428 0
2193 0.7707834309423764 0.09713909759635092 0
2194 0.7401249809405072 0.3255478459775975 0
2195 0.7405974331861078 0.28 0
2196 0.7707959677451021 0.119999374411002 0
2197 0.7409194908262353 0.359945526321519 0
2198 0.77081913513886 0.03998866106825899 0
2199 0.7696878170251982 0.1771438175213507 0
2200 0.7405974331861078 0.2571428571428571 0
2201 0.7422692912717076 0.02976165511052364 0
2202 0.7405974331861077 0.2114285714285711 0
2203 0.7368481713097154 0.4361754760594752 0
2204 0.7720923779584143 0.01698676834395091 0
2205 0.7380935229940682 0.4053329768381232 0
2206 0.7473122665688865 0.4010392081405177 0
2207 0.7491131503725589 0.3908378337978009 0
2208 0.7334952592652194 0.4233218297258886 0
2209 0.7428150703723947 0.4214806297389508 0
2210 0.7578647711765505 0.3975401286633689 0
2211 0.7551668669031248 0.4076017393920451 0
2212 0.7591660428640342 0.3868914462661535 0
2213 0.7507485345014575 0.3803125062849028 0
2214 0.7530972680116476 0.4522331718706878 0
2215 0.7444615865953984 0.4439612708921987 0
2216 0.7467110457866095 0.435365289294922 0
2217 0.7549264484857825 0.4426454211617886 0
2218 0.7649077442278815 0.4056530292091775 0
2219 0.7452819699887211 0.4115938064462761 0
2220 0.7519074405306274 0.418318584038221 0
2221 0.7699343671944092 0.3823510940962415 0
2222 0.771044579188224 0.02856355716518499 0
2223 0.7612624552896173 0.03472968552625 0
2224 0.7610686390920273 0.04574577161174515 0
2225 0.7505085565916089 0.04027694608728627 0
2226 0.7611893556582338 0.02283436024489299 0
2227 0.7395129353031378 0.01716510621826922 0
2228 0.7404530230275898 0.3839228665604157 0
2229 0.7408075315748484 0.3719738977225431 0
2230 0.7523895251548611 0.3660216377523147 0
2231 0.7503102023555647 0.3535442038361539 0
2232 0.7613749738226988 0.3567957559042767 0
2233 0.759209493070244 0.3465982177986542 0
2234 0.7493964909258602 0.341947128099212 0
2235 0.7582115203048343 0.3359117537308681 0
2236 0.7612247687753078 0.3754537935358758 0
2237 0.7708183227339522 0.05141984004916489 0
2238 0.7609859021893826 0.05711363800530944 0
2239 0.770800191433138 0.06283898339866872 0
2240 0.760876960241412 0.06854974838628614 0
2241 0.7609452117836004 0.07997494410212364 0
2242 0.7509433736201547 0.07426819634118459 0
2243 0.7509024910123121 0.06283814208922434 0
2244 0.7707866505079182 0.08570178322203947 0
2245 0.7609767052810467 0.09141314793192468 0
2246 0.7609782903340866 0.1028527856149923 0
2247 0.7509482385722266 0.0971672490102668 0
2248 0.7708029808205814 0.1085681936240619 0
2249 0.760997690766536 0.1142847659137428 0
2250 0.7610008962858559 0.1257180125813565 0
2251 0.7509789807583517 0.1200228449080187 0
2252 0.7708154024794325 0.1314291498536337 0
2253 0.7610122090300109 0.1371460312502405 0
2254 0.7609240314354727 0.1485757102192102 0
2255 0.751000988910287 0.1428682114902717 0
2256 0.7510110141541324 0.1542969401407499 0
2257 0.7609132465241146 0.1600029862790392 0
2258 0.7708025668138921 0.2228571428571432 0
2259 0.7609963903927959 0.2171428571428575 0
2260 0.761011599853631 0.2057142857142862 0
2261 0.759204917117967 0.2297879111957074 0
2262 0.7507183009305028 0.2220599318596385 0
2263 0.7708203111848664 0.2000000000000003 0
2264 0.7608332298655048 0.1952257402018437 0
2265 0.7508722902244236 0.2006629959046287 0
2266 0.7408232642165918 0.176862720164847 0
2267 0.7514327341077697 0.1721644398340398 0
2268 0.7506157665577022 0.1818905539770957 0
2269 0.7404909669602608 0.2914285714285714 0
2270 0.7501163299697673 0.2852474369383418 0
2271 0.7504948663722157 0.2742857142857144 0
2272 0.761180762232072 0.2795424057085831 0
2273 0.7405974331861078 0.2685714285714286 0
2274 0.7504036096072041 0.2628571428571429 0
2275 0.7502172548284242 0.2518830651682636 0
2276 0.7611947215623034 0.2575905457929645 0
2277 0.7404122249193275 0.3142579743295996 0
2278 0.7504948663722155 0.3085714285714286 0
2279 0.7404910325902302 0.245867842800225 0
2280 0.751328294534734 0.2403007359436267 0
2281 0.7706234908413168 0.3026543957530965 0
2282 0.7605985226602026 0.2979277535689303 0
2283 0.7715131185367797 0.3257142857142857 0
2284 0.7609051336277843 0.32 0
2285 0.7703389676691097 0.2346894434886286 0
2286 0.7708701507001817 0.1891827533602248 0
2287 0.7698358334860239 0.3374317871030163 0
2288 0.7708074784541725 0.1542876354987474 0
2289 0.7708818938867752 0.1652611805027009 0
2290 0.7499852478409605 0.02285714285714369 0
2291 0.7392829373364042 0.04020959608948321 0
2292 0.7714362964553273 0.3604724672285642 0
2293 0.7642249065378754 0.01013753463214162 0
2294 0.740383400568474 0.1535191782050216 0
2295 0.7471195629578423 0.01016626613022287 0
2296 0.7521966089368558 0.0514031039377757 0
2297 0.7627031674160847 0.3086878584358339 0
2298 0.7494534316131243 0.3211218327990899 0
2299 0.750003638935095 0.2967872184020623 0
2300 0.7724945285338646 0.279665184616861 0
2301 0.7401163004499035 0.2232122473339401 0
2302 0.7614526742178541 0.2400000000000003 0
2303 0.7401229812293495 0.1996390726415526 0
2304 0.7725141872482282 0.2574735733915199 0
2305 0.7515552410317461 0.2114285714285721 0
2306 0.7593397370266713 0.1770973977832556 0
2307 0.7588153053175375 0.2685694474431667 0
2308 0.7386763645329737 0.14270604936763 0
2309 0.7522477898824566 0.1314330893096285 0
2310 0.7387147694261134 0.1200045689816036 0
2311 0.7525107682702011 0.1085715087457253 0
2312 0.7403443255512072 0.3481261116973978 0
2313 0.7387086209888883 0.0971477355163391 0
2314 0.7401776714441056 0.07378830478008214 0
2315 0.7528821924886272 0.0857075646199571 0
2316 0.7386155191285051 0.06275386080243273 0
2317 0.767703090303956 0.4247307984283283 0
2318 0.7581086581622115 0.4262216233783676 0
2319 0.7400051924821301 0.336883772571096 0
2320 0.7487653574752065 0.3313958353666546 0
2321 0.7299395210569001 0.4307703520786624 0
2322 0.7614838259640696 0.4161014173088802 0
2323 0.7548087928198202 0.434192921395112 0
2324 0.7398919716046133 0.4286502762873923 0
2325 0.7527851572834133 0.03095199252664382 0
2326 0.7612335494584781 0.1854582764434291 0
2327 0.7587441276427627 0.2478788281983729 0
2328 0.7620488000343425 0.1688066737270515 0
2329 0.7495244313677965 0.1916105624210931 0
2330 0.758564674520975 0.2891070348631168 0
2331 0.7486747524644434 0.2308805958086603 0
2332 0.753284852994951 0.1636586314943578 0
2333 0.7634456262044174 0.3660344451699206 0
2334 0.7736815912977102 0.007645974724144855 0
2335 0.7377350252296471 0.007620961282805927 0
2336 0.7556376707608038 0.01456107547128332 0
2337 0.749014942059837 0.4269274597890072 0
2338 0.7740330530469487 0.405281417710424 0
2339 0.7564825260442095 0.3279715986650368 0
2340 0.7619696819073973 0.4460804183016859 0
2341 0.7642161867918471 0.3303965885786071 0
2342 0.4471483122498179 0.4432606439775703 0
2343 0.4185101841715192 0.4276841131457877 0
2344 0.4695369436430017 0.4476716653328984 0
2345 0.4013326953950366 0.414025236821835 0
2346 0.4900025679648949 0.4496042898978297 0
2347 0.5126934744229075 0.4506366327198641 0
2348 0.5344326687838363 0.4520706262072353 0
2349 0.5558663029516083 0.4528992247884207 0
2350 0.4174454232549697 0.4656720221475718 0
2351 0.3620431907061571 0.4159104249670947 0
2352 0.3483368246673149 0.3997414190099736 0
2353 0.3350657303851889 0.3811407591586659 0
2354 0.3190983611797865 0.3651855520875241 0
2355 0.3048958670551033 0.34793126629277 0
2356 0.2902340560322754 0.330456482903037 0
2357 0.2755724057660851 0.3129815925826972 0
2358 0.2609108545008982 0.2955066505751919 0
2359 0.2452765295560879 0.2769774602316235 0
2360 0.23064716778932 0.2595428657887178 0
2361 0.2160178060225529 0.2421082713458129 0
2362 0.2013884442557857 0.2246736769029078 0
2363 0.1867590824890178 0.207239082460002 0
2364 0.1721297207222504 0.1898044880170967 0
2365 0.1575003589554836 0.1723698935741923 0
2366 0.1428709971887159 0.1549352991312865 0
2367 0.1282416354219481 0.1375007046883809 0
2368 0.1142052935442189 0.1208522913050196 0
2369 0.09941322239120842 0.1034250150546885 0
2370 0.08396391372502654 0.08425245075234483 0
2371 0.0701215319815115 0.06759222534530041 0
2372 0.05465904633058427 0.05027048864452471 0
2373 0.5782080246378499 0.4525335344025312 0
2374 0.04005037566767977 0.03214073789317873 0
2375 0.4477152345011595 0.4752138174405428 0
2376 0.3899608212338543 0.4474445844517705 0
2377 0.4790324814159768 0.4786831410574774 0
2378 0.5012512289411769 0.4810518552063905 0
2379 0.5235638349989153 0.4822344554554788 0
2380 0.545835621084189 0.484274358938839 0
2381 0.568745314639288 0.4846012017133998 0
2382 0.3781136252478774 0.3885732439648476 0
2383 0.3785919979517076 0.4325668011294462 0
2384 0.3631427714942079 0.3705168070297454 0
2385 0.3485883236137035 0.3529684738901475 0
2386 0.3337874171971411 0.3355162592562181 0
2387 0.3190584967663681 0.3179629565456197 0
2388 0.304329592007905 0.3004096548091766 0
2389 0.2896006549293281 0.282856393763547 0
2390 0.2748715737948056 0.2653032399057846 0
2391 0.2601422166106533 0.247750231828489 0
2392 0.2454126245073303 0.2301972363802596 0
2393 0.2306833820456909 0.2126437532362685 0
2394 0.2159559329103808 0.1950888978062173 0
2395 0.2012321095219035 0.17753205712446 0
2396 0.186511700133187 0.1599747508565242 0
2397 0.1717875223828164 0.1424233340425117 0
2398 0.1570644358888361 0.1248761899120183 0
2399 0.14229853621675 0.1073473206920506 0
2400 0.1274438421016989 0.08986133156825971 0
2401 0.1124464741736585 0.07236295117202723 0
2402 0.06871628469364144 0.01954278473538928 0
2403 0.09817418920307697 0.05464934826480577 0
2404 0.08368990598077442 0.03787176103080392 0
2405 0.0490750726632333 0.009756298438776345 0
2406 0.5893739175712249 0.4771617177768576 0
2407 0.0253466223423271 0.0157765097896469 0
2408 0.5927120633353326 0.466869728153893 0
2409 0.5816571633623179 0.4697227672928821 0
2410 0.4588941087307921 0.446072859214282 0
2411 0.463338154331109 0.4560449949701952 0
2412 0.4736996442545175 0.4570976093347049 0
2413 0.467724706125772 0.4652719813013296 0
2414 0.4525452201265578 0.4543808141720597 0
2415 0.4419446392364969 0.4527387828563406 0
2416 0.4354748344118318 0.4434701218547309 0
2417 0.4313489190446224 0.4523321991873674 0
2418 0.4354970197648226 0.4617047895232929 0
2419 0.4254521296738845 0.4432310337923389 0
2420 0.4206222614013844 0.4514435620709608 0
2421 0.4148796843369525 0.4428790178581383 0
2422 0.4105541679871176 0.4517537123368354 0
2423 0.4048795948716624 0.4423290794760271 0
2424 0.4780035013883497 0.4669158979897471 0
2425 0.4094393556989585 0.4212681264239304 0
2426 0.3991337903425395 0.4243948944525973 0
2427 0.3910495754698822 0.4168061521088745 0
2428 0.388464426207082 0.4271644907738663 0
2429 0.3806741963720782 0.4198106889103425 0
2430 0.3831526464988392 0.4090821399704811 0
2431 0.3972753130164648 0.4341287300557927 0
2432 0.5945712436267587 0.4565908481072378 0
2433 0.3937107479047121 0.4061323921252787 0
2434 0.3859202426359031 0.397609454673459 0
2435 0.37458297894055 0.3994712844164421 0
2436 0.366800036279089 0.3906271822371114 0
2437 0.3627043541994971 0.4017433057138107 0
2438 0.06070236175126964 0.009615200726451778 0
2439 0.05466789815778972 0.01957027055672989 0
2440 0.0620131617117391 0.02925838213703624 0
2441 0.04292388844061501 0.01919038797271466 0
2442 0.07339142488972994 0.03018825916183776 0
2443 0.07365743481361398 0.04233454886333221 0
2444 0.0820190656021661 0.04878676114086067 0
2445 0.07192987246200133 0.0534000860437891 0
2446 0.08086167208952555 0.06047039854423475 0
2447 0.08183359926396749 0.07218451507834595 0
2448 0.0922517461753869 0.06518838725513804 0
2449 0.5795977854100972 0.4798828411220129 0
2450 0.570764956165533 0.4731502102885413 0
2451 0.5604383328986837 0.4759700732285969 0
2452 0.5613867951856217 0.4639857302334768 0
2453 0.5519400184007422 0.4692138604833275 0
2454 0.3697952897436 0.423794522787349 0
2455 0.3719129249485738 0.4104046689478631 0
2456 0.5346962228677663 0.4829718598440286 0
2457 0.529643393854484 0.4729528725924642 0
2458 0.5185798975938826 0.472330333754468 0
2459 0.524961787814227 0.4628963651780781 0
2460 0.5359032246113182 0.4637497339156926 0
2461 0.5446039718739257 0.4572399034981052 0
2462 0.5141312354306066 0.4621931781168007 0
2463 0.5075865638743589 0.4716365067582395 0
2464 0.5033405499786111 0.4614519270125384 0
2465 0.4900128339964551 0.4804658392209963 0
2466 0.4967264732885777 0.4711985004740881 0
2467 0.4935952590241213 0.4602411296258637 0
2468 0.5420117820194645 0.4737279117886455 0
2469 0.03302006141473279 0.02412826170209409 0
2470 0.04741327329283251 0.04133954650522781 0
2471 0.479643499450745 0.4485161406274746 0
2472 0.3705846088434591 0.3794880913489633 0
2473 0.3589300202808275 0.3811968398619497 0
2474 0.35246367955507 0.3724267154112516 0
2475 0.3475990647952928 0.3826940056362985 0
2476 0.5124177444149571 0.481655931685172 0
2477 0.1055375094145738 0.0634194336225502 0
2478 0.1009691510007502 0.07432217961177728 0
2479 0.1083046403231257 0.0831047736281465 0
2480 0.09652792755848527 0.08426766796200474 0
2481 0.1198257023905079 0.08121121561684752 0
2482 0.1159598197779171 0.09186677024135737 0
2483 0.1233682657907335 0.100650401878591 0
2484 0.1114888408481954 0.1019987743093155 0
2485 0.1347818985527113 0.09866372582044081 0
2486 0.1309307338985692 0.1093637867546422 0
2487 0.1383066653955419 0.1181364691010942 0
2488 0.1264071869519224 0.1195077233634937 0
2489 0.1496419398250348 0.1161380846083605 0
2490 0.1457858644222946 0.1268477395422963 0
2491 0.1531789171730632 0.1356063764969055 0
2492 0.1411116696864047 0.1368536128560679 0
2493 0.1644202893571794 0.1336512109228897 0
2494 0.160557219240327 0.1443539893859392 0
2495 0.1679114841758674 0.1531243024683621 0
2496 0.1565908398251066 0.1551788757698327 0
2497 0.1791476873525119 0.1511950688676108 0
2498 0.1752786284730884 0.1618897199985591 0
2499 0.1826248679095005 0.1706701431312267 0
2500 0.170514991465321 0.1718413780992448 0
2501 0.1938653589235548 0.1687520480878599 0
2502 0.1899942652391571 0.179441607632997 0
2503 0.1973417484762197 0.188227183787212 0
2504 0.1851999202921917 0.1893516010477439 0
2505 0.2085765983045549 0.1863232284046811 0
2506 0.204714868483178 0.1969998120301269 0
2507 0.2120668424255241 0.2057847170233707 0
2508 0.1998912675864624 0.2068653526639635 0
2509 0.223301832305408 0.203880434237168 0
2510 0.219443460669573 0.2145548300456564 0
2511 0.2267975314686314 0.223339007799582 0
2512 0.2145883117422702 0.2243786376052907 0
2513 0.2380307259430349 0.2214344896173602 0
2514 0.2341752409849416 0.2321075610655486 0
2515 0.2415298510514847 0.2408910867182281 0
2516 0.2292874987795111 0.2418910349478798 0
2517 0.2527607540645429 0.2389871971765807 0
2518 0.2489074602359278 0.2496590982017545 0
2519 0.2562618124978902 0.2584423968731307 0
2520 0.2439866848238577 0.2594028959462954 0
2521 0.2674906193988356 0.2565397608004477 0
2522 0.2636390404896526 0.2672104319419703 0
2523 0.2709929548532068 0.2759938161710733 0
2524 0.2586851678146216 0.2769146832649407 0
2525 0.2822294269040884 0.2740800140074944 0
2526 0.2783714831306708 0.2847599258675991 0
2527 0.285723740960919 0.293545262312997 0
2528 0.2735508059077581 0.2946086792596527 0
2529 0.2969586218330169 0.29163302211345 0
2530 0.2931019660276277 0.3023117772448458 0
2531 0.300453940203966 0.3110973806289494 0
2532 0.2882536184336308 0.3121276127021915 0
2533 0.3116876735788195 0.3091861854563687 0
2534 0.3078321584402313 0.3198639508763613 0
2535 0.3151839535264568 0.3286497375197679 0
2536 0.3029561996466693 0.3296467813706601 0
2537 0.3264167081809098 0.3267393877535513 0
2538 0.3225621926163057 0.3374163132449163 0
2539 0.3299138293597382 0.346202254102745 0
2540 0.3176586266276293 0.3471661306923542 0
2541 0.3411122345659492 0.3443372649911977 0
2542 0.3368506628048062 0.3547428656829469 0
2543 0.3257380192733081 0.3728677296676016 0
2544 0.3369548901887443 0.3708831790459359 0
2545 0.5007353528461475 0.4505635942553339 0
2546 0.5669653408388988 0.4533759473941051 0
2547 0.5234866815550826 0.4512022807370032 0
2548 0.06215191515594753 0.05892422849382484 0
2549 0.4091493191948523 0.4326555518904607 0
2550 0.4563140226805508 0.4669036525319558 0
2551 0.4622087363501404 0.4748210179770526 0
2552 0.4461591927054849 0.4637656904494594 0
2553 0.3560535057112659 0.3617147642009305 0
2554 0.0381990784301508 0.008651252056033842 0
2555 0.1491893324103759 0.1459597919970801 0
2556 0.1637696458604476 0.1634098516064475 0
2557 0.1501641928654509 0.1640201493412099 0
2558 0.1652857549681447 0.1815800292652437 0
2559 0.1333952223738283 0.1279954247525838 0
2560 0.1780055050902759 0.1806462452970013 0
2561 0.1362379109376457 0.1467258019039428 0
2562 0.1799270972408266 0.19904105508846 0
2563 0.05757928020270031 0.03911403765520149 0
2564 0.1926990408012911 0.1981612857391805 0
2565 0.3420872474395542 0.3914311022371702 0
2566 0.2068472779147431 0.2154204561933073 0
2567 0.1940517179010151 0.2163376553896418 0
2568 0.2215312814292645 0.2329226460960488 0
2569 0.2086799909388252 0.2337882829239915 0
2570 0.343596942572316 0.3646726254731672 0
2571 0.3555016079822341 0.3916069034250856 0
2572 0.2362165490525175 0.2504235592972428 0
2573 0.223310614868332 0.2512369800091689 0
2574 0.1186931644800484 0.1106956673365347 0
2575 0.2509018070158799 0.2679239789968231 0
2576 0.2379422825302308 0.2686847382045807 0
2577 0.2657824384857355 0.2856367892991685 0
2578 0.2528328903280489 0.2862812504923466 0
2579 0.1212200470657702 0.1292851756533947 0
2580 0.2805013788396019 0.3031753941591718 0
2581 0.268312964622431 0.3042000698833082 0
2582 0.2951931339769099 0.3206849170135967 0
2583 0.2829757134104465 0.3216746494684114 0
2584 0.3098849365075296 0.3381944432434134 0
2585 0.2976384748381483 0.3391492423841061 0
2586 0.3240513100732885 0.3556618880397395 0
2587 0.3121371130427757 0.3565800844154924 0
2588 0.353595810698884 0.4091076771457753 0
2589 0.05074480682511595 0.02980293410261525 0
2590 0.3826012097608405 0.4420481537312294 0
2591 0.1068828175191718 0.1120564621641298 0
2592 0.3999539152498842 0.4527785374753608 0
2593 0.437561091197971 0.4725798893057787 0
2594 0.4273704240153285 0.4693159042968241 0
2595 0.1037886048755839 0.09318445597048053 0
2596 0.09152257450599155 0.09435572595974345 0
2597 0.574203768784932 0.4619117866670946 0
2598 0.428716637533515 0.4341607924124969 0
2599 0.01741476798811603 0.007893597332030267 0
2600 0.5853285750589241 0.4594738154531227 0
2601 0.09161410712791607 0.04585641211855546 0
2602 0.09110926754472337 0.0760430401319222 0
2603 0.4082155590912799 0.4611250920591592 0
2604 0.4696114485946887 0.4807155741003034 0
2605 0.5568556913163184 0.485473796628651 0
2606 0.4866898158866546 0.4698620822598197 0
2607 0.4836057146615472 0.4587061916225733 0
2608 0.5877699517412306 0.4864972845522093 0
2609 0.06438932197504077 0.04673952154885619 0
2610 0.4245839661566972 0.4596837973245779 0
2611 0.08898415603961429 0.05499026146471891 0
2612 0.3310483643487084 0.3640023066661525 0
2613 0.0275620744632008 0.007285100823175961 0
2614 0.5444518944704047 0.4652290839282643 0
2615 0.5517516475012265 0.4613954111563042 0
2616 0.07477222738050737 0.07838156248506667 0
2617 0.4199273119258688 0.4359049018209517 0
2618 0.5514162891438796 0.477732000213612 0
2619 0.471618372098066 0.4730846932293826 0
2620 0.06630289521526833 0.03680671710004058 0
2621 0.5791555082478457 0.4886358658620842 0
2622 0.4547960607208595 0.4793623329079449 0
2623 0.3885123561407344 0.4360523235747 0
2624 0.5880886415260573 0.4512615633526362 0
2625 0.5452594818974916 0.4487771185391553 0
2626 0.343786084079266 0.3748269089206264 0
2627 0.4385411649009788 0.4361436975958187 0
2628 0.03373612061120812 0.01583649358043249 0
2629 0.4157628750300935 0.457788046755313 0
2630 0.3966000435456834 0.4423928716221282 0
2631 0.601742742434454 0.4532241596714323 0
2632 0.6724331431065613 0.4581629058188076 0
2633 0.7300788774508085 0.4557915326725024 0
2634 0.7082509521471878 0.4866893332884885 0
2635 0.6516808948230587 0.4574372107890669 0
2636 0.6308080106997016 0.4566739141198906 0
2637 0.6798044843481438 0.4902914589516108 0
2638 0.6593362774880931 0.4884110317911903 0
2639 0.6359291094515381 0.4865890712829757 0
2640 0.6983897164266096 0.4569485085751446 0
2641 0.6099128953888818 0.4736013934904263 0
2642 0.725381267779961 0.4792318104033645 0
2643 0.7108139344265577 0.4507740100559178 0
2644 0.7080100114125211 0.4632384442802029 0
2645 0.6978256550050232 0.4682363361395865 0
2646 0.6889808036329466 0.4623646166831191 0
2647 0.6884453144598992 0.4734484741571874 0
2648 0.7188328529916602 0.4591976412037343 0
2649 0.6132133966784212 0.4866893956994225 0
2650 0.6975558032890249 0.4790925604408949 0
2651 0.7162205151562855 0.4701104918659553 0
2652 0.7265065602979969 0.4667419167231165 0
2653 0.7233174949802418 0.4484841527115689 0
2654 0.6780763709107768 0.4670989878441136 0
2655 0.6789842009730471 0.4788231758734862 0
2656 0.671083072989661 0.4748371609964571 0
2657 0.6697971578091948 0.4841291318448497 0
2658 0.620066400758339 0.4558932352628182 0
2659 0.6251752132868285 0.4655475190414515 0
2660 0.6360171264501594 0.4658521244831314 0
2661 0.6305848883355103 0.4757136374596612 0
2662 0.6414960799237892 0.4758375849969176 0
2663 0.6473135932811871 0.4866252720255189 0
2664 0.6522430291560892 0.4765234686919279 0
2665 0.6247174172282803 0.4858684418286144 0
2666 0.6620576432303423 0.4575612412050716 0
2667 0.6883662845826729 0.484000078813545 0
2668 0.7342394878234877 0.4736853885473232 0
2669 0.6412807398506639 0.4569758866208802 0
2670 0.7072300620620151 0.4745574358596388 0
2671 0.6982150551443495 0.4892918678671802 0
2672 0.7360570976689842 0.4637308550785842 0
2673 0.6462290842388813 0.4662494330448831 0
2674 0.7151080709046692 0.4794640265678963 0
2675 0.6202481865660319 0.4758584061518757 0
2676 0.6563942535690774 0.4661860772874272 0
2677 0.6146992072389305 0.4651036185916 0
2678 0.6626178586246975 0.4759065600302383 0
2679 0.6048603772489753 0.4817508138886139 0
2680 0.7419191774229511 0.4699452987610375 0
2681 0.6901586348127118 0.4924473710679139 0
2682 0.667110390405186 0.4666254888636859 0
2683 0.6811394388115647 0.4577789585502882 0
2684 0.6699568242866526 0.4927180570015903 0
2685 0.7189184314690006 0.4408395038065635 0
2686 0.7182810403713774 0.4863567085298537 0
2687 0.6035011217342752 0.4890700248536732 0
2688 0.6735250949764715 0.4402803793492013 0
2689 0.6905428314409099 0.4314921268796548 0
2690 0.6534748876190485 0.4399184212926475 0
2691 0.6591863022357844 0.4306367350232373 0
2692 0.6421479611864005 0.4385838131177109 0
2693 0.700389053227958 0.4347447930614374 0
2694 0.6635484390914024 0.4395713684604573 0
2695 0.6839181176366161 0.440518351517808 0
2696 0.6801837420957911 0.4302061387734974 0
2697 0.6323026860335346 0.4408849928069065 0
2698 0.6694824649683919 0.4301941129641081 0
2699 0.6929443796852045 0.4403869982475939 0
2700 0.6502486862324457 0.4317715084692597 0
$EndNodes
$Elements
5400
1 15 2 7 8 8
2 15 2 6 15 15
3 1 2 5 6 6 93
4 1 2 5 6 93 94
5 1 2 5 6 94 95
6 1 2 5 6 95 96
7 1 2 5 6 96 97
8 1 2 5 6 97 98
9 1 2 5 6 98 99
10 1 2 5 6 99 100
11 1 2 5 6 100 101
12 1 2 5 6 101 102
13 1 2 5 6 102 103
14 1 2 5 6 103 104
15 1 2 5 6 104 105
16 1 2 5 6 105 106
17 1 2 5 6 106 107
18 1 2 5 6 107 108
19 1 2 5 6 108 109
20 1 2 5 6 109 110
21 1 2 5 6 110 111
22 1 2 5 6 111 112
23 1 2 5 6 112 113
24 1 2 5 6 113 114
25 1 2 5 6 114 115
26 1 2 5 6 115 116
27 1 2 5 6 116 117
28 1 2 5 6 117 118
29 1 2 5 6 118 119
30 1 2 5 6 119 120
31 1 2 5 6 120 121
32 1 2 5 6 121 122
33 1 2 5 6 122 123
34 1 2 5 6 123 124
35 1 2 5 6 124 125
36 1 2 5 6 125 126
37 1 2 5 6 126 127
38 1 2 5 6 127 128
39 1 2 5 6 128 129
40 1 2 5 6 129 130
41 1 2 5 6 130 131
42 1 2 5 6 131 132
43 1 2 5 6 132 133
44 1 2 5 6 133 134
45 1 2 5 6 134 135
46 1 2 5 6 135 136
47 1 2 5 6 136 137
48 1 2 5 6 137 138
49 1 2 5 6 138 139
50 1 2 5 6 139 140
51 1 2 5 6 140 141
52 1 2 5 6 141 142
53 1 2 5 6 142 143
54 1 2 5 6 143 144
55 1 2 5 6 144 145
56 1 2 5 6 145 146
57 1 2 5 6 146 147
58 1 2 5 6 147 148
59 1 2 5 6 148 149
60 1 2 5 6 149 7
61 1 2 4 8 8 184
62 1 2 4 8 184 185
63 1 2 4 8 185 186
64 1 2 4 8 186 187
65 1 2 4 8 187 188
66 1 2 4 8 188 189
67 1 2 4 8 189 9
68 1 2 5 10 7 194
69 1 2 5 10 194 195
70 1 2 5 10 195 196
71 1 2 5 10 196 197
72 1 2 5 10 197 10
73 1 2 4 11 10 198
74 1 2 4 11 198 199
75 1 2 4 11 199 200
76 1 2 4 11 200 201
77 1 2 4 11 201 202
78 1 2 4 11 202 203
79 1 2 4 11 203 204
80 1 2 4 11 204 205
81 1 2 4 11 205 206
82 1 2 4 11 206 207
83 1 2 4 11 207 208
84 1 2 4 11 208 209
85 1 2 4 11 209 210
86 1 2 4 11 210 211
87 1 2 4 11 211 212
88 1 2 4 11 212 213
89 1 2 4 11 213 214
90 1 2 4 11 214 215
91 1 2 4 11 215 216
92 1 2 4 11 216 217
93 1 2 4 11 217 218
94 1 2 4 11 218 219
95 1 2 4 11 219 220
96 1 2 4 11 220 221
97 1 2 4 11 221 222
98 1 2 4 11 222 223
99 1 2 4 11 223 224
100 1 2 4 11 224 225
101 1 2 4 11 225 226
102 1 2 4 11 226 227
103 1 2 4 11 227 228
104 1 2 4 11 228 229
105 1 2 4 11 229 230
106 1 2 4 11 230 231
107 1 2 4 11 231 8
108 1 2 4 13 11 236
109 1 2 4 13 236 237
110 1 2 4 13 237 238
111 1 2 4 13 238 239
112 1 2 4 13 239 240
113 1 2 4 13 240 241
114 1 2 4 13 241 242
115 1 2 4 13 242 243
116 1 2 4 13 243 244
117 1 2 4 13 244 245
118 1 2 4 13 245 12
119 1 2 4 14 12 246
120 1 2 4 14 246 247
121 1 2 4 14 247 248
122 1 2 4 14 248 249
123 1 2 4 14 249 250
124 1 2 4 14 250 251
125 1 2 4 14 251 252
126 1 2 4 14 252 253
127 1 2 4 14 253 254
128 1 2 4 14 254 255
129 1 2 4 14 255 13
130 1 2 4 15 13 256
131 1 2 4 15 256 257
132 1 2 4 15 257 258
133 1 2 4 15 258 259
134 1 2 4 15 259 260
135 1 2 4 15 260 261
136 1 2 4 15 261 262
137 1 2 4 15 262 263
138 1 2 4 15 263 264
139 1 2 4 15 264 265
140 1 2 4 15 265 266
141 1 2 4 15 266 267
142 1 2 4 15 267 268
143 1 2 4 15 268 269
144 1 2 4 15 269 270
145 1 2 4 15 270 271
146 1 2 4 15 271 272
147 1 2 4 15 272 273
148 1 2 4 15 273 274
149 1 2 4 15 274 275
150 1 2 4 15 275 276
151 1 2 4 15 276 277
152 1 2 4 15 277 278
153 1 2 4 15 278 279
154 1 2 4 15 279 280
155 1 2 4 15 280 281
156 1 2 4 15 281 282
157 1 2 4 15 282 283
158 1 2 4 15 283 284
159 1 2 4 15 284 285
160 1 2 4 15 285 286
161 1 2 4 15 286 287
162 1 2 4 15 287 288
163 1 2 4 15 288 289
164 1 2 4 15 289 290
165 1 2 4 15 290 291
166 1 2 4 15 291 292
167 1 2 4 15 292 293
168 1 2 4 15 293 294
169 1 2 4 15 294 295
170 1 2 4 15 295 296
171 1 2 4 15 296 297
172 1 2 4 15 297 298
173 1 2 4 15 298 299
174 1 2 4 15 299 300
175 1 2 4 15 300 301
176 1 2 4 15 301 302
177 1 2 4 15 302 303
178 1 2 4 15 303 304
179 1 2 4 15 304 14
180 1 2 5 16 14 305
181 1 2 5 16 305 306
182 1 2 5 16 306 307
183 1 2 5 16 307 308
184 1 2 5 16 308 309
185 1 2 5 16 309 6
186 1 2 4 17 9 310
187 1 2 4 17 310 311
188 1 2 4 17 311 312
189 1 2 4 17 312 313
190 1 2 4 17 313 314
191 1 2 4 17 314 315
192 1 2 4 17 315 316
193 1 2 4 17 316 15
194 1 2 4 18 15 317
195 1 2 4 18 317 318
196 1 2 4 18 318 319
197 1 2 4 18 319 320
198 1 2 4 18 320 321
199 1 2 4 18 321 322
200 1 2 4 18 322 11
201 2 2 1 1 383 1999 1596
202 2 2 1 1 335 1610 1313
203 2 2 1 1 1331 2035 333
204 2 2 1 1 1642 2051 1665
205 2 2 1 1 1665 2051 1225
206 2 2 1 1 1628 2012 1310
207 2 2 1 1 1316 1615 1614
208 2 2 1 1 1332 1408 342
209 2 2 1 1 1596 1999 1595
210 2 2 1 1 358 1369 1367
211 2 2 1 1 1479 2137 1320
212 2 2 1 1 1320 1949 1479
213 2 2 1 1 358 2112 1369
214 2 2 1 1 1313 2093 335
215 2 2 1 1 333 1771 1331
216 2 2 1 1 1957 2114 1674
217 2 2 1 1 1629 2012 1628
218 2 2 1 1 1038 1408 1042
219 2 2 1 1 1207 1553 1039
220 2 2 1 1 1338 1354 1270
221 2 2 1 1 1338 1350 1337
222 2 2 1 1 343 1350 860
223 2 2 1 1 353 2114 1957
224 2 2 1 1 357 1348 1347
225 2 2 1 1 342 1407 1332
226 2 2 1 1 1338 1955 1350
227 2 2 1 1 1409 1827 1391
228 2 2 1 1 1799 2125 1613
229 2 2 1 1 1298 1627 1131
230 2 2 1 1 62 1360 354
231 2 2 1 1 1053 1723 1568
232 2 2 1 1 1593 2075 1288
233 2 2 1 1 1408 1827 1409
234 2 2 1 1 1356 1660 1236
235 2 2 1 1 27 1350 343
236 2 2 1 1 1667 2027 1290
237 2 2 1 1 1539 1856 397
238 2 2 1 1 1549 2050 1661
239 2 2 1 1 374 1347 1345
240 2 2 1 1 1042 1408 1332
241 2 2 1 1 1336 1565 375
242 2 2 1 1 341 1660 1356
243 2 2 1 1 1326 2075 1593
244 2 2 1 1 375 1564 1336
245 2 2 1 1 1290 2092 1667
246 2 2 1 1 1437 2011 1443
247 2 2 1 1 1351 1396 860
248 2 2 1 1 22 1334 392
249 2 2 1 1 1352 1396 1351
250 2 2 1 1 357 1349 1348
251 2 2 1 1 369 1337 40
252 2 2 1 1 61 1360 62
253 2 2 1 1 1039 1553 1212
254 2 2 1 1 1308 2138 1638
255 2 2 1 1 1131 1627 1130
256 2 2 1 1 1316 2083 1615
257 2 2 1 1 104 1960 103
258 2 2 1 1 403 1397 405
259 2 2 1 1 1328 2007 1990
260 2 2 1 1 1603 2117 1992
261 2 2 1 1 1184 2007 1328
262 2 2 1 1 1584 2087 868
263 2 2 1 1 868 2102 1584
264 2 2 1 1 333 2035 1599
265 2 2 1 1 1334 2163 392
266 2 2 1 1 1370 1372 1100
267 2 2 1 1 1364 1365 1059
268 2 2 1 1 1197 1372 1370
269 2 2 1 1 1191 1365 1364
270 2 2 1 1 408 2001 410
271 2 2 1 1 1270 1955 1338
272 2 2 1 1 1500 1945 1502
273 2 2 1 1 1354 2084 1270
274 2 2 1 1 974 1341 1340
275 2 2 1 1 1834 1871 389
276 2 2 1 1 1341 1685 1343
277 2 2 1 1 1354 1840 1267
278 2 2 1 1 974 1685 1341
279 2 2 1 1 155 2106 1990
280 2 2 1 1 1343 1685 1515
281 2 2 1 1 1629 2138 2012
282 2 2 1 1 1929 1977 1930
283 2 2 1 1 1602 1992 1243
284 2 2 1 1 1173 1362 1339
285 2 2 1 1 1613 1972 1799
286 2 2 1 1 1171 1950 1455
287 2 2 1 1 1930 1977 391
288 2 2 1 1 1583 1584 1180
289 2 2 1 1 1582 1583 1180
290 2 2 1 1 1634 1677 851
291 2 2 1 1 1421 1983 1422
292 2 2 1 1 1357 1503 644
293 2 2 1 1 1340 1362 974
294 2 2 1 1 390 1409 1391
295 2 2 1 1 1177 1503 1357
296 2 2 1 1 340 2138 1629
297 2 2 1 1 1454 1885 1455
298 2 2 1 1 1932 1950 1171
299 2 2 1 1 1541 1856 1539
300 2 2 1 1 1614 1909 1316
301 2 2 1 1 1992 2117 1210
302 2 2 1 1 1243 2151 1602
303 2 2 1 1 1048 1975 1954
304 2 2 1 1 1502 1945 981
305 2 2 1 1 138 1566 137
306 2 2 1 1 332 2125 2034
307 2 2 1 1 1443 2011 788
308 2 2 1 1 1327 2125 1799
309 2 2 1 1 1954 1975 1660
310 2 2 1 1 1834 2149 1871
311 2 2 1 1 1419 1970 654
312 2 2 1 1 369 1338 1337
313 2 2 1 1 1038 1827 1408
314 2 2 1 1 1455 1885 1171
315 2 2 1 1 349 2050 1549
316 2 2 1 1 1840 1900 1267
317 2 2 1 1 2009 2018 1335
318 2 2 1 1 1454 1942 1885
319 2 2 1 1 1375 2069 133
320 2 2 1 1 1555 1918 386
321 2 2 1 1 1423 1961 725
322 2 2 1 1 351 1643 1355
323 2 2 1 1 1658 1950 1932
324 2 2 1 1 133 2133 1375
325 2 2 1 1 1990 2106 1328
326 2 2 1 1 1638 1980 1308
327 2 2 1 1 1339 1384 1173
328 2 2 1 1 1640 2114 1590
329 2 2 1 1 1638 2138 340
330 2 2 1 1 1324 2121 2107
331 2 2 1 1 1352 1397 1396
332 2 2 1 1 1355 1644 351
333 2 2 1 1 40 1337 3
334 2 2 1 1 2034 2125 1327
335 2 2 1 1 1436 1947 1937
336 2 2 1 1 1794 2056 1948
337 2 2 1 1 2107 2121 366
338 2 2 1 1 1413 1809 1061
339 2 2 1 1 1268 1983 1421
340 2 2 1 1 1353 1450 371
341 2 2 1 1 1199 1411 1069
342 2 2 1 1 1548 2091 2085
343 2 2 1 1 1410 1411 1199
344 2 2 1 1 1396 1397 403
345 2 2 1 1 2015 2020 1443
346 2 2 1 1 103 1960 1586
347 2 2 1 1 1253 2070 1962
348 2 2 1 1 1207 2073 1553
349 2 2 1 1 1472 2058 1951
350 2 2 1 1 1579 1580 1065
351 2 2 1 1 1406 2115 2098
352 2 2 1 1 1930 2018 2009
353 2 2 1 1 1358 1384 604
354 2 2 1 1 405 1397 408
355 2 2 1 1 485 2020 2015
356 2 2 1 1 1515 1893 1343
357 2 2 1 1 2085 2091 361
358 2 2 1 1 102 1586 364
359 2 2 1 1 1658 1932 1048
360 2 2 1 1 1172 2117 1615
361 2 2 1 1 1397 2001 408
362 2 2 1 1 1069 1411 1071
363 2 2 1 1 352 1855 1740
364 2 2 1 1 1335 2162 20
365 2 2 1 1 1723 2094 1568
366 2 2 1 1 1347 2082 357
367 2 2 1 1 386 2092 1555
368 2 2 1 1 1989 1991 1361
369 2 2 1 1 1220 1970 1419
370 2 2 1 1 1048 1954 1658
371 2 2 1 1 466 1991 1989
372 2 2 1 1 392 2163 1395
373 2 2 1 1 2098 2115 356
374 2 2 1 1 1318 1964 1963
375 2 2 1 1 1456 1464 1193
376 2 2 1 1 1041 1964 1318
377 2 2 1 1 1041 1965 1964
378 2 2 1 1 1200 1965 1041
379 2 2 1 1 1216 1961 1423
380 2 2 1 1 1361 1893 764
381 2 2 1 1 374 2082 1347
382 2 2 1 1 1893 1910 1751
383 2 2 1 1 1655 1938 1935
384 2 2 1 1 1023 1938 1655
385 2 2 1 1 1350 1955 860
386 2 2 1 1 1351 1955 1270
387 2 2 1 1 1235 1519 1384
388 2 2 1 1 1608 1763 1315
389 2 2 1 1 6 93 48
390 2 2 1 1 973 1362 1173
391 2 2 1 1 1648 2104 348
392 2 2 1 1 348 2105 1648
393 2 2 1 1 1952 1956 1502
394 2 2 1 1 955 1956 1952
395 2 2 1 1 21 1335 20
396 2 2 1 1 1453 2145 164
397 2 2 1 1 400 2164 25
398 2 2 1 1 1568 2101 1053
399 2 2 1 1 577 2024 1944
400 2 2 1 1 1608 2090 1763
401 2 2 1 1 375 1566 138
402 2 2 1 1 137 1566 338
403 2 2 1 1 1505 2033 1966
404 2 2 1 1 860 1955 1351
405 2 2 1 1 164 2081 1453
406 2 2 1 1 1199 1412 1410
407 2 2 1 1 1047 2130 2119
408 2 2 1 1 974 1362 973
409 2 2 1 1 1344 2164 1205
410 2 2 1 1 1408 1409 342
411 2 2 1 1 1590 2114 353
412 2 2 1 1 1585 2135 1368
413 2 2 1 1 1596 1965 1200
414 2 2 1 1 1610 2026 1313
415 2 2 1 1 367 1977 1929
416 2 2 1 1 1371 1809 1413
417 2 2 1 1 358 1960 104
418 2 2 1 1 1205 2060 1344
419 2 2 1 1 388 1922 1779
420 2 2 1 1 703 1412 1371
421 2 2 1 1 1359 1967 1966
422 2 2 1 1 2119 2130 1458
423 2 2 1 1 1298 2124 1627
424 2 2 1 1 1503 1945 1500
425 2 2 1 1 1358 1967 1359
426 2 2 1 1 1340 1516 1362
427 2 2 1 1 1362 1516 1339
428 2 2 1 1 1345 2086 374
429 2 2 1 1 1634 1995 1677
430 2 2 1 1 607 1984 1911
431 2 2 1 1 1210 2117 1172
432 2 2 1 1 1454 1455 331
433 2 2 1 1 1937 1947 1413
434 2 2 1 1 103 1586 102
435 2 2 1 1 1660 1975 1236
436 2 2 1 1 2030 2078 1237
437 2 2 1 1 2006 2039 1822
438 2 2 1 1 26 400 25
439 2 2 1 1 28 1350 27
440 2 2 1 1 24 1344 355
441 2 2 1 1 23 1334 22
442 2 2 1 1 1173 1384 1358
443 2 2 1 1 1360 2127 354
444 2 2 1 1 659 1412 661
445 2 2 1 1 1515 1910 1893
446 2 2 1 1 364 1586 1583
447 2 2 1 1 1225 2051 1644
448 2 2 1 1 1366 1998 1278
449 2 2 1 1 1185 2057 2003
450 2 2 1 1 1998 2000 1278
451 2 2 1 1 25 2164 1344
452 2 2 1 1 1948 2056 1025
453 2 2 1 1 1951 2058 889
454 2 2 1 1 67 1645 68
455 2 2 1 1 1343 1893 1361
456 2 2 1 1 1962 2070 880
457 2 2 1 1 926 1435 928
458 2 2 1 1 1365 2011 1437
459 2 2 1 1 1378 2039 2006
460 2 2 1 1 851 2141 1634
461 2 2 1 1 1617 2093 1721
462 2 2 1 1 355 1897 1334
463 2 2 1 1 644 1944 1357
464 2 2 1 1 1235 1384 1339
465 2 2 1 1 1384 1519 604
466 2 2 1 1 1845 2146 1224
467 2 2 1 1 1062 1435 926
468 2 2 1 1 1371 1413 703
469 2 2 1 1 1333 1622 1300
470 2 2 1 1 1550 2023 1283
471 2 2 1 1 1177 1945 1503
472 2 2 1 1 393 1856 1541
473 2 2 1 1 1065 2142 1579
474 2 2 1 1 1193 1845 1456
475 2 2 1 1 2023 2025 1283
476 2 2 1 1 764 1893 1751
477 2 2 1 1 1596 2021 383
478 2 2 1 1 1349 1376 1348
479 2 2 1 1 981 1952 1502
480 2 2 1 1 396 2137 1479
481 2 2 1 1 1565 1566 375
482 2 2 1 1 1282 1903 1898
483 2 2 1 1 1372 2032 1373
484 2 2 1 1 1431 1433 1062
485 2 2 1 1 1224 2100 1845
486 2 2 1 1 2032 2036 1373
487 2 2 1 1 1134 1903 1282
488 2 2 1 1 1373 2036 1620
489 2 2 1 1 410 2001 643
490 2 2 1 1 1433 1435 1062
491 2 2 1 1 1190 2067 2029
492 2 2 1 1 1620 2037 1619
493 2 2 1 1 2036 2037 1620
494 2 2 1 1 2037 2040 1619
495 2 2 1 1 604 1967 1358
496 2 2 1 1 1422 1983 727
497 2 2 1 1 2064 2065 1211
498 2 2 1 1 1363 1911 1274
499 2 2 1 1 643 1993 1421
500 2 2 1 1 1652 2065 2064
501 2 2 1 1 727 1979 1419
502 2 2 1 1 725 1961 1411
503 2 2 1 1 1575 2045 1297
504 2 2 1 1 2072 2074 1317
505 2 2 1 1 2045 2047 1297
506 2 2 1 1 1318 2074 2072
507 2 2 1 1 1297 2047 1325
508 2 2 1 1 654 1970 1423
509 2 2 1 1 1356 1997 341
510 2 2 1 1 1371 1412 1199
511 2 2 1 1 2047 2049 1325
512 2 2 1 1 1661 2050 1662
513 2 2 1 1 1061 1937 1413
514 2 2 1 1 1583 1585 1584
515 2 2 1 1 727 1983 1979
516 2 2 1 1 369 1354 1338
517 2 2 1 1 1402 1749 1405
518 2 2 1 1 1395 2009 392
519 2 2 1 1 643 2001 1993
520 2 2 1 1 1944 2024 1357
521 2 2 1 1 1410 1412 659
522 2 2 1 1 1200 2021 1596
523 2 2 1 1 2131 2137 1689
524 2 2 1 1 1267 2084 1354
525 2 2 1 1 1590 2080 1640
526 2 2 1 1 1922 2140 1779
527 2 2 1 1 661 1412 703
528 2 2 1 1 1015 2071 2043
529 2 2 1 1 397 2156 1539
530 2 2 1 1 1369 1957 1674
531 2 2 1 1 1960 2135 1585
532 2 2 1 1 166 1463 167
533 2 2 1 1 1966 2033 1359
534 2 2 1 1 1855 2118 1740
535 2 2 1 1 933 1404 1393
536 2 2 1 1 1393 1404 1394
537 2 2 1 1 1062 1744 1431
538 2 2 1 1 1656 1683 1560
539 2 2 1 1 1633 2141 1836
540 2 2 1 1 68 1645 384
541 2 2 1 1 351 1645 67
542 2 2 1 1 1377 1379 1226
543 2 2 1 1 1385 1976 1971
544 2 2 1 1 945 1379 1377
545 2 2 1 1 1477 1933 1757
546 2 2 1 1 1353 1451 1450
547 2 2 1 1 2019 2022 1303
548 2 2 1 1 1333 2161 1622
549 2 2 1 1 1436 1937 1434
550 2 2 1 1 968 1846 1376
551 2 2 1 1 1305 2022 2019
552 2 2 1 1 1376 1846 1348
553 2 2 1 1 1615 2083 1172
554 2 2 1 1 1466 1921 1476
555 2 2 1 1 1274 1939 1363
556 2 2 1 1 1434 1931 1435
557 2 2 1 1 764 1989 1361
558 2 2 1 1 331 2145 1454
559 2 2 1 1 1971 1976 1252
560 2 2 1 1 1911 1984 1274
561 2 2 1 1 392 1335 21
562 2 2 1 1 393 2027 1667
563 2 2 1 1 1366 1991 466
564 2 2 1 1 1290 2027 1291
565 2 2 1 1 1464 2034 1193
566 2 2 1 1 1402 1405 1404
567 2 2 1 1 1385 1847 1381
568 2 2 1 1 1607 2090 1608
569 2 2 1 1 376 2094 1374
570 2 2 1 1 466 1998 1366
571 2 2 1 1 1644 1645 351
572 2 2 1 1 1404 1405 1394
573 2 2 1 1 1973 1978 616
574 2 2 1 1 1282 1978 1973
575 2 2 1 1 1595 1999 354
576 2 2 1 1 784 1847 1385
577 2 2 1 1 1059 2003 1364
578 2 2 1 1 1431 1744 1424
579 2 2 1 1 1428 1872 1429
580 2 2 1 1 61 2010 1360
581 2 2 1 1 1391 2109 390
582 2 2 1 1 1434 1937 1931
583 2 2 1 1 1837 1912 885
584 2 2 1 1 1411 1961 1071
585 2 2 1 1 1670 2078 2030
586 2 2 1 1 1287 2075 2049
587 2 2 1 1 1627 2013 1130
588 2 2 1 1 331 1463 166
589 2 2 1 1 167 1463 385
590 2 2 1 1 1605 1913 1848
591 2 2 1 1 934 1399 1388
592 2 2 1 1 1405 1406 1394
593 2 2 1 1 1380 1908 857
594 2 2 1 1 1393 1399 933
595 2 2 1 1 1381 1847 702
596 2 2 1 1 672 1446 670
597 2 2 1 1 1423 1970 1216
598 2 2 1 1 1429 1872 996
599 2 2 1 1 1418 1886 350
600 2 2 1 1 1721 2120 1617
601 2 2 1 1 1378 1853 1377
602 2 2 1 1 702 1445 1381
603 2 2 1 1 1667 2092 386
604 2 2 1 1 1560 2167 1656
605 2 2 1 1 1379 1837 1226
606 2 2 1 1 1451 2158 971
607 2 2 1 1 1192 2071 2040
608 2 2 1 1 1191 2011 1365
609 2 2 1 1 1757 1933 1153
610 2 2 1 1 1929 1930 1312
611 2 2 1 1 3 1337 28
612 2 2 1 1 1281 1988 1986
613 2 2 1 1 1382 1876 1234
614 2 2 1 1 1234 1901 1382
615 2 2 1 1 1476 1921 1165
616 2 2 1 1 1250 1908 1380
617 2 2 1 1 1419 1979 1220
618 2 2 1 1 1455 1463 331
619 2 2 1 1 1166 1844 1841
620 2 2 1 1 685 1434 1433
621 2 2 1 1 1377 1853 945
622 2 2 1 1 2003 2057 1364
623 2 2 1 1 1390 1392 1389
624 2 2 1 1 333 2069 1771
625 2 2 1 1 1090 1896 1814
626 2 2 1 1 1388 1399 1393
627 2 2 1 1 2004 2005 1835
628 2 2 1 1 925 1399 934
629 2 2 1 1 685 1433 1432
630 2 2 1 1 1566 1567 338
631 2 2 1 1 1416 1418 1417
632 2 2 1 1 892 1879 1854
633 2 2 1 1 1583 1586 1585
634 2 2 1 1 1841 1844 608
635 2 2 1 1 1455 1950 1463
636 2 2 1 1 1166 1814 1383
637 2 2 1 1 670 1446 702
638 2 2 1 1 1400 1988 1281
639 2 2 1 1 920 922 921
640 2 2 1 1 1401 1404 933
641 2 2 1 1 1435 1931 928
642 2 2 1 1 769 1987 1986
643 2 2 1 1 1388 1390 1389
644 2 2 1 1 1383 1844 1166
645 2 2 1 1 1548 2076 1549
646 2 2 1 1 1368 2087 1585
647 2 2 1 1 1441 1832 1440
648 2 2 1 1 650 1422 727
649 2 2 1 1 1398 1438 1098
650 2 2 1 1 619 1832 1441
651 2 2 1 1 1311 1312 1085
652 2 2 1 1 519 1422 650
653 2 2 1 1 1098 1438 988
654 2 2 1 1 1078 1440 993
655 2 2 1 1 934 1388 1387
656 2 2 1 1 920 924 922
657 2 2 1 1 38 1840 39
658 2 2 1 1 1233 1850 1448
659 2 2 1 1 935 1417 1004
660 2 2 1 1 1451 1452 1450
661 2 2 1 1 1379 1912 1837
662 2 2 1 1 420 1716 1444
663 2 2 1 1 685 1432 669
664 2 2 1 1 1421 1993 1268
665 2 2 1 1 917 920 919
666 2 2 1 1 929 1401 933
667 2 2 1 1 788 2015 1443
668 2 2 1 1 665 1436 667
669 2 2 1 1 1004 1417 1403
670 2 2 1 1 669 1432 671
671 2 2 1 1 920 1744 924
672 2 2 1 1 924 925 922
673 2 2 1 1 1388 1389 1387
674 2 2 1 1 1424 1744 917
675 2 2 1 1 1098 1439 1398
676 2 2 1 1 1299 1857 1425
677 2 2 1 1 986 1823 984
678 2 2 1 1 1045 1876 1382
679 2 2 1 1 988 1438 986
680 2 2 1 1 499 2067 2025
681 2 2 1 1 672 1854 1446
682 2 2 1 1 1078 1441 1440
683 2 2 1 1 343 860 401
684 2 2 1 1 1670 2030 1662
685 2 2 1 1 1444 1716 1150
686 2 2 1 1 914 1424 917
687 2 2 1 1 1434 1435 1433
688 2 2 1 1 91 1407 342
689 2 2 1 1 1475 1858 1154
690 2 2 1 1 924 1744 1062
691 2 2 1 1 1004 1402 1401
692 2 2 1 1 1468 1793 1467
693 2 2 1 1 1082 1916 1876
694 2 2 1 1 1402 1404 1401
695 2 2 1 1 1417 1418 1403
696 2 2 1 1 1312 1395 1085
697 2 2 1 1 921 1386 1038
698 2 2 1 1 1430 1431 1424
699 2 2 1 1 857 1908 1904
700 2 2 1 1 688 1793 1468
701 2 2 1 1 1550 2020 485
702 2 2 1 1 925 934 922
703 2 2 1 1 1848 1913 609
704 2 2 1 1 1393 1394 1390
705 2 2 1 1 1836 2111 1633
706 2 2 1 1 1565 2169 1566
707 2 2 1 1 422 1428 1427
708 2 2 1 1 1420 1422 519
709 2 2 1 1 1461 1819 990
710 2 2 1 1 702 1446 1445
711 2 2 1 1 860 1396 401
712 2 2 1 1 1376 1905 968
713 2 2 1 1 1415 1416 1026
714 2 2 1 1 1432 1433 1431
715 2 2 1 1 1448 1850 701
716 2 2 1 1 1425 1857 909
717 2 2 1 1 1438 1823 986
718 2 2 1 1 671 1432 1430
719 2 2 1 1 1854 1879 1446
720 2 2 1 1 926 927 925
721 2 2 1 1 422 1444 1428
722 2 2 1 1 401 1396 403
723 2 2 1 1 929 933 927
724 2 2 1 1 414 1420 519
725 2 2 1 1 485 2023 1550
726 2 2 1 1 1195 1442 1196
727 2 2 1 1 655 1423 725
728 2 2 1 1 949 1895 1802
729 2 2 1 1 1388 1393 1390
730 2 2 1 1 369 1840 1354
731 2 2 1 1 920 921 919
732 2 2 1 1 667 1436 685
733 2 2 1 1 1196 1442 1437
734 2 2 1 1 1548 2085 2076
735 2 2 1 1 1027 1415 1026
736 2 2 1 1 689 1536 711
737 2 2 1 1 1814 1896 1383
738 2 2 1 1 993 1440 1098
739 2 2 1 1 737 1494 735
740 2 2 1 1 1959 1969 1687
741 2 2 1 1 652 1419 654
742 2 2 1 1 1444 1872 1428
743 2 2 1 1 1119 1838 1117
744 2 2 1 1 1533 1800 1534
745 2 2 1 1 700 1430 1424
746 2 2 1 1 343 401 400
747 2 2 1 1 422 1427 423
748 2 2 1 1 744 1494 737
749 2 2 1 1 957 1775 1414
750 2 2 1 1 1146 1819 1461
751 2 2 1 1 927 1399 925
752 2 2 1 1 1310 2126 1628
753 2 2 1 1 565 1697 1439
754 2 2 1 1 685 1436 1434
755 2 2 1 1 1462 1725 821
756 2 2 1 1 423 1427 426
757 2 2 1 1 1439 1697 1398
758 2 2 1 1 1195 1698 1442
759 2 2 1 1 1492 1494 744
760 2 2 1 1 1534 1800 991
761 2 2 1 1 654 1423 655
762 2 2 1 1 933 1399 927
763 2 2 1 1 655 725 657
764 2 2 1 1 757 1706 1529
765 2 2 1 1 744 1495 1492
766 2 2 1 1 924 926 925
767 2 2 1 1 1430 1432 1431
768 2 2 1 1 902 2002 1994
769 2 2 1 1 914 917 916
770 2 2 1 1 91 342 92
771 2 2 1 1 1024 1858 1475
772 2 2 1 1 700 1424 914
773 2 2 1 1 657 1410 659
774 2 2 1 1 89 1456 370
775 2 2 1 1 1471 1696 1473
776 2 2 1 1 849 1817 1663
777 2 2 1 1 420 1444 422
778 2 2 1 1 1529 1706 1528
779 2 2 1 1 370 1407 90
780 2 2 1 1 1473 1696 797
781 2 2 1 1 335 2093 1617
782 2 2 1 1 931 1401 929
783 2 2 1 1 1026 1417 935
784 2 2 1 1 1644 2155 1225
785 2 2 1 1 1510 1839 1727
786 2 2 1 1 1567 1568 338
787 2 2 1 1 1250 1380 1252
788 2 2 1 1 1757 1959 1687
789 2 2 1 1 643 1421 1420
790 2 2 1 1 401 403 402
791 2 2 1 1 1004 1401 931
792 2 2 1 1 1529 1707 757
793 2 2 1 1 671 1430 673
794 2 2 1 1 1437 1443 1196
795 2 2 1 1 4 350 29
796 2 2 1 1 153 1482 362
797 2 2 1 1 519 650 649
798 2 2 1 1 612 1576 614
799 2 2 1 1 1543 1698 1195
800 2 2 1 1 1108 1725 1462
801 2 2 1 1 650 652 651
802 2 2 1 1 372 1447 159
803 2 2 1 1 727 1419 652
804 2 2 1 1 686 1536 689
805 2 2 1 1 1012 1251 1250
806 2 2 1 1 725 1411 1410
807 2 2 1 1 711 1536 1465
808 2 2 1 1 410 643 412
809 2 2 1 1 1167 1198 1070
810 2 2 1 1 560 1498 562
811 2 2 1 1 1012 1250 1013
812 2 2 1 1 1727 1839 447
813 2 2 1 1 531 1728 533
814 2 2 1 1 1428 1429 1251
815 2 2 1 1 643 1420 412
816 2 2 1 1 1077 1385 1381
817 2 2 1 1 652 654 653
818 2 2 1 1 544 1477 547
819 2 2 1 1 1264 1267 1263
820 2 2 1 1 1566 2169 1567
821 2 2 1 1 694 1469 690
822 2 2 1 1 1888 1891 1158
823 2 2 1 1 371 2168 1353
824 2 2 1 1 935 1004 931
825 2 2 1 1 725 1410 657
826 2 2 1 1 488 1696 1471
827 2 2 1 1 158 1457 372
828 2 2 1 1 412 1420 414
829 2 2 1 1 1421 1422 1420
830 2 2 1 1 401 402 400
831 2 2 1 1 1071 1167 1070
832 2 2 1 1 926 928 927
833 2 2 1 1 607 1498 560
834 2 2 1 1 1425 1862 1426
835 2 2 1 1 408 410 409
836 2 2 1 1 928 929 927
837 2 2 1 1 690 1469 687
838 2 2 1 1 1004 1403 1402
839 2 2 1 1 654 655 653
840 2 2 1 1 1512 1514 1513
841 2 2 1 1 162 1449 371
842 2 2 1 1 27 343 26
843 2 2 1 1 488 1471 1470
844 2 2 1 1 650 727 652
845 2 2 1 1 877 1466 538
846 2 2 1 1 1097 1728 531
847 2 2 1 1 1240 1804 1572
848 2 2 1 1 835 1513 1005
849 2 2 1 1 1374 2094 1723
850 2 2 1 1 1775 1781 1414
851 2 2 1 1 1905 1925 1295
852 2 2 1 1 414 519 416
853 2 2 1 1 673 1430 700
854 2 2 1 1 1795 1811 1460
855 2 2 1 1 1510 1681 1148
856 2 2 1 1 917 919 916
857 2 2 1 1 1462 1795 1460
858 2 2 1 1 89 370 90
859 2 2 1 1 484 1474 487
860 2 2 1 1 343 400 26
861 2 2 1 1 600 1519 603
862 2 2 1 1 1815 1817 849
863 2 2 1 1 519 649 416
864 2 2 1 1 88 1464 1456
865 2 2 1 1 614 1576 1535
866 2 2 1 1 1487 1495 1485
867 2 2 1 1 877 1921 1466
868 2 2 1 1 1075 1077 1074
869 2 2 1 1 90 1407 91
870 2 2 1 1 1073 1074 1072
871 2 2 1 1 1070 1415 1027
872 2 2 1 1 650 651 649
873 2 2 1 1 934 1387 1386
874 2 2 1 1 1600 2028 359
875 2 2 1 1 1467 1793 1469
876 2 2 1 1 1069 1070 1027
877 2 2 1 1 667 685 669
878 2 2 1 1 562 1498 1497
879 2 2 1 1 1493 1810 1494
880 2 2 1 1 1077 1381 1074
881 2 2 1 1 1075 1527 1077
882 2 2 1 1 410 412 411
883 2 2 1 1 547 1757 1687
884 2 2 1 1 657 659 658
885 2 2 1 1 1492 1495 1487
886 2 2 1 1 347 1458 1457
887 2 2 1 1 833 1513 835
888 2 2 1 1 936 1026 935
889 2 2 1 1 1416 1417 1026
890 2 2 1 1 1094 1814 1166
891 2 2 1 1 984 1823 1572
892 2 2 1 1 1643 2021 1355
893 2 2 1 1 615 1576 612
894 2 2 1 1 1045 1382 1175
895 2 2 1 1 1526 1717 1525
896 2 2 1 1 1534 1781 1775
897 2 2 1 1 1731 1838 1119
898 2 2 1 1 1663 1817 1491
899 2 2 1 1 1504 1506 591
900 2 2 1 1 655 657 656
901 2 2 1 1 604 1519 600
902 2 2 1 1 1572 1804 790
903 2 2 1 1 1513 1514 1005
904 2 2 1 1 1108 1462 1459
905 2 2 1 1 1531 1748 1604
906 2 2 1 1 160 1447 337
907 2 2 1 1 1459 1507 1108
908 2 2 1 1 614 1535 618
909 2 2 1 1 652 653 651
910 2 2 1 1 899 1072 894
911 2 2 1 1 1452 1453 1450
912 2 2 1 1 711 1465 905
913 2 2 1 1 426 1012 767
914 2 2 1 1 575 1717 1526
915 2 2 1 1 1250 1252 1013
916 2 2 1 1 1168 1214 1167
917 2 2 1 1 884 1480 885
918 2 2 1 1 405 408 407
919 2 2 1 1 1563 1805 1143
920 2 2 1 1 997 1082 998
921 2 2 1 1 337 1449 161
922 2 2 1 1 1342 1478 1051
923 2 2 1 1 1734 1762 890
924 2 2 1 1 1495 1654 1485
925 2 2 1 1 618 1535 622
926 2 2 1 1 540 1466 543
927 2 2 1 1 1493 1815 1810
928 2 2 1 1 917 1744 920
929 2 2 1 1 791 1698 1543
930 2 2 1 1 160 337 161
931 2 2 1 1 88 1456 89
932 2 2 1 1 1505 1506 1504
933 2 2 1 1 1663 1830 849
934 2 2 1 1 1499 1503 1500
935 2 2 1 1 488 1474 484
936 2 2 1 1 1703 1808 1213
937 2 2 1 1 1098 1440 1439
938 2 2 1 1 707 1530 705
939 2 2 1 1 1528 1706 1530
940 2 2 1 1 876 1516 1049
941 2 2 1 1 1618 1691 1620
942 2 2 1 1 795 1775 957
943 2 2 1 1 1233 1448 1082
944 2 2 1 1 347 1457 157
945 2 2 1 1 990 1819 846
946 2 2 1 1 1604 1748 717
947 2 2 1 1 712 1530 707
948 2 2 1 1 426 1427 1012
949 2 2 1 1 1001 1509 1508
950 2 2 1 1 538 1466 540
951 2 2 1 1 997 1465 1233
952 2 2 1 1 367 1481 151
953 2 2 1 1 649 1716 416
954 2 2 1 1 932 935 931
955 2 2 1 1 1481 1482 152
956 2 2 1 1 799 1681 801
957 2 2 1 1 1150 1716 649
958 2 2 1 1 1001 1508 829
959 2 2 1 1 1543 1544 791
960 2 2 1 1 410 411 409
961 2 2 1 1 1493 1817 1815
962 2 2 1 1 908 997 947
963 2 2 1 1 1051 1478 1050
964 2 2 1 1 1049 1516 1340
965 2 2 1 1 881 1469 694
966 2 2 1 1 158 372 159
967 2 2 1 1 147 1479 373
968 2 2 1 1 899 1073 1072
969 2 2 1 1 412 414 413
970 2 2 1 1 408 409 407
971 2 2 1 1 603 1519 1518
972 2 2 1 1 997 998 947
973 2 2 1 1 644 1503 1499
974 2 2 1 1 562 1497 564
975 2 2 1 1 1148 1681 799
976 2 2 1 1 1386 1827 1038
977 2 2 1 1 887 1480 884
978 2 2 1 1 1620 1691 1373
979 2 2 1 1 1227 1377 1226
980 2 2 1 1 1073 1075 1074
981 2 2 1 1 529 1780 1097
982 2 2 1 1 1206 1461 990
983 2 2 1 1 507 1522 1520
984 2 2 1 1 1483 1484 841
985 2 2 1 1 741 1692 739
986 2 2 1 1 1012 1013 767
987 2 2 1 1 817 1507 941
988 2 2 1 1 840 1483 841
989 2 2 1 1 1001 1510 1509
990 2 2 1 1 1204 1226 1203
991 2 2 1 1 1470 1474 488
992 2 2 1 1 39 1840 369
993 2 2 1 1 1561 1591 1330
994 2 2 1 1 507 1524 1522
995 2 2 1 1 25 1344 24
996 2 2 1 1 1587 1625 1591
997 2 2 1 1 152 1482 153
998 2 2 1 1 150 367 151
999 2 2 1 1 153 362 154
1000 2 2 1 1 156 347 157
1001 2 2 1 1 1574 1624 1030
1002 2 2 1 1 873 1518 1235
1003 2 2 1 1 905 1465 908
1004 2 2 1 1 937 1562 779
1005 2 2 1 1 644 1499 584
1006 2 2 1 1 536 877 538
1007 2 2 1 1 697 1708 695
1008 2 2 1 1 997 1233 1082
1009 2 2 1 1 611 1518 873
1010 2 2 1 1 895 1709 899
1011 2 2 1 1 908 1465 997
1012 2 2 1 1 540 543 542
1013 2 2 1 1 659 661 660
1014 2 2 1 1 1612 1613 1611
1015 2 2 1 1 991 1781 1534
1016 2 2 1 1 1069 1071 1070
1017 2 2 1 1 885 1079 883
1018 2 2 1 1 498 1524 501
1019 2 2 1 1 1474 1734 487
1020 2 2 1 1 1483 1496 1484
1021 2 2 1 1 1204 1227 1226
1022 2 2 1 1 1466 1476 543
1023 2 2 1 1 1576 1800 1533
1024 2 2 1 1 954 1302 1301
1025 2 2 1 1 1079 1468 1467
1026 2 2 1 1 1227 1378 1377
1027 2 2 1 1 1045 1175 1174
1028 2 2 1 1 368 1542 98
1029 2 2 1 1 1520 1666 507
1030 2 2 1 1 1427 1428 1251
1031 2 2 1 1 1304 1363 1302
1032 2 2 1 1 1239 1666 1520
1033 2 2 1 1 1496 1547 1484
1034 2 2 1 1 1219 1740 1218
1035 2 2 1 1 1100 2029 1370
1036 2 2 1 1 162 371 163
1037 2 2 1 1 729 1805 1563
1038 2 2 1 1 1589 1624 1574
1039 2 2 1 1 1001 1681 1510
1040 2 2 1 1 911 1517 635
1041 2 2 1 1 533 1728 536
1042 2 2 1 1 1499 1500 594
1043 2 2 1 1 1263 1740 1219
1044 2 2 1 1 1202 1204 1203
1045 2 2 1 1 159 1447 160
1046 2 2 1 1 1465 1536 1233
1047 2 2 1 1 1198 1415 1070
1048 2 2 1 1 1644 2051 1645
1049 2 2 1 1 941 1507 1459
1050 2 2 1 1 875 1516 876
1051 2 2 1 1 632 1532 1084
1052 2 2 1 1 1074 1445 1072
1053 2 2 1 1 1202 1203 1022
1054 2 2 1 1 1341 1343 1342
1055 2 2 1 1 972 1517 911
1056 2 2 1 1 567 954 768
1057 2 2 1 1 695 1708 708
1058 2 2 1 1 501 1524 507
1059 2 2 1 1 1117 1517 972
1060 2 2 1 1 544 547 546
1061 2 2 1 1 1474 1762 1734
1062 2 2 1 1 1181 1527 1075
1063 2 2 1 1 332 1464 87
1064 2 2 1 1 157 1457 158
1065 2 2 1 1 1123 1760 1750
1066 2 2 1 1 1497 1498 1304
1067 2 2 1 1 1085 1206 990
1068 2 2 1 1 691 892 677
1069 2 2 1 1 87 1464 88
1070 2 2 1 1 414 416 415
1071 2 2 1 1 779 1562 770
1072 2 2 1 1 396 1479 148
1073 2 2 1 1 809 1808 1703
1074 2 2 1 1 1518 1519 1235
1075 2 2 1 1 893 894 892
1076 2 2 1 1 831 1508 1002
1077 2 2 1 1 1049 1051 1050
1078 2 2 1 1 149 396 148
1079 2 2 1 1 85 1612 1611
1080 2 2 1 1 749 1507 817
1081 2 2 1 1 993 1098 988
1082 2 2 1 1 883 1467 881
1083 2 2 1 1 954 1301 768
1084 2 2 1 1 930 931 929
1085 2 2 1 1 570 1551 573
1086 2 2 1 1 586 1499 594
1087 2 2 1 1 151 1481 152
1088 2 2 1 1 1157 1873 1119
1089 2 2 1 1 624 1532 632
1090 2 2 1 1 882 883 881
1091 2 2 1 1 954 1497 1304
1092 2 2 1 1 1343 1361 1342
1093 2 2 1 1 1340 1341 1051
1094 2 2 1 1 548 1687 616
1095 2 2 1 1 1485 1654 841
1096 2 2 1 1 1508 1511 1002
1097 2 2 1 1 873 875 874
1098 2 2 1 1 1532 1533 1084
1099 2 2 1 1 395 1539 1538
1100 2 2 1 1 1525 1717 730
1101 2 2 1 1 593 1506 597
1102 2 2 1 1 1221 1263 1219
1103 2 2 1 1 829 1508 831
1104 2 2 1 1 1118 1119 1117
1105 2 2 1 1 1217 1218 1215
1106 2 2 1 1 1120 1546 1545
1107 2 2 1 1 547 1687 548
1108 2 2 1 1 876 1049 992
1109 2 2 1 1 1494 1810 735
1110 2 2 1 1 1120 1545 1113
1111 2 2 1 1 936 1027 1026
1112 2 2 1 1 588 1504 591
1113 2 2 1 1 526 1589 1573
1114 2 2 1 1 564 1497 567
1115 2 2 1 1 403 404 402
1116 2 2 1 1 1573 1589 1574
1117 2 2 1 1 1591 1625 1330
1118 2 2 1 1 1083 1475 1154
1119 2 2 1 1 161 1449 162
1120 2 2 1 1 1467 1469 881
1121 2 2 1 1 1552 1553 346
1122 2 2 1 1 791 1544 629
1123 2 2 1 1 1500 1502 1501
1124 2 2 1 1 412 413 411
1125 2 2 1 1 1081 1366 1278
1126 2 2 1 1 1235 1339 875
1127 2 2 1 1 827 1001 829
1128 2 2 1 1 98 1542 97
1129 2 2 1 1 956 1559 1558
1130 2 2 1 1 708 881 694
1131 2 2 1 1 739 1692 744
1132 2 2 1 1 636 1672 630
1133 2 2 1 1 1085 1395 1206
1134 2 2 1 1 762 1531 1125
1135 2 2 1 1 1339 1516 875
1136 2 2 1 1 732 1525 730
1137 2 2 1 1 884 885 883
1138 2 2 1 1 875 876 874
1139 2 2 1 1 1341 1342 1051
1140 2 2 1 1 1511 1512 1002
1141 2 2 1 1 1533 1534 1084
1142 2 2 1 1 994 1078 993
1143 2 2 1 1 1002 1513 833
1144 2 2 1 1 1049 1050 992
1145 2 2 1 1 941 1162 1116
1146 2 2 1 1 1064 1117 972
1147 2 2 1 1 795 957 862
1148 2 2 1 1 364 1582 1581
1149 2 2 1 1 998 1045 1044
1150 2 2 1 1 853 1691 1618
1151 2 2 1 1 941 1116 940
1152 2 2 1 1 632 795 637
1153 2 2 1 1 1484 1547 1486
1154 2 2 1 1 1486 1547 1489
1155 2 2 1 1 1562 1754 770
1156 2 2 1 1 963 990 846
1157 2 2 1 1 611 873 615
1158 2 2 1 1 1477 1757 547
1159 2 2 1 1 557 1649 558
1160 2 2 1 1 1904 1908 1429
1161 2 2 1 1 954 1304 1302
1162 2 2 1 1 584 1499 586
1163 2 2 1 1 548 616 550
1164 2 2 1 1 364 1581 101
1165 2 2 1 1 817 941 940
1166 2 2 1 1 1050 1478 1081
1167 2 2 1 1 978 1483 840
1168 2 2 1 1 629 1544 631
1169 2 2 1 1 86 1611 332
1170 2 2 1 1 1083 1154 870
1171 2 2 1 1 558 1649 607
1172 2 2 1 1 1536 1850 1233
1173 2 2 1 1 1079 1467 883
1174 2 2 1 1 526 1639 1571
1175 2 2 1 1 873 874 615
1176 2 2 1 1 850 1569 639
1177 2 2 1 1 567 1497 954
1178 2 2 1 1 728 1530 712
1179 2 2 1 1 1484 1485 841
1180 2 2 1 1 956 1558 806
1181 2 2 1 1 395 1538 96
1182 2 2 1 1 1094 1166 1110
1183 2 2 1 1 364 1583 1582
1184 2 2 1 1 586 594 588
1185 2 2 1 1 1804 1831 1147
1186 2 2 1 1 1569 1673 1099
1187 2 2 1 1 989 993 988
1188 2 2 1 1 639 1569 641
1189 2 2 1 1 474 1718 1179
1190 2 2 1 1 85 1611 86
1191 2 2 1 1 984 1572 848
1192 2 2 1 1 957 1059 862
1193 2 2 1 1 795 862 637
1194 2 2 1 1 627 1537 791
1195 2 2 1 1 1147 1526 1525
1196 2 2 1 1 744 1692 1495
1197 2 2 1 1 1081 1478 1366
1198 2 2 1 1 606 1518 611
1199 2 2 1 1 1025 1083 870
1200 2 2 1 1 932 936 935
1201 2 2 1 1 1125 1531 1128
1202 2 2 1 1 1036 1715 1700
1203 2 2 1 1 1128 1531 1132
1204 2 2 1 1 1587 1591 956
1205 2 2 1 1 624 632 626
1206 2 2 1 1 1049 1340 1051
1207 2 2 1 1 1195 1196 1194
1208 2 2 1 1 987 988 986
1209 2 2 1 1 1128 1132 1131
1210 2 2 1 1 1022 1480 887
1211 2 2 1 1 1088 1194 1089
1212 2 2 1 1 1201 1202 1022
1213 2 2 1 1 622 1535 1532
1214 2 2 1 1 895 899 894
1215 2 2 1 1 1459 1460 1162
1216 2 2 1 1 632 637 626
1217 2 2 1 1 581 644 584
1218 2 2 1 1 831 1002 833
1219 2 2 1 1 554 557 556
1220 2 2 1 1 622 1532 624
1221 2 2 1 1 1292 1293 978
1222 2 2 1 1 147 373 146
1223 2 2 1 1 956 1591 1559
1224 2 2 1 1 1547 1548 1489
1225 2 2 1 1 1086 1088 1087
1226 2 2 1 1 1554 1556 1555
1227 2 2 1 1 1088 1543 1195
1228 2 2 1 1 1108 1507 747
1229 2 2 1 1 1154 1529 1528
1230 2 2 1 1 1057 1556 1554
1231 2 2 1 1 754 1147 752
1232 2 2 1 1 1573 1639 526
1233 2 2 1 1 1537 1730 1698
1234 2 2 1 1 943 1668 938
1235 2 2 1 1 1471 1473 1472
1236 2 2 1 1 1292 1324 1293
1237 2 2 1 1 869 870 728
1238 2 2 1 1 985 986 984
1239 2 2 1 1 543 1477 544
1240 2 2 1 1 630 1672 628
1241 2 2 1 1 141 1552 346
1242 2 2 1 1 1203 1480 1022
1243 2 2 1 1 1018 1275 937
1244 2 2 1 1 1057 1554 952
1245 2 2 1 1 979 1292 978
1246 2 2 1 1 817 940 818
1247 2 2 1 1 762 1748 1531
1248 2 2 1 1 1111 1605 1120
1249 2 2 1 1 591 1506 593
1250 2 2 1 1 747 1507 749
1251 2 2 1 1 1570 1666 1239
1252 2 2 1 1 1113 1545 1115
1253 2 2 1 1 806 1558 839
1254 2 2 1 1 752 1525 732
1255 2 2 1 1 558 607 560
1256 2 2 1 1 873 1235 875
1257 2 2 1 1 1115 1545 1271
1258 2 2 1 1 1299 1425 1333
1259 2 2 1 1 1086 1544 1543
1260 2 2 1 1 848 1572 790
1261 2 2 1 1 632 1084 795
1262 2 2 1 1 1194 1550 1089
1263 2 2 1 1 1229 1231 1230
1264 2 2 1 1 1021 1022 887
1265 2 2 1 1 840 841 796
1266 2 2 1 1 1088 1089 1087
1267 2 2 1 1 726 728 712
1268 2 2 1 1 567 768 568
1269 2 2 1 1 1500 1501 594
1270 2 2 1 1 346 1564 140
1271 2 2 1 1 1490 1493 1492
1272 2 2 1 1 638 1086 850
1273 2 2 1 1 1488 1490 1487
1274 2 2 1 1 1493 1494 1492
1275 2 2 1 1 1471 1472 1231
1276 2 2 1 1 876 992 991
1277 2 2 1 1 1486 1487 1485
1278 2 2 1 1 1509 1511 1508
1279 2 2 1 1 1514 1515 1005
1280 2 2 1 1 772 1701 774
1281 2 2 1 1 593 597 596
1282 2 2 1 1 1484 1486 1485
1283 2 2 1 1 682 1621 680
1284 2 2 1 1 816 1577 853
1285 2 2 1 1 1540 1541 1539
1286 2 2 1 1 1089 1550 1283
1287 2 2 1 1 1088 1195 1194
1288 2 2 1 1 821 1795 1462
1289 2 2 1 1 1110 1605 1111
1290 2 2 1 1 1470 1471 1231
1291 2 2 1 1 1094 1110 1095
1292 2 2 1 1 1071 1168 1167
1293 2 2 1 1 1086 1087 850
1294 2 2 1 1 1147 1525 752
1295 2 2 1 1 526 1571 521
1296 2 2 1 1 1161 1668 943
1297 2 2 1 1 813 1099 865
1298 2 2 1 1 1578 1579 368
1299 2 2 1 1 749 817 808
1300 2 2 1 1 148 1479 147
1301 2 2 1 1 1050 1081 1080
1302 2 2 1 1 835 1005 867
1303 2 2 1 1 403 405 404
1304 2 2 1 1 1480 1837 885
1305 2 2 1 1 1132 1149 1131
1306 2 2 1 1 743 1108 747
1307 2 2 1 1 1141 1247 999
1308 2 2 1 1 95 1538 399
1309 2 2 1 1 1229 1230 1228
1310 2 2 1 1 438 1772 1139
1311 2 2 1 1 1017 1090 1054
1312 2 2 1 1 506 1570 510
1313 2 2 1 1 1149 1857 1299
1314 2 2 1 1 1700 1715 1524
1315 2 2 1 1 395 1540 1539
1316 2 2 1 1 1086 1543 1088
1317 2 2 1 1 1037 1229 1228
1318 2 2 1 1 801 1681 827
1319 2 2 1 1 1707 1708 757
1320 2 2 1 1 708 882 881
1321 2 2 1 1 101 1581 100
1322 2 2 1 1 1140 1246 1245
1323 2 2 1 1 129 1600 359
1324 2 2 1 1 95 399 94
1325 2 2 1 1 1099 1100 865
1326 2 2 1 1 1091 1094 1093
1327 2 2 1 1 994 1160 1078
1328 2 2 1 1 631 1544 638
1329 2 2 1 1 1662 1663 1491
1330 2 2 1 1 1698 1730 1442
1331 2 2 1 1 99 1578 368
1332 2 2 1 1 1486 1488 1487
1333 2 2 1 1 611 615 612
1334 2 2 1 1 1618 1620 1619
1335 2 2 1 1 603 1518 606
1336 2 2 1 1 1111 1120 1113
1337 2 2 1 1 641 1569 813
1338 2 2 1 1 360 1612 84
1339 2 2 1 1 84 1612 85
1340 2 2 1 1 726 869 728
1341 2 2 1 1 598 604 600
1342 2 2 1 1 1293 1496 1483
1343 2 2 1 1 897 1709 895
1344 2 2 1 1 983 984 848
1345 2 2 1 1 870 1528 728
1346 2 2 1 1 622 624 623
1347 2 2 1 1 941 1459 1162
1348 2 2 1 1 1118 1157 1119
1349 2 2 1 1 1488 1491 1490
1350 2 2 1 1 638 1544 1086
1351 2 2 1 1 863 937 779
1352 2 2 1 1 758 1692 741
1353 2 2 1 1 474 1179 480
1354 2 2 1 1 796 1654 758
1355 2 2 1 1 908 947 946
1356 2 2 1 1 1614 1615 378
1357 2 2 1 1 869 1025 870
1358 2 2 1 1 1115 1271 1257
1359 2 2 1 1 792 822 773
1360 2 2 1 1 1490 1492 1487
1361 2 2 1 1 145 357 144
1362 2 2 1 1 1607 1608 1606
1363 2 2 1 1 606 611 610
1364 2 2 1 1 126 1610 335
1365 2 2 1 1 374 1552 142
1366 2 2 1 1 344 1602 1601
1367 2 2 1 1 1626 1627 336
1368 2 2 1 1 380 1607 1606
1369 2 2 1 1 510 1570 513
1370 2 2 1 1 1676 1678 1588
1371 2 2 1 1 989 994 993
1372 2 2 1 1 521 1571 525
1373 2 2 1 1 618 622 621
1374 2 2 1 1 1559 1591 1561
1375 2 2 1 1 1081 1278 1185
1376 2 2 1 1 810 1587 646
1377 2 2 1 1 1554 1555 1289
1378 2 2 1 1 379 1598 1597
1379 2 2 1 1 624 626 625
1380 2 2 1 1 1548 1549 1489
1381 2 2 1 1 882 884 883
1382 2 2 1 1 969 1289 1066
1383 2 2 1 1 813 1569 1099
1384 2 2 1 1 1459 1462 1460
1385 2 2 1 1 97 1542 395
1386 2 2 1 1 1802 1895 1259
1387 2 2 1 1 143 374 142
1388 2 2 1 1 523 1678 1676
1389 2 2 1 1 1057 1557 1556
1390 2 2 1 1 952 1554 969
1391 2 2 1 1 564 567 566
1392 2 2 1 1 1293 1483 978
1393 2 2 1 1 97 395 96
1394 2 2 1 1 1229 1470 1231
1395 2 2 1 1 139 1564 375
1396 2 2 1 1 1034 1575 1297
1397 2 2 1 1 1059 1365 1060
1398 2 2 1 1 757 1708 697
1399 2 2 1 1 1289 1290 1066
1400 2 2 1 1 1606 1608 339
1401 2 2 1 1 83 1622 360
1402 2 2 1 1 900 902 897
1403 2 2 1 1 1239 1520 1253
1404 2 2 1 1 852 978 840
1405 2 2 1 1 1179 1208 480
1406 2 2 1 1 1520 1522 1521
1407 2 2 1 1 1425 1426 1333
1408 2 2 1 1 82 1622 83
1409 2 2 1 1 1578 1580 1579
1410 2 2 1 1 1618 1619 1015
1411 2 2 1 1 333 1599 131
1412 2 2 1 1 359 1609 128
1413 2 2 1 1 969 1554 1289
1414 2 2 1 1 720 1653 778
1415 2 2 1 1 1280 1563 1143
1416 2 2 1 1 810 1625 1587
1417 2 2 1 1 1089 1283 1190
1418 2 2 1 1 854 1618 1015
1419 2 2 1 1 890 1037 1035
1420 2 2 1 1 141 346 140
1421 2 2 1 1 871 1588 781
1422 2 2 1 1 1522 1523 1521
1423 2 2 1 1 1037 1228 1211
1424 2 2 1 1 1239 1253 1186
1425 2 2 1 1 1056 1588 871
1426 2 2 1 1 839 1057 952
1427 2 2 1 1 1592 1593 377
1428 2 2 1 1 963 1085 990
1429 2 2 1 1 1286 1588 1056
1430 2 2 1 1 99 368 98
1431 2 2 1 1 1520 1521 1253
1432 2 2 1 1 638 850 639
1433 2 2 1 1 377 1590 109
1434 2 2 1 1 123 1616 380
1435 2 2 1 1 743 1725 1108
1436 2 2 1 1 1100 1372 1109
1437 2 2 1 1 1154 1528 870
1438 2 2 1 1 1632 1633 1631
1439 2 2 1 1 335 1617 125
1440 2 2 1 1 813 865 814
1441 2 2 1 1 1528 1530 728
1442 2 2 1 1 1599 1600 130
1443 2 2 1 1 853 1618 854
1444 2 2 1 1 646 1587 648
1445 2 2 1 1 139 375 138
1446 2 2 1 1 570 573 572
1447 2 2 1 1 960 1239 1186
1448 2 2 1 1 999 1672 636
1449 2 2 1 1 1559 1560 1557
1450 2 2 1 1 1064 1118 1117
1451 2 2 1 1 118 1614 378
1452 2 2 1 1 1522 1715 1523
1453 2 2 1 1 348 1592 111
1454 2 2 1 1 1223 1595 1594
1455 2 2 1 1 1609 1610 127
1456 2 2 1 1 96 1538 95
1457 2 2 1 1 128 1609 127
1458 2 2 1 1 627 791 629
1459 2 2 1 1 100 1578 99
1460 2 2 1 1 1076 1181 1075
1461 2 2 1 1 1223 1594 1105
1462 2 2 1 1 414 415 413
1463 2 2 1 1 1285 1286 1056
1464 2 2 1 1 940 1647 818
1465 2 2 1 1 379 1597 113
1466 2 2 1 1 137 338 136
1467 2 2 1 1 839 1558 1057
1468 2 2 1 1 1531 1604 1132
1469 2 2 1 1 985 987 986
1470 2 2 1 1 648 1587 956
1471 2 2 1 1 124 1616 123
1472 2 2 1 1 817 818 808
1473 2 2 1 1 1651 1652 872
1474 2 2 1 1 631 638 634
1475 2 2 1 1 131 1599 130
1476 2 2 1 1 1572 1823 1240
1477 2 2 1 1 987 989 988
1478 2 2 1 1 1021 1201 1022
1479 2 2 1 1 641 813 783
1480 2 2 1 1 645 1101 810
1481 2 2 1 1 344 1601 115
1482 2 2 1 1 495 890 502
1483 2 2 1 1 135 376 134
1484 2 2 1 1 645 810 646
1485 2 2 1 1 102 364 101
1486 2 2 1 1 648 956 806
1487 2 2 1 1 1090 1091 1054
1488 2 2 1 1 525 645 528
1489 2 2 1 1 142 1552 141
1490 2 2 1 1 543 544 542
1491 2 2 1 1 116 1603 344
1492 2 2 1 1 1559 1561 1560
1493 2 2 1 1 1034 1297 1188
1494 2 2 1 1 124 1617 1616
1495 2 2 1 1 724 1651 872
1496 2 2 1 1 518 1589 526
1497 2 2 1 1 1101 1102 810
1498 2 2 1 1 967 1575 1034
1499 2 2 1 1 900 1679 902
1500 2 2 1 1 385 1658 1657
1501 2 2 1 1 140 1564 139
1502 2 2 1 1 854 1015 856
1503 2 2 1 1 1630 1632 1631
1504 2 2 1 1 132 333 131
1505 2 2 1 1 1314 1360 1329
1506 2 2 1 1 119 1614 118
1507 2 2 1 1 718 1623 715
1508 2 2 1 1 816 853 837
1509 2 2 1 1 753 754 752
1510 2 2 1 1 121 1606 339
1511 2 2 1 1 130 1600 129
1512 2 2 1 1 960 1186 1029
1513 2 2 1 1 778 1623 718
1514 2 2 1 1 896 1770 898
1515 2 2 1 1 1105 1594 1104
1516 2 2 1 1 108 1590 353
1517 2 2 1 1 1641 1642 1637
1518 2 2 1 1 547 548 546
1519 2 2 1 1 525 1571 645
1520 2 2 1 1 983 985 984
1521 2 2 1 1 1632 1634 1633
1522 2 2 1 1 1101 1103 1102
1523 2 2 1 1 77 1628 78
1524 2 2 1 1 1103 1104 1102
1525 2 2 1 1 1104 1314 1106
1526 2 2 1 1 1223 1596 1595
1527 2 2 1 1 110 1592 377
1528 2 2 1 1 513 960 522
1529 2 2 1 1 1103 1105 1104
1530 2 2 1 1 105 358 104
1531 2 2 1 1 1571 1639 1101
1532 2 2 1 1 108 353 107
1533 2 2 1 1 1285 1287 1286
1534 2 2 1 1 100 1581 1578
1535 2 2 1 1 1110 1111 1095
1536 2 2 1 1 804 1646 842
1537 2 2 1 1 905 908 907
1538 2 2 1 1 1094 1095 1093
1539 2 2 1 1 112 1597 348
1540 2 2 1 1 129 359 128
1541 2 2 1 1 1661 1662 1491
1542 2 2 1 1 1271 1272 1257
1543 2 2 1 1 645 646 528
1544 2 2 1 1 734 752 732
1545 2 2 1 1 110 377 109
1546 2 2 1 1 518 526 521
1547 2 2 1 1 876 991 874
1548 2 2 1 1 114 1601 379
1549 2 2 1 1 1314 1329 1106
1550 2 2 1 1 127 1610 126
1551 2 2 1 1 345 1637 1635
1552 2 2 1 1 1104 1594 1314
1553 2 2 1 1 112 348 111
1554 2 2 1 1 378 1603 117
1555 2 2 1 1 774 1701 794
1556 2 2 1 1 513 1570 960
1557 2 2 1 1 1558 1559 1557
1558 2 2 1 1 659 660 658
1559 2 2 1 1 1107 1222 1105
1560 2 2 1 1 1104 1106 1102
1561 2 2 1 1 960 1570 1239
1562 2 2 1 1 114 379 113
1563 2 2 1 1 794 1148 799
1564 2 2 1 1 1659 1660 341
1565 2 2 1 1 1222 1223 1105
1566 2 2 1 1 1623 1675 715
1567 2 2 1 1 116 344 115
1568 2 2 1 1 380 1606 122
1569 2 2 1 1 516 1589 518
1570 2 2 1 1 86 332 87
1571 2 2 1 1 789 790 754
1572 2 2 1 1 118 378 117
1573 2 2 1 1 78 1628 381
1574 2 2 1 1 597 598 596
1575 2 2 1 1 1530 1706 705
1576 2 2 1 1 1630 1631 382
1577 2 2 1 1 1186 1317 1029
1578 2 2 1 1 960 1029 522
1579 2 2 1 1 1107 1238 1222
1580 2 2 1 1 109 1590 108
1581 2 2 1 1 1322 1877 1157
1582 2 2 1 1 77 1629 1628
1583 2 2 1 1 168 1657 169
1584 2 2 1 1 121 339 120
1585 2 2 1 1 1581 1582 1580
1586 2 2 1 1 1269 1270 1266
1587 2 2 1 1 969 1066 1065
1588 2 2 1 1 123 380 122
1589 2 2 1 1 645 1571 1101
1590 2 2 1 1 111 1592 110
1591 2 2 1 1 1297 1325 1188
1592 2 2 1 1 126 335 125
1593 2 2 1 1 113 1597 112
1594 2 2 1 1 1050 1080 992
1595 2 2 1 1 1630 1636 1632
1596 2 2 1 1 1103 1107 1105
1597 2 2 1 1 125 1617 124
1598 2 2 1 1 115 1601 114
1599 2 2 1 1 117 1603 116
1600 2 2 1 1 1154 1858 1529
1601 2 2 1 1 1192 1688 751
1602 2 2 1 1 637 1537 626
1603 2 2 1 1 122 1606 121
1604 2 2 1 1 722 1653 720
1605 2 2 1 1 506 1666 1570
1606 2 2 1 1 890 1035 502
1607 2 2 1 1 1635 1636 345
1608 2 2 1 1 1486 1489 1488
1609 2 2 1 1 516 1624 1589
1610 2 2 1 1 1100 1109 865
1611 2 2 1 1 839 952 951
1612 2 2 1 1 1632 1636 1635
1613 2 2 1 1 498 1700 1524
1614 2 2 1 1 1037 1211 1035
1615 2 2 1 1 340 1629 76
1616 2 2 1 1 1573 1574 1238
1617 2 2 1 1 952 969 953
1618 2 2 1 1 1057 1558 1557
1619 2 2 1 1 513 522 514
1620 2 2 1 1 83 360 84
1621 2 2 1 1 574 577 576
1622 2 2 1 1 510 513 512
1623 2 2 1 1 786 1651 724
1624 2 2 1 1 345 1641 1637
1625 2 2 1 1 713 726 712
1626 2 2 1 1 841 1654 796
1627 2 2 1 1 806 839 838
1628 2 2 1 1 557 558 556
1629 2 2 1 1 853 854 837
1630 2 2 1 1 1040 1355 1200
1631 2 2 1 1 622 623 621
1632 2 2 1 1 76 1629 77
1633 2 2 1 1 438 1139 765
1634 2 2 1 1 648 806 787
1635 2 2 1 1 1089 1190 1087
1636 2 2 1 1 646 648 647
1637 2 2 1 1 824 1646 804
1638 2 2 1 1 804 842 786
1639 2 2 1 1 1452 1454 1453
1640 2 2 1 1 71 1636 72
1641 2 2 1 1 724 872 722
1642 2 2 1 1 879 880 824
1643 2 2 1 1 1488 1661 1491
1644 2 2 1 1 1102 1625 810
1645 2 2 1 1 813 814 783
1646 2 2 1 1 384 1642 1641
1647 2 2 1 1 1107 1573 1238
1648 2 2 1 1 720 778 718
1649 2 2 1 1 1329 1330 1106
1650 2 2 1 1 638 639 634
1651 2 2 1 1 979 1294 1292
1652 2 2 1 1 964 1192 751
1653 2 2 1 1 852 979 978
1654 2 2 1 1 1301 1303 768
1655 2 2 1 1 1101 1639 1103
1656 2 2 1 1 525 528 527
1657 2 2 1 1 1284 1285 1056
1658 2 2 1 1 80 336 81
1659 2 2 1 1 626 1537 627
1660 2 2 1 1 1059 1060 862
1661 2 2 1 1 79 1626 80
1662 2 2 1 1 1372 1373 1109
1663 2 2 1 1 78 381 79
1664 2 2 1 1 1000 1141 999
1665 2 2 1 1 1142 1143 1141
1666 2 2 1 1 75 340 76
1667 2 2 1 1 1183 1368 1367
1668 2 2 1 1 1489 1661 1488
1669 2 2 1 1 814 1577 816
1670 2 2 1 1 1029 1030 522
1671 2 2 1 1 74 1638 75
1672 2 2 1 1 699 757 697
1673 2 2 1 1 611 612 610
1674 2 2 1 1 73 382 74
1675 2 2 1 1 592 1720 590
1676 2 2 1 1 501 507 504
1677 2 2 1 1 72 1630 73
1678 2 2 1 1 821 1725 738
1679 2 2 1 1 976 1650 1183
1680 2 2 1 1 1041 1318 1032
1681 2 2 1 1 710 712 707
1682 2 2 1 1 72 1636 1630
1683 2 2 1 1 1055 1056 871
1684 2 2 1 1 70 345 71
1685 2 2 1 1 624 625 623
1686 2 2 1 1 1578 1581 1580
1687 2 2 1 1 345 1636 71
1688 2 2 1 1 69 1641 70
1689 2 2 1 1 1632 1635 1634
1690 2 2 1 1 880 1646 824
1691 2 2 1 1 513 514 512
1692 2 2 1 1 1495 1692 1654
1693 2 2 1 1 958 1225 1031
1694 2 2 1 1 1040 1200 1041
1695 2 2 1 1 68 384 69
1696 2 2 1 1 1657 1659 169
1697 2 2 1 1 976 1183 1182
1698 2 2 1 1 812 1650 976
1699 2 2 1 1 878 1665 958
1700 2 2 1 1 1106 1625 1102
1701 2 2 1 1 66 351 67
1702 2 2 1 1 1279 1280 1143
1703 2 2 1 1 1103 1639 1107
1704 2 2 1 1 65 1643 66
1705 2 2 1 1 521 525 524
1706 2 2 1 1 1125 1128 1127
1707 2 2 1 1 518 521 520
1708 2 2 1 1 64 383 65
1709 2 2 1 1 842 1651 786
1710 2 2 1 1 1043 1665 878
1711 2 2 1 1 861 999 636
1712 2 2 1 1 594 1504 588
1713 2 2 1 1 1290 1291 1066
1714 2 2 1 1 1031 1040 1032
1715 2 2 1 1 80 1626 336
1716 2 2 1 1 748 1722 746
1717 2 2 1 1 381 1626 79
1718 2 2 1 1 62 354 63
1719 2 2 1 1 1588 1678 781
1720 2 2 1 1 1107 1639 1573
1721 2 2 1 1 626 627 625
1722 2 2 1 1 1128 1131 1130
1723 2 2 1 1 872 1653 722
1724 2 2 1 1 1040 1041 1032
1725 2 2 1 1 1535 1576 1533
1726 2 2 1 1 169 1659 170
1727 2 2 1 1 75 1638 340
1728 2 2 1 1 802 840 796
1729 2 2 1 1 1549 1661 1489
1730 2 2 1 1 522 1624 514
1731 2 2 1 1 958 1031 959
1732 2 2 1 1 58 1656 59
1733 2 2 1 1 382 1638 74
1734 2 2 1 1 1031 1032 959
1735 2 2 1 1 1034 1188 1187
1736 2 2 1 1 417 420 419
1737 2 2 1 1 516 518 517
1738 2 2 1 1 646 647 528
1739 2 2 1 1 73 1630 382
1740 2 2 1 1 797 1794 1473
1741 2 2 1 1 691 893 892
1742 2 2 1 1 1577 1691 853
1743 2 2 1 1 59 363 60
1744 2 2 1 1 1330 1625 1106
1745 2 2 1 1 385 1657 168
1746 2 2 1 1 1081 1185 1080
1747 2 2 1 1 958 959 879
1748 2 2 1 1 827 1681 1001
1749 2 2 1 1 1149 1299 1298
1750 2 2 1 1 1030 1624 522
1751 2 2 1 1 70 1641 345
1752 2 2 1 1 384 1641 69
1753 2 2 1 1 823 1043 878
1754 2 2 1 1 1247 1672 999
1755 2 2 1 1 514 1624 516
1756 2 2 1 1 1285 1288 1287
1757 2 2 1 1 165 331 166
1758 2 2 1 1 1537 1698 791
1759 2 2 1 1 839 951 838
1760 2 2 1 1 648 787 647
1761 2 2 1 1 514 516 515
1762 2 2 1 1 967 1034 1033
1763 2 2 1 1 395 1542 1540
1764 2 2 1 1 847 848 790
1765 2 2 1 1 878 958 879
1766 2 2 1 1 567 568 566
1767 2 2 1 1 806 838 787
1768 2 2 1 1 952 953 951
1769 2 2 1 1 812 1664 1650
1770 2 2 1 1 56 365 57
1771 2 2 1 1 854 856 855
1772 2 2 1 1 1654 1692 758
1773 2 2 1 1 856 967 966
1774 2 2 1 1 66 1643 351
1775 2 2 1 1 1055 1284 1056
1776 2 2 1 1 490 495 494
1777 2 2 1 1 1345 1346 1213
1778 2 2 1 1 891 1241 965
1779 2 2 1 1 528 1664 527
1780 2 2 1 1 734 753 752
1781 2 2 1 1 383 1643 65
1782 2 2 1 1 850 1673 1569
1783 2 2 1 1 581 584 583
1784 2 2 1 1 1347 1348 1346
1785 2 2 1 1 495 502 496
1786 2 2 1 1 958 1665 1225
1787 2 2 1 1 1365 1437 1060
1788 2 2 1 1 964 1296 1192
1789 2 2 1 1 969 1065 953
1790 2 2 1 1 1014 1243 1210
1791 2 2 1 1 1183 1367 1182
1792 2 2 1 1 167 385 168
1793 2 2 1 1 878 879 824
1794 2 2 1 1 1532 1535 1533
1795 2 2 1 1 1284 1640 1285
1796 2 2 1 1 823 824 804
1797 2 2 1 1 1212 1213 1144
1798 2 2 1 1 759 796 758
1799 2 2 1 1 1232 1398 755
1800 2 2 1 1 1325 1326 1188
1801 2 2 1 1 525 527 524
1802 2 2 1 1 521 524 520
1803 2 2 1 1 688 1621 682
1804 2 2 1 1 510 512 511
1805 2 2 1 1 514 515 512
1806 2 2 1 1 495 1734 890
1807 2 2 1 1 823 878 824
1808 2 2 1 1 518 520 517
1809 2 2 1 1 726 889 869
1810 2 2 1 1 1286 1676 1588
1811 2 2 1 1 818 1647 820
1812 2 2 1 1 1308 1309 1307
1813 2 2 1 1 507 1666 504
1814 2 2 1 1 54 386 55
1815 2 2 1 1 1021 1655 1201
1816 2 2 1 1 578 581 580
1817 2 2 1 1 865 1577 814
1818 2 2 1 1 816 837 836
1819 2 2 1 1 1470 1762 1474
1820 2 2 1 1 53 1667 54
1821 2 2 1 1 506 510 509
1822 2 2 1 1 1285 1640 1288
1823 2 2 1 1 803 823 804
1824 2 2 1 1 1358 1359 1058
1825 2 2 1 1 803 804 786
1826 2 2 1 1 1188 1648 1187
1827 2 2 1 1 52 393 53
1828 2 2 1 1 170 341 171
1829 2 2 1 1 1367 1369 1182
1830 2 2 1 1 1517 1777 635
1831 2 2 1 1 527 781 524
1832 2 2 1 1 647 1664 528
1833 2 2 1 1 520 523 517
1834 2 2 1 1 516 517 515
1835 2 2 1 1 533 536 535
1836 2 2 1 1 59 1656 363
1837 2 2 1 1 785 851 803
1838 2 2 1 1 573 574 572
1839 2 2 1 1 723 1671 785
1840 2 2 1 1 500 756 497
1841 2 2 1 1 584 586 585
1842 2 2 1 1 1241 1242 965
1843 2 2 1 1 814 816 815
1844 2 2 1 1 1010 1260 601
1845 2 2 1 1 1381 1445 1074
1846 2 2 1 1 785 786 724
1847 2 2 1 1 812 871 781
1848 2 2 1 1 976 1055 871
1849 2 2 1 1 527 812 781
1850 2 2 1 1 812 976 871
1851 2 2 1 1 976 1182 1055
1852 2 2 1 1 753 789 754
1853 2 2 1 1 511 751 509
1854 2 2 1 1 1034 1187 1033
1855 2 2 1 1 482 488 484
1856 2 2 1 1 838 868 787
1857 2 2 1 1 854 855 837
1858 2 2 1 1 1039 1144 843
1859 2 2 1 1 387 1670 1669
1860 2 2 1 1 1326 1648 1188
1861 2 2 1 1 57 1683 58
1862 2 2 1 1 641 783 782
1863 2 2 1 1 723 724 722
1864 2 2 1 1 495 496 494
1865 2 2 1 1 745 758 741
1866 2 2 1 1 416 417 415
1867 2 2 1 1 527 1664 812
1868 2 2 1 1 785 803 786
1869 2 2 1 1 172 387 173
1870 2 2 1 1 504 506 505
1871 2 2 1 1 510 511 509
1872 2 2 1 1 501 504 503
1873 2 2 1 1 1035 1036 502
1874 2 2 1 1 1091 1093 1092
1875 2 2 1 1 710 713 712
1876 2 2 1 1 891 964 751
1877 2 2 1 1 967 1033 966
1878 2 2 1 1 1157 1877 1873
1879 2 2 1 1 1306 1307 1145
1880 2 2 1 1 477 797 479
1881 2 2 1 1 856 966 855
1882 2 2 1 1 789 847 790
1883 2 2 1 1 505 508 503
1884 2 2 1 1 886 887 884
1885 2 2 1 1 1524 1715 1522
1886 2 2 1 1 723 785 724
1887 2 2 1 1 953 1180 951
1888 2 2 1 1 504 1666 506
1889 2 2 1 1 631 634 633
1890 2 2 1 1 639 641 640
1891 2 2 1 1 1115 1257 1256
1892 2 2 1 1 170 1659 341
1893 2 2 1 1 173 1669 174
1894 2 2 1 1 801 827 826
1895 2 2 1 1 58 1683 1656
1896 2 2 1 1 1087 1673 850
1897 2 2 1 1 1017 1054 1053
1898 2 2 1 1 1033 1067 966
1899 2 2 1 1 498 501 500
1900 2 2 1 1 818 820 819
1901 2 2 1 1 568 1551 570
1902 2 2 1 1 970 972 911
1903 2 2 1 1 529 1097 531
1904 2 2 1 1 511 891 751
1905 2 2 1 1 749 808 807
1906 2 2 1 1 743 747 746
1907 2 2 1 1 747 749 748
1908 2 2 1 1 891 965 964
1909 2 2 1 1 1359 1768 1058
1910 2 2 1 1 695 708 694
1911 2 2 1 1 949 1017 1016
1912 2 2 1 1 823 1677 1043
1913 2 2 1 1 820 949 948
1914 2 2 1 1 174 349 175
1915 2 2 1 1 1111 1113 1112
1916 2 2 1 1 1138 1145 1137
1917 2 2 1 1 1113 1115 1114
1918 2 2 1 1 982 983 848
1919 2 2 1 1 506 509 505
1920 2 2 1 1 1129 1137 1126
1921 2 2 1 1 50 397 51
1922 2 2 1 1 1750 1760 432
1923 2 2 1 1 586 588 587
1924 2 2 1 1 601 1720 592
1925 2 2 1 1 446 766 449
1926 2 2 1 1 365 1683 57
1927 2 2 1 1 893 895 894
1928 2 2 1 1 1183 1736 1368
1929 2 2 1 1 714 750 716
1930 2 2 1 1 629 631 630
1931 2 2 1 1 861 1000 999
1932 2 2 1 1 504 505 503
1933 2 2 1 1 501 503 500
1934 2 2 1 1 736 821 738
1935 2 2 1 1 785 1671 851
1936 2 2 1 1 836 950 815
1937 2 2 1 1 837 1686 836
1938 2 2 1 1 627 629 628
1939 2 2 1 1 888 1021 887
1940 2 2 1 1 1279 1313 1280
1941 2 2 1 1 721 723 722
1942 2 2 1 1 536 1728 877
1943 2 2 1 1 816 836 815
1944 2 2 1 1 618 621 620
1945 2 2 1 1 496 497 494
1946 2 2 1 1 1055 1674 1284
1947 2 2 1 1 719 805 721
1948 2 2 1 1 496 498 497
1949 2 2 1 1 1012 1427 1251
1950 2 2 1 1 721 722 720
1951 2 2 1 1 814 815 783
1952 2 2 1 1 1109 1577 865
1953 2 2 1 1 1000 1142 1141
1954 2 2 1 1 740 743 742
1955 2 2 1 1 961 1249 1207
1956 2 2 1 1 1369 1674 1182
1957 2 2 1 1 1142 1279 1143
1958 2 2 1 1 771 1813 1778
1959 2 2 1 1 843 1722 748
1960 2 2 1 1 588 591 590
1961 2 2 1 1 891 1682 1241
1962 2 2 1 1 1476 1477 543
1963 2 2 1 1 1182 1674 1055
1964 2 2 1 1 515 1682 512
1965 2 2 1 1 1014 1172 950
1966 2 2 1 1 493 499 489
1967 2 2 1 1 603 606 605
1968 2 2 1 1 1306 1308 1307
1969 2 2 1 1 713 1675 726
1970 2 2 1 1 803 1677 823
1971 2 2 1 1 1063 1064 972
1972 2 2 1 1 657 658 656
1973 2 2 1 1 733 735 734
1974 2 2 1 1 756 1710 497
1975 2 2 1 1 591 593 592
1976 2 2 1 1 836 1014 950
1977 2 2 1 1 487 1734 490
1978 2 2 1 1 1014 1210 1172
1979 2 2 1 1 498 500 497
1980 2 2 1 1 639 640 634
1981 2 2 1 1 614 618 617
1982 2 2 1 1 512 1682 511
1983 2 2 1 1 782 1121 640
1984 2 2 1 1 733 734 732
1985 2 2 1 1 577 578 576
1986 2 2 1 1 1197 1370 499
1987 2 2 1 1 1299 1333 1300
1988 2 2 1 1 1014 1686 1243
1989 2 2 1 1 851 1677 803
1990 2 2 1 1 54 1667 386
1991 2 2 1 1 593 596 595
1992 2 2 1 1 719 720 718
1993 2 2 1 1 1149 1298 1131
1994 2 2 1 1 598 600 599
1995 2 2 1 1 600 603 602
1996 2 2 1 1 1136 1316 1315
1997 2 2 1 1 902 1709 897
1998 2 2 1 1 483 485 481
1999 2 2 1 1 739 744 737
2000 2 2 1 1 641 782 640
2001 2 2 1 1 606 610 609
2002 2 2 1 1 524 1678 520
2003 2 2 1 1 465 760 469
2004 2 2 1 1 859 1156 1047
2005 2 2 1 1 1501 1505 1504
2006 2 2 1 1 1398 1697 755
2007 2 2 1 1 855 1686 837
2008 2 2 1 1 1226 1837 1203
2009 2 2 1 1 781 1678 524
2010 2 2 1 1 637 1730 1537
2011 2 2 1 1 716 718 715
2012 2 2 1 1 520 1678 523
2013 2 2 1 1 903 1248 1011
2014 2 2 1 1 393 1667 53
2015 2 2 1 1 731 732 730
2016 2 2 1 1 1134 1178 1008
2017 2 2 1 1 490 494 493
2018 2 2 1 1 794 1701 1148
2019 2 2 1 1 827 829 828
2020 2 2 1 1 1136 1315 1135
2021 2 2 1 1 471 474 473
2022 2 2 1 1 1122 1135 1121
2023 2 2 1 1 1229 1762 1470
2024 2 2 1 1 982 1237 1236
2025 2 2 1 1 1190 1673 1087
2026 2 2 1 1 612 614 613
2027 2 2 1 1 719 721 720
2028 2 2 1 1 715 1675 713
2029 2 2 1 1 474 480 475
2030 2 2 1 1 478 788 476
2031 2 2 1 1 699 1706 757
2032 2 2 1 1 693 694 690
2033 2 2 1 1 738 1725 740
2034 2 2 1 1 731 733 732
2035 2 2 1 1 582 730 579
2036 2 2 1 1 1272 1321 1257
2037 2 2 1 1 1122 1136 1135
2038 2 2 1 1 802 852 840
2039 2 2 1 1 177 361 178
2040 2 2 1 1 500 1684 756
2041 2 2 1 1 890 1762 1037
2042 2 2 1 1 1138 1306 1145
2043 2 2 1 1 787 1694 647
2044 2 2 1 1 633 636 630
2045 2 2 1 1 836 1686 1014
2046 2 2 1 1 847 982 848
2047 2 2 1 1 782 1122 1121
2048 2 2 1 1 1139 1140 765
2049 2 2 1 1 487 490 489
2050 2 2 1 1 868 1694 787
2051 2 2 1 1 655 656 653
2052 2 2 1 1 733 736 735
2053 2 2 1 1 511 1682 891
2054 2 2 1 1 484 487 486
2055 2 2 1 1 789 849 847
2056 2 2 1 1 647 1694 1664
2057 2 2 1 1 631 633 630
2058 2 2 1 1 502 1700 496
2059 2 2 1 1 723 1690 1671
2060 2 2 1 1 714 715 713
2061 2 2 1 1 716 719 718
2062 2 2 1 1 1003 1161 943
2063 2 2 1 1 998 1044 947
2064 2 2 1 1 1128 1130 1127
2065 2 2 1 1 751 1688 509
2066 2 2 1 1 759 802 796
2067 2 2 1 1 736 1705 821
2068 2 2 1 1 726 1675 889
2069 2 2 1 1 496 1700 498
2070 2 2 1 1 1036 1700 502
2071 2 2 1 1 811 861 636
2072 2 2 1 1 1373 1691 1109
2073 2 2 1 1 1129 1138 1137
2074 2 2 1 1 950 1695 815
2075 2 2 1 1 982 1236 983
2076 2 2 1 1 1208 1209 480
2077 2 2 1 1 868 1736 1694
2078 2 2 1 1 22 392 21
2079 2 2 1 1 627 628 625
2080 2 2 1 1 1091 1092 1054
2081 2 2 1 1 493 1197 499
2082 2 2 1 1 508 1684 503
2083 2 2 1 1 629 630 628
2084 2 2 1 1 661 703 663
2085 2 2 1 1 180 366 181
2086 2 2 1 1 490 493 489
2087 2 2 1 1 633 811 636
2088 2 2 1 1 1165 1277 1161
2089 2 2 1 1 1111 1112 1095
2090 2 2 1 1 487 489 486
2091 2 2 1 1 811 975 861
2092 2 2 1 1 1232 1438 1398
2093 2 2 1 1 1510 1727 1509
2094 2 2 1 1 505 1688 508
2095 2 2 1 1 472 491 470
2096 2 2 1 1 1237 1356 1236
2097 2 2 1 1 581 583 580
2098 2 2 1 1 1060 1730 862
2099 2 2 1 1 714 716 715
2100 2 2 1 1 818 819 808
2101 2 2 1 1 1346 1703 1213
2102 2 2 1 1 768 1551 568
2103 2 2 1 1 710 714 713
2104 2 2 1 1 1664 1694 1650
2105 2 2 1 1 1000 1189 1142
2106 2 2 1 1 2029 2067 1370
2107 2 2 1 1 1212 1345 1213
2108 2 2 1 1 387 1669 173
2109 2 2 1 1 482 484 483
2110 2 2 1 1 1345 1347 1346
2111 2 2 1 1 1791 1805 729
2112 2 2 1 1 621 729 620
2113 2 2 1 1 783 1695 782
2114 2 2 1 1 509 1688 505
2115 2 2 1 1 558 560 559
2116 2 2 1 1 484 486 483
2117 2 2 1 1 815 1695 783
2118 2 2 1 1 709 710 707
2119 2 2 1 1 460 467 463
2120 2 2 1 1 829 831 830
2121 2 2 1 1 503 1684 500
2122 2 2 1 1 515 1726 1682
2123 2 2 1 1 455 761 458
2124 2 2 1 1 1115 1256 1114
2125 2 2 1 1 417 1716 420
2126 2 2 1 1 1299 1300 1298
2127 2 2 1 1 1039 1212 1144
2128 2 2 1 1 523 1726 517
2129 2 2 1 1 721 1690 723
2130 2 2 1 1 989 1171 994
2131 2 2 1 1 584 585 583
2132 2 2 1 1 1121 1704 640
2133 2 2 1 1 1084 1775 795
2134 2 2 1 1 939 1262 1261
2135 2 2 1 1 928 930 929
2136 2 2 1 1 745 759 758
2137 2 2 1 1 618 620 617
2138 2 2 1 1 1129 1310 1138
2139 2 2 1 1 620 642 617
2140 2 2 1 1 174 1669 349
2141 2 2 1 1 479 482 481
2142 2 2 1 1 805 1690 721
2143 2 2 1 1 477 479 478
2144 2 2 1 1 706 762 709
2145 2 2 1 1 1476 1933 1477
2146 2 2 1 1 1247 1759 1672
2147 2 2 1 1 582 731 730
2148 2 2 1 1 912 1158 971
2149 2 2 1 1 867 1685 974
2150 2 2 1 1 1113 1114 1112
2151 2 2 1 1 459 764 457
2152 2 2 1 1 475 476 473
2153 2 2 1 1 1093 1096 1092
2154 2 2 1 1 1694 1736 1650
2155 2 2 1 1 985 1048 987
2156 2 2 1 1 797 1696 479
2157 2 2 1 1 560 562 561
2158 2 2 1 1 475 477 476
2159 2 2 1 1 482 1696 488
2160 2 2 1 1 474 475 473
2161 2 2 1 1 582 1133 731
2162 2 2 1 1 586 587 585
2163 2 2 1 1 1778 1813 1255
2164 2 2 1 1 568 570 569
2165 2 2 1 1 714 1719 750
2166 2 2 1 1 1127 1129 1126
2167 2 2 1 1 750 1693 716
2168 2 2 1 1 606 609 605
2169 2 2 1 1 477 1712 797
2170 2 2 1 1 640 1704 634
2171 2 2 1 1 1125 1127 1126
2172 2 2 1 1 464 466 462
2173 2 2 1 1 614 617 613
2174 2 2 1 1 477 478 476
2175 2 2 1 1 1682 1726 1241
2176 2 2 1 1 634 1704 633
2177 2 2 1 1 1017 1053 1016
2178 2 2 1 1 1023 1655 1021
2179 2 2 1 1 949 1016 948
2180 2 2 1 1 479 481 478
2181 2 2 1 1 482 483 481
2182 2 2 1 1 574 576 575
2183 2 2 1 1 1437 1442 1060
2184 2 2 1 1 831 833 832
2185 2 2 1 1 862 1730 637
2186 2 2 1 1 749 807 748
2187 2 2 1 1 612 613 610
2188 2 2 1 1 1319 1322 1157
2189 2 2 1 1 747 748 746
2190 2 2 1 1 820 948 819
2191 2 2 1 1 1109 1691 1577
2192 2 2 1 1 743 746 742
2193 2 2 1 1 1191 1364 491
2194 2 2 1 1 910 1714 912
2195 2 2 1 1 451 461 453
2196 2 2 1 1 603 605 602
2197 2 2 1 1 1446 1879 1445
2198 2 2 1 1 867 974 973
2199 2 2 1 1 1249 1336 1207
2200 2 2 1 1 1125 1126 1124
2201 2 2 1 1 930 932 931
2202 2 2 1 1 762 1125 1124
2203 2 2 1 1 1114 1331 1112
2204 2 2 1 1 591 592 590
2205 2 2 1 1 598 599 596
2206 2 2 1 1 588 590 587
2207 2 2 1 1 578 579 576
2208 2 2 1 1 882 886 884
2209 2 2 1 1 593 595 592
2210 2 2 1 1 497 1710 494
2211 2 2 1 1 912 1714 1158
2212 2 2 1 1 1178 1774 1008
2213 2 2 1 1 600 602 599
2214 2 2 1 1 1017 1802 1090
2215 2 2 1 1 719 1693 805
2216 2 2 1 1 1148 1839 1510
2217 2 2 1 1 1260 1720 601
2218 2 2 1 1 450 763 448
2219 2 2 1 1 1067 1732 966
2220 2 2 1 1 736 737 735
2221 2 2 1 1 1096 1375 1374
2222 2 2 1 1 1248 1383 1011
2223 2 2 1 1 833 835 834
2224 2 2 1 1 181 1689 182
2225 2 2 1 1 578 580 579
2226 2 2 1 1 605 608 602
2227 2 2 1 1 788 1742 476
2228 2 2 1 1 562 564 563
2229 2 2 1 1 564 566 565
2230 2 2 1 1 808 1729 807
2231 2 2 1 1 1501 1504 594
2232 2 2 1 1 1144 1722 843
2233 2 2 1 1 574 575 572
2234 2 2 1 1 782 1695 1122
2235 2 2 1 1 888 1023 1021
2236 2 2 1 1 1287 1782 1286
2237 2 2 1 1 886 888 887
2238 2 2 1 1 1512 1902 1514
2239 2 2 1 1 1054 1723 1053
2240 2 2 1 1 517 1726 515
2241 2 2 1 1 1175 1193 1174
2242 2 2 1 1 651 1150 649
2243 2 2 1 1 898 1770 939
2244 2 2 1 1 835 867 866
2245 2 2 1 1 1096 1374 1092
2246 2 2 1 1 570 572 571
2247 2 2 1 1 1456 1845 370
2248 2 2 1 1 454 456 452
2249 2 2 1 1 494 1710 493
2250 2 2 1 1 1442 1730 1060
2251 2 2 1 1 595 601 592
2252 2 2 1 1 716 1693 719
2253 2 2 1 1 698 717 704
2254 2 2 1 1 568 569 566
2255 2 2 1 1 802 968 852
2256 2 2 1 1 855 1732 1686
2257 2 2 1 1 1016 1052 948
2258 2 2 1 1 1295 1320 1294
2259 2 2 1 1 762 1124 709
2260 2 2 1 1 1045 1174 1044
2261 2 2 1 1 480 1712 475
2262 2 2 1 1 807 843 748
2263 2 2 1 1 684 688 682
2264 2 2 1 1 580 582 579
2265 2 2 1 1 544 546 545
2266 2 2 1 1 861 1699 1000
2267 2 2 1 1 1092 1723 1054
2268 2 2 1 1 587 589 585
2269 2 2 1 1 740 1725 743
2270 2 2 1 1 745 809 759
2271 2 2 1 1 1185 1414 1080
2272 2 2 1 1 706 707 705
2273 2 2 1 1 706 709 707
2274 2 2 1 1 863 1018 937
2275 2 2 1 1 479 1696 482
2276 2 2 1 1 571 755 569
2277 2 2 1 1 738 739 737
2278 2 2 1 1 471 473 472
2279 2 2 1 1 975 1699 861
2280 2 2 1 1 736 738 737
2281 2 2 1 1 633 1704 811
2282 2 2 1 1 596 1735 595
2283 2 2 1 1 469 471 470
2284 2 2 1 1 740 741 739
2285 2 2 1 1 742 745 741
2286 2 2 1 1 554 556 555
2287 2 2 1 1 24 355 23
2288 2 2 1 1 961 1039 843
2289 2 2 1 1 1526 1785 575
2290 2 2 1 1 1135 1763 1753
2291 2 2 1 1 1011 1259 1010
2292 2 2 1 1 731 1705 733
2293 2 2 1 1 730 1717 579
2294 2 2 1 1 966 1732 855
2295 2 2 1 1 475 1712 477
2296 2 2 1 1 807 961 843
2297 2 2 1 1 693 695 694
2298 2 2 1 1 995 1240 1232
2299 2 2 1 1 696 1711 698
2300 2 2 1 1 471 472 470
2301 2 2 1 1 490 1734 495
2302 2 2 1 1 493 1710 1197
2303 2 2 1 1 903 1010 601
2304 2 2 1 1 995 1232 755
2305 2 2 1 1 970 1063 972
2306 2 2 1 1 704 705 699
2307 2 2 1 1 705 1706 699
2308 2 2 1 1 738 740 739
2309 2 2 1 1 961 1729 1249
2310 2 2 1 1 740 742 741
2311 2 2 1 1 1095 1713 1093
2312 2 2 1 1 961 1207 1039
2313 2 2 1 1 1650 1736 1183
2314 2 2 1 1 570 571 569
2315 2 2 1 1 1176 1305 1020
2316 2 2 1 1 1761 1782 1242
2317 2 2 1 1 1686 1732 1243
2318 2 2 1 1 760 1718 469
2319 2 2 1 1 992 1781 991
2320 2 2 1 1 472 1191 491
2321 2 2 1 1 552 554 553
2322 2 2 1 1 1515 1685 1005
2323 2 2 1 1 550 552 551
2324 2 2 1 1 595 903 601
2325 2 2 1 1 442 771 440
2326 2 2 1 1 980 1020 825
2327 2 2 1 1 469 470 468
2328 2 2 1 1 909 1151 906
2329 2 2 1 1 888 1024 1023
2330 2 2 1 1 1063 1323 1064
2331 2 2 1 1 950 1746 1695
2332 2 2 1 1 827 828 826
2333 2 2 1 1 1093 1713 1096
2334 2 2 1 1 819 1729 808
2335 2 2 1 1 979 1295 1294
2336 2 2 1 1 1064 1758 1118
2337 2 2 1 1 445 447 443
2338 2 2 1 1 903 1011 1010
2339 2 2 1 1 1005 1685 867
2340 2 2 1 1 1172 1746 950
2341 2 2 1 1 1000 1699 1189
2342 2 2 1 1 465 469 468
2343 2 2 1 1 1209 1712 480
2344 2 2 1 1 536 538 537
2345 2 2 1 1 1019 1679 900
2346 2 2 1 1 709 1719 710
2347 2 2 1 1 471 1718 474
2348 2 2 1 1 710 1719 714
2349 2 2 1 1 576 1717 575
2350 2 2 1 1 908 946 907
2351 2 2 1 1 698 699 697
2352 2 2 1 1 1512 1513 1002
2353 2 2 1 1 548 550 549
2354 2 2 1 1 560 561 559
2355 2 2 1 1 1240 1831 1804
2356 2 2 1 1 1713 1771 1096
2357 2 2 1 1 571 995 755
2358 2 2 1 1 1142 1721 1279
2359 2 2 1 1 1389 1391 1387
2360 2 2 1 1 564 565 563
2361 2 2 1 1 1076 1281 1181
2362 2 2 1 1 766 1739 449
2363 2 2 1 1 463 465 464
2364 2 2 1 1 733 1705 736
2365 2 2 1 1 460 463 462
2366 2 2 1 1 704 706 705
2367 2 2 1 1 829 830 828
2368 2 2 1 1 1695 1746 1122
2369 2 2 1 1 903 1735 1248
2370 2 2 1 1 1303 1551 768
2371 2 2 1 1 1189 1721 1142
2372 2 2 1 1 465 468 464
2373 2 2 1 1 585 1733 583
2374 2 2 1 1 355 1334 23
2375 2 2 1 1 463 464 462
2376 2 2 1 1 566 1697 565
2377 2 2 1 1 1753 1763 975
2378 2 2 1 1 1117 1838 1517
2379 2 2 1 1 1133 1705 731
2380 2 2 1 1 562 563 561
2381 2 2 1 1 698 704 699
2382 2 2 1 1 1137 1766 1126
2383 2 2 1 1 973 1058 866
2384 2 2 1 1 1121 1753 1704
2385 2 2 1 1 599 1735 596
2386 2 2 1 1 1112 1713 1095
2387 2 2 1 1 790 1804 754
2388 2 2 1 1 540 542 541
2389 2 2 1 1 558 559 556
2390 2 2 1 1 579 1717 576
2391 2 2 1 1 465 1737 760
2392 2 2 1 1 1241 1761 1242
2393 2 2 1 1 800 1028 798
2394 2 2 1 1 831 832 830
2395 2 2 1 1 1129 1724 1310
2396 2 2 1 1 822 1813 773
2397 2 2 1 1 774 794 793
2398 2 2 1 1 1374 1723 1092
2399 2 2 1 1 698 1711 717
2400 2 2 1 1 867 973 866
2401 2 2 1 1 460 462 459
2402 2 2 1 1 1127 1724 1129
2403 2 2 1 1 767 1750 427
2404 2 2 1 1 420 421 419
2405 2 2 1 1 1135 1753 1121
2406 2 2 1 1 807 1729 961
2407 2 2 1 1 1124 1719 709
2408 2 2 1 1 833 834 832
2409 2 2 1 1 563 619 561
2410 2 2 1 1 469 1718 471
2411 2 2 1 1 1122 1746 1136
2412 2 2 1 1 523 1761 1726
2413 2 2 1 1 1704 1753 811
2414 2 2 1 1 569 1697 566
2415 2 2 1 1 1173 1358 1058
2416 2 2 1 1 799 801 800
2417 2 2 1 1 1018 1276 1275
2418 2 2 1 1 835 866 834
2419 2 2 1 1 980 1177 1176
2420 2 2 1 1 794 799 798
2421 2 2 1 1 874 1800 615
2422 2 2 1 1 1709 1792 899
2423 2 2 1 1 458 460 459
2424 2 2 1 1 1073 1076 1075
2425 2 2 1 1 801 826 825
2426 2 2 1 1 595 1735 903
2427 2 2 1 1 467 1737 463
2428 2 2 1 1 772 773 771
2429 2 2 1 1 1143 1805 1141
2430 2 2 1 1 830 981 828
2431 2 2 1 1 1130 1724 1127
2432 2 2 1 1 834 955 832
2433 2 2 1 1 416 1716 417
2434 2 2 1 1 1331 1713 1112
2435 2 2 1 1 1676 1782 1761
2436 2 2 1 1 696 697 695
2437 2 2 1 1 1118 1319 1157
2438 2 2 1 1 460 1741 467
2439 2 2 1 1 441 444 443
2440 2 2 1 1 427 1750 429
2441 2 2 1 1 1672 1759 628
2442 2 2 1 1 1091 1814 1094
2443 2 2 1 1 1134 1282 1178
2444 2 2 1 1 973 1173 1058
2445 2 2 1 1 628 1759 625
2446 2 2 1 1 1063 1353 1323
2447 2 2 1 1 366 1689 181
2448 2 2 1 1 678 691 677
2449 2 2 1 1 761 1741 458
2450 2 2 1 1 1140 1245 1244
2451 2 2 1 1 793 844 792
2452 2 2 1 1 441 443 442
2453 2 2 1 1 693 696 695
2454 2 2 1 1 696 698 697
2455 2 2 1 1 589 1733 585
2456 2 2 1 1 774 792 773
2457 2 2 1 1 980 1176 1020
2458 2 2 1 1 1168 1215 1214
2459 2 2 1 1 436 1254 434
2460 2 2 1 1 455 458 457
2461 2 2 1 1 453 455 454
2462 2 2 1 1 1439 1832 565
2463 2 2 1 1 1331 1771 1713
2464 2 2 1 1 538 540 539
2465 2 2 1 1 455 457 454
2466 2 2 1 1 458 459 457
2467 2 2 1 1 453 454 452
2468 2 2 1 1 476 1742 473
2469 2 2 1 1 582 1738 1133
2470 2 2 1 1 455 1743 761
2471 2 2 1 1 1719 1766 750
2472 2 2 1 1 1037 1762 1229
2473 2 2 1 1 546 1702 545
2474 2 2 1 1 451 1739 461
2475 2 2 1 1 1213 1808 1144
2476 2 2 1 1 1726 1761 1241
2477 2 2 1 1 755 1697 569
2478 2 2 1 1 811 1753 975
2479 2 2 1 1 1668 1796 938
2480 2 2 1 1 451 453 452
2481 2 2 1 1 555 635 553
2482 2 2 1 1 556 1756 555
2483 2 2 1 1 910 911 635
2484 2 2 1 1 1491 1817 1490
2485 2 2 1 1 435 437 436
2486 2 2 1 1 583 1738 580
2487 2 2 1 1 922 1386 921
2488 2 2 1 1 1244 1812 1776
2489 2 2 1 1 1145 1790 1137
2490 2 2 1 1 912 970 911
2491 2 2 1 1 676 677 674
2492 2 2 1 1 461 1743 453
2493 2 2 1 1 451 452 450
2494 2 2 1 1 552 553 551
2495 2 2 1 1 625 1759 623
2496 2 2 1 1 429 432 431
2497 2 2 1 1 554 555 553
2498 2 2 1 1 1676 1761 523
2499 2 2 1 1 551 775 549
2500 2 2 1 1 1307 1816 1145
2501 2 2 1 1 745 1755 809
2502 2 2 1 1 1247 1791 1759
2503 2 2 1 1 905 907 906
2504 2 2 1 1 580 1738 582
2505 2 2 1 1 1019 1680 1679
2506 2 2 1 1 473 1742 472
2507 2 2 1 1 901 1019 900
2508 2 2 1 1 801 825 800
2509 2 2 1 1 746 1755 742
2510 2 2 1 1 1469 1793 687
2511 2 2 1 1 1177 1357 1176
2512 2 2 1 1 463 1737 465
2513 2 2 1 1 826 980 825
2514 2 2 1 1 442 772 771
2515 2 2 1 1 449 451 450
2516 2 2 1 1 435 438 437
2517 2 2 1 1 706 1748 762
2518 2 2 1 1 1776 1812 444
2519 2 2 1 1 799 800 798
2520 2 2 1 1 742 1755 745
2521 2 2 1 1 550 551 549
2522 2 2 1 1 1534 1775 1084
2523 2 2 1 1 764 1751 457
2524 2 2 1 1 449 450 448
2525 2 2 1 1 689 711 692
2526 2 2 1 1 692 693 690
2527 2 2 1 1 1217 1219 1218
2528 2 2 1 1 910 912 911
2529 2 2 1 1 1722 1755 746
2530 2 2 1 1 912 971 970
2531 2 2 1 1 1164 1273 1169
2532 2 2 1 1 621 1791 729
2533 2 2 1 1 896 897 895
2534 2 2 1 1 780 1006 864
2535 2 2 1 1 1118 1758 1319
2536 2 2 1 1 794 798 793
2537 2 2 1 1 450 1747 763
2538 2 2 1 1 555 910 635
2539 2 2 1 1 1007 1164 1009
2540 2 2 1 1 417 419 418
2541 2 2 1 1 429 431 430
2542 2 2 1 1 774 793 792
2543 2 2 1 1 717 1748 704
2544 2 2 1 1 575 1785 572
2545 2 2 1 1 472 1742 1191
2546 2 2 1 1 1068 1069 1027
2547 2 2 1 1 446 449 448
2548 2 2 1 1 711 905 904
2549 2 2 1 1 907 909 906
2550 2 2 1 1 910 1756 1714
2551 2 2 1 1 548 549 546
2552 2 2 1 1 615 1800 1576
2553 2 2 1 1 1733 1738 583
2554 2 2 1 1 1315 1763 1135
2555 2 2 1 1 587 1745 589
2556 2 2 1 1 1124 1766 1719
2557 2 2 1 1 446 448 445
2558 2 2 1 1 590 1745 587
2559 2 2 1 1 430 770 428
2560 2 2 1 1 1221 1264 1263
2561 2 2 1 1 454 1751 456
2562 2 2 1 1 1166 1841 1110
2563 2 2 1 1 772 774 773
2564 2 2 1 1 456 1747 452
2565 2 2 1 1 441 442 440
2566 2 2 1 1 1720 1745 590
2567 2 2 1 1 420 422 421
2568 2 2 1 1 898 900 897
2569 2 2 1 1 1307 1824 1816
2570 2 2 1 1 458 1741 460
2571 2 2 1 1 444 446 445
2572 2 2 1 1 1046 1155 858
2573 2 2 1 1 432 769 433
2574 2 2 1 1 696 1773 1711
2575 2 2 1 1 1006 1769 1007
2576 2 2 1 1 1247 1805 1791
2577 2 2 1 1 1013 1123 767
2578 2 2 1 1 559 1756 556
2579 2 2 1 1 1323 1758 1064
2580 2 2 1 1 1126 1766 1124
2581 2 2 1 1 1445 1879 1072
2582 2 2 1 1 1137 1790 1766
2583 2 2 1 1 549 1702 546
2584 2 2 1 1 1140 1244 765
2585 2 2 1 1 704 1748 706
2586 2 2 1 1 905 906 904
2587 2 2 1 1 423 426 425
2588 2 2 1 1 1829 1846 968
2589 2 2 1 1 536 537 535
2590 2 2 1 1 681 701 683
2591 2 2 1 1 426 767 427
2592 2 2 1 1 1096 1771 1375
2593 2 2 1 1 1309 1824 1307
2594 2 2 1 1 1080 1781 992
2595 2 2 1 1 446 1812 766
2596 2 2 1 1 1707 1786 1708
2597 2 2 1 1 544 545 542
2598 2 2 1 1 859 1784 1156
2599 2 2 1 1 1044 1799 947
2600 2 2 1 1 444 445 443
2601 2 2 1 1 1562 1865 1864
2602 2 2 1 1 1414 1781 1080
2603 2 2 1 1 1052 1783 948
2604 2 2 1 1 708 1786 882
2605 2 2 1 1 571 1785 995
2606 2 2 1 1 608 1787 602
2607 2 2 1 1 453 1743 455
2608 2 2 1 1 439 440 437
2609 2 2 1 1 735 1810 734
2610 2 2 1 1 845 846 534
2611 2 2 1 1 555 1756 910
2612 2 2 1 1 939 1770 1262
2613 2 2 1 1 1133 1795 1705
2614 2 2 1 1 909 1862 1425
2615 2 2 1 1 679 1764 681
2616 2 2 1 1 449 1739 451
2617 2 2 1 1 1705 1795 821
2618 2 2 1 1 661 662 660
2619 2 2 1 1 1123 1750 767
2620 2 2 1 1 405 407 406
2621 2 2 1 1 435 436 434
2622 2 2 1 1 819 1783 1729
2623 2 2 1 1 438 765 439
2624 2 2 1 1 447 1788 443
2625 2 2 1 1 1273 1274 1169
2626 2 2 1 1 436 1255 1254
2627 2 2 1 1 689 692 690
2628 2 2 1 1 1708 1786 708
2629 2 2 1 1 1162 1868 1116
2630 2 2 1 1 457 1751 454
2631 2 2 1 1 898 939 901
2632 2 2 1 1 452 1747 450
2633 2 2 1 1 711 904 692
2634 2 2 1 1 689 690 687
2635 2 2 1 1 1020 1765 825
2636 2 2 1 1 599 1787 1735
2637 2 2 1 1 828 1752 826
2638 2 2 1 1 439 441 440
2639 2 2 1 1 686 687 684
2640 2 2 1 1 1460 1863 1162
2641 2 2 1 1 1286 1782 1676
2642 2 2 1 1 1184 1258 1155
2643 2 2 1 1 962 963 846
2644 2 2 1 1 1003 1165 1161
2645 2 2 1 1 1897 2163 1334
2646 2 2 1 1 540 541 539
2647 2 2 1 1 683 684 682
2648 2 2 1 1 1766 1790 750
2649 2 2 1 1 857 1927 1380
2650 2 2 1 1 429 1750 432
2651 2 2 1 1 892 1854 677
2652 2 2 1 1 898 901 900
2653 2 2 1 1 542 1784 541
2654 2 2 1 1 572 1785 571
2655 2 2 1 1 1009 1134 1008
2656 2 2 1 1 893 896 895
2657 2 2 1 1 948 1783 819
2658 2 2 1 1 438 439 437
2659 2 2 1 1 411 492 409
2660 2 2 1 1 939 1261 945
2661 2 2 1 1 1007 1008 864
2662 2 2 1 1 433 434 431
2663 2 2 1 1 432 433 431
2664 2 2 1 1 417 418 415
2665 2 2 1 1 1261 1379 945
2666 2 2 1 1 800 1765 1028
2667 2 2 1 1 433 435 434
2668 2 2 1 1 1759 1791 623
2669 2 2 1 1 777 779 770
2670 2 2 1 1 882 1786 886
2671 2 2 1 1 775 1702 549
2672 2 2 1 1 826 1752 980
2673 2 2 1 1 980 1752 1177
2674 2 2 1 1 780 863 779
2675 2 2 1 1 1876 1916 1234
2676 2 2 1 1 1849 1851 1604
2677 2 2 1 1 602 1787 599
2678 2 2 1 1 789 1815 849
2679 2 2 1 1 921 1038 923
2680 2 2 1 1 1164 1169 1009
2681 2 2 1 1 1729 1783 1249
2682 2 2 1 1 429 430 428
2683 2 2 1 1 1006 1007 864
2684 2 2 1 1 623 1791 621
2685 2 2 1 1 1755 1808 809
2686 2 2 1 1 981 1752 828
2687 2 2 1 1 859 1047 1046
2688 2 2 1 1 1007 1769 1164
2689 2 2 1 1 422 423 421
2690 2 2 1 1 1735 1787 1248
2691 2 2 1 1 425 1754 424
2692 2 2 1 1 443 1788 442
2693 2 2 1 1 939 945 901
2694 2 2 1 1 1147 1831 1526
2695 2 2 1 1 1076 1400 1281
2696 2 2 1 1 1712 1794 797
2697 2 2 1 1 1058 1768 866
2698 2 2 1 1 991 1800 874
2699 2 2 1 1 432 1760 769
2700 2 2 1 1 686 689 687
2701 2 2 1 1 896 898 897
2702 2 2 1 1 1028 1767 798
2703 2 2 1 1 1563 1825 729
2704 2 2 1 1 684 1793 688
2705 2 2 1 1 1605 1848 1120
2706 2 2 1 1 683 686 684
2707 2 2 1 1 427 428 425
2708 2 2 1 1 793 1767 844
2709 2 2 1 1 427 429 428
2710 2 2 1 1 772 1788 1701
2711 2 2 1 1 541 859 858
2712 2 2 1 1 545 1784 542
2713 2 2 1 1 426 427 425
2714 2 2 1 1 834 1768 955
2715 2 2 1 1 430 777 770
2716 2 2 1 1 1621 1803 680
2717 2 2 1 1 538 539 537
2718 2 2 1 1 825 1765 800
2719 2 2 1 1 673 700 675
2720 2 2 1 1 750 1790 1693
2721 2 2 1 1 681 1764 701
2722 2 2 1 1 1007 1009 1008
2723 2 2 1 1 780 864 863
2724 2 2 1 1 692 1773 693
2725 2 2 1 1 441 1776 444
2726 2 2 1 1 866 1768 834
2727 2 2 1 1 1209 1794 1712
2728 2 2 1 1 693 1773 696
2729 2 2 1 1 947 1799 946
2730 2 2 1 1 407 529 406
2731 2 2 1 1 541 858 539
2732 2 2 1 1 700 914 913
2733 2 2 1 1 447 1839 1788
2734 2 2 1 1 676 678 677
2735 2 2 1 1 914 916 915
2736 2 2 1 1 775 1731 1702
2737 2 2 1 1 423 425 424
2738 2 2 1 1 439 1776 441
2739 2 2 1 1 442 1788 772
2740 2 2 1 1 963 1311 1085
2741 2 2 1 1 32 334 33
2742 2 2 1 1 777 780 779
2743 2 2 1 1 771 1778 440
2744 2 2 1 1 423 424 421
2745 2 2 1 1 754 1804 1147
2746 2 2 1 1 798 1767 793
2747 2 2 1 1 1722 1808 1755
2748 2 2 1 1 982 1830 1237
2749 2 2 1 1 949 1802 1017
2750 2 2 1 1 849 1830 847
2751 2 2 1 1 899 1792 1073
2752 2 2 1 1 687 1793 684
2753 2 2 1 1 1348 1846 1346
2754 2 2 1 1 1864 1865 1152
2755 2 2 1 1 681 683 682
2756 2 2 1 1 729 1825 620
2757 2 2 1 1 1132 1851 1149
2758 2 2 1 1 1046 1184 1155
2759 2 2 1 1 635 1777 553
2760 2 2 1 1 619 1806 561
2761 2 2 1 1 1240 1823 1232
2762 2 2 1 1 541 1784 859
2763 2 2 1 1 532 1146 530
2764 2 2 1 1 1141 1805 1247
2765 2 2 1 1 1802 1896 1090
2766 2 2 1 1 551 1777 775
2767 2 2 1 1 859 1046 858
2768 2 2 1 1 1785 1831 995
2769 2 2 1 1 765 1776 439
2770 2 2 1 1 1309 1836 1824
2771 2 2 1 1 405 406 404
2772 2 2 1 1 904 1773 692
2773 2 2 1 1 681 682 680
2774 2 2 1 1 769 1772 433
2775 2 2 1 1 531 533 532
2776 2 2 1 1 1145 1816 1790
2777 2 2 1 1 533 535 534
2778 2 2 1 1 776 1152 942
2779 2 2 1 1 1703 1829 809
2780 2 2 1 1 553 1777 551
2781 2 2 1 1 1244 1776 765
2782 2 2 1 1 433 1772 435
2783 2 2 1 1 802 1829 968
2784 2 2 1 1 435 1772 438
2785 2 2 1 1 1151 1851 1849
2786 2 2 1 1 809 1829 759
2787 2 2 1 1 918 1163 915
2788 2 2 1 1 559 1806 1756
2789 2 2 1 1 1403 1749 1402
2790 2 2 1 1 1151 1821 906
2791 2 2 1 1 1068 1199 1069
2792 2 2 1 1 1174 1327 1044
2793 2 2 1 1 428 1754 425
2794 2 2 1 1 437 1778 436
2795 2 2 1 1 863 1774 1018
2796 2 2 1 1 888 1828 1024
2797 2 2 1 1 734 1810 753
2798 2 2 1 1 1275 1865 937
2799 2 2 1 1 1184 1328 1258
2800 2 2 1 1 1327 1799 1044
2801 2 2 1 1 1440 1832 1439
2802 2 2 1 1 1133 1811 1795
2803 2 2 1 1 1258 1869 1155
2804 2 2 1 1 1254 1789 434
2805 2 2 1 1 1441 1891 1888
2806 2 2 1 1 1260 1881 1875
2807 2 2 1 1 944 1003 943
2808 2 2 1 1 936 1068 1027
2809 2 2 1 1 918 1234 1163
2810 2 2 1 1 1622 2161 360
2811 2 2 1 1 561 1806 559
2812 2 2 1 1 539 1798 537
2813 2 2 1 1 407 1780 529
2814 2 2 1 1 679 1818 1764
2815 2 2 1 1 419 776 418
2816 2 2 1 1 529 531 530
2817 2 2 1 1 409 1780 407
2818 2 2 1 1 1090 1814 1091
2819 2 2 1 1 676 679 678
2820 2 2 1 1 1248 1844 1383
2821 2 2 1 1 565 1832 563
2822 2 2 1 1 1155 1798 858
2823 2 2 1 1 1756 1806 1714
2824 2 2 1 1 679 680 678
2825 2 2 1 1 845 977 962
2826 2 2 1 1 930 1061 932
2827 2 2 1 1 1707 1828 1786
2828 2 2 1 1 1490 1817 1493
2829 2 2 1 1 753 1815 789
2830 2 2 1 1 1073 1792 1076
2831 2 2 1 1 1788 1839 1701
2832 2 2 1 1 1662 2050 1670
2833 2 2 1 1 678 1803 691
2834 2 2 1 1 916 918 915
2835 2 2 1 1 944 1153 1003
2836 2 2 1 1 1526 1831 1785
2837 2 2 1 1 845 962 846
2838 2 2 1 1 1008 1774 864
2839 2 2 1 1 864 1774 863
2840 2 2 1 1 440 1778 437
2841 2 2 1 1 1703 1846 1829
2842 2 2 1 1 421 1801 419
2843 2 2 1 1 1863 1868 1162
2844 2 2 1 1 1144 1808 1722
2845 2 2 1 1 1810 1815 753
2846 2 2 1 1 529 530 406
2847 2 2 1 1 691 1797 893
2848 2 2 1 1 431 1789 430
2849 2 2 1 1 1773 1821 1711
2850 2 2 1 1 776 938 418
2851 2 2 1 1 770 1754 428
2852 2 2 1 1 1816 1824 805
2853 2 2 1 1 661 663 662
2854 2 2 1 1 1693 1816 805
2855 2 2 1 1 674 1854 672
2856 2 2 1 1 914 915 913
2857 2 2 1 1 1790 1816 1693
2858 2 2 1 1 700 913 675
2859 2 2 1 1 436 1778 1255
2860 2 2 1 1 679 681 680
2861 2 2 1 1 1786 1828 886
2862 2 2 1 1 942 943 938
2863 2 2 1 1 1259 1895 1887
2864 2 2 1 1 404 1205 402
2865 2 2 1 1 533 534 532
2866 2 2 1 1 675 676 674
2867 2 2 1 1 535 845 534
2868 2 2 1 1 942 944 943
2869 2 2 1 1 492 1780 409
2870 2 2 1 1 670 702 668
2871 2 2 1 1 1220 1221 1219
2872 2 2 1 1 531 532 530
2873 2 2 1 1 909 1857 1151
2874 2 2 1 1 773 1813 771
2875 2 2 1 1 977 1170 962
2876 2 2 1 1 1269 1351 1270
2877 2 2 1 1 1738 1811 1133
2878 2 2 1 1 444 1812 446
2879 2 2 1 1 52 1856 393
2880 2 2 1 1 434 1789 431
2881 2 2 1 1 1733 1811 1738
2882 2 2 1 1 1517 1838 1777
2883 2 2 1 1 415 1796 413
2884 2 2 1 1 31 1779 32
2885 2 2 1 1 397 1856 51
2886 2 2 1 1 924 1062 926
2887 2 2 1 1 545 1826 1784
2888 2 2 1 1 962 1820 963
2889 2 2 1 1 620 1825 642
2890 2 2 1 1 1232 1823 1438
2891 2 2 1 1 805 1824 1690
2892 2 2 1 1 846 1819 534
2893 2 2 1 1 893 1797 896
2894 2 2 1 1 904 1821 1773
2895 2 2 1 1 1076 1792 1400
2896 2 2 1 1 651 1842 1150
2897 2 2 1 1 885 1912 1079
2898 2 2 1 1 896 1797 1770
2899 2 2 1 1 1216 1217 1215
2900 2 2 1 1 537 1807 535
2901 2 2 1 1 759 1829 802
2902 2 2 1 1 858 1798 539
2903 2 2 1 1 673 675 674
2904 2 2 1 1 886 1828 888
2905 2 2 1 1 776 942 938
2906 2 2 1 1 691 1803 1797
2907 2 2 1 1 847 1830 982
2908 2 2 1 1 1511 1892 1512
2909 2 2 1 1 673 674 672
2910 2 2 1 1 1731 1826 1702
2911 2 2 1 1 1784 1826 1156
2912 2 2 1 1 1777 1838 775
2913 2 2 1 1 1079 1907 1468
2914 2 2 1 1 1280 1934 1928
2915 2 2 1 1 1702 1826 545
2916 2 2 1 1 430 1789 777
2917 2 2 1 1 1068 1371 1199
2918 2 2 1 1 906 1821 904
2919 2 2 1 1 995 1831 1240
2920 2 2 1 1 680 1803 678
2921 2 2 1 1 33 1834 34
2922 2 2 1 1 1203 1837 1480
2923 2 2 1 1 563 1832 619
2924 2 2 1 1 658 996 656
2925 2 2 1 1 418 1796 415
2926 2 2 1 1 1690 1836 1671
2927 2 2 1 1 1739 1822 461
2928 2 2 1 1 1824 1836 1690
2929 2 2 1 1 532 1819 1146
2930 2 2 1 1 1110 1841 1605
2931 2 2 1 1 671 672 670
2932 2 2 1 1 1018 1833 1276
2933 2 2 1 1 419 1801 776
2934 2 2 1 1 662 857 660
2935 2 2 1 1 656 1842 653
2936 2 2 1 1 1178 1833 1774
2937 2 2 1 1 671 673 672
2938 2 2 1 1 535 1807 845
2939 2 2 1 1 1217 1220 1219
2940 2 2 1 1 932 1809 936
2941 2 2 1 1 686 1850 1536
2942 2 2 1 1 1151 1849 1821
2943 2 2 1 1 763 1878 1866
2944 2 2 1 1 845 1807 977
2945 2 2 1 1 1812 1835 766
2946 2 2 1 1 424 1801 421
2947 2 2 1 1 780 1852 1006
2948 2 2 1 1 1146 1843 530
2949 2 2 1 1 717 1849 1604
2950 2 2 1 1 998 1876 1045
2951 2 2 1 1 1042 1332 1224
2952 2 2 1 1 1221 1265 1264
2953 2 2 1 1 1468 1882 688
2954 2 2 1 1 1514 1910 1515
2955 2 2 1 1 963 1820 1311
2956 2 2 1 1 669 671 670
2957 2 2 1 1 1798 1807 537
2958 2 2 1 1 1774 1833 1018
2959 2 2 1 1 666 784 664
2960 2 2 1 1 669 670 668
2961 2 2 1 1 1168 1216 1215
2962 2 2 1 1 775 1838 1731
2963 2 2 1 1 683 1850 686
2964 2 2 1 1 1701 1839 1148
2965 2 2 1 1 1245 1835 1244
2966 2 2 1 1 30 388 31
2967 2 2 1 1 945 1853 901
2968 2 2 1 1 1170 1820 962
2969 2 2 1 1 1828 1858 1024
2970 2 2 1 1 776 1801 1152
2971 2 2 1 1 1600 2159 2028
2972 2 2 1 1 894 1879 892
2973 2 2 1 1 653 1842 651
2974 2 2 1 1 1218 1871 1215
2975 2 2 1 1 1265 1266 1264
2976 2 2 1 1 938 1796 418
2977 2 2 1 1 447 1866 1727
2978 2 2 1 1 1120 1848 1546
2979 2 2 1 1 534 1819 532
2980 2 2 1 1 667 669 668
2981 2 2 1 1 996 1904 1429
2982 2 2 1 1 667 668 666
2983 2 2 1 1 676 1818 679
2984 2 2 1 1 1868 1875 1116
2985 2 2 1 1 675 1818 676
2986 2 2 1 1 1346 1846 1703
2987 2 2 1 1 1821 1849 1711
2988 2 2 1 1 1197 2032 1372
2989 2 2 1 1 1268 1269 1266
2990 2 2 1 1 907 1862 909
2991 2 2 1 1 763 1866 448
2992 2 2 1 1 916 1861 918
2993 2 2 1 1 996 1842 656
2994 2 2 1 1 608 1844 1787
2995 2 2 1 1 445 1866 447
2996 2 2 1 1 936 1809 1068
2997 2 2 1 1 665 667 666
2998 2 2 1 1 663 664 662
2999 2 2 1 1 913 1818 675
3000 2 2 1 1 665 666 664
3001 2 2 1 1 1061 1809 932
3002 2 2 1 1 1258 1884 1869
3003 2 2 1 1 1265 1268 1266
3004 2 2 1 1 1244 1835 1812
3005 2 2 1 1 934 1386 922
3006 2 2 1 1 1811 1863 1460
3007 2 2 1 1 1151 1857 1851
3008 2 2 1 1 32 1779 334
3009 2 2 1 1 1529 1858 1707
3010 2 2 1 1 663 665 664
3011 2 2 1 1 34 389 35
3012 2 2 1 1 1711 1849 717
3013 2 2 1 1 1254 1852 1789
3014 2 2 1 1 921 923 919
3015 2 2 1 1 1604 1851 1132
3016 2 2 1 1 701 1850 683
3017 2 2 1 1 1787 1844 1248
3018 2 2 1 1 1269 1352 1351
3019 2 2 1 1 1902 1910 1514
3020 2 2 1 1 1042 1224 1159
3021 2 2 1 1 1851 1857 1149
3022 2 2 1 1 1376 1925 1905
3023 2 2 1 1 1160 1891 1078
3024 2 2 1 1 1899 1915 1097
3025 2 2 1 1 1277 1883 1161
3026 2 2 1 1 1789 1852 777
3027 2 2 1 1 1509 1878 1511
3028 2 2 1 1 1271 1924 1272
3029 2 2 1 1 1042 1159 923
3030 2 2 1 1 51 1856 52
3031 2 2 1 1 334 1834 33
3032 2 2 1 1 1707 1858 1828
3033 2 2 1 1 901 1853 1019
3034 2 2 1 1 940 1881 1647
3035 2 2 1 1 1852 1867 1006
3036 2 2 1 1 411 1860 492
3037 2 2 1 1 1382 1936 1175
3038 2 2 1 1 1733 1863 1811
3039 2 2 1 1 1860 1883 492
3040 2 2 1 1 1870 1882 1262
3041 2 2 1 1 1079 1912 1907
3042 2 2 1 1 1461 1897 1874
3043 2 2 1 1 1038 1042 923
3044 2 2 1 1 1006 1867 1769
3045 2 2 1 1 777 1852 780
3046 2 2 1 1 677 1854 674
3047 2 2 1 1 406 1843 404
3048 2 2 1 1 1562 1864 1754
3049 2 2 1 1 1260 1875 1720
3050 2 2 1 1 607 1911 1498
3051 2 2 1 1 1163 1859 915
3052 2 2 1 1 1841 1913 1605
3053 2 2 1 1 1146 1874 1843
3054 2 2 1 1 918 1901 1234
3055 2 2 1 1 1068 1809 1371
3056 2 2 1 1 1392 2098 356
3057 2 2 1 1 1919 1920 1546
3058 2 2 1 1 1171 1885 994
3059 2 2 1 1 404 1843 1205
3060 2 2 1 1 1668 1860 1796
3061 2 2 1 1 530 1843 406
3062 2 2 1 1 1796 1860 413
3063 2 2 1 1 35 1855 36
3064 2 2 1 1 1818 1859 1764
3065 2 2 1 1 1259 1887 1010
3066 2 2 1 1 820 1895 949
3067 2 2 1 1 642 1923 1920
3068 2 2 1 1 702 1847 668
3069 2 2 1 1 822 1890 1813
3070 2 2 1 1 1689 2137 1974
3071 2 2 1 1 413 1860 411
3072 2 2 1 1 1770 1870 1262
3073 2 2 1 1 844 1939 1914
3074 2 2 1 1 552 1898 554
3075 2 2 1 1 1892 1902 1512
3076 2 2 1 1 388 1779 31
3077 2 2 1 1 1875 1881 1116
3078 2 2 1 1 1254 1867 1852
3079 2 2 1 1 668 1847 666
3080 2 2 1 1 1866 1878 1727
3081 2 2 1 1 913 1859 1818
3082 2 2 1 1 424 1864 1801
3083 2 2 1 1 1843 1874 1205
3084 2 2 1 1 1714 1888 1158
3085 2 2 1 1 1011 1896 1259
3086 2 2 1 1 1848 1919 1546
3087 2 2 1 1 1441 1888 619
3088 2 2 1 1 1251 1908 1250
3089 2 2 1 1 946 1862 907
3090 2 2 1 1 666 1847 784
3091 2 2 1 1 1415 1922 1416
3092 2 2 1 1 150 1977 367
3093 2 2 1 1 937 1865 1562
3094 2 2 1 1 589 1863 1733
3095 2 2 1 1 915 1859 913
3096 2 2 1 1 1801 1864 1152
3097 2 2 1 1 589 1868 1863
3098 2 2 1 1 36 352 37
3099 2 2 1 1 448 1866 445
3100 2 2 1 1 1754 1864 424
3101 2 2 1 1 1780 1899 1097
3102 2 2 1 1 491 2057 2000
3103 2 2 1 1 1259 1896 1802
3104 2 2 1 1 1337 1350 28
3105 2 2 1 1 1163 1880 1859
3106 2 2 1 1 1413 1947 703
3107 2 2 1 1 1621 1882 1870
3108 2 2 1 1 1255 1867 1254
3109 2 2 1 1 1152 1889 942
3110 2 2 1 1 1803 1870 1797
3111 2 2 1 1 34 1834 389
3112 2 2 1 1 919 1861 916
3113 2 2 1 1 1150 1872 1444
3114 2 2 1 1 1887 1895 1647
3115 2 2 1 1 1668 1883 1860
3116 2 2 1 1 1158 1894 971
3117 2 2 1 1 1745 1868 589
3118 2 2 1 1 1461 1874 1146
3119 2 2 1 1 968 1905 852
3120 2 2 1 1 979 1905 1295
3121 2 2 1 1 1304 1911 1363
3122 2 2 1 1 1275 1889 1865
3123 2 2 1 1 1621 1870 1803
3124 2 2 1 1 119 1909 1614
3125 2 2 1 1 1797 1870 1770
3126 2 2 1 1 1728 1915 877
3127 2 2 1 1 339 1909 120
3128 2 2 1 1 1215 1871 1214
3129 2 2 1 1 1155 1869 1798
3130 2 2 1 1 1387 1827 1386
3131 2 2 1 1 1164 1906 1273
3132 2 2 1 1 1448 1916 1082
3133 2 2 1 1 619 1888 1806
3134 2 2 1 1 1564 2073 1336
3135 2 2 1 1 1873 1877 1156
3136 2 2 1 1 1159 1861 923
3137 2 2 1 1 701 1880 1448
3138 2 2 1 1 1082 1876 998
3139 2 2 1 1 1859 1880 1764
3140 2 2 1 1 37 1900 38
3141 2 2 1 1 39 369 40
3142 2 2 1 1 1906 1914 1273
3143 2 2 1 1 1119 1873 1731
3144 2 2 1 1 1881 1887 1647
3145 2 2 1 1 1878 1892 1511
3146 2 2 1 1 1072 1879 894
3147 2 2 1 1 1156 1877 1047
3148 2 2 1 1 38 1900 1840
3149 2 2 1 1 605 1913 608
3150 2 2 1 1 29 1886 30
3151 2 2 1 1 923 1861 919
3152 2 2 1 1 1720 1875 1745
3153 2 2 1 1 1731 1873 1826
3154 2 2 1 1 1745 1875 1868
3155 2 2 1 1 1869 1884 977
3156 2 2 1 1 30 1886 388
3157 2 2 1 1 1798 1869 1807
3158 2 2 1 1 56 1918 365
3159 2 2 1 1 844 1914 792
3160 2 2 1 1 386 1918 55
3161 2 2 1 1 1865 1889 1152
3162 2 2 1 1 1078 1891 1441
3163 2 2 1 1 357 2055 1349
3164 2 2 1 1 1807 1869 977
3165 2 2 1 1 1727 1878 1509
3166 2 2 1 1 1867 1890 1769
3167 2 2 1 1 1116 1881 940
3168 2 2 1 1 1842 1872 1150
3169 2 2 1 1 610 1919 609
3170 2 2 1 1 822 1906 1890
3171 2 2 1 1 1826 1873 1156
3172 2 2 1 1 389 1855 35
3173 2 2 1 1 665 1947 1436
3174 2 2 1 1 1311 1929 1312
3175 2 2 1 1 994 1885 1160
3176 2 2 1 1 1687 1969 616
3177 2 2 1 1 1545 1923 1271
3178 2 2 1 1 658 1904 996
3179 2 2 1 1 996 1872 1842
3180 2 2 1 1 857 1904 660
3181 2 2 1 1 688 1882 1621
3182 2 2 1 1 642 1920 617
3183 2 2 1 1 1924 1928 1272
3184 2 2 1 1 1010 1887 1260
3185 2 2 1 1 1160 1894 1891
3186 2 2 1 1 1561 2167 1560
3187 2 2 1 1 1699 2166 1189
3188 2 2 1 1 1277 1915 1899
3189 2 2 1 1 1161 1883 1668
3190 2 2 1 1 608 1913 1841
3191 2 2 1 1 1764 1880 701
3192 2 2 1 1 2043 2071 1296
3193 2 2 1 1 1276 1917 1275
3194 2 2 1 1 1349 1925 1376
3195 2 2 1 1 977 1884 1170
3196 2 2 1 1 1280 1928 1563
3197 2 2 1 1 1747 1892 763
3198 2 2 1 1 1288 2080 1593
3199 2 2 1 1 609 1919 1848
3200 2 2 1 1 1813 1890 1255
3201 2 2 1 1 942 1889 944
3202 2 2 1 1 1255 1890 1867
3203 2 2 1 1 1647 1895 820
3204 2 2 1 1 1293 1926 1496
3205 2 2 1 1 1806 1888 1714
3206 2 2 1 1 1308 1980 1309
3207 2 2 1 1 1206 1897 1461
3208 2 2 1 1 1167 1940 1198
3209 2 2 1 1 1383 1896 1011
3210 2 2 1 1 36 1855 352
3211 2 2 1 1 1891 1894 1158
3212 2 2 1 1 1898 1903 557
3213 2 2 1 1 1277 1899 1883
3214 2 2 1 1 1391 1827 1387
3215 2 2 1 1 554 1898 557
3216 2 2 1 1 1048 1932 987
3217 2 2 1 1 989 1932 1171
3218 2 2 1 1 763 1892 1878
3219 2 2 1 1 1165 1933 1476
3220 2 2 1 1 1575 2043 1296
3221 2 2 1 1 1468 1907 1882
3222 2 2 1 1 1260 1887 1881
3223 2 2 1 1 1997 2078 387
3224 2 2 1 1 557 1903 1649
3225 2 2 1 1 1747 1902 1892
3226 2 2 1 1 492 1899 1780
3227 2 2 1 1 760 1935 1718
3228 2 2 1 1 660 1904 658
3229 2 2 1 1 1275 1917 1889
3230 2 2 1 1 852 1905 979
3231 2 2 1 1 1861 1901 918
3232 2 2 1 1 456 1902 1747
3233 2 2 1 1 1003 1933 1165
3234 2 2 1 1 1890 1906 1769
3235 2 2 1 1 1296 2045 1575
3236 2 2 1 1 354 2127 1595
3237 2 2 1 1 1649 1984 607
3238 2 2 1 1 928 1931 930
3239 2 2 1 1 573 1941 574
3240 2 2 1 1 456 1910 1902
3241 2 2 1 1 1920 1923 1546
3242 2 2 1 1 1479 1949 373
3243 2 2 1 1 1889 1917 944
3244 2 2 1 1 1429 1908 1251
3245 2 2 1 1 1454 2145 1453
3246 2 2 1 1 662 1927 857
3247 2 2 1 1 1262 1907 1261
3248 2 2 1 1 822 1914 1906
3249 2 2 1 1 1901 1936 1382
3250 2 2 1 1 784 1927 664
3251 2 2 1 1 1982 1984 1649
3252 2 2 1 1 1227 2042 2041
3253 2 2 1 1 1923 1924 1271
3254 2 2 1 1 1227 2041 1378
3255 2 2 1 1 581 1944 644
3256 2 2 1 1 1378 2041 2039
3257 2 2 1 1 120 1909 119
3258 2 2 1 1 1163 1916 1880
3259 2 2 1 1 1616 1943 380
3260 2 2 1 1 1769 1906 1164
3261 2 2 1 1 1882 1907 1262
3262 2 2 1 1 1928 1934 1272
3263 2 2 1 1 1883 1899 492
3264 2 2 1 1 577 1944 578
3265 2 2 1 1 2 1977 150
3266 2 2 1 1 1498 1911 1304
3267 2 2 1 1 1880 1916 1448
3268 2 2 1 1 1907 1912 1261
3269 2 2 1 1 1751 1910 456
3270 2 2 1 1 1794 1948 1473
3271 2 2 1 1 609 1913 605
3272 2 2 1 1 1204 2042 1227
3273 2 2 1 1 792 1914 822
3274 2 2 1 1 1097 1915 1728
3275 2 2 1 1 1261 1912 1379
3276 2 2 1 1 352 1900 37
3277 2 2 1 1 1969 1973 616
3278 2 2 1 1 1344 2060 355
3279 2 2 1 1 1159 1901 1861
3280 2 2 1 1 1160 1942 1894
3281 2 2 1 1 1915 1921 877
3282 2 2 1 1 55 1918 56
3283 2 2 1 1 379 1946 1598
3284 2 2 1 1 1602 1946 1601
3285 2 2 1 1 1234 1916 1163
3286 2 2 1 1 613 1919 610
3287 2 2 1 1 944 1917 1153
3288 2 2 1 1 1189 2166 1943
3289 2 2 1 1 1472 1951 1231
3290 2 2 1 1 613 1920 1919
3291 2 2 1 1 1202 2044 1204
3292 2 2 1 1 1542 1953 1540
3293 2 2 1 1 1204 2044 2042
3294 2 2 1 1 617 1920 613
3295 2 2 1 1 1202 2046 2044
3296 2 2 1 1 1313 1934 1280
3297 2 2 1 1 1579 1953 368
3298 2 2 1 1 1658 1954 1657
3299 2 2 1 1 703 1947 663
3300 2 2 1 1 1659 1954 1660
3301 2 2 1 1 1165 1921 1277
3302 2 2 1 1 1198 1922 1415
3303 2 2 1 1 1546 1923 1545
3304 2 2 1 1 1903 1982 1649
3305 2 2 1 1 1502 1956 1501
3306 2 2 1 1 1243 1992 1210
3307 2 2 1 1 1598 2144 1187
3308 2 2 1 1 1752 1945 1177
3309 2 2 1 1 955 1952 832
3310 2 2 1 1 1378 2006 1853
3311 2 2 1 1 830 1952 981
3312 2 2 1 1 1201 2046 1202
3313 2 2 1 1 1505 1966 1506
3314 2 2 1 1 1036 1958 1715
3315 2 2 1 1 552 1978 1898
3316 2 2 1 1 107 1957 106
3317 2 2 1 1 43 356 44
3318 2 2 1 1 1374 2133 376
3319 2 2 1 1 1541 2027 393
3320 2 2 1 1 1030 1963 1574
3321 2 2 1 1 1159 1936 1901
3322 2 2 1 1 1253 1962 1186
3323 2 2 1 1 1825 1924 642
3324 2 2 1 1 350 1886 29
3325 2 2 1 1 1655 2048 1201
3326 2 2 1 1 1201 2048 2046
3327 2 2 1 1 2052 2054 1208
3328 2 2 1 1 1223 1965 1596
3329 2 2 1 1 2038 2109 1392
3330 2 2 1 1 1324 1926 1293
3331 2 2 1 1 598 1967 604
3332 2 2 1 1 1986 1987 1281
3333 2 2 1 1 46 394 47
3334 2 2 1 1 664 1927 662
3335 2 2 1 1 1187 2105 1598
3336 2 2 1 1 1077 1976 1385
3337 2 2 1 1 987 1932 989
3338 2 2 1 1 1071 1961 1168
3339 2 2 1 1 1272 1934 1321
3340 2 2 1 1 930 1931 1061
3341 2 2 1 1 1680 2005 2004
3342 2 2 1 1 1914 1939 1273
3343 2 2 1 1 1563 1928 1825
3344 2 2 1 1 1363 2008 1302
3345 2 2 1 1 1153 1933 1003
3346 2 2 1 1 1302 2014 1301
3347 2 2 1 1 971 2103 1451
3348 2 2 1 1 1718 1935 1179
3349 2 2 1 1 1935 1938 1179
3350 2 2 1 1 642 1924 1923
3351 2 2 1 1 1180 2095 1582
3352 2 2 1 1 1825 1928 1924
3353 2 2 1 1 1898 1978 1282
3354 2 2 1 1 1282 1973 1178
3355 2 2 1 1 1862 1972 1426
3356 2 2 1 1 2014 2016 1301
3357 2 2 1 1 573 2022 1941
3358 2 2 1 1 1246 1988 1400
3359 2 2 1 1 1336 2113 1565
3360 2 2 1 1 1380 1971 1252
3361 2 2 1 1 1277 1921 1915
3362 2 2 1 1 182 1974 183
3363 2 2 1 1 2049 2075 1325
3364 2 2 1 1 1301 2016 1303
3365 2 2 1 1 1216 1970 1217
3366 2 2 1 1 1236 1975 983
3367 2 2 1 1 616 1978 550
3368 2 2 1 1 1179 1938 1208
3369 2 2 1 1 985 1975 1048
3370 2 2 1 1 2008 2014 1302
3371 2 2 1 1 1224 1936 1159
3372 2 2 1 1 1799 1972 946
3373 2 2 1 1 391 2018 1930
3374 2 2 1 1 382 1980 1638
3375 2 2 1 1 1214 1940 1167
3376 2 2 1 1 1409 2147 342
3377 2 2 1 1 2016 2019 1303
3378 2 2 1 1 1273 1939 1274
3379 2 2 1 1 574 1941 577
3380 2 2 1 1 1220 1979 1221
3381 2 2 1 1 1030 2074 1963
3382 2 2 1 1 1452 1942 1454
3383 2 2 1 1 1009 1982 1134
3384 2 2 1 1 2040 2071 1619
3385 2 2 1 1 1931 1937 1061
3386 2 2 1 1 399 1968 94
3387 2 2 1 1 390 2147 1409
3388 2 2 1 1 784 1971 1927
3389 2 2 1 1 380 1943 1607
3390 2 2 1 1 1140 1988 1246
3391 2 2 1 1 1036 2065 1958
3392 2 2 1 1 1400 1994 1246
3393 2 2 1 1 957 2003 1059
3394 2 2 1 1 1885 1942 1160
3395 2 2 1 1 1312 2009 1395
3396 2 2 1 1 1208 2054 1209
3397 2 2 1 1 578 1944 581
3398 2 2 1 1 2054 2056 1209
3399 2 2 1 1 769 1986 1772
3400 2 2 1 1 1478 1991 1366
3401 2 2 1 1 155 1990 156
3402 2 2 1 1 1994 2002 1246
3403 2 2 1 1 1584 2102 1180
3404 2 2 1 1 466 1989 462
3405 2 2 1 1 459 1989 764
3406 2 2 1 1 1361 1991 1342
3407 2 2 1 1 1622 2031 1300
3408 2 2 1 1 1603 1992 344
3409 2 2 1 1 1568 1996 338
3410 2 2 1 1 1209 2056 1794
3411 2 2 1 1 902 1994 1709
3412 2 2 1 1 1602 2151 1946
3413 2 2 1 1 1252 1981 1013
3414 2 2 1 1 1634 2141 1633
3415 2 2 1 1 338 1996 136
3416 2 2 1 1 135 1996 376
3417 2 2 1 1 1635 1995 1634
3418 2 2 1 1 5 390 41
3419 2 2 1 1 341 1997 171
3420 2 2 1 1 172 1997 387
3421 2 2 1 1 464 1998 466
3422 2 2 1 1 64 1999 383
3423 2 2 1 1 354 1999 63
3424 2 2 1 1 2025 2067 1283
3425 2 2 1 1 491 2000 470
3426 2 2 1 1 392 2009 1335
3427 2 2 1 1 1601 1946 379
3428 2 2 1 1 981 1945 1752
3429 2 2 1 1 1134 1982 1903
3430 2 2 1 1 1268 1993 1269
3431 2 2 1 1 1473 1948 1472
3432 2 2 1 1 844 2008 1939
3433 2 2 1 1 1463 1950 385
3434 2 2 1 1 760 2048 1935
3435 2 2 1 1 1324 2107 2099
3436 2 2 1 1 1835 2005 766
3437 2 2 1 1 385 1950 1658
3438 2 2 1 1 1295 1949 1320
3439 2 2 1 1 1938 2052 1208
3440 2 2 1 1 1231 1951 1230
3441 2 2 1 1 1792 1994 1400
3442 2 2 1 1 1185 2003 1414
3443 2 2 1 1 1443 2020 1196
3444 2 2 1 1 663 1947 665
3445 2 2 1 1 1276 1969 1959
3446 2 2 1 1 832 1952 830
3447 2 2 1 1 368 1953 1542
3448 2 2 1 1 1153 1959 1757
3449 2 2 1 1 1019 2006 1680
3450 2 2 1 1 1657 1954 1659
3451 2 2 1 1 1822 2005 1680
3452 2 2 1 1 1230 2061 1228
3453 2 2 1 1 381 2013 1626
3454 2 2 1 1 1739 2005 1822
3455 2 2 1 1 1680 2006 1822
3456 2 2 1 1 1310 2012 1138
3457 2 2 1 1 2061 2063 1228
3458 2 2 1 1 1927 1971 1380
3459 2 2 1 1 1941 2022 1305
3460 2 2 1 1 2121 2131 366
3461 2 2 1 1 1740 2097 352
3462 2 2 1 1 1228 2063 1211
3463 2 2 1 1 2059 2061 1230
3464 2 2 1 1 2063 2064 1211
3465 2 2 1 1 1501 1956 1505
3466 2 2 1 1 1742 2011 1191
3467 2 2 1 1 1586 1960 1585
3468 2 2 1 1 1662 2030 1663
3469 2 2 1 1 485 2015 481
3470 2 2 1 1 1324 2099 1926
3471 2 2 1 1 478 2015 788
3472 2 2 1 1 353 1957 107
3473 2 2 1 1 367 2053 1481
3474 2 2 1 1 1715 1958 1523
3475 2 2 1 1 1305 2019 1020
3476 2 2 1 1 1194 2020 1550
3477 2 2 1 1 2000 2057 1278
3478 2 2 1 1 1303 2022 1551
3479 2 2 1 1 483 2023 485
3480 2 2 1 1 1186 1962 1317
3481 2 2 1 1 1099 2029 1100
3482 2 2 1 1 1176 2024 1305
3483 2 2 1 1 499 2025 489
3484 2 2 1 1 1276 1959 1917
3485 2 2 1 1 1523 2068 1521
3486 2 2 1 1 1549 2076 349
3487 2 2 1 1 2068 2070 1521
3488 2 2 1 1 1574 1963 1238
3489 2 2 1 1 1321 2028 1257
3490 2 2 1 1 1925 1949 1295
3491 2 2 1 1 1385 1971 784
3492 2 2 1 1 1963 1964 1238
3493 2 2 1 1 20 2129 1
3494 2 2 1 1 1521 2070 1253
3495 2 2 1 1 1168 1961 1216
3496 2 2 1 1 1238 1964 1222
3497 2 2 1 1 1190 2029 1673
3498 2 2 1 1 1964 1965 1222
3499 2 2 1 1 1972 2123 1426
3500 2 2 1 1 1222 1965 1223
3501 2 2 1 1 1567 2101 1568
3502 2 2 1 1 1506 1966 597
3503 2 2 1 1 1941 2024 577
3504 2 2 1 1 82 2031 1622
3505 2 2 1 1 336 2031 81
3506 2 2 1 1 366 2131 1689
3507 2 2 1 1 2062 2068 1523
3508 2 2 1 1 1966 1967 597
3509 2 2 1 1 1710 2032 1197
3510 2 2 1 1 1256 2035 1114
3511 2 2 1 1 94 1968 93
3512 2 2 1 1 1749 2157 1405
3513 2 2 1 1 1356 2078 1997
3514 2 2 1 1 1946 2151 1067
3515 2 2 1 1 2066 2072 1317
3516 2 2 1 1 597 1967 598
3517 2 2 1 1 1768 2033 955
3518 2 2 1 1 19 391 2
3519 2 2 1 1 1193 2034 1174
3520 2 2 1 1 1192 2040 1688
3521 2 2 1 1 1897 2060 1874
3522 2 2 1 1 1917 1959 1153
3523 2 2 1 1 1939 2008 1363
3524 2 2 1 1 1822 2039 461
3525 2 2 1 1 967 2043 1575
3526 2 2 1 1 1015 2043 856
3527 2 2 1 1 48 1968 49
3528 2 2 1 1 1935 2048 1655
3529 2 2 1 1 60 2010 61
3530 2 2 1 1 964 2045 1296
3531 2 2 1 1 1957 2112 106
3532 2 2 1 1 1375 2133 1374
3533 2 2 1 1 1130 2013 1724
3534 2 2 1 1 1833 1969 1276
3535 2 2 1 1 350 2139 1418
3536 2 2 1 1 1287 2049 1782
3537 2 2 1 1 399 2134 1968
3538 2 2 1 1 1670 2050 1669
3539 2 2 1 1 342 2147 92
3540 2 2 1 1 1390 2098 1392
3541 2 2 1 1 2053 2079 1481
3542 2 2 1 1 1830 2030 1237
3543 2 2 1 1 1217 1970 1220
3544 2 2 1 1 373 2055 146
3545 2 2 1 1 1963 2074 1318
3546 2 2 1 1 145 2055 357
3547 2 2 1 1 1958 2065 1652
3548 2 2 1 1 1175 2146 1193
3549 2 2 1 1 869 2058 1025
3550 2 2 1 1 1926 2091 1496
3551 2 2 1 1 1675 2059 889
3552 2 2 1 1 1481 2079 1482
3553 2 2 1 1 1193 2146 1845
3554 2 2 1 1 1651 2062 1652
3555 2 2 1 1 1355 2155 1644
3556 2 2 1 1 1689 1974 182
3557 2 2 1 1 1652 2064 872
3558 2 2 1 1 879 2066 880
3559 2 2 1 1 983 1975 985
3560 2 2 1 1 1953 2153 1540
3561 2 2 1 1 1211 2065 1035
3562 2 2 1 1 1527 1976 1077
3563 2 2 1 1 1677 1995 1043
3564 2 2 1 1 1553 2073 346
3565 2 2 1 1 1585 2087 1584
3566 2 2 1 1 133 2069 132
3567 2 2 1 1 2018 2162 1335
3568 2 2 1 1 1318 2072 1032
3569 2 2 1 1 1948 2058 1472
3570 2 2 1 1 1317 2074 1029
3571 2 2 1 1 946 1972 1862
3572 2 2 1 1 1024 2052 1023
3573 2 2 1 1 1833 1973 1969
3574 2 2 1 1 1178 1973 1833
3575 2 2 1 1 1013 1981 1123
3576 2 2 1 1 1749 2017 394
3577 2 2 1 1 1617 2120 1616
3578 2 2 1 1 349 2076 175
3579 2 2 1 1 550 1978 552
3580 2 2 1 1 1406 2098 1394
3581 2 2 1 1 1951 2059 1230
3582 2 2 1 1 1981 1985 1123
3583 2 2 1 1 1407 2100 1332
3584 2 2 1 1 1305 2024 1941
3585 2 2 1 1 2027 2153 1291
3586 2 2 1 1 1352 2001 1397
3587 2 2 1 1 1392 2109 1389
3588 2 2 1 1 377 2080 1590
3589 2 2 1 1 357 2082 144
3590 2 2 1 1 143 2082 374
3591 2 2 1 1 2101 2169 1052
3592 2 2 1 1 1221 1979 1265
3593 2 2 1 1 334 2149 1834
3594 2 2 1 1 355 2060 1897
3595 2 2 1 1 1631 1980 382
3596 2 2 1 1 1264 2084 1267
3597 2 2 1 1 1270 2084 1266
3598 2 2 1 1 1123 1985 1760
3599 2 2 1 1 1136 2083 1316
3600 2 2 1 1 1976 1981 1252
3601 2 2 1 1 1980 2111 1309
3602 2 2 1 1 374 2086 1552
3603 2 2 1 1 1169 1982 1009
3604 2 2 1 1 1172 2083 1746
3605 2 2 1 1 47 2017 4
3606 2 2 1 1 177 2085 361
3607 2 2 1 1 1985 1987 1760
3608 2 2 1 1 1979 1983 1265
3609 2 2 1 1 1265 1983 1268
3610 2 2 1 1 1311 2053 1929
3611 2 2 1 1 868 2087 1736
3612 2 2 1 1 1527 1985 1981
3613 2 2 1 1 1627 2124 336
3614 2 2 1 1 1169 1984 1982
3615 2 2 1 1 370 2100 1407
3616 2 2 1 1 1772 1986 1139
3617 2 2 1 1 1482 2088 362
3618 2 2 1 1 1274 1984 1169
3619 2 2 1 1 2079 2088 1482
3620 2 2 1 1 1986 1988 1139
3621 2 2 1 1 1181 1985 1527
3622 2 2 1 1 361 2091 1926
3623 2 2 1 1 1613 2123 1972
3624 2 2 1 1 1760 1987 769
3625 2 2 1 1 1929 2053 367
3626 2 2 1 1 1547 2091 1548
3627 2 2 1 1 1958 2062 1523
3628 2 2 1 1 1181 1987 1985
3629 2 2 1 1 1956 2033 1505
3630 2 2 1 1 975 2090 1699
3631 2 2 1 1 1555 2092 1289
3632 2 2 1 1 1450 2081 371
3633 2 2 1 1 394 2157 1749
3634 2 2 1 1 1740 2118 1218
3635 2 2 1 1 1139 1988 1140
3636 2 2 1 1 1281 1987 1181
3637 2 2 1 1 1279 2093 1313
3638 2 2 1 1 955 2033 1956
3639 2 2 1 1 1962 2066 1317
3640 2 2 1 1 361 2099 178
3641 2 2 1 1 156 1990 347
3642 2 2 1 1 1180 2102 951
3643 2 2 1 1 838 2102 868
3644 2 2 1 1 1369 2112 1957
3645 2 2 1 1 1016 2101 1052
3646 2 2 1 1 462 1989 459
3647 2 2 1 1 1328 2096 1258
3648 2 2 1 1 1940 2149 334
3649 2 2 1 1 1023 2052 1938
3650 2 2 1 1 348 2104 1592
3651 2 2 1 1 1198 2140 1922
3652 2 2 1 1 1342 1991 1478
3653 2 2 1 1 1609 2026 1610
3654 2 2 1 1 154 2106 155
3655 2 2 1 1 1597 2105 348
3656 2 2 1 1 356 2108 1392
3657 2 2 1 1 344 1992 1602
3658 2 2 1 1 1291 2153 1953
3659 2 2 1 1 1025 2058 1948
3660 2 2 1 1 1942 2103 1894
3661 2 2 1 1 180 2107 366
3662 2 2 1 1 1709 1994 1792
3663 2 2 1 1 17 398 18
3664 2 2 1 1 105 2112 358
3665 2 2 1 1 1553 2086 1212
3666 2 2 1 1 889 2059 1951
3667 2 2 1 1 1637 1995 1635
3668 2 2 1 1 1249 2113 1336
3669 2 2 1 1 1269 1993 1352
3670 2 2 1 1 136 1996 135
3671 2 2 1 1 1679 2002 902
3672 2 2 1 1 171 1997 172
3673 2 2 1 1 1665 2122 1642
3674 2 2 1 1 1674 2114 1284
3675 2 2 1 1 378 2117 1603
3676 2 2 1 1 1292 2121 1324
3677 2 2 1 1 2028 2159 1256
3678 2 2 1 1 360 2123 1612
3679 2 2 1 1 1611 2125 332
3680 2 2 1 1 468 1998 464
3681 2 2 1 1 1353 2158 1451
3682 2 2 1 1 7 2136 149
3683 2 2 1 1 183 2136 7
3684 2 2 1 1 1330 2128 1561
3685 2 2 1 1 1990 2007 347
3686 2 2 1 1 63 1999 64
3687 2 2 1 1 468 2000 1998
3688 2 2 1 1 1679 2004 2002
3689 2 2 1 1 1052 2113 1783
3690 2 2 1 1 1680 2004 1679
3691 2 2 1 1 1595 2127 1594
3692 2 2 1 1 1314 2127 1360
3693 2 2 1 1 1414 2003 957
3694 2 2 1 1 1652 2062 1958
3695 2 2 1 1 470 2000 468
3696 2 2 1 1 363 2010 60
3697 2 2 1 1 1046 2119 1184
3698 2 2 1 1 134 2133 133
3699 2 2 1 1 1328 2106 2096
3700 2 2 1 1 50 2134 397
3701 2 2 1 1 383 2021 1643
3702 2 2 1 1 880 2066 1962
3703 2 2 1 1 1355 2021 1200
3704 2 2 1 1 1246 2002 1245
3705 2 2 1 1 1066 2142 1065
3706 2 2 1 1 1539 2156 1538
3707 2 2 1 1 1900 2097 1267
3708 2 2 1 1 164 2145 165
3709 2 2 1 1 1187 2144 1033
3710 2 2 1 1 1418 2139 1403
3711 2 2 1 1 1040 2155 1355
3712 2 2 1 1 1225 2155 1031
3713 2 2 1 1 2002 2004 1245
3714 2 2 1 1 1926 2099 361
3715 2 2 1 1 1063 2158 1353
3716 2 2 1 1 1836 2141 1671
3717 2 2 1 1 93 1968 48
3718 2 2 1 1 971 2158 970
3719 2 2 1 1 1732 2151 1243
3720 2 2 1 1 1993 2001 1352
3721 2 2 1 1 1206 2163 1897
3722 2 2 1 1 1205 2164 402
3723 2 2 1 1 1245 2004 1835
3724 2 2 1 1 766 2005 1739
3725 2 2 1 1 394 2017 47
3726 2 2 1 1 1934 2026 1321
3727 2 2 1 1 1315 2116 1608
3728 2 2 1 1 384 2051 1642
3729 2 2 1 1 347 2007 1458
3730 2 2 1 1 332 2034 1464
3731 2 2 1 1 2088 2096 362
3732 2 2 1 1 1278 2057 1185
3733 2 2 1 1 1930 2009 1312
3734 2 2 1 1 1360 2010 1329
3735 2 2 1 1 1767 2008 844
3736 2 2 1 1 1853 2006 1019
3737 2 2 1 1 788 2011 1742
3738 2 2 1 1 1871 2149 1214
3739 2 2 1 1 1138 2012 1306
3740 2 2 1 1 1626 2013 1627
3741 2 2 1 1 1648 2105 1187
3742 2 2 1 1 1767 2014 2008
3743 2 2 1 1 1028 2014 1767
3744 2 2 1 1 1028 2016 2014
3745 2 2 1 1 481 2015 478
3746 2 2 1 1 1877 2130 1047
3747 2 2 1 1 1765 2016 1028
3748 2 2 1 1 1593 2104 1326
3749 2 2 1 1 1452 2103 1942
3750 2 2 1 1 1527 1981 1976
3751 2 2 1 1 1765 2019 2016
3752 2 2 1 1 1020 2019 1765
3753 2 2 1 1 1560 2077 1557
3754 2 2 1 1 1683 2077 1560
3755 2 2 1 1 1196 2020 1194
3756 2 2 1 1 1392 2108 2038
3757 2 2 1 1 4 2017 350
3758 2 2 1 1 1551 2022 573
3759 2 2 1 1 371 2081 163
3760 2 2 1 1 486 2023 483
3761 2 2 1 1 1357 2024 1176
3762 2 2 1 1 486 2025 2023
3763 2 2 1 1 1237 2078 1356
3764 2 2 1 1 1052 2169 2113
3765 2 2 1 1 489 2025 486
3766 2 2 1 1 1257 2028 1256
3767 2 2 1 1 1673 2029 1099
3768 2 2 1 1 1771 2069 1375
3769 2 2 1 1 1416 2132 1418
3770 2 2 1 1 1263 2097 1740
3771 2 2 1 1 1663 2030 1830
3772 2 2 1 1 81 2031 82
3773 2 2 1 1 756 2032 1710
3774 2 2 1 1 1359 2033 1768
3775 2 2 1 1 1457 2143 372
3776 2 2 1 1 756 2036 2032
3777 2 2 1 1 1114 2035 1331
3778 2 2 1 1 1557 2077 1556
3779 2 2 1 1 1174 2034 1327
3780 2 2 1 1 1684 2036 756
3781 2 2 1 1 1684 2037 2036
3782 2 2 1 1 1580 2095 1065
3783 2 2 1 1 1995 2122 1043
3784 2 2 1 1 508 2037 1684
3785 2 2 1 1 2143 2148 372
3786 2 2 1 1 1313 2026 1934
3787 2 2 1 1 508 2040 2037
3788 2 2 1 1 41 2038 42
3789 2 2 1 1 461 2039 1743
3790 2 2 1 1 1283 2067 1190
3791 2 2 1 1 1688 2040 508
3792 2 2 1 1 1367 2135 358
3793 2 2 1 1 953 2095 1180
3794 2 2 1 1 2039 2041 1743
3795 2 2 1 1 2041 2042 761
3796 2 2 1 1 1743 2041 761
3797 2 2 1 1 856 2043 967
3798 2 2 1 1 761 2042 1741
3799 2 2 1 1 163 2081 164
3800 2 2 1 1 2044 2046 467
3801 2 2 1 1 1741 2044 467
3802 2 2 1 1 2042 2044 1741
3803 2 2 1 1 965 2045 964
3804 2 2 1 1 965 2047 2045
3805 2 2 1 1 467 2046 1737
3806 2 2 1 1 1475 2054 2052
3807 2 2 1 1 1336 2073 1207
3808 2 2 1 1 1242 2047 965
3809 2 2 1 1 1631 2111 1980
3810 2 2 1 1 1737 2048 760
3811 2 2 1 1 2046 2048 1737
3812 2 2 1 1 1242 2049 2047
3813 2 2 1 1 1782 2049 1242
3814 2 2 1 1 1645 2051 384
3815 2 2 1 1 1326 2104 1648
3816 2 2 1 1 1475 2052 1024
3817 2 2 1 1 1669 2050 349
3818 2 2 1 1 1320 2137 2131
3819 2 2 1 1 372 2148 1447
3820 2 2 1 1 1608 2116 339
3821 2 2 1 1 398 2162 2018
3822 2 2 1 1 5 2147 390
3823 2 2 1 1 1579 2142 1953
3824 2 2 1 1 1184 2119 2007
3825 2 2 1 1 391 1977 2
3826 2 2 1 1 1619 2071 1015
3827 2 2 1 1 1567 2169 2101
3828 2 2 1 1 1083 2054 1475
3829 2 2 1 1 1418 2132 1886
3830 2 2 1 1 1083 2056 2054
3831 2 2 1 1 146 2055 145
3832 2 2 1 1 1025 2056 1083
3833 2 2 1 1 381 2126 2013
3834 2 2 1 1 1820 2053 1311
3835 2 2 1 1 1364 2057 491
3836 2 2 1 1 889 2058 869
3837 2 2 1 1 1623 2059 1675
3838 2 2 1 1 1224 2146 1936
3839 2 2 1 1 1637 2122 1995
3840 2 2 1 1 1623 2061 2059
3841 2 2 1 1 363 2128 2010
3842 2 2 1 1 2148 2154 1447
3843 2 2 1 1 1925 2152 1949
3844 2 2 1 1 778 2061 1623
3845 2 2 1 1 842 2062 1651
3846 2 2 1 1 778 2063 2061
3847 2 2 1 1 1628 2126 381
3848 2 2 1 1 1653 2063 778
3849 2 2 1 1 1653 2064 2063
3850 2 2 1 1 1325 2075 1326
3851 2 2 1 1 872 2064 1653
3852 2 2 1 1 1035 2065 1036
3853 2 2 1 1 842 2068 2062
3854 2 2 1 1 959 2066 879
3855 2 2 1 1 1370 2067 499
3856 2 2 1 1 1447 2154 337
3857 2 2 1 1 1949 2152 373
3858 2 2 1 1 959 2072 2066
3859 2 2 1 1 1874 2060 1205
3860 2 2 1 1 1646 2068 842
3861 2 2 1 1 1646 2070 2068
3862 2 2 1 1 132 2069 333
3863 2 2 1 1 2134 2156 397
3864 2 2 1 1 880 2070 1646
3865 2 2 1 1 1296 2071 1192
3866 2 2 1 1 346 2073 1564
3867 2 2 1 1 1032 2072 959
3868 2 2 1 1 1029 2074 1030
3869 2 2 1 1 1820 2079 2053
3870 2 2 1 1 1288 2075 1287
3871 2 2 1 1 175 2076 176
3872 2 2 1 1 2010 2128 1329
3873 2 2 1 1 365 2077 1683
3874 2 2 1 1 2077 2150 1556
3875 2 2 1 1 2154 2160 337
3876 2 2 1 1 387 2078 1670
3877 2 2 1 1 1065 2095 953
3878 2 2 1 1 1593 2080 377
3879 2 2 1 1 2012 2138 1306
3880 2 2 1 1 1640 2080 1288
3881 2 2 1 1 337 2160 1449
3882 2 2 1 1 1170 2079 1820
3883 2 2 1 1 390 2038 41
3884 2 2 1 1 1212 2086 1345
3885 2 2 1 1 46 2089 394
3886 2 2 1 1 2076 2085 176
3887 2 2 1 1 1267 2097 1263
3888 2 2 1 1 1453 2081 1450
3889 2 2 1 1 144 2082 143
3890 2 2 1 1 1953 2142 1291
3891 2 2 1 1 1332 2100 1224
3892 2 2 1 1 1968 2134 49
3893 2 2 1 1 1746 2083 1136
3894 2 2 1 1 2160 2168 1449
3895 2 2 1 1 176 2085 177
3896 2 2 1 1 43 2108 356
3897 2 2 1 1 1170 2088 2079
3898 2 2 1 1 1449 2168 371
3899 2 2 1 1 356 2115 44
3900 2 2 1 1 1309 2111 1836
3901 2 2 1 1 1946 2144 1598
3902 2 2 1 1 1552 2086 1553
3903 2 2 1 1 1266 2084 1264
3904 2 2 1 1 1736 2087 1368
3905 2 2 1 1 1779 2140 334
3906 2 2 1 1 92 2147 5
3907 2 2 1 1 339 2116 1909
3908 2 2 1 1 2026 2165 1321
3909 2 2 1 1 45 2089 46
3910 2 2 1 1 1763 2090 975
3911 2 2 1 1 1884 2088 1170
3912 2 2 1 1 1871 2118 389
3913 2 2 1 1 1496 2091 1547
3914 2 2 1 1 1922 2132 1416
3915 2 2 1 1 336 2124 2031
3916 2 2 1 1 389 2118 1855
3917 2 2 1 1 365 2150 2077
3918 2 2 1 1 1289 2092 1290
3919 2 2 1 1 1996 2094 376
3920 2 2 1 1 2007 2119 1458
3921 2 2 1 1 1394 2098 1390
3922 2 2 1 1 1909 2116 1316
3923 2 2 1 1 334 2140 1940
3924 2 2 1 1 1721 2093 1279
3925 2 2 1 1 1582 2095 1580
3926 2 2 1 1 178 2099 179
3927 2 2 1 1 1451 2103 1452
3928 2 2 1 1 1053 2101 1016
3929 2 2 1 1 951 2102 838
3930 2 2 1 1 1845 2100 370
3931 2 2 1 1 1894 2103 971
3932 2 2 1 1 1067 2144 1946
3933 2 2 1 1 1884 2096 2088
3934 2 2 1 1 2128 2167 1561
3935 2 2 1 1 2099 2107 179
3936 2 2 1 1 1258 2096 1884
3937 2 2 1 1 1592 2104 1593
3938 2 2 1 1 388 2132 1922
3939 2 2 1 1 1321 2165 2028
3940 2 2 1 1 1189 2120 1721
3941 2 2 1 1 360 2161 2123
3942 2 2 1 1 2013 2126 1724
3943 2 2 1 1 2096 2106 362
3944 2 2 1 1 1598 2105 1597
3945 2 2 1 1 1043 2122 1665
3946 2 2 1 1 362 2106 154
3947 2 2 1 1 352 2097 1900
3948 2 2 1 1 179 2107 180
3949 2 2 1 1 42 2108 43
3950 2 2 1 1 1389 2109 1391
3951 2 2 1 1 1609 2165 2026
3952 2 2 1 1 18 2110 19
3953 2 2 1 1 1633 2111 1631
3954 2 2 1 1 106 2112 105
3955 2 2 1 1 1783 2113 1249
3956 2 2 1 1 1284 2114 1640
3957 2 2 1 1 373 2152 2055
3958 2 2 1 1 1316 2116 1315
3959 2 2 1 1 44 2115 45
3960 2 2 1 1 1615 2117 378
3961 2 2 1 1 1218 2118 1871
3962 2 2 1 1 2113 2169 1565
3963 2 2 1 1 1616 2120 1943
3964 2 2 1 1 1047 2119 1046
3965 2 2 1 1 1294 2121 1292
3966 2 2 1 1 1612 2123 1613
3967 2 2 1 1 1642 2122 1637
3968 2 2 1 1 1322 2130 1877
3969 2 2 1 1 1974 2136 183
3970 2 2 1 1 1613 2125 1611
3971 2 2 1 1 1300 2124 1298
3972 2 2 1 1 1294 2131 2121
3973 2 2 1 1 1724 2126 1310
3974 2 2 1 1 1594 2127 1314
3975 2 2 1 1 1329 2128 1330
3976 2 2 1 1 1943 2120 1189
3977 2 2 1 1 1458 2143 1457
3978 2 2 1 1 1599 2159 1600
3979 2 2 1 1 1405 2157 1406
3980 2 2 1 1 1320 2131 1294
3981 2 2 1 1 1936 2146 1175
3982 2 2 1 1 376 2133 134
3983 2 2 1 1 49 2134 50
3984 2 2 1 1 2090 2166 1699
3985 2 2 1 1 1368 2135 1367
3986 2 2 1 1 149 2136 396
3987 2 2 1 1 2038 2108 42
3988 2 2 1 1 1940 2140 1198
3989 2 2 1 1 1886 2132 388
3990 2 2 1 1 1556 2150 1555
3991 2 2 1 1 1306 2138 1308
3992 2 2 1 1 1322 2148 2143
3993 2 2 1 1 1671 2141 851
3994 2 2 1 1 1291 2142 1066
3995 2 2 1 1 1403 2139 1749
3996 2 2 1 1 1 2129 17
3997 2 2 1 1 1568 2094 1996
3998 2 2 1 1 1033 2144 1067
3999 2 2 1 1 165 2145 331
4000 2 2 1 1 19 2110 391
4001 2 2 1 1 1256 2159 2035
4002 2 2 1 1 1319 2148 1322
4003 2 2 1 1 1918 2150 365
4004 2 2 1 1 1067 2151 1732
4005 2 2 1 1 1555 2150 1918
4006 2 2 1 1 1395 2163 1206
4007 2 2 1 1 1319 2154 2148
4008 2 2 1 1 1540 2153 1541
4009 2 2 1 1 1749 2139 2017
4010 2 2 1 1 1031 2155 1040
4011 2 2 1 1 1758 2154 1319
4012 2 2 1 1 1538 2156 399
4013 2 2 1 1 1758 2160 2154
4014 2 2 1 1 970 2158 1063
4015 2 2 1 1 1426 2161 1333
4016 2 2 1 1 359 2165 1609
4017 2 2 1 1 1323 2160 1758
4018 2 2 1 1 1656 2167 363
4019 2 2 1 1 1323 2168 2160
4020 2 2 1 1 402 2164 400
4021 2 2 1 1 1353 2168 1323
4022 2 2 1 1 45 2115 2089
4023 2 2 1 1 358 2135 1960
4024 2 2 1 1 2031 2124 1300
4025 2 2 1 1 1974 2137 396
4026 2 2 1 1 1541 2153 2027
4027 2 2 1 1 396 2136 1974
4028 2 2 1 1 398 2110 18
4029 2 2 1 1 1349 2152 1925
4030 2 2 1 1 2089 2115 1406
4031 2 2 1 1 390 2109 2038
4032 2 2 1 1 1214 2149 1940
4033 2 2 1 1 2028 2165 359
4034 2 2 1 1 391 2110 2018
4035 2 2 1 1 1943 2166 1607
4036 2 2 1 1 17 2129 398
4037 2 2 1 1 399 2156 2134
4038 2 2 1 1 2018 2110 398
4039 2 2 1 1 2035 2159 1599
4040 2 2 1 1 2017 2139 350
4041 2 2 1 1 2055 2152 1349
4042 2 2 1 1 2089 2157 394
4043 2 2 1 1 1406 2157 2089
4044 2 2 1 1 2130 2143 1458
4045 2 2 1 1 2123 2161 1426
4046 2 2 1 1 1607 2166 2090
4047 2 2 1 1 363 2167 2128
4048 2 2 1 1 1322 2143 2130
4049 2 2 1 1 2129 2162 398
4050 2 2 1 1 20 2162 2129
4051 2 2 2 2 2212 2236 2221
4052 2 2 2 2 2210 2212 2171
4053 2 2 2 2 2226 2336 2293
4054 2 2 2 2 2226 2293 2204
4055 2 2 2 2 2229 2230 2213
4056 2 2 2 2 2230 2236 2213
4057 2 2 2 2 2256 2294 2255
4058 2 2 2 2 2294 2308 2255
4059 2 2 2 2 2242 2314 2243
4060 2 2 2 2 2314 2316 2243
4061 2 2 2 2 2295 2336 2290
4062 2 2 2 2 2201 2325 2225
4063 2 2 2 2 2225 2291 2201
4064 2 2 2 2 2181 2291 2225
4065 2 2 2 2 2225 2296 2181
4066 2 2 2 2 2227 2295 2290
4067 2 2 2 2 2179 2309 2255
4068 2 2 2 2 2255 2308 2179
4069 2 2 2 2 2262 2301 2202
4070 2 2 2 2 2202 2305 2262
4071 2 2 2 2 2278 2299 2282
4072 2 2 2 2 2278 2297 2284
4073 2 2 2 2 2183 2300 2272
4074 2 2 2 2 2282 2297 2278
4075 2 2 2 2 2284 2298 2278
4076 2 2 2 2 2272 2307 2183
4077 2 2 2 2 2272 2300 2178
4078 2 2 2 2 2183 2307 2276
4079 2 2 2 2 2276 2304 2183
4080 2 2 2 2 2184 2304 2276
4081 2 2 2 2 2265 2305 2202
4082 2 2 2 2 2202 2303 2265
4083 2 2 2 2 2261 2302 2280
4084 2 2 2 2 2180 2311 2251
4085 2 2 2 2 2276 2327 2184
4086 2 2 2 2 2251 2310 2180
4087 2 2 2 2 2178 2330 2272
4088 2 2 2 2 2280 2331 2261
4089 2 2 2 2 2235 2287 2233
4090 2 2 2 2 2185 2294 2256
4091 2 2 2 2 2256 2332 2185
4092 2 2 2 2 2173 2315 2247
4093 2 2 2 2 2247 2313 2173
4094 2 2 2 2 2173 2314 2242
4095 2 2 2 2 2242 2315 2173
4096 2 2 2 2 2179 2310 2251
4097 2 2 2 2 2251 2309 2179
4098 2 2 2 2 2180 2313 2247
4099 2 2 2 2 2247 2311 2180
4100 2 2 2 2 2181 2296 2243
4101 2 2 2 2 2243 2316 2181
4102 2 2 2 2 2171 2218 2210
4103 2 2 2 2 2233 2287 2177
4104 2 2 2 2 2213 2236 2212
4105 2 2 2 2 2212 2221 2171
4106 2 2 2 2 2216 2217 2215
4107 2 2 2 2 2197 2229 152
4108 2 2 2 2 152 2229 151
4109 2 2 2 2 189 2214 188
4110 2 2 2 2 2216 2323 2217
4111 2 2 2 2 2264 2329 2326
4112 2 2 2 2 2326 2329 2268
4113 2 2 2 2 2221 2236 2182
4114 2 2 2 2 2214 2340 188
4115 2 2 2 2 2318 2322 2317
4116 2 2 2 2 191 2215 2214
4117 2 2 2 2 2215 2217 2214
4118 2 2 2 2 2232 2233 2177
4119 2 2 2 2 2211 2219 2206
4120 2 2 2 2 2206 2219 2205
4121 2 2 2 2 2177 2292 2232
4122 2 2 2 2 2211 2220 2219
4123 2 2 2 2 2217 2340 2214
4124 2 2 2 2 17 2321 1
4125 2 2 2 2 231 2221 230
4126 2 2 2 2 2197 2230 2229
4127 2 2 2 2 190 2214 189
4128 2 2 2 2 2293 2336 2172
4129 2 2 2 2 150 2188 2
4130 2 2 2 2 2317 2322 2187
4131 2 2 2 2 2171 2221 231
4132 2 2 2 2 190 189 9
4133 2 2 2 2 2188 2205 2
4134 2 2 2 2 1 2321 193
4135 2 2 2 2 151 2229 2228
4136 2 2 2 2 230 2221 2182
4137 2 2 2 2 2172 2336 2295
4138 2 2 2 2 18 2208 17
4139 2 2 2 2 2188 2206 2205
4140 2 2 2 2 2218 2322 2211
4141 2 2 2 2 2205 2219 2170
4142 2 2 2 2 2210 2218 2211
4143 2 2 2 2 192 2215 191
4144 2 2 2 2 2187 2322 2218
4145 2 2 2 2 2235 2341 2287
4146 2 2 2 2 154 2319 2312
4147 2 2 2 2 2222 2226 2204
4148 2 2 2 2 2188 2228 2207
4149 2 2 2 2 2207 2228 2213
4150 2 2 2 2 199 2222 2204
4151 2 2 2 2 182 2227 2201
4152 2 2 2 2 8 2171 231
4153 2 2 2 2 185 2187 184
4154 2 2 2 2 187 2186 186
4155 2 2 2 2 2197 2231 2230
4156 2 2 2 2 2223 2226 2222
4157 2 2 2 2 199 2204 198
4158 2 2 2 2 2230 2333 2236
4159 2 2 2 2 183 2227 182
4160 2 2 2 2 193 2203 192
4161 2 2 2 2 19 2205 2170
4162 2 2 2 2 182 2201 181
4163 2 2 2 2 2220 2322 2318
4164 2 2 2 2 200 2222 199
4165 2 2 2 2 2198 2222 200
4166 2 2 2 2 2232 2333 2230
4167 2 2 2 2 2189 2241 2240
4168 2 2 2 2 2198 2223 2222
4169 2 2 2 2 2193 2246 2245
4170 2 2 2 2 2231 2232 2230
4171 2 2 2 2 205 2244 204
4172 2 2 2 2 2189 2240 2239
4173 2 2 2 2 203 2239 202
4174 2 2 2 2 2193 2245 2244
4175 2 2 2 2 2240 2243 2238
4176 2 2 2 2 2189 2239 203
4177 2 2 2 2 207 2248 206
4178 2 2 2 2 2196 2250 2249
4179 2 2 2 2 2193 2244 205
4180 2 2 2 2 204 2244 2189
4181 2 2 2 2 202 2239 2237
4182 2 2 2 2 2312 2319 2234
4183 2 2 2 2 2196 2249 2248
4184 2 2 2 2 2241 2242 2240
4185 2 2 2 2 2246 2247 2245
4186 2 2 2 2 2196 2248 207
4187 2 2 2 2 206 2248 2193
4188 2 2 2 2 2189 2244 2241
4189 2 2 2 2 2224 2225 2223
4190 2 2 2 2 2231 2233 2232
4191 2 2 2 2 2193 2248 2246
4192 2 2 2 2 209 2252 208
4193 2 2 2 2 2250 2251 2249
4194 2 2 2 2 2191 2254 2253
4195 2 2 2 2 202 2237 201
4196 2 2 2 2 2196 2252 2250
4197 2 2 2 2 208 2252 2196
4198 2 2 2 2 2191 2252 209
4199 2 2 2 2 2191 2253 2252
4200 2 2 2 2 2242 2243 2240
4201 2 2 2 2 211 2289 2288
4202 2 2 2 2 2254 2255 2253
4203 2 2 2 2 2231 2234 2233
4204 2 2 2 2 2254 2256 2255
4205 2 2 2 2 2234 2235 2233
4206 2 2 2 2 2244 2245 2241
4207 2 2 2 2 2254 2257 2256
4208 2 2 2 2 2248 2249 2246
4209 2 2 2 2 2288 2289 2257
4210 2 2 2 2 2252 2253 2250
4211 2 2 2 2 214 2286 213
4212 2 2 2 2 2263 2286 214
4213 2 2 2 2 215 2263 214
4214 2 2 2 2 2266 2268 2174
4215 2 2 2 2 168 2266 2174
4216 2 2 2 2 2200 2273 161
4217 2 2 2 2 217 2285 2258
4218 2 2 2 2 2258 2261 2259
4219 2 2 2 2 224 2281 223
4220 2 2 2 2 213 2286 2199
4221 2 2 2 2 2176 2263 215
4222 2 2 2 2 2190 2280 2279
4223 2 2 2 2 160 2273 2195
4224 2 2 2 2 2200 2275 2274
4225 2 2 2 2 2279 2280 2275
4226 2 2 2 2 2259 2260 2176
4227 2 2 2 2 218 2285 217
4228 2 2 2 2 2185 2267 2266
4229 2 2 2 2 161 2273 160
4230 2 2 2 2 2200 2279 2275
4231 2 2 2 2 2267 2268 2266
4232 2 2 2 2 2175 2281 224
4233 2 2 2 2 226 2283 225
4234 2 2 2 2 2283 2284 2175
4235 2 2 2 2 217 2258 216
4236 2 2 2 2 169 2266 168
4237 2 2 2 2 213 2199 212
4238 2 2 2 2 2190 2279 163
4239 2 2 2 2 2192 2278 2277
4240 2 2 2 2 2258 2259 2176
4241 2 2 2 2 158 2192 157
4242 2 2 2 2 223 2178 222
4243 2 2 2 2 228 2177 227
4244 2 2 2 2 221 2183 220
4245 2 2 2 2 156 2194 155
4246 2 2 2 2 157 2277 156
4247 2 2 2 2 2195 2270 2269
4248 2 2 2 2 2271 2272 2270
4249 2 2 2 2 160 2195 159
4250 2 2 2 2 230 2182 229
4251 2 2 2 2 2258 2285 2261
4252 2 2 2 2 2275 2276 2274
4253 2 2 2 2 153 2197 152
4254 2 2 2 2 177 2173 176
4255 2 2 2 2 225 2175 224
4256 2 2 2 2 2200 2274 2273
4257 2 2 2 2 166 2202 165
4258 2 2 2 2 225 2283 2175
4259 2 2 2 2 2260 2264 2263
4260 2 2 2 2 173 2179 172
4261 2 2 2 2 175 2180 174
4262 2 2 2 2 180 2181 179
4263 2 2 2 2 170 2185 169
4264 2 2 2 2 204 2189 203
4265 2 2 2 2 206 2193 205
4266 2 2 2 2 219 2184 218
4267 2 2 2 2 201 2198 200
4268 2 2 2 2 208 2196 207
4269 2 2 2 2 162 2200 161
4270 2 2 2 2 163 2279 162
4271 2 2 2 2 164 2190 163
4272 2 2 2 2 2185 2266 169
4273 2 2 2 2 216 2258 2176
4274 2 2 2 2 2260 2263 2176
4275 2 2 2 2 168 2174 167
4276 2 2 2 2 216 2176 215
4277 2 2 2 2 210 2191 209
4278 2 2 2 2 226 2287 2283
4279 2 2 2 2 223 2281 2178
4280 2 2 2 2 2260 2265 2264
4281 2 2 2 2 2264 2286 2263
4282 2 2 2 2 2195 2269 159
4283 2 2 2 2 227 2287 226
4284 2 2 2 2 2281 2282 2178
4285 2 2 2 2 2195 2271 2270
4286 2 2 2 2 2195 2273 2271
4287 2 2 2 2 156 2277 2194
4288 2 2 2 2 2177 2287 227
4289 2 2 2 2 2192 2277 157
4290 2 2 2 2 159 2269 158
4291 2 2 2 2 2261 2262 2259
4292 2 2 2 2 2273 2274 2271
4293 2 2 2 2 162 2279 2200
4294 2 2 2 2 2184 2285 218
4295 2 2 2 2 158 2269 2192
4296 2 2 2 2 2191 2288 2254
4297 2 2 2 2 2239 2240 2238
4298 2 2 2 2 211 2288 210
4299 2 2 2 2 2254 2288 2257
4300 2 2 2 2 212 2289 211
4301 2 2 2 2 2237 2239 2238
4302 2 2 2 2 210 2288 2191
4303 2 2 2 2 2199 2289 212
4304 2 2 2 2 201 2237 2198
4305 2 2 2 2 2227 2290 2201
4306 2 2 2 2 2237 2238 2224
4307 2 2 2 2 2203 2216 2215
4308 2 2 2 2 2203 2215 192
4309 2 2 2 2 2211 2322 2220
4310 2 2 2 2 2198 2224 2223
4311 2 2 2 2 2210 2211 2206
4312 2 2 2 2 2198 2237 2224
4313 2 2 2 2 2201 2291 181
4314 2 2 2 2 2243 2296 2238
4315 2 2 2 2 2228 2229 2213
4316 2 2 2 2 2188 2207 2206
4317 2 2 2 2 151 2228 150
4318 2 2 2 2 2207 2210 2206
4319 2 2 2 2 180 2291 2181
4320 2 2 2 2 2247 2315 2245
4321 2 2 2 2 228 2292 2177
4322 2 2 2 2 2182 2292 229
4323 2 2 2 2 2251 2311 2249
4324 2 2 2 2 2255 2309 2253
4325 2 2 2 2 170 2294 2185
4326 2 2 2 2 2260 2305 2265
4327 2 2 2 2 2202 2301 165
4328 2 2 2 2 2281 2297 2282
4329 2 2 2 2 166 2303 2202
4330 2 2 2 2 2192 2299 2278
4331 2 2 2 2 2284 2297 2175
4332 2 2 2 2 219 2304 2184
4333 2 2 2 2 2285 2302 2261
4334 2 2 2 2 164 2301 2190
4335 2 2 2 2 2276 2307 2274
4336 2 2 2 2 2278 2298 2277
4337 2 2 2 2 2183 2304 220
4338 2 2 2 2 2270 2299 2269
4339 2 2 2 2 2174 2303 167
4340 2 2 2 2 221 2300 2183
4341 2 2 2 2 2271 2307 2272
4342 2 2 2 2 2178 2300 222
4343 2 2 2 2 2262 2305 2259
4344 2 2 2 2 2179 2308 172
4345 2 2 2 2 2180 2310 174
4346 2 2 2 2 173 2310 2179
4347 2 2 2 2 2224 2296 2225
4348 2 2 2 2 175 2313 2180
4349 2 2 2 2 2173 2313 176
4350 2 2 2 2 2250 2309 2251
4351 2 2 2 2 2290 2325 2201
4352 2 2 2 2 177 2314 2173
4353 2 2 2 2 2181 2316 179
4354 2 2 2 2 2246 2311 2247
4355 2 2 2 2 19 2170 18
4356 2 2 2 2 2241 2315 2242
4357 2 2 2 2 191 2214 190
4358 2 2 2 2 2197 2312 2231
4359 2 2 2 2 2207 2213 2212
4360 2 2 2 2 196 2172 195
4361 2 2 2 2 153 2312 2197
4362 2 2 2 2 2207 2212 2210
4363 2 2 2 2 197 2293 196
4364 2 2 2 2 195 2295 194
4365 2 2 2 2 2170 2219 2209
4366 2 2 2 2 181 2291 180
4367 2 2 2 2 2170 2208 18
4368 2 2 2 2 154 2312 153
4369 2 2 2 2 155 2319 154
4370 2 2 2 2 229 2292 228
4371 2 2 2 2 2185 2332 2267
4372 2 2 2 2 2282 2330 2178
4373 2 2 2 2 2265 2329 2264
4374 2 2 2 2 2261 2331 2262
4375 2 2 2 2 171 2294 170
4376 2 2 2 2 2269 2299 2192
4377 2 2 2 2 2277 2298 2194
4378 2 2 2 2 222 2300 221
4379 2 2 2 2 2175 2297 2281
4380 2 2 2 2 165 2301 164
4381 2 2 2 2 2259 2305 2260
4382 2 2 2 2 220 2304 219
4383 2 2 2 2 2274 2307 2271
4384 2 2 2 2 2184 2302 2285
4385 2 2 2 2 167 2303 166
4386 2 2 2 2 2267 2306 2268
4387 2 2 2 2 171 2308 2294
4388 2 2 2 2 2238 2296 2224
4389 2 2 2 2 172 2308 171
4390 2 2 2 2 2253 2309 2250
4391 2 2 2 2 150 2228 2188
4392 2 2 2 2 174 2310 173
4393 2 2 2 2 2249 2311 2246
4394 2 2 2 2 2231 2312 2234
4395 2 2 2 2 176 2313 175
4396 2 2 2 2 178 2314 177
4397 2 2 2 2 2245 2315 2241
4398 2 2 2 2 178 2316 2314
4399 2 2 2 2 2208 2321 17
4400 2 2 2 2 2267 2332 2328
4401 2 2 2 2 179 2316 178
4402 2 2 2 2 2219 2220 2209
4403 2 2 2 2 2171 2338 2218
4404 2 2 2 2 185 2317 2187
4405 2 2 2 2 2186 2340 2217
4406 2 2 2 2 2186 2317 186
4407 2 2 2 2 2174 2329 2303
4408 2 2 2 2 2301 2331 2190
4409 2 2 2 2 2270 2330 2299
4410 2 2 2 2 2170 2209 2208
4411 2 2 2 2 2218 2338 2187
4412 2 2 2 2 2 2205 19
4413 2 2 2 2 2223 2325 2226
4414 2 2 2 2 196 2293 2172
4415 2 2 2 2 2172 2295 195
4416 2 2 2 2 2226 2325 2290
4417 2 2 2 2 2267 2328 2306
4418 2 2 2 2 2184 2327 2302
4419 2 2 2 2 2306 2326 2268
4420 2 2 2 2 8 2338 2171
4421 2 2 2 2 2303 2329 2265
4422 2 2 2 2 2262 2331 2301
4423 2 2 2 2 2299 2330 2282
4424 2 2 2 2 186 2317 185
4425 2 2 2 2 2283 2341 2284
4426 2 2 2 2 2286 2326 2199
4427 2 2 2 2 2280 2327 2275
4428 2 2 2 2 2199 2328 2289
4429 2 2 2 2 198 2334 10
4430 2 2 2 2 7 2335 183
4431 2 2 2 2 2298 2320 2194
4432 2 2 2 2 2194 2319 155
4433 2 2 2 2 187 2340 2186
4434 2 2 2 2 2187 2338 184
4435 2 2 2 2 2199 2326 2306
4436 2 2 2 2 2302 2327 2280
4437 2 2 2 2 2306 2328 2199
4438 2 2 2 2 2217 2323 2186
4439 2 2 2 2 2234 2320 2235
4440 2 2 2 2 2208 2324 2321
4441 2 2 2 2 2284 2341 2339
4442 2 2 2 2 10 2334 197
4443 2 2 2 2 194 2335 7
4444 2 2 2 2 2186 2318 2317
4445 2 2 2 2 2323 2337 2318
4446 2 2 2 2 2321 2324 2203
4447 2 2 2 2 193 2321 2203
4448 2 2 2 2 2204 2334 198
4449 2 2 2 2 183 2335 2227
4450 2 2 2 2 2319 2320 2234
4451 2 2 2 2 2216 2337 2323
4452 2 2 2 2 2203 2324 2216
4453 2 2 2 2 2194 2320 2319
4454 2 2 2 2 2225 2325 2223
4455 2 2 2 2 2318 2337 2220
4456 2 2 2 2 2298 2339 2320
4457 2 2 2 2 2182 2333 2292
4458 2 2 2 2 2236 2333 2182
4459 2 2 2 2 2264 2326 2286
4460 2 2 2 2 2275 2327 2276
4461 2 2 2 2 2289 2328 2257
4462 2 2 2 2 2293 2334 2204
4463 2 2 2 2 2328 2332 2257
4464 2 2 2 2 2268 2329 2174
4465 2 2 2 2 2190 2331 2280
4466 2 2 2 2 2272 2330 2270
4467 2 2 2 2 2257 2332 2256
4468 2 2 2 2 184 2338 8
4469 2 2 2 2 2227 2335 2295
4470 2 2 2 2 188 2340 187
4471 2 2 2 2 2290 2336 2226
4472 2 2 2 2 2209 2324 2208
4473 2 2 2 2 2287 2341 2283
4474 2 2 2 2 2292 2333 2232
4475 2 2 2 2 2284 2339 2298
4476 2 2 2 2 2209 2337 2324
4477 2 2 2 2 2220 2337 2209
4478 2 2 2 2 2186 2323 2318
4479 2 2 2 2 197 2334 2293
4480 2 2 2 2 2295 2335 194
4481 2 2 2 2 2324 2337 2216
4482 2 2 2 2 2320 2339 2235
4483 2 2 2 2 2339 2341 2235
4484 2 2 2 3 2550 2622 2375
4485 2 2 2 3 2551 2622 2550
4486 2 2 2 3 2475 2571 2565
4487 2 2 2 3 2565 2571 2352
4488 2 2 2 3 50 2442 49
4489 2 2 2 3 2597 2600 2409
4490 2 2 2 3 2467 2545 2464
4491 2 2 2 3 2462 2464 2347
4492 2 2 2 3 2464 2545 2347
4493 2 2 2 3 2346 2545 2467
4494 2 2 2 3 2462 2547 2459
4495 2 2 2 3 2347 2547 2462
4496 2 2 2 3 2383 2429 2428
4497 2 2 2 3 2348 2460 2459
4498 2 2 2 3 2375 2552 2550
4499 2 2 2 3 2459 2547 2348
4500 2 2 2 3 2354 2587 2586
4501 2 2 2 3 2352 2571 2437
4502 2 2 2 3 2586 2587 2540
4503 2 2 2 3 2437 2588 2352
4504 2 2 2 3 2349 2546 2452
4505 2 2 2 3 2445 2446 2371
4506 2 2 2 3 2355 2585 2584
4507 2 2 2 3 2584 2585 2536
4508 2 2 2 3 2373 2600 2597
4509 2 2 2 3 2403 2477 2448
4510 2 2 2 3 2437 2455 2351
4511 2 2 2 3 2356 2583 2582
4512 2 2 2 3 2582 2583 2532
4513 2 2 2 3 2357 2581 2580
4514 2 2 2 3 2477 2478 2448
4515 2 2 2 3 2580 2581 2528
4516 2 2 2 3 2402 2440 2439
4517 2 2 2 3 2570 2612 2542
4518 2 2 2 3 2441 2589 2374
4519 2 2 2 3 2358 2578 2577
4520 2 2 2 3 2577 2578 2524
4521 2 2 2 3 2404 2442 50
4522 2 2 2 3 2359 2576 2575
4523 2 2 2 3 2424 2607 2606
4524 2 2 2 3 2454 2455 2429
4525 2 2 2 3 2606 2607 2467
4526 2 2 2 3 2575 2576 2520
4527 2 2 2 3 2351 2588 2437
4528 2 2 2 3 2410 2414 2342
4529 2 2 2 3 2544 2612 2570
4530 2 2 2 3 2402 2439 2438
4531 2 2 2 3 2360 2573 2572
4532 2 2 2 3 2572 2573 2516
4533 2 2 2 3 2383 2454 2429
4534 2 2 2 3 2355 2584 2540
4535 2 2 2 3 2540 2587 2355
4536 2 2 2 3 2361 2569 2568
4537 2 2 2 3 2568 2569 2512
4538 2 2 2 3 2414 2415 2342
4539 2 2 2 3 2552 2593 2418
4540 2 2 2 3 2426 2549 2431
4541 2 2 2 3 2375 2593 2552
4542 2 2 2 3 2356 2582 2536
4543 2 2 2 3 2452 2615 2349
4544 2 2 2 3 2536 2585 2356
4545 2 2 2 3 2362 2567 2566
4546 2 2 2 3 2374 2469 2441
4547 2 2 2 3 2566 2567 2508
4548 2 2 2 3 2446 2447 2371
4549 2 2 2 3 49 2442 2402
4550 2 2 2 3 2357 2580 2532
4551 2 2 2 3 2598 2627 2416
4552 2 2 2 3 2532 2583 2357
4553 2 2 2 3 2419 2598 2416
4554 2 2 2 3 2562 2564 2363
4555 2 2 2 3 2371 2548 2445
4556 2 2 2 3 2475 2565 2353
4557 2 2 2 3 2504 2564 2562
4558 2 2 2 3 2358 2577 2528
4559 2 2 2 3 2528 2581 2358
4560 2 2 2 3 2558 2560 2364
4561 2 2 2 3 2500 2560 2558
4562 2 2 2 3 2353 2626 2475
4563 2 2 2 3 2359 2575 2524
4564 2 2 2 3 2524 2578 2359
4565 2 2 2 3 2365 2557 2556
4566 2 2 2 3 2556 2557 2496
4567 2 2 2 3 2360 2572 2520
4568 2 2 2 3 2366 2561 2555
4569 2 2 2 3 2592 2630 2423
4570 2 2 2 3 2520 2576 2360
4571 2 2 2 3 309 2438 2405
4572 2 2 2 3 2555 2561 2492
4573 2 2 2 3 2422 2592 2423
4574 2 2 2 3 2361 2568 2516
4575 2 2 2 3 2367 2579 2559
4576 2 2 2 3 2351 2455 2454
4577 2 2 2 3 2516 2573 2361
4578 2 2 2 3 2425 2549 2426
4579 2 2 2 3 2362 2566 2512
4580 2 2 2 3 2559 2579 2488
4581 2 2 2 3 2430 2435 2434
4582 2 2 2 3 2512 2569 2362
4583 2 2 2 3 2363 2564 2508
4584 2 2 2 3 2368 2591 2574
4585 2 2 2 3 2508 2567 2363
4586 2 2 2 3 2364 2560 2504
4587 2 2 2 3 2551 2604 246
4588 2 2 2 3 2430 2455 2435
4589 2 2 2 3 2504 2562 2364
4590 2 2 2 3 2365 2556 2500
4591 2 2 2 3 46 2410 2342
4592 2 2 2 3 41 2425 2345
4593 2 2 2 3 2500 2558 2365
4594 2 2 2 3 2574 2591 2484
4595 2 2 2 3 2366 2555 2496
4596 2 2 2 3 91 2434 2382
4597 2 2 2 3 6 2438 309
4598 2 2 2 3 246 2622 2551
4599 2 2 2 3 2425 2426 2345
4600 2 2 2 3 2496 2557 2366
4601 2 2 2 3 2431 2549 2423
4602 2 2 2 3 2367 2559 2492
4603 2 2 2 3 2369 2595 2484
4604 2 2 2 3 256 2454 13
4605 2 2 2 3 2401 2478 2477
4606 2 2 2 3 14 305 304
4607 2 2 2 3 2369 2596 2595
4608 2 2 2 3 2368 2574 2488
4609 2 2 2 3 2428 2623 2383
4610 2 2 2 3 2492 2561 2367
4611 2 2 2 3 2439 2589 2441
4612 2 2 2 3 2401 2479 2478
4613 2 2 2 3 2434 2435 2382
4614 2 2 2 3 2438 2439 2405
4615 2 2 2 3 2429 2455 2430
4616 2 2 2 3 2488 2579 2368
4617 2 2 2 3 2470 2589 2563
4618 2 2 2 3 250 2594 249
4619 2 2 2 3 2408 2432 233
4620 2 2 2 3 2423 2549 2421
4621 2 2 2 3 2595 2596 2480
4622 2 2 2 3 2549 2617 2421
4623 2 2 2 3 2381 2451 2450
4624 2 2 2 3 2623 2630 2376
4625 2 2 2 3 2414 2552 2415
4626 2 2 2 3 2424 2606 2377
4627 2 2 2 3 13 2454 2383
4628 2 2 2 3 2546 2597 2452
4629 2 2 2 3 2348 2461 2460
4630 2 2 2 3 2484 2591 2369
4631 2 2 2 3 2400 2483 2482
4632 2 2 2 3 2404 2443 2442
4633 2 2 2 3 2370 2616 2447
4634 2 2 2 3 2590 2623 2376
4635 2 2 2 3 2381 2450 2449
4636 2 2 2 3 2447 2602 2370
4637 2 2 2 3 234 2408 233
4638 2 2 2 3 2435 2455 2437
4639 2 2 2 3 56 2481 55
4640 2 2 2 3 2448 2611 2403
4641 2 2 2 3 303 2599 2407
4642 2 2 2 3 2402 2442 2440
4643 2 2 2 3 2415 2416 2342
4644 2 2 2 3 2400 2482 2481
4645 2 2 2 3 2370 2602 2480
4646 2 2 2 3 2446 2448 2447
4647 2 2 2 3 2351 2454 256
4648 2 2 2 3 2430 2433 2427
4649 2 2 2 3 2415 2552 2418
4650 2 2 2 3 92 2434 91
4651 2 2 2 3 2436 2473 2472
4652 2 2 2 3 232 40 3
4653 2 2 2 3 47 2410 46
4654 2 2 2 3 42 2425 41
4655 2 2 2 3 2430 2434 2433
4656 2 2 2 3 2463 2466 2464
4657 2 2 2 3 2377 2619 2424
4658 2 2 2 3 5 2433 92
4659 2 2 2 3 48 2438 6
4660 2 2 2 3 90 2472 89
4661 2 2 2 3 2480 2596 2370
4662 2 2 2 3 2563 2589 2440
4663 2 2 2 3 2378 2466 2463
4664 2 2 2 3 2350 2594 250
4665 2 2 2 3 2399 2487 2486
4666 2 2 2 3 2400 2481 56
4667 2 2 2 3 55 2481 2401
4668 2 2 2 3 58 2485 57
4669 2 2 2 3 2466 2467 2464
4670 2 2 2 3 2409 2600 2408
4671 2 2 2 3 2376 2630 2592
4672 2 2 2 3 2479 2480 2478
4673 2 2 2 3 2451 2452 2450
4674 2 2 2 3 2484 2595 2482
4675 2 2 2 3 2399 2486 2485
4676 2 2 2 3 2473 2571 2475
4677 2 2 2 3 89 2472 2384
4678 2 2 2 3 2439 2441 2405
4679 2 2 2 3 2435 2436 2382
4680 2 2 2 3 2374 2589 2470
4681 2 2 2 3 2401 2481 2479
4682 2 2 2 3 2463 2476 2378
4683 2 2 2 3 2427 2433 2345
4684 2 2 2 3 4 2471 2344
4685 2 2 2 3 2382 2472 90
4686 2 2 2 3 2483 2484 2482
4687 2 2 2 3 57 2485 2400
4688 2 2 2 3 2399 2485 58
4689 2 2 2 3 2404 2444 2443
4690 2 2 2 3 301 2469 2374
4691 2 2 2 3 2426 2427 2345
4692 2 2 2 3 2402 2438 48
4693 2 2 2 3 2599 2613 2407
4694 2 2 2 3 2400 2485 2483
4695 2 2 2 3 2450 2597 2409
4696 2 2 2 3 2398 2491 2490
4697 2 2 2 3 2437 2571 2436
4698 2 2 2 3 60 2489 59
4699 2 2 2 3 2393 2511 2510
4700 2 2 2 3 2392 2515 2514
4701 2 2 2 3 2391 2519 2518
4702 2 2 2 3 2390 2523 2522
4703 2 2 2 3 2386 2539 2538
4704 2 2 2 3 2387 2535 2534
4705 2 2 2 3 2389 2527 2526
4706 2 2 2 3 2388 2531 2530
4707 2 2 2 3 2394 2507 2506
4708 2 2 2 3 2433 2434 92
4709 2 2 2 3 2384 2553 88
4710 2 2 2 3 2460 2468 2457
4711 2 2 2 3 2593 2594 2418
4712 2 2 2 3 2398 2490 2489
4713 2 2 2 3 2395 2503 2502
4714 2 2 2 3 2465 2466 2378
4715 2 2 2 3 2379 2457 2456
4716 2 2 2 3 2344 2471 2412
4717 2 2 2 3 2487 2488 2486
4718 2 2 2 3 2457 2468 2456
4719 2 2 2 3 2393 2510 2509
4720 2 2 2 3 2392 2514 2513
4721 2 2 2 3 2391 2518 2517
4722 2 2 2 3 2390 2522 2521
4723 2 2 2 3 2385 2542 2541
4724 2 2 2 3 2386 2538 2537
4725 2 2 2 3 2387 2534 2533
4726 2 2 2 3 2388 2530 2529
4727 2 2 2 3 2389 2526 2525
4728 2 2 2 3 72 2513 71
4729 2 2 2 3 2394 2506 2505
4730 2 2 2 3 70 2509 69
4731 2 2 2 3 74 2517 73
4732 2 2 2 3 2378 2476 243
4733 2 2 2 3 76 2521 75
4734 2 2 2 3 86 2541 85
4735 2 2 2 3 84 2537 83
4736 2 2 2 3 82 2533 81
4737 2 2 2 3 78 2525 77
4738 2 2 2 3 80 2529 79
4739 2 2 2 3 303 2407 302
4740 2 2 2 3 68 2505 67
4741 2 2 2 3 29 2471 4
4742 2 2 2 3 13 2383 255
4743 2 2 2 3 254 2376 253
4744 2 2 2 3 248 2375 247
4745 2 2 2 3 2396 2499 2498
4746 2 2 2 3 2395 2502 2501
4747 2 2 2 3 251 2350 250
4748 2 2 2 3 59 2489 2399
4749 2 2 2 3 2398 2489 60
4750 2 2 2 3 2397 2495 2494
4751 2 2 2 3 2379 2456 241
4752 2 2 2 3 244 2465 2378
4753 2 2 2 3 2379 2476 2458
4754 2 2 2 3 2399 2489 2487
4755 2 2 2 3 66 2501 65
4756 2 2 2 3 2458 2476 2463
4757 2 2 2 3 2458 2459 2457
4758 2 2 2 3 2396 2498 2497
4759 2 2 2 3 2393 2509 70
4760 2 2 2 3 2392 2513 72
4761 2 2 2 3 2451 2453 2452
4762 2 2 2 3 2391 2517 74
4763 2 2 2 3 2488 2574 2486
4764 2 2 2 3 2390 2521 76
4765 2 2 2 3 2385 2541 86
4766 2 2 2 3 2386 2537 84
4767 2 2 2 3 2387 2533 82
4768 2 2 2 3 2389 2525 78
4769 2 2 2 3 2388 2529 80
4770 2 2 2 3 62 2493 61
4771 2 2 2 3 2394 2505 68
4772 2 2 2 3 2397 2494 2493
4773 2 2 2 3 249 2594 2593
4774 2 2 2 3 2436 2571 2473
4775 2 2 2 3 2379 2458 2457
4776 2 2 2 3 64 2497 63
4777 2 2 2 3 2435 2437 2436
4778 2 2 2 3 2395 2501 66
4779 2 2 2 3 2444 2445 2443
4780 2 2 2 3 301 2374 300
4781 2 2 2 3 2456 2468 2380
4782 2 2 2 3 2396 2497 64
4783 2 2 2 3 2458 2462 2459
4784 2 2 2 3 2459 2460 2457
4785 2 2 2 3 2397 2493 62
4786 2 2 2 3 71 2513 2393
4787 2 2 2 3 73 2517 2392
4788 2 2 2 3 69 2509 2394
4789 2 2 2 3 75 2521 2391
4790 2 2 2 3 85 2541 2386
4791 2 2 2 3 83 2537 2387
4792 2 2 2 3 2491 2492 2490
4793 2 2 2 3 77 2525 2390
4794 2 2 2 3 81 2533 2388
4795 2 2 2 3 79 2529 2389
4796 2 2 2 3 2343 2617 2549
4797 2 2 2 3 67 2505 2395
4798 2 2 2 3 43 2598 2343
4799 2 2 2 3 2511 2512 2510
4800 2 2 2 3 2515 2516 2514
4801 2 2 2 3 2519 2520 2518
4802 2 2 2 3 2523 2524 2522
4803 2 2 2 3 2539 2540 2538
4804 2 2 2 3 2535 2536 2534
4805 2 2 2 3 2527 2528 2526
4806 2 2 2 3 2531 2532 2530
4807 2 2 2 3 240 2456 2380
4808 2 2 2 3 2377 2465 245
4809 2 2 2 3 2507 2508 2506
4810 2 2 2 3 2472 2473 2384
4811 2 2 2 3 2407 2469 302
4812 2 2 2 3 2481 2482 2479
4813 2 2 2 3 2503 2504 2502
4814 2 2 2 3 238 2381 237
4815 2 2 2 3 2374 2470 300
4816 2 2 2 3 299 2470 2372
4817 2 2 2 3 65 2501 2396
4818 2 2 2 3 2436 2472 2382
4819 2 2 2 3 61 2493 2398
4820 2 2 2 3 2415 2417 2416
4821 2 2 2 3 240 2380 239
4822 2 2 2 3 242 2379 241
4823 2 2 2 3 12 2377 245
4824 2 2 2 3 244 2378 243
4825 2 2 2 3 2499 2500 2498
4826 2 2 2 3 2398 2493 2491
4827 2 2 2 3 2495 2496 2494
4828 2 2 2 3 63 2497 2397
4829 2 2 2 3 2393 2513 2511
4830 2 2 2 3 2392 2517 2515
4831 2 2 2 3 233 2631 232
4832 2 2 2 3 2391 2521 2519
4833 2 2 2 3 2390 2525 2523
4834 2 2 2 3 2386 2541 2539
4835 2 2 2 3 2387 2537 2535
4836 2 2 2 3 2389 2529 2527
4837 2 2 2 3 2388 2533 2531
4838 2 2 2 3 2394 2509 2507
4839 2 2 2 3 2474 2553 2384
4840 2 2 2 3 2485 2486 2483
4841 2 2 2 3 2440 2589 2439
4842 2 2 2 3 2395 2505 2503
4843 2 2 2 3 49 2402 48
4844 2 2 2 3 241 2456 240
4845 2 2 2 3 245 2465 244
4846 2 2 2 3 2489 2490 2487
4847 2 2 2 3 11 2608 235
4848 2 2 2 3 2463 2464 2462
4849 2 2 2 3 2444 2446 2445
4850 2 2 2 3 2396 2501 2499
4851 2 2 2 3 2401 2477 54
4852 2 2 2 3 2473 2474 2384
4853 2 2 2 3 242 2476 2379
4854 2 2 2 3 2397 2497 2495
4855 2 2 2 3 2473 2475 2474
4856 2 2 2 3 2493 2494 2491
4857 2 2 2 3 2513 2514 2511
4858 2 2 2 3 2517 2518 2515
4859 2 2 2 3 2521 2522 2519
4860 2 2 2 3 2525 2526 2523
4861 2 2 2 3 2541 2542 2539
4862 2 2 2 3 2537 2538 2535
4863 2 2 2 3 2529 2530 2527
4864 2 2 2 3 2533 2534 2531
4865 2 2 2 3 2509 2510 2507
4866 2 2 2 3 2505 2506 2503
4867 2 2 2 3 53 2477 2403
4868 2 2 2 3 2501 2502 2499
4869 2 2 2 3 2497 2498 2495
4870 2 2 2 3 243 2476 242
4871 2 2 2 3 2417 2419 2416
4872 2 2 2 3 87 2385 86
4873 2 2 2 3 91 2382 90
4874 2 2 2 3 69 2394 68
4875 2 2 2 3 67 2395 66
4876 2 2 2 3 65 2396 64
4877 2 2 2 3 61 2398 60
4878 2 2 2 3 85 2386 84
4879 2 2 2 3 71 2393 70
4880 2 2 2 3 63 2397 62
4881 2 2 2 3 83 2387 82
4882 2 2 2 3 55 2401 54
4883 2 2 2 3 77 2390 76
4884 2 2 2 3 59 2399 58
4885 2 2 2 3 75 2391 74
4886 2 2 2 3 51 2404 50
4887 2 2 2 3 53 2403 52
4888 2 2 2 3 57 2400 56
4889 2 2 2 3 81 2388 80
4890 2 2 2 3 89 2384 88
4891 2 2 2 3 73 2392 72
4892 2 2 2 3 79 2389 78
4893 2 2 2 3 54 2477 53
4894 2 2 2 3 300 2470 299
4895 2 2 2 3 302 2469 301
4896 2 2 2 3 236 2608 11
4897 2 2 2 3 263 2354 262
4898 2 2 2 3 265 2355 264
4899 2 2 2 3 267 2356 266
4900 2 2 2 3 262 2543 261
4901 2 2 2 3 257 2351 256
4902 2 2 2 3 271 2358 270
4903 2 2 2 3 287 2366 286
4904 2 2 2 3 279 2362 278
4905 2 2 2 3 273 2359 272
4906 2 2 2 3 297 2371 296
4907 2 2 2 3 269 2357 268
4908 2 2 2 3 281 2363 280
4909 2 2 2 3 295 2370 294
4910 2 2 2 3 289 2367 288
4911 2 2 2 3 291 2368 290
4912 2 2 2 3 299 2372 298
4913 2 2 2 3 283 2364 282
4914 2 2 2 3 285 2365 284
4915 2 2 2 3 275 2360 274
4916 2 2 2 3 277 2361 276
4917 2 2 2 3 293 2369 292
4918 2 2 2 3 259 2352 258
4919 2 2 2 3 261 2353 260
4920 2 2 2 3 2458 2463 2462
4921 2 2 2 3 2453 2618 2468
4922 2 2 2 3 38 2373 37
4923 2 2 2 3 261 2543 2353
4924 2 2 2 3 2354 2543 262
4925 2 2 2 3 2543 2544 2353
4926 2 2 2 3 37 2546 36
4927 2 2 2 3 30 2346 29
4928 2 2 2 3 32 2347 31
4929 2 2 2 3 33 2547 32
4930 2 2 2 3 34 2348 33
4931 2 2 2 3 36 2349 35
4932 2 2 2 3 31 2545 30
4933 2 2 2 3 2420 2421 2419
4934 2 2 2 3 2406 2408 234
4935 2 2 2 3 2373 2546 37
4936 2 2 2 3 2406 2409 2408
4937 2 2 2 3 2422 2423 2421
4938 2 2 2 3 235 2406 234
4939 2 2 2 3 2385 2570 2542
4940 2 2 2 3 309 2405 308
4941 2 2 2 3 2461 2625 2349
4942 2 2 2 3 36 2546 2349
4943 2 2 2 3 2449 2450 2409
4944 2 2 2 3 2492 2559 2490
4945 2 2 2 3 2347 2545 31
4946 2 2 2 3 30 2545 2346
4947 2 2 2 3 32 2547 2347
4948 2 2 2 3 2348 2547 33
4949 2 2 2 3 2467 2607 2346
4950 2 2 2 3 2406 2449 2409
4951 2 2 2 3 297 2548 2371
4952 2 2 2 3 2372 2548 298
4953 2 2 2 3 41 2345 5
4954 2 2 2 3 4 2344 47
4955 2 2 2 3 46 2342 45
4956 2 2 2 3 43 2343 42
4957 2 2 2 3 2426 2431 2428
4958 2 2 2 3 88 2553 87
4959 2 2 2 3 2508 2564 2506
4960 2 2 2 3 2417 2420 2419
4961 2 2 2 3 2512 2566 2510
4962 2 2 2 3 2504 2560 2502
4963 2 2 2 3 2516 2568 2514
4964 2 2 2 3 2426 2428 2427
4965 2 2 2 3 2496 2555 2494
4966 2 2 2 3 2500 2556 2498
4967 2 2 2 3 2520 2572 2518
4968 2 2 2 3 2420 2422 2421
4969 2 2 2 3 2524 2575 2522
4970 2 2 2 3 2344 2410 47
4971 2 2 2 3 2343 2425 42
4972 2 2 2 3 2544 2626 2353
4973 2 2 2 3 2528 2577 2526
4974 2 2 2 3 2346 2471 29
4975 2 2 2 3 2532 2580 2530
4976 2 2 2 3 2536 2582 2534
4977 2 2 2 3 2540 2584 2538
4978 2 2 2 3 2441 2554 2405
4979 2 2 2 3 2415 2418 2417
4980 2 2 2 3 2411 2414 2410
4981 2 2 2 3 298 2548 297
4982 2 2 2 3 2405 2554 308
4983 2 2 2 3 2495 2556 2496
4984 2 2 2 3 2466 2606 2467
4985 2 2 2 3 308 2554 307
4986 2 2 2 3 2344 2411 2410
4987 2 2 2 3 285 2557 2365
4988 2 2 2 3 2366 2557 286
4989 2 2 2 3 2429 2430 2427
4990 2 2 2 3 283 2558 2364
4991 2 2 2 3 2365 2558 284
4992 2 2 2 3 304 2599 303
4993 2 2 2 3 2499 2560 2500
4994 2 2 2 3 2367 2561 288
4995 2 2 2 3 287 2561 2366
4996 2 2 2 3 87 2553 2385
4997 2 2 2 3 2428 2429 2427
4998 2 2 2 3 2491 2555 2492
4999 2 2 2 3 2364 2562 282
5000 2 2 2 3 281 2562 2363
5001 2 2 2 3 2412 2424 2413
5002 2 2 2 3 2503 2564 2504
5003 2 2 2 3 259 2565 2352
5004 2 2 2 3 2353 2565 260
5005 2 2 2 3 279 2567 2362
5006 2 2 2 3 2363 2567 280
5007 2 2 2 3 2344 2412 2411
5008 2 2 2 3 277 2569 2361
5009 2 2 2 3 2362 2569 278
5010 2 2 2 3 2412 2413 2411
5011 2 2 2 3 2343 2549 2425
5012 2 2 2 3 2507 2566 2508
5013 2 2 2 3 2361 2573 276
5014 2 2 2 3 275 2573 2360
5015 2 2 2 3 273 2576 2359
5016 2 2 2 3 2360 2576 274
5017 2 2 2 3 2511 2568 2512
5018 2 2 2 3 271 2578 2358
5019 2 2 2 3 2359 2578 272
5020 2 2 2 3 289 2579 2367
5021 2 2 2 3 2368 2579 290
5022 2 2 2 3 2515 2572 2516
5023 2 2 2 3 2358 2581 270
5024 2 2 2 3 269 2581 2357
5025 2 2 2 3 2357 2583 268
5026 2 2 2 3 267 2583 2356
5027 2 2 2 3 2519 2575 2520
5028 2 2 2 3 2356 2585 266
5029 2 2 2 3 265 2585 2355
5030 2 2 2 3 2523 2577 2524
5031 2 2 2 3 2355 2587 264
5032 2 2 2 3 263 2587 2354
5033 2 2 2 3 2527 2580 2528
5034 2 2 2 3 2531 2582 2532
5035 2 2 2 3 2345 2433 5
5036 2 2 2 3 2535 2584 2536
5037 2 2 2 3 2539 2586 2540
5038 2 2 2 3 2432 2631 233
5039 2 2 2 3 2352 2588 258
5040 2 2 2 3 257 2588 2351
5041 2 2 2 3 2487 2559 2488
5042 2 2 2 3 2411 2550 2414
5043 2 2 2 3 2416 2627 2342
5044 2 2 2 3 291 2591 2368
5045 2 2 2 3 2369 2591 292
5046 2 2 2 3 2550 2552 2414
5047 2 2 2 3 2413 2550 2411
5048 2 2 2 3 2413 2551 2550
5049 2 2 2 3 293 2596 2369
5050 2 2 2 3 2370 2596 294
5051 2 2 2 3 2381 2605 2451
5052 2 2 2 3 2342 2627 45
5053 2 2 2 3 2494 2555 2491
5054 2 2 2 3 2498 2556 2495
5055 2 2 2 3 286 2557 285
5056 2 2 2 3 2447 2616 2371
5057 2 2 2 3 2490 2559 2487
5058 2 2 2 3 284 2558 283
5059 2 2 2 3 2470 2563 2372
5060 2 2 2 3 2502 2560 2499
5061 2 2 2 3 288 2561 287
5062 2 2 2 3 2346 2607 2471
5063 2 2 2 3 282 2562 281
5064 2 2 2 3 2506 2564 2503
5065 2 2 2 3 2483 2574 2484
5066 2 2 2 3 260 2565 259
5067 2 2 2 3 2510 2566 2507
5068 2 2 2 3 280 2567 279
5069 2 2 2 3 2480 2602 2478
5070 2 2 2 3 2514 2568 2511
5071 2 2 2 3 278 2569 277
5072 2 2 2 3 2518 2572 2515
5073 2 2 2 3 2486 2574 2483
5074 2 2 2 3 276 2573 275
5075 2 2 2 3 2522 2575 2519
5076 2 2 2 3 2404 2601 2444
5077 2 2 2 3 274 2576 273
5078 2 2 2 3 2526 2577 2523
5079 2 2 2 3 272 2578 271
5080 2 2 2 3 290 2579 289
5081 2 2 2 3 2530 2580 2527
5082 2 2 2 3 270 2581 269
5083 2 2 2 3 2534 2582 2531
5084 2 2 2 3 268 2583 267
5085 2 2 2 3 2538 2584 2535
5086 2 2 2 3 266 2585 265
5087 2 2 2 3 2542 2586 2539
5088 2 2 2 3 51 2601 2404
5089 2 2 2 3 2403 2601 52
5090 2 2 2 3 264 2587 263
5091 2 2 2 3 2474 2570 2553
5092 2 2 2 3 2383 2590 255
5093 2 2 2 3 254 2590 2376
5094 2 2 2 3 2376 2592 253
5095 2 2 2 3 248 2593 2375
5096 2 2 2 3 238 2605 2381
5097 2 2 2 3 2380 2605 239
5098 2 2 2 3 258 2588 257
5099 2 2 2 3 2377 2606 2465
5100 2 2 2 3 2373 2597 2546
5101 2 2 2 3 2449 2621 2381
5102 2 2 2 3 2553 2570 2385
5103 2 2 2 3 2468 2618 2380
5104 2 2 2 3 2479 2595 2480
5105 2 2 2 3 2478 2602 2448
5106 2 2 2 3 255 2590 254
5107 2 2 2 3 253 2592 252
5108 2 2 2 3 249 2593 248
5109 2 2 2 3 292 2591 291
5110 2 2 2 3 2372 2609 2548
5111 2 2 2 3 2482 2595 2479
5112 2 2 2 3 2453 2615 2452
5113 2 2 2 3 2349 2615 2461
5114 2 2 2 3 40 2631 39
5115 2 2 2 3 2408 2600 2432
5116 2 2 2 3 2548 2609 2445
5117 2 2 2 3 2348 2625 2461
5118 2 2 2 3 294 2596 293
5119 2 2 2 3 246 2604 12
5120 2 2 2 3 2452 2597 2450
5121 2 2 2 3 2381 2621 237
5122 2 2 2 3 2542 2612 2586
5123 2 2 2 3 2446 2611 2448
5124 2 2 2 3 251 2603 2350
5125 2 2 2 3 2354 2612 2543
5126 2 2 2 3 295 2616 2370
5127 2 2 2 3 2371 2616 296
5128 2 2 2 3 44 2598 43
5129 2 2 2 3 44 2627 2598
5130 2 2 2 3 38 2624 2373
5131 2 2 2 3 2406 2608 2449
5132 2 2 2 3 306 2599 305
5133 2 2 2 3 34 2625 2348
5134 2 2 2 3 2349 2625 35
5135 2 2 2 3 39 2631 2432
5136 2 2 2 3 2554 2628 2613
5137 2 2 2 3 2422 2603 2592
5138 2 2 2 3 2383 2623 2590
5139 2 2 2 3 2418 2610 2417
5140 2 2 2 3 2554 2613 307
5141 2 2 2 3 2468 2614 2453
5142 2 2 2 3 2423 2630 2431
5143 2 2 2 3 2586 2612 2354
5144 2 2 2 3 2413 2619 2551
5145 2 2 2 3 2412 2607 2424
5146 2 2 2 3 305 2599 304
5147 2 2 2 3 247 2622 246
5148 2 2 2 3 2448 2602 2447
5149 2 2 2 3 52 2601 51
5150 2 2 2 3 2594 2610 2418
5151 2 2 2 3 2592 2603 252
5152 2 2 2 3 2373 2624 2600
5153 2 2 2 3 2474 2626 2570
5154 2 2 2 3 252 2603 251
5155 2 2 2 3 2570 2626 2544
5156 2 2 2 3 12 2604 2377
5157 2 2 2 3 239 2605 238
5158 2 2 2 3 2598 2617 2343
5159 2 2 2 3 2445 2609 2443
5160 2 2 2 3 2465 2606 2466
5161 2 2 2 3 2403 2611 2601
5162 2 2 2 3 2471 2607 2412
5163 2 2 2 3 2431 2630 2623
5164 2 2 2 3 2421 2617 2419
5165 2 2 2 3 2432 2624 39
5166 2 2 2 3 2551 2619 2604
5167 2 2 2 3 235 2608 2406
5168 2 2 2 3 2380 2618 2605
5169 2 2 2 3 2609 2620 2443
5170 2 2 2 3 2417 2610 2420
5171 2 2 2 3 2461 2614 2460
5172 2 2 2 3 306 2613 2599
5173 2 2 2 3 2613 2628 2407
5174 2 2 2 3 2443 2620 2442
5175 2 2 2 3 2460 2614 2468
5176 2 2 2 3 2350 2610 2594
5177 2 2 2 3 2442 2620 2440
5178 2 2 2 3 2444 2611 2446
5179 2 2 2 3 2469 2628 2441
5180 2 2 2 3 2563 2620 2609
5181 2 2 2 3 2563 2609 2372
5182 2 2 2 3 2543 2612 2544
5183 2 2 2 3 307 2613 306
5184 2 2 2 3 296 2616 295
5185 2 2 2 3 2350 2629 2610
5186 2 2 2 3 2610 2629 2420
5187 2 2 2 3 2608 2621 2449
5188 2 2 2 3 2375 2622 247
5189 2 2 2 3 2451 2618 2453
5190 2 2 2 3 237 2621 236
5191 2 2 2 3 2407 2628 2469
5192 2 2 2 3 2441 2628 2554
5193 2 2 2 3 2601 2611 2444
5194 2 2 2 3 2419 2617 2598
5195 2 2 2 3 2475 2626 2474
5196 2 2 2 3 39 2624 38
5197 2 2 2 3 35 2625 34
5198 2 2 2 3 45 2627 44
5199 2 2 2 3 2424 2619 2413
5200 2 2 2 3 2431 2623 2428
5201 2 2 2 3 232 2631 40
5202 2 2 2 3 2420 2629 2422
5203 2 2 2 3 2440 2620 2563
5204 2 2 2 3 2600 2624 2432
5205 2 2 2 3 2603 2629 2350
5206 2 2 2 3 2604 2619 2377
5207 2 2 2 3 2605 2618 2451
5208 2 2 2 3 2461 2615 2614
5209 2 2 2 3 2614 2615 2453
5210 2 2 2 3 2422 2629 2603
5211 2 2 2 3 236 2621 2608
5212 2 2 3 4 2676 2682 2678
5213 2 2 3 4 2664 2678 2638
5214 2 2 3 4 2663 2664 2638
5215 2 2 3 4 2678 2682 2656
5216 2 2 3 4 319 2663 318
5217 2 2 3 4 2661 2662 2639
5218 2 2 3 4 2651 2652 2642
5219 2 2 3 4 2650 2670 2634
5220 2 2 3 4 2675 2677 2659
5221 2 2 3 4 2633 2652 2648
5222 2 2 3 4 2641 2675 2649
5223 2 2 3 4 192 2653 193
5224 2 2 3 4 2637 2657 2655
5225 2 2 3 4 2648 2653 2633
5226 2 2 3 4 318 2663 2638
5227 2 2 3 4 2633 2653 192
5228 2 2 3 4 2643 2644 2640
5229 2 2 3 4 2662 2663 2639
5230 2 2 3 4 2639 2663 319
5231 2 2 3 4 2639 2665 2661
5232 2 2 3 4 2643 2685 2653
5233 2 2 3 4 321 2665 320
5234 2 2 3 4 2641 2677 2675
5235 2 2 3 4 329 2643 2640
5236 2 2 3 4 330 2685 2643
5237 2 2 3 4 2640 2646 328
5238 2 2 3 4 2649 2679 2641
5239 2 2 3 4 2676 2678 2664
5240 2 2 3 4 2634 2671 2650
5241 2 2 3 4 2646 2683 328
5242 2 2 3 4 2670 2674 2634
5243 2 2 3 4 2652 2668 2642
5244 2 2 3 4 2649 2665 321
5245 2 2 3 4 320 2665 2639
5246 2 2 3 4 2642 2674 2651
5247 2 2 3 4 2655 2667 2637
5248 2 2 3 4 2654 2682 2632
5249 2 2 3 4 2649 2675 2665
5250 2 2 3 4 2643 2653 2648
5251 2 2 3 4 2637 2684 2657
5252 2 2 3 4 2643 2648 2644
5253 2 2 3 4 2633 2672 2652
5254 2 2 3 4 2636 2658 323
5255 2 2 3 4 2662 2664 2663
5256 2 2 3 4 2644 2645 2640
5257 2 2 3 4 190 2672 191
5258 2 2 3 4 323 2658 3
5259 2 2 3 4 2656 2682 2654
5260 2 2 3 4 2648 2651 2644
5261 2 2 3 4 2659 2677 2658
5262 2 2 3 4 2636 2659 2658
5263 2 2 3 4 328 2683 16
5264 2 2 3 4 311 2668 310
5265 2 2 3 4 191 2672 2633
5266 2 2 3 4 2648 2652 2651
5267 2 2 3 4 2642 2668 311
5268 2 2 3 4 2645 2647 2646
5269 2 2 3 4 2645 2646 2640
5270 2 2 3 4 2657 2684 2638
5271 2 2 3 4 2650 2671 2667
5272 2 2 3 4 2647 2654 2646
5273 2 2 3 4 2645 2650 2647
5274 2 2 3 4 330 2643 329
5275 2 2 3 4 2647 2655 2654
5276 2 2 3 4 322 2649 321
5277 2 2 3 4 329 2640 328
5278 2 2 3 4 2647 2667 2655
5279 2 2 3 4 3 2658 232
5280 2 2 3 4 318 2638 317
5281 2 2 3 4 320 2639 319
5282 2 2 3 4 315 2671 314
5283 2 2 3 4 2636 2660 2659
5284 2 2 3 4 16 2632 327
5285 2 2 3 4 2662 2673 2664
5286 2 2 3 4 15 2637 316
5287 2 2 3 4 2644 2670 2645
5288 2 2 3 4 2650 2667 2647
5289 2 2 3 4 312 2642 311
5290 2 2 3 4 2655 2656 2654
5291 2 2 3 4 2632 2666 327
5292 2 2 3 4 327 2666 326
5293 2 2 3 4 314 2671 2634
5294 2 2 3 4 2638 2678 2657
5295 2 2 3 4 233 2641 234
5296 2 2 3 4 191 2633 192
5297 2 2 3 4 2651 2670 2644
5298 2 2 3 4 326 2635 325
5299 2 2 3 4 324 2636 323
5300 2 2 3 4 314 2634 313
5301 2 2 3 4 2661 2675 2659
5302 2 2 3 4 2660 2662 2661
5303 2 2 3 4 326 2666 2635
5304 2 2 3 4 2660 2661 2659
5305 2 2 3 4 2655 2657 2656
5306 2 2 3 4 325 2669 324
5307 2 2 3 4 2632 2683 2654
5308 2 2 3 4 324 2669 2636
5309 2 2 3 4 2635 2669 325
5310 2 2 3 4 2636 2669 2660
5311 2 2 3 4 2645 2670 2650
5312 2 2 3 4 2651 2674 2670
5313 2 2 3 4 2665 2675 2661
5314 2 2 3 4 2638 2684 317
5315 2 2 3 4 2635 2673 2669
5316 2 2 3 4 2669 2673 2660
5317 2 2 3 4 2652 2672 2668
5318 2 2 3 4 2673 2676 2664
5319 2 2 3 4 2660 2673 2662
5320 2 2 3 4 2671 2681 2667
5321 2 2 3 4 15 2684 2637
5322 2 2 3 4 2653 2685 193
5323 2 2 3 4 2666 2676 2635
5324 2 2 3 4 2635 2676 2673
5325 2 2 3 4 2654 2683 2646
5326 2 2 3 4 232 2677 233
5327 2 2 3 4 233 2677 2641
5328 2 2 3 4 2658 2677 232
5329 2 2 3 4 2667 2681 2637
5330 2 2 3 4 2637 2681 316
5331 2 2 3 4 2657 2678 2656
5332 2 2 3 4 1 2685 330
5333 2 2 3 4 317 2684 15
5334 2 2 3 4 2666 2682 2676
5335 2 2 3 4 312 2686 2642
5336 2 2 3 4 2641 2679 234
5337 2 2 3 4 2634 2686 313
5338 2 2 3 4 11 2687 322
5339 2 2 3 4 190 2680 2672
5340 2 2 3 4 234 2679 235
5341 2 2 3 4 310 2680 9
5342 2 2 3 4 9 2680 190
5343 2 2 3 4 2668 2680 310
5344 2 2 3 4 316 2681 315
5345 2 2 3 4 2642 2686 2674
5346 2 2 3 4 235 2687 11
5347 2 2 3 4 322 2687 2649
5348 2 2 3 4 315 2681 2671
5349 2 2 3 4 2674 2686 2634
5350 2 2 3 4 2632 2682 2666
5351 2 2 3 4 16 2683 2632
5352 2 2 3 4 2672 2680 2668
5353 2 2 3 4 193 2685 1
5354 2 2 3 4 313 2686 312
5355 2 2 3 4 2649 2687 2679
5356 2 2 3 4 2679 2687 235
5357 2 2 3 5 2694 2698 2688
5358 2 2 3 5 2691 2698 2694
5359 2 2 3 5 22 2696 23
5360 2 2 3 5 3 28 323
5361 2 2 3 5 2689 2696 22
5362 2 2 3 5 330 20 1
5363 2 2 3 5 26 2692 27
5364 2 2 3 5 330 2693 20
5365 2 2 3 5 2695 2696 2689
5366 2 2 3 5 2688 2698 2696
5367 2 2 3 5 24 2691 25
5368 2 2 3 5 20 2693 21
5369 2 2 3 5 21 2693 2689
5370 2 2 3 5 26 2700 2692
5371 2 2 3 5 2691 2694 2690
5372 2 2 3 5 21 2689 22
5373 2 2 3 5 327 2688 16
5374 2 2 3 5 325 2690 326
5375 2 2 3 5 2692 2697 27
5376 2 2 3 5 324 2692 325
5377 2 2 3 5 27 2697 28
5378 2 2 3 5 329 2693 330
5379 2 2 3 5 325 2692 2690
5380 2 2 3 5 2696 2698 23
5381 2 2 3 5 2690 2700 2691
5382 2 2 3 5 327 2694 2688
5383 2 2 3 5 2690 2694 326
5384 2 2 3 5 16 2695 328
5385 2 2 3 5 2689 2699 2695
5386 2 2 3 5 2692 2700 2690
5387 2 2 3 5 324 2697 2692
5388 2 2 3 5 2688 2696 2695
5389 2 2 3 5 326 2694 327
5390 2 2 3 5 323 2697 324
5391 2 2 3 5 2688 2695 16
5392 2 2 3 5 2691 2700 25
5393 2 2 3 5 23 2698 24
5394 2 2 3 5 24 2698 2691
5395 2 2 3 5 28 2697 323
5396 2 2 3 5 329 2699 2693
5397 2 2 3 5 328 2699 329
5398 2 2 3 5 2693 2699 2689
5399 2 2 3 5 25 2700 26
5400 2 2 3 5 2695 2699 328
$EndElements
