$MeshFormat
2.2 0 8
$EndMeshFormat
$PhysicalNames
7
0 6 "separation-inf"
0 7 "separation-sup"
1 4 "pressure"
1 5 "fixed"
2 1 "body"
2 2 "cover"
2 3 "scar"
$EndPhysicalNames
$Nodes
2689
1 0.6591601148908225 0.4489397597553123 0
2 0.6780832021878531 0.4499314767377288 0
3 0.5344313259771455 0.4424030009156841 0
4 0.4754071150127369 0.4393096730951061 0
5 0.4040362663251333 0.4037254805883031 0
6 0.06527036446661391 -1.301042606982605e-16 0
7 0.7306999999999998 0 0
8 0.7306999999999999 0.4 0
9 0.6754664043757063 0.4998629534754574 0
10 0.674069285402203 0.4997897335726619 0
11 0.7806999999999999 0 0
12 0.7806999999999999 0.4 0
13 0.5142885598414713 0.4914159805737919 0
14 0.4727903172005901 0.4892411498328348 0
15 0.3657340441691846 0.4358648610726302 0
16 0 0 0
17 0.6686216585393379 0.4494356182465206 0
18 0.6521345879479332 0.4404563172306443 6.336428238686624e-20
19 0.6440103747485151 0.4330183032364646 1.181162209529579e-19
20 0.6349414917667319 0.426766725886853 1.632178411862172e-19
21 0.62509985836638 0.4218200966702583 1.978141492681385e-19
22 0.6146720474891522 0.4182721915312011 2.212492840337594e-19
23 0.6038557419027551 0.4161902688481573 2.330789809776109e-19
24 0.5928559897807146 0.4156137962667772 2.330789809776108e-19
25 0.581881316869348 0.416553702158349 2.212492840337595e-19
26 0.5711397735591806 0.4189921684555888 1.978141492681388e-19
27 0.5608349901059773 0.4228829687043782 1.63217841186217e-19
28 0.5511623196407076 0.4281523428575155 1.181162209529579e-19
29 0.5423051275586717 0.4347003991117888 6.336428238686696e-20
30 0.485244483506805 0.4398252277318691 0
31 0.4950818520008731 0.4403407823686321 0
32 0.5049192204949412 0.4408563370053951 0
33 0.5147565889890093 0.4413718916421581 0
34 0.5245939574830774 0.4418874462789211 0
35 0.4110181034325398 0.4112289776368577 0
36 0.4187313157060478 0.4179784127077235 0
37 0.4270948769943219 0.4239028839861847 0
38 0.4360209293260504 0.4289401557798515 0
39 0.445415705844908 0.4330373122953815 0
40 0.4551805158164786 0.4361513135110431 0
41 0.4652127813597885 0.4382494473057628 0
42 0.07263484059397318 0.008776640882354192 0
43 0.07999931672133226 0.01755328176470861 0
44 0.08736379284869139 0.02632992264706302 0
45 0.09472826897605052 0.03510656352941743 0
46 0.1020927451034097 0.0438832044117719 0
47 0.1094572212307687 0.05265984529412632 0
48 0.1168216973581279 0.06143648617648073 0
49 0.124186173485487 0.07021312705883515 0
50 0.1315506496128461 0.07898976794118961 0
51 0.1389151257402052 0.08776640882354403 0
52 0.1462796018675643 0.09654304970589844 0
53 0.1536440779949235 0.1053196905882529 0
54 0.1610085541222825 0.1140963314706073 0
55 0.1683730302496417 0.1228729723529617 0
56 0.1757375063770008 0.1316496132353161 0
57 0.1831019825043599 0.1404262541176706 0
58 0.190466458631719 0.149202895000025 0
59 0.1978309347590781 0.1579795358823794 0
60 0.2051954108864372 0.1667561767647338 0
61 0.2125598870137964 0.1755328176470882 0
62 0.2199243631411554 0.1843094585294426 0
63 0.2272888392685146 0.193086099411797 0
64 0.2346533153958736 0.2018627402941514 0
65 0.2420177915232327 0.2106393811765058 0
66 0.2493822676505918 0.2194160220588602 0
67 0.2567467437779509 0.2281926629412146 0
68 0.26411121990531 0.236969303823569 0
69 0.2714756960326691 0.2457459447059234 0
70 0.2788401721600282 0.2545225855882778 0
71 0.2862046482873873 0.2632992264706322 0
72 0.2935691244147464 0.2720758673529866 0
73 0.3009336005421055 0.280852508235341 0
74 0.3082980766694647 0.2896291491176956 0
75 0.3156625527968239 0.29840579000005 0
76 0.323027028924183 0.3071824308824044 0
77 0.3303915050515422 0.3159590717647589 0
78 0.3377559811789013 0.3247357126471133 0
79 0.3451204573062605 0.3335123535294678 0
80 0.3524849334336195 0.3422889944118223 0
81 0.3598494095609788 0.3510656352941767 0
82 0.3672138856883378 0.3598422761765311 0
83 0.3745783618156969 0.3686189170588855 0
84 0.381942837943056 0.3773955579412399 0
85 0.3893073140704152 0.3861721988235943 0
86 0.3966717901977742 0.3949488397059487 0
87 0.07674328921718956 0 0
88 0.08821621396776522 0 0
89 0.09968913871834086 0 0
90 0.1111620634689165 0 0
91 0.1226349882194922 0 0
92 0.1341079129700678 0 0
93 0.1455808377206435 0 0
94 0.1570537624712191 0 0
95 0.1685266872217948 0 0
96 0.1799996119723704 0 0
97 0.1914725367229461 0 0
98 0.2029454614735217 0 0
99 0.2144183862240973 0 0
100 0.225891310974673 0 0
101 0.2373642357252487 0 0
102 0.2488371604758243 0 0
103 0.2603100852264 0 0
104 0.2717830099769756 0 0
105 0.2832559347275512 0 0
106 0.2947288594781268 0 0
107 0.3062017842287024 0 0
108 0.317674708979278 0 0
109 0.3291476337298536 0 0
110 0.3406205584804292 0 0
111 0.3520934832310048 0 0
112 0.3635664079815804 0 0
113 0.375039332732156 0 0
114 0.3865122574827317 0 0
115 0.3979851822333073 0 0
116 0.4094581069838829 0 0
117 0.4209310317344584 0 0
118 0.432403956485034 0 0
119 0.4438768812356096 0 0
120 0.4553498059861853 0 0
121 0.4668227307367609 0 0
122 0.4782956554873365 0 0
123 0.489768580237912 0 0
124 0.5012415049884876 0 0
125 0.5127144297390633 0 0
126 0.5241873544896389 0 0
127 0.5356602792402145 0 0
128 0.5471332039907901 0 0
129 0.5586061287413657 0 0
130 0.5700790534919413 0 0
131 0.5815519782425169 0 0
132 0.5930249029930925 0 0
133 0.6044978277436681 0 0
134 0.6159707524942437 0 0
135 0.6274436772448193 0 0
136 0.638916601995395 0 0
137 0.6503895267459706 0 0
138 0.6618624514965461 0 0
139 0.6733353762471217 0 0
140 0.6848083009976974 0 0
141 0.696281225748273 0 0
142 0.7077541504988486 0 0
143 0.7192270752494242 0 0
144 0.7306999999999999 0.3885714285714286 0
145 0.7306999999999999 0.3771428571428571 0
146 0.7306999999999999 0.3657142857142857 0
147 0.7306999999999999 0.3542857142857143 0
148 0.7306999999999999 0.3428571428571428 0
149 0.7306999999999999 0.3314285714285714 0
150 0.7306999999999999 0.32 0
151 0.7306999999999999 0.3085714285714285 0
152 0.7306999999999999 0.2971428571428571 0
153 0.7306999999999999 0.2857142857142857 0
154 0.7306999999999999 0.2742857142857142 0
155 0.7306999999999999 0.2628571428571428 0
156 0.7306999999999999 0.2514285714285713 0
157 0.7306999999999999 0.2399999999999998 0
158 0.7306999999999999 0.2285714285714284 0
159 0.7306999999999999 0.2171428571428569 0
160 0.7306999999999999 0.2057142857142855 0
161 0.7306999999999999 0.194285714285714 0
162 0.7306999999999999 0.1828571428571427 0
163 0.7306999999999999 0.1714285714285712 0
164 0.7306999999999999 0.1599999999999998 0
165 0.7306999999999999 0.1485714285714284 0
166 0.7306999999999999 0.137142857142857 0
167 0.7306999999999999 0.1257142857142856 0
168 0.7306999999999999 0.1142857142857142 0
169 0.7306999999999999 0.1028571428571428 0
170 0.7306999999999999 0.09142857142857141 0
171 0.7306999999999999 0.08000000000000007 0
172 0.7306999999999999 0.06857142857142867 0
173 0.7306999999999999 0.05714285714285727 0
174 0.7306999999999999 0.04571428571428587 0
175 0.7306999999999999 0.03428571428571447 0
176 0.7306999999999999 0.02285714285714302 0
177 0.7306999999999999 0.01142857142857151 0
178 0.6896278447399321 0.4491964794299314 0
179 0.7006946012159873 0.4458281127934987 0
180 0.7106910947343958 0.4400066774005602 0
181 0.7190822370179006 0.432043780699251 0
182 0.7254188703833169 0.4223656574157815 0
183 0.7293618100730225 0.4114903542337509 0
184 0.673905728745998 0.488997072847226 1.605032253288107e-19
185 0.6722907918342624 0.4783246659601225 2.414920210156852e-19
186 0.6692538736016249 0.4679667984652691 2.414920210156849e-19
187 0.664850259420533 0.4581120294605251 1.605032253288104e-19
188 0.7406999999999998 0 0
189 0.7506999999999999 0 0
190 0.7606999999999999 0 0
191 0.7706999999999999 0 0
192 0.7806999999999999 0.01142857142857144 0
193 0.7806999999999999 0.02285714285714288 0
194 0.7806999999999999 0.03428571428571432 0
195 0.7806999999999999 0.04571428571428577 0
196 0.7806999999999999 0.0571428571428572 0
197 0.7806999999999999 0.06857142857142863 0
198 0.7806999999999999 0.08000000000000006 0
199 0.7806999999999999 0.0914285714285715 0
200 0.7806999999999999 0.1028571428571429 0
201 0.7806999999999999 0.1142857142857144 0
202 0.7806999999999999 0.1257142857142858 0
203 0.7806999999999999 0.1371428571428573 0
204 0.7806999999999999 0.1485714285714287 0
205 0.7806999999999999 0.1600000000000002 0
206 0.7806999999999999 0.1714285714285717 0
207 0.7806999999999999 0.1828571428571431 0
208 0.7806999999999999 0.1942857142857145 0
209 0.7806999999999999 0.205714285714286 0
210 0.7806999999999999 0.2171428571428574 0
211 0.7806999999999999 0.2285714285714288 0
212 0.7806999999999999 0.2400000000000002 0
213 0.7806999999999999 0.2514285714285716 0
214 0.7806999999999999 0.262857142857143 0
215 0.7806999999999999 0.2742857142857144 0
216 0.7806999999999999 0.2857142857142858 0
217 0.7806999999999999 0.2971428571428572 0
218 0.7806999999999999 0.3085714285714286 0
219 0.7806999999999999 0.32 0
220 0.7806999999999999 0.3314285714285714 0
221 0.7806999999999999 0.3428571428571427 0
222 0.7806999999999999 0.3542857142857141 0
223 0.7806999999999999 0.3657142857142855 0
224 0.7806999999999999 0.377142857142857 0
225 0.7806999999999999 0.3885714285714285 0
226 0.7800286514924181 0.4115680159360948 0
227 0.7780236201460451 0.4229807084675019 0
228 0.7747118274569218 0.4340848397122524 0
229 0.7701377407666337 0.4447313148315632 0
230 0.764362776200642 0.454777183921787 0
231 0.7574644740358012 0.4640875613985023 0
232 0.7495354575693756 0.4725374371012285 0
233 0.7406821894687915 0.4800133548011204 0
234 0.7310235423005802 0.4864149355743653 0
235 0.7206892024319744 0.4916562255869974 0
236 0.7098179287359266 0.4956668501944612 0
237 0.6985556894798641 0.4983929588598628 0
238 0.6870537024141186 0.4997979482035217 0
239 0.5278135893975765 0.4509302419042799 1.605032253288107e-19
240 0.5224039948158028 0.4602707224301213 2.414920210156851e-19
241 0.5183010211670346 0.4702544040471492 2.414920210156854e-19
242 0.5155793607573993 0.480699539498995 1.605032253288106e-19
243 0.503913999181251 0.4908722728885527 0
244 0.4935394385210308 0.4903285652033134 0
245 0.4831648778608104 0.4897848575180742 0
246 0.4616518426009693 0.4882399415442681 0
247 0.4506189191303074 0.4864116543310513 0
248 0.4397528741687219 0.483766450872658 0
249 0.4291141074889027 0.480319034742299 0
250 0.4187617555191849 0.4760885686759448 0
251 0.4087533626290231 0.4710985680547374 0
252 0.3991445612640485 0.4653767701928799 0
253 0.3899887627087093 0.4589549801575751 0
254 0.3813368601954087 0.4518688939780374 0
255 0.3732369460104371 0.4441579002262833 0
256 0.3584193632858009 0.4271475638511777 0
257 0.3511046824024172 0.4184302666297251 0
258 0.3437900015190336 0.4097129694082725 0
259 0.3364753206356498 0.4009956721868199 0
260 0.3291606397522662 0.3922783749653673 0
261 0.3218459588688825 0.3835610777439147 0
262 0.3145312779854988 0.3748437805224621 0
263 0.3072165971021151 0.3661264833010095 0
264 0.2999019162187315 0.357409186079557 0
265 0.2925872353353478 0.3486918888581043 0
266 0.2852725544519641 0.3399745916366518 0
267 0.2779578735685805 0.3312572944151992 0
268 0.2706431926851968 0.3225399971937466 0
269 0.2633285118018131 0.313822699972294 0
270 0.2560138309184294 0.3051054027508415 0
271 0.2486991500350458 0.2963881055293889 0
272 0.2413844691516621 0.2876708083079362 0
273 0.2340697882682784 0.2789535110864836 0
274 0.2267551073848947 0.270236213865031 0
275 0.219440426501511 0.2615189166435784 0
276 0.2121257456181273 0.2528016194221258 0
277 0.2048110647347436 0.2440843222006732 0
278 0.1974963838513599 0.2353670249792206 0
279 0.1901817029679762 0.2266497277577679 0
280 0.1828670220845925 0.2179324305363153 0
281 0.1755523412012088 0.2092151333148627 0
282 0.1682376603178251 0.2004978360934101 0
283 0.1609229794344414 0.1917805388719575 0
284 0.1536082985510577 0.1830632416505049 0
285 0.146293617667674 0.1743459444290522 0
286 0.1389789367842903 0.1656286472075996 0
287 0.1316642559009066 0.156911349986147 0
288 0.1243495750175229 0.1481940527646943 0
289 0.1170348941341392 0.1394767555432417 0
290 0.1097202132507555 0.1307594583217891 0
291 0.1024055323673718 0.1220421611003365 0
292 0.0950908514839881 0.113324863878884 0
293 0.08777617060060444 0.1046075666574313 0
294 0.08046148971722072 0.09589026943597867 0
295 0.07314680883383701 0.08717297221452608 0
296 0.06583212795045329 0.07845567499307343 0
297 0.05851744706706957 0.06973837777162079 0
298 0.05120276618368591 0.06102108055016819 0
299 0.04388808530030225 0.05230378332871566 0
300 0.03657340441691853 0.04358648610726296 0
301 0.02925872353353487 0.03486918888581042 0
302 0.0219440426501511 0.02615189166435772 0
303 0.01462936176676743 0.01743459444290513 0
304 0.007314680883383662 0.00871729722145248 0
305 0.01087839407776897 0 0
306 0.02175678815553795 0 0
307 0.03263518223330691 0 0
308 0.04351357631107589 0 0
309 0.0543919703888449 0 0
310 0.6626563764335793 0.4991916083584568 0
311 0.6512434674649555 0.4985934831442518 0
312 0.6398305584963319 0.4979953579300468 0
313 0.6284176495277081 0.4973972327158419 0
314 0.6170047405590844 0.4967991075016369 0
315 0.6055918315904606 0.4962009822874319 0
316 0.5941789226218369 0.4956028570732269 0
317 0.5827660136532132 0.4950047318590219 0
318 0.5713531046845896 0.4944066066448169 0
319 0.5599401957159659 0.4938084814306119 0
320 0.5485272867473422 0.4932103562164069 0
321 0.5371143777787186 0.4926122310022019 0
322 0.5257014688100949 0.4920141057879969 0
323 0.5457703067874797 0.4429972517192867 0
324 0.5571092875978141 0.4435915025228893 0
325 0.5684482684081483 0.4441857533264919 0
326 0.5797872492184826 0.4447800041300944 0
327 0.5911262300288169 0.445374254933697 0
328 0.6024652108391512 0.4459685057372995 0
329 0.6138041916494854 0.4465627565409021 0
330 0.6251431724598198 0.4471570073445047 0
331 0.636482153270154 0.4477512581481072 0
332 0.6478211340804882 0.4483455089517098 0
333 0.722011720001251 0.2116419976127778 0
334 0.3637683271046063 0.3402970967014329 0
335 0.5187457675650242 0.009094502213837896 0
336 0.5746215220346776 0.4087738508376369 0
337 0.4496133436108974 0.009935844289705731 0
338 0.3199181361010823 0.2883141712702785 0
339 0.575752921122728 0.009616088959479241 0
340 0.392135019911077 0.009436739280777928 0
341 0.2823188136068596 0.2436972256778783 0
342 0.7198051374153389 0.1557258608185688 0
343 0.7208073590025615 0.2685784797653646 0
344 0.4005725316372737 0.3842477500443498 0
345 0.3357111835933895 0.009446984749776732 0
346 0.4915759619646501 0.4311981652283052 0
347 0.2448674338633829 0.2004306615441843 0
348 0.6217073466123216 0.009677655820374664 0
349 0.7211934840096357 0.3137588764830296 0
350 0.2892744304164385 0.009590733094476778 0
351 0.7204837679563942 0.1097903257418109 0
352 0.2155584812630369 0.1643550682596854 0
353 0.6107341689826932 0.4086958696491126 0
354 0.2429572188386635 0.00985293593408848 0
355 0.1870205384046923 0.1296601102646363 0
356 0.4442044840276793 0.4219704698115854 0
357 0.7208803093714067 0.3598832177681018 0
358 0.6675989138718339 0.009935844289705675 0
359 0.2095033867596566 0.008697908828371681 0
360 0.4846346584924482 0.00918083166765693 0
361 0.3419245644484994 0.3136443713852475 0
362 0.7200677333569661 0.07573910336679918 0
363 0.1651181423632841 0.1040047197878124 0
364 0.6437998219708142 0.4208648099080678 0
365 0.175196971234768 0.01076580069248889 0
366 0.5504865110693337 0.4176850177296064 0
367 0.7209516788667709 0.3949985447568402 0
368 0.1424431433452301 0.07661860060156289 0
369 0.6838681442533374 0.4404073149426148 0
370 0.7198602476624542 0.03944725936268562 0
371 0.4215643805602332 0.4082816497326663 0
372 0.1405618350137404 0.009127018897653549 0
373 0.5204124550626634 0.4333832518312638 0
374 0.7217540728146102 0.2914571451152381 0
375 0.7208663836449892 0.3371428129572696 0
376 0.385982153680332 0.3666424958563645 0
377 0.7208239389458568 0.2457579059179262 0
378 0.6905482499201324 0.009757495604156174 0
379 0.6445980621556885 0.009702541723107416 0
380 0.5987613653683803 0.009935844289705731 0
381 0.5528706120663034 0.009935506478164158 0
382 0.2664722763759064 0.009650670794763228 0
383 0.3582393811192059 0.009699287033976156 0
384 0.3127731910746894 0.009422282971538798 0
385 0.4151946103953904 0.009509601230385023 0
386 0.3057137796392729 0.2714630972072823 0
387 0.2680298550272758 0.2262031334753701 0
388 0.2014317728281604 0.1466232875275598 0
389 0.2320109261335424 0.1833071422787996 0
390 0.720036671481545 0.1895580799754161 0
391 0.1281047293858198 0.05944698320580133 0
392 0.7205184985639016 0.1316734170607309 0
393 0.7159111235096565 0.4218900502642858 0
394 0.4712102831729703 0.4301226162304095 0
395 0.1131180676375795 0.0421099453820567 0
396 0.1173476235807756 0.01207615528456568 0
397 0.7130441226749682 0.009675191831719165 0
398 0.7005029921107784 0.4348855981642199 0
399 0.0976423846584239 0.02519086002161786 0
400 0.663695153896746 0.4404591035383872 0
401 0.6592300990194674 0.4304029434650722 0
402 0.6695992546493635 0.4309793653086811 0
403 0.6643249925448481 0.4215222039691535 0
404 0.6754921468976107 0.4214125520657695 0
405 0.670014363832608 0.4118355360163342 0
406 0.6812301050415627 0.4119347010022915 0
407 0.6757089119047156 0.4022053134932185 0
408 0.664505237666028 0.4021115785457695 0
409 0.670182466641866 0.3924601359139634 0
410 0.6589843832962671 0.3923702541889845 0
411 0.6646600129934637 0.382822026456134 0
412 0.6534665166846718 0.3826465099182779 0
413 0.6593651287741338 0.3731909293502194 0
414 0.6479829327137495 0.3729302005488492 0
415 0.6538924567785164 0.3633687814690673 0
416 0.6421011905838053 0.3633887291039926 0
417 0.6482458101806315 0.3534474732955179 0
418 0.6364816508069722 0.3536424725286192 0
419 0.6426781250707627 0.3436477423768691 0
420 0.631873438159729 0.3440079437342242 0
421 0.6371355798656867 0.3339783666092013 0
422 0.6245258338929828 0.3352900814600623 0
423 0.6312862733367071 0.3244299723276917 0
424 0.6192835818447486 0.3243393902465956 0
425 0.6259041852715583 0.3143601115699688 0
426 0.6140388040983491 0.3144203305823482 0
427 0.6203899384032099 0.3045517618669925 0
428 0.6081085608499979 0.3047275698018054 0
429 0.6146202240491441 0.2947345615318999 0
430 0.6028536141717751 0.2947697840123218 0
431 0.6091842194381922 0.2847765399094669 0
432 0.5977485598181422 0.2847245717668584 0
433 0.6036846444070125 0.2749300403969104 0
434 0.5922492214179085 0.2748224094061743 0
435 0.5981041153495076 0.264975921673144 0
436 0.5866541121851061 0.2649442713127911 0
437 0.5925040585623197 0.2550780210056246 0
438 0.5810468464769831 0.2550623301610205 0
439 0.5868091068543598 0.2452484675301314 0
440 0.5754225993821303 0.2451765423892518 0
441 0.5811859696987413 0.2353686245004958 0
442 0.569809967023015 0.2352845180413476 0
443 0.5640489637494726 0.2450915387108494 0
444 0.5584319846955329 0.235217484629942 0
445 0.5641968789808197 0.2253896270197407 0
446 0.5528157199642127 0.2253029156038986 0
447 0.5470497363524812 0.2351383072866897 0
448 0.5414305561012493 0.2252170218552897 0
449 0.5585862526792331 0.2154871168772613 0
450 0.5356646713397814 0.2350322493607944 0
451 0.5300422406595114 0.2251267238007321 0
452 0.5242693442283664 0.234949918458292 0
453 0.5186462276856993 0.2250399709488184 0
454 0.512875788102796 0.2348673980306155 0
455 0.5072488223854938 0.2249526879964127 0
456 0.5130223251006962 0.2151233483421591 0
457 0.5016199214273385 0.215036324259457 0
458 0.5073979234616486 0.2052009479896336 0
459 0.4959901607918966 0.2051149061685777 0
460 0.5017704896515938 0.195276779541705 0
461 0.4903590874705971 0.1951909451881228 0
462 0.4845795070888246 0.2050307430792872 0
463 0.4789459805670698 0.1951043847320746 0
464 0.4961396328493453 0.1853514761719908 0
465 0.4731641573301952 0.204948075381303 0
466 0.46752935238141 0.1950179837147467 0
467 0.5913485332014607 0.2945990246194674 0
468 0.4617460523713662 0.2048645166529298 0
469 0.4561093604040461 0.1949316592378711 0
470 0.4503249750735824 0.2047802804208957 0
471 0.4446865325532713 0.194845289962574 0
472 0.4504730806422074 0.1849950973531841 0
473 0.4390479165388559 0.1849081941930281 0
474 0.4448367670415275 0.1750544094230294 0
475 0.4334078567984685 0.1749683303240848 0
476 0.4391983114909841 0.1651123664632607 0
477 0.4277666911523998 0.1650264832663473 0
478 0.4219768650910963 0.1748836729476586 0
479 0.4163338644241203 0.1649401548016924 0
480 0.4335576168676073 0.1551693386197588 0
481 0.410542737071468 0.1748000372568519 0
482 0.4048987084978225 0.1648539416115413 0
483 0.5185026591701504 0.2447805899664267 0
484 0.5925560201412555 0.2354601390432979 0
485 0.3991065537627242 0.1747155576058566 0
486 0.3934612906692094 0.1647678094876418 0
487 0.4559627379314002 0.214712131679286 0
488 0.4445417251412475 0.2146295537519335 0
489 0.4501796647958611 0.2245615975639309 0
490 0.4387577441088915 0.2244789706167801 0
491 0.4443975591144765 0.2344191055807001 0
492 0.3876680526669014 0.1746311765984596 0
493 0.3820218992816293 0.1646817263100957 0
494 0.387816451795745 0.1548172352728467 0
495 0.3763754401070734 0.1547310036091216 0
496 0.3821716257802504 0.1448634235121225 0
497 0.3707267078843826 0.1447780774995711 0
498 0.3765248503768278 0.1349084148702927 0
499 0.3650782400725284 0.1348227624704845 0
500 0.3592808700705357 0.1446933439239665 0
501 0.3536309272928549 0.1347368272190249 0
502 0.4329726985870667 0.2343302229186633 0
503 0.4386122951419846 0.2442731264960452 0
504 0.370877301253198 0.1249530568614614 0
505 0.347832860343623 0.1446091033977631 0
506 0.3421821483398595 0.1346507668666316 0
507 0.6097836656316413 0.2650991388885438 0
508 0.6083218102881457 0.3240916570308817 0
509 0.4271866851863299 0.2441824664041611 0
510 0.4328251066676246 0.2541207508874386 0
511 0.3363836437318353 0.1445239601566161 0
512 0.3307318604943877 0.1345653091963033 0
513 0.3365319298262067 0.124691093600507 0
514 0.3250794559600907 0.1246053014503158 0
515 0.3308811640029361 0.1147293103026702 0
516 0.3194270989491791 0.114643484600526 0
517 0.6264516403662798 0.2948594661450437 0
518 0.3136259080618256 0.1245203376561136 0
519 0.3079725889992911 0.1145579546458709 0
520 0.4213997119295823 0.2540339767265628 0
521 0.4270416606935153 0.2639701179387394 0
522 0.4384585480669604 0.2640557152473118 0
523 0.4326814583863549 0.2738960976600096 0
524 0.4441175516596965 0.27396335759917 0
525 0.4383195121884942 0.2838089302225789 0
526 0.449747587360853 0.283874735190175 0
527 0.4439541774601929 0.2937359553121498 0
528 0.4553744024036275 0.2937852456261218 0
529 0.4495981730761696 0.303646851946618 0
530 0.4609736004419275 0.3036956820982359 0
531 0.4552114534019008 0.3135041976987094 0
532 0.4666056114131281 0.3135227900006293 0
533 0.4608076194477849 0.3233261771445786 0
534 0.4721636421380591 0.3233310459754377 0
535 0.4664077407764705 0.3330827349392029 0
536 0.4776695641282656 0.3331689699808688 0
537 0.4834455557897233 0.3234580299623889 0
538 0.4889149983267523 0.3332843973137313 0
539 0.4945218104972363 0.3236141709531763 0
540 0.5000548756721179 0.3333780284974069 0
541 0.507552947386862 0.1854382455708109 0
542 0.5019216491591886 0.175510239066113 0
543 0.5133369073905316 0.1755975411992821 0
544 0.5077045155903681 0.1656672344374275 0
545 0.5191222403174607 0.1657546220432634 0
546 0.5134982352937821 0.1558275741697392 0
547 0.5249111099565561 0.1559110660055801 0
548 0.519280208993817 0.1459783480437378 0
549 0.5307010092718255 0.1460641508735702 0
550 0.5250744773379443 0.1361315632869895 0
551 0.5364920712059642 0.1362138492999624 0
552 0.5308658859036935 0.1262797669616031 0
553 0.5422795693335039 0.126359866420199 0
554 0.5194916928693426 0.1261828114376779 0
555 0.5479196160214812 0.1363009496898684 0
556 0.5537078424958634 0.1264503425864816 0
557 0.5593463141943648 0.1363888997959034 0
558 0.5651356493466458 0.1265408399790311 0
559 0.5707715504457949 0.1364781202601323 0
560 0.5765623762216774 0.1266279424664812 0
561 0.5821980337417433 0.1365670542475407 0
562 0.5879892913259593 0.1267170341452878 0
563 0.593620575861301 0.1366537454667752 0
564 0.5994158968340639 0.1268046872177411 0
565 0.6050471282002521 0.1367426424295343 0
566 0.61084293938906 0.126893007516685 0
567 0.6164872083115509 0.1368279455055589 0
568 0.5366824009366636 0.1164072286310528 0
569 0.6052062825799539 0.1169513158684006 0
570 0.6166371906964991 0.1170400857540337 0
571 0.5709790593821992 0.1166875997339381 0
572 0.6109978165069304 0.1070953455990865 0
573 0.6224329408717429 0.1071848396551265 0
574 0.3823243381039271 0.1250385673760916 0
575 0.3766759803300797 0.1150816471090575 0
576 0.388125634714741 0.1151683960542086 0
577 0.3824747157991085 0.1052085682136537 0
578 0.3939268779501985 0.1052958070227824 0
579 0.3252284907587367 0.1047663698239629 0
580 0.505702660501761 0.3237130945763358 0
581 0.5112119341281863 0.3334654335579987 0
582 0.5055608373066304 0.3430971129437903 0
583 0.5166803444907532 0.343181804823812 0
584 0.3021712160585036 0.1244356849821212 0
585 0.2965173125748655 0.1144724106387774 0
586 0.4719338296581538 0.3428153841512405 0
587 0.6106547322771949 0.1466867466320976 0
588 0.6221150755777181 0.1467761844785831 0
589 0.4156124573970706 0.2638882934571999 0
590 0.4099700349856403 0.2539458324798408 0
591 0.3420350423003877 0.154482157676343 0
592 0.3305851748851563 0.1543973721727868 0
593 0.3362370795473473 0.1643562312953693 0
594 0.6167926731077169 0.09723700247390232 0
595 0.6282284122603361 0.09732679578497483 0
596 0.6338682549072081 0.1072751867063644 0
597 0.3247868139452945 0.1642710992555146 0
598 0.3304389393391519 0.1742305335727123 0
599 0.51105378874222 0.3527527023794102 0
600 0.6396632582003662 0.09741619499173071 0
601 0.3882749123220396 0.09533417158295132 0
602 0.3997276324233093 0.09542117372023518 0
603 0.6163253175246958 0.1566252609413274 0
604 0.6277475378134102 0.1567136713695992 0
605 0.2907156326701001 0.1243508759765811 0
606 0.2850612825914943 0.1143869103258628 0
607 0.2908637137451965 0.1045079974505477 0
608 0.2794062860363964 0.104422338560222 0
609 0.2852096808761145 0.09454202663577094 0
610 0.2737506997330835 0.09445680217141128 0
611 0.6429068519723182 0.324311313399461 0
612 0.4325461235837754 0.2936420371089583 0
613 0.5169080981247762 0.323818754181453 0
614 0.5221195324155353 0.3528483827101897 0
615 0.4041795828888859 0.2638067738254132 0
616 0.3985364266712276 0.2538590474030162 0
617 0.6453082641292741 0.1073626014633337 0
618 0.6219607620381061 0.1665592019614671 0
619 0.6333795070560193 0.1666486773191871 0
620 0.2679477991855092 0.1043379510019796 0
621 0.2622915758486494 0.09437179805735141 0
622 0.6340239849784109 0.08746677830618765 0
623 0.6454611867487493 0.08755635644286752 0
624 0.4495483624831434 0.3232862232317064 0
625 0.6275438781706928 0.1765196329230319 0
626 0.6390184922278714 0.176588900354976 0
627 0.6448475581865951 0.1667488391787542 0
628 0.6331687429296156 0.1864552992253101 0
629 0.6446470693971157 0.1865274458492169 0
630 0.6387875023806261 0.1963740555874344 0
631 0.4449988368924367 0.1552604985075275 0
632 0.439350396253227 0.1453114583693343 0
633 0.5165194493120787 0.3623825530956177 0
634 0.2795546873604276 0.08457569157712963 0
635 0.3940759182117655 0.08545804524241446 0
636 0.4055312050099062 0.0855451410111111 0
637 0.382624988099512 0.08537407093377747 0
638 0.6502553920811089 0.1964507973834519 0
639 0.6443482829847416 0.2063000577744827 0
640 0.3189877986682204 0.1741455491865763 0
641 0.3246401775739812 0.1841046554548988 0
642 0.5004514791540926 0.3137715945259212 0
643 0.6252763387141969 0.3539385105665233 0
644 0.3927442321682618 0.2637237850258041 0
645 0.3870995654114647 0.2537756014346403 0
646 0.6104162808701854 0.1664924305947353 0
647 0.4507936196854637 0.1454036647186839 0
648 0.4451434379339925 0.1354518081539334 0
649 0.6558666484039176 0.2063684319306104 0
650 0.6501114959043629 0.2161956538794289 0
651 0.2564884712744815 0.1042530131437445 0
652 0.2508321010286089 0.09428677674792851 0
653 0.461204743851741 0.2839113437344594 0
654 0.5649827006078849 0.1463271155132159 0
655 0.3928928610656298 0.243910226163723 0
656 0.3814542396172382 0.243826301771146 0
657 0.5275563555000787 0.3624768154061961 0
658 0.5331941672358178 0.3529597843793556 0
659 0.6398202867719902 0.07760458910403839 0
660 0.6512618832159144 0.07769523402432588 0
661 0.4565822174273177 0.1355400142910612 0
662 0.4509359911358367 0.1255894497678225 0
663 0.3813060870028305 0.2636394392565339 0
664 0.3869539776026589 0.2735879428371527 0
665 0.6615109665313611 0.2162843902541113 0
666 0.6557374739685549 0.2261142002932098 0
667 0.3998782154963694 0.07558021844360863 0
668 0.411334665668067 0.07566718426542474 0
669 0.6601556877394894 0.3536904190798958 0
670 0.5219394127073864 0.3719368600729951 0
671 0.511015976985687 0.3718466411821564 0
672 0.3360910616835134 0.1841895703228056 0
673 0.3302926533070914 0.1940633245905639 0
674 0.3417427481562777 0.1941336919174602 0
675 0.3359452146648506 0.2040054610419562 0
676 0.4558188907426219 0.2344986587099366 0
677 0.5386325478357133 0.362635066059971 0
678 0.5442929899427402 0.3530816000160046 0
679 0.4623765931254192 0.1256775014206815 0
680 0.4567301208215468 0.1157256043594268 0
681 0.4681723294028634 0.1158133737507951 0
682 0.4625254391020721 0.1058599974638907 0
683 0.4739698855569076 0.1059478253338498 0
684 0.4683220283518377 0.09599255465384771 0
685 0.4797665066862689 0.09608001476179262 0
686 0.4741193933284005 0.08612296806936359 0
687 0.4855676378972684 0.08621055178440062 0
688 0.4799184389798243 0.07625134310930509 0
689 0.4913681531372984 0.07633928515935512 0
690 0.4684683349025134 0.07616424391425503 0
691 0.6616934820117759 0.196538259041899 0
692 0.3131883880784559 0.1840204317141638 0
693 0.3075356923697264 0.1740602345703793 0
694 0.2450290322566925 0.1041687025206543 0
695 0.2393720694089617 0.09420225314627767 0
696 0.2451758020419874 0.08431946739194546 0
697 0.2337147315138889 0.08423490150734447 0
698 0.2506854120832407 0.1141346502999558 0
699 0.2395190063764568 0.07435129215896308 0
700 0.2280572861332431 0.07426656783619678 0
701 0.5071127391674517 0.244689811334719 0
702 0.5127223624245987 0.2545945417803072 0
703 0.4047550287081889 0.1846571695460414 0
704 0.2222532870360325 0.08415066543984745 0
705 0.216594802888803 0.0741819659600958 0
706 0.5497399295471422 0.3627950895378258 0
707 0.555412034241217 0.3532120739263828 0
708 0.5608500359290365 0.3629150073895022 0
709 0.5305437492718832 0.1658438829684902 0
710 0.2910141259928608 0.08466106283747449 0
711 0.2853586747382042 0.07469314363803359 0
712 0.2968200497285392 0.07477875181245947 0
713 0.6053554452028587 0.09714819464823088 0
714 0.5499614260988941 0.3434979075557396 0
715 0.6671652711747816 0.2262151550169782 0
716 0.6613698155511128 0.2360310871815273 0
717 0.6456541618196211 0.06776117121204306 0
718 0.6343217857395452 0.06766582879617211 0
719 0.6570679984854365 0.06783498148127087 0
720 0.6627058752660703 0.07778693726546315 0
721 0.6685057873222964 0.06792447519943012 0
722 0.4742687005692297 0.06628938452220995 0
723 0.4628147245062899 0.06620273482155525 0
724 0.2223994670928275 0.06429711979258218 0
725 0.2109358025686184 0.06421253578785258 0
726 0.4056815960933415 0.0657004667542776 0
727 0.3017355124770807 0.1839362891794974 0
728 0.2960822072558597 0.1739746608726415 0
729 0.5163566576213776 0.3813009575051538 0
730 0.5054541013180166 0.3811536960341577 0
731 0.3755128126410573 0.2735050723954934 0
732 0.3811618091171107 0.2834556342997981 0
733 0.2911630389605982 0.06480925897699974 0
734 0.3026262341673192 0.06489513035813604 0
735 0.6443388946294096 0.2260248284529638 0
736 0.6272718044957362 0.196312648226843 0
737 0.3872479742141165 0.2339618350944507 0
738 0.6741457954526561 0.07787809537654516 0
739 0.5611046437750161 0.3436261134368858 0
740 0.555643060904373 0.3338924205991586 0
741 0.6760982034831315 0.383148920944388 0
742 0.6727583137041766 0.2361164467422756 0
743 0.6669834766164098 0.2459378556907565 0
744 0.2392262318095345 0.1140505181117918 0
745 0.2448824384747942 0.1240165408419887 0
746 0.4607914824057585 0.3427360252714552 0
747 0.4662945138491883 0.3523919580543722 0
748 0.4551880414002895 0.3523301977491861 0
749 0.460657986217736 0.3619507159089881 0
750 0.4496000447188721 0.3618930307838423 0
751 0.4550388961940173 0.3714928082478808 0
752 0.4686174180194624 0.05632504031900926 0
753 0.4571595625115925 0.05623771904679975 0
754 0.5013522016366116 0.2545084291127271 0
755 0.5069704867469391 0.2643927776680003 0
756 0.5183188418409276 0.2644810996463428 0
757 0.6555983329505277 0.2458515069990783 0
758 0.6612185244774491 0.2557597781931143 0
759 0.6725956697620058 0.2558432196825219 0
760 0.6668367813884148 0.2656617625575892 0
761 0.580899922129426 0.2747567994198379 0
762 0.307389236357311 0.1938963670473687 0
763 0.6335684515731324 0.1468623356475046 0
764 0.3698642212016818 0.2635540962517273 0
765 0.3942229902498217 0.06561406253922719 0
766 0.279704452686899 0.06472604704939044 0
767 0.4800715673328896 0.05641431992877982 0
768 0.4106913646148483 0.1549959690770551 0
769 0.4733131343903937 0.1851773496502816 0
770 0.535811990042851 0.2153039623923113 0
771 0.6729494759605223 0.2163947757230578 0
772 0.3710286914786374 0.1051235579096211 0
773 0.4337080308408731 0.1353658488491356 0
774 0.5699674339679008 0.2155725738470085 0
775 0.5643553861812125 0.2056677239966188 0
776 0.5757409255425709 0.2057530029626017 0
777 0.5701288988826935 0.1958459378247258 0
778 0.4273346069760533 0.2243868985959287 0
779 0.5021100582448268 0.1557367795433769 0
780 0.4452926808446492 0.1156410300534008 0
781 0.4568814386612763 0.09590871573832094 0
782 0.3758080559017298 0.2338767126082429 0
783 0.4970168869303354 0.08629857695416471 0
784 0.5028177428096352 0.07642737191464077 0
785 0.3816023483548253 0.2240124450021018 0
786 0.2107912239179613 0.08406666844728206 0
787 0.4440229214225326 0.3523633070974811 0
788 0.6514393630008383 0.05788726744697309 0
789 0.5273923499392545 0.3815373290394669 0
790 0.5108605398964788 0.39060943772165 0
791 0.5000381703674913 0.3904151274317574 0
792 0.6799456209116039 0.06801615906450165 0
793 0.6743056957698472 0.05806190255407406 0
794 0.2902816016193307 0.1838518315059628 0
795 0.2846279325585919 0.1738894113913673 0
796 0.3640695134009506 0.273421915070671 0
797 0.3584191116177544 0.263468068462286 0
798 0.6351082658692269 0.3732790987211546 0
799 0.4440376602272078 0.3714205481347064 0
800 0.4000271423164816 0.05573256260846043 0
801 0.3885661494947986 0.0556462717370293 0
802 0.4114877238209252 0.0558192385665362 0
803 0.2969684381316489 0.05492433985199635 0
804 0.3084322470905308 0.05501035531846599 0
805 0.3140898907316523 0.06498141051102674 0
806 0.3198963367157722 0.05509669927019656 0
807 0.3255520269234958 0.06506702079145044 0
808 0.3313598152136183 0.05518311436589685 0
809 0.3370152839755019 0.0651530949268132 0
810 0.3428231053323392 0.05526959975500684 0
811 0.6782060766919724 0.2657430419137234 0
812 0.672445469011328 0.2755503468333825 0
813 0.5551784904045793 0.3724909772133402 0
814 0.5660420653551839 0.3724688403217205 0
815 0.571928799725958 0.3630289157842587 0
816 0.5776526452503592 0.3743945389487893 0
817 0.5831301600060624 0.3634786783236149 0
818 0.588531891525008 0.3729144096237088 0
819 0.2167410225681483 0.05432666501239536 0
820 0.2052765295922131 0.05424239483698912 0
821 0.1994724193068263 0.06412909976233516 0
822 0.1938120890796348 0.05415848009009389 0
823 0.228205376882911 0.05441131692707257 0
824 0.18800696000916 0.06404513040581633 0
825 0.1823469396860972 0.05407464137440077 0
826 0.566819912605584 0.3340149564394743 0
827 0.5613441847849976 0.3242547434237629 0
828 0.4494708585358613 0.3810009335664915 0
829 0.4603831147086623 0.3810276412934328 0
830 0.5125768332300629 0.2742578379955464 0
831 0.523907402290261 0.2743419129572415 0
832 0.6498479266625561 0.2556781815406064 0
833 0.5012404644437642 0.2741835971937655 0
834 0.5815182882521206 0.1959315620287194 0
835 0.4957247221110513 0.24460665651245 0
836 0.4899682664193661 0.2544316726082949 0
837 0.39264125072218 0.2835188459495301 0
838 0.386845614693782 0.29338968713501 0
839 0.5587581848104801 0.1957543610720666 0
840 0.5759151202161726 0.1860291656672866 0
841 0.4738283065454705 0.1257643983897584 0
842 0.5084656632588722 0.08638700625743734 0
843 0.5142678721034757 0.07651647181244231 0
844 0.5086189688179462 0.0665548121597983 0
845 0.5200702629919125 0.06664406675193946 0
846 0.5257184159748578 0.07660589733690593 0
847 0.5315213849621727 0.06673384481264344 0
848 0.53716905284589 0.07669527914673591 0
849 0.5429735346364265 0.06682402864248804 0
850 0.5373247764402675 0.05686043077586272 0
851 0.5487778727058095 0.05695118185659287 0
852 0.5544260287007724 0.06691503164698598 0
853 0.5602310638655894 0.0570424979891474 0
854 0.5658777595310864 0.06700632178957378 0
855 0.5716837395745061 0.05713442868822838 0
856 0.5144204276518641 0.05668092175087236 0
857 0.5600716642328721 0.07687742984067558 0
858 0.4622396608189782 0.1454886957688443 0
859 0.4053839117400387 0.1053829133178216 0
860 0.4169872379772034 0.08563240904764091 0
861 0.5773300647059982 0.06709764577233263 0
862 0.5831358467148875 0.05722583102973489 0
863 0.4997994514623663 0.3716243362252544 0
864 0.6836386724282633 0.2757385453603067 0
865 0.6780165840132542 0.2854549624219619 0
866 0.6666838682360405 0.2853491996598065 0
867 0.6722882172850012 0.2952319889583377 0
868 0.6836389312354844 0.2953237668797411 0
869 0.6778871294823882 0.3051046862213802 0
870 0.5051074693069445 0.3999953068808333 0
871 0.4948049030150377 0.3996877595281316 0
872 0.5159869878439817 0.3999053533147073 0
873 0.4629643052425758 0.04635725055400586 0
874 0.4515037154944219 0.04627030025361611 0
875 0.6477971477801056 0.3922737841016551 0
876 0.6855849954263171 0.07796943628748459 0
877 0.679787108362242 0.08782962301767244 0
878 0.3762277869570569 0.1745466406864274 0
879 0.3018834836284662 0.1641017313184641 0
880 0.3701610127049199 0.2239258032201717 0
881 0.3484798559290296 0.06523988350246684 0
882 0.4854197017043859 0.1060356983318459 0
883 0.3818751364819142 0.1844882296380211 0
884 0.3753760458303351 0.2933210737024164 0
885 0.3810282996784566 0.303268695584606 0
886 0.3924918338579673 0.3033382777823724 0
887 0.3866816870884365 0.31259020755659 0
888 0.3981042151984489 0.313197918941965 0
889 0.3905501820551446 0.3232131303500992 0
890 0.4037357231894607 0.3232273842681279 0
891 0.6857470070509365 0.05815353067851126 0
892 0.6801057887053498 0.04819737707081273 0
893 0.4513638617506027 0.06611577676275049 0
894 0.2334236133126855 0.1239320838440497 0
895 0.2390798973774397 0.1338978275262933 0
896 0.2505393118451276 0.1339812509656818 0
897 0.2447357502821526 0.1438633857511415 0
898 0.2561974845752486 0.1439415969464268 0
899 0.5660353919969857 0.04717011369249469 0
900 0.6835599194304407 0.2557068118524913 0
901 0.5431295121887196 0.04698500243258158 0
902 0.5725508408368906 0.3244178949524938 0
903 0.5673574728693149 0.3145670405917529 0
904 0.5558788977561752 0.3144711139033981 0
905 0.561811653276846 0.3047455249158156 0
906 0.5503472690239792 0.3046663662482373 0
907 0.5560913697312145 0.2949782640842347 0
908 0.2225465163787461 0.0444395340340738 0
909 0.2340121982451486 0.0445239801708493 0
910 0.188152327477545 0.04418741742377419 0
911 0.1766870754491815 0.04410406284313007 0
912 0.5179805107188025 0.2843035014112544 0
913 0.2503914365513988 0.1538283166515129 0
914 0.4058325171193972 0.04584932948682019 0
915 0.4549104077986609 0.390420562751309 0
916 0.5412733666698206 0.2449578562403159 0
917 0.4499001433160429 0.2641281564702913 0
918 0.6609336525235617 0.2951369027605972 0
919 0.6553357318582165 0.2852659081356815 0
920 0.3426740715212196 0.07512386539341875 0
921 0.58782660478898 0.1465071073916437 0
922 0.4787999750965621 0.2148749185719107 0
923 0.5189667218874315 0.1855268665034719 0
924 0.5887826515542904 0.06717944001279769 0
925 0.5945897796409026 0.05731594612334379 0
926 0.5889413916733921 0.04735182368571067 0
927 0.6003979024316083 0.04744385957771269 0
928 0.216449281909542 0.09403441143228625 0
929 0.2049884098527802 0.09395068437961651 0
930 0.21064692455541 0.1039175048224964 0
931 0.3937831527464237 0.1251250049466788 0
932 0.3930419498085651 0.2240981688514779 0
933 0.43326397567089 0.1947590108502498 0
934 0.5871352547338651 0.205843249185264 0
935 0.592913470841672 0.1960216668418597 0
936 0.5985338573130802 0.2059359696036813 0
937 0.3643659321628434 0.2337905680781604 0
938 0.3366839085202923 0.1048526044901192 0
939 0.3257034663756498 0.04521179440661094 0
940 0.3979222298943338 0.333083551047031 0
941 0.4094407243167327 0.3331384926706228 0
942 0.4153450740488606 0.323323172178681 0
943 0.3542776321119883 0.05536106286067455 0
944 0.3486282878773672 0.04538552806423241 0
945 0.3600738238209948 0.0454879504379867 0
946 0.5780323620926121 0.3341639854577724 0
947 0.4172802731246162 0.04594475804133358 0
948 0.4723962014370759 0.3037230657151443 0
949 0.3027746003709866 0.04503827609816624 0
950 0.2913107558192255 0.04495384967348531 0
951 0.2788269943706985 0.1837671600359303 0
952 0.2844810811117573 0.1937298535686835 0
953 0.5829461202107192 0.07707979464728876 0
954 0.6002272309965865 0.06726566759066882 0
955 0.1708821192043964 0.05399104782115438 0
956 0.1652221497804808 0.04402091807780334 0
957 0.4384962921275222 0.3809194977237776 0
958 0.4330093045169941 0.3713270838462123 0
959 0.6912243951125873 0.0879211407036169 0
960 0.6854262506805191 0.09777972400122864 0
961 0.3526232485504777 0.2733398119551762 0
962 0.3469717961699124 0.2633828669259669 0
963 0.6869438065381229 0.4022982880485291 0
964 0.5941008845799957 0.3627237691735706 0
965 0.5997220754833772 0.3723757069366954 0
966 0.5943921625563305 0.3822794734560028 0
967 0.6892395113646975 0.3051966427264549 0
968 0.6834836021793721 0.3149757668696118 0
969 0.4658544254492408 0.3904674114083865 0
970 0.4602947504663488 0.3997200763514803 0
971 0.4038188914123708 0.3428164027930032 0
972 0.3752563752507623 0.3121176235958266 0
973 0.5603156859290606 0.3819763114222554 0
974 0.471474325537805 0.3811644853266101 0
975 0.6721453465175989 0.3148823758976181 0
976 0.6776993217680092 0.3247421101647131 0
977 0.6890615070342704 0.3248360465271388 0
978 0.6832375630573038 0.3345752431438873 0
979 0.4773860112279994 0.3524692783463317 0
980 0.4149444228695035 0.3430277711897542 0
981 0.4102839777022532 0.3525736404061516 0
982 0.1991859289044227 0.1038336238744633 0
983 0.1935281719219258 0.09386723238776723 0
984 0.6051781528565502 0.3826090573985825 0
985 0.69154988989104 0.0482889845483348 0
986 0.227880487806547 0.03481922525422221 0
987 0.4039446636193595 0.303448904269464 0
988 0.4843371746587448 0.2445288892521027 0
989 0.478575815536189 0.2543577380997227 0
990 0.6739914413991936 0.09768870420910869 0
991 0.6796305731859598 0.1076375388104669 0
992 0.6910647197521017 0.1077285337870325 0
993 0.6852685586221209 0.1175846739867391 0
994 0.6738361888957596 0.1174947803983898 0
995 0.6794735170883964 0.1274403368045144 0
996 0.6680426574151069 0.1273504299005802 0
997 0.6736795782948449 0.1372948264274829 0
998 0.6851092890976482 0.1373846054262546 0
999 0.6793171152179369 0.1472375165362916 0
1000 0.6907443201932191 0.1473277221920514 0
1001 0.6849514260726746 0.1571784865005386 0
1002 0.6735265892040631 0.1570883734733587 0
1003 0.6791599971392391 0.167027934236405 0
1004 0.6905842877536521 0.1671184387090975 0
1005 0.684793288762358 0.1769658352603313 0
1006 0.6622519953550878 0.1372052213143057 0
1007 0.5313663859680309 0.08656509613284674 0
1008 0.3704350610972105 0.1844120984831043 0
1009 0.279259653971614 0.1242657176318343 0
1010 0.2849140452351209 0.1342296943789504 0
1011 0.6395072865320597 0.1172234584224482 0
1012 0.3647868461798148 0.1744673009836924 0
1013 0.3197419918593516 0.07495170770106302 0
1014 0.2509807289318829 0.07443620845310972 0
1015 0.2731728561816897 0.1738043019342789 0
1016 0.3078249504071378 0.1343976950619237 0
1017 0.2789743415375133 0.1639262312092547 0
1018 0.3599379493665337 0.06532940687841038 0
1019 0.387400608789598 0.214155179560244 0
1020 0.3988360221813532 0.2142365610680501 0
1021 0.3587296458714995 0.223846179162004 0
1022 0.3529459551903155 0.2337503020379469 0
1023 0.3645155118966614 0.2139787495899586 0
1024 0.4229415734418392 0.05591236249723841 0
1025 0.2392650173571845 0.03547716071623097 0
1026 0.2453852405405508 0.04474923211606108 0
1027 0.2511751539562417 0.03541304863023775 0
1028 0.256911252671058 0.04483331791839906 0
1029 0.2622746048253595 0.03520335387438439 0
1030 0.5444669150242711 0.3337728254016483 0
1031 0.4495954431876678 0.3997385340846869 0
1032 0.1594183153344896 0.05390792850828913 0
1033 0.1537576833375749 0.04393803301186133 0
1034 0.165077662230694 0.06387697370772255 0
1035 0.159561937008673 0.03405013512221244 0
1036 0.5103075212590324 0.4093566832712601 0
1037 0.5211548155876107 0.4091839642905528 0
1038 0.5449068385176823 0.2949252796953801 0
1039 0.5508938134260457 0.2850652752377151 0
1040 0.5390587307639578 0.3045685466069236 0
1041 0.2276212790268458 0.1338133133347182 0
1042 0.2168088671924676 0.03451269612830427 0
1043 0.6858600773802688 0.038465851799449 0
1044 0.6744510486241555 0.03826058992310366 0
1045 0.6967720676219868 0.05823204130787429 0
1046 0.4279418951098213 0.3805842230014643 0
1047 0.1480965411964619 0.03396761963418032 0
1048 0.3934180507896757 0.3440831549808763 0
1049 0.2730258414461783 0.1936453185679507 0
1050 0.4573070311726475 0.03675550362493568 0
1051 0.4455166415124464 0.03693028188824915 0
1052 0.4687679196756076 0.03653872116551349 0
1053 0.594748156718635 0.03747584408194965 0
1054 0.6062059299722378 0.03756830699637947 0
1055 0.611855093436787 0.04753710493212343 0
1056 0.6176619008995451 0.03790770886511879 0
1057 0.6967008085945382 0.1176755043795998 0
1058 0.2048453250400322 0.1137994205406082 0
1059 0.6942093447189417 0.3349294385223417 0
1060 0.6887786566505457 0.3444680788857097 0
1061 0.4715778496043078 0.3997378307548647 0
1062 0.6962170458362316 0.1770571090979045 0
1063 0.6904258005154444 0.1869037985806347 0
1064 0.6950025158269555 0.2954091753349031 0
1065 0.2971193118577876 0.03506709401788166 0
1066 0.5837706174717545 0.3245581720624237 0
1067 0.5892608062317094 0.3343180550428358 0
1068 0.6108988289465999 0.3724901193916006 0
1069 0.6162586506957001 0.3827939927756106 0
1070 0.4116235389269559 0.03637656883855922 0
1071 0.4001726309022201 0.03594609753556943 0
1072 0.1824926321508405 0.03421604179933896 0
1073 0.341506671634879 0.2730672662543944 0
1074 0.3359103329236584 0.2630779386027769 0
1075 0.3468823661185302 0.2831826758049505 0
1076 0.2785252355332808 0.203933358836567 0
1077 0.5683756856489119 0.2947501615379318 0
1078 0.3544297988405382 0.03596585846351774 0
1079 0.36589528971003 0.03585238938544782 0
1080 0.7008277337141946 0.3461793710032137 0
1081 0.6940447761785512 0.3548731783966779 0
1082 0.683119412554242 0.3542413957056276 0
1083 0.6663791598402853 0.3245932681725752 0
1084 0.697163053690785 0.03856590922139924 0
1085 0.6495747635323573 0.2950462217348864 0
1086 0.2389337988232371 0.1537437641130489 0
1087 0.6439379885150363 0.2851631408465802 0
1088 0.6886595657768545 0.3641540386330402 0
1089 0.2445932500308955 0.1637038622632404 0
1090 0.499978342885374 0.352672047820335 0
1091 0.5494935276282141 0.3820036201843789 0
1092 0.5548879781388698 0.3915921520041269 0
1093 0.5437592437432828 0.3914108679324683 0
1094 0.6043115639118525 0.1961202618769261 0
1095 0.6099298860022355 0.2060384035986207 0
1096 0.4655504716553845 0.4089788285863361 0
1097 0.4765618431809318 0.4092029280336273 0
1098 0.5986901147788051 0.1861940157036314 0
1099 0.5296599353842332 0.2645751152835637 0
1100 0.6677362243070416 0.1669364756902953 0
1101 0.6551919619288205 0.304917282600529 0
1102 0.4842212483819026 0.2642508294686244 0
1103 0.4728230101899144 0.264181580852671 0
1104 0.4784611560696 0.2740694953083694 0
1105 0.6442191120584023 0.245769767950648 0
1106 0.6384669616641925 0.2555865847330213 0
1107 0.6328401885634248 0.2457050817601531 0
1108 0.6041533004222001 0.2158516154281116 0
1109 0.6155479342513851 0.2159424333086448 0
1110 0.6097740660918038 0.2257618882191853 0
1111 0.6212363299453192 0.2258753566011819 0
1112 0.6153886222051396 0.2356695531461906 0
1113 0.5026652896087025 0.09625584349781874 0
1114 0.5141137056156443 0.09634412447709195 0
1115 0.5428137535779791 0.08665479089665357 0
1116 0.4331468402969418 0.3903181204908411 0
1117 0.6621029205833349 0.1569990478846955 0
1118 0.3024733950624623 0.08474796737822765 0
1119 0.6968227233217624 0.07817516095943666 0
1120 0.7026272265819955 0.08803154301767696 0
1121 0.6965387593452165 0.1374753594687145 0
1122 0.2901098580477692 0.2037449748634837 0
1123 0.4098399570604452 0.2737411929926872 0
1124 0.4227910898470559 0.07575522044332217 0
1125 0.4284419989461646 0.08571995356405709 0
1126 0.4226395244985569 0.09559534634974998 0
1127 0.4671661904911027 0.2542971231791249 0
1128 0.3244947103186671 0.2039350021136293 0
1129 0.3301474617619099 0.2138930105891891 0
1130 0.3186967622415312 0.2138121984296141 0
1131 0.3243496560201865 0.2237708630059383 0
1132 0.3128981735840078 0.2236876278429775 0
1133 0.3185515114991462 0.2336288021502831 0
1134 0.3073014454644517 0.2336796269441302 0
1135 0.3127527680365498 0.2435240874756768 0
1136 0.3300034383469619 0.2337304444474034 0
1137 0.3085829327981691 0.03515106082172498 0
1138 0.3191348747279149 0.1543131720809051 0
1139 0.3936188391236183 0.1449515932053047 0
1140 0.4562763661686842 0.1751415450899148 0
1141 0.1939580946207733 0.03429989053354054 0
1142 0.3429707498099118 0.03549058441051073 0
1143 0.5188068625121575 0.2052874557839892 0
1144 0.3016841886228701 0.2236126265980344 0
1145 0.3310314992376778 0.09488891688600259 0
1146 0.3424869563136456 0.09497614249497643 0
1147 0.5316746743927012 0.0468948391815257 0
1148 0.5374769492018732 0.03732441988665125 0
1149 0.526024559828376 0.03697941145201933 0
1150 0.5489369158174473 0.03727961000670754 0
1151 0.5832902252712135 0.03738486122523071 0
1152 0.495844159908498 0.2248696758804423 0
1153 0.4044779760617204 0.2241848673409339 0
1154 0.4102700829059943 0.214323626392129 0
1155 0.4905165823540085 0.1754289712078411 0
1156 0.5029689359820647 0.05659285726376106 0
1157 0.5087708128965941 0.04671482189897869 0
1158 0.3481370429367463 0.1049409272836465 0
1159 0.3539453424736646 0.09506673396231491 0
1160 0.4973172924467623 0.04662736517614297 0
1161 0.5031180362639682 0.03674611573702857 0
1162 0.2683221451819393 0.04487319733374223 0
1163 0.2736604158438833 0.03574185826010262 0
1164 0.4916574442805802 0.03665719847093196 0
1165 0.262574848717325 0.0547075292519934 0
1166 0.6233117744837531 0.04765883474182675 0
1167 0.6291039813243644 0.03795439610636619 0
1168 0.5083098680913376 0.1062087994941353 0
1169 0.1877356035306846 0.1037556371994265 0
1170 0.3931918424444085 0.2043059238647995 0
1171 0.3827799740346241 0.06553207991400589 0
1172 0.3760935795223017 0.1943315681950383 0
1173 0.4340731005640346 0.09570791489374908 0
1174 0.4398699761213956 0.08583634653231142 0
1175 0.4282700563381644 0.1055822364835041 0
1176 0.3414005894098984 0.2534160408133085 0
1177 0.6111519071191411 0.08728782666231921 0
1178 0.4226802348161884 0.03675760323712352 0
1179 0.3646419673359791 0.1942749850462529 0
1180 0.2842821029364531 0.2139523722471954 0
1181 0.6924924132380126 0.4121029669582444 0
1182 0.6982308680828277 0.4023923302302855 0
1183 0.6926556302623557 0.3925714542650269 0
1184 0.1821027301919764 0.09377709981248955 0
1185 0.4225982079614301 0.3709530414788884 0
1186 0.531167230828113 0.02768734974821485 0
1187 0.6994454836630557 0.3646780599892278 0
1188 0.2670015567223417 0.2046503995845472 0
1189 0.6174650882246961 0.05753189336690762 0
1190 0.4273622068454325 0.361729360944376 0
1191 0.4974662873812512 0.02711704066138748 0
1192 0.4626623902417184 0.0274432779283339 0
1193 0.7010552896077077 0.3251999870813686 0
1194 0.7020094872532558 0.1672093385691394 0
1195 0.2221180174517113 0.02602814444528107 0
1196 0.7002351500068418 0.3050778331437113 0
1197 0.1882944241100523 0.02489877759900472 0
1198 0.1538967850909193 0.02467318822653009 0
1199 0.4890074461790683 0.3903964450131926 0
1200 0.6797824780073476 0.02864429202532259 0
1201 0.5993992442828688 0.3921656373963895 0
1202 0.5874950887940733 0.3923489851819638 0
1203 0.4205251233773811 0.3891121526840668 0
1204 0.1423966522396388 0.04379685033558534 0
1205 0.1366490449624521 0.03387575699280454 0
1206 0.6682978222112631 0.02845340920431727 0
1207 0.6629222240666215 0.03818117567425433 0
1208 0.6568180985972699 0.02836163815869741 0
1209 0.6515302139068465 0.03811457508022259 0
1210 0.611392171111903 0.02815708157570074 0
1211 0.6454269920457225 0.02867959283925964 0
1212 0.6771940599235772 0.3639770266840194 0
1213 0.5884680768540521 0.02771172715579906 0
1214 0.6436757547045022 0.304851328227512 0
1215 0.5268011939869215 0.4001683838116586 0
1216 0.5318109444657005 0.4093208912084911 0
1217 0.6270833000382954 0.2555004699673571 0
1218 0.6327047666833705 0.2653900167811062 0
1219 0.5673055488696246 0.391704246193573 0
1220 0.5088807973534686 0.02723325046925051 0
1221 0.6269414773152945 0.2160396464823225 0
1222 0.6101445886605319 0.1863067205626378 0
1223 0.7019473493492038 0.147546251907938 0
1224 0.6790046977764927 0.1868121077428553 0
1225 0.6846092212426796 0.1967496502250362 0
1226 0.6960551992918804 0.1968407374460611 0
1227 0.6902112172732673 0.2066712936599678 0
1228 0.7014844640545133 0.2066607754744647 0
1229 0.6958306198970352 0.2165833373497729 0
1230 0.4744951837420145 0.02712432643996726 0
1231 0.5370064045208958 0.09652060138802798 0
1232 0.5484541645416569 0.09661107379112571 0
1233 0.6497159582259339 0.2753852670503719 0
1234 0.6566134113800818 0.1272612876809145 0
1235 0.6508231649729436 0.1371155380209579 0
1236 0.3475423887254266 0.184267771055215 0
1237 0.2734580247410241 0.1341447722713123 0
1238 0.2219649729539078 0.1238479924401759 0
1239 0.2163293810628507 0.1336342096612138 0
1240 0.2221934506673654 0.1434819553485572 0
1241 0.1878759703313607 0.08389969496452754 0
1242 0.1764346828962942 0.08380108543708525 0
1243 0.2221087765055199 0.1040009404885247 0
1244 0.2678019908997945 0.124181908371669 0
1245 0.2453246393519614 0.06446671976943669 0
1246 0.2675189234687921 0.1638456867290163 0
1247 0.261718057406218 0.1737291169370911 0
1248 0.5869456280838676 0.2255630931932342 0
1249 0.3476868276974817 0.1644396542383571 0
1250 0.3195780559330683 0.09480289691569443 0
1251 0.3642165168573717 0.2536018250657198 0
1252 0.2791154779466178 0.1441052361968195 0
1253 0.2905716250179631 0.1441896075568375 0
1254 0.5776552093959096 0.3534798077902693 0
1255 0.353075981072054 0.2139520484156061 0
1256 0.3771197136966276 0.05556323349782011 0
1257 0.3829096381789375 0.04567653486426759 0
1258 0.3299602874456706 0.2533500582406034 0
1259 0.324194901953777 0.2646589545972617 0
1260 0.5768365195014171 0.02820706374732274 0
1261 0.5197333411968352 0.1063168558886821 0
1262 0.4400310036886847 0.04629125919827448 0
1263 0.5998533974151005 0.0871691044487734 0
1264 0.5939962887238796 0.09708884896833292 0
1265 0.6346480471572679 0.04784639474990043 0
1266 0.301895607244191 0.243388490947539 0
1267 0.4051871760829362 0.02689221573928469 0
1268 0.7021293791677259 0.107601987978096 0
1269 0.5596124403615391 0.4009966106272465 0
1270 0.6941424968221733 0.373923013217177 0
1271 0.7042657529195646 0.3746215825004618 0
1272 0.5339991264534124 0.2947617054651088 0
1273 0.5281165715036038 0.3046358569069972 0
1274 0.5334173894241614 0.3143222036145671 0
1275 0.5350937918807676 0.274625825481621 0
1276 0.5409940552071063 0.2646706891837356 0
1277 0.261846398705909 0.1940977046506901 0
1278 0.3487681832931901 0.02659891124503766 0
1279 0.3029236080695967 0.0251767847650704 0
1280 0.3143920329388045 0.0252624611780477 0
1281 0.7094720875057127 0.1165794687256662 0
1282 0.5263648482332419 0.4179334600128112 0
1283 0.2557570747086556 0.02463947947699785 0
1284 0.7032983575847563 0.3926821338636445 0
1285 0.3934880422285696 0.0272931618575103 0
1286 0.7073417006864388 0.1769724856633022 0
1287 0.1992730972931017 0.02478484953692428 0
1288 0.1540507298614028 0.06354649320198758 0
1289 0.1597825009954975 0.07347316690914829 0
1290 0.1305734914145049 0.04454508032441629 0
1291 0.1648598242472324 0.02454800467174845 0
1292 0.233131869888223 0.1636240728017433 0
1293 0.5024354389153228 0.01826168282658053 0
1294 0.337309397748612 0.02573991183012209 0
1295 0.3065917649233857 0.2532411897849043 0
1296 0.4679528277640594 0.01787864849984871 0
1297 0.336322424521879 0.2831202166828751 0
1298 0.3412047610441056 0.2930878221189642 0
1299 0.3525189570564238 0.2931653474882888 0
1300 0.2908991580489189 0.02682372007263756 0
1301 0.5375137273253645 0.4179500762772447 0
1302 0.7090927307835608 0.196039362169908 0
1303 0.1253587357342417 0.03371415816714923 0
1304 0.1309704375544628 0.02391622940057331 0
1305 0.7105867220102896 0.4014262043886353 0
1306 0.6225213161510452 0.373274551773635 0
1307 0.6301112039086029 0.3839332422696253 0
1308 0.6224124208800117 0.392609018682708 0
1309 0.6315921141270497 0.394320060925016 0
1310 0.6270692341536188 0.4023731088691404 0
1311 0.6367431331428521 0.401335663148205 0
1312 0.7065526374176614 0.2167635771194113 0
1313 0.7008888206613008 0.2262611487474767 0
1314 0.6899713829362518 0.2263911440946253 0
1315 0.6950783725115887 0.2359957639812909 0
1316 0.7116224810283737 0.2275821100247532 0
1317 0.7132397456276421 0.166874589590038 0
1318 0.09397878274501681 0.009578798619199358 0
1319 0.7057095783163617 0.2957537999567669 0
1320 0.6997722092023099 0.2859855376352621 0
1321 0.5314095857498864 0.4271511292661729 0
1322 0.5851484847042345 0.4060244568030611 0
1323 0.119505938634744 0.02383417357094836 0
1324 0.1927087706325306 0.01444328411156748 0
1325 0.5984219718176005 0.4078692852334435 0
1326 0.617949285096151 0.3627286771610691 0
1327 0.1582808853719894 0.0143139814228912 0
1328 0.5953523180102174 0.3245459787766395 0
1329 0.589726277206859 0.3146908988231736 0
1330 0.6006858632611926 0.3341926194235673 0
1331 0.594485128302621 0.343939646570184 0
1332 0.6058899629187424 0.343154826785113 0
1333 0.6331764443500493 0.416596962707323 0
1334 0.7095051654781664 0.1374584468239853 0
1335 0.2954983365361359 0.2533188937490006 0
1336 0.4834538760166039 0.3998154782124891 0
1337 0.4877146969873566 0.4095050890800869 0
1338 0.4816640071855754 0.4176202400922035 0
1339 0.498812452945908 0.4098733594660857 0
1340 0.5049296112980191 0.4186436748783812 0
1341 0.4928580818499762 0.4196345800687216 0
1342 0.5776518811478832 0.3979229009685693 0
1343 0.5778418448172176 0.3865204451750978 0
1344 0.5434424018073939 0.4091881379013128 0
1345 0.707817508596352 0.07761750414902918 0
1346 0.7138118375045118 0.08704796360856187 0
1347 0.7121370729020823 0.06672468885038085 0
1348 0.6017993307513558 0.314617245530093 0
1349 0.6716689422505303 0.3540179295492018 0
1350 0.4774631548992732 0.3904770195893322 0
1351 0.483178775348888 0.3811536470308434 0
1352 0.4772485503641248 0.3715681964128877 0
1353 0.4884970693801586 0.3715413138266984 0
1354 0.7112551969130156 0.3069579656531033 0
1355 0.4079426373219446 0.3929549017930798 0
1356 0.4113143654278006 0.3820029917352326 0
1357 0.4037640648522227 0.373580263007479 0
1358 0.6296470011701414 0.3636462834177367 0
1359 0.6134496872023744 0.3514356187811533 0
1360 0.6057950930013087 0.3624918833821532 0
1361 0.6212991785999648 0.2652805006733792 0
1362 0.6268194601568977 0.275195587704283 0
1363 0.3469102608272164 0.3030675938652392 0
1364 0.3581996522545243 0.3027426853914482 0
1365 0.3338544035005432 0.3035646108749173 0
1366 0.6157146099226314 0.2553229794775309 0
1367 0.6041011522019205 0.2552313160514195 0
1368 0.6164267700359245 0.3415791920550668 0
1369 0.5384569905368466 0.3817965247936392 0
1370 0.6327767204184233 0.2259727461332122 0
1371 0.6491362626369307 0.3146944256855706 0
1372 0.6654338212928246 0.363654531770438 0
1373 0.6660775045727447 0.3439539539721906 0
1374 0.654371264185564 0.3438060708949342 0
1375 0.6152125526762097 0.2750610993234958 0
1376 0.46704896736099 0.2740220531289888 0
1377 0.4726688010752866 0.2839169557260817 0
1378 0.4840879183259734 0.2839445028826372 0
1379 0.4782765090769593 0.29379776566862 0
1380 0.4896570960307559 0.2938288612342981 0
1381 0.483849012286601 0.3037324880782915 0
1382 0.4550757095274246 0.4086672431512393 0
1383 0.4594739931263345 0.4177312941477853 0
1384 0.4439183307294733 0.4107710904937644 0
1385 0.4386553599077017 0.4000126521905755 0
1386 0.4327451054496788 0.4089388784134074 0
1387 0.6384788812130496 0.2161345023997379 0
1388 0.6045557579115572 0.1763508671537835 0
1389 0.5930795117524652 0.1762690441426848 0
1390 0.5988434524973989 0.1664363610185474 0
1391 0.5875141034792275 0.1663381351432634 0
1392 0.6047436211252607 0.1565639965650518 0
1393 0.4944678113594884 0.343015050216445 0
1394 0.4887756695198839 0.3525852968923117 0
1395 0.49433726017663 0.3621738593414014 0
1396 0.5426570363463291 0.1064752521806968 0
1397 0.55407540787878 0.1065724262889982 0
1398 0.5598986113492397 0.09670069239798168 0
1399 0.4717261032595526 0.3619937538188794 0
1400 0.6841393859471712 0.2361866740207496 0
1401 0.4951708626241343 0.3037515778286689 0
1402 0.5009509036654715 0.293925753866159 0
1403 0.5062359879747576 0.3040331807234184 0
1404 0.5119963937145462 0.2943547901981615 0
1405 0.4440663410388008 0.390440207461194 0
1406 0.4831913140367573 0.3428897294834881 0
1407 0.5114670833475403 0.3140952486635948 0
1408 0.6731457801815809 0.1966463324589624 0
1409 0.5440732668297996 0.3722968399084723 0
1410 0.5354620419087941 0.2547812430692673 0
1411 0.2387874843902101 0.1735887642824245 0
1412 0.6563068372375181 0.166845113945238 0
1413 0.6619287259797124 0.1767853162688848 0
1414 0.6383074021030516 0.2752824186526929 0
1415 0.6323622594896151 0.2850882943370818 0
1416 0.638152917972876 0.2949443643054996 0
1417 0.6319607267623552 0.3047169279813712 0
1418 0.4668463709614505 0.2937966670751747 0
1419 0.4552002912290988 0.3330313198621459 0
1420 0.4438158316291468 0.3331115062042329 0
1421 0.4382511920081855 0.3233305512744324 0
1422 0.4326637635109174 0.3331325140323718 0
1423 0.4268736178773704 0.3233484336286467 0
1424 0.4325233369238186 0.3135105184755858 0
1425 0.4210571278990288 0.3332324480797744 0
1426 0.4266312496956911 0.3428830572316239 0
1427 0.4210835836441035 0.3135087739204782 0
1428 0.4268332999193634 0.3036583996611479 0
1429 0.4154018037448228 0.3035968324661137 0
1430 0.3931504860504142 0.3754677713159013 0
1431 0.3965267455828912 0.3646323668345731 0
1432 0.389312859348994 0.3553647134352699 0
1433 0.3783784693152606 0.3577849999750176 0
1434 0.6607604740054555 0.3147828207954275 0
1435 0.6547088676674576 0.3244131107830277 0
1436 0.6773471744534927 0.3442213768217748 0
1437 0.5157988814167099 0.417870686966777 0
1438 0.5121823366968129 0.4262662165661603 0
1439 0.5019976913779058 0.4276623159430892 0
1440 0.4660881627136497 0.3715329335014464 0
1441 0.506711420801696 0.2841653083242561 0
1442 0.6041012530304558 0.2355798846814421 0
1443 0.5330084872248466 0.3721132392134568 0
1444 0.4096025105741761 0.3133838310074716 0
1445 0.4097593262156243 0.2935955221277046 0
1446 0.5055239149198311 0.3622836015901614 0
1447 0.6506802024255277 0.1569103364542864 0
1448 0.4954249977416129 0.2840289788748571 0
1449 0.6539462194889959 0.4016620668941354 0
1450 0.6592105601882039 0.4115419376193514 0
1451 0.6422725676109552 0.382534255082214 0
1452 0.6111275022683447 0.3919593889353533 0
1453 0.7208881564987069 0.3256285722985678 0
1454 0.7114025558646329 0.3311822020246377 0
1455 0.7114323615376287 0.3196057995937062 0
1456 0.7208876781932926 0.348553903655363 0
1457 0.7113146441207094 0.3531027370866993 0
1458 0.5445823739372659 0.3143723019611139 0
1459 0.3982994506059164 0.2934780787540701 0
1460 0.5389886776815559 0.3240777233976614 0
1461 0.7191796746848633 0.1771957276590275 0
1462 0.3710479527652562 0.3490762510678259 0
1463 0.3751636599606972 0.3378576130535066 0
1464 0.3673618313440052 0.3297403435657716 0
1465 0.3789472890151766 0.3275352139971763 0
1466 0.7210815988398984 0.2800045465553797 0
1467 0.7113716439163386 0.2738237361623427 0
1468 0.7109957664107929 0.2627974498293242 0
1469 0.7016520271728025 0.2688590783111223 0
1470 0.7011606430248388 0.2582634410439588 0
1471 0.7208230820023478 0.2571413629319863 0
1472 0.710981155691909 0.2516763243608549 0
1473 0.7116141923955667 0.2400550920678755 0
1474 0.4442494226293403 0.2542134366320967 0
1475 0.4556688745612779 0.2543032763108183 0
1476 0.4500399729355151 0.2443686842460119 0
1477 0.6504659925776211 0.1766892919643017 0
1478 0.4829273791883927 0.362048018410738 0
1479 0.5223410931560364 0.3335950628230135 0
1480 0.7197207084338375 0.3834254919620424 0
1481 0.7212057818245432 0.3713292309280176 0
1482 0.4898865174429732 0.2741280051991968 0
1483 0.586370636030721 0.2846383742823355 0
1484 0.5801364891436952 0.2944901935044318 0
1485 0.5745215088520426 0.2847809828986033 0
1486 0.569097216607352 0.2748919753861603 0
1487 0.5737992726068948 0.3045485393730906 0
1488 0.5752108746569402 0.2649228754315034 0
1489 0.5638350697279831 0.2649011725150269 0
1490 0.5576758372828079 0.2748615662931277 0
1491 0.5523704561132149 0.2648207522238183 0
1492 0.5582507645571185 0.2550091276059014 0
1493 0.5696425906828767 0.2550202551427663 0
1494 0.3416182108436214 0.2139205912620913 0
1495 0.5526619545099252 0.2450909768530535 0
1496 0.5468354398276632 0.254888440862682 0
1497 0.6822428667687548 0.3737457460374812 0
1498 0.6451823319088076 0.1271712860828123 0
1499 0.6393909948266264 0.1370144239557557 0
1500 0.3368413264080345 0.08500918402579966 0
1501 0.6785532757579961 0.2262908961057202 0
1502 0.6440980921276103 0.265492666230039 0
1503 0.6509598364760819 0.1173107015271113 0
1504 0.6567503448663323 0.1074502177661422 0
1505 0.4438906621566401 0.3134887938946688 0
1506 0.5983815875522012 0.2256627085926143 0
1507 0.6665344636238043 0.305009342872315 0
1508 0.6843669299603498 0.2164886323874323 0
1509 0.6891622193947557 0.2457625585340939 0
1510 0.2502480454005332 0.1736690992871636 0
1511 0.2444608313538613 0.1830552275532591 0
1512 0.496866846210002 0.1061222967350526 0
1513 0.5024969336583311 0.1160808602958822 0
1514 0.4910675112667106 0.115988385421708 0
1515 0.4966997101238102 0.1259455461606926 0
1516 0.4852766484646245 0.1258504854085725 0
1517 0.4909243529362899 0.1357966228371726 0
1518 0.5023110794618652 0.1359257884583581 0
1519 0.4794899370704925 0.1357089476869251 0
1520 0.4851180046676137 0.1456668455618132 0
1521 0.4736992178481639 0.1455662334274389 0
1522 0.4793162639000732 0.1555369407504791 0
1523 0.4679094909881739 0.1554216394326806 0
1524 0.4735389177987842 0.1653699180308243 0
1525 0.4564525743408443 0.1553405880402577 0
1526 0.7019460252088048 0.009858554055279634 0
1527 0.7076668251701188 0.01964618730822187 0
1528 0.7201228844068066 0.0186331095013757 0
1529 0.7134550875101514 0.02924364279862468 0
1530 0.696403517885262 0.01936749785565561 0
1531 0.4556230025016635 0.2739830723326043 0
1532 0.4168351045114663 0.105473370376693 0
1533 0.4224705716874436 0.1154516408100811 0
1534 0.4110405525649811 0.1153424937064708 0
1535 0.4166739789426055 0.1253174308344119 0
1536 0.4052423582219431 0.1252125485873395 0
1537 0.4108742563214659 0.1351782363894996 0
1538 0.3994232079976088 0.1350849392539893 0
1539 0.6450162985486082 0.1469616618431202 0
1540 0.6279425805415974 0.1369136604643314 0
1541 0.4779491276376349 0.313628060782303 0
1542 0.1708301416775725 0.0737958871190369 0
1543 0.1648138251387324 0.0837911338380391 0
1544 0.1520405402327196 0.08357195432936571 0
1545 0.1587741432570534 0.09447524366962778 0
1546 0.4382242955199933 0.3036137593998548 0
1547 0.6675473201355364 0.1867182563898646 0
1548 0.42126251804265 0.273817739646523 0
1549 0.4154806970787341 0.2836788271281269 0
1550 0.592749304722498 0.2157522795505818 0
1551 0.6385617583962417 0.2358862659784432 0
1552 0.5255521260038465 0.0964349291866155 0
1553 0.5298744354856538 0.2448689633167508 0
1554 0.6160981370836618 0.1764299318846494 0
1555 0.6216144598026511 0.1864153259817358 0
1556 0.5462812718146957 0.2748056803165066 0
1557 0.5489958981470452 0.4005644191530213 0
1558 0.4956065308452595 0.2643158852084349 0
1559 0.4680359888059737 0.1356242984974516 0
1560 0.5715204405391663 0.07697138807370796 0
1561 0.5771077446702235 0.08699460172074525 0
1562 0.5657103611233533 0.08684522800585759 0
1563 0.5712806146976492 0.09686229150883141 0
1564 0.576400293861896 0.1464126785556786 0
1565 0.5705914212896653 0.1562795472206935 0
1566 0.5591940200651065 0.1561761334552826 0
1567 0.5647885304306892 0.1661503396125173 0
1568 0.5534031758775397 0.1660253640335259 0
1569 0.5589819254119398 0.1759922654380972 0
1570 0.5475812395386028 0.1758742686760954 0
1571 0.5477663471670277 0.1560887824737243 0
1572 0.4796223971568271 0.115900027772755 0
1573 0.6790742109586396 0.009833281277781103 0
1574 0.5199140281541212 0.08647558753389006 0
1575 0.4912171448394939 0.09616716367751255 0
1576 0.3986859644646623 0.2340460826913585 0
1577 0.4101232973307766 0.2341306902159465 0
1578 0.4043317283071656 0.2439907084816191 0
1579 0.7079990377015702 0.09739754422351399 0
1580 0.4111841026934135 0.09550839230387537 0
1581 0.3995837479897211 0.1152545272725503 0
1582 0.2567828334047009 0.06455956968461268 0
1583 0.2624394767980092 0.07452394138827689 0
1584 0.1054237587022299 0.009934780584535008 0
1585 0.2676589064243319 0.1440203441086806 0
1586 0.5486182549057044 0.07678571565528336 0
1587 0.6214334952592981 0.2456106612986663 0
1588 0.6733617090167301 0.1768743209314394 0
1589 0.7024251181701645 0.0482203594875143 0
1590 0.6561226345229372 0.009822671323049703 0
1591 0.6280827677061954 0.1171314604055948 0
1592 0.6331162108578663 0.009821468575227699 0
1593 0.627957865705812 0.01933958189820029 0
1594 0.5247542941789355 0.1756860401044163 0
1595 0.5303789590165524 0.1856154355623969 0
1596 0.5245935950286382 0.1954502823788085 0
1597 0.5359949405591506 0.1955442176387498 0
1598 0.5417774424775151 0.1857126946606353 0
1599 0.3418895565816199 0.1743155813669003 0
1600 0.1294468636579676 0.009453458476010479 0
1601 0.3541288670415031 0.07521153522016033 0
1602 0.3655715199578536 0.07531777371510689 0
1603 0.3597543381977793 0.08519663701661928 0
1604 0.4046291222024927 0.204381954279143 0
1605 0.416067000681521 0.204489486376969 0
1606 0.4217012496239945 0.2144367091261528 0
1607 0.6102336104574828 0.009788013638819704 0
1608 0.6569048368042549 0.08764742515091783 0
1609 0.1481478781170193 0.05371535840402875 0
1610 0.1421527213440434 0.06371113066972495 0
1611 0.6060368382206704 0.05741248730013648 0
1612 0.6115975789486401 0.06743737092070423 0
1613 0.587286410146829 0.009776353596109733 0
1614 0.536168046150947 0.1757777250393445 0
1615 0.5419725924221934 0.1659340282640325 0
1616 0.5363378678671267 0.1559997197534926 0
1617 0.5421297091724246 0.1461508840562172 0
1618 0.461457433256679 0.2444165069666638 0
1619 0.4672496126531666 0.2345638235604576 0
1620 0.5642695564037374 0.009845825803053876 0
1621 0.5591476917760689 0.01956057357512414 0
1622 0.5478486999350737 0.01923512304762021 0
1623 0.5415172825755979 0.009511400689458549 0
1624 0.5299747086375081 0.00932452756037111 0
1625 0.3534836935571426 0.154564245038674 0
1626 0.6681954012229914 0.107545743740774 0
1627 0.6683489066238721 0.08773789482346106 0
1628 0.4342315578388296 0.07585298721413364 0
1629 0.308280323230323 0.07486475340932647 0
1630 0.4673826389250682 0.21479388664783 0
1631 0.4730286020108861 0.2247180738544837 0
1632 0.4844477728411041 0.2247919401417775 0
1633 0.3533406703131793 0.1743894507764011 0
1634 0.6910823848728725 0.06823828874060334 0
1635 0.3358194500878648 0.2238204847049923 0
1636 0.3414702582239937 0.2337766473051787 0
1637 0.3531971118149437 0.194199583884014 0
1638 0.5834504196105044 0.3439112552702709 0
1639 0.6564611434310206 0.1470569347592424 0
1640 0.2550252431094884 0.0116687184299285 0
1641 0.2775009523295479 0.009751766744720558 0
1642 0.2725184619134336 0.01857761532843927 0
1643 0.3014880569969965 0.009266697359362752 0
1644 0.1765593968884015 0.06395291632125122 0
1645 0.3245194469461237 0.00926751611643778 0
1646 0.3473854375564862 0.009337374390190778 0
1647 0.2105321430066763 0.1237486705100662 0
1648 0.2055077637038534 0.1348657859678652 0
1649 0.2279113007427305 0.09411795369093473 0
1650 0.1935494788208177 0.11328968194344 0
1651 0.1829303684242812 0.1129529111564052 0
1652 0.1977674616595108 0.1249804737767508 0
1653 0.4037121050919082 0.009418231183837389 0
1654 0.221150577491641 0.009117207367503266 0
1655 0.2321971878334653 0.009481381348273921 0
1656 0.2380863919470197 0.01849103354262849 0
1657 0.2963702538337623 0.1343135994881778 0
1658 0.3020274071878113 0.1442722222823045 0
1659 0.3423343590086274 0.1148159525784108 0
1660 0.3537849973656702 0.1149053031127769 0
1661 0.2563427980086501 0.1240986960140691 0
1662 0.2277069525642835 0.1535283331265417 0
1663 0.4729273385796959 0.2444603831337752 0
1664 0.6968608193082919 0.09787185812767041 0
1665 0.3693704860427074 0.009896298032067041 0
1666 0.3648542728332739 0.01912733752489643 0
1667 0.3759290878981285 0.01921158259109468 0
1668 0.3807844178576696 0.009840024323361396 0
1669 0.4266667619086371 0.009864696592424838 0
1670 0.4212928018505475 0.01874012149923765 0
1671 0.4324176687415252 0.0196103664476619 0
1672 0.4381418548908821 0.009880391308633052 0
1673 0.4441168218660208 0.01917689577617598 0
1674 0.4161979530257747 0.1847314078447162 0
1675 0.3759611364036401 0.2140808329684464 0
1676 0.3490389724861474 0.3227461948554032 0
1677 0.2966670246906756 0.09462909532003549 0
1678 0.5542611349551343 0.08674582176459633 0
1679 0.2277670061526729 0.1139666862639156 0
1680 0.233569069479352 0.1040845090370165 0
1681 0.3192789984034533 0.1344814659322325 0
1682 0.2051327505986753 0.07409881381004063 0
1683 0.4570392756644732 0.07607974908930615 0
1684 0.3984121691615028 0.2736592959818211 0
1685 0.312216632569797 0.2788630052646621 0
1686 0.3227246317264527 0.2767057636751953 0
1687 0.2333498406778703 0.1437378658338651 0
1688 0.260665299678283 0.2174265190881799 0
1689 0.2724694759488827 0.2152462067996541 0
1690 0.2539701164087159 0.2055801377904919 0
1691 0.2794760763299118 0.2243517486651956 0
1692 0.2753942519330005 0.2349798008528891 0
1693 0.2082286534426836 0.1552016948551379 0
1694 0.2252310736515811 0.1723673117098075 0
1695 0.3649305693219301 0.1546466255240251 0
1696 0.3527899362488416 0.2535182533836504 0
1697 0.2959312329385938 0.1938223380057026 0
1698 0.3015857844016989 0.2037822913534771 0
1699 0.2904288447415106 0.1640133384311573 0
1700 0.3582905279217859 0.2832875886849425 0
1701 0.720748976075647 0.2005715899416624 0
1702 0.2860100557083669 0.2336955449570847 0
1703 0.256635744669356 0.08440487607952724 0
1704 0.1993314139192107 0.08398356321855394 0
1705 0.6909041706784709 0.1275304392628678 0
1706 0.4171389924801328 0.06578835951378104 0
1707 0.2674199530212122 0.183774617166341 0
1708 0.4457129432537286 0.0561573432816686 0
1709 0.3933163907195279 0.1845722211702973 0
1710 0.182229851449225 0.07391883326163451 0
1711 0.2736044443495781 0.1143019105925667 0
1712 0.3188416634635409 0.1939789577414988 0
1713 0.4616026302317027 0.224639560800813 0
1714 0.1207402532584623 0.05067034232344536 0
1715 0.1053681280819626 0.03365801587498707 0
1716 0.4389077056745986 0.2046931888185317 0
1717 0.1996168486786819 0.04427172178455924 0
1718 0.599576822636954 0.1070121569474163 0
1719 0.5881742259731273 0.1069475266757129 0
1720 0.5131824822451481 0.1953624215283987 0
1721 0.7208025668138925 0.1428571428571425 0
1722 0.7206688204021784 0.1208003019927597 0
1723 0.142434984279015 0.0239978816763749 0
1724 0.4285849503125446 0.06588402249790176 0
1725 0.2621451526335424 0.1142180215706642 0
1726 0.553556451204715 0.1462387941640353 0
1727 0.3479814310339534 0.1247781876044689 0
1728 0.3249337895769349 0.1444391401660862 0
1729 0.313336011771754 0.1641868919041102 0
1730 0.3137745778512824 0.1046810372673743 0
1731 0.1709427728597983 0.03419730399667009 0
1732 0.6628678485335754 0.05797275121983481 0
1733 0.3142397440887741 0.04512407199695395 0
1734 0.3879743356881094 0.1349953238607467 0
1735 0.211068715367854 0.04436339117412885 0
1736 0.2338624404068693 0.06438138621606831 0
1737 0.3023193503112057 0.1045951164201072 0
1738 0.4506509365470996 0.16519683359367 0
1739 0.4902144636440461 0.2149518758843812 0
1740 0.3371658775545487 0.04531176198005504 0
1741 0.2855075497214935 0.05484088352863437 0
1742 0.3130425770412509 0.2038556796786512 0
1743 0.3594309419210144 0.1248658461279871 0
1744 0.6678898903477146 0.1471469867325628 0
1745 0.3705798975310735 0.1645977202100194 0
1746 0.7025432599981944 0.1272463031815307 0
1747 0.6963395910112925 0.1572903718944142 0
1748 0.3200477044340113 0.03523760425028283 0
1749 0.2619997527490295 0.1340614281129733 0
1750 0.5302150525369175 0.2053731121393976 0
1751 0.5416093723922449 0.2054710678622919 0
1752 0.3756606420930216 0.2536903431005248 0
1753 0.6623996400427257 0.1174021935023187 0
1754 0.4276269907857194 0.184817933524112 0
1755 0.3943699354357837 0.04577350985802064 0
1756 0.2680955325773962 0.08449049495685235 0
1757 0.239653457025675 0.05451916332373657 0
1758 0.7217846710154461 0.05167340795979342 0
1759 0.399255775350809 0.1549059215859102 0
1760 0.621352222139292 0.2061468135166931 0
1761 0.6392065926005488 0.1568075869687419 0
1762 0.2163108580357032 0.1138802025109645 0
1763 0.4221253208844531 0.1550837070015103 0
1764 0.3884320863562777 0.07549857610680544 0
1765 0.1936719568925608 0.07401828532208976 0
1766 0.3768322212218896 0.09525347167256781 0
1767 0.4971697344736877 0.0664678910823312 0
1768 0.3697233920627214 0.2833724716237464 0
1769 0.474417247411385 0.04645927501574731 0
1770 0.5258722200965424 0.0567702363988779 0
1771 0.5545832153945948 0.0471066571912685 0
1772 0.3134797252801147 0.1443554276277839 0
1773 0.4279212133563777 0.1452283836231656 0
1774 0.577489259141385 0.04726252614707138 0
1775 0.4157596609339044 0.2440932836284448 0
1776 0.4847292509755739 0.1852663805822635 0
1777 0.4618967592059726 0.185084610202259 0
1778 0.4857186249689477 0.06637949450299013 0
1779 0.7018469907823672 0.1869942326662622 0
1780 0.4510902480782013 0.1057779690220987 0
1781 0.4395031463654452 0.1255062681365918 0
1782 0.6284640326583835 0.07755292912782769 0
1783 0.1760761472716077 0.02320136124540673 0
1784 0.2511215653461187 0.05460308475791265 0
1785 0.6226270737666274 0.08739904731282327 0
1786 0.4626857887888668 0.08604180091698238 0
1787 0.3072832907245641 0.2137328775320625 0
1788 0.5997228446203393 0.02790206841461429 0
1789 0.5472068525626602 0.2153959157788627 0
1790 0.3563488194008544 0.3315574425866733 0
1791 0.3600356758480229 0.3210781361884972 0
1792 0.4215484749677293 0.2342404833962499 0
1793 0.5937858892791599 0.1168689755674999 0
1794 0.3886689171983523 0.03596697887464806 0
1795 0.7077483353854979 0.1573077909153291 0
1796 0.6625473177889446 0.09759559222669528 0
1797 0.2053258148515927 0.03445480936859996 0
1798 0.5872963082447626 0.1861041829962174 0
1799 0.3696007156813057 0.3026786057679879 0
1800 0.6673086601710306 0.2064720894666818 0
1801 0.313930377832613 0.08483355269504578 0
1802 0.6499708979257082 0.2359462761426451 0
1803 0.3700136776505773 0.2437399847404469 0
1804 0.5244241164229722 0.2152090955679013 0
1805 0.4963125070330106 0.1655911981495356 0
1806 0.2739000532864238 0.07460921246737884 0
1807 0.4159092813110448 0.2242838791778901 0
1808 0.6222684623510726 0.1269814417164863 0
1809 0.5755753463306864 0.225472579650402 0
1810 0.6782484138243453 0.2459535788495796 0
1811 0.3076819973155083 0.1542294806933084 0
1812 0.3081237969468845 0.09471494433274752 0
1813 0.6610860349681833 0.2754715536491114 0
1814 0.331201971058171 0.07503417391802147 0
1815 0.2105270852014456 0.02566560570337095 0
1816 0.2958248125743149 0.2135939478235643 0
1817 0.3315081045902099 0.03539096103935335 0
1818 0.690718052956133 0.2650310705729296 0
1819 0.3591347507667704 0.1645174994618615 0
1820 0.3639296434650887 0.2932435455891569 0
1821 0.5289635432252755 0.2847465070587462 0
1822 0.6686458321238787 0.04811555313663024 0
1823 0.4269146558731963 0.2837835313906746 0
1824 0.562625198828854 0.412032827763694 0
1825 0.5817148063736847 0.1762038855259236 0
1826 0.3482978669409817 0.08510027284694321 0
1827 0.325384780346533 0.08492351395526099 0
1828 0.5717870118184575 0.03744416885992607 0
1829 0.5202219218799938 0.04681348203367863 0
1830 0.4331247833306942 0.2145371654417794 0
1831 0.4050533094322127 0.1450459844843464 0
1832 0.6511058680896535 0.0975047313402812 0
1833 0.496541817611137 0.1457490017712362 0
1834 0.4676957120687726 0.1752377350577976 0
1835 0.2682429959715196 0.06464803627555848 0
1836 0.5014835095802892 0.2347813243998358 0
1837 0.365230717197545 0.1149954565580509 0
1838 0.5823843572097346 0.1167948528432845 0
1839 0.3585906024010941 0.2436675783748681 0
1840 0.4164940615719648 0.1451383735350752 0
1841 0.4915194103815995 0.05650629398058843 0
1842 0.325851431618525 0.02535410935853843 0
1843 0.5813462002297739 0.2156570413005852 0
1844 0.513898515861237 0.1162065299164842 0
1845 0.2962304812969888 0.1541474389462826 0
1846 0.4900936143909238 0.2347019259973033 0
1847 0.5145656867920041 0.03690846697314465 0
1848 0.416767249329223 0.3620324265346443 0
1849 0.3595850097307005 0.1050333394634646 0
1850 0.5603835907294303 0.03744173666854778 0
1851 0.2618594900320343 0.1538964129512052 0
1852 0.284775193941628 0.1540617100754861 0
1853 0.256054867148312 0.1637787491365383 0
1854 0.3589906742444257 0.1843351983714466 0
1855 0.5240900460357263 0.2546802588437764 0
1856 0.2733185996462293 0.153976708136574 0
1857 0.5325325822635415 0.3910391750726639 0
1858 0.6572223870437232 0.04801952237770141 0
1859 0.4614060914553689 0.2641336321547479 0
1860 0.256283892100834 0.1834543403375034 0
1861 0.365392059300462 0.09516435724426908 0
1862 0.4858663330282734 0.04654062431957789 0
1863 0.6554672196416913 0.2655748682034721 0
1864 0.5531667043755543 0.1858238814703667 0
1865 0.689214500860886 0.2856240405309615 0
1866 0.4791187659299842 0.1753331854831092 0
1867 0.2740563109357599 0.05476191781169859 0
1868 0.5198843095864769 0.02759360608662709 0
1869 0.6945121581413725 0.3148647678132899 0
1870 0.5311681582987728 0.1063977261359997 0
1871 0.2797849981972008 0.04498525729371261 0
1872 0.5501608078239945 0.3241475568532431 0
1873 0.5480912021863503 0.1165122255232984 0
1874 0.4786806858557535 0.2346275059899834 0
1875 0.2854633482110481 0.03593427250045245 0
1876 0.4802046057714633 0.03666984100488468 0
1877 0.5595296126944962 0.1165980936986627 0
1878 0.4621031702318868 0.1652809624924306 0
1879 0.7034836678400713 0.4119160142761706 0
1880 0.6985434980703371 0.4231392539260408 0
1881 0.5388461162969129 0.3433939833028292 0
1882 0.6813799369596649 0.3925482772588506 0
1883 0.5984049911686932 0.2453613626100037 0
1884 0.5665320577461259 0.353335273380248 0
1885 0.5654524776401858 0.1066996153369484 0
1886 0.4860062553207238 0.02730530944081239 0
1887 0.5992237150907908 0.1465897997207597 0
1888 0.4943291690093315 0.3810474275936507 0
1889 0.5819969096759284 0.1563485250245598 0
1890 0.6337290706443932 0.1270726218412382 0
1891 0.5529822654912123 0.205578403313185 0
1892 0.4274935353420763 0.2045960664021257 0
1893 0.422295691042818 0.1352831643636625 0
1894 0.4218518202012945 0.1946593853927987 0
1895 0.5473769588496504 0.1956505177772656 0
1896 0.6560896636971451 0.1866182278162699 0
1897 0.1943517014944957 0.1384647041045179 0
1898 0.4280901009378509 0.1254173936645329 0
1899 0.64839517591884 0.3340196952324866 0
1900 0.3875324860644507 0.194399868851497 0
1901 0.5645506289393387 0.1859342158463314 0
1902 0.3712034146669656 0.08530419580642851 0
1903 0.3817486756672268 0.2042416505706903 0
1904 0.4338856331711307 0.1155518539927411 0
1905 0.4104205576062619 0.1945677327223331 0
1906 0.4211763802670346 0.2937563499805398 0
1907 0.3770020563779732 0.07542210772986058 0
1908 0.5943994020055673 0.07712780970743932 0
1909 0.4396826040726496 0.105685809132805 0
1910 0.3989822433214785 0.1944820121687607 0
1911 0.6057218248268018 0.07730178847527214 0
1912 0.5722416234096183 0.3437497219541892 0
1913 0.3713521113072316 0.06544332811651576 0
1914 0.6157707541687165 0.1962233622939094 0
1915 0.4849180798874825 0.1654988619025893 0
1916 0.6866558636089656 0.4216359354398143 0
1917 0.3303944048133227 0.2918946162280319 0
1918 0.365700929085613 0.05547140994809596 0
1919 0.4454802715537095 0.09581655489268093 0
1920 0.5277703838667951 0.3432938076870194 0
1921 0.3715010282256087 0.04563238945940318 0
1922 0.1766674610313932 0.1034986737286219 0
1923 0.4040721418074005 0.28361196048899 0
1924 0.5933634748837135 0.1564871860261152 0
1925 0.490719455224024 0.1556299379465051 0
1926 0.4512701033641525 0.08595433274278724 0
1927 0.3703089585750676 0.2041713024844037 0
1928 0.62888391374534 0.05762134492452126 0
1929 0.3772993980066837 0.03607685387559834 0
1930 0.5079112052891919 0.1459128882350701 0
1931 0.6787652141315718 0.2065704623201897 0
1932 0.3588558814140948 0.2040999302042707 0
1933 0.3474058579943071 0.2040518844542331 0
1934 0.4456298890898812 0.07597505018148948 0
1935 0.63286336175479 0.206217953997919 0
1936 0.5624936540740135 0.2850163673400587 0
1937 0.5216153018392707 0.3907379305101763 0
1938 0.3472765835482249 0.2238443754813033 0
1939 0.5964644988214181 0.3045493417299892 0
1940 0.4399761293308977 0.06600896497350234 0
1941 0.5136990587168676 0.136056802662922 0
1942 0.4383526693074746 0.3428310889163163 0
1943 0.5080909249541153 0.126068545153759 0
1944 0.671826806798166 0.3344487699914741 0
1945 0.7198028109751289 0.09726336294490118 0
1946 0.5253066658444241 0.11629848649525 0
1947 0.4343190858120745 0.05605490721452744 0
1948 0.4495618728990501 0.3427339075168029 0
1949 0.3471773513947257 0.2436114900190587 0
1950 0.4286679148447522 0.04607549083857898 0
1951 0.6270395191313077 0.2357866108196413 0
1952 0.433616517185644 0.03681120574577712 0
1953 0.3242401259380162 0.2435216775232659 0
1954 0.3184887480646554 0.2534239584436782 0
1955 0.4271466008664133 0.3992451969375057 0
1956 0.5703469776636855 0.1761054956151334 0
1957 0.3357086751265445 0.2435677263914698 0
1958 0.5885785997657412 0.3534550943294566 0
1959 0.5761587914854801 0.1662376546903485 0
1960 0.4385523362266669 0.361922323396318 0
1961 0.5768188587908573 0.1068442050141688 0
1962 0.1706518308131224 0.09389132604561273 0
1963 0.5333794527165832 0.3337001711807753 0
1964 0.5826363123624626 0.09699124690444721 0
1965 0.6170818180728357 0.07744309297771407 0
1966 0.5884898775646588 0.08707523439950454 0
1967 0.6495396746592594 0.4108081574208495 0
1968 0.5783849783835155 0.3148062701579719 0
1969 0.6206976560658164 0.2849903620280251 0
1970 0.6229690362315734 0.06754207668564116 0
1971 0.7212996643536452 0.234137279906521 0
1972 0.6401786738511882 0.05788260206603218 0
1973 0.645920853915383 0.0479812784736281 0
1974 0.7114546805393742 0.3420649273896201 0
1975 0.6402776633763141 0.03821620894275302 0
1976 0.4704153782458789 0.419729893602477 0
1977 0.5278635302739279 0.3240676244724798 0
1978 0.6101027428253386 0.2455153875842133 0
1979 0.4892313079982371 0.313659320355125 0
1980 0.7011700961806567 0.2460833485834596 0
1981 0.6373959371354837 0.3146103529818191 0
1982 0.6602931298305096 0.3342058115077814 0
1983 0.6393990226061773 0.01924608967603236 0
1984 0.5224551147671663 0.3143241655648905 0
1985 0.5706215018334121 0.01907176379537157 0
1986 0.4808891092764338 0.4311239074750828 0
1987 0.3824722906482824 0.3462829782179568 0
1988 0.31270954572633 0.2628540208002975 0
1989 0.4961423372413287 0.009027932168403918 0
1990 0.08310454183714888 0.008625048436857019 0
1991 0.4611753446471809 0.009177013502002285 0
1992 0.7111851894786391 0.2858685260782661 0
1993 0.6708323488726476 0.37342319687378 0
1994 0.53771306635898 0.4003841146333853 0
1995 0.3533205672455129 0.3124428320717181 0
1996 0.4561929934436584 0.01870638527442292 0
1997 0.1382750945002054 0.05304308058791135 0
1998 0.6741513479835167 0.4402645053867855 0
1999 0.5171857016203727 0.3044058411807345 0
2000 0.5230403078726689 0.2945347003701671 0
2001 0.4156209311118271 0.4002008222434313 0
2002 0.3872269685952676 0.01857187131394694 0
2003 0.2906899223712273 0.2239000163448501 0
2004 0.7109254388968516 0.3651035587979057 0
2005 0.6874810854413353 0.3832675898903555 0
2006 0.4325384461962658 0.3522735414398044 0
2007 0.6229928384148585 0.4110130675705013 0
2008 0.721809212956405 0.06290266242610831 0
2009 0.6983673783519321 0.3836681276192092 0
2010 0.5400230642196466 0.2848217122091796 0
2011 0.707878099998043 0.03860593788205319 0
2012 0.702180888868879 0.02898387021805959 0
2013 0.2835269158554615 0.01894451631245586 0
2014 0.2474859638507987 0.01851394211502605 0
2015 0.6910330777734575 0.02880777907314236 0
2016 0.2385117219907341 0.1920655752384118 0
2017 0.6848891653825459 0.01895659456692633 0
2018 0.1843979696109585 0.008599011421019154 0
2019 0.5849692468519985 0.3044076112418453 0
2020 0.4625069786685763 0.4277990191726744 0
2021 0.4211035544607001 0.3522748647943881 0
2022 0.6733380550563657 0.01876636038413559 0
2023 0.1499380512485273 0.008222836607748474 0
2024 0.3871117065266499 0.3341912935539411 0
2025 0.4528714492668766 0.4255365326875659 0
2026 0.4351813385593464 0.4182579013839134 0
2027 0.6618612870788572 0.01871500061675047 0
2028 0.2117799894934961 0.1439954383199595 0
2029 0.1086502576569712 0.02189968504358375 0
2030 0.7212385057778419 0.405445638340171 0
2031 0.680404847609918 0.4307678127137736 0
2032 0.6504714222273325 0.0187752812657983 0
2033 0.6941533610082448 0.2763273626846574 0
2034 0.1723561143271316 0.1134135935993907 0
2035 0.722039278106772 0.3028571428571428 0
2036 0.7125780289311079 0.2082708170647888 0
2037 0.7018118716332179 0.06831051496427321 0
2038 0.6344524198867713 0.02892181610034655 0
2039 0.2965977438372594 0.2334147330355041 0
2040 0.6227563807278473 0.02843452786497941 0
2041 0.7068256834871165 0.05772775121530521 0
2042 0.690672481585928 0.4315614010360105 0
2043 0.7223373737520747 0.2228571428571427 0
2044 0.6162017021990273 0.0186423585655745 0
2045 0.612522303706956 0.3337746278335478 0
2046 0.7084054855382111 0.3836507611963386 0
2047 0.7121060114646961 0.1482266587637163 0
2048 0.7133426398676445 0.4123198443123859 0
2049 0.6003832259617972 0.3528668065036051 0
2050 0.6046405007274049 0.01845787138499122 0
2051 0.6544885447109549 0.4205421682086952 0
2052 0.4000665752939745 0.3539458950492 0
2053 0.5930249755468588 0.01822329077504375 0
2054 0.581780136834981 0.01847606306703475 0
2055 0.3641836905245681 0.3117665378601627 0
2056 0.5657524929802642 0.02862193623618076 0
2057 0.5698315580442892 0.3814128764122872 0
2058 0.2977914428129749 0.263032446231751 0
2059 0.5543705221166071 0.028666388719014 0
2060 0.1336874834346853 0.06979592189542277 0
2061 0.5425773245065919 0.02802549350627204 0
2062 0.7122434720736949 0.126756774920381 0
2063 0.5360554458774101 0.01842828912872008 0
2064 0.4270634034539256 0.415471945244779 0
2065 0.5248045178264127 0.01832795552869954 0
2066 0.4067365826032215 0.3629309842187435 0
2067 0.5136214664350801 0.01806452459155788 0
2068 0.491353786681152 0.01845239611153504 0
2069 0.6177312972943462 0.4012228012751344 0
2070 0.5074834908140512 0.009074773633396704 0
2071 0.4511087933355576 0.4169353260583881 0
2072 0.7114995536837551 0.1853519776267832 0
2073 0.7227249115455688 0.1662449498992411 0
2074 0.4795003175187411 0.01794275574467596 0
2075 0.7084401295332589 0.4286750200524035 0
2076 0.2509794539723564 0.1927643911015375 0
2077 0.1795925362597733 0.122481839589325 0
2078 0.4506554238306842 0.02774798658974653 0
2079 0.4730635891077545 0.009029874902363955 0
2080 0.7229748844161044 0.02865296911675247 0
2081 0.1156893589861756 0.03287298031381664 0
2082 0.2182497751722233 0.153369815549079 0
2083 0.3315075271020294 0.2731196892296138 0
2084 0.4383899281195049 0.02764323238573907 0
2085 0.6049277304300781 0.4003747460398819 0
2086 0.5533869954441706 0.4082230905082577 0
2087 0.6930369445557433 0.4403355835324973 0
2088 0.5425160657671007 0.4254757825308879 0
2089 0.723111069182979 0.08601097681402109 0
2090 0.7123643844181318 0.04842783312048787 0
2091 0.426916797982766 0.02751420522411413 0
2092 0.2915511743603887 0.2431510500177405 0
2093 0.4161931141176113 0.02726600036842142 0
2094 0.5932186360071937 0.4001245347050659 0
2095 0.4096976222107102 0.01775759012970657 0
2096 0.7039978886553451 0.3139023305314537 0
2097 0.3827063373647658 0.02798046035721191 0
2098 0.7119774166613064 0.1057265379227976 0
2099 0.5683633182485157 0.402286087278144 0
2100 0.3985744890200782 0.01822830158417738 0
2101 0.5301370542758574 0.4357298640464116 0
2102 0.5212336214318629 0.424520948928637 0
2103 0.3711161476588148 0.3202649591415349 0
2104 0.4860476338808579 0.4247499916938842 0
2105 0.3715604815057084 0.02827084629805687 0
2106 0.3601145725423237 0.0278780809308033 0
2107 0.3542559226104766 0.01847435674968967 0
2108 0.5852390213734827 0.3814043428405575 0
2109 0.3429451918070685 0.0183133488631666 0
2110 0.3316325810937691 0.01838595965467849 0
2111 0.4134161860559397 0.371773846874297 0
2112 0.08934486053796431 0.01740490479554518 0
2113 0.3201773832057625 0.01834986932263238 0
2114 0.7036868256916721 0.3360018573203223 0
2115 0.1504263270172406 0.07219492948300266 0
2116 0.5093958503114926 0.434388824579809 0
2117 0.3087094210083721 0.01831251184581556 0
2118 0.2786496807546923 0.02708180809653904 0
2119 0.3158406921239441 0.2709601318673172 0
2120 0.7222937454932216 0.008394439083908634 0
2121 0.2968384239815465 0.01818154557766338 0
2122 0.2676209156921882 0.02656769693165095 0
2123 0.2443506372585565 0.02688186288712241 0
2124 0.6926556709363685 0.254579212844247 0
2125 0.7131885586632666 0.3759723926592964 0
2126 0.7125882760932098 0.3913179817783005 0
2127 0.2633034977162688 0.0182040448669521 0
2128 0.2333594270925672 0.02662416854434363 0
2129 0.188565281146007 0.1210349431061215 0
2130 0.122135026171554 0.04202190384417448 0
2131 0.28688262899016 0.2515977963007059 0
2132 0.7036268861556669 0.2781728481743301 0
2133 0.2273197768741702 0.01796068482522212 0
2134 0.2048140515260811 0.01660871597049113 0
2135 0.650826119883136 0.4281129568696769 0
2136 0.2244703905430477 0.1617484495167986 0
2137 0.2159054825507843 0.01734637785670673 0
2138 0.1831283139777531 0.01678288281022366 0
2139 0.7041567216593451 0.234723110620885 0
2140 0.1679744177553493 0.01615150741775889 0
2141 0.200167718113858 0.0079752652556071 0
2142 0.1478910931689755 0.01732922766834616 0
2143 0.7146779720598879 0.2973312838850471 0
2144 0.4193166461617398 0.379143374270794 0
2145 0.7027134513165753 0.3561596492423419 0
2146 0.1654582606511491 0.007928389056259366 0
2147 0.5002853753599562 0.4351635056559943 0
2148 0.380510336213667 0.3191442269282454 0
2149 0.1364156871646295 0.01734319127881245 0
2150 0.1256608957183455 0.0176329243649711 0
2151 0.7152933610560955 0.2176800127568689 0
2152 0.0992025157638956 0.01658235201209496 0
2153 0.7212234776524696 0.4147431444731298 0
2154 0.4771474520742129 0.424872067095067 0
2155 0.3274316751557459 0.2838697595086634 0
2156 0.3242405733446067 0.298412479372318 0
2157 0.6401120166926672 0.4100246642960682 0
2158 0.6456617161327535 0.3999156598535518 0
2159 0.6324668182677703 0.4081104422913392 0
2160 0.7152200884700075 0.05752713154754585 0
2161 0.7079442117641936 0.4195880365662573 0
2162 0.6396006809293119 0.3912900711380288 0
2163 0.6232935891212725 0.3455383844187437 0
2164 0.7557139384887566 0.006819467089278386 0
2165 0.7405459109314897 0.08571161262447546 0
2166 0.7402366411546339 0.1890382773473725 0
2167 0.7711633588453659 0.3138188655097702 0
2168 0.770802566813892 0.2114285714285717 0
2169 0.7711633588453659 0.3490382773473725 0
2170 0.7690893136233589 0.2902120888042929 0
2171 0.7405974331861077 0.1314285714285713 0
2172 0.7402366411546339 0.1081045797954845 0
2173 0.7406117818639242 0.06289855771302372 0
2174 0.7405974331861077 0.04000000000000037 0
2175 0.770802566813892 0.3714285714285713 0
2176 0.7708025668138921 0.2685714285714287 0
2177 0.7691736478649454 0.2469201783074915 0
2178 0.7405974331861077 0.1657142857142855 0
2179 0.7405974331861078 0.3942857142857143 0
2180 0.721433989563695 0.4439105180762039 0
2181 0.697628253404507 0.4575175261439345 0
2182 0.7367844377438775 0.4197170237314782 0
2183 0.7402366411546339 0.2347525630616582 0
2184 0.7708938235789035 0.1428571428571432 0
2185 0.7417130021647024 0.3028571428571429 0
2186 0.7708938235789036 0.09714285714285725 0
2187 0.7405974331861077 0.3257142857142857 0
2188 0.7405974331861078 0.28 0
2189 0.7690644454366885 0.07312662866883457 0
2190 0.7708025668138919 0.1200000000000001 0
2191 0.770802566813892 0.05142857142857171 0
2192 0.7422263521350545 0.3612058925932055 0
2193 0.770802566813892 0.1771428571428576 0
2194 0.7405974331861078 0.2571428571428571 0
2195 0.7300102672555643 0.4750971715697261 0
2196 0.7586832575511869 0.4461155228457202 0
2197 0.7694677918268905 0.4152354423993523 0
2198 0.7691077138332751 0.02972585570478153 0
2199 0.7405974331861077 0.2114285714285711 0
2200 0.7708818756941794 0.3941483472755651 0
2201 0.7462893157500995 0.4596714319787414 0
2202 0.7121651108551132 0.4843287684673683 0
2203 0.6827222512531305 0.481805951838807 0
2204 0.6861957766361001 0.4610145690545151 0
2205 0.6958891787608147 0.4684116764587741 0
2206 0.7059213689189422 0.46560967772893 0
2207 0.7392621511191216 0.01694465175640825 0
2208 0.7324794627333014 0.4303683032852508 0
2209 0.744084569336502 0.4289750246521081 0
2210 0.7481020911201548 0.4173850585306851 0
2211 0.7400648308658023 0.4401161197647237 0
2212 0.7556556369991223 0.4271719716318749 0
2213 0.7134696410268954 0.4505014139660447 0
2214 0.7243968024280196 0.4543140313275625 0
2215 0.7414367448635238 0.40628772350547 0
2216 0.7539589502545221 0.406934780329083 0
2217 0.6788894356585964 0.4701405948086154 0
2218 0.6748792261457641 0.4595418392203153 0
2219 0.6908405461472702 0.4901035584116442 0
2220 0.7403114352630171 0.02851651968522911 0
2221 0.7500950103291179 0.03462742392056489 0
2222 0.750542324861829 0.04553601799085233 0
2223 0.760901286500357 0.04013629638926175 0
2224 0.7501462861605244 0.02279118711361378 0
2225 0.7718647318125501 0.01716914585939133 0
2226 0.7406207818317949 0.05142754598571042 0
2227 0.750402762398802 0.05717757633505538 0
2228 0.7500769293293833 0.06817396303698087 0
2229 0.7609304972113862 0.0626778161868452 0
2230 0.7708025668138919 0.1657142857142862 0
2231 0.7609963903927958 0.1714285714285721 0
2232 0.7592892513595532 0.1587941074067948 0
2233 0.7592049171179669 0.1840736254814218 0
2234 0.7507183009305027 0.1763456461453532 0
2235 0.7708177762747271 0.1314285714285717 0
2236 0.7609989253029349 0.125714285714286 0
2237 0.7592052792479868 0.1130692316614358 0
2238 0.7507184768926115 0.1207972109975047 0
2239 0.7593048229504084 0.1383487497360628 0
2240 0.7708025668138921 0.2228571428571432 0
2241 0.7609963903927959 0.2171428571428575 0
2242 0.7592892513595533 0.2045083931210805 0
2243 0.759204917117967 0.2297879111957074 0
2244 0.7507183009305028 0.2220599318596385 0
2245 0.7706245098675319 0.1997990179011327 0
2246 0.7405974331861077 0.3371428571428571 0
2247 0.7504948663722156 0.3314285714285714 0
2248 0.7522081195627488 0.3440736254814213 0
2249 0.7505874719006316 0.3209400259161291 0
2250 0.7605807366902351 0.326377281618914 0
2251 0.7706397193283671 0.1540847321868469 0
2252 0.7708626988191377 0.3600778081293239 0
2253 0.7611775577116148 0.3661817474755318 0
2254 0.7609505376417559 0.377220767436398 0
2255 0.7510077004416763 0.3714285714285712 0
2256 0.7510077004416763 0.3828571428571427 0
2257 0.7600662169838549 0.3545774815243319 0
2258 0.7403350311031514 0.1433116365968348 0
2259 0.7402912974226588 0.1539069695026373 0
2260 0.7512162835432259 0.148582249850945 0
2261 0.7705280893785265 0.0855211047781394 0
2262 0.7609051336277839 0.09142857142857197 0
2263 0.7605131359302084 0.08079360219290643 0
2264 0.7706257239764394 0.1083686814673822 0
2265 0.7410632051110094 0.3489751577743425 0
2266 0.7405209592662505 0.2909740776888793 0
2267 0.7504948663722155 0.2857142857142858 0
2268 0.750403609607204 0.2742857142857144 0
2269 0.7612100764807901 0.2795900433387815 0
2270 0.7405822237252725 0.2685714285714286 0
2271 0.7503858652362296 0.2628571428571429 0
2272 0.7502142974332617 0.2518830651682636 0
2273 0.7611926091371874 0.2575905457929645 0
2274 0.7599019605240481 0.3370373760683963 0
2275 0.7405363935209865 0.314896879011428 0
2276 0.7404905396910365 0.245867842800225 0
2277 0.7513278016355402 0.2403007359436267 0
2278 0.7705771566207156 0.3025765876237725 0
2279 0.7599703977896055 0.2978767702223747 0
2280 0.7607848255647447 0.3076044440944963 0
2281 0.770802566813892 0.3828571428571428 0
2282 0.7402748990979058 0.1996233143896317 0
2283 0.7511794987994049 0.1943106976305944 0
2284 0.7703389676691097 0.2346894434886286 0
2285 0.7610602613944613 0.3884867180611511 0
2286 0.7405974331861077 0.0971428571428572 0
2287 0.7512865069216488 0.1023995485657259 0
2288 0.7705807780028742 0.1887406786589974 0
2289 0.7613087028895523 0.02285842302796276 0
2290 0.7404274351232321 0.07421565804916935 0
2291 0.7040407605222794 0.4763978180850683 0
2292 0.7168733734196642 0.4728075525333196 0
2293 0.7724423134295049 0.04025814470452299 0
2294 0.7642470056838737 0.01016792217468826 0
2295 0.7471450201311921 0.01012562731525546 0
2296 0.7499299886145955 0.07993838634910716 0
2297 0.7587158875572533 0.05139125566611724 0
2298 0.7724395018923933 0.06258946039970747 0
2299 0.7520618266536017 0.3028105285776599 0
2300 0.7625832934705525 0.1024817780531946 0
2301 0.7499473257821457 0.3542857142857142 0
2302 0.7713501074039619 0.3257142857142856 0
2303 0.7617500889169202 0.1485575684534001 0
2304 0.7704366786038478 0.3370051873576887 0
2305 0.7725003913836082 0.2796747121429007 0
2306 0.7401163004499035 0.2232122473339401 0
2307 0.740377412642091 0.3721959708468037 0
2308 0.7614526742178541 0.2400000000000003 0
2309 0.7518372723631555 0.1313281408484264 0
2310 0.7401163004499034 0.1774979616196543 0
2311 0.7501249494510578 0.09094453481762049 0
2312 0.772513764763205 0.2574735733915199 0
2313 0.7518354068056958 0.211529002008717 0
2314 0.7617162007526981 0.1942859942685609 0
2315 0.738676509253975 0.3830106227407893 0
2316 0.7518354068056957 0.1658147162944315 0
2317 0.7587989454550607 0.2685789749692064 0
2318 0.7401163080839668 0.1196448955232029 0
2319 0.7617168233040655 0.3995244960492595 0
2320 0.7515744641570427 0.3948345424909099 0
2321 0.7157408454394756 0.4607368801718241 0
2322 0.7711187446795664 0.4049260897117585 0
2323 0.6939336966421699 0.4795622166341133 0
2324 0.731831857305388 0.4470627981835919 0
2325 0.7347793754022002 0.45761114121885 0
2326 0.7588318781133911 0.4161272287838534 0
2327 0.7015589553971039 0.487408695108753 0
2328 0.7512175486034353 0.4377478842705185 0
2329 0.7484439774343337 0.4481533604887822 0
2330 0.6819977265872447 0.4921134969553312 0
2331 0.727072920212639 0.4648517527158362 0
2332 0.7221522992525793 0.4820609307463554 0
2333 0.7384505512383186 0.4686527427206941 0
2334 0.7630547346581996 0.4359775832548585 0
2335 0.766995147734896 0.4254775349070269 0
2336 0.7548625224064222 0.4549489524077568 0
2337 0.7585770110790786 0.03115002976575793 0
2338 0.7488489942193787 0.1576086862998655 0
2339 0.7488462254215562 0.203323816518424 0
2340 0.7493548829734235 0.2945184958606906 0
2341 0.7501690203527395 0.3111723350354068 0
2342 0.7527984827047393 0.3618761903119516 0
2343 0.7587435600183267 0.2478788281983729 0
2344 0.7488521788731063 0.1395392412051139 0
2345 0.7629619075594848 0.4082178509442999 0
2346 0.748671746496011 0.1119651142242995 0
2347 0.762582976650291 0.3453167512466249 0
2348 0.7618846781589147 0.3173467325279478 0
2349 0.7587750879595506 0.2886274787729073 0
2350 0.7486747165388461 0.2308805958086603 0
2351 0.7485784083025445 0.1849414019067215 0
2352 0.7584201286264968 0.07210346224587999 0
2353 0.7377076166660902 0.007638257023511841 0
2354 0.7736508122573387 0.00767760801777051 0
2355 0.7557121906707798 0.01455252534415974 0
2356 0.6876599611303149 0.472187785345736 0
2357 0.7065949596523637 0.4564322502622523 0
2358 0.7290165864424797 0.4388094668010628 0
2359 0.7399216353078871 0.4504236795538576 0
2360 0.4803230126433617 0.4474915232554656 0
2361 0.4478813754031455 0.4430284025432799 0
2362 0.4180552681012596 0.4282477643786837 0
2363 0.4011764593950197 0.4138824050197773 0
2364 0.4180790263769699 0.4649260458714054 0
2365 0.3614415197905372 0.4161214061930067 0
2366 0.3476887216055057 0.398827551896571 0
2367 0.3337004133514336 0.3812722899204151 0
2368 0.3180097949139966 0.363282367490546 0
2369 0.3030953760602138 0.3472974150002566 0
2370 0.2891646148563898 0.3292812435603389 0
2371 0.2755468248667932 0.3124264841935758 0
2372 0.2609108545008982 0.2955066505751918 0
2373 0.2452765295560879 0.2769774602316235 0
2374 0.23064716778932 0.2595428657887178 0
2375 0.2160178060225529 0.2421082713458129 0
2376 0.2013884442557857 0.2246736769029078 0
2377 0.1867590824890178 0.207239082460002 0
2378 0.1721297207222504 0.1898044880170967 0
2379 0.1575003589554836 0.1723698935741923 0
2380 0.1428709971887159 0.1549352991312865 0
2381 0.1282416354219481 0.1375007046883809 0
2382 0.1142052935442189 0.1208522913050196 0
2383 0.09941322239120842 0.1034250150546885 0
2384 0.08396391372502654 0.08425245075234483 0
2385 0.4576234477658178 0.4772124217415027 0
2386 0.0701215319815115 0.06759222534530041 0
2387 0.05465904633058427 0.05027048864452471 0
2388 0.4888593780022519 0.4807589705833282 0
2389 0.04005037566767977 0.03214073789317873 0
2390 0.4993632876063222 0.4489714327939406 0
2391 0.3917995420969444 0.4479191697002213 0
2392 0.3775237402705844 0.3899446101085977 0
2393 0.3766674776714535 0.4335136770528312 0
2394 0.3626810391529355 0.370206752291268 0
2395 0.4374190407751193 0.4728293005978195 0
2396 0.3492457997682207 0.3532584321489872 0
2397 0.3321656173964196 0.3351096847794706 0
2398 0.3198158777740395 0.3182930804372139 0
2399 0.3050304212881931 0.2998337146081754 0
2400 0.2896006549293281 0.2828563937635469 0
2401 0.2748715737948056 0.2653032399057846 0
2402 0.2601422166106533 0.247750231828489 0
2403 0.2454126245073303 0.2301972363802596 0
2404 0.2306833820456909 0.2126437532362685 0
2405 0.2159559329103808 0.1950888978062173 0
2406 0.2012321095219035 0.17753205712446 0
2407 0.186511700133187 0.1599747508565242 0
2408 0.1717875223828164 0.1424233340425117 0
2409 0.1570644358888361 0.1248761899120183 0
2410 0.14229853621675 0.1073473206920506 0
2411 0.1274438421016989 0.08986133156825971 0
2412 0.1124464741736585 0.07236295117202723 0
2413 0.06871628469364144 0.01954278473538928 0
2414 0.09817418920307697 0.05464934826480577 0
2415 0.08368990598077442 0.03787176103080392 0
2416 0.0490750726632333 0.009756298438776345 0
2417 0.5079018560426064 0.4727878087057017 0
2418 0.0253466223423271 0.0157765097896469 0
2419 0.5112032337039217 0.463092171825811 0
2420 0.4992985389983582 0.4662972530406723 0
2421 0.4582962917463272 0.4457244616718919 0
2422 0.4505801624325698 0.45385588295657 0
2423 0.4410904173989595 0.4515749590995217 0
2424 0.4608748433046113 0.4561042918156537 0
2425 0.4531929575583745 0.4634503188810089 0
2426 0.4638910158201671 0.4668965443510089 0
2427 0.4710051642953149 0.4590516256347803 0
2428 0.4736621470185931 0.4692745119076129 0
2429 0.4798703668253832 0.4625435694554314 0
2430 0.4270671418237645 0.4339439282936158 0
2431 0.4174044778105404 0.4384296221340893 0
2432 0.4069406320245266 0.4335443317541191 0
2433 0.4099145669880558 0.4428129375562292 0
2434 0.4245121665832446 0.4438189419172758 0
2435 0.4091116614793642 0.4214602312623852 0
2436 0.3990709777463489 0.4248811130211208 0
2437 0.3909124178859238 0.4174410158716653 0
2438 0.3959408513386721 0.4359431324729645 0
2439 0.3888637046817876 0.4284128919780271 0
2440 0.3802722089535983 0.4213542720694359 0
2441 0.3826462820502681 0.4102223690669705 0
2442 0.4362834776677709 0.4407633780109972 0
2443 0.3933572078648885 0.4065758736978766 0
2444 0.3856032260224558 0.398423080078746 0
2445 0.3744475923666111 0.4018856187529364 0
2446 0.3654905293959018 0.3927030307853219 0
2447 0.3639299681034738 0.405504298205429 0
2448 0.5139914074780378 0.4528032922268739 0
2449 0.4697454548948178 0.4486915883153643 0
2450 0.3698723253475368 0.3798655365996296 0
2451 0.3570376395884733 0.3816268657468581 0
2452 0.3517533270298913 0.3706735388392461 0
2453 0.3455990945402807 0.3796766132672338 0
2454 0.3393830547845479 0.3688498104633917 0
2455 0.3260355877769806 0.3717999491602765 0
2456 0.3285724267499695 0.3605079814325343 0
2457 0.3194470986698809 0.3526882667562167 0
2458 0.3299983925290948 0.3488809549058703 0
2459 0.3214310325960082 0.3412673100560048 0
2460 0.3220498766770661 0.3299170208174001 0
2461 0.3117570915639641 0.3269860504297734 0
2462 0.3076133945741593 0.316581351517349 0
2463 0.3002570050776677 0.3254217273279996 0
2464 0.2964794267479551 0.3143496029253818 0
2465 0.06070236175126964 0.009615200726451778 0
2466 0.05466789815778972 0.01957027055672989 0
2467 0.0620131617117391 0.02925838213703624 0
2468 0.04292388844061501 0.01919038797271466 0
2469 0.07339142488972994 0.03018825916183776 0
2470 0.07365743481361398 0.04233454886333221 0
2471 0.0820190656021661 0.04878676114086067 0
2472 0.07192987246200133 0.0534000860437891 0
2473 0.08086167208952555 0.06047039854423475 0
2474 0.08183359926396749 0.07218451507834595 0
2475 0.0922517461753869 0.06518838725513804 0
2476 0.3694738626766764 0.4246196356825699 0
2477 0.4831596505820542 0.471617590027479 0
2478 0.3414163151496555 0.3453064349604387 0
2479 0.497964828580069 0.4759841401486617 0
2480 0.03302006141473279 0.02412826170209409 0
2481 0.04741327329283251 0.04133954650522781 0
2482 0.4781246393161058 0.4794936643365859 0
2483 0.1055375094145738 0.0634194336225502 0
2484 0.1009691510007502 0.07432217961177728 0
2485 0.1083046403231257 0.0831047736281465 0
2486 0.09652792755848527 0.08426766796200474 0
2487 0.1198257023905079 0.08121121561684752 0
2488 0.1159598197779171 0.09186677024135737 0
2489 0.1233682657907335 0.100650401878591 0
2490 0.1114888408481954 0.1019987743093155 0
2491 0.1347818985527113 0.09866372582044081 0
2492 0.1309307338985692 0.1093637867546422 0
2493 0.1383066653955419 0.1181364691010942 0
2494 0.1264071869519224 0.1195077233634937 0
2495 0.1496419398250348 0.1161380846083605 0
2496 0.1457858644222946 0.1268477395422963 0
2497 0.1531789171730632 0.1356063764969055 0
2498 0.1411116696864047 0.1368536128560679 0
2499 0.1644202893571794 0.1336512109228897 0
2500 0.160557219240327 0.1443539893859392 0
2501 0.1679114841758674 0.1531243024683621 0
2502 0.1565908398251066 0.1551788757698327 0
2503 0.1791476873525119 0.1511950688676108 0
2504 0.1752786284730884 0.1618897199985591 0
2505 0.1826248679095005 0.1706701431312267 0
2506 0.170514991465321 0.1718413780992448 0
2507 0.1938653589235548 0.1687520480878599 0
2508 0.1899942652391571 0.179441607632997 0
2509 0.1973417484762197 0.188227183787212 0
2510 0.1851999202921917 0.1893516010477439 0
2511 0.2085765983045549 0.1863232284046811 0
2512 0.204714868483178 0.1969998120301269 0
2513 0.2120668424255241 0.2057847170233707 0
2514 0.1998912675864624 0.2068653526639635 0
2515 0.223301832305408 0.203880434237168 0
2516 0.219443460669573 0.2145548300456564 0
2517 0.2267975314686314 0.223339007799582 0
2518 0.2145883117422702 0.2243786376052907 0
2519 0.2380307259430349 0.2214344896173602 0
2520 0.2341752409849416 0.2321075610655486 0
2521 0.2415298510514847 0.2408910867182281 0
2522 0.2292874987795111 0.2418910349478798 0
2523 0.2527607540645429 0.2389871971765807 0
2524 0.2489074602359278 0.2496590982017545 0
2525 0.2562618124978902 0.2584423968731307 0
2526 0.2439866848238577 0.2594028959462954 0
2527 0.2674906193988356 0.2565397608004477 0
2528 0.2636390404896526 0.2672104319419703 0
2529 0.2709929548532068 0.2759938161710733 0
2530 0.2586851678146216 0.2769146832649407 0
2531 0.2822294269040884 0.2740800140074944 0
2532 0.2783714831306708 0.284759925867599 0
2533 0.2857237409609195 0.2935452623129969 0
2534 0.2735508059077583 0.2946086792596528 0
2535 0.2970886552013086 0.2915193392741392 0
2536 0.2940209224980126 0.3031895815808669 0
2537 0.2818499339730061 0.3205639463388863 0
2538 0.3401356379025497 0.3901005687950246 0
2539 0.2962375395991939 0.3378707256380327 0
2540 0.4897761878060927 0.4481477466129677 0
2541 0.4943221159286851 0.4567561813300964 0
2542 0.06215191515594753 0.05892422849382484 0
2543 0.3855349729588456 0.4393544647631678 0
2544 0.4469109636136673 0.4746156221771152 0
2545 0.0381990784301508 0.008651252056033842 0
2546 0.3555908563661193 0.3912904138922792 0
2547 0.1491893324103759 0.1459597919970801 0
2548 0.1637696458604476 0.1634098516064475 0
2549 0.1501641928654509 0.1640201493412099 0
2550 0.1652857549681447 0.1815800292652437 0
2551 0.1333952223738283 0.1279954247525838 0
2552 0.1780055050902759 0.1806462452970013 0
2553 0.1362379109376457 0.1467258019039428 0
2554 0.1799270972408266 0.19904105508846 0
2555 0.05757928020270031 0.03911403765520149 0
2556 0.1926990408012911 0.1981612857391805 0
2557 0.2068472779147431 0.2154204561933073 0
2558 0.1940517179010151 0.2163376553896418 0
2559 0.2215312814292645 0.2329226460960488 0
2560 0.2086799909388252 0.2337882829239915 0
2561 0.2362165490525175 0.2504235592972428 0
2562 0.223310614868332 0.2512369800091689 0
2563 0.1186931644800484 0.1106956673365347 0
2564 0.2509018070158799 0.2679239789968231 0
2565 0.2379422825302308 0.2686847382045807 0
2566 0.2657824384857356 0.2856367892991685 0
2567 0.2528328903280489 0.2862812504923466 0
2568 0.1212200470657702 0.1292851756533947 0
2569 0.2815983134491802 0.30357334260417 0
2570 0.2684915235741454 0.3041738765592877 0
2571 0.3720352389901942 0.4132845999950581 0
2572 0.05074480682511595 0.02980293410261525 0
2573 0.4273051526583616 0.4699638919680615 0
2574 0.4274906890879993 0.4607025006702768 0
2575 0.4185400723364918 0.4540571157712364 0
2576 0.4089616379594334 0.4603703706125882 0
2577 0.4427974510573366 0.4634745737555876 0
2578 0.1068828175191718 0.1120564621641298 0
2579 0.1037886048755839 0.09318445597048053 0
2580 0.3394150526961093 0.356470841914344 0
2581 0.09152257450599155 0.09435572595974345 0
2582 0.3065168008555566 0.336465612701539 0
2583 0.3998787996899744 0.4547192121375632 0
2584 0.01741476798811603 0.007893597332030267 0
2585 0.3568961319469011 0.3610218144932311 0
2586 0.09161410712791607 0.04585641211855546 0
2587 0.4679572349537072 0.4783930389523022 0
2588 0.09110926754472337 0.0760430401319222 0
2589 0.3539512380521375 0.407993870351568 0
2590 0.4886855841295377 0.4640795054782638 0
2591 0.3100057416168497 0.3558320432471761 0
2592 0.5061284888560176 0.4825327982102388 0
2593 0.5042968439908757 0.4560653507715963 0
2594 0.3131802723440619 0.3079667556547581 0
2595 0.06438932197504077 0.04673952154885619 0
2596 0.4354595012800131 0.4585282917063163 0
2597 0.4010144594044804 0.4441326308815698 0
2598 0.08898415603961429 0.05499026146471891 0
2599 0.5074654697118373 0.4480136608879928 0
2600 0.4850127072057741 0.4556547702601858 0
2601 0.0275620744632008 0.007285100823175961 0
2602 0.4309724026024827 0.4514101259441612 0
2603 0.347338673245134 0.36205488757184 0
2604 0.07477222738050737 0.07838156248506667 0
2605 0.2872060071686537 0.3118191704981762 0
2606 0.3125945677250584 0.3446851766718364 0
2607 0.2905416141053853 0.320698282371936 0
2608 0.5207119076327007 0.4494527188964709 0
2609 0.3032379592042143 0.3085385240813599 0
2610 0.06630289521526833 0.03680671710004058 0
2611 0.4974717813188823 0.4836769534082257 0
2612 0.4095068040359797 0.4513710947025871 0
2613 0.4159756175508625 0.4460979424162836 0
2614 0.3481896375301621 0.3875529105337407 0
2615 0.4771913411729303 0.4546866153842455 0
2616 0.3289465667532274 0.3245091458764547 0
2617 0.3149685592720911 0.3352256275073178 0
2618 0.4914235832966661 0.4719767974889459 0
2619 0.03373612061120812 0.01583649358043249 0
2620 0.4340101096279364 0.4654865364507285 0
2621 0.3568794833295504 0.399293232097711 0
2622 0.5331978852881976 0.4602853283616855 0
2623 0.6585175864550401 0.4668530556002533 0
2624 0.630416894866212 0.4576004402958286 0
2625 0.5621118000072564 0.4540207219605537 0
2626 0.5848473213288563 0.4550977894427455 0
2627 0.607634207256524 0.4562911822440905 0
2628 0.5547380920247135 0.483642701150989 0
2629 0.6346538689411803 0.4878309095488593 0
2630 0.5775520862829397 0.4848259358436398 0
2631 0.6118411662661438 0.4866230304049273 0
2632 0.5319259149245522 0.4824292992971921 0
2633 0.6574679135794129 0.489008676653447 0
2634 0.5433357348594032 0.4830632617114256 0
2635 0.5495463634992103 0.4735201785397998 0
2636 0.5609170392957459 0.474087242847338 0
2637 0.5557923051328066 0.4638499179628286 0
2638 0.5671893421224836 0.4643275401566422 0
2639 0.5506996870540116 0.4535539953273933 0
2640 0.5444732258160139 0.4628673142040754 0
2641 0.5381484153430531 0.4729858530576356 0
2642 0.6460543307150649 0.4884465152112922 0
2643 0.640875248367541 0.4783065225801448 0
2644 0.6295075879621111 0.477681921182747 0
2645 0.6356743401332454 0.4680363580218112 0
2646 0.6242898121907478 0.4673200489889373 0
2647 0.6418152772883602 0.4583291610696384 0
2648 0.6470341224101096 0.4682423030358489 0
2649 0.6522666095926469 0.4789665341940467 0
2650 0.6180909547976405 0.4770318029920869 0
2651 0.6128122600390647 0.4666550132425271 0
2652 0.5723390917100344 0.4746339560862765 0
2653 0.5786044549766767 0.4648631160601795 0
2654 0.5889834242978019 0.4854264048045602 0
2655 0.5837532078426091 0.4751944996474071 0
2656 0.5951706222922213 0.4758268315166954 0
2657 0.5898466045847847 0.4655654370415618 0
2658 0.6013953038802594 0.466046278131824 0
2659 0.6003988353392635 0.4860213475104398 0
2660 0.6066181904357656 0.4763673839664168 0
2661 0.619000267653796 0.456859261233659 0
2662 0.5734980726769839 0.4545458208461179 0
2663 0.5962191463197321 0.4557239079218697 0
2664 0.5661351974882797 0.484238677581473 0
2665 0.6232569015134201 0.4872322992382932 0
2666 0.5396267913645637 0.4517450624745557 0
2667 0.6530165994679066 0.4576875705105815 0
2668 0.6622075784921156 0.4764268201994517 0
2669 0.528527376512351 0.4694209376795846 0
2670 0.52350974957954 0.4774891349140078 0
2671 0.6663543620813313 0.4849753038377722 0
2672 0.6668907332485049 0.4923924790539128 0
2673 0.5222010107826116 0.4848096120143968 0
2674 0.5978566259416747 0.4254280973304861 0
2675 0.5786223189653716 0.4270753846516542 0
2676 0.6168133769596007 0.4290768931896014 0
2677 0.5617285939612567 0.4341584719980551 0
2678 0.632874172135014 0.4378870537559492 0
2679 0.5849061992264489 0.4356737372177263 0
2680 0.6096651478717221 0.4369712987336078 0
2681 0.5973437327299711 0.4352146828092118 0
2682 0.606701112149146 0.4268589054070442 0
2683 0.5889110305855881 0.4259265667390341 0
2684 0.6200998236238355 0.4384697144170748 0
2685 0.5743720586311748 0.4360732238022329 0
2686 0.5516151271091859 0.4367199936419071 0
2687 0.6426644844364209 0.441491688264575 0
2688 0.6259657445703124 0.4308040967839474 0
2689 0.5693395470445922 0.4278364435223818 0
$EndNodes
$Elements
5378
1 15 2 6 9 9
2 15 2 7 12 12
3 1 2 5 6 6 87
4 1 2 5 6 87 88
5 1 2 5 6 88 89
6 1 2 5 6 89 90
7 1 2 5 6 90 91
8 1 2 5 6 91 92
9 1 2 5 6 92 93
10 1 2 5 6 93 94
11 1 2 5 6 94 95
12 1 2 5 6 95 96
13 1 2 5 6 96 97
14 1 2 5 6 97 98
15 1 2 5 6 98 99
16 1 2 5 6 99 100
17 1 2 5 6 100 101
18 1 2 5 6 101 102
19 1 2 5 6 102 103
20 1 2 5 6 103 104
21 1 2 5 6 104 105
22 1 2 5 6 105 106
23 1 2 5 6 106 107
24 1 2 5 6 107 108
25 1 2 5 6 108 109
26 1 2 5 6 109 110
27 1 2 5 6 110 111
28 1 2 5 6 111 112
29 1 2 5 6 112 113
30 1 2 5 6 113 114
31 1 2 5 6 114 115
32 1 2 5 6 115 116
33 1 2 5 6 116 117
34 1 2 5 6 117 118
35 1 2 5 6 118 119
36 1 2 5 6 119 120
37 1 2 5 6 120 121
38 1 2 5 6 121 122
39 1 2 5 6 122 123
40 1 2 5 6 123 124
41 1 2 5 6 124 125
42 1 2 5 6 125 126
43 1 2 5 6 126 127
44 1 2 5 6 127 128
45 1 2 5 6 128 129
46 1 2 5 6 129 130
47 1 2 5 6 130 131
48 1 2 5 6 131 132
49 1 2 5 6 132 133
50 1 2 5 6 133 134
51 1 2 5 6 134 135
52 1 2 5 6 135 136
53 1 2 5 6 136 137
54 1 2 5 6 137 138
55 1 2 5 6 138 139
56 1 2 5 6 139 140
57 1 2 5 6 140 141
58 1 2 5 6 141 142
59 1 2 5 6 142 143
60 1 2 5 6 143 7
61 1 2 4 9 9 10
62 1 2 5 11 7 188
63 1 2 5 11 188 189
64 1 2 5 11 189 190
65 1 2 5 11 190 191
66 1 2 5 11 191 11
67 1 2 4 12 11 192
68 1 2 4 12 192 193
69 1 2 4 12 193 194
70 1 2 4 12 194 195
71 1 2 4 12 195 196
72 1 2 4 12 196 197
73 1 2 4 12 197 198
74 1 2 4 12 198 199
75 1 2 4 12 199 200
76 1 2 4 12 200 201
77 1 2 4 12 201 202
78 1 2 4 12 202 203
79 1 2 4 12 203 204
80 1 2 4 12 204 205
81 1 2 4 12 205 206
82 1 2 4 12 206 207
83 1 2 4 12 207 208
84 1 2 4 12 208 209
85 1 2 4 12 209 210
86 1 2 4 12 210 211
87 1 2 4 12 211 212
88 1 2 4 12 212 213
89 1 2 4 12 213 214
90 1 2 4 12 214 215
91 1 2 4 12 215 216
92 1 2 4 12 216 217
93 1 2 4 12 217 218
94 1 2 4 12 218 219
95 1 2 4 12 219 220
96 1 2 4 12 220 221
97 1 2 4 12 221 222
98 1 2 4 12 222 223
99 1 2 4 12 223 224
100 1 2 4 12 224 225
101 1 2 4 12 225 12
102 1 2 4 13 12 226
103 1 2 4 13 226 227
104 1 2 4 13 227 228
105 1 2 4 13 228 229
106 1 2 4 13 229 230
107 1 2 4 13 230 231
108 1 2 4 13 231 232
109 1 2 4 13 232 233
110 1 2 4 13 233 234
111 1 2 4 13 234 235
112 1 2 4 13 235 236
113 1 2 4 13 236 237
114 1 2 4 13 237 238
115 1 2 4 13 238 9
116 1 2 4 15 13 243
117 1 2 4 15 243 244
118 1 2 4 15 244 245
119 1 2 4 15 245 14
120 1 2 4 16 14 246
121 1 2 4 16 246 247
122 1 2 4 16 247 248
123 1 2 4 16 248 249
124 1 2 4 16 249 250
125 1 2 4 16 250 251
126 1 2 4 16 251 252
127 1 2 4 16 252 253
128 1 2 4 16 253 254
129 1 2 4 16 254 255
130 1 2 4 16 255 15
131 1 2 4 17 15 256
132 1 2 4 17 256 257
133 1 2 4 17 257 258
134 1 2 4 17 258 259
135 1 2 4 17 259 260
136 1 2 4 17 260 261
137 1 2 4 17 261 262
138 1 2 4 17 262 263
139 1 2 4 17 263 264
140 1 2 4 17 264 265
141 1 2 4 17 265 266
142 1 2 4 17 266 267
143 1 2 4 17 267 268
144 1 2 4 17 268 269
145 1 2 4 17 269 270
146 1 2 4 17 270 271
147 1 2 4 17 271 272
148 1 2 4 17 272 273
149 1 2 4 17 273 274
150 1 2 4 17 274 275
151 1 2 4 17 275 276
152 1 2 4 17 276 277
153 1 2 4 17 277 278
154 1 2 4 17 278 279
155 1 2 4 17 279 280
156 1 2 4 17 280 281
157 1 2 4 17 281 282
158 1 2 4 17 282 283
159 1 2 4 17 283 284
160 1 2 4 17 284 285
161 1 2 4 17 285 286
162 1 2 4 17 286 287
163 1 2 4 17 287 288
164 1 2 4 17 288 289
165 1 2 4 17 289 290
166 1 2 4 17 290 291
167 1 2 4 17 291 292
168 1 2 4 17 292 293
169 1 2 4 17 293 294
170 1 2 4 17 294 295
171 1 2 4 17 295 296
172 1 2 4 17 296 297
173 1 2 4 17 297 298
174 1 2 4 17 298 299
175 1 2 4 17 299 300
176 1 2 4 17 300 301
177 1 2 4 17 301 302
178 1 2 4 17 302 303
179 1 2 4 17 303 304
180 1 2 4 17 304 16
181 1 2 5 18 16 305
182 1 2 5 18 305 306
183 1 2 5 18 306 307
184 1 2 5 18 307 308
185 1 2 5 18 308 309
186 1 2 5 18 309 6
187 1 2 4 19 10 310
188 1 2 4 19 310 311
189 1 2 4 19 311 312
190 1 2 4 19 312 313
191 1 2 4 19 313 314
192 1 2 4 19 314 315
193 1 2 4 19 315 316
194 1 2 4 19 316 317
195 1 2 4 19 317 318
196 1 2 4 19 318 319
197 1 2 4 19 319 320
198 1 2 4 19 320 321
199 1 2 4 19 321 322
200 1 2 4 19 322 13
201 2 2 1 1 51 1544 52
202 2 2 1 1 390 1701 1302
203 2 2 1 1 422 2045 424
204 2 2 1 1 356 2026 1384
205 2 2 1 1 394 2020 1976
206 2 2 1 1 798 1451 1307
207 2 2 1 1 798 1307 1306
208 2 2 1 1 1976 2020 1383
209 2 2 1 1 391 1714 1290
210 2 2 1 1 965 1360 1068
211 2 2 1 1 1359 2049 1332
212 2 2 1 1 1360 2049 1359
213 2 2 1 1 1652 1897 355
214 2 2 1 1 351 1722 1281
215 2 2 1 1 1290 1997 391
216 2 2 1 1 396 2029 1584
217 2 2 1 1 5 2001 35
218 2 2 1 1 1302 2072 390
219 2 2 1 1 1323 2029 396
220 2 2 1 1 1451 2162 1307
221 2 2 1 1 1281 2098 351
222 2 2 1 1 1988 2058 1295
223 2 2 1 1 1301 1344 366
224 2 2 1 1 362 1346 1345
225 2 2 1 1 1355 1356 1203
226 2 2 1 1 1188 1689 1688
227 2 2 1 1 1411 1694 1292
228 2 2 1 1 1317 1795 342
229 2 2 1 1 65 1690 66
230 2 2 1 1 1368 2045 422
231 2 2 1 1 366 2088 1301
232 2 2 1 1 1688 1690 1188
233 2 2 1 1 1648 1897 1652
234 2 2 1 1 368 1544 51
235 2 2 1 1 1463 2024 1987
236 2 2 1 1 392 1721 1334
237 2 2 1 1 1306 1358 798
238 2 2 1 1 362 2089 1346
239 2 2 1 1 1690 2076 1277
240 2 2 1 1 386 2058 1988
241 2 2 1 1 1061 1336 1097
242 2 2 1 1 1384 2071 356
243 2 2 1 1 508 1330 1328
244 2 2 1 1 1341 1439 346
245 2 2 1 1 1307 2162 1309
246 2 2 1 1 964 1360 965
247 2 2 1 1 1219 1343 1342
248 2 2 1 1 349 1455 1354
249 2 2 1 1 1384 2026 1386
250 2 2 1 1 426 1348 428
251 2 2 1 1 1340 1439 1341
252 2 2 1 1 1322 1342 1202
253 2 2 1 1 1036 1339 870
254 2 2 1 1 428 1939 430
255 2 2 1 1 1348 1939 428
256 2 2 1 1 1202 2094 1322
257 2 2 1 1 416 1358 418
258 2 2 1 1 389 1694 1411
259 2 2 1 1 1283 2014 1640
260 2 2 1 1 1640 2127 1283
261 2 2 1 1 871 1339 1337
262 2 2 1 1 1203 2001 1355
263 2 2 1 1 350 2121 2013
264 2 2 1 1 1061 1350 1336
265 2 2 1 1 1544 1545 52
266 2 2 1 1 643 1358 1326
267 2 2 1 1 342 2073 1317
268 2 2 1 1 1322 1325 24
269 2 2 1 1 2013 2121 1300
270 2 2 1 1 2052 2066 1431
271 2 2 1 1 1077 1485 1484
272 2 2 1 1 1340 1341 1339
273 2 2 1 1 1485 1936 1486
274 2 2 1 1 1077 1936 1485
275 2 2 1 1 1469 1818 1470
276 2 2 1 1 76 1365 77
277 2 2 1 1 1080 1974 1457
278 2 2 1 1 1068 1360 1326
279 2 2 1 1 391 1997 1610
280 2 2 1 1 871 1337 1336
281 2 2 1 1 1328 1348 508
282 2 2 1 1 77 1365 361
283 2 2 1 1 1987 2024 1048
284 2 2 1 1 1455 2096 1354
285 2 2 1 1 66 1690 1688
286 2 2 1 1 347 1690 65
287 2 2 1 1 508 1348 426
288 2 2 1 1 1188 1690 1277
289 2 2 1 1 1324 2018 97
290 2 2 1 1 176 1528 177
291 2 2 1 1 35 2001 371
292 2 2 1 1 371 1955 1386
293 2 2 1 1 981 2066 2052
294 2 2 1 1 347 2076 1690
295 2 2 1 1 1610 2060 391
296 2 2 1 1 1355 2001 5
297 2 2 1 1 1036 1340 1339
298 2 2 1 1 1326 1359 643
299 2 2 1 1 1076 1689 1188
300 2 2 1 1 97 2141 1324
301 2 2 1 1 870 1339 871
302 2 2 1 1 1296 1996 1991
303 2 2 1 1 1484 1487 1077
304 2 2 1 1 1192 1996 1296
305 2 2 1 1 1457 2145 1080
306 2 2 1 1 1180 1689 1076
307 2 2 1 1 1327 2023 94
308 2 2 1 1 29 2101 1321
309 2 2 1 1 1336 1337 1097
310 2 2 1 1 1543 1962 1545
311 2 2 1 1 1783 2140 365
312 2 2 1 1 365 2138 1783
313 2 2 1 1 905 1487 903
314 2 2 1 1 1880 2075 398
315 2 2 1 1 2134 2137 1815
316 2 2 1 1 1511 2076 2016
317 2 2 1 1 359 2137 2134
318 2 2 1 1 162 1461 163
319 2 2 1 1 1343 2057 816
320 2 2 1 1 1818 2124 1470
321 2 2 1 1 798 1358 416
322 2 2 1 1 94 2146 1327
323 2 2 1 1 367 2030 1305
324 2 2 1 1 418 1358 643
325 2 2 1 1 388 1897 1648
326 2 2 1 1 1322 2094 1325
327 2 2 1 1 1025 2128 2123
328 2 2 1 1 816 2108 1343
329 2 2 1 1 1334 2062 392
330 2 2 1 1 2123 2128 1656
331 2 2 1 1 889 2024 1465
332 2 2 1 1 39 2025 40
333 2 2 1 1 1528 2120 177
334 2 2 1 1 2016 2076 347
335 2 2 1 1 1880 2161 2075
336 2 2 1 1 2085 2094 1201
337 2 2 1 1 1163 2122 2118
338 2 2 1 1 1337 1341 1338
339 2 2 1 1 2118 2122 1642
340 2 2 1 1 430 1939 467
341 2 2 1 1 1077 1487 905
342 2 2 1 1 669 1372 415
343 2 2 1 1 1349 1372 669
344 2 2 1 1 1325 2094 2085
345 2 2 1 1 424 2045 508
346 2 2 1 1 974 1351 1350
347 2 2 1 1 1386 2064 371
348 2 2 1 1 373 2102 1321
349 2 2 1 1 1648 2028 388
350 2 2 1 1 1968 2019 1329
351 2 2 1 1 1316 1971 1473
352 2 2 1 1 1497 1993 1212
353 2 2 1 1 1219 2057 1343
354 2 2 1 1 1465 2148 889
355 2 2 1 1 1345 1347 362
356 2 2 1 1 1721 2047 1334
357 2 2 1 1 1336 1350 1199
358 2 2 1 1 1190 2021 2006
359 2 2 1 1 1144 2039 2003
360 2 2 1 1 396 2150 1323
361 2 2 1 1 402 2031 1998
362 2 2 1 1 974 1352 1351
363 2 2 1 1 1350 1351 1199
364 2 2 1 1 1556 2010 1275
365 2 2 1 1 6 87 42
366 2 2 1 1 1411 1511 389
367 2 2 1 1 1039 1556 1490
368 2 2 1 1 1321 2101 373
369 2 2 1 1 1432 1987 1048
370 2 2 1 1 1305 2126 367
371 2 2 1 1 3 2101 29
372 2 2 1 1 1486 1936 1490
373 2 2 1 1 669 1373 1349
374 2 2 1 1 1821 2000 912
375 2 2 1 1 370 2011 1529
376 2 2 1 1 419 1374 417
377 2 2 1 1 361 1365 1363
378 2 2 1 1 1321 2088 29
379 2 2 1 1 1824 2099 336
380 2 2 1 1 1545 1962 363
381 2 2 1 1 969 1350 1061
382 2 2 1 1 86 1355 5
383 2 2 1 1 346 2104 1341
384 2 2 1 1 1490 1936 1039
385 2 2 1 1 1335 2058 71
386 2 2 1 1 415 1372 413
387 2 2 1 1 1557 1994 1093
388 2 2 1 1 1326 1358 1306
389 2 2 1 1 2093 2095 1670
390 2 2 1 1 1353 1395 863
391 2 2 1 1 1420 1948 1942
392 2 2 1 1 18 400 1
393 2 2 1 1 18 401 400
394 2 2 1 1 1543 1545 1544
395 2 2 1 1 974 1350 969
396 2 2 1 1 1259 2083 1686
397 2 2 1 1 1267 2095 2093
398 2 2 1 1 390 1461 162
399 2 2 1 1 2006 2021 1426
400 2 2 1 1 2034 2077 55
401 2 2 1 1 366 1824 27
402 2 2 1 1 1701 2036 1302
403 2 2 1 1 1386 1955 1385
404 2 2 1 1 2074 2079 360
405 2 2 1 1 1342 1343 1202
406 2 2 1 1 1371 1981 1214
407 2 2 1 1 1296 2079 2074
408 2 2 1 1 1435 1982 1899
409 2 2 1 1 1465 2024 1463
410 2 2 1 1 1511 2016 389
411 2 2 1 1 1051 2084 2078
412 2 2 1 1 791 1888 730
413 2 2 1 1 1857 1937 789
414 2 2 1 1 1945 2098 1579
415 2 2 1 1 517 1417 427
416 2 2 1 1 2078 2084 1673
417 2 2 1 1 71 2131 1335
418 2 2 1 1 25 1322 24
419 2 2 1 1 26 1824 336
420 2 2 1 1 1339 1341 1337
421 2 2 1 1 1180 1691 1689
422 2 2 1 1 23 1325 353
423 2 2 1 1 1371 1435 611
424 2 2 1 1 20 1333 364
425 2 2 1 1 1416 1417 517
426 2 2 1 1 741 1993 1497
427 2 2 1 1 2061 2063 1622
428 2 2 1 1 1442 1978 1883
429 2 2 1 1 1435 1899 611
430 2 2 1 1 1473 2139 1316
431 2 2 1 1 1186 2063 2061
432 2 2 1 1 1193 1455 1454
433 2 2 1 1 508 2045 1330
434 2 2 1 1 1487 1968 903
435 2 2 1 1 2040 2044 1593
436 2 2 1 1 863 1888 1353
437 2 2 1 1 1048 2052 1432
438 2 2 1 1 1210 2044 2040
439 2 2 1 1 1694 2136 1292
440 2 2 1 1 2029 2152 1584
441 2 2 1 1 368 2060 1610
442 2 2 1 1 388 2028 1693
443 2 2 1 1 1356 2144 1203
444 2 2 1 1 1686 2119 1259
445 2 2 1 1 1415 1969 1362
446 2 2 1 1 1333 2157 364
447 2 2 1 1 1461 2073 163
448 2 2 1 1 1346 1945 1579
449 2 2 1 1 1385 1955 1116
450 2 2 1 1 1352 1440 1399
451 2 2 1 1 427 1417 425
452 2 2 1 1 1295 2058 1335
453 2 2 1 1 417 1374 669
454 2 2 1 1 1401 1979 1381
455 2 2 1 1 437 1367 435
456 2 2 1 1 1899 1982 1374
457 2 2 1 1 941 1425 980
458 2 2 1 1 1342 2099 1219
459 2 2 1 1 2067 2070 335
460 2 2 1 1 1039 2010 1556
461 2 2 1 1 611 1981 1371
462 2 2 1 1 1415 1416 517
463 2 2 1 1 1487 2019 1968
464 2 2 1 1 1272 2000 1821
465 2 2 1 1 942 1425 941
466 2 2 1 1 1337 1338 1097
467 2 2 1 1 507 1375 433
468 2 2 1 1 532 1541 534
469 2 2 1 1 1361 1375 507
470 2 2 1 1 1353 1478 1395
471 2 2 1 1 1395 1478 1394
472 2 2 1 1 1422 1426 1425
473 2 2 1 1 2003 2039 1702
474 2 2 1 1 1401 1403 642
475 2 2 1 1 1344 1994 1557
476 2 2 1 1 1369 1857 789
477 2 2 1 1 1036 1437 1340
478 2 2 1 1 419 1899 1374
479 2 2 1 1 1610 2115 368
480 2 2 1 1 1976 2154 394
481 2 2 1 1 1942 1948 787
482 2 2 1 1 974 1440 1352
483 2 2 1 1 1293 2070 2067
484 2 2 1 1 1403 1407 642
485 2 2 1 1 433 1375 431
486 2 2 1 1 1215 1937 1857
487 2 2 1 1 507 1366 1361
488 2 2 1 1 1269 2099 1824
489 2 2 1 1 1423 1425 942
490 2 2 1 1 1795 2047 342
491 2 2 1 1 789 1443 1369
492 2 2 1 1 353 2007 22
493 2 2 1 1 21 2007 1333
494 2 2 1 1 517 1969 1415
495 2 2 1 1 1432 2052 1431
496 2 2 1 1 1199 1888 791
497 2 2 1 1 957 1405 1116
498 2 2 1 1 1438 2116 1439
499 2 2 1 1 1111 1951 1112
500 2 2 1 1 1399 1478 1352
501 2 2 1 1 1344 2086 366
502 2 2 1 1 1998 2031 369
503 2 2 1 1 1379 1381 948
504 2 2 1 1 942 1427 1423
505 2 2 1 1 1394 1478 979
506 2 2 1 1 536 1406 586
507 2 2 1 1 2 369 178
508 2 2 1 1 1422 1942 1426
509 2 2 1 1 356 2025 39
510 2 2 1 1 2028 2082 1693
511 2 2 1 1 1420 1942 1422
512 2 2 1 1 353 2069 2007
513 2 2 1 1 1395 1446 863
514 2 2 1 1 1116 1405 1385
515 2 2 1 1 435 1367 507
516 2 2 1 1 1425 1426 980
517 2 2 1 1 730 1888 863
518 2 2 1 1 639 1935 630
519 2 2 1 1 1883 1978 1367
520 2 2 1 1 979 1406 1394
521 2 2 1 1 1112 1951 1587
522 2 2 1 1 735 1551 1370
523 2 2 1 1 642 1979 1401
524 2 2 1 1 2116 2147 1439
525 2 2 1 1 1651 2077 2034
526 2 2 1 1 344 1355 86
527 2 2 1 1 628 1555 625
528 2 2 1 1 650 1387 639
529 2 2 1 1 534 1541 537
530 2 2 1 1 1370 1387 735
531 2 2 1 1 355 2129 1652
532 2 2 1 1 735 1387 650
533 2 2 1 1 586 1406 979
534 2 2 1 1 1341 2104 1338
535 2 2 1 1 1082 1436 1060
536 2 2 1 1 437 1883 1367
537 2 2 1 1 1369 1443 1409
538 2 2 1 1 1387 1935 639
539 2 2 1 1 28 2088 366
540 2 2 1 1 669 1374 1373
541 2 2 1 1 948 1418 1379
542 2 2 1 1 948 1541 532
543 2 2 1 1 1326 1360 1359
544 2 2 1 1 1352 1353 1351
545 2 2 1 1 1823 1906 1549
546 2 2 1 1 1354 2035 349
547 2 2 1 1 646 1554 1388
548 2 2 1 1 1760 1914 736
549 2 2 1 1 1388 1554 1222
550 2 2 1 1 528 1418 530
551 2 2 1 1 351 2098 1945
552 2 2 1 1 1388 1390 646
553 2 2 1 1 828 1405 957
554 2 2 1 1 82 1433 83
555 2 2 1 1 1376 1377 653
556 2 2 1 1 1045 2041 2037
557 2 2 1 1 1352 1478 1353
558 2 2 1 1 1928 1970 1189
559 2 2 1 1 1332 1368 1359
560 2 2 1 1 1390 1392 646
561 2 2 1 1 1373 1436 1349
562 2 2 1 1 1437 1438 1340
563 2 2 1 1 1090 1446 1395
564 2 2 1 1 1908 1966 953
565 2 2 1 1 1214 1981 1417
566 2 2 1 1 344 1356 1355
567 2 2 1 1 1212 1993 1372
568 2 2 1 1 524 1531 526
569 2 2 1 1 978 1944 976
570 2 2 1 1 1399 1440 749
571 2 2 1 1 1276 1496 1491
572 2 2 1 1 1490 1556 1491
573 2 2 1 1 507 1367 1366
574 2 2 1 1 538 1406 536
575 2 2 1 1 2015 2017 1530
576 2 2 1 1 1351 1888 1199
577 2 2 1 1 1381 1541 948
578 2 2 1 1 706 1409 677
579 2 2 1 1 838 1459 886
580 2 2 1 1 736 1555 628
581 2 2 1 1 1377 1418 653
582 2 2 1 1 1349 1436 1082
583 2 2 1 1 625 1555 1554
584 2 2 1 1 916 1496 1410
585 2 2 1 1 771 1501 715
586 2 2 1 1 603 1392 587
587 2 2 1 1 1409 1443 677
588 2 2 1 1 1314 1508 1229
589 2 2 1 1 1378 1448 1380
590 2 2 1 1 1404 1441 912
591 2 2 1 1 1270 2005 1497
592 2 2 1 1 736 1914 1555
593 2 2 1 1 376 1432 1431
594 2 2 1 1 612 1546 1428
595 2 2 1 1 1438 1439 1340
596 2 2 1 1 1362 1969 1375
597 2 2 1 1 1060 1436 978
598 2 2 1 1 1429 1444 987
599 2 2 1 1 942 1444 1427
600 2 2 1 1 530 1418 948
601 2 2 1 1 376 1431 1430
602 2 2 1 1 82 1462 1433
603 2 2 1 1 1491 1556 1276
604 2 2 1 1 1270 2009 2005
605 2 2 1 1 1549 1906 1445
606 2 2 1 1 1635 1938 1636
607 2 2 1 1 747 1399 749
608 2 2 1 1 1402 1448 1441
609 2 2 1 1 653 1531 1376
610 2 2 1 1 1227 1931 1225
611 2 2 1 1 912 2000 1404
612 2 2 1 1 1370 1951 1111
613 2 2 1 1 646 1392 603
614 2 2 1 1 540 1393 538
615 2 2 1 1 1402 1441 1404
616 2 2 1 1 1061 1096 970
617 2 2 1 1 751 1440 829
618 2 2 1 1 653 1418 528
619 2 2 1 1 969 970 915
620 2 2 1 1 671 1446 633
621 2 2 1 1 790 870 791
622 2 2 1 1 83 1433 376
623 2 2 1 1 580 1407 613
624 2 2 1 1 1427 1444 1429
625 2 2 1 1 987 1445 1429
626 2 2 1 1 729 790 730
627 2 2 1 1 1112 1978 1442
628 2 2 1 1 1423 1427 1424
629 2 2 1 1 401 402 400
630 2 2 1 1 642 1407 580
631 2 2 1 1 670 729 671
632 2 2 1 1 829 1440 974
633 2 2 1 1 52 1545 53
634 2 2 1 1 829 915 828
635 2 2 1 1 957 1116 1046
636 2 2 1 1 53 1545 363
637 2 2 1 1 751 829 828
638 2 2 1 1 1096 1383 1382
639 2 2 1 1 1263 1911 1177
640 2 2 1 1 1554 1555 1222
641 2 2 1 1 1061 1097 1096
642 2 2 1 1 1378 1482 1448
643 2 2 1 1 630 1935 736
644 2 2 1 1 1353 1888 1351
645 2 2 1 1 1475 1618 1127
646 2 2 1 1 568 1870 1396
647 2 2 1 1 1116 1203 1046
648 2 2 1 1 670 671 633
649 2 2 1 1 1509 1810 1400
650 2 2 1 1 1547 1896 1413
651 2 2 1 1 837 1459 838
652 2 2 1 1 1889 1959 1565
653 2 2 1 1 1382 1384 1031
654 2 2 1 1 969 1061 970
655 2 2 1 1 444 1495 447
656 2 2 1 1 829 969 915
657 2 2 1 1 729 730 671
658 2 2 1 1 526 1531 653
659 2 2 1 1 443 1493 1492
660 2 2 1 1 1104 1482 1378
661 2 2 1 1 1870 1946 1261
662 2 2 1 1 376 1430 84
663 2 2 1 1 1087 1415 1414
664 2 2 1 1 1338 1976 1097
665 2 2 1 1 900 1810 1509
666 2 2 1 1 872 1036 870
667 2 2 1 1 917 1859 1531
668 2 2 1 1 1404 2000 1999
669 2 2 1 1 863 1446 671
670 2 2 1 1 599 1446 1090
671 2 2 1 1 917 1531 524
672 2 2 1 1 28 366 27
673 2 2 1 1 742 1501 1400
674 2 2 1 1 1877 1885 571
675 2 2 1 1 1397 1873 1396
676 2 2 1 1 1214 1416 1085
677 2 2 1 1 1380 1448 1402
678 2 2 1 1 970 1382 1031
679 2 2 1 1 1436 1944 978
680 2 2 1 1 1393 1406 538
681 2 2 1 1 527 1546 612
682 2 2 1 1 915 1405 828
683 2 2 1 1 1445 1923 1549
684 2 2 1 1 813 1409 706
685 2 2 1 1 751 828 799
686 2 2 1 1 1908 1911 1263
687 2 2 1 1 1092 1093 1091
688 2 2 1 1 1397 1877 1873
689 2 2 1 1 1458 1872 1460
690 2 2 1 1 715 1501 742
691 2 2 1 1 1400 1810 742
692 2 2 1 1 790 791 730
693 2 2 1 1 1087 1416 1415
694 2 2 1 1 1087 1414 1233
695 2 2 1 1 1427 1428 1424
696 2 2 1 1 614 633 599
697 2 2 1 1 749 751 750
698 2 2 1 1 771 1508 1501
699 2 2 1 1 870 871 791
700 2 2 1 1 1397 1885 1877
701 2 2 1 1 1475 1859 917
702 2 2 1 1 1492 1495 443
703 2 2 1 1 627 1477 626
704 2 2 1 1 1501 1508 1314
705 2 2 1 1 599 1090 582
706 2 2 1 1 1410 1553 916
707 2 2 1 1 886 1459 987
708 2 2 1 1 691 1547 1408
709 2 2 1 1 1412 1477 627
710 2 2 1 1 1216 1282 1037
711 2 2 1 1 583 599 582
712 2 2 1 1 612 1906 1823
713 2 2 1 1 1282 1437 1037
714 2 2 1 1 1396 1873 568
715 2 2 1 1 1408 1800 691
716 2 2 1 1 1297 2155 2083
717 2 2 1 1 1410 1496 1276
718 2 2 1 1 1229 1508 1227
719 2 2 1 1 1037 1437 1036
720 2 2 1 1 1271 2009 1270
721 2 2 1 1 536 586 535
722 2 2 1 1 1833 1925 1520
723 2 2 1 1 1096 1382 970
724 2 2 1 1 979 1399 747
725 2 2 1 1 1848 2021 1190
726 2 2 1 1 1638 1912 946
727 2 2 1 1 1101 1434 1371
728 2 2 1 1 970 1031 915
729 2 2 1 1 657 670 633
730 2 2 1 1 1738 1878 1140
731 2 2 1 1 1379 1418 1377
732 2 2 1 1 1551 1951 1370
733 2 2 1 1 1106 1502 1218
734 2 2 1 1 1460 1872 1030
735 2 2 1 1 1090 1395 1394
736 2 2 1 1 1381 1979 1541
737 2 2 1 1 1722 2062 1281
738 2 2 1 1 41 394 4
739 2 2 1 1 1085 1416 1087
740 2 2 1 1 1392 1887 587
741 2 2 1 1 586 979 747
742 2 2 1 1 1102 1482 1104
743 2 2 1 1 749 1440 751
744 2 2 1 1 1214 1417 1416
745 2 2 1 1 1447 1761 1539
746 2 2 1 1 1419 1420 624
747 2 2 1 1 534 535 533
748 2 2 1 1 626 1477 629
749 2 2 1 1 627 1447 1412
750 2 2 1 1 747 749 748
751 2 2 1 1 736 1935 1760
752 2 2 1 1 1459 1923 1445
753 2 2 1 1 1591 1890 1808
754 2 2 1 1 718 1970 1928
755 2 2 1 1 973 1092 1091
756 2 2 1 1 1434 1435 1371
757 2 2 1 1 581 582 540
758 2 2 1 1 1636 1938 1022
759 2 2 1 1 633 1446 599
760 2 2 1 1 627 1761 1447
761 2 2 1 1 532 533 531
762 2 2 1 1 691 1896 1547
763 2 2 1 1 447 1495 916
764 2 2 1 1 1083 1435 1434
765 2 2 1 1 1263 1966 1908
766 2 2 1 1 408 1450 1449
767 2 2 1 1 1414 1502 1233
768 2 2 1 1 146 1481 357
769 2 2 1 1 567 1540 588
770 2 2 1 1 1598 1614 1570
771 2 2 1 1 533 1419 624
772 2 2 1 1 530 531 529
773 2 2 1 1 443 1495 444
774 2 2 1 1 84 1430 85
775 2 2 1 1 1508 1931 1227
776 2 2 1 1 76 2156 1365
777 2 2 1 1 1269 1557 1092
778 2 2 1 1 1492 1493 1489
779 2 2 1 1 1553 1855 483
780 2 2 1 1 1254 1912 1638
781 2 2 1 1 647 1525 631
782 2 2 1 1 1404 1999 1403
783 2 2 1 1 1491 1496 1492
784 2 2 1 1 1631 1874 1619
785 2 2 1 1 530 532 531
786 2 2 1 1 973 1091 813
787 2 2 1 1 1093 1369 1091
788 2 2 1 1 1127 1859 1475
789 2 2 1 1 1495 1496 916
790 2 2 1 1 410 1449 875
791 2 2 1 1 436 1488 438
792 2 2 1 1 1428 1906 612
793 2 2 1 1 586 747 746
794 2 2 1 1 987 1444 888
795 2 2 1 1 1539 1761 763
796 2 2 1 1 984 1452 1201
797 2 2 1 1 364 2157 1967
798 2 2 1 1 758 1863 832
799 2 2 1 1 1433 1987 1432
800 2 2 1 1 1499 1539 763
801 2 2 1 1 875 1451 412
802 2 2 1 1 1218 1502 1414
803 2 2 1 1 790 872 870
804 2 2 1 1 1619 1663 1618
805 2 2 1 1 1248 1550 1506
806 2 2 1 1 375 1454 1453
807 2 2 1 1 1684 1923 837
808 2 2 1 1 1101 1507 1434
809 2 2 1 1 1844 1943 1513
810 2 2 1 1 1301 1321 1282
811 2 2 1 1 1618 1663 1127
812 2 2 1 1 975 1507 869
813 2 2 1 1 1489 1493 1488
814 2 2 1 1 156 1471 377
815 2 2 1 1 1488 1493 438
816 2 2 1 1 1614 1615 1570
817 2 2 1 1 484 1506 1442
818 2 2 1 1 1603 1826 1601
819 2 2 1 1 828 957 799
820 2 2 1 1 675 1933 1494
821 2 2 1 1 375 1453 149
822 2 2 1 1 148 1456 375
823 2 2 1 1 534 536 535
824 2 2 1 1 676 1476 491
825 2 2 1 1 1470 1472 1468
826 2 2 1 1 181 393 182
827 2 2 1 1 1219 1269 1092
828 2 2 1 1 1275 2010 1821
829 2 2 1 1 532 534 533
830 2 2 1 1 832 1502 1106
831 2 2 1 1 1476 1618 1475
832 2 2 1 1 1410 1855 1553
833 2 2 1 1 1088 1497 1212
834 2 2 1 1 582 1393 540
835 2 2 1 1 941 980 971
836 2 2 1 1 1159 1826 1603
837 2 2 1 1 586 746 535
838 2 2 1 1 1471 1472 377
839 2 2 1 1 581 583 582
840 2 2 1 1 1380 1401 1381
841 2 2 1 1 836 1558 1102
842 2 2 1 1 588 1540 763
843 2 2 1 1 467 1483 432
844 2 2 1 1 890 941 940
845 2 2 1 1 467 1484 1483
846 2 2 1 1 1521 1523 858
847 2 2 1 1 568 1946 1870
848 2 2 1 1 179 398 180
849 2 2 1 1 1396 1870 1231
850 2 2 1 1 1524 1866 1834
851 2 2 1 1 1248 1506 484
852 2 2 1 1 904 1458 906
853 2 2 1 1 1468 1472 1471
854 2 2 1 1 374 1466 153
855 2 2 1 1 904 1872 1458
856 2 2 1 1 1428 1546 1424
857 2 2 1 1 1089 1853 1510
858 2 2 1 1 1887 1924 921
859 2 2 1 1 405 1450 408
860 2 2 1 1 408 1449 410
861 2 2 1 1 1378 1380 1379
862 2 2 1 1 617 1503 1011
863 2 2 1 1 1569 1864 1570
864 2 2 1 1 1424 1546 1505
865 2 2 1 1 1525 1878 1738
866 2 2 1 1 491 1476 503
867 2 2 1 1 1011 1503 1498
868 2 2 1 1 1380 1381 1379
869 2 2 1 1 357 1457 1456
870 2 2 1 1 858 1559 1521
871 2 2 1 1 858 1525 647
872 2 2 1 1 979 1478 1399
873 2 2 1 1 403 1450 405
874 2 2 1 1 1562 1563 1398
875 2 2 1 1 1139 1734 1538
876 2 2 1 1 1212 1372 1349
877 2 2 1 1 1453 1455 349
878 2 2 1 1 1442 1883 484
879 2 2 1 1 1088 1212 1082
880 2 2 1 1 1808 1890 1540
881 2 2 1 1 1069 1452 984
882 2 2 1 1 410 875 412
883 2 2 1 1 1308 1452 1069
884 2 2 1 1 890 942 941
885 2 2 1 1 872 1037 1036
886 2 2 1 1 888 890 889
887 2 2 1 1 1424 1505 1421
888 2 2 1 1 1750 1804 1143
889 2 2 1 1 779 1925 1833
890 2 2 1 1 1102 1558 1482
891 2 2 1 1 1309 1310 1308
892 2 2 1 1 537 538 536
893 2 2 1 1 1434 1507 975
894 2 2 1 1 984 1201 966
895 2 2 1 1 1619 1874 1663
896 2 2 1 1 376 1433 1432
897 2 2 1 1 1626 1753 1504
898 2 2 1 1 869 1507 867
899 2 2 1 1 837 1923 1459
900 2 2 1 1 1375 1969 431
901 2 2 1 1 367 1480 144
902 2 2 1 1 832 1863 1502
903 2 2 1 1 916 1553 450
904 2 2 1 1 1525 1738 631
905 2 2 1 1 976 1944 1083
906 2 2 1 1 567 1808 1540
907 2 2 1 1 414 1451 798
908 2 2 1 1 1615 1616 1571
909 2 2 1 1 670 789 729
910 2 2 1 1 1516 1519 841
911 2 2 1 1 1236 1854 1637
912 2 2 1 1 529 1546 527
913 2 2 1 1 528 530 529
914 2 2 1 1 1378 1379 1377
915 2 2 1 1 1519 1559 841
916 2 2 1 1 1562 1678 857
917 2 2 1 1 8 367 144
918 2 2 1 1 1480 1481 145
919 2 2 1 1 1458 1460 1274
920 2 2 1 1 155 1471 156
921 2 2 1 1 533 624 531
922 2 2 1 1 1201 1202 966
923 2 2 1 1 1391 1959 1889
924 2 2 1 1 412 1451 414
925 2 2 1 1 1568 1615 1571
926 2 2 1 1 583 614 599
927 2 2 1 1 965 966 818
928 2 2 1 1 778 1807 1606
929 2 2 1 1 405 408 407
930 2 2 1 1 334 1462 81
931 2 2 1 1 1398 1678 1562
932 2 2 1 1 1538 1734 931
933 2 2 1 1 1307 1308 1069
934 2 2 1 1 81 1462 82
935 2 2 1 1 1081 1082 1060
936 2 2 1 1 670 1443 789
937 2 2 1 1 1454 1455 1453
938 2 2 1 1 440 1493 443
939 2 2 1 1 831 912 830
940 2 2 1 1 1570 1615 1568
941 2 2 1 1 1104 1378 1377
942 2 2 1 1 1090 1394 1393
943 2 2 1 1 841 1572 1516
944 2 2 1 1 587 1887 565
945 2 2 1 1 150 1453 349
946 2 2 1 1 357 1456 147
947 2 2 1 1 756 830 755
948 2 2 1 1 1510 1853 1247
949 2 2 1 1 1040 1274 1273
950 2 2 1 1 1616 1617 1571
951 2 2 1 1 987 1459 1445
952 2 2 1 1 1536 1538 931
953 2 2 1 1 1270 1497 1088
954 2 2 1 1 814 973 813
955 2 2 1 1 1222 1914 1094
956 2 2 1 1 906 1458 1040
957 2 2 1 1 145 1481 146
958 2 2 1 1 1212 1349 1082
959 2 2 1 1 702 755 754
960 2 2 1 1 702 756 755
961 2 2 1 1 666 1802 735
962 2 2 1 1 334 1463 1462
963 2 2 1 1 1569 1901 1864
964 2 2 1 1 483 702 701
965 2 2 1 1 1402 1403 1401
966 2 2 1 1 1750 1751 770
967 2 2 1 1 1081 1088 1082
968 2 2 1 1 1796 1832 1608
969 2 2 1 1 763 1540 1499
970 2 2 1 1 1330 1331 1067
971 2 2 1 1 1504 1753 1503
972 2 2 1 1 871 1336 1199
973 2 2 1 1 1537 1840 1831
974 2 2 1 1 1413 1896 1477
975 2 2 1 1 976 1083 975
976 2 2 1 1 1474 1475 917
977 2 2 1 1 761 1488 436
978 2 2 1 1 931 1581 1536
979 2 2 1 1 886 888 887
980 2 2 1 1 968 976 975
981 2 2 1 1 522 524 523
982 2 2 1 1 941 971 940
983 2 2 1 1 735 1802 1551
984 2 2 1 1 1563 1885 1398
985 2 2 1 1 150 349 151
986 2 2 1 1 1521 1559 1519
987 2 2 1 1 148 375 149
988 2 2 1 1 146 357 147
989 2 2 1 1 1225 1931 1408
990 2 2 1 1 1492 1496 1495
991 2 2 1 1 1537 1831 1538
992 2 2 1 1 617 1504 1503
993 2 2 1 1 1140 1878 1834
994 2 2 1 1 1466 1467 343
995 2 2 1 1 1391 1924 1390
996 2 2 1 1 1040 1458 1274
997 2 2 1 1 434 1483 761
998 2 2 1 1 154 1466 343
999 2 2 1 1 1494 1933 1255
1000 2 2 1 1 1550 1843 934
1001 2 2 1 1 438 1493 440
1002 2 2 1 1 522 1474 917
1003 2 2 1 1 708 813 706
1004 2 2 1 1 1548 1549 1123
1005 2 2 1 1 85 344 86
1006 2 2 1 1 1242 1543 1542
1007 2 2 1 1 676 1618 1476
1008 2 2 1 1 614 657 633
1009 2 2 1 1 1548 1823 1549
1010 2 2 1 1 430 467 432
1011 2 2 1 1 1500 1814 920
1012 2 2 1 1 756 831 830
1013 2 2 1 1 890 940 889
1014 2 2 1 1 1248 1843 1550
1015 2 2 1 1 968 975 869
1016 2 2 1 1 1101 1371 1214
1017 2 2 1 1 965 984 966
1018 2 2 1 1 1235 1639 1539
1019 2 2 1 1 152 374 153
1020 2 2 1 1 1601 1826 920
1021 2 2 1 1 709 1615 1614
1022 2 2 1 1 770 1804 1750
1023 2 2 1 1 679 1559 661
1024 2 2 1 1 1249 1819 1633
1025 2 2 1 1 1542 1710 1242
1026 2 2 1 1 408 410 409
1027 2 2 1 1 1523 1525 858
1028 2 2 1 1 1644 1710 1542
1029 2 2 1 1 1092 1557 1093
1030 2 2 1 1 1539 1639 1447
1031 2 2 1 1 1114 1552 1261
1032 2 2 1 1 1200 2017 2015
1033 2 2 1 1 1834 1878 1524
1034 2 2 1 1 1514 1572 882
1035 2 2 1 1 581 1479 583
1036 2 2 1 1 1309 1311 1310
1037 2 2 1 1 867 918 866
1038 2 2 1 1 510 522 521
1039 2 2 1 1 1494 1938 1635
1040 2 2 1 1 522 523 521
1041 2 2 1 1 1067 1638 946
1042 2 2 1 1 1512 1514 882
1043 2 2 1 1 1483 1485 761
1044 2 2 1 1 1101 1214 1085
1045 2 2 1 1 1596 1750 1143
1046 2 2 1 1 912 1441 830
1047 2 2 1 1 483 1855 702
1048 2 2 1 1 886 987 888
1049 2 2 1 1 154 343 155
1050 2 2 1 1 1380 1402 1401
1051 2 2 1 1 141 1526 378
1052 2 2 1 1 865 867 866
1053 2 2 1 1 549 1617 1616
1054 2 2 1 1 1102 1104 1103
1055 2 2 1 1 918 1101 1085
1056 2 2 1 1 397 1528 1527
1057 2 2 1 1 657 1443 670
1058 2 2 1 1 1506 1550 1108
1059 2 2 1 1 452 483 454
1060 2 2 1 1 531 1505 529
1061 2 2 1 1 888 1444 890
1062 2 2 1 1 510 1474 522
1063 2 2 1 1 1619 1713 1631
1064 2 2 1 1 1534 1581 859
1065 2 2 1 1 551 1617 549
1066 2 2 1 1 1751 1789 770
1067 2 2 1 1 1441 1448 833
1068 2 2 1 1 589 1548 1123
1069 2 2 1 1 1307 1309 1308
1070 2 2 1 1 432 1483 434
1071 2 2 1 1 144 1480 145
1072 2 2 1 1 1637 1854 1179
1073 2 2 1 1 1532 1534 859
1074 2 2 1 1 1384 1386 1385
1075 2 2 1 1 149 1453 150
1076 2 2 1 1 147 1456 148
1077 2 2 1 1 709 1616 1615
1078 2 2 1 1 661 1559 858
1079 2 2 1 1 882 1575 1512
1080 2 2 1 1 1504 1832 1796
1081 2 2 1 1 1504 1796 1626
1082 2 2 1 1 1526 1530 378
1083 2 2 1 1 1218 1362 1361
1084 2 2 1 1 1864 1895 1598
1085 2 2 1 1 1485 1486 761
1086 2 2 1 1 1606 1807 1154
1087 2 2 1 1 683 1572 681
1088 2 2 1 1 503 1476 1474
1089 2 2 1 1 1516 1572 1514
1090 2 2 1 1 836 1102 989
1091 2 2 1 1 830 1441 833
1092 2 2 1 1 489 1713 676
1093 2 2 1 1 754 1558 836
1094 2 2 1 1 1414 1415 1362
1095 2 2 1 1 1114 1574 1552
1096 2 2 1 1 83 376 84
1097 2 2 1 1 1570 1864 1598
1098 2 2 1 1 1528 1529 1527
1099 2 2 1 1 922 1739 1632
1100 2 2 1 1 414 798 416
1101 2 2 1 1 967 968 869
1102 2 2 1 1 868 869 867
1103 2 2 1 1 616 1578 590
1104 2 2 1 1 1330 1332 1331
1105 2 2 1 1 980 981 971
1106 2 2 1 1 865 866 812
1107 2 2 1 1 535 1419 533
1108 2 2 1 1 859 1580 1532
1109 2 2 1 1 708 814 813
1110 2 2 1 1 743 758 757
1111 2 2 1 1 896 1749 898
1112 2 2 1 1 867 1507 918
1113 2 2 1 1 1143 1720 1596
1114 2 2 1 1 1531 1859 1376
1115 2 2 1 1 1472 1473 377
1116 2 2 1 1 953 1561 1560
1117 2 2 1 1 1165 1784 1028
1118 2 2 1 1 153 1466 154
1119 2 2 1 1 1606 1830 778
1120 2 2 1 1 829 974 969
1121 2 2 1 1 888 889 887
1122 2 2 1 1 1413 1588 1547
1123 2 2 1 1 1792 1807 778
1124 2 2 1 1 1362 1375 1361
1125 2 2 1 1 1104 1377 1376
1126 2 2 1 1 524 525 523
1127 2 2 1 1 841 1559 679
1128 2 2 1 1 397 1527 1526
1129 2 2 1 1 343 1471 155
1130 2 2 1 1 524 526 525
1131 2 2 1 1 758 832 757
1132 2 2 1 1 578 1581 576
1133 2 2 1 1 1632 1739 1152
1134 2 2 1 1 1536 1581 1534
1135 2 2 1 1 1106 1218 1217
1136 2 2 1 1 681 1572 841
1137 2 2 1 1 522 917 524
1138 2 2 1 1 811 812 760
1139 2 2 1 1 447 916 450
1140 2 2 1 1 1510 1860 1511
1141 2 2 1 1 1216 1301 1282
1142 2 2 1 1 838 886 885
1143 2 2 1 1 1224 1588 1005
1144 2 2 1 1 953 1560 861
1145 2 2 1 1 830 833 755
1146 2 2 1 1 410 412 411
1147 2 2 1 1 1486 1490 1489
1148 2 2 1 1 760 1863 758
1149 2 2 1 1 918 1085 919
1150 2 2 1 1 759 760 758
1151 2 2 1 1 530 948 532
1152 2 2 1 1 920 1814 809
1153 2 2 1 1 751 799 750
1154 2 2 1 1 1006 1639 1235
1155 2 2 1 1 1218 1361 1217
1156 2 2 1 1 1091 1409 813
1157 2 2 1 1 1633 1819 1012
1158 2 2 1 1 424 508 426
1159 2 2 1 1 1577 1807 1792
1160 2 2 1 1 1099 1275 831
1161 2 2 1 1 1582 1784 1165
1162 2 2 1 1 1464 1465 1463
1163 2 2 1 1 1315 1400 1314
1164 2 2 1 1 655 1578 616
1165 2 2 1 1 1315 1509 1400
1166 2 2 1 1 539 540 538
1167 2 2 1 1 613 1479 581
1168 2 2 1 1 921 1564 561
1169 2 2 1 1 898 1749 1585
1170 2 2 1 1 555 1617 551
1171 2 2 1 1 397 1526 142
1172 2 2 1 1 1392 1924 1887
1173 2 2 1 1 1011 1890 1591
1174 2 2 1 1 666 735 650
1175 2 2 1 1 743 757 716
1176 2 2 1 1 156 377 157
1177 2 2 1 1 143 397 142
1178 2 2 1 1 1102 1103 989
1179 2 2 1 1 1467 1469 1468
1180 2 2 1 1 452 1553 483
1181 2 2 1 1 977 978 976
1182 2 2 1 1 1040 1273 1272
1183 2 2 1 1 918 1507 1101
1184 2 2 1 1 720 1627 1608
1185 2 2 1 1 1218 1414 1362
1186 2 2 1 1 1313 1315 1314
1187 2 2 1 1 139 1573 358
1188 2 2 1 1 1189 1612 1611
1189 2 2 1 1 576 1581 931
1190 2 2 1 1 920 1826 1500
1191 2 2 1 1 434 761 436
1192 2 2 1 1 483 701 454
1193 2 2 1 1 749 750 748
1194 2 2 1 1 1617 1726 1571
1195 2 2 1 1 1313 1314 1229
1196 2 2 1 1 555 1726 1617
1197 2 2 1 1 618 1554 646
1198 2 2 1 1 882 1572 683
1199 2 2 1 1 1268 1664 1579
1200 2 2 1 1 1577 1775 1578
1201 2 2 1 1 927 1611 925
1202 2 2 1 1 824 1710 1644
1203 2 2 1 1 886 887 885
1204 2 2 1 1 1594 1614 1595
1205 2 2 1 1 549 1616 547
1206 2 2 1 1 925 1611 954
1207 2 2 1 1 1059 1060 978
1208 2 2 1 1 1595 1614 1598
1209 2 2 1 1 1594 1595 923
1210 2 2 1 1 715 716 666
1211 2 2 1 1 1111 1112 1110
1212 2 2 1 1 848 1586 1115
1213 2 2 1 1 1547 1588 1224
1214 2 2 1 1 913 1853 1089
1215 2 2 1 1 1560 1562 857
1216 2 2 1 1 742 743 716
1217 2 2 1 1 665 666 650
1218 2 2 1 1 460 1720 458
1219 2 2 1 1 1299 1820 1364
1220 2 2 1 1 543 1594 923
1221 2 2 1 1 1123 1684 615
1222 2 2 1 1 126 1624 335
1223 2 2 1 1 1467 1468 343
1224 2 2 1 1 864 865 812
1225 2 2 1 1 997 1744 1006
1226 2 2 1 1 630 736 628
1227 2 2 1 1 1112 1442 1110
1228 2 2 1 1 846 1574 843
1229 2 2 1 1 1592 1593 348
1230 2 2 1 1 930 1762 1058
1231 2 2 1 1 985 1589 1045
1232 2 2 1 1 849 1586 848
1233 2 2 1 1 702 754 701
1234 2 2 1 1 1249 1633 1599
1235 2 2 1 1 859 1581 578
1236 2 2 1 1 1109 1110 1108
1237 2 2 1 1 418 643 420
1238 2 2 1 1 832 1106 1105
1239 2 2 1 1 1007 1574 846
1240 2 2 1 1 843 1574 842
1241 2 2 1 1 676 1713 1619
1242 2 2 1 1 1108 1550 936
1243 2 2 1 1 649 650 639
1244 2 2 1 1 1421 1505 624
1245 2 2 1 1 857 1678 1586
1246 2 2 1 1 615 1684 644
1247 2 2 1 1 458 1720 1143
1248 2 2 1 1 396 1584 90
1249 2 2 1 1 922 1630 465
1250 2 2 1 1 936 1550 934
1251 2 2 1 1 1484 1485 1483
1252 2 2 1 1 358 1590 138
1253 2 2 1 1 503 1474 510
1254 2 2 1 1 1005 1588 1003
1255 2 2 1 1 687 1575 685
1256 2 2 1 1 922 1631 1630
1257 2 2 1 1 821 1765 824
1258 2 2 1 1 625 1554 618
1259 2 2 1 1 1595 1596 923
1260 2 2 1 1 1080 1081 1060
1261 2 2 1 1 737 1576 655
1262 2 2 1 1 1567 1569 1568
1263 2 2 1 1 1579 1664 1120
1264 2 2 1 1 1647 1652 1058
1265 2 2 1 1 1113 1575 783
1266 2 2 1 1 547 1616 709
1267 2 2 1 1 783 1575 687
1268 2 2 1 1 1564 1565 654
1269 2 2 1 1 80 1790 334
1270 2 2 1 1 1576 1578 655
1271 2 2 1 1 618 646 603
1272 2 2 1 1 1648 1652 1647
1273 2 2 1 1 638 639 630
1274 2 2 1 1 559 654 557
1275 2 2 1 1 526 653 528
1276 2 2 1 1 526 528 527
1277 2 2 1 1 1249 1599 593
1278 2 2 1 1 626 628 625
1279 2 2 1 1 1595 1597 1596
1280 2 2 1 1 629 630 628
1281 2 2 1 1 1565 1567 1566
1282 2 2 1 1 1095 1108 936
1283 2 2 1 1 906 1040 1038
1284 2 2 1 1 1561 1563 1562
1285 2 2 1 1 1623 1624 127
1286 2 2 1 1 1814 1827 1013
1287 2 2 1 1 378 1573 140
1288 2 2 1 1 141 378 140
1289 2 2 1 1 619 625 618
1290 2 2 1 1 604 618 603
1291 2 2 1 1 1084 1589 985
1292 2 2 1 1 1232 1396 1231
1293 2 2 1 1 1126 1580 860
1294 2 2 1 1 588 603 587
1295 2 2 1 1 1561 1562 1560
1296 2 2 1 1 334 1464 1463
1297 2 2 1 1 685 1575 882
1298 2 2 1 1 1604 1605 1154
1299 2 2 1 1 918 919 866
1300 2 2 1 1 1115 1231 1007
1301 2 2 1 1 1083 1434 975
1302 2 2 1 1 1106 1217 1107
1303 2 2 1 1 1166 1189 1055
1304 2 2 1 1 1114 1168 1113
1305 2 2 1 1 91 1600 396
1306 2 2 1 1 861 1560 854
1307 2 2 1 1 337 1673 1672
1308 2 2 1 1 135 1592 348
1309 2 2 1 1 1006 1744 1639
1310 2 2 1 1 664 837 732
1311 2 2 1 1 573 1591 570
1312 2 2 1 1 1661 1725 1244
1313 2 2 1 1 476 1738 474
1314 2 2 1 1 1889 1924 1391
1315 2 2 1 1 1045 1634 891
1316 2 2 1 1 854 857 852
1317 2 2 1 1 842 1574 1114
1318 2 2 1 1 1225 1408 1224
1319 2 2 1 1 1527 1530 1526
1320 2 2 1 1 860 1580 636
1321 2 2 1 1 1611 1612 954
1322 2 2 1 1 528 529 527
1323 2 2 1 1 848 1007 846
1324 2 2 1 1 924 953 861
1325 2 2 1 1 1515 1518 1517
1326 2 2 1 1 337 1672 119
1327 2 2 1 1 636 1580 602
1328 2 2 1 1 1512 1575 1113
1329 2 2 1 1 1109 1111 1110
1330 2 2 1 1 1232 1397 1396
1331 2 2 1 1 1605 1606 1154
1332 2 2 1 1 1063 1225 1224
1333 2 2 1 1 743 759 758
1334 2 2 1 1 580 581 540
1335 2 2 1 1 1515 1517 1516
1336 2 2 1 1 1552 1574 1007
1337 2 2 1 1 842 1113 783
1338 2 2 1 1 1627 1796 1608
1339 2 2 1 1 1115 1232 1231
1340 2 2 1 1 1513 1515 1514
1341 2 2 1 1 1114 1261 1168
1342 2 2 1 1 1168 1513 1512
1343 2 2 1 1 348 1607 134
1344 2 2 1 1 559 1564 654
1345 2 2 1 1 1020 1604 1154
1346 2 2 1 1 1331 1638 1067
1347 2 2 1 1 1603 1861 1159
1348 2 2 1 1 602 1580 859
1349 2 2 1 1 412 414 413
1350 2 2 1 1 1538 1831 1139
1351 2 2 1 1 1173 1175 1126
1352 2 2 1 1 812 1813 760
1353 2 2 1 1 1063 1224 1005
1354 2 2 1 1 128 1623 127
1355 2 2 1 1 498 1734 496
1356 2 2 1 1 1532 1580 1126
1357 2 2 1 1 854 1560 857
1358 2 2 1 1 1312 1313 1229
1359 2 2 1 1 848 1115 1007
1360 2 2 1 1 1565 1566 654
1361 2 2 1 1 709 1594 545
1362 2 2 1 1 1631 1713 1630
1363 2 2 1 1 842 1114 1113
1364 2 2 1 1 852 1586 849
1365 2 2 1 1 1400 1501 1314
1366 2 2 1 1 340 1668 114
1367 2 2 1 1 1577 1792 1775
1368 2 2 1 1 1517 1520 1519
1369 2 2 1 1 593 1599 598
1370 2 2 1 1 1055 1611 927
1371 2 2 1 1 545 1594 543
1372 2 2 1 1 142 1526 141
1373 2 2 1 1 563 921 561
1374 2 2 1 1 1125 1126 860
1375 2 2 1 1 1500 1827 1814
1376 2 2 1 1 1058 1762 1647
1377 2 2 1 1 1125 1173 1126
1378 2 2 1 1 973 1219 1092
1379 2 2 1 1 127 1624 126
1380 2 2 1 1 474 1738 1140
1381 2 2 1 1 89 1584 1318
1382 2 2 1 1 1095 1109 1108
1383 2 2 1 1 1596 1720 923
1384 2 2 1 1 1569 1570 1568
1385 2 2 1 1 567 587 565
1386 2 2 1 1 1413 1477 1412
1387 2 2 1 1 881 1601 920
1388 2 2 1 1 985 1045 891
1389 2 2 1 1 1620 1621 381
1390 2 2 1 1 660 1608 623
1391 2 2 1 1 1520 1522 1521
1392 2 2 1 1 712 1629 1118
1393 2 2 1 1 1033 1609 1204
1394 2 2 1 1 131 1613 339
1395 2 2 1 1 1020 1154 1153
1396 2 2 1 1 1661 1749 896
1397 2 2 1 1 1020 1153 932
1398 2 2 1 1 543 923 541
1399 2 2 1 1 734 1629 712
1400 2 2 1 1 89 1318 88
1401 2 2 1 1 1275 1821 831
1402 2 2 1 1 1567 1568 1566
1403 2 2 1 1 1001 1003 1002
1404 2 2 1 1 824 1644 825
1405 2 2 1 1 1097 1976 1096
1406 2 2 1 1 1175 1533 1532
1407 2 2 1 1 922 1632 1631
1408 2 2 1 1 1100 1413 1412
1409 2 2 1 1 462 1739 922
1410 2 2 1 1 995 997 996
1411 2 2 1 1 720 1608 660
1412 2 2 1 1 837 838 732
1413 2 2 1 1 759 811 760
1414 2 2 1 1 561 1564 559
1415 2 2 1 1 1649 1680 1243
1416 2 2 1 1 857 1586 852
1417 2 2 1 1 339 1620 130
1418 2 2 1 1 403 405 404
1419 2 2 1 1 1003 1100 1002
1420 2 2 1 1 1120 1664 959
1421 2 2 1 1 698 1725 1661
1422 2 2 1 1 1621 1622 381
1423 2 2 1 1 137 1590 379
1424 2 2 1 1 1231 1552 1007
1425 2 2 1 1 1235 1539 1499
1426 2 2 1 1 1533 1535 1534
1427 2 2 1 1 755 1558 754
1428 2 2 1 1 1110 1506 1108
1429 2 2 1 1 1522 1524 1523
1430 2 2 1 1 496 1734 1139
1431 2 2 1 1 1001 1002 999
1432 2 2 1 1 1494 1635 1129
1433 2 2 1 1 1345 1346 1120
1434 2 2 1 1 1402 1404 1403
1435 2 2 1 1 596 1591 573
1436 2 2 1 1 1153 1577 1576
1437 2 2 1 1 1168 1512 1113
1438 2 2 1 1 450 1553 452
1439 2 2 1 1 556 557 555
1440 2 2 1 1 139 358 138
1441 2 2 1 1 1602 1603 1601
1442 2 2 1 1 1535 1537 1536
1443 2 2 1 1 500 1625 505
1444 2 2 1 1 997 1006 996
1445 2 2 1 1 379 1592 136
1446 2 2 1 1 487 1713 489
1447 2 2 1 1 354 1656 1655
1448 2 2 1 1 1016 1658 1657
1449 2 2 1 1 1566 1726 654
1450 2 2 1 1 489 676 491
1451 2 2 1 1 1669 1670 385
1452 2 2 1 1 1801 1812 1118
1453 2 2 1 1 1669 1671 1670
1454 2 2 1 1 876 959 877
1455 2 2 1 1 1011 1591 596
1456 2 2 1 1 876 877 738
1457 2 2 1 1 1346 1579 1120
1458 2 2 1 1 537 539 538
1459 2 2 1 1 998 999 997
1460 2 2 1 1 526 527 525
1461 2 2 1 1 567 588 587
1462 2 2 1 1 672 1236 674
1463 2 2 1 1 1228 1229 1227
1464 2 2 1 1 558 559 557
1465 2 2 1 1 1515 1516 1514
1466 2 2 1 1 617 1011 596
1467 2 2 1 1 1000 1001 999
1468 2 2 1 1 119 1672 118
1469 2 2 1 1 1513 1514 1512
1470 2 2 1 1 1018 1601 881
1471 2 2 1 1 372 1600 92
1472 2 2 1 1 832 1105 757
1473 2 2 1 1 716 1802 666
1474 2 2 1 1 1243 1680 1679
1475 2 2 1 1 738 1627 720
1476 2 2 1 1 468 1630 487
1477 2 2 1 1 547 709 545
1478 2 2 1 1 665 715 666
1479 2 2 1 1 1189 1611 1055
1480 2 2 1 1 1167 1265 1166
1481 2 2 1 1 881 920 809
1482 2 2 1 1 721 738 720
1483 2 2 1 1 1124 1125 860
1484 2 2 1 1 554 1943 1844
1485 2 2 1 1 995 996 994
1486 2 2 1 1 993 995 994
1487 2 2 1 1 588 604 603
1488 2 2 1 1 1019 1020 932
1489 2 2 1 1 661 858 647
1490 2 2 1 1 137 379 136
1491 2 2 1 1 1204 1290 1205
1492 2 2 1 1 681 841 679
1493 2 2 1 1 1018 1602 1601
1494 2 2 1 1 619 626 625
1495 2 2 1 1 604 619 618
1496 2 2 1 1 1034 1289 1288
1497 2 2 1 1 1665 1666 383
1498 2 2 1 1 932 1576 737
1499 2 2 1 1 1517 1519 1516
1500 2 2 1 1 1003 1588 1100
1501 2 2 1 1 715 742 716
1502 2 2 1 1 807 1013 805
1503 2 2 1 1 1660 1727 1659
1504 2 2 1 1 91 396 90
1505 2 2 1 1 133 1607 380
1506 2 2 1 1 719 720 660
1507 2 2 1 1 792 876 738
1508 2 2 1 1 1469 1470 1468
1509 2 2 1 1 865 868 867
1510 2 2 1 1 114 1668 113
1511 2 2 1 1 959 960 877
1512 2 2 1 1 1034 1288 1032
1513 2 2 1 1 785 932 737
1514 2 2 1 1 955 1034 1032
1515 2 2 1 1 847 848 846
1516 2 2 1 1 784 842 783
1517 2 2 1 1 140 1573 139
1518 2 2 1 1 1170 1604 1020
1519 2 2 1 1 960 992 991
1520 2 2 1 1 1175 1532 1126
1521 2 2 1 1 1062 1063 1005
1522 2 2 1 1 925 954 924
1523 2 2 1 1 1056 1166 1055
1524 2 2 1 1 541 1720 460
1525 2 2 1 1 1635 1636 1136
1526 2 2 1 1 960 991 990
1527 2 2 1 1 354 1655 101
1528 2 2 1 1 805 1629 734
1529 2 2 1 1 1100 1588 1413
1530 2 2 1 1 380 1613 132
1531 2 2 1 1 992 993 991
1532 2 2 1 1 1665 1667 1666
1533 2 2 1 1 893 1708 753
1534 2 2 1 1 709 1614 1594
1535 2 2 1 1 649 665 650
1536 2 2 1 1 465 1630 468
1537 2 2 1 1 1543 1544 1289
1538 2 2 1 1 135 348 134
1539 2 2 1 1 1100 1412 1117
1540 2 2 1 1 672 674 673
1541 2 2 1 1 591 1625 1249
1542 2 2 1 1 1004 1005 1003
1543 2 2 1 1 557 1726 555
1544 2 2 1 1 862 924 861
1545 2 2 1 1 626 629 628
1546 2 2 1 1 505 1625 591
1547 2 2 1 1 93 372 92
1548 2 2 1 1 685 882 683
1549 2 2 1 1 855 861 854
1550 2 2 1 1 1085 1087 919
1551 2 2 1 1 1520 1521 1519
1552 2 2 1 1 853 854 852
1553 2 2 1 1 1162 1165 1028
1554 2 2 1 1 382 1640 103
1555 2 2 1 1 1288 1610 1609
1556 2 2 1 1 695 1649 697
1557 2 2 1 1 629 638 630
1558 2 2 1 1 1231 1870 1552
1559 2 2 1 1 1131 1635 1136
1560 2 2 1 1 1533 1534 1532
1561 2 2 1 1 721 792 738
1562 2 2 1 1 1024 1706 802
1563 2 2 1 1 1158 1660 1659
1564 2 2 1 1 638 649 639
1565 2 2 1 1 138 1590 137
1566 2 2 1 1 553 555 551
1567 2 2 1 1 129 1620 381
1568 2 2 1 1 99 1654 359
1569 2 2 1 1 824 1765 1710
1570 2 2 1 1 1641 1642 382
1571 2 2 1 1 133 380 132
1572 2 2 1 1 1119 1120 959
1573 2 2 1 1 515 1659 513
1574 2 2 1 1 576 931 574
1575 2 2 1 1 350 1641 105
1576 2 2 1 1 1595 1598 1597
1577 2 2 1 1 1236 1637 674
1578 2 2 1 1 1408 1547 1224
1579 2 2 1 1 569 1718 572
1580 2 2 1 1 1041 1687 1240
1581 2 2 1 1 797 1696 1251
1582 2 2 1 1 598 1599 672
1583 2 2 1 1 90 1584 89
1584 2 2 1 1 689 783 687
1585 2 2 1 1 408 409 407
1586 2 2 1 1 117 1669 385
1587 2 2 1 1 995 998 997
1588 2 2 1 1 675 1494 1129
1589 2 2 1 1 825 1644 955
1590 2 2 1 1 786 1682 705
1591 2 2 1 1 1535 1536 1534
1592 2 2 1 1 591 1249 593
1593 2 2 1 1 112 1665 383
1594 2 2 1 1 1013 1629 805
1595 2 2 1 1 1129 1635 1131
1596 2 2 1 1 796 1700 961
1597 2 2 1 1 384 1643 107
1598 2 2 1 1 468 487 470
1599 2 2 1 1 131 339 130
1600 2 2 1 1 1650 1651 1169
1601 2 2 1 1 584 1657 605
1602 2 2 1 1 938 1659 515
1603 2 2 1 1 845 846 843
1604 2 2 1 1 719 721 720
1605 2 2 1 1 602 859 578
1606 2 2 1 1 1571 1726 1566
1607 2 2 1 1 1153 1576 932
1608 2 2 1 1 495 1695 497
1609 2 2 1 1 1542 1543 1289
1610 2 2 1 1 1016 1657 584
1611 2 2 1 1 92 1600 91
1612 2 2 1 1 1033 1204 1047
1613 2 2 1 1 1522 1523 1521
1614 2 2 1 1 1299 1364 1363
1615 2 2 1 1 345 1645 109
1616 2 2 1 1 928 930 929
1617 2 2 1 1 1119 1345 1120
1618 2 2 1 1 129 381 128
1619 2 2 1 1 96 365 95
1620 2 2 1 1 1226 1227 1225
1621 2 2 1 1 410 411 409
1622 2 2 1 1 928 1649 1243
1623 2 2 1 1 704 928 786
1624 2 2 1 1 136 1592 135
1625 2 2 1 1 851 852 849
1626 2 2 1 1 745 1661 896
1627 2 2 1 1 110 1646 345
1628 2 2 1 1 668 860 636
1629 2 2 1 1 992 1057 993
1630 2 2 1 1 943 1018 881
1631 2 2 1 1 1054 1055 927
1632 2 2 1 1 810 881 809
1633 2 2 1 1 512 1681 514
1634 2 2 1 1 697 1649 704
1635 2 2 1 1 955 1032 956
1636 2 2 1 1 487 489 488
1637 2 2 1 1 462 922 465
1638 2 2 1 1 695 1680 1649
1639 2 2 1 1 1006 1235 1234
1640 2 2 1 1 928 929 786
1641 2 2 1 1 134 1607 133
1642 2 2 1 1 1240 1687 1662
1643 2 2 1 1 960 990 877
1644 2 2 1 1 609 1677 607
1645 2 2 1 1 1599 1633 1236
1646 2 2 1 1 1158 1659 938
1647 2 2 1 1 808 809 807
1648 2 2 1 1 1146 1158 938
1649 2 2 1 1 126 335 125
1650 2 2 1 1 118 1669 117
1651 2 2 1 1 1028 1784 1026
1652 2 2 1 1 982 1650 1169
1653 2 2 1 1 993 994 991
1654 2 2 1 1 1290 1303 1205
1655 2 2 1 1 876 1634 1119
1656 2 2 1 1 947 1024 802
1657 2 2 1 1 1235 1499 1498
1658 2 2 1 1 598 672 641
1659 2 2 1 1 100 1655 1654
1660 2 2 1 1 1537 1538 1536
1661 2 2 1 1 589 1123 615
1662 2 2 1 1 1577 1578 1576
1663 2 2 1 1 401 403 402
1664 2 2 1 1 785 1019 932
1665 2 2 1 1 1131 1136 1133
1666 2 2 1 1 115 1653 340
1667 2 2 1 1 821 824 822
1668 2 2 1 1 930 982 929
1669 2 2 1 1 825 955 911
1670 2 2 1 1 806 807 805
1671 2 2 1 1 930 1058 982
1672 2 2 1 1 1685 1686 338
1673 2 2 1 1 891 1634 792
1674 2 2 1 1 792 1634 876
1675 2 2 1 1 1555 1914 1222
1676 2 2 1 1 113 1665 112
1677 2 2 1 1 998 1000 999
1678 2 2 1 1 102 1640 354
1679 2 2 1 1 1281 1746 1057
1680 2 2 1 1 704 1649 928
1681 2 2 1 1 132 1613 131
1682 2 2 1 1 1058 1650 982
1683 2 2 1 1 995 1705 998
1684 2 2 1 1 1058 1652 1650
1685 2 2 1 1 100 1654 99
1686 2 2 1 1 600 617 596
1687 2 2 1 1 130 1620 129
1688 2 2 1 1 876 1119 959
1689 2 2 1 1 104 1641 382
1690 2 2 1 1 1657 1658 1253
1691 2 2 1 1 896 898 897
1692 2 2 1 1 1034 1644 1542
1693 2 2 1 1 361 1676 78
1694 2 2 1 1 1034 1542 1289
1695 2 2 1 1 99 359 98
1696 2 2 1 1 710 1677 609
1697 2 2 1 1 102 354 101
1698 2 2 1 1 928 1243 930
1699 2 2 1 1 595 596 573
1700 2 2 1 1 106 1643 350
1701 2 2 1 1 672 1599 1236
1702 2 2 1 1 698 1661 745
1703 2 2 1 1 78 1676 79
1704 2 2 1 1 1268 1281 1057
1705 2 2 1 1 1143 1804 456
1706 2 2 1 1 1633 1854 1236
1707 2 2 1 1 1010 1253 1252
1708 2 2 1 1 955 1644 1034
1709 2 2 1 1 123 360 122
1710 2 2 1 1 998 1705 1121
1711 2 2 1 1 605 1657 1010
1712 2 2 1 1 982 1169 983
1713 2 2 1 1 560 561 559
1714 2 2 1 1 1204 1205 1047
1715 2 2 1 1 381 1623 128
1716 2 2 1 1 104 382 103
1717 2 2 1 1 500 1695 1625
1718 2 2 1 1 108 1645 384
1719 2 2 1 1 664 1684 837
1720 2 2 1 1 745 896 895
1721 2 2 1 1 896 897 895
1722 2 2 1 1 786 1704 1682
1723 2 2 1 1 1075 1299 1298
1724 2 2 1 1 1125 1174 1173
1725 2 2 1 1 1013 1801 1629
1726 2 2 1 1 1288 1609 1032
1727 2 2 1 1 674 675 673
1728 2 2 1 1 106 350 105
1729 2 2 1 1 383 1646 111
1730 2 2 1 1 712 1118 710
1731 2 2 1 1 811 864 812
1732 2 2 1 1 898 913 897
1733 2 2 1 1 1010 1657 1253
1734 2 2 1 1 108 384 107
1735 2 2 1 1 1125 1628 1174
1736 2 2 1 1 1029 1162 1028
1737 2 2 1 1 514 1681 518
1738 2 2 1 1 631 1738 476
1739 2 2 1 1 1032 1609 1033
1740 2 2 1 1 1027 1028 1026
1741 2 2 1 1 574 1734 498
1742 2 2 1 1 1672 1673 1671
1743 2 2 1 1 804 805 734
1744 2 2 1 1 110 345 109
1745 2 2 1 1 385 1653 116
1746 2 2 1 1 1100 1117 1002
1747 2 2 1 1 80 334 81
1748 2 2 1 1 651 698 694
1749 2 2 1 1 1361 1366 1217
1750 2 2 1 1 101 1655 100
1751 2 2 1 1 112 383 111
1752 2 2 1 1 698 745 744
1753 2 2 1 1 992 1664 1268
1754 2 2 1 1 672 673 641
1755 2 2 1 1 1243 1762 930
1756 2 2 1 1 992 1268 1057
1757 2 2 1 1 1106 1107 1105
1758 2 2 1 1 103 1640 102
1759 2 2 1 1 991 1626 990
1760 2 2 1 1 115 340 114
1761 2 2 1 1 1019 1170 1020
1762 2 2 1 1 117 385 116
1763 2 2 1 1 105 1641 104
1764 2 2 1 1 935 936 934
1765 2 2 1 1 371 2001 1955
1766 2 2 1 1 1442 1506 1110
1767 2 2 1 1 745 895 894
1768 2 2 1 1 1016 1772 1658
1769 2 2 1 1 1118 1677 710
1770 2 2 1 1 961 1700 1075
1771 2 2 1 1 1089 1510 1411
1772 2 2 1 1 1689 1691 387
1773 2 2 1 1 1244 1725 1711
1774 2 2 1 1 1001 1004 1003
1775 2 2 1 1 120 337 119
1776 2 2 1 1 107 1643 106
1777 2 2 1 1 1582 1583 1014
1778 2 2 1 1 1041 1240 1239
1779 2 2 1 1 895 1687 1041
1780 2 2 1 1 705 1682 725
1781 2 2 1 1 725 821 820
1782 2 2 1 1 999 1744 997
1783 2 2 1 1 1124 1628 1125
1784 2 2 1 1 895 1041 894
1785 2 2 1 1 745 894 744
1786 2 2 1 1 698 744 694
1787 2 2 1 1 962 1696 797
1788 2 2 1 1 109 1645 108
1789 2 2 1 1 572 1718 713
1790 2 2 1 1 1711 1725 620
1791 2 2 1 1 959 1664 960
1792 2 2 1 1 1597 1751 1750
1793 2 2 1 1 111 1646 110
1794 2 2 1 1 704 786 705
1795 2 2 1 1 668 1124 860
1796 2 2 1 1 713 1264 1263
1797 2 2 1 1 1025 1026 909
1798 2 2 1 1 1244 1749 1661
1799 2 2 1 1 116 1653 115
1800 2 2 1 1 952 1122 1076
1801 2 2 1 1 1169 1184 983
1802 2 2 1 1 487 488 470
1803 2 2 1 1 824 825 822
1804 2 2 1 1 913 1089 1086
1805 2 2 1 1 334 1790 1464
1806 2 2 1 1 113 1668 1665
1807 2 2 1 1 497 1695 500
1808 2 2 1 1 982 983 929
1809 2 2 1 1 505 591 511
1810 2 2 1 1 1510 1511 1411
1811 2 2 1 1 1239 1648 1647
1812 2 2 1 1 518 1016 584
1813 2 2 1 1 1041 1239 1238
1814 2 2 1 1 1232 1398 1397
1815 2 2 1 1 765 1764 1171
1816 2 2 1 1 1688 1689 387
1817 2 2 1 1 1276 1556 1275
1818 2 2 1 1 1010 1252 1237
1819 2 2 1 1 1146 1159 1158
1820 2 2 1 1 118 1672 1669
1821 2 2 1 1 605 1010 1009
1822 2 2 1 1 762 1698 1697
1823 2 2 1 1 562 563 561
1824 2 2 1 1 913 1086 897
1825 2 2 1 1 478 1754 1674
1826 2 2 1 1 834 934 776
1827 2 2 1 1 644 1684 664
1828 2 2 1 1 1089 1411 1292
1829 2 2 1 1 77 361 78
1830 2 2 1 1 1032 1033 956
1831 2 2 1 1 1412 1447 1117
1832 2 2 1 1 725 1682 821
1833 2 2 1 1 765 1171 801
1834 2 2 1 1 762 1697 727
1835 2 2 1 1 753 1708 874
1836 2 2 1 1 1089 1292 1086
1837 2 2 1 1 651 694 652
1838 2 2 1 1 481 1674 703
1839 2 2 1 1 1074 1176 962
1840 2 2 1 1 952 1697 1122
1841 2 2 1 1 564 565 563
1842 2 2 1 1 955 956 911
1843 2 2 1 1 1041 1238 894
1844 2 2 1 1 1140 1777 472
1845 2 2 1 1 697 704 700
1846 2 2 1 1 1057 1705 993
1847 2 2 1 1 1122 1180 1076
1848 2 2 1 1 1221 1370 1111
1849 2 2 1 1 1154 1807 1153
1850 2 2 1 1 723 1683 893
1851 2 2 1 1 556 558 557
1852 2 2 1 1 960 1664 992
1853 2 2 1 1 694 1680 695
1854 2 2 1 1 968 977 976
1855 2 2 1 1 1207 1209 1208
1856 2 2 1 1 1239 1647 1238
1857 2 2 1 1 66 1688 67
1858 2 2 1 1 553 556 555
1859 2 2 1 1 566 567 565
1860 2 2 1 1 874 1262 1051
1861 2 2 1 1 808 810 809
1862 2 2 1 1 1705 1746 1121
1863 2 2 1 1 591 593 592
1864 2 2 1 1 810 943 881
1865 2 2 1 1 785 1675 1019
1866 2 2 1 1 1622 1623 381
1867 2 2 1 1 1006 1234 996
1868 2 2 1 1 651 1725 698
1869 2 2 1 1 675 1129 1128
1870 2 2 1 1 1121 1746 1334
1871 2 2 1 1 518 1681 1016
1872 2 2 1 1 806 808 807
1873 2 2 1 1 1292 1662 1086
1874 2 2 1 1 694 695 652
1875 2 2 1 1 1094 1095 936
1876 2 2 1 1 478 1674 481
1877 2 2 1 1 1075 1700 1299
1878 2 2 1 1 1010 1237 1009
1879 2 2 1 1 608 620 610
1880 2 2 1 1 1697 1698 1122
1881 2 2 1 1 1252 1585 1237
1882 2 2 1 1 784 843 842
1883 2 2 1 1 727 1697 794
1884 2 2 1 1 1583 1703 1014
1885 2 2 1 1 821 822 820
1886 2 2 1 1 797 1251 764
1887 2 2 1 1 523 1548 521
1888 2 2 1 1 804 806 805
1889 2 2 1 1 1691 1702 1692
1890 2 2 1 1 558 560 559
1891 2 2 1 1 728 1699 879
1892 2 2 1 1 744 1680 694
1893 2 2 1 1 994 1626 991
1894 2 2 1 1 74 338 75
1895 2 2 1 1 620 651 621
1896 2 2 1 1 1665 1668 1667
1897 2 2 1 1 73 1685 74
1898 2 2 1 1 689 784 783
1899 2 2 1 1 894 1679 744
1900 2 2 1 1 1063 1226 1225
1901 2 2 1 1 72 386 73
1902 2 2 1 1 723 893 753
1903 2 2 1 1 1669 1672 1671
1904 2 2 1 1 762 1742 1698
1905 2 2 1 1 595 600 596
1906 2 2 1 1 847 849 848
1907 2 2 1 1 1137 1748 1733
1908 2 2 1 1 1312 1316 1313
1909 2 2 1 1 1027 1029 1028
1910 2 2 1 1 69 341 70
1911 2 2 1 1 1490 1491 1489
1912 2 2 1 1 68 1692 69
1913 2 2 1 1 1029 1163 1162
1914 2 2 1 1 898 1851 913
1915 2 2 1 1 67 387 68
1916 2 2 1 1 795 1699 728
1917 2 2 1 1 481 703 485
1918 2 2 1 1 1015 1017 795
1919 2 2 1 1 897 1687 895
1920 2 2 1 1 1025 1027 1026
1921 2 2 1 1 1238 1679 894
1922 2 2 1 1 64 347 65
1923 2 2 1 1 845 847 846
1924 2 2 1 1 794 952 951
1925 2 2 1 1 605 1009 606
1926 2 2 1 1 584 605 585
1927 2 2 1 1 1104 1376 1103
1928 2 2 1 1 690 1683 723
1929 2 2 1 1 62 389 63
1930 2 2 1 1 67 1688 387
1931 2 2 1 1 993 1705 995
1932 2 2 1 1 1235 1498 1234
1933 2 2 1 1 1718 1719 1264
1934 2 2 1 1 591 592 511
1935 2 2 1 1 1086 1687 897
1936 2 2 1 1 862 925 924
1937 2 2 1 1 61 1694 62
1938 2 2 1 1 1662 1687 1086
1939 2 2 1 1 1188 1277 1049
1940 2 2 1 1 60 352 61
1941 2 2 1 1 692 762 727
1942 2 2 1 1 651 652 621
1943 2 2 1 1 1121 1223 1000
1944 2 2 1 1 1679 1680 744
1945 2 2 1 1 593 598 597
1946 2 2 1 1 1129 1131 1130
1947 2 2 1 1 1139 1759 494
1948 2 2 1 1 952 1076 1049
1949 2 2 1 1 458 1143 456
1950 2 2 1 1 59 1693 60
1951 2 2 1 1 1135 1954 1295
1952 2 2 1 1 1176 1696 962
1953 2 2 1 1 1184 1242 1241
1954 2 2 1 1 877 1627 738
1955 2 2 1 1 1691 1692 387
1956 2 2 1 1 855 862 861
1957 2 2 1 1 58 388 59
1958 2 2 1 1 605 606 585
1959 2 2 1 1 1056 1167 1166
1960 2 2 1 1 853 855 854
1961 2 2 1 1 1015 1247 1246
1962 2 2 1 1 1004 1062 1005
1963 2 2 1 1 514 518 516
1964 2 2 1 1 728 879 693
1965 2 2 1 1 883 1172 1008
1966 2 2 1 1 74 1685 338
1967 2 2 1 1 564 566 565
1968 2 2 1 1 929 1704 786
1969 2 2 1 1 1228 1312 1229
1970 2 2 1 1 386 1685 73
1971 2 2 1 1 56 355 57
1972 2 2 1 1 1015 1246 1017
1973 2 2 1 1 1128 1712 673
1974 2 2 1 1 673 1712 641
1975 2 2 1 1 1591 1808 570
1976 2 2 1 1 1733 1748 939
1977 2 2 1 1 704 705 700
1978 2 2 1 1 1076 1188 1049
1979 2 2 1 1 851 853 852
1980 2 2 1 1 823 1757 1736
1981 2 2 1 1 952 1049 951
1982 2 2 1 1 598 641 640
1983 2 2 1 1 923 1720 541
1984 2 2 1 1 1586 1678 1115
1985 2 2 1 1 794 951 795
1986 2 2 1 1 1692 1702 341
1987 2 2 1 1 1054 1056 1055
1988 2 2 1 1 1626 1796 990
1989 2 2 1 1 69 1692 341
1990 2 2 1 1 1518 1833 1517
1991 2 2 1 1 690 1786 1683
1992 2 2 1 1 1299 1363 1298
1993 2 2 1 1 489 491 490
1994 2 2 1 1 1131 1133 1132
1995 2 2 1 1 1237 1244 1009
1996 2 2 1 1 492 883 878
1997 2 2 1 1 562 564 563
1998 2 2 1 1 951 1015 795
1999 2 2 1 1 387 1692 68
2000 2 2 1 1 1176 1957 1949
2001 2 2 1 1 1251 1752 764
2002 2 2 1 1 874 1708 1262
2003 2 2 1 1 593 597 592
2004 2 2 1 1 782 785 737
2005 2 2 1 1 794 795 728
2006 2 2 1 1 496 1139 494
2007 2 2 1 1 1017 1699 795
2008 2 2 1 1 793 891 792
2009 2 2 1 1 53 363 54
2010 2 2 1 1 1184 1241 983
2011 2 2 1 1 656 737 655
2012 2 2 1 1 1021 1023 880
2013 2 2 1 1 825 911 910
2014 2 2 1 1 892 985 891
2015 2 2 1 1 510 521 520
2016 2 2 1 1 794 1697 952
2017 2 2 1 1 474 1140 472
2018 2 2 1 1 1578 1775 590
2019 2 2 1 1 675 1128 673
2020 2 2 1 1 518 584 519
2021 2 2 1 1 654 1726 557
2022 2 2 1 1 620 621 610
2023 2 2 1 1 868 967 869
2024 2 2 1 1 1033 1047 1035
2025 2 2 1 1 503 510 509
2026 2 2 1 1 1129 1130 1128
2027 2 2 1 1 598 640 597
2028 2 2 1 1 1145 1146 938
2029 2 2 1 1 1026 1757 909
2030 2 2 1 1 713 1718 1264
2031 2 2 1 1 641 692 640
2032 2 2 1 1 692 1712 762
2033 2 2 1 1 504 574 498
2034 2 2 1 1 1171 1256 801
2035 2 2 1 1 159 333 160
2036 2 2 1 1 62 1694 389
2037 2 2 1 1 584 585 519
2038 2 2 1 1 695 696 652
2039 2 2 1 1 579 938 515
2040 2 2 1 1 491 503 502
2041 2 2 1 1 727 794 728
2042 2 2 1 1 617 1832 1504
2043 2 2 1 1 645 655 616
2044 2 2 1 1 1043 1084 985
2045 2 2 1 1 512 1728 1681
2046 2 2 1 1 1117 1744 1002
2047 2 2 1 1 695 697 696
2048 2 2 1 1 455 1152 457
2049 2 2 1 1 352 1694 61
2050 2 2 1 1 632 647 631
2051 2 2 1 1 575 576 574
2052 2 2 1 1 998 1121 1000
2053 2 2 1 1 983 1704 929
2054 2 2 1 1 634 710 609
2055 2 2 1 1 50 368 51
2056 2 2 1 1 542 543 541
2057 2 2 1 1 1044 1207 1206
2058 2 2 1 1 1736 1757 1245
2059 2 2 1 1 1121 1334 1223
2060 2 2 1 1 60 1693 352
2061 2 2 1 1 1074 1258 1176
2062 2 2 1 1 160 1701 161
2063 2 2 1 1 497 500 499
2064 2 2 1 1 1133 1135 1134
2065 2 2 1 1 1303 1323 1304
2066 2 2 1 1 608 1711 620
2067 2 2 1 1 1247 1860 1510
2068 2 2 1 1 560 562 561
2069 2 2 1 1 1277 1707 1049
2070 2 2 1 1 1245 1582 1014
2071 2 2 1 1 725 820 819
2072 2 2 1 1 692 693 640
2073 2 2 1 1 711 712 710
2074 2 2 1 1 1242 1710 1241
2075 2 2 1 1 699 1014 696
2076 2 2 1 1 1250 1812 1801
2077 2 2 1 1 697 700 699
2078 2 2 1 1 819 823 724
2079 2 2 1 1 388 1693 59
2080 2 2 1 1 464 541 460
2081 2 2 1 1 652 1703 621
2082 2 2 1 1 990 1627 877
2083 2 2 1 1 1015 1707 1247
2084 2 2 1 1 705 725 724
2085 2 2 1 1 606 607 585
2086 2 2 1 1 480 631 476
2087 2 2 1 1 1660 1743 1727
2088 2 2 1 1 1115 1678 1232
2089 2 2 1 1 908 1042 986
2090 2 2 1 1 908 909 823
2091 2 2 1 1 1677 1737 607
2092 2 2 1 1 1295 1335 1266
2093 2 2 1 1 986 1025 909
2094 2 2 1 1 492 1709 883
2095 2 2 1 1 161 390 162
2096 2 2 1 1 668 1706 1124
2097 2 2 1 1 1001 1747 1004
2098 2 2 1 1 1632 1874 1631
2099 2 2 1 1 879 1729 693
2100 2 2 1 1 931 1734 574
2101 2 2 1 1 1049 1707 951
2102 2 2 1 1 733 734 712
2103 2 2 1 1 944 945 943
2104 2 2 1 1 1065 1137 949
2105 2 2 1 1 951 1707 1015
2106 2 2 1 1 1131 1132 1130
2107 2 2 1 1 756 1099 831
2108 2 2 1 1 1232 1678 1398
2109 2 2 1 1 727 728 693
2110 2 2 1 1 1009 1711 606
2111 2 2 1 1 505 511 506
2112 2 2 1 1 803 950 949
2113 2 2 1 1 803 804 734
2114 2 2 1 1 919 1813 866
2115 2 2 1 1 1279 1280 1137
2116 2 2 1 1 606 608 607
2117 2 2 1 1 743 1810 759
2118 2 2 1 1 676 1619 1618
2119 2 2 1 1 1068 1069 984
2120 2 2 1 1 717 719 660
2121 2 2 1 1 1133 1134 1132
2122 2 2 1 1 1134 1144 1132
2123 2 2 1 1 825 910 822
2124 2 2 1 1 1065 1300 1279
2125 2 2 1 1 511 512 506
2126 2 2 1 1 608 610 609
2127 2 2 1 1 705 724 700
2128 2 2 1 1 1135 1295 1266
2129 2 2 1 1 692 727 693
2130 2 2 1 1 597 1138 592
2131 2 2 1 1 1630 1713 487
2132 2 2 1 1 1023 1675 880
2133 2 2 1 1 711 766 733
2134 2 2 1 1 1197 1287 1141
2135 2 2 1 1 48 391 49
2136 2 2 1 1 838 885 884
2137 2 2 1 1 648 661 647
2138 2 2 1 1 880 1675 785
2139 2 2 1 1 518 519 516
2140 2 2 1 1 840 1825 1798
2141 2 2 1 1 620 1725 651
2142 2 2 1 1 1033 1035 956
2143 2 2 1 1 577 578 576
2144 2 2 1 1 703 1709 485
2145 2 2 1 1 1078 1079 945
2146 2 2 1 1 1072 1141 910
2147 2 2 1 1 1682 1765 821
2148 2 2 1 1 1027 1283 1029
2149 2 2 1 1 47 1714 48
2150 2 2 1 1 662 679 661
2151 2 2 1 1 1244 1711 1009
2152 2 2 1 1 800 802 726
2153 2 2 1 1 680 681 679
2154 2 2 1 1 588 763 604
2155 2 2 1 1 46 395 47
2156 2 2 1 1 641 1712 692
2157 2 2 1 1 725 819 724
2158 2 2 1 1 883 1008 878
2159 2 2 1 1 1303 1304 1205
2160 2 2 1 1 697 699 696
2161 2 2 1 1 164 342 165
2162 2 2 1 1 512 513 506
2163 2 2 1 1 699 1245 1014
2164 2 2 1 1 1241 1704 983
2165 2 2 1 1 1172 1179 1008
2166 2 2 1 1 634 711 710
2167 2 2 1 1 1042 1195 986
2168 2 2 1 1 500 505 501
2169 2 2 1 1 819 908 823
2170 2 2 1 1 682 683 681
2171 2 2 1 1 914 947 802
2172 2 2 1 1 514 516 515
2173 2 2 1 1 579 1145 938
2174 2 2 1 1 908 986 909
2175 2 2 1 1 512 514 513
2176 2 2 1 1 1135 1266 1134
2177 2 2 1 1 823 1736 724
2178 2 2 1 1 1142 1294 1278
2179 2 2 1 1 1137 1733 949
2180 2 2 1 1 601 602 578
2181 2 2 1 1 911 1072 910
2182 2 2 1 1 806 939 808
2183 2 2 1 1 475 478 477
2184 2 2 1 1 1198 1291 1035
2185 2 2 1 1 606 1711 608
2186 2 2 1 1 1024 1724 1706
2187 2 2 1 1 1072 1197 1141
2188 2 2 1 1 1728 1772 1681
2189 2 2 1 1 579 1250 1145
2190 2 2 1 1 1364 1820 1799
2191 2 2 1 1 1070 1178 947
2192 2 2 1 1 610 634 609
2193 2 2 1 1 1138 1772 1728
2194 2 2 1 1 608 609 607
2195 2 2 1 1 165 1721 166
2196 2 2 1 1 1625 1819 1249
2197 2 2 1 1 711 733 712
2198 2 2 1 1 1234 1753 996
2199 2 2 1 1 1197 1324 1287
2200 2 2 1 1 696 1703 652
2201 2 2 1 1 1790 1791 1464
2202 2 2 1 1 492 493 486
2203 2 2 1 1 733 803 734
2204 2 2 1 1 1002 1744 999
2205 2 2 1 1 1065 1279 1137
2206 2 2 1 1 1597 1750 1596
2207 2 2 1 1 950 1065 949
2208 2 2 1 1 944 1142 1078
2209 2 2 1 1 782 880 785
2210 2 2 1 1 803 949 804
2211 2 2 1 1 635 636 602
2212 2 2 1 1 1021 1255 1023
2213 2 2 1 1 493 494 486
2214 2 2 1 1 1639 1744 1117
2215 2 2 1 1 544 545 543
2216 2 2 1 1 810 944 943
2217 2 2 1 1 994 1753 1626
2218 2 2 1 1 1047 1198 1035
2219 2 2 1 1 1004 1747 1194
2220 2 2 1 1 1568 1571 1566
2221 2 2 1 1 656 782 737
2222 2 2 1 1 667 668 636
2223 2 2 1 1 511 1728 512
2224 2 2 1 1 1474 1476 1475
2225 2 2 1 1 506 1727 501
2226 2 2 1 1 1718 1793 1719
2227 2 2 1 1 822 1717 820
2228 2 2 1 1 592 1728 511
2229 2 2 1 1 1145 1500 1146
2230 2 2 1 1 485 492 486
2231 2 2 1 1 684 685 683
2232 2 2 1 1 166 392 167
2233 2 2 1 1 45 1715 46
2234 2 2 1 1 492 878 493
2235 2 2 1 1 1057 1746 1705
2236 2 2 1 1 504 575 574
2237 2 2 1 1 505 506 501
2238 2 2 1 1 489 490 488
2239 2 2 1 1 1238 1762 1679
2240 2 2 1 1 1679 1762 1243
2241 2 2 1 1 809 1814 807
2242 2 2 1 1 1105 1802 757
2243 2 2 1 1 521 1548 589
2244 2 2 1 1 497 499 498
2245 2 2 1 1 765 801 800
2246 2 2 1 1 686 687 685
2247 2 2 1 1 1257 1794 1755
2248 2 2 1 1 79 1790 80
2249 2 2 1 1 1237 1749 1244
2250 2 2 1 1 514 515 513
2251 2 2 1 1 516 579 515
2252 2 2 1 1 1317 1461 1286
2253 2 2 1 1 1000 1747 1001
2254 2 2 1 1 1659 1727 513
2255 2 2 1 1 1071 1285 1267
2256 2 2 1 1 667 765 726
2257 2 2 1 1 1124 1724 1628
2258 2 2 1 1 622 623 600
2259 2 2 1 1 1226 1228 1227
2260 2 2 1 1 167 1722 168
2261 2 2 1 1 944 1078 945
2262 2 2 1 1 1363 1365 1298
2263 2 2 1 1 1073 1074 962
2264 2 2 1 1 1014 1703 696
2265 2 2 1 1 645 656 655
2266 2 2 1 1 1187 1270 1088
2267 2 2 1 1 914 1071 1070
2268 2 2 1 1 333 1701 160
2269 2 2 1 1 961 962 797
2270 2 2 1 1 1447 1639 1117
2271 2 2 1 1 688 689 687
2272 2 2 1 1 1194 1286 1062
2273 2 2 1 1 480 632 631
2274 2 2 1 1 644 664 663
2275 2 2 1 1 1008 1012 878
2276 2 2 1 1 1198 1327 1291
2277 2 2 1 1 594 595 573
2278 2 2 1 1 1050 1052 873
2279 2 2 1 1 1074 1259 1258
2280 2 2 1 1 471 933 473
2281 2 2 1 1 1142 1278 1078
2282 2 2 1 1 471 472 469
2283 2 2 1 1 168 351 169
2284 2 2 1 1 1256 1257 801
2285 2 2 1 1 640 1729 597
2286 2 2 1 1 619 627 626
2287 2 2 1 1 834 935 934
2288 2 2 1 1 1223 1747 1000
2289 2 2 1 1 961 1075 1073
2290 2 2 1 1 500 501 499
2291 2 2 1 1 485 486 482
2292 2 2 1 1 1192 1230 1052
2293 2 2 1 1 1608 1832 623
2294 2 2 1 1 495 497 496
2295 2 2 1 1 659 660 623
2296 2 2 1 1 1205 1723 1047
2297 2 2 1 1 796 797 764
2298 2 2 1 1 44 399 45
2299 2 2 1 1 996 1753 994
2300 2 2 1 1 601 637 635
2301 2 2 1 1 802 1706 726
2302 2 2 1 1 752 767 722
2303 2 2 1 1 575 577 576
2304 2 2 1 1 1585 1749 1237
2305 2 2 1 1 815 816 814
2306 2 2 1 1 1075 1298 1297
2307 2 2 1 1 1245 1784 1582
2308 2 2 1 1 481 485 482
2309 2 2 1 1 820 1735 819
2310 2 2 1 1 956 1731 911
2311 2 2 1 1 161 1701 390
2312 2 2 1 1 844 845 843
2313 2 2 1 1 485 1709 492
2314 2 2 1 1 534 537 536
2315 2 2 1 1 546 547 545
2316 2 2 1 1 572 573 570
2317 2 2 1 1 804 1733 806
2318 2 2 1 1 724 1736 700
2319 2 2 1 1 908 1735 1042
2320 2 2 1 1 800 914 802
2321 2 2 1 1 499 504 498
2322 2 2 1 1 730 863 671
2323 2 2 1 1 1498 1503 1234
2324 2 2 1 1 1138 1728 592
2325 2 2 1 1 664 732 731
2326 2 2 1 1 459 462 461
2327 2 2 1 1 693 1729 640
2328 2 2 1 1 475 477 476
2329 2 2 1 1 700 1736 699
2330 2 2 1 1 1209 1211 1208
2331 2 2 1 1 577 601 578
2332 2 2 1 1 585 1737 519
2333 2 2 1 1 910 1717 822
2334 2 2 1 1 782 937 880
2335 2 2 1 1 911 1731 1072
2336 2 2 1 1 497 498 496
2337 2 2 1 1 1798 1825 1389
2338 2 2 1 1 1191 1220 1161
2339 2 2 1 1 601 635 602
2340 2 2 1 1 470 471 469
2341 2 2 1 1 493 495 494
2342 2 2 1 1 1004 1194 1062
2343 2 2 1 1 607 1737 585
2344 2 2 1 1 635 667 636
2345 2 2 1 1 1583 1756 1703
2346 2 2 1 1 731 764 663
2347 2 2 1 1 1717 1735 820
2348 2 2 1 1 667 726 668
2349 2 2 1 1 575 772 577
2350 2 2 1 1 1194 1317 1286
2351 2 2 1 1 721 793 792
2352 2 2 1 1 621 1756 610
2353 2 2 1 1 1109 1221 1111
2354 2 2 1 1 519 1730 516
2355 2 2 1 1 914 1070 947
2356 2 2 1 1 610 1756 634
2357 2 2 1 1 937 1021 880
2358 2 2 1 1 850 851 849
2359 2 2 1 1 1427 1429 1428
2360 2 2 1 1 440 443 442
2361 2 2 1 1 1141 1717 910
2362 2 2 1 1 765 800 726
2363 2 2 1 1 597 1729 1138
2364 2 2 1 1 949 1733 804
2365 2 2 1 1 482 768 479
2366 2 2 1 1 726 1706 668
2367 2 2 1 1 1261 1844 1168
2368 2 2 1 1 473 475 474
2369 2 2 1 1 1704 1765 1682
2370 2 2 1 1 488 1716 470
2371 2 2 1 1 491 502 490
2372 2 2 1 1 569 570 566
2373 2 2 1 1 1071 1267 1070
2374 2 2 1 1 548 549 547
2375 2 2 1 1 1503 1753 1234
2376 2 2 1 1 1706 1724 1124
2377 2 2 1 1 478 481 479
2378 2 2 1 1 937 1022 1021
2379 2 2 1 1 803 1741 950
2380 2 2 1 1 632 648 647
2381 2 2 1 1 564 569 566
2382 2 2 1 1 808 1740 810
2383 2 2 1 1 1647 1762 1238
2384 2 2 1 1 495 496 494
2385 2 2 1 1 1703 1756 621
2386 2 2 1 1 513 1727 506
2387 2 2 1 1 1287 1797 1141
2388 2 2 1 1 817 818 816
2389 2 2 1 1 766 1741 733
2390 2 2 1 1 1755 1794 1071
2391 2 2 1 1 1128 1742 1712
2392 2 2 1 1 874 1051 1050
2393 2 2 1 1 1122 1816 1180
2394 2 2 1 1 1063 1779 1226
2395 2 2 1 1 926 927 925
2396 2 2 1 1 1148 1150 901
2397 2 2 1 1 1047 1723 1198
2398 2 2 1 1 1192 1296 1230
2399 2 2 1 1 503 509 502
2400 2 2 1 1 1035 1731 956
2401 2 2 1 1 471 473 472
2402 2 2 1 1 550 551 549
2403 2 2 1 1 464 542 541
2404 2 2 1 1 961 1073 962
2405 2 2 1 1 819 1735 908
2406 2 2 1 1 964 965 818
2407 2 2 1 1 510 520 509
2408 2 2 1 1 1280 1748 1137
2409 2 2 1 1 521 589 520
2410 2 2 1 1 796 961 797
2411 2 2 1 1 753 874 873
2412 2 2 1 1 935 1094 936
2413 2 2 1 1 516 1730 579
2414 2 2 1 1 648 662 661
2415 2 2 1 1 552 553 551
2416 2 2 1 1 48 1714 391
2417 2 2 1 1 699 1736 1245
2418 2 2 1 1 1291 1731 1035
2419 2 2 1 1 680 682 681
2420 2 2 1 1 1130 1742 1128
2421 2 2 1 1 662 680 679
2422 2 2 1 1 1075 1297 1073
2423 2 2 1 1 595 622 600
2424 2 2 1 1 806 1733 939
2425 2 2 1 1 1304 1723 1205
2426 2 2 1 1 468 470 469
2427 2 2 1 1 1731 1783 1072
2428 2 2 1 1 1207 1208 1206
2429 2 2 1 1 1712 1742 762
2430 2 2 1 1 481 482 479
2431 2 2 1 1 1053 1054 927
2432 2 2 1 1 579 1730 1250
2433 2 2 1 1 1099 1276 1275
2434 2 2 1 1 1742 1787 1698
2435 2 2 1 1 495 1745 1695
2436 2 2 1 1 395 1714 47
2437 2 2 1 1 909 1757 823
2438 2 2 1 1 1757 1784 1245
2439 2 2 1 1 477 480 476
2440 2 2 1 1 731 796 764
2441 2 2 1 1 723 753 752
2442 2 2 1 1 173 1758 174
2443 2 2 1 1 1044 1822 1207
2444 2 2 1 1 664 731 663
2445 2 2 1 1 838 884 732
2446 2 2 1 1 719 1732 721
2447 2 2 1 1 1050 1192 1052
2448 2 2 1 1 475 476 474
2449 2 2 1 1 682 684 683
2450 2 2 1 1 473 474 472
2451 2 2 1 1 733 1741 803
2452 2 2 1 1 1160 1164 1161
2453 2 2 1 1 1191 1293 1220
2454 2 2 1 1 471 1716 933
2455 2 2 1 1 784 844 843
2456 2 2 1 1 1147 1149 1148
2457 2 2 1 1 1241 1765 1704
2458 2 2 1 1 662 780 680
2459 2 2 1 1 844 1156 856
2460 2 2 1 1 1152 1739 457
2461 2 2 1 1 939 1740 808
2462 2 2 1 1 1156 1160 1157
2463 2 2 1 1 644 645 616
2464 2 2 1 1 632 773 648
2465 2 2 1 1 478 479 477
2466 2 2 1 1 682 781 684
2467 2 2 1 1 850 1147 901
2468 2 2 1 1 686 690 688
2469 2 2 1 1 684 686 685
2470 2 2 1 1 470 1716 471
2471 2 2 1 1 459 461 460
2472 2 2 1 1 686 688 687
2473 2 2 1 1 455 456 453
2474 2 2 1 1 944 1740 1142
2475 2 2 1 1 644 663 645
2476 2 2 1 1 1233 1813 919
2477 2 2 1 1 171 362 172
2478 2 2 1 1 810 1740 944
2479 2 2 1 1 342 1721 165
2480 2 2 1 1 1098 1389 1388
2481 2 2 1 1 874 1050 873
2482 2 2 1 1 1118 1812 1677
2483 2 2 1 1 690 723 722
2484 2 2 1 1 572 713 594
2485 2 2 1 1 1287 1815 1797
2486 2 2 1 1 468 469 466
2487 2 2 1 1 542 544 543
2488 2 2 1 1 847 850 849
2489 2 2 1 1 713 1263 1177
2490 2 2 1 1 1151 1260 1213
2491 2 2 1 1 615 616 590
2492 2 2 1 1 878 1745 493
2493 2 2 1 1 753 873 752
2494 2 2 1 1 926 1151 1053
2495 2 2 1 1 717 788 719
2496 2 2 1 1 46 1715 395
2497 2 2 1 1 836 989 988
2498 2 2 1 1 1217 1587 1107
2499 2 2 1 1 1710 1765 1241
2500 2 2 1 1 1389 1391 1390
2501 2 2 1 1 519 1737 1730
2502 2 2 1 1 853 899 855
2503 2 2 1 1 862 926 925
2504 2 2 1 1 457 459 458
2505 2 2 1 1 501 1743 499
2506 2 2 1 1 466 769 463
2507 2 2 1 1 566 1808 567
2508 2 2 1 1 589 590 520
2509 2 2 1 1 558 571 560
2510 2 2 1 1 1551 1802 1105
2511 2 2 1 1 499 1743 504
2512 2 2 1 1 1291 1783 1731
2513 2 2 1 1 1676 1791 1790
2514 2 2 1 1 493 1745 495
2515 2 2 1 1 1164 1191 1161
2516 2 2 1 1 166 1721 392
2517 2 2 1 1 844 856 845
2518 2 2 1 1 615 644 616
2519 2 2 1 1 1144 1787 1132
2520 2 2 1 1 1257 1755 801
2521 2 2 1 1 774 1843 1809
2522 2 2 1 1 465 468 466
2523 2 2 1 1 801 1755 800
2524 2 2 1 1 544 546 545
2525 2 2 1 1 589 615 590
2526 2 2 1 1 572 594 573
2527 2 2 1 1 502 778 490
2528 2 2 1 1 1150 1771 901
2529 2 2 1 1 1054 1210 1056
2530 2 2 1 1 174 370 175
2531 2 2 1 1 723 752 722
2532 2 2 1 1 444 447 446
2533 2 2 1 1 550 554 552
2534 2 2 1 1 1221 1387 1370
2535 2 2 1 1 690 722 688
2536 2 2 1 1 440 442 441
2537 2 2 1 1 1062 1779 1063
2538 2 2 1 1 1149 1186 1148
2539 2 2 1 1 1160 1161 1157
2540 2 2 1 1 546 548 547
2541 2 2 1 1 461 464 460
2542 2 2 1 1 1727 1743 501
2543 2 2 1 1 850 901 851
2544 2 2 1 1 455 457 456
2545 2 2 1 1 638 691 649
2546 2 2 1 1 548 550 549
2547 2 2 1 1 1156 1157 856
2548 2 2 1 1 438 440 439
2549 2 2 1 1 1012 1745 878
2550 2 2 1 1 494 1759 486
2551 2 2 1 1 550 552 551
2552 2 2 1 1 392 1722 167
2553 2 2 1 1 449 774 445
2554 2 2 1 1 659 718 717
2555 2 2 1 1 622 659 623
2556 2 2 1 1 552 568 553
2557 2 2 1 1 459 460 458
2558 2 2 1 1 1013 1827 1801
2559 2 2 1 1 569 572 570
2560 2 2 1 1 914 1755 1071
2561 2 2 1 1 544 779 546
2562 2 2 1 1 763 1761 604
2563 2 2 1 1 475 1754 478
2564 2 2 1 1 1681 1772 1016
2565 2 2 1 1 1226 1779 1302
2566 2 2 1 1 462 465 463
2567 2 2 1 1 457 458 456
2568 2 2 1 1 645 1752 656
2569 2 2 1 1 1147 1148 901
2570 2 2 1 1 473 1754 475
2571 2 2 1 1 1026 1784 1757
2572 2 2 1 1 759 1810 900
2573 2 2 1 1 796 1768 1700
2574 2 2 1 1 667 1764 765
2575 2 2 1 1 600 1832 617
2576 2 2 1 1 713 1177 594
2577 2 2 1 1 659 717 660
2578 2 2 1 1 1152 1846 1632
2579 2 2 1 1 486 1759 482
2580 2 2 1 1 926 1053 927
2581 2 2 1 1 793 892 891
2582 2 2 1 1 399 1715 45
2583 2 2 1 1 454 455 453
2584 2 2 1 1 594 1785 595
2585 2 2 1 1 1144 1816 1787
2586 2 2 1 1 168 1722 351
2587 2 2 1 1 1226 1302 1228
2588 2 2 1 1 764 1752 663
2589 2 2 1 1 562 1793 564
2590 2 2 1 1 462 463 461
2591 2 2 1 1 1756 1806 634
2592 2 2 1 1 788 1732 719
2593 2 2 1 1 637 1764 635
2594 2 2 1 1 1151 1213 1053
2595 2 2 1 1 800 1755 914
2596 2 2 1 1 711 1806 766
2597 2 2 1 1 933 1754 473
2598 2 2 1 1 459 1739 462
2599 2 2 1 1 604 1761 619
2600 2 2 1 1 1130 1787 1742
2601 2 2 1 1 465 466 463
2602 2 2 1 1 1052 1769 873
2603 2 2 1 1 1207 1858 1209
2604 2 2 1 1 775 839 777
2605 2 2 1 1 663 1752 645
2606 2 2 1 1 752 1769 767
2607 2 2 1 1 1676 1790 79
2608 2 2 1 1 732 1768 731
2609 2 2 1 1 520 1775 509
2610 2 2 1 1 482 1759 768
2611 2 2 1 1 601 1766 637
2612 2 2 1 1 451 770 448
2613 2 2 1 1 635 1764 667
2614 2 2 1 1 1306 1307 1069
2615 2 2 1 1 619 1761 627
2616 2 2 1 1 1072 1783 1197
2617 2 2 1 1 464 1155 542
2618 2 2 1 1 457 1739 459
2619 2 2 1 1 1132 1787 1130
2620 2 2 1 1 622 1782 659
2621 2 2 1 1 892 1043 985
2622 2 2 1 1 455 1836 1152
2623 2 2 1 1 899 1828 1774
2624 2 2 1 1 777 834 776
2625 2 2 1 1 1468 1471 343
2626 2 2 1 1 689 1767 784
2627 2 2 1 1 775 776 774
2628 2 2 1 1 447 450 448
2629 2 2 1 1 772 1766 577
2630 2 2 1 1 452 454 453
2631 2 2 1 1 884 1768 732
2632 2 2 1 1 754 836 835
2633 2 2 1 1 845 1770 847
2634 2 2 1 1 757 1802 716
2635 2 2 1 1 477 1763 480
2636 2 2 1 1 1142 1817 1294
2637 2 2 1 1 767 1778 722
2638 2 2 1 1 577 1766 601
2639 2 2 1 1 444 445 442
2640 2 2 1 1 1629 1801 1118
2641 2 2 1 1 1095 1760 1109
2642 2 2 1 1 450 452 451
2643 2 2 1 1 1286 1779 1062
2644 2 2 1 1 446 449 445
2645 2 2 1 1 479 1763 477
2646 2 2 1 1 851 1771 853
2647 2 2 1 1 440 441 439
2648 2 2 1 1 1012 1819 1745
2649 2 2 1 1 1098 1222 1094
2650 2 2 1 1 688 1778 689
2651 2 2 1 1 527 612 525
2652 2 2 1 1 731 1768 796
2653 2 2 1 1 665 771 715
2654 2 2 1 1 1806 1835 766
2655 2 2 1 1 1251 1803 1752
2656 2 2 1 1 855 1774 862
2657 2 2 1 1 935 1098 1094
2658 2 2 1 1 443 444 442
2659 2 2 1 1 1389 1390 1388
2660 2 2 1 1 721 1732 793
2661 2 2 1 1 472 1777 469
2662 2 2 1 1 1502 1863 1233
2663 2 2 1 1 1772 1811 1658
2664 2 2 1 1 447 448 446
2665 2 2 1 1 885 1799 884
2666 2 2 1 1 856 1770 845
2667 2 2 1 1 934 1843 776
2668 2 2 1 1 452 453 451
2669 2 2 1 1 569 1793 1718
2670 2 2 1 1 1071 1794 1285
2671 2 2 1 1 1103 1127 989
2672 2 2 1 1 1745 1819 1695
2673 2 2 1 1 768 1763 479
2674 2 2 1 1 595 1785 622
2675 2 2 1 1 444 446 445
2676 2 2 1 1 873 1769 752
2677 2 2 1 1 564 1793 569
2678 2 2 1 1 866 1813 812
2679 2 2 1 1 1809 1843 1248
2680 2 2 1 1 782 1803 937
2681 2 2 1 1 1787 1816 1698
2682 2 2 1 1 590 1775 520
2683 2 2 1 1 1774 1828 1151
2684 2 2 1 1 480 1773 632
2685 2 2 1 1 1500 1826 1146
2686 2 2 1 1 1153 1807 1577
2687 2 2 1 1 450 451 448
2688 2 2 1 1 1583 1806 1756
2689 2 2 1 1 901 1771 851
2690 2 2 1 1 441 484 439
2691 2 2 1 1 1098 1388 1222
2692 2 2 1 1 1175 1904 1533
2693 2 2 1 1 777 840 834
2694 2 2 1 1 438 439 437
2695 2 2 1 1 775 777 776
2696 2 2 1 1 1044 1206 1200
2697 2 2 1 1 659 1782 718
2698 2 2 1 1 784 1767 844
2699 2 2 1 1 449 775 774
2700 2 2 1 1 902 946 826
2701 2 2 1 1 469 1777 466
2702 2 2 1 1 844 1767 1156
2703 2 2 1 1 990 1796 1627
2704 2 2 1 1 1717 1797 1735
2705 2 2 1 1 1177 1785 594
2706 2 2 1 1 632 1773 773
2707 2 2 1 1 1797 1815 1042
2708 2 2 1 1 689 1778 1767
2709 2 2 1 1 850 1770 1147
2710 2 2 1 1 682 1780 781
2711 2 2 1 1 847 1770 850
2712 2 2 1 1 1107 1551 1105
2713 2 2 1 1 1040 1272 1038
2714 2 2 1 1 780 1780 680
2715 2 2 1 1 701 1836 454
2716 2 2 1 1 656 1803 782
2717 2 2 1 1 662 1781 780
2718 2 2 1 1 1194 1795 1317
2719 2 2 1 1 1250 1827 1145
2720 2 2 1 1 835 1836 701
2721 2 2 1 1 1109 1760 1221
2722 2 2 1 1 1700 1820 1299
2723 2 2 1 1 773 1781 648
2724 2 2 1 1 680 1780 682
2725 2 2 1 1 1053 1788 1054
2726 2 2 1 1 1141 1797 1717
2727 2 2 1 1 648 1781 662
2728 2 2 1 1 1752 1803 656
2729 2 2 1 1 853 1771 899
2730 2 2 1 1 1054 1788 1210
2731 2 2 1 1 722 1778 688
2732 2 2 1 1 686 1786 690
2733 2 2 1 1 634 1806 711
2734 2 2 1 1 1223 1795 1747
2735 2 2 1 1 466 1777 769
2736 2 2 1 1 781 1786 684
2737 2 2 1 1 1747 1795 1194
2738 2 2 1 1 899 1774 855
2739 2 2 1 1 926 1774 1151
2740 2 2 1 1 892 1044 1043
2741 2 2 1 1 1735 1797 1042
2742 2 2 1 1 862 1774 926
2743 2 2 1 1 742 1810 743
2744 2 2 1 1 1159 1849 1158
2745 2 2 1 1 887 972 885
2746 2 2 1 1 1803 1839 937
2747 2 2 1 1 405 407 406
2748 2 2 1 1 436 438 437
2749 2 2 1 1 461 1776 464
2750 2 2 1 1 1044 1200 1043
2751 2 2 1 1 414 415 413
2752 2 2 1 1 1817 1842 1294
2753 2 2 1 1 831 1821 912
2754 2 2 1 1 1366 1587 1217
2755 2 2 1 1 807 1814 1013
2756 2 2 1 1 684 1786 686
2757 2 2 1 1 884 1820 1768
2758 2 2 1 1 879 1811 1729
2759 2 2 1 1 174 1758 370
2760 2 2 1 1 509 1792 502
2761 2 2 1 1 463 1776 461
2762 2 2 1 1 1066 1067 946
2763 2 2 1 1 1763 1773 480
2764 2 2 1 1 412 413 411
2765 2 2 1 1 1165 1835 1582
2766 2 2 1 1 570 1808 566
2767 2 2 1 1 1520 1925 1522
2768 2 2 1 1 1585 1856 1851
2769 2 2 1 1 488 1830 1716
2770 2 2 1 1 622 1785 1782
2771 2 2 1 1 40 2025 2020
2772 2 2 1 1 502 1792 778
2773 2 2 1 1 834 1798 935
2774 2 2 1 1 435 507 433
2775 2 2 1 1 441 1248 484
2776 2 2 1 1 1098 1798 1389
2777 2 2 1 1 856 1829 1770
2778 2 2 1 1 1775 1792 509
2779 2 2 1 1 1737 1812 1730
2780 2 2 1 1 1173 1909 1175
2781 2 2 1 1 1328 1330 1067
2782 2 2 1 1 774 1809 445
2783 2 2 1 1 769 1776 463
2784 2 2 1 1 1811 1845 1658
2785 2 2 1 1 989 1663 988
2786 2 2 1 1 1535 1893 1537
2787 2 2 1 1 1213 1788 1053
2788 2 2 1 1 1174 1919 1173
2789 2 2 1 1 1677 1812 1737
2790 2 2 1 1 759 900 811
2791 2 2 1 1 1042 1815 1195
2792 2 2 1 1 1477 1896 629
2793 2 2 1 1 1841 1862 1160
2794 2 2 1 1 939 1817 1740
2795 2 2 1 1 1533 1898 1535
2796 2 2 1 1 1698 1816 1122
2797 2 2 1 1 1156 1841 1160
2798 2 2 1 1 879 1845 1811
2799 2 2 1 1 464 1776 1155
2800 2 2 1 1 1837 1849 772
2801 2 2 1 1 575 1837 772
2802 2 2 1 1 1730 1812 1250
2803 2 2 1 1 1729 1811 1138
2804 2 2 1 1 1087 1233 919
2805 2 2 1 1 1748 1817 939
2806 2 2 1 1 1146 1826 1159
2807 2 2 1 1 1793 1838 1719
2808 2 2 1 1 1740 1817 1142
2809 2 2 1 1 840 1798 834
2810 2 2 1 1 544 1805 779
2811 2 2 1 1 1801 1827 1250
2812 2 2 1 1 446 1789 449
2813 2 2 1 1 456 1804 453
2814 2 2 1 1 778 1830 490
2815 2 2 1 1 1851 1853 913
2816 2 2 1 1 1743 1837 504
2817 2 2 1 1 523 1823 1548
2818 2 2 1 1 1695 1819 1625
2819 2 2 1 1 649 1800 665
2820 2 2 1 1 963 1882 1183
2821 2 2 1 1 1138 1811 1772
2822 2 2 1 1 1486 1489 1488
2823 2 2 1 1 1583 1835 1806
2824 2 2 1 1 1658 1845 1253
2825 2 2 1 1 1251 1839 1803
2826 2 2 1 1 448 1789 446
2827 2 2 1 1 963 1183 1182
2828 2 2 1 1 691 1800 649
2829 2 2 1 1 1147 1829 1149
2830 2 2 1 1 707 708 706
2831 2 2 1 1 1012 1854 1633
2832 2 2 1 1 1090 1393 582
2833 2 2 1 1 542 1805 544
2834 2 2 1 1 1139 1831 1759
2835 2 2 1 1 977 1059 978
2836 2 2 1 1 1770 1829 1147
2837 2 2 1 1 935 1798 1098
2838 2 2 1 1 972 1799 885
2839 2 2 1 1 490 1830 488
2840 2 2 1 1 1517 1833 1520
2841 2 2 1 1 1518 1930 1833
2842 2 2 1 1 451 1804 770
2843 2 2 1 1 1696 1839 1251
2844 2 2 1 1 770 1789 448
2845 2 2 1 1 1155 1805 542
2846 2 2 1 1 442 1809 441
2847 2 2 1 1 1768 1820 1700
2848 2 2 1 1 1162 1867 1165
2849 2 2 1 1 445 1809 442
2850 2 2 1 1 562 1838 1793
2851 2 2 1 1 571 1838 560
2852 2 2 1 1 1145 1827 1500
2853 2 2 1 1 453 1804 451
2854 2 2 1 1 1748 1842 1817
2855 2 2 1 1 839 1895 1864
2856 2 2 1 1 623 1832 600
2857 2 2 1 1 1582 1835 1583
2858 2 2 1 1 1253 1852 1252
2859 2 2 1 1 1331 1958 1638
2860 2 2 1 1 836 988 835
2861 2 2 1 1 1140 1834 1777
2862 2 2 1 1 436 437 435
2863 2 2 1 1 1389 1825 1391
2864 2 2 1 1 1163 1871 1162
2865 2 2 1 1 1220 1847 1161
2866 2 2 1 1 414 416 415
2867 2 2 1 1 1660 1837 1743
2868 2 2 1 1 665 1800 771
2869 2 2 1 1 434 436 435
2870 2 2 1 1 1845 1852 1253
2871 2 2 1 1 1008 1854 1012
2872 2 2 1 1 1799 1820 884
2873 2 2 1 1 580 613 581
2874 2 2 1 1 1759 1831 768
2875 2 2 1 1 747 748 746
2876 2 2 1 1 1151 1828 1260
2877 2 2 1 1 1127 1663 989
2878 2 2 1 1 890 1444 942
2879 2 2 1 1 1175 1909 1904
2880 2 2 1 1 921 1889 1564
2881 2 2 1 1 1059 1080 1060
2882 2 2 1 1 560 1838 562
2883 2 2 1 1 1064 1320 1319
2884 2 2 1 1 1157 1829 856
2885 2 2 1 1 835 1846 1836
2886 2 2 1 1 1081 1187 1088
2887 2 2 1 1 1252 1856 1585
2888 2 2 1 1 1163 1875 1871
2889 2 2 1 1 1852 1856 1252
2890 2 2 1 1 1707 1860 1247
2891 2 2 1 1 434 435 433
2892 2 2 1 1 678 706 677
2893 2 2 1 1 1522 1915 1524
2894 2 2 1 1 432 434 433
2895 2 2 1 1 811 1818 864
2896 2 2 1 1 1585 1851 898
2897 2 2 1 1 1831 1840 768
2898 2 2 1 1 504 1837 575
2899 2 2 1 1 988 1846 835
2900 2 2 1 1 429 517 427
2901 2 2 1 1 441 1809 1248
2902 2 2 1 1 1660 1849 1837
2903 2 2 1 1 1174 1926 1919
2904 2 2 1 1 937 1839 1022
2905 2 2 1 1 1168 1844 1513
2906 2 2 1 1 432 433 431
2907 2 2 1 1 1777 1834 769
2908 2 2 1 1 1732 1822 793
2909 2 2 1 1 1602 1902 1603
2910 2 2 1 1 430 432 431
2911 2 2 1 1 1064 1196 967
2912 2 2 1 1 1605 1892 1606
2913 2 2 1 1 539 580 540
2914 2 2 1 1 892 1822 1044
2915 2 2 1 1 27 1824 26
2916 2 2 1 1 1230 1876 1052
2917 2 2 1 1 1247 1853 1246
2918 2 2 1 1 454 1836 455
2919 2 2 1 1 1535 1898 1893
2920 2 2 1 1 793 1822 892
2921 2 2 1 1 1486 1488 761
2922 2 2 1 1 1851 1856 1246
2923 2 2 1 1 1261 1946 1844
2924 2 2 1 1 754 835 701
2925 2 2 1 1 1829 1847 1149
2926 2 2 1 1 1835 1867 766
2927 2 2 1 1 833 1558 755
2928 2 2 1 1 525 1823 523
2929 2 2 1 1 1699 1845 879
2930 2 2 1 1 1280 1842 1748
2931 2 2 1 1 864 1865 865
2932 2 2 1 1 430 431 429
2933 2 2 1 1 1319 1354 1196
2934 2 2 1 1 767 1862 1841
2935 2 2 1 1 428 430 429
2936 2 2 1 1 85 1430 344
2937 2 2 1 1 612 1823 525
2938 2 2 1 1 1448 1482 833
2939 2 2 1 1 1157 1847 1829
2940 2 2 1 1 1822 1858 1207
2941 2 2 1 1 1065 1875 1300
2942 2 2 1 1 1159 1861 1849
2943 2 2 1 1 1158 1849 1660
2944 2 2 1 1 1160 1862 1164
2945 2 2 1 1 1778 1841 1767
2946 2 2 1 1 776 1843 774
2947 2 2 1 1 1699 1852 1845
2948 2 2 1 1 428 429 427
2949 2 2 1 1 1505 1546 529
2950 2 2 1 1 1836 1846 1152
2951 2 2 1 1 900 1818 811
2952 2 2 1 1 968 1869 977
2953 2 2 1 1 426 428 427
2954 2 2 1 1 1763 1840 1773
2955 2 2 1 1 768 1840 1763
2956 2 2 1 1 767 1841 1778
2957 2 2 1 1 1233 1863 1813
2958 2 2 1 1 565 1887 563
2959 2 2 1 1 1813 1863 760
2960 2 2 1 1 1602 1907 1902
2961 2 2 1 1 568 1873 553
2962 2 2 1 1 1552 1870 1261
2963 2 2 1 1 965 1068 984
2964 2 2 1 1 868 1064 967
2965 2 2 1 1 1162 1871 1867
2966 2 2 1 1 1017 1852 1699
2967 2 2 1 1 1165 1867 1835
2968 2 2 1 1 1767 1841 1156
2969 2 2 1 1 1161 1847 1157
2970 2 2 1 1 1017 1856 1852
2971 2 2 1 1 1220 1868 1847
2972 2 2 1 1 1179 1854 1008
2973 2 2 1 1 1834 1866 769
2974 2 2 1 1 439 1883 437
2975 2 2 1 1 1491 1492 1489
2976 2 2 1 1 1064 1319 1196
2977 2 2 1 1 658 677 657
2978 2 2 1 1 1103 1859 1127
2979 2 2 1 1 1150 1850 1771
2980 2 2 1 1 426 427 425
2981 2 2 1 1 1420 1422 1421
2982 2 2 1 1 26 336 25
2983 2 2 1 1 1246 1856 1017
2984 2 2 1 1 1099 1410 1276
2985 2 2 1 1 708 815 814
2986 2 2 1 1 424 426 425
2987 2 2 1 1 1891 1895 839
2988 2 2 1 1 702 1855 756
2989 2 2 1 1 558 1877 571
2990 2 2 1 1 24 1325 23
2991 2 2 1 1 1230 1886 1876
2992 2 2 1 1 1093 1857 1369
2993 2 2 1 1 1277 1860 1707
2994 2 2 1 1 1732 1858 1822
2995 2 2 1 1 788 1858 1732
2996 2 2 1 1 827 904 903
2997 2 2 1 1 1771 1850 899
2998 2 2 1 1 1605 1894 1892
2999 2 2 1 1 1079 1921 945
3000 2 2 1 1 1420 1421 624
3001 2 2 1 1 424 425 423
3002 2 2 1 1 422 424 423
3003 2 2 1 1 906 1038 907
3004 2 2 1 1 1941 1943 554
3005 2 2 1 1 902 1066 946
3006 2 2 1 1 899 1850 1828
3007 2 2 1 1 772 1861 1766
3008 2 2 1 1 1246 1853 1851
3009 2 2 1 1 1769 1862 767
3010 2 2 1 1 1376 1859 1103
3011 2 2 1 1 23 353 22
3012 2 2 1 1 815 817 816
3013 2 2 1 1 766 1867 1741
3014 2 2 1 1 423 611 421
3015 2 2 1 1 904 906 905
3016 2 2 1 1 1847 1868 1149
3017 2 2 1 1 1533 1904 1898
3018 2 2 1 1 1173 1919 1909
3019 2 2 1 1 1149 1868 1186
3020 2 2 1 1 422 423 421
3021 2 2 1 1 1068 1306 1069
3022 2 2 1 1 420 422 421
3023 2 2 1 1 1523 1878 1525
3024 2 2 1 1 1846 1874 1632
3025 2 2 1 1 1849 1861 772
3026 2 2 1 1 967 1869 968
3027 2 2 1 1 817 964 818
3028 2 2 1 1 1422 1425 1423
3029 2 2 1 1 1498 1890 1011
3030 2 2 1 1 1567 1956 1569
3031 2 2 1 1 977 1869 1193
3032 2 2 1 1 1524 1878 1523
3033 2 2 1 1 21 1333 20
3034 2 2 1 1 714 1030 740
3035 2 2 1 1 20 364 19
3036 2 2 1 1 1066 1328 1067
3037 2 2 1 1 1598 1895 1597
3038 2 2 1 1 1540 1890 1499
3039 2 2 1 1 336 1322 25
3040 2 2 1 1 977 1193 1059
3041 2 2 1 1 907 1077 905
3042 2 2 1 1 416 417 415
3043 2 2 1 1 1830 1892 1716
3044 2 2 1 1 1430 1431 1357
3045 2 2 1 1 1518 1941 1930
3046 2 2 1 1 420 421 419
3047 2 2 1 1 1776 1866 1155
3048 2 2 1 1 1862 1876 1164
3049 2 2 1 1 756 1855 1099
3050 2 2 1 1 416 418 417
3051 2 2 1 1 1907 1913 1171
3052 2 2 1 1 769 1866 1776
3053 2 2 1 1 418 420 419
3054 2 2 1 1 924 1908 953
3055 2 2 1 1 775 1891 839
3056 2 2 1 1 678 707 706
3057 2 2 1 1 883 1900 1172
3058 2 2 1 1 1871 1875 950
3059 2 2 1 1 1038 1039 907
3060 2 2 1 1 58 1897 388
3061 2 2 1 1 971 1048 940
3062 2 2 1 1 553 1873 556
3063 2 2 1 1 355 1897 57
3064 2 2 1 1 1064 1865 1320
3065 2 2 1 1 1741 1871 950
3066 2 2 1 1 1417 1981 425
3067 2 2 1 1 1867 1871 1741
3068 2 2 1 1 1482 1558 833
3069 2 2 1 1 789 1937 729
3070 2 2 1 1 790 1937 872
3071 2 2 1 1 539 642 580
3072 2 2 1 1 865 1865 868
3073 2 2 1 1 1187 1271 1270
3074 2 2 1 1 1926 1934 1683
3075 2 2 1 1 1079 1929 1921
3076 2 2 1 1 418 419 417
3077 2 2 1 1 950 1875 1065
3078 2 2 1 1 1789 1891 449
3079 2 2 1 1 1499 1890 1498
3080 2 2 1 1 556 1877 558
3081 2 2 1 1 988 1874 1846
3082 2 2 1 1 1894 1905 1674
3083 2 2 1 1 1066 1329 1328
3084 2 2 1 1 1663 1874 988
3085 2 2 1 1 1196 1869 967
3086 2 2 1 1 1754 1894 1674
3087 2 2 1 1 827 902 826
3088 2 2 1 1 1873 1877 556
3089 2 2 1 1 2020 2025 1383
3090 2 2 1 1 629 1896 638
3091 2 2 1 1 1522 1925 1915
3092 2 2 1 1 827 903 902
3093 2 2 1 1 1563 1961 1885
3094 2 2 1 1 1769 1876 1862
3095 2 2 1 1 1052 1876 1769
3096 2 2 1 1 906 907 905
3097 2 2 1 1 1751 1891 1789
3098 2 2 1 1 411 741 409
3099 2 2 1 1 1606 1892 1830
3100 2 2 1 1 1709 1910 1900
3101 2 2 1 1 1529 2080 370
3102 2 2 1 1 417 669 415
3103 2 2 1 1 1390 1924 1392
3104 2 2 1 1 1099 1855 1410
3105 2 2 1 1 1329 1348 1328
3106 2 2 1 1 904 905 903
3107 2 2 1 1 18 2135 401
3108 2 2 1 1 1394 1406 1393
3109 2 2 1 1 1565 1959 1567
3110 2 2 1 1 868 1865 1064
3111 2 2 1 1 336 1342 1322
3112 2 2 1 1 407 963 406
3113 2 2 1 1 740 827 826
3114 2 2 1 1 1876 1886 1164
3115 2 2 1 1 1398 1885 1397
3116 2 2 1 1 484 1883 439
3117 2 2 1 1 708 1884 815
3118 2 2 1 1 563 1887 921
3119 2 2 1 1 839 1901 777
3120 2 2 1 1 1537 1893 1840
3121 2 2 1 1 1612 1911 954
3122 2 2 1 1 421 1899 419
3123 2 2 1 1 1255 1938 1494
3124 2 2 1 1 740 826 739
3125 2 2 1 1 707 1884 708
3126 2 2 1 1 1764 1907 1171
3127 2 2 1 1 1408 1931 1800
3128 2 2 1 1 1164 1886 1191
3129 2 2 1 1 1123 1923 1684
3130 2 2 1 1 815 1254 817
3131 2 2 1 1 1567 1959 1956
3132 2 2 1 1 658 678 677
3133 2 2 1 1 370 2090 2011
3134 2 2 1 1 1166 1928 1189
3135 2 2 1 1 1840 1893 1773
3136 2 2 1 1 1094 1914 1095
3137 2 2 1 1 1751 1895 1891
3138 2 2 1 1 624 1505 531
3139 2 2 1 1 1298 1917 1297
3140 2 2 1 1 1183 1284 1182
3141 2 2 1 1 1564 1889 1565
3142 2 2 1 1 945 1918 943
3143 2 2 1 1 1169 1922 1184
3144 2 2 1 1 403 404 402
3145 2 2 1 1 1422 1423 1421
3146 2 2 1 1 1369 1409 1091
3147 2 2 1 1 1031 1405 915
3148 2 2 1 1 714 740 739
3149 2 2 1 1 1068 1326 1306
3150 2 2 1 1 827 1872 904
3151 2 2 1 1 714 739 707
3152 2 2 1 1 1524 1915 1866
3153 2 2 1 1 871 1199 791
3154 2 2 1 1 1603 1902 1861
3155 2 2 1 1 1864 1901 839
3156 2 2 1 1 678 714 707
3157 2 2 1 1 1423 1424 1421
3158 2 2 1 1 449 1891 775
3159 2 2 1 1 946 1912 826
3160 2 2 1 1 1675 1927 1903
3161 2 2 1 1 1445 1906 1429
3162 2 2 1 1 1030 1872 740
3163 2 2 1 1 1116 1955 1203
3164 2 2 1 1 405 406 404
3165 2 2 1 1 1716 1892 933
3166 2 2 1 1 677 1443 657
3167 2 2 1 1 921 1924 1889
3168 2 2 1 1 1861 1902 1766
3169 2 2 1 1 1675 1903 1019
3170 2 2 1 1 1674 1905 703
3171 2 2 1 1 407 1882 963
3172 2 2 1 1 658 1881 678
3173 2 2 1 1 674 1933 675
3174 2 2 1 1 1019 1903 1170
3175 2 2 1 1 1905 1910 703
3176 2 2 1 1 815 1884 1254
3177 2 2 1 1 1900 1910 1170
3178 2 2 1 1 398 2042 1880
3179 2 2 1 1 1892 1894 933
3180 2 2 1 1 740 1872 827
3181 2 2 1 1 779 1930 546
3182 2 2 1 1 1786 1926 1683
3183 2 2 1 1 1866 1915 1155
3184 2 2 1 1 1605 1905 1894
3185 2 2 1 1 1773 1893 773
3186 2 2 1 1 1561 1964 1563
3187 2 2 1 1 409 1882 407
3188 2 2 1 1 1893 1898 773
3189 2 2 1 1 703 1910 1709
3190 2 2 1 1 1833 1930 779
3191 2 2 1 1 57 1897 58
3192 2 2 1 1 1021 1938 1255
3193 2 2 1 1 1602 1913 1907
3194 2 2 1 1 933 1894 1754
3195 2 2 1 1 1922 1962 1184
3196 2 2 1 1 1597 1895 1751
3197 2 2 1 1 1384 1385 1031
3198 2 2 1 1 739 1884 707
3199 2 2 1 1 1513 1943 1515
3200 2 2 1 1 1171 1913 1256
3201 2 2 1 1 638 1896 691
3202 2 2 1 1 1913 1918 1256
3203 2 2 1 1 773 1898 1781
3204 2 2 1 1 953 1966 1561
3205 2 2 1 1 1561 1966 1964
3206 2 2 1 1 714 1881 1030
3207 2 2 1 1 1760 1935 1221
3208 2 2 1 1 550 1941 554
3209 2 2 1 1 1284 1305 1182
3210 2 2 1 1 169 1945 170
3211 2 2 1 1 1709 1900 883
3212 2 2 1 1 963 1182 1181
3213 2 2 1 1 1903 1927 1172
3214 2 2 1 1 1884 1912 1254
3215 2 2 1 1 1900 1903 1172
3216 2 2 1 1 777 1901 840
3217 2 2 1 1 1176 1949 1696
3218 2 2 1 1 1766 1902 637
3219 2 2 1 1 1902 1907 637
3220 2 2 1 1 945 1921 1918
3221 2 2 1 1 1604 1905 1605
3222 2 2 1 1 1174 1934 1926
3223 2 2 1 1 1800 1931 771
3224 2 2 1 1 1178 1950 947
3225 2 2 1 1 554 1946 552
3226 2 2 1 1 1022 1949 1636
3227 2 2 1 1 954 1908 924
3228 2 2 1 1 678 1881 714
3229 2 2 1 1 746 1419 535
3230 2 2 1 1 1604 1910 1905
3231 2 2 1 1 1949 1957 1636
3232 2 2 1 1 637 1907 1764
3233 2 2 1 1 1781 1904 780
3234 2 2 1 1 1904 1909 780
3235 2 2 1 1 1898 1904 1781
3236 2 2 1 1 739 1912 1884
3237 2 2 1 1 1133 1953 1135
3238 2 2 1 1 741 1882 409
3239 2 2 1 1 1107 1951 1551
3240 2 2 1 1 1172 1927 1179
3241 2 2 1 1 1419 1948 1420
3242 2 2 1 1 611 1899 421
3243 2 2 1 1 1170 1910 1604
3244 2 2 1 1 614 658 657
3245 2 2 1 1 1844 1946 554
3246 2 2 1 1 1255 1933 1932
3247 2 2 1 1 1563 1964 1961
3248 2 2 1 1 1093 1994 1857
3249 2 2 1 1 729 1937 790
3250 2 2 1 1 780 1909 1780
3251 2 2 1 1 1018 1913 1602
3252 2 2 1 1 1518 1943 1941
3253 2 2 1 1 1932 1933 1637
3254 2 2 1 1 1018 1918 1913
3255 2 2 1 1 1242 1962 1543
3256 2 2 1 1 1365 1917 1298
3257 2 2 1 1 1095 1914 1760
3258 2 2 1 1 1189 1970 1612
3259 2 2 1 1 1927 1932 1179
3260 2 2 1 1 943 1918 1018
3261 2 2 1 1 1170 1903 1900
3262 2 2 1 1 1155 1915 1805
3263 2 2 1 1 1569 1956 1901
3264 2 2 1 1 963 1181 406
3265 2 2 1 1 614 1920 658
3266 2 2 1 1 1549 1923 1123
3267 2 2 1 1 1651 1922 1169
3268 2 2 1 1 1429 1906 1428
3269 2 2 1 1 1256 1921 1257
3270 2 2 1 1 1039 1936 907
3271 2 2 1 1 1612 1965 1911
3272 2 2 1 1 1780 1919 781
3273 2 2 1 1 1909 1919 1780
3274 2 2 1 1 1182 1879 1181
3275 2 2 1 1 1919 1926 781
3276 2 2 1 1 1839 1949 1022
3277 2 2 1 1 771 1931 1508
3278 2 2 1 1 1479 1920 583
3279 2 2 1 1 1185 1848 1190
3280 2 2 1 1 826 1912 739
3281 2 2 1 1 872 1937 1215
3282 2 2 1 1 1265 1928 1166
3283 2 2 1 1 1879 1880 1181
3284 2 2 1 1 1023 1927 1675
3285 2 2 1 1 1185 1190 958
3286 2 2 1 1 1921 1929 1257
3287 2 2 1 1 781 1926 1786
3288 2 2 1 1 1805 1925 779
3289 2 2 1 1 1257 1929 1794
3290 2 2 1 1 1373 1944 1436
3291 2 2 1 1 1683 1934 893
3292 2 2 1 1 1305 1879 1182
3293 2 2 1 1 1255 1932 1023
3294 2 2 1 1 1915 1925 1805
3295 2 2 1 1 1215 1216 1037
3296 2 2 1 1 546 1930 548
3297 2 2 1 1 1179 1932 1637
3298 2 2 1 1 1934 1940 893
3299 2 2 1 1 1023 1932 1927
3300 2 2 1 1 375 1974 1454
3301 2 2 1 1 363 1962 1922
3302 2 2 1 1 583 1920 614
3303 2 2 1 1 893 1940 1708
3304 2 2 1 1 750 787 748
3305 2 2 1 1 1265 1973 1972
3306 2 2 1 1 658 1920 1881
3307 2 2 1 1 1637 1933 674
3308 2 2 1 1 1628 1934 1174
3309 2 2 1 1 1918 1921 1256
3310 2 2 1 1 957 1046 958
3311 2 2 1 1 1947 1950 1262
3312 2 2 1 1 1221 1935 1387
3313 2 2 1 1 1638 1958 1254
3314 2 2 1 1 1930 1941 548
3315 2 2 1 1 1628 1940 1934
3316 2 2 1 1 1708 1947 1262
3317 2 2 1 1 954 1911 1908
3318 2 2 1 1 1022 1938 1021
3319 2 2 1 1 1724 1940 1628
3320 2 2 1 1 907 1936 1077
3321 2 2 1 1 548 1941 550
3322 2 2 1 1 1612 1970 1965
3323 2 2 1 1 1940 1947 1708
3324 2 2 1 1 1901 1956 840
3325 2 2 1 1 571 1961 1838
3326 2 2 1 1 1178 1952 1950
3327 2 2 1 1 1254 1958 817
3328 2 2 1 1 38 356 39
3329 2 2 1 1 1515 1943 1518
3330 2 2 1 1 1329 1939 1348
3331 2 2 1 1 964 2049 1360
3332 2 2 1 1 406 1916 404
3333 2 2 1 1 1457 1974 1456
3334 2 2 1 1 351 1945 169
3335 2 2 1 1 1136 1957 1953
3336 2 2 1 1 1024 1950 1947
3337 2 2 1 1 19 2135 18
3338 2 2 1 1 552 1946 568
3339 2 2 1 1 1724 1947 1940
3340 2 2 1 1 1024 1947 1724
3341 2 2 1 1 1177 1965 1785
3342 2 2 1 1 947 1950 1024
3343 2 2 1 1 1885 1961 571
3344 2 2 1 1 1953 1957 1258
3345 2 2 1 1 1374 1982 1373
3346 2 2 1 1 1259 1954 1258
3347 2 2 1 1 1587 1951 1107
3348 2 2 1 1 1696 1949 1839
3349 2 2 1 1 1636 1957 1136
3350 2 2 1 1 1262 1952 1051
3351 2 2 1 1 1973 1975 1209
3352 2 2 1 1 1136 1953 1133
3353 2 2 1 1 1265 1972 1928
3354 2 2 1 1 344 1430 1357
3355 2 2 1 1 1046 1185 958
3356 2 2 1 1 872 1215 1037
3357 2 2 1 1 1953 1954 1135
3358 2 2 1 1 1473 1971 377
3359 2 2 1 1 1258 1957 1176
3360 2 2 1 1 840 1956 1825
3361 2 2 1 1 467 2019 1484
3362 2 2 1 1 157 1971 158
3363 2 2 1 1 1472 1980 1473
3364 2 2 1 1 1030 1963 1460
3365 2 2 1 1 1956 1959 1825
3366 2 2 1 1 1181 1916 406
3367 2 2 1 1 431 1969 429
3368 2 2 1 1 718 1972 717
3369 2 2 1 1 957 958 799
3370 2 2 1 1 368 2115 1544
3371 2 2 1 1 748 1948 746
3372 2 2 1 1 1911 1965 1177
3373 2 2 1 1 1385 1405 1031
3374 2 2 1 1 1347 2008 362
3375 2 2 1 1 817 1958 964
3376 2 2 1 1 344 1357 1356
3377 2 2 1 1 1372 1993 413
3378 2 2 1 1 1880 1916 1181
3379 2 2 1 1 1825 1959 1391
3380 2 2 1 1 1955 2001 1203
3381 2 2 1 1 1329 2019 1939
3382 2 2 1 1 903 1968 902
3383 2 2 1 1 787 1948 748
3384 2 2 1 1 1066 1968 1329
3385 2 2 1 1 1587 1978 1112
3386 2 2 1 1 1858 1973 1209
3387 2 2 1 1 746 1948 1419
3388 2 2 1 1 1216 1344 1301
3389 2 2 1 1 1950 1952 1262
3390 2 2 1 1 1557 2086 1344
3391 2 2 1 1 1460 1977 1274
3392 2 2 1 1 2069 2085 1452
3393 2 2 1 1 1838 1961 1719
3394 2 2 1 1 1274 1984 1273
3395 2 2 1 1 1311 2162 2158
3396 2 2 1 1 1928 1972 718
3397 2 2 1 1 1184 1962 1242
3398 2 2 1 1 1258 1954 1953
3399 2 2 1 1 1961 1964 1719
3400 2 2 1 1 2083 2155 1686
3401 2 2 1 1 750 1960 787
3402 2 2 1 1 1541 1979 537
3403 2 2 1 1 379 1983 1592
3404 2 2 1 1 1480 2126 2046
3405 2 2 1 1 799 1960 750
3406 2 2 1 1 1939 2019 467
3407 2 2 1 1 30 346 31
3408 2 2 1 1 1920 1963 1881
3409 2 2 1 1 1450 1967 1449
3410 2 2 1 1 425 1981 423
3411 2 2 1 1 2011 2012 1529
3412 2 2 1 1 1719 1964 1264
3413 2 2 1 1 537 1979 539
3414 2 2 1 1 1309 2162 1311
3415 2 2 1 1 1964 1966 1264
3416 2 2 1 1 1785 1965 1782
3417 2 2 1 1 1264 1966 1263
3418 2 2 1 1 1479 1963 1920
3419 2 2 1 1 1963 1977 1460
3420 2 2 1 1 339 1985 1620
3421 2 2 1 1 1881 1963 1030
3422 2 2 1 1 1209 1975 1211
3423 2 2 1 1 1454 2114 1193
3424 2 2 1 1 1190 1960 958
3425 2 2 1 1 33 373 34
3426 2 2 1 1 1363 1995 361
3427 2 2 1 1 1373 1982 1944
3428 2 2 1 1 1083 1982 1435
3429 2 2 1 1 1367 1978 1366
3430 2 2 1 1 1965 1970 1782
3431 2 2 1 1 1942 2006 1426
3432 2 2 1 1 1265 1975 1973
3433 2 2 1 1 1200 2022 2017
3434 2 2 1 1 902 1968 1066
3435 2 2 1 1 1782 1970 718
3436 2 2 1 1 958 1960 799
3437 2 2 1 1 429 1969 517
3438 2 2 1 1 1096 1976 1383
3439 2 2 1 1 1469 2033 1818
3440 2 2 1 1 1479 1977 1963
3441 2 2 1 1 377 1971 157
3442 2 2 1 1 1693 2082 352
3443 2 2 1 1 717 1972 788
3444 2 2 1 1 35 371 36
3445 2 2 1 1 1456 1974 375
3446 2 2 1 1 1366 1978 1587
3447 2 2 1 1 1972 1973 788
3448 2 2 1 1 1497 2005 741
3449 2 2 1 1 1206 2022 1200
3450 2 2 1 1 124 1989 123
3451 2 2 1 1 1206 2027 2022
3452 2 2 1 1 788 1973 1858
3453 2 2 1 1 1977 1984 1274
3454 2 2 1 1 1315 1980 1509
3455 2 2 1 1 1466 1992 1467
3456 2 2 1 1 2037 2041 1347
3457 2 2 1 1 1167 1975 1265
3458 2 2 1 1 1481 2004 357
3459 2 2 1 1 1210 2050 2044
3460 2 2 1 1 4 1986 30
3461 2 2 1 1 379 2032 1983
3462 2 2 1 1 121 1991 120
3463 2 2 1 1 1208 2027 1206
3464 2 2 1 1 613 1977 1479
3465 2 2 1 1 1676 1995 1791
3466 2 2 1 1 1463 1987 1462
3467 2 2 1 1 1788 2050 1210
3468 2 2 1 1 1208 2032 2027
3469 2 2 1 1 1345 2037 1347
3470 2 2 1 1 2038 2040 1593
3471 2 2 1 1 1954 1988 1295
3472 2 2 1 1 1788 2053 2050
3473 2 2 1 1 1204 1997 1290
3474 2 2 1 1 1470 1980 1472
3475 2 2 1 1 1610 1997 1609
3476 2 2 1 1 413 1993 411
3477 2 2 1 1 1211 2032 1208
3478 2 2 1 1 539 1979 642
3479 2 2 1 1 1407 1984 613
3480 2 2 1 1 1213 2053 1788
3481 2 2 1 1 1857 1994 1215
3482 2 2 1 1 340 2002 1668
3483 2 2 1 1 1318 1990 88
3484 2 2 1 1 1213 2054 2053
3485 2 2 1 1 423 1981 611
3486 2 2 1 1 1144 2003 1816
3487 2 2 1 1 394 1986 4
3488 2 2 1 1 1592 1983 1593
3489 2 2 1 1 1260 2054 1213
3490 2 2 1 1 173 2008 1758
3491 2 2 1 1 362 2008 172
3492 2 2 1 1 1317 2073 1461
3493 2 2 1 1 340 2100 2002
3494 2 2 1 1 1821 2010 1272
3495 2 2 1 1 1187 2004 1271
3496 2 2 1 1 1272 2010 1038
3497 2 2 1 1 1215 1994 1216
3498 2 2 1 1 1529 2012 1527
3499 2 2 1 1 339 2054 1985
3500 2 2 1 1 350 2013 1641
3501 2 2 1 1 613 1984 1977
3502 2 2 1 1 121 2079 1991
3503 2 2 1 1 366 2086 1824
3504 2 2 1 1 1620 1985 1621
3505 2 2 1 1 124 2070 1989
3506 2 2 1 1 1640 2014 354
3507 2 2 1 1 1530 2017 378
3508 2 2 1 1 1944 1982 1083
3509 2 2 1 1 741 2005 1882
3510 2 2 1 1 1462 1987 1433
3511 2 2 1 1 64 2016 347
3512 2 2 1 1 389 2016 63
3513 2 2 1 1 1983 2038 1593
3514 2 2 1 1 2157 2158 1967
3515 2 2 1 1 97 2018 96
3516 2 2 1 1 1332 2049 1331
3517 2 2 1 1 2031 2042 369
3518 2 2 1 1 1971 2043 158
3519 2 2 1 1 94 2023 93
3520 2 2 1 1 1983 2032 1211
3521 2 2 1 1 1621 2059 1622
3522 2 2 1 1 1320 1992 1319
3523 2 2 1 1 1239 2028 1648
3524 2 2 1 1 349 2035 151
3525 2 2 1 1 152 2035 374
3526 2 2 1 1 2059 2061 1622
3527 2 2 1 1 940 2024 889
3528 2 2 1 1 1818 2033 864
3529 2 2 1 1 363 2034 54
3530 2 2 1 1 1186 2065 2063
3531 2 2 1 1 1984 1999 1273
3532 2 2 1 1 2056 2059 1621
3533 2 2 1 1 2082 2136 352
3534 2 2 1 1 1439 2147 346
3535 2 2 1 1 1868 2065 1186
3536 2 2 1 1 1922 2034 363
3537 2 2 1 1 1180 2003 1691
3538 2 2 1 1 88 1990 87
3539 2 2 1 1 30 1986 346
3540 2 2 1 1 1865 2033 1320
3541 2 2 1 1 123 1989 360
3542 2 2 1 1 1228 2036 1312
3543 2 2 1 1 1332 2045 1368
3544 2 2 1 1 1045 2037 1634
3545 2 2 1 1 401 2051 403
3546 2 2 1 1 1119 2037 1345
3547 2 2 1 1 1484 2019 1487
3548 2 2 1 1 42 1990 43
3549 2 2 1 1 1992 2132 1467
3550 2 2 1 1 1187 2145 2004
3551 2 2 1 1 404 2031 402
3552 2 2 1 1 1134 2039 1144
3553 2 2 1 1 1364 1995 1363
3554 2 2 1 1 1301 2088 1321
3555 2 2 1 1 1318 2112 1990
3556 2 2 1 1 980 2021 981
3557 2 2 1 1 1316 2043 1971
3558 2 2 1 1 1330 2045 1332
3559 2 2 1 1 1210 2040 1056
3560 2 2 1 1 981 2021 1848
3561 2 2 1 1 1481 2125 2004
3562 2 2 1 1 1593 2044 348
3563 2 2 1 1 159 2043 333
3564 2 2 1 1 1259 1988 1954
3565 2 2 1 1 374 1992 1466
3566 2 2 1 1 1200 2015 1043
3567 2 2 1 1 1334 2047 1223
3568 2 2 1 1 1325 2085 353
3569 2 2 1 1 120 1991 337
3570 2 2 1 1 1999 2000 1273
3571 2 2 1 1 1985 2054 1260
3572 2 2 1 1 1321 2102 1282
3573 2 2 1 1 2007 2159 1333
3574 2 2 1 1 1991 1996 337
3575 2 2 1 1 361 1995 1676
3576 2 2 1 1 1438 2102 373
3577 2 2 1 1 1848 2066 981
3578 2 2 1 1 411 1993 741
3579 2 2 1 1 1084 2012 2011
3580 2 2 1 1 337 1996 1673
3581 2 2 1 1 816 2057 814
3582 2 2 1 1 1967 2051 364
3583 2 2 1 1 1403 1999 1407
3584 2 2 1 1 2036 2151 1312
3585 2 2 1 1 971 2052 1048
3586 2 2 1 1 422 2163 1368
3587 2 2 1 1 71 2058 72
3588 2 2 1 1 1828 2056 1260
3589 2 2 1 1 972 2055 1799
3590 2 2 1 1 373 2116 1438
3591 2 2 1 1 787 2006 1942
3592 2 2 1 1 973 2057 1219
3593 2 2 1 1 1985 2056 1621
3594 2 2 1 1 1952 2091 2084
3595 2 2 1 1 1609 1997 1204
3596 2 2 1 1 1343 2108 1202
3597 2 2 1 1 1989 2070 1293
3598 2 2 1 1 50 2060 368
3599 2 2 1 1 391 2060 49
3600 2 2 1 1 2068 2074 360
3601 2 2 1 1 1308 2069 1452
3602 2 2 1 1 1186 2061 1148
3603 2 2 1 1 1622 2063 1623
3604 2 2 1 1 1746 2062 1334
3605 2 2 1 1 1960 2006 787
3606 2 2 1 1 1216 1994 1344
3607 2 2 1 1 1991 2079 1296
3608 2 2 1 1 1273 2000 1272
3609 2 2 1 1 1193 2096 1455
3610 2 2 1 1 2002 2100 1285
3611 2 2 1 1 1450 2051 1967
3612 2 2 1 1 390 2072 1461
3613 2 2 1 1 335 2070 125
3614 2 2 1 1 1995 2055 1791
3615 2 2 1 1 1191 2068 1293
3616 2 2 1 1 1668 2002 1667
3617 2 2 1 1 1407 1999 1984
3618 2 2 1 1 1691 2003 1702
3619 2 2 1 1 1461 2072 1286
3620 2 2 1 1 357 2004 1457
3621 2 2 1 1 1816 2003 1180
3622 2 2 1 1 1779 2072 1302
3623 2 2 1 1 164 2073 342
3624 2 2 1 1 1860 2076 1511
3625 2 2 1 1 1945 2089 170
3626 2 2 1 1 1296 2074 1230
3627 2 2 1 1 1882 2005 1183
3628 2 2 1 1 55 2077 56
3629 2 2 1 1 1267 2100 2095
3630 2 2 1 1 360 2079 122
3631 2 2 1 1 1050 2078 1192
3632 2 2 1 1 2005 2009 1183
3633 2 2 1 1 1178 2091 1952
3634 2 2 1 1 1043 2015 1084
3635 2 2 1 1 1285 2100 1267
3636 2 2 1 1 1074 2083 1259
3637 2 2 1 1 22 2007 21
3638 2 2 1 1 1297 2083 1073
3639 2 2 1 1 1271 2046 2009
3640 2 2 1 1 172 2008 173
3641 2 2 1 1 171 2089 362
3642 2 2 1 1 1346 2089 1945
3643 2 2 1 1 1958 2049 964
3644 2 2 1 1 1670 2095 385
3645 2 2 1 1 2007 2069 1310
3646 2 2 1 1 1038 2010 1039
3647 2 2 1 1 1268 2098 1281
3648 2 2 1 1 1354 2096 1196
3649 2 2 1 1 1667 2105 1666
3650 2 2 1 1 1183 2009 1284
3651 2 2 1 1 1952 2084 1051
3652 2 2 1 1 1320 2132 1992
3653 2 2 1 1 1084 2011 1589
3654 2 2 1 1 2105 2106 1666
3655 2 2 1 1 370 2080 175
3656 2 2 1 1 1794 2097 1285
3657 2 2 1 1 818 2108 816
3658 2 2 1 1 1202 2108 966
3659 2 2 1 1 1464 2103 1465
3660 2 2 1 1 1880 2042 1916
3661 2 2 1 1 1980 2124 1509
3662 2 2 1 1 7 2120 143
3663 2 2 1 1 177 2120 7
3664 2 2 1 1 2004 2145 1457
3665 2 2 1 1 1278 2106 1078
3666 2 2 1 1 383 2107 1646
3667 2 2 1 1 397 2120 1528
3668 2 2 1 1 1267 2093 1070
3669 2 2 1 1 1527 2012 1530
3670 2 2 1 1 1335 2092 1266
3671 2 2 1 1 1869 2096 1193
3672 2 2 1 1 1260 2056 1985
3673 2 2 1 1 1646 2109 345
3674 2 2 1 1 1288 2115 1610
3675 2 2 1 1 1544 2115 1289
3676 2 2 1 1 1641 2013 1642
3677 2 2 1 1 44 2112 399
3678 2 2 1 1 386 2119 1685
3679 2 2 1 1 1278 2107 2106
3680 2 2 1 1 2107 2109 1646
3681 2 2 1 1 2030 2048 1305
3682 2 2 1 1 1190 2006 1960
3683 2 2 1 1 1357 2111 1356
3684 2 2 1 1 420 2163 422
3685 2 2 1 1 1989 2068 360
3686 2 2 1 1 1029 2122 1163
3687 2 2 1 1 2109 2110 345
3688 2 2 1 1 1027 2123 1283
3689 2 2 1 1 986 2128 1025
3690 2 2 1 1 338 2156 75
3691 2 2 1 1 70 2131 71
3692 2 2 1 1 1470 2124 1980
3693 2 2 1 1 1316 2139 1313
3694 2 2 1 1 1293 2067 1220
3695 2 2 1 1 345 2110 1645
3696 2 2 1 1 1193 2114 1059
3697 2 2 1 1 367 2126 1480
3698 2 2 1 1 1197 2138 1324
3699 2 2 1 1 1198 2142 1327
3700 2 2 1 1 1287 2134 1815
3701 2 2 1 1 1291 2140 1783
3702 2 2 1 1 1875 2118 1300
3703 2 2 1 1 889 2148 887
3704 2 2 1 1 1426 2021 980
3705 2 2 1 1 1203 2144 1046
3706 2 2 1 1 87 1990 42
3707 2 2 1 1 354 2014 1656
3708 2 2 1 1 1080 2145 1081
3709 2 2 1 1 1975 2038 1211
3710 2 2 1 1 1917 2156 338
3711 2 2 1 1 1645 2113 384
3712 2 2 1 1 2110 2113 1645
3713 2 2 1 1 2042 2087 369
3714 2 2 1 1 402 1998 400
3715 2 2 1 1 2113 2117 384
3716 2 2 1 1 2004 2125 1271
3717 2 2 1 1 353 2085 2069
3718 2 2 1 1 333 2036 1701
3719 2 2 1 1 384 2117 1643
3720 2 2 1 1 63 2016 64
3721 2 2 1 1 378 2017 1573
3722 2 2 1 1 1359 2163 643
3723 2 2 1 1 2117 2121 1643
3724 2 2 1 1 96 2018 365
3725 2 2 1 1 2017 2022 1573
3726 2 2 1 1 1992 2143 1319
3727 2 2 1 1 1967 2158 1449
3728 2 2 1 1 1643 2121 350
3729 2 2 1 1 1980 2139 1473
3730 2 2 1 1 1573 2022 358
3731 2 2 1 1 2097 2105 1667
3732 2 2 1 1 900 2124 1818
3733 2 2 1 1 1293 2068 1989
3734 2 2 1 1 1365 2156 1917
3735 2 2 1 1 2022 2027 358
3736 2 2 1 1 2046 2125 1480
3737 2 2 1 1 93 2023 372
3738 2 2 1 1 40 2020 41
3739 2 2 1 1 8 2030 367
3740 2 2 1 1 183 2030 8
3741 2 2 1 1 1 400 17
3742 2 2 1 1 358 2027 1590
3743 2 2 1 1 1437 2102 1438
3744 2 2 1 1 1048 2024 940
3745 2 2 1 1 1240 2028 1239
3746 2 2 1 1 1211 2038 1983
3747 2 2 1 1 399 2029 1715
3748 2 2 1 1 392 2062 1722
3749 2 2 1 1 382 2127 1640
3750 2 2 1 1 1651 2034 1922
3751 2 2 1 1 17 1998 2
3752 2 2 1 1 2027 2032 1590
3753 2 2 1 1 1284 2126 1305
3754 2 2 1 1 352 2136 1694
3755 2 2 1 1 1996 2078 1673
3756 2 2 1 1 37 2026 38
3757 2 2 1 1 1364 2055 1995
3758 2 2 1 1 1590 2032 379
3759 2 2 1 1 1192 2078 1996
3760 2 2 1 1 864 2033 1865
3761 2 2 1 1 54 2034 55
3762 2 2 1 1 1916 2031 404
3763 2 2 1 1 374 2143 1992
3764 2 2 1 1 1368 2163 1359
3765 2 2 1 1 151 2035 152
3766 2 2 1 1 41 2020 394
3767 2 2 1 1 333 2151 2036
3768 2 2 1 1 1758 2090 370
3769 2 2 1 1 33 2116 373
3770 2 2 1 1 1988 2119 386
3771 2 2 1 1 1655 2133 1654
3772 2 2 1 1 346 2147 31
3773 2 2 1 1 373 2101 34
3774 2 2 1 1 1654 2137 359
3775 2 2 1 1 2103 2148 1465
3776 2 2 1 1 1201 2094 1202
3777 2 2 1 1 38 2026 356
3778 2 2 1 1 2133 2137 1654
3779 2 2 1 1 98 2141 97
3780 2 2 1 1 1383 2071 1382
3781 2 2 1 1 1315 2139 1980
3782 2 2 1 1 1285 2097 2002
3783 2 2 1 1 1302 2036 1228
3784 2 2 1 1 342 2047 1721
3785 2 2 1 1 2 1998 369
3786 2 2 1 1 1084 2015 2012
3787 2 2 1 1 1634 2037 1119
3788 2 2 1 1 2002 2097 1667
3789 2 2 1 1 95 2146 94
3790 2 2 1 1 1266 2039 1134
3791 2 2 1 1 1167 2040 2038
3792 2 2 1 1 1382 2071 1384
3793 2 2 1 1 1056 2040 1167
3794 2 2 1 1 1283 2123 2014
3795 2 2 1 1 1331 2049 1958
3796 2 2 1 1 372 2149 1600
3797 2 2 1 1 1589 2041 1045
3798 2 2 1 1 1300 2118 2013
3799 2 2 1 1 2149 2150 1600
3800 2 2 1 1 1324 2138 2018
3801 2 2 1 1 1600 2150 396
3802 2 2 1 1 972 2103 2055
3803 2 2 1 1 2026 2064 1386
3804 2 2 1 1 1327 2142 2023
3805 2 2 1 1 348 2044 1607
3806 2 2 1 1 158 2043 159
3807 2 2 1 1 1223 2047 1795
3808 2 2 1 1 2044 2050 1607
3809 2 2 1 1 2142 2149 372
3810 2 2 1 1 1452 2085 1201
3811 2 2 1 1 1607 2050 380
3812 2 2 1 1 2012 2015 1530
3813 2 2 1 1 403 2051 1450
3814 2 2 1 1 2050 2053 380
3815 2 2 1 1 1167 2038 1975
3816 2 2 1 1 2029 2081 1715
3817 2 2 1 1 1240 2082 2028
3818 2 2 1 1 1305 2048 1879
3819 2 2 1 1 1323 2081 2029
3820 2 2 1 1 981 2052 971
3821 2 2 1 1 2111 2144 1356
3822 2 2 1 1 380 2053 1613
3823 2 2 1 1 176 2080 1528
3824 2 2 1 1 2112 2152 399
3825 2 2 1 1 1702 2092 341
3826 2 2 1 1 2053 2054 1613
3827 2 2 1 1 1714 2130 1290
3828 2 2 1 1 1613 2054 339
3829 2 2 1 1 1311 2158 2157
3830 2 2 1 1 1799 2055 1364
3831 2 2 1 1 1850 2056 1828
3832 2 2 1 1 814 2057 973
3833 2 2 1 1 72 2058 386
3834 2 2 1 1 371 2064 36
3835 2 2 1 1 2013 2118 1642
3836 2 2 1 1 1850 2059 2056
3837 2 2 1 1 1150 2059 1850
3838 2 2 1 1 1150 2061 2059
3839 2 2 1 1 49 2060 50
3840 2 2 1 1 1148 2061 1150
3841 2 2 1 1 1652 2129 1650
3842 2 2 1 1 1990 2112 43
3843 2 2 1 1 1220 2067 1868
3844 2 2 1 1 1281 2062 1746
3845 2 2 1 1 1623 2063 1624
3846 2 2 1 1 2014 2123 1656
3847 2 2 1 1 1335 2131 2092
3848 2 2 1 1 2063 2065 1624
3849 2 2 1 1 36 2064 37
3850 2 2 1 1 1219 2099 1269
3851 2 2 1 1 1431 2066 1357
3852 2 2 1 1 1624 2065 335
3853 2 2 1 1 1269 2086 1557
3854 2 2 1 1 1589 2090 2041
3855 2 2 1 1 399 2152 2029
3856 2 2 1 1 1974 2114 1454
3857 2 2 1 1 1310 2069 1308
3858 2 2 1 1 125 2070 124
3859 2 2 1 1 1886 2068 1191
3860 2 2 1 1 1824 2086 1269
3861 2 2 1 1 1286 2072 1779
3862 2 2 1 1 2018 2138 365
3863 2 2 1 1 181 2075 393
3864 2 2 1 1 398 2075 180
3865 2 2 1 1 163 2073 164
3866 2 2 1 1 2025 2071 1383
3867 2 2 1 1 179 2087 398
3868 2 2 1 1 1886 2074 2068
3869 2 2 1 1 180 2075 181
3870 2 2 1 1 175 2080 176
3871 2 2 1 1 1303 2081 1323
3872 2 2 1 1 1230 2074 1886
3873 2 2 1 1 1277 2076 1860
3874 2 2 1 1 56 2077 355
3875 2 2 1 1 1051 2078 1050
3876 2 2 1 1 122 2079 121
3877 2 2 1 1 1528 2080 1529
3878 2 2 1 1 2090 2160 2041
3879 2 2 1 1 1259 2119 1988
3880 2 2 1 1 1715 2081 395
3881 2 2 1 1 1662 2082 1240
3882 2 2 1 1 2009 2046 1284
3883 2 2 1 1 2023 2142 372
3884 2 2 1 1 1185 2111 1848
3885 2 2 1 1 1073 2083 1074
3886 2 2 1 1 1673 2084 1671
3887 2 2 1 1 178 2087 179
3888 2 2 1 1 1080 2114 1974
3889 2 2 1 1 29 2088 28
3890 2 2 1 1 2048 2161 1879
3891 2 2 1 1 393 2153 182
3892 2 2 1 1 2084 2091 1671
3893 2 2 1 1 170 2089 171
3894 2 2 1 1 400 1998 17
3895 2 2 1 1 393 2161 2048
3896 2 2 1 1 1671 2091 1670
3897 2 2 1 1 1070 2093 1178
3898 2 2 1 1 37 2064 2026
3899 2 2 1 1 1916 2042 2031
3900 2 2 1 1 1650 2129 1651
3901 2 2 1 1 1282 2102 1437
3902 2 2 1 1 385 2095 1653
3903 2 2 1 1 1579 2098 1268
3904 2 2 1 1 2095 2100 1653
3905 2 2 1 1 1196 2096 1869
3906 2 2 1 1 1653 2100 340
3907 2 2 1 1 336 2099 1342
3908 2 2 1 1 1303 2130 2081
3909 2 2 1 1 1338 2154 1976
3910 2 2 1 1 34 2101 3
3911 2 2 1 1 1791 2103 1464
3912 2 2 1 1 2081 2130 395
3913 2 2 1 1 1929 2097 1794
3914 2 2 1 1 1662 2136 2082
3915 2 2 1 1 1079 2106 2105
3916 2 2 1 1 1078 2106 1079
3917 2 2 1 1 401 2135 2051
3918 2 2 1 1 1666 2107 383
3919 2 2 1 1 966 2108 818
3920 2 2 1 1 2106 2107 1666
3921 2 2 1 1 1079 2105 1929
3922 2 2 1 1 1294 2109 1278
3923 2 2 1 1 2039 2092 1702
3924 2 2 1 1 1929 2105 2097
3925 2 2 1 1 2035 2143 374
3926 2 2 1 1 1480 2125 1481
3927 2 2 1 1 1278 2109 2107
3928 2 2 1 1 1294 2110 2109
3929 2 2 1 1 1842 2110 1294
3930 2 2 1 1 43 2112 44
3931 2 2 1 1 1842 2113 2110
3932 2 2 1 1 1280 2113 1842
3933 2 2 1 1 1289 2115 1288
3934 2 2 1 1 1280 2117 2113
3935 2 2 1 1 1059 2114 1080
3936 2 2 1 1 1279 2117 1280
3937 2 2 1 1 1685 2119 1686
3938 2 2 1 1 143 2120 397
3939 2 2 1 1 32 2116 33
3940 2 2 1 1 1279 2121 2117
3941 2 2 1 1 1642 2127 382
3942 2 2 1 1 1300 2121 1279
3943 2 2 1 1 1163 2118 1875
3944 2 2 1 1 2055 2103 1791
3945 2 2 1 1 1656 2133 1655
3946 2 2 1 1 1283 2122 1029
3947 2 2 1 1 1310 2159 2007
3948 2 2 1 1 1509 2124 900
3949 2 2 1 1 1025 2123 1027
3950 2 2 1 1 1290 2130 1303
3951 2 2 1 1 359 2141 98
3952 2 2 1 1 1195 2128 986
3953 2 2 1 1 1467 2132 1469
3954 2 2 1 1 365 2146 95
3955 2 2 1 1 972 2148 2103
3956 2 2 1 1 395 2130 1714
3957 2 2 1 1 1312 2151 1316
3958 2 2 1 1 2043 2151 333
3959 2 2 1 1 341 2131 70
3960 2 2 1 1 2033 2132 1320
3961 2 2 1 1 369 2087 178
3962 2 2 1 1 1324 2134 1287
3963 2 2 1 1 1917 2155 1297
3964 2 2 1 1 364 2135 19
3965 2 2 1 1 1292 2136 1662
3966 2 2 1 1 1815 2137 1195
3967 2 2 1 1 1783 2138 1197
3968 2 2 1 1 356 2071 2025
3969 2 2 1 1 1195 2137 2133
3970 2 2 1 1 1313 2139 1315
3971 2 2 1 1 1327 2140 1291
3972 2 2 1 1 1723 2142 1198
3973 2 2 1 1 338 2155 1917
3974 2 2 1 1 1449 2158 875
3975 2 2 1 1 2158 2162 875
3976 2 2 1 1 1319 2143 1354
3977 2 2 1 1 32 2147 2116
3978 2 2 1 1 875 2162 1451
3979 2 2 1 1 1723 2149 2142
3980 2 2 1 1 1081 2145 1187
3981 2 2 1 1 182 2153 183
3982 2 2 1 1 887 2148 972
3983 2 2 1 1 1304 2149 1723
3984 2 2 1 1 1304 2150 2149
3985 2 2 1 1 2008 2160 1758
3986 2 2 1 1 1584 2152 1318
3987 2 2 1 1 1046 2144 1185
3988 2 2 1 1 1323 2150 1304
3989 2 2 1 1 1311 2159 1310
3990 2 2 1 1 1986 2104 346
3991 2 2 1 1 1686 2155 338
3992 2 2 1 1 75 2156 76
3993 2 2 1 1 31 2147 32
3994 2 2 1 1 643 2163 420
3995 2 2 1 1 2011 2090 1589
3996 2 2 1 1 1879 2161 1880
3997 2 2 1 1 1868 2067 2065
3998 2 2 1 1 398 2087 2042
3999 2 2 1 1 1347 2160 2008
4000 2 2 1 1 2065 2067 335
4001 2 2 1 1 2075 2161 393
4002 2 2 1 1 183 2153 2030
4003 2 2 1 1 2048 2153 393
4004 2 2 1 1 1266 2092 2039
4005 2 2 1 1 1848 2111 2066
4006 2 2 1 1 2030 2153 2048
4007 2 2 1 1 1758 2160 2090
4008 2 2 1 1 2092 2131 341
4009 2 2 1 1 1318 2152 2112
4010 2 2 1 1 1185 2144 2111
4011 2 2 1 1 394 2154 1986
4012 2 2 1 1 2041 2160 1347
4013 2 2 1 1 1986 2154 2104
4014 2 2 1 1 1354 2143 2035
4015 2 2 1 1 1651 2129 2077
4016 2 2 1 1 2104 2154 1338
4017 2 2 1 1 1469 2132 2033
4018 2 2 1 1 1178 2093 2091
4019 2 2 1 1 2091 2093 1670
4020 2 2 1 1 1271 2125 2046
4021 2 2 1 1 2046 2126 1284
4022 2 2 1 1 1316 2151 2043
4023 2 2 1 1 2066 2111 1357
4024 2 2 1 1 2051 2135 364
4025 2 2 1 1 2077 2129 355
4026 2 2 1 1 2122 2127 1642
4027 2 2 1 1 2128 2133 1656
4028 2 2 1 1 1283 2127 2122
4029 2 2 1 1 2134 2141 359
4030 2 2 1 1 1195 2133 2128
4031 2 2 1 1 2140 2146 365
4032 2 2 1 1 1324 2141 2134
4033 2 2 1 1 1327 2146 2140
4034 2 2 1 1 2157 2159 1311
4035 2 2 1 1 1333 2159 2157
4036 2 2 2 2 2215 2320 2216
4037 2 2 2 2 2292 2331 2195
4038 2 2 2 2 2182 2215 2210
4039 2 2 2 2 2295 2355 2224
4040 2 2 2 2 2263 2311 2296
4041 2 2 2 2 2302 2304 2250
4042 2 2 2 2 2250 2304 2274
4043 2 2 2 2 2256 2307 2255
4044 2 2 2 2 2256 2315 2307
4045 2 2 2 2 2262 2311 2263
4046 2 2 2 2 2179 2320 2215
4047 2 2 2 2 2223 2293 2191
4048 2 2 2 2 2191 2297 2223
4049 2 2 2 2 2204 2218 2
4050 2 2 2 2 2207 2295 2224
4051 2 2 2 2 2289 2355 2294
4052 2 2 2 2 2229 2297 2191
4053 2 2 2 2 2191 2298 2229
4054 2 2 2 2 2289 2294 2225
4055 2 2 2 2 2223 2337 2198
4056 2 2 2 2 2198 2293 2223
4057 2 2 2 2 2260 2303 2232
4058 2 2 2 2 2234 2310 2178
4059 2 2 2 2 2244 2306 2199
4060 2 2 2 2 2199 2313 2244
4061 2 2 2 2 2283 2314 2242
4062 2 2 2 2 2178 2316 2234
4063 2 2 2 2 2287 2300 2237
4064 2 2 2 2 2176 2305 2269
4065 2 2 2 2 2179 2315 2256
4066 2 2 2 2 2269 2317 2176
4067 2 2 2 2 2269 2305 2170
4068 2 2 2 2 2176 2317 2273
4069 2 2 2 2 2257 2301 2248
4070 2 2 2 2 2273 2312 2176
4071 2 2 2 2 2177 2312 2273
4072 2 2 2 2 2238 2309 2171
4073 2 2 2 2 2255 2307 2192
4074 2 2 2 2 2233 2314 2283
4075 2 2 2 2 2243 2308 2277
4076 2 2 2 2 2171 2318 2238
4077 2 2 2 2 2262 2300 2287
4078 2 2 2 2 2287 2311 2262
4079 2 2 2 2 2239 2303 2260
4080 2 2 2 2 2232 2338 2260
4081 2 2 2 2 2242 2339 2283
4082 2 2 2 2 2273 2343 2177
4083 2 2 2 2 2192 2342 2255
4084 2 2 2 2 2260 2344 2239
4085 2 2 2 2 2237 2346 2287
4086 2 2 2 2 2170 2349 2269
4087 2 2 2 2 2248 2347 2257
4088 2 2 2 2 2277 2350 2243
4089 2 2 2 2 2283 2351 2233
4090 2 2 2 2 2195 2332 2292
4091 2 2 2 2 2256 2320 2179
4092 2 2 2 2 183 2215 2182
4093 2 2 2 2 178 2204 2
4094 2 2 2 2 2229 2298 2189
4095 2 2 2 2 2215 2216 2210
4096 2 2 2 2 2189 2352 2229
4097 2 2 2 2 2217 2218 2204
4098 2 2 2 2 2341 2348 2249
4099 2 2 2 2 2280 2348 2341
4100 2 2 2 2 2321 2331 2292
4101 2 2 2 2 2326 2335 2212
4102 2 2 2 2 17 2218 187
4103 2 2 2 2 2 2218 17
4104 2 2 2 2 2212 2334 2328
4105 2 2 2 2 180 2213 179
4106 2 2 2 2 182 2208 181
4107 2 2 2 2 2291 2327 2323
4108 2 2 2 2 2325 2333 2331
4109 2 2 2 2 2164 2355 2295
4110 2 2 2 2 9 2330 238
4111 2 2 2 2 1 17 187
4112 2 2 2 2 2294 2355 2164
4113 2 2 2 2 184 2330 9
4114 2 2 2 2 2197 2335 2326
4115 2 2 2 2 2213 2357 179
4116 2 2 2 2 2328 2334 2196
4117 2 2 2 2 2208 2358 181
4118 2 2 2 2 8 2215 183
4119 2 2 2 2 186 2218 2217
4120 2 2 2 2 185 2217 2203
4121 2 2 2 2 2323 2327 2219
4122 2 2 2 2 2201 2359 2329
4123 2 2 2 2 2212 2335 2334
4124 2 2 2 2 187 2218 186
4125 2 2 2 2 2219 2330 2203
4126 2 2 2 2 2216 2320 2319
4127 2 2 2 2 2181 2204 178
4128 2 2 2 2 2198 2225 193
4129 2 2 2 2 177 2207 176
4130 2 2 2 2 2220 2221 2174
4131 2 2 2 2 2207 2224 2220
4132 2 2 2 2 175 2220 2174
4133 2 2 2 2 2222 2227 2226
4134 2 2 2 2 2220 2224 2221
4135 2 2 2 2 2331 2333 2195
4136 2 2 2 2 174 2226 173
4137 2 2 2 2 2207 2220 176
4138 2 2 2 2 2181 2205 2204
4139 2 2 2 2 193 2225 192
4140 2 2 2 2 194 2198 193
4141 2 2 2 2 238 2219 237
4142 2 2 2 2 2204 2356 2217
4143 2 2 2 2 2203 2323 2219
4144 2 2 2 2 2202 2327 2291
4145 2 2 2 2 173 2226 2173
4146 2 2 2 2 2174 2226 174
4147 2 2 2 2 2198 2289 2225
4148 2 2 2 2 2201 2333 2325
4149 2 2 2 2 2291 2292 2202
4150 2 2 2 2 176 2220 175
4151 2 2 2 2 2221 2223 2222
4152 2 2 2 2 2226 2227 2173
4153 2 2 2 2 2227 2228 2173
4154 2 2 2 2 236 2202 235
4155 2 2 2 2 232 2201 231
4156 2 2 2 2 234 2195 233
4157 2 2 2 2 227 2197 226
4158 2 2 2 2 230 2196 229
4159 2 2 2 2 2227 2229 2228
4160 2 2 2 2 202 2235 2190
4161 2 2 2 2 2261 2263 2189
4162 2 2 2 2 2186 2261 199
4163 2 2 2 2 203 2235 202
4164 2 2 2 2 199 2261 198
4165 2 2 2 2 2235 2239 2236
4166 2 2 2 2 204 2251 2184
4167 2 2 2 2 205 2251 204
4168 2 2 2 2 209 2245 208
4169 2 2 2 2 2262 2263 2261
4170 2 2 2 2 2230 2251 205
4171 2 2 2 2 2235 2236 2190
4172 2 2 2 2 2168 2245 209
4173 2 2 2 2 2278 2280 2279
4174 2 2 2 2 2186 2262 2261
4175 2 2 2 2 2194 2270 155
4176 2 2 2 2 211 2284 2240
4177 2 2 2 2 2240 2243 2241
4178 2 2 2 2 218 2278 217
4179 2 2 2 2 164 2259 2178
4180 2 2 2 2 207 2288 2193
4181 2 2 2 2 2248 2265 2246
4182 2 2 2 2 198 2261 2189
4183 2 2 2 2 200 2264 2186
4184 2 2 2 2 2183 2277 2276
4185 2 2 2 2 2237 2264 2190
4186 2 2 2 2 223 2252 222
4187 2 2 2 2 2236 2237 2190
4188 2 2 2 2 154 2270 2188
4189 2 2 2 2 2247 2248 2246
4190 2 2 2 2 2175 2252 223
4191 2 2 2 2 2245 2288 208
4192 2 2 2 2 2187 2247 2246
4193 2 2 2 2 2194 2272 2271
4194 2 2 2 2 2232 2251 2230
4195 2 2 2 2 2276 2277 2272
4196 2 2 2 2 2252 2257 2169
4197 2 2 2 2 2254 2256 2255
4198 2 2 2 2 224 2281 2175
4199 2 2 2 2 212 2284 211
4200 2 2 2 2 2241 2242 2168
4201 2 2 2 2 2233 2234 2231
4202 2 2 2 2 2254 2255 2253
4203 2 2 2 2 201 2264 200
4204 2 2 2 2 208 2288 207
4205 2 2 2 2 155 2270 154
4206 2 2 2 2 206 2230 205
4207 2 2 2 2 2281 2285 2254
4208 2 2 2 2 2194 2276 2272
4209 2 2 2 2 2190 2264 201
4210 2 2 2 2 2175 2281 2254
4211 2 2 2 2 2184 2235 203
4212 2 2 2 2 2167 2278 218
4213 2 2 2 2 2254 2285 2256
4214 2 2 2 2 161 2282 160
4215 2 2 2 2 211 2240 210
4216 2 2 2 2 2166 2283 2282
4217 2 2 2 2 207 2193 206
4218 2 2 2 2 2249 2250 2247
4219 2 2 2 2 2187 2246 149
4220 2 2 2 2 2183 2276 157
4221 2 2 2 2 2240 2241 2168
4222 2 2 2 2 152 2185 151
4223 2 2 2 2 217 2170 216
4224 2 2 2 2 222 2169 221
4225 2 2 2 2 2187 2275 2249
4226 2 2 2 2 215 2176 214
4227 2 2 2 2 2236 2238 2237
4228 2 2 2 2 150 2187 149
4229 2 2 2 2 170 2286 169
4230 2 2 2 2 2188 2267 2266
4231 2 2 2 2 2268 2269 2267
4232 2 2 2 2 12 2200 225
4233 2 2 2 2 151 2275 150
4234 2 2 2 2 154 2188 153
4235 2 2 2 2 2175 2253 2252
4236 2 2 2 2 148 2265 147
4237 2 2 2 2 224 2175 223
4238 2 2 2 2 2240 2284 2243
4239 2 2 2 2 2272 2273 2271
4240 2 2 2 2 147 2192 146
4241 2 2 2 2 171 2165 170
4242 2 2 2 2 219 2167 218
4243 2 2 2 2 2194 2271 2270
4244 2 2 2 2 160 2199 159
4245 2 2 2 2 167 2171 166
4246 2 2 2 2 169 2172 168
4247 2 2 2 2 173 2173 172
4248 2 2 2 2 175 2174 174
4249 2 2 2 2 164 2178 163
4250 2 2 2 2 165 2259 164
4251 2 2 2 2 2165 2286 170
4252 2 2 2 2 200 2186 199
4253 2 2 2 2 213 2177 212
4254 2 2 2 2 2231 2232 2230
4255 2 2 2 2 198 2189 197
4256 2 2 2 2 202 2190 201
4257 2 2 2 2 156 2194 155
4258 2 2 2 2 157 2276 156
4259 2 2 2 2 158 2183 157
4260 2 2 2 2 196 2191 195
4261 2 2 2 2 210 2240 2168
4262 2 2 2 2 144 2179 8
4263 2 2 2 2 162 2166 161
4264 2 2 2 2 210 2168 209
4265 2 2 2 2 204 2184 203
4266 2 2 2 2 2242 2245 2168
4267 2 2 2 2 160 2282 2199
4268 2 2 2 2 217 2278 2170
4269 2 2 2 2 2187 2249 2247
4270 2 2 2 2 2258 2260 2259
4271 2 2 2 2 2188 2266 153
4272 2 2 2 2 2166 2282 161
4273 2 2 2 2 222 2252 2169
4274 2 2 2 2 2250 2274 2247
4275 2 2 2 2 2193 2230 206
4276 2 2 2 2 225 2281 224
4277 2 2 2 2 2278 2279 2170
4278 2 2 2 2 2188 2268 2267
4279 2 2 2 2 149 2246 148
4280 2 2 2 2 2188 2270 2268
4281 2 2 2 2 2200 2285 2281
4282 2 2 2 2 2247 2274 2248
4283 2 2 2 2 153 2266 152
4284 2 2 2 2 150 2275 2187
4285 2 2 2 2 2200 2281 225
4286 2 2 2 2 2193 2233 2231
4287 2 2 2 2 2243 2244 2241
4288 2 2 2 2 2185 2275 151
4289 2 2 2 2 2270 2271 2268
4290 2 2 2 2 2246 2265 148
4291 2 2 2 2 2175 2254 2253
4292 2 2 2 2 2193 2288 2233
4293 2 2 2 2 2193 2231 2230
4294 2 2 2 2 2253 2257 2252
4295 2 2 2 2 147 2265 2192
4296 2 2 2 2 156 2276 2194
4297 2 2 2 2 2286 2287 2172
4298 2 2 2 2 2258 2259 165
4299 2 2 2 2 2177 2284 212
4300 2 2 2 2 2167 2280 2278
4301 2 2 2 2 2184 2239 2235
4302 2 2 2 2 169 2286 2172
4303 2 2 2 2 152 2266 2185
4304 2 2 2 2 166 2258 165
4305 2 2 2 2 2171 2258 166
4306 2 2 2 2 2182 2210 2209
4307 2 2 2 2 179 2181 178
4308 2 2 2 2 181 2180 180
4309 2 2 2 2 183 2182 182
4310 2 2 2 2 2180 2213 180
4311 2 2 2 2 2182 2208 182
4312 2 2 2 2 2210 2212 2209
4313 2 2 2 2 2209 2211 2208
4314 2 2 2 2 2180 2214 2213
4315 2 2 2 2 2182 2209 2208
4316 2 2 2 2 2221 2222 2174
4317 2 2 2 2 2228 2290 2173
4318 2 2 2 2 171 2290 2165
4319 2 2 2 2 2173 2290 172
4320 2 2 2 2 2222 2226 2174
4321 2 2 2 2 2179 2215 8
4322 2 2 2 2 2227 2297 2229
4323 2 2 2 2 2206 2291 2205
4324 2 2 2 2 172 2290 171
4325 2 2 2 2 2223 2297 2222
4326 2 2 2 2 194 2293 2198
4327 2 2 2 2 2206 2292 2291
4328 2 2 2 2 2181 2206 2205
4329 2 2 2 2 186 2217 185
4330 2 2 2 2 185 2203 184
4331 2 2 2 2 2198 2337 2289
4332 2 2 2 2 2191 2293 195
4333 2 2 2 2 2217 2356 2203
4334 2 2 2 2 2189 2298 197
4335 2 2 2 2 196 2298 2191
4336 2 2 2 2 2172 2318 168
4337 2 2 2 2 2199 2306 159
4338 2 2 2 2 2232 2303 2251
4339 2 2 2 2 2242 2314 2245
4340 2 2 2 2 219 2302 2167
4341 2 2 2 2 162 2310 2166
4342 2 2 2 2 213 2312 2177
4343 2 2 2 2 2284 2308 2243
4344 2 2 2 2 158 2306 2183
4345 2 2 2 2 2192 2307 146
4346 2 2 2 2 2273 2317 2271
4347 2 2 2 2 144 2315 2179
4348 2 2 2 2 2237 2300 2264
4349 2 2 2 2 2169 2304 221
4350 2 2 2 2 2248 2301 2265
4351 2 2 2 2 2176 2312 214
4352 2 2 2 2 2234 2316 2231
4353 2 2 2 2 215 2305 2176
4354 2 2 2 2 2268 2317 2269
4355 2 2 2 2 2170 2305 216
4356 2 2 2 2 2236 2309 2238
4357 2 2 2 2 2178 2310 163
4358 2 2 2 2 2244 2313 2241
4359 2 2 2 2 167 2318 2171
4360 2 2 2 2 2288 2314 2233
4361 2 2 2 2 2186 2300 2262
4362 2 2 2 2 2286 2311 2287
4363 2 2 2 2 2184 2303 2239
4364 2 2 2 2 2285 2320 2256
4365 2 2 2 2 2329 2336 2201
4366 2 2 2 2 2222 2297 2227
4367 2 2 2 2 2325 2359 2201
4368 2 2 2 2 190 2164 189
4369 2 2 2 2 191 2294 190
4370 2 2 2 2 2216 2326 2210
4371 2 2 2 2 2228 2296 2290
4372 2 2 2 2 2214 2321 2213
4373 2 2 2 2 189 2295 188
4374 2 2 2 2 2263 2352 2189
4375 2 2 2 2 2210 2326 2212
4376 2 2 2 2 195 2293 194
4377 2 2 2 2 2212 2328 2209
4378 2 2 2 2 2296 2311 2165
4379 2 2 2 2 2290 2296 2165
4380 2 2 2 2 2200 2319 2285
4381 2 2 2 2 2233 2351 2234
4382 2 2 2 2 2279 2349 2170
4383 2 2 2 2 2238 2346 2237
4384 2 2 2 2 2274 2347 2248
4385 2 2 2 2 2249 2348 2250
4386 2 2 2 2 2243 2350 2244
4387 2 2 2 2 197 2298 196
4388 2 2 2 2 2239 2309 2236
4389 2 2 2 2 220 2302 219
4390 2 2 2 2 216 2305 215
4391 2 2 2 2 221 2304 220
4392 2 2 2 2 146 2307 145
4393 2 2 2 2 159 2306 158
4394 2 2 2 2 163 2310 162
4395 2 2 2 2 2241 2313 2242
4396 2 2 2 2 214 2312 213
4397 2 2 2 2 2264 2300 2186
4398 2 2 2 2 2307 2315 145
4399 2 2 2 2 2271 2317 2268
4400 2 2 2 2 2265 2301 2192
4401 2 2 2 2 145 2315 144
4402 2 2 2 2 2251 2303 2184
4403 2 2 2 2 2177 2308 2284
4404 2 2 2 2 2231 2316 2232
4405 2 2 2 2 220 2304 2302
4406 2 2 2 2 2280 2299 2279
4407 2 2 2 2 168 2318 167
4408 2 2 2 2 2165 2311 2286
4409 2 2 2 2 2245 2314 2288
4410 2 2 2 2 2340 2349 2279
4411 2 2 2 2 2172 2346 2318
4412 2 2 2 2 2310 2351 2166
4413 2 2 2 2 2306 2350 2183
4414 2 2 2 2 2302 2348 2167
4415 2 2 2 2 2169 2347 2304
4416 2 2 2 2 226 2322 12
4417 2 2 2 2 2324 2325 2214
4418 2 2 2 2 2224 2337 2221
4419 2 2 2 2 2200 2322 2319
4420 2 2 2 2 2289 2337 2224
4421 2 2 2 2 190 2294 2164
4422 2 2 2 2 2196 2329 2328
4423 2 2 2 2 2164 2295 189
4424 2 2 2 2 2197 2322 226
4425 2 2 2 2 2203 2356 2323
4426 2 2 2 2 2280 2341 2299
4427 2 2 2 2 2299 2340 2279
4428 2 2 2 2 2313 2339 2242
4429 2 2 2 2 2301 2342 2192
4430 2 2 2 2 2177 2343 2308
4431 2 2 2 2 2316 2338 2232
4432 2 2 2 2 2239 2344 2309
4433 2 2 2 2 2328 2329 2211
4434 2 2 2 2 12 2322 2200
4435 2 2 2 2 2318 2346 2238
4436 2 2 2 2 2234 2351 2310
4437 2 2 2 2 2244 2350 2306
4438 2 2 2 2 2250 2348 2302
4439 2 2 2 2 2304 2347 2274
4440 2 2 2 2 2319 2320 2285
4441 2 2 2 2 2291 2323 2205
4442 2 2 2 2 2292 2332 2202
4443 2 2 2 2 2205 2356 2204
4444 2 2 2 2 2206 2321 2292
4445 2 2 2 2 2277 2343 2272
4446 2 2 2 2 2259 2338 2178
4447 2 2 2 2 2266 2340 2185
4448 2 2 2 2 2185 2341 2275
4449 2 2 2 2 2253 2342 2257
4450 2 2 2 2 2282 2339 2199
4451 2 2 2 2 2171 2344 2258
4452 2 2 2 2 2180 2324 2214
4453 2 2 2 2 2219 2327 237
4454 2 2 2 2 2228 2352 2296
4455 2 2 2 2 179 2357 2181
4456 2 2 2 2 192 2354 11
4457 2 2 2 2 7 2353 177
4458 2 2 2 2 181 2358 2180
4459 2 2 2 2 2209 2328 2211
4460 2 2 2 2 236 2327 2202
4461 2 2 2 2 237 2327 236
4462 2 2 2 2 2325 2331 2214
4463 2 2 2 2 2296 2352 2263
4464 2 2 2 2 2203 2330 184
4465 2 2 2 2 2196 2334 229
4466 2 2 2 2 2202 2332 235
4467 2 2 2 2 232 2333 2201
4468 2 2 2 2 234 2332 2195
4469 2 2 2 2 2195 2333 233
4470 2 2 2 2 227 2335 2197
4471 2 2 2 2 229 2334 228
4472 2 2 2 2 233 2333 232
4473 2 2 2 2 235 2332 234
4474 2 2 2 2 228 2335 227
4475 2 2 2 2 2321 2357 2213
4476 2 2 2 2 2299 2341 2185
4477 2 2 2 2 2257 2342 2301
4478 2 2 2 2 2178 2338 2316
4479 2 2 2 2 2308 2343 2277
4480 2 2 2 2 2185 2340 2299
4481 2 2 2 2 2199 2339 2313
4482 2 2 2 2 2309 2344 2171
4483 2 2 2 2 238 2330 2219
4484 2 2 2 2 11 2354 191
4485 2 2 2 2 188 2353 7
4486 2 2 2 2 2201 2336 231
4487 2 2 2 2 230 2336 2196
4488 2 2 2 2 2211 2358 2208
4489 2 2 2 2 2196 2336 2329
4490 2 2 2 2 2206 2357 2321
4491 2 2 2 2 2214 2331 2321
4492 2 2 2 2 177 2353 2207
4493 2 2 2 2 2225 2354 192
4494 2 2 2 2 2334 2335 228
4495 2 2 2 2 2324 2358 2211
4496 2 2 2 2 231 2336 230
4497 2 2 2 2 2329 2359 2211
4498 2 2 2 2 2221 2337 2223
4499 2 2 2 2 2294 2354 2225
4500 2 2 2 2 2258 2344 2260
4501 2 2 2 2 2283 2339 2282
4502 2 2 2 2 2260 2338 2259
4503 2 2 2 2 2267 2340 2266
4504 2 2 2 2 2255 2342 2253
4505 2 2 2 2 2275 2341 2249
4506 2 2 2 2 2272 2343 2273
4507 2 2 2 2 2319 2345 2216
4508 2 2 2 2 2267 2349 2340
4509 2 2 2 2 2207 2353 2295
4510 2 2 2 2 2183 2350 2277
4511 2 2 2 2 2287 2346 2172
4512 2 2 2 2 2166 2351 2283
4513 2 2 2 2 2269 2349 2267
4514 2 2 2 2 2167 2348 2280
4515 2 2 2 2 2257 2347 2169
4516 2 2 2 2 2224 2355 2289
4517 2 2 2 2 2229 2352 2228
4518 2 2 2 2 2322 2345 2319
4519 2 2 2 2 2181 2357 2206
4520 2 2 2 2 2216 2345 2326
4521 2 2 2 2 2211 2359 2324
4522 2 2 2 2 2324 2359 2325
4523 2 2 2 2 2197 2345 2322
4524 2 2 2 2 191 2354 2294
4525 2 2 2 2 2295 2353 188
4526 2 2 2 2 2326 2345 2197
4527 2 2 2 2 2323 2356 2205
4528 2 2 2 2 2180 2358 2324
4529 2 2 2 2 9 10 184
4530 2 2 2 3 2425 2426 2385
4531 2 2 2 3 44 2469 43
4532 2 2 2 3 262 2455 261
4533 2 2 2 3 246 2587 14
4534 2 2 2 3 2478 2580 2458
4535 2 2 2 3 2455 2456 2454
4536 2 2 2 3 2446 2451 2450
4537 2 2 2 3 2434 2602 2575
4538 2 2 2 3 2456 2580 2454
4539 2 2 2 3 2446 2546 2451
4540 2 2 2 3 2385 2544 2425
4541 2 2 2 3 2445 2446 2392
4542 2 2 2 3 2422 2577 2423
4543 2 2 2 3 2459 2460 2397
4544 2 2 2 3 2575 2602 2574
4545 2 2 2 3 2472 2473 2386
4546 2 2 2 3 255 2543 254
4547 2 2 2 3 2458 2459 2397
4548 2 2 2 3 2444 2445 2392
4549 2 2 2 3 2414 2483 2475
4550 2 2 2 3 2432 2436 2435
4551 2 2 2 3 248 2544 247
4552 2 2 2 3 14 2587 2482
4553 2 2 2 3 2371 2570 2569
4554 2 2 2 3 2483 2484 2475
4555 2 2 2 3 245 2482 2388
4556 2 2 2 3 2569 2570 2534
4557 2 2 2 3 2413 2467 2466
4558 2 2 2 3 84 2450 83
4559 2 2 2 3 2432 2438 2436
4560 2 2 2 3 2468 2572 2389
4561 2 2 2 3 2372 2567 2566
4562 2 2 2 3 2566 2567 2530
4563 2 2 2 3 2415 2469 44
4564 2 2 2 3 2393 2440 2439
4565 2 2 2 3 2373 2565 2564
4566 2 2 2 3 2564 2565 2526
4567 2 2 2 3 2458 2580 2456
4568 2 2 2 3 13 2592 242
4569 2 2 2 3 2413 2466 2465
4570 2 2 2 3 2374 2562 2561
4571 2 2 2 3 2561 2562 2522
4572 2 2 2 3 2447 2571 2365
4573 2 2 2 3 2445 2571 2447
4574 2 2 2 3 2368 2455 262
4575 2 2 2 3 261 2455 2367
4576 2 2 2 3 2375 2560 2559
4577 2 2 2 3 2391 2543 2438
4578 2 2 2 3 2559 2560 2518
4579 2 2 2 3 243 2592 13
4580 2 2 2 3 2367 2454 2453
4581 2 2 2 3 2438 2597 2391
4582 2 2 2 3 85 2444 2392
4583 2 2 2 3 2376 2558 2557
4584 2 2 2 3 2389 2480 2468
4585 2 2 2 3 2557 2558 2514
4586 2 2 2 3 2367 2455 2454
4587 2 2 2 3 2473 2474 2386
4588 2 2 2 3 43 2469 2413
4589 2 2 2 3 2421 2449 2424
4590 2 2 2 3 86 2444 85
4591 2 2 2 3 2424 2449 2427
4592 2 2 2 3 2554 2556 2377
4593 2 2 2 3 2386 2542 2472
4594 2 2 2 3 2371 2605 2537
4595 2 2 2 3 2510 2556 2554
4596 2 2 2 3 2372 2566 2534
4597 2 2 2 3 2534 2570 2372
4598 2 2 2 3 2432 2597 2438
4599 2 2 2 3 2550 2552 2378
4600 2 2 2 3 2506 2552 2550
4601 2 2 2 3 2373 2564 2530
4602 2 2 2 3 2530 2567 2373
4603 2 2 2 3 2393 2543 255
4604 2 2 2 3 254 2543 2391
4605 2 2 2 3 2433 2597 2432
4606 2 2 2 3 2379 2549 2548
4607 2 2 2 3 2463 2582 2539
4608 2 2 2 3 2548 2549 2502
4609 2 2 2 3 83 2450 2394
4610 2 2 2 3 2374 2561 2526
4611 2 2 2 3 2388 2482 2477
4612 2 2 2 3 2380 2553 2547
4613 2 2 2 3 2526 2565 2374
4614 2 2 2 3 309 2465 2416
4615 2 2 2 3 2547 2553 2498
4616 2 2 2 3 2375 2559 2522
4617 2 2 2 3 2577 2596 2423
4618 2 2 2 3 2381 2568 2551
4619 2 2 2 3 2395 2544 248
4620 2 2 2 3 247 2544 2385
4621 2 2 2 3 2522 2562 2375
4622 2 2 2 3 2392 2450 84
4623 2 2 2 3 2425 2577 2422
4624 2 2 2 3 2376 2557 2518
4625 2 2 2 3 2551 2568 2494
4626 2 2 2 3 2423 2602 2442
4627 2 2 2 3 2442 2602 2434
4628 2 2 2 3 2518 2560 2376
4629 2 2 2 3 2377 2556 2514
4630 2 2 2 3 2463 2539 2370
4631 2 2 2 3 14 2482 245
4632 2 2 2 3 2382 2578 2563
4633 2 2 2 3 2393 2476 2440
4634 2 2 2 3 2514 2558 2377
4635 2 2 2 3 2378 2552 2510
4636 2 2 2 3 2510 2554 2378
4637 2 2 2 3 2379 2548 2506
4638 2 2 2 3 2396 2580 2478
4639 2 2 2 3 2419 2448 240
4640 2 2 2 3 2439 2543 2393
4641 2 2 2 3 2506 2550 2379
4642 2 2 2 3 2432 2435 2362
4643 2 2 2 3 2563 2578 2490
4644 2 2 2 3 2423 2442 2361
4645 2 2 2 3 2380 2547 2502
4646 2 2 2 3 2430 2442 2434
4647 2 2 2 3 6 2465 309
4648 2 2 2 3 2597 2612 2583
4649 2 2 2 3 2502 2549 2380
4650 2 2 2 3 2381 2551 2498
4651 2 2 2 3 2383 2579 2490
4652 2 2 2 3 2412 2484 2483
4653 2 2 2 3 16 305 304
4654 2 2 2 3 2383 2581 2579
4655 2 2 2 3 2382 2563 2494
4656 2 2 2 3 2498 2553 2381
4657 2 2 2 3 2466 2572 2468
4658 2 2 2 3 2412 2485 2484
4659 2 2 2 3 2569 2605 2371
4660 2 2 2 3 2443 2444 86
4661 2 2 2 3 2465 2466 2416
4662 2 2 2 3 2494 2568 2382
4663 2 2 2 3 2481 2572 2555
4664 2 2 2 3 2433 2612 2597
4665 2 2 2 3 2385 2587 246
4666 2 2 2 3 256 2476 15
4667 2 2 2 3 41 2449 2421
4668 2 2 2 3 2579 2581 2486
4669 2 2 2 3 5 2443 86
4670 2 2 2 3 2453 2538 2367
4671 2 2 2 3 2397 2478 2458
4672 2 2 2 3 241 2419 240
4673 2 2 2 3 2419 2593 2448
4674 2 2 2 3 240 2608 239
4675 2 2 2 3 2439 2440 2437
4676 2 2 2 3 2461 2582 2463
4677 2 2 2 3 80 2478 79
4678 2 2 2 3 2490 2578 2383
4679 2 2 2 3 2411 2489 2488
4680 2 2 2 3 2445 2447 2446
4681 2 2 2 3 2415 2470 2469
4682 2 2 2 3 239 34 3
4683 2 2 2 3 2384 2604 2474
4684 2 2 2 3 2446 2450 2392
4685 2 2 2 3 2474 2588 2384
4686 2 2 2 3 15 2476 2393
4687 2 2 2 3 50 2487 49
4688 2 2 2 3 2436 2439 2437
4689 2 2 2 3 2575 2613 2434
4690 2 2 2 3 2475 2598 2414
4691 2 2 2 3 2426 2587 2385
4692 2 2 2 3 303 2584 2418
4693 2 2 2 3 2460 2461 2398
4694 2 2 2 3 2413 2469 2467
4695 2 2 2 3 2411 2488 2487
4696 2 2 2 3 2438 2439 2436
4697 2 2 2 3 2384 2588 2486
4698 2 2 2 3 2438 2543 2439
4699 2 2 2 3 2448 2608 240
4700 2 2 2 3 2473 2475 2474
4701 2 2 2 3 2421 2422 2361
4702 2 2 2 3 2435 2436 2363
4703 2 2 2 3 2430 2431 2362
4704 2 2 2 3 2590 2600 2541
4705 2 2 2 3 42 2465 6
4706 2 2 2 3 2486 2581 2384
4707 2 2 2 3 79 2478 2397
4708 2 2 2 3 2396 2478 80
4709 2 2 2 3 2555 2572 2467
4710 2 2 2 3 2368 2456 2455
4711 2 2 2 3 2450 2451 2394
4712 2 2 2 3 2410 2493 2492
4713 2 2 2 3 2411 2487 50
4714 2 2 2 3 49 2487 2412
4715 2 2 2 3 52 2491 51
4716 2 2 2 3 2365 2476 256
4717 2 2 2 3 35 2435 2363
4718 2 2 2 3 40 2421 2361
4719 2 2 2 3 2362 2435 36
4720 2 2 2 3 2361 2442 39
4721 2 2 2 3 37 2430 2362
4722 2 2 2 3 38 2442 2430
4723 2 2 2 3 2593 2599 2448
4724 2 2 2 3 2485 2486 2484
4725 2 2 2 3 2490 2579 2488
4726 2 2 2 3 2410 2492 2491
4727 2 2 2 3 2417 2420 2419
4728 2 2 2 3 2466 2468 2416
4729 2 2 2 3 2389 2572 2481
4730 2 2 2 3 2412 2487 2485
4731 2 2 2 3 2441 2444 2443
4732 2 2 2 3 2365 2589 2447
4733 2 2 2 3 2420 2618 2590
4734 2 2 2 3 2489 2490 2488
4735 2 2 2 3 51 2491 2411
4736 2 2 2 3 2410 2491 52
4737 2 2 2 3 2415 2471 2470
4738 2 2 2 3 4 2449 41
4739 2 2 2 3 301 2480 2389
4740 2 2 2 3 2427 2429 2428
4741 2 2 2 3 2413 2465 42
4742 2 2 2 3 2584 2601 2418
4743 2 2 2 3 2417 2419 241
4744 2 2 2 3 2461 2462 2398
4745 2 2 2 3 2411 2491 2489
4746 2 2 2 3 2409 2497 2496
4747 2 2 2 3 2424 2427 2426
4748 2 2 2 3 2363 2443 5
4749 2 2 2 3 54 2495 53
4750 2 2 2 3 2404 2517 2516
4751 2 2 2 3 2403 2521 2520
4752 2 2 2 3 2402 2525 2524
4753 2 2 2 3 2401 2529 2528
4754 2 2 2 3 2400 2533 2532
4755 2 2 2 3 2405 2513 2512
4756 2 2 2 3 2409 2496 2495
4757 2 2 2 3 2406 2509 2508
4758 2 2 2 3 2493 2494 2492
4759 2 2 2 3 2427 2428 2426
4760 2 2 2 3 2404 2516 2515
4761 2 2 2 3 2403 2520 2519
4762 2 2 2 3 2402 2524 2523
4763 2 2 2 3 2401 2528 2527
4764 2 2 2 3 2399 2536 2535
4765 2 2 2 3 2400 2532 2531
4766 2 2 2 3 2451 2452 2394
4767 2 2 2 3 66 2519 65
4768 2 2 2 3 2405 2512 2511
4769 2 2 2 3 64 2515 63
4770 2 2 2 3 68 2523 67
4771 2 2 2 3 242 2417 241
4772 2 2 2 3 70 2527 69
4773 2 2 2 3 72 2531 71
4774 2 2 2 3 74 2535 73
4775 2 2 2 3 303 2418 302
4776 2 2 2 3 2368 2457 2456
4777 2 2 2 3 62 2511 61
4778 2 2 2 3 249 2395 248
4779 2 2 2 3 15 2393 255
4780 2 2 2 3 254 2391 253
4781 2 2 2 3 2407 2505 2504
4782 2 2 2 3 2406 2508 2507
4783 2 2 2 3 247 2385 246
4784 2 2 2 3 251 2364 250
4785 2 2 2 3 2429 2477 2428
4786 2 2 2 3 53 2495 2410
4787 2 2 2 3 2409 2495 54
4788 2 2 2 3 2408 2501 2500
4789 2 2 2 3 2441 2443 2437
4790 2 2 2 3 2410 2495 2493
4791 2 2 2 3 60 2507 59
4792 2 2 2 3 2417 2479 2420
4793 2 2 2 3 2407 2504 2503
4794 2 2 2 3 2404 2515 64
4795 2 2 2 3 2403 2519 66
4796 2 2 2 3 2402 2523 68
4797 2 2 2 3 2494 2563 2492
4798 2 2 2 3 2401 2527 70
4799 2 2 2 3 2400 2531 72
4800 2 2 2 3 2399 2535 74
4801 2 2 2 3 56 2499 55
4802 2 2 2 3 2405 2511 62
4803 2 2 2 3 2408 2500 2499
4804 2 2 2 3 2440 2441 2437
4805 2 2 2 3 58 2503 57
4806 2 2 2 3 2406 2507 60
4807 2 2 2 3 2471 2472 2470
4808 2 2 2 3 2421 2424 2422
4809 2 2 2 3 301 2389 300
4810 2 2 2 3 2407 2503 58
4811 2 2 2 3 2408 2499 56
4812 2 2 2 3 65 2519 2404
4813 2 2 2 3 67 2523 2403
4814 2 2 2 3 63 2515 2405
4815 2 2 2 3 245 2388 244
4816 2 2 2 3 69 2527 2402
4817 2 2 2 3 2461 2463 2462
4818 2 2 2 3 2497 2498 2496
4819 2 2 2 3 71 2531 2401
4820 2 2 2 3 73 2535 2400
4821 2 2 2 3 61 2511 2406
4822 2 2 2 3 2517 2518 2516
4823 2 2 2 3 2521 2522 2520
4824 2 2 2 3 2525 2526 2524
4825 2 2 2 3 2529 2530 2528
4826 2 2 2 3 2533 2534 2532
4827 2 2 2 3 2513 2514 2512
4828 2 2 2 3 2418 2480 302
4829 2 2 2 3 2487 2488 2485
4830 2 2 2 3 2509 2510 2508
4831 2 2 2 3 2389 2481 300
4832 2 2 2 3 299 2481 2387
4833 2 2 2 3 59 2507 2407
4834 2 2 2 3 55 2499 2409
4835 2 2 2 3 2451 2453 2452
4836 2 2 2 3 2505 2506 2504
4837 2 2 2 3 2409 2499 2497
4838 2 2 2 3 2431 2432 2362
4839 2 2 2 3 2501 2502 2500
4840 2 2 2 3 57 2503 2408
4841 2 2 2 3 2404 2519 2517
4842 2 2 2 3 2403 2523 2521
4843 2 2 2 3 2402 2527 2525
4844 2 2 2 3 2401 2531 2529
4845 2 2 2 3 2400 2535 2533
4846 2 2 2 3 2405 2515 2513
4847 2 2 2 3 2422 2423 2361
4848 2 2 2 3 2491 2492 2489
4849 2 2 2 3 2467 2572 2466
4850 2 2 2 3 2406 2511 2509
4851 2 2 2 3 43 2413 42
4852 2 2 2 3 2430 2434 2431
4853 2 2 2 3 2495 2496 2493
4854 2 2 2 3 2471 2473 2472
4855 2 2 2 3 2407 2507 2505
4856 2 2 2 3 2412 2483 48
4857 2 2 2 3 2463 2464 2462
4858 2 2 2 3 2408 2503 2501
4859 2 2 2 3 2364 2575 2574
4860 2 2 2 3 2453 2454 2452
4861 2 2 2 3 2499 2500 2497
4862 2 2 2 3 2457 2458 2456
4863 2 2 2 3 251 2576 2364
4864 2 2 2 3 2519 2520 2517
4865 2 2 2 3 2523 2524 2521
4866 2 2 2 3 2527 2528 2525
4867 2 2 2 3 2531 2532 2529
4868 2 2 2 3 2535 2536 2533
4869 2 2 2 3 2515 2516 2513
4870 2 2 2 3 2511 2512 2509
4871 2 2 2 3 47 2483 2414
4872 2 2 2 3 2507 2508 2505
4873 2 2 2 3 2503 2504 2501
4874 2 2 2 3 81 2396 80
4875 2 2 2 3 85 2392 84
4876 2 2 2 3 63 2405 62
4877 2 2 2 3 61 2406 60
4878 2 2 2 3 59 2407 58
4879 2 2 2 3 55 2409 54
4880 2 2 2 3 79 2397 78
4881 2 2 2 3 65 2404 64
4882 2 2 2 3 57 2408 56
4883 2 2 2 3 75 2399 74
4884 2 2 2 3 77 2398 76
4885 2 2 2 3 49 2412 48
4886 2 2 2 3 71 2401 70
4887 2 2 2 3 53 2410 52
4888 2 2 2 3 69 2402 68
4889 2 2 2 3 45 2415 44
4890 2 2 2 3 47 2414 46
4891 2 2 2 3 51 2411 50
4892 2 2 2 3 83 2394 82
4893 2 2 2 3 67 2403 66
4894 2 2 2 3 73 2400 72
4895 2 2 2 3 48 2483 47
4896 2 2 2 3 300 2481 299
4897 2 2 2 3 302 2480 301
4898 2 2 2 3 2477 2482 2428
4899 2 2 2 3 2457 2459 2458
4900 2 2 2 3 263 2368 262
4901 2 2 2 3 265 2369 264
4902 2 2 2 3 267 2370 266
4903 2 2 2 3 257 2365 256
4904 2 2 2 3 261 2367 260
4905 2 2 2 3 269 2371 268
4906 2 2 2 3 271 2372 270
4907 2 2 2 3 287 2380 286
4908 2 2 2 3 279 2376 278
4909 2 2 2 3 273 2373 272
4910 2 2 2 3 297 2386 296
4911 2 2 2 3 281 2377 280
4912 2 2 2 3 295 2384 294
4913 2 2 2 3 289 2381 288
4914 2 2 2 3 291 2382 290
4915 2 2 2 3 299 2387 298
4916 2 2 2 3 283 2378 282
4917 2 2 2 3 285 2379 284
4918 2 2 2 3 275 2374 274
4919 2 2 2 3 268 2537 267
4920 2 2 2 3 277 2375 276
4921 2 2 2 3 293 2383 292
4922 2 2 2 3 259 2366 258
4923 2 2 2 3 260 2538 259
4924 2 2 2 3 266 2539 265
4925 2 2 2 3 2371 2537 268
4926 2 2 2 3 259 2538 2366
4927 2 2 2 3 267 2537 2370
4928 2 2 2 3 265 2539 2369
4929 2 2 2 3 2370 2539 266
4930 2 2 2 3 2367 2538 260
4931 2 2 2 3 2436 2437 2363
4932 2 2 2 3 30 2360 4
4933 2 2 2 3 309 2416 308
4934 2 2 2 3 2498 2551 2496
4935 2 2 2 3 2536 2609 2464
4936 2 2 2 3 252 2576 251
4937 2 2 2 3 2424 2426 2425
4938 2 2 2 3 297 2542 2386
4939 2 2 2 3 2387 2542 298
4940 2 2 2 3 31 2540 30
4941 2 2 2 3 35 2363 5
4942 2 2 2 3 40 2361 39
4943 2 2 2 3 37 2362 36
4944 2 2 2 3 41 2421 40
4945 2 2 2 3 36 2435 35
4946 2 2 2 3 2441 2445 2444
4947 2 2 2 3 39 2442 38
4948 2 2 2 3 2479 2618 2420
4949 2 2 2 3 38 2430 37
4950 2 2 2 3 2514 2556 2512
4951 2 2 2 3 2518 2557 2516
4952 2 2 2 3 2510 2552 2508
4953 2 2 2 3 2522 2559 2520
4954 2 2 2 3 2502 2547 2500
4955 2 2 2 3 2506 2548 2504
4956 2 2 2 3 2526 2561 2524
4957 2 2 2 3 2441 2571 2445
4958 2 2 2 3 2530 2564 2528
4959 2 2 2 3 2534 2566 2532
4960 2 2 2 3 32 2390 31
4961 2 2 2 3 2424 2425 2422
4962 2 2 2 3 2468 2545 2416
4963 2 2 2 3 30 2540 2360
4964 2 2 2 3 2431 2433 2432
4965 2 2 2 3 2364 2576 2575
4966 2 2 2 3 298 2542 297
4967 2 2 2 3 2448 2599 33
4968 2 2 2 3 2420 2590 2541
4969 2 2 2 3 2429 2600 2590
4970 2 2 2 3 2416 2545 308
4971 2 2 2 3 2501 2548 2502
4972 2 2 2 3 308 2545 307
4973 2 2 2 3 285 2549 2379
4974 2 2 2 3 2380 2549 286
4975 2 2 2 3 283 2550 2378
4976 2 2 2 3 2379 2550 284
4977 2 2 2 3 304 2584 303
4978 2 2 2 3 2505 2552 2506
4979 2 2 2 3 2381 2553 288
4980 2 2 2 3 287 2553 2380
4981 2 2 2 3 2497 2547 2498
4982 2 2 2 3 2378 2554 282
4983 2 2 2 3 281 2554 2377
4984 2 2 2 3 2509 2556 2510
4985 2 2 2 3 279 2558 2376
4986 2 2 2 3 2377 2558 280
4987 2 2 2 3 277 2560 2375
4988 2 2 2 3 2376 2560 278
4989 2 2 2 3 2390 2540 31
4990 2 2 2 3 2513 2557 2514
4991 2 2 2 3 2375 2562 276
4992 2 2 2 3 275 2562 2374
4993 2 2 2 3 273 2565 2373
4994 2 2 2 3 2374 2565 274
4995 2 2 2 3 2517 2559 2518
4996 2 2 2 3 2360 2449 4
4997 2 2 2 3 271 2567 2372
4998 2 2 2 3 2373 2567 272
4999 2 2 2 3 289 2568 2381
5000 2 2 2 3 2382 2568 290
5001 2 2 2 3 2449 2615 2427
5002 2 2 2 3 2521 2561 2522
5003 2 2 2 3 2372 2570 270
5004 2 2 2 3 269 2570 2371
5005 2 2 2 3 2525 2564 2526
5006 2 2 2 3 2390 2541 2540
5007 2 2 2 3 2529 2566 2530
5008 2 2 2 3 2533 2569 2534
5009 2 2 2 3 2493 2551 2494
5010 2 2 2 3 291 2578 2382
5011 2 2 2 3 2383 2578 292
5012 2 2 2 3 2437 2443 2363
5013 2 2 2 3 2364 2574 2573
5014 2 2 2 3 2447 2621 2446
5015 2 2 2 3 2460 2616 2397
5016 2 2 2 3 2398 2616 2460
5017 2 2 2 3 293 2581 2383
5018 2 2 2 3 2384 2581 294
5019 2 2 2 3 2500 2547 2497
5020 2 2 2 3 2504 2548 2501
5021 2 2 2 3 286 2549 285
5022 2 2 2 3 2474 2604 2386
5023 2 2 2 3 2496 2551 2493
5024 2 2 2 3 284 2550 283
5025 2 2 2 3 2481 2555 2387
5026 2 2 2 3 2508 2552 2505
5027 2 2 2 3 288 2553 287
5028 2 2 2 3 282 2554 281
5029 2 2 2 3 2512 2556 2509
5030 2 2 2 3 242 2592 2417
5031 2 2 2 3 2489 2563 2490
5032 2 2 2 3 2516 2557 2513
5033 2 2 2 3 280 2558 279
5034 2 2 2 3 2486 2588 2484
5035 2 2 2 3 2452 2585 2394
5036 2 2 2 3 2520 2559 2517
5037 2 2 2 3 278 2560 277
5038 2 2 2 3 2524 2561 2521
5039 2 2 2 3 2492 2563 2489
5040 2 2 2 3 2394 2585 82
5041 2 2 2 3 81 2585 2396
5042 2 2 2 3 276 2562 275
5043 2 2 2 3 2528 2564 2525
5044 2 2 2 3 2415 2586 2471
5045 2 2 2 3 274 2565 273
5046 2 2 2 3 2532 2566 2529
5047 2 2 2 3 272 2567 271
5048 2 2 2 3 290 2568 289
5049 2 2 2 3 2536 2569 2533
5050 2 2 2 3 270 2570 269
5051 2 2 2 3 45 2586 2415
5052 2 2 2 3 2414 2586 46
5053 2 2 2 3 249 2573 2395
5054 2 2 2 3 2364 2573 250
5055 2 2 2 3 2582 2617 2606
5056 2 2 2 3 33 2608 2448
5057 2 2 2 3 2446 2621 2546
5058 2 2 2 3 2476 2571 2440
5059 2 2 2 3 2368 2591 2457
5060 2 2 2 3 2366 2589 258
5061 2 2 2 3 257 2589 2365
5062 2 2 2 3 2485 2579 2486
5063 2 2 2 3 2369 2591 264
5064 2 2 2 3 263 2591 2368
5065 2 2 2 3 2462 2594 2398
5066 2 2 2 3 2484 2588 2475
5067 2 2 2 3 2544 2577 2425
5068 2 2 2 3 2399 2609 2536
5069 2 2 2 3 250 2573 249
5070 2 2 2 3 2398 2594 76
5071 2 2 2 3 75 2594 2399
5072 2 2 2 3 292 2578 291
5073 2 2 2 3 2387 2595 2542
5074 2 2 2 3 2488 2579 2485
5075 2 2 2 3 2428 2587 2426
5076 2 2 2 3 2440 2571 2441
5077 2 2 2 3 253 2583 252
5078 2 2 2 3 2391 2583 253
5079 2 2 2 3 2542 2595 2472
5080 2 2 2 3 294 2581 293
5081 2 2 2 3 2395 2577 2544
5082 2 2 2 3 2539 2582 2369
5083 2 2 2 3 2365 2571 2476
5084 2 2 2 3 2605 2607 2537
5085 2 2 2 3 2473 2598 2475
5086 2 2 2 3 252 2583 2576
5087 2 2 2 3 2397 2616 78
5088 2 2 2 3 77 2616 2398
5089 2 2 2 3 295 2604 2384
5090 2 2 2 3 2386 2604 296
5091 2 2 2 3 306 2584 305
5092 2 2 2 3 33 2599 32
5093 2 2 2 3 2545 2619 2601
5094 2 2 2 3 2370 2607 2463
5095 2 2 2 3 2464 2605 2536
5096 2 2 2 3 2545 2601 307
5097 2 2 2 3 82 2585 81
5098 2 2 2 3 2541 2600 2540
5099 2 2 2 3 305 2584 304
5100 2 2 2 3 2606 2617 2459
5101 2 2 2 3 2482 2587 2428
5102 2 2 2 3 2475 2588 2474
5103 2 2 2 3 46 2586 45
5104 2 2 2 3 2390 2593 2541
5105 2 2 2 3 2541 2593 2420
5106 2 2 2 3 2538 2614 2366
5107 2 2 2 3 2459 2617 2460
5108 2 2 2 3 2451 2614 2453
5109 2 2 2 3 2391 2597 2583
5110 2 2 2 3 2429 2590 2477
5111 2 2 2 3 2420 2593 2419
5112 2 2 2 3 2434 2613 2431
5113 2 2 2 3 258 2589 257
5114 2 2 2 3 264 2591 263
5115 2 2 2 3 2360 2615 2449
5116 2 2 2 3 2582 2606 2369
5117 2 2 2 3 2472 2595 2470
5118 2 2 2 3 244 2611 243
5119 2 2 2 3 2366 2614 2546
5120 2 2 2 3 2417 2592 2479
5121 2 2 2 3 34 2608 33
5122 2 2 2 3 2463 2607 2464
5123 2 2 2 3 2546 2614 2451
5124 2 2 2 3 2414 2598 2586
5125 2 2 2 3 76 2594 75
5126 2 2 2 3 2454 2603 2452
5127 2 2 2 3 2369 2606 2591
5128 2 2 2 3 2594 2609 2399
5129 2 2 2 3 2595 2610 2470
5130 2 2 2 3 2583 2612 2576
5131 2 2 2 3 2453 2614 2538
5132 2 2 2 3 306 2601 2584
5133 2 2 2 3 2601 2619 2418
5134 2 2 2 3 2470 2610 2469
5135 2 2 2 3 2460 2617 2461
5136 2 2 2 3 2477 2618 2388
5137 2 2 2 3 2580 2603 2454
5138 2 2 2 3 2469 2610 2467
5139 2 2 2 3 2471 2598 2473
5140 2 2 2 3 2480 2619 2468
5141 2 2 2 3 2388 2618 2479
5142 2 2 2 3 2479 2611 2388
5143 2 2 2 3 2555 2610 2595
5144 2 2 2 3 2585 2603 2396
5145 2 2 2 3 2555 2595 2387
5146 2 2 2 3 2388 2611 244
5147 2 2 2 3 307 2601 306
5148 2 2 2 3 2574 2620 2573
5149 2 2 2 3 2366 2621 2589
5150 2 2 2 3 2427 2615 2429
5151 2 2 2 3 296 2604 295
5152 2 2 2 3 32 2599 2390
5153 2 2 2 3 2390 2599 2593
5154 2 2 2 3 2457 2606 2459
5155 2 2 2 3 2540 2600 2360
5156 2 2 2 3 243 2611 2592
5157 2 2 2 3 2537 2607 2370
5158 2 2 2 3 2464 2609 2462
5159 2 2 2 3 2418 2619 2480
5160 2 2 2 3 2468 2619 2545
5161 2 2 2 3 239 2608 34
5162 2 2 2 3 2586 2598 2471
5163 2 2 2 3 78 2616 77
5164 2 2 2 3 2576 2612 2575
5165 2 2 2 3 2431 2613 2433
5166 2 2 2 3 2536 2605 2569
5167 2 2 2 3 2591 2606 2457
5168 2 2 2 3 2395 2620 2577
5169 2 2 2 3 2396 2603 2580
5170 2 2 2 3 2467 2610 2555
5171 2 2 2 3 2464 2607 2605
5172 2 2 2 3 2546 2621 2366
5173 2 2 2 3 2462 2609 2594
5174 2 2 2 3 2452 2603 2585
5175 2 2 2 3 2573 2620 2395
5176 2 2 2 3 2574 2602 2596
5177 2 2 2 3 2461 2617 2582
5178 2 2 2 3 2589 2621 2447
5179 2 2 2 3 2596 2620 2574
5180 2 2 2 3 2596 2602 2423
5181 2 2 2 3 2592 2611 2479
5182 2 2 2 3 2577 2620 2596
5183 2 2 2 3 2590 2618 2477
5184 2 2 2 3 2429 2615 2600
5185 2 2 2 3 2600 2615 2360
5186 2 2 2 3 2433 2613 2612
5187 2 2 2 3 2612 2613 2575
5188 2 2 3 4 2640 2641 2622
5189 2 2 3 4 2623 2649 2648
5190 2 2 3 4 2632 2669 2641
5191 2 2 3 4 2649 2668 2633
5192 2 2 3 4 2641 2669 2622
5193 2 2 3 4 2623 2668 2649
5194 2 2 3 4 2640 2666 2639
5195 2 2 3 4 2647 2667 2648
5196 2 2 3 4 2632 2670 2669
5197 2 2 3 4 2668 2671 2633
5198 2 2 3 4 2648 2667 2623
5199 2 2 3 4 2622 2666 2640
5200 2 2 3 4 2651 2658 2627
5201 2 2 3 4 2625 2638 2637
5202 2 2 3 4 2645 2646 2624
5203 2 2 3 4 2637 2639 2625
5204 2 2 3 4 2624 2647 2645
5205 2 2 3 4 2625 2662 2638
5206 2 2 3 4 2646 2661 2624
5207 2 2 3 4 2638 2662 2653
5208 2 2 3 4 2651 2661 2646
5209 2 2 3 4 2653 2662 2626
5210 2 2 3 4 2627 2661 2651
5211 2 2 3 4 2626 2657 2653
5212 2 2 3 4 2657 2663 2658
5213 2 2 3 4 2626 2663 2657
5214 2 2 3 4 2658 2663 2627
5215 2 2 3 4 324 2639 323
5216 2 2 3 4 332 2647 331
5217 2 2 3 4 2651 2660 2658
5218 2 2 3 4 2625 2639 324
5219 2 2 3 4 331 2647 2624
5220 2 2 3 4 2637 2640 2639
5221 2 2 3 4 2647 2648 2645
5222 2 2 3 4 3 2666 239
5223 2 2 3 4 187 2667 1
5224 2 2 3 4 2635 2641 2640
5225 2 2 3 4 2648 2649 2643
5226 2 2 3 4 2623 2667 187
5227 2 2 3 4 239 2666 2622
5228 2 2 3 4 2632 2634 321
5229 2 2 3 4 311 2642 2633
5230 2 2 3 4 2657 2658 2656
5231 2 2 3 4 2658 2660 2656
5232 2 2 3 4 2632 2641 2634
5233 2 2 3 4 2642 2649 2633
5234 2 2 3 4 2650 2660 2651
5235 2 2 3 4 2653 2655 2652
5236 2 2 3 4 2634 2641 2635
5237 2 2 3 4 2643 2649 2642
5238 2 2 3 4 2652 2655 2630
5239 2 2 3 4 2631 2660 2650
5240 2 2 3 4 2655 2657 2656
5241 2 2 3 4 322 2632 321
5242 2 2 3 4 311 2633 310
5243 2 2 3 4 2653 2657 2655
5244 2 2 3 4 2635 2640 2637
5245 2 2 3 4 2645 2648 2643
5246 2 2 3 4 2650 2665 2631
5247 2 2 3 4 2630 2664 2652
5248 2 2 3 4 2629 2643 2642
5249 2 2 3 4 2634 2635 2628
5250 2 2 3 4 2629 2642 312
5251 2 2 3 4 320 2634 2628
5252 2 2 3 4 312 2642 311
5253 2 2 3 4 321 2634 320
5254 2 2 3 4 2656 2660 2659
5255 2 2 3 4 2631 2665 314
5256 2 2 3 4 318 2664 2630
5257 2 2 3 4 2656 2659 2654
5258 2 2 3 4 2654 2659 316
5259 2 2 3 4 2644 2645 2643
5260 2 2 3 4 2635 2637 2636
5261 2 2 3 4 2659 2660 2631
5262 2 2 3 4 2630 2655 2654
5263 2 2 3 4 2652 2664 2636
5264 2 2 3 4 2644 2665 2650
5265 2 2 3 4 2655 2656 2654
5266 2 2 3 4 315 2659 2631
5267 2 2 3 4 2630 2654 317
5268 2 2 3 4 2635 2636 2628
5269 2 2 3 4 2629 2644 2643
5270 2 2 3 4 320 2628 319
5271 2 2 3 4 318 2630 317
5272 2 2 3 4 313 2629 312
5273 2 2 3 4 315 2631 314
5274 2 2 3 4 2629 2665 2644
5275 2 2 3 4 2636 2664 2628
5276 2 2 3 4 316 2659 315
5277 2 2 3 4 317 2654 316
5278 2 2 3 4 314 2665 313
5279 2 2 3 4 319 2664 318
5280 2 2 3 4 2637 2638 2636
5281 2 2 3 4 2644 2646 2645
5282 2 2 3 4 327 2626 326
5283 2 2 3 4 330 2661 329
5284 2 2 3 4 326 2662 325
5285 2 2 3 4 328 2663 327
5286 2 2 3 4 331 2624 330
5287 2 2 3 4 325 2625 324
5288 2 2 3 4 329 2627 328
5289 2 2 3 4 2650 2651 2646
5290 2 2 3 4 2638 2653 2652
5291 2 2 3 4 2628 2664 319
5292 2 2 3 4 313 2665 2629
5293 2 2 3 4 2626 2662 326
5294 2 2 3 4 329 2661 2627
5295 2 2 3 4 2627 2663 328
5296 2 2 3 4 2624 2661 330
5297 2 2 3 4 325 2662 2625
5298 2 2 3 4 327 2663 2626
5299 2 2 3 4 2644 2650 2646
5300 2 2 3 4 2638 2652 2636
5301 2 2 3 4 186 2623 187
5302 2 2 3 4 239 2622 240
5303 2 2 3 4 2639 2666 323
5304 2 2 3 4 332 2667 2647
5305 2 2 3 4 185 2668 186
5306 2 2 3 4 240 2669 241
5307 2 2 3 4 1 2667 332
5308 2 2 3 4 323 2666 3
5309 2 2 3 4 186 2668 2623
5310 2 2 3 4 2622 2669 240
5311 2 2 3 4 310 2672 10
5312 2 2 3 4 13 2673 322
5313 2 2 3 4 241 2670 242
5314 2 2 3 4 184 2671 185
5315 2 2 3 4 10 2672 184
5316 2 2 3 4 242 2673 13
5317 2 2 3 4 2633 2672 310
5318 2 2 3 4 322 2673 2632
5319 2 2 3 4 2669 2670 241
5320 2 2 3 4 185 2671 2668
5321 2 2 3 4 2671 2672 2633
5322 2 2 3 4 2632 2673 2670
5323 2 2 3 4 184 2672 2671
5324 2 2 3 4 2670 2673 242
5325 2 2 3 5 2679 2683 2681
5326 2 2 3 5 2681 2682 2680
5327 2 2 3 5 2681 2683 2674
5328 2 2 3 5 2674 2682 2681
5329 2 2 3 5 2677 2686 28
5330 2 2 3 5 19 2687 2678
5331 2 2 3 5 27 2677 28
5332 2 2 3 5 19 2678 20
5333 2 2 3 5 332 18 1
5334 2 2 3 5 323 3 29
5335 2 2 3 5 324 2686 2677
5336 2 2 3 5 2678 2687 331
5337 2 2 3 5 330 2678 331
5338 2 2 3 5 324 2677 325
5339 2 2 3 5 23 2674 24
5340 2 2 3 5 21 2676 22
5341 2 2 3 5 25 2675 26
5342 2 2 3 5 326 2679 327
5343 2 2 3 5 328 2680 329
5344 2 2 3 5 2679 2681 327
5345 2 2 3 5 328 2681 2680
5346 2 2 3 5 323 2686 324
5347 2 2 3 5 331 2687 332
5348 2 2 3 5 327 2681 328
5349 2 2 3 5 330 2684 2678
5350 2 2 3 5 2677 2685 325
5351 2 2 3 5 2680 2682 2676
5352 2 2 3 5 2675 2683 2679
5353 2 2 3 5 2679 2685 2675
5354 2 2 3 5 2676 2684 2680
5355 2 2 3 5 326 2685 2679
5356 2 2 3 5 2680 2684 329
5357 2 2 3 5 18 2687 19
5358 2 2 3 5 28 2686 29
5359 2 2 3 5 22 2682 23
5360 2 2 3 5 24 2683 25
5361 2 2 3 5 27 2689 2677
5362 2 2 3 5 2678 2688 20
5363 2 2 3 5 329 2684 330
5364 2 2 3 5 325 2685 326
5365 2 2 3 5 23 2682 2674
5366 2 2 3 5 2674 2683 24
5367 2 2 3 5 2676 2682 22
5368 2 2 3 5 25 2683 2675
5369 2 2 3 5 26 2689 27
5370 2 2 3 5 20 2688 21
5371 2 2 3 5 2684 2688 2678
5372 2 2 3 5 2677 2689 2685
5373 2 2 3 5 332 2687 18
5374 2 2 3 5 29 2686 323
5375 2 2 3 5 21 2688 2676
5376 2 2 3 5 2675 2689 26
5377 2 2 3 5 2685 2689 2675
5378 2 2 3 5 2676 2688 2684
$EndElements
