$MeshFormat
2.2 0 8
$EndMeshFormat
$PhysicalNames
6
0 5 "separation-inf"
0 6 "separation-sup"
1 3 "pressure"
1 4 "fixed"
2 1 "body"
2 2 "cover"
$EndPhysicalNames
$Nodes
2637
1 0 0 0
2 0.06527036446661391 -1.301042606982605e-16 0
3 0.4040362663251333 0.4037254805883031 0
4 0.4754071150127369 0.4393096730951061 0
5 0.6780832021878531 0.4499314767377288 0
6 0.7306999999999999 0.4 0
7 0.7306999999999998 0 0
8 0.7806999999999999 0 0
9 0.7806999999999999 0.4 0
10 0.6754664043757063 0.4998629534754574 0
11 0.4727903172005901 0.4892411498328348 0
12 0.3657340441691846 0.4358648610726302 0
13 0.01087839407776897 0 0
14 0.02175678815553795 0 0
15 0.03263518223330691 0 0
16 0.04351357631107589 0 0
17 0.0543919703888449 0 0
18 0.07263484059397318 0.008776640882354192 0
19 0.07999931672133226 0.01755328176470861 0
20 0.08736379284869139 0.02632992264706302 0
21 0.09472826897605052 0.03510656352941743 0
22 0.1020927451034097 0.0438832044117719 0
23 0.1094572212307687 0.05265984529412632 0
24 0.1168216973581279 0.06143648617648073 0
25 0.124186173485487 0.07021312705883515 0
26 0.1315506496128461 0.07898976794118961 0
27 0.1389151257402052 0.08776640882354403 0
28 0.1462796018675643 0.09654304970589844 0
29 0.1536440779949235 0.1053196905882529 0
30 0.1610085541222825 0.1140963314706073 0
31 0.1683730302496417 0.1228729723529617 0
32 0.1757375063770008 0.1316496132353161 0
33 0.1831019825043599 0.1404262541176706 0
34 0.190466458631719 0.149202895000025 0
35 0.1978309347590781 0.1579795358823794 0
36 0.2051954108864372 0.1667561767647338 0
37 0.2125598870137964 0.1755328176470882 0
38 0.2199243631411554 0.1843094585294426 0
39 0.2272888392685146 0.193086099411797 0
40 0.2346533153958736 0.2018627402941514 0
41 0.2420177915232327 0.2106393811765058 0
42 0.2493822676505918 0.2194160220588602 0
43 0.2567467437779509 0.2281926629412146 0
44 0.26411121990531 0.236969303823569 0
45 0.2714756960326691 0.2457459447059234 0
46 0.2788401721600282 0.2545225855882778 0
47 0.2862046482873873 0.2632992264706322 0
48 0.2935691244147464 0.2720758673529866 0
49 0.3009336005421055 0.280852508235341 0
50 0.3082980766694647 0.2896291491176956 0
51 0.3156625527968239 0.29840579000005 0
52 0.323027028924183 0.3071824308824044 0
53 0.3303915050515422 0.3159590717647589 0
54 0.3377559811789013 0.3247357126471133 0
55 0.3451204573062605 0.3335123535294678 0
56 0.3524849334336195 0.3422889944118223 0
57 0.3598494095609788 0.3510656352941767 0
58 0.3672138856883378 0.3598422761765311 0
59 0.3745783618156969 0.3686189170588855 0
60 0.381942837943056 0.3773955579412399 0
61 0.3893073140704152 0.3861721988235943 0
62 0.3966717901977742 0.3949488397059487 0
63 0.4110181034325398 0.4112289776368577 0
64 0.4187313157060478 0.4179784127077235 0
65 0.4270948769943219 0.4239028839861847 0
66 0.4360209293260504 0.4289401557798515 0
67 0.445415705844908 0.4330373122953815 0
68 0.4551805158164786 0.4361513135110431 0
69 0.4652127813597885 0.4382494473057628 0
70 0.4866668976335767 0.439899773297474 0
71 0.4979266802544164 0.440489873499842 0
72 0.5091864628752563 0.4410799737022099 0
73 0.520446245496096 0.4416700739045778 0
74 0.5317060281169358 0.4422601741069457 0
75 0.5429658107377755 0.4428502743093137 0
76 0.5542255933586153 0.4434403745116816 0
77 0.5654853759794551 0.4440304747140495 0
78 0.576745158600295 0.4446205749164174 0
79 0.5880049412211348 0.4452106751187854 0
80 0.5992647238419746 0.4458007753211533 0
81 0.6105245064628143 0.4463908755235212 0
82 0.6217842890836541 0.4469809757258891 0
83 0.6330440717044939 0.4475710759282571 0
84 0.6443038543253337 0.448161176130625 0
85 0.6555636369461734 0.4487512763329929 0
86 0.6668234195670132 0.4493413765353608 0
87 0.6896278447399321 0.4491964794299314 0
88 0.7006946012159873 0.4458281127934987 0
89 0.7106910947343958 0.4400066774005602 0
90 0.7190822370179006 0.432043780699251 0
91 0.7254188703833169 0.4223656574157815 0
92 0.7293618100730225 0.4114903542337509 0
93 0.7306999999999999 0.3885714285714286 0
94 0.7306999999999999 0.3771428571428571 0
95 0.7306999999999999 0.3657142857142857 0
96 0.7306999999999999 0.3542857142857143 0
97 0.7306999999999999 0.3428571428571428 0
98 0.7306999999999999 0.3314285714285714 0
99 0.7306999999999999 0.32 0
100 0.7306999999999999 0.3085714285714285 0
101 0.7306999999999999 0.2971428571428571 0
102 0.7306999999999999 0.2857142857142857 0
103 0.7306999999999999 0.2742857142857142 0
104 0.7306999999999999 0.2628571428571428 0
105 0.7306999999999999 0.2514285714285713 0
106 0.7306999999999999 0.2399999999999998 0
107 0.7306999999999999 0.2285714285714284 0
108 0.7306999999999999 0.2171428571428569 0
109 0.7306999999999999 0.2057142857142855 0
110 0.7306999999999999 0.194285714285714 0
111 0.7306999999999999 0.1828571428571427 0
112 0.7306999999999999 0.1714285714285712 0
113 0.7306999999999999 0.1599999999999998 0
114 0.7306999999999999 0.1485714285714284 0
115 0.7306999999999999 0.137142857142857 0
116 0.7306999999999999 0.1257142857142856 0
117 0.7306999999999999 0.1142857142857142 0
118 0.7306999999999999 0.1028571428571428 0
119 0.7306999999999999 0.09142857142857141 0
120 0.7306999999999999 0.08000000000000007 0
121 0.7306999999999999 0.06857142857142867 0
122 0.7306999999999999 0.05714285714285727 0
123 0.7306999999999999 0.04571428571428587 0
124 0.7306999999999999 0.03428571428571447 0
125 0.7306999999999999 0.02285714285714302 0
126 0.7306999999999999 0.01142857142857151 0
127 0.7406999999999998 0 0
128 0.7506999999999999 0 0
129 0.7606999999999999 0 0
130 0.7706999999999999 0 0
131 0.7806999999999999 0.01142857142857144 0
132 0.7806999999999999 0.02285714285714288 0
133 0.7806999999999999 0.03428571428571432 0
134 0.7806999999999999 0.04571428571428577 0
135 0.7806999999999999 0.0571428571428572 0
136 0.7806999999999999 0.06857142857142863 0
137 0.7806999999999999 0.08000000000000006 0
138 0.7806999999999999 0.0914285714285715 0
139 0.7806999999999999 0.1028571428571429 0
140 0.7806999999999999 0.1142857142857144 0
141 0.7806999999999999 0.1257142857142858 0
142 0.7806999999999999 0.1371428571428573 0
143 0.7806999999999999 0.1485714285714287 0
144 0.7806999999999999 0.1600000000000002 0
145 0.7806999999999999 0.1714285714285717 0
146 0.7806999999999999 0.1828571428571431 0
147 0.7806999999999999 0.1942857142857145 0
148 0.7806999999999999 0.205714285714286 0
149 0.7806999999999999 0.2171428571428574 0
150 0.7806999999999999 0.2285714285714288 0
151 0.7806999999999999 0.2400000000000002 0
152 0.7806999999999999 0.2514285714285716 0
153 0.7806999999999999 0.262857142857143 0
154 0.7806999999999999 0.2742857142857144 0
155 0.7806999999999999 0.2857142857142858 0
156 0.7806999999999999 0.2971428571428572 0
157 0.7806999999999999 0.3085714285714286 0
158 0.7806999999999999 0.32 0
159 0.7806999999999999 0.3314285714285714 0
160 0.7806999999999999 0.3428571428571427 0
161 0.7806999999999999 0.3542857142857141 0
162 0.7806999999999999 0.3657142857142855 0
163 0.7806999999999999 0.377142857142857 0
164 0.7806999999999999 0.3885714285714285 0
165 0.7800286514924181 0.4115680159360948 0
166 0.7780236201460451 0.4229807084675019 0
167 0.7747118274569218 0.4340848397122524 0
168 0.7701377407666337 0.4447313148315632 0
169 0.764362776200642 0.454777183921787 0
170 0.7574644740358012 0.4640875613985023 0
171 0.7495354575693756 0.4725374371012285 0
172 0.7406821894687915 0.4800133548011204 0
173 0.7310235423005802 0.4864149355743653 0
174 0.7206892024319744 0.4916562255869974 0
175 0.7098179287359266 0.4956668501944612 0
176 0.6985556894798641 0.4983929588598628 0
177 0.6870537024141186 0.4997979482035217 0
178 0.6642066217548666 0.4992728532730894 0
179 0.6529468391340267 0.4986827530707215 0
180 0.641687056513187 0.4980926528683536 0
181 0.6304272738923472 0.4975025526659857 0
182 0.6191674912715075 0.4969124524636178 0
183 0.6079077086506677 0.4963223522612499 0
184 0.596647926029828 0.4957322520588819 0
185 0.5853881434089883 0.495142151856514 0
186 0.5741283607881484 0.4945520516541461 0
187 0.5628685781673086 0.4939619514517782 0
188 0.5516087955464688 0.4933718512494103 0
189 0.540349012925629 0.4927817510470424 0
190 0.5290892303047892 0.4921916508446744 0
191 0.5178294476839493 0.4916015506423065 0
192 0.5065696650631095 0.4910114504399386 0
193 0.4953098824422698 0.4904213502375707 0
194 0.48405009982143 0.4898312500352028 0
195 0.4616518426009693 0.4882399415442681 0
196 0.4506189191303074 0.4864116543310513 0
197 0.4397528741687219 0.483766450872658 0
198 0.4291141074889027 0.480319034742299 0
199 0.4187617555191849 0.4760885686759448 0
200 0.4087533626290231 0.4710985680547374 0
201 0.3991445612640485 0.4653767701928799 0
202 0.3899887627087093 0.4589549801575751 0
203 0.3813368601954087 0.4518688939780374 0
204 0.3732369460104371 0.4441579002262833 0
205 0.3584193632858009 0.4271475638511777 0
206 0.3511046824024172 0.4184302666297251 0
207 0.3437900015190336 0.4097129694082725 0
208 0.3364753206356498 0.4009956721868199 0
209 0.3291606397522662 0.3922783749653673 0
210 0.3218459588688825 0.3835610777439147 0
211 0.3145312779854988 0.3748437805224621 0
212 0.3072165971021151 0.3661264833010095 0
213 0.2999019162187315 0.357409186079557 0
214 0.2925872353353478 0.3486918888581043 0
215 0.2852725544519641 0.3399745916366518 0
216 0.2779578735685805 0.3312572944151992 0
217 0.2706431926851968 0.3225399971937466 0
218 0.2633285118018131 0.313822699972294 0
219 0.2560138309184294 0.3051054027508415 0
220 0.2486991500350458 0.2963881055293889 0
221 0.2413844691516621 0.2876708083079362 0
222 0.2340697882682784 0.2789535110864836 0
223 0.2267551073848947 0.270236213865031 0
224 0.219440426501511 0.2615189166435784 0
225 0.2121257456181273 0.2528016194221258 0
226 0.2048110647347436 0.2440843222006732 0
227 0.1974963838513599 0.2353670249792206 0
228 0.1901817029679762 0.2266497277577679 0
229 0.1828670220845925 0.2179324305363153 0
230 0.1755523412012088 0.2092151333148627 0
231 0.1682376603178251 0.2004978360934101 0
232 0.1609229794344414 0.1917805388719575 0
233 0.1536082985510577 0.1830632416505049 0
234 0.146293617667674 0.1743459444290522 0
235 0.1389789367842903 0.1656286472075996 0
236 0.1316642559009066 0.156911349986147 0
237 0.1243495750175229 0.1481940527646943 0
238 0.1170348941341392 0.1394767555432417 0
239 0.1097202132507555 0.1307594583217891 0
240 0.1024055323673718 0.1220421611003365 0
241 0.0950908514839881 0.113324863878884 0
242 0.08777617060060444 0.1046075666574313 0
243 0.08046148971722072 0.09589026943597867 0
244 0.07314680883383701 0.08717297221452608 0
245 0.06583212795045329 0.07845567499307343 0
246 0.05851744706706957 0.06973837777162079 0
247 0.05120276618368591 0.06102108055016819 0
248 0.04388808530030225 0.05230378332871566 0
249 0.03657340441691853 0.04358648610726296 0
250 0.02925872353353487 0.03486918888581042 0
251 0.0219440426501511 0.02615189166435772 0
252 0.01462936176676743 0.01743459444290513 0
253 0.007314680883383662 0.00871729722145248 0
254 0.07674328921718956 0 0
255 0.08821621396776522 0 0
256 0.09968913871834086 0 0
257 0.1111620634689165 0 0
258 0.1226349882194922 0 0
259 0.1341079129700678 0 0
260 0.1455808377206435 0 0
261 0.1570537624712191 0 0
262 0.1685266872217948 0 0
263 0.1799996119723704 0 0
264 0.1914725367229461 0 0
265 0.2029454614735217 0 0
266 0.2144183862240973 0 0
267 0.225891310974673 0 0
268 0.2373642357252487 0 0
269 0.2488371604758243 0 0
270 0.2603100852264 0 0
271 0.2717830099769756 0 0
272 0.2832559347275512 0 0
273 0.2947288594781268 0 0
274 0.3062017842287024 0 0
275 0.317674708979278 0 0
276 0.3291476337298536 0 0
277 0.3406205584804292 0 0
278 0.3520934832310048 0 0
279 0.3635664079815804 0 0
280 0.375039332732156 0 0
281 0.3865122574827317 0 0
282 0.3979851822333073 0 0
283 0.4094581069838829 0 0
284 0.4209310317344584 0 0
285 0.432403956485034 0 0
286 0.4438768812356096 0 0
287 0.4553498059861853 0 0
288 0.4668227307367609 0 0
289 0.4782956554873365 0 0
290 0.489768580237912 0 0
291 0.5012415049884876 0 0
292 0.5127144297390633 0 0
293 0.5241873544896389 0 0
294 0.5356602792402145 0 0
295 0.5471332039907901 0 0
296 0.5586061287413657 0 0
297 0.5700790534919413 0 0
298 0.5815519782425169 0 0
299 0.5930249029930925 0 0
300 0.6044978277436681 0 0
301 0.6159707524942437 0 0
302 0.6274436772448193 0 0
303 0.638916601995395 0 0
304 0.6503895267459706 0 0
305 0.6618624514965461 0 0
306 0.6733353762471217 0 0
307 0.6848083009976974 0 0
308 0.696281225748273 0 0
309 0.7077541504988486 0 0
310 0.7192270752494242 0 0
311 0.4471484045970703 0.4432607054854235 0
312 0.4185100192960552 0.4276843211867832 0
313 0.4695753622661657 0.4476816435763957 0
314 0.4013326953884359 0.4140252368238026 0
315 0.7557139384887566 0.006819467089278386 0
316 0.5014508155187186 0.4809651425480169 0
317 0.5915290764854371 0.4856859441669603 0
318 0.6253084243479563 0.487456244774064 0
319 0.6490763549156215 0.4868233153100699 0
320 0.52602424930604 0.4520865802838671 0
321 0.5480846602821664 0.4528965822012354 0
322 0.6698989710797222 0.4897070419457221 0
323 0.5690095112437574 0.4845057437622243 0
324 0.4174456183106769 0.4656721060195199 0
325 0.3620431907039467 0.4159104249676364 0
326 0.348336824667081 0.3997414190099173 0
327 0.3350657303852601 0.3811407591589236 0
328 0.7405459109314897 0.08571161262447546 0
329 0.7402366411546339 0.1890382773473725 0
330 0.7711633588453659 0.3138188655097702 0
331 0.770802566813892 0.2114285714285717 0
332 0.7711633588453659 0.3490382773473725 0
333 0.7690893136233589 0.2902120888042929 0
334 0.7405974331861077 0.1314285714285713 0
335 0.7402366411546339 0.1081045797954845 0
336 0.7406117818639242 0.06289855771302372 0
337 0.7405974331861077 0.04000000000000037 0
338 0.770802566813892 0.3714285714285713 0
339 0.7708025668138921 0.2685714285714287 0
340 0.7691736478649454 0.2469201783074915 0
341 0.7405974331861077 0.1657142857142855 0
342 0.7405974331861078 0.3942857142857143 0
343 0.3190983611797865 0.3651855520875239 0
344 0.3048958670551034 0.3479312662927699 0
345 0.2902340560322754 0.3304564829030366 0
346 0.2755724057660854 0.3129815925826973 0
347 0.2609108545008982 0.2955066505751918 0
348 0.2452765295560879 0.2769774602316235 0
349 0.23064716778932 0.2595428657887178 0
350 0.2160178060225529 0.2421082713458129 0
351 0.2013884442557857 0.2246736769029078 0
352 0.1867590824890178 0.207239082460002 0
353 0.1721297207222504 0.1898044880170967 0
354 0.1575003589554836 0.1723698935741923 0
355 0.1428709971887159 0.1549352991312865 0
356 0.1282416354219481 0.1375007046883809 0
357 0.1142052935442189 0.1208522913050196 0
358 0.09941322239120842 0.1034250150546885 0
359 0.08396391372502654 0.08425245075234483 0
360 0.0701215319815115 0.06759222534530041 0
361 0.05465904633058427 0.05027048864452471 0
362 0.7114104780711588 0.4514263239629082 0
363 0.7318259193517606 0.4315324580467186 0
364 0.04005037566767977 0.03214073789317873 0
365 0.7018259297501808 0.4872765192279136 0
366 0.7667208330242332 0.4261638788073037 0
367 0.4790918122604138 0.4786639344095978 0
368 0.447193187574179 0.4763947475558039 0
369 0.3899608335065768 0.4474445884928565 0
370 0.6844839947142468 0.4594354100776975 0
371 0.4917857471779675 0.4499460811893957 0
372 0.6151243515223587 0.4568012046918825 0
373 0.6381629212488849 0.4576173838201787 0
374 0.6608929430271318 0.4590001836597429 0
375 0.534758480617746 0.4822869132951612 0
376 0.5818640081446859 0.4546668828083392 0
377 0.7402366411546339 0.2347525630616582 0
378 0.7708938235789035 0.1428571428571432 0
379 0.7417130021647024 0.3028571428571429 0
380 0.7708938235789036 0.09714285714285725 0
381 0.7405974331861077 0.3257142857142857 0
382 0.7405974331861078 0.28 0
383 0.7690644454366885 0.07312662866883457 0
384 0.7708025668138919 0.1200000000000001 0
385 0.770802566813892 0.05142857142857171 0
386 0.7422263521350545 0.3612058925932055 0
387 0.770802566813892 0.1771428571428576 0
388 0.7405974331861078 0.2571428571428571 0
389 0.3781136252475414 0.3885732439646355 0
390 0.3785919979333031 0.4325668011307667 0
391 0.3631427714944121 0.3705168070298365 0
392 0.7473250850019321 0.4613755547759476 0
393 0.3485883236137126 0.3529684738901995 0
394 0.3337874171971411 0.3355162592562181 0
395 0.3190584967663684 0.3179629565456195 0
396 0.3043295920079055 0.3004096548091763 0
397 0.2896006549293281 0.2828563937635469 0
398 0.2748715737948056 0.2653032399057846 0
399 0.2601422166106533 0.247750231828489 0
400 0.2454126245073303 0.2301972363802596 0
401 0.2306833820456909 0.2126437532362685 0
402 0.2159559329103808 0.1950888978062173 0
403 0.2012321095219035 0.17753205712446 0
404 0.7704148240826998 0.4052065897547704 0
405 0.186511700133187 0.1599747508565242 0
406 0.1717875223828164 0.1424233340425117 0
407 0.1570644358888361 0.1248761899120183 0
408 0.14229853621675 0.1073473206920506 0
409 0.1274438421016989 0.08986133156825971 0
410 0.1124464741736585 0.07236295117202723 0
411 0.06871628469364144 0.01954278473538928 0
412 0.09817418920307697 0.05464934826480577 0
413 0.08368990598077442 0.03787176103080392 0
414 0.7691077138332751 0.02972585570478153 0
415 0.7405974331861077 0.2114285714285711 0
416 0.721136727890013 0.4801626013376289 0
417 0.7576409634682908 0.4445386681213868 0
418 0.0490750726632333 0.009756298438776345 0
419 0.7392621511191216 0.01694465175640825 0
420 0.69535645870828 0.4581742179561591 0
421 0.6906807810618875 0.4687426153676102 0
422 0.6793890156395623 0.4696421810266569 0
423 0.7021388763529944 0.4683853909794941 0
424 0.6853885385015434 0.4792737212340475 0
425 0.0253466223423271 0.0157765097896469 0
426 0.7368165740978669 0.421299417752577 0
427 0.7429182242160216 0.4310304886763793 0
428 0.738051382115667 0.4417723019456586 0
429 0.7483662959151266 0.42083962080575 0
430 0.7202748619128885 0.4456620934648762 0
431 0.7209051109766861 0.457124854887318 0
432 0.7428943031783503 0.4114705114027692 0
433 0.7539965311770122 0.4109879410814082 0
434 0.7552826412760106 0.4312306092574599 0
435 0.4589005775322426 0.4460745101179496 0
436 0.4633448492092386 0.4560547876948058 0
437 0.4737196037053744 0.4571198624485628 0
438 0.4677353881393429 0.4652828635268759 0
439 0.4525475427166862 0.4543828172228749 0
440 0.4419449873649414 0.4527388791415601 0
441 0.4354749509923058 0.4434704097427666 0
442 0.4313493198532503 0.4523326412608345 0
443 0.435497453320836 0.4617048181594799 0
444 0.4254522128605338 0.4432316079181343 0
445 0.4206226595073067 0.4514442182405625 0
446 0.4148797133260554 0.4428798046709653 0
447 0.4105543077041445 0.4517543188021075 0
448 0.4048796843463939 0.4423304418781503 0
449 0.4790891111076311 0.466249223766297 0
450 0.4094392627265159 0.421268254236427 0
451 0.3991337093404575 0.4243950088977163 0
452 0.3910495685625275 0.4168061618355596 0
453 0.388464426164789 0.4271644907835683 0
454 0.3806741963332916 0.4198106888950795 0
455 0.3831526461818667 0.4090821403758141 0
456 0.3972752759980814 0.4341289752950421 0
457 0.7317055097860238 0.4509977796137408 0
458 0.7302937269757501 0.4629365333936935 0
459 0.3937107466994567 0.4061323938142519 0
460 0.385920242454328 0.3976094549227473 0
461 0.3745829788962322 0.399471284471358 0
462 0.3668000362784294 0.3906271822362905 0
463 0.3627043541951457 0.4017433057157113 0
464 0.06070236175126975 0.009615200726451834 0
465 0.05466789815778972 0.01957027055672989 0
466 0.0620131617117391 0.02925838213703624 0
467 0.04292388844061501 0.01919038797271466 0
468 0.07339142488972994 0.03018825916183776 0
469 0.07365743481361398 0.04233454886333221 0
470 0.0820190656021661 0.04878676114086067 0
471 0.07192987246200133 0.0534000860437891 0
472 0.08086167208952555 0.06047039854423475 0
473 0.08183359926396749 0.07218451507834595 0
474 0.0922517461753869 0.06518838725513804 0
475 0.7403114352630171 0.02851651968522911 0
476 0.7500950103291179 0.03462742392056489 0
477 0.750542324861829 0.04553601799085233 0
478 0.760901286500357 0.04013629638926175 0
479 0.3697952897289044 0.4237945227898637 0
480 0.3719129249357863 0.4104046689392541 0
481 0.7501462861605244 0.02279118711361378 0
482 0.4900989509305968 0.4804220867931827 0
483 0.4965274552507729 0.4711505702037903 0
484 0.5075433125759315 0.4714895083039632 0
485 0.5022751311056246 0.4614771790224584 0
486 0.5119748837255076 0.4617435742170027 0
487 0.5180788620897754 0.4722215986584005 0
488 0.7718647318125501 0.01716914585939133 0
489 0.03302006141473279 0.02412826170209409 0
490 0.04741327329283251 0.04133954650522781 0
491 0.3705846088434292 0.3794880913488402 0
492 0.3589300202814395 0.3811968398621534 0
493 0.3524636795553077 0.3724267154116456 0
494 0.3475990647959948 0.3826940056371623 0
495 0.6728673542404464 0.4597827453156209 0
496 0.6662272848015265 0.4690844643361644 0
497 0.6545290972147058 0.4683510656716693 0
498 0.6600738753837005 0.4794114028728386 0
499 0.6726794295200473 0.4788569160952676 0
500 0.1055375094145738 0.0634194336225502 0
501 0.1009691510007502 0.07432217961177728 0
502 0.1083046403231257 0.0831047736281465 0
503 0.09652792755848527 0.08426766796200474 0
504 0.1198257023905079 0.08121121561684752 0
505 0.1159598197779171 0.09186677024135737 0
506 0.1233682657907335 0.100650401878591 0
507 0.1114888408481954 0.1019987743093155 0
508 0.1347818985527113 0.09866372582044081 0
509 0.1309307338985692 0.1093637867546422 0
510 0.1383066653955419 0.1181364691010942 0
511 0.1264071869519224 0.1195077233634937 0
512 0.1496419398250348 0.1161380846083605 0
513 0.1457858644222946 0.1268477395422963 0
514 0.1531789171730632 0.1356063764969055 0
515 0.1411116696864047 0.1368536128560679 0
516 0.1644202893571794 0.1336512109228897 0
517 0.160557219240327 0.1443539893859392 0
518 0.1679114841758674 0.1531243024683621 0
519 0.1565908398251066 0.1551788757698327 0
520 0.1791476873525119 0.1511950688676108 0
521 0.1752786284730884 0.1618897199985591 0
522 0.1826248679095005 0.1706701431312267 0
523 0.170514991465321 0.1718413780992448 0
524 0.1938653589235548 0.1687520480878599 0
525 0.1899942652391571 0.179441607632997 0
526 0.1973417484762197 0.188227183787212 0
527 0.1851999202921917 0.1893516010477439 0
528 0.2085765983045549 0.1863232284046811 0
529 0.204714868483178 0.1969998120301269 0
530 0.2120668424255241 0.2057847170233707 0
531 0.1998912675864624 0.2068653526639635 0
532 0.223301832305408 0.203880434237168 0
533 0.219443460669573 0.2145548300456564 0
534 0.2267975314686314 0.223339007799582 0
535 0.2145883117422702 0.2243786376052907 0
536 0.2380307259430349 0.2214344896173602 0
537 0.2341752409849416 0.2321075610655486 0
538 0.2415298510514847 0.2408910867182281 0
539 0.2292874987795111 0.2418910349478798 0
540 0.2527607540645429 0.2389871971765807 0
541 0.2489074602359278 0.2496590982017545 0
542 0.2562618124978902 0.2584423968731307 0
543 0.2439866848238577 0.2594028959462954 0
544 0.2674906193988356 0.2565397608004477 0
545 0.2636390404896526 0.2672104319419703 0
546 0.2709929548532068 0.2759938161710733 0
547 0.2586851678146216 0.2769146832649407 0
548 0.2822294269040884 0.2740800140074944 0
549 0.2783714831306708 0.284759925867599 0
550 0.2857237409609195 0.2935452623129969 0
551 0.2735508059077583 0.2946086792596528 0
552 0.2969586218330172 0.2916330221134497 0
553 0.2931019660276286 0.3023117772448457 0
554 0.3004539402039669 0.3110973806289491 0
555 0.2882536184336316 0.3121276127021916 0
556 0.31168767357882 0.3091861854563682 0
557 0.3078321584402317 0.3198639508763609 0
558 0.3151839535264568 0.3286497375197675 0
559 0.3029561996466694 0.3296467813706598 0
560 0.3264167081809099 0.3267393877535513 0
561 0.3225621926163058 0.3374163132449162 0
562 0.3299138293597381 0.3462022541027451 0
563 0.3176586266276293 0.347166130692354 0
564 0.3411122345659491 0.3443372649911979 0
565 0.3368506628048078 0.3547428656829555 0
566 0.7406207818317949 0.05142754598571042 0
567 0.750402762398802 0.05717757633505538 0
568 0.7500769293293833 0.06817396303698087 0
569 0.7609304972113862 0.0626778161868452 0
570 0.5369029644414641 0.4523383947717505 0
571 0.5424162340778396 0.4620949940396343 0
572 0.5532822609719109 0.4628999241179648 0
573 0.5478103621254737 0.4703795037477436 0
574 0.5583268722170347 0.4734128714849842 0
575 0.5644787317729705 0.4635666369349855 0
576 0.5593601413148274 0.4534851291809813 0
577 0.7708025668138919 0.1657142857142862 0
578 0.7609963903927958 0.1714285714285721 0
579 0.7592892513595532 0.1587941074067948 0
580 0.7592049171179669 0.1840736254814218 0
581 0.7507183009305027 0.1763456461453532 0
582 0.5931237907655257 0.4552569830107071 0
583 0.5869844196827435 0.4646833860856024 0
584 0.5977238961573479 0.4656623447432919 0
585 0.5757274706151104 0.4640939262207014 0
586 0.5808419246126282 0.4741693983898148 0
587 0.7708177762747271 0.1314285714285717 0
588 0.7609989253029349 0.125714285714286 0
589 0.7592052792479868 0.1130692316614358 0
590 0.7507184768926115 0.1207972109975047 0
591 0.7593048229504084 0.1383487497360628 0
592 0.6032153106828338 0.4865529852612754 0
593 0.7708025668138921 0.2228571428571432 0
594 0.7609963903927959 0.2171428571428575 0
595 0.7592892513595533 0.2045083931210805 0
596 0.759204917117967 0.2297879111957074 0
597 0.7507183009305028 0.2220599318596385 0
598 0.7706245098675319 0.1997990179011327 0
599 0.6141197169898761 0.4869123013870206 0
600 0.620627872257249 0.4776945705766436 0
601 0.6315208450063524 0.4780772806482523 0
602 0.62805091919904 0.4679850681502331 0
603 0.7405974331861077 0.3371428571428571 0
604 0.7504948663722156 0.3314285714285714 0
605 0.7522081195627488 0.3440736254814213 0
606 0.7505874719006316 0.3209400259161291 0
607 0.7605807366902351 0.326377281618914 0
608 0.7706397193283671 0.1540847321868469 0
609 0.7708626988191377 0.3600778081293239 0
610 0.7611775577116148 0.3661817474755318 0
611 0.7609505376417559 0.377220767436398 0
612 0.7510077004416763 0.3714285714285712 0
613 0.7509298194002964 0.3817211809404552 0
614 0.7609869857600744 0.3882857475631842 0
615 0.7600662169838549 0.3545774815243319 0
616 0.5237638193830819 0.4820751663680887 0
617 0.5280004258553213 0.4720630932365495 0
618 0.5125896837307558 0.4815319408108085 0
619 0.7403350311031514 0.1433116365968348 0
620 0.7402912974226588 0.1539069695026373 0
621 0.7512162835432259 0.148582249850945 0
622 0.7705280893785265 0.0855211047781394 0
623 0.7609051336277839 0.09142857142857197 0
624 0.7605131359302084 0.08079360219290643 0
625 0.7706257239764394 0.1083686814673822 0
626 0.7410632051110094 0.3489751577743425 0
627 0.7405209592662505 0.2909740776888793 0
628 0.7504948663722155 0.2857142857142858 0
629 0.750403609607204 0.2742857142857144 0
630 0.7612100764807901 0.2795900433387815 0
631 0.7405822237252725 0.2685714285714286 0
632 0.7503858652362296 0.2628571428571429 0
633 0.7502142974332617 0.2518830651682636 0
634 0.7611926091371874 0.2575905457929645 0
635 0.7599019605240481 0.3370373760683963 0
636 0.6108888080937434 0.4772985128021632 0
637 0.6499096805539423 0.4580276436116827 0
638 0.7405363935209865 0.314896879011428 0
639 0.6367881824534516 0.4877570305922673 0
640 0.6420086615722325 0.4773294233209074 0
641 0.5706101477378906 0.4540772707959124 0
642 0.7404905396910365 0.245867842800225 0
643 0.7513278016355402 0.2403007359436267 0
644 0.7705771566207156 0.3025765876237725 0
645 0.7599703977896055 0.2978767702223747 0
646 0.7607848255647447 0.3076044440944963 0
647 0.7402748990979058 0.1996233143896317 0
648 0.7511794987994049 0.1943106976305944 0
649 0.7703389676691097 0.2346894434886286 0
650 0.6042121772737963 0.4559377911179336 0
651 0.7405974331861077 0.0971428571428572 0
652 0.7512865069216488 0.1023995485657259 0
653 0.7705807780028742 0.1887406786589974 0
654 0.3257380192733081 0.3728677296676016 0
655 0.3369548901887442 0.3708831790459359 0
656 0.770802566813892 0.3828571428571427 0
657 0.4799957127105895 0.4485786775244482 0
658 0.7613087028895523 0.02285842302796276 0
659 0.7404274351232321 0.07421565804916935 0
660 0.4908041736666809 0.4615698791321036 0
661 0.5038314764789784 0.450661069107791 0
662 0.5323419926203067 0.4621323292651827 0
663 0.06215191515594753 0.05892422849382484 0
664 0.6081709160154294 0.4667061263960922 0
665 0.5919420163040707 0.4743302075917368 0
666 0.625998334868221 0.4574306282011914 0
667 0.5470206088942661 0.480962341946107 0
668 0.5801794033077918 0.4868110579659319 0
669 0.5577538855144124 0.4846804308044879 0
670 0.5696137411868453 0.4730228270329834 0
671 0.6375809185388541 0.4687226570829075 0
672 0.4576319664823121 0.4642412759065397 0
673 0.4621682788665485 0.4745022529262093 0
674 0.4465884835536492 0.4649574779117485 0
675 0.4091492225133361 0.4326560119795994 0
676 0.7209216219533418 0.4685669047783786 0
677 0.3560535057113412 0.3617147642010201 0
678 0.5152360260244785 0.4515709188183308 0
679 0.0381990784301508 0.008651252056033842 0
680 0.6591580497042334 0.4901650438721063 0
681 0.7706217421259505 0.3944201876190955 0
682 0.1491893324103759 0.1459597919970801 0
683 0.1637696458604476 0.1634098516064475 0
684 0.1501641928654509 0.1640201493412099 0
685 0.7481228945828104 0.4022488071847617 0
686 0.1652857549681447 0.1815800292652437 0
687 0.1333952223738283 0.1279954247525838 0
688 0.1780055050902759 0.1806462452970013 0
689 0.1362379109376457 0.1467258019039428 0
690 0.1799270972408266 0.19904105508846 0
691 0.05757928020270031 0.03911403765520149 0
692 0.7724423134295049 0.04025814470452299 0
693 0.1926990408012911 0.1981612857391805 0
694 0.7642470056838737 0.01016792217468826 0
695 0.3420872474395698 0.3914311022373035 0
696 0.2068472779147431 0.2154204561933073 0
697 0.1940517179010151 0.2163376553896418 0
698 0.2215312814292645 0.2329226460960488 0
699 0.2086799909388252 0.2337882829239915 0
700 0.3435969425723413 0.3646726254733724 0
701 0.3555016079817349 0.3916069034249859 0
702 0.2362165490525175 0.2504235592972428 0
703 0.223310614868332 0.2512369800091689 0
704 0.7471450201311921 0.01012562731525546 0
705 0.7499299886145955 0.07993838634910716 0
706 0.1186931644800484 0.1106956673365347 0
707 0.7587158875572533 0.05139125566611724 0
708 0.2509018070158799 0.2679239789968231 0
709 0.2379422825302308 0.2686847382045807 0
710 0.2657824384857356 0.2856367892991685 0
711 0.7724395018923933 0.06258946039970747 0
712 0.2528328903280489 0.2862812504923466 0
713 0.1212200470657702 0.1292851756533947 0
714 0.7520618266536017 0.3028105285776599 0
715 0.7625832934705525 0.1024817780531946 0
716 0.7499473257821457 0.3542857142857142 0
717 0.7713501074039619 0.3257142857142856 0
718 0.7617500889169202 0.1485575684534001 0
719 0.7704366786038478 0.3370051873576887 0
720 0.7725003913836082 0.2796747121429007 0
721 0.7401163004499035 0.2232122473339401 0
722 0.7405017981229799 0.3724063352130178 0
723 0.7614526742178541 0.2400000000000003 0
724 0.7518372723631555 0.1313281408484264 0
725 0.7401163004499034 0.1774979616196543 0
726 0.7501249494510578 0.09094453481762049 0
727 0.772513764763205 0.2574735733915199 0
728 0.7518354068056958 0.211529002008717 0
729 0.7617162007526981 0.1942859942685609 0
730 0.7405003058471683 0.3836447382900608 0
731 0.7518354068056957 0.1658147162944315 0
732 0.7587989454550607 0.2685789749692064 0
733 0.7401163080839668 0.1196448955232029 0
734 0.2805013788396023 0.3031753941591718 0
735 0.2683129646224312 0.3042000698833082 0
736 0.2951931339769104 0.3206849170135965 0
737 0.2829757134104467 0.3216746494684113 0
738 0.3098849365075297 0.3381944432434131 0
739 0.2976384748381483 0.3391492423841059 0
740 0.6809906074067293 0.4903579126997819 0
741 0.3240513100732887 0.3556618880397407 0
742 0.3121371130427757 0.3565800844154925 0
743 0.3535958106975248 0.4091076771462525 0
744 0.05074480682511595 0.02980293410261525 0
745 0.3826012115076866 0.4420481543082636 0
746 0.7305313695250251 0.4740747497630885 0
747 0.7120919480814567 0.4740967239252959 0
748 0.7600045277436254 0.40085113108533 0
749 0.1068828175191718 0.1120564621641298 0
750 0.3999539152834611 0.4527788983277663 0
751 0.4376991889205964 0.4725772980111873 0
752 0.4273936594637471 0.4693154958486554 0
753 0.1037886048755839 0.09318445597048053 0
754 0.09152257450599155 0.09435572595974345 0
755 0.7119698288967804 0.4628118441661402 0
756 0.6961187372937476 0.4789543355952267 0
757 0.4287165728933106 0.4341610212504994 0
758 0.7477793010999821 0.4397976285288978 0
759 0.7449611299138073 0.4500346429902565 0
760 0.01741476798811592 0.007893597332030156 0
761 0.6916809742399257 0.4893920769281573 0
762 0.7695023615223212 0.4160927027532442 0
763 0.7118789613167685 0.4849405494296443 0
764 0.7647355810143853 0.4360868222752541 0
765 0.09161410712791607 0.04585641211855546 0
766 0.7393898167952987 0.4680332790289699 0
767 0.09110926754472337 0.0760430401319222 0
768 0.4082154179590637 0.4611255105019434 0
769 0.469622451633566 0.4806461358167354 0
770 0.7543508857240947 0.454962722241576 0
771 0.7592283258229787 0.4195519490875591 0
772 0.4871223006432191 0.4716111388609943 0
773 0.06438932197504077 0.04673952154885619 0
774 0.4245881827565752 0.4596839818081515 0
775 0.750755138309573 0.3919646703836553 0
776 0.4829518561850284 0.4570954974950644 0
777 0.08898415603961429 0.05499026146471891 0
778 0.3310483643487128 0.3640023066661884 0
779 0.7385167732763782 0.4582716969257271 0
780 0.0275620744632008 0.007285100823175961 0
781 0.7281879820368481 0.4404016827540491 0
782 0.07477222738050737 0.07838156248506667 0
783 0.5219427399369049 0.4619696824132222 0
784 0.6460056305614243 0.4662847760548877 0
785 0.6181435336593403 0.4673193518030343 0
786 0.6002287190212283 0.4778913818290897 0
787 0.7585770110790786 0.03115002976575793 0
788 0.5387246840318256 0.4716531959217297 0
789 0.7488489942193787 0.1576086862998655 0
790 0.7488462254215562 0.203323816518424 0
791 0.7493548829734235 0.2945184958606906 0
792 0.7501690203527395 0.3111723350354068 0
793 0.7527984827047393 0.3618761903119516 0
794 0.7587435600183267 0.2478788281983729 0
795 0.7488521788731063 0.1395392412051139 0
796 0.6510800379576906 0.4763114802370595 0
797 0.748671746496011 0.1119651142242995 0
798 0.762582976650291 0.3453167512466249 0
799 0.7618846781589147 0.3173467325279478 0
800 0.7587750879595506 0.2886274787729073 0
801 0.7486747165388461 0.2308805958086603 0
802 0.7485784083025445 0.1849414019067215 0
803 0.4199268925597934 0.4359052776921113 0
804 0.7387943194456394 0.4031386140959802 0
805 0.7584201286264968 0.07210346224587999 0
806 0.7631071995040578 0.4104717589038193 0
807 0.7377076166660902 0.007638257023511841 0
808 0.7736508122573387 0.00767760801777051 0
809 0.471789579498017 0.47293017302675 0
810 0.06630289521526833 0.03680671710004058 0
811 0.7557121906707798 0.01455252534415974 0
812 0.7043509379450443 0.4572708664634464 0
813 0.4547728601006742 0.479369125236671 0
814 0.3885123591975259 0.4360523402222302 0
815 0.3437860840792482 0.3748269089213194 0
816 0.4385411221085925 0.4361438430471853 0
817 0.03373612061120812 0.01583649358043249 0
818 0.4157636774937968 0.4577883948681223 0
819 0.3966000865457391 0.4423930864773192 0
820 0.7048108905590297 0.4787307038315149 0
821 0.4541268006406529 0.471664944878348 0
822 0.7214798307672777 0.2115874250446448 0
823 0.3637595103621012 0.3403375033508008 0
824 0.5185136098702143 0.00995494554495846 0
825 0.5265871785725449 0.4322138662150241 0
826 0.4493965302345149 0.01166135430742604 0
827 0.3195994235096218 0.2876862173802643 0
828 0.7218011281429466 0.2699511331394149 0
829 0.5774124305551066 0.009932774942334188 0
830 0.3924659665620644 0.009810437228816582 0
831 0.2827576577566615 0.2438323954025446 0
832 0.7208788882369284 0.1542897600643758 0
833 0.5839689011687996 0.4341765761157225 0
834 0.4011455628452718 0.3839004031152622 0
835 0.3348835566037248 0.009935686712801595 0
836 0.2459064777273513 0.199936979346205 0
837 0.7214314612461238 0.3255541496778901 0
838 0.6217072148695315 0.009935844289705731 0
839 0.2893029673964694 0.01033608550536197 0
840 0.7222518947676524 0.1065327171105574 0
841 0.2164784429141288 0.164766673794054 0
842 0.4813823225232688 0.4299727347123755 0
843 0.6279816379920702 0.4384113500523417 0
844 0.2431006981005364 0.009935844289705731 0
845 0.1869842092264392 0.1296939846059825 0
846 0.7209402463148059 0.3716616319363868 0
847 0.4359203084992684 0.4186913318082318 0
848 0.66790112647914 0.00945245073140788 0
849 0.2089970006402027 0.009190875739872539 0
850 0.485313188402205 0.008624168453444325 0
851 0.3416762999463746 0.3139924937853295 0
852 0.7208025668138921 0.0742857142857144 0
853 0.1648906346960194 0.103390368322631 0
854 0.661497415379157 0.4390893503971935 0
855 0.1752382624379889 0.01005119182480613 0
856 0.720139942245994 0.4045932555568334 0
857 0.1428098322952461 0.07704579976267745 0
858 0.7194953010004721 0.03938621817497023 0
859 0.1398443753453561 0.009935844289705731 0
860 0.6931137280290897 0.439262073084315 0
861 0.3858616204829051 0.3666338719621195 0
862 0.7213286466133405 0.3028746240450839 0
863 0.7195090102539782 0.3486822878754769 0
864 0.7215980358919917 0.2454499865610792 0
865 0.6905468471726951 0.009832935922596597 0
866 0.6446252554982878 0.009893690946793043 0
867 0.5992103675524136 0.0108906056717693 0
868 0.5523430928056303 0.009366979863108638 0
869 0.2660463351780887 0.009443057642786634 0
870 0.3578299456062926 0.009935844289705731 0
871 0.311937763230222 0.009935524775286031 0
872 0.4149294103559128 0.009447386579678307 0
873 0.3048266675677223 0.270115736852614 0
874 0.2680349577150004 0.2262633007964352 0
875 0.2017494906594105 0.1472133920293451 0
876 0.231207395168847 0.1823199555587628 0
877 0.7206411964872015 0.1900764185790578 0
878 0.1281047293858198 0.05944698320580133 0
879 0.7213877754229104 0.1317882513962896 0
880 0.5043154240769713 0.4311255736364619 0
881 0.5491067438142244 0.4333940666197599 0
882 0.6054056569184234 0.4363445676315996 0
883 0.4158279006566862 0.4009750207299969 0
884 0.1139276808406399 0.04168534119121947 0
885 0.4622826335198171 0.4287076669716521 0
886 0.1168643600756516 0.009915846700188358 0
887 0.7130441475830311 0.009675206229135758 0
888 0.7134782642305083 0.4216007056861805 0
889 0.09864682487638277 0.02434041967638301 0
890 0.09398564824555689 0.00958201244059409 0
891 0.3932209952845459 0.3754042807298817 0
892 0.3975464004173372 0.3645786782331313 0
893 0.3898510736966264 0.3558672079156249 0
894 0.4012853913318957 0.3538643459070109 0
895 0.3937522286800379 0.3451194279229928 0
896 0.4050203689906386 0.3431381467388511 0
897 0.3976217150612902 0.3343745931499982 0
898 0.4089016939989518 0.332391222593343 0
899 0.4015495441157692 0.3236234537392101 0
900 0.412800178604161 0.3216147291509042 0
901 0.4054622600928362 0.3128680047461844 0
902 0.4168287690884577 0.3109177705857256 0
903 0.4094098614254734 0.3021232761598789 0
904 0.4207893412001024 0.3002000152511468 0
905 0.4133358289393595 0.2913743301945642 0
906 0.4246978014006864 0.2894051712910408 0
907 0.4172517349996446 0.2806218615271953 0
908 0.4287298584774092 0.2786733252447731 0
909 0.4211457055045508 0.269849429263088 0
910 0.4325732200965392 0.2679052709101937 0
911 0.4250670248179312 0.2590932125604271 0
912 0.4363681023325509 0.2571176825392855 0
913 0.4438845806452272 0.2658825811275716 0
914 0.4476515092711657 0.25513235201136 0
915 0.4549889643591911 0.2638918246228319 0
916 0.4588854841845652 0.2531537217078837 0
917 0.4662366059745579 0.2619181025868499 0
918 0.4701525935213869 0.2511698242013513 0
919 0.4774928309691395 0.2599388401883968 0
920 0.4814116692089006 0.24919618428101 0
921 0.4289926866863575 0.2483368050656309 0
922 0.4887562841496226 0.2579609432413188 0
923 0.4926711461555789 0.2472174029787766 0
924 0.485326800571895 0.2384542251469153 0
925 0.4965881837530299 0.2364743557901225 0
926 0.5000137379432644 0.2559806276778231 0
927 0.4892448195685974 0.2277105152245685 0
928 0.5005078613821041 0.2257304899918753 0
929 0.4931602860825609 0.2169645389093155 0
930 0.5044264370208089 0.2149849492804757 0
931 0.4970776916714559 0.2062178710517735 0
932 0.5083440060921174 0.2042380193236741 0
933 0.5156925050407357 0.2130054126362309 0
934 0.5196104781073743 0.2022586327921657 0
935 0.5269574159040886 0.2110257158307765 0
936 0.5308764755023025 0.2002795139632614 0
937 0.5382230381768184 0.2090462877085534 0
938 0.5421422045680784 0.1983005585212393 0
939 0.5009955816837695 0.1954702499810813 0
940 0.5494887128134247 0.2070669760105916 0
941 0.5534078675502534 0.1963214654780861 0
942 0.5460612607326758 0.1875547444794398 0
943 0.5573273728867013 0.1855755163265145 0
944 0.5499799855928 0.1768077191266425 0
945 0.5612478728710527 0.1748281869321702 0
946 0.4961022729559125 0.2667212599650194 0
947 0.5073547255142907 0.2647412494814877 0
948 0.5607217431328601 0.2051309545062917 0
949 0.5034430868293592 0.2754739764081111 0
950 0.5146892153918263 0.2734954489634692 0
951 0.5538991679541512 0.1660593655965273 0
952 0.5651685332475624 0.1640795834591826 0
953 0.5107794561290712 0.2842223266789323 0
954 0.5220207547070186 0.2822458977553667 0
955 0.5578188300490166 0.1553096771369448 0
956 0.5690888373301357 0.1533299240251259 0
957 0.576438119806254 0.1621001991960019 0
958 0.5803587541903392 0.1513510599945284 0
959 0.5181118076797073 0.2929668766801281 0
960 0.5293476970633877 0.2909920355128136 0
961 0.5877079492363358 0.1601211642222639 0
962 0.5916281943522045 0.1493725105773084 0
963 0.5617390504167044 0.1445583790797179 0
964 0.4897272309678155 0.1974504393179949 0
965 0.4936462617411012 0.1867002003528513 0
966 0.4823744021220662 0.1886810670873343 0
967 0.4862947905847559 0.1779275219066052 0
968 0.4750205228064994 0.1799093824356636 0
969 0.4789417916434415 0.1691539197472157 0
970 0.4676658064014384 0.1711360694123452 0
971 0.4715873747594324 0.160379010401368 0
972 0.4603099509126731 0.1623612765745674 0
973 0.4642320306098057 0.1516028692893072 0
974 0.4529534302204954 0.1535855590406974 0
975 0.4568759670867184 0.1428258221212279 0
976 0.4455958069802554 0.1448083774339864 0
977 0.5254413555670313 0.3017067601516316 0
978 0.5366711244219514 0.2997331644570854 0
979 0.4203340984191593 0.3302859530008142 0
980 0.4176957908379245 0.2503316085740965 0
981 0.5989761953920034 0.1581423395086918 0
982 0.6028976463226867 0.147393874309117 0
983 0.4495188260519775 0.1340475729406649 0
984 0.4382377795774957 0.1360314418652692 0
985 0.4608000460013865 0.1320646938262749 0
986 0.4343147361402282 0.1467920556131257 0
987 0.4269560142040419 0.138014726014298 0
988 0.4230327021711935 0.148776353938569 0
989 0.4156736926185315 0.139999093760149 0
990 0.4117499656370953 0.1507613353932865 0
991 0.4043905137298013 0.141982991473633 0
992 0.4004665357161141 0.1527457371902042 0
993 0.3931064621536823 0.1439645476144509 0
994 0.3891826007085158 0.1547289335254239 0
995 0.3818221086594321 0.1459484859099086 0
996 0.3778982712432746 0.1567130161863569 0
997 0.370537512705722 0.1479324754665298 0
998 0.3744618827811174 0.1371673888199886 0
999 0.3631762556473544 0.1391516638572635 0
1000 0.5327761115040403 0.3104353717018257 0
1001 0.5439940490725321 0.3084676493083796 0
1002 0.4195924238229384 0.1292400416363254 0
1003 0.366613808069694 0.1586972883373554 0
1004 0.547899222949796 0.2977608407410183 0
1005 0.5552195023459823 0.3064979992140487 0
1006 0.5591270406266333 0.2957904868248175 0
1007 0.566449365309569 0.3045290997274913 0
1008 0.5703576520967782 0.2938197551004911 0
1009 0.5776803169864655 0.3025592214118437 0
1010 0.581589493783943 0.291846735114805 0
1011 0.5889105486165888 0.300589867420113 0
1012 0.5928196343931673 0.2898751602927203 0
1013 0.5850046721888466 0.3112986280965756 0
1014 0.5962298276231919 0.3093310110387704 0
1015 0.3671011032428851 0.1283855595747538 0
1016 0.3558143900351888 0.1303701588135642 0
1017 0.5923266125134006 0.3200350214951058 0
1018 0.6035479090852323 0.3180666746829581 0
1019 0.5215697117901298 0.312406698404079 0
1020 0.5401388100566866 0.3191882016527072 0
1021 0.5955490682313578 0.1386243372867397 0
1022 0.6068194370002449 0.136645092486525 0
1023 0.5994698654317444 0.1278744355089984 0
1024 0.6107409057389094 0.125895224181423 0
1025 0.6102446894406356 0.1561635270793031 0
1026 0.4534420872693898 0.1232855376427665 0
1027 0.4647252590626431 0.1213025790436455 0
1028 0.3597392447205185 0.119603248419193 0
1029 0.3484523021612119 0.1215881498098175 0
1030 0.3445275773069342 0.1323550864736599 0
1031 0.3371652221432595 0.1235730089016862 0
1032 0.5996454431031012 0.32877059459143 0
1033 0.6108658395552395 0.3268041346095775 0
1034 0.6147706913946156 0.3160988651315983 0
1035 0.3332405883012213 0.1343401496848168 0
1036 0.3258778453778387 0.1255579089712268 0
1037 0.6033908465377864 0.1171233008538107 0
1038 0.6146628426779303 0.1151445052531511 0
1039 0.3298033369706023 0.1147904075847063 0
1040 0.3185152081364495 0.1167751807882387 0
1041 0.457365906343537 0.1125223700435116 0
1042 0.4686504535589709 0.1105391935344766 0
1043 0.6220797504556368 0.324832182883307 0
1044 0.6259884722248491 0.3141280620042747 0
1045 0.6181812806024992 0.3355374930191761 0
1046 0.6220118556135933 0.1239165626863904 0
1047 0.6259343337653512 0.1131664787310931 0
1048 0.3145905104899609 0.1275430769078483 0
1049 0.3072270076309123 0.1187606782812793 0
1050 0.3111520191371698 0.1079920706142563 0
1051 0.2998632818126019 0.1099777621821634 0
1052 0.3739743656375903 0.1674775989334869 0
1053 0.3626901218000509 0.1694618781403732 0
1054 0.6073124960382902 0.1063708371311506 0
1055 0.6063247800473781 0.1669102349999069 0
1056 0.6175903495246862 0.1649317918991428 0
1057 0.6136713537834031 0.1756763370046011 0
1058 0.6249347677210886 0.1736984767431979 0
1059 0.6210170883455455 0.1844406577762734 0
1060 0.6294579251735685 0.333494374711595 0
1061 0.6255033083521686 0.3442517138225394 0
1062 0.4059360678378649 0.2826353215196386 0
1063 0.4612901112719963 0.1017578669703915 0
1064 0.4725752725073737 0.09977457581085136 0
1065 0.3700503940512785 0.1782421117232591 0
1066 0.3587665185547477 0.1802262092128662 0
1067 0.6322781594146788 0.1824633345265378 0
1068 0.628361283805839 0.1932034748487996 0
1069 0.303788443057945 0.09920845415025276 0
1070 0.2924997514126982 0.1011941068213782 0
1071 0.6332825199514749 0.1219379591107267 0
1072 0.6372048236642199 0.1111889599749801 0
1073 0.4996501212990905 0.2862984155281192 0
1074 0.366122126548004 0.1890045640158613 0
1075 0.5960382667672951 0.1083503274795981 0
1076 0.4828646926074137 0.1583973810393802 0
1077 0.4799354581241494 0.1085562683709859 0
1078 0.4838605881192513 0.09779191804134618 0
1079 0.4216314087151187 0.2395622591284382 0
1080 0.2885749911131752 0.1119634299709883 0
1081 0.2812108365544035 0.1031799383085386 0
1082 0.3548422872258252 0.1909899682902093 0
1083 0.3621975562124866 0.1997680299032907 0
1084 0.5999608283938855 0.0975949186457109 0
1085 0.5886827281035656 0.09957565163449278 0
1086 0.636783234607354 0.3422120036715792 0
1087 0.6327841913910902 0.3529787552969181 0
1088 0.6215178037473951 0.3549480834046204 0
1089 0.6396211259412807 0.1912261684696313 0
1090 0.6357036136539919 0.201964954644505 0
1091 0.643538752222533 0.1804865391767249 0
1092 0.2851355475201638 0.09241049185128203 0
1093 0.2738464181121981 0.09439678927765677 0
1094 0.4652151033261043 0.09099188866726293 0
1095 0.4539283024809754 0.09297588173956367 0
1096 0.5854951417983286 0.2811317563656232 0
1097 0.5967321773791359 0.279156749249048 0
1098 0.4912180688937089 0.106572762233932 0
1099 0.4951451741379125 0.09580907592845056 0
1100 0.3509186624564032 0.2017535974673189 0
1101 0.3435586986508114 0.1929756553835991 0
1102 0.3582782834781757 0.2105329805209571 0
1103 0.419108880131095 0.1595416661382782 0
1104 0.5926070880854034 0.08881764284098842 0
1105 0.5813266937947429 0.09079870659690736 0
1106 0.6038841746618639 0.08683976357912193 0
1107 0.2699219101342777 0.1051661444112456 0
1108 0.2625572453363709 0.09638268885688128 0
1109 0.6440070693283337 0.3510246831165733 0
1110 0.6481701158692533 0.3402387438172535 0
1111 0.640035262281069 0.3617098155333253 0
1112 0.6445528135742544 0.1199597084633482 0
1113 0.6484743489585589 0.1092115769238751 0
1114 0.4324262049295021 0.2982736935414653 0
1115 0.5455621748718982 0.2178095578225147 0
1116 0.6244459854968362 0.2039423352629641 0
1117 0.6317868391625405 0.212702208924916 0
1118 0.6430427946552553 0.2107250311050986 0
1119 0.6391267140631631 0.221459807662443 0
1120 0.6204643047179919 0.2146918635003409 0
1121 0.2664808263474255 0.08561380256293938 0
1122 0.25519166492405 0.08759980979804421 0
1123 0.6503799592579746 0.2194834063803813 0
1124 0.6464653632082918 0.230216067602882 0
1125 0.5504670426350267 0.1465392299811908 0
1126 0.5894069213025116 0.2704110678447053 0
1127 0.4637453396975707 0.1818931634442985 0
1128 0.3469959731122864 0.212517247952324 0
1129 0.3543556750086754 0.2212965929574565 0
1130 0.4578537866076576 0.08220829052720113 0
1131 0.4465652756794624 0.08419286010880556 0
1132 0.6513960254277595 0.3597593328678357 0
1133 0.6473758189151175 0.3704248563942532 0
1134 0.5852520528999822 0.08003841027005881 0
1135 0.5739706016562386 0.08201955548418599 0
1136 0.588428236091682 0.3307358472806736 0
1137 0.3774202269710504 0.1870125830096653 0
1138 0.3710266257303425 0.1176188419232063 0
1139 0.3636641744376488 0.1088356625127268 0
1140 0.3749524351897215 0.1068512307111423 0
1141 0.3675893983198355 0.09806719382354512 0
1142 0.3788786169429612 0.09608249828591697 0
1143 0.3715149524386449 0.08729774781290217 0
1144 0.382805185906015 0.08531287916320818 0
1145 0.2586332902366915 0.1071522929082844 0
1146 0.3754408573144915 0.07652733607214529 0
1147 0.3867321540672278 0.07454226552963672 0
1148 0.3641508537060014 0.07851302246544867 0
1149 0.2591155965624941 0.0768294204688853 0
1150 0.2478257017252368 0.0788157251149546 0
1151 0.5025023628204597 0.1045897025640326 0
1152 0.5064302769414816 0.09382668146014 0
1153 0.4990706354337707 0.08504419350619635 0
1154 0.5103566434417383 0.08306138939997987 0
1155 0.5029963178537072 0.0742780818119656 0
1156 0.5142840745423173 0.07229495094811239 0
1157 0.6558217461786914 0.1179807651461485 0
1158 0.6597424285862941 0.1072342771295894 0
1159 0.6523956510268989 0.09846370327737591 0
1160 0.6577238826549325 0.2282382101751456 0
1161 0.6538041178328117 0.23897081227988 0
1162 0.6616603496909296 0.2174988237645456 0
1163 0.6586183904183323 0.3684863246882755 0
1164 0.4504906829971296 0.07342405662382495 0
1165 0.6636646749161785 0.09648643723858502 0
1166 0.6563174458865304 0.0877147399987328 0
1167 0.5259340577171151 0.2715226333022229 0
1168 0.5137884787627203 0.1026077916307443 0
1169 0.5543879128925164 0.135785883503027 0
1170 0.5098644045414429 0.1133711122068582 0
1171 0.5778956396561833 0.07125729266322228 0
1172 0.6547033623172747 0.3791493056397112 0
1173 0.6434193872734 0.3810904441657006 0
1174 0.3430728105855246 0.2232806329157397 0
1175 0.3504325863834881 0.2320599142978236 0
1176 0.3793671182184261 0.06575587194514665 0
1177 0.3906595632991994 0.06377061718985078 0
1178 0.6006822419372981 0.2684244291579894 0
1179 0.5933228983681987 0.2596861859749923 0
1180 0.582072668300616 0.2616638198148061 0
1181 0.6659053089805596 0.3771861986999613 0
1182 0.4103549957168042 0.2415425025320443 0
1183 0.4142769294123013 0.2307838469552029 0
1184 0.4255556151354029 0.2288015094897055 0
1185 0.4181996718391777 0.2200244469916596 0
1186 0.6675892466037466 0.08573616258951477 0
1187 0.6602396847274351 0.0769636881985396 0
1188 0.4624320498111605 0.2726826416719711 0
1189 0.2517497319252503 0.06804479530507024 0
1190 0.2404598878800343 0.07003068165504228 0
1191 0.2365350953026471 0.08080239632368669 0
1192 0.2291692760743771 0.07201755611265381 0
1193 0.2630355591300496 0.06605896381247411 0
1194 0.2252448048949368 0.08278894300903372 0
1195 0.2178785980302104 0.07400443963598025 0
1196 0.6715134079251249 0.07498466781122315 0
1197 0.5069224613400575 0.06351050532393587 0
1198 0.5182118307363157 0.06152711541308176 0
1199 0.6641625826010907 0.06621064279515509 0
1200 0.6528864573985114 0.06818985717430448 0
1201 0.6650619021899719 0.2369982765671165 0
1202 0.6611396359771152 0.2477257992423539 0
1203 0.6699599720956588 0.3665117120313154 0
1204 0.6670888647096668 0.1160035665880699 0
1205 0.6631679756835145 0.1267497574724403 0
1206 0.6498937853981153 0.2497028032126714 0
1207 0.6572281127750939 0.2584534253711206 0
1208 0.221803191878317 0.06323295588308914 0
1209 0.210512124494366 0.06521990989186222 0
1210 0.3941690640350319 0.3149059233344998 0
1211 0.3940887561838157 0.08333868019492185 0
1212 0.5859863831288883 0.2509371144315526 0
1213 0.213954682850793 0.08477572531980226 0
1214 0.2213201335848461 0.09355910311274229 0
1215 0.6684701044953378 0.256479705752253 0
1216 0.6645584031759533 0.267204031171765 0
1217 0.6533172734101796 0.269178466093151 0
1218 0.6606476916983638 0.2779267125411294 0
1219 0.6718880048201881 0.2759528284686241 0
1220 0.6679766837719047 0.2866728422067197 0
1221 0.6620079461947647 0.3878579729835565 0
1222 0.6754371108825769 0.06423309085083151 0
1223 0.6731988338061392 0.3858950082150041 0
1224 0.604559313974572 0.2577147520682315 0
1225 0.3617148999666986 0.2300763744417184 0
1226 0.3577918321136019 0.2408390703580132 0
1227 0.4123239207257069 0.3519165116646757 0
1228 0.5230399317423415 0.2217710152704513 0
1229 0.6023250491686967 0.1776964074175679 0
1230 0.6406311961456682 0.1307079986629452 0
1231 0.574738629301544 0.2529131718998697 0
1232 0.2659975121738612 0.1159350941483196 0
1233 0.2547070998497386 0.1179202824196524 0
1234 0.2620727301018853 0.1267034641848944 0
1235 0.3514059608878673 0.1714461441180941 0
1236 0.3033028284818444 0.1295288538244205 0
1237 0.3106659995726928 0.138310737173431 0
1238 0.2993793013169459 0.1402961683856679 0
1239 0.3067419620131314 0.1490778537634565 0
1240 0.295455545480644 0.1510630502580118 0
1241 0.3028178596821774 0.1598445246910012 0
1242 0.2915318644831081 0.1618296819998381 0
1243 0.2988938662167426 0.1706109532344088 0
1244 0.5216295985899035 0.08109087521099356 0
1245 0.3695698365047663 0.2085256457906857 0
1246 0.6080444248329369 0.2771525312180841 0
1247 0.4975681126708358 0.1759474764724108 0
1248 0.3150775764507946 0.09722299652947997 0
1249 0.3077134238527002 0.08843854255623296 0
1250 0.3357129741134641 0.214501171623632 0
1251 0.3317895722233433 0.2252648565361137 0
1252 0.3244294128842762 0.2164850381291026 0
1253 0.5891792422745232 0.06927646804508741 0
1254 0.5818218179834417 0.06049367385359805 0
1255 0.5931076390855591 0.05851297706379827 0
1256 0.5705362336775729 0.06247523425369955 0
1257 0.4819026054153715 0.2189374126403218 0
1258 0.461780570605238 0.07143960679081551 0
1259 0.4544168265100854 0.06265414231666411 0
1260 0.4431260189908039 0.06463910195526823 0
1261 0.3190036825759075 0.08645306551194715 0
1262 0.311638734446099 0.07766774580418651 0
1263 0.4657066102375371 0.06067075415706225 0
1264 0.3229298690134852 0.075681947838518 0
1265 0.3155643147969539 0.0668958549975382 0
1266 0.3268565300435726 0.06490985191768922 0
1267 0.5426301206800621 0.1680394409372191 0
1268 0.570045422225061 0.09278081257136644 0
1269 0.4294787336957506 0.2180420878135211 0
1270 0.4221223149482011 0.2092650804867563 0
1271 0.2876082890721457 0.1725959753666597 0
1272 0.2949700512271444 0.1813768470129923 0
1273 0.2802447998314092 0.1638142475178708 0
1274 0.3465095167017693 0.2428228376491364 0
1275 0.3538690264787933 0.251601568252567 0
1276 0.3651509705941517 0.2496178155410557 0
1277 0.3612282931834542 0.2603800354409087 0
1278 0.2507829677655427 0.128688514263821 0
1279 0.2443836311946589 0.05925977964661 0
1280 0.6568107577443286 0.05743270188215766 0
1281 0.64553020077264 0.05941288750273788 0
1282 0.674935962103453 0.09450821559978695 0
1283 0.3832937795701445 0.05498333413070333 0
1284 0.394587084087293 0.05299808970482994 0
1285 0.3720007316971408 0.0569689033950741 0
1286 0.6744334627971504 0.1247723422560256 0
1287 0.6705140336591234 0.1355161272693633 0
1288 0.3194902761409533 0.05612302111365242 0
1289 0.3081973540038563 0.0581093023853374 0
1290 0.3307835080122008 0.05413693459420776 0
1291 0.6792162441048971 0.2847002039670008 0
1292 0.6753050615470759 0.2954194215189786 0
1293 0.6692954269447033 0.3965736043688957 0
1294 0.6580613455954538 0.398516937065216 0
1295 0.510849098250495 0.05274138459448086 0
1296 0.5221396643364186 0.05075808193908549 0
1297 0.2144368314375079 0.05444758734786825 0
1298 0.2031453434561448 0.05643503915827053 0
1299 0.1992202817627404 0.06720705421678336 0
1300 0.1918533233240648 0.05842252770252176 0
1301 0.4470525610602544 0.05386758112142892 0
1302 0.1957783120910094 0.04764990019472937 0
1303 0.1844867000652851 0.04963803105062198 0
1304 0.6640677182987522 0.2973915041632035 0
1305 0.6713946982126716 0.3061358564110508 0
1306 0.6494072785289011 0.2798999148263479 0
1307 0.5744627649318335 0.0517091231766556 0
1308 0.4872853322854088 0.1173467714554539 0
1309 0.3101809958869253 0.1686252640509617 0
1310 0.3862353491131093 0.1048744832808354 0
1311 0.4426405571609219 0.09496073005632411 0
1312 0.6450445893801862 0.08969679403570002 0
1313 0.5431132551851683 0.1377670899465454 0
1314 0.547035432098496 0.1270114702308247 0
1315 0.4108428349697459 0.2112473890237557 0
1316 0.4029804876842141 0.2327934734535645 0
1317 0.5786523666564447 0.2421842457577162 0
1318 0.3725098784330149 0.2583961531253209 0
1319 0.3685869106481076 0.2691582012611269 0
1320 0.4352769561653383 0.0861776387656219 0
1321 0.4019504493325619 0.06178501398835767 0
1322 0.4058806882136133 0.05101318092128837 0
1323 0.320505816458095 0.2272490439158465 0
1324 0.3131458719994066 0.2184708499118964 0
1325 0.2836848311100695 0.1833618814697931 0
1326 0.1805622075905559 0.0604100526783159 0
1327 0.1731956914089036 0.05162616757512095 0
1328 0.3573057114300389 0.2711419760379036 0
1329 0.3646644884545605 0.2799201154943516 0
1330 0.4147680621695453 0.200499929110847 0
1331 0.4260471821142432 0.1985124175866328 0
1332 0.5626886167091004 0.08400151333226674 0
1333 0.210031176157042 0.09554593447918741 0
1334 0.2173954511303132 0.1043286460989723 0
1335 0.5294976917087436 0.05954278644743033 0
1336 0.5334299861368474 0.04877456676925412 0
1337 0.3425867944972692 0.2535855687661638 0
1338 0.683129001981319 0.2739792484952335 0
1339 0.3759275583550371 0.04619530520004089 0
1340 0.6804979144376453 0.394604907495557 0
1341 0.6817776846918094 0.1335384948996989 0
1342 0.6778581563831406 0.1442813266296793 0
1343 0.6665955110557433 0.1462591633448383 0
1344 0.6739393635830729 0.1550239925391088 0
1345 0.6840029459663424 0.3837802673864533 0
1346 0.6826304616827175 0.3041644767253731 0
1347 0.6787204861880595 0.3148797095879217 0
1348 0.6352141591855103 0.2321932298536384 0
1349 0.5899006906835499 0.2402090283960299 0
1350 0.5847610994238627 0.1103325829088272 0
1351 0.6827863736103189 0.07300644808793627 0
1352 0.68671067183886 0.06225558224279049 0
1353 0.67936245685657 0.05348179111073736 0
1354 0.6494566120518361 0.04865224046093447 0
1355 0.6381738322773517 0.0506323545510079 0
1356 0.6342482046394731 0.06139458534045461 0
1357 0.6856976051126935 0.1227959654885039 0
1358 0.3121701783989494 0.04767159459472359 0
1359 0.3008267012250725 0.04938704018003526 0
1360 0.6420777992710863 0.2711539818057838 0
1361 0.6380975612920674 0.2819113416199627 0
1362 0.6601436707171887 0.3080791695976292 0
1363 0.5957399543598733 0.3394655758535571 0
1364 0.5845229225313259 0.3414283696385401 0
1365 0.5918325612566342 0.3501465349757932 0
1366 0.580629030825949 0.3521125931446337 0
1367 0.5879374672265736 0.3608220963700436 0
1368 0.5767512745341826 0.3627868207398146 0
1369 0.584042690962657 0.3714851191493276 0
1370 0.5728662775318438 0.3734470071346886 0
1371 0.5655751534438298 0.3647539057535723 0
1372 0.5616929769542237 0.3754104718097686 0
1373 0.5544043054000225 0.3667198090253279 0
1374 0.5505243696976279 0.377372937884456 0
1375 0.5432353571482873 0.3686849356488165 0
1376 0.5393558992510299 0.3793368130497322 0
1377 0.5320667391277651 0.3706513495755152 0
1378 0.5279209806437893 0.3813759725182122 0
1379 0.5208538359100083 0.3726262106035739 0
1380 0.516303619974236 0.3833899590923119 0
1381 0.5094126319766521 0.3746532383800911 0
1382 0.5135562919922694 0.363929195361351 0
1383 0.5023693319160323 0.3658965204950688 0
1384 0.4980328029375858 0.376558365645916 0
1385 0.4910720157083528 0.3678302372018171 0
1386 0.49509291755812 0.3571763655927463 0
1387 0.4839177240904101 0.3591517786687222 0
1388 0.479956485676171 0.3697762545915683 0
1389 0.4878281984876787 0.348470338635546 0
1390 0.4727741700718826 0.361125960446826 0
1391 0.4687777446544814 0.3717861716451271 0
1392 0.5801510528535795 0.3821432790715106 0
1393 0.5913220273434417 0.3801826563913855 0
1394 0.4616116827812584 0.3631298091874605 0
1395 0.4578144878959069 0.373701172487272 0
1396 0.4756423950323703 0.3804599966466687 0
1397 0.5578171414240584 0.3860649088301815 0
1398 0.4655029709644438 0.3524684613557482 0
1399 0.5874362297912833 0.3908317035307318 0
1400 0.5985943022314939 0.3888751796919369 0
1401 0.5349588084663615 0.389985587328437 0
1402 0.4543369704851523 0.3544856494011454 0
1403 0.4582118133744139 0.3438063276343519 0
1404 0.5582769857049372 0.3560561462816352 0
1405 0.5359527804405263 0.3599991686854921 0
1406 0.4990179888830178 0.3464953311377236 0
1407 0.4917174442427507 0.337794670110461 0
1408 0.5947103063380667 0.3995158388531024 0
1409 0.6058677313604178 0.3975623535541477 0
1410 0.5835582426534641 0.4014719671055415 0
1411 0.6765866448804252 0.4052935989614584 0
1412 0.5625417794519438 0.3152352290137744 0
1413 0.6904582168959623 0.2827285784745188 0
1414 0.5112776819456766 0.2539984840070759 0
1415 0.4515384280487239 0.2443842265329996 0
1416 0.568561681937263 0.1836435628195719 0
1417 0.6097521496554719 0.3869215681364352 0
1418 0.6170224074309149 0.3956093639782615 0
1419 0.6288593181924853 0.1629575493032346 0
1420 0.3170670077655129 0.2077103575471179 0
1421 0.2581485077386348 0.1374713578410787 0
1422 0.2468617573774541 0.1394572993861581 0
1423 0.2542244823873026 0.1482386957014733 0
1424 0.239491282687025 0.1306744005482433 0
1425 0.6131903828451425 0.2059214456542849 0
1426 0.2910463686998666 0.1921425464395867 0
1427 0.3965430186584442 0.1635088282302328 0
1428 0.4490303070810482 0.1643472760422517 0
1429 0.6508808539849791 0.1892492296243058 0
1430 0.3563015961459726 0.1000525393092607 0
1431 0.5674035392004984 0.2441600652484515 0
1432 0.5634904403404675 0.2548901179886897 0
1433 0.5561665677229641 0.2461411768372844 0
1434 0.4063914080989003 0.2523663391432387 0
1435 0.5235296841203791 0.1915132632774689 0
1436 0.4313519675071421 0.09694589891391631 0
1437 0.2969032637022768 0.06010684925036536 0
1438 0.2895348777338863 0.05132158623724942 0
1439 0.5518005697084027 0.2870536390116686 0
1440 0.4995587806808007 0.0547252257289837 0
1441 0.5034856765245678 0.04395446837524181 0
1442 0.4921935494966042 0.04593877444749661 0
1443 0.3646362377291876 0.04818215784162372 0
1444 0.5587671953054645 0.09476042087143172 0
1445 0.6268968738152111 0.05261575209362279 0
1446 0.5825657945350928 0.2314530895514591 0
1447 0.2797613881253791 0.1941274896877981 0
1448 0.2871227006588591 0.2029078944475855 0
1449 0.353400127209432 0.2818899665523008 0
1450 0.360770207632238 0.2906679879147163 0
1451 0.3720275827748903 0.2886955541397511 0
1452 0.3681147519763697 0.2994588063528908 0
1453 0.2723997991841066 0.1853469903640464 0
1454 0.6852011848951406 0.1530462296664301 0
1455 0.6812830000643879 0.1637876029527483 0
1456 0.690252646232047 0.3130178965283908 0
1457 0.6860937192882771 0.3236407107214789 0
1458 0.6906364099058956 0.05150408165770931 0
1459 0.683287725671477 0.04272936549478795 0
1460 0.6308174104815665 0.04184949224836976 0
1461 0.6195452628749137 0.04383090347713225 0
1462 0.6131379289352044 0.4062466429254913 0
1463 0.624289439707476 0.4042959745292217 0
1464 0.3985150344603289 0.04222451648997283 0
1465 0.4098181603771978 0.04033057906620258 0
1466 0.1884107522373795 0.0388645575338763 0
1467 0.687806964239572 0.4033216766510489 0
1468 0.6925443002963911 0.1618099342540724 0
1469 0.6886252098250627 0.1725504225375228 0
1470 0.447060906077381 0.3458074677689071 0
1471 0.4509104550400198 0.3351257456867962 0
1472 0.4431869720928203 0.3564883370972739 0
1473 0.4620942828301535 0.3331351619612535 0
1474 0.4547741993034679 0.3244341360082093 0
1475 0.4659672713716329 0.3224311093651795 0
1476 0.4586439677478698 0.313720621721913 0
1477 0.4698649808001599 0.3117244663233684 0
1478 0.6748212636014674 0.3255962713576072 0
1479 0.6821453315096218 0.3343395030476175 0
1480 0.5260677061590162 0.03998767348188031 0
1481 0.5373434552119796 0.03801770161103124 0
1482 0.293450578787937 0.04055613232707556 0
1483 0.2821649881147248 0.04252718590485349 0
1484 0.5938172139574482 0.2294778103706445 0
1485 0.5864805670888253 0.22071917317135 0
1486 0.6933755893203393 0.3323677390507263 0
1487 0.6894598228987951 0.3430782784113339 0
1488 0.3764322536891319 0.2476343728127438 0
1489 0.4625231249527397 0.303006020016413 0
1490 0.6773657244309761 0.1745279067870082 0
1491 0.6847073651456801 0.1832900175199875 0
1492 0.6626720816994526 0.1570062008409336 0
1493 0.2286834530797414 0.1023425415261966 0
1494 0.2880928115101847 0.1422813619299886 0
1495 0.3970294997993286 0.1332040762326112 0
1496 0.618676354769232 0.305392084587373 0
1497 0.3406029926858851 0.1431220715325635 0
1498 0.4917103717895561 0.07626183941629816 0
1499 0.4034882350596959 0.2024853640808479 0
1500 0.3302945640085864 0.08446785128939716 0
1501 0.3798676751073503 0.2671746706073698 0
1502 0.3381469070641612 0.06292646131628377 0
1503 0.5656599285307941 0.1338097006642072 0
1504 0.5357598779423747 0.1289944328113634 0
1505 0.5318375482190636 0.1397493691826284 0
1506 0.5397040540986289 0.1182351426438396 0
1507 0.4239882312829357 0.08816275791571482 0
1508 0.4200639284351949 0.09893151569940728 0
1509 0.6229684157254248 0.0633778907593166 0
1510 0.4132320826604496 0.05981165633309837 0
1511 0.4073965279130021 0.1917710216477484 0
1512 0.1997033515793649 0.03687630657101493 0
1513 0.552245012067305 0.2568679872144963 0
1514 0.5449554192324477 0.2481126625025837 0
1515 0.2429388348030269 0.1502247180845445 0
1516 0.2503009060942301 0.1590055603983952 0
1517 0.3092219733672701 0.2292336618650271 0
1518 0.3165823290537705 0.2380130909586726 0
1519 0.1692725802145714 0.0623977250715092 0
1520 0.161905973951607 0.05361446699492933 0
1521 0.1766381223419743 0.07118085663233842 0
1522 0.1658289333150014 0.04284281804828405 0
1523 0.1545383951518257 0.04483096189094959 0
1524 0.1584619317719128 0.0340585346594815 0
1525 0.1471702831079269 0.03604689333047573 0
1526 0.5514215983509472 0.08598845833134616 0
1527 0.2061074460169223 0.1063150070362882 0
1528 0.198743167932257 0.09753285083727448 0
1529 0.2134713298062421 0.1150971978068069 0
1530 0.5407575761379483 0.05760379810752048 0
1531 0.5029008574723173 0.3358239762648514 0
1532 0.4955895881794291 0.3271239244339188 0
1533 0.4737525164794931 0.3010097326318898 0
1534 0.3685606789844033 0.0374068006587488 0
1535 0.3566811735891993 0.0392633504348372 0
1536 0.6946087621423394 0.04074306978911518 0
1537 0.6943717622492674 0.2720055916694932 0
1538 0.6964645630959156 0.151067638326732 0
1539 0.6998860743641691 0.1705734100996378 0
1540 0.4961212336348101 0.03516655025191429 0
1541 0.4848295087844786 0.03715171404376649 0
1542 0.5908259060882591 0.4101478164625511 0
1543 0.5797622342862345 0.4125706218605099 0
1544 0.1923680509174343 0.02827588087724242 0
1545 0.6940573532434304 0.07102882953846146 0
1546 0.7017023302529527 0.280756790412316 0
1547 0.6838968882605284 0.4140122986738728 0
1548 0.672633587529696 0.4159678680853647 0
1549 0.4434455230864166 0.3263365909307953 0
1550 0.6709108256069034 0.3363066743099955 0
1551 0.4358990238981068 0.3478121634604009 0
1552 0.4319198365074391 0.3584208485078482 0
1553 0.63082662477845 0.2731360490094902 0
1554 0.6209137837189715 0.3849659939658105 0
1555 0.6299062477949461 0.3034397499544119 0
1556 0.6373757313794057 0.3120522058512653 0
1557 0.4393192293490212 0.3671253599453214 0
1558 0.4280753602448903 0.3690465588918425 0
1559 0.4354393298407156 0.3776965844205603 0
1560 0.4241558427048795 0.3798665271954675 0
1561 0.4313629381077552 0.3884298273781484 0
1562 0.4425997024679827 0.3863107552334694 0
1563 0.6203997455470017 0.4149256703920353 0
1564 0.6315494477019066 0.4129784644894283 0
1565 0.6136444671704196 0.3762725608843641 0
1566 0.5771904445649012 0.3327008050181838 0
1567 0.5724286417222257 0.4035095080236442 0
1568 0.5686383292412179 0.414617390448406 0
1569 0.6734403976939372 0.185271828074578 0
1570 0.6807869675053141 0.1940306136185281 0
1571 0.6920479709792307 0.1920519537277166 0
1572 0.6881286766342664 0.2027908696771785 0
1573 0.6695208034244433 0.1960126127404717 0
1574 0.6548083592570929 0.1785053599744449 0
1575 0.5612951365118507 0.405497862832161 0
1576 0.4368340471476796 0.226820261115826 0
1577 0.4407557391974858 0.2160612037014419 0
1578 0.4481108998221036 0.2248354239823956 0
1579 0.4520315910983381 0.2140797563535485 0
1580 0.6636123704726872 0.3275762306815274 0
1581 0.3863671009836634 0.3363707201676977 0
1582 0.6901346682502248 0.08177722566407403 0
1583 0.6453399565702111 0.2906822277624054 0
1584 0.5078564651523977 0.2344942497923712 0
1585 0.5837470544044751 0.1709035247540217 0
1586 0.5661236497869739 0.1035408806696906 0
1587 0.472082795118931 0.1300829707813647 0
1588 0.2655130788472982 0.1462532059018538 0
1589 0.6930409502878221 0.131561467645775 0
1590 0.6969607852263725 0.1208195179977183 0
1591 0.5102231686174157 0.3445262898945479 0
1592 0.655332083689409 0.1482375977722382 0
1593 0.6513957830780306 0.1589947593122325 0
1594 0.4446776321102919 0.2053045532561577 0
1595 0.3180290851099726 0.1470924279181842 0
1596 0.2733610175345476 0.1247179303130151 0
1597 0.6896176369117266 0.1120535033153877 0
1598 0.4387163986422628 0.105727456171446 0
1599 0.6354411480261548 0.4023471644224848 0
1600 0.6427247681416971 0.411034823343834 0
1601 0.6303220290672796 0.0721562341738658 0
1602 0.5244834008139139 0.130975714673445 0
1603 0.5205609422504516 0.1417315953283953 0
1604 0.513206193997126 0.1329578945194506 0
1605 0.5092838519251929 0.1437137049751581 0
1606 0.5166388427224089 0.1524882328051872 0
1607 0.5019282397190719 0.1349380380330235 0
1608 0.3460266677351534 0.2731237845088047 0
1609 0.3995475669865792 0.2132455949363385 0
1610 0.3003477719458064 0.07965414354904665 0
1611 0.6011514493212843 0.2382346514440215 0
1612 0.3023322856508274 0.19015715056155 0
1613 0.3798552785659904 0.03542086011550227 0
1614 0.2257286856678059 0.05246029364560689 0
1615 0.3018576691360727 0.2204583136708518 0
1616 0.2183620571088533 0.04367415116945628 0
1617 0.2296547104624679 0.04168626873048248 0
1618 0.2224025873114051 0.03355417336618377 0
1619 0.6347447997142996 0.262409128058102 0
1620 0.1810819561313769 0.03030520787298335 0
1621 0.5074138916099754 0.03318252903555141 0
1622 0.6440577583057113 0.1502276929635113 0
1623 0.6977865085892394 0.2914782791330347 0
1624 0.4784616497606765 0.1994293641102594 0
1625 0.4034591567234076 0.03095267768404941 0
1626 0.6298575617254744 0.1024190219857398 0
1627 0.5881987362154715 0.1298548376017066 0
1628 0.6870410581921708 0.2632552326781246 0
1629 0.6982860446788882 0.2612802440052061 0
1630 0.6909542026031653 0.2525319947400678 0
1631 0.6607370485655981 0.04667521594339014 0
1632 0.6533873259101278 0.03791188692252612 0
1633 0.6646686528459895 0.03591082096468645 0
1634 0.2856106568523422 0.06208620634067319 0
1635 0.6226675483110491 0.2946592877270849 0
1636 0.3053039333809067 0.2399998230067073 0
1637 0.4882718343109734 0.05670965468552908 0
1638 0.2684822338224244 0.1961146327228969 0
1639 0.5752391021483959 0.2227008653114 0
1640 0.5991280560618416 0.3588602788654326 0
1641 0.3607131557212729 0.05895741248894065 0
1642 0.5141260410051127 0.333835365013486 0
1643 0.521428074440661 0.3425504690988131 0
1644 0.4279170252548807 0.07739550205014922 0
1645 0.5595820930478024 0.2656164475341383 0
1646 0.5475321336886911 0.09674735884473878 0
1647 0.3421500236365899 0.2838421142318618 0
1648 0.4593809363107185 0.2228551512308771 0
1649 0.5053651385300957 0.1544694748820557 0
1650 0.1653571404824321 0.07317090583336461 0
1651 0.4166412476290801 0.07937899687180605 0
1652 0.3922054743184953 0.204460999897677 0
1653 0.3882370946510335 0.2152751271892278 0
1654 0.4357604246663156 0.05585269378821656 0
1655 0.4396941306383245 0.04508228889490962 0
1656 0.4509819562553025 0.04309536865902369 0
1657 0.4435525620781757 0.03394361440435312 0
1658 0.4548360338503532 0.03189784441024024 0
1659 0.4622574139680161 0.04104446179458654 0
1660 0.4661841694935175 0.03026061587203277 0
1661 0.6004534800079864 0.06730926145730004 0
1662 0.5553468339869971 0.07522727686630493 0
1663 0.432325074009655 0.03623494593301557 0
1664 0.5127206123340921 0.1632427119530673 0
1665 0.4559504964772713 0.203339301620403 0
1666 0.6993874408978253 0.2008130842344223 0
1667 0.6954702572282545 0.2115494551797913 0
1668 0.68420508412259 0.2135333721467158 0
1669 0.6915471910602067 0.22229025907853 0
1670 0.5483541755985065 0.2675959742359787 0
1671 0.5601192307413013 0.2354027542569171 0
1672 0.3793828203454455 0.2974669878715229 0
1673 0.3754611439158827 0.3082264889490839 0
1674 0.3833034500659348 0.286713017559933 0
1675 0.364187065329016 0.310220977704649 0
1676 0.448599919035728 0.1945600523733282 0
1677 0.1506147417962852 0.05557486204177359 0
1678 0.4810780969837065 0.3097236003012676 0
1679 0.1727132248317124 0.08193495254996974 0
1680 0.1840029458906789 0.07996384743579876 0
1681 0.1800794032911309 0.09073287156433646 0
1682 0.19481698344406 0.1082839857868669 0
1683 0.7017155271588915 0.04944643949466687 0
1684 0.544121821002316 0.07719690408793822 0
1685 0.2389971243889749 0.1609486435593181 0
1686 0.2463564517463954 0.1697215502570322 0
1687 0.2576616555572582 0.1677766805526559 0
1688 0.2537220797696166 0.1784981233517454 0
1689 0.3126726579585891 0.2487428154894014 0
1690 0.2336217273475221 0.03114073861034666 0
1691 0.2409500480463521 0.0397392409732652 0
1692 0.5631747610562947 0.05369142047943598 0
1693 0.5671210734963419 0.04292987298187551 0
1694 0.5783953205793643 0.04094222504123635 0
1695 0.3715784043354229 0.3189671108892133 0
1696 0.2316285209529488 0.1521614416251162 0
1697 0.4387548410636778 0.3967099480251779 0
1698 0.4496444247525488 0.3947735499115941 0
1699 0.3347658259919313 0.275093160509417 0
1700 0.5791416046865984 0.2119595504658786 0
1701 0.5903985952256849 0.2099827933218957 0
1702 0.5830586585542678 0.201220849295982 0
1703 0.5943474550789976 0.1992289893002852 0
1704 0.4361317890583122 0.02559809125742607 0
1705 0.3725523319984542 0.02665435598705784 0
1706 0.571034161790836 0.03215434599114908 0
1707 0.582324025041027 0.03017139453855 0
1708 0.5896750466011377 0.03896775453893631 0
1709 0.5597999938402815 0.03414859484573546 0
1710 0.5001456786953395 0.02442792611243166 0
1711 0.6234693911566428 0.03265906722609324 0
1712 0.6348356504349694 0.03062122367943232 0
1713 0.6121342209619451 0.03456751699431099 0
1714 0.5299967305258508 0.02923319126528551 0
1715 0.6873700793993893 0.03116657682186841 0
1716 0.7009356683573562 0.02992325327566403 0
1717 0.7024486259700911 0.2201784217055187 0
1718 0.6988140871371108 0.2310302832890628 0
1719 0.6875916270857743 0.2330380246439181 0
1720 0.2860973113523313 0.03178470772791836 0
1721 0.2750335633578291 0.03382641770811984 0
1722 0.2986231035457348 0.02854542321041154 0
1723 0.2709116766495745 0.04452482006574271 0
1724 0.2635030195137624 0.03572125597697989 0
1725 0.2250671239193639 0.02217606771295072 0
1726 0.2446743124822427 0.02942441116373151 0
1727 0.4252622086315699 0.02769642394944782 0
1728 0.657378974942603 0.02760813803450202 0
1729 0.6092051981879367 0.4166534008424073 0
1730 0.7006894723319601 0.3411072968649663 0
1731 0.6967767137805544 0.351816485099242 0
1732 0.7012214342077356 0.07995195818080886 0
1733 0.6974469254294916 0.09057451473947603 0
1734 0.7085292676149557 0.08875099977772261 0
1735 0.6387453441578591 0.42127788526351 0
1736 0.6499634616589658 0.4197177170776406 0
1737 0.700645867749638 0.1099857459188013 0
1738 0.4169346416992127 0.3710866717842754 0
1739 0.6951279946766228 0.4120511409625752 0
1740 0.6988557416832871 0.401667350584958 0
1741 0.7106623003096667 0.2293859154057042 0
1742 0.5413237436830689 0.02763252015412837 0
1743 0.4512924093589037 0.3050022244744669 0
1744 0.4551276934179561 0.2943138317269445 0
1745 0.6855499631862483 0.3537864160808308 0
1746 0.6928663756698127 0.3625236223998415 0
1747 0.703650562631097 0.3600128892793393 0
1748 0.7002446726628864 0.3719944007030836 0
1749 0.6235070464925525 0.2643846347292136 0
1750 0.6274059855886748 0.2536639898511224 0
1751 0.6050997997989639 0.2274776846440202 0
1752 0.6124647109358473 0.2362562105884716 0
1753 0.5576510416261428 0.4159337417690078 0
1754 0.5501859125119666 0.4073542735462719 0
1755 0.6248129614503767 0.374323885629712 0
1756 0.593615951337547 0.02818951019510751 0
1757 0.5869765645861644 0.1904805074786144 0
1758 0.390670680407738 0.295474791015445 0
1759 0.2473406623940759 0.1091381413120487 0
1760 0.5239924312474549 0.1612618089825015 0
1761 0.3352266684277578 0.244807000266478 0
1762 0.3313268281665803 0.2555584742165333 0
1763 0.4730679043170339 0.069458664491033 0
1764 0.5200856825233608 0.1720107086601627 0
1765 0.2595937732367096 0.04650279239654254 0
1766 0.611414573984598 0.2966151959597296 0
1767 0.7019703212601273 0.2507643069982886 0
1768 0.3420696168933537 0.05215690395027828 0
1769 0.334763112109986 0.04366971149487608 0
1770 0.5509613934052799 0.1162608614855506 0
1771 0.6190462934766048 0.07413687258642188 0
1772 0.6264134047158105 0.082908906772999 0
1773 0.5211381671389068 0.1113933840160973 0
1774 0.5250556845895401 0.1006361939615477 0
1775 0.6043806230051761 0.05655147674659461 0
1776 0.5649024273445582 0.4252219038422564 0
1777 0.4805237284251979 0.3397797474596787 0
1778 0.1614288610686095 0.08389153542694794 0
1779 0.3013599528116109 0.2506924642440801 0
1780 0.360302628412921 0.3209289273298193 0
1781 0.5252123112305522 0.3318633177171083 0
1782 0.5325460493026455 0.340631229166843 0
1783 0.1511565092429339 0.02562671802584815 0
1784 0.1399526686091583 0.0278253060978324 0
1785 0.1359074013949081 0.03810452385675128 0
1786 0.1290471370638436 0.02944583955200109 0
1787 0.4849816379533661 0.2990054032230487 0
1788 0.4774721469396269 0.2902748653177125 0
1789 0.4921670943315484 0.3077844722973406 0
1790 0.4461486471497494 0.4048691301904783 0
1791 0.456763781659859 0.4032157131697504 0
1792 0.4604817099503744 0.3928811958334151 0
1793 0.4676192408470027 0.4014082876493117 0
1794 0.6795649928923784 0.424548845886004 0
1795 0.4523594650809795 0.4149508982652018 0
1796 0.5351646923363279 0.01910814709401765 0
1797 0.7047020703419099 0.06947896768542527 0
1798 0.7028560307099522 0.189911240465574 0
1799 0.7090325089648118 0.2895089521224919 0
1800 0.7049812472825802 0.3001049001535996 0
1801 0.644964970417786 0.4296179640708002 0
1802 0.708223514216811 0.1188434635106946 0
1803 0.5469484720995266 0.4173706132860878 0
1804 0.5390086286013962 0.409307982025825 0
1805 0.2790481646674342 0.02383690572918917 0
1806 0.1620015892235428 0.02281166285155162 0
1807 0.5636673221496373 0.02336413050091457 0
1808 0.2048844684555762 0.02612464960476651 0
1809 0.6159301592544597 0.4260197474949907 0
1810 0.7045970428469036 0.3303938549014744 0
1811 0.3818952906694137 0.02590230485818307 0
1812 0.4308637534586978 0.01802182504041078 0
1813 0.6690378779698374 0.02675127488381041 0
1814 0.1959407839600907 0.01758325000317412 0
1815 0.7107876504161688 0.1984148545130704 0
1816 0.3767794894539479 0.01714086750659033 0
1817 0.61634184162068 0.02333285235628457 0
1818 0.5870051896390516 0.4210343248345985 0
1819 0.5351434783520286 0.4208804779299793 0
1820 0.5275239481775654 0.4112524515812186 0
1821 0.4274572185334508 0.3988889581329346 0
1822 0.4584135257528348 0.0209175691368288 0
1823 0.4701354277059512 0.01956109143905455 0
1824 0.6683443483276429 0.4289791659216687 0
1825 0.6768874042733736 0.4342865228600895 0
1826 0.7085956101468918 0.2592826789928467 0
1827 0.1550182163847149 0.01449819364194466 0
1828 0.5116669403569459 0.02013457187020784 0
1829 0.5855172225510615 0.01952964691619152 0
1830 0.7085883366408378 0.4106577291811172 0
1831 0.5020137872602324 0.01257348206460529 0
1832 0.4126309572378278 0.3819011090616106 0
1833 0.7117236600079729 0.3393091804337186 0
1834 0.7131550042667342 0.2786186751167473 0
1835 0.42417975134879 0.3497683339210738 0
1836 0.4051323621025327 0.3732370115028202 0
1837 0.4281542974142576 0.3390468513268022 0
1838 0.4438526565778796 0.296268543369169 0
1839 0.447659966186943 0.2855091184606915 0
1840 0.4400237482832301 0.3070275162663195 0
1841 0.4283937266963603 0.3089349756539082 0
1842 0.6814590795424714 0.3645051309541167 0
1843 0.6596394373983469 0.3382742997358834 0
1844 0.6669038712718655 0.3470524084960303 0
1845 0.652355562926159 0.3294582794356067 0
1846 0.6410181058684086 0.3311771330271126 0
1847 0.6195413845938303 0.2751088246243208 0
1848 0.6160227735752206 0.2556934693261296 0
1849 0.6564555930107097 0.4290133080599636 0
1850 0.6611230812806381 0.4183441484295294 0
1851 0.6466612879437367 0.4004116411477542 0
1852 0.471520890991599 0.3910259478547538 0
1853 0.4785687527936045 0.3995068960620575 0
1854 0.474694920044953 0.4100162640637749 0
1855 0.4857344581823432 0.4081520934652422 0
1856 0.4896544788685214 0.3976649737277518 0
1857 0.4968268758959051 0.4062856833600021 0
1858 0.5007595359098049 0.3957915665486856 0
1859 0.5079455480500046 0.404412007533181 0
1860 0.4928435976659047 0.4165508386899648 0
1861 0.5119228464473579 0.3940081285516844 0
1862 0.5192451056574157 0.4025456927105851 0
1863 0.515402931667275 0.4127187306883927 0
1864 0.4937652986508289 0.3872051710916954 0
1865 0.6451695648094136 0.3206238698439233 0
1866 0.6016978576367448 0.2079851756089363 0
1867 0.6556917700410515 0.3489953745614544 0
1868 0.436303714528779 0.2874913402121698 0
1869 0.641326213901217 0.3013659807791559 0
1870 0.4465083459677261 0.3757344036475457 0
1871 0.6321068012847164 0.3830197025750766 0
1872 0.6164544206711644 0.2254613074632153 0
1873 0.6238762039630488 0.2342073823878041 0
1874 0.5983432831551453 0.1884635848907739 0
1875 0.434980565606531 0.4082762387305872 0
1876 0.4227246240971593 0.4088780227967809 0
1877 0.4199497654940443 0.3903539386438284 0
1878 0.5308168056845607 0.4005272562789848 0
1879 0.5218320659934994 0.4214650649396688 0
1880 0.538386396358882 0.4329685029249035 0
1881 0.5155361339360449 0.4315374033875279 0
1882 0.3828807041033937 0.3169367547593418 0
1883 0.3945809593372386 0.2847318165262868 0
1884 0.5426066121539828 0.3986534588820698 0
1885 0.4504483250443345 0.3651406269648262 0
1886 0.380899128274122 0.2064788218711356 0
1887 0.5058752021640009 0.1241707535026708 0
1888 0.4164856884829174 0.34109116987426 0
1889 0.4316734645761502 0.3280628957345774 0
1890 0.5651472961363719 0.3947648598541569 0
1891 0.7054830913990074 0.240474318935027 0
1892 0.6660840839527098 0.1765191827960464 0
1893 0.6360517518484893 0.3723745981472192 0
1894 0.617551001579203 0.3656202978204589 0
1895 0.5980561067223741 0.4186079336082156 0
1896 0.5955918670001582 0.4291330387149002 0
1897 0.5761341525542499 0.4246537846164215 0
1898 0.647463847513589 0.169745557129199 0
1899 0.4622400201312941 0.01025797450817389 0
1900 0.4469951656345139 0.02367361519881733 0
1901 0.6539816933308935 0.4092179164552195 0
1902 0.6507251889366755 0.3898035519304007 0
1903 0.7044930593486394 0.09925547726717349 0
1904 0.7150839099090071 0.09764193720142123 0
1905 0.7202728262074497 0.08685492678373541 0
1906 0.4554645033514942 0.2336059165894869 0
1907 0.4667280329862318 0.2316425511458302 0
1908 0.665280296593635 0.407319012227614 0
1909 0.6934742031859555 0.101288942513333 0
1910 0.6741065228619938 0.355809416068523 0
1911 0.6275524368663028 0.4232531463552897 0
1912 0.4628117388057098 0.2423866843551146 0
1913 0.4441909660817632 0.2356036565064143 0
1914 0.5175029888070344 0.3532396922959143 0
1915 0.6142484241293467 0.3462229218751093 0
1916 0.6069515106851827 0.3374983243736377 0
1917 0.5313529639769961 0.1700289678731339 0
1918 0.7209868296833634 0.3608281089106958 0
1919 0.3785139543220402 0.3578585444703472 0
1920 0.3711369208429482 0.3490867993137443 0
1921 0.3750674165953901 0.3383580207496006 0
1922 0.6781793895559046 0.3450621160690552 0
1923 0.7019444177112137 0.009772261208004507 0
1924 0.7075611858210737 0.01975494473643824 0
1925 0.7201077889382158 0.01864870811174751 0
1926 0.7128648658428031 0.02918218782606219 0
1927 0.706114420303745 0.03872689907861188 0
1928 0.5069994862632037 0.2950283907193554 0
1929 0.6019853290011414 0.4081831687933231 0
1930 0.4201983480211545 0.3602436975861255 0
1931 0.1874598254809637 0.09951811754229034 0
1932 0.1835264178333942 0.1102342263032341 0
1933 0.7212709714484137 0.3142624911344059 0
1934 0.7105001262366177 0.3203563701915711 0
1935 0.6527908538424383 0.2993546815669993 0
1936 0.6621499914800837 0.1872671513152496 0
1937 0.6582293310324726 0.1980075260475808 0
1938 0.6655917223074742 0.2067579587067532 0
1939 0.5737736433686214 0.3132665259693954 0
1940 0.5698653498099239 0.3239700928912388 0
1941 0.5586411811478276 0.3259366539429731 0
1942 0.5659653337200271 0.3346643397687493 0
1943 0.5547839275168324 0.3366475621206774 0
1944 0.5732723777497056 0.3433966235635583 0
1945 0.5474968404508191 0.3279446910078146 0
1946 0.191374064531999 0.08874810194235283 0
1947 0.4771472555285691 0.3204285123353408 0
1948 0.5142629663955415 0.3037074236851049 0
1949 0.5104397903900774 0.3144446806375909 0
1950 0.7208813382845017 0.3828029533133117 0
1951 0.7109560203751832 0.3774960492415735 0
1952 0.7110205236676227 0.388134464903534 0
1953 0.7012437142256625 0.3834069846553687 0
1954 0.5952156538787855 0.3695283841982445 0
1955 0.5513386937542986 0.3172117373566163 0
1956 0.6794745649147993 0.0096332507397488 0
1957 0.6847253956446437 0.01912249714603448 0
1958 0.4922788182214181 0.277516091649631 0
1959 0.4848689130647683 0.2687054947931095 0
1960 0.4736146239844871 0.2706798793995787 0
1961 0.4699530688137902 0.2815203993686879 0
1962 0.5689917972550981 0.3841033939166921 0
1963 0.2611050222155282 0.187303602778547 0
1964 0.2650268840894865 0.1765501651758862 0
1965 0.2689545150182103 0.1657962334797446 0
1966 0.7197560508617383 0.2579204476467925 0
1967 0.6880391441511727 0.3731864212798432 0
1968 0.5708254467796556 0.2636406522846061 0
1969 0.566924864620327 0.2743625622352195 0
1970 0.6675173579679842 0.3168596366758227 0
1971 0.5343029324603297 0.2197904828038575 0
1972 0.5303797769332108 0.2305318847738159 0
1973 0.5191220419365752 0.2325133721431839 0
1974 0.52644951926623 0.2412872836516062 0
1975 0.5152015104406207 0.2432567325756618 0
1976 0.5225131217159251 0.2520444465480248 0
1977 0.5416171069016628 0.2285650976192682 0
1978 0.5117753032196471 0.2237508059669964 0
1979 0.7201846039072417 0.2901627122135314 0
1980 0.1054250358408099 0.009233271747634719 0
1981 0.1099617394175558 0.02031807220526571 0
1982 0.1063074414930285 0.03283141947499968 0
1983 0.6425355162507679 0.2409415554932707 0
1984 0.656057980517168 0.009465212923896793 0
1985 0.6278204402939032 0.2234526332987263 0
1986 0.6788624322958308 0.08375614769865286 0
1987 0.5039611498520222 0.414527264988939 0
1988 0.3872192031560719 0.2759499970635479 0
1989 0.6097022296233064 0.1864394032820791 0
1990 0.6057306075213248 0.1972033020708669 0
1991 0.5811040829582376 0.322003533050285 0
1992 0.4329115692213381 0.2375796690672969 0
1993 0.6332115802624833 0.009990253949555439 0
1994 0.6276196677258756 0.02019726378344355 0
1995 0.6103025681431412 0.01249750334374899 0
1996 0.6393914696677888 0.01986443472617633 0
1997 0.6040387366228828 0.02363393388866125 0
1998 0.6416049400616876 0.07017197317513851 0
1999 0.646962125786285 0.1999872587444413 0
2000 0.1281309313694602 0.009831603548525136 0
2001 0.5567853224241477 0.2158769495281539 0
2002 0.676862730684422 0.2047749370500803 0
2003 0.6729425053394458 0.2155140676778495 0
2004 0.6690039374032211 0.2262578427063396 0
2005 0.6763209665137182 0.2350224217270664 0
2006 0.6802685519208259 0.2242759979967366 0
2007 0.5039347875650948 0.2452369754703052 0
2008 0.6587412220884206 0.1677561643243426 0
2009 0.647980371105668 0.1394753640610687 0
2010 0.6978460967860991 0.0603373592004795 0
2011 0.7102392425643329 0.05846247335832677 0
2012 0.6567050304517619 0.2886546471778009 0
2013 0.5949971578254226 0.1689251686436035 0
2014 0.5279141965885253 0.1505058203502214 0
2015 0.5724873942175787 0.1728863211101864 0
2016 0.6085831416166316 0.2469803357863624 0
2017 0.6120595309010685 0.2664131068539949 0
2018 0.5410396268001966 0.2588536678219835 0
2019 0.5391910961986398 0.1485220239572256 0
2020 0.3837904697925583 0.2564121023381165 0
2021 0.3877315687702657 0.2456289758409282 0
2022 0.3803579030658147 0.2368693788020134 0
2023 0.3950992341672488 0.2543893380540315 0
2024 0.3916356842763894 0.2348900789143416 0
2025 0.3842777661683123 0.2261124870303926 0
2026 0.3911489979691407 0.2651883397681464 0
2027 0.4024280446086324 0.2632044996719713 0
2028 0.6180899643810035 0.1346661201865054 0
2029 0.6293599297578247 0.1326872666466762 0
2030 0.6254404991850475 0.1434377073952277 0
2031 0.6367128240786998 0.1414580198304647 0
2032 0.6327828641213609 0.1522101077209488 0
2033 0.6141697675504558 0.145414913671479 0
2034 0.5648498844360332 0.01168744563811513 0
2035 0.157990818951283 0.06436974516862259 0
2036 0.4402755436069832 0.2463590652871646 0
2037 0.7213485571021513 0.2343775621925479 0
2038 0.7211331048466547 0.2231019843397754 0
2039 0.6312610818902114 0.2429309318531066 0
2040 0.1432532346782345 0.04679971948613582 0
2041 0.4274290109586764 0.1077123236292687 0
2042 0.4161418333540864 0.1096980684189686 0
2043 0.4087762928152264 0.1009178793813827 0
2044 0.404855691552608 0.1116857606485508 0
2045 0.4347947712883777 0.1164924240423356 0
2046 0.1952953217773886 0.07797779905322749 0
2047 0.3293164495834119 0.1451070508710197 0
2048 0.3366784296330216 0.1538885985124444 0
2049 0.3479647652569161 0.1519040755896102 0
2050 0.2929779378482645 0.07087034498296074 0
2051 0.2816877945842642 0.07285712349036977 0
2052 0.5781622394092852 0.2723879507564491 0
2053 0.6822737150985474 0.1032872739371898 0
2054 0.4760075500030206 0.1193218316402388 0
2055 0.4833530114080465 0.1281213460148217 0
2056 0.4794249841541855 0.1388781090723241 0
2057 0.202174219401293 0.1170440814922267 0
2058 0.2095334349002263 0.1258201919105806 0
2059 0.2208321675183136 0.1238716681059324 0
2060 0.2168951751335373 0.1345985862495506 0
2061 0.2281983569332174 0.1326516885041248 0
2062 0.2321217852576101 0.1218894935006111 0
2063 0.2242594443364557 0.1433706368695041 0
2064 0.3253926359504616 0.1558735061061882 0
2065 0.3327541706824507 0.1646546917459655 0
2066 0.3214686187624557 0.1666395863440388 0
2067 0.3288300735319436 0.1754203874031177 0
2068 0.3401154645564375 0.1734359752707983 0
2069 0.3175451902145913 0.1774051166897034 0
2070 0.3249100998107669 0.1861847220438335 0
2071 0.3136216225350181 0.1881707981880234 0
2072 0.3141051929008541 0.1578588604789718 0
2073 0.2545735142791823 0.009704346496490379 0
2074 0.2608090408100686 0.0181026620622089 0
2075 0.3656394086828079 0.2193091355312777 0
2076 0.3769366396187155 0.2172993012432194 0
2077 0.2775190942454616 0.009935625989642149 0
2078 0.2065878750737075 0.07599151072210025 0
2079 0.4122242539090464 0.1204634463551196 0
2080 0.1875038590434813 0.009297943080645077 0
2081 0.3010499766670651 0.009694531421978403 0
2082 0.3062014481509975 0.01987086389580867 0
2083 0.3176730262314014 0.01987081416512171 0
2084 0.3115433532706939 0.02949796621880385 0
2085 0.3229173541217559 0.02919111595418916 0
2086 0.3290640482958463 0.01976838000720993 0
2087 0.334361768617453 0.02880941685556659 0
2088 0.3813358653881543 0.1762564602502852 0
2089 0.3887212742147386 0.1850196969448596 0
2090 0.3926174440201936 0.1742751965442698 0
2091 0.3852585942760288 0.1654933389450093 0
2092 0.4039082385211611 0.1722810053274217 0
2093 0.4078268263706174 0.1615245213008489 0
2094 0.4151976144378675 0.1702955291676586 0
2095 0.4264700438154597 0.1683185307420287 0
2096 0.4225848849464038 0.1790590541735481 0
2097 0.4338591360424051 0.1770804370712079 0
2098 0.4377554386109134 0.1663303144210809 0
2099 0.4451344680983602 0.1750923861854689 0
2100 0.4303924901256803 0.157554552228196 0
2101 0.6030316697685061 0.3481808313338615 0
2102 0.3518898282395795 0.1411366271565335 0
2103 0.5177099225589379 0.09184780360651867 0
2104 0.2326095215743845 0.09157328589010338 0
2105 0.2399734943272753 0.1003577969050128 0
2106 0.2439007078502379 0.08958645218791128 0
2107 0.4632979724696118 0.2121195472518377 0
2108 0.3463571137036856 0.009935547552851587 0
2109 0.3529759779061407 0.01935851836973296 0
2110 0.3406330558159865 0.01980103906532976 0
2111 0.3470370150111772 0.03034171289683174 0
2112 0.2772863870827401 0.113949146375114 0
2113 0.2846500457966482 0.1227323663445324 0
2114 0.2807259104167693 0.1335001737188173 0
2115 0.7038728972326769 0.129427617746132 0
2116 0.7003120577506886 0.140299746447992 0
2117 0.7112963667353412 0.136688045291284 0
2118 0.7096231430264763 0.1492199460008077 0
2119 0.7038091247058074 0.1598309719443051 0
2120 0.7111464464363962 0.1685990511944246 0
2121 0.7067005089117914 0.1791458983997193 0
2122 0.7190425157709518 0.1778481296883738 0
2123 0.6861879843939171 0.09253205335875214 0
2124 0.7062132645762116 0.2093461767953395 0
2125 0.4037189348399552 0.009898393135071126 0
2126 0.4088769254578927 0.01991735602918132 0
2127 0.3981955728453681 0.02036011475525967 0
2128 0.3219534130725163 0.1363252252544211 0
2129 0.2200699968887326 0.010511712877593 0
2130 0.2132440859038784 0.01894180819973423 0
2131 0.2315734593035707 0.01119359542661336 0
2132 0.5646302248801833 0.1944028267021311 0
2133 0.3062573352885415 0.1793910216229399 0
2134 0.6891090995174195 0.1422991506027179 0
2135 0.382310019376121 0.1156384774184321 0
2136 0.4980234063567801 0.1456931894265784 0
2137 0.295939149861993 0.1207463704747266 0
2138 0.2434112479369317 0.1199041382003919 0
2139 0.2984106644464452 0.20092222017672 0
2140 0.2512669180075597 0.0983695785473549 0
2141 0.2694366491443057 0.1354857340910134 0
2142 0.2767986502266992 0.1442682725864211 0
2143 0.4127083120468023 0.0901512579273801 0
2144 0.2355630328483547 0.1414233641696152 0
2145 0.4371415280594158 0.009205323051138414 0
2146 0.323396789511721 0.009918400943403238 0
2147 0.2782499335952609 0.05330241983182238 0
2148 0.390159686128938 0.09411117274439862 0
2149 0.4460818158554712 0.1145061903349673 0
2150 0.1879287004479005 0.06919368961983097 0
2151 0.4137209406343532 0.261143687428871 0
2152 0.3343141853822842 0.3052185961886607 0
2153 0.3456006336823171 0.3032999677679963 0
2154 0.5255517721370854 0.07032438962749743 0
2155 0.326367751021252 0.09523785167019783 0
2156 0.3376572241527695 0.09325366971104132 0
2157 0.3415828480943021 0.08248391791277437 0
2158 0.3342205842402626 0.07369707208097304 0
2159 0.3759445704668356 0.2779368909816692 0
2160 0.2758551637392407 0.2048796547805551 0
2161 0.2832085902060378 0.2136654590186885 0
2162 0.2645589525041244 0.2068191852275991 0
2163 0.3097021628313898 0.1989346141151609 0
2164 0.3283532338134231 0.2057243483462381 0
2165 0.2841683246095994 0.1530487138139999 0
2166 0.3690740771434416 0.2388552670003569 0
2167 0.3980165412761796 0.07256360913928467 0
2168 0.3269620922808207 0.2964735054441037 0
2169 0.3783863751634285 0.1264020587456629 0
2170 0.2763198530509047 0.1745775822290001 0
2171 0.4691408406839921 0.08022590096148707 0
2172 0.6700142459698366 0.1657701750400313 0
2173 0.3122248888287794 0.2788988015353185 0
2174 0.3161433516674406 0.2682103598248621 0
2175 0.5774023922228092 0.1015583144826417 0
2176 0.5734831349542858 0.1123156871338576 0
2177 0.2979583012996582 0.2312131506660474 0
2178 0.275418753955062 0.2350510944541741 0
2179 0.3440398526771619 0.162669625540852 0
2180 0.3361960398696866 0.1841984754299152 0
2181 0.5730101854373251 0.1425814600456038 0
2182 0.6269309295807706 0.283850108495449 0
2183 0.3955740670958952 0.224060634287731 0
2184 0.2385464140624997 0.191122562164585 0
2185 0.3337291490151099 0.1040227045495824 0
2186 0.4809045052231007 0.04792407845006824 0
2187 0.2091139667867692 0.1559900329116996 0
2188 0.2238429190414875 0.1735433146764087 0
2189 0.2026643813871979 0.0867619870589908 0
2190 0.3592529885051983 0.1499167066725396 0
2191 0.1943729476391173 0.1384470824090682 0
2192 0.3474814398493287 0.1822116249321235 0
2193 0.6959235718651007 0.1812974619342076 0
2194 0.2247578032630398 0.1131091386964304 0
2195 0.3553296489762094 0.1606817401539731 0
2196 0.4416737015264368 0.1555696891298897 0
2197 0.6171024367886121 0.1951812136888418 0
2198 0.3224408401218963 0.1060068686227436 0
2199 0.3278662434718362 0.2360282469659887 0
2200 0.5332527390021228 0.280279738075641 0
2201 0.3391498260771795 0.2340437838241987 0
2202 0.2944861509274989 0.2116867395753309 0
2203 0.6215145813357785 0.1541859328448893 0
2204 0.4171655781939799 0.04904557327224762 0
2205 0.3729966034312509 0.2280945900465968 0
2206 0.4563995750280395 0.1731117897347798 0
2207 0.4334008379667463 0.2072854812599691 0
2208 0.3396364126781897 0.2037392706999067 0
2209 0.5049129799716603 0.1847257780451836 0
2210 0.1771260033531949 0.04089138615458232 0
2211 0.6865436251319392 0.2934474333032494 0
2212 0.2330938844202554 0.06124587255184344 0
2213 0.4069035929979856 0.222025897608042 0
2214 0.349946873705108 0.2623635137798879 0
2215 0.5185958134192122 0.2627731226235652 0
2216 0.3857462439911123 0.1351842039856732 0
2217 0.1354512880773171 0.06824169703237387 0
2218 0.34550892766271 0.07171458674662523 0
2219 0.4681542364372105 0.1408460673852321 0
2220 0.5352718492997619 0.1592747930311122 0
2221 0.5446838607818264 0.04684105204698574 0
2222 0.5289688512596185 0.08989563624912222 0
2223 0.5347960183099998 0.1895358740719753 0
2224 0.3239656274381094 0.2467704968558299 0
2225 0.5122629472019682 0.1934944040946102 0
2226 0.6361985837100976 0.1717239520544361 0
2227 0.2905774756286846 0.2224405316418283 0
2228 0.1208126574091036 0.05065204501888726 0
2229 0.5977775189199545 0.2187099942019642 0
2230 0.2964240996167389 0.09042452528861178 0
2231 0.4817994250068687 0.418675051315002 0
2232 0.4707101449963383 0.4205112633022506 0
2233 0.3042734373988696 0.06888266838767071 0
2234 0.3523773526262758 0.110821143277518 0
2235 0.4902166838131694 0.1671721931890803 0
2236 0.3235324963137207 0.04601667564111234 0
2237 0.36022708226991 0.08928361673246743 0
2238 0.4392020098316151 0.07540867716261113 0
2239 0.368077972111468 0.06774218000310644 0
2240 0.719918582845479 0.1191229148141359 0
2241 0.3605517988999435 0.02850096973902089 0
2242 0.3872213637137749 0.04420970490275111 0
2243 0.6185860282799112 0.1043967661886926 0
2244 0.6112330544901927 0.09562425934187585 0
2245 0.4755054186465316 0.1496261063568973 0
2246 0.6376897695378549 0.08092670530597573 0
2247 0.4765008264676714 0.08900994014927149 0
2248 0.2070701874937235 0.0456619068493459 0
2249 0.5808438732078687 0.1210853692362162 0
2250 0.4421597771595383 0.1252698843839952 0
2251 0.2920150078973976 0.1315142157796923 0
2252 0.4711005080164444 0.1906637504097698 0
2253 0.487786125049145 0.08702770349985089 0
2254 0.3386789254238778 0.2643449204599134 0
2255 0.4583397703630352 0.05187351609538871 0
2256 0.4500038486258608 0.1037417492193674 0
2257 0.6592489574086223 0.1374939653580328 0
2258 0.5666149290602593 0.07323941970519759 0
2259 0.4889278510589213 0.02673795314735095 0
2260 0.558307223087242 0.1250375494160903 0
2261 0.5147769747622217 0.0419707625621204 0
2262 0.4373252564978064 0.1965368353552807 0
2263 0.678353196124866 0.1140285955954421 0
2264 0.6091502954168704 0.2166503396658284 0
2265 0.4956356447424948 0.06549424046651448 0
2266 0.6710078921194116 0.1052589219874757 0
2267 0.720802566813892 0.06285714285714289 0
2268 0.5842798942189839 0.1406034926027466 0
2269 0.5965270838266041 0.07806366892401762 0
2270 0.4318404435538515 0.0666248910625899 0
2271 0.6543064723583029 0.2087454222535791 0
2272 0.5749599477024441 0.02138273901367366 0
2273 0.6680874286731155 0.05545707160963143 0
2274 0.6519005100160699 0.1287279265273307 0
2275 0.7048438805284719 0.26976313994983 0
2276 0.7206052977656966 0.05178006358635934 0
2277 0.4858160207359106 0.2081946029815617 0
2278 0.6459868558441275 0.2604311163660304 0
2279 0.5465463511361097 0.1572907551067033 0
2280 0.3410906858678696 0.1128059634485883 0
2281 0.5857497534944445 0.04972918936041515 0
2282 0.1697123639573325 0.03205066040548654 0
2283 0.2370185366954007 0.05048120536054995 0
2284 0.3896686071675151 0.1244220384521259 0
2285 0.5387120135049044 0.1787909497212962 0
2286 0.675799925174733 0.2652294743857049 0
2287 0.6411268467670329 0.1004437687154294 0
2288 0.391234957603331 0.03103083992638572 0
2289 0.5921171145973382 0.1191034755981929 0
2290 0.2890585242651505 0.08164113736102929 0
2291 0.2113387758744061 0.03565541981683473 0
2292 0.7024564546331755 0.4208118795851233 0
2293 0.2615873169937532 0.1570184517493825 0
2294 0.5972506461821875 0.2489603446835317 0
2295 0.2777683792764839 0.08362770982413192 0
2296 0.642120006375181 0.03981709912051745 0
2297 0.2728777809211616 0.1550331875082121 0
2298 0.6170717934021771 0.4372063928220009 0
2299 0.5713339854483052 0.2334339485612544 0
2300 0.2360454091076649 0.1111243956247835 0
2301 0.5592612683520307 0.06445957562847471 0
2302 0.5620857436104423 0.3453528818391978 0
2303 0.5509397478724676 0.3473566512177307 0
2304 0.5405749104102776 0.2890246977650969 0
2305 0.5970254657772329 0.04775996007245725 0
2306 0.6489638144987009 0.07894395964806522 0
2307 0.6941953802174416 0.3023011967585212 0
2308 0.5187616673889488 0.0308380142214516 0
2309 0.2669644985401932 0.05529011562320935 0
2310 0.707450852556614 0.3497393109761669 0
2311 0.3824481158534511 0.3471101200900013 0
2312 0.6074623729545729 0.3073551633704041 0
2313 0.6972764237611218 0.321651019074725 0
2314 0.7020123776362092 0.311170499239227 0
2315 0.6386380041143661 0.2516799208057173 0
2316 0.5062937812956483 0.3552105657962253 0
2317 0.3450165439337516 0.1020384431622332 0
2318 0.6281839463020235 0.3936592297675254 0
2319 0.4804267905566263 0.07824506592213193 0
2320 0.49304177608595 0.4313515419475963 0
2321 0.3322747861359184 0.1949616995357381 0
2322 0.3489423094529402 0.09126918305658305 0
2323 0.6720143312799742 0.04470161177919441 0
2324 0.4308754081270362 0.1272537074288436 0
2325 0.3209881521486716 0.196947756629352 0
2326 0.6797112727814177 0.2545080377945915 0
2327 0.5762892668145366 0.3927983350675268 0
2328 0.6154869575350317 0.2857825919407188 0
2329 0.6041054414992396 0.2878682295803827 0
2330 0.2704020881999704 0.07484445001168433 0
2331 0.5694585325271724 0.3540952209081548 0
2332 0.5539514818234581 0.396725189327803 0
2333 0.5742655234111125 0.2831086200444858 0
2334 0.5471079369088037 0.3580374323614346 0
2335 0.4843512169729138 0.06747819436938685 0
2336 0.5466567922025178 0.3880157720219768 0
2337 0.4235096169100269 0.1184766685851436 0
2338 0.6723855437080014 0.2457553430796339 0
2339 0.2743255173134144 0.06407337095380328 0
2340 0.5769285211913117 0.131833373888871 0
2341 0.3528682019569666 0.0805009890198381 0
2342 0.6024851863428936 0.3782276941045098 0
2343 0.2556694592418143 0.05727793225696037 0
2344 0.3057782545177211 0.209697182499513 0
2345 0.4985632788122891 0.1153612175180664 0
2346 0.5630269116916775 0.2850780024733836 0
2347 0.3567933048382841 0.06973026627976209 0
2348 0.408309295066027 0.1312226897017182 0
2349 0.6401263591535458 0.1609766030805937 0
2350 0.5171385415335283 0.1222022131748637 0
2351 0.4093014668710941 0.07057666621407732 0
2352 0.600157066511893 0.29860577127702 0
2353 0.5284190764540501 0.1202184535190741 0
2354 0.4769876897292652 0.05869333120789422 0
2355 0.6906599371068201 0.4221828319613724 0
2356 0.474072885014806 0.2404307806325184 0
2357 0.6770942140903907 0.3751774564277823 0
2358 0.6759343548524052 0.03457459453542311 0
2359 0.5323855272087368 0.1094372299355785 0
2360 0.5556944539971203 0.2763392323804572 0
2361 0.5247818785118634 0.3619629177163334 0
2362 0.4696250559385138 0.04989171591102937 0
2363 0.2483071432026485 0.04849616083855135 0
2364 0.5274458895048443 0.180774967757929 0
2365 0.3494310931171398 0.0609457105963423 0
2366 0.400945398623 0.1224448200541008 0
2367 0.4779854534137702 0.2296771727177901 0
2368 0.353253546658075 0.05014915630155248 0
2369 0.5695761103712602 0.1230637997365682 0
2370 0.6337740987360472 0.091676398237788 0
2371 0.639377476377178 0.3917196161413687 0
2372 0.5161787261834304 0.1827535074375654 0
2373 0.3459900028982961 0.04138940249729245 0
2374 0.2519672170524717 0.03800012909779876 0
2375 0.5286714284641414 0.3513008483575494 0
2376 0.4706436101855478 0.2208999711410603 0
2377 0.4735492878104251 0.03911769945097526 0
2378 0.3935865143423627 0.1136649490495467 0
2379 0.683639091979192 0.2437803718961817 0
2380 0.5622185728779706 0.1142878650317716 0
2381 0.5548751932219 0.1055196239203442 0
2382 0.4474147794065212 0.3157008234621754 0
2383 0.6225010878707862 0.09365090507046503 0
2384 0.4775590022661838 0.02872112609116534 0
2385 0.6924466109317322 0.3914556889071217 0
2386 0.3975104072096355 0.1029062860327833 0
2387 0.5368063992305458 0.06838535776480931 0
2388 0.5088202288509815 0.1739851858847855 0
2389 0.3999993300680675 0.1830295892427116 0
2390 0.3734862125626595 0.197766820269161 0
2391 0.4766624210816754 0.3504631578855262 0
2392 0.4014345769367758 0.09213349899398604 0
2393 0.6151423792772811 0.08488007789569474 0
2394 0.4745570720091932 0.2101614048424913 0
2395 0.6947420702440629 0.2419365500837577 0
2396 0.5444690573441433 0.2783127654653673 0
2397 0.5014676848812074 0.1652105079639236 0
2398 0.4205739969894355 0.0686139453910527 0
2399 0.3990678310811593 0.2435694517120787 0
2400 0.4053651501572913 0.08135711822357605 0
2401 0.6102948224209436 0.3568943940328769 0
2402 0.5376721399060437 0.2393387873018333 0
2403 0.3984859607046017 0.273949659817295 0
2404 0.6333981799019119 0.3227855878634377 0
2405 0.607789884737529 0.07610049289138193 0
2406 0.4941153887452845 0.1564365939184315 0
2407 0.2571976389086603 0.1980614310758235 0
2408 0.2940279359617275 0.2419149206241727 0
2409 0.6063865312423479 0.3675672683176478 0
2410 0.4867649764453127 0.1476621754050219 0
2411 0.5528642971756738 0.2265808429740702 0
2412 0.4020376652942888 0.2933812934140497 0
2413 0.4395239450153887 0.3370319524847132 0
2414 0.398111600005508 0.3041347903315589 0
2415 0.1761947108752834 0.1015005588278604 0
2416 0.4400794209654276 0.2766469784685438 0
2417 0.3867793354688334 0.3061909560435754 0
2418 0.5909647333258309 0.1797406077048948 0
2419 0.3274316628429531 0.2662821522024386 0
2420 0.4245055691653616 0.05784742234561169 0
2421 0.4906870985736018 0.1369234811767073 0
2422 0.6117145631674981 0.06534775886263244 0
2423 0.390270613695569 0.3256512592783626 0
2424 0.4284198208603787 0.04705797504078846 0
2425 0.1540785464414205 0.07512076431956616 0
2426 0.6156365524607381 0.05459385947958639 0
2427 0.4693663994310091 0.3418038135910095 0
2428 0.4946151405697834 0.1261532320690185 0
2429 0.4211364725365806 0.03839139665913738 0
2430 0.4672167118238361 0.2013876781996717 0
2431 0.6082753789968527 0.04572136149523043 0
2432 0.3568663224490435 0.3014338110376789 0
2433 0.5371374953484299 0.2695833113233612 0
2434 0.1736786747396292 0.02134425418734731 0
2435 0.3529516715528145 0.3121264322065602 0
2436 0.4598602832938452 0.1926146371662759 0
2437 0.4662700034791266 0.2923135137089902 0
2438 0.5289331411408875 0.3211239829104701 0
2439 0.452508585096181 0.1838434017713743 0
2440 0.4810673462314471 0.2794711514429037 0
2441 0.6007941333829331 0.03647333953078402 0
2442 0.5298207479854743 0.2608226566773088 0
2443 0.5178309545907165 0.3231467781497686 0
2444 0.409843486838075 0.2718984526270578 0
2445 0.463592627697686 0.4116559407856836 0
2446 0.4412425889092647 0.185826219340634 0
2447 0.5436302777794981 0.1074947781753757 0
2448 0.4299671136692206 0.1878075477539734 0
2449 0.6287921620496039 0.3636592393053756 0
2450 0.4186877970774278 0.1897853413221242 0
2451 0.1250242451772038 0.04004565308004487 0
2452 0.4113048304700134 0.1810321247917266 0
2453 0.4535567076406209 0.3843328014968247 0
2454 0.5409753430118696 0.009307481614118762 0
2455 0.396120688348123 0.1937591198569126 0
2456 0.1320712750088558 0.04875979123650265 0
2457 0.5488991269466823 0.2373568869153262 0
2458 0.3848238462919726 0.1957514964749522 0
2459 0.3052702457415516 0.03890774828195165 0
2460 0.1393450194848976 0.05751425924203157 0
2461 0.1467150411744084 0.06631118792784091 0
2462 0.4732428471221155 0.3311212561769288 0
2463 0.1501488171169979 0.08583222956109171 0
2464 0.5337417624843862 0.2500765840838901 0
2465 0.1575175638074097 0.09460371814884172 0
2466 0.4882925144639907 0.3184621278360326 0
2467 0.1687823823723636 0.09263714952017804 0
2468 0.5362980042647199 0.09870177311774597 0
2469 0.484418711530833 0.3291347920335757 0
2470 0.5236169147083873 0.01991407215205537 0
2471 0.1722167875333225 0.1121695919915718 0
2472 0.5402035428743275 0.0879639786429921 0
2473 0.5640612410093782 0.224693094310851 0
2474 0.5480488762183356 0.06643139695884692 0
2475 0.1795895567269402 0.1209436208640246 0
2476 0.1908820838987459 0.1189777586997104 0
2477 0.5328803308489661 0.07914285693055884 0
2478 0.633940521515628 0.2927313399038128 0
2479 0.1982351314789129 0.1277422135384876 0
2480 0.2055953163311644 0.136517074166007 0
2481 0.2129582695205492 0.1452945203501893 0
2482 0.2203317229719141 0.1540727082162511 0
2483 0.2276973795896443 0.162851855851441 0
2484 0.2350539376704676 0.1716297435962529 0
2485 0.5398195918952026 0.3493605921868338 0
2486 0.2424147296593845 0.18040899306648 0
2487 0.5519824099407589 0.05567763277171134 0
2488 0.2532538950198894 0.2087292614481051 0
2489 0.2900474467721588 0.252610598203444 0
2490 0.2498153937238402 0.1892219486305643 0
2491 0.6199356495949391 0.2449553866321661 0
2492 0.5559124047879853 0.04492988967433786 0
2493 0.2606647961014438 0.2174995092703227 0
2494 0.2974234308457864 0.2613789319007544 0
2495 0.2719674242985051 0.2155793148508336 0
2496 0.5485930709570312 0.03616021886644616 0
2497 0.308757516400212 0.2594356102582696 0
2498 0.3235344752006947 0.2770028786024028 0
2499 0.3200496074123141 0.2574999848078892 0
2500 0.5679904483986233 0.2139563774910586 0
2501 0.2793578162513717 0.2243557650029639 0
2502 0.3308888022414606 0.2857800393633578 0
2503 0.5525349904503379 0.02562273085364608 0
2504 0.3490203424761438 0.322818305936222 0
2505 0.2867196279522813 0.2331374538733121 0
2506 0.3382516951172983 0.2945576723054478 0
2507 0.3563581575220439 0.3316029066787108 0
2508 0.5719126677619418 0.2032252233837053 0
2509 0.3495225265536618 0.2926054519966406 0
2510 0.3677095656609474 0.3296679411378278 0
2511 0.3789789675623978 0.3276586344970073 0
2512 0.6460492070952343 0.0292353968608341 0
2513 0.4358227850110514 0.3175949681592033 0
2514 0.5758237871620691 0.192469487721026 0
2515 0.579760459872221 0.1817089164748481 0
2516 0.6487415267617632 0.3099209840238085 0
2517 0.5067069607272545 0.3251558478359278 0
2518 0.6562566756091993 0.3187530283763863 0
2519 0.5436647486621397 0.3386572518128954 0
2520 0.5363319834739551 0.3299014457113064 0
2521 0.662710025737376 0.357819699186165 0
2522 0.4083446676778021 0.3924707198000594 0
2523 0.42430883706589 0.3195685487141888 0
2524 0.4645349661556429 0.3824306002912412 0
2525 0.2893320527516426 0.02134752699411713 0
2526 0.1225654652654417 0.02009120870639369 0
2527 0.4993840917254166 0.3165089618354223 0
2528 0.495961755187625 0.2971359800389439 0
2529 0.4885866424804059 0.2883399655083791 0
2530 0.5032243396818531 0.3057735558736028 0
2531 0.4091053577765648 0.3625187288241784 0
2532 0.4513060753731838 0.2747282295906506 0
2533 0.45879147618036 0.2835112890879893 0
2534 0.4826740714743893 0.3890374097567074 0
2535 0.710066547925438 0.3993175378274868 0
2536 0.3651429871912302 0.01824071650063047 0
2537 0.4868571782466163 0.3784779058223955 0
2538 0.5050327893160776 0.3852677382183974 0
2539 0.6391988191900957 0.4389194893723355 0
2540 0.4146487972138485 0.02944006321978915 0
2541 0.0831505725989985 0.008646595976819382 0
2542 0.5603366328239888 0.4345545709011455 0
2543 0.6957345183395651 0.01973918671367197 0
2544 0.7207361903086172 0.3938580007650854 0
2545 0.4925544376043333 0.01629046716214017 0
2546 0.5713568517688047 0.4347296363482552 0
2547 0.7214385880191424 0.2010569304546876 0
2548 0.5235280278122869 0.3919720994133692 0
2549 0.7209734982098591 0.1429235037290696 0
2550 0.2376993624231991 0.02071764835417711 0
2551 0.7213206685087487 0.1655555220580571 0
2552 0.6508441589357105 0.01904387170339705 0
2553 0.2489503359132973 0.01906947116777258 0
2554 0.4740891318678928 0.00965681949908076 0
2555 0.5887421599562557 0.009881353998066944 0
2556 0.6503677133435027 0.4394627375145098 0
2557 0.1851629600692585 0.02042071252588118 0
2558 0.1339400208180472 0.01928988946327209 0
2559 0.5298026682651897 0.009248199786938527 0
2560 0.7076497767945901 0.4301137629634592 0
2561 0.4443680450052373 0.4227833107521904 0
2562 0.453169096470734 0.4259106200098802 0
2563 0.7217713308565218 0.3368657876370221 0
2564 0.1639422162408424 0.009270741748080735 0
2565 0.4709989994823899 0.4313501570774294 0
2566 0.6048377976166704 0.4253517376584227 0
2567 0.117805618209619 0.03073625570165417 0
2568 0.7115835463942443 0.07873440764986123 0
2569 0.3701915708155582 0.009014940379193148 0
2570 0.2674919579891775 0.02608676716549974 0
2571 0.7107095461111985 0.1075740060304174 0
2572 0.7116656068307005 0.3669781226076245 0
2573 0.7116339577586276 0.04756041873858702 0
2574 0.7122945563855128 0.3076747460195235 0
2575 0.5545561587941168 0.4254741716412678 0
2576 0.2562326472935034 0.02773411610566523 0
2577 0.4202080982046113 0.01867476601681189 0
2578 0.6627779259944752 0.01849499317206399 0
2579 0.7233081472633844 0.2797465040939387 0
2580 0.481514962367932 0.01861738857349821 0
2581 0.711967442046844 0.2495265289237013 0
2582 0.3169824579374823 0.03825213866052091 0
2583 0.5101140694927266 0.4223982005710653 0
2584 0.6827106550692362 0.4414445873692145 0
2585 0.4430511314568646 0.4139450106977507 0
2586 0.7193974447147359 0.4141415404147327 0
2587 0.1445644325599987 0.01788099728402831 0
2588 0.5462771205587296 0.01826903281565256 0
2589 0.1979268196316279 0.008351828616966428 0
2590 0.7027266276867485 0.3927964053756938 0
2591 0.7227735911562981 0.02887199425112746 0
2592 0.7127099961523514 0.2166438013137227 0
2593 0.382791261928142 0.008772213978232302 0
2594 0.6335980529293566 0.4303559685915022 0
2595 0.4596723170545176 0.4199670321963199 0
2596 0.5942248876040321 0.01842501013395931 0
2597 0.426079629716355 0.009224883448006538 0
2598 0.6743116907195714 0.01838095354216002 0
2599 0.6967954869093169 0.4303277549791808 0
2600 0.7131046625185029 0.1595063170738226 0
2601 0.499015088714739 0.4231899938658349 0
2602 0.6866220340467025 0.432008769356696 0
2603 0.712982194288222 0.1266661271305717 0
2604 0.5940039686119877 0.4384621892128525 0
2605 0.7136739690959155 0.2972795913532536 0
2606 0.711864067375756 0.1871155396454156 0
2607 0.494178299698634 0.007497623536037945 0
2608 0.2723617039550889 0.01722935538122927 0
2609 0.09005464891353399 0.01719227017453451 0
2610 0.3284277649302754 0.03723338371762103 0
2611 0.7222937454932216 0.008394439083908634 0
2612 0.1484123248963864 0.008463007043135795 0
2613 0.7123556963341218 0.3575077263042581 0
2614 0.7136176763874386 0.3304757017709097 0
2615 0.7020851714327853 0.4370713450148983 0
2616 0.7139848935196345 0.06862148911804078 0
2617 0.4283326406476998 0.4159205288425858 0
2618 0.5566347731014132 0.01773857115351973 0
2619 0.6927960033108034 0.3809716497711533 0
2620 0.6708683760463237 0.4410751379830568 0
2621 0.3883418244076239 0.01849796038812934 0
2622 0.2046700302748785 0.01719811907362739 0
2623 0.5448091385597825 0.4262121583683986 0
2624 0.6231451089520254 0.4306559764347361 0
2625 0.2975534486638309 0.01800072450487494 0
2626 0.7240042309034581 0.09708585852387747 0
2627 0.6787419608097055 0.02609162243026647 0
2628 0.7144813440782593 0.2399428850463881 0
2629 0.5098869268980473 0.008218818798129079 0
2630 0.09968878302333162 0.01603371751009181 0
2631 0.2832556308403022 0.01597111369804904 0
2632 0.4886594129236654 0.4236951304812542 0
2633 0.7143756970555207 0.2065614458764792 0
2634 0.2155520599914463 0.02784586393078992 0
2635 0.4396405528328921 0.01802321767662945 0
2636 0.3393467846937573 0.03664105481963781 0
2637 0.7132983495420457 0.2668758571894909 0
$EndNodes
$Elements
5274
1 15 2 6 9 9
2 15 2 5 10 10
3 1 2 4 1 1 13
4 1 2 4 1 13 14
5 1 2 4 1 14 15
6 1 2 4 1 15 16
7 1 2 4 1 16 17
8 1 2 4 1 17 2
9 1 2 4 7 7 127
10 1 2 4 7 127 128
11 1 2 4 7 128 129
12 1 2 4 7 129 130
13 1 2 4 7 130 8
14 1 2 3 8 8 131
15 1 2 3 8 131 132
16 1 2 3 8 132 133
17 1 2 3 8 133 134
18 1 2 3 8 134 135
19 1 2 3 8 135 136
20 1 2 3 8 136 137
21 1 2 3 8 137 138
22 1 2 3 8 138 139
23 1 2 3 8 139 140
24 1 2 3 8 140 141
25 1 2 3 8 141 142
26 1 2 3 8 142 143
27 1 2 3 8 143 144
28 1 2 3 8 144 145
29 1 2 3 8 145 146
30 1 2 3 8 146 147
31 1 2 3 8 147 148
32 1 2 3 8 148 149
33 1 2 3 8 149 150
34 1 2 3 8 150 151
35 1 2 3 8 151 152
36 1 2 3 8 152 153
37 1 2 3 8 153 154
38 1 2 3 8 154 155
39 1 2 3 8 155 156
40 1 2 3 8 156 157
41 1 2 3 8 157 158
42 1 2 3 8 158 159
43 1 2 3 8 159 160
44 1 2 3 8 160 161
45 1 2 3 8 161 162
46 1 2 3 8 162 163
47 1 2 3 8 163 164
48 1 2 3 8 164 9
49 1 2 3 9 9 165
50 1 2 3 9 165 166
51 1 2 3 9 166 167
52 1 2 3 9 167 168
53 1 2 3 9 168 169
54 1 2 3 9 169 170
55 1 2 3 9 170 171
56 1 2 3 9 171 172
57 1 2 3 9 172 173
58 1 2 3 9 173 174
59 1 2 3 9 174 175
60 1 2 3 9 175 176
61 1 2 3 9 176 177
62 1 2 3 9 177 10
63 1 2 3 10 10 178
64 1 2 3 10 178 179
65 1 2 3 10 179 180
66 1 2 3 10 180 181
67 1 2 3 10 181 182
68 1 2 3 10 182 183
69 1 2 3 10 183 184
70 1 2 3 10 184 185
71 1 2 3 10 185 186
72 1 2 3 10 186 187
73 1 2 3 10 187 188
74 1 2 3 10 188 189
75 1 2 3 10 189 190
76 1 2 3 10 190 191
77 1 2 3 10 191 192
78 1 2 3 10 192 193
79 1 2 3 10 193 194
80 1 2 3 10 194 11
81 1 2 3 11 11 195
82 1 2 3 11 195 196
83 1 2 3 11 196 197
84 1 2 3 11 197 198
85 1 2 3 11 198 199
86 1 2 3 11 199 200
87 1 2 3 11 200 201
88 1 2 3 11 201 202
89 1 2 3 11 202 203
90 1 2 3 11 203 204
91 1 2 3 11 204 12
92 1 2 3 12 12 205
93 1 2 3 12 205 206
94 1 2 3 12 206 207
95 1 2 3 12 207 208
96 1 2 3 12 208 209
97 1 2 3 12 209 210
98 1 2 3 12 210 211
99 1 2 3 12 211 212
100 1 2 3 12 212 213
101 1 2 3 12 213 214
102 1 2 3 12 214 215
103 1 2 3 12 215 216
104 1 2 3 12 216 217
105 1 2 3 12 217 218
106 1 2 3 12 218 219
107 1 2 3 12 219 220
108 1 2 3 12 220 221
109 1 2 3 12 221 222
110 1 2 3 12 222 223
111 1 2 3 12 223 224
112 1 2 3 12 224 225
113 1 2 3 12 225 226
114 1 2 3 12 226 227
115 1 2 3 12 227 228
116 1 2 3 12 228 229
117 1 2 3 12 229 230
118 1 2 3 12 230 231
119 1 2 3 12 231 232
120 1 2 3 12 232 233
121 1 2 3 12 233 234
122 1 2 3 12 234 235
123 1 2 3 12 235 236
124 1 2 3 12 236 237
125 1 2 3 12 237 238
126 1 2 3 12 238 239
127 1 2 3 12 239 240
128 1 2 3 12 240 241
129 1 2 3 12 241 242
130 1 2 3 12 242 243
131 1 2 3 12 243 244
132 1 2 3 12 244 245
133 1 2 3 12 245 246
134 1 2 3 12 246 247
135 1 2 3 12 247 248
136 1 2 3 12 248 249
137 1 2 3 12 249 250
138 1 2 3 12 250 251
139 1 2 3 12 251 252
140 1 2 3 12 252 253
141 1 2 3 12 253 1
142 1 2 4 13 2 254
143 1 2 4 13 254 255
144 1 2 4 13 255 256
145 1 2 4 13 256 257
146 1 2 4 13 257 258
147 1 2 4 13 258 259
148 1 2 4 13 259 260
149 1 2 4 13 260 261
150 1 2 4 13 261 262
151 1 2 4 13 262 263
152 1 2 4 13 263 264
153 1 2 4 13 264 265
154 1 2 4 13 265 266
155 1 2 4 13 266 267
156 1 2 4 13 267 268
157 1 2 4 13 268 269
158 1 2 4 13 269 270
159 1 2 4 13 270 271
160 1 2 4 13 271 272
161 1 2 4 13 272 273
162 1 2 4 13 273 274
163 1 2 4 13 274 275
164 1 2 4 13 275 276
165 1 2 4 13 276 277
166 1 2 4 13 277 278
167 1 2 4 13 278 279
168 1 2 4 13 279 280
169 1 2 4 13 280 281
170 1 2 4 13 281 282
171 1 2 4 13 282 283
172 1 2 4 13 283 284
173 1 2 4 13 284 285
174 1 2 4 13 285 286
175 1 2 4 13 286 287
176 1 2 4 13 287 288
177 1 2 4 13 288 289
178 1 2 4 13 289 290
179 1 2 4 13 290 291
180 1 2 4 13 291 292
181 1 2 4 13 292 293
182 1 2 4 13 293 294
183 1 2 4 13 294 295
184 1 2 4 13 295 296
185 1 2 4 13 296 297
186 1 2 4 13 297 298
187 1 2 4 13 298 299
188 1 2 4 13 299 300
189 1 2 4 13 300 301
190 1 2 4 13 301 302
191 1 2 4 13 302 303
192 1 2 4 13 303 304
193 1 2 4 13 304 305
194 1 2 4 13 305 306
195 1 2 4 13 306 307
196 1 2 4 13 307 308
197 1 2 4 13 308 309
198 1 2 4 13 309 310
199 1 2 4 13 310 7
200 2 2 2 1 498 499 322
201 2 2 2 1 574 667 573
202 2 2 2 1 574 669 667
203 2 2 2 1 494 701 695
204 2 2 2 1 695 701 326
205 2 2 2 1 20 468 19
206 2 2 2 1 574 670 323
207 2 2 2 1 602 666 373
208 2 2 2 1 317 668 586
209 2 2 2 1 586 665 317
210 2 2 2 1 323 669 574
211 2 2 2 1 586 668 323
212 2 2 2 1 323 670 586
213 2 2 2 1 373 671 602
214 2 2 2 1 322 680 498
215 2 2 2 1 704 811 481
216 2 2 2 1 424 740 499
217 2 2 2 1 485 661 486
218 2 2 2 1 661 678 486
219 2 2 2 1 624 726 705
220 2 2 2 1 717 719 607
221 2 2 2 1 607 719 635
222 2 2 2 1 613 722 612
223 2 2 2 1 613 730 722
224 2 2 2 1 623 726 624
225 2 2 2 1 485 660 371
226 2 2 2 1 375 788 667
227 2 2 2 1 666 785 372
228 2 2 2 1 664 786 584
229 2 2 2 1 371 661 485
230 2 2 2 1 478 692 385
231 2 2 2 1 385 707 478
232 2 2 2 1 667 788 573
233 2 2 2 1 602 785 666
234 2 2 2 1 636 786 664
235 2 2 2 1 390 454 453
236 2 2 2 1 419 704 481
237 2 2 2 1 343 742 741
238 2 2 2 1 658 811 694
239 2 2 2 1 326 701 463
240 2 2 2 1 741 742 563
241 2 2 2 1 569 707 385
242 2 2 2 1 385 711 569
243 2 2 2 1 498 680 319
244 2 2 2 1 463 743 326
245 2 2 2 1 319 796 498
246 2 2 2 1 320 783 678
247 2 2 2 1 471 472 360
248 2 2 2 1 344 739 738
249 2 2 2 1 738 739 559
250 2 2 2 1 658 694 488
251 2 2 2 1 478 787 414
252 2 2 2 1 412 500 474
253 2 2 2 1 463 480 325
254 2 2 2 1 414 692 478
255 2 2 2 1 345 737 736
256 2 2 2 1 621 718 579
257 2 2 2 1 581 725 341
258 2 2 2 1 597 721 415
259 2 2 2 1 415 728 597
260 2 2 2 1 648 729 595
261 2 2 2 1 341 731 581
262 2 2 2 1 652 715 589
263 2 2 2 1 339 720 630
264 2 2 2 1 630 732 339
265 2 2 2 1 630 720 333
266 2 2 2 1 339 732 634
267 2 2 2 1 615 716 605
268 2 2 2 1 634 727 339
269 2 2 2 1 340 727 634
270 2 2 2 1 590 724 334
271 2 2 2 1 612 722 386
272 2 2 2 1 580 729 648
273 2 2 2 1 596 723 643
274 2 2 2 1 334 733 590
275 2 2 2 1 623 715 652
276 2 2 2 1 652 726 623
277 2 2 2 1 591 718 621
278 2 2 2 1 736 737 555
279 2 2 2 1 579 789 621
280 2 2 2 1 595 790 648
281 2 2 2 1 634 794 340
282 2 2 2 1 386 793 612
283 2 2 2 1 621 795 591
284 2 2 2 1 589 797 652
285 2 2 2 1 333 800 630
286 2 2 2 1 605 798 615
287 2 2 2 1 643 801 596
288 2 2 2 1 648 802 580
289 2 2 2 1 678 783 486
290 2 2 2 1 730 775 342
291 2 2 2 1 613 775 730
292 2 2 2 1 346 735 734
293 2 2 2 1 500 501 474
294 2 2 2 1 734 735 551
295 2 2 2 1 411 466 465
296 2 2 2 1 700 778 565
297 2 2 2 1 467 744 364
298 2 2 2 1 569 711 383
299 2 2 2 1 347 712 710
300 2 2 2 1 710 712 547
301 2 2 2 1 383 805 569
302 2 2 2 1 413 468 20
303 2 2 2 1 348 709 708
304 2 2 2 1 479 480 454
305 2 2 2 1 708 709 543
306 2 2 2 1 499 740 322
307 2 2 2 1 325 743 463
308 2 2 2 1 435 439 311
309 2 2 2 1 655 778 700
310 2 2 2 1 411 465 464
311 2 2 2 1 349 703 702
312 2 2 2 1 702 703 539
313 2 2 2 1 390 479 454
314 2 2 2 1 344 738 563
315 2 2 2 1 563 742 344
316 2 2 2 1 350 699 698
317 2 2 2 1 698 699 535
318 2 2 2 1 439 440 311
319 2 2 2 1 674 751 443
320 2 2 2 1 451 675 456
321 2 2 2 1 368 751 674
322 2 2 2 1 345 736 559
323 2 2 2 1 559 739 345
324 2 2 2 1 351 697 696
325 2 2 2 1 364 489 467
326 2 2 2 1 696 697 531
327 2 2 2 1 472 473 360
328 2 2 2 1 19 468 411
329 2 2 2 1 346 734 555
330 2 2 2 1 792 799 606
331 2 2 2 1 757 816 441
332 2 2 2 1 646 799 792
333 2 2 2 1 555 737 346
334 2 2 2 1 444 757 441
335 2 2 2 1 690 693 352
336 2 2 2 1 360 663 471
337 2 2 2 1 494 695 327
338 2 2 2 1 527 693 690
339 2 2 2 1 347 710 551
340 2 2 2 1 551 735 347
341 2 2 2 1 686 688 353
342 2 2 2 1 523 688 686
343 2 2 2 1 327 815 494
344 2 2 2 1 348 708 547
345 2 2 2 1 547 712 348
346 2 2 2 1 354 684 683
347 2 2 2 1 683 684 519
348 2 2 2 1 349 702 543
349 2 2 2 1 417 759 758
350 2 2 2 1 355 689 682
351 2 2 2 1 756 761 424
352 2 2 2 1 426 427 363
353 2 2 2 1 750 819 448
354 2 2 2 1 543 709 349
355 2 2 2 1 17 464 418
356 2 2 2 1 682 689 515
357 2 2 2 1 447 750 448
358 2 2 2 1 350 698 539
359 2 2 2 1 428 759 457
360 2 2 2 1 356 713 687
361 2 2 2 1 325 480 479
362 2 2 2 1 681 748 614
363 2 2 2 1 539 703 350
364 2 2 2 1 660 772 449
365 2 2 2 1 450 675 451
366 2 2 2 1 417 770 759
367 2 2 2 1 351 696 535
368 2 2 2 1 687 713 511
369 2 2 2 1 455 461 460
370 2 2 2 1 449 776 660
371 2 2 2 1 535 699 351
372 2 2 2 1 90 781 430
373 2 2 2 1 352 693 531
374 2 2 2 1 357 749 706
375 2 2 2 1 417 758 434
376 2 2 2 1 434 764 417
377 2 2 2 1 422 496 495
378 2 2 2 1 531 697 352
379 2 2 2 1 353 688 527
380 2 2 2 1 673 769 195
381 2 2 2 1 422 499 496
382 2 2 2 1 455 480 461
383 2 2 2 1 527 690 353
384 2 2 2 1 354 683 523
385 2 2 2 1 68 435 311
386 2 2 2 1 63 450 314
387 2 2 2 1 523 686 354
388 2 2 2 1 706 749 507
389 2 2 2 1 88 420 87
390 2 2 2 1 355 682 519
391 2 2 2 1 92 432 426
392 2 2 2 1 90 430 89
393 2 2 2 1 91 426 363
394 2 2 2 1 61 460 389
395 2 2 2 1 2 464 17
396 2 2 2 1 450 451 314
397 2 2 2 1 195 813 673
398 2 2 2 1 86 495 374
399 2 2 2 1 519 684 355
400 2 2 2 1 456 675 448
401 2 2 2 1 356 687 515
402 2 2 2 1 358 753 507
403 2 2 2 1 205 479 12
404 2 2 2 1 410 501 500
405 2 2 2 1 759 779 457
406 2 2 2 1 253 1 13
407 2 2 2 1 358 754 753
408 2 2 2 1 357 706 511
409 2 2 2 1 453 814 390
410 2 2 2 1 424 499 422
411 2 2 2 1 515 689 356
412 2 2 2 1 465 744 467
413 2 2 2 1 410 502 501
414 2 2 2 1 460 461 389
415 2 2 2 1 464 465 418
416 2 2 2 1 92 804 432
417 2 2 2 1 454 480 455
418 2 2 2 1 511 713 357
419 2 2 2 1 490 744 691
420 2 2 2 1 199 752 198
421 2 2 2 1 495 496 374
422 2 2 2 1 448 675 446
423 2 2 2 1 315 811 704
424 2 2 2 1 753 754 503
425 2 2 2 1 675 803 446
426 2 2 2 1 496 499 498
427 2 2 2 1 814 819 369
428 2 2 2 1 439 674 440
429 2 2 2 1 12 479 390
430 2 2 2 1 507 749 358
431 2 2 2 1 409 506 505
432 2 2 2 1 88 812 420
433 2 2 2 1 449 772 367
434 2 2 2 1 694 811 315
435 2 2 2 1 413 469 468
436 2 2 2 1 359 782 473
437 2 2 2 1 745 814 369
438 2 2 2 1 473 767 359
439 2 2 2 1 5 495 86
440 2 2 2 1 365 761 756
441 2 2 2 1 424 761 740
442 2 2 2 1 461 480 463
443 2 2 2 1 26 504 25
444 2 2 2 1 474 777 412
445 2 2 2 1 363 781 90
446 2 2 2 1 366 764 434
447 2 2 2 1 252 760 425
448 2 2 2 1 404 748 681
449 2 2 2 1 411 468 466
450 2 2 2 1 440 441 311
451 2 2 2 1 409 505 504
452 2 2 2 1 434 771 366
453 2 2 2 1 748 775 614
454 2 2 2 1 359 767 503
455 2 2 2 1 472 474 473
456 2 2 2 1 325 479 205
457 2 2 2 1 440 674 443
458 2 2 2 1 455 459 452
459 2 2 2 1 62 460 61
460 2 2 2 1 173 746 172
461 2 2 2 1 462 492 491
462 2 2 2 1 69 435 68
463 2 2 2 1 64 450 63
464 2 2 2 1 455 460 459
465 2 2 2 1 3 459 62
466 2 2 2 1 18 464 2
467 2 2 2 1 426 429 427
468 2 2 2 1 60 491 59
469 2 2 2 1 503 754 359
470 2 2 2 1 427 428 363
471 2 2 2 1 691 744 466
472 2 2 2 1 324 752 199
473 2 2 2 1 408 510 509
474 2 2 2 1 409 504 26
475 2 2 2 1 25 504 410
476 2 2 2 1 28 508 27
477 2 2 2 1 367 809 449
478 2 2 2 1 369 819 750
479 2 2 2 1 502 503 501
480 2 2 2 1 4 657 313
481 2 2 2 1 747 755 676
482 2 2 2 1 507 753 505
483 2 2 2 1 408 509 508
484 2 2 2 1 492 701 494
485 2 2 2 1 59 491 391
486 2 2 2 1 496 497 374
487 2 2 2 1 465 467 418
488 2 2 2 1 461 462 389
489 2 2 2 1 364 744 490
490 2 2 2 1 410 504 502
491 2 2 2 1 452 459 314
492 2 2 2 1 389 491 60
493 2 2 2 1 506 507 505
494 2 2 2 1 27 508 409
495 2 2 2 1 408 508 28
496 2 2 2 1 413 470 469
497 2 2 2 1 250 489 364
498 2 2 2 1 451 452 314
499 2 2 2 1 414 488 132
500 2 2 2 1 126 419 125
501 2 2 2 1 475 476 337
502 2 2 2 1 411 464 18
503 2 2 2 1 419 481 475
504 2 2 2 1 760 780 425
505 2 2 2 1 409 508 506
506 2 2 2 1 407 514 513
507 2 2 2 1 463 701 462
508 2 2 2 1 124 475 337
509 2 2 2 1 477 567 566
510 2 2 2 1 30 512 29
511 2 2 2 1 416 746 173
512 2 2 2 1 487 617 616
513 2 2 2 1 475 481 476
514 2 2 2 1 426 432 429
515 2 2 2 1 87 370 5
516 2 2 2 1 401 534 533
517 2 2 2 1 400 538 537
518 2 2 2 1 123 566 122
519 2 2 2 1 399 542 541
520 2 2 2 1 398 546 545
521 2 2 2 1 394 562 561
522 2 2 2 1 395 558 557
523 2 2 2 1 397 550 549
524 2 2 2 1 396 554 553
525 2 2 2 1 419 475 125
526 2 2 2 1 402 530 529
527 2 2 2 1 459 460 62
528 2 2 2 1 391 677 58
529 2 2 2 1 11 367 194
530 2 2 2 1 70 657 4
531 2 2 2 1 751 752 443
532 2 2 2 1 407 513 512
533 2 2 2 1 403 526 525
534 2 2 2 1 370 495 5
535 2 2 2 1 132 488 131
536 2 2 2 1 429 434 427
537 2 2 2 1 510 511 509
538 2 2 2 1 133 414 132
539 2 2 2 1 401 533 532
540 2 2 2 1 400 537 536
541 2 2 2 1 399 541 540
542 2 2 2 1 398 545 544
543 2 2 2 1 393 565 564
544 2 2 2 1 394 561 560
545 2 2 2 1 395 557 556
546 2 2 2 1 396 553 552
547 2 2 2 1 397 549 548
548 2 2 2 1 42 536 41
549 2 2 2 1 402 529 528
550 2 2 2 1 40 532 39
551 2 2 2 1 44 540 43
552 2 2 2 1 193 482 316
553 2 2 2 1 46 544 45
554 2 2 2 1 56 564 55
555 2 2 2 1 54 560 53
556 2 2 2 1 52 556 51
557 2 2 2 1 48 548 47
558 2 2 2 1 50 552 49
559 2 2 2 1 252 425 251
560 2 2 2 1 616 618 487
561 2 2 2 1 38 528 37
562 2 2 2 1 482 483 316
563 2 2 2 1 12 390 204
564 2 2 2 1 203 369 202
565 2 2 2 1 197 368 196
566 2 2 2 1 405 522 521
567 2 2 2 1 403 525 524
568 2 2 2 1 200 324 199
569 2 2 2 1 29 512 408
570 2 2 2 1 407 512 30
571 2 2 2 1 313 657 437
572 2 2 2 1 406 518 517
573 2 2 2 1 408 512 510
574 2 2 2 1 497 637 374
575 2 2 2 1 192 618 191
576 2 2 2 1 36 524 35
577 2 2 2 1 122 566 336
578 2 2 2 1 405 521 520
579 2 2 2 1 401 532 40
580 2 2 2 1 400 536 42
581 2 2 2 1 399 540 44
582 2 2 2 1 511 706 509
583 2 2 2 1 398 544 46
584 2 2 2 1 393 564 56
585 2 2 2 1 394 560 54
586 2 2 2 1 395 556 52
587 2 2 2 1 397 548 48
588 2 2 2 1 396 552 50
589 2 2 2 1 32 516 31
590 2 2 2 1 402 528 38
591 2 2 2 1 406 517 516
592 2 2 2 1 198 752 751
593 2 2 2 1 462 701 492
594 2 2 2 1 34 520 33
595 2 2 2 1 461 463 462
596 2 2 2 1 403 524 36
597 2 2 2 1 496 498 497
598 2 2 2 1 337 566 123
599 2 2 2 1 470 471 469
600 2 2 2 1 250 364 249
601 2 2 2 1 422 495 370
602 2 2 2 1 367 482 194
603 2 2 2 1 405 520 34
604 2 2 2 1 432 433 429
605 2 2 2 1 406 516 32
606 2 2 2 1 41 536 401
607 2 2 2 1 165 404 9
608 2 2 2 1 43 540 400
609 2 2 2 1 39 532 402
610 2 2 2 1 45 544 399
611 2 2 2 1 55 564 394
612 2 2 2 1 312 803 675
613 2 2 2 1 53 560 395
614 2 2 2 1 514 515 513
615 2 2 2 1 47 548 398
616 2 2 2 1 51 556 396
617 2 2 2 1 49 552 397
618 2 2 2 1 421 422 370
619 2 2 2 1 37 528 403
620 2 2 2 1 65 757 312
621 2 2 2 1 534 535 533
622 2 2 2 1 538 539 537
623 2 2 2 1 542 543 541
624 2 2 2 1 546 547 545
625 2 2 2 1 562 563 561
626 2 2 2 1 558 559 557
627 2 2 2 1 550 551 549
628 2 2 2 1 554 555 553
629 2 2 2 1 530 531 529
630 2 2 2 1 191 618 616
631 2 2 2 1 491 492 391
632 2 2 2 1 316 618 192
633 2 2 2 1 425 489 251
634 2 2 2 1 504 505 502
635 2 2 2 1 526 527 525
636 2 2 2 1 364 490 249
637 2 2 2 1 248 490 361
638 2 2 2 1 35 524 405
639 2 2 2 1 462 491 389
640 2 2 2 1 31 516 407
641 2 2 2 1 440 442 441
642 2 2 2 1 522 523 521
643 2 2 2 1 407 516 514
644 2 2 2 1 414 658 488
645 2 2 2 1 518 519 517
646 2 2 2 1 617 788 375
647 2 2 2 1 33 520 406
648 2 2 2 1 401 536 534
649 2 2 2 1 400 540 538
650 2 2 2 1 399 544 542
651 2 2 2 1 398 548 546
652 2 2 2 1 394 564 562
653 2 2 2 1 395 560 558
654 2 2 2 1 397 552 550
655 2 2 2 1 396 556 554
656 2 2 2 1 402 532 530
657 2 2 2 1 493 677 391
658 2 2 2 1 508 509 506
659 2 2 2 1 466 744 465
660 2 2 2 1 403 528 526
661 2 2 2 1 19 411 18
662 2 2 2 1 420 421 370
663 2 2 2 1 125 475 124
664 2 2 2 1 512 513 510
665 2 2 2 1 470 472 471
666 2 2 2 1 476 478 477
667 2 2 2 1 405 524 522
668 2 2 2 1 410 500 24
669 2 2 2 1 492 493 391
670 2 2 2 1 406 520 518
671 2 2 2 1 492 494 493
672 2 2 2 1 516 517 514
673 2 2 2 1 536 537 534
674 2 2 2 1 540 541 538
675 2 2 2 1 544 545 542
676 2 2 2 1 548 549 546
677 2 2 2 1 564 565 562
678 2 2 2 1 560 561 558
679 2 2 2 1 552 553 550
680 2 2 2 1 556 557 554
681 2 2 2 1 532 533 530
682 2 2 2 1 528 529 526
683 2 2 2 1 566 567 336
684 2 2 2 1 194 482 193
685 2 2 2 1 23 500 412
686 2 2 2 1 524 525 522
687 2 2 2 1 520 521 518
688 2 2 2 1 423 755 747
689 2 2 2 1 442 444 441
690 2 2 2 1 57 393 56
691 2 2 2 1 61 389 60
692 2 2 2 1 39 402 38
693 2 2 2 1 37 403 36
694 2 2 2 1 35 405 34
695 2 2 2 1 31 407 30
696 2 2 2 1 55 394 54
697 2 2 2 1 41 401 40
698 2 2 2 1 33 406 32
699 2 2 2 1 51 396 50
700 2 2 2 1 53 395 52
701 2 2 2 1 25 410 24
702 2 2 2 1 47 398 46
703 2 2 2 1 29 408 28
704 2 2 2 1 45 399 44
705 2 2 2 1 21 413 20
706 2 2 2 1 23 412 22
707 2 2 2 1 27 409 26
708 2 2 2 1 59 391 58
709 2 2 2 1 43 400 42
710 2 2 2 1 49 397 48
711 2 2 2 1 24 500 23
712 2 2 2 1 487 618 484
713 2 2 2 1 249 490 248
714 2 2 2 1 251 489 250
715 2 2 2 1 567 568 336
716 2 2 2 1 174 416 173
717 2 2 2 1 169 417 168
718 2 2 2 1 171 392 170
719 2 2 2 1 176 365 175
720 2 2 2 1 167 366 166
721 2 2 2 1 567 569 568
722 2 2 2 1 616 617 375
723 2 2 2 1 190 616 375
724 2 2 2 1 191 616 190
725 2 2 2 1 141 587 384
726 2 2 2 1 622 624 383
727 2 2 2 1 380 622 138
728 2 2 2 1 142 587 141
729 2 2 2 1 575 641 585
730 2 2 2 1 138 622 137
731 2 2 2 1 587 591 588
732 2 2 2 1 143 608 378
733 2 2 2 1 144 608 143
734 2 2 2 1 148 598 147
735 2 2 2 1 623 624 622
736 2 2 2 1 576 641 575
737 2 2 2 1 577 608 144
738 2 2 2 1 587 588 384
739 2 2 2 1 184 592 183
740 2 2 2 1 331 598 148
741 2 2 2 1 644 646 645
742 2 2 2 1 380 623 622
743 2 2 2 1 318 639 181
744 2 2 2 1 388 631 104
745 2 2 2 1 150 649 593
746 2 2 2 1 600 601 318
747 2 2 2 1 593 596 594
748 2 2 2 1 84 373 83
749 2 2 2 1 157 644 156
750 2 2 2 1 180 319 179
751 2 2 2 1 182 318 181
752 2 2 2 1 185 317 184
753 2 2 2 1 599 600 318
754 2 2 2 1 74 320 73
755 2 2 2 1 113 620 341
756 2 2 2 1 146 653 387
757 2 2 2 1 605 626 603
758 2 2 2 1 77 576 76
759 2 2 2 1 137 622 383
760 2 2 2 1 139 625 380
761 2 2 2 1 377 643 642
762 2 2 2 1 589 625 384
763 2 2 2 1 162 609 161
764 2 2 2 1 588 589 384
765 2 2 2 1 103 631 382
766 2 2 2 1 604 605 603
767 2 2 2 1 601 639 318
768 2 2 2 1 338 609 162
769 2 2 2 1 182 599 318
770 2 2 2 1 321 570 75
771 2 2 2 1 598 653 147
772 2 2 2 1 585 641 376
773 2 2 2 1 381 604 603
774 2 2 2 1 388 633 632
775 2 2 2 1 579 608 577
776 2 2 2 1 642 643 633
777 2 2 2 1 82 372 81
778 2 2 2 1 611 613 612
779 2 2 2 1 609 615 332
780 2 2 2 1 376 641 78
781 2 2 2 1 592 636 599
782 2 2 2 1 75 570 74
783 2 2 2 1 86 374 85
784 2 2 2 1 80 582 79
785 2 2 2 1 151 649 150
786 2 2 2 1 594 595 331
787 2 2 2 1 580 581 578
788 2 2 2 1 79 376 78
789 2 2 2 1 140 625 139
790 2 2 2 1 147 653 146
791 2 2 2 1 187 323 186
792 2 2 2 1 190 375 189
793 2 2 2 1 104 631 103
794 2 2 2 1 145 577 144
795 2 2 2 1 388 642 633
796 2 2 2 1 582 584 583
797 2 2 2 1 384 625 140
798 2 2 2 1 321 576 572
799 2 2 2 1 378 587 142
800 2 2 2 1 330 644 157
801 2 2 2 1 321 572 571
802 2 2 2 1 110 647 109
803 2 2 2 1 150 593 149
804 2 2 2 1 329 648 647
805 2 2 2 1 146 387 145
806 2 2 2 1 606 607 604
807 2 2 2 1 78 641 77
808 2 2 2 1 381 603 98
809 2 2 2 1 592 599 183
810 2 2 2 1 377 642 106
811 2 2 2 1 593 594 331
812 2 2 2 1 101 379 100
813 2 2 2 1 156 333 155
814 2 2 2 1 161 332 160
815 2 2 2 1 583 586 585
816 2 2 2 1 381 638 606
817 2 2 2 1 154 339 153
818 2 2 2 1 77 641 576
819 2 2 2 1 183 599 182
820 2 2 2 1 588 590 589
821 2 2 2 1 81 650 80
822 2 2 2 1 99 381 98
823 2 2 2 1 119 651 118
824 2 2 2 1 374 637 85
825 2 2 2 1 382 628 627
826 2 2 2 1 629 630 628
827 2 2 2 1 100 638 99
828 2 2 2 1 103 382 102
829 2 2 2 1 338 610 609
830 2 2 2 1 97 626 96
831 2 2 2 1 163 338 162
832 2 2 2 1 593 649 596
833 2 2 2 1 633 634 632
834 2 2 2 1 80 650 582
835 2 2 2 1 96 386 95
836 2 2 2 1 120 328 119
837 2 2 2 1 611 612 610
838 2 2 2 1 158 330 157
839 2 2 2 1 388 632 631
840 2 2 2 1 109 415 108
841 2 2 2 1 317 592 184
842 2 2 2 1 116 334 115
843 2 2 2 1 118 335 117
844 2 2 2 1 122 336 121
845 2 2 2 1 124 337 123
846 2 2 2 1 321 571 570
847 2 2 2 1 113 341 112
848 2 2 2 1 114 620 113
849 2 2 2 1 328 651 119
850 2 2 2 1 139 380 138
851 2 2 2 1 152 340 151
852 2 2 2 1 578 579 577
853 2 2 2 1 137 383 136
854 2 2 2 1 141 384 140
855 2 2 2 1 372 650 81
856 2 2 2 1 105 388 104
857 2 2 2 1 106 642 105
858 2 2 2 1 107 377 106
859 2 2 2 1 135 385 134
860 2 2 2 1 149 593 331
861 2 2 2 1 93 342 6
862 2 2 2 1 111 329 110
863 2 2 2 1 149 331 148
864 2 2 2 1 71 371 70
865 2 2 2 1 572 573 571
866 2 2 2 1 143 378 142
867 2 2 2 1 85 637 84
868 2 2 2 1 595 598 331
869 2 2 2 1 109 647 415
870 2 2 2 1 156 644 333
871 2 2 2 1 381 606 604
872 2 2 2 1 619 621 620
873 2 2 2 1 178 322 10
874 2 2 2 1 76 321 75
875 2 2 2 1 382 627 102
876 2 2 2 1 329 647 110
877 2 2 2 1 161 609 332
878 2 2 2 1 607 635 604
879 2 2 2 1 387 577 145
880 2 2 2 1 644 645 333
881 2 2 2 1 382 629 628
882 2 2 2 1 582 650 584
883 2 2 2 1 98 603 97
884 2 2 2 1 382 631 629
885 2 2 2 1 572 574 573
886 2 2 2 1 604 635 605
887 2 2 2 1 102 627 101
888 2 2 2 1 76 576 321
889 2 2 2 1 99 638 381
890 2 2 2 1 181 639 180
891 2 2 2 1 180 639 319
892 2 2 2 1 582 583 376
893 2 2 2 1 387 580 578
894 2 2 2 1 596 597 594
895 2 2 2 1 599 636 600
896 2 2 2 1 379 638 100
897 2 2 2 1 79 582 376
898 2 2 2 1 600 602 601
899 2 2 2 1 631 632 629
900 2 2 2 1 338 611 610
901 2 2 2 1 603 626 97
902 2 2 2 1 84 637 373
903 2 2 2 1 387 653 580
904 2 2 2 1 387 578 577
905 2 2 2 1 610 615 609
906 2 2 2 1 74 570 320
907 2 2 2 1 96 626 386
908 2 2 2 1 105 642 388
909 2 2 2 1 651 652 335
910 2 2 2 1 619 620 114
911 2 2 2 1 572 575 574
912 2 2 2 1 340 649 151
913 2 2 2 1 193 316 192
914 2 2 2 1 572 576 575
915 2 2 2 1 330 646 644
916 2 2 2 1 378 591 587
917 2 2 2 1 583 585 376
918 2 2 2 1 118 651 335
919 2 2 2 1 101 627 379
920 2 2 2 1 115 619 114
921 2 2 2 1 334 619 115
922 2 2 2 1 640 796 319
923 2 2 2 1 639 640 319
924 2 2 2 1 601 640 639
925 2 2 2 1 484 618 316
926 2 2 2 1 91 363 90
927 2 2 2 1 89 362 88
928 2 2 2 1 92 426 91
929 2 2 2 1 486 487 484
930 2 2 2 1 89 430 362
931 2 2 2 1 87 420 370
932 2 2 2 1 430 457 431
933 2 2 2 1 457 458 431
934 2 2 2 1 430 431 362
935 2 2 2 1 483 485 484
936 2 2 2 1 485 486 484
937 2 2 2 1 212 343 211
938 2 2 2 1 214 344 213
939 2 2 2 1 216 345 215
940 2 2 2 1 211 654 210
941 2 2 2 1 206 325 205
942 2 2 2 1 210 327 209
943 2 2 2 1 218 346 217
944 2 2 2 1 220 347 219
945 2 2 2 1 236 355 235
946 2 2 2 1 228 351 227
947 2 2 2 1 222 348 221
948 2 2 2 1 246 360 245
949 2 2 2 1 230 352 229
950 2 2 2 1 244 359 243
951 2 2 2 1 238 356 237
952 2 2 2 1 240 357 239
953 2 2 2 1 248 361 247
954 2 2 2 1 232 353 231
955 2 2 2 1 234 354 233
956 2 2 2 1 224 349 223
957 2 2 2 1 226 350 225
958 2 2 2 1 242 358 241
959 2 2 2 1 208 326 207
960 2 2 2 1 163 656 338
961 2 2 2 1 164 656 163
962 2 2 2 1 338 656 611
963 2 2 2 1 483 484 316
964 2 2 2 1 476 477 337
965 2 2 2 1 210 654 327
966 2 2 2 1 343 654 211
967 2 2 2 1 611 614 613
968 2 2 2 1 421 424 422
969 2 2 2 1 654 655 327
970 2 2 2 1 784 796 640
971 2 2 2 1 611 656 614
972 2 2 2 1 568 659 336
973 2 2 2 1 120 659 328
974 2 2 2 1 336 659 121
975 2 2 2 1 372 785 664
976 2 2 2 1 584 786 665
977 2 2 2 1 477 566 337
978 2 2 2 1 445 446 444
979 2 2 2 1 671 784 640
980 2 2 2 1 420 423 421
981 2 2 2 1 567 707 569
982 2 2 2 1 447 448 446
983 2 2 2 1 393 700 565
984 2 2 2 1 17 418 16
985 2 2 2 1 121 659 120
986 2 2 2 1 478 707 477
987 2 2 2 1 6 804 92
988 2 2 2 1 71 661 371
989 2 2 2 1 515 687 513
990 2 2 2 1 133 692 414
991 2 2 2 1 571 662 570
992 2 2 2 1 575 670 574
993 2 2 2 1 82 666 372
994 2 2 2 1 583 665 586
995 2 2 2 1 373 666 83
996 2 2 2 1 323 668 186
997 2 2 2 1 185 668 317
998 2 2 2 1 650 664 584
999 2 2 2 1 586 670 585
1000 2 2 2 1 187 669 323
1001 2 2 2 1 375 667 189
1002 2 2 2 1 602 671 601
1003 2 2 2 1 246 663 360
1004 2 2 2 1 361 663 247
1005 2 2 2 1 63 314 3
1006 2 2 2 1 4 313 69
1007 2 2 2 1 68 311 67
1008 2 2 2 1 65 312 64
1009 2 2 2 1 451 456 453
1010 2 2 2 1 483 660 485
1011 2 2 2 1 58 677 57
1012 2 2 2 1 320 678 73
1013 2 2 2 1 531 693 529
1014 2 2 2 1 442 445 444
1015 2 2 2 1 535 696 533
1016 2 2 2 1 527 688 525
1017 2 2 2 1 539 698 537
1018 2 2 2 1 451 453 452
1019 2 2 2 1 519 682 517
1020 2 2 2 1 523 683 521
1021 2 2 2 1 543 702 541
1022 2 2 2 1 445 447 446
1023 2 2 2 1 547 708 545
1024 2 2 2 1 313 435 69
1025 2 2 2 1 312 450 64
1026 2 2 2 1 319 680 179
1027 2 2 2 1 178 680 322
1028 2 2 2 1 655 815 327
1029 2 2 2 1 551 710 549
1030 2 2 2 1 555 734 553
1031 2 2 2 1 559 736 557
1032 2 2 2 1 414 787 658
1033 2 2 2 1 563 738 561
1034 2 2 2 1 371 657 70
1035 2 2 2 1 467 679 418
1036 2 2 2 1 440 443 442
1037 2 2 2 1 404 681 9
1038 2 2 2 1 72 661 71
1039 2 2 2 1 9 681 164
1040 2 2 2 1 436 439 435
1041 2 2 2 1 247 663 246
1042 2 2 2 1 570 662 320
1043 2 2 2 1 372 664 650
1044 2 2 2 1 585 670 575
1045 2 2 2 1 667 669 188
1046 2 2 2 1 83 666 82
1047 2 2 2 1 186 668 185
1048 2 2 2 1 188 669 187
1049 2 2 2 1 189 667 188
1050 2 2 2 1 584 665 583
1051 2 2 2 1 601 671 640
1052 2 2 2 1 656 681 614
1053 2 2 2 1 72 678 661
1054 2 2 2 1 418 679 16
1055 2 2 2 1 662 783 320
1056 2 2 2 1 518 683 519
1057 2 2 2 1 313 436 435
1058 2 2 2 1 16 679 15
1059 2 2 2 1 385 692 134
1060 2 2 2 1 234 684 354
1061 2 2 2 1 355 684 235
1062 2 2 2 1 454 455 452
1063 2 2 2 1 232 686 353
1064 2 2 2 1 354 686 233
1065 2 2 2 1 253 760 252
1066 2 2 2 1 458 676 431
1067 2 2 2 1 522 688 523
1068 2 2 2 1 356 689 237
1069 2 2 2 1 236 689 355
1070 2 2 2 1 57 677 393
1071 2 2 2 1 453 454 452
1072 2 2 2 1 514 682 515
1073 2 2 2 1 73 678 72
1074 2 2 2 1 353 690 231
1075 2 2 2 1 230 690 352
1076 2 2 2 1 526 693 527
1077 2 2 2 1 208 695 326
1078 2 2 2 1 327 695 209
1079 2 2 2 1 228 697 351
1080 2 2 2 1 352 697 229
1081 2 2 2 1 226 699 350
1082 2 2 2 1 351 699 227
1083 2 2 2 1 312 675 450
1084 2 2 2 1 437 449 438
1085 2 2 2 1 383 711 136
1086 2 2 2 1 135 711 385
1087 2 2 2 1 335 733 117
1088 2 2 2 1 415 721 108
1089 2 2 2 1 579 718 608
1090 2 2 2 1 595 729 598
1091 2 2 2 1 158 717 330
1092 2 2 2 1 111 725 329
1093 2 2 2 1 152 727 340
1094 2 2 2 1 649 723 596
1095 2 2 2 1 386 722 95
1096 2 2 2 1 107 721 377
1097 2 2 2 1 634 732 632
1098 2 2 2 1 93 730 342
1099 2 2 2 1 589 715 625
1100 2 2 2 1 332 719 160
1101 2 2 2 1 605 716 626
1102 2 2 2 1 339 727 153
1103 2 2 2 1 581 731 578
1104 2 2 2 1 154 720 339
1105 2 2 2 1 629 732 630
1106 2 2 2 1 333 720 155
1107 2 2 2 1 588 724 590
1108 2 2 2 1 341 725 112
1109 2 2 2 1 597 728 594
1110 2 2 2 1 116 733 334
1111 2 2 2 1 653 729 580
1112 2 2 2 1 380 715 623
1113 2 2 2 1 651 726 652
1114 2 2 2 1 378 718 591
1115 2 2 2 1 530 696 531
1116 2 2 2 1 350 703 225
1117 2 2 2 1 224 703 349
1118 2 2 2 1 437 438 436
1119 2 2 2 1 222 709 348
1120 2 2 2 1 349 709 223
1121 2 2 2 1 534 698 535
1122 2 2 2 1 220 712 347
1123 2 2 2 1 348 712 221
1124 2 2 2 1 238 713 356
1125 2 2 2 1 357 713 239
1126 2 2 2 1 538 702 539
1127 2 2 2 1 347 735 219
1128 2 2 2 1 218 735 346
1129 2 2 2 1 346 737 217
1130 2 2 2 1 216 737 345
1131 2 2 2 1 542 708 543
1132 2 2 2 1 214 739 344
1133 2 2 2 1 345 739 215
1134 2 2 2 1 546 710 547
1135 2 2 2 1 344 742 213
1136 2 2 2 1 212 742 343
1137 2 2 2 1 550 734 551
1138 2 2 2 1 554 736 555
1139 2 2 2 1 314 459 3
1140 2 2 2 1 558 738 559
1141 2 2 2 1 562 741 563
1142 2 2 2 1 326 743 207
1143 2 2 2 1 206 743 325
1144 2 2 2 1 179 680 178
1145 2 2 2 1 510 687 511
1146 2 2 2 1 477 707 567
1147 2 2 2 1 313 437 436
1148 2 2 2 1 438 672 436
1149 2 2 2 1 164 681 656
1150 2 2 2 1 436 672 439
1151 2 2 2 1 441 816 311
1152 2 2 2 1 240 749 357
1153 2 2 2 1 358 749 241
1154 2 2 2 1 672 674 439
1155 2 2 2 1 129 315 128
1156 2 2 2 1 674 821 368
1157 2 2 2 1 438 673 672
1158 2 2 2 1 130 694 129
1159 2 2 2 1 242 754 358
1160 2 2 2 1 359 754 243
1161 2 2 2 1 311 816 67
1162 2 2 2 1 568 705 659
1163 2 2 2 1 517 682 514
1164 2 2 2 1 432 685 433
1165 2 2 2 1 521 683 518
1166 2 2 2 1 235 684 234
1167 2 2 2 1 128 704 127
1168 2 2 2 1 473 782 360
1169 2 2 2 1 513 687 510
1170 2 2 2 1 233 686 232
1171 2 2 2 1 490 691 361
1172 2 2 2 1 525 688 522
1173 2 2 2 1 624 805 383
1174 2 2 2 1 237 689 236
1175 2 2 2 1 366 771 762
1176 2 2 2 1 231 690 230
1177 2 2 2 1 529 693 526
1178 2 2 2 1 134 692 133
1179 2 2 2 1 506 706 507
1180 2 2 2 1 209 695 208
1181 2 2 2 1 533 696 530
1182 2 2 2 1 229 697 228
1183 2 2 2 1 503 767 501
1184 2 2 2 1 421 756 424
1185 2 2 2 1 705 726 328
1186 2 2 2 1 416 747 676
1187 2 2 2 1 537 698 534
1188 2 2 2 1 676 755 431
1189 2 2 2 1 227 699 226
1190 2 2 2 1 541 702 538
1191 2 2 2 1 371 776 657
1192 2 2 2 1 509 706 506
1193 2 2 2 1 225 703 224
1194 2 2 2 1 659 705 328
1195 2 2 2 1 545 708 542
1196 2 2 2 1 413 765 470
1197 2 2 2 1 10 740 177
1198 2 2 2 1 223 709 222
1199 2 2 2 1 549 710 546
1200 2 2 2 1 221 712 220
1201 2 2 2 1 239 713 238
1202 2 2 2 1 580 802 581
1203 2 2 2 1 645 800 333
1204 2 2 2 1 590 797 589
1205 2 2 2 1 635 798 605
1206 2 2 2 1 606 799 607
1207 2 2 2 1 596 801 597
1208 2 2 2 1 136 711 135
1209 2 2 2 1 591 724 588
1210 2 2 2 1 159 717 158
1211 2 2 2 1 155 720 154
1212 2 2 2 1 160 719 159
1213 2 2 2 1 95 722 94
1214 2 2 2 1 108 721 107
1215 2 2 2 1 112 725 111
1216 2 2 2 1 594 728 595
1217 2 2 2 1 153 727 152
1218 2 2 2 1 722 730 94
1219 2 2 2 1 625 715 380
1220 2 2 2 1 632 732 629
1221 2 2 2 1 626 716 386
1222 2 2 2 1 94 730 93
1223 2 2 2 1 608 718 378
1224 2 2 2 1 340 723 649
1225 2 2 2 1 578 731 579
1226 2 2 2 1 159 719 717
1227 2 2 2 1 646 714 645
1228 2 2 2 1 117 733 116
1229 2 2 2 1 328 726 651
1230 2 2 2 1 598 729 653
1231 2 2 2 1 553 734 550
1232 2 2 2 1 219 735 218
1233 2 2 2 1 557 736 554
1234 2 2 2 1 322 740 10
1235 2 2 2 1 217 737 216
1236 2 2 2 1 561 738 558
1237 2 2 2 1 215 739 214
1238 2 2 2 1 565 741 562
1239 2 2 2 1 21 765 413
1240 2 2 2 1 412 765 22
1241 2 2 2 1 213 742 212
1242 2 2 2 1 493 700 677
1243 2 2 2 1 390 745 204
1244 2 2 2 1 203 745 369
1245 2 2 2 1 369 750 202
1246 2 2 2 1 197 751 368
1247 2 2 2 1 791 800 645
1248 2 2 2 1 367 772 482
1249 2 2 2 1 207 743 206
1250 2 2 2 1 335 797 733
1251 2 2 2 1 725 802 329
1252 2 2 2 1 721 801 377
1253 2 2 2 1 717 799 330
1254 2 2 2 1 332 798 719
1255 2 2 2 1 771 806 762
1256 2 2 2 1 487 783 617
1257 2 2 2 1 677 700 393
1258 2 2 2 1 502 753 503
1259 2 2 2 1 501 767 474
1260 2 2 2 1 660 776 371
1261 2 2 2 1 204 745 203
1262 2 2 2 1 202 750 201
1263 2 2 2 1 198 751 197
1264 2 2 2 1 241 749 240
1265 2 2 2 1 481 787 476
1266 2 2 2 1 361 773 663
1267 2 2 2 1 685 775 748
1268 2 2 2 1 505 753 502
1269 2 2 2 1 658 787 481
1270 2 2 2 1 129 694 315
1271 2 2 2 1 315 704 128
1272 2 2 2 1 458 746 676
1273 2 2 2 1 676 746 416
1274 2 2 2 1 195 769 11
1275 2 2 2 1 617 783 662
1276 2 2 2 1 646 792 714
1277 2 2 2 1 714 791 645
1278 2 2 2 1 728 790 595
1279 2 2 2 1 716 793 386
1280 2 2 2 1 340 794 723
1281 2 2 2 1 731 789 579
1282 2 2 2 1 591 795 724
1283 2 2 2 1 483 772 660
1284 2 2 2 1 663 773 471
1285 2 2 2 1 243 754 242
1286 2 2 2 1 571 788 662
1287 2 2 2 1 431 755 362
1288 2 2 2 1 733 797 590
1289 2 2 2 1 581 802 725
1290 2 2 2 1 597 801 721
1291 2 2 2 1 607 799 717
1292 2 2 2 1 719 798 635
1293 2 2 2 1 429 771 434
1294 2 2 2 1 423 756 421
1295 2 2 2 1 427 758 428
1296 2 2 2 1 565 778 741
1297 2 2 2 1 472 777 474
1298 2 2 2 1 200 768 324
1299 2 2 2 1 637 784 373
1300 2 2 2 1 662 788 617
1301 2 2 2 1 343 778 654
1302 2 2 2 1 636 785 600
1303 2 2 2 1 317 786 592
1304 2 2 2 1 458 779 766
1305 2 2 2 1 244 782 359
1306 2 2 2 1 360 782 245
1307 2 2 2 1 685 748 433
1308 2 2 2 1 643 794 633
1309 2 2 2 1 620 789 341
1310 2 2 2 1 627 791 379
1311 2 2 2 1 379 792 638
1312 2 2 2 1 610 793 615
1313 2 2 2 1 647 790 415
1314 2 2 2 1 334 795 619
1315 2 2 2 1 66 757 65
1316 2 2 2 1 66 816 757
1317 2 2 2 1 568 805 705
1318 2 2 2 1 14 760 13
1319 2 2 2 1 342 775 685
1320 2 2 2 1 434 758 427
1321 2 2 2 1 373 784 671
1322 2 2 2 1 665 786 317
1323 2 2 2 1 664 785 636
1324 2 2 2 1 362 812 88
1325 2 2 2 1 131 808 8
1326 2 2 2 1 7 807 126
1327 2 2 2 1 679 817 780
1328 2 2 2 1 447 768 750
1329 2 2 2 1 390 814 745
1330 2 2 2 1 758 759 428
1331 2 2 2 1 705 805 624
1332 2 2 2 1 177 761 176
1333 2 2 2 1 443 774 442
1334 2 2 2 1 746 766 172
1335 2 2 2 1 176 761 365
1336 2 2 2 1 679 780 15
1337 2 2 2 1 366 762 166
1338 2 2 2 1 166 762 165
1339 2 2 2 1 165 762 404
1340 2 2 2 1 417 764 168
1341 2 2 2 1 174 763 416
1342 2 2 2 1 167 764 366
1343 2 2 2 1 365 763 175
1344 2 2 2 1 168 764 167
1345 2 2 2 1 175 763 174
1346 2 2 2 1 448 819 456
1347 2 2 2 1 438 809 673
1348 2 2 2 1 714 792 379
1349 2 2 2 1 615 793 716
1350 2 2 2 1 341 789 731
1351 2 2 2 1 723 794 643
1352 2 2 2 1 379 791 714
1353 2 2 2 1 415 790 728
1354 2 2 2 1 724 795 334
1355 2 2 2 1 766 779 392
1356 2 2 2 1 741 778 343
1357 2 2 2 1 172 766 171
1358 2 2 2 1 416 763 747
1359 2 2 2 1 13 760 253
1360 2 2 2 1 196 813 195
1361 2 2 2 1 169 770 417
1362 2 2 2 1 392 770 170
1363 2 2 2 1 474 767 473
1364 2 2 2 1 22 765 21
1365 2 2 2 1 752 774 443
1366 2 2 2 1 8 808 130
1367 2 2 2 1 127 807 7
1368 2 2 2 1 171 766 392
1369 2 2 2 1 11 769 367
1370 2 2 2 1 750 768 201
1371 2 2 2 1 458 766 746
1372 2 2 2 1 493 815 700
1373 2 2 2 1 457 781 428
1374 2 2 2 1 201 768 200
1375 2 2 2 1 700 815 655
1376 2 2 2 1 740 761 177
1377 2 2 2 1 420 812 423
1378 2 2 2 1 437 776 449
1379 2 2 2 1 672 821 674
1380 2 2 2 1 757 803 312
1381 2 2 2 1 747 820 423
1382 2 2 2 1 170 770 169
1383 2 2 2 1 471 773 469
1384 2 2 2 1 759 770 392
1385 2 2 2 1 412 777 765
1386 2 2 2 1 433 771 429
1387 2 2 2 1 482 772 483
1388 2 2 2 1 126 807 419
1389 2 2 2 1 488 808 131
1390 2 2 2 1 673 809 769
1391 2 2 2 1 423 820 756
1392 2 2 2 1 456 819 814
1393 2 2 2 1 446 803 444
1394 2 2 2 1 423 812 755
1395 2 2 2 1 773 810 469
1396 2 2 2 1 430 781 457
1397 2 2 2 1 614 775 613
1398 2 2 2 1 442 774 445
1399 2 2 2 1 14 780 760
1400 2 2 2 1 780 817 425
1401 2 2 2 1 469 810 468
1402 2 2 2 1 685 804 342
1403 2 2 2 1 428 781 363
1404 2 2 2 1 324 774 752
1405 2 2 2 1 468 810 466
1406 2 2 2 1 432 804 685
1407 2 2 2 1 470 777 472
1408 2 2 2 1 489 817 467
1409 2 2 2 1 691 810 773
1410 2 2 2 1 691 773 361
1411 2 2 2 1 657 776 437
1412 2 2 2 1 654 778 655
1413 2 2 2 1 457 779 458
1414 2 2 2 1 15 780 14
1415 2 2 2 1 497 784 637
1416 2 2 2 1 476 787 478
1417 2 2 2 1 245 782 244
1418 2 2 2 1 486 783 487
1419 2 2 2 1 600 785 602
1420 2 2 2 1 592 786 636
1421 2 2 2 1 324 818 774
1422 2 2 2 1 573 788 571
1423 2 2 2 1 694 808 488
1424 2 2 2 1 619 795 621
1425 2 2 2 1 648 790 647
1426 2 2 2 1 621 789 620
1427 2 2 2 1 612 793 610
1428 2 2 2 1 628 791 627
1429 2 2 2 1 638 792 606
1430 2 2 2 1 633 794 634
1431 2 2 2 1 498 796 497
1432 2 2 2 1 628 800 791
1433 2 2 2 1 419 807 704
1434 2 2 2 1 774 818 445
1435 2 2 2 1 377 801 643
1436 2 2 2 1 652 797 335
1437 2 2 2 1 329 802 648
1438 2 2 2 1 630 800 628
1439 2 2 2 1 330 799 646
1440 2 2 2 1 615 798 332
1441 2 2 2 1 368 813 196
1442 2 2 2 1 392 779 759
1443 2 2 2 1 481 811 658
1444 2 2 2 1 497 796 784
1445 2 2 2 1 342 804 6
1446 2 2 2 1 569 805 568
1447 2 2 2 1 425 817 489
1448 2 2 2 1 467 817 679
1449 2 2 2 1 765 777 470
1450 2 2 2 1 444 803 757
1451 2 2 2 1 494 815 493
1452 2 2 2 1 433 806 771
1453 2 2 2 1 67 816 66
1454 2 2 2 1 449 809 438
1455 2 2 2 1 456 814 453
1456 2 2 2 1 445 818 447
1457 2 2 2 1 404 806 748
1458 2 2 2 1 748 806 433
1459 2 2 2 1 673 821 672
1460 2 2 2 1 130 808 694
1461 2 2 2 1 704 807 127
1462 2 2 2 1 466 810 691
1463 2 2 2 1 769 809 367
1464 2 2 2 1 768 818 324
1465 2 2 2 1 755 812 362
1466 2 2 2 1 763 820 747
1467 2 2 2 1 762 806 404
1468 2 2 2 1 365 820 763
1469 2 2 2 1 756 820 365
1470 2 2 2 1 447 818 768
1471 2 2 2 1 813 821 673
1472 2 2 2 1 368 821 813
1473 2 2 1 2 1802 2571 2240
1474 2 2 1 2 1806 2564 2434
1475 2 2 1 2 2240 2571 840
1476 2 2 1 2 301 1995 300
1477 2 2 1 2 2034 2272 1807
1478 2 2 1 2 2111 2241 1535
1479 2 2 1 2 2118 2549 832
1480 2 2 1 2 2288 2621 2127
1481 2 2 1 2 1957 2543 1715
1482 2 2 1 2 1809 2298 882
1483 2 2 1 2 1924 1926 1716
1484 2 2 1 2 882 2566 1809
1485 2 2 1 2 1821 1876 883
1486 2 2 1 2 1817 1995 838
1487 2 2 1 2 829 2272 2034
1488 2 2 1 2 1715 2543 1716
1489 2 2 1 2 1818 1896 833
1490 2 2 1 2 838 1994 1817
1491 2 2 1 2 883 1876 63
1492 2 2 1 2 1811 2621 2288
1493 2 2 1 2 825 1879 1819
1494 2 2 1 2 1795 2562 2561
1495 2 2 1 2 1824 2620 854
1496 2 2 1 2 856 2586 1830
1497 2 2 1 2 2434 2564 855
1498 2 2 1 2 1625 2288 2127
1499 2 2 1 2 826 1899 1822
1500 2 2 1 2 833 1897 1818
1501 2 2 1 2 1543 1897 1568
1502 2 2 1 2 1819 1880 825
1503 2 2 1 2 21 1982 22
1504 2 2 1 2 2109 2241 2111
1505 2 2 1 2 2082 2084 1722
1506 2 2 1 2 1995 1997 867
1507 2 2 1 2 63 1876 64
1508 2 2 1 2 858 1927 1926
1509 2 2 1 2 1997 2596 867
1510 2 2 1 2 855 2557 2434
1511 2 2 1 2 1926 1927 1716
1512 2 2 1 2 1834 1979 1799
1513 2 2 1 2 2117 2549 2118
1514 2 2 1 2 842 2565 2232
1515 2 2 1 2 842 2232 2231
1516 2 2 1 2 838 1995 301
1517 2 2 1 2 300 1995 867
1518 2 2 1 2 883 1877 1821
1519 2 2 1 2 2080 2557 855
1520 2 2 1 2 1822 1900 826
1521 2 2 1 2 1828 2629 824
1522 2 2 1 2 1830 2586 888
1523 2 2 1 2 1825 2620 1824
1524 2 2 1 2 1713 2441 1997
1525 2 2 1 2 1830 2535 856
1526 2 2 1 2 854 1849 1824
1527 2 2 1 2 1711 1994 1712
1528 2 2 1 2 1834 2579 1979
1529 2 2 1 2 111 2122 112
1530 2 2 1 2 1657 1900 1658
1531 2 2 1 2 1535 2373 2111
1532 2 2 1 2 858 2573 1927
1533 2 2 1 2 2084 2459 1722
1534 2 2 1 2 125 1925 126
1535 2 2 1 2 261 2564 1827
1536 2 2 1 2 1724 2576 2570
1537 2 2 1 2 877 2547 1815
1538 2 2 1 2 1561 1877 1560
1539 2 2 1 2 824 2470 1828
1540 2 2 1 2 2526 2567 1981
1541 2 2 1 2 1827 2612 261
1542 2 2 1 2 1568 1897 1776
1543 2 2 1 2 1818 1897 1543
1544 2 2 1 2 2307 2314 1456
1545 2 2 1 2 268 2131 267
1546 2 2 1 2 287 1899 826
1547 2 2 1 2 2109 2536 2241
1548 2 2 1 2 1810 2313 1934
1549 2 2 1 2 2561 2585 1795
1550 2 2 1 2 22 1982 884
1551 2 2 1 2 889 1982 21
1552 2 2 1 2 74 1880 75
1553 2 2 1 2 1817 1994 1711
1554 2 2 1 2 1829 2272 829
1555 2 2 1 2 1815 2606 877
1556 2 2 1 2 1625 2127 2126
1557 2 2 1 2 2011 2276 2267
1558 2 2 1 2 863 2310 1833
1559 2 2 1 2 2313 2314 1934
1560 2 2 1 2 62 2522 3
1561 2 2 1 2 1831 2629 1828
1562 2 2 1 2 1725 2130 2129
1563 2 2 1 2 1878 1884 1804
1564 2 2 1 2 888 2292 1830
1565 2 2 1 2 72 1881 73
1566 2 2 1 2 1795 2595 2562
1567 2 2 1 2 824 2559 2470
1568 2 2 1 2 1997 2441 1756
1569 2 2 1 2 1401 2548 1378
1570 2 2 1 2 1820 1863 1862
1571 2 2 1 2 829 2555 1829
1572 2 2 1 2 2129 2131 1725
1573 2 2 1 2 1925 2611 126
1574 2 2 1 2 2570 2576 2074
1575 2 2 1 2 891 1836 834
1576 2 2 1 2 1827 2564 1806
1577 2 2 1 2 834 1836 1832
1578 2 2 1 2 1713 1997 1817
1579 2 2 1 2 1981 1982 889
1580 2 2 1 2 892 1836 891
1581 2 2 1 2 2122 2551 112
1582 2 2 1 2 1994 1996 1712
1583 2 2 1 2 1981 2567 1982
1584 2 2 1 2 832 2600 2118
1585 2 2 1 2 872 2597 2577
1586 2 2 1 2 1704 1900 1657
1587 2 2 1 2 1658 1900 1822
1588 2 2 1 2 1716 2543 1924
1589 2 2 1 2 848 2598 2578
1590 2 2 1 2 854 2556 1849
1591 2 2 1 2 1821 1877 1561
1592 2 2 1 2 877 2122 111
1593 2 2 1 2 2470 2559 1796
1594 2 2 1 2 254 18 2
1595 2 2 1 2 870 2536 2109
1596 2 2 1 2 2126 2540 1625
1597 2 2 1 2 1227 1888 1835
1598 2 2 1 2 120 1905 852
1599 2 2 1 2 1800 2314 2307
1600 2 2 1 2 1456 2314 2313
1601 2 2 1 2 267 2131 2129
1602 2 2 1 2 844 2131 268
1603 2 2 1 2 1560 1877 1832
1604 2 2 1 2 825 1880 74
1605 2 2 1 2 75 1880 881
1606 2 2 1 2 1380 2538 1381
1607 2 2 1 2 1820 1879 1863
1608 2 2 1 2 1832 2522 834
1609 2 2 1 2 1835 1888 1837
1610 2 2 1 2 1837 1888 979
1611 2 2 1 2 291 2629 1831
1612 2 2 1 2 288 1899 287
1613 2 2 1 2 2599 2602 2355
1614 2 2 1 2 107 2038 108
1615 2 2 1 2 5 2620 2584
1616 2 2 1 2 1401 1884 1878
1617 2 2 1 2 1549 2413 1889
1618 2 2 1 2 280 2593 2569
1619 2 2 1 2 880 1881 72
1620 2 2 1 2 1849 2556 1801
1621 2 2 1 2 3 2522 883
1622 2 2 1 2 2577 2597 1812
1623 2 2 1 2 2578 2598 1813
1624 2 2 1 2 1820 1878 1804
1625 2 2 1 2 1831 2607 291
1626 2 2 1 2 892 2531 1836
1627 2 2 1 2 894 2531 892
1628 2 2 1 2 1878 2548 1401
1629 2 2 1 2 73 1881 825
1630 2 2 1 2 1896 2566 882
1631 2 2 1 2 2011 2573 2276
1632 2 2 1 2 1558 1930 1552
1633 2 2 1 2 119 1905 120
1634 2 2 1 2 1396 2524 1391
1635 2 2 1 2 1835 1930 1227
1636 2 2 1 2 2554 2580 1823
1637 2 2 1 2 1862 1878 1820
1638 2 2 1 2 1897 2546 1776
1639 2 2 1 2 904 1841 902
1640 2 2 1 2 1861 2538 1380
1641 2 2 1 2 1838 1840 1114
1642 2 2 1 2 860 2602 2599
1643 2 2 1 2 1819 1879 1820
1644 2 2 1 2 2385 2619 1953
1645 2 2 1 2 910 2416 908
1646 2 2 1 2 1889 2413 1837
1647 2 2 1 2 1865 2404 1556
1648 2 2 1 2 1951 1953 1748
1649 2 2 1 2 1953 2590 2385
1650 2 2 1 2 882 2604 1896
1651 2 2 1 2 979 1889 1837
1652 2 2 1 2 1910 2521 1844
1653 2 2 1 2 1776 2546 2542
1654 2 2 1 2 908 2416 1868
1655 2 2 1 2 1952 2544 2535
1656 2 2 1 2 1060 1846 1086
1657 2 2 1 2 1833 2563 863
1658 2 2 1 2 1852 2524 1396
1659 2 2 1 2 1114 1868 1838
1660 2 2 1 2 2037 2038 107
1661 2 2 1 2 108 2038 822
1662 2 2 1 2 908 1868 906
1663 2 2 1 2 1967 2357 1842
1664 2 2 1 2 1817 1997 1995
1665 2 2 1 2 1203 1910 1842
1666 2 2 1 2 2593 2621 1816
1667 2 2 1 2 1842 2357 1203
1668 2 2 1 2 2513 2523 1841
1669 2 2 1 2 1114 1841 904
1670 2 2 1 2 1345 2357 1967
1671 2 2 1 2 1840 1841 1114
1672 2 2 1 2 1110 1867 1109
1673 2 2 1 2 1889 2523 2513
1674 2 2 1 2 1843 1867 1110
1675 2 2 1 2 1846 2404 1865
1676 2 2 1 2 1109 1867 1132
1677 2 2 1 2 1110 1845 1843
1678 2 2 1 2 1814 2557 2080
1679 2 2 1 2 1583 2478 1361
1680 2 2 1 2 2584 2620 1825
1681 2 2 1 2 889 2630 1981
1682 2 2 1 2 1583 1935 1869
1683 2 2 1 2 1552 1930 1835
1684 2 2 1 2 2535 2544 856
1685 2 2 1 2 1738 1930 1558
1686 2 2 1 2 1203 2521 1910
1687 2 2 1 2 1362 2518 2516
1688 2 2 1 2 2569 2593 1816
1689 2 2 1 2 863 2613 2310
1690 2 2 1 2 906 1868 1114
1691 2 2 1 2 1748 2572 1951
1692 2 2 1 2 1869 2478 1583
1693 2 2 1 2 1993 1996 1994
1694 2 2 1 2 866 1996 1993
1695 2 2 1 2 1889 2513 1549
1696 2 2 1 2 867 2596 2555
1697 2 2 1 2 828 2579 1834
1698 2 2 1 2 1378 2548 1380
1699 2 2 1 2 1246 2017 1847
1700 2 2 1 2 1086 1846 1110
1701 2 2 1 2 1807 2618 2034
1702 2 2 1 2 1824 1850 1548
1703 2 2 1 2 913 2416 910
1704 2 2 1 2 1958 2529 2440
1705 2 2 1 2 1752 2491 2016
1706 2 2 1 2 1961 2440 1788
1707 2 2 1 2 1848 2017 1224
1708 2 2 1 2 1873 1985 1348
1709 2 2 1 2 1224 2016 1848
1710 2 2 1 2 1384 2537 1385
1711 2 2 1 2 1741 2038 2037
1712 2 2 1 2 1872 1985 1873
1713 2 2 1 2 1120 1985 1872
1714 2 2 1 2 1722 2625 2082
1715 2 2 1 2 1395 2453 1870
1716 2 2 1 2 1849 1850 1824
1717 2 2 1 2 1766 2329 2328
1718 2 2 1 2 1816 2621 1811
1719 2 2 1 2 1736 1849 1801
1720 2 2 1 2 1866 1990 1425
1721 2 2 1 2 1229 2418 2013
1722 2 2 1 2 1188 2533 2532
1723 2 2 1 2 1060 2404 1846
1724 2 2 1 2 2532 2533 1839
1725 2 2 1 2 1391 2524 1395
1726 2 2 1 2 1229 1989 1874
1727 2 2 1 2 1788 2437 1961
1728 2 2 1 2 1864 2537 1384
1729 2 2 1 2 1294 1901 1851
1730 2 2 1 2 1635 2328 2182
1731 2 2 1 2 1736 1850 1849
1732 2 2 1 2 1536 1927 1683
1733 2 2 1 2 1556 2516 1865
1734 2 2 1 2 1110 1846 1845
1735 2 2 1 2 1871 1893 1173
1736 2 2 1 2 1716 1927 1536
1737 2 2 1 2 1173 1893 1133
1738 2 2 1 2 1874 2418 1229
1739 2 2 1 2 2229 2264 1751
1740 2 2 1 2 2080 2589 1814
1741 2 2 1 2 1381 2538 1384
1742 2 2 1 2 1847 2328 1246
1743 2 2 1 2 2016 2491 1848
1744 2 2 1 2 844 2550 2131
1745 2 2 1 2 1851 1902 1294
1746 2 2 1 2 834 2522 62
1747 2 2 1 2 1227 2531 894
1748 2 2 1 2 1178 2017 1246
1749 2 2 1 2 1989 1990 1874
1750 2 2 1 2 1902 2371 1173
1751 2 2 1 2 1394 1885 1402
1752 2 2 1 2 1703 1990 1866
1753 2 2 1 2 1348 2039 1873
1754 2 2 1 2 1841 2523 902
1755 2 2 1 2 1111 2449 1087
1756 2 2 1 2 1872 2264 1120
1757 2 2 1 2 1224 2017 1178
1758 2 2 1 2 850 2580 2554
1759 2 2 1 2 1844 2521 1867
1760 2 2 1 2 1850 1908 1548
1761 2 2 1 2 1793 2445 1791
1762 2 2 1 2 1870 1885 1395
1763 2 2 1 2 1896 2604 833
1764 2 2 1 2 2021 2399 2023
1765 2 2 1 2 1877 2522 1832
1766 2 2 1 2 1425 2264 1866
1767 2 2 1 2 1791 2445 1795
1768 2 2 1 2 1851 2371 1902
1769 2 2 1 2 1133 1893 1111
1770 2 2 1 2 2516 2518 1865
1771 2 2 1 2 1361 2478 2182
1772 2 2 1 2 1173 2371 1871
1773 2 2 1 2 1434 2027 2023
1774 2 2 1 2 1838 1868 1839
1775 2 2 1 2 1766 2328 1635
1776 2 2 1 2 2025 2076 1653
1777 2 2 1 2 4 842 70
1778 2 2 1 2 1935 2516 1869
1779 2 2 1 2 1020 2520 2438
1780 2 2 1 2 1559 1561 1560
1781 2 2 1 2 1983 2315 2039
1782 2 2 1 2 1886 2076 1245
1783 2 2 1 2 1653 2076 1886
1784 2 2 1 2 1847 2017 1749
1785 2 2 1 2 1749 2017 1848
1786 2 2 1 2 1559 1870 1562
1787 2 2 1 2 1697 1875 1821
1788 2 2 1 2 2023 2399 1434
1789 2 2 1 2 2328 2329 1246
1790 2 2 1 2 1874 1990 1703
1791 2 2 1 2 1395 1885 1394
1792 2 2 1 2 1875 1876 1821
1793 2 2 1 2 1585 2515 2015
1794 2 2 1 2 2407 2490 1963
1795 2 2 1 2 1402 1885 1472
1796 2 2 1 2 911 2151 980
1797 2 2 1 2 1294 1908 1901
1798 2 2 1 2 1751 2264 1872
1799 2 2 1 2 1866 2264 2229
1800 2 2 1 2 1834 2637 828
1801 2 2 1 2 1609 2213 2183
1802 2 2 1 2 1562 1697 1561
1803 2 2 1 2 1901 1908 1850
1804 2 2 1 2 1891 2395 1718
1805 2 2 1 2 1851 1901 1600
1806 2 2 1 2 92 856 6
1807 2 2 1 2 1893 2449 1111
1808 2 2 1 2 2013 2418 1585
1809 2 2 1 2 1790 1875 1697
1810 2 2 1 2 2182 2478 1635
1811 2 2 1 2 1559 1562 1561
1812 2 2 1 2 2174 2498 2173
1813 2 2 1 2 2231 2232 1854
1814 2 2 1 2 2182 2328 1847
1815 2 2 1 2 1697 1821 1561
1816 2 2 1 2 1557 1870 1559
1817 2 2 1 2 1557 1559 1558
1818 2 2 1 2 1434 2151 2027
1819 2 2 1 2 896 1888 1227
1820 2 2 1 2 1869 2516 1556
1821 2 2 1 2 2024 2183 1316
1822 2 2 1 2 1653 2183 2025
1823 2 2 1 2 2440 2529 1788
1824 2 2 1 2 2027 2444 2403
1825 2 2 1 2 1137 2458 2390
1826 2 2 1 2 1767 2395 1891
1827 2 2 1 2 2534 2537 1864
1828 2 2 1 2 1642 2443 1781
1829 2 2 1 2 851 2504 54
1830 2 2 1 2 1401 2336 1884
1831 2 2 1 2 1719 2379 2005
1832 2 2 1 2 1698 1790 1697
1833 2 2 1 2 1990 2197 1425
1834 2 2 1 2 1559 1560 1558
1835 2 2 1 2 1989 2197 1990
1836 2 2 1 2 2153 2435 851
1837 2 2 1 2 2415 2467 1681
1838 2 2 1 2 2432 2435 2153
1839 2 2 1 2 825 1881 1879
1840 2 2 1 2 2039 2315 1750
1841 2 2 1 2 979 2523 1889
1842 2 2 1 2 1882 2417 1210
1843 2 2 1 2 1867 2521 1132
1844 2 2 1 2 1600 1901 1736
1845 2 2 1 2 1388 1391 1390
1846 2 2 1 2 1894 2401 1088
1847 2 2 1 2 1883 2412 1758
1848 2 2 1 2 1210 2417 2414
1849 2 2 1 2 1088 2401 1915
1850 2 2 1 2 1873 2491 1752
1851 2 2 1 2 2005 2006 1719
1852 2 2 1 2 883 2522 1877
1853 2 2 1 2 1411 1908 1293
1854 2 2 1 2 2412 2414 1758
1855 2 2 1 2 1983 2039 1348
1856 2 2 1 2 1960 2440 1961
1857 2 2 1 2 2402 2464 1974
1858 2 2 1 2 1566 1942 1940
1859 2 2 1 2 1366 1944 1364
1860 2 2 1 2 2425 2461 2035
1861 2 2 1 2 909 2151 911
1862 2 2 1 2 2092 2452 2389
1863 2 2 1 2 2024 2399 2021
1864 2 2 1 2 980 2151 1434
1865 2 2 1 2 2183 2213 1316
1866 2 2 1 2 1996 2512 1712
1867 2 2 1 2 1781 2443 2438
1868 2 2 1 2 1875 2585 847
1869 2 2 1 2 2411 2457 1977
1870 2 2 1 2 1609 2183 1653
1871 2 2 1 2 1404 2303 2302
1872 2 2 1 2 1938 2003 1162
1873 2 2 1 2 87 860 88
1874 2 2 1 2 896 1227 894
1875 2 2 1 2 1846 1865 1845
1876 2 2 1 2 1362 2516 1935
1877 2 2 1 2 1391 1395 1394
1878 2 2 1 2 1566 1944 1942
1879 2 2 1 2 1883 2403 1062
1880 2 2 1 2 2003 2004 1162
1881 2 2 1 2 1569 1936 1892
1882 2 2 1 2 1736 1901 1850
1883 2 2 1 2 1120 2264 1425
1884 2 2 1 2 1892 1936 1574
1885 2 2 1 2 1162 2271 1938
1886 2 2 1 2 1397 1962 1890
1887 2 2 1 2 1293 1908 1294
1888 2 2 1 2 90 888 91
1889 2 2 1 2 1472 1557 1552
1890 2 2 1 2 1573 1938 1937
1891 2 2 1 2 2414 2417 1758
1892 2 2 1 2 1548 1908 1411
1893 2 2 1 2 1388 1396 1391
1894 2 2 1 2 1062 2412 1883
1895 2 2 1 2 2555 2596 1829
1896 2 2 1 2 1940 1991 1566
1897 2 2 1 2 2345 2428 1308
1898 2 2 1 2 1593 2349 1622
1899 2 2 1 2 1210 2423 1882
1900 2 2 1 2 1887 2345 1170
1901 2 2 1 2 1562 1698 1697
1902 2 2 1 2 1364 1944 1566
1903 2 2 1 2 2120 2551 2122
1904 2 2 1 2 1938 2271 1937
1905 2 2 1 2 1791 1795 1790
1906 2 2 1 2 1385 1388 1387
1907 2 2 1 2 1669 2006 1668
1908 2 2 1 2 1245 2390 1886
1909 2 2 1 2 1492 2172 2008
1910 2 2 1 2 1316 2399 2024
1911 2 2 1 2 2353 2359 1506
1912 2 2 1 2 1905 2568 852
1913 2 2 1 2 1773 2350 1170
1914 2 2 1 2 2387 2477 2154
1915 2 2 1 2 1786 2567 2526
1916 2 2 1 2 1221 1902 1172
1917 2 2 1 2 1944 2331 2302
1918 2 2 1 2 2302 2331 1404
1919 2 2 1 2 1773 2353 2350
1920 2 2 1 2 2332 2336 1397
1921 2 2 1 2 1573 1937 1936
1922 2 2 1 2 1868 2416 1839
1923 2 2 1 2 1884 2336 2332
1924 2 2 1 2 1898 2349 1593
1925 2 2 1 2 1773 2359 2353
1926 2 2 1 2 2403 2444 1062
1927 2 2 1 2 1573 1936 1569
1928 2 2 1 2 1160 2004 1201
1929 2 2 1 2 1294 1902 1221
1930 2 2 1 2 1404 2334 2303
1931 2 2 1 2 1915 2101 1916
1932 2 2 1 2 1170 2350 1887
1933 2 2 1 2 1718 2395 1719
1934 2 2 1 2 900 2523 979
1935 2 2 1 2 979 1888 898
1936 2 2 1 2 2438 2520 1781
1937 2 2 1 2 1162 2004 1160
1938 2 2 1 2 2032 2203 2030
1939 2 2 1 2 1032 1916 1363
1940 2 2 1 2 1737 1909 1903
1941 2 2 1 2 1574 2008 1892
1942 2 2 1 2 1794 1824 1548
1943 2 2 1 2 1794 1825 1824
1944 2 2 1 2 1172 1902 1173
1945 2 2 1 2 1388 1390 1387
1946 2 2 1 2 1376 2336 1401
1947 2 2 1 2 1668 2006 2003
1948 2 2 1 2 1903 1909 1733
1949 2 2 1 2 1895 1929 1729
1950 2 2 1 2 2025 2183 2024
1951 2 2 1 2 898 1888 896
1952 2 2 1 2 1033 1916 1032
1953 2 2 1 2 1976 2215 1414
1954 2 2 1 2 1408 1929 1542
1955 2 2 1 2 1939 1991 1940
1956 2 2 1 2 1415 1912 916
1957 2 2 1 2 916 1912 918
1958 2 2 1 2 1975 1976 1414
1959 2 2 1 2 1087 2449 1088
1960 2 2 1 2 1719 2395 2379
1961 2 2 1 2 1914 2316 1591
1962 2 2 1 2 1906 1912 1415
1963 2 2 1 2 1921 2311 1920
1964 2 2 1 2 836 2490 2407
1965 2 2 1 2 1593 2008 1898
1966 2 2 1 2 1890 2332 1397
1967 2 2 1 2 1414 2007 1975
1968 2 2 1 2 1382 2316 1914
1969 2 2 1 2 1719 2006 1669
1970 2 2 1 2 1020 1955 1945
1971 2 2 1 2 1673 2417 1882
1972 2 2 1 2 2162 2495 2493
1973 2 2 1 2 2004 2006 2005
1974 2 2 1 2 1581 2311 1921
1975 2 2 1 2 2008 2172 1892
1976 2 2 1 2 1415 1913 1906
1977 2 2 1 2 2493 2495 874
1978 2 2 1 2 61 891 834
1979 2 2 1 2 1392 2327 1962
1980 2 2 1 2 1419 2203 2032
1981 2 2 1 2 2302 2303 1943
1982 2 2 1 2 1492 2008 1593
1983 2 2 1 2 1915 2401 2101
1984 2 2 1 2 1372 1962 1397
1985 2 2 1 2 1282 2123 2053
1986 2 2 1 2 1472 1885 1557
1987 2 2 1 2 1366 2331 1944
1988 2 2 1 2 1735 1911 1564
1989 2 2 1 2 1941 1955 1412
1990 2 2 1 2 2351 2400 2167
1991 2 2 1 2 2004 2005 1201
1992 2 2 1 2 1542 1929 1895
1993 2 2 1 2 1391 1394 1390
1994 2 2 1 2 1962 2327 1890
1995 2 2 1 2 1622 2349 2032
1996 2 2 1 2 1975 2007 1584
1997 2 2 1 2 1409 1929 1408
1998 2 2 1 2 922 1959 919
1999 2 2 1 2 1479 1922 1550
2000 2 2 1 2 1959 1960 919
2001 2 2 1 2 846 1918 95
2002 2 2 1 2 1738 2531 1930
2003 2 2 1 2 1950 1951 846
2004 2 2 1 2 917 1960 1188
2005 2 2 1 2 2390 2458 1886
2006 2 2 1 2 1844 1922 1910
2007 2 2 1 2 94 1950 846
2008 2 2 1 2 2139 2344 2202
2009 2 2 1 2 823 1920 57
2010 2 2 1 2 1578 1913 1576
2011 2 2 1 2 2071 2325 2163
2012 2 2 1 2 2063 2144 1696
2013 2 2 1 2 1572 2002 1570
2014 2 2 1 2 2061 2144 2063
2015 2 2 1 2 2009 2031 1230
2016 2 2 1 2 1909 2123 1733
2017 2 2 1 2 1998 2306 2246
2018 2 2 1 2 1945 1955 1941
2019 2 2 1 2 1960 1961 1188
2020 2 2 1 2 1424 2144 2061
2021 2 2 1 2 1557 1558 1552
2022 2 2 1 2 1278 2138 1233
2023 2 2 1 2 1939 1940 1412
2024 2 2 1 2 1550 1922 1844
2025 2 2 1 2 1369 1954 1393
2026 2 2 1 2 1671 2457 2411
2027 2 2 1 2 58 1920 1919
2028 2 2 1 2 1045 1916 1033
2029 2 2 1 2 1588 2297 2293
2030 2 2 1 2 1547 1548 1411
2031 2 2 1 2 2061 2062 1424
2032 2 2 1 2 823 1921 1920
2033 2 2 1 2 1293 1294 1221
2034 2 2 1 2 844 2553 2550
2035 2 2 1 2 1172 1173 1133
2036 2 2 1 2 308 1923 865
2037 2 2 1 2 1681 1946 1931
2038 2 2 1 2 1367 1954 1369
2039 2 2 1 2 2031 2032 2030
2040 2 2 1 2 1563 1809 1729
2041 2 2 1 2 2053 2123 1909
2042 2 2 1 2 1887 2428 2345
2043 2 2 1 2 1680 1946 1681
2044 2 2 1 2 2418 2515 1585
2045 2 2 1 2 887 1925 1924
2046 2 2 1 2 1007 1939 1412
2047 2 2 1 2 1273 2170 1965
2048 2 2 1 2 1396 2534 1852
2049 2 2 1 2 100 1933 862
2050 2 2 1 2 2003 2006 2004
2051 2 2 1 2 1906 1913 1578
2052 2 2 1 2 1916 2101 1363
2053 2 2 1 2 1913 1992 1576
2054 2 2 1 2 1622 2031 2009
2055 2 2 1 2 853 2467 2415
2056 2 2 1 2 1986 2123 1282
2057 2 2 1 2 977 1948 959
2058 2 2 1 2 1917 2220 1267
2059 2 2 1 2 1942 2302 1943
2060 2 2 1 2 1563 1729 1462
2061 2 2 1 2 1542 1818 1543
2062 2 2 1 2 919 1960 917
2063 2 2 1 2 1408 1542 1410
2064 2 2 1 2 1019 1948 977
2065 2 2 1 2 1973 1975 1584
2066 2 2 1 2 1687 1964 1688
2067 2 2 1 2 1369 1392 1370
2068 2 2 1 2 61 834 62
2069 2 2 1 2 1367 1369 1368
2070 2 2 1 2 2019 2279 2220
2071 2 2 1 2 1688 1964 1963
2072 2 2 1 2 58 1919 59
2073 2 2 1 2 1365 1367 1366
2074 2 2 1 2 1087 1088 1061
2075 2 2 1 2 1013 1991 1939
2076 2 2 1 2 861 891 60
2077 2 2 1 2 2016 2294 1611
2078 2 2 1 2 1487 1922 1479
2079 2 2 1 2 1907 2356 1912
2080 2 2 1 2 1759 2300 2105
2081 2 2 1 2 1940 1942 1941
2082 2 2 1 2 1126 2052 1180
2083 2 2 1 2 1573 2002 1938
2084 2 2 1 2 1170 2345 1151
2085 2 2 1 2 1542 1543 1410
2086 2 2 1 2 2177 2227 1615
2087 2 2 1 2 2361 2375 1405
2088 2 2 1 2 1408 1410 1399
2089 2 2 1 2 1925 1926 1924
2090 2 2 1 2 1019 1949 1948
2091 2 2 1 2 1615 2227 2202
2092 2 2 1 2 1746 1967 1842
2093 2 2 1 2 1376 1401 1378
2094 2 2 1 2 1363 1365 1364
2095 2 2 1 2 1668 2003 2002
2096 2 2 1 2 1402 1472 1470
2097 2 2 1 2 1952 1953 1951
2098 2 2 1 2 1367 1368 1366
2099 2 2 1 2 2246 2306 1312
2100 2 2 1 2 1369 1370 1368
2101 2 2 1 2 1136 1991 1017
2102 2 2 1 2 1568 1776 1753
2103 2 2 1 2 1372 1397 1374
2104 2 2 1 2 57 1920 58
2105 2 2 1 2 1566 1991 1136
2106 2 2 1 2 1940 1941 1412
2107 2 2 1 2 1365 1366 1364
2108 2 2 1 2 1895 1896 1818
2109 2 2 1 2 1463 1563 1462
2110 2 2 1 2 1032 1363 1136
2111 2 2 1 2 1668 2002 1572
2112 2 2 1 2 1478 1970 1347
2113 2 2 1 2 1412 1955 1005
2114 2 2 1 2 1032 1136 1017
2115 2 2 1 2 1400 1408 1399
2116 2 2 1 2 1304 2012 1220
2117 2 2 1 2 887 1924 1923
2118 2 2 1 2 1501 2026 1988
2119 2 2 1 2 1363 1364 1136
2120 2 2 1 2 93 1950 94
2121 2 2 1 2 861 892 891
2122 2 2 1 2 1950 1952 1951
2123 2 2 1 2 96 1918 863
2124 2 2 1 2 1736 1801 1735
2125 2 2 1 2 1181 1221 1172
2126 2 2 1 2 1583 2012 1935
2127 2 2 1 2 1477 1947 1475
2128 2 2 1 2 1393 1399 1392
2129 2 2 1 2 947 949 946
2130 2 2 1 2 1163 1172 1133
2131 2 2 1 2 1942 1943 1941
2132 2 2 1 2 1643 1914 1591
2133 2 2 1 2 1428 2099 2098
2134 2 2 1 2 1186 1986 1282
2135 2 2 1 2 2078 2189 2046
2136 2 2 1 2 1370 1962 1372
2137 2 2 1 2 1570 2002 1573
2138 2 2 1 2 978 1000 977
2139 2 2 1 2 1580 1970 1478
2140 2 2 1 2 1267 2285 1917
2141 2 2 1 2 1584 1978 1973
2142 2 2 1 2 950 953 949
2143 2 2 1 2 960 977 959
2144 2 2 1 2 1428 2206 2099
2145 2 2 1 2 1086 1087 1061
2146 2 2 1 2 954 959 953
2147 2 2 1 2 930 1978 928
2148 2 2 1 2 1014 1017 1013
2149 2 2 1 2 1001 1020 1000
2150 2 2 1 2 1132 1133 1111
2151 2 2 1 2 1060 1061 1045
2152 2 2 1 2 1224 2294 2016
2153 2 2 1 2 1678 1947 1477
2154 2 2 1 2 94 846 95
2155 2 2 1 2 887 1923 309
2156 2 2 1 2 1018 1032 1017
2157 2 2 1 2 1965 2170 1964
2158 2 2 1 2 1680 2046 1946
2159 2 2 1 2 1424 2138 1278
2160 2 2 1 2 837 1934 1933
2161 2 2 1 2 2367 2376 1257
2162 2 2 1 2 1746 1842 1745
2163 2 2 1 2 1013 1939 1009
2164 2 2 1 2 2098 2196 1428
2165 2 2 1 2 914 915 913
2166 2 2 1 2 310 887 309
2167 2 2 1 2 1180 2052 1968
2168 2 2 1 2 1233 2138 1759
2169 2 2 1 2 1352 2010 1545
2170 2 2 1 2 2220 2279 1267
2171 2 2 1 2 2086 2110 2087
2172 2 2 1 2 306 1956 848
2173 2 2 1 2 1418 1462 1409
2174 2 2 1 2 886 1981 1980
2175 2 2 1 2 2100 2196 2098
2176 2 2 1 2 1971 1977 1972
2177 2 2 1 2 1115 1977 1971
2178 2 2 1 2 1109 1111 1087
2179 2 2 1 2 2163 2325 1420
2180 2 2 1 2 1061 1915 1045
2181 2 2 1 2 1494 2165 2142
2182 2 2 1 2 1748 1967 1746
2183 2 2 1 2 59 861 60
2184 2 2 1 2 1103 2095 2094
2185 2 2 1 2 961 2013 1585
2186 2 2 1 2 916 917 915
2187 2 2 1 2 1564 1911 1563
2188 2 2 1 2 928 1978 1584
2189 2 2 1 2 96 863 97
2190 2 2 1 2 1462 1929 1409
2191 2 2 1 2 1468 2119 1539
2192 2 2 1 2 835 2110 2086
2193 2 2 1 2 837 1933 99
2194 2 2 1 2 1683 2011 2010
2195 2 2 1 2 1096 2052 1126
2196 2 2 1 2 2042 2337 2079
2197 2 2 1 2 946 1959 922
2198 2 2 1 2 60 891 61
2199 2 2 1 2 2138 2300 1759
2200 2 2 1 2 105 1966 864
2201 2 2 1 2 1494 2142 2114
2202 2 2 1 2 1844 1867 1843
2203 2 2 1 2 2109 2111 2110
2204 2 2 1 2 2389 2452 1511
2205 2 2 1 2 2116 2118 1538
2206 2 2 1 2 1115 1971 937
2207 2 2 1 2 1223 1293 1221
2208 2 2 1 2 1687 1965 1964
2209 2 2 1 2 2071 2163 1612
2210 2 2 1 2 1600 1735 1564
2211 2 2 1 2 900 979 898
2212 2 2 1 2 1514 2464 2402
2213 2 2 1 2 1543 1568 1567
2214 2 2 1 2 865 1957 1956
2215 2 2 1 2 1591 2316 1406
2216 2 2 1 2 2062 2138 1424
2217 2 2 1 2 1230 2031 2029
2218 2 2 1 2 1370 1372 1371
2219 2 2 1 2 2202 2344 1615
2220 2 2 1 2 1220 2012 1218
2221 2 2 1 2 1935 2012 1304
2222 2 2 1 2 959 1928 953
2223 2 2 1 2 1542 1895 1818
2224 2 2 1 2 1545 2010 1797
2225 2 2 1 2 926 947 946
2226 2 2 1 2 1206 1983 1161
2227 2 2 1 2 1915 1916 1045
2228 2 2 1 2 1907 2367 2356
2229 2 2 1 2 1598 2149 2045
2230 2 2 1 2 1392 1962 1370
2231 2 2 1 2 98 837 99
2232 2 2 1 2 2293 2297 1965
2233 2 2 1 2 2105 2140 1759
2234 2 2 1 2 1043 1045 1033
2235 2 2 1 2 1180 1968 1231
2236 2 2 1 2 1731 1745 1487
2237 2 2 1 2 1348 1985 1119
2238 2 2 1 2 2068 2192 2180
2239 2 2 1 2 926 946 922
2240 2 2 1 2 2046 2189 1946
2241 2 2 1 2 959 1948 1928
2242 2 2 1 2 1196 1986 1186
2243 2 2 1 2 1568 1753 1575
2244 2 2 1 2 1479 1550 1478
2245 2 2 1 2 2110 2111 2087
2246 2 2 1 2 1103 2094 2093
2247 2 2 1 2 1842 1910 1745
2248 2 2 1 2 1347 1970 1305
2249 2 2 1 2 947 950 949
2250 2 2 1 2 1803 1819 1804
2251 2 2 1 2 1011 1013 1009
2252 2 2 1 2 1009 1939 1007
2253 2 2 1 2 1898 2008 1574
2254 2 2 1 2 886 1980 257
2255 2 2 1 2 1753 1803 1754
2256 2 2 1 2 953 1928 1073
2257 2 2 1 2 2119 2120 1539
2258 2 2 1 2 1007 1412 1005
2259 2 2 1 2 1993 1994 838
2260 2 2 1 2 1365 1640 1367
2261 2 2 1 2 1369 1393 1392
2262 2 2 1 2 1640 1954 1367
2263 2 2 1 2 848 1984 305
2264 2 2 1 2 1944 2302 1942
2265 2 2 1 2 2118 2119 1538
2266 2 2 1 2 1550 1844 1843
2267 2 2 1 2 2180 2192 1101
2268 2 2 1 2 912 2036 914
2269 2 2 1 2 1103 2100 2095
2270 2 2 1 2 1372 1374 1373
2271 2 2 1 2 2113 2251 2114
2272 2 2 1 2 100 862 101
2273 2 2 1 2 1563 1911 1809
2274 2 2 1 2 917 1188 915
2275 2 2 1 2 1112 2274 1230
2276 2 2 1 2 95 1918 96
2277 2 2 1 2 982 2033 1025
2278 2 2 1 2 1311 2256 1598
2279 2 2 1 2 1000 1019 977
2280 2 2 1 2 2149 2250 2045
2281 2 2 1 2 1472 1552 1551
2282 2 2 1 2 1350 2176 2175
2283 2 2 1 2 1400 1409 1408
2284 2 2 1 2 1538 2119 1468
2285 2 2 1 2 1090 1999 1118
2286 2 2 1 2 1381 1384 1383
2287 2 2 1 2 1463 1564 1563
2288 2 2 1 2 933 1978 930
2289 2 2 1 2 1536 1683 1458
2290 2 2 1 2 1731 1746 1745
2291 2 2 1 2 1576 1992 1184
2292 2 2 1 2 1988 2159 1501
2293 2 2 1 2 1230 2274 2009
2294 2 2 1 2 940 2001 1115
2295 2 2 1 2 1457 1478 1347
2296 2 2 1 2 1612 2133 2071
2297 2 2 1 2 912 914 913
2298 2 2 1 2 914 916 915
2299 2 2 1 2 1457 1479 1478
2300 2 2 1 2 1119 1985 1117
2301 2 2 1 2 1538 2134 2116
2302 2 2 1 2 862 1979 101
2303 2 2 1 2 953 1073 949
2304 2 2 1 2 2095 2100 2098
2305 2 2 1 2 950 954 953
2306 2 2 1 2 865 1956 307
2307 2 2 1 2 1089 1999 1090
2308 2 2 1 2 1374 1376 1375
2309 2 2 1 2 308 865 307
2310 2 2 1 2 912 913 910
2311 2 2 1 2 1968 1969 1645
2312 2 2 1 2 2068 2179 1235
2313 2 2 1 2 1350 2289 2249
2314 2 2 1 2 1230 2029 1071
2315 2 2 1 2 990 2093 992
2316 2 2 1 2 1022 2033 982
2317 2 2 1 2 1393 1400 1399
2318 2 2 1 2 2010 2011 1797
2319 2 2 1 2 954 960 959
2320 2 2 1 2 2025 2205 2076
2321 2 2 1 2 2106 2140 2105
2322 2 2 1 2 960 978 977
2323 2 2 1 2 1161 1983 1124
2324 2 2 1 2 1305 1970 1362
2325 2 2 1 2 1550 1843 1580
2326 2 2 1 2 2114 2251 1494
2327 2 2 1 2 945 2015 1416
2328 2 2 1 2 258 2000 886
2329 2 2 1 2 1305 1362 1304
2330 2 2 1 2 1437 2233 2050
2331 2 2 1 2 302 1993 838
2332 2 2 1 2 1971 1972 1228
2333 2 2 1 2 2076 2205 2075
2334 2 2 1 2 1432 1645 1513
2335 2 2 1 2 828 1966 104
2336 2 2 1 2 103 828 104
2337 2 2 1 2 1122 2106 1150
2338 2 2 1 2 1308 2055 2054
2339 2 2 1 2 1642 1643 1591
2340 2 2 1 2 2030 2203 2033
2341 2 2 1 2 950 2215 1167
2342 2 2 1 2 2049 2195 2179
2343 2 2 1 2 1200 1998 1281
2344 2 2 1 2 1017 1991 1013
2345 2 2 1 2 1415 2036 1913
2346 2 2 1 2 2069 2133 1309
2347 2 2 1 2 978 1001 1000
2348 2 2 1 2 1011 1014 1013
2349 2 2 1 2 1216 1218 1217
2350 2 2 1 2 1085 2175 1105
2351 2 2 1 2 1914 2375 2361
2352 2 2 1 2 1974 1976 1975
2353 2 2 1 2 1282 2266 1165
2354 2 2 1 2 2147 2339 2309
2355 2 2 1 2 1001 1955 1020
2356 2 2 1 2 1088 1915 1061
2357 2 2 1 2 2329 2352 1012
2358 2 2 1 2 1458 2010 1352
2359 2 2 1 2 2071 2133 2069
2360 2 2 1 2 1231 1968 1432
2361 2 2 1 2 1427 2092 2090
2362 2 2 1 2 1150 2106 1191
2363 2 2 1 2 1698 1791 1790
2364 2 2 1 2 1781 1782 1643
2365 2 2 1 2 1299 2150 1300
2366 2 2 1 2 1218 1306 1217
2367 2 2 1 2 2086 2146 835
2368 2 2 1 2 1235 2192 2068
2369 2 2 1 2 59 1919 861
2370 2 2 1 2 1584 2007 925
2371 2 2 1 2 1913 2036 1992
2372 2 2 1 2 1309 2072 2066
2373 2 2 1 2 1689 2499 2497
2374 2 2 1 2 1103 2093 990
2375 2 2 1 2 1432 1968 1645
2376 2 2 1 2 1299 2078 2046
2377 2 2 1 2 1216 1217 1207
2378 2 2 1 2 1683 2010 1458
2379 2 2 1 2 1907 1912 1906
2380 2 2 1 2 2066 2069 1309
2381 2 2 1 2 1645 1670 1513
2382 2 2 1 2 1648 1907 1906
2383 2 2 1 2 1418 1463 1462
2384 2 2 1 2 1732 1734 1733
2385 2 2 1 2 1622 2032 2031
2386 2 2 1 2 99 1933 100
2387 2 2 1 2 1352 1545 1351
2388 2 2 1 2 1545 1732 1582
2389 2 2 1 2 1972 1974 1973
2390 2 2 1 2 309 1923 308
2391 2 2 1 2 952 2015 945
2392 2 2 1 2 914 2036 1415
2393 2 2 1 2 1306 1583 1361
2394 2 2 1 2 2179 2195 1235
2395 2 2 1 2 1014 1018 1017
2396 2 2 1 2 1049 2137 1051
2397 2 2 1 2 2050 2233 1610
2398 2 2 1 2 1577 1578 1576
2399 2 2 1 2 256 1980 890
2400 2 2 1 2 1281 1998 1356
2401 2 2 1 2 906 1114 904
2402 2 2 1 2 1350 2175 1085
2403 2 2 1 2 935 1971 1228
2404 2 2 1 2 1729 1929 1462
2405 2 2 1 2 2053 2266 1282
2406 2 2 1 2 1292 1304 1220
2407 2 2 1 2 1222 1351 1196
2408 2 2 1 2 2142 2297 1588
2409 2 2 1 2 1648 1906 1578
2410 2 2 1 2 1202 1207 1206
2411 2 2 1 2 1019 2443 1949
2412 2 2 1 2 1125 2019 1313
2413 2 2 1 2 1356 1998 1601
2414 2 2 1 2 1292 1305 1304
2415 2 2 1 2 256 890 255
2416 2 2 1 2 1601 1772 1771
2417 2 2 1 2 1042 2054 1027
2418 2 2 1 2 1027 2054 1587
2419 2 2 1 2 2090 2091 1427
2420 2 2 1 2 1206 2315 1983
2421 2 2 1 2 981 2013 961
2422 2 2 1 2 1745 1922 1487
2423 2 2 1 2 1090 1117 1116
2424 2 2 1 2 1117 1985 1120
2425 2 2 1 2 1606 2014 1760
2426 2 2 1 2 2020 2026 1501
2427 2 2 1 2 1058 1059 1057
2428 2 2 1 2 1067 1068 1059
2429 2 2 1 2 1342 2134 1454
2430 2 2 1 2 935 1228 933
2431 2 2 1 2 1677 2040 1523
2432 2 2 1 2 829 2034 297
2433 2 2 1 2 1579 1648 1578
2434 2 2 1 2 1520 2035 1677
2435 2 2 1 2 1060 1086 1061
2436 2 2 1 2 2249 2289 1627
2437 2 2 1 2 1071 2029 1046
2438 2 2 1 2 1219 1220 1218
2439 2 2 1 2 1501 2159 1319
2440 2 2 1 2 1018 1033 1032
2441 2 2 1 2 1056 1057 1055
2442 2 2 1 2 1545 1582 1351
2443 2 2 1 2 940 1115 937
2444 2 2 1 2 1800 2307 1623
2445 2 2 1 2 2079 2337 1002
2446 2 2 1 2 304 1984 866
2447 2 2 1 2 1089 1090 1068
2448 2 2 1 2 1118 1119 1117
2449 2 2 1 2 1937 2271 1999
2450 2 2 1 2 1374 2336 1376
2451 2 2 1 2 1732 1733 1582
2452 2 2 1 2 1124 1983 1348
2453 2 2 1 2 1043 1060 1045
2454 2 2 1 2 1356 1601 1509
2455 2 2 1 2 1787 1789 1678
2456 2 2 1 2 1550 1580 1478
2457 2 2 1 2 2002 2003 1938
2458 2 2 1 2 948 2001 940
2459 2 2 1 2 1531 1591 1406
2460 2 2 1 2 947 2215 950
2461 2 2 1 2 1215 1216 1207
2462 2 2 1 2 2095 2096 2094
2463 2 2 1 2 1734 1904 1903
2464 2 2 1 2 1992 2036 921
2465 2 2 1 2 1598 2256 2149
2466 2 2 1 2 1124 1348 1119
2467 2 2 1 2 1998 2246 1601
2468 2 2 1 2 1202 1206 1161
2469 2 2 1 2 1376 1378 1377
2470 2 2 1 2 2019 2220 2014
2471 2 2 1 2 937 1971 935
2472 2 2 1 2 1269 1576 1184
2473 2 2 1 2 1734 1903 1733
2474 2 2 1 2 1160 1161 1124
2475 2 2 1 2 1313 2019 1505
2476 2 2 1 2 1505 2019 2014
2477 2 2 1 2 1123 1124 1119
2478 2 2 1 2 1579 2107 1648
2479 2 2 1 2 1346 1347 1305
2480 2 2 1 2 2028 2033 1022
2481 2 2 1 2 918 919 917
2482 2 2 1 2 306 848 305
2483 2 2 1 2 2102 2190 2049
2484 2 2 1 2 1201 1202 1161
2485 2 2 1 2 926 2007 1414
2486 2 2 1 2 1760 1764 1664
2487 2 2 1 2 866 1993 303
2488 2 2 1 2 1920 2311 1919
2489 2 2 1 2 1222 1352 1351
2490 2 2 1 2 1972 1973 1228
2491 2 2 1 2 1024 2028 1022
2492 2 2 1 2 992 2093 1427
2493 2 2 1 2 1122 2140 2106
2494 2 2 1 2 1218 2012 1306
2495 2 2 1 2 1752 2016 1611
2496 2 2 1 2 1734 1905 1904
2497 2 2 1 2 2064 2072 1595
2498 2 2 1 2 2120 2121 1539
2499 2 2 1 2 1236 2137 1049
2500 2 2 1 2 2056 2219 1587
2501 2 2 1 2 1965 2297 1273
2502 2 2 1 2 1318 2020 1501
2503 2 2 1 2 1454 2134 1538
2504 2 2 1 2 1046 2028 1024
2505 2 2 1 2 2029 2030 2028
2506 2 2 1 2 859 2000 259
2507 2 2 1 2 1760 1917 1764
2508 2 2 1 2 1117 1120 1116
2509 2 2 1 2 1269 1577 1576
2510 2 2 1 2 2050 2290 2051
2511 2 2 1 2 2066 2072 2064
2512 2 2 1 2 1046 2029 2028
2513 2 2 1 2 1090 1118 1117
2514 2 2 1 2 2046 2150 1299
2515 2 2 1 2 105 864 106
2516 2 2 1 2 263 2080 855
2517 2 2 1 2 1168 1170 1151
2518 2 2 1 2 869 2074 2073
2519 2 2 1 2 1429 1999 1089
2520 2 2 1 2 916 918 917
2521 2 2 1 2 304 866 303
2522 2 2 1 2 2054 2055 1587
2523 2 2 1 2 1718 1719 1669
2524 2 2 1 2 1545 1797 1732
2525 2 2 1 2 1052 2091 2088
2526 2 2 1 2 1025 1055 981
2527 2 2 1 2 1606 1760 1664
2528 2 2 1 2 2029 2031 2030
2529 2 2 1 2 1056 1058 1057
2530 2 2 1 2 1025 1056 1055
2531 2 2 1 2 1058 1067 1059
2532 2 2 1 2 1525 2040 1785
2533 2 2 1 2 2055 2056 1587
2534 2 2 1 2 1523 2040 1525
2535 2 2 1 2 1057 1989 1229
2536 2 2 1 2 1184 1992 1079
2537 2 2 1 2 1268 1586 1444
2538 2 2 1 2 258 886 257
2539 2 2 1 2 1974 1975 1973
2540 2 2 1 2 1204 1286 1205
2541 2 2 1 2 2095 2097 2096
2542 2 2 1 2 961 1585 957
2543 2 2 1 2 1603 2014 1606
2544 2 2 1 2 2129 2130 849
2545 2 2 1 2 1156 2154 1244
2546 2 2 1 2 1543 1567 1410
2547 2 2 1 2 941 2132 948
2548 2 2 1 2 1168 1773 1170
2549 2 2 1 2 1090 1116 1068
2550 2 2 1 2 1306 1361 1360
2551 2 2 1 2 1362 1935 1304
2552 2 2 1 2 1606 1664 1649
2553 2 2 1 2 1843 1845 1580
2554 2 2 1 2 1286 1287 1205
2555 2 2 1 2 1098 1308 1077
2556 2 2 1 2 1936 1937 1429
2557 2 2 1 2 1344 2172 1492
2558 2 2 1 2 1505 2014 1603
2559 2 2 1 2 928 1584 925
2560 2 2 1 2 1213 2078 1195
2561 2 2 1 2 1456 1457 1347
2562 2 2 1 2 1577 1579 1578
2563 2 2 1 2 1533 1678 1477
2564 2 2 1 2 307 1956 306
2565 2 2 1 2 1601 1771 1509
2566 2 2 1 2 1286 1341 1287
2567 2 2 1 2 1112 1230 1071
2568 2 2 1 2 1059 1989 1057
2569 2 2 1 2 1451 1672 1452
2570 2 2 1 2 1667 1669 1668
2571 2 2 1 2 1661 2269 1253
2572 2 2 1 2 1370 1371 1368
2573 2 2 1 2 871 2082 2081
2574 2 2 1 2 1186 1282 1165
2575 2 2 1 2 1674 1758 1672
2576 2 2 1 2 1039 2198 2185
2577 2 2 1 2 1598 2045 2041
2578 2 2 1 2 1611 2294 1349
2579 2 2 1 2 2185 2198 2155
2580 2 2 1 2 1351 1986 1196
2581 2 2 1 2 1077 2054 1042
2582 2 2 1 2 1214 2104 1493
2583 2 2 1 2 1364 1566 1136
2584 2 2 1 2 1306 2012 1583
2585 2 2 1 2 2047 2064 1595
2586 2 2 1 2 1204 1205 1157
2587 2 2 1 2 861 893 892
2588 2 2 1 2 1937 1999 1429
2589 2 2 1 2 1341 1342 1287
2590 2 2 1 2 302 838 301
2591 2 2 1 2 864 2037 106
2592 2 2 1 2 1067 1089 1068
2593 2 2 1 2 1798 2193 2121
2594 2 2 1 2 1679 1778 1650
2595 2 2 1 2 1051 2137 1080
2596 2 2 1 2 1486 1487 1479
2597 2 2 1 2 2088 2091 2090
2598 2 2 1 2 1047 1071 1046
2599 2 2 1 2 1968 2052 1969
2600 2 2 1 2 2121 2193 1539
2601 2 2 1 2 1521 1650 1519
2602 2 2 1 2 1361 2182 1553
2603 2 2 1 2 1057 1229 1055
2604 2 2 1 2 1350 2249 2176
2605 2 2 1 2 260 859 259
2606 2 2 1 2 1035 2128 1036
2607 2 2 1 2 926 1414 947
2608 2 2 1 2 104 1966 105
2609 2 2 1 2 2190 2195 2049
2610 2 2 1 2 1667 1668 1572
2611 2 2 1 2 869 2073 270
2612 2 2 1 2 1072 1112 1071
2613 2 2 1 2 949 1958 946
2614 2 2 1 2 1451 1674 1672
2615 2 2 1 2 1491 1570 1569
2616 2 2 1 2 2075 2205 1225
2617 2 2 1 2 921 2036 912
2618 2 2 1 2 1527 2057 1682
2619 2 2 1 2 1553 2182 1847
2620 2 2 1 2 1326 1519 1327
2621 2 2 1 2 1163 1181 1172
2622 2 2 1 2 1113 1157 1112
2623 2 2 1 2 101 1979 102
2624 2 2 1 2 1079 1992 921
2625 2 2 1 2 1194 2104 1214
2626 2 2 1 2 1341 2134 1342
2627 2 2 1 2 957 2015 952
2628 2 2 1 2 835 2146 276
2629 2 2 1 2 1603 1606 1605
2630 2 2 1 2 1158 1204 1157
2631 2 2 1 2 1129 2075 1225
2632 2 2 1 2 1943 1945 1941
2633 2 2 1 2 1451 2159 1674
2634 2 2 1 2 305 1984 304
2635 2 2 1 2 296 2034 868
2636 2 2 1 2 1318 1501 1319
2637 2 2 1 2 2116 2134 1589
2638 2 2 1 2 1038 1046 1024
2639 2 2 1 2 300 867 299
2640 2 2 1 2 1760 2220 1917
2641 2 2 1 2 1311 1598 1436
2642 2 2 1 2 266 2129 849
2643 2 2 1 2 1213 2189 2078
2644 2 2 1 2 1291 1292 1220
2645 2 2 1 2 1326 1521 1519
2646 2 2 1 2 1634 2147 1438
2647 2 2 1 2 1571 1572 1570
2648 2 2 1 2 1086 1109 1087
2649 2 2 1 2 1132 1163 1133
2650 2 2 1 2 1623 2211 1413
2651 2 2 1 2 2098 2099 2097
2652 2 2 1 2 839 2077 272
2653 2 2 1 2 1216 1219 1218
2654 2 2 1 2 1595 2128 2047
2655 2 2 1 2 857 2461 2425
2656 2 2 1 2 1674 2159 1988
2657 2 2 1 2 986 2196 2100
2658 2 2 1 2 2108 2110 835
2659 2 2 1 2 257 1980 256
2660 2 2 1 2 1357 1589 1341
2661 2 2 1 2 2083 2084 2082
2662 2 2 1 2 1142 2148 1310
2663 2 2 1 2 1080 2113 2112
2664 2 2 1 2 2115 2117 2116
2665 2 2 1 2 1329 1451 1450
2666 2 2 1 2 1525 1785 1784
2667 2 2 1 2 1585 2015 957
2668 2 2 1 2 1454 1455 1344
2669 2 2 1 2 1232 2112 1596
2670 2 2 1 2 2023 2027 2026
2671 2 2 1 2 1521 1679 1650
2672 2 2 1 2 871 2146 2083
2673 2 2 1 2 1469 1491 1490
2674 2 2 1 2 2088 2089 1137
2675 2 2 1 2 2041 2042 1508
2676 2 2 1 2 1195 2078 1209
2677 2 2 1 2 871 2081 274
2678 2 2 1 2 2125 2127 830
2679 2 2 1 2 298 829 297
2680 2 2 1 2 1454 1468 1455
2681 2 2 1 2 2104 2105 1493
2682 2 2 1 2 1741 1891 1718
2683 2 2 1 2 1570 1573 1569
2684 2 2 1 2 1209 2078 1299
2685 2 2 1 2 1202 1215 1207
2686 2 2 1 2 1717 1718 1669
2687 2 2 1 2 1118 1123 1119
2688 2 2 1 2 1437 2050 1634
2689 2 2 1 2 1059 2197 1989
2690 2 2 1 2 2115 2116 1589
2691 2 2 1 2 1214 1333 1213
2692 2 2 1 2 259 2000 258
2693 2 2 1 2 2083 2146 2086
2694 2 2 1 2 1147 2167 1211
2695 2 2 1 2 1751 1752 1611
2696 2 2 1 2 2120 2122 2121
2697 2 2 1 2 1342 1454 1344
2698 2 2 1 2 996 2091 1052
2699 2 2 1 2 1116 2197 1068
2700 2 2 1 2 1308 2054 1077
2701 2 2 1 2 2050 2051 1634
2702 2 2 1 2 1590 2115 1589
2703 2 2 1 2 1520 1677 1523
2704 2 2 1 2 1737 1802 1590
2705 2 2 1 2 1519 2035 1520
2706 2 2 1 2 296 868 295
2707 2 2 1 2 1802 2115 1590
2708 2 2 1 2 1468 1469 1455
2709 2 2 1 2 1080 2137 2113
2710 2 2 1 2 1300 1326 1303
2711 2 2 1 2 1666 1667 1572
2712 2 2 1 2 1672 1673 1452
2713 2 2 1 2 1194 1214 1213
2714 2 2 1 2 1673 1882 1695
2715 2 2 1 2 263 855 262
2716 2 2 1 2 1674 1883 1758
2717 2 2 1 2 943 2132 941
2718 2 2 1 2 1427 2093 2092
2719 2 2 1 2 870 2109 2108
2720 2 2 1 2 1484 1611 1349
2721 2 2 1 2 1598 2041 1436
2722 2 2 1 2 1342 1344 1343
2723 2 2 1 2 1105 2175 1268
2724 2 2 1 2 1300 2150 1326
2725 2 2 1 2 1488 2020 1318
2726 2 2 1 2 999 2102 1016
2727 2 2 1 2 871 2083 2082
2728 2 2 1 2 303 1993 302
2729 2 2 1 2 1123 1160 1124
2730 2 2 1 2 872 2126 2125
2731 2 2 1 2 1436 2041 1508
2732 2 2 1 2 1065 2088 1137
2733 2 2 1 2 1241 2072 1309
2734 2 2 1 2 277 2108 835
2735 2 2 1 2 1866 2229 1701
2736 2 2 1 2 1497 2102 2049
2737 2 2 1 2 1703 1866 1701
2738 2 2 1 2 1113 1158 1157
2739 2 2 1 2 1036 2128 1048
2740 2 2 1 2 1682 1932 1931
2741 2 2 1 2 2023 2026 2020
2742 2 2 1 2 1529 2057 1527
2743 2 2 1 2 1091 1429 1089
2744 2 2 1 2 1334 1527 1333
2745 2 2 1 2 1107 2112 1232
2746 2 2 1 2 945 1416 943
2747 2 2 1 2 1416 2132 943
2748 2 2 1 2 1491 1569 1490
2749 2 2 1 2 1289 2233 1437
2750 2 2 1 2 1191 2106 2104
2751 2 2 1 2 1160 1201 1161
2752 2 2 1 2 1214 1334 1333
2753 2 2 1 2 2126 2127 2125
2754 2 2 1 2 958 961 957
2755 2 2 1 2 2117 2118 2116
2756 2 2 1 2 1072 1113 1112
2757 2 2 1 2 920 922 919
2758 2 2 1 2 2021 2023 2020
2759 2 2 1 2 1527 1682 1528
2760 2 2 1 2 962 981 961
2761 2 2 1 2 2095 2098 2097
2762 2 2 1 2 1310 2135 1140
2763 2 2 1 2 982 1025 981
2764 2 2 1 2 2056 2245 2219
2765 2 2 1 2 1239 2072 1241
2766 2 2 1 2 1872 1873 1752
2767 2 2 1 2 2047 2128 1035
2768 2 2 1 2 293 824 292
2769 2 2 1 2 2083 2085 2084
2770 2 2 1 2 1553 1847 1749
2771 2 2 1 2 2112 2113 1596
2772 2 2 1 2 264 2080 263
2773 2 2 1 2 1099 1151 1098
2774 2 2 1 2 1078 1098 1077
2775 2 2 1 2 2109 2110 2108
2776 2 2 1 2 1708 2281 1694
2777 2 2 1 2 1152 1168 1151
2778 2 2 1 2 1194 1213 1195
2779 2 2 1 2 2175 2176 1586
2780 2 2 1 2 1276 1318 1277
2781 2 2 1 2 1665 2107 1579
2782 2 2 1 2 1491 1571 1570
2783 2 2 1 2 2093 2094 2092
2784 2 2 1 2 1318 1319 1277
2785 2 2 1 2 893 894 892
2786 2 2 1 2 923 2007 926
2787 2 2 1 2 1334 1529 1527
2788 2 2 1 2 1047 1072 1071
2789 2 2 1 2 2114 2141 1596
2790 2 2 1 2 1451 1452 1450
2791 2 2 1 2 1606 1649 1605
2792 2 2 1 2 282 2125 830
2793 2 2 1 2 1378 1380 1379
2794 2 2 1 2 1357 1590 1589
2795 2 2 1 2 1577 2207 1594
2796 2 2 1 2 1286 1357 1341
2797 2 2 1 2 1519 1520 1327
2798 2 2 1 2 956 957 952
2799 2 2 1 2 1432 1513 1433
2800 2 2 1 2 1529 2058 2057
2801 2 2 1 2 1276 1488 1318
2802 2 2 1 2 1209 1299 1298
2803 2 2 1 2 269 2073 844
2804 2 2 1 2 1574 1936 1429
2805 2 2 1 2 1272 2133 1612
2806 2 2 1 2 1016 2102 1030
2807 2 2 1 2 1130 2171 1094
2808 2 2 1 2 988 2100 1103
2809 2 2 1 2 1650 2035 1519
2810 2 2 1 2 1140 2135 1138
2811 2 2 1 2 1680 1681 1679
2812 2 2 1 2 936 937 935
2813 2 2 1 2 1083 1245 1102
2814 2 2 1 2 938 940 937
2815 2 2 1 2 1269 2207 1577
2816 2 2 1 2 941 948 940
2817 2 2 1 2 934 935 933
2818 2 2 1 2 2113 2114 1596
2819 2 2 1 2 1785 1786 1784
2820 2 2 1 2 1191 2104 1194
2821 2 2 1 2 297 2034 296
2822 2 2 1 2 1336 1530 1335
2823 2 2 1 2 923 926 922
2824 2 2 1 2 1285 2239 1641
2825 2 2 1 2 2030 2033 2028
2826 2 2 1 2 271 2077 869
2827 2 2 1 2 1065 1137 1074
2828 2 2 1 2 1468 1539 1469
2829 2 2 1 2 267 2129 266
2830 2 2 1 2 1232 1233 1145
2831 2 2 1 2 1102 2075 1129
2832 2 2 1 2 1052 2088 1065
2833 2 2 1 2 2042 2079 2044
2834 2 2 1 2 1107 1232 1145
2835 2 2 1 2 1425 2197 1116
2836 2 2 1 2 2114 2142 2141
2837 2 2 1 2 1255 1661 1253
2838 2 2 1 2 266 849 265
2839 2 2 1 2 1421 1422 1278
2840 2 2 1 2 269 844 268
2841 2 2 1 2 1912 2356 918
2842 2 2 1 2 1497 2048 2047
2843 2 2 1 2 1243 2133 1272
2844 2 2 1 2 1030 2102 1497
2845 2 2 1 2 1723 1765 1724
2846 2 2 1 2 1326 1327 1303
2847 2 2 1 2 1234 1421 1278
2848 2 2 1 2 1421 1423 1422
2849 2 2 1 2 2137 2251 2113
2850 2 2 1 2 273 2081 839
2851 2 2 1 2 1595 2072 1239
2852 2 2 1 2 2152 2153 851
2853 2 2 1 2 1469 1490 1455
2854 2 2 1 2 1437 1634 1438
2855 2 2 1 2 1038 1047 1046
2856 2 2 1 2 1342 1343 1287
2857 2 2 1 2 1497 2049 2048
2858 2 2 1 2 1423 1515 1422
2859 2 2 1 2 1225 1226 1175
2860 2 2 1 2 1245 2076 2075
2861 2 2 1 2 962 982 981
2862 2 2 1 2 290 850 289
2863 2 2 1 2 2207 2262 1594
2864 2 2 1 2 1488 2021 2020
2865 2 2 1 2 1527 1528 1333
2866 2 2 1 2 271 869 270
2867 2 2 1 2 1237 1239 1238
2868 2 2 1 2 2048 2065 2064
2869 2 2 1 2 1129 1225 1175
2870 2 2 1 2 1232 1234 1233
2871 2 2 1 2 1234 1278 1233
2872 2 2 1 2 1438 2147 1483
2873 2 2 1 2 1083 1102 1100
2874 2 2 1 2 1191 1194 1192
2875 2 2 1 2 1245 2075 1102
2876 2 2 1 2 1659 2255 1656
2877 2 2 1 2 1399 2327 1392
2878 2 2 1 2 2059 2060 2058
2879 2 2 1 2 1682 1931 1528
2880 2 2 1 2 1344 1492 1343
2881 2 2 1 2 1107 1145 1108
2882 2 2 1 2 1030 1497 1035
2883 2 2 1 2 1589 2134 1341
2884 2 2 1 2 1493 2194 1334
2885 2 2 1 2 1423 1516 1515
2886 2 2 1 2 826 2145 286
2887 2 2 1 2 1491 2193 1571
2888 2 2 1 2 2065 2067 2066
2889 2 2 1 2 1239 1241 1240
2890 2 2 1 2 273 839 272
2891 2 2 1 2 870 2108 278
2892 2 2 1 2 992 1427 994
2893 2 2 1 2 1015 2169 998
2894 2 2 1 2 1074 1083 1082
2895 2 2 1 2 2061 2063 2060
2896 2 2 1 2 1048 1237 1236
2897 2 2 1 2 2052 2333 1969
2898 2 2 1 2 1516 1685 1515
2899 2 2 1 2 958 962 961
2900 2 2 1 2 1241 1243 1242
2901 2 2 1 2 1052 1065 1053
2902 2 2 1 2 2065 2068 2067
2903 2 2 1 2 1198 2154 1156
2904 2 2 1 2 1228 1978 933
2905 2 2 1 2 1065 1074 1066
2906 2 2 1 2 275 871 274
2907 2 2 1 2 1309 2133 1243
2908 2 2 1 2 1064 1077 1042
2909 2 2 1 2 1225 2166 1226
2910 2 2 1 2 1081 2112 1107
2911 2 2 1 2 1244 2103 1154
2912 2 2 1 2 1276 2166 1488
2913 2 2 1 2 1497 2047 1035
2914 2 2 1 2 1440 2265 1637
2915 2 2 1 2 1150 1191 1190
2916 2 2 1 2 1289 1437 1359
2917 2 2 1 2 2049 2179 2048
2918 2 2 1 2 1144 2148 1142
2919 2 2 1 2 1488 2166 2022
2920 2 2 1 2 1226 1276 1275
2921 2 2 1 2 2141 2142 1588
2922 2 2 1 2 1178 1246 1097
2923 2 2 1 2 2048 2064 2047
2924 2 2 1 2 954 2200 960
2925 2 2 1 2 1483 1723 1721
2926 2 2 1 2 1237 1238 1236
2927 2 2 1 2 1243 1272 1271
2928 2 2 1 2 1027 1587 985
2929 2 2 1 2 1237 1595 1239
2930 2 2 1 2 277 835 276
2931 2 2 1 2 872 2125 283
2932 2 2 1 2 986 2100 988
2933 2 2 1 2 1582 1986 1351
2934 2 2 1 2 56 823 57
2935 2 2 1 2 1241 1309 1243
2936 2 2 1 2 1239 1240 1238
2937 2 2 1 2 1667 1717 1669
2938 2 2 1 2 1516 1686 1685
2939 2 2 1 2 1204 2266 2263
2940 2 2 1 2 279 870 278
2941 2 2 1 2 1258 2171 1130
2942 2 2 1 2 1156 1244 1154
2943 2 2 1 2 1272 1426 1325
2944 2 2 1 2 2067 2070 2069
2945 2 2 1 2 1587 2219 985
2946 2 2 1 2 1483 2147 1723
2947 2 2 1 2 1080 2112 1081
2948 2 2 1 2 1426 2139 1448
2949 2 2 1 2 2088 2090 2089
2950 2 2 1 2 1299 1300 1298
2951 2 2 1 2 1081 1107 1093
2952 2 2 1 2 2065 2066 2064
2953 2 2 1 2 996 1052 1003
2954 2 2 1 2 1109 1132 1111
2955 2 2 1 2 270 2073 269
2956 2 2 1 2 1241 1242 1240
2957 2 2 1 2 1306 1360 1217
2958 2 2 1 2 1319 2159 1329
2959 2 2 1 2 1454 1538 1468
2960 2 2 1 2 1322 1510 1321
2961 2 2 1 2 1214 1493 1334
2962 2 2 1 2 1546 1623 1413
2963 2 2 1 2 1571 2193 1798
2964 2 2 1 2 282 830 281
2965 2 2 1 2 1243 1271 1242
2966 2 2 1 2 1263 1763 1258
2967 2 2 1 2 988 1103 990
2968 2 2 1 2 1500 2155 1261
2969 2 2 1 2 1422 2144 1424
2970 2 2 1 2 932 933 930
2971 2 2 1 2 925 2007 923
2972 2 2 1 2 1261 2155 1248
2973 2 2 1 2 1707 1708 1694
2974 2 2 1 2 2068 2180 2067
2975 2 2 1 2 284 872 283
2976 2 2 1 2 286 2145 285
2977 2 2 1 2 272 2077 271
2978 2 2 1 2 1142 1310 1140
2979 2 2 1 2 1285 1641 1443
2980 2 2 1 2 1231 1432 1431
2981 2 2 1 2 1272 1325 1271
2982 2 2 1 2 1421 2141 1588
2983 2 2 1 2 2065 2179 2068
2984 2 2 1 2 1138 2169 1015
2985 2 2 1 2 2086 2087 2085
2986 2 2 1 2 1571 1666 1572
2987 2 2 1 2 1507 2143 1651
2988 2 2 1 2 1296 1335 1198
2989 2 2 1 2 938 941 940
2990 2 2 1 2 106 2037 107
2991 2 2 1 2 2067 2069 2066
2992 2 2 1 2 1211 2148 1144
2993 2 2 1 2 1194 1195 1192
2994 2 2 1 2 1232 1596 1234
2995 2 2 1 2 287 826 286
2996 2 2 1 2 2033 2203 1025
2997 2 2 1 2 274 2081 273
2998 2 2 1 2 1612 2139 1426
2999 2 2 1 2 1596 2141 1234
3000 2 2 1 2 1051 1080 1070
3001 2 2 1 2 1272 1612 1426
3002 2 2 1 2 1685 1696 1515
3003 2 2 1 2 1687 1688 1686
3004 2 2 1 2 936 938 937
3005 2 2 1 2 2135 2169 1138
3006 2 2 1 2 278 2108 277
3007 2 2 1 2 1439 2360 2346
3008 2 2 1 2 1500 2156 2155
3009 2 2 1 2 1421 1588 1423
3010 2 2 1 2 1427 2091 994
3011 2 2 1 2 967 2235 1247
3012 2 2 1 2 1319 1329 1328
3013 2 2 1 2 1102 1129 1128
3014 2 2 1 2 1311 1436 1320
3015 2 2 1 2 2166 2205 2022
3016 2 2 1 2 1426 1448 1447
3017 2 2 1 2 1335 2154 1198
3018 2 2 1 2 956 958 957
3019 2 2 1 2 1436 1508 1507
3020 2 2 1 2 1056 1419 1058
3021 2 2 1 2 1095 2256 1311
3022 2 2 1 2 283 2125 282
3023 2 2 1 2 1815 2124 1666
3024 2 2 1 2 2160 2162 1638
3025 2 2 1 2 1234 2141 1421
3026 2 2 1 2 1048 1236 1049
3027 2 2 1 2 2070 2071 2069
3028 2 2 1 2 1052 1053 1003
3029 2 2 1 2 1147 1211 1144
3030 2 2 1 2 2059 2061 2060
3031 2 2 1 2 1448 2161 2160
3032 2 2 1 2 53 2152 851
3033 2 2 1 2 1799 1800 1623
3034 2 2 1 2 1658 1659 1656
3035 2 2 1 2 1329 2159 1451
3036 2 2 1 2 1426 1447 1325
3037 2 2 1 2 934 936 935
3038 2 2 1 2 2014 2220 1760
3039 2 2 1 2 1177 2167 1147
3040 2 2 1 2 1030 1035 1031
3041 2 2 1 2 1568 1575 1567
3042 2 2 1 2 1440 1637 1442
3043 2 2 1 2 1422 1424 1278
3044 2 2 1 2 1651 2400 2351
3045 2 2 1 2 2042 2044 2043
3046 2 2 1 2 1444 1646 1526
3047 2 2 1 2 275 2146 871
3048 2 2 1 2 1529 2059 2058
3049 2 2 1 2 1083 1100 1082
3050 2 2 1 2 1185 1269 1184
3051 2 2 1 2 1107 1108 1093
3052 2 2 1 2 1065 1066 1053
3053 2 2 1 2 1516 1687 1686
3054 2 2 1 2 2022 2024 2021
3055 2 2 1 2 1233 1759 1145
3056 2 2 1 2 1521 1680 1679
3057 2 2 1 2 1200 2306 1998
3058 2 2 1 2 1074 1082 1066
3059 2 2 1 2 1108 2140 1122
3060 2 2 1 2 52 2152 53
3061 2 2 1 2 1276 1277 1275
3062 2 2 1 2 1448 2160 1447
3063 2 2 1 2 1125 2279 2019
3064 2 2 1 2 994 2091 996
3065 2 2 1 2 1048 2128 1237
3066 2 2 1 2 1717 1741 1718
3067 2 2 1 2 1095 1311 1131
3068 2 2 1 2 1268 1444 1332
3069 2 2 1 2 276 2146 275
3070 2 2 1 2 1055 2013 981
3071 2 2 1 2 2139 2202 1448
3072 2 2 1 2 1129 1175 1174
3073 2 2 1 2 1539 2193 1469
3074 2 2 1 2 1447 1638 1453
3075 2 2 1 2 1284 1321 1177
3076 2 2 1 2 1226 1275 1274
3077 2 2 1 2 1168 1774 1773
3078 2 2 1 2 1447 2160 1638
3079 2 2 1 2 1036 1048 1040
3080 2 2 1 2 2257 2274 1205
3081 2 2 1 2 1594 1665 1579
3082 2 2 1 2 1091 1574 1429
3083 2 2 1 2 1168 2103 1774
3084 2 2 1 2 53 851 54
3085 2 2 1 2 1680 2150 2046
3086 2 2 1 2 1747 1748 1746
3087 2 2 1 2 1016 1030 1029
3088 2 2 1 2 1624 2252 966
3089 2 2 1 2 1330 1331 1270
3090 2 2 1 2 1419 2226 1058
3091 2 2 1 2 1763 2171 1258
3092 2 2 1 2 1594 2262 1676
3093 2 2 1 2 1547 1794 1548
3094 2 2 1 2 1102 1128 1100
3095 2 2 1 2 1356 1509 1445
3096 2 2 1 2 1372 1373 1371
3097 2 2 1 2 1183 1184 1079
3098 2 2 1 2 1035 1036 1031
3099 2 2 1 2 1226 1274 1175
3100 2 2 1 2 1638 1963 1453
3101 2 2 1 2 1226 2166 1276
3102 2 2 1 2 1290 1502 1266
3103 2 2 1 2 1612 2163 2139
3104 2 2 1 2 1437 1438 1359
3105 2 2 1 2 1723 1724 1721
3106 2 2 1 2 1264 1500 1261
3107 2 2 1 2 1080 1081 1070
3108 2 2 1 2 2022 2205 2025
3109 2 2 1 2 1321 2167 1177
3110 2 2 1 2 1689 1779 1636
3111 2 2 1 2 2103 2222 1774
3112 2 2 1 2 52 2168 2152
3113 2 2 1 2 1447 1453 1325
3114 2 2 1 2 1271 1273 1242
3115 2 2 1 2 996 1003 997
3116 2 2 1 2 1240 1494 1238
3117 2 2 1 2 999 2190 2102
3118 2 2 1 2 1191 1192 1190
3119 2 2 1 2 1237 2128 1595
3120 2 2 1 2 1292 1346 1305
3121 2 2 1 2 1582 2123 1986
3122 2 2 1 2 1152 2103 1168
3123 2 2 1 2 905 906 904
3124 2 2 1 2 994 996 995
3125 2 2 1 2 1004 1005 1001
3126 2 2 1 2 1455 2172 1344
3127 2 2 1 2 1219 1291 1220
3128 2 2 1 2 2290 2295 2051
3129 2 2 1 2 1502 2158 1266
3130 2 2 1 2 1271 2170 1273
3131 2 2 1 2 1068 2197 1059
3132 2 2 1 2 1252 2164 1250
3133 2 2 1 2 1323 1518 1517
3134 2 2 1 2 903 904 902
3135 2 2 1 2 1268 2175 1586
3136 2 2 1 2 1518 1689 1636
3137 2 2 1 2 1319 1328 1277
3138 2 2 1 2 1078 1099 1098
3139 2 2 1 2 1329 1450 1449
3140 2 2 1 2 51 2168 52
3141 2 2 1 2 1048 1049 1040
3142 2 2 1 2 1099 1152 1151
3143 2 2 1 2 1753 1754 1575
3144 2 2 1 2 1597 1737 1590
3145 2 2 1 2 2104 2106 2105
3146 2 2 1 2 1518 2224 1689
3147 2 2 1 2 2199 2201 1761
3148 2 2 1 2 932 934 933
3149 2 2 1 2 1515 2144 1422
3150 2 2 1 2 1207 2278 1206
3151 2 2 1 2 1690 1691 1617
3152 2 2 1 2 1518 1636 1517
3153 2 2 1 2 1323 1324 1252
3154 2 2 1 2 1323 1517 1324
3155 2 2 1 2 2083 2086 2085
3156 2 2 1 2 1064 1078 1077
3157 2 2 1 2 1030 1031 1029
3158 2 2 1 2 1862 1863 1859
3159 2 2 1 2 1145 2140 1108
3160 2 2 1 2 996 997 995
3161 2 2 1 2 1508 2143 1507
3162 2 2 1 2 1488 2022 2021
3163 2 2 1 2 1324 1420 1252
3164 2 2 1 2 1505 1603 1602
3165 2 2 1 2 1803 1804 1754
3166 2 2 1 2 2048 2179 2065
3167 2 2 1 2 1105 1268 1135
3168 2 2 1 2 1251 1323 1252
3169 2 2 1 2 1129 1174 1128
3170 2 2 1 2 1240 2165 1494
3171 2 2 1 2 1325 2170 1271
3172 2 2 1 2 1005 1955 1001
3173 2 2 1 2 1733 2123 1582
3174 2 2 1 2 1963 1964 1453
3175 2 2 1 2 1469 2193 1491
3176 2 2 1 2 1603 1605 1604
3177 2 2 1 2 2067 2180 2070
3178 2 2 1 2 1353 1458 1352
3179 2 2 1 2 1251 2201 2199
3180 2 2 1 2 1361 1553 1360
3181 2 2 1 2 1420 2164 1252
3182 2 2 1 2 980 1434 1182
3183 2 2 1 2 1517 1615 1324
3184 2 2 1 2 1696 2144 1515
3185 2 2 1 2 873 2174 2173
3186 2 2 1 2 901 902 900
3187 2 2 1 2 1453 2170 1325
3188 2 2 1 2 1075 1350 1085
3189 2 2 1 2 2156 2185 2155
3190 2 2 1 2 1674 1988 1883
3191 2 2 1 2 1067 1091 1089
3192 2 2 1 2 2042 2043 1508
3193 2 2 1 2 976 986 984
3194 2 2 1 2 899 900 898
3195 2 2 1 2 1761 2224 2199
3196 2 2 1 2 2419 2498 2174
3197 2 2 1 2 1313 1505 1504
3198 2 2 1 2 1336 2221 1530
3199 2 2 1 2 1195 1209 1208
3200 2 2 1 2 50 827 51
3201 2 2 1 2 2022 2025 2024
3202 2 2 1 2 1762 2224 1761
3203 2 2 1 2 49 2173 50
3204 2 2 1 2 992 994 993
3205 2 2 1 2 1281 1356 1355
3206 2 2 1 2 48 873 49
3207 2 2 1 2 1323 2199 1518
3208 2 2 1 2 1242 2165 1240
3209 2 2 1 2 1251 1252 1250
3210 2 2 1 2 1331 2207 1270
3211 2 2 1 2 827 2168 51
3212 2 2 1 2 1457 1486 1479
3213 2 2 1 2 1322 2204 1510
3214 2 2 1 2 45 831 46
3215 2 2 1 2 1609 1653 1652
3216 2 2 1 2 2155 2198 1248
3217 2 2 1 2 1636 2177 1517
3218 2 2 1 2 44 2178 45
3219 2 2 1 2 1100 1101 1082
3220 2 2 1 2 1520 1523 1522
3221 2 2 1 2 972 1428 974
3222 2 2 1 2 1183 1185 1184
3223 2 2 1 2 1300 1303 1302
3224 2 2 1 2 1315 1609 1499
3225 2 2 1 2 43 874 44
3226 2 2 1 2 1870 2453 1562
3227 2 2 1 2 1964 2170 1453
3228 2 2 1 2 1174 1251 1250
3229 2 2 1 2 1484 1751 1611
3230 2 2 1 2 1255 1775 1661
3231 2 2 1 2 1500 2157 2156
3232 2 2 1 2 1066 1235 1053
3233 2 2 1 2 1569 1892 1490
3234 2 2 1 2 1185 1270 1269
3235 2 2 1 2 1108 1122 1121
3236 2 2 1 2 1273 2165 1242
3237 2 2 1 2 1274 2201 1175
3238 2 2 1 2 1466 2210 1620
3239 2 2 1 2 1284 1322 1321
3240 2 2 1 2 1275 1337 1274
3241 2 2 1 2 990 992 991
3242 2 2 1 2 1798 1815 1666
3243 2 2 1 2 40 836 41
3244 2 2 1 2 1517 2177 1615
3245 2 2 1 2 897 898 896
3246 2 2 1 2 1081 1093 1092
3247 2 2 1 2 1333 2189 1213
3248 2 2 1 2 965 2209 939
3249 2 2 1 2 1492 1593 1592
3250 2 2 1 2 994 995 993
3251 2 2 1 2 1436 1507 1320
3252 2 2 1 2 956 2181 958
3253 2 2 1 2 39 2184 40
3254 2 2 1 2 1931 1946 1528
3255 2 2 1 2 2321 2325 2070
3256 2 2 1 2 914 1415 916
3257 2 2 1 2 1666 2124 1667
3258 2 2 1 2 1500 2158 2157
3259 2 2 1 2 1003 2190 997
3260 2 2 1 2 2059 2062 2061
3261 2 2 1 2 1751 1872 1752
3262 2 2 1 2 38 876 39
3263 2 2 1 2 2180 2321 2070
3264 2 2 1 2 1311 1320 1131
3265 2 2 1 2 1296 1336 1335
3266 2 2 1 2 1761 2201 1274
3267 2 2 1 2 907 908 906
3268 2 2 1 2 1673 1695 1675
3269 2 2 1 2 920 923 922
3270 2 2 1 2 37 2188 38
3271 2 2 1 2 1209 1298 1297
3272 2 2 1 2 1658 1660 1659
3273 2 2 1 2 2163 2344 2139
3274 2 2 1 2 1174 1250 1128
3275 2 2 1 2 1334 2194 1529
3276 2 2 1 2 1759 2140 1145
3277 2 2 1 2 1264 2158 1500
3278 2 2 1 2 36 841 37
3279 2 2 1 2 1290 1768 1502
3280 2 2 1 2 1414 2215 947
3281 2 2 1 2 1337 1762 1761
3282 2 2 1 2 1049 1051 1050
3283 2 2 1 2 1637 2186 1442
3284 2 2 1 2 35 2187 36
3285 2 2 1 2 1225 2205 2166
3286 2 2 1 2 1907 2376 2367
3287 2 2 1 2 1337 1761 1274
3288 2 2 1 2 969 2235 967
3289 2 2 1 2 988 990 989
3290 2 2 1 2 1448 2202 2161
3291 2 2 1 2 34 875 35
3292 2 2 1 2 1687 2293 1965
3293 2 2 1 2 1653 1886 1652
3294 2 2 1 2 1122 1150 1149
3295 2 2 1 2 1673 1675 1452
3296 2 2 1 2 1051 1070 1069
3297 2 2 1 2 33 2191 34
3298 2 2 1 2 50 2173 827
3299 2 2 1 2 1036 1040 1039
3300 2 2 1 2 903 905 904
3301 2 2 1 2 1329 1449 1328
3302 2 2 1 2 873 2173 49
3303 2 2 1 2 1609 1652 1499
3304 2 2 1 2 32 845 33
3305 2 2 1 2 1326 2150 1521
3306 2 2 1 2 1730 1731 1487
3307 2 2 1 2 1289 1359 1358
3308 2 2 1 2 1438 1483 1482
3309 2 2 1 2 1175 2201 1174
3310 2 2 1 2 1150 1190 1189
3311 2 2 1 2 1199 1222 1196
3312 2 2 1 2 1036 1039 1031
3313 2 2 1 2 1108 1121 1093
3314 2 2 1 2 986 988 987
3315 2 2 1 2 1251 2199 1323
3316 2 2 1 2 1523 1525 1524
3317 2 2 1 2 909 910 908
3318 2 2 1 2 1707 1756 1708
3319 2 2 1 2 1082 2192 1066
3320 2 2 1 2 1374 1375 1373
3321 2 2 1 2 1265 1289 1288
3322 2 2 1 2 1483 1721 1720
3323 2 2 1 2 1249 1610 1262
3324 2 2 1 2 1244 2222 2103
3325 2 2 1 2 1120 1425 1116
3326 2 2 1 2 901 903 902
3327 2 2 1 2 45 2178 831
3328 2 2 1 2 997 998 995
3329 2 2 1 2 1466 1620 1544
3330 2 2 1 2 895 896 894
3331 2 2 1 2 1571 1798 1666
3332 2 2 1 2 1577 1594 1579
3333 2 2 1 2 1690 1726 1691
3334 2 2 1 2 2158 2218 2157
3335 2 2 1 2 1182 1183 1079
3336 2 2 1 2 905 907 906
3337 2 2 1 2 2309 2339 1193
3338 2 2 1 2 1647 1699 1608
3339 2 2 1 2 1174 2201 1251
3340 2 2 1 2 997 999 998
3341 2 2 1 2 976 2196 986
3342 2 2 1 2 1053 2195 1003
3343 2 2 1 2 874 2178 44
3344 2 2 1 2 1049 1050 1040
3345 2 2 1 2 1490 2172 1455
3346 2 2 1 2 1182 1316 1183
3347 2 2 1 2 992 993 991
3348 2 2 1 2 1357 1597 1590
3349 2 2 1 2 1528 2189 1333
3350 2 2 1 2 1101 2192 1082
3351 2 2 1 2 997 2190 999
3352 2 2 1 2 1315 1330 1270
3353 2 2 1 2 911 912 910
3354 2 2 1 2 1157 2274 1112
3355 2 2 1 2 1016 1029 1028
3356 2 2 1 2 2070 2325 2071
3357 2 2 1 2 1443 1535 1534
3358 2 2 1 2 1499 1511 1330
3359 2 2 1 2 1195 1208 1192
3360 2 2 1 2 2164 2208 1250
3361 2 2 1 2 1028 1138 1015
3362 2 2 1 2 1081 1092 1070
3363 2 2 1 2 971 1076 969
3364 2 2 1 2 1285 1443 1339
3365 2 2 1 2 1066 2192 1235
3366 2 2 1 2 1075 2289 1350
3367 2 2 1 2 1529 2194 2059
3368 2 2 1 2 29 853 30
3369 2 2 1 2 1139 1140 1138
3370 2 2 1 2 942 943 941
3371 2 2 1 2 1328 2214 1277
3372 2 2 1 2 1139 1430 1141
3373 2 2 1 2 1141 1142 1140
3374 2 2 1 2 1143 1148 1146
3375 2 2 1 2 1315 1499 1330
3376 2 2 1 2 1021 1022 982
3377 2 2 1 2 999 1016 1015
3378 2 2 1 2 1300 1302 1298
3379 2 2 1 2 968 1127 970
3380 2 2 1 2 899 901 900
3381 2 2 1 2 1176 1285 1283
3382 2 2 1 2 1143 1144 1142
3383 2 2 1 2 2263 2266 2053
3384 2 2 1 2 1185 1315 1270
3385 2 2 1 2 1555 1556 1044
3386 2 2 1 2 918 920 919
3387 2 2 1 2 1492 1592 1343
3388 2 2 1 2 2165 2297 2142
3389 2 2 1 2 967 1247 965
3390 2 2 1 2 40 2184 836
3391 2 2 1 2 1649 2136 1605
3392 2 2 1 2 1449 1647 1608
3393 2 2 1 2 1235 2195 1053
3394 2 2 1 2 1444 1526 1332
3395 2 2 1 2 1247 2209 965
3396 2 2 1 2 1003 2195 2190
3397 2 2 1 2 1275 2214 1337
3398 2 2 1 2 1521 2150 1680
3399 2 2 1 2 1037 1038 1024
3400 2 2 1 2 1520 1522 1327
3401 2 2 1 2 1287 2257 1205
3402 2 2 1 2 1238 2251 1236
3403 2 2 1 2 1100 2208 1101
3404 2 2 1 2 1023 1024 1022
3405 2 2 1 2 876 2184 39
3406 2 2 1 2 990 991 989
3407 2 2 1 2 983 985 975
3408 2 2 1 2 980 1182 1079
3409 2 2 1 2 1525 1784 1783
3410 2 2 1 2 1159 1165 1158
3411 2 2 1 2 1315 2213 1609
3412 2 2 1 2 1249 1261 1248
3413 2 2 1 2 955 956 952
3414 2 2 1 2 929 930 928
3415 2 2 1 2 1277 2214 1275
3416 2 2 1 2 1069 1248 1050
3417 2 2 1 2 2238 2270 1260
3418 2 2 1 2 897 899 898
3419 2 2 1 2 1438 1482 1359
3420 2 2 1 2 2059 2194 2062
3421 2 2 1 2 108 822 109
3422 2 2 1 2 1236 2251 2137
3423 2 2 1 2 924 925 923
3424 2 2 1 2 951 952 945
3425 2 2 1 2 38 2188 876
3426 2 2 1 2 1187 1196 1186
3427 2 2 1 2 1346 1456 1347
3428 2 2 1 2 1642 1781 1643
3429 2 2 1 2 1608 2214 1328
3430 2 2 1 2 1663 1727 1704
3431 2 2 1 2 1146 1147 1144
3432 2 2 1 2 1449 1608 1328
3433 2 2 1 2 976 984 983
3434 2 2 1 2 975 2219 973
3435 2 2 1 2 1262 1264 1261
3436 2 2 1 2 1644 2270 2238
3437 2 2 1 2 1871 2318 1554
3438 2 2 1 2 1946 2189 1528
3439 2 2 1 2 841 2188 37
3440 2 2 1 2 1265 1266 1264
3441 2 2 1 2 950 1167 954
3442 2 2 1 2 907 909 908
3443 2 2 1 2 1051 1069 1050
3444 2 2 1 2 927 928 925
3445 2 2 1 2 966 2252 968
3446 2 2 1 2 1288 1290 1266
3447 2 2 1 2 1464 1465 1322
3448 2 2 1 2 1266 2158 1264
3449 2 2 1 2 2199 2224 1518
3450 2 2 1 2 1597 1909 1737
3451 2 2 1 2 988 989 987
3452 2 2 1 2 1122 1149 1121
3453 2 2 1 2 26 857 27
3454 2 2 1 2 986 987 984
3455 2 2 1 2 974 976 975
3456 2 2 1 2 993 1495 991
3457 2 2 1 2 1670 2018 1513
3458 2 2 1 2 1534 1613 1339
3459 2 2 1 2 909 911 910
3460 2 2 1 2 944 945 943
3461 2 2 1 2 911 921 912
3462 2 2 1 2 1502 2218 2158
3463 2 2 1 2 1601 2246 1772
3464 2 2 1 2 36 2187 841
3465 2 2 1 2 1153 1154 1152
3466 2 2 1 2 972 2206 1428
3467 2 2 1 2 1128 2208 1100
3468 2 2 1 2 1026 1027 985
3469 2 2 1 2 1720 1722 1482
3470 2 2 1 2 1917 2364 1764
3471 2 2 1 2 1289 1358 1288
3472 2 2 1 2 1176 1177 1147
3473 2 2 1 2 1123 1162 1160
3474 2 2 1 2 985 2219 975
3475 2 2 1 2 1428 2196 974
3476 2 2 1 2 1229 2013 1055
3477 2 2 1 2 1605 1607 1604
3478 2 2 1 2 1209 1297 1208
3479 2 2 1 2 1165 2266 1158
3480 2 2 1 2 1268 1332 1135
3481 2 2 1 2 1167 2200 954
3482 2 2 1 2 1040 2198 1039
3483 2 2 1 2 1705 1811 1613
3484 2 2 1 2 1204 2263 1286
3485 2 2 1 2 1603 1604 1602
3486 2 2 1 2 980 1079 921
3487 2 2 1 2 1283 1284 1177
3488 2 2 1 2 1999 2271 1118
3489 2 2 1 2 1507 1651 1644
3490 2 2 1 2 1250 2208 1128
3491 2 2 1 2 1028 1139 1138
3492 2 2 1 2 964 1624 966
3493 2 2 1 2 1483 1720 1482
3494 2 2 1 2 875 2187 35
3495 2 2 1 2 1505 1602 1504
3496 2 2 1 2 2169 2216 998
3497 2 2 1 2 1154 2103 1152
3498 2 2 1 2 1316 2213 1183
3499 2 2 1 2 1069 1249 1248
3500 2 2 1 2 999 1015 998
3501 2 2 1 2 1910 1922 1745
3502 2 2 1 2 938 942 941
3503 2 2 1 2 1164 1258 1130
3504 2 2 1 2 1290 1769 1768
3505 2 2 1 2 1721 1805 1720
3506 2 2 1 2 1166 1186 1165
3507 2 2 1 2 1150 1189 1149
3508 2 2 1 2 1070 2230 1069
3509 2 2 1 2 1189 1193 1149
3510 2 2 1 2 972 974 973
3511 2 2 1 2 1655 1663 1657
3512 2 2 1 2 911 980 921
3513 2 2 1 2 1594 1676 1665
3514 2 2 1 2 1259 1263 1258
3515 2 2 1 2 974 2196 976
3516 2 2 1 2 1190 1279 1189
3517 2 2 1 2 1183 2213 1185
3518 2 2 1 2 1016 1028 1015
3519 2 2 1 2 1025 2203 1056
3520 2 2 1 2 2009 2274 2257
3521 2 2 1 2 2043 2143 1508
3522 2 2 1 2 110 877 111
3523 2 2 1 2 931 932 930
3524 2 2 1 2 1010 1011 1009
3525 2 2 1 2 962 1021 982
3526 2 2 1 2 1443 1534 1339
3527 2 2 1 2 1249 1262 1261
3528 2 2 1 2 1141 1143 1142
3529 2 2 1 2 1667 2124 1717
3530 2 2 1 2 1139 1141 1140
3531 2 2 1 2 25 2217 26
3532 2 2 1 2 34 2191 875
3533 2 2 1 2 1892 2172 1490
3534 2 2 1 2 1143 1146 1144
3535 2 2 1 2 1270 2207 1269
3536 2 2 1 2 1095 1131 1130
3537 2 2 1 2 1056 2203 1419
3538 2 2 1 2 1260 1654 1301
3539 2 2 1 2 1284 1464 1322
3540 2 2 1 2 1041 1042 1027
3541 2 2 1 2 1169 1503 963
3542 2 2 1 2 1285 1339 1283
3543 2 2 1 2 1546 1799 1623
3544 2 2 1 2 1465 2204 1322
3545 2 2 1 2 1723 2309 1765
3546 2 2 1 2 1164 1260 1259
3547 2 2 1 2 2105 2300 1493
3548 2 2 1 2 1262 1265 1264
3549 2 2 1 2 1655 1656 1301
3550 2 2 1 2 1705 1816 1811
3551 2 2 1 2 1265 1288 1266
3552 2 2 1 2 1657 1658 1656
3553 2 2 1 2 1442 2186 1541
3554 2 2 1 2 1337 2254 1762
3555 2 2 1 2 845 2191 33
3556 2 2 1 2 1605 2136 1607
3557 2 2 1 2 1822 1823 1660
3558 2 2 1 2 1616 1617 1614
3559 2 2 1 2 1063 1064 1042
3560 2 2 1 2 1618 1690 1617
3561 2 2 1 2 1593 1622 1592
3562 2 2 1 2 1432 1433 1431
3563 2 2 1 2 1127 2206 970
3564 2 2 1 2 1297 1614 1208
3565 2 2 1 2 1303 1466 1302
3566 2 2 1 2 2209 2225 939
3567 2 2 1 2 1534 1705 1613
3568 2 2 1 2 1506 1770 1314
3569 2 2 1 2 1146 1176 1147
3570 2 2 1 2 1507 1644 1320
3571 2 2 1 2 1063 1095 1094
3572 2 2 1 2 1050 2198 1040
3573 2 2 1 2 1155 1156 1154
3574 2 2 1 2 895 897 896
3575 2 2 1 2 995 2216 993
3576 2 2 1 2 1727 1812 1704
3577 2 2 1 2 1091 1898 1574
3578 2 2 1 2 2216 2284 1495
3579 2 2 1 2 1531 1642 1591
3580 2 2 1 2 934 1435 936
3581 2 2 1 2 1176 1283 1177
3582 2 2 1 2 893 895 894
3583 2 2 1 2 2202 2227 2161
3584 2 2 1 2 1459 1536 1458
3585 2 2 1 2 905 1062 907
3586 2 2 1 2 24 878 25
3587 2 2 1 2 1464 1625 1465
3588 2 2 1 2 1026 2149 1041
3589 2 2 1 2 989 1002 987
3590 2 2 1 2 970 972 971
3591 2 2 1 2 1442 1541 1540
3592 2 2 1 2 1757 1874 1703
3593 2 2 1 2 1695 1780 1675
3594 2 2 1 2 1440 1442 1441
3595 2 2 1 2 1297 1616 1614
3596 2 2 1 2 1973 1978 1228
3597 2 2 1 2 1540 1621 1441
3598 2 2 1 2 1185 2213 1315
3599 2 2 1 2 1702 1703 1701
3600 2 2 1 2 983 1026 985
3601 2 2 1 2 1363 2101 1365
3602 2 2 1 2 23 2228 24
3603 2 2 1 2 1192 2212 1190
3604 2 2 1 2 1197 1440 1295
3605 2 2 1 2 1360 2278 1217
3606 2 2 1 2 1480 1481 1336
3607 2 2 1 2 1618 1725 1690
3608 2 2 1 2 1153 1498 1155
3609 2 2 1 2 970 2206 972
3610 2 2 1 2 1710 1828 1621
3611 2 2 1 2 1064 2247 1078
3612 2 2 1 2 1588 2293 1423
3613 2 2 1 2 1092 2230 1070
3614 2 2 1 2 1265 2233 1289
3615 2 2 1 2 1249 2230 1610
3616 2 2 1 2 1658 1822 1660
3617 2 2 1 2 1002 2337 2324
3618 2 2 1 2 998 2216 995
3619 2 2 1 2 1663 1704 1657
3620 2 2 1 2 1616 1618 1617
3621 2 2 1 2 22 884 23
3622 2 2 1 2 1104 1106 1084
3623 2 2 1 2 1006 1007 1005
3624 2 2 1 2 1822 1899 1823
3625 2 2 1 2 976 983 975
3626 2 2 1 2 1197 1198 1156
3627 2 2 1 2 1610 2233 1262
3628 2 2 1 2 1494 2251 1238
3629 2 2 1 2 1767 1826 1629
3630 2 2 1 2 113 832 114
3631 2 2 1 2 1295 1296 1198
3632 2 2 1 2 974 975 973
3633 2 2 1 2 1008 1009 1007
3634 2 2 1 2 1466 1512 1302
3635 2 2 1 2 1034 1043 1033
3636 2 2 1 2 1099 1153 1152
3637 2 2 1 2 1384 1385 1383
3638 2 2 1 2 1516 2293 1687
3639 2 2 1 2 1076 2235 969
3640 2 2 1 2 1691 2283 1617
3641 2 2 1 2 1327 2210 1303
3642 2 2 1 2 1544 1808 1512
3643 2 2 1 2 1131 1164 1130
3644 2 2 1 2 1164 1259 1258
3645 2 2 1 2 1714 1742 1481
3646 2 2 1 2 1069 2230 1249
3647 2 2 1 2 1190 2212 1279
3648 2 2 1 2 1029 2234 1028
3649 2 2 1 2 972 973 971
3650 2 2 1 2 2214 2254 1337
3651 2 2 1 2 1248 2198 1050
3652 2 2 1 2 1047 1626 1072
3653 2 2 1 2 1054 2244 2243
3654 2 2 1 2 1654 1655 1301
3655 2 2 1 2 1260 1301 1259
3656 2 2 1 2 1113 1159 1158
3657 2 2 1 2 1139 2234 1430
3658 2 2 1 2 1356 1445 1355
3659 2 2 1 2 1523 1524 1522
3660 2 2 1 2 1655 1657 1656
3661 2 2 1 2 1430 2237 1141
3662 2 2 1 2 1302 2248 1298
3663 2 2 1 2 1513 1514 1433
3664 2 2 1 2 936 2223 938
3665 2 2 1 2 1143 2237 1148
3666 2 2 1 2 1026 1041 1027
3667 2 2 1 2 1041 1063 1042
3668 2 2 1 2 1063 1094 1064
3669 2 2 1 2 1481 2221 1336
3670 2 2 1 2 970 971 969
3671 2 2 1 2 2171 2247 1094
3672 2 2 1 2 1181 1223 1221
3673 2 2 1 2 1171 1253 1134
3674 2 2 1 2 1153 1155 1154
3675 2 2 1 2 1343 2257 1287
3676 2 2 1 2 929 931 930
3677 2 2 1 2 1058 2226 1067
3678 2 2 1 2 899 1210 901
3679 2 2 1 2 1164 2238 1260
3680 2 2 1 2 1095 1130 1094
3681 2 2 1 2 1298 2248 1297
3682 2 2 1 2 924 927 925
3683 2 2 1 2 1600 1736 1735
3684 2 2 1 2 1622 2009 1592
3685 2 2 1 2 1296 1480 1336
3686 2 2 1 2 1544 1814 1808
3687 2 2 1 2 1148 2239 1146
3688 2 2 1 2 920 924 923
3689 2 2 1 2 1466 1544 1512
3690 2 2 1 2 971 2245 1076
3691 2 2 1 2 1176 2239 1285
3692 2 2 1 2 927 929 928
3693 2 2 1 2 1533 1787 1678
3694 2 2 1 2 968 970 969
3695 2 2 1 2 1535 2241 1534
3696 2 2 1 2 932 2225 934
3697 2 2 1 2 993 2216 1495
3698 2 2 1 2 1442 1540 1441
3699 2 2 1 2 1215 2286 1216
3700 2 2 1 2 1700 1701 1485
3701 2 2 1 2 1158 2266 1204
3702 2 2 1 2 1607 1887 1604
3703 2 2 1 2 1354 1631 1280
3704 2 2 1 2 1693 1709 1706
3705 2 2 1 2 1710 1831 1828
3706 2 2 1 2 1208 2212 1192
3707 2 2 1 2 1526 1684 1662
3708 2 2 1 2 963 2181 956
3709 2 2 1 2 115 879 116
3710 2 2 1 2 1819 1820 1804
3711 2 2 1 2 942 944 943
3712 2 2 1 2 2219 2245 973
3713 2 2 1 2 1540 1710 1621
3714 2 2 1 2 1320 2238 1131
3715 2 2 1 2 2212 2283 1279
3716 2 2 1 2 2169 2284 2216
3717 2 2 1 2 1525 1783 1524
3718 2 2 1 2 1553 1749 1619
3719 2 2 1 2 1608 2254 2214
3720 2 2 1 2 1313 1504 1314
3721 2 2 1 2 1254 1255 1253
3722 2 2 1 2 1632 1633 1631
3723 2 2 1 2 1125 1313 1169
3724 2 2 1 2 1440 1441 1295
3725 2 2 1 2 1749 1848 1750
3726 2 2 1 2 1290 2236 1769
3727 2 2 1 2 1693 1694 1307
3728 2 2 1 2 1288 2236 1290
3729 2 2 1 2 931 939 932
3730 2 2 1 2 1699 2254 1608
3731 2 2 1 2 1155 1197 1156
3732 2 2 1 2 1706 1707 1694
3733 2 2 1 2 1484 2229 1751
3734 2 2 1 2 1286 2263 1357
3735 2 2 1 2 1513 2018 1514
3736 2 2 1 2 1197 1295 1198
3737 2 2 1 2 951 955 952
3738 2 2 1 2 1480 1714 1481
3739 2 2 1 2 1303 2210 1466
3740 2 2 1 2 1512 2248 1302
3741 2 2 1 2 1597 2053 1909
3742 2 2 1 2 1262 2233 1265
3743 2 2 1 2 1256 1692 1307
3744 2 2 1 2 955 963 956
3745 2 2 1 2 1522 2210 1327
3746 2 2 1 2 1067 2226 1091
3747 2 2 1 2 1171 1256 1254
3748 2 2 1 2 116 2240 117
3749 2 2 1 2 1028 2234 1139
3750 2 2 1 2 944 951 945
3751 2 2 1 2 1417 1418 1409
3752 2 2 1 2 955 1125 963
3753 2 2 1 2 1714 1796 1742
3754 2 2 1 2 1010 1012 1011
3755 2 2 1 2 958 2268 962
3756 2 2 1 2 1503 2181 963
3757 2 2 1 2 1958 1959 946
3758 2 2 1 2 1284 2242 1464
3759 2 2 1 2 1613 2242 1339
3760 2 2 1 2 2185 2280 1039
3761 2 2 1 2 1526 1662 1332
3762 2 2 1 2 1283 2242 1284
3763 2 2 1 2 1094 2247 1064
3764 2 2 1 2 1141 2237 1143
3765 2 2 1 2 1358 2236 1288
3766 2 2 1 2 944 1267 951
3767 2 2 1 2 1783 1806 1524
3768 2 2 1 2 1039 2280 1031
3769 2 2 1 2 1131 2238 1164
3770 2 2 1 2 968 969 967
3771 2 2 1 2 1592 2257 1343
3772 2 2 1 2 1446 1484 1349
3773 2 2 1 2 117 840 118
3774 2 2 1 2 1105 1135 1134
3775 2 2 1 2 1222 1353 1352
3776 2 2 1 2 1614 2212 1208
3777 2 2 1 2 1085 1105 1104
3778 2 2 1 2 1146 2239 1176
3779 2 2 1 2 968 2252 1127
3780 2 2 1 2 1537 1546 1413
3781 2 2 1 2 1534 2241 1705
3782 2 2 1 2 1313 1314 1169
3783 2 2 1 2 1125 1169 963
3784 2 2 1 2 1662 2301 2258
3785 2 2 1 2 1021 1023 1022
3786 2 2 1 2 1766 2352 2329
3787 2 2 1 2 1357 2263 1597
3788 2 2 1 2 1504 1506 1314
3789 2 2 1 2 1707 1829 1756
3790 2 2 1 2 20 889 21
3791 2 2 1 2 1331 2262 2207
3792 2 2 1 2 1339 2242 1283
3793 2 2 1 2 1711 1712 1460
3794 2 2 1 2 984 2250 983
3795 2 2 1 2 1291 2211 1292
3796 2 2 1 2 2062 2300 2138
3797 2 2 1 2 1023 1037 1024
3798 2 2 1 2 2005 2338 1201
3799 2 2 1 2 1217 2278 1207
3800 2 2 1 2 26 2217 857
3801 2 2 1 2 1106 2244 1084
3802 2 2 1 2 1709 1807 1706
3803 2 2 1 2 1121 2295 1093
3804 2 2 1 2 1702 1757 1703
3805 2 2 1 2 1619 2278 1360
3806 2 2 1 2 1783 1827 1806
3807 2 2 1 2 2181 2268 958
3808 2 2 1 2 927 1257 929
3809 2 2 1 2 1037 1054 1038
3810 2 2 1 2 964 2277 1624
3811 2 2 1 2 978 1004 1001
3812 2 2 1 2 1338 1413 1291
3813 2 2 1 2 1205 2274 1157
3814 2 2 1 2 1179 1224 1178
3815 2 2 1 2 1075 1085 1084
3816 2 2 1 2 1644 2238 1320
3817 2 2 1 2 1091 2226 1898
3818 2 2 1 2 1078 2253 1099
3819 2 2 1 2 1555 1869 1556
3820 2 2 1 2 1297 2248 1616
3821 2 2 1 2 1029 2280 2234
3822 2 2 1 2 1610 2290 2050
3823 2 2 1 2 1338 1628 1537
3824 2 2 1 2 1413 2211 1291
3825 2 2 1 2 934 2225 1435
3826 2 2 1 2 938 2223 942
3827 2 2 1 2 1021 1627 1023
3828 2 2 1 2 1171 1254 1253
3829 2 2 1 2 1376 1377 1375
3830 2 2 1 2 1084 2244 1054
3831 2 2 1 2 1008 1010 1009
3832 2 2 1 2 1259 2255 1263
3833 2 2 1 2 1614 2283 2212
3834 2 2 1 2 973 2245 971
3835 2 2 1 2 931 964 939
3836 2 2 1 2 1038 2243 1047
3837 2 2 1 2 1656 2255 1301
3838 2 2 1 2 1693 1706 1694
3839 2 2 1 2 1118 2271 1123
3840 2 2 1 2 2258 2301 1256
3841 2 2 1 2 939 2225 932
3842 2 2 1 2 1317 1349 1212
3843 2 2 1 2 966 968 967
3844 2 2 1 2 1700 1702 1701
3845 2 2 1 2 1692 1693 1307
3846 2 2 1 2 1256 1307 1254
3847 2 2 1 2 1633 2323 1631
3848 2 2 1 2 1435 2223 936
3849 2 2 1 2 1037 1075 1054
3850 2 2 1 2 878 2217 25
3851 2 2 1 2 2242 2288 1464
3852 2 2 1 2 1461 1713 1711
3853 2 2 1 2 1031 2280 1029
3854 2 2 1 2 1026 2250 2149
3855 2 2 1 2 1169 2260 1503
3856 2 2 1 2 1072 2287 1113
3857 2 2 1 2 1546 1834 1799
3858 2 2 1 2 1123 2271 1162
3859 2 2 1 2 121 2267 122
3860 2 2 1 2 1135 1171 1134
3861 2 2 1 2 1105 1134 1104
3862 2 2 1 2 1126 1180 1179
3863 2 2 1 2 1715 1716 1536
3864 2 2 1 2 1553 1619 1360
3865 2 2 1 2 1338 1537 1413
3866 2 2 1 2 1628 1630 1629
3867 2 2 1 2 1445 1461 1460
3868 2 2 1 2 1126 1178 1097
3869 2 2 1 2 1770 2260 1314
3870 2 2 1 2 1085 1104 1084
3871 2 2 1 2 1063 2256 1095
3872 2 2 1 2 2149 2256 1041
3873 2 2 1 2 966 967 965
3874 2 2 1 2 2247 2253 1078
3875 2 2 1 2 1219 1338 1291
3876 2 2 1 2 1332 2258 1135
3877 2 2 1 2 1541 2259 1540
3878 2 2 1 2 1630 1767 1629
3879 2 2 1 2 1153 2253 1498
3880 2 2 1 2 1749 1750 1619
3881 2 2 1 2 1260 2270 1654
3882 2 2 1 2 1096 1097 1012
3883 2 2 1 2 983 2250 1026
3884 2 2 1 2 1621 2261 1441
3885 2 2 1 2 1159 1166 1165
3886 2 2 1 2 962 2268 1021
3887 2 2 1 2 24 2228 878
3888 2 2 1 2 1075 1084 1054
3889 2 2 1 2 1728 1813 1633
3890 2 2 1 2 1092 2290 2230
3891 2 2 1 2 1496 1766 1635
3892 2 2 1 2 1613 2288 2242
3893 2 2 1 2 1099 2253 1153
3894 2 2 1 2 1296 2261 1480
3895 2 2 1 2 2194 2300 2062
3896 2 2 1 2 2009 2257 1592
3897 2 2 1 2 1708 2305 2281
3898 2 2 1 2 1295 2261 1296
3899 2 2 1 2 1811 2288 1613
3900 2 2 1 2 1863 1987 1859
3901 2 2 1 2 1301 2255 1259
3902 2 2 1 2 884 2228 23
3903 2 2 1 2 964 965 939
3904 2 2 1 2 1628 1629 1537
3905 2 2 1 2 1712 2296 1460
3906 2 2 1 2 1197 2265 1440
3907 2 2 1 2 1004 1006 1005
3908 2 2 1 2 1166 1187 1186
3909 2 2 1 2 1498 2265 1155
3910 2 2 1 2 1180 1231 1212
3911 2 2 1 2 1041 2256 1063
3912 2 2 1 2 895 1581 897
3913 2 2 1 2 1445 1460 1355
3914 2 2 1 2 964 966 965
3915 2 2 1 2 1231 1431 1317
3916 2 2 1 2 1199 2273 1222
3917 2 2 1 2 1597 2263 2053
3918 2 2 1 2 1857 1987 1860
3919 2 2 1 2 1354 1632 1631
3920 2 2 1 2 1010 1096 1012
3921 2 2 1 2 1631 2273 1280
3922 2 2 1 2 1104 2269 1106
3923 2 2 1 2 122 2276 123
3924 2 2 1 2 1281 1355 1354
3925 2 2 1 2 1540 2259 1710
3926 2 2 1 2 1054 2243 1038
3927 2 2 1 2 1006 1008 1007
3928 2 2 1 2 2135 2284 2169
3929 2 2 1 2 1512 2291 2248
3930 2 2 1 2 2230 2290 1610
3931 2 2 1 2 2248 2291 1616
3932 2 2 1 2 1441 2261 1295
3933 2 2 1 2 1246 2329 1097
3934 2 2 1 2 120 852 121
3935 2 2 1 2 1486 1730 1487
3936 2 2 1 2 1617 2283 1614
3937 2 2 1 2 1713 1817 1711
3938 2 2 1 2 1159 1312 1166
3939 2 2 1 2 1446 1639 1485
3940 2 2 1 2 1200 1281 1280
3941 2 2 1 2 1073 1958 949
3942 2 2 1 2 1292 2211 1346
3943 2 2 1 2 1423 2293 1516
3944 2 2 1 2 1093 2295 1092
3945 2 2 1 2 1187 1199 1196
3946 2 2 1 2 1461 1711 1460
3947 2 2 1 2 1171 2258 1256
3948 2 2 1 2 1446 1485 1484
3949 2 2 1 2 1273 2297 2165
3950 2 2 1 2 1253 2269 1134
3951 2 2 1 2 1701 2229 1485
3952 2 2 1 2 1314 2260 1169
3953 2 2 1 2 1485 2229 1484
3954 2 2 1 2 1155 2265 1197
3955 2 2 1 2 1662 2258 1332
3956 2 2 1 2 1135 2258 1171
3957 2 2 1 2 1493 2300 2194
3958 2 2 1 2 1826 2275 1629
3959 2 2 1 2 1639 1700 1485
3960 2 2 1 2 1034 1044 1043
3961 2 2 1 2 1126 1179 1178
3962 2 2 1 2 1047 2243 1626
3963 2 2 1 2 1215 2326 2286
3964 2 2 1 2 2246 2370 1772
3965 2 2 1 2 1763 2319 2171
3966 2 2 1 2 1317 1446 1349
3967 2 2 1 2 1731 1747 1746
3968 2 2 1 2 1433 1671 1431
3969 2 2 1 2 1096 1126 1097
3970 2 2 1 2 1707 2272 1829
3971 2 2 1 2 1813 2358 1633
3972 2 2 1 2 1706 2272 1707
3973 2 2 1 2 1464 2288 1625
3974 2 2 1 2 1180 1212 1179
3975 2 2 1 2 1626 2287 1072
3976 2 2 1 2 2401 2409 1640
3977 2 2 1 2 1018 1034 1033
3978 2 2 1 2 123 858 124
3979 2 2 1 2 1537 2275 1546
3980 2 2 1 2 1021 2268 1627
3981 2 2 1 2 1113 2287 1159
3982 2 2 1 2 1457 2313 1486
3983 2 2 1 2 2261 2308 1480
3984 2 2 1 2 1808 2291 1512
3985 2 2 1 2 1496 1555 1044
3986 2 2 1 2 1281 1354 1280
3987 2 2 1 2 1187 1200 1199
3988 2 2 1 2 955 2279 1125
3989 2 2 1 2 1546 2275 1834
3990 2 2 1 2 879 2240 116
3991 2 2 1 2 1223 1340 1293
3992 2 2 1 2 1828 2308 1621
3993 2 2 1 2 1694 2281 1307
3994 2 2 1 2 2210 2282 1620
3995 2 2 1 2 1743 2382 1840
3996 2 2 1 2 1755 1871 1554
3997 2 2 1 2 1616 2291 1618
3998 2 2 1 2 1267 2279 951
3999 2 2 1 2 1034 1496 1044
4000 2 2 1 2 1231 1317 1212
4001 2 2 1 2 1254 2281 1255
4002 2 2 1 2 1807 2272 1706
4003 2 2 1 2 861 1919 893
4004 2 2 1 2 1567 2327 1410
4005 2 2 1 2 1806 2282 1524
4006 2 2 1 2 1200 1280 1199
4007 2 2 1 2 1632 1728 1633
4008 2 2 1 2 1389 1777 1407
4009 2 2 1 2 1522 2282 2210
4010 2 2 1 2 1151 2345 1098
4011 2 2 1 2 1134 2269 1104
4012 2 2 1 2 951 2279 955
4013 2 2 1 2 117 2240 840
4014 2 2 1 2 1524 2282 1522
4015 2 2 1 2 1621 2308 2261
4016 2 2 1 2 1496 1635 1555
4017 2 2 1 2 944 2285 1267
4018 2 2 1 2 1629 2275 1537
4019 2 2 1 2 1092 2295 2290
4020 2 2 1 2 2200 2304 960
4021 2 2 1 2 1121 2330 2295
4022 2 2 1 2 2280 2317 2234
4023 2 2 1 2 1353 1459 1458
4024 2 2 1 2 929 2277 931
4025 2 2 1 2 1255 2305 1775
4026 2 2 1 2 1645 2360 1670
4027 2 2 1 2 1216 2286 1219
4028 2 2 1 2 1201 2338 1202
4029 2 2 1 2 73 825 74
4030 2 2 1 2 1467 1740 1739
4031 2 2 1 2 2032 2349 1419
4032 2 2 1 2 2250 2324 2045
4033 2 2 1 2 75 881 76
4034 2 2 1 2 2041 2337 2042
4035 2 2 1 2 942 2285 944
4036 2 2 1 2 1307 2281 1254
4037 2 2 1 2 1782 2375 1643
4038 2 2 1 2 2223 2285 942
4039 2 2 1 2 2156 2317 2185
4040 2 2 1 2 78 833 79
4041 2 2 1 2 1257 2277 929
4042 2 2 1 2 1222 2273 1353
4043 2 2 1 2 2346 2360 1969
4044 2 2 1 2 1634 2339 2147
4045 2 2 1 2 2309 2343 1765
4046 2 2 1 2 2147 2309 1723
4047 2 2 1 2 2324 2337 2045
4048 2 2 1 2 1179 2294 1224
4049 2 2 1 2 1256 2301 1692
4050 2 2 1 2 1627 2289 1023
4051 2 2 1 2 1037 2289 1075
4052 2 2 1 2 1472 1551 1470
4053 2 2 1 2 931 2277 964
4054 2 2 1 2 2156 2322 2317
4055 2 2 1 2 1378 1379 1377
4056 2 2 1 2 1280 2273 1199
4057 2 2 1 2 1623 2307 2211
4058 2 2 1 2 2281 2305 1255
4059 2 2 1 2 1365 2101 1640
4060 2 2 1 2 1859 1987 1857
4061 2 2 1 2 1159 2287 1312
4062 2 2 1 2 1219 2286 1338
4063 2 2 1 2 1101 2321 2180
4064 2 2 1 2 1349 2294 1212
4065 2 2 1 2 2333 2346 1969
4066 2 2 1 2 1599 1600 1564
4067 2 2 1 2 1338 2286 1628
4068 2 2 1 2 1023 2289 1037
4069 2 2 1 2 1459 1715 1536
4070 2 2 1 2 1480 2308 1714
4071 2 2 1 2 2208 2321 1101
4072 2 2 1 2 1763 2335 2319
4073 2 2 1 2 1400 1417 1409
4074 2 2 1 2 2364 2372 1764
4075 2 2 1 2 1460 2296 1355
4076 2 2 1 2 1496 2312 1766
4077 2 2 1 2 1193 2330 1149
4078 2 2 1 2 984 2324 2250
4079 2 2 1 2 1002 2324 987
4080 2 2 1 2 1004 1439 1006
4081 2 2 1 2 2286 2326 1628
4082 2 2 1 2 1193 2339 2330
4083 2 2 1 2 1389 1406 1386
4084 2 2 1 2 80 882 81
4085 2 2 1 2 1407 1531 1406
4086 2 2 1 2 1510 2351 1321
4087 2 2 1 2 1355 2296 1354
4088 2 2 1 2 2185 2317 2280
4089 2 2 1 2 1730 2310 1731
4090 2 2 1 2 1489 1533 1477
4091 2 2 1 2 1420 2344 2163
4092 2 2 1 2 1495 2366 2348
4093 2 2 1 2 1456 2313 1457
4094 2 2 1 2 2267 2276 122
4095 2 2 1 2 1324 2344 1420
4096 2 2 1 2 1486 2313 1810
4097 2 2 1 2 2148 2386 1310
4098 2 2 1 2 852 2267 121
4099 2 2 1 2 1380 1381 1379
4100 2 2 1 2 1671 2299 1431
4101 2 2 1 2 1431 2299 1317
4102 2 2 1 2 1398 2391 1390
4103 2 2 1 2 81 2298 82
4104 2 2 1 2 1212 2294 1179
4105 2 2 1 2 2157 2322 2156
4106 2 2 1 2 1446 2299 1639
4107 2 2 1 2 2317 2322 1430
4108 2 2 1 2 1463 1599 1564
4109 2 2 1 2 1354 2296 1632
4110 2 2 1 2 1486 1810 1730
4111 2 2 1 2 2234 2317 1430
4112 2 2 1 2 1743 1840 1838
4113 2 2 1 2 1346 2307 1456
4114 2 2 1 2 2295 2330 2051
4115 2 2 1 2 1810 1833 1730
4116 2 2 1 2 1312 2306 1166
4117 2 2 1 2 893 2311 895
4118 2 2 1 2 82 843 83
4119 2 2 1 2 2278 2315 1206
4120 2 2 1 2 1187 2306 1200
4121 2 2 1 2 1768 2368 2365
4122 2 2 1 2 1317 2299 1446
4123 2 2 1 2 1189 2343 1193
4124 2 2 1 2 1954 2342 1393
4125 2 2 1 2 1086 1110 1109
4126 2 2 1 2 2211 2307 1346
4127 2 2 1 2 123 2276 858
4128 2 2 1 2 978 2304 1004
4129 2 2 1 2 1533 1788 1787
4130 2 2 1 2 1166 2306 1187
4131 2 2 1 2 1002 2348 2079
4132 2 2 1 2 2164 2325 2321
4133 2 2 1 2 2265 2335 1637
4134 2 2 1 2 2247 2319 2253
4135 2 2 1 2 2239 2347 1641
4136 2 2 1 2 1890 2327 1567
4137 2 2 1 2 2218 2341 2157
4138 2 2 1 2 2164 2321 2208
4139 2 2 1 2 1775 2422 1661
4140 2 2 1 2 1368 2331 1366
4141 2 2 1 2 1857 1860 1855
4142 2 2 1 2 2253 2319 1498
4143 2 2 1 2 1410 2327 1399
4144 2 2 1 2 2218 2347 2341
4145 2 2 1 2 2370 2383 1772
4146 2 2 1 2 1096 2333 2052
4147 2 2 1 2 1417 1554 1418
4148 2 2 1 2 1495 2348 991
4149 2 2 1 2 960 2304 978
4150 2 2 1 2 1420 2325 2164
4151 2 2 1 2 1750 2315 1619
4152 2 2 1 2 895 2311 1581
4153 2 2 1 2 987 2324 984
4154 2 2 1 2 1034 2312 1496
4155 2 2 1 2 1010 2333 1096
4156 2 2 1 2 1619 2315 2278
4157 2 2 1 2 1731 2310 1747
4158 2 2 1 2 1373 1404 1371
4159 2 2 1 2 989 2348 1002
4160 2 2 1 2 1503 2340 2181
4161 2 2 1 2 1407 1532 1531
4162 2 2 1 2 1684 2477 2387
4163 2 2 1 2 1018 2312 1034
4164 2 2 1 2 1430 2322 2237
4165 2 2 1 2 2171 2319 2247
4166 2 2 1 2 1768 2365 1502
4167 2 2 1 2 1308 2428 2055
4168 2 2 1 2 1575 1890 1567
4169 2 2 1 2 1397 2336 1374
4170 2 2 1 2 1419 2349 2226
4171 2 2 1 2 1887 2350 1604
4172 2 2 1 2 1755 1893 1871
4173 2 2 1 2 2319 2335 1498
4174 2 2 1 2 1193 2343 2309
4175 2 2 1 2 1406 2316 1386
4176 2 2 1 2 1012 2352 1011
4177 2 2 1 2 1389 1407 1406
4178 2 2 1 2 1804 1884 1754
4179 2 2 1 2 1628 2326 1630
4180 2 2 1 2 1014 2312 1018
4181 2 2 1 2 1149 2330 1121
4182 2 2 1 2 1008 2333 1010
4183 2 2 1 2 1211 2392 2148
4184 2 2 1 2 1385 1387 1386
4185 2 2 1 2 1004 2304 1439
4186 2 2 1 2 2330 2339 2051
4187 2 2 1 2 1504 2353 1506
4188 2 2 1 2 1919 2311 893
4189 2 2 1 2 1163 1203 1181
4190 2 2 1 2 1833 2310 1730
4191 2 2 1 2 2244 2393 2383
4192 2 2 1 2 1977 2402 1972
4193 2 2 1 2 1097 2329 1012
4194 2 2 1 2 2148 2392 2386
4195 2 2 1 2 2107 2376 1648
4196 2 2 1 2 2045 2337 2041
4197 2 2 1 2 1202 2338 1215
4198 2 2 1 2 1377 1405 1375
4199 2 2 1 2 2055 2421 2056
4200 2 2 1 2 2157 2341 2322
4201 2 2 1 2 1552 1835 1551
4202 2 2 1 2 1780 2510 2507
4203 2 2 1 2 1775 2426 2422
4204 2 2 1 2 918 2356 920
4205 2 2 1 2 2051 2339 1634
4206 2 2 1 2 2209 2388 2372
4207 2 2 1 2 85 854 86
4208 2 2 1 2 1443 2368 1535
4209 2 2 1 2 1599 1851 1600
4210 2 2 1 2 1211 2400 2392
4211 2 2 1 2 1660 2377 1659
4212 2 2 1 2 1838 1839 1744
4213 2 2 1 2 71 880 72
4214 2 2 1 2 1417 1565 1554
4215 2 2 1 2 1385 1386 1383
4216 2 2 1 2 2343 2363 1765
4217 2 2 1 2 1659 2362 2255
4218 2 2 1 2 1215 2338 2326
4219 2 2 1 2 1381 1383 1382
4220 2 2 1 2 2335 2354 1637
4221 2 2 1 2 1691 2374 2363
4222 2 2 1 2 1345 2385 1340
4223 2 2 1 2 2167 2400 1211
4224 2 2 1 2 1476 1477 1475
4225 2 2 1 2 1914 2361 1382
4226 2 2 1 2 1498 2335 2265
4227 2 2 1 2 1637 2354 2186
4228 2 2 1 2 1476 1489 1477
4229 2 2 1 2 1627 2340 2249
4230 2 2 1 2 2273 2323 1353
4231 2 2 1 2 1381 1382 1379
4232 2 2 1 2 1310 2378 2135
4233 2 2 1 2 1383 2316 1382
4234 2 2 1 2 2341 2347 1148
4235 2 2 1 2 2181 2340 2268
4236 2 2 1 2 2237 2341 1148
4237 2 2 1 2 1503 2369 2340
4238 2 2 1 2 1387 1389 1386
4239 2 2 1 2 2322 2341 2237
4240 2 2 1 2 1565 1894 1755
4241 2 2 1 2 1098 2345 1308
4242 2 2 1 2 1565 1755 1554
4243 2 2 1 2 1633 2358 2323
4244 2 2 1 2 1631 2323 2273
4245 2 2 1 2 1615 2344 1324
4246 2 2 1 2 2312 2352 1766
4247 2 2 1 2 1444 2381 1646
4248 2 2 1 2 1340 1411 1293
4249 2 2 1 2 1390 2391 1387
4250 2 2 1 2 1393 2342 1400
4251 2 2 1 2 1660 2384 2377
4252 2 2 1 2 1418 2318 1463
4253 2 2 1 2 1279 2343 1189
4254 2 2 1 2 1763 2354 2335
4255 2 2 1 2 1530 2387 1335
4256 2 2 1 2 1691 2363 2283
4257 2 2 1 2 1353 2323 1459
4258 2 2 1 2 882 2298 81
4259 2 2 1 2 2092 2389 2090
4260 2 2 1 2 1439 2346 1006
4261 2 2 1 2 2268 2340 1627
4262 2 2 1 2 1554 2318 1418
4263 2 2 1 2 2348 2366 2079
4264 2 2 1 2 1476 1743 1489
4265 2 2 1 2 1743 1744 1489
4266 2 2 1 2 927 2367 1257
4267 2 2 1 2 2285 2364 1917
4268 2 2 1 2 1823 2384 1660
4269 2 2 1 2 70 2320 71
4270 2 2 1 2 2507 2510 823
4271 2 2 1 2 2354 2362 2186
4272 2 2 1 2 1006 2346 1008
4273 2 2 1 2 1386 2316 1383
4274 2 2 1 2 82 2298 843
4275 2 2 1 2 1931 2415 1681
4276 2 2 1 2 1008 2346 2333
4277 2 2 1 2 2223 2364 2285
4278 2 2 1 2 1148 2347 2239
4279 2 2 1 2 1371 2331 1368
4280 2 2 1 2 2055 2428 2421
4281 2 2 1 2 1014 2352 2312
4282 2 2 1 2 2368 2373 1535
4283 2 2 1 2 991 2348 989
4284 2 2 1 2 1223 1345 1340
4285 2 2 1 2 1604 2350 1602
4286 2 2 1 2 1083 2390 1245
4287 2 2 1 2 2001 2411 1115
4288 2 2 1 2 1463 2318 1599
4289 2 2 1 2 1137 2390 1074
4290 2 2 1 2 1754 2332 1575
4291 2 2 1 2 2226 2349 1898
4292 2 2 1 2 1743 1838 1744
4293 2 2 1 2 1988 2403 1883
4294 2 2 1 2 1375 2334 1373
4295 2 2 1 2 2027 2403 2026
4296 2 2 1 2 1321 2351 2167
4297 2 2 1 2 1389 2391 1777
4298 2 2 1 2 1400 2342 1417
4299 2 2 1 2 1510 2398 2351
4300 2 2 1 2 1959 2440 1960
4301 2 2 1 2 1395 2524 2453
4302 2 2 1 2 1602 2353 1504
4303 2 2 1 2 2426 2431 1461
4304 2 2 1 2 1263 2354 1763
4305 2 2 1 2 1011 2352 1014
4306 2 2 1 2 2209 2372 2225
4307 2 2 1 2 2350 2353 1602
4308 2 2 1 2 2347 2365 1641
4309 2 2 1 2 2340 2369 2249
4310 2 2 1 2 2244 2383 2243
4311 2 2 1 2 2079 2366 2044
4312 2 2 1 2 1969 2360 1645
4313 2 2 1 2 920 2356 924
4314 2 2 1 2 1279 2363 2343
4315 2 2 1 2 1740 1830 1739
4316 2 2 1 2 1404 2331 1371
4317 2 2 1 2 2435 2504 851
4318 2 2 1 2 2260 2369 1503
4319 2 2 1 2 1726 2374 1691
4320 2 2 1 2 1774 2359 1773
4321 2 2 1 2 1373 2334 1404
4322 2 2 1 2 2365 2368 1641
4323 2 2 1 2 1575 2332 1890
4324 2 2 1 2 1855 2231 1854
4325 2 2 1 2 2363 2374 1765
4326 2 2 1 2 1263 2362 2354
4327 2 2 1 2 1405 2334 1375
4328 2 2 1 2 1182 2399 1316
4329 2 2 1 2 1312 2370 2246
4330 2 2 1 2 1884 2332 1754
4331 2 2 1 2 1861 1862 1859
4332 2 2 1 2 2380 2381 1586
4333 2 2 1 2 1860 2231 1855
4334 2 2 1 2 2260 2380 2369
4335 2 2 1 2 1471 1473 1403
4336 2 2 1 2 1858 1859 1857
4337 2 2 1 2 1557 1885 1870
4338 2 2 1 2 2323 2358 1459
4339 2 2 1 2 1417 2342 1565
4340 2 2 1 2 2372 2388 1764
4341 2 2 1 2 2204 2420 1510
4342 2 2 1 2 1379 2361 1377
4343 2 2 1 2 1474 1475 1473
4344 2 2 1 2 1394 1402 1398
4345 2 2 1 2 2255 2362 1263
4346 2 2 1 2 1976 2442 2215
4347 2 2 1 2 1435 2364 2223
4348 2 2 1 2 2287 2370 1312
4349 2 2 1 2 1502 2365 2218
4350 2 2 1 2 1556 2404 1044
4351 2 2 1 2 2283 2363 1279
4352 2 2 1 2 1459 2358 1715
4353 2 2 1 2 1043 2404 1060
4354 2 2 1 2 1638 2407 1963
4355 2 2 1 2 1659 2377 2362
4356 2 2 1 2 2497 2499 2174
4357 2 2 1 2 2356 2367 924
4358 2 2 1 2 2284 2366 1495
4359 2 2 1 2 1474 1476 1475
4360 2 2 1 2 1636 2408 2177
4361 2 2 1 2 1651 2398 1644
4362 2 2 1 2 1377 2361 1405
4363 2 2 1 2 1641 2368 1443
4364 2 2 1 2 2218 2365 2347
4365 2 2 1 2 924 2367 927
4366 2 2 1 2 1340 2385 1467
4367 2 2 1 2 2204 2424 2420
4368 2 2 1 2 1770 2381 2380
4369 2 2 1 2 2338 2379 2326
4370 2 2 1 2 2360 2396 1670
4371 2 2 1 2 1661 2405 2269
4372 2 2 1 2 1894 2409 2401
4373 2 2 1 2 1672 2417 1673
4374 2 2 1 2 1382 2361 1379
4375 2 2 1 2 2383 2393 1772
4376 2 2 1 2 1310 2386 2378
4377 2 2 1 2 1854 2445 1793
4378 2 2 1 2 2366 2378 2044
4379 2 2 1 2 1435 2372 2364
4380 2 2 1 2 1203 2357 1181
4381 2 2 1 2 2249 2369 2176
4382 2 2 1 2 905 2412 1062
4383 2 2 1 2 1626 2370 2287
4384 2 2 1 2 2176 2380 1586
4385 2 2 1 2 1765 2374 1724
4386 2 2 1 2 1643 2375 1914
4387 2 2 1 2 1769 2373 1768
4388 2 2 1 2 1467 2385 1740
4389 2 2 1 2 2225 2372 1435
4390 2 2 1 2 2369 2380 2176
4391 2 2 1 2 1510 2420 2398
4392 2 2 1 2 1871 2371 2318
4393 2 2 1 2 2099 2446 2097
4394 2 2 1 2 1648 2376 1907
4395 2 2 1 2 1210 2414 901
4396 2 2 1 2 1181 2357 1223
4397 2 2 1 2 2056 2410 2245
4398 2 2 1 2 1088 2449 1894
4399 2 2 1 2 1768 2373 2368
4400 2 2 1 2 2284 2378 2366
4401 2 2 1 2 71 2320 880
4402 2 2 1 2 2424 2429 1663
4403 2 2 1 2 1257 2394 2277
4404 2 2 1 2 1695 2511 2510
4405 2 2 1 2 1599 2371 1851
4406 2 2 1 2 1650 2425 2035
4407 2 2 1 2 2501 2505 2178
4408 2 2 1 2 1640 2409 1954
4409 2 2 1 2 2186 2377 1541
4410 2 2 1 2 2318 2371 1599
4411 2 2 1 2 1000 2438 1019
4412 2 2 1 2 1840 2513 1841
4413 2 2 1 2 2254 2419 1762
4414 2 2 1 2 1626 2383 2370
4415 2 2 1 2 2005 2379 2338
4416 2 2 1 2 2362 2377 2186
4417 2 2 1 2 1655 2424 1663
4418 2 2 1 2 1586 2381 1444
4419 2 2 1 2 2377 2384 1541
4420 2 2 1 2 1471 1474 1473
4421 2 2 1 2 899 2423 1210
4422 2 2 1 2 2135 2378 2284
4423 2 2 1 2 1402 1470 1403
4424 2 2 1 2 2351 2398 1651
4425 2 2 1 2 1223 2357 1345
4426 2 2 1 2 1770 2380 2260
4427 2 2 1 2 1471 1549 1474
4428 2 2 1 2 1764 2388 1664
4429 2 2 1 2 1470 1471 1403
4430 2 2 1 2 2107 2394 2376
4431 2 2 1 2 1858 1861 1859
4432 2 2 1 2 2097 2448 2096
4433 2 2 1 2 1581 2423 897
4434 2 2 1 2 2044 2386 2043
4435 2 2 1 2 2243 2383 1626
4436 2 2 1 2 1541 2384 2259
4437 2 2 1 2 1445 2426 1461
4438 2 2 1 2 1340 1467 1411
4439 2 2 1 2 2446 2448 2097
4440 2 2 1 2 1452 2432 1450
4441 2 2 1 2 1530 2474 2387
4442 2 2 1 2 1335 2387 2154
4443 2 2 1 2 2448 2450 2096
4444 2 2 1 2 2090 2389 2089
4445 2 2 1 2 1926 2591 858
4446 2 2 1 2 2326 2379 1630
4447 2 2 1 2 1664 2397 1649
4448 2 2 1 2 2089 2458 1137
4449 2 2 1 2 1467 1547 1411
4450 2 2 1 2 1074 2390 1083
4451 2 2 1 2 1247 2388 2209
4452 2 2 1 2 2388 2397 1664
4453 2 2 1 2 1562 2453 1698
4454 2 2 1 2 2386 2392 2043
4455 2 2 1 2 2379 2395 1630
4456 2 2 1 2 1402 1403 1398
4457 2 2 1 2 2206 2439 2099
4458 2 2 1 2 2455 2458 2089
4459 2 2 1 2 1756 2441 1708
4460 2 2 1 2 1974 2464 1976
4461 2 2 1 2 1696 2482 2063
4462 2 2 1 2 2026 2403 1988
4463 2 2 1 2 1663 2429 1727
4464 2 2 1 2 1772 2393 1771
4465 2 2 1 2 1856 1864 1858
4466 2 2 1 2 2472 2477 1684
4467 2 2 1 2 2043 2392 2143
4468 2 2 1 2 1547 2355 1794
4469 2 2 1 2 1856 1858 1857
4470 2 2 1 2 1247 2397 2388
4471 2 2 1 2 2397 2406 1649
4472 2 2 1 2 1954 2409 2342
4473 2 2 1 2 1476 2382 1743
4474 2 2 1 2 1560 1832 1738
4475 2 2 1 2 1467 1739 1547
4476 2 2 1 2 2304 2396 1439
4477 2 2 1 2 2221 2487 1530
4478 2 2 1 2 2392 2400 2143
4479 2 2 1 2 1963 2490 1688
4480 2 2 1 2 2342 2409 1565
4481 2 2 1 2 2376 2394 1257
4482 2 2 1 2 1830 2292 1739
4483 2 2 1 2 2378 2386 2044
4484 2 2 1 2 1856 1857 1855
4485 2 2 1 2 2235 2397 1247
4486 2 2 1 2 2396 2433 1670
4487 2 2 1 2 1836 2531 1738
4488 2 2 1 2 1434 2399 1182
4489 2 2 1 2 2277 2394 1624
4490 2 2 1 2 1630 2395 1767
4491 2 2 1 2 2143 2400 1651
4492 2 2 1 2 1649 2406 2136
4493 2 2 1 2 1106 2393 2244
4494 2 2 1 2 2393 2405 1771
4495 2 2 1 2 1972 2402 1974
4496 2 2 1 2 1644 2398 2270
4497 2 2 1 2 1532 2469 2466
4498 2 2 1 2 1511 2452 2450
4499 2 2 1 2 1398 2427 2391
4500 2 2 1 2 1670 2433 2018
4501 2 2 1 2 1106 2405 2393
4502 2 2 1 2 2406 2410 2136
4503 2 2 1 2 2221 2492 2487
4504 2 2 1 2 2200 2396 2304
4505 2 2 1 2 1835 1837 1551
4506 2 2 1 2 1665 2430 2107
4507 2 2 1 2 909 2444 2151
4508 2 2 1 2 1977 2457 2402
4509 2 2 1 2 1533 2437 1788
4510 2 2 1 2 1439 2396 2360
4511 2 2 1 2 907 2444 909
4512 2 2 1 2 2235 2406 2397
4513 2 2 1 2 2107 2430 2394
4514 2 2 1 2 2178 2505 831
4515 2 2 1 2 2151 2444 2027
4516 2 2 1 2 1806 2434 2282
4517 2 2 1 2 1474 2382 1476
4518 2 2 1 2 1945 2520 1020
4519 2 2 1 2 1403 2427 1398
4520 2 2 1 2 2101 2401 1640
4521 2 2 1 2 1394 1398 1390
4522 2 2 1 2 1665 2436 2430
4523 2 2 1 2 1775 2431 2426
4524 2 2 1 2 1744 2437 1489
4525 2 2 1 2 1076 2406 2235
4526 2 2 1 2 2269 2405 1106
4527 2 2 1 2 1044 2404 1043
4528 2 2 1 2 2162 2407 1638
4529 2 2 1 2 1779 2408 1636
4530 2 2 1 2 2001 2473 2411
4531 2 2 1 2 1076 2410 2406
4532 2 2 1 2 2492 2496 1709
4533 2 2 1 2 2094 2452 2092
4534 2 2 1 2 1115 2411 1977
4535 2 2 1 2 1696 2483 2482
4536 2 2 1 2 1685 2483 1696
4537 2 2 1 2 1387 2391 1389
4538 2 2 1 2 2398 2420 2270
4539 2 2 1 2 1676 2436 1665
4540 2 2 1 2 903 2412 905
4541 2 2 1 2 2394 2430 1624
4542 2 2 1 2 2245 2410 1076
4543 2 2 1 2 1686 2484 1685
4544 2 2 1 2 1676 2439 2436
4545 2 2 1 2 1739 2355 1547
4546 2 2 1 2 1511 2450 1330
4547 2 2 1 2 903 2414 2412
4548 2 2 1 2 901 2414 903
4549 2 2 1 2 2447 2468 1646
4550 2 2 1 2 1685 2484 2483
4551 2 2 1 2 1530 2487 2474
4552 2 2 1 2 1932 2415 1931
4553 2 2 1 2 2200 2433 2396
4554 2 2 1 2 2162 2493 2488
4555 2 2 1 2 1688 2486 1686
4556 2 2 1 2 1560 1738 1558
4557 2 2 1 2 1779 2494 2489
4558 2 2 1 2 295 2454 294
4559 2 2 1 2 2015 2515 1416
4560 2 2 1 2 1551 2413 1470
4561 2 2 1 2 2056 2421 2410
4562 2 2 1 2 1686 2486 2484
4563 2 2 1 2 2433 2442 2018
4564 2 2 1 2 1549 2382 1474
4565 2 2 1 2 1947 2462 1475
4566 2 2 1 2 2389 2455 2089
4567 2 2 1 2 1758 2417 1672
4568 2 2 1 2 2495 2501 874
4569 2 2 1 2 2432 2509 1450
4570 2 2 1 2 2391 2427 1777
4571 2 2 1 2 948 2500 2001
4572 2 2 1 2 1565 2409 1894
4573 2 2 1 2 1416 2514 2132
4574 2 2 1 2 1499 2455 1511
4575 2 2 1 2 1757 2418 1874
4576 2 2 1 2 1853 1856 1855
4577 2 2 1 2 2058 2479 2057
4578 2 2 1 2 2292 2355 1739
4579 2 2 1 2 2443 2517 1949
4580 2 2 1 2 2132 2508 948
4581 2 2 1 2 1688 2490 2486
4582 2 2 1 2 1782 2485 2375
4583 2 2 1 2 1359 2459 1358
4584 2 2 1 2 1471 2413 1549
4585 2 2 1 2 1853 1854 1793
4586 2 2 1 2 1661 2422 2405
4587 2 2 1 2 874 2501 2178
4588 2 2 1 2 1782 2519 2485
4589 2 2 1 2 1961 2533 1188
4590 2 2 1 2 1771 2422 1509
4591 2 2 1 2 2060 2480 2058
4592 2 2 1 2 1789 2466 1678
4593 2 2 1 2 1722 2459 1482
4594 2 2 1 2 1699 2419 2254
4595 2 2 1 2 2136 2421 1607
4596 2 2 1 2 2204 2429 2424
4597 2 2 1 2 2494 2497 873
4598 2 2 1 2 1461 2431 1713
4599 2 2 1 2 1932 2475 2471
4600 2 2 1 2 2063 2481 2060
4601 2 2 1 2 2475 2476 845
4602 2 2 1 2 897 2423 899
4603 2 2 1 2 2270 2420 1654
4604 2 2 1 2 2420 2424 1654
4605 2 2 1 2 1853 1855 1854
4606 2 2 1 2 2058 2480 2479
4607 2 2 1 2 1514 2457 1433
4608 2 2 1 2 2422 2426 1509
4609 2 2 1 2 1416 2515 2514
4610 2 2 1 2 2173 2498 827
4611 2 2 1 2 1654 2424 1655
4612 2 2 1 2 2060 2481 2480
4613 2 2 1 2 2381 2447 1646
4614 2 2 1 2 2421 2428 1607
4615 2 2 1 2 1778 2425 1650
4616 2 2 1 2 857 2463 27
4617 2 2 1 2 2063 2482 2481
4618 2 2 1 2 1470 2413 1471
4619 2 2 1 2 2035 2461 1677
4620 2 2 1 2 2132 2514 2508
4621 2 2 1 2 2419 2499 1762
4622 2 2 1 2 1681 2467 1679
4623 2 2 1 2 948 2508 2500
4624 2 2 1 2 1509 2426 1445
4625 2 2 1 2 29 2465 853
4626 2 2 1 2 2498 2502 827
4627 2 2 1 2 1882 2511 1695
4628 2 2 1 2 827 2502 2168
4629 2 2 1 2 1607 2428 1887
4630 2 2 1 2 1894 2449 1755
4631 2 2 1 2 1465 2429 2204
4632 2 2 1 2 1624 2430 2252
4633 2 2 1 2 1677 2460 2040
4634 2 2 1 2 2222 2468 1774
4635 2 2 1 2 2465 2467 853
4636 2 2 1 2 853 2471 30
4637 2 2 1 2 1778 2465 2463
4638 2 2 1 2 2057 2476 1682
4639 2 2 1 2 1714 2470 1796
4640 2 2 1 2 2154 2477 1244
4641 2 2 1 2 1647 2509 2506
4642 2 2 1 2 1526 2472 1684
4643 2 2 1 2 32 2475 845
4644 2 2 1 2 2232 2445 1854
4645 2 2 1 2 2439 2446 2099
4646 2 2 1 2 1506 2447 1770
4647 2 2 1 2 2430 2436 2252
4648 2 2 1 2 1675 2432 1452
4649 2 2 1 2 2040 2456 1785
4650 2 2 1 2 1020 2438 1000
4651 2 2 1 2 1677 2461 2460
4652 2 2 1 2 1928 2528 1073
4653 2 2 1 2 1675 2435 2432
4654 2 2 1 2 2305 2431 1775
4655 2 2 1 2 1780 2435 1675
4656 2 2 1 2 1837 2413 1551
4657 2 2 1 2 1396 2537 2534
4658 2 2 1 2 1684 2474 1662
4659 2 2 1 2 1167 2433 2200
4660 2 2 1 2 2282 2434 1620
4661 2 2 1 2 1473 2427 1403
4662 2 2 1 2 1828 2470 2308
4663 2 2 1 2 1976 2464 2442
4664 2 2 1 2 1785 2451 1786
4665 2 2 1 2 2001 2500 2473
4666 2 2 1 2 1511 2455 2389
4667 2 2 1 2 2252 2436 1127
4668 2 2 1 2 1073 2529 1958
4669 2 2 1 2 1489 2437 1533
4670 2 2 1 2 2436 2439 1127
4671 2 2 1 2 2410 2421 2136
4672 2 2 1 2 2405 2422 1771
4673 2 2 1 2 1635 2478 1555
4674 2 2 1 2 2431 2441 1713
4675 2 2 1 2 54 2504 55
4676 2 2 1 2 2040 2460 2456
4677 2 2 1 2 2162 2488 2407
4678 2 2 1 2 1698 2453 1792
4679 2 2 1 2 1407 2469 1532
4680 2 2 1 2 1779 2489 2408
4681 2 2 1 2 1127 2439 2206
4682 2 2 1 2 2408 2505 2177
4683 2 2 1 2 1671 2473 2299
4684 2 2 1 2 1947 2469 2462
4685 2 2 1 2 1958 2440 1959
4686 2 2 1 2 2359 2447 1506
4687 2 2 1 2 1785 2456 2451
4688 2 2 1 2 2402 2457 1514
4689 2 2 1 2 836 2488 41
4690 2 2 1 2 831 2489 46
4691 2 2 1 2 2438 2443 1019
4692 2 2 1 2 1581 2511 2423
4693 2 2 1 2 1167 2442 2433
4694 2 2 1 2 2215 2442 1167
4695 2 2 1 2 43 2493 874
4696 2 2 1 2 48 2494 873
4697 2 2 1 2 1932 2471 2415
4698 2 2 1 2 833 2546 1897
4699 2 2 1 2 2057 2479 2476
4700 2 2 1 2 2528 2529 1073
4701 2 2 1 2 2160 2495 2162
4702 2 2 1 2 1693 2492 1709
4703 2 2 1 2 2416 2532 1839
4704 2 2 1 2 2224 2499 1689
4705 2 2 1 2 1742 2496 1481
4706 2 2 1 2 1943 2519 1945
4707 2 2 1 2 1062 2444 907
4708 2 2 1 2 2359 2468 2447
4709 2 2 1 2 2305 2441 2431
4710 2 2 1 2 1708 2441 2305
4711 2 2 1 2 2168 2506 2152
4712 2 2 1 2 2174 2499 2419
4713 2 2 1 2 2387 2474 1684
4714 2 2 1 2 1449 2509 1647
4715 2 2 1 2 2153 2509 2432
4716 2 2 1 2 2262 2446 1676
4717 2 2 1 2 2425 2463 857
4718 2 2 1 2 1384 2538 1864
4719 2 2 1 2 2415 2471 853
4720 2 2 1 2 2450 2452 2096
4721 2 2 1 2 1970 2518 1362
4722 2 2 1 2 1778 2463 2425
4723 2 2 1 2 1632 2512 1728
4724 2 2 1 2 2262 2448 2446
4725 2 2 1 2 2427 2462 1777
4726 2 2 1 2 56 2507 823
4727 2 2 1 2 1695 2510 1780
4728 2 2 1 2 1865 2518 1845
4729 2 2 1 2 1712 2512 2296
4730 2 2 1 2 1331 2450 2448
4731 2 2 1 2 1331 2448 2262
4732 2 2 1 2 2411 2473 1671
4733 2 2 1 2 1676 2446 2439
4734 2 2 1 2 831 2505 2408
4735 2 2 1 2 1330 2450 1331
4736 2 2 1 2 2222 2477 2472
4737 2 2 1 2 2222 2472 2468
4738 2 2 1 2 1531 2517 1642
4739 2 2 1 2 2407 2488 836
4740 2 2 1 2 2408 2489 831
4741 2 2 1 2 1473 2462 2427
4742 2 2 1 2 1755 2449 1893
4743 2 2 1 2 2502 2506 2168
4744 2 2 1 2 2466 2469 1947
4745 2 2 1 2 2096 2452 2094
4746 2 2 1 2 884 2451 2228
4747 2 2 1 2 868 2454 295
4748 2 2 1 2 840 2571 1904
4749 2 2 1 2 1845 2518 1580
4750 2 2 1 2 2423 2511 1882
4751 2 2 1 2 1652 2455 1499
4752 2 2 1 2 1770 2447 2381
4753 2 2 1 2 2451 2456 2228
4754 2 2 1 2 1652 2458 2455
4755 2 2 1 2 2228 2456 878
4756 2 2 1 2 2519 2520 1945
4757 2 2 1 2 1886 2458 1652
4758 2 2 1 2 2442 2464 2018
4759 2 2 1 2 1482 2459 1359
4760 2 2 1 2 1698 1792 1791
4761 2 2 1 2 873 2497 2174
4762 2 2 1 2 1433 2457 1671
4763 2 2 1 2 878 2460 2217
4764 2 2 1 2 2456 2460 878
4765 2 2 1 2 1832 1836 1738
4766 2 2 1 2 2217 2461 857
4767 2 2 1 2 2460 2461 2217
4768 2 2 1 2 27 2463 28
4769 2 2 1 2 2018 2464 1514
4770 2 2 1 2 2463 2465 28
4771 2 2 1 2 28 2465 29
4772 2 2 1 2 1132 2521 1163
4773 2 2 1 2 1678 2466 1947
4774 2 2 1 2 1852 1853 1793
4775 2 2 1 2 1932 2476 2475
4776 2 2 1 2 1679 2467 1778
4777 2 2 1 2 1475 2462 1473
4778 2 2 1 2 1778 2467 2465
4779 2 2 1 2 885 2595 2232
4780 2 2 1 2 1742 2503 2496
4781 2 2 1 2 1777 2469 1407
4782 2 2 1 2 2221 2496 2492
4783 2 2 1 2 30 2471 31
4784 2 2 1 2 2308 2470 1714
4785 2 2 1 2 1646 2472 1526
4786 2 2 1 2 2471 2475 31
4787 2 2 1 2 2462 2469 1777
4788 2 2 1 2 31 2475 32
4789 2 2 1 2 1662 2474 2301
4790 2 2 1 2 2299 2473 1639
4791 2 2 1 2 1750 2491 2039
4792 2 2 1 2 1805 2525 1720
4793 2 2 1 2 2000 2526 886
4794 2 2 1 2 1682 2476 1932
4795 2 2 1 2 1747 2572 1748
4796 2 2 1 2 1774 2468 2359
4797 2 2 1 2 1848 2491 1750
4798 2 2 1 2 1779 2497 2494
4799 2 2 1 2 1244 2477 2222
4800 2 2 1 2 1555 2478 1869
4801 2 2 1 2 845 2479 2191
4802 2 2 1 2 1405 2485 2334
4803 2 2 1 2 1549 2513 2382
4804 2 2 1 2 1642 2517 2443
4805 2 2 1 2 2510 2511 1921
4806 2 2 1 2 2479 2480 2191
4807 2 2 1 2 2191 2480 875
4808 2 2 1 2 1792 1793 1791
4809 2 2 1 2 2480 2481 875
4810 2 2 1 2 2334 2485 2303
4811 2 2 1 2 2474 2487 2301
4812 2 2 1 2 875 2481 2187
4813 2 2 1 2 2481 2482 2187
4814 2 2 1 2 2473 2500 1639
4815 2 2 1 2 2187 2482 841
4816 2 2 1 2 841 2483 2188
4817 2 2 1 2 2476 2479 845
4818 2 2 1 2 2482 2483 841
4819 2 2 1 2 2485 2519 2303
4820 2 2 1 2 2483 2484 2188
4821 2 2 1 2 2506 2509 2153
4822 2 2 1 2 2188 2484 876
4823 2 2 1 2 2484 2486 876
4824 2 2 1 2 2227 2505 2501
4825 2 2 1 2 876 2486 2184
4826 2 2 1 2 41 2488 42
4827 2 2 1 2 46 2489 47
4828 2 2 1 2 2486 2490 2184
4829 2 2 1 2 2184 2490 836
4830 2 2 1 2 2488 2493 42
4831 2 2 1 2 2487 2492 1692
4832 2 2 1 2 2489 2494 47
4833 2 2 1 2 2039 2491 1873
4834 2 2 1 2 2301 2487 1692
4835 2 2 1 2 42 2493 43
4836 2 2 1 2 1692 2492 1693
4837 2 2 1 2 47 2494 48
4838 2 2 1 2 55 2507 56
4839 2 2 1 2 2468 2472 1646
4840 2 2 1 2 1921 2511 1581
4841 2 2 1 2 2161 2495 2160
4842 2 2 1 2 2375 2485 1405
4843 2 2 1 2 1792 1852 1793
4844 2 2 1 2 1689 2497 1779
4845 2 2 1 2 2161 2501 2495
4846 2 2 1 2 1481 2496 2221
4847 2 2 1 2 1762 2499 2224
4848 2 2 1 2 1699 2502 2498
4849 2 2 1 2 2227 2501 2161
4850 2 2 1 2 1639 2500 1700
4851 2 2 1 2 1647 2502 1699
4852 2 2 1 2 2382 2513 1840
4853 2 2 1 2 1709 2503 1807
4854 2 2 1 2 2177 2505 2227
4855 2 2 1 2 2152 2506 2153
4856 2 2 1 2 823 2510 1921
4857 2 2 1 2 2500 2508 1700
4858 2 2 1 2 1450 2509 1449
4859 2 2 1 2 1700 2508 1702
4860 2 2 1 2 2508 2514 1702
4861 2 2 1 2 1702 2514 1757
4862 2 2 1 2 2296 2512 1632
4863 2 2 1 2 2514 2515 1757
4864 2 2 1 2 902 2523 900
4865 2 2 1 2 1948 2530 1928
4866 2 2 1 2 1647 2506 2502
4867 2 2 1 2 1385 2537 1388
4868 2 2 1 2 847 2617 1875
4869 2 2 1 2 1699 2498 2419
4870 2 2 1 2 2517 2527 1949
4871 2 2 1 2 1532 2517 1531
4872 2 2 1 2 1744 2533 2437
4873 2 2 1 2 1780 2504 2435
4874 2 2 1 2 1580 2518 1970
4875 2 2 1 2 1757 2515 2418
4876 2 2 1 2 2496 2503 1709
4877 2 2 1 2 2303 2519 1943
4878 2 2 1 2 915 2532 913
4879 2 2 1 2 1781 2520 1782
4880 2 2 1 2 1163 2521 1203
4881 2 2 1 2 2437 2533 1961
4882 2 2 1 2 1782 2520 2519
4883 2 2 1 2 1789 2530 2527
4884 2 2 1 2 1789 2527 2466
4885 2 2 1 2 2504 2507 55
4886 2 2 1 2 913 2532 2416
4887 2 2 1 2 2241 2536 1705
4888 2 2 1 2 1900 2635 826
4889 2 2 1 2 1780 2507 2504
4890 2 2 1 2 2539 2556 84
4891 2 2 1 2 1720 2525 1722
4892 2 2 1 2 1852 2534 1853
4893 2 2 1 2 856 2544 6
4894 2 2 1 2 1856 2534 1864
4895 2 2 1 2 886 2526 1981
4896 2 2 1 2 1928 2530 2528
4897 2 2 1 2 1532 2527 2517
4898 2 2 1 2 2131 2550 1725
4899 2 2 1 2 842 2320 70
4900 2 2 1 2 2527 2530 1949
4901 2 2 1 2 83 2539 84
4902 2 2 1 2 1625 2540 1465
4903 2 2 1 2 1864 2538 1858
4904 2 2 1 2 865 2543 1957
4905 2 2 1 2 1924 2543 1923
4906 2 2 1 2 2453 2524 1792
4907 2 2 1 2 1380 2548 1861
4908 2 2 1 2 1950 2544 1952
4909 2 2 1 2 1792 2524 1852
4910 2 2 1 2 2130 2634 1808
4911 2 2 1 2 881 2542 76
4912 2 2 1 2 6 2544 93
4913 2 2 1 2 826 2635 2145
4914 2 2 1 2 2259 2545 1710
4915 2 2 1 2 2232 2565 885
4916 2 2 1 2 879 2549 2117
4917 2 2 1 2 65 847 66
4918 2 2 1 2 822 2547 109
4919 2 2 1 2 78 2546 833
4920 2 2 1 2 110 2547 877
4921 2 2 1 2 2429 2540 1727
4922 2 2 1 2 2466 2527 1532
4923 2 2 1 2 1787 2528 1789
4924 2 2 1 2 1949 2530 1948
4925 2 2 1 2 1879 2583 1863
4926 2 2 1 2 1787 2529 2528
4927 2 2 1 2 1788 2529 1787
4928 2 2 1 2 832 2549 114
4929 2 2 1 2 115 2549 879
4930 2 2 1 2 1725 2550 1690
4931 2 2 1 2 1930 2531 1227
4932 2 2 1 2 113 2551 832
4933 2 2 1 2 90 2560 888
4934 2 2 1 2 1953 2619 1748
4935 2 2 1 2 1188 2532 915
4936 2 2 1 2 1881 2583 1879
4937 2 2 1 2 1839 2533 1744
4938 2 2 1 2 859 2558 2000
4939 2 2 1 2 2259 2580 2545
4940 2 2 1 2 1853 2534 1856
4941 2 2 1 2 1740 2535 1830
4942 2 2 1 2 2074 2553 2073
4943 2 2 1 2 68 885 69
4944 2 2 1 2 1982 2567 884
4945 2 2 1 2 89 2560 90
4946 2 2 1 2 2528 2530 1789
4947 2 2 1 2 1705 2536 1816
4948 2 2 1 2 1388 2537 1396
4949 2 2 1 2 849 2622 2589
4950 2 2 1 2 3 883 63
4951 2 2 1 2 1904 2626 840
4952 2 2 1 2 2454 2559 294
4953 2 2 1 2 288 2554 1899
4954 2 2 1 2 867 2555 299
4955 2 2 1 2 298 2555 829
4956 2 2 1 2 1748 2619 1967
4957 2 2 1 2 1858 2538 1861
4958 2 2 1 2 1801 2556 2539
4959 2 2 1 2 289 2554 288
4960 2 2 1 2 85 2556 854
4961 2 2 1 2 1544 2557 1814
4962 2 2 1 2 1796 2559 2454
4963 2 2 1 2 293 2559 824
4964 2 2 1 2 890 2541 255
4965 2 2 1 2 2540 2577 1727
4966 2 2 1 2 255 2541 254
4967 2 2 1 2 843 2539 83
4968 2 2 1 2 2434 2557 1620
4969 2 2 1 2 1809 2566 1729
4970 2 2 1 2 863 2563 97
4971 2 2 1 2 98 2563 837
4972 2 2 1 2 2267 2616 2011
4973 2 2 1 2 18 2541 19
4974 2 2 1 2 1895 2566 1896
4975 2 2 1 2 2314 2574 1934
4976 2 2 1 2 1861 2548 1862
4977 2 2 1 2 1465 2540 2429
4978 2 2 1 2 262 2564 261
4979 2 2 1 2 1918 2613 863
4980 2 2 1 2 866 2552 1996
4981 2 2 1 2 1923 2543 865
4982 2 2 1 2 76 2542 77
4983 2 2 1 2 1797 2568 1732
4984 2 2 1 2 1734 2568 1905
4985 2 2 1 2 880 2583 1881
4986 2 2 1 2 1862 2548 1878
4987 2 2 1 2 279 2569 870
4988 2 2 1 2 1984 2552 866
4989 2 2 1 2 1904 2571 1903
4990 2 2 1 2 93 2544 1950
4991 2 2 1 2 1725 2634 2130
4992 2 2 1 2 1710 2545 1831
4993 2 2 1 2 2542 2546 77
4994 2 2 1 2 1724 2570 1721
4995 2 2 1 2 1737 2571 1802
4996 2 2 1 2 846 2572 1918
4997 2 2 1 2 2240 2603 1802
4998 2 2 1 2 1790 2585 1875
4999 2 2 1 2 77 2546 78
5000 2 2 1 2 2276 2573 858
5001 2 2 1 2 1934 2574 1933
5002 2 2 1 2 109 2547 110
5003 2 2 1 2 884 2567 2451
5004 2 2 1 2 1753 2575 1803
5005 2 2 1 2 2545 2580 850
5006 2 2 1 2 114 2549 115
5007 2 2 1 2 2459 2582 1358
5008 2 2 1 2 1683 2573 2011
5009 2 2 1 2 1979 2579 102
5010 2 2 1 2 103 2579 828
5011 2 2 1 2 1690 2550 1726
5012 2 2 1 2 2126 2577 2540
5013 2 2 1 2 1891 2581 1767
5014 2 2 1 2 112 2551 113
5015 2 2 1 2 2374 2576 1724
5016 2 2 1 2 2084 2582 2459
5017 2 2 1 2 1966 2637 1826
5018 2 2 1 2 1823 2580 2384
5019 2 2 1 2 1796 2588 1742
5020 2 2 1 2 254 2541 18
5021 2 2 1 2 828 2637 1966
5022 2 2 1 2 1826 2581 1966
5023 2 2 1 2 1800 2574 2314
5024 2 2 1 2 1741 2592 2038
5025 2 2 1 2 1783 2587 1827
5026 2 2 1 2 264 2589 2080
5027 2 2 1 2 849 2589 265
5028 2 2 1 2 1801 2594 1735
5029 2 2 1 2 1875 2617 1876
5030 2 2 1 2 2232 2595 2445
5031 2 2 1 2 1996 2552 2512
5032 2 2 1 2 2454 2588 1796
5033 2 2 1 2 1966 2581 864
5034 2 2 1 2 2037 2628 1741
5035 2 2 1 2 1717 2592 1741
5036 2 2 1 2 870 2569 2536
5037 2 2 1 2 281 2593 280
5038 2 2 1 2 1812 2597 2145
5039 2 2 1 2 1956 2598 848
5040 2 2 1 2 4 2565 842
5041 2 2 1 2 2512 2552 1728
5042 2 2 1 2 2145 2597 285
5043 2 2 1 2 284 2597 872
5044 2 2 1 2 890 2609 2541
5045 2 2 1 2 2118 2600 2119
5046 2 2 1 2 2117 2603 879
5047 2 2 1 2 880 2601 2583
5048 2 2 1 2 2550 2553 1726
5049 2 2 1 2 2073 2553 844
5050 2 2 1 2 858 2591 124
5051 2 2 1 2 7 2611 310
5052 2 2 1 2 126 2611 7
5053 2 2 1 2 2115 2603 2117
5054 2 2 1 2 877 2606 2122
5055 2 2 1 2 833 2604 79
5056 2 2 1 2 80 2604 882
5057 2 2 1 2 887 2611 1925
5058 2 2 1 2 859 2587 2558
5059 2 2 1 2 850 2554 289
5060 2 2 1 2 2122 2606 2121
5061 2 2 1 2 1798 2606 1815
5062 2 2 1 2 290 2607 850
5063 2 2 1 2 869 2608 2074
5064 2 2 1 2 20 2609 889
5065 2 2 1 2 2355 2602 1794
5066 2 2 1 2 261 2612 260
5067 2 2 1 2 1984 2578 2552
5068 2 2 1 2 2275 2637 1834
5069 2 2 1 2 1981 2630 1980
5070 2 2 1 2 1786 2558 1784
5071 2 2 1 2 1618 2634 1725
5072 2 2 1 2 1899 2554 1823
5073 2 2 1 2 292 2629 291
5074 2 2 1 2 2081 2625 839
5075 2 2 1 2 1808 2634 2291
5076 2 2 1 2 840 2626 118
5077 2 2 1 2 86 2620 5
5078 2 2 1 2 1934 2614 1810
5079 2 2 1 2 299 2555 298
5080 2 2 1 2 2085 2582 2084
5081 2 2 1 2 839 2625 2525
5082 2 2 1 2 84 2556 85
5083 2 2 1 2 2526 2558 1786
5084 2 2 1 2 2539 2594 1801
5085 2 2 1 2 868 2588 2454
5086 2 2 1 2 1620 2557 1544
5087 2 2 1 2 1741 2628 1891
5088 2 2 1 2 1819 2623 1880
5089 2 2 1 2 2000 2558 2526
5090 2 2 1 2 294 2559 293
5091 2 2 1 2 2074 2576 2553
5092 2 2 1 2 1808 2622 2130
5093 2 2 1 2 888 2560 2292
5094 2 2 1 2 2589 2622 1814
5095 2 2 1 2 119 2626 1905
5096 2 2 1 2 2552 2578 1728
5097 2 2 1 2 1345 2619 2385
5098 2 2 1 2 1803 2623 1819
5099 2 2 1 2 97 2563 98
5100 2 2 1 2 850 2607 2545
5101 2 2 1 2 881 2575 2542
5102 2 2 1 2 66 2561 67
5103 2 2 1 2 1729 2566 1895
5104 2 2 1 2 855 2564 262
5105 2 2 1 2 2587 2612 1827
5106 2 2 1 2 1715 2627 1957
5107 2 2 1 2 69 2565 4
5108 2 2 1 2 67 2562 68
5109 2 2 1 2 2525 2625 1722
5110 2 2 1 2 2011 2616 1797
5111 2 2 1 2 1732 2568 1734
5112 2 2 1 2 2038 2592 822
5113 2 2 1 2 2451 2567 1786
5114 2 2 1 2 2085 2610 2582
5115 2 2 1 2 1800 2605 2574
5116 2 2 1 2 280 2569 279
5117 2 2 1 2 1905 2626 1904
5118 2 2 1 2 1927 2573 1683
5119 2 2 1 2 1876 2617 64
5120 2 2 1 2 1903 2571 1737
5121 2 2 1 2 1721 2570 1805
5122 2 2 1 2 1951 2572 846
5123 2 2 1 2 2563 2614 837
5124 2 2 1 2 872 2577 2126
5125 2 2 1 2 1933 2574 862
5126 2 2 1 2 847 2561 66
5127 2 2 1 2 868 2618 2588
5128 2 2 1 2 125 2591 1925
5129 2 2 1 2 848 2578 1984
5130 2 2 1 2 2609 2630 889
5131 2 2 1 2 2385 2590 1740
5132 2 2 1 2 2074 2608 2570
5133 2 2 1 2 2542 2575 1776
5134 2 2 1 2 1756 2596 1997
5135 2 2 1 2 2551 2600 832
5136 2 2 1 2 2536 2569 1816
5137 2 2 1 2 1740 2590 2535
5138 2 2 1 2 2535 2590 1952
5139 2 2 1 2 1776 2575 1753
5140 2 2 1 2 64 2617 65
5141 2 2 1 2 885 2565 69
5142 2 2 1 2 2553 2576 1726
5143 2 2 1 2 68 2562 885
5144 2 2 1 2 837 2614 1934
5145 2 2 1 2 1726 2576 2374
5146 2 2 1 2 2034 2618 868
5147 2 2 1 2 5 2584 87
5148 2 2 1 2 1727 2577 1812
5149 2 2 1 2 2558 2587 1784
5150 2 2 1 2 1728 2578 1813
5151 2 2 1 2 102 2579 103
5152 2 2 1 2 1979 2605 1799
5153 2 2 1 2 2592 2633 822
5154 2 2 1 2 1797 2616 2568
5155 2 2 1 2 2384 2580 2259
5156 2 2 1 2 1767 2581 1826
5157 2 2 1 2 87 2584 860
5158 2 2 1 2 1358 2582 2236
5159 2 2 1 2 2320 2601 880
5160 2 2 1 2 879 2603 2240
5161 2 2 1 2 2087 2610 2085
5162 2 2 1 2 1795 2585 1790
5163 2 2 1 2 1863 2583 1987
5164 2 2 1 2 888 2586 91
5165 2 2 1 2 92 2586 856
5166 2 2 1 2 2145 2635 1812
5167 2 2 1 2 2541 2609 19
5168 2 2 1 2 1813 2627 2358
5169 2 2 1 2 1812 2635 1704
5170 2 2 1 2 91 2586 92
5171 2 2 1 2 1784 2587 1783
5172 2 2 1 2 124 2591 125
5173 2 2 1 2 2575 2623 1803
5174 2 2 1 2 265 2589 264
5175 2 2 1 2 1952 2590 1953
5176 2 2 1 2 1925 2591 1926
5177 2 2 1 2 2231 2632 842
5178 2 2 1 2 1891 2628 2581
5179 2 2 1 2 2583 2601 1987
5180 2 2 1 2 2124 2592 1717
5181 2 2 1 2 2574 2605 862
5182 2 2 1 2 2445 2595 1795
5183 2 2 1 2 1742 2588 2503
5184 2 2 1 2 2545 2607 1831
5185 2 2 1 2 1735 2594 1911
5186 2 2 1 2 830 2593 281
5187 2 2 1 2 843 2624 2594
5188 2 2 1 2 1829 2596 1756
5189 2 2 1 2 2087 2636 2610
5190 2 2 1 2 2561 2562 67
5191 2 2 1 2 285 2597 284
5192 2 2 1 2 2572 2613 1918
5193 2 2 1 2 1957 2598 1956
5194 2 2 1 2 2582 2610 2236
5195 2 2 1 2 843 2594 2539
5196 2 2 1 2 2320 2632 2601
5197 2 2 1 2 2120 2600 2551
5198 2 2 1 2 860 2615 88
5199 2 2 1 2 2292 2599 2355
5200 2 2 1 2 2119 2600 2120
5201 2 2 1 2 1987 2601 1860
5202 2 2 1 2 2130 2622 849
5203 2 2 1 2 1794 2602 1825
5204 2 2 1 2 1967 2619 1345
5205 2 2 1 2 2373 2636 2111
5206 2 2 1 2 1833 2614 2563
5207 2 2 1 2 830 2621 2593
5208 2 2 1 2 1802 2603 2115
5209 2 2 1 2 862 2605 1979
5210 2 2 1 2 79 2604 80
5211 2 2 1 2 2358 2627 1715
5212 2 2 1 2 2594 2624 1911
5213 2 2 1 2 2124 2633 2592
5214 2 2 1 2 1799 2605 1800
5215 2 2 1 2 2121 2606 1798
5216 2 2 1 2 291 2607 290
5217 2 2 1 2 2077 2608 869
5218 2 2 1 2 2111 2636 2087
5219 2 2 1 2 847 2585 2561
5220 2 2 1 2 842 2632 2320
5221 2 2 1 2 1809 2624 2298
5222 2 2 1 2 19 2609 20
5223 2 2 1 2 1704 2635 1900
5224 2 2 1 2 2588 2618 2503
5225 2 2 1 2 822 2633 2547
5226 2 2 1 2 310 2611 887
5227 2 2 1 2 2236 2610 1769
5228 2 2 1 2 2601 2632 1860
5229 2 2 1 2 88 2615 89
5230 2 2 1 2 859 2612 2587
5231 2 2 1 2 1880 2623 881
5232 2 2 1 2 260 2612 859
5233 2 2 1 2 2608 2631 1805
5234 2 2 1 2 2310 2613 1747
5235 2 2 1 2 1810 2614 1833
5236 2 2 1 2 2298 2624 843
5237 2 2 1 2 852 2616 2267
5238 2 2 1 2 2077 2631 2608
5239 2 2 1 2 2562 2595 885
5240 2 2 1 2 2610 2636 1769
5241 2 2 1 2 2127 2621 830
5242 2 2 1 2 854 2620 86
5243 2 2 1 2 1814 2622 1808
5244 2 2 1 2 1911 2624 1809
5245 2 2 1 2 2503 2618 1807
5246 2 2 1 2 2082 2625 2081
5247 2 2 1 2 118 2626 119
5248 2 2 1 2 864 2628 2037
5249 2 2 1 2 1805 2631 2525
5250 2 2 1 2 824 2629 292
5251 2 2 1 2 1980 2630 890
5252 2 2 1 2 839 2631 2077
5253 2 2 1 2 1815 2633 2124
5254 2 2 1 2 2568 2616 852
5255 2 2 1 2 2291 2634 1618
5256 2 2 1 2 1826 2637 2275
5257 2 2 1 2 1860 2632 2231
5258 2 2 1 2 1769 2636 2373
5259 2 2 1 2 65 2617 847
5260 2 2 1 2 2525 2631 839
5261 2 2 1 2 2599 2615 860
5262 2 2 1 2 2560 2599 2292
5263 2 2 1 2 2547 2633 1815
5264 2 2 1 2 2598 2627 1813
5265 2 2 1 2 881 2623 2575
5266 2 2 1 2 890 2630 2609
5267 2 2 1 2 1747 2613 2572
5268 2 2 1 2 2581 2628 864
5269 2 2 1 2 89 2615 2560
5270 2 2 1 2 1825 2602 2584
5271 2 2 1 2 2570 2608 1805
5272 2 2 1 2 2584 2602 860
5273 2 2 1 2 2560 2615 2599
5274 2 2 1 2 1957 2627 2598
$EndElements
