$MeshFormat
2.2 0 8
$EndMeshFormat
$PhysicalNames
7
0 6 "separation-inf"
0 7 "separation-sup"
1 4 "pressure"
1 5 "fixed"
2 1 "body"
2 2 "cover"
2 3 "scar"
$EndPhysicalNames
$Nodes
2650
1 0.6754664043757063 0.4998629534754574 0
2 0.6341241040120201 0.4976962953229444 0
3 0.5542337412316541 0.4935094188235094 0
4 0.4727903172005901 0.4892411498328348 0
5 0.3657340441691846 0.4358648610726302 0
6 0 0 0
7 0.06527036446661391 -1.301042606982605e-16 0
8 0.4040362663251333 0.4037254805883031 0
9 0.4754071150127369 0.4393096730951061 0
10 0.6780832021878531 0.4499314767377288 0
11 0.7306999999999999 0.4 0
12 0.7306999999999998 0 0
13 0.7806999999999999 0 0
14 0.7806999999999999 0.4 0
15 0.6651308292847847 0.4993212889373291 0
16 0.6547952541938632 0.4987796243992009 0
17 0.6444596791029417 0.4982379598610726 0
18 0.6330958334163621 0.4863576391628151 4.772734789606461e-20
19 0.6289147475880223 0.4757679770907681 9.158810381504706e-20
20 0.6219195693661915 0.4667852145914944 1.280289545001575e-19
21 0.6126770102961469 0.460137088332178 1.54097651576492e-19
22 0.6019358452023968 0.4563621874550972 1.67682274336774e-19
23 0.5905662601675703 0.4557663327520521 1.67682274336774e-19
24 0.5794893517124016 0.4583977968462004 1.54097651576492e-19
25 0.5696025059265121 0.4640433934780111 1.280289545001577e-19
26 0.5617066936629505 0.4722457522346206 9.158810381504731e-20
27 0.556441591157338 0.482340360553396 4.772734789606461e-20
28 0.5440533132277712 0.4929758851996751 0
29 0.5338728852238881 0.4924423515758408 0
30 0.5236924572200051 0.4919088179520065 0
31 0.5135120292161222 0.4913752843281721 0
32 0.5033316012122392 0.4908417507043378 0
33 0.4931511732083562 0.4903082170805035 0
34 0.4829707452044731 0.4897746834566692 0
35 0.4616518426009693 0.4882399415442681 0
36 0.4506189191303074 0.4864116543310513 0
37 0.4397528741687219 0.483766450872658 0
38 0.4291141074889027 0.480319034742299 0
39 0.4187617555191849 0.4760885686759448 0
40 0.4087533626290231 0.4710985680547374 0
41 0.3991445612640485 0.4653767701928799 0
42 0.3899887627087093 0.4589549801575751 0
43 0.3813368601954087 0.4518688939780374 0
44 0.3732369460104371 0.4441579002262833 0
45 0.3584193632858009 0.4271475638511777 0
46 0.3511046824024172 0.4184302666297251 0
47 0.3437900015190336 0.4097129694082725 0
48 0.3364753206356498 0.4009956721868199 0
49 0.3291606397522662 0.3922783749653673 0
50 0.3218459588688825 0.3835610777439147 0
51 0.3145312779854988 0.3748437805224621 0
52 0.3072165971021151 0.3661264833010095 0
53 0.2999019162187315 0.357409186079557 0
54 0.2925872353353478 0.3486918888581043 0
55 0.2852725544519641 0.3399745916366518 0
56 0.2779578735685805 0.3312572944151992 0
57 0.2706431926851968 0.3225399971937466 0
58 0.2633285118018131 0.313822699972294 0
59 0.2560138309184294 0.3051054027508415 0
60 0.2486991500350458 0.2963881055293889 0
61 0.2413844691516621 0.2876708083079362 0
62 0.2340697882682784 0.2789535110864836 0
63 0.2267551073848947 0.270236213865031 0
64 0.219440426501511 0.2615189166435784 0
65 0.2121257456181273 0.2528016194221258 0
66 0.2048110647347436 0.2440843222006732 0
67 0.1974963838513599 0.2353670249792206 0
68 0.1901817029679762 0.2266497277577679 0
69 0.1828670220845925 0.2179324305363153 0
70 0.1755523412012088 0.2092151333148627 0
71 0.1682376603178251 0.2004978360934101 0
72 0.1609229794344414 0.1917805388719575 0
73 0.1536082985510577 0.1830632416505049 0
74 0.146293617667674 0.1743459444290522 0
75 0.1389789367842903 0.1656286472075996 0
76 0.1316642559009066 0.156911349986147 0
77 0.1243495750175229 0.1481940527646943 0
78 0.1170348941341392 0.1394767555432417 0
79 0.1097202132507555 0.1307594583217891 0
80 0.1024055323673718 0.1220421611003365 0
81 0.0950908514839881 0.113324863878884 0
82 0.08777617060060444 0.1046075666574313 0
83 0.08046148971722072 0.09589026943597867 0
84 0.07314680883383701 0.08717297221452608 0
85 0.06583212795045329 0.07845567499307343 0
86 0.05851744706706957 0.06973837777162079 0
87 0.05120276618368591 0.06102108055016819 0
88 0.04388808530030225 0.05230378332871566 0
89 0.03657340441691853 0.04358648610726296 0
90 0.02925872353353487 0.03486918888581042 0
91 0.0219440426501511 0.02615189166435772 0
92 0.01462936176676743 0.01743459444290513 0
93 0.007314680883383662 0.00871729722145248 0
94 0.01087839407776897 0 0
95 0.02175678815553795 0 0
96 0.03263518223330691 0 0
97 0.04351357631107589 0 0
98 0.0543919703888449 0 0
99 0.07263484059397318 0.008776640882354192 0
100 0.07999931672133226 0.01755328176470861 0
101 0.08736379284869139 0.02632992264706302 0
102 0.09472826897605052 0.03510656352941743 0
103 0.1020927451034097 0.0438832044117719 0
104 0.1094572212307687 0.05265984529412632 0
105 0.1168216973581279 0.06143648617648073 0
106 0.124186173485487 0.07021312705883515 0
107 0.1315506496128461 0.07898976794118961 0
108 0.1389151257402052 0.08776640882354403 0
109 0.1462796018675643 0.09654304970589844 0
110 0.1536440779949235 0.1053196905882529 0
111 0.1610085541222825 0.1140963314706073 0
112 0.1683730302496417 0.1228729723529617 0
113 0.1757375063770008 0.1316496132353161 0
114 0.1831019825043599 0.1404262541176706 0
115 0.190466458631719 0.149202895000025 0
116 0.1978309347590781 0.1579795358823794 0
117 0.2051954108864372 0.1667561767647338 0
118 0.2125598870137964 0.1755328176470882 0
119 0.2199243631411554 0.1843094585294426 0
120 0.2272888392685146 0.193086099411797 0
121 0.2346533153958736 0.2018627402941514 0
122 0.2420177915232327 0.2106393811765058 0
123 0.2493822676505918 0.2194160220588602 0
124 0.2567467437779509 0.2281926629412146 0
125 0.26411121990531 0.236969303823569 0
126 0.2714756960326691 0.2457459447059234 0
127 0.2788401721600282 0.2545225855882778 0
128 0.2862046482873873 0.2632992264706322 0
129 0.2935691244147464 0.2720758673529866 0
130 0.3009336005421055 0.280852508235341 0
131 0.3082980766694647 0.2896291491176956 0
132 0.3156625527968239 0.29840579000005 0
133 0.323027028924183 0.3071824308824044 0
134 0.3303915050515422 0.3159590717647589 0
135 0.3377559811789013 0.3247357126471133 0
136 0.3451204573062605 0.3335123535294678 0
137 0.3524849334336195 0.3422889944118223 0
138 0.3598494095609788 0.3510656352941767 0
139 0.3672138856883378 0.3598422761765311 0
140 0.3745783618156969 0.3686189170588855 0
141 0.381942837943056 0.3773955579412399 0
142 0.3893073140704152 0.3861721988235943 0
143 0.3966717901977742 0.3949488397059487 0
144 0.4110181034325398 0.4112289776368577 0
145 0.4187313157060478 0.4179784127077235 0
146 0.4270948769943219 0.4239028839861847 0
147 0.4360209293260504 0.4289401557798515 0
148 0.445415705844908 0.4330373122953815 0
149 0.4551805158164786 0.4361513135110431 0
150 0.4652127813597885 0.4382494473057628 0
151 0.4866668976335767 0.439899773297474 0
152 0.4979266802544164 0.440489873499842 0
153 0.5091864628752563 0.4410799737022099 0
154 0.520446245496096 0.4416700739045778 0
155 0.5317060281169358 0.4422601741069457 0
156 0.5429658107377755 0.4428502743093137 0
157 0.5542255933586153 0.4434403745116816 0
158 0.5654853759794551 0.4440304747140495 0
159 0.576745158600295 0.4446205749164174 0
160 0.5880049412211348 0.4452106751187854 0
161 0.5992647238419746 0.4458007753211533 0
162 0.6105245064628143 0.4463908755235212 0
163 0.6217842890836541 0.4469809757258891 0
164 0.6330440717044939 0.4475710759282571 0
165 0.6443038543253337 0.448161176130625 0
166 0.6555636369461734 0.4487512763329929 0
167 0.6668234195670132 0.4493413765353608 0
168 0.6896278447399321 0.4491964794299314 0
169 0.7006946012159873 0.4458281127934987 0
170 0.7106910947343958 0.4400066774005602 0
171 0.7190822370179006 0.432043780699251 0
172 0.7254188703833169 0.4223656574157815 0
173 0.7293618100730225 0.4114903542337509 0
174 0.7306999999999999 0.3885714285714286 0
175 0.7306999999999999 0.3771428571428571 0
176 0.7306999999999999 0.3657142857142857 0
177 0.7306999999999999 0.3542857142857143 0
178 0.7306999999999999 0.3428571428571428 0
179 0.7306999999999999 0.3314285714285714 0
180 0.7306999999999999 0.32 0
181 0.7306999999999999 0.3085714285714285 0
182 0.7306999999999999 0.2971428571428571 0
183 0.7306999999999999 0.2857142857142857 0
184 0.7306999999999999 0.2742857142857142 0
185 0.7306999999999999 0.2628571428571428 0
186 0.7306999999999999 0.2514285714285713 0
187 0.7306999999999999 0.2399999999999998 0
188 0.7306999999999999 0.2285714285714284 0
189 0.7306999999999999 0.2171428571428569 0
190 0.7306999999999999 0.2057142857142855 0
191 0.7306999999999999 0.194285714285714 0
192 0.7306999999999999 0.1828571428571427 0
193 0.7306999999999999 0.1714285714285712 0
194 0.7306999999999999 0.1599999999999998 0
195 0.7306999999999999 0.1485714285714284 0
196 0.7306999999999999 0.137142857142857 0
197 0.7306999999999999 0.1257142857142856 0
198 0.7306999999999999 0.1142857142857142 0
199 0.7306999999999999 0.1028571428571428 0
200 0.7306999999999999 0.09142857142857141 0
201 0.7306999999999999 0.08000000000000007 0
202 0.7306999999999999 0.06857142857142867 0
203 0.7306999999999999 0.05714285714285727 0
204 0.7306999999999999 0.04571428571428587 0
205 0.7306999999999999 0.03428571428571447 0
206 0.7306999999999999 0.02285714285714302 0
207 0.7306999999999999 0.01142857142857151 0
208 0.7406999999999998 0 0
209 0.7506999999999999 0 0
210 0.7606999999999999 0 0
211 0.7706999999999999 0 0
212 0.7806999999999999 0.01142857142857144 0
213 0.7806999999999999 0.02285714285714288 0
214 0.7806999999999999 0.03428571428571432 0
215 0.7806999999999999 0.04571428571428577 0
216 0.7806999999999999 0.0571428571428572 0
217 0.7806999999999999 0.06857142857142863 0
218 0.7806999999999999 0.08000000000000006 0
219 0.7806999999999999 0.0914285714285715 0
220 0.7806999999999999 0.1028571428571429 0
221 0.7806999999999999 0.1142857142857144 0
222 0.7806999999999999 0.1257142857142858 0
223 0.7806999999999999 0.1371428571428573 0
224 0.7806999999999999 0.1485714285714287 0
225 0.7806999999999999 0.1600000000000002 0
226 0.7806999999999999 0.1714285714285717 0
227 0.7806999999999999 0.1828571428571431 0
228 0.7806999999999999 0.1942857142857145 0
229 0.7806999999999999 0.205714285714286 0
230 0.7806999999999999 0.2171428571428574 0
231 0.7806999999999999 0.2285714285714288 0
232 0.7806999999999999 0.2400000000000002 0
233 0.7806999999999999 0.2514285714285716 0
234 0.7806999999999999 0.262857142857143 0
235 0.7806999999999999 0.2742857142857144 0
236 0.7806999999999999 0.2857142857142858 0
237 0.7806999999999999 0.2971428571428572 0
238 0.7806999999999999 0.3085714285714286 0
239 0.7806999999999999 0.32 0
240 0.7806999999999999 0.3314285714285714 0
241 0.7806999999999999 0.3428571428571427 0
242 0.7806999999999999 0.3542857142857141 0
243 0.7806999999999999 0.3657142857142855 0
244 0.7806999999999999 0.377142857142857 0
245 0.7806999999999999 0.3885714285714285 0
246 0.7800286514924181 0.4115680159360948 0
247 0.7780236201460451 0.4229807084675019 0
248 0.7747118274569218 0.4340848397122524 0
249 0.7701377407666337 0.4447313148315632 0
250 0.764362776200642 0.454777183921787 0
251 0.7574644740358012 0.4640875613985023 0
252 0.7495354575693756 0.4725374371012285 0
253 0.7406821894687915 0.4800133548011204 0
254 0.7310235423005802 0.4864149355743653 0
255 0.7206892024319744 0.4916562255869974 0
256 0.7098179287359266 0.4956668501944612 0
257 0.6985556894798641 0.4983929588598628 0
258 0.6870537024141186 0.4997979482035217 0
259 0.6227111950433963 0.4970981701087394 0
260 0.6112982860747727 0.4965000448945344 0
261 0.5998853771061489 0.4959019196803294 0
262 0.5884724681375251 0.4953037944661244 0
263 0.5770595591689015 0.4947056692519194 0
264 0.5656466502002778 0.4941075440377144 0
265 0.07674328921718956 0 0
266 0.08821621396776522 0 0
267 0.09968913871834086 0 0
268 0.1111620634689165 0 0
269 0.1226349882194922 0 0
270 0.1341079129700678 0 0
271 0.1455808377206435 0 0
272 0.1570537624712191 0 0
273 0.1685266872217948 0 0
274 0.1799996119723704 0 0
275 0.1914725367229461 0 0
276 0.2029454614735217 0 0
277 0.2144183862240973 0 0
278 0.225891310974673 0 0
279 0.2373642357252487 0 0
280 0.2488371604758243 0 0
281 0.2603100852264 0 0
282 0.2717830099769756 0 0
283 0.2832559347275512 0 0
284 0.2947288594781268 0 0
285 0.3062017842287024 0 0
286 0.317674708979278 0 0
287 0.3291476337298536 0 0
288 0.3406205584804292 0 0
289 0.3520934832310048 0 0
290 0.3635664079815804 0 0
291 0.375039332732156 0 0
292 0.3865122574827317 0 0
293 0.3979851822333073 0 0
294 0.4094581069838829 0 0
295 0.4209310317344584 0 0
296 0.432403956485034 0 0
297 0.4438768812356096 0 0
298 0.4553498059861853 0 0
299 0.4668227307367609 0 0
300 0.4782956554873365 0 0
301 0.489768580237912 0 0
302 0.5012415049884876 0 0
303 0.5127144297390633 0 0
304 0.5241873544896389 0 0
305 0.5356602792402145 0 0
306 0.5471332039907901 0 0
307 0.5586061287413657 0 0
308 0.5700790534919413 0 0
309 0.5815519782425169 0 0
310 0.5930249029930925 0 0
311 0.6044978277436681 0 0
312 0.6159707524942437 0 0
313 0.6274436772448193 0 0
314 0.638916601995395 0 0
315 0.6503895267459706 0 0
316 0.6618624514965461 0 0
317 0.6733353762471217 0 0
318 0.6848083009976974 0 0
319 0.696281225748273 0 0
320 0.7077541504988486 0 0
321 0.7192270752494242 0 0
322 0.4783261217422956 0.4808503504693352 0
323 0.4480121964674962 0.4432011006066695 0
324 0.4180559262397379 0.4282470980377422 0
325 0.4011764593340683 0.4138824050359154 0
326 0.4981597791432231 0.4833222775888822 0
327 0.6703356059699751 0.49105704440848 0
328 0.5187520370836223 0.4811898660858047 0
329 0.7557139384887566 0.006819467089278386 0
330 0.4179116145916353 0.465712116538646 0
331 0.3614414775370477 0.41612177196252 0
332 0.3476886845407001 0.3988275314508408 0
333 0.3337004095189264 0.3812722551992698 0
334 0.7405459109314897 0.08571161262447546 0
335 0.770802566813892 0.2114285714285717 0
336 0.7708025668138921 0.3142857142857143 0
337 0.7402366411546339 0.1890382773473725 0
338 0.7690893136233589 0.29264505405285 0
339 0.7405974331861077 0.3371428571428571 0
340 0.770802566813892 0.3714285714285713 0
341 0.7405974331861077 0.1314285714285713 0
342 0.7402366411546339 0.1081045797954845 0
343 0.7406117818639242 0.06289855771302372 0
344 0.7405974331861077 0.04000000000000037 0
345 0.7708938235789037 0.245714285714286 0
346 0.7405974331861077 0.1657142857142855 0
347 0.770802566813892 0.2685714285714287 0
348 0.7403238380521538 0.3938118336130025 0
349 0.3180097922835035 0.3632823616877633 0
350 0.3030953722893573 0.3472974181572911 0
351 0.2891646148563898 0.3292812435603389 0
352 0.275546824740165 0.3124264832710658 0
353 0.2609108560581357 0.2955066485581634 0
354 0.2452765295560879 0.2769774602316235 0
355 0.23064716778932 0.2595428657887178 0
356 0.2160178060225529 0.2421082713458129 0
357 0.2013884442557857 0.2246736769029077 0
358 0.1867590824890178 0.207239082460002 0
359 0.1721297207222504 0.1898044880170967 0
360 0.1575003589554838 0.1723698935741923 0
361 0.1428709971887159 0.1549352991312865 0
362 0.1282416354219481 0.1375007046883809 0
363 0.1142065344892867 0.1208515911379651 0
364 0.09941479707570144 0.1034253340131586 0
365 0.08396387751147483 0.08425337302034464 0
366 0.456017143778292 0.4782048206947613 0
367 0.07012153198151194 0.06759222534530063 0
368 0.05465904633058505 0.05027048864452477 0
369 0.7104272997409377 0.452114375788478 0
370 0.7307425813544478 0.4324209279668964 0
371 0.537080577747387 0.4523983062249189 0
372 0.6915879394833363 0.4891344405387567 0
373 0.04005037566767966 0.03214073789317873 0
374 0.7667208330242332 0.4261638788073037 0
375 0.6393451847757101 0.4774645110212873 0
376 0.4695754724378876 0.447682217392145 0
377 0.3917995420969444 0.4479191697002213 0
378 0.4918990126194681 0.4497725011559746 0
379 0.5142455520086614 0.4510360538449786 0
380 0.7402366411546339 0.2347525630616582 0
381 0.7708938235789035 0.1428571428571432 0
382 0.7405974331861078 0.3028571428571428 0
383 0.7708025668138921 0.3485714285714284 0
384 0.7708938235789036 0.09714285714285725 0
385 0.7422263521350545 0.2787941074067945 0
386 0.7690644454366885 0.07312662866883457 0
387 0.7708025668138919 0.1200000000000001 0
388 0.770802566813892 0.05142857142857171 0
389 0.7405974331861078 0.3599999999999999 0
390 0.770802566813892 0.1771428571428576 0
391 0.7405974331861078 0.257142857142857 0
392 0.3775234054287026 0.389944849581687 0
393 0.3766674776714536 0.4335136770528312 0
394 0.3626810160789025 0.370206717046249 0
395 0.4380466539996985 0.4739536306196525 0
396 0.7472531665831458 0.4615698556261462 0
397 0.7109317440432832 0.4856544445880346 0
398 0.3492457809616666 0.3532584063827273 0
399 0.3321656023549256 0.3351096845467315 0
400 0.3198158761700248 0.3182930801375921 0
401 0.3050304221113006 0.2998337136168135 0
402 0.2896006559666486 0.2828563926138424 0
403 0.2748715776471129 0.2653032371650104 0
404 0.6708632365744992 0.4586817451833279 0
405 0.2601422233732222 0.247750228492019 0
406 0.2454126291041636 0.2301972371214281 0
407 0.2306833703232531 0.212643767205017 0
408 0.2159558845318618 0.1950889331626192 0
409 0.2012320199807094 0.1775321031989089 0
410 0.7710511893030273 0.4062319110129593 0
411 0.186511630514589 0.1599747490666521 0
412 0.1717876542923303 0.1424231638661872 0
413 0.1570647650192114 0.1248759619468447 0
414 0.1422992221690029 0.1073469567006446 0
415 0.1274449265582839 0.08986099518691026 0
416 0.1124478894537113 0.07236549235960138 0
417 0.06871628469364144 0.01954278473538928 0
418 0.09817418920307697 0.05464934826480577 0
419 0.08368990598077486 0.03787176103080425 0
420 0.7691077138332751 0.02972585570478153 0
421 0.7405974331861077 0.2114285714285711 0
422 0.7576409634682908 0.4445386681213868 0
423 0.7306804568316856 0.4748344308837089 0
424 0.5386935150112319 0.4835088303293448 0
425 0.04907507266323341 0.009756298438776678 0
426 0.6495645977971246 0.457939820634307 0
427 0.551415028565104 0.4735770214268189 0
428 0.5563858820535129 0.4617220682581514 0
429 0.7392621511191216 0.01694465175640825 0
430 0.6331491888250036 0.4660106836873085 0
431 0.0253466223423271 0.01577650978964695 0
432 0.7366360177649816 0.4214474960726066 0
433 0.7427677606052837 0.431153887276404 0
434 0.737597782281584 0.441569679919126 0
435 0.7483111259245228 0.4208848669590923 0
436 0.7005118442218208 0.4570793902167074 0
437 0.7106195326828064 0.4630063546639078 0
438 0.7204362209697124 0.4579911547287875 0
439 0.7005656133914127 0.4688639335989775 0
440 0.6504906835908492 0.4900359819987249 0
441 0.6907628783862775 0.4632203120880917 0
442 0.7430662169049962 0.4112856975404658 0
443 0.7542054492491161 0.4112630072540124 0
444 0.7247667018763613 0.4411677786112334 0
445 0.6908809161698751 0.4753336390659648 0
446 0.7552532650472475 0.4312547013650838 0
447 0.6815258105080356 0.4699716472935156 0
448 0.6817236474293588 0.4806239730870543 0
449 0.671697565968274 0.4751331939878399 0
450 0.5428220863543203 0.4641771268508806 0
451 0.4270672163315477 0.4339422036311544 0
452 0.4176581399557067 0.4387871534091821 0
453 0.4260892681975657 0.4441169953850801 0
454 0.4069783255537389 0.4335956335108189 0
455 0.4099542831542857 0.4439148228020902 0
456 0.4588071166891577 0.4460233129494789 0
457 0.4507252715771568 0.4534482338397428 0
458 0.4630897159678706 0.4559149982369919 0
459 0.4742182908271171 0.4573658692482127 0
460 0.4407664905490502 0.4509228002064402 0
461 0.4674889361685033 0.4646057993174645 0
462 0.4794583365125262 0.4663069228920912 0
463 0.4553561489947044 0.4629499154354004 0
464 0.4436269761881656 0.4606200585156759 0
465 0.434040868815597 0.4570957135532736 0
466 0.4091180533809448 0.4214686705349304 0
467 0.3990785728431552 0.424891329467067 0
468 0.3909136535085075 0.4174432156696217 0
469 0.3959469113659678 0.4359510158470284 0
470 0.388864127515725 0.4284140042424679 0
471 0.3802725384895767 0.4213553001621824 0
472 0.3826464765488661 0.4102234505319222 0
473 0.4365314140218409 0.4406225328883248 0
474 0.3933573118987573 0.4065765143464963 0
475 0.3856030872862712 0.3984235426098692 0
476 0.3744473240113649 0.4018862819214845 0
477 0.3654902135577695 0.3927030655660327 0
478 0.3639299558519265 0.405504756592084 0
479 0.7307183964174344 0.4516939442471825 0
480 0.3698721985772271 0.3798655650741368 0
481 0.3570375132624996 0.3816267788937376 0
482 0.3517532770614198 0.3706734427588498 0
483 0.3455990141287694 0.379676442067593 0
484 0.3393830115381206 0.3688497336482733 0
485 0.3260355781416752 0.3717999260518847 0
486 0.3285723995255739 0.3605079315838298 0
487 0.3194470772130485 0.3526882604718253 0
488 0.3299983620537136 0.3488809196457918 0
489 0.3214310078319988 0.3412673048539444 0
490 0.3220498674861433 0.3299170201799947 0
491 0.3117570868368524 0.3269860474868643 0
492 0.3076133945973829 0.3165813467032466 0
493 0.3002570027149264 0.3254217206795458 0
494 0.2964794282536515 0.3143495922600363 0
495 0.7011279520385661 0.480496681038891 0
496 0.06070236175126975 0.009615200726451834 0
497 0.05466789815778983 0.01957027055672989 0
498 0.06201316171173921 0.02925838213703591 0
499 0.04292388844061534 0.01919038797271549 0
500 0.07339142488972961 0.0301882591618382 0
501 0.07365743481361553 0.04233454886333271 0
502 0.08201906560216765 0.04878676114086072 0
503 0.071929872462004 0.05340008604379071 0
504 0.08086167208952688 0.06047039854423569 0
505 0.08183331667421456 0.07218419479652449 0
506 0.09225210820602181 0.06519000853619766 0
507 0.5030714453381561 0.4504176779028889 0
508 0.5081610030096274 0.4602901633521279 0
509 0.5191246413493095 0.4609002925320455 0
510 0.5135546420682267 0.4703784608187535 0
511 0.5242100929546352 0.4714922794385413 0
512 0.5026726682819832 0.4689608802484524 0
513 0.5299111722881241 0.4617226325086217 0
514 0.5346315420730268 0.471903575027625 0
515 0.497242810675897 0.4596322756080143 0
516 0.4906577133958828 0.469087013438355 0
517 0.7403114352630171 0.02851651968522911 0
518 0.7500950103291179 0.03462742392056489 0
519 0.750542324861829 0.04553601799085233 0
520 0.760901286500357 0.04013629638926175 0
521 0.7501462861605244 0.02279118711361378 0
522 0.486004077527582 0.4590458104638058 0
523 0.3694739947670053 0.4246200642165709 0
524 0.7718647318125501 0.01716914585939133 0
525 0.6606358872378608 0.4586842358665916 0
526 0.6550088104785752 0.4689968528775805 0
527 0.3414162953172293 0.3453063966399096 0
528 0.506679767298076 0.4800803880238458 0
529 0.03302006141473224 0.02412826170209392 0
530 0.04741327329283263 0.04133954650522764 0
531 0.4806284776763947 0.4488459741087863 0
532 0.5253846039537757 0.4515991695142846 0
533 0.1055449205392145 0.06342826585696698 0
534 0.1009713467663915 0.07432551235381457 0
535 0.1083069771538032 0.08310691615914989 0
536 0.09652921293078265 0.08426889412772587 0
537 0.1198273635224157 0.08121132208152226 0
538 0.1159629042071409 0.09186727664881711 0
539 0.1233714997711723 0.1006502366278371 0
540 0.1114919878419228 0.1019992303850598 0
541 0.134783859775382 0.09866277955359282 0
542 0.1309328453632286 0.1093630897421607 0
543 0.1383085894022414 0.1181357969449415 0
544 0.1264091200310582 0.1195073609250593 0
545 0.1496430923047917 0.1161373723250849 0
546 0.1457869415413122 0.1268470869674856 0
547 0.1531794999548693 0.1356056587056388 0
548 0.141112455556246 0.1368532789141929 0
549 0.1644206306770775 0.1336508361191721 0
550 0.1605574393056678 0.1443535607631145 0
551 0.1679114477866991 0.1531239880623483 0
552 0.156590745852517 0.1551779700464777 0
553 0.1791476573385994 0.1511949900987147 0
554 0.1752784927926202 0.1618895902123222 0
555 0.182624664676954 0.1706701192188125 0
556 0.1705148396297825 0.1718412907277065 0
557 0.1938652300892268 0.1687521021927709 0
558 0.1899940975129047 0.1794416325825229 0
559 0.1973416042666378 0.1882272538765113 0
560 0.1851997781258786 0.1893516008750255 0
561 0.2085765029979973 0.1863233073879639 0
562 0.2047147782975037 0.1969998697824575 0
563 0.2120667895397732 0.2057847771699633 0
564 0.1998912022218583 0.2068653772962463 0
565 0.2233017984770138 0.2038804717515862 0
566 0.2194434393435421 0.2145548657582474 0
567 0.2267975315350073 0.223339033740498 0
568 0.2145883017397647 0.2243786561516973 0
569 0.2380307268533707 0.2214344960514465 0
570 0.2341752498766537 0.2321075720814289 0
571 0.241529865815438 0.2408910896622198 0
572 0.229287509289001 0.2418910422296818 0
573 0.2527607641928178 0.2389871915944018 0
574 0.248907472900494 0.2496590966269331 0
575 0.2562618236802632 0.2584423918755205 0
576 0.2439866955367053 0.2594028963446203 0
577 0.267490626835262 0.2565397547652592 0
578 0.263639047618853 0.2672104276752602 0
579 0.270992959227228 0.27599381155063 0
580 0.25868517300564 0.2769146815439476 0
581 0.2822294295472829 0.2740800113983023 0
582 0.2783714849851573 0.284759923132256 0
583 0.2857237411616248 0.2935452602069323 0
584 0.2735508071207495 0.2946086775134537 0
585 0.2970886554512834 0.2915193384255192 0
586 0.2940209230341262 0.3031895784912902 0
587 0.7406207818317949 0.05142754598571042 0
588 0.750402762398802 0.05717757633505538 0
589 0.7500769293293833 0.06817396303698087 0
590 0.7609304972113862 0.0626778161868452 0
591 0.7708025668138919 0.1657142857142862 0
592 0.7609963903927958 0.1714285714285721 0
593 0.7592892513595532 0.1587941074067948 0
594 0.7592049171179669 0.1840736254814218 0
595 0.7507183009305027 0.1763456461453532 0
596 0.7708177762747271 0.1314285714285717 0
597 0.7609989253029349 0.125714285714286 0
598 0.7592052792479868 0.1130692316614358 0
599 0.7507184768926115 0.1207972109975047 0
600 0.7593048229504084 0.1383487497360628 0
601 0.7708025668138921 0.2228571428571432 0
602 0.7609963903927959 0.2171428571428575 0
603 0.7592892513595533 0.2045083931210805 0
604 0.759204917117967 0.2297879111957074 0
605 0.7507183009305028 0.2220599318596385 0
606 0.7706245098675319 0.1997990179011327 0
607 0.7706397193283671 0.1540847321868469 0
608 0.7708177762747274 0.2571428571428573 0
609 0.760998925302935 0.2628571428571431 0
610 0.761183167656599 0.2738312205460223 0
611 0.7502055802127131 0.2681237399213214 0
612 0.7593048229504086 0.2502226788353661 0
613 0.7405974331861078 0.3714285714285714 0
614 0.750403609607204 0.3657142857142857 0
615 0.7503895984871648 0.3771428571428571 0
616 0.7503884001463687 0.3542857142857141 0
617 0.7603922995583235 0.3599999999999999 0
618 0.7403350311031514 0.1433116365968348 0
619 0.7402912974226588 0.1539069695026373 0
620 0.7512162835432259 0.148582249850945 0
621 0.7705280893785265 0.0855211047781394 0
622 0.7609051336277839 0.09142857142857197 0
623 0.7605131359302084 0.08079360219290643 0
624 0.7706257239764394 0.1083686814673822 0
625 0.7405796888151333 0.3485714285714285 0
626 0.7407776629125872 0.2912275893297038 0
627 0.7501641126284884 0.2975762089023232 0
628 0.7504201814798861 0.3086082782108387 0
629 0.7611780171061936 0.3033150792529405 0
630 0.7405849857040528 0.3142918558922826 0
631 0.7503890875448066 0.320007165207663 0
632 0.7405777288011971 0.3257165035166576 0
633 0.7504739525034957 0.3314301352635772 0
634 0.7603922995583237 0.3257142857142858 0
635 0.7603922995583234 0.3371428571428572 0
636 0.740534289349607 0.3827781627450242 0
637 0.7402748990979059 0.2453376001039174 0
638 0.7511817233123843 0.2400249833448801 0
639 0.7504234833495721 0.3884811674990766 0
640 0.7603994896030998 0.3828571428571428 0
641 0.758724703159027 0.3938931427806811 0
642 0.7503794221962804 0.3428574034963104 0
643 0.7705633636202723 0.2801269981474312 0
644 0.7603567285968901 0.283970043351112 0
645 0.7402748990979058 0.1996233143896317 0
646 0.7511794987994049 0.1943106976305944 0
647 0.7706256636214361 0.234488461389761 0
648 0.7405974331861077 0.0971428571428572 0
649 0.7512865069216488 0.1023995485657259 0
650 0.7705807780028742 0.1887406786589974 0
651 0.4891216919366767 0.4802263130046721 0
652 0.2818499339730061 0.3205639463388863 0
653 0.3401355964316857 0.3901004961860039 0
654 0.2962375386170988 0.3378707250224218 0
655 0.749521657586267 0.4007782183501369 0
656 0.7613087028895523 0.02285842302796276 0
657 0.7404274351232321 0.07421565804916935 0
658 0.5480935815412477 0.4527263544372815 0
659 0.7299458016455853 0.4634785199653824 0
660 0.660418971284959 0.490378980749996 0
661 0.6555713708555877 0.480711527746659 0
662 0.5289754215944016 0.4820742867348605 0
663 0.06215191515594876 0.05892422849382423 0
664 0.385534991110401 0.4393554056983281 0
665 0.4671543654970092 0.4800528839133635 0
666 0.03819907843015102 0.008651252056034064 0
667 0.563375521318158 0.4548944764421945 0
668 0.3555906380378925 0.3912902715195765 0
669 0.149189713679984 0.1459595219499139 0
670 0.1637694764885441 0.1634095904889097 0
671 0.1501643856677073 0.164019927351049 0
672 0.1652856948234694 0.1815800080933954 0
673 0.1333964126013752 0.1279948891333036 0
674 0.6803301655009506 0.490791081318376 0
675 0.1780053345629228 0.1806461925653328 0
676 0.1362381054608873 0.1467257012391026 0
677 0.1799270352494146 0.1990410734683208 0
678 0.0575792802027012 0.03911403765520133 0
679 0.7724423134295049 0.04025814470452299 0
680 0.1926989374105068 0.1981612958794044 0
681 0.7642470056838737 0.01016792217468826 0
682 0.7205785578787394 0.4684720529264971 0
683 0.2068472423724858 0.2154204882711823 0
684 0.1940516713024712 0.2163376927921663 0
685 0.2215312793954103 0.2329226595905124 0
686 0.2086799764361295 0.2337882964258732 0
687 0.2362165573743912 0.2504235606263973 0
688 0.2233106168258947 0.2512369798493502 0
689 0.7471450201311921 0.01012562731525546 0
690 0.1186953023495408 0.1106952602063396 0
691 0.7499299886145955 0.07993838634910716 0
692 0.7587158875572533 0.05139125566611724 0
693 0.2509018138722371 0.2679239762641853 0
694 0.2379422879972122 0.2686847343708831 0
695 0.2657824416561392 0.2856367864833191 0
696 0.1212209727025753 0.1292846446444247 0
697 0.7724395018923933 0.06258946039970747 0
698 0.2528328935384928 0.2862812479488787 0
699 0.7591438603388577 0.3485714551672618 0
700 0.7625832934705525 0.1024817780531946 0
701 0.7724939795086889 0.3031920266611581 0
702 0.7617500889169202 0.1485575684534001 0
703 0.7711868346751827 0.3366470319906387 0
704 0.7401163004499035 0.2232122473339401 0
705 0.7508136761953308 0.2871784417726693 0
706 0.7616581916841092 0.2400124073552689 0
707 0.7520054431053285 0.2574096055494212 0
708 0.7518372723631555 0.1313281408484264 0
709 0.738885873106775 0.268240712322766 0
710 0.7591471843997246 0.3714285714285713 0
711 0.7727563402094797 0.325615120683842 0
712 0.7401163004499034 0.1774979616196543 0
713 0.7501249494510578 0.09094453481762049 0
714 0.7592282648521143 0.3143369338002928 0
715 0.7518354068056958 0.211529002008717 0
716 0.7617162007526981 0.1942859942685609 0
717 0.7720283621148086 0.3599999999999999 0
718 0.7518354068056957 0.1658147162944315 0
719 0.7401163080839668 0.1196448955232029 0
720 0.2815983129282463 0.3035733409392491 0
721 0.7718777291962187 0.3828571428571428 0
722 0.2684915239279232 0.3041738755008446 0
723 0.7698158469924271 0.3941073930360146 0
724 0.6252354165763992 0.4566336028720925 0
725 0.05074480682511529 0.02980293410261392 0
726 0.3720352945342979 0.413285270897794 0
727 0.6439270742816509 0.4674053055337841 0
728 0.4464826083755209 0.4780817501903692 0
729 0.4277141644819813 0.4705203165790371 0
730 0.4172392860744896 0.4488648924044749 0
731 0.4084442343418994 0.4531662107029582 0
732 0.106884167601302 0.1120564067869573 0
733 0.1037901924568702 0.0931854971031848 0
734 0.3394150081407495 0.356470799702173 0
735 0.09152201763233203 0.0943568063401839 0
736 0.3065167941278507 0.3364656117175787 0
737 0.7479117573315062 0.4398216024411383 0
738 0.744744982748867 0.4502899760033408 0
739 0.01741476798811603 0.007893597332030267 0
740 0.7109489119035316 0.4746115317598613 0
741 0.7695325861011287 0.4165154003796902 0
742 0.7208087358982991 0.4802739368865774 0
743 0.7393225482608091 0.4684618594064281 0
744 0.7647313844102763 0.4360902640049146 0
745 0.3568961763613449 0.3610217772250877 0
746 0.6382200949741516 0.4566919094508829 0
747 0.09161410712791662 0.04585641211855507 0
748 0.6648358969165856 0.4676748568366658 0
749 0.6658218327676699 0.4826036690665967 0
750 0.09110997241777707 0.07604439656692141 0
751 0.3539511699019727 0.4079939246325832 0
752 0.3100057342002148 0.3558320456194637 0
753 0.6806951505366496 0.4596882139108892 0
754 0.3989559013457312 0.4548712063881166 0
755 0.7542932726073494 0.4550526490142326 0
756 0.3131802743324996 0.3079667539862607 0
757 0.4252410829924503 0.4531899107043271 0
758 0.7591925613806052 0.4198231355828572 0
759 0.4833988756741657 0.4738257180148149 0
760 0.06438932197504221 0.04673952154885624 0
761 0.7609751653704022 0.4036320564147528 0
762 0.6412773435788357 0.4890785008056017 0
763 0.5480481105251658 0.4847703867293216 0
764 0.4004790118001301 0.4441870193481975 0
765 0.08898422844574205 0.05499058572093102 0
766 0.4727313404604015 0.4726087883923776 0
767 0.648502393227864 0.4751448405990629 0
768 0.542436336865837 0.4756634045954556 0
769 0.02756207446320091 0.007285100823176016 0
770 0.3473386508126602 0.3620548319434222 0
771 0.7025086314625375 0.4901498693702977 0
772 0.07477222738050682 0.07838156248506717 0
773 0.2872060073790821 0.311819167418983 0
774 0.3125945547148193 0.344685173671573 0
775 0.7585770110790786 0.03115002976575793 0
776 0.7488489942193787 0.1576086862998655 0
777 0.7488462254215562 0.203323816518424 0
778 0.7488302244488034 0.2491848218201814 0
779 0.7527734333577322 0.2778375646219168 0
780 0.7488521788731063 0.1395392412051139 0
781 0.448034082771072 0.4687217056124393 0
782 0.7383969791311683 0.459098831049696 0
783 0.748671746496011 0.1119651142242995 0
784 0.748578635293665 0.2306556876210071 0
785 0.7586093742826197 0.2937585640048417 0
786 0.7485784083025445 0.1849414019067215 0
787 0.7389558591562184 0.4028709960901318 0
788 0.2905416179680959 0.3206982791307369 0
789 0.4324807582070057 0.4494774681949769 0
790 0.4605614071679089 0.4700110557471962 0
791 0.4095045048593604 0.462372258788761 0
792 0.7584201286264968 0.07210346224587999 0
793 0.7377076166660902 0.007638257023511841 0
794 0.7736508122573387 0.00767760801777051 0
795 0.5722195318020941 0.4521879189230985 0
796 0.3032379608853869 0.3085385202150223 0
797 0.06630289521527011 0.03680671710003985 0
798 0.4167336101374391 0.4572598884950823 0
799 0.7557121906707798 0.01455252534415974 0
800 0.4264133908346714 0.461489647737358 0
801 0.6624208682253863 0.4751684760285971 0
802 0.7188811382582405 0.4489868244542696 0
803 0.6738045809825119 0.4834080004672138 0
804 0.3481895100138021 0.3875527012461327 0
805 0.5820707657633892 0.4507217124246297 0
806 0.3289465624820234 0.3245091471288789 0
807 0.3149685464902656 0.3352256207872206 0
808 0.7629913902808559 0.4114931021288544 0
809 0.6154766490249974 0.4527820640352032 0
810 0.03373612061120856 0.01583649358043293 0
811 0.5560855735141543 0.4513362473150668 0
812 0.6470373952057693 0.4824870724342671 0
813 0.4972632640311531 0.4758093235841776 0
814 0.6736220131077436 0.4666696169723865 0
815 0.4366471984226981 0.4652474909239679 0
816 0.3568792995730978 0.3992931504664616 0
817 0.5957350273801353 0.4659106094797136 0
818 0.5838439497419133 0.4860623808460566 0
819 0.6054549130291584 0.4871949387470002 0
820 0.5791423041758097 0.4691919307285232 0
821 0.6118931685157434 0.4709083131602447 0
822 0.5680007141505292 0.481184115682852 0
823 0.6217208930078576 0.4839994709594521 0
824 0.5947008526748118 0.48572154561701 0
825 0.5884271034464136 0.4750659011392023 0
826 0.6018912310042333 0.4757109607471191 0
827 0.5712815986170875 0.4729942371847501 0
828 0.6193139181979964 0.4755115008602118 0
829 0.5866802624697718 0.4646545906158439 0
830 0.6048772275938448 0.4653438095960573 0
831 0.5778539837030828 0.4783942509100557 0
832 0.6122368314500484 0.4802284622958425 0
833 0.6144353969514612 0.4889474489923002 0
834 0.5747330041894525 0.4868621264701586 0
835 0.7214798307672777 0.2115874250446448 0
836 0.3637595103621023 0.3403375033508017 0
837 0.5185136098702136 0.009954945544958349 0
838 0.5265871785725449 0.4322138662150241 0
839 0.4493965302345105 0.0116613543074256 0
840 0.3195994235096237 0.2876862173802657 0
841 0.7218011281429466 0.2699511331394149 0
842 0.5774124305551065 0.009932774942334854 0
843 0.392465966562064 0.00981043722881686 0
844 0.2827576577566616 0.2438323954025456 0
845 0.7208788882369284 0.1542897600643758 0
846 0.5839689011687996 0.4341765761157225 0
847 0.4011455628452718 0.3839004031152622 0
848 0.3348835566037248 0.009935686712801539 0
849 0.2459064777273507 0.1999369793462087 0
850 0.7214314612461238 0.3255541496778901 0
851 0.6217072148695315 0.009935844289705731 0
852 0.2893029673964671 0.01033608550536402 0
853 0.7222518947676524 0.1065327171105573 0
854 0.2164784429141288 0.164766673794054 0
855 0.4813823225232688 0.4299727347123755 0
856 0.6279816379920702 0.4384113500523417 0
857 0.2431006981005364 0.009935844289705731 0
858 0.1869842092264352 0.1296939846059874 0
859 0.7209402463148059 0.3716616319363868 0
860 0.4359203084992684 0.4186913318082318 0
861 0.6679011264791396 0.009452450731408102 0
862 0.2089970006402017 0.009190875739876481 0
863 0.4853131884022024 0.008624168453443493 0
864 0.3416762999463753 0.3139924937853301 0
865 0.7208025668138921 0.0742857142857144 0
866 0.1648906346960147 0.1033903683226413 0
867 0.661497415379157 0.4390893503971935 0
868 0.1752382624379848 0.0100511918248089 0
869 0.720139942245994 0.4045932555568334 0
870 0.1428098322952418 0.077045799762686 0
871 0.7194953010004718 0.03938621817497001 0
872 0.1398443753453561 0.009935844289705731 0
873 0.6931137280290897 0.439262073084315 0
874 0.3858616204829051 0.3666338719621195 0
875 0.7213286466133405 0.3028746240450839 0
876 0.7195090102539782 0.3486822878754769 0
877 0.7215980358919917 0.2454499865610792 0
878 0.6905468471726951 0.009832935922596486 0
879 0.6446252554982878 0.00989369094679271 0
880 0.5992103675524136 0.01089060567176914 0
881 0.5523430928056301 0.009366979863108527 0
882 0.2660463351780887 0.009443057642788688 0
883 0.3578299456062926 0.009935844289705731 0
884 0.3119377632302221 0.009935524775286031 0
885 0.4149294103559122 0.009447386579679085 0
886 0.3048266675677227 0.2701157368526148 0
887 0.2680349577150052 0.2262633007964399 0
888 0.2017494906594105 0.1472133920293451 0
889 0.231207395168847 0.1823199555587628 0
890 0.7206411964872015 0.1900764185790578 0
891 0.1281047293858198 0.05944698320580133 0
892 0.7213877754229104 0.1317882513962896 0
893 0.5043154240769713 0.4311255736364619 0
894 0.5491067438142244 0.4333940666197599 0
895 0.6054056569184234 0.4363445676315996 0
896 0.4158279006566862 0.4009750207299969 0
897 0.1139276808406341 0.04168534119122663 0
898 0.4622826335198171 0.4287076669716521 0
899 0.116864360075654 0.009915846700189745 0
900 0.7130441475830309 0.009675206229135758 0
901 0.7134782642305083 0.4216007056861805 0
902 0.09864682487638277 0.02434041967638301 0
903 0.09398564824555689 0.00958201244059409 0
904 0.3932209952845459 0.3754042807298817 0
905 0.3975464004173372 0.3645786782331313 0
906 0.3898510736966264 0.3558672079156249 0
907 0.4012853913318957 0.3538643459070109 0
908 0.3937522286800379 0.3451194279229928 0
909 0.4050203689906386 0.3431381467388511 0
910 0.3976217150612902 0.3343745931499982 0
911 0.4089016939989518 0.332391222593343 0
912 0.4015495441157698 0.3236234537392103 0
913 0.4128001786041611 0.3216147291509043 0
914 0.4054622600928362 0.3128680047461844 0
915 0.4168287690884578 0.3109177705857256 0
916 0.4094098614254746 0.3021232761598793 0
917 0.4207893412001026 0.3002000152511468 0
918 0.4133358289393603 0.2913743301945645 0
919 0.4246978014006866 0.2894051712910409 0
920 0.4172517349996447 0.2806218615271951 0
921 0.4287298584774092 0.2786733252447731 0
922 0.4211457055045508 0.269849429263088 0
923 0.4325732200965392 0.2679052709101937 0
924 0.4250670248179312 0.2590932125604271 0
925 0.4363681023325509 0.2571176825392855 0
926 0.4438845806452272 0.2658825811275716 0
927 0.4476515092711657 0.25513235201136 0
928 0.4549889643591911 0.2638918246228319 0
929 0.4588854841845652 0.2531537217078837 0
930 0.4662366059745579 0.2619181025868499 0
931 0.4701525935213872 0.2511698242013513 0
932 0.4774928309691395 0.2599388401883968 0
933 0.4814116692089007 0.24919618428101 0
934 0.4289926866863575 0.2483368050656308 0
935 0.4887562841496226 0.2579609432413188 0
936 0.492671146155579 0.2472174029787766 0
937 0.485326800571895 0.2384542251469153 0
938 0.4965881837530299 0.2364743557901225 0
939 0.5000137379432645 0.2559806276778231 0
940 0.4892448195685974 0.2277105152245685 0
941 0.5005078613821041 0.2257304899918753 0
942 0.4931602860825609 0.2169645389093155 0
943 0.5044264370208089 0.2149849492804757 0
944 0.4970776916714559 0.2062178710517735 0
945 0.5083440060921174 0.2042380193236741 0
946 0.5156925050407357 0.2130054126362309 0
947 0.5196104781073743 0.2022586327921657 0
948 0.5269574159040886 0.2110257158307765 0
949 0.5308764755023025 0.2002795139632614 0
950 0.5382230381768184 0.2090462877085534 0
951 0.5421422045680784 0.1983005585212393 0
952 0.5009955816837695 0.1954702499810813 0
953 0.5494887128134247 0.2070669760105916 0
954 0.5534078675502534 0.1963214654780861 0
955 0.5460612607326758 0.1875547444794398 0
956 0.5573273728867013 0.1855755163265145 0
957 0.5499799855928 0.1768077191266425 0
958 0.5612478728710527 0.1748281869321702 0
959 0.4961022729559126 0.2667212599650194 0
960 0.5073547255142907 0.2647412494814877 0
961 0.5607217431328601 0.2051309545062917 0
962 0.5034430868293592 0.2754739764081111 0
963 0.5146892153918263 0.2734954489634692 0
964 0.5538991679541512 0.1660593655965273 0
965 0.5651685332475624 0.1640795834591826 0
966 0.5107794561290712 0.2842223266789323 0
967 0.5220207547070186 0.2822458977553667 0
968 0.5578188300490166 0.1553096771369448 0
969 0.5690888373301357 0.1533299240251259 0
970 0.576438119806254 0.1621001991960019 0
971 0.5803587541903392 0.1513510599945284 0
972 0.5181118076797073 0.2929668766801281 0
973 0.5293476970633877 0.2909920355128136 0
974 0.5877079492363358 0.1601211642222639 0
975 0.5916281943522045 0.1493725105773084 0
976 0.5617390504167044 0.1445583790797179 0
977 0.4897272309678155 0.1974504393179949 0
978 0.4936462617411012 0.1867002003528513 0
979 0.4823744021220662 0.1886810670873343 0
980 0.4862947905847558 0.1779275219066052 0
981 0.4750205228064994 0.1799093824356636 0
982 0.4789417916434415 0.1691539197472157 0
983 0.4676658064014384 0.1711360694123452 0
984 0.4715873747594322 0.160379010401368 0
985 0.460309950912673 0.1623612765745675 0
986 0.4642320306098057 0.1516028692893072 0
987 0.4529534302204952 0.1535855590406976 0
988 0.4568759670867182 0.142825822121228 0
989 0.4455958069802551 0.1448083774339868 0
990 0.5254413555670313 0.3017067601516316 0
991 0.5366711244219514 0.2997331644570854 0
992 0.4203340984191593 0.3302859530008142 0
993 0.4176957908379249 0.2503316085740961 0
994 0.5989761953920034 0.1581423395086918 0
995 0.6028976463226867 0.147393874309117 0
996 0.4495188260519768 0.1340475729406651 0
997 0.4382377795774951 0.1360314418652697 0
998 0.4608000460013861 0.1320646938262748 0
999 0.4343147361402281 0.1467920556131265 0
1000 0.4269560142040415 0.138014726014299 0
1001 0.4230327021711935 0.1487763539385702 0
1002 0.4156736926185308 0.1399990937601506 0
1003 0.4117499656370952 0.1507613353932883 0
1004 0.4043905137298007 0.1419829914736354 0
1005 0.4004665357161141 0.1527457371902066 0
1006 0.3931064621536821 0.1439645476144539 0
1007 0.3891826007085161 0.1547289335254271 0
1008 0.3818221086594318 0.1459484859099122 0
1009 0.377898271243275 0.1567130161863607 0
1010 0.370537512705722 0.1479324754665341 0
1011 0.3744618827811166 0.1371673888199927 0
1012 0.3631762556473539 0.1391516638572682 0
1013 0.5327761115040403 0.3104353717018257 0
1014 0.5439940490725321 0.3084676493083796 0
1015 0.4195924238229368 0.1292400416363267 0
1016 0.366613808069695 0.1586972883373602 0
1017 0.547899222949796 0.2977608407410183 0
1018 0.5552195023459823 0.3064979992140487 0
1019 0.5591270406266333 0.2957904868248175 0
1020 0.566449365309569 0.3045290997274913 0
1021 0.5703576520967782 0.2938197551004911 0
1022 0.5776803169864655 0.3025592214118437 0
1023 0.581589493783943 0.291846735114805 0
1024 0.5889105486165888 0.300589867420113 0
1025 0.5928196343931673 0.2898751602927203 0
1026 0.5850046721888466 0.3112986280965756 0
1027 0.5962298276231919 0.3093310110387704 0
1028 0.367101103242884 0.1283855595747584 0
1029 0.3558143900351877 0.1303701588135695 0
1030 0.5923266125134006 0.3200350214951058 0
1031 0.6035479090852323 0.3180666746829581 0
1032 0.5215697117901298 0.312406698404079 0
1033 0.5401388100566866 0.3191882016527072 0
1034 0.5955490682313578 0.1386243372867397 0
1035 0.6068194370002449 0.136645092486525 0
1036 0.5994698654317444 0.1278744355089984 0
1037 0.6107409057389094 0.125895224181423 0
1038 0.6102446894406356 0.1561635270793031 0
1039 0.4534420872693889 0.1232855376427665 0
1040 0.4647252590626422 0.1213025790436453 0
1041 0.3597392447205166 0.1196032484191983 0
1042 0.3484523021612103 0.1215881498098239 0
1043 0.3445275773069334 0.1323550864736663 0
1044 0.3371652221432578 0.1235730089016934 0
1045 0.5996454431031012 0.32877059459143 0
1046 0.6108658395552395 0.3268041346095775 0
1047 0.6147706913946156 0.3160988651315983 0
1048 0.3332405883012208 0.1343401496848243 0
1049 0.3258778453778374 0.1255579089712349 0
1050 0.6033908465377864 0.1171233008538107 0
1051 0.6146628426779303 0.1151445052531511 0
1052 0.3298033369706007 0.1147904075847139 0
1053 0.3185152081364476 0.1167751807882471 0
1054 0.4573659063435361 0.1125223700435117 0
1055 0.4686504535589698 0.1105391935344763 0
1056 0.6220797504556368 0.324832182883307 0
1057 0.6259884722248491 0.3141280620042747 0
1058 0.6181812806024992 0.3355374930191761 0
1059 0.6220118556135933 0.1239165626863904 0
1060 0.6259343337653512 0.1131664787310931 0
1061 0.3145905104899598 0.1275430769078574 0
1062 0.30722700763091 0.1187606782812891 0
1063 0.3111520191371665 0.1079920706142654 0
1064 0.2998632818125986 0.109977762182174 0
1065 0.3739743656375915 0.1674775989334912 0
1066 0.3626901218000525 0.1694618781403783 0
1067 0.6073124960382901 0.1063708371311506 0
1068 0.6063247800473781 0.1669102349999069 0
1069 0.6175903495246862 0.1649317918991428 0
1070 0.6136713537834031 0.1756763370046011 0
1071 0.6249347677210886 0.1736984767431979 0
1072 0.6210170883455455 0.1844406577762734 0
1073 0.6294579251735685 0.333494374711595 0
1074 0.6255033083521686 0.3442517138225394 0
1075 0.4059360678378661 0.2826353215196395 0
1076 0.4612901112719951 0.1017578669703917 0
1077 0.4725752725073724 0.09977457581085092 0
1078 0.3700503940512804 0.1782421117232637 0
1079 0.3587665185547501 0.1802262092128715 0
1080 0.6322781594146788 0.1824633345265378 0
1081 0.628361283805839 0.1932034748487996 0
1082 0.3037884430579403 0.0992084541502628 0
1083 0.2924997514126939 0.1011941068213897 0
1084 0.6332825199514749 0.1219379591107267 0
1085 0.6372048236642199 0.1111889599749802 0
1086 0.4996501212990905 0.2862984155281192 0
1087 0.366122126548006 0.1890045640158659 0
1088 0.5960382667672951 0.1083503274795981 0
1089 0.4828646926074137 0.1583973810393802 0
1090 0.4799354581241481 0.1085562683709852 0
1091 0.4838605881192498 0.09779191804134557 0
1092 0.4216314087151188 0.2395622591284382 0
1093 0.2885749911131721 0.1119634299710002 0
1094 0.2812108365543992 0.1031799383085513 0
1095 0.3548422872258279 0.1909899682902146 0
1096 0.3621975562124889 0.1997680299032955 0
1097 0.5999608283938854 0.09759491864571102 0
1098 0.5886827281035657 0.09957565163449272 0
1099 0.636783234607354 0.3422120036715792 0
1100 0.6327841913910902 0.3529787552969181 0
1101 0.6215178037473951 0.3549480834046204 0
1102 0.6396211259412807 0.1912261684696313 0
1103 0.6357036136539919 0.201964954644505 0
1104 0.643538752222533 0.1804865391767249 0
1105 0.2851355475201584 0.09241049185129441 0
1106 0.2738464181121929 0.09439678927767092 0
1107 0.4652151033261027 0.09099188866726277 0
1108 0.453928302480974 0.09297588173956406 0
1109 0.5854951417983286 0.2811317563656232 0
1110 0.5967321773791359 0.279156749249048 0
1111 0.4912180688937077 0.1065727622339314 0
1112 0.4951451741379111 0.09580907592844978 0
1113 0.3509186624564061 0.2017535974673244 0
1114 0.3435586986508147 0.192975655383605 0
1115 0.3582782834781785 0.2105329805209623 0
1116 0.4191088801310955 0.1595416661382792 0
1117 0.5926070880854034 0.08881764284098825 0
1118 0.5813266937947428 0.09079870659690736 0
1119 0.6038841746618638 0.08683976357912188 0
1120 0.2699219101342739 0.1051661444112599 0
1121 0.262557245336366 0.09638268885689649 0
1122 0.6440070693283337 0.3510246831165733 0
1123 0.6481701158692533 0.3402387438172535 0
1124 0.640035262281069 0.3617098155333253 0
1125 0.6445528135742544 0.1199597084633482 0
1126 0.6484743489585589 0.1092115769238751 0
1127 0.4324262049295022 0.2982736935414653 0
1128 0.5455621748718982 0.2178095578225147 0
1129 0.6244459854968362 0.2039423352629641 0
1130 0.6317868391625405 0.212702208924916 0
1131 0.6430427946552553 0.2107250311050986 0
1132 0.6391267140631631 0.221459807662443 0
1133 0.6204643047179919 0.2146918635003409 0
1134 0.2664808263474192 0.08561380256295492 0
1135 0.2551916649240443 0.08759980979805965 0
1136 0.6503799592579746 0.2194834063803813 0
1137 0.6464653632082918 0.230216067602882 0
1138 0.5504670426350267 0.1465392299811908 0
1139 0.5894069213025116 0.2704110678447053 0
1140 0.4637453396975707 0.1818931634442985 0
1141 0.3469959731122896 0.2125172479523296 0
1142 0.3543556750086788 0.2212965929574617 0
1143 0.4578537866076557 0.08220829052720108 0
1144 0.4465652756794606 0.08419286010880567 0
1145 0.6513960254277595 0.3597593328678357 0
1146 0.6473758189151175 0.3704248563942532 0
1147 0.5852520528999819 0.0800384102700587 0
1148 0.5739706016562384 0.08201955548418616 0
1149 0.588428236091682 0.3307358472806736 0
1150 0.3774202269710518 0.1870125830096688 0
1151 0.3710266257303405 0.1176188419232105 0
1152 0.3636641744376458 0.1088356625127319 0
1153 0.3749524351897183 0.1068512307111463 0
1154 0.3675893983198312 0.09806719382354989 0
1155 0.3788786169429568 0.09608249828592064 0
1156 0.3715149524386396 0.08729774781290656 0
1157 0.3828051859060096 0.08531287916321151 0
1158 0.2586332902366878 0.1071522929082999 0
1159 0.3754408573144854 0.07652733607214923 0
1160 0.3867321540672213 0.07454226552963961 0
1161 0.3641508537059952 0.07851302246545344 0
1162 0.2591155965624868 0.07682942046890123 0
1163 0.2478257017252301 0.07881572511497065 0
1164 0.5025023628204586 0.1045897025640319 0
1165 0.5064302769414801 0.09382668146013912 0
1166 0.4990706354337695 0.08504419350619552 0
1167 0.510356643441737 0.08306138939997931 0
1168 0.5029963178537062 0.07427808181196471 0
1169 0.5142840745423164 0.07229495094811195 0
1170 0.6558217461786914 0.1179807651461485 0
1171 0.6597424285862941 0.1072342771295894 0
1172 0.6523956510268989 0.09846370327737597 0
1173 0.6577238826549325 0.2282382101751456 0
1174 0.6538041178328117 0.23897081227988 0
1175 0.6616603496909296 0.2174988237645456 0
1176 0.6586183904183323 0.3684863246882755 0
1177 0.4504906829971275 0.07342405662382517 0
1178 0.6636646749161785 0.09648643723858508 0
1179 0.6563174458865304 0.0877147399987328 0
1180 0.5259340577171151 0.2715226333022229 0
1181 0.5137884787627188 0.1026077916307436 0
1182 0.5543879128925164 0.1357858835030269 0
1183 0.5098644045414413 0.1133711122068574 0
1184 0.577895639656183 0.07125729266322234 0
1185 0.6547033623172747 0.3791493056397112 0
1186 0.6434193872734 0.3810904441657006 0
1187 0.3430728105855281 0.2232806329157452 0
1188 0.3504325863834919 0.2320599142978289 0
1189 0.3793671182184191 0.0657558719451502 0
1190 0.3906595632991917 0.06377061718985333 0
1191 0.6006822419372981 0.2684244291579894 0
1192 0.5933228983681987 0.2596861859749923 0
1193 0.582072668300616 0.2616638198148061 0
1194 0.6659053089805596 0.3771861986999613 0
1195 0.4103549957168042 0.2415425025320443 0
1196 0.4142769294123013 0.2307838469552029 0
1197 0.4255556151354029 0.2288015094897055 0
1198 0.4181996718391777 0.2200244469916596 0
1199 0.6675892466037466 0.08573616258951483 0
1200 0.6602396847274351 0.0769636881985396 0
1201 0.4624320498111605 0.2726826416719711 0
1202 0.2517497319252425 0.06804479530508678 0
1203 0.2404598878800266 0.07003068165505966 0
1204 0.2365350953026406 0.08080239632370378 0
1205 0.2291692760743694 0.07201755611267258 0
1206 0.2630355591300405 0.06605896381249132 0
1207 0.2252448048949309 0.0827889430090531 0
1208 0.2178785980302034 0.07400443963600056 0
1209 0.671513407925125 0.0749846678112232 0
1210 0.5069224613400566 0.06351050532393515 0
1211 0.5182118307363149 0.06152711541308142 0
1212 0.6641625826010907 0.06621064279515504 0
1213 0.6528864573985114 0.06818985717430442 0
1214 0.6650619021899719 0.2369982765671165 0
1215 0.6611396359771152 0.2477257992423539 0
1216 0.6699599720956588 0.3665117120313154 0
1217 0.6670888647096668 0.1160035665880699 0
1218 0.6631679756835145 0.1267497574724403 0
1219 0.6498937853981153 0.2497028032126714 0
1220 0.6572281127750939 0.2584534253711206 0
1221 0.2218031918783084 0.06323295588310907 0
1222 0.2105121244943579 0.06521990989188342 0
1223 0.394169064035035 0.3149059233345012 0
1224 0.3940887561838105 0.08333868019492324 0
1225 0.5859863831288883 0.2509371144315526 0
1226 0.213954682850788 0.08477572531982347 0
1227 0.2213201335848419 0.09355910311276205 0
1228 0.6684701044953378 0.256479705752253 0
1229 0.6645584031759533 0.267204031171765 0
1230 0.6533172734101796 0.269178466093151 0
1231 0.6606476916983638 0.2779267125411294 0
1232 0.6718880048201881 0.2759528284686241 0
1233 0.6679766837719047 0.2866728422067197 0
1234 0.6620079461947647 0.3878579729835565 0
1235 0.6754371108825769 0.0642330908508314 0
1236 0.6731988338061392 0.3858950082150041 0
1237 0.604559313974572 0.2577147520682315 0
1238 0.3617148999667024 0.2300763744417235 0
1239 0.357791832113606 0.2408390703580184 0
1240 0.4123239207257069 0.3519165116646757 0
1241 0.5230399317423415 0.2217710152704513 0
1242 0.6023250491686967 0.1776964074175679 0
1243 0.6406311961456682 0.1307079986629452 0
1244 0.574738629301544 0.2529131718998697 0
1245 0.2659975121738583 0.1159350941483342 0
1246 0.2547070998497371 0.1179202824196687 0
1247 0.2620727301018839 0.1267034641849096 0
1248 0.351405960887869 0.1714461441180996 0
1249 0.3033028284818434 0.1295288538244309 0
1250 0.3106659995726929 0.1383107371734407 0
1251 0.2993793013169461 0.1402961683856787 0
1252 0.3067419620131329 0.1490778537634664 0
1253 0.2954555454806455 0.1510630502580232 0
1254 0.3028178596821809 0.1598445246910116 0
1255 0.2915318644831114 0.1618296819998505 0
1256 0.2988938662167477 0.1706109532344195 0
1257 0.5216295985899022 0.08109087521099334 0
1258 0.3695698365047681 0.2085256457906896 0
1259 0.6080444248329369 0.2771525312180841 0
1260 0.4975681126708358 0.1759474764724108 0
1261 0.3150775764507899 0.09722299652948818 0
1262 0.3077134238526935 0.08843854255624245 0
1263 0.3357129741134676 0.2145011716236377 0
1264 0.3317895722233466 0.2252648565361192 0
1265 0.3244294128842796 0.2164850381291078 0
1266 0.5891792422745229 0.06927646804508725 0
1267 0.5818218179834411 0.06049367385359822 0
1268 0.5931076390855585 0.05851297706379832 0
1269 0.5705362336775723 0.06247523425369977 0
1270 0.4819026054153716 0.2189374126403217 0
1271 0.4617805706052357 0.07143960679081535 0
1272 0.4544168265100829 0.062654142316664 0
1273 0.4431260189908013 0.06463910195526873 0
1274 0.3190036825759003 0.08645306551195453 0
1275 0.3116387344460899 0.07766774580419533 0
1276 0.4657066102375346 0.06067075415706197 0
1277 0.3229298690134756 0.0756819478385245 0
1278 0.3155643147969421 0.0668958549975463 0
1279 0.3268565300435601 0.06490985191769449 0
1280 0.5426301206800621 0.1680394409372191 0
1281 0.5700454222250612 0.09278081257136656 0
1282 0.4294787336957506 0.2180420878135211 0
1283 0.4221223149482012 0.2092650804867563 0
1284 0.287608289072151 0.1725959753666726 0
1285 0.2949700512271513 0.1813768470130038 0
1286 0.2802447998314131 0.1638142475178848 0
1287 0.3465095167017734 0.2428228376491419 0
1288 0.3538690264787973 0.2516015682525723 0
1289 0.3651509705941558 0.2496178155410609 0
1290 0.3612282931834583 0.2603800354409139 0
1291 0.2507829677655429 0.1286885142638383 0
1292 0.24438363119465 0.05925977964662721 0
1293 0.6568107577443287 0.05743270188215754 0
1294 0.64553020077264 0.05941288750273788 0
1295 0.6749359621034529 0.09450821559978695 0
1296 0.3832937795701363 0.0549833341307065 0
1297 0.3945870840872846 0.05299808970483211 0
1298 0.3720007316971329 0.05696890339507843 0
1299 0.6744334627971504 0.1247723422560255 0
1300 0.6705140336591234 0.1355161272693633 0
1301 0.3194902761409382 0.05612302111365974 0
1302 0.308197354003842 0.05810930238534723 0
1303 0.330783508012185 0.05413693459421159 0
1304 0.6792162441048971 0.2847002039670008 0
1305 0.6753050615470759 0.2954194215189786 0
1306 0.6692954269447033 0.3965736043688957 0
1307 0.6580613455954538 0.398516937065216 0
1308 0.5108490982504943 0.0527413845944803 0
1309 0.5221396643364179 0.05075808193908515 0
1310 0.2144368314374984 0.05444758734788879 0
1311 0.2031453434561352 0.0564350391582924 0
1312 0.1992202817627331 0.06720705421680651 0
1313 0.1918533233240566 0.05842252770254619 0
1314 0.4470525610602513 0.05386758112142914 0
1315 0.1957783120909984 0.04764990019475218 0
1316 0.1844867000652748 0.04963803105064768 0
1317 0.6640677182987522 0.2973915041632035 0
1318 0.6713946982126716 0.3061358564110508 0
1319 0.6494072785289011 0.2798999148263479 0
1320 0.5744627649318328 0.05170912317665599 0
1321 0.4872853322854079 0.1173467714554532 0
1322 0.3101809958869302 0.1686252640509715 0
1323 0.386235349113106 0.1048744832808378 0
1324 0.4426405571609204 0.09496073005632444 0
1325 0.6450445893801864 0.08969679403569986 0
1326 0.5431132551851683 0.1377670899465453 0
1327 0.547035432098496 0.1270114702308246 0
1328 0.4108428349697459 0.2112473890237556 0
1329 0.4029804876842155 0.232793473453565 0
1330 0.5786523666564447 0.2421842457577162 0
1331 0.372509878433019 0.2583961531253262 0
1332 0.3685869106481118 0.269158201261132 0
1333 0.4352769561653367 0.0861776387656219 0
1334 0.4019504493325539 0.06178501398835956 0
1335 0.4058806882136047 0.05101318092128976 0
1336 0.3205058164580979 0.2272490439158516 0
1337 0.3131458719994101 0.2184708499119014 0
1338 0.2836848311100767 0.1833618814698065 0
1339 0.1805622075905485 0.06041005267834254 0
1340 0.1731956914088933 0.05162616757514837 0
1341 0.3573057114300431 0.271141976037909 0
1342 0.3646644884545649 0.2799201154943566 0
1343 0.4147680621695455 0.2004999291108469 0
1344 0.4260471821142435 0.198512417586633 0
1345 0.5626886167091001 0.08400151333226713 0
1346 0.2100311761570386 0.09554593447920945 0
1347 0.2173954511303112 0.1043286460989921 0
1348 0.5294976917087432 0.05954278644742994 0
1349 0.5334299861368468 0.04877456676925368 0
1350 0.3425867944972733 0.2535855687661693 0
1351 0.683129001981319 0.2739792484952335 0
1352 0.3759275583550281 0.04619530520004478 0
1353 0.6804979144376453 0.394604907495557 0
1354 0.6817776846918094 0.1335384948996989 0
1355 0.6778581563831406 0.1442813266296793 0
1356 0.6665955110557433 0.1462591633448383 0
1357 0.6739393635830729 0.1550239925391088 0
1358 0.6840029459663424 0.3837802673864533 0
1359 0.6826304616827175 0.3041644767253731 0
1360 0.6787204861880595 0.3148797095879217 0
1361 0.6352141591855103 0.2321932298536384 0
1362 0.5899006906835499 0.2402090283960299 0
1363 0.5847610994238627 0.1103325829088271 0
1364 0.6827863736103191 0.07300644808793622 0
1365 0.6867106718388601 0.06225558224279026 0
1366 0.6793624568565703 0.0534817911107372 0
1367 0.6494566120518361 0.04865224046093442 0
1368 0.6381738322773517 0.05063235455100767 0
1369 0.6342482046394731 0.06139458534045461 0
1370 0.6856976051126935 0.1227959654885038 0
1371 0.312170178398934 0.04767159459473203 0
1372 0.3008267012250582 0.04938704018004564 0
1373 0.6420777992710863 0.2711539818057838 0
1374 0.6380975612920674 0.2819113416199627 0
1375 0.6601436707171887 0.3080791695976292 0
1376 0.5957399543598733 0.3394655758535571 0
1377 0.5845229225313259 0.3414283696385401 0
1378 0.5918325612566342 0.3501465349757932 0
1379 0.580629030825949 0.3521125931446337 0
1380 0.5879374672265736 0.3608220963700436 0
1381 0.5767512745341826 0.3627868207398146 0
1382 0.584042690962657 0.3714851191493276 0
1383 0.5728662775318438 0.3734470071346886 0
1384 0.5655751534438298 0.3647539057535723 0
1385 0.5616929769542237 0.3754104718097686 0
1386 0.5544043054000225 0.3667198090253279 0
1387 0.5505243696976279 0.377372937884456 0
1388 0.5432353571482873 0.3686849356488165 0
1389 0.5393558992510299 0.3793368130497322 0
1390 0.5320667391277651 0.3706513495755152 0
1391 0.5279209806437893 0.3813759725182122 0
1392 0.5208538359100083 0.3726262106035739 0
1393 0.516303619974236 0.3833899590923119 0
1394 0.5094126319766521 0.3746532383800911 0
1395 0.5135562919922694 0.363929195361351 0
1396 0.5023693319160323 0.3658965204950688 0
1397 0.4980328029375858 0.376558365645916 0
1398 0.4910720157083528 0.3678302372018171 0
1399 0.49509291755812 0.3571763655927463 0
1400 0.4839177240904101 0.3591517786687222 0
1401 0.479956485676171 0.3697762545915683 0
1402 0.4878281984876787 0.348470338635546 0
1403 0.4727741700718826 0.361125960446826 0
1404 0.4687777446544814 0.3717861716451271 0
1405 0.5801510528535795 0.3821432790715106 0
1406 0.5913220273434417 0.3801826563913855 0
1407 0.4616116827812584 0.3631298091874605 0
1408 0.4578144878959069 0.373701172487272 0
1409 0.4756423950323703 0.3804599966466687 0
1410 0.5578171414240584 0.3860649088301815 0
1411 0.4655029709644438 0.3524684613557482 0
1412 0.5874362297912833 0.3908317035307318 0
1413 0.5985943022314939 0.3888751796919369 0
1414 0.5349588084663615 0.389985587328437 0
1415 0.4543369704851523 0.3544856494011454 0
1416 0.4582118133744139 0.3438063276343519 0
1417 0.5582769857049372 0.3560561462816352 0
1418 0.5359527804405263 0.3599991686854921 0
1419 0.4990179888830178 0.3464953311377236 0
1420 0.4917174442427507 0.337794670110461 0
1421 0.5947103063380667 0.3995158388531024 0
1422 0.6058677313604178 0.3975623535541477 0
1423 0.5835582426534641 0.4014719671055415 0
1424 0.6765866448804252 0.4052935989614584 0
1425 0.5625417794519438 0.3152352290137744 0
1426 0.6904582168959623 0.2827285784745188 0
1427 0.5112776819456766 0.2539984840070759 0
1428 0.4515384280487239 0.2443842265329996 0
1429 0.568561681937263 0.1836435628195719 0
1430 0.6097521496554719 0.3869215681364352 0
1431 0.6170224074309149 0.3956093639782615 0
1432 0.6288593181924853 0.1629575493032346 0
1433 0.3170670077655172 0.2077103575471244 0
1434 0.2581485077386354 0.1374713578410944 0
1435 0.246861757377455 0.139457299386176 0
1436 0.2542244823873053 0.14823869570149 0
1437 0.2394912826870274 0.1306744005482612 0
1438 0.6131903828451425 0.2059214456542849 0
1439 0.2910463686998752 0.1921425464395989 0
1440 0.3965430186584448 0.1635088282302357 0
1441 0.4490303070810485 0.1643472760422525 0
1442 0.6508808539849791 0.1892492296243058 0
1443 0.3563015961459688 0.1000525393092668 0
1444 0.5674035392004984 0.2441600652484515 0
1445 0.5634904403404675 0.2548901179886897 0
1446 0.5561665677229641 0.2461411768372844 0
1447 0.4063914080989026 0.2523663391432406 0
1448 0.5235296841203793 0.1915132632774688 0
1449 0.4313519675071402 0.09694589891391614 0
1450 0.2969032637022634 0.06010684925037724 0
1451 0.2895348777338714 0.05132158623726252 0
1452 0.5518005697084027 0.2870536390116686 0
1453 0.4995587806808 0.05472522572898286 0
1454 0.503485676524567 0.0439544683752412 0
1455 0.4921935494966034 0.04593877444749589 0
1456 0.3646362377291782 0.04818215784162883 0
1457 0.5587671953054646 0.09476042087143222 0
1458 0.6268968738152109 0.05261575209362263 0
1459 0.5825657945350928 0.2314530895514591 0
1460 0.2797613881253881 0.1941274896878123 0
1461 0.2871227006588684 0.2029078944475984 0
1462 0.3534001272094369 0.281889966552306 0
1463 0.3607702076322428 0.2906679879147214 0
1464 0.3720275827748951 0.2886955541397558 0
1465 0.3681147519763746 0.2994588063528958 0
1466 0.2723997991841141 0.1853469903640616 0
1467 0.6852011848951406 0.1530462296664301 0
1468 0.6812830000643879 0.1637876029527483 0
1469 0.690252646232047 0.3130178965283908 0
1470 0.6860937192882771 0.3236407107214789 0
1471 0.6906364099058957 0.05150408165770909 0
1472 0.6832877256714771 0.0427293654947879 0
1473 0.630817410481566 0.04184949224836942 0
1474 0.6195452628749133 0.04383090347713192 0
1475 0.6131379289352044 0.4062466429254913 0
1476 0.624289439707476 0.4042959745292217 0
1477 0.3985150344603198 0.04222451648997444 0
1478 0.4098181603771887 0.04033057906620385 0
1479 0.1884107522373667 0.03886455753390133 0
1480 0.687806964239572 0.4033216766510489 0
1481 0.6925443002963911 0.1618099342540724 0
1482 0.6886252098250627 0.1725504225375228 0
1483 0.447060906077381 0.3458074677689071 0
1484 0.4509104550400198 0.3351257456867962 0
1485 0.4431869720928203 0.3564883370972739 0
1486 0.4620942828301535 0.3331351619612535 0
1487 0.4547741993034679 0.3244341360082093 0
1488 0.4659672713716329 0.3224311093651795 0
1489 0.4586439677478698 0.313720621721913 0
1490 0.4698649808001599 0.3117244663233684 0
1491 0.6748212636014674 0.3255962713576072 0
1492 0.6821453315096218 0.3343395030476175 0
1493 0.5260677061590152 0.03998767348187993 0
1494 0.5373434552119787 0.03801770161103057 0
1495 0.2934505787879216 0.0405561323270871 0
1496 0.2821649881147088 0.0425271859048677 0
1497 0.5938172139574482 0.2294778103706445 0
1498 0.5864805670888253 0.22071917317135 0
1499 0.6933755893203393 0.3323677390507263 0
1500 0.6894598228987951 0.3430782784113339 0
1501 0.3764322536891361 0.2476343728127492 0
1502 0.4625231249527397 0.303006020016413 0
1503 0.6773657244309761 0.1745279067870082 0
1504 0.6847073651456801 0.1832900175199875 0
1505 0.6626720816994526 0.1570062008409336 0
1506 0.2286834530797399 0.1023425415262139 0
1507 0.2880928115101852 0.1422813619300005 0
1508 0.3970294997993274 0.1332040762326137 0
1509 0.618676354769232 0.305392084587373 0
1510 0.3406029926858857 0.1431220715325702 0
1511 0.4917103717895549 0.07626183941629705 0
1512 0.4034882350596961 0.2024853640808479 0
1513 0.3302945640085789 0.08446785128940165 0
1514 0.3798676751073545 0.2671746706073749 0
1515 0.338146907064149 0.06292646131628521 0
1516 0.5656599285307943 0.1338097006642072 0
1517 0.5357598779423746 0.1289944328113632 0
1518 0.5318375482190636 0.1397493691826284 0
1519 0.5397040540986286 0.1182351426438392 0
1520 0.4239882312829338 0.08816275791571437 0
1521 0.4200639284351927 0.098931515699407 0
1522 0.6229684157254247 0.06337789075931655 0
1523 0.4132320826604424 0.05981165633309915 0
1524 0.4073965279130025 0.1917710216477488 0
1525 0.1997033515793519 0.03687630657103697 0
1526 0.552245012067305 0.2568679872144963 0
1527 0.5449554192324477 0.2481126625025837 0
1528 0.2429388348030295 0.1502247180845633 0
1529 0.250300906094235 0.1590055603984125 0
1530 0.3092219733672728 0.2292336618650316 0
1531 0.3165823290537729 0.2380130909586779 0
1532 0.1692725802145642 0.06239772507153846 0
1533 0.1619059739515973 0.05361446699496059 0
1534 0.1766381223419696 0.0711808566323664 0
1535 0.1658289333149889 0.04284281804831302 0
1536 0.154538395151814 0.04483096189098262 0
1537 0.158461931771897 0.03405853465951214 0
1538 0.1471702831079119 0.03604689333051164 0
1539 0.5514215983509467 0.08598845833134683 0
1540 0.2061074460169205 0.1063150070363107 0
1541 0.1987431679322541 0.09753285083729812 0
1542 0.2134713298062429 0.1150971978068273 0
1543 0.5407575761379481 0.05760379810752025 0
1544 0.5029008574723173 0.3358239762648514 0
1545 0.4955895881794291 0.3271239244339188 0
1546 0.4737525164794931 0.3010097326318898 0
1547 0.3685606789843933 0.03740680065875363 0
1548 0.3566811735891898 0.03926335043483992 0
1549 0.6946087621423391 0.04074306978911491 0
1550 0.6943717622492674 0.2720055916694932 0
1551 0.6964645630959156 0.151067638326732 0
1552 0.6998860743641691 0.1705734100996378 0
1553 0.4961212336348088 0.03516655025191345 0
1554 0.4848295087844772 0.03715171404376638 0
1555 0.5908259060882591 0.4101478164625511 0
1556 0.5797622342862345 0.4125706218605099 0
1557 0.1923680509174185 0.02827588087726368 0
1558 0.6940573532434305 0.07102882953846129 0
1559 0.7017023302529527 0.280756790412316 0
1560 0.6838968882605284 0.4140122986738728 0
1561 0.672633587529696 0.4159678680853647 0
1562 0.4434455230864166 0.3263365909307953 0
1563 0.6709108256069034 0.3363066743099955 0
1564 0.4358990238981068 0.3478121634604009 0
1565 0.4319198365074391 0.3584208485078482 0
1566 0.63082662477845 0.2731360490094902 0
1567 0.6209137837189715 0.3849659939658105 0
1568 0.6299062477949461 0.3034397499544119 0
1569 0.6373757313794057 0.3120522058512653 0
1570 0.4393192293490212 0.3671253599453214 0
1571 0.4280753602448903 0.3690465588918425 0
1572 0.4354393298407156 0.3776965844205603 0
1573 0.4241558427048795 0.3798665271954675 0
1574 0.4313629381077552 0.3884298273781484 0
1575 0.4425997024679827 0.3863107552334694 0
1576 0.6203997455470017 0.4149256703920353 0
1577 0.6315494477019066 0.4129784644894283 0
1578 0.6136444671704196 0.3762725608843641 0
1579 0.5771904445649012 0.3327008050181838 0
1580 0.5724286417222257 0.4035095080236442 0
1581 0.5686383292412179 0.414617390448406 0
1582 0.6734403976939372 0.185271828074578 0
1583 0.6807869675053141 0.1940306136185281 0
1584 0.6920479709792307 0.1920519537277166 0
1585 0.6881286766342664 0.2027908696771785 0
1586 0.6695208034244433 0.1960126127404717 0
1587 0.6548083592570929 0.1785053599744449 0
1588 0.5612951365118507 0.405497862832161 0
1589 0.4368340471476796 0.226820261115826 0
1590 0.4407557391974858 0.2160612037014418 0
1591 0.4481108998221036 0.2248354239823956 0
1592 0.4520315910983381 0.2140797563535483 0
1593 0.6636123704726872 0.3275762306815274 0
1594 0.3863671009836641 0.3363707201676981 0
1595 0.6901346682502247 0.08177722566407403 0
1596 0.6453399565702111 0.2906822277624054 0
1597 0.5078564651523977 0.2344942497923712 0
1598 0.5837470544044751 0.1709035247540217 0
1599 0.5661236497869744 0.1035408806696908 0
1600 0.4720827951189306 0.130082970781364 0
1601 0.2655130788473002 0.1462532059018685 0
1602 0.6930409502878221 0.131561467645775 0
1603 0.6969607852263725 0.1208195179977183 0
1604 0.5102231686174157 0.3445262898945479 0
1605 0.655332083689409 0.1482375977722382 0
1606 0.6513957830780306 0.1589947593122325 0
1607 0.4446776321102918 0.2053045532561577 0
1608 0.3180290851099744 0.1470924279181934 0
1609 0.2733610175345456 0.1247179303130286 0
1610 0.6896176369117266 0.1120535033153877 0
1611 0.4387163986422615 0.1057274561714462 0
1612 0.6354411480261548 0.4023471644224848 0
1613 0.6427247681416971 0.411034823343834 0
1614 0.63032202906728 0.07215623417386574 0
1615 0.5244834008139139 0.1309757146734449 0
1616 0.5205609422504516 0.1417315953283953 0
1617 0.5132061939971261 0.1329578945194504 0
1618 0.5092838519251929 0.1437137049751581 0
1619 0.5166388427224089 0.1524882328051873 0
1620 0.5019282397190719 0.1349380380330235 0
1621 0.3460266677351577 0.2731237845088101 0
1622 0.3995475669865798 0.2132455949363379 0
1623 0.3003477719457981 0.07965414354905764 0
1624 0.6011514493212843 0.2382346514440215 0
1625 0.3023322856508343 0.1901571505615605 0
1626 0.3798552785659803 0.03542086011550555 0
1627 0.2257286856677964 0.05246029364562677 0
1628 0.3018576691360771 0.2204583136708569 0
1629 0.2183620571088428 0.04367415116947632 0
1630 0.2296547104624577 0.04168626873050224 0
1631 0.2224025873113942 0.03355417336620214 0
1632 0.6347447997142996 0.262409128058102 0
1633 0.1810819561313628 0.03030520787300317 0
1634 0.5074138916099743 0.03318252903555091 0
1635 0.6440577583057113 0.1502276929635113 0
1636 0.6977865085892394 0.2914782791330347 0
1637 0.4784616497606766 0.1994293641102594 0
1638 0.4034591567234014 0.03095267768405041 0
1639 0.6298575617254745 0.1024190219857398 0
1640 0.5881987362154717 0.1298548376017064 0
1641 0.6870410581921708 0.2632552326781246 0
1642 0.6982860446788882 0.2612802440052061 0
1643 0.6909542026031653 0.2525319947400678 0
1644 0.6607370485655982 0.04667521594338997 0
1645 0.6533873259101279 0.03791188692252578 0
1646 0.6646686528459893 0.03591082096468617 0
1647 0.2856106568523294 0.06208620634068779 0
1648 0.6226675483110491 0.2946592877270849 0
1649 0.3053039333809089 0.2399998230067119 0
1650 0.4882718343109723 0.05670965468552791 0
1651 0.2684822338224329 0.1961146327229124 0
1652 0.5752391021483959 0.2227008653114 0
1653 0.5991280560618416 0.3588602788654326 0
1654 0.3607131557212643 0.05895741248894448 0
1655 0.5141260410051127 0.333835365013486 0
1656 0.521428074440661 0.3425504690988131 0
1657 0.4279170252548785 0.077395502050149 0
1658 0.5595820930478024 0.2656164475341383 0
1659 0.5475321336886908 0.09674735884473873 0
1660 0.3421500236365943 0.2838421142318664 0
1661 0.4593809363107187 0.2228551512308768 0
1662 0.5053651385300957 0.1544694748820556 0
1663 0.165357140482428 0.07317090583339431 0
1664 0.4166412476290762 0.07937899687180583 0
1665 0.3922054743184956 0.2044609998976768 0
1666 0.3882370946510356 0.2152751271892289 0
1667 0.4357604246663125 0.05585269378821772 0
1668 0.4396941306383199 0.04508228889491056 0
1669 0.4509819562552982 0.04309536865902347 0
1670 0.4435525620781702 0.03394361440435356 0
1671 0.4548360338503474 0.03189784441023924 0
1672 0.4622574139680126 0.0410444617945856 0
1673 0.4661841694935124 0.03026061587203188 0
1674 0.6004534800079862 0.06730926145729998 0
1675 0.555346833986997 0.07522727686630526 0
1676 0.432325074009649 0.03623494593301668 0
1677 0.5127206123340919 0.1632427119530674 0
1678 0.4559504964772713 0.2033393016204028 0
1679 0.6993874408978253 0.2008130842344223 0
1680 0.6954702572282545 0.2115494551797913 0
1681 0.68420508412259 0.2135333721467158 0
1682 0.6915471910602067 0.22229025907853 0
1683 0.5483541755985065 0.2675959742359787 0
1684 0.5601192307413013 0.2354027542569171 0
1685 0.3793828203454503 0.2974669878715269 0
1686 0.3754611439158881 0.3082264889490881 0
1687 0.3833034500659395 0.2867130175599373 0
1688 0.3641870653290216 0.3102209777046543 0
1689 0.4485999190357277 0.1945600523733282 0
1690 0.1506147417962734 0.05557486204180062 0
1691 0.4810780969837065 0.3097236003012676 0
1692 0.1727132248317086 0.08193495254999539 0
1693 0.1840029458906754 0.07996384743582535 0
1694 0.180079403291129 0.09073287156436349 0
1695 0.1948169834440583 0.108283985786889 0
1696 0.7017155271588914 0.04944643949466632 0
1697 0.5441218210023155 0.07719690408793822 0
1698 0.2389971243889753 0.1609486435593328 0
1699 0.2463564517463968 0.1697215502570445 0
1700 0.2576616555572642 0.1677766805526718 0
1701 0.2537220797696182 0.1784981233517574 0
1702 0.3126726579585924 0.2487428154894066 0
1703 0.2336217273475112 0.03114073861036681 0
1704 0.2409500480463405 0.03973924097328496 0
1705 0.5631747610562938 0.05369142047943654 0
1706 0.5671210734963412 0.04292987298187589 0
1707 0.5783953205793637 0.04094222504123668 0
1708 0.3715784043354269 0.3189671108892169 0
1709 0.2316285209529488 0.15216144162513 0
1710 0.4387548410636778 0.3967099480251779 0
1711 0.4496444247525488 0.3947735499115941 0
1712 0.3347658259919358 0.2750931605094221 0
1713 0.5791416046865984 0.2119595504658786 0
1714 0.5903985952256849 0.2099827933218957 0
1715 0.5830586585542678 0.201220849295982 0
1716 0.5943474550789976 0.1992289893002852 0
1717 0.4361317890583059 0.02559809125742701 0
1718 0.3725523319984435 0.02665435598706234 0
1719 0.5710341617908357 0.03215434599114964 0
1720 0.5823240250410264 0.03017139453855111 0
1721 0.5896750466011371 0.03896775453893697 0
1722 0.5597999938402811 0.0341485948457354 0
1723 0.5001456786953382 0.02442792611243061 0
1724 0.6234693911566423 0.03265906722609296 0
1725 0.6348356504349694 0.03062122367943176 0
1726 0.6121342209619448 0.03456751699431093 0
1727 0.5299967305258493 0.02923319126528529 0
1728 0.6873700793993892 0.03116657682186841 0
1729 0.7009356683573559 0.02992325327566381 0
1730 0.7024486259700911 0.2201784217055187 0
1731 0.6988140871371108 0.2310302832890628 0
1732 0.6875916270857743 0.2330380246439181 0
1733 0.2860973113523131 0.03178470772793096 0
1734 0.2750335633578119 0.03382641770813538 0
1735 0.2986231035457242 0.02854542321041775 0
1736 0.2709116766495592 0.04452482006575936 0
1737 0.2635030195137442 0.03572125597699877 0
1738 0.2250671239193575 0.02217606771296404 0
1739 0.2446743124822353 0.02942441116375094 0
1740 0.4252622086315634 0.0276964239494496 0
1741 0.6573789749426027 0.02760813803450174 0
1742 0.6092051981879367 0.4166534008424073 0
1743 0.7006894723319601 0.3411072968649663 0
1744 0.6967767137805544 0.351816485099242 0
1745 0.7012214342077356 0.07995195818080869 0
1746 0.6974469254294915 0.09057451473947586 0
1747 0.7085292676149558 0.08875099977772238 0
1748 0.6387453441578591 0.42127788526351 0
1749 0.6499634616589658 0.4197177170776406 0
1750 0.700645867749638 0.1099857459188012 0
1751 0.4169346416992127 0.3710866717842754 0
1752 0.6951279946766228 0.4120511409625752 0
1753 0.6988557416832871 0.401667350584958 0
1754 0.7106623003096667 0.2293859154057042 0
1755 0.5413237436830679 0.02763252015412765 0
1756 0.4512924093589037 0.3050022244744669 0
1757 0.4551276934179561 0.2943138317269445 0
1758 0.6855499631862483 0.3537864160808308 0
1759 0.6928663756698127 0.3625236223998415 0
1760 0.703650562631097 0.3600128892793393 0
1761 0.7002446726628864 0.3719944007030836 0
1762 0.6235070464925525 0.2643846347292136 0
1763 0.6274059855886748 0.2536639898511224 0
1764 0.6050997997989639 0.2274776846440202 0
1765 0.6124647109358473 0.2362562105884716 0
1766 0.5576510416261428 0.4159337417690078 0
1767 0.5501859125119666 0.4073542735462719 0
1768 0.6248129614503767 0.374323885629712 0
1769 0.5936159513375464 0.02818951019510829 0
1770 0.5869765645861644 0.1904805074786144 0
1771 0.3906706804077428 0.2954747910154489 0
1772 0.2473406623940746 0.1091381413120651 0
1773 0.5239924312474549 0.1612618089825016 0
1774 0.3352266684277614 0.2448070002664839 0
1775 0.3313268281665842 0.255558474216539 0
1776 0.4730679043170318 0.06945866449103222 0
1777 0.5200856825233608 0.1720107086601627 0
1778 0.2595937732366962 0.04650279239656113 0
1779 0.611414573984598 0.2966151959597296 0
1780 0.7019703212601273 0.2507643069982886 0
1781 0.3420696168933395 0.05215690395027905 0
1782 0.3347631121099676 0.04366971149487919 0
1783 0.5509613934052799 0.1162608614855504 0
1784 0.6190462934766051 0.07413687258642221 0
1785 0.6264134047158109 0.08290890677299867 0
1786 0.5211381671389054 0.1113933840160966 0
1787 0.5250556845895388 0.1006361939615471 0
1788 0.6043806230051756 0.0565514767465945 0
1789 0.5649024273445582 0.4252219038422564 0
1790 0.4805237284251979 0.3397797474596787 0
1791 0.1614288610686035 0.08389153542696748 0
1792 0.3013599528116123 0.2506924642440834 0
1793 0.3603026284129257 0.3209289273298232 0
1794 0.5252123112305522 0.3318633177171083 0
1795 0.5325460493026455 0.340631229166843 0
1796 0.1511565092429134 0.02562671802588029 0
1797 0.139952668609146 0.02782530609786216 0
1798 0.1359074013948921 0.03810452385678187 0
1799 0.1290471370638385 0.02944583955201924 0
1800 0.4849816379533661 0.2990054032230487 0
1801 0.4774721469396269 0.2902748653177125 0
1802 0.4921670943315484 0.3077844722973406 0
1803 0.4461486471497494 0.4048691301904783 0
1804 0.456763781659859 0.4032157131697504 0
1805 0.4604817099503744 0.3928811958334151 0
1806 0.4676192408470027 0.4014082876493117 0
1807 0.6795649928923784 0.424548845886004 0
1808 0.4523594650809795 0.4149508982652018 0
1809 0.5351646923363269 0.01910814709401754 0
1810 0.70470207034191 0.06947896768542516 0
1811 0.7028560307099522 0.189911240465574 0
1812 0.7090325089648118 0.2895089521224919 0
1813 0.7049812472825802 0.3001049001535996 0
1814 0.644964970417786 0.4296179640708002 0
1815 0.708223514216811 0.1188434635106946 0
1816 0.5469484720995266 0.4173706132860878 0
1817 0.5390086286013962 0.409307982025825 0
1818 0.2790481646674203 0.02383690572920272 0
1819 0.1620015892235247 0.02281166285157477 0
1820 0.563667322149638 0.02336413050091418 0
1821 0.2048844684555651 0.02612464960478178 0
1822 0.6159301592544597 0.4260197474949907 0
1823 0.7045970428469036 0.3303938549014744 0
1824 0.3818952906694041 0.02590230485818629 0
1825 0.4308637534586938 0.01802182504041228 0
1826 0.669037877969837 0.02675127488381079 0
1827 0.1959407839600744 0.017583250003194 0
1828 0.7107876504161688 0.1984148545130704 0
1829 0.3767794894539396 0.0171408675065946 0
1830 0.6163418416206797 0.02333285235628441 0
1831 0.5870051896390516 0.4210343248345985 0
1832 0.5351434783520286 0.4208804779299793 0
1833 0.5275239481775654 0.4112524515812186 0
1834 0.4274572185334508 0.3988889581329346 0
1835 0.4584135257528285 0.02091756913682735 0
1836 0.4701354277059436 0.01956109143905155 0
1837 0.6683443483276429 0.4289791659216687 0
1838 0.6768874042733736 0.4342865228600895 0
1839 0.7085956101468918 0.2592826789928467 0
1840 0.1550182163846878 0.01449819364197785 0
1841 0.5116669403569446 0.02013457187020778 0
1842 0.5855172225510612 0.01952964691619241 0
1843 0.7085883366408378 0.4106577291811172 0
1844 0.5020137872602319 0.01257348206460474 0
1845 0.4126309572378278 0.3819011090616106 0
1846 0.7117236600079729 0.3393091804337186 0
1847 0.7131550042667342 0.2786186751167473 0
1848 0.42417975134879 0.3497683339210738 0
1849 0.4051323621025327 0.3732370115028202 0
1850 0.4281542974142576 0.3390468513268022 0
1851 0.4438526565778796 0.296268543369169 0
1852 0.447659966186943 0.2855091184606915 0
1853 0.4400237482832302 0.3070275162663195 0
1854 0.4283937266963603 0.3089349756539083 0
1855 0.6814590795424714 0.3645051309541167 0
1856 0.6596394373983469 0.3382742997358834 0
1857 0.6669038712718655 0.3470524084960303 0
1858 0.652355562926159 0.3294582794356067 0
1859 0.6410181058684086 0.3311771330271126 0
1860 0.6195413845938303 0.2751088246243208 0
1861 0.6160227735752206 0.2556934693261296 0
1862 0.6564555930107097 0.4290133080599636 0
1863 0.6611230812806381 0.4183441484295294 0
1864 0.6466612879437367 0.4004116411477542 0
1865 0.471520890991599 0.3910259478547538 0
1866 0.4785687527936045 0.3995068960620575 0
1867 0.474694920044953 0.4100162640637749 0
1868 0.4857344581823432 0.4081520934652422 0
1869 0.4896544788685214 0.3976649737277518 0
1870 0.4968268758959051 0.4062856833600021 0
1871 0.5007595359098049 0.3957915665486856 0
1872 0.5079455480500046 0.404412007533181 0
1873 0.4928435976659047 0.4165508386899648 0
1874 0.5119228464473579 0.3940081285516844 0
1875 0.5192451056574157 0.4025456927105851 0
1876 0.515402931667275 0.4127187306883927 0
1877 0.4937652986508289 0.3872051710916954 0
1878 0.6451695648094136 0.3206238698439233 0
1879 0.6016978576367448 0.2079851756089363 0
1880 0.6556917700410515 0.3489953745614544 0
1881 0.436303714528779 0.2874913402121698 0
1882 0.641326213901217 0.3013659807791559 0
1883 0.4465083459677261 0.3757344036475457 0
1884 0.6321068012847164 0.3830197025750766 0
1885 0.6164544206711644 0.2254613074632153 0
1886 0.6238762039630488 0.2342073823878041 0
1887 0.5983432831551453 0.1884635848907739 0
1888 0.434980565606531 0.4082762387305872 0
1889 0.4227246240971593 0.4088780227967809 0
1890 0.4199497654940443 0.3903539386438284 0
1891 0.5308168056845607 0.4005272562789848 0
1892 0.5218320659934994 0.4214650649396688 0
1893 0.538386396358882 0.4329685029249035 0
1894 0.5155361339360449 0.4315374033875279 0
1895 0.3828807041033972 0.3169367547593439 0
1896 0.3945809593372435 0.2847318165262912 0
1897 0.5426066121539828 0.3986534588820698 0
1898 0.4504483250443345 0.3651406269648262 0
1899 0.3808991282741226 0.2064788218711368 0
1900 0.5058752021640007 0.1241707535026705 0
1901 0.4164856884829174 0.34109116987426 0
1902 0.4316734645761502 0.3280628957345774 0
1903 0.5651472961363719 0.3947648598541569 0
1904 0.7054830913990074 0.240474318935027 0
1905 0.6660840839527098 0.1765191827960464 0
1906 0.6360517518484893 0.3723745981472192 0
1907 0.617551001579203 0.3656202978204589 0
1908 0.5980561067223741 0.4186079336082156 0
1909 0.5955918670001582 0.4291330387149002 0
1910 0.5761341525542499 0.4246537846164215 0
1911 0.647463847513589 0.169745557129199 0
1912 0.4622400201312898 0.01025797450817262 0
1913 0.4469951656345078 0.02367361519881733 0
1914 0.6539816933308935 0.4092179164552195 0
1915 0.6507251889366755 0.3898035519304007 0
1916 0.7044930593486394 0.09925547726717338 0
1917 0.7150839099090072 0.09764193720142111 0
1918 0.7202728262074497 0.08685492678373535 0
1919 0.4554645033514945 0.2336059165894868 0
1920 0.4667280329862321 0.23164255114583 0
1921 0.665280296593635 0.407319012227614 0
1922 0.6934742031859554 0.1012889425133329 0
1923 0.6741065228619938 0.355809416068523 0
1924 0.6275524368663028 0.4232531463552897 0
1925 0.4628117388057103 0.2423866843551145 0
1926 0.4441909660817633 0.2356036565064143 0
1927 0.5175029888070344 0.3532396922959143 0
1928 0.6142484241293467 0.3462229218751093 0
1929 0.6069515106851827 0.3374983243736377 0
1930 0.5313529639769961 0.1700289678731339 0
1931 0.7209868296833634 0.3608281089106958 0
1932 0.3785139543220402 0.3578585444703472 0
1933 0.3711369208429485 0.3490867993137444 0
1934 0.3750674165953903 0.338358020749601 0
1935 0.6781793895559046 0.3450621160690552 0
1936 0.7019444177112137 0.00977226120800434 0
1937 0.7075611858210734 0.01975494473643813 0
1938 0.7201077889382155 0.01864870811174757 0
1939 0.7128648658428025 0.02918218782606208 0
1940 0.7061144203037437 0.0387268990786111 0
1941 0.5069994862632037 0.2950283907193554 0
1942 0.6019853290011414 0.4081831687933231 0
1943 0.4201983480211545 0.3602436975861255 0
1944 0.1874598254809619 0.09951811754231543 0
1945 0.1835264178333897 0.1102342263032517 0
1946 0.7212709714484137 0.3142624911344059 0
1947 0.7105001262366177 0.3203563701915711 0
1948 0.6527908538424383 0.2993546815669993 0
1949 0.6621499914800837 0.1872671513152496 0
1950 0.6582293310324726 0.1980075260475808 0
1951 0.6655917223074742 0.2067579587067532 0
1952 0.5737736433686214 0.3132665259693954 0
1953 0.5698653498099239 0.3239700928912388 0
1954 0.5586411811478276 0.3259366539429731 0
1955 0.5659653337200271 0.3346643397687493 0
1956 0.5547839275168324 0.3366475621206774 0
1957 0.5732723777497056 0.3433966235635583 0
1958 0.5474968404508191 0.3279446910078146 0
1959 0.1913740645319959 0.08874810194237792 0
1960 0.4771472555285691 0.3204285123353408 0
1961 0.5142629663955415 0.3037074236851049 0
1962 0.5104397903900774 0.3144446806375909 0
1963 0.7208813382845017 0.3828029533133117 0
1964 0.7109560203751832 0.3774960492415735 0
1965 0.7110205236676227 0.388134464903534 0
1966 0.7012437142256625 0.3834069846553687 0
1967 0.5952156538787855 0.3695283841982445 0
1968 0.5513386937542986 0.3172117373566163 0
1969 0.6794745649147992 0.009633250739748855 0
1970 0.6847253956446439 0.01912249714603464 0
1971 0.4922788182214182 0.277516091649631 0
1972 0.4848689130647683 0.2687054947931095 0
1973 0.4736146239844871 0.2706798793995787 0
1974 0.4699530688137902 0.2815203993686879 0
1975 0.5689917972550981 0.3841033939166921 0
1976 0.2611050222155323 0.1873036027785599 0
1977 0.2650268840894919 0.1765501651759007 0
1978 0.268954515018215 0.1657962334797593 0
1979 0.7197560508617383 0.2579204476467925 0
1980 0.6880391441511727 0.3731864212798432 0
1981 0.5708254467796556 0.2636406522846061 0
1982 0.566924864620327 0.2743625622352195 0
1983 0.6675173579679842 0.3168596366758227 0
1984 0.5343029324603297 0.2197904828038575 0
1985 0.5303797769332108 0.2305318847738159 0
1986 0.5191220419365752 0.2325133721431839 0
1987 0.52644951926623 0.2412872836516062 0
1988 0.5152015104406207 0.2432567325756618 0
1989 0.5225131217159251 0.2520444465480248 0
1990 0.5416171069016628 0.2285650976192682 0
1991 0.5117753032196471 0.2237508059669964 0
1992 0.7201846039072417 0.2901627122135314 0
1993 0.1054250358408103 0.009233271747634941 0
1994 0.1099617394175565 0.0203180722052706 0
1995 0.1063074414930255 0.03283141947500573 0
1996 0.6425355162507679 0.2409415554932707 0
1997 0.6560579805171678 0.009465212923896793 0
1998 0.6278204402939032 0.2234526332987263 0
1999 0.6788624322958305 0.08375614769865281 0
2000 0.5039611498520222 0.414527264988939 0
2001 0.3872192031560756 0.2759499970635525 0
2002 0.6097022296233064 0.1864394032820791 0
2003 0.6057306075213248 0.1972033020708669 0
2004 0.5811040829582376 0.322003533050285 0
2005 0.4329115692213381 0.2375796690672969 0
2006 0.6332115802624833 0.009990253949555161 0
2007 0.6276196677258756 0.0201972637834435 0
2008 0.6103025681431412 0.01249750334374855 0
2009 0.6393914696677893 0.01986443472617605 0
2010 0.6040387366228827 0.02363393388866142 0
2011 0.6416049400616878 0.07017197317513835 0
2012 0.646962125786285 0.1999872587444413 0
2013 0.1281309313694662 0.009831603548526247 0
2014 0.5567853224241477 0.2158769495281539 0
2015 0.676862730684422 0.2047749370500803 0
2016 0.6729425053394458 0.2155140676778495 0
2017 0.6690039374032211 0.2262578427063396 0
2018 0.6763209665137182 0.2350224217270664 0
2019 0.6802685519208259 0.2242759979967366 0
2020 0.5039347875650948 0.2452369754703052 0
2021 0.6587412220884206 0.1677561643243426 0
2022 0.647980371105668 0.1394753640610687 0
2023 0.6978460967860992 0.06033735920047922 0
2024 0.710239242564333 0.05846247335832644 0
2025 0.6567050304517619 0.2886546471778009 0
2026 0.5949971578254226 0.1689251686436035 0
2027 0.5279141965885253 0.1505058203502214 0
2028 0.5724873942175787 0.1728863211101864 0
2029 0.6085831416166316 0.2469803357863624 0
2030 0.6120595309010685 0.2664131068539949 0
2031 0.5410396268001966 0.2588536678219835 0
2032 0.5391910961986398 0.1485220239572256 0
2033 0.3837904697925623 0.2564121023381221 0
2034 0.3877315687702699 0.2456289758409332 0
2035 0.3803579030658193 0.2368693788020187 0
2036 0.3950992341672523 0.2543893380540359 0
2037 0.391635684276394 0.2348900789143474 0
2038 0.3842777661683173 0.2261124870303982 0
2039 0.3911489979691442 0.2651883397681524 0
2040 0.402428044608636 0.2632044996719777 0
2041 0.6180899643810035 0.1346661201865054 0
2042 0.6293599297578247 0.1326872666466762 0
2043 0.6254404991850475 0.1434377073952277 0
2044 0.6367128240786998 0.1414580198304647 0
2045 0.6327828641213609 0.1522101077209488 0
2046 0.6141697675504558 0.145414913671479 0
2047 0.5648498844360332 0.01168744563811563 0
2048 0.1579908189512752 0.06436974516864913 0
2049 0.4402755436069832 0.2463590652871645 0
2050 0.7213485571021513 0.2343775621925479 0
2051 0.7211331048466547 0.2231019843397754 0
2052 0.6312610818902114 0.2429309318531066 0
2053 0.1432532346782195 0.04679971948616191 0
2054 0.4274290109586744 0.1077123236292687 0
2055 0.4161418333540839 0.1096980684189687 0
2056 0.4087762928152242 0.1009178793813822 0
2057 0.4048556915526055 0.1116857606485506 0
2058 0.4347947712883762 0.1164924240423357 0
2059 0.1952953217773842 0.07797779905325186 0
2060 0.3293164495834128 0.145107050871028 0
2061 0.3366784296330236 0.1538885985124516 0
2062 0.3479647652569179 0.1519040755896156 0
2063 0.2929779378482535 0.07087034498297362 0
2064 0.281687794584254 0.0728571234903852 0
2065 0.5781622394092852 0.2723879507564491 0
2066 0.6822737150985476 0.1032872739371896 0
2067 0.4760075500030197 0.1193218316402381 0
2068 0.4833530114080463 0.1281213460148212 0
2069 0.4794249841541856 0.1388781090723238 0
2070 0.2021742194012912 0.1170440814922445 0
2071 0.2095334349002247 0.1258201919105958 0
2072 0.2208321675183164 0.1238716681059493 0
2073 0.2168951751335378 0.1345985862495636 0
2074 0.2281983569332207 0.1326516885041417 0
2075 0.232121785257613 0.1218894935006283 0
2076 0.2242594443364541 0.1433706368695166 0
2077 0.3253926359504641 0.1558735061061973 0
2078 0.332754170682454 0.1646546917459733 0
2079 0.3214686187624596 0.166639586344048 0
2080 0.3288300735319478 0.1754203874031257 0
2081 0.340115464556442 0.1734359752708055 0
2082 0.3175451902145958 0.1774051166897125 0
2083 0.3249100998107713 0.1861847220438411 0
2084 0.3136216225350235 0.1881707981880323 0
2085 0.314105192900857 0.1578588604789814 0
2086 0.2545735142791822 0.0097043464964926 0
2087 0.2608090408100663 0.01810266206221911 0
2088 0.365639408682811 0.2193091355312826 0
2089 0.3769366396187184 0.217299301243223 0
2090 0.2775190942454616 0.009935625989642149 0
2091 0.2065878750737016 0.07599151072212273 0
2092 0.4122242539090438 0.1204634463551209 0
2093 0.1875038590434747 0.009297943080652904 0
2094 0.301049976667063 0.009694531421979846 0
2095 0.3062014481509975 0.01987086389580867 0
2096 0.3176730262314014 0.01987081416512149 0
2097 0.3115433532706907 0.02949796621880563 0
2098 0.3229173541217487 0.02919111595419244 0
2099 0.3290640482958452 0.01976838000721021 0
2100 0.3343617686174448 0.02880941685556992 0
2101 0.3813358653881558 0.1762564602502889 0
2102 0.3887212742147395 0.1850196969448622 0
2103 0.392617444020195 0.174275196544273 0
2104 0.3852585942760297 0.1654933389450128 0
2105 0.4039082385211618 0.1722810053274232 0
2106 0.407826826370618 0.1615245213008505 0
2107 0.4151976144378681 0.1702955291676593 0
2108 0.4264700438154603 0.1683185307420297 0
2109 0.4225848849464043 0.1790590541735486 0
2110 0.4338591360424056 0.1770804370712091 0
2111 0.4377554386109137 0.166330314421082 0
2112 0.4451344680983603 0.1750923861854696 0
2113 0.4303924901256805 0.1575545522281969 0
2114 0.6030316697685061 0.3481808313338615 0
2115 0.3518898282395795 0.1411366271565391 0
2116 0.5177099225589364 0.09184780360651817 0
2117 0.23260952157438 0.09157328589012037 0
2118 0.2399734943272726 0.1003577969050276 0
2119 0.2439007078502329 0.08958645218792732 0
2120 0.463297972469612 0.2121195472518374 0
2121 0.3463571137036856 0.009935547552851587 0
2122 0.3529759779061373 0.01935851836973479 0
2123 0.3406330558159861 0.01980103906533009 0
2124 0.3470370150111706 0.03034171289683329 0
2125 0.2772863870827368 0.1139491463751267 0
2126 0.284650045796646 0.1227323663445448 0
2127 0.2807259104167686 0.1335001737188299 0
2128 0.7038728972326769 0.129427617746132 0
2129 0.7003120577506886 0.140299746447992 0
2130 0.7112963667353412 0.136688045291284 0
2131 0.7096231430264763 0.1492199460008077 0
2132 0.7038091247058074 0.1598309719443051 0
2133 0.7111464464363962 0.1685990511944246 0
2134 0.7067005089117914 0.1791458983997193 0
2135 0.7190425157709518 0.1778481296883738 0
2136 0.686187984393917 0.09253205335875203 0
2137 0.7062132645762116 0.2093461767953395 0
2138 0.4037189348399551 0.009898393135071237 0
2139 0.4088769254578895 0.01991735602918288 0
2140 0.3981955728453639 0.02036011475526084 0
2141 0.3219534130725164 0.1363252252544299 0
2142 0.2200699968887314 0.01051171287759944 0
2143 0.213244085903872 0.01894180819974411 0
2144 0.2315734593035691 0.0111935954266274 0
2145 0.5646302248801833 0.1944028267021311 0
2146 0.3062573352885472 0.1793910216229501 0
2147 0.6891090995174195 0.1422991506027179 0
2148 0.382310019376119 0.115638477418435 0
2149 0.4980234063567803 0.1456931894265785 0
2150 0.2959391498619908 0.1207463704747377 0
2151 0.2434112479369342 0.1199041382004105 0
2152 0.2984106644464518 0.2009222201767302 0
2153 0.251266918007556 0.09836957854737055 0
2154 0.2694366491443058 0.1354857340910274 0
2155 0.2767986502267006 0.1442682725864332 0
2156 0.4127083120467993 0.09015125792737944 0
2157 0.2355630328483559 0.1414233641696315 0
2158 0.4371415280594131 0.009205323051138858 0
2159 0.3233967895117208 0.009918400943403238 0
2160 0.2782499335952475 0.05330241983183803 0
2161 0.3901596861289337 0.09411117274440012 0
2162 0.4460818158554705 0.1145061903349672 0
2163 0.1879287004478947 0.0691936896198565 0
2164 0.4137209406343549 0.2611436874288702 0
2165 0.3343141853822843 0.3052185961886611 0
2166 0.3456006336823189 0.3032999677679985 0
2167 0.5255517721370846 0.07032438962749715 0
2168 0.3263677510212477 0.09523785167020382 0
2169 0.3376572241527651 0.09325366971104598 0
2170 0.3415828480942953 0.08248391791277876 0
2171 0.3342205842402532 0.07369707208097659 0
2172 0.3759445704668399 0.2779368909816731 0
2173 0.2758551637392518 0.2048796547805693 0
2174 0.2832085902060502 0.2136654590187017 0
2175 0.2645589525041297 0.2068191852276099 0
2176 0.3097021628313953 0.1989346141151693 0
2177 0.328353233813427 0.2057243483462443 0
2178 0.2841683246096014 0.1530487138140124 0
2179 0.3690740771434458 0.2388552670003621 0
2180 0.3980165412761731 0.07256360913928639 0
2181 0.3269620922808222 0.2964735054441051 0
2182 0.3783863751634272 0.1264020587456663 0
2183 0.2763198530509103 0.1745775822290143 0
2184 0.4691408406839903 0.08022590096148652 0
2185 0.6700142459698366 0.1657701750400313 0
2186 0.3122248888287807 0.2788988015353195 0
2187 0.3161433516674441 0.2682103598248652 0
2188 0.5774023922228096 0.1015583144826416 0
2189 0.5734831349542869 0.1123156871338573 0
2190 0.2979583012996621 0.2312131506660513 0
2191 0.2754187539550659 0.235051094454177 0
2192 0.344039852677164 0.1626696255408579 0
2193 0.3361960398696907 0.1841984754299221 0
2194 0.5730101854373251 0.1425814600456037 0
2195 0.6269309295807706 0.283850108495449 0
2196 0.395574067095898 0.2240606342877306 0
2197 0.2385464140624983 0.1911225621645866 0
2198 0.3337291490151072 0.1040227045495895 0
2199 0.4809045052230997 0.04792407845006735 0
2200 0.2091139667867692 0.1559900329116996 0
2201 0.2238429190414875 0.1735433146764087 0
2202 0.2026643813871938 0.08676198705901395 0
2203 0.3592529885051985 0.1499167066725445 0
2204 0.1943729476391159 0.1384470824090694 0
2205 0.3474814398493321 0.1822116249321296 0
2206 0.6959235718651007 0.1812974619342076 0
2207 0.224757803263041 0.1131091386964485 0
2208 0.3553296489762118 0.1606817401539798 0
2209 0.4416737015264368 0.1555696891298904 0
2210 0.6171024367886121 0.1951812136888418 0
2211 0.3224408401218933 0.1060068686227513 0
2212 0.3278662434718392 0.2360282469659945 0
2213 0.5332527390021228 0.280279738075641 0
2214 0.3391498260771834 0.2340437838242044 0
2215 0.2944861509275056 0.2116867395753403 0
2216 0.6215145813357785 0.1541859328448893 0
2217 0.4171655781939715 0.04904557327224845 0
2218 0.3729966034312553 0.2280945900466018 0
2219 0.4563995750280396 0.1731117897347801 0
2220 0.4334008379667463 0.2072854812599692 0
2221 0.3396364126781931 0.2037392706999125 0
2222 0.5049129799716602 0.1847257780451836 0
2223 0.1771260033531826 0.04089138615460719 0
2224 0.6865436251319392 0.2934474333032494 0
2225 0.2330938844202454 0.0612458725518617 0
2226 0.4069035929979864 0.222025897608042 0
2227 0.3499468737051121 0.2623635137798933 0
2228 0.5185958134192122 0.2627731226235652 0
2229 0.3857462439911107 0.135184203985676 0
2230 0.1354512880773128 0.06824169703237815 0
2231 0.3455089276627015 0.07171458674662667 0
2232 0.4681542364372104 0.140846067385232 0
2233 0.5352718492997619 0.1592747930311122 0
2234 0.5446838607818261 0.04684105204698563 0
2235 0.5289688512596169 0.08989563624912195 0
2236 0.5347960183099998 0.1895358740719752 0
2237 0.3239656274381133 0.2467704968558355 0
2238 0.5122629472019682 0.1934944040946102 0
2239 0.6361985837100976 0.1717239520544361 0
2240 0.290577475628695 0.2224405316418339 0
2241 0.1208126574090957 0.05065204501889431 0
2242 0.5977775189199545 0.2187099942019642 0
2243 0.2964240996167329 0.09042452528862299 0
2244 0.4817994250068687 0.418675051315002 0
2245 0.4707101449963383 0.4205112633022506 0
2246 0.3042734373988592 0.06888266838768126 0
2247 0.3523773526262734 0.1108211432775246 0
2248 0.4902166838131694 0.1671721931890804 0
2249 0.3235324963137029 0.04601667564111939 0
2250 0.3602270822699045 0.0892836167324732 0
2251 0.4392020098316131 0.07540867716261118 0
2252 0.3680779721114609 0.0677421800031105 0
2253 0.719918582845479 0.1191229148141359 0
2254 0.3605517988999352 0.0285009697390245 0
2255 0.3872213637137658 0.04420970490275372 0
2256 0.6185860282799112 0.1043967661886926 0
2257 0.6112330544901927 0.09562425934187579 0
2258 0.4755054186465316 0.1496261063568973 0
2259 0.6376897695378553 0.08092670530597557 0
2260 0.4765008264676699 0.08900994014927094 0
2261 0.2070701874937126 0.04566190684936722 0
2262 0.5808438732078693 0.1210853692362159 0
2263 0.4421597771595372 0.1252698843839954 0
2264 0.2920150078973967 0.1315142157797038 0
2265 0.4711005080164442 0.1906637504097698 0
2266 0.4877861250491434 0.08702770349985028 0
2267 0.3386789254238817 0.2643449204599187 0
2268 0.4583397703630324 0.05187351609538854 0
2269 0.4500038486258596 0.1037417492193676 0
2270 0.6592489574086223 0.1374939653580328 0
2271 0.5666149290602591 0.07323941970519787 0
2272 0.4889278510589186 0.02673795314735072 0
2273 0.5583072230872423 0.12503754941609 0
2274 0.5147769747622208 0.04197076256212018 0
2275 0.4373252564978063 0.1965368353552811 0
2276 0.6783531961248661 0.1140285955954421 0
2277 0.6091502954168704 0.2166503396658284 0
2278 0.4956356447424937 0.06549424046651336 0
2279 0.6710078921194116 0.1052589219874757 0
2280 0.720802566813892 0.06285714285714289 0
2281 0.5842798942189839 0.1406034926027465 0
2282 0.5965270838266041 0.07806366892401762 0
2283 0.4318404435538493 0.0666248910625899 0
2284 0.6543064723583029 0.2087454222535791 0
2285 0.5749599477024436 0.02138273901367699 0
2286 0.6680874286731158 0.05545707160963104 0
2287 0.6519005100160699 0.1287279265273307 0
2288 0.7048438805284719 0.26976313994983 0
2289 0.7206052977656966 0.05178006358635906 0
2290 0.4858160207359107 0.2081946029815616 0
2291 0.6459868558441275 0.2604311163660304 0
2292 0.5465463511361097 0.1572907551067034 0
2293 0.3410906858678678 0.1128059634485957 0
2294 0.5857497534944439 0.04972918936041559 0
2295 0.1697123639573185 0.0320506604055093 0
2296 0.2370185366953901 0.0504812053605686 0
2297 0.3896686071675137 0.1244220384521283 0
2298 0.5387120135049044 0.1787909497212961 0
2299 0.675799925174733 0.2652294743857049 0
2300 0.641126846767033 0.1004437687154293 0
2301 0.3912349576033233 0.031030839926388 0
2302 0.5921171145973383 0.1191034755981928 0
2303 0.2890585242651429 0.08164113736104223 0
2304 0.2113387758743946 0.03565541981685261 0
2305 0.7024564546331755 0.4208118795851233 0
2306 0.2615873169937579 0.1570184517493982 0
2307 0.5972506461821875 0.2489603446835317 0
2308 0.2777683792764767 0.08362770982414641 0
2309 0.6421200063751812 0.03981709912051712 0
2310 0.2728777809211647 0.1550331875082261 0
2311 0.6170717934021771 0.4372063928220009 0
2312 0.5713339854483052 0.2334339485612544 0
2313 0.2360454091076671 0.1111243956248005 0
2314 0.5592612683520306 0.06445957562847532 0
2315 0.5620857436104423 0.3453528818391978 0
2316 0.5509397478724676 0.3473566512177307 0
2317 0.5405749104102776 0.2890246977650969 0
2318 0.5970254657772323 0.0477599600724577 0
2319 0.6489638144987011 0.07894395964806511 0
2320 0.6941953802174416 0.3023011967585212 0
2321 0.5187616673889475 0.03083801422145155 0
2322 0.2669644985401814 0.05529011562322694 0
2323 0.707450852556614 0.3497393109761669 0
2324 0.3824481158534512 0.3471101200900014 0
2325 0.6074623729545729 0.3073551633704041 0
2326 0.6972764237611218 0.321651019074725 0
2327 0.7020123776362092 0.311170499239227 0
2328 0.6386380041143661 0.2516799208057173 0
2329 0.5062937812956483 0.3552105657962253 0
2330 0.3450165439337489 0.1020384431622403 0
2331 0.6281839463020235 0.3936592297675254 0
2332 0.4804267905566247 0.07824506592213099 0
2333 0.49304177608595 0.4313515419475963 0
2334 0.3322747861359225 0.1949616995357447 0
2335 0.3489423094529351 0.09126918305658882 0
2336 0.6720143312799743 0.04470161177919435 0
2337 0.430875408127035 0.1272537074288442 0
2338 0.3209881521486762 0.1969477566293594 0
2339 0.6797112727814177 0.2545080377945915 0
2340 0.5762892668145366 0.3927983350675268 0
2341 0.6154869575350317 0.2857825919407188 0
2342 0.6041054414992396 0.2878682295803827 0
2343 0.2704020881999619 0.0748444500117007 0
2344 0.5694585325271724 0.3540952209081548 0
2345 0.5539514818234581 0.396725189327803 0
2346 0.5742655234111125 0.2831086200444858 0
2347 0.5471079369088037 0.3580374323614346 0
2348 0.4843512169729122 0.06747819436938551 0
2349 0.5466567922025178 0.3880157720219768 0
2350 0.4235096169100251 0.1184766685851442 0
2351 0.6723855437080014 0.2457553430796339 0
2352 0.2743255173134036 0.06407337095382015 0
2353 0.5769285211913121 0.131833373888871 0
2354 0.3528682019569597 0.08050098901984348 0
2355 0.6024851863428936 0.3782276941045098 0
2356 0.2556694592418049 0.05727793225697869 0
2357 0.3057782545177262 0.2096971824995205 0
2358 0.4985632788122885 0.1153612175180659 0
2359 0.5630269116916775 0.2850780024733836 0
2360 0.3567933048382765 0.06973026627976536 0
2361 0.4083092950660255 0.1312226897017202 0
2362 0.6401263591535458 0.1609766030805937 0
2363 0.5171385415335281 0.1222022131748629 0
2364 0.4093014668710875 0.07057666621407921 0
2365 0.600157066511893 0.29860577127702 0
2366 0.5284190764540497 0.1202184535190735 0
2367 0.4769876897292633 0.05869333120789322 0
2368 0.6906599371068201 0.4221828319613724 0
2369 0.4740728850148064 0.2404307806325184 0
2370 0.6770942140903907 0.3751774564277823 0
2371 0.6759343548524052 0.03457459453542328 0
2372 0.5323855272087361 0.1094372299355779 0
2373 0.5556944539971203 0.2763392323804572 0
2374 0.5247818785118634 0.3619629177163334 0
2375 0.4696250559385115 0.04989171591102859 0
2376 0.2483071432026374 0.04849616083857078 0
2377 0.5274458895048442 0.180774967757929 0
2378 0.3494310931171289 0.06094571059634285 0
2379 0.4009453986229981 0.1224448200541028 0
2380 0.4779854534137702 0.22967717271779 0
2381 0.3532535466580636 0.05014915630155403 0
2382 0.569576110371261 0.1230637997365682 0
2383 0.6337740987360474 0.09167639823778784 0
2384 0.639377476377178 0.3917196161413687 0
2385 0.5161787261834304 0.1827535074375655 0
2386 0.3459900028982809 0.0413894024972889 0
2387 0.2519672170524618 0.03800012909781758 0
2388 0.5286714284641414 0.3513008483575494 0
2389 0.4706436101855481 0.2208999711410601 0
2390 0.4735492878104223 0.03911769945097482 0
2391 0.3935865143423605 0.1136649490495481 0
2392 0.683639091979192 0.2437803718961817 0
2393 0.5622185728779712 0.1142878650317716 0
2394 0.5548751932219002 0.1055196239203441 0
2395 0.4474147794065212 0.3157008234621754 0
2396 0.6225010878707863 0.09365090507046486 0
2397 0.4775590022661792 0.02872112609116445 0
2398 0.6924466109317322 0.3914556889071217 0
2399 0.3975104072096322 0.1029062860327834 0
2400 0.5368063992305453 0.06838535776480908 0
2401 0.5088202288509815 0.1739851858847855 0
2402 0.3999993300680681 0.1830295892427133 0
2403 0.3734862125626602 0.1977668202691643 0
2404 0.4766624210816754 0.3504631578855262 0
2405 0.4014345769367721 0.09213349899398604 0
2406 0.6151423792772812 0.08488007789569424 0
2407 0.4745570720091933 0.2101614048424911 0
2408 0.6947420702440629 0.2419365500837577 0
2409 0.5444690573441433 0.2783127654653673 0
2410 0.5014676848812073 0.1652105079639237 0
2411 0.4205739969894308 0.06861394539105214 0
2412 0.3990678310811626 0.2435694517120809 0
2413 0.4053651501572865 0.08135711822357672 0
2414 0.6102948224209436 0.3568943940328769 0
2415 0.5376721399060437 0.2393387873018333 0
2416 0.3984859607046031 0.2739496598172986 0
2417 0.6333981799019119 0.3227855878634377 0
2418 0.6077898847375294 0.07610049289138227 0
2419 0.4941153887452845 0.1564365939184316 0
2420 0.2571976389086637 0.1980614310758348 0
2421 0.2940279359617287 0.2419149206241752 0
2422 0.6063865312423479 0.3675672683176478 0
2423 0.4867649764453128 0.1476621754050219 0
2424 0.5528642971756738 0.2265808429740702 0
2425 0.402037665294292 0.2933812934140513 0
2426 0.4395239450153887 0.3370319524847132 0
2427 0.3981116000055113 0.3041347903315602 0
2428 0.1761947108752827 0.1015005588278854 0
2429 0.4400794209654276 0.2766469784685438 0
2430 0.3867793354688375 0.3061909560435782 0
2431 0.5909647333258309 0.1797406077048948 0
2432 0.3274316628429577 0.2662821522024433 0
2433 0.4245055691653562 0.05784742234561169 0
2434 0.490687098573602 0.1369234811767072 0
2435 0.6117145631674979 0.06534775886263233 0
2436 0.3902706136955704 0.3256512592783634 0
2437 0.4284198208603727 0.04705797504078912 0
2438 0.1540785464414151 0.07512076431958714 0
2439 0.6156365524607377 0.054593859479586 0
2440 0.4693663994310091 0.3418038135910095 0
2441 0.4946151405697832 0.1261532320690183 0
2442 0.4211364725365729 0.03839139665913871 0
2443 0.4672167118238363 0.2013876781996714 0
2444 0.6082753789968522 0.04572136149523059 0
2445 0.3568663224490474 0.3014338110376841 0
2446 0.5371374953484299 0.2695833113233612 0
2447 0.1736786747396175 0.02134425418735753 0
2448 0.3529516715528185 0.3121264322065639 0
2449 0.4598602832938449 0.1926146371662757 0
2450 0.4662700034791266 0.2923135137089902 0
2451 0.5289331411408875 0.3211239829104701 0
2452 0.452508585096181 0.1838434017713743 0
2453 0.4810673462314471 0.2794711514429037 0
2454 0.6007941333829326 0.03647333953078435 0
2455 0.5298207479854743 0.2608226566773088 0
2456 0.5178309545907165 0.3231467781497686 0
2457 0.4098434868380759 0.2718984526270585 0
2458 0.463592627697686 0.4116559407856836 0
2459 0.4412425889092645 0.1858262193406347 0
2460 0.5436302777794977 0.1074947781753752 0
2461 0.4299671136692209 0.1878075477539738 0
2462 0.6287921620496039 0.3636592393053756 0
2463 0.4186877970774283 0.1897853413221242 0
2464 0.1250242451771927 0.04004565308006203 0
2465 0.4113048304700139 0.181032124791727 0
2466 0.4535567076406209 0.3843328014968247 0
2467 0.5409753430118693 0.00930748161411854 0
2468 0.3961206883481234 0.1937591198569136 0
2469 0.1320712750088449 0.04875979123651841 0
2470 0.5488991269466823 0.2373568869153262 0
2471 0.3848238462919731 0.1957514964749539 0
2472 0.3052702457415398 0.03890774828195886 0
2473 0.1393450194848848 0.05751425924204562 0
2474 0.1467150411744006 0.06631118792785784 0
2475 0.4732428471221155 0.3311212561769288 0
2476 0.1501488171169899 0.08583222956110148 0
2477 0.5337417624843862 0.2500765840838901 0
2478 0.1575175638074033 0.0946037181488511 0
2479 0.4882925144639907 0.3184621278360326 0
2480 0.1687823823723594 0.0926371495201927 0
2481 0.536298004264719 0.09870177311774575 0
2482 0.484418711530833 0.3291347920335757 0
2483 0.5236169147083858 0.01991407215205543 0
2484 0.1722167875333112 0.1121695919915814 0
2485 0.5402035428743266 0.08796397864299216 0
2486 0.5640612410093782 0.224693094310851 0
2487 0.5480488762183353 0.06643139695884726 0
2488 0.1795895567269311 0.1209436208640334 0
2489 0.1908820838987423 0.1189777586997228 0
2490 0.5328803308489652 0.07914285693055867 0
2491 0.633940521515628 0.2927313399038128 0
2492 0.1982351314789053 0.1277422135384964 0
2493 0.2055953163311573 0.1365170741660143 0
2494 0.2129582695205432 0.1452945203501955 0
2495 0.22033172297191 0.1540727082162568 0
2496 0.2276973795896394 0.1628518558514478 0
2497 0.2350539376704625 0.1716297435962589 0
2498 0.5398195918952026 0.3493605921868338 0
2499 0.2424147296593798 0.1804089930664858 0
2500 0.5519824099407584 0.05567763277171206 0
2501 0.2532538950198883 0.2087292614481099 0
2502 0.2900474467721575 0.2526105982034454 0
2503 0.2498153937238406 0.1892219486305722 0
2504 0.6199356495949391 0.2449553866321661 0
2505 0.5559124047879848 0.0449298896743387 0
2506 0.2606647961014482 0.2174995092703281 0
2507 0.2974234308457859 0.2613789319007559 0
2508 0.2719674242985168 0.2155793148508442 0
2509 0.5485930709570306 0.03616021886644588 0
2510 0.3087575164002146 0.2594356102582728 0
2511 0.3235344752006992 0.2770028786024062 0
2512 0.3200496074123178 0.2574999848078938 0
2513 0.5679904483986233 0.2139563774910586 0
2514 0.2793578162513856 0.2243557650029733 0
2515 0.3308888022414643 0.2857800393633612 0
2516 0.5525349904503374 0.02562273085364508 0
2517 0.3490203424761464 0.322818305936224 0
2518 0.2867196279522846 0.2331374538733144 0
2519 0.3382516951172987 0.29455767230545 0
2520 0.3563581575220477 0.3316029066787134 0
2521 0.5719126677619418 0.2032252233837053 0
2522 0.3495225265536662 0.2926054519966448 0
2523 0.3677095656609476 0.3296679411378291 0
2524 0.3789789675623995 0.3276586344970087 0
2525 0.6460492070952357 0.02923539686083343 0
2526 0.4358227850110514 0.3175949681592033 0
2527 0.5758237871620691 0.192469487721026 0
2528 0.579760459872221 0.1817089164748481 0
2529 0.6487415267617632 0.3099209840238085 0
2530 0.5067069607272545 0.3251558478359278 0
2531 0.6562566756091993 0.3187530283763863 0
2532 0.5436647486621397 0.3386572518128954 0
2533 0.5363319834739551 0.3299014457113064 0
2534 0.662710025737376 0.357819699186165 0
2535 0.4083446676778021 0.3924707198000594 0
2536 0.4243088370658901 0.3195685487141888 0
2537 0.4645349661556429 0.3824306002912412 0
2538 0.28933205275163 0.02134752699412579 0
2539 0.1225654652654433 0.02009120870640158 0
2540 0.4993840917254166 0.3165089618354223 0
2541 0.495961755187625 0.2971359800389439 0
2542 0.4885866424804059 0.2883399655083791 0
2543 0.5032243396818531 0.3057735558736028 0
2544 0.4091053577765648 0.3625187288241784 0
2545 0.4513060753731838 0.2747282295906506 0
2546 0.45879147618036 0.2835112890879893 0
2547 0.4826740714743893 0.3890374097567074 0
2548 0.710066547925438 0.3993175378274868 0
2549 0.3651429871912238 0.01824071650063469 0
2550 0.4868571782466163 0.3784779058223955 0
2551 0.5050327893160776 0.3852677382183974 0
2552 0.6391988191900957 0.4389194893723355 0
2553 0.4146487972138425 0.02944006321979115 0
2554 0.0831505725989985 0.008646595976819382 0
2555 0.5603366328239888 0.4345545709011455 0
2556 0.6957345183395652 0.01973918671367175 0
2557 0.7207361903086172 0.3938580007650854 0
2558 0.4925544376043315 0.01629046716213939 0
2559 0.5713568517688047 0.4347296363482552 0
2560 0.7214385880191424 0.2010569304546876 0
2561 0.5235280278122869 0.3919720994133692 0
2562 0.7209734982098591 0.1429235037290696 0
2563 0.2376993624231903 0.02071764835419732 0
2564 0.7213206685087487 0.1655555220580571 0
2565 0.6508441589357103 0.01904387170339694 0
2566 0.2489503359132966 0.01906947116778435 0
2567 0.474089131867889 0.009656819499079816 0
2568 0.5887421599562556 0.009881353998067166 0
2569 0.6503677133435027 0.4394627375145098 0
2570 0.1851629600692395 0.02042071252589245 0
2571 0.1339400208180416 0.01928988946328558 0
2572 0.5298026682651894 0.009248199786938138 0
2573 0.7076497767945901 0.4301137629634592 0
2574 0.4443680450052373 0.4227833107521904 0
2575 0.453169096470734 0.4259106200098802 0
2576 0.7217713308565218 0.3368657876370221 0
2577 0.1639422162408234 0.009270741748091726 0
2578 0.4709989994823899 0.4313501570774294 0
2579 0.6048377976166704 0.4253517376584227 0
2580 0.1178056182096152 0.03073625570166438 0
2581 0.7115835463942444 0.07873440764986139 0
2582 0.3701915708155549 0.009014940379195091 0
2583 0.2674919579891693 0.02608676716551428 0
2584 0.7107095461111985 0.1075740060304174 0
2585 0.7116656068307005 0.3669781226076245 0
2586 0.7116339577586274 0.04756041873858663 0
2587 0.7122945563855128 0.3076747460195235 0
2588 0.5545561587941168 0.4254741716412678 0
2589 0.2562326472934956 0.02773411610568088 0
2590 0.4202080982046078 0.01867476601681306 0
2591 0.6627779259944748 0.01849499317206416 0
2592 0.7233081472633844 0.2797465040939387 0
2593 0.481514962367927 0.01861738857349715 0
2594 0.711967442046844 0.2495265289237013 0
2595 0.3169824579374678 0.03825213866052807 0
2596 0.5101140694927266 0.4223982005710653 0
2597 0.6827106550692362 0.4414445873692145 0
2598 0.4430511314568646 0.4139450106977507 0
2599 0.7193974447147359 0.4141415404147327 0
2600 0.1445644325599841 0.01788099728404818 0
2601 0.5462771205587292 0.01826903281565218 0
2602 0.1979268196316255 0.008351828616976475 0
2603 0.7027266276867485 0.3927964053756938 0
2604 0.7227735911562979 0.02887199425112746 0
2605 0.7127099961523514 0.2166438013137227 0
2606 0.3827912619281367 0.008772213978235355 0
2607 0.6335980529293566 0.4303559685915022 0
2608 0.4596723170545176 0.4199670321963199 0
2609 0.5942248876040319 0.0184250101339597 0
2610 0.4260796297163532 0.009224883448007204 0
2611 0.6743116907195712 0.01838095354216029 0
2612 0.6967954869093169 0.4303277549791808 0
2613 0.7131046625185029 0.1595063170738226 0
2614 0.499015088714739 0.4231899938658349 0
2615 0.6866220340467025 0.432008769356696 0
2616 0.712982194288222 0.1266661271305717 0
2617 0.5940039686119877 0.4384621892128525 0
2618 0.7136739690959155 0.2972795913532536 0
2619 0.711864067375756 0.1871155396454156 0
2620 0.4941782996986331 0.007497623536037501 0
2621 0.2723617039550848 0.01722935538123843 0
2622 0.09005464891353399 0.01719227017453451 0
2623 0.3284277649302589 0.03723338371762741 0
2624 0.7222937454932215 0.008394439083908578 0
2625 0.148412324896378 0.008463007043146287 0
2626 0.7123556963341218 0.3575077263042581 0
2627 0.7136176763874386 0.3304757017709097 0
2628 0.7020851714327853 0.4370713450148983 0
2629 0.7139848935196348 0.06862148911804083 0
2630 0.4283326406476998 0.4159205288425858 0
2631 0.5566347731014127 0.01773857115351968 0
2632 0.6927960033108034 0.3809716497711533 0
2633 0.6708683760463237 0.4410751379830568 0
2634 0.3883418244076184 0.01849796038813223 0
2635 0.2046700302748723 0.01719811907363827 0
2636 0.5448091385597825 0.4262121583683986 0
2637 0.6231451089520254 0.4306559764347361 0
2638 0.2975534486638216 0.01800072450488044 0
2639 0.7240042309034581 0.09708585852387741 0
2640 0.6787419608097056 0.02609162243026719 0
2641 0.7144813440782593 0.2399428850463881 0
2642 0.5098869268980468 0.008218818798129079 0
2643 0.09968878302333162 0.01603371751009181 0
2644 0.2832556308403023 0.01597111369806381 0
2645 0.4886594129236654 0.4236951304812542 0
2646 0.7143756970555207 0.2065614458764792 0
2647 0.2155520599914346 0.02784586393080113 0
2648 0.4396405528328842 0.01802321767663084 0
2649 0.3393467846937385 0.03664105481964447 0
2650 0.7132983495420457 0.2668758571894909 0
$EndNodes
$Elements
5300
1 15 2 6 1 1
2 15 2 7 14 14
3 1 2 4 1 1 15
4 1 2 4 1 15 16
5 1 2 4 1 16 17
6 1 2 4 1 17 2
7 1 2 4 3 3 28
8 1 2 4 3 28 29
9 1 2 4 3 29 30
10 1 2 4 3 30 31
11 1 2 4 3 31 32
12 1 2 4 3 32 33
13 1 2 4 3 33 34
14 1 2 4 3 34 4
15 1 2 4 4 4 35
16 1 2 4 4 35 36
17 1 2 4 4 36 37
18 1 2 4 4 37 38
19 1 2 4 4 38 39
20 1 2 4 4 39 40
21 1 2 4 4 40 41
22 1 2 4 4 41 42
23 1 2 4 4 42 43
24 1 2 4 4 43 44
25 1 2 4 4 44 5
26 1 2 4 5 5 45
27 1 2 4 5 45 46
28 1 2 4 5 46 47
29 1 2 4 5 47 48
30 1 2 4 5 48 49
31 1 2 4 5 49 50
32 1 2 4 5 50 51
33 1 2 4 5 51 52
34 1 2 4 5 52 53
35 1 2 4 5 53 54
36 1 2 4 5 54 55
37 1 2 4 5 55 56
38 1 2 4 5 56 57
39 1 2 4 5 57 58
40 1 2 4 5 58 59
41 1 2 4 5 59 60
42 1 2 4 5 60 61
43 1 2 4 5 61 62
44 1 2 4 5 62 63
45 1 2 4 5 63 64
46 1 2 4 5 64 65
47 1 2 4 5 65 66
48 1 2 4 5 66 67
49 1 2 4 5 67 68
50 1 2 4 5 68 69
51 1 2 4 5 69 70
52 1 2 4 5 70 71
53 1 2 4 5 71 72
54 1 2 4 5 72 73
55 1 2 4 5 73 74
56 1 2 4 5 74 75
57 1 2 4 5 75 76
58 1 2 4 5 76 77
59 1 2 4 5 77 78
60 1 2 4 5 78 79
61 1 2 4 5 79 80
62 1 2 4 5 80 81
63 1 2 4 5 81 82
64 1 2 4 5 82 83
65 1 2 4 5 83 84
66 1 2 4 5 84 85
67 1 2 4 5 85 86
68 1 2 4 5 86 87
69 1 2 4 5 87 88
70 1 2 4 5 88 89
71 1 2 4 5 89 90
72 1 2 4 5 90 91
73 1 2 4 5 91 92
74 1 2 4 5 92 93
75 1 2 4 5 93 6
76 1 2 5 6 6 94
77 1 2 5 6 94 95
78 1 2 5 6 95 96
79 1 2 5 6 96 97
80 1 2 5 6 97 98
81 1 2 5 6 98 7
82 1 2 5 12 12 208
83 1 2 5 12 208 209
84 1 2 5 12 209 210
85 1 2 5 12 210 211
86 1 2 5 12 211 13
87 1 2 4 13 13 212
88 1 2 4 13 212 213
89 1 2 4 13 213 214
90 1 2 4 13 214 215
91 1 2 4 13 215 216
92 1 2 4 13 216 217
93 1 2 4 13 217 218
94 1 2 4 13 218 219
95 1 2 4 13 219 220
96 1 2 4 13 220 221
97 1 2 4 13 221 222
98 1 2 4 13 222 223
99 1 2 4 13 223 224
100 1 2 4 13 224 225
101 1 2 4 13 225 226
102 1 2 4 13 226 227
103 1 2 4 13 227 228
104 1 2 4 13 228 229
105 1 2 4 13 229 230
106 1 2 4 13 230 231
107 1 2 4 13 231 232
108 1 2 4 13 232 233
109 1 2 4 13 233 234
110 1 2 4 13 234 235
111 1 2 4 13 235 236
112 1 2 4 13 236 237
113 1 2 4 13 237 238
114 1 2 4 13 238 239
115 1 2 4 13 239 240
116 1 2 4 13 240 241
117 1 2 4 13 241 242
118 1 2 4 13 242 243
119 1 2 4 13 243 244
120 1 2 4 13 244 245
121 1 2 4 13 245 14
122 1 2 4 14 14 246
123 1 2 4 14 246 247
124 1 2 4 14 247 248
125 1 2 4 14 248 249
126 1 2 4 14 249 250
127 1 2 4 14 250 251
128 1 2 4 14 251 252
129 1 2 4 14 252 253
130 1 2 4 14 253 254
131 1 2 4 14 254 255
132 1 2 4 14 255 256
133 1 2 4 14 256 257
134 1 2 4 14 257 258
135 1 2 4 14 258 1
136 1 2 4 15 2 259
137 1 2 4 15 259 260
138 1 2 4 15 260 261
139 1 2 4 15 261 262
140 1 2 4 15 262 263
141 1 2 4 15 263 264
142 1 2 4 15 264 3
143 1 2 5 16 7 265
144 1 2 5 16 265 266
145 1 2 5 16 266 267
146 1 2 5 16 267 268
147 1 2 5 16 268 269
148 1 2 5 16 269 270
149 1 2 5 16 270 271
150 1 2 5 16 271 272
151 1 2 5 16 272 273
152 1 2 5 16 273 274
153 1 2 5 16 274 275
154 1 2 5 16 275 276
155 1 2 5 16 276 277
156 1 2 5 16 277 278
157 1 2 5 16 278 279
158 1 2 5 16 279 280
159 1 2 5 16 280 281
160 1 2 5 16 281 282
161 1 2 5 16 282 283
162 1 2 5 16 283 284
163 1 2 5 16 284 285
164 1 2 5 16 285 286
165 1 2 5 16 286 287
166 1 2 5 16 287 288
167 1 2 5 16 288 289
168 1 2 5 16 289 290
169 1 2 5 16 290 291
170 1 2 5 16 291 292
171 1 2 5 16 292 293
172 1 2 5 16 293 294
173 1 2 5 16 294 295
174 1 2 5 16 295 296
175 1 2 5 16 296 297
176 1 2 5 16 297 298
177 1 2 5 16 298 299
178 1 2 5 16 299 300
179 1 2 5 16 300 301
180 1 2 5 16 301 302
181 1 2 5 16 302 303
182 1 2 5 16 303 304
183 1 2 5 16 304 305
184 1 2 5 16 305 306
185 1 2 5 16 306 307
186 1 2 5 16 307 308
187 1 2 5 16 308 309
188 1 2 5 16 309 310
189 1 2 5 16 310 311
190 1 2 5 16 311 312
191 1 2 5 16 312 313
192 1 2 5 16 313 314
193 1 2 5 16 314 315
194 1 2 5 16 315 316
195 1 2 5 16 316 317
196 1 2 5 16 317 318
197 1 2 5 16 318 319
198 1 2 5 16 319 320
199 1 2 5 16 320 321
200 1 2 5 16 321 12
201 2 2 2 1 510 511 328
202 2 2 2 1 450 513 371
203 2 2 2 1 101 500 100
204 2 2 2 1 51 485 50
205 2 2 2 1 527 734 488
206 2 2 2 1 689 799 521
207 2 2 2 1 623 713 691
208 2 2 2 1 634 703 635
209 2 2 2 1 634 711 703
210 2 2 2 1 622 713 623
211 2 2 2 1 485 486 484
212 2 2 2 1 721 723 640
213 2 2 2 1 640 723 641
214 2 2 2 1 477 481 480
215 2 2 2 1 520 679 388
216 2 2 2 1 388 692 520
217 2 2 2 1 511 662 328
218 2 2 2 1 486 734 484
219 2 2 2 1 514 662 511
220 2 2 2 1 477 668 481
221 2 2 2 1 450 514 513
222 2 2 2 1 429 689 521
223 2 2 2 1 656 799 681
224 2 2 2 1 590 692 388
225 2 2 2 1 372 448 445
226 2 2 2 1 388 697 590
227 2 2 2 1 476 477 392
228 2 2 2 1 489 490 399
229 2 2 2 1 503 504 367
230 2 2 2 1 44 664 43
231 2 2 2 1 488 489 399
232 2 2 2 1 475 476 392
233 2 2 2 1 656 681 524
234 2 2 2 1 520 775 420
235 2 2 2 1 418 533 506
236 2 2 2 1 420 679 520
237 2 2 2 1 620 702 593
238 2 2 2 1 595 712 346
239 2 2 2 1 605 704 421
240 2 2 2 1 421 715 605
241 2 2 2 1 646 716 603
242 2 2 2 1 346 718 595
243 2 2 2 1 629 701 336
244 2 2 2 1 638 706 612
245 2 2 2 1 336 714 629
246 2 2 2 1 611 709 391
247 2 2 2 1 649 700 598
248 2 2 2 1 391 707 611
249 2 2 2 1 383 717 617
250 2 2 2 1 634 714 336
251 2 2 2 1 336 711 634
252 2 2 2 1 617 699 383
253 2 2 2 1 340 710 617
254 2 2 2 1 635 703 383
255 2 2 2 1 385 709 611
256 2 2 2 1 383 699 635
257 2 2 2 1 617 717 340
258 2 2 2 1 338 701 629
259 2 2 2 1 599 708 341
260 2 2 2 1 604 706 638
261 2 2 2 1 594 716 646
262 2 2 2 1 341 719 599
263 2 2 2 1 622 700 649
264 2 2 2 1 649 713 622
265 2 2 2 1 600 702 620
266 2 2 2 1 593 776 620
267 2 2 2 1 603 777 646
268 2 2 2 1 612 778 638
269 2 2 2 1 611 779 385
270 2 2 2 1 620 780 600
271 2 2 2 1 598 783 649
272 2 2 2 1 638 784 604
273 2 2 2 1 629 785 338
274 2 2 2 1 646 786 594
275 2 2 2 1 454 467 466
276 2 2 2 1 640 710 340
277 2 2 2 1 340 721 640
278 2 2 2 1 424 662 514
279 2 2 2 1 328 528 510
280 2 2 2 1 533 534 506
281 2 2 2 1 352 722 720
282 2 2 2 1 720 722 584
283 2 2 2 1 417 498 497
284 2 2 2 1 141 480 140
285 2 2 2 1 454 469 467
286 2 2 2 1 499 725 373
287 2 2 2 1 590 697 386
288 2 2 2 1 353 698 695
289 2 2 2 1 695 698 580
290 2 2 2 1 386 792 590
291 2 2 2 1 419 500 101
292 2 2 2 1 393 471 470
293 2 2 2 1 436 441 168
294 2 2 2 1 32 528 31
295 2 2 2 1 354 694 693
296 2 2 2 1 693 694 576
297 2 2 2 1 488 734 486
298 2 2 2 1 417 497 496
299 2 2 2 1 355 688 687
300 2 2 2 1 687 688 572
301 2 2 2 1 478 726 331
302 2 2 2 1 476 726 478
303 2 2 2 1 50 485 333
304 2 2 2 1 349 485 51
305 2 2 2 1 356 686 685
306 2 2 2 1 377 664 469
307 2 2 2 1 462 522 516
308 2 2 2 1 685 686 568
309 2 2 2 1 333 484 483
310 2 2 2 1 469 764 377
311 2 2 2 1 162 809 22
312 2 2 2 1 142 475 392
313 2 2 2 1 445 495 372
314 2 2 2 1 357 684 683
315 2 2 2 1 373 529 499
316 2 2 2 1 683 684 564
317 2 2 2 1 333 485 484
318 2 2 2 1 504 505 367
319 2 2 2 1 100 500 417
320 2 2 2 1 143 475 142
321 2 2 2 1 665 790 766
322 2 2 2 1 677 680 358
323 2 2 2 1 367 663 503
324 2 2 2 1 352 773 652
325 2 2 2 1 560 680 677
326 2 2 2 1 353 695 584
327 2 2 2 1 584 722 353
328 2 2 2 1 22 809 21
329 2 2 2 1 516 759 462
330 2 2 2 1 454 764 469
331 2 2 2 1 672 675 359
332 2 2 2 1 458 463 457
333 2 2 2 1 556 675 672
334 2 2 2 1 354 693 580
335 2 2 2 1 781 790 366
336 2 2 2 1 731 791 754
337 2 2 2 1 580 698 354
338 2 2 2 1 393 664 44
339 2 2 2 1 43 664 377
340 2 2 2 1 455 764 454
341 2 2 2 1 360 671 670
342 2 2 2 1 493 736 654
343 2 2 2 1 670 671 552
344 2 2 2 1 528 813 512
345 2 2 2 1 140 480 394
346 2 2 2 1 355 687 576
347 2 2 2 1 326 813 528
348 2 2 2 1 422 738 737
349 2 2 2 1 682 742 740
350 2 2 2 1 361 676 669
351 2 2 2 1 432 433 370
352 2 2 2 1 731 764 455
353 2 2 2 1 576 694 355
354 2 2 2 1 19 430 375
355 2 2 2 1 754 791 41
356 2 2 2 1 98 496 425
357 2 2 2 1 669 676 548
358 2 2 2 1 26 428 25
359 2 2 2 1 356 685 572
360 2 2 2 1 754 764 731
361 2 2 2 1 23 161 22
362 2 2 2 1 362 696 673
363 2 2 2 1 160 161 23
364 2 2 2 1 434 479 444
365 2 2 2 1 572 688 356
366 2 2 2 1 456 458 457
367 2 2 2 1 514 768 424
368 2 2 2 1 392 480 141
369 2 2 2 1 441 753 168
370 2 2 2 1 422 755 738
371 2 2 2 1 766 790 461
372 2 2 2 1 357 683 568
373 2 2 2 1 428 667 25
374 2 2 2 1 673 696 544
375 2 2 2 1 568 686 357
376 2 2 2 1 358 680 564
377 2 2 2 1 493 654 351
378 2 2 2 1 21 724 20
379 2 2 2 1 363 732 690
380 2 2 2 1 422 737 446
381 2 2 2 1 446 744 422
382 2 2 2 1 393 523 471
383 2 2 2 1 430 727 375
384 2 2 2 1 459 531 522
385 2 2 2 1 564 684 358
386 2 2 2 1 372 674 448
387 2 2 2 1 359 675 560
388 2 2 2 1 728 781 366
389 2 2 2 1 326 528 32
390 2 2 2 1 31 528 328
391 2 2 2 1 371 658 450
392 2 2 2 1 460 473 323
393 2 2 2 1 560 677 359
394 2 2 2 1 360 670 556
395 2 2 2 1 149 456 323
396 2 2 2 1 398 734 527
397 2 2 2 1 161 162 22
398 2 2 2 1 461 463 458
399 2 2 2 1 470 664 393
400 2 2 2 1 434 444 370
401 2 2 2 1 556 672 360
402 2 2 2 1 454 466 324
403 2 2 2 1 690 732 540
404 2 2 2 1 451 473 453
405 2 2 2 1 25 795 24
406 2 2 2 1 361 669 552
407 2 2 2 1 173 442 432
408 2 2 2 1 169 436 168
409 2 2 2 1 171 444 170
410 2 2 2 1 172 432 370
411 2 2 2 1 7 496 98
412 2 2 2 1 456 457 323
413 2 2 2 1 552 671 361
414 2 2 2 1 362 673 548
415 2 2 2 1 459 522 462
416 2 2 2 1 364 733 540
417 2 2 2 1 416 534 533
418 2 2 2 1 364 735 733
419 2 2 2 1 93 6 94
420 2 2 2 1 363 690 544
421 2 2 2 1 450 768 514
422 2 2 2 1 548 676 362
423 2 2 2 1 497 725 499
424 2 2 2 1 416 535 534
425 2 2 2 1 720 773 352
426 2 2 2 1 21 809 724
427 2 2 2 1 723 761 641
428 2 2 2 1 474 475 143
429 2 2 2 1 434 738 479
430 2 2 2 1 410 761 723
431 2 2 2 1 510 528 512
432 2 2 2 1 496 497 425
433 2 2 2 1 173 787 442
434 2 2 2 1 544 696 363
435 2 2 2 1 530 725 678
436 2 2 2 1 463 464 457
437 2 2 2 1 45 523 5
438 2 2 2 1 329 799 689
439 2 2 2 1 733 735 536
440 2 2 2 1 8 474 143
441 2 2 2 1 460 789 473
442 2 2 2 1 442 655 443
443 2 2 2 1 483 653 333
444 2 2 2 1 473 789 453
445 2 2 2 1 399 527 488
446 2 2 2 1 470 471 468
447 2 2 2 1 491 736 493
448 2 2 2 1 540 732 364
449 2 2 2 1 137 527 136
450 2 2 2 1 415 539 538
451 2 2 2 1 681 799 329
452 2 2 2 1 476 478 477
453 2 2 2 1 419 501 500
454 2 2 2 1 450 658 428
455 2 2 2 1 365 772 505
456 2 2 2 1 444 802 170
457 2 2 2 1 477 480 392
458 2 2 2 1 740 742 397
459 2 2 2 1 505 750 365
460 2 2 2 1 5 523 393
461 2 2 2 1 107 537 106
462 2 2 2 1 467 470 468
463 2 2 2 1 439 495 445
464 2 2 2 1 506 765 418
465 2 2 2 1 522 531 378
466 2 2 2 1 374 744 446
467 2 2 2 1 92 739 431
468 2 2 2 1 490 491 400
469 2 2 2 1 516 813 651
470 2 2 2 1 513 532 371
471 2 2 2 1 651 759 516
472 2 2 2 1 439 740 495
473 2 2 2 1 417 500 498
474 2 2 2 1 446 758 374
475 2 2 2 1 415 538 537
476 2 2 2 1 469 470 467
477 2 2 2 1 365 750 536
478 2 2 2 1 463 790 781
479 2 2 2 1 469 664 470
480 2 2 2 1 504 506 505
481 2 2 2 1 451 452 324
482 2 2 2 1 466 467 325
483 2 2 2 1 667 795 25
484 2 2 2 1 461 790 463
485 2 2 2 1 150 456 149
486 2 2 2 1 99 496 7
487 2 2 2 1 536 735 365
488 2 2 2 1 432 435 433
489 2 2 2 1 433 434 370
490 2 2 2 1 136 527 399
491 2 2 2 1 398 527 137
492 2 2 2 1 678 725 498
493 2 2 2 1 763 768 427
494 2 2 2 1 516 522 515
495 2 2 2 1 349 486 485
496 2 2 2 1 727 746 426
497 2 2 2 1 512 515 508
498 2 2 2 1 480 481 394
499 2 2 2 1 415 537 107
500 2 2 2 1 106 537 416
501 2 2 2 1 414 543 542
502 2 2 2 1 512 516 515
503 2 2 2 1 109 541 108
504 2 2 2 1 331 523 45
505 2 2 2 1 144 466 325
506 2 2 2 1 324 466 145
507 2 2 2 1 146 451 324
508 2 2 2 1 9 531 376
509 2 2 2 1 323 473 148
510 2 2 2 1 147 473 451
511 2 2 2 1 508 515 507
512 2 2 2 1 427 768 450
513 2 2 2 1 448 449 447
514 2 2 2 1 535 536 534
515 2 2 2 1 371 532 155
516 2 2 2 1 507 515 378
517 2 2 2 1 540 733 538
518 2 2 2 1 414 542 541
519 2 2 2 1 423 742 682
520 2 2 2 1 152 507 378
521 2 2 2 1 497 499 425
522 2 2 2 1 373 725 530
523 2 2 2 1 416 537 535
524 2 2 2 1 445 448 447
525 2 2 2 1 472 475 474
526 2 2 2 1 27 763 427
527 2 2 2 1 331 751 478
528 2 2 2 1 457 460 323
529 2 2 2 1 376 531 459
530 2 2 2 1 509 510 508
531 2 2 2 1 539 540 538
532 2 2 2 1 379 508 507
533 2 2 2 1 495 740 397
534 2 2 2 1 168 753 10
535 2 2 2 1 108 541 415
536 2 2 2 1 414 541 109
537 2 2 2 1 419 502 501
538 2 2 2 1 379 532 509
539 2 2 2 1 90 529 373
540 2 2 2 1 509 532 513
541 2 2 2 1 738 782 479
542 2 2 2 1 420 524 213
543 2 2 2 1 207 429 206
544 2 2 2 1 517 518 344
545 2 2 2 1 417 496 99
546 2 2 2 1 429 521 517
547 2 2 2 1 445 447 441
548 2 2 2 1 510 512 508
549 2 2 2 1 151 531 9
550 2 2 2 1 739 769 431
551 2 2 2 1 491 492 400
552 2 2 2 1 379 509 508
553 2 2 2 1 415 541 539
554 2 2 2 1 413 547 546
555 2 2 2 1 27 427 26
556 2 2 2 1 205 517 344
557 2 2 2 1 519 588 587
558 2 2 2 1 325 474 8
559 2 2 2 1 111 545 110
560 2 2 2 1 517 521 518
561 2 2 2 1 479 659 438
562 2 2 2 1 432 442 435
563 2 2 2 1 407 567 566
564 2 2 2 1 406 571 570
565 2 2 2 1 204 587 203
566 2 2 2 1 405 575 574
567 2 2 2 1 509 511 510
568 2 2 2 1 403 579 578
569 2 2 2 1 402 583 582
570 2 2 2 1 379 507 153
571 2 2 2 1 429 517 206
572 2 2 2 1 408 563 562
573 2 2 2 1 366 790 665
574 2 2 2 1 427 450 428
575 2 2 2 1 409 559 558
576 2 2 2 1 413 546 545
577 2 2 2 1 439 445 441
578 2 2 2 1 213 524 212
579 2 2 2 1 435 446 433
580 2 2 2 1 543 544 542
581 2 2 2 1 214 420 213
582 2 2 2 1 427 428 26
583 2 2 2 1 258 372 257
584 2 2 2 1 525 526 426
585 2 2 2 1 154 379 153
586 2 2 2 1 156 371 155
587 2 2 2 1 152 378 151
588 2 2 2 1 407 566 565
589 2 2 2 1 406 570 569
590 2 2 2 1 405 574 573
591 2 2 2 1 403 578 577
592 2 2 2 1 401 586 585
593 2 2 2 1 402 582 581
594 2 2 2 1 481 482 394
595 2 2 2 1 408 562 561
596 2 2 2 1 123 569 122
597 2 2 2 1 121 565 120
598 2 2 2 1 125 573 124
599 2 2 2 1 127 577 126
600 2 2 2 1 129 581 128
601 2 2 2 1 131 585 130
602 2 2 2 1 92 431 91
603 2 2 2 1 349 487 486
604 2 2 2 1 515 522 378
605 2 2 2 1 119 561 118
606 2 2 2 1 439 441 436
607 2 2 2 1 479 802 444
608 2 2 2 1 38 395 37
609 2 2 2 1 5 393 44
610 2 2 2 1 438 802 479
611 2 2 2 1 411 555 554
612 2 2 2 1 43 377 42
613 2 2 2 1 409 558 557
614 2 2 2 1 10 404 167
615 2 2 2 1 36 366 35
616 2 2 2 1 40 330 39
617 2 2 2 1 110 545 414
618 2 2 2 1 413 545 111
619 2 2 2 1 412 551 550
620 2 2 2 1 472 474 468
621 2 2 2 1 414 545 543
622 2 2 2 1 156 658 371
623 2 2 2 1 117 557 116
624 2 2 2 1 203 587 343
625 2 2 2 1 411 554 553
626 2 2 2 1 442 787 655
627 2 2 2 1 407 565 121
628 2 2 2 1 406 569 123
629 2 2 2 1 405 573 125
630 2 2 2 1 403 577 127
631 2 2 2 1 402 581 129
632 2 2 2 1 401 585 131
633 2 2 2 1 544 690 542
634 2 2 2 1 408 561 119
635 2 2 2 1 113 549 112
636 2 2 2 1 412 550 549
637 2 2 2 1 166 525 426
638 2 2 2 1 471 472 468
639 2 2 2 1 153 507 152
640 2 2 2 1 404 525 167
641 2 2 2 1 115 553 114
642 2 2 2 1 409 557 117
643 2 2 2 1 344 587 204
644 2 2 2 1 502 503 501
645 2 2 2 1 90 373 89
646 2 2 2 1 411 553 115
647 2 2 2 1 442 443 435
648 2 2 2 1 412 549 113
649 2 2 2 1 122 569 407
650 2 2 2 1 246 410 14
651 2 2 2 1 124 573 406
652 2 2 2 1 120 565 408
653 2 2 2 1 126 577 405
654 2 2 2 1 491 493 492
655 2 2 2 1 128 581 403
656 2 2 2 1 130 585 402
657 2 2 2 1 547 548 546
658 2 2 2 1 118 561 409
659 2 2 2 1 567 568 566
660 2 2 2 1 571 572 570
661 2 2 2 1 575 576 574
662 2 2 2 1 579 580 578
663 2 2 2 1 583 584 582
664 2 2 2 1 563 564 562
665 2 2 2 1 431 529 91
666 2 2 2 1 537 538 535
667 2 2 2 1 559 560 558
668 2 2 2 1 373 530 89
669 2 2 2 1 116 557 411
670 2 2 2 1 88 530 368
671 2 2 2 1 112 549 413
672 2 2 2 1 481 483 482
673 2 2 2 1 555 556 554
674 2 2 2 1 413 549 547
675 2 2 2 1 420 656 524
676 2 2 2 1 551 552 550
677 2 2 2 1 19 375 18
678 2 2 2 1 114 553 412
679 2 2 2 1 452 454 324
680 2 2 2 1 375 762 18
681 2 2 2 1 407 569 567
682 2 2 2 1 406 573 571
683 2 2 2 1 437 439 436
684 2 2 2 1 405 577 575
685 2 2 2 1 403 581 579
686 2 2 2 1 402 585 583
687 2 2 2 1 408 565 563
688 2 2 2 1 451 453 452
689 2 2 2 1 541 542 539
690 2 2 2 1 498 725 497
691 2 2 2 1 409 561 559
692 2 2 2 1 100 417 99
693 2 2 2 1 206 517 205
694 2 2 2 1 545 546 543
695 2 2 2 1 154 532 379
696 2 2 2 1 502 504 503
697 2 2 2 1 518 520 519
698 2 2 2 1 411 557 555
699 2 2 2 1 104 533 418
700 2 2 2 1 20 430 19
701 2 2 2 1 493 494 492
702 2 2 2 1 412 553 551
703 2 2 2 1 378 531 151
704 2 2 2 1 483 484 482
705 2 2 2 1 549 550 547
706 2 2 2 1 487 488 486
707 2 2 2 1 569 570 567
708 2 2 2 1 573 574 571
709 2 2 2 1 577 578 575
710 2 2 2 1 581 582 579
711 2 2 2 1 585 586 583
712 2 2 2 1 565 566 563
713 2 2 2 1 561 562 559
714 2 2 2 1 587 588 343
715 2 2 2 1 416 533 105
716 2 2 2 1 557 558 555
717 2 2 2 1 553 554 551
718 2 2 2 1 167 525 166
719 2 2 2 1 155 532 154
720 2 2 2 1 138 398 137
721 2 2 2 1 122 407 121
722 2 2 2 1 142 392 141
723 2 2 2 1 120 408 119
724 2 2 2 1 118 409 117
725 2 2 2 1 116 411 115
726 2 2 2 1 112 413 111
727 2 2 2 1 136 399 135
728 2 2 2 1 102 419 101
729 2 2 2 1 114 412 113
730 2 2 2 1 132 401 131
731 2 2 2 1 110 414 109
732 2 2 2 1 134 400 133
733 2 2 2 1 128 403 127
734 2 2 2 1 126 405 125
735 2 2 2 1 104 418 103
736 2 2 2 1 108 415 107
737 2 2 2 1 106 416 105
738 2 2 2 1 140 394 139
739 2 2 2 1 124 406 123
740 2 2 2 1 130 402 129
741 2 2 2 1 430 746 727
742 2 2 2 1 513 514 511
743 2 2 2 1 459 462 461
744 2 2 2 1 105 533 104
745 2 2 2 1 89 530 88
746 2 2 2 1 91 529 90
747 2 2 2 1 588 589 343
748 2 2 2 1 254 423 253
749 2 2 2 1 250 422 249
750 2 2 2 1 256 397 255
751 2 2 2 1 252 396 251
752 2 2 2 1 248 374 247
753 2 2 2 1 588 590 589
754 2 2 2 1 222 596 387
755 2 2 2 1 621 623 386
756 2 2 2 1 384 621 219
757 2 2 2 1 223 596 222
758 2 2 2 1 219 621 218
759 2 2 2 1 596 600 597
760 2 2 2 1 631 633 632
761 2 2 2 1 224 607 381
762 2 2 2 1 631 634 633
763 2 2 2 1 225 607 224
764 2 2 2 1 229 606 228
765 2 2 2 1 622 623 621
766 2 2 2 1 591 607 225
767 2 2 2 1 596 597 387
768 2 2 2 1 181 630 180
769 2 2 2 1 335 606 229
770 2 2 2 1 384 622 621
771 2 2 2 1 231 647 601
772 2 2 2 1 601 604 602
773 2 2 2 1 194 619 346
774 2 2 2 1 631 632 630
775 2 2 2 1 227 650 390
776 2 2 2 1 218 621 386
777 2 2 2 1 220 624 384
778 2 2 2 1 236 643 235
779 2 2 2 1 598 624 387
780 2 2 2 1 625 642 616
781 2 2 2 1 234 608 233
782 2 2 2 1 597 598 387
783 2 2 2 1 176 613 175
784 2 2 2 1 606 650 228
785 2 2 2 1 632 633 339
786 2 2 2 1 389 616 614
787 2 2 2 1 593 607 591
788 2 2 2 1 608 612 345
789 2 2 2 1 389 613 176
790 2 2 2 1 615 636 613
791 2 2 2 1 382 630 181
792 2 2 2 1 174 636 348
793 2 2 2 1 232 647 231
794 2 2 2 1 602 603 335
795 2 2 2 1 594 595 592
796 2 2 2 1 221 624 220
797 2 2 2 1 228 650 227
798 2 2 2 1 226 591 225
799 2 2 2 1 387 624 221
800 2 2 2 1 634 635 633
801 2 2 2 1 381 596 223
802 2 2 2 1 627 629 628
803 2 2 2 1 191 645 190
804 2 2 2 1 231 601 230
805 2 2 2 1 337 646 645
806 2 2 2 1 227 390 226
807 2 2 2 1 380 637 187
808 2 2 2 1 347 643 610
809 2 2 2 1 380 638 637
810 2 2 2 1 182 382 181
811 2 2 2 1 237 338 236
812 2 2 2 1 242 383 241
813 2 2 2 1 601 602 335
814 2 2 2 1 630 632 180
815 2 2 2 1 235 347 234
816 2 2 2 1 627 628 382
817 2 2 2 1 339 642 625
818 2 2 2 1 200 648 199
819 2 2 2 1 597 599 598
820 2 2 2 1 180 632 179
821 2 2 2 1 184 385 183
822 2 2 2 1 178 625 177
823 2 2 2 1 244 340 243
824 2 2 2 1 601 647 604
825 2 2 2 1 616 617 614
826 2 2 2 1 177 389 176
827 2 2 2 1 201 334 200
828 2 2 2 1 613 636 175
829 2 2 2 1 175 636 174
830 2 2 2 1 239 336 238
831 2 2 2 1 190 421 189
832 2 2 2 1 197 341 196
833 2 2 2 1 199 342 198
834 2 2 2 1 203 343 202
835 2 2 2 1 205 344 204
836 2 2 2 1 389 625 616
837 2 2 2 1 194 346 193
838 2 2 2 1 195 619 194
839 2 2 2 1 334 648 200
840 2 2 2 1 220 384 219
841 2 2 2 1 233 345 232
842 2 2 2 1 592 593 591
843 2 2 2 1 218 386 217
844 2 2 2 1 222 387 221
845 2 2 2 1 186 391 185
846 2 2 2 1 187 637 186
847 2 2 2 1 188 380 187
848 2 2 2 1 216 388 215
849 2 2 2 1 230 601 335
850 2 2 2 1 174 348 11
851 2 2 2 1 192 337 191
852 2 2 2 1 230 335 229
853 2 2 2 1 224 381 223
854 2 2 2 1 603 606 335
855 2 2 2 1 190 645 421
856 2 2 2 1 338 644 643
857 2 2 2 1 618 620 619
858 2 2 2 1 385 626 183
859 2 2 2 1 337 645 191
860 2 2 2 1 635 642 633
861 2 2 2 1 179 632 339
862 2 2 2 1 235 643 347
863 2 2 2 1 628 630 382
864 2 2 2 1 390 591 226
865 2 2 2 1 233 608 345
866 2 2 2 1 643 644 610
867 2 2 2 1 179 339 178
868 2 2 2 1 347 609 608
869 2 2 2 1 626 627 382
870 2 2 2 1 347 610 609
871 2 2 2 1 183 626 182
872 2 2 2 1 338 643 236
873 2 2 2 1 628 631 630
874 2 2 2 1 390 594 592
875 2 2 2 1 604 605 602
876 2 2 2 1 347 608 234
877 2 2 2 1 610 611 609
878 2 2 2 1 339 625 178
879 2 2 2 1 390 650 594
880 2 2 2 1 390 592 591
881 2 2 2 1 609 612 608
882 2 2 2 1 177 625 389
883 2 2 2 1 648 649 342
884 2 2 2 1 186 637 391
885 2 2 2 1 389 614 613
886 2 2 2 1 618 619 195
887 2 2 2 1 345 647 232
888 2 2 2 1 614 615 613
889 2 2 2 1 633 642 339
890 2 2 2 1 381 600 596
891 2 2 2 1 199 648 342
892 2 2 2 1 182 626 382
893 2 2 2 1 196 618 195
894 2 2 2 1 341 618 196
895 2 2 2 1 487 489 488
896 2 2 2 1 172 370 171
897 2 2 2 1 170 369 169
898 2 2 2 1 173 432 172
899 2 2 2 1 369 436 169
900 2 2 2 1 370 444 171
901 2 2 2 1 369 438 437
902 2 2 2 1 369 437 436
903 2 2 2 1 4 322 34
904 2 2 2 1 615 640 639
905 2 2 2 1 166 426 165
906 2 2 2 1 52 349 51
907 2 2 2 1 54 350 53
908 2 2 2 1 56 351 55
909 2 2 2 1 86 367 85
910 2 2 2 1 46 331 45
911 2 2 2 1 50 333 49
912 2 2 2 1 60 353 59
913 2 2 2 1 76 361 75
914 2 2 2 1 68 357 67
915 2 2 2 1 74 360 73
916 2 2 2 1 62 354 61
917 2 2 2 1 84 365 83
918 2 2 2 1 70 358 69
919 2 2 2 1 82 364 81
920 2 2 2 1 72 359 71
921 2 2 2 1 64 355 63
922 2 2 2 1 57 652 56
923 2 2 2 1 66 356 65
924 2 2 2 1 78 362 77
925 2 2 2 1 80 363 79
926 2 2 2 1 88 368 87
927 2 2 2 1 48 332 47
928 2 2 2 1 49 653 48
929 2 2 2 1 58 352 57
930 2 2 2 1 55 654 54
931 2 2 2 1 615 639 636
932 2 2 2 1 636 639 348
933 2 2 2 1 518 519 344
934 2 2 2 1 352 652 57
935 2 2 2 1 48 653 332
936 2 2 2 1 56 652 351
937 2 2 2 1 54 654 350
938 2 2 2 1 351 654 55
939 2 2 2 1 333 653 49
940 2 2 2 1 35 665 4
941 2 2 2 1 640 641 639
942 2 2 2 1 467 468 325
943 2 2 2 1 639 655 348
944 2 2 2 1 589 657 343
945 2 2 2 1 201 657 334
946 2 2 2 1 343 657 202
947 2 2 2 1 519 587 344
948 2 2 2 1 164 746 724
949 2 2 2 1 509 513 511
950 2 2 2 1 588 692 590
951 2 2 2 1 641 655 639
952 2 2 2 1 34 651 33
953 2 2 2 1 98 425 97
954 2 2 2 1 322 651 34
955 2 2 2 1 4 665 322
956 2 2 2 1 202 657 201
957 2 2 2 1 520 692 519
958 2 2 2 1 11 787 173
959 2 2 2 1 548 673 546
960 2 2 2 1 586 796 494
961 2 2 2 1 214 679 420
962 2 2 2 1 86 663 367
963 2 2 2 1 368 663 87
964 2 2 2 1 15 327 1
965 2 2 2 1 144 325 8
966 2 2 2 1 149 323 148
967 2 2 2 1 146 324 145
968 2 2 2 1 9 376 150
969 2 2 2 1 472 476 475
970 2 2 2 1 145 466 144
971 2 2 2 1 147 451 146
972 2 2 2 1 148 473 147
973 2 2 2 1 457 464 460
974 2 2 2 1 157 658 156
975 2 2 2 1 564 680 562
976 2 2 2 1 33 326 32
977 2 2 2 1 31 328 30
978 2 2 2 1 568 683 566
979 2 2 2 1 560 675 558
980 2 2 2 1 572 685 570
981 2 2 2 1 552 669 550
982 2 2 2 1 556 670 554
983 2 2 2 1 576 687 574
984 2 2 2 1 472 726 476
985 2 2 2 1 164 724 163
986 2 2 2 1 580 693 578
987 2 2 2 1 376 456 150
988 2 2 2 1 464 465 460
989 2 2 2 1 584 695 582
990 2 2 2 1 420 775 656
991 2 2 2 1 499 666 425
992 2 2 2 1 452 455 454
993 2 2 2 1 87 663 86
994 2 2 2 1 16 660 15
995 2 2 2 1 33 651 326
996 2 2 2 1 30 662 29
997 2 2 2 1 658 811 428
998 2 2 2 1 1 674 258
999 2 2 2 1 425 666 97
1000 2 2 2 1 551 670 552
1001 2 2 2 1 97 666 96
1002 2 2 2 1 74 671 360
1003 2 2 2 1 361 671 75
1004 2 2 2 1 388 679 215
1005 2 2 2 1 376 458 456
1006 2 2 2 1 376 459 458
1007 2 2 2 1 72 672 359
1008 2 2 2 1 360 672 73
1009 2 2 2 1 93 739 92
1010 2 2 2 1 555 675 556
1011 2 2 2 1 362 676 77
1012 2 2 2 1 76 676 361
1013 2 2 2 1 547 669 548
1014 2 2 2 1 359 677 71
1015 2 2 2 1 70 677 358
1016 2 2 2 1 559 680 560
1017 2 2 2 1 68 684 357
1018 2 2 2 1 358 684 69
1019 2 2 2 1 459 461 458
1020 2 2 2 1 66 686 356
1021 2 2 2 1 357 686 67
1022 2 2 2 1 386 697 217
1023 2 2 2 1 216 697 388
1024 2 2 2 1 631 714 634
1025 2 2 2 1 342 719 198
1026 2 2 2 1 421 704 189
1027 2 2 2 1 593 702 607
1028 2 2 2 1 603 716 606
1029 2 2 2 1 612 706 345
1030 2 2 2 1 239 711 336
1031 2 2 2 1 192 712 337
1032 2 2 2 1 647 706 604
1033 2 2 2 1 616 699 617
1034 2 2 2 1 184 709 385
1035 2 2 2 1 340 717 243
1036 2 2 2 1 188 704 380
1037 2 2 2 1 617 710 614
1038 2 2 2 1 391 709 185
1039 2 2 2 1 598 700 624
1040 2 2 2 1 629 714 628
1041 2 2 2 1 383 703 241
1042 2 2 2 1 611 707 609
1043 2 2 2 1 336 701 238
1044 2 2 2 1 635 699 642
1045 2 2 2 1 595 718 592
1046 2 2 2 1 237 701 338
1047 2 2 2 1 242 717 383
1048 2 2 2 1 626 705 627
1049 2 2 2 1 597 708 599
1050 2 2 2 1 346 712 193
1051 2 2 2 1 605 715 602
1052 2 2 2 1 197 719 341
1053 2 2 2 1 650 716 594
1054 2 2 2 1 384 700 622
1055 2 2 2 1 648 713 649
1056 2 2 2 1 381 702 600
1057 2 2 2 1 563 683 564
1058 2 2 2 1 17 440 16
1059 2 2 2 1 615 710 640
1060 2 2 2 1 356 688 65
1061 2 2 2 1 64 688 355
1062 2 2 2 1 244 721 340
1063 2 2 2 1 29 424 28
1064 2 2 2 1 355 694 63
1065 2 2 2 1 62 694 354
1066 2 2 2 1 567 685 568
1067 2 2 2 1 78 696 362
1068 2 2 2 1 363 696 79
1069 2 2 2 1 60 698 353
1070 2 2 2 1 354 698 61
1071 2 2 2 1 571 687 572
1072 2 2 2 1 353 722 59
1073 2 2 2 1 58 722 352
1074 2 2 2 1 575 693 576
1075 2 2 2 1 423 682 659
1076 2 2 2 1 579 695 580
1077 2 2 2 1 583 720 584
1078 2 2 2 1 15 660 327
1079 2 2 2 1 526 801 661
1080 2 2 2 1 375 812 762
1081 2 2 2 1 543 673 544
1082 2 2 2 1 328 662 30
1083 2 2 2 1 519 692 588
1084 2 2 2 1 80 732 363
1085 2 2 2 1 364 732 81
1086 2 2 2 1 468 474 325
1087 2 2 2 1 210 329 209
1088 2 2 2 1 478 816 477
1089 2 2 2 1 211 681 210
1090 2 2 2 1 490 806 399
1091 2 2 2 1 400 806 490
1092 2 2 2 1 82 735 364
1093 2 2 2 1 365 735 83
1094 2 2 2 1 589 691 657
1095 2 2 2 1 550 669 547
1096 2 2 2 1 554 670 551
1097 2 2 2 1 75 671 74
1098 2 2 2 1 209 689 208
1099 2 2 2 1 366 665 35
1100 2 2 2 1 327 674 1
1101 2 2 2 1 505 772 367
1102 2 2 2 1 546 673 543
1103 2 2 2 1 73 672 72
1104 2 2 2 1 530 678 368
1105 2 2 2 1 440 660 16
1106 2 2 2 1 558 675 555
1107 2 2 2 1 724 746 430
1108 2 2 2 1 440 661 660
1109 2 2 2 1 77 676 76
1110 2 2 2 1 623 792 386
1111 2 2 2 1 374 758 741
1112 2 2 2 1 29 662 424
1113 2 2 2 1 71 677 70
1114 2 2 2 1 562 680 559
1115 2 2 2 1 404 748 525
1116 2 2 2 1 215 679 214
1117 2 2 2 1 539 690 540
1118 2 2 2 1 536 750 534
1119 2 2 2 1 566 683 563
1120 2 2 2 1 438 682 437
1121 2 2 2 1 69 684 68
1122 2 2 2 1 482 745 394
1123 2 2 2 1 691 713 334
1124 2 2 2 1 570 685 567
1125 2 2 2 1 67 686 66
1126 2 2 2 1 574 687 571
1127 2 2 2 1 542 690 539
1128 2 2 2 1 394 745 139
1129 2 2 2 1 138 745 398
1130 2 2 2 1 65 688 64
1131 2 2 2 1 657 691 334
1132 2 2 2 1 578 693 575
1133 2 2 2 1 419 747 502
1134 2 2 2 1 63 694 62
1135 2 2 2 1 582 695 579
1136 2 2 2 1 79 696 78
1137 2 2 2 1 61 698 60
1138 2 2 2 1 594 786 595
1139 2 2 2 1 338 785 644
1140 2 2 2 1 599 783 598
1141 2 2 2 1 604 784 605
1142 2 2 2 1 217 697 216
1143 2 2 2 1 410 723 14
1144 2 2 2 1 600 708 597
1145 2 2 2 1 238 701 237
1146 2 2 2 1 241 703 240
1147 2 2 2 1 243 717 242
1148 2 2 2 1 345 706 647
1149 2 2 2 1 240 711 239
1150 2 2 2 1 189 704 188
1151 2 2 2 1 193 712 192
1152 2 2 2 1 602 715 603
1153 2 2 2 1 703 711 240
1154 2 2 2 1 385 705 626
1155 2 2 2 1 642 699 616
1156 2 2 2 1 624 700 384
1157 2 2 2 1 609 707 612
1158 2 2 2 1 614 710 615
1159 2 2 2 1 607 702 381
1160 2 2 2 1 185 709 184
1161 2 2 2 1 592 718 593
1162 2 2 2 1 628 714 631
1163 2 2 2 1 198 719 197
1164 2 2 2 1 334 713 648
1165 2 2 2 1 606 716 650
1166 2 2 2 1 586 720 583
1167 2 2 2 1 59 722 58
1168 2 2 2 1 245 721 244
1169 2 2 2 1 463 781 464
1170 2 2 2 1 14 723 245
1171 2 2 2 1 659 682 438
1172 2 2 2 1 20 724 430
1173 2 2 2 1 245 723 721
1174 2 2 2 1 102 747 419
1175 2 2 2 1 418 747 103
1176 2 2 2 1 426 746 165
1177 2 2 2 1 395 815 781
1178 2 2 2 1 661 767 526
1179 2 2 2 1 395 728 37
1180 2 2 2 1 38 729 395
1181 2 2 2 1 36 728 366
1182 2 2 2 1 330 729 39
1183 2 2 2 1 342 783 719
1184 2 2 2 1 712 786 337
1185 2 2 2 1 704 784 380
1186 2 2 2 1 705 785 627
1187 2 2 2 1 736 807 774
1188 2 2 2 1 477 816 668
1189 2 2 2 1 526 727 426
1190 2 2 2 1 523 726 471
1191 2 2 2 1 349 752 487
1192 2 2 2 1 332 751 47
1193 2 2 2 1 46 751 331
1194 2 2 2 1 535 733 536
1195 2 2 2 1 350 752 53
1196 2 2 2 1 52 752 349
1197 2 2 2 1 492 756 400
1198 2 2 2 1 534 750 506
1199 2 2 2 1 401 796 586
1200 2 2 2 1 37 728 36
1201 2 2 2 1 39 729 38
1202 2 2 2 1 400 756 133
1203 2 2 2 1 132 756 401
1204 2 2 2 1 258 674 372
1205 2 2 2 1 81 732 80
1206 2 2 2 1 521 775 518
1207 2 2 2 1 368 760 663
1208 2 2 2 1 730 731 455
1209 2 2 2 1 656 775 521
1210 2 2 2 1 538 733 535
1211 2 2 2 1 210 681 329
1212 2 2 2 1 329 689 209
1213 2 2 2 1 471 726 472
1214 2 2 2 1 682 740 437
1215 2 2 2 1 453 730 452
1216 2 2 2 1 715 777 603
1217 2 2 2 1 707 778 612
1218 2 2 2 1 385 779 705
1219 2 2 2 1 718 776 593
1220 2 2 2 1 600 780 708
1221 2 2 2 1 663 760 503
1222 2 2 2 1 83 735 82
1223 2 2 2 1 452 730 455
1224 2 2 2 1 800 815 729
1225 2 2 2 1 719 783 599
1226 2 2 2 1 595 786 712
1227 2 2 2 1 605 784 704
1228 2 2 2 1 644 785 705
1229 2 2 2 1 654 736 350
1230 2 2 2 1 435 758 446
1231 2 2 2 1 331 726 523
1232 2 2 2 1 773 788 652
1233 2 2 2 1 3 763 27
1234 2 2 2 1 433 737 434
1235 2 2 2 1 504 765 506
1236 2 2 2 1 18 762 2
1237 2 2 2 1 399 806 135
1238 2 2 2 1 134 806 400
1239 2 2 2 1 84 772 365
1240 2 2 2 1 367 772 85
1241 2 2 2 1 619 776 346
1242 2 2 2 1 644 779 610
1243 2 2 2 1 637 778 391
1244 2 2 2 1 645 777 421
1245 2 2 2 1 341 780 618
1246 2 2 2 1 170 802 369
1247 2 2 2 1 158 811 157
1248 2 2 2 1 589 792 691
1249 2 2 2 1 758 808 741
1250 2 2 2 1 95 739 94
1251 2 2 2 1 655 787 348
1252 2 2 2 1 446 737 433
1253 2 2 2 1 655 761 443
1254 2 2 2 1 212 794 13
1255 2 2 2 1 12 793 207
1256 2 2 2 1 437 740 439
1257 2 2 2 1 395 781 728
1258 2 2 2 1 661 749 660
1259 2 2 2 1 42 754 41
1260 2 2 2 1 666 810 769
1261 2 2 2 1 351 788 493
1262 2 2 2 1 659 743 423
1263 2 2 2 1 667 811 158
1264 2 2 2 1 737 738 434
1265 2 2 2 1 2 762 17
1266 2 2 2 1 691 792 623
1267 2 2 2 1 494 773 586
1268 2 2 2 1 666 769 96
1269 2 2 2 1 374 741 247
1270 2 2 2 1 247 741 246
1271 2 2 2 1 28 763 3
1272 2 2 2 1 246 741 410
1273 2 2 2 1 254 742 423
1274 2 2 2 1 423 743 253
1275 2 2 2 1 422 744 249
1276 2 2 2 1 397 742 255
1277 2 2 2 1 252 743 396
1278 2 2 2 1 248 744 374
1279 2 2 2 1 253 743 252
1280 2 2 2 1 255 742 254
1281 2 2 2 1 249 744 248
1282 2 2 2 1 139 745 138
1283 2 2 2 1 346 776 718
1284 2 2 2 1 705 779 644
1285 2 2 2 1 391 778 707
1286 2 2 2 1 421 777 715
1287 2 2 2 1 708 780 341
1288 2 2 2 1 795 805 24
1289 2 2 2 1 641 761 655
1290 2 2 2 1 165 746 164
1291 2 2 2 1 495 771 372
1292 2 2 2 1 465 815 800
1293 2 2 2 1 94 739 93
1294 2 2 2 1 41 791 40
1295 2 2 2 1 774 807 489
1296 2 2 2 1 250 755 422
1297 2 2 2 1 396 755 251
1298 2 2 2 1 506 750 505
1299 2 2 2 1 103 747 102
1300 2 2 2 1 397 771 495
1301 2 2 2 1 13 794 211
1302 2 2 2 1 208 793 12
1303 2 2 2 1 651 813 326
1304 2 2 2 1 525 748 526
1305 2 2 2 1 653 804 332
1306 2 2 2 1 447 753 441
1307 2 2 2 1 489 807 490
1308 2 2 2 1 372 771 257
1309 2 2 2 1 481 804 483
1310 2 2 2 1 10 753 404
1311 2 2 2 1 428 811 667
1312 2 2 2 1 47 751 46
1313 2 2 2 1 377 754 42
1314 2 2 2 1 53 752 52
1315 2 2 2 1 256 771 397
1316 2 2 2 1 462 766 461
1317 2 2 2 1 736 774 350
1318 2 2 2 1 251 755 250
1319 2 2 2 1 503 760 501
1320 2 2 2 1 753 814 404
1321 2 2 2 1 332 804 668
1322 2 2 2 1 447 814 753
1323 2 2 2 1 781 815 464
1324 2 2 2 1 660 749 327
1325 2 2 2 1 493 788 494
1326 2 2 2 1 738 755 396
1327 2 2 2 1 668 804 481
1328 2 2 2 1 418 765 747
1329 2 2 2 1 133 756 132
1330 2 2 2 1 443 758 435
1331 2 2 2 1 674 803 448
1332 2 2 2 1 484 770 482
1333 2 2 2 1 424 768 763
1334 2 2 2 1 207 793 429
1335 2 2 2 1 327 803 674
1336 2 2 2 1 524 794 212
1337 2 2 2 1 724 809 163
1338 2 2 2 1 350 774 752
1339 2 2 2 1 322 759 651
1340 2 2 2 1 377 764 754
1341 2 2 2 1 659 782 743
1342 2 2 2 1 24 805 23
1343 2 2 2 1 756 796 401
1344 2 2 2 1 760 797 501
1345 2 2 2 1 483 804 653
1346 2 2 2 1 95 769 739
1347 2 2 2 1 729 815 395
1348 2 2 2 1 743 782 396
1349 2 2 2 1 448 803 449
1350 2 2 2 1 23 805 160
1351 2 2 2 1 769 810 431
1352 2 2 2 1 404 814 748
1353 2 2 2 1 501 797 500
1354 2 2 2 1 322 766 759
1355 2 2 2 1 396 782 738
1356 2 2 2 1 490 807 491
1357 2 2 2 1 453 757 730
1358 2 2 2 1 734 770 484
1359 2 2 2 1 500 797 498
1360 2 2 2 1 502 765 504
1361 2 2 2 1 529 810 499
1362 2 2 2 1 512 813 516
1363 2 2 2 1 678 797 760
1364 2 2 2 1 745 770 398
1365 2 2 2 1 678 760 368
1366 2 2 2 1 17 762 440
1367 2 2 2 1 424 763 28
1368 2 2 2 1 757 800 798
1369 2 2 2 1 96 769 95
1370 2 2 2 1 332 816 751
1371 2 2 2 1 759 766 462
1372 2 2 2 1 665 766 322
1373 2 2 2 1 257 771 256
1374 2 2 2 1 518 775 520
1375 2 2 2 1 85 772 84
1376 2 2 2 1 440 812 661
1377 2 2 2 1 487 774 489
1378 2 2 2 1 40 791 330
1379 2 2 2 1 160 805 159
1380 2 2 2 1 681 794 524
1381 2 2 2 1 618 780 620
1382 2 2 2 1 638 778 637
1383 2 2 2 1 646 777 645
1384 2 2 2 1 620 776 619
1385 2 2 2 1 610 779 611
1386 2 2 2 1 449 814 447
1387 2 2 2 1 429 793 689
1388 2 2 2 1 649 783 342
1389 2 2 2 1 337 786 646
1390 2 2 2 1 627 785 629
1391 2 2 2 1 380 784 638
1392 2 2 2 1 521 799 656
1393 2 2 2 1 465 789 460
1394 2 2 2 1 348 787 11
1395 2 2 2 1 590 792 589
1396 2 2 2 1 652 788 351
1397 2 2 2 1 494 796 492
1398 2 2 2 1 159 795 158
1399 2 2 2 1 159 805 795
1400 2 2 2 1 431 810 529
1401 2 2 2 1 499 810 666
1402 2 2 2 1 747 765 502
1403 2 2 2 1 479 782 659
1404 2 2 2 1 369 802 438
1405 2 2 2 1 135 806 134
1406 2 2 2 1 748 801 526
1407 2 2 2 1 163 809 162
1408 2 2 2 1 526 767 727
1409 2 2 2 1 727 767 375
1410 2 2 2 1 158 795 667
1411 2 2 2 1 157 811 658
1412 2 2 2 1 586 773 720
1413 2 2 2 1 730 798 731
1414 2 2 2 1 752 774 487
1415 2 2 2 1 464 815 465
1416 2 2 2 1 798 800 330
1417 2 2 2 1 211 794 681
1418 2 2 2 1 689 793 208
1419 2 2 2 1 398 770 734
1420 2 2 2 1 498 797 678
1421 2 2 2 1 741 808 410
1422 2 2 2 1 661 801 749
1423 2 2 2 1 330 800 729
1424 2 2 2 1 494 788 773
1425 2 2 2 1 668 816 332
1426 2 2 2 1 449 801 748
1427 2 2 2 1 492 796 756
1428 2 2 2 1 482 770 745
1429 2 2 2 1 749 801 449
1430 2 2 2 1 757 798 730
1431 2 2 2 1 491 807 736
1432 2 2 2 1 748 814 449
1433 2 2 2 1 449 803 749
1434 2 2 2 1 751 816 478
1435 2 2 2 1 410 808 761
1436 2 2 2 1 661 812 767
1437 2 2 2 1 443 808 758
1438 2 2 2 1 757 789 465
1439 2 2 2 1 453 789 757
1440 2 2 2 1 749 803 327
1441 2 2 2 1 762 812 440
1442 2 2 2 1 465 800 757
1443 2 2 2 1 761 808 443
1444 2 2 2 1 731 798 791
1445 2 2 2 1 791 798 330
1446 2 2 2 1 767 812 375
1447 2 2 3 2 259 823 18
1448 2 2 3 2 27 822 264
1449 2 2 3 2 2 259 18
1450 2 2 3 2 3 27 264
1451 2 2 3 2 26 822 27
1452 2 2 3 2 18 823 19
1453 2 2 3 2 817 826 825
1454 2 2 3 2 818 825 824
1455 2 2 3 2 818 824 262
1456 2 2 3 2 824 826 819
1457 2 2 3 2 825 826 824
1458 2 2 3 2 261 824 819
1459 2 2 3 2 261 819 260
1460 2 2 3 2 263 818 262
1461 2 2 3 2 262 824 261
1462 2 2 3 2 22 817 23
1463 2 2 3 2 20 821 21
1464 2 2 3 2 24 820 25
1465 2 2 3 2 822 834 264
1466 2 2 3 2 259 833 823
1467 2 2 3 2 826 830 821
1468 2 2 3 2 820 829 825
1469 2 2 3 2 825 829 817
1470 2 2 3 2 817 830 826
1471 2 2 3 2 821 832 826
1472 2 2 3 2 825 831 820
1473 2 2 3 2 264 834 263
1474 2 2 3 2 260 833 259
1475 2 2 3 2 826 832 819
1476 2 2 3 2 818 831 825
1477 2 2 3 2 26 827 822
1478 2 2 3 2 823 828 19
1479 2 2 3 2 25 827 26
1480 2 2 3 2 19 828 20
1481 2 2 3 2 20 828 821
1482 2 2 3 2 820 827 25
1483 2 2 3 2 23 829 24
1484 2 2 3 2 21 830 22
1485 2 2 3 2 817 829 23
1486 2 2 3 2 22 830 817
1487 2 2 3 2 24 829 820
1488 2 2 3 2 821 830 21
1489 2 2 3 2 819 833 260
1490 2 2 3 2 263 834 818
1491 2 2 3 2 827 831 822
1492 2 2 3 2 823 832 828
1493 2 2 3 2 831 834 822
1494 2 2 3 2 823 833 832
1495 2 2 3 2 828 832 821
1496 2 2 3 2 820 831 827
1497 2 2 3 2 818 834 831
1498 2 2 3 2 832 833 819
1499 2 2 1 3 1815 2584 2253
1500 2 2 1 3 1819 2577 2447
1501 2 2 1 3 2253 2584 853
1502 2 2 1 3 312 2008 311
1503 2 2 1 3 2047 2285 1820
1504 2 2 1 3 2124 2254 1548
1505 2 2 1 3 2131 2562 845
1506 2 2 1 3 2301 2634 2140
1507 2 2 1 3 1970 2556 1728
1508 2 2 1 3 1822 2311 895
1509 2 2 1 3 1937 1939 1729
1510 2 2 1 3 895 2579 1822
1511 2 2 1 3 1834 1889 896
1512 2 2 1 3 1830 2008 851
1513 2 2 1 3 842 2285 2047
1514 2 2 1 3 1728 2556 1729
1515 2 2 1 3 1831 1909 846
1516 2 2 1 3 851 2007 1830
1517 2 2 1 3 896 1889 144
1518 2 2 1 3 1824 2634 2301
1519 2 2 1 3 838 1892 1832
1520 2 2 1 3 1808 2575 2574
1521 2 2 1 3 1837 2633 867
1522 2 2 1 3 869 2599 1843
1523 2 2 1 3 2447 2577 868
1524 2 2 1 3 1638 2301 2140
1525 2 2 1 3 839 1912 1835
1526 2 2 1 3 846 1910 1831
1527 2 2 1 3 1556 1910 1581
1528 2 2 1 3 1832 1893 838
1529 2 2 1 3 102 1995 103
1530 2 2 1 3 2122 2254 2124
1531 2 2 1 3 2095 2097 1735
1532 2 2 1 3 2008 2010 880
1533 2 2 1 3 144 1889 145
1534 2 2 1 3 871 1940 1939
1535 2 2 1 3 2010 2609 880
1536 2 2 1 3 868 2570 2447
1537 2 2 1 3 1939 1940 1729
1538 2 2 1 3 1847 1992 1812
1539 2 2 1 3 2130 2562 2131
1540 2 2 1 3 855 2578 2245
1541 2 2 1 3 855 2245 2244
1542 2 2 1 3 851 2008 312
1543 2 2 1 3 311 2008 880
1544 2 2 1 3 896 1890 1834
1545 2 2 1 3 2093 2570 868
1546 2 2 1 3 1835 1913 839
1547 2 2 1 3 1841 2642 837
1548 2 2 1 3 1843 2599 901
1549 2 2 1 3 1838 2633 1837
1550 2 2 1 3 1726 2454 2010
1551 2 2 1 3 1843 2548 869
1552 2 2 1 3 867 1862 1837
1553 2 2 1 3 1724 2007 1725
1554 2 2 1 3 1847 2592 1992
1555 2 2 1 3 192 2135 193
1556 2 2 1 3 1670 1913 1671
1557 2 2 1 3 1548 2386 2124
1558 2 2 1 3 871 2586 1940
1559 2 2 1 3 2097 2472 1735
1560 2 2 1 3 206 1938 207
1561 2 2 1 3 272 2577 1840
1562 2 2 1 3 1737 2589 2583
1563 2 2 1 3 890 2560 1828
1564 2 2 1 3 1574 1890 1573
1565 2 2 1 3 837 2483 1841
1566 2 2 1 3 2539 2580 1994
1567 2 2 1 3 1840 2625 272
1568 2 2 1 3 1581 1910 1789
1569 2 2 1 3 1831 1910 1556
1570 2 2 1 3 2320 2327 1469
1571 2 2 1 3 279 2144 278
1572 2 2 1 3 298 1912 839
1573 2 2 1 3 2122 2549 2254
1574 2 2 1 3 1823 2326 1947
1575 2 2 1 3 2574 2598 1808
1576 2 2 1 3 103 1995 897
1577 2 2 1 3 902 1995 102
1578 2 2 1 3 155 1893 156
1579 2 2 1 3 1830 2007 1724
1580 2 2 1 3 1842 2285 842
1581 2 2 1 3 1828 2619 890
1582 2 2 1 3 1638 2140 2139
1583 2 2 1 3 2024 2289 2280
1584 2 2 1 3 876 2323 1846
1585 2 2 1 3 2326 2327 1947
1586 2 2 1 3 143 2535 8
1587 2 2 1 3 1844 2642 1841
1588 2 2 1 3 1738 2143 2142
1589 2 2 1 3 1891 1897 1817
1590 2 2 1 3 901 2305 1843
1591 2 2 1 3 153 1894 154
1592 2 2 1 3 1808 2608 2575
1593 2 2 1 3 837 2572 2483
1594 2 2 1 3 2010 2454 1769
1595 2 2 1 3 1414 2561 1391
1596 2 2 1 3 1833 1876 1875
1597 2 2 1 3 842 2568 1842
1598 2 2 1 3 2142 2144 1738
1599 2 2 1 3 1938 2624 207
1600 2 2 1 3 2583 2589 2087
1601 2 2 1 3 904 1849 847
1602 2 2 1 3 1840 2577 1819
1603 2 2 1 3 847 1849 1845
1604 2 2 1 3 1726 2010 1830
1605 2 2 1 3 1994 1995 902
1606 2 2 1 3 905 1849 904
1607 2 2 1 3 2135 2564 193
1608 2 2 1 3 2007 2009 1725
1609 2 2 1 3 1994 2580 1995
1610 2 2 1 3 845 2613 2131
1611 2 2 1 3 885 2610 2590
1612 2 2 1 3 1717 1913 1670
1613 2 2 1 3 1671 1913 1835
1614 2 2 1 3 1729 2556 1937
1615 2 2 1 3 861 2611 2591
1616 2 2 1 3 867 2569 1862
1617 2 2 1 3 1834 1890 1574
1618 2 2 1 3 890 2135 192
1619 2 2 1 3 2483 2572 1809
1620 2 2 1 3 265 99 7
1621 2 2 1 3 883 2549 2122
1622 2 2 1 3 2139 2553 1638
1623 2 2 1 3 1240 1901 1848
1624 2 2 1 3 201 1918 865
1625 2 2 1 3 1813 2327 2320
1626 2 2 1 3 1469 2327 2326
1627 2 2 1 3 278 2144 2142
1628 2 2 1 3 857 2144 279
1629 2 2 1 3 1573 1890 1845
1630 2 2 1 3 838 1893 155
1631 2 2 1 3 156 1893 894
1632 2 2 1 3 1393 2551 1394
1633 2 2 1 3 1833 1892 1876
1634 2 2 1 3 1845 2535 847
1635 2 2 1 3 1848 1901 1850
1636 2 2 1 3 1850 1901 992
1637 2 2 1 3 302 2642 1844
1638 2 2 1 3 299 1912 298
1639 2 2 1 3 2612 2615 2368
1640 2 2 1 3 188 2051 189
1641 2 2 1 3 10 2633 2597
1642 2 2 1 3 1414 1897 1891
1643 2 2 1 3 1562 2426 1902
1644 2 2 1 3 291 2606 2582
1645 2 2 1 3 893 1894 153
1646 2 2 1 3 1862 2569 1814
1647 2 2 1 3 8 2535 896
1648 2 2 1 3 2590 2610 1825
1649 2 2 1 3 2591 2611 1826
1650 2 2 1 3 1833 1891 1817
1651 2 2 1 3 1844 2620 302
1652 2 2 1 3 905 2544 1849
1653 2 2 1 3 907 2544 905
1654 2 2 1 3 1891 2561 1414
1655 2 2 1 3 154 1894 838
1656 2 2 1 3 1909 2579 895
1657 2 2 1 3 2024 2586 2289
1658 2 2 1 3 1571 1943 1565
1659 2 2 1 3 200 1918 201
1660 2 2 1 3 1409 2537 1404
1661 2 2 1 3 1848 1943 1240
1662 2 2 1 3 2567 2593 1836
1663 2 2 1 3 1875 1891 1833
1664 2 2 1 3 1910 2559 1789
1665 2 2 1 3 917 1854 915
1666 2 2 1 3 1874 2551 1393
1667 2 2 1 3 1851 1853 1127
1668 2 2 1 3 873 2615 2612
1669 2 2 1 3 1832 1892 1833
1670 2 2 1 3 2398 2632 1966
1671 2 2 1 3 923 2429 921
1672 2 2 1 3 1902 2426 1850
1673 2 2 1 3 1878 2417 1569
1674 2 2 1 3 1964 1966 1761
1675 2 2 1 3 1966 2603 2398
1676 2 2 1 3 895 2617 1909
1677 2 2 1 3 992 1902 1850
1678 2 2 1 3 1923 2534 1857
1679 2 2 1 3 1789 2559 2555
1680 2 2 1 3 921 2429 1881
1681 2 2 1 3 1965 2557 2548
1682 2 2 1 3 1073 1859 1099
1683 2 2 1 3 1846 2576 876
1684 2 2 1 3 1865 2537 1409
1685 2 2 1 3 1127 1881 1851
1686 2 2 1 3 2050 2051 188
1687 2 2 1 3 189 2051 835
1688 2 2 1 3 921 1881 919
1689 2 2 1 3 1980 2370 1855
1690 2 2 1 3 1830 2010 2008
1691 2 2 1 3 1216 1923 1855
1692 2 2 1 3 2606 2634 1829
1693 2 2 1 3 1855 2370 1216
1694 2 2 1 3 2526 2536 1854
1695 2 2 1 3 1127 1854 917
1696 2 2 1 3 1358 2370 1980
1697 2 2 1 3 1853 1854 1127
1698 2 2 1 3 1123 1880 1122
1699 2 2 1 3 1902 2536 2526
1700 2 2 1 3 1856 1880 1123
1701 2 2 1 3 1859 2417 1878
1702 2 2 1 3 1122 1880 1145
1703 2 2 1 3 1123 1858 1856
1704 2 2 1 3 1827 2570 2093
1705 2 2 1 3 1596 2491 1374
1706 2 2 1 3 2597 2633 1838
1707 2 2 1 3 902 2643 1994
1708 2 2 1 3 1596 1948 1882
1709 2 2 1 3 1565 1943 1848
1710 2 2 1 3 2548 2557 869
1711 2 2 1 3 1751 1943 1571
1712 2 2 1 3 1216 2534 1923
1713 2 2 1 3 1375 2531 2529
1714 2 2 1 3 2582 2606 1829
1715 2 2 1 3 876 2626 2323
1716 2 2 1 3 919 1881 1127
1717 2 2 1 3 1761 2585 1964
1718 2 2 1 3 1882 2491 1596
1719 2 2 1 3 2006 2009 2007
1720 2 2 1 3 879 2009 2006
1721 2 2 1 3 1902 2526 1562
1722 2 2 1 3 880 2609 2568
1723 2 2 1 3 841 2592 1847
1724 2 2 1 3 1391 2561 1393
1725 2 2 1 3 1259 2030 1860
1726 2 2 1 3 1099 1859 1123
1727 2 2 1 3 1820 2631 2047
1728 2 2 1 3 1837 1863 1561
1729 2 2 1 3 926 2429 923
1730 2 2 1 3 1971 2542 2453
1731 2 2 1 3 1765 2504 2029
1732 2 2 1 3 1974 2453 1801
1733 2 2 1 3 1861 2030 1237
1734 2 2 1 3 1886 1998 1361
1735 2 2 1 3 1237 2029 1861
1736 2 2 1 3 1397 2550 1398
1737 2 2 1 3 1754 2051 2050
1738 2 2 1 3 1885 1998 1886
1739 2 2 1 3 1133 1998 1885
1740 2 2 1 3 1735 2638 2095
1741 2 2 1 3 1408 2466 1883
1742 2 2 1 3 1862 1863 1837
1743 2 2 1 3 1779 2342 2341
1744 2 2 1 3 1829 2634 1824
1745 2 2 1 3 1749 1862 1814
1746 2 2 1 3 1879 2003 1438
1747 2 2 1 3 1242 2431 2026
1748 2 2 1 3 1201 2546 2545
1749 2 2 1 3 1073 2417 1859
1750 2 2 1 3 2545 2546 1852
1751 2 2 1 3 1404 2537 1408
1752 2 2 1 3 1242 2002 1887
1753 2 2 1 3 1801 2450 1974
1754 2 2 1 3 1877 2550 1397
1755 2 2 1 3 1307 1914 1864
1756 2 2 1 3 1648 2341 2195
1757 2 2 1 3 1749 1863 1862
1758 2 2 1 3 1549 1940 1696
1759 2 2 1 3 1569 2529 1878
1760 2 2 1 3 1123 1859 1858
1761 2 2 1 3 1884 1906 1186
1762 2 2 1 3 1729 1940 1549
1763 2 2 1 3 1186 1906 1146
1764 2 2 1 3 1887 2431 1242
1765 2 2 1 3 2242 2277 1764
1766 2 2 1 3 2093 2602 1827
1767 2 2 1 3 1394 2551 1397
1768 2 2 1 3 1860 2341 1259
1769 2 2 1 3 2029 2504 1861
1770 2 2 1 3 857 2563 2144
1771 2 2 1 3 1864 1915 1307
1772 2 2 1 3 847 2535 143
1773 2 2 1 3 1240 2544 907
1774 2 2 1 3 1191 2030 1259
1775 2 2 1 3 2002 2003 1887
1776 2 2 1 3 1915 2384 1186
1777 2 2 1 3 1407 1898 1415
1778 2 2 1 3 1716 2003 1879
1779 2 2 1 3 1361 2052 1886
1780 2 2 1 3 1854 2536 915
1781 2 2 1 3 1124 2462 1100
1782 2 2 1 3 1885 2277 1133
1783 2 2 1 3 1237 2030 1191
1784 2 2 1 3 863 2593 2567
1785 2 2 1 3 1857 2534 1880
1786 2 2 1 3 1863 1921 1561
1787 2 2 1 3 1806 2458 1804
1788 2 2 1 3 1883 1898 1408
1789 2 2 1 3 1909 2617 846
1790 2 2 1 3 2034 2412 2036
1791 2 2 1 3 1890 2535 1845
1792 2 2 1 3 1438 2277 1879
1793 2 2 1 3 1804 2458 1808
1794 2 2 1 3 1864 2384 1915
1795 2 2 1 3 1146 1906 1124
1796 2 2 1 3 2529 2531 1878
1797 2 2 1 3 1374 2491 2195
1798 2 2 1 3 1186 2384 1884
1799 2 2 1 3 1447 2040 2036
1800 2 2 1 3 1851 1881 1852
1801 2 2 1 3 1779 2341 1648
1802 2 2 1 3 2038 2089 1666
1803 2 2 1 3 9 855 151
1804 2 2 1 3 1948 2529 1882
1805 2 2 1 3 1033 2533 2451
1806 2 2 1 3 1572 1574 1573
1807 2 2 1 3 1996 2328 2052
1808 2 2 1 3 1899 2089 1258
1809 2 2 1 3 1666 2089 1899
1810 2 2 1 3 1860 2030 1762
1811 2 2 1 3 1762 2030 1861
1812 2 2 1 3 1572 1883 1575
1813 2 2 1 3 1710 1888 1834
1814 2 2 1 3 2036 2412 1447
1815 2 2 1 3 2341 2342 1259
1816 2 2 1 3 1887 2003 1716
1817 2 2 1 3 1408 1898 1407
1818 2 2 1 3 1888 1889 1834
1819 2 2 1 3 1598 2528 2028
1820 2 2 1 3 2420 2503 1976
1821 2 2 1 3 1415 1898 1485
1822 2 2 1 3 924 2164 993
1823 2 2 1 3 1307 1921 1914
1824 2 2 1 3 1764 2277 1885
1825 2 2 1 3 1879 2277 2242
1826 2 2 1 3 1847 2650 841
1827 2 2 1 3 1622 2226 2196
1828 2 2 1 3 1575 1710 1574
1829 2 2 1 3 1914 1921 1863
1830 2 2 1 3 1904 2408 1731
1831 2 2 1 3 1864 1914 1613
1832 2 2 1 3 173 869 11
1833 2 2 1 3 1906 2462 1124
1834 2 2 1 3 2026 2431 1598
1835 2 2 1 3 1803 1888 1710
1836 2 2 1 3 2195 2491 1648
1837 2 2 1 3 1572 1575 1574
1838 2 2 1 3 2187 2511 2186
1839 2 2 1 3 2244 2245 1867
1840 2 2 1 3 2195 2341 1860
1841 2 2 1 3 1710 1834 1574
1842 2 2 1 3 1570 1883 1572
1843 2 2 1 3 1570 1572 1571
1844 2 2 1 3 1447 2164 2040
1845 2 2 1 3 909 1901 1240
1846 2 2 1 3 1882 2529 1569
1847 2 2 1 3 2037 2196 1329
1848 2 2 1 3 1666 2196 2038
1849 2 2 1 3 2453 2542 1801
1850 2 2 1 3 2040 2457 2416
1851 2 2 1 3 1150 2471 2403
1852 2 2 1 3 1780 2408 1904
1853 2 2 1 3 2547 2550 1877
1854 2 2 1 3 1655 2456 1794
1855 2 2 1 3 864 2517 135
1856 2 2 1 3 1414 2349 1897
1857 2 2 1 3 1732 2392 2018
1858 2 2 1 3 1711 1803 1710
1859 2 2 1 3 2003 2210 1438
1860 2 2 1 3 1572 1573 1571
1861 2 2 1 3 2002 2210 2003
1862 2 2 1 3 2166 2448 864
1863 2 2 1 3 2428 2480 1694
1864 2 2 1 3 2445 2448 2166
1865 2 2 1 3 838 1894 1892
1866 2 2 1 3 2052 2328 1763
1867 2 2 1 3 992 2536 1902
1868 2 2 1 3 1895 2430 1223
1869 2 2 1 3 1880 2534 1145
1870 2 2 1 3 1613 1914 1749
1871 2 2 1 3 1401 1404 1403
1872 2 2 1 3 1907 2414 1101
1873 2 2 1 3 1896 2425 1771
1874 2 2 1 3 1223 2430 2427
1875 2 2 1 3 1101 2414 1928
1876 2 2 1 3 1886 2504 1765
1877 2 2 1 3 2018 2019 1732
1878 2 2 1 3 896 2535 1890
1879 2 2 1 3 1424 1921 1306
1880 2 2 1 3 2425 2427 1771
1881 2 2 1 3 1996 2052 1361
1882 2 2 1 3 1973 2453 1974
1883 2 2 1 3 2415 2477 1987
1884 2 2 1 3 1579 1955 1953
1885 2 2 1 3 1379 1957 1377
1886 2 2 1 3 2438 2474 2048
1887 2 2 1 3 922 2164 924
1888 2 2 1 3 2105 2465 2402
1889 2 2 1 3 2037 2412 2034
1890 2 2 1 3 993 2164 1447
1891 2 2 1 3 2196 2226 1329
1892 2 2 1 3 2009 2525 1725
1893 2 2 1 3 1794 2456 2451
1894 2 2 1 3 1888 2598 860
1895 2 2 1 3 2424 2470 1990
1896 2 2 1 3 1622 2196 1666
1897 2 2 1 3 1417 2316 2315
1898 2 2 1 3 1951 2016 1175
1899 2 2 1 3 168 873 169
1900 2 2 1 3 909 1240 907
1901 2 2 1 3 1859 1878 1858
1902 2 2 1 3 1375 2529 1948
1903 2 2 1 3 1404 1408 1407
1904 2 2 1 3 1579 1957 1955
1905 2 2 1 3 1896 2416 1075
1906 2 2 1 3 2016 2017 1175
1907 2 2 1 3 1582 1949 1905
1908 2 2 1 3 1749 1914 1863
1909 2 2 1 3 1133 2277 1438
1910 2 2 1 3 1905 1949 1587
1911 2 2 1 3 1175 2284 1951
1912 2 2 1 3 1410 1975 1903
1913 2 2 1 3 1306 1921 1307
1914 2 2 1 3 171 901 172
1915 2 2 1 3 1485 1570 1565
1916 2 2 1 3 1586 1951 1950
1917 2 2 1 3 2427 2430 1771
1918 2 2 1 3 1561 1921 1424
1919 2 2 1 3 1401 1409 1404
1920 2 2 1 3 1075 2425 1896
1921 2 2 1 3 2568 2609 1842
1922 2 2 1 3 1953 2004 1579
1923 2 2 1 3 2358 2441 1321
1924 2 2 1 3 1606 2362 1635
1925 2 2 1 3 1223 2436 1895
1926 2 2 1 3 1900 2358 1183
1927 2 2 1 3 1575 1711 1710
1928 2 2 1 3 1377 1957 1579
1929 2 2 1 3 2133 2564 2135
1930 2 2 1 3 1951 2284 1950
1931 2 2 1 3 1804 1808 1803
1932 2 2 1 3 1398 1401 1400
1933 2 2 1 3 1682 2019 1681
1934 2 2 1 3 1258 2403 1899
1935 2 2 1 3 1505 2185 2021
1936 2 2 1 3 1329 2412 2037
1937 2 2 1 3 2366 2372 1519
1938 2 2 1 3 1918 2581 865
1939 2 2 1 3 1786 2363 1183
1940 2 2 1 3 2400 2490 2167
1941 2 2 1 3 1799 2580 2539
1942 2 2 1 3 1234 1915 1185
1943 2 2 1 3 1957 2344 2315
1944 2 2 1 3 2315 2344 1417
1945 2 2 1 3 1786 2366 2363
1946 2 2 1 3 2345 2349 1410
1947 2 2 1 3 1586 1950 1949
1948 2 2 1 3 1881 2429 1852
1949 2 2 1 3 1897 2349 2345
1950 2 2 1 3 1911 2362 1606
1951 2 2 1 3 1786 2372 2366
1952 2 2 1 3 2416 2457 1075
1953 2 2 1 3 1586 1949 1582
1954 2 2 1 3 1173 2017 1214
1955 2 2 1 3 1307 1915 1234
1956 2 2 1 3 1417 2347 2316
1957 2 2 1 3 1928 2114 1929
1958 2 2 1 3 1183 2363 1900
1959 2 2 1 3 1731 2408 1732
1960 2 2 1 3 913 2536 992
1961 2 2 1 3 992 1901 911
1962 2 2 1 3 2451 2533 1794
1963 2 2 1 3 1175 2017 1173
1964 2 2 1 3 2045 2216 2043
1965 2 2 1 3 1045 1929 1376
1966 2 2 1 3 1750 1922 1916
1967 2 2 1 3 1587 2021 1905
1968 2 2 1 3 1807 1837 1561
1969 2 2 1 3 1807 1838 1837
1970 2 2 1 3 1185 1915 1186
1971 2 2 1 3 1401 1403 1400
1972 2 2 1 3 1389 2349 1414
1973 2 2 1 3 1681 2019 2016
1974 2 2 1 3 1916 1922 1746
1975 2 2 1 3 1908 1942 1742
1976 2 2 1 3 2038 2196 2037
1977 2 2 1 3 911 1901 909
1978 2 2 1 3 1046 1929 1045
1979 2 2 1 3 1989 2228 1427
1980 2 2 1 3 1421 1942 1555
1981 2 2 1 3 1952 2004 1953
1982 2 2 1 3 1428 1925 929
1983 2 2 1 3 929 1925 931
1984 2 2 1 3 1988 1989 1427
1985 2 2 1 3 1100 2462 1101
1986 2 2 1 3 1732 2408 2392
1987 2 2 1 3 1927 2329 1604
1988 2 2 1 3 1919 1925 1428
1989 2 2 1 3 1934 2324 1933
1990 2 2 1 3 849 2503 2420
1991 2 2 1 3 1606 2021 1911
1992 2 2 1 3 1903 2345 1410
1993 2 2 1 3 1427 2020 1988
1994 2 2 1 3 1395 2329 1927
1995 2 2 1 3 1732 2019 1682
1996 2 2 1 3 1033 1968 1958
1997 2 2 1 3 1686 2430 1895
1998 2 2 1 3 2175 2508 2506
1999 2 2 1 3 2017 2019 2018
2000 2 2 1 3 1594 2324 1934
2001 2 2 1 3 2021 2185 1905
2002 2 2 1 3 1428 1926 1919
2003 2 2 1 3 2506 2508 887
2004 2 2 1 3 142 904 847
2005 2 2 1 3 1405 2340 1975
2006 2 2 1 3 1432 2216 2045
2007 2 2 1 3 2315 2316 1956
2008 2 2 1 3 1505 2021 1606
2009 2 2 1 3 1928 2414 2114
2010 2 2 1 3 1385 1975 1410
2011 2 2 1 3 1295 2136 2066
2012 2 2 1 3 1485 1898 1570
2013 2 2 1 3 1379 2344 1957
2014 2 2 1 3 1748 1924 1577
2015 2 2 1 3 1954 1968 1425
2016 2 2 1 3 2364 2413 2180
2017 2 2 1 3 2017 2018 1214
2018 2 2 1 3 1555 1942 1908
2019 2 2 1 3 1404 1407 1403
2020 2 2 1 3 1975 2340 1903
2021 2 2 1 3 1635 2362 2045
2022 2 2 1 3 1988 2020 1597
2023 2 2 1 3 1422 1942 1421
2024 2 2 1 3 935 1972 932
2025 2 2 1 3 1492 1935 1563
2026 2 2 1 3 1972 1973 932
2027 2 2 1 3 859 1931 176
2028 2 2 1 3 1751 2544 1943
2029 2 2 1 3 1963 1964 859
2030 2 2 1 3 930 1973 1201
2031 2 2 1 3 2403 2471 1899
2032 2 2 1 3 1857 1935 1923
2033 2 2 1 3 175 1963 859
2034 2 2 1 3 2152 2357 2215
2035 2 2 1 3 836 1933 138
2036 2 2 1 3 1591 1926 1589
2037 2 2 1 3 2084 2338 2176
2038 2 2 1 3 2076 2157 1709
2039 2 2 1 3 1585 2015 1583
2040 2 2 1 3 2074 2157 2076
2041 2 2 1 3 2022 2044 1243
2042 2 2 1 3 1922 2136 1746
2043 2 2 1 3 2011 2319 2259
2044 2 2 1 3 1958 1968 1954
2045 2 2 1 3 1973 1974 1201
2046 2 2 1 3 1437 2157 2074
2047 2 2 1 3 1570 1571 1565
2048 2 2 1 3 1291 2151 1246
2049 2 2 1 3 1952 1953 1425
2050 2 2 1 3 1563 1935 1857
2051 2 2 1 3 1382 1967 1406
2052 2 2 1 3 1684 2470 2424
2053 2 2 1 3 139 1933 1932
2054 2 2 1 3 1058 1929 1046
2055 2 2 1 3 1601 2310 2306
2056 2 2 1 3 1560 1561 1424
2057 2 2 1 3 2074 2075 1437
2058 2 2 1 3 836 1934 1933
2059 2 2 1 3 1306 1307 1234
2060 2 2 1 3 857 2566 2563
2061 2 2 1 3 1185 1186 1146
2062 2 2 1 3 319 1936 878
2063 2 2 1 3 1694 1959 1944
2064 2 2 1 3 1380 1967 1382
2065 2 2 1 3 2044 2045 2043
2066 2 2 1 3 1576 1822 1742
2067 2 2 1 3 2066 2136 1922
2068 2 2 1 3 1900 2441 2358
2069 2 2 1 3 1693 1959 1694
2070 2 2 1 3 2431 2528 1598
2071 2 2 1 3 900 1938 1937
2072 2 2 1 3 1020 1952 1425
2073 2 2 1 3 1286 2183 1978
2074 2 2 1 3 1409 2547 1865
2075 2 2 1 3 181 1946 875
2076 2 2 1 3 2016 2019 2017
2077 2 2 1 3 1919 1926 1591
2078 2 2 1 3 1929 2114 1376
2079 2 2 1 3 1926 2005 1589
2080 2 2 1 3 1635 2044 2022
2081 2 2 1 3 866 2480 2428
2082 2 2 1 3 1999 2136 1295
2083 2 2 1 3 990 1961 972
2084 2 2 1 3 1930 2233 1280
2085 2 2 1 3 1955 2315 1956
2086 2 2 1 3 1576 1742 1475
2087 2 2 1 3 1555 1831 1556
2088 2 2 1 3 932 1973 930
2089 2 2 1 3 1421 1555 1423
2090 2 2 1 3 1032 1961 990
2091 2 2 1 3 1986 1988 1597
2092 2 2 1 3 1700 1977 1701
2093 2 2 1 3 1382 1405 1383
2094 2 2 1 3 142 847 143
2095 2 2 1 3 1380 1382 1381
2096 2 2 1 3 2032 2292 2233
2097 2 2 1 3 1701 1977 1976
2098 2 2 1 3 139 1932 140
2099 2 2 1 3 1378 1380 1379
2100 2 2 1 3 1100 1101 1074
2101 2 2 1 3 1026 2004 1952
2102 2 2 1 3 874 904 141
2103 2 2 1 3 2029 2307 1624
2104 2 2 1 3 1500 1935 1492
2105 2 2 1 3 1920 2369 1925
2106 2 2 1 3 1772 2313 2118
2107 2 2 1 3 1953 1955 1954
2108 2 2 1 3 1139 2065 1193
2109 2 2 1 3 1586 2015 1951
2110 2 2 1 3 1183 2358 1164
2111 2 2 1 3 1555 1556 1423
2112 2 2 1 3 2190 2240 1628
2113 2 2 1 3 2374 2388 1418
2114 2 2 1 3 1421 1423 1412
2115 2 2 1 3 1938 1939 1937
2116 2 2 1 3 1032 1962 1961
2117 2 2 1 3 1628 2240 2215
2118 2 2 1 3 1759 1980 1855
2119 2 2 1 3 1389 1414 1391
2120 2 2 1 3 1376 1378 1377
2121 2 2 1 3 1681 2016 2015
2122 2 2 1 3 1415 1485 1483
2123 2 2 1 3 1965 1966 1964
2124 2 2 1 3 1380 1381 1379
2125 2 2 1 3 2259 2319 1325
2126 2 2 1 3 1382 1383 1381
2127 2 2 1 3 1149 2004 1030
2128 2 2 1 3 1581 1789 1766
2129 2 2 1 3 1385 1410 1387
2130 2 2 1 3 138 1933 139
2131 2 2 1 3 1579 2004 1149
2132 2 2 1 3 1953 1954 1425
2133 2 2 1 3 1378 1379 1377
2134 2 2 1 3 1908 1909 1831
2135 2 2 1 3 1476 1576 1475
2136 2 2 1 3 1045 1376 1149
2137 2 2 1 3 1681 2015 1585
2138 2 2 1 3 1491 1983 1360
2139 2 2 1 3 1425 1968 1018
2140 2 2 1 3 1045 1149 1030
2141 2 2 1 3 1413 1421 1412
2142 2 2 1 3 1317 2025 1233
2143 2 2 1 3 900 1937 1936
2144 2 2 1 3 1514 2039 2001
2145 2 2 1 3 1376 1377 1149
2146 2 2 1 3 174 1963 175
2147 2 2 1 3 874 905 904
2148 2 2 1 3 1963 1965 1964
2149 2 2 1 3 177 1931 876
2150 2 2 1 3 1749 1814 1748
2151 2 2 1 3 1194 1234 1185
2152 2 2 1 3 1596 2025 1948
2153 2 2 1 3 1490 1960 1488
2154 2 2 1 3 1406 1412 1405
2155 2 2 1 3 960 962 959
2156 2 2 1 3 1176 1185 1146
2157 2 2 1 3 1955 1956 1954
2158 2 2 1 3 1656 1927 1604
2159 2 2 1 3 1441 2112 2111
2160 2 2 1 3 1199 1999 1295
2161 2 2 1 3 2091 2202 2059
2162 2 2 1 3 1383 1975 1385
2163 2 2 1 3 1583 2015 1586
2164 2 2 1 3 991 1013 990
2165 2 2 1 3 1593 1983 1491
2166 2 2 1 3 1280 2298 1930
2167 2 2 1 3 1597 1991 1986
2168 2 2 1 3 963 966 962
2169 2 2 1 3 973 990 972
2170 2 2 1 3 1441 2219 2112
2171 2 2 1 3 1099 1100 1074
2172 2 2 1 3 967 972 966
2173 2 2 1 3 943 1991 941
2174 2 2 1 3 1027 1030 1026
2175 2 2 1 3 1014 1033 1013
2176 2 2 1 3 1145 1146 1124
2177 2 2 1 3 1073 1074 1058
2178 2 2 1 3 1237 2307 2029
2179 2 2 1 3 1691 1960 1490
2180 2 2 1 3 175 859 176
2181 2 2 1 3 900 1936 320
2182 2 2 1 3 1031 1045 1030
2183 2 2 1 3 1978 2183 1977
2184 2 2 1 3 1693 2059 1959
2185 2 2 1 3 1437 2151 1291
2186 2 2 1 3 850 1947 1946
2187 2 2 1 3 2380 2389 1270
2188 2 2 1 3 1759 1855 1758
2189 2 2 1 3 1026 1952 1022
2190 2 2 1 3 2111 2209 1441
2191 2 2 1 3 927 928 926
2192 2 2 1 3 321 900 320
2193 2 2 1 3 1193 2065 1981
2194 2 2 1 3 1246 2151 1772
2195 2 2 1 3 1365 2023 1558
2196 2 2 1 3 2233 2292 1280
2197 2 2 1 3 2099 2123 2100
2198 2 2 1 3 317 1969 861
2199 2 2 1 3 1431 1475 1422
2200 2 2 1 3 899 1994 1993
2201 2 2 1 3 2113 2209 2111
2202 2 2 1 3 1984 1990 1985
2203 2 2 1 3 1128 1990 1984
2204 2 2 1 3 1122 1124 1100
2205 2 2 1 3 2176 2338 1433
2206 2 2 1 3 1074 1928 1058
2207 2 2 1 3 1507 2178 2155
2208 2 2 1 3 1761 1980 1759
2209 2 2 1 3 140 874 141
2210 2 2 1 3 1116 2108 2107
2211 2 2 1 3 974 2026 1598
2212 2 2 1 3 929 930 928
2213 2 2 1 3 1577 1924 1576
2214 2 2 1 3 941 1991 1597
2215 2 2 1 3 177 876 178
2216 2 2 1 3 1475 1942 1422
2217 2 2 1 3 1481 2132 1552
2218 2 2 1 3 848 2123 2099
2219 2 2 1 3 850 1946 180
2220 2 2 1 3 1696 2024 2023
2221 2 2 1 3 1109 2065 1139
2222 2 2 1 3 2055 2350 2092
2223 2 2 1 3 959 1972 935
2224 2 2 1 3 141 904 142
2225 2 2 1 3 2151 2313 1772
2226 2 2 1 3 186 1979 877
2227 2 2 1 3 1507 2155 2127
2228 2 2 1 3 1857 1880 1856
2229 2 2 1 3 2122 2124 2123
2230 2 2 1 3 2402 2465 1524
2231 2 2 1 3 2129 2131 1551
2232 2 2 1 3 1128 1984 950
2233 2 2 1 3 1236 1306 1234
2234 2 2 1 3 1700 1978 1977
2235 2 2 1 3 2084 2176 1625
2236 2 2 1 3 1613 1748 1577
2237 2 2 1 3 913 992 911
2238 2 2 1 3 1527 2477 2415
2239 2 2 1 3 1556 1581 1580
2240 2 2 1 3 878 1970 1969
2241 2 2 1 3 1604 2329 1419
2242 2 2 1 3 2075 2151 1437
2243 2 2 1 3 1243 2044 2042
2244 2 2 1 3 1383 1385 1384
2245 2 2 1 3 2215 2357 1628
2246 2 2 1 3 1233 2025 1231
2247 2 2 1 3 1948 2025 1317
2248 2 2 1 3 972 1941 966
2249 2 2 1 3 1555 1908 1831
2250 2 2 1 3 1558 2023 1810
2251 2 2 1 3 939 960 959
2252 2 2 1 3 1219 1996 1174
2253 2 2 1 3 1928 1929 1058
2254 2 2 1 3 1920 2380 2369
2255 2 2 1 3 1611 2162 2058
2256 2 2 1 3 1405 1975 1383
2257 2 2 1 3 179 850 180
2258 2 2 1 3 2306 2310 1978
2259 2 2 1 3 2118 2153 1772
2260 2 2 1 3 1056 1058 1046
2261 2 2 1 3 1193 1981 1244
2262 2 2 1 3 1744 1758 1500
2263 2 2 1 3 1361 1998 1132
2264 2 2 1 3 2081 2205 2193
2265 2 2 1 3 939 959 935
2266 2 2 1 3 2059 2202 1959
2267 2 2 1 3 972 1961 1941
2268 2 2 1 3 1209 1999 1199
2269 2 2 1 3 1581 1766 1588
2270 2 2 1 3 1492 1563 1491
2271 2 2 1 3 2123 2124 2100
2272 2 2 1 3 1116 2107 2106
2273 2 2 1 3 1855 1923 1758
2274 2 2 1 3 1360 1983 1318
2275 2 2 1 3 960 963 962
2276 2 2 1 3 1816 1832 1817
2277 2 2 1 3 1024 1026 1022
2278 2 2 1 3 1022 1952 1020
2279 2 2 1 3 1911 2021 1587
2280 2 2 1 3 899 1993 268
2281 2 2 1 3 1766 1816 1767
2282 2 2 1 3 966 1941 1086
2283 2 2 1 3 2132 2133 1552
2284 2 2 1 3 1020 1425 1018
2285 2 2 1 3 2006 2007 851
2286 2 2 1 3 1378 1653 1380
2287 2 2 1 3 1382 1406 1405
2288 2 2 1 3 1653 1967 1380
2289 2 2 1 3 861 1997 316
2290 2 2 1 3 1957 2315 1955
2291 2 2 1 3 2131 2132 1551
2292 2 2 1 3 1563 1857 1856
2293 2 2 1 3 2193 2205 1114
2294 2 2 1 3 925 2049 927
2295 2 2 1 3 1116 2113 2108
2296 2 2 1 3 1385 1387 1386
2297 2 2 1 3 2126 2264 2127
2298 2 2 1 3 181 875 182
2299 2 2 1 3 1576 1924 1822
2300 2 2 1 3 930 1201 928
2301 2 2 1 3 1125 2287 1243
2302 2 2 1 3 176 1931 177
2303 2 2 1 3 995 2046 1038
2304 2 2 1 3 1324 2269 1611
2305 2 2 1 3 1013 1032 990
2306 2 2 1 3 2162 2263 2058
2307 2 2 1 3 1485 1565 1564
2308 2 2 1 3 1363 2189 2188
2309 2 2 1 3 1413 1422 1421
2310 2 2 1 3 1551 2132 1481
2311 2 2 1 3 1103 2012 1131
2312 2 2 1 3 1394 1397 1396
2313 2 2 1 3 1476 1577 1576
2314 2 2 1 3 946 1991 943
2315 2 2 1 3 1549 1696 1471
2316 2 2 1 3 1744 1759 1758
2317 2 2 1 3 1589 2005 1197
2318 2 2 1 3 2001 2172 1514
2319 2 2 1 3 1243 2287 2022
2320 2 2 1 3 953 2014 1128
2321 2 2 1 3 1470 1491 1360
2322 2 2 1 3 1625 2146 2084
2323 2 2 1 3 925 927 926
2324 2 2 1 3 927 929 928
2325 2 2 1 3 1470 1492 1491
2326 2 2 1 3 1132 1998 1130
2327 2 2 1 3 1551 2147 2129
2328 2 2 1 3 875 1992 182
2329 2 2 1 3 966 1086 962
2330 2 2 1 3 2108 2113 2111
2331 2 2 1 3 963 967 966
2332 2 2 1 3 878 1969 318
2333 2 2 1 3 1102 2012 1103
2334 2 2 1 3 1387 1389 1388
2335 2 2 1 3 319 878 318
2336 2 2 1 3 925 926 923
2337 2 2 1 3 1981 1982 1658
2338 2 2 1 3 2081 2192 1248
2339 2 2 1 3 1363 2302 2262
2340 2 2 1 3 1243 2042 1084
2341 2 2 1 3 1003 2106 1005
2342 2 2 1 3 1035 2046 995
2343 2 2 1 3 1406 1413 1412
2344 2 2 1 3 2023 2024 1810
2345 2 2 1 3 967 973 972
2346 2 2 1 3 2038 2218 2089
2347 2 2 1 3 2119 2153 2118
2348 2 2 1 3 973 991 990
2349 2 2 1 3 1174 1996 1137
2350 2 2 1 3 1318 1983 1375
2351 2 2 1 3 1563 1856 1593
2352 2 2 1 3 2127 2264 1507
2353 2 2 1 3 958 2028 1429
2354 2 2 1 3 269 2013 899
2355 2 2 1 3 1318 1375 1317
2356 2 2 1 3 1450 2246 2063
2357 2 2 1 3 313 2006 851
2358 2 2 1 3 1984 1985 1241
2359 2 2 1 3 2089 2218 2088
2360 2 2 1 3 1445 1658 1526
2361 2 2 1 3 841 1979 185
2362 2 2 1 3 184 841 185
2363 2 2 1 3 1135 2119 1163
2364 2 2 1 3 1321 2068 2067
2365 2 2 1 3 1655 1656 1604
2366 2 2 1 3 2043 2216 2046
2367 2 2 1 3 963 2228 1180
2368 2 2 1 3 2062 2208 2192
2369 2 2 1 3 1213 2011 1294
2370 2 2 1 3 1030 2004 1026
2371 2 2 1 3 1428 2049 1926
2372 2 2 1 3 2082 2146 1322
2373 2 2 1 3 991 1014 1013
2374 2 2 1 3 1024 1027 1026
2375 2 2 1 3 1229 1231 1230
2376 2 2 1 3 1098 2188 1118
2377 2 2 1 3 1927 2388 2374
2378 2 2 1 3 1987 1989 1988
2379 2 2 1 3 1295 2279 1178
2380 2 2 1 3 2160 2352 2322
2381 2 2 1 3 1014 1968 1033
2382 2 2 1 3 1101 1928 1074
2383 2 2 1 3 2342 2365 1025
2384 2 2 1 3 1471 2023 1365
2385 2 2 1 3 2084 2146 2082
2386 2 2 1 3 1244 1981 1445
2387 2 2 1 3 1440 2105 2103
2388 2 2 1 3 1163 2119 1204
2389 2 2 1 3 1711 1804 1803
2390 2 2 1 3 1794 1795 1656
2391 2 2 1 3 1312 2163 1313
2392 2 2 1 3 1231 1319 1230
2393 2 2 1 3 2099 2159 848
2394 2 2 1 3 1248 2205 2081
2395 2 2 1 3 140 1932 874
2396 2 2 1 3 1597 2020 938
2397 2 2 1 3 1926 2049 2005
2398 2 2 1 3 1322 2085 2079
2399 2 2 1 3 1702 2512 2510
2400 2 2 1 3 1116 2106 1003
2401 2 2 1 3 1445 1981 1658
2402 2 2 1 3 1312 2091 2059
2403 2 2 1 3 1229 1230 1220
2404 2 2 1 3 1696 2023 1471
2405 2 2 1 3 1920 1925 1919
2406 2 2 1 3 2079 2082 1322
2407 2 2 1 3 1658 1683 1526
2408 2 2 1 3 1661 1920 1919
2409 2 2 1 3 1431 1476 1475
2410 2 2 1 3 1745 1747 1746
2411 2 2 1 3 1635 2045 2044
2412 2 2 1 3 180 1946 181
2413 2 2 1 3 1365 1558 1364
2414 2 2 1 3 1558 1745 1595
2415 2 2 1 3 1985 1987 1986
2416 2 2 1 3 320 1936 319
2417 2 2 1 3 965 2028 958
2418 2 2 1 3 927 2049 1428
2419 2 2 1 3 1319 1596 1374
2420 2 2 1 3 2192 2208 1248
2421 2 2 1 3 1027 1031 1030
2422 2 2 1 3 1062 2150 1064
2423 2 2 1 3 2063 2246 1623
2424 2 2 1 3 1590 1591 1589
2425 2 2 1 3 267 1993 903
2426 2 2 1 3 1294 2011 1369
2427 2 2 1 3 919 1127 917
2428 2 2 1 3 1363 2188 1098
2429 2 2 1 3 948 1984 1241
2430 2 2 1 3 1742 1942 1475
2431 2 2 1 3 2066 2279 1295
2432 2 2 1 3 1305 1317 1233
2433 2 2 1 3 1235 1364 1209
2434 2 2 1 3 2155 2310 1601
2435 2 2 1 3 1661 1919 1591
2436 2 2 1 3 1215 1220 1219
2437 2 2 1 3 1032 2456 1962
2438 2 2 1 3 1138 2032 1326
2439 2 2 1 3 1369 2011 1614
2440 2 2 1 3 1305 1318 1317
2441 2 2 1 3 267 903 266
2442 2 2 1 3 1614 1785 1784
2443 2 2 1 3 1055 2067 1040
2444 2 2 1 3 1040 2067 1600
2445 2 2 1 3 2103 2104 1440
2446 2 2 1 3 1219 2328 1996
2447 2 2 1 3 994 2026 974
2448 2 2 1 3 1758 1935 1500
2449 2 2 1 3 1103 1130 1129
2450 2 2 1 3 1130 1998 1133
2451 2 2 1 3 1619 2027 1773
2452 2 2 1 3 2033 2039 1514
2453 2 2 1 3 1071 1072 1070
2454 2 2 1 3 1080 1081 1072
2455 2 2 1 3 1355 2147 1467
2456 2 2 1 3 948 1241 946
2457 2 2 1 3 1690 2053 1536
2458 2 2 1 3 842 2047 308
2459 2 2 1 3 1592 1661 1591
2460 2 2 1 3 1533 2048 1690
2461 2 2 1 3 1073 1099 1074
2462 2 2 1 3 2262 2302 1640
2463 2 2 1 3 1084 2042 1059
2464 2 2 1 3 1232 1233 1231
2465 2 2 1 3 1514 2172 1332
2466 2 2 1 3 1031 1046 1045
2467 2 2 1 3 1069 1070 1068
2468 2 2 1 3 1558 1595 1364
2469 2 2 1 3 953 1128 950
2470 2 2 1 3 1813 2320 1636
2471 2 2 1 3 2092 2350 1015
2472 2 2 1 3 315 1997 879
2473 2 2 1 3 1102 1103 1081
2474 2 2 1 3 1131 1132 1130
2475 2 2 1 3 1950 2284 2012
2476 2 2 1 3 1387 2349 1389
2477 2 2 1 3 1745 1746 1595
2478 2 2 1 3 1137 1996 1361
2479 2 2 1 3 1056 1073 1058
2480 2 2 1 3 1369 1614 1522
2481 2 2 1 3 1800 1802 1691
2482 2 2 1 3 1563 1593 1491
2483 2 2 1 3 2015 2016 1951
2484 2 2 1 3 961 2014 953
2485 2 2 1 3 1544 1604 1419
2486 2 2 1 3 960 2228 963
2487 2 2 1 3 1228 1229 1220
2488 2 2 1 3 2108 2109 2107
2489 2 2 1 3 1747 1917 1916
2490 2 2 1 3 2005 2049 934
2491 2 2 1 3 1611 2269 2162
2492 2 2 1 3 1137 1361 1132
2493 2 2 1 3 2011 2259 1614
2494 2 2 1 3 1215 1219 1174
2495 2 2 1 3 1389 1391 1390
2496 2 2 1 3 2032 2233 2027
2497 2 2 1 3 950 1984 948
2498 2 2 1 3 1282 1589 1197
2499 2 2 1 3 1747 1916 1746
2500 2 2 1 3 1173 1174 1137
2501 2 2 1 3 1326 2032 1518
2502 2 2 1 3 1518 2032 2027
2503 2 2 1 3 1136 1137 1132
2504 2 2 1 3 1592 2120 1661
2505 2 2 1 3 1359 1360 1318
2506 2 2 1 3 2041 2046 1035
2507 2 2 1 3 931 932 930
2508 2 2 1 3 317 861 316
2509 2 2 1 3 2115 2203 2062
2510 2 2 1 3 1214 1215 1174
2511 2 2 1 3 939 2020 1427
2512 2 2 1 3 1773 1777 1677
2513 2 2 1 3 879 2006 314
2514 2 2 1 3 1933 2324 1932
2515 2 2 1 3 1235 1365 1364
2516 2 2 1 3 1985 1986 1241
2517 2 2 1 3 1037 2041 1035
2518 2 2 1 3 1005 2106 1440
2519 2 2 1 3 1135 2153 2119
2520 2 2 1 3 1231 2025 1319
2521 2 2 1 3 1765 2029 1624
2522 2 2 1 3 1747 1918 1917
2523 2 2 1 3 2077 2085 1608
2524 2 2 1 3 2133 2134 1552
2525 2 2 1 3 1249 2150 1062
2526 2 2 1 3 2069 2232 1600
2527 2 2 1 3 1978 2310 1286
2528 2 2 1 3 1331 2033 1514
2529 2 2 1 3 1467 2147 1551
2530 2 2 1 3 1059 2041 1037
2531 2 2 1 3 2042 2043 2041
2532 2 2 1 3 872 2013 270
2533 2 2 1 3 1773 1930 1777
2534 2 2 1 3 1130 1133 1129
2535 2 2 1 3 1282 1590 1589
2536 2 2 1 3 2063 2303 2064
2537 2 2 1 3 2079 2085 2077
2538 2 2 1 3 1059 2042 2041
2539 2 2 1 3 1103 1131 1130
2540 2 2 1 3 2059 2163 1312
2541 2 2 1 3 186 877 187
2542 2 2 1 3 274 2093 868
2543 2 2 1 3 1181 1183 1164
2544 2 2 1 3 882 2087 2086
2545 2 2 1 3 1442 2012 1102
2546 2 2 1 3 929 931 930
2547 2 2 1 3 315 879 314
2548 2 2 1 3 2067 2068 1600
2549 2 2 1 3 1731 1732 1682
2550 2 2 1 3 1558 1810 1745
2551 2 2 1 3 1065 2104 2101
2552 2 2 1 3 1038 1068 994
2553 2 2 1 3 1619 1773 1677
2554 2 2 1 3 2042 2044 2043
2555 2 2 1 3 1069 1071 1070
2556 2 2 1 3 1038 1069 1068
2557 2 2 1 3 1071 1080 1072
2558 2 2 1 3 1538 2053 1798
2559 2 2 1 3 2068 2069 1600
2560 2 2 1 3 1536 2053 1538
2561 2 2 1 3 1070 2002 1242
2562 2 2 1 3 1197 2005 1092
2563 2 2 1 3 1281 1599 1457
2564 2 2 1 3 269 899 268
2565 2 2 1 3 1987 1988 1986
2566 2 2 1 3 1217 1299 1218
2567 2 2 1 3 2108 2110 2109
2568 2 2 1 3 974 1598 970
2569 2 2 1 3 1616 2027 1619
2570 2 2 1 3 2142 2143 862
2571 2 2 1 3 1169 2167 1257
2572 2 2 1 3 1556 1580 1423
2573 2 2 1 3 954 2145 961
2574 2 2 1 3 1181 1786 1183
2575 2 2 1 3 1103 1129 1081
2576 2 2 1 3 1319 1374 1373
2577 2 2 1 3 1375 1948 1317
2578 2 2 1 3 1619 1677 1662
2579 2 2 1 3 1856 1858 1593
2580 2 2 1 3 1299 1300 1218
2581 2 2 1 3 1111 1321 1090
2582 2 2 1 3 1949 1950 1442
2583 2 2 1 3 1357 2185 1505
2584 2 2 1 3 1518 2027 1616
2585 2 2 1 3 941 1597 938
2586 2 2 1 3 1226 2091 1208
2587 2 2 1 3 1469 1470 1360
2588 2 2 1 3 1590 1592 1591
2589 2 2 1 3 1546 1691 1490
2590 2 2 1 3 318 1969 317
2591 2 2 1 3 1614 1784 1522
2592 2 2 1 3 1299 1354 1300
2593 2 2 1 3 1125 1243 1084
2594 2 2 1 3 1072 2002 1070
2595 2 2 1 3 1464 1685 1465
2596 2 2 1 3 1680 1682 1681
2597 2 2 1 3 1674 2282 1266
2598 2 2 1 3 1383 1384 1381
2599 2 2 1 3 884 2095 2094
2600 2 2 1 3 1199 1295 1178
2601 2 2 1 3 1687 1771 1685
2602 2 2 1 3 1052 2211 2198
2603 2 2 1 3 1611 2058 2054
2604 2 2 1 3 1624 2307 1362
2605 2 2 1 3 2198 2211 2168
2606 2 2 1 3 1364 1999 1209
2607 2 2 1 3 1090 2067 1055
2608 2 2 1 3 1227 2117 1506
2609 2 2 1 3 1377 1579 1149
2610 2 2 1 3 1319 2025 1596
2611 2 2 1 3 2060 2077 1608
2612 2 2 1 3 1217 1218 1170
2613 2 2 1 3 874 906 905
2614 2 2 1 3 1950 2012 1442
2615 2 2 1 3 1354 1355 1300
2616 2 2 1 3 313 851 312
2617 2 2 1 3 877 2050 187
2618 2 2 1 3 1080 1102 1081
2619 2 2 1 3 1811 2206 2134
2620 2 2 1 3 1692 1791 1663
2621 2 2 1 3 1064 2150 1093
2622 2 2 1 3 1499 1500 1492
2623 2 2 1 3 2101 2104 2103
2624 2 2 1 3 1060 1084 1059
2625 2 2 1 3 1981 2065 1982
2626 2 2 1 3 2134 2206 1552
2627 2 2 1 3 1534 1663 1532
2628 2 2 1 3 1374 2195 1566
2629 2 2 1 3 1070 1242 1068
2630 2 2 1 3 1363 2262 2189
2631 2 2 1 3 271 872 270
2632 2 2 1 3 1048 2141 1049
2633 2 2 1 3 939 1427 960
2634 2 2 1 3 185 1979 186
2635 2 2 1 3 2203 2208 2062
2636 2 2 1 3 1680 1681 1585
2637 2 2 1 3 882 2086 281
2638 2 2 1 3 1085 1125 1084
2639 2 2 1 3 962 1971 959
2640 2 2 1 3 1464 1687 1685
2641 2 2 1 3 1504 1583 1582
2642 2 2 1 3 2088 2218 1238
2643 2 2 1 3 934 2049 925
2644 2 2 1 3 1540 2070 1695
2645 2 2 1 3 1566 2195 1860
2646 2 2 1 3 1339 1532 1340
2647 2 2 1 3 1176 1194 1185
2648 2 2 1 3 1126 1170 1125
2649 2 2 1 3 182 1992 183
2650 2 2 1 3 1092 2005 934
2651 2 2 1 3 1207 2117 1227
2652 2 2 1 3 1354 2147 1355
2653 2 2 1 3 970 2028 965
2654 2 2 1 3 848 2159 287
2655 2 2 1 3 1616 1619 1618
2656 2 2 1 3 1171 1217 1170
2657 2 2 1 3 1142 2088 1238
2658 2 2 1 3 1956 1958 1954
2659 2 2 1 3 1464 2172 1687
2660 2 2 1 3 316 1997 315
2661 2 2 1 3 307 2047 881
2662 2 2 1 3 1331 1514 1332
2663 2 2 1 3 2129 2147 1602
2664 2 2 1 3 1051 1059 1037
2665 2 2 1 3 311 880 310
2666 2 2 1 3 1773 2233 1930
2667 2 2 1 3 1324 1611 1449
2668 2 2 1 3 277 2142 862
2669 2 2 1 3 1226 2202 2091
2670 2 2 1 3 1304 1305 1233
2671 2 2 1 3 1339 1534 1532
2672 2 2 1 3 1647 2160 1451
2673 2 2 1 3 1584 1585 1583
2674 2 2 1 3 1099 1122 1100
2675 2 2 1 3 1145 1176 1146
2676 2 2 1 3 1636 2224 1426
2677 2 2 1 3 2111 2112 2110
2678 2 2 1 3 852 2090 283
2679 2 2 1 3 1229 1232 1231
2680 2 2 1 3 1608 2141 2060
2681 2 2 1 3 870 2474 2438
2682 2 2 1 3 1687 2172 2001
2683 2 2 1 3 999 2209 2113
2684 2 2 1 3 2121 2123 848
2685 2 2 1 3 268 1993 267
2686 2 2 1 3 1370 1602 1354
2687 2 2 1 3 2096 2097 2095
2688 2 2 1 3 1155 2161 1323
2689 2 2 1 3 1093 2126 2125
2690 2 2 1 3 2128 2130 2129
2691 2 2 1 3 1342 1464 1463
2692 2 2 1 3 1538 1798 1797
2693 2 2 1 3 1598 2028 970
2694 2 2 1 3 1467 1468 1357
2695 2 2 1 3 1245 2125 1609
2696 2 2 1 3 2036 2040 2039
2697 2 2 1 3 1534 1692 1663
2698 2 2 1 3 884 2159 2096
2699 2 2 1 3 1482 1504 1503
2700 2 2 1 3 2101 2102 1150
2701 2 2 1 3 2054 2055 1521
2702 2 2 1 3 1208 2091 1222
2703 2 2 1 3 884 2094 285
2704 2 2 1 3 2138 2140 843
2705 2 2 1 3 309 842 308
2706 2 2 1 3 1467 1481 1468
2707 2 2 1 3 2117 2118 1506
2708 2 2 1 3 1754 1904 1731
2709 2 2 1 3 1583 1586 1582
2710 2 2 1 3 1222 2091 1312
2711 2 2 1 3 1215 1228 1220
2712 2 2 1 3 1730 1731 1682
2713 2 2 1 3 1131 1136 1132
2714 2 2 1 3 1450 2063 1647
2715 2 2 1 3 1072 2210 2002
2716 2 2 1 3 2128 2129 1602
2717 2 2 1 3 1227 1346 1226
2718 2 2 1 3 270 2013 269
2719 2 2 1 3 2096 2159 2099
2720 2 2 1 3 1160 2180 1224
2721 2 2 1 3 1764 1765 1624
2722 2 2 1 3 2133 2135 2134
2723 2 2 1 3 1355 1467 1357
2724 2 2 1 3 1009 2104 1065
2725 2 2 1 3 1129 2210 1081
2726 2 2 1 3 1321 2067 1090
2727 2 2 1 3 2063 2064 1647
2728 2 2 1 3 1603 2128 1602
2729 2 2 1 3 1533 1690 1536
2730 2 2 1 3 1750 1815 1603
2731 2 2 1 3 1532 2048 1533
2732 2 2 1 3 307 881 306
2733 2 2 1 3 1815 2128 1603
2734 2 2 1 3 1481 1482 1468
2735 2 2 1 3 1093 2150 2126
2736 2 2 1 3 1313 1339 1316
2737 2 2 1 3 1679 1680 1585
2738 2 2 1 3 1685 1686 1465
2739 2 2 1 3 1207 1227 1226
2740 2 2 1 3 1686 1895 1708
2741 2 2 1 3 274 868 273
2742 2 2 1 3 1687 1896 1771
2743 2 2 1 3 956 2145 954
2744 2 2 1 3 1440 2106 2105
2745 2 2 1 3 883 2122 2121
2746 2 2 1 3 1497 1624 1362
2747 2 2 1 3 1611 2054 1449
2748 2 2 1 3 1355 1357 1356
2749 2 2 1 3 1118 2188 1281
2750 2 2 1 3 1313 2163 1339
2751 2 2 1 3 1501 2033 1331
2752 2 2 1 3 1012 2115 1029
2753 2 2 1 3 884 2096 2095
2754 2 2 1 3 314 2006 313
2755 2 2 1 3 1136 1173 1137
2756 2 2 1 3 885 2139 2138
2757 2 2 1 3 1449 2054 1521
2758 2 2 1 3 1078 2101 1150
2759 2 2 1 3 1254 2085 1322
2760 2 2 1 3 288 2121 848
2761 2 2 1 3 1879 2242 1714
2762 2 2 1 3 1510 2115 2062
2763 2 2 1 3 1716 1879 1714
2764 2 2 1 3 1126 1171 1170
2765 2 2 1 3 1049 2141 1061
2766 2 2 1 3 1695 1945 1944
2767 2 2 1 3 2036 2039 2033
2768 2 2 1 3 1542 2070 1540
2769 2 2 1 3 1104 1442 1102
2770 2 2 1 3 1347 1540 1346
2771 2 2 1 3 1120 2125 1245
2772 2 2 1 3 958 1429 956
2773 2 2 1 3 1429 2145 956
2774 2 2 1 3 1504 1582 1503
2775 2 2 1 3 1302 2246 1450
2776 2 2 1 3 1204 2119 2117
2777 2 2 1 3 1173 1214 1174
2778 2 2 1 3 1227 1347 1346
2779 2 2 1 3 2139 2140 2138
2780 2 2 1 3 971 974 970
2781 2 2 1 3 2130 2131 2129
2782 2 2 1 3 1085 1126 1125
2783 2 2 1 3 933 935 932
2784 2 2 1 3 2034 2036 2033
2785 2 2 1 3 1540 1695 1541
2786 2 2 1 3 975 994 974
2787 2 2 1 3 2108 2111 2110
2788 2 2 1 3 1323 2148 1153
2789 2 2 1 3 995 1038 994
2790 2 2 1 3 2069 2258 2232
2791 2 2 1 3 1252 2085 1254
2792 2 2 1 3 1885 1886 1765
2793 2 2 1 3 2060 2141 1048
2794 2 2 1 3 304 837 303
2795 2 2 1 3 2096 2098 2097
2796 2 2 1 3 1566 1860 1762
2797 2 2 1 3 2125 2126 1609
2798 2 2 1 3 275 2093 274
2799 2 2 1 3 1112 1164 1111
2800 2 2 1 3 1091 1111 1090
2801 2 2 1 3 2122 2123 2121
2802 2 2 1 3 1721 2294 1707
2803 2 2 1 3 1165 1181 1164
2804 2 2 1 3 1207 1226 1208
2805 2 2 1 3 2188 2189 1599
2806 2 2 1 3 1289 1331 1290
2807 2 2 1 3 1678 2120 1592
2808 2 2 1 3 1504 1584 1583
2809 2 2 1 3 2106 2107 2105
2810 2 2 1 3 1331 1332 1290
2811 2 2 1 3 906 907 905
2812 2 2 1 3 936 2020 939
2813 2 2 1 3 1347 1542 1540
2814 2 2 1 3 1060 1085 1084
2815 2 2 1 3 2127 2154 1609
2816 2 2 1 3 1464 1465 1463
2817 2 2 1 3 1619 1662 1618
2818 2 2 1 3 293 2138 843
2819 2 2 1 3 1391 1393 1392
2820 2 2 1 3 1370 1603 1602
2821 2 2 1 3 1590 2220 1607
2822 2 2 1 3 1299 1370 1354
2823 2 2 1 3 1532 1533 1340
2824 2 2 1 3 969 970 965
2825 2 2 1 3 1445 1526 1446
2826 2 2 1 3 1542 2071 2070
2827 2 2 1 3 1289 1501 1331
2828 2 2 1 3 1222 1312 1311
2829 2 2 1 3 280 2086 857
2830 2 2 1 3 1587 1949 1442
2831 2 2 1 3 1285 2146 1625
2832 2 2 1 3 1029 2115 1043
2833 2 2 1 3 1143 2184 1107
2834 2 2 1 3 1001 2113 1116
2835 2 2 1 3 1663 2048 1532
2836 2 2 1 3 1153 2148 1151
2837 2 2 1 3 1693 1694 1692
2838 2 2 1 3 949 950 948
2839 2 2 1 3 1096 1258 1115
2840 2 2 1 3 951 953 950
2841 2 2 1 3 1282 2220 1590
2842 2 2 1 3 954 961 953
2843 2 2 1 3 947 948 946
2844 2 2 1 3 2126 2127 1609
2845 2 2 1 3 1798 1799 1797
2846 2 2 1 3 1204 2117 1207
2847 2 2 1 3 308 2047 307
2848 2 2 1 3 1349 1543 1348
2849 2 2 1 3 936 939 935
2850 2 2 1 3 1298 2252 1654
2851 2 2 1 3 2043 2046 2041
2852 2 2 1 3 282 2090 882
2853 2 2 1 3 1078 1150 1087
2854 2 2 1 3 1481 1552 1482
2855 2 2 1 3 278 2142 277
2856 2 2 1 3 1245 1246 1158
2857 2 2 1 3 1115 2088 1142
2858 2 2 1 3 1065 2101 1078
2859 2 2 1 3 2055 2092 2057
2860 2 2 1 3 1120 1245 1158
2861 2 2 1 3 1438 2210 1129
2862 2 2 1 3 2127 2155 2154
2863 2 2 1 3 1268 1674 1266
2864 2 2 1 3 277 862 276
2865 2 2 1 3 1434 1435 1291
2866 2 2 1 3 280 857 279
2867 2 2 1 3 1925 2369 931
2868 2 2 1 3 1510 2061 2060
2869 2 2 1 3 1256 2146 1285
2870 2 2 1 3 1043 2115 1510
2871 2 2 1 3 1736 1778 1737
2872 2 2 1 3 1339 1340 1316
2873 2 2 1 3 1247 1434 1291
2874 2 2 1 3 1434 1436 1435
2875 2 2 1 3 2150 2264 2126
2876 2 2 1 3 284 2094 852
2877 2 2 1 3 1608 2085 1252
2878 2 2 1 3 2165 2166 864
2879 2 2 1 3 1482 1503 1468
2880 2 2 1 3 1450 1647 1451
2881 2 2 1 3 1051 1060 1059
2882 2 2 1 3 1355 1356 1300
2883 2 2 1 3 1510 2062 2061
2884 2 2 1 3 1436 1528 1435
2885 2 2 1 3 1238 1239 1188
2886 2 2 1 3 1258 2089 2088
2887 2 2 1 3 975 995 994
2888 2 2 1 3 301 863 300
2889 2 2 1 3 2220 2275 1607
2890 2 2 1 3 1501 2034 2033
2891 2 2 1 3 1540 1541 1346
2892 2 2 1 3 282 882 281
2893 2 2 1 3 1250 1252 1251
2894 2 2 1 3 2061 2078 2077
2895 2 2 1 3 1142 1238 1188
2896 2 2 1 3 1245 1247 1246
2897 2 2 1 3 1247 1291 1246
2898 2 2 1 3 1451 2160 1496
2899 2 2 1 3 1096 1115 1113
2900 2 2 1 3 1204 1207 1205
2901 2 2 1 3 1258 2088 1115
2902 2 2 1 3 1672 2268 1669
2903 2 2 1 3 1412 2340 1405
2904 2 2 1 3 2072 2073 2071
2905 2 2 1 3 1695 1944 1541
2906 2 2 1 3 1357 1505 1356
2907 2 2 1 3 1120 1158 1121
2908 2 2 1 3 1043 1510 1048
2909 2 2 1 3 1602 2147 1354
2910 2 2 1 3 1506 2207 1347
2911 2 2 1 3 1436 1529 1528
2912 2 2 1 3 839 2158 297
2913 2 2 1 3 1504 2206 1584
2914 2 2 1 3 2078 2080 2079
2915 2 2 1 3 1252 1254 1253
2916 2 2 1 3 284 852 283
2917 2 2 1 3 883 2121 289
2918 2 2 1 3 1005 1440 1007
2919 2 2 1 3 1028 2182 1011
2920 2 2 1 3 1087 1096 1095
2921 2 2 1 3 2074 2076 2073
2922 2 2 1 3 1061 1250 1249
2923 2 2 1 3 2065 2346 1982
2924 2 2 1 3 1529 1698 1528
2925 2 2 1 3 971 975 974
2926 2 2 1 3 1254 1256 1255
2927 2 2 1 3 1065 1078 1066
2928 2 2 1 3 2078 2081 2080
2929 2 2 1 3 1211 2167 1169
2930 2 2 1 3 1241 1991 946
2931 2 2 1 3 1078 1087 1079
2932 2 2 1 3 286 884 285
2933 2 2 1 3 1322 2146 1256
2934 2 2 1 3 1077 1090 1055
2935 2 2 1 3 1238 2179 1239
2936 2 2 1 3 1094 2125 1120
2937 2 2 1 3 1257 2116 1167
2938 2 2 1 3 1289 2179 1501
2939 2 2 1 3 1510 2060 1048
2940 2 2 1 3 1453 2278 1650
2941 2 2 1 3 1163 1204 1203
2942 2 2 1 3 1302 1450 1372
2943 2 2 1 3 2062 2192 2061
2944 2 2 1 3 1157 2161 1155
2945 2 2 1 3 1501 2179 2035
2946 2 2 1 3 1239 1289 1288
2947 2 2 1 3 2154 2155 1601
2948 2 2 1 3 1191 1259 1110
2949 2 2 1 3 2061 2077 2060
2950 2 2 1 3 967 2213 973
2951 2 2 1 3 1496 1736 1734
2952 2 2 1 3 1250 1251 1249
2953 2 2 1 3 1256 1285 1284
2954 2 2 1 3 1040 1600 998
2955 2 2 1 3 1250 1608 1252
2956 2 2 1 3 288 848 287
2957 2 2 1 3 885 2138 294
2958 2 2 1 3 999 2113 1001
2959 2 2 1 3 1595 1999 1364
2960 2 2 1 3 137 836 138
2961 2 2 1 3 1254 1322 1256
2962 2 2 1 3 1252 1253 1251
2963 2 2 1 3 1680 1730 1682
2964 2 2 1 3 1529 1699 1698
2965 2 2 1 3 1217 2279 2276
2966 2 2 1 3 290 883 289
2967 2 2 1 3 1271 2184 1143
2968 2 2 1 3 1169 1257 1167
2969 2 2 1 3 1285 1439 1338
2970 2 2 1 3 2080 2083 2082
2971 2 2 1 3 1600 2232 998
2972 2 2 1 3 1496 2160 1736
2973 2 2 1 3 1093 2125 1094
2974 2 2 1 3 1439 2152 1461
2975 2 2 1 3 2101 2103 2102
2976 2 2 1 3 1312 1313 1311
2977 2 2 1 3 1094 1120 1106
2978 2 2 1 3 2078 2079 2077
2979 2 2 1 3 1009 1065 1016
2980 2 2 1 3 1122 1145 1124
2981 2 2 1 3 281 2086 280
2982 2 2 1 3 1254 1255 1253
2983 2 2 1 3 1319 1373 1230
2984 2 2 1 3 1332 2172 1342
2985 2 2 1 3 1467 1551 1481
2986 2 2 1 3 1335 1523 1334
2987 2 2 1 3 1227 1506 1347
2988 2 2 1 3 1559 1636 1426
2989 2 2 1 3 1584 2206 1811
2990 2 2 1 3 293 843 292
2991 2 2 1 3 1256 1284 1255
2992 2 2 1 3 1276 1776 1271
2993 2 2 1 3 1001 1116 1003
2994 2 2 1 3 1513 2168 1274
2995 2 2 1 3 1435 2157 1437
2996 2 2 1 3 945 946 943
2997 2 2 1 3 938 2020 936
2998 2 2 1 3 1274 2168 1261
2999 2 2 1 3 1720 1721 1707
3000 2 2 1 3 2081 2193 2080
3001 2 2 1 3 295 885 294
3002 2 2 1 3 297 2158 296
3003 2 2 1 3 283 2090 282
3004 2 2 1 3 1155 1323 1153
3005 2 2 1 3 1298 1654 1456
3006 2 2 1 3 1244 1445 1444
3007 2 2 1 3 1285 1338 1284
3008 2 2 1 3 1434 2154 1601
3009 2 2 1 3 2078 2192 2081
3010 2 2 1 3 1151 2182 1028
3011 2 2 1 3 2099 2100 2098
3012 2 2 1 3 1584 1679 1585
3013 2 2 1 3 1520 2156 1664
3014 2 2 1 3 1309 1348 1211
3015 2 2 1 3 951 954 953
3016 2 2 1 3 187 2050 188
3017 2 2 1 3 2080 2082 2079
3018 2 2 1 3 1224 2161 1157
3019 2 2 1 3 1207 1208 1205
3020 2 2 1 3 1245 1609 1247
3021 2 2 1 3 298 839 297
3022 2 2 1 3 2046 2216 1038
3023 2 2 1 3 285 2094 284
3024 2 2 1 3 1625 2152 1439
3025 2 2 1 3 1609 2154 1247
3026 2 2 1 3 1064 1093 1083
3027 2 2 1 3 1285 1625 1439
3028 2 2 1 3 1698 1709 1528
3029 2 2 1 3 1700 1701 1699
3030 2 2 1 3 949 951 950
3031 2 2 1 3 2148 2182 1151
3032 2 2 1 3 289 2121 288
3033 2 2 1 3 1452 2373 2359
3034 2 2 1 3 1513 2169 2168
3035 2 2 1 3 1434 1601 1436
3036 2 2 1 3 1440 2104 1007
3037 2 2 1 3 980 2248 1260
3038 2 2 1 3 1332 1342 1341
3039 2 2 1 3 1115 1142 1141
3040 2 2 1 3 1324 1449 1333
3041 2 2 1 3 2179 2218 2035
3042 2 2 1 3 1439 1461 1460
3043 2 2 1 3 1348 2167 1211
3044 2 2 1 3 969 971 970
3045 2 2 1 3 1449 1521 1520
3046 2 2 1 3 1069 1432 1071
3047 2 2 1 3 1108 2269 1324
3048 2 2 1 3 294 2138 293
3049 2 2 1 3 1828 2137 1679
3050 2 2 1 3 2173 2175 1651
3051 2 2 1 3 1247 2154 1434
3052 2 2 1 3 1061 1249 1062
3053 2 2 1 3 2083 2084 2082
3054 2 2 1 3 1065 1066 1016
3055 2 2 1 3 1160 1224 1157
3056 2 2 1 3 2072 2074 2073
3057 2 2 1 3 1461 2174 2173
3058 2 2 1 3 134 2165 864
3059 2 2 1 3 1812 1813 1636
3060 2 2 1 3 1671 1672 1669
3061 2 2 1 3 1342 2172 1464
3062 2 2 1 3 1439 1460 1338
3063 2 2 1 3 947 949 948
3064 2 2 1 3 2027 2233 1773
3065 2 2 1 3 1190 2180 1160
3066 2 2 1 3 1043 1048 1044
3067 2 2 1 3 1581 1588 1580
3068 2 2 1 3 1453 1650 1455
3069 2 2 1 3 1435 1437 1291
3070 2 2 1 3 1664 2413 2364
3071 2 2 1 3 2055 2057 2056
3072 2 2 1 3 1457 1659 1539
3073 2 2 1 3 286 2159 884
3074 2 2 1 3 1542 2072 2071
3075 2 2 1 3 1096 1113 1095
3076 2 2 1 3 1198 1282 1197
3077 2 2 1 3 1120 1121 1106
3078 2 2 1 3 1078 1079 1066
3079 2 2 1 3 1529 1700 1699
3080 2 2 1 3 2035 2037 2034
3081 2 2 1 3 1246 1772 1158
3082 2 2 1 3 1534 1693 1692
3083 2 2 1 3 1213 2319 2011
3084 2 2 1 3 1087 1095 1079
3085 2 2 1 3 1121 2153 1135
3086 2 2 1 3 133 2165 134
3087 2 2 1 3 1289 1290 1288
3088 2 2 1 3 1461 2173 1460
3089 2 2 1 3 1138 2292 2032
3090 2 2 1 3 1007 2104 1009
3091 2 2 1 3 1061 2141 1250
3092 2 2 1 3 1730 1754 1731
3093 2 2 1 3 1108 1324 1144
3094 2 2 1 3 1281 1457 1345
3095 2 2 1 3 287 2159 286
3096 2 2 1 3 1068 2026 994
3097 2 2 1 3 2152 2215 1461
3098 2 2 1 3 1142 1188 1187
3099 2 2 1 3 1552 2206 1482
3100 2 2 1 3 1460 1651 1466
3101 2 2 1 3 1297 1334 1190
3102 2 2 1 3 1239 1288 1287
3103 2 2 1 3 1181 1787 1786
3104 2 2 1 3 1460 2173 1651
3105 2 2 1 3 1049 1061 1053
3106 2 2 1 3 2270 2287 1218
3107 2 2 1 3 1607 1678 1592
3108 2 2 1 3 1104 1587 1442
3109 2 2 1 3 1181 2116 1787
3110 2 2 1 3 134 864 135
3111 2 2 1 3 1693 2163 2059
3112 2 2 1 3 1760 1761 1759
3113 2 2 1 3 1029 1043 1042
3114 2 2 1 3 1637 2265 979
3115 2 2 1 3 1343 1344 1283
3116 2 2 1 3 1432 2239 1071
3117 2 2 1 3 1776 2184 1271
3118 2 2 1 3 1607 2275 1689
3119 2 2 1 3 1560 1807 1561
3120 2 2 1 3 1115 1141 1113
3121 2 2 1 3 1369 1522 1458
3122 2 2 1 3 1385 1386 1384
3123 2 2 1 3 1196 1197 1092
3124 2 2 1 3 1048 1049 1044
3125 2 2 1 3 1239 1287 1188
3126 2 2 1 3 1651 1976 1466
3127 2 2 1 3 1239 2179 1289
3128 2 2 1 3 1303 1515 1279
3129 2 2 1 3 1625 2176 2152
3130 2 2 1 3 1450 1451 1372
3131 2 2 1 3 1736 1737 1734
3132 2 2 1 3 1277 1513 1274
3133 2 2 1 3 1093 1094 1083
3134 2 2 1 3 2035 2218 2038
3135 2 2 1 3 1334 2180 1190
3136 2 2 1 3 1702 1792 1649
3137 2 2 1 3 2116 2235 1787
3138 2 2 1 3 133 2181 2165
3139 2 2 1 3 1460 1466 1338
3140 2 2 1 3 1284 1286 1255
3141 2 2 1 3 1009 1016 1010
3142 2 2 1 3 1253 1507 1251
3143 2 2 1 3 1012 2203 2115
3144 2 2 1 3 1204 1205 1203
3145 2 2 1 3 1250 2141 1608
3146 2 2 1 3 1305 1359 1318
3147 2 2 1 3 1595 2136 1999
3148 2 2 1 3 1165 2116 1181
3149 2 2 1 3 918 919 917
3150 2 2 1 3 1007 1009 1008
3151 2 2 1 3 1017 1018 1014
3152 2 2 1 3 1468 2185 1357
3153 2 2 1 3 1232 1304 1233
3154 2 2 1 3 2303 2308 2064
3155 2 2 1 3 1515 2171 1279
3156 2 2 1 3 1284 2183 1286
3157 2 2 1 3 1081 2210 1072
3158 2 2 1 3 1265 2177 1263
3159 2 2 1 3 1336 1531 1530
3160 2 2 1 3 916 917 915
3161 2 2 1 3 1281 2188 1599
3162 2 2 1 3 1531 1702 1649
3163 2 2 1 3 1332 1341 1290
3164 2 2 1 3 1091 1112 1111
3165 2 2 1 3 1342 1463 1462
3166 2 2 1 3 132 2181 133
3167 2 2 1 3 1061 1062 1053
3168 2 2 1 3 1112 1165 1164
3169 2 2 1 3 1766 1767 1588
3170 2 2 1 3 1610 1750 1603
3171 2 2 1 3 2117 2119 2118
3172 2 2 1 3 1531 2237 1702
3173 2 2 1 3 2212 2214 1774
3174 2 2 1 3 945 947 946
3175 2 2 1 3 1528 2157 1435
3176 2 2 1 3 1220 2291 1219
3177 2 2 1 3 1703 1704 1630
3178 2 2 1 3 1531 1649 1530
3179 2 2 1 3 1336 1337 1265
3180 2 2 1 3 1336 1530 1337
3181 2 2 1 3 2096 2099 2098
3182 2 2 1 3 1077 1091 1090
3183 2 2 1 3 1043 1044 1042
3184 2 2 1 3 1875 1876 1872
3185 2 2 1 3 1158 2153 1121
3186 2 2 1 3 1009 1010 1008
3187 2 2 1 3 1521 2156 1520
3188 2 2 1 3 1501 2035 2034
3189 2 2 1 3 1337 1433 1265
3190 2 2 1 3 1518 1616 1615
3191 2 2 1 3 1816 1817 1767
3192 2 2 1 3 2061 2192 2078
3193 2 2 1 3 1118 1281 1148
3194 2 2 1 3 1264 1336 1265
3195 2 2 1 3 1142 1187 1141
3196 2 2 1 3 1253 2178 1507
3197 2 2 1 3 1338 2183 1284
3198 2 2 1 3 1018 1968 1014
3199 2 2 1 3 1746 2136 1595
3200 2 2 1 3 1976 1977 1466
3201 2 2 1 3 1482 2206 1504
3202 2 2 1 3 1616 1618 1617
3203 2 2 1 3 2080 2193 2083
3204 2 2 1 3 1366 1471 1365
3205 2 2 1 3 1264 2214 2212
3206 2 2 1 3 1374 1566 1373
3207 2 2 1 3 1433 2177 1265
3208 2 2 1 3 993 1447 1195
3209 2 2 1 3 1530 1628 1337
3210 2 2 1 3 1709 2157 1528
3211 2 2 1 3 886 2187 2186
3212 2 2 1 3 914 915 913
3213 2 2 1 3 1466 2183 1338
3214 2 2 1 3 1088 1363 1098
3215 2 2 1 3 2169 2198 2168
3216 2 2 1 3 1687 2001 1896
3217 2 2 1 3 1080 1104 1102
3218 2 2 1 3 2055 2056 1521
3219 2 2 1 3 989 999 997
3220 2 2 1 3 912 913 911
3221 2 2 1 3 1774 2237 2212
3222 2 2 1 3 2432 2511 2187
3223 2 2 1 3 1326 1518 1517
3224 2 2 1 3 1349 2234 1543
3225 2 2 1 3 1208 1222 1221
3226 2 2 1 3 131 840 132
3227 2 2 1 3 2035 2038 2037
3228 2 2 1 3 1775 2237 1774
3229 2 2 1 3 130 2186 131
3230 2 2 1 3 1005 1007 1006
3231 2 2 1 3 1294 1369 1368
3232 2 2 1 3 129 886 130
3233 2 2 1 3 1336 2212 1531
3234 2 2 1 3 1255 2178 1253
3235 2 2 1 3 1264 1265 1263
3236 2 2 1 3 1344 2220 1283
3237 2 2 1 3 840 2181 132
3238 2 2 1 3 1470 1499 1492
3239 2 2 1 3 1335 2217 1523
3240 2 2 1 3 126 844 127
3241 2 2 1 3 1622 1666 1665
3242 2 2 1 3 2168 2211 1261
3243 2 2 1 3 1649 2190 1530
3244 2 2 1 3 125 2191 126
3245 2 2 1 3 1113 1114 1095
3246 2 2 1 3 1533 1536 1535
3247 2 2 1 3 985 1441 987
3248 2 2 1 3 1196 1198 1197
3249 2 2 1 3 1313 1316 1315
3250 2 2 1 3 1328 1622 1512
3251 2 2 1 3 124 887 125
3252 2 2 1 3 1883 2466 1575
3253 2 2 1 3 1977 2183 1466
3254 2 2 1 3 1187 1264 1263
3255 2 2 1 3 1497 1764 1624
3256 2 2 1 3 1268 1788 1674
3257 2 2 1 3 1513 2170 2169
3258 2 2 1 3 1079 1248 1066
3259 2 2 1 3 1582 1905 1503
3260 2 2 1 3 1198 1283 1282
3261 2 2 1 3 1121 1135 1134
3262 2 2 1 3 1286 2178 1255
3263 2 2 1 3 1287 2214 1188
3264 2 2 1 3 1479 2223 1633
3265 2 2 1 3 1297 1335 1334
3266 2 2 1 3 1288 1350 1287
3267 2 2 1 3 1003 1005 1004
3268 2 2 1 3 1811 1828 1679
3269 2 2 1 3 121 849 122
3270 2 2 1 3 1530 2190 1628
3271 2 2 1 3 910 911 909
3272 2 2 1 3 1094 1106 1105
3273 2 2 1 3 1346 2202 1226
3274 2 2 1 3 978 2222 952
3275 2 2 1 3 1505 1606 1605
3276 2 2 1 3 1007 1008 1006
3277 2 2 1 3 1449 1520 1333
3278 2 2 1 3 969 2194 971
3279 2 2 1 3 120 2197 121
3280 2 2 1 3 1944 1959 1541
3281 2 2 1 3 2334 2338 2083
3282 2 2 1 3 927 1428 929
3283 2 2 1 3 1679 2137 1680
3284 2 2 1 3 1513 2171 2170
3285 2 2 1 3 1016 2203 1010
3286 2 2 1 3 2072 2075 2074
3287 2 2 1 3 1764 1885 1765
3288 2 2 1 3 119 889 120
3289 2 2 1 3 2193 2334 2083
3290 2 2 1 3 1324 1333 1144
3291 2 2 1 3 1309 1349 1348
3292 2 2 1 3 1774 2214 1287
3293 2 2 1 3 920 921 919
3294 2 2 1 3 1686 1708 1688
3295 2 2 1 3 933 936 935
3296 2 2 1 3 118 2201 119
3297 2 2 1 3 1222 1311 1310
3298 2 2 1 3 1671 1673 1672
3299 2 2 1 3 2176 2357 2152
3300 2 2 1 3 1187 1263 1141
3301 2 2 1 3 1347 2207 1542
3302 2 2 1 3 1772 2153 1158
3303 2 2 1 3 1277 2171 1513
3304 2 2 1 3 117 854 118
3305 2 2 1 3 1303 1781 1515
3306 2 2 1 3 1427 2228 960
3307 2 2 1 3 1350 1775 1774
3308 2 2 1 3 1062 1064 1063
3309 2 2 1 3 1650 2199 1455
3310 2 2 1 3 116 2200 117
3311 2 2 1 3 1238 2218 2179
3312 2 2 1 3 1920 2389 2380
3313 2 2 1 3 1350 1774 1287
3314 2 2 1 3 982 2248 980
3315 2 2 1 3 1001 1003 1002
3316 2 2 1 3 1461 2215 2174
3317 2 2 1 3 115 888 116
3318 2 2 1 3 1700 2306 1978
3319 2 2 1 3 1666 1899 1665
3320 2 2 1 3 1135 1163 1162
3321 2 2 1 3 1686 1688 1465
3322 2 2 1 3 1064 1083 1082
3323 2 2 1 3 114 2204 115
3324 2 2 1 3 131 2186 840
3325 2 2 1 3 1049 1053 1052
3326 2 2 1 3 916 918 917
3327 2 2 1 3 1342 1462 1341
3328 2 2 1 3 886 2186 130
3329 2 2 1 3 1622 1665 1512
3330 2 2 1 3 113 858 114
3331 2 2 1 3 1339 2163 1534
3332 2 2 1 3 1743 1744 1500
3333 2 2 1 3 1302 1372 1371
3334 2 2 1 3 1451 1496 1495
3335 2 2 1 3 1188 2214 1187
3336 2 2 1 3 1163 1203 1202
3337 2 2 1 3 1212 1235 1209
3338 2 2 1 3 1049 1052 1044
3339 2 2 1 3 1121 1134 1106
3340 2 2 1 3 999 1001 1000
3341 2 2 1 3 1264 2212 1336
3342 2 2 1 3 1536 1538 1537
3343 2 2 1 3 922 923 921
3344 2 2 1 3 1720 1769 1721
3345 2 2 1 3 1095 2205 1079
3346 2 2 1 3 1387 1388 1386
3347 2 2 1 3 1278 1302 1301
3348 2 2 1 3 1496 1734 1733
3349 2 2 1 3 1262 1623 1275
3350 2 2 1 3 1257 2235 2116
3351 2 2 1 3 1133 1438 1129
3352 2 2 1 3 914 916 915
3353 2 2 1 3 126 2191 844
3354 2 2 1 3 1010 1011 1008
3355 2 2 1 3 1479 1633 1557
3356 2 2 1 3 908 909 907
3357 2 2 1 3 1584 1811 1679
3358 2 2 1 3 1590 1607 1592
3359 2 2 1 3 1703 1739 1704
3360 2 2 1 3 2171 2231 2170
3361 2 2 1 3 1195 1196 1092
3362 2 2 1 3 918 920 919
3363 2 2 1 3 2322 2352 1206
3364 2 2 1 3 1660 1712 1621
3365 2 2 1 3 1187 2214 1264
3366 2 2 1 3 1010 1012 1011
3367 2 2 1 3 989 2209 999
3368 2 2 1 3 1066 2208 1016
3369 2 2 1 3 887 2191 125
3370 2 2 1 3 1062 1063 1053
3371 2 2 1 3 1503 2185 1468
3372 2 2 1 3 1195 1329 1196
3373 2 2 1 3 1005 1006 1004
3374 2 2 1 3 1370 1610 1603
3375 2 2 1 3 1541 2202 1346
3376 2 2 1 3 1114 2205 1095
3377 2 2 1 3 1010 2203 1012
3378 2 2 1 3 1328 1343 1283
3379 2 2 1 3 924 925 923
3380 2 2 1 3 1170 2287 1125
3381 2 2 1 3 1029 1042 1041
3382 2 2 1 3 2083 2338 2084
3383 2 2 1 3 1456 1548 1547
3384 2 2 1 3 1512 1524 1343
3385 2 2 1 3 1208 1221 1205
3386 2 2 1 3 2177 2221 1263
3387 2 2 1 3 1041 1151 1028
3388 2 2 1 3 1094 1105 1083
3389 2 2 1 3 984 1089 982
3390 2 2 1 3 1298 1456 1352
3391 2 2 1 3 1079 2205 1248
3392 2 2 1 3 1088 2302 1363
3393 2 2 1 3 1542 2207 2072
3394 2 2 1 3 110 866 111
3395 2 2 1 3 1152 1153 1151
3396 2 2 1 3 955 956 954
3397 2 2 1 3 1341 2227 1290
3398 2 2 1 3 1152 1443 1154
3399 2 2 1 3 1154 1155 1153
3400 2 2 1 3 1156 1161 1159
3401 2 2 1 3 1328 1512 1343
3402 2 2 1 3 1034 1035 995
3403 2 2 1 3 1012 1029 1028
3404 2 2 1 3 1313 1315 1311
3405 2 2 1 3 981 1140 983
3406 2 2 1 3 912 914 913
3407 2 2 1 3 1189 1298 1296
3408 2 2 1 3 1156 1157 1155
3409 2 2 1 3 2276 2279 2066
3410 2 2 1 3 1198 1328 1283
3411 2 2 1 3 1568 1569 1057
3412 2 2 1 3 931 933 932
3413 2 2 1 3 1505 1605 1356
3414 2 2 1 3 2178 2310 2155
3415 2 2 1 3 980 1260 978
3416 2 2 1 3 121 2197 849
3417 2 2 1 3 1662 2149 1618
3418 2 2 1 3 1462 1660 1621
3419 2 2 1 3 1248 2208 1066
3420 2 2 1 3 1457 1539 1345
3421 2 2 1 3 1260 2222 978
3422 2 2 1 3 1016 2208 2203
3423 2 2 1 3 1288 2227 1350
3424 2 2 1 3 1534 2163 1693
3425 2 2 1 3 1050 1051 1037
3426 2 2 1 3 1533 1535 1340
3427 2 2 1 3 1300 2270 1218
3428 2 2 1 3 1251 2264 1249
3429 2 2 1 3 1113 2221 1114
3430 2 2 1 3 1036 1037 1035
3431 2 2 1 3 889 2197 120
3432 2 2 1 3 1003 1004 1002
3433 2 2 1 3 996 998 988
3434 2 2 1 3 993 1195 1092
3435 2 2 1 3 1538 1797 1796
3436 2 2 1 3 1172 1178 1171
3437 2 2 1 3 1328 2226 1622
3438 2 2 1 3 1262 1274 1261
3439 2 2 1 3 968 969 965
3440 2 2 1 3 942 943 941
3441 2 2 1 3 1290 2227 1288
3442 2 2 1 3 1082 1261 1063
3443 2 2 1 3 2251 2283 1273
3444 2 2 1 3 910 912 911
3445 2 2 1 3 1451 1495 1372
3446 2 2 1 3 2072 2207 2075
3447 2 2 1 3 189 835 190
3448 2 2 1 3 1249 2264 2150
3449 2 2 1 3 937 938 936
3450 2 2 1 3 964 965 958
3451 2 2 1 3 119 2201 889
3452 2 2 1 3 1200 1209 1199
3453 2 2 1 3 1359 1469 1360
3454 2 2 1 3 1655 1794 1656
3455 2 2 1 3 1621 2227 1341
3456 2 2 1 3 1676 1740 1717
3457 2 2 1 3 1159 1160 1157
3458 2 2 1 3 1462 1621 1341
3459 2 2 1 3 989 997 996
3460 2 2 1 3 988 2232 986
3461 2 2 1 3 1275 1277 1274
3462 2 2 1 3 1657 2283 2251
3463 2 2 1 3 1884 2331 1567
3464 2 2 1 3 1959 2202 1541
3465 2 2 1 3 854 2201 118
3466 2 2 1 3 1278 1279 1277
3467 2 2 1 3 963 1180 967
3468 2 2 1 3 920 922 921
3469 2 2 1 3 1064 1082 1063
3470 2 2 1 3 940 941 938
3471 2 2 1 3 979 2265 981
3472 2 2 1 3 1301 1303 1279
3473 2 2 1 3 1477 1478 1335
3474 2 2 1 3 1279 2171 1277
3475 2 2 1 3 2212 2237 1531
3476 2 2 1 3 1610 1922 1750
3477 2 2 1 3 1001 1002 1000
3478 2 2 1 3 1135 1162 1134
3479 2 2 1 3 107 870 108
3480 2 2 1 3 999 1000 997
3481 2 2 1 3 987 989 988
3482 2 2 1 3 1006 1508 1004
3483 2 2 1 3 1683 2031 1526
3484 2 2 1 3 1547 1626 1352
3485 2 2 1 3 922 924 923
3486 2 2 1 3 957 958 956
3487 2 2 1 3 924 934 925
3488 2 2 1 3 1515 2231 2171
3489 2 2 1 3 1614 2259 1785
3490 2 2 1 3 117 2200 854
3491 2 2 1 3 1166 1167 1165
3492 2 2 1 3 985 2219 1441
3493 2 2 1 3 1141 2221 1113
3494 2 2 1 3 1039 1040 998
3495 2 2 1 3 1733 1735 1495
3496 2 2 1 3 1930 2377 1777
3497 2 2 1 3 1302 1371 1301
3498 2 2 1 3 1189 1190 1160
3499 2 2 1 3 1136 1175 1173
3500 2 2 1 3 998 2232 988
3501 2 2 1 3 1441 2209 987
3502 2 2 1 3 1242 2026 1068
3503 2 2 1 3 1618 1620 1617
3504 2 2 1 3 1222 1310 1221
3505 2 2 1 3 1178 2279 1171
3506 2 2 1 3 1281 1345 1148
3507 2 2 1 3 1180 2213 967
3508 2 2 1 3 1053 2211 1052
3509 2 2 1 3 1718 1824 1626
3510 2 2 1 3 1217 2276 1299
3511 2 2 1 3 1616 1617 1615
3512 2 2 1 3 993 1092 934
3513 2 2 1 3 1296 1297 1190
3514 2 2 1 3 2012 2284 1131
3515 2 2 1 3 1520 1664 1657
3516 2 2 1 3 1263 2221 1141
3517 2 2 1 3 1041 1152 1151
3518 2 2 1 3 977 1637 979
3519 2 2 1 3 1496 1733 1495
3520 2 2 1 3 888 2200 116
3521 2 2 1 3 1518 1615 1517
3522 2 2 1 3 2182 2229 1011
3523 2 2 1 3 1167 2116 1165
3524 2 2 1 3 1329 2226 1196
3525 2 2 1 3 1082 1262 1261
3526 2 2 1 3 1012 1028 1011
3527 2 2 1 3 1923 1935 1758
3528 2 2 1 3 951 955 954
3529 2 2 1 3 1177 1271 1143
3530 2 2 1 3 1303 1782 1781
3531 2 2 1 3 1734 1818 1733
3532 2 2 1 3 1179 1199 1178
3533 2 2 1 3 1163 1202 1162
3534 2 2 1 3 1083 2243 1082
3535 2 2 1 3 1202 1206 1162
3536 2 2 1 3 985 987 986
3537 2 2 1 3 1668 1676 1670
3538 2 2 1 3 924 993 934
3539 2 2 1 3 1607 1689 1678
3540 2 2 1 3 1272 1276 1271
3541 2 2 1 3 987 2209 989
3542 2 2 1 3 1203 1292 1202
3543 2 2 1 3 1196 2226 1198
3544 2 2 1 3 1029 1041 1028
3545 2 2 1 3 1038 2216 1069
3546 2 2 1 3 2022 2287 2270
3547 2 2 1 3 2056 2156 1521
3548 2 2 1 3 191 890 192
3549 2 2 1 3 944 945 943
3550 2 2 1 3 1023 1024 1022
3551 2 2 1 3 975 1034 995
3552 2 2 1 3 1456 1547 1352
3553 2 2 1 3 1262 1275 1274
3554 2 2 1 3 1154 1156 1155
3555 2 2 1 3 1680 2137 1730
3556 2 2 1 3 1152 1154 1153
3557 2 2 1 3 106 2230 107
3558 2 2 1 3 115 2204 888
3559 2 2 1 3 1905 2185 1503
3560 2 2 1 3 1156 1159 1157
3561 2 2 1 3 1283 2220 1282
3562 2 2 1 3 1108 1144 1143
3563 2 2 1 3 1069 2216 1432
3564 2 2 1 3 1273 1667 1314
3565 2 2 1 3 1297 1477 1335
3566 2 2 1 3 1054 1055 1040
3567 2 2 1 3 1182 1516 976
3568 2 2 1 3 1298 1352 1296
3569 2 2 1 3 1559 1812 1636
3570 2 2 1 3 1478 2217 1335
3571 2 2 1 3 1736 2322 1778
3572 2 2 1 3 1177 1273 1272
3573 2 2 1 3 2118 2313 1506
3574 2 2 1 3 1275 1278 1277
3575 2 2 1 3 1668 1669 1314
3576 2 2 1 3 1718 1829 1824
3577 2 2 1 3 1278 1301 1279
3578 2 2 1 3 1670 1671 1669
3579 2 2 1 3 1455 2199 1554
3580 2 2 1 3 1350 2267 1775
3581 2 2 1 3 858 2204 114
3582 2 2 1 3 1618 2149 1620
3583 2 2 1 3 1835 1836 1673
3584 2 2 1 3 1629 1630 1627
3585 2 2 1 3 1076 1077 1055
3586 2 2 1 3 1631 1703 1630
3587 2 2 1 3 1606 1635 1605
3588 2 2 1 3 1445 1446 1444
3589 2 2 1 3 1140 2219 983
3590 2 2 1 3 1310 1627 1221
3591 2 2 1 3 1316 1479 1315
3592 2 2 1 3 2222 2238 952
3593 2 2 1 3 1547 1718 1626
3594 2 2 1 3 1519 1783 1327
3595 2 2 1 3 1159 1189 1160
3596 2 2 1 3 1520 1657 1333
3597 2 2 1 3 1076 1108 1107
3598 2 2 1 3 1063 2211 1053
3599 2 2 1 3 1168 1169 1167
3600 2 2 1 3 908 910 909
3601 2 2 1 3 1008 2229 1006
3602 2 2 1 3 1740 1825 1717
3603 2 2 1 3 1104 1911 1587
3604 2 2 1 3 2229 2297 1508
3605 2 2 1 3 1544 1655 1604
3606 2 2 1 3 947 1448 949
3607 2 2 1 3 1189 1296 1190
3608 2 2 1 3 906 908 907
3609 2 2 1 3 2215 2240 2174
3610 2 2 1 3 1472 1549 1471
3611 2 2 1 3 918 1075 920
3612 2 2 1 3 105 891 106
3613 2 2 1 3 1477 1638 1478
3614 2 2 1 3 1039 2162 1054
3615 2 2 1 3 1002 1015 1000
3616 2 2 1 3 983 985 984
3617 2 2 1 3 1455 1554 1553
3618 2 2 1 3 1770 1887 1716
3619 2 2 1 3 1708 1793 1688
3620 2 2 1 3 1453 1455 1454
3621 2 2 1 3 1310 1629 1627
3622 2 2 1 3 1986 1991 1241
3623 2 2 1 3 1553 1634 1454
3624 2 2 1 3 1198 2226 1328
3625 2 2 1 3 1715 1716 1714
3626 2 2 1 3 996 1039 998
3627 2 2 1 3 1376 2114 1378
3628 2 2 1 3 104 2241 105
3629 2 2 1 3 1205 2225 1203
3630 2 2 1 3 1210 1453 1308
3631 2 2 1 3 1373 2291 1230
3632 2 2 1 3 1493 1494 1349
3633 2 2 1 3 1631 1738 1703
3634 2 2 1 3 1166 1511 1168
3635 2 2 1 3 983 2219 985
3636 2 2 1 3 1723 1841 1634
3637 2 2 1 3 1077 2260 1091
3638 2 2 1 3 1601 2306 1436
3639 2 2 1 3 1105 2243 1083
3640 2 2 1 3 1278 2246 1302
3641 2 2 1 3 1262 2243 1623
3642 2 2 1 3 1671 1835 1673
3643 2 2 1 3 1015 2350 2337
3644 2 2 1 3 1011 2229 1008
3645 2 2 1 3 1676 1717 1670
3646 2 2 1 3 1629 1631 1630
3647 2 2 1 3 103 897 104
3648 2 2 1 3 1117 1119 1097
3649 2 2 1 3 1019 1020 1018
3650 2 2 1 3 1835 1912 1836
3651 2 2 1 3 989 996 988
3652 2 2 1 3 1210 1211 1169
3653 2 2 1 3 1623 2246 1275
3654 2 2 1 3 1507 2264 1251
3655 2 2 1 3 1780 1839 1642
3656 2 2 1 3 194 845 195
3657 2 2 1 3 1308 1309 1211
3658 2 2 1 3 987 988 986
3659 2 2 1 3 1021 1022 1020
3660 2 2 1 3 1479 1525 1315
3661 2 2 1 3 1047 1056 1046
3662 2 2 1 3 1112 1166 1165
3663 2 2 1 3 1397 1398 1396
3664 2 2 1 3 1529 2306 1700
3665 2 2 1 3 1089 2248 982
3666 2 2 1 3 1704 2296 1630
3667 2 2 1 3 1340 2223 1316
3668 2 2 1 3 1557 1821 1525
3669 2 2 1 3 1144 1177 1143
3670 2 2 1 3 1177 1272 1271
3671 2 2 1 3 1727 1755 1494
3672 2 2 1 3 1082 2243 1262
3673 2 2 1 3 1203 2225 1292
3674 2 2 1 3 1042 2247 1041
3675 2 2 1 3 985 986 984
3676 2 2 1 3 2227 2267 1350
3677 2 2 1 3 1261 2211 1063
3678 2 2 1 3 1060 1639 1085
3679 2 2 1 3 1067 2257 2256
3680 2 2 1 3 1667 1668 1314
3681 2 2 1 3 1273 1314 1272
3682 2 2 1 3 1126 1172 1171
3683 2 2 1 3 1152 2247 1443
3684 2 2 1 3 1369 1458 1368
3685 2 2 1 3 1536 1537 1535
3686 2 2 1 3 1668 1670 1669
3687 2 2 1 3 1443 2250 1154
3688 2 2 1 3 1315 2261 1311
3689 2 2 1 3 1526 1527 1446
3690 2 2 1 3 949 2236 951
3691 2 2 1 3 1156 2250 1161
3692 2 2 1 3 1039 1054 1040
3693 2 2 1 3 1054 1076 1055
3694 2 2 1 3 1076 1107 1077
3695 2 2 1 3 1494 2234 1349
3696 2 2 1 3 983 984 982
3697 2 2 1 3 2184 2260 1107
3698 2 2 1 3 1194 1236 1234
3699 2 2 1 3 1184 1266 1147
3700 2 2 1 3 1166 1168 1167
3701 2 2 1 3 1356 2270 1300
3702 2 2 1 3 942 944 943
3703 2 2 1 3 1071 2239 1080
3704 2 2 1 3 912 1223 914
3705 2 2 1 3 1177 2251 1273
3706 2 2 1 3 1108 1143 1107
3707 2 2 1 3 1311 2261 1310
3708 2 2 1 3 937 940 938
3709 2 2 1 3 1613 1749 1748
3710 2 2 1 3 1635 2022 1605
3711 2 2 1 3 1309 1493 1349
3712 2 2 1 3 1557 1827 1821
3713 2 2 1 3 1161 2252 1159
3714 2 2 1 3 933 937 936
3715 2 2 1 3 1479 1557 1525
3716 2 2 1 3 984 2258 1089
3717 2 2 1 3 1189 2252 1298
3718 2 2 1 3 940 942 941
3719 2 2 1 3 1546 1800 1691
3720 2 2 1 3 981 983 982
3721 2 2 1 3 1548 2254 1547
3722 2 2 1 3 945 2238 947
3723 2 2 1 3 1006 2229 1508
3724 2 2 1 3 1455 1553 1454
3725 2 2 1 3 1228 2299 1229
3726 2 2 1 3 1713 1714 1498
3727 2 2 1 3 1171 2279 1217
3728 2 2 1 3 1620 1900 1617
3729 2 2 1 3 1367 1644 1293
3730 2 2 1 3 1706 1722 1719
3731 2 2 1 3 1723 1844 1841
3732 2 2 1 3 1221 2225 1205
3733 2 2 1 3 1539 1697 1675
3734 2 2 1 3 976 2194 969
3735 2 2 1 3 196 892 197
3736 2 2 1 3 1832 1833 1817
3737 2 2 1 3 955 957 956
3738 2 2 1 3 2232 2258 986
3739 2 2 1 3 1553 1723 1634
3740 2 2 1 3 1333 2251 1144
3741 2 2 1 3 2225 2296 1292
3742 2 2 1 3 2182 2297 2229
3743 2 2 1 3 1538 1796 1537
3744 2 2 1 3 1566 1762 1632
3745 2 2 1 3 1621 2267 2227
3746 2 2 1 3 1326 1517 1327
3747 2 2 1 3 1267 1268 1266
3748 2 2 1 3 1645 1646 1644
3749 2 2 1 3 1138 1326 1182
3750 2 2 1 3 1453 1454 1308
3751 2 2 1 3 1762 1861 1763
3752 2 2 1 3 1303 2249 1782
3753 2 2 1 3 1706 1707 1320
3754 2 2 1 3 1301 2249 1303
3755 2 2 1 3 944 952 945
3756 2 2 1 3 1712 2267 1621
3757 2 2 1 3 1168 1210 1169
3758 2 2 1 3 1719 1720 1707
3759 2 2 1 3 1497 2242 1764
3760 2 2 1 3 1299 2276 1370
3761 2 2 1 3 1526 2031 1527
3762 2 2 1 3 1210 1308 1211
3763 2 2 1 3 964 968 965
3764 2 2 1 3 1493 1727 1494
3765 2 2 1 3 1316 2223 1479
3766 2 2 1 3 1525 2261 1315
3767 2 2 1 3 1610 2066 1922
3768 2 2 1 3 1275 2246 1278
3769 2 2 1 3 1269 1705 1320
3770 2 2 1 3 968 976 969
3771 2 2 1 3 1535 2223 1340
3772 2 2 1 3 1080 2239 1104
3773 2 2 1 3 1184 1269 1267
3774 2 2 1 3 197 2253 198
3775 2 2 1 3 1041 2247 1152
3776 2 2 1 3 957 964 958
3777 2 2 1 3 1430 1431 1422
3778 2 2 1 3 968 1138 976
3779 2 2 1 3 1727 1809 1755
3780 2 2 1 3 1023 1025 1024
3781 2 2 1 3 971 2281 975
3782 2 2 1 3 1516 2194 976
3783 2 2 1 3 1971 1972 959
3784 2 2 1 3 1297 2255 1477
3785 2 2 1 3 1626 2255 1352
3786 2 2 1 3 2198 2293 1052
3787 2 2 1 3 1539 1675 1345
3788 2 2 1 3 1296 2255 1297
3789 2 2 1 3 1107 2260 1077
3790 2 2 1 3 1154 2250 1156
3791 2 2 1 3 1371 2249 1301
3792 2 2 1 3 957 1280 964
3793 2 2 1 3 1796 1819 1537
3794 2 2 1 3 1052 2293 1044
3795 2 2 1 3 1144 2251 1177
3796 2 2 1 3 981 982 980
3797 2 2 1 3 1605 2270 1356
3798 2 2 1 3 1459 1497 1362
3799 2 2 1 3 198 853 199
3800 2 2 1 3 1118 1148 1147
3801 2 2 1 3 1235 1366 1365
3802 2 2 1 3 1627 2225 1221
3803 2 2 1 3 1098 1118 1117
3804 2 2 1 3 1159 2252 1189
3805 2 2 1 3 981 2265 1140
3806 2 2 1 3 1550 1559 1426
3807 2 2 1 3 1547 2254 1718
3808 2 2 1 3 1326 1327 1182
3809 2 2 1 3 1138 1182 976
3810 2 2 1 3 1675 2314 2271
3811 2 2 1 3 1034 1036 1035
3812 2 2 1 3 1779 2365 2342
3813 2 2 1 3 1370 2276 1610
3814 2 2 1 3 1517 1519 1327
3815 2 2 1 3 1720 1842 1769
3816 2 2 1 3 101 902 102
3817 2 2 1 3 1344 2275 2220
3818 2 2 1 3 1352 2255 1296
3819 2 2 1 3 1724 1725 1473
3820 2 2 1 3 997 2263 996
3821 2 2 1 3 1304 2224 1305
3822 2 2 1 3 2075 2313 2151
3823 2 2 1 3 1036 1050 1037
3824 2 2 1 3 2018 2351 1214
3825 2 2 1 3 1230 2291 1220
3826 2 2 1 3 107 2230 870
3827 2 2 1 3 1119 2257 1097
3828 2 2 1 3 1722 1820 1719
3829 2 2 1 3 1134 2308 1106
3830 2 2 1 3 1715 1770 1716
3831 2 2 1 3 1632 2291 1373
3832 2 2 1 3 1796 1840 1819
3833 2 2 1 3 2194 2281 971
3834 2 2 1 3 940 1270 942
3835 2 2 1 3 1050 1067 1051
3836 2 2 1 3 977 2290 1637
3837 2 2 1 3 991 1017 1014
3838 2 2 1 3 1351 1426 1304
3839 2 2 1 3 1218 2287 1170
3840 2 2 1 3 1192 1237 1191
3841 2 2 1 3 1088 1098 1097
3842 2 2 1 3 1657 2251 1333
3843 2 2 1 3 1104 2239 1911
3844 2 2 1 3 1091 2266 1112
3845 2 2 1 3 1568 1882 1569
3846 2 2 1 3 1310 2261 1629
3847 2 2 1 3 1042 2293 2247
3848 2 2 1 3 1623 2303 2063
3849 2 2 1 3 1351 1641 1550
3850 2 2 1 3 1426 2224 1304
3851 2 2 1 3 947 2238 1448
3852 2 2 1 3 951 2236 955
3853 2 2 1 3 1034 1640 1036
3854 2 2 1 3 1184 1267 1266
3855 2 2 1 3 1389 1390 1388
3856 2 2 1 3 1097 2257 1067
3857 2 2 1 3 1021 1023 1022
3858 2 2 1 3 1272 2268 1276
3859 2 2 1 3 1627 2296 2225
3860 2 2 1 3 986 2258 984
3861 2 2 1 3 944 977 952
3862 2 2 1 3 1051 2256 1060
3863 2 2 1 3 1669 2268 1314
3864 2 2 1 3 1706 1719 1707
3865 2 2 1 3 1131 2284 1136
3866 2 2 1 3 2271 2314 1269
3867 2 2 1 3 952 2238 945
3868 2 2 1 3 1330 1362 1225
3869 2 2 1 3 979 981 980
3870 2 2 1 3 1713 1715 1714
3871 2 2 1 3 1705 1706 1320
3872 2 2 1 3 1269 1320 1267
3873 2 2 1 3 1646 2336 1644
3874 2 2 1 3 1448 2236 949
3875 2 2 1 3 1050 1088 1067
3876 2 2 1 3 891 2230 106
3877 2 2 1 3 2255 2301 1477
3878 2 2 1 3 1474 1726 1724
3879 2 2 1 3 1044 2293 1042
3880 2 2 1 3 1039 2263 2162
3881 2 2 1 3 1182 2273 1516
3882 2 2 1 3 1085 2300 1126
3883 2 2 1 3 1559 1847 1812
3884 2 2 1 3 1136 2284 1175
3885 2 2 1 3 202 2280 203
3886 2 2 1 3 1148 1184 1147
3887 2 2 1 3 1118 1147 1117
3888 2 2 1 3 1139 1193 1192
3889 2 2 1 3 1728 1729 1549
3890 2 2 1 3 1566 1632 1373
3891 2 2 1 3 1351 1550 1426
3892 2 2 1 3 1641 1643 1642
3893 2 2 1 3 1458 1474 1473
3894 2 2 1 3 1139 1191 1110
3895 2 2 1 3 1783 2273 1327
3896 2 2 1 3 1098 1117 1097
3897 2 2 1 3 1076 2269 1108
3898 2 2 1 3 2162 2269 1054
3899 2 2 1 3 979 980 978
3900 2 2 1 3 2260 2266 1091
3901 2 2 1 3 1232 1351 1304
3902 2 2 1 3 1345 2271 1148
3903 2 2 1 3 1554 2272 1553
3904 2 2 1 3 1643 1780 1642
3905 2 2 1 3 1166 2266 1511
3906 2 2 1 3 1762 1763 1632
3907 2 2 1 3 1273 2283 1667
3908 2 2 1 3 1109 1110 1025
3909 2 2 1 3 996 2263 1039
3910 2 2 1 3 1634 2274 1454
3911 2 2 1 3 1172 1179 1178
3912 2 2 1 3 975 2281 1034
3913 2 2 1 3 105 2241 891
3914 2 2 1 3 1088 1097 1067
3915 2 2 1 3 1741 1826 1646
3916 2 2 1 3 1105 2303 2243
3917 2 2 1 3 1509 1779 1648
3918 2 2 1 3 1626 2301 2255
3919 2 2 1 3 1112 2266 1166
3920 2 2 1 3 1309 2274 1493
3921 2 2 1 3 2207 2313 2075
3922 2 2 1 3 2022 2270 1605
3923 2 2 1 3 1721 2318 2294
3924 2 2 1 3 1308 2274 1309
3925 2 2 1 3 1824 2301 1626
3926 2 2 1 3 1876 2000 1872
3927 2 2 1 3 1314 2268 1272
3928 2 2 1 3 897 2241 104
3929 2 2 1 3 977 978 952
3930 2 2 1 3 1641 1642 1550
3931 2 2 1 3 1725 2309 1473
3932 2 2 1 3 1210 2278 1453
3933 2 2 1 3 1017 1019 1018
3934 2 2 1 3 1179 1200 1199
3935 2 2 1 3 1511 2278 1168
3936 2 2 1 3 1193 1244 1225
3937 2 2 1 3 1054 2269 1076
3938 2 2 1 3 908 1594 910
3939 2 2 1 3 1458 1473 1368
3940 2 2 1 3 977 979 978
3941 2 2 1 3 1244 1444 1330
3942 2 2 1 3 1212 2286 1235
3943 2 2 1 3 1610 2276 2066
3944 2 2 1 3 1870 2000 1873
3945 2 2 1 3 1367 1645 1644
3946 2 2 1 3 1023 1109 1025
3947 2 2 1 3 1644 2286 1293
3948 2 2 1 3 1117 2282 1119
3949 2 2 1 3 203 2289 204
3950 2 2 1 3 1294 1368 1367
3951 2 2 1 3 1553 2272 1723
3952 2 2 1 3 1067 2256 1051
3953 2 2 1 3 1019 1021 1020
3954 2 2 1 3 2148 2297 2182
3955 2 2 1 3 1525 2304 2261
3956 2 2 1 3 2243 2303 1623
3957 2 2 1 3 2261 2304 1629
3958 2 2 1 3 1454 2274 1308
3959 2 2 1 3 1259 2342 1110
3960 2 2 1 3 201 865 202
3961 2 2 1 3 1499 1743 1500
3962 2 2 1 3 1630 2296 1627
3963 2 2 1 3 1726 1830 1724
3964 2 2 1 3 1172 1325 1179
3965 2 2 1 3 1459 1652 1498
3966 2 2 1 3 1213 1294 1293
3967 2 2 1 3 1086 1971 962
3968 2 2 1 3 1305 2224 1359
3969 2 2 1 3 1436 2306 1529
3970 2 2 1 3 1106 2308 1105
3971 2 2 1 3 1200 1212 1209
3972 2 2 1 3 1474 1724 1473
3973 2 2 1 3 1184 2271 1269
3974 2 2 1 3 1459 1498 1497
3975 2 2 1 3 1286 2310 2178
3976 2 2 1 3 1266 2282 1147
3977 2 2 1 3 1714 2242 1498
3978 2 2 1 3 1327 2273 1182
3979 2 2 1 3 1498 2242 1497
3980 2 2 1 3 1168 2278 1210
3981 2 2 1 3 1675 2271 1345
3982 2 2 1 3 1148 2271 1184
3983 2 2 1 3 1506 2313 2207
3984 2 2 1 3 1839 2288 1642
3985 2 2 1 3 1652 1713 1498
3986 2 2 1 3 1047 1057 1056
3987 2 2 1 3 1139 1192 1191
3988 2 2 1 3 1060 2256 1639
3989 2 2 1 3 1228 2339 2299
3990 2 2 1 3 2259 2383 1785
3991 2 2 1 3 1776 2332 2184
3992 2 2 1 3 1330 1459 1362
3993 2 2 1 3 1744 1760 1759
3994 2 2 1 3 1446 1684 1444
3995 2 2 1 3 1109 1139 1110
3996 2 2 1 3 1720 2285 1842
3997 2 2 1 3 1826 2371 1646
3998 2 2 1 3 1719 2285 1720
3999 2 2 1 3 1477 2301 1638
4000 2 2 1 3 1193 1225 1192
4001 2 2 1 3 1639 2300 1085
4002 2 2 1 3 2414 2422 1653
4003 2 2 1 3 1031 1047 1046
4004 2 2 1 3 204 871 205
4005 2 2 1 3 1550 2288 1559
4006 2 2 1 3 1034 2281 1640
4007 2 2 1 3 1126 2300 1172
4008 2 2 1 3 1470 2326 1499
4009 2 2 1 3 2274 2321 1493
4010 2 2 1 3 1821 2304 1525
4011 2 2 1 3 1509 1568 1057
4012 2 2 1 3 1294 1367 1293
4013 2 2 1 3 1200 1213 1212
4014 2 2 1 3 968 2292 1138
4015 2 2 1 3 1559 2288 1847
4016 2 2 1 3 892 2253 197
4017 2 2 1 3 1236 1353 1306
4018 2 2 1 3 1841 2321 1634
4019 2 2 1 3 1707 2294 1320
4020 2 2 1 3 2223 2295 1633
4021 2 2 1 3 1756 2395 1853
4022 2 2 1 3 1768 1884 1567
4023 2 2 1 3 1629 2304 1631
4024 2 2 1 3 1280 2292 964
4025 2 2 1 3 1047 1509 1057
4026 2 2 1 3 1244 1330 1225
4027 2 2 1 3 1267 2294 1268
4028 2 2 1 3 1820 2285 1719
4029 2 2 1 3 874 1932 906
4030 2 2 1 3 1580 2340 1423
4031 2 2 1 3 1819 2295 1537
4032 2 2 1 3 1213 1293 1212
4033 2 2 1 3 1645 1741 1646
4034 2 2 1 3 1402 1790 1420
4035 2 2 1 3 1535 2295 2223
4036 2 2 1 3 1164 2358 1111
4037 2 2 1 3 1147 2282 1117
4038 2 2 1 3 964 2292 968
4039 2 2 1 3 198 2253 853
4040 2 2 1 3 1537 2295 1535
4041 2 2 1 3 1634 2321 2274
4042 2 2 1 3 1509 1648 1568
4043 2 2 1 3 957 2298 1280
4044 2 2 1 3 1642 2288 1550
4045 2 2 1 3 1105 2308 2303
4046 2 2 1 3 2213 2317 973
4047 2 2 1 3 1134 2343 2308
4048 2 2 1 3 2293 2330 2247
4049 2 2 1 3 1366 1472 1471
4050 2 2 1 3 942 2290 944
4051 2 2 1 3 1268 2318 1788
4052 2 2 1 3 1658 2373 1683
4053 2 2 1 3 1229 2299 1232
4054 2 2 1 3 1214 2351 1215
4055 2 2 1 3 154 838 155
4056 2 2 1 3 1480 1753 1752
4057 2 2 1 3 2045 2362 1432
4058 2 2 1 3 2263 2337 2058
4059 2 2 1 3 156 894 157
4060 2 2 1 3 2054 2350 2055
4061 2 2 1 3 955 2298 957
4062 2 2 1 3 1320 2294 1267
4063 2 2 1 3 1795 2388 1656
4064 2 2 1 3 2236 2298 955
4065 2 2 1 3 2169 2330 2198
4066 2 2 1 3 159 846 160
4067 2 2 1 3 1270 2290 942
4068 2 2 1 3 1235 2286 1366
4069 2 2 1 3 2359 2373 1982
4070 2 2 1 3 1647 2352 2160
4071 2 2 1 3 2322 2356 1778
4072 2 2 1 3 2160 2322 1736
4073 2 2 1 3 2337 2350 2058
4074 2 2 1 3 1192 2307 1237
4075 2 2 1 3 1269 2314 1705
4076 2 2 1 3 1640 2302 1036
4077 2 2 1 3 1050 2302 1088
4078 2 2 1 3 1485 1564 1483
4079 2 2 1 3 944 2290 977
4080 2 2 1 3 2169 2335 2330
4081 2 2 1 3 1391 1392 1390
4082 2 2 1 3 1293 2286 1212
4083 2 2 1 3 1636 2320 2224
4084 2 2 1 3 2294 2318 1268
4085 2 2 1 3 1378 2114 1653
4086 2 2 1 3 1872 2000 1870
4087 2 2 1 3 1172 2300 1325
4088 2 2 1 3 1232 2299 1351
4089 2 2 1 3 1114 2334 2193
4090 2 2 1 3 1362 2307 1225
4091 2 2 1 3 2346 2359 1982
4092 2 2 1 3 1612 1613 1577
4093 2 2 1 3 1351 2299 1641
4094 2 2 1 3 1036 2302 1050
4095 2 2 1 3 1472 1728 1549
4096 2 2 1 3 1493 2321 1727
4097 2 2 1 3 2221 2334 1114
4098 2 2 1 3 1776 2348 2332
4099 2 2 1 3 1413 1430 1422
4100 2 2 1 3 2377 2385 1777
4101 2 2 1 3 1473 2309 1368
4102 2 2 1 3 1509 2325 1779
4103 2 2 1 3 1206 2343 1162
4104 2 2 1 3 997 2337 2263
4105 2 2 1 3 1015 2337 1000
4106 2 2 1 3 1017 1452 1019
4107 2 2 1 3 2299 2339 1641
4108 2 2 1 3 1206 2352 2343
4109 2 2 1 3 1402 1419 1399
4110 2 2 1 3 161 895 162
4111 2 2 1 3 1420 1544 1419
4112 2 2 1 3 1523 2364 1334
4113 2 2 1 3 1368 2309 1367
4114 2 2 1 3 2198 2330 2293
4115 2 2 1 3 1743 2323 1744
4116 2 2 1 3 1502 1546 1490
4117 2 2 1 3 1433 2357 2176
4118 2 2 1 3 1508 2379 2361
4119 2 2 1 3 1469 2326 1470
4120 2 2 1 3 2280 2289 203
4121 2 2 1 3 1337 2357 1433
4122 2 2 1 3 1499 2326 1823
4123 2 2 1 3 2161 2399 1323
4124 2 2 1 3 865 2280 202
4125 2 2 1 3 1393 1394 1392
4126 2 2 1 3 1684 2312 1444
4127 2 2 1 3 1444 2312 1330
4128 2 2 1 3 1411 2404 1403
4129 2 2 1 3 162 2311 163
4130 2 2 1 3 1225 2307 1192
4131 2 2 1 3 2170 2335 2169
4132 2 2 1 3 1459 2312 1652
4133 2 2 1 3 2330 2335 1443
4134 2 2 1 3 1476 1612 1577
4135 2 2 1 3 1367 2309 1645
4136 2 2 1 3 1499 1823 1743
4137 2 2 1 3 2247 2330 1443
4138 2 2 1 3 1756 1853 1851
4139 2 2 1 3 1359 2320 1469
4140 2 2 1 3 2308 2343 2064
4141 2 2 1 3 1823 1846 1743
4142 2 2 1 3 1325 2319 1179
4143 2 2 1 3 906 2324 908
4144 2 2 1 3 163 856 164
4145 2 2 1 3 2291 2328 1219
4146 2 2 1 3 1200 2319 1213
4147 2 2 1 3 1781 2381 2378
4148 2 2 1 3 1330 2312 1459
4149 2 2 1 3 1202 2356 1206
4150 2 2 1 3 1967 2355 1406
4151 2 2 1 3 1099 1123 1122
4152 2 2 1 3 2224 2320 1359
4153 2 2 1 3 204 2289 871
4154 2 2 1 3 991 2317 1017
4155 2 2 1 3 1546 1801 1800
4156 2 2 1 3 1179 2319 1200
4157 2 2 1 3 1015 2361 2092
4158 2 2 1 3 2177 2338 2334
4159 2 2 1 3 2278 2348 1650
4160 2 2 1 3 2260 2332 2266
4161 2 2 1 3 2252 2360 1654
4162 2 2 1 3 1903 2340 1580
4163 2 2 1 3 2231 2354 2170
4164 2 2 1 3 2177 2334 2221
4165 2 2 1 3 1788 2435 1674
4166 2 2 1 3 1381 2344 1379
4167 2 2 1 3 1870 1873 1868
4168 2 2 1 3 2266 2332 1511
4169 2 2 1 3 1423 2340 1412
4170 2 2 1 3 2231 2360 2354
4171 2 2 1 3 2383 2396 1785
4172 2 2 1 3 1109 2346 2065
4173 2 2 1 3 1430 1567 1431
4174 2 2 1 3 1508 2361 1004
4175 2 2 1 3 973 2317 991
4176 2 2 1 3 1433 2338 2177
4177 2 2 1 3 1763 2328 1632
4178 2 2 1 3 908 2324 1594
4179 2 2 1 3 1000 2337 997
4180 2 2 1 3 1047 2325 1509
4181 2 2 1 3 1023 2346 1109
4182 2 2 1 3 1632 2328 2291
4183 2 2 1 3 1744 2323 1760
4184 2 2 1 3 1386 1417 1384
4185 2 2 1 3 1002 2361 1015
4186 2 2 1 3 1516 2353 2194
4187 2 2 1 3 1420 1545 1544
4188 2 2 1 3 1697 2490 2400
4189 2 2 1 3 1031 2325 1047
4190 2 2 1 3 1443 2335 2250
4191 2 2 1 3 2184 2332 2260
4192 2 2 1 3 1781 2378 1515
4193 2 2 1 3 1321 2441 2068
4194 2 2 1 3 1588 1903 1580
4195 2 2 1 3 1410 2349 1387
4196 2 2 1 3 1432 2362 2239
4197 2 2 1 3 1900 2363 1617
4198 2 2 1 3 1768 1906 1884
4199 2 2 1 3 2332 2348 1511
4200 2 2 1 3 1206 2356 2322
4201 2 2 1 3 1419 2329 1399
4202 2 2 1 3 1025 2365 1024
4203 2 2 1 3 1402 1420 1419
4204 2 2 1 3 1817 1897 1767
4205 2 2 1 3 1641 2339 1643
4206 2 2 1 3 1027 2325 1031
4207 2 2 1 3 1162 2343 1134
4208 2 2 1 3 1021 2346 1023
4209 2 2 1 3 1224 2405 2161
4210 2 2 1 3 1398 1400 1399
4211 2 2 1 3 1017 2317 1452
4212 2 2 1 3 2343 2352 2064
4213 2 2 1 3 1517 2366 1519
4214 2 2 1 3 1932 2324 906
4215 2 2 1 3 1176 1216 1194
4216 2 2 1 3 1846 2323 1743
4217 2 2 1 3 2257 2406 2396
4218 2 2 1 3 1990 2415 1985
4219 2 2 1 3 1110 2342 1025
4220 2 2 1 3 2161 2405 2399
4221 2 2 1 3 2120 2389 1661
4222 2 2 1 3 2058 2350 2054
4223 2 2 1 3 1215 2351 1228
4224 2 2 1 3 1390 1418 1388
4225 2 2 1 3 2068 2434 2069
4226 2 2 1 3 2170 2354 2335
4227 2 2 1 3 1565 1848 1564
4228 2 2 1 3 1793 2523 2520
4229 2 2 1 3 1788 2439 2435
4230 2 2 1 3 931 2369 933
4231 2 2 1 3 2064 2352 1647
4232 2 2 1 3 2222 2401 2385
4233 2 2 1 3 166 867 167
4234 2 2 1 3 1456 2381 1548
4235 2 2 1 3 1612 1864 1613
4236 2 2 1 3 1224 2413 2405
4237 2 2 1 3 1673 2390 1672
4238 2 2 1 3 1851 1852 1757
4239 2 2 1 3 152 893 153
4240 2 2 1 3 1430 1578 1567
4241 2 2 1 3 1398 1399 1396
4242 2 2 1 3 2356 2376 1778
4243 2 2 1 3 1672 2375 2268
4244 2 2 1 3 1228 2351 2339
4245 2 2 1 3 1394 1396 1395
4246 2 2 1 3 2348 2367 1650
4247 2 2 1 3 1704 2387 2376
4248 2 2 1 3 1358 2398 1353
4249 2 2 1 3 2180 2413 1224
4250 2 2 1 3 1489 1490 1488
4251 2 2 1 3 1927 2374 1395
4252 2 2 1 3 1511 2348 2278
4253 2 2 1 3 1650 2367 2199
4254 2 2 1 3 1489 1502 1490
4255 2 2 1 3 1640 2353 2262
4256 2 2 1 3 2286 2336 1366
4257 2 2 1 3 1394 1395 1392
4258 2 2 1 3 1323 2391 2148
4259 2 2 1 3 1396 2329 1395
4260 2 2 1 3 2354 2360 1161
4261 2 2 1 3 2194 2353 2281
4262 2 2 1 3 2250 2354 1161
4263 2 2 1 3 1516 2382 2353
4264 2 2 1 3 1400 1402 1399
4265 2 2 1 3 2335 2354 2250
4266 2 2 1 3 1578 1907 1768
4267 2 2 1 3 1111 2358 1321
4268 2 2 1 3 1578 1768 1567
4269 2 2 1 3 1646 2371 2336
4270 2 2 1 3 1644 2336 2286
4271 2 2 1 3 1628 2357 1337
4272 2 2 1 3 2325 2365 1779
4273 2 2 1 3 1457 2394 1659
4274 2 2 1 3 1353 1424 1306
4275 2 2 1 3 1403 2404 1400
4276 2 2 1 3 1406 2355 1413
4277 2 2 1 3 1673 2397 2390
4278 2 2 1 3 1431 2331 1476
4279 2 2 1 3 1292 2356 1202
4280 2 2 1 3 1776 2367 2348
4281 2 2 1 3 1543 2400 1348
4282 2 2 1 3 1704 2376 2296
4283 2 2 1 3 1366 2336 1472
4284 2 2 1 3 895 2311 162
4285 2 2 1 3 2105 2402 2103
4286 2 2 1 3 1452 2359 1019
4287 2 2 1 3 2281 2353 1640
4288 2 2 1 3 1567 2331 1431
4289 2 2 1 3 2361 2379 2092
4290 2 2 1 3 1489 1756 1502
4291 2 2 1 3 1756 1757 1502
4292 2 2 1 3 940 2380 1270
4293 2 2 1 3 2298 2377 1930
4294 2 2 1 3 1836 2397 1673
4295 2 2 1 3 151 2333 152
4296 2 2 1 3 2520 2523 836
4297 2 2 1 3 2367 2375 2199
4298 2 2 1 3 1019 2359 1021
4299 2 2 1 3 1399 2329 1396
4300 2 2 1 3 163 2311 856
4301 2 2 1 3 1944 2428 1694
4302 2 2 1 3 1021 2359 2346
4303 2 2 1 3 2236 2377 2298
4304 2 2 1 3 1161 2360 2252
4305 2 2 1 3 1384 2344 1381
4306 2 2 1 3 2068 2441 2434
4307 2 2 1 3 1027 2365 2325
4308 2 2 1 3 2381 2386 1548
4309 2 2 1 3 1004 2361 1002
4310 2 2 1 3 1236 1358 1353
4311 2 2 1 3 1617 2363 1615
4312 2 2 1 3 1096 2403 1258
4313 2 2 1 3 2014 2424 1128
4314 2 2 1 3 1476 2331 1612
4315 2 2 1 3 1150 2403 1087
4316 2 2 1 3 1767 2345 1588
4317 2 2 1 3 2239 2362 1911
4318 2 2 1 3 1756 1851 1757
4319 2 2 1 3 2001 2416 1896
4320 2 2 1 3 1388 2347 1386
4321 2 2 1 3 2040 2416 2039
4322 2 2 1 3 1334 2364 2180
4323 2 2 1 3 1402 2404 1790
4324 2 2 1 3 1413 2355 1430
4325 2 2 1 3 1523 2411 2364
4326 2 2 1 3 1972 2453 1973
4327 2 2 1 3 1408 2537 2466
4328 2 2 1 3 1615 2366 1517
4329 2 2 1 3 2439 2444 1474
4330 2 2 1 3 1276 2367 1776
4331 2 2 1 3 1024 2365 1027
4332 2 2 1 3 2222 2385 2238
4333 2 2 1 3 2363 2366 1615
4334 2 2 1 3 2360 2378 1654
4335 2 2 1 3 2353 2382 2262
4336 2 2 1 3 2257 2396 2256
4337 2 2 1 3 2092 2379 2057
4338 2 2 1 3 1982 2373 1658
4339 2 2 1 3 933 2369 937
4340 2 2 1 3 1292 2376 2356
4341 2 2 1 3 1753 1843 1752
4342 2 2 1 3 1417 2344 1384
4343 2 2 1 3 2448 2517 864
4344 2 2 1 3 2273 2382 1516
4345 2 2 1 3 1739 2387 1704
4346 2 2 1 3 1787 2372 1786
4347 2 2 1 3 1386 2347 1417
4348 2 2 1 3 2378 2381 1654
4349 2 2 1 3 1588 2345 1903
4350 2 2 1 3 1868 2244 1867
4351 2 2 1 3 2376 2387 1778
4352 2 2 1 3 1276 2375 2367
4353 2 2 1 3 1418 2347 1388
4354 2 2 1 3 1195 2412 1329
4355 2 2 1 3 1325 2383 2259
4356 2 2 1 3 1897 2345 1767
4357 2 2 1 3 1874 1875 1872
4358 2 2 1 3 2393 2394 1599
4359 2 2 1 3 1873 2244 1868
4360 2 2 1 3 2273 2393 2382
4361 2 2 1 3 1484 1486 1416
4362 2 2 1 3 1871 1872 1870
4363 2 2 1 3 1570 1898 1883
4364 2 2 1 3 2336 2371 1472
4365 2 2 1 3 1430 2355 1578
4366 2 2 1 3 2385 2401 1777
4367 2 2 1 3 2217 2433 1523
4368 2 2 1 3 1392 2374 1390
4369 2 2 1 3 1487 1488 1486
4370 2 2 1 3 1407 1415 1411
4371 2 2 1 3 2268 2375 1276
4372 2 2 1 3 1989 2455 2228
4373 2 2 1 3 1448 2377 2236
4374 2 2 1 3 2300 2383 1325
4375 2 2 1 3 1515 2378 2231
4376 2 2 1 3 1569 2417 1057
4377 2 2 1 3 2296 2376 1292
4378 2 2 1 3 1472 2371 1728
4379 2 2 1 3 1056 2417 1073
4380 2 2 1 3 1651 2420 1976
4381 2 2 1 3 1672 2390 2375
4382 2 2 1 3 2510 2512 2187
4383 2 2 1 3 2369 2380 937
4384 2 2 1 3 2297 2379 1508
4385 2 2 1 3 1487 1489 1488
4386 2 2 1 3 1649 2421 2190
4387 2 2 1 3 1664 2411 1657
4388 2 2 1 3 1390 2374 1418
4389 2 2 1 3 1654 2381 1456
4390 2 2 1 3 2231 2378 2360
4391 2 2 1 3 937 2380 940
4392 2 2 1 3 1353 2398 1480
4393 2 2 1 3 2217 2437 2433
4394 2 2 1 3 1783 2394 2393
4395 2 2 1 3 2351 2392 2339
4396 2 2 1 3 2373 2409 1683
4397 2 2 1 3 1674 2418 2282
4398 2 2 1 3 1907 2422 2414
4399 2 2 1 3 1685 2430 1686
4400 2 2 1 3 1395 2374 1392
4401 2 2 1 3 2396 2406 1785
4402 2 2 1 3 1323 2399 2391
4403 2 2 1 3 1867 2458 1806
4404 2 2 1 3 2379 2391 2057
4405 2 2 1 3 1448 2385 2377
4406 2 2 1 3 1216 2370 1194
4407 2 2 1 3 2262 2382 2189
4408 2 2 1 3 918 2425 1075
4409 2 2 1 3 1639 2383 2300
4410 2 2 1 3 2189 2393 1599
4411 2 2 1 3 1778 2387 1737
4412 2 2 1 3 1656 2388 1927
4413 2 2 1 3 1782 2386 1781
4414 2 2 1 3 1480 2398 1753
4415 2 2 1 3 2238 2385 1448
4416 2 2 1 3 2382 2393 2189
4417 2 2 1 3 1523 2433 2411
4418 2 2 1 3 1884 2384 2331
4419 2 2 1 3 2112 2459 2110
4420 2 2 1 3 1661 2389 1920
4421 2 2 1 3 1223 2427 914
4422 2 2 1 3 1194 2370 1236
4423 2 2 1 3 2069 2423 2258
4424 2 2 1 3 1101 2462 1907
4425 2 2 1 3 1781 2386 2381
4426 2 2 1 3 2297 2391 2379
4427 2 2 1 3 152 2333 893
4428 2 2 1 3 2437 2442 1676
4429 2 2 1 3 1270 2407 2290
4430 2 2 1 3 1708 2524 2523
4431 2 2 1 3 1612 2384 1864
4432 2 2 1 3 1663 2438 2048
4433 2 2 1 3 2514 2518 2191
4434 2 2 1 3 1653 2422 1967
4435 2 2 1 3 2199 2390 1554
4436 2 2 1 3 2331 2384 1612
4437 2 2 1 3 1013 2451 1032
4438 2 2 1 3 1853 2526 1854
4439 2 2 1 3 2267 2432 1775
4440 2 2 1 3 1639 2396 2383
4441 2 2 1 3 2018 2392 2351
4442 2 2 1 3 2375 2390 2199
4443 2 2 1 3 1668 2437 1676
4444 2 2 1 3 1599 2394 1457
4445 2 2 1 3 2390 2397 1554
4446 2 2 1 3 1484 1487 1486
4447 2 2 1 3 912 2436 1223
4448 2 2 1 3 2148 2391 2297
4449 2 2 1 3 1415 1483 1416
4450 2 2 1 3 2364 2411 1664
4451 2 2 1 3 1236 2370 1358
4452 2 2 1 3 1783 2393 2273
4453 2 2 1 3 1484 1562 1487
4454 2 2 1 3 1777 2401 1677
4455 2 2 1 3 1483 1484 1416
4456 2 2 1 3 2120 2407 2389
4457 2 2 1 3 1871 1874 1872
4458 2 2 1 3 2110 2461 2109
4459 2 2 1 3 1594 2436 910
4460 2 2 1 3 2057 2399 2056
4461 2 2 1 3 2256 2396 1639
4462 2 2 1 3 1554 2397 2272
4463 2 2 1 3 1458 2439 1474
4464 2 2 1 3 1353 1480 1424
4465 2 2 1 3 2459 2461 2110
4466 2 2 1 3 1465 2445 1463
4467 2 2 1 3 1543 2487 2400
4468 2 2 1 3 1348 2400 2167
4469 2 2 1 3 2461 2463 2109
4470 2 2 1 3 2103 2402 2102
4471 2 2 1 3 1939 2604 871
4472 2 2 1 3 2339 2392 1643
4473 2 2 1 3 1677 2410 1662
4474 2 2 1 3 2102 2471 1150
4475 2 2 1 3 1480 1560 1424
4476 2 2 1 3 1087 2403 1096
4477 2 2 1 3 1260 2401 2222
4478 2 2 1 3 2401 2410 1677
4479 2 2 1 3 1575 2466 1711
4480 2 2 1 3 2399 2405 2056
4481 2 2 1 3 2392 2408 1643
4482 2 2 1 3 1415 1416 1411
4483 2 2 1 3 2219 2452 2112
4484 2 2 1 3 2468 2471 2102
4485 2 2 1 3 1769 2454 1721
4486 2 2 1 3 1987 2477 1989
4487 2 2 1 3 1709 2495 2076
4488 2 2 1 3 2039 2416 2001
4489 2 2 1 3 1676 2442 1740
4490 2 2 1 3 1785 2406 1784
4491 2 2 1 3 1869 1877 1871
4492 2 2 1 3 2485 2490 1697
4493 2 2 1 3 2056 2405 2156
4494 2 2 1 3 1560 2368 1807
4495 2 2 1 3 1869 1871 1870
4496 2 2 1 3 1260 2410 2401
4497 2 2 1 3 2410 2419 1662
4498 2 2 1 3 1967 2422 2355
4499 2 2 1 3 1489 2395 1756
4500 2 2 1 3 1573 1845 1751
4501 2 2 1 3 1480 1752 1560
4502 2 2 1 3 2317 2409 1452
4503 2 2 1 3 2234 2500 1543
4504 2 2 1 3 2405 2413 2156
4505 2 2 1 3 1976 2503 1701
4506 2 2 1 3 2355 2422 1578
4507 2 2 1 3 2389 2407 1270
4508 2 2 1 3 1843 2305 1752
4509 2 2 1 3 2391 2399 2057
4510 2 2 1 3 1869 1870 1868
4511 2 2 1 3 2248 2410 1260
4512 2 2 1 3 2409 2446 1683
4513 2 2 1 3 1849 2544 1751
4514 2 2 1 3 1447 2412 1195
4515 2 2 1 3 2290 2407 1637
4516 2 2 1 3 1643 2408 1780
4517 2 2 1 3 2156 2413 1664
4518 2 2 1 3 1662 2419 2149
4519 2 2 1 3 1119 2406 2257
4520 2 2 1 3 2406 2418 1784
4521 2 2 1 3 1985 2415 1987
4522 2 2 1 3 1657 2411 2283
4523 2 2 1 3 1545 2482 2479
4524 2 2 1 3 1524 2465 2463
4525 2 2 1 3 1411 2440 2404
4526 2 2 1 3 1683 2446 2031
4527 2 2 1 3 1119 2418 2406
4528 2 2 1 3 2419 2423 2149
4529 2 2 1 3 2234 2505 2500
4530 2 2 1 3 2213 2409 2317
4531 2 2 1 3 1848 1850 1564
4532 2 2 1 3 1678 2443 2120
4533 2 2 1 3 922 2457 2164
4534 2 2 1 3 1990 2470 2415
4535 2 2 1 3 1546 2450 1801
4536 2 2 1 3 1452 2409 2373
4537 2 2 1 3 920 2457 922
4538 2 2 1 3 2248 2419 2410
4539 2 2 1 3 2120 2443 2407
4540 2 2 1 3 2191 2518 844
4541 2 2 1 3 2164 2457 2040
4542 2 2 1 3 1819 2447 2295
4543 2 2 1 3 1487 2395 1489
4544 2 2 1 3 1958 2533 1033
4545 2 2 1 3 1416 2440 1411
4546 2 2 1 3 2114 2414 1653
4547 2 2 1 3 1407 1411 1403
4548 2 2 1 3 1678 2449 2443
4549 2 2 1 3 1788 2444 2439
4550 2 2 1 3 1757 2450 1502
4551 2 2 1 3 1089 2419 2248
4552 2 2 1 3 2282 2418 1119
4553 2 2 1 3 1057 2417 1056
4554 2 2 1 3 2175 2420 1651
4555 2 2 1 3 1792 2421 1649
4556 2 2 1 3 2014 2486 2424
4557 2 2 1 3 1089 2423 2419
4558 2 2 1 3 2505 2509 1722
4559 2 2 1 3 2107 2465 2105
4560 2 2 1 3 1128 2424 1990
4561 2 2 1 3 1709 2496 2495
4562 2 2 1 3 1698 2496 1709
4563 2 2 1 3 1400 2404 1402
4564 2 2 1 3 2411 2433 2283
4565 2 2 1 3 1689 2449 1678
4566 2 2 1 3 916 2425 918
4567 2 2 1 3 2407 2443 1637
4568 2 2 1 3 2258 2423 1089
4569 2 2 1 3 1699 2497 1698
4570 2 2 1 3 1689 2452 2449
4571 2 2 1 3 1752 2368 1560
4572 2 2 1 3 1524 2463 1343
4573 2 2 1 3 916 2427 2425
4574 2 2 1 3 914 2427 916
4575 2 2 1 3 2460 2481 1659
4576 2 2 1 3 1698 2497 2496
4577 2 2 1 3 1543 2500 2487
4578 2 2 1 3 1945 2428 1944
4579 2 2 1 3 2213 2446 2409
4580 2 2 1 3 2175 2506 2501
4581 2 2 1 3 1701 2499 1699
4582 2 2 1 3 1573 1751 1571
4583 2 2 1 3 1792 2507 2502
4584 2 2 1 3 306 2467 305
4585 2 2 1 3 2028 2528 1429
4586 2 2 1 3 1564 2426 1483
4587 2 2 1 3 2069 2434 2423
4588 2 2 1 3 1699 2499 2497
4589 2 2 1 3 2446 2455 2031
4590 2 2 1 3 1562 2395 1487
4591 2 2 1 3 1960 2475 1488
4592 2 2 1 3 2402 2468 2102
4593 2 2 1 3 1771 2430 1685
4594 2 2 1 3 2508 2514 887
4595 2 2 1 3 2445 2522 1463
4596 2 2 1 3 2404 2440 1790
4597 2 2 1 3 961 2513 2014
4598 2 2 1 3 1578 2422 1907
4599 2 2 1 3 1429 2527 2145
4600 2 2 1 3 1512 2468 1524
4601 2 2 1 3 1770 2431 1887
4602 2 2 1 3 1866 1869 1868
4603 2 2 1 3 2071 2492 2070
4604 2 2 1 3 2305 2368 1752
4605 2 2 1 3 2456 2530 1962
4606 2 2 1 3 2145 2521 961
4607 2 2 1 3 1701 2503 2499
4608 2 2 1 3 1795 2498 2388
4609 2 2 1 3 1372 2472 1371
4610 2 2 1 3 1484 2426 1562
4611 2 2 1 3 1866 1867 1806
4612 2 2 1 3 1674 2435 2418
4613 2 2 1 3 887 2514 2191
4614 2 2 1 3 1795 2532 2498
4615 2 2 1 3 1974 2546 1201
4616 2 2 1 3 1784 2435 1522
4617 2 2 1 3 2073 2493 2071
4618 2 2 1 3 1802 2479 1691
4619 2 2 1 3 1735 2472 1495
4620 2 2 1 3 1712 2432 2267
4621 2 2 1 3 2149 2434 1620
4622 2 2 1 3 2217 2442 2437
4623 2 2 1 3 2507 2510 886
4624 2 2 1 3 1474 2444 1726
4625 2 2 1 3 1945 2488 2484
4626 2 2 1 3 2076 2494 2073
4627 2 2 1 3 2488 2489 858
4628 2 2 1 3 910 2436 912
4629 2 2 1 3 2283 2433 1667
4630 2 2 1 3 2433 2437 1667
4631 2 2 1 3 1866 1868 1867
4632 2 2 1 3 2071 2493 2492
4633 2 2 1 3 1527 2470 1446
4634 2 2 1 3 2435 2439 1522
4635 2 2 1 3 1429 2528 2527
4636 2 2 1 3 2186 2511 840
4637 2 2 1 3 1667 2437 1668
4638 2 2 1 3 2073 2494 2493
4639 2 2 1 3 2394 2460 1659
4640 2 2 1 3 2434 2441 1620
4641 2 2 1 3 1791 2438 1663
4642 2 2 1 3 870 2476 108
4643 2 2 1 3 2076 2495 2494
4644 2 2 1 3 1483 2426 1484
4645 2 2 1 3 2048 2474 1690
4646 2 2 1 3 2145 2527 2521
4647 2 2 1 3 2432 2512 1775
4648 2 2 1 3 1694 2480 1692
4649 2 2 1 3 961 2521 2513
4650 2 2 1 3 1522 2439 1458
4651 2 2 1 3 110 2478 866
4652 2 2 1 3 2511 2515 840
4653 2 2 1 3 1895 2524 1708
4654 2 2 1 3 840 2515 2181
4655 2 2 1 3 1620 2441 1900
4656 2 2 1 3 1907 2462 1768
4657 2 2 1 3 1478 2442 2217
4658 2 2 1 3 1637 2443 2265
4659 2 2 1 3 1690 2473 2053
4660 2 2 1 3 2235 2481 1787
4661 2 2 1 3 2478 2480 866
4662 2 2 1 3 866 2484 111
4663 2 2 1 3 1791 2478 2476
4664 2 2 1 3 2070 2489 1695
4665 2 2 1 3 1727 2483 1809
4666 2 2 1 3 2167 2490 1257
4667 2 2 1 3 1660 2522 2519
4668 2 2 1 3 1539 2485 1697
4669 2 2 1 3 113 2488 858
4670 2 2 1 3 2245 2458 1867
4671 2 2 1 3 2452 2459 2112
4672 2 2 1 3 1519 2460 1783
4673 2 2 1 3 2443 2449 2265
4674 2 2 1 3 1688 2445 1465
4675 2 2 1 3 2053 2469 1798
4676 2 2 1 3 1033 2451 1013
4677 2 2 1 3 1690 2474 2473
4678 2 2 1 3 1941 2541 1086
4679 2 2 1 3 1688 2448 2445
4680 2 2 1 3 2318 2444 1788
4681 2 2 1 3 1793 2448 1688
4682 2 2 1 3 1850 2426 1564
4683 2 2 1 3 1409 2550 2547
4684 2 2 1 3 1697 2487 1675
4685 2 2 1 3 1180 2446 2213
4686 2 2 1 3 2295 2447 1633
4687 2 2 1 3 1486 2440 1416
4688 2 2 1 3 1841 2483 2321
4689 2 2 1 3 1989 2477 2455
4690 2 2 1 3 1798 2464 1799
4691 2 2 1 3 2014 2513 2486
4692 2 2 1 3 1524 2468 2402
4693 2 2 1 3 2265 2449 1140
4694 2 2 1 3 1086 2542 1971
4695 2 2 1 3 1502 2450 1546
4696 2 2 1 3 2449 2452 1140
4697 2 2 1 3 2423 2434 2149
4698 2 2 1 3 2418 2435 1784
4699 2 2 1 3 1648 2491 1568
4700 2 2 1 3 2444 2454 1726
4701 2 2 1 3 135 2517 136
4702 2 2 1 3 2053 2473 2469
4703 2 2 1 3 2175 2501 2420
4704 2 2 1 3 1711 2466 1805
4705 2 2 1 3 1420 2482 1545
4706 2 2 1 3 1792 2502 2421
4707 2 2 1 3 1140 2452 2219
4708 2 2 1 3 2421 2518 2190
4709 2 2 1 3 1684 2486 2312
4710 2 2 1 3 1960 2482 2475
4711 2 2 1 3 1971 2453 1972
4712 2 2 1 3 2372 2460 1519
4713 2 2 1 3 1798 2469 2464
4714 2 2 1 3 2415 2470 1527
4715 2 2 1 3 849 2501 122
4716 2 2 1 3 844 2502 127
4717 2 2 1 3 2451 2456 1032
4718 2 2 1 3 1594 2524 2436
4719 2 2 1 3 1180 2455 2446
4720 2 2 1 3 2228 2455 1180
4721 2 2 1 3 124 2506 887
4722 2 2 1 3 129 2507 886
4723 2 2 1 3 1945 2484 2428
4724 2 2 1 3 846 2559 1910
4725 2 2 1 3 2070 2492 2489
4726 2 2 1 3 2541 2542 1086
4727 2 2 1 3 2173 2508 2175
4728 2 2 1 3 1706 2505 1722
4729 2 2 1 3 2429 2545 1852
4730 2 2 1 3 2237 2512 1702
4731 2 2 1 3 1755 2509 1494
4732 2 2 1 3 1956 2532 1958
4733 2 2 1 3 1075 2457 920
4734 2 2 1 3 2372 2481 2460
4735 2 2 1 3 2318 2454 2444
4736 2 2 1 3 1721 2454 2318
4737 2 2 1 3 2181 2519 2165
4738 2 2 1 3 2187 2512 2432
4739 2 2 1 3 2400 2487 1697
4740 2 2 1 3 1462 2522 1660
4741 2 2 1 3 2166 2522 2445
4742 2 2 1 3 2275 2459 1689
4743 2 2 1 3 2438 2476 870
4744 2 2 1 3 1397 2551 1877
4745 2 2 1 3 2428 2484 866
4746 2 2 1 3 2463 2465 2109
4747 2 2 1 3 1983 2531 1375
4748 2 2 1 3 1791 2476 2438
4749 2 2 1 3 1645 2525 1741
4750 2 2 1 3 2275 2461 2459
4751 2 2 1 3 2440 2475 1790
4752 2 2 1 3 137 2520 836
4753 2 2 1 3 1708 2523 1793
4754 2 2 1 3 1878 2531 1858
4755 2 2 1 3 1725 2525 2309
4756 2 2 1 3 1344 2463 2461
4757 2 2 1 3 1344 2461 2275
4758 2 2 1 3 2424 2486 1684
4759 2 2 1 3 1689 2459 2452
4760 2 2 1 3 844 2518 2421
4761 2 2 1 3 1343 2463 1344
4762 2 2 1 3 2235 2490 2485
4763 2 2 1 3 2235 2485 2481
4764 2 2 1 3 1544 2530 1655
4765 2 2 1 3 2420 2501 849
4766 2 2 1 3 2421 2502 844
4767 2 2 1 3 1486 2475 2440
4768 2 2 1 3 1768 2462 1906
4769 2 2 1 3 2515 2519 2181
4770 2 2 1 3 2479 2482 1960
4771 2 2 1 3 2109 2465 2107
4772 2 2 1 3 897 2464 2241
4773 2 2 1 3 881 2467 306
4774 2 2 1 3 853 2584 1917
4775 2 2 1 3 1858 2531 1593
4776 2 2 1 3 2436 2524 1895
4777 2 2 1 3 1665 2468 1512
4778 2 2 1 3 1783 2460 2394
4779 2 2 1 3 2464 2469 2241
4780 2 2 1 3 1665 2471 2468
4781 2 2 1 3 2241 2469 891
4782 2 2 1 3 2532 2533 1958
4783 2 2 1 3 1899 2471 1665
4784 2 2 1 3 2455 2477 2031
4785 2 2 1 3 1495 2472 1372
4786 2 2 1 3 1711 1805 1804
4787 2 2 1 3 886 2510 2187
4788 2 2 1 3 1446 2470 1684
4789 2 2 1 3 891 2473 2230
4790 2 2 1 3 2469 2473 891
4791 2 2 1 3 1845 1849 1751
4792 2 2 1 3 2230 2474 870
4793 2 2 1 3 2473 2474 2230
4794 2 2 1 3 108 2476 109
4795 2 2 1 3 2031 2477 1527
4796 2 2 1 3 2476 2478 109
4797 2 2 1 3 109 2478 110
4798 2 2 1 3 1145 2534 1176
4799 2 2 1 3 1691 2479 1960
4800 2 2 1 3 1865 1866 1806
4801 2 2 1 3 1945 2489 2488
4802 2 2 1 3 1692 2480 1791
4803 2 2 1 3 1488 2475 1486
4804 2 2 1 3 1791 2480 2478
4805 2 2 1 3 898 2608 2245
4806 2 2 1 3 1755 2516 2509
4807 2 2 1 3 1790 2482 1420
4808 2 2 1 3 2234 2509 2505
4809 2 2 1 3 111 2484 112
4810 2 2 1 3 2321 2483 1727
4811 2 2 1 3 1659 2485 1539
4812 2 2 1 3 2484 2488 112
4813 2 2 1 3 2475 2482 1790
4814 2 2 1 3 112 2488 113
4815 2 2 1 3 1675 2487 2314
4816 2 2 1 3 2312 2486 1652
4817 2 2 1 3 1763 2504 2052
4818 2 2 1 3 1818 2538 1733
4819 2 2 1 3 2013 2539 899
4820 2 2 1 3 1695 2489 1945
4821 2 2 1 3 1760 2585 1761
4822 2 2 1 3 1787 2481 2372
4823 2 2 1 3 1861 2504 1763
4824 2 2 1 3 1792 2510 2507
4825 2 2 1 3 1257 2490 2235
4826 2 2 1 3 1568 2491 1882
4827 2 2 1 3 858 2492 2204
4828 2 2 1 3 1418 2498 2347
4829 2 2 1 3 1562 2526 2395
4830 2 2 1 3 1655 2530 2456
4831 2 2 1 3 2523 2524 1934
4832 2 2 1 3 2492 2493 2204
4833 2 2 1 3 2204 2493 888
4834 2 2 1 3 1805 1806 1804
4835 2 2 1 3 2493 2494 888
4836 2 2 1 3 2347 2498 2316
4837 2 2 1 3 2487 2500 2314
4838 2 2 1 3 888 2494 2200
4839 2 2 1 3 2494 2495 2200
4840 2 2 1 3 2486 2513 1652
4841 2 2 1 3 2200 2495 854
4842 2 2 1 3 854 2496 2201
4843 2 2 1 3 2489 2492 858
4844 2 2 1 3 2495 2496 854
4845 2 2 1 3 2498 2532 2316
4846 2 2 1 3 2496 2497 2201
4847 2 2 1 3 2519 2522 2166
4848 2 2 1 3 2201 2497 889
4849 2 2 1 3 2497 2499 889
4850 2 2 1 3 2240 2518 2514
4851 2 2 1 3 889 2499 2197
4852 2 2 1 3 122 2501 123
4853 2 2 1 3 127 2502 128
4854 2 2 1 3 2499 2503 2197
4855 2 2 1 3 2197 2503 849
4856 2 2 1 3 2501 2506 123
4857 2 2 1 3 2500 2505 1705
4858 2 2 1 3 2502 2507 128
4859 2 2 1 3 2052 2504 1886
4860 2 2 1 3 2314 2500 1705
4861 2 2 1 3 123 2506 124
4862 2 2 1 3 1705 2505 1706
4863 2 2 1 3 128 2507 129
4864 2 2 1 3 136 2520 137
4865 2 2 1 3 2481 2485 1659
4866 2 2 1 3 1934 2524 1594
4867 2 2 1 3 2174 2508 2173
4868 2 2 1 3 2388 2498 1418
4869 2 2 1 3 1805 1865 1806
4870 2 2 1 3 1702 2510 1792
4871 2 2 1 3 2174 2514 2508
4872 2 2 1 3 1494 2509 2234
4873 2 2 1 3 1775 2512 2237
4874 2 2 1 3 1712 2515 2511
4875 2 2 1 3 2240 2514 2174
4876 2 2 1 3 1652 2513 1713
4877 2 2 1 3 1660 2515 1712
4878 2 2 1 3 2395 2526 1853
4879 2 2 1 3 1722 2516 1820
4880 2 2 1 3 2190 2518 2240
4881 2 2 1 3 2165 2519 2166
4882 2 2 1 3 836 2523 1934
4883 2 2 1 3 2513 2521 1713
4884 2 2 1 3 1463 2522 1462
4885 2 2 1 3 1713 2521 1715
4886 2 2 1 3 2521 2527 1715
4887 2 2 1 3 1715 2527 1770
4888 2 2 1 3 2309 2525 1645
4889 2 2 1 3 2527 2528 1770
4890 2 2 1 3 915 2536 913
4891 2 2 1 3 1961 2543 1941
4892 2 2 1 3 1660 2519 2515
4893 2 2 1 3 1398 2550 1401
4894 2 2 1 3 860 2630 1888
4895 2 2 1 3 1712 2511 2432
4896 2 2 1 3 2530 2540 1962
4897 2 2 1 3 1545 2530 1544
4898 2 2 1 3 1757 2546 2450
4899 2 2 1 3 1793 2517 2448
4900 2 2 1 3 1593 2531 1983
4901 2 2 1 3 1770 2528 2431
4902 2 2 1 3 2509 2516 1722
4903 2 2 1 3 2316 2532 1956
4904 2 2 1 3 928 2545 926
4905 2 2 1 3 1794 2533 1795
4906 2 2 1 3 1176 2534 1216
4907 2 2 1 3 2450 2546 1974
4908 2 2 1 3 1795 2533 2532
4909 2 2 1 3 1802 2543 2540
4910 2 2 1 3 1802 2540 2479
4911 2 2 1 3 2517 2520 136
4912 2 2 1 3 926 2545 2429
4913 2 2 1 3 2254 2549 1718
4914 2 2 1 3 1913 2648 839
4915 2 2 1 3 1793 2520 2517
4916 2 2 1 3 2552 2569 165
4917 2 2 1 3 1733 2538 1735
4918 2 2 1 3 1865 2547 1866
4919 2 2 1 3 869 2557 11
4920 2 2 1 3 1869 2547 1877
4921 2 2 1 3 899 2539 1994
4922 2 2 1 3 1941 2543 2541
4923 2 2 1 3 1545 2540 2530
4924 2 2 1 3 2144 2563 1738
4925 2 2 1 3 855 2333 151
4926 2 2 1 3 2540 2543 1962
4927 2 2 1 3 164 2552 165
4928 2 2 1 3 1638 2553 1478
4929 2 2 1 3 1877 2551 1871
4930 2 2 1 3 878 2556 1970
4931 2 2 1 3 1937 2556 1936
4932 2 2 1 3 2466 2537 1805
4933 2 2 1 3 1393 2561 1874
4934 2 2 1 3 1963 2557 1965
4935 2 2 1 3 1805 2537 1865
4936 2 2 1 3 2143 2647 1821
4937 2 2 1 3 894 2555 157
4938 2 2 1 3 11 2557 174
4939 2 2 1 3 839 2648 2158
4940 2 2 1 3 2272 2558 1723
4941 2 2 1 3 2245 2578 898
4942 2 2 1 3 892 2562 2130
4943 2 2 1 3 146 860 147
4944 2 2 1 3 835 2560 190
4945 2 2 1 3 159 2559 846
4946 2 2 1 3 191 2560 890
4947 2 2 1 3 2442 2553 1740
4948 2 2 1 3 2479 2540 1545
4949 2 2 1 3 1800 2541 1802
4950 2 2 1 3 1962 2543 1961
4951 2 2 1 3 1892 2596 1876
4952 2 2 1 3 1800 2542 2541
4953 2 2 1 3 1801 2542 1800
4954 2 2 1 3 845 2562 195
4955 2 2 1 3 196 2562 892
4956 2 2 1 3 1738 2563 1703
4957 2 2 1 3 1943 2544 1240
4958 2 2 1 3 194 2564 845
4959 2 2 1 3 171 2573 901
4960 2 2 1 3 1966 2632 1761
4961 2 2 1 3 1201 2545 928
4962 2 2 1 3 1894 2596 1892
4963 2 2 1 3 1852 2546 1757
4964 2 2 1 3 872 2571 2013
4965 2 2 1 3 2272 2593 2558
4966 2 2 1 3 1866 2547 1869
4967 2 2 1 3 1753 2548 1843
4968 2 2 1 3 2087 2566 2086
4969 2 2 1 3 149 898 150
4970 2 2 1 3 1995 2580 897
4971 2 2 1 3 170 2573 171
4972 2 2 1 3 2541 2543 1802
4973 2 2 1 3 1718 2549 1829
4974 2 2 1 3 1401 2550 1409
4975 2 2 1 3 862 2635 2602
4976 2 2 1 3 8 896 144
4977 2 2 1 3 1917 2639 853
4978 2 2 1 3 2467 2572 305
4979 2 2 1 3 299 2567 1912
4980 2 2 1 3 880 2568 310
4981 2 2 1 3 309 2568 842
4982 2 2 1 3 1761 2632 1980
4983 2 2 1 3 1871 2551 1874
4984 2 2 1 3 1814 2569 2552
4985 2 2 1 3 300 2567 299
4986 2 2 1 3 166 2569 867
4987 2 2 1 3 1557 2570 1827
4988 2 2 1 3 1809 2572 2467
4989 2 2 1 3 304 2572 837
4990 2 2 1 3 903 2554 266
4991 2 2 1 3 2553 2590 1740
4992 2 2 1 3 266 2554 265
4993 2 2 1 3 856 2552 164
4994 2 2 1 3 2447 2570 1633
4995 2 2 1 3 1822 2579 1742
4996 2 2 1 3 876 2576 178
4997 2 2 1 3 179 2576 850
4998 2 2 1 3 2280 2629 2024
4999 2 2 1 3 99 2554 100
5000 2 2 1 3 1908 2579 1909
5001 2 2 1 3 2327 2587 1947
5002 2 2 1 3 1874 2561 1875
5003 2 2 1 3 1478 2553 2442
5004 2 2 1 3 273 2577 272
5005 2 2 1 3 1931 2626 876
5006 2 2 1 3 879 2565 2009
5007 2 2 1 3 1936 2556 878
5008 2 2 1 3 157 2555 158
5009 2 2 1 3 1810 2581 1745
5010 2 2 1 3 1747 2581 1918
5011 2 2 1 3 893 2596 1894
5012 2 2 1 3 1875 2561 1891
5013 2 2 1 3 290 2582 883
5014 2 2 1 3 1997 2565 879
5015 2 2 1 3 1917 2584 1916
5016 2 2 1 3 174 2557 1963
5017 2 2 1 3 1738 2647 2143
5018 2 2 1 3 1723 2558 1844
5019 2 2 1 3 2555 2559 158
5020 2 2 1 3 1737 2583 1734
5021 2 2 1 3 1750 2584 1815
5022 2 2 1 3 859 2585 1931
5023 2 2 1 3 2253 2616 1815
5024 2 2 1 3 1803 2598 1888
5025 2 2 1 3 158 2559 159
5026 2 2 1 3 2289 2586 871
5027 2 2 1 3 1947 2587 1946
5028 2 2 1 3 190 2560 191
5029 2 2 1 3 897 2580 2464
5030 2 2 1 3 1766 2588 1816
5031 2 2 1 3 2558 2593 863
5032 2 2 1 3 195 2562 196
5033 2 2 1 3 2472 2595 1371
5034 2 2 1 3 1696 2586 2024
5035 2 2 1 3 1992 2592 183
5036 2 2 1 3 184 2592 841
5037 2 2 1 3 1703 2563 1739
5038 2 2 1 3 2139 2590 2553
5039 2 2 1 3 1904 2594 1780
5040 2 2 1 3 193 2564 194
5041 2 2 1 3 2387 2589 1737
5042 2 2 1 3 2097 2595 2472
5043 2 2 1 3 1979 2650 1839
5044 2 2 1 3 1836 2593 2397
5045 2 2 1 3 1809 2601 1755
5046 2 2 1 3 265 2554 99
5047 2 2 1 3 841 2650 1979
5048 2 2 1 3 1839 2594 1979
5049 2 2 1 3 1813 2587 2327
5050 2 2 1 3 1754 2605 2051
5051 2 2 1 3 1796 2600 1840
5052 2 2 1 3 275 2602 2093
5053 2 2 1 3 862 2602 276
5054 2 2 1 3 1814 2607 1748
5055 2 2 1 3 1888 2630 1889
5056 2 2 1 3 2245 2608 2458
5057 2 2 1 3 2009 2565 2525
5058 2 2 1 3 2467 2601 1809
5059 2 2 1 3 1979 2594 877
5060 2 2 1 3 2050 2641 1754
5061 2 2 1 3 1730 2605 1754
5062 2 2 1 3 883 2582 2549
5063 2 2 1 3 292 2606 291
5064 2 2 1 3 1825 2610 2158
5065 2 2 1 3 1969 2611 861
5066 2 2 1 3 9 2578 855
5067 2 2 1 3 2525 2565 1741
5068 2 2 1 3 2158 2610 296
5069 2 2 1 3 295 2610 885
5070 2 2 1 3 903 2622 2554
5071 2 2 1 3 2131 2613 2132
5072 2 2 1 3 2130 2616 892
5073 2 2 1 3 893 2614 2596
5074 2 2 1 3 2563 2566 1739
5075 2 2 1 3 2086 2566 857
5076 2 2 1 3 871 2604 205
5077 2 2 1 3 12 2624 321
5078 2 2 1 3 207 2624 12
5079 2 2 1 3 2128 2616 2130
5080 2 2 1 3 890 2619 2135
5081 2 2 1 3 846 2617 160
5082 2 2 1 3 161 2617 895
5083 2 2 1 3 900 2624 1938
5084 2 2 1 3 872 2600 2571
5085 2 2 1 3 863 2567 300
5086 2 2 1 3 2135 2619 2134
5087 2 2 1 3 1811 2619 1828
5088 2 2 1 3 301 2620 863
5089 2 2 1 3 882 2621 2087
5090 2 2 1 3 101 2622 902
5091 2 2 1 3 2368 2615 1807
5092 2 2 1 3 272 2625 271
5093 2 2 1 3 1997 2591 2565
5094 2 2 1 3 2288 2650 1847
5095 2 2 1 3 1994 2643 1993
5096 2 2 1 3 1799 2571 1797
5097 2 2 1 3 1631 2647 1738
5098 2 2 1 3 1912 2567 1836
5099 2 2 1 3 303 2642 302
5100 2 2 1 3 2094 2638 852
5101 2 2 1 3 1821 2647 2304
5102 2 2 1 3 853 2639 199
5103 2 2 1 3 167 2633 10
5104 2 2 1 3 1947 2627 1823
5105 2 2 1 3 310 2568 309
5106 2 2 1 3 2098 2595 2097
5107 2 2 1 3 852 2638 2538
5108 2 2 1 3 165 2569 166
5109 2 2 1 3 2539 2571 1799
5110 2 2 1 3 2552 2607 1814
5111 2 2 1 3 881 2601 2467
5112 2 2 1 3 1633 2570 1557
5113 2 2 1 3 1754 2641 1904
5114 2 2 1 3 1832 2636 1893
5115 2 2 1 3 2013 2571 2539
5116 2 2 1 3 305 2572 304
5117 2 2 1 3 2087 2589 2566
5118 2 2 1 3 1821 2635 2143
5119 2 2 1 3 901 2573 2305
5120 2 2 1 3 2602 2635 1827
5121 2 2 1 3 200 2639 1918
5122 2 2 1 3 2565 2591 1741
5123 2 2 1 3 1358 2632 2398
5124 2 2 1 3 1816 2636 1832
5125 2 2 1 3 178 2576 179
5126 2 2 1 3 863 2620 2558
5127 2 2 1 3 894 2588 2555
5128 2 2 1 3 147 2574 148
5129 2 2 1 3 1742 2579 1908
5130 2 2 1 3 868 2577 273
5131 2 2 1 3 2600 2625 1840
5132 2 2 1 3 1728 2640 1970
5133 2 2 1 3 150 2578 9
5134 2 2 1 3 148 2575 149
5135 2 2 1 3 2538 2638 1735
5136 2 2 1 3 2024 2629 1810
5137 2 2 1 3 1745 2581 1747
5138 2 2 1 3 2051 2605 835
5139 2 2 1 3 2464 2580 1799
5140 2 2 1 3 2098 2623 2595
5141 2 2 1 3 1813 2618 2587
5142 2 2 1 3 291 2582 290
5143 2 2 1 3 1918 2639 1917
5144 2 2 1 3 1940 2586 1696
5145 2 2 1 3 1889 2630 145
5146 2 2 1 3 1916 2584 1750
5147 2 2 1 3 1734 2583 1818
5148 2 2 1 3 1964 2585 859
5149 2 2 1 3 2576 2627 850
5150 2 2 1 3 885 2590 2139
5151 2 2 1 3 1946 2587 875
5152 2 2 1 3 860 2574 147
5153 2 2 1 3 881 2631 2601
5154 2 2 1 3 206 2604 1938
5155 2 2 1 3 861 2591 1997
5156 2 2 1 3 2622 2643 902
5157 2 2 1 3 2398 2603 1753
5158 2 2 1 3 2087 2621 2583
5159 2 2 1 3 2555 2588 1789
5160 2 2 1 3 1769 2609 2010
5161 2 2 1 3 2564 2613 845
5162 2 2 1 3 2549 2582 1829
5163 2 2 1 3 1753 2603 2548
5164 2 2 1 3 2548 2603 1965
5165 2 2 1 3 1789 2588 1766
5166 2 2 1 3 145 2630 146
5167 2 2 1 3 898 2578 150
5168 2 2 1 3 2566 2589 1739
5169 2 2 1 3 149 2575 898
5170 2 2 1 3 850 2627 1947
5171 2 2 1 3 1739 2589 2387
5172 2 2 1 3 2047 2631 881
5173 2 2 1 3 10 2597 168
5174 2 2 1 3 1740 2590 1825
5175 2 2 1 3 2571 2600 1797
5176 2 2 1 3 1741 2591 1826
5177 2 2 1 3 183 2592 184
5178 2 2 1 3 1992 2618 1812
5179 2 2 1 3 2605 2646 835
5180 2 2 1 3 1810 2629 2581
5181 2 2 1 3 2397 2593 2272
5182 2 2 1 3 1780 2594 1839
5183 2 2 1 3 168 2597 873
5184 2 2 1 3 1371 2595 2249
5185 2 2 1 3 2333 2614 893
5186 2 2 1 3 892 2616 2253
5187 2 2 1 3 2100 2623 2098
5188 2 2 1 3 1808 2598 1803
5189 2 2 1 3 1876 2596 2000
5190 2 2 1 3 901 2599 172
5191 2 2 1 3 173 2599 869
5192 2 2 1 3 2158 2648 1825
5193 2 2 1 3 2554 2622 100
5194 2 2 1 3 1826 2640 2371
5195 2 2 1 3 1825 2648 1717
5196 2 2 1 3 172 2599 173
5197 2 2 1 3 1797 2600 1796
5198 2 2 1 3 205 2604 206
5199 2 2 1 3 2588 2636 1816
5200 2 2 1 3 276 2602 275
5201 2 2 1 3 1965 2603 1966
5202 2 2 1 3 1938 2604 1939
5203 2 2 1 3 2244 2645 855
5204 2 2 1 3 1904 2641 2594
5205 2 2 1 3 2596 2614 2000
5206 2 2 1 3 2137 2605 1730
5207 2 2 1 3 2587 2618 875
5208 2 2 1 3 2458 2608 1808
5209 2 2 1 3 1755 2601 2516
5210 2 2 1 3 2558 2620 1844
5211 2 2 1 3 1748 2607 1924
5212 2 2 1 3 843 2606 292
5213 2 2 1 3 856 2637 2607
5214 2 2 1 3 1842 2609 1769
5215 2 2 1 3 2100 2649 2623
5216 2 2 1 3 2574 2575 148
5217 2 2 1 3 296 2610 295
5218 2 2 1 3 2585 2626 1931
5219 2 2 1 3 1970 2611 1969
5220 2 2 1 3 2595 2623 2249
5221 2 2 1 3 856 2607 2552
5222 2 2 1 3 2333 2645 2614
5223 2 2 1 3 2133 2613 2564
5224 2 2 1 3 873 2628 169
5225 2 2 1 3 2305 2612 2368
5226 2 2 1 3 2132 2613 2133
5227 2 2 1 3 2000 2614 1873
5228 2 2 1 3 2143 2635 862
5229 2 2 1 3 1807 2615 1838
5230 2 2 1 3 1980 2632 1358
5231 2 2 1 3 2386 2649 2124
5232 2 2 1 3 1846 2627 2576
5233 2 2 1 3 843 2634 2606
5234 2 2 1 3 1815 2616 2128
5235 2 2 1 3 875 2618 1992
5236 2 2 1 3 160 2617 161
5237 2 2 1 3 2371 2640 1728
5238 2 2 1 3 2607 2637 1924
5239 2 2 1 3 2137 2646 2605
5240 2 2 1 3 1812 2618 1813
5241 2 2 1 3 2134 2619 1811
5242 2 2 1 3 302 2620 301
5243 2 2 1 3 2090 2621 882
5244 2 2 1 3 2124 2649 2100
5245 2 2 1 3 860 2598 2574
5246 2 2 1 3 855 2645 2333
5247 2 2 1 3 1822 2637 2311
5248 2 2 1 3 100 2622 101
5249 2 2 1 3 1717 2648 1913
5250 2 2 1 3 2601 2631 2516
5251 2 2 1 3 835 2646 2560
5252 2 2 1 3 321 2624 900
5253 2 2 1 3 2249 2623 1782
5254 2 2 1 3 2614 2645 1873
5255 2 2 1 3 169 2628 170
5256 2 2 1 3 872 2625 2600
5257 2 2 1 3 1893 2636 894
5258 2 2 1 3 271 2625 872
5259 2 2 1 3 2621 2644 1818
5260 2 2 1 3 2323 2626 1760
5261 2 2 1 3 1823 2627 1846
5262 2 2 1 3 2311 2637 856
5263 2 2 1 3 865 2629 2280
5264 2 2 1 3 2090 2644 2621
5265 2 2 1 3 2575 2608 898
5266 2 2 1 3 2623 2649 1782
5267 2 2 1 3 2140 2634 843
5268 2 2 1 3 867 2633 167
5269 2 2 1 3 1827 2635 1821
5270 2 2 1 3 1924 2637 1822
5271 2 2 1 3 2516 2631 1820
5272 2 2 1 3 2095 2638 2094
5273 2 2 1 3 199 2639 200
5274 2 2 1 3 877 2641 2050
5275 2 2 1 3 1818 2644 2538
5276 2 2 1 3 837 2642 303
5277 2 2 1 3 1993 2643 903
5278 2 2 1 3 852 2644 2090
5279 2 2 1 3 1828 2646 2137
5280 2 2 1 3 2581 2629 865
5281 2 2 1 3 2304 2647 1631
5282 2 2 1 3 1839 2650 2288
5283 2 2 1 3 1873 2645 2244
5284 2 2 1 3 1782 2649 2386
5285 2 2 1 3 146 2630 860
5286 2 2 1 3 2538 2644 852
5287 2 2 1 3 2612 2628 873
5288 2 2 1 3 2573 2612 2305
5289 2 2 1 3 2560 2646 1828
5290 2 2 1 3 2611 2640 1826
5291 2 2 1 3 894 2636 2588
5292 2 2 1 3 903 2643 2622
5293 2 2 1 3 1760 2626 2585
5294 2 2 1 3 2594 2641 877
5295 2 2 1 3 170 2628 2573
5296 2 2 1 3 1838 2615 2597
5297 2 2 1 3 2583 2621 1818
5298 2 2 1 3 2597 2615 873
5299 2 2 1 3 2573 2628 2612
5300 2 2 1 3 1970 2640 2611
$EndElements
