$MeshFormat
2.2 0 8
$EndMeshFormat
$PhysicalNames
7
0 6 "separation-inf"
0 7 "separation-sup"
1 4 "pressure"
1 5 "fixed"
2 1 "body"
2 2 "cover"
2 3 "scar"
$EndPhysicalNames
$Nodes
2643
1 0.7806999999999999 0.4 0
2 0.6954435531162807 0.4989071667853619 0
3 0.6554938136806149 0.4988162343505986 0
4 0.4727903172005901 0.4892411498328348 0
5 0.3657340441691846 0.4358648610726302 0
6 0 0 0
7 0.06527036446661391 -1.301042606982605e-16 0
8 0.4040362663251333 0.4037254805883031 0
9 0.4754071150127369 0.4393096730951061 0
10 0.6780832021878531 0.4499314767377288 0
11 0.7306999999999999 0.4 0
12 0.7306999999999998 0 0
13 0.7806999999999999 0 0
14 0.6754664043757063 0.4998629534754574 0
15 0.780101656630941 0.4109229418667542 0
16 0.7783137868195101 0.4217151703367765 0
17 0.7753577857666355 0.4322475362432189 0
18 0.7712690275448956 0.442394000160069 0
19 0.7660964417816836 0.4520331406992458 0
20 0.7599019281248456 0.4610496075442486 0
21 0.752759615497804 0.4693355018320963 0
22 0.7447549750085614 0.4767916673647119 0
23 0.7359837971282867 0.4833288771979944 0
24 0.7265510453794497 0.488868901408826 0
25 0.7165696002512685 0.4933454432621871 0
26 0.7061589083738644 0.4967049325753923 0
27 0.6924674503134868 0.4893289876020802 0
28 0.6852156395254353 0.48240006671538 0
29 0.6755119276759782 0.4798630052847963 0
30 0.6657967668639573 0.4823558660423241 0
31 0.6585134885652147 0.4892517025820714 0
32 0.6440748451506133 0.4982177915682384 0
33 0.6326558766206117 0.4976193487858782 0
34 0.6212369080906103 0.4970209060035179 0
35 0.6098179395606087 0.4964224632211577 0
36 0.5983989710306071 0.4958240204387974 0
37 0.5869800025006056 0.4952255776564372 0
38 0.5755610339706041 0.4946271348740769 0
39 0.5641420654406025 0.4940286920917167 0
40 0.552723096910601 0.4934302493093565 0
41 0.5413041283805995 0.4928318065269963 0
42 0.5298851598505979 0.4922333637446361 0
43 0.5184661913205963 0.4916349209622758 0
44 0.5070472227905948 0.4910364781799156 0
45 0.4956282542605932 0.4904380353975553 0
46 0.4842092857305917 0.4898395926151951 0
47 0.4616518426009693 0.4882399415442681 0
48 0.4506189191303074 0.4864116543310513 0
49 0.4397528741687219 0.483766450872658 0
50 0.4291141074889027 0.480319034742299 0
51 0.4187617555191849 0.4760885686759448 0
52 0.4087533626290231 0.4710985680547374 0
53 0.3991445612640485 0.4653767701928799 0
54 0.3899887627087093 0.4589549801575751 0
55 0.3813368601954087 0.4518688939780374 0
56 0.3732369460104371 0.4441579002262833 0
57 0.3584193632858009 0.4271475638511777 0
58 0.3511046824024172 0.4184302666297251 0
59 0.3437900015190336 0.4097129694082725 0
60 0.3364753206356498 0.4009956721868199 0
61 0.3291606397522662 0.3922783749653673 0
62 0.3218459588688825 0.3835610777439147 0
63 0.3145312779854988 0.3748437805224621 0
64 0.3072165971021151 0.3661264833010095 0
65 0.2999019162187315 0.357409186079557 0
66 0.2925872353353478 0.3486918888581043 0
67 0.2852725544519641 0.3399745916366518 0
68 0.2779578735685805 0.3312572944151992 0
69 0.2706431926851968 0.3225399971937466 0
70 0.2633285118018131 0.313822699972294 0
71 0.2560138309184294 0.3051054027508415 0
72 0.2486991500350458 0.2963881055293889 0
73 0.2413844691516621 0.2876708083079362 0
74 0.2340697882682784 0.2789535110864836 0
75 0.2267551073848947 0.270236213865031 0
76 0.219440426501511 0.2615189166435784 0
77 0.2121257456181273 0.2528016194221258 0
78 0.2048110647347436 0.2440843222006732 0
79 0.1974963838513599 0.2353670249792206 0
80 0.1901817029679762 0.2266497277577679 0
81 0.1828670220845925 0.2179324305363153 0
82 0.1755523412012088 0.2092151333148627 0
83 0.1682376603178251 0.2004978360934101 0
84 0.1609229794344414 0.1917805388719575 0
85 0.1536082985510577 0.1830632416505049 0
86 0.146293617667674 0.1743459444290522 0
87 0.1389789367842903 0.1656286472075996 0
88 0.1316642559009066 0.156911349986147 0
89 0.1243495750175229 0.1481940527646943 0
90 0.1170348941341392 0.1394767555432417 0
91 0.1097202132507555 0.1307594583217891 0
92 0.1024055323673718 0.1220421611003365 0
93 0.0950908514839881 0.113324863878884 0
94 0.08777617060060444 0.1046075666574313 0
95 0.08046148971722072 0.09589026943597867 0
96 0.07314680883383701 0.08717297221452608 0
97 0.06583212795045329 0.07845567499307343 0
98 0.05851744706706957 0.06973837777162079 0
99 0.05120276618368591 0.06102108055016819 0
100 0.04388808530030225 0.05230378332871566 0
101 0.03657340441691853 0.04358648610726296 0
102 0.02925872353353487 0.03486918888581042 0
103 0.0219440426501511 0.02615189166435772 0
104 0.01462936176676743 0.01743459444290513 0
105 0.007314680883383662 0.00871729722145248 0
106 0.01087839407776897 0 0
107 0.02175678815553795 0 0
108 0.03263518223330691 0 0
109 0.04351357631107589 0 0
110 0.0543919703888449 0 0
111 0.07263484059397318 0.008776640882354192 0
112 0.07999931672133226 0.01755328176470861 0
113 0.08736379284869139 0.02632992264706302 0
114 0.09472826897605052 0.03510656352941743 0
115 0.1020927451034097 0.0438832044117719 0
116 0.1094572212307687 0.05265984529412632 0
117 0.1168216973581279 0.06143648617648073 0
118 0.124186173485487 0.07021312705883515 0
119 0.1315506496128461 0.07898976794118961 0
120 0.1389151257402052 0.08776640882354403 0
121 0.1462796018675643 0.09654304970589844 0
122 0.1536440779949235 0.1053196905882529 0
123 0.1610085541222825 0.1140963314706073 0
124 0.1683730302496417 0.1228729723529617 0
125 0.1757375063770008 0.1316496132353161 0
126 0.1831019825043599 0.1404262541176706 0
127 0.190466458631719 0.149202895000025 0
128 0.1978309347590781 0.1579795358823794 0
129 0.2051954108864372 0.1667561767647338 0
130 0.2125598870137964 0.1755328176470882 0
131 0.2199243631411554 0.1843094585294426 0
132 0.2272888392685146 0.193086099411797 0
133 0.2346533153958736 0.2018627402941514 0
134 0.2420177915232327 0.2106393811765058 0
135 0.2493822676505918 0.2194160220588602 0
136 0.2567467437779509 0.2281926629412146 0
137 0.26411121990531 0.236969303823569 0
138 0.2714756960326691 0.2457459447059234 0
139 0.2788401721600282 0.2545225855882778 0
140 0.2862046482873873 0.2632992264706322 0
141 0.2935691244147464 0.2720758673529866 0
142 0.3009336005421055 0.280852508235341 0
143 0.3082980766694647 0.2896291491176956 0
144 0.3156625527968239 0.29840579000005 0
145 0.323027028924183 0.3071824308824044 0
146 0.3303915050515422 0.3159590717647589 0
147 0.3377559811789013 0.3247357126471133 0
148 0.3451204573062605 0.3335123535294678 0
149 0.3524849334336195 0.3422889944118223 0
150 0.3598494095609788 0.3510656352941767 0
151 0.3672138856883378 0.3598422761765311 0
152 0.3745783618156969 0.3686189170588855 0
153 0.381942837943056 0.3773955579412399 0
154 0.3893073140704152 0.3861721988235943 0
155 0.3966717901977742 0.3949488397059487 0
156 0.4110181034325398 0.4112289776368577 0
157 0.4187313157060478 0.4179784127077235 0
158 0.4270948769943219 0.4239028839861847 0
159 0.4360209293260504 0.4289401557798515 0
160 0.445415705844908 0.4330373122953815 0
161 0.4551805158164786 0.4361513135110431 0
162 0.4652127813597885 0.4382494473057628 0
163 0.4866668976335767 0.439899773297474 0
164 0.4979266802544164 0.440489873499842 0
165 0.5091864628752563 0.4410799737022099 0
166 0.520446245496096 0.4416700739045778 0
167 0.5317060281169358 0.4422601741069457 0
168 0.5429658107377755 0.4428502743093137 0
169 0.5542255933586153 0.4434403745116816 0
170 0.5654853759794551 0.4440304747140495 0
171 0.576745158600295 0.4446205749164174 0
172 0.5880049412211348 0.4452106751187854 0
173 0.5992647238419746 0.4458007753211533 0
174 0.6105245064628143 0.4463908755235212 0
175 0.6217842890836541 0.4469809757258891 0
176 0.6330440717044939 0.4475710759282571 0
177 0.6443038543253337 0.448161176130625 0
178 0.6555636369461734 0.4487512763329929 0
179 0.6668234195670132 0.4493413765353608 0
180 0.6896278447399321 0.4491964794299314 0
181 0.7006946012159873 0.4458281127934987 0
182 0.7106910947343958 0.4400066774005602 0
183 0.7190822370179006 0.432043780699251 0
184 0.7254188703833169 0.4223656574157815 0
185 0.7293618100730225 0.4114903542337509 0
186 0.7306999999999999 0.3885714285714286 0
187 0.7306999999999999 0.3771428571428571 0
188 0.7306999999999999 0.3657142857142857 0
189 0.7306999999999999 0.3542857142857143 0
190 0.7306999999999999 0.3428571428571428 0
191 0.7306999999999999 0.3314285714285714 0
192 0.7306999999999999 0.32 0
193 0.7306999999999999 0.3085714285714285 0
194 0.7306999999999999 0.2971428571428571 0
195 0.7306999999999999 0.2857142857142857 0
196 0.7306999999999999 0.2742857142857142 0
197 0.7306999999999999 0.2628571428571428 0
198 0.7306999999999999 0.2514285714285713 0
199 0.7306999999999999 0.2399999999999998 0
200 0.7306999999999999 0.2285714285714284 0
201 0.7306999999999999 0.2171428571428569 0
202 0.7306999999999999 0.2057142857142855 0
203 0.7306999999999999 0.194285714285714 0
204 0.7306999999999999 0.1828571428571427 0
205 0.7306999999999999 0.1714285714285712 0
206 0.7306999999999999 0.1599999999999998 0
207 0.7306999999999999 0.1485714285714284 0
208 0.7306999999999999 0.137142857142857 0
209 0.7306999999999999 0.1257142857142856 0
210 0.7306999999999999 0.1142857142857142 0
211 0.7306999999999999 0.1028571428571428 0
212 0.7306999999999999 0.09142857142857141 0
213 0.7306999999999999 0.08000000000000007 0
214 0.7306999999999999 0.06857142857142867 0
215 0.7306999999999999 0.05714285714285727 0
216 0.7306999999999999 0.04571428571428587 0
217 0.7306999999999999 0.03428571428571447 0
218 0.7306999999999999 0.02285714285714302 0
219 0.7306999999999999 0.01142857142857151 0
220 0.7406999999999998 0 0
221 0.7506999999999999 0 0
222 0.7606999999999999 0 0
223 0.7706999999999999 0 0
224 0.7806999999999999 0.01142857142857144 0
225 0.7806999999999999 0.02285714285714288 0
226 0.7806999999999999 0.03428571428571432 0
227 0.7806999999999999 0.04571428571428577 0
228 0.7806999999999999 0.0571428571428572 0
229 0.7806999999999999 0.06857142857142863 0
230 0.7806999999999999 0.08000000000000006 0
231 0.7806999999999999 0.0914285714285715 0
232 0.7806999999999999 0.1028571428571429 0
233 0.7806999999999999 0.1142857142857144 0
234 0.7806999999999999 0.1257142857142858 0
235 0.7806999999999999 0.1371428571428573 0
236 0.7806999999999999 0.1485714285714287 0
237 0.7806999999999999 0.1600000000000002 0
238 0.7806999999999999 0.1714285714285717 0
239 0.7806999999999999 0.1828571428571431 0
240 0.7806999999999999 0.1942857142857145 0
241 0.7806999999999999 0.205714285714286 0
242 0.7806999999999999 0.2171428571428574 0
243 0.7806999999999999 0.2285714285714288 0
244 0.7806999999999999 0.2400000000000002 0
245 0.7806999999999999 0.2514285714285716 0
246 0.7806999999999999 0.262857142857143 0
247 0.7806999999999999 0.2742857142857144 0
248 0.7806999999999999 0.2857142857142858 0
249 0.7806999999999999 0.2971428571428572 0
250 0.7806999999999999 0.3085714285714286 0
251 0.7806999999999999 0.32 0
252 0.7806999999999999 0.3314285714285714 0
253 0.7806999999999999 0.3428571428571427 0
254 0.7806999999999999 0.3542857142857141 0
255 0.7806999999999999 0.3657142857142855 0
256 0.7806999999999999 0.377142857142857 0
257 0.7806999999999999 0.3885714285714285 0
258 0.6854789334504773 0.4998857437028723 0
259 0.6654801090281606 0.499339593913028 0
260 0.07674328921718956 0 0
261 0.08821621396776522 0 0
262 0.09968913871834086 0 0
263 0.1111620634689165 0 0
264 0.1226349882194922 0 0
265 0.1341079129700678 0 0
266 0.1455808377206435 0 0
267 0.1570537624712191 0 0
268 0.1685266872217948 0 0
269 0.1799996119723704 0 0
270 0.1914725367229461 0 0
271 0.2029454614735217 0 0
272 0.2144183862240973 0 0
273 0.225891310974673 0 0
274 0.2373642357252487 0 0
275 0.2488371604758243 0 0
276 0.2603100852264 0 0
277 0.2717830099769756 0 0
278 0.2832559347275512 0 0
279 0.2947288594781268 0 0
280 0.3062017842287024 0 0
281 0.317674708979278 0 0
282 0.3291476337298536 0 0
283 0.3406205584804292 0 0
284 0.3520934832310048 0 0
285 0.3635664079815804 0 0
286 0.375039332732156 0 0
287 0.3865122574827317 0 0
288 0.3979851822333073 0 0
289 0.4094581069838829 0 0
290 0.4209310317344584 0 0
291 0.432403956485034 0 0
292 0.4438768812356096 0 0
293 0.4553498059861853 0 0
294 0.4668227307367609 0 0
295 0.4782956554873365 0 0
296 0.489768580237912 0 0
297 0.5012415049884876 0 0
298 0.5127144297390633 0 0
299 0.5241873544896389 0 0
300 0.5356602792402145 0 0
301 0.5471332039907901 0 0
302 0.5586061287413657 0 0
303 0.5700790534919413 0 0
304 0.5815519782425169 0 0
305 0.5930249029930925 0 0
306 0.6044978277436681 0 0
307 0.6159707524942437 0 0
308 0.6274436772448193 0 0
309 0.638916601995395 0 0
310 0.6503895267459706 0 0
311 0.6618624514965461 0 0
312 0.6733353762471217 0 0
313 0.6848083009976974 0 0
314 0.696281225748273 0 0
315 0.7077541504988486 0 0
316 0.7192270752494242 0 0
317 0.447148020875205 0.4432604498872017 0
318 0.418510704372882 0.4276834567175292 0
319 0.4695755490698543 0.4476817678545886 0
320 0.4013326954159394 0.4140252368156039 0
321 0.7557139384887566 0.006819467089278386 0
322 0.7264696195497072 0.4779298866613254 0
323 0.7550474094845102 0.4521058187448945 0
324 0.7704895554722756 0.404396119160913 0
325 0.4174448078720836 0.4656717573144766 0
326 0.490492231652506 0.4496547417601719 0
327 0.6942793735898477 0.4793996977941193 0
328 0.5143053124196472 0.4511262815941315 0
329 0.5368248776613267 0.4523064819988674 0
330 0.5593444429030062 0.4534866824036033 0
331 0.5818640081446859 0.4546668828083392 0
332 0.6043835733863655 0.455847083213075 0
333 0.7363992185931223 0.4205510469014836 0
334 0.3620431907131568 0.4159104249653791 0
335 0.6265978779408189 0.4570994962132153 0
336 0.3483368246680552 0.3997414190101514 0
337 0.3350657303849636 0.3811407591578498 0
338 0.7405459109314897 0.08571161262447546 0
339 0.7711028585030487 0.314754834161715 0
340 0.770802566813892 0.2114285714285717 0
341 0.7695901877181305 0.3486365864546758 0
342 0.7721938098178951 0.2919331078719279 0
343 0.7711633588453658 0.1766760083669134 0
344 0.7406117818639242 0.06289855771302372 0
345 0.7712584987848365 0.3714503635635947 0
346 0.7708025668138921 0.2685714285714287 0
347 0.7691736478649455 0.2469201783074914 0
348 0.7691736478649454 0.1187941074067944 0
349 0.7405974331861077 0.04000000000000037 0
350 0.770802566813892 0.1542857142857145 0
351 0.3190983611797862 0.3651855520875238 0
352 0.3048958670551032 0.3479312662927696 0
353 0.2902340560322761 0.3304564829030365 0
354 0.2755724057660859 0.312981592582697 0
355 0.2609108545008987 0.2955066505751919 0
356 0.2452765295560879 0.2769774602316235 0
357 0.23064716778932 0.2595428657887178 0
358 0.2160178060225529 0.2421082713458129 0
359 0.2013884442557857 0.2246736769029078 0
360 0.1867590824890178 0.207239082460002 0
361 0.1721297207222504 0.1898044880170967 0
362 0.1575003589554836 0.1723698935741923 0
363 0.1428709971887159 0.1549352991312865 0
364 0.1282416354219481 0.1375007046883809 0
365 0.1142052935442189 0.1208522913050196 0
366 0.09941322239120842 0.1034250150546885 0
367 0.08396391372502654 0.08425245075234483 0
368 0.0701215319815115 0.06759222534530041 0
369 0.05465904633058427 0.05027048864452471 0
370 0.04005037566767977 0.03214073789317873 0
371 0.7218014668256533 0.4428303318727356 0
372 0.6546740515252005 0.4796913326615655 0
373 0.4477073380769033 0.4752165389493248 0
374 0.3899607827399484 0.4474445717766087 0
375 0.479201966010447 0.478609774355491 0
376 0.7411163292038195 0.3955413193773302 0
377 0.7402366411546339 0.1995331512240558 0
378 0.7405974331861077 0.1428571428571426 0
379 0.7403350311031515 0.2347402080254064 0
380 0.7405974331861077 0.3028571428571428 0
381 0.7711633588453658 0.09667600836691326 0
382 0.739613879222679 0.3254249687228509 0
383 0.7405974331861077 0.1085714285714284 0
384 0.7405974331861077 0.28 0
385 0.7690644454366885 0.07312662866883457 0
386 0.770802566813892 0.05142857142857171 0
387 0.740927387258752 0.3591977431887765 0
388 0.7405974331861077 0.1657142857142855 0
389 0.7405974331861078 0.2571428571428571 0
390 0.501811438739894 0.4808436606677764 0
391 0.3781136252489412 0.3885732439655195 0
392 0.3785919980099895 0.4325668011252632 0
393 0.5247181924262088 0.4820342172363365 0
394 0.3631427714935616 0.3705168070294575 0
395 0.3485883236136736 0.3529684738899833 0
396 0.5475863469614606 0.4831714247392814 0
397 0.3337874171971409 0.3355162592562183 0
398 0.3190584967663687 0.3179629565456193 0
399 0.5704229603939832 0.4843585066073076 0
400 0.3043295920079058 0.300409654809176 0
401 0.2896006549293284 0.2828563937635467 0
402 0.59326843166861 0.4855952341569496 0
403 0.2748715737948055 0.2653032399057847 0
404 0.2601422166106532 0.2477502318284891 0
405 0.6160632934041799 0.4868526460151983 0
406 0.2454126245073303 0.2301972363802596 0
407 0.2306833820456909 0.2126437532362685 0
408 0.2159559329103808 0.1950888978062173 0
409 0.2012321095219035 0.17753205712446 0
410 0.186511700133187 0.1599747508565242 0
411 0.1717875223828164 0.1424233340425117 0
412 0.1570644358888361 0.1248761899120183 0
413 0.14229853621675 0.1073473206920506 0
414 0.7669360731962116 0.4246038776167406 0
415 0.1274438421016989 0.08986133156825971 0
416 0.1124464741736585 0.07236295117202723 0
417 0.06871628469364144 0.01954278473538928 0
418 0.09817418920307697 0.05464934826480577 0
419 0.08368990598077442 0.03787176103080392 0
420 0.7691077138332751 0.02972585570478153 0
421 0.7423000664871158 0.4661313625865586 0
422 0.0490750726632333 0.009756298438776345 0
423 0.6825637078044906 0.4730418328623968 0
424 0.6706336659289718 0.4720963149354625 0
425 0.6385719100256666 0.4879275339948098 0
426 0.6944931062755634 0.4586731069935703 0
427 0.6477282220684577 0.4582996492524766 0
428 0.7392621511191216 0.01694465175640825 0
429 0.713517199184533 0.4506271776702929 0
430 0.7243515413039503 0.4543563619522391 0
431 0.7326399326910402 0.4466331620782154 0
432 0.7161373880455817 0.4621762502773808 0
433 0.0253466223423271 0.0157765097896469 0
434 0.7091971721122771 0.4870028186197893 0
435 0.7407944839050623 0.4088689080005618 0
436 0.7504838720897014 0.4018212194391402 0
437 0.7518779693754747 0.3907792639493419 0
438 0.7476506522612171 0.4186353789309131 0
439 0.7442180130993656 0.4289877884200822 0
440 0.6765258774873396 0.4647341521591299 0
441 0.6654336455042866 0.4630230836676221 0
442 0.7314783201520982 0.4332529224449057 0
443 0.6932508976643196 0.46869166821998 0
444 0.7022028864197906 0.4730520434228525 0
445 0.7420219628129353 0.3838224234559465 0
446 0.7529386196728662 0.3800061980216133 0
447 0.7621243134789031 0.3872423333702003 0
448 0.458900335662824 0.4460745812662359 0
449 0.4633445356495277 0.4560578321794631 0
450 0.4737600820159635 0.4571555490564302 0
451 0.467747793484514 0.4652948751935267 0
452 0.4525468435507803 0.4543836395399029 0
453 0.4419435408012695 0.4527384789420623 0
454 0.4354744666453254 0.4434692134261919 0
455 0.4313476545501389 0.4523308041468629 0
456 0.4354956508637721 0.4617046966568814 0
457 0.425451867369815 0.4432292221947416 0
458 0.4206210055045911 0.4514414915187688 0
459 0.4148795930643376 0.4428765351709239 0
460 0.4105537273375808 0.4517517986509284 0
461 0.4048793130440052 0.4423247806527976 0
462 0.4784097457455555 0.4668980103104546 0
463 0.4094396490467844 0.4212677231421693 0
464 0.3991340459241181 0.4243945333491283 0
465 0.3910495972645164 0.4168061214187651 0
466 0.3884644263410128 0.4271644907431406 0
467 0.3806741964949062 0.4198106889586737 0
468 0.3831526474991756 0.4090821386917446 0
469 0.7281027316543184 0.4663483927435507 0
470 0.7553372652419449 0.4269215879070207 0
471 0.7523042790792148 0.4367422442183441 0
472 0.7581202780108948 0.4170884883395153 0
473 0.3972754300409994 0.4341279563058517 0
474 0.744468451768874 0.371842105731203 0
475 0.7516882404937223 0.3624345301985525 0
476 0.7489263067480478 0.3515426253006113 0
477 0.759726270218505 0.3554321953270363 0
478 0.7578402515295574 0.3441790419382216 0
479 0.7693241674692854 0.3357134484232343 0
480 0.7571093198360657 0.3336010069160453 0
481 0.7481806653437673 0.3408045993406764 0
482 0.7653774322840334 0.3251366088447523 0
483 0.7597224559685389 0.3158089510290379 0
484 0.7630806303294896 0.3055046454776322 0
485 0.7518354621004526 0.3069330841941083 0
486 0.7569329217237659 0.2963063334810188 0
487 0.3937107517076767 0.4061323867961771 0
488 0.3859202432088565 0.3976094538869195 0
489 0.374582979080427 0.3994712842431961 0
490 0.3668000362811772 0.3906271822397105 0
491 0.362704354213252 0.4017433057078257 0
492 0.06070236175126975 0.009615200726451834 0
493 0.05466789815778972 0.01957027055672989 0
494 0.0620131617117391 0.02925838213703624 0
495 0.04292388844061501 0.01919038797271466 0
496 0.07339142488972994 0.03018825916183776 0
497 0.07365743481361398 0.04233454886333221 0
498 0.0820190656021661 0.04878676114086067 0
499 0.07192987246200133 0.0534000860437891 0
500 0.08086167208952555 0.06047039854423475 0
501 0.08183359926396749 0.07218451507834595 0
502 0.0922517461753869 0.06518838725513804 0
503 0.6274108000562192 0.4874723132216657 0
504 0.6335535906280825 0.4780585699350395 0
505 0.6443070976392821 0.4785741183369569 0
506 0.6404897931475022 0.4683466820378794 0
507 0.6508004425096188 0.4688402376610937 0
508 0.6374614897537136 0.457808420538402 0
509 0.6222815834846294 0.4774110060337379 0
510 0.6109205779239707 0.4767604477033484 0
511 0.6171596090993186 0.4671985571384158 0
512 0.7403114352630171 0.02851651968522911 0
513 0.7500950103291179 0.03462742392056489 0
514 0.750542324861829 0.04553601799085233 0
515 0.760901286500357 0.04013629638926175 0
516 0.369795289790138 0.4237945227793855 0
517 0.3719129249890702 0.4104046689751274 0
518 0.7501462861605244 0.02279118711361378 0
519 0.490340878041033 0.4802986877027272 0
520 0.496907314377125 0.4709538632926984 0
521 0.5079440331364553 0.4712255555323196 0
522 0.5026728693970141 0.4611509786601842 0
523 0.7718647318125501 0.01716914585939133 0
524 0.7637354231882383 0.4345541491289619 0
525 0.5132639116240998 0.4814328654611823 0
526 0.5195072659361365 0.4719565486647104 0
527 0.5309704241599438 0.4725329620011252 0
528 0.5258974756691167 0.4623487687400337 0
529 0.6046738061638617 0.4862367913164936 0
530 0.5995352933445838 0.4761216811834524 0
531 0.5881531563870214 0.4754618604373655 0
532 0.594410236990316 0.465885851448718 0
533 0.5818557451129651 0.4849581777850719 0
534 0.5767283227852174 0.4748503885926189 0
535 0.5653185478938966 0.4741990748589264 0
536 0.5715225045757186 0.4645669238222001 0
537 0.5590108227484916 0.4836906972908733 0
538 0.5538873485146578 0.4736183392077365 0
539 0.5423815897305342 0.4731071110171404 0
540 0.5501738140646552 0.4634002095122431 0
541 0.7706117913257706 0.3603222810665862 0
542 0.03302006141473279 0.02412826170209409 0
543 0.04741327329283251 0.04133954650522781 0
544 0.3705846088435538 0.3794880913493531 0
545 0.3589300202788898 0.3811968398613054 0
546 0.352463679554317 0.3724267154100048 0
547 0.3475990647930703 0.3826940056335636 0
548 0.1055375094145738 0.0634194336225502 0
549 0.1009691510007502 0.07432217961177728 0
550 0.1083046403231257 0.0831047736281465 0
551 0.09652792755848527 0.08426766796200474 0
552 0.1198257023905079 0.08121121561684752 0
553 0.1159598197779171 0.09186677024135737 0
554 0.1233682657907335 0.100650401878591 0
555 0.1114888408481954 0.1019987743093155 0
556 0.1347818985527113 0.09866372582044081 0
557 0.1309307338985692 0.1093637867546422 0
558 0.1383066653955419 0.1181364691010942 0
559 0.1264071869519224 0.1195077233634937 0
560 0.1496419398250348 0.1161380846083605 0
561 0.1457858644222946 0.1268477395422963 0
562 0.1531789171730632 0.1356063764969055 0
563 0.1411116696864047 0.1368536128560679 0
564 0.1644202893571794 0.1336512109228897 0
565 0.160557219240327 0.1443539893859392 0
566 0.1679114841758674 0.1531243024683621 0
567 0.1565908398251066 0.1551788757698327 0
568 0.1791476873525119 0.1511950688676108 0
569 0.1752786284730884 0.1618897199985591 0
570 0.1826248679095005 0.1706701431312267 0
571 0.170514991465321 0.1718413780992448 0
572 0.1938653589235548 0.1687520480878599 0
573 0.1899942652391571 0.179441607632997 0
574 0.1973417484762197 0.188227183787212 0
575 0.1851999202921917 0.1893516010477439 0
576 0.2085765983045549 0.1863232284046811 0
577 0.204714868483178 0.1969998120301269 0
578 0.2120668424255241 0.2057847170233707 0
579 0.1998912675864624 0.2068653526639635 0
580 0.223301832305408 0.203880434237168 0
581 0.219443460669573 0.2145548300456564 0
582 0.2267975314686314 0.223339007799582 0
583 0.2145883117422702 0.2243786376052907 0
584 0.2380307259430349 0.2214344896173602 0
585 0.2341752409849416 0.2321075610655486 0
586 0.2415298510514847 0.2408910867182281 0
587 0.2292874987795111 0.2418910349478798 0
588 0.2527607540645429 0.2389871971765807 0
589 0.2489074602359279 0.2496590982017546 0
590 0.2562618124978898 0.2584423968731309 0
591 0.2439866848238574 0.2594028959462952 0
592 0.2674906193988353 0.2565397608004483 0
593 0.2636390404896521 0.2672104319419703 0
594 0.2709929548532073 0.2759938161710734 0
595 0.2586851678146216 0.2769146832649407 0
596 0.2822294269040888 0.2740800140074942 0
597 0.2783714831306714 0.284759925867599 0
598 0.2857237409609201 0.2935452623129967 0
599 0.273550805907759 0.2946086792596531 0
600 0.2969586218330177 0.2916330221134494 0
601 0.2931019660276291 0.3023117772448455 0
602 0.3004539402039678 0.3110973806289487 0
603 0.2882536184336322 0.3121276127021916 0
604 0.3116876735788205 0.3091861854563678 0
605 0.3078321584402324 0.3198639508763607 0
606 0.315183953526457 0.3286497375197671 0
607 0.3029561996466699 0.3296467813706594 0
608 0.32641670818091 0.3267393877535512 0
609 0.3225621926163053 0.3374163132449159 0
610 0.3299138293597373 0.3462022541027451 0
611 0.3176586266276287 0.3471661306923536 0
612 0.3411122345659485 0.3443372649911984 0
613 0.3368506628048003 0.3547428656829191 0
614 0.736282263152681 0.4573483063899464 0
615 0.7433442955939285 0.4501057180644132 0
616 0.7406207818317949 0.05142754598571042 0
617 0.750402762398802 0.05717757633505538 0
618 0.7500769293293833 0.06817396303698087 0
619 0.7609304972113862 0.0626778161868452 0
620 0.7708025668138921 0.2228571428571431 0
621 0.7609963903927959 0.2171428571428575 0
622 0.7592892513595535 0.2297773211646343 0
623 0.7602103278658751 0.2066853500671598 0
624 0.7508446059496222 0.2120929139264922 0
625 0.740537301180862 0.1884936204421044 0
626 0.750336280226067 0.1940190353751648 0
627 0.7505510188753991 0.1837397542666262 0
628 0.7603922995583232 0.1885714285714281 0
629 0.7708626988191376 0.165636477584962 0
630 0.7610064123936701 0.1599870319784464 0
631 0.7610132701871102 0.148569267234503 0
632 0.7510077004416762 0.1542857142857145 0
633 0.7610050850318257 0.1703708979521352 0
634 0.7405974331861079 0.1199999999999998 0
635 0.7502324642892594 0.1138312205460218 0
636 0.7516462113488825 0.1256865524426122 0
637 0.7521706335508979 0.1015757325557655 0
638 0.7603922995583234 0.1085714285714281 0
639 0.7705730119229368 0.08544329664881539 0
640 0.7609051336277839 0.09142857142857197 0
641 0.7605158644618174 0.08078887623752962 0
642 0.7410619892175675 0.2227598663557621 0
643 0.7401583024016799 0.2914285714285714 0
644 0.7512440595023906 0.2868437753924051 0
645 0.7505284751288999 0.274473962565401 0
646 0.7606163448739485 0.2792227615712671 0
647 0.7706223370874126 0.1312275893297038 0
648 0.7707905512860331 0.1428232856178441 0
649 0.7594286770047882 0.1358991454143993 0
650 0.7689900556573719 0.1989222408547035 0
651 0.7405021391668387 0.3139644373909217 0
652 0.7406030346455552 0.2686028032847096 0
653 0.750410144643226 0.2628937466893042 0
654 0.7502183440010946 0.2518891658069572 0
655 0.7611954995427823 0.2575949033920314 0
656 0.7405076124437615 0.245866800400632 0
657 0.7513630362943542 0.2402875906513787 0
658 0.7405269219325961 0.1309694554769335 0
659 0.7703530233760408 0.2346876784834497 0
660 0.7407768839084401 0.09692884324432594 0
661 0.7403343678528077 0.1777314847625758 0
662 0.3257380192733081 0.3728677296676016 0
663 0.3369548901887442 0.3708831790459358 0
664 0.5361572098880889 0.4826722364888851 0
665 0.7613087028895523 0.02285842302796276 0
666 0.4798218303821343 0.4485641577088603 0
667 0.7404274351232321 0.07421565804916935 0
668 0.6288426488161573 0.4680543972203791 0
669 0.06215191515594753 0.05892422849382484 0
670 0.4091496243540688 0.4326541001677634 0
671 0.3560535057110273 0.3617147642006471 0
672 0.0381990784301508 0.008651252056033842 0
673 0.4563018555104663 0.4669190501000303 0
674 0.4621765941759202 0.4748492087683419 0
675 0.446157069659608 0.4637679499368172 0
676 0.6153209616411419 0.4563499169132533 0
677 0.6057821537363898 0.4668548818467734 0
678 0.5927999329655081 0.4550942064737649 0
679 0.5147013084908775 0.4619997309542475 0
680 0.5251658165590825 0.4515242845167899 0
681 0.5375728053232733 0.4631648861831433 0
682 0.5025393715906185 0.4503286676501939 0
683 0.7422890722225782 0.4401718032042227 0
684 0.583075831398036 0.4656190796174994 0
685 0.1491893324103759 0.1459597919970801 0
686 0.1637696458604476 0.1634098516064475 0
687 0.1501641928654509 0.1640201493412099 0
688 0.4927595889532652 0.4605370871586626 0
689 0.5701078633472304 0.4539019077876423 0
690 0.1652857549681447 0.1815800292652437 0
691 0.1333952223738283 0.1279954247525838 0
692 0.5608014555044321 0.4642124979616046 0
693 0.1780055050902759 0.1806462452970013 0
694 0.1362379109376457 0.1467258019039428 0
695 0.1799270972408266 0.19904105508846 0
696 0.05757928020270031 0.03911403765520149 0
697 0.7724423134295049 0.04025814470452299 0
698 0.1926990408012911 0.1981612857391805 0
699 0.547466980842607 0.4527827116617413 0
700 0.7642470056838737 0.01016792217468826 0
701 0.3420872474395047 0.391431102236748 0
702 0.2068472779147431 0.2154204561933073 0
703 0.1940517179010151 0.2163376553896418 0
704 0.2215312814292645 0.2329226460960488 0
705 0.2086799909388252 0.2337882829239915 0
706 0.3435969425722358 0.3646726254725172 0
707 0.3555016079838142 0.3916069034254027 0
708 0.2362165490525175 0.2504235592972427 0
709 0.223310614868332 0.2512369800091689 0
710 0.7471450201311921 0.01012562731525546 0
711 0.7499299886145955 0.07993838634910716 0
712 0.1186931644800484 0.1106956673365347 0
713 0.7587158875572533 0.05139125566611724 0
714 0.2509018070158798 0.2679239789968231 0
715 0.237942282530231 0.2686847382045806 0
716 0.7713895490849866 0.3938458410404423 0
717 0.7607014744132943 0.3975584822977211 0
718 0.265782438485736 0.2856367892991686 0
719 0.7724395018923933 0.06258946039970747 0
720 0.2528328903280488 0.2862812504923468 0
721 0.1212200470657702 0.1292851756533947 0
722 0.7707446765479363 0.1868947641895636 0
723 0.7518956987496325 0.222733228093226 0
724 0.7519022439303633 0.1654185156870176 0
725 0.7587106062005498 0.2685513605578865 0
726 0.7401787516533167 0.2109174464802382 0
727 0.7615429217639917 0.2400059358995936 0
728 0.7707752752491986 0.106873408614912 0
729 0.7520111452510934 0.1431059214586783 0
730 0.7503861404421923 0.09039120696159442 0
731 0.772514342844324 0.2574744449113332 0
732 0.7393716378851911 0.1542857142857142 0
733 0.7713501074039619 0.2800000000000001 0
734 0.7619377520733228 0.1257760864310712 0
735 0.2805013788396029 0.3031753941591717 0
736 0.2683129646224316 0.3042000698833082 0
737 0.295193133976911 0.3206849170135962 0
738 0.2829757134104471 0.3216746494684112 0
739 0.3098849365075298 0.3381944432434126 0
740 0.2976384748381485 0.3391492423841057 0
741 0.3240513100732871 0.3556618880397346 0
742 0.3121371130427753 0.3565800844154914 0
743 0.353595810703183 0.4091076771442708 0
744 0.05074480682511595 0.02980293410261525 0
745 0.3826012042819779 0.4420481519213268 0
746 0.1068828175191718 0.1120564621641298 0
747 0.3999539154986679 0.4527773988899114 0
748 0.4375596745196612 0.4725806057498944 0
749 0.4273694962431972 0.4693159492631576 0
750 0.1037886048755839 0.09318445597048053 0
751 0.09152257450599155 0.09435572595974345 0
752 0.6825741049806484 0.4575032269343397 0
753 0.7493194931399043 0.3196150627125481 0
754 0.6492725344310987 0.4887464522490401 0
755 0.4287168415019304 0.434160070342359 0
756 0.01741476798811603 0.007893597332030267 0
757 0.7177511262764671 0.4829996637839737 0
758 0.7174876487483245 0.4727398319086179 0
759 0.7714644961485547 0.3824710297169326 0
760 0.7686341561847095 0.4143321190244981 0
761 0.7355222379655979 0.4741060373108282 0
762 0.7482725963901475 0.4593460525270263 0
763 0.7617439568276603 0.3661673052623673 0
764 0.09161410712791607 0.04585641211855546 0
765 0.7397182230308992 0.3472659549432317 0
766 0.09110926754472337 0.0760430401319222 0
767 0.4082160045636515 0.4611237715306955 0
768 0.469649818050596 0.4806979688297485 0
769 0.6605123919607787 0.4706650466109913 0
770 0.4868291676387441 0.4697717694888873 0
771 0.7623490349188909 0.3763547227900116 0
772 0.705891237819267 0.4583726620535319 0
773 0.06438932197504077 0.04673952154885619 0
774 0.4245827259721794 0.4596830074036068 0
775 0.4836787743980281 0.4587635525805778 0
776 0.7728409596151691 0.3027662703991094 0
777 0.7597003622997274 0.4438563894918152 0
778 0.7588113269030077 0.4074152733371545 0
779 0.7478600816656488 0.297142857142857 0
780 0.700943296856201 0.4899910853517386 0
781 0.08898415603961429 0.05499026146471891 0
782 0.3310483643486937 0.3640023066660387 0
783 0.7483494259891361 0.3296641425634348 0
784 0.0275620744632008 0.007285100823175961 0
785 0.6586493173763089 0.4579256421474245 0
786 0.07477222738050737 0.07838156248506667 0
787 0.7624353841502269 0.288699118976579 0
788 0.7395436989310802 0.3362408966426513 0
789 0.7585770110790786 0.03115002976575793 0
790 0.7587168784651293 0.1181722100745173 0
791 0.7587570721793859 0.2478791597131796 0
792 0.748900051924826 0.1347511062897851 0
793 0.7488862357024594 0.2309759347019235 0
794 0.7500590398316369 0.1739937809231678 0
795 0.67112273521057 0.4568977770942779 0
796 0.7091686589710307 0.468167043090003 0
797 0.7580509705714547 0.1979298660879642 0
798 0.7491636314836814 0.2030736559217232 0
799 0.7629216273263836 0.1007481785629354 0
800 0.7611867984802648 0.180045375565879 0
801 0.4199286349853545 0.435903715835944 0
802 0.758420327499063 0.07210311778849099 0
803 0.7377076166660902 0.007638257023511841 0
804 0.7736508122573387 0.00767760801777051 0
805 0.7032487384652621 0.4812066226412295 0
806 0.7103501345359581 0.4778449349612996 0
807 0.06630289521526833 0.03680671710004058 0
808 0.7557121906707798 0.01455252534415974 0
809 0.7740938370787662 0.3256342166954833 0
810 0.4717203797138771 0.4730641966790251 0
811 0.7003970247753785 0.464856761567684 0
812 0.7506042946725694 0.410466343236037 0
813 0.4547501600705974 0.4793757710101522 0
814 0.3885123466091256 0.4360522710828396 0
815 0.7546017409963809 0.3710818545581104 0
816 0.3437860840793227 0.3748269089184326 0
817 0.4385412999333935 0.4361432386382147 0
818 0.7564764878667374 0.3242098035179092 0
819 0.03373612061120812 0.01583649358043249 0
820 0.4157615741925197 0.4577869270328209 0
821 0.7505370837359918 0.4445963947447379 0
822 0.3965999086879741 0.4423921939263699 0
823 0.685841039258799 0.4654487774101143 0
824 0.7653696645933434 0.2970703280604974 0
825 0.6732336702770914 0.4890086988801684 0
826 0.6819565962727483 0.4903749080175573 0
827 0.6656176761894358 0.491795098062128 0
828 0.7214798307672777 0.2115874250446448 0
829 0.3637595103621023 0.3403375033508017 0
830 0.5185136098702136 0.009954945544958349 0
831 0.5265871785725449 0.4322138662150241 0
832 0.4493965302345105 0.0116613543074256 0
833 0.3195994235096237 0.2876862173802657 0
834 0.7218011281429466 0.2699511331394149 0
835 0.5774124305551065 0.009932774942334854 0
836 0.392465966562064 0.00981043722881686 0
837 0.2827576577566616 0.2438323954025456 0
838 0.7208788882369284 0.1542897600643758 0
839 0.5839689011687996 0.4341765761157225 0
840 0.4011455628452718 0.3839004031152622 0
841 0.3348835566037248 0.009935686712801539 0
842 0.2459064777273507 0.1999369793462087 0
843 0.7214314612461238 0.3255541496778901 0
844 0.6217072148695315 0.009935844289705731 0
845 0.2893029673964671 0.01033608550536402 0
846 0.7222518947676524 0.1065327171105573 0
847 0.2164784429141288 0.164766673794054 0
848 0.4813823225232688 0.4299727347123755 0
849 0.6279816379920702 0.4384113500523417 0
850 0.2431006981005364 0.009935844289705731 0
851 0.1869842092264352 0.1296939846059874 0
852 0.7209402463148059 0.3716616319363868 0
853 0.4359203084992684 0.4186913318082318 0
854 0.6679011264791396 0.009452450731408102 0
855 0.2089970006402017 0.009190875739876481 0
856 0.4853131884022024 0.008624168453443493 0
857 0.3416762999463753 0.3139924937853301 0
858 0.7208025668138921 0.0742857142857144 0
859 0.1648906346960147 0.1033903683226413 0
860 0.661497415379157 0.4390893503971935 0
861 0.1752382624379848 0.0100511918248089 0
862 0.720139942245994 0.4045932555568334 0
863 0.1428098322952418 0.077045799762686 0
864 0.7194953010004718 0.03938621817497001 0
865 0.1398443753453561 0.009935844289705731 0
866 0.6931137280290897 0.439262073084315 0
867 0.3858616204829051 0.3666338719621195 0
868 0.7213286466133405 0.3028746240450839 0
869 0.7195090102539782 0.3486822878754769 0
870 0.7215980358919917 0.2454499865610792 0
871 0.6905468471726951 0.009832935922596486 0
872 0.6446252554982878 0.00989369094679271 0
873 0.5992103675524136 0.01089060567176914 0
874 0.5523430928056301 0.009366979863108527 0
875 0.2660463351780887 0.009443057642788688 0
876 0.3578299456062926 0.009935844289705731 0
877 0.3119377632302221 0.009935524775286031 0
878 0.4149294103559122 0.009447386579679085 0
879 0.3048266675677227 0.2701157368526148 0
880 0.2680349577150052 0.2262633007964399 0
881 0.2017494906594105 0.1472133920293451 0
882 0.231207395168847 0.1823199555587628 0
883 0.7206411964872015 0.1900764185790578 0
884 0.1281047293858198 0.05944698320580133 0
885 0.7213877754229104 0.1317882513962896 0
886 0.5043154240769713 0.4311255736364619 0
887 0.5491067438142244 0.4333940666197599 0
888 0.6054056569184234 0.4363445676315996 0
889 0.4158279006566862 0.4009750207299969 0
890 0.1139276808406341 0.04168534119122663 0
891 0.4622826335198171 0.4287076669716521 0
892 0.116864360075654 0.009915846700189745 0
893 0.7130441475830309 0.009675206229135758 0
894 0.7134782642305083 0.4216007056861805 0
895 0.09864682487638277 0.02434041967638301 0
896 0.09398564824555689 0.00958201244059409 0
897 0.3932209952845459 0.3754042807298817 0
898 0.3975464004173372 0.3645786782331313 0
899 0.3898510736966264 0.3558672079156249 0
900 0.4012853913318957 0.3538643459070109 0
901 0.3937522286800379 0.3451194279229928 0
902 0.4050203689906386 0.3431381467388511 0
903 0.3976217150612902 0.3343745931499982 0
904 0.4089016939989518 0.332391222593343 0
905 0.4015495441157698 0.3236234537392103 0
906 0.4128001786041611 0.3216147291509043 0
907 0.4054622600928362 0.3128680047461844 0
908 0.4168287690884578 0.3109177705857256 0
909 0.4094098614254746 0.3021232761598793 0
910 0.4207893412001026 0.3002000152511468 0
911 0.4133358289393603 0.2913743301945645 0
912 0.4246978014006866 0.2894051712910409 0
913 0.4172517349996447 0.2806218615271951 0
914 0.4287298584774092 0.2786733252447731 0
915 0.4211457055045508 0.269849429263088 0
916 0.4325732200965392 0.2679052709101937 0
917 0.4250670248179312 0.2590932125604271 0
918 0.4363681023325509 0.2571176825392855 0
919 0.4438845806452272 0.2658825811275716 0
920 0.4476515092711657 0.25513235201136 0
921 0.4549889643591911 0.2638918246228319 0
922 0.4588854841845652 0.2531537217078837 0
923 0.4662366059745579 0.2619181025868499 0
924 0.4701525935213872 0.2511698242013513 0
925 0.4774928309691395 0.2599388401883968 0
926 0.4814116692089007 0.24919618428101 0
927 0.4289926866863575 0.2483368050656308 0
928 0.4887562841496226 0.2579609432413188 0
929 0.492671146155579 0.2472174029787766 0
930 0.485326800571895 0.2384542251469153 0
931 0.4965881837530299 0.2364743557901225 0
932 0.5000137379432645 0.2559806276778231 0
933 0.4892448195685974 0.2277105152245685 0
934 0.5005078613821041 0.2257304899918753 0
935 0.4931602860825609 0.2169645389093155 0
936 0.5044264370208089 0.2149849492804757 0
937 0.4970776916714559 0.2062178710517735 0
938 0.5083440060921174 0.2042380193236741 0
939 0.5156925050407357 0.2130054126362309 0
940 0.5196104781073743 0.2022586327921657 0
941 0.5269574159040886 0.2110257158307765 0
942 0.5308764755023025 0.2002795139632614 0
943 0.5382230381768184 0.2090462877085534 0
944 0.5421422045680784 0.1983005585212393 0
945 0.5009955816837695 0.1954702499810813 0
946 0.5494887128134247 0.2070669760105916 0
947 0.5534078675502534 0.1963214654780861 0
948 0.5460612607326758 0.1875547444794398 0
949 0.5573273728867013 0.1855755163265145 0
950 0.5499799855928 0.1768077191266425 0
951 0.5612478728710527 0.1748281869321702 0
952 0.4961022729559126 0.2667212599650194 0
953 0.5073547255142907 0.2647412494814877 0
954 0.5607217431328601 0.2051309545062917 0
955 0.5034430868293592 0.2754739764081111 0
956 0.5146892153918263 0.2734954489634692 0
957 0.5538991679541512 0.1660593655965273 0
958 0.5651685332475624 0.1640795834591826 0
959 0.5107794561290712 0.2842223266789323 0
960 0.5220207547070186 0.2822458977553667 0
961 0.5578188300490166 0.1553096771369448 0
962 0.5690888373301357 0.1533299240251259 0
963 0.576438119806254 0.1621001991960019 0
964 0.5803587541903392 0.1513510599945284 0
965 0.5181118076797073 0.2929668766801281 0
966 0.5293476970633877 0.2909920355128136 0
967 0.5877079492363358 0.1601211642222639 0
968 0.5916281943522045 0.1493725105773084 0
969 0.5617390504167044 0.1445583790797179 0
970 0.4897272309678155 0.1974504393179949 0
971 0.4936462617411012 0.1867002003528513 0
972 0.4823744021220662 0.1886810670873343 0
973 0.4862947905847558 0.1779275219066052 0
974 0.4750205228064994 0.1799093824356636 0
975 0.4789417916434415 0.1691539197472157 0
976 0.4676658064014384 0.1711360694123452 0
977 0.4715873747594322 0.160379010401368 0
978 0.460309950912673 0.1623612765745675 0
979 0.4642320306098057 0.1516028692893072 0
980 0.4529534302204952 0.1535855590406976 0
981 0.4568759670867182 0.142825822121228 0
982 0.4455958069802551 0.1448083774339868 0
983 0.5254413555670313 0.3017067601516316 0
984 0.5366711244219514 0.2997331644570854 0
985 0.4203340984191593 0.3302859530008142 0
986 0.4176957908379249 0.2503316085740961 0
987 0.5989761953920034 0.1581423395086918 0
988 0.6028976463226867 0.147393874309117 0
989 0.4495188260519768 0.1340475729406651 0
990 0.4382377795774951 0.1360314418652697 0
991 0.4608000460013861 0.1320646938262748 0
992 0.4343147361402281 0.1467920556131265 0
993 0.4269560142040415 0.138014726014299 0
994 0.4230327021711935 0.1487763539385702 0
995 0.4156736926185308 0.1399990937601506 0
996 0.4117499656370952 0.1507613353932883 0
997 0.4043905137298007 0.1419829914736354 0
998 0.4004665357161141 0.1527457371902066 0
999 0.3931064621536821 0.1439645476144539 0
1000 0.3891826007085161 0.1547289335254271 0
1001 0.3818221086594318 0.1459484859099122 0
1002 0.377898271243275 0.1567130161863607 0
1003 0.370537512705722 0.1479324754665341 0
1004 0.3744618827811166 0.1371673888199927 0
1005 0.3631762556473539 0.1391516638572682 0
1006 0.5327761115040403 0.3104353717018257 0
1007 0.5439940490725321 0.3084676493083796 0
1008 0.4195924238229368 0.1292400416363267 0
1009 0.366613808069695 0.1586972883373602 0
1010 0.547899222949796 0.2977608407410183 0
1011 0.5552195023459823 0.3064979992140487 0
1012 0.5591270406266333 0.2957904868248175 0
1013 0.566449365309569 0.3045290997274913 0
1014 0.5703576520967782 0.2938197551004911 0
1015 0.5776803169864655 0.3025592214118437 0
1016 0.581589493783943 0.291846735114805 0
1017 0.5889105486165888 0.300589867420113 0
1018 0.5928196343931673 0.2898751602927203 0
1019 0.5850046721888466 0.3112986280965756 0
1020 0.5962298276231919 0.3093310110387704 0
1021 0.367101103242884 0.1283855595747584 0
1022 0.3558143900351877 0.1303701588135695 0
1023 0.5923266125134006 0.3200350214951058 0
1024 0.6035479090852323 0.3180666746829581 0
1025 0.5215697117901298 0.312406698404079 0
1026 0.5401388100566866 0.3191882016527072 0
1027 0.5955490682313578 0.1386243372867397 0
1028 0.6068194370002449 0.136645092486525 0
1029 0.5994698654317444 0.1278744355089984 0
1030 0.6107409057389094 0.125895224181423 0
1031 0.6102446894406356 0.1561635270793031 0
1032 0.4534420872693889 0.1232855376427665 0
1033 0.4647252590626422 0.1213025790436453 0
1034 0.3597392447205166 0.1196032484191983 0
1035 0.3484523021612103 0.1215881498098239 0
1036 0.3445275773069334 0.1323550864736663 0
1037 0.3371652221432578 0.1235730089016934 0
1038 0.5996454431031012 0.32877059459143 0
1039 0.6108658395552395 0.3268041346095775 0
1040 0.6147706913946156 0.3160988651315983 0
1041 0.3332405883012208 0.1343401496848243 0
1042 0.3258778453778374 0.1255579089712349 0
1043 0.6033908465377864 0.1171233008538107 0
1044 0.6146628426779303 0.1151445052531511 0
1045 0.3298033369706007 0.1147904075847139 0
1046 0.3185152081364476 0.1167751807882471 0
1047 0.4573659063435361 0.1125223700435117 0
1048 0.4686504535589698 0.1105391935344763 0
1049 0.6220797504556368 0.324832182883307 0
1050 0.6259884722248491 0.3141280620042747 0
1051 0.6181812806024992 0.3355374930191761 0
1052 0.6220118556135933 0.1239165626863904 0
1053 0.6259343337653512 0.1131664787310931 0
1054 0.3145905104899598 0.1275430769078574 0
1055 0.30722700763091 0.1187606782812891 0
1056 0.3111520191371665 0.1079920706142654 0
1057 0.2998632818125986 0.109977762182174 0
1058 0.3739743656375915 0.1674775989334912 0
1059 0.3626901218000525 0.1694618781403783 0
1060 0.6073124960382901 0.1063708371311506 0
1061 0.6063247800473781 0.1669102349999069 0
1062 0.6175903495246862 0.1649317918991428 0
1063 0.6136713537834031 0.1756763370046011 0
1064 0.6249347677210886 0.1736984767431979 0
1065 0.6210170883455455 0.1844406577762734 0
1066 0.6294579251735685 0.333494374711595 0
1067 0.6255033083521686 0.3442517138225394 0
1068 0.4059360678378661 0.2826353215196395 0
1069 0.4612901112719951 0.1017578669703917 0
1070 0.4725752725073724 0.09977457581085092 0
1071 0.3700503940512804 0.1782421117232637 0
1072 0.3587665185547501 0.1802262092128715 0
1073 0.6322781594146788 0.1824633345265378 0
1074 0.628361283805839 0.1932034748487996 0
1075 0.3037884430579403 0.0992084541502628 0
1076 0.2924997514126939 0.1011941068213897 0
1077 0.6332825199514749 0.1219379591107267 0
1078 0.6372048236642199 0.1111889599749802 0
1079 0.4996501212990905 0.2862984155281192 0
1080 0.366122126548006 0.1890045640158659 0
1081 0.5960382667672951 0.1083503274795981 0
1082 0.4828646926074137 0.1583973810393802 0
1083 0.4799354581241481 0.1085562683709852 0
1084 0.4838605881192498 0.09779191804134557 0
1085 0.4216314087151188 0.2395622591284382 0
1086 0.2885749911131721 0.1119634299710002 0
1087 0.2812108365543992 0.1031799383085513 0
1088 0.3548422872258279 0.1909899682902146 0
1089 0.3621975562124889 0.1997680299032955 0
1090 0.5999608283938854 0.09759491864571102 0
1091 0.5886827281035657 0.09957565163449272 0
1092 0.636783234607354 0.3422120036715792 0
1093 0.6327841913910902 0.3529787552969181 0
1094 0.6215178037473951 0.3549480834046204 0
1095 0.6396211259412807 0.1912261684696313 0
1096 0.6357036136539919 0.201964954644505 0
1097 0.643538752222533 0.1804865391767249 0
1098 0.2851355475201584 0.09241049185129441 0
1099 0.2738464181121929 0.09439678927767092 0
1100 0.4652151033261027 0.09099188866726277 0
1101 0.453928302480974 0.09297588173956406 0
1102 0.5854951417983286 0.2811317563656232 0
1103 0.5967321773791359 0.279156749249048 0
1104 0.4912180688937077 0.1065727622339314 0
1105 0.4951451741379111 0.09580907592844978 0
1106 0.3509186624564061 0.2017535974673244 0
1107 0.3435586986508147 0.192975655383605 0
1108 0.3582782834781785 0.2105329805209623 0
1109 0.4191088801310955 0.1595416661382792 0
1110 0.5926070880854034 0.08881764284098825 0
1111 0.5813266937947428 0.09079870659690736 0
1112 0.6038841746618638 0.08683976357912188 0
1113 0.2699219101342739 0.1051661444112599 0
1114 0.262557245336366 0.09638268885689649 0
1115 0.6440070693283337 0.3510246831165733 0
1116 0.6481701158692533 0.3402387438172535 0
1117 0.640035262281069 0.3617098155333253 0
1118 0.6445528135742544 0.1199597084633482 0
1119 0.6484743489585589 0.1092115769238751 0
1120 0.4324262049295022 0.2982736935414653 0
1121 0.5455621748718982 0.2178095578225147 0
1122 0.6244459854968362 0.2039423352629641 0
1123 0.6317868391625405 0.212702208924916 0
1124 0.6430427946552553 0.2107250311050986 0
1125 0.6391267140631631 0.221459807662443 0
1126 0.6204643047179919 0.2146918635003409 0
1127 0.2664808263474192 0.08561380256295492 0
1128 0.2551916649240443 0.08759980979805965 0
1129 0.6503799592579746 0.2194834063803813 0
1130 0.6464653632082918 0.230216067602882 0
1131 0.5504670426350267 0.1465392299811908 0
1132 0.5894069213025116 0.2704110678447053 0
1133 0.4637453396975707 0.1818931634442985 0
1134 0.3469959731122896 0.2125172479523296 0
1135 0.3543556750086788 0.2212965929574617 0
1136 0.4578537866076557 0.08220829052720108 0
1137 0.4465652756794606 0.08419286010880567 0
1138 0.6513960254277595 0.3597593328678357 0
1139 0.6473758189151175 0.3704248563942532 0
1140 0.5852520528999819 0.0800384102700587 0
1141 0.5739706016562384 0.08201955548418616 0
1142 0.588428236091682 0.3307358472806736 0
1143 0.3774202269710518 0.1870125830096688 0
1144 0.3710266257303405 0.1176188419232105 0
1145 0.3636641744376458 0.1088356625127319 0
1146 0.3749524351897183 0.1068512307111463 0
1147 0.3675893983198312 0.09806719382354989 0
1148 0.3788786169429568 0.09608249828592064 0
1149 0.3715149524386396 0.08729774781290656 0
1150 0.3828051859060096 0.08531287916321151 0
1151 0.2586332902366878 0.1071522929082999 0
1152 0.3754408573144854 0.07652733607214923 0
1153 0.3867321540672213 0.07454226552963961 0
1154 0.3641508537059952 0.07851302246545344 0
1155 0.2591155965624868 0.07682942046890123 0
1156 0.2478257017252301 0.07881572511497065 0
1157 0.5025023628204586 0.1045897025640319 0
1158 0.5064302769414801 0.09382668146013912 0
1159 0.4990706354337695 0.08504419350619552 0
1160 0.510356643441737 0.08306138939997931 0
1161 0.5029963178537062 0.07427808181196471 0
1162 0.5142840745423164 0.07229495094811195 0
1163 0.6558217461786914 0.1179807651461485 0
1164 0.6597424285862941 0.1072342771295894 0
1165 0.6523956510268989 0.09846370327737597 0
1166 0.6577238826549325 0.2282382101751456 0
1167 0.6538041178328117 0.23897081227988 0
1168 0.6616603496909296 0.2174988237645456 0
1169 0.6586183904183323 0.3684863246882755 0
1170 0.4504906829971275 0.07342405662382517 0
1171 0.6636646749161785 0.09648643723858508 0
1172 0.6563174458865304 0.0877147399987328 0
1173 0.5259340577171151 0.2715226333022229 0
1174 0.5137884787627188 0.1026077916307436 0
1175 0.5543879128925164 0.1357858835030269 0
1176 0.5098644045414413 0.1133711122068574 0
1177 0.577895639656183 0.07125729266322234 0
1178 0.6547033623172747 0.3791493056397112 0
1179 0.6434193872734 0.3810904441657006 0
1180 0.3430728105855281 0.2232806329157452 0
1181 0.3504325863834919 0.2320599142978289 0
1182 0.3793671182184191 0.0657558719451502 0
1183 0.3906595632991917 0.06377061718985333 0
1184 0.6006822419372981 0.2684244291579894 0
1185 0.5933228983681987 0.2596861859749923 0
1186 0.582072668300616 0.2616638198148061 0
1187 0.6659053089805596 0.3771861986999613 0
1188 0.4103549957168042 0.2415425025320443 0
1189 0.4142769294123013 0.2307838469552029 0
1190 0.4255556151354029 0.2288015094897055 0
1191 0.4181996718391777 0.2200244469916596 0
1192 0.6675892466037466 0.08573616258951483 0
1193 0.6602396847274351 0.0769636881985396 0
1194 0.4624320498111605 0.2726826416719711 0
1195 0.2517497319252425 0.06804479530508678 0
1196 0.2404598878800266 0.07003068165505966 0
1197 0.2365350953026406 0.08080239632370378 0
1198 0.2291692760743694 0.07201755611267258 0
1199 0.2630355591300405 0.06605896381249132 0
1200 0.2252448048949309 0.0827889430090531 0
1201 0.2178785980302034 0.07400443963600056 0
1202 0.671513407925125 0.0749846678112232 0
1203 0.5069224613400566 0.06351050532393515 0
1204 0.5182118307363149 0.06152711541308142 0
1205 0.6641625826010907 0.06621064279515504 0
1206 0.6528864573985114 0.06818985717430442 0
1207 0.6650619021899719 0.2369982765671165 0
1208 0.6611396359771152 0.2477257992423539 0
1209 0.6699599720956588 0.3665117120313154 0
1210 0.6670888647096668 0.1160035665880699 0
1211 0.6631679756835145 0.1267497574724403 0
1212 0.6498937853981153 0.2497028032126714 0
1213 0.6572281127750939 0.2584534253711206 0
1214 0.2218031918783084 0.06323295588310907 0
1215 0.2105121244943579 0.06521990989188342 0
1216 0.394169064035035 0.3149059233345012 0
1217 0.3940887561838105 0.08333868019492324 0
1218 0.5859863831288883 0.2509371144315526 0
1219 0.213954682850788 0.08477572531982347 0
1220 0.2213201335848419 0.09355910311276205 0
1221 0.6684701044953378 0.256479705752253 0
1222 0.6645584031759533 0.267204031171765 0
1223 0.6533172734101796 0.269178466093151 0
1224 0.6606476916983638 0.2779267125411294 0
1225 0.6718880048201881 0.2759528284686241 0
1226 0.6679766837719047 0.2866728422067197 0
1227 0.6620079461947647 0.3878579729835565 0
1228 0.6754371108825769 0.0642330908508314 0
1229 0.6731988338061392 0.3858950082150041 0
1230 0.604559313974572 0.2577147520682315 0
1231 0.3617148999667024 0.2300763744417235 0
1232 0.357791832113606 0.2408390703580184 0
1233 0.4123239207257069 0.3519165116646757 0
1234 0.5230399317423415 0.2217710152704513 0
1235 0.6023250491686967 0.1776964074175679 0
1236 0.6406311961456682 0.1307079986629452 0
1237 0.574738629301544 0.2529131718998697 0
1238 0.2659975121738583 0.1159350941483342 0
1239 0.2547070998497371 0.1179202824196687 0
1240 0.2620727301018839 0.1267034641849096 0
1241 0.351405960887869 0.1714461441180996 0
1242 0.3033028284818434 0.1295288538244309 0
1243 0.3106659995726929 0.1383107371734407 0
1244 0.2993793013169461 0.1402961683856787 0
1245 0.3067419620131329 0.1490778537634664 0
1246 0.2954555454806455 0.1510630502580232 0
1247 0.3028178596821809 0.1598445246910116 0
1248 0.2915318644831114 0.1618296819998505 0
1249 0.2988938662167477 0.1706109532344195 0
1250 0.5216295985899022 0.08109087521099334 0
1251 0.3695698365047681 0.2085256457906896 0
1252 0.6080444248329369 0.2771525312180841 0
1253 0.4975681126708358 0.1759474764724108 0
1254 0.3150775764507899 0.09722299652948818 0
1255 0.3077134238526935 0.08843854255624245 0
1256 0.3357129741134676 0.2145011716236377 0
1257 0.3317895722233466 0.2252648565361192 0
1258 0.3244294128842796 0.2164850381291078 0
1259 0.5891792422745229 0.06927646804508725 0
1260 0.5818218179834411 0.06049367385359822 0
1261 0.5931076390855585 0.05851297706379832 0
1262 0.5705362336775723 0.06247523425369977 0
1263 0.4819026054153716 0.2189374126403217 0
1264 0.4617805706052357 0.07143960679081535 0
1265 0.4544168265100829 0.062654142316664 0
1266 0.4431260189908013 0.06463910195526873 0
1267 0.3190036825759003 0.08645306551195453 0
1268 0.3116387344460899 0.07766774580419533 0
1269 0.4657066102375346 0.06067075415706197 0
1270 0.3229298690134756 0.0756819478385245 0
1271 0.3155643147969421 0.0668958549975463 0
1272 0.3268565300435601 0.06490985191769449 0
1273 0.5426301206800621 0.1680394409372191 0
1274 0.5700454222250612 0.09278081257136656 0
1275 0.4294787336957506 0.2180420878135211 0
1276 0.4221223149482012 0.2092650804867563 0
1277 0.287608289072151 0.1725959753666726 0
1278 0.2949700512271513 0.1813768470130038 0
1279 0.2802447998314131 0.1638142475178848 0
1280 0.3465095167017734 0.2428228376491419 0
1281 0.3538690264787973 0.2516015682525723 0
1282 0.3651509705941558 0.2496178155410609 0
1283 0.3612282931834583 0.2603800354409139 0
1284 0.2507829677655429 0.1286885142638383 0
1285 0.24438363119465 0.05925977964662721 0
1286 0.6568107577443287 0.05743270188215754 0
1287 0.64553020077264 0.05941288750273788 0
1288 0.6749359621034529 0.09450821559978695 0
1289 0.3832937795701363 0.0549833341307065 0
1290 0.3945870840872846 0.05299808970483211 0
1291 0.3720007316971329 0.05696890339507843 0
1292 0.6744334627971504 0.1247723422560255 0
1293 0.6705140336591234 0.1355161272693633 0
1294 0.3194902761409382 0.05612302111365974 0
1295 0.308197354003842 0.05810930238534723 0
1296 0.330783508012185 0.05413693459421159 0
1297 0.6792162441048971 0.2847002039670008 0
1298 0.6753050615470759 0.2954194215189786 0
1299 0.6692954269447033 0.3965736043688957 0
1300 0.6580613455954538 0.398516937065216 0
1301 0.5108490982504943 0.0527413845944803 0
1302 0.5221396643364179 0.05075808193908515 0
1303 0.2144368314374984 0.05444758734788879 0
1304 0.2031453434561352 0.0564350391582924 0
1305 0.1992202817627331 0.06720705421680651 0
1306 0.1918533233240566 0.05842252770254619 0
1307 0.4470525610602513 0.05386758112142914 0
1308 0.1957783120909984 0.04764990019475218 0
1309 0.1844867000652748 0.04963803105064768 0
1310 0.6640677182987522 0.2973915041632035 0
1311 0.6713946982126716 0.3061358564110508 0
1312 0.6494072785289011 0.2798999148263479 0
1313 0.5744627649318328 0.05170912317665599 0
1314 0.4872853322854079 0.1173467714554532 0
1315 0.3101809958869302 0.1686252640509715 0
1316 0.386235349113106 0.1048744832808378 0
1317 0.4426405571609204 0.09496073005632444 0
1318 0.6450445893801864 0.08969679403569986 0
1319 0.5431132551851683 0.1377670899465453 0
1320 0.547035432098496 0.1270114702308246 0
1321 0.4108428349697459 0.2112473890237556 0
1322 0.4029804876842155 0.232793473453565 0
1323 0.5786523666564447 0.2421842457577162 0
1324 0.372509878433019 0.2583961531253262 0
1325 0.3685869106481118 0.269158201261132 0
1326 0.4352769561653367 0.0861776387656219 0
1327 0.4019504493325539 0.06178501398835956 0
1328 0.4058806882136047 0.05101318092128976 0
1329 0.3205058164580979 0.2272490439158516 0
1330 0.3131458719994101 0.2184708499119014 0
1331 0.2836848311100767 0.1833618814698065 0
1332 0.1805622075905485 0.06041005267834254 0
1333 0.1731956914088933 0.05162616757514837 0
1334 0.3573057114300431 0.271141976037909 0
1335 0.3646644884545649 0.2799201154943566 0
1336 0.4147680621695455 0.2004999291108469 0
1337 0.4260471821142435 0.198512417586633 0
1338 0.5626886167091001 0.08400151333226713 0
1339 0.2100311761570386 0.09554593447920945 0
1340 0.2173954511303112 0.1043286460989921 0
1341 0.5294976917087432 0.05954278644742994 0
1342 0.5334299861368468 0.04877456676925368 0
1343 0.3425867944972733 0.2535855687661693 0
1344 0.683129001981319 0.2739792484952335 0
1345 0.3759275583550281 0.04619530520004478 0
1346 0.6804979144376453 0.394604907495557 0
1347 0.6817776846918094 0.1335384948996989 0
1348 0.6778581563831406 0.1442813266296793 0
1349 0.6665955110557433 0.1462591633448383 0
1350 0.6739393635830729 0.1550239925391088 0
1351 0.6840029459663424 0.3837802673864533 0
1352 0.6826304616827175 0.3041644767253731 0
1353 0.6787204861880595 0.3148797095879217 0
1354 0.6352141591855103 0.2321932298536384 0
1355 0.5899006906835499 0.2402090283960299 0
1356 0.5847610994238627 0.1103325829088271 0
1357 0.6827863736103191 0.07300644808793622 0
1358 0.6867106718388601 0.06225558224279026 0
1359 0.6793624568565703 0.0534817911107372 0
1360 0.6494566120518361 0.04865224046093442 0
1361 0.6381738322773517 0.05063235455100767 0
1362 0.6342482046394731 0.06139458534045461 0
1363 0.6856976051126935 0.1227959654885038 0
1364 0.312170178398934 0.04767159459473203 0
1365 0.3008267012250582 0.04938704018004564 0
1366 0.6420777992710863 0.2711539818057838 0
1367 0.6380975612920674 0.2819113416199627 0
1368 0.6601436707171887 0.3080791695976292 0
1369 0.5957399543598733 0.3394655758535571 0
1370 0.5845229225313259 0.3414283696385401 0
1371 0.5918325612566342 0.3501465349757932 0
1372 0.580629030825949 0.3521125931446337 0
1373 0.5879374672265736 0.3608220963700436 0
1374 0.5767512745341826 0.3627868207398146 0
1375 0.584042690962657 0.3714851191493276 0
1376 0.5728662775318438 0.3734470071346886 0
1377 0.5655751534438298 0.3647539057535723 0
1378 0.5616929769542237 0.3754104718097686 0
1379 0.5544043054000225 0.3667198090253279 0
1380 0.5505243696976279 0.377372937884456 0
1381 0.5432353571482873 0.3686849356488165 0
1382 0.5393558992510299 0.3793368130497322 0
1383 0.5320667391277651 0.3706513495755152 0
1384 0.5279209806437893 0.3813759725182122 0
1385 0.5208538359100083 0.3726262106035739 0
1386 0.516303619974236 0.3833899590923119 0
1387 0.5094126319766521 0.3746532383800911 0
1388 0.5135562919922694 0.363929195361351 0
1389 0.5023693319160323 0.3658965204950688 0
1390 0.4980328029375858 0.376558365645916 0
1391 0.4910720157083528 0.3678302372018171 0
1392 0.49509291755812 0.3571763655927463 0
1393 0.4839177240904101 0.3591517786687222 0
1394 0.479956485676171 0.3697762545915683 0
1395 0.4878281984876787 0.348470338635546 0
1396 0.4727741700718826 0.361125960446826 0
1397 0.4687777446544814 0.3717861716451271 0
1398 0.5801510528535795 0.3821432790715106 0
1399 0.5913220273434417 0.3801826563913855 0
1400 0.4616116827812584 0.3631298091874605 0
1401 0.4578144878959069 0.373701172487272 0
1402 0.4756423950323703 0.3804599966466687 0
1403 0.5578171414240584 0.3860649088301815 0
1404 0.4655029709644438 0.3524684613557482 0
1405 0.5874362297912833 0.3908317035307318 0
1406 0.5985943022314939 0.3888751796919369 0
1407 0.5349588084663615 0.389985587328437 0
1408 0.4543369704851523 0.3544856494011454 0
1409 0.4582118133744139 0.3438063276343519 0
1410 0.5582769857049372 0.3560561462816352 0
1411 0.5359527804405263 0.3599991686854921 0
1412 0.4990179888830178 0.3464953311377236 0
1413 0.4917174442427507 0.337794670110461 0
1414 0.5947103063380667 0.3995158388531024 0
1415 0.6058677313604178 0.3975623535541477 0
1416 0.5835582426534641 0.4014719671055415 0
1417 0.6765866448804252 0.4052935989614584 0
1418 0.5625417794519438 0.3152352290137744 0
1419 0.6904582168959623 0.2827285784745188 0
1420 0.5112776819456766 0.2539984840070759 0
1421 0.4515384280487239 0.2443842265329996 0
1422 0.568561681937263 0.1836435628195719 0
1423 0.6097521496554719 0.3869215681364352 0
1424 0.6170224074309149 0.3956093639782615 0
1425 0.6288593181924853 0.1629575493032346 0
1426 0.3170670077655172 0.2077103575471244 0
1427 0.2581485077386354 0.1374713578410944 0
1428 0.246861757377455 0.139457299386176 0
1429 0.2542244823873053 0.14823869570149 0
1430 0.2394912826870274 0.1306744005482612 0
1431 0.6131903828451425 0.2059214456542849 0
1432 0.2910463686998752 0.1921425464395989 0
1433 0.3965430186584448 0.1635088282302357 0
1434 0.4490303070810485 0.1643472760422525 0
1435 0.6508808539849791 0.1892492296243058 0
1436 0.3563015961459688 0.1000525393092668 0
1437 0.5674035392004984 0.2441600652484515 0
1438 0.5634904403404675 0.2548901179886897 0
1439 0.5561665677229641 0.2461411768372844 0
1440 0.4063914080989026 0.2523663391432406 0
1441 0.5235296841203793 0.1915132632774688 0
1442 0.4313519675071402 0.09694589891391614 0
1443 0.2969032637022634 0.06010684925037724 0
1444 0.2895348777338714 0.05132158623726252 0
1445 0.5518005697084027 0.2870536390116686 0
1446 0.4995587806808 0.05472522572898286 0
1447 0.503485676524567 0.0439544683752412 0
1448 0.4921935494966034 0.04593877444749589 0
1449 0.3646362377291782 0.04818215784162883 0
1450 0.5587671953054646 0.09476042087143222 0
1451 0.6268968738152109 0.05261575209362263 0
1452 0.5825657945350928 0.2314530895514591 0
1453 0.2797613881253881 0.1941274896878123 0
1454 0.2871227006588684 0.2029078944475984 0
1455 0.3534001272094369 0.281889966552306 0
1456 0.3607702076322428 0.2906679879147214 0
1457 0.3720275827748951 0.2886955541397558 0
1458 0.3681147519763746 0.2994588063528958 0
1459 0.2723997991841141 0.1853469903640616 0
1460 0.6852011848951406 0.1530462296664301 0
1461 0.6812830000643879 0.1637876029527483 0
1462 0.690252646232047 0.3130178965283908 0
1463 0.6860937192882771 0.3236407107214789 0
1464 0.6906364099058957 0.05150408165770909 0
1465 0.6832877256714771 0.0427293654947879 0
1466 0.630817410481566 0.04184949224836942 0
1467 0.6195452628749133 0.04383090347713192 0
1468 0.6131379289352044 0.4062466429254913 0
1469 0.624289439707476 0.4042959745292217 0
1470 0.3985150344603198 0.04222451648997444 0
1471 0.4098181603771887 0.04033057906620385 0
1472 0.1884107522373667 0.03886455753390133 0
1473 0.687806964239572 0.4033216766510489 0
1474 0.6925443002963911 0.1618099342540724 0
1475 0.6886252098250627 0.1725504225375228 0
1476 0.447060906077381 0.3458074677689071 0
1477 0.4509104550400198 0.3351257456867962 0
1478 0.4431869720928203 0.3564883370972739 0
1479 0.4620942828301535 0.3331351619612535 0
1480 0.4547741993034679 0.3244341360082093 0
1481 0.4659672713716329 0.3224311093651795 0
1482 0.4586439677478698 0.313720621721913 0
1483 0.4698649808001599 0.3117244663233684 0
1484 0.6748212636014674 0.3255962713576072 0
1485 0.6821453315096218 0.3343395030476175 0
1486 0.5260677061590152 0.03998767348187993 0
1487 0.5373434552119787 0.03801770161103057 0
1488 0.2934505787879216 0.0405561323270871 0
1489 0.2821649881147088 0.0425271859048677 0
1490 0.5938172139574482 0.2294778103706445 0
1491 0.5864805670888253 0.22071917317135 0
1492 0.6933755893203393 0.3323677390507263 0
1493 0.6894598228987951 0.3430782784113339 0
1494 0.3764322536891361 0.2476343728127492 0
1495 0.4625231249527397 0.303006020016413 0
1496 0.6773657244309761 0.1745279067870082 0
1497 0.6847073651456801 0.1832900175199875 0
1498 0.6626720816994526 0.1570062008409336 0
1499 0.2286834530797399 0.1023425415262139 0
1500 0.2880928115101852 0.1422813619300005 0
1501 0.3970294997993274 0.1332040762326137 0
1502 0.618676354769232 0.305392084587373 0
1503 0.3406029926858857 0.1431220715325702 0
1504 0.4917103717895549 0.07626183941629705 0
1505 0.4034882350596961 0.2024853640808479 0
1506 0.3302945640085789 0.08446785128940165 0
1507 0.3798676751073545 0.2671746706073749 0
1508 0.338146907064149 0.06292646131628521 0
1509 0.5656599285307943 0.1338097006642072 0
1510 0.5357598779423746 0.1289944328113632 0
1511 0.5318375482190636 0.1397493691826284 0
1512 0.5397040540986286 0.1182351426438392 0
1513 0.4239882312829338 0.08816275791571437 0
1514 0.4200639284351927 0.098931515699407 0
1515 0.6229684157254247 0.06337789075931655 0
1516 0.4132320826604424 0.05981165633309915 0
1517 0.4073965279130025 0.1917710216477488 0
1518 0.1997033515793519 0.03687630657103697 0
1519 0.552245012067305 0.2568679872144963 0
1520 0.5449554192324477 0.2481126625025837 0
1521 0.2429388348030295 0.1502247180845633 0
1522 0.250300906094235 0.1590055603984125 0
1523 0.3092219733672728 0.2292336618650316 0
1524 0.3165823290537729 0.2380130909586779 0
1525 0.1692725802145642 0.06239772507153846 0
1526 0.1619059739515973 0.05361446699496059 0
1527 0.1766381223419696 0.0711808566323664 0
1528 0.1658289333149889 0.04284281804831302 0
1529 0.154538395151814 0.04483096189098262 0
1530 0.158461931771897 0.03405853465951214 0
1531 0.1471702831079119 0.03604689333051164 0
1532 0.5514215983509467 0.08598845833134683 0
1533 0.2061074460169205 0.1063150070363107 0
1534 0.1987431679322541 0.09753285083729812 0
1535 0.2134713298062429 0.1150971978068273 0
1536 0.5407575761379481 0.05760379810752025 0
1537 0.5029008574723173 0.3358239762648514 0
1538 0.4955895881794291 0.3271239244339188 0
1539 0.4737525164794931 0.3010097326318898 0
1540 0.3685606789843933 0.03740680065875363 0
1541 0.3566811735891898 0.03926335043483992 0
1542 0.6946087621423391 0.04074306978911491 0
1543 0.6943717622492674 0.2720055916694932 0
1544 0.6964645630959156 0.151067638326732 0
1545 0.6998860743641691 0.1705734100996378 0
1546 0.4961212336348088 0.03516655025191345 0
1547 0.4848295087844772 0.03715171404376638 0
1548 0.5908259060882591 0.4101478164625511 0
1549 0.5797622342862345 0.4125706218605099 0
1550 0.1923680509174185 0.02827588087726368 0
1551 0.6940573532434305 0.07102882953846129 0
1552 0.7017023302529527 0.280756790412316 0
1553 0.6838968882605284 0.4140122986738728 0
1554 0.672633587529696 0.4159678680853647 0
1555 0.4434455230864166 0.3263365909307953 0
1556 0.6709108256069034 0.3363066743099955 0
1557 0.4358990238981068 0.3478121634604009 0
1558 0.4319198365074391 0.3584208485078482 0
1559 0.63082662477845 0.2731360490094902 0
1560 0.6209137837189715 0.3849659939658105 0
1561 0.6299062477949461 0.3034397499544119 0
1562 0.6373757313794057 0.3120522058512653 0
1563 0.4393192293490212 0.3671253599453214 0
1564 0.4280753602448903 0.3690465588918425 0
1565 0.4354393298407156 0.3776965844205603 0
1566 0.4241558427048795 0.3798665271954675 0
1567 0.4313629381077552 0.3884298273781484 0
1568 0.4425997024679827 0.3863107552334694 0
1569 0.6203997455470017 0.4149256703920353 0
1570 0.6315494477019066 0.4129784644894283 0
1571 0.6136444671704196 0.3762725608843641 0
1572 0.5771904445649012 0.3327008050181838 0
1573 0.5724286417222257 0.4035095080236442 0
1574 0.5686383292412179 0.414617390448406 0
1575 0.6734403976939372 0.185271828074578 0
1576 0.6807869675053141 0.1940306136185281 0
1577 0.6920479709792307 0.1920519537277166 0
1578 0.6881286766342664 0.2027908696771785 0
1579 0.6695208034244433 0.1960126127404717 0
1580 0.6548083592570929 0.1785053599744449 0
1581 0.5612951365118507 0.405497862832161 0
1582 0.4368340471476796 0.226820261115826 0
1583 0.4407557391974858 0.2160612037014418 0
1584 0.4481108998221036 0.2248354239823956 0
1585 0.4520315910983381 0.2140797563535483 0
1586 0.6636123704726872 0.3275762306815274 0
1587 0.3863671009836641 0.3363707201676981 0
1588 0.6901346682502247 0.08177722566407403 0
1589 0.6453399565702111 0.2906822277624054 0
1590 0.5078564651523977 0.2344942497923712 0
1591 0.5837470544044751 0.1709035247540217 0
1592 0.5661236497869744 0.1035408806696908 0
1593 0.4720827951189306 0.130082970781364 0
1594 0.2655130788473002 0.1462532059018685 0
1595 0.6930409502878221 0.131561467645775 0
1596 0.6969607852263725 0.1208195179977183 0
1597 0.5102231686174157 0.3445262898945479 0
1598 0.655332083689409 0.1482375977722382 0
1599 0.6513957830780306 0.1589947593122325 0
1600 0.4446776321102918 0.2053045532561577 0
1601 0.3180290851099744 0.1470924279181934 0
1602 0.2733610175345456 0.1247179303130286 0
1603 0.6896176369117266 0.1120535033153877 0
1604 0.4387163986422615 0.1057274561714462 0
1605 0.6354411480261548 0.4023471644224848 0
1606 0.6427247681416971 0.411034823343834 0
1607 0.63032202906728 0.07215623417386574 0
1608 0.5244834008139139 0.1309757146734449 0
1609 0.5205609422504516 0.1417315953283953 0
1610 0.5132061939971261 0.1329578945194504 0
1611 0.5092838519251929 0.1437137049751581 0
1612 0.5166388427224089 0.1524882328051873 0
1613 0.5019282397190719 0.1349380380330235 0
1614 0.3460266677351577 0.2731237845088101 0
1615 0.3995475669865798 0.2132455949363379 0
1616 0.3003477719457981 0.07965414354905764 0
1617 0.6011514493212843 0.2382346514440215 0
1618 0.3023322856508343 0.1901571505615605 0
1619 0.3798552785659803 0.03542086011550555 0
1620 0.2257286856677964 0.05246029364562677 0
1621 0.3018576691360771 0.2204583136708569 0
1622 0.2183620571088428 0.04367415116947632 0
1623 0.2296547104624577 0.04168626873050224 0
1624 0.2224025873113942 0.03355417336620214 0
1625 0.6347447997142996 0.262409128058102 0
1626 0.1810819561313628 0.03030520787300317 0
1627 0.5074138916099743 0.03318252903555091 0
1628 0.6440577583057113 0.1502276929635113 0
1629 0.6977865085892394 0.2914782791330347 0
1630 0.4784616497606766 0.1994293641102594 0
1631 0.4034591567234014 0.03095267768405041 0
1632 0.6298575617254745 0.1024190219857398 0
1633 0.5881987362154717 0.1298548376017064 0
1634 0.6870410581921708 0.2632552326781246 0
1635 0.6982860446788882 0.2612802440052061 0
1636 0.6909542026031653 0.2525319947400678 0
1637 0.6607370485655982 0.04667521594338997 0
1638 0.6533873259101279 0.03791188692252578 0
1639 0.6646686528459893 0.03591082096468617 0
1640 0.2856106568523294 0.06208620634068779 0
1641 0.6226675483110491 0.2946592877270849 0
1642 0.3053039333809089 0.2399998230067119 0
1643 0.4882718343109723 0.05670965468552791 0
1644 0.2684822338224329 0.1961146327229124 0
1645 0.5752391021483959 0.2227008653114 0
1646 0.5991280560618416 0.3588602788654326 0
1647 0.3607131557212643 0.05895741248894448 0
1648 0.5141260410051127 0.333835365013486 0
1649 0.521428074440661 0.3425504690988131 0
1650 0.4279170252548785 0.077395502050149 0
1651 0.5595820930478024 0.2656164475341383 0
1652 0.5475321336886908 0.09674735884473873 0
1653 0.3421500236365943 0.2838421142318664 0
1654 0.4593809363107187 0.2228551512308768 0
1655 0.5053651385300957 0.1544694748820556 0
1656 0.165357140482428 0.07317090583339431 0
1657 0.4166412476290762 0.07937899687180583 0
1658 0.3922054743184956 0.2044609998976768 0
1659 0.3882370946510356 0.2152751271892289 0
1660 0.4357604246663125 0.05585269378821772 0
1661 0.4396941306383199 0.04508228889491056 0
1662 0.4509819562552982 0.04309536865902347 0
1663 0.4435525620781702 0.03394361440435356 0
1664 0.4548360338503474 0.03189784441023924 0
1665 0.4622574139680126 0.0410444617945856 0
1666 0.4661841694935124 0.03026061587203188 0
1667 0.6004534800079862 0.06730926145729998 0
1668 0.555346833986997 0.07522727686630526 0
1669 0.432325074009649 0.03623494593301668 0
1670 0.5127206123340919 0.1632427119530674 0
1671 0.4559504964772713 0.2033393016204028 0
1672 0.6993874408978253 0.2008130842344223 0
1673 0.6954702572282545 0.2115494551797913 0
1674 0.68420508412259 0.2135333721467158 0
1675 0.6915471910602067 0.22229025907853 0
1676 0.5483541755985065 0.2675959742359787 0
1677 0.5601192307413013 0.2354027542569171 0
1678 0.3793828203454503 0.2974669878715269 0
1679 0.3754611439158881 0.3082264889490881 0
1680 0.3833034500659395 0.2867130175599373 0
1681 0.3641870653290216 0.3102209777046543 0
1682 0.4485999190357277 0.1945600523733282 0
1683 0.1506147417962734 0.05557486204180062 0
1684 0.4810780969837065 0.3097236003012676 0
1685 0.1727132248317086 0.08193495254999539 0
1686 0.1840029458906754 0.07996384743582535 0
1687 0.180079403291129 0.09073287156436349 0
1688 0.1948169834440583 0.108283985786889 0
1689 0.7017155271588914 0.04944643949466632 0
1690 0.5441218210023155 0.07719690408793822 0
1691 0.2389971243889753 0.1609486435593328 0
1692 0.2463564517463968 0.1697215502570445 0
1693 0.2576616555572642 0.1677766805526718 0
1694 0.2537220797696182 0.1784981233517574 0
1695 0.3126726579585924 0.2487428154894066 0
1696 0.2336217273475112 0.03114073861036681 0
1697 0.2409500480463405 0.03973924097328496 0
1698 0.5631747610562938 0.05369142047943654 0
1699 0.5671210734963412 0.04292987298187589 0
1700 0.5783953205793637 0.04094222504123668 0
1701 0.3715784043354269 0.3189671108892169 0
1702 0.2316285209529488 0.15216144162513 0
1703 0.4387548410636778 0.3967099480251779 0
1704 0.4496444247525488 0.3947735499115941 0
1705 0.3347658259919358 0.2750931605094221 0
1706 0.5791416046865984 0.2119595504658786 0
1707 0.5903985952256849 0.2099827933218957 0
1708 0.5830586585542678 0.201220849295982 0
1709 0.5943474550789976 0.1992289893002852 0
1710 0.4361317890583059 0.02559809125742701 0
1711 0.3725523319984435 0.02665435598706234 0
1712 0.5710341617908357 0.03215434599114964 0
1713 0.5823240250410264 0.03017139453855111 0
1714 0.5896750466011371 0.03896775453893697 0
1715 0.5597999938402811 0.0341485948457354 0
1716 0.5001456786953382 0.02442792611243061 0
1717 0.6234693911566423 0.03265906722609296 0
1718 0.6348356504349694 0.03062122367943176 0
1719 0.6121342209619448 0.03456751699431093 0
1720 0.5299967305258493 0.02923319126528529 0
1721 0.6873700793993892 0.03116657682186841 0
1722 0.7009356683573559 0.02992325327566381 0
1723 0.7024486259700911 0.2201784217055187 0
1724 0.6988140871371108 0.2310302832890628 0
1725 0.6875916270857743 0.2330380246439181 0
1726 0.2860973113523131 0.03178470772793096 0
1727 0.2750335633578119 0.03382641770813538 0
1728 0.2986231035457242 0.02854542321041775 0
1729 0.2709116766495592 0.04452482006575936 0
1730 0.2635030195137442 0.03572125597699877 0
1731 0.2250671239193575 0.02217606771296404 0
1732 0.2446743124822353 0.02942441116375094 0
1733 0.4252622086315634 0.0276964239494496 0
1734 0.6573789749426027 0.02760813803450174 0
1735 0.6092051981879367 0.4166534008424073 0
1736 0.7006894723319601 0.3411072968649663 0
1737 0.6967767137805544 0.351816485099242 0
1738 0.7012214342077356 0.07995195818080869 0
1739 0.6974469254294915 0.09057451473947586 0
1740 0.7085292676149558 0.08875099977772238 0
1741 0.6387453441578591 0.42127788526351 0
1742 0.6499634616589658 0.4197177170776406 0
1743 0.700645867749638 0.1099857459188012 0
1744 0.4169346416992127 0.3710866717842754 0
1745 0.6951279946766228 0.4120511409625752 0
1746 0.6988557416832871 0.401667350584958 0
1747 0.7106623003096667 0.2293859154057042 0
1748 0.5413237436830679 0.02763252015412765 0
1749 0.4512924093589037 0.3050022244744669 0
1750 0.4551276934179561 0.2943138317269445 0
1751 0.6855499631862483 0.3537864160808308 0
1752 0.6928663756698127 0.3625236223998415 0
1753 0.703650562631097 0.3600128892793393 0
1754 0.7002446726628864 0.3719944007030836 0
1755 0.6235070464925525 0.2643846347292136 0
1756 0.6274059855886748 0.2536639898511224 0
1757 0.6050997997989639 0.2274776846440202 0
1758 0.6124647109358473 0.2362562105884716 0
1759 0.5576510416261428 0.4159337417690078 0
1760 0.5501859125119666 0.4073542735462719 0
1761 0.6248129614503767 0.374323885629712 0
1762 0.5936159513375464 0.02818951019510829 0
1763 0.5869765645861644 0.1904805074786144 0
1764 0.3906706804077428 0.2954747910154489 0
1765 0.2473406623940746 0.1091381413120651 0
1766 0.5239924312474549 0.1612618089825016 0
1767 0.3352266684277614 0.2448070002664839 0
1768 0.3313268281665842 0.255558474216539 0
1769 0.4730679043170318 0.06945866449103222 0
1770 0.5200856825233608 0.1720107086601627 0
1771 0.2595937732366962 0.04650279239656113 0
1772 0.611414573984598 0.2966151959597296 0
1773 0.7019703212601273 0.2507643069982886 0
1774 0.3420696168933395 0.05215690395027905 0
1775 0.3347631121099676 0.04366971149487919 0
1776 0.5509613934052799 0.1162608614855504 0
1777 0.6190462934766051 0.07413687258642221 0
1778 0.6264134047158109 0.08290890677299867 0
1779 0.5211381671389054 0.1113933840160966 0
1780 0.5250556845895388 0.1006361939615471 0
1781 0.6043806230051756 0.0565514767465945 0
1782 0.5649024273445582 0.4252219038422564 0
1783 0.4805237284251979 0.3397797474596787 0
1784 0.1614288610686035 0.08389153542696748 0
1785 0.3013599528116123 0.2506924642440834 0
1786 0.3603026284129257 0.3209289273298232 0
1787 0.5252123112305522 0.3318633177171083 0
1788 0.5325460493026455 0.340631229166843 0
1789 0.1511565092429134 0.02562671802588029 0
1790 0.139952668609146 0.02782530609786216 0
1791 0.1359074013948921 0.03810452385678187 0
1792 0.1290471370638385 0.02944583955201924 0
1793 0.4849816379533661 0.2990054032230487 0
1794 0.4774721469396269 0.2902748653177125 0
1795 0.4921670943315484 0.3077844722973406 0
1796 0.4461486471497494 0.4048691301904783 0
1797 0.456763781659859 0.4032157131697504 0
1798 0.4604817099503744 0.3928811958334151 0
1799 0.4676192408470027 0.4014082876493117 0
1800 0.6795649928923784 0.424548845886004 0
1801 0.4523594650809795 0.4149508982652018 0
1802 0.5351646923363269 0.01910814709401754 0
1803 0.70470207034191 0.06947896768542516 0
1804 0.7028560307099522 0.189911240465574 0
1805 0.7090325089648118 0.2895089521224919 0
1806 0.7049812472825802 0.3001049001535996 0
1807 0.644964970417786 0.4296179640708002 0
1808 0.708223514216811 0.1188434635106946 0
1809 0.5469484720995266 0.4173706132860878 0
1810 0.5390086286013962 0.409307982025825 0
1811 0.2790481646674203 0.02383690572920272 0
1812 0.1620015892235247 0.02281166285157477 0
1813 0.563667322149638 0.02336413050091418 0
1814 0.2048844684555651 0.02612464960478178 0
1815 0.6159301592544597 0.4260197474949907 0
1816 0.7045970428469036 0.3303938549014744 0
1817 0.3818952906694041 0.02590230485818629 0
1818 0.4308637534586938 0.01802182504041228 0
1819 0.669037877969837 0.02675127488381079 0
1820 0.1959407839600744 0.017583250003194 0
1821 0.7107876504161688 0.1984148545130704 0
1822 0.3767794894539396 0.0171408675065946 0
1823 0.6163418416206797 0.02333285235628441 0
1824 0.5870051896390516 0.4210343248345985 0
1825 0.5351434783520286 0.4208804779299793 0
1826 0.5275239481775654 0.4112524515812186 0
1827 0.4274572185334508 0.3988889581329346 0
1828 0.4584135257528285 0.02091756913682735 0
1829 0.4701354277059436 0.01956109143905155 0
1830 0.6683443483276429 0.4289791659216687 0
1831 0.6768874042733736 0.4342865228600895 0
1832 0.7085956101468918 0.2592826789928467 0
1833 0.1550182163846878 0.01449819364197785 0
1834 0.5116669403569446 0.02013457187020778 0
1835 0.5855172225510612 0.01952964691619241 0
1836 0.7085883366408378 0.4106577291811172 0
1837 0.5020137872602319 0.01257348206460474 0
1838 0.4126309572378278 0.3819011090616106 0
1839 0.7117236600079729 0.3393091804337186 0
1840 0.7131550042667342 0.2786186751167473 0
1841 0.42417975134879 0.3497683339210738 0
1842 0.4051323621025327 0.3732370115028202 0
1843 0.4281542974142576 0.3390468513268022 0
1844 0.4438526565778796 0.296268543369169 0
1845 0.447659966186943 0.2855091184606915 0
1846 0.4400237482832302 0.3070275162663195 0
1847 0.4283937266963603 0.3089349756539083 0
1848 0.6814590795424714 0.3645051309541167 0
1849 0.6596394373983469 0.3382742997358834 0
1850 0.6669038712718655 0.3470524084960303 0
1851 0.652355562926159 0.3294582794356067 0
1852 0.6410181058684086 0.3311771330271126 0
1853 0.6195413845938303 0.2751088246243208 0
1854 0.6160227735752206 0.2556934693261296 0
1855 0.6564555930107097 0.4290133080599636 0
1856 0.6611230812806381 0.4183441484295294 0
1857 0.6466612879437367 0.4004116411477542 0
1858 0.471520890991599 0.3910259478547538 0
1859 0.4785687527936045 0.3995068960620575 0
1860 0.474694920044953 0.4100162640637749 0
1861 0.4857344581823432 0.4081520934652422 0
1862 0.4896544788685214 0.3976649737277518 0
1863 0.4968268758959051 0.4062856833600021 0
1864 0.5007595359098049 0.3957915665486856 0
1865 0.5079455480500046 0.404412007533181 0
1866 0.4928435976659047 0.4165508386899648 0
1867 0.5119228464473579 0.3940081285516844 0
1868 0.5192451056574157 0.4025456927105851 0
1869 0.515402931667275 0.4127187306883927 0
1870 0.4937652986508289 0.3872051710916954 0
1871 0.6451695648094136 0.3206238698439233 0
1872 0.6016978576367448 0.2079851756089363 0
1873 0.6556917700410515 0.3489953745614544 0
1874 0.436303714528779 0.2874913402121698 0
1875 0.641326213901217 0.3013659807791559 0
1876 0.4465083459677261 0.3757344036475457 0
1877 0.6321068012847164 0.3830197025750766 0
1878 0.6164544206711644 0.2254613074632153 0
1879 0.6238762039630488 0.2342073823878041 0
1880 0.5983432831551453 0.1884635848907739 0
1881 0.434980565606531 0.4082762387305872 0
1882 0.4227246240971593 0.4088780227967809 0
1883 0.4199497654940443 0.3903539386438284 0
1884 0.5308168056845607 0.4005272562789848 0
1885 0.5218320659934994 0.4214650649396688 0
1886 0.538386396358882 0.4329685029249035 0
1887 0.5155361339360449 0.4315374033875279 0
1888 0.3828807041033972 0.3169367547593439 0
1889 0.3945809593372435 0.2847318165262912 0
1890 0.5426066121539828 0.3986534588820698 0
1891 0.4504483250443345 0.3651406269648262 0
1892 0.3808991282741226 0.2064788218711368 0
1893 0.5058752021640007 0.1241707535026705 0
1894 0.4164856884829174 0.34109116987426 0
1895 0.4316734645761502 0.3280628957345774 0
1896 0.5651472961363719 0.3947648598541569 0
1897 0.7054830913990074 0.240474318935027 0
1898 0.6660840839527098 0.1765191827960464 0
1899 0.6360517518484893 0.3723745981472192 0
1900 0.617551001579203 0.3656202978204589 0
1901 0.5980561067223741 0.4186079336082156 0
1902 0.5955918670001582 0.4291330387149002 0
1903 0.5761341525542499 0.4246537846164215 0
1904 0.647463847513589 0.169745557129199 0
1905 0.4622400201312898 0.01025797450817262 0
1906 0.4469951656345078 0.02367361519881733 0
1907 0.6539816933308935 0.4092179164552195 0
1908 0.6507251889366755 0.3898035519304007 0
1909 0.7044930593486394 0.09925547726717338 0
1910 0.7150839099090072 0.09764193720142111 0
1911 0.7202728262074497 0.08685492678373535 0
1912 0.4554645033514945 0.2336059165894868 0
1913 0.4667280329862321 0.23164255114583 0
1914 0.665280296593635 0.407319012227614 0
1915 0.6934742031859554 0.1012889425133329 0
1916 0.6741065228619938 0.355809416068523 0
1917 0.6275524368663028 0.4232531463552897 0
1918 0.4628117388057103 0.2423866843551145 0
1919 0.4441909660817633 0.2356036565064143 0
1920 0.5175029888070344 0.3532396922959143 0
1921 0.6142484241293467 0.3462229218751093 0
1922 0.6069515106851827 0.3374983243736377 0
1923 0.5313529639769961 0.1700289678731339 0
1924 0.7209868296833634 0.3608281089106958 0
1925 0.3785139543220402 0.3578585444703472 0
1926 0.3711369208429485 0.3490867993137444 0
1927 0.3750674165953903 0.338358020749601 0
1928 0.6781793895559046 0.3450621160690552 0
1929 0.7019444177112137 0.00977226120800434 0
1930 0.7075611858210734 0.01975494473643813 0
1931 0.7201077889382155 0.01864870811174757 0
1932 0.7128648658428025 0.02918218782606208 0
1933 0.7061144203037437 0.0387268990786111 0
1934 0.5069994862632037 0.2950283907193554 0
1935 0.6019853290011414 0.4081831687933231 0
1936 0.4201983480211545 0.3602436975861255 0
1937 0.1874598254809619 0.09951811754231543 0
1938 0.1835264178333897 0.1102342263032517 0
1939 0.7212709714484137 0.3142624911344059 0
1940 0.7105001262366177 0.3203563701915711 0
1941 0.6527908538424383 0.2993546815669993 0
1942 0.6621499914800837 0.1872671513152496 0
1943 0.6582293310324726 0.1980075260475808 0
1944 0.6655917223074742 0.2067579587067532 0
1945 0.5737736433686214 0.3132665259693954 0
1946 0.5698653498099239 0.3239700928912388 0
1947 0.5586411811478276 0.3259366539429731 0
1948 0.5659653337200271 0.3346643397687493 0
1949 0.5547839275168324 0.3366475621206774 0
1950 0.5732723777497056 0.3433966235635583 0
1951 0.5474968404508191 0.3279446910078146 0
1952 0.1913740645319959 0.08874810194237792 0
1953 0.4771472555285691 0.3204285123353408 0
1954 0.5142629663955415 0.3037074236851049 0
1955 0.5104397903900774 0.3144446806375909 0
1956 0.7208813382845017 0.3828029533133117 0
1957 0.7109560203751832 0.3774960492415735 0
1958 0.7110205236676227 0.388134464903534 0
1959 0.7012437142256625 0.3834069846553687 0
1960 0.5952156538787855 0.3695283841982445 0
1961 0.5513386937542986 0.3172117373566163 0
1962 0.6794745649147992 0.009633250739748855 0
1963 0.6847253956446439 0.01912249714603464 0
1964 0.4922788182214182 0.277516091649631 0
1965 0.4848689130647683 0.2687054947931095 0
1966 0.4736146239844871 0.2706798793995787 0
1967 0.4699530688137902 0.2815203993686879 0
1968 0.5689917972550981 0.3841033939166921 0
1969 0.2611050222155323 0.1873036027785599 0
1970 0.2650268840894919 0.1765501651759007 0
1971 0.268954515018215 0.1657962334797593 0
1972 0.7197560508617383 0.2579204476467925 0
1973 0.6880391441511727 0.3731864212798432 0
1974 0.5708254467796556 0.2636406522846061 0
1975 0.566924864620327 0.2743625622352195 0
1976 0.6675173579679842 0.3168596366758227 0
1977 0.5343029324603297 0.2197904828038575 0
1978 0.5303797769332108 0.2305318847738159 0
1979 0.5191220419365752 0.2325133721431839 0
1980 0.52644951926623 0.2412872836516062 0
1981 0.5152015104406207 0.2432567325756618 0
1982 0.5225131217159251 0.2520444465480248 0
1983 0.5416171069016628 0.2285650976192682 0
1984 0.5117753032196471 0.2237508059669964 0
1985 0.7201846039072417 0.2901627122135314 0
1986 0.1054250358408103 0.009233271747634941 0
1987 0.1099617394175565 0.0203180722052706 0
1988 0.1063074414930255 0.03283141947500573 0
1989 0.6425355162507679 0.2409415554932707 0
1990 0.6560579805171678 0.009465212923896793 0
1991 0.6278204402939032 0.2234526332987263 0
1992 0.6788624322958305 0.08375614769865281 0
1993 0.5039611498520222 0.414527264988939 0
1994 0.3872192031560756 0.2759499970635525 0
1995 0.6097022296233064 0.1864394032820791 0
1996 0.6057306075213248 0.1972033020708669 0
1997 0.5811040829582376 0.322003533050285 0
1998 0.4329115692213381 0.2375796690672969 0
1999 0.6332115802624833 0.009990253949555161 0
2000 0.6276196677258756 0.0201972637834435 0
2001 0.6103025681431412 0.01249750334374855 0
2002 0.6393914696677893 0.01986443472617605 0
2003 0.6040387366228827 0.02363393388866142 0
2004 0.6416049400616878 0.07017197317513835 0
2005 0.646962125786285 0.1999872587444413 0
2006 0.1281309313694662 0.009831603548526247 0
2007 0.5567853224241477 0.2158769495281539 0
2008 0.676862730684422 0.2047749370500803 0
2009 0.6729425053394458 0.2155140676778495 0
2010 0.6690039374032211 0.2262578427063396 0
2011 0.6763209665137182 0.2350224217270664 0
2012 0.6802685519208259 0.2242759979967366 0
2013 0.5039347875650948 0.2452369754703052 0
2014 0.6587412220884206 0.1677561643243426 0
2015 0.647980371105668 0.1394753640610687 0
2016 0.6978460967860992 0.06033735920047922 0
2017 0.710239242564333 0.05846247335832644 0
2018 0.6567050304517619 0.2886546471778009 0
2019 0.5949971578254226 0.1689251686436035 0
2020 0.5279141965885253 0.1505058203502214 0
2021 0.5724873942175787 0.1728863211101864 0
2022 0.6085831416166316 0.2469803357863624 0
2023 0.6120595309010685 0.2664131068539949 0
2024 0.5410396268001966 0.2588536678219835 0
2025 0.5391910961986398 0.1485220239572256 0
2026 0.3837904697925623 0.2564121023381221 0
2027 0.3877315687702699 0.2456289758409332 0
2028 0.3803579030658193 0.2368693788020187 0
2029 0.3950992341672523 0.2543893380540359 0
2030 0.391635684276394 0.2348900789143474 0
2031 0.3842777661683173 0.2261124870303982 0
2032 0.3911489979691442 0.2651883397681524 0
2033 0.402428044608636 0.2632044996719777 0
2034 0.6180899643810035 0.1346661201865054 0
2035 0.6293599297578247 0.1326872666466762 0
2036 0.6254404991850475 0.1434377073952277 0
2037 0.6367128240786998 0.1414580198304647 0
2038 0.6327828641213609 0.1522101077209488 0
2039 0.6141697675504558 0.145414913671479 0
2040 0.5648498844360332 0.01168744563811563 0
2041 0.1579908189512752 0.06436974516864913 0
2042 0.4402755436069832 0.2463590652871645 0
2043 0.7213485571021513 0.2343775621925479 0
2044 0.7211331048466547 0.2231019843397754 0
2045 0.6312610818902114 0.2429309318531066 0
2046 0.1432532346782195 0.04679971948616191 0
2047 0.4274290109586744 0.1077123236292687 0
2048 0.4161418333540839 0.1096980684189687 0
2049 0.4087762928152242 0.1009178793813822 0
2050 0.4048556915526055 0.1116857606485506 0
2051 0.4347947712883762 0.1164924240423357 0
2052 0.1952953217773842 0.07797779905325186 0
2053 0.3293164495834128 0.145107050871028 0
2054 0.3366784296330236 0.1538885985124516 0
2055 0.3479647652569179 0.1519040755896156 0
2056 0.2929779378482535 0.07087034498297362 0
2057 0.281687794584254 0.0728571234903852 0
2058 0.5781622394092852 0.2723879507564491 0
2059 0.6822737150985476 0.1032872739371896 0
2060 0.4760075500030197 0.1193218316402381 0
2061 0.4833530114080463 0.1281213460148212 0
2062 0.4794249841541856 0.1388781090723238 0
2063 0.2021742194012912 0.1170440814922445 0
2064 0.2095334349002247 0.1258201919105958 0
2065 0.2208321675183164 0.1238716681059493 0
2066 0.2168951751335378 0.1345985862495636 0
2067 0.2281983569332207 0.1326516885041417 0
2068 0.232121785257613 0.1218894935006283 0
2069 0.2242594443364541 0.1433706368695166 0
2070 0.3253926359504641 0.1558735061061973 0
2071 0.332754170682454 0.1646546917459733 0
2072 0.3214686187624596 0.166639586344048 0
2073 0.3288300735319478 0.1754203874031257 0
2074 0.340115464556442 0.1734359752708055 0
2075 0.3175451902145958 0.1774051166897125 0
2076 0.3249100998107713 0.1861847220438411 0
2077 0.3136216225350235 0.1881707981880323 0
2078 0.314105192900857 0.1578588604789814 0
2079 0.2545735142791822 0.0097043464964926 0
2080 0.2608090408100663 0.01810266206221911 0
2081 0.365639408682811 0.2193091355312826 0
2082 0.3769366396187184 0.217299301243223 0
2083 0.2775190942454616 0.009935625989642149 0
2084 0.2065878750737016 0.07599151072212273 0
2085 0.4122242539090438 0.1204634463551209 0
2086 0.1875038590434747 0.009297943080652904 0
2087 0.301049976667063 0.009694531421979846 0
2088 0.3062014481509975 0.01987086389580867 0
2089 0.3176730262314014 0.01987081416512149 0
2090 0.3115433532706907 0.02949796621880563 0
2091 0.3229173541217487 0.02919111595419244 0
2092 0.3290640482958452 0.01976838000721021 0
2093 0.3343617686174448 0.02880941685556992 0
2094 0.3813358653881558 0.1762564602502889 0
2095 0.3887212742147395 0.1850196969448622 0
2096 0.392617444020195 0.174275196544273 0
2097 0.3852585942760297 0.1654933389450128 0
2098 0.4039082385211618 0.1722810053274232 0
2099 0.407826826370618 0.1615245213008505 0
2100 0.4151976144378681 0.1702955291676593 0
2101 0.4264700438154603 0.1683185307420297 0
2102 0.4225848849464043 0.1790590541735486 0
2103 0.4338591360424056 0.1770804370712091 0
2104 0.4377554386109137 0.166330314421082 0
2105 0.4451344680983603 0.1750923861854696 0
2106 0.4303924901256805 0.1575545522281969 0
2107 0.6030316697685061 0.3481808313338615 0
2108 0.3518898282395795 0.1411366271565391 0
2109 0.5177099225589364 0.09184780360651817 0
2110 0.23260952157438 0.09157328589012037 0
2111 0.2399734943272726 0.1003577969050276 0
2112 0.2439007078502329 0.08958645218792732 0
2113 0.463297972469612 0.2121195472518374 0
2114 0.3463571137036856 0.009935547552851587 0
2115 0.3529759779061373 0.01935851836973479 0
2116 0.3406330558159861 0.01980103906533009 0
2117 0.3470370150111706 0.03034171289683329 0
2118 0.2772863870827368 0.1139491463751267 0
2119 0.284650045796646 0.1227323663445448 0
2120 0.2807259104167686 0.1335001737188299 0
2121 0.7038728972326769 0.129427617746132 0
2122 0.7003120577506886 0.140299746447992 0
2123 0.7112963667353412 0.136688045291284 0
2124 0.7096231430264763 0.1492199460008077 0
2125 0.7038091247058074 0.1598309719443051 0
2126 0.7111464464363962 0.1685990511944246 0
2127 0.7067005089117914 0.1791458983997193 0
2128 0.7190425157709518 0.1778481296883738 0
2129 0.686187984393917 0.09253205335875203 0
2130 0.7062132645762116 0.2093461767953395 0
2131 0.4037189348399551 0.009898393135071237 0
2132 0.4088769254578895 0.01991735602918288 0
2133 0.3981955728453639 0.02036011475526084 0
2134 0.3219534130725164 0.1363252252544299 0
2135 0.2200699968887314 0.01051171287759944 0
2136 0.213244085903872 0.01894180819974411 0
2137 0.2315734593035691 0.0111935954266274 0
2138 0.5646302248801833 0.1944028267021311 0
2139 0.3062573352885472 0.1793910216229501 0
2140 0.6891090995174195 0.1422991506027179 0
2141 0.382310019376119 0.115638477418435 0
2142 0.4980234063567803 0.1456931894265785 0
2143 0.2959391498619908 0.1207463704747377 0
2144 0.2434112479369342 0.1199041382004105 0
2145 0.2984106644464518 0.2009222201767302 0
2146 0.251266918007556 0.09836957854737055 0
2147 0.2694366491443058 0.1354857340910274 0
2148 0.2767986502267006 0.1442682725864332 0
2149 0.4127083120467993 0.09015125792737944 0
2150 0.2355630328483559 0.1414233641696315 0
2151 0.4371415280594131 0.009205323051138858 0
2152 0.3233967895117208 0.009918400943403238 0
2153 0.2782499335952475 0.05330241983183803 0
2154 0.3901596861289337 0.09411117274440012 0
2155 0.4460818158554705 0.1145061903349672 0
2156 0.1879287004478947 0.0691936896198565 0
2157 0.4137209406343549 0.2611436874288702 0
2158 0.3343141853822843 0.3052185961886611 0
2159 0.3456006336823189 0.3032999677679985 0
2160 0.5255517721370846 0.07032438962749715 0
2161 0.3263677510212477 0.09523785167020382 0
2162 0.3376572241527651 0.09325366971104598 0
2163 0.3415828480942953 0.08248391791277876 0
2164 0.3342205842402532 0.07369707208097659 0
2165 0.3759445704668399 0.2779368909816731 0
2166 0.2758551637392518 0.2048796547805693 0
2167 0.2832085902060502 0.2136654590187017 0
2168 0.2645589525041297 0.2068191852276099 0
2169 0.3097021628313953 0.1989346141151693 0
2170 0.328353233813427 0.2057243483462443 0
2171 0.2841683246096014 0.1530487138140124 0
2172 0.3690740771434458 0.2388552670003621 0
2173 0.3980165412761731 0.07256360913928639 0
2174 0.3269620922808222 0.2964735054441051 0
2175 0.3783863751634272 0.1264020587456663 0
2176 0.2763198530509103 0.1745775822290143 0
2177 0.4691408406839903 0.08022590096148652 0
2178 0.6700142459698366 0.1657701750400313 0
2179 0.3122248888287807 0.2788988015353195 0
2180 0.3161433516674441 0.2682103598248652 0
2181 0.5774023922228096 0.1015583144826416 0
2182 0.5734831349542869 0.1123156871338573 0
2183 0.2979583012996621 0.2312131506660513 0
2184 0.2754187539550659 0.235051094454177 0
2185 0.344039852677164 0.1626696255408579 0
2186 0.3361960398696907 0.1841984754299221 0
2187 0.5730101854373251 0.1425814600456037 0
2188 0.6269309295807706 0.283850108495449 0
2189 0.395574067095898 0.2240606342877306 0
2190 0.2385464140624983 0.1911225621645866 0
2191 0.3337291490151072 0.1040227045495895 0
2192 0.4809045052230997 0.04792407845006735 0
2193 0.2091139667867692 0.1559900329116996 0
2194 0.2238429190414875 0.1735433146764087 0
2195 0.2026643813871938 0.08676198705901395 0
2196 0.3592529885051985 0.1499167066725445 0
2197 0.1943729476391159 0.1384470824090694 0
2198 0.3474814398493321 0.1822116249321296 0
2199 0.6959235718651007 0.1812974619342076 0
2200 0.224757803263041 0.1131091386964485 0
2201 0.3553296489762118 0.1606817401539798 0
2202 0.4416737015264368 0.1555696891298904 0
2203 0.6171024367886121 0.1951812136888418 0
2204 0.3224408401218933 0.1060068686227513 0
2205 0.3278662434718392 0.2360282469659945 0
2206 0.5332527390021228 0.280279738075641 0
2207 0.3391498260771834 0.2340437838242044 0
2208 0.2944861509275056 0.2116867395753403 0
2209 0.6215145813357785 0.1541859328448893 0
2210 0.4171655781939715 0.04904557327224845 0
2211 0.3729966034312553 0.2280945900466018 0
2212 0.4563995750280396 0.1731117897347801 0
2213 0.4334008379667463 0.2072854812599692 0
2214 0.3396364126781931 0.2037392706999125 0
2215 0.5049129799716602 0.1847257780451836 0
2216 0.1771260033531826 0.04089138615460719 0
2217 0.6865436251319392 0.2934474333032494 0
2218 0.2330938844202454 0.0612458725518617 0
2219 0.4069035929979864 0.222025897608042 0
2220 0.3499468737051121 0.2623635137798933 0
2221 0.5185958134192122 0.2627731226235652 0
2222 0.3857462439911107 0.135184203985676 0
2223 0.1354512880773128 0.06824169703237815 0
2224 0.3455089276627015 0.07171458674662667 0
2225 0.4681542364372104 0.140846067385232 0
2226 0.5352718492997619 0.1592747930311122 0
2227 0.5446838607818261 0.04684105204698563 0
2228 0.5289688512596169 0.08989563624912195 0
2229 0.5347960183099998 0.1895358740719752 0
2230 0.3239656274381133 0.2467704968558355 0
2231 0.5122629472019682 0.1934944040946102 0
2232 0.6361985837100976 0.1717239520544361 0
2233 0.290577475628695 0.2224405316418339 0
2234 0.1208126574090957 0.05065204501889431 0
2235 0.5977775189199545 0.2187099942019642 0
2236 0.2964240996167329 0.09042452528862299 0
2237 0.4817994250068687 0.418675051315002 0
2238 0.4707101449963383 0.4205112633022506 0
2239 0.3042734373988592 0.06888266838768126 0
2240 0.3523773526262734 0.1108211432775246 0
2241 0.4902166838131694 0.1671721931890804 0
2242 0.3235324963137029 0.04601667564111939 0
2243 0.3602270822699045 0.0892836167324732 0
2244 0.4392020098316131 0.07540867716261118 0
2245 0.3680779721114609 0.0677421800031105 0
2246 0.719918582845479 0.1191229148141359 0
2247 0.3605517988999352 0.0285009697390245 0
2248 0.3872213637137658 0.04420970490275372 0
2249 0.6185860282799112 0.1043967661886926 0
2250 0.6112330544901927 0.09562425934187579 0
2251 0.4755054186465316 0.1496261063568973 0
2252 0.6376897695378553 0.08092670530597557 0
2253 0.4765008264676699 0.08900994014927094 0
2254 0.2070701874937126 0.04566190684936722 0
2255 0.5808438732078693 0.1210853692362159 0
2256 0.4421597771595372 0.1252698843839954 0
2257 0.2920150078973967 0.1315142157797038 0
2258 0.4711005080164442 0.1906637504097698 0
2259 0.4877861250491434 0.08702770349985028 0
2260 0.3386789254238817 0.2643449204599187 0
2261 0.4583397703630324 0.05187351609538854 0
2262 0.4500038486258596 0.1037417492193676 0
2263 0.6592489574086223 0.1374939653580328 0
2264 0.5666149290602591 0.07323941970519787 0
2265 0.4889278510589186 0.02673795314735072 0
2266 0.5583072230872423 0.12503754941609 0
2267 0.5147769747622208 0.04197076256212018 0
2268 0.4373252564978063 0.1965368353552811 0
2269 0.6783531961248661 0.1140285955954421 0
2270 0.6091502954168704 0.2166503396658284 0
2271 0.4956356447424937 0.06549424046651336 0
2272 0.6710078921194116 0.1052589219874757 0
2273 0.720802566813892 0.06285714285714289 0
2274 0.5842798942189839 0.1406034926027465 0
2275 0.5965270838266041 0.07806366892401762 0
2276 0.4318404435538493 0.0666248910625899 0
2277 0.6543064723583029 0.2087454222535791 0
2278 0.5749599477024436 0.02138273901367699 0
2279 0.6680874286731158 0.05545707160963104 0
2280 0.6519005100160699 0.1287279265273307 0
2281 0.7048438805284719 0.26976313994983 0
2282 0.7206052977656966 0.05178006358635906 0
2283 0.4858160207359107 0.2081946029815616 0
2284 0.6459868558441275 0.2604311163660304 0
2285 0.5465463511361097 0.1572907551067034 0
2286 0.3410906858678678 0.1128059634485957 0
2287 0.5857497534944439 0.04972918936041559 0
2288 0.1697123639573185 0.0320506604055093 0
2289 0.2370185366953901 0.0504812053605686 0
2290 0.3896686071675137 0.1244220384521283 0
2291 0.5387120135049044 0.1787909497212961 0
2292 0.675799925174733 0.2652294743857049 0
2293 0.641126846767033 0.1004437687154293 0
2294 0.3912349576033233 0.031030839926388 0
2295 0.5921171145973383 0.1191034755981928 0
2296 0.2890585242651429 0.08164113736104223 0
2297 0.2113387758743946 0.03565541981685261 0
2298 0.7024564546331755 0.4208118795851233 0
2299 0.2615873169937579 0.1570184517493982 0
2300 0.5972506461821875 0.2489603446835317 0
2301 0.2777683792764767 0.08362770982414641 0
2302 0.6421200063751812 0.03981709912051712 0
2303 0.2728777809211647 0.1550331875082261 0
2304 0.6170717934021771 0.4372063928220009 0
2305 0.5713339854483052 0.2334339485612544 0
2306 0.2360454091076671 0.1111243956248005 0
2307 0.5592612683520306 0.06445957562847532 0
2308 0.5620857436104423 0.3453528818391978 0
2309 0.5509397478724676 0.3473566512177307 0
2310 0.5405749104102776 0.2890246977650969 0
2311 0.5970254657772323 0.0477599600724577 0
2312 0.6489638144987011 0.07894395964806511 0
2313 0.6941953802174416 0.3023011967585212 0
2314 0.5187616673889475 0.03083801422145155 0
2315 0.2669644985401814 0.05529011562322694 0
2316 0.707450852556614 0.3497393109761669 0
2317 0.3824481158534512 0.3471101200900014 0
2318 0.6074623729545729 0.3073551633704041 0
2319 0.6972764237611218 0.321651019074725 0
2320 0.7020123776362092 0.311170499239227 0
2321 0.6386380041143661 0.2516799208057173 0
2322 0.5062937812956483 0.3552105657962253 0
2323 0.3450165439337489 0.1020384431622403 0
2324 0.6281839463020235 0.3936592297675254 0
2325 0.4804267905566247 0.07824506592213099 0
2326 0.49304177608595 0.4313515419475963 0
2327 0.3322747861359225 0.1949616995357447 0
2328 0.3489423094529351 0.09126918305658882 0
2329 0.6720143312799743 0.04470161177919435 0
2330 0.430875408127035 0.1272537074288442 0
2331 0.3209881521486762 0.1969477566293594 0
2332 0.6797112727814177 0.2545080377945915 0
2333 0.5762892668145366 0.3927983350675268 0
2334 0.6154869575350317 0.2857825919407188 0
2335 0.6041054414992396 0.2878682295803827 0
2336 0.2704020881999619 0.0748444500117007 0
2337 0.5694585325271724 0.3540952209081548 0
2338 0.5539514818234581 0.396725189327803 0
2339 0.5742655234111125 0.2831086200444858 0
2340 0.5471079369088037 0.3580374323614346 0
2341 0.4843512169729122 0.06747819436938551 0
2342 0.5466567922025178 0.3880157720219768 0
2343 0.4235096169100251 0.1184766685851442 0
2344 0.6723855437080014 0.2457553430796339 0
2345 0.2743255173134036 0.06407337095382015 0
2346 0.5769285211913121 0.131833373888871 0
2347 0.3528682019569597 0.08050098901984348 0
2348 0.6024851863428936 0.3782276941045098 0
2349 0.2556694592418049 0.05727793225697869 0
2350 0.3057782545177262 0.2096971824995205 0
2351 0.4985632788122885 0.1153612175180659 0
2352 0.5630269116916775 0.2850780024733836 0
2353 0.3567933048382765 0.06973026627976536 0
2354 0.4083092950660255 0.1312226897017202 0
2355 0.6401263591535458 0.1609766030805937 0
2356 0.5171385415335281 0.1222022131748629 0
2357 0.4093014668710875 0.07057666621407921 0
2358 0.600157066511893 0.29860577127702 0
2359 0.5284190764540497 0.1202184535190735 0
2360 0.4769876897292633 0.05869333120789322 0
2361 0.6906599371068201 0.4221828319613724 0
2362 0.4740728850148064 0.2404307806325184 0
2363 0.6770942140903907 0.3751774564277823 0
2364 0.6759343548524052 0.03457459453542328 0
2365 0.5323855272087361 0.1094372299355779 0
2366 0.5556944539971203 0.2763392323804572 0
2367 0.5247818785118634 0.3619629177163334 0
2368 0.4696250559385115 0.04989171591102859 0
2369 0.2483071432026374 0.04849616083857078 0
2370 0.5274458895048442 0.180774967757929 0
2371 0.3494310931171289 0.06094571059634285 0
2372 0.4009453986229981 0.1224448200541028 0
2373 0.4779854534137702 0.22967717271779 0
2374 0.3532535466580636 0.05014915630155403 0
2375 0.569576110371261 0.1230637997365682 0
2376 0.6337740987360474 0.09167639823778784 0
2377 0.639377476377178 0.3917196161413687 0
2378 0.5161787261834304 0.1827535074375655 0
2379 0.3459900028982809 0.0413894024972889 0
2380 0.2519672170524618 0.03800012909781758 0
2381 0.5286714284641414 0.3513008483575494 0
2382 0.4706436101855481 0.2208999711410601 0
2383 0.4735492878104223 0.03911769945097482 0
2384 0.3935865143423605 0.1136649490495481 0
2385 0.683639091979192 0.2437803718961817 0
2386 0.5622185728779712 0.1142878650317716 0
2387 0.5548751932219002 0.1055196239203441 0
2388 0.4474147794065212 0.3157008234621754 0
2389 0.6225010878707863 0.09365090507046486 0
2390 0.4775590022661792 0.02872112609116445 0
2391 0.6924466109317322 0.3914556889071217 0
2392 0.3975104072096322 0.1029062860327834 0
2393 0.5368063992305453 0.06838535776480908 0
2394 0.5088202288509815 0.1739851858847855 0
2395 0.3999993300680681 0.1830295892427133 0
2396 0.3734862125626602 0.1977668202691643 0
2397 0.4766624210816754 0.3504631578855262 0
2398 0.4014345769367721 0.09213349899398604 0
2399 0.6151423792772812 0.08488007789569424 0
2400 0.4745570720091933 0.2101614048424911 0
2401 0.6947420702440629 0.2419365500837577 0
2402 0.5444690573441433 0.2783127654653673 0
2403 0.5014676848812073 0.1652105079639237 0
2404 0.4205739969894308 0.06861394539105214 0
2405 0.3990678310811626 0.2435694517120809 0
2406 0.4053651501572865 0.08135711822357672 0
2407 0.6102948224209436 0.3568943940328769 0
2408 0.5376721399060437 0.2393387873018333 0
2409 0.3984859607046031 0.2739496598172986 0
2410 0.6333981799019119 0.3227855878634377 0
2411 0.6077898847375294 0.07610049289138227 0
2412 0.4941153887452845 0.1564365939184316 0
2413 0.2571976389086637 0.1980614310758348 0
2414 0.2940279359617287 0.2419149206241752 0
2415 0.6063865312423479 0.3675672683176478 0
2416 0.4867649764453128 0.1476621754050219 0
2417 0.5528642971756738 0.2265808429740702 0
2418 0.402037665294292 0.2933812934140513 0
2419 0.4395239450153887 0.3370319524847132 0
2420 0.3981116000055113 0.3041347903315602 0
2421 0.1761947108752827 0.1015005588278854 0
2422 0.4400794209654276 0.2766469784685438 0
2423 0.3867793354688375 0.3061909560435782 0
2424 0.5909647333258309 0.1797406077048948 0
2425 0.3274316628429577 0.2662821522024433 0
2426 0.4245055691653562 0.05784742234561169 0
2427 0.490687098573602 0.1369234811767072 0
2428 0.6117145631674979 0.06534775886263233 0
2429 0.3902706136955704 0.3256512592783634 0
2430 0.4284198208603727 0.04705797504078912 0
2431 0.1540785464414151 0.07512076431958714 0
2432 0.6156365524607377 0.054593859479586 0
2433 0.4693663994310091 0.3418038135910095 0
2434 0.4946151405697832 0.1261532320690183 0
2435 0.4211364725365729 0.03839139665913871 0
2436 0.4672167118238363 0.2013876781996714 0
2437 0.6082753789968522 0.04572136149523059 0
2438 0.3568663224490474 0.3014338110376841 0
2439 0.5371374953484299 0.2695833113233612 0
2440 0.1736786747396175 0.02134425418735753 0
2441 0.3529516715528185 0.3121264322065639 0
2442 0.4598602832938449 0.1926146371662757 0
2443 0.4662700034791266 0.2923135137089902 0
2444 0.5289331411408875 0.3211239829104701 0
2445 0.452508585096181 0.1838434017713743 0
2446 0.4810673462314471 0.2794711514429037 0
2447 0.6007941333829326 0.03647333953078435 0
2448 0.5298207479854743 0.2608226566773088 0
2449 0.5178309545907165 0.3231467781497686 0
2450 0.4098434868380759 0.2718984526270585 0
2451 0.463592627697686 0.4116559407856836 0
2452 0.4412425889092645 0.1858262193406347 0
2453 0.5436302777794977 0.1074947781753752 0
2454 0.4299671136692209 0.1878075477539738 0
2455 0.6287921620496039 0.3636592393053756 0
2456 0.4186877970774283 0.1897853413221242 0
2457 0.1250242451771927 0.04004565308006203 0
2458 0.4113048304700139 0.181032124791727 0
2459 0.4535567076406209 0.3843328014968247 0
2460 0.5409753430118693 0.00930748161411854 0
2461 0.3961206883481234 0.1937591198569136 0
2462 0.1320712750088449 0.04875979123651841 0
2463 0.5488991269466823 0.2373568869153262 0
2464 0.3848238462919731 0.1957514964749539 0
2465 0.3052702457415398 0.03890774828195886 0
2466 0.1393450194848848 0.05751425924204562 0
2467 0.1467150411744006 0.06631118792785784 0
2468 0.4732428471221155 0.3311212561769288 0
2469 0.1501488171169899 0.08583222956110148 0
2470 0.5337417624843862 0.2500765840838901 0
2471 0.1575175638074033 0.0946037181488511 0
2472 0.4882925144639907 0.3184621278360326 0
2473 0.1687823823723594 0.0926371495201927 0
2474 0.536298004264719 0.09870177311774575 0
2475 0.484418711530833 0.3291347920335757 0
2476 0.5236169147083858 0.01991407215205543 0
2477 0.1722167875333112 0.1121695919915814 0
2478 0.5402035428743266 0.08796397864299216 0
2479 0.5640612410093782 0.224693094310851 0
2480 0.5480488762183353 0.06643139695884726 0
2481 0.1795895567269311 0.1209436208640334 0
2482 0.1908820838987423 0.1189777586997228 0
2483 0.5328803308489652 0.07914285693055867 0
2484 0.633940521515628 0.2927313399038128 0
2485 0.1982351314789053 0.1277422135384964 0
2486 0.2055953163311573 0.1365170741660143 0
2487 0.2129582695205432 0.1452945203501955 0
2488 0.22033172297191 0.1540727082162568 0
2489 0.2276973795896394 0.1628518558514478 0
2490 0.2350539376704625 0.1716297435962589 0
2491 0.5398195918952026 0.3493605921868338 0
2492 0.2424147296593798 0.1804089930664858 0
2493 0.5519824099407584 0.05567763277171206 0
2494 0.2532538950198883 0.2087292614481099 0
2495 0.2900474467721575 0.2526105982034454 0
2496 0.2498153937238406 0.1892219486305722 0
2497 0.6199356495949391 0.2449553866321661 0
2498 0.5559124047879848 0.0449298896743387 0
2499 0.2606647961014482 0.2174995092703281 0
2500 0.2974234308457859 0.2613789319007559 0
2501 0.2719674242985168 0.2155793148508442 0
2502 0.5485930709570306 0.03616021886644588 0
2503 0.3087575164002146 0.2594356102582728 0
2504 0.3235344752006992 0.2770028786024062 0
2505 0.3200496074123178 0.2574999848078938 0
2506 0.5679904483986233 0.2139563774910586 0
2507 0.2793578162513856 0.2243557650029733 0
2508 0.3308888022414643 0.2857800393633612 0
2509 0.5525349904503374 0.02562273085364508 0
2510 0.3490203424761464 0.322818305936224 0
2511 0.2867196279522846 0.2331374538733144 0
2512 0.3382516951172987 0.29455767230545 0
2513 0.3563581575220477 0.3316029066787134 0
2514 0.5719126677619418 0.2032252233837053 0
2515 0.3495225265536662 0.2926054519966448 0
2516 0.3677095656609476 0.3296679411378291 0
2517 0.3789789675623995 0.3276586344970087 0
2518 0.6460492070952357 0.02923539686083343 0
2519 0.4358227850110514 0.3175949681592033 0
2520 0.5758237871620691 0.192469487721026 0
2521 0.579760459872221 0.1817089164748481 0
2522 0.6487415267617632 0.3099209840238085 0
2523 0.5067069607272545 0.3251558478359278 0
2524 0.6562566756091993 0.3187530283763863 0
2525 0.5436647486621397 0.3386572518128954 0
2526 0.5363319834739551 0.3299014457113064 0
2527 0.662710025737376 0.357819699186165 0
2528 0.4083446676778021 0.3924707198000594 0
2529 0.4243088370658901 0.3195685487141888 0
2530 0.4645349661556429 0.3824306002912412 0
2531 0.28933205275163 0.02134752699412579 0
2532 0.1225654652654433 0.02009120870640158 0
2533 0.4993840917254166 0.3165089618354223 0
2534 0.495961755187625 0.2971359800389439 0
2535 0.4885866424804059 0.2883399655083791 0
2536 0.5032243396818531 0.3057735558736028 0
2537 0.4091053577765648 0.3625187288241784 0
2538 0.4513060753731838 0.2747282295906506 0
2539 0.45879147618036 0.2835112890879893 0
2540 0.4826740714743893 0.3890374097567074 0
2541 0.710066547925438 0.3993175378274868 0
2542 0.3651429871912238 0.01824071650063469 0
2543 0.4868571782466163 0.3784779058223955 0
2544 0.5050327893160776 0.3852677382183974 0
2545 0.6391988191900957 0.4389194893723355 0
2546 0.4146487972138425 0.02944006321979115 0
2547 0.0831505725989985 0.008646595976819382 0
2548 0.5603366328239888 0.4345545709011455 0
2549 0.6957345183395652 0.01973918671367175 0
2550 0.7207361903086172 0.3938580007650854 0
2551 0.4925544376043315 0.01629046716213939 0
2552 0.5713568517688047 0.4347296363482552 0
2553 0.7214385880191424 0.2010569304546876 0
2554 0.5235280278122869 0.3919720994133692 0
2555 0.7209734982098591 0.1429235037290696 0
2556 0.2376993624231903 0.02071764835419732 0
2557 0.7213206685087487 0.1655555220580571 0
2558 0.6508441589357103 0.01904387170339694 0
2559 0.2489503359132966 0.01906947116778435 0
2560 0.474089131867889 0.009656819499079816 0
2561 0.5887421599562556 0.009881353998067166 0
2562 0.6503677133435027 0.4394627375145098 0
2563 0.1851629600692395 0.02042071252589245 0
2564 0.1339400208180416 0.01928988946328558 0
2565 0.5298026682651894 0.009248199786938138 0
2566 0.7076497767945901 0.4301137629634592 0
2567 0.4443680450052373 0.4227833107521904 0
2568 0.453169096470734 0.4259106200098802 0
2569 0.7217713308565218 0.3368657876370221 0
2570 0.1639422162408234 0.009270741748091726 0
2571 0.4709989994823899 0.4313501570774294 0
2572 0.6048377976166704 0.4253517376584227 0
2573 0.1178056182096152 0.03073625570166438 0
2574 0.7115835463942444 0.07873440764986139 0
2575 0.3701915708155549 0.009014940379195091 0
2576 0.2674919579891693 0.02608676716551428 0
2577 0.7107095461111985 0.1075740060304174 0
2578 0.7116656068307005 0.3669781226076245 0
2579 0.7116339577586274 0.04756041873858663 0
2580 0.7122945563855128 0.3076747460195235 0
2581 0.5545561587941168 0.4254741716412678 0
2582 0.2562326472934956 0.02773411610568088 0
2583 0.4202080982046078 0.01867476601681306 0
2584 0.6627779259944748 0.01849499317206416 0
2585 0.7233081472633844 0.2797465040939387 0
2586 0.481514962367927 0.01861738857349715 0
2587 0.711967442046844 0.2495265289237013 0
2588 0.3169824579374678 0.03825213866052807 0
2589 0.5101140694927266 0.4223982005710653 0
2590 0.6827106550692362 0.4414445873692145 0
2591 0.4430511314568646 0.4139450106977507 0
2592 0.7193974447147359 0.4141415404147327 0
2593 0.1445644325599841 0.01788099728404818 0
2594 0.5462771205587292 0.01826903281565218 0
2595 0.1979268196316255 0.008351828616976475 0
2596 0.7027266276867485 0.3927964053756938 0
2597 0.7227735911562979 0.02887199425112746 0
2598 0.7127099961523514 0.2166438013137227 0
2599 0.3827912619281367 0.008772213978235355 0
2600 0.6335980529293566 0.4303559685915022 0
2601 0.4596723170545176 0.4199670321963199 0
2602 0.5942248876040319 0.0184250101339597 0
2603 0.4260796297163532 0.009224883448007204 0
2604 0.6743116907195712 0.01838095354216029 0
2605 0.6967954869093169 0.4303277549791808 0
2606 0.7131046625185029 0.1595063170738226 0
2607 0.499015088714739 0.4231899938658349 0
2608 0.6866220340467025 0.432008769356696 0
2609 0.712982194288222 0.1266661271305717 0
2610 0.5940039686119877 0.4384621892128525 0
2611 0.7136739690959155 0.2972795913532536 0
2612 0.711864067375756 0.1871155396454156 0
2613 0.4941782996986331 0.007497623536037501 0
2614 0.2723617039550848 0.01722935538123843 0
2615 0.09005464891353399 0.01719227017453451 0
2616 0.3284277649302589 0.03723338371762741 0
2617 0.7222937454932215 0.008394439083908578 0
2618 0.148412324896378 0.008463007043146287 0
2619 0.7123556963341218 0.3575077263042581 0
2620 0.7136176763874386 0.3304757017709097 0
2621 0.7020851714327853 0.4370713450148983 0
2622 0.7139848935196348 0.06862148911804083 0
2623 0.4283326406476998 0.4159205288425858 0
2624 0.5566347731014127 0.01773857115351968 0
2625 0.6927960033108034 0.3809716497711533 0
2626 0.6708683760463237 0.4410751379830568 0
2627 0.3883418244076184 0.01849796038813223 0
2628 0.2046700302748723 0.01719811907363827 0
2629 0.5448091385597825 0.4262121583683986 0
2630 0.6231451089520254 0.4306559764347361 0
2631 0.2975534486638216 0.01800072450488044 0
2632 0.7240042309034581 0.09708585852387741 0
2633 0.6787419608097056 0.02609162243026719 0
2634 0.7144813440782593 0.2399428850463881 0
2635 0.5098869268980468 0.008218818798129079 0
2636 0.09968878302333162 0.01603371751009181 0
2637 0.2832556308403023 0.01597111369806381 0
2638 0.4886594129236654 0.4236951304812542 0
2639 0.7143756970555207 0.2065614458764792 0
2640 0.2155520599914346 0.02784586393080113 0
2641 0.4396405528328842 0.01802321767663084 0
2642 0.3393467846937385 0.03664105481964447 0
2643 0.7132983495420457 0.2668758571894909 0
$EndNodes
$Elements
5286
1 15 2 6 1 1
2 15 2 7 14 14
3 1 2 4 1 1 15
4 1 2 4 1 15 16
5 1 2 4 1 16 17
6 1 2 4 1 17 18
7 1 2 4 1 18 19
8 1 2 4 1 19 20
9 1 2 4 1 20 21
10 1 2 4 1 21 22
11 1 2 4 1 22 23
12 1 2 4 1 23 24
13 1 2 4 1 24 25
14 1 2 4 1 25 26
15 1 2 4 1 26 2
16 1 2 4 3 3 32
17 1 2 4 3 32 33
18 1 2 4 3 33 34
19 1 2 4 3 34 35
20 1 2 4 3 35 36
21 1 2 4 3 36 37
22 1 2 4 3 37 38
23 1 2 4 3 38 39
24 1 2 4 3 39 40
25 1 2 4 3 40 41
26 1 2 4 3 41 42
27 1 2 4 3 42 43
28 1 2 4 3 43 44
29 1 2 4 3 44 45
30 1 2 4 3 45 46
31 1 2 4 3 46 4
32 1 2 4 4 4 47
33 1 2 4 4 47 48
34 1 2 4 4 48 49
35 1 2 4 4 49 50
36 1 2 4 4 50 51
37 1 2 4 4 51 52
38 1 2 4 4 52 53
39 1 2 4 4 53 54
40 1 2 4 4 54 55
41 1 2 4 4 55 56
42 1 2 4 4 56 5
43 1 2 4 5 5 57
44 1 2 4 5 57 58
45 1 2 4 5 58 59
46 1 2 4 5 59 60
47 1 2 4 5 60 61
48 1 2 4 5 61 62
49 1 2 4 5 62 63
50 1 2 4 5 63 64
51 1 2 4 5 64 65
52 1 2 4 5 65 66
53 1 2 4 5 66 67
54 1 2 4 5 67 68
55 1 2 4 5 68 69
56 1 2 4 5 69 70
57 1 2 4 5 70 71
58 1 2 4 5 71 72
59 1 2 4 5 72 73
60 1 2 4 5 73 74
61 1 2 4 5 74 75
62 1 2 4 5 75 76
63 1 2 4 5 76 77
64 1 2 4 5 77 78
65 1 2 4 5 78 79
66 1 2 4 5 79 80
67 1 2 4 5 80 81
68 1 2 4 5 81 82
69 1 2 4 5 82 83
70 1 2 4 5 83 84
71 1 2 4 5 84 85
72 1 2 4 5 85 86
73 1 2 4 5 86 87
74 1 2 4 5 87 88
75 1 2 4 5 88 89
76 1 2 4 5 89 90
77 1 2 4 5 90 91
78 1 2 4 5 91 92
79 1 2 4 5 92 93
80 1 2 4 5 93 94
81 1 2 4 5 94 95
82 1 2 4 5 95 96
83 1 2 4 5 96 97
84 1 2 4 5 97 98
85 1 2 4 5 98 99
86 1 2 4 5 99 100
87 1 2 4 5 100 101
88 1 2 4 5 101 102
89 1 2 4 5 102 103
90 1 2 4 5 103 104
91 1 2 4 5 104 105
92 1 2 4 5 105 6
93 1 2 5 6 6 106
94 1 2 5 6 106 107
95 1 2 5 6 107 108
96 1 2 5 6 108 109
97 1 2 5 6 109 110
98 1 2 5 6 110 7
99 1 2 5 12 12 220
100 1 2 5 12 220 221
101 1 2 5 12 221 222
102 1 2 5 12 222 223
103 1 2 5 12 223 13
104 1 2 4 13 13 224
105 1 2 4 13 224 225
106 1 2 4 13 225 226
107 1 2 4 13 226 227
108 1 2 4 13 227 228
109 1 2 4 13 228 229
110 1 2 4 13 229 230
111 1 2 4 13 230 231
112 1 2 4 13 231 232
113 1 2 4 13 232 233
114 1 2 4 13 233 234
115 1 2 4 13 234 235
116 1 2 4 13 235 236
117 1 2 4 13 236 237
118 1 2 4 13 237 238
119 1 2 4 13 238 239
120 1 2 4 13 239 240
121 1 2 4 13 240 241
122 1 2 4 13 241 242
123 1 2 4 13 242 243
124 1 2 4 13 243 244
125 1 2 4 13 244 245
126 1 2 4 13 245 246
127 1 2 4 13 246 247
128 1 2 4 13 247 248
129 1 2 4 13 248 249
130 1 2 4 13 249 250
131 1 2 4 13 250 251
132 1 2 4 13 251 252
133 1 2 4 13 252 253
134 1 2 4 13 253 254
135 1 2 4 13 254 255
136 1 2 4 13 255 256
137 1 2 4 13 256 257
138 1 2 4 13 257 1
139 1 2 4 14 2 258
140 1 2 4 14 258 14
141 1 2 4 15 14 259
142 1 2 4 15 259 3
143 1 2 5 16 7 260
144 1 2 5 16 260 261
145 1 2 5 16 261 262
146 1 2 5 16 262 263
147 1 2 5 16 263 264
148 1 2 5 16 264 265
149 1 2 5 16 265 266
150 1 2 5 16 266 267
151 1 2 5 16 267 268
152 1 2 5 16 268 269
153 1 2 5 16 269 270
154 1 2 5 16 270 271
155 1 2 5 16 271 272
156 1 2 5 16 272 273
157 1 2 5 16 273 274
158 1 2 5 16 274 275
159 1 2 5 16 275 276
160 1 2 5 16 276 277
161 1 2 5 16 277 278
162 1 2 5 16 278 279
163 1 2 5 16 279 280
164 1 2 5 16 280 281
165 1 2 5 16 281 282
166 1 2 5 16 282 283
167 1 2 5 16 283 284
168 1 2 5 16 284 285
169 1 2 5 16 285 286
170 1 2 5 16 286 287
171 1 2 5 16 287 288
172 1 2 5 16 288 289
173 1 2 5 16 289 290
174 1 2 5 16 290 291
175 1 2 5 16 291 292
176 1 2 5 16 292 293
177 1 2 5 16 293 294
178 1 2 5 16 294 295
179 1 2 5 16 295 296
180 1 2 5 16 296 297
181 1 2 5 16 297 298
182 1 2 5 16 298 299
183 1 2 5 16 299 300
184 1 2 5 16 300 301
185 1 2 5 16 301 302
186 1 2 5 16 302 303
187 1 2 5 16 303 304
188 1 2 5 16 304 305
189 1 2 5 16 305 306
190 1 2 5 16 306 307
191 1 2 5 16 307 308
192 1 2 5 16 308 309
193 1 2 5 16 309 310
194 1 2 5 16 310 311
195 1 2 5 16 311 312
196 1 2 5 16 312 313
197 1 2 5 16 313 314
198 1 2 5 16 314 315
199 1 2 5 16 315 316
200 1 2 5 16 316 12
201 2 2 2 1 188 474 187
202 2 2 2 1 674 813 673
203 2 2 2 1 673 813 373
204 2 2 2 1 253 479 252
205 2 2 2 1 547 707 701
206 2 2 2 1 701 707 336
207 2 2 2 1 113 496 112
208 2 2 2 1 376 435 11
209 2 2 2 1 507 785 769
210 2 2 2 1 760 778 324
211 2 2 2 1 421 761 469
212 2 2 2 1 376 436 435
213 2 2 2 1 710 808 518
214 2 2 2 1 443 823 426
215 2 2 2 1 641 730 711
216 2 2 2 1 640 730 641
217 2 2 2 1 469 614 421
218 2 2 2 1 423 443 327
219 2 2 2 1 328 680 679
220 2 2 2 1 679 680 528
221 2 2 2 1 682 688 326
222 2 2 2 1 515 697 386
223 2 2 2 1 522 688 682
224 2 2 2 1 386 713 515
225 2 2 2 1 424 440 423
226 2 2 2 1 392 467 466
227 2 2 2 1 373 675 673
228 2 2 2 1 428 710 518
229 2 2 2 1 351 742 741
230 2 2 2 1 665 808 700
231 2 2 2 1 336 707 491
232 2 2 2 1 741 742 611
233 2 2 2 1 426 823 752
234 2 2 2 1 28 423 327
235 2 2 2 1 329 699 681
236 2 2 2 1 619 713 386
237 2 2 2 1 681 699 540
238 2 2 2 1 29 424 423
239 2 2 2 1 386 719 619
240 2 2 2 1 615 762 614
241 2 2 2 1 491 743 336
242 2 2 2 1 478 479 341
243 2 2 2 1 499 500 368
244 2 2 2 1 472 778 760
245 2 2 2 1 352 740 739
246 2 2 2 1 739 740 607
247 2 2 2 1 614 762 421
248 2 2 2 1 328 679 522
249 2 2 2 1 665 700 523
250 2 2 2 1 522 682 328
251 2 2 2 1 515 789 420
252 2 2 2 1 418 548 502
253 2 2 2 1 491 517 334
254 2 2 2 1 420 697 515
255 2 2 2 1 353 738 737
256 2 2 2 1 628 722 650
257 2 2 2 1 378 729 632
258 2 2 2 1 638 728 348
259 2 2 2 1 632 732 378
260 2 2 2 1 646 725 346
261 2 2 2 1 346 733 646
262 2 2 2 1 347 731 655
263 2 2 2 1 655 731 346
264 2 2 2 1 346 725 655
265 2 2 2 1 642 726 624
266 2 2 2 1 636 734 649
267 2 2 2 1 624 723 642
268 2 2 2 1 632 724 388
269 2 2 2 1 622 727 657
270 2 2 2 1 388 732 632
271 2 2 2 1 637 730 640
272 2 2 2 1 737 738 603
273 2 2 2 1 187 474 445
274 2 2 2 1 348 790 638
275 2 2 2 1 655 791 347
276 2 2 2 1 649 792 636
277 2 2 2 1 657 793 622
278 2 2 2 1 650 797 628
279 2 2 2 1 640 799 637
280 2 2 2 1 477 478 341
281 2 2 2 1 387 474 188
282 2 2 2 1 354 736 735
283 2 2 2 1 548 549 502
284 2 2 2 1 735 736 599
285 2 2 2 1 417 494 493
286 2 2 2 1 341 479 253
287 2 2 2 1 439 442 333
288 2 2 2 1 371 442 431
289 2 2 2 1 706 782 613
290 2 2 2 1 495 744 370
291 2 2 2 1 619 719 385
292 2 2 2 1 355 720 718
293 2 2 2 1 718 720 595
294 2 2 2 1 385 802 619
295 2 2 2 1 419 496 113
296 2 2 2 1 427 507 506
297 2 2 2 1 356 715 714
298 2 2 2 1 516 517 467
299 2 2 2 1 485 753 651
300 2 2 2 1 714 715 591
301 2 2 2 1 506 508 427
302 2 2 2 1 689 692 330
303 2 2 2 1 334 743 491
304 2 2 2 1 448 452 317
305 2 2 2 1 663 782 706
306 2 2 2 1 536 692 689
307 2 2 2 1 417 493 492
308 2 2 2 1 357 709 708
309 2 2 2 1 528 680 329
310 2 2 2 1 708 709 587
311 2 2 2 1 429 772 181
312 2 2 2 1 329 681 528
313 2 2 2 1 392 516 467
314 2 2 2 1 352 739 611
315 2 2 2 1 427 785 507
316 2 2 2 1 769 785 441
317 2 2 2 1 611 742 352
318 2 2 2 1 358 705 704
319 2 2 2 1 704 705 583
320 2 2 2 1 452 453 317
321 2 2 2 1 32 754 3
322 2 2 2 1 678 684 331
323 2 2 2 1 464 670 473
324 2 2 2 1 675 748 456
325 2 2 2 1 532 684 678
326 2 2 2 1 373 748 675
327 2 2 2 1 353 737 607
328 2 2 2 1 607 740 353
329 2 2 2 1 330 692 540
330 2 2 2 1 359 703 702
331 2 2 2 1 370 542 495
332 2 2 2 1 702 703 579
333 2 2 2 1 485 651 380
334 2 2 2 1 500 501 368
335 2 2 2 1 479 809 252
336 2 2 2 1 112 496 417
337 2 2 2 1 354 735 603
338 2 2 2 1 511 677 676
339 2 2 2 1 506 668 508
340 2 2 2 1 794 800 627
341 2 2 2 1 676 677 332
342 2 2 2 1 755 817 454
343 2 2 2 1 633 800 794
344 2 2 2 1 540 699 330
345 2 2 2 1 603 738 354
346 2 2 2 1 457 755 454
347 2 2 2 1 695 698 360
348 2 2 2 1 508 668 335
349 2 2 2 1 368 669 499
350 2 2 2 1 547 701 337
351 2 2 2 1 575 698 695
352 2 2 2 1 355 718 599
353 2 2 2 1 3 754 31
354 2 2 2 1 331 684 536
355 2 2 2 1 599 736 355
356 2 2 2 1 439 683 442
357 2 2 2 1 690 693 361
358 2 2 2 1 442 683 431
359 2 2 2 1 571 693 690
360 2 2 2 1 187 445 186
361 2 2 2 1 337 816 547
362 2 2 2 1 356 714 595
363 2 2 2 1 536 689 331
364 2 2 2 1 447 717 437
365 2 2 2 1 595 720 356
366 2 2 2 1 362 687 686
367 2 2 2 1 17 524 414
368 2 2 2 1 335 668 511
369 2 2 2 1 686 687 567
370 2 2 2 1 357 708 591
371 2 2 2 1 332 677 532
372 2 2 2 1 363 694 685
373 2 2 2 1 747 822 461
374 2 2 2 1 478 481 480
375 2 2 2 1 591 715 357
376 2 2 2 1 110 492 422
377 2 2 2 1 685 694 563
378 2 2 2 1 532 678 332
379 2 2 2 1 460 747 461
380 2 2 2 1 181 772 426
381 2 2 2 1 358 704 587
382 2 2 2 1 511 676 335
383 2 2 2 1 364 721 691
384 2 2 2 1 334 517 516
385 2 2 2 1 462 775 770
386 2 2 2 1 587 709 358
387 2 2 2 1 463 670 464
388 2 2 2 1 359 702 583
389 2 2 2 1 770 775 688
390 2 2 2 1 691 721 559
391 2 2 2 1 468 489 488
392 2 2 2 1 583 705 359
393 2 2 2 1 372 769 30
394 2 2 2 1 360 698 579
395 2 2 2 1 365 746 712
396 2 2 2 1 437 717 436
397 2 2 2 1 30 769 424
398 2 2 2 1 481 783 480
399 2 2 2 1 579 703 360
400 2 2 2 1 11 435 185
401 2 2 2 1 18 524 17
402 2 2 2 1 183 442 371
403 2 2 2 1 333 442 184
404 2 2 2 1 361 693 575
405 2 2 2 1 182 429 181
406 2 2 2 1 414 524 470
407 2 2 2 1 468 517 489
408 2 2 2 1 575 695 361
409 2 2 2 1 362 686 571
410 2 2 2 1 161 448 317
411 2 2 2 1 156 463 320
412 2 2 2 1 674 768 47
413 2 2 2 1 426 752 180
414 2 2 2 1 571 690 362
415 2 2 2 1 712 746 555
416 2 2 2 1 363 685 567
417 2 2 2 1 154 488 391
418 2 2 2 1 7 492 110
419 2 2 2 1 322 758 469
420 2 2 2 1 463 464 320
421 2 2 2 1 440 795 752
422 2 2 2 1 567 687 363
423 2 2 2 1 716 717 447
424 2 2 2 1 364 691 563
425 2 2 2 1 473 670 461
426 2 2 2 1 366 750 555
427 2 2 2 1 57 516 5
428 2 2 2 1 416 549 548
429 2 2 2 1 6 106 105
430 2 2 2 1 366 751 750
431 2 2 2 1 365 712 559
432 2 2 2 1 47 813 674
433 2 2 2 1 483 753 485
434 2 2 2 1 466 814 392
435 2 2 2 1 563 694 364
436 2 2 2 1 470 472 414
437 2 2 2 1 493 744 495
438 2 2 2 1 416 550 549
439 2 2 2 1 505 507 372
440 2 2 2 1 488 489 391
441 2 2 2 1 752 795 10
442 2 2 2 1 492 493 422
443 2 2 2 1 467 517 468
444 2 2 2 1 559 721 365
445 2 2 2 1 190 788 765
446 2 2 2 1 543 744 696
447 2 2 2 1 186 445 376
448 2 2 2 1 51 749 50
449 2 2 2 1 321 808 710
450 2 2 2 1 461 670 459
451 2 2 2 1 750 751 551
452 2 2 2 1 670 801 459
453 2 2 2 1 814 822 374
454 2 2 2 1 452 675 453
455 2 2 2 1 376 437 436
456 2 2 2 1 5 516 392
457 2 2 2 1 255 541 254
458 2 2 2 1 387 475 474
459 2 2 2 1 555 746 366
460 2 2 2 1 415 554 553
461 2 2 2 1 700 808 321
462 2 2 2 1 478 480 479
463 2 2 2 1 419 497 496
464 2 2 2 1 367 786 501
465 2 2 2 1 745 814 374
466 2 2 2 1 765 788 481
467 2 2 2 1 324 778 717
468 2 2 2 1 501 766 367
469 2 2 2 1 489 517 491
470 2 2 2 1 469 761 322
471 2 2 2 1 119 552 118
472 2 2 2 1 502 781 418
473 2 2 2 1 443 444 327
474 2 2 2 1 104 756 433
475 2 2 2 1 341 541 477
476 2 2 2 1 417 496 494
477 2 2 2 1 462 770 375
478 2 2 2 1 424 441 440
479 2 2 2 1 453 454 317
480 2 2 2 1 415 553 552
481 2 2 2 1 469 758 432
482 2 2 2 1 367 766 551
483 2 2 2 1 500 502 501
484 2 2 2 1 482 483 339
485 2 2 2 1 334 516 57
486 2 2 2 1 327 780 27
487 2 2 2 1 468 487 465
488 2 2 2 1 155 488 154
489 2 2 2 1 453 675 456
490 2 2 2 1 490 545 544
491 2 2 2 1 162 448 161
492 2 2 2 1 179 795 785
493 2 2 2 1 157 463 156
494 2 2 2 1 468 488 487
495 2 2 2 1 8 487 155
496 2 2 2 1 372 754 505
497 2 2 2 1 111 492 7
498 2 2 2 1 345 541 255
499 2 2 2 1 254 541 341
500 2 2 2 1 153 544 152
501 2 2 2 1 551 751 367
502 2 2 2 1 785 795 441
503 2 2 2 1 696 744 494
504 2 2 2 1 325 749 51
505 2 2 2 1 413 558 557
506 2 2 2 1 415 552 119
507 2 2 2 1 118 552 416
508 2 2 2 1 121 556 120
509 2 2 2 1 472 760 414
510 2 2 2 1 374 822 747
511 2 2 2 1 447 759 716
512 2 2 2 1 550 551 549
513 2 2 2 1 396 539 538
514 2 2 2 1 9 666 319
515 2 2 2 1 323 762 615
516 2 2 2 1 555 750 553
517 2 2 2 1 504 505 425
518 2 2 2 1 413 557 556
519 2 2 2 1 33 503 425
520 2 2 2 1 545 707 547
521 2 2 2 1 482 809 479
522 2 2 2 1 152 544 394
523 2 2 2 1 493 495 422
524 2 2 2 1 489 490 391
525 2 2 2 1 427 508 177
526 2 2 2 1 370 744 543
527 2 2 2 1 416 552 550
528 2 2 2 1 399 535 534
529 2 2 2 1 465 487 320
530 2 2 2 1 391 544 153
531 2 2 2 1 396 538 537
532 2 2 2 1 554 555 553
533 2 2 2 1 40 537 39
534 2 2 2 1 503 504 425
535 2 2 2 1 539 664 527
536 2 2 2 1 120 556 415
537 2 2 2 1 413 556 121
538 2 2 2 1 181 426 180
539 2 2 2 1 480 482 479
540 2 2 2 1 387 476 475
541 2 2 2 1 419 498 497
542 2 2 2 1 399 534 533
543 2 2 2 1 102 542 370
544 2 2 2 1 464 465 320
545 2 2 2 1 506 507 505
546 2 2 2 1 420 523 225
547 2 2 2 1 219 428 218
548 2 2 2 1 512 513 349
549 2 2 2 1 417 492 111
550 2 2 2 1 371 430 429
551 2 2 2 1 33 425 32
552 2 2 2 1 428 518 512
553 2 2 2 1 376 445 437
554 2 2 2 1 521 526 525
555 2 2 2 1 396 664 539
556 2 2 2 1 756 784 433
557 2 2 2 1 415 556 554
558 2 2 2 1 412 562 561
559 2 2 2 1 178 427 177
560 2 2 2 1 396 537 40
561 2 2 2 1 38 533 37
562 2 2 2 1 491 707 490
563 2 2 2 1 217 512 349
564 2 2 2 1 514 617 616
565 2 2 2 1 123 560 122
566 2 2 2 1 371 429 182
567 2 2 2 1 512 518 513
568 2 2 2 1 430 432 429
569 2 2 2 1 435 438 333
570 2 2 2 1 407 582 581
571 2 2 2 1 406 586 585
572 2 2 2 1 216 616 215
573 2 2 2 1 404 590 589
574 2 2 2 1 403 594 593
575 2 2 2 1 397 610 609
576 2 2 2 1 398 606 605
577 2 2 2 1 401 598 597
578 2 2 2 1 400 602 601
579 2 2 2 1 428 512 218
580 2 2 2 1 399 533 38
581 2 2 2 1 44 525 43
582 2 2 2 1 438 470 439
583 2 2 2 1 408 578 577
584 2 2 2 1 483 484 339
585 2 2 2 1 503 509 504
586 2 2 2 1 26 434 25
587 2 2 2 1 519 520 390
588 2 2 2 1 43 525 393
589 2 2 2 1 487 488 155
590 2 2 2 1 4 375 46
591 2 2 2 1 394 671 151
592 2 2 2 1 748 749 456
593 2 2 2 1 45 519 390
594 2 2 2 1 412 561 560
595 2 2 2 1 409 574 573
596 2 2 2 1 185 435 333
597 2 2 2 1 177 508 176
598 2 2 2 1 163 666 9
599 2 2 2 1 39 537 399
600 2 2 2 1 225 523 224
601 2 2 2 1 558 559 557
602 2 2 2 1 226 420 225
603 2 2 2 1 407 581 580
604 2 2 2 1 406 585 584
605 2 2 2 1 404 589 588
606 2 2 2 1 403 593 592
607 2 2 2 1 395 613 612
608 2 2 2 1 397 609 608
609 2 2 2 1 398 605 604
610 2 2 2 1 400 601 600
611 2 2 2 1 401 597 596
612 2 2 2 1 430 469 432
613 2 2 2 1 135 584 134
614 2 2 2 1 408 577 576
615 2 2 2 1 133 580 132
616 2 2 2 1 402 530 529
617 2 2 2 1 137 588 136
618 2 2 2 1 539 540 538
619 2 2 2 1 139 592 138
620 2 2 2 1 149 612 148
621 2 2 2 1 147 608 146
622 2 2 2 1 145 604 144
623 2 2 2 1 141 596 140
624 2 2 2 1 143 600 142
625 2 2 2 1 104 433 103
626 2 2 2 1 470 471 439
627 2 2 2 1 405 503 34
628 2 2 2 1 402 531 530
629 2 2 2 1 438 439 333
630 2 2 2 1 131 576 130
631 2 2 2 1 31 754 372
632 2 2 2 1 438 472 470
633 2 2 2 1 5 392 56
634 2 2 2 1 55 374 54
635 2 2 2 1 49 373 48
636 2 2 2 1 410 570 569
637 2 2 2 1 409 573 572
638 2 2 2 1 52 325 51
639 2 2 2 1 122 560 413
640 2 2 2 1 412 560 123
641 2 2 2 1 470 524 471
642 2 2 2 1 34 503 33
643 2 2 2 1 411 566 565
644 2 2 2 1 535 536 534
645 2 2 2 1 402 529 36
646 2 2 2 1 413 560 558
647 2 2 2 1 504 506 505
648 2 2 2 1 129 572 128
649 2 2 2 1 753 818 783
650 2 2 2 1 215 616 344
651 2 2 2 1 431 615 614
652 2 2 2 1 525 526 393
653 2 2 2 1 176 508 335
654 2 2 2 1 410 569 568
655 2 2 2 1 184 442 183
656 2 2 2 1 407 580 133
657 2 2 2 1 406 584 135
658 2 2 2 1 37 533 402
659 2 2 2 1 404 588 137
660 2 2 2 1 559 712 557
661 2 2 2 1 403 592 139
662 2 2 2 1 395 612 149
663 2 2 2 1 397 608 147
664 2 2 2 1 398 604 145
665 2 2 2 1 401 596 141
666 2 2 2 1 400 600 143
667 2 2 2 1 125 564 124
668 2 2 2 1 408 576 131
669 2 2 2 1 411 565 564
670 2 2 2 1 371 431 430
671 2 2 2 1 405 509 503
672 2 2 2 1 50 749 748
673 2 2 2 1 490 707 545
674 2 2 2 1 183 371 182
675 2 2 2 1 127 568 126
676 2 2 2 1 489 491 490
677 2 2 2 1 409 572 129
678 2 2 2 1 185 333 184
679 2 2 2 1 319 666 450
680 2 2 2 1 349 616 216
681 2 2 2 1 498 499 497
682 2 2 2 1 102 370 101
683 2 2 2 1 410 568 127
684 2 2 2 1 390 525 44
685 2 2 2 1 411 564 125
686 2 2 2 1 393 664 42
687 2 2 2 1 134 584 407
688 2 2 2 1 136 588 406
689 2 2 2 1 132 580 408
690 2 2 2 1 138 592 404
691 2 2 2 1 148 612 397
692 2 2 2 1 146 608 398
693 2 2 2 1 562 563 561
694 2 2 2 1 140 596 403
695 2 2 2 1 144 604 400
696 2 2 2 1 142 600 401
697 2 2 2 1 318 801 670
698 2 2 2 1 531 532 530
699 2 2 2 1 399 537 535
700 2 2 2 1 130 576 409
701 2 2 2 1 186 376 11
702 2 2 2 1 476 477 475
703 2 2 2 1 158 755 318
704 2 2 2 1 582 583 581
705 2 2 2 1 586 587 585
706 2 2 2 1 590 591 589
707 2 2 2 1 594 595 593
708 2 2 2 1 610 611 609
709 2 2 2 1 606 607 605
710 2 2 2 1 598 599 597
711 2 2 2 1 602 603 601
712 2 2 2 1 578 579 577
713 2 2 2 1 431 614 430
714 2 2 2 1 527 664 393
715 2 2 2 1 36 529 35
716 2 2 2 1 544 545 394
717 2 2 2 1 433 542 103
718 2 2 2 1 552 553 550
719 2 2 2 1 574 575 573
720 2 2 2 1 370 543 101
721 2 2 2 1 100 543 369
722 2 2 2 1 128 572 410
723 2 2 2 1 490 544 391
724 2 2 2 1 124 564 412
725 2 2 2 1 453 455 454
726 2 2 2 1 570 571 569
727 2 2 2 1 412 564 562
728 2 2 2 1 526 527 393
729 2 2 2 1 526 528 527
730 2 2 2 1 420 665 523
731 2 2 2 1 566 567 565
732 2 2 2 1 327 805 780
733 2 2 2 1 483 485 484
734 2 2 2 1 520 522 521
735 2 2 2 1 126 568 411
736 2 2 2 1 407 584 582
737 2 2 2 1 406 588 586
738 2 2 2 1 404 592 590
739 2 2 2 1 403 596 594
740 2 2 2 1 397 612 610
741 2 2 2 1 398 608 606
742 2 2 2 1 401 600 598
743 2 2 2 1 400 604 602
744 2 2 2 1 408 580 578
745 2 2 2 1 546 671 394
746 2 2 2 1 556 557 554
747 2 2 2 1 494 744 493
748 2 2 2 1 409 576 574
749 2 2 2 1 112 417 111
750 2 2 2 1 218 512 217
751 2 2 2 1 520 521 390
752 2 2 2 1 375 810 462
753 2 2 2 1 537 538 535
754 2 2 2 1 560 561 558
755 2 2 2 1 498 500 499
756 2 2 2 1 513 515 514
757 2 2 2 1 526 679 528
758 2 2 2 1 410 572 570
759 2 2 2 1 416 548 117
760 2 2 2 1 545 546 394
761 2 2 2 1 411 568 566
762 2 2 2 1 545 547 546
763 2 2 2 1 540 692 538
764 2 2 2 1 37 402 36
765 2 2 2 1 41 396 40
766 2 2 2 1 45 390 44
767 2 2 2 1 43 393 42
768 2 2 2 1 35 405 34
769 2 2 2 1 39 399 38
770 2 2 2 1 510 511 509
771 2 2 2 1 402 533 531
772 2 2 2 1 533 534 531
773 2 2 2 1 564 565 562
774 2 2 2 1 584 585 582
775 2 2 2 1 588 589 586
776 2 2 2 1 592 593 590
777 2 2 2 1 596 597 594
778 2 2 2 1 476 478 477
779 2 2 2 1 612 613 610
780 2 2 2 1 608 609 606
781 2 2 2 1 600 601 598
782 2 2 2 1 604 605 602
783 2 2 2 1 580 581 578
784 2 2 2 1 445 446 437
785 2 2 2 1 576 577 574
786 2 2 2 1 616 617 344
787 2 2 2 1 116 548 418
788 2 2 2 1 572 573 570
789 2 2 2 1 568 569 566
790 2 2 2 1 46 519 45
791 2 2 2 1 485 486 484
792 2 2 2 1 455 457 454
793 2 2 2 1 150 395 149
794 2 2 2 1 154 391 153
795 2 2 2 1 132 408 131
796 2 2 2 1 130 409 129
797 2 2 2 1 128 410 127
798 2 2 2 1 124 412 123
799 2 2 2 1 148 397 147
800 2 2 2 1 134 407 133
801 2 2 2 1 126 411 125
802 2 2 2 1 144 400 143
803 2 2 2 1 146 398 145
804 2 2 2 1 118 416 117
805 2 2 2 1 140 403 139
806 2 2 2 1 122 413 121
807 2 2 2 1 138 404 137
808 2 2 2 1 114 419 113
809 2 2 2 1 116 418 115
810 2 2 2 1 120 415 119
811 2 2 2 1 152 394 151
812 2 2 2 1 136 406 135
813 2 2 2 1 142 401 141
814 2 2 2 1 375 519 46
815 2 2 2 1 425 754 32
816 2 2 2 1 35 529 405
817 2 2 2 1 117 548 116
818 2 2 2 1 101 543 100
819 2 2 2 1 103 542 102
820 2 2 2 1 529 530 510
821 2 2 2 1 522 679 521
822 2 2 2 1 476 481 478
823 2 2 2 1 617 618 344
824 2 2 2 1 511 668 509
825 2 2 2 1 617 619 618
826 2 2 2 1 639 641 385
827 2 2 2 1 209 658 208
828 2 2 2 1 381 639 231
829 2 2 2 1 634 658 209
830 2 2 2 1 231 639 230
831 2 2 2 1 208 658 378
832 2 2 2 1 629 633 630
833 2 2 2 1 237 629 350
834 2 2 2 1 241 650 240
835 2 2 2 1 640 641 639
836 2 2 2 1 340 650 241
837 2 2 2 1 350 648 236
838 2 2 2 1 238 629 237
839 2 2 2 1 631 649 648
840 2 2 2 1 381 640 639
841 2 2 2 1 230 639 385
842 2 2 2 1 379 657 656
843 2 2 2 1 652 653 645
844 2 2 2 1 196 652 384
845 2 2 2 1 389 654 653
846 2 2 2 1 656 657 654
847 2 2 2 1 631 648 350
848 2 2 2 1 645 646 644
849 2 2 2 1 383 660 637
850 2 2 2 1 654 655 653
851 2 2 2 1 210 634 209
852 2 2 2 1 389 656 654
853 2 2 2 1 630 632 631
854 2 2 2 1 629 630 350
855 2 2 2 1 203 377 202
856 2 2 2 1 239 343 238
857 2 2 2 1 243 620 242
858 2 2 2 1 379 656 199
859 2 2 2 1 194 380 193
860 2 2 2 1 249 342 248
861 2 2 2 1 254 341 253
862 2 2 2 1 620 621 340
863 2 2 2 1 247 346 246
864 2 2 2 1 625 661 627
865 2 2 2 1 192 382 191
866 2 2 2 1 193 651 192
867 2 2 2 1 384 652 645
868 2 2 2 1 384 644 643
869 2 2 2 1 196 384 195
870 2 2 2 1 630 631 350
871 2 2 2 1 627 628 626
872 2 2 2 1 256 345 255
873 2 2 2 1 189 387 188
874 2 2 2 1 213 338 212
875 2 2 2 1 389 653 652
876 2 2 2 1 343 629 238
877 2 2 2 1 251 339 250
878 2 2 2 1 637 638 635
879 2 2 2 1 389 652 197
880 2 2 2 1 211 383 210
881 2 2 2 1 215 344 214
882 2 2 2 1 217 349 216
883 2 2 2 1 635 636 634
884 2 2 2 1 197 652 196
885 2 2 2 1 206 388 205
886 2 2 2 1 208 378 207
887 2 2 2 1 232 381 231
888 2 2 2 1 245 347 244
889 2 2 2 1 230 385 229
890 2 2 2 1 234 348 233
891 2 2 2 1 198 389 197
892 2 2 2 1 199 656 198
893 2 2 2 1 200 379 199
894 2 2 2 1 237 350 236
895 2 2 2 1 228 386 227
896 2 2 2 1 648 649 647
897 2 2 2 1 242 620 340
898 2 2 2 1 623 650 340
899 2 2 2 1 242 340 241
900 2 2 2 1 204 661 625
901 2 2 2 1 236 648 235
902 2 2 2 1 625 627 626
903 2 2 2 1 211 660 383
904 2 2 2 1 243 659 620
905 2 2 2 1 621 624 623
906 2 2 2 1 384 643 195
907 2 2 2 1 620 622 621
908 2 2 2 1 201 642 200
909 2 2 2 1 621 623 340
910 2 2 2 1 383 637 635
911 2 2 2 1 205 661 204
912 2 2 2 1 384 645 644
913 2 2 2 1 636 658 634
914 2 2 2 1 192 651 382
915 2 2 2 1 380 651 193
916 2 2 2 1 195 643 194
917 2 2 2 1 343 633 629
918 2 2 2 1 347 659 244
919 2 2 2 1 234 647 348
920 2 2 2 1 235 647 234
921 2 2 2 1 200 642 379
922 2 2 2 1 383 634 210
923 2 2 2 1 198 656 389
924 2 2 2 1 235 648 647
925 2 2 2 1 244 659 243
926 2 2 2 1 383 635 634
927 2 2 2 1 204 625 203
928 2 2 2 1 625 626 377
929 2 2 2 1 620 659 622
930 2 2 2 1 388 661 205
931 2 2 2 1 212 660 211
932 2 2 2 1 203 625 377
933 2 2 2 1 194 643 380
934 2 2 2 1 338 660 212
935 2 2 2 1 42 664 41
936 2 2 2 1 536 684 534
937 2 2 2 1 539 681 540
938 2 2 2 1 64 351 63
939 2 2 2 1 66 352 65
940 2 2 2 1 68 353 67
941 2 2 2 1 63 662 62
942 2 2 2 1 58 334 57
943 2 2 2 1 62 337 61
944 2 2 2 1 72 355 71
945 2 2 2 1 88 363 87
946 2 2 2 1 80 359 79
947 2 2 2 1 74 356 73
948 2 2 2 1 98 368 97
949 2 2 2 1 82 360 81
950 2 2 2 1 96 367 95
951 2 2 2 1 90 364 89
952 2 2 2 1 92 365 91
953 2 2 2 1 100 369 99
954 2 2 2 1 84 361 83
955 2 2 2 1 86 362 85
956 2 2 2 1 76 357 75
957 2 2 2 1 78 358 77
958 2 2 2 1 94 366 93
959 2 2 2 1 60 336 59
960 2 2 2 1 70 354 69
961 2 2 2 1 521 525 390
962 2 2 2 1 446 447 437
963 2 2 2 1 513 514 349
964 2 2 2 1 430 614 469
965 2 2 2 1 41 664 396
966 2 2 2 1 62 662 337
967 2 2 2 1 351 662 63
968 2 2 2 1 405 510 509
969 2 2 2 1 166 328 165
970 2 2 2 1 168 329 167
971 2 2 2 1 176 335 175
972 2 2 2 1 170 330 169
973 2 2 2 1 172 331 171
974 2 2 2 1 174 332 173
975 2 2 2 1 164 326 163
976 2 2 2 1 662 663 337
977 2 2 2 1 445 474 446
978 2 2 2 1 405 529 510
979 2 2 2 1 618 667 344
980 2 2 2 1 213 667 338
981 2 2 2 1 344 667 214
982 2 2 2 1 514 616 349
983 2 2 2 1 458 459 457
984 2 2 2 1 617 713 619
985 2 2 2 1 15 324 1
986 2 2 2 1 460 461 459
987 2 2 2 1 395 706 613
988 2 2 2 1 110 422 109
989 2 2 2 1 509 668 504
990 2 2 2 1 22 421 21
991 2 2 2 1 17 414 16
992 2 2 2 1 24 322 23
993 2 2 2 1 20 323 19
994 2 2 2 1 214 667 213
995 2 2 2 1 515 713 514
996 2 2 2 1 563 691 561
997 2 2 2 1 226 697 420
998 2 2 2 1 532 677 530
999 2 2 2 1 98 669 368
1000 2 2 2 1 369 669 99
1001 2 2 2 1 156 320 8
1002 2 2 2 1 9 319 162
1003 2 2 2 1 161 317 160
1004 2 2 2 1 158 318 157
1005 2 2 2 1 464 473 466
1006 2 2 2 1 151 671 150
1007 2 2 2 1 579 698 577
1008 2 2 2 1 455 458 457
1009 2 2 2 1 510 677 511
1010 2 2 2 1 583 702 581
1011 2 2 2 1 575 693 573
1012 2 2 2 1 541 763 477
1013 2 2 2 1 587 704 585
1014 2 2 2 1 464 466 465
1015 2 2 2 1 567 685 565
1016 2 2 2 1 571 686 569
1017 2 2 2 1 591 708 589
1018 2 2 2 1 458 460 459
1019 2 2 2 1 477 763 475
1020 2 2 2 1 595 714 593
1021 2 2 2 1 319 448 162
1022 2 2 2 1 335 676 175
1023 2 2 2 1 174 676 332
1024 2 2 2 1 318 463 157
1025 2 2 2 1 663 816 337
1026 2 2 2 1 599 718 597
1027 2 2 2 1 603 735 601
1028 2 2 2 1 607 737 605
1029 2 2 2 1 420 789 665
1030 2 2 2 1 611 739 609
1031 2 2 2 1 495 672 422
1032 2 2 2 1 453 456 455
1033 2 2 2 1 644 787 486
1034 2 2 2 1 449 452 448
1035 2 2 2 1 521 679 526
1036 2 2 2 1 531 684 532
1037 2 2 2 1 99 669 98
1038 2 2 2 1 31 372 30
1039 2 2 2 1 504 668 506
1040 2 2 2 1 172 678 331
1041 2 2 2 1 332 678 173
1042 2 2 2 1 326 666 163
1043 2 2 2 1 28 327 27
1044 2 2 2 1 166 680 328
1045 2 2 2 1 329 680 167
1046 2 2 2 1 164 682 326
1047 2 2 2 1 328 682 165
1048 2 2 2 1 422 672 109
1049 2 2 2 1 566 686 567
1050 2 2 2 1 109 672 108
1051 2 2 2 1 386 697 227
1052 2 2 2 1 86 687 362
1053 2 2 2 1 363 687 87
1054 2 2 2 1 319 449 448
1055 2 2 2 1 467 468 465
1056 2 2 2 1 84 690 361
1057 2 2 2 1 362 690 85
1058 2 2 2 1 105 756 104
1059 2 2 2 1 30 424 29
1060 2 2 2 1 570 693 571
1061 2 2 2 1 364 694 89
1062 2 2 2 1 88 694 363
1063 2 2 2 1 150 671 395
1064 2 2 2 1 466 467 465
1065 2 2 2 1 170 689 330
1066 2 2 2 1 331 689 171
1067 2 2 2 1 562 685 563
1068 2 2 2 1 361 695 83
1069 2 2 2 1 82 695 360
1070 2 2 2 1 29 423 28
1071 2 2 2 1 175 676 174
1072 2 2 2 1 574 698 575
1073 2 2 2 1 60 701 336
1074 2 2 2 1 337 701 61
1075 2 2 2 1 80 703 359
1076 2 2 2 1 360 703 81
1077 2 2 2 1 342 787 733
1078 2 2 2 1 535 692 536
1079 2 2 2 1 78 705 358
1080 2 2 2 1 359 705 79
1081 2 2 2 1 330 699 169
1082 2 2 2 1 168 699 329
1083 2 2 2 1 385 719 229
1084 2 2 2 1 228 719 386
1085 2 2 2 1 232 728 381
1086 2 2 2 1 650 722 240
1087 2 2 2 1 632 729 631
1088 2 2 2 1 649 734 647
1089 2 2 2 1 621 723 624
1090 2 2 2 1 201 726 642
1091 2 2 2 1 206 732 388
1092 2 2 2 1 245 731 347
1093 2 2 2 1 645 725 646
1094 2 2 2 1 630 724 632
1095 2 2 2 1 378 732 207
1096 2 2 2 1 655 725 653
1097 2 2 2 1 346 731 246
1098 2 2 2 1 377 726 202
1099 2 2 2 1 247 733 346
1100 2 2 2 1 239 722 343
1101 2 2 2 1 342 733 248
1102 2 2 2 1 659 727 622
1103 2 2 2 1 348 728 233
1104 2 2 2 1 660 730 637
1105 2 2 2 1 578 702 579
1106 2 2 2 1 318 670 463
1107 2 2 2 1 358 709 77
1108 2 2 2 1 76 709 357
1109 2 2 2 1 528 681 527
1110 2 2 2 1 74 715 356
1111 2 2 2 1 357 715 75
1112 2 2 2 1 582 704 583
1113 2 2 2 1 72 720 355
1114 2 2 2 1 356 720 73
1115 2 2 2 1 90 721 364
1116 2 2 2 1 365 721 91
1117 2 2 2 1 586 708 587
1118 2 2 2 1 70 736 354
1119 2 2 2 1 355 736 71
1120 2 2 2 1 354 738 69
1121 2 2 2 1 68 738 353
1122 2 2 2 1 590 714 591
1123 2 2 2 1 527 681 539
1124 2 2 2 1 66 740 352
1125 2 2 2 1 353 740 67
1126 2 2 2 1 594 718 595
1127 2 2 2 1 352 742 65
1128 2 2 2 1 64 742 351
1129 2 2 2 1 598 735 599
1130 2 2 2 1 602 737 603
1131 2 2 2 1 320 487 8
1132 2 2 2 1 606 739 607
1133 2 2 2 1 426 811 443
1134 2 2 2 1 530 677 510
1135 2 2 2 1 610 741 611
1136 2 2 2 1 336 743 59
1137 2 2 2 1 58 743 334
1138 2 2 2 1 431 683 615
1139 2 2 2 1 450 451 449
1140 2 2 2 1 558 691 559
1141 2 2 2 1 450 462 451
1142 2 2 2 1 514 713 617
1143 2 2 2 1 173 678 172
1144 2 2 2 1 454 817 317
1145 2 2 2 1 92 746 365
1146 2 2 2 1 366 746 93
1147 2 2 2 1 319 450 449
1148 2 2 2 1 486 779 644
1149 2 2 2 1 449 673 452
1150 2 2 2 1 471 683 439
1151 2 2 2 1 222 321 221
1152 2 2 2 1 451 673 449
1153 2 2 2 1 167 680 166
1154 2 2 2 1 165 682 164
1155 2 2 2 1 673 675 452
1156 2 2 2 1 223 700 222
1157 2 2 2 1 534 684 531
1158 2 2 2 1 94 751 366
1159 2 2 2 1 367 751 95
1160 2 2 2 1 524 777 471
1161 2 2 2 1 451 674 673
1162 2 2 2 1 520 688 522
1163 2 2 2 1 317 817 160
1164 2 2 2 1 618 711 667
1165 2 2 2 1 565 685 562
1166 2 2 2 1 569 686 566
1167 2 2 2 1 87 687 86
1168 2 2 2 1 221 710 220
1169 2 2 2 1 171 689 170
1170 2 2 2 1 501 786 368
1171 2 2 2 1 561 691 558
1172 2 2 2 1 85 690 84
1173 2 2 2 1 543 696 369
1174 2 2 2 1 538 692 535
1175 2 2 2 1 573 693 570
1176 2 2 2 1 641 802 385
1177 2 2 2 1 89 694 88
1178 2 2 2 1 324 717 716
1179 2 2 2 1 83 695 82
1180 2 2 2 1 733 787 646
1181 2 2 2 1 577 698 574
1182 2 2 2 1 1 716 257
1183 2 2 2 1 169 699 168
1184 2 2 2 1 227 697 226
1185 2 2 2 1 554 712 555
1186 2 2 2 1 61 701 60
1187 2 2 2 1 581 702 578
1188 2 2 2 1 256 759 345
1189 2 2 2 1 339 809 482
1190 2 2 2 1 81 703 80
1191 2 2 2 1 551 766 549
1192 2 2 2 1 711 730 338
1193 2 2 2 1 585 704 582
1194 2 2 2 1 79 705 78
1195 2 2 2 1 589 708 586
1196 2 2 2 1 557 712 554
1197 2 2 2 1 507 769 372
1198 2 2 2 1 77 709 76
1199 2 2 2 1 326 775 666
1200 2 2 2 1 667 711 338
1201 2 2 2 1 593 714 590
1202 2 2 2 1 419 764 498
1203 2 2 2 1 75 715 74
1204 2 2 2 1 783 818 480
1205 2 2 2 1 597 718 594
1206 2 2 2 1 73 720 72
1207 2 2 2 1 91 721 90
1208 2 2 2 1 623 798 797
1209 2 2 2 1 627 800 628
1210 2 2 2 1 637 799 638
1211 2 2 2 1 624 798 623
1212 2 2 2 1 623 797 650
1213 2 2 2 1 229 719 228
1214 2 2 2 1 633 724 630
1215 2 2 2 1 631 729 649
1216 2 2 2 1 248 733 247
1217 2 2 2 1 202 726 201
1218 2 2 2 1 240 722 239
1219 2 2 2 1 622 723 621
1220 2 2 2 1 347 727 659
1221 2 2 2 1 246 731 245
1222 2 2 2 1 653 725 645
1223 2 2 2 1 207 732 206
1224 2 2 2 1 233 728 232
1225 2 2 2 1 647 734 348
1226 2 2 2 1 338 730 660
1227 2 2 2 1 601 735 598
1228 2 2 2 1 71 736 70
1229 2 2 2 1 605 737 602
1230 2 2 2 1 69 738 68
1231 2 2 2 1 609 739 606
1232 2 2 2 1 324 716 1
1233 2 2 2 1 67 740 66
1234 2 2 2 1 613 741 610
1235 2 2 2 1 114 764 419
1236 2 2 2 1 418 764 115
1237 2 2 2 1 65 742 64
1238 2 2 2 1 375 770 519
1239 2 2 2 1 546 706 671
1240 2 2 2 1 392 745 56
1241 2 2 2 1 55 745 374
1242 2 2 2 1 374 747 54
1243 2 2 2 1 49 748 373
1244 2 2 2 1 59 743 58
1245 2 2 2 1 728 799 381
1246 2 2 2 1 377 798 726
1247 2 2 2 1 722 800 343
1248 2 2 2 1 777 821 471
1249 2 2 2 1 671 706 395
1250 2 2 2 1 646 787 644
1251 2 2 2 1 550 750 551
1252 2 2 2 1 387 765 476
1253 2 2 2 1 549 766 502
1254 2 2 2 1 56 745 55
1255 2 2 2 1 54 747 53
1256 2 2 2 1 50 748 49
1257 2 2 2 1 189 765 387
1258 2 2 2 1 2 780 26
1259 2 2 2 1 93 746 92
1260 2 2 2 1 518 789 513
1261 2 2 2 1 369 773 669
1262 2 2 2 1 553 750 550
1263 2 2 2 1 665 789 518
1264 2 2 2 1 222 700 321
1265 2 2 2 1 321 710 221
1266 2 2 2 1 179 785 178
1267 2 2 2 1 380 779 485
1268 2 2 2 1 47 768 4
1269 2 2 2 1 484 776 339
1270 2 2 2 1 505 754 425
1271 2 2 2 1 734 790 348
1272 2 2 2 1 622 793 723
1273 2 2 2 1 347 791 727
1274 2 2 2 1 633 794 724
1275 2 2 2 1 729 792 649
1276 2 2 2 1 339 776 250
1277 2 2 2 1 249 776 342
1278 2 2 2 1 27 780 2
1279 2 2 2 1 669 773 499
1280 2 2 2 1 95 751 94
1281 2 2 2 1 180 752 10
1282 2 2 2 1 688 775 326
1283 2 2 2 1 440 823 423
1284 2 2 2 1 726 798 624
1285 2 2 2 1 638 799 728
1286 2 2 2 1 628 800 722
1287 2 2 2 1 644 779 643
1288 2 2 2 1 716 759 257
1289 2 2 2 1 651 753 382
1290 2 2 2 1 613 782 741
1291 2 2 2 1 500 781 502
1292 2 2 2 1 52 767 325
1293 2 2 2 1 351 782 662
1294 2 2 2 1 96 786 367
1295 2 2 2 1 368 786 97
1296 2 2 2 1 657 791 654
1297 2 2 2 1 658 792 378
1298 2 2 2 1 642 793 379
1299 2 2 2 1 635 790 636
1300 2 2 2 1 388 794 661
1301 2 2 2 1 159 755 158
1302 2 2 2 1 434 757 25
1303 2 2 2 1 759 771 345
1304 2 2 2 1 251 809 339
1305 2 2 2 1 436 812 435
1306 2 2 2 1 159 817 755
1307 2 2 2 1 618 802 711
1308 2 2 2 1 757 758 322
1309 2 2 2 1 107 756 106
1310 2 2 2 1 753 783 382
1311 2 2 2 1 520 770 688
1312 2 2 2 1 424 769 441
1313 2 2 2 1 224 804 13
1314 2 2 2 1 12 803 219
1315 2 2 2 1 672 819 784
1316 2 2 2 1 460 767 747
1317 2 2 2 1 25 757 24
1318 2 2 2 1 392 814 745
1319 2 2 2 1 257 759 256
1320 2 2 2 1 711 802 641
1321 2 2 2 1 456 774 455
1322 2 2 2 1 672 784 108
1323 2 2 2 1 345 763 541
1324 2 2 2 1 24 757 322
1325 2 2 2 1 16 760 15
1326 2 2 2 1 23 761 22
1327 2 2 2 1 21 762 20
1328 2 2 2 1 461 822 473
1329 2 2 2 1 378 792 729
1330 2 2 2 1 727 791 657
1331 2 2 2 1 723 793 642
1332 2 2 2 1 724 794 388
1333 2 2 2 1 636 790 734
1334 2 2 2 1 741 782 351
1335 2 2 2 1 15 760 324
1336 2 2 2 1 451 810 674
1337 2 2 2 1 414 760 16
1338 2 2 2 1 22 761 421
1339 2 2 2 1 421 762 21
1340 2 2 2 1 322 761 23
1341 2 2 2 1 20 762 323
1342 2 2 2 1 191 788 190
1343 2 2 2 1 106 756 105
1344 2 2 2 1 48 813 47
1345 2 2 2 1 423 823 443
1346 2 2 2 1 502 766 501
1347 2 2 2 1 115 764 114
1348 2 2 2 1 18 777 524
1349 2 2 2 1 749 774 456
1350 2 2 2 1 13 804 223
1351 2 2 2 1 220 803 12
1352 2 2 2 1 615 821 323
1353 2 2 2 1 190 765 189
1354 2 2 2 1 747 767 53
1355 2 2 2 1 4 768 375
1356 2 2 2 1 476 765 481
1357 2 2 2 1 546 816 706
1358 2 2 2 1 19 777 18
1359 2 2 2 1 53 767 52
1360 2 2 2 1 706 816 663
1361 2 2 2 1 438 812 472
1362 2 2 2 1 450 775 462
1363 2 2 2 1 755 801 318
1364 2 2 2 1 447 771 759
1365 2 2 2 1 499 773 497
1366 2 2 2 1 485 779 486
1367 2 2 2 1 418 781 764
1368 2 2 2 1 519 770 520
1369 2 2 2 1 219 803 428
1370 2 2 2 1 523 804 224
1371 2 2 2 1 717 778 436
1372 2 2 2 1 432 772 429
1373 2 2 2 1 446 771 447
1374 2 2 2 1 674 810 768
1375 2 2 2 1 475 815 474
1376 2 2 2 1 683 821 615
1377 2 2 2 1 473 822 814
1378 2 2 2 1 459 801 457
1379 2 2 2 1 471 821 683
1380 2 2 2 1 323 821 777
1381 2 2 2 1 250 776 249
1382 2 2 2 1 10 795 179
1383 2 2 2 1 773 807 497
1384 2 2 2 1 26 780 434
1385 2 2 2 1 455 774 458
1386 2 2 2 1 796 811 772
1387 2 2 2 1 107 784 756
1388 2 2 2 1 752 823 440
1389 2 2 2 1 776 824 342
1390 2 2 2 1 474 815 446
1391 2 2 2 1 784 819 433
1392 2 2 2 1 666 775 450
1393 2 2 2 1 323 777 19
1394 2 2 2 1 178 785 427
1395 2 2 2 1 497 807 496
1396 2 2 2 1 643 779 380
1397 2 2 2 1 325 774 749
1398 2 2 2 1 496 807 494
1399 2 2 2 1 498 781 500
1400 2 2 2 1 542 819 495
1401 2 2 2 1 696 807 773
1402 2 2 2 1 696 773 369
1403 2 2 2 1 435 812 438
1404 2 2 2 1 444 805 327
1405 2 2 2 1 382 788 191
1406 2 2 2 1 662 782 663
1407 2 2 2 1 108 784 107
1408 2 2 2 1 345 771 763
1409 2 2 2 1 482 818 483
1410 2 2 2 1 513 789 515
1411 2 2 2 1 97 786 96
1412 2 2 2 1 325 820 774
1413 2 2 2 1 700 804 523
1414 2 2 2 1 654 791 655
1415 2 2 2 1 638 790 635
1416 2 2 2 1 379 793 657
1417 2 2 2 1 661 794 627
1418 2 2 2 1 636 792 658
1419 2 2 2 1 757 806 758
1420 2 2 2 1 428 803 710
1421 2 2 2 1 774 820 458
1422 2 2 2 1 797 798 626
1423 2 2 2 1 626 798 377
1424 2 2 2 1 628 797 626
1425 2 2 2 1 381 799 640
1426 2 2 2 1 343 800 633
1427 2 2 2 1 480 818 482
1428 2 2 2 1 518 808 665
1429 2 2 2 1 441 795 440
1430 2 2 2 1 373 813 48
1431 2 2 2 1 619 802 618
1432 2 2 2 1 433 819 542
1433 2 2 2 1 252 809 251
1434 2 2 2 1 443 811 444
1435 2 2 2 1 495 819 672
1436 2 2 2 1 472 812 778
1437 2 2 2 1 764 781 498
1438 2 2 2 1 547 816 546
1439 2 2 2 1 457 801 755
1440 2 2 2 1 486 824 484
1441 2 2 2 1 160 817 159
1442 2 2 2 1 796 806 444
1443 2 2 2 1 473 814 466
1444 2 2 2 1 462 810 451
1445 2 2 2 1 434 806 757
1446 2 2 2 1 458 820 460
1447 2 2 2 1 758 796 432
1448 2 2 2 1 223 804 700
1449 2 2 2 1 710 803 220
1450 2 2 2 1 494 807 696
1451 2 2 2 1 767 820 325
1452 2 2 2 1 444 811 796
1453 2 2 2 1 432 796 772
1454 2 2 2 1 771 815 763
1455 2 2 2 1 768 810 375
1456 2 2 2 1 780 805 434
1457 2 2 2 1 758 806 796
1458 2 2 2 1 446 815 771
1459 2 2 2 1 483 818 753
1460 2 2 2 1 772 811 426
1461 2 2 2 1 763 815 475
1462 2 2 2 1 484 824 776
1463 2 2 2 1 444 806 805
1464 2 2 2 1 783 788 382
1465 2 2 2 1 460 820 767
1466 2 2 2 1 481 788 783
1467 2 2 2 1 778 812 436
1468 2 2 2 1 805 806 434
1469 2 2 2 1 342 824 787
1470 2 2 2 1 787 824 486
1471 2 2 3 2 29 826 825
1472 2 2 3 2 28 826 29
1473 2 2 3 2 825 826 14
1474 2 2 3 2 27 2 258
1475 2 2 3 2 14 827 825
1476 2 2 3 2 259 827 14
1477 2 2 3 2 258 826 27
1478 2 2 3 2 3 827 259
1479 2 2 3 2 31 827 3
1480 2 2 3 2 14 826 258
1481 2 2 3 2 29 825 30
1482 2 2 3 2 27 826 28
1483 2 2 3 2 825 827 30
1484 2 2 3 2 30 827 31
1485 2 2 1 3 1808 2577 2246
1486 2 2 1 3 1812 2570 2440
1487 2 2 1 3 2246 2577 846
1488 2 2 1 3 307 2001 306
1489 2 2 1 3 2040 2278 1813
1490 2 2 1 3 2117 2247 1541
1491 2 2 1 3 2124 2555 838
1492 2 2 1 3 2294 2627 2133
1493 2 2 1 3 1963 2549 1721
1494 2 2 1 3 1815 2304 888
1495 2 2 1 3 1930 1932 1722
1496 2 2 1 3 888 2572 1815
1497 2 2 1 3 1827 1882 889
1498 2 2 1 3 1823 2001 844
1499 2 2 1 3 835 2278 2040
1500 2 2 1 3 1721 2549 1722
1501 2 2 1 3 1824 1902 839
1502 2 2 1 3 844 2000 1823
1503 2 2 1 3 889 1882 156
1504 2 2 1 3 1817 2627 2294
1505 2 2 1 3 831 1885 1825
1506 2 2 1 3 1801 2568 2567
1507 2 2 1 3 1830 2626 860
1508 2 2 1 3 862 2592 1836
1509 2 2 1 3 2440 2570 861
1510 2 2 1 3 1631 2294 2133
1511 2 2 1 3 832 1905 1828
1512 2 2 1 3 839 1903 1824
1513 2 2 1 3 1549 1903 1574
1514 2 2 1 3 1825 1886 831
1515 2 2 1 3 114 1988 115
1516 2 2 1 3 2115 2247 2117
1517 2 2 1 3 2088 2090 1728
1518 2 2 1 3 2001 2003 873
1519 2 2 1 3 156 1882 157
1520 2 2 1 3 864 1933 1932
1521 2 2 1 3 2003 2602 873
1522 2 2 1 3 861 2563 2440
1523 2 2 1 3 1932 1933 1722
1524 2 2 1 3 1840 1985 1805
1525 2 2 1 3 2123 2555 2124
1526 2 2 1 3 848 2571 2238
1527 2 2 1 3 848 2238 2237
1528 2 2 1 3 844 2001 307
1529 2 2 1 3 306 2001 873
1530 2 2 1 3 889 1883 1827
1531 2 2 1 3 2086 2563 861
1532 2 2 1 3 1828 1906 832
1533 2 2 1 3 1834 2635 830
1534 2 2 1 3 1836 2592 894
1535 2 2 1 3 1831 2626 1830
1536 2 2 1 3 1719 2447 2003
1537 2 2 1 3 1836 2541 862
1538 2 2 1 3 860 1855 1830
1539 2 2 1 3 1717 2000 1718
1540 2 2 1 3 1840 2585 1985
1541 2 2 1 3 204 2128 205
1542 2 2 1 3 1663 1906 1664
1543 2 2 1 3 1541 2379 2117
1544 2 2 1 3 864 2579 1933
1545 2 2 1 3 2090 2465 1728
1546 2 2 1 3 218 1931 219
1547 2 2 1 3 267 2570 1833
1548 2 2 1 3 1730 2582 2576
1549 2 2 1 3 883 2553 1821
1550 2 2 1 3 1567 1883 1566
1551 2 2 1 3 830 2476 1834
1552 2 2 1 3 2532 2573 1987
1553 2 2 1 3 1833 2618 267
1554 2 2 1 3 1574 1903 1782
1555 2 2 1 3 1824 1903 1549
1556 2 2 1 3 2313 2320 1462
1557 2 2 1 3 274 2137 273
1558 2 2 1 3 293 1905 832
1559 2 2 1 3 2115 2542 2247
1560 2 2 1 3 1816 2319 1940
1561 2 2 1 3 2567 2591 1801
1562 2 2 1 3 115 1988 890
1563 2 2 1 3 895 1988 114
1564 2 2 1 3 167 1886 168
1565 2 2 1 3 1823 2000 1717
1566 2 2 1 3 1835 2278 835
1567 2 2 1 3 1821 2612 883
1568 2 2 1 3 1631 2133 2132
1569 2 2 1 3 2017 2282 2273
1570 2 2 1 3 869 2316 1839
1571 2 2 1 3 2319 2320 1940
1572 2 2 1 3 155 2528 8
1573 2 2 1 3 1837 2635 1834
1574 2 2 1 3 1731 2136 2135
1575 2 2 1 3 1884 1890 1810
1576 2 2 1 3 894 2298 1836
1577 2 2 1 3 165 1887 166
1578 2 2 1 3 1801 2601 2568
1579 2 2 1 3 830 2565 2476
1580 2 2 1 3 2003 2447 1762
1581 2 2 1 3 1407 2554 1384
1582 2 2 1 3 1826 1869 1868
1583 2 2 1 3 835 2561 1835
1584 2 2 1 3 2135 2137 1731
1585 2 2 1 3 1931 2617 219
1586 2 2 1 3 2576 2582 2080
1587 2 2 1 3 897 1842 840
1588 2 2 1 3 1833 2570 1812
1589 2 2 1 3 840 1842 1838
1590 2 2 1 3 1719 2003 1823
1591 2 2 1 3 1987 1988 895
1592 2 2 1 3 898 1842 897
1593 2 2 1 3 2128 2557 205
1594 2 2 1 3 2000 2002 1718
1595 2 2 1 3 1987 2573 1988
1596 2 2 1 3 838 2606 2124
1597 2 2 1 3 878 2603 2583
1598 2 2 1 3 1710 1906 1663
1599 2 2 1 3 1664 1906 1828
1600 2 2 1 3 1722 2549 1930
1601 2 2 1 3 854 2604 2584
1602 2 2 1 3 860 2562 1855
1603 2 2 1 3 1827 1883 1567
1604 2 2 1 3 883 2128 204
1605 2 2 1 3 2476 2565 1802
1606 2 2 1 3 260 111 7
1607 2 2 1 3 876 2542 2115
1608 2 2 1 3 2132 2546 1631
1609 2 2 1 3 1233 1894 1841
1610 2 2 1 3 213 1911 858
1611 2 2 1 3 1806 2320 2313
1612 2 2 1 3 1462 2320 2319
1613 2 2 1 3 273 2137 2135
1614 2 2 1 3 850 2137 274
1615 2 2 1 3 1566 1883 1838
1616 2 2 1 3 831 1886 167
1617 2 2 1 3 168 1886 887
1618 2 2 1 3 1386 2544 1387
1619 2 2 1 3 1826 1885 1869
1620 2 2 1 3 1838 2528 840
1621 2 2 1 3 1841 1894 1843
1622 2 2 1 3 1843 1894 985
1623 2 2 1 3 297 2635 1837
1624 2 2 1 3 294 1905 293
1625 2 2 1 3 2605 2608 2361
1626 2 2 1 3 200 2044 201
1627 2 2 1 3 10 2626 2590
1628 2 2 1 3 1407 1890 1884
1629 2 2 1 3 1555 2419 1895
1630 2 2 1 3 286 2599 2575
1631 2 2 1 3 886 1887 165
1632 2 2 1 3 1855 2562 1807
1633 2 2 1 3 8 2528 889
1634 2 2 1 3 2583 2603 1818
1635 2 2 1 3 2584 2604 1819
1636 2 2 1 3 1826 1884 1810
1637 2 2 1 3 1837 2613 297
1638 2 2 1 3 898 2537 1842
1639 2 2 1 3 900 2537 898
1640 2 2 1 3 1884 2554 1407
1641 2 2 1 3 166 1887 831
1642 2 2 1 3 1902 2572 888
1643 2 2 1 3 2017 2579 2282
1644 2 2 1 3 1564 1936 1558
1645 2 2 1 3 212 1911 213
1646 2 2 1 3 1402 2530 1397
1647 2 2 1 3 1841 1936 1233
1648 2 2 1 3 2560 2586 1829
1649 2 2 1 3 1868 1884 1826
1650 2 2 1 3 1903 2552 1782
1651 2 2 1 3 910 1847 908
1652 2 2 1 3 1867 2544 1386
1653 2 2 1 3 1844 1846 1120
1654 2 2 1 3 866 2608 2605
1655 2 2 1 3 1825 1885 1826
1656 2 2 1 3 2391 2625 1959
1657 2 2 1 3 916 2422 914
1658 2 2 1 3 1895 2419 1843
1659 2 2 1 3 1871 2410 1562
1660 2 2 1 3 1957 1959 1754
1661 2 2 1 3 1959 2596 2391
1662 2 2 1 3 888 2610 1902
1663 2 2 1 3 985 1895 1843
1664 2 2 1 3 1916 2527 1850
1665 2 2 1 3 1782 2552 2548
1666 2 2 1 3 914 2422 1874
1667 2 2 1 3 1958 2550 2541
1668 2 2 1 3 1066 1852 1092
1669 2 2 1 3 1839 2569 869
1670 2 2 1 3 1858 2530 1402
1671 2 2 1 3 1120 1874 1844
1672 2 2 1 3 2043 2044 200
1673 2 2 1 3 201 2044 828
1674 2 2 1 3 914 1874 912
1675 2 2 1 3 1973 2363 1848
1676 2 2 1 3 1823 2003 2001
1677 2 2 1 3 1209 1916 1848
1678 2 2 1 3 2599 2627 1822
1679 2 2 1 3 1848 2363 1209
1680 2 2 1 3 2519 2529 1847
1681 2 2 1 3 1120 1847 910
1682 2 2 1 3 1351 2363 1973
1683 2 2 1 3 1846 1847 1120
1684 2 2 1 3 1116 1873 1115
1685 2 2 1 3 1895 2529 2519
1686 2 2 1 3 1849 1873 1116
1687 2 2 1 3 1852 2410 1871
1688 2 2 1 3 1115 1873 1138
1689 2 2 1 3 1116 1851 1849
1690 2 2 1 3 1820 2563 2086
1691 2 2 1 3 1589 2484 1367
1692 2 2 1 3 2590 2626 1831
1693 2 2 1 3 895 2636 1987
1694 2 2 1 3 1589 1941 1875
1695 2 2 1 3 1558 1936 1841
1696 2 2 1 3 2541 2550 862
1697 2 2 1 3 1744 1936 1564
1698 2 2 1 3 1209 2527 1916
1699 2 2 1 3 1368 2524 2522
1700 2 2 1 3 2575 2599 1822
1701 2 2 1 3 869 2619 2316
1702 2 2 1 3 912 1874 1120
1703 2 2 1 3 1754 2578 1957
1704 2 2 1 3 1875 2484 1589
1705 2 2 1 3 1999 2002 2000
1706 2 2 1 3 872 2002 1999
1707 2 2 1 3 1895 2519 1555
1708 2 2 1 3 873 2602 2561
1709 2 2 1 3 834 2585 1840
1710 2 2 1 3 1384 2554 1386
1711 2 2 1 3 1252 2023 1853
1712 2 2 1 3 1092 1852 1116
1713 2 2 1 3 1813 2624 2040
1714 2 2 1 3 1830 1856 1554
1715 2 2 1 3 919 2422 916
1716 2 2 1 3 1964 2535 2446
1717 2 2 1 3 1758 2497 2022
1718 2 2 1 3 1967 2446 1794
1719 2 2 1 3 1854 2023 1230
1720 2 2 1 3 1879 1991 1354
1721 2 2 1 3 1230 2022 1854
1722 2 2 1 3 1390 2543 1391
1723 2 2 1 3 1747 2044 2043
1724 2 2 1 3 1878 1991 1879
1725 2 2 1 3 1126 1991 1878
1726 2 2 1 3 1728 2631 2088
1727 2 2 1 3 1401 2459 1876
1728 2 2 1 3 1855 1856 1830
1729 2 2 1 3 1772 2335 2334
1730 2 2 1 3 1822 2627 1817
1731 2 2 1 3 1742 1855 1807
1732 2 2 1 3 1872 1996 1431
1733 2 2 1 3 1235 2424 2019
1734 2 2 1 3 1194 2539 2538
1735 2 2 1 3 1066 2410 1852
1736 2 2 1 3 2538 2539 1845
1737 2 2 1 3 1397 2530 1401
1738 2 2 1 3 1235 1995 1880
1739 2 2 1 3 1794 2443 1967
1740 2 2 1 3 1870 2543 1390
1741 2 2 1 3 1300 1907 1857
1742 2 2 1 3 1641 2334 2188
1743 2 2 1 3 1742 1856 1855
1744 2 2 1 3 1542 1933 1689
1745 2 2 1 3 1562 2522 1871
1746 2 2 1 3 1116 1852 1851
1747 2 2 1 3 1877 1899 1179
1748 2 2 1 3 1722 1933 1542
1749 2 2 1 3 1179 1899 1139
1750 2 2 1 3 1880 2424 1235
1751 2 2 1 3 2235 2270 1757
1752 2 2 1 3 2086 2595 1820
1753 2 2 1 3 1387 2544 1390
1754 2 2 1 3 1853 2334 1252
1755 2 2 1 3 2022 2497 1854
1756 2 2 1 3 850 2556 2137
1757 2 2 1 3 1857 1908 1300
1758 2 2 1 3 840 2528 155
1759 2 2 1 3 1233 2537 900
1760 2 2 1 3 1184 2023 1252
1761 2 2 1 3 1995 1996 1880
1762 2 2 1 3 1908 2377 1179
1763 2 2 1 3 1400 1891 1408
1764 2 2 1 3 1709 1996 1872
1765 2 2 1 3 1354 2045 1879
1766 2 2 1 3 1847 2529 908
1767 2 2 1 3 1117 2455 1093
1768 2 2 1 3 1878 2270 1126
1769 2 2 1 3 1230 2023 1184
1770 2 2 1 3 856 2586 2560
1771 2 2 1 3 1850 2527 1873
1772 2 2 1 3 1856 1914 1554
1773 2 2 1 3 1799 2451 1797
1774 2 2 1 3 1876 1891 1401
1775 2 2 1 3 1902 2610 839
1776 2 2 1 3 2027 2405 2029
1777 2 2 1 3 1883 2528 1838
1778 2 2 1 3 1431 2270 1872
1779 2 2 1 3 1797 2451 1801
1780 2 2 1 3 1857 2377 1908
1781 2 2 1 3 1139 1899 1117
1782 2 2 1 3 2522 2524 1871
1783 2 2 1 3 1367 2484 2188
1784 2 2 1 3 1179 2377 1877
1785 2 2 1 3 1440 2033 2029
1786 2 2 1 3 1844 1874 1845
1787 2 2 1 3 1772 2334 1641
1788 2 2 1 3 2031 2082 1659
1789 2 2 1 3 9 848 163
1790 2 2 1 3 1941 2522 1875
1791 2 2 1 3 1026 2526 2444
1792 2 2 1 3 1565 1567 1566
1793 2 2 1 3 1989 2321 2045
1794 2 2 1 3 1892 2082 1251
1795 2 2 1 3 1659 2082 1892
1796 2 2 1 3 1853 2023 1755
1797 2 2 1 3 1755 2023 1854
1798 2 2 1 3 1565 1876 1568
1799 2 2 1 3 1703 1881 1827
1800 2 2 1 3 2029 2405 1440
1801 2 2 1 3 2334 2335 1252
1802 2 2 1 3 1880 1996 1709
1803 2 2 1 3 1401 1891 1400
1804 2 2 1 3 1881 1882 1827
1805 2 2 1 3 1591 2521 2021
1806 2 2 1 3 2413 2496 1969
1807 2 2 1 3 1408 1891 1478
1808 2 2 1 3 917 2157 986
1809 2 2 1 3 1300 1914 1907
1810 2 2 1 3 1757 2270 1878
1811 2 2 1 3 1872 2270 2235
1812 2 2 1 3 1840 2643 834
1813 2 2 1 3 1615 2219 2189
1814 2 2 1 3 1568 1703 1567
1815 2 2 1 3 1907 1914 1856
1816 2 2 1 3 1897 2401 1724
1817 2 2 1 3 1857 1907 1606
1818 2 2 1 3 185 862 11
1819 2 2 1 3 1899 2455 1117
1820 2 2 1 3 2019 2424 1591
1821 2 2 1 3 1796 1881 1703
1822 2 2 1 3 2188 2484 1641
1823 2 2 1 3 1565 1568 1567
1824 2 2 1 3 2180 2504 2179
1825 2 2 1 3 2237 2238 1860
1826 2 2 1 3 2188 2334 1853
1827 2 2 1 3 1703 1827 1567
1828 2 2 1 3 1563 1876 1565
1829 2 2 1 3 1563 1565 1564
1830 2 2 1 3 1440 2157 2033
1831 2 2 1 3 902 1894 1233
1832 2 2 1 3 1875 2522 1562
1833 2 2 1 3 2030 2189 1322
1834 2 2 1 3 1659 2189 2031
1835 2 2 1 3 2446 2535 1794
1836 2 2 1 3 2033 2450 2409
1837 2 2 1 3 1143 2464 2396
1838 2 2 1 3 1773 2401 1897
1839 2 2 1 3 2540 2543 1870
1840 2 2 1 3 1648 2449 1787
1841 2 2 1 3 857 2510 147
1842 2 2 1 3 1407 2342 1890
1843 2 2 1 3 1725 2385 2011
1844 2 2 1 3 1704 1796 1703
1845 2 2 1 3 1996 2203 1431
1846 2 2 1 3 1565 1566 1564
1847 2 2 1 3 1995 2203 1996
1848 2 2 1 3 2159 2441 857
1849 2 2 1 3 2421 2473 1687
1850 2 2 1 3 2438 2441 2159
1851 2 2 1 3 831 1887 1885
1852 2 2 1 3 2045 2321 1756
1853 2 2 1 3 985 2529 1895
1854 2 2 1 3 1888 2423 1216
1855 2 2 1 3 1873 2527 1138
1856 2 2 1 3 1606 1907 1742
1857 2 2 1 3 1394 1397 1396
1858 2 2 1 3 1900 2407 1094
1859 2 2 1 3 1889 2418 1764
1860 2 2 1 3 1216 2423 2420
1861 2 2 1 3 1094 2407 1921
1862 2 2 1 3 1879 2497 1758
1863 2 2 1 3 2011 2012 1725
1864 2 2 1 3 889 2528 1883
1865 2 2 1 3 1417 1914 1299
1866 2 2 1 3 2418 2420 1764
1867 2 2 1 3 1989 2045 1354
1868 2 2 1 3 1966 2446 1967
1869 2 2 1 3 2408 2470 1980
1870 2 2 1 3 1572 1948 1946
1871 2 2 1 3 1372 1950 1370
1872 2 2 1 3 2431 2467 2041
1873 2 2 1 3 915 2157 917
1874 2 2 1 3 2098 2458 2395
1875 2 2 1 3 2030 2405 2027
1876 2 2 1 3 986 2157 1440
1877 2 2 1 3 2189 2219 1322
1878 2 2 1 3 2002 2518 1718
1879 2 2 1 3 1787 2449 2444
1880 2 2 1 3 1881 2591 853
1881 2 2 1 3 2417 2463 1983
1882 2 2 1 3 1615 2189 1659
1883 2 2 1 3 1410 2309 2308
1884 2 2 1 3 1944 2009 1168
1885 2 2 1 3 180 866 181
1886 2 2 1 3 902 1233 900
1887 2 2 1 3 1852 1871 1851
1888 2 2 1 3 1368 2522 1941
1889 2 2 1 3 1397 1401 1400
1890 2 2 1 3 1572 1950 1948
1891 2 2 1 3 1889 2409 1068
1892 2 2 1 3 2009 2010 1168
1893 2 2 1 3 1575 1942 1898
1894 2 2 1 3 1742 1907 1856
1895 2 2 1 3 1126 2270 1431
1896 2 2 1 3 1898 1942 1580
1897 2 2 1 3 1168 2277 1944
1898 2 2 1 3 1403 1968 1896
1899 2 2 1 3 1299 1914 1300
1900 2 2 1 3 183 894 184
1901 2 2 1 3 1478 1563 1558
1902 2 2 1 3 1579 1944 1943
1903 2 2 1 3 2420 2423 1764
1904 2 2 1 3 1554 1914 1417
1905 2 2 1 3 1394 1402 1397
1906 2 2 1 3 1068 2418 1889
1907 2 2 1 3 2561 2602 1835
1908 2 2 1 3 1946 1997 1572
1909 2 2 1 3 2351 2434 1314
1910 2 2 1 3 1599 2355 1628
1911 2 2 1 3 1216 2429 1888
1912 2 2 1 3 1893 2351 1176
1913 2 2 1 3 1568 1704 1703
1914 2 2 1 3 1370 1950 1572
1915 2 2 1 3 2126 2557 2128
1916 2 2 1 3 1944 2277 1943
1917 2 2 1 3 1797 1801 1796
1918 2 2 1 3 1391 1394 1393
1919 2 2 1 3 1675 2012 1674
1920 2 2 1 3 1251 2396 1892
1921 2 2 1 3 1498 2178 2014
1922 2 2 1 3 1322 2405 2030
1923 2 2 1 3 2359 2365 1512
1924 2 2 1 3 1911 2574 858
1925 2 2 1 3 1779 2356 1176
1926 2 2 1 3 2393 2483 2160
1927 2 2 1 3 1792 2573 2532
1928 2 2 1 3 1227 1908 1178
1929 2 2 1 3 1950 2337 2308
1930 2 2 1 3 2308 2337 1410
1931 2 2 1 3 1779 2359 2356
1932 2 2 1 3 2338 2342 1403
1933 2 2 1 3 1579 1943 1942
1934 2 2 1 3 1874 2422 1845
1935 2 2 1 3 1890 2342 2338
1936 2 2 1 3 1904 2355 1599
1937 2 2 1 3 1779 2365 2359
1938 2 2 1 3 2409 2450 1068
1939 2 2 1 3 1579 1942 1575
1940 2 2 1 3 1166 2010 1207
1941 2 2 1 3 1300 1908 1227
1942 2 2 1 3 1410 2340 2309
1943 2 2 1 3 1921 2107 1922
1944 2 2 1 3 1176 2356 1893
1945 2 2 1 3 1724 2401 1725
1946 2 2 1 3 906 2529 985
1947 2 2 1 3 985 1894 904
1948 2 2 1 3 2444 2526 1787
1949 2 2 1 3 1168 2010 1166
1950 2 2 1 3 2038 2209 2036
1951 2 2 1 3 1038 1922 1369
1952 2 2 1 3 1743 1915 1909
1953 2 2 1 3 1580 2014 1898
1954 2 2 1 3 1800 1830 1554
1955 2 2 1 3 1800 1831 1830
1956 2 2 1 3 1178 1908 1179
1957 2 2 1 3 1394 1396 1393
1958 2 2 1 3 1382 2342 1407
1959 2 2 1 3 1674 2012 2009
1960 2 2 1 3 1909 1915 1739
1961 2 2 1 3 1901 1935 1735
1962 2 2 1 3 2031 2189 2030
1963 2 2 1 3 904 1894 902
1964 2 2 1 3 1039 1922 1038
1965 2 2 1 3 1982 2221 1420
1966 2 2 1 3 1414 1935 1548
1967 2 2 1 3 1945 1997 1946
1968 2 2 1 3 1421 1918 922
1969 2 2 1 3 922 1918 924
1970 2 2 1 3 1981 1982 1420
1971 2 2 1 3 1093 2455 1094
1972 2 2 1 3 1725 2401 2385
1973 2 2 1 3 1920 2322 1597
1974 2 2 1 3 1912 1918 1421
1975 2 2 1 3 1927 2317 1926
1976 2 2 1 3 842 2496 2413
1977 2 2 1 3 1599 2014 1904
1978 2 2 1 3 1896 2338 1403
1979 2 2 1 3 1420 2013 1981
1980 2 2 1 3 1388 2322 1920
1981 2 2 1 3 1725 2012 1675
1982 2 2 1 3 1026 1961 1951
1983 2 2 1 3 1679 2423 1888
1984 2 2 1 3 2168 2501 2499
1985 2 2 1 3 2010 2012 2011
1986 2 2 1 3 1587 2317 1927
1987 2 2 1 3 2014 2178 1898
1988 2 2 1 3 1421 1919 1912
1989 2 2 1 3 2499 2501 880
1990 2 2 1 3 154 897 840
1991 2 2 1 3 1398 2333 1968
1992 2 2 1 3 1425 2209 2038
1993 2 2 1 3 2308 2309 1949
1994 2 2 1 3 1498 2014 1599
1995 2 2 1 3 1921 2407 2107
1996 2 2 1 3 1378 1968 1403
1997 2 2 1 3 1288 2129 2059
1998 2 2 1 3 1478 1891 1563
1999 2 2 1 3 1372 2337 1950
2000 2 2 1 3 1741 1917 1570
2001 2 2 1 3 1947 1961 1418
2002 2 2 1 3 2357 2406 2173
2003 2 2 1 3 2010 2011 1207
2004 2 2 1 3 1548 1935 1901
2005 2 2 1 3 1397 1400 1396
2006 2 2 1 3 1968 2333 1896
2007 2 2 1 3 1628 2355 2038
2008 2 2 1 3 1981 2013 1590
2009 2 2 1 3 1415 1935 1414
2010 2 2 1 3 928 1965 925
2011 2 2 1 3 1485 1928 1556
2012 2 2 1 3 1965 1966 925
2013 2 2 1 3 852 1924 188
2014 2 2 1 3 1744 2537 1936
2015 2 2 1 3 1956 1957 852
2016 2 2 1 3 923 1966 1194
2017 2 2 1 3 2396 2464 1892
2018 2 2 1 3 1850 1928 1916
2019 2 2 1 3 187 1956 852
2020 2 2 1 3 2145 2350 2208
2021 2 2 1 3 829 1926 150
2022 2 2 1 3 1584 1919 1582
2023 2 2 1 3 2077 2331 2169
2024 2 2 1 3 2069 2150 1702
2025 2 2 1 3 1578 2008 1576
2026 2 2 1 3 2067 2150 2069
2027 2 2 1 3 2015 2037 1236
2028 2 2 1 3 1915 2129 1739
2029 2 2 1 3 2004 2312 2252
2030 2 2 1 3 1951 1961 1947
2031 2 2 1 3 1966 1967 1194
2032 2 2 1 3 1430 2150 2067
2033 2 2 1 3 1563 1564 1558
2034 2 2 1 3 1284 2144 1239
2035 2 2 1 3 1945 1946 1418
2036 2 2 1 3 1556 1928 1850
2037 2 2 1 3 1375 1960 1399
2038 2 2 1 3 1677 2463 2417
2039 2 2 1 3 151 1926 1925
2040 2 2 1 3 1051 1922 1039
2041 2 2 1 3 1594 2303 2299
2042 2 2 1 3 1553 1554 1417
2043 2 2 1 3 2067 2068 1430
2044 2 2 1 3 829 1927 1926
2045 2 2 1 3 1299 1300 1227
2046 2 2 1 3 850 2559 2556
2047 2 2 1 3 1178 1179 1139
2048 2 2 1 3 314 1929 871
2049 2 2 1 3 1687 1952 1937
2050 2 2 1 3 1373 1960 1375
2051 2 2 1 3 2037 2038 2036
2052 2 2 1 3 1569 1815 1735
2053 2 2 1 3 2059 2129 1915
2054 2 2 1 3 1893 2434 2351
2055 2 2 1 3 1686 1952 1687
2056 2 2 1 3 2424 2521 1591
2057 2 2 1 3 893 1931 1930
2058 2 2 1 3 1013 1945 1418
2059 2 2 1 3 1279 2176 1971
2060 2 2 1 3 1402 2540 1858
2061 2 2 1 3 193 1939 868
2062 2 2 1 3 2009 2012 2010
2063 2 2 1 3 1912 1919 1584
2064 2 2 1 3 1922 2107 1369
2065 2 2 1 3 1919 1998 1582
2066 2 2 1 3 1628 2037 2015
2067 2 2 1 3 859 2473 2421
2068 2 2 1 3 1992 2129 1288
2069 2 2 1 3 983 1954 965
2070 2 2 1 3 1923 2226 1273
2071 2 2 1 3 1948 2308 1949
2072 2 2 1 3 1569 1735 1468
2073 2 2 1 3 1548 1824 1549
2074 2 2 1 3 925 1966 923
2075 2 2 1 3 1414 1548 1416
2076 2 2 1 3 1025 1954 983
2077 2 2 1 3 1979 1981 1590
2078 2 2 1 3 1693 1970 1694
2079 2 2 1 3 1375 1398 1376
2080 2 2 1 3 154 840 155
2081 2 2 1 3 1373 1375 1374
2082 2 2 1 3 2025 2285 2226
2083 2 2 1 3 1694 1970 1969
2084 2 2 1 3 151 1925 152
2085 2 2 1 3 1371 1373 1372
2086 2 2 1 3 1093 1094 1067
2087 2 2 1 3 1019 1997 1945
2088 2 2 1 3 867 897 153
2089 2 2 1 3 2022 2300 1617
2090 2 2 1 3 1493 1928 1485
2091 2 2 1 3 1913 2362 1918
2092 2 2 1 3 1765 2306 2111
2093 2 2 1 3 1946 1948 1947
2094 2 2 1 3 1132 2058 1186
2095 2 2 1 3 1579 2008 1944
2096 2 2 1 3 1176 2351 1157
2097 2 2 1 3 1548 1549 1416
2098 2 2 1 3 2183 2233 1621
2099 2 2 1 3 2367 2381 1411
2100 2 2 1 3 1414 1416 1405
2101 2 2 1 3 1931 1932 1930
2102 2 2 1 3 1025 1955 1954
2103 2 2 1 3 1621 2233 2208
2104 2 2 1 3 1752 1973 1848
2105 2 2 1 3 1382 1407 1384
2106 2 2 1 3 1369 1371 1370
2107 2 2 1 3 1674 2009 2008
2108 2 2 1 3 1408 1478 1476
2109 2 2 1 3 1958 1959 1957
2110 2 2 1 3 1373 1374 1372
2111 2 2 1 3 2252 2312 1318
2112 2 2 1 3 1375 1376 1374
2113 2 2 1 3 1142 1997 1023
2114 2 2 1 3 1574 1782 1759
2115 2 2 1 3 1378 1403 1380
2116 2 2 1 3 150 1926 151
2117 2 2 1 3 1572 1997 1142
2118 2 2 1 3 1946 1947 1418
2119 2 2 1 3 1371 1372 1370
2120 2 2 1 3 1901 1902 1824
2121 2 2 1 3 1469 1569 1468
2122 2 2 1 3 1038 1369 1142
2123 2 2 1 3 1674 2008 1578
2124 2 2 1 3 1484 1976 1353
2125 2 2 1 3 1418 1961 1011
2126 2 2 1 3 1038 1142 1023
2127 2 2 1 3 1406 1414 1405
2128 2 2 1 3 1310 2018 1226
2129 2 2 1 3 893 1930 1929
2130 2 2 1 3 1507 2032 1994
2131 2 2 1 3 1369 1370 1142
2132 2 2 1 3 186 1956 187
2133 2 2 1 3 867 898 897
2134 2 2 1 3 1956 1958 1957
2135 2 2 1 3 189 1924 869
2136 2 2 1 3 1742 1807 1741
2137 2 2 1 3 1187 1227 1178
2138 2 2 1 3 1589 2018 1941
2139 2 2 1 3 1483 1953 1481
2140 2 2 1 3 1399 1405 1398
2141 2 2 1 3 953 955 952
2142 2 2 1 3 1169 1178 1139
2143 2 2 1 3 1948 1949 1947
2144 2 2 1 3 1649 1920 1597
2145 2 2 1 3 1434 2105 2104
2146 2 2 1 3 1192 1992 1288
2147 2 2 1 3 2084 2195 2052
2148 2 2 1 3 1376 1968 1378
2149 2 2 1 3 1576 2008 1579
2150 2 2 1 3 984 1006 983
2151 2 2 1 3 1586 1976 1484
2152 2 2 1 3 1273 2291 1923
2153 2 2 1 3 1590 1984 1979
2154 2 2 1 3 956 959 955
2155 2 2 1 3 966 983 965
2156 2 2 1 3 1434 2212 2105
2157 2 2 1 3 1092 1093 1067
2158 2 2 1 3 960 965 959
2159 2 2 1 3 936 1984 934
2160 2 2 1 3 1020 1023 1019
2161 2 2 1 3 1007 1026 1006
2162 2 2 1 3 1138 1139 1117
2163 2 2 1 3 1066 1067 1051
2164 2 2 1 3 1230 2300 2022
2165 2 2 1 3 1684 1953 1483
2166 2 2 1 3 187 852 188
2167 2 2 1 3 893 1929 315
2168 2 2 1 3 1024 1038 1023
2169 2 2 1 3 1971 2176 1970
2170 2 2 1 3 1686 2052 1952
2171 2 2 1 3 1430 2144 1284
2172 2 2 1 3 843 1940 1939
2173 2 2 1 3 2373 2382 1263
2174 2 2 1 3 1752 1848 1751
2175 2 2 1 3 1019 1945 1015
2176 2 2 1 3 2104 2202 1434
2177 2 2 1 3 920 921 919
2178 2 2 1 3 316 893 315
2179 2 2 1 3 1186 2058 1974
2180 2 2 1 3 1239 2144 1765
2181 2 2 1 3 1358 2016 1551
2182 2 2 1 3 2226 2285 1273
2183 2 2 1 3 2092 2116 2093
2184 2 2 1 3 312 1962 854
2185 2 2 1 3 1424 1468 1415
2186 2 2 1 3 892 1987 1986
2187 2 2 1 3 2106 2202 2104
2188 2 2 1 3 1977 1983 1978
2189 2 2 1 3 1121 1983 1977
2190 2 2 1 3 1115 1117 1093
2191 2 2 1 3 2169 2331 1426
2192 2 2 1 3 1067 1921 1051
2193 2 2 1 3 1500 2171 2148
2194 2 2 1 3 1754 1973 1752
2195 2 2 1 3 152 867 153
2196 2 2 1 3 1109 2101 2100
2197 2 2 1 3 967 2019 1591
2198 2 2 1 3 922 923 921
2199 2 2 1 3 1570 1917 1569
2200 2 2 1 3 934 1984 1590
2201 2 2 1 3 189 869 190
2202 2 2 1 3 1468 1935 1415
2203 2 2 1 3 1474 2125 1545
2204 2 2 1 3 841 2116 2092
2205 2 2 1 3 843 1939 192
2206 2 2 1 3 1689 2017 2016
2207 2 2 1 3 1102 2058 1132
2208 2 2 1 3 2048 2343 2085
2209 2 2 1 3 952 1965 928
2210 2 2 1 3 153 897 154
2211 2 2 1 3 2144 2306 1765
2212 2 2 1 3 198 1972 870
2213 2 2 1 3 1500 2148 2120
2214 2 2 1 3 1850 1873 1849
2215 2 2 1 3 2115 2117 2116
2216 2 2 1 3 2395 2458 1517
2217 2 2 1 3 2122 2124 1544
2218 2 2 1 3 1121 1977 943
2219 2 2 1 3 1229 1299 1227
2220 2 2 1 3 1693 1971 1970
2221 2 2 1 3 2077 2169 1618
2222 2 2 1 3 1606 1741 1570
2223 2 2 1 3 906 985 904
2224 2 2 1 3 1520 2470 2408
2225 2 2 1 3 1549 1574 1573
2226 2 2 1 3 871 1963 1962
2227 2 2 1 3 1597 2322 1412
2228 2 2 1 3 2068 2144 1430
2229 2 2 1 3 1236 2037 2035
2230 2 2 1 3 1376 1378 1377
2231 2 2 1 3 2208 2350 1621
2232 2 2 1 3 1226 2018 1224
2233 2 2 1 3 1941 2018 1310
2234 2 2 1 3 965 1934 959
2235 2 2 1 3 1548 1901 1824
2236 2 2 1 3 1551 2016 1803
2237 2 2 1 3 932 953 952
2238 2 2 1 3 1212 1989 1167
2239 2 2 1 3 1921 1922 1051
2240 2 2 1 3 1913 2373 2362
2241 2 2 1 3 1604 2155 2051
2242 2 2 1 3 1398 1968 1376
2243 2 2 1 3 191 843 192
2244 2 2 1 3 2299 2303 1971
2245 2 2 1 3 2111 2146 1765
2246 2 2 1 3 1049 1051 1039
2247 2 2 1 3 1186 1974 1237
2248 2 2 1 3 1737 1751 1493
2249 2 2 1 3 1354 1991 1125
2250 2 2 1 3 2074 2198 2186
2251 2 2 1 3 932 952 928
2252 2 2 1 3 2052 2195 1952
2253 2 2 1 3 965 1954 1934
2254 2 2 1 3 1202 1992 1192
2255 2 2 1 3 1574 1759 1581
2256 2 2 1 3 1485 1556 1484
2257 2 2 1 3 2116 2117 2093
2258 2 2 1 3 1109 2100 2099
2259 2 2 1 3 1848 1916 1751
2260 2 2 1 3 1353 1976 1311
2261 2 2 1 3 953 956 955
2262 2 2 1 3 1809 1825 1810
2263 2 2 1 3 1017 1019 1015
2264 2 2 1 3 1015 1945 1013
2265 2 2 1 3 1904 2014 1580
2266 2 2 1 3 892 1986 263
2267 2 2 1 3 1759 1809 1760
2268 2 2 1 3 959 1934 1079
2269 2 2 1 3 2125 2126 1545
2270 2 2 1 3 1013 1418 1011
2271 2 2 1 3 1999 2000 844
2272 2 2 1 3 1371 1646 1373
2273 2 2 1 3 1375 1399 1398
2274 2 2 1 3 1646 1960 1373
2275 2 2 1 3 854 1990 311
2276 2 2 1 3 1950 2308 1948
2277 2 2 1 3 2124 2125 1544
2278 2 2 1 3 1556 1850 1849
2279 2 2 1 3 2186 2198 1107
2280 2 2 1 3 918 2042 920
2281 2 2 1 3 1109 2106 2101
2282 2 2 1 3 1378 1380 1379
2283 2 2 1 3 2119 2257 2120
2284 2 2 1 3 193 868 194
2285 2 2 1 3 1569 1917 1815
2286 2 2 1 3 923 1194 921
2287 2 2 1 3 1118 2280 1236
2288 2 2 1 3 188 1924 189
2289 2 2 1 3 988 2039 1031
2290 2 2 1 3 1317 2262 1604
2291 2 2 1 3 1006 1025 983
2292 2 2 1 3 2155 2256 2051
2293 2 2 1 3 1478 1558 1557
2294 2 2 1 3 1356 2182 2181
2295 2 2 1 3 1406 1415 1414
2296 2 2 1 3 1544 2125 1474
2297 2 2 1 3 1096 2005 1124
2298 2 2 1 3 1387 1390 1389
2299 2 2 1 3 1469 1570 1569
2300 2 2 1 3 939 1984 936
2301 2 2 1 3 1542 1689 1464
2302 2 2 1 3 1737 1752 1751
2303 2 2 1 3 1582 1998 1190
2304 2 2 1 3 1994 2165 1507
2305 2 2 1 3 1236 2280 2015
2306 2 2 1 3 946 2007 1121
2307 2 2 1 3 1463 1484 1353
2308 2 2 1 3 1618 2139 2077
2309 2 2 1 3 918 920 919
2310 2 2 1 3 920 922 921
2311 2 2 1 3 1463 1485 1484
2312 2 2 1 3 1125 1991 1123
2313 2 2 1 3 1544 2140 2122
2314 2 2 1 3 868 1985 194
2315 2 2 1 3 959 1079 955
2316 2 2 1 3 2101 2106 2104
2317 2 2 1 3 956 960 959
2318 2 2 1 3 871 1962 313
2319 2 2 1 3 1095 2005 1096
2320 2 2 1 3 1380 1382 1381
2321 2 2 1 3 314 871 313
2322 2 2 1 3 918 919 916
2323 2 2 1 3 1974 1975 1651
2324 2 2 1 3 2074 2185 1241
2325 2 2 1 3 1356 2295 2255
2326 2 2 1 3 1236 2035 1077
2327 2 2 1 3 996 2099 998
2328 2 2 1 3 1028 2039 988
2329 2 2 1 3 1399 1406 1405
2330 2 2 1 3 2016 2017 1803
2331 2 2 1 3 960 966 965
2332 2 2 1 3 2031 2211 2082
2333 2 2 1 3 2112 2146 2111
2334 2 2 1 3 966 984 983
2335 2 2 1 3 1167 1989 1130
2336 2 2 1 3 1311 1976 1368
2337 2 2 1 3 1556 1849 1586
2338 2 2 1 3 2120 2257 1500
2339 2 2 1 3 951 2021 1422
2340 2 2 1 3 264 2006 892
2341 2 2 1 3 1311 1368 1310
2342 2 2 1 3 1443 2239 2056
2343 2 2 1 3 308 1999 844
2344 2 2 1 3 1977 1978 1234
2345 2 2 1 3 2082 2211 2081
2346 2 2 1 3 1438 1651 1519
2347 2 2 1 3 834 1972 197
2348 2 2 1 3 196 834 197
2349 2 2 1 3 1128 2112 1156
2350 2 2 1 3 1314 2061 2060
2351 2 2 1 3 1648 1649 1597
2352 2 2 1 3 2036 2209 2039
2353 2 2 1 3 956 2221 1173
2354 2 2 1 3 2055 2201 2185
2355 2 2 1 3 1206 2004 1287
2356 2 2 1 3 1023 1997 1019
2357 2 2 1 3 1421 2042 1919
2358 2 2 1 3 2075 2139 1315
2359 2 2 1 3 984 1007 1006
2360 2 2 1 3 1017 1020 1019
2361 2 2 1 3 1222 1224 1223
2362 2 2 1 3 1091 2181 1111
2363 2 2 1 3 1920 2381 2367
2364 2 2 1 3 1980 1982 1981
2365 2 2 1 3 1288 2272 1171
2366 2 2 1 3 2153 2345 2315
2367 2 2 1 3 1007 1961 1026
2368 2 2 1 3 1094 1921 1067
2369 2 2 1 3 2335 2358 1018
2370 2 2 1 3 1464 2016 1358
2371 2 2 1 3 2077 2139 2075
2372 2 2 1 3 1237 1974 1438
2373 2 2 1 3 1433 2098 2096
2374 2 2 1 3 1156 2112 1197
2375 2 2 1 3 1704 1797 1796
2376 2 2 1 3 1787 1788 1649
2377 2 2 1 3 1305 2156 1306
2378 2 2 1 3 1224 1312 1223
2379 2 2 1 3 2092 2152 841
2380 2 2 1 3 1241 2198 2074
2381 2 2 1 3 152 1925 867
2382 2 2 1 3 1590 2013 931
2383 2 2 1 3 1919 2042 1998
2384 2 2 1 3 1315 2078 2072
2385 2 2 1 3 1695 2505 2503
2386 2 2 1 3 1109 2099 996
2387 2 2 1 3 1438 1974 1651
2388 2 2 1 3 1305 2084 2052
2389 2 2 1 3 1222 1223 1213
2390 2 2 1 3 1689 2016 1464
2391 2 2 1 3 1913 1918 1912
2392 2 2 1 3 2072 2075 1315
2393 2 2 1 3 1651 1676 1519
2394 2 2 1 3 1654 1913 1912
2395 2 2 1 3 1424 1469 1468
2396 2 2 1 3 1738 1740 1739
2397 2 2 1 3 1628 2038 2037
2398 2 2 1 3 192 1939 193
2399 2 2 1 3 1358 1551 1357
2400 2 2 1 3 1551 1738 1588
2401 2 2 1 3 1978 1980 1979
2402 2 2 1 3 315 1929 314
2403 2 2 1 3 958 2021 951
2404 2 2 1 3 920 2042 1421
2405 2 2 1 3 1312 1589 1367
2406 2 2 1 3 2185 2201 1241
2407 2 2 1 3 1020 1024 1023
2408 2 2 1 3 1055 2143 1057
2409 2 2 1 3 2056 2239 1616
2410 2 2 1 3 1583 1584 1582
2411 2 2 1 3 262 1986 896
2412 2 2 1 3 1287 2004 1362
2413 2 2 1 3 912 1120 910
2414 2 2 1 3 1356 2181 1091
2415 2 2 1 3 941 1977 1234
2416 2 2 1 3 1735 1935 1468
2417 2 2 1 3 2059 2272 1288
2418 2 2 1 3 1298 1310 1226
2419 2 2 1 3 1228 1357 1202
2420 2 2 1 3 2148 2303 1594
2421 2 2 1 3 1654 1912 1584
2422 2 2 1 3 1208 1213 1212
2423 2 2 1 3 1025 2449 1955
2424 2 2 1 3 1131 2025 1319
2425 2 2 1 3 1362 2004 1607
2426 2 2 1 3 1298 1311 1310
2427 2 2 1 3 262 896 261
2428 2 2 1 3 1607 1778 1777
2429 2 2 1 3 1048 2060 1033
2430 2 2 1 3 1033 2060 1593
2431 2 2 1 3 2096 2097 1433
2432 2 2 1 3 1212 2321 1989
2433 2 2 1 3 987 2019 967
2434 2 2 1 3 1751 1928 1493
2435 2 2 1 3 1096 1123 1122
2436 2 2 1 3 1123 1991 1126
2437 2 2 1 3 1612 2020 1766
2438 2 2 1 3 2026 2032 1507
2439 2 2 1 3 1064 1065 1063
2440 2 2 1 3 1073 1074 1065
2441 2 2 1 3 1348 2140 1460
2442 2 2 1 3 941 1234 939
2443 2 2 1 3 1683 2046 1529
2444 2 2 1 3 835 2040 303
2445 2 2 1 3 1585 1654 1584
2446 2 2 1 3 1526 2041 1683
2447 2 2 1 3 1066 1092 1067
2448 2 2 1 3 2255 2295 1633
2449 2 2 1 3 1077 2035 1052
2450 2 2 1 3 1225 1226 1224
2451 2 2 1 3 1507 2165 1325
2452 2 2 1 3 1024 1039 1038
2453 2 2 1 3 1062 1063 1061
2454 2 2 1 3 1551 1588 1357
2455 2 2 1 3 946 1121 943
2456 2 2 1 3 1806 2313 1629
2457 2 2 1 3 2085 2343 1008
2458 2 2 1 3 310 1990 872
2459 2 2 1 3 1095 1096 1074
2460 2 2 1 3 1124 1125 1123
2461 2 2 1 3 1943 2277 2005
2462 2 2 1 3 1380 2342 1382
2463 2 2 1 3 1738 1739 1588
2464 2 2 1 3 1130 1989 1354
2465 2 2 1 3 1049 1066 1051
2466 2 2 1 3 1362 1607 1515
2467 2 2 1 3 1793 1795 1684
2468 2 2 1 3 1556 1586 1484
2469 2 2 1 3 2008 2009 1944
2470 2 2 1 3 954 2007 946
2471 2 2 1 3 1537 1597 1412
2472 2 2 1 3 953 2221 956
2473 2 2 1 3 1221 1222 1213
2474 2 2 1 3 2101 2102 2100
2475 2 2 1 3 1740 1910 1909
2476 2 2 1 3 1998 2042 927
2477 2 2 1 3 1604 2262 2155
2478 2 2 1 3 1130 1354 1125
2479 2 2 1 3 2004 2252 1607
2480 2 2 1 3 1208 1212 1167
2481 2 2 1 3 1382 1384 1383
2482 2 2 1 3 2025 2226 2020
2483 2 2 1 3 943 1977 941
2484 2 2 1 3 1275 1582 1190
2485 2 2 1 3 1740 1909 1739
2486 2 2 1 3 1166 1167 1130
2487 2 2 1 3 1319 2025 1511
2488 2 2 1 3 1511 2025 2020
2489 2 2 1 3 1129 1130 1125
2490 2 2 1 3 1585 2113 1654
2491 2 2 1 3 1352 1353 1311
2492 2 2 1 3 2034 2039 1028
2493 2 2 1 3 924 925 923
2494 2 2 1 3 312 854 311
2495 2 2 1 3 2108 2196 2055
2496 2 2 1 3 1207 1208 1167
2497 2 2 1 3 932 2013 1420
2498 2 2 1 3 1766 1770 1670
2499 2 2 1 3 872 1999 309
2500 2 2 1 3 1926 2317 1925
2501 2 2 1 3 1228 1358 1357
2502 2 2 1 3 1978 1979 1234
2503 2 2 1 3 1030 2034 1028
2504 2 2 1 3 998 2099 1433
2505 2 2 1 3 1128 2146 2112
2506 2 2 1 3 1224 2018 1312
2507 2 2 1 3 1758 2022 1617
2508 2 2 1 3 1740 1911 1910
2509 2 2 1 3 2070 2078 1601
2510 2 2 1 3 2126 2127 1545
2511 2 2 1 3 1242 2143 1055
2512 2 2 1 3 2062 2225 1593
2513 2 2 1 3 1971 2303 1279
2514 2 2 1 3 1324 2026 1507
2515 2 2 1 3 1460 2140 1544
2516 2 2 1 3 1052 2034 1030
2517 2 2 1 3 2035 2036 2034
2518 2 2 1 3 865 2006 265
2519 2 2 1 3 1766 1923 1770
2520 2 2 1 3 1123 1126 1122
2521 2 2 1 3 1275 1583 1582
2522 2 2 1 3 2056 2296 2057
2523 2 2 1 3 2072 2078 2070
2524 2 2 1 3 1052 2035 2034
2525 2 2 1 3 1096 1124 1123
2526 2 2 1 3 2052 2156 1305
2527 2 2 1 3 198 870 199
2528 2 2 1 3 269 2086 861
2529 2 2 1 3 1174 1176 1157
2530 2 2 1 3 875 2080 2079
2531 2 2 1 3 1435 2005 1095
2532 2 2 1 3 922 924 923
2533 2 2 1 3 310 872 309
2534 2 2 1 3 2060 2061 1593
2535 2 2 1 3 1724 1725 1675
2536 2 2 1 3 1551 1803 1738
2537 2 2 1 3 1058 2097 2094
2538 2 2 1 3 1031 1061 987
2539 2 2 1 3 1612 1766 1670
2540 2 2 1 3 2035 2037 2036
2541 2 2 1 3 1062 1064 1063
2542 2 2 1 3 1031 1062 1061
2543 2 2 1 3 1064 1073 1065
2544 2 2 1 3 1531 2046 1791
2545 2 2 1 3 2061 2062 1593
2546 2 2 1 3 1529 2046 1531
2547 2 2 1 3 1063 1995 1235
2548 2 2 1 3 1190 1998 1085
2549 2 2 1 3 1274 1592 1450
2550 2 2 1 3 264 892 263
2551 2 2 1 3 1980 1981 1979
2552 2 2 1 3 1210 1292 1211
2553 2 2 1 3 2101 2103 2102
2554 2 2 1 3 967 1591 963
2555 2 2 1 3 1609 2020 1612
2556 2 2 1 3 2135 2136 855
2557 2 2 1 3 1162 2160 1250
2558 2 2 1 3 1549 1573 1416
2559 2 2 1 3 947 2138 954
2560 2 2 1 3 1174 1779 1176
2561 2 2 1 3 1096 1122 1074
2562 2 2 1 3 1312 1367 1366
2563 2 2 1 3 1368 1941 1310
2564 2 2 1 3 1612 1670 1655
2565 2 2 1 3 1849 1851 1586
2566 2 2 1 3 1292 1293 1211
2567 2 2 1 3 1104 1314 1083
2568 2 2 1 3 1942 1943 1435
2569 2 2 1 3 1350 2178 1498
2570 2 2 1 3 1511 2020 1609
2571 2 2 1 3 934 1590 931
2572 2 2 1 3 1219 2084 1201
2573 2 2 1 3 1462 1463 1353
2574 2 2 1 3 1583 1585 1584
2575 2 2 1 3 1539 1684 1483
2576 2 2 1 3 313 1962 312
2577 2 2 1 3 1607 1777 1515
2578 2 2 1 3 1292 1347 1293
2579 2 2 1 3 1118 1236 1077
2580 2 2 1 3 1065 1995 1063
2581 2 2 1 3 1457 1678 1458
2582 2 2 1 3 1673 1675 1674
2583 2 2 1 3 1667 2275 1259
2584 2 2 1 3 1376 1377 1374
2585 2 2 1 3 877 2088 2087
2586 2 2 1 3 1192 1288 1171
2587 2 2 1 3 1680 1764 1678
2588 2 2 1 3 1045 2204 2191
2589 2 2 1 3 1604 2051 2047
2590 2 2 1 3 1617 2300 1355
2591 2 2 1 3 2191 2204 2161
2592 2 2 1 3 1357 1992 1202
2593 2 2 1 3 1083 2060 1048
2594 2 2 1 3 1220 2110 1499
2595 2 2 1 3 1370 1572 1142
2596 2 2 1 3 1312 2018 1589
2597 2 2 1 3 2053 2070 1601
2598 2 2 1 3 1210 1211 1163
2599 2 2 1 3 867 899 898
2600 2 2 1 3 1943 2005 1435
2601 2 2 1 3 1347 1348 1293
2602 2 2 1 3 308 844 307
2603 2 2 1 3 870 2043 199
2604 2 2 1 3 1073 1095 1074
2605 2 2 1 3 1804 2199 2127
2606 2 2 1 3 1685 1784 1656
2607 2 2 1 3 1057 2143 1086
2608 2 2 1 3 1492 1493 1485
2609 2 2 1 3 2094 2097 2096
2610 2 2 1 3 1053 1077 1052
2611 2 2 1 3 1974 2058 1975
2612 2 2 1 3 2127 2199 1545
2613 2 2 1 3 1527 1656 1525
2614 2 2 1 3 1367 2188 1559
2615 2 2 1 3 1063 1235 1061
2616 2 2 1 3 1356 2255 2182
2617 2 2 1 3 266 865 265
2618 2 2 1 3 1041 2134 1042
2619 2 2 1 3 932 1420 953
2620 2 2 1 3 197 1972 198
2621 2 2 1 3 2196 2201 2055
2622 2 2 1 3 1673 1674 1578
2623 2 2 1 3 875 2079 276
2624 2 2 1 3 1078 1118 1077
2625 2 2 1 3 955 1964 952
2626 2 2 1 3 1457 1680 1678
2627 2 2 1 3 1497 1576 1575
2628 2 2 1 3 2081 2211 1231
2629 2 2 1 3 927 2042 918
2630 2 2 1 3 1533 2063 1688
2631 2 2 1 3 1559 2188 1853
2632 2 2 1 3 1332 1525 1333
2633 2 2 1 3 1169 1187 1178
2634 2 2 1 3 1119 1163 1118
2635 2 2 1 3 194 1985 195
2636 2 2 1 3 1085 1998 927
2637 2 2 1 3 1200 2110 1220
2638 2 2 1 3 1347 2140 1348
2639 2 2 1 3 963 2021 958
2640 2 2 1 3 841 2152 282
2641 2 2 1 3 1609 1612 1611
2642 2 2 1 3 1164 1210 1163
2643 2 2 1 3 1135 2081 1231
2644 2 2 1 3 1949 1951 1947
2645 2 2 1 3 1457 2165 1680
2646 2 2 1 3 311 1990 310
2647 2 2 1 3 302 2040 874
2648 2 2 1 3 1324 1507 1325
2649 2 2 1 3 2122 2140 1595
2650 2 2 1 3 1044 1052 1030
2651 2 2 1 3 306 873 305
2652 2 2 1 3 1766 2226 1923
2653 2 2 1 3 1317 1604 1442
2654 2 2 1 3 272 2135 855
2655 2 2 1 3 1219 2195 2084
2656 2 2 1 3 1297 1298 1226
2657 2 2 1 3 1332 1527 1525
2658 2 2 1 3 1640 2153 1444
2659 2 2 1 3 1577 1578 1576
2660 2 2 1 3 1092 1115 1093
2661 2 2 1 3 1138 1169 1139
2662 2 2 1 3 1629 2217 1419
2663 2 2 1 3 2104 2105 2103
2664 2 2 1 3 845 2083 278
2665 2 2 1 3 1222 1225 1224
2666 2 2 1 3 1601 2134 2053
2667 2 2 1 3 863 2467 2431
2668 2 2 1 3 1680 2165 1994
2669 2 2 1 3 992 2202 2106
2670 2 2 1 3 2114 2116 841
2671 2 2 1 3 263 1986 262
2672 2 2 1 3 1363 1595 1347
2673 2 2 1 3 2089 2090 2088
2674 2 2 1 3 1148 2154 1316
2675 2 2 1 3 1086 2119 2118
2676 2 2 1 3 2121 2123 2122
2677 2 2 1 3 1335 1457 1456
2678 2 2 1 3 1531 1791 1790
2679 2 2 1 3 1591 2021 963
2680 2 2 1 3 1460 1461 1350
2681 2 2 1 3 1238 2118 1602
2682 2 2 1 3 2029 2033 2032
2683 2 2 1 3 1527 1685 1656
2684 2 2 1 3 877 2152 2089
2685 2 2 1 3 1475 1497 1496
2686 2 2 1 3 2094 2095 1143
2687 2 2 1 3 2047 2048 1514
2688 2 2 1 3 1201 2084 1215
2689 2 2 1 3 877 2087 280
2690 2 2 1 3 2131 2133 836
2691 2 2 1 3 304 835 303
2692 2 2 1 3 1460 1474 1461
2693 2 2 1 3 2110 2111 1499
2694 2 2 1 3 1747 1897 1724
2695 2 2 1 3 1576 1579 1575
2696 2 2 1 3 1215 2084 1305
2697 2 2 1 3 1208 1221 1213
2698 2 2 1 3 1723 1724 1675
2699 2 2 1 3 1124 1129 1125
2700 2 2 1 3 1443 2056 1640
2701 2 2 1 3 1065 2203 1995
2702 2 2 1 3 2121 2122 1595
2703 2 2 1 3 1220 1339 1219
2704 2 2 1 3 265 2006 264
2705 2 2 1 3 2089 2152 2092
2706 2 2 1 3 1153 2173 1217
2707 2 2 1 3 1757 1758 1617
2708 2 2 1 3 2126 2128 2127
2709 2 2 1 3 1348 1460 1350
2710 2 2 1 3 1002 2097 1058
2711 2 2 1 3 1122 2203 1074
2712 2 2 1 3 1314 2060 1083
2713 2 2 1 3 2056 2057 1640
2714 2 2 1 3 1596 2121 1595
2715 2 2 1 3 1526 1683 1529
2716 2 2 1 3 1743 1808 1596
2717 2 2 1 3 1525 2041 1526
2718 2 2 1 3 302 874 301
2719 2 2 1 3 1808 2121 1596
2720 2 2 1 3 1474 1475 1461
2721 2 2 1 3 1086 2143 2119
2722 2 2 1 3 1306 1332 1309
2723 2 2 1 3 1672 1673 1578
2724 2 2 1 3 1678 1679 1458
2725 2 2 1 3 1200 1220 1219
2726 2 2 1 3 1679 1888 1701
2727 2 2 1 3 269 861 268
2728 2 2 1 3 1680 1889 1764
2729 2 2 1 3 949 2138 947
2730 2 2 1 3 1433 2099 2098
2731 2 2 1 3 876 2115 2114
2732 2 2 1 3 1490 1617 1355
2733 2 2 1 3 1604 2047 1442
2734 2 2 1 3 1348 1350 1349
2735 2 2 1 3 1111 2181 1274
2736 2 2 1 3 1306 2156 1332
2737 2 2 1 3 1494 2026 1324
2738 2 2 1 3 1005 2108 1022
2739 2 2 1 3 877 2089 2088
2740 2 2 1 3 309 1999 308
2741 2 2 1 3 1129 1166 1130
2742 2 2 1 3 878 2132 2131
2743 2 2 1 3 1442 2047 1514
2744 2 2 1 3 1071 2094 1143
2745 2 2 1 3 1247 2078 1315
2746 2 2 1 3 283 2114 841
2747 2 2 1 3 1872 2235 1707
2748 2 2 1 3 1503 2108 2055
2749 2 2 1 3 1709 1872 1707
2750 2 2 1 3 1119 1164 1163
2751 2 2 1 3 1042 2134 1054
2752 2 2 1 3 1688 1938 1937
2753 2 2 1 3 2029 2032 2026
2754 2 2 1 3 1535 2063 1533
2755 2 2 1 3 1097 1435 1095
2756 2 2 1 3 1340 1533 1339
2757 2 2 1 3 1113 2118 1238
2758 2 2 1 3 951 1422 949
2759 2 2 1 3 1422 2138 949
2760 2 2 1 3 1497 1575 1496
2761 2 2 1 3 1295 2239 1443
2762 2 2 1 3 1197 2112 2110
2763 2 2 1 3 1166 1207 1167
2764 2 2 1 3 1220 1340 1339
2765 2 2 1 3 2132 2133 2131
2766 2 2 1 3 964 967 963
2767 2 2 1 3 2123 2124 2122
2768 2 2 1 3 1078 1119 1118
2769 2 2 1 3 926 928 925
2770 2 2 1 3 2027 2029 2026
2771 2 2 1 3 1533 1688 1534
2772 2 2 1 3 968 987 967
2773 2 2 1 3 2101 2104 2103
2774 2 2 1 3 1316 2141 1146
2775 2 2 1 3 988 1031 987
2776 2 2 1 3 2062 2251 2225
2777 2 2 1 3 1245 2078 1247
2778 2 2 1 3 1878 1879 1758
2779 2 2 1 3 2053 2134 1041
2780 2 2 1 3 299 830 298
2781 2 2 1 3 2089 2091 2090
2782 2 2 1 3 1559 1853 1755
2783 2 2 1 3 2118 2119 1602
2784 2 2 1 3 270 2086 269
2785 2 2 1 3 1105 1157 1104
2786 2 2 1 3 1084 1104 1083
2787 2 2 1 3 2115 2116 2114
2788 2 2 1 3 1714 2287 1700
2789 2 2 1 3 1158 1174 1157
2790 2 2 1 3 1200 1219 1201
2791 2 2 1 3 2181 2182 1592
2792 2 2 1 3 1282 1324 1283
2793 2 2 1 3 1671 2113 1585
2794 2 2 1 3 1497 1577 1576
2795 2 2 1 3 2099 2100 2098
2796 2 2 1 3 1324 1325 1283
2797 2 2 1 3 899 900 898
2798 2 2 1 3 929 2013 932
2799 2 2 1 3 1340 1535 1533
2800 2 2 1 3 1053 1078 1077
2801 2 2 1 3 2120 2147 1602
2802 2 2 1 3 1457 1458 1456
2803 2 2 1 3 1612 1655 1611
2804 2 2 1 3 288 2131 836
2805 2 2 1 3 1384 1386 1385
2806 2 2 1 3 1363 1596 1595
2807 2 2 1 3 1583 2213 1600
2808 2 2 1 3 1292 1363 1347
2809 2 2 1 3 1525 1526 1333
2810 2 2 1 3 962 963 958
2811 2 2 1 3 1438 1519 1439
2812 2 2 1 3 1535 2064 2063
2813 2 2 1 3 1282 1494 1324
2814 2 2 1 3 1215 1305 1304
2815 2 2 1 3 275 2079 850
2816 2 2 1 3 1580 1942 1435
2817 2 2 1 3 1278 2139 1618
2818 2 2 1 3 1022 2108 1036
2819 2 2 1 3 1136 2177 1100
2820 2 2 1 3 994 2106 1109
2821 2 2 1 3 1656 2041 1525
2822 2 2 1 3 1146 2141 1144
2823 2 2 1 3 1686 1687 1685
2824 2 2 1 3 942 943 941
2825 2 2 1 3 1089 1251 1108
2826 2 2 1 3 944 946 943
2827 2 2 1 3 1275 2213 1583
2828 2 2 1 3 947 954 946
2829 2 2 1 3 940 941 939
2830 2 2 1 3 2119 2120 1602
2831 2 2 1 3 1791 1792 1790
2832 2 2 1 3 1197 2110 1200
2833 2 2 1 3 303 2040 302
2834 2 2 1 3 1342 1536 1341
2835 2 2 1 3 929 932 928
2836 2 2 1 3 1291 2245 1647
2837 2 2 1 3 2036 2039 2034
2838 2 2 1 3 277 2083 875
2839 2 2 1 3 1071 1143 1080
2840 2 2 1 3 1474 1545 1475
2841 2 2 1 3 273 2135 272
2842 2 2 1 3 1238 1239 1151
2843 2 2 1 3 1108 2081 1135
2844 2 2 1 3 1058 2094 1071
2845 2 2 1 3 2048 2085 2050
2846 2 2 1 3 1113 1238 1151
2847 2 2 1 3 1431 2203 1122
2848 2 2 1 3 2120 2148 2147
2849 2 2 1 3 1261 1667 1259
2850 2 2 1 3 272 855 271
2851 2 2 1 3 1427 1428 1284
2852 2 2 1 3 275 850 274
2853 2 2 1 3 1918 2362 924
2854 2 2 1 3 1503 2054 2053
2855 2 2 1 3 1249 2139 1278
2856 2 2 1 3 1036 2108 1503
2857 2 2 1 3 1729 1771 1730
2858 2 2 1 3 1332 1333 1309
2859 2 2 1 3 1240 1427 1284
2860 2 2 1 3 1427 1429 1428
2861 2 2 1 3 2143 2257 2119
2862 2 2 1 3 279 2087 845
2863 2 2 1 3 1601 2078 1245
2864 2 2 1 3 2158 2159 857
2865 2 2 1 3 1475 1496 1461
2866 2 2 1 3 1443 1640 1444
2867 2 2 1 3 1044 1053 1052
2868 2 2 1 3 1348 1349 1293
2869 2 2 1 3 1503 2055 2054
2870 2 2 1 3 1429 1521 1428
2871 2 2 1 3 1231 1232 1181
2872 2 2 1 3 1251 2082 2081
2873 2 2 1 3 968 988 987
2874 2 2 1 3 296 856 295
2875 2 2 1 3 2213 2268 1600
2876 2 2 1 3 1494 2027 2026
2877 2 2 1 3 1533 1534 1339
2878 2 2 1 3 277 875 276
2879 2 2 1 3 1243 1245 1244
2880 2 2 1 3 2054 2071 2070
2881 2 2 1 3 1135 1231 1181
2882 2 2 1 3 1238 1240 1239
2883 2 2 1 3 1240 1284 1239
2884 2 2 1 3 1444 2153 1489
2885 2 2 1 3 1089 1108 1106
2886 2 2 1 3 1197 1200 1198
2887 2 2 1 3 1251 2081 1108
2888 2 2 1 3 1665 2261 1662
2889 2 2 1 3 1405 2333 1398
2890 2 2 1 3 2065 2066 2064
2891 2 2 1 3 1688 1937 1534
2892 2 2 1 3 1350 1498 1349
2893 2 2 1 3 1113 1151 1114
2894 2 2 1 3 1036 1503 1041
2895 2 2 1 3 1595 2140 1347
2896 2 2 1 3 1499 2200 1340
2897 2 2 1 3 1429 1522 1521
2898 2 2 1 3 832 2151 292
2899 2 2 1 3 1497 2199 1577
2900 2 2 1 3 2071 2073 2072
2901 2 2 1 3 1245 1247 1246
2902 2 2 1 3 279 845 278
2903 2 2 1 3 876 2114 284
2904 2 2 1 3 998 1433 1000
2905 2 2 1 3 1021 2175 1004
2906 2 2 1 3 1080 1089 1088
2907 2 2 1 3 2067 2069 2066
2908 2 2 1 3 1054 1243 1242
2909 2 2 1 3 2058 2339 1975
2910 2 2 1 3 1522 1691 1521
2911 2 2 1 3 964 968 967
2912 2 2 1 3 1247 1249 1248
2913 2 2 1 3 1058 1071 1059
2914 2 2 1 3 2071 2074 2073
2915 2 2 1 3 1204 2160 1162
2916 2 2 1 3 1234 1984 939
2917 2 2 1 3 1071 1080 1072
2918 2 2 1 3 281 877 280
2919 2 2 1 3 1315 2139 1249
2920 2 2 1 3 1070 1083 1048
2921 2 2 1 3 1231 2172 1232
2922 2 2 1 3 1087 2118 1113
2923 2 2 1 3 1250 2109 1160
2924 2 2 1 3 1282 2172 1494
2925 2 2 1 3 1503 2053 1041
2926 2 2 1 3 1446 2271 1643
2927 2 2 1 3 1156 1197 1196
2928 2 2 1 3 1295 1443 1365
2929 2 2 1 3 2055 2185 2054
2930 2 2 1 3 1150 2154 1148
2931 2 2 1 3 1494 2172 2028
2932 2 2 1 3 1232 1282 1281
2933 2 2 1 3 2147 2148 1594
2934 2 2 1 3 1184 1252 1103
2935 2 2 1 3 2054 2070 2053
2936 2 2 1 3 960 2206 966
2937 2 2 1 3 1489 1729 1727
2938 2 2 1 3 1243 1244 1242
2939 2 2 1 3 1249 1278 1277
2940 2 2 1 3 1033 1593 991
2941 2 2 1 3 1243 1601 1245
2942 2 2 1 3 283 841 282
2943 2 2 1 3 878 2131 289
2944 2 2 1 3 992 2106 994
2945 2 2 1 3 1588 1992 1357
2946 2 2 1 3 149 829 150
2947 2 2 1 3 1247 1315 1249
2948 2 2 1 3 1245 1246 1244
2949 2 2 1 3 1673 1723 1675
2950 2 2 1 3 1522 1692 1691
2951 2 2 1 3 1210 2272 2269
2952 2 2 1 3 285 876 284
2953 2 2 1 3 1264 2177 1136
2954 2 2 1 3 1162 1250 1160
2955 2 2 1 3 1278 1432 1331
2956 2 2 1 3 2073 2076 2075
2957 2 2 1 3 1593 2225 991
2958 2 2 1 3 1489 2153 1729
2959 2 2 1 3 1086 2118 1087
2960 2 2 1 3 1432 2145 1454
2961 2 2 1 3 2094 2096 2095
2962 2 2 1 3 1305 1306 1304
2963 2 2 1 3 1087 1113 1099
2964 2 2 1 3 2071 2072 2070
2965 2 2 1 3 1002 1058 1009
2966 2 2 1 3 1115 1138 1117
2967 2 2 1 3 276 2079 275
2968 2 2 1 3 1247 1248 1246
2969 2 2 1 3 1312 1366 1223
2970 2 2 1 3 1325 2165 1335
2971 2 2 1 3 1460 1544 1474
2972 2 2 1 3 1328 1516 1327
2973 2 2 1 3 1220 1499 1340
2974 2 2 1 3 1552 1629 1419
2975 2 2 1 3 1577 2199 1804
2976 2 2 1 3 288 836 287
2977 2 2 1 3 1249 1277 1248
2978 2 2 1 3 1269 1769 1264
2979 2 2 1 3 994 1109 996
2980 2 2 1 3 1506 2161 1267
2981 2 2 1 3 1428 2150 1430
2982 2 2 1 3 938 939 936
2983 2 2 1 3 931 2013 929
2984 2 2 1 3 1267 2161 1254
2985 2 2 1 3 1713 1714 1700
2986 2 2 1 3 2074 2186 2073
2987 2 2 1 3 290 878 289
2988 2 2 1 3 292 2151 291
2989 2 2 1 3 278 2083 277
2990 2 2 1 3 1148 1316 1146
2991 2 2 1 3 1291 1647 1449
2992 2 2 1 3 1237 1438 1437
2993 2 2 1 3 1278 1331 1277
2994 2 2 1 3 1427 2147 1594
2995 2 2 1 3 2071 2185 2074
2996 2 2 1 3 1144 2175 1021
2997 2 2 1 3 2092 2093 2091
2998 2 2 1 3 1577 1672 1578
2999 2 2 1 3 1513 2149 1657
3000 2 2 1 3 1302 1341 1204
3001 2 2 1 3 944 947 946
3002 2 2 1 3 199 2043 200
3003 2 2 1 3 2073 2075 2072
3004 2 2 1 3 1217 2154 1150
3005 2 2 1 3 1200 1201 1198
3006 2 2 1 3 1238 1602 1240
3007 2 2 1 3 293 832 292
3008 2 2 1 3 2039 2209 1031
3009 2 2 1 3 280 2087 279
3010 2 2 1 3 1618 2145 1432
3011 2 2 1 3 1602 2147 1240
3012 2 2 1 3 1057 1086 1076
3013 2 2 1 3 1278 1618 1432
3014 2 2 1 3 1691 1702 1521
3015 2 2 1 3 1693 1694 1692
3016 2 2 1 3 942 944 943
3017 2 2 1 3 2141 2175 1144
3018 2 2 1 3 284 2114 283
3019 2 2 1 3 1445 2366 2352
3020 2 2 1 3 1506 2162 2161
3021 2 2 1 3 1427 1594 1429
3022 2 2 1 3 1433 2097 1000
3023 2 2 1 3 973 2241 1253
3024 2 2 1 3 1325 1335 1334
3025 2 2 1 3 1108 1135 1134
3026 2 2 1 3 1317 1442 1326
3027 2 2 1 3 2172 2211 2028
3028 2 2 1 3 1432 1454 1453
3029 2 2 1 3 1341 2160 1204
3030 2 2 1 3 962 964 963
3031 2 2 1 3 1442 1514 1513
3032 2 2 1 3 1062 1425 1064
3033 2 2 1 3 1101 2262 1317
3034 2 2 1 3 289 2131 288
3035 2 2 1 3 1821 2130 1672
3036 2 2 1 3 2166 2168 1644
3037 2 2 1 3 1240 2147 1427
3038 2 2 1 3 1054 1242 1055
3039 2 2 1 3 2076 2077 2075
3040 2 2 1 3 1058 1059 1009
3041 2 2 1 3 1153 1217 1150
3042 2 2 1 3 2065 2067 2066
3043 2 2 1 3 1454 2167 2166
3044 2 2 1 3 146 2158 857
3045 2 2 1 3 1805 1806 1629
3046 2 2 1 3 1664 1665 1662
3047 2 2 1 3 1335 2165 1457
3048 2 2 1 3 1432 1453 1331
3049 2 2 1 3 940 942 941
3050 2 2 1 3 2020 2226 1766
3051 2 2 1 3 1183 2173 1153
3052 2 2 1 3 1036 1041 1037
3053 2 2 1 3 1574 1581 1573
3054 2 2 1 3 1446 1643 1448
3055 2 2 1 3 1428 1430 1284
3056 2 2 1 3 1657 2406 2357
3057 2 2 1 3 2048 2050 2049
3058 2 2 1 3 1450 1652 1532
3059 2 2 1 3 281 2152 877
3060 2 2 1 3 1535 2065 2064
3061 2 2 1 3 1089 1106 1088
3062 2 2 1 3 1191 1275 1190
3063 2 2 1 3 1113 1114 1099
3064 2 2 1 3 1071 1072 1059
3065 2 2 1 3 1522 1693 1692
3066 2 2 1 3 2028 2030 2027
3067 2 2 1 3 1239 1765 1151
3068 2 2 1 3 1527 1686 1685
3069 2 2 1 3 1206 2312 2004
3070 2 2 1 3 1080 1088 1072
3071 2 2 1 3 1114 2146 1128
3072 2 2 1 3 145 2158 146
3073 2 2 1 3 1282 1283 1281
3074 2 2 1 3 1454 2166 1453
3075 2 2 1 3 1131 2285 2025
3076 2 2 1 3 1000 2097 1002
3077 2 2 1 3 1054 2134 1243
3078 2 2 1 3 1723 1747 1724
3079 2 2 1 3 1101 1317 1137
3080 2 2 1 3 1274 1450 1338
3081 2 2 1 3 282 2152 281
3082 2 2 1 3 1061 2019 987
3083 2 2 1 3 2145 2208 1454
3084 2 2 1 3 1135 1181 1180
3085 2 2 1 3 1545 2199 1475
3086 2 2 1 3 1453 1644 1459
3087 2 2 1 3 1290 1327 1183
3088 2 2 1 3 1232 1281 1280
3089 2 2 1 3 1174 1780 1779
3090 2 2 1 3 1453 2166 1644
3091 2 2 1 3 1042 1054 1046
3092 2 2 1 3 2263 2280 1211
3093 2 2 1 3 1600 1671 1585
3094 2 2 1 3 1097 1580 1435
3095 2 2 1 3 1174 2109 1780
3096 2 2 1 3 146 857 147
3097 2 2 1 3 1686 2156 2052
3098 2 2 1 3 1753 1754 1752
3099 2 2 1 3 1022 1036 1035
3100 2 2 1 3 1630 2258 972
3101 2 2 1 3 1336 1337 1276
3102 2 2 1 3 1425 2232 1064
3103 2 2 1 3 1769 2177 1264
3104 2 2 1 3 1600 2268 1682
3105 2 2 1 3 1553 1800 1554
3106 2 2 1 3 1108 1134 1106
3107 2 2 1 3 1362 1515 1451
3108 2 2 1 3 1378 1379 1377
3109 2 2 1 3 1189 1190 1085
3110 2 2 1 3 1041 1042 1037
3111 2 2 1 3 1232 1280 1181
3112 2 2 1 3 1644 1969 1459
3113 2 2 1 3 1232 2172 1282
3114 2 2 1 3 1296 1508 1272
3115 2 2 1 3 1618 2169 2145
3116 2 2 1 3 1443 1444 1365
3117 2 2 1 3 1729 1730 1727
3118 2 2 1 3 1270 1506 1267
3119 2 2 1 3 1086 1087 1076
3120 2 2 1 3 2028 2211 2031
3121 2 2 1 3 1327 2173 1183
3122 2 2 1 3 1695 1785 1642
3123 2 2 1 3 2109 2228 1780
3124 2 2 1 3 145 2174 2158
3125 2 2 1 3 1453 1459 1331
3126 2 2 1 3 1277 1279 1248
3127 2 2 1 3 1002 1009 1003
3128 2 2 1 3 1246 1500 1244
3129 2 2 1 3 1005 2196 2108
3130 2 2 1 3 1197 1198 1196
3131 2 2 1 3 1243 2134 1601
3132 2 2 1 3 1298 1352 1311
3133 2 2 1 3 1588 2129 1992
3134 2 2 1 3 1158 2109 1174
3135 2 2 1 3 911 912 910
3136 2 2 1 3 1000 1002 1001
3137 2 2 1 3 1010 1011 1007
3138 2 2 1 3 1461 2178 1350
3139 2 2 1 3 1225 1297 1226
3140 2 2 1 3 2296 2301 2057
3141 2 2 1 3 1508 2164 1272
3142 2 2 1 3 1277 2176 1279
3143 2 2 1 3 1074 2203 1065
3144 2 2 1 3 1258 2170 1256
3145 2 2 1 3 1329 1524 1523
3146 2 2 1 3 909 910 908
3147 2 2 1 3 1274 2181 1592
3148 2 2 1 3 1524 1695 1642
3149 2 2 1 3 1325 1334 1283
3150 2 2 1 3 1084 1105 1104
3151 2 2 1 3 1335 1456 1455
3152 2 2 1 3 144 2174 145
3153 2 2 1 3 1054 1055 1046
3154 2 2 1 3 1105 1158 1157
3155 2 2 1 3 1759 1760 1581
3156 2 2 1 3 1603 1743 1596
3157 2 2 1 3 2110 2112 2111
3158 2 2 1 3 1524 2230 1695
3159 2 2 1 3 2205 2207 1767
3160 2 2 1 3 938 940 939
3161 2 2 1 3 1521 2150 1428
3162 2 2 1 3 1213 2284 1212
3163 2 2 1 3 1696 1697 1623
3164 2 2 1 3 1524 1642 1523
3165 2 2 1 3 1329 1330 1258
3166 2 2 1 3 1329 1523 1330
3167 2 2 1 3 2089 2092 2091
3168 2 2 1 3 1070 1084 1083
3169 2 2 1 3 1036 1037 1035
3170 2 2 1 3 1868 1869 1865
3171 2 2 1 3 1151 2146 1114
3172 2 2 1 3 1002 1003 1001
3173 2 2 1 3 1514 2149 1513
3174 2 2 1 3 1494 2028 2027
3175 2 2 1 3 1330 1426 1258
3176 2 2 1 3 1511 1609 1608
3177 2 2 1 3 1809 1810 1760
3178 2 2 1 3 2054 2185 2071
3179 2 2 1 3 1111 1274 1141
3180 2 2 1 3 1257 1329 1258
3181 2 2 1 3 1135 1180 1134
3182 2 2 1 3 1246 2171 1500
3183 2 2 1 3 1331 2176 1277
3184 2 2 1 3 1011 1961 1007
3185 2 2 1 3 1739 2129 1588
3186 2 2 1 3 1969 1970 1459
3187 2 2 1 3 1475 2199 1497
3188 2 2 1 3 1609 1611 1610
3189 2 2 1 3 2073 2186 2076
3190 2 2 1 3 1359 1464 1358
3191 2 2 1 3 1257 2207 2205
3192 2 2 1 3 1367 1559 1366
3193 2 2 1 3 1426 2170 1258
3194 2 2 1 3 986 1440 1188
3195 2 2 1 3 1523 1621 1330
3196 2 2 1 3 1702 2150 1521
3197 2 2 1 3 879 2180 2179
3198 2 2 1 3 907 908 906
3199 2 2 1 3 1459 2176 1331
3200 2 2 1 3 1081 1356 1091
3201 2 2 1 3 2162 2191 2161
3202 2 2 1 3 1680 1994 1889
3203 2 2 1 3 1073 1097 1095
3204 2 2 1 3 2048 2049 1514
3205 2 2 1 3 982 992 990
3206 2 2 1 3 905 906 904
3207 2 2 1 3 1767 2230 2205
3208 2 2 1 3 2425 2504 2180
3209 2 2 1 3 1319 1511 1510
3210 2 2 1 3 1342 2227 1536
3211 2 2 1 3 1201 1215 1214
3212 2 2 1 3 143 833 144
3213 2 2 1 3 2028 2031 2030
3214 2 2 1 3 1768 2230 1767
3215 2 2 1 3 142 2179 143
3216 2 2 1 3 998 1000 999
3217 2 2 1 3 1287 1362 1361
3218 2 2 1 3 141 879 142
3219 2 2 1 3 1329 2205 1524
3220 2 2 1 3 1248 2171 1246
3221 2 2 1 3 1257 1258 1256
3222 2 2 1 3 1337 2213 1276
3223 2 2 1 3 833 2174 144
3224 2 2 1 3 1463 1492 1485
3225 2 2 1 3 1328 2210 1516
3226 2 2 1 3 138 837 139
3227 2 2 1 3 1615 1659 1658
3228 2 2 1 3 2161 2204 1254
3229 2 2 1 3 1642 2183 1523
3230 2 2 1 3 137 2184 138
3231 2 2 1 3 1106 1107 1088
3232 2 2 1 3 1526 1529 1528
3233 2 2 1 3 978 1434 980
3234 2 2 1 3 1189 1191 1190
3235 2 2 1 3 1306 1309 1308
3236 2 2 1 3 1321 1615 1505
3237 2 2 1 3 136 880 137
3238 2 2 1 3 1876 2459 1568
3239 2 2 1 3 1970 2176 1459
3240 2 2 1 3 1180 1257 1256
3241 2 2 1 3 1490 1757 1617
3242 2 2 1 3 1261 1781 1667
3243 2 2 1 3 1506 2163 2162
3244 2 2 1 3 1072 1241 1059
3245 2 2 1 3 1575 1898 1496
3246 2 2 1 3 1191 1276 1275
3247 2 2 1 3 1114 1128 1127
3248 2 2 1 3 1279 2171 1248
3249 2 2 1 3 1280 2207 1181
3250 2 2 1 3 1472 2216 1626
3251 2 2 1 3 1290 1328 1327
3252 2 2 1 3 1281 1343 1280
3253 2 2 1 3 996 998 997
3254 2 2 1 3 1804 1821 1672
3255 2 2 1 3 133 842 134
3256 2 2 1 3 1523 2183 1621
3257 2 2 1 3 903 904 902
3258 2 2 1 3 1087 1099 1098
3259 2 2 1 3 1339 2195 1219
3260 2 2 1 3 971 2215 945
3261 2 2 1 3 1498 1599 1598
3262 2 2 1 3 1000 1001 999
3263 2 2 1 3 1442 1513 1326
3264 2 2 1 3 962 2187 964
3265 2 2 1 3 132 2190 133
3266 2 2 1 3 1937 1952 1534
3267 2 2 1 3 2327 2331 2076
3268 2 2 1 3 920 1421 922
3269 2 2 1 3 1672 2130 1673
3270 2 2 1 3 1506 2164 2163
3271 2 2 1 3 1009 2196 1003
3272 2 2 1 3 2065 2068 2067
3273 2 2 1 3 1757 1878 1758
3274 2 2 1 3 131 882 132
3275 2 2 1 3 2186 2327 2076
3276 2 2 1 3 1317 1326 1137
3277 2 2 1 3 1302 1342 1341
3278 2 2 1 3 1767 2207 1280
3279 2 2 1 3 913 914 912
3280 2 2 1 3 1679 1701 1681
3281 2 2 1 3 926 929 928
3282 2 2 1 3 130 2194 131
3283 2 2 1 3 1215 1304 1303
3284 2 2 1 3 1664 1666 1665
3285 2 2 1 3 2169 2350 2145
3286 2 2 1 3 1180 1256 1134
3287 2 2 1 3 1340 2200 1535
3288 2 2 1 3 1765 2146 1151
3289 2 2 1 3 1270 2164 1506
3290 2 2 1 3 129 847 130
3291 2 2 1 3 1296 1774 1508
3292 2 2 1 3 1420 2221 953
3293 2 2 1 3 1343 1768 1767
3294 2 2 1 3 1055 1057 1056
3295 2 2 1 3 1643 2192 1448
3296 2 2 1 3 128 2193 129
3297 2 2 1 3 1231 2211 2172
3298 2 2 1 3 1913 2382 2373
3299 2 2 1 3 1343 1767 1280
3300 2 2 1 3 975 2241 973
3301 2 2 1 3 994 996 995
3302 2 2 1 3 1454 2208 2167
3303 2 2 1 3 127 881 128
3304 2 2 1 3 1693 2299 1971
3305 2 2 1 3 1659 1892 1658
3306 2 2 1 3 1128 1156 1155
3307 2 2 1 3 1679 1681 1458
3308 2 2 1 3 1057 1076 1075
3309 2 2 1 3 126 2197 127
3310 2 2 1 3 143 2179 833
3311 2 2 1 3 1042 1046 1045
3312 2 2 1 3 909 911 910
3313 2 2 1 3 1335 1455 1334
3314 2 2 1 3 879 2179 142
3315 2 2 1 3 1615 1658 1505
3316 2 2 1 3 125 851 126
3317 2 2 1 3 1332 2156 1527
3318 2 2 1 3 1736 1737 1493
3319 2 2 1 3 1295 1365 1364
3320 2 2 1 3 1444 1489 1488
3321 2 2 1 3 1181 2207 1180
3322 2 2 1 3 1156 1196 1195
3323 2 2 1 3 1205 1228 1202
3324 2 2 1 3 1042 1045 1037
3325 2 2 1 3 1114 1127 1099
3326 2 2 1 3 992 994 993
3327 2 2 1 3 1257 2205 1329
3328 2 2 1 3 1529 1531 1530
3329 2 2 1 3 915 916 914
3330 2 2 1 3 1713 1762 1714
3331 2 2 1 3 1088 2198 1072
3332 2 2 1 3 1380 1381 1379
3333 2 2 1 3 1271 1295 1294
3334 2 2 1 3 1489 1727 1726
3335 2 2 1 3 1255 1616 1268
3336 2 2 1 3 1250 2228 2109
3337 2 2 1 3 1126 1431 1122
3338 2 2 1 3 907 909 908
3339 2 2 1 3 138 2184 837
3340 2 2 1 3 1003 1004 1001
3341 2 2 1 3 1472 1626 1550
3342 2 2 1 3 901 902 900
3343 2 2 1 3 1577 1804 1672
3344 2 2 1 3 1583 1600 1585
3345 2 2 1 3 1696 1732 1697
3346 2 2 1 3 2164 2224 2163
3347 2 2 1 3 1188 1189 1085
3348 2 2 1 3 911 913 912
3349 2 2 1 3 2315 2345 1199
3350 2 2 1 3 1653 1705 1614
3351 2 2 1 3 1180 2207 1257
3352 2 2 1 3 1003 1005 1004
3353 2 2 1 3 982 2202 992
3354 2 2 1 3 1059 2201 1009
3355 2 2 1 3 880 2184 137
3356 2 2 1 3 1055 1056 1046
3357 2 2 1 3 1496 2178 1461
3358 2 2 1 3 1188 1322 1189
3359 2 2 1 3 998 999 997
3360 2 2 1 3 1363 1603 1596
3361 2 2 1 3 1534 2195 1339
3362 2 2 1 3 1107 2198 1088
3363 2 2 1 3 1003 2196 1005
3364 2 2 1 3 1321 1336 1276
3365 2 2 1 3 917 918 916
3366 2 2 1 3 1163 2280 1118
3367 2 2 1 3 1022 1035 1034
3368 2 2 1 3 2076 2331 2077
3369 2 2 1 3 1449 1541 1540
3370 2 2 1 3 1505 1517 1336
3371 2 2 1 3 1201 1214 1198
3372 2 2 1 3 2170 2214 1256
3373 2 2 1 3 1034 1144 1021
3374 2 2 1 3 1087 1098 1076
3375 2 2 1 3 977 1082 975
3376 2 2 1 3 1291 1449 1345
3377 2 2 1 3 1072 2198 1241
3378 2 2 1 3 1081 2295 1356
3379 2 2 1 3 1535 2200 2065
3380 2 2 1 3 122 859 123
3381 2 2 1 3 1145 1146 1144
3382 2 2 1 3 948 949 947
3383 2 2 1 3 1334 2220 1283
3384 2 2 1 3 1145 1436 1147
3385 2 2 1 3 1147 1148 1146
3386 2 2 1 3 1149 1154 1152
3387 2 2 1 3 1321 1505 1336
3388 2 2 1 3 1027 1028 988
3389 2 2 1 3 1005 1022 1021
3390 2 2 1 3 1306 1308 1304
3391 2 2 1 3 974 1133 976
3392 2 2 1 3 905 907 906
3393 2 2 1 3 1182 1291 1289
3394 2 2 1 3 1149 1150 1148
3395 2 2 1 3 2269 2272 2059
3396 2 2 1 3 1191 1321 1276
3397 2 2 1 3 1561 1562 1050
3398 2 2 1 3 924 926 925
3399 2 2 1 3 1498 1598 1349
3400 2 2 1 3 2171 2303 2148
3401 2 2 1 3 973 1253 971
3402 2 2 1 3 133 2190 842
3403 2 2 1 3 1655 2142 1611
3404 2 2 1 3 1455 1653 1614
3405 2 2 1 3 1241 2201 1059
3406 2 2 1 3 1450 1532 1338
3407 2 2 1 3 1253 2215 971
3408 2 2 1 3 1009 2201 2196
3409 2 2 1 3 1281 2220 1343
3410 2 2 1 3 1527 2156 1686
3411 2 2 1 3 1043 1044 1030
3412 2 2 1 3 1526 1528 1333
3413 2 2 1 3 1293 2263 1211
3414 2 2 1 3 1244 2257 1242
3415 2 2 1 3 1106 2214 1107
3416 2 2 1 3 1029 1030 1028
3417 2 2 1 3 882 2190 132
3418 2 2 1 3 996 997 995
3419 2 2 1 3 989 991 981
3420 2 2 1 3 986 1188 1085
3421 2 2 1 3 1531 1790 1789
3422 2 2 1 3 1165 1171 1164
3423 2 2 1 3 1321 2219 1615
3424 2 2 1 3 1255 1267 1254
3425 2 2 1 3 961 962 958
3426 2 2 1 3 935 936 934
3427 2 2 1 3 1283 2220 1281
3428 2 2 1 3 1075 1254 1056
3429 2 2 1 3 2244 2276 1266
3430 2 2 1 3 903 905 904
3431 2 2 1 3 1444 1488 1365
3432 2 2 1 3 2065 2200 2068
3433 2 2 1 3 201 828 202
3434 2 2 1 3 1242 2257 2143
3435 2 2 1 3 930 931 929
3436 2 2 1 3 957 958 951
3437 2 2 1 3 131 2194 882
3438 2 2 1 3 1193 1202 1192
3439 2 2 1 3 1352 1462 1353
3440 2 2 1 3 1648 1787 1649
3441 2 2 1 3 1614 2220 1334
3442 2 2 1 3 1669 1733 1710
3443 2 2 1 3 1152 1153 1150
3444 2 2 1 3 1455 1614 1334
3445 2 2 1 3 982 990 989
3446 2 2 1 3 981 2225 979
3447 2 2 1 3 1268 1270 1267
3448 2 2 1 3 1650 2276 2244
3449 2 2 1 3 1877 2324 1560
3450 2 2 1 3 1952 2195 1534
3451 2 2 1 3 847 2194 130
3452 2 2 1 3 1271 1272 1270
3453 2 2 1 3 956 1173 960
3454 2 2 1 3 913 915 914
3455 2 2 1 3 1057 1075 1056
3456 2 2 1 3 933 934 931
3457 2 2 1 3 972 2258 974
3458 2 2 1 3 1294 1296 1272
3459 2 2 1 3 1470 1471 1328
3460 2 2 1 3 1272 2164 1270
3461 2 2 1 3 2205 2230 1524
3462 2 2 1 3 1603 1915 1743
3463 2 2 1 3 994 995 993
3464 2 2 1 3 1128 1155 1127
3465 2 2 1 3 119 863 120
3466 2 2 1 3 992 993 990
3467 2 2 1 3 980 982 981
3468 2 2 1 3 999 1501 997
3469 2 2 1 3 1676 2024 1519
3470 2 2 1 3 1540 1619 1345
3471 2 2 1 3 915 917 916
3472 2 2 1 3 950 951 949
3473 2 2 1 3 917 927 918
3474 2 2 1 3 1508 2224 2164
3475 2 2 1 3 1607 2252 1778
3476 2 2 1 3 129 2193 847
3477 2 2 1 3 1159 1160 1158
3478 2 2 1 3 978 2212 1434
3479 2 2 1 3 1134 2214 1106
3480 2 2 1 3 1032 1033 991
3481 2 2 1 3 1726 1728 1488
3482 2 2 1 3 1923 2370 1770
3483 2 2 1 3 1295 1364 1294
3484 2 2 1 3 1182 1183 1153
3485 2 2 1 3 1129 1168 1166
3486 2 2 1 3 991 2225 981
3487 2 2 1 3 1434 2202 980
3488 2 2 1 3 1235 2019 1061
3489 2 2 1 3 1611 1613 1610
3490 2 2 1 3 1215 1303 1214
3491 2 2 1 3 1171 2272 1164
3492 2 2 1 3 1274 1338 1141
3493 2 2 1 3 1173 2206 960
3494 2 2 1 3 1046 2204 1045
3495 2 2 1 3 1711 1817 1619
3496 2 2 1 3 1210 2269 1292
3497 2 2 1 3 1609 1610 1608
3498 2 2 1 3 986 1085 927
3499 2 2 1 3 1289 1290 1183
3500 2 2 1 3 2005 2277 1124
3501 2 2 1 3 1513 1657 1650
3502 2 2 1 3 1256 2214 1134
3503 2 2 1 3 1034 1145 1144
3504 2 2 1 3 970 1630 972
3505 2 2 1 3 1489 1726 1488
3506 2 2 1 3 881 2193 128
3507 2 2 1 3 1511 1608 1510
3508 2 2 1 3 2175 2222 1004
3509 2 2 1 3 1160 2109 1158
3510 2 2 1 3 1322 2219 1189
3511 2 2 1 3 1075 1255 1254
3512 2 2 1 3 1005 1021 1004
3513 2 2 1 3 1916 1928 1751
3514 2 2 1 3 944 948 947
3515 2 2 1 3 1170 1264 1136
3516 2 2 1 3 1296 1775 1774
3517 2 2 1 3 1727 1811 1726
3518 2 2 1 3 1172 1192 1171
3519 2 2 1 3 1156 1195 1155
3520 2 2 1 3 1076 2236 1075
3521 2 2 1 3 1195 1199 1155
3522 2 2 1 3 978 980 979
3523 2 2 1 3 1661 1669 1663
3524 2 2 1 3 917 986 927
3525 2 2 1 3 1600 1682 1671
3526 2 2 1 3 1265 1269 1264
3527 2 2 1 3 980 2202 982
3528 2 2 1 3 1196 1285 1195
3529 2 2 1 3 1189 2219 1191
3530 2 2 1 3 1022 1034 1021
3531 2 2 1 3 1031 2209 1062
3532 2 2 1 3 2015 2280 2263
3533 2 2 1 3 2049 2149 1514
3534 2 2 1 3 203 883 204
3535 2 2 1 3 937 938 936
3536 2 2 1 3 1016 1017 1015
3537 2 2 1 3 968 1027 988
3538 2 2 1 3 1449 1540 1345
3539 2 2 1 3 1255 1268 1267
3540 2 2 1 3 1147 1149 1148
3541 2 2 1 3 1673 2130 1723
3542 2 2 1 3 1145 1147 1146
3543 2 2 1 3 118 2223 119
3544 2 2 1 3 127 2197 881
3545 2 2 1 3 1898 2178 1496
3546 2 2 1 3 1149 1152 1150
3547 2 2 1 3 1276 2213 1275
3548 2 2 1 3 1101 1137 1136
3549 2 2 1 3 1062 2209 1425
3550 2 2 1 3 1266 1660 1307
3551 2 2 1 3 1290 1470 1328
3552 2 2 1 3 1047 1048 1033
3553 2 2 1 3 1175 1509 969
3554 2 2 1 3 1291 1345 1289
3555 2 2 1 3 1552 1805 1629
3556 2 2 1 3 1471 2210 1328
3557 2 2 1 3 1729 2315 1771
3558 2 2 1 3 1170 1266 1265
3559 2 2 1 3 2111 2306 1499
3560 2 2 1 3 1268 1271 1270
3561 2 2 1 3 1661 1662 1307
3562 2 2 1 3 1711 1822 1817
3563 2 2 1 3 1271 1294 1272
3564 2 2 1 3 1663 1664 1662
3565 2 2 1 3 1448 2192 1547
3566 2 2 1 3 1343 2260 1768
3567 2 2 1 3 851 2197 126
3568 2 2 1 3 1611 2142 1613
3569 2 2 1 3 1828 1829 1666
3570 2 2 1 3 1622 1623 1620
3571 2 2 1 3 1069 1070 1048
3572 2 2 1 3 1624 1696 1623
3573 2 2 1 3 1599 1628 1598
3574 2 2 1 3 1438 1439 1437
3575 2 2 1 3 1133 2212 976
3576 2 2 1 3 1303 1620 1214
3577 2 2 1 3 1309 1472 1308
3578 2 2 1 3 2215 2231 945
3579 2 2 1 3 1540 1711 1619
3580 2 2 1 3 1512 1776 1320
3581 2 2 1 3 1152 1182 1153
3582 2 2 1 3 1513 1650 1326
3583 2 2 1 3 1069 1101 1100
3584 2 2 1 3 1056 2204 1046
3585 2 2 1 3 1161 1162 1160
3586 2 2 1 3 901 903 902
3587 2 2 1 3 1001 2222 999
3588 2 2 1 3 1733 1818 1710
3589 2 2 1 3 1097 1904 1580
3590 2 2 1 3 2222 2290 1501
3591 2 2 1 3 1537 1648 1597
3592 2 2 1 3 940 1441 942
3593 2 2 1 3 1182 1289 1183
3594 2 2 1 3 899 901 900
3595 2 2 1 3 2208 2233 2167
3596 2 2 1 3 1465 1542 1464
3597 2 2 1 3 911 1068 913
3598 2 2 1 3 117 884 118
3599 2 2 1 3 1470 1631 1471
3600 2 2 1 3 1032 2155 1047
3601 2 2 1 3 995 1008 993
3602 2 2 1 3 976 978 977
3603 2 2 1 3 1448 1547 1546
3604 2 2 1 3 1763 1880 1709
3605 2 2 1 3 1701 1786 1681
3606 2 2 1 3 1446 1448 1447
3607 2 2 1 3 1303 1622 1620
3608 2 2 1 3 1979 1984 1234
3609 2 2 1 3 1546 1627 1447
3610 2 2 1 3 1191 2219 1321
3611 2 2 1 3 1708 1709 1707
3612 2 2 1 3 989 1032 991
3613 2 2 1 3 1369 2107 1371
3614 2 2 1 3 116 2234 117
3615 2 2 1 3 1198 2218 1196
3616 2 2 1 3 1203 1446 1301
3617 2 2 1 3 1366 2284 1223
3618 2 2 1 3 1486 1487 1342
3619 2 2 1 3 1624 1731 1696
3620 2 2 1 3 1159 1504 1161
3621 2 2 1 3 976 2212 978
3622 2 2 1 3 1716 1834 1627
3623 2 2 1 3 1070 2253 1084
3624 2 2 1 3 1594 2299 1429
3625 2 2 1 3 1098 2236 1076
3626 2 2 1 3 1271 2239 1295
3627 2 2 1 3 1255 2236 1616
3628 2 2 1 3 1664 1828 1666
3629 2 2 1 3 1008 2343 2330
3630 2 2 1 3 1004 2222 1001
3631 2 2 1 3 1669 1710 1663
3632 2 2 1 3 1622 1624 1623
3633 2 2 1 3 115 890 116
3634 2 2 1 3 1110 1112 1090
3635 2 2 1 3 1012 1013 1011
3636 2 2 1 3 1828 1905 1829
3637 2 2 1 3 982 989 981
3638 2 2 1 3 1203 1204 1162
3639 2 2 1 3 1616 2239 1268
3640 2 2 1 3 1500 2257 1244
3641 2 2 1 3 1773 1832 1635
3642 2 2 1 3 206 838 207
3643 2 2 1 3 1301 1302 1204
3644 2 2 1 3 980 981 979
3645 2 2 1 3 1014 1015 1013
3646 2 2 1 3 1472 1518 1308
3647 2 2 1 3 1040 1049 1039
3648 2 2 1 3 1105 1159 1158
3649 2 2 1 3 1390 1391 1389
3650 2 2 1 3 1522 2299 1693
3651 2 2 1 3 1082 2241 975
3652 2 2 1 3 1697 2289 1623
3653 2 2 1 3 1333 2216 1309
3654 2 2 1 3 1550 1814 1518
3655 2 2 1 3 1137 1170 1136
3656 2 2 1 3 1170 1265 1264
3657 2 2 1 3 1720 1748 1487
3658 2 2 1 3 1075 2236 1255
3659 2 2 1 3 1196 2218 1285
3660 2 2 1 3 1035 2240 1034
3661 2 2 1 3 978 979 977
3662 2 2 1 3 2220 2260 1343
3663 2 2 1 3 1254 2204 1056
3664 2 2 1 3 1053 1632 1078
3665 2 2 1 3 1060 2250 2249
3666 2 2 1 3 1660 1661 1307
3667 2 2 1 3 1266 1307 1265
3668 2 2 1 3 1119 1165 1164
3669 2 2 1 3 1145 2240 1436
3670 2 2 1 3 1362 1451 1361
3671 2 2 1 3 1529 1530 1528
3672 2 2 1 3 1661 1663 1662
3673 2 2 1 3 1436 2243 1147
3674 2 2 1 3 1308 2254 1304
3675 2 2 1 3 1519 1520 1439
3676 2 2 1 3 942 2229 944
3677 2 2 1 3 1149 2243 1154
3678 2 2 1 3 1032 1047 1033
3679 2 2 1 3 1047 1069 1048
3680 2 2 1 3 1069 1100 1070
3681 2 2 1 3 1487 2227 1342
3682 2 2 1 3 976 977 975
3683 2 2 1 3 2177 2253 1100
3684 2 2 1 3 1187 1229 1227
3685 2 2 1 3 1177 1259 1140
3686 2 2 1 3 1159 1161 1160
3687 2 2 1 3 1349 2263 1293
3688 2 2 1 3 935 937 936
3689 2 2 1 3 1064 2232 1073
3690 2 2 1 3 905 1216 907
3691 2 2 1 3 1170 2244 1266
3692 2 2 1 3 1101 1136 1100
3693 2 2 1 3 1304 2254 1303
3694 2 2 1 3 930 933 931
3695 2 2 1 3 1606 1742 1741
3696 2 2 1 3 1628 2015 1598
3697 2 2 1 3 1302 1486 1342
3698 2 2 1 3 1550 1820 1814
3699 2 2 1 3 1154 2245 1152
3700 2 2 1 3 926 930 929
3701 2 2 1 3 1472 1550 1518
3702 2 2 1 3 977 2251 1082
3703 2 2 1 3 1182 2245 1291
3704 2 2 1 3 933 935 934
3705 2 2 1 3 1539 1793 1684
3706 2 2 1 3 974 976 975
3707 2 2 1 3 1541 2247 1540
3708 2 2 1 3 938 2231 940
3709 2 2 1 3 999 2222 1501
3710 2 2 1 3 1448 1546 1447
3711 2 2 1 3 1221 2292 1222
3712 2 2 1 3 1706 1707 1491
3713 2 2 1 3 1164 2272 1210
3714 2 2 1 3 1613 1893 1610
3715 2 2 1 3 1360 1637 1286
3716 2 2 1 3 1699 1715 1712
3717 2 2 1 3 1716 1837 1834
3718 2 2 1 3 1214 2218 1198
3719 2 2 1 3 1532 1690 1668
3720 2 2 1 3 969 2187 962
3721 2 2 1 3 208 885 209
3722 2 2 1 3 1825 1826 1810
3723 2 2 1 3 948 950 949
3724 2 2 1 3 2225 2251 979
3725 2 2 1 3 1546 1716 1627
3726 2 2 1 3 1326 2244 1137
3727 2 2 1 3 2218 2289 1285
3728 2 2 1 3 2175 2290 2222
3729 2 2 1 3 1531 1789 1530
3730 2 2 1 3 1559 1755 1625
3731 2 2 1 3 1614 2260 2220
3732 2 2 1 3 1319 1510 1320
3733 2 2 1 3 1260 1261 1259
3734 2 2 1 3 1638 1639 1637
3735 2 2 1 3 1131 1319 1175
3736 2 2 1 3 1446 1447 1301
3737 2 2 1 3 1755 1854 1756
3738 2 2 1 3 1296 2242 1775
3739 2 2 1 3 1699 1700 1313
3740 2 2 1 3 1294 2242 1296
3741 2 2 1 3 937 945 938
3742 2 2 1 3 1705 2260 1614
3743 2 2 1 3 1161 1203 1162
3744 2 2 1 3 1712 1713 1700
3745 2 2 1 3 1490 2235 1757
3746 2 2 1 3 1292 2269 1363
3747 2 2 1 3 1519 2024 1520
3748 2 2 1 3 1203 1301 1204
3749 2 2 1 3 957 961 958
3750 2 2 1 3 1486 1720 1487
3751 2 2 1 3 1309 2216 1472
3752 2 2 1 3 1518 2254 1308
3753 2 2 1 3 1603 2059 1915
3754 2 2 1 3 1268 2239 1271
3755 2 2 1 3 1262 1698 1313
3756 2 2 1 3 961 969 962
3757 2 2 1 3 1528 2216 1333
3758 2 2 1 3 1073 2232 1097
3759 2 2 1 3 1177 1262 1260
3760 2 2 1 3 209 2246 210
3761 2 2 1 3 1034 2240 1145
3762 2 2 1 3 950 957 951
3763 2 2 1 3 1423 1424 1415
3764 2 2 1 3 961 1131 969
3765 2 2 1 3 1720 1802 1748
3766 2 2 1 3 1016 1018 1017
3767 2 2 1 3 964 2274 968
3768 2 2 1 3 1509 2187 969
3769 2 2 1 3 1964 1965 952
3770 2 2 1 3 1290 2248 1470
3771 2 2 1 3 1619 2248 1345
3772 2 2 1 3 2191 2286 1045
3773 2 2 1 3 1532 1668 1338
3774 2 2 1 3 1289 2248 1290
3775 2 2 1 3 1100 2253 1070
3776 2 2 1 3 1147 2243 1149
3777 2 2 1 3 1364 2242 1294
3778 2 2 1 3 950 1273 957
3779 2 2 1 3 1789 1812 1530
3780 2 2 1 3 1045 2286 1037
3781 2 2 1 3 1137 2244 1170
3782 2 2 1 3 974 975 973
3783 2 2 1 3 1598 2263 1349
3784 2 2 1 3 1452 1490 1355
3785 2 2 1 3 210 846 211
3786 2 2 1 3 1111 1141 1140
3787 2 2 1 3 1228 1359 1358
3788 2 2 1 3 1620 2218 1214
3789 2 2 1 3 1091 1111 1110
3790 2 2 1 3 1152 2245 1182
3791 2 2 1 3 974 2258 1133
3792 2 2 1 3 1543 1552 1419
3793 2 2 1 3 1540 2247 1711
3794 2 2 1 3 1319 1320 1175
3795 2 2 1 3 1131 1175 969
3796 2 2 1 3 1668 2307 2264
3797 2 2 1 3 1027 1029 1028
3798 2 2 1 3 1772 2358 2335
3799 2 2 1 3 1363 2269 1603
3800 2 2 1 3 1510 1512 1320
3801 2 2 1 3 1713 1835 1762
3802 2 2 1 3 113 895 114
3803 2 2 1 3 1337 2268 2213
3804 2 2 1 3 1345 2248 1289
3805 2 2 1 3 1717 1718 1466
3806 2 2 1 3 990 2256 989
3807 2 2 1 3 1297 2217 1298
3808 2 2 1 3 2068 2306 2144
3809 2 2 1 3 1029 1043 1030
3810 2 2 1 3 2011 2344 1207
3811 2 2 1 3 1223 2284 1213
3812 2 2 1 3 119 2223 863
3813 2 2 1 3 1112 2250 1090
3814 2 2 1 3 1715 1813 1712
3815 2 2 1 3 1127 2301 1099
3816 2 2 1 3 1708 1763 1709
3817 2 2 1 3 1625 2284 1366
3818 2 2 1 3 1789 1833 1812
3819 2 2 1 3 2187 2274 964
3820 2 2 1 3 933 1263 935
3821 2 2 1 3 1043 1060 1044
3822 2 2 1 3 970 2283 1630
3823 2 2 1 3 984 1010 1007
3824 2 2 1 3 1344 1419 1297
3825 2 2 1 3 1211 2280 1163
3826 2 2 1 3 1185 1230 1184
3827 2 2 1 3 1081 1091 1090
3828 2 2 1 3 1650 2244 1326
3829 2 2 1 3 1097 2232 1904
3830 2 2 1 3 1084 2259 1105
3831 2 2 1 3 1561 1875 1562
3832 2 2 1 3 1303 2254 1622
3833 2 2 1 3 1035 2286 2240
3834 2 2 1 3 1616 2296 2056
3835 2 2 1 3 1344 1634 1543
3836 2 2 1 3 1419 2217 1297
3837 2 2 1 3 940 2231 1441
3838 2 2 1 3 944 2229 948
3839 2 2 1 3 1027 1633 1029
3840 2 2 1 3 1177 1260 1259
3841 2 2 1 3 1382 1383 1381
3842 2 2 1 3 1090 2250 1060
3843 2 2 1 3 1014 1016 1015
3844 2 2 1 3 1265 2261 1269
3845 2 2 1 3 1620 2289 2218
3846 2 2 1 3 979 2251 977
3847 2 2 1 3 937 970 945
3848 2 2 1 3 1044 2249 1053
3849 2 2 1 3 1662 2261 1307
3850 2 2 1 3 1699 1712 1700
3851 2 2 1 3 1124 2277 1129
3852 2 2 1 3 2264 2307 1262
3853 2 2 1 3 945 2231 938
3854 2 2 1 3 1323 1355 1218
3855 2 2 1 3 972 974 973
3856 2 2 1 3 1706 1708 1707
3857 2 2 1 3 1698 1699 1313
3858 2 2 1 3 1262 1313 1260
3859 2 2 1 3 1639 2329 1637
3860 2 2 1 3 1441 2229 942
3861 2 2 1 3 1043 1081 1060
3862 2 2 1 3 884 2223 118
3863 2 2 1 3 2248 2294 1470
3864 2 2 1 3 1467 1719 1717
3865 2 2 1 3 1037 2286 1035
3866 2 2 1 3 1032 2256 2155
3867 2 2 1 3 1175 2266 1509
3868 2 2 1 3 1078 2293 1119
3869 2 2 1 3 1552 1840 1805
3870 2 2 1 3 1129 2277 1168
3871 2 2 1 3 214 2273 215
3872 2 2 1 3 1141 1177 1140
3873 2 2 1 3 1111 1140 1110
3874 2 2 1 3 1132 1186 1185
3875 2 2 1 3 1721 1722 1542
3876 2 2 1 3 1559 1625 1366
3877 2 2 1 3 1344 1543 1419
3878 2 2 1 3 1634 1636 1635
3879 2 2 1 3 1451 1467 1466
3880 2 2 1 3 1132 1184 1103
3881 2 2 1 3 1776 2266 1320
3882 2 2 1 3 1091 1110 1090
3883 2 2 1 3 1069 2262 1101
3884 2 2 1 3 2155 2262 1047
3885 2 2 1 3 972 973 971
3886 2 2 1 3 2253 2259 1084
3887 2 2 1 3 1225 1344 1297
3888 2 2 1 3 1338 2264 1141
3889 2 2 1 3 1547 2265 1546
3890 2 2 1 3 1636 1773 1635
3891 2 2 1 3 1159 2259 1504
3892 2 2 1 3 1755 1756 1625
3893 2 2 1 3 1266 2276 1660
3894 2 2 1 3 1102 1103 1018
3895 2 2 1 3 989 2256 1032
3896 2 2 1 3 1627 2267 1447
3897 2 2 1 3 1165 1172 1171
3898 2 2 1 3 968 2274 1027
3899 2 2 1 3 117 2234 884
3900 2 2 1 3 1081 1090 1060
3901 2 2 1 3 1734 1819 1639
3902 2 2 1 3 1098 2296 2236
3903 2 2 1 3 1502 1772 1641
3904 2 2 1 3 1619 2294 2248
3905 2 2 1 3 1105 2259 1159
3906 2 2 1 3 1302 2267 1486
3907 2 2 1 3 2200 2306 2068
3908 2 2 1 3 2015 2263 1598
3909 2 2 1 3 1714 2311 2287
3910 2 2 1 3 1301 2267 1302
3911 2 2 1 3 1817 2294 1619
3912 2 2 1 3 1869 1993 1865
3913 2 2 1 3 1307 2261 1265
3914 2 2 1 3 890 2234 116
3915 2 2 1 3 970 971 945
3916 2 2 1 3 1634 1635 1543
3917 2 2 1 3 1718 2302 1466
3918 2 2 1 3 1203 2271 1446
3919 2 2 1 3 1010 1012 1011
3920 2 2 1 3 1172 1193 1192
3921 2 2 1 3 1504 2271 1161
3922 2 2 1 3 1186 1237 1218
3923 2 2 1 3 1047 2262 1069
3924 2 2 1 3 901 1587 903
3925 2 2 1 3 1451 1466 1361
3926 2 2 1 3 970 972 971
3927 2 2 1 3 1237 1437 1323
3928 2 2 1 3 1205 2279 1228
3929 2 2 1 3 1603 2269 2059
3930 2 2 1 3 1863 1993 1866
3931 2 2 1 3 1360 1638 1637
3932 2 2 1 3 1016 1102 1018
3933 2 2 1 3 1637 2279 1286
3934 2 2 1 3 1110 2275 1112
3935 2 2 1 3 215 2282 216
3936 2 2 1 3 1287 1361 1360
3937 2 2 1 3 1546 2265 1716
3938 2 2 1 3 1060 2249 1044
3939 2 2 1 3 1012 1014 1013
3940 2 2 1 3 2141 2290 2175
3941 2 2 1 3 1518 2297 2254
3942 2 2 1 3 2236 2296 1616
3943 2 2 1 3 2254 2297 1622
3944 2 2 1 3 1447 2267 1301
3945 2 2 1 3 1252 2335 1103
3946 2 2 1 3 213 858 214
3947 2 2 1 3 1492 1736 1493
3948 2 2 1 3 1623 2289 1620
3949 2 2 1 3 1719 1823 1717
3950 2 2 1 3 1165 1318 1172
3951 2 2 1 3 1452 1645 1491
3952 2 2 1 3 1206 1287 1286
3953 2 2 1 3 1079 1964 955
3954 2 2 1 3 1298 2217 1352
3955 2 2 1 3 1429 2299 1522
3956 2 2 1 3 1099 2301 1098
3957 2 2 1 3 1193 1205 1202
3958 2 2 1 3 1467 1717 1466
3959 2 2 1 3 1177 2264 1262
3960 2 2 1 3 1452 1491 1490
3961 2 2 1 3 1279 2303 2171
3962 2 2 1 3 1259 2275 1140
3963 2 2 1 3 1707 2235 1491
3964 2 2 1 3 1320 2266 1175
3965 2 2 1 3 1491 2235 1490
3966 2 2 1 3 1161 2271 1203
3967 2 2 1 3 1668 2264 1338
3968 2 2 1 3 1141 2264 1177
3969 2 2 1 3 1499 2306 2200
3970 2 2 1 3 1832 2281 1635
3971 2 2 1 3 1645 1706 1491
3972 2 2 1 3 1040 1050 1049
3973 2 2 1 3 1132 1185 1184
3974 2 2 1 3 1053 2249 1632
3975 2 2 1 3 1221 2332 2292
3976 2 2 1 3 2252 2376 1778
3977 2 2 1 3 1769 2325 2177
3978 2 2 1 3 1323 1452 1355
3979 2 2 1 3 1737 1753 1752
3980 2 2 1 3 1439 1677 1437
3981 2 2 1 3 1102 1132 1103
3982 2 2 1 3 1713 2278 1835
3983 2 2 1 3 1819 2364 1639
3984 2 2 1 3 1712 2278 1713
3985 2 2 1 3 1470 2294 1631
3986 2 2 1 3 1186 1218 1185
3987 2 2 1 3 1632 2293 1078
3988 2 2 1 3 2407 2415 1646
3989 2 2 1 3 1024 1040 1039
3990 2 2 1 3 216 864 217
3991 2 2 1 3 1543 2281 1552
3992 2 2 1 3 1027 2274 1633
3993 2 2 1 3 1119 2293 1165
3994 2 2 1 3 1463 2319 1492
3995 2 2 1 3 2267 2314 1486
3996 2 2 1 3 1814 2297 1518
3997 2 2 1 3 1502 1561 1050
3998 2 2 1 3 1287 1360 1286
3999 2 2 1 3 1193 1206 1205
4000 2 2 1 3 961 2285 1131
4001 2 2 1 3 1552 2281 1840
4002 2 2 1 3 885 2246 209
4003 2 2 1 3 1229 1346 1299
4004 2 2 1 3 1834 2314 1627
4005 2 2 1 3 1700 2287 1313
4006 2 2 1 3 2216 2288 1626
4007 2 2 1 3 1749 2388 1846
4008 2 2 1 3 1761 1877 1560
4009 2 2 1 3 1622 2297 1624
4010 2 2 1 3 1273 2285 957
4011 2 2 1 3 1040 1502 1050
4012 2 2 1 3 1237 1323 1218
4013 2 2 1 3 1260 2287 1261
4014 2 2 1 3 1813 2278 1712
4015 2 2 1 3 867 1925 899
4016 2 2 1 3 1573 2333 1416
4017 2 2 1 3 1812 2288 1530
4018 2 2 1 3 1206 1286 1205
4019 2 2 1 3 1638 1734 1639
4020 2 2 1 3 1395 1783 1413
4021 2 2 1 3 1528 2288 2216
4022 2 2 1 3 1157 2351 1104
4023 2 2 1 3 1140 2275 1110
4024 2 2 1 3 957 2285 961
4025 2 2 1 3 210 2246 846
4026 2 2 1 3 1530 2288 1528
4027 2 2 1 3 1627 2314 2267
4028 2 2 1 3 1502 1641 1561
4029 2 2 1 3 950 2291 1273
4030 2 2 1 3 1635 2281 1543
4031 2 2 1 3 1098 2301 2296
4032 2 2 1 3 2206 2310 966
4033 2 2 1 3 1127 2336 2301
4034 2 2 1 3 2286 2323 2240
4035 2 2 1 3 1359 1465 1464
4036 2 2 1 3 935 2283 937
4037 2 2 1 3 1261 2311 1781
4038 2 2 1 3 1651 2366 1676
4039 2 2 1 3 1222 2292 1225
4040 2 2 1 3 1207 2344 1208
4041 2 2 1 3 166 831 167
4042 2 2 1 3 1473 1746 1745
4043 2 2 1 3 2038 2355 1425
4044 2 2 1 3 2256 2330 2051
4045 2 2 1 3 168 887 169
4046 2 2 1 3 2047 2343 2048
4047 2 2 1 3 948 2291 950
4048 2 2 1 3 1313 2287 1260
4049 2 2 1 3 1788 2381 1649
4050 2 2 1 3 2229 2291 948
4051 2 2 1 3 2162 2323 2191
4052 2 2 1 3 171 839 172
4053 2 2 1 3 1263 2283 935
4054 2 2 1 3 1228 2279 1359
4055 2 2 1 3 2352 2366 1975
4056 2 2 1 3 1640 2345 2153
4057 2 2 1 3 2315 2349 1771
4058 2 2 1 3 2153 2315 1729
4059 2 2 1 3 2330 2343 2051
4060 2 2 1 3 1185 2300 1230
4061 2 2 1 3 1262 2307 1698
4062 2 2 1 3 1633 2295 1029
4063 2 2 1 3 1043 2295 1081
4064 2 2 1 3 1478 1557 1476
4065 2 2 1 3 937 2283 970
4066 2 2 1 3 2162 2328 2323
4067 2 2 1 3 1384 1385 1383
4068 2 2 1 3 1286 2279 1205
4069 2 2 1 3 1629 2313 2217
4070 2 2 1 3 2287 2311 1261
4071 2 2 1 3 1371 2107 1646
4072 2 2 1 3 1865 1993 1863
4073 2 2 1 3 1165 2293 1318
4074 2 2 1 3 1225 2292 1344
4075 2 2 1 3 1107 2327 2186
4076 2 2 1 3 1355 2300 1218
4077 2 2 1 3 2339 2352 1975
4078 2 2 1 3 1605 1606 1570
4079 2 2 1 3 1344 2292 1634
4080 2 2 1 3 1029 2295 1043
4081 2 2 1 3 1465 1721 1542
4082 2 2 1 3 1486 2314 1720
4083 2 2 1 3 2214 2327 1107
4084 2 2 1 3 1769 2341 2325
4085 2 2 1 3 1406 1423 1415
4086 2 2 1 3 2370 2378 1770
4087 2 2 1 3 1466 2302 1361
4088 2 2 1 3 1502 2318 1772
4089 2 2 1 3 1199 2336 1155
4090 2 2 1 3 990 2330 2256
4091 2 2 1 3 1008 2330 993
4092 2 2 1 3 1010 1445 1012
4093 2 2 1 3 2292 2332 1634
4094 2 2 1 3 1199 2345 2336
4095 2 2 1 3 1395 1412 1392
4096 2 2 1 3 173 888 174
4097 2 2 1 3 1413 1537 1412
4098 2 2 1 3 1516 2357 1327
4099 2 2 1 3 1361 2302 1360
4100 2 2 1 3 2191 2323 2286
4101 2 2 1 3 1736 2316 1737
4102 2 2 1 3 1495 1539 1483
4103 2 2 1 3 1426 2350 2169
4104 2 2 1 3 1501 2372 2354
4105 2 2 1 3 1462 2319 1463
4106 2 2 1 3 2273 2282 215
4107 2 2 1 3 1330 2350 1426
4108 2 2 1 3 1492 2319 1816
4109 2 2 1 3 2154 2392 1316
4110 2 2 1 3 858 2273 214
4111 2 2 1 3 1386 1387 1385
4112 2 2 1 3 1677 2305 1437
4113 2 2 1 3 1437 2305 1323
4114 2 2 1 3 1404 2397 1396
4115 2 2 1 3 174 2304 175
4116 2 2 1 3 1218 2300 1185
4117 2 2 1 3 2163 2328 2162
4118 2 2 1 3 1452 2305 1645
4119 2 2 1 3 2323 2328 1436
4120 2 2 1 3 1469 1605 1570
4121 2 2 1 3 1360 2302 1638
4122 2 2 1 3 1492 1816 1736
4123 2 2 1 3 2240 2323 1436
4124 2 2 1 3 1749 1846 1844
4125 2 2 1 3 1352 2313 1462
4126 2 2 1 3 2301 2336 2057
4127 2 2 1 3 1816 1839 1736
4128 2 2 1 3 1318 2312 1172
4129 2 2 1 3 899 2317 901
4130 2 2 1 3 175 849 176
4131 2 2 1 3 2284 2321 1212
4132 2 2 1 3 1193 2312 1206
4133 2 2 1 3 1774 2374 2371
4134 2 2 1 3 1323 2305 1452
4135 2 2 1 3 1195 2349 1199
4136 2 2 1 3 1960 2348 1399
4137 2 2 1 3 1092 1116 1115
4138 2 2 1 3 2217 2313 1352
4139 2 2 1 3 216 2282 864
4140 2 2 1 3 984 2310 1010
4141 2 2 1 3 1539 1794 1793
4142 2 2 1 3 1172 2312 1193
4143 2 2 1 3 1008 2354 2085
4144 2 2 1 3 2170 2331 2327
4145 2 2 1 3 2271 2341 1643
4146 2 2 1 3 2253 2325 2259
4147 2 2 1 3 2245 2353 1647
4148 2 2 1 3 1896 2333 1573
4149 2 2 1 3 2224 2347 2163
4150 2 2 1 3 2170 2327 2214
4151 2 2 1 3 1781 2428 1667
4152 2 2 1 3 1374 2337 1372
4153 2 2 1 3 1863 1866 1861
4154 2 2 1 3 2259 2325 1504
4155 2 2 1 3 1416 2333 1405
4156 2 2 1 3 2224 2353 2347
4157 2 2 1 3 2376 2389 1778
4158 2 2 1 3 1102 2339 2058
4159 2 2 1 3 1423 1560 1424
4160 2 2 1 3 1501 2354 997
4161 2 2 1 3 966 2310 984
4162 2 2 1 3 1426 2331 2170
4163 2 2 1 3 1756 2321 1625
4164 2 2 1 3 901 2317 1587
4165 2 2 1 3 993 2330 990
4166 2 2 1 3 1040 2318 1502
4167 2 2 1 3 1016 2339 1102
4168 2 2 1 3 1625 2321 2284
4169 2 2 1 3 1737 2316 1753
4170 2 2 1 3 1379 1410 1377
4171 2 2 1 3 995 2354 1008
4172 2 2 1 3 1509 2346 2187
4173 2 2 1 3 1413 1538 1537
4174 2 2 1 3 1690 2483 2393
4175 2 2 1 3 1024 2318 1040
4176 2 2 1 3 1436 2328 2243
4177 2 2 1 3 2177 2325 2253
4178 2 2 1 3 1774 2371 1508
4179 2 2 1 3 1314 2434 2061
4180 2 2 1 3 1581 1896 1573
4181 2 2 1 3 1403 2342 1380
4182 2 2 1 3 1425 2355 2232
4183 2 2 1 3 1893 2356 1610
4184 2 2 1 3 1761 1899 1877
4185 2 2 1 3 2325 2341 1504
4186 2 2 1 3 1199 2349 2315
4187 2 2 1 3 1412 2322 1392
4188 2 2 1 3 1018 2358 1017
4189 2 2 1 3 1395 1413 1412
4190 2 2 1 3 1810 1890 1760
4191 2 2 1 3 1634 2332 1636
4192 2 2 1 3 1020 2318 1024
4193 2 2 1 3 1155 2336 1127
4194 2 2 1 3 1014 2339 1016
4195 2 2 1 3 1217 2398 2154
4196 2 2 1 3 1391 1393 1392
4197 2 2 1 3 1010 2310 1445
4198 2 2 1 3 2336 2345 2057
4199 2 2 1 3 1510 2359 1512
4200 2 2 1 3 1925 2317 899
4201 2 2 1 3 1169 1209 1187
4202 2 2 1 3 1839 2316 1736
4203 2 2 1 3 2250 2399 2389
4204 2 2 1 3 1983 2408 1978
4205 2 2 1 3 1103 2335 1018
4206 2 2 1 3 2154 2398 2392
4207 2 2 1 3 2113 2382 1654
4208 2 2 1 3 2051 2343 2047
4209 2 2 1 3 1208 2344 1221
4210 2 2 1 3 1383 1411 1381
4211 2 2 1 3 2061 2427 2062
4212 2 2 1 3 2163 2347 2328
4213 2 2 1 3 1558 1841 1557
4214 2 2 1 3 1786 2516 2513
4215 2 2 1 3 1781 2432 2428
4216 2 2 1 3 924 2362 926
4217 2 2 1 3 2057 2345 1640
4218 2 2 1 3 2215 2394 2378
4219 2 2 1 3 178 860 179
4220 2 2 1 3 1449 2374 1541
4221 2 2 1 3 1605 1857 1606
4222 2 2 1 3 1217 2406 2398
4223 2 2 1 3 1666 2383 1665
4224 2 2 1 3 1844 1845 1750
4225 2 2 1 3 164 886 165
4226 2 2 1 3 1423 1571 1560
4227 2 2 1 3 1391 1392 1389
4228 2 2 1 3 2349 2369 1771
4229 2 2 1 3 1665 2368 2261
4230 2 2 1 3 1221 2344 2332
4231 2 2 1 3 1387 1389 1388
4232 2 2 1 3 2341 2360 1643
4233 2 2 1 3 1697 2380 2369
4234 2 2 1 3 1351 2391 1346
4235 2 2 1 3 2173 2406 1217
4236 2 2 1 3 1482 1483 1481
4237 2 2 1 3 1920 2367 1388
4238 2 2 1 3 1504 2341 2271
4239 2 2 1 3 1643 2360 2192
4240 2 2 1 3 1482 1495 1483
4241 2 2 1 3 1633 2346 2255
4242 2 2 1 3 2279 2329 1359
4243 2 2 1 3 1387 1388 1385
4244 2 2 1 3 1316 2384 2141
4245 2 2 1 3 1389 2322 1388
4246 2 2 1 3 2347 2353 1154
4247 2 2 1 3 2187 2346 2274
4248 2 2 1 3 2243 2347 1154
4249 2 2 1 3 1509 2375 2346
4250 2 2 1 3 1393 1395 1392
4251 2 2 1 3 2328 2347 2243
4252 2 2 1 3 1571 1900 1761
4253 2 2 1 3 1104 2351 1314
4254 2 2 1 3 1571 1761 1560
4255 2 2 1 3 1639 2364 2329
4256 2 2 1 3 1637 2329 2279
4257 2 2 1 3 1621 2350 1330
4258 2 2 1 3 2318 2358 1772
4259 2 2 1 3 1450 2387 1652
4260 2 2 1 3 1346 1417 1299
4261 2 2 1 3 1396 2397 1393
4262 2 2 1 3 1399 2348 1406
4263 2 2 1 3 1666 2390 2383
4264 2 2 1 3 1424 2324 1469
4265 2 2 1 3 1285 2349 1195
4266 2 2 1 3 1769 2360 2341
4267 2 2 1 3 1536 2393 1341
4268 2 2 1 3 1697 2369 2289
4269 2 2 1 3 1359 2329 1465
4270 2 2 1 3 888 2304 174
4271 2 2 1 3 2098 2395 2096
4272 2 2 1 3 1445 2352 1012
4273 2 2 1 3 2274 2346 1633
4274 2 2 1 3 1560 2324 1424
4275 2 2 1 3 2354 2372 2085
4276 2 2 1 3 1482 1749 1495
4277 2 2 1 3 1749 1750 1495
4278 2 2 1 3 933 2373 1263
4279 2 2 1 3 2291 2370 1923
4280 2 2 1 3 1829 2390 1666
4281 2 2 1 3 163 2326 164
4282 2 2 1 3 2513 2516 829
4283 2 2 1 3 2360 2368 2192
4284 2 2 1 3 1012 2352 1014
4285 2 2 1 3 1392 2322 1389
4286 2 2 1 3 175 2304 849
4287 2 2 1 3 1937 2421 1687
4288 2 2 1 3 1014 2352 2339
4289 2 2 1 3 2229 2370 2291
4290 2 2 1 3 1154 2353 2245
4291 2 2 1 3 1377 2337 1374
4292 2 2 1 3 2061 2434 2427
4293 2 2 1 3 1020 2358 2318
4294 2 2 1 3 2374 2379 1541
4295 2 2 1 3 997 2354 995
4296 2 2 1 3 1229 1351 1346
4297 2 2 1 3 1610 2356 1608
4298 2 2 1 3 1089 2396 1251
4299 2 2 1 3 2007 2417 1121
4300 2 2 1 3 1469 2324 1605
4301 2 2 1 3 1143 2396 1080
4302 2 2 1 3 1760 2338 1581
4303 2 2 1 3 2232 2355 1904
4304 2 2 1 3 1749 1844 1750
4305 2 2 1 3 1994 2409 1889
4306 2 2 1 3 1381 2340 1379
4307 2 2 1 3 2033 2409 2032
4308 2 2 1 3 1327 2357 2173
4309 2 2 1 3 1395 2397 1783
4310 2 2 1 3 1406 2348 1423
4311 2 2 1 3 1516 2404 2357
4312 2 2 1 3 1965 2446 1966
4313 2 2 1 3 1401 2530 2459
4314 2 2 1 3 1608 2359 1510
4315 2 2 1 3 2432 2437 1467
4316 2 2 1 3 1269 2360 1769
4317 2 2 1 3 1017 2358 1020
4318 2 2 1 3 2215 2378 2231
4319 2 2 1 3 2356 2359 1608
4320 2 2 1 3 2353 2371 1647
4321 2 2 1 3 2346 2375 2255
4322 2 2 1 3 2250 2389 2249
4323 2 2 1 3 2085 2372 2050
4324 2 2 1 3 1975 2366 1651
4325 2 2 1 3 926 2362 930
4326 2 2 1 3 1285 2369 2349
4327 2 2 1 3 1746 1836 1745
4328 2 2 1 3 1410 2337 1377
4329 2 2 1 3 2441 2510 857
4330 2 2 1 3 2266 2375 1509
4331 2 2 1 3 1732 2380 1697
4332 2 2 1 3 1780 2365 1779
4333 2 2 1 3 1379 2340 1410
4334 2 2 1 3 2371 2374 1647
4335 2 2 1 3 1581 2338 1896
4336 2 2 1 3 1861 2237 1860
4337 2 2 1 3 2369 2380 1771
4338 2 2 1 3 1269 2368 2360
4339 2 2 1 3 1411 2340 1381
4340 2 2 1 3 1188 2405 1322
4341 2 2 1 3 1318 2376 2252
4342 2 2 1 3 1890 2338 1760
4343 2 2 1 3 1867 1868 1865
4344 2 2 1 3 2386 2387 1592
4345 2 2 1 3 1866 2237 1861
4346 2 2 1 3 2266 2386 2375
4347 2 2 1 3 1477 1479 1409
4348 2 2 1 3 1864 1865 1863
4349 2 2 1 3 1563 1891 1876
4350 2 2 1 3 2329 2364 1465
4351 2 2 1 3 1423 2348 1571
4352 2 2 1 3 2378 2394 1770
4353 2 2 1 3 2210 2426 1516
4354 2 2 1 3 1385 2367 1383
4355 2 2 1 3 1480 1481 1479
4356 2 2 1 3 1400 1408 1404
4357 2 2 1 3 2261 2368 1269
4358 2 2 1 3 1982 2448 2221
4359 2 2 1 3 1441 2370 2229
4360 2 2 1 3 2293 2376 1318
4361 2 2 1 3 1508 2371 2224
4362 2 2 1 3 1562 2410 1050
4363 2 2 1 3 2289 2369 1285
4364 2 2 1 3 1465 2364 1721
4365 2 2 1 3 1049 2410 1066
4366 2 2 1 3 1644 2413 1969
4367 2 2 1 3 1665 2383 2368
4368 2 2 1 3 2503 2505 2180
4369 2 2 1 3 2362 2373 930
4370 2 2 1 3 2290 2372 1501
4371 2 2 1 3 1480 1482 1481
4372 2 2 1 3 1642 2414 2183
4373 2 2 1 3 1657 2404 1650
4374 2 2 1 3 1383 2367 1411
4375 2 2 1 3 1647 2374 1449
4376 2 2 1 3 2224 2371 2353
4377 2 2 1 3 930 2373 933
4378 2 2 1 3 1346 2391 1473
4379 2 2 1 3 2210 2430 2426
4380 2 2 1 3 1776 2387 2386
4381 2 2 1 3 2344 2385 2332
4382 2 2 1 3 2366 2402 1676
4383 2 2 1 3 1667 2411 2275
4384 2 2 1 3 1900 2415 2407
4385 2 2 1 3 1678 2423 1679
4386 2 2 1 3 1388 2367 1385
4387 2 2 1 3 2389 2399 1778
4388 2 2 1 3 1316 2392 2384
4389 2 2 1 3 1860 2451 1799
4390 2 2 1 3 2372 2384 2050
4391 2 2 1 3 1441 2378 2370
4392 2 2 1 3 1209 2363 1187
4393 2 2 1 3 2255 2375 2182
4394 2 2 1 3 911 2418 1068
4395 2 2 1 3 1632 2376 2293
4396 2 2 1 3 2182 2386 1592
4397 2 2 1 3 1771 2380 1730
4398 2 2 1 3 1649 2381 1920
4399 2 2 1 3 1775 2379 1774
4400 2 2 1 3 1473 2391 1746
4401 2 2 1 3 2231 2378 1441
4402 2 2 1 3 2375 2386 2182
4403 2 2 1 3 1516 2426 2404
4404 2 2 1 3 1877 2377 2324
4405 2 2 1 3 2105 2452 2103
4406 2 2 1 3 1654 2382 1913
4407 2 2 1 3 1216 2420 907
4408 2 2 1 3 1187 2363 1229
4409 2 2 1 3 2062 2416 2251
4410 2 2 1 3 1094 2455 1900
4411 2 2 1 3 1774 2379 2374
4412 2 2 1 3 2290 2384 2372
4413 2 2 1 3 164 2326 886
4414 2 2 1 3 2430 2435 1669
4415 2 2 1 3 1263 2400 2283
4416 2 2 1 3 1701 2517 2516
4417 2 2 1 3 1605 2377 1857
4418 2 2 1 3 1656 2431 2041
4419 2 2 1 3 2507 2511 2184
4420 2 2 1 3 1646 2415 1960
4421 2 2 1 3 2192 2383 1547
4422 2 2 1 3 2324 2377 1605
4423 2 2 1 3 1006 2444 1025
4424 2 2 1 3 1846 2519 1847
4425 2 2 1 3 2260 2425 1768
4426 2 2 1 3 1632 2389 2376
4427 2 2 1 3 2011 2385 2344
4428 2 2 1 3 2368 2383 2192
4429 2 2 1 3 1661 2430 1669
4430 2 2 1 3 1592 2387 1450
4431 2 2 1 3 2383 2390 1547
4432 2 2 1 3 1477 1480 1479
4433 2 2 1 3 905 2429 1216
4434 2 2 1 3 2141 2384 2290
4435 2 2 1 3 1408 1476 1409
4436 2 2 1 3 2357 2404 1657
4437 2 2 1 3 1229 2363 1351
4438 2 2 1 3 1776 2386 2266
4439 2 2 1 3 1477 1555 1480
4440 2 2 1 3 1770 2394 1670
4441 2 2 1 3 1476 1477 1409
4442 2 2 1 3 2113 2400 2382
4443 2 2 1 3 1864 1867 1865
4444 2 2 1 3 2103 2454 2102
4445 2 2 1 3 1587 2429 903
4446 2 2 1 3 2050 2392 2049
4447 2 2 1 3 2249 2389 1632
4448 2 2 1 3 1547 2390 2265
4449 2 2 1 3 1451 2432 1467
4450 2 2 1 3 1346 1473 1417
4451 2 2 1 3 2452 2454 2103
4452 2 2 1 3 1458 2438 1456
4453 2 2 1 3 1536 2480 2393
4454 2 2 1 3 1341 2393 2160
4455 2 2 1 3 2454 2456 2102
4456 2 2 1 3 2096 2395 2095
4457 2 2 1 3 1932 2597 864
4458 2 2 1 3 2332 2385 1636
4459 2 2 1 3 1670 2403 1655
4460 2 2 1 3 2095 2464 1143
4461 2 2 1 3 1473 1553 1417
4462 2 2 1 3 1080 2396 1089
4463 2 2 1 3 1253 2394 2215
4464 2 2 1 3 2394 2403 1670
4465 2 2 1 3 1568 2459 1704
4466 2 2 1 3 2392 2398 2049
4467 2 2 1 3 2385 2401 1636
4468 2 2 1 3 1408 1409 1404
4469 2 2 1 3 2212 2445 2105
4470 2 2 1 3 2461 2464 2095
4471 2 2 1 3 1762 2447 1714
4472 2 2 1 3 1980 2470 1982
4473 2 2 1 3 1702 2488 2069
4474 2 2 1 3 2032 2409 1994
4475 2 2 1 3 1669 2435 1733
4476 2 2 1 3 1778 2399 1777
4477 2 2 1 3 1862 1870 1864
4478 2 2 1 3 2478 2483 1690
4479 2 2 1 3 2049 2398 2149
4480 2 2 1 3 1553 2361 1800
4481 2 2 1 3 1862 1864 1863
4482 2 2 1 3 1253 2403 2394
4483 2 2 1 3 2403 2412 1655
4484 2 2 1 3 1960 2415 2348
4485 2 2 1 3 1482 2388 1749
4486 2 2 1 3 1566 1838 1744
4487 2 2 1 3 1473 1745 1553
4488 2 2 1 3 2310 2402 1445
4489 2 2 1 3 2227 2493 1536
4490 2 2 1 3 2398 2406 2149
4491 2 2 1 3 1969 2496 1694
4492 2 2 1 3 2348 2415 1571
4493 2 2 1 3 2382 2400 1263
4494 2 2 1 3 1836 2298 1745
4495 2 2 1 3 2384 2392 2050
4496 2 2 1 3 1862 1863 1861
4497 2 2 1 3 2241 2403 1253
4498 2 2 1 3 2402 2439 1676
4499 2 2 1 3 1842 2537 1744
4500 2 2 1 3 1440 2405 1188
4501 2 2 1 3 2283 2400 1630
4502 2 2 1 3 1636 2401 1773
4503 2 2 1 3 2149 2406 1657
4504 2 2 1 3 1655 2412 2142
4505 2 2 1 3 1112 2399 2250
4506 2 2 1 3 2399 2411 1777
4507 2 2 1 3 1978 2408 1980
4508 2 2 1 3 1650 2404 2276
4509 2 2 1 3 1538 2475 2472
4510 2 2 1 3 1517 2458 2456
4511 2 2 1 3 1404 2433 2397
4512 2 2 1 3 1676 2439 2024
4513 2 2 1 3 1112 2411 2399
4514 2 2 1 3 2412 2416 2142
4515 2 2 1 3 2227 2498 2493
4516 2 2 1 3 2206 2402 2310
4517 2 2 1 3 1841 1843 1557
4518 2 2 1 3 1671 2436 2113
4519 2 2 1 3 915 2450 2157
4520 2 2 1 3 1983 2463 2408
4521 2 2 1 3 1539 2443 1794
4522 2 2 1 3 1445 2402 2366
4523 2 2 1 3 913 2450 915
4524 2 2 1 3 2241 2412 2403
4525 2 2 1 3 2113 2436 2400
4526 2 2 1 3 2184 2511 837
4527 2 2 1 3 2157 2450 2033
4528 2 2 1 3 1812 2440 2288
4529 2 2 1 3 1480 2388 1482
4530 2 2 1 3 1951 2526 1026
4531 2 2 1 3 1409 2433 1404
4532 2 2 1 3 2107 2407 1646
4533 2 2 1 3 1400 1404 1396
4534 2 2 1 3 1671 2442 2436
4535 2 2 1 3 1781 2437 2432
4536 2 2 1 3 1750 2443 1495
4537 2 2 1 3 1082 2412 2241
4538 2 2 1 3 2275 2411 1112
4539 2 2 1 3 1050 2410 1049
4540 2 2 1 3 2168 2413 1644
4541 2 2 1 3 1785 2414 1642
4542 2 2 1 3 2007 2479 2417
4543 2 2 1 3 1082 2416 2412
4544 2 2 1 3 2498 2502 1715
4545 2 2 1 3 2100 2458 2098
4546 2 2 1 3 1121 2417 1983
4547 2 2 1 3 1702 2489 2488
4548 2 2 1 3 1691 2489 1702
4549 2 2 1 3 1393 2397 1395
4550 2 2 1 3 2404 2426 2276
4551 2 2 1 3 1682 2442 1671
4552 2 2 1 3 909 2418 911
4553 2 2 1 3 2400 2436 1630
4554 2 2 1 3 2251 2416 1082
4555 2 2 1 3 1692 2490 1691
4556 2 2 1 3 1682 2445 2442
4557 2 2 1 3 1745 2361 1553
4558 2 2 1 3 1517 2456 1336
4559 2 2 1 3 909 2420 2418
4560 2 2 1 3 907 2420 909
4561 2 2 1 3 2453 2474 1652
4562 2 2 1 3 1691 2490 2489
4563 2 2 1 3 1536 2493 2480
4564 2 2 1 3 1938 2421 1937
4565 2 2 1 3 2206 2439 2402
4566 2 2 1 3 2168 2499 2494
4567 2 2 1 3 1694 2492 1692
4568 2 2 1 3 1566 1744 1564
4569 2 2 1 3 1785 2500 2495
4570 2 2 1 3 301 2460 300
4571 2 2 1 3 2021 2521 1422
4572 2 2 1 3 1557 2419 1476
4573 2 2 1 3 2062 2427 2416
4574 2 2 1 3 1692 2492 2490
4575 2 2 1 3 2439 2448 2024
4576 2 2 1 3 1555 2388 1480
4577 2 2 1 3 1953 2468 1481
4578 2 2 1 3 2395 2461 2095
4579 2 2 1 3 1764 2423 1678
4580 2 2 1 3 2501 2507 880
4581 2 2 1 3 2438 2515 1456
4582 2 2 1 3 2397 2433 1783
4583 2 2 1 3 954 2506 2007
4584 2 2 1 3 1571 2415 1900
4585 2 2 1 3 1422 2520 2138
4586 2 2 1 3 1505 2461 1517
4587 2 2 1 3 1763 2424 1880
4588 2 2 1 3 1859 1862 1861
4589 2 2 1 3 2064 2485 2063
4590 2 2 1 3 2298 2361 1745
4591 2 2 1 3 2449 2523 1955
4592 2 2 1 3 2138 2514 954
4593 2 2 1 3 1694 2496 2492
4594 2 2 1 3 1788 2491 2381
4595 2 2 1 3 1365 2465 1364
4596 2 2 1 3 1477 2419 1555
4597 2 2 1 3 1859 1860 1799
4598 2 2 1 3 1667 2428 2411
4599 2 2 1 3 880 2507 2184
4600 2 2 1 3 1788 2525 2491
4601 2 2 1 3 1967 2539 1194
4602 2 2 1 3 1777 2428 1515
4603 2 2 1 3 2066 2486 2064
4604 2 2 1 3 1795 2472 1684
4605 2 2 1 3 1728 2465 1488
4606 2 2 1 3 1705 2425 2260
4607 2 2 1 3 2142 2427 1613
4608 2 2 1 3 2210 2435 2430
4609 2 2 1 3 2500 2503 879
4610 2 2 1 3 1467 2437 1719
4611 2 2 1 3 1938 2481 2477
4612 2 2 1 3 2069 2487 2066
4613 2 2 1 3 2481 2482 851
4614 2 2 1 3 903 2429 905
4615 2 2 1 3 2276 2426 1660
4616 2 2 1 3 2426 2430 1660
4617 2 2 1 3 1859 1861 1860
4618 2 2 1 3 2064 2486 2485
4619 2 2 1 3 1520 2463 1439
4620 2 2 1 3 2428 2432 1515
4621 2 2 1 3 1422 2521 2520
4622 2 2 1 3 2179 2504 833
4623 2 2 1 3 1660 2430 1661
4624 2 2 1 3 2066 2487 2486
4625 2 2 1 3 2387 2453 1652
4626 2 2 1 3 2427 2434 1613
4627 2 2 1 3 1784 2431 1656
4628 2 2 1 3 863 2469 120
4629 2 2 1 3 2069 2488 2487
4630 2 2 1 3 1476 2419 1477
4631 2 2 1 3 2041 2467 1683
4632 2 2 1 3 2138 2520 2514
4633 2 2 1 3 2425 2505 1768
4634 2 2 1 3 1687 2473 1685
4635 2 2 1 3 954 2514 2506
4636 2 2 1 3 1515 2432 1451
4637 2 2 1 3 122 2471 859
4638 2 2 1 3 2504 2508 833
4639 2 2 1 3 1888 2517 1701
4640 2 2 1 3 833 2508 2174
4641 2 2 1 3 1613 2434 1893
4642 2 2 1 3 1900 2455 1761
4643 2 2 1 3 1471 2435 2210
4644 2 2 1 3 1630 2436 2258
4645 2 2 1 3 1683 2466 2046
4646 2 2 1 3 2228 2474 1780
4647 2 2 1 3 2471 2473 859
4648 2 2 1 3 859 2477 123
4649 2 2 1 3 1784 2471 2469
4650 2 2 1 3 2063 2482 1688
4651 2 2 1 3 1720 2476 1802
4652 2 2 1 3 2160 2483 1250
4653 2 2 1 3 1653 2515 2512
4654 2 2 1 3 1532 2478 1690
4655 2 2 1 3 125 2481 851
4656 2 2 1 3 2238 2451 1860
4657 2 2 1 3 2445 2452 2105
4658 2 2 1 3 1512 2453 1776
4659 2 2 1 3 2436 2442 2258
4660 2 2 1 3 1681 2438 1458
4661 2 2 1 3 2046 2462 1791
4662 2 2 1 3 1026 2444 1006
4663 2 2 1 3 1683 2467 2466
4664 2 2 1 3 1934 2534 1079
4665 2 2 1 3 1681 2441 2438
4666 2 2 1 3 2311 2437 1781
4667 2 2 1 3 1786 2441 1681
4668 2 2 1 3 1843 2419 1557
4669 2 2 1 3 1402 2543 2540
4670 2 2 1 3 1690 2480 1668
4671 2 2 1 3 1173 2439 2206
4672 2 2 1 3 2288 2440 1626
4673 2 2 1 3 1479 2433 1409
4674 2 2 1 3 1834 2476 2314
4675 2 2 1 3 1982 2470 2448
4676 2 2 1 3 1791 2457 1792
4677 2 2 1 3 2007 2506 2479
4678 2 2 1 3 1517 2461 2395
4679 2 2 1 3 2258 2442 1133
4680 2 2 1 3 1079 2535 1964
4681 2 2 1 3 1495 2443 1539
4682 2 2 1 3 2442 2445 1133
4683 2 2 1 3 2416 2427 2142
4684 2 2 1 3 2411 2428 1777
4685 2 2 1 3 1641 2484 1561
4686 2 2 1 3 2437 2447 1719
4687 2 2 1 3 147 2510 148
4688 2 2 1 3 2046 2466 2462
4689 2 2 1 3 2168 2494 2413
4690 2 2 1 3 1704 2459 1798
4691 2 2 1 3 1413 2475 1538
4692 2 2 1 3 1785 2495 2414
4693 2 2 1 3 1133 2445 2212
4694 2 2 1 3 2414 2511 2183
4695 2 2 1 3 1677 2479 2305
4696 2 2 1 3 1953 2475 2468
4697 2 2 1 3 1964 2446 1965
4698 2 2 1 3 2365 2453 1512
4699 2 2 1 3 1791 2462 2457
4700 2 2 1 3 2408 2463 1520
4701 2 2 1 3 842 2494 134
4702 2 2 1 3 837 2495 139
4703 2 2 1 3 2444 2449 1025
4704 2 2 1 3 1587 2517 2429
4705 2 2 1 3 1173 2448 2439
4706 2 2 1 3 2221 2448 1173
4707 2 2 1 3 136 2499 880
4708 2 2 1 3 141 2500 879
4709 2 2 1 3 1938 2477 2421
4710 2 2 1 3 839 2552 1903
4711 2 2 1 3 2063 2485 2482
4712 2 2 1 3 2534 2535 1079
4713 2 2 1 3 2166 2501 2168
4714 2 2 1 3 1699 2498 1715
4715 2 2 1 3 2422 2538 1845
4716 2 2 1 3 2230 2505 1695
4717 2 2 1 3 1748 2502 1487
4718 2 2 1 3 1949 2525 1951
4719 2 2 1 3 1068 2450 913
4720 2 2 1 3 2365 2474 2453
4721 2 2 1 3 2311 2447 2437
4722 2 2 1 3 1714 2447 2311
4723 2 2 1 3 2174 2512 2158
4724 2 2 1 3 2180 2505 2425
4725 2 2 1 3 2393 2480 1690
4726 2 2 1 3 1455 2515 1653
4727 2 2 1 3 2159 2515 2438
4728 2 2 1 3 2268 2452 1682
4729 2 2 1 3 2431 2469 863
4730 2 2 1 3 1390 2544 1870
4731 2 2 1 3 2421 2477 859
4732 2 2 1 3 2456 2458 2102
4733 2 2 1 3 1976 2524 1368
4734 2 2 1 3 1784 2469 2431
4735 2 2 1 3 1638 2518 1734
4736 2 2 1 3 2268 2454 2452
4737 2 2 1 3 2433 2468 1783
4738 2 2 1 3 149 2513 829
4739 2 2 1 3 1701 2516 1786
4740 2 2 1 3 1871 2524 1851
4741 2 2 1 3 1718 2518 2302
4742 2 2 1 3 1337 2456 2454
4743 2 2 1 3 1337 2454 2268
4744 2 2 1 3 2417 2479 1677
4745 2 2 1 3 1682 2452 2445
4746 2 2 1 3 837 2511 2414
4747 2 2 1 3 1336 2456 1337
4748 2 2 1 3 2228 2483 2478
4749 2 2 1 3 2228 2478 2474
4750 2 2 1 3 1537 2523 1648
4751 2 2 1 3 2413 2494 842
4752 2 2 1 3 2414 2495 837
4753 2 2 1 3 1479 2468 2433
4754 2 2 1 3 1761 2455 1899
4755 2 2 1 3 2508 2512 2174
4756 2 2 1 3 2472 2475 1953
4757 2 2 1 3 2102 2458 2100
4758 2 2 1 3 890 2457 2234
4759 2 2 1 3 874 2460 301
4760 2 2 1 3 846 2577 1910
4761 2 2 1 3 1851 2524 1586
4762 2 2 1 3 2429 2517 1888
4763 2 2 1 3 1658 2461 1505
4764 2 2 1 3 1776 2453 2387
4765 2 2 1 3 2457 2462 2234
4766 2 2 1 3 1658 2464 2461
4767 2 2 1 3 2234 2462 884
4768 2 2 1 3 2525 2526 1951
4769 2 2 1 3 1892 2464 1658
4770 2 2 1 3 2448 2470 2024
4771 2 2 1 3 1488 2465 1365
4772 2 2 1 3 1704 1798 1797
4773 2 2 1 3 879 2503 2180
4774 2 2 1 3 1439 2463 1677
4775 2 2 1 3 884 2466 2223
4776 2 2 1 3 2462 2466 884
4777 2 2 1 3 1838 1842 1744
4778 2 2 1 3 2223 2467 863
4779 2 2 1 3 2466 2467 2223
4780 2 2 1 3 120 2469 121
4781 2 2 1 3 2024 2470 1520
4782 2 2 1 3 2469 2471 121
4783 2 2 1 3 121 2471 122
4784 2 2 1 3 1138 2527 1169
4785 2 2 1 3 1684 2472 1953
4786 2 2 1 3 1858 1859 1799
4787 2 2 1 3 1938 2482 2481
4788 2 2 1 3 1685 2473 1784
4789 2 2 1 3 1481 2468 1479
4790 2 2 1 3 1784 2473 2471
4791 2 2 1 3 891 2601 2238
4792 2 2 1 3 1748 2509 2502
4793 2 2 1 3 1783 2475 1413
4794 2 2 1 3 2227 2502 2498
4795 2 2 1 3 123 2477 124
4796 2 2 1 3 2314 2476 1720
4797 2 2 1 3 1652 2478 1532
4798 2 2 1 3 2477 2481 124
4799 2 2 1 3 2468 2475 1783
4800 2 2 1 3 124 2481 125
4801 2 2 1 3 1668 2480 2307
4802 2 2 1 3 2305 2479 1645
4803 2 2 1 3 1756 2497 2045
4804 2 2 1 3 1811 2531 1726
4805 2 2 1 3 2006 2532 892
4806 2 2 1 3 1688 2482 1938
4807 2 2 1 3 1753 2578 1754
4808 2 2 1 3 1780 2474 2365
4809 2 2 1 3 1854 2497 1756
4810 2 2 1 3 1785 2503 2500
4811 2 2 1 3 1250 2483 2228
4812 2 2 1 3 1561 2484 1875
4813 2 2 1 3 851 2485 2197
4814 2 2 1 3 1411 2491 2340
4815 2 2 1 3 1555 2519 2388
4816 2 2 1 3 1648 2523 2449
4817 2 2 1 3 2516 2517 1927
4818 2 2 1 3 2485 2486 2197
4819 2 2 1 3 2197 2486 881
4820 2 2 1 3 1798 1799 1797
4821 2 2 1 3 2486 2487 881
4822 2 2 1 3 2340 2491 2309
4823 2 2 1 3 2480 2493 2307
4824 2 2 1 3 881 2487 2193
4825 2 2 1 3 2487 2488 2193
4826 2 2 1 3 2479 2506 1645
4827 2 2 1 3 2193 2488 847
4828 2 2 1 3 847 2489 2194
4829 2 2 1 3 2482 2485 851
4830 2 2 1 3 2488 2489 847
4831 2 2 1 3 2491 2525 2309
4832 2 2 1 3 2489 2490 2194
4833 2 2 1 3 2512 2515 2159
4834 2 2 1 3 2194 2490 882
4835 2 2 1 3 2490 2492 882
4836 2 2 1 3 2233 2511 2507
4837 2 2 1 3 882 2492 2190
4838 2 2 1 3 134 2494 135
4839 2 2 1 3 139 2495 140
4840 2 2 1 3 2492 2496 2190
4841 2 2 1 3 2190 2496 842
4842 2 2 1 3 2494 2499 135
4843 2 2 1 3 2493 2498 1698
4844 2 2 1 3 2495 2500 140
4845 2 2 1 3 2045 2497 1879
4846 2 2 1 3 2307 2493 1698
4847 2 2 1 3 135 2499 136
4848 2 2 1 3 1698 2498 1699
4849 2 2 1 3 140 2500 141
4850 2 2 1 3 148 2513 149
4851 2 2 1 3 2474 2478 1652
4852 2 2 1 3 1927 2517 1587
4853 2 2 1 3 2167 2501 2166
4854 2 2 1 3 2381 2491 1411
4855 2 2 1 3 1798 1858 1799
4856 2 2 1 3 1695 2503 1785
4857 2 2 1 3 2167 2507 2501
4858 2 2 1 3 1487 2502 2227
4859 2 2 1 3 1768 2505 2230
4860 2 2 1 3 1705 2508 2504
4861 2 2 1 3 2233 2507 2167
4862 2 2 1 3 1645 2506 1706
4863 2 2 1 3 1653 2508 1705
4864 2 2 1 3 2388 2519 1846
4865 2 2 1 3 1715 2509 1813
4866 2 2 1 3 2183 2511 2233
4867 2 2 1 3 2158 2512 2159
4868 2 2 1 3 829 2516 1927
4869 2 2 1 3 2506 2514 1706
4870 2 2 1 3 1456 2515 1455
4871 2 2 1 3 1706 2514 1708
4872 2 2 1 3 2514 2520 1708
4873 2 2 1 3 1708 2520 1763
4874 2 2 1 3 2302 2518 1638
4875 2 2 1 3 2520 2521 1763
4876 2 2 1 3 908 2529 906
4877 2 2 1 3 1954 2536 1934
4878 2 2 1 3 1653 2512 2508
4879 2 2 1 3 1391 2543 1394
4880 2 2 1 3 853 2623 1881
4881 2 2 1 3 1705 2504 2425
4882 2 2 1 3 2523 2533 1955
4883 2 2 1 3 1538 2523 1537
4884 2 2 1 3 1750 2539 2443
4885 2 2 1 3 1786 2510 2441
4886 2 2 1 3 1586 2524 1976
4887 2 2 1 3 1763 2521 2424
4888 2 2 1 3 2502 2509 1715
4889 2 2 1 3 2309 2525 1949
4890 2 2 1 3 921 2538 919
4891 2 2 1 3 1787 2526 1788
4892 2 2 1 3 1169 2527 1209
4893 2 2 1 3 2443 2539 1967
4894 2 2 1 3 1788 2526 2525
4895 2 2 1 3 1795 2536 2533
4896 2 2 1 3 1795 2533 2472
4897 2 2 1 3 2510 2513 148
4898 2 2 1 3 919 2538 2422
4899 2 2 1 3 2247 2542 1711
4900 2 2 1 3 1906 2641 832
4901 2 2 1 3 1786 2513 2510
4902 2 2 1 3 2545 2562 177
4903 2 2 1 3 1726 2531 1728
4904 2 2 1 3 1858 2540 1859
4905 2 2 1 3 862 2550 11
4906 2 2 1 3 1862 2540 1870
4907 2 2 1 3 892 2532 1987
4908 2 2 1 3 1934 2536 2534
4909 2 2 1 3 1538 2533 2523
4910 2 2 1 3 2137 2556 1731
4911 2 2 1 3 848 2326 163
4912 2 2 1 3 2533 2536 1955
4913 2 2 1 3 176 2545 177
4914 2 2 1 3 1631 2546 1471
4915 2 2 1 3 1870 2544 1864
4916 2 2 1 3 871 2549 1963
4917 2 2 1 3 1930 2549 1929
4918 2 2 1 3 2459 2530 1798
4919 2 2 1 3 1386 2554 1867
4920 2 2 1 3 1956 2550 1958
4921 2 2 1 3 1798 2530 1858
4922 2 2 1 3 2136 2640 1814
4923 2 2 1 3 887 2548 169
4924 2 2 1 3 11 2550 186
4925 2 2 1 3 832 2641 2151
4926 2 2 1 3 2265 2551 1716
4927 2 2 1 3 2238 2571 891
4928 2 2 1 3 885 2555 2123
4929 2 2 1 3 158 853 159
4930 2 2 1 3 828 2553 202
4931 2 2 1 3 171 2552 839
4932 2 2 1 3 203 2553 883
4933 2 2 1 3 2435 2546 1733
4934 2 2 1 3 2472 2533 1538
4935 2 2 1 3 1793 2534 1795
4936 2 2 1 3 1955 2536 1954
4937 2 2 1 3 1885 2589 1869
4938 2 2 1 3 1793 2535 2534
4939 2 2 1 3 1794 2535 1793
4940 2 2 1 3 838 2555 207
4941 2 2 1 3 208 2555 885
4942 2 2 1 3 1731 2556 1696
4943 2 2 1 3 1936 2537 1233
4944 2 2 1 3 206 2557 838
4945 2 2 1 3 183 2566 894
4946 2 2 1 3 1959 2625 1754
4947 2 2 1 3 1194 2538 921
4948 2 2 1 3 1887 2589 1885
4949 2 2 1 3 1845 2539 1750
4950 2 2 1 3 865 2564 2006
4951 2 2 1 3 2265 2586 2551
4952 2 2 1 3 1859 2540 1862
4953 2 2 1 3 1746 2541 1836
4954 2 2 1 3 2080 2559 2079
4955 2 2 1 3 161 891 162
4956 2 2 1 3 1988 2573 890
4957 2 2 1 3 182 2566 183
4958 2 2 1 3 2534 2536 1795
4959 2 2 1 3 1711 2542 1822
4960 2 2 1 3 1394 2543 1402
4961 2 2 1 3 855 2628 2595
4962 2 2 1 3 8 889 156
4963 2 2 1 3 1910 2632 846
4964 2 2 1 3 2460 2565 300
4965 2 2 1 3 294 2560 1905
4966 2 2 1 3 873 2561 305
4967 2 2 1 3 304 2561 835
4968 2 2 1 3 1754 2625 1973
4969 2 2 1 3 1864 2544 1867
4970 2 2 1 3 1807 2562 2545
4971 2 2 1 3 295 2560 294
4972 2 2 1 3 178 2562 860
4973 2 2 1 3 1550 2563 1820
4974 2 2 1 3 1802 2565 2460
4975 2 2 1 3 299 2565 830
4976 2 2 1 3 896 2547 261
4977 2 2 1 3 2546 2583 1733
4978 2 2 1 3 261 2547 260
4979 2 2 1 3 849 2545 176
4980 2 2 1 3 2440 2563 1626
4981 2 2 1 3 1815 2572 1735
4982 2 2 1 3 869 2569 190
4983 2 2 1 3 191 2569 843
4984 2 2 1 3 2273 2622 2017
4985 2 2 1 3 111 2547 112
4986 2 2 1 3 1901 2572 1902
4987 2 2 1 3 2320 2580 1940
4988 2 2 1 3 1867 2554 1868
4989 2 2 1 3 1471 2546 2435
4990 2 2 1 3 268 2570 267
4991 2 2 1 3 1924 2619 869
4992 2 2 1 3 872 2558 2002
4993 2 2 1 3 1929 2549 871
4994 2 2 1 3 169 2548 170
4995 2 2 1 3 1803 2574 1738
4996 2 2 1 3 1740 2574 1911
4997 2 2 1 3 886 2589 1887
4998 2 2 1 3 1868 2554 1884
4999 2 2 1 3 285 2575 876
5000 2 2 1 3 1990 2558 872
5001 2 2 1 3 1910 2577 1909
5002 2 2 1 3 186 2550 1956
5003 2 2 1 3 1731 2640 2136
5004 2 2 1 3 1716 2551 1837
5005 2 2 1 3 2548 2552 170
5006 2 2 1 3 1730 2576 1727
5007 2 2 1 3 1743 2577 1808
5008 2 2 1 3 852 2578 1924
5009 2 2 1 3 2246 2609 1808
5010 2 2 1 3 1796 2591 1881
5011 2 2 1 3 170 2552 171
5012 2 2 1 3 2282 2579 864
5013 2 2 1 3 1940 2580 1939
5014 2 2 1 3 202 2553 203
5015 2 2 1 3 890 2573 2457
5016 2 2 1 3 1759 2581 1809
5017 2 2 1 3 2551 2586 856
5018 2 2 1 3 207 2555 208
5019 2 2 1 3 2465 2588 1364
5020 2 2 1 3 1689 2579 2017
5021 2 2 1 3 1985 2585 195
5022 2 2 1 3 196 2585 834
5023 2 2 1 3 1696 2556 1732
5024 2 2 1 3 2132 2583 2546
5025 2 2 1 3 1897 2587 1773
5026 2 2 1 3 205 2557 206
5027 2 2 1 3 2380 2582 1730
5028 2 2 1 3 2090 2588 2465
5029 2 2 1 3 1972 2643 1832
5030 2 2 1 3 1829 2586 2390
5031 2 2 1 3 1802 2594 1748
5032 2 2 1 3 260 2547 111
5033 2 2 1 3 834 2643 1972
5034 2 2 1 3 1832 2587 1972
5035 2 2 1 3 1806 2580 2320
5036 2 2 1 3 1747 2598 2044
5037 2 2 1 3 1789 2593 1833
5038 2 2 1 3 270 2595 2086
5039 2 2 1 3 855 2595 271
5040 2 2 1 3 1807 2600 1741
5041 2 2 1 3 1881 2623 1882
5042 2 2 1 3 2238 2601 2451
5043 2 2 1 3 2002 2558 2518
5044 2 2 1 3 2460 2594 1802
5045 2 2 1 3 1972 2587 870
5046 2 2 1 3 2043 2634 1747
5047 2 2 1 3 1723 2598 1747
5048 2 2 1 3 876 2575 2542
5049 2 2 1 3 287 2599 286
5050 2 2 1 3 1818 2603 2151
5051 2 2 1 3 1962 2604 854
5052 2 2 1 3 9 2571 848
5053 2 2 1 3 2518 2558 1734
5054 2 2 1 3 2151 2603 291
5055 2 2 1 3 290 2603 878
5056 2 2 1 3 896 2615 2547
5057 2 2 1 3 2124 2606 2125
5058 2 2 1 3 2123 2609 885
5059 2 2 1 3 886 2607 2589
5060 2 2 1 3 2556 2559 1732
5061 2 2 1 3 2079 2559 850
5062 2 2 1 3 864 2597 217
5063 2 2 1 3 12 2617 316
5064 2 2 1 3 219 2617 12
5065 2 2 1 3 2121 2609 2123
5066 2 2 1 3 883 2612 2128
5067 2 2 1 3 839 2610 172
5068 2 2 1 3 173 2610 888
5069 2 2 1 3 893 2617 1931
5070 2 2 1 3 865 2593 2564
5071 2 2 1 3 856 2560 295
5072 2 2 1 3 2128 2612 2127
5073 2 2 1 3 1804 2612 1821
5074 2 2 1 3 296 2613 856
5075 2 2 1 3 875 2614 2080
5076 2 2 1 3 113 2615 895
5077 2 2 1 3 2361 2608 1800
5078 2 2 1 3 267 2618 266
5079 2 2 1 3 1990 2584 2558
5080 2 2 1 3 2281 2643 1840
5081 2 2 1 3 1987 2636 1986
5082 2 2 1 3 1792 2564 1790
5083 2 2 1 3 1624 2640 1731
5084 2 2 1 3 1905 2560 1829
5085 2 2 1 3 298 2635 297
5086 2 2 1 3 2087 2631 845
5087 2 2 1 3 1814 2640 2297
5088 2 2 1 3 846 2632 211
5089 2 2 1 3 179 2626 10
5090 2 2 1 3 1940 2620 1816
5091 2 2 1 3 305 2561 304
5092 2 2 1 3 2091 2588 2090
5093 2 2 1 3 845 2631 2531
5094 2 2 1 3 177 2562 178
5095 2 2 1 3 2532 2564 1792
5096 2 2 1 3 2545 2600 1807
5097 2 2 1 3 874 2594 2460
5098 2 2 1 3 1626 2563 1550
5099 2 2 1 3 1747 2634 1897
5100 2 2 1 3 1825 2629 1886
5101 2 2 1 3 2006 2564 2532
5102 2 2 1 3 300 2565 299
5103 2 2 1 3 2080 2582 2559
5104 2 2 1 3 1814 2628 2136
5105 2 2 1 3 894 2566 2298
5106 2 2 1 3 2595 2628 1820
5107 2 2 1 3 212 2632 1911
5108 2 2 1 3 2558 2584 1734
5109 2 2 1 3 1351 2625 2391
5110 2 2 1 3 1809 2629 1825
5111 2 2 1 3 190 2569 191
5112 2 2 1 3 856 2613 2551
5113 2 2 1 3 887 2581 2548
5114 2 2 1 3 159 2567 160
5115 2 2 1 3 1735 2572 1901
5116 2 2 1 3 861 2570 268
5117 2 2 1 3 2593 2618 1833
5118 2 2 1 3 1721 2633 1963
5119 2 2 1 3 162 2571 9
5120 2 2 1 3 160 2568 161
5121 2 2 1 3 2531 2631 1728
5122 2 2 1 3 2017 2622 1803
5123 2 2 1 3 1738 2574 1740
5124 2 2 1 3 2044 2598 828
5125 2 2 1 3 2457 2573 1792
5126 2 2 1 3 2091 2616 2588
5127 2 2 1 3 1806 2611 2580
5128 2 2 1 3 286 2575 285
5129 2 2 1 3 1911 2632 1910
5130 2 2 1 3 1933 2579 1689
5131 2 2 1 3 1882 2623 157
5132 2 2 1 3 1909 2577 1743
5133 2 2 1 3 1727 2576 1811
5134 2 2 1 3 1957 2578 852
5135 2 2 1 3 2569 2620 843
5136 2 2 1 3 878 2583 2132
5137 2 2 1 3 1939 2580 868
5138 2 2 1 3 853 2567 159
5139 2 2 1 3 874 2624 2594
5140 2 2 1 3 218 2597 1931
5141 2 2 1 3 854 2584 1990
5142 2 2 1 3 2615 2636 895
5143 2 2 1 3 2391 2596 1746
5144 2 2 1 3 2080 2614 2576
5145 2 2 1 3 2548 2581 1782
5146 2 2 1 3 1762 2602 2003
5147 2 2 1 3 2557 2606 838
5148 2 2 1 3 2542 2575 1822
5149 2 2 1 3 1746 2596 2541
5150 2 2 1 3 2541 2596 1958
5151 2 2 1 3 1782 2581 1759
5152 2 2 1 3 157 2623 158
5153 2 2 1 3 891 2571 162
5154 2 2 1 3 2559 2582 1732
5155 2 2 1 3 161 2568 891
5156 2 2 1 3 843 2620 1940
5157 2 2 1 3 1732 2582 2380
5158 2 2 1 3 2040 2624 874
5159 2 2 1 3 10 2590 180
5160 2 2 1 3 1733 2583 1818
5161 2 2 1 3 2564 2593 1790
5162 2 2 1 3 1734 2584 1819
5163 2 2 1 3 195 2585 196
5164 2 2 1 3 1985 2611 1805
5165 2 2 1 3 2598 2639 828
5166 2 2 1 3 1803 2622 2574
5167 2 2 1 3 2390 2586 2265
5168 2 2 1 3 1773 2587 1832
5169 2 2 1 3 180 2590 866
5170 2 2 1 3 1364 2588 2242
5171 2 2 1 3 2326 2607 886
5172 2 2 1 3 885 2609 2246
5173 2 2 1 3 2093 2616 2091
5174 2 2 1 3 1801 2591 1796
5175 2 2 1 3 1869 2589 1993
5176 2 2 1 3 894 2592 184
5177 2 2 1 3 185 2592 862
5178 2 2 1 3 2151 2641 1818
5179 2 2 1 3 2547 2615 112
5180 2 2 1 3 1819 2633 2364
5181 2 2 1 3 1818 2641 1710
5182 2 2 1 3 184 2592 185
5183 2 2 1 3 1790 2593 1789
5184 2 2 1 3 217 2597 218
5185 2 2 1 3 2581 2629 1809
5186 2 2 1 3 271 2595 270
5187 2 2 1 3 1958 2596 1959
5188 2 2 1 3 1931 2597 1932
5189 2 2 1 3 2237 2638 848
5190 2 2 1 3 1897 2634 2587
5191 2 2 1 3 2589 2607 1993
5192 2 2 1 3 2130 2598 1723
5193 2 2 1 3 2580 2611 868
5194 2 2 1 3 2451 2601 1801
5195 2 2 1 3 1748 2594 2509
5196 2 2 1 3 2551 2613 1837
5197 2 2 1 3 1741 2600 1917
5198 2 2 1 3 836 2599 287
5199 2 2 1 3 849 2630 2600
5200 2 2 1 3 1835 2602 1762
5201 2 2 1 3 2093 2642 2616
5202 2 2 1 3 2567 2568 160
5203 2 2 1 3 291 2603 290
5204 2 2 1 3 2578 2619 1924
5205 2 2 1 3 1963 2604 1962
5206 2 2 1 3 2588 2616 2242
5207 2 2 1 3 849 2600 2545
5208 2 2 1 3 2326 2638 2607
5209 2 2 1 3 2126 2606 2557
5210 2 2 1 3 866 2621 181
5211 2 2 1 3 2298 2605 2361
5212 2 2 1 3 2125 2606 2126
5213 2 2 1 3 1993 2607 1866
5214 2 2 1 3 2136 2628 855
5215 2 2 1 3 1800 2608 1831
5216 2 2 1 3 1973 2625 1351
5217 2 2 1 3 2379 2642 2117
5218 2 2 1 3 1839 2620 2569
5219 2 2 1 3 836 2627 2599
5220 2 2 1 3 1808 2609 2121
5221 2 2 1 3 868 2611 1985
5222 2 2 1 3 172 2610 173
5223 2 2 1 3 2364 2633 1721
5224 2 2 1 3 2600 2630 1917
5225 2 2 1 3 2130 2639 2598
5226 2 2 1 3 1805 2611 1806
5227 2 2 1 3 2127 2612 1804
5228 2 2 1 3 297 2613 296
5229 2 2 1 3 2083 2614 875
5230 2 2 1 3 2117 2642 2093
5231 2 2 1 3 853 2591 2567
5232 2 2 1 3 848 2638 2326
5233 2 2 1 3 1815 2630 2304
5234 2 2 1 3 112 2615 113
5235 2 2 1 3 1710 2641 1906
5236 2 2 1 3 2594 2624 2509
5237 2 2 1 3 828 2639 2553
5238 2 2 1 3 316 2617 893
5239 2 2 1 3 2242 2616 1775
5240 2 2 1 3 2607 2638 1866
5241 2 2 1 3 181 2621 182
5242 2 2 1 3 865 2618 2593
5243 2 2 1 3 1886 2629 887
5244 2 2 1 3 266 2618 865
5245 2 2 1 3 2614 2637 1811
5246 2 2 1 3 2316 2619 1753
5247 2 2 1 3 1816 2620 1839
5248 2 2 1 3 2304 2630 849
5249 2 2 1 3 858 2622 2273
5250 2 2 1 3 2083 2637 2614
5251 2 2 1 3 2568 2601 891
5252 2 2 1 3 2616 2642 1775
5253 2 2 1 3 2133 2627 836
5254 2 2 1 3 860 2626 179
5255 2 2 1 3 1820 2628 1814
5256 2 2 1 3 1917 2630 1815
5257 2 2 1 3 2509 2624 1813
5258 2 2 1 3 2088 2631 2087
5259 2 2 1 3 211 2632 212
5260 2 2 1 3 870 2634 2043
5261 2 2 1 3 1811 2637 2531
5262 2 2 1 3 830 2635 298
5263 2 2 1 3 1986 2636 896
5264 2 2 1 3 845 2637 2083
5265 2 2 1 3 1821 2639 2130
5266 2 2 1 3 2574 2622 858
5267 2 2 1 3 2297 2640 1624
5268 2 2 1 3 1832 2643 2281
5269 2 2 1 3 1866 2638 2237
5270 2 2 1 3 1775 2642 2379
5271 2 2 1 3 158 2623 853
5272 2 2 1 3 2531 2637 845
5273 2 2 1 3 2605 2621 866
5274 2 2 1 3 2566 2605 2298
5275 2 2 1 3 2553 2639 1821
5276 2 2 1 3 2604 2633 1819
5277 2 2 1 3 887 2629 2581
5278 2 2 1 3 896 2636 2615
5279 2 2 1 3 1753 2619 2578
5280 2 2 1 3 2587 2634 870
5281 2 2 1 3 182 2621 2566
5282 2 2 1 3 1831 2608 2590
5283 2 2 1 3 2576 2614 1811
5284 2 2 1 3 2590 2608 866
5285 2 2 1 3 2566 2621 2605
5286 2 2 1 3 1963 2633 2604
$EndElements
