$MeshFormat
2.2 0 8
$EndMeshFormat
$PhysicalNames
7
0 6 "separation-inf"
0 7 "separation-sup"
1 4 "pressure"
1 5 "fixed"
2 1 "body"
2 2 "cover"
2 3 "scar"
$EndPhysicalNames
$Nodes
2638
1 0.6754664043757063 0.4998629534754574 0
2 0.4927629078956815 0.4902878689576936 0
3 0.4529319407403004 0.4868652532943873 0
4 0.3657340441691846 0.4358648610726302 0
5 0 0 0
6 0.06527036446661391 -1.301042606982605e-16 0
7 0.4040362663251333 0.4037254805883031 0
8 0.4754071150127369 0.4393096730951061 0
9 0.6780832021878531 0.4499314767377288 0
10 0.7306999999999999 0.4 0
11 0.7306999999999998 0 0
12 0.7806999999999999 0 0
13 0.7806999999999999 0.4 0
14 0.4727903172005901 0.4892411498328348 0
15 0.6640474358457047 0.4992645106930971 0
16 0.6526284673157031 0.4986660679107369 0
17 0.6412094987857017 0.4980676251283767 0
18 0.6297905302557001 0.4974691823460164 0
19 0.6183715617256985 0.4968707395636562 0
20 0.6069525931956969 0.4962722967812959 0
21 0.5955336246656955 0.4956738539989357 0
22 0.5841146561356939 0.4950754112165754 0
23 0.5726956876056923 0.4944769684342152 0
24 0.5612767190756908 0.493878525651855 0
25 0.5498577505456893 0.4932800828694948 0
26 0.5384387820156877 0.4926816400871346 0
27 0.5270198134856862 0.4920831973047743 0
28 0.5156008449556846 0.4914847545224141 0
29 0.504181876425683 0.4908863117400538 0
30 0.4907103056321903 0.4803600454751935 0
31 0.4840533928302512 0.4727141075275543 0
32 0.4745025776123076 0.469314580527446 0
33 0.4645118191048731 0.4710349292124203 0
34 0.4566481142040923 0.4774331321152052 0
35 0.4417726579854534 0.4843234758059818 0
36 0.4308396567834484 0.4809382565929694 0
37 0.4201965867467676 0.4767293036830997 0
38 0.4099054095701864 0.4717211207068692 0
39 0.4000260383029374 0.4659428642425847 0
40 0.3906159885476542 0.4594281740729537 0
41 0.381730043616741 0.452214977341409 0
42 0.3734199355955546 0.4443452677483295 0
43 0.3584193632858009 0.4271475638511777 0
44 0.3511046824024172 0.4184302666297251 0
45 0.3437900015190336 0.4097129694082725 0
46 0.3364753206356498 0.4009956721868199 0
47 0.3291606397522662 0.3922783749653673 0
48 0.3218459588688825 0.3835610777439147 0
49 0.3145312779854988 0.3748437805224621 0
50 0.3072165971021151 0.3661264833010095 0
51 0.2999019162187315 0.357409186079557 0
52 0.2925872353353478 0.3486918888581043 0
53 0.2852725544519641 0.3399745916366518 0
54 0.2779578735685805 0.3312572944151992 0
55 0.2706431926851968 0.3225399971937466 0
56 0.2633285118018131 0.313822699972294 0
57 0.2560138309184294 0.3051054027508415 0
58 0.2486991500350458 0.2963881055293889 0
59 0.2413844691516621 0.2876708083079362 0
60 0.2340697882682784 0.2789535110864836 0
61 0.2267551073848947 0.270236213865031 0
62 0.219440426501511 0.2615189166435784 0
63 0.2121257456181273 0.2528016194221258 0
64 0.2048110647347436 0.2440843222006732 0
65 0.1974963838513599 0.2353670249792206 0
66 0.1901817029679762 0.2266497277577679 0
67 0.1828670220845925 0.2179324305363153 0
68 0.1755523412012088 0.2092151333148627 0
69 0.1682376603178251 0.2004978360934101 0
70 0.1609229794344414 0.1917805388719575 0
71 0.1536082985510577 0.1830632416505049 0
72 0.146293617667674 0.1743459444290522 0
73 0.1389789367842903 0.1656286472075996 0
74 0.1316642559009066 0.156911349986147 0
75 0.1243495750175229 0.1481940527646943 0
76 0.1170348941341392 0.1394767555432417 0
77 0.1097202132507555 0.1307594583217891 0
78 0.1024055323673718 0.1220421611003365 0
79 0.0950908514839881 0.113324863878884 0
80 0.08777617060060444 0.1046075666574313 0
81 0.08046148971722072 0.09589026943597867 0
82 0.07314680883383701 0.08717297221452608 0
83 0.06583212795045329 0.07845567499307343 0
84 0.05851744706706957 0.06973837777162079 0
85 0.05120276618368591 0.06102108055016819 0
86 0.04388808530030225 0.05230378332871566 0
87 0.03657340441691853 0.04358648610726296 0
88 0.02925872353353487 0.03486918888581042 0
89 0.0219440426501511 0.02615189166435772 0
90 0.01462936176676743 0.01743459444290513 0
91 0.007314680883383662 0.00871729722145248 0
92 0.01087839407776897 0 0
93 0.02175678815553795 0 0
94 0.03263518223330691 0 0
95 0.04351357631107589 0 0
96 0.0543919703888449 0 0
97 0.07263484059397318 0.008776640882354192 0
98 0.07999931672133226 0.01755328176470861 0
99 0.08736379284869139 0.02632992264706302 0
100 0.09472826897605052 0.03510656352941743 0
101 0.1020927451034097 0.0438832044117719 0
102 0.1094572212307687 0.05265984529412632 0
103 0.1168216973581279 0.06143648617648073 0
104 0.124186173485487 0.07021312705883515 0
105 0.1315506496128461 0.07898976794118961 0
106 0.1389151257402052 0.08776640882354403 0
107 0.1462796018675643 0.09654304970589844 0
108 0.1536440779949235 0.1053196905882529 0
109 0.1610085541222825 0.1140963314706073 0
110 0.1683730302496417 0.1228729723529617 0
111 0.1757375063770008 0.1316496132353161 0
112 0.1831019825043599 0.1404262541176706 0
113 0.190466458631719 0.149202895000025 0
114 0.1978309347590781 0.1579795358823794 0
115 0.2051954108864372 0.1667561767647338 0
116 0.2125598870137964 0.1755328176470882 0
117 0.2199243631411554 0.1843094585294426 0
118 0.2272888392685146 0.193086099411797 0
119 0.2346533153958736 0.2018627402941514 0
120 0.2420177915232327 0.2106393811765058 0
121 0.2493822676505918 0.2194160220588602 0
122 0.2567467437779509 0.2281926629412146 0
123 0.26411121990531 0.236969303823569 0
124 0.2714756960326691 0.2457459447059234 0
125 0.2788401721600282 0.2545225855882778 0
126 0.2862046482873873 0.2632992264706322 0
127 0.2935691244147464 0.2720758673529866 0
128 0.3009336005421055 0.280852508235341 0
129 0.3082980766694647 0.2896291491176956 0
130 0.3156625527968239 0.29840579000005 0
131 0.323027028924183 0.3071824308824044 0
132 0.3303915050515422 0.3159590717647589 0
133 0.3377559811789013 0.3247357126471133 0
134 0.3451204573062605 0.3335123535294678 0
135 0.3524849334336195 0.3422889944118223 0
136 0.3598494095609788 0.3510656352941767 0
137 0.3672138856883378 0.3598422761765311 0
138 0.3745783618156969 0.3686189170588855 0
139 0.381942837943056 0.3773955579412399 0
140 0.3893073140704152 0.3861721988235943 0
141 0.3966717901977742 0.3949488397059487 0
142 0.4110181034325398 0.4112289776368577 0
143 0.4187313157060478 0.4179784127077235 0
144 0.4270948769943219 0.4239028839861847 0
145 0.4360209293260504 0.4289401557798515 0
146 0.445415705844908 0.4330373122953815 0
147 0.4551805158164786 0.4361513135110431 0
148 0.4652127813597885 0.4382494473057628 0
149 0.4866668976335767 0.439899773297474 0
150 0.4979266802544164 0.440489873499842 0
151 0.5091864628752563 0.4410799737022099 0
152 0.520446245496096 0.4416700739045778 0
153 0.5317060281169358 0.4422601741069457 0
154 0.5429658107377755 0.4428502743093137 0
155 0.5542255933586153 0.4434403745116816 0
156 0.5654853759794551 0.4440304747140495 0
157 0.576745158600295 0.4446205749164174 0
158 0.5880049412211348 0.4452106751187854 0
159 0.5992647238419746 0.4458007753211533 0
160 0.6105245064628143 0.4463908755235212 0
161 0.6217842890836541 0.4469809757258891 0
162 0.6330440717044939 0.4475710759282571 0
163 0.6443038543253337 0.448161176130625 0
164 0.6555636369461734 0.4487512763329929 0
165 0.6668234195670132 0.4493413765353608 0
166 0.6896278447399321 0.4491964794299314 0
167 0.7006946012159873 0.4458281127934987 0
168 0.7106910947343958 0.4400066774005602 0
169 0.7190822370179006 0.432043780699251 0
170 0.7254188703833169 0.4223656574157815 0
171 0.7293618100730225 0.4114903542337509 0
172 0.7306999999999999 0.3885714285714286 0
173 0.7306999999999999 0.3771428571428571 0
174 0.7306999999999999 0.3657142857142857 0
175 0.7306999999999999 0.3542857142857143 0
176 0.7306999999999999 0.3428571428571428 0
177 0.7306999999999999 0.3314285714285714 0
178 0.7306999999999999 0.32 0
179 0.7306999999999999 0.3085714285714285 0
180 0.7306999999999999 0.2971428571428571 0
181 0.7306999999999999 0.2857142857142857 0
182 0.7306999999999999 0.2742857142857142 0
183 0.7306999999999999 0.2628571428571428 0
184 0.7306999999999999 0.2514285714285713 0
185 0.7306999999999999 0.2399999999999998 0
186 0.7306999999999999 0.2285714285714284 0
187 0.7306999999999999 0.2171428571428569 0
188 0.7306999999999999 0.2057142857142855 0
189 0.7306999999999999 0.194285714285714 0
190 0.7306999999999999 0.1828571428571427 0
191 0.7306999999999999 0.1714285714285712 0
192 0.7306999999999999 0.1599999999999998 0
193 0.7306999999999999 0.1485714285714284 0
194 0.7306999999999999 0.137142857142857 0
195 0.7306999999999999 0.1257142857142856 0
196 0.7306999999999999 0.1142857142857142 0
197 0.7306999999999999 0.1028571428571428 0
198 0.7306999999999999 0.09142857142857141 0
199 0.7306999999999999 0.08000000000000007 0
200 0.7306999999999999 0.06857142857142867 0
201 0.7306999999999999 0.05714285714285727 0
202 0.7306999999999999 0.04571428571428587 0
203 0.7306999999999999 0.03428571428571447 0
204 0.7306999999999999 0.02285714285714302 0
205 0.7306999999999999 0.01142857142857151 0
206 0.7406999999999998 0 0
207 0.7506999999999999 0 0
208 0.7606999999999999 0 0
209 0.7706999999999999 0 0
210 0.7806999999999999 0.01142857142857144 0
211 0.7806999999999999 0.02285714285714288 0
212 0.7806999999999999 0.03428571428571432 0
213 0.7806999999999999 0.04571428571428577 0
214 0.7806999999999999 0.0571428571428572 0
215 0.7806999999999999 0.06857142857142863 0
216 0.7806999999999999 0.08000000000000006 0
217 0.7806999999999999 0.0914285714285715 0
218 0.7806999999999999 0.1028571428571429 0
219 0.7806999999999999 0.1142857142857144 0
220 0.7806999999999999 0.1257142857142858 0
221 0.7806999999999999 0.1371428571428573 0
222 0.7806999999999999 0.1485714285714287 0
223 0.7806999999999999 0.1600000000000002 0
224 0.7806999999999999 0.1714285714285717 0
225 0.7806999999999999 0.1828571428571431 0
226 0.7806999999999999 0.1942857142857145 0
227 0.7806999999999999 0.205714285714286 0
228 0.7806999999999999 0.2171428571428574 0
229 0.7806999999999999 0.2285714285714288 0
230 0.7806999999999999 0.2400000000000002 0
231 0.7806999999999999 0.2514285714285716 0
232 0.7806999999999999 0.262857142857143 0
233 0.7806999999999999 0.2742857142857144 0
234 0.7806999999999999 0.2857142857142858 0
235 0.7806999999999999 0.2971428571428572 0
236 0.7806999999999999 0.3085714285714286 0
237 0.7806999999999999 0.32 0
238 0.7806999999999999 0.3314285714285714 0
239 0.7806999999999999 0.3428571428571427 0
240 0.7806999999999999 0.3542857142857141 0
241 0.7806999999999999 0.3657142857142855 0
242 0.7806999999999999 0.377142857142857 0
243 0.7806999999999999 0.3885714285714285 0
244 0.7800286514924181 0.4115680159360948 0
245 0.7780236201460451 0.4229807084675019 0
246 0.7747118274569218 0.4340848397122524 0
247 0.7701377407666337 0.4447313148315632 0
248 0.764362776200642 0.454777183921787 0
249 0.7574644740358012 0.4640875613985023 0
250 0.7495354575693756 0.4725374371012285 0
251 0.7406821894687915 0.4800133548011204 0
252 0.7310235423005802 0.4864149355743653 0
253 0.7206892024319744 0.4916562255869974 0
254 0.7098179287359266 0.4956668501944612 0
255 0.6985556894798641 0.4983929588598628 0
256 0.6870537024141186 0.4997979482035217 0
257 0.4827766125481359 0.4897645093952642 0
258 0.4628214865986745 0.4883845430718223 0
259 0.07674328921718956 0 0
260 0.08821621396776522 0 0
261 0.09968913871834086 0 0
262 0.1111620634689165 0 0
263 0.1226349882194922 0 0
264 0.1341079129700678 0 0
265 0.1455808377206435 0 0
266 0.1570537624712191 0 0
267 0.1685266872217948 0 0
268 0.1799996119723704 0 0
269 0.1914725367229461 0 0
270 0.2029454614735217 0 0
271 0.2144183862240973 0 0
272 0.225891310974673 0 0
273 0.2373642357252487 0 0
274 0.2488371604758243 0 0
275 0.2603100852264 0 0
276 0.2717830099769756 0 0
277 0.2832559347275512 0 0
278 0.2947288594781268 0 0
279 0.3062017842287024 0 0
280 0.317674708979278 0 0
281 0.3291476337298536 0 0
282 0.3406205584804292 0 0
283 0.3520934832310048 0 0
284 0.3635664079815804 0 0
285 0.375039332732156 0 0
286 0.3865122574827317 0 0
287 0.3979851822333073 0 0
288 0.4094581069838829 0 0
289 0.4209310317344584 0 0
290 0.432403956485034 0 0
291 0.4438768812356096 0 0
292 0.4553498059861853 0 0
293 0.4668227307367609 0 0
294 0.4782956554873365 0 0
295 0.489768580237912 0 0
296 0.5012415049884876 0 0
297 0.5127144297390633 0 0
298 0.5241873544896389 0 0
299 0.5356602792402145 0 0
300 0.5471332039907901 0 0
301 0.5586061287413657 0 0
302 0.5700790534919413 0 0
303 0.5815519782425169 0 0
304 0.5930249029930925 0 0
305 0.6044978277436681 0 0
306 0.6159707524942437 0 0
307 0.6274436772448193 0 0
308 0.638916601995395 0 0
309 0.6503895267459706 0 0
310 0.6618624514965461 0 0
311 0.6733353762471217 0 0
312 0.6848083009976974 0 0
313 0.696281225748273 0 0
314 0.7077541504988486 0 0
315 0.7192270752494242 0 0
316 0.7557139384887566 0.006819467089278386 0
317 0.4180424876123467 0.4282515308075485 0
318 0.4012835626860884 0.4138115383058869 0
319 0.4476013066705146 0.4430508864017199 0
320 0.6719422691114042 0.4593876844272827 0
321 0.6494227038697246 0.4582074840225466 0
322 0.626903138628045 0.4570272836178109 0
323 0.6043835733863655 0.455847083213075 0
324 0.5818640081446859 0.4546668828083392 0
325 0.5593444429030062 0.4534866824036033 0
326 0.3620333161729927 0.4159125396739056 0
327 0.5375205441178473 0.4542080553149176 0
328 0.3485973621968526 0.4000292212252316 0
329 0.5143053124196472 0.4511262815941315 0
330 0.3350665402411789 0.3811438850421431 0
331 0.7405459109314897 0.08571161262447546 0
332 0.7711633588453659 0.3138188655097702 0
333 0.770802566813892 0.2114285714285717 0
334 0.7711633588453659 0.3490382773473725 0
335 0.7690893136233589 0.2902120888042929 0
336 0.7711633588453658 0.1766760083669134 0
337 0.7406117818639242 0.06289855771302372 0
338 0.770802566813892 0.3714285714285713 0
339 0.7708025668138921 0.2685714285714287 0
340 0.7691736478649455 0.2469201783074914 0
341 0.7691736478649454 0.1187941074067944 0
342 0.7405974331861077 0.04000000000000037 0
343 0.770802566813892 0.1542857142857145 0
344 0.7405974331861078 0.3942857142857144 0
345 0.3190983611797865 0.3651855520875241 0
346 0.3048958670551033 0.3479312662927699 0
347 0.2902340560322754 0.3304564829030366 0
348 0.2755724057660854 0.3129815925826973 0
349 0.2609108545008982 0.2955066505751918 0
350 0.2452765295560879 0.2769774602316235 0
351 0.23064716778932 0.2595428657887178 0
352 0.2160178060225529 0.2421082713458129 0
353 0.2013884442557857 0.2246736769029078 0
354 0.1867590824890178 0.207239082460002 0
355 0.1721297207222504 0.1898044880170967 0
356 0.1575003589554836 0.1723698935741923 0
357 0.1428709971887159 0.1549352991312865 0
358 0.1282416354219481 0.1375007046883809 0
359 0.1142052935442189 0.1208522913050196 0
360 0.09941322239120842 0.1034250150546885 0
361 0.08396391372502654 0.08425245075234483 0
362 0.0701215319815115 0.06759222534530041 0
363 0.05465904633058427 0.05027048864452471 0
364 0.7208546607744064 0.4446739868351784 0
365 0.6989055706014411 0.4570031239631253 0
366 0.7367844294827152 0.4197170225937114 0
367 0.4191636225321438 0.4662028682323096 0
368 0.04005037566767977 0.03214073789317873 0
369 0.3909194914293733 0.4467456687248391 0
370 0.6588561611953508 0.4890738048317881 0
371 0.7402366411546339 0.1995331512240558 0
372 0.7405974331861077 0.1428571428571426 0
373 0.7403350311031515 0.2347402080254064 0
374 0.7417130021647024 0.3028571428571429 0
375 0.7711633588453658 0.09667600836691326 0
376 0.7405974331861077 0.3257142857142857 0
377 0.7405974331861077 0.1085714285714284 0
378 0.7405974331861078 0.28 0
379 0.7690644454366885 0.07312662866883457 0
380 0.770802566813892 0.05142857142857171 0
381 0.7422263521350545 0.3612058925932055 0
382 0.7405974331861077 0.1657142857142855 0
383 0.7405974331861078 0.2571428571428571 0
384 0.6359886110523918 0.4878724340896525 0
385 0.3781115096334526 0.3885668489619072 0
386 0.3631452432041157 0.3705181946460223 0
387 0.7204212885656999 0.4797532955669023 0
388 0.6919679006411485 0.4900992447961057 0
389 0.7586832493806933 0.4461155017352785 0
390 0.7694677913204657 0.4152354447011973 0
391 0.613192739037511 0.4866889605676843 0
392 0.3485884373074287 0.3529691104038948 0
393 0.3337874171971411 0.3355162592562181 0
394 0.5903504547627832 0.4854751548494048 0
395 0.3190584967663684 0.3179629565456195 0
396 0.3043295920079055 0.3004096548091763 0
397 0.5674747998723826 0.4842817773954911 0
398 0.2896006549293281 0.2828563937635469 0
399 0.2748715737948056 0.2653032399057846 0
400 0.5446789278575018 0.483098303873523 0
401 0.2601422166106533 0.247750231828489 0
402 0.3769002307681389 0.4334679258286165 0
403 0.2454126245073303 0.2301972363802596 0
404 0.5225353862105349 0.4823235356895936 0
405 0.2306833820456909 0.2126437532362685 0
406 0.2159559329103808 0.1950888978062173 0
407 0.2012321095219035 0.17753205712446 0
408 0.186511700133187 0.1599747508565242 0
409 0.1717875223828164 0.1424233340425117 0
410 0.1570644358888361 0.1248761899120183 0
411 0.14229853621675 0.1073473206920506 0
412 0.1274438421016989 0.08986133156825971 0
413 0.1124464741736585 0.07236295117202723 0
414 0.06871628469364144 0.01954278473538928 0
415 0.09817418920307697 0.05464934826480577 0
416 0.08368990598077442 0.03787176103080392 0
417 0.7691077138332751 0.02972585570478153 0
418 0.4937357952964883 0.4710784260174259 0
419 0.7708818754459841 0.394148347705452 0
420 0.7461821587852066 0.4614457695629157 0
421 0.4392378432202987 0.4731626094189333 0
422 0.0490750726632333 0.009756298438776345 0
423 0.4681702494374115 0.4606088232499166 0
424 0.4579976973543181 0.4626349343845943 0
425 0.4822220619642242 0.46274309542191 0
426 0.4931453550343636 0.45939245552375 0
427 0.5027262770257696 0.4643939594387759 0
428 0.7392621511191216 0.01694465175640825 0
429 0.460552117995514 0.4542483829120883 0
430 0.0253466223423271 0.0157765097896469 0
431 0.7103049588895545 0.451080865063189 0
432 0.7211771019983678 0.4559051283280128 0
433 0.7090927804514732 0.4628666264525596 0
434 0.6979545981618702 0.4688214367956516 0
435 0.7308945211822241 0.4492340095183195 0
436 0.7326948058671819 0.4305659974577298 0
437 0.7440505184744657 0.4289193894628632 0
438 0.7480964078361817 0.4173757947980234 0
439 0.7556556000645156 0.4271719977486667 0
440 0.5040069220059176 0.4738513647725707 0
441 0.5117821973831151 0.4689786703720686 0
442 0.4758841169266236 0.4532368047951776 0
443 0.6888814165188822 0.4626997450020152 0
444 0.6874499872390012 0.4738229168495954 0
445 0.450567627139726 0.4545425498145619 0
446 0.7081037673075924 0.4756456380961744 0
447 0.7414359317208159 0.4062864014869598 0
448 0.7539578661723744 0.406933021135392 0
449 0.732849475330819 0.4614687906244755 0
450 0.4358741566846356 0.4396335662631295 0
451 0.4400051742503637 0.450003493974038 0
452 0.4315799274103892 0.4483114385170388 0
453 0.4328396906064431 0.4568255677555755 0
454 0.4265799322642564 0.4334869779669185 0
455 0.4173176163662345 0.4383488672844096 0
456 0.4069169740317298 0.4335288297765382 0
457 0.4099276904628245 0.4439784493752019 0
458 0.417162128822837 0.448635419418659 0
459 0.4078702654836397 0.4544159550147893 0
460 0.4091187109335851 0.421451338892734 0
461 0.3990044577729897 0.4246609356880396 0
462 0.39093825373557 0.4167292392456844 0
463 0.3953137814500481 0.4355579578319834 0
464 0.3882557438572513 0.4279941045760236 0
465 0.3806174914431747 0.419830121734758 0
466 0.3830377581550461 0.4090430918520853 0
467 0.7203738710220913 0.4679379191861837 0
468 0.5026018992759478 0.4528844105619769 0
469 0.7311031319453771 0.4731286528608949 0
470 0.4467974938935826 0.4655752620646653 0
471 0.7394816894411383 0.4413152803394416 0
472 0.3936632532647574 0.4060740581259788 0
473 0.3858971783829808 0.3975908036188918 0
474 0.3745589116752515 0.3994565533486333 0
475 0.3667972308996749 0.3906189408430362 0
476 0.3625509825600312 0.4018784279746682 0
477 0.06070236175126975 0.009615200726451834 0
478 0.05466789815778972 0.01957027055672989 0
479 0.0620131617117391 0.02925838213703624 0
480 0.04292388844061501 0.01919038797271466 0
481 0.07339142488972994 0.03018825916183776 0
482 0.07365743481361398 0.04233454886333221 0
483 0.0820190656021661 0.04878676114086067 0
484 0.07192987246200133 0.0534000860437891 0
485 0.08086167208952555 0.06047039854423475 0
486 0.08183359926396749 0.07218451507834595 0
487 0.0922517461753869 0.06518838725513804 0
488 0.7403114352630171 0.02851651968522911 0
489 0.7500950103291179 0.03462742392056489 0
490 0.750542324861829 0.04553601799085233 0
491 0.760901286500357 0.04013629638926175 0
492 0.7501462861605244 0.02279118711361378 0
493 0.7718647318125501 0.01716914585939133 0
494 0.3697758263745902 0.4240482780328144 0
495 0.03302006141473279 0.02412826170209409 0
496 0.04741327329283251 0.04133954650522781 0
497 0.3718168581473446 0.4103356293835586 0
498 0.3705854027629821 0.3794863359477376 0
499 0.3589372330818967 0.3811995562353345 0
500 0.3524664781538827 0.3724315770709016 0
501 0.3476073182066473 0.382704467909485 0
502 0.5560750076688264 0.4837012119573101 0
503 0.5508915272602045 0.4736001649311285 0
504 0.5401037277231634 0.4733261614424394 0
505 0.5457253111892173 0.4633969526090195 0
506 0.5334869800233405 0.4826375598163803 0
507 0.5291970392296274 0.4713434159384801 0
508 0.5622698747046615 0.474198711565218 0
509 0.5736952735235367 0.474786793184536 0
510 0.5684414475717346 0.4645779899632118 0
511 0.5789206690343869 0.4848976354513099 0
512 0.5851487769662926 0.4754079604744008 0
513 0.5965933970962707 0.4760060379599165 0
514 0.5914454282685764 0.4657838894091229 0
515 0.6245888188488357 0.4872918686514714 0
516 0.6194048389647246 0.4772002377035602 0
517 0.6080026502480492 0.4766219123029551 0
518 0.6142391223692267 0.4669876093031808 0
519 0.6307831031632667 0.4778003536840282 0
520 0.6422086236015162 0.4783863156758801 0
521 0.636955258751744 0.4681686466573732 0
522 0.6474330525728176 0.4884911019930388 0
523 0.6536607500783099 0.4790055896294869 0
524 0.6647509903733563 0.4797165442549938 0
525 0.6583486441352251 0.4692916802590477 0
526 0.6017817222099482 0.4861049879912313 0
527 0.1055375094145738 0.0634194336225502 0
528 0.1009691510007502 0.07432217961177728 0
529 0.1083046403231257 0.0831047736281465 0
530 0.09652792755848527 0.08426766796200474 0
531 0.1198257023905079 0.08121121561684752 0
532 0.1159598197779171 0.09186677024135737 0
533 0.1233682657907335 0.100650401878591 0
534 0.1114888408481954 0.1019987743093155 0
535 0.1347818985527113 0.09866372582044081 0
536 0.1309307338985692 0.1093637867546422 0
537 0.1383066653955419 0.1181364691010942 0
538 0.1264071869519224 0.1195077233634937 0
539 0.1496419398250348 0.1161380846083605 0
540 0.1457858644222946 0.1268477395422963 0
541 0.1531789171730632 0.1356063764969055 0
542 0.1411116696864047 0.1368536128560679 0
543 0.1644202893571794 0.1336512109228897 0
544 0.160557219240327 0.1443539893859392 0
545 0.1679114841758674 0.1531243024683621 0
546 0.1565908398251066 0.1551788757698327 0
547 0.1791476873525119 0.1511950688676108 0
548 0.1752786284730884 0.1618897199985591 0
549 0.1826248679095005 0.1706701431312267 0
550 0.170514991465321 0.1718413780992448 0
551 0.1938653589235548 0.1687520480878599 0
552 0.1899942652391571 0.179441607632997 0
553 0.1973417484762197 0.188227183787212 0
554 0.1851999202921917 0.1893516010477439 0
555 0.2085765983045549 0.1863232284046811 0
556 0.204714868483178 0.1969998120301269 0
557 0.2120668424255241 0.2057847170233707 0
558 0.1998912675864624 0.2068653526639635 0
559 0.223301832305408 0.203880434237168 0
560 0.219443460669573 0.2145548300456564 0
561 0.2267975314686314 0.223339007799582 0
562 0.2145883117422702 0.2243786376052907 0
563 0.2380307259430349 0.2214344896173602 0
564 0.2341752409849416 0.2321075610655486 0
565 0.2415298510514847 0.2408910867182281 0
566 0.2292874987795111 0.2418910349478798 0
567 0.2527607540645429 0.2389871971765807 0
568 0.2489074602359278 0.2496590982017545 0
569 0.2562618124978902 0.2584423968731307 0
570 0.2439866848238577 0.2594028959462954 0
571 0.2674906193988356 0.2565397608004477 0
572 0.2636390404896526 0.2672104319419703 0
573 0.2709929548532068 0.2759938161710733 0
574 0.2586851678146216 0.2769146832649407 0
575 0.2822294269040884 0.2740800140074944 0
576 0.2783714831306708 0.284759925867599 0
577 0.2857237409609195 0.2935452623129969 0
578 0.2735508059077583 0.2946086792596528 0
579 0.2969586218330172 0.2916330221134497 0
580 0.2931019660276286 0.3023117772448457 0
581 0.3004539402039669 0.3110973806289491 0
582 0.2882536184336316 0.3121276127021916 0
583 0.31168767357882 0.3091861854563682 0
584 0.3078321584402317 0.3198639508763609 0
585 0.3151839535264568 0.3286497375197675 0
586 0.3029561996466694 0.3296467813706598 0
587 0.3264167081809099 0.3267393877535513 0
588 0.3225621926163056 0.3374163132449162 0
589 0.3299138293597382 0.3462022541027451 0
590 0.3176586266276292 0.3471661306923541 0
591 0.3411122345659492 0.3443372649911977 0
592 0.336850683402256 0.3547429728422444 0
593 0.7406207818317949 0.05142754598571042 0
594 0.750402762398802 0.05717757633505538 0
595 0.7500769293293833 0.06817396303698087 0
596 0.7609304972113862 0.0626778161868452 0
597 0.7708025668138921 0.2228571428571431 0
598 0.7609963903927959 0.2171428571428575 0
599 0.7592892513595535 0.2297773211646343 0
600 0.7602103278658751 0.2066853500671598 0
601 0.7508446059496222 0.2120929139264922 0
602 0.7405974331861077 0.3371428571428571 0
603 0.7504948663722156 0.3314285714285714 0
604 0.7522081195627488 0.3440736254814213 0
605 0.7505874719006316 0.3209400259161291 0
606 0.7605807366902351 0.326377281618914 0
607 0.740537301180862 0.1884936204421044 0
608 0.750336280226067 0.1940190353751648 0
609 0.7505510188753991 0.1837397542666262 0
610 0.7603922995583232 0.1885714285714281 0
611 0.7708626988191376 0.165636477584962 0
612 0.7610064123936701 0.1599870319784464 0
613 0.7610132701871102 0.148569267234503 0
614 0.7510077004416762 0.1542857142857145 0
615 0.7610050850318257 0.1703708979521352 0
616 0.7708626988191377 0.3600778081293239 0
617 0.7611775577116148 0.3661817474755318 0
618 0.7609505376417559 0.377220767436398 0
619 0.7510077004416763 0.3714285714285712 0
620 0.7510077004416763 0.3828571428571427 0
621 0.7600662169838549 0.3545774815243319 0
622 0.7405974331861079 0.1199999999999998 0
623 0.7502324642892594 0.1138312205460218 0
624 0.7516462113488825 0.1256865524426122 0
625 0.7521706335508979 0.1015757325557655 0
626 0.7603922995583234 0.1085714285714281 0
627 0.7705730119229368 0.08544329664881539 0
628 0.7609051336277839 0.09142857142857197 0
629 0.7605158644618174 0.08078887623752962 0
630 0.7410632051110094 0.3489751577743425 0
631 0.7410619892175675 0.2227598663557621 0
632 0.7405209592662505 0.2909740776888793 0
633 0.7504948663722155 0.2857142857142858 0
634 0.750403609607204 0.2742857142857144 0
635 0.7612100764807901 0.2795900433387815 0
636 0.7405822237252725 0.2685714285714286 0
637 0.7503858652362296 0.2628571428571429 0
638 0.7502142974332617 0.2518830651682636 0
639 0.7611926091371874 0.2575905457929645 0
640 0.7599019605240481 0.3370373760683963 0
641 0.7706223370874126 0.1312275893297038 0
642 0.7707905512860331 0.1428232856178441 0
643 0.7594286770047882 0.1358991454143993 0
644 0.7689900556573719 0.1989222408547035 0
645 0.7405363935209865 0.314896879011428 0
646 0.7405069380157894 0.2458657836275164 0
647 0.7513623618663821 0.2402865738782631 0
648 0.7405269219325961 0.1309694554769335 0
649 0.7705771566207156 0.3025765876237725 0
650 0.7599703977896055 0.2978767702223747 0
651 0.7607848255647447 0.3076044440944963 0
652 0.770802566813892 0.3828571428571428 0
653 0.7703530233760408 0.2346876784834497 0
654 0.7610602610013204 0.3884867187193538 0
655 0.7407768839084401 0.09692884324432594 0
656 0.7403343678528077 0.1777314847625758 0
657 0.3257380192733081 0.3728677296676016 0
658 0.3369548901887443 0.3708831790459359 0
659 0.5257747987649851 0.4519475705559705 0
660 0.6700956486551166 0.4897803410560467 0
661 0.6765663097661042 0.4796674862182647 0
662 0.7613087028895523 0.02285842302796276 0
663 0.7404274351232321 0.07421565804916935 0
664 0.06215191515594753 0.05892422849382484 0
665 0.3560544046935025 0.3617159129062159 0
666 0.0381990784301508 0.008651252056033842 0
667 0.5303769522190906 0.4611047185286955 0
668 0.5486015652373473 0.4529841601116288 0
669 0.5567707982976849 0.4641742741844196 0
670 0.3865951415534102 0.4375619644240801 0
671 0.6791145325531566 0.4674838378132742 0
672 0.5795525291365996 0.4653726825776176 0
673 0.5709545312482229 0.4539554698571686 0
674 0.6023927926421683 0.4665909261518263 0
675 0.5935102808386064 0.4551144940072651 0
676 0.6251778168329793 0.4677847398126143 0
677 0.6160535820300469 0.4562900831581766 0
678 0.6477080112076911 0.4689009079431629 0
679 0.6385826139130643 0.4574584340550561 0
680 0.6610123628170608 0.4586630472657254 0
681 0.1491893324103759 0.1459597919970801 0
682 0.1637696458604476 0.1634098516064475 0
683 0.1501641928654509 0.1640201493412099 0
684 0.1652857549681447 0.1815800292652437 0
685 0.1333952223738283 0.1279954247525838 0
686 0.1780055050902759 0.1806462452970013 0
687 0.1362379109376457 0.1467258019039428 0
688 0.1799270972408266 0.19904105508846 0
689 0.05757928020270031 0.03911403765520149 0
690 0.7724423134295049 0.04025814470452299 0
691 0.1926990408012911 0.1981612857391805 0
692 0.7642470056838737 0.01016792217468826 0
693 0.3421319599506776 0.3914812565410178 0
694 0.2068472779147431 0.2154204561933073 0
695 0.1940517179010151 0.2163376553896418 0
696 0.2215312814292645 0.2329226460960488 0
697 0.2086799909388252 0.2337882829239915 0
698 0.3435972287695186 0.3646751309946741 0
699 0.355507765835975 0.3916272983846783 0
700 0.2362165490525175 0.2504235592972428 0
701 0.223310614868332 0.2512369800091689 0
702 0.7471450201311921 0.01012562731525546 0
703 0.7499299886145955 0.07993838634910716 0
704 0.4286665023449164 0.4708845042841869 0
705 0.1186931644800484 0.1106956673365347 0
706 0.7587158875572533 0.05139125566611724 0
707 0.2509018070158799 0.2679239789968231 0
708 0.2379422825302308 0.2686847382045807 0
709 0.2657824384857356 0.2856367892991685 0
710 0.7724395018923933 0.06258946039970747 0
711 0.2528328903280489 0.2862812504923466 0
712 0.1212200470657702 0.1292851756533947 0
713 0.7707446765479363 0.1868947641895636 0
714 0.7518956987496325 0.222733228093226 0
715 0.7520618266536017 0.3028105285776599 0
716 0.7499473257821457 0.3542857142857142 0
717 0.7519022439303633 0.1654185156870176 0
718 0.7713501074039619 0.3257142857142856 0
719 0.7704366786038478 0.3370051873576887 0
720 0.7725003913836082 0.2796747121429007 0
721 0.7401787516533167 0.2109174464802382 0
722 0.7403774126420909 0.3721959708468037 0
723 0.7615428866521647 0.2400058829647167 0
724 0.7707752752491986 0.106873408614912 0
725 0.7520111452510934 0.1431059214586783 0
726 0.7503861404421923 0.09039120696159442 0
727 0.772513764763205 0.2574735733915199 0
728 0.7393716378851911 0.1542857142857142 0
729 0.738676509253975 0.3830106227407893 0
730 0.7619377520733228 0.1257760864310712 0
731 0.7587989454550607 0.2685789749692064 0
732 0.7617166932456794 0.3995242889727382 0
733 0.2805013788396023 0.3031753941591718 0
734 0.2683129646224312 0.3042000698833082 0
735 0.2951931339769104 0.3206849170135965 0
736 0.7515743761678189 0.3948343997901984 0
737 0.2829757134104467 0.3216746494684113 0
738 0.3098849365075296 0.3381944432434131 0
739 0.6954983932147669 0.4800408704731202 0
740 0.2976384748381483 0.3391492423841059 0
741 0.3240513135061968 0.3556619058996223 0
742 0.3121371136149271 0.3565800873921395 0
743 0.5201817384324656 0.4620699078321674 0
744 0.3536152689702654 0.4091926849823606 0
745 0.05074480682511595 0.02980293410261525 0
746 0.1068828175191718 0.1120564621641298 0
747 0.1037886048755839 0.09318445597048053 0
748 0.4915596234473339 0.4493659890595715 0
749 0.09152257450599155 0.09435572595974345 0
750 0.7711187365678962 0.4049260779128782 0
751 0.680963483240725 0.490646290112944 0
752 0.7119043247949287 0.4854087155676865 0
753 0.4669923649506316 0.4485194725631698 0
754 0.01741476798811603 0.007893597332030267 0
755 0.4572158923137528 0.445632056774585 0
756 0.511241794560243 0.481273298025381 0
757 0.7588315803897568 0.4161267647892958 0
758 0.7510178808663956 0.4377945575551032 0
759 0.747759036616103 0.448638159338922 0
760 0.7630214491845098 0.4359853629700143 0
761 0.7669911452779489 0.4254784092093167 0
762 0.09161410712791607 0.04585641211855546 0
763 0.09110926754472337 0.0760430401319222 0
764 0.7026413340290379 0.4875423796645685 0
765 0.4411734846989186 0.4587281488615357 0
766 0.4486746014819465 0.4762397223986573 0
767 0.4994439520836707 0.4817935227762545 0
768 0.7400704826199139 0.469718800990127 0
769 0.06438932197504077 0.04673952154885619 0
770 0.5105154030581867 0.4597891063162207 0
771 0.6688061671756994 0.4696104451680851 0
772 0.3978337633479099 0.4540191937042536 0
773 0.7398630957381302 0.4537260341204427 0
774 0.7548903390036892 0.4550128351914811 0
775 0.4831018519295224 0.4474717220729667 0
776 0.08898415603961429 0.05499026146471891 0
777 0.3310484160533017 0.3640027450896004 0
778 0.0275620744632008 0.007285100823175961 0
779 0.7286015828565703 0.4395666109699841 0
780 0.07477222738050737 0.07838156248506667 0
781 0.4001864884263586 0.4438611951770117 0
782 0.7585770110790786 0.03115002976575793 0
783 0.4358333067126405 0.4650583987141865 0
784 0.7587168784651293 0.1181722100745173 0
785 0.7493548829734235 0.2945184958606906 0
786 0.748900051924826 0.1347511062897851 0
787 0.7501690203527395 0.3111723350354068 0
788 0.758756291922934 0.2478779833921844 0
789 0.7527984827047393 0.3618761903119516 0
790 0.7488862005906325 0.2309758817670466 0
791 0.7500590398316369 0.1739937809231678 0
792 0.4107777474029963 0.4631805440002128 0
793 0.6852800487364067 0.4828933901115464 0
794 0.424927964410561 0.4533663973685954 0
795 0.7629619048219513 0.4082178610323236 0
796 0.7580509705714547 0.1979298660879642 0
797 0.7491636314836814 0.2030736559217232 0
798 0.762582976650291 0.3453167512466249 0
799 0.7618846781589147 0.3173467325279478 0
800 0.7587750879595506 0.2886274787729073 0
801 0.7629216273263836 0.1007481785629354 0
802 0.7611867984802648 0.180045375565879 0
803 0.6805819228837274 0.4582762530602681 0
804 0.4854137175081071 0.4547575438726263 0
805 0.758420327499063 0.07210311778849099 0
806 0.5196961029953545 0.4736160005489499 0
807 0.7377076166660902 0.007638257023511841 0
808 0.7736508122573387 0.00767760801777051 0
809 0.06630289521526833 0.03680671710004058 0
810 0.7557121906707798 0.01455252534415974 0
811 0.4546595588479515 0.4700786016927709 0
812 0.3437858073748057 0.374835290637785 0
813 0.4177871383676495 0.4581008798708257 0
814 0.03373612061120812 0.01583649358043249 0
815 0.3816714530596165 0.4437377812705887 0
816 0.4251980837902803 0.4425273780130613 0
817 0.4267469838098989 0.4625270424468851 0
818 0.4752582839042399 0.4605199873115697 0
819 0.5372222823993771 0.4648737162230551 0
820 0.4714935150959981 0.4782957933822209 0
821 0.4801611532387525 0.4802889547779823 0
822 0.4635682922763665 0.4807478765073463 0
823 0.7214798307672777 0.2115874250446448 0
824 0.3637595103621023 0.3403375033508017 0
825 0.5185136098702136 0.009954945544958349 0
826 0.5265871785725449 0.4322138662150241 0
827 0.4493965302345105 0.0116613543074256 0
828 0.3195994235096237 0.2876862173802657 0
829 0.7218011281429466 0.2699511331394149 0
830 0.5774124305551065 0.009932774942334854 0
831 0.392465966562064 0.00981043722881686 0
832 0.2827576577566616 0.2438323954025456 0
833 0.7208788882369284 0.1542897600643758 0
834 0.5839689011687996 0.4341765761157225 0
835 0.4011455628452718 0.3839004031152622 0
836 0.3348835566037248 0.009935686712801539 0
837 0.2459064777273507 0.1999369793462087 0
838 0.7214314612461238 0.3255541496778901 0
839 0.6217072148695315 0.009935844289705731 0
840 0.2893029673964671 0.01033608550536402 0
841 0.7222518947676524 0.1065327171105573 0
842 0.2164784429141288 0.164766673794054 0
843 0.4813823225232688 0.4299727347123755 0
844 0.6279816379920702 0.4384113500523417 0
845 0.2431006981005364 0.009935844289705731 0
846 0.1869842092264352 0.1296939846059874 0
847 0.7209402463148059 0.3716616319363868 0
848 0.4359203084992684 0.4186913318082318 0
849 0.6679011264791396 0.009452450731408102 0
850 0.2089970006402017 0.009190875739876481 0
851 0.4853131884022024 0.008624168453443493 0
852 0.3416762999463753 0.3139924937853301 0
853 0.7208025668138921 0.0742857142857144 0
854 0.1648906346960147 0.1033903683226413 0
855 0.661497415379157 0.4390893503971935 0
856 0.1752382624379848 0.0100511918248089 0
857 0.720139942245994 0.4045932555568334 0
858 0.1428098322952418 0.077045799762686 0
859 0.7194953010004718 0.03938621817497001 0
860 0.1398443753453561 0.009935844289705731 0
861 0.6931137280290897 0.439262073084315 0
862 0.3858616204829051 0.3666338719621195 0
863 0.7213286466133405 0.3028746240450839 0
864 0.7195090102539782 0.3486822878754769 0
865 0.7215980358919917 0.2454499865610792 0
866 0.6905468471726951 0.009832935922596486 0
867 0.6446252554982878 0.00989369094679271 0
868 0.5992103675524136 0.01089060567176914 0
869 0.5523430928056301 0.009366979863108527 0
870 0.2660463351780887 0.009443057642788688 0
871 0.3578299456062926 0.009935844289705731 0
872 0.3119377632302221 0.009935524775286031 0
873 0.4149294103559122 0.009447386579679085 0
874 0.3048266675677227 0.2701157368526148 0
875 0.2680349577150052 0.2262633007964399 0
876 0.2017494906594105 0.1472133920293451 0
877 0.231207395168847 0.1823199555587628 0
878 0.7206411964872015 0.1900764185790578 0
879 0.1281047293858198 0.05944698320580133 0
880 0.7213877754229104 0.1317882513962896 0
881 0.5043154240769713 0.4311255736364619 0
882 0.5491067438142244 0.4333940666197599 0
883 0.6054056569184234 0.4363445676315996 0
884 0.4158279006566862 0.4009750207299969 0
885 0.1139276808406341 0.04168534119122663 0
886 0.4622826335198171 0.4287076669716521 0
887 0.116864360075654 0.009915846700189745 0
888 0.7130441475830309 0.009675206229135758 0
889 0.7134782642305083 0.4216007056861805 0
890 0.09864682487638277 0.02434041967638301 0
891 0.09398564824555689 0.00958201244059409 0
892 0.3932209952845459 0.3754042807298817 0
893 0.3975464004173372 0.3645786782331313 0
894 0.3898510736966264 0.3558672079156249 0
895 0.4012853913318957 0.3538643459070109 0
896 0.3937522286800379 0.3451194279229928 0
897 0.4050203689906386 0.3431381467388511 0
898 0.3976217150612902 0.3343745931499982 0
899 0.4089016939989518 0.332391222593343 0
900 0.4015495441157698 0.3236234537392103 0
901 0.4128001786041611 0.3216147291509043 0
902 0.4054622600928362 0.3128680047461844 0
903 0.4168287690884578 0.3109177705857256 0
904 0.4094098614254746 0.3021232761598793 0
905 0.4207893412001026 0.3002000152511468 0
906 0.4133358289393603 0.2913743301945645 0
907 0.4246978014006866 0.2894051712910409 0
908 0.4172517349996447 0.2806218615271951 0
909 0.4287298584774092 0.2786733252447731 0
910 0.4211457055045508 0.269849429263088 0
911 0.4325732200965392 0.2679052709101937 0
912 0.4250670248179312 0.2590932125604271 0
913 0.4363681023325509 0.2571176825392855 0
914 0.4438845806452272 0.2658825811275716 0
915 0.4476515092711657 0.25513235201136 0
916 0.4549889643591911 0.2638918246228319 0
917 0.4588854841845652 0.2531537217078837 0
918 0.4662366059745579 0.2619181025868499 0
919 0.4701525935213872 0.2511698242013513 0
920 0.4774928309691395 0.2599388401883968 0
921 0.4814116692089007 0.24919618428101 0
922 0.4289926866863575 0.2483368050656308 0
923 0.4887562841496226 0.2579609432413188 0
924 0.492671146155579 0.2472174029787766 0
925 0.485326800571895 0.2384542251469153 0
926 0.4965881837530299 0.2364743557901225 0
927 0.5000137379432645 0.2559806276778231 0
928 0.4892448195685974 0.2277105152245685 0
929 0.5005078613821041 0.2257304899918753 0
930 0.4931602860825609 0.2169645389093155 0
931 0.5044264370208089 0.2149849492804757 0
932 0.4970776916714559 0.2062178710517735 0
933 0.5083440060921174 0.2042380193236741 0
934 0.5156925050407357 0.2130054126362309 0
935 0.5196104781073743 0.2022586327921657 0
936 0.5269574159040886 0.2110257158307765 0
937 0.5308764755023025 0.2002795139632614 0
938 0.5382230381768184 0.2090462877085534 0
939 0.5421422045680784 0.1983005585212393 0
940 0.5009955816837695 0.1954702499810813 0
941 0.5494887128134247 0.2070669760105916 0
942 0.5534078675502534 0.1963214654780861 0
943 0.5460612607326758 0.1875547444794398 0
944 0.5573273728867013 0.1855755163265145 0
945 0.5499799855928 0.1768077191266425 0
946 0.5612478728710527 0.1748281869321702 0
947 0.4961022729559126 0.2667212599650194 0
948 0.5073547255142907 0.2647412494814877 0
949 0.5607217431328601 0.2051309545062917 0
950 0.5034430868293592 0.2754739764081111 0
951 0.5146892153918263 0.2734954489634692 0
952 0.5538991679541512 0.1660593655965273 0
953 0.5651685332475624 0.1640795834591826 0
954 0.5107794561290712 0.2842223266789323 0
955 0.5220207547070186 0.2822458977553667 0
956 0.5578188300490166 0.1553096771369448 0
957 0.5690888373301357 0.1533299240251259 0
958 0.576438119806254 0.1621001991960019 0
959 0.5803587541903392 0.1513510599945284 0
960 0.5181118076797073 0.2929668766801281 0
961 0.5293476970633877 0.2909920355128136 0
962 0.5877079492363358 0.1601211642222639 0
963 0.5916281943522045 0.1493725105773084 0
964 0.5617390504167044 0.1445583790797179 0
965 0.4897272309678155 0.1974504393179949 0
966 0.4936462617411012 0.1867002003528513 0
967 0.4823744021220662 0.1886810670873343 0
968 0.4862947905847558 0.1779275219066052 0
969 0.4750205228064994 0.1799093824356636 0
970 0.4789417916434415 0.1691539197472157 0
971 0.4676658064014384 0.1711360694123452 0
972 0.4715873747594322 0.160379010401368 0
973 0.460309950912673 0.1623612765745675 0
974 0.4642320306098057 0.1516028692893072 0
975 0.4529534302204952 0.1535855590406976 0
976 0.4568759670867182 0.142825822121228 0
977 0.4455958069802551 0.1448083774339868 0
978 0.5254413555670313 0.3017067601516316 0
979 0.5366711244219514 0.2997331644570854 0
980 0.4203340984191593 0.3302859530008142 0
981 0.4176957908379249 0.2503316085740961 0
982 0.5989761953920034 0.1581423395086918 0
983 0.6028976463226867 0.147393874309117 0
984 0.4495188260519768 0.1340475729406651 0
985 0.4382377795774951 0.1360314418652697 0
986 0.4608000460013861 0.1320646938262748 0
987 0.4343147361402281 0.1467920556131265 0
988 0.4269560142040415 0.138014726014299 0
989 0.4230327021711935 0.1487763539385702 0
990 0.4156736926185308 0.1399990937601506 0
991 0.4117499656370952 0.1507613353932883 0
992 0.4043905137298007 0.1419829914736354 0
993 0.4004665357161141 0.1527457371902066 0
994 0.3931064621536821 0.1439645476144539 0
995 0.3891826007085161 0.1547289335254271 0
996 0.3818221086594318 0.1459484859099122 0
997 0.377898271243275 0.1567130161863607 0
998 0.370537512705722 0.1479324754665341 0
999 0.3744618827811166 0.1371673888199927 0
1000 0.3631762556473539 0.1391516638572682 0
1001 0.5327761115040403 0.3104353717018257 0
1002 0.5439940490725321 0.3084676493083796 0
1003 0.4195924238229368 0.1292400416363267 0
1004 0.366613808069695 0.1586972883373602 0
1005 0.547899222949796 0.2977608407410183 0
1006 0.5552195023459823 0.3064979992140487 0
1007 0.5591270406266333 0.2957904868248175 0
1008 0.566449365309569 0.3045290997274913 0
1009 0.5703576520967782 0.2938197551004911 0
1010 0.5776803169864655 0.3025592214118437 0
1011 0.581589493783943 0.291846735114805 0
1012 0.5889105486165888 0.300589867420113 0
1013 0.5928196343931673 0.2898751602927203 0
1014 0.5850046721888466 0.3112986280965756 0
1015 0.5962298276231919 0.3093310110387704 0
1016 0.367101103242884 0.1283855595747584 0
1017 0.3558143900351877 0.1303701588135695 0
1018 0.5923266125134006 0.3200350214951058 0
1019 0.6035479090852323 0.3180666746829581 0
1020 0.5215697117901298 0.312406698404079 0
1021 0.5401388100566866 0.3191882016527072 0
1022 0.5955490682313578 0.1386243372867397 0
1023 0.6068194370002449 0.136645092486525 0
1024 0.5994698654317444 0.1278744355089984 0
1025 0.6107409057389094 0.125895224181423 0
1026 0.6102446894406356 0.1561635270793031 0
1027 0.4534420872693889 0.1232855376427665 0
1028 0.4647252590626422 0.1213025790436453 0
1029 0.3597392447205166 0.1196032484191983 0
1030 0.3484523021612103 0.1215881498098239 0
1031 0.3445275773069334 0.1323550864736663 0
1032 0.3371652221432578 0.1235730089016934 0
1033 0.5996454431031012 0.32877059459143 0
1034 0.6108658395552395 0.3268041346095775 0
1035 0.6147706913946156 0.3160988651315983 0
1036 0.3332405883012208 0.1343401496848243 0
1037 0.3258778453778374 0.1255579089712349 0
1038 0.6033908465377864 0.1171233008538107 0
1039 0.6146628426779303 0.1151445052531511 0
1040 0.3298033369706007 0.1147904075847139 0
1041 0.3185152081364476 0.1167751807882471 0
1042 0.4573659063435361 0.1125223700435117 0
1043 0.4686504535589698 0.1105391935344763 0
1044 0.6220797504556368 0.324832182883307 0
1045 0.6259884722248491 0.3141280620042747 0
1046 0.6181812806024992 0.3355374930191761 0
1047 0.6220118556135933 0.1239165626863904 0
1048 0.6259343337653512 0.1131664787310931 0
1049 0.3145905104899598 0.1275430769078574 0
1050 0.30722700763091 0.1187606782812891 0
1051 0.3111520191371665 0.1079920706142654 0
1052 0.2998632818125986 0.109977762182174 0
1053 0.3739743656375915 0.1674775989334912 0
1054 0.3626901218000525 0.1694618781403783 0
1055 0.6073124960382901 0.1063708371311506 0
1056 0.6063247800473781 0.1669102349999069 0
1057 0.6175903495246862 0.1649317918991428 0
1058 0.6136713537834031 0.1756763370046011 0
1059 0.6249347677210886 0.1736984767431979 0
1060 0.6210170883455455 0.1844406577762734 0
1061 0.6294579251735685 0.333494374711595 0
1062 0.6255033083521686 0.3442517138225394 0
1063 0.4059360678378661 0.2826353215196395 0
1064 0.4612901112719951 0.1017578669703917 0
1065 0.4725752725073724 0.09977457581085092 0
1066 0.3700503940512804 0.1782421117232637 0
1067 0.3587665185547501 0.1802262092128715 0
1068 0.6322781594146788 0.1824633345265378 0
1069 0.628361283805839 0.1932034748487996 0
1070 0.3037884430579403 0.0992084541502628 0
1071 0.2924997514126939 0.1011941068213897 0
1072 0.6332825199514749 0.1219379591107267 0
1073 0.6372048236642199 0.1111889599749802 0
1074 0.4996501212990905 0.2862984155281192 0
1075 0.366122126548006 0.1890045640158659 0
1076 0.5960382667672951 0.1083503274795981 0
1077 0.4828646926074137 0.1583973810393802 0
1078 0.4799354581241481 0.1085562683709852 0
1079 0.4838605881192498 0.09779191804134557 0
1080 0.4216314087151188 0.2395622591284382 0
1081 0.2885749911131721 0.1119634299710002 0
1082 0.2812108365543992 0.1031799383085513 0
1083 0.3548422872258279 0.1909899682902146 0
1084 0.3621975562124889 0.1997680299032955 0
1085 0.5999608283938854 0.09759491864571102 0
1086 0.5886827281035657 0.09957565163449272 0
1087 0.636783234607354 0.3422120036715792 0
1088 0.6327841913910902 0.3529787552969181 0
1089 0.6215178037473951 0.3549480834046204 0
1090 0.6396211259412807 0.1912261684696313 0
1091 0.6357036136539919 0.201964954644505 0
1092 0.643538752222533 0.1804865391767249 0
1093 0.2851355475201584 0.09241049185129441 0
1094 0.2738464181121929 0.09439678927767092 0
1095 0.4652151033261027 0.09099188866726277 0
1096 0.453928302480974 0.09297588173956406 0
1097 0.5854951417983286 0.2811317563656232 0
1098 0.5967321773791359 0.279156749249048 0
1099 0.4912180688937077 0.1065727622339314 0
1100 0.4951451741379111 0.09580907592844978 0
1101 0.3509186624564061 0.2017535974673244 0
1102 0.3435586986508147 0.192975655383605 0
1103 0.3582782834781785 0.2105329805209623 0
1104 0.4191088801310955 0.1595416661382792 0
1105 0.5926070880854034 0.08881764284098825 0
1106 0.5813266937947428 0.09079870659690736 0
1107 0.6038841746618638 0.08683976357912188 0
1108 0.2699219101342739 0.1051661444112599 0
1109 0.262557245336366 0.09638268885689649 0
1110 0.6440070693283337 0.3510246831165733 0
1111 0.6481701158692533 0.3402387438172535 0
1112 0.640035262281069 0.3617098155333253 0
1113 0.6445528135742544 0.1199597084633482 0
1114 0.6484743489585589 0.1092115769238751 0
1115 0.4324262049295022 0.2982736935414653 0
1116 0.5455621748718982 0.2178095578225147 0
1117 0.6244459854968362 0.2039423352629641 0
1118 0.6317868391625405 0.212702208924916 0
1119 0.6430427946552553 0.2107250311050986 0
1120 0.6391267140631631 0.221459807662443 0
1121 0.6204643047179919 0.2146918635003409 0
1122 0.2664808263474192 0.08561380256295492 0
1123 0.2551916649240443 0.08759980979805965 0
1124 0.6503799592579746 0.2194834063803813 0
1125 0.6464653632082918 0.230216067602882 0
1126 0.5504670426350267 0.1465392299811908 0
1127 0.5894069213025116 0.2704110678447053 0
1128 0.4637453396975707 0.1818931634442985 0
1129 0.3469959731122896 0.2125172479523296 0
1130 0.3543556750086788 0.2212965929574617 0
1131 0.4578537866076557 0.08220829052720108 0
1132 0.4465652756794606 0.08419286010880567 0
1133 0.6513960254277595 0.3597593328678357 0
1134 0.6473758189151175 0.3704248563942532 0
1135 0.5852520528999819 0.0800384102700587 0
1136 0.5739706016562384 0.08201955548418616 0
1137 0.588428236091682 0.3307358472806736 0
1138 0.3774202269710518 0.1870125830096688 0
1139 0.3710266257303405 0.1176188419232105 0
1140 0.3636641744376458 0.1088356625127319 0
1141 0.3749524351897183 0.1068512307111463 0
1142 0.3675893983198312 0.09806719382354989 0
1143 0.3788786169429568 0.09608249828592064 0
1144 0.3715149524386396 0.08729774781290656 0
1145 0.3828051859060096 0.08531287916321151 0
1146 0.2586332902366878 0.1071522929082999 0
1147 0.3754408573144854 0.07652733607214923 0
1148 0.3867321540672213 0.07454226552963961 0
1149 0.3641508537059952 0.07851302246545344 0
1150 0.2591155965624868 0.07682942046890123 0
1151 0.2478257017252301 0.07881572511497065 0
1152 0.5025023628204586 0.1045897025640319 0
1153 0.5064302769414801 0.09382668146013912 0
1154 0.4990706354337695 0.08504419350619552 0
1155 0.510356643441737 0.08306138939997931 0
1156 0.5029963178537062 0.07427808181196471 0
1157 0.5142840745423164 0.07229495094811195 0
1158 0.6558217461786914 0.1179807651461485 0
1159 0.6597424285862941 0.1072342771295894 0
1160 0.6523956510268989 0.09846370327737597 0
1161 0.6577238826549325 0.2282382101751456 0
1162 0.6538041178328117 0.23897081227988 0
1163 0.6616603496909296 0.2174988237645456 0
1164 0.6586183904183323 0.3684863246882755 0
1165 0.4504906829971275 0.07342405662382517 0
1166 0.6636646749161785 0.09648643723858508 0
1167 0.6563174458865304 0.0877147399987328 0
1168 0.5259340577171151 0.2715226333022229 0
1169 0.5137884787627188 0.1026077916307436 0
1170 0.5543879128925164 0.1357858835030269 0
1171 0.5098644045414413 0.1133711122068574 0
1172 0.577895639656183 0.07125729266322234 0
1173 0.6547033623172747 0.3791493056397112 0
1174 0.6434193872734 0.3810904441657006 0
1175 0.3430728105855281 0.2232806329157452 0
1176 0.3504325863834919 0.2320599142978289 0
1177 0.3793671182184191 0.0657558719451502 0
1178 0.3906595632991917 0.06377061718985333 0
1179 0.6006822419372981 0.2684244291579894 0
1180 0.5933228983681987 0.2596861859749923 0
1181 0.582072668300616 0.2616638198148061 0
1182 0.6659053089805596 0.3771861986999613 0
1183 0.4103549957168042 0.2415425025320443 0
1184 0.4142769294123013 0.2307838469552029 0
1185 0.4255556151354029 0.2288015094897055 0
1186 0.4181996718391777 0.2200244469916596 0
1187 0.6675892466037466 0.08573616258951483 0
1188 0.6602396847274351 0.0769636881985396 0
1189 0.4624320498111605 0.2726826416719711 0
1190 0.2517497319252425 0.06804479530508678 0
1191 0.2404598878800266 0.07003068165505966 0
1192 0.2365350953026406 0.08080239632370378 0
1193 0.2291692760743694 0.07201755611267258 0
1194 0.2630355591300405 0.06605896381249132 0
1195 0.2252448048949309 0.0827889430090531 0
1196 0.2178785980302034 0.07400443963600056 0
1197 0.671513407925125 0.0749846678112232 0
1198 0.5069224613400566 0.06351050532393515 0
1199 0.5182118307363149 0.06152711541308142 0
1200 0.6641625826010907 0.06621064279515504 0
1201 0.6528864573985114 0.06818985717430442 0
1202 0.6650619021899719 0.2369982765671165 0
1203 0.6611396359771152 0.2477257992423539 0
1204 0.6699599720956588 0.3665117120313154 0
1205 0.6670888647096668 0.1160035665880699 0
1206 0.6631679756835145 0.1267497574724403 0
1207 0.6498937853981153 0.2497028032126714 0
1208 0.6572281127750939 0.2584534253711206 0
1209 0.2218031918783084 0.06323295588310907 0
1210 0.2105121244943579 0.06521990989188342 0
1211 0.394169064035035 0.3149059233345012 0
1212 0.3940887561838105 0.08333868019492324 0
1213 0.5859863831288883 0.2509371144315526 0
1214 0.213954682850788 0.08477572531982347 0
1215 0.2213201335848419 0.09355910311276205 0
1216 0.6684701044953378 0.256479705752253 0
1217 0.6645584031759533 0.267204031171765 0
1218 0.6533172734101796 0.269178466093151 0
1219 0.6606476916983638 0.2779267125411294 0
1220 0.6718880048201881 0.2759528284686241 0
1221 0.6679766837719047 0.2866728422067197 0
1222 0.6620079461947647 0.3878579729835565 0
1223 0.6754371108825769 0.0642330908508314 0
1224 0.6731988338061392 0.3858950082150041 0
1225 0.604559313974572 0.2577147520682315 0
1226 0.3617148999667024 0.2300763744417235 0
1227 0.357791832113606 0.2408390703580184 0
1228 0.4123239207257069 0.3519165116646757 0
1229 0.5230399317423415 0.2217710152704513 0
1230 0.6023250491686967 0.1776964074175679 0
1231 0.6406311961456682 0.1307079986629452 0
1232 0.574738629301544 0.2529131718998697 0
1233 0.2659975121738583 0.1159350941483342 0
1234 0.2547070998497371 0.1179202824196687 0
1235 0.2620727301018839 0.1267034641849096 0
1236 0.351405960887869 0.1714461441180996 0
1237 0.3033028284818434 0.1295288538244309 0
1238 0.3106659995726929 0.1383107371734407 0
1239 0.2993793013169461 0.1402961683856787 0
1240 0.3067419620131329 0.1490778537634664 0
1241 0.2954555454806455 0.1510630502580232 0
1242 0.3028178596821809 0.1598445246910116 0
1243 0.2915318644831114 0.1618296819998505 0
1244 0.2988938662167477 0.1706109532344195 0
1245 0.5216295985899022 0.08109087521099334 0
1246 0.3695698365047681 0.2085256457906896 0
1247 0.6080444248329369 0.2771525312180841 0
1248 0.4975681126708358 0.1759474764724108 0
1249 0.3150775764507899 0.09722299652948818 0
1250 0.3077134238526935 0.08843854255624245 0
1251 0.3357129741134676 0.2145011716236377 0
1252 0.3317895722233466 0.2252648565361192 0
1253 0.3244294128842796 0.2164850381291078 0
1254 0.5891792422745229 0.06927646804508725 0
1255 0.5818218179834411 0.06049367385359822 0
1256 0.5931076390855585 0.05851297706379832 0
1257 0.5705362336775723 0.06247523425369977 0
1258 0.4819026054153716 0.2189374126403217 0
1259 0.4617805706052357 0.07143960679081535 0
1260 0.4544168265100829 0.062654142316664 0
1261 0.4431260189908013 0.06463910195526873 0
1262 0.3190036825759003 0.08645306551195453 0
1263 0.3116387344460899 0.07766774580419533 0
1264 0.4657066102375346 0.06067075415706197 0
1265 0.3229298690134756 0.0756819478385245 0
1266 0.3155643147969421 0.0668958549975463 0
1267 0.3268565300435601 0.06490985191769449 0
1268 0.5426301206800621 0.1680394409372191 0
1269 0.5700454222250612 0.09278081257136656 0
1270 0.4294787336957506 0.2180420878135211 0
1271 0.4221223149482012 0.2092650804867563 0
1272 0.287608289072151 0.1725959753666726 0
1273 0.2949700512271513 0.1813768470130038 0
1274 0.2802447998314131 0.1638142475178848 0
1275 0.3465095167017734 0.2428228376491419 0
1276 0.3538690264787973 0.2516015682525723 0
1277 0.3651509705941558 0.2496178155410609 0
1278 0.3612282931834583 0.2603800354409139 0
1279 0.2507829677655429 0.1286885142638383 0
1280 0.24438363119465 0.05925977964662721 0
1281 0.6568107577443287 0.05743270188215754 0
1282 0.64553020077264 0.05941288750273788 0
1283 0.6749359621034529 0.09450821559978695 0
1284 0.3832937795701363 0.0549833341307065 0
1285 0.3945870840872846 0.05299808970483211 0
1286 0.3720007316971329 0.05696890339507843 0
1287 0.6744334627971504 0.1247723422560255 0
1288 0.6705140336591234 0.1355161272693633 0
1289 0.3194902761409382 0.05612302111365974 0
1290 0.308197354003842 0.05810930238534723 0
1291 0.330783508012185 0.05413693459421159 0
1292 0.6792162441048971 0.2847002039670008 0
1293 0.6753050615470759 0.2954194215189786 0
1294 0.6692954269447033 0.3965736043688957 0
1295 0.6580613455954538 0.398516937065216 0
1296 0.5108490982504943 0.0527413845944803 0
1297 0.5221396643364179 0.05075808193908515 0
1298 0.2144368314374984 0.05444758734788879 0
1299 0.2031453434561352 0.0564350391582924 0
1300 0.1992202817627331 0.06720705421680651 0
1301 0.1918533233240566 0.05842252770254619 0
1302 0.4470525610602513 0.05386758112142914 0
1303 0.1957783120909984 0.04764990019475218 0
1304 0.1844867000652748 0.04963803105064768 0
1305 0.6640677182987522 0.2973915041632035 0
1306 0.6713946982126716 0.3061358564110508 0
1307 0.6494072785289011 0.2798999148263479 0
1308 0.5744627649318328 0.05170912317665599 0
1309 0.4872853322854079 0.1173467714554532 0
1310 0.3101809958869302 0.1686252640509715 0
1311 0.386235349113106 0.1048744832808378 0
1312 0.4426405571609204 0.09496073005632444 0
1313 0.6450445893801864 0.08969679403569986 0
1314 0.5431132551851683 0.1377670899465453 0
1315 0.547035432098496 0.1270114702308246 0
1316 0.4108428349697459 0.2112473890237556 0
1317 0.4029804876842155 0.232793473453565 0
1318 0.5786523666564447 0.2421842457577162 0
1319 0.372509878433019 0.2583961531253262 0
1320 0.3685869106481118 0.269158201261132 0
1321 0.4352769561653367 0.0861776387656219 0
1322 0.4019504493325539 0.06178501398835956 0
1323 0.4058806882136047 0.05101318092128976 0
1324 0.3205058164580979 0.2272490439158516 0
1325 0.3131458719994101 0.2184708499119014 0
1326 0.2836848311100767 0.1833618814698065 0
1327 0.1805622075905485 0.06041005267834254 0
1328 0.1731956914088933 0.05162616757514837 0
1329 0.3573057114300431 0.271141976037909 0
1330 0.3646644884545649 0.2799201154943566 0
1331 0.4147680621695455 0.2004999291108469 0
1332 0.4260471821142435 0.198512417586633 0
1333 0.5626886167091001 0.08400151333226713 0
1334 0.2100311761570386 0.09554593447920945 0
1335 0.2173954511303112 0.1043286460989921 0
1336 0.5294976917087432 0.05954278644742994 0
1337 0.5334299861368468 0.04877456676925368 0
1338 0.3425867944972733 0.2535855687661693 0
1339 0.683129001981319 0.2739792484952335 0
1340 0.3759275583550281 0.04619530520004478 0
1341 0.6804979144376453 0.394604907495557 0
1342 0.6817776846918094 0.1335384948996989 0
1343 0.6778581563831406 0.1442813266296793 0
1344 0.6665955110557433 0.1462591633448383 0
1345 0.6739393635830729 0.1550239925391088 0
1346 0.6840029459663424 0.3837802673864533 0
1347 0.6826304616827175 0.3041644767253731 0
1348 0.6787204861880595 0.3148797095879217 0
1349 0.6352141591855103 0.2321932298536384 0
1350 0.5899006906835499 0.2402090283960299 0
1351 0.5847610994238627 0.1103325829088271 0
1352 0.6827863736103191 0.07300644808793622 0
1353 0.6867106718388601 0.06225558224279026 0
1354 0.6793624568565703 0.0534817911107372 0
1355 0.6494566120518361 0.04865224046093442 0
1356 0.6381738322773517 0.05063235455100767 0
1357 0.6342482046394731 0.06139458534045461 0
1358 0.6856976051126935 0.1227959654885038 0
1359 0.312170178398934 0.04767159459473203 0
1360 0.3008267012250582 0.04938704018004564 0
1361 0.6420777992710863 0.2711539818057838 0
1362 0.6380975612920674 0.2819113416199627 0
1363 0.6601436707171887 0.3080791695976292 0
1364 0.5957399543598733 0.3394655758535571 0
1365 0.5845229225313259 0.3414283696385401 0
1366 0.5918325612566342 0.3501465349757932 0
1367 0.580629030825949 0.3521125931446337 0
1368 0.5879374672265736 0.3608220963700436 0
1369 0.5767512745341826 0.3627868207398146 0
1370 0.584042690962657 0.3714851191493276 0
1371 0.5728662775318438 0.3734470071346886 0
1372 0.5655751534438298 0.3647539057535723 0
1373 0.5616929769542237 0.3754104718097686 0
1374 0.5544043054000225 0.3667198090253279 0
1375 0.5505243696976279 0.377372937884456 0
1376 0.5432353571482873 0.3686849356488165 0
1377 0.5393558992510299 0.3793368130497322 0
1378 0.5320667391277651 0.3706513495755152 0
1379 0.5279209806437893 0.3813759725182122 0
1380 0.5208538359100083 0.3726262106035739 0
1381 0.516303619974236 0.3833899590923119 0
1382 0.5094126319766521 0.3746532383800911 0
1383 0.5135562919922694 0.363929195361351 0
1384 0.5023693319160323 0.3658965204950688 0
1385 0.4980328029375858 0.376558365645916 0
1386 0.4910720157083528 0.3678302372018171 0
1387 0.49509291755812 0.3571763655927463 0
1388 0.4839177240904101 0.3591517786687222 0
1389 0.479956485676171 0.3697762545915683 0
1390 0.4878281984876787 0.348470338635546 0
1391 0.4727741700718826 0.361125960446826 0
1392 0.4687777446544814 0.3717861716451271 0
1393 0.5801510528535795 0.3821432790715106 0
1394 0.5913220273434417 0.3801826563913855 0
1395 0.4616116827812584 0.3631298091874605 0
1396 0.4578144878959069 0.373701172487272 0
1397 0.4756423950323703 0.3804599966466687 0
1398 0.5578171414240584 0.3860649088301815 0
1399 0.4655029709644438 0.3524684613557482 0
1400 0.5874362297912833 0.3908317035307318 0
1401 0.5985943022314939 0.3888751796919369 0
1402 0.5349588084663615 0.389985587328437 0
1403 0.4543369704851523 0.3544856494011454 0
1404 0.4582118133744139 0.3438063276343519 0
1405 0.5582769857049372 0.3560561462816352 0
1406 0.5359527804405263 0.3599991686854921 0
1407 0.4990179888830178 0.3464953311377236 0
1408 0.4917174442427507 0.337794670110461 0
1409 0.5947103063380667 0.3995158388531024 0
1410 0.6058677313604178 0.3975623535541477 0
1411 0.5835582426534641 0.4014719671055415 0
1412 0.6765866448804252 0.4052935989614584 0
1413 0.5625417794519438 0.3152352290137744 0
1414 0.6904582168959623 0.2827285784745188 0
1415 0.5112776819456766 0.2539984840070759 0
1416 0.4515384280487239 0.2443842265329996 0
1417 0.568561681937263 0.1836435628195719 0
1418 0.6097521496554719 0.3869215681364352 0
1419 0.6170224074309149 0.3956093639782615 0
1420 0.6288593181924853 0.1629575493032346 0
1421 0.3170670077655172 0.2077103575471244 0
1422 0.2581485077386354 0.1374713578410944 0
1423 0.246861757377455 0.139457299386176 0
1424 0.2542244823873053 0.14823869570149 0
1425 0.2394912826870274 0.1306744005482612 0
1426 0.6131903828451425 0.2059214456542849 0
1427 0.2910463686998752 0.1921425464395989 0
1428 0.3965430186584448 0.1635088282302357 0
1429 0.4490303070810485 0.1643472760422525 0
1430 0.6508808539849791 0.1892492296243058 0
1431 0.3563015961459688 0.1000525393092668 0
1432 0.5674035392004984 0.2441600652484515 0
1433 0.5634904403404675 0.2548901179886897 0
1434 0.5561665677229641 0.2461411768372844 0
1435 0.4063914080989026 0.2523663391432406 0
1436 0.5235296841203793 0.1915132632774688 0
1437 0.4313519675071402 0.09694589891391614 0
1438 0.2969032637022634 0.06010684925037724 0
1439 0.2895348777338714 0.05132158623726252 0
1440 0.5518005697084027 0.2870536390116686 0
1441 0.4995587806808 0.05472522572898286 0
1442 0.503485676524567 0.0439544683752412 0
1443 0.4921935494966034 0.04593877444749589 0
1444 0.3646362377291782 0.04818215784162883 0
1445 0.5587671953054646 0.09476042087143222 0
1446 0.6268968738152109 0.05261575209362263 0
1447 0.5825657945350928 0.2314530895514591 0
1448 0.2797613881253881 0.1941274896878123 0
1449 0.2871227006588684 0.2029078944475984 0
1450 0.3534001272094369 0.281889966552306 0
1451 0.3607702076322428 0.2906679879147214 0
1452 0.3720275827748951 0.2886955541397558 0
1453 0.3681147519763746 0.2994588063528958 0
1454 0.2723997991841141 0.1853469903640616 0
1455 0.6852011848951406 0.1530462296664301 0
1456 0.6812830000643879 0.1637876029527483 0
1457 0.690252646232047 0.3130178965283908 0
1458 0.6860937192882771 0.3236407107214789 0
1459 0.6906364099058957 0.05150408165770909 0
1460 0.6832877256714771 0.0427293654947879 0
1461 0.630817410481566 0.04184949224836942 0
1462 0.6195452628749133 0.04383090347713192 0
1463 0.6131379289352044 0.4062466429254913 0
1464 0.624289439707476 0.4042959745292217 0
1465 0.3985150344603198 0.04222451648997444 0
1466 0.4098181603771887 0.04033057906620385 0
1467 0.1884107522373667 0.03886455753390133 0
1468 0.687806964239572 0.4033216766510489 0
1469 0.6925443002963911 0.1618099342540724 0
1470 0.6886252098250627 0.1725504225375228 0
1471 0.447060906077381 0.3458074677689071 0
1472 0.4509104550400198 0.3351257456867962 0
1473 0.4431869720928203 0.3564883370972739 0
1474 0.4620942828301535 0.3331351619612535 0
1475 0.4547741993034679 0.3244341360082093 0
1476 0.4659672713716329 0.3224311093651795 0
1477 0.4586439677478698 0.313720621721913 0
1478 0.4698649808001599 0.3117244663233684 0
1479 0.6748212636014674 0.3255962713576072 0
1480 0.6821453315096218 0.3343395030476175 0
1481 0.5260677061590152 0.03998767348187993 0
1482 0.5373434552119787 0.03801770161103057 0
1483 0.2934505787879216 0.0405561323270871 0
1484 0.2821649881147088 0.0425271859048677 0
1485 0.5938172139574482 0.2294778103706445 0
1486 0.5864805670888253 0.22071917317135 0
1487 0.6933755893203393 0.3323677390507263 0
1488 0.6894598228987951 0.3430782784113339 0
1489 0.3764322536891361 0.2476343728127492 0
1490 0.4625231249527397 0.303006020016413 0
1491 0.6773657244309761 0.1745279067870082 0
1492 0.6847073651456801 0.1832900175199875 0
1493 0.6626720816994526 0.1570062008409336 0
1494 0.2286834530797399 0.1023425415262139 0
1495 0.2880928115101852 0.1422813619300005 0
1496 0.3970294997993274 0.1332040762326137 0
1497 0.618676354769232 0.305392084587373 0
1498 0.3406029926858857 0.1431220715325702 0
1499 0.4917103717895549 0.07626183941629705 0
1500 0.4034882350596961 0.2024853640808479 0
1501 0.3302945640085789 0.08446785128940165 0
1502 0.3798676751073545 0.2671746706073749 0
1503 0.338146907064149 0.06292646131628521 0
1504 0.5656599285307943 0.1338097006642072 0
1505 0.5357598779423746 0.1289944328113632 0
1506 0.5318375482190636 0.1397493691826284 0
1507 0.5397040540986286 0.1182351426438392 0
1508 0.4239882312829338 0.08816275791571437 0
1509 0.4200639284351927 0.098931515699407 0
1510 0.6229684157254247 0.06337789075931655 0
1511 0.4132320826604424 0.05981165633309915 0
1512 0.4073965279130025 0.1917710216477488 0
1513 0.1997033515793519 0.03687630657103697 0
1514 0.552245012067305 0.2568679872144963 0
1515 0.5449554192324477 0.2481126625025837 0
1516 0.2429388348030295 0.1502247180845633 0
1517 0.250300906094235 0.1590055603984125 0
1518 0.3092219733672728 0.2292336618650316 0
1519 0.3165823290537729 0.2380130909586779 0
1520 0.1692725802145642 0.06239772507153846 0
1521 0.1619059739515973 0.05361446699496059 0
1522 0.1766381223419696 0.0711808566323664 0
1523 0.1658289333149889 0.04284281804831302 0
1524 0.154538395151814 0.04483096189098262 0
1525 0.158461931771897 0.03405853465951214 0
1526 0.1471702831079119 0.03604689333051164 0
1527 0.5514215983509467 0.08598845833134683 0
1528 0.2061074460169205 0.1063150070363107 0
1529 0.1987431679322541 0.09753285083729812 0
1530 0.2134713298062429 0.1150971978068273 0
1531 0.5407575761379481 0.05760379810752025 0
1532 0.5029008574723173 0.3358239762648514 0
1533 0.4955895881794291 0.3271239244339188 0
1534 0.4737525164794931 0.3010097326318898 0
1535 0.3685606789843933 0.03740680065875363 0
1536 0.3566811735891898 0.03926335043483992 0
1537 0.6946087621423391 0.04074306978911491 0
1538 0.6943717622492674 0.2720055916694932 0
1539 0.6964645630959156 0.151067638326732 0
1540 0.6998860743641691 0.1705734100996378 0
1541 0.4961212336348088 0.03516655025191345 0
1542 0.4848295087844772 0.03715171404376638 0
1543 0.5908259060882591 0.4101478164625511 0
1544 0.5797622342862345 0.4125706218605099 0
1545 0.1923680509174185 0.02827588087726368 0
1546 0.6940573532434305 0.07102882953846129 0
1547 0.7017023302529527 0.280756790412316 0
1548 0.6838968882605284 0.4140122986738728 0
1549 0.672633587529696 0.4159678680853647 0
1550 0.4434455230864166 0.3263365909307953 0
1551 0.6709108256069034 0.3363066743099955 0
1552 0.4358990238981068 0.3478121634604009 0
1553 0.4319198365074391 0.3584208485078482 0
1554 0.63082662477845 0.2731360490094902 0
1555 0.6209137837189715 0.3849659939658105 0
1556 0.6299062477949461 0.3034397499544119 0
1557 0.6373757313794057 0.3120522058512653 0
1558 0.4393192293490212 0.3671253599453214 0
1559 0.4280753602448903 0.3690465588918425 0
1560 0.4354393298407156 0.3776965844205603 0
1561 0.4241558427048795 0.3798665271954675 0
1562 0.4313629381077552 0.3884298273781484 0
1563 0.4425997024679827 0.3863107552334694 0
1564 0.6203997455470017 0.4149256703920353 0
1565 0.6315494477019066 0.4129784644894283 0
1566 0.6136444671704196 0.3762725608843641 0
1567 0.5771904445649012 0.3327008050181838 0
1568 0.5724286417222257 0.4035095080236442 0
1569 0.5686383292412179 0.414617390448406 0
1570 0.6734403976939372 0.185271828074578 0
1571 0.6807869675053141 0.1940306136185281 0
1572 0.6920479709792307 0.1920519537277166 0
1573 0.6881286766342664 0.2027908696771785 0
1574 0.6695208034244433 0.1960126127404717 0
1575 0.6548083592570929 0.1785053599744449 0
1576 0.5612951365118507 0.405497862832161 0
1577 0.4368340471476796 0.226820261115826 0
1578 0.4407557391974858 0.2160612037014418 0
1579 0.4481108998221036 0.2248354239823956 0
1580 0.4520315910983381 0.2140797563535483 0
1581 0.6636123704726872 0.3275762306815274 0
1582 0.3863671009836641 0.3363707201676981 0
1583 0.6901346682502247 0.08177722566407403 0
1584 0.6453399565702111 0.2906822277624054 0
1585 0.5078564651523977 0.2344942497923712 0
1586 0.5837470544044751 0.1709035247540217 0
1587 0.5661236497869744 0.1035408806696908 0
1588 0.4720827951189306 0.130082970781364 0
1589 0.2655130788473002 0.1462532059018685 0
1590 0.6930409502878221 0.131561467645775 0
1591 0.6969607852263725 0.1208195179977183 0
1592 0.5102231686174157 0.3445262898945479 0
1593 0.655332083689409 0.1482375977722382 0
1594 0.6513957830780306 0.1589947593122325 0
1595 0.4446776321102918 0.2053045532561577 0
1596 0.3180290851099744 0.1470924279181934 0
1597 0.2733610175345456 0.1247179303130286 0
1598 0.6896176369117266 0.1120535033153877 0
1599 0.4387163986422615 0.1057274561714462 0
1600 0.6354411480261548 0.4023471644224848 0
1601 0.6427247681416971 0.411034823343834 0
1602 0.63032202906728 0.07215623417386574 0
1603 0.5244834008139139 0.1309757146734449 0
1604 0.5205609422504516 0.1417315953283953 0
1605 0.5132061939971261 0.1329578945194504 0
1606 0.5092838519251929 0.1437137049751581 0
1607 0.5166388427224089 0.1524882328051873 0
1608 0.5019282397190719 0.1349380380330235 0
1609 0.3460266677351577 0.2731237845088101 0
1610 0.3995475669865798 0.2132455949363379 0
1611 0.3003477719457981 0.07965414354905764 0
1612 0.6011514493212843 0.2382346514440215 0
1613 0.3023322856508343 0.1901571505615605 0
1614 0.3798552785659803 0.03542086011550555 0
1615 0.2257286856677964 0.05246029364562677 0
1616 0.3018576691360771 0.2204583136708569 0
1617 0.2183620571088428 0.04367415116947632 0
1618 0.2296547104624577 0.04168626873050224 0
1619 0.2224025873113942 0.03355417336620214 0
1620 0.6347447997142996 0.262409128058102 0
1621 0.1810819561313628 0.03030520787300317 0
1622 0.5074138916099743 0.03318252903555091 0
1623 0.6440577583057113 0.1502276929635113 0
1624 0.6977865085892394 0.2914782791330347 0
1625 0.4784616497606766 0.1994293641102594 0
1626 0.4034591567234014 0.03095267768405041 0
1627 0.6298575617254745 0.1024190219857398 0
1628 0.5881987362154717 0.1298548376017064 0
1629 0.6870410581921708 0.2632552326781246 0
1630 0.6982860446788882 0.2612802440052061 0
1631 0.6909542026031653 0.2525319947400678 0
1632 0.6607370485655982 0.04667521594338997 0
1633 0.6533873259101279 0.03791188692252578 0
1634 0.6646686528459893 0.03591082096468617 0
1635 0.2856106568523294 0.06208620634068779 0
1636 0.6226675483110491 0.2946592877270849 0
1637 0.3053039333809089 0.2399998230067119 0
1638 0.4882718343109723 0.05670965468552791 0
1639 0.2684822338224329 0.1961146327229124 0
1640 0.5752391021483959 0.2227008653114 0
1641 0.5991280560618416 0.3588602788654326 0
1642 0.3607131557212643 0.05895741248894448 0
1643 0.5141260410051127 0.333835365013486 0
1644 0.521428074440661 0.3425504690988131 0
1645 0.4279170252548785 0.077395502050149 0
1646 0.5595820930478024 0.2656164475341383 0
1647 0.5475321336886908 0.09674735884473873 0
1648 0.3421500236365943 0.2838421142318664 0
1649 0.4593809363107187 0.2228551512308768 0
1650 0.5053651385300957 0.1544694748820556 0
1651 0.165357140482428 0.07317090583339431 0
1652 0.4166412476290762 0.07937899687180583 0
1653 0.3922054743184956 0.2044609998976768 0
1654 0.3882370946510356 0.2152751271892289 0
1655 0.4357604246663125 0.05585269378821772 0
1656 0.4396941306383199 0.04508228889491056 0
1657 0.4509819562552982 0.04309536865902347 0
1658 0.4435525620781702 0.03394361440435356 0
1659 0.4548360338503474 0.03189784441023924 0
1660 0.4622574139680126 0.0410444617945856 0
1661 0.4661841694935124 0.03026061587203188 0
1662 0.6004534800079862 0.06730926145729998 0
1663 0.555346833986997 0.07522727686630526 0
1664 0.432325074009649 0.03623494593301668 0
1665 0.5127206123340919 0.1632427119530674 0
1666 0.4559504964772713 0.2033393016204028 0
1667 0.6993874408978253 0.2008130842344223 0
1668 0.6954702572282545 0.2115494551797913 0
1669 0.68420508412259 0.2135333721467158 0
1670 0.6915471910602067 0.22229025907853 0
1671 0.5483541755985065 0.2675959742359787 0
1672 0.5601192307413013 0.2354027542569171 0
1673 0.3793828203454503 0.2974669878715269 0
1674 0.3754611439158881 0.3082264889490881 0
1675 0.3833034500659395 0.2867130175599373 0
1676 0.3641870653290216 0.3102209777046543 0
1677 0.4485999190357277 0.1945600523733282 0
1678 0.1506147417962734 0.05557486204180062 0
1679 0.4810780969837065 0.3097236003012676 0
1680 0.1727132248317086 0.08193495254999539 0
1681 0.1840029458906754 0.07996384743582535 0
1682 0.180079403291129 0.09073287156436349 0
1683 0.1948169834440583 0.108283985786889 0
1684 0.7017155271588914 0.04944643949466632 0
1685 0.5441218210023155 0.07719690408793822 0
1686 0.2389971243889753 0.1609486435593328 0
1687 0.2463564517463968 0.1697215502570445 0
1688 0.2576616555572642 0.1677766805526718 0
1689 0.2537220797696182 0.1784981233517574 0
1690 0.3126726579585924 0.2487428154894066 0
1691 0.2336217273475112 0.03114073861036681 0
1692 0.2409500480463405 0.03973924097328496 0
1693 0.5631747610562938 0.05369142047943654 0
1694 0.5671210734963412 0.04292987298187589 0
1695 0.5783953205793637 0.04094222504123668 0
1696 0.3715784043354269 0.3189671108892169 0
1697 0.2316285209529488 0.15216144162513 0
1698 0.4387548410636778 0.3967099480251779 0
1699 0.4496444247525488 0.3947735499115941 0
1700 0.3347658259919358 0.2750931605094221 0
1701 0.5791416046865984 0.2119595504658786 0
1702 0.5903985952256849 0.2099827933218957 0
1703 0.5830586585542678 0.201220849295982 0
1704 0.5943474550789976 0.1992289893002852 0
1705 0.4361317890583059 0.02559809125742701 0
1706 0.3725523319984435 0.02665435598706234 0
1707 0.5710341617908357 0.03215434599114964 0
1708 0.5823240250410264 0.03017139453855111 0
1709 0.5896750466011371 0.03896775453893697 0
1710 0.5597999938402811 0.0341485948457354 0
1711 0.5001456786953382 0.02442792611243061 0
1712 0.6234693911566423 0.03265906722609296 0
1713 0.6348356504349694 0.03062122367943176 0
1714 0.6121342209619448 0.03456751699431093 0
1715 0.5299967305258493 0.02923319126528529 0
1716 0.6873700793993892 0.03116657682186841 0
1717 0.7009356683573559 0.02992325327566381 0
1718 0.7024486259700911 0.2201784217055187 0
1719 0.6988140871371108 0.2310302832890628 0
1720 0.6875916270857743 0.2330380246439181 0
1721 0.2860973113523131 0.03178470772793096 0
1722 0.2750335633578119 0.03382641770813538 0
1723 0.2986231035457242 0.02854542321041775 0
1724 0.2709116766495592 0.04452482006575936 0
1725 0.2635030195137442 0.03572125597699877 0
1726 0.2250671239193575 0.02217606771296404 0
1727 0.2446743124822353 0.02942441116375094 0
1728 0.4252622086315634 0.0276964239494496 0
1729 0.6573789749426027 0.02760813803450174 0
1730 0.6092051981879367 0.4166534008424073 0
1731 0.7006894723319601 0.3411072968649663 0
1732 0.6967767137805544 0.351816485099242 0
1733 0.7012214342077356 0.07995195818080869 0
1734 0.6974469254294915 0.09057451473947586 0
1735 0.7085292676149558 0.08875099977772238 0
1736 0.6387453441578591 0.42127788526351 0
1737 0.6499634616589658 0.4197177170776406 0
1738 0.700645867749638 0.1099857459188012 0
1739 0.4169346416992127 0.3710866717842754 0
1740 0.6951279946766228 0.4120511409625752 0
1741 0.6988557416832871 0.401667350584958 0
1742 0.7106623003096667 0.2293859154057042 0
1743 0.5413237436830679 0.02763252015412765 0
1744 0.4512924093589037 0.3050022244744669 0
1745 0.4551276934179561 0.2943138317269445 0
1746 0.6855499631862483 0.3537864160808308 0
1747 0.6928663756698127 0.3625236223998415 0
1748 0.703650562631097 0.3600128892793393 0
1749 0.7002446726628864 0.3719944007030836 0
1750 0.6235070464925525 0.2643846347292136 0
1751 0.6274059855886748 0.2536639898511224 0
1752 0.6050997997989639 0.2274776846440202 0
1753 0.6124647109358473 0.2362562105884716 0
1754 0.5576510416261428 0.4159337417690078 0
1755 0.5501859125119666 0.4073542735462719 0
1756 0.6248129614503767 0.374323885629712 0
1757 0.5936159513375464 0.02818951019510829 0
1758 0.5869765645861644 0.1904805074786144 0
1759 0.3906706804077428 0.2954747910154489 0
1760 0.2473406623940746 0.1091381413120651 0
1761 0.5239924312474549 0.1612618089825016 0
1762 0.3352266684277614 0.2448070002664839 0
1763 0.3313268281665842 0.255558474216539 0
1764 0.4730679043170318 0.06945866449103222 0
1765 0.5200856825233608 0.1720107086601627 0
1766 0.2595937732366962 0.04650279239656113 0
1767 0.611414573984598 0.2966151959597296 0
1768 0.7019703212601273 0.2507643069982886 0
1769 0.3420696168933395 0.05215690395027905 0
1770 0.3347631121099676 0.04366971149487919 0
1771 0.5509613934052799 0.1162608614855504 0
1772 0.6190462934766051 0.07413687258642221 0
1773 0.6264134047158109 0.08290890677299867 0
1774 0.5211381671389054 0.1113933840160966 0
1775 0.5250556845895388 0.1006361939615471 0
1776 0.6043806230051756 0.0565514767465945 0
1777 0.5649024273445582 0.4252219038422564 0
1778 0.4805237284251979 0.3397797474596787 0
1779 0.1614288610686035 0.08389153542696748 0
1780 0.3013599528116123 0.2506924642440834 0
1781 0.3603026284129257 0.3209289273298232 0
1782 0.5252123112305522 0.3318633177171083 0
1783 0.5325460493026455 0.340631229166843 0
1784 0.1511565092429134 0.02562671802588029 0
1785 0.139952668609146 0.02782530609786216 0
1786 0.1359074013948921 0.03810452385678187 0
1787 0.1290471370638385 0.02944583955201924 0
1788 0.4849816379533661 0.2990054032230487 0
1789 0.4774721469396269 0.2902748653177125 0
1790 0.4921670943315484 0.3077844722973406 0
1791 0.4461486471497494 0.4048691301904783 0
1792 0.456763781659859 0.4032157131697504 0
1793 0.4604817099503744 0.3928811958334151 0
1794 0.4676192408470027 0.4014082876493117 0
1795 0.6795649928923784 0.424548845886004 0
1796 0.4523594650809795 0.4149508982652018 0
1797 0.5351646923363269 0.01910814709401754 0
1798 0.70470207034191 0.06947896768542516 0
1799 0.7028560307099522 0.189911240465574 0
1800 0.7090325089648118 0.2895089521224919 0
1801 0.7049812472825802 0.3001049001535996 0
1802 0.644964970417786 0.4296179640708002 0
1803 0.708223514216811 0.1188434635106946 0
1804 0.5469484720995266 0.4173706132860878 0
1805 0.5390086286013962 0.409307982025825 0
1806 0.2790481646674203 0.02383690572920272 0
1807 0.1620015892235247 0.02281166285157477 0
1808 0.563667322149638 0.02336413050091418 0
1809 0.2048844684555651 0.02612464960478178 0
1810 0.6159301592544597 0.4260197474949907 0
1811 0.7045970428469036 0.3303938549014744 0
1812 0.3818952906694041 0.02590230485818629 0
1813 0.4308637534586938 0.01802182504041228 0
1814 0.669037877969837 0.02675127488381079 0
1815 0.1959407839600744 0.017583250003194 0
1816 0.7107876504161688 0.1984148545130704 0
1817 0.3767794894539396 0.0171408675065946 0
1818 0.6163418416206797 0.02333285235628441 0
1819 0.5870051896390516 0.4210343248345985 0
1820 0.5351434783520286 0.4208804779299793 0
1821 0.5275239481775654 0.4112524515812186 0
1822 0.4274572185334508 0.3988889581329346 0
1823 0.4584135257528285 0.02091756913682735 0
1824 0.4701354277059436 0.01956109143905155 0
1825 0.6683443483276429 0.4289791659216687 0
1826 0.6768874042733736 0.4342865228600895 0
1827 0.7085956101468918 0.2592826789928467 0
1828 0.1550182163846878 0.01449819364197785 0
1829 0.5116669403569446 0.02013457187020778 0
1830 0.5855172225510612 0.01952964691619241 0
1831 0.7085883366408378 0.4106577291811172 0
1832 0.5020137872602319 0.01257348206460474 0
1833 0.4126309572378278 0.3819011090616106 0
1834 0.7117236600079729 0.3393091804337186 0
1835 0.7131550042667342 0.2786186751167473 0
1836 0.42417975134879 0.3497683339210738 0
1837 0.4051323621025327 0.3732370115028202 0
1838 0.4281542974142576 0.3390468513268022 0
1839 0.4438526565778796 0.296268543369169 0
1840 0.447659966186943 0.2855091184606915 0
1841 0.4400237482832302 0.3070275162663195 0
1842 0.4283937266963603 0.3089349756539083 0
1843 0.6814590795424714 0.3645051309541167 0
1844 0.6596394373983469 0.3382742997358834 0
1845 0.6669038712718655 0.3470524084960303 0
1846 0.652355562926159 0.3294582794356067 0
1847 0.6410181058684086 0.3311771330271126 0
1848 0.6195413845938303 0.2751088246243208 0
1849 0.6160227735752206 0.2556934693261296 0
1850 0.6564555930107097 0.4290133080599636 0
1851 0.6611230812806381 0.4183441484295294 0
1852 0.6466612879437367 0.4004116411477542 0
1853 0.471520890991599 0.3910259478547538 0
1854 0.4785687527936045 0.3995068960620575 0
1855 0.474694920044953 0.4100162640637749 0
1856 0.4857344581823432 0.4081520934652422 0
1857 0.4896544788685214 0.3976649737277518 0
1858 0.4968268758959051 0.4062856833600021 0
1859 0.5007595359098049 0.3957915665486856 0
1860 0.5079455480500046 0.404412007533181 0
1861 0.4928435976659047 0.4165508386899648 0
1862 0.5119228464473579 0.3940081285516844 0
1863 0.5192451056574157 0.4025456927105851 0
1864 0.515402931667275 0.4127187306883927 0
1865 0.4937652986508289 0.3872051710916954 0
1866 0.6451695648094136 0.3206238698439233 0
1867 0.6016978576367448 0.2079851756089363 0
1868 0.6556917700410515 0.3489953745614544 0
1869 0.436303714528779 0.2874913402121698 0
1870 0.641326213901217 0.3013659807791559 0
1871 0.4465083459677261 0.3757344036475457 0
1872 0.6321068012847164 0.3830197025750766 0
1873 0.6164544206711644 0.2254613074632153 0
1874 0.6238762039630488 0.2342073823878041 0
1875 0.5983432831551453 0.1884635848907739 0
1876 0.434980565606531 0.4082762387305872 0
1877 0.4227246240971593 0.4088780227967809 0
1878 0.4199497654940443 0.3903539386438284 0
1879 0.5308168056845607 0.4005272562789848 0
1880 0.5218320659934994 0.4214650649396688 0
1881 0.538386396358882 0.4329685029249035 0
1882 0.5155361339360449 0.4315374033875279 0
1883 0.3828807041033972 0.3169367547593439 0
1884 0.3945809593372435 0.2847318165262912 0
1885 0.5426066121539828 0.3986534588820698 0
1886 0.4504483250443345 0.3651406269648262 0
1887 0.3808991282741226 0.2064788218711368 0
1888 0.5058752021640007 0.1241707535026705 0
1889 0.4164856884829174 0.34109116987426 0
1890 0.4316734645761502 0.3280628957345774 0
1891 0.5651472961363719 0.3947648598541569 0
1892 0.7054830913990074 0.240474318935027 0
1893 0.6660840839527098 0.1765191827960464 0
1894 0.6360517518484893 0.3723745981472192 0
1895 0.617551001579203 0.3656202978204589 0
1896 0.5980561067223741 0.4186079336082156 0
1897 0.5955918670001582 0.4291330387149002 0
1898 0.5761341525542499 0.4246537846164215 0
1899 0.647463847513589 0.169745557129199 0
1900 0.4622400201312898 0.01025797450817262 0
1901 0.4469951656345078 0.02367361519881733 0
1902 0.6539816933308935 0.4092179164552195 0
1903 0.6507251889366755 0.3898035519304007 0
1904 0.7044930593486394 0.09925547726717338 0
1905 0.7150839099090072 0.09764193720142111 0
1906 0.7202728262074497 0.08685492678373535 0
1907 0.4554645033514945 0.2336059165894868 0
1908 0.4667280329862321 0.23164255114583 0
1909 0.665280296593635 0.407319012227614 0
1910 0.6934742031859554 0.1012889425133329 0
1911 0.6741065228619938 0.355809416068523 0
1912 0.6275524368663028 0.4232531463552897 0
1913 0.4628117388057103 0.2423866843551145 0
1914 0.4441909660817633 0.2356036565064143 0
1915 0.5175029888070344 0.3532396922959143 0
1916 0.6142484241293467 0.3462229218751093 0
1917 0.6069515106851827 0.3374983243736377 0
1918 0.5313529639769961 0.1700289678731339 0
1919 0.7209868296833634 0.3608281089106958 0
1920 0.3785139543220402 0.3578585444703472 0
1921 0.3711369208429485 0.3490867993137444 0
1922 0.3750674165953903 0.338358020749601 0
1923 0.6781793895559046 0.3450621160690552 0
1924 0.7019444177112137 0.00977226120800434 0
1925 0.7075611858210734 0.01975494473643813 0
1926 0.7201077889382155 0.01864870811174757 0
1927 0.7128648658428025 0.02918218782606208 0
1928 0.7061144203037437 0.0387268990786111 0
1929 0.5069994862632037 0.2950283907193554 0
1930 0.6019853290011414 0.4081831687933231 0
1931 0.4201983480211545 0.3602436975861255 0
1932 0.1874598254809619 0.09951811754231543 0
1933 0.1835264178333897 0.1102342263032517 0
1934 0.7212709714484137 0.3142624911344059 0
1935 0.7105001262366177 0.3203563701915711 0
1936 0.6527908538424383 0.2993546815669993 0
1937 0.6621499914800837 0.1872671513152496 0
1938 0.6582293310324726 0.1980075260475808 0
1939 0.6655917223074742 0.2067579587067532 0
1940 0.5737736433686214 0.3132665259693954 0
1941 0.5698653498099239 0.3239700928912388 0
1942 0.5586411811478276 0.3259366539429731 0
1943 0.5659653337200271 0.3346643397687493 0
1944 0.5547839275168324 0.3366475621206774 0
1945 0.5732723777497056 0.3433966235635583 0
1946 0.5474968404508191 0.3279446910078146 0
1947 0.1913740645319959 0.08874810194237792 0
1948 0.4771472555285691 0.3204285123353408 0
1949 0.5142629663955415 0.3037074236851049 0
1950 0.5104397903900774 0.3144446806375909 0
1951 0.7208813382845017 0.3828029533133117 0
1952 0.7109560203751832 0.3774960492415735 0
1953 0.7110205236676227 0.388134464903534 0
1954 0.7012437142256625 0.3834069846553687 0
1955 0.5952156538787855 0.3695283841982445 0
1956 0.5513386937542986 0.3172117373566163 0
1957 0.6794745649147992 0.009633250739748855 0
1958 0.6847253956446439 0.01912249714603464 0
1959 0.4922788182214182 0.277516091649631 0
1960 0.4848689130647683 0.2687054947931095 0
1961 0.4736146239844871 0.2706798793995787 0
1962 0.4699530688137902 0.2815203993686879 0
1963 0.5689917972550981 0.3841033939166921 0
1964 0.2611050222155323 0.1873036027785599 0
1965 0.2650268840894919 0.1765501651759007 0
1966 0.268954515018215 0.1657962334797593 0
1967 0.7197560508617383 0.2579204476467925 0
1968 0.6880391441511727 0.3731864212798432 0
1969 0.5708254467796556 0.2636406522846061 0
1970 0.566924864620327 0.2743625622352195 0
1971 0.6675173579679842 0.3168596366758227 0
1972 0.5343029324603297 0.2197904828038575 0
1973 0.5303797769332108 0.2305318847738159 0
1974 0.5191220419365752 0.2325133721431839 0
1975 0.52644951926623 0.2412872836516062 0
1976 0.5152015104406207 0.2432567325756618 0
1977 0.5225131217159251 0.2520444465480248 0
1978 0.5416171069016628 0.2285650976192682 0
1979 0.5117753032196471 0.2237508059669964 0
1980 0.7201846039072417 0.2901627122135314 0
1981 0.1054250358408103 0.009233271747634941 0
1982 0.1099617394175565 0.0203180722052706 0
1983 0.1063074414930255 0.03283141947500573 0
1984 0.6425355162507679 0.2409415554932707 0
1985 0.6560579805171678 0.009465212923896793 0
1986 0.6278204402939032 0.2234526332987263 0
1987 0.6788624322958305 0.08375614769865281 0
1988 0.5039611498520222 0.414527264988939 0
1989 0.3872192031560756 0.2759499970635525 0
1990 0.6097022296233064 0.1864394032820791 0
1991 0.6057306075213248 0.1972033020708669 0
1992 0.5811040829582376 0.322003533050285 0
1993 0.4329115692213381 0.2375796690672969 0
1994 0.6332115802624833 0.009990253949555161 0
1995 0.6276196677258756 0.0201972637834435 0
1996 0.6103025681431412 0.01249750334374855 0
1997 0.6393914696677893 0.01986443472617605 0
1998 0.6040387366228827 0.02363393388866142 0
1999 0.6416049400616878 0.07017197317513835 0
2000 0.646962125786285 0.1999872587444413 0
2001 0.1281309313694662 0.009831603548526247 0
2002 0.5567853224241477 0.2158769495281539 0
2003 0.676862730684422 0.2047749370500803 0
2004 0.6729425053394458 0.2155140676778495 0
2005 0.6690039374032211 0.2262578427063396 0
2006 0.6763209665137182 0.2350224217270664 0
2007 0.6802685519208259 0.2242759979967366 0
2008 0.5039347875650948 0.2452369754703052 0
2009 0.6587412220884206 0.1677561643243426 0
2010 0.647980371105668 0.1394753640610687 0
2011 0.6978460967860992 0.06033735920047922 0
2012 0.710239242564333 0.05846247335832644 0
2013 0.6567050304517619 0.2886546471778009 0
2014 0.5949971578254226 0.1689251686436035 0
2015 0.5279141965885253 0.1505058203502214 0
2016 0.5724873942175787 0.1728863211101864 0
2017 0.6085831416166316 0.2469803357863624 0
2018 0.6120595309010685 0.2664131068539949 0
2019 0.5410396268001966 0.2588536678219835 0
2020 0.5391910961986398 0.1485220239572256 0
2021 0.3837904697925623 0.2564121023381221 0
2022 0.3877315687702699 0.2456289758409332 0
2023 0.3803579030658193 0.2368693788020187 0
2024 0.3950992341672523 0.2543893380540359 0
2025 0.391635684276394 0.2348900789143474 0
2026 0.3842777661683173 0.2261124870303982 0
2027 0.3911489979691442 0.2651883397681524 0
2028 0.402428044608636 0.2632044996719777 0
2029 0.6180899643810035 0.1346661201865054 0
2030 0.6293599297578247 0.1326872666466762 0
2031 0.6254404991850475 0.1434377073952277 0
2032 0.6367128240786998 0.1414580198304647 0
2033 0.6327828641213609 0.1522101077209488 0
2034 0.6141697675504558 0.145414913671479 0
2035 0.5648498844360332 0.01168744563811563 0
2036 0.1579908189512752 0.06436974516864913 0
2037 0.4402755436069832 0.2463590652871645 0
2038 0.7213485571021513 0.2343775621925479 0
2039 0.7211331048466547 0.2231019843397754 0
2040 0.6312610818902114 0.2429309318531066 0
2041 0.1432532346782195 0.04679971948616191 0
2042 0.4274290109586744 0.1077123236292687 0
2043 0.4161418333540839 0.1096980684189687 0
2044 0.4087762928152242 0.1009178793813822 0
2045 0.4048556915526055 0.1116857606485506 0
2046 0.4347947712883762 0.1164924240423357 0
2047 0.1952953217773842 0.07797779905325186 0
2048 0.3293164495834128 0.145107050871028 0
2049 0.3366784296330236 0.1538885985124516 0
2050 0.3479647652569179 0.1519040755896156 0
2051 0.2929779378482535 0.07087034498297362 0
2052 0.281687794584254 0.0728571234903852 0
2053 0.5781622394092852 0.2723879507564491 0
2054 0.6822737150985476 0.1032872739371896 0
2055 0.4760075500030197 0.1193218316402381 0
2056 0.4833530114080463 0.1281213460148212 0
2057 0.4794249841541856 0.1388781090723238 0
2058 0.2021742194012912 0.1170440814922445 0
2059 0.2095334349002247 0.1258201919105958 0
2060 0.2208321675183164 0.1238716681059493 0
2061 0.2168951751335378 0.1345985862495636 0
2062 0.2281983569332207 0.1326516885041417 0
2063 0.232121785257613 0.1218894935006283 0
2064 0.2242594443364541 0.1433706368695166 0
2065 0.3253926359504641 0.1558735061061973 0
2066 0.332754170682454 0.1646546917459733 0
2067 0.3214686187624596 0.166639586344048 0
2068 0.3288300735319478 0.1754203874031257 0
2069 0.340115464556442 0.1734359752708055 0
2070 0.3175451902145958 0.1774051166897125 0
2071 0.3249100998107713 0.1861847220438411 0
2072 0.3136216225350235 0.1881707981880323 0
2073 0.314105192900857 0.1578588604789814 0
2074 0.2545735142791822 0.0097043464964926 0
2075 0.2608090408100663 0.01810266206221911 0
2076 0.365639408682811 0.2193091355312826 0
2077 0.3769366396187184 0.217299301243223 0
2078 0.2775190942454616 0.009935625989642149 0
2079 0.2065878750737016 0.07599151072212273 0
2080 0.4122242539090438 0.1204634463551209 0
2081 0.1875038590434747 0.009297943080652904 0
2082 0.301049976667063 0.009694531421979846 0
2083 0.3062014481509975 0.01987086389580867 0
2084 0.3176730262314014 0.01987081416512149 0
2085 0.3115433532706907 0.02949796621880563 0
2086 0.3229173541217487 0.02919111595419244 0
2087 0.3290640482958452 0.01976838000721021 0
2088 0.3343617686174448 0.02880941685556992 0
2089 0.3813358653881558 0.1762564602502889 0
2090 0.3887212742147395 0.1850196969448622 0
2091 0.392617444020195 0.174275196544273 0
2092 0.3852585942760297 0.1654933389450128 0
2093 0.4039082385211618 0.1722810053274232 0
2094 0.407826826370618 0.1615245213008505 0
2095 0.4151976144378681 0.1702955291676593 0
2096 0.4264700438154603 0.1683185307420297 0
2097 0.4225848849464043 0.1790590541735486 0
2098 0.4338591360424056 0.1770804370712091 0
2099 0.4377554386109137 0.166330314421082 0
2100 0.4451344680983603 0.1750923861854696 0
2101 0.4303924901256805 0.1575545522281969 0
2102 0.6030316697685061 0.3481808313338615 0
2103 0.3518898282395795 0.1411366271565391 0
2104 0.5177099225589364 0.09184780360651817 0
2105 0.23260952157438 0.09157328589012037 0
2106 0.2399734943272726 0.1003577969050276 0
2107 0.2439007078502329 0.08958645218792732 0
2108 0.463297972469612 0.2121195472518374 0
2109 0.3463571137036856 0.009935547552851587 0
2110 0.3529759779061373 0.01935851836973479 0
2111 0.3406330558159861 0.01980103906533009 0
2112 0.3470370150111706 0.03034171289683329 0
2113 0.2772863870827368 0.1139491463751267 0
2114 0.284650045796646 0.1227323663445448 0
2115 0.2807259104167686 0.1335001737188299 0
2116 0.7038728972326769 0.129427617746132 0
2117 0.7003120577506886 0.140299746447992 0
2118 0.7112963667353412 0.136688045291284 0
2119 0.7096231430264763 0.1492199460008077 0
2120 0.7038091247058074 0.1598309719443051 0
2121 0.7111464464363962 0.1685990511944246 0
2122 0.7067005089117914 0.1791458983997193 0
2123 0.7190425157709518 0.1778481296883738 0
2124 0.686187984393917 0.09253205335875203 0
2125 0.7062132645762116 0.2093461767953395 0
2126 0.4037189348399551 0.009898393135071237 0
2127 0.4088769254578895 0.01991735602918288 0
2128 0.3981955728453639 0.02036011475526084 0
2129 0.3219534130725164 0.1363252252544299 0
2130 0.2200699968887314 0.01051171287759944 0
2131 0.213244085903872 0.01894180819974411 0
2132 0.2315734593035691 0.0111935954266274 0
2133 0.5646302248801833 0.1944028267021311 0
2134 0.3062573352885472 0.1793910216229501 0
2135 0.6891090995174195 0.1422991506027179 0
2136 0.382310019376119 0.115638477418435 0
2137 0.4980234063567803 0.1456931894265785 0
2138 0.2959391498619908 0.1207463704747377 0
2139 0.2434112479369342 0.1199041382004105 0
2140 0.2984106644464518 0.2009222201767302 0
2141 0.251266918007556 0.09836957854737055 0
2142 0.2694366491443058 0.1354857340910274 0
2143 0.2767986502267006 0.1442682725864332 0
2144 0.4127083120467993 0.09015125792737944 0
2145 0.2355630328483559 0.1414233641696315 0
2146 0.4371415280594131 0.009205323051138858 0
2147 0.3233967895117208 0.009918400943403238 0
2148 0.2782499335952475 0.05330241983183803 0
2149 0.3901596861289337 0.09411117274440012 0
2150 0.4460818158554705 0.1145061903349672 0
2151 0.1879287004478947 0.0691936896198565 0
2152 0.4137209406343549 0.2611436874288702 0
2153 0.3343141853822843 0.3052185961886611 0
2154 0.3456006336823189 0.3032999677679985 0
2155 0.5255517721370846 0.07032438962749715 0
2156 0.3263677510212477 0.09523785167020382 0
2157 0.3376572241527651 0.09325366971104598 0
2158 0.3415828480942953 0.08248391791277876 0
2159 0.3342205842402532 0.07369707208097659 0
2160 0.3759445704668399 0.2779368909816731 0
2161 0.2758551637392518 0.2048796547805693 0
2162 0.2832085902060502 0.2136654590187017 0
2163 0.2645589525041297 0.2068191852276099 0
2164 0.3097021628313953 0.1989346141151693 0
2165 0.328353233813427 0.2057243483462443 0
2166 0.2841683246096014 0.1530487138140124 0
2167 0.3690740771434458 0.2388552670003621 0
2168 0.3980165412761731 0.07256360913928639 0
2169 0.3269620922808222 0.2964735054441051 0
2170 0.3783863751634272 0.1264020587456663 0
2171 0.2763198530509103 0.1745775822290143 0
2172 0.4691408406839903 0.08022590096148652 0
2173 0.6700142459698366 0.1657701750400313 0
2174 0.3122248888287807 0.2788988015353195 0
2175 0.3161433516674441 0.2682103598248652 0
2176 0.5774023922228096 0.1015583144826416 0
2177 0.5734831349542869 0.1123156871338573 0
2178 0.2979583012996621 0.2312131506660513 0
2179 0.2754187539550659 0.235051094454177 0
2180 0.344039852677164 0.1626696255408579 0
2181 0.3361960398696907 0.1841984754299221 0
2182 0.5730101854373251 0.1425814600456037 0
2183 0.6269309295807706 0.283850108495449 0
2184 0.395574067095898 0.2240606342877306 0
2185 0.2385464140624983 0.1911225621645866 0
2186 0.3337291490151072 0.1040227045495895 0
2187 0.4809045052230997 0.04792407845006735 0
2188 0.2091139667867692 0.1559900329116996 0
2189 0.2238429190414875 0.1735433146764087 0
2190 0.2026643813871938 0.08676198705901395 0
2191 0.3592529885051985 0.1499167066725445 0
2192 0.1943729476391159 0.1384470824090694 0
2193 0.3474814398493321 0.1822116249321296 0
2194 0.6959235718651007 0.1812974619342076 0
2195 0.224757803263041 0.1131091386964485 0
2196 0.3553296489762118 0.1606817401539798 0
2197 0.4416737015264368 0.1555696891298904 0
2198 0.6171024367886121 0.1951812136888418 0
2199 0.3224408401218933 0.1060068686227513 0
2200 0.3278662434718392 0.2360282469659945 0
2201 0.5332527390021228 0.280279738075641 0
2202 0.3391498260771834 0.2340437838242044 0
2203 0.2944861509275056 0.2116867395753403 0
2204 0.6215145813357785 0.1541859328448893 0
2205 0.4171655781939715 0.04904557327224845 0
2206 0.3729966034312553 0.2280945900466018 0
2207 0.4563995750280396 0.1731117897347801 0
2208 0.4334008379667463 0.2072854812599692 0
2209 0.3396364126781931 0.2037392706999125 0
2210 0.5049129799716602 0.1847257780451836 0
2211 0.1771260033531826 0.04089138615460719 0
2212 0.6865436251319392 0.2934474333032494 0
2213 0.2330938844202454 0.0612458725518617 0
2214 0.4069035929979864 0.222025897608042 0
2215 0.3499468737051121 0.2623635137798933 0
2216 0.5185958134192122 0.2627731226235652 0
2217 0.3857462439911107 0.135184203985676 0
2218 0.1354512880773128 0.06824169703237815 0
2219 0.3455089276627015 0.07171458674662667 0
2220 0.4681542364372104 0.140846067385232 0
2221 0.5352718492997619 0.1592747930311122 0
2222 0.5446838607818261 0.04684105204698563 0
2223 0.5289688512596169 0.08989563624912195 0
2224 0.5347960183099998 0.1895358740719752 0
2225 0.3239656274381133 0.2467704968558355 0
2226 0.5122629472019682 0.1934944040946102 0
2227 0.6361985837100976 0.1717239520544361 0
2228 0.290577475628695 0.2224405316418339 0
2229 0.1208126574090957 0.05065204501889431 0
2230 0.5977775189199545 0.2187099942019642 0
2231 0.2964240996167329 0.09042452528862299 0
2232 0.4817994250068687 0.418675051315002 0
2233 0.4707101449963383 0.4205112633022506 0
2234 0.3042734373988592 0.06888266838768126 0
2235 0.3523773526262734 0.1108211432775246 0
2236 0.4902166838131694 0.1671721931890804 0
2237 0.3235324963137029 0.04601667564111939 0
2238 0.3602270822699045 0.0892836167324732 0
2239 0.4392020098316131 0.07540867716261118 0
2240 0.3680779721114609 0.0677421800031105 0
2241 0.719918582845479 0.1191229148141359 0
2242 0.3605517988999352 0.0285009697390245 0
2243 0.3872213637137658 0.04420970490275372 0
2244 0.6185860282799112 0.1043967661886926 0
2245 0.6112330544901927 0.09562425934187579 0
2246 0.4755054186465316 0.1496261063568973 0
2247 0.6376897695378553 0.08092670530597557 0
2248 0.4765008264676699 0.08900994014927094 0
2249 0.2070701874937126 0.04566190684936722 0
2250 0.5808438732078693 0.1210853692362159 0
2251 0.4421597771595372 0.1252698843839954 0
2252 0.2920150078973967 0.1315142157797038 0
2253 0.4711005080164442 0.1906637504097698 0
2254 0.4877861250491434 0.08702770349985028 0
2255 0.3386789254238817 0.2643449204599187 0
2256 0.4583397703630324 0.05187351609538854 0
2257 0.4500038486258596 0.1037417492193676 0
2258 0.6592489574086223 0.1374939653580328 0
2259 0.5666149290602591 0.07323941970519787 0
2260 0.4889278510589186 0.02673795314735072 0
2261 0.5583072230872423 0.12503754941609 0
2262 0.5147769747622208 0.04197076256212018 0
2263 0.4373252564978063 0.1965368353552811 0
2264 0.6783531961248661 0.1140285955954421 0
2265 0.6091502954168704 0.2166503396658284 0
2266 0.4956356447424937 0.06549424046651336 0
2267 0.6710078921194116 0.1052589219874757 0
2268 0.720802566813892 0.06285714285714289 0
2269 0.5842798942189839 0.1406034926027465 0
2270 0.5965270838266041 0.07806366892401762 0
2271 0.4318404435538493 0.0666248910625899 0
2272 0.6543064723583029 0.2087454222535791 0
2273 0.5749599477024436 0.02138273901367699 0
2274 0.6680874286731158 0.05545707160963104 0
2275 0.6519005100160699 0.1287279265273307 0
2276 0.7048438805284719 0.26976313994983 0
2277 0.7206052977656966 0.05178006358635906 0
2278 0.4858160207359107 0.2081946029815616 0
2279 0.6459868558441275 0.2604311163660304 0
2280 0.5465463511361097 0.1572907551067034 0
2281 0.3410906858678678 0.1128059634485957 0
2282 0.5857497534944439 0.04972918936041559 0
2283 0.1697123639573185 0.0320506604055093 0
2284 0.2370185366953901 0.0504812053605686 0
2285 0.3896686071675137 0.1244220384521283 0
2286 0.5387120135049044 0.1787909497212961 0
2287 0.675799925174733 0.2652294743857049 0
2288 0.641126846767033 0.1004437687154293 0
2289 0.3912349576033233 0.031030839926388 0
2290 0.5921171145973383 0.1191034755981928 0
2291 0.2890585242651429 0.08164113736104223 0
2292 0.2113387758743946 0.03565541981685261 0
2293 0.7024564546331755 0.4208118795851233 0
2294 0.2615873169937579 0.1570184517493982 0
2295 0.5972506461821875 0.2489603446835317 0
2296 0.2777683792764767 0.08362770982414641 0
2297 0.6421200063751812 0.03981709912051712 0
2298 0.2728777809211647 0.1550331875082261 0
2299 0.6170717934021771 0.4372063928220009 0
2300 0.5713339854483052 0.2334339485612544 0
2301 0.2360454091076671 0.1111243956248005 0
2302 0.5592612683520306 0.06445957562847532 0
2303 0.5620857436104423 0.3453528818391978 0
2304 0.5509397478724676 0.3473566512177307 0
2305 0.5405749104102776 0.2890246977650969 0
2306 0.5970254657772323 0.0477599600724577 0
2307 0.6489638144987011 0.07894395964806511 0
2308 0.6941953802174416 0.3023011967585212 0
2309 0.5187616673889475 0.03083801422145155 0
2310 0.2669644985401814 0.05529011562322694 0
2311 0.707450852556614 0.3497393109761669 0
2312 0.3824481158534512 0.3471101200900014 0
2313 0.6074623729545729 0.3073551633704041 0
2314 0.6972764237611218 0.321651019074725 0
2315 0.7020123776362092 0.311170499239227 0
2316 0.6386380041143661 0.2516799208057173 0
2317 0.5062937812956483 0.3552105657962253 0
2318 0.3450165439337489 0.1020384431622403 0
2319 0.6281839463020235 0.3936592297675254 0
2320 0.4804267905566247 0.07824506592213099 0
2321 0.49304177608595 0.4313515419475963 0
2322 0.3322747861359225 0.1949616995357447 0
2323 0.3489423094529351 0.09126918305658882 0
2324 0.6720143312799743 0.04470161177919435 0
2325 0.430875408127035 0.1272537074288442 0
2326 0.3209881521486762 0.1969477566293594 0
2327 0.6797112727814177 0.2545080377945915 0
2328 0.5762892668145366 0.3927983350675268 0
2329 0.6154869575350317 0.2857825919407188 0
2330 0.6041054414992396 0.2878682295803827 0
2331 0.2704020881999619 0.0748444500117007 0
2332 0.5694585325271724 0.3540952209081548 0
2333 0.5539514818234581 0.396725189327803 0
2334 0.5742655234111125 0.2831086200444858 0
2335 0.5471079369088037 0.3580374323614346 0
2336 0.4843512169729122 0.06747819436938551 0
2337 0.5466567922025178 0.3880157720219768 0
2338 0.4235096169100251 0.1184766685851442 0
2339 0.6723855437080014 0.2457553430796339 0
2340 0.2743255173134036 0.06407337095382015 0
2341 0.5769285211913121 0.131833373888871 0
2342 0.3528682019569597 0.08050098901984348 0
2343 0.6024851863428936 0.3782276941045098 0
2344 0.2556694592418049 0.05727793225697869 0
2345 0.3057782545177262 0.2096971824995205 0
2346 0.4985632788122885 0.1153612175180659 0
2347 0.5630269116916775 0.2850780024733836 0
2348 0.3567933048382765 0.06973026627976536 0
2349 0.4083092950660255 0.1312226897017202 0
2350 0.6401263591535458 0.1609766030805937 0
2351 0.5171385415335281 0.1222022131748629 0
2352 0.4093014668710875 0.07057666621407921 0
2353 0.600157066511893 0.29860577127702 0
2354 0.5284190764540497 0.1202184535190735 0
2355 0.4769876897292633 0.05869333120789322 0
2356 0.6906599371068201 0.4221828319613724 0
2357 0.4740728850148064 0.2404307806325184 0
2358 0.6770942140903907 0.3751774564277823 0
2359 0.6759343548524052 0.03457459453542328 0
2360 0.5323855272087361 0.1094372299355779 0
2361 0.5556944539971203 0.2763392323804572 0
2362 0.5247818785118634 0.3619629177163334 0
2363 0.4696250559385115 0.04989171591102859 0
2364 0.2483071432026374 0.04849616083857078 0
2365 0.5274458895048442 0.180774967757929 0
2366 0.3494310931171289 0.06094571059634285 0
2367 0.4009453986229981 0.1224448200541028 0
2368 0.4779854534137702 0.22967717271779 0
2369 0.3532535466580636 0.05014915630155403 0
2370 0.569576110371261 0.1230637997365682 0
2371 0.6337740987360474 0.09167639823778784 0
2372 0.639377476377178 0.3917196161413687 0
2373 0.5161787261834304 0.1827535074375655 0
2374 0.3459900028982809 0.0413894024972889 0
2375 0.2519672170524618 0.03800012909781758 0
2376 0.5286714284641414 0.3513008483575494 0
2377 0.4706436101855481 0.2208999711410601 0
2378 0.4735492878104223 0.03911769945097482 0
2379 0.3935865143423605 0.1136649490495481 0
2380 0.683639091979192 0.2437803718961817 0
2381 0.5622185728779712 0.1142878650317716 0
2382 0.5548751932219002 0.1055196239203441 0
2383 0.4474147794065212 0.3157008234621754 0
2384 0.6225010878707863 0.09365090507046486 0
2385 0.4775590022661792 0.02872112609116445 0
2386 0.6924466109317322 0.3914556889071217 0
2387 0.3975104072096322 0.1029062860327834 0
2388 0.5368063992305453 0.06838535776480908 0
2389 0.5088202288509815 0.1739851858847855 0
2390 0.3999993300680681 0.1830295892427133 0
2391 0.3734862125626602 0.1977668202691643 0
2392 0.4766624210816754 0.3504631578855262 0
2393 0.4014345769367721 0.09213349899398604 0
2394 0.6151423792772812 0.08488007789569424 0
2395 0.4745570720091933 0.2101614048424911 0
2396 0.6947420702440629 0.2419365500837577 0
2397 0.5444690573441433 0.2783127654653673 0
2398 0.5014676848812073 0.1652105079639237 0
2399 0.4205739969894308 0.06861394539105214 0
2400 0.3990678310811626 0.2435694517120809 0
2401 0.4053651501572865 0.08135711822357672 0
2402 0.6102948224209436 0.3568943940328769 0
2403 0.5376721399060437 0.2393387873018333 0
2404 0.3984859607046031 0.2739496598172986 0
2405 0.6333981799019119 0.3227855878634377 0
2406 0.6077898847375294 0.07610049289138227 0
2407 0.4941153887452845 0.1564365939184316 0
2408 0.2571976389086637 0.1980614310758348 0
2409 0.2940279359617287 0.2419149206241752 0
2410 0.6063865312423479 0.3675672683176478 0
2411 0.4867649764453128 0.1476621754050219 0
2412 0.5528642971756738 0.2265808429740702 0
2413 0.402037665294292 0.2933812934140513 0
2414 0.4395239450153887 0.3370319524847132 0
2415 0.3981116000055113 0.3041347903315602 0
2416 0.1761947108752827 0.1015005588278854 0
2417 0.4400794209654276 0.2766469784685438 0
2418 0.3867793354688375 0.3061909560435782 0
2419 0.5909647333258309 0.1797406077048948 0
2420 0.3274316628429577 0.2662821522024433 0
2421 0.4245055691653562 0.05784742234561169 0
2422 0.490687098573602 0.1369234811767072 0
2423 0.6117145631674979 0.06534775886263233 0
2424 0.3902706136955704 0.3256512592783634 0
2425 0.4284198208603727 0.04705797504078912 0
2426 0.1540785464414151 0.07512076431958714 0
2427 0.6156365524607377 0.054593859479586 0
2428 0.4693663994310091 0.3418038135910095 0
2429 0.4946151405697832 0.1261532320690183 0
2430 0.4211364725365729 0.03839139665913871 0
2431 0.4672167118238363 0.2013876781996714 0
2432 0.6082753789968522 0.04572136149523059 0
2433 0.3568663224490474 0.3014338110376841 0
2434 0.5371374953484299 0.2695833113233612 0
2435 0.1736786747396175 0.02134425418735753 0
2436 0.3529516715528185 0.3121264322065639 0
2437 0.4598602832938449 0.1926146371662757 0
2438 0.4662700034791266 0.2923135137089902 0
2439 0.5289331411408875 0.3211239829104701 0
2440 0.452508585096181 0.1838434017713743 0
2441 0.4810673462314471 0.2794711514429037 0
2442 0.6007941333829326 0.03647333953078435 0
2443 0.5298207479854743 0.2608226566773088 0
2444 0.5178309545907165 0.3231467781497686 0
2445 0.4098434868380759 0.2718984526270585 0
2446 0.463592627697686 0.4116559407856836 0
2447 0.4412425889092645 0.1858262193406347 0
2448 0.5436302777794977 0.1074947781753752 0
2449 0.4299671136692209 0.1878075477539738 0
2450 0.6287921620496039 0.3636592393053756 0
2451 0.4186877970774283 0.1897853413221242 0
2452 0.1250242451771927 0.04004565308006203 0
2453 0.4113048304700139 0.181032124791727 0
2454 0.4535567076406209 0.3843328014968247 0
2455 0.5409753430118693 0.00930748161411854 0
2456 0.3961206883481234 0.1937591198569136 0
2457 0.1320712750088449 0.04875979123651841 0
2458 0.5488991269466823 0.2373568869153262 0
2459 0.3848238462919731 0.1957514964749539 0
2460 0.3052702457415398 0.03890774828195886 0
2461 0.1393450194848848 0.05751425924204562 0
2462 0.1467150411744006 0.06631118792785784 0
2463 0.4732428471221155 0.3311212561769288 0
2464 0.1501488171169899 0.08583222956110148 0
2465 0.5337417624843862 0.2500765840838901 0
2466 0.1575175638074033 0.0946037181488511 0
2467 0.4882925144639907 0.3184621278360326 0
2468 0.1687823823723594 0.0926371495201927 0
2469 0.536298004264719 0.09870177311774575 0
2470 0.484418711530833 0.3291347920335757 0
2471 0.5236169147083858 0.01991407215205543 0
2472 0.1722167875333112 0.1121695919915814 0
2473 0.5402035428743266 0.08796397864299216 0
2474 0.5640612410093782 0.224693094310851 0
2475 0.5480488762183353 0.06643139695884726 0
2476 0.1795895567269311 0.1209436208640334 0
2477 0.1908820838987423 0.1189777586997228 0
2478 0.5328803308489652 0.07914285693055867 0
2479 0.633940521515628 0.2927313399038128 0
2480 0.1982351314789053 0.1277422135384964 0
2481 0.2055953163311573 0.1365170741660143 0
2482 0.2129582695205432 0.1452945203501955 0
2483 0.22033172297191 0.1540727082162568 0
2484 0.2276973795896394 0.1628518558514478 0
2485 0.2350539376704625 0.1716297435962589 0
2486 0.5398195918952026 0.3493605921868338 0
2487 0.2424147296593798 0.1804089930664858 0
2488 0.5519824099407584 0.05567763277171206 0
2489 0.2532538950198883 0.2087292614481099 0
2490 0.2900474467721575 0.2526105982034454 0
2491 0.2498153937238406 0.1892219486305722 0
2492 0.6199356495949391 0.2449553866321661 0
2493 0.5559124047879848 0.0449298896743387 0
2494 0.2606647961014482 0.2174995092703281 0
2495 0.2974234308457859 0.2613789319007559 0
2496 0.2719674242985168 0.2155793148508442 0
2497 0.5485930709570306 0.03616021886644588 0
2498 0.3087575164002146 0.2594356102582728 0
2499 0.3235344752006992 0.2770028786024062 0
2500 0.3200496074123178 0.2574999848078938 0
2501 0.5679904483986233 0.2139563774910586 0
2502 0.2793578162513856 0.2243557650029733 0
2503 0.3308888022414643 0.2857800393633612 0
2504 0.5525349904503374 0.02562273085364508 0
2505 0.3490203424761464 0.322818305936224 0
2506 0.2867196279522846 0.2331374538733144 0
2507 0.3382516951172987 0.29455767230545 0
2508 0.3563581575220477 0.3316029066787134 0
2509 0.5719126677619418 0.2032252233837053 0
2510 0.3495225265536662 0.2926054519966448 0
2511 0.3677095656609476 0.3296679411378291 0
2512 0.3789789675623995 0.3276586344970087 0
2513 0.6460492070952357 0.02923539686083343 0
2514 0.4358227850110514 0.3175949681592033 0
2515 0.5758237871620691 0.192469487721026 0
2516 0.579760459872221 0.1817089164748481 0
2517 0.6487415267617632 0.3099209840238085 0
2518 0.5067069607272545 0.3251558478359278 0
2519 0.6562566756091993 0.3187530283763863 0
2520 0.5436647486621397 0.3386572518128954 0
2521 0.5363319834739551 0.3299014457113064 0
2522 0.662710025737376 0.357819699186165 0
2523 0.4083446676778021 0.3924707198000594 0
2524 0.4243088370658901 0.3195685487141888 0
2525 0.4645349661556429 0.3824306002912412 0
2526 0.28933205275163 0.02134752699412579 0
2527 0.1225654652654433 0.02009120870640158 0
2528 0.4993840917254166 0.3165089618354223 0
2529 0.495961755187625 0.2971359800389439 0
2530 0.4885866424804059 0.2883399655083791 0
2531 0.5032243396818531 0.3057735558736028 0
2532 0.4091053577765648 0.3625187288241784 0
2533 0.4513060753731838 0.2747282295906506 0
2534 0.45879147618036 0.2835112890879893 0
2535 0.4826740714743893 0.3890374097567074 0
2536 0.710066547925438 0.3993175378274868 0
2537 0.3651429871912238 0.01824071650063469 0
2538 0.4868571782466163 0.3784779058223955 0
2539 0.5050327893160776 0.3852677382183974 0
2540 0.6391988191900957 0.4389194893723355 0
2541 0.4146487972138425 0.02944006321979115 0
2542 0.0831505725989985 0.008646595976819382 0
2543 0.5603366328239888 0.4345545709011455 0
2544 0.6957345183395652 0.01973918671367175 0
2545 0.7207361903086172 0.3938580007650854 0
2546 0.4925544376043315 0.01629046716213939 0
2547 0.5713568517688047 0.4347296363482552 0
2548 0.7214385880191424 0.2010569304546876 0
2549 0.5235280278122869 0.3919720994133692 0
2550 0.7209734982098591 0.1429235037290696 0
2551 0.2376993624231903 0.02071764835419732 0
2552 0.7213206685087487 0.1655555220580571 0
2553 0.6508441589357103 0.01904387170339694 0
2554 0.2489503359132966 0.01906947116778435 0
2555 0.474089131867889 0.009656819499079816 0
2556 0.5887421599562556 0.009881353998067166 0
2557 0.6503677133435027 0.4394627375145098 0
2558 0.1851629600692395 0.02042071252589245 0
2559 0.1339400208180416 0.01928988946328558 0
2560 0.5298026682651894 0.009248199786938138 0
2561 0.7076497767945901 0.4301137629634592 0
2562 0.4443680450052373 0.4227833107521904 0
2563 0.453169096470734 0.4259106200098802 0
2564 0.7217713308565218 0.3368657876370221 0
2565 0.1639422162408234 0.009270741748091726 0
2566 0.4709989994823899 0.4313501570774294 0
2567 0.6048377976166704 0.4253517376584227 0
2568 0.1178056182096152 0.03073625570166438 0
2569 0.7115835463942444 0.07873440764986139 0
2570 0.3701915708155549 0.009014940379195091 0
2571 0.2674919579891693 0.02608676716551428 0
2572 0.7107095461111985 0.1075740060304174 0
2573 0.7116656068307005 0.3669781226076245 0
2574 0.7116339577586274 0.04756041873858663 0
2575 0.7122945563855128 0.3076747460195235 0
2576 0.5545561587941168 0.4254741716412678 0
2577 0.2562326472934956 0.02773411610568088 0
2578 0.4202080982046078 0.01867476601681306 0
2579 0.6627779259944748 0.01849499317206416 0
2580 0.7233081472633844 0.2797465040939387 0
2581 0.481514962367927 0.01861738857349715 0
2582 0.711967442046844 0.2495265289237013 0
2583 0.3169824579374678 0.03825213866052807 0
2584 0.5101140694927266 0.4223982005710653 0
2585 0.6827106550692362 0.4414445873692145 0
2586 0.4430511314568646 0.4139450106977507 0
2587 0.7193974447147359 0.4141415404147327 0
2588 0.1445644325599841 0.01788099728404818 0
2589 0.5462771205587292 0.01826903281565218 0
2590 0.1979268196316255 0.008351828616976475 0
2591 0.7027266276867485 0.3927964053756938 0
2592 0.7227735911562979 0.02887199425112746 0
2593 0.7127099961523514 0.2166438013137227 0
2594 0.3827912619281367 0.008772213978235355 0
2595 0.6335980529293566 0.4303559685915022 0
2596 0.4596723170545176 0.4199670321963199 0
2597 0.5942248876040319 0.0184250101339597 0
2598 0.4260796297163532 0.009224883448007204 0
2599 0.6743116907195712 0.01838095354216029 0
2600 0.6967954869093169 0.4303277549791808 0
2601 0.7131046625185029 0.1595063170738226 0
2602 0.499015088714739 0.4231899938658349 0
2603 0.6866220340467025 0.432008769356696 0
2604 0.712982194288222 0.1266661271305717 0
2605 0.5940039686119877 0.4384621892128525 0
2606 0.7136739690959155 0.2972795913532536 0
2607 0.711864067375756 0.1871155396454156 0
2608 0.4941782996986331 0.007497623536037501 0
2609 0.2723617039550848 0.01722935538123843 0
2610 0.09005464891353399 0.01719227017453451 0
2611 0.3284277649302589 0.03723338371762741 0
2612 0.7222937454932215 0.008394439083908578 0
2613 0.148412324896378 0.008463007043146287 0
2614 0.7123556963341218 0.3575077263042581 0
2615 0.7136176763874386 0.3304757017709097 0
2616 0.7020851714327853 0.4370713450148983 0
2617 0.7139848935196348 0.06862148911804083 0
2618 0.4283326406476998 0.4159205288425858 0
2619 0.5566347731014127 0.01773857115351968 0
2620 0.6927960033108034 0.3809716497711533 0
2621 0.6708683760463237 0.4410751379830568 0
2622 0.3883418244076184 0.01849796038813223 0
2623 0.2046700302748723 0.01719811907363827 0
2624 0.5448091385597825 0.4262121583683986 0
2625 0.6231451089520254 0.4306559764347361 0
2626 0.2975534486638216 0.01800072450488044 0
2627 0.7240042309034581 0.09708585852387741 0
2628 0.6787419608097056 0.02609162243026719 0
2629 0.7144813440782593 0.2399428850463881 0
2630 0.5098869268980468 0.008218818798129079 0
2631 0.09968878302333162 0.01603371751009181 0
2632 0.2832556308403023 0.01597111369806381 0
2633 0.4886594129236654 0.4236951304812542 0
2634 0.7143756970555207 0.2065614458764792 0
2635 0.2155520599914346 0.02784586393080113 0
2636 0.4396405528328842 0.01802321767663084 0
2637 0.3393467846937385 0.03664105481964447 0
2638 0.7132983495420457 0.2668758571894909 0
$EndNodes
$Elements
5276
1 15 2 6 1 1
2 15 2 7 13 13
3 1 2 4 1 1 15
4 1 2 4 1 15 16
5 1 2 4 1 16 17
6 1 2 4 1 17 18
7 1 2 4 1 18 19
8 1 2 4 1 19 20
9 1 2 4 1 20 21
10 1 2 4 1 21 22
11 1 2 4 1 22 23
12 1 2 4 1 23 24
13 1 2 4 1 24 25
14 1 2 4 1 25 26
15 1 2 4 1 26 27
16 1 2 4 1 27 28
17 1 2 4 1 28 29
18 1 2 4 1 29 2
19 1 2 4 3 3 35
20 1 2 4 3 35 36
21 1 2 4 3 36 37
22 1 2 4 3 37 38
23 1 2 4 3 38 39
24 1 2 4 3 39 40
25 1 2 4 3 40 41
26 1 2 4 3 41 42
27 1 2 4 3 42 4
28 1 2 4 4 4 43
29 1 2 4 4 43 44
30 1 2 4 4 44 45
31 1 2 4 4 45 46
32 1 2 4 4 46 47
33 1 2 4 4 47 48
34 1 2 4 4 48 49
35 1 2 4 4 49 50
36 1 2 4 4 50 51
37 1 2 4 4 51 52
38 1 2 4 4 52 53
39 1 2 4 4 53 54
40 1 2 4 4 54 55
41 1 2 4 4 55 56
42 1 2 4 4 56 57
43 1 2 4 4 57 58
44 1 2 4 4 58 59
45 1 2 4 4 59 60
46 1 2 4 4 60 61
47 1 2 4 4 61 62
48 1 2 4 4 62 63
49 1 2 4 4 63 64
50 1 2 4 4 64 65
51 1 2 4 4 65 66
52 1 2 4 4 66 67
53 1 2 4 4 67 68
54 1 2 4 4 68 69
55 1 2 4 4 69 70
56 1 2 4 4 70 71
57 1 2 4 4 71 72
58 1 2 4 4 72 73
59 1 2 4 4 73 74
60 1 2 4 4 74 75
61 1 2 4 4 75 76
62 1 2 4 4 76 77
63 1 2 4 4 77 78
64 1 2 4 4 78 79
65 1 2 4 4 79 80
66 1 2 4 4 80 81
67 1 2 4 4 81 82
68 1 2 4 4 82 83
69 1 2 4 4 83 84
70 1 2 4 4 84 85
71 1 2 4 4 85 86
72 1 2 4 4 86 87
73 1 2 4 4 87 88
74 1 2 4 4 88 89
75 1 2 4 4 89 90
76 1 2 4 4 90 91
77 1 2 4 4 91 5
78 1 2 5 5 5 92
79 1 2 5 5 92 93
80 1 2 5 5 93 94
81 1 2 5 5 94 95
82 1 2 5 5 95 96
83 1 2 5 5 96 6
84 1 2 5 11 11 206
85 1 2 5 11 206 207
86 1 2 5 11 207 208
87 1 2 5 11 208 209
88 1 2 5 11 209 12
89 1 2 4 12 12 210
90 1 2 4 12 210 211
91 1 2 4 12 211 212
92 1 2 4 12 212 213
93 1 2 4 12 213 214
94 1 2 4 12 214 215
95 1 2 4 12 215 216
96 1 2 4 12 216 217
97 1 2 4 12 217 218
98 1 2 4 12 218 219
99 1 2 4 12 219 220
100 1 2 4 12 220 221
101 1 2 4 12 221 222
102 1 2 4 12 222 223
103 1 2 4 12 223 224
104 1 2 4 12 224 225
105 1 2 4 12 225 226
106 1 2 4 12 226 227
107 1 2 4 12 227 228
108 1 2 4 12 228 229
109 1 2 4 12 229 230
110 1 2 4 12 230 231
111 1 2 4 12 231 232
112 1 2 4 12 232 233
113 1 2 4 12 233 234
114 1 2 4 12 234 235
115 1 2 4 12 235 236
116 1 2 4 12 236 237
117 1 2 4 12 237 238
118 1 2 4 12 238 239
119 1 2 4 12 239 240
120 1 2 4 12 240 241
121 1 2 4 12 241 242
122 1 2 4 12 242 243
123 1 2 4 12 243 13
124 1 2 4 13 13 244
125 1 2 4 13 244 245
126 1 2 4 13 245 246
127 1 2 4 13 246 247
128 1 2 4 13 247 248
129 1 2 4 13 248 249
130 1 2 4 13 249 250
131 1 2 4 13 250 251
132 1 2 4 13 251 252
133 1 2 4 13 252 253
134 1 2 4 13 253 254
135 1 2 4 13 254 255
136 1 2 4 13 255 256
137 1 2 4 13 256 1
138 1 2 4 14 2 257
139 1 2 4 14 257 14
140 1 2 4 15 14 258
141 1 2 4 15 258 3
142 1 2 5 16 6 259
143 1 2 5 16 259 260
144 1 2 5 16 260 261
145 1 2 5 16 261 262
146 1 2 5 16 262 263
147 1 2 5 16 263 264
148 1 2 5 16 264 265
149 1 2 5 16 265 266
150 1 2 5 16 266 267
151 1 2 5 16 267 268
152 1 2 5 16 268 269
153 1 2 5 16 269 270
154 1 2 5 16 270 271
155 1 2 5 16 271 272
156 1 2 5 16 272 273
157 1 2 5 16 273 274
158 1 2 5 16 274 275
159 1 2 5 16 275 276
160 1 2 5 16 276 277
161 1 2 5 16 277 278
162 1 2 5 16 278 279
163 1 2 5 16 279 280
164 1 2 5 16 280 281
165 1 2 5 16 281 282
166 1 2 5 16 282 283
167 1 2 5 16 283 284
168 1 2 5 16 284 285
169 1 2 5 16 285 286
170 1 2 5 16 286 287
171 1 2 5 16 287 288
172 1 2 5 16 288 289
173 1 2 5 16 289 290
174 1 2 5 16 290 291
175 1 2 5 16 291 292
176 1 2 5 16 292 293
177 1 2 5 16 293 294
178 1 2 5 16 294 295
179 1 2 5 16 295 296
180 1 2 5 16 296 297
181 1 2 5 16 297 298
182 1 2 5 16 298 299
183 1 2 5 16 299 300
184 1 2 5 16 300 301
185 1 2 5 16 301 302
186 1 2 5 16 302 303
187 1 2 5 16 303 304
188 1 2 5 16 304 305
189 1 2 5 16 305 306
190 1 2 5 16 306 307
191 1 2 5 16 307 308
192 1 2 5 16 308 309
193 1 2 5 16 309 310
194 1 2 5 16 310 311
195 1 2 5 16 311 312
196 1 2 5 16 312 313
197 1 2 5 16 313 314
198 1 2 5 16 314 315
199 1 2 5 16 315 11
200 2 2 2 1 447 736 448
201 2 2 2 1 432 467 433
202 2 2 2 1 423 753 442
203 2 2 2 1 366 447 438
204 2 2 2 1 429 753 423
205 2 2 2 1 501 699 693
206 2 2 2 1 432 433 431
207 2 2 2 1 693 699 328
208 2 2 2 1 99 481 98
209 2 2 2 1 425 426 418
210 2 2 2 1 678 679 321
211 2 2 2 1 521 679 678
212 2 2 2 1 702 810 492
213 2 2 2 1 629 726 703
214 2 2 2 1 718 719 606
215 2 2 2 1 606 719 640
216 2 2 2 1 620 722 619
217 2 2 2 1 620 729 722
218 2 2 2 1 628 726 629
219 2 2 2 1 446 467 387
220 2 2 2 1 344 736 447
221 2 2 2 1 491 690 380
222 2 2 2 1 380 706 491
223 2 2 2 1 31 425 418
224 2 2 2 1 428 702 492
225 2 2 2 1 151 468 150
226 2 2 2 1 345 742 741
227 2 2 2 1 662 810 692
228 2 2 2 1 741 742 590
229 2 2 2 1 328 699 476
230 2 2 2 1 596 706 380
231 2 2 2 1 380 710 596
232 2 2 2 1 676 677 322
233 2 2 2 1 518 677 676
234 2 2 2 1 476 744 328
235 2 2 2 1 484 485 362
236 2 2 2 1 346 740 738
237 2 2 2 1 738 740 586
238 2 2 2 1 662 692 493
239 2 2 2 1 320 771 680
240 2 2 2 1 491 782 417
241 2 2 2 1 415 527 487
242 2 2 2 1 525 678 321
243 2 2 2 1 442 753 8
244 2 2 2 1 321 680 525
245 2 2 2 1 417 690 491
246 2 2 2 1 347 737 735
247 2 2 2 1 610 713 644
248 2 2 2 1 372 725 614
249 2 2 2 1 626 724 341
250 2 2 2 1 614 728 372
251 2 2 2 1 339 720 635
252 2 2 2 1 344 729 620
253 2 2 2 1 635 731 339
254 2 2 2 1 635 720 335
255 2 2 2 1 339 731 639
256 2 2 2 1 621 716 604
257 2 2 2 1 639 727 339
258 2 2 2 1 631 721 601
259 2 2 2 1 624 730 643
260 2 2 2 1 601 714 631
261 2 2 2 1 340 727 639
262 2 2 2 1 614 717 382
263 2 2 2 1 619 722 381
264 2 2 2 1 599 723 647
265 2 2 2 1 382 728 614
266 2 2 2 1 625 726 628
267 2 2 2 1 735 737 582
268 2 2 2 1 402 465 464
269 2 2 2 1 341 784 626
270 2 2 2 1 643 786 624
271 2 2 2 1 639 788 340
272 2 2 2 1 381 789 619
273 2 2 2 1 647 790 599
274 2 2 2 1 644 796 610
275 2 2 2 1 335 800 635
276 2 2 2 1 604 798 621
277 2 2 2 1 628 801 625
278 2 2 2 1 620 736 344
279 2 2 2 1 674 675 323
280 2 2 2 1 476 497 326
281 2 2 2 1 514 675 674
282 2 2 2 1 680 771 525
283 2 2 2 1 348 734 733
284 2 2 2 1 527 528 487
285 2 2 2 1 733 734 578
286 2 2 2 1 414 479 478
287 2 2 2 1 35 766 3
288 2 2 2 1 171 447 366
289 2 2 2 1 456 461 460
290 2 2 2 1 698 777 592
291 2 2 2 1 480 745 368
292 2 2 2 1 8 775 442
293 2 2 2 1 596 710 379
294 2 2 2 1 445 451 319
295 2 2 2 1 349 711 709
296 2 2 2 1 447 448 438
297 2 2 2 1 709 711 574
298 2 2 2 1 379 805 596
299 2 2 2 1 416 481 99
300 2 2 2 1 494 497 465
301 2 2 2 1 510 673 672
302 2 2 2 1 672 673 324
303 2 2 2 1 521 676 322
304 2 2 2 1 322 679 521
305 2 2 2 1 456 463 461
306 2 2 2 1 350 708 707
307 2 2 2 1 707 708 570
308 2 2 2 1 326 744 476
309 2 2 2 1 658 777 698
310 2 2 2 1 518 674 323
311 2 2 2 1 329 468 151
312 2 2 2 1 323 677 518
313 2 2 2 1 414 478 477
314 2 2 2 1 351 701 700
315 2 2 2 1 3 766 34
316 2 2 2 1 700 701 566
317 2 2 2 1 325 669 668
318 2 2 2 1 668 669 505
319 2 2 2 1 346 738 590
320 2 2 2 1 514 672 324
321 2 2 2 1 590 742 346
322 2 2 2 1 352 697 696
323 2 2 2 1 696 697 562
324 2 2 2 1 324 675 514
325 2 2 2 1 347 735 586
326 2 2 2 1 586 740 347
327 2 2 2 1 353 695 694
328 2 2 2 1 368 495 480
329 2 2 2 1 449 469 467
330 2 2 2 1 694 695 558
331 2 2 2 1 485 486 362
332 2 2 2 1 433 467 446
333 2 2 2 1 449 467 432
334 2 2 2 1 98 481 414
335 2 2 2 1 348 733 582
336 2 2 2 1 791 802 609
337 2 2 2 1 787 799 605
338 2 2 2 1 615 802 791
339 2 2 2 1 651 799 787
340 2 2 2 1 582 737 348
341 2 2 2 1 402 494 465
342 2 2 2 1 501 693 330
343 2 2 2 1 688 691 354
344 2 2 2 1 362 664 484
345 2 2 2 1 554 691 688
346 2 2 2 1 349 709 578
347 2 2 2 1 578 734 349
348 2 2 2 1 510 669 325
349 2 2 2 1 684 686 355
350 2 2 2 1 325 673 510
351 2 2 2 1 550 686 684
352 2 2 2 1 330 812 501
353 2 2 2 1 446 764 739
354 2 2 2 1 752 764 446
355 2 2 2 1 350 707 574
356 2 2 2 1 319 755 445
357 2 2 2 1 369 670 463
358 2 2 2 1 418 767 30
359 2 2 2 1 463 781 369
360 2 2 2 1 574 711 350
361 2 2 2 1 356 683 682
362 2 2 2 1 682 683 546
363 2 2 2 1 351 700 570
364 2 2 2 1 327 668 505
365 2 2 2 1 459 781 457
366 2 2 2 1 357 687 681
367 2 2 2 1 431 433 365
368 2 2 2 1 364 432 431
369 2 2 2 1 326 497 494
370 2 2 2 1 468 748 150
371 2 2 2 1 570 708 351
372 2 2 2 1 96 477 422
373 2 2 2 1 681 687 542
374 2 2 2 1 352 696 566
375 2 2 2 1 358 712 685
376 2 2 2 1 450 816 454
377 2 2 2 1 387 469 252
378 2 2 2 1 772 781 459
379 2 2 2 1 566 701 352
380 2 2 2 1 353 694 562
381 2 2 2 1 757 761 439
382 2 2 2 1 507 806 743
383 2 2 2 1 505 819 327
384 2 2 2 1 685 712 538
385 2 2 2 1 439 760 758
386 2 2 2 1 507 743 667
387 2 2 2 1 562 697 353
388 2 2 2 1 436 779 169
389 2 2 2 1 354 691 558
390 2 2 2 1 252 469 251
391 2 2 2 1 359 746 705
392 2 2 2 1 466 474 473
393 2 2 2 1 558 695 354
394 2 2 2 1 387 752 446
395 2 2 2 1 355 686 554
396 2 2 2 1 450 454 145
397 2 2 2 1 554 688 355
398 2 2 2 1 356 682 550
399 2 2 2 1 440 767 418
400 2 2 2 1 456 781 463
401 2 2 2 1 365 443 166
402 2 2 2 1 550 684 356
403 2 2 2 1 705 746 534
404 2 2 2 1 357 681 546
405 2 2 2 1 170 436 169
406 2 2 2 1 167 431 365
407 2 2 2 1 364 431 168
408 2 2 2 1 6 477 96
409 2 2 2 1 140 473 385
410 2 2 2 1 452 816 450
411 2 2 2 1 546 683 357
412 2 2 2 1 358 685 542
413 2 2 2 1 466 497 474
414 2 2 2 1 360 747 534
415 2 2 2 1 413 528 527
416 2 2 2 1 456 460 317
417 2 2 2 1 5 92 91
418 2 2 2 1 360 749 747
419 2 2 2 1 359 705 538
420 2 2 2 1 457 781 456
421 2 2 2 1 542 687 358
422 2 2 2 1 478 745 480
423 2 2 2 1 413 529 528
424 2 2 2 1 471 773 435
425 2 2 2 1 753 755 148
426 2 2 2 1 464 670 402
427 2 2 2 1 473 474 385
428 2 2 2 1 443 803 166
429 2 2 2 1 477 478 422
430 2 2 2 1 465 497 466
431 2 2 2 1 467 469 387
432 2 2 2 1 538 712 359
433 2 2 2 1 496 745 689
434 2 2 2 1 759 773 471
435 2 2 2 1 43 494 4
436 2 2 2 1 316 810 702
437 2 2 2 1 39 772 459
438 2 2 2 1 747 749 530
439 2 2 2 1 441 756 440
440 2 2 2 1 459 792 39
441 2 2 2 1 445 765 451
442 2 2 2 1 463 464 461
443 2 2 2 1 534 746 360
444 2 2 2 1 412 533 532
445 2 2 2 1 692 810 316
446 2 2 2 1 416 482 481
447 2 2 2 1 361 780 486
448 2 2 2 1 390 761 757
449 2 2 2 1 486 763 361
450 2 2 2 1 758 760 389
451 2 2 2 1 661 671 444
452 2 2 2 1 105 531 104
453 2 2 2 1 441 806 756
454 2 2 2 1 487 776 415
455 2 2 2 1 4 494 402
456 2 2 2 1 426 427 418
457 2 2 2 1 169 779 364
458 2 2 2 1 90 754 430
459 2 2 2 1 474 497 476
460 2 2 2 1 414 481 479
461 2 2 2 1 10 447 171
462 2 2 2 1 412 532 531
463 2 2 2 1 420 768 449
464 2 2 2 1 361 763 530
465 2 2 2 1 485 487 486
466 2 2 2 1 466 473 472
467 2 2 2 1 466 472 462
468 2 2 2 1 141 473 140
469 2 2 2 1 475 499 498
470 2 2 2 1 7 472 141
471 2 2 2 1 454 455 317
472 2 2 2 1 146 450 145
473 2 2 2 1 97 477 6
474 2 2 2 1 460 461 318
475 2 2 2 1 530 749 361
476 2 2 2 1 364 435 432
477 2 2 2 1 433 434 365
478 2 2 2 1 429 755 753
479 2 2 2 1 326 494 43
480 2 2 2 1 139 498 138
481 2 2 2 1 689 745 479
482 2 2 2 1 411 537 536
483 2 2 2 1 412 531 105
484 2 2 2 1 104 531 413
485 2 2 2 1 107 535 106
486 2 2 2 1 421 783 470
487 2 2 2 1 439 761 760
488 2 2 2 1 463 670 464
489 2 2 2 1 529 530 528
490 2 2 2 1 144 454 317
491 2 2 2 1 142 460 318
492 2 2 2 1 317 460 143
493 2 2 2 1 534 747 532
494 2 2 2 1 411 536 535
495 2 2 2 1 499 699 501
496 2 2 2 1 138 498 386
497 2 2 2 1 478 480 422
498 2 2 2 1 474 475 385
499 2 2 2 1 368 745 496
500 2 2 2 1 413 531 529
501 2 2 2 1 36 421 35
502 2 2 2 1 385 498 139
503 2 2 2 1 448 736 732
504 2 2 2 1 533 534 532
505 2 2 2 1 106 535 412
506 2 2 2 1 411 535 107
507 2 2 2 1 416 483 482
508 2 2 2 1 88 495 368
509 2 2 2 1 449 773 420
510 2 2 2 1 417 493 211
511 2 2 2 1 205 428 204
512 2 2 2 1 488 489 342
513 2 2 2 1 414 477 97
514 2 2 2 1 428 492 488
515 2 2 2 1 445 755 429
516 2 2 2 1 754 778 430
517 2 2 2 1 434 443 365
518 2 2 2 1 412 535 533
519 2 2 2 1 410 541 540
520 2 2 2 1 203 488 342
521 2 2 2 1 490 594 593
522 2 2 2 1 109 539 108
523 2 2 2 1 476 699 475
524 2 2 2 1 148 755 147
525 2 2 2 1 488 492 489
526 2 2 2 1 462 472 318
527 2 2 2 1 38 367 37
528 2 2 2 1 4 402 42
529 2 2 2 1 405 561 560
530 2 2 2 1 403 565 564
531 2 2 2 1 202 593 201
532 2 2 2 1 401 569 568
533 2 2 2 1 399 573 572
534 2 2 2 1 393 589 588
535 2 2 2 1 395 585 584
536 2 2 2 1 398 577 576
537 2 2 2 1 396 581 580
538 2 2 2 1 428 488 204
539 2 2 2 1 406 557 556
540 2 2 2 1 404 507 506
541 2 2 2 1 386 665 137
542 2 2 2 1 472 473 141
543 2 2 2 1 41 369 40
544 2 2 2 1 410 540 539
545 2 2 2 1 407 553 552
546 2 2 2 1 509 512 511
547 2 2 2 1 520 523 522
548 2 2 2 1 211 493 210
549 2 2 2 1 537 538 536
550 2 2 2 1 435 449 432
551 2 2 2 1 433 446 434
552 2 2 2 1 212 417 211
553 2 2 2 1 405 560 559
554 2 2 2 1 403 564 563
555 2 2 2 1 401 568 567
556 2 2 2 1 399 572 571
557 2 2 2 1 392 592 591
558 2 2 2 1 393 588 587
559 2 2 2 1 395 584 583
560 2 2 2 1 396 580 579
561 2 2 2 1 398 576 575
562 2 2 2 1 121 563 120
563 2 2 2 1 406 556 555
564 2 2 2 1 119 559 118
565 2 2 2 1 123 567 122
566 2 2 2 1 125 571 124
567 2 2 2 1 135 591 134
568 2 2 2 1 133 587 132
569 2 2 2 1 131 583 130
570 2 2 2 1 127 575 126
571 2 2 2 1 129 579 128
572 2 2 2 1 90 430 89
573 2 2 2 1 16 522 370
574 2 2 2 1 22 511 394
575 2 2 2 1 117 555 116
576 2 2 2 1 408 549 548
577 2 2 2 1 407 552 551
578 2 2 2 1 108 539 411
579 2 2 2 1 410 539 109
580 2 2 2 1 409 545 544
581 2 2 2 1 421 766 35
582 2 2 2 1 411 539 537
583 2 2 2 1 115 551 114
584 2 2 2 1 17 522 16
585 2 2 2 1 23 511 22
586 2 2 2 1 201 593 337
587 2 2 2 1 394 526 21
588 2 2 2 1 404 506 27
589 2 2 2 1 408 548 547
590 2 2 2 1 434 444 443
591 2 2 2 1 522 523 370
592 2 2 2 1 511 512 394
593 2 2 2 1 405 559 119
594 2 2 2 1 403 563 121
595 2 2 2 1 401 567 123
596 2 2 2 1 538 705 536
597 2 2 2 1 399 571 125
598 2 2 2 1 392 591 135
599 2 2 2 1 393 587 133
600 2 2 2 1 395 583 131
601 2 2 2 1 398 575 127
602 2 2 2 1 396 579 129
603 2 2 2 1 111 543 110
604 2 2 2 1 406 555 117
605 2 2 2 1 409 544 543
606 2 2 2 1 113 547 112
607 2 2 2 1 474 476 475
608 2 2 2 1 407 551 115
609 2 2 2 1 342 593 202
610 2 2 2 1 483 484 482
611 2 2 2 1 88 368 87
612 2 2 2 1 408 547 113
613 2 2 2 1 475 699 499
614 2 2 2 1 517 526 513
615 2 2 2 1 409 543 111
616 2 2 2 1 120 563 405
617 2 2 2 1 122 567 403
618 2 2 2 1 118 559 406
619 2 2 2 1 124 571 401
620 2 2 2 1 134 591 393
621 2 2 2 1 132 587 395
622 2 2 2 1 541 542 540
623 2 2 2 1 126 575 399
624 2 2 2 1 130 583 396
625 2 2 2 1 128 579 398
626 2 2 2 1 506 507 504
627 2 2 2 1 116 555 407
628 2 2 2 1 561 562 560
629 2 2 2 1 565 566 564
630 2 2 2 1 569 570 568
631 2 2 2 1 513 526 394
632 2 2 2 1 573 574 572
633 2 2 2 1 589 590 588
634 2 2 2 1 585 586 584
635 2 2 2 1 577 578 576
636 2 2 2 1 581 582 580
637 2 2 2 1 557 558 556
638 2 2 2 1 430 495 89
639 2 2 2 1 515 519 384
640 2 2 2 1 502 508 397
641 2 2 2 1 531 532 529
642 2 2 2 1 498 499 386
643 2 2 2 1 553 554 552
644 2 2 2 1 368 496 87
645 2 2 2 1 86 496 363
646 2 2 2 1 114 551 408
647 2 2 2 1 475 498 385
648 2 2 2 1 110 543 410
649 2 2 2 1 21 526 20
650 2 2 2 1 27 506 26
651 2 2 2 1 24 502 397
652 2 2 2 1 18 515 384
653 2 2 2 1 549 550 548
654 2 2 2 1 410 543 541
655 2 2 2 1 519 520 384
656 2 2 2 1 508 509 397
657 2 2 2 1 519 521 520
658 2 2 2 1 508 510 509
659 2 2 2 1 417 662 493
660 2 2 2 1 545 546 544
661 2 2 2 1 512 514 513
662 2 2 2 1 512 513 394
663 2 2 2 1 112 547 409
664 2 2 2 1 504 505 503
665 2 2 2 1 517 518 516
666 2 2 2 1 391 516 515
667 2 2 2 1 400 503 502
668 2 2 2 1 384 522 17
669 2 2 2 1 397 511 23
670 2 2 2 1 405 563 561
671 2 2 2 1 403 567 565
672 2 2 2 1 401 571 569
673 2 2 2 1 399 575 573
674 2 2 2 1 393 591 589
675 2 2 2 1 395 587 585
676 2 2 2 1 398 579 577
677 2 2 2 1 396 583 581
678 2 2 2 1 426 748 468
679 2 2 2 1 406 559 557
680 2 2 2 1 500 665 386
681 2 2 2 1 535 536 533
682 2 2 2 1 479 745 478
683 2 2 2 1 407 555 553
684 2 2 2 1 98 414 97
685 2 2 2 1 391 517 516
686 2 2 2 1 400 504 503
687 2 2 2 1 516 519 515
688 2 2 2 1 503 508 502
689 2 2 2 1 204 488 203
690 2 2 2 1 539 540 537
691 2 2 2 1 483 485 484
692 2 2 2 1 400 502 25
693 2 2 2 1 391 515 19
694 2 2 2 1 489 491 490
695 2 2 2 1 408 551 549
696 2 2 2 1 413 527 103
697 2 2 2 1 499 500 386
698 2 2 2 1 409 547 545
699 2 2 2 1 499 501 500
700 2 2 2 1 523 525 524
701 2 2 2 1 26 400 25
702 2 2 2 1 18 384 17
703 2 2 2 1 22 394 21
704 2 2 2 1 16 370 15
705 2 2 2 1 20 391 19
706 2 2 2 1 28 404 27
707 2 2 2 1 24 397 23
708 2 2 2 1 543 544 541
709 2 2 2 1 563 564 561
710 2 2 2 1 567 568 565
711 2 2 2 1 571 572 569
712 2 2 2 1 575 576 573
713 2 2 2 1 591 592 589
714 2 2 2 1 587 588 585
715 2 2 2 1 579 580 577
716 2 2 2 1 583 584 581
717 2 2 2 1 559 560 557
718 2 2 2 1 523 524 370
719 2 2 2 1 555 556 553
720 2 2 2 1 593 594 337
721 2 2 2 1 25 502 24
722 2 2 2 1 19 515 18
723 2 2 2 1 370 660 15
724 2 2 2 1 102 527 415
725 2 2 2 1 551 552 549
726 2 2 2 1 547 548 545
727 2 2 2 1 20 526 391
728 2 2 2 1 26 506 400
729 2 2 2 1 136 392 135
730 2 2 2 1 140 385 139
731 2 2 2 1 118 406 117
732 2 2 2 1 116 407 115
733 2 2 2 1 114 408 113
734 2 2 2 1 110 410 109
735 2 2 2 1 134 393 133
736 2 2 2 1 120 405 119
737 2 2 2 1 112 409 111
738 2 2 2 1 130 396 129
739 2 2 2 1 132 395 131
740 2 2 2 1 104 413 103
741 2 2 2 1 126 399 125
742 2 2 2 1 108 411 107
743 2 2 2 1 124 401 123
744 2 2 2 1 100 416 99
745 2 2 2 1 102 415 101
746 2 2 2 1 106 412 105
747 2 2 2 1 138 386 137
748 2 2 2 1 122 403 121
749 2 2 2 1 128 398 127
750 2 2 2 1 103 527 102
751 2 2 2 1 147 319 146
752 2 2 2 1 87 496 86
753 2 2 2 1 89 495 88
754 2 2 2 1 594 595 337
755 2 2 2 1 250 420 249
756 2 2 2 1 245 390 244
757 2 2 2 1 253 387 252
758 2 2 2 1 256 388 255
759 2 2 2 1 248 389 247
760 2 2 2 1 594 596 595
761 2 2 2 1 627 629 379
762 2 2 2 1 195 648 194
763 2 2 2 1 375 627 217
764 2 2 2 1 622 648 195
765 2 2 2 1 217 627 216
766 2 2 2 1 194 648 372
767 2 2 2 1 611 615 612
768 2 2 2 1 223 611 343
769 2 2 2 1 227 644 226
770 2 2 2 1 628 629 627
771 2 2 2 1 333 644 227
772 2 2 2 1 343 642 222
773 2 2 2 1 224 611 223
774 2 2 2 1 649 651 650
775 2 2 2 1 613 643 642
776 2 2 2 1 375 628 627
777 2 2 2 1 383 636 183
778 2 2 2 1 236 649 235
779 2 2 2 1 604 630 602
780 2 2 2 1 216 627 379
781 2 2 2 1 373 647 646
782 2 2 2 1 241 616 240
783 2 2 2 1 182 636 378
784 2 2 2 1 603 604 602
785 2 2 2 1 338 616 241
786 2 2 2 1 376 603 602
787 2 2 2 1 383 638 637
788 2 2 2 1 646 647 638
789 2 2 2 1 616 621 334
790 2 2 2 1 613 642 343
791 2 2 2 1 618 620 619
792 2 2 2 1 242 652 338
793 2 2 2 1 377 655 625
794 2 2 2 1 618 619 617
795 2 2 2 1 196 622 195
796 2 2 2 1 183 636 182
797 2 2 2 1 383 646 638
798 2 2 2 1 338 652 618
799 2 2 2 1 612 614 613
800 2 2 2 1 332 649 236
801 2 2 2 1 611 612 343
802 2 2 2 1 618 654 620
803 2 2 2 1 189 371 188
804 2 2 2 1 225 336 224
805 2 2 2 1 229 597 228
806 2 2 2 1 605 606 603
807 2 2 2 1 376 602 177
808 2 2 2 1 373 646 185
809 2 2 2 1 180 374 179
810 2 2 2 1 235 335 234
811 2 2 2 1 240 334 239
812 2 2 2 1 597 598 333
813 2 2 2 1 376 645 605
814 2 2 2 1 233 339 232
815 2 2 2 1 607 656 609
816 2 2 2 1 178 376 177
817 2 2 2 1 378 633 632
818 2 2 2 1 634 635 633
819 2 2 2 1 13 419 243
820 2 2 2 1 179 645 178
821 2 2 2 1 182 378 181
822 2 2 2 1 338 617 616
823 2 2 2 1 612 613 343
824 2 2 2 1 609 610 608
825 2 2 2 1 176 630 175
826 2 2 2 1 242 338 241
827 2 2 2 1 638 639 637
828 2 2 2 1 175 381 174
829 2 2 2 1 199 331 198
830 2 2 2 1 336 611 224
831 2 2 2 1 237 332 236
832 2 2 2 1 383 637 636
833 2 2 2 1 625 626 623
834 2 2 2 1 197 377 196
835 2 2 2 1 201 337 200
836 2 2 2 1 203 342 202
837 2 2 2 1 623 624 622
838 2 2 2 1 192 382 191
839 2 2 2 1 194 372 193
840 2 2 2 1 218 375 217
841 2 2 2 1 231 340 230
842 2 2 2 1 216 379 215
843 2 2 2 1 220 341 219
844 2 2 2 1 184 383 183
845 2 2 2 1 185 646 184
846 2 2 2 1 186 373 185
847 2 2 2 1 223 343 222
848 2 2 2 1 214 380 213
849 2 2 2 1 642 643 641
850 2 2 2 1 228 597 333
851 2 2 2 1 600 644 333
852 2 2 2 1 172 344 10
853 2 2 2 1 228 333 227
854 2 2 2 1 190 656 607
855 2 2 2 1 222 642 221
856 2 2 2 1 607 609 608
857 2 2 2 1 197 655 377
858 2 2 2 1 235 649 335
859 2 2 2 1 376 605 603
860 2 2 2 1 229 653 597
861 2 2 2 1 598 601 600
862 2 2 2 1 378 632 181
863 2 2 2 1 597 599 598
864 2 2 2 1 187 631 186
865 2 2 2 1 240 616 334
866 2 2 2 1 598 600 333
867 2 2 2 1 377 625 623
868 2 2 2 1 606 640 603
869 2 2 2 1 243 652 242
870 2 2 2 1 191 656 190
871 2 2 2 1 649 650 335
872 2 2 2 1 378 634 633
873 2 2 2 1 419 654 652
874 2 2 2 1 624 648 622
875 2 2 2 1 177 602 176
876 2 2 2 1 378 636 634
877 2 2 2 1 603 640 604
878 2 2 2 1 181 632 180
879 2 2 2 1 336 615 611
880 2 2 2 1 178 645 376
881 2 2 2 1 419 652 243
882 2 2 2 1 374 645 179
883 2 2 2 1 340 653 230
884 2 2 2 1 636 637 634
885 2 2 2 1 220 641 341
886 2 2 2 1 221 641 220
887 2 2 2 1 602 630 176
888 2 2 2 1 338 618 617
889 2 2 2 1 186 631 373
890 2 2 2 1 617 621 616
891 2 2 2 1 175 630 381
892 2 2 2 1 377 622 196
893 2 2 2 1 184 646 383
894 2 2 2 1 221 642 641
895 2 2 2 1 230 653 229
896 2 2 2 1 377 623 622
897 2 2 2 1 652 654 618
898 2 2 2 1 190 607 189
899 2 2 2 1 332 651 649
900 2 2 2 1 607 608 371
901 2 2 2 1 597 653 599
902 2 2 2 1 382 656 191
903 2 2 2 1 198 655 197
904 2 2 2 1 189 607 371
905 2 2 2 1 180 632 374
906 2 2 2 1 331 655 198
907 2 2 2 1 520 522 384
908 2 2 2 1 509 511 397
909 2 2 2 1 524 660 370
910 2 2 2 1 366 438 437
911 2 2 2 1 169 364 168
912 2 2 2 1 167 365 166
913 2 2 2 1 171 366 170
914 2 2 2 1 168 431 167
915 2 2 2 1 366 436 170
916 2 2 2 1 438 439 437
917 2 2 2 1 437 471 436
918 2 2 2 1 366 437 436
919 2 2 2 1 391 526 517
920 2 2 2 1 400 506 504
921 2 2 2 1 50 345 49
922 2 2 2 1 52 346 51
923 2 2 2 1 54 347 53
924 2 2 2 1 49 657 48
925 2 2 2 1 44 326 43
926 2 2 2 1 56 348 55
927 2 2 2 1 58 349 57
928 2 2 2 1 74 357 73
929 2 2 2 1 66 353 65
930 2 2 2 1 60 350 59
931 2 2 2 1 84 362 83
932 2 2 2 1 68 354 67
933 2 2 2 1 82 361 81
934 2 2 2 1 76 358 75
935 2 2 2 1 78 359 77
936 2 2 2 1 86 363 85
937 2 2 2 1 70 355 69
938 2 2 2 1 72 356 71
939 2 2 2 1 62 351 61
940 2 2 2 1 64 352 63
941 2 2 2 1 80 360 79
942 2 2 2 1 46 328 45
943 2 2 2 1 48 330 47
944 2 2 2 1 489 490 342
945 2 2 2 1 48 657 330
946 2 2 2 1 345 657 49
947 2 2 2 1 9 320 165
948 2 2 2 1 152 329 151
949 2 2 2 1 154 327 153
950 2 2 2 1 153 659 152
951 2 2 2 1 156 325 155
952 2 2 2 1 162 322 161
953 2 2 2 1 158 324 157
954 2 2 2 1 160 323 159
955 2 2 2 1 164 321 163
956 2 2 2 1 455 456 317
957 2 2 2 1 15 660 1
958 2 2 2 1 166 803 9
959 2 2 2 1 33 423 32
960 2 2 2 1 657 658 330
961 2 2 2 1 524 661 660
962 2 2 2 1 461 462 318
963 2 2 2 1 512 672 514
964 2 2 2 1 152 659 329
965 2 2 2 1 327 659 153
966 2 2 2 1 595 663 337
967 2 2 2 1 199 663 331
968 2 2 2 1 337 663 200
969 2 2 2 1 490 593 342
970 2 2 2 1 344 447 10
971 2 2 2 1 510 672 509
972 2 2 2 1 594 706 596
973 2 2 2 1 523 678 525
974 2 2 2 1 392 698 592
975 2 2 2 1 521 678 520
976 2 2 2 1 96 422 95
977 2 2 2 1 149 775 8
978 2 2 2 1 200 663 199
979 2 2 2 1 491 706 490
980 2 2 2 1 542 685 540
981 2 2 2 1 517 674 518
982 2 2 2 1 427 440 418
983 2 2 2 1 319 450 146
984 2 2 2 1 212 690 417
985 2 2 2 1 84 664 362
986 2 2 2 1 363 664 85
987 2 2 2 1 137 665 136
988 2 2 2 1 505 669 503
989 2 2 2 1 426 468 427
990 2 2 2 1 743 806 441
991 2 2 2 1 458 816 794
992 2 2 2 1 558 691 556
993 2 2 2 1 562 694 560
994 2 2 2 1 424 445 429
995 2 2 2 1 554 686 552
996 2 2 2 1 145 454 144
997 2 2 2 1 566 696 564
998 2 2 2 1 508 669 510
999 2 2 2 1 546 681 544
1000 2 2 2 1 518 676 516
1001 2 2 2 1 550 682 548
1002 2 2 2 1 514 674 513
1003 2 2 2 1 142 318 7
1004 2 2 2 1 144 317 143
1005 2 2 2 1 570 700 568
1006 2 2 2 1 143 460 142
1007 2 2 2 1 574 707 572
1008 2 2 2 1 578 709 576
1009 2 2 2 1 582 733 580
1010 2 2 2 1 658 812 330
1011 2 2 2 1 424 429 423
1012 2 2 2 1 586 735 584
1013 2 2 2 1 519 676 521
1014 2 2 2 1 417 782 662
1015 2 2 2 1 590 738 588
1016 2 2 2 1 480 666 422
1017 2 2 2 1 154 668 327
1018 2 2 2 1 325 668 155
1019 2 2 2 1 455 458 457
1020 2 2 2 1 33 424 423
1021 2 2 2 1 85 664 84
1022 2 2 2 1 31 418 30
1023 2 2 2 1 324 673 157
1024 2 2 2 1 156 673 325
1025 2 2 2 1 465 466 462
1026 2 2 2 1 319 451 450
1027 2 2 2 1 29 767 756
1028 2 2 2 1 323 675 159
1029 2 2 2 1 158 675 324
1030 2 2 2 1 322 677 161
1031 2 2 2 1 160 677 323
1032 2 2 2 1 32 425 31
1033 2 2 2 1 162 679 322
1034 2 2 2 1 321 679 163
1035 2 2 2 1 422 666 95
1036 2 2 2 1 545 682 546
1037 2 2 2 1 424 470 445
1038 2 2 2 1 327 819 667
1039 2 2 2 1 95 666 94
1040 2 2 2 1 380 690 213
1041 2 2 2 1 72 683 356
1042 2 2 2 1 357 683 73
1043 2 2 2 1 509 672 512
1044 2 2 2 1 442 818 423
1045 2 2 2 1 136 665 392
1046 2 2 2 1 70 684 355
1047 2 2 2 1 356 684 71
1048 2 2 2 1 164 680 321
1049 2 2 2 1 320 680 165
1050 2 2 2 1 91 754 90
1051 2 2 2 1 549 686 550
1052 2 2 2 1 358 687 75
1053 2 2 2 1 74 687 357
1054 2 2 2 1 461 464 462
1055 2 2 2 1 455 457 456
1056 2 2 2 1 541 681 542
1057 2 2 2 1 355 688 69
1058 2 2 2 1 68 688 354
1059 2 2 2 1 553 691 554
1060 2 2 2 1 464 465 462
1061 2 2 2 1 46 693 328
1062 2 2 2 1 330 693 47
1063 2 2 2 1 66 695 353
1064 2 2 2 1 354 695 67
1065 2 2 2 1 64 697 352
1066 2 2 2 1 353 697 65
1067 2 2 2 1 379 710 215
1068 2 2 2 1 214 710 380
1069 2 2 2 1 520 678 523
1070 2 2 2 1 218 724 375
1071 2 2 2 1 644 713 226
1072 2 2 2 1 614 725 613
1073 2 2 2 1 237 718 332
1074 2 2 2 1 643 730 641
1075 2 2 2 1 598 714 601
1076 2 2 2 1 187 721 631
1077 2 2 2 1 192 728 382
1078 2 2 2 1 231 727 340
1079 2 2 2 1 612 717 614
1080 2 2 2 1 381 722 174
1081 2 2 2 1 639 731 637
1082 2 2 2 1 372 728 193
1083 2 2 2 1 172 729 344
1084 2 2 2 1 334 719 239
1085 2 2 2 1 604 716 630
1086 2 2 2 1 339 727 232
1087 2 2 2 1 371 721 188
1088 2 2 2 1 233 720 339
1089 2 2 2 1 225 713 336
1090 2 2 2 1 634 731 635
1091 2 2 2 1 335 720 234
1092 2 2 2 1 653 723 599
1093 2 2 2 1 341 724 219
1094 2 2 2 1 655 726 625
1095 2 2 2 1 557 694 558
1096 2 2 2 1 352 701 63
1097 2 2 2 1 62 701 351
1098 2 2 2 1 458 459 457
1099 2 2 2 1 654 736 620
1100 2 2 2 1 60 708 350
1101 2 2 2 1 351 708 61
1102 2 2 2 1 561 696 562
1103 2 2 2 1 451 452 450
1104 2 2 2 1 58 711 349
1105 2 2 2 1 350 711 59
1106 2 2 2 1 76 712 358
1107 2 2 2 1 359 712 77
1108 2 2 2 1 565 700 566
1109 2 2 2 1 349 734 57
1110 2 2 2 1 56 734 348
1111 2 2 2 1 348 737 55
1112 2 2 2 1 54 737 347
1113 2 2 2 1 569 707 570
1114 2 2 2 1 52 740 346
1115 2 2 2 1 347 740 53
1116 2 2 2 1 573 709 574
1117 2 2 2 1 513 674 517
1118 2 2 2 1 346 742 51
1119 2 2 2 1 50 742 345
1120 2 2 2 1 327 667 659
1121 2 2 2 1 451 453 452
1122 2 2 2 1 577 733 578
1123 2 2 2 1 581 735 582
1124 2 2 2 1 585 738 586
1125 2 2 2 1 589 741 590
1126 2 2 2 1 444 671 443
1127 2 2 2 1 328 744 45
1128 2 2 2 1 44 744 326
1129 2 2 2 1 155 668 154
1130 2 2 2 1 318 472 7
1131 2 2 2 1 659 743 329
1132 2 2 2 1 503 669 508
1133 2 2 2 1 759 774 420
1134 2 2 2 1 36 704 421
1135 2 2 2 1 537 685 538
1136 2 2 2 1 490 706 594
1137 2 2 2 1 157 673 156
1138 2 2 2 1 8 753 148
1139 2 2 2 1 739 793 444
1140 2 2 2 1 78 746 359
1141 2 2 2 1 360 746 79
1142 2 2 2 1 159 675 158
1143 2 2 2 1 208 316 207
1144 2 2 2 1 516 676 519
1145 2 2 2 1 161 677 160
1146 2 2 2 1 427 441 440
1147 2 2 2 1 163 679 162
1148 2 2 2 1 209 692 208
1149 2 2 2 1 80 749 360
1150 2 2 2 1 361 749 81
1151 2 2 2 1 448 757 438
1152 2 2 2 1 165 680 164
1153 2 2 2 1 425 818 442
1154 2 2 2 1 595 703 663
1155 2 2 2 1 794 816 452
1156 2 2 2 1 544 681 541
1157 2 2 2 1 434 739 444
1158 2 2 2 1 548 682 545
1159 2 2 2 1 73 683 72
1160 2 2 2 1 29 756 28
1161 2 2 2 1 207 702 206
1162 2 2 2 1 367 704 37
1163 2 2 2 1 486 780 362
1164 2 2 2 1 540 685 537
1165 2 2 2 1 71 684 70
1166 2 2 2 1 496 689 363
1167 2 2 2 1 661 751 660
1168 2 2 2 1 552 686 549
1169 2 2 2 1 629 805 379
1170 2 2 2 1 75 687 74
1171 2 2 2 1 442 804 425
1172 2 2 2 1 69 688 68
1173 2 2 2 1 388 793 739
1174 2 2 2 1 556 691 553
1175 2 2 2 1 438 757 439
1176 2 2 2 1 470 783 765
1177 2 2 2 1 213 690 212
1178 2 2 2 1 533 705 534
1179 2 2 2 1 47 693 46
1180 2 2 2 1 560 694 557
1181 2 2 2 1 67 695 66
1182 2 2 2 1 439 758 437
1183 2 2 2 1 530 763 528
1184 2 2 2 1 703 726 331
1185 2 2 2 1 564 696 561
1186 2 2 2 1 65 697 64
1187 2 2 2 1 568 700 565
1188 2 2 2 1 536 705 533
1189 2 2 2 1 63 701 62
1190 2 2 2 1 663 703 331
1191 2 2 2 1 572 707 569
1192 2 2 2 1 416 762 483
1193 2 2 2 1 61 708 60
1194 2 2 2 1 329 770 468
1195 2 2 2 1 576 709 573
1196 2 2 2 1 419 732 654
1197 2 2 2 1 59 711 58
1198 2 2 2 1 77 712 76
1199 2 2 2 1 600 797 796
1200 2 2 2 1 609 802 610
1201 2 2 2 1 650 800 335
1202 2 2 2 1 625 801 626
1203 2 2 2 1 601 797 600
1204 2 2 2 1 640 798 604
1205 2 2 2 1 605 799 606
1206 2 2 2 1 600 796 644
1207 2 2 2 1 215 710 214
1208 2 2 2 1 446 739 434
1209 2 2 2 1 615 717 612
1210 2 2 2 1 613 725 643
1211 2 2 2 1 238 718 237
1212 2 2 2 1 234 720 233
1213 2 2 2 1 239 719 238
1214 2 2 2 1 174 722 173
1215 2 2 2 1 188 721 187
1216 2 2 2 1 226 713 225
1217 2 2 2 1 599 714 598
1218 2 2 2 1 340 723 653
1219 2 2 2 1 232 727 231
1220 2 2 2 1 722 729 173
1221 2 2 2 1 637 731 634
1222 2 2 2 1 630 716 381
1223 2 2 2 1 173 729 172
1224 2 2 2 1 193 728 192
1225 2 2 2 1 219 724 218
1226 2 2 2 1 238 719 718
1227 2 2 2 1 641 730 341
1228 2 2 2 1 651 715 650
1229 2 2 2 1 331 726 655
1230 2 2 2 1 580 733 577
1231 2 2 2 1 57 734 56
1232 2 2 2 1 584 735 581
1233 2 2 2 1 55 737 54
1234 2 2 2 1 588 738 585
1235 2 2 2 1 756 767 440
1236 2 2 2 1 53 740 52
1237 2 2 2 1 592 741 589
1238 2 2 2 1 100 762 416
1239 2 2 2 1 415 762 101
1240 2 2 2 1 51 742 50
1241 2 2 2 1 449 768 469
1242 2 2 2 1 500 698 665
1243 2 2 2 1 785 800 650
1244 2 2 2 1 37 704 36
1245 2 2 2 1 45 744 44
1246 2 2 2 1 724 801 375
1247 2 2 2 1 718 799 332
1248 2 2 2 1 334 798 719
1249 2 2 2 1 371 797 721
1250 2 2 2 1 713 802 336
1251 2 2 2 1 661 771 671
1252 2 2 2 1 665 698 392
1253 2 2 2 1 420 773 759
1254 2 2 2 1 529 747 530
1255 2 2 2 1 671 771 320
1256 2 2 2 1 528 763 487
1257 2 2 2 1 244 750 13
1258 2 2 2 1 1 751 256
1259 2 2 2 1 369 815 670
1260 2 2 2 1 79 746 78
1261 2 2 2 1 492 782 489
1262 2 2 2 1 363 769 664
1263 2 2 2 1 419 750 732
1264 2 2 2 1 532 747 529
1265 2 2 2 1 662 782 492
1266 2 2 2 1 208 692 316
1267 2 2 2 1 389 759 758
1268 2 2 2 1 316 702 207
1269 2 2 2 1 253 752 387
1270 2 2 2 1 254 752 253
1271 2 2 2 1 667 743 659
1272 2 2 2 1 256 751 388
1273 2 2 2 1 390 750 244
1274 2 2 2 1 470 766 421
1275 2 2 2 1 470 765 445
1276 2 2 2 1 651 787 715
1277 2 2 2 1 730 784 341
1278 2 2 2 1 599 790 714
1279 2 2 2 1 715 785 650
1280 2 2 2 1 716 789 381
1281 2 2 2 1 340 788 723
1282 2 2 2 1 615 791 717
1283 2 2 2 1 725 786 643
1284 2 2 2 1 758 759 471
1285 2 2 2 1 664 769 484
1286 2 2 2 1 81 749 80
1287 2 2 2 1 150 748 149
1288 2 2 2 1 507 819 504
1289 2 2 2 1 13 750 419
1290 2 2 2 1 444 793 661
1291 2 2 2 1 660 751 1
1292 2 2 2 1 606 799 718
1293 2 2 2 1 721 797 601
1294 2 2 2 1 626 801 724
1295 2 2 2 1 719 798 640
1296 2 2 2 1 610 802 713
1297 2 2 2 1 732 736 654
1298 2 2 2 1 524 771 661
1299 2 2 2 1 592 777 741
1300 2 2 2 1 485 776 487
1301 2 2 2 1 345 777 657
1302 2 2 2 1 82 780 361
1303 2 2 2 1 362 780 83
1304 2 2 2 1 648 786 372
1305 2 2 2 1 647 788 638
1306 2 2 2 1 631 790 373
1307 2 2 2 1 632 785 374
1308 2 2 2 1 374 787 645
1309 2 2 2 1 617 789 621
1310 2 2 2 1 623 784 624
1311 2 2 2 1 382 791 656
1312 2 2 2 1 667 819 507
1313 2 2 2 1 595 805 703
1314 2 2 2 1 2 767 29
1315 2 2 2 1 93 754 92
1316 2 2 2 1 210 808 12
1317 2 2 2 1 11 807 205
1318 2 2 2 1 469 768 251
1319 2 2 2 1 147 755 319
1320 2 2 2 1 666 814 778
1321 2 2 2 1 28 756 404
1322 2 2 2 1 437 758 471
1323 2 2 2 1 703 805 629
1324 2 2 2 1 666 778 94
1325 2 2 2 1 389 760 247
1326 2 2 2 1 245 761 390
1327 2 2 2 1 247 760 246
1328 2 2 2 1 246 761 245
1329 2 2 2 1 41 815 369
1330 2 2 2 1 40 772 39
1331 2 2 2 1 402 815 42
1332 2 2 2 1 372 786 725
1333 2 2 2 1 715 787 374
1334 2 2 2 1 723 788 647
1335 2 2 2 1 621 789 716
1336 2 2 2 1 714 790 631
1337 2 2 2 1 717 791 382
1338 2 2 2 1 374 785 715
1339 2 2 2 1 624 784 730
1340 2 2 2 1 741 777 345
1341 2 2 2 1 425 804 426
1342 2 2 2 1 30 767 2
1343 2 2 2 1 39 792 38
1344 2 2 2 1 92 754 91
1345 2 2 2 1 388 764 255
1346 2 2 2 1 455 816 458
1347 2 2 2 1 487 763 486
1348 2 2 2 1 101 762 100
1349 2 2 2 1 12 808 209
1350 2 2 2 1 206 807 11
1351 2 2 2 1 670 815 402
1352 2 2 2 1 251 768 250
1353 2 2 2 1 500 812 698
1354 2 2 2 1 420 774 249
1355 2 2 2 1 248 774 389
1356 2 2 2 1 435 779 471
1357 2 2 2 1 468 770 427
1358 2 2 2 1 756 806 404
1359 2 2 2 1 698 812 658
1360 2 2 2 1 389 774 759
1361 2 2 2 1 255 764 254
1362 2 2 2 1 794 817 813
1363 2 2 2 1 484 769 482
1364 2 2 2 1 739 764 388
1365 2 2 2 1 34 811 33
1366 2 2 2 1 415 776 762
1367 2 2 2 1 205 807 428
1368 2 2 2 1 493 808 210
1369 2 2 2 1 33 811 424
1370 2 2 2 1 760 761 246
1371 2 2 2 1 250 768 420
1372 2 2 2 1 451 765 453
1373 2 2 2 1 369 772 40
1374 2 2 2 1 743 770 329
1375 2 2 2 1 369 781 772
1376 2 2 2 1 435 773 449
1377 2 2 2 1 320 803 671
1378 2 2 2 1 769 809 482
1379 2 2 2 1 525 771 524
1380 2 2 2 1 471 779 436
1381 2 2 2 1 427 770 441
1382 2 2 2 1 254 764 752
1383 2 2 2 1 671 803 443
1384 2 2 2 1 93 778 754
1385 2 2 2 1 249 774 248
1386 2 2 2 1 778 814 430
1387 2 2 2 1 482 809 481
1388 2 2 2 1 364 779 435
1389 2 2 2 1 481 809 479
1390 2 2 2 1 483 776 485
1391 2 2 2 1 495 814 480
1392 2 2 2 1 689 809 769
1393 2 2 2 1 689 769 363
1394 2 2 2 1 38 792 367
1395 2 2 2 1 657 777 658
1396 2 2 2 1 94 778 93
1397 2 2 2 1 441 770 743
1398 2 2 2 1 404 806 507
1399 2 2 2 1 423 818 32
1400 2 2 2 1 489 782 491
1401 2 2 2 1 83 780 82
1402 2 2 2 1 661 793 751
1403 2 2 2 1 692 808 493
1404 2 2 2 1 775 804 442
1405 2 2 2 1 633 785 632
1406 2 2 2 1 619 789 617
1407 2 2 2 1 638 788 639
1408 2 2 2 1 645 787 605
1409 2 2 2 1 626 784 623
1410 2 2 2 1 373 790 647
1411 2 2 2 1 656 791 609
1412 2 2 2 1 624 786 648
1413 2 2 2 1 732 795 448
1414 2 2 2 1 633 800 785
1415 2 2 2 1 428 807 702
1416 2 2 2 1 796 797 608
1417 2 2 2 1 608 797 371
1418 2 2 2 1 610 796 608
1419 2 2 2 1 635 800 633
1420 2 2 2 1 332 799 651
1421 2 2 2 1 621 798 334
1422 2 2 2 1 375 801 628
1423 2 2 2 1 336 802 615
1424 2 2 2 1 492 810 662
1425 2 2 2 1 458 813 459
1426 2 2 2 1 813 817 367
1427 2 2 2 1 9 803 320
1428 2 2 2 1 32 818 425
1429 2 2 2 1 596 805 595
1430 2 2 2 1 750 795 732
1431 2 2 2 1 430 814 495
1432 2 2 2 1 424 811 470
1433 2 2 2 1 454 816 455
1434 2 2 2 1 480 814 666
1435 2 2 2 1 762 776 483
1436 2 2 2 1 42 815 41
1437 2 2 2 1 501 812 500
1438 2 2 2 1 504 819 505
1439 2 2 2 1 453 794 452
1440 2 2 2 1 704 783 421
1441 2 2 2 1 426 804 748
1442 2 2 2 1 748 775 149
1443 2 2 2 1 448 795 757
1444 2 2 2 1 390 795 750
1445 2 2 2 1 209 808 692
1446 2 2 2 1 702 807 206
1447 2 2 2 1 479 809 689
1448 2 2 2 1 757 795 390
1449 2 2 2 1 367 817 704
1450 2 2 2 1 751 793 388
1451 2 2 2 1 765 783 453
1452 2 2 2 1 783 817 453
1453 2 2 2 1 470 811 766
1454 2 2 2 1 453 817 794
1455 2 2 2 1 748 804 775
1456 2 2 2 1 766 811 34
1457 2 2 2 1 704 817 783
1458 2 2 2 1 459 813 792
1459 2 2 2 1 794 813 458
1460 2 2 2 1 792 813 367
1461 2 2 3 2 32 821 820
1462 2 2 3 2 31 821 32
1463 2 2 3 2 820 821 14
1464 2 2 3 2 30 2 257
1465 2 2 3 2 14 822 820
1466 2 2 3 2 258 822 14
1467 2 2 3 2 14 821 257
1468 2 2 3 2 3 822 258
1469 2 2 3 2 257 821 30
1470 2 2 3 2 34 822 3
1471 2 2 3 2 32 820 33
1472 2 2 3 2 820 822 33
1473 2 2 3 2 33 822 34
1474 2 2 3 2 30 821 31
1475 2 2 1 3 1803 2572 2241
1476 2 2 1 3 1807 2565 2435
1477 2 2 1 3 2241 2572 841
1478 2 2 1 3 306 1996 305
1479 2 2 1 3 2035 2273 1808
1480 2 2 1 3 2112 2242 1536
1481 2 2 1 3 2119 2550 833
1482 2 2 1 3 2289 2622 2128
1483 2 2 1 3 1958 2544 1716
1484 2 2 1 3 1810 2299 883
1485 2 2 1 3 1925 1927 1717
1486 2 2 1 3 883 2567 1810
1487 2 2 1 3 1822 1877 884
1488 2 2 1 3 1818 1996 839
1489 2 2 1 3 830 2273 2035
1490 2 2 1 3 1716 2544 1717
1491 2 2 1 3 1819 1897 834
1492 2 2 1 3 839 1995 1818
1493 2 2 1 3 884 1877 142
1494 2 2 1 3 1812 2622 2289
1495 2 2 1 3 826 1880 1820
1496 2 2 1 3 1796 2563 2562
1497 2 2 1 3 1825 2621 855
1498 2 2 1 3 857 2587 1831
1499 2 2 1 3 2435 2565 856
1500 2 2 1 3 1626 2289 2128
1501 2 2 1 3 827 1900 1823
1502 2 2 1 3 834 1898 1819
1503 2 2 1 3 1544 1898 1569
1504 2 2 1 3 1820 1881 826
1505 2 2 1 3 100 1983 101
1506 2 2 1 3 2110 2242 2112
1507 2 2 1 3 2083 2085 1723
1508 2 2 1 3 1996 1998 868
1509 2 2 1 3 142 1877 143
1510 2 2 1 3 859 1928 1927
1511 2 2 1 3 1998 2597 868
1512 2 2 1 3 856 2558 2435
1513 2 2 1 3 1927 1928 1717
1514 2 2 1 3 1835 1980 1800
1515 2 2 1 3 2118 2550 2119
1516 2 2 1 3 843 2566 2233
1517 2 2 1 3 843 2233 2232
1518 2 2 1 3 839 1996 306
1519 2 2 1 3 305 1996 868
1520 2 2 1 3 884 1878 1822
1521 2 2 1 3 2081 2558 856
1522 2 2 1 3 1823 1901 827
1523 2 2 1 3 1829 2630 825
1524 2 2 1 3 1831 2587 889
1525 2 2 1 3 1826 2621 1825
1526 2 2 1 3 1714 2442 1998
1527 2 2 1 3 1831 2536 857
1528 2 2 1 3 855 1850 1825
1529 2 2 1 3 1712 1995 1713
1530 2 2 1 3 1835 2580 1980
1531 2 2 1 3 190 2123 191
1532 2 2 1 3 1658 1901 1659
1533 2 2 1 3 1536 2374 2112
1534 2 2 1 3 859 2574 1928
1535 2 2 1 3 2085 2460 1723
1536 2 2 1 3 204 1926 205
1537 2 2 1 3 266 2565 1828
1538 2 2 1 3 1725 2577 2571
1539 2 2 1 3 878 2548 1816
1540 2 2 1 3 1562 1878 1561
1541 2 2 1 3 825 2471 1829
1542 2 2 1 3 2527 2568 1982
1543 2 2 1 3 1828 2613 266
1544 2 2 1 3 1569 1898 1777
1545 2 2 1 3 1819 1898 1544
1546 2 2 1 3 2308 2315 1457
1547 2 2 1 3 273 2132 272
1548 2 2 1 3 292 1900 827
1549 2 2 1 3 2110 2537 2242
1550 2 2 1 3 1811 2314 1935
1551 2 2 1 3 2562 2586 1796
1552 2 2 1 3 101 1983 885
1553 2 2 1 3 890 1983 100
1554 2 2 1 3 153 1881 154
1555 2 2 1 3 1818 1995 1712
1556 2 2 1 3 1830 2273 830
1557 2 2 1 3 1816 2607 878
1558 2 2 1 3 1626 2128 2127
1559 2 2 1 3 2012 2277 2268
1560 2 2 1 3 864 2311 1834
1561 2 2 1 3 2314 2315 1935
1562 2 2 1 3 141 2523 7
1563 2 2 1 3 1832 2630 1829
1564 2 2 1 3 1726 2131 2130
1565 2 2 1 3 1879 1885 1805
1566 2 2 1 3 889 2293 1831
1567 2 2 1 3 151 1882 152
1568 2 2 1 3 1796 2596 2563
1569 2 2 1 3 825 2560 2471
1570 2 2 1 3 1998 2442 1757
1571 2 2 1 3 1402 2549 1379
1572 2 2 1 3 1821 1864 1863
1573 2 2 1 3 830 2556 1830
1574 2 2 1 3 2130 2132 1726
1575 2 2 1 3 1926 2612 205
1576 2 2 1 3 2571 2577 2075
1577 2 2 1 3 892 1837 835
1578 2 2 1 3 1828 2565 1807
1579 2 2 1 3 835 1837 1833
1580 2 2 1 3 1714 1998 1818
1581 2 2 1 3 1982 1983 890
1582 2 2 1 3 893 1837 892
1583 2 2 1 3 2123 2552 191
1584 2 2 1 3 1995 1997 1713
1585 2 2 1 3 1982 2568 1983
1586 2 2 1 3 833 2601 2119
1587 2 2 1 3 873 2598 2578
1588 2 2 1 3 1705 1901 1658
1589 2 2 1 3 1659 1901 1823
1590 2 2 1 3 1717 2544 1925
1591 2 2 1 3 849 2599 2579
1592 2 2 1 3 855 2557 1850
1593 2 2 1 3 1822 1878 1562
1594 2 2 1 3 878 2123 190
1595 2 2 1 3 2471 2560 1797
1596 2 2 1 3 259 97 6
1597 2 2 1 3 871 2537 2110
1598 2 2 1 3 2127 2541 1626
1599 2 2 1 3 1228 1889 1836
1600 2 2 1 3 199 1906 853
1601 2 2 1 3 1801 2315 2308
1602 2 2 1 3 1457 2315 2314
1603 2 2 1 3 272 2132 2130
1604 2 2 1 3 845 2132 273
1605 2 2 1 3 1561 1878 1833
1606 2 2 1 3 826 1881 153
1607 2 2 1 3 154 1881 882
1608 2 2 1 3 1381 2539 1382
1609 2 2 1 3 1821 1880 1864
1610 2 2 1 3 1833 2523 835
1611 2 2 1 3 1836 1889 1838
1612 2 2 1 3 1838 1889 980
1613 2 2 1 3 296 2630 1832
1614 2 2 1 3 293 1900 292
1615 2 2 1 3 2600 2603 2356
1616 2 2 1 3 186 2039 187
1617 2 2 1 3 9 2621 2585
1618 2 2 1 3 1402 1885 1879
1619 2 2 1 3 1550 2414 1890
1620 2 2 1 3 285 2594 2570
1621 2 2 1 3 881 1882 151
1622 2 2 1 3 1850 2557 1802
1623 2 2 1 3 7 2523 884
1624 2 2 1 3 2578 2598 1813
1625 2 2 1 3 2579 2599 1814
1626 2 2 1 3 1821 1879 1805
1627 2 2 1 3 1832 2608 296
1628 2 2 1 3 893 2532 1837
1629 2 2 1 3 895 2532 893
1630 2 2 1 3 1879 2549 1402
1631 2 2 1 3 152 1882 826
1632 2 2 1 3 1897 2567 883
1633 2 2 1 3 2012 2574 2277
1634 2 2 1 3 1559 1931 1553
1635 2 2 1 3 198 1906 199
1636 2 2 1 3 1397 2525 1392
1637 2 2 1 3 1836 1931 1228
1638 2 2 1 3 2555 2581 1824
1639 2 2 1 3 1863 1879 1821
1640 2 2 1 3 1898 2547 1777
1641 2 2 1 3 905 1842 903
1642 2 2 1 3 1862 2539 1381
1643 2 2 1 3 1839 1841 1115
1644 2 2 1 3 861 2603 2600
1645 2 2 1 3 1820 1880 1821
1646 2 2 1 3 2386 2620 1954
1647 2 2 1 3 911 2417 909
1648 2 2 1 3 1890 2414 1838
1649 2 2 1 3 1866 2405 1557
1650 2 2 1 3 1952 1954 1749
1651 2 2 1 3 1954 2591 2386
1652 2 2 1 3 883 2605 1897
1653 2 2 1 3 980 1890 1838
1654 2 2 1 3 1911 2522 1845
1655 2 2 1 3 1777 2547 2543
1656 2 2 1 3 909 2417 1869
1657 2 2 1 3 1953 2545 2536
1658 2 2 1 3 1061 1847 1087
1659 2 2 1 3 1834 2564 864
1660 2 2 1 3 1853 2525 1397
1661 2 2 1 3 1115 1869 1839
1662 2 2 1 3 2038 2039 186
1663 2 2 1 3 187 2039 823
1664 2 2 1 3 909 1869 907
1665 2 2 1 3 1968 2358 1843
1666 2 2 1 3 1818 1998 1996
1667 2 2 1 3 1204 1911 1843
1668 2 2 1 3 2594 2622 1817
1669 2 2 1 3 1843 2358 1204
1670 2 2 1 3 2514 2524 1842
1671 2 2 1 3 1115 1842 905
1672 2 2 1 3 1346 2358 1968
1673 2 2 1 3 1841 1842 1115
1674 2 2 1 3 1111 1868 1110
1675 2 2 1 3 1890 2524 2514
1676 2 2 1 3 1844 1868 1111
1677 2 2 1 3 1847 2405 1866
1678 2 2 1 3 1110 1868 1133
1679 2 2 1 3 1111 1846 1844
1680 2 2 1 3 1815 2558 2081
1681 2 2 1 3 1584 2479 1362
1682 2 2 1 3 2585 2621 1826
1683 2 2 1 3 890 2631 1982
1684 2 2 1 3 1584 1936 1870
1685 2 2 1 3 1553 1931 1836
1686 2 2 1 3 2536 2545 857
1687 2 2 1 3 1739 1931 1559
1688 2 2 1 3 1204 2522 1911
1689 2 2 1 3 1363 2519 2517
1690 2 2 1 3 2570 2594 1817
1691 2 2 1 3 864 2614 2311
1692 2 2 1 3 907 1869 1115
1693 2 2 1 3 1749 2573 1952
1694 2 2 1 3 1870 2479 1584
1695 2 2 1 3 1994 1997 1995
1696 2 2 1 3 867 1997 1994
1697 2 2 1 3 1890 2514 1550
1698 2 2 1 3 868 2597 2556
1699 2 2 1 3 829 2580 1835
1700 2 2 1 3 1379 2549 1381
1701 2 2 1 3 1247 2018 1848
1702 2 2 1 3 1087 1847 1111
1703 2 2 1 3 1808 2619 2035
1704 2 2 1 3 1825 1851 1549
1705 2 2 1 3 914 2417 911
1706 2 2 1 3 1959 2530 2441
1707 2 2 1 3 1753 2492 2017
1708 2 2 1 3 1962 2441 1789
1709 2 2 1 3 1849 2018 1225
1710 2 2 1 3 1874 1986 1349
1711 2 2 1 3 1225 2017 1849
1712 2 2 1 3 1385 2538 1386
1713 2 2 1 3 1742 2039 2038
1714 2 2 1 3 1873 1986 1874
1715 2 2 1 3 1121 1986 1873
1716 2 2 1 3 1723 2626 2083
1717 2 2 1 3 1396 2454 1871
1718 2 2 1 3 1850 1851 1825
1719 2 2 1 3 1767 2330 2329
1720 2 2 1 3 1817 2622 1812
1721 2 2 1 3 1737 1850 1802
1722 2 2 1 3 1867 1991 1426
1723 2 2 1 3 1230 2419 2014
1724 2 2 1 3 1189 2534 2533
1725 2 2 1 3 1061 2405 1847
1726 2 2 1 3 2533 2534 1840
1727 2 2 1 3 1392 2525 1396
1728 2 2 1 3 1230 1990 1875
1729 2 2 1 3 1789 2438 1962
1730 2 2 1 3 1865 2538 1385
1731 2 2 1 3 1295 1902 1852
1732 2 2 1 3 1636 2329 2183
1733 2 2 1 3 1737 1851 1850
1734 2 2 1 3 1537 1928 1684
1735 2 2 1 3 1557 2517 1866
1736 2 2 1 3 1111 1847 1846
1737 2 2 1 3 1872 1894 1174
1738 2 2 1 3 1717 1928 1537
1739 2 2 1 3 1174 1894 1134
1740 2 2 1 3 1875 2419 1230
1741 2 2 1 3 2230 2265 1752
1742 2 2 1 3 2081 2590 1815
1743 2 2 1 3 1382 2539 1385
1744 2 2 1 3 1848 2329 1247
1745 2 2 1 3 2017 2492 1849
1746 2 2 1 3 845 2551 2132
1747 2 2 1 3 1852 1903 1295
1748 2 2 1 3 835 2523 141
1749 2 2 1 3 1228 2532 895
1750 2 2 1 3 1179 2018 1247
1751 2 2 1 3 1990 1991 1875
1752 2 2 1 3 1903 2372 1174
1753 2 2 1 3 1395 1886 1403
1754 2 2 1 3 1704 1991 1867
1755 2 2 1 3 1349 2040 1874
1756 2 2 1 3 1842 2524 903
1757 2 2 1 3 1112 2450 1088
1758 2 2 1 3 1873 2265 1121
1759 2 2 1 3 1225 2018 1179
1760 2 2 1 3 851 2581 2555
1761 2 2 1 3 1845 2522 1868
1762 2 2 1 3 1851 1909 1549
1763 2 2 1 3 1794 2446 1792
1764 2 2 1 3 1871 1886 1396
1765 2 2 1 3 1897 2605 834
1766 2 2 1 3 2022 2400 2024
1767 2 2 1 3 1878 2523 1833
1768 2 2 1 3 1426 2265 1867
1769 2 2 1 3 1792 2446 1796
1770 2 2 1 3 1852 2372 1903
1771 2 2 1 3 1134 1894 1112
1772 2 2 1 3 2517 2519 1866
1773 2 2 1 3 1362 2479 2183
1774 2 2 1 3 1174 2372 1872
1775 2 2 1 3 1435 2028 2024
1776 2 2 1 3 1839 1869 1840
1777 2 2 1 3 1767 2329 1636
1778 2 2 1 3 2026 2077 1654
1779 2 2 1 3 8 843 149
1780 2 2 1 3 1936 2517 1870
1781 2 2 1 3 1021 2521 2439
1782 2 2 1 3 1560 1562 1561
1783 2 2 1 3 1984 2316 2040
1784 2 2 1 3 1887 2077 1246
1785 2 2 1 3 1654 2077 1887
1786 2 2 1 3 1848 2018 1750
1787 2 2 1 3 1750 2018 1849
1788 2 2 1 3 1560 1871 1563
1789 2 2 1 3 1698 1876 1822
1790 2 2 1 3 2024 2400 1435
1791 2 2 1 3 2329 2330 1247
1792 2 2 1 3 1875 1991 1704
1793 2 2 1 3 1396 1886 1395
1794 2 2 1 3 1876 1877 1822
1795 2 2 1 3 1586 2516 2016
1796 2 2 1 3 2408 2491 1964
1797 2 2 1 3 1403 1886 1473
1798 2 2 1 3 912 2152 981
1799 2 2 1 3 1295 1909 1902
1800 2 2 1 3 1752 2265 1873
1801 2 2 1 3 1867 2265 2230
1802 2 2 1 3 1835 2638 829
1803 2 2 1 3 1610 2214 2184
1804 2 2 1 3 1563 1698 1562
1805 2 2 1 3 1902 1909 1851
1806 2 2 1 3 1892 2396 1719
1807 2 2 1 3 1852 1902 1601
1808 2 2 1 3 171 857 10
1809 2 2 1 3 1894 2450 1112
1810 2 2 1 3 2014 2419 1586
1811 2 2 1 3 1791 1876 1698
1812 2 2 1 3 2183 2479 1636
1813 2 2 1 3 1560 1563 1562
1814 2 2 1 3 2175 2499 2174
1815 2 2 1 3 2232 2233 1855
1816 2 2 1 3 2183 2329 1848
1817 2 2 1 3 1698 1822 1562
1818 2 2 1 3 1558 1871 1560
1819 2 2 1 3 1558 1560 1559
1820 2 2 1 3 1435 2152 2028
1821 2 2 1 3 897 1889 1228
1822 2 2 1 3 1870 2517 1557
1823 2 2 1 3 2025 2184 1317
1824 2 2 1 3 1654 2184 2026
1825 2 2 1 3 2441 2530 1789
1826 2 2 1 3 2028 2445 2404
1827 2 2 1 3 1138 2459 2391
1828 2 2 1 3 1768 2396 1892
1829 2 2 1 3 2535 2538 1865
1830 2 2 1 3 1643 2444 1782
1831 2 2 1 3 852 2505 133
1832 2 2 1 3 1402 2337 1885
1833 2 2 1 3 1720 2380 2006
1834 2 2 1 3 1699 1791 1698
1835 2 2 1 3 1991 2198 1426
1836 2 2 1 3 1560 1561 1559
1837 2 2 1 3 1990 2198 1991
1838 2 2 1 3 2154 2436 852
1839 2 2 1 3 2416 2468 1682
1840 2 2 1 3 2433 2436 2154
1841 2 2 1 3 826 1882 1880
1842 2 2 1 3 2040 2316 1751
1843 2 2 1 3 980 2524 1890
1844 2 2 1 3 1883 2418 1211
1845 2 2 1 3 1868 2522 1133
1846 2 2 1 3 1601 1902 1737
1847 2 2 1 3 1389 1392 1391
1848 2 2 1 3 1895 2402 1089
1849 2 2 1 3 1884 2413 1759
1850 2 2 1 3 1211 2418 2415
1851 2 2 1 3 1089 2402 1916
1852 2 2 1 3 1874 2492 1753
1853 2 2 1 3 2006 2007 1720
1854 2 2 1 3 884 2523 1878
1855 2 2 1 3 1412 1909 1294
1856 2 2 1 3 2413 2415 1759
1857 2 2 1 3 1984 2040 1349
1858 2 2 1 3 1961 2441 1962
1859 2 2 1 3 2403 2465 1975
1860 2 2 1 3 1567 1943 1941
1861 2 2 1 3 1367 1945 1365
1862 2 2 1 3 2426 2462 2036
1863 2 2 1 3 910 2152 912
1864 2 2 1 3 2093 2453 2390
1865 2 2 1 3 2025 2400 2022
1866 2 2 1 3 981 2152 1435
1867 2 2 1 3 2184 2214 1317
1868 2 2 1 3 1997 2513 1713
1869 2 2 1 3 1782 2444 2439
1870 2 2 1 3 1876 2586 848
1871 2 2 1 3 2412 2458 1978
1872 2 2 1 3 1610 2184 1654
1873 2 2 1 3 1405 2304 2303
1874 2 2 1 3 1939 2004 1163
1875 2 2 1 3 166 861 167
1876 2 2 1 3 897 1228 895
1877 2 2 1 3 1847 1866 1846
1878 2 2 1 3 1363 2517 1936
1879 2 2 1 3 1392 1396 1395
1880 2 2 1 3 1567 1945 1943
1881 2 2 1 3 1884 2404 1063
1882 2 2 1 3 2004 2005 1163
1883 2 2 1 3 1570 1937 1893
1884 2 2 1 3 1737 1902 1851
1885 2 2 1 3 1121 2265 1426
1886 2 2 1 3 1893 1937 1575
1887 2 2 1 3 1163 2272 1939
1888 2 2 1 3 1398 1963 1891
1889 2 2 1 3 1294 1909 1295
1890 2 2 1 3 169 889 170
1891 2 2 1 3 1473 1558 1553
1892 2 2 1 3 1574 1939 1938
1893 2 2 1 3 2415 2418 1759
1894 2 2 1 3 1549 1909 1412
1895 2 2 1 3 1389 1397 1392
1896 2 2 1 3 1063 2413 1884
1897 2 2 1 3 2556 2597 1830
1898 2 2 1 3 1941 1992 1567
1899 2 2 1 3 2346 2429 1309
1900 2 2 1 3 1594 2350 1623
1901 2 2 1 3 1211 2424 1883
1902 2 2 1 3 1888 2346 1171
1903 2 2 1 3 1563 1699 1698
1904 2 2 1 3 1365 1945 1567
1905 2 2 1 3 2121 2552 2123
1906 2 2 1 3 1939 2272 1938
1907 2 2 1 3 1792 1796 1791
1908 2 2 1 3 1386 1389 1388
1909 2 2 1 3 1670 2007 1669
1910 2 2 1 3 1246 2391 1887
1911 2 2 1 3 1493 2173 2009
1912 2 2 1 3 1317 2400 2025
1913 2 2 1 3 2354 2360 1507
1914 2 2 1 3 1906 2569 853
1915 2 2 1 3 1774 2351 1171
1916 2 2 1 3 2388 2478 2155
1917 2 2 1 3 1787 2568 2527
1918 2 2 1 3 1222 1903 1173
1919 2 2 1 3 1945 2332 2303
1920 2 2 1 3 2303 2332 1405
1921 2 2 1 3 1774 2354 2351
1922 2 2 1 3 2333 2337 1398
1923 2 2 1 3 1574 1938 1937
1924 2 2 1 3 1869 2417 1840
1925 2 2 1 3 1885 2337 2333
1926 2 2 1 3 1899 2350 1594
1927 2 2 1 3 1774 2360 2354
1928 2 2 1 3 2404 2445 1063
1929 2 2 1 3 1574 1937 1570
1930 2 2 1 3 1161 2005 1202
1931 2 2 1 3 1295 1903 1222
1932 2 2 1 3 1405 2335 2304
1933 2 2 1 3 1916 2102 1917
1934 2 2 1 3 1171 2351 1888
1935 2 2 1 3 1719 2396 1720
1936 2 2 1 3 901 2524 980
1937 2 2 1 3 980 1889 899
1938 2 2 1 3 2439 2521 1782
1939 2 2 1 3 1163 2005 1161
1940 2 2 1 3 2033 2204 2031
1941 2 2 1 3 1033 1917 1364
1942 2 2 1 3 1738 1910 1904
1943 2 2 1 3 1575 2009 1893
1944 2 2 1 3 1795 1825 1549
1945 2 2 1 3 1795 1826 1825
1946 2 2 1 3 1173 1903 1174
1947 2 2 1 3 1389 1391 1388
1948 2 2 1 3 1377 2337 1402
1949 2 2 1 3 1669 2007 2004
1950 2 2 1 3 1904 1910 1734
1951 2 2 1 3 1896 1930 1730
1952 2 2 1 3 2026 2184 2025
1953 2 2 1 3 899 1889 897
1954 2 2 1 3 1034 1917 1033
1955 2 2 1 3 1977 2216 1415
1956 2 2 1 3 1409 1930 1543
1957 2 2 1 3 1940 1992 1941
1958 2 2 1 3 1416 1913 917
1959 2 2 1 3 917 1913 919
1960 2 2 1 3 1976 1977 1415
1961 2 2 1 3 1088 2450 1089
1962 2 2 1 3 1720 2396 2380
1963 2 2 1 3 1915 2317 1592
1964 2 2 1 3 1907 1913 1416
1965 2 2 1 3 1922 2312 1921
1966 2 2 1 3 837 2491 2408
1967 2 2 1 3 1594 2009 1899
1968 2 2 1 3 1891 2333 1398
1969 2 2 1 3 1415 2008 1976
1970 2 2 1 3 1383 2317 1915
1971 2 2 1 3 1720 2007 1670
1972 2 2 1 3 1021 1956 1946
1973 2 2 1 3 1674 2418 1883
1974 2 2 1 3 2163 2496 2494
1975 2 2 1 3 2005 2007 2006
1976 2 2 1 3 1582 2312 1922
1977 2 2 1 3 2009 2173 1893
1978 2 2 1 3 1416 1914 1907
1979 2 2 1 3 2494 2496 875
1980 2 2 1 3 140 892 835
1981 2 2 1 3 1393 2328 1963
1982 2 2 1 3 1420 2204 2033
1983 2 2 1 3 2303 2304 1944
1984 2 2 1 3 1493 2009 1594
1985 2 2 1 3 1916 2402 2102
1986 2 2 1 3 1373 1963 1398
1987 2 2 1 3 1283 2124 2054
1988 2 2 1 3 1473 1886 1558
1989 2 2 1 3 1367 2332 1945
1990 2 2 1 3 1736 1912 1565
1991 2 2 1 3 1942 1956 1413
1992 2 2 1 3 2352 2401 2168
1993 2 2 1 3 2005 2006 1202
1994 2 2 1 3 1543 1930 1896
1995 2 2 1 3 1392 1395 1391
1996 2 2 1 3 1963 2328 1891
1997 2 2 1 3 1623 2350 2033
1998 2 2 1 3 1976 2008 1585
1999 2 2 1 3 1410 1930 1409
2000 2 2 1 3 923 1960 920
2001 2 2 1 3 1480 1923 1551
2002 2 2 1 3 1960 1961 920
2003 2 2 1 3 847 1919 174
2004 2 2 1 3 1739 2532 1931
2005 2 2 1 3 1951 1952 847
2006 2 2 1 3 918 1961 1189
2007 2 2 1 3 2391 2459 1887
2008 2 2 1 3 1845 1923 1911
2009 2 2 1 3 173 1951 847
2010 2 2 1 3 2140 2345 2203
2011 2 2 1 3 824 1921 136
2012 2 2 1 3 1579 1914 1577
2013 2 2 1 3 2072 2326 2164
2014 2 2 1 3 2064 2145 1697
2015 2 2 1 3 1573 2003 1571
2016 2 2 1 3 2062 2145 2064
2017 2 2 1 3 2010 2032 1231
2018 2 2 1 3 1910 2124 1734
2019 2 2 1 3 1999 2307 2247
2020 2 2 1 3 1946 1956 1942
2021 2 2 1 3 1961 1962 1189
2022 2 2 1 3 1425 2145 2062
2023 2 2 1 3 1558 1559 1553
2024 2 2 1 3 1279 2139 1234
2025 2 2 1 3 1940 1941 1413
2026 2 2 1 3 1551 1923 1845
2027 2 2 1 3 1370 1955 1394
2028 2 2 1 3 1672 2458 2412
2029 2 2 1 3 137 1921 1920
2030 2 2 1 3 1046 1917 1034
2031 2 2 1 3 1589 2298 2294
2032 2 2 1 3 1548 1549 1412
2033 2 2 1 3 2062 2063 1425
2034 2 2 1 3 824 1922 1921
2035 2 2 1 3 1294 1295 1222
2036 2 2 1 3 845 2554 2551
2037 2 2 1 3 1173 1174 1134
2038 2 2 1 3 313 1924 866
2039 2 2 1 3 1682 1947 1932
2040 2 2 1 3 1368 1955 1370
2041 2 2 1 3 2032 2033 2031
2042 2 2 1 3 1564 1810 1730
2043 2 2 1 3 2054 2124 1910
2044 2 2 1 3 1888 2429 2346
2045 2 2 1 3 1681 1947 1682
2046 2 2 1 3 2419 2516 1586
2047 2 2 1 3 888 1926 1925
2048 2 2 1 3 1008 1940 1413
2049 2 2 1 3 1274 2171 1966
2050 2 2 1 3 1397 2535 1853
2051 2 2 1 3 179 1934 863
2052 2 2 1 3 2004 2007 2005
2053 2 2 1 3 1907 1914 1579
2054 2 2 1 3 1917 2102 1364
2055 2 2 1 3 1914 1993 1577
2056 2 2 1 3 1623 2032 2010
2057 2 2 1 3 854 2468 2416
2058 2 2 1 3 1987 2124 1283
2059 2 2 1 3 978 1949 960
2060 2 2 1 3 1918 2221 1268
2061 2 2 1 3 1943 2303 1944
2062 2 2 1 3 1564 1730 1463
2063 2 2 1 3 1543 1819 1544
2064 2 2 1 3 920 1961 918
2065 2 2 1 3 1409 1543 1411
2066 2 2 1 3 1020 1949 978
2067 2 2 1 3 1974 1976 1585
2068 2 2 1 3 1688 1965 1689
2069 2 2 1 3 1370 1393 1371
2070 2 2 1 3 140 835 141
2071 2 2 1 3 1368 1370 1369
2072 2 2 1 3 2020 2280 2221
2073 2 2 1 3 1689 1965 1964
2074 2 2 1 3 137 1920 138
2075 2 2 1 3 1366 1368 1367
2076 2 2 1 3 1088 1089 1062
2077 2 2 1 3 1014 1992 1940
2078 2 2 1 3 862 892 139
2079 2 2 1 3 2017 2295 1612
2080 2 2 1 3 1488 1923 1480
2081 2 2 1 3 1908 2357 1913
2082 2 2 1 3 1760 2301 2106
2083 2 2 1 3 1941 1943 1942
2084 2 2 1 3 1127 2053 1181
2085 2 2 1 3 1574 2003 1939
2086 2 2 1 3 1171 2346 1152
2087 2 2 1 3 1543 1544 1411
2088 2 2 1 3 2178 2228 1616
2089 2 2 1 3 2362 2376 1406
2090 2 2 1 3 1409 1411 1400
2091 2 2 1 3 1926 1927 1925
2092 2 2 1 3 1020 1950 1949
2093 2 2 1 3 1616 2228 2203
2094 2 2 1 3 1747 1968 1843
2095 2 2 1 3 1377 1402 1379
2096 2 2 1 3 1364 1366 1365
2097 2 2 1 3 1669 2004 2003
2098 2 2 1 3 1403 1473 1471
2099 2 2 1 3 1953 1954 1952
2100 2 2 1 3 1368 1369 1367
2101 2 2 1 3 2247 2307 1313
2102 2 2 1 3 1370 1371 1369
2103 2 2 1 3 1137 1992 1018
2104 2 2 1 3 1569 1777 1754
2105 2 2 1 3 1373 1398 1375
2106 2 2 1 3 136 1921 137
2107 2 2 1 3 1567 1992 1137
2108 2 2 1 3 1941 1942 1413
2109 2 2 1 3 1366 1367 1365
2110 2 2 1 3 1896 1897 1819
2111 2 2 1 3 1464 1564 1463
2112 2 2 1 3 1033 1364 1137
2113 2 2 1 3 1669 2003 1573
2114 2 2 1 3 1479 1971 1348
2115 2 2 1 3 1413 1956 1006
2116 2 2 1 3 1033 1137 1018
2117 2 2 1 3 1401 1409 1400
2118 2 2 1 3 1305 2013 1221
2119 2 2 1 3 888 1925 1924
2120 2 2 1 3 1502 2027 1989
2121 2 2 1 3 1364 1365 1137
2122 2 2 1 3 172 1951 173
2123 2 2 1 3 862 893 892
2124 2 2 1 3 1951 1953 1952
2125 2 2 1 3 175 1919 864
2126 2 2 1 3 1737 1802 1736
2127 2 2 1 3 1182 1222 1173
2128 2 2 1 3 1584 2013 1936
2129 2 2 1 3 1478 1948 1476
2130 2 2 1 3 1394 1400 1393
2131 2 2 1 3 948 950 947
2132 2 2 1 3 1164 1173 1134
2133 2 2 1 3 1943 1944 1942
2134 2 2 1 3 1644 1915 1592
2135 2 2 1 3 1429 2100 2099
2136 2 2 1 3 1187 1987 1283
2137 2 2 1 3 2079 2190 2047
2138 2 2 1 3 1371 1963 1373
2139 2 2 1 3 1571 2003 1574
2140 2 2 1 3 979 1001 978
2141 2 2 1 3 1581 1971 1479
2142 2 2 1 3 1268 2286 1918
2143 2 2 1 3 1585 1979 1974
2144 2 2 1 3 951 954 950
2145 2 2 1 3 961 978 960
2146 2 2 1 3 1429 2207 2100
2147 2 2 1 3 1087 1088 1062
2148 2 2 1 3 955 960 954
2149 2 2 1 3 931 1979 929
2150 2 2 1 3 1015 1018 1014
2151 2 2 1 3 1002 1021 1001
2152 2 2 1 3 1133 1134 1112
2153 2 2 1 3 1061 1062 1046
2154 2 2 1 3 1225 2295 2017
2155 2 2 1 3 1679 1948 1478
2156 2 2 1 3 173 847 174
2157 2 2 1 3 888 1924 314
2158 2 2 1 3 1019 1033 1018
2159 2 2 1 3 1966 2171 1965
2160 2 2 1 3 1681 2047 1947
2161 2 2 1 3 1425 2139 1279
2162 2 2 1 3 838 1935 1934
2163 2 2 1 3 2368 2377 1258
2164 2 2 1 3 1747 1843 1746
2165 2 2 1 3 1014 1940 1010
2166 2 2 1 3 2099 2197 1429
2167 2 2 1 3 915 916 914
2168 2 2 1 3 315 888 314
2169 2 2 1 3 1181 2053 1969
2170 2 2 1 3 1234 2139 1760
2171 2 2 1 3 1353 2011 1546
2172 2 2 1 3 2221 2280 1268
2173 2 2 1 3 2087 2111 2088
2174 2 2 1 3 311 1957 849
2175 2 2 1 3 1419 1463 1410
2176 2 2 1 3 887 1982 1981
2177 2 2 1 3 2101 2197 2099
2178 2 2 1 3 1972 1978 1973
2179 2 2 1 3 1116 1978 1972
2180 2 2 1 3 1110 1112 1088
2181 2 2 1 3 2164 2326 1421
2182 2 2 1 3 1062 1916 1046
2183 2 2 1 3 1495 2166 2143
2184 2 2 1 3 1749 1968 1747
2185 2 2 1 3 138 862 139
2186 2 2 1 3 1104 2096 2095
2187 2 2 1 3 962 2014 1586
2188 2 2 1 3 917 918 916
2189 2 2 1 3 1565 1912 1564
2190 2 2 1 3 929 1979 1585
2191 2 2 1 3 175 864 176
2192 2 2 1 3 1463 1930 1410
2193 2 2 1 3 1469 2120 1540
2194 2 2 1 3 836 2111 2087
2195 2 2 1 3 838 1934 178
2196 2 2 1 3 1684 2012 2011
2197 2 2 1 3 1097 2053 1127
2198 2 2 1 3 2043 2338 2080
2199 2 2 1 3 947 1960 923
2200 2 2 1 3 139 892 140
2201 2 2 1 3 2139 2301 1760
2202 2 2 1 3 184 1967 865
2203 2 2 1 3 1495 2143 2115
2204 2 2 1 3 1845 1868 1844
2205 2 2 1 3 2110 2112 2111
2206 2 2 1 3 2390 2453 1512
2207 2 2 1 3 2117 2119 1539
2208 2 2 1 3 1116 1972 938
2209 2 2 1 3 1224 1294 1222
2210 2 2 1 3 1688 1966 1965
2211 2 2 1 3 2072 2164 1613
2212 2 2 1 3 1601 1736 1565
2213 2 2 1 3 901 980 899
2214 2 2 1 3 1515 2465 2403
2215 2 2 1 3 1544 1569 1568
2216 2 2 1 3 866 1958 1957
2217 2 2 1 3 1592 2317 1407
2218 2 2 1 3 2063 2139 1425
2219 2 2 1 3 1231 2032 2030
2220 2 2 1 3 1371 1373 1372
2221 2 2 1 3 2203 2345 1616
2222 2 2 1 3 1221 2013 1219
2223 2 2 1 3 1936 2013 1305
2224 2 2 1 3 960 1929 954
2225 2 2 1 3 1543 1896 1819
2226 2 2 1 3 1546 2011 1798
2227 2 2 1 3 927 948 947
2228 2 2 1 3 1207 1984 1162
2229 2 2 1 3 1916 1917 1046
2230 2 2 1 3 1908 2368 2357
2231 2 2 1 3 1599 2150 2046
2232 2 2 1 3 1393 1963 1371
2233 2 2 1 3 177 838 178
2234 2 2 1 3 2294 2298 1966
2235 2 2 1 3 2106 2141 1760
2236 2 2 1 3 1044 1046 1034
2237 2 2 1 3 1181 1969 1232
2238 2 2 1 3 1732 1746 1488
2239 2 2 1 3 1349 1986 1120
2240 2 2 1 3 2069 2193 2181
2241 2 2 1 3 927 947 923
2242 2 2 1 3 2047 2190 1947
2243 2 2 1 3 960 1949 1929
2244 2 2 1 3 1197 1987 1187
2245 2 2 1 3 1569 1754 1576
2246 2 2 1 3 1480 1551 1479
2247 2 2 1 3 2111 2112 2088
2248 2 2 1 3 1104 2095 2094
2249 2 2 1 3 1843 1911 1746
2250 2 2 1 3 1348 1971 1306
2251 2 2 1 3 948 951 950
2252 2 2 1 3 1804 1820 1805
2253 2 2 1 3 1012 1014 1010
2254 2 2 1 3 1010 1940 1008
2255 2 2 1 3 1899 2009 1575
2256 2 2 1 3 887 1981 262
2257 2 2 1 3 1754 1804 1755
2258 2 2 1 3 954 1929 1074
2259 2 2 1 3 2120 2121 1540
2260 2 2 1 3 1008 1413 1006
2261 2 2 1 3 1994 1995 839
2262 2 2 1 3 1366 1641 1368
2263 2 2 1 3 1370 1394 1393
2264 2 2 1 3 1641 1955 1368
2265 2 2 1 3 849 1985 310
2266 2 2 1 3 1945 2303 1943
2267 2 2 1 3 2119 2120 1539
2268 2 2 1 3 1551 1845 1844
2269 2 2 1 3 2181 2193 1102
2270 2 2 1 3 913 2037 915
2271 2 2 1 3 1104 2101 2096
2272 2 2 1 3 1373 1375 1374
2273 2 2 1 3 2114 2252 2115
2274 2 2 1 3 179 863 180
2275 2 2 1 3 1564 1912 1810
2276 2 2 1 3 918 1189 916
2277 2 2 1 3 1113 2275 1231
2278 2 2 1 3 174 1919 175
2279 2 2 1 3 983 2034 1026
2280 2 2 1 3 1312 2257 1599
2281 2 2 1 3 1001 1020 978
2282 2 2 1 3 2150 2251 2046
2283 2 2 1 3 1473 1553 1552
2284 2 2 1 3 1351 2177 2176
2285 2 2 1 3 1401 1410 1409
2286 2 2 1 3 1539 2120 1469
2287 2 2 1 3 1091 2000 1119
2288 2 2 1 3 1382 1385 1384
2289 2 2 1 3 1464 1565 1564
2290 2 2 1 3 934 1979 931
2291 2 2 1 3 1537 1684 1459
2292 2 2 1 3 1732 1747 1746
2293 2 2 1 3 1577 1993 1185
2294 2 2 1 3 1989 2160 1502
2295 2 2 1 3 1231 2275 2010
2296 2 2 1 3 941 2002 1116
2297 2 2 1 3 1458 1479 1348
2298 2 2 1 3 1613 2134 2072
2299 2 2 1 3 913 915 914
2300 2 2 1 3 915 917 916
2301 2 2 1 3 1458 1480 1479
2302 2 2 1 3 1120 1986 1118
2303 2 2 1 3 1539 2135 2117
2304 2 2 1 3 863 1980 180
2305 2 2 1 3 954 1074 950
2306 2 2 1 3 2096 2101 2099
2307 2 2 1 3 951 955 954
2308 2 2 1 3 866 1957 312
2309 2 2 1 3 1090 2000 1091
2310 2 2 1 3 1375 1377 1376
2311 2 2 1 3 313 866 312
2312 2 2 1 3 913 914 911
2313 2 2 1 3 1969 1970 1646
2314 2 2 1 3 2069 2180 1236
2315 2 2 1 3 1351 2290 2250
2316 2 2 1 3 1231 2030 1072
2317 2 2 1 3 991 2094 993
2318 2 2 1 3 1023 2034 983
2319 2 2 1 3 1394 1401 1400
2320 2 2 1 3 2011 2012 1798
2321 2 2 1 3 955 961 960
2322 2 2 1 3 2026 2206 2077
2323 2 2 1 3 2107 2141 2106
2324 2 2 1 3 961 979 978
2325 2 2 1 3 1162 1984 1125
2326 2 2 1 3 1306 1971 1363
2327 2 2 1 3 1551 1844 1581
2328 2 2 1 3 2115 2252 1495
2329 2 2 1 3 946 2016 1417
2330 2 2 1 3 263 2001 887
2331 2 2 1 3 1306 1363 1305
2332 2 2 1 3 1438 2234 2051
2333 2 2 1 3 307 1994 839
2334 2 2 1 3 1972 1973 1229
2335 2 2 1 3 2077 2206 2076
2336 2 2 1 3 1433 1646 1514
2337 2 2 1 3 829 1967 183
2338 2 2 1 3 182 829 183
2339 2 2 1 3 1123 2107 1151
2340 2 2 1 3 1309 2056 2055
2341 2 2 1 3 1643 1644 1592
2342 2 2 1 3 2031 2204 2034
2343 2 2 1 3 951 2216 1168
2344 2 2 1 3 2050 2196 2180
2345 2 2 1 3 1201 1999 1282
2346 2 2 1 3 1018 1992 1014
2347 2 2 1 3 1416 2037 1914
2348 2 2 1 3 2070 2134 1310
2349 2 2 1 3 979 1002 1001
2350 2 2 1 3 1012 1015 1014
2351 2 2 1 3 1217 1219 1218
2352 2 2 1 3 1086 2176 1106
2353 2 2 1 3 1915 2376 2362
2354 2 2 1 3 1975 1977 1976
2355 2 2 1 3 1283 2267 1166
2356 2 2 1 3 2148 2340 2310
2357 2 2 1 3 1002 1956 1021
2358 2 2 1 3 1089 1916 1062
2359 2 2 1 3 2330 2353 1013
2360 2 2 1 3 1459 2011 1353
2361 2 2 1 3 2072 2134 2070
2362 2 2 1 3 1232 1969 1433
2363 2 2 1 3 1428 2093 2091
2364 2 2 1 3 1151 2107 1192
2365 2 2 1 3 1699 1792 1791
2366 2 2 1 3 1782 1783 1644
2367 2 2 1 3 1300 2151 1301
2368 2 2 1 3 1219 1307 1218
2369 2 2 1 3 2087 2147 836
2370 2 2 1 3 1236 2193 2069
2371 2 2 1 3 138 1920 862
2372 2 2 1 3 1585 2008 926
2373 2 2 1 3 1914 2037 1993
2374 2 2 1 3 1310 2073 2067
2375 2 2 1 3 1690 2500 2498
2376 2 2 1 3 1104 2094 991
2377 2 2 1 3 1433 1969 1646
2378 2 2 1 3 1300 2079 2047
2379 2 2 1 3 1217 1218 1208
2380 2 2 1 3 1684 2011 1459
2381 2 2 1 3 1908 1913 1907
2382 2 2 1 3 2067 2070 1310
2383 2 2 1 3 1646 1671 1514
2384 2 2 1 3 1649 1908 1907
2385 2 2 1 3 1419 1464 1463
2386 2 2 1 3 1733 1735 1734
2387 2 2 1 3 1623 2033 2032
2388 2 2 1 3 178 1934 179
2389 2 2 1 3 1353 1546 1352
2390 2 2 1 3 1546 1733 1583
2391 2 2 1 3 1973 1975 1974
2392 2 2 1 3 314 1924 313
2393 2 2 1 3 953 2016 946
2394 2 2 1 3 915 2037 1416
2395 2 2 1 3 1307 1584 1362
2396 2 2 1 3 2180 2196 1236
2397 2 2 1 3 1015 1019 1018
2398 2 2 1 3 1050 2138 1052
2399 2 2 1 3 2051 2234 1611
2400 2 2 1 3 1578 1579 1577
2401 2 2 1 3 261 1981 891
2402 2 2 1 3 1282 1999 1357
2403 2 2 1 3 907 1115 905
2404 2 2 1 3 1351 2176 1086
2405 2 2 1 3 936 1972 1229
2406 2 2 1 3 1730 1930 1463
2407 2 2 1 3 2054 2267 1283
2408 2 2 1 3 1293 1305 1221
2409 2 2 1 3 1223 1352 1197
2410 2 2 1 3 2143 2298 1589
2411 2 2 1 3 1649 1907 1579
2412 2 2 1 3 1203 1208 1207
2413 2 2 1 3 1020 2444 1950
2414 2 2 1 3 1126 2020 1314
2415 2 2 1 3 1357 1999 1602
2416 2 2 1 3 1293 1306 1305
2417 2 2 1 3 261 891 260
2418 2 2 1 3 1602 1773 1772
2419 2 2 1 3 1043 2055 1028
2420 2 2 1 3 1028 2055 1588
2421 2 2 1 3 2091 2092 1428
2422 2 2 1 3 1207 2316 1984
2423 2 2 1 3 982 2014 962
2424 2 2 1 3 1746 1923 1488
2425 2 2 1 3 1091 1118 1117
2426 2 2 1 3 1118 1986 1121
2427 2 2 1 3 1607 2015 1761
2428 2 2 1 3 2021 2027 1502
2429 2 2 1 3 1059 1060 1058
2430 2 2 1 3 1068 1069 1060
2431 2 2 1 3 1343 2135 1455
2432 2 2 1 3 936 1229 934
2433 2 2 1 3 1678 2041 1524
2434 2 2 1 3 830 2035 302
2435 2 2 1 3 1580 1649 1579
2436 2 2 1 3 1521 2036 1678
2437 2 2 1 3 1061 1087 1062
2438 2 2 1 3 2250 2290 1628
2439 2 2 1 3 1072 2030 1047
2440 2 2 1 3 1220 1221 1219
2441 2 2 1 3 1502 2160 1320
2442 2 2 1 3 1019 1034 1033
2443 2 2 1 3 1057 1058 1056
2444 2 2 1 3 1546 1583 1352
2445 2 2 1 3 941 1116 938
2446 2 2 1 3 1801 2308 1624
2447 2 2 1 3 2080 2338 1003
2448 2 2 1 3 309 1985 867
2449 2 2 1 3 1090 1091 1069
2450 2 2 1 3 1119 1120 1118
2451 2 2 1 3 1938 2272 2000
2452 2 2 1 3 1375 2337 1377
2453 2 2 1 3 1733 1734 1583
2454 2 2 1 3 1125 1984 1349
2455 2 2 1 3 1044 1061 1046
2456 2 2 1 3 1357 1602 1510
2457 2 2 1 3 1788 1790 1679
2458 2 2 1 3 1551 1581 1479
2459 2 2 1 3 2003 2004 1939
2460 2 2 1 3 949 2002 941
2461 2 2 1 3 1532 1592 1407
2462 2 2 1 3 948 2216 951
2463 2 2 1 3 1216 1217 1208
2464 2 2 1 3 2096 2097 2095
2465 2 2 1 3 1735 1905 1904
2466 2 2 1 3 1993 2037 922
2467 2 2 1 3 1599 2257 2150
2468 2 2 1 3 1125 1349 1120
2469 2 2 1 3 1999 2247 1602
2470 2 2 1 3 1203 1207 1162
2471 2 2 1 3 1377 1379 1378
2472 2 2 1 3 2020 2221 2015
2473 2 2 1 3 938 1972 936
2474 2 2 1 3 1270 1577 1185
2475 2 2 1 3 1735 1904 1734
2476 2 2 1 3 1161 1162 1125
2477 2 2 1 3 1314 2020 1506
2478 2 2 1 3 1506 2020 2015
2479 2 2 1 3 1124 1125 1120
2480 2 2 1 3 1580 2108 1649
2481 2 2 1 3 1347 1348 1306
2482 2 2 1 3 2029 2034 1023
2483 2 2 1 3 919 920 918
2484 2 2 1 3 311 849 310
2485 2 2 1 3 2103 2191 2050
2486 2 2 1 3 1202 1203 1162
2487 2 2 1 3 927 2008 1415
2488 2 2 1 3 1761 1765 1665
2489 2 2 1 3 867 1994 308
2490 2 2 1 3 1921 2312 1920
2491 2 2 1 3 1223 1353 1352
2492 2 2 1 3 1973 1974 1229
2493 2 2 1 3 1025 2029 1023
2494 2 2 1 3 993 2094 1428
2495 2 2 1 3 1123 2141 2107
2496 2 2 1 3 1219 2013 1307
2497 2 2 1 3 1753 2017 1612
2498 2 2 1 3 1735 1906 1905
2499 2 2 1 3 2065 2073 1596
2500 2 2 1 3 2121 2122 1540
2501 2 2 1 3 1237 2138 1050
2502 2 2 1 3 2057 2220 1588
2503 2 2 1 3 1966 2298 1274
2504 2 2 1 3 1319 2021 1502
2505 2 2 1 3 1455 2135 1539
2506 2 2 1 3 1047 2029 1025
2507 2 2 1 3 2030 2031 2029
2508 2 2 1 3 860 2001 264
2509 2 2 1 3 1761 1918 1765
2510 2 2 1 3 1118 1121 1117
2511 2 2 1 3 1270 1578 1577
2512 2 2 1 3 2051 2291 2052
2513 2 2 1 3 2067 2073 2065
2514 2 2 1 3 1047 2030 2029
2515 2 2 1 3 1091 1119 1118
2516 2 2 1 3 2047 2151 1300
2517 2 2 1 3 184 865 185
2518 2 2 1 3 268 2081 856
2519 2 2 1 3 1169 1171 1152
2520 2 2 1 3 870 2075 2074
2521 2 2 1 3 1430 2000 1090
2522 2 2 1 3 917 919 918
2523 2 2 1 3 309 867 308
2524 2 2 1 3 2055 2056 1588
2525 2 2 1 3 1719 1720 1670
2526 2 2 1 3 1546 1798 1733
2527 2 2 1 3 1053 2092 2089
2528 2 2 1 3 1026 1056 982
2529 2 2 1 3 1607 1761 1665
2530 2 2 1 3 2030 2032 2031
2531 2 2 1 3 1057 1059 1058
2532 2 2 1 3 1026 1057 1056
2533 2 2 1 3 1059 1068 1060
2534 2 2 1 3 1526 2041 1786
2535 2 2 1 3 2056 2057 1588
2536 2 2 1 3 1524 2041 1526
2537 2 2 1 3 1058 1990 1230
2538 2 2 1 3 1185 1993 1080
2539 2 2 1 3 1269 1587 1445
2540 2 2 1 3 263 887 262
2541 2 2 1 3 1975 1976 1974
2542 2 2 1 3 1205 1287 1206
2543 2 2 1 3 2096 2098 2097
2544 2 2 1 3 962 1586 958
2545 2 2 1 3 1604 2015 1607
2546 2 2 1 3 2130 2131 850
2547 2 2 1 3 1157 2155 1245
2548 2 2 1 3 1544 1568 1411
2549 2 2 1 3 942 2133 949
2550 2 2 1 3 1169 1774 1171
2551 2 2 1 3 1091 1117 1069
2552 2 2 1 3 1307 1362 1361
2553 2 2 1 3 1363 1936 1305
2554 2 2 1 3 1607 1665 1650
2555 2 2 1 3 1844 1846 1581
2556 2 2 1 3 1287 1288 1206
2557 2 2 1 3 1099 1309 1078
2558 2 2 1 3 1937 1938 1430
2559 2 2 1 3 1345 2173 1493
2560 2 2 1 3 1506 2015 1604
2561 2 2 1 3 929 1585 926
2562 2 2 1 3 1214 2079 1196
2563 2 2 1 3 1457 1458 1348
2564 2 2 1 3 1578 1580 1579
2565 2 2 1 3 1534 1679 1478
2566 2 2 1 3 312 1957 311
2567 2 2 1 3 1602 1772 1510
2568 2 2 1 3 1287 1342 1288
2569 2 2 1 3 1113 1231 1072
2570 2 2 1 3 1060 1990 1058
2571 2 2 1 3 1452 1673 1453
2572 2 2 1 3 1668 1670 1669
2573 2 2 1 3 1662 2270 1254
2574 2 2 1 3 1371 1372 1369
2575 2 2 1 3 872 2083 2082
2576 2 2 1 3 1187 1283 1166
2577 2 2 1 3 1675 1759 1673
2578 2 2 1 3 1040 2199 2186
2579 2 2 1 3 1599 2046 2042
2580 2 2 1 3 1612 2295 1350
2581 2 2 1 3 2186 2199 2156
2582 2 2 1 3 1352 1987 1197
2583 2 2 1 3 1078 2055 1043
2584 2 2 1 3 1215 2105 1494
2585 2 2 1 3 1365 1567 1137
2586 2 2 1 3 1307 2013 1584
2587 2 2 1 3 2048 2065 1596
2588 2 2 1 3 1205 1206 1158
2589 2 2 1 3 862 894 893
2590 2 2 1 3 1938 2000 1430
2591 2 2 1 3 1342 1343 1288
2592 2 2 1 3 307 839 306
2593 2 2 1 3 865 2038 185
2594 2 2 1 3 1068 1090 1069
2595 2 2 1 3 1799 2194 2122
2596 2 2 1 3 1680 1779 1651
2597 2 2 1 3 1052 2138 1081
2598 2 2 1 3 1487 1488 1480
2599 2 2 1 3 2089 2092 2091
2600 2 2 1 3 1048 1072 1047
2601 2 2 1 3 1969 2053 1970
2602 2 2 1 3 2122 2194 1540
2603 2 2 1 3 1522 1651 1520
2604 2 2 1 3 1362 2183 1554
2605 2 2 1 3 1058 1230 1056
2606 2 2 1 3 1351 2250 2177
2607 2 2 1 3 265 860 264
2608 2 2 1 3 1036 2129 1037
2609 2 2 1 3 927 1415 948
2610 2 2 1 3 183 1967 184
2611 2 2 1 3 2191 2196 2050
2612 2 2 1 3 1668 1669 1573
2613 2 2 1 3 870 2074 275
2614 2 2 1 3 1073 1113 1072
2615 2 2 1 3 950 1959 947
2616 2 2 1 3 1452 1675 1673
2617 2 2 1 3 1492 1571 1570
2618 2 2 1 3 2076 2206 1226
2619 2 2 1 3 922 2037 913
2620 2 2 1 3 1528 2058 1683
2621 2 2 1 3 1554 2183 1848
2622 2 2 1 3 1327 1520 1328
2623 2 2 1 3 1164 1182 1173
2624 2 2 1 3 1114 1158 1113
2625 2 2 1 3 180 1980 181
2626 2 2 1 3 1080 1993 922
2627 2 2 1 3 1195 2105 1215
2628 2 2 1 3 1342 2135 1343
2629 2 2 1 3 958 2016 953
2630 2 2 1 3 836 2147 281
2631 2 2 1 3 1604 1607 1606
2632 2 2 1 3 1159 1205 1158
2633 2 2 1 3 1130 2076 1226
2634 2 2 1 3 1944 1946 1942
2635 2 2 1 3 1452 2160 1675
2636 2 2 1 3 310 1985 309
2637 2 2 1 3 301 2035 869
2638 2 2 1 3 1319 1502 1320
2639 2 2 1 3 2117 2135 1590
2640 2 2 1 3 1039 1047 1025
2641 2 2 1 3 305 868 304
2642 2 2 1 3 1761 2221 1918
2643 2 2 1 3 1312 1599 1437
2644 2 2 1 3 271 2130 850
2645 2 2 1 3 1214 2190 2079
2646 2 2 1 3 1292 1293 1221
2647 2 2 1 3 1327 1522 1520
2648 2 2 1 3 1635 2148 1439
2649 2 2 1 3 1572 1573 1571
2650 2 2 1 3 1087 1110 1088
2651 2 2 1 3 1133 1164 1134
2652 2 2 1 3 1624 2212 1414
2653 2 2 1 3 2099 2100 2098
2654 2 2 1 3 840 2078 277
2655 2 2 1 3 1217 1220 1219
2656 2 2 1 3 1596 2129 2048
2657 2 2 1 3 858 2462 2426
2658 2 2 1 3 1675 2160 1989
2659 2 2 1 3 987 2197 2101
2660 2 2 1 3 2109 2111 836
2661 2 2 1 3 262 1981 261
2662 2 2 1 3 1358 1590 1342
2663 2 2 1 3 2084 2085 2083
2664 2 2 1 3 1143 2149 1311
2665 2 2 1 3 1081 2114 2113
2666 2 2 1 3 2116 2118 2117
2667 2 2 1 3 1330 1452 1451
2668 2 2 1 3 1526 1786 1785
2669 2 2 1 3 1586 2016 958
2670 2 2 1 3 1455 1456 1345
2671 2 2 1 3 1233 2113 1597
2672 2 2 1 3 2024 2028 2027
2673 2 2 1 3 1522 1680 1651
2674 2 2 1 3 872 2147 2084
2675 2 2 1 3 1470 1492 1491
2676 2 2 1 3 2089 2090 1138
2677 2 2 1 3 2042 2043 1509
2678 2 2 1 3 1196 2079 1210
2679 2 2 1 3 872 2082 279
2680 2 2 1 3 2126 2128 831
2681 2 2 1 3 303 830 302
2682 2 2 1 3 1455 1469 1456
2683 2 2 1 3 2105 2106 1494
2684 2 2 1 3 1742 1892 1719
2685 2 2 1 3 1571 1574 1570
2686 2 2 1 3 1210 2079 1300
2687 2 2 1 3 1203 1216 1208
2688 2 2 1 3 1718 1719 1670
2689 2 2 1 3 1119 1124 1120
2690 2 2 1 3 1438 2051 1635
2691 2 2 1 3 1060 2198 1990
2692 2 2 1 3 2116 2117 1590
2693 2 2 1 3 1215 1334 1214
2694 2 2 1 3 264 2001 263
2695 2 2 1 3 2084 2147 2087
2696 2 2 1 3 1148 2168 1212
2697 2 2 1 3 1752 1753 1612
2698 2 2 1 3 2121 2123 2122
2699 2 2 1 3 1343 1455 1345
2700 2 2 1 3 997 2092 1053
2701 2 2 1 3 1117 2198 1069
2702 2 2 1 3 1309 2055 1078
2703 2 2 1 3 2051 2052 1635
2704 2 2 1 3 1591 2116 1590
2705 2 2 1 3 1521 1678 1524
2706 2 2 1 3 1738 1803 1591
2707 2 2 1 3 1520 2036 1521
2708 2 2 1 3 301 869 300
2709 2 2 1 3 1803 2116 1591
2710 2 2 1 3 1469 1470 1456
2711 2 2 1 3 1081 2138 2114
2712 2 2 1 3 1301 1327 1304
2713 2 2 1 3 1667 1668 1573
2714 2 2 1 3 1673 1674 1453
2715 2 2 1 3 1195 1215 1214
2716 2 2 1 3 1674 1883 1696
2717 2 2 1 3 268 856 267
2718 2 2 1 3 1675 1884 1759
2719 2 2 1 3 944 2133 942
2720 2 2 1 3 1428 2094 2093
2721 2 2 1 3 871 2110 2109
2722 2 2 1 3 1485 1612 1350
2723 2 2 1 3 1599 2042 1437
2724 2 2 1 3 1343 1345 1344
2725 2 2 1 3 1106 2176 1269
2726 2 2 1 3 1301 2151 1327
2727 2 2 1 3 1489 2021 1319
2728 2 2 1 3 1000 2103 1017
2729 2 2 1 3 872 2084 2083
2730 2 2 1 3 308 1994 307
2731 2 2 1 3 1124 1161 1125
2732 2 2 1 3 873 2127 2126
2733 2 2 1 3 1437 2042 1509
2734 2 2 1 3 1066 2089 1138
2735 2 2 1 3 1242 2073 1310
2736 2 2 1 3 282 2109 836
2737 2 2 1 3 1867 2230 1702
2738 2 2 1 3 1498 2103 2050
2739 2 2 1 3 1704 1867 1702
2740 2 2 1 3 1114 1159 1158
2741 2 2 1 3 1037 2129 1049
2742 2 2 1 3 1683 1933 1932
2743 2 2 1 3 2024 2027 2021
2744 2 2 1 3 1530 2058 1528
2745 2 2 1 3 1092 1430 1090
2746 2 2 1 3 1335 1528 1334
2747 2 2 1 3 1108 2113 1233
2748 2 2 1 3 946 1417 944
2749 2 2 1 3 1417 2133 944
2750 2 2 1 3 1492 1570 1491
2751 2 2 1 3 1290 2234 1438
2752 2 2 1 3 1192 2107 2105
2753 2 2 1 3 1161 1202 1162
2754 2 2 1 3 1215 1335 1334
2755 2 2 1 3 2127 2128 2126
2756 2 2 1 3 959 962 958
2757 2 2 1 3 2118 2119 2117
2758 2 2 1 3 1073 1114 1113
2759 2 2 1 3 921 923 920
2760 2 2 1 3 2022 2024 2021
2761 2 2 1 3 1528 1683 1529
2762 2 2 1 3 963 982 962
2763 2 2 1 3 2096 2099 2098
2764 2 2 1 3 1311 2136 1141
2765 2 2 1 3 983 1026 982
2766 2 2 1 3 2057 2246 2220
2767 2 2 1 3 1240 2073 1242
2768 2 2 1 3 1873 1874 1753
2769 2 2 1 3 2048 2129 1036
2770 2 2 1 3 298 825 297
2771 2 2 1 3 2084 2086 2085
2772 2 2 1 3 1554 1848 1750
2773 2 2 1 3 2113 2114 1597
2774 2 2 1 3 269 2081 268
2775 2 2 1 3 1100 1152 1099
2776 2 2 1 3 1079 1099 1078
2777 2 2 1 3 2110 2111 2109
2778 2 2 1 3 1709 2282 1695
2779 2 2 1 3 1153 1169 1152
2780 2 2 1 3 1195 1214 1196
2781 2 2 1 3 2176 2177 1587
2782 2 2 1 3 1277 1319 1278
2783 2 2 1 3 1666 2108 1580
2784 2 2 1 3 1492 1572 1571
2785 2 2 1 3 2094 2095 2093
2786 2 2 1 3 1319 1320 1278
2787 2 2 1 3 894 895 893
2788 2 2 1 3 924 2008 927
2789 2 2 1 3 1335 1530 1528
2790 2 2 1 3 1048 1073 1072
2791 2 2 1 3 2115 2142 1597
2792 2 2 1 3 1452 1453 1451
2793 2 2 1 3 1607 1650 1606
2794 2 2 1 3 287 2126 831
2795 2 2 1 3 1379 1381 1380
2796 2 2 1 3 1358 1591 1590
2797 2 2 1 3 1578 2208 1595
2798 2 2 1 3 1287 1358 1342
2799 2 2 1 3 1520 1521 1328
2800 2 2 1 3 957 958 953
2801 2 2 1 3 1433 1514 1434
2802 2 2 1 3 1530 2059 2058
2803 2 2 1 3 1277 1489 1319
2804 2 2 1 3 1210 1300 1299
2805 2 2 1 3 274 2074 845
2806 2 2 1 3 1575 1937 1430
2807 2 2 1 3 1273 2134 1613
2808 2 2 1 3 1017 2103 1031
2809 2 2 1 3 1131 2172 1095
2810 2 2 1 3 989 2101 1104
2811 2 2 1 3 1651 2036 1520
2812 2 2 1 3 1141 2136 1139
2813 2 2 1 3 1681 1682 1680
2814 2 2 1 3 937 938 936
2815 2 2 1 3 1084 1246 1103
2816 2 2 1 3 939 941 938
2817 2 2 1 3 1270 2208 1578
2818 2 2 1 3 942 949 941
2819 2 2 1 3 935 936 934
2820 2 2 1 3 2114 2115 1597
2821 2 2 1 3 1786 1787 1785
2822 2 2 1 3 1192 2105 1195
2823 2 2 1 3 302 2035 301
2824 2 2 1 3 1337 1531 1336
2825 2 2 1 3 924 927 923
2826 2 2 1 3 1286 2240 1642
2827 2 2 1 3 2031 2034 2029
2828 2 2 1 3 276 2078 870
2829 2 2 1 3 1066 1138 1075
2830 2 2 1 3 1469 1540 1470
2831 2 2 1 3 272 2130 271
2832 2 2 1 3 1233 1234 1146
2833 2 2 1 3 1103 2076 1130
2834 2 2 1 3 1053 2089 1066
2835 2 2 1 3 2043 2080 2045
2836 2 2 1 3 1108 1233 1146
2837 2 2 1 3 1426 2198 1117
2838 2 2 1 3 2115 2143 2142
2839 2 2 1 3 1256 1662 1254
2840 2 2 1 3 271 850 270
2841 2 2 1 3 1422 1423 1279
2842 2 2 1 3 274 845 273
2843 2 2 1 3 1913 2357 919
2844 2 2 1 3 1498 2049 2048
2845 2 2 1 3 1244 2134 1273
2846 2 2 1 3 1031 2103 1498
2847 2 2 1 3 1724 1766 1725
2848 2 2 1 3 1327 1328 1304
2849 2 2 1 3 1235 1422 1279
2850 2 2 1 3 1422 1424 1423
2851 2 2 1 3 2138 2252 2114
2852 2 2 1 3 278 2082 840
2853 2 2 1 3 1596 2073 1240
2854 2 2 1 3 2153 2154 852
2855 2 2 1 3 1470 1491 1456
2856 2 2 1 3 1438 1635 1439
2857 2 2 1 3 1039 1048 1047
2858 2 2 1 3 1343 1344 1288
2859 2 2 1 3 1498 2050 2049
2860 2 2 1 3 1424 1516 1423
2861 2 2 1 3 1226 1227 1176
2862 2 2 1 3 1246 2077 2076
2863 2 2 1 3 963 983 982
2864 2 2 1 3 295 851 294
2865 2 2 1 3 2208 2263 1595
2866 2 2 1 3 1489 2022 2021
2867 2 2 1 3 1528 1529 1334
2868 2 2 1 3 276 870 275
2869 2 2 1 3 1238 1240 1239
2870 2 2 1 3 2049 2066 2065
2871 2 2 1 3 1130 1226 1176
2872 2 2 1 3 1233 1235 1234
2873 2 2 1 3 1235 1279 1234
2874 2 2 1 3 1439 2148 1484
2875 2 2 1 3 1084 1103 1101
2876 2 2 1 3 1192 1195 1193
2877 2 2 1 3 1246 2076 1103
2878 2 2 1 3 1660 2256 1657
2879 2 2 1 3 1400 2328 1393
2880 2 2 1 3 2060 2061 2059
2881 2 2 1 3 1683 1932 1529
2882 2 2 1 3 1345 1493 1344
2883 2 2 1 3 1108 1146 1109
2884 2 2 1 3 1031 1498 1036
2885 2 2 1 3 1590 2135 1342
2886 2 2 1 3 1494 2195 1335
2887 2 2 1 3 1424 1517 1516
2888 2 2 1 3 827 2146 291
2889 2 2 1 3 1492 2194 1572
2890 2 2 1 3 2066 2068 2067
2891 2 2 1 3 1240 1242 1241
2892 2 2 1 3 278 840 277
2893 2 2 1 3 871 2109 283
2894 2 2 1 3 993 1428 995
2895 2 2 1 3 1016 2170 999
2896 2 2 1 3 1075 1084 1083
2897 2 2 1 3 2062 2064 2061
2898 2 2 1 3 1049 1238 1237
2899 2 2 1 3 2053 2334 1970
2900 2 2 1 3 1517 1686 1516
2901 2 2 1 3 959 963 962
2902 2 2 1 3 1242 1244 1243
2903 2 2 1 3 1053 1066 1054
2904 2 2 1 3 2066 2069 2068
2905 2 2 1 3 1199 2155 1157
2906 2 2 1 3 1229 1979 934
2907 2 2 1 3 1066 1075 1067
2908 2 2 1 3 280 872 279
2909 2 2 1 3 1310 2134 1244
2910 2 2 1 3 1065 1078 1043
2911 2 2 1 3 1226 2167 1227
2912 2 2 1 3 1082 2113 1108
2913 2 2 1 3 1245 2104 1155
2914 2 2 1 3 1277 2167 1489
2915 2 2 1 3 1498 2048 1036
2916 2 2 1 3 1441 2266 1638
2917 2 2 1 3 1151 1192 1191
2918 2 2 1 3 1290 1438 1360
2919 2 2 1 3 2050 2180 2049
2920 2 2 1 3 1145 2149 1143
2921 2 2 1 3 1489 2167 2023
2922 2 2 1 3 1227 1277 1276
2923 2 2 1 3 2142 2143 1589
2924 2 2 1 3 1179 1247 1098
2925 2 2 1 3 2049 2065 2048
2926 2 2 1 3 955 2201 961
2927 2 2 1 3 1484 1724 1722
2928 2 2 1 3 1238 1239 1237
2929 2 2 1 3 1244 1273 1272
2930 2 2 1 3 1028 1588 986
2931 2 2 1 3 1238 1596 1240
2932 2 2 1 3 282 836 281
2933 2 2 1 3 873 2126 288
2934 2 2 1 3 987 2101 989
2935 2 2 1 3 1583 1987 1352
2936 2 2 1 3 135 824 136
2937 2 2 1 3 1242 1310 1244
2938 2 2 1 3 1240 1241 1239
2939 2 2 1 3 1668 1718 1670
2940 2 2 1 3 1517 1687 1686
2941 2 2 1 3 1205 2267 2264
2942 2 2 1 3 284 871 283
2943 2 2 1 3 1259 2172 1131
2944 2 2 1 3 1157 1245 1155
2945 2 2 1 3 1273 1427 1326
2946 2 2 1 3 2068 2071 2070
2947 2 2 1 3 1588 2220 986
2948 2 2 1 3 1484 2148 1724
2949 2 2 1 3 1081 2113 1082
2950 2 2 1 3 1427 2140 1449
2951 2 2 1 3 2089 2091 2090
2952 2 2 1 3 1300 1301 1299
2953 2 2 1 3 1082 1108 1094
2954 2 2 1 3 2066 2067 2065
2955 2 2 1 3 997 1053 1004
2956 2 2 1 3 1110 1133 1112
2957 2 2 1 3 275 2074 274
2958 2 2 1 3 1242 1243 1241
2959 2 2 1 3 1307 1361 1218
2960 2 2 1 3 1320 2160 1330
2961 2 2 1 3 1455 1539 1469
2962 2 2 1 3 1323 1511 1322
2963 2 2 1 3 1215 1494 1335
2964 2 2 1 3 1547 1624 1414
2965 2 2 1 3 1572 2194 1799
2966 2 2 1 3 287 831 286
2967 2 2 1 3 1244 1272 1243
2968 2 2 1 3 1264 1764 1259
2969 2 2 1 3 989 1104 991
2970 2 2 1 3 1501 2156 1262
2971 2 2 1 3 1423 2145 1425
2972 2 2 1 3 933 934 931
2973 2 2 1 3 926 2008 924
2974 2 2 1 3 1262 2156 1249
2975 2 2 1 3 1708 1709 1695
2976 2 2 1 3 2069 2181 2068
2977 2 2 1 3 289 873 288
2978 2 2 1 3 291 2146 290
2979 2 2 1 3 277 2078 276
2980 2 2 1 3 1143 1311 1141
2981 2 2 1 3 1286 1642 1444
2982 2 2 1 3 1232 1433 1432
2983 2 2 1 3 1273 1326 1272
2984 2 2 1 3 1422 2142 1589
2985 2 2 1 3 2066 2180 2069
2986 2 2 1 3 1139 2170 1016
2987 2 2 1 3 2087 2088 2086
2988 2 2 1 3 1572 1667 1573
2989 2 2 1 3 1508 2144 1652
2990 2 2 1 3 1297 1336 1199
2991 2 2 1 3 939 942 941
2992 2 2 1 3 185 2038 186
2993 2 2 1 3 2068 2070 2067
2994 2 2 1 3 1212 2149 1145
2995 2 2 1 3 1195 1196 1193
2996 2 2 1 3 1233 1597 1235
2997 2 2 1 3 292 827 291
2998 2 2 1 3 2034 2204 1026
2999 2 2 1 3 279 2082 278
3000 2 2 1 3 1613 2140 1427
3001 2 2 1 3 1597 2142 1235
3002 2 2 1 3 1052 1081 1071
3003 2 2 1 3 1273 1613 1427
3004 2 2 1 3 1686 1697 1516
3005 2 2 1 3 1688 1689 1687
3006 2 2 1 3 937 939 938
3007 2 2 1 3 2136 2170 1139
3008 2 2 1 3 283 2109 282
3009 2 2 1 3 1440 2361 2347
3010 2 2 1 3 1501 2157 2156
3011 2 2 1 3 1422 1589 1424
3012 2 2 1 3 1428 2092 995
3013 2 2 1 3 968 2236 1248
3014 2 2 1 3 1320 1330 1329
3015 2 2 1 3 1103 1130 1129
3016 2 2 1 3 1312 1437 1321
3017 2 2 1 3 2167 2206 2023
3018 2 2 1 3 1427 1449 1448
3019 2 2 1 3 1336 2155 1199
3020 2 2 1 3 957 959 958
3021 2 2 1 3 1437 1509 1508
3022 2 2 1 3 1057 1420 1059
3023 2 2 1 3 1096 2257 1312
3024 2 2 1 3 288 2126 287
3025 2 2 1 3 1816 2125 1667
3026 2 2 1 3 2161 2163 1639
3027 2 2 1 3 1235 2142 1422
3028 2 2 1 3 1049 1237 1050
3029 2 2 1 3 2071 2072 2070
3030 2 2 1 3 1053 1054 1004
3031 2 2 1 3 1148 1212 1145
3032 2 2 1 3 2060 2062 2061
3033 2 2 1 3 1449 2162 2161
3034 2 2 1 3 132 2153 852
3035 2 2 1 3 1800 1801 1624
3036 2 2 1 3 1659 1660 1657
3037 2 2 1 3 1330 2160 1452
3038 2 2 1 3 1427 1448 1326
3039 2 2 1 3 935 937 936
3040 2 2 1 3 2015 2221 1761
3041 2 2 1 3 1178 2168 1148
3042 2 2 1 3 1031 1036 1032
3043 2 2 1 3 1569 1576 1568
3044 2 2 1 3 1441 1638 1443
3045 2 2 1 3 1423 1425 1279
3046 2 2 1 3 1652 2401 2352
3047 2 2 1 3 2043 2045 2044
3048 2 2 1 3 1445 1647 1527
3049 2 2 1 3 280 2147 872
3050 2 2 1 3 1530 2060 2059
3051 2 2 1 3 1084 1101 1083
3052 2 2 1 3 1186 1270 1185
3053 2 2 1 3 1108 1109 1094
3054 2 2 1 3 1066 1067 1054
3055 2 2 1 3 1517 1688 1687
3056 2 2 1 3 2023 2025 2022
3057 2 2 1 3 1234 1760 1146
3058 2 2 1 3 1522 1681 1680
3059 2 2 1 3 1201 2307 1999
3060 2 2 1 3 1075 1083 1067
3061 2 2 1 3 1109 2141 1123
3062 2 2 1 3 131 2153 132
3063 2 2 1 3 1277 1278 1276
3064 2 2 1 3 1449 2161 1448
3065 2 2 1 3 1126 2280 2020
3066 2 2 1 3 995 2092 997
3067 2 2 1 3 1049 2129 1238
3068 2 2 1 3 1718 1742 1719
3069 2 2 1 3 1096 1312 1132
3070 2 2 1 3 1269 1445 1333
3071 2 2 1 3 281 2147 280
3072 2 2 1 3 1056 2014 982
3073 2 2 1 3 2140 2203 1449
3074 2 2 1 3 1130 1176 1175
3075 2 2 1 3 1540 2194 1470
3076 2 2 1 3 1448 1639 1454
3077 2 2 1 3 1285 1322 1178
3078 2 2 1 3 1227 1276 1275
3079 2 2 1 3 1169 1775 1774
3080 2 2 1 3 1448 2161 1639
3081 2 2 1 3 1037 1049 1041
3082 2 2 1 3 2258 2275 1206
3083 2 2 1 3 1595 1666 1580
3084 2 2 1 3 1092 1575 1430
3085 2 2 1 3 1169 2104 1775
3086 2 2 1 3 132 852 133
3087 2 2 1 3 1681 2151 2047
3088 2 2 1 3 1748 1749 1747
3089 2 2 1 3 1017 1031 1030
3090 2 2 1 3 1625 2253 967
3091 2 2 1 3 1331 1332 1271
3092 2 2 1 3 1420 2227 1059
3093 2 2 1 3 1764 2172 1259
3094 2 2 1 3 1595 2263 1677
3095 2 2 1 3 1548 1795 1549
3096 2 2 1 3 1103 1129 1101
3097 2 2 1 3 1357 1510 1446
3098 2 2 1 3 1373 1374 1372
3099 2 2 1 3 1184 1185 1080
3100 2 2 1 3 1036 1037 1032
3101 2 2 1 3 1227 1275 1176
3102 2 2 1 3 1639 1964 1454
3103 2 2 1 3 1227 2167 1277
3104 2 2 1 3 1291 1503 1267
3105 2 2 1 3 1613 2164 2140
3106 2 2 1 3 1438 1439 1360
3107 2 2 1 3 1724 1725 1722
3108 2 2 1 3 1265 1501 1262
3109 2 2 1 3 1081 1082 1071
3110 2 2 1 3 2023 2206 2026
3111 2 2 1 3 1322 2168 1178
3112 2 2 1 3 1690 1780 1637
3113 2 2 1 3 2104 2223 1775
3114 2 2 1 3 131 2169 2153
3115 2 2 1 3 1448 1454 1326
3116 2 2 1 3 1272 1274 1243
3117 2 2 1 3 997 1004 998
3118 2 2 1 3 1241 1495 1239
3119 2 2 1 3 1000 2191 2103
3120 2 2 1 3 1192 1193 1191
3121 2 2 1 3 1238 2129 1596
3122 2 2 1 3 1293 1347 1306
3123 2 2 1 3 1583 2124 1987
3124 2 2 1 3 1153 2104 1169
3125 2 2 1 3 906 907 905
3126 2 2 1 3 995 997 996
3127 2 2 1 3 1005 1006 1002
3128 2 2 1 3 1456 2173 1345
3129 2 2 1 3 1220 1292 1221
3130 2 2 1 3 2291 2296 2052
3131 2 2 1 3 1503 2159 1267
3132 2 2 1 3 1272 2171 1274
3133 2 2 1 3 1069 2198 1060
3134 2 2 1 3 1253 2165 1251
3135 2 2 1 3 1324 1519 1518
3136 2 2 1 3 904 905 903
3137 2 2 1 3 1269 2176 1587
3138 2 2 1 3 1519 1690 1637
3139 2 2 1 3 1320 1329 1278
3140 2 2 1 3 1079 1100 1099
3141 2 2 1 3 1330 1451 1450
3142 2 2 1 3 130 2169 131
3143 2 2 1 3 1049 1050 1041
3144 2 2 1 3 1100 1153 1152
3145 2 2 1 3 1754 1755 1576
3146 2 2 1 3 1598 1738 1591
3147 2 2 1 3 2105 2107 2106
3148 2 2 1 3 1519 2225 1690
3149 2 2 1 3 2200 2202 1762
3150 2 2 1 3 933 935 934
3151 2 2 1 3 1516 2145 1423
3152 2 2 1 3 1208 2279 1207
3153 2 2 1 3 1691 1692 1618
3154 2 2 1 3 1519 1637 1518
3155 2 2 1 3 1324 1325 1253
3156 2 2 1 3 1324 1518 1325
3157 2 2 1 3 2084 2087 2086
3158 2 2 1 3 1065 1079 1078
3159 2 2 1 3 1031 1032 1030
3160 2 2 1 3 1863 1864 1860
3161 2 2 1 3 1146 2141 1109
3162 2 2 1 3 997 998 996
3163 2 2 1 3 1509 2144 1508
3164 2 2 1 3 1489 2023 2022
3165 2 2 1 3 1325 1421 1253
3166 2 2 1 3 1506 1604 1603
3167 2 2 1 3 1804 1805 1755
3168 2 2 1 3 2049 2180 2066
3169 2 2 1 3 1106 1269 1136
3170 2 2 1 3 1252 1324 1253
3171 2 2 1 3 1130 1175 1129
3172 2 2 1 3 1241 2166 1495
3173 2 2 1 3 1326 2171 1272
3174 2 2 1 3 1006 1956 1002
3175 2 2 1 3 1734 2124 1583
3176 2 2 1 3 1964 1965 1454
3177 2 2 1 3 1470 2194 1492
3178 2 2 1 3 1604 1606 1605
3179 2 2 1 3 2068 2181 2071
3180 2 2 1 3 1354 1459 1353
3181 2 2 1 3 1252 2202 2200
3182 2 2 1 3 1362 1554 1361
3183 2 2 1 3 1421 2165 1253
3184 2 2 1 3 981 1435 1183
3185 2 2 1 3 1518 1616 1325
3186 2 2 1 3 1697 2145 1516
3187 2 2 1 3 874 2175 2174
3188 2 2 1 3 902 903 901
3189 2 2 1 3 1454 2171 1326
3190 2 2 1 3 1076 1351 1086
3191 2 2 1 3 2157 2186 2156
3192 2 2 1 3 1675 1989 1884
3193 2 2 1 3 1068 1092 1090
3194 2 2 1 3 2043 2044 1509
3195 2 2 1 3 977 987 985
3196 2 2 1 3 900 901 899
3197 2 2 1 3 1762 2225 2200
3198 2 2 1 3 2420 2499 2175
3199 2 2 1 3 1314 1506 1505
3200 2 2 1 3 1337 2222 1531
3201 2 2 1 3 1196 1210 1209
3202 2 2 1 3 129 828 130
3203 2 2 1 3 2023 2026 2025
3204 2 2 1 3 1763 2225 1762
3205 2 2 1 3 128 2174 129
3206 2 2 1 3 993 995 994
3207 2 2 1 3 1282 1357 1356
3208 2 2 1 3 127 874 128
3209 2 2 1 3 1324 2200 1519
3210 2 2 1 3 1243 2166 1241
3211 2 2 1 3 1252 1253 1251
3212 2 2 1 3 1332 2208 1271
3213 2 2 1 3 828 2169 130
3214 2 2 1 3 1458 1487 1480
3215 2 2 1 3 1323 2205 1511
3216 2 2 1 3 124 832 125
3217 2 2 1 3 1610 1654 1653
3218 2 2 1 3 2156 2199 1249
3219 2 2 1 3 1637 2178 1518
3220 2 2 1 3 123 2179 124
3221 2 2 1 3 1101 1102 1083
3222 2 2 1 3 1521 1524 1523
3223 2 2 1 3 973 1429 975
3224 2 2 1 3 1184 1186 1185
3225 2 2 1 3 1301 1304 1303
3226 2 2 1 3 1316 1610 1500
3227 2 2 1 3 122 875 123
3228 2 2 1 3 1871 2454 1563
3229 2 2 1 3 1965 2171 1454
3230 2 2 1 3 1175 1252 1251
3231 2 2 1 3 1485 1752 1612
3232 2 2 1 3 1256 1776 1662
3233 2 2 1 3 1501 2158 2157
3234 2 2 1 3 1067 1236 1054
3235 2 2 1 3 1570 1893 1491
3236 2 2 1 3 1186 1271 1270
3237 2 2 1 3 1109 1123 1122
3238 2 2 1 3 1274 2166 1243
3239 2 2 1 3 1275 2202 1176
3240 2 2 1 3 1467 2211 1621
3241 2 2 1 3 1285 1323 1322
3242 2 2 1 3 1276 1338 1275
3243 2 2 1 3 991 993 992
3244 2 2 1 3 1799 1816 1667
3245 2 2 1 3 119 837 120
3246 2 2 1 3 1518 2178 1616
3247 2 2 1 3 898 899 897
3248 2 2 1 3 1082 1094 1093
3249 2 2 1 3 1334 2190 1214
3250 2 2 1 3 966 2210 940
3251 2 2 1 3 1493 1594 1593
3252 2 2 1 3 995 996 994
3253 2 2 1 3 1437 1508 1321
3254 2 2 1 3 957 2182 959
3255 2 2 1 3 118 2185 119
3256 2 2 1 3 1932 1947 1529
3257 2 2 1 3 2322 2326 2071
3258 2 2 1 3 915 1416 917
3259 2 2 1 3 1667 2125 1668
3260 2 2 1 3 1501 2159 2158
3261 2 2 1 3 1004 2191 998
3262 2 2 1 3 2060 2063 2062
3263 2 2 1 3 1752 1873 1753
3264 2 2 1 3 117 877 118
3265 2 2 1 3 2181 2322 2071
3266 2 2 1 3 1312 1321 1132
3267 2 2 1 3 1297 1337 1336
3268 2 2 1 3 1762 2202 1275
3269 2 2 1 3 908 909 907
3270 2 2 1 3 1674 1696 1676
3271 2 2 1 3 921 924 923
3272 2 2 1 3 116 2189 117
3273 2 2 1 3 1210 1299 1298
3274 2 2 1 3 1659 1661 1660
3275 2 2 1 3 2164 2345 2140
3276 2 2 1 3 1175 1251 1129
3277 2 2 1 3 1335 2195 1530
3278 2 2 1 3 1760 2141 1146
3279 2 2 1 3 1265 2159 1501
3280 2 2 1 3 115 842 116
3281 2 2 1 3 1291 1769 1503
3282 2 2 1 3 1415 2216 948
3283 2 2 1 3 1338 1763 1762
3284 2 2 1 3 1050 1052 1051
3285 2 2 1 3 1638 2187 1443
3286 2 2 1 3 114 2188 115
3287 2 2 1 3 1226 2206 2167
3288 2 2 1 3 1908 2377 2368
3289 2 2 1 3 1338 1762 1275
3290 2 2 1 3 970 2236 968
3291 2 2 1 3 989 991 990
3292 2 2 1 3 1449 2203 2162
3293 2 2 1 3 113 876 114
3294 2 2 1 3 1688 2294 1966
3295 2 2 1 3 1654 1887 1653
3296 2 2 1 3 1123 1151 1150
3297 2 2 1 3 1674 1676 1453
3298 2 2 1 3 1052 1071 1070
3299 2 2 1 3 112 2192 113
3300 2 2 1 3 129 2174 828
3301 2 2 1 3 1037 1041 1040
3302 2 2 1 3 904 906 905
3303 2 2 1 3 1330 1450 1329
3304 2 2 1 3 874 2174 128
3305 2 2 1 3 1610 1653 1500
3306 2 2 1 3 111 846 112
3307 2 2 1 3 1327 2151 1522
3308 2 2 1 3 1731 1732 1488
3309 2 2 1 3 1290 1360 1359
3310 2 2 1 3 1439 1484 1483
3311 2 2 1 3 1176 2202 1175
3312 2 2 1 3 1151 1191 1190
3313 2 2 1 3 1200 1223 1197
3314 2 2 1 3 1037 1040 1032
3315 2 2 1 3 1109 1122 1094
3316 2 2 1 3 987 989 988
3317 2 2 1 3 1252 2200 1324
3318 2 2 1 3 1524 1526 1525
3319 2 2 1 3 910 911 909
3320 2 2 1 3 1708 1757 1709
3321 2 2 1 3 1083 2193 1067
3322 2 2 1 3 1375 1376 1374
3323 2 2 1 3 1266 1290 1289
3324 2 2 1 3 1484 1722 1721
3325 2 2 1 3 1250 1611 1263
3326 2 2 1 3 1245 2223 2104
3327 2 2 1 3 1121 1426 1117
3328 2 2 1 3 902 904 903
3329 2 2 1 3 124 2179 832
3330 2 2 1 3 998 999 996
3331 2 2 1 3 1467 1621 1545
3332 2 2 1 3 896 897 895
3333 2 2 1 3 1572 1799 1667
3334 2 2 1 3 1578 1595 1580
3335 2 2 1 3 1691 1727 1692
3336 2 2 1 3 2159 2219 2158
3337 2 2 1 3 1183 1184 1080
3338 2 2 1 3 906 908 907
3339 2 2 1 3 2310 2340 1194
3340 2 2 1 3 1648 1700 1609
3341 2 2 1 3 1175 2202 1252
3342 2 2 1 3 998 1000 999
3343 2 2 1 3 977 2197 987
3344 2 2 1 3 1054 2196 1004
3345 2 2 1 3 875 2179 123
3346 2 2 1 3 1050 1051 1041
3347 2 2 1 3 1491 2173 1456
3348 2 2 1 3 1183 1317 1184
3349 2 2 1 3 993 994 992
3350 2 2 1 3 1358 1598 1591
3351 2 2 1 3 1529 2190 1334
3352 2 2 1 3 1102 2193 1083
3353 2 2 1 3 998 2191 1000
3354 2 2 1 3 1316 1331 1271
3355 2 2 1 3 912 913 911
3356 2 2 1 3 1158 2275 1113
3357 2 2 1 3 1017 1030 1029
3358 2 2 1 3 2071 2326 2072
3359 2 2 1 3 1444 1536 1535
3360 2 2 1 3 1500 1512 1331
3361 2 2 1 3 1196 1209 1193
3362 2 2 1 3 2165 2209 1251
3363 2 2 1 3 1029 1139 1016
3364 2 2 1 3 1082 1093 1071
3365 2 2 1 3 972 1077 970
3366 2 2 1 3 1286 1444 1340
3367 2 2 1 3 1067 2193 1236
3368 2 2 1 3 1076 2290 1351
3369 2 2 1 3 1530 2195 2060
3370 2 2 1 3 108 854 109
3371 2 2 1 3 1140 1141 1139
3372 2 2 1 3 943 944 942
3373 2 2 1 3 1329 2215 1278
3374 2 2 1 3 1140 1431 1142
3375 2 2 1 3 1142 1143 1141
3376 2 2 1 3 1144 1149 1147
3377 2 2 1 3 1316 1500 1331
3378 2 2 1 3 1022 1023 983
3379 2 2 1 3 1000 1017 1016
3380 2 2 1 3 1301 1303 1299
3381 2 2 1 3 969 1128 971
3382 2 2 1 3 900 902 901
3383 2 2 1 3 1177 1286 1284
3384 2 2 1 3 1144 1145 1143
3385 2 2 1 3 2264 2267 2054
3386 2 2 1 3 1186 1316 1271
3387 2 2 1 3 1556 1557 1045
3388 2 2 1 3 919 921 920
3389 2 2 1 3 1493 1593 1344
3390 2 2 1 3 2166 2298 2143
3391 2 2 1 3 968 1248 966
3392 2 2 1 3 119 2185 837
3393 2 2 1 3 1650 2137 1606
3394 2 2 1 3 1450 1648 1609
3395 2 2 1 3 1236 2196 1054
3396 2 2 1 3 1445 1527 1333
3397 2 2 1 3 1248 2210 966
3398 2 2 1 3 1004 2196 2191
3399 2 2 1 3 1276 2215 1338
3400 2 2 1 3 1522 2151 1681
3401 2 2 1 3 1038 1039 1025
3402 2 2 1 3 1521 1523 1328
3403 2 2 1 3 1288 2258 1206
3404 2 2 1 3 1239 2252 1237
3405 2 2 1 3 1101 2209 1102
3406 2 2 1 3 1024 1025 1023
3407 2 2 1 3 877 2185 118
3408 2 2 1 3 991 992 990
3409 2 2 1 3 984 986 976
3410 2 2 1 3 981 1183 1080
3411 2 2 1 3 1526 1785 1784
3412 2 2 1 3 1160 1166 1159
3413 2 2 1 3 1316 2214 1610
3414 2 2 1 3 1250 1262 1249
3415 2 2 1 3 956 957 953
3416 2 2 1 3 930 931 929
3417 2 2 1 3 1278 2215 1276
3418 2 2 1 3 1070 1249 1051
3419 2 2 1 3 2239 2271 1261
3420 2 2 1 3 898 900 899
3421 2 2 1 3 1439 1483 1360
3422 2 2 1 3 2060 2195 2063
3423 2 2 1 3 187 823 188
3424 2 2 1 3 1237 2252 2138
3425 2 2 1 3 925 926 924
3426 2 2 1 3 952 953 946
3427 2 2 1 3 117 2189 877
3428 2 2 1 3 1188 1197 1187
3429 2 2 1 3 1347 1457 1348
3430 2 2 1 3 1643 1782 1644
3431 2 2 1 3 1609 2215 1329
3432 2 2 1 3 1664 1728 1705
3433 2 2 1 3 1147 1148 1145
3434 2 2 1 3 1450 1609 1329
3435 2 2 1 3 977 985 984
3436 2 2 1 3 976 2220 974
3437 2 2 1 3 1263 1265 1262
3438 2 2 1 3 1645 2271 2239
3439 2 2 1 3 1872 2319 1555
3440 2 2 1 3 1947 2190 1529
3441 2 2 1 3 842 2189 116
3442 2 2 1 3 1266 1267 1265
3443 2 2 1 3 951 1168 955
3444 2 2 1 3 908 910 909
3445 2 2 1 3 1052 1070 1051
3446 2 2 1 3 928 929 926
3447 2 2 1 3 967 2253 969
3448 2 2 1 3 1289 1291 1267
3449 2 2 1 3 1465 1466 1323
3450 2 2 1 3 1267 2159 1265
3451 2 2 1 3 2200 2225 1519
3452 2 2 1 3 1598 1910 1738
3453 2 2 1 3 989 990 988
3454 2 2 1 3 1123 1150 1122
3455 2 2 1 3 105 858 106
3456 2 2 1 3 987 988 985
3457 2 2 1 3 975 977 976
3458 2 2 1 3 994 1496 992
3459 2 2 1 3 1671 2019 1514
3460 2 2 1 3 1535 1614 1340
3461 2 2 1 3 910 912 911
3462 2 2 1 3 945 946 944
3463 2 2 1 3 912 922 913
3464 2 2 1 3 1503 2219 2159
3465 2 2 1 3 1602 2247 1773
3466 2 2 1 3 115 2188 842
3467 2 2 1 3 1154 1155 1153
3468 2 2 1 3 973 2207 1429
3469 2 2 1 3 1129 2209 1101
3470 2 2 1 3 1027 1028 986
3471 2 2 1 3 1721 1723 1483
3472 2 2 1 3 1918 2365 1765
3473 2 2 1 3 1290 1359 1289
3474 2 2 1 3 1177 1178 1148
3475 2 2 1 3 1124 1163 1161
3476 2 2 1 3 986 2220 976
3477 2 2 1 3 1429 2197 975
3478 2 2 1 3 1230 2014 1056
3479 2 2 1 3 1606 1608 1605
3480 2 2 1 3 1210 1298 1209
3481 2 2 1 3 1166 2267 1159
3482 2 2 1 3 1269 1333 1136
3483 2 2 1 3 1168 2201 955
3484 2 2 1 3 1041 2199 1040
3485 2 2 1 3 1706 1812 1614
3486 2 2 1 3 1205 2264 1287
3487 2 2 1 3 1604 1605 1603
3488 2 2 1 3 981 1080 922
3489 2 2 1 3 1284 1285 1178
3490 2 2 1 3 2000 2272 1119
3491 2 2 1 3 1508 1652 1645
3492 2 2 1 3 1251 2209 1129
3493 2 2 1 3 1029 1140 1139
3494 2 2 1 3 965 1625 967
3495 2 2 1 3 1484 1721 1483
3496 2 2 1 3 876 2188 114
3497 2 2 1 3 1506 1603 1505
3498 2 2 1 3 2170 2217 999
3499 2 2 1 3 1155 2104 1153
3500 2 2 1 3 1317 2214 1184
3501 2 2 1 3 1070 1250 1249
3502 2 2 1 3 1000 1016 999
3503 2 2 1 3 1911 1923 1746
3504 2 2 1 3 939 943 942
3505 2 2 1 3 1165 1259 1131
3506 2 2 1 3 1291 1770 1769
3507 2 2 1 3 1722 1806 1721
3508 2 2 1 3 1167 1187 1166
3509 2 2 1 3 1151 1190 1150
3510 2 2 1 3 1071 2231 1070
3511 2 2 1 3 1190 1194 1150
3512 2 2 1 3 973 975 974
3513 2 2 1 3 1656 1664 1658
3514 2 2 1 3 912 981 922
3515 2 2 1 3 1595 1677 1666
3516 2 2 1 3 1260 1264 1259
3517 2 2 1 3 975 2197 977
3518 2 2 1 3 1191 1280 1190
3519 2 2 1 3 1184 2214 1186
3520 2 2 1 3 1017 1029 1016
3521 2 2 1 3 1026 2204 1057
3522 2 2 1 3 2010 2275 2258
3523 2 2 1 3 2044 2144 1509
3524 2 2 1 3 189 878 190
3525 2 2 1 3 932 933 931
3526 2 2 1 3 1011 1012 1010
3527 2 2 1 3 963 1022 983
3528 2 2 1 3 1444 1535 1340
3529 2 2 1 3 1250 1263 1262
3530 2 2 1 3 1142 1144 1143
3531 2 2 1 3 1668 2125 1718
3532 2 2 1 3 1140 1142 1141
3533 2 2 1 3 104 2218 105
3534 2 2 1 3 113 2192 876
3535 2 2 1 3 1893 2173 1491
3536 2 2 1 3 1144 1147 1145
3537 2 2 1 3 1271 2208 1270
3538 2 2 1 3 1096 1132 1131
3539 2 2 1 3 1057 2204 1420
3540 2 2 1 3 1261 1655 1302
3541 2 2 1 3 1285 1465 1323
3542 2 2 1 3 1042 1043 1028
3543 2 2 1 3 1170 1504 964
3544 2 2 1 3 1286 1340 1284
3545 2 2 1 3 1547 1800 1624
3546 2 2 1 3 1466 2205 1323
3547 2 2 1 3 1724 2310 1766
3548 2 2 1 3 1165 1261 1260
3549 2 2 1 3 2106 2301 1494
3550 2 2 1 3 1263 1266 1265
3551 2 2 1 3 1656 1657 1302
3552 2 2 1 3 1706 1817 1812
3553 2 2 1 3 1266 1289 1267
3554 2 2 1 3 1658 1659 1657
3555 2 2 1 3 1443 2187 1542
3556 2 2 1 3 1338 2255 1763
3557 2 2 1 3 846 2192 112
3558 2 2 1 3 1606 2137 1608
3559 2 2 1 3 1823 1824 1661
3560 2 2 1 3 1617 1618 1615
3561 2 2 1 3 1064 1065 1043
3562 2 2 1 3 1619 1691 1618
3563 2 2 1 3 1594 1623 1593
3564 2 2 1 3 1433 1434 1432
3565 2 2 1 3 1128 2207 971
3566 2 2 1 3 1298 1615 1209
3567 2 2 1 3 1304 1467 1303
3568 2 2 1 3 2210 2226 940
3569 2 2 1 3 1535 1706 1614
3570 2 2 1 3 1507 1771 1315
3571 2 2 1 3 1147 1177 1148
3572 2 2 1 3 1508 1645 1321
3573 2 2 1 3 1064 1096 1095
3574 2 2 1 3 1051 2199 1041
3575 2 2 1 3 1156 1157 1155
3576 2 2 1 3 896 898 897
3577 2 2 1 3 996 2217 994
3578 2 2 1 3 1728 1813 1705
3579 2 2 1 3 1092 1899 1575
3580 2 2 1 3 2217 2285 1496
3581 2 2 1 3 1532 1643 1592
3582 2 2 1 3 935 1436 937
3583 2 2 1 3 1177 1284 1178
3584 2 2 1 3 894 896 895
3585 2 2 1 3 2203 2228 2162
3586 2 2 1 3 1460 1537 1459
3587 2 2 1 3 906 1063 908
3588 2 2 1 3 103 879 104
3589 2 2 1 3 1465 1626 1466
3590 2 2 1 3 1027 2150 1042
3591 2 2 1 3 990 1003 988
3592 2 2 1 3 971 973 972
3593 2 2 1 3 1443 1542 1541
3594 2 2 1 3 1758 1875 1704
3595 2 2 1 3 1696 1781 1676
3596 2 2 1 3 1441 1443 1442
3597 2 2 1 3 1298 1617 1615
3598 2 2 1 3 1974 1979 1229
3599 2 2 1 3 1541 1622 1442
3600 2 2 1 3 1186 2214 1316
3601 2 2 1 3 1703 1704 1702
3602 2 2 1 3 984 1027 986
3603 2 2 1 3 1364 2102 1366
3604 2 2 1 3 102 2229 103
3605 2 2 1 3 1193 2213 1191
3606 2 2 1 3 1198 1441 1296
3607 2 2 1 3 1361 2279 1218
3608 2 2 1 3 1481 1482 1337
3609 2 2 1 3 1619 1726 1691
3610 2 2 1 3 1154 1499 1156
3611 2 2 1 3 971 2207 973
3612 2 2 1 3 1711 1829 1622
3613 2 2 1 3 1065 2248 1079
3614 2 2 1 3 1589 2294 1424
3615 2 2 1 3 1093 2231 1071
3616 2 2 1 3 1266 2234 1290
3617 2 2 1 3 1250 2231 1611
3618 2 2 1 3 1659 1823 1661
3619 2 2 1 3 1003 2338 2325
3620 2 2 1 3 999 2217 996
3621 2 2 1 3 1664 1705 1658
3622 2 2 1 3 1617 1619 1618
3623 2 2 1 3 101 885 102
3624 2 2 1 3 1105 1107 1085
3625 2 2 1 3 1007 1008 1006
3626 2 2 1 3 1823 1900 1824
3627 2 2 1 3 977 984 976
3628 2 2 1 3 1198 1199 1157
3629 2 2 1 3 1611 2234 1263
3630 2 2 1 3 1495 2252 1239
3631 2 2 1 3 1768 1827 1630
3632 2 2 1 3 192 833 193
3633 2 2 1 3 1296 1297 1199
3634 2 2 1 3 975 976 974
3635 2 2 1 3 1009 1010 1008
3636 2 2 1 3 1467 1513 1303
3637 2 2 1 3 1035 1044 1034
3638 2 2 1 3 1100 1154 1153
3639 2 2 1 3 1385 1386 1384
3640 2 2 1 3 1517 2294 1688
3641 2 2 1 3 1077 2236 970
3642 2 2 1 3 1692 2284 1618
3643 2 2 1 3 1328 2211 1304
3644 2 2 1 3 1545 1809 1513
3645 2 2 1 3 1132 1165 1131
3646 2 2 1 3 1165 1260 1259
3647 2 2 1 3 1715 1743 1482
3648 2 2 1 3 1070 2231 1250
3649 2 2 1 3 1191 2213 1280
3650 2 2 1 3 1030 2235 1029
3651 2 2 1 3 973 974 972
3652 2 2 1 3 2215 2255 1338
3653 2 2 1 3 1249 2199 1051
3654 2 2 1 3 1048 1627 1073
3655 2 2 1 3 1055 2245 2244
3656 2 2 1 3 1655 1656 1302
3657 2 2 1 3 1261 1302 1260
3658 2 2 1 3 1114 1160 1159
3659 2 2 1 3 1140 2235 1431
3660 2 2 1 3 1357 1446 1356
3661 2 2 1 3 1524 1525 1523
3662 2 2 1 3 1656 1658 1657
3663 2 2 1 3 1431 2238 1142
3664 2 2 1 3 1303 2249 1299
3665 2 2 1 3 1514 1515 1434
3666 2 2 1 3 937 2224 939
3667 2 2 1 3 1144 2238 1149
3668 2 2 1 3 1027 1042 1028
3669 2 2 1 3 1042 1064 1043
3670 2 2 1 3 1064 1095 1065
3671 2 2 1 3 1482 2222 1337
3672 2 2 1 3 971 972 970
3673 2 2 1 3 2172 2248 1095
3674 2 2 1 3 1182 1224 1222
3675 2 2 1 3 1172 1254 1135
3676 2 2 1 3 1154 1156 1155
3677 2 2 1 3 1344 2258 1288
3678 2 2 1 3 930 932 931
3679 2 2 1 3 1059 2227 1068
3680 2 2 1 3 900 1211 902
3681 2 2 1 3 1165 2239 1261
3682 2 2 1 3 1096 1131 1095
3683 2 2 1 3 1299 2249 1298
3684 2 2 1 3 925 928 926
3685 2 2 1 3 1601 1737 1736
3686 2 2 1 3 1623 2010 1593
3687 2 2 1 3 1297 1481 1337
3688 2 2 1 3 1545 1815 1809
3689 2 2 1 3 1149 2240 1147
3690 2 2 1 3 921 925 924
3691 2 2 1 3 1467 1545 1513
3692 2 2 1 3 972 2246 1077
3693 2 2 1 3 1177 2240 1286
3694 2 2 1 3 928 930 929
3695 2 2 1 3 1534 1788 1679
3696 2 2 1 3 969 971 970
3697 2 2 1 3 1536 2242 1535
3698 2 2 1 3 933 2226 935
3699 2 2 1 3 994 2217 1496
3700 2 2 1 3 1443 1541 1442
3701 2 2 1 3 1216 2287 1217
3702 2 2 1 3 1701 1702 1486
3703 2 2 1 3 1159 2267 1205
3704 2 2 1 3 1608 1888 1605
3705 2 2 1 3 1355 1632 1281
3706 2 2 1 3 1694 1710 1707
3707 2 2 1 3 1711 1832 1829
3708 2 2 1 3 1209 2213 1193
3709 2 2 1 3 1527 1685 1663
3710 2 2 1 3 964 2182 957
3711 2 2 1 3 194 880 195
3712 2 2 1 3 1820 1821 1805
3713 2 2 1 3 943 945 944
3714 2 2 1 3 2220 2246 974
3715 2 2 1 3 1541 1711 1622
3716 2 2 1 3 1321 2239 1132
3717 2 2 1 3 2213 2284 1280
3718 2 2 1 3 2170 2285 2217
3719 2 2 1 3 1526 1784 1525
3720 2 2 1 3 1554 1750 1620
3721 2 2 1 3 1609 2255 2215
3722 2 2 1 3 1314 1505 1315
3723 2 2 1 3 1255 1256 1254
3724 2 2 1 3 1633 1634 1632
3725 2 2 1 3 1126 1314 1170
3726 2 2 1 3 1441 1442 1296
3727 2 2 1 3 1750 1849 1751
3728 2 2 1 3 1291 2237 1770
3729 2 2 1 3 1694 1695 1308
3730 2 2 1 3 1289 2237 1291
3731 2 2 1 3 932 940 933
3732 2 2 1 3 1700 2255 1609
3733 2 2 1 3 1156 1198 1157
3734 2 2 1 3 1707 1708 1695
3735 2 2 1 3 1485 2230 1752
3736 2 2 1 3 1287 2264 1358
3737 2 2 1 3 1514 2019 1515
3738 2 2 1 3 1198 1296 1199
3739 2 2 1 3 952 956 953
3740 2 2 1 3 1481 1715 1482
3741 2 2 1 3 1304 2211 1467
3742 2 2 1 3 1513 2249 1303
3743 2 2 1 3 1598 2054 1910
3744 2 2 1 3 1263 2234 1266
3745 2 2 1 3 1257 1693 1308
3746 2 2 1 3 956 964 957
3747 2 2 1 3 1523 2211 1328
3748 2 2 1 3 1068 2227 1092
3749 2 2 1 3 1172 1257 1255
3750 2 2 1 3 195 2241 196
3751 2 2 1 3 1029 2235 1140
3752 2 2 1 3 945 952 946
3753 2 2 1 3 1418 1419 1410
3754 2 2 1 3 956 1126 964
3755 2 2 1 3 1715 1797 1743
3756 2 2 1 3 1011 1013 1012
3757 2 2 1 3 959 2269 963
3758 2 2 1 3 1504 2182 964
3759 2 2 1 3 1959 1960 947
3760 2 2 1 3 1285 2243 1465
3761 2 2 1 3 1614 2243 1340
3762 2 2 1 3 2186 2281 1040
3763 2 2 1 3 1527 1663 1333
3764 2 2 1 3 1284 2243 1285
3765 2 2 1 3 1095 2248 1065
3766 2 2 1 3 1142 2238 1144
3767 2 2 1 3 1359 2237 1289
3768 2 2 1 3 945 1268 952
3769 2 2 1 3 1784 1807 1525
3770 2 2 1 3 1040 2281 1032
3771 2 2 1 3 1132 2239 1165
3772 2 2 1 3 969 970 968
3773 2 2 1 3 1593 2258 1344
3774 2 2 1 3 1447 1485 1350
3775 2 2 1 3 196 841 197
3776 2 2 1 3 1106 1136 1135
3777 2 2 1 3 1223 1354 1353
3778 2 2 1 3 1615 2213 1209
3779 2 2 1 3 1086 1106 1105
3780 2 2 1 3 1147 2240 1177
3781 2 2 1 3 969 2253 1128
3782 2 2 1 3 1538 1547 1414
3783 2 2 1 3 1535 2242 1706
3784 2 2 1 3 1314 1315 1170
3785 2 2 1 3 1126 1170 964
3786 2 2 1 3 1663 2302 2259
3787 2 2 1 3 1022 1024 1023
3788 2 2 1 3 1767 2353 2330
3789 2 2 1 3 1358 2264 1598
3790 2 2 1 3 1505 1507 1315
3791 2 2 1 3 1708 1830 1757
3792 2 2 1 3 99 890 100
3793 2 2 1 3 1332 2263 2208
3794 2 2 1 3 1340 2243 1284
3795 2 2 1 3 1712 1713 1461
3796 2 2 1 3 985 2251 984
3797 2 2 1 3 1292 2212 1293
3798 2 2 1 3 2063 2301 2139
3799 2 2 1 3 1024 1038 1025
3800 2 2 1 3 2006 2339 1202
3801 2 2 1 3 1218 2279 1208
3802 2 2 1 3 105 2218 858
3803 2 2 1 3 1107 2245 1085
3804 2 2 1 3 1710 1808 1707
3805 2 2 1 3 1122 2296 1094
3806 2 2 1 3 1703 1758 1704
3807 2 2 1 3 1620 2279 1361
3808 2 2 1 3 1784 1828 1807
3809 2 2 1 3 2182 2269 959
3810 2 2 1 3 928 1258 930
3811 2 2 1 3 1038 1055 1039
3812 2 2 1 3 965 2278 1625
3813 2 2 1 3 979 1005 1002
3814 2 2 1 3 1339 1414 1292
3815 2 2 1 3 1206 2275 1158
3816 2 2 1 3 1180 1225 1179
3817 2 2 1 3 1076 1086 1085
3818 2 2 1 3 1645 2239 1321
3819 2 2 1 3 1092 2227 1899
3820 2 2 1 3 1079 2254 1100
3821 2 2 1 3 1556 1870 1557
3822 2 2 1 3 1298 2249 1617
3823 2 2 1 3 1030 2281 2235
3824 2 2 1 3 1611 2291 2051
3825 2 2 1 3 1339 1629 1538
3826 2 2 1 3 1414 2212 1292
3827 2 2 1 3 935 2226 1436
3828 2 2 1 3 939 2224 943
3829 2 2 1 3 1022 1628 1024
3830 2 2 1 3 1172 1255 1254
3831 2 2 1 3 1377 1378 1376
3832 2 2 1 3 1085 2245 1055
3833 2 2 1 3 1009 1011 1010
3834 2 2 1 3 1260 2256 1264
3835 2 2 1 3 1615 2284 2213
3836 2 2 1 3 974 2246 972
3837 2 2 1 3 932 965 940
3838 2 2 1 3 1039 2244 1048
3839 2 2 1 3 1657 2256 1302
3840 2 2 1 3 1694 1707 1695
3841 2 2 1 3 1119 2272 1124
3842 2 2 1 3 2259 2302 1257
3843 2 2 1 3 940 2226 933
3844 2 2 1 3 1318 1350 1213
3845 2 2 1 3 967 969 968
3846 2 2 1 3 1701 1703 1702
3847 2 2 1 3 1693 1694 1308
3848 2 2 1 3 1257 1308 1255
3849 2 2 1 3 1634 2324 1632
3850 2 2 1 3 1436 2224 937
3851 2 2 1 3 1038 1076 1055
3852 2 2 1 3 879 2218 104
3853 2 2 1 3 2243 2289 1465
3854 2 2 1 3 1462 1714 1712
3855 2 2 1 3 1032 2281 1030
3856 2 2 1 3 1027 2251 2150
3857 2 2 1 3 1170 2261 1504
3858 2 2 1 3 1073 2288 1114
3859 2 2 1 3 1547 1835 1800
3860 2 2 1 3 1124 2272 1163
3861 2 2 1 3 200 2268 201
3862 2 2 1 3 1136 1172 1135
3863 2 2 1 3 1106 1135 1105
3864 2 2 1 3 1127 1181 1180
3865 2 2 1 3 1716 1717 1537
3866 2 2 1 3 1554 1620 1361
3867 2 2 1 3 1339 1538 1414
3868 2 2 1 3 1629 1631 1630
3869 2 2 1 3 1446 1462 1461
3870 2 2 1 3 1127 1179 1098
3871 2 2 1 3 1771 2261 1315
3872 2 2 1 3 1086 1105 1085
3873 2 2 1 3 1064 2257 1096
3874 2 2 1 3 2150 2257 1042
3875 2 2 1 3 967 968 966
3876 2 2 1 3 2248 2254 1079
3877 2 2 1 3 1220 1339 1292
3878 2 2 1 3 1333 2259 1136
3879 2 2 1 3 1542 2260 1541
3880 2 2 1 3 1631 1768 1630
3881 2 2 1 3 1154 2254 1499
3882 2 2 1 3 1750 1751 1620
3883 2 2 1 3 1261 2271 1655
3884 2 2 1 3 1097 1098 1013
3885 2 2 1 3 984 2251 1027
3886 2 2 1 3 1622 2262 1442
3887 2 2 1 3 1160 1167 1166
3888 2 2 1 3 963 2269 1022
3889 2 2 1 3 103 2229 879
3890 2 2 1 3 1076 1085 1055
3891 2 2 1 3 1729 1814 1634
3892 2 2 1 3 1093 2291 2231
3893 2 2 1 3 1497 1767 1636
3894 2 2 1 3 1614 2289 2243
3895 2 2 1 3 1100 2254 1154
3896 2 2 1 3 1297 2262 1481
3897 2 2 1 3 2195 2301 2063
3898 2 2 1 3 2010 2258 1593
3899 2 2 1 3 1709 2306 2282
3900 2 2 1 3 1296 2262 1297
3901 2 2 1 3 1812 2289 1614
3902 2 2 1 3 1864 1988 1860
3903 2 2 1 3 1302 2256 1260
3904 2 2 1 3 885 2229 102
3905 2 2 1 3 965 966 940
3906 2 2 1 3 1629 1630 1538
3907 2 2 1 3 1713 2297 1461
3908 2 2 1 3 1198 2266 1441
3909 2 2 1 3 1005 1007 1006
3910 2 2 1 3 1167 1188 1187
3911 2 2 1 3 1499 2266 1156
3912 2 2 1 3 1181 1232 1213
3913 2 2 1 3 1042 2257 1064
3914 2 2 1 3 896 1582 898
3915 2 2 1 3 1446 1461 1356
3916 2 2 1 3 965 967 966
3917 2 2 1 3 1232 1432 1318
3918 2 2 1 3 1200 2274 1223
3919 2 2 1 3 1598 2264 2054
3920 2 2 1 3 1858 1988 1861
3921 2 2 1 3 1355 1633 1632
3922 2 2 1 3 1011 1097 1013
3923 2 2 1 3 1632 2274 1281
3924 2 2 1 3 1105 2270 1107
3925 2 2 1 3 201 2277 202
3926 2 2 1 3 1282 1356 1355
3927 2 2 1 3 1541 2260 1711
3928 2 2 1 3 1055 2244 1039
3929 2 2 1 3 1007 1009 1008
3930 2 2 1 3 2136 2285 2170
3931 2 2 1 3 1513 2292 2249
3932 2 2 1 3 2231 2291 1611
3933 2 2 1 3 2249 2292 1617
3934 2 2 1 3 1442 2262 1296
3935 2 2 1 3 1247 2330 1098
3936 2 2 1 3 199 853 200
3937 2 2 1 3 1487 1731 1488
3938 2 2 1 3 1618 2284 1615
3939 2 2 1 3 1714 1818 1712
3940 2 2 1 3 1160 1313 1167
3941 2 2 1 3 1447 1640 1486
3942 2 2 1 3 1201 1282 1281
3943 2 2 1 3 1074 1959 950
3944 2 2 1 3 1293 2212 1347
3945 2 2 1 3 1424 2294 1517
3946 2 2 1 3 1094 2296 1093
3947 2 2 1 3 1188 1200 1197
3948 2 2 1 3 1462 1712 1461
3949 2 2 1 3 1172 2259 1257
3950 2 2 1 3 1447 1486 1485
3951 2 2 1 3 1274 2298 2166
3952 2 2 1 3 1254 2270 1135
3953 2 2 1 3 1702 2230 1486
3954 2 2 1 3 1315 2261 1170
3955 2 2 1 3 1486 2230 1485
3956 2 2 1 3 1156 2266 1198
3957 2 2 1 3 1663 2259 1333
3958 2 2 1 3 1136 2259 1172
3959 2 2 1 3 1494 2301 2195
3960 2 2 1 3 1827 2276 1630
3961 2 2 1 3 1640 1701 1486
3962 2 2 1 3 1035 1045 1044
3963 2 2 1 3 1127 1180 1179
3964 2 2 1 3 1048 2244 1627
3965 2 2 1 3 1216 2327 2287
3966 2 2 1 3 2247 2371 1773
3967 2 2 1 3 1764 2320 2172
3968 2 2 1 3 1318 1447 1350
3969 2 2 1 3 1732 1748 1747
3970 2 2 1 3 1434 1672 1432
3971 2 2 1 3 1097 1127 1098
3972 2 2 1 3 1708 2273 1830
3973 2 2 1 3 1814 2359 1634
3974 2 2 1 3 1707 2273 1708
3975 2 2 1 3 1465 2289 1626
3976 2 2 1 3 1181 1213 1180
3977 2 2 1 3 1627 2288 1073
3978 2 2 1 3 2402 2410 1641
3979 2 2 1 3 1019 1035 1034
3980 2 2 1 3 202 859 203
3981 2 2 1 3 1538 2276 1547
3982 2 2 1 3 1022 2269 1628
3983 2 2 1 3 1114 2288 1160
3984 2 2 1 3 1458 2314 1487
3985 2 2 1 3 2262 2309 1481
3986 2 2 1 3 1809 2292 1513
3987 2 2 1 3 1497 1556 1045
3988 2 2 1 3 1282 1355 1281
3989 2 2 1 3 1188 1201 1200
3990 2 2 1 3 956 2280 1126
3991 2 2 1 3 1547 2276 1835
3992 2 2 1 3 880 2241 195
3993 2 2 1 3 1224 1341 1294
3994 2 2 1 3 1829 2309 1622
3995 2 2 1 3 1695 2282 1308
3996 2 2 1 3 2211 2283 1621
3997 2 2 1 3 1744 2383 1841
3998 2 2 1 3 1756 1872 1555
3999 2 2 1 3 1617 2292 1619
4000 2 2 1 3 1268 2280 952
4001 2 2 1 3 1035 1497 1045
4002 2 2 1 3 1232 1318 1213
4003 2 2 1 3 1255 2282 1256
4004 2 2 1 3 1808 2273 1707
4005 2 2 1 3 862 1920 894
4006 2 2 1 3 1568 2328 1411
4007 2 2 1 3 1807 2283 1525
4008 2 2 1 3 1201 1281 1200
4009 2 2 1 3 1633 1729 1634
4010 2 2 1 3 1390 1778 1408
4011 2 2 1 3 1523 2283 2211
4012 2 2 1 3 1152 2346 1099
4013 2 2 1 3 1135 2270 1105
4014 2 2 1 3 952 2280 956
4015 2 2 1 3 196 2241 841
4016 2 2 1 3 1525 2283 1523
4017 2 2 1 3 1622 2309 2262
4018 2 2 1 3 1497 1636 1556
4019 2 2 1 3 945 2286 1268
4020 2 2 1 3 1630 2276 1538
4021 2 2 1 3 1093 2296 2291
4022 2 2 1 3 2201 2305 961
4023 2 2 1 3 1122 2331 2296
4024 2 2 1 3 2281 2318 2235
4025 2 2 1 3 1354 1460 1459
4026 2 2 1 3 930 2278 932
4027 2 2 1 3 1256 2306 1776
4028 2 2 1 3 1646 2361 1671
4029 2 2 1 3 1217 2287 1220
4030 2 2 1 3 1202 2339 1203
4031 2 2 1 3 152 826 153
4032 2 2 1 3 1468 1741 1740
4033 2 2 1 3 2033 2350 1420
4034 2 2 1 3 2251 2325 2046
4035 2 2 1 3 154 882 155
4036 2 2 1 3 2042 2338 2043
4037 2 2 1 3 943 2286 945
4038 2 2 1 3 1308 2282 1255
4039 2 2 1 3 1783 2376 1644
4040 2 2 1 3 2224 2286 943
4041 2 2 1 3 2157 2318 2186
4042 2 2 1 3 157 834 158
4043 2 2 1 3 1258 2278 930
4044 2 2 1 3 1223 2274 1354
4045 2 2 1 3 2347 2361 1970
4046 2 2 1 3 1635 2340 2148
4047 2 2 1 3 2310 2344 1766
4048 2 2 1 3 2148 2310 1724
4049 2 2 1 3 2325 2338 2046
4050 2 2 1 3 1180 2295 1225
4051 2 2 1 3 1257 2302 1693
4052 2 2 1 3 1628 2290 1024
4053 2 2 1 3 1038 2290 1076
4054 2 2 1 3 1473 1552 1471
4055 2 2 1 3 932 2278 965
4056 2 2 1 3 2157 2323 2318
4057 2 2 1 3 1379 1380 1378
4058 2 2 1 3 1281 2274 1200
4059 2 2 1 3 1624 2308 2212
4060 2 2 1 3 2282 2306 1256
4061 2 2 1 3 1366 2102 1641
4062 2 2 1 3 1860 1988 1858
4063 2 2 1 3 1160 2288 1313
4064 2 2 1 3 1220 2287 1339
4065 2 2 1 3 1102 2322 2181
4066 2 2 1 3 1350 2295 1213
4067 2 2 1 3 2334 2347 1970
4068 2 2 1 3 1600 1601 1565
4069 2 2 1 3 1339 2287 1629
4070 2 2 1 3 1024 2290 1038
4071 2 2 1 3 1460 1716 1537
4072 2 2 1 3 1481 2309 1715
4073 2 2 1 3 2209 2322 1102
4074 2 2 1 3 1764 2336 2320
4075 2 2 1 3 1401 1418 1410
4076 2 2 1 3 2365 2373 1765
4077 2 2 1 3 1461 2297 1356
4078 2 2 1 3 1497 2313 1767
4079 2 2 1 3 1194 2331 1150
4080 2 2 1 3 985 2325 2251
4081 2 2 1 3 1003 2325 988
4082 2 2 1 3 1005 1440 1007
4083 2 2 1 3 2287 2327 1629
4084 2 2 1 3 1194 2340 2331
4085 2 2 1 3 1390 1407 1387
4086 2 2 1 3 159 883 160
4087 2 2 1 3 1408 1532 1407
4088 2 2 1 3 1511 2352 1322
4089 2 2 1 3 1356 2297 1355
4090 2 2 1 3 2186 2318 2281
4091 2 2 1 3 1731 2311 1732
4092 2 2 1 3 1490 1534 1478
4093 2 2 1 3 1421 2345 2164
4094 2 2 1 3 1496 2367 2349
4095 2 2 1 3 1457 2314 1458
4096 2 2 1 3 2268 2277 201
4097 2 2 1 3 1325 2345 1421
4098 2 2 1 3 1487 2314 1811
4099 2 2 1 3 2149 2387 1311
4100 2 2 1 3 853 2268 200
4101 2 2 1 3 1381 1382 1380
4102 2 2 1 3 1672 2300 1432
4103 2 2 1 3 1432 2300 1318
4104 2 2 1 3 1399 2392 1391
4105 2 2 1 3 160 2299 161
4106 2 2 1 3 1213 2295 1180
4107 2 2 1 3 2158 2323 2157
4108 2 2 1 3 1447 2300 1640
4109 2 2 1 3 2318 2323 1431
4110 2 2 1 3 1464 1600 1565
4111 2 2 1 3 1355 2297 1633
4112 2 2 1 3 1487 1811 1731
4113 2 2 1 3 2235 2318 1431
4114 2 2 1 3 1744 1841 1839
4115 2 2 1 3 1347 2308 1457
4116 2 2 1 3 2296 2331 2052
4117 2 2 1 3 1811 1834 1731
4118 2 2 1 3 1313 2307 1167
4119 2 2 1 3 894 2312 896
4120 2 2 1 3 161 844 162
4121 2 2 1 3 2279 2316 1207
4122 2 2 1 3 1188 2307 1201
4123 2 2 1 3 1769 2369 2366
4124 2 2 1 3 1318 2300 1447
4125 2 2 1 3 1190 2344 1194
4126 2 2 1 3 1955 2343 1394
4127 2 2 1 3 1087 1111 1110
4128 2 2 1 3 2212 2308 1347
4129 2 2 1 3 202 2277 859
4130 2 2 1 3 979 2305 1005
4131 2 2 1 3 1534 1789 1788
4132 2 2 1 3 1167 2307 1188
4133 2 2 1 3 1003 2349 2080
4134 2 2 1 3 2165 2326 2322
4135 2 2 1 3 2266 2336 1638
4136 2 2 1 3 2248 2320 2254
4137 2 2 1 3 2240 2348 1642
4138 2 2 1 3 1891 2328 1568
4139 2 2 1 3 2219 2342 2158
4140 2 2 1 3 2165 2322 2209
4141 2 2 1 3 1776 2423 1662
4142 2 2 1 3 1369 2332 1367
4143 2 2 1 3 1858 1861 1856
4144 2 2 1 3 2254 2320 1499
4145 2 2 1 3 1411 2328 1400
4146 2 2 1 3 2219 2348 2342
4147 2 2 1 3 2371 2384 1773
4148 2 2 1 3 1097 2334 2053
4149 2 2 1 3 1418 1555 1419
4150 2 2 1 3 1496 2349 992
4151 2 2 1 3 961 2305 979
4152 2 2 1 3 1421 2326 2165
4153 2 2 1 3 1751 2316 1620
4154 2 2 1 3 896 2312 1582
4155 2 2 1 3 988 2325 985
4156 2 2 1 3 1035 2313 1497
4157 2 2 1 3 1011 2334 1097
4158 2 2 1 3 1620 2316 2279
4159 2 2 1 3 1732 2311 1748
4160 2 2 1 3 1374 1405 1372
4161 2 2 1 3 990 2349 1003
4162 2 2 1 3 1504 2341 2182
4163 2 2 1 3 1408 1533 1532
4164 2 2 1 3 1685 2478 2388
4165 2 2 1 3 1019 2313 1035
4166 2 2 1 3 1431 2323 2238
4167 2 2 1 3 2172 2320 2248
4168 2 2 1 3 1769 2366 1503
4169 2 2 1 3 1309 2429 2056
4170 2 2 1 3 1576 1891 1568
4171 2 2 1 3 1398 2337 1375
4172 2 2 1 3 1420 2350 2227
4173 2 2 1 3 1888 2351 1605
4174 2 2 1 3 1756 1894 1872
4175 2 2 1 3 2320 2336 1499
4176 2 2 1 3 1194 2344 2310
4177 2 2 1 3 1407 2317 1387
4178 2 2 1 3 1013 2353 1012
4179 2 2 1 3 1390 1408 1407
4180 2 2 1 3 1805 1885 1755
4181 2 2 1 3 1629 2327 1631
4182 2 2 1 3 1015 2313 1019
4183 2 2 1 3 1150 2331 1122
4184 2 2 1 3 1009 2334 1011
4185 2 2 1 3 1212 2393 2149
4186 2 2 1 3 1386 1388 1387
4187 2 2 1 3 1005 2305 1440
4188 2 2 1 3 2331 2340 2052
4189 2 2 1 3 1505 2354 1507
4190 2 2 1 3 1920 2312 894
4191 2 2 1 3 1164 1204 1182
4192 2 2 1 3 1834 2311 1731
4193 2 2 1 3 2245 2394 2384
4194 2 2 1 3 1978 2403 1973
4195 2 2 1 3 1098 2330 1013
4196 2 2 1 3 2149 2393 2387
4197 2 2 1 3 2108 2377 1649
4198 2 2 1 3 2046 2338 2042
4199 2 2 1 3 1203 2339 1216
4200 2 2 1 3 1378 1406 1376
4201 2 2 1 3 2056 2422 2057
4202 2 2 1 3 2158 2342 2323
4203 2 2 1 3 1553 1836 1552
4204 2 2 1 3 1781 2511 2508
4205 2 2 1 3 1776 2427 2423
4206 2 2 1 3 919 2357 921
4207 2 2 1 3 2052 2340 1635
4208 2 2 1 3 2210 2389 2373
4209 2 2 1 3 164 855 165
4210 2 2 1 3 1444 2369 1536
4211 2 2 1 3 1600 1852 1601
4212 2 2 1 3 1212 2401 2393
4213 2 2 1 3 1661 2378 1660
4214 2 2 1 3 1839 1840 1745
4215 2 2 1 3 150 881 151
4216 2 2 1 3 1418 1566 1555
4217 2 2 1 3 1386 1387 1384
4218 2 2 1 3 2344 2364 1766
4219 2 2 1 3 1660 2363 2256
4220 2 2 1 3 1216 2339 2327
4221 2 2 1 3 1382 1384 1383
4222 2 2 1 3 2336 2355 1638
4223 2 2 1 3 1692 2375 2364
4224 2 2 1 3 1346 2386 1341
4225 2 2 1 3 2168 2401 1212
4226 2 2 1 3 1477 1478 1476
4227 2 2 1 3 1915 2362 1383
4228 2 2 1 3 1499 2336 2266
4229 2 2 1 3 1638 2355 2187
4230 2 2 1 3 1477 1490 1478
4231 2 2 1 3 1628 2341 2250
4232 2 2 1 3 2274 2324 1354
4233 2 2 1 3 1382 1383 1380
4234 2 2 1 3 1311 2379 2136
4235 2 2 1 3 1384 2317 1383
4236 2 2 1 3 2342 2348 1149
4237 2 2 1 3 2182 2341 2269
4238 2 2 1 3 2238 2342 1149
4239 2 2 1 3 1504 2370 2341
4240 2 2 1 3 1388 1390 1387
4241 2 2 1 3 2323 2342 2238
4242 2 2 1 3 1566 1895 1756
4243 2 2 1 3 1099 2346 1309
4244 2 2 1 3 1566 1756 1555
4245 2 2 1 3 1634 2359 2324
4246 2 2 1 3 1632 2324 2274
4247 2 2 1 3 1616 2345 1325
4248 2 2 1 3 2313 2353 1767
4249 2 2 1 3 1445 2382 1647
4250 2 2 1 3 1341 1412 1294
4251 2 2 1 3 1391 2392 1388
4252 2 2 1 3 1394 2343 1401
4253 2 2 1 3 1661 2385 2378
4254 2 2 1 3 1419 2319 1464
4255 2 2 1 3 1280 2344 1190
4256 2 2 1 3 1764 2355 2336
4257 2 2 1 3 1531 2388 1336
4258 2 2 1 3 1692 2364 2284
4259 2 2 1 3 1354 2324 1460
4260 2 2 1 3 883 2299 160
4261 2 2 1 3 2093 2390 2091
4262 2 2 1 3 1440 2347 1007
4263 2 2 1 3 2269 2341 1628
4264 2 2 1 3 1555 2319 1419
4265 2 2 1 3 2349 2367 2080
4266 2 2 1 3 1477 1744 1490
4267 2 2 1 3 1744 1745 1490
4268 2 2 1 3 928 2368 1258
4269 2 2 1 3 2286 2365 1918
4270 2 2 1 3 1824 2385 1661
4271 2 2 1 3 149 2321 150
4272 2 2 1 3 2508 2511 824
4273 2 2 1 3 2355 2363 2187
4274 2 2 1 3 1007 2347 1009
4275 2 2 1 3 1387 2317 1384
4276 2 2 1 3 161 2299 844
4277 2 2 1 3 1932 2416 1682
4278 2 2 1 3 1009 2347 2334
4279 2 2 1 3 2224 2365 2286
4280 2 2 1 3 1149 2348 2240
4281 2 2 1 3 1372 2332 1369
4282 2 2 1 3 2056 2429 2422
4283 2 2 1 3 1015 2353 2313
4284 2 2 1 3 2369 2374 1536
4285 2 2 1 3 992 2349 990
4286 2 2 1 3 1224 1346 1341
4287 2 2 1 3 1605 2351 1603
4288 2 2 1 3 1084 2391 1246
4289 2 2 1 3 2002 2412 1116
4290 2 2 1 3 1464 2319 1600
4291 2 2 1 3 1138 2391 1075
4292 2 2 1 3 1755 2333 1576
4293 2 2 1 3 2227 2350 1899
4294 2 2 1 3 1744 1839 1745
4295 2 2 1 3 1989 2404 1884
4296 2 2 1 3 1376 2335 1374
4297 2 2 1 3 2028 2404 2027
4298 2 2 1 3 1322 2352 2168
4299 2 2 1 3 1390 2392 1778
4300 2 2 1 3 1401 2343 1418
4301 2 2 1 3 1511 2399 2352
4302 2 2 1 3 1960 2441 1961
4303 2 2 1 3 1396 2525 2454
4304 2 2 1 3 1603 2354 1505
4305 2 2 1 3 2427 2432 1462
4306 2 2 1 3 1264 2355 1764
4307 2 2 1 3 1012 2353 1015
4308 2 2 1 3 2210 2373 2226
4309 2 2 1 3 2351 2354 1603
4310 2 2 1 3 2348 2366 1642
4311 2 2 1 3 2341 2370 2250
4312 2 2 1 3 2245 2384 2244
4313 2 2 1 3 2080 2367 2045
4314 2 2 1 3 1970 2361 1646
4315 2 2 1 3 921 2357 925
4316 2 2 1 3 1280 2364 2344
4317 2 2 1 3 1741 1831 1740
4318 2 2 1 3 1405 2332 1372
4319 2 2 1 3 2436 2505 852
4320 2 2 1 3 2261 2370 1504
4321 2 2 1 3 1727 2375 1692
4322 2 2 1 3 1775 2360 1774
4323 2 2 1 3 1374 2335 1405
4324 2 2 1 3 2366 2369 1642
4325 2 2 1 3 1576 2333 1891
4326 2 2 1 3 1856 2232 1855
4327 2 2 1 3 2364 2375 1766
4328 2 2 1 3 1264 2363 2355
4329 2 2 1 3 1406 2335 1376
4330 2 2 1 3 1183 2400 1317
4331 2 2 1 3 1313 2371 2247
4332 2 2 1 3 1885 2333 1755
4333 2 2 1 3 1862 1863 1860
4334 2 2 1 3 2381 2382 1587
4335 2 2 1 3 1861 2232 1856
4336 2 2 1 3 2261 2381 2370
4337 2 2 1 3 1472 1474 1404
4338 2 2 1 3 1859 1860 1858
4339 2 2 1 3 1558 1886 1871
4340 2 2 1 3 2324 2359 1460
4341 2 2 1 3 1418 2343 1566
4342 2 2 1 3 2373 2389 1765
4343 2 2 1 3 2205 2421 1511
4344 2 2 1 3 1380 2362 1378
4345 2 2 1 3 1475 1476 1474
4346 2 2 1 3 1395 1403 1399
4347 2 2 1 3 2256 2363 1264
4348 2 2 1 3 1977 2443 2216
4349 2 2 1 3 1436 2365 2224
4350 2 2 1 3 2288 2371 1313
4351 2 2 1 3 1503 2366 2219
4352 2 2 1 3 1557 2405 1045
4353 2 2 1 3 2284 2364 1280
4354 2 2 1 3 1460 2359 1716
4355 2 2 1 3 1044 2405 1061
4356 2 2 1 3 1639 2408 1964
4357 2 2 1 3 1660 2378 2363
4358 2 2 1 3 2498 2500 2175
4359 2 2 1 3 2357 2368 925
4360 2 2 1 3 2285 2367 1496
4361 2 2 1 3 1475 1477 1476
4362 2 2 1 3 1637 2409 2178
4363 2 2 1 3 1652 2399 1645
4364 2 2 1 3 1378 2362 1406
4365 2 2 1 3 1642 2369 1444
4366 2 2 1 3 2219 2366 2348
4367 2 2 1 3 925 2368 928
4368 2 2 1 3 1341 2386 1468
4369 2 2 1 3 2205 2425 2421
4370 2 2 1 3 1771 2382 2381
4371 2 2 1 3 2339 2380 2327
4372 2 2 1 3 2361 2397 1671
4373 2 2 1 3 1662 2406 2270
4374 2 2 1 3 1895 2410 2402
4375 2 2 1 3 1673 2418 1674
4376 2 2 1 3 1383 2362 1380
4377 2 2 1 3 2384 2394 1773
4378 2 2 1 3 1311 2387 2379
4379 2 2 1 3 1855 2446 1794
4380 2 2 1 3 2367 2379 2045
4381 2 2 1 3 1436 2373 2365
4382 2 2 1 3 1204 2358 1182
4383 2 2 1 3 2250 2370 2177
4384 2 2 1 3 906 2413 1063
4385 2 2 1 3 1627 2371 2288
4386 2 2 1 3 2177 2381 1587
4387 2 2 1 3 1766 2375 1725
4388 2 2 1 3 1644 2376 1915
4389 2 2 1 3 1770 2374 1769
4390 2 2 1 3 1468 2386 1741
4391 2 2 1 3 2226 2373 1436
4392 2 2 1 3 2370 2381 2177
4393 2 2 1 3 1511 2421 2399
4394 2 2 1 3 1872 2372 2319
4395 2 2 1 3 2100 2447 2098
4396 2 2 1 3 1649 2377 1908
4397 2 2 1 3 1211 2415 902
4398 2 2 1 3 1182 2358 1224
4399 2 2 1 3 2057 2411 2246
4400 2 2 1 3 1089 2450 1895
4401 2 2 1 3 1769 2374 2369
4402 2 2 1 3 2285 2379 2367
4403 2 2 1 3 150 2321 881
4404 2 2 1 3 2425 2430 1664
4405 2 2 1 3 1258 2395 2278
4406 2 2 1 3 1696 2512 2511
4407 2 2 1 3 1600 2372 1852
4408 2 2 1 3 1651 2426 2036
4409 2 2 1 3 2502 2506 2179
4410 2 2 1 3 1641 2410 1955
4411 2 2 1 3 2187 2378 1542
4412 2 2 1 3 2319 2372 1600
4413 2 2 1 3 1001 2439 1020
4414 2 2 1 3 1841 2514 1842
4415 2 2 1 3 2255 2420 1763
4416 2 2 1 3 1627 2384 2371
4417 2 2 1 3 2006 2380 2339
4418 2 2 1 3 2363 2378 2187
4419 2 2 1 3 1656 2425 1664
4420 2 2 1 3 1587 2382 1445
4421 2 2 1 3 2378 2385 1542
4422 2 2 1 3 1472 1475 1474
4423 2 2 1 3 900 2424 1211
4424 2 2 1 3 2136 2379 2285
4425 2 2 1 3 1403 1471 1404
4426 2 2 1 3 2352 2399 1652
4427 2 2 1 3 1224 2358 1346
4428 2 2 1 3 1771 2381 2261
4429 2 2 1 3 1472 1550 1475
4430 2 2 1 3 1765 2389 1665
4431 2 2 1 3 1471 1472 1404
4432 2 2 1 3 2108 2395 2377
4433 2 2 1 3 1859 1862 1860
4434 2 2 1 3 2098 2449 2097
4435 2 2 1 3 1582 2424 898
4436 2 2 1 3 2045 2387 2044
4437 2 2 1 3 2244 2384 1627
4438 2 2 1 3 1542 2385 2260
4439 2 2 1 3 1446 2427 1462
4440 2 2 1 3 1341 1468 1412
4441 2 2 1 3 2447 2449 2098
4442 2 2 1 3 1453 2433 1451
4443 2 2 1 3 1531 2475 2388
4444 2 2 1 3 1336 2388 2155
4445 2 2 1 3 2449 2451 2097
4446 2 2 1 3 2091 2390 2090
4447 2 2 1 3 1927 2592 859
4448 2 2 1 3 2327 2380 1631
4449 2 2 1 3 1665 2398 1650
4450 2 2 1 3 2090 2459 1138
4451 2 2 1 3 1468 1548 1412
4452 2 2 1 3 1075 2391 1084
4453 2 2 1 3 1248 2389 2210
4454 2 2 1 3 2389 2398 1665
4455 2 2 1 3 1563 2454 1699
4456 2 2 1 3 2387 2393 2044
4457 2 2 1 3 2380 2396 1631
4458 2 2 1 3 1403 1404 1399
4459 2 2 1 3 2207 2440 2100
4460 2 2 1 3 2456 2459 2090
4461 2 2 1 3 1757 2442 1709
4462 2 2 1 3 1975 2465 1977
4463 2 2 1 3 1697 2483 2064
4464 2 2 1 3 2027 2404 1989
4465 2 2 1 3 1664 2430 1728
4466 2 2 1 3 1773 2394 1772
4467 2 2 1 3 1857 1865 1859
4468 2 2 1 3 2473 2478 1685
4469 2 2 1 3 2044 2393 2144
4470 2 2 1 3 1548 2356 1795
4471 2 2 1 3 1857 1859 1858
4472 2 2 1 3 1248 2398 2389
4473 2 2 1 3 2398 2407 1650
4474 2 2 1 3 1955 2410 2343
4475 2 2 1 3 1477 2383 1744
4476 2 2 1 3 1561 1833 1739
4477 2 2 1 3 1468 1740 1548
4478 2 2 1 3 2305 2397 1440
4479 2 2 1 3 2222 2488 1531
4480 2 2 1 3 2393 2401 2144
4481 2 2 1 3 1964 2491 1689
4482 2 2 1 3 2343 2410 1566
4483 2 2 1 3 2377 2395 1258
4484 2 2 1 3 1831 2293 1740
4485 2 2 1 3 2379 2387 2045
4486 2 2 1 3 1857 1858 1856
4487 2 2 1 3 2236 2398 1248
4488 2 2 1 3 2397 2434 1671
4489 2 2 1 3 1837 2532 1739
4490 2 2 1 3 1435 2400 1183
4491 2 2 1 3 2278 2395 1625
4492 2 2 1 3 1631 2396 1768
4493 2 2 1 3 2144 2401 1652
4494 2 2 1 3 1650 2407 2137
4495 2 2 1 3 1107 2394 2245
4496 2 2 1 3 2394 2406 1772
4497 2 2 1 3 1973 2403 1975
4498 2 2 1 3 1645 2399 2271
4499 2 2 1 3 1533 2470 2467
4500 2 2 1 3 1512 2453 2451
4501 2 2 1 3 1399 2428 2392
4502 2 2 1 3 1671 2434 2019
4503 2 2 1 3 1107 2406 2394
4504 2 2 1 3 2407 2411 2137
4505 2 2 1 3 2222 2493 2488
4506 2 2 1 3 2201 2397 2305
4507 2 2 1 3 1836 1838 1552
4508 2 2 1 3 1666 2431 2108
4509 2 2 1 3 910 2445 2152
4510 2 2 1 3 1978 2458 2403
4511 2 2 1 3 1534 2438 1789
4512 2 2 1 3 1440 2397 2361
4513 2 2 1 3 908 2445 910
4514 2 2 1 3 2236 2407 2398
4515 2 2 1 3 2108 2431 2395
4516 2 2 1 3 2179 2506 832
4517 2 2 1 3 2152 2445 2028
4518 2 2 1 3 1807 2435 2283
4519 2 2 1 3 1475 2383 1477
4520 2 2 1 3 1946 2521 1021
4521 2 2 1 3 1404 2428 1399
4522 2 2 1 3 2102 2402 1641
4523 2 2 1 3 1395 1399 1391
4524 2 2 1 3 1666 2437 2431
4525 2 2 1 3 1776 2432 2427
4526 2 2 1 3 1745 2438 1490
4527 2 2 1 3 1077 2407 2236
4528 2 2 1 3 2270 2406 1107
4529 2 2 1 3 1045 2405 1044
4530 2 2 1 3 2163 2408 1639
4531 2 2 1 3 1780 2409 1637
4532 2 2 1 3 2002 2474 2412
4533 2 2 1 3 1077 2411 2407
4534 2 2 1 3 2493 2497 1710
4535 2 2 1 3 2095 2453 2093
4536 2 2 1 3 1116 2412 1978
4537 2 2 1 3 1697 2484 2483
4538 2 2 1 3 1686 2484 1697
4539 2 2 1 3 1388 2392 1390
4540 2 2 1 3 2399 2421 2271
4541 2 2 1 3 1677 2437 1666
4542 2 2 1 3 904 2413 906
4543 2 2 1 3 2395 2431 1625
4544 2 2 1 3 2246 2411 1077
4545 2 2 1 3 1687 2485 1686
4546 2 2 1 3 1677 2440 2437
4547 2 2 1 3 1740 2356 1548
4548 2 2 1 3 1512 2451 1331
4549 2 2 1 3 904 2415 2413
4550 2 2 1 3 902 2415 904
4551 2 2 1 3 2448 2469 1647
4552 2 2 1 3 1686 2485 2484
4553 2 2 1 3 1531 2488 2475
4554 2 2 1 3 1933 2416 1932
4555 2 2 1 3 2201 2434 2397
4556 2 2 1 3 2163 2494 2489
4557 2 2 1 3 1689 2487 1687
4558 2 2 1 3 1561 1739 1559
4559 2 2 1 3 1780 2495 2490
4560 2 2 1 3 300 2455 299
4561 2 2 1 3 2016 2516 1417
4562 2 2 1 3 1552 2414 1471
4563 2 2 1 3 2057 2422 2411
4564 2 2 1 3 1687 2487 2485
4565 2 2 1 3 2434 2443 2019
4566 2 2 1 3 1550 2383 1475
4567 2 2 1 3 1948 2463 1476
4568 2 2 1 3 2390 2456 2090
4569 2 2 1 3 1759 2418 1673
4570 2 2 1 3 2496 2502 875
4571 2 2 1 3 2433 2510 1451
4572 2 2 1 3 2392 2428 1778
4573 2 2 1 3 949 2501 2002
4574 2 2 1 3 1566 2410 1895
4575 2 2 1 3 1417 2515 2133
4576 2 2 1 3 1500 2456 1512
4577 2 2 1 3 1758 2419 1875
4578 2 2 1 3 1854 1857 1856
4579 2 2 1 3 2059 2480 2058
4580 2 2 1 3 2293 2356 1740
4581 2 2 1 3 2444 2518 1950
4582 2 2 1 3 2133 2509 949
4583 2 2 1 3 1689 2491 2487
4584 2 2 1 3 1783 2486 2376
4585 2 2 1 3 1360 2460 1359
4586 2 2 1 3 1472 2414 1550
4587 2 2 1 3 1854 1855 1794
4588 2 2 1 3 1662 2423 2406
4589 2 2 1 3 875 2502 2179
4590 2 2 1 3 1783 2520 2486
4591 2 2 1 3 1962 2534 1189
4592 2 2 1 3 1772 2423 1510
4593 2 2 1 3 2061 2481 2059
4594 2 2 1 3 1790 2467 1679
4595 2 2 1 3 1723 2460 1483
4596 2 2 1 3 1700 2420 2255
4597 2 2 1 3 2137 2422 1608
4598 2 2 1 3 2205 2430 2425
4599 2 2 1 3 2495 2498 874
4600 2 2 1 3 1462 2432 1714
4601 2 2 1 3 1933 2476 2472
4602 2 2 1 3 2064 2482 2061
4603 2 2 1 3 2476 2477 846
4604 2 2 1 3 898 2424 900
4605 2 2 1 3 2271 2421 1655
4606 2 2 1 3 2421 2425 1655
4607 2 2 1 3 1854 1856 1855
4608 2 2 1 3 2059 2481 2480
4609 2 2 1 3 1515 2458 1434
4610 2 2 1 3 2423 2427 1510
4611 2 2 1 3 1417 2516 2515
4612 2 2 1 3 2174 2499 828
4613 2 2 1 3 1655 2425 1656
4614 2 2 1 3 2061 2482 2481
4615 2 2 1 3 2382 2448 1647
4616 2 2 1 3 2422 2429 1608
4617 2 2 1 3 1779 2426 1651
4618 2 2 1 3 858 2464 106
4619 2 2 1 3 2064 2483 2482
4620 2 2 1 3 1471 2414 1472
4621 2 2 1 3 2036 2462 1678
4622 2 2 1 3 2133 2515 2509
4623 2 2 1 3 2420 2500 1763
4624 2 2 1 3 1682 2468 1680
4625 2 2 1 3 949 2509 2501
4626 2 2 1 3 1510 2427 1446
4627 2 2 1 3 108 2466 854
4628 2 2 1 3 2499 2503 828
4629 2 2 1 3 1883 2512 1696
4630 2 2 1 3 828 2503 2169
4631 2 2 1 3 1608 2429 1888
4632 2 2 1 3 1895 2450 1756
4633 2 2 1 3 1466 2430 2205
4634 2 2 1 3 1625 2431 2253
4635 2 2 1 3 1678 2461 2041
4636 2 2 1 3 2223 2469 1775
4637 2 2 1 3 2466 2468 854
4638 2 2 1 3 854 2472 109
4639 2 2 1 3 1779 2466 2464
4640 2 2 1 3 2058 2477 1683
4641 2 2 1 3 1715 2471 1797
4642 2 2 1 3 2155 2478 1245
4643 2 2 1 3 1648 2510 2507
4644 2 2 1 3 1527 2473 1685
4645 2 2 1 3 111 2476 846
4646 2 2 1 3 2233 2446 1855
4647 2 2 1 3 2440 2447 2100
4648 2 2 1 3 1507 2448 1771
4649 2 2 1 3 2431 2437 2253
4650 2 2 1 3 1676 2433 1453
4651 2 2 1 3 2041 2457 1786
4652 2 2 1 3 1021 2439 1001
4653 2 2 1 3 1678 2462 2461
4654 2 2 1 3 1929 2529 1074
4655 2 2 1 3 1676 2436 2433
4656 2 2 1 3 2306 2432 1776
4657 2 2 1 3 1781 2436 1676
4658 2 2 1 3 1838 2414 1552
4659 2 2 1 3 1397 2538 2535
4660 2 2 1 3 1685 2475 1663
4661 2 2 1 3 1168 2434 2201
4662 2 2 1 3 2283 2435 1621
4663 2 2 1 3 1474 2428 1404
4664 2 2 1 3 1829 2471 2309
4665 2 2 1 3 1977 2465 2443
4666 2 2 1 3 1786 2452 1787
4667 2 2 1 3 2002 2501 2474
4668 2 2 1 3 1512 2456 2390
4669 2 2 1 3 2253 2437 1128
4670 2 2 1 3 1074 2530 1959
4671 2 2 1 3 1490 2438 1534
4672 2 2 1 3 2437 2440 1128
4673 2 2 1 3 2411 2422 2137
4674 2 2 1 3 2406 2423 1772
4675 2 2 1 3 1636 2479 1556
4676 2 2 1 3 2432 2442 1714
4677 2 2 1 3 133 2505 134
4678 2 2 1 3 2041 2461 2457
4679 2 2 1 3 2163 2489 2408
4680 2 2 1 3 1699 2454 1793
4681 2 2 1 3 1408 2470 1533
4682 2 2 1 3 1780 2490 2409
4683 2 2 1 3 1128 2440 2207
4684 2 2 1 3 2409 2506 2178
4685 2 2 1 3 1672 2474 2300
4686 2 2 1 3 1948 2470 2463
4687 2 2 1 3 1959 2441 1960
4688 2 2 1 3 2360 2448 1507
4689 2 2 1 3 1786 2457 2452
4690 2 2 1 3 2403 2458 1515
4691 2 2 1 3 837 2489 120
4692 2 2 1 3 832 2490 125
4693 2 2 1 3 2439 2444 1020
4694 2 2 1 3 1582 2512 2424
4695 2 2 1 3 1168 2443 2434
4696 2 2 1 3 2216 2443 1168
4697 2 2 1 3 122 2494 875
4698 2 2 1 3 127 2495 874
4699 2 2 1 3 1933 2472 2416
4700 2 2 1 3 834 2547 1898
4701 2 2 1 3 2058 2480 2477
4702 2 2 1 3 2529 2530 1074
4703 2 2 1 3 2161 2496 2163
4704 2 2 1 3 1694 2493 1710
4705 2 2 1 3 2417 2533 1840
4706 2 2 1 3 2225 2500 1690
4707 2 2 1 3 1743 2497 1482
4708 2 2 1 3 1944 2520 1946
4709 2 2 1 3 1063 2445 908
4710 2 2 1 3 2360 2469 2448
4711 2 2 1 3 2306 2442 2432
4712 2 2 1 3 1709 2442 2306
4713 2 2 1 3 2169 2507 2153
4714 2 2 1 3 2175 2500 2420
4715 2 2 1 3 2388 2475 1685
4716 2 2 1 3 1450 2510 1648
4717 2 2 1 3 2154 2510 2433
4718 2 2 1 3 2263 2447 1677
4719 2 2 1 3 2426 2464 858
4720 2 2 1 3 1385 2539 1865
4721 2 2 1 3 2416 2472 854
4722 2 2 1 3 2451 2453 2097
4723 2 2 1 3 1971 2519 1363
4724 2 2 1 3 1779 2464 2426
4725 2 2 1 3 1633 2513 1729
4726 2 2 1 3 2263 2449 2447
4727 2 2 1 3 2428 2463 1778
4728 2 2 1 3 135 2508 824
4729 2 2 1 3 1696 2511 1781
4730 2 2 1 3 1866 2519 1846
4731 2 2 1 3 1713 2513 2297
4732 2 2 1 3 1332 2451 2449
4733 2 2 1 3 1332 2449 2263
4734 2 2 1 3 2412 2474 1672
4735 2 2 1 3 1677 2447 2440
4736 2 2 1 3 832 2506 2409
4737 2 2 1 3 1331 2451 1332
4738 2 2 1 3 2223 2478 2473
4739 2 2 1 3 2223 2473 2469
4740 2 2 1 3 1532 2518 1643
4741 2 2 1 3 2408 2489 837
4742 2 2 1 3 2409 2490 832
4743 2 2 1 3 1474 2463 2428
4744 2 2 1 3 1756 2450 1894
4745 2 2 1 3 2503 2507 2169
4746 2 2 1 3 2467 2470 1948
4747 2 2 1 3 2097 2453 2095
4748 2 2 1 3 885 2452 2229
4749 2 2 1 3 869 2455 300
4750 2 2 1 3 841 2572 1905
4751 2 2 1 3 1846 2519 1581
4752 2 2 1 3 2424 2512 1883
4753 2 2 1 3 1653 2456 1500
4754 2 2 1 3 1771 2448 2382
4755 2 2 1 3 2452 2457 2229
4756 2 2 1 3 1653 2459 2456
4757 2 2 1 3 2229 2457 879
4758 2 2 1 3 2520 2521 1946
4759 2 2 1 3 1887 2459 1653
4760 2 2 1 3 2443 2465 2019
4761 2 2 1 3 1483 2460 1360
4762 2 2 1 3 1699 1793 1792
4763 2 2 1 3 874 2498 2175
4764 2 2 1 3 1434 2458 1672
4765 2 2 1 3 879 2461 2218
4766 2 2 1 3 2457 2461 879
4767 2 2 1 3 1833 1837 1739
4768 2 2 1 3 2218 2462 858
4769 2 2 1 3 2461 2462 2218
4770 2 2 1 3 106 2464 107
4771 2 2 1 3 2019 2465 1515
4772 2 2 1 3 2464 2466 107
4773 2 2 1 3 107 2466 108
4774 2 2 1 3 1133 2522 1164
4775 2 2 1 3 1679 2467 1948
4776 2 2 1 3 1853 1854 1794
4777 2 2 1 3 1933 2477 2476
4778 2 2 1 3 1680 2468 1779
4779 2 2 1 3 1476 2463 1474
4780 2 2 1 3 1779 2468 2466
4781 2 2 1 3 886 2596 2233
4782 2 2 1 3 1743 2504 2497
4783 2 2 1 3 1778 2470 1408
4784 2 2 1 3 2222 2497 2493
4785 2 2 1 3 109 2472 110
4786 2 2 1 3 2309 2471 1715
4787 2 2 1 3 1647 2473 1527
4788 2 2 1 3 2472 2476 110
4789 2 2 1 3 2463 2470 1778
4790 2 2 1 3 110 2476 111
4791 2 2 1 3 1663 2475 2302
4792 2 2 1 3 2300 2474 1640
4793 2 2 1 3 1751 2492 2040
4794 2 2 1 3 1806 2526 1721
4795 2 2 1 3 2001 2527 887
4796 2 2 1 3 1683 2477 1933
4797 2 2 1 3 1748 2573 1749
4798 2 2 1 3 1775 2469 2360
4799 2 2 1 3 1849 2492 1751
4800 2 2 1 3 1780 2498 2495
4801 2 2 1 3 1245 2478 2223
4802 2 2 1 3 1556 2479 1870
4803 2 2 1 3 846 2480 2192
4804 2 2 1 3 1406 2486 2335
4805 2 2 1 3 1550 2514 2383
4806 2 2 1 3 1643 2518 2444
4807 2 2 1 3 2511 2512 1922
4808 2 2 1 3 2480 2481 2192
4809 2 2 1 3 2192 2481 876
4810 2 2 1 3 1793 1794 1792
4811 2 2 1 3 2481 2482 876
4812 2 2 1 3 2335 2486 2304
4813 2 2 1 3 2475 2488 2302
4814 2 2 1 3 876 2482 2188
4815 2 2 1 3 2482 2483 2188
4816 2 2 1 3 2474 2501 1640
4817 2 2 1 3 2188 2483 842
4818 2 2 1 3 842 2484 2189
4819 2 2 1 3 2477 2480 846
4820 2 2 1 3 2483 2484 842
4821 2 2 1 3 2486 2520 2304
4822 2 2 1 3 2484 2485 2189
4823 2 2 1 3 2507 2510 2154
4824 2 2 1 3 2189 2485 877
4825 2 2 1 3 2485 2487 877
4826 2 2 1 3 2228 2506 2502
4827 2 2 1 3 877 2487 2185
4828 2 2 1 3 120 2489 121
4829 2 2 1 3 125 2490 126
4830 2 2 1 3 2487 2491 2185
4831 2 2 1 3 2185 2491 837
4832 2 2 1 3 2489 2494 121
4833 2 2 1 3 2488 2493 1693
4834 2 2 1 3 2490 2495 126
4835 2 2 1 3 2040 2492 1874
4836 2 2 1 3 2302 2488 1693
4837 2 2 1 3 121 2494 122
4838 2 2 1 3 1693 2493 1694
4839 2 2 1 3 126 2495 127
4840 2 2 1 3 134 2508 135
4841 2 2 1 3 2469 2473 1647
4842 2 2 1 3 1922 2512 1582
4843 2 2 1 3 2162 2496 2161
4844 2 2 1 3 2376 2486 1406
4845 2 2 1 3 1793 1853 1794
4846 2 2 1 3 1690 2498 1780
4847 2 2 1 3 2162 2502 2496
4848 2 2 1 3 1482 2497 2222
4849 2 2 1 3 1763 2500 2225
4850 2 2 1 3 1700 2503 2499
4851 2 2 1 3 2228 2502 2162
4852 2 2 1 3 1640 2501 1701
4853 2 2 1 3 1648 2503 1700
4854 2 2 1 3 2383 2514 1841
4855 2 2 1 3 1710 2504 1808
4856 2 2 1 3 2178 2506 2228
4857 2 2 1 3 2153 2507 2154
4858 2 2 1 3 824 2511 1922
4859 2 2 1 3 2501 2509 1701
4860 2 2 1 3 1451 2510 1450
4861 2 2 1 3 1701 2509 1703
4862 2 2 1 3 2509 2515 1703
4863 2 2 1 3 1703 2515 1758
4864 2 2 1 3 2297 2513 1633
4865 2 2 1 3 2515 2516 1758
4866 2 2 1 3 903 2524 901
4867 2 2 1 3 1949 2531 1929
4868 2 2 1 3 1648 2507 2503
4869 2 2 1 3 1386 2538 1389
4870 2 2 1 3 848 2618 1876
4871 2 2 1 3 1700 2499 2420
4872 2 2 1 3 2518 2528 1950
4873 2 2 1 3 1533 2518 1532
4874 2 2 1 3 1745 2534 2438
4875 2 2 1 3 1781 2505 2436
4876 2 2 1 3 1581 2519 1971
4877 2 2 1 3 1758 2516 2419
4878 2 2 1 3 2497 2504 1710
4879 2 2 1 3 2304 2520 1944
4880 2 2 1 3 916 2533 914
4881 2 2 1 3 1782 2521 1783
4882 2 2 1 3 1164 2522 1204
4883 2 2 1 3 2438 2534 1962
4884 2 2 1 3 1783 2521 2520
4885 2 2 1 3 1790 2531 2528
4886 2 2 1 3 1790 2528 2467
4887 2 2 1 3 2505 2508 134
4888 2 2 1 3 914 2533 2417
4889 2 2 1 3 2242 2537 1706
4890 2 2 1 3 1901 2636 827
4891 2 2 1 3 1781 2508 2505
4892 2 2 1 3 2540 2557 163
4893 2 2 1 3 1721 2526 1723
4894 2 2 1 3 1853 2535 1854
4895 2 2 1 3 857 2545 10
4896 2 2 1 3 1857 2535 1865
4897 2 2 1 3 887 2527 1982
4898 2 2 1 3 1929 2531 2529
4899 2 2 1 3 1533 2528 2518
4900 2 2 1 3 2132 2551 1726
4901 2 2 1 3 843 2321 149
4902 2 2 1 3 2528 2531 1950
4903 2 2 1 3 162 2540 163
4904 2 2 1 3 1626 2541 1466
4905 2 2 1 3 1865 2539 1859
4906 2 2 1 3 866 2544 1958
4907 2 2 1 3 1925 2544 1924
4908 2 2 1 3 2454 2525 1793
4909 2 2 1 3 1381 2549 1862
4910 2 2 1 3 1951 2545 1953
4911 2 2 1 3 1793 2525 1853
4912 2 2 1 3 2131 2635 1809
4913 2 2 1 3 882 2543 155
4914 2 2 1 3 10 2545 172
4915 2 2 1 3 827 2636 2146
4916 2 2 1 3 2260 2546 1711
4917 2 2 1 3 2233 2566 886
4918 2 2 1 3 880 2550 2118
4919 2 2 1 3 144 848 145
4920 2 2 1 3 823 2548 188
4921 2 2 1 3 157 2547 834
4922 2 2 1 3 189 2548 878
4923 2 2 1 3 2430 2541 1728
4924 2 2 1 3 2467 2528 1533
4925 2 2 1 3 1788 2529 1790
4926 2 2 1 3 1950 2531 1949
4927 2 2 1 3 1880 2584 1864
4928 2 2 1 3 1788 2530 2529
4929 2 2 1 3 1789 2530 1788
4930 2 2 1 3 833 2550 193
4931 2 2 1 3 194 2550 880
4932 2 2 1 3 1726 2551 1691
4933 2 2 1 3 1931 2532 1228
4934 2 2 1 3 192 2552 833
4935 2 2 1 3 169 2561 889
4936 2 2 1 3 1954 2620 1749
4937 2 2 1 3 1189 2533 916
4938 2 2 1 3 1882 2584 1880
4939 2 2 1 3 1840 2534 1745
4940 2 2 1 3 860 2559 2001
4941 2 2 1 3 2260 2581 2546
4942 2 2 1 3 1854 2535 1857
4943 2 2 1 3 1741 2536 1831
4944 2 2 1 3 2075 2554 2074
4945 2 2 1 3 147 886 148
4946 2 2 1 3 1983 2568 885
4947 2 2 1 3 168 2561 169
4948 2 2 1 3 2529 2531 1790
4949 2 2 1 3 1706 2537 1817
4950 2 2 1 3 1389 2538 1397
4951 2 2 1 3 850 2623 2590
4952 2 2 1 3 7 884 142
4953 2 2 1 3 1905 2627 841
4954 2 2 1 3 2455 2560 299
4955 2 2 1 3 293 2555 1900
4956 2 2 1 3 868 2556 304
4957 2 2 1 3 303 2556 830
4958 2 2 1 3 1749 2620 1968
4959 2 2 1 3 1859 2539 1862
4960 2 2 1 3 1802 2557 2540
4961 2 2 1 3 294 2555 293
4962 2 2 1 3 164 2557 855
4963 2 2 1 3 1545 2558 1815
4964 2 2 1 3 1797 2560 2455
4965 2 2 1 3 298 2560 825
4966 2 2 1 3 891 2542 260
4967 2 2 1 3 2541 2578 1728
4968 2 2 1 3 260 2542 259
4969 2 2 1 3 844 2540 162
4970 2 2 1 3 2435 2558 1621
4971 2 2 1 3 1810 2567 1730
4972 2 2 1 3 864 2564 176
4973 2 2 1 3 177 2564 838
4974 2 2 1 3 2268 2617 2012
4975 2 2 1 3 97 2542 98
4976 2 2 1 3 1896 2567 1897
4977 2 2 1 3 2315 2575 1935
4978 2 2 1 3 1862 2549 1863
4979 2 2 1 3 1466 2541 2430
4980 2 2 1 3 267 2565 266
4981 2 2 1 3 1919 2614 864
4982 2 2 1 3 867 2553 1997
4983 2 2 1 3 1924 2544 866
4984 2 2 1 3 155 2543 156
4985 2 2 1 3 1798 2569 1733
4986 2 2 1 3 1735 2569 1906
4987 2 2 1 3 881 2584 1882
4988 2 2 1 3 1863 2549 1879
4989 2 2 1 3 284 2570 871
4990 2 2 1 3 1985 2553 867
4991 2 2 1 3 1905 2572 1904
4992 2 2 1 3 172 2545 1951
4993 2 2 1 3 1726 2635 2131
4994 2 2 1 3 1711 2546 1832
4995 2 2 1 3 2543 2547 156
4996 2 2 1 3 1725 2571 1722
4997 2 2 1 3 1738 2572 1803
4998 2 2 1 3 847 2573 1919
4999 2 2 1 3 2241 2604 1803
5000 2 2 1 3 1791 2586 1876
5001 2 2 1 3 156 2547 157
5002 2 2 1 3 2277 2574 859
5003 2 2 1 3 1935 2575 1934
5004 2 2 1 3 188 2548 189
5005 2 2 1 3 885 2568 2452
5006 2 2 1 3 1754 2576 1804
5007 2 2 1 3 2546 2581 851
5008 2 2 1 3 193 2550 194
5009 2 2 1 3 2460 2583 1359
5010 2 2 1 3 1684 2574 2012
5011 2 2 1 3 1980 2580 181
5012 2 2 1 3 182 2580 829
5013 2 2 1 3 1691 2551 1727
5014 2 2 1 3 2127 2578 2541
5015 2 2 1 3 1892 2582 1768
5016 2 2 1 3 191 2552 192
5017 2 2 1 3 2375 2577 1725
5018 2 2 1 3 2085 2583 2460
5019 2 2 1 3 1967 2638 1827
5020 2 2 1 3 1824 2581 2385
5021 2 2 1 3 1797 2589 1743
5022 2 2 1 3 259 2542 97
5023 2 2 1 3 829 2638 1967
5024 2 2 1 3 1827 2582 1967
5025 2 2 1 3 1801 2575 2315
5026 2 2 1 3 1742 2593 2039
5027 2 2 1 3 1784 2588 1828
5028 2 2 1 3 269 2590 2081
5029 2 2 1 3 850 2590 270
5030 2 2 1 3 1802 2595 1736
5031 2 2 1 3 1876 2618 1877
5032 2 2 1 3 2233 2596 2446
5033 2 2 1 3 1997 2553 2513
5034 2 2 1 3 2455 2589 1797
5035 2 2 1 3 1967 2582 865
5036 2 2 1 3 2038 2629 1742
5037 2 2 1 3 1718 2593 1742
5038 2 2 1 3 871 2570 2537
5039 2 2 1 3 286 2594 285
5040 2 2 1 3 1813 2598 2146
5041 2 2 1 3 1957 2599 849
5042 2 2 1 3 8 2566 843
5043 2 2 1 3 2513 2553 1729
5044 2 2 1 3 2146 2598 290
5045 2 2 1 3 289 2598 873
5046 2 2 1 3 891 2610 2542
5047 2 2 1 3 2119 2601 2120
5048 2 2 1 3 2118 2604 880
5049 2 2 1 3 881 2602 2584
5050 2 2 1 3 2551 2554 1727
5051 2 2 1 3 2074 2554 845
5052 2 2 1 3 859 2592 203
5053 2 2 1 3 11 2612 315
5054 2 2 1 3 205 2612 11
5055 2 2 1 3 2116 2604 2118
5056 2 2 1 3 878 2607 2123
5057 2 2 1 3 834 2605 158
5058 2 2 1 3 159 2605 883
5059 2 2 1 3 888 2612 1926
5060 2 2 1 3 860 2588 2559
5061 2 2 1 3 851 2555 294
5062 2 2 1 3 2123 2607 2122
5063 2 2 1 3 1799 2607 1816
5064 2 2 1 3 295 2608 851
5065 2 2 1 3 870 2609 2075
5066 2 2 1 3 99 2610 890
5067 2 2 1 3 2356 2603 1795
5068 2 2 1 3 266 2613 265
5069 2 2 1 3 1985 2579 2553
5070 2 2 1 3 2276 2638 1835
5071 2 2 1 3 1982 2631 1981
5072 2 2 1 3 1787 2559 1785
5073 2 2 1 3 1619 2635 1726
5074 2 2 1 3 1900 2555 1824
5075 2 2 1 3 297 2630 296
5076 2 2 1 3 2082 2626 840
5077 2 2 1 3 1809 2635 2292
5078 2 2 1 3 841 2627 197
5079 2 2 1 3 165 2621 9
5080 2 2 1 3 1935 2615 1811
5081 2 2 1 3 304 2556 303
5082 2 2 1 3 2086 2583 2085
5083 2 2 1 3 840 2626 2526
5084 2 2 1 3 163 2557 164
5085 2 2 1 3 2527 2559 1787
5086 2 2 1 3 2540 2595 1802
5087 2 2 1 3 869 2589 2455
5088 2 2 1 3 1621 2558 1545
5089 2 2 1 3 1742 2629 1892
5090 2 2 1 3 1820 2624 1881
5091 2 2 1 3 2001 2559 2527
5092 2 2 1 3 299 2560 298
5093 2 2 1 3 2075 2577 2554
5094 2 2 1 3 1809 2623 2131
5095 2 2 1 3 889 2561 2293
5096 2 2 1 3 2590 2623 1815
5097 2 2 1 3 198 2627 1906
5098 2 2 1 3 2553 2579 1729
5099 2 2 1 3 1346 2620 2386
5100 2 2 1 3 1804 2624 1820
5101 2 2 1 3 176 2564 177
5102 2 2 1 3 851 2608 2546
5103 2 2 1 3 882 2576 2543
5104 2 2 1 3 145 2562 146
5105 2 2 1 3 1730 2567 1896
5106 2 2 1 3 856 2565 267
5107 2 2 1 3 2588 2613 1828
5108 2 2 1 3 1716 2628 1958
5109 2 2 1 3 148 2566 8
5110 2 2 1 3 146 2563 147
5111 2 2 1 3 2526 2626 1723
5112 2 2 1 3 2012 2617 1798
5113 2 2 1 3 1733 2569 1735
5114 2 2 1 3 2039 2593 823
5115 2 2 1 3 2452 2568 1787
5116 2 2 1 3 2086 2611 2583
5117 2 2 1 3 1801 2606 2575
5118 2 2 1 3 285 2570 284
5119 2 2 1 3 1906 2627 1905
5120 2 2 1 3 1928 2574 1684
5121 2 2 1 3 1877 2618 143
5122 2 2 1 3 1904 2572 1738
5123 2 2 1 3 1722 2571 1806
5124 2 2 1 3 1952 2573 847
5125 2 2 1 3 2564 2615 838
5126 2 2 1 3 873 2578 2127
5127 2 2 1 3 1934 2575 863
5128 2 2 1 3 848 2562 145
5129 2 2 1 3 869 2619 2589
5130 2 2 1 3 204 2592 1926
5131 2 2 1 3 849 2579 1985
5132 2 2 1 3 2610 2631 890
5133 2 2 1 3 2386 2591 1741
5134 2 2 1 3 2075 2609 2571
5135 2 2 1 3 2543 2576 1777
5136 2 2 1 3 1757 2597 1998
5137 2 2 1 3 2552 2601 833
5138 2 2 1 3 2537 2570 1817
5139 2 2 1 3 1741 2591 2536
5140 2 2 1 3 2536 2591 1953
5141 2 2 1 3 1777 2576 1754
5142 2 2 1 3 143 2618 144
5143 2 2 1 3 886 2566 148
5144 2 2 1 3 2554 2577 1727
5145 2 2 1 3 147 2563 886
5146 2 2 1 3 838 2615 1935
5147 2 2 1 3 1727 2577 2375
5148 2 2 1 3 2035 2619 869
5149 2 2 1 3 9 2585 166
5150 2 2 1 3 1728 2578 1813
5151 2 2 1 3 2559 2588 1785
5152 2 2 1 3 1729 2579 1814
5153 2 2 1 3 181 2580 182
5154 2 2 1 3 1980 2606 1800
5155 2 2 1 3 2593 2634 823
5156 2 2 1 3 1798 2617 2569
5157 2 2 1 3 2385 2581 2260
5158 2 2 1 3 1768 2582 1827
5159 2 2 1 3 166 2585 861
5160 2 2 1 3 1359 2583 2237
5161 2 2 1 3 2321 2602 881
5162 2 2 1 3 880 2604 2241
5163 2 2 1 3 2088 2611 2086
5164 2 2 1 3 1796 2586 1791
5165 2 2 1 3 1864 2584 1988
5166 2 2 1 3 889 2587 170
5167 2 2 1 3 171 2587 857
5168 2 2 1 3 2146 2636 1813
5169 2 2 1 3 2542 2610 98
5170 2 2 1 3 1814 2628 2359
5171 2 2 1 3 1813 2636 1705
5172 2 2 1 3 170 2587 171
5173 2 2 1 3 1785 2588 1784
5174 2 2 1 3 203 2592 204
5175 2 2 1 3 2576 2624 1804
5176 2 2 1 3 270 2590 269
5177 2 2 1 3 1953 2591 1954
5178 2 2 1 3 1926 2592 1927
5179 2 2 1 3 2232 2633 843
5180 2 2 1 3 1892 2629 2582
5181 2 2 1 3 2584 2602 1988
5182 2 2 1 3 2125 2593 1718
5183 2 2 1 3 2575 2606 863
5184 2 2 1 3 2446 2596 1796
5185 2 2 1 3 1743 2589 2504
5186 2 2 1 3 2546 2608 1832
5187 2 2 1 3 1736 2595 1912
5188 2 2 1 3 831 2594 286
5189 2 2 1 3 844 2625 2595
5190 2 2 1 3 1830 2597 1757
5191 2 2 1 3 2088 2637 2611
5192 2 2 1 3 2562 2563 146
5193 2 2 1 3 290 2598 289
5194 2 2 1 3 2573 2614 1919
5195 2 2 1 3 1958 2599 1957
5196 2 2 1 3 2583 2611 2237
5197 2 2 1 3 844 2595 2540
5198 2 2 1 3 2321 2633 2602
5199 2 2 1 3 2121 2601 2552
5200 2 2 1 3 861 2616 167
5201 2 2 1 3 2293 2600 2356
5202 2 2 1 3 2120 2601 2121
5203 2 2 1 3 1988 2602 1861
5204 2 2 1 3 2131 2623 850
5205 2 2 1 3 1795 2603 1826
5206 2 2 1 3 1968 2620 1346
5207 2 2 1 3 2374 2637 2112
5208 2 2 1 3 1834 2615 2564
5209 2 2 1 3 831 2622 2594
5210 2 2 1 3 1803 2604 2116
5211 2 2 1 3 863 2606 1980
5212 2 2 1 3 158 2605 159
5213 2 2 1 3 2359 2628 1716
5214 2 2 1 3 2595 2625 1912
5215 2 2 1 3 2125 2634 2593
5216 2 2 1 3 1800 2606 1801
5217 2 2 1 3 2122 2607 1799
5218 2 2 1 3 296 2608 295
5219 2 2 1 3 2078 2609 870
5220 2 2 1 3 2112 2637 2088
5221 2 2 1 3 848 2586 2562
5222 2 2 1 3 843 2633 2321
5223 2 2 1 3 1810 2625 2299
5224 2 2 1 3 98 2610 99
5225 2 2 1 3 1705 2636 1901
5226 2 2 1 3 2589 2619 2504
5227 2 2 1 3 823 2634 2548
5228 2 2 1 3 315 2612 888
5229 2 2 1 3 2237 2611 1770
5230 2 2 1 3 2602 2633 1861
5231 2 2 1 3 167 2616 168
5232 2 2 1 3 860 2613 2588
5233 2 2 1 3 1881 2624 882
5234 2 2 1 3 265 2613 860
5235 2 2 1 3 2609 2632 1806
5236 2 2 1 3 2311 2614 1748
5237 2 2 1 3 1811 2615 1834
5238 2 2 1 3 2299 2625 844
5239 2 2 1 3 853 2617 2268
5240 2 2 1 3 2078 2632 2609
5241 2 2 1 3 2563 2596 886
5242 2 2 1 3 2611 2637 1770
5243 2 2 1 3 2128 2622 831
5244 2 2 1 3 855 2621 165
5245 2 2 1 3 1815 2623 1809
5246 2 2 1 3 1912 2625 1810
5247 2 2 1 3 2504 2619 1808
5248 2 2 1 3 2083 2626 2082
5249 2 2 1 3 197 2627 198
5250 2 2 1 3 865 2629 2038
5251 2 2 1 3 1806 2632 2526
5252 2 2 1 3 825 2630 297
5253 2 2 1 3 1981 2631 891
5254 2 2 1 3 840 2632 2078
5255 2 2 1 3 1816 2634 2125
5256 2 2 1 3 2569 2617 853
5257 2 2 1 3 2292 2635 1619
5258 2 2 1 3 1827 2638 2276
5259 2 2 1 3 1861 2633 2232
5260 2 2 1 3 1770 2637 2374
5261 2 2 1 3 144 2618 848
5262 2 2 1 3 2526 2632 840
5263 2 2 1 3 2600 2616 861
5264 2 2 1 3 2561 2600 2293
5265 2 2 1 3 2548 2634 1816
5266 2 2 1 3 2599 2628 1814
5267 2 2 1 3 882 2624 2576
5268 2 2 1 3 891 2631 2610
5269 2 2 1 3 1748 2614 2573
5270 2 2 1 3 2582 2629 865
5271 2 2 1 3 168 2616 2561
5272 2 2 1 3 1826 2603 2585
5273 2 2 1 3 2571 2609 1806
5274 2 2 1 3 2585 2603 861
5275 2 2 1 3 2561 2616 2600
5276 2 2 1 3 1958 2628 2599
$EndElements
