$MeshFormat
2.2 0 8
$EndMeshFormat
$PhysicalNames
7
0 6 "separation-inf"
0 7 "separation-sup"
1 4 "pressure"
1 5 "fixed"
2 1 "body"
2 2 "cover"
2 3 "scar"
$EndPhysicalNames
$Nodes
1116
1 0.6754664043757063 0.4998629534754574 0
2 0.6540966947071116 0.4987430144478031 0
3 0.5973190799964134 0.4356850849879523 3.388131789017201e-19
4 0.6786065617502824 0.439945181390183 0
5 0.7207 0.4 0
6 0.7206999999999998 0 0
7 0.7806999999999999 0 0
8 0.7806999999999999 0.4 0
9 0.4759304745751662 0.4293233777475604 0
10 0.5342611505365626 0.4924626996986507 0
11 0.4727903172005901 0.4892411498328348 0
12 0.3657340441691846 0.4358648610726302 0
13 0 0 0
14 0.07832443735993684 -1.734723475976807e-16 0
15 0.411696710756323 0.3972976044914376 0
16 0.6647815495414089 0.4993029839616302 0
17 0.6528677789183598 0.4831281568120538 1.320285475348484e-19
18 0.6476393143948127 0.468363427720174 2.271880188102098e-19
19 0.6387676121504806 0.4554550206916951 2.891951376292483e-19
20 0.6268572641285008 0.4452826226105988 3.233306916379377e-19
21 0.6127199411293411 0.4385394657202376 3.367748711159464e-19
22 0.6135765763471872 0.4365371042683986 0
23 0.629834072697961 0.4373891235488447 0
24 0.6460915690487349 0.4382411428292908 0
25 0.6623490653995087 0.4390931621097369 0
26 0.6945446822830998 0.4375276534368993 0
27 0.7082341830277502 0.4290149748404914 0
28 0.717451648405956 0.4157897542553707 0
29 0.7207 0.3818181818181818 0
30 0.7207 0.3636363636363637 0
31 0.7207 0.3454545454545456 0
32 0.7207 0.3272727272727274 0
33 0.7207 0.3090909090909092 0
34 0.7207 0.290909090909091 0
35 0.7207 0.2727272727272728 0
36 0.7207 0.2545454545454546 0
37 0.7207 0.2363636363636365 0
38 0.7207 0.2181818181818183 0
39 0.7207 0.2000000000000001 0
40 0.7207 0.1818181818181819 0
41 0.7207 0.1636363636363637 0
42 0.7207 0.1454545454545455 0
43 0.7207 0.1272727272727273 0
44 0.7207 0.1090909090909091 0
45 0.7207 0.09090909090909099 0
46 0.7207 0.07272727272727275 0
47 0.7207 0.05454545454545456 0
48 0.7207 0.03636363636363638 0
49 0.7207 0.01818181818181819 0
50 0.7356999999999998 0 0
51 0.7506999999999998 0 0
52 0.7656999999999998 0 0
53 0.7806999999999999 0.01818181818181816 0
54 0.7806999999999999 0.03636363636363633 0
55 0.7806999999999999 0.05454545454545447 0
56 0.7806999999999999 0.07272727272727263 0
57 0.7806999999999999 0.09090909090909081 0
58 0.7806999999999999 0.109090909090909 0
59 0.7806999999999999 0.1272727272727272 0
60 0.7806999999999999 0.1454545454545454 0
61 0.7806999999999999 0.1636363636363636 0
62 0.7806999999999999 0.1818181818181818 0
63 0.7806999999999999 0.2 0
64 0.7806999999999999 0.2181818181818181 0
65 0.7806999999999999 0.2363636363636363 0
66 0.7806999999999999 0.2545454545454545 0
67 0.7806999999999999 0.2727272727272727 0
68 0.7806999999999999 0.2909090909090909 0
69 0.7806999999999999 0.309090909090909 0
70 0.7806999999999999 0.3272727272727273 0
71 0.7806999999999999 0.3454545454545455 0
72 0.7806999999999999 0.3636363636363636 0
73 0.7806999999999999 0.3818181818181818 0
74 0.7790780848522558 0.4179374585937456 0
75 0.7742649515839531 0.4352930564713867 0
76 0.7664167300702113 0.4515038074910052 0
77 0.7557880032981501 0.4660438623999005 0
78 0.7427235491268263 0.4784415664919572 0
79 0.7276471562785896 0.4882947592858924 0
80 0.7110478773521176 0.4952838199287833 0
81 0.6934641647860601 0.499182035154126 0
82 0.4932717039210587 0.4302321930676165 0
83 0.5106129332669511 0.4311410083876725 0
84 0.5279541626128437 0.4320498237077285 0
85 0.545295391958736 0.4329586390277845 0
86 0.5626366213046285 0.4338674543478405 0
87 0.579977850650521 0.4347762696678965 0
88 0.5817042223606641 0.4369140007767041 3.367748711159465e-19
89 0.5669394932687842 0.4421424653002511 3.233306916379378e-19
90 0.5540310862403054 0.4510141675445834 2.891951376292487e-19
91 0.543858688159209 0.4629245155665633 2.271880188102102e-19
92 0.5371155312688479 0.477061838565723 1.320285475348495e-19
93 0.5188934422025695 0.4916573122321967 0
94 0.5035257338685764 0.4908519247657428 0
95 0.4881580255345833 0.4900465372992888 0
96 0.4553304392647099 0.4872959338991283 0
97 0.4382177408617575 0.4833226788186971 0
98 0.4216869558889431 0.4773758855023666 0
99 0.4059648361705108 0.4695371257711422 0
100 0.3912670411160414 0.4599139234402445 0
101 0.3777951795327663 0.4486382794211359 0
102 0.3539361717766302 0.4218047042638357 0
103 0.3421382993840759 0.4077445474550412 0
104 0.3303404269915215 0.3936843906462466 0
105 0.3185425545989671 0.3796242338374521 0
106 0.3067446822064128 0.3655640770286576 0
107 0.2949468098138585 0.351503920219863 0
108 0.2831489374213041 0.3374437634110685 0
109 0.2713510650287497 0.3233836066022739 0
110 0.2595531926361954 0.3093234497934794 0
111 0.247755320243641 0.2952632929846847 0
112 0.2359574478510866 0.2812031361758902 0
113 0.2241595754585322 0.2671429793670956 0
114 0.2123617030659778 0.2530828225583009 0
115 0.2005638306734234 0.2390226657495064 0
116 0.188765958280869 0.2249625089407118 0
117 0.1769680858883146 0.2109023521319172 0
118 0.1651702134957603 0.1968421953231227 0
119 0.153372341103206 0.1827820385143283 0
120 0.1415744687106517 0.1687218817055337 0
121 0.1297765963180974 0.1546617248967392 0
122 0.1179787239255431 0.1406015680879448 0
123 0.1061808515329888 0.1265414112791503 0
124 0.09438297914043453 0.1124812544703558 0
125 0.08258510674788017 0.09842109766156132 0
126 0.07078723435532586 0.0843609408527668 0
127 0.05898936196277155 0.07030078404397233 0
128 0.04719148957021724 0.05624062723517786 0
129 0.03539361717766293 0.04218047042638334 0
130 0.02359574478510867 0.02812031361758888 0
131 0.01179787239255431 0.01406015680879436 0
132 0.01566488747198735 0 0
133 0.03132977494397473 0 0
134 0.04699466241596211 0 0
135 0.0626595498879495 0 0
136 0.09023058998123634 0.01418920016040826 0
137 0.1021367426025359 0.02837840032081673 0
138 0.1140428952238354 0.04256760048122532 0
139 0.1259490478451349 0.0567568006416338 0
140 0.1378552004664345 0.07094600080204233 0
141 0.149761353087734 0.08513520096245086 0
142 0.1616675057090335 0.0993244011228594 0
143 0.173573658330333 0.1135136012832679 0
144 0.1854798109516325 0.1277028014436764 0
145 0.1973859635729321 0.1418920016040849 0
146 0.2092921161942316 0.1560812017644935 0
147 0.2211982688155311 0.1702704019249019 0
148 0.2331044214368306 0.1844596020853105 0
149 0.2450105740581301 0.198648802245719 0
150 0.2569167266794297 0.2128380024061275 0
151 0.2688228793007292 0.227027202566536 0
152 0.2807290319220287 0.2412164027269445 0
153 0.2926351845433281 0.2554056028873529 0
154 0.3045413371646276 0.2695948030477613 0
155 0.316447489785927 0.2837840032081698 0
156 0.3283536424072264 0.2979732033685782 0
157 0.3402597950285259 0.3121624035289866 0
158 0.3521659476498253 0.3263516036893951 0
159 0.3640721002711248 0.3405408038498036 0
160 0.3759782528924244 0.354730004010212 0
161 0.3878844055137239 0.3689192041706206 0
162 0.3997905581350234 0.3831084043310291 0
163 0.4249222551991461 0.4101252433989161 0
164 0.4404829074571483 0.4199908121638312 0
165 0.4577265352985337 0.4264808541219037 0
166 0.636977331254176 0.4978458266264956 0
167 0.6198579678012404 0.4969486388051881 0
168 0.6027386043483048 0.4960514509838806 0
169 0.5856192408953692 0.4951542631625732 0
170 0.5684998774424337 0.4942570753412657 0
171 0.5513805139894982 0.4933598875199582 0
172 0.09667802486393864 0 0
173 0.1150316123679404 0 0
174 0.1333851998719423 0 0
175 0.151738787375944 0 0
176 0.1700923748799458 0 0
177 0.1884459623839476 0 0
178 0.2067995498879495 0 0
179 0.2251531373919513 0 0
180 0.2435067248959531 0 0
181 0.2618603123999549 0 0
182 0.2802138999039567 0 0
183 0.2985674874079585 0 0
184 0.3169210749119603 0 0
185 0.3352746624159621 0 0
186 0.3536282499199639 0 0
187 0.3719818374239657 0 0
188 0.3903354249279674 0 0
189 0.4086890124319691 0 0
190 0.4270425999359708 0 0
191 0.4453961874399726 0 0
192 0.4637497749439743 0 0
193 0.482103362447976 0 0
194 0.5004569499519776 0 0
195 0.5188105374559795 0 0
196 0.5371641249599813 0 0
197 0.5555177124639832 0 0
198 0.5738712999679849 0 0
199 0.5922248874719869 0 0
200 0.6105784749759887 0 0
201 0.6289320624799905 0 0
202 0.6472856499839923 0 0
203 0.6656392374879941 0 0
204 0.683992824991996 0 0
205 0.7023464124959978 0 0
206 0.6839952799619134 0.48709952042941 0
207 0.7062545114042257 0.4471633028925919 0
208 0.7340904006144194 0.4117434492543804 0
209 0.7363025354883611 0.3545783478125086 0
210 0.7649540835675556 0.1 0
211 0.7363277791528613 0.2820228015886878 0
212 0.7649540835675557 0.3181818181818181 0
213 0.7649540835675557 0.04545454545454525 0
214 0.7364459164324443 0.2454545454545455 0
215 0.7649540835675557 0.1545454545454544 0
216 0.7364459164324444 0.2090909090909092 0
217 0.7490518342107404 0.452776656987896 0
218 0.7649694969400224 0.3911629193693505 0
219 0.6897598860280829 0.4514555328819002 0
220 0.7035644972030642 0.4619769316117109 0
221 0.6638435974066395 0.4704069090110488 0
222 0.7364459164324444 0.06363636363636382 0
223 0.7364459164324444 0.1727272727272728 0
224 0.7361969776566407 0.1181818181818183 0
225 0.7362031484226667 0.02631609846368688 0
226 0.7655803106594591 0.2637825206152964 0
227 0.7649540835675556 0.2272727272727273 0
228 0.7649540835675556 0.1909090909090909 0
229 0.7577193739231011 0.01270586544152313 0
230 0.7187402441756506 0.4586831886027418 0
231 0.7266641400028363 0.4279055651058991 0
232 0.7613688308657109 0.4233445823727628 0
233 0.7652090215148534 0.3545939866857285 0
234 0.7364459164324444 0.3181818181818183 0
235 0.7354455823525834 0.3911989016830748 0
236 0.7431298015991946 0.426221744143058 0
237 0.672442421828928 0.4540796836006233 0
238 0.6830429847043188 0.4676346116483862 0
239 0.7495604915271897 0.4007614208574636 0
240 0.6706580936165035 0.4893422310934095 0
241 0.6526704509938756 0.4529214260558 0
242 0.7153711997403037 0.4740816572437399 0
243 0.6985511448654765 0.4801527689784081 0
244 0.735945744016015 0.3730426611265703 0
245 0.7652459625226777 0.372949124542419 0
246 0.7359074197248527 0.04529510731970549 0
247 0.7649540835675559 0.06363636363636355 0
248 0.7363055927697554 0.09999999999999998 0
249 0.7649540835675555 0.0818181818181819 0
250 0.7360594507954493 0.2638750867019538 0
251 0.7649540835675557 0.1727272727272726 0
252 0.7650945894191572 0.3363657419160223 0
253 0.7364459164324444 0.1545454545454547 0
254 0.7361554878606735 0.1363636363636365 0
255 0.7508457800712593 0.1272727272727275 0
256 0.7652610472428686 0.2454669737690806 0
257 0.7361772881100436 0.3000341032950845 0
258 0.7511328166879656 0.291358117627701 0
259 0.7363102504480515 0.3363650634281866 0
260 0.7649540835675556 0.2090909090909091 0
261 0.7364459164324443 0.2272727272727274 0
262 0.7364459164324443 0.1909090909090909 0
263 0.7363103830872899 0.08181818181818179 0
264 0.6380277316390615 0.4451922802761414 0
265 0.7651268917074919 0.02627545337579501 0
266 0.7436671985629972 0.01231343928843592 0
267 0.7502935395035142 0.3821856987378628 0
268 0.7505997317831473 0.3639475099505928 0
269 0.7505985905704277 0.03689339499035083 0
270 0.7510413455863522 0.2729003604828792 0
271 0.765662907245054 0.1169540995587833 0
272 0.7657721361146609 0.300074837786435 0
273 0.7656629072450541 0.1375913549866712 0
274 0.7507 0.0545454545454549 0
275 0.7507 0.2363636363636364 0
276 0.7506999999999999 0.09090909090909066 0
277 0.7508480117860956 0.2546405205645653 0
278 0.7507 0.3454545454545455 0
279 0.7506999999999999 0.2 0
280 0.7506999999999999 0.2181818181818183 0
281 0.7506997000350112 0.1636363636363637 0
282 0.7506999500058351 0.1818181818181819 0
283 0.7506999999999999 0.07272727272727281 0
284 0.7507005066795459 0.3272733160422167 0
285 0.7506982002100672 0.1454545454545457 0
286 0.7506982002100667 0.1090909090909093 0
287 0.7658211015080729 0.2819587000247792 0
288 0.7506982002100669 0.3090909090909092 0
289 0.6746497731613176 0.4777226152018536 0
290 0.7642970355321035 0.408205418561118 0
291 0.739133415171892 0.4406932726271126 0
292 0.7302535317725198 0.4698697310555077 0
293 0.7555609272502837 0.4383055200155369 0
294 0.7337533887950443 0.4552590222081137 0
295 0.7225656769923421 0.4441172183459623 0
296 0.6615140558198593 0.4904300736375868 0
297 0.7503012289157491 0.4150206163286767 0
298 0.7506736004552403 0.02306452473223231 0
299 0.6647066597845359 0.4822059971511905 0
300 0.7313940693971327 0.01136227118678823 0
301 0.7699892531261185 0.01143262739982726 0
302 0.7423140614406561 0.4644781678286751 0
303 0.4806012799948898 0.4748964657111411 0
304 0.5110415486595949 0.4781421211408704 0
305 0.05187389153972966 0.03951864964188978 0
306 0.4064835133092634 0.4522831436175694 0
307 0.4358203776256599 0.4667173825900635 0
308 0.3722845426408666 0.4201023005013626 0
309 0.3484158161654076 0.3904972118480848 0
310 0.3248200713802987 0.3623768982304956 0
311 0.3012243265951901 0.3342565846129066 0
312 0.2776285818100814 0.3061362709953175 0
313 0.2540328370249725 0.2780159573777281 0
314 0.2304370922398638 0.249895643760139 0
315 0.2068413474547549 0.2217753301425498 0
316 0.1832456026696465 0.1936550165249611 0
317 0.1596498578845376 0.1655347029073717 0
318 0.1360541130994289 0.1374143892897829 0
319 0.1124583683143205 0.1092940756721941 0
320 0.08702071412552492 0.08164160080542182 0
321 0.4641496534632419 0.4430184271188206 0
322 0.4065203689525028 0.4148873144318319 0
323 0.09569830939009916 0.04556767589976085 0
324 0.5004872672385178 0.4459523237477574 0
325 0.3819011752014329 0.3863250573118305 0
326 0.357893371637064 0.3578819794347076 0
327 0.334576563129825 0.3294315267086652 0
328 0.3108113892171908 0.3011601793406701 0
329 0.2870472479147343 0.2728879655098553 0
330 0.2632805206063865 0.2446105727175202 0
331 0.2395137396284384 0.2163332249593261 0
332 0.2157527479107114 0.1880583683131264 0
333 0.1919964074192323 0.1597869577028085 0
334 0.168242030555122 0.1315138994134887 0
335 0.1444840849137334 0.1032364868057568 0
336 0.120727171882523 0.07495820773520584 0
337 0.5293739511388779 0.4646911782303847 0
338 0.4462803077701755 0.4385839719338162 0
339 0.4302017559703498 0.4319589528272914 0
340 0.05482710615195652 0.01356619049816565 0
341 0.4533326412512693 0.4571780509915176 0
342 0.4718853695767314 0.4590949078085738 0
343 0.536579857049329 0.4491151302841725 0
344 0.0705173408343498 0.01668536890892836 0
345 0.3944603146102155 0.4007106521653603 0
346 0.5189658621860018 0.4510524576279908 0
347 0.5059664418644628 0.4620134940923367 0
348 0.4893251161482599 0.4606462589265967 0
349 0.08375303416065916 0.03089374415698093 0
350 0.07893510628611244 0.04919115481008324 0
351 0.04179221098257657 0.02561979674204889 0
352 0.3598121014188709 0.4052678616457803 0
353 0.3699800243267138 0.3719807274903261 0
354 0.1083240445419298 0.06041207585218428 0
355 0.275416106385209 0.2587917314561039 0
356 0.1804401173711396 0.1458307324559202 0
357 0.2279222428474711 0.202312482218455 0
358 0.1567003699982658 0.1175881414456115 0
359 0.2516676113283794 0.2305528061851219 0
360 0.3229128829787304 0.3152660867236826 0
361 0.346118454085846 0.3436790876121146 0
362 0.2991641078265236 0.2870298461066649 0
363 0.2041796470578193 0.1740722813136151 0
364 0.1329612325410535 0.08934381384227869 0
365 0.09075967965614518 0.06387445282160287 0
366 0.1714477302770923 0.1795948597161673 0
367 0.265830709417527 0.2920761141865225 0
368 0.09991984025938783 0.09572710433385451 0
369 0.3366179437728533 0.3764370550392904 0
370 0.2894264542026356 0.3201964278041126 0
371 0.1242562407068742 0.1233542324809888 0
372 0.2186392198473089 0.2358354869513452 0
373 0.3130221989877441 0.348316741421701 0
374 0.1478519854919832 0.1514745460985775 0
375 0.2422349646324179 0.2639558005689343 0
376 0.1950434750621988 0.2077151733337561 0
377 0.4964363576783946 0.4760994669893294 0
378 0.3899258723307929 0.4184016337968179 0
379 0.4029031186342512 0.4344239313686997 0
380 0.4655015100814874 0.4753332241286516 0
381 0.4819261808263178 0.4447308791874749 0
382 0.3772340778257729 0.4032532704301852 0
383 0.365066053225501 0.388662805788081 0
384 0.4205678194955774 0.4603499071804226 0
385 0.3531900115650268 0.3744290074668689 0
386 0.02641752783028328 0.01377268291408945 0
387 0.06736402339358805 0.03626560382217114 0
388 0.3413471149125575 0.3602970877525794 0
389 0.4496405418169768 0.4739694540856116 0
390 0.3295626354253938 0.3462012136134829 0
391 0.3177960905074237 0.3321159875478107 0
392 0.3059679292445317 0.3180464861125962 0
393 0.4343495760120913 0.4501565288530308 0
394 0.2940892087300579 0.3041018277239194 0
395 0.2822525174951473 0.2900533642950005 0
396 0.3847361444292089 0.4344792329628064 0
397 0.2703148432815894 0.2763336055240055 0
398 0.2585328207454961 0.2621314075194963 0
399 0.2466509678124926 0.2482704603382253 0
400 0.2348630827415505 0.2340494356237885 0
401 0.2229901907120047 0.2202047153124843 0
402 0.2112171657448702 0.2058775028801001 0
403 0.1993325119801276 0.1921363704467866 0
404 0.1875571450694949 0.1777789946943471 0
405 0.1756779316168602 0.1640654257411303 0
406 0.1639033251666639 0.1496753578360421 0
407 0.1520264496222024 0.1359918811955161 0
408 0.1402478724907078 0.1215725702832293 0
409 0.0630808050408046 0.05438762886289084 0
410 0.1283780659961553 0.1079157368099453 0
411 0.1165498781279791 0.09349761238653803 0
412 0.1041261907579062 0.07877617096873857 0
413 0.07492881690444742 0.06729276036612308 0
414 0.5572508899793176 0.4409335482910711 0
415 0.04027225646495058 0.01059173403086078 0
416 0.5246027828234435 0.4801126319229979 0
417 0.416073831416542 0.4268677838657912 0
418 0.4184299358063459 0.4426733746188009 0
419 0.3931643875812892 0.4461890967137849 0
420 0.05650618794989604 0.02636355345323738 0
421 0.5171838403028255 0.4671226648785765 0
422 0.5905759234707096 0.4498224062713645 0
423 0.6113059922968094 0.4823344105956079 0
424 0.5772203354260629 0.4800699514477602 0
425 0.6150437292200223 0.4540979134992891 0
426 0.5667324444402803 0.4576957259988017 0
427 0.6329728353449959 0.4692076349707015 0
428 0.5527111145617549 0.4758116212270597 0
429 0.5947574149631953 0.4809161508549458 0
430 0.5871401493189353 0.466094628916729 0
431 0.602821740650199 0.4641398223307779 0
432 0.6265919364645729 0.4823403783615499 0
433 0.6191533681108932 0.4683749858428579 0
434 0.5781051290662843 0.453234936200903 0
435 0.6036960828933371 0.4484569385619243 0
436 0.626451822618916 0.4583825268876549 0
437 0.5566675902625933 0.4641657208915833 0
438 0.5652955505250179 0.4720410349976016 0
439 0.6394098392753835 0.4801770848981949 0
440 0.5630214783889536 0.483107914106729 0
441 0.5748987217553161 0.4658272555123591 0
442 0.7053559309524547 0.2102989388342355 0
443 0.5096337437039786 0.01589467302904612 0
444 0.3705818315458922 0.3234738143703947 0
445 0.5375264703318062 0.4146282059360106 0
446 0.3227749436667594 0.2663759360330982 0
447 0.4362194020279797 0.01592927518529808 0
448 0.7040216330960527 0.2833356779071314 0
449 0.5831125915690984 0.01601264006475384 0
450 0.2738653974689967 0.2092016647974153 0
451 0.3629141415081283 0.0154400874854273 0
452 0.7061203335529544 0.1350132372403748 0
453 0.6062107162507875 0.4218080297842969 0
454 0.4170434537127571 0.3795925720058431 0
455 0.2392635329738598 0.166952657882173 0
456 0.3068534347259531 0.01679375008569717 0
457 0.7048629616449081 0.3371812890850823 0
458 0.6381249688688053 0.01589115538434849 0
459 0.2037118883215774 0.1244753571651671 0
460 0.4846874607441212 0.4156713438339829 0
461 0.2526835186479541 0.01589467302904618 0
462 0.7056388486109062 0.08163205481770952 0
463 0.6542518215395632 0.4256786371935725 0
464 0.1675868139814846 0.08226746396491724 0
465 0.70527232693999 0.3730894402413493 0
466 0.2991414470528056 0.2382572433612829 0
467 0.3932363627726246 0.3523802222655124 0
468 0.3465850670955085 0.29474598228822 0
469 0.546427064236913 0.01603933136876595 0
470 0.4728241602199154 0.01583562937776128 0
471 0.3995122186799683 0.01530670246202537 0
472 0.7044339217526939 0.2451893826032 0
473 0.7056121107719189 0.1714067589211124 0
474 0.2166140039929884 0.01588417281027638 0
475 0.5721652304343902 0.4194323479615245 0
476 0.6748035197713285 0.01588991117157978 0
477 0.1779526408181492 0.01569092327617772 0
478 0.7013144477275864 0.4143278086765402 0
479 0.1441198023640581 0.05352455877695689 0
480 0.4563386584918907 0.4071969619616251 0
481 0.7043043635106068 0.04396195566998923 0
482 0.1424188509559775 0.01488031137391599 0
483 0.6840094864779828 0.4251284216567895 0
484 0.1199454609551945 0.02556534523631976 0
485 0.7060358672683765 0.3901638896586783 0
486 0.6900065316192026 0.3828899285788959 0
487 0.6893481111550351 0.365014393997088 0
488 0.6742858999470877 0.3751725437742694 0
489 0.6733316589812643 0.3574137654133696 0
490 0.6587936500678382 0.367104481884348 0
491 0.657614062420066 0.3496711720146934 0
492 0.6431077060987773 0.3593559090419403 0
493 0.6419013833873575 0.3419050088739666 0
494 0.6273477080712386 0.351647882358221 0
495 0.6261237438948066 0.3341528857981959 0
496 0.6115311593226526 0.3439306495313753 0
497 0.6103023342116123 0.3263856928170062 0
498 0.5957003125993401 0.3361856098141659 0
499 0.5944374809226997 0.3186341437377968 0
500 0.5797800416878033 0.3284668421062236 0
501 0.5785605448109453 0.3108059176116485 0
502 0.5638721742312133 0.3206829094642969 0
503 0.562650143956694 0.3029717532547936 0
504 0.5773907532599996 0.2930606606731743 0
505 0.5614121048114001 0.2852131550689133 0
506 0.5762101799038346 0.2752733132484481 0
507 0.5601903849735862 0.2674064039755744 0
508 0.5453607023483211 0.2773768767404496 0
509 0.5441265618470883 0.259523943283239 0
510 0.5589968357681431 0.2495377629661536 0
511 0.5429028348634649 0.241628844351137 0
512 0.5578137370876208 0.2316296396373345 0
513 0.5416812954103558 0.2237017871967826 0
514 0.5566248576879554 0.2136767923991782 0
515 0.5404622465920226 0.2057337635892008 0
516 0.5254946217254275 0.2157803679602639 0
517 0.5242689056611146 0.197772182175103 0
518 0.5092649527369311 0.207847549767685 0
519 0.5554303102131053 0.195694081447568 0
520 0.5080379671820544 0.1897912138396618 0
521 0.4929917359056907 0.1998937315199002 0
522 0.4917288392324634 0.1818512534097728 0
523 0.4767758152627409 0.1917380697027522 0
524 0.4754128431903326 0.1738473325390636 0
525 0.4603177077826844 0.1835275520614247 0
526 0.4590414732362185 0.16578209574363 0
527 0.4438124914265515 0.1756739475414642 0
528 0.5066557166944394 0.1718552200381748 0
529 0.478154457537858 0.2092868789595781 0
530 0.4426239410703046 0.1577878085028553 0
531 0.4276328287320075 0.167615985103729 0
532 0.4263099875880318 0.149661869119119 0
533 0.4110985196476877 0.1593254687219296 0
534 0.4574832331897918 0.1479305655716912 0
535 0.4288456716672057 0.1848853690860755 0
536 0.4098113226187083 0.1416264196399559 0
537 0.3944934700345833 0.1514937260434011 0
538 0.5716108012886685 0.2036587912372965 0
539 0.5704203325716514 0.1856483087189268 0
540 0.3933804269679144 0.1334705165038877 0
541 0.3782992713010407 0.1434028134533082 0
542 0.5866408165646819 0.1936336594187909 0
543 0.5854374319790816 0.1755869006374338 0
544 0.3769580721288321 0.1253693792607002 0
545 0.3616898608171013 0.1350604459428127 0
546 0.3794862786104561 0.1605992448743469 0
547 0.360458498775262 0.1172357647917181 0
548 0.3450264587619132 0.1272157463348978 0
549 0.4085007145480609 0.1235884485406832 0
550 0.5292553865651861 0.2695234169809482 0
551 0.6254354388721438 0.3167463308899415 0
552 0.6016611920835058 0.1835698601595635 0
553 0.6004640609695004 0.16551419752823 0
554 0.5842202986020953 0.1575259796463335 0
555 0.5992675872289253 0.1474392503638633 0
556 0.5829988674061443 0.139439012608942 0
557 0.5980698455518745 0.129333003386557 0
558 0.5817741029643188 0.1213203066103219 0
559 0.602857105269835 0.2016216620076496 0
560 0.5968686825050178 0.1112046520168938 0
561 0.343927033845819 0.1091757971397281 0
562 0.3286604105099997 0.1194357387455286 0
563 0.6131810937033583 0.1192321548195063 0
564 0.5805499749229189 0.1031778939663986 0
565 0.5654428779611906 0.1133113259982332 0
566 0.327444254334007 0.1011574507363255 0
567 0.3121679428302516 0.1114094249306978 0
568 0.3299715959655682 0.1376138914732628 0
569 0.6178858488942954 0.1915557798562694 0
570 0.6190854370472703 0.2096131173085114 0
571 0.6119803376465629 0.1010808871554223 0
572 0.3592180507227709 0.09901756528589956 0
573 0.5650890593839253 0.3383659953166611 0
574 0.549178657355477 0.3305893204576611 0
575 0.5642135083669609 0.09514867138411753 0
576 0.5490768211717478 0.1053052304119454 0
577 0.3109200709704888 0.09305875138394809 0
578 0.2956430316686552 0.1033231548272384 0
579 0.6283134161902953 0.1091201601884642 0
580 0.2943906738913686 0.08495819029414614 0
581 0.2791080364763966 0.09522585349612228 0
582 0.615531619432974 0.1554522657593569 0
583 0.5478516499943709 0.08711004538084066 0
584 0.5326976598286435 0.09728006120615207 0
585 0.626766301490154 0.0916407498483901 0
586 0.2976570760415291 0.1212683839751988 0
587 0.325987979402786 0.08301133060850424 0
588 0.5504185894339065 0.3482755432408195 0
589 0.5344734765043658 0.3404889869527048 0
590 0.5957305005359683 0.3525386198186241 0
591 0.657150632764571 0.3324134092913991 0
592 0.6107616368750508 0.08290990915013985 0
593 0.6341147281642068 0.1995473134797088 0
594 0.6353031884148612 0.2175982730802091 0
595 0.5298829511607621 0.07775137905463136 0
596 0.5156360186416578 0.08984939193207331 0
597 0.6202857444378302 0.2276519709097715 0
598 0.6364725088711888 0.2356288958669542 0
599 0.5679358887889696 0.1495742691749374 0
600 0.5174287627102778 0.10755970106334 0
601 0.5010158945060625 0.09953711704420626 0
602 0.4993631313665274 0.08213994794163687 0
603 0.4846184536996118 0.09156252130523074 0
604 0.2778301449408914 0.07690554682563999 0
605 0.2625629918473816 0.0871355183325685 0
606 0.5357144480352556 0.3581773942711874 0
607 0.5197395162610443 0.3504051330582809 0
608 0.5184845043081244 0.332635864145595 0
609 0.5036710776299973 0.3425962496520981 0
610 0.5024229761080961 0.3247405028462211 0
611 0.4875092830911388 0.3347747931452686 0
612 0.4862609783768073 0.3167969457405097 0
613 0.4712974606764573 0.3268935496366918 0
614 0.4700322402082666 0.3088240788072673 0
615 0.4550012209558346 0.3190095570352371 0
616 0.4537201517471485 0.3008615187977807 0
617 0.4688023904507932 0.2907146591058263 0
618 0.4524759230541371 0.2827166108188429 0
619 0.4373534728032845 0.292874909395126 0
620 0.4361070619021239 0.2746773045695466 0
621 0.4209484104844874 0.2848606976533639 0
622 0.4197026147858186 0.2666151325699023 0
623 0.4727047296113305 0.3449152705860856 0
624 0.265765618676654 0.1066400533346528 0
625 0.4675738216801677 0.2725861992525065 0
626 0.4348993101357363 0.2564251006022014 0
627 0.4184705677623446 0.2483510884145053 0
628 0.4032444115446307 0.2585520585234184 0
629 0.4020105102393879 0.2402481872569457 0
630 0.3872576064184337 0.2502881156483052 0
631 0.3856107238346899 0.232102657884989 0
632 0.6433834000765107 0.09910978609393334 0
633 0.6446343376790282 0.1171809401603627 0
634 0.6408059691876231 0.07971903580794298 0
635 0.5625361279475996 0.07694052804613871 0
636 0.6293093777943823 0.3684414392384016 0
637 0.5210537308109873 0.368114615056324 0
638 0.5509166274759392 0.3652001559904874 0
639 0.4835753146596473 0.07387998119793299 0
640 0.4682896618821489 0.08349674645961452 0
641 0.6214412792604561 0.2456578697484031 0
642 0.6376491702507546 0.2536341464276097 0
643 0.5107445466546954 0.2257121353744643 0
644 0.592288409847076 0.2833232166150522 0
645 0.5023875123768768 0.1176355874739637 0
646 0.518777256423698 0.1256663434878662 0
647 0.6514321410271733 0.2256059403188559 0
648 0.4336762546880624 0.2381698758389828 0
649 0.4661811706143347 0.06389913784020335 0
650 0.4513720389963216 0.07578672729264069 0
651 0.4530159815758849 0.0936725661902883 0
652 0.4365455037092267 0.08561038420627654 0
653 0.434964160207192 0.06799281489653464 0
654 0.4200838259287447 0.07759707779965808 0
655 0.2612848036514739 0.06881040245716241 0
656 0.2460177141373928 0.07903570574121688 0
657 0.4222028702595161 0.3031013470392346 0
658 0.3682699887448804 0.2433468310215324 0
659 0.3690236842727889 0.22402679231744 0
660 0.3843163566521793 0.2137788154970731 0
661 0.6597582980158196 0.1070629632701173 0
662 0.3677987611896814 0.2056629762847836 0
663 0.3527113423774966 0.2154837695452171 0
664 0.3513136135588205 0.1974601775947642 0
665 0.2923450252667986 0.06615641125324967 0
666 0.3881006872042354 0.2684352565592804 0
667 0.2447635176809371 0.0606534488484532 0
668 0.2294666777911586 0.07091585135974388 0
669 0.660961975173844 0.1252048554770651 0
670 0.3361726676647863 0.2073702279899448 0
671 0.3347859885961813 0.1893080800546673 0
672 0.5740207261813581 0.2395882044513789 0
673 0.5000118856791962 0.06403930269563135 0
674 0.5172876473350421 0.3148005128155863 0
675 0.4188441443732804 0.05983176773900772 0
676 0.4036654309776389 0.06952758319021968 0
677 0.4838171066564105 0.2809134801765004 0
678 0.482610647955006 0.2627169957839661 0
679 0.3196267390064624 0.1992366874970005 0
680 0.3182398665938016 0.1811570018426212 0
681 0.6587261565690262 0.3852678521725162 0
682 0.2305317899271347 0.08824660167663384 0
683 0.2145034874109603 0.08025739629935758 0
684 0.2129663171985943 0.06263674084306214 0
685 0.3371526889584903 0.2282323757867205 0
686 0.6760912926517392 0.1150871384312164 0
687 0.6226734972892526 0.2636443538490292 0
688 0.6388242069972537 0.271583690566079 0
689 0.6537667863577187 0.2615937020072381 0
690 0.6549408881944172 0.2795371045060362 0
691 0.6701390574663145 0.2695498255361439 0
692 0.6713130990038181 0.2874763685954967 0
693 0.6458456948626702 0.1353212771247457 0
694 0.6621596733580851 0.1433493120706057 0
695 0.6470452277442176 0.1534604462986706 0
696 0.6633029700448809 0.1614714677840338 0
697 0.4500941059478691 0.2462351922567928 0
698 0.5502855893515851 0.1234983435380196 0
699 0.5542368590859008 0.1777151576010181 0
700 0.6686822481776847 0.2518178049990133 0
701 0.4057498230566599 0.2950830668547293 0
702 0.4070782816934793 0.3132323638770307 0
703 0.4234968693237111 0.3213626109416803 0
704 0.5910404568177734 0.2653241543613585 0
705 0.5036509545928043 0.1357929157137103 0
706 0.2593716631051218 0.05185282988994661 0
707 0.4052024930258982 0.08767372626990866 0
708 0.6237949073247281 0.2814978228093559 0
709 0.487344545008058 0.127808691806139 0
710 0.5201001178393712 0.1437968502754791 0
711 0.6562036197120115 0.2973314917401478 0
712 0.6722724704344124 0.305280099492605 0
713 0.4380056765917935 0.1038125999669424 0
714 0.4543128828631871 0.1117979047058724 0
715 0.403682708829005 0.05158263983648897 0
716 0.3874088238613546 0.06143035093400334 0
717 0.6749307001359566 0.09712747555988632 0
718 0.4486491505025474 0.2280140803530371 0
719 0.3498178294176254 0.1791351083509823 0
720 0.3883823279244979 0.04354172476624663 0
721 0.3711526119984419 0.05335901541699928 0
722 0.4323346176380518 0.2201178399005643 0
723 0.383021465697668 0.1957050047516703 0
724 0.3993143087892815 0.2036127974694968 0
725 0.4648715208578015 0.2363815664901487 0
726 0.3032698622103984 0.1914012603189344 0
727 0.3017153871588598 0.1730566197482896 0
728 0.4353113694742156 0.04919027412456245 0
729 0.2878210505469826 0.1834508112518006 0
730 0.2857793923498351 0.1653904662047381 0
731 0.3005082438215506 0.1553614557245218 0
732 0.2822736466392842 0.1464234995753341 0
733 0.6052838510389377 0.237683625489776 0
734 0.6329190112598353 0.181494295495048 0
735 0.6492069270769418 0.1895178728275182 0
736 0.6781575851647137 0.1514047062685093 0
737 0.2704887520162595 0.1775424300853982 0
738 0.243420198742291 0.04349971869627051 0
739 0.5306094523760638 0.2873311331497213 0
740 0.5144336637671811 0.2795284758128187 0
741 0.5134706899330292 0.2614084471319749 0
742 0.4887457884495917 0.1459407137661199 0
743 0.1989967490966407 0.07238865825662055 0
744 0.1976835019361398 0.05445943713072776 0
745 0.1995254958073487 0.09170179985018884 0
746 0.4395169534304157 0.1219382477339899 0
747 0.372349569917601 0.07152086451692613 0
748 0.3558789556353724 0.06341451635310952 0
749 0.3542087325821448 0.0454783464004328 0
750 0.3392412029293143 0.05526410347222288 0
751 0.3376087377398792 0.03741819243070427 0
752 0.3225505442717626 0.04721146803507026 0
753 0.6911880540456459 0.1068931584538667 0
754 0.2116260966099293 0.04490052632088726 0
755 0.4468473579455735 0.2104975166349692 0
756 0.3044535960245105 0.2094699080070148 0
757 0.3975481938724184 0.1861225282235748 0
758 0.3937135092449903 0.3046028941634817 0
759 0.6792805651419163 0.1695479965128591 0
760 0.1963107360782386 0.03683926576837537 0
761 0.1812164296988719 0.0475538159172923 0
762 0.6849003768188906 0.2596015499133379 0
763 0.6835769843258276 0.2405636661386659 0
764 0.4091090667223398 0.3307656907190577 0
765 0.4249189634265375 0.3401860988949137 0
766 0.6870877432316673 0.2954791459830298 0
767 0.6884081776105355 0.3129513737000846 0
768 0.6967404344136719 0.227680587759681 0
769 0.6812014980264139 0.2230719409514197 0
770 0.6881500355524487 0.3474458001585475 0
771 0.6943522344249847 0.3995773550606683 0
772 0.6728473458884311 0.3228484587857852 0
773 0.3212066867553887 0.0290124829595847 0
774 0.3060912419245767 0.0380246102130497 0
775 0.2892104702534233 0.02665169793652777 0
776 0.2880826144295186 0.04487565110270075 0
777 0.2738077306325782 0.03315672390009361 0
778 0.3362996398575989 0.02033892855235497 0
779 0.5893188009504761 0.4205633265612471 0
780 0.5817408558365285 0.4053434757105378 0
781 0.5648953384691093 0.4042777197319898 0
782 0.5741349684071581 0.3899208269075454 0
783 0.5913184057733203 0.3912206750765629 0
784 0.5843975779604352 0.376675272056799 0
785 0.6010476024933084 0.3778847490104382 0
786 0.6081363424741306 0.3929505384872096 0
787 0.5571106235847681 0.3907577982256686 0
788 0.5988350134442129 0.4067622903264463 0
789 0.6155605295617697 0.4080546336641319 0
790 0.6244279873687453 0.3945922704048371 0
791 0.6317102153840629 0.4095701493816032 0
792 0.6424323977262053 0.394722838444961 0
793 0.7037024854154695 0.265475062187251 0
794 0.7048389058820637 0.3553036387621628 0
795 0.6075707641304037 0.2735784604673347 0
796 0.6085376102254172 0.2912344935042059 0
797 0.5550844399716262 0.4182257911848851 0
798 0.6443077480974464 0.3767303006111518 0
799 0.6595530718979309 0.4020463467636857 0
800 0.6766546668466652 0.3955016012985656 0
801 0.6729640188556367 0.4125583200424676 0
802 0.7044686141385335 0.3019293709168598 0
803 0.6106369372531784 0.3628413300195182 0
804 0.5363084069410261 0.3748504620507436 0
805 0.5222947102594619 0.3856102070522168 0
806 0.5064181019106422 0.3781170051710337 0
807 0.5080734496204936 0.3952693588560774 0
808 0.4920911044312355 0.387685775412535 0
809 0.4904038103941715 0.3704125987796355 0
810 0.4757662709080511 0.3805712134291893 0
811 0.5390868255270951 0.3931737827837811 0
812 0.4762838759531547 0.3999597498530933 0
813 0.460637993446213 0.3903868929033309 0
814 0.4594104978596535 0.3729321506350845 0
815 0.4454193167883351 0.3821242831450476 0
816 0.4432187709363125 0.3654070615658244 0
817 0.4055412884749812 0.3660357067278039 0
818 0.4248419511681522 0.3610981088749173 0
819 0.565728201804494 0.3555938586764361 0
820 0.580405577130009 0.3453765425469297 0
821 0.6064085378317612 0.2555690471083744 0
822 0.6400540789483012 0.2893808335068289 0
823 0.6408687252826725 0.306968270925472 0
824 0.6643872469297987 0.1795713487677975 0
825 0.6804060794687734 0.1876811745100695 0
826 0.665318232467388 0.197417895761627 0
827 0.535144090473344 0.1336748873862678 0
828 0.5365847127689986 0.151788433278475 0
829 0.5516151993977719 0.1416110946771411 0
830 0.4399824159539256 0.3293996167013583 0
831 0.485003256228356 0.2989095369525391 0
832 0.6040822473848908 0.2196823591327699 0
833 0.5878591260749254 0.2117005124423662 0
834 0.5890727505416844 0.2296347241667366 0
835 0.3822105356663276 0.3378293587949386 0
836 0.6306641232022536 0.1453926929769095 0
837 0.1313870562713862 0.04010039954760752 0
838 0.1489907230115564 0.03330094858029509 0
839 0.5339016966598827 0.1154974278489319 0
840 0.4008010537309751 0.2218817235094303 0
841 0.4156265849079507 0.2120234895159485 0
842 0.1560985569605199 0.06774132333103106 0
843 0.173041161586542 0.06550363899629996 0
844 0.6564650384254058 0.0158827498787768 0
845 0.6656360587218111 0.03175041521088523 0
846 0.6868818640179816 0.03322689267062828 0
847 0.6747916413484583 0.04760411905058176 0
848 0.656504341259399 0.04759394864734989 0
849 0.6656610164260065 0.06259148269811798 0
850 0.6839040928755705 0.0632451435719808 0
851 0.693352725760231 0.01534562872730683 0
852 0.6294945795147373 0.1272666005720902 0
853 0.6917187891028517 0.1244540062948636 0
854 0.6473118668212658 0.03175519924347497 0
855 0.6289976777412601 0.03179186594127359 0
856 0.6382007505803914 0.04763634266459216 0
857 0.6198887619649728 0.04768298391419368 0
858 0.6106805784243324 0.03185694779064746 0
859 0.6015880092720095 0.04775324351133992 0
860 0.630167037331034 0.06315034230980526 0
861 0.5923636047974314 0.03192018308373995 0
862 0.5833607785916775 0.04778380928453335 0
863 0.5910506198944452 0.06427388702603631 0
864 0.5740437301978796 0.03196649495109594 0
865 0.5657186008011056 0.04753690364278951 0
866 0.5558320777439678 0.03196369544412453 0
867 0.5467990066559832 0.05033246298958799 0
868 0.5374208727333329 0.03242625078113537 0
869 0.5283525897830613 0.04807620976386062 0
870 0.5191237672209192 0.03225309482321254 0
871 0.5100323673878142 0.04801664376213477 0
872 0.5191173832316404 0.06260396076175379 0
873 0.4917800299677357 0.0458820722408223 0
874 0.6014576582668425 0.01595264629971138 0
875 0.5647487102027122 0.01603223463924591 0
876 0.5233833123139311 0.4033799988705627 0
877 0.5095534328283877 0.4115816420531819 0
878 0.469515060057641 0.1016526716113846 0
879 0.3095562398009934 0.07471539964310109 0
880 0.6105530183813783 0.06582530315669649 0
881 0.316973101152628 0.1630063211889308 0
882 0.3334631545841653 0.1712915601382253 0
883 0.3480706145108187 0.1617436048705348 0
884 0.6807301560066067 0.2056898759445512 0
885 0.2282092191357608 0.05279026057632064 0
886 0.2266389024467642 0.03283392264449481 0
887 0.1796561600496837 0.09630967762384224 0
888 0.1919974917246573 0.1101313924266218 0
889 0.210571764345047 0.1080818614515534 0
890 0.2219885375384 0.1214344823545687 0
891 0.2156234932886087 0.1386868178394844 0
892 0.2338427874509653 0.1354475441381267 0
893 0.2397991087175643 0.1183194428904291 0
894 0.2514331096477607 0.1326854791234593 0
895 0.2457441251464854 0.1495437710976775 0
896 0.2639405724844712 0.1463059561515595 0
897 0.2696774183037532 0.128354302866506 0
898 0.2274940539782804 0.1528303991078095 0
899 0.3757138591994172 0.1071079477570334 0
900 0.2888769496088177 0.2216397118405804 0
901 0.4708811967976726 0.1197631124937618 0
902 0.3110557553164959 0.2518091864330697 0
903 0.3291082772722584 0.2489755925442842 0
904 0.3409954365611484 0.2631493571853051 0
905 0.3476726301999665 0.2458143685771027 0
906 0.3591983781316671 0.2599247127236889 0
907 0.3178117797877645 0.2331286025831217 0
908 0.3528450517370147 0.2773939738319048 0
909 0.3581110020945898 0.3088505560128897 0
910 0.3653125781926664 0.2912179119810795 0
911 0.3662160291375678 0.1876160231622625 0
912 0.4171532648277954 0.2301320340727295 0
913 0.4663091959781068 0.2544725485324992 0
914 0.4812968499949144 0.2446312542003814 0
915 0.5280966850518508 0.01610222500036002 0
916 0.342644709080986 0.09102456862467323 0
917 0.3346669385422641 0.2805704093192127 0
918 0.2513407715646874 0.1812413757118816 0
919 0.2625087663804633 0.1956573120042847 0
920 0.4913603127104017 0.01576961879225536 0
921 0.61979523679287 0.01591543590266353 0
922 0.3921392312595493 0.1152848288983314 0
923 0.4178658159139795 0.01583855451727434 0
924 0.4063651391525285 0.03293219706650641 0
925 0.4545559145026314 0.01589112266241482 0
926 0.4636247522843623 0.03171926715677192 0
927 0.4452207253067677 0.03206820577693492 0
928 0.4553134668289922 0.04759885357099625 0
929 0.47291543036289 0.04768386344599812 0
930 0.4267417469008166 0.03182545152675431 0
931 0.6765752046739341 0.1334995232934979 0
932 0.3807566851791878 0.01565539154841467 0
933 0.6583639237983764 0.0894255568238983 0
934 0.3888707955431964 0.07958691987544853 0
935 0.3714039751656987 0.03291050431630727 0
936 0.7059689879721757 0.1895671369636299 0
937 0.7057340260267754 0.1527806506821847 0
938 0.4859718808767204 0.109645355056591 0
939 0.4217346988880777 0.09574392070150639 0
940 0.5466799201780006 0.2951547631053237 0
941 0.234329931143952 0.01589467302904585 0
942 0.1967478284143076 0.01823610850448781 0
943 0.7026203428998212 0.062812475290626 0
944 0.5230026237250098 0.179838145103518 0
945 0.6501501263105833 0.2073500249045927 0
946 0.4889400940911476 0.3526678644172931 0
947 0.1606549821380537 0.01593815987448211 0
948 0.2469032115754833 0.1004064946410518 0
949 0.5807471175230977 0.08202121180695576 0
950 0.3135904679966992 0.1294967925574106 0
951 0.56667542097833 0.1314590587679325 0
952 0.5269164696505303 0.2337037167123949 0
953 0.6143681414390205 0.1373526613130473 0
954 0.5728336664770355 0.2216481107223818 0
955 0.5956593903056829 0.09306499575659039 0
956 0.5467384027677014 0.06918940577352239 0
957 0.4512432364496902 0.2645188260053982 0
958 0.6166890135839302 0.1735068429501813 0
959 0.4386261668405701 0.3111015933184028 0
960 0.5692128281766295 0.1676231998573706 0
961 0.5479571949870374 0.3128926658410522 0
962 0.5392458007851043 0.1877705563261011 0
963 0.4945265596682658 0.2175454287789982 0
964 0.6874589808251802 0.2774510354271092 0
965 0.5751499936830732 0.2574426096228764 0
966 0.2821768657740609 0.1143669729077289 0
967 0.5011345487927035 0.3069757982300511 0
968 0.5282173663226344 0.2515896293626372 0
969 0.4045084135498478 0.2767673906308389 0
970 0.652488473419922 0.2438752287047291 0
971 0.6474525599637602 0.06338794259242647 0
972 0.6317978523692043 0.1634648995614214 0
973 0.4975666593051672 0.2526835465955617 0
974 0.5050281363643443 0.3603626608034196 0
975 0.5530045697814914 0.1596907813401894 0
976 0.6480608001197279 0.171492759531733 0
977 0.5332503471005505 0.3227743793683936 0
978 0.3860592607505758 0.2879093354740763 0
979 0.4564242576943168 0.3371184565714475 0
980 0.5660192549452666 0.3739603218141831 0
981 0.5903688412024304 0.247529612847667 0
982 0.4741896015906619 0.3627770618390928 0
983 0.5379667672127064 0.1697970771468824 0
984 0.5933695454022023 0.3010075116475744 0
985 0.5052085733907269 0.1538971106262692 0
986 0.4579325616635018 0.3550799122465964 0
987 0.674508546514214 0.0784377929923491 0
988 0.4412198201404577 0.3480482091425096 0
989 0.168293407248704 0.03249820933645081 0
990 0.5320268258894723 0.3050848976758977 0
991 0.2764564982742499 0.05878254543049022 0
992 0.6225950460078292 0.4229207632354442 0
993 0.1619600134783755 0.05002041582305439 0
994 0.455830927506347 0.129878469165958 0
995 0.3709396016405524 0.2741810342656669 0
996 0.6095719435051923 0.3088338044718286 0
997 0.6247104506930758 0.2991102593512721 0
998 0.4902867247389383 0.1639212473722895 0
999 0.5215864186052087 0.1618288060781331 0
1000 0.5159004451667712 0.2971843101941078 0
1001 0.6415044427750135 0.3244873905664863 0
1002 0.2718090761773858 0.01682506121336491 0
1003 0.5740991762804829 0.06342522644221726 0
1004 0.6570189755635218 0.3148454013202094 0
1005 0.4739568300363839 0.1559634597440923 0
1006 0.4724791666580302 0.1378991846196399 0
1007 0.4998714873154644 0.2892456421266913 0
1008 0.6386037423210426 0.4242962767713677 0
1009 0.4819323435106638 0.03141159775008118 0
1010 0.6729727699866289 0.3400339231100026 0
1011 0.4986283758220431 0.2710827646045855 0
1012 0.441132837358495 0.1400944224813494 0
1013 0.4247615678452386 0.1319674431864754 0
1014 0.4233967986256976 0.1138818332338161 0
1015 0.512392176574758 0.2435648162126193 0
1016 0.4070011655216952 0.105771235848753 0
1017 0.3905498315700547 0.09772790812786425 0
1018 0.6887428843129927 0.3304109329962209 0
1019 0.3740486239066304 0.08964108621376904 0
1020 0.3575455079339807 0.08150251853187895 0
1021 0.3909310988329631 0.3220928803799733 0
1022 0.3071292742370041 0.05596422263049983 0
1023 0.3409080557851357 0.07316980552103608 0
1024 0.3241499797283745 0.06480179553582738 0
1025 0.5016571023331969 0.03145410610709842 0
1026 0.2566719240718532 0.1633684256442405 0
1027 0.1074145716153622 0.01308122639342846 0
1028 0.7055011985440794 0.02714537155375557 0
1029 0.4960544754124133 0.2352281750384664 0
1030 0.4796045255047919 0.2268344428527187 0
1031 0.4633911316141546 0.2186540214259285 0
1032 0.4454598062420176 0.193085203424351 0
1033 0.4618243793975049 0.2011315403681673 0
1034 0.4141958360201058 0.1943743040680716 0
1035 0.4305516457368175 0.2024972871049967 0
1036 0.3648175521638932 0.1700154933808232 0
1037 0.6910390627235647 0.08972143614581746 0
1038 0.6670873871064261 0.2337235182539534 0
1039 0.4313890030308655 0.3920290379924684 0
1040 0.4089500214389638 0.3480600047089017 0
1041 0.3962098252494701 0.1688074184332716 0
1042 0.4125884791981492 0.176855178939442 0
1043 0.6657607700213487 0.2149555471889891 0
1044 0.704647106284495 0.3198061005103141 0
1045 0.3812165574552456 0.1781442854709916 0
1046 0.6170239998344027 0.3794645792391295 0
1047 0.346777114136156 0.1447158436411531 0
1048 0.3631901152565777 0.1525895743604965 0
1049 0.3520051962145685 0.02804048521584074 0
1050 0.7069461091611225 0.09999999999999998 0
1051 0.2283494088087301 0.105667255164196 0
1052 0.4701934010125733 0.4157264575036331 0
1053 0.3320224293718732 0.1543093285585655 0
1054 0.6689550421129591 0.4261312318421733 0
1055 0.3155963915669767 0.1462544471501716 0
1056 0.2991219832325473 0.1381945103890885 0
1057 0.2897123468074126 0.2016328927947061 0
1058 0.3210767004146532 0.2164097345727323 0
1059 0.6475871928565192 0.4118784269716595 0
1060 0.550740739576881 0.404212659572467 0
1061 0.37588036541232 0.305606448648539 0
1062 0.258644354199411 0.03395411776721252 0
1063 0.7062288809770958 0.1171206730587903 0
1064 0.3549660669107246 0.2313808274496025 0
1065 0.4395522093723427 0.4043353739056555 0
1066 0.1840910554297124 0.07975428896171655 0
1067 0.5804053467685224 0.3611083295494676 0
1068 0.6909609144810113 0.1421642363623539 0
1069 0.4947000268630051 0.4038806790286324 0
1070 0.6900729774281218 0.04933731065088176 0
1071 0.3897990189547061 0.02815902186613006 0
1072 0.5226486750241187 0.4184733794845251 0
1073 0.2093528361078826 0.02963640326809197 0
1074 0.3744900677289693 0.2595951613037251 0
1075 0.4179003503853984 0.04439485799061155 0
1076 0.2861813979982349 0.1297215339427712 0
1077 0.5965532087682366 0.07808696978811752 0
1078 0.6915932640504178 0.1605216714327835 0
1079 0.4322614745238599 0.375663450121649 0
1080 0.5598190541041151 0.06192227427307295 0
1081 0.4832414087871735 0.05854037063115602 0
1082 0.2716313669726772 0.159704184562727 0
1083 0.3224526853126214 0.01379012543990449 0
1084 0.2550432872619961 0.1175631264542418 0
1085 0.2893906936559574 0.01163526325547853 0
1086 0.2433743109528482 0.02782578672896496 0
1087 0.5339362144222874 0.06168347140600372 0
1088 0.3054139486852399 0.224672668630163 0
1089 0.4486273529313828 0.06103237308150666 0
1090 0.6316119124347135 0.3826718627628165 0
1091 0.6919754470406572 0.1785030837693668 0
1092 0.65682792855282 0.0746422165690499 0
1093 0.6238618545638998 0.07691978639724267 0
1094 0.1247792704235547 0.01225027177126975 0
1095 0.7072052561643214 0.01344965219933641 0
1096 0.6872677665987436 0.412101519322592 0
1097 0.1832429291116136 0.03001394359825499 0
1098 0.6922670468792943 0.07471346439425808 0
1099 0.7081898998827323 0.4037068672250159 0
1100 0.2166963892598441 0.09479098288838594 0
1101 0.2774303764952763 0.1944715967791663 0
1102 0.6928059262495898 0.1977943534728447 0
1103 0.6913667891297475 0.2129071393925464 0
1104 0.593042029818947 0.3663804634102721 0
1105 0.3491771648822184 0.01316628383075868 0
1106 0.5126908548622524 0.07573870061841836 0
1107 0.3960524960691472 0.3378942007712056 0
1108 0.6962025132432497 0.4250614262547431 0
1109 0.7106868659451999 0.2272727272727275 0
1110 0.6606622294525218 0.4156585925627117 0
1111 0.4978701592787299 0.4183296081100229 0
1112 0.1337681051637273 0.02602947937240729 0
1113 0.5496043063558078 0.3788750830421834 0
1114 0.1875331797522972 0.0645115294163911 0
1115 0.2725370193504071 0.04623787207292956 0
1116 0.448953668158528 0.3954676165820332 0
$EndNodes
$Elements
2232
1 15 2 7 1 1
2 15 2 6 8 8
3 1 2 4 1 1 16
4 1 2 4 1 16 2
5 1 2 5 6 6 50
6 1 2 5 6 50 51
7 1 2 5 6 51 52
8 1 2 5 6 52 7
9 1 2 4 7 7 53
10 1 2 4 7 53 54
11 1 2 4 7 54 55
12 1 2 4 7 55 56
13 1 2 4 7 56 57
14 1 2 4 7 57 58
15 1 2 4 7 58 59
16 1 2 4 7 59 60
17 1 2 4 7 60 61
18 1 2 4 7 61 62
19 1 2 4 7 62 63
20 1 2 4 7 63 64
21 1 2 4 7 64 65
22 1 2 4 7 65 66
23 1 2 4 7 66 67
24 1 2 4 7 67 68
25 1 2 4 7 68 69
26 1 2 4 7 69 70
27 1 2 4 7 70 71
28 1 2 4 7 71 72
29 1 2 4 7 72 73
30 1 2 4 7 73 8
31 1 2 4 8 8 74
32 1 2 4 8 74 75
33 1 2 4 8 75 76
34 1 2 4 8 76 77
35 1 2 4 8 77 78
36 1 2 4 8 78 79
37 1 2 4 8 79 80
38 1 2 4 8 80 81
39 1 2 4 8 81 1
40 1 2 4 11 10 93
41 1 2 4 11 93 94
42 1 2 4 11 94 95
43 1 2 4 11 95 11
44 1 2 4 12 11 96
45 1 2 4 12 96 97
46 1 2 4 12 97 98
47 1 2 4 12 98 99
48 1 2 4 12 99 100
49 1 2 4 12 100 101
50 1 2 4 12 101 12
51 1 2 4 13 12 102
52 1 2 4 13 102 103
53 1 2 4 13 103 104
54 1 2 4 13 104 105
55 1 2 4 13 105 106
56 1 2 4 13 106 107
57 1 2 4 13 107 108
58 1 2 4 13 108 109
59 1 2 4 13 109 110
60 1 2 4 13 110 111
61 1 2 4 13 111 112
62 1 2 4 13 112 113
63 1 2 4 13 113 114
64 1 2 4 13 114 115
65 1 2 4 13 115 116
66 1 2 4 13 116 117
67 1 2 4 13 117 118
68 1 2 4 13 118 119
69 1 2 4 13 119 120
70 1 2 4 13 120 121
71 1 2 4 13 121 122
72 1 2 4 13 122 123
73 1 2 4 13 123 124
74 1 2 4 13 124 125
75 1 2 4 13 125 126
76 1 2 4 13 126 127
77 1 2 4 13 127 128
78 1 2 4 13 128 129
79 1 2 4 13 129 130
80 1 2 4 13 130 131
81 1 2 4 13 131 13
82 1 2 5 14 13 132
83 1 2 5 14 132 133
84 1 2 5 14 133 134
85 1 2 5 14 134 135
86 1 2 5 14 135 14
87 1 2 4 17 2 166
88 1 2 4 17 166 167
89 1 2 4 17 167 168
90 1 2 4 17 168 169
91 1 2 4 17 169 170
92 1 2 4 17 170 171
93 1 2 4 17 171 10
94 1 2 5 18 14 172
95 1 2 5 18 172 173
96 1 2 5 18 173 174
97 1 2 5 18 174 175
98 1 2 5 18 175 176
99 1 2 5 18 176 177
100 1 2 5 18 177 178
101 1 2 5 18 178 179
102 1 2 5 18 179 180
103 1 2 5 18 180 181
104 1 2 5 18 181 182
105 1 2 5 18 182 183
106 1 2 5 18 183 184
107 1 2 5 18 184 185
108 1 2 5 18 185 186
109 1 2 5 18 186 187
110 1 2 5 18 187 188
111 1 2 5 18 188 189
112 1 2 5 18 189 190
113 1 2 5 18 190 191
114 1 2 5 18 191 192
115 1 2 5 18 192 193
116 1 2 5 18 193 194
117 1 2 5 18 194 195
118 1 2 5 18 195 196
119 1 2 5 18 196 197
120 1 2 5 18 197 198
121 1 2 5 18 198 199
122 1 2 5 18 199 200
123 1 2 5 18 200 201
124 1 2 5 18 201 202
125 1 2 5 18 202 203
126 1 2 5 18 203 204
127 1 2 5 18 204 205
128 1 2 5 18 205 6
129 2 2 2 1 19 264 241
130 2 2 2 1 238 243 206
131 2 2 2 1 220 243 238
132 2 2 2 1 241 264 24
133 2 2 2 1 237 238 221
134 2 2 2 1 236 293 291
135 2 2 2 1 220 238 219
136 2 2 2 1 207 220 219
137 2 2 2 1 80 243 242
138 2 2 2 1 81 243 80
139 2 2 2 1 238 289 221
140 2 2 2 1 206 289 238
141 2 2 2 1 208 236 231
142 2 2 2 1 207 219 26
143 2 2 2 1 291 293 217
144 2 2 2 1 206 243 81
145 2 2 2 1 221 241 237
146 2 2 2 1 208 231 28
147 2 2 2 1 1 206 81
148 2 2 2 1 24 264 23
149 2 2 2 1 80 242 79
150 2 2 2 1 232 293 236
151 2 2 2 1 239 267 218
152 2 2 2 1 27 295 207
153 2 2 2 1 231 295 27
154 2 2 2 1 235 239 208
155 2 2 2 1 20 264 19
156 2 2 2 1 237 241 25
157 2 2 2 1 25 241 24
158 2 2 2 1 5 235 208
159 2 2 2 1 4 237 25
160 2 2 2 1 18 241 221
161 2 2 2 1 235 267 239
162 2 2 2 1 1 240 206
163 2 2 2 1 19 241 18
164 2 2 2 1 59 273 271
165 2 2 2 1 17 296 2
166 2 2 2 1 236 297 232
167 2 2 2 1 207 230 220
168 2 2 2 1 29 235 5
169 2 2 2 1 218 290 239
170 2 2 2 1 271 273 255
171 2 2 2 1 242 292 79
172 2 2 2 1 74 290 8
173 2 2 2 1 242 243 220
174 2 2 2 1 219 238 237
175 2 2 2 1 209 244 30
176 2 2 2 1 8 218 73
177 2 2 2 1 75 232 74
178 2 2 2 1 72 245 233
179 2 2 2 1 77 217 76
180 2 2 2 1 219 237 4
181 2 2 2 1 26 219 4
182 2 2 2 1 218 245 73
183 2 2 2 1 250 277 270
184 2 2 2 1 272 287 68
185 2 2 2 1 18 221 17
186 2 2 2 1 23 264 20
187 2 2 2 1 225 246 48
188 2 2 2 1 49 225 48
189 2 2 2 1 73 245 72
190 2 2 2 1 48 246 47
191 2 2 2 1 47 246 222
192 2 2 2 1 35 250 211
193 2 2 2 1 33 257 234
194 2 2 2 1 65 256 227
195 2 2 2 1 63 260 228
196 2 2 2 1 224 254 43
197 2 2 2 1 43 254 42
198 2 2 2 1 224 255 254
199 2 2 2 1 210 249 57
200 2 2 2 1 234 259 32
201 2 2 2 1 57 249 56
202 2 2 2 1 36 250 35
203 2 2 2 1 211 257 34
204 2 2 2 1 70 212 69
205 2 2 2 1 34 257 33
206 2 2 2 1 35 211 34
207 2 2 2 1 216 261 38
208 2 2 2 1 47 222 46
209 2 2 2 1 58 210 57
210 2 2 2 1 71 252 70
211 2 2 2 1 72 233 71
212 2 2 2 1 33 234 32
213 2 2 2 1 41 223 40
214 2 2 2 1 42 253 41
215 2 2 2 1 67 226 66
216 2 2 2 1 39 216 38
217 2 2 2 1 63 228 62
218 2 2 2 1 64 260 63
219 2 2 2 1 65 227 64
220 2 2 2 1 31 259 209
221 2 2 2 1 223 262 40
222 2 2 2 1 45 263 248
223 2 2 2 1 44 248 224
224 2 2 2 1 55 247 213
225 2 2 2 1 56 249 247
226 2 2 2 1 37 261 214
227 2 2 2 1 61 251 215
228 2 2 2 1 70 252 212
229 2 2 2 1 41 253 223
230 2 2 2 1 42 254 253
231 2 2 2 1 39 262 216
232 2 2 2 1 32 259 31
233 2 2 2 1 37 214 36
234 2 2 2 1 61 215 60
235 2 2 2 1 44 224 43
236 2 2 2 1 211 258 257
237 2 2 2 1 38 261 37
238 2 2 2 1 62 251 61
239 2 2 2 1 233 252 71
240 2 2 2 1 45 248 44
241 2 2 2 1 55 213 54
242 2 2 2 1 228 251 62
243 2 2 2 1 226 256 66
244 2 2 2 1 66 256 65
245 2 2 2 1 40 262 39
246 2 2 2 1 214 250 36
247 2 2 2 1 46 263 45
248 2 2 2 1 31 209 30
249 2 2 2 1 227 260 64
250 2 2 2 1 222 263 46
251 2 2 2 1 56 247 55
252 2 2 2 1 30 244 29
253 2 2 2 1 54 265 53
254 2 2 2 1 232 290 74
255 2 2 2 1 267 268 245
256 2 2 2 1 208 297 236
257 2 2 2 1 230 242 220
258 2 2 2 1 5 208 28
259 2 2 2 1 27 207 26
260 2 2 2 1 28 231 27
261 2 2 2 1 79 292 78
262 2 2 2 1 239 297 208
263 2 2 2 1 29 244 235
264 2 2 2 1 218 267 245
265 2 2 2 1 258 287 272
266 2 2 2 1 270 277 226
267 2 2 2 1 69 272 68
268 2 2 2 1 250 270 211
269 2 2 2 1 59 271 58
270 2 2 2 1 60 273 59
271 2 2 2 1 244 268 267
272 2 2 2 1 255 285 254
273 2 2 2 1 258 288 257
274 2 2 2 1 224 286 255
275 2 2 2 1 67 287 226
276 2 2 2 1 8 290 218
277 2 2 2 1 209 268 244
278 2 2 2 1 213 265 54
279 2 2 2 1 245 268 233
280 2 2 2 1 236 291 231
281 2 2 2 1 268 278 233
282 2 2 2 1 244 267 235
283 2 2 2 1 209 278 268
284 2 2 2 1 51 266 50
285 2 2 2 1 52 229 51
286 2 2 2 1 225 269 246
287 2 2 2 1 269 274 246
288 2 2 2 1 213 274 269
289 2 2 2 1 273 285 255
290 2 2 2 1 272 288 258
291 2 2 2 1 255 286 271
292 2 2 2 1 226 287 270
293 2 2 2 1 211 270 258
294 2 2 2 1 58 271 210
295 2 2 2 1 212 272 69
296 2 2 2 1 215 273 60
297 2 2 2 1 6 300 49
298 2 2 2 1 246 274 222
299 2 2 2 1 210 286 276
300 2 2 2 1 284 288 212
301 2 2 2 1 281 285 215
302 2 2 2 1 281 282 223
303 2 2 2 1 251 282 281
304 2 2 2 1 249 283 247
305 2 2 2 1 263 276 248
306 2 2 2 1 214 277 250
307 2 2 2 1 228 282 251
308 2 2 2 1 247 274 213
309 2 2 2 1 259 278 209
310 2 2 2 1 216 280 261
311 2 2 2 1 279 280 216
312 2 2 2 1 253 281 223
313 2 2 2 1 263 283 276
314 2 2 2 1 259 284 278
315 2 2 2 1 278 284 252
316 2 2 2 1 256 277 275
317 2 2 2 1 261 280 275
318 2 2 2 1 234 284 259
319 2 2 2 1 260 280 279
320 2 2 2 1 261 275 214
321 2 2 2 1 260 279 228
322 2 2 2 1 275 277 214
323 2 2 2 1 256 275 227
324 2 2 2 1 227 280 260
325 2 2 2 1 210 276 249
326 2 2 2 1 233 278 252
327 2 2 2 1 252 284 212
328 2 2 2 1 251 281 215
329 2 2 2 1 226 277 256
330 2 2 2 1 275 280 227
331 2 2 2 1 262 279 216
332 2 2 2 1 279 282 228
333 2 2 2 1 223 282 262
334 2 2 2 1 222 283 263
335 2 2 2 1 247 283 274
336 2 2 2 1 274 283 222
337 2 2 2 1 262 282 279
338 2 2 2 1 276 283 249
339 2 2 2 1 276 286 248
340 2 2 2 1 234 288 284
341 2 2 2 1 253 285 281
342 2 2 2 1 254 285 253
343 2 2 2 1 68 287 67
344 2 2 2 1 257 288 234
345 2 2 2 1 248 286 224
346 2 2 2 1 53 301 7
347 2 2 2 1 213 269 265
348 2 2 2 1 240 289 206
349 2 2 2 1 229 301 265
350 2 2 2 1 265 301 53
351 2 2 2 1 16 240 1
352 2 2 2 1 75 293 232
353 2 2 2 1 217 293 76
354 2 2 2 1 229 266 51
355 2 2 2 1 271 286 210
356 2 2 2 1 270 287 258
357 2 2 2 1 212 288 272
358 2 2 2 1 215 285 273
359 2 2 2 1 76 293 75
360 2 2 2 1 230 292 242
361 2 2 2 1 50 300 6
362 2 2 2 1 7 301 52
363 2 2 2 1 77 302 217
364 2 2 2 1 49 300 225
365 2 2 2 1 265 298 229
366 2 2 2 1 207 295 230
367 2 2 2 1 221 299 17
368 2 2 2 1 290 297 239
369 2 2 2 1 2 296 16
370 2 2 2 1 225 300 266
371 2 2 2 1 232 297 290
372 2 2 2 1 230 295 294
373 2 2 2 1 294 295 291
374 2 2 2 1 269 298 265
375 2 2 2 1 217 294 291
376 2 2 2 1 78 302 77
377 2 2 2 1 230 294 292
378 2 2 2 1 217 302 294
379 2 2 2 1 291 295 231
380 2 2 2 1 225 298 269
381 2 2 2 1 16 296 240
382 2 2 2 1 266 298 225
383 2 2 2 1 240 299 289
384 2 2 2 1 266 300 50
385 2 2 2 1 52 301 229
386 2 2 2 1 229 298 266
387 2 2 2 1 289 299 221
388 2 2 2 1 292 302 78
389 2 2 2 1 294 302 292
390 2 2 2 1 296 299 240
391 2 2 2 1 17 299 296
392 2 2 2 1 3 22 21
393 2 2 2 1 21 22 20
394 2 2 2 1 22 23 20
395 2 2 2 2 342 348 303
396 2 2 2 2 90 343 85
397 2 2 2 2 339 417 163
398 2 2 2 2 85 414 90
399 2 2 2 2 164 339 163
400 2 2 2 2 84 346 83
401 2 2 2 2 348 377 303
402 2 2 2 2 308 396 12
403 2 2 2 2 83 346 324
404 2 2 2 2 354 412 365
405 2 2 2 2 387 409 305
406 2 2 2 2 86 414 85
407 2 2 2 2 347 377 348
408 2 2 2 2 343 346 84
409 2 2 2 2 350 409 387
410 2 2 2 2 90 414 89
411 2 2 2 2 324 381 82
412 2 2 2 2 342 380 341
413 2 2 2 2 85 343 84
414 2 2 2 2 13 132 131
415 2 2 2 2 338 339 164
416 2 2 2 2 365 412 320
417 2 2 2 2 307 393 341
418 2 2 2 2 135 344 340
419 2 2 2 2 378 396 308
420 2 2 2 2 14 344 135
421 2 2 2 2 380 389 341
422 2 2 2 2 348 381 324
423 2 2 2 2 379 418 306
424 2 2 2 2 91 343 90
425 2 2 2 2 417 418 379
426 2 2 2 2 165 338 164
427 2 2 2 2 162 345 325
428 2 2 2 2 303 380 342
429 2 2 2 2 346 347 324
430 2 2 2 2 12 396 101
431 2 2 2 2 342 381 348
432 2 2 2 2 304 377 347
433 2 2 2 2 308 382 378
434 2 2 2 2 341 393 338
435 2 2 2 2 378 382 345
436 2 2 2 2 136 344 14
437 2 2 2 2 15 345 162
438 2 2 2 2 350 413 409
439 2 2 2 2 82 381 9
440 2 2 2 2 132 386 131
441 2 2 2 2 344 420 340
442 2 2 2 2 365 413 350
443 2 2 2 2 323 350 349
444 2 2 2 2 133 386 132
445 2 2 2 2 323 349 137
446 2 2 2 2 321 342 341
447 2 2 2 2 9 321 165
448 2 2 2 2 130 386 351
449 2 2 2 2 354 365 323
450 2 2 2 2 129 305 128
451 2 2 2 2 341 389 307
452 2 2 2 2 347 348 324
453 2 2 2 2 83 324 82
454 2 2 2 2 321 341 338
455 2 2 2 2 129 351 305
456 2 2 2 2 102 308 12
457 2 2 2 2 130 351 129
458 2 2 2 2 321 381 342
459 2 2 2 2 309 352 103
460 2 2 2 2 323 365 350
461 2 2 2 2 325 353 161
462 2 2 2 2 163 322 15
463 2 2 2 2 138 354 323
464 2 2 2 2 152 355 330
465 2 2 2 2 330 359 151
466 2 2 2 2 144 356 334
467 2 2 2 2 331 357 149
468 2 2 2 2 158 361 327
469 2 2 2 2 154 362 329
470 2 2 2 2 156 360 328
471 2 2 2 2 332 363 147
472 2 2 2 2 142 358 335
473 2 2 2 2 140 364 336
474 2 2 2 2 322 345 15
475 2 2 2 2 321 338 165
476 2 2 2 2 160 353 326
477 2 2 2 2 336 354 139
478 2 2 2 2 148 357 332
479 2 2 2 2 329 355 153
480 2 2 2 2 333 356 145
481 2 2 2 2 334 358 143
482 2 2 2 2 150 359 331
483 2 2 2 2 328 362 155
484 2 2 2 2 335 364 141
485 2 2 2 2 327 360 157
486 2 2 2 2 326 361 159
487 2 2 2 2 146 363 333
488 2 2 2 2 162 325 161
489 2 2 2 2 138 323 137
490 2 2 2 2 146 333 145
491 2 2 2 2 144 334 143
492 2 2 2 2 156 328 155
493 2 2 2 2 148 332 147
494 2 2 2 2 142 335 141
495 2 2 2 2 140 336 139
496 2 2 2 2 160 326 159
497 2 2 2 2 150 331 149
498 2 2 2 2 158 327 157
499 2 2 2 2 152 330 151
500 2 2 2 2 154 329 153
501 2 2 2 2 350 387 349
502 2 2 2 2 161 353 160
503 2 2 2 2 139 354 138
504 2 2 2 2 145 356 144
505 2 2 2 2 153 355 152
506 2 2 2 2 151 359 150
507 2 2 2 2 159 361 158
508 2 2 2 2 155 362 154
509 2 2 2 2 149 357 148
510 2 2 2 2 141 364 140
511 2 2 2 2 157 360 156
512 2 2 2 2 147 363 146
513 2 2 2 2 143 358 142
514 2 2 2 2 111 367 110
515 2 2 2 2 120 317 119
516 2 2 2 2 125 368 124
517 2 2 2 2 112 313 111
518 2 2 2 2 110 312 109
519 2 2 2 2 118 316 117
520 2 2 2 2 116 315 115
521 2 2 2 2 105 369 104
522 2 2 2 2 124 319 123
523 2 2 2 2 108 311 107
524 2 2 2 2 114 314 113
525 2 2 2 2 126 320 125
526 2 2 2 2 104 309 103
527 2 2 2 2 107 373 106
528 2 2 2 2 122 318 121
529 2 2 2 2 106 310 105
530 2 2 2 2 121 374 120
531 2 2 2 2 119 366 118
532 2 2 2 2 109 370 108
533 2 2 2 2 123 371 122
534 2 2 2 2 113 375 112
535 2 2 2 2 115 372 114
536 2 2 2 2 117 376 116
537 2 2 2 2 137 349 136
538 2 2 2 2 103 352 102
539 2 2 2 2 322 379 378
540 2 2 2 2 317 366 119
541 2 2 2 2 110 367 312
542 2 2 2 2 124 368 319
543 2 2 2 2 310 369 105
544 2 2 2 2 312 370 109
545 2 2 2 2 313 367 111
546 2 2 2 2 320 368 125
547 2 2 2 2 314 375 113
548 2 2 2 2 106 373 310
549 2 2 2 2 315 372 115
550 2 2 2 2 104 369 309
551 2 2 2 2 318 374 121
552 2 2 2 2 120 374 317
553 2 2 2 2 122 371 318
554 2 2 2 2 311 373 107
555 2 2 2 2 108 370 311
556 2 2 2 2 319 371 123
557 2 2 2 2 112 375 313
558 2 2 2 2 116 376 315
559 2 2 2 2 118 366 316
560 2 2 2 2 114 372 314
561 2 2 2 2 316 376 117
562 2 2 2 2 345 382 325
563 2 2 2 2 336 412 354
564 2 2 2 2 100 306 99
565 2 2 2 2 98 307 97
566 2 2 2 2 92 337 91
567 2 2 2 2 364 411 336
568 2 2 2 2 102 352 308
569 2 2 2 2 386 415 351
570 2 2 2 2 322 378 345
571 2 2 2 2 94 304 93
572 2 2 2 2 411 412 336
573 2 2 2 2 95 377 94
574 2 2 2 2 335 410 364
575 2 2 2 2 11 303 95
576 2 2 2 2 410 411 364
577 2 2 2 2 358 408 335
578 2 2 2 2 408 410 335
579 2 2 2 2 135 340 134
580 2 2 2 2 96 380 11
581 2 2 2 2 334 407 358
582 2 2 2 2 136 349 344
583 2 2 2 2 356 406 334
584 2 2 2 2 337 343 91
585 2 2 2 2 407 408 358
586 2 2 2 2 94 377 304
587 2 2 2 2 303 377 95
588 2 2 2 2 131 386 130
589 2 2 2 2 337 346 343
590 2 2 2 2 406 407 334
591 2 2 2 2 333 405 356
592 2 2 2 2 305 409 128
593 2 2 2 2 405 406 356
594 2 2 2 2 363 404 333
595 2 2 2 2 332 403 363
596 2 2 2 2 404 405 333
597 2 2 2 2 403 404 363
598 2 2 2 2 357 402 332
599 2 2 2 2 331 401 357
600 2 2 2 2 387 420 344
601 2 2 2 2 11 380 303
602 2 2 2 2 9 381 321
603 2 2 2 2 402 403 332
604 2 2 2 2 401 402 357
605 2 2 2 2 359 400 331
606 2 2 2 2 330 399 359
607 2 2 2 2 400 401 331
608 2 2 2 2 355 398 330
609 2 2 2 2 92 416 337
610 2 2 2 2 399 400 359
611 2 2 2 2 306 419 379
612 2 2 2 2 320 413 365
613 2 2 2 2 126 413 320
614 2 2 2 2 163 417 322
615 2 2 2 2 329 397 355
616 2 2 2 2 398 399 330
617 2 2 2 2 338 393 339
618 2 2 2 2 362 395 329
619 2 2 2 2 397 398 355
620 2 2 2 2 328 394 362
621 2 2 2 2 395 397 329
622 2 2 2 2 10 416 92
623 2 2 2 2 360 392 328
624 2 2 2 2 93 416 10
625 2 2 2 2 394 395 362
626 2 2 2 2 327 391 360
627 2 2 2 2 352 382 308
628 2 2 2 2 361 390 327
629 2 2 2 2 392 394 328
630 2 2 2 2 391 392 360
631 2 2 2 2 352 383 382
632 2 2 2 2 325 383 353
633 2 2 2 2 326 388 361
634 2 2 2 2 383 385 353
635 2 2 2 2 390 391 327
636 2 2 2 2 353 385 326
637 2 2 2 2 382 383 325
638 2 2 2 2 346 421 347
639 2 2 2 2 388 390 361
640 2 2 2 2 309 383 352
641 2 2 2 2 385 388 326
642 2 2 2 2 307 389 97
643 2 2 2 2 339 418 417
644 2 2 2 2 351 415 340
645 2 2 2 2 309 385 383
646 2 2 2 2 349 387 344
647 2 2 2 2 99 384 98
648 2 2 2 2 384 393 307
649 2 2 2 2 369 385 309
650 2 2 2 2 97 389 96
651 2 2 2 2 369 388 385
652 2 2 2 2 310 388 369
653 2 2 2 2 373 390 310
654 2 2 2 2 310 390 388
655 2 2 2 2 98 384 307
656 2 2 2 2 306 384 99
657 2 2 2 2 416 421 337
658 2 2 2 2 373 391 390
659 2 2 2 2 311 391 373
660 2 2 2 2 370 392 311
661 2 2 2 2 311 392 391
662 2 2 2 2 370 394 392
663 2 2 2 2 379 396 378
664 2 2 2 2 312 394 370
665 2 2 2 2 367 395 312
666 2 2 2 2 337 421 346
667 2 2 2 2 312 395 394
668 2 2 2 2 367 397 395
669 2 2 2 2 313 397 367
670 2 2 2 2 375 398 313
671 2 2 2 2 313 398 397
672 2 2 2 2 134 415 133
673 2 2 2 2 375 399 398
674 2 2 2 2 314 399 375
675 2 2 2 2 372 400 314
676 2 2 2 2 314 400 399
677 2 2 2 2 315 401 372
678 2 2 2 2 372 401 400
679 2 2 2 2 376 402 315
680 2 2 2 2 315 402 401
681 2 2 2 2 316 403 376
682 2 2 2 2 376 403 402
683 2 2 2 2 366 404 316
684 2 2 2 2 316 404 403
685 2 2 2 2 317 405 366
686 2 2 2 2 366 405 404
687 2 2 2 2 374 406 317
688 2 2 2 2 317 406 405
689 2 2 2 2 318 407 374
690 2 2 2 2 374 407 406
691 2 2 2 2 128 409 127
692 2 2 2 2 371 408 318
693 2 2 2 2 347 421 304
694 2 2 2 2 318 408 407
695 2 2 2 2 101 419 100
696 2 2 2 2 319 410 371
697 2 2 2 2 371 410 408
698 2 2 2 2 340 420 351
699 2 2 2 2 368 411 319
700 2 2 2 2 319 411 410
701 2 2 2 2 320 412 368
702 2 2 2 2 368 412 411
703 2 2 2 2 340 415 134
704 2 2 2 2 409 413 127
705 2 2 2 2 127 413 126
706 2 2 2 2 89 414 86
707 2 2 2 2 96 389 380
708 2 2 2 2 384 418 393
709 2 2 2 2 351 420 305
710 2 2 2 2 322 417 379
711 2 2 2 2 304 416 93
712 2 2 2 2 133 415 386
713 2 2 2 2 396 419 101
714 2 2 2 2 100 419 306
715 2 2 2 2 304 421 416
716 2 2 2 2 379 419 396
717 2 2 2 2 306 418 384
718 2 2 2 2 393 418 339
719 2 2 2 2 305 420 387
720 2 2 2 2 87 3 88
721 2 2 2 2 87 89 86
722 2 2 2 2 88 89 87
723 2 2 3 3 422 435 431
724 2 2 3 3 171 10 92
725 2 2 3 3 2 166 17
726 2 2 3 3 166 439 17
727 2 2 3 3 92 428 171
728 2 2 3 3 422 431 430
729 2 2 3 3 431 435 425
730 2 2 3 3 423 433 432
731 2 2 3 3 430 434 422
732 2 2 3 3 432 433 427
733 2 2 3 3 430 441 434
734 2 2 3 3 429 431 423
735 2 2 3 3 168 429 423
736 2 2 3 3 424 429 169
737 2 2 3 3 168 423 167
738 2 2 3 3 170 424 169
739 2 2 3 3 424 430 429
740 2 2 3 3 169 429 168
741 2 2 3 3 430 431 429
742 2 2 3 3 432 439 166
743 2 2 3 3 3 422 88
744 2 2 3 3 20 425 21
745 2 2 3 3 18 427 19
746 2 2 3 3 89 426 90
747 2 2 3 3 423 432 167
748 2 2 3 3 91 428 92
749 2 2 3 3 434 441 426
750 2 2 3 3 425 433 431
751 2 2 3 3 167 432 166
752 2 2 3 3 170 440 424
753 2 2 3 3 431 433 423
754 2 2 3 3 428 440 171
755 2 2 3 3 424 440 438
756 2 2 3 3 21 435 3
757 2 2 3 3 88 434 89
758 2 2 3 3 19 436 20
759 2 2 3 3 90 437 91
760 2 2 3 3 17 439 18
761 2 2 3 3 3 435 422
762 2 2 3 3 422 434 88
763 2 2 3 3 425 435 21
764 2 2 3 3 20 436 425
765 2 2 3 3 427 436 19
766 2 2 3 3 89 434 426
767 2 2 3 3 426 437 90
768 2 2 3 3 18 439 427
769 2 2 3 3 426 438 437
770 2 2 3 3 424 441 430
771 2 2 3 3 91 437 428
772 2 2 3 3 171 440 170
773 2 2 3 3 425 436 433
774 2 2 3 3 427 439 432
775 2 2 3 3 433 436 427
776 2 2 3 3 426 441 438
777 2 2 3 3 437 438 428
778 2 2 3 3 438 441 424
779 2 2 3 3 438 440 428
780 2 2 1 4 444 1061 1021
781 2 2 1 4 949 1003 863
782 2 2 1 4 846 1028 481
783 2 2 1 4 445 876 811
784 2 2 1 4 910 995 978
785 2 2 1 4 762 763 472
786 2 2 1 4 720 924 715
787 2 2 1 4 978 1061 910
788 2 2 1 4 1021 1061 758
789 2 2 1 4 811 1060 445
790 2 2 1 4 720 1071 924
791 2 2 1 4 863 1077 949
792 2 2 1 4 481 1070 846
793 2 2 1 4 765 988 818
794 2 2 1 4 812 1052 480
795 2 2 1 4 685 905 903
796 2 2 1 4 480 813 812
797 2 2 1 4 472 793 762
798 2 2 1 4 903 907 685
799 2 2 1 4 448 802 766
800 2 2 1 4 774 775 456
801 2 2 1 4 776 1022 665
802 2 2 1 4 482 947 838
803 2 2 1 4 624 966 897
804 2 2 1 4 658 906 905
805 2 2 1 4 681 799 792
806 2 2 1 4 897 1084 624
807 2 2 1 4 34 802 448
808 2 2 1 4 792 798 681
809 2 2 1 4 773 774 456
810 2 2 1 4 818 988 816
811 2 2 1 4 1002 1062 461
812 2 2 1 4 900 1057 756
813 2 2 1 4 932 935 451
814 2 2 1 4 932 1071 935
815 2 2 1 4 486 800 488
816 2 2 1 4 766 964 448
817 2 2 1 4 896 897 732
818 2 2 1 4 800 1096 801
819 2 2 1 4 763 768 472
820 2 2 1 4 774 1022 776
821 2 2 1 4 818 1040 765
822 2 2 1 4 777 1002 775
823 2 2 1 4 758 1061 978
824 2 2 1 4 771 1096 800
825 2 2 1 4 947 989 838
826 2 2 1 4 777 1062 1002
827 2 2 1 4 905 1064 658
828 2 2 1 4 978 995 666
829 2 2 1 4 665 991 776
830 2 2 1 4 948 1084 893
831 2 2 1 4 893 1051 948
832 2 2 1 4 474 941 886
833 2 2 1 4 902 907 903
834 2 2 1 4 466 907 902
835 2 2 1 4 927 928 728
836 2 2 1 4 635 1003 949
837 2 2 1 4 33 802 34
838 2 2 1 4 860 971 634
839 2 2 1 4 771 800 486
840 2 2 1 4 1002 1085 775
841 2 2 1 4 35 793 36
842 2 2 1 4 457 794 770
843 2 2 1 4 737 919 918
844 2 2 1 4 14 172 136
845 2 2 1 4 851 1028 846
846 2 2 1 4 928 929 649
847 2 2 1 4 450 1057 900
848 2 2 1 4 850 1070 943
849 2 2 1 4 444 1021 835
850 2 2 1 4 488 800 681
851 2 2 1 4 462 1050 1037
852 2 2 1 4 793 964 762
853 2 2 1 4 448 964 793
854 2 2 1 4 685 1064 905
855 2 2 1 4 785 1104 803
856 2 2 1 4 871 872 673
857 2 2 1 4 647 1043 1038
858 2 2 1 4 745 888 887
859 2 2 1 4 935 1071 720
860 2 2 1 4 767 1044 1018
861 2 2 1 4 691 964 692
862 2 2 1 4 897 1076 732
863 2 2 1 4 634 1093 860
864 2 2 1 4 737 1101 919
865 2 2 1 4 728 930 927
866 2 2 1 4 1037 1050 753
867 2 2 1 4 448 793 35
868 2 2 1 4 745 889 888
869 2 2 1 4 920 1025 1009
870 2 2 1 4 36 793 472
871 2 2 1 4 1050 1063 753
872 2 2 1 4 774 776 775
873 2 2 1 4 796 997 996
874 2 2 1 4 756 1088 900
875 2 2 1 4 838 1112 482
876 2 2 1 4 770 794 487
877 2 2 1 4 803 1046 785
878 2 2 1 4 760 1097 942
879 2 2 1 4 681 800 799
880 2 2 1 4 770 1018 457
881 2 2 1 4 823 1004 1001
882 2 2 1 4 753 1063 853
883 2 2 1 4 886 1073 474
884 2 2 1 4 649 1089 928
885 2 2 1 4 973 1011 678
886 2 2 1 4 5 485 29
887 2 2 1 4 1001 1004 591
888 2 2 1 4 87 779 3
889 2 2 1 4 624 1084 948
890 2 2 1 4 708 997 796
891 2 2 1 4 3 779 453
892 2 2 1 4 867 1080 956
893 2 2 1 4 783 788 780
894 2 2 1 4 487 794 465
895 2 2 1 4 763 769 768
896 2 2 1 4 477 989 947
897 2 2 1 4 692 964 766
898 2 2 1 4 762 964 691
899 2 2 1 4 704 795 644
900 2 2 1 4 996 997 551
901 2 2 1 4 485 486 465
902 2 2 1 4 956 1087 867
903 2 2 1 4 1010 1018 770
904 2 2 1 4 786 788 783
905 2 2 1 4 803 1104 590
906 2 2 1 4 1036 1045 911
907 2 2 1 4 708 796 795
908 2 2 1 4 592 1077 880
909 2 2 1 4 704 821 795
910 2 2 1 4 591 1004 772
911 2 2 1 4 819 980 638
912 2 2 1 4 819 1067 980
913 2 2 1 4 901 1006 994
914 2 2 1 4 786 790 789
915 2 2 1 4 1018 1044 457
916 2 2 1 4 948 1051 682
917 2 2 1 4 485 771 486
918 2 2 1 4 800 801 799
919 2 2 1 4 443 915 870
920 2 2 1 4 786 789 788
921 2 2 1 4 445 797 85
922 2 2 1 4 1009 1025 873
923 2 2 1 4 780 788 779
924 2 2 1 4 551 997 823
925 2 2 1 4 870 915 868
926 2 2 1 4 1038 1043 769
927 2 2 1 4 672 981 965
928 2 2 1 4 935 1049 451
929 2 2 1 4 868 915 469
930 2 2 1 4 943 1070 481
931 2 2 1 4 815 1116 1039
932 2 2 1 4 741 1011 973
933 2 2 1 4 1034 1035 841
934 2 2 1 4 725 1031 1030
935 2 2 1 4 29 485 465
936 2 2 1 4 31 794 457
937 2 2 1 4 772 1018 1010
938 2 2 1 4 681 798 490
939 2 2 1 4 866 868 469
940 2 2 1 4 933 987 717
941 2 2 1 4 779 788 453
942 2 2 1 4 475 779 87
943 2 2 1 4 795 796 644
944 2 2 1 4 824 976 696
945 2 2 1 4 85 797 86
946 2 2 1 4 687 821 641
947 2 2 1 4 545 1048 1047
948 2 2 1 4 776 777 775
949 2 2 1 4 824 826 735
950 2 2 1 4 843 993 761
951 2 2 1 4 842 993 843
952 2 2 1 4 826 945 735
953 2 2 1 4 636 803 494
954 2 2 1 4 673 873 871
955 2 2 1 4 772 1010 591
956 2 2 1 4 469 875 866
957 2 2 1 4 86 475 87
958 2 2 1 4 790 791 789
959 2 2 1 4 533 1042 1041
960 2 2 1 4 442 1109 768
961 2 2 1 4 823 1001 551
962 2 2 1 4 492 798 636
963 2 2 1 4 735 976 824
964 2 2 1 4 588 819 638
965 2 2 1 4 795 821 687
966 2 2 1 4 465 794 30
967 2 2 1 4 488 681 490
968 2 2 1 4 590 820 498
969 2 2 1 4 698 951 829
970 2 2 1 4 164 480 165
971 2 2 1 4 872 1106 673
972 2 2 1 4 861 864 449
973 2 2 1 4 525 1033 1032
974 2 2 1 4 29 465 30
975 2 2 1 4 486 488 487
976 2 2 1 4 447 930 923
977 2 2 1 4 710 999 985
978 2 2 1 4 834 954 833
979 2 2 1 4 829 951 599
980 2 2 1 4 198 875 197
981 2 2 1 4 86 797 475
982 2 2 1 4 864 875 449
983 2 2 1 4 467 817 161
984 2 2 1 4 703 959 830
985 2 2 1 4 672 954 834
986 2 2 1 4 799 1059 792
987 2 2 1 4 449 874 861
988 2 2 1 4 641 821 733
989 2 2 1 4 787 1060 811
990 2 2 1 4 200 874 199
991 2 2 1 4 834 981 672
992 2 2 1 4 725 913 697
993 2 2 1 4 496 803 590
994 2 2 1 4 490 798 492
995 2 2 1 4 830 959 615
996 2 2 1 4 785 786 783
997 2 2 1 4 688 822 708
998 2 2 1 4 928 1089 728
999 2 2 1 4 498 820 500
1000 2 2 1 4 475 780 779
1001 2 2 1 4 918 1026 737
1002 2 2 1 4 199 874 449
1003 2 2 1 4 492 636 494
1004 2 2 1 4 588 638 606
1005 2 2 1 4 804 811 805
1006 2 2 1 4 725 914 913
1007 2 2 1 4 31 457 32
1008 2 2 1 4 722 912 841
1009 2 2 1 4 965 981 704
1010 2 2 1 4 698 829 827
1011 2 2 1 4 908 910 468
1012 2 2 1 4 975 983 828
1013 2 2 1 4 162 454 15
1014 2 2 1 4 573 819 588
1015 2 2 1 4 494 803 496
1016 2 2 1 4 907 1058 685
1017 2 2 1 4 817 818 454
1018 2 2 1 4 841 912 840
1019 2 2 1 4 829 975 828
1020 2 2 1 4 836 953 852
1021 2 2 1 4 638 804 606
1022 2 2 1 4 994 1006 534
1023 2 2 1 4 866 875 864
1024 2 2 1 4 804 805 637
1025 2 2 1 4 449 875 198
1026 2 2 1 4 542 833 538
1027 2 2 1 4 697 957 626
1028 2 2 1 4 197 875 469
1029 2 2 1 4 455 898 895
1030 2 2 1 4 927 930 447
1031 2 2 1 4 923 930 924
1032 2 2 1 4 582 953 836
1033 2 2 1 4 606 804 637
1034 2 2 1 4 200 921 874
1035 2 2 1 4 30 794 31
1036 2 2 1 4 827 839 698
1037 2 2 1 4 692 711 690
1038 2 2 1 4 573 820 819
1039 2 2 1 4 767 772 712
1040 2 2 1 4 688 708 687
1041 2 2 1 4 711 823 822
1042 2 2 1 4 162 817 454
1043 2 2 1 4 929 1009 873
1044 2 2 1 4 488 490 489
1045 2 2 1 4 856 971 860
1046 2 2 1 4 811 876 805
1047 2 2 1 4 496 590 498
1048 2 2 1 4 832 833 559
1049 2 2 1 4 500 820 573
1050 2 2 1 4 468 917 908
1051 2 2 1 4 711 822 690
1052 2 2 1 4 913 957 697
1053 2 2 1 4 876 877 807
1054 2 2 1 4 614 831 612
1055 2 2 1 4 696 976 695
1056 2 2 1 4 690 822 688
1057 2 2 1 4 559 833 542
1058 2 2 1 4 833 954 538
1059 2 2 1 4 484 837 138
1060 2 2 1 4 642 687 641
1061 2 2 1 4 486 487 465
1062 2 2 1 4 570 832 559
1063 2 2 1 4 642 688 687
1064 2 2 1 4 617 831 614
1065 2 2 1 4 703 830 765
1066 2 2 1 4 677 831 617
1067 2 2 1 4 444 835 159
1068 2 2 1 4 695 972 836
1069 2 2 1 4 160 467 161
1070 2 2 1 4 579 852 563
1071 2 2 1 4 576 839 584
1072 2 2 1 4 878 938 901
1073 2 2 1 4 205 851 204
1074 2 2 1 4 147 898 455
1075 2 2 1 4 852 953 563
1076 2 2 1 4 837 838 479
1077 2 2 1 4 692 712 711
1078 2 2 1 4 901 938 709
1079 2 2 1 4 631 840 629
1080 2 2 1 4 856 857 855
1081 2 2 1 4 888 889 459
1082 2 2 1 4 160 835 467
1083 2 2 1 4 479 842 140
1084 2 2 1 4 718 725 697
1085 2 2 1 4 648 697 626
1086 2 2 1 4 201 921 200
1087 2 2 1 4 625 677 617
1088 2 2 1 4 754 886 885
1089 2 2 1 4 708 795 687
1090 2 2 1 4 698 839 576
1091 2 2 1 4 848 854 845
1092 2 2 1 4 854 856 855
1093 2 2 1 4 488 489 487
1094 2 2 1 4 144 888 459
1095 2 2 1 4 598 641 597
1096 2 2 1 4 832 834 833
1097 2 2 1 4 840 912 629
1098 2 2 1 4 598 642 641
1099 2 2 1 4 845 854 844
1100 2 2 1 4 584 839 600
1101 2 2 1 4 34 448 35
1102 2 2 1 4 848 856 854
1103 2 2 1 4 860 880 857
1104 2 2 1 4 805 876 807
1105 2 2 1 4 161 817 162
1106 2 2 1 4 573 588 574
1107 2 2 1 4 145 891 146
1108 2 2 1 4 671 882 719
1109 2 2 1 4 846 847 845
1110 2 2 1 4 476 846 845
1111 2 2 1 4 646 710 705
1112 2 2 1 4 827 828 710
1113 2 2 1 4 856 860 857
1114 2 2 1 4 641 733 597
1115 2 2 1 4 882 883 719
1116 2 2 1 4 903 905 904
1117 2 2 1 4 891 898 146
1118 2 2 1 4 202 844 458
1119 2 2 1 4 668 885 667
1120 2 2 1 4 724 841 840
1121 2 2 1 4 667 885 738
1122 2 2 1 4 842 843 464
1123 2 2 1 4 594 597 570
1124 2 2 1 4 689 690 688
1125 2 2 1 4 844 854 458
1126 2 2 1 4 137 484 138
1127 2 2 1 4 139 837 479
1128 2 2 1 4 905 906 904
1129 2 2 1 4 662 911 723
1130 2 2 1 4 633 852 579
1131 2 2 1 4 476 845 844
1132 2 2 1 4 648 718 697
1133 2 2 1 4 468 910 909
1134 2 2 1 4 723 724 660
1135 2 2 1 4 892 898 891
1136 2 2 1 4 600 646 645
1137 2 2 1 4 895 898 892
1138 2 2 1 4 881 882 680
1139 2 2 1 4 806 974 637
1140 2 2 1 4 660 840 631
1141 2 2 1 4 625 678 677
1142 2 2 1 4 805 807 806
1143 2 2 1 4 847 849 848
1144 2 2 1 4 847 850 849
1145 2 2 1 4 902 903 446
1146 2 2 1 4 723 757 724
1147 2 2 1 4 600 839 646
1148 2 2 1 4 744 754 684
1149 2 2 1 4 156 917 468
1150 2 2 1 4 577 879 587
1151 2 2 1 4 680 882 671
1152 2 2 1 4 150 919 450
1153 2 2 1 4 646 705 645
1154 2 2 1 4 646 827 710
1155 2 2 1 4 857 880 859
1156 2 2 1 4 788 789 453
1157 2 2 1 4 904 917 446
1158 2 2 1 4 885 886 738
1159 2 2 1 4 744 760 754
1160 2 2 1 4 859 863 862
1161 2 2 1 4 141 842 464
1162 2 2 1 4 859 880 863
1163 2 2 1 4 903 904 446
1164 2 2 1 4 603 878 640
1165 2 2 1 4 908 917 904
1166 2 2 1 4 146 898 147
1167 2 2 1 4 703 765 764
1168 2 2 1 4 597 832 570
1169 2 2 1 4 594 598 597
1170 2 2 1 4 889 890 459
1171 2 2 1 4 880 1077 863
1172 2 2 1 4 827 829 828
1173 2 2 1 4 139 479 140
1174 2 2 1 4 724 840 660
1175 2 2 1 4 646 839 827
1176 2 2 1 4 476 844 203
1177 2 2 1 4 731 881 727
1178 2 2 1 4 684 885 668
1179 2 2 1 4 204 476 203
1180 2 2 1 4 651 878 714
1181 2 2 1 4 727 881 680
1182 2 2 1 4 138 837 139
1183 2 2 1 4 894 897 896
1184 2 2 1 4 695 836 693
1185 2 2 1 4 565 951 698
1186 2 2 1 4 464 887 142
1187 2 2 1 4 651 714 713
1188 2 2 1 4 694 695 693
1189 2 2 1 4 667 706 655
1190 2 2 1 4 890 893 892
1191 2 2 1 4 561 916 572
1192 2 2 1 4 141 464 142
1193 2 2 1 4 858 921 855
1194 2 2 1 4 450 900 151
1195 2 2 1 4 869 872 871
1196 2 2 1 4 640 878 651
1197 2 2 1 4 664 911 662
1198 2 2 1 4 809 974 806
1199 2 2 1 4 887 888 143
1200 2 2 1 4 825 826 824
1201 2 2 1 4 580 879 577
1202 2 2 1 4 603 938 878
1203 2 2 1 4 36 472 37
1204 2 2 1 4 759 824 696
1205 2 2 1 4 662 723 660
1206 2 2 1 4 667 738 706
1207 2 2 1 4 143 888 144
1208 2 2 1 4 657 959 703
1209 2 2 1 4 854 855 458
1210 2 2 1 4 893 894 892
1211 2 2 1 4 874 921 858
1212 2 2 1 4 540 922 549
1213 2 2 1 4 926 929 928
1214 2 2 1 4 154 902 446
1215 2 2 1 4 847 848 845
1216 2 2 1 4 669 693 633
1217 2 2 1 4 754 885 684
1218 2 2 1 4 547 899 544
1219 2 2 1 4 158 909 444
1220 2 2 1 4 730 731 727
1221 2 2 1 4 604 665 580
1222 2 2 1 4 140 842 141
1223 2 2 1 4 204 851 476
1224 2 2 1 4 714 746 713
1225 2 2 1 4 878 901 714
1226 2 2 1 4 144 459 145
1227 2 2 1 4 657 703 702
1228 2 2 1 4 719 911 664
1229 2 2 1 4 695 976 972
1230 2 2 1 4 459 891 145
1231 2 2 1 4 733 834 832
1232 2 2 1 4 202 458 201
1233 2 2 1 4 458 921 201
1234 2 2 1 4 671 719 664
1235 2 2 1 4 566 916 561
1236 2 2 1 4 572 899 547
1237 2 2 1 4 665 879 580
1238 2 2 1 4 195 915 443
1239 2 2 1 4 632 633 579
1240 2 2 1 4 455 918 148
1241 2 2 1 4 918 919 149
1242 2 2 1 4 659 660 631
1243 2 2 1 4 694 696 695
1244 2 2 1 4 159 835 160
1245 2 2 1 4 773 778 751
1246 2 2 1 4 669 694 693
1247 2 2 1 4 926 928 927
1248 2 2 1 4 743 744 684
1249 2 2 1 4 552 559 542
1250 2 2 1 4 152 900 466
1251 2 2 1 4 722 755 718
1252 2 2 1 4 203 844 202
1253 2 2 1 4 627 648 626
1254 2 2 1 4 149 919 150
1255 2 2 1 4 466 902 153
1256 2 2 1 4 147 455 148
1257 2 2 1 4 142 887 143
1258 2 2 1 4 150 450 151
1259 2 2 1 4 584 600 596
1260 2 2 1 4 199 449 198
1261 2 2 1 4 500 573 502
1262 2 2 1 4 600 645 601
1263 2 2 1 4 468 909 157
1264 2 2 1 4 587 916 566
1265 2 2 1 4 565 698 576
1266 2 2 1 4 730 732 731
1267 2 2 1 4 152 466 153
1268 2 2 1 4 544 922 540
1269 2 2 1 4 469 915 196
1270 2 2 1 4 857 859 858
1271 2 2 1 4 148 918 149
1272 2 2 1 4 693 852 633
1273 2 2 1 4 577 587 566
1274 2 2 1 4 197 469 196
1275 2 2 1 4 825 884 826
1276 2 2 1 4 154 446 155
1277 2 2 1 4 158 444 159
1278 2 2 1 4 156 468 157
1279 2 2 1 4 569 570 559
1280 2 2 1 4 561 572 547
1281 2 2 1 4 705 742 709
1282 2 2 1 4 713 939 652
1283 2 2 1 4 155 917 156
1284 2 2 1 4 661 669 633
1285 2 2 1 4 151 900 152
1286 2 2 1 4 894 896 895
1287 2 2 1 4 476 851 846
1288 2 2 1 4 759 825 824
1289 2 2 1 4 606 637 607
1290 2 2 1 4 862 865 864
1291 2 2 1 4 195 443 194
1292 2 2 1 4 890 892 891
1293 2 2 1 4 153 902 154
1294 2 2 1 4 157 909 158
1295 2 2 1 4 632 661 633
1296 2 2 1 4 830 988 765
1297 2 2 1 4 859 862 861
1298 2 2 1 4 470 926 925
1299 2 2 1 4 753 853 686
1300 2 2 1 4 446 917 155
1301 2 2 1 4 926 927 925
1302 2 2 1 4 791 992 789
1303 2 2 1 4 752 773 751
1304 2 2 1 4 899 922 544
1305 2 2 1 4 694 931 736
1306 2 2 1 4 196 915 195
1307 2 2 1 4 443 920 194
1308 2 2 1 4 683 684 668
1309 2 2 1 4 707 934 676
1310 2 2 1 4 656 667 655
1311 2 2 1 4 193 920 470
1312 2 2 1 4 865 867 866
1313 2 2 1 4 691 692 690
1314 2 2 1 4 717 753 686
1315 2 2 1 4 605 655 604
1316 2 2 1 4 669 931 694
1317 2 2 1 4 644 984 504
1318 2 2 1 4 581 604 580
1319 2 2 1 4 857 858 855
1320 2 2 1 4 750 751 749
1321 2 2 1 4 943 1098 850
1322 2 2 1 4 661 686 669
1323 2 2 1 4 736 759 696
1324 2 2 1 4 194 920 193
1325 2 2 1 4 906 908 904
1326 2 2 1 4 867 869 868
1327 2 2 1 4 836 852 693
1328 2 2 1 4 869 871 870
1329 2 2 1 4 733 832 597
1330 2 2 1 4 796 984 644
1331 2 2 1 4 193 470 192
1332 2 2 1 4 651 713 652
1333 2 2 1 4 642 689 688
1334 2 2 1 4 853 931 686
1335 2 2 1 4 913 914 678
1336 2 2 1 4 578 580 577
1337 2 2 1 4 618 625 617
1338 2 2 1 4 640 651 650
1339 2 2 1 4 659 662 660
1340 2 2 1 4 654 707 676
1341 2 2 1 4 752 774 773
1342 2 2 1 4 946 974 809
1343 2 2 1 4 652 939 654
1344 2 2 1 4 890 891 459
1345 2 2 1 4 750 752 751
1346 2 2 1 4 192 925 191
1347 2 2 1 4 540 549 536
1348 2 2 1 4 676 934 716
1349 2 2 1 4 694 736 696
1350 2 2 1 4 622 626 620
1351 2 2 1 4 552 569 559
1352 2 2 1 4 593 594 570
1353 2 2 1 4 661 717 686
1354 2 2 1 4 470 925 192
1355 2 2 1 4 894 895 892
1356 2 2 1 4 585 632 579
1357 2 2 1 4 744 761 760
1358 2 2 1 4 588 606 589
1359 2 2 1 4 748 749 721
1360 2 2 1 4 686 931 669
1361 2 2 1 4 716 747 721
1362 2 2 1 4 721 935 720
1363 2 2 1 4 191 447 190
1364 2 2 1 4 716 720 715
1365 2 2 1 4 749 935 721
1366 2 2 1 4 190 923 189
1367 2 2 1 4 600 601 596
1368 2 2 1 4 675 728 653
1369 2 2 1 4 748 750 749
1370 2 2 1 4 189 471 188
1371 2 2 1 4 729 730 727
1372 2 2 1 4 616 617 614
1373 2 2 1 4 188 932 187
1374 2 2 1 4 705 709 645
1375 2 2 1 4 855 921 458
1376 2 2 1 4 187 451 186
1377 2 2 1 4 567 577 566
1378 2 2 1 4 716 721 720
1379 2 2 1 4 923 924 471
1380 2 2 1 4 562 566 561
1381 2 2 1 4 726 727 680
1382 2 2 1 4 654 939 707
1383 2 2 1 4 548 561 547
1384 2 2 1 4 520 944 517
1385 2 2 1 4 716 934 747
1386 2 2 1 4 683 743 684
1387 2 2 1 4 530 534 526
1388 2 2 1 4 925 927 447
1389 2 2 1 4 865 866 864
1390 2 2 1 4 651 652 650
1391 2 2 1 4 184 456 183
1392 2 2 1 4 679 680 671
1393 2 2 1 4 191 925 447
1394 2 2 1 4 38 442 39
1395 2 2 1 4 747 748 721
1396 2 2 1 4 676 716 715
1397 2 2 1 4 571 579 563
1398 2 2 1 4 581 605 604
1399 2 2 1 4 656 668 667
1400 2 2 1 4 605 656 655
1401 2 2 1 4 676 715 675
1402 2 2 1 4 39 936 40
1403 2 2 1 4 578 581 580
1404 2 2 1 4 862 864 861
1405 2 2 1 4 859 861 858
1406 2 2 1 4 40 473 41
1407 2 2 1 4 573 574 502
1408 2 2 1 4 869 870 868
1409 2 2 1 4 867 868 866
1410 2 2 1 4 654 676 675
1411 2 2 1 4 41 937 42
1412 2 2 1 4 42 452 43
1413 2 2 1 4 980 1067 784
1414 2 2 1 4 648 912 722
1415 2 2 1 4 545 547 544
1416 2 2 1 4 654 675 653
1417 2 2 1 4 181 461 180
1418 2 2 1 4 627 912 648
1419 2 2 1 4 447 923 190
1420 2 2 1 4 670 671 664
1421 2 2 1 4 648 722 718
1422 2 2 1 4 189 923 471
1423 2 2 1 4 663 664 662
1424 2 2 1 4 652 654 653
1425 2 2 1 4 180 941 179
1426 2 2 1 4 471 932 188
1427 2 2 1 4 652 653 650
1428 2 2 1 4 187 932 451
1429 2 2 1 4 567 578 577
1430 2 2 1 4 729 737 730
1431 2 2 1 4 639 673 602
1432 2 2 1 4 179 474 178
1433 2 2 1 4 560 563 557
1434 2 2 1 4 632 933 661
1435 2 2 1 4 703 764 702
1436 2 2 1 4 626 957 620
1437 2 2 1 4 178 942 177
1438 2 2 1 4 661 933 717
1439 2 2 1 4 562 567 566
1440 2 2 1 4 640 650 649
1441 2 2 1 4 548 562 561
1442 2 2 1 4 177 477 176
1443 2 2 1 4 545 548 547
1444 2 2 1 4 490 492 491
1445 2 2 1 4 726 729 727
1446 2 2 1 4 645 938 601
1447 2 2 1 4 45 462 46
1448 2 2 1 4 584 596 595
1449 2 2 1 4 601 603 602
1450 2 2 1 4 558 565 564
1451 2 2 1 4 585 634 632
1452 2 2 1 4 601 938 603
1453 2 2 1 4 594 647 598
1454 2 2 1 4 603 640 639
1455 2 2 1 4 679 726 680
1456 2 2 1 4 554 599 556
1457 2 2 1 4 543 553 552
1458 2 2 1 4 569 593 570
1459 2 2 1 4 567 586 578
1460 2 2 1 4 522 528 520
1461 2 2 1 4 571 585 579
1462 2 2 1 4 442 936 39
1463 2 2 1 4 541 544 540
1464 2 2 1 4 543 552 542
1465 2 2 1 4 537 540 536
1466 2 2 1 4 581 624 605
1467 2 2 1 4 682 683 668
1468 2 2 1 4 40 936 473
1469 2 2 1 4 634 933 632
1470 2 2 1 4 640 649 639
1471 2 2 1 4 548 568 562
1472 2 2 1 4 176 947 175
1473 2 2 1 4 670 679 671
1474 2 2 1 4 473 937 41
1475 2 2 1 4 622 627 626
1476 2 2 1 4 656 682 668
1477 2 2 1 4 565 576 575
1478 2 2 1 4 603 639 602
1479 2 2 1 4 555 582 553
1480 2 2 1 4 601 602 596
1481 2 2 1 4 554 960 599
1482 2 2 1 4 42 937 452
1483 2 2 1 4 658 659 631
1484 2 2 1 4 576 584 583
1485 2 2 1 4 766 767 712
1486 2 2 1 4 533 536 532
1487 2 2 1 4 593 945 594
1488 2 2 1 4 528 944 520
1489 2 2 1 4 537 546 541
1490 2 2 1 4 46 943 47
1491 2 2 1 4 541 545 544
1492 2 2 1 4 663 670 664
1493 2 2 1 4 659 663 662
1494 2 2 1 4 625 913 678
1495 2 2 1 4 630 631 629
1496 2 2 1 4 861 874 858
1497 2 2 1 4 543 554 553
1498 2 2 1 4 679 756 726
1499 2 2 1 4 683 745 743
1500 2 2 1 4 175 482 174
1501 2 2 1 4 539 543 542
1502 2 2 1 4 583 635 575
1503 2 2 1 4 461 941 180
1504 2 2 1 4 506 644 504
1505 2 2 1 4 516 643 518
1506 2 2 1 4 512 672 510
1507 2 2 1 4 519 538 514
1508 2 2 1 4 808 812 810
1509 2 2 1 4 584 595 583
1510 2 2 1 4 560 571 563
1511 2 2 1 4 734 735 593
1512 2 2 1 4 537 541 540
1513 2 2 1 4 533 537 536
1514 2 2 1 4 539 542 538
1515 2 2 1 4 571 592 585
1516 2 2 1 4 709 938 645
1517 2 2 1 4 575 949 564
1518 2 2 1 4 831 967 612
1519 2 2 1 4 663 685 670
1520 2 2 1 4 565 575 564
1521 2 2 1 4 47 481 48
1522 2 2 1 4 179 941 474
1523 2 2 1 4 527 535 531
1524 2 2 1 4 569 734 593
1525 2 2 1 4 576 583 575
1526 2 2 1 4 531 532 530
1527 2 2 1 4 629 912 627
1528 2 2 1 4 616 618 617
1529 2 2 1 4 527 530 526
1530 2 2 1 4 556 557 555
1531 2 2 1 4 496 498 497
1532 2 2 1 4 558 560 557
1533 2 2 1 4 735 945 593
1534 2 2 1 4 558 564 560
1535 2 2 1 4 554 555 553
1536 2 2 1 4 628 629 627
1537 2 2 1 4 610 674 608
1538 2 2 1 4 556 558 557
1539 2 2 1 4 552 958 569
1540 2 2 1 4 474 942 178
1541 2 2 1 4 508 739 550
1542 2 2 1 4 594 945 647
1543 2 2 1 4 605 948 656
1544 2 2 1 4 554 556 555
1545 2 2 1 4 525 526 524
1546 2 2 1 4 531 533 532
1547 2 2 1 4 177 942 477
1548 2 2 1 4 513 515 514
1549 2 2 1 4 521 529 523
1550 2 2 1 4 511 513 512
1551 2 2 1 4 982 986 623
1552 2 2 1 4 582 958 553
1553 2 2 1 4 515 519 514
1554 2 2 1 4 630 658 631
1555 2 2 1 4 553 958 552
1556 2 2 1 4 527 531 530
1557 2 2 1 4 624 948 605
1558 2 2 1 4 525 527 526
1559 2 2 1 4 519 699 539
1560 2 2 1 4 848 971 856
1561 2 2 1 4 519 539 538
1562 2 2 1 4 569 958 734
1563 2 2 1 4 513 514 512
1564 2 2 1 4 656 948 682
1565 2 2 1 4 985 999 528
1566 2 2 1 4 494 496 495
1567 2 2 1 4 562 950 567
1568 2 2 1 4 599 951 556
1569 2 2 1 4 689 691 690
1570 2 2 1 4 628 666 630
1571 2 2 1 4 563 953 557
1572 2 2 1 4 567 950 586
1573 2 2 1 4 477 947 176
1574 2 2 1 4 505 507 506
1575 2 2 1 4 635 949 575
1576 2 2 1 4 558 951 565
1577 2 2 1 4 568 950 562
1578 2 2 1 4 790 792 791
1579 2 2 1 4 628 630 629
1580 2 2 1 4 511 952 513
1581 2 2 1 4 84 445 85
1582 2 2 1 4 513 516 515
1583 2 2 1 4 805 806 637
1584 2 2 1 4 523 524 522
1585 2 2 1 4 462 943 46
1586 2 2 1 4 611 623 613
1587 2 2 1 4 498 500 499
1588 2 2 1 4 586 966 578
1589 2 2 1 4 618 957 625
1590 2 2 1 4 523 525 524
1591 2 2 1 4 498 499 497
1592 2 2 1 4 511 512 510
1593 2 2 1 4 622 628 627
1594 2 2 1 4 581 966 624
1595 2 2 1 4 508 940 739
1596 2 2 1 4 521 522 520
1597 2 2 1 4 555 953 582
1598 2 2 1 4 490 491 489
1599 2 2 1 4 556 951 558
1600 2 2 1 4 175 947 482
1601 2 2 1 4 557 953 555
1602 2 2 1 4 657 702 701
1603 2 2 1 4 496 497 495
1604 2 2 1 4 611 946 623
1605 2 2 1 4 512 954 672
1606 2 2 1 4 588 589 574
1607 2 2 1 4 521 523 522
1608 2 2 1 4 583 956 635
1609 2 2 1 4 811 1113 787
1610 2 2 1 4 578 966 581
1611 2 2 1 4 505 508 507
1612 2 2 1 4 595 956 583
1613 2 2 1 4 642 970 689
1614 2 2 1 4 506 704 644
1615 2 2 1 4 503 940 505
1616 2 2 1 4 560 955 571
1617 2 2 1 4 949 955 564
1618 2 2 1 4 564 955 560
1619 2 2 1 4 619 657 621
1620 2 2 1 4 571 955 592
1621 2 2 1 4 516 952 643
1622 2 2 1 4 47 943 481
1623 2 2 1 4 538 954 514
1624 2 2 1 4 500 501 499
1625 2 2 1 4 658 1074 906
1626 2 2 1 4 625 957 913
1627 2 2 1 4 543 960 554
1628 2 2 1 4 621 622 620
1629 2 2 1 4 539 960 543
1630 2 2 1 4 509 510 507
1631 2 2 1 4 516 517 515
1632 2 2 1 4 518 520 517
1633 2 2 1 4 692 766 712
1634 2 2 1 4 505 506 504
1635 2 2 1 4 518 521 520
1636 2 2 1 4 514 954 512
1637 2 2 1 4 944 962 517
1638 2 2 1 4 619 620 618
1639 2 2 1 4 739 740 550
1640 2 2 1 4 500 502 501
1641 2 2 1 4 610 967 674
1642 2 2 1 4 620 957 618
1643 2 2 1 4 509 511 510
1644 2 2 1 4 643 963 518
1645 2 2 1 4 516 518 517
1646 2 2 1 4 502 503 501
1647 2 2 1 4 700 763 762
1648 2 2 1 4 492 494 493
1649 2 2 1 4 503 505 504
1650 2 2 1 4 616 619 618
1651 2 2 1 4 657 701 621
1652 2 2 1 4 503 504 501
1653 2 2 1 4 942 1097 477
1654 2 2 1 4 678 1011 677
1655 2 2 1 4 647 970 598
1656 2 2 1 4 699 960 539
1657 2 2 1 4 598 970 642
1658 2 2 1 4 521 963 529
1659 2 2 1 4 740 741 550
1660 2 2 1 4 782 783 780
1661 2 2 1 4 508 509 507
1662 2 2 1 4 621 969 622
1663 2 2 1 4 702 758 701
1664 2 2 1 4 700 762 691
1665 2 2 1 4 515 962 519
1666 2 2 1 4 615 616 614
1667 2 2 1 4 513 952 516
1668 2 2 1 4 836 972 582
1669 2 2 1 4 619 621 620
1670 2 2 1 4 689 970 700
1671 2 2 1 4 519 962 699
1672 2 2 1 4 609 946 611
1673 2 2 1 4 508 550 509
1674 2 2 1 4 574 961 502
1675 2 2 1 4 517 962 515
1676 2 2 1 4 672 965 510
1677 2 2 1 4 505 940 508
1678 2 2 1 4 615 959 616
1679 2 2 1 4 849 971 848
1680 2 2 1 4 628 969 666
1681 2 2 1 4 701 969 621
1682 2 2 1 4 613 614 612
1683 2 2 1 4 599 975 829
1684 2 2 1 4 494 495 493
1685 2 2 1 4 637 974 607
1686 2 2 1 4 807 808 806
1687 2 2 1 4 622 969 628
1688 2 2 1 4 518 963 521
1689 2 2 1 4 511 968 952
1690 2 2 1 4 689 700 691
1691 2 2 1 4 507 965 506
1692 2 2 1 4 619 959 657
1693 2 2 1 4 606 607 589
1694 2 2 1 4 509 968 511
1695 2 2 1 4 497 551 495
1696 2 2 1 4 613 615 614
1697 2 2 1 4 616 959 619
1698 2 2 1 4 611 612 610
1699 2 2 1 4 609 974 946
1700 2 2 1 4 1030 1031 529
1701 2 2 1 4 612 967 610
1702 2 2 1 4 914 973 678
1703 2 2 1 4 502 961 503
1704 2 2 1 4 611 613 612
1705 2 2 1 4 492 493 491
1706 2 2 1 4 503 961 940
1707 2 2 1 4 510 965 507
1708 2 2 1 4 609 610 608
1709 2 2 1 4 766 802 767
1710 2 2 1 4 506 965 704
1711 2 2 1 4 609 611 610
1712 2 2 1 4 705 985 742
1713 2 2 1 4 615 979 830
1714 2 2 1 4 946 982 623
1715 2 2 1 4 550 968 509
1716 2 2 1 4 784 785 783
1717 2 2 1 4 741 968 550
1718 2 2 1 4 958 972 734
1719 2 2 1 4 582 972 958
1720 2 2 1 4 607 609 608
1721 2 2 1 4 815 816 814
1722 2 2 1 4 674 977 608
1723 2 2 1 4 812 813 810
1724 2 2 1 4 823 997 822
1725 2 2 1 4 607 608 589
1726 2 2 1 4 3 453 22
1727 2 2 1 4 704 981 821
1728 2 2 1 4 960 975 599
1729 2 2 1 4 734 976 735
1730 2 2 1 4 972 976 734
1731 2 2 1 4 479 993 842
1732 2 2 1 4 906 995 908
1733 2 2 1 4 623 979 613
1734 2 2 1 4 699 975 960
1735 2 2 1 4 989 993 838
1736 2 2 1 4 761 993 989
1737 2 2 1 4 493 591 491
1738 2 2 1 4 701 978 969
1739 2 2 1 4 969 978 666
1740 2 2 1 4 813 815 814
1741 2 2 1 4 613 979 615
1742 2 2 1 4 706 991 655
1743 2 2 1 4 808 809 806
1744 2 2 1 4 574 977 961
1745 2 2 1 4 489 770 487
1746 2 2 1 4 604 991 665
1747 2 2 1 4 589 977 574
1748 2 2 1 4 623 986 979
1749 2 2 1 4 24 463 25
1750 2 2 1 4 758 978 701
1751 2 2 1 4 813 814 810
1752 2 2 1 4 808 810 809
1753 2 2 1 4 711 1004 823
1754 2 2 1 4 9 460 82
1755 2 2 1 4 729 1101 737
1756 2 2 1 4 607 974 609
1757 2 2 1 4 901 994 714
1758 2 2 1 4 782 784 783
1759 2 2 1 4 814 986 982
1760 2 2 1 4 986 988 979
1761 2 2 1 4 475 797 781
1762 2 2 1 4 504 984 501
1763 2 2 1 4 608 977 589
1764 2 2 1 4 821 981 733
1765 2 2 1 4 699 983 975
1766 2 2 1 4 828 999 710
1767 2 2 1 4 772 1004 712
1768 2 2 1 4 733 981 834
1769 2 2 1 4 677 1007 831
1770 2 2 1 4 4 483 26
1771 2 2 1 4 781 782 780
1772 2 2 1 4 873 1025 871
1773 2 2 1 4 546 1045 1036
1774 2 2 1 4 1015 1029 643
1775 2 2 1 4 501 984 499
1776 2 2 1 4 710 985 705
1777 2 2 1 4 475 781 780
1778 2 2 1 4 781 787 782
1779 2 2 1 4 522 998 528
1780 2 2 1 4 809 982 946
1781 2 2 1 4 862 1003 865
1782 2 2 1 4 944 983 962
1783 2 2 1 4 1023 1024 750
1784 2 2 1 4 983 999 828
1785 2 2 1 4 962 983 699
1786 2 2 1 4 181 1002 461
1787 2 2 1 4 940 990 739
1788 2 2 1 4 871 1025 870
1789 2 2 1 4 636 1046 803
1790 2 2 1 4 443 1025 920
1791 2 2 1 4 782 980 784
1792 2 2 1 4 985 998 742
1793 2 2 1 4 814 982 810
1794 2 2 1 4 587 1024 1023
1795 2 2 1 4 990 1000 739
1796 2 2 1 4 787 980 782
1797 2 2 1 4 535 1035 1034
1798 2 2 1 4 942 1073 760
1799 2 2 1 4 850 987 849
1800 2 2 1 4 497 996 551
1801 2 2 1 4 534 1005 526
1802 2 2 1 4 802 1044 767
1803 2 2 1 4 22 992 23
1804 2 2 1 4 810 982 809
1805 2 2 1 4 674 990 977
1806 2 2 1 4 977 990 961
1807 2 2 1 4 27 478 28
1808 2 2 1 4 926 1009 929
1809 2 2 1 4 551 1001 495
1810 2 2 1 4 816 986 814
1811 2 2 1 4 944 999 983
1812 2 2 1 4 655 991 604
1813 2 2 1 4 528 998 985
1814 2 2 1 4 822 997 708
1815 2 2 1 4 908 995 910
1816 2 2 1 4 1047 1048 883
1817 2 2 1 4 534 1006 1005
1818 2 2 1 4 920 1009 470
1819 2 2 1 4 453 992 22
1820 2 2 1 4 961 990 940
1821 2 2 1 4 838 993 479
1822 2 2 1 4 984 996 499
1823 2 2 1 4 709 1006 901
1824 2 2 1 4 789 992 453
1825 2 2 1 4 674 1000 990
1826 2 2 1 4 493 1001 591
1827 2 2 1 4 998 1005 742
1828 2 2 1 4 1039 1116 1065
1829 2 2 1 4 530 1012 534
1830 2 2 1 4 1014 1016 939
1831 2 2 1 4 816 988 986
1832 2 2 1 4 714 994 746
1833 2 2 1 4 791 1008 992
1834 2 2 1 4 549 1013 536
1835 2 2 1 4 455 1026 918
1836 2 2 1 4 792 1090 798
1837 2 2 1 4 499 996 497
1838 2 2 1 4 979 988 830
1839 2 2 1 4 937 1068 452
1840 2 2 1 4 739 1000 740
1841 2 2 1 4 713 1014 939
1842 2 2 1 4 1041 1042 757
1843 2 2 1 4 445 1060 797
1844 2 2 1 4 775 1085 456
1845 2 2 1 4 796 996 984
1846 2 2 1 4 524 998 522
1847 2 2 1 4 786 1046 790
1848 2 2 1 4 677 1011 1007
1849 2 2 1 4 896 1026 895
1850 2 2 1 4 771 1099 478
1851 2 2 1 4 1012 1013 746
1852 2 2 1 4 528 999 944
1853 2 2 1 4 137 1027 484
1854 2 2 1 4 460 1052 812
1855 2 2 1 4 549 1014 1013
1856 2 2 1 4 1032 1033 755
1857 2 2 1 4 769 1043 884
1858 2 2 1 4 182 1002 181
1859 2 2 1 4 495 1001 493
1860 2 2 1 4 884 1043 826
1861 2 2 1 4 764 1021 702
1862 2 2 1 4 591 1010 491
1863 2 2 1 4 952 1015 643
1864 2 2 1 4 967 1000 674
1865 2 2 1 4 48 1028 49
1866 2 2 1 4 939 1016 707
1867 2 2 1 4 863 1003 862
1868 2 2 1 4 1016 1017 707
1869 2 2 1 4 489 1010 770
1870 2 2 1 4 24 1008 463
1871 2 2 1 4 524 1005 998
1872 2 2 1 4 33 1044 802
1873 2 2 1 4 707 1017 934
1874 2 2 1 4 1017 1019 934
1875 2 2 1 4 712 1004 711
1876 2 2 1 4 718 1031 725
1877 2 2 1 4 534 1012 994
1878 2 2 1 4 973 1015 741
1879 2 2 1 4 934 1019 747
1880 2 2 1 4 741 1015 968
1881 2 2 1 4 1019 1020 747
1882 2 2 1 4 445 1072 876
1883 2 2 1 4 1020 1023 748
1884 2 2 1 4 870 1025 443
1885 2 2 1 4 747 1020 748
1886 2 2 1 4 937 1078 1068
1887 2 2 1 4 973 1029 1015
1888 2 2 1 4 992 1008 23
1889 2 2 1 4 1000 1007 740
1890 2 2 1 4 817 1040 818
1891 2 2 1 4 526 1005 524
1892 2 2 1 4 724 1034 841
1893 2 2 1 4 748 1023 750
1894 2 2 1 4 768 1103 442
1895 2 2 1 4 23 1008 24
1896 2 2 1 4 1005 1006 742
1897 2 2 1 4 879 1024 587
1898 2 2 1 4 994 1012 746
1899 2 2 1 4 763 1038 769
1900 2 2 1 4 742 1006 709
1901 2 2 1 4 525 1032 527
1902 2 2 1 4 887 1066 745
1903 2 2 1 4 1039 1079 815
1904 2 2 1 4 719 1036 911
1905 2 2 1 4 665 1022 879
1906 2 2 1 4 1022 1024 879
1907 2 2 1 4 470 1009 926
1908 2 2 1 4 831 1007 967
1909 2 2 1 4 967 1007 1000
1910 2 2 1 4 529 1033 523
1911 2 2 1 4 491 1010 489
1912 2 2 1 4 32 1044 33
1913 2 2 1 4 722 1035 755
1914 2 2 1 4 136 1027 137
1915 2 2 1 4 924 1075 715
1916 2 2 1 4 740 1011 741
1917 2 2 1 4 533 1041 537
1918 2 2 1 4 595 1106 872
1919 2 2 1 4 880 1093 592
1920 2 2 1 4 532 1012 530
1921 2 2 1 4 535 1042 531
1922 2 2 1 4 700 1038 763
1923 2 2 1 4 732 1082 896
1924 2 2 1 4 532 1013 1012
1925 2 2 1 4 647 1038 970
1926 2 2 1 4 549 1016 1014
1927 2 2 1 4 25 1054 4
1928 2 2 1 4 792 1059 791
1929 2 2 1 4 536 1013 532
1930 2 2 1 4 545 1047 548
1931 2 2 1 4 778 1049 751
1932 2 2 1 4 746 1014 713
1933 2 2 1 4 889 1051 890
1934 2 2 1 4 749 1049 935
1935 2 2 1 4 546 1048 541
1936 2 2 1 4 1007 1011 740
1937 2 2 1 4 45 1050 462
1938 2 2 1 4 812 1069 460
1939 2 2 1 4 968 1015 952
1940 2 2 1 4 590 1067 820
1941 2 2 1 4 922 1016 549
1942 2 2 1 4 1013 1014 746
1943 2 2 1 4 922 1017 1016
1944 2 2 1 4 768 1109 472
1945 2 2 1 4 765 1040 764
1946 2 2 1 4 899 1019 1017
1947 2 2 1 4 473 1078 937
1948 2 2 1 4 895 1026 455
1949 2 2 1 4 899 1017 922
1950 2 2 1 4 945 1043 647
1951 2 2 1 4 572 1019 899
1952 2 2 1 4 933 1092 987
1953 2 2 1 4 726 1057 729
1954 2 2 1 4 767 1018 772
1955 2 2 1 4 679 1058 756
1956 2 2 1 4 572 1020 1019
1957 2 2 1 4 916 1020 572
1958 2 2 1 4 685 1058 670
1959 2 2 1 4 916 1023 1020
1960 2 2 1 4 587 1023 916
1961 2 2 1 4 752 1022 774
1962 2 2 1 4 750 1024 752
1963 2 2 1 4 752 1024 1022
1964 2 2 1 4 643 1029 963
1965 2 2 1 4 702 1021 758
1966 2 2 1 4 173 1027 172
1967 2 2 1 4 909 1061 444
1968 2 2 1 4 4 1054 483
1969 2 2 1 4 745 1100 889
1970 2 2 1 4 723 1045 757
1971 2 2 1 4 481 1028 48
1972 2 2 1 4 853 1063 452
1973 2 2 1 4 865 1080 867
1974 2 2 1 4 483 1054 801
1975 2 2 1 4 452 1063 43
1976 2 2 1 4 877 1072 83
1977 2 2 1 4 778 1083 185
1978 2 2 1 4 963 1030 529
1979 2 2 1 4 473 1091 1078
1980 2 2 1 4 1027 1094 484
1981 2 2 1 4 914 1029 973
1982 2 2 1 4 485 1099 771
1983 2 2 1 4 877 1069 807
1984 2 2 1 4 658 1064 659
1985 2 2 1 4 941 1086 886
1986 2 2 1 4 663 1064 685
1987 2 2 1 4 843 1066 464
1988 2 2 1 4 1029 1030 963
1989 2 2 1 4 452 1068 853
1990 2 2 1 4 853 1068 931
1991 2 2 1 4 754 1073 886
1992 2 2 1 4 808 1069 812
1993 2 2 1 4 846 1070 847
1994 2 2 1 4 882 1053 883
1995 2 2 1 4 725 1030 914
1996 2 2 1 4 185 1105 778
1997 2 2 1 4 755 1031 718
1998 2 2 1 4 924 1071 471
1999 2 2 1 4 914 1030 1029
2000 2 2 1 4 6 1095 205
2001 2 2 1 4 717 1037 753
2002 2 2 1 4 781 1060 787
2003 2 2 1 4 442 1103 1102
2004 2 2 1 4 49 1095 6
2005 2 2 1 4 761 1114 843
2006 2 2 1 4 83 1072 84
2007 2 2 1 4 804 1113 811
2008 2 2 1 4 1031 1033 529
2009 2 2 1 4 523 1033 525
2010 2 2 1 4 745 1066 743
2011 2 2 1 4 872 1087 595
2012 2 2 1 4 165 1052 9
2013 2 2 1 4 527 1032 535
2014 2 2 1 4 83 1111 877
2015 2 2 1 4 894 1084 897
2016 2 2 1 4 867 1087 869
2017 2 2 1 4 172 1027 136
2018 2 2 1 4 185 1083 184
2019 2 2 1 4 757 1034 724
2020 2 2 1 4 456 1085 183
2021 2 2 1 4 841 1035 722
2022 2 2 1 4 837 1112 838
2023 2 2 1 4 936 1091 473
2024 2 2 1 4 755 1035 1032
2025 2 2 1 4 949 1077 955
2026 2 2 1 4 728 1089 653
2027 2 2 1 4 650 1089 649
2028 2 2 1 4 883 1036 719
2029 2 2 1 4 454 1039 15
2030 2 2 1 4 585 1093 634
2031 2 2 1 4 472 1109 37
2032 2 2 1 4 467 1040 817
2033 2 2 1 4 1034 1042 535
2034 2 2 1 4 482 1094 174
2035 2 2 1 4 744 1114 761
2036 2 2 1 4 186 1105 185
2037 2 2 1 4 683 1100 745
2038 2 2 1 4 38 1109 442
2039 2 2 1 4 673 1106 602
2040 2 2 1 4 911 1045 723
2041 2 2 1 4 596 1106 595
2042 2 2 1 4 860 1093 880
2043 2 2 1 4 15 1039 163
2044 2 2 1 4 826 1043 945
2045 2 2 1 4 82 1111 83
2046 2 2 1 4 881 1053 882
2047 2 2 1 4 1036 1048 546
2048 2 2 1 4 457 1044 32
2049 2 2 1 4 970 1038 700
2050 2 2 1 4 936 1102 1091
2051 2 2 1 4 731 1055 881
2052 2 2 1 4 732 1056 731
2053 2 2 1 4 586 1076 966
2054 2 2 1 4 987 1092 849
2055 2 2 1 4 987 1037 717
2056 2 2 1 4 966 1076 897
2057 2 2 1 4 881 1055 1053
2058 2 2 1 4 537 1041 546
2059 2 2 1 4 531 1042 533
2060 2 2 1 4 850 1098 987
2061 2 2 1 4 731 1056 1055
2062 2 2 1 4 785 1046 786
2063 2 2 1 4 182 1085 1002
2064 2 2 1 4 480 1052 165
2065 2 2 1 4 1058 1088 756
2066 2 2 1 4 548 1047 568
2067 2 2 1 4 541 1048 545
2068 2 2 1 4 1040 1107 764
2069 2 2 1 4 900 1088 466
2070 2 2 1 4 442 1102 936
2071 2 2 1 4 751 1049 749
2072 2 2 1 4 44 1050 45
2073 2 2 1 4 757 1045 1041
2074 2 2 1 4 478 1096 771
2075 2 2 1 4 890 1051 893
2076 2 2 1 4 730 1082 732
2077 2 2 1 4 466 1088 907
2078 2 2 1 4 1053 1055 568
2079 2 2 1 4 9 1052 460
2080 2 2 1 4 568 1055 950
2081 2 2 1 4 630 1074 658
2082 2 2 1 4 929 1081 649
2083 2 2 1 4 477 1097 989
2084 2 2 1 4 649 1081 639
2085 2 2 1 4 1055 1056 950
2086 2 2 1 4 950 1056 586
2087 2 2 1 4 463 1054 25
2088 2 2 1 4 756 1057 726
2089 2 2 1 4 755 1033 1031
2090 2 2 1 4 670 1058 679
2091 2 2 1 4 474 1073 942
2092 2 2 1 4 886 1086 738
2093 2 2 1 4 790 1090 792
2094 2 2 1 4 44 1063 1050
2095 2 2 1 4 1046 1090 790
2096 2 2 1 4 883 1053 1047
2097 2 2 1 4 1032 1035 535
2098 2 2 1 4 987 1098 1037
2099 2 2 1 4 454 1079 1039
2100 2 2 1 4 787 1113 980
2101 2 2 1 4 595 1087 956
2102 2 2 1 4 728 1075 930
2103 2 2 1 4 757 1042 1034
2104 2 2 1 4 675 1075 728
2105 2 2 1 4 482 1112 1094
2106 2 2 1 4 1008 1059 463
2107 2 2 1 4 980 1113 638
2108 2 2 1 4 910 1061 909
2109 2 2 1 4 738 1062 706
2110 2 2 1 4 797 1060 781
2111 2 2 1 4 883 1048 1036
2112 2 2 1 4 43 1063 44
2113 2 2 1 4 715 1075 675
2114 2 2 1 4 467 1107 1040
2115 2 2 1 4 1062 1086 461
2116 2 2 1 4 816 1079 818
2117 2 2 1 4 164 1065 480
2118 2 2 1 4 659 1064 663
2119 2 2 1 4 28 1099 5
2120 2 2 1 4 1041 1045 546
2121 2 2 1 4 478 1108 1096
2122 2 2 1 4 791 1059 1008
2123 2 2 1 4 666 1074 630
2124 2 2 1 4 801 1096 483
2125 2 2 1 4 820 1067 819
2126 2 2 1 4 163 1065 164
2127 2 2 1 4 464 1066 887
2128 2 2 1 4 873 1081 929
2129 2 2 1 4 876 1072 877
2130 2 2 1 4 761 1097 760
2131 2 2 1 4 931 1068 736
2132 2 2 1 4 777 1115 1062
2133 2 2 1 4 5 1099 485
2134 2 2 1 4 1062 1115 706
2135 2 2 1 4 456 1083 773
2136 2 2 1 4 673 1081 873
2137 2 2 1 4 807 1069 808
2138 2 2 1 4 1102 1103 884
2139 2 2 1 4 995 1074 666
2140 2 2 1 4 478 1099 28
2141 2 2 1 4 907 1088 1058
2142 2 2 1 4 847 1070 850
2143 2 2 1 4 1047 1053 568
2144 2 2 1 4 639 1081 673
2145 2 2 1 4 877 1111 1069
2146 2 2 1 4 173 1094 1027
2147 2 2 1 4 843 1114 1066
2148 2 2 1 4 989 1097 761
2149 2 2 1 4 471 1071 932
2150 2 2 1 4 906 1074 995
2151 2 2 1 4 1068 1078 736
2152 2 2 1 4 737 1082 730
2153 2 2 1 4 760 1073 754
2154 2 2 1 4 769 1103 768
2155 2 2 1 4 84 1072 445
2156 2 2 1 4 590 1104 1067
2157 2 2 1 4 930 1075 924
2158 2 2 1 4 956 1080 635
2159 2 2 1 4 462 1098 943
2160 2 2 1 4 634 1092 933
2161 2 2 1 4 736 1078 759
2162 2 2 1 4 773 1083 778
2163 2 2 1 4 955 1077 592
2164 2 2 1 4 971 1092 634
2165 2 2 1 4 818 1079 454
2166 2 2 1 4 778 1105 1049
2167 2 2 1 4 884 1103 769
2168 2 2 1 4 1003 1080 865
2169 2 2 1 4 896 1082 1026
2170 2 2 1 4 1096 1108 483
2171 2 2 1 4 889 1100 1051
2172 2 2 1 4 815 1079 816
2173 2 2 1 4 798 1090 636
2174 2 2 1 4 184 1083 456
2175 2 2 1 4 1078 1091 759
2176 2 2 1 4 893 1084 894
2177 2 2 1 4 183 1085 182
2178 2 2 1 4 869 1087 872
2179 2 2 1 4 480 1116 813
2180 2 2 1 4 461 1086 941
2181 2 2 1 4 635 1080 1003
2182 2 2 1 4 919 1101 450
2183 2 2 1 4 764 1107 1021
2184 2 2 1 4 653 1089 650
2185 2 2 1 4 1028 1095 49
2186 2 2 1 4 759 1091 825
2187 2 2 1 4 776 1115 777
2188 2 2 1 4 205 1095 851
2189 2 2 1 4 592 1093 585
2190 2 2 1 4 174 1094 173
2191 2 2 1 4 849 1092 971
2192 2 2 1 4 801 1110 799
2193 2 2 1 4 1039 1065 163
2194 2 2 1 4 1091 1102 825
2195 2 2 1 4 1026 1082 737
2196 2 2 1 4 1057 1101 729
2197 2 2 1 4 636 1090 1046
2198 2 2 1 4 682 1100 683
2199 2 2 1 4 825 1102 884
2200 2 2 1 4 732 1076 1056
2201 2 2 1 4 991 1115 776
2202 2 2 1 4 451 1105 186
2203 2 2 1 4 638 1113 804
2204 2 2 1 4 835 1107 467
2205 2 2 1 4 602 1106 596
2206 2 2 1 4 484 1112 837
2207 2 2 1 4 37 1109 38
2208 2 2 1 4 784 1104 785
2209 2 2 1 4 26 1108 27
2210 2 2 1 4 706 1115 991
2211 2 2 1 4 743 1114 744
2212 2 2 1 4 813 1116 815
2213 2 2 1 4 483 1108 26
2214 2 2 1 4 460 1111 82
2215 2 2 1 4 1021 1107 835
2216 2 2 1 4 27 1108 478
2217 2 2 1 4 851 1095 1028
2218 2 2 1 4 1056 1076 586
2219 2 2 1 4 738 1086 1062
2220 2 2 1 4 1049 1105 451
2221 2 2 1 4 1054 1110 801
2222 2 2 1 4 1094 1112 484
2223 2 2 1 4 1051 1100 682
2224 2 2 1 4 1059 1110 463
2225 2 2 1 4 463 1110 1054
2226 2 2 1 4 799 1110 1059
2227 2 2 1 4 1037 1098 462
2228 2 2 1 4 450 1101 1057
2229 2 2 1 4 1066 1114 743
2230 2 2 1 4 1069 1111 460
2231 2 2 1 4 1067 1104 784
2232 2 2 1 4 1065 1116 480
$EndElements
